path,dir,va,declsize,filesize,sha256,mz,pe,allzero,nonzero,entropy,head16,insns,cov,invalid
../../../dumps\accountpass\SUPERVIVE-Win64-Shipping.exec_0x1A207CF0000_2B000.bin,accountpass,0x1a207cf0000,0x2b000,176128,f99926ef91e8168d8bab3386f59a2a1de085ad6f2a6e3c2930746768bdad93dc,1,1,0,110719,6.2184,4d5a90000300000004000000ffff0000,6,12,4084
../../../dumps\accountpass\SUPERVIVE-Win64-Shipping.exec_0x1A207D20000_1000.bin,accountpass,0x1a207d20000,0x1000,4096,04c913e5787fd23480a702e3f253cc703b58ced11e9e44ff867d918d4974bd02,0,0,0,68,0.1955,48b90080d107a201000048ba86010000,2012,4096,0
../../../dumps\accountpass\SUPERVIVE-Win64-Shipping.exec_0x1A2318F0000_1000.bin,accountpass,0x1a2318f0000,0x1000,4096,a93333cc5841fa521a358350665468ec7b692dd532f377c2d7a87952b8050702,0,0,0,107,0.2872,4883ec4848894c242048895424284c89,2013,4095,1
../../../dumps\accountpass\SUPERVIVE-Win64-Shipping.exec_0x1A2C24F0000_10000.bin,accountpass,0x1a2c24f0000,0x10000,65536,cbeff2e17db5cff6fc9fdc3b51d09f01f84196ac34b9e8630fb49dc48110eecf,0,0,0,28560,3.7547,947b26f6557e00003600000000000000,972,4096,0
../../../dumps\accountpass\SUPERVIVE-Win64-Shipping.exec_0x1A2C5700000_10000.bin,accountpass,0x1a2c5700000,0x10000,65536,2a33684cd40c5196212b825b0a6a32dae4bbf9c317442029afe738688d0666f3,0,0,0,22809,3.1618,00000000000000000000000000000000,2048,4096,0
../../../dumps\accountpass\SUPERVIVE-Win64-Shipping.exec_0x1A2E1750000_1000.bin,accountpass,0x1a2e1750000,0x1000,4096,61ccba299f27e54a51c7f0175d5d2ef109c01afea752ce9a85703011a3a2c501,0,0,0,68,0.1941,48b900109de1a201000048bab9010000,2012,4096,0
../../../dumps\accountpass\SUPERVIVE-Win64-Shipping.exec_0x1A2E1900000_D4000.bin,accountpass,0x1a2e1900000,0xd4000,868352,1a0637ecb58f30906ad5c09970c8b2988517ae2c481fe9aac79bb8e2e8610ff2,1,1,0,208140,6.2412,4d5a90000300000004000000ffff0000,6,12,4084
../../../dumps\accountpass\SUPERVIVE-Win64-Shipping.exec_0x1A376220000_1000.bin,accountpass,0x1a376220000,0x1000,4096,9cd0eb393c67fdc54f96f066a81bfc53ac2480a7dafbdf341e972155fa7d11ab,0,0,0,68,0.1947,48b900b02876a301000048ba91010000,2012,4096,0
../../../dumps\accountpass\SUPERVIVE-Win64-Shipping.exec_0x1A376260000_2E000.bin,accountpass,0x1a376260000,0x2e000,188416,9cd289422a484a66fca4a91a93202a684bfd6e85d96fe016ef44863d91086073,1,1,0,122254,6.2140,4d5a90000300000004000000ffff0000,6,12,4084
../../../dumps\accountpass\SUPERVIVE-Win64-Shipping.exec_0x1A38BDF0000_1000.bin,accountpass,0x1a38bdf0000,0x1000,4096,8d880258eb5fd456c839ad8d15245c96bb290ee226d065357ea70ce5b76ae5fa,0,0,0,68,0.1944,48b900805791a301000048baba010000,2012,4096,0
../../../dumps\accountpass\SUPERVIVE-Win64-Shipping.exec_0x1A3914F0000_8B000.bin,accountpass,0x1a3914f0000,0x8b000,569344,3886985237a144b6da1cc08db1e0152e0c75fda8f844c6fcd98e9d37c44adeee,1,1,0,151232,6.1057,4d5a90000300000004000000ffff0000,6,12,4084
../../../dumps\accountpass\SUPERVIVE-Win64-Shipping.exec_0x1A3D08B0000_26000.bin,accountpass,0x1a3d08b0000,0x26000,155648,70ab9b52ddcde5e6e62c10cf72166f53ad2574fa5f383029979ec9e40ca32a02,1,1,0,105662,6.2553,4d5a90000300000004000000ffff0000,6,12,4084
../../../dumps\accountpass\SUPERVIVE-Win64-Shipping.exec_0x1A3D0AA0000_1000.bin,accountpass,0x1a3d0aa0000,0x1000,4096,fb0aec10e6c13c1dce9b9ea0642da8c3bd134c4cd4d6a5c9e3680a24edbeef0d,0,0,0,68,0.1942,48b900308dd0a301000048ba81010000,2012,4096,0
../../../dumps\accountpass\SUPERVIVE-Win64-Shipping.exec_0x7FF6AEFD0000_1000.bin,accountpass,0x7ff6aefd0000,0x1000,4096,27c2def6753d76eb83c251c275e37c3fcd8bd5e9229e24b13fdad5d96934992a,0,0,0,47,0.1459,48895c2408e99b543701000000000000,2037,4096,0
../../../dumps\accountpass\SUPERVIVE-Win64-Shipping.exec_0x7FF6AEFE0000_1000.bin,accountpass,0x7ff6aefe0000,0x1000,4096,233ab0317a9884f92f2d3e7e04e9dee2a5ed7bae5918b8f8fad322904e17dc56,0,0,0,47,0.1459,48895c2408e99b543601000000000000,2037,4096,0
../../../dumps\accountpass\SUPERVIVE-Win64-Shipping.exec_0x7FF6AEFF0000_1000.bin,accountpass,0x7ff6aeff0000,0x1000,4096,57627d724b74e5999a2db7e36290a2ccc771c784152add12ad6accd86372b41f,0,0,0,47,0.1453,48895c2408e99b543501000000000000,2037,4096,0
../../../dumps\accountpass\SUPERVIVE-Win64-Shipping.exec_0x7FF909BD0000_10000.bin,accountpass,0x7ff909bd0000,0x10000,65536,e63c4cc034331299324a3baa56e83dd3eea51dc3a2735cb8500c1c601a891bc8,0,0,0,467,0.1025,4883ec48498bc1e99b100100ff250000,5,20,4076
../../../dumps\accountpass\SUPERVIVE-Win64-Shipping.exec_0x7FF90B830000_8000.bin,accountpass,0x7ff90b830000,0x8000,32768,3fe2ed7f9d2bdc68421b6201e101bd07f19586af5729ce5a18bd6d841ed3f24c,0,0,0,1213,0.4511,40555357488bece90bda1e00ff250000,113,275,3821
../../../dumps\accountpass\SUPERVIVE-Win64-Shipping.exec_0x7FF90DEA0000_D000.bin,accountpass,0x7ff90dea0000,0xd000,53248,3233984729dca8191efead8b2b2119583bb05dd690bc41ef602efb6b9a494544,0,0,0,39573,5.6918,d14433c0458b4a0cc1c20b4423c24489,1269,4094,2
../../../dumps\claimflow-AFTER\SUPERVIVE-Win64-Shipping.exec_0x1D293D40000_1000.bin,claimflow-AFTER,0x1d293d40000,0x1000,4096,dd499d7487bffc5ccedeee1e6c2a739e70484740a2bf7a855ab01770a3ce3f27,0,0,0,107,0.2860,4883ec4848894c242048895424284c89,2013,4095,1
../../../dumps\claimflow-AFTER\SUPERVIVE-Win64-Shipping.exec_0x1D2E50D0000_1000.bin,claimflow-AFTER,0x1d2e50d0000,0x1000,4096,0b06536dba1c3621dc0a29c204ce24caa3b83091d0583c05a27c5c1150a3cfb0,0,0,0,68,0.1949,48b9007049e7d201000048ba87010000,2012,4096,0
../../../dumps\claimflow-AFTER\SUPERVIVE-Win64-Shipping.exec_0x1D2E7430000_6A000.bin,claimflow-AFTER,0x1d2e7430000,0x6a000,434176,48efa0229512fe7cb77d5224779adac30fcb5dd77e354b3d269f37fe92a67e43,1,1,0,223160,6.2235,4d5a90000300000004000000ffff0000,6,12,4084
../../../dumps\claimflow-AFTER\SUPERVIVE-Win64-Shipping.exec_0x1D2EC050000_2E000.bin,claimflow-AFTER,0x1d2ec050000,0x2e000,188416,e4e7903a2d05b23f3cb3c26bbf58c3dcb9ff1a90dc30404d981feda2310a96b6,1,1,0,119091,6.2140,4d5a90000300000004000000ffff0000,6,12,4084
../../../dumps\claimflow-AFTER\SUPERVIVE-Win64-Shipping.exec_0x1D2EC080000_1000.bin,claimflow-AFTER,0x1d2ec080000,0x1000,4096,d5c1c85e06a7305058e7a04292837c8a419237c8b1675df5f22bdd6d0b5643d7,0,0,0,68,0.1942,48b900b007ecd201000048ba91010000,2012,4096,0
../../../dumps\claimflow-AFTER\SUPERVIVE-Win64-Shipping.exec_0x1D2F75C0000_10000.bin,claimflow-AFTER,0x1d2f75c0000,0x10000,65536,526d4c1c952c81a2c560a82186f45f884260df6096d0824a82f00541d0a5e5ce,0,0,0,28560,3.7550,00000000000000000000000000000000,2048,4096,0
../../../dumps\claimflow-AFTER\SUPERVIVE-Win64-Shipping.exec_0x1D342B20000_10000.bin,claimflow-AFTER,0x1d342b20000,0x10000,65536,d0d837ef98307c79dc4d0349cfb15a0818432fff2b6f2a8398aab33c35a086d5,0,0,0,22809,3.1620,00000000000000000000000000000000,2048,4096,0
../../../dumps\claimflow-AFTER\SUPERVIVE-Win64-Shipping.exec_0x1D394FB0000_1000.bin,claimflow-AFTER,0x1d394fb0000,0x1000,4096,0ab38a1fe9005680553f115019243b5454672b8cee0cfe3b891dc1a00e476d3f,0,0,0,68,0.1949,48b900a0269dd301000048babf010000,2012,4096,0
../../../dumps\claimflow-AFTER\SUPERVIVE-Win64-Shipping.exec_0x1D39D1E0000_8D000.bin,claimflow-AFTER,0x1d39d1e0000,0x8d000,577536,98b0e3ae6020ad044076e177629e0edd630b00b52b3152a799a352eb5876e700,1,1,0,159032,6.0640,4d5a90000300000004000000ffff0000,6,12,4084
../../../dumps\claimflow-AFTER\SUPERVIVE-Win64-Shipping.exec_0x1D39D420000_1000.bin,claimflow-AFTER,0x1d39d420000,0x1000,4096,4567df323d9c6d5e1d039ec8debabc8c21221da73554d93f780035f769dc7b31,0,0,0,67,0.1915,48b900608b9dd301000048ba8f010000,2012,4096,0
../../../dumps\claimflow-AFTER\SUPERVIVE-Win64-Shipping.exec_0x1D39D890000_29000.bin,claimflow-AFTER,0x1d39d890000,0x29000,167936,2acbd286e166a192dd7ff8920d9110321bd493b0885e7b48e76fe75faabcb27c,1,1,0,112904,6.2377,4d5a90000300000004000000ffff0000,6,12,4084
../../../dumps\claimflow-AFTER\SUPERVIVE-Win64-Shipping.exec_0x1D45DA40000_1000.bin,claimflow-AFTER,0x1d45da40000,0x1000,4096,3c8c060dd34258be81425edc5cd165366af194f27841a77b6e78990b40c1a7e9,0,0,0,68,0.1955,48b90030dc78d401000048ba81010000,2012,4096,0
../../../dumps\claimflow-AFTER\SUPERVIVE-Win64-Shipping.exec_0x1D478DA0000_26000.bin,claimflow-AFTER,0x1d478da0000,0x26000,155648,93f7f9f744462a68f1fe626974effc94bdce5b72fa2c904b3c45c3c852ea4e0e,1,1,0,105661,6.2553,4d5a90000300000004000000ffff0000,6,12,4084
../../../dumps\claimflow-AFTER\SUPERVIVE-Win64-Shipping.exec_0x7FF7BFF20000_1000.bin,claimflow-AFTER,0x7ff7bff20000,0x1000,4096,511cdc2ac12140b2812b17578d801948146c63c7a27eba03c17cb01b6d17a711,0,0,0,47,0.1455,48895c2408e99b543701000000000000,2037,4096,0
../../../dumps\claimflow-AFTER\SUPERVIVE-Win64-Shipping.exec_0x7FF7BFF30000_1000.bin,claimflow-AFTER,0x7ff7bff30000,0x1000,4096,a44adc677e3c4e02eb8ea4aac254fa68a6f8e412ca34d0197cd4c9246b9e6eed,0,0,0,47,0.1459,48895c2408e99b543601000000000000,2037,4096,0
../../../dumps\claimflow-AFTER\SUPERVIVE-Win64-Shipping.exec_0x7FF7BFF40000_1000.bin,claimflow-AFTER,0x7ff7bff40000,0x1000,4096,7c459be24ba7e100776a41ea9a689373c97cd6a7c336e88826da583bd810bf11,0,0,0,47,0.1455,48895c2408e99b543501000000000000,2037,4096,0
../../../dumps\claimflow-AFTER\SUPERVIVE-Win64-Shipping.exec_0x7FFA3E120000_10000.bin,claimflow-AFTER,0x7ffa3e120000,0x10000,65536,f738f9a399f1a914e3389e8ddca0b290a249139e0a252473e4bbdc92761883a6,0,0,0,534,0.1158,4883ec48498bc1e99b100100ff250000,4,18,4078
../../../dumps\claimflow-AFTER\SUPERVIVE-Win64-Shipping.exec_0x7FFA3FA50000_A000.bin,claimflow-AFTER,0x7ffa3fa50000,0xa000,40960,31a2cbc653fc02e3bd9a44d433a043c0792657a052ca3ce552e9356ad12c5f7f,0,0,0,1211,0.3680,40555357488bece90bda3f00ff250000,6,18,4078
../../../dumps\claimflow-AFTER\SUPERVIVE-Win64-Shipping.exec_0x7FFA423E0000_D000.bin,claimflow-AFTER,0x7ffa423e0000,0xd000,53248,22cb6e607b4fc5e5f1253d8041627f96d7eb121eb45f31bae34089a224694e4e,0,0,0,39488,5.6816,41c1c1034123c133c24103c3458b5a18,1275,4096,0
../../../dumps\claimflow-BEFORE\SUPERVIVE-Win64-Shipping.exec_0x1D293D40000_1000.bin,claimflow-BEFORE,0x1d293d40000,0x1000,4096,dd499d7487bffc5ccedeee1e6c2a739e70484740a2bf7a855ab01770a3ce3f27,0,0,0,107,0.2860,4883ec4848894c242048895424284c89,2013,4095,1
../../../dumps\claimflow-BEFORE\SUPERVIVE-Win64-Shipping.exec_0x1D2E50D0000_1000.bin,claimflow-BEFORE,0x1d2e50d0000,0x1000,4096,0b06536dba1c3621dc0a29c204ce24caa3b83091d0583c05a27c5c1150a3cfb0,0,0,0,68,0.1949,48b9007049e7d201000048ba87010000,2012,4096,0
../../../dumps\claimflow-BEFORE\SUPERVIVE-Win64-Shipping.exec_0x1D2E7430000_6A000.bin,claimflow-BEFORE,0x1d2e7430000,0x6a000,434176,48efa0229512fe7cb77d5224779adac30fcb5dd77e354b3d269f37fe92a67e43,1,1,0,223160,6.2235,4d5a90000300000004000000ffff0000,6,12,4084
../../../dumps\claimflow-BEFORE\SUPERVIVE-Win64-Shipping.exec_0x1D2EC050000_2E000.bin,claimflow-BEFORE,0x1d2ec050000,0x2e000,188416,e4e7903a2d05b23f3cb3c26bbf58c3dcb9ff1a90dc30404d981feda2310a96b6,1,1,0,119091,6.2140,4d5a90000300000004000000ffff0000,6,12,4084
../../../dumps\claimflow-BEFORE\SUPERVIVE-Win64-Shipping.exec_0x1D2EC080000_1000.bin,claimflow-BEFORE,0x1d2ec080000,0x1000,4096,d5c1c85e06a7305058e7a04292837c8a419237c8b1675df5f22bdd6d0b5643d7,0,0,0,68,0.1942,48b900b007ecd201000048ba91010000,2012,4096,0
../../../dumps\claimflow-BEFORE\SUPERVIVE-Win64-Shipping.exec_0x1D2F75C0000_10000.bin,claimflow-BEFORE,0x1d2f75c0000,0x10000,65536,526d4c1c952c81a2c560a82186f45f884260df6096d0824a82f00541d0a5e5ce,0,0,0,28560,3.7550,00000000000000000000000000000000,2048,4096,0
../../../dumps\claimflow-BEFORE\SUPERVIVE-Win64-Shipping.exec_0x1D342B20000_10000.bin,claimflow-BEFORE,0x1d342b20000,0x10000,65536,d0d837ef98307c79dc4d0349cfb15a0818432fff2b6f2a8398aab33c35a086d5,0,0,0,22809,3.1620,00000000000000000000000000000000,2048,4096,0
../../../dumps\claimflow-BEFORE\SUPERVIVE-Win64-Shipping.exec_0x1D394FB0000_1000.bin,claimflow-BEFORE,0x1d394fb0000,0x1000,4096,0ab38a1fe9005680553f115019243b5454672b8cee0cfe3b891dc1a00e476d3f,0,0,0,68,0.1949,48b900a0269dd301000048babf010000,2012,4096,0
../../../dumps\claimflow-BEFORE\SUPERVIVE-Win64-Shipping.exec_0x1D39D1E0000_8D000.bin,claimflow-BEFORE,0x1d39d1e0000,0x8d000,577536,98b0e3ae6020ad044076e177629e0edd630b00b52b3152a799a352eb5876e700,1,1,0,159032,6.0640,4d5a90000300000004000000ffff0000,6,12,4084
../../../dumps\claimflow-BEFORE\SUPERVIVE-Win64-Shipping.exec_0x1D39D420000_1000.bin,claimflow-BEFORE,0x1d39d420000,0x1000,4096,4567df323d9c6d5e1d039ec8debabc8c21221da73554d93f780035f769dc7b31,0,0,0,67,0.1915,48b900608b9dd301000048ba8f010000,2012,4096,0
../../../dumps\claimflow-BEFORE\SUPERVIVE-Win64-Shipping.exec_0x1D39D890000_29000.bin,claimflow-BEFORE,0x1d39d890000,0x29000,167936,2acbd286e166a192dd7ff8920d9110321bd493b0885e7b48e76fe75faabcb27c,1,1,0,112904,6.2377,4d5a90000300000004000000ffff0000,6,12,4084
../../../dumps\claimflow-BEFORE\SUPERVIVE-Win64-Shipping.exec_0x1D45DA40000_1000.bin,claimflow-BEFORE,0x1d45da40000,0x1000,4096,3c8c060dd34258be81425edc5cd165366af194f27841a77b6e78990b40c1a7e9,0,0,0,68,0.1955,48b90030dc78d401000048ba81010000,2012,4096,0
../../../dumps\claimflow-BEFORE\SUPERVIVE-Win64-Shipping.exec_0x1D478DA0000_26000.bin,claimflow-BEFORE,0x1d478da0000,0x26000,155648,93f7f9f744462a68f1fe626974effc94bdce5b72fa2c904b3c45c3c852ea4e0e,1,1,0,105661,6.2553,4d5a90000300000004000000ffff0000,6,12,4084
../../../dumps\claimflow-BEFORE\SUPERVIVE-Win64-Shipping.exec_0x7FF7BFF20000_1000.bin,claimflow-BEFORE,0x7ff7bff20000,0x1000,4096,511cdc2ac12140b2812b17578d801948146c63c7a27eba03c17cb01b6d17a711,0,0,0,47,0.1455,48895c2408e99b543701000000000000,2037,4096,0
../../../dumps\claimflow-BEFORE\SUPERVIVE-Win64-Shipping.exec_0x7FF7BFF30000_1000.bin,claimflow-BEFORE,0x7ff7bff30000,0x1000,4096,a44adc677e3c4e02eb8ea4aac254fa68a6f8e412ca34d0197cd4c9246b9e6eed,0,0,0,47,0.1459,48895c2408e99b543601000000000000,2037,4096,0
../../../dumps\claimflow-BEFORE\SUPERVIVE-Win64-Shipping.exec_0x7FF7BFF40000_1000.bin,claimflow-BEFORE,0x7ff7bff40000,0x1000,4096,7c459be24ba7e100776a41ea9a689373c97cd6a7c336e88826da583bd810bf11,0,0,0,47,0.1455,48895c2408e99b543501000000000000,2037,4096,0
../../../dumps\claimflow-BEFORE\SUPERVIVE-Win64-Shipping.exec_0x7FFA3E120000_10000.bin,claimflow-BEFORE,0x7ffa3e120000,0x10000,65536,f738f9a399f1a914e3389e8ddca0b290a249139e0a252473e4bbdc92761883a6,0,0,0,534,0.1158,4883ec48498bc1e99b100100ff250000,4,18,4078
../../../dumps\claimflow-BEFORE\SUPERVIVE-Win64-Shipping.exec_0x7FFA3FA50000_A000.bin,claimflow-BEFORE,0x7ffa3fa50000,0xa000,40960,31a2cbc653fc02e3bd9a44d433a043c0792657a052ca3ce552e9356ad12c5f7f,0,0,0,1211,0.3680,40555357488bece90bda3f00ff250000,6,18,4078
../../../dumps\claimflow-BEFORE\SUPERVIVE-Win64-Shipping.exec_0x7FFA423E0000_D000.bin,claimflow-BEFORE,0x7ffa423e0000,0xd000,53248,22cb6e607b4fc5e5f1253d8041627f96d7eb121eb45f31bae34089a224694e4e,0,0,0,39488,5.6816,41c1c1034123c133c24103c3458b5a18,1275,4096,0
../../../dumps\crash-20260815-160759\SUPERVIVE-Win64-Shipping.exec_0x1AD938A0000_6A000.bin,crash-20260815-160759,0x1ad938a0000,0x6a000,434176,e74595b72117af9fdde289e1bc3e12ba2d6cec391cf71915a9bad58dc57c47e9,0,0,1,0,-0.0000,00000000000000000000000000000000,2048,4096,0
../../../dumps\crash-20260815-160759\SUPERVIVE-Win64-Shipping.exec_0x1AD93910000_1000.bin,crash-20260815-160759,0x1ad93910000,0x1000,4096,ad7facb2586fc6e966c004d7d1d16b024f5805ff7cb47c7a85dabd8b48892ca7,0,0,1,0,-0.0000,00000000000000000000000000000000,2048,4096,0
../../../dumps\crash-20260815-160759\SUPERVIVE-Win64-Shipping.exec_0x1AD945D0000_2E000.bin,crash-20260815-160759,0x1ad945d0000,0x2e000,188416,a7f395f1fc8c31bbf912bb53144730369ea8b1906552965b1e7c0ebede657d0d,0,0,1,0,-0.0000,00000000000000000000000000000000,2048,4096,0
../../../dumps\crash-20260815-160759\SUPERVIVE-Win64-Shipping.exec_0x1AD94600000_1000.bin,crash-20260815-160759,0x1ad94600000,0x1000,4096,ad7facb2586fc6e966c004d7d1d16b024f5805ff7cb47c7a85dabd8b48892ca7,0,0,1,0,-0.0000,00000000000000000000000000000000,2048,4096,0
../../../dumps\crash-20260815-160759\SUPERVIVE-Win64-Shipping.exec_0x1ADC00C0000_1000.bin,crash-20260815-160759,0x1adc00c0000,0x1000,4096,ad7facb2586fc6e966c004d7d1d16b024f5805ff7cb47c7a85dabd8b48892ca7,0,0,1,0,-0.0000,00000000000000000000000000000000,2048,4096,0
../../../dumps\crash-20260815-160759\SUPERVIVE-Win64-Shipping.exec_0x1ADFB160000_10000.bin,crash-20260815-160759,0x1adfb160000,0x10000,65536,de2f256064a0af797747c2b97505dc0b9f3df0de4f489eac731c23ae9ca9cc31,0,0,1,0,-0.0000,00000000000000000000000000000000,2048,4096,0
../../../dumps\crash-20260815-160759\SUPERVIVE-Win64-Shipping.exec_0x1AE03620000_1000.bin,crash-20260815-160759,0x1ae03620000,0x1000,4096,ad7facb2586fc6e966c004d7d1d16b024f5805ff7cb47c7a85dabd8b48892ca7,0,0,1,0,-0.0000,00000000000000000000000000000000,2048,4096,0
../../../dumps\crash-20260815-160759\SUPERVIVE-Win64-Shipping.exec_0x1AE4F960000_10000.bin,crash-20260815-160759,0x1ae4f960000,0x10000,65536,de2f256064a0af797747c2b97505dc0b9f3df0de4f489eac731c23ae9ca9cc31,0,0,1,0,-0.0000,00000000000000000000000000000000,2048,4096,0
../../../dumps\crash-20260815-160759\SUPERVIVE-Win64-Shipping.exec_0x1AE51560000_26000.bin,crash-20260815-160759,0x1ae51560000,0x26000,155648,bea46ecdb78d8820477eb558d9a28b7752fd6d1fe8c6246e187c3da419531f68,0,0,1,0,-0.0000,00000000000000000000000000000000,2048,4096,0
../../../dumps\crash-20260815-160759\SUPERVIVE-Win64-Shipping.exec_0x7FFA423E0000_D000.bin,crash-20260815-160759,0x7ffa423e0000,0xd000,53248,5fd0979fbbecbde4e4c00555c04c739c9769b18923009bc715c012201afeaa13,0,0,1,0,-0.0000,00000000000000000000000000000000,2048,4096,0
../../../dumps\crash-20260815-200514\SUPERVIVE-Win64-Shipping.exec_0x1A32D620000_1000.bin,crash-20260815-200514,0x1a32d620000,0x1000,4096,bc34ff5e9193012fd59d7021c8ca294037ba3b0e87bac0ebe085658ef7fbd5f9,0,0,0,68,0.1944,48b90070ca37a301000048ba87010000,2012,4096,0
../../../dumps\crash-20260815-200514\SUPERVIVE-Win64-Shipping.exec_0x1A3343E0000_2E000.bin,crash-20260815-200514,0x1a3343e0000,0x2e000,188416,923365051e0934787ab7ebfba048c5d558b6ad29a5de4a02d9812baf7aae05d0,1,1,0,119097,6.2140,4d5a90000300000004000000ffff0000,6,12,4084
../../../dumps\crash-20260815-200514\SUPERVIVE-Win64-Shipping.exec_0x1A334410000_1000.bin,crash-20260815-200514,0x1a334410000,0x1000,4096,845c867fba4f68e5dd1a53b91bf5e0dc5b91780127fe8085c24d80cdb43f5542,0,0,0,68,0.1955,48b900b04034a301000048ba91010000,2012,4096,0
../../../dumps\crash-20260815-200514\SUPERVIVE-Win64-Shipping.exec_0x1A337C40000_6A000.bin,crash-20260815-200514,0x1a337c40000,0x6a000,434176,64dacc567214fd2e69d6bc97bd895a31d9613bd231a42ae5c72a0156a93689ef,1,1,0,275490,6.2235,4d5a90000300000004000000ffff0000,6,12,4084
../../../dumps\crash-20260815-200514\SUPERVIVE-Win64-Shipping.exec_0x1A3581E0000_1000.bin,crash-20260815-200514,0x1a3581e0000,0x1000,4096,5dd846175befd6ecbb74bfb5d8000abd4bd6d6328c0240cb3367135170f1c509,0,0,0,107,0.2854,4883ec4848894c242048895424284c89,2013,4095,1
../../../dumps\crash-20260815-200514\SUPERVIVE-Win64-Shipping.exec_0x1A3EC280000_29000.bin,crash-20260815-200514,0x1a3ec280000,0x29000,167936,24ff2c8a346350d6f81947b589555c250680c26221bba1ebfa982cc285a6a344,1,1,0,112902,6.2377,4d5a90000300000004000000ffff0000,6,12,4084
../../../dumps\crash-20260815-200514\SUPERVIVE-Win64-Shipping.exec_0x1A3EC2F0000_1000.bin,crash-20260815-200514,0x1a3ec2f0000,0x1000,4096,58929c1aa677008c2b4d0fb17307a3028b32c9d4912f7fe04de73de719dfe185,0,0,0,67,0.1892,48b900602aeca301000048ba8f010000,2012,4096,0
../../../dumps\crash-20260815-200514\SUPERVIVE-Win64-Shipping.exec_0x1A3ED010000_1000.bin,crash-20260815-200514,0x1a3ed010000,0x1000,4096,4e52c7709bdf8dbbbb4e7e6c477c3902a9d50d05395297b099c83dc521678424,0,0,0,68,0.1949,48b900a012eda301000048babf010000,2012,4096,0
../../../dumps\crash-20260815-200514\SUPERVIVE-Win64-Shipping.exec_0x1A3ED0A0000_8D000.bin,crash-20260815-200514,0x1a3ed0a0000,0x8d000,577536,7ea1fb230efdea85751feab981b52b81b9380467e91b7435db03fe516d83bb82,1,1,0,159021,6.0640,4d5a90000300000004000000ffff0000,6,12,4084
../../../dumps\crash-20260815-200514\SUPERVIVE-Win64-Shipping.exec_0x1A3EEC60000_10000.bin,crash-20260815-200514,0x1a3eec60000,0x10000,65536,dc9554d63d890b32c91577c7b57dd96062814157be64d63df1bccce2cd35bcb1,0,0,0,28560,3.7547,00000000000000000000000000000000,1314,2627,1469
../../../dumps\crash-20260815-200514\SUPERVIVE-Win64-Shipping.exec_0x1A3F12B0000_10000.bin,crash-20260815-200514,0x1a3f12b0000,0x10000,65536,4354d4884e95d05bb3617ac9b32170627446f8dfe929a7675626def0ecb56c16,0,0,0,22809,3.1618,00000000000000000000000000000000,2048,4096,0
../../../dumps\crash-20260815-200514\SUPERVIVE-Win64-Shipping.exec_0x1A47DC60000_26000.bin,crash-20260815-200514,0x1a47dc60000,0x26000,155648,4872053c437b8380c2ab9ff357af788506c7776fc8bba549997ef19dbe0f139f,1,1,0,105661,6.2553,4d5a90000300000004000000ffff0000,6,12,4084
../../../dumps\crash-20260815-200514\SUPERVIVE-Win64-Shipping.exec_0x1A487D00000_1000.bin,crash-20260815-200514,0x1a487d00000,0x1000,4096,de5e3dd264fd834132bfef629a5c1b423bfd59b7b188a83d70a2397f1ec52ef5,0,0,0,68,0.1955,48b90030c87da401000048ba81010000,2012,4096,0
../../../dumps\crash-20260815-200514\SUPERVIVE-Win64-Shipping.exec_0x7FF7BFF20000_1000.bin,crash-20260815-200514,0x7ff7bff20000,0x1000,4096,c2670bc75780c92fecc18f3380a4d90829eab35c47b40dabd0ed94a4c0856612,0,0,0,47,0.1448,48895c2408e99b543701000000000000,2037,4096,0
../../../dumps\crash-20260815-200514\SUPERVIVE-Win64-Shipping.exec_0x7FF7BFF30000_1000.bin,crash-20260815-200514,0x7ff7bff30000,0x1000,4096,7630792130ce51daaa6f0edfb54b44ac48aedc6408ad615a38cedbc67759e9c4,0,0,0,47,0.1459,48895c2408e99b543601000000000000,2037,4096,0
../../../dumps\crash-20260815-200514\SUPERVIVE-Win64-Shipping.exec_0x7FF7BFF40000_1000.bin,crash-20260815-200514,0x7ff7bff40000,0x1000,4096,0e5d27afedc91e254bc5b61ceae61cb4a797ae82ea5e20948a019595e4ba8538,0,0,0,47,0.1459,48895c2408e99b543501000000000000,2037,4096,0
../../../dumps\crash-20260815-200514\SUPERVIVE-Win64-Shipping.exec_0x7FFA3E120000_10000.bin,crash-20260815-200514,0x7ffa3e120000,0x10000,65536,8ffdb5a72dc8e986d8e588a20a68cf7fde9e67f4589b547d1b81439836827b70,0,0,0,448,0.0989,4883ec48498bc1e99b100100e94fd219,166,386,3710
../../../dumps\crash-20260815-200514\SUPERVIVE-Win64-Shipping.exec_0x7FFA3FA50000_A000.bin,crash-20260815-200514,0x7ffa3fa50000,0xa000,40960,64e206da3275e28ac0f000b4345169ce85f766ec80d6b13f740f6927d9dd9a46,0,0,0,1021,0.3193,40555357488bece90bda3f00e94fd185,725,1677,2419
../../../dumps\crash-20260815-200514\SUPERVIVE-Win64-Shipping.exec_0x7FFA423E0000_D000.bin,crash-20260815-200514,0x7ffa423e0000,0xd000,53248,22cb6e607b4fc5e5f1253d8041627f96d7eb121eb45f31bae34089a224694e4e,0,0,0,39488,5.6816,41c1c1034123c133c24103c3458b5a18,1275,4096,0
../../../dumps\crash-20260819-181559\SUPERVIVE-Win64-Shipping.exec_0x29785E30000_10000.bin,crash-20260819-181559,0x29785e30000,0x10000,65536,44c114a92a5560c2ae646384d4d38a0ac354534c7b65ad702420f5d6a62357d5,0,0,0,28560,3.7551,00000000000000000000000000000000,2048,4096,0
../../../dumps\crash-20260819-181559\SUPERVIVE-Win64-Shipping.exec_0x2978A600000_10000.bin,crash-20260819-181559,0x2978a600000,0x10000,65536,8a9cd57cc9b15e6df93cde56f475daa64d6011f5533807d2cd14aef562df17b6,0,0,0,22809,3.1619,00000000000000000000000000000000,2048,4096,0
../../../dumps\crash-20260819-181559\SUPERVIVE-Win64-Shipping.exec_0x298FDEB0000_1000.bin,crash-20260819-181559,0x298fdeb0000,0x1000,4096,4e59c755550c911103dd09487b71de958ac557b02f0480df008c19d9a38af68d,0,0,0,68,0.1969,48b90020f8fd9802000048ba7d010000,2012,4096,0
../../../dumps\crash-20260819-181559\SUPERVIVE-Win64-Shipping.exec_0x298FDF60000_25000.bin,crash-20260819-181559,0x298fdf60000,0x25000,151552,56765f34a13436bde578f34facf59ed957291d6f335aed4b84d5f778ba75e814,1,1,0,103657,6.2640,4d5a90000300000004000000ffff0000,6,12,4084
../../../dumps\crash-20260819-181559\SUPERVIVE-Win64-Shipping.exec_0x298FE120000_1000.bin,crash-20260819-181559,0x298fe120000,0x1000,4096,0890d0c3e327e9741bcce1191e531efbc6b85be36beea24a01ad0c27f65b1b1d,0,0,0,68,0.1964,48b9009041fe9802000048ba96010000,2012,4096,0
../../../dumps\crash-20260819-181559\SUPERVIVE-Win64-Shipping.exec_0x298FE1F0000_1000.bin,crash-20260819-181559,0x298fe1f0000,0x1000,4096,f50e87086f45abe997e52da53c1b693a82693784853db3739bcc6e1caca02198,0,0,0,68,0.1969,48b900202efe9802000048ba7d010000,2012,4096,0
../../../dumps\crash-20260819-181559\SUPERVIVE-Win64-Shipping.exec_0x298FE2C0000_25000.bin,crash-20260819-181559,0x298fe2c0000,0x25000,151552,96bc14ac5a00055a5a919a66cbdcdabddeffe9615b628172ed56d8249a61cea4,1,1,0,103656,6.2640,4d5a90000300000004000000ffff0000,6,12,4084
../../../dumps\crash-20260819-181559\SUPERVIVE-Win64-Shipping.exec_0x298FE3F0000_2C000.bin,crash-20260819-181559,0x298fe3f0000,0x2c000,180224,d9dd8f175deb2617f250e7b75cceea68c975aa82f9a3b3b3b489be3228bb95d2,1,1,0,122635,6.1828,4d5a90000300000004000000ffff0000,6,12,4084
../../../dumps\crash-20260819-181559\SUPERVIVE-Win64-Shipping.exec_0x7FF7B86C0000_1000.bin,crash-20260819-181559,0x7ff7b86c0000,0x1000,4096,6cfb72582a102e6b9a7c471aa855c9d787a75b964f71ddc79f09614cd853fef0,0,0,0,47,0.1458,48895c2408e99b543501000000000000,2037,4096,0
../../../dumps\crash-20260819-181559\SUPERVIVE-Win64-Shipping.exec_0x7FFB52FE0000_1000.bin,crash-20260819-181559,0x7ffb52fe0000,0x1000,4096,c0661d5bb169762671b5acd64d3e6b44e343b9c5efc46b6b1ec521dc02752b53,0,0,0,543,1.3246,4883ec48498bc1e99b10edffff250000,4,18,4078
../../../dumps\crash-20260819-181559\SUPERVIVE-Win64-Shipping.exec_0x7FFB54900000_F000.bin,crash-20260819-181559,0x7ffb54900000,0xf000,61440,de6281d018fa9eb2efe840cf33f2e38ca38b791eb8923cd423a4e5921c4dbcfd,0,0,0,1212,0.2577,40555357488bece90bda2200ff250000,6,18,4078
../../../dumps\crash-20260819-181559\SUPERVIVE-Win64-Shipping.exec_0x7FFB57160000_D000.bin,crash-20260819-181559,0x7ffb57160000,0xd000,53248,22cb6e607b4fc5e5f1253d8041627f96d7eb121eb45f31bae34089a224694e4e,0,0,0,39488,5.6816,41c1c1034123c133c24103c3458b5a18,1275,4096,0
../../../dumps\crash-20260819-200129\SUPERVIVE-Win64-Shipping.exec_0x1F59E570000_10000.bin,crash-20260819-200129,0x1f59e570000,0x10000,65536,786d00a1469107fc55e570db3efa7410702959a14f86e000affccc2e4460420f,0,0,0,28558,3.7536,00000000000000000000000000000000,1764,4095,1
../../../dumps\crash-20260819-200129\SUPERVIVE-Win64-Shipping.exec_0x1F5EDD90000_10000.bin,crash-20260819-200129,0x1f5edd90000,0x10000,65536,ed87d471b1b334fdd7f0a89b5fb34f15cca6ad742b920185a69818014d25bb10,0,0,0,22809,3.1617,00000000000000000000000000000000,2048,4096,0
../../../dumps\crash-20260819-200129\SUPERVIVE-Win64-Shipping.exec_0x1F699870000_25000.bin,crash-20260819-200129,0x1f699870000,0x25000,151552,1750eeab98cd9f1cf563bb7f37d823736a1203a43008652303ce54dfe0b64c4c,1,1,0,103655,6.2640,4d5a90000300000004000000ffff0000,6,12,4084
../../../dumps\crash-20260819-200129\SUPERVIVE-Win64-Shipping.exec_0x1F6998B0000_1000.bin,crash-20260819-200129,0x1f6998b0000,0x1000,4096,f21a50d20c0747cb45aedab67084dd2adcc7a0eca05aaf7e4e0288d4bd3dc792,0,0,0,68,0.1951,48b900208999f601000048ba7d010000,2012,4096,0
../../../dumps\crash-20260819-200129\SUPERVIVE-Win64-Shipping.exec_0x1F6999D0000_2C000.bin,crash-20260819-200129,0x1f6999d0000,0x2c000,180224,3bdc8f66a36d4529affc29e389363b474444d4e82844de15e007cbafd00183c6,1,1,0,122631,6.1828,4d5a90000300000004000000ffff0000,6,12,4084
../../../dumps\crash-20260819-200129\SUPERVIVE-Win64-Shipping.exec_0x1F699A00000_1000.bin,crash-20260819-200129,0x1f699a00000,0x1000,4096,07b94eed6a5e5c32d07b846c6db00460660939cdcc6335470e82a2342414842e,0,0,0,68,0.1951,48b900909f99f601000048ba96010000,2012,4096,0
../../../dumps\crash-20260819-200129\SUPERVIVE-Win64-Shipping.exec_0x7FF7B86C0000_1000.bin,crash-20260819-200129,0x7ff7b86c0000,0x1000,4096,4699e106f080f494e455af3412f77bb869bd0df3e9353d76bd21bce7829c4db7,0,0,0,47,0.1453,48895c2408e99b543501000000000000,2037,4096,0
../../../dumps\crash-20260819-200129\SUPERVIVE-Win64-Shipping.exec_0x7FFB52FE0000_1000.bin,crash-20260819-200129,0x7ffb52fe0000,0x1000,4096,fd8ee258c5aab1c9826f11acad06cecf4b093e61081abe5e30410c3a0846d63e,0,0,0,543,1.3222,4883ec48498bc1e99b10edffff250000,4,18,4078
../../../dumps\crash-20260819-200129\SUPERVIVE-Win64-Shipping.exec_0x7FFB54900000_F000.bin,crash-20260819-200129,0x7ffb54900000,0xf000,61440,cc360f8020a3a3cee19960d0926f0da7b34eb65fa03dc37f0d4e739fa2cdecb5,0,0,0,1212,0.2572,40555357488bece90bda2200ff250000,6,18,4078
../../../dumps\crash-20260819-200129\SUPERVIVE-Win64-Shipping.exec_0x7FFB57160000_D000.bin,crash-20260819-200129,0x7ffb57160000,0xd000,53248,22cb6e607b4fc5e5f1253d8041627f96d7eb121eb45f31bae34089a224694e4e,0,0,0,39488,5.6816,41c1c1034123c133c24103c3458b5a18,1275,4096,0
../../../dumps\crash-20260820-005902\SUPERVIVE-Win64-Shipping.exec_0x16543430000_10000.bin,crash-20260820-005902,0x16543430000,0x10000,65536,a485f170b98e8725a637e1723e721a4c1004183673e8f01734150a651100a45f,0,0,0,5935,0.9990,00000000000000000000000000000000,2048,4096,0
../../../dumps\crash-20260820-005902\SUPERVIVE-Win64-Shipping.exec_0x16543440000_10000.bin,crash-20260820-005902,0x16543440000,0x10000,65536,01cd719ebbe6c0f1e194cbbb14b1b271dac05ad553be401b271e5c5d3688c12e,0,0,0,45434,5.3140,3066cf6b957e00003600000000000000,959,4092,4
../../../dumps\crash-20260820-005902\SUPERVIVE-Win64-Shipping.exec_0x1654B4E0000_25000.bin,crash-20260820-005902,0x1654b4e0000,0x25000,151552,a2c6dce233f1923d1cc1369c87be0038d122d02253adc2dfdfa8153b694db05f,1,1,0,103655,6.2640,4d5a90000300000004000000ffff0000,6,12,4084
../../../dumps\crash-20260820-005902\SUPERVIVE-Win64-Shipping.exec_0x1654B540000_1000.bin,crash-20260820-005902,0x1654b540000,0x1000,4096,ce1c010c735ed475279029c042d4b59b914c9ae89604998539753a574702958c,0,0,0,68,0.1955,48b90020504b6501000048ba7d010000,2012,4096,0
../../../dumps\crash-20260820-005902\SUPERVIVE-Win64-Shipping.exec_0x1654B590000_1000.bin,crash-20260820-005902,0x1654b590000,0x1000,4096,afc97e29c70d7c0e068f2c106aafe6b453d1364dd4e79976353ed1c35aee50b9,0,0,0,68,0.1951,48b900906c4c6501000048ba96010000,2012,4096,0
../../../dumps\crash-20260820-005902\SUPERVIVE-Win64-Shipping.exec_0x1654C6A0000_2C000.bin,crash-20260820-005902,0x1654c6a0000,0x2c000,180224,ae2320c09122b13950acd0a68eb365cd2fec70e850b96a01b4a64834a0bce0be,1,1,0,122581,6.1828,4d5a90000300000004000000ffff0000,6,12,4084
../../../dumps\crash-20260820-005902\SUPERVIVE-Win64-Shipping.exec_0x7FF7C4040000_1000.bin,crash-20260820-005902,0x7ff7c4040000,0x1000,4096,3479a758bce8c18db9527d0a31838d86167cb895669429a0ccef51ff277339ef,0,0,0,47,0.1455,48895c2408e99b543501000000000000,2037,4096,0
../../../dumps\crash-20260820-005902\SUPERVIVE-Win64-Shipping.exec_0x7FFB52FE0000_1000.bin,crash-20260820-005902,0x7ffb52fe0000,0x1000,4096,3247fe036ec0c7489b19df765c98966f421121d065babc0c7bf78f8ab40cd38e,0,0,0,543,1.3221,4883ec48498bc1e99b10edffff250000,4,18,4078
../../../dumps\crash-20260820-005902\SUPERVIVE-Win64-Shipping.exec_0x7FFB54900000_F000.bin,crash-20260820-005902,0x7ffb54900000,0xf000,61440,9cfb86c233c7557c3ce23ea1788dc683f5616e82fe5c221b9d7255917d6f4b9f,0,0,0,1212,0.2577,40555357488bece90bda2200ff250000,6,18,4078
../../../dumps\crash-20260820-005902\SUPERVIVE-Win64-Shipping.exec_0x7FFB57160000_D000.bin,crash-20260820-005902,0x7ffb57160000,0xd000,53248,22cb6e607b4fc5e5f1253d8041627f96d7eb121eb45f31bae34089a224694e4e,0,0,0,39488,5.6816,41c1c1034123c133c24103c3458b5a18,1275,4096,0
../../../dumps\crash-20260820-021637\SUPERVIVE-Win64-Shipping.exec_0x2B17CDE0000_10000.bin,crash-20260820-021637,0x2b17cde0000,0x10000,65536,f9647382b7541bdb872aa0cd6a9223a17f3abddc5ac906171ccae306d18a4502,0,0,0,22809,3.1618,00000000000000000000000000000000,2048,4096,0
../../../dumps\crash-20260820-021637\SUPERVIVE-Win64-Shipping.exec_0x2B1C2950000_10000.bin,crash-20260820-021637,0x2b1c2950000,0x10000,65536,9bbd837a491dd55130402bbe0e0100e80d9d98eeaa769eeb55929ab747dc3973,0,0,0,28560,3.7536,00000000000000000000000000000000,2048,4096,0
../../../dumps\crash-20260820-021637\SUPERVIVE-Win64-Shipping.exec_0x2B21DDE0000_1000.bin,crash-20260820-021637,0x2b21dde0000,0x1000,4096,5d174c9ff066ffcb19b1ed6cb9d7960a6f5f4dd191aa97c977227aea5936d076,0,0,0,68,0.1964,48b90020fb1db202000048ba7d010000,2012,4096,0
../../../dumps\crash-20260820-021637\SUPERVIVE-Win64-Shipping.exec_0x2B21DF90000_25000.bin,crash-20260820-021637,0x2b21df90000,0x25000,151552,579d6205b1f51bb8d4dc3ea25f1f4dac25a16c03980d6af600d1165bc505def0,1,1,0,103657,6.2640,4d5a90000300000004000000ffff0000,6,12,4084
../../../dumps\crash-20260820-021637\SUPERVIVE-Win64-Shipping.exec_0x2B223960000_1000.bin,crash-20260820-021637,0x2b223960000,0x1000,4096,a63e8897696d0531970887f8fb580c3223e5b5c3a9f4fc7c7800c2d782f8d3a4,0,0,0,68,0.1964,48b90090c923b202000048ba96010000,2012,4096,0
../../../dumps\crash-20260820-021637\SUPERVIVE-Win64-Shipping.exec_0x2B223C70000_2C000.bin,crash-20260820-021637,0x2b223c70000,0x2c000,180224,9c2458570d5827a67576a62305972712d0649f342af8e3a4ee47b7f7c0b9a05c,1,1,0,122642,6.1828,4d5a90000300000004000000ffff0000,6,12,4084
../../../dumps\crash-20260820-021637\SUPERVIVE-Win64-Shipping.exec_0x7FF630E80000_1000.bin,crash-20260820-021637,0x7ff630e80000,0x1000,4096,28667753c18d17c1befca84f1fedf33f90073e00600354e6256b22023e72eafb,0,0,0,47,0.1464,48895c2408e99b543501000000000000,2037,4096,0
../../../dumps\crash-20260820-021637\SUPERVIVE-Win64-Shipping.exec_0x7FFB52FE0000_1000.bin,crash-20260820-021637,0x7ffb52fe0000,0x1000,4096,6a3476d5687d802aa576d4c4d1f31b64b7b60c2c10359879fc8afabb01d968ec,0,0,0,543,1.3259,4883ec48498bc1e99b10edffff250000,4,18,4078
../../../dumps\crash-20260820-021637\SUPERVIVE-Win64-Shipping.exec_0x7FFB54900000_F000.bin,crash-20260820-021637,0x7ffb54900000,0xf000,61440,120b135d81fe0980efbd8a1b1eb569fc037de2491abe13055357fb2409ed3780,0,0,0,1212,0.2576,40555357488bece90bda2200ff250000,6,18,4078
../../../dumps\crash-20260820-021637\SUPERVIVE-Win64-Shipping.exec_0x7FFB57160000_D000.bin,crash-20260820-021637,0x7ffb57160000,0xd000,53248,22cb6e607b4fc5e5f1253d8041627f96d7eb121eb45f31bae34089a224694e4e,0,0,0,39488,5.6816,41c1c1034123c133c24103c3458b5a18,1275,4096,0
../../../dumps\crash-20260820-142858\SUPERVIVE-Win64-Shipping.exec_0x1DB75830000_10000.bin,crash-20260820-142858,0x1db75830000,0x10000,65536,6723ef3c04e25823f5c57c23024abfae9302a0998d81c5ea6f7d83690d5850d6,0,0,0,28559,3.7550,00000000000000000000000000000000,2048,4096,0
../../../dumps\crash-20260820-142858\SUPERVIVE-Win64-Shipping.exec_0x1DBC4040000_10000.bin,crash-20260820-142858,0x1dbc4040000,0x10000,65536,306239b0374a6856a30dc0c956b8aef3570e246b565be8eff19cd7441539c53c,0,0,0,22809,3.1617,00000000000000000000000000000000,2048,4096,0
../../../dumps\crash-20260820-142858\SUPERVIVE-Win64-Shipping.exec_0x1DC758A0000_25000.bin,crash-20260820-142858,0x1dc758a0000,0x25000,151552,2a298afb63cc720ee25ef73d28d0c886b2c8e224afa7660ee52809a403b2f571,1,1,0,103656,6.2640,4d5a90000300000004000000ffff0000,6,12,4084
../../../dumps\crash-20260820-142858\SUPERVIVE-Win64-Shipping.exec_0x1DC758D0000_1000.bin,crash-20260820-142858,0x1dc758d0000,0x1000,4096,1ceeb237095e6a579f40fc1229cc697bd499c9a97a067f081e43455d5451db63,0,0,0,68,0.1955,48b900208c75dc01000048ba7d010000,2012,4096,0
../../../dumps\crash-20260820-142858\SUPERVIVE-Win64-Shipping.exec_0x1DC759A0000_2C000.bin,crash-20260820-142858,0x1dc759a0000,0x2c000,180224,ab9b037d1b177c77f79b2423d35b1ac31cd93fa01183bef975c64aa8c67dca4b,1,1,0,122644,6.1828,4d5a90000300000004000000ffff0000,6,12,4084
../../../dumps\crash-20260820-142858\SUPERVIVE-Win64-Shipping.exec_0x1DC759D0000_1000.bin,crash-20260820-142858,0x1dc759d0000,0x1000,4096,4613aa239e13ad31789a261750eff3bd98d6224091dfbe10f2d187ddb0eec91c,0,0,0,68,0.1951,48b900909c75dc01000048ba96010000,2012,4096,0
../../../dumps\crash-20260820-142858\SUPERVIVE-Win64-Shipping.exec_0x7FF7A5A10000_1000.bin,crash-20260820-142858,0x7ff7a5a10000,0x1000,4096,12e0b6fab642ea6bbd5e5b8744ee007caa69682a3a5150e088605997448fa023,0,0,0,47,0.1459,48895c2408e99b543501000000000000,2037,4096,0
../../../dumps\crash-20260820-142858\SUPERVIVE-Win64-Shipping.exec_0x7FFB52FE0000_1000.bin,crash-20260820-142858,0x7ffb52fe0000,0x1000,4096,427ba7a13b2dd0072a4eb635ee75b95485bd19b8f416d2726cdb23c1c86a19f2,0,0,0,457,1.1399,4883ec48498bc1e99b10edffe94fd208,166,386,3710
../../../dumps\crash-20260820-142858\SUPERVIVE-Win64-Shipping.exec_0x7FFB54900000_F000.bin,crash-20260820-142858,0x7ffb54900000,0xf000,61440,bc05e6c678938d15808d64067f14432bb35d04bf0bd469a30a768e2fcdbf4043,0,0,0,1022,0.2230,40555357488bece90bda2200e94fd175,1297,3010,1086
../../../dumps\crash-20260820-142858\SUPERVIVE-Win64-Shipping.exec_0x7FFB57160000_D000.bin,crash-20260820-142858,0x7ffb57160000,0xd000,53248,22cb6e607b4fc5e5f1253d8041627f96d7eb121eb45f31bae34089a224694e4e,0,0,0,39488,5.6816,41c1c1034123c133c24103c3458b5a18,1275,4096,0
../../../dumps\heromastery\SUPERVIVE-Win64-Shipping.exec_0x1BC4C130000_6A000.bin,heromastery,0x1bc4c130000,0x6a000,434176,ec12e9341fbcb09538dac8bb57aae686f2797dc5426035db4b237745b47e80b7,1,1,0,267737,6.2235,4d5a90000300000004000000ffff0000,6,12,4084
../../../dumps\heromastery\SUPERVIVE-Win64-Shipping.exec_0x1BC4DC40000_1000.bin,heromastery,0x1bc4dc40000,0x1000,4096,25797167066d79d7fcd865a22c840f926f33e40eeca74d0e44ed4996da7a5ce5,0,0,0,68,0.1955,48b90070194cbc01000048ba87010000,2012,4096,0
../../../dumps\heromastery\SUPERVIVE-Win64-Shipping.exec_0x1BC52F90000_2E000.bin,heromastery,0x1bc52f90000,0x2e000,188416,38637c88c039061c350cefb3b0bdb38ac0caffe812bac6c58968fe9ffc2ce48f,1,1,0,119429,6.2140,4d5a90000300000004000000ffff0000,6,12,4084
../../../dumps\heromastery\SUPERVIVE-Win64-Shipping.exec_0x1BC52FC0000_1000.bin,heromastery,0x1bc52fc0000,0x1000,4096,02b6e60c17797f421054b9c9aae0488798e38cf237e5e81c221c77ba9d6ca6c6,0,0,0,68,0.1955,48b900b0fb52bc01000048ba91010000,2012,4096,0
../../../dumps\heromastery\SUPERVIVE-Win64-Shipping.exec_0x1BC77D20000_1000.bin,heromastery,0x1bc77d20000,0x1000,4096,8041fa98df41ffe7cbf63b3b84ec8ab719075d224a41b489c6362e78bcfb6dd1,0,0,0,107,0.2852,4883ec4848894c242048895424284c89,2013,4095,1
../../../dumps\heromastery\SUPERVIVE-Win64-Shipping.exec_0x1BC79A30000_10000.bin,heromastery,0x1bc79a30000,0x10000,65536,157a8b6f42160c9c81ecb99a70c65054702d675da8e94c1209769fb181cab566,0,0,0,5935,0.9989,00000000000000000000000000000000,2048,4096,0
../../../dumps\heromastery\SUPERVIVE-Win64-Shipping.exec_0x1BC79AA0000_10000.bin,heromastery,0x1bc79aa0000,0x10000,65536,084dcdcae92b88d3bfc0e08d1b4ce57f0b6c252ee05f0848e0061d0eaf9e1761,0,0,0,45434,5.3140,00000000000000000000000000000000,2048,4096,0
../../../dumps\heromastery\SUPERVIVE-Win64-Shipping.exec_0x1BCDE8C0000_1000.bin,heromastery,0x1bcde8c0000,0x1000,4096,9c6f6ebe79736fe09487be9b55938c477ad02bb8f08d05a0dde7b32fcf0dec1f,0,0,0,67,0.1915,48b9006092debc01000048ba8f010000,2012,4096,0
../../../dumps\heromastery\SUPERVIVE-Win64-Shipping.exec_0x1BCDE900000_29000.bin,heromastery,0x1bcde900000,0x29000,167936,2f3a463672873b43b4048f3d452f573ca775384bb3c9110d9de0de9a58795998,1,1,0,112903,6.2377,4d5a90000300000004000000ffff0000,6,12,4084
../../../dumps\heromastery\SUPERVIVE-Win64-Shipping.exec_0x1BCE5FD0000_1000.bin,heromastery,0x1bce5fd0000,0x1000,4096,552fb663af38ad257911517a2128aadf863ca862d3db6d15aa56c0ea03c6697b,0,0,0,68,0.1949,48b900a00d8ebd01000048babf010000,2012,4096,0
../../../dumps\heromastery\SUPERVIVE-Win64-Shipping.exec_0x1BD82110000_1000.bin,heromastery,0x1bd82110000,0x1000,4096,4d3175742cd7e87099ffb46915bed4d68c8e97257178627faaad5a782dd31472,0,0,0,68,0.1955,48b90030208bbd01000048ba81010000,2012,4096,0
../../../dumps\heromastery\SUPERVIVE-Win64-Shipping.exec_0x1BD8B1E0000_26000.bin,heromastery,0x1bd8b1e0000,0x26000,155648,3dc25396751f1be0e73ebd853220ba8c04fc57776ee822eddcbf404be34029ff,1,1,0,105660,6.2553,4d5a90000300000004000000ffff0000,6,12,4084
../../../dumps\heromastery\SUPERVIVE-Win64-Shipping.exec_0x1BD8E050000_8D000.bin,heromastery,0x1bd8e050000,0x8d000,577536,227f7c95880137a6fe1b20936365bcffa2ab42ba14a24581de5c6edf212e0fd4,1,1,0,159027,6.0640,4d5a90000300000004000000ffff0000,6,12,4084
../../../dumps\heromastery\SUPERVIVE-Win64-Shipping.exec_0x7FF7C7EC0000_1000.bin,heromastery,0x7ff7c7ec0000,0x1000,4096,22da86aea63a26e694aa670b4fbf353313526ced625ceeaa2ee7f78430d3a4cc,0,0,0,47,0.1455,48895c2408e99b543701000000000000,2037,4096,0
../../../dumps\heromastery\SUPERVIVE-Win64-Shipping.exec_0x7FF7C7ED0000_1000.bin,heromastery,0x7ff7c7ed0000,0x1000,4096,be0e663633cf812cdd5e17c060ac1c156e8ac02afd18ae7b55549bc34ba91f70,0,0,0,47,0.1459,48895c2408e99b543601000000000000,2037,4096,0
../../../dumps\heromastery\SUPERVIVE-Win64-Shipping.exec_0x7FF7C7EE0000_1000.bin,heromastery,0x7ff7c7ee0000,0x1000,4096,71a7d9e19c6d88601424861d46fe6b4e647bdece1c5145890ffefe02db2116e1,0,0,0,47,0.1455,48895c2408e99b543501000000000000,2037,4096,0
../../../dumps\heromastery\SUPERVIVE-Win64-Shipping.exec_0x7FFA3E120000_10000.bin,heromastery,0x7ffa3e120000,0x10000,65536,902c7031a3b2d928d57c6189e5b37dafbdf4cac8627554556f3a70443cfea04a,0,0,0,448,0.0981,4883ec48498bc1e99b100100e94fd255,166,386,3710
../../../dumps\heromastery\SUPERVIVE-Win64-Shipping.exec_0x7FFA3FA50000_A000.bin,heromastery,0x7ffa3fa50000,0xa000,40960,352a06569c11a3fa1681bd729529e6b720cec10ff4b6962cd9164aaad4e00af3,0,0,0,1021,0.3183,40555357488bece90bda3f00e94fd1c1,725,1677,2419
../../../dumps\heromastery\SUPERVIVE-Win64-Shipping.exec_0x7FFA423E0000_D000.bin,heromastery,0x7ffa423e0000,0xd000,53248,22cb6e607b4fc5e5f1253d8041627f96d7eb121eb45f31bae34089a224694e4e,0,0,0,39488,5.6816,41c1c1034123c133c24103c3458b5a18,1275,4096,0
../../../dumps\loadout\SUPERVIVE-Win64-Shipping.exec_0x1FC1C090000_1000.bin,loadout,0x1fc1c090000,0x1000,4096,e05b563299d75e4921acdba5dcfbc96144ea583d7c037ce329c9769a49d4f84f,0,0,0,68,0.1955,48b90080b61dfc01000048ba86010000,2012,4096,0
../../../dumps\loadout\SUPERVIVE-Win64-Shipping.exec_0x1FC1DB40000_2B000.bin,loadout,0x1fc1db40000,0x2b000,176128,7c87f0a7953544be120403ae7f7e52db0db8a8dcaa3677fd04a8746f25416205,1,1,0,110768,6.2184,4d5a90000300000004000000ffff0000,6,12,4084
../../../dumps\loadout\SUPERVIVE-Win64-Shipping.exec_0x1FC49F60000_1000.bin,loadout,0x1fc49f60000,0x1000,4096,c8f45aeb9d4a4cc3666de2d5c97dfe549484905fc51943e5fd694413636974c7,0,0,0,107,0.2872,4883ec4848894c242048895424284c89,2013,4095,1
../../../dumps\loadout\SUPERVIVE-Win64-Shipping.exec_0x1FC886F0000_10000.bin,loadout,0x1fc886f0000,0x10000,65536,fa6e9286524887475fd7826fa071722b41202f584f3fdd38fb21d05bded79fc1,0,0,0,22809,3.1618,00000000000000000000000000000000,2048,4096,0
../../../dumps\loadout\SUPERVIVE-Win64-Shipping.exec_0x1FCE5AF0000_10000.bin,loadout,0x1fce5af0000,0x10000,65536,c4cb1f793b25c7eab3f1585600bb409f9a6ea7eb9b7dbabaa63014014b1b6a82,0,0,0,28558,3.7547,00000000000000000000000000000000,2048,4096,0
../../../dumps\loadout\SUPERVIVE-Win64-Shipping.exec_0x1FD16D80000_1000.bin,loadout,0x1fd16d80000,0x1000,4096,2537fe2db43c323d747ceea1e315965a8ea6f3564999a99dd92a3911bd748902,0,0,0,68,0.1932,48b900400117fd01000048bab9010000,2012,4096,0
../../../dumps\loadout\SUPERVIVE-Win64-Shipping.exec_0x1FD16E30000_1000.bin,loadout,0x1fd16e30000,0x1000,4096,4550e2ed55b8072dba3746f1c273b59808783de407e47baa58001ef11d326a07,0,0,0,68,0.1949,48b90010bb19fd01000048bab9010000,2012,4096,0
../../../dumps\loadout\SUPERVIVE-Win64-Shipping.exec_0x1FD16F90000_87000.bin,loadout,0x1fd16f90000,0x87000,552960,949faa0d6e59327deb3bf460fd81fe9ad65016b03a04f0704adfd7816bf040c6,1,1,0,150060,6.1071,4d5a90000300000004000000ffff0000,6,12,4084
../../../dumps\loadout\SUPERVIVE-Win64-Shipping.exec_0x1FD19AE0000_D4000.bin,loadout,0x1fd19ae0000,0xd4000,868352,b35c813aa049079d202eb629f4421b3153ce89ba839fae0eba4bc543fd8c64c1,1,1,0,208166,6.2412,4d5a90000300000004000000ffff0000,6,12,4084
../../../dumps\loadout\SUPERVIVE-Win64-Shipping.exec_0x1FD99200000_1000.bin,loadout,0x1fd99200000,0x1000,4096,29d8934232e08084601d416df05c89477644381ce985b206ad659a9e8ecc3e1b,0,0,0,68,0.1955,48b900303c99fd01000048ba81010000,2012,4096,0
../../../dumps\loadout\SUPERVIVE-Win64-Shipping.exec_0x1FD993A0000_26000.bin,loadout,0x1fd993a0000,0x26000,155648,badf52094dadaea1193888ad0e9fe4327647deb8880093002a97fcf54983d407,1,1,0,105660,6.2553,4d5a90000300000004000000ffff0000,6,12,4084
../../../dumps\loadout\SUPERVIVE-Win64-Shipping.exec_0x1FE01D00000_2E000.bin,loadout,0x1fe01d00000,0x2e000,188416,6c482c845ccc42bd4c7d76a8d9a7936fb63eff39776a94c10b869fd749f8b4cc,1,1,0,122619,6.2140,4d5a90000300000004000000ffff0000,6,12,4084
../../../dumps\loadout\SUPERVIVE-Win64-Shipping.exec_0x1FE01D30000_1000.bin,loadout,0x1fe01d30000,0x1000,4096,5ecdff33565776cba4a1f429e4314be4da31af68a23d01ace486e37f2d7d731c,0,0,0,68,0.1920,48b900b0d201fe01000048ba91010000,2012,4096,0
../../../dumps\loadout\SUPERVIVE-Win64-Shipping.exec_0x7FF6AEFD0000_1000.bin,loadout,0x7ff6aefd0000,0x1000,4096,0101df5a284c37dfb41b71071c3d92960dc99082b726b9d299784d44f5a3b301,0,0,0,47,0.1455,48895c2408e99b543701000000000000,2037,4096,0
../../../dumps\loadout\SUPERVIVE-Win64-Shipping.exec_0x7FF6AEFE0000_1000.bin,loadout,0x7ff6aefe0000,0x1000,4096,dd6ef15457dc3489afc3da096af3162bc6479cd03a800be36991ba700e1b55d6,0,0,0,47,0.1443,48895c2408e99b543601000000000000,2037,4096,0
../../../dumps\loadout\SUPERVIVE-Win64-Shipping.exec_0x7FF6AEFF0000_1000.bin,loadout,0x7ff6aeff0000,0x1000,4096,afefc7cc8ee6b15b259d78d7a6016ef2a95e60babb846b66e4241e40b6a57bc2,0,0,0,47,0.1448,48895c2408e99b543501000000000000,2037,4096,0
../../../dumps\loadout\SUPERVIVE-Win64-Shipping.exec_0x7FF909BD0000_10000.bin,loadout,0x7ff909bd0000,0x10000,65536,043be45244b55e25d815b9be397a5b2b7f96cf99c431ff989dd1abfb045fac98,0,0,0,467,0.1022,4883ec48498bc1e99b100100ff250000,339,850,3246
../../../dumps\loadout\SUPERVIVE-Win64-Shipping.exec_0x7FF90B830000_8000.bin,loadout,0x7ff90b830000,0x8000,32768,c20ddf8c2551af89ff2c9d4eb8baa6705ce241191af92a9575bdbaf027f04b30,0,0,0,1213,0.4498,40555357488bece90bda1e00ff250000,104,275,3821
../../../dumps\loadout\SUPERVIVE-Win64-Shipping.exec_0x7FF90DEA0000_D000.bin,loadout,0x7ff90dea0000,0xd000,53248,3233984729dca8191efead8b2b2119583bb05dd690bc41ef602efb6b9a494544,0,0,0,39573,5.6918,d14433c0458b4a0cc1c20b4423c24489,1269,4094,2
../../../dumps\lobby-dispatch-decrypted\SUPERVIVE-Win64-Shipping.exec_0x1D217490000_26000.bin,lobby-dispatch-decrypted,0x1d217490000,0x26000,155648,22f068c772b5f5093ba0377389add17266a8ef5c60de60c125d86ec3c6dd4662,1,1,0,105660,6.2553,4d5a90000300000004000000ffff0000,6,12,4084
../../../dumps\lobby-dispatch-decrypted\SUPERVIVE-Win64-Shipping.exec_0x1D217AE0000_1000.bin,lobby-dispatch-decrypted,0x1d217ae0000,0x1000,4096,285093efe5f1787f329c9264ee99ac80f7394a663d4b09f5e9a6994a5dc8c7e4,0,0,0,68,0.1944,48b900304b17d201000048ba81010000,2012,4096,0
../../../dumps\lobby-dispatch-decrypted\SUPERVIVE-Win64-Shipping.exec_0x1D2297A0000_1000.bin,lobby-dispatch-decrypted,0x1d2297a0000,0x1000,4096,eee517da9fb991b525367312a0e207c7784bb17b0a0374c897313651dc2ed6b1,0,0,0,68,0.1955,48b90070142bd201000048ba87010000,2012,4096,0
../../../dumps\lobby-dispatch-decrypted\SUPERVIVE-Win64-Shipping.exec_0x1D22B0E0000_6A000.bin,lobby-dispatch-decrypted,0x1d22b0e0000,0x6a000,434176,29922675b2e39ceeffbff851849c47e54a55bec4f20d51dc476accbc54475020,1,1,0,317854,6.2235,4d5a90000300000004000000ffff0000,6,12,4084
../../../dumps\lobby-dispatch-decrypted\SUPERVIVE-Win64-Shipping.exec_0x1D22FE60000_2E000.bin,lobby-dispatch-decrypted,0x1d22fe60000,0x2e000,188416,a0578dd90e38cc83c84763a529d95b5a51bd40720607e0cce5e765dbe3433070,1,1,0,119099,6.2140,4d5a90000300000004000000ffff0000,6,12,4084
../../../dumps\lobby-dispatch-decrypted\SUPERVIVE-Win64-Shipping.exec_0x1D22FE90000_1000.bin,lobby-dispatch-decrypted,0x1d22fe90000,0x1000,4096,67cc8b9b40145b5c09a4c341349be96ada3ec7f4dff5bd355a4f7e2e9b8240ea,0,0,0,68,0.1955,48b900b0e82fd201000048ba91010000,2012,4096,0
../../../dumps\lobby-dispatch-decrypted\SUPERVIVE-Win64-Shipping.exec_0x1D251080000_1000.bin,lobby-dispatch-decrypted,0x1d251080000,0x1000,4096,97d5dce3e68c4fc8aa7445f59aefa5856832e49693d0f6b34b93eaa49449de3b,0,0,0,68,0.1929,48b900a02083d301000048babf010000,2012,4096,0
../../../dumps\lobby-dispatch-decrypted\SUPERVIVE-Win64-Shipping.exec_0x1D254880000_1000.bin,lobby-dispatch-decrypted,0x1d254880000,0x1000,4096,aa6b951db87a024118b4589e7dd857f8ffb2ce032ba877108f4ac74a8d86b8be,0,0,0,107,0.2872,4883ec4848894c242048895424284c89,2013,4095,1
../../../dumps\lobby-dispatch-decrypted\SUPERVIVE-Win64-Shipping.exec_0x1D2965E0000_10000.bin,lobby-dispatch-decrypted,0x1d2965e0000,0x10000,65536,2aaff92c7e77eb26e18fccfbbdc14d8b1235b4a1739abb54971582c58352a4a0,0,0,0,1094,0.2226,00000000000000000000000000000000,2048,4096,0
../../../dumps\lobby-dispatch-decrypted\SUPERVIVE-Win64-Shipping.exec_0x1D296620000_10000.bin,lobby-dispatch-decrypted,0x1d296620000,0x10000,65536,03a4a60645344d0565b0d8c304b240e43b7a5ea2a67b1f61cb47e6a04c717325,0,0,0,50274,5.6987,00000000000000000000000000000000,1698,3394,702
../../../dumps\lobby-dispatch-decrypted\SUPERVIVE-Win64-Shipping.exec_0x1D368150000_29000.bin,lobby-dispatch-decrypted,0x1d368150000,0x29000,167936,519b8320dbd9c4739792ba7f3924975039f5afb48b8552b52e6247f5610745a8,1,1,0,112901,6.2377,4d5a90000300000004000000ffff0000,6,12,4084
../../../dumps\lobby-dispatch-decrypted\SUPERVIVE-Win64-Shipping.exec_0x1D368180000_1000.bin,lobby-dispatch-decrypted,0x1d368180000,0x1000,4096,e368ad3e1890322cbd9a9ee16c97fbce274ce44e8e53a5516f391a433fa6f04c,0,0,0,67,0.1923,48b900601768d301000048ba8f010000,2012,4096,0
../../../dumps\lobby-dispatch-decrypted\SUPERVIVE-Win64-Shipping.exec_0x1D369210000_1000.bin,lobby-dispatch-decrypted,0x1d369210000,0x1000,4096,d2564d09210225615f7fa79a6111c92a4d452016ed83bcc83cb9c173e88773f2,0,0,0,68,0.1949,48b900104769d301000048bab9010000,2012,4096,0
../../../dumps\lobby-dispatch-decrypted\SUPERVIVE-Win64-Shipping.exec_0x1D3693A0000_D4000.bin,lobby-dispatch-decrypted,0x1d3693a0000,0xd4000,868352,b73e179131d851c0fe9482d5a4a5975aa8493d4ce0090fd05221c56d4160029b,1,1,0,207456,6.2412,4d5a90000300000004000000ffff0000,6,12,4084
../../../dumps\lobby-dispatch-decrypted\SUPERVIVE-Win64-Shipping.exec_0x1D383180000_8D000.bin,lobby-dispatch-decrypted,0x1d383180000,0x8d000,577536,7992af144558b02b402aeaf30bf81b95bcf66d6ce0562dee31016faf5db74359,1,1,0,159059,6.0640,4d5a90000300000004000000ffff0000,6,12,4084
../../../dumps\lobby-dispatch-decrypted\SUPERVIVE-Win64-Shipping.exec_0x7FF7C7EB0000_1000.bin,lobby-dispatch-decrypted,0x7ff7c7eb0000,0x1000,4096,50390bb9435c52fa89f58a80daa80b1b067961300afdb9033c31781ca91b0d3d,0,0,0,47,0.1459,48895c2408e99b543801000000000000,2037,4096,0
../../../dumps\lobby-dispatch-decrypted\SUPERVIVE-Win64-Shipping.exec_0x7FF7C7EC0000_1000.bin,lobby-dispatch-decrypted,0x7ff7c7ec0000,0x1000,4096,5850e217772e1bcec5f6cc82b5806cb137ceb5ae0a5c9369314b7d0de4edf41e,0,0,0,47,0.1455,48895c2408e99b543701000000000000,2037,4096,0
../../../dumps\lobby-dispatch-decrypted\SUPERVIVE-Win64-Shipping.exec_0x7FF7C7ED0000_1000.bin,lobby-dispatch-decrypted,0x7ff7c7ed0000,0x1000,4096,4190bfa3fb2fef725a5bf1027d59e1649f6913dfa95dfa1be03f2640f79c7d83,0,0,0,47,0.1459,48895c2408e99b543601000000000000,2037,4096,0
../../../dumps\lobby-dispatch-decrypted\SUPERVIVE-Win64-Shipping.exec_0x7FF7C7EE0000_1000.bin,lobby-dispatch-decrypted,0x7ff7c7ee0000,0x1000,4096,2a53798bf1caf27b4c3e844baab987bd4c703b37505278f293625108c29bc5b7,0,0,0,47,0.1453,48895c2408e99b543501000000000000,2037,4096,0
../../../dumps\lobby-dispatch-decrypted\SUPERVIVE-Win64-Shipping.exec_0x7FFA3E120000_10000.bin,lobby-dispatch-decrypted,0x7ffa3e120000,0x10000,65536,5b89c9ca9f304efe521b2fb5744981f8e1ecb26eb8c26992f1bbb8f1de57a871,0,0,0,534,0.1156,4883ec48498bc1e99b100100ff250000,4,18,4078
../../../dumps\lobby-dispatch-decrypted\SUPERVIVE-Win64-Shipping.exec_0x7FFA3FA50000_A000.bin,lobby-dispatch-decrypted,0x7ffa3fa50000,0xa000,40960,33b1bcbb46dd6798a6b27700284727395bed0946da994ed47f0b150404b436ab,0,0,0,1211,0.3672,40555357488bece90bda3f00ff250000,6,18,4078
../../../dumps\lobby-dispatch-decrypted\SUPERVIVE-Win64-Shipping.exec_0x7FFA423E0000_D000.bin,lobby-dispatch-decrypted,0x7ffa423e0000,0xd000,53248,22cb6e607b4fc5e5f1253d8041627f96d7eb121eb45f31bae34089a224694e4e,0,0,0,39488,5.6816,41c1c1034123c133c24103c3458b5a18,1275,4096,0
../../../dumps\menu\SUPERVIVE-Win64-Shipping.exec_0x1FC1C090000_1000.bin,menu,0x1fc1c090000,0x1000,4096,e05b563299d75e4921acdba5dcfbc96144ea583d7c037ce329c9769a49d4f84f,0,0,0,68,0.1955,48b90080b61dfc01000048ba86010000,2012,4096,0
../../../dumps\menu\SUPERVIVE-Win64-Shipping.exec_0x1FC1DB40000_2B000.bin,menu,0x1fc1db40000,0x2b000,176128,7c87f0a7953544be120403ae7f7e52db0db8a8dcaa3677fd04a8746f25416205,1,1,0,110768,6.2184,4d5a90000300000004000000ffff0000,6,12,4084
../../../dumps\menu\SUPERVIVE-Win64-Shipping.exec_0x1FC49F60000_1000.bin,menu,0x1fc49f60000,0x1000,4096,c8f45aeb9d4a4cc3666de2d5c97dfe549484905fc51943e5fd694413636974c7,0,0,0,107,0.2872,4883ec4848894c242048895424284c89,2013,4095,1
../../../dumps\menu\SUPERVIVE-Win64-Shipping.exec_0x1FC886F0000_10000.bin,menu,0x1fc886f0000,0x10000,65536,fa6e9286524887475fd7826fa071722b41202f584f3fdd38fb21d05bded79fc1,0,0,0,22809,3.1618,00000000000000000000000000000000,2048,4096,0
../../../dumps\menu\SUPERVIVE-Win64-Shipping.exec_0x1FCE5AF0000_10000.bin,menu,0x1fce5af0000,0x10000,65536,c4cb1f793b25c7eab3f1585600bb409f9a6ea7eb9b7dbabaa63014014b1b6a82,0,0,0,28558,3.7547,00000000000000000000000000000000,2048,4096,0
../../../dumps\menu\SUPERVIVE-Win64-Shipping.exec_0x1FD16D80000_1000.bin,menu,0x1fd16d80000,0x1000,4096,2537fe2db43c323d747ceea1e315965a8ea6f3564999a99dd92a3911bd748902,0,0,0,68,0.1932,48b900400117fd01000048bab9010000,2012,4096,0
../../../dumps\menu\SUPERVIVE-Win64-Shipping.exec_0x1FD16E30000_1000.bin,menu,0x1fd16e30000,0x1000,4096,4550e2ed55b8072dba3746f1c273b59808783de407e47baa58001ef11d326a07,0,0,0,68,0.1949,48b90010bb19fd01000048bab9010000,2012,4096,0
../../../dumps\menu\SUPERVIVE-Win64-Shipping.exec_0x1FD16F90000_87000.bin,menu,0x1fd16f90000,0x87000,552960,41e69e3aaa15f14a440bc01dbc9a2fdd2d72751223b73f5f6b551136ef1cf6b1,1,1,0,149848,6.1071,4d5a90000300000004000000ffff0000,6,12,4084
../../../dumps\menu\SUPERVIVE-Win64-Shipping.exec_0x1FD19AE0000_D4000.bin,menu,0x1fd19ae0000,0xd4000,868352,b35c813aa049079d202eb629f4421b3153ce89ba839fae0eba4bc543fd8c64c1,1,1,0,208166,6.2412,4d5a90000300000004000000ffff0000,6,12,4084
../../../dumps\menu\SUPERVIVE-Win64-Shipping.exec_0x1FD99200000_1000.bin,menu,0x1fd99200000,0x1000,4096,29d8934232e08084601d416df05c89477644381ce985b206ad659a9e8ecc3e1b,0,0,0,68,0.1955,48b900303c99fd01000048ba81010000,2012,4096,0
../../../dumps\menu\SUPERVIVE-Win64-Shipping.exec_0x1FD993A0000_26000.bin,menu,0x1fd993a0000,0x26000,155648,badf52094dadaea1193888ad0e9fe4327647deb8880093002a97fcf54983d407,1,1,0,105660,6.2553,4d5a90000300000004000000ffff0000,6,12,4084
../../../dumps\menu\SUPERVIVE-Win64-Shipping.exec_0x1FE01D00000_2E000.bin,menu,0x1fe01d00000,0x2e000,188416,88b0838b7ddcf19d2f8b4ec912590ee35b7400fd9bdc8baeec932d05e5400b79,1,1,0,122584,6.2140,4d5a90000300000004000000ffff0000,6,12,4084
../../../dumps\menu\SUPERVIVE-Win64-Shipping.exec_0x1FE01D30000_1000.bin,menu,0x1fe01d30000,0x1000,4096,5ecdff33565776cba4a1f429e4314be4da31af68a23d01ace486e37f2d7d731c,0,0,0,68,0.1920,48b900b0d201fe01000048ba91010000,2012,4096,0
../../../dumps\menu\SUPERVIVE-Win64-Shipping.exec_0x7FF6AEFD0000_1000.bin,menu,0x7ff6aefd0000,0x1000,4096,0101df5a284c37dfb41b71071c3d92960dc99082b726b9d299784d44f5a3b301,0,0,0,47,0.1455,48895c2408e99b543701000000000000,2037,4096,0
../../../dumps\menu\SUPERVIVE-Win64-Shipping.exec_0x7FF6AEFE0000_1000.bin,menu,0x7ff6aefe0000,0x1000,4096,dd6ef15457dc3489afc3da096af3162bc6479cd03a800be36991ba700e1b55d6,0,0,0,47,0.1443,48895c2408e99b543601000000000000,2037,4096,0
../../../dumps\menu\SUPERVIVE-Win64-Shipping.exec_0x7FF6AEFF0000_1000.bin,menu,0x7ff6aeff0000,0x1000,4096,afefc7cc8ee6b15b259d78d7a6016ef2a95e60babb846b66e4241e40b6a57bc2,0,0,0,47,0.1448,48895c2408e99b543501000000000000,2037,4096,0
../../../dumps\menu\SUPERVIVE-Win64-Shipping.exec_0x7FF909BD0000_10000.bin,menu,0x7ff909bd0000,0x10000,65536,043be45244b55e25d815b9be397a5b2b7f96cf99c431ff989dd1abfb045fac98,0,0,0,467,0.1022,4883ec48498bc1e99b100100ff250000,339,850,3246
../../../dumps\menu\SUPERVIVE-Win64-Shipping.exec_0x7FF90B830000_8000.bin,menu,0x7ff90b830000,0x8000,32768,c20ddf8c2551af89ff2c9d4eb8baa6705ce241191af92a9575bdbaf027f04b30,0,0,0,1213,0.4498,40555357488bece90bda1e00ff250000,104,275,3821
../../../dumps\menu\SUPERVIVE-Win64-Shipping.exec_0x7FF90DEA0000_D000.bin,menu,0x7ff90dea0000,0xd000,53248,3233984729dca8191efead8b2b2119583bb05dd690bc41ef602efb6b9a494544,0,0,0,39573,5.6918,d14433c0458b4a0cc1c20b4423c24489,1269,4094,2
../../../dumps\missions\SUPERVIVE-Win64-Shipping.exec_0x1FC1C090000_1000.bin,missions,0x1fc1c090000,0x1000,4096,e05b563299d75e4921acdba5dcfbc96144ea583d7c037ce329c9769a49d4f84f,0,0,0,68,0.1955,48b90080b61dfc01000048ba86010000,2012,4096,0
../../../dumps\missions\SUPERVIVE-Win64-Shipping.exec_0x1FC1DB40000_2B000.bin,missions,0x1fc1db40000,0x2b000,176128,7c87f0a7953544be120403ae7f7e52db0db8a8dcaa3677fd04a8746f25416205,1,1,0,110768,6.2184,4d5a90000300000004000000ffff0000,6,12,4084
../../../dumps\missions\SUPERVIVE-Win64-Shipping.exec_0x1FC49F60000_1000.bin,missions,0x1fc49f60000,0x1000,4096,c8f45aeb9d4a4cc3666de2d5c97dfe549484905fc51943e5fd694413636974c7,0,0,0,107,0.2872,4883ec4848894c242048895424284c89,2013,4095,1
../../../dumps\missions\SUPERVIVE-Win64-Shipping.exec_0x1FC886F0000_10000.bin,missions,0x1fc886f0000,0x10000,65536,fa6e9286524887475fd7826fa071722b41202f584f3fdd38fb21d05bded79fc1,0,0,0,22809,3.1618,00000000000000000000000000000000,2048,4096,0
../../../dumps\missions\SUPERVIVE-Win64-Shipping.exec_0x1FCE5AF0000_10000.bin,missions,0x1fce5af0000,0x10000,65536,c4cb1f793b25c7eab3f1585600bb409f9a6ea7eb9b7dbabaa63014014b1b6a82,0,0,0,28558,3.7547,00000000000000000000000000000000,2048,4096,0
../../../dumps\missions\SUPERVIVE-Win64-Shipping.exec_0x1FD16D80000_1000.bin,missions,0x1fd16d80000,0x1000,4096,2537fe2db43c323d747ceea1e315965a8ea6f3564999a99dd92a3911bd748902,0,0,0,68,0.1932,48b900400117fd01000048bab9010000,2012,4096,0
../../../dumps\missions\SUPERVIVE-Win64-Shipping.exec_0x1FD16E30000_1000.bin,missions,0x1fd16e30000,0x1000,4096,4550e2ed55b8072dba3746f1c273b59808783de407e47baa58001ef11d326a07,0,0,0,68,0.1949,48b90010bb19fd01000048bab9010000,2012,4096,0
../../../dumps\missions\SUPERVIVE-Win64-Shipping.exec_0x1FD16F90000_87000.bin,missions,0x1fd16f90000,0x87000,552960,519f911e3e6d28592be22c72c9753c04ba86d7edd35afc000141e4ae0f165eed,1,1,0,149930,6.1071,4d5a90000300000004000000ffff0000,6,12,4084
../../../dumps\missions\SUPERVIVE-Win64-Shipping.exec_0x1FD19AE0000_D4000.bin,missions,0x1fd19ae0000,0xd4000,868352,b35c813aa049079d202eb629f4421b3153ce89ba839fae0eba4bc543fd8c64c1,1,1,0,208166,6.2412,4d5a90000300000004000000ffff0000,6,12,4084
../../../dumps\missions\SUPERVIVE-Win64-Shipping.exec_0x1FD99200000_1000.bin,missions,0x1fd99200000,0x1000,4096,29d8934232e08084601d416df05c89477644381ce985b206ad659a9e8ecc3e1b,0,0,0,68,0.1955,48b900303c99fd01000048ba81010000,2012,4096,0
../../../dumps\missions\SUPERVIVE-Win64-Shipping.exec_0x1FD993A0000_26000.bin,missions,0x1fd993a0000,0x26000,155648,badf52094dadaea1193888ad0e9fe4327647deb8880093002a97fcf54983d407,1,1,0,105660,6.2553,4d5a90000300000004000000ffff0000,6,12,4084
../../../dumps\missions\SUPERVIVE-Win64-Shipping.exec_0x1FE01D00000_2E000.bin,missions,0x1fe01d00000,0x2e000,188416,6c482c845ccc42bd4c7d76a8d9a7936fb63eff39776a94c10b869fd749f8b4cc,1,1,0,122619,6.2140,4d5a90000300000004000000ffff0000,6,12,4084
../../../dumps\missions\SUPERVIVE-Win64-Shipping.exec_0x1FE01D30000_1000.bin,missions,0x1fe01d30000,0x1000,4096,5ecdff33565776cba4a1f429e4314be4da31af68a23d01ace486e37f2d7d731c,0,0,0,68,0.1920,48b900b0d201fe01000048ba91010000,2012,4096,0
../../../dumps\missions\SUPERVIVE-Win64-Shipping.exec_0x7FF6AEFD0000_1000.bin,missions,0x7ff6aefd0000,0x1000,4096,0101df5a284c37dfb41b71071c3d92960dc99082b726b9d299784d44f5a3b301,0,0,0,47,0.1455,48895c2408e99b543701000000000000,2037,4096,0
../../../dumps\missions\SUPERVIVE-Win64-Shipping.exec_0x7FF6AEFE0000_1000.bin,missions,0x7ff6aefe0000,0x1000,4096,dd6ef15457dc3489afc3da096af3162bc6479cd03a800be36991ba700e1b55d6,0,0,0,47,0.1443,48895c2408e99b543601000000000000,2037,4096,0
../../../dumps\missions\SUPERVIVE-Win64-Shipping.exec_0x7FF6AEFF0000_1000.bin,missions,0x7ff6aeff0000,0x1000,4096,afefc7cc8ee6b15b259d78d7a6016ef2a95e60babb846b66e4241e40b6a57bc2,0,0,0,47,0.1448,48895c2408e99b543501000000000000,2037,4096,0
../../../dumps\missions\SUPERVIVE-Win64-Shipping.exec_0x7FF909BD0000_10000.bin,missions,0x7ff909bd0000,0x10000,65536,043be45244b55e25d815b9be397a5b2b7f96cf99c431ff989dd1abfb045fac98,0,0,0,467,0.1022,4883ec48498bc1e99b100100ff250000,339,850,3246
../../../dumps\missions\SUPERVIVE-Win64-Shipping.exec_0x7FF90B830000_8000.bin,missions,0x7ff90b830000,0x8000,32768,c20ddf8c2551af89ff2c9d4eb8baa6705ce241191af92a9575bdbaf027f04b30,0,0,0,1213,0.4498,40555357488bece90bda1e00ff250000,104,275,3821
../../../dumps\missions\SUPERVIVE-Win64-Shipping.exec_0x7FF90DEA0000_D000.bin,missions,0x7ff90dea0000,0xd000,53248,3233984729dca8191efead8b2b2119583bb05dd690bc41ef602efb6b9a494544,0,0,0,39573,5.6918,d14433c0458b4a0cc1c20b4423c24489,1269,4094,2
../../../dumps\rcb\SUPERVIVE-Win64-Shipping.exec_0x1B405CF0000_10000.bin,rcb,0x1b405cf0000,0x10000,65536,782ba64c7189f7d01a959aa030eeb4581b6934589cbf5c7141b740153f9f379e,0,0,0,28560,3.7541,00000000000000000000000000000000,2048,4096,0
../../../dumps\rcb\SUPERVIVE-Win64-Shipping.exec_0x1B40C330000_10000.bin,rcb,0x1b40c330000,0x10000,65536,24a83068fcc5a53648df5e399fea6367c7853f0d5de7f9ac0feaca9a5d3f2fcc,0,0,0,22809,3.1617,00000000000000000000000000000000,2048,4096,0
../../../dumps\rcb\SUPERVIVE-Win64-Shipping.exec_0x7FF909BD0000_10000.bin,rcb,0x7ff909bd0000,0x10000,65536,d5ae3f4a81d645679eed4aac581cb8150f76ab4e6469a66536a357ed401be0d8,0,0,0,393,0.0870,4883ec48498bc1e99b100100e99fd107,166,386,3710
../../../dumps\rcb\SUPERVIVE-Win64-Shipping.exec_0x7FF90B830000_8000.bin,rcb,0x7ff90b830000,0x8000,32768,6c508dcdcecaef942c5ea1203b2485a0f09bd00f78c309c845e1198983896480,0,0,0,1023,0.3907,40555357488bece90bda1e00e99fd040,723,1673,2423
../../../dumps\rcb\SUPERVIVE-Win64-Shipping.exec_0x7FF90DEA0000_D000.bin,rcb,0x7ff90dea0000,0xd000,53248,3233984729dca8191efead8b2b2119583bb05dd690bc41ef602efb6b9a494544,0,0,0,39573,5.6918,d14433c0458b4a0cc1c20b4423c24489,1269,4094,2
../../../dumps\roster\SUPERVIVE-Win64-Shipping.exec_0x1FC1C090000_1000.bin,roster,0x1fc1c090000,0x1000,4096,e05b563299d75e4921acdba5dcfbc96144ea583d7c037ce329c9769a49d4f84f,0,0,0,68,0.1955,48b90080b61dfc01000048ba86010000,2012,4096,0
../../../dumps\roster\SUPERVIVE-Win64-Shipping.exec_0x1FC1DB40000_2B000.bin,roster,0x1fc1db40000,0x2b000,176128,7c87f0a7953544be120403ae7f7e52db0db8a8dcaa3677fd04a8746f25416205,1,1,0,110768,6.2184,4d5a90000300000004000000ffff0000,6,12,4084
../../../dumps\roster\SUPERVIVE-Win64-Shipping.exec_0x1FC49F60000_1000.bin,roster,0x1fc49f60000,0x1000,4096,c8f45aeb9d4a4cc3666de2d5c97dfe549484905fc51943e5fd694413636974c7,0,0,0,107,0.2872,4883ec4848894c242048895424284c89,2013,4095,1
../../../dumps\roster\SUPERVIVE-Win64-Shipping.exec_0x1FC886F0000_10000.bin,roster,0x1fc886f0000,0x10000,65536,fa6e9286524887475fd7826fa071722b41202f584f3fdd38fb21d05bded79fc1,0,0,0,22809,3.1618,00000000000000000000000000000000,2048,4096,0
../../../dumps\roster\SUPERVIVE-Win64-Shipping.exec_0x1FCE5AF0000_10000.bin,roster,0x1fce5af0000,0x10000,65536,c4cb1f793b25c7eab3f1585600bb409f9a6ea7eb9b7dbabaa63014014b1b6a82,0,0,0,28558,3.7547,00000000000000000000000000000000,2048,4096,0
../../../dumps\roster\SUPERVIVE-Win64-Shipping.exec_0x1FD16D80000_1000.bin,roster,0x1fd16d80000,0x1000,4096,2537fe2db43c323d747ceea1e315965a8ea6f3564999a99dd92a3911bd748902,0,0,0,68,0.1932,48b900400117fd01000048bab9010000,2012,4096,0
../../../dumps\roster\SUPERVIVE-Win64-Shipping.exec_0x1FD16E30000_1000.bin,roster,0x1fd16e30000,0x1000,4096,4550e2ed55b8072dba3746f1c273b59808783de407e47baa58001ef11d326a07,0,0,0,68,0.1949,48b90010bb19fd01000048bab9010000,2012,4096,0
../../../dumps\roster\SUPERVIVE-Win64-Shipping.exec_0x1FD16F90000_87000.bin,roster,0x1fd16f90000,0x87000,552960,519f911e3e6d28592be22c72c9753c04ba86d7edd35afc000141e4ae0f165eed,1,1,0,149930,6.1071,4d5a90000300000004000000ffff0000,6,12,4084
../../../dumps\roster\SUPERVIVE-Win64-Shipping.exec_0x1FD19AE0000_D4000.bin,roster,0x1fd19ae0000,0xd4000,868352,b35c813aa049079d202eb629f4421b3153ce89ba839fae0eba4bc543fd8c64c1,1,1,0,208166,6.2412,4d5a90000300000004000000ffff0000,6,12,4084
../../../dumps\roster\SUPERVIVE-Win64-Shipping.exec_0x1FD99200000_1000.bin,roster,0x1fd99200000,0x1000,4096,29d8934232e08084601d416df05c89477644381ce985b206ad659a9e8ecc3e1b,0,0,0,68,0.1955,48b900303c99fd01000048ba81010000,2012,4096,0
../../../dumps\roster\SUPERVIVE-Win64-Shipping.exec_0x1FD993A0000_26000.bin,roster,0x1fd993a0000,0x26000,155648,badf52094dadaea1193888ad0e9fe4327647deb8880093002a97fcf54983d407,1,1,0,105660,6.2553,4d5a90000300000004000000ffff0000,6,12,4084
../../../dumps\roster\SUPERVIVE-Win64-Shipping.exec_0x1FE01D00000_2E000.bin,roster,0x1fe01d00000,0x2e000,188416,a1f91d77e0b0bb190956c509ef268b113c02ab8025f64c1c743ca37bb5f4a7ca,1,1,0,122584,6.2140,4d5a90000300000004000000ffff0000,6,12,4084
../../../dumps\roster\SUPERVIVE-Win64-Shipping.exec_0x1FE01D30000_1000.bin,roster,0x1fe01d30000,0x1000,4096,5ecdff33565776cba4a1f429e4314be4da31af68a23d01ace486e37f2d7d731c,0,0,0,68,0.1920,48b900b0d201fe01000048ba91010000,2012,4096,0
../../../dumps\roster\SUPERVIVE-Win64-Shipping.exec_0x7FF6AEFD0000_1000.bin,roster,0x7ff6aefd0000,0x1000,4096,0101df5a284c37dfb41b71071c3d92960dc99082b726b9d299784d44f5a3b301,0,0,0,47,0.1455,48895c2408e99b543701000000000000,2037,4096,0
../../../dumps\roster\SUPERVIVE-Win64-Shipping.exec_0x7FF6AEFE0000_1000.bin,roster,0x7ff6aefe0000,0x1000,4096,dd6ef15457dc3489afc3da096af3162bc6479cd03a800be36991ba700e1b55d6,0,0,0,47,0.1443,48895c2408e99b543601000000000000,2037,4096,0
../../../dumps\roster\SUPERVIVE-Win64-Shipping.exec_0x7FF6AEFF0000_1000.bin,roster,0x7ff6aeff0000,0x1000,4096,afefc7cc8ee6b15b259d78d7a6016ef2a95e60babb846b66e4241e40b6a57bc2,0,0,0,47,0.1448,48895c2408e99b543501000000000000,2037,4096,0
../../../dumps\roster\SUPERVIVE-Win64-Shipping.exec_0x7FF909BD0000_10000.bin,roster,0x7ff909bd0000,0x10000,65536,043be45244b55e25d815b9be397a5b2b7f96cf99c431ff989dd1abfb045fac98,0,0,0,467,0.1022,4883ec48498bc1e99b100100ff250000,339,850,3246
../../../dumps\roster\SUPERVIVE-Win64-Shipping.exec_0x7FF90B830000_8000.bin,roster,0x7ff90b830000,0x8000,32768,c20ddf8c2551af89ff2c9d4eb8baa6705ce241191af92a9575bdbaf027f04b30,0,0,0,1213,0.4498,40555357488bece90bda1e00ff250000,104,275,3821
../../../dumps\roster\SUPERVIVE-Win64-Shipping.exec_0x7FF90DEA0000_D000.bin,roster,0x7ff90dea0000,0xd000,53248,3233984729dca8191efead8b2b2119583bb05dd690bc41ef602efb6b9a494544,0,0,0,39573,5.6918,d14433c0458b4a0cc1c20b4423c24489,1269,4094,2
../../../dumps\s129-poolgate\SUPERVIVE-Win64-Shipping.exec_0x1EAD5F40000_10000.bin,s129-poolgate,0x1ead5f40000,0x10000,65536,549db58c00e3c8c0331b7857acbded9cc52281f87a9cfe6e7d0f4d98b0aecc52,0,0,0,22809,3.1617,00000000000000000000000000000000,2048,4096,0
../../../dumps\s129-poolgate\SUPERVIVE-Win64-Shipping.exec_0x1EADC670000_10000.bin,s129-poolgate,0x1eadc670000,0x10000,65536,331c1815d7f9a4eacbad094312f4662a3afa347aaa6c2fca9bdfcfc79a383314,0,0,0,28559,3.7544,00000000000000000000000000000000,2048,4096,0
../../../dumps\s129-poolgate\SUPERVIVE-Win64-Shipping.exec_0x1EAF5FC0000_1000.bin,s129-poolgate,0x1eaf5fc0000,0x1000,4096,df2186d580c907ff2a96fa859c0711f81545e53f896ef3fec1603ddc519850b9,0,0,0,68,0.1951,48b90090847aeb01000048ba96010000,2012,4096,0
../../../dumps\s129-poolgate\SUPERVIVE-Win64-Shipping.exec_0x1EB7A260000_1000.bin,s129-poolgate,0x1eb7a260000,0x1000,4096,37ad79aa050f3d4d1445b4fc79b73aa7791a95c40a5683a16ee6ac2329032a2d,0,0,0,68,0.1955,48b900204e7aeb01000048ba7d010000,2012,4096,0
../../../dumps\s129-poolgate\SUPERVIVE-Win64-Shipping.exec_0x1EB7A4C0000_25000.bin,s129-poolgate,0x1eb7a4c0000,0x25000,151552,3df14d83d561445469c9e5ef8c77588d1b52414c8e5bf3717dd69cd05b1e1be1,1,1,0,103650,6.2640,4d5a90000300000004000000ffff0000,6,12,4084
../../../dumps\s129-poolgate\SUPERVIVE-Win64-Shipping.exec_0x1EB7A820000_2C000.bin,s129-poolgate,0x1eb7a820000,0x2c000,180224,dc963c344c9ca17b5a232bcbb2a00e6f0459053ad72eba5e44283f0a79e6bdf8,1,1,0,122651,6.1828,4d5a90000300000004000000ffff0000,6,12,4084
../../../dumps\s129-poolgate\SUPERVIVE-Win64-Shipping.exec_0x1EB852E0000_1000.bin,s129-poolgate,0x1eb852e0000,0x1000,4096,aa4321c2afec780757e042461a8fbb3bf773393964b18bfd430fcfeaafef6ba6,0,0,0,68,0.1955,48b90030db8beb01000048baaa010000,2012,4096,0
../../../dumps\s129-poolgate\SUPERVIVE-Win64-Shipping.exec_0x1EB8BD80000_36000.bin,s129-poolgate,0x1eb8bd80000,0x36000,221184,db56c5a5fdf96e48565e7d0dd4500160d077d909457a3234b31f0a1ed95c7c89,1,1,0,157888,5.8835,4d5a90000300000004000000ffff0000,6,12,4084
../../../dumps\s129-poolgate\SUPERVIVE-Win64-Shipping.exec_0x1EB8C0A0000_1000.bin,s129-poolgate,0x1eb8c0a0000,0x1000,4096,908639065bbe594667d37aa68a8409e518a7dc30a36ff09ce152a96335120d5b,0,0,0,68,0.1953,48b900208a91eb01000048bab6010000,2012,4096,0
../../../dumps\s129-poolgate\SUPERVIVE-Win64-Shipping.exec_0x1EB8FB20000_1000.bin,s129-poolgate,0x1eb8fb20000,0x1000,4096,f9ac12170b2df34082a09c107f7654871b60d493a3a91d454820891445528121,0,0,0,68,0.1962,48b900200f92eb01000048bab6010000,2012,4096,0
../../../dumps\s129-poolgate\SUPERVIVE-Win64-Shipping.exec_0x1EB91820000_85000.bin,s129-poolgate,0x1eb91820000,0x85000,544768,cbc4287a4569e0a87d44b9c82ba48fee486a713de4dcb743bae2af322d2e159d,1,1,0,261485,5.7829,4d5a90000300000004000000ffff0000,6,12,4084
../../../dumps\s129-poolgate\SUPERVIVE-Win64-Shipping.exec_0x1EB92070000_85000.bin,s129-poolgate,0x1eb92070000,0x85000,544768,0dcb4c3cf354adc057a87ce14383298366a60fa155d91d5a34fc67b7f9544ea8,1,1,0,261514,5.7819,4d5a90000300000004000000ffff0000,6,12,4084
../../../dumps\s129-poolgate\SUPERVIVE-Win64-Shipping.exec_0x7FF7B86B0000_1000.bin,s129-poolgate,0x7ff7b86b0000,0x1000,4096,beec14084c949eb3465ed55a1240d4645b7d8f6bfd8e039d24124c28d9870cc7,0,0,0,47,0.1453,48895c2408e99b543601000000000000,2037,4096,0
../../../dumps\s129-poolgate\SUPERVIVE-Win64-Shipping.exec_0x7FF7B86C0000_1000.bin,s129-poolgate,0x7ff7b86c0000,0x1000,4096,c73402c52336a43a60ce077dbe12595d8d818ee78a161739c36676df07222cda,0,0,0,47,0.1453,48895c2408e99b543501000000000000,2037,4096,0
../../../dumps\s129-poolgate\SUPERVIVE-Win64-Shipping.exec_0x7FFB52FE0000_1000.bin,s129-poolgate,0x7ffb52fe0000,0x1000,4096,ca156c85b325a4286b17c19447afcb5cebf3366f727a6d3f7a30723d1dde7149,0,0,0,543,1.3236,4883ec48498bc1e99b10edffff250000,4,18,4078
../../../dumps\s129-poolgate\SUPERVIVE-Win64-Shipping.exec_0x7FFB54900000_F000.bin,s129-poolgate,0x7ffb54900000,0xf000,61440,e87f9edb7317439f225aa00c91450c75fb3789fdff7a7028fff9430b933ae3ab,0,0,0,1212,0.2578,40555357488bece90bda2200ff250000,6,18,4078
../../../dumps\s129-poolgate\SUPERVIVE-Win64-Shipping.exec_0x7FFB57160000_D000.bin,s129-poolgate,0x7ffb57160000,0xd000,53248,22cb6e607b4fc5e5f1253d8041627f96d7eb121eb45f31bae34089a224694e4e,0,0,0,39488,5.6816,41c1c1034123c133c24103c3458b5a18,1275,4096,0
../../../dumps\s131-droppod-live\SUPERVIVE-Win64-Shipping.exec_0x2BC7F500000_10000.bin,s131-droppod-live,0x2bc7f500000,0x10000,65536,5f5ff2c9cf603e9791a1c0c239d238017ef79a9886d934eb25b3f7a463f0463b,0,0,0,28560,3.7550,947b669b3e7d00003600000000000000,973,4096,0
../../../dumps\s131-droppod-live\SUPERVIVE-Win64-Shipping.exec_0x2BC7F940000_10000.bin,s131-droppod-live,0x2bc7f940000,0x10000,65536,8789e13a49eed60d6f47f929c9b7c429a0b99491b76b6ae816dd7ab78189f955,0,0,0,22809,3.1619,00000000000000000000000000000000,2048,4096,0
../../../dumps\s131-droppod-live\SUPERVIVE-Win64-Shipping.exec_0x2BCE8E10000_1000.bin,s131-droppod-live,0x2bce8e10000,0x1000,4096,68fb809056bc00aaa6c0d4a3c5012b69b05e8fa99f41bf9a55041275245c0b83,0,0,0,68,0.1971,48b9006018a9bd02000048babe010000,2012,4096,0
../../../dumps\s131-droppod-live\SUPERVIVE-Win64-Shipping.exec_0x2BD2F870000_25000.bin,s131-droppod-live,0x2bd2f870000,0x25000,151552,56970ae2b750af8f82796f6574b1b474c1782edc7557d6bda0c539fa89be3bfe,1,1,0,103654,6.2640,4d5a90000300000004000000ffff0000,6,12,4084
../../../dumps\s131-droppod-live\SUPERVIVE-Win64-Shipping.exec_0x2BD2F8A0000_1000.bin,s131-droppod-live,0x2bd2f8a0000,0x1000,4096,3e90ee439a9889b797b48c58dda3ef068dd92ea6340f1c3c03dd033ef158e7fe,0,0,0,68,0.1964,48b90020892fbd02000048ba7d010000,2012,4096,0
../../../dumps\s131-droppod-live\SUPERVIVE-Win64-Shipping.exec_0x2BD339F0000_1000.bin,s131-droppod-live,0x2bd339f0000,0x1000,4096,bf7342d6a360fe80c8be2b581bdb0c1c8e8334c9bf463afed1a205a2b27f96ef,0,0,0,68,0.1969,48b90020c733bd02000048ba7d010000,2012,4096,0
../../../dumps\s131-droppod-live\SUPERVIVE-Win64-Shipping.exec_0x2BD33C50000_25000.bin,s131-droppod-live,0x2bd33c50000,0x25000,151552,b753139b7ddcec7eebbc6b2336f6a07a2e82a023cd0961d3230dae3197806844,1,1,0,103653,6.2640,4d5a90000300000004000000ffff0000,6,12,4084
../../../dumps\s131-droppod-live\SUPERVIVE-Win64-Shipping.exec_0x2BD368C0000_2C000.bin,s131-droppod-live,0x2bd368c0000,0x2c000,180224,20d1d54b265cc0c25558d30845ffa982c1357b81b00fc1e7b23e5eb03397d86c,1,1,0,122654,6.1828,4d5a90000300000004000000ffff0000,6,12,4084
../../../dumps\s131-droppod-live\SUPERVIVE-Win64-Shipping.exec_0x2BD36B80000_1000.bin,s131-droppod-live,0x2bd36b80000,0x1000,4096,6d69ceb134ecb762c8efc0d2a2b9fd55bbdba247267fac0f59985f156436a775,0,0,0,68,0.1964,48b900908e36bd02000048ba96010000,2012,4096,0
../../../dumps\s131-droppod-live\SUPERVIVE-Win64-Shipping.exec_0x2BD3C930000_2C000.bin,s131-droppod-live,0x2bd3c930000,0x2c000,180224,41c8c9fa2f3871f45fa3a043b9f1c8897ca6c6824e061f22dea4f6b02141eddd,1,1,0,122447,6.1828,4d5a90000300000004000000ffff0000,6,12,4084
../../../dumps\s131-droppod-live\SUPERVIVE-Win64-Shipping.exec_0x2BD3C960000_1000.bin,s131-droppod-live,0x2bd3c960000,0x1000,4096,ab0305d255bebaab62054ebc779e5c1a75fb33e5f4b2795f1f31cf2904d22a06,0,0,0,68,0.1964,48b90090953cbd02000048ba96010000,2012,4096,0
../../../dumps\s131-droppod-live\SUPERVIVE-Win64-Shipping.exec_0x2BDA9100000_89000.bin,s131-droppod-live,0x2bda9100000,0x89000,561152,c7845a01a49281050c4cba60c21ef3b4fe097211f10d2fd0b66608580950014e,1,1,0,280023,5.8007,4d5a90000300000004000000ffff0000,6,12,4084
../../../dumps\s131-droppod-live\SUPERVIVE-Win64-Shipping.exec_0x2BDA95E0000_1000.bin,s131-droppod-live,0x2bda95e0000,0x1000,4096,338f3a177b38a8a3cd6c69e97d1560c62eae8174d268e511a757ef65bb22fc6b,0,0,0,68,0.1969,48b9004084a9bd02000048baa5010000,2012,4096,0
../../../dumps\s131-droppod-live\SUPERVIVE-Win64-Shipping.exec_0x2BDA97D0000_77000.bin,s131-droppod-live,0x2bda97d0000,0x77000,487424,41e282fc9a918444f824314f55a32ef4bdc01a80fd6b85c0f597be0f50f236b0,1,1,0,221594,5.9591,4d5a90000300000004000000ffff0000,6,12,4084
../../../dumps\s131-droppod-live\SUPERVIVE-Win64-Shipping.exec_0x2BDA9D40000_1000.bin,s131-droppod-live,0x2bda9d40000,0x1000,4096,b43d6972eb0b8b7089f238e3267610622f4f6ce88b76e2f3ba2dd7f64360a1b8,0,0,0,68,0.1976,48b900e0e5a9bd02000048babb010000,2012,4096,0
../../../dumps\s131-droppod-live\SUPERVIVE-Win64-Shipping.exec_0x2BDA9DD0000_91000.bin,s131-droppod-live,0x2bda9dd0000,0x91000,593920,41a00c12c97b1916477e499686c43c5803f0de3b3c1579f74f740e770a8d76af,1,1,0,303427,5.8077,4d5a90000300000004000000ffff0000,6,12,4084
../../../dumps\s131-droppod-live\SUPERVIVE-Win64-Shipping.exec_0x2BDAC840000_1000.bin,s131-droppod-live,0x2bdac840000,0x1000,4096,b171bf65f81829b224af1c136f4598956f3d35b8c0e1b2b6077af7406fac770b,0,0,0,68,0.1969,48b9003037aebd02000048baaa010000,2012,4096,0
../../../dumps\s131-droppod-live\SUPERVIVE-Win64-Shipping.exec_0x2BDAE340000_36000.bin,s131-droppod-live,0x2bdae340000,0x36000,221184,48d6cfa2ec3901b02eda28892554d2b8ee829a79ce5028aee21ad2c8584d23b8,1,1,0,157890,5.8835,4d5a90000300000004000000ffff0000,6,12,4084
../../../dumps\s131-droppod-live\SUPERVIVE-Win64-Shipping.exec_0x7FF630E60000_1000.bin,s131-droppod-live,0x7ff630e60000,0x1000,4096,98d541dc0f88ebe94e90768111c7d5d6bde5d3b778bc946add71c2e44182f9ad,0,0,0,47,0.1464,48895c2408e99b543701000000000000,2037,4096,0
../../../dumps\s131-droppod-live\SUPERVIVE-Win64-Shipping.exec_0x7FF630E70000_1000.bin,s131-droppod-live,0x7ff630e70000,0x1000,4096,7716698ad38932c9d3c8cfe1911900338e6f58769f206ebfe48d3601644e3d8c,0,0,0,47,0.1459,48895c2408e99b543601000000000000,2037,4096,0
../../../dumps\s131-droppod-live\SUPERVIVE-Win64-Shipping.exec_0x7FF630E80000_1000.bin,s131-droppod-live,0x7ff630e80000,0x1000,4096,0f68676b786a5b3c2302dfb6c43530cb3ca25465f646b0902bbb1cf4336abf5d,0,0,0,47,0.1464,48895c2408e99b543501000000000000,2037,4096,0
../../../dumps\s131-droppod-live\SUPERVIVE-Win64-Shipping.exec_0x7FFB52FE0000_1000.bin,s131-droppod-live,0x7ffb52fe0000,0x1000,4096,6a3476d5687d802aa576d4c4d1f31b64b7b60c2c10359879fc8afabb01d968ec,0,0,0,543,1.3259,4883ec48498bc1e99b10edffff250000,4,18,4078
../../../dumps\s131-droppod-live\SUPERVIVE-Win64-Shipping.exec_0x7FFB54900000_F000.bin,s131-droppod-live,0x7ffb54900000,0xf000,61440,120b135d81fe0980efbd8a1b1eb569fc037de2491abe13055357fb2409ed3780,0,0,0,1212,0.2576,40555357488bece90bda2200ff250000,6,18,4078
../../../dumps\s131-droppod-live\SUPERVIVE-Win64-Shipping.exec_0x7FFB57160000_D000.bin,s131-droppod-live,0x7ffb57160000,0xd000,53248,22cb6e607b4fc5e5f1253d8041627f96d7eb121eb45f31bae34089a224694e4e,0,0,0,39488,5.6816,41c1c1034123c133c24103c3458b5a18,1275,4096,0
../../../dumps\s131-rideable-live\SUPERVIVE-Win64-Shipping.exec_0x2BC7F500000_10000.bin,s131-rideable-live,0x2bc7f500000,0x10000,65536,5f5ff2c9cf603e9791a1c0c239d238017ef79a9886d934eb25b3f7a463f0463b,0,0,0,28560,3.7550,947b669b3e7d00003600000000000000,973,4096,0
../../../dumps\s131-rideable-live\SUPERVIVE-Win64-Shipping.exec_0x2BC7F940000_10000.bin,s131-rideable-live,0x2bc7f940000,0x10000,65536,8789e13a49eed60d6f47f929c9b7c429a0b99491b76b6ae816dd7ab78189f955,0,0,0,22809,3.1619,00000000000000000000000000000000,2048,4096,0
../../../dumps\s131-rideable-live\SUPERVIVE-Win64-Shipping.exec_0x2BCE8E10000_1000.bin,s131-rideable-live,0x2bce8e10000,0x1000,4096,68fb809056bc00aaa6c0d4a3c5012b69b05e8fa99f41bf9a55041275245c0b83,0,0,0,68,0.1971,48b9006018a9bd02000048babe010000,2012,4096,0
../../../dumps\s131-rideable-live\SUPERVIVE-Win64-Shipping.exec_0x2BD2F870000_25000.bin,s131-rideable-live,0x2bd2f870000,0x25000,151552,56970ae2b750af8f82796f6574b1b474c1782edc7557d6bda0c539fa89be3bfe,1,1,0,103654,6.2640,4d5a90000300000004000000ffff0000,6,12,4084
../../../dumps\s131-rideable-live\SUPERVIVE-Win64-Shipping.exec_0x2BD2F8A0000_1000.bin,s131-rideable-live,0x2bd2f8a0000,0x1000,4096,3e90ee439a9889b797b48c58dda3ef068dd92ea6340f1c3c03dd033ef158e7fe,0,0,0,68,0.1964,48b90020892fbd02000048ba7d010000,2012,4096,0
../../../dumps\s131-rideable-live\SUPERVIVE-Win64-Shipping.exec_0x2BD339F0000_1000.bin,s131-rideable-live,0x2bd339f0000,0x1000,4096,bf7342d6a360fe80c8be2b581bdb0c1c8e8334c9bf463afed1a205a2b27f96ef,0,0,0,68,0.1969,48b90020c733bd02000048ba7d010000,2012,4096,0
../../../dumps\s131-rideable-live\SUPERVIVE-Win64-Shipping.exec_0x2BD33C50000_25000.bin,s131-rideable-live,0x2bd33c50000,0x25000,151552,b753139b7ddcec7eebbc6b2336f6a07a2e82a023cd0961d3230dae3197806844,1,1,0,103653,6.2640,4d5a90000300000004000000ffff0000,6,12,4084
../../../dumps\s131-rideable-live\SUPERVIVE-Win64-Shipping.exec_0x2BD368C0000_2C000.bin,s131-rideable-live,0x2bd368c0000,0x2c000,180224,20d1d54b265cc0c25558d30845ffa982c1357b81b00fc1e7b23e5eb03397d86c,1,1,0,122654,6.1828,4d5a90000300000004000000ffff0000,6,12,4084
../../../dumps\s131-rideable-live\SUPERVIVE-Win64-Shipping.exec_0x2BD36B80000_1000.bin,s131-rideable-live,0x2bd36b80000,0x1000,4096,6d69ceb134ecb762c8efc0d2a2b9fd55bbdba247267fac0f59985f156436a775,0,0,0,68,0.1964,48b900908e36bd02000048ba96010000,2012,4096,0
../../../dumps\s131-rideable-live\SUPERVIVE-Win64-Shipping.exec_0x2BD3C930000_2C000.bin,s131-rideable-live,0x2bd3c930000,0x2c000,180224,41c8c9fa2f3871f45fa3a043b9f1c8897ca6c6824e061f22dea4f6b02141eddd,1,1,0,122447,6.1828,4d5a90000300000004000000ffff0000,6,12,4084
../../../dumps\s131-rideable-live\SUPERVIVE-Win64-Shipping.exec_0x2BD3C960000_1000.bin,s131-rideable-live,0x2bd3c960000,0x1000,4096,ab0305d255bebaab62054ebc779e5c1a75fb33e5f4b2795f1f31cf2904d22a06,0,0,0,68,0.1964,48b90090953cbd02000048ba96010000,2012,4096,0
../../../dumps\s131-rideable-live\SUPERVIVE-Win64-Shipping.exec_0x2BDA9100000_89000.bin,s131-rideable-live,0x2bda9100000,0x89000,561152,c7845a01a49281050c4cba60c21ef3b4fe097211f10d2fd0b66608580950014e,1,1,0,280023,5.8007,4d5a90000300000004000000ffff0000,6,12,4084
../../../dumps\s131-rideable-live\SUPERVIVE-Win64-Shipping.exec_0x2BDA95E0000_1000.bin,s131-rideable-live,0x2bda95e0000,0x1000,4096,338f3a177b38a8a3cd6c69e97d1560c62eae8174d268e511a757ef65bb22fc6b,0,0,0,68,0.1969,48b9004084a9bd02000048baa5010000,2012,4096,0
../../../dumps\s131-rideable-live\SUPERVIVE-Win64-Shipping.exec_0x2BDA97D0000_77000.bin,s131-rideable-live,0x2bda97d0000,0x77000,487424,41e282fc9a918444f824314f55a32ef4bdc01a80fd6b85c0f597be0f50f236b0,1,1,0,221594,5.9591,4d5a90000300000004000000ffff0000,6,12,4084
../../../dumps\s131-rideable-live\SUPERVIVE-Win64-Shipping.exec_0x2BDA9D40000_1000.bin,s131-rideable-live,0x2bda9d40000,0x1000,4096,b43d6972eb0b8b7089f238e3267610622f4f6ce88b76e2f3ba2dd7f64360a1b8,0,0,0,68,0.1976,48b900e0e5a9bd02000048babb010000,2012,4096,0
../../../dumps\s131-rideable-live\SUPERVIVE-Win64-Shipping.exec_0x2BDA9DD0000_91000.bin,s131-rideable-live,0x2bda9dd0000,0x91000,593920,41a00c12c97b1916477e499686c43c5803f0de3b3c1579f74f740e770a8d76af,1,1,0,303427,5.8077,4d5a90000300000004000000ffff0000,6,12,4084
../../../dumps\s131-rideable-live\SUPERVIVE-Win64-Shipping.exec_0x2BDAC840000_1000.bin,s131-rideable-live,0x2bdac840000,0x1000,4096,b171bf65f81829b224af1c136f4598956f3d35b8c0e1b2b6077af7406fac770b,0,0,0,68,0.1969,48b9003037aebd02000048baaa010000,2012,4096,0
../../../dumps\s131-rideable-live\SUPERVIVE-Win64-Shipping.exec_0x2BDAE340000_36000.bin,s131-rideable-live,0x2bdae340000,0x36000,221184,48d6cfa2ec3901b02eda28892554d2b8ee829a79ce5028aee21ad2c8584d23b8,1,1,0,157890,5.8835,4d5a90000300000004000000ffff0000,6,12,4084
../../../dumps\s131-rideable-live\SUPERVIVE-Win64-Shipping.exec_0x2BDB1FF0000_1000.bin,s131-rideable-live,0x2bdb1ff0000,0x1000,4096,68c9ff6b639bc49a5ca73201d899a8f41a02b1cf3fffb0bd33db647998290d9f,0,0,0,67,0.1936,48b900006cb3bd02000048baa2010000,2012,4096,0
../../../dumps\s131-rideable-live\SUPERVIVE-Win64-Shipping.exec_0x2BDB3650000_73000.bin,s131-rideable-live,0x2bdb3650000,0x73000,471040,c1f44113d1cae5d9a94ce6f579086a6b0b0fb0b29581249b8839f2c79df5c839,1,1,0,152497,6.0503,4d5a90000300000004000000ffff0000,6,12,4084
../../../dumps\s131-rideable-live\SUPERVIVE-Win64-Shipping.exec_0x2BDB52F0000_1000.bin,s131-rideable-live,0x2bdb52f0000,0x1000,4096,a5351f16dbd37ed69640de359a00cf3daf90c0055d688c6b5df2cc6558a99712,0,0,0,67,0.1911,48b90000f3babd02000048baa1010000,2012,4096,0
../../../dumps\s131-rideable-live\SUPERVIVE-Win64-Shipping.exec_0x2BDBAEC0000_73000.bin,s131-rideable-live,0x2bdbaec0000,0x73000,471040,3968ff0f055071cb9c7270d8b9112ad9d02e9827463f4af55ccb367a51f9206b,1,1,0,153896,6.0436,4d5a90000300000004000000ffff0000,6,12,4084
../../../dumps\s131-rideable-live\SUPERVIVE-Win64-Shipping.exec_0x7FF630E60000_1000.bin,s131-rideable-live,0x7ff630e60000,0x1000,4096,98d541dc0f88ebe94e90768111c7d5d6bde5d3b778bc946add71c2e44182f9ad,0,0,0,47,0.1464,48895c2408e99b543701000000000000,2037,4096,0
../../../dumps\s131-rideable-live\SUPERVIVE-Win64-Shipping.exec_0x7FF630E70000_1000.bin,s131-rideable-live,0x7ff630e70000,0x1000,4096,7716698ad38932c9d3c8cfe1911900338e6f58769f206ebfe48d3601644e3d8c,0,0,0,47,0.1459,48895c2408e99b543601000000000000,2037,4096,0
../../../dumps\s131-rideable-live\SUPERVIVE-Win64-Shipping.exec_0x7FF630E80000_1000.bin,s131-rideable-live,0x7ff630e80000,0x1000,4096,0f68676b786a5b3c2302dfb6c43530cb3ca25465f646b0902bbb1cf4336abf5d,0,0,0,47,0.1464,48895c2408e99b543501000000000000,2037,4096,0
../../../dumps\s131-rideable-live\SUPERVIVE-Win64-Shipping.exec_0x7FFB52FE0000_1000.bin,s131-rideable-live,0x7ffb52fe0000,0x1000,4096,6a3476d5687d802aa576d4c4d1f31b64b7b60c2c10359879fc8afabb01d968ec,0,0,0,543,1.3259,4883ec48498bc1e99b10edffff250000,4,18,4078
../../../dumps\s131-rideable-live\SUPERVIVE-Win64-Shipping.exec_0x7FFB54900000_F000.bin,s131-rideable-live,0x7ffb54900000,0xf000,61440,120b135d81fe0980efbd8a1b1eb569fc037de2491abe13055357fb2409ed3780,0,0,0,1212,0.2576,40555357488bece90bda2200ff250000,6,18,4078
../../../dumps\s131-rideable-live\SUPERVIVE-Win64-Shipping.exec_0x7FFB57160000_D000.bin,s131-rideable-live,0x7ffb57160000,0xd000,53248,22cb6e607b4fc5e5f1253d8041627f96d7eb121eb45f31bae34089a224694e4e,0,0,0,39488,5.6816,41c1c1034123c133c24103c3458b5a18,1275,4096,0
../../../dumps\s132-dismount-live\SUPERVIVE-Win64-Shipping.exec_0x241C3F90000_10000.bin,s132-dismount-live,0x241c3f90000,0x10000,65536,8344a3c7f0e41d395308d0fa4e6f9d3dadaaebebf0c5f9856ed339ab9c568893,0,0,0,28557,3.7541,00000000000000000000000000000000,2048,4096,0
../../../dumps\s132-dismount-live\SUPERVIVE-Win64-Shipping.exec_0x241C40B0000_10000.bin,s132-dismount-live,0x241c40b0000,0x10000,65536,4b9ab795b6494197dc86968b0a1ed2b5038b79d4ef39bec9a850dd9db8bf19c5,0,0,0,22809,3.1618,00000000000000000000000000000000,2048,4096,0
../../../dumps\s132-dismount-live\SUPERVIVE-Win64-Shipping.exec_0x241FB580000_36000.bin,s132-dismount-live,0x241fb580000,0x36000,221184,9e89a17df6f411a80a86ba938e8716db96a3a9383be8617c60ba9b312b379eea,1,1,0,157881,5.8835,4d5a90000300000004000000ffff0000,6,12,4084
../../../dumps\s132-dismount-live\SUPERVIVE-Win64-Shipping.exec_0x241FB5C0000_1000.bin,s132-dismount-live,0x241fb5c0000,0x1000,4096,91c00f2da4e9aaf9a91ce93a71e89657c31c5a31d4b5b8a371cc3b82fae8714d,0,0,0,68,0.1960,48b900305bfb4102000048baaa010000,2012,4096,0
../../../dumps\s132-dismount-live\SUPERVIVE-Win64-Shipping.exec_0x241FB690000_1000.bin,s132-dismount-live,0x241fb690000,0x1000,4096,252f3d8a35ebe2e288d49ce7d85859c5ab7aaf21a2c460e23e97ea43c8b3cc87,0,0,0,68,0.1955,48b9004089fb4102000048baa5010000,2012,4096,0
../../../dumps\s132-dismount-live\SUPERVIVE-Win64-Shipping.exec_0x241FB820000_77000.bin,s132-dismount-live,0x241fb820000,0x77000,487424,c7cd2391d8832244c5014affa544387573ec48ccc89313aeab5f9c10fdaf7123,1,1,0,221402,5.9591,4d5a90000300000004000000ffff0000,6,12,4084
../../../dumps\s132-dismount-live\SUPERVIVE-Win64-Shipping.exec_0x241FBE70000_1000.bin,s132-dismount-live,0x241fbe70000,0x1000,4096,93c432334cdcad03e4ca35adcbecee1a058a6eeaa0febd3509fac57bf82ecc3d,0,0,0,65,0.1882,48b9005007fc4102000048baaa010000,2012,4096,0
../../../dumps\s132-dismount-live\SUPERVIVE-Win64-Shipping.exec_0x241FC000000_78000.bin,s132-dismount-live,0x241fc000000,0x78000,491520,f55f040504dcad44e9459162ab4b4ac8b6496e8a59e0e18f8886e056b8a4168c,1,1,0,170747,5.9359,4d5a90000300000004000000ffff0000,6,12,4084
../../../dumps\s132-dismount-live\SUPERVIVE-Win64-Shipping.exec_0x241FC310000_1000.bin,s132-dismount-live,0x241fc310000,0x1000,4096,174da16395c90fe752485bcb97d2e9060d0deb519370784c05a1b6d01e471342,0,0,0,68,0.1976,48b900e04afc4102000048babb010000,2012,4096,0
../../../dumps\s132-dismount-live\SUPERVIVE-Win64-Shipping.exec_0x241FC420000_91000.bin,s132-dismount-live,0x241fc420000,0x91000,593920,ada279da31b29f5d1ed237fc86b1bfdf827c1f632918a40c957d1846b72d8341,1,1,0,303152,5.8077,4d5a90000300000004000000ffff0000,6,12,4084
../../../dumps\s132-dismount-live\SUPERVIVE-Win64-Shipping.exec_0x241FC7A0000_1000.bin,s132-dismount-live,0x241fc7a0000,0x1000,4096,14275f9258beb6d15f4f0c08ff4afb4c576edd708d06734d01124d619a44c501,0,0,0,68,0.1969,48b9005094fc4102000048baaa010000,2012,4096,0
../../../dumps\s132-dismount-live\SUPERVIVE-Win64-Shipping.exec_0x241FC8D0000_78000.bin,s132-dismount-live,0x241fc8d0000,0x78000,491520,448a85bd3fe6b2f4acc283f27691935f72a52c8985b3a833089be25ba7294ab5,1,1,0,171131,5.9359,4d5a90000300000004000000ffff0000,6,12,4084
../../../dumps\s132-dismount-live\SUPERVIVE-Win64-Shipping.exec_0x24213360000_1000.bin,s132-dismount-live,0x24213360000,0x1000,4096,d3af13be8bb606a1109501854aecb98e9b0f972360d2b0860e642cfe7a47aaeb,0,0,0,68,0.1961,48b90020fd164202000048ba7d010000,2012,4096,0
../../../dumps\s132-dismount-live\SUPERVIVE-Win64-Shipping.exec_0x24216C00000_1000.bin,s132-dismount-live,0x24216c00000,0x1000,4096,62aa41224028defd671f2db8a9df97fecda4e0d1b1910119cf7922d5bd85c2a8,0,0,0,68,0.1964,48b9009018174202000048ba96010000,2012,4096,0
../../../dumps\s132-dismount-live\SUPERVIVE-Win64-Shipping.exec_0x24216FB0000_25000.bin,s132-dismount-live,0x24216fb0000,0x25000,151552,1e03ff3692b5afc13d4718f541f023e1afd356784340e4f5fe5db5c744531240,1,1,0,103654,6.2640,4d5a90000300000004000000ffff0000,6,12,4084
../../../dumps\s132-dismount-live\SUPERVIVE-Win64-Shipping.exec_0x24217160000_2C000.bin,s132-dismount-live,0x24217160000,0x2c000,180224,183ee3531fd4bd474132eb9837a4d081b73b8e85207b12ee5b144d687bee87c3,1,1,0,122667,6.1828,4d5a90000300000004000000ffff0000,6,12,4084
../../../dumps\s132-dismount-live\SUPERVIVE-Win64-Shipping.exec_0x7FF7A5A00000_1000.bin,s132-dismount-live,0x7ff7a5a00000,0x1000,4096,3157092b5389a138286133616965047bd44a8550db3ae4cc7aa4580d376c6764,0,0,0,47,0.1451,48895c2408e99b543601000000000000,2037,4096,0
../../../dumps\s132-dismount-live\SUPERVIVE-Win64-Shipping.exec_0x7FF7A5A10000_1000.bin,s132-dismount-live,0x7ff7a5a10000,0x1000,4096,6254a657044cd157e90c054f7d9791e9518469fd5bceeb2117d9dfb9af032675,0,0,0,47,0.1464,48895c2408e99b543501000000000000,2037,4096,0
../../../dumps\s132-dismount-live\SUPERVIVE-Win64-Shipping.exec_0x7FFB52FE0000_1000.bin,s132-dismount-live,0x7ffb52fe0000,0x1000,4096,bdb4532d2610ee1859685d94197f6163502181af0044bc0e0cc40c1f41181377,0,0,0,457,1.1386,4883ec48498bc1e99b10edffe94fd2f9,166,386,3710
../../../dumps\s132-dismount-live\SUPERVIVE-Win64-Shipping.exec_0x7FFB54900000_F000.bin,s132-dismount-live,0x7ffb54900000,0xf000,61440,2240456fdfa047d1341843fb30b7e1a09b933b5a40d0106c2ef8e5db92f78f9f,0,0,0,1022,0.2234,40555357488bece90bda2200e94fd166,724,1680,2416
../../../dumps\s132-dismount-live\SUPERVIVE-Win64-Shipping.exec_0x7FFB57160000_D000.bin,s132-dismount-live,0x7ffb57160000,0xd000,53248,22cb6e607b4fc5e5f1253d8041627f96d7eb121eb45f31bae34089a224694e4e,0,0,0,39488,5.6816,41c1c1034123c133c24103c3458b5a18,1275,4096,0
../../../dumps\s132-landstart-live\SUPERVIVE-Win64-Shipping.exec_0x164C4D40000_10000.bin,s132-landstart-live,0x164c4d40000,0x10000,65536,61038c2be26f0690508a45298c109b43c4237c315b303c5c6757705fe6f7c3df,0,0,0,28559,3.7551,00000000000000000000000000000000,2048,4096,0
../../../dumps\s132-landstart-live\SUPERVIVE-Win64-Shipping.exec_0x164C4D60000_10000.bin,s132-landstart-live,0x164c4d60000,0x10000,65536,410d60e3dcaf6886fefdcd548c6e7c0edd96eb0454adfb05554cacebf0ce0a58,0,0,0,22809,3.1619,00000000000000000000000000000000,2048,4096,0
../../../dumps\s132-landstart-live\SUPERVIVE-Win64-Shipping.exec_0x16517200000_1000.bin,s132-landstart-live,0x16517200000,0x1000,4096,957cf6b5b573f86e380494e92454489f3c24cb6cec9bb6a9f96755282e1f2742,0,0,0,68,0.1955,48b9002034176501000048ba7d010000,2012,4096,0
../../../dumps\s132-landstart-live\SUPERVIVE-Win64-Shipping.exec_0x16517320000_25000.bin,s132-landstart-live,0x16517320000,0x25000,151552,5d5d24a52fdbbbabc0a6c5fcd1bc1db5969445b5642e23a347e9079c509b2312,1,1,0,103657,6.2640,4d5a90000300000004000000ffff0000,6,12,4084
../../../dumps\s132-landstart-live\SUPERVIVE-Win64-Shipping.exec_0x16519D00000_1000.bin,s132-landstart-live,0x16519d00000,0x1000,4096,18aaa0f5357795e7021dee0d361e8f4e317510f59fb2272d9533658c36ed9d25,0,0,0,68,0.1951,48b90090d4196501000048ba96010000,2012,4096,0
../../../dumps\s132-landstart-live\SUPERVIVE-Win64-Shipping.exec_0x16519D20000_2C000.bin,s132-landstart-live,0x16519d20000,0x2c000,180224,482f85f6014149269808acfea5ccfa727a5162176e68ecb434573081403fb456,1,1,0,122653,6.1828,4d5a90000300000004000000ffff0000,6,12,4084
../../../dumps\s132-landstart-live\SUPERVIVE-Win64-Shipping.exec_0x16529140000_36000.bin,s132-landstart-live,0x16529140000,0x36000,221184,e1ffbff62639edecf205c63bf6aab4609b7ff9c4e0725b1863ad6e649dcc8922,1,1,0,157892,5.8835,4d5a90000300000004000000ffff0000,6,12,4084
../../../dumps\s132-landstart-live\SUPERVIVE-Win64-Shipping.exec_0x16529180000_1000.bin,s132-landstart-live,0x16529180000,0x1000,4096,edb4942e5343a2540a7dc3669dbd8e5d9812f05a7369998c0b0bd5a67ce24aeb,0,0,0,68,0.1948,48b9003017296501000048baaa010000,2012,4096,0
../../../dumps\s132-landstart-live\SUPERVIVE-Win64-Shipping.exec_0x16529760000_1000.bin,s132-landstart-live,0x16529760000,0x1000,4096,ef8774f5eae87ea9aba09f1d7bba57ef88d8e4be279c55af0be277f601db2dc2,0,0,0,68,0.1947,48b900404a896501000048baa5010000,2012,4096,0
../../../dumps\s132-landstart-live\SUPERVIVE-Win64-Shipping.exec_0x1652A4F0000_1000.bin,s132-landstart-live,0x1652a4f0000,0x1000,4096,95e6963bdbed2dab241c5985e35ebb1ce0bfac3186558d21c89f2eb8481a7c94,0,0,0,68,0.1962,48b900e08e2a6501000048babb010000,2012,4096,0
../../../dumps\s132-landstart-live\SUPERVIVE-Win64-Shipping.exec_0x1652A860000_91000.bin,s132-landstart-live,0x1652a860000,0x91000,593920,8531a6b2a8bc54afb04c39c4eed5eb06ca6ef60e5dbef69c224cc56d80779b6a,1,1,0,302954,5.8077,4d5a90000300000004000000ffff0000,6,12,4084
../../../dumps\s132-landstart-live\SUPERVIVE-Win64-Shipping.exec_0x1652E890000_1000.bin,s132-landstart-live,0x1652e890000,0x1000,4096,0af3a3ea480419fe29595d9ba2aeaf7c82729a3dc1db69ccff4e0e398dc40fe6,0,0,0,68,0.1938,48b9006065896501000048baaa010000,2012,4096,0
../../../dumps\s132-landstart-live\SUPERVIVE-Win64-Shipping.exec_0x16589430000_77000.bin,s132-landstart-live,0x16589430000,0x77000,487424,3658e447845092b2b55b086c2cde32e08191ad33b9cd998471c11b964cfd771e,1,1,0,221208,5.9591,4d5a90000300000004000000ffff0000,6,12,4084
../../../dumps\s132-landstart-live\SUPERVIVE-Win64-Shipping.exec_0x165895E0000_79000.bin,s132-landstart-live,0x165895e0000,0x79000,495616,e80d67a86ee160662094bdc040e1e402e15e2ec1382f037869b8819e91455815,1,1,0,173849,5.9105,4d5a90000300000004000000ffff0000,6,12,4084
../../../dumps\s132-landstart-live\SUPERVIVE-Win64-Shipping.exec_0x7FF7A5A00000_1000.bin,s132-landstart-live,0x7ff7a5a00000,0x1000,4096,9d99e74ed7b191f8daa017a7d677340056c5eed42348684cfa490c58dbdf0b0d,0,0,0,47,0.1459,48895c2408e99b543601000000000000,2037,4096,0
../../../dumps\s132-landstart-live\SUPERVIVE-Win64-Shipping.exec_0x7FF7A5A10000_1000.bin,s132-landstart-live,0x7ff7a5a10000,0x1000,4096,7649e12057a26a3741774d5138e213b2ce53d3a211270c0eecdb0495f0bdd9f0,0,0,0,47,0.1459,48895c2408e99b543501000000000000,2037,4096,0
../../../dumps\s132-landstart-live\SUPERVIVE-Win64-Shipping.exec_0x7FFB52FE0000_1000.bin,s132-landstart-live,0x7ffb52fe0000,0x1000,4096,8e97d186b24c8a50162788cc49df5655f16a447da39fd340a66233c2b179d5b5,0,0,0,457,1.1412,4883ec48498bc1e99b10edffe94fd2ed,166,386,3710
../../../dumps\s132-landstart-live\SUPERVIVE-Win64-Shipping.exec_0x7FFB54900000_F000.bin,s132-landstart-live,0x7ffb54900000,0xf000,61440,77c1b7e72ebb3ed57c17ae8a70ca18abac7d4a45bd9da3362c4375ff30e5958d,0,0,0,1022,0.2225,40555357488bece90bda2200e94fd15a,1299,3010,1086
../../../dumps\s132-landstart-live\SUPERVIVE-Win64-Shipping.exec_0x7FFB57160000_D000.bin,s132-landstart-live,0x7ffb57160000,0xd000,53248,22cb6e607b4fc5e5f1253d8041627f96d7eb121eb45f31bae34089a224694e4e,0,0,0,39488,5.6816,41c1c1034123c133c24103c3458b5a18,1275,4096,0
../../../dumps\store\SUPERVIVE-Win64-Shipping.exec_0x1FC1C090000_1000.bin,store,0x1fc1c090000,0x1000,4096,e05b563299d75e4921acdba5dcfbc96144ea583d7c037ce329c9769a49d4f84f,0,0,0,68,0.1955,48b90080b61dfc01000048ba86010000,2012,4096,0
../../../dumps\store\SUPERVIVE-Win64-Shipping.exec_0x1FC1DB40000_2B000.bin,store,0x1fc1db40000,0x2b000,176128,7c87f0a7953544be120403ae7f7e52db0db8a8dcaa3677fd04a8746f25416205,1,1,0,110768,6.2184,4d5a90000300000004000000ffff0000,6,12,4084
../../../dumps\store\SUPERVIVE-Win64-Shipping.exec_0x1FC49F60000_1000.bin,store,0x1fc49f60000,0x1000,4096,c8f45aeb9d4a4cc3666de2d5c97dfe549484905fc51943e5fd694413636974c7,0,0,0,107,0.2872,4883ec4848894c242048895424284c89,2013,4095,1
../../../dumps\store\SUPERVIVE-Win64-Shipping.exec_0x1FC886F0000_10000.bin,store,0x1fc886f0000,0x10000,65536,fa6e9286524887475fd7826fa071722b41202f584f3fdd38fb21d05bded79fc1,0,0,0,22809,3.1618,00000000000000000000000000000000,2048,4096,0
../../../dumps\store\SUPERVIVE-Win64-Shipping.exec_0x1FCE5AF0000_10000.bin,store,0x1fce5af0000,0x10000,65536,c4cb1f793b25c7eab3f1585600bb409f9a6ea7eb9b7dbabaa63014014b1b6a82,0,0,0,28558,3.7547,00000000000000000000000000000000,2048,4096,0
../../../dumps\store\SUPERVIVE-Win64-Shipping.exec_0x1FD16D80000_1000.bin,store,0x1fd16d80000,0x1000,4096,2537fe2db43c323d747ceea1e315965a8ea6f3564999a99dd92a3911bd748902,0,0,0,68,0.1932,48b900400117fd01000048bab9010000,2012,4096,0
../../../dumps\store\SUPERVIVE-Win64-Shipping.exec_0x1FD16E30000_1000.bin,store,0x1fd16e30000,0x1000,4096,4550e2ed55b8072dba3746f1c273b59808783de407e47baa58001ef11d326a07,0,0,0,68,0.1949,48b90010bb19fd01000048bab9010000,2012,4096,0
../../../dumps\store\SUPERVIVE-Win64-Shipping.exec_0x1FD16F90000_87000.bin,store,0x1fd16f90000,0x87000,552960,519f911e3e6d28592be22c72c9753c04ba86d7edd35afc000141e4ae0f165eed,1,1,0,149930,6.1071,4d5a90000300000004000000ffff0000,6,12,4084
../../../dumps\store\SUPERVIVE-Win64-Shipping.exec_0x1FD19AE0000_D4000.bin,store,0x1fd19ae0000,0xd4000,868352,b35c813aa049079d202eb629f4421b3153ce89ba839fae0eba4bc543fd8c64c1,1,1,0,208166,6.2412,4d5a90000300000004000000ffff0000,6,12,4084
../../../dumps\store\SUPERVIVE-Win64-Shipping.exec_0x1FD99200000_1000.bin,store,0x1fd99200000,0x1000,4096,29d8934232e08084601d416df05c89477644381ce985b206ad659a9e8ecc3e1b,0,0,0,68,0.1955,48b900303c99fd01000048ba81010000,2012,4096,0
../../../dumps\store\SUPERVIVE-Win64-Shipping.exec_0x1FD993A0000_26000.bin,store,0x1fd993a0000,0x26000,155648,badf52094dadaea1193888ad0e9fe4327647deb8880093002a97fcf54983d407,1,1,0,105660,6.2553,4d5a90000300000004000000ffff0000,6,12,4084
../../../dumps\store\SUPERVIVE-Win64-Shipping.exec_0x1FE01D00000_2E000.bin,store,0x1fe01d00000,0x2e000,188416,88b0838b7ddcf19d2f8b4ec912590ee35b7400fd9bdc8baeec932d05e5400b79,1,1,0,122584,6.2140,4d5a90000300000004000000ffff0000,6,12,4084
../../../dumps\store\SUPERVIVE-Win64-Shipping.exec_0x1FE01D30000_1000.bin,store,0x1fe01d30000,0x1000,4096,5ecdff33565776cba4a1f429e4314be4da31af68a23d01ace486e37f2d7d731c,0,0,0,68,0.1920,48b900b0d201fe01000048ba91010000,2012,4096,0
../../../dumps\store\SUPERVIVE-Win64-Shipping.exec_0x7FF6AEFD0000_1000.bin,store,0x7ff6aefd0000,0x1000,4096,0101df5a284c37dfb41b71071c3d92960dc99082b726b9d299784d44f5a3b301,0,0,0,47,0.1455,48895c2408e99b543701000000000000,2037,4096,0
../../../dumps\store\SUPERVIVE-Win64-Shipping.exec_0x7FF6AEFE0000_1000.bin,store,0x7ff6aefe0000,0x1000,4096,dd6ef15457dc3489afc3da096af3162bc6479cd03a800be36991ba700e1b55d6,0,0,0,47,0.1443,48895c2408e99b543601000000000000,2037,4096,0
../../../dumps\store\SUPERVIVE-Win64-Shipping.exec_0x7FF6AEFF0000_1000.bin,store,0x7ff6aeff0000,0x1000,4096,afefc7cc8ee6b15b259d78d7a6016ef2a95e60babb846b66e4241e40b6a57bc2,0,0,0,47,0.1448,48895c2408e99b543501000000000000,2037,4096,0
../../../dumps\store\SUPERVIVE-Win64-Shipping.exec_0x7FF909BD0000_10000.bin,store,0x7ff909bd0000,0x10000,65536,043be45244b55e25d815b9be397a5b2b7f96cf99c431ff989dd1abfb045fac98,0,0,0,467,0.1022,4883ec48498bc1e99b100100ff250000,339,850,3246
../../../dumps\store\SUPERVIVE-Win64-Shipping.exec_0x7FF90B830000_8000.bin,store,0x7ff90b830000,0x8000,32768,c20ddf8c2551af89ff2c9d4eb8baa6705ce241191af92a9575bdbaf027f04b30,0,0,0,1213,0.4498,40555357488bece90bda1e00ff250000,104,275,3821
../../../dumps\store\SUPERVIVE-Win64-Shipping.exec_0x7FF90DEA0000_D000.bin,store,0x7ff90dea0000,0xd000,53248,3233984729dca8191efead8b2b2119583bb05dd690bc41ef602efb6b9a494544,0,0,0,39573,5.6918,d14433c0458b4a0cc1c20b4423c24489,1269,4094,2
../../../dumps\toggles\SUPERVIVE-Win64-Shipping.exec_0x25DA02F0000_10000.bin,toggles,0x25da02f0000,0x10000,65536,2f30a3708d2cec1a80af61ca0c43c66b2bb8bb528032416c0324c5247f6c8355,0,0,0,28558,3.7551,74e52e0c9b7d00003600000000000000,1936,4095,1
../../../dumps\toggles\SUPERVIVE-Win64-Shipping.exec_0x25DB37F0000_10000.bin,toggles,0x25db37f0000,0x10000,65536,f22a86a41f865f199dce4e5e2c71954860ebce2fc274eb0f5de31e2b0fdbee8e,0,0,0,22809,3.1619,00000000000000000000000000000000,2048,4096,0
../../../dumps\toggles\SUPERVIVE-Win64-Shipping.exec_0x7FF909BD0000_10000.bin,toggles,0x7ff909bd0000,0x10000,65536,3df02a96ceaf10aa336414d8c1666448e093f6e409047bd6425b7d9cf0928a22,0,0,0,467,0.1023,4883ec48498bc1e99b100100ff250000,5,20,4076
../../../dumps\toggles\SUPERVIVE-Win64-Shipping.exec_0x7FF90B830000_8000.bin,toggles,0x7ff90b830000,0x8000,32768,2d626253ec3fd322e2accf0f7e007e71a08e1ccd32cb0e8239fa061902d455ff,0,0,0,1213,0.4513,40555357488bece90bda1e00ff250000,8,21,4075
../../../dumps\toggles\SUPERVIVE-Win64-Shipping.exec_0x7FF90DEA0000_D000.bin,toggles,0x7ff90dea0000,0xd000,53248,3233984729dca8191efead8b2b2119583bb05dd690bc41ef602efb6b9a494544,0,0,0,39573,5.6918,d14433c0458b4a0cc1c20b4423c24489,1269,4094,2
../../../dumps\tutorial-hero\SUPERVIVE-Win64-Shipping.exec_0x2A218DF0000_10000.bin,tutorial-hero,0x2a218df0000,0x10000,65536,19ffa5a5dae6165d3f941d23a710578146ce35c7ce15390c1c93f55f7fffff3c,0,0,0,28559,3.7546,00000000000000000000000000000000,1248,4096,0
../../../dumps\tutorial-hero\SUPERVIVE-Win64-Shipping.exec_0x2A221570000_10000.bin,tutorial-hero,0x2a221570000,0x10000,65536,5ec56297eeeb6376dfc6924cbb9529edcae3158581fec2d44d325c64419ea8f8,0,0,0,22809,3.1619,00000000000000000000000000000000,2048,4096,0
../../../dumps\tutorial-hero\SUPERVIVE-Win64-Shipping.exec_0x2A2894D0000_1000.bin,tutorial-hero,0x2a2894d0000,0x1000,4096,35d979c50c7d22e8d1f7a32df1e776ecf3f6680d0e5d7858f404b75aa41ef9ac,0,0,0,68,0.1964,48b900901c8fa202000048ba96010000,2012,4096,0
../../../dumps\tutorial-hero\SUPERVIVE-Win64-Shipping.exec_0x2A28F000000_1000.bin,tutorial-hero,0x2a28f000000,0x1000,4096,ef8ff0633a800c87371590867cb0b9b9354f1c8df0ee76569eb313090c9989f4,0,0,0,68,0.1969,48b90020078fa202000048ba7d010000,2012,4096,0
../../../dumps\tutorial-hero\SUPERVIVE-Win64-Shipping.exec_0x2A28F050000_25000.bin,tutorial-hero,0x2a28f050000,0x25000,151552,f478ca4e72c199031de967d50d31de7aab74fe3555e1157de9bef60741eb0c23,1,1,0,103656,6.2640,4d5a90000300000004000000ffff0000,6,12,4084
../../../dumps\tutorial-hero\SUPERVIVE-Win64-Shipping.exec_0x2A28F1A0000_2C000.bin,tutorial-hero,0x2a28f1a0000,0x2c000,180224,9638dc4dc016e0336c3fa5d511a4871e2737847d905f2815e3775947eb9001e1,1,1,0,122648,6.1828,4d5a90000300000004000000ffff0000,6,12,4084
../../../dumps\tutorial-hero\SUPERVIVE-Win64-Shipping.exec_0x2A30E8F0000_1000.bin,tutorial-hero,0x2a30e8f0000,0x1000,4096,3fa65a687eabe9316e6f38e9b68b5da48e3060cd5e555935504be36d023d6f52,0,0,0,68,0.1969,48b90020b31fa302000048baa9010000,2012,4096,0
../../../dumps\tutorial-hero\SUPERVIVE-Win64-Shipping.exec_0x2A31FB00000_35000.bin,tutorial-hero,0x2a31fb00000,0x35000,217088,92ecdbaab78483bb30d61a8f2e014deddb372383715236a838aa4510ff7ee90e,1,1,0,154410,5.9360,4d5a90000300000004000000ffff0000,6,12,4084
../../../dumps\tutorial-hero\SUPERVIVE-Win64-Shipping.exec_0x7FF6505A0000_1000.bin,tutorial-hero,0x7ff6505a0000,0x1000,4096,58cbac85f1cc720de1bf3dd68aeb1c52459e8a57a3a69fd60e61a4824266978f,0,0,0,47,0.1455,48895c2408e99b543601000000000000,2037,4096,0
../../../dumps\tutorial-hero\SUPERVIVE-Win64-Shipping.exec_0x7FF6505B0000_1000.bin,tutorial-hero,0x7ff6505b0000,0x1000,4096,1e7d1dd8deea3a2bc82546fb43703888a6be2118e293561b6494ba5ee1d54b46,0,0,0,47,0.1459,48895c2408e99b543501000000000000,2037,4096,0
../../../dumps\tutorial-hero\SUPERVIVE-Win64-Shipping.exec_0x7FFCB6620000_7000.bin,tutorial-hero,0x7ffcb6620000,0x7000,28672,a9b96ecec484a579939ef281e8b8a0462698dddab59e2990212485d07c1d011b,0,0,0,238,0.1148,4883ec38488364244800e95b5c1200e9,82,194,3902
../../../dumps\tutorial-hero\SUPERVIVE-Win64-Shipping.exec_0x7FFD36FA0000_F000.bin,tutorial-hero,0x7ffd36fa0000,0xf000,61440,cc30e21debf278e7c1af71357e48a6a409272a9f9c84432ef8c8018464a7ef94,0,0,0,253,0.0613,4c89442418e94b3c0100ff2500000000,57,149,3947
../../../dumps\tutorial-hero\SUPERVIVE-Win64-Shipping.exec_0x7FFD38F80000_1000.bin,tutorial-hero,0x7ffd38f80000,0x1000,4096,74406b246c45974d01f28eb5c8da527e870db4cd7351057a8242c24f54dd2013,0,0,0,1167,2.5747,40555357488bece90bdad2ffff250000,7,20,4076
../../../dumps\tutorial-hero\SUPERVIVE-Win64-Shipping.exec_0x7FFD3B260000_D000.bin,tutorial-hero,0x7ffd3b260000,0xd000,53248,22cb6e607b4fc5e5f1253d8041627f96d7eb121eb45f31bae34089a224694e4e,0,0,0,39488,5.6816,41c1c1034123c133c24103c3458b5a18,1275,4096,0
../../../dumps\vmbuild\SUPERVIVE-Win64-Shipping.exec_0x173B9ED0000_2B000.bin,vmbuild,0x173b9ed0000,0x2b000,176128,b9bf3ec40d7d992b82a4aa78bb3598c496a9243a0000d217e54348d1102519ff,1,1,0,110766,6.2184,4d5a90000300000004000000ffff0000,6,12,4084
../../../dumps\vmbuild\SUPERVIVE-Win64-Shipping.exec_0x173B9F00000_1000.bin,vmbuild,0x173b9f00000,0x1000,4096,059cdcde7e6f34026f541488a966c7db1235cb6faada308d36652494286bbdcf,0,0,0,68,0.1942,48b90080efb97301000048ba86010000,2012,4096,0
../../../dumps\vmbuild\SUPERVIVE-Win64-Shipping.exec_0x173E63E0000_1000.bin,vmbuild,0x173e63e0000,0x1000,4096,9cd2f72722ece3bb5cd9d9a609c7c044de15df5d9391aa395a9b816ab792932b,0,0,0,107,0.2872,4883ec4848894c242048895424284c89,2013,4095,1
../../../dumps\vmbuild\SUPERVIVE-Win64-Shipping.exec_0x17428410000_10000.bin,vmbuild,0x17428410000,0x10000,65536,6a20477ff22b0c7898e7ca45b54d89dad1a92749a3e16f25ff8209a3bb5a9db1,0,0,0,22809,3.1618,00000000000000000000000000000000,2048,4096,0
../../../dumps\vmbuild\SUPERVIVE-Win64-Shipping.exec_0x1747B190000_10000.bin,vmbuild,0x1747b190000,0x10000,65536,6bb82e017f9f004c417435d7c8f835b977ebcf26d2ba424e5faec599899be8bf,0,0,0,5932,0.9981,00000000000000000000000000000000,1803,4095,1
../../../dumps\vmbuild\SUPERVIVE-Win64-Shipping.exec_0x1747B1B0000_10000.bin,vmbuild,0x1747b1b0000,0x10000,65536,35af7ea916a7353645ed9936eb8b02b08ae845e431524e26a2c5ad6222225700,0,0,0,22625,3.1011,00000000000000000000000000000000,2048,4096,0
../../../dumps\vmbuild\SUPERVIVE-Win64-Shipping.exec_0x17497650000_1000.bin,vmbuild,0x17497650000,0x1000,4096,0db6113f232b40d06971e7569dedaac2fb154ec9377659c370ffc2a14aaa757a,0,0,0,68,0.1949,48b90010a0977401000048bab9010000,2012,4096,0
../../../dumps\vmbuild\SUPERVIVE-Win64-Shipping.exec_0x17497930000_D4000.bin,vmbuild,0x17497930000,0xd4000,868352,6a4f126b882a5a2122757ed4775fb905f901da49ea5091652341422f5f34b919,1,1,0,205375,6.2412,4d5a90000300000004000000ffff0000,6,12,4084
../../../dumps\vmbuild\SUPERVIVE-Win64-Shipping.exec_0x174E8020000_26000.bin,vmbuild,0x174e8020000,0x26000,155648,a085fdc2fed8927da3b25593bc8bab1699baf9785e40c214e577df2dbf54e737,1,1,0,105655,6.2553,4d5a90000300000004000000ffff0000,6,12,4084
../../../dumps\vmbuild\SUPERVIVE-Win64-Shipping.exec_0x17504D50000_1000.bin,vmbuild,0x17504d50000,0x1000,4096,a31b964897db2ab59d798ad9103ee02ab1cfa332eff5dd19f070530ab0865b68,0,0,0,68,0.1955,48b9003004e87401000048ba81010000,2012,4096,0
../../../dumps\vmbuild\SUPERVIVE-Win64-Shipping.exec_0x1750C150000_2E000.bin,vmbuild,0x1750c150000,0x2e000,188416,0e8692a56188958822268d7b1fc5ec5a183db9f7f95537427a87cadde3fef41a,1,1,0,122256,6.2140,4d5a90000300000004000000ffff0000,6,12,4084
../../../dumps\vmbuild\SUPERVIVE-Win64-Shipping.exec_0x1750C260000_1000.bin,vmbuild,0x1750c260000,0x1000,4096,e9929e9993787228ec1c49d08d382bd51464ea1ef542a74a7c711c0c96d1eda9,0,0,0,68,0.1955,48b900b0170c7501000048ba91010000,2012,4096,0
../../../dumps\vmbuild\SUPERVIVE-Win64-Shipping.exec_0x1750FF40000_1000.bin,vmbuild,0x1750ff40000,0x1000,4096,d0bf17f2152df446a21e52b6a58f62ef8164f221c96439e7c42ec48032811e51,0,0,0,68,0.1924,48b9008009177501000048baba010000,2012,4096,0
../../../dumps\vmbuild\SUPERVIVE-Win64-Shipping.exec_0x17517010000_8B000.bin,vmbuild,0x17517010000,0x8b000,569344,da4a8bc553b4550acf2c194111c2ff57be3a66c6ca0f4c8318a64d5e6156faeb,1,1,0,151225,6.1057,4d5a90000300000004000000ffff0000,6,12,4084
../../../dumps\vmbuild\SUPERVIVE-Win64-Shipping.exec_0x1753E120000_26000.bin,vmbuild,0x1753e120000,0x26000,155648,8a0940b33c9626b30fc0a5a855aa43699d8cc972f9fc4eb9b3f6bc0ce22eecbb,1,1,0,109306,6.2436,4d5a90000300000004000000ffff0000,6,12,4084
../../../dumps\vmbuild\SUPERVIVE-Win64-Shipping.exec_0x1753E150000_1000.bin,vmbuild,0x1753e150000,0x1000,4096,b775a85b679bffec2b593690dacdb6b3d6dc738f387c41a6822d3351d2cc374e,0,0,0,68,0.1955,48b90030143e7501000048ba8b010000,2012,4096,0
../../../dumps\vmbuild\SUPERVIVE-Win64-Shipping.exec_0x7FF6AEFC0000_1000.bin,vmbuild,0x7ff6aefc0000,0x1000,4096,3e11e039a6be87c6c75e509e7214936767f1dcc6660924dfd6aa75880dbb2382,0,0,0,47,0.1459,48895c2408e99b543801000000000000,2037,4096,0
../../../dumps\vmbuild\SUPERVIVE-Win64-Shipping.exec_0x7FF6AEFD0000_1000.bin,vmbuild,0x7ff6aefd0000,0x1000,4096,974c35fb60bf1fb4a69e7c7c0635a10894d092b751e64709923ebd58d93b2dd0,0,0,0,47,0.1453,48895c2408e99b543701000000000000,2037,4096,0
../../../dumps\vmbuild\SUPERVIVE-Win64-Shipping.exec_0x7FF6AEFE0000_1000.bin,vmbuild,0x7ff6aefe0000,0x1000,4096,abaa80c92761ca78eccbdfd913aafddb83d2366658e9cfd55eb4c783ad3e991d,0,0,0,47,0.1459,48895c2408e99b543601000000000000,2037,4096,0
../../../dumps\vmbuild\SUPERVIVE-Win64-Shipping.exec_0x7FF6AEFF0000_1000.bin,vmbuild,0x7ff6aeff0000,0x1000,4096,e48eba9daca0c3b6ed5503846c57f9970a43949892de977d7c68203fdd6bdab3,0,0,0,47,0.1453,48895c2408e99b543501000000000000,2037,4096,0
../../../dumps\vmbuild\SUPERVIVE-Win64-Shipping.exec_0x7FF909BD0000_10000.bin,vmbuild,0x7ff909bd0000,0x10000,65536,72e700f7b77bc7d043b48c5ef84540b92ead92dede775cc50c3f85d84e31c5e0,0,0,0,393,0.0872,4883ec48498bc1e99b100100e99fd183,166,386,3710
../../../dumps\vmbuild\SUPERVIVE-Win64-Shipping.exec_0x7FF90B830000_8000.bin,vmbuild,0x7ff90b830000,0x8000,32768,fd062821f41369d417c5a562ba09cb712650d88c5219e4584fbc1cf421447781,0,0,0,1213,0.4488,40555357488bece90bda1e00ff250000,7,20,4076
../../../dumps\vmbuild\SUPERVIVE-Win64-Shipping.exec_0x7FF90DEA0000_D000.bin,vmbuild,0x7ff90dea0000,0xd000,53248,3233984729dca8191efead8b2b2119583bb05dd690bc41ef602efb6b9a494544,0,0,0,39573,5.6918,d14433c0458b4a0cc1c20b4423c24489,1269,4094,2
