manifest,game_base,n_exec_rows,n_image_exec,image_exec_bytes,n_exports,hidden_va,hidden_size,hidden_prot
../../../dumps\accountpass\SUPERVIVE-Win64-Shipping.dump.txt,0x7ff6af000000,246,226,475475968,40635,0xff767000,0x1000,0x80
../../../dumps\accountpass\SUPERVIVE-Win64-Shipping.dump.txt,0x7ff6af000000,246,226,475475968,40635,0xfff2f000,0x170000,0x20
../../../dumps\accountpass\SUPERVIVE-Win64-Shipping.dump.txt,0x7ff6af000000,246,226,475475968,40635,0x1009dc000,0x22e000,0x20
../../../dumps\accountpass\SUPERVIVE-Win64-Shipping.dump.txt,0x7ff6af000000,246,226,475475968,40635,0x100c80000,0x2a49000,0x20
../../../dumps\accountpass\SUPERVIVE-Win64-Shipping.dump.txt,0x7ff6af000000,246,226,475475968,40635,0x7ff849b79000,0x1000,0x20
../../../dumps\accountpass\SUPERVIVE-Win64-Shipping.dump.txt,0x7ff6af000000,246,226,475475968,40635,0x7ff8941ac000,0x1000,0x40
../../../dumps\accountpass\SUPERVIVE-Win64-Shipping.dump.txt,0x7ff6af000000,246,226,475475968,40635,0x7ff8941ae000,0x1000,0x20
../../../dumps\accountpass\SUPERVIVE-Win64-Shipping.dump.txt,0x7ff6af000000,246,226,475475968,40635,0x7ff8b04b1000,0x1000,0x20
../../../dumps\accountpass\SUPERVIVE-Win64-Shipping.dump.txt,0x7ff6af000000,246,226,475475968,40635,0x7ff8b4fc1000,0x24000,0x20
../../../dumps\accountpass\SUPERVIVE-Win64-Shipping.dump.txt,0x7ff6af000000,246,226,475475968,40635,0x7ff8b5751000,0x26000,0x20
../../../dumps\accountpass\SUPERVIVE-Win64-Shipping.dump.txt,0x7ff6af000000,246,226,475475968,40635,0x7ff8b5a21000,0x16000,0x20
../../../dumps\accountpass\SUPERVIVE-Win64-Shipping.dump.txt,0x7ff6af000000,246,226,475475968,40635,0x7ff8b5b71000,0x14000,0x20
../../../dumps\accountpass\SUPERVIVE-Win64-Shipping.dump.txt,0x7ff6af000000,246,226,475475968,40635,0x7ff8b89a1000,0x1f000,0x20
../../../dumps\accountpass\SUPERVIVE-Win64-Shipping.dump.txt,0x7ff6af000000,246,226,475475968,40635,0x7ff8b89e1000,0x12000,0x20
../../../dumps\accountpass\SUPERVIVE-Win64-Shipping.dump.txt,0x7ff6af000000,246,226,475475968,40635,0x7ff8bb961000,0x14000,0x20
../../../dumps\accountpass\SUPERVIVE-Win64-Shipping.dump.txt,0x7ff6af000000,246,226,475475968,40635,0x7ff8be5c1000,0x10000,0x20
../../../dumps\accountpass\SUPERVIVE-Win64-Shipping.dump.txt,0x7ff6af000000,246,226,475475968,40635,0x7ff8c15d1000,0x2000,0x20
../../../dumps\accountpass\SUPERVIVE-Win64-Shipping.dump.txt,0x7ff6af000000,246,226,475475968,40635,0x7ff8c1a71000,0x14000,0x20
../../../dumps\accountpass\SUPERVIVE-Win64-Shipping.dump.txt,0x7ff6af000000,246,226,475475968,40635,0x7ff8cbb01000,0xe000,0x20
../../../dumps\accountpass\SUPERVIVE-Win64-Shipping.dump.txt,0x7ff6af000000,246,226,475475968,40635,0x7ff90e007000,0x1000,0x20
../../../dumps\accountpass\SUPERVIVE-Win64-Shipping.dump.txt,0x7ff6af000000,246,226,475475968,40635,0x7ff90e7cf000,0x170000,0x20
../../../dumps\accountpass\SUPERVIVE-Win64-Shipping.dump.txt,0x7ff6af000000,246,226,475475968,40635,0x7ff90f27c000,0x22e000,0x20
../../../dumps\accountpass\SUPERVIVE-Win64-Shipping.dump.txt,0x7ff6af000000,246,226,475475968,40635,0x7ff90f520000,0x2a49000,0x20
../../../dumps\claimflow-AFTER\SUPERVIVE-Win64-Shipping.dump.txt,0x7ff7bff50000,251,231,477716480,40691,0xff767000,0x1000,0x80
../../../dumps\claimflow-AFTER\SUPERVIVE-Win64-Shipping.dump.txt,0x7ff7bff50000,251,231,477716480,40691,0xfff2f000,0x170000,0x20
../../../dumps\claimflow-AFTER\SUPERVIVE-Win64-Shipping.dump.txt,0x7ff7bff50000,251,231,477716480,40691,0x1009dc000,0x22e000,0x20
../../../dumps\claimflow-AFTER\SUPERVIVE-Win64-Shipping.dump.txt,0x7ff7bff50000,251,231,477716480,40691,0x100c80000,0x2a49000,0x20
../../../dumps\claimflow-AFTER\SUPERVIVE-Win64-Shipping.dump.txt,0x7ff7bff50000,251,231,477716480,40691,0x7ff93a1e9000,0x1000,0x20
../../../dumps\claimflow-AFTER\SUPERVIVE-Win64-Shipping.dump.txt,0x7ff7bff50000,251,231,477716480,40691,0x7ff9c295c000,0x1000,0x40
../../../dumps\claimflow-AFTER\SUPERVIVE-Win64-Shipping.dump.txt,0x7ff7bff50000,251,231,477716480,40691,0x7ff9c295e000,0x1000,0x20
../../../dumps\claimflow-AFTER\SUPERVIVE-Win64-Shipping.dump.txt,0x7ff7bff50000,251,231,477716480,40691,0x7ff9e66a1000,0x2000,0x20
../../../dumps\claimflow-AFTER\SUPERVIVE-Win64-Shipping.dump.txt,0x7ff7bff50000,251,231,477716480,40691,0x7ff9eaed1000,0x24000,0x20
../../../dumps\claimflow-AFTER\SUPERVIVE-Win64-Shipping.dump.txt,0x7ff7bff50000,251,231,477716480,40691,0x7ff9ec121000,0x26000,0x20
../../../dumps\claimflow-AFTER\SUPERVIVE-Win64-Shipping.dump.txt,0x7ff7bff50000,251,231,477716480,40691,0x7ff9ec681000,0x16000,0x20
../../../dumps\claimflow-AFTER\SUPERVIVE-Win64-Shipping.dump.txt,0x7ff7bff50000,251,231,477716480,40691,0x7ff9ec7c1000,0x14000,0x20
../../../dumps\claimflow-AFTER\SUPERVIVE-Win64-Shipping.dump.txt,0x7ff7bff50000,251,231,477716480,40691,0x7ff9eca61000,0x1f000,0x20
../../../dumps\claimflow-AFTER\SUPERVIVE-Win64-Shipping.dump.txt,0x7ff7bff50000,251,231,477716480,40691,0x7ff9ed8e1000,0x12000,0x20
../../../dumps\claimflow-AFTER\SUPERVIVE-Win64-Shipping.dump.txt,0x7ff7bff50000,251,231,477716480,40691,0x7ff9eda91000,0x14000,0x20
../../../dumps\claimflow-AFTER\SUPERVIVE-Win64-Shipping.dump.txt,0x7ff7bff50000,251,231,477716480,40691,0x7ff9f05e1000,0x10000,0x20
../../../dumps\claimflow-AFTER\SUPERVIVE-Win64-Shipping.dump.txt,0x7ff7bff50000,251,231,477716480,40691,0x7ff9ff9f1000,0x14000,0x20
../../../dumps\claimflow-AFTER\SUPERVIVE-Win64-Shipping.dump.txt,0x7ff7bff50000,251,231,477716480,40691,0x7ffa02cd1000,0xe000,0x20
../../../dumps\claimflow-AFTER\SUPERVIVE-Win64-Shipping.dump.txt,0x7ff7bff50000,251,231,477716480,40691,0x7ffa36561000,0x1000,0x20
../../../dumps\claimflow-AFTER\SUPERVIVE-Win64-Shipping.dump.txt,0x7ff7bff50000,251,231,477716480,40691,0x7ffa42607000,0x1000,0x20
../../../dumps\claimflow-AFTER\SUPERVIVE-Win64-Shipping.dump.txt,0x7ff7bff50000,251,231,477716480,40691,0x7ffa42dcf000,0x170000,0x20
../../../dumps\claimflow-AFTER\SUPERVIVE-Win64-Shipping.dump.txt,0x7ff7bff50000,251,231,477716480,40691,0x7ffa4387c000,0x22e000,0x20
../../../dumps\claimflow-AFTER\SUPERVIVE-Win64-Shipping.dump.txt,0x7ff7bff50000,251,231,477716480,40691,0x7ffa43b20000,0x2a49000,0x20
../../../dumps\claimflow-BEFORE\SUPERVIVE-Win64-Shipping.dump.txt,0x7ff7bff50000,251,231,477716480,40691,0xff767000,0x1000,0x80
../../../dumps\claimflow-BEFORE\SUPERVIVE-Win64-Shipping.dump.txt,0x7ff7bff50000,251,231,477716480,40691,0xfff2f000,0x170000,0x20
../../../dumps\claimflow-BEFORE\SUPERVIVE-Win64-Shipping.dump.txt,0x7ff7bff50000,251,231,477716480,40691,0x1009dc000,0x22e000,0x20
../../../dumps\claimflow-BEFORE\SUPERVIVE-Win64-Shipping.dump.txt,0x7ff7bff50000,251,231,477716480,40691,0x100c80000,0x2a49000,0x20
../../../dumps\claimflow-BEFORE\SUPERVIVE-Win64-Shipping.dump.txt,0x7ff7bff50000,251,231,477716480,40691,0x7ff93a1e9000,0x1000,0x20
../../../dumps\claimflow-BEFORE\SUPERVIVE-Win64-Shipping.dump.txt,0x7ff7bff50000,251,231,477716480,40691,0x7ff9c295c000,0x1000,0x40
../../../dumps\claimflow-BEFORE\SUPERVIVE-Win64-Shipping.dump.txt,0x7ff7bff50000,251,231,477716480,40691,0x7ff9c295e000,0x1000,0x20
../../../dumps\claimflow-BEFORE\SUPERVIVE-Win64-Shipping.dump.txt,0x7ff7bff50000,251,231,477716480,40691,0x7ff9e66a1000,0x2000,0x20
../../../dumps\claimflow-BEFORE\SUPERVIVE-Win64-Shipping.dump.txt,0x7ff7bff50000,251,231,477716480,40691,0x7ff9eaed1000,0x24000,0x20
../../../dumps\claimflow-BEFORE\SUPERVIVE-Win64-Shipping.dump.txt,0x7ff7bff50000,251,231,477716480,40691,0x7ff9ec121000,0x26000,0x20
../../../dumps\claimflow-BEFORE\SUPERVIVE-Win64-Shipping.dump.txt,0x7ff7bff50000,251,231,477716480,40691,0x7ff9ec681000,0x16000,0x20
../../../dumps\claimflow-BEFORE\SUPERVIVE-Win64-Shipping.dump.txt,0x7ff7bff50000,251,231,477716480,40691,0x7ff9ec7c1000,0x14000,0x20
../../../dumps\claimflow-BEFORE\SUPERVIVE-Win64-Shipping.dump.txt,0x7ff7bff50000,251,231,477716480,40691,0x7ff9eca61000,0x1f000,0x20
../../../dumps\claimflow-BEFORE\SUPERVIVE-Win64-Shipping.dump.txt,0x7ff7bff50000,251,231,477716480,40691,0x7ff9ed8e1000,0x12000,0x20
../../../dumps\claimflow-BEFORE\SUPERVIVE-Win64-Shipping.dump.txt,0x7ff7bff50000,251,231,477716480,40691,0x7ff9eda91000,0x14000,0x20
../../../dumps\claimflow-BEFORE\SUPERVIVE-Win64-Shipping.dump.txt,0x7ff7bff50000,251,231,477716480,40691,0x7ff9f05e1000,0x10000,0x20
../../../dumps\claimflow-BEFORE\SUPERVIVE-Win64-Shipping.dump.txt,0x7ff7bff50000,251,231,477716480,40691,0x7ff9ff9f1000,0x14000,0x20
../../../dumps\claimflow-BEFORE\SUPERVIVE-Win64-Shipping.dump.txt,0x7ff7bff50000,251,231,477716480,40691,0x7ffa02cd1000,0xe000,0x20
../../../dumps\claimflow-BEFORE\SUPERVIVE-Win64-Shipping.dump.txt,0x7ff7bff50000,251,231,477716480,40691,0x7ffa36561000,0x1000,0x20
../../../dumps\claimflow-BEFORE\SUPERVIVE-Win64-Shipping.dump.txt,0x7ff7bff50000,251,231,477716480,40691,0x7ffa42607000,0x1000,0x20
../../../dumps\claimflow-BEFORE\SUPERVIVE-Win64-Shipping.dump.txt,0x7ff7bff50000,251,231,477716480,40691,0x7ffa42dcf000,0x170000,0x20
../../../dumps\claimflow-BEFORE\SUPERVIVE-Win64-Shipping.dump.txt,0x7ff7bff50000,251,231,477716480,40691,0x7ffa4387c000,0x22e000,0x20
../../../dumps\claimflow-BEFORE\SUPERVIVE-Win64-Shipping.dump.txt,0x7ff7bff50000,251,231,477716480,40691,0x7ffa43b20000,0x2a49000,0x20
../../../dumps\crash-20260815-160759\SUPERVIVE-Win64-Shipping.dump.txt,0x7ff7bff50000,203,192,437198848,0,0x73ad1000,0x17000,0x20
../../../dumps\crash-20260815-160759\SUPERVIVE-Win64-Shipping.dump.txt,0x7ff7bff50000,203,192,437198848,0,0xff767000,0x1000,0x80
../../../dumps\crash-20260815-160759\SUPERVIVE-Win64-Shipping.dump.txt,0x7ff7bff50000,203,192,437198848,0,0xfff2f000,0x170000,0x20
../../../dumps\crash-20260815-160759\SUPERVIVE-Win64-Shipping.dump.txt,0x7ff7bff50000,203,192,437198848,0,0x1009dc000,0x22e000,0x20
../../../dumps\crash-20260815-160759\SUPERVIVE-Win64-Shipping.dump.txt,0x7ff7bff50000,203,192,437198848,0,0x100c80000,0x2a49000,0x20
../../../dumps\crash-20260815-160759\SUPERVIVE-Win64-Shipping.dump.txt,0x7ff7bff50000,203,192,437198848,0,0x7ff967f71000,0x787c000,0x20
../../../dumps\crash-20260815-160759\SUPERVIVE-Win64-Shipping.dump.txt,0x7ff7bff50000,203,192,437198848,0,0x7ff971239000,0x1000,0x20
../../../dumps\crash-20260815-160759\SUPERVIVE-Win64-Shipping.dump.txt,0x7ff7bff50000,203,192,437198848,0,0x7ff9ade41000,0x497000,0x20
../../../dumps\crash-20260815-160759\SUPERVIVE-Win64-Shipping.dump.txt,0x7ff7bff50000,203,192,437198848,0,0x7ff9bc891000,0x317000,0x20
../../../dumps\crash-20260815-160759\SUPERVIVE-Win64-Shipping.dump.txt,0x7ff7bff50000,203,192,437198848,0,0x7ff9c0721000,0x395000,0x20
../../../dumps\crash-20260815-160759\SUPERVIVE-Win64-Shipping.dump.txt,0x7ff7bff50000,203,192,437198848,0,0x7ff9c0ce1000,0x2e7000,0x20
../../../dumps\crash-20260815-160759\SUPERVIVE-Win64-Shipping.dump.txt,0x7ff7bff50000,203,192,437198848,0,0x7ff9c1741000,0x192000,0x20
../../../dumps\crash-20260815-160759\SUPERVIVE-Win64-Shipping.dump.txt,0x7ff7bff50000,203,192,437198848,0,0x7ff9c6371000,0x3d000,0x20
../../../dumps\crash-20260815-160759\SUPERVIVE-Win64-Shipping.dump.txt,0x7ff7bff50000,203,192,437198848,0,0x7ff9c7031000,0x196000,0x20
../../../dumps\crash-20260815-160759\SUPERVIVE-Win64-Shipping.dump.txt,0x7ff7bff50000,203,192,437198848,0,0x7ff9caab1000,0x151000,0x20
../../../dumps\crash-20260815-160759\SUPERVIVE-Win64-Shipping.dump.txt,0x7ff7bff50000,203,192,437198848,0,0x7ff9cb811000,0x5e000,0x20
../../../dumps\crash-20260815-160759\SUPERVIVE-Win64-Shipping.dump.txt,0x7ff7bff50000,203,192,437198848,0,0x7ff9d5bb1000,0xe0000,0x20
../../../dumps\crash-20260815-160759\SUPERVIVE-Win64-Shipping.dump.txt,0x7ff7bff50000,203,192,437198848,0,0x7ff9d6781000,0x121000,0x20
../../../dumps\crash-20260815-160759\SUPERVIVE-Win64-Shipping.dump.txt,0x7ff7bff50000,203,192,437198848,0,0x7ff9dcde1000,0x1e000,0x20
../../../dumps\crash-20260815-160759\SUPERVIVE-Win64-Shipping.dump.txt,0x7ff7bff50000,203,192,437198848,0,0x7ff9df971000,0x3c9000,0x20
../../../dumps\crash-20260815-160759\SUPERVIVE-Win64-Shipping.dump.txt,0x7ff7bff50000,203,192,437198848,0,0x7ff9e15d1000,0x50a000,0x20
../../../dumps\crash-20260815-160759\SUPERVIVE-Win64-Shipping.dump.txt,0x7ff7bff50000,203,192,437198848,0,0x7ff9e2f01000,0xcd000,0x20
../../../dumps\crash-20260815-160759\SUPERVIVE-Win64-Shipping.dump.txt,0x7ff7bff50000,203,192,437198848,0,0x7ff9e5451000,0x20e000,0x20
../../../dumps\crash-20260815-160759\SUPERVIVE-Win64-Shipping.dump.txt,0x7ff7bff50000,203,192,437198848,0,0x7ff9e66a1000,0x2000,0x20
../../../dumps\crash-20260815-160759\SUPERVIVE-Win64-Shipping.dump.txt,0x7ff7bff50000,203,192,437198848,0,0x7ff9e9201000,0xc5000,0x20
../../../dumps\crash-20260815-160759\SUPERVIVE-Win64-Shipping.dump.txt,0x7ff7bff50000,203,192,437198848,0,0x7ff9e931c000,0x1000,0x40
../../../dumps\crash-20260815-160759\SUPERVIVE-Win64-Shipping.dump.txt,0x7ff7bff50000,203,192,437198848,0,0x7ff9e931e000,0x1000,0x20
../../../dumps\crash-20260815-160759\SUPERVIVE-Win64-Shipping.dump.txt,0x7ff7bff50000,203,192,437198848,0,0x7ff9eb331000,0x65000,0x20
../../../dumps\crash-20260815-160759\SUPERVIVE-Win64-Shipping.dump.txt,0x7ff7bff50000,203,192,437198848,0,0x7ff9eb811000,0x44000,0x20
../../../dumps\crash-20260815-160759\SUPERVIVE-Win64-Shipping.dump.txt,0x7ff7bff50000,203,192,437198848,0,0x7ff9ec8a1000,0x26000,0x20
../../../dumps\crash-20260815-160759\SUPERVIVE-Win64-Shipping.dump.txt,0x7ff7bff50000,203,192,437198848,0,0x7ff9ec8f1000,0x2a000,0x20
../../../dumps\crash-20260815-160759\SUPERVIVE-Win64-Shipping.dump.txt,0x7ff7bff50000,203,192,437198848,0,0x7ff9ec931000,0x13000,0x20
../../../dumps\crash-20260815-160759\SUPERVIVE-Win64-Shipping.dump.txt,0x7ff7bff50000,203,192,437198848,0,0x7ff9ecc71000,0x24000,0x20
../../../dumps\crash-20260815-160759\SUPERVIVE-Win64-Shipping.dump.txt,0x7ff7bff50000,203,192,437198848,0,0x7ff9eccb1000,0x26000,0x20
../../../dumps\crash-20260815-160759\SUPERVIVE-Win64-Shipping.dump.txt,0x7ff7bff50000,203,192,437198848,0,0x7ff9eccf1000,0x4e000,0x20
../../../dumps\crash-20260815-160759\SUPERVIVE-Win64-Shipping.dump.txt,0x7ff7bff50000,203,192,437198848,0,0x7ff9ecd71000,0x26000,0x20
../../../dumps\crash-20260815-160759\SUPERVIVE-Win64-Shipping.dump.txt,0x7ff7bff50000,203,192,437198848,0,0x7ff9ed8e1000,0x16000,0x20
../../../dumps\crash-20260815-160759\SUPERVIVE-Win64-Shipping.dump.txt,0x7ff7bff50000,203,192,437198848,0,0x7ff9f24f1000,0x1f3000,0x20
../../../dumps\crash-20260815-160759\SUPERVIVE-Win64-Shipping.dump.txt,0x7ff7bff50000,203,192,437198848,0,0x7ff9f3ba1000,0x4000,0x20
../../../dumps\crash-20260815-160759\SUPERVIVE-Win64-Shipping.dump.txt,0x7ff7bff50000,203,192,437198848,0,0x7ff9f4781000,0x14000,0x20
../../../dumps\crash-20260815-160759\SUPERVIVE-Win64-Shipping.dump.txt,0x7ff7bff50000,203,192,437198848,0,0x7ff9f4871000,0x1c3000,0x20
../../../dumps\crash-20260815-160759\SUPERVIVE-Win64-Shipping.dump.txt,0x7ff7bff50000,203,192,437198848,0,0x7ff9f95c1000,0x1f000,0x20
../../../dumps\crash-20260815-160759\SUPERVIVE-Win64-Shipping.dump.txt,0x7ff7bff50000,203,192,437198848,0,0x7ff9faae1000,0xef000,0x20
../../../dumps\crash-20260815-160759\SUPERVIVE-Win64-Shipping.dump.txt,0x7ff7bff50000,203,192,437198848,0,0x7ff9fac41000,0xb2000,0x20
../../../dumps\crash-20260815-160759\SUPERVIVE-Win64-Shipping.dump.txt,0x7ff7bff50000,203,192,437198848,0,0x7ff9fde81000,0x12000,0x20
../../../dumps\crash-20260815-160759\SUPERVIVE-Win64-Shipping.dump.txt,0x7ff7bff50000,203,192,437198848,0,0x7ff9fe491000,0x14000,0x20
../../../dumps\crash-20260815-160759\SUPERVIVE-Win64-Shipping.dump.txt,0x7ff7bff50000,203,192,437198848,0,0x7ff9ff9f1000,0x10000,0x20
../../../dumps\crash-20260815-160759\SUPERVIVE-Win64-Shipping.dump.txt,0x7ff7bff50000,203,192,437198848,0,0x7ffa05e01000,0x14000,0x20
../../../dumps\crash-20260815-160759\SUPERVIVE-Win64-Shipping.dump.txt,0x7ff7bff50000,203,192,437198848,0,0x7ffa0a6f1000,0x89000,0x20
../../../dumps\crash-20260815-160759\SUPERVIVE-Win64-Shipping.dump.txt,0x7ff7bff50000,203,192,437198848,0,0x7ffa0abb1000,0x16000,0x20
../../../dumps\crash-20260815-160759\SUPERVIVE-Win64-Shipping.dump.txt,0x7ff7bff50000,203,192,437198848,0,0x7ffa0d131000,0xe000,0x20
../../../dumps\crash-20260815-160759\SUPERVIVE-Win64-Shipping.dump.txt,0x7ff7bff50000,203,192,437198848,0,0x7ffa0f601000,0xe000,0x20
../../../dumps\crash-20260815-160759\SUPERVIVE-Win64-Shipping.dump.txt,0x7ff7bff50000,203,192,437198848,0,0x7ffa0f621000,0x18000,0x20
../../../dumps\crash-20260815-160759\SUPERVIVE-Win64-Shipping.dump.txt,0x7ff7bff50000,203,192,437198848,0,0x7ffa10721000,0x2000,0x20
../../../dumps\crash-20260815-160759\SUPERVIVE-Win64-Shipping.dump.txt,0x7ff7bff50000,203,192,437198848,0,0x7ffa18b21000,0xb1000,0x20
../../../dumps\crash-20260815-160759\SUPERVIVE-Win64-Shipping.dump.txt,0x7ff7bff50000,203,192,437198848,0,0x7ffa19011000,0xfe000,0x20
../../../dumps\crash-20260815-160759\SUPERVIVE-Win64-Shipping.dump.txt,0x7ff7bff50000,203,192,437198848,0,0x7ffa1ac81000,0x18000,0x20
../../../dumps\crash-20260815-160759\SUPERVIVE-Win64-Shipping.dump.txt,0x7ff7bff50000,203,192,437198848,0,0x7ffa1c581000,0x1ef000,0x20
../../../dumps\crash-20260815-160759\SUPERVIVE-Win64-Shipping.dump.txt,0x7ff7bff50000,203,192,437198848,0,0x7ffa1e421000,0x421e000,0x20
../../../dumps\crash-20260815-160759\SUPERVIVE-Win64-Shipping.dump.txt,0x7ff7bff50000,203,192,437198848,0,0x7ffa244a1000,0x276000,0x20
../../../dumps\crash-20260815-160759\SUPERVIVE-Win64-Shipping.dump.txt,0x7ff7bff50000,203,192,437198848,0,0x7ffa249f1000,0x3000,0x20
../../../dumps\crash-20260815-160759\SUPERVIVE-Win64-Shipping.dump.txt,0x7ff7bff50000,203,192,437198848,0,0x7ffa24e21000,0x62000,0x20
../../../dumps\crash-20260815-160759\SUPERVIVE-Win64-Shipping.dump.txt,0x7ff7bff50000,203,192,437198848,0,0x7ffa252a1000,0x1f000,0x20
../../../dumps\crash-20260815-160759\SUPERVIVE-Win64-Shipping.dump.txt,0x7ff7bff50000,203,192,437198848,0,0x7ffa26781000,0x1a000,0x20
../../../dumps\crash-20260815-160759\SUPERVIVE-Win64-Shipping.dump.txt,0x7ff7bff50000,203,192,437198848,0,0x7ffa267e1000,0x159000,0x20
../../../dumps\crash-20260815-160759\SUPERVIVE-Win64-Shipping.dump.txt,0x7ff7bff50000,203,192,437198848,0,0x7ffa27041000,0x4000,0x20
../../../dumps\crash-20260815-160759\SUPERVIVE-Win64-Shipping.dump.txt,0x7ff7bff50000,203,192,437198848,0,0x7ffa281b1000,0x3000,0x20
../../../dumps\crash-20260815-160759\SUPERVIVE-Win64-Shipping.dump.txt,0x7ff7bff50000,203,192,437198848,0,0x7ffa28b91000,0x5f000,0x20
../../../dumps\crash-20260815-160759\SUPERVIVE-Win64-Shipping.dump.txt,0x7ff7bff50000,203,192,437198848,0,0x7ffa28c41000,0x1e4000,0x20
../../../dumps\crash-20260815-160759\SUPERVIVE-Win64-Shipping.dump.txt,0x7ff7bff50000,203,192,437198848,0,0x7ffa29711000,0x2ad000,0x20
../../../dumps\crash-20260815-160759\SUPERVIVE-Win64-Shipping.dump.txt,0x7ff7bff50000,203,192,437198848,0,0x7ffa29a81000,0x13b000,0x20
../../../dumps\crash-20260815-160759\SUPERVIVE-Win64-Shipping.dump.txt,0x7ff7bff50000,203,192,437198848,0,0x7ffa29c81000,0x87000,0x20
../../../dumps\crash-20260815-160759\SUPERVIVE-Win64-Shipping.dump.txt,0x7ff7bff50000,203,192,437198848,0,0x7ffa29fa1000,0x14000,0x20
../../../dumps\crash-20260815-160759\SUPERVIVE-Win64-Shipping.dump.txt,0x7ff7bff50000,203,192,437198848,0,0x7ffa2a5c1000,0x40000,0x20
../../../dumps\crash-20260815-160759\SUPERVIVE-Win64-Shipping.dump.txt,0x7ff7bff50000,203,192,437198848,0,0x7ffa2a701000,0x46e000,0x20
../../../dumps\crash-20260815-160759\SUPERVIVE-Win64-Shipping.dump.txt,0x7ff7bff50000,203,192,437198848,0,0x7ffa2ad11000,0x67000,0x20
../../../dumps\crash-20260815-160759\SUPERVIVE-Win64-Shipping.dump.txt,0x7ff7bff50000,203,192,437198848,0,0x7ffa2b761000,0x26000,0x20
../../../dumps\crash-20260815-160759\SUPERVIVE-Win64-Shipping.dump.txt,0x7ff7bff50000,203,192,437198848,0,0x7ffa2d581000,0x1556000,0x20
../../../dumps\crash-20260815-160759\SUPERVIVE-Win64-Shipping.dump.txt,0x7ff7bff50000,203,192,437198848,0,0x7ffa32b81000,0x6a000,0x20
../../../dumps\crash-20260815-160759\SUPERVIVE-Win64-Shipping.dump.txt,0x7ff7bff50000,203,192,437198848,0,0x7ffa32c21000,0xef000,0x20
../../../dumps\crash-20260815-160759\SUPERVIVE-Win64-Shipping.dump.txt,0x7ff7bff50000,203,192,437198848,0,0x7ffa32fe1000,0xb000,0x20
../../../dumps\crash-20260815-160759\SUPERVIVE-Win64-Shipping.dump.txt,0x7ff7bff50000,203,192,437198848,0,0x7ffa330c1000,0xc000,0x20
../../../dumps\crash-20260815-160759\SUPERVIVE-Win64-Shipping.dump.txt,0x7ff7bff50000,203,192,437198848,0,0x7ffa33181000,0x5f000,0x20
../../../dumps\crash-20260815-160759\SUPERVIVE-Win64-Shipping.dump.txt,0x7ff7bff50000,203,192,437198848,0,0x7ffa33ad1000,0xef000,0x20
../../../dumps\crash-20260815-160759\SUPERVIVE-Win64-Shipping.dump.txt,0x7ff7bff50000,203,192,437198848,0,0x7ffa33e11000,0x21000,0x20
../../../dumps\crash-20260815-160759\SUPERVIVE-Win64-Shipping.dump.txt,0x7ff7bff50000,203,192,437198848,0,0x7ffa33e51000,0x9d000,0x20
../../../dumps\crash-20260815-160759\SUPERVIVE-Win64-Shipping.dump.txt,0x7ff7bff50000,203,192,437198848,0,0x7ffa35641000,0xe000,0x20
../../../dumps\crash-20260815-160759\SUPERVIVE-Win64-Shipping.dump.txt,0x7ff7bff50000,203,192,437198848,0,0x7ffa35691000,0xf000,0x20
../../../dumps\crash-20260815-160759\SUPERVIVE-Win64-Shipping.dump.txt,0x7ff7bff50000,203,192,437198848,0,0x7ffa35c01000,0x2000,0x20
../../../dumps\crash-20260815-160759\SUPERVIVE-Win64-Shipping.dump.txt,0x7ff7bff50000,203,192,437198848,0,0x7ffa35f01000,0x29000,0x20
../../../dumps\crash-20260815-160759\SUPERVIVE-Win64-Shipping.dump.txt,0x7ff7bff50000,203,192,437198848,0,0x7ffa36331000,0x56000,0x20
../../../dumps\crash-20260815-160759\SUPERVIVE-Win64-Shipping.dump.txt,0x7ff7bff50000,203,192,437198848,0,0x7ffa36501000,0x18000,0x20
../../../dumps\crash-20260815-160759\SUPERVIVE-Win64-Shipping.dump.txt,0x7ff7bff50000,203,192,437198848,0,0x7ffa36561000,0x1000,0x20
../../../dumps\crash-20260815-160759\SUPERVIVE-Win64-Shipping.dump.txt,0x7ff7bff50000,203,192,437198848,0,0x7ffa36671000,0xfb000,0x20
../../../dumps\crash-20260815-160759\SUPERVIVE-Win64-Shipping.dump.txt,0x7ff7bff50000,203,192,437198848,0,0x7ffa36f21000,0x2000,0x20
../../../dumps\crash-20260815-160759\SUPERVIVE-Win64-Shipping.dump.txt,0x7ff7bff50000,203,192,437198848,0,0x7ffa381a1000,0x8000,0x20
../../../dumps\crash-20260815-160759\SUPERVIVE-Win64-Shipping.dump.txt,0x7ff7bff50000,203,192,437198848,0,0x7ffa381c1000,0x7c000,0x20
../../../dumps\crash-20260815-160759\SUPERVIVE-Win64-Shipping.dump.txt,0x7ff7bff50000,203,192,437198848,0,0x7ffa38381000,0x164000,0x20
../../../dumps\crash-20260815-160759\SUPERVIVE-Win64-Shipping.dump.txt,0x7ff7bff50000,203,192,437198848,0,0x7ffa38591000,0xa1000,0x20
../../../dumps\crash-20260815-160759\SUPERVIVE-Win64-Shipping.dump.txt,0x7ff7bff50000,203,192,437198848,0,0x7ffa388f1000,0x6e000,0x20
../../../dumps\crash-20260815-160759\SUPERVIVE-Win64-Shipping.dump.txt,0x7ff7bff50000,203,192,437198848,0,0x7ffa38bd1000,0x46000,0x20
../../../dumps\crash-20260815-160759\SUPERVIVE-Win64-Shipping.dump.txt,0x7ff7bff50000,203,192,437198848,0,0x7ffa38c51000,0xd0000,0x20
../../../dumps\crash-20260815-160759\SUPERVIVE-Win64-Shipping.dump.txt,0x7ff7bff50000,203,192,437198848,0,0x7ffa39161000,0x115000,0x20
../../../dumps\crash-20260815-160759\SUPERVIVE-Win64-Shipping.dump.txt,0x7ff7bff50000,203,192,437198848,0,0x7ffa39c31000,0x9000,0x20
../../../dumps\crash-20260815-160759\SUPERVIVE-Win64-Shipping.dump.txt,0x7ff7bff50000,203,192,437198848,0,0x7ffa39d91000,0x12000,0x20
../../../dumps\crash-20260815-160759\SUPERVIVE-Win64-Shipping.dump.txt,0x7ff7bff50000,203,192,437198848,0,0x7ffa39db1000,0x11000,0x20
../../../dumps\crash-20260815-160759\SUPERVIVE-Win64-Shipping.dump.txt,0x7ff7bff50000,203,192,437198848,0,0x7ffa39dd1000,0xd000,0x20
../../../dumps\crash-20260815-160759\SUPERVIVE-Win64-Shipping.dump.txt,0x7ff7bff50000,203,192,437198848,0,0x7ffa3a121000,0x9a000,0x20
../../../dumps\crash-20260815-160759\SUPERVIVE-Win64-Shipping.dump.txt,0x7ff7bff50000,203,192,437198848,0,0x7ffa3a221000,0x79000,0x20
../../../dumps\crash-20260815-160759\SUPERVIVE-Win64-Shipping.dump.txt,0x7ff7bff50000,203,192,437198848,0,0x7ffa3a381000,0x1b7000,0x20
../../../dumps\crash-20260815-160759\SUPERVIVE-Win64-Shipping.dump.txt,0x7ff7bff50000,203,192,437198848,0,0x7ffa3ab61000,0x25000,0x20
../../../dumps\crash-20260815-160759\SUPERVIVE-Win64-Shipping.dump.txt,0x7ff7bff50000,203,192,437198848,0,0x7ffa3aef1000,0x3000,0x20
../../../dumps\crash-20260815-160759\SUPERVIVE-Win64-Shipping.dump.txt,0x7ff7bff50000,203,192,437198848,0,0x7ffa3b011000,0x4a000,0x20
../../../dumps\crash-20260815-160759\SUPERVIVE-Win64-Shipping.dump.txt,0x7ff7bff50000,203,192,437198848,0,0x7ffa3b201000,0x15a000,0x20
../../../dumps\crash-20260815-160759\SUPERVIVE-Win64-Shipping.dump.txt,0x7ff7bff50000,203,192,437198848,0,0x7ffa3b3f1000,0x95000,0x20
../../../dumps\crash-20260815-160759\SUPERVIVE-Win64-Shipping.dump.txt,0x7ff7bff50000,203,192,437198848,0,0x7ffa3b511000,0x10000,0x20
../../../dumps\crash-20260815-160759\SUPERVIVE-Win64-Shipping.dump.txt,0x7ff7bff50000,203,192,437198848,0,0x7ffa3b541000,0x6000,0x20
../../../dumps\crash-20260815-160759\SUPERVIVE-Win64-Shipping.dump.txt,0x7ff7bff50000,203,192,437198848,0,0x7ffa3bb91000,0xa000,0x20
../../../dumps\crash-20260815-160759\SUPERVIVE-Win64-Shipping.dump.txt,0x7ff7bff50000,203,192,437198848,0,0x7ffa3bbc1000,0x3000,0x20
../../../dumps\crash-20260815-160759\SUPERVIVE-Win64-Shipping.dump.txt,0x7ff7bff50000,203,192,437198848,0,0x7ffa3bbd1000,0x11000,0x20
../../../dumps\crash-20260815-160759\SUPERVIVE-Win64-Shipping.dump.txt,0x7ff7bff50000,203,192,437198848,0,0x7ffa3bc91000,0x14000,0x20
../../../dumps\crash-20260815-160759\SUPERVIVE-Win64-Shipping.dump.txt,0x7ff7bff50000,203,192,437198848,0,0x7ffa3c161000,0x147000,0x20
../../../dumps\crash-20260815-160759\SUPERVIVE-Win64-Shipping.dump.txt,0x7ff7bff50000,203,192,437198848,0,0x7ffa3c3b1000,0x5e000,0x20
../../../dumps\crash-20260815-160759\SUPERVIVE-Win64-Shipping.dump.txt,0x7ff7bff50000,203,192,437198848,0,0x7ffa3c541000,0x8000,0x20
../../../dumps\crash-20260815-160759\SUPERVIVE-Win64-Shipping.dump.txt,0x7ff7bff50000,203,192,437198848,0,0x7ffa3c641000,0x18000,0x20
../../../dumps\crash-20260815-160759\SUPERVIVE-Win64-Shipping.dump.txt,0x7ff7bff50000,203,192,437198848,0,0x7ffa3cb31000,0x59c000,0x20
../../../dumps\crash-20260815-160759\SUPERVIVE-Win64-Shipping.dump.txt,0x7ff7bff50000,203,192,437198848,0,0x7ffa3d301000,0x2c2000,0x20
../../../dumps\crash-20260815-160759\SUPERVIVE-Win64-Shipping.dump.txt,0x7ff7bff50000,203,192,437198848,0,0x7ffa3d8d1000,0x188000,0x20
../../../dumps\crash-20260815-160759\SUPERVIVE-Win64-Shipping.dump.txt,0x7ff7bff50000,203,192,437198848,0,0x7ffa3de71000,0x1c6000,0x20
../../../dumps\crash-20260815-160759\SUPERVIVE-Win64-Shipping.dump.txt,0x7ff7bff50000,203,192,437198848,0,0x7ffa3e0e1000,0x2000,0x20
../../../dumps\crash-20260815-160759\SUPERVIVE-Win64-Shipping.dump.txt,0x7ff7bff50000,203,192,437198848,0,0x7ffa3e131000,0x5000,0x20
../../../dumps\crash-20260815-160759\SUPERVIVE-Win64-Shipping.dump.txt,0x7ff7bff50000,203,192,437198848,0,0x7ffa3e141000,0x4000,0x20
../../../dumps\crash-20260815-160759\SUPERVIVE-Win64-Shipping.dump.txt,0x7ff7bff50000,203,192,437198848,0,0x7ffa3e161000,0x99000,0x20
../../../dumps\crash-20260815-160759\SUPERVIVE-Win64-Shipping.dump.txt,0x7ff7bff50000,203,192,437198848,0,0x7ffa3e591000,0x2f000,0x20
../../../dumps\crash-20260815-160759\SUPERVIVE-Win64-Shipping.dump.txt,0x7ff7bff50000,203,192,437198848,0,0x7ffa3e821000,0x79000,0x20
../../../dumps\crash-20260815-160759\SUPERVIVE-Win64-Shipping.dump.txt,0x7ff7bff50000,203,192,437198848,0,0x7ffa3e911000,0x26000,0x20
../../../dumps\crash-20260815-160759\SUPERVIVE-Win64-Shipping.dump.txt,0x7ff7bff50000,203,192,437198848,0,0x7ffa3ea31000,0xc000,0x20
../../../dumps\crash-20260815-160759\SUPERVIVE-Win64-Shipping.dump.txt,0x7ff7bff50000,203,192,437198848,0,0x7ffa3eb61000,0x23000,0x20
../../../dumps\crash-20260815-160759\SUPERVIVE-Win64-Shipping.dump.txt,0x7ff7bff50000,203,192,437198848,0,0x7ffa3ecd1000,0x9000,0x20
../../../dumps\crash-20260815-160759\SUPERVIVE-Win64-Shipping.dump.txt,0x7ff7bff50000,203,192,437198848,0,0x7ffa3ecf1000,0x29000,0x20
../../../dumps\crash-20260815-160759\SUPERVIVE-Win64-Shipping.dump.txt,0x7ff7bff50000,203,192,437198848,0,0x7ffa3ed31000,0x5000,0x20
../../../dumps\crash-20260815-160759\SUPERVIVE-Win64-Shipping.dump.txt,0x7ff7bff50000,203,192,437198848,0,0x7ffa3ed41000,0x93000,0x20
../../../dumps\crash-20260815-160759\SUPERVIVE-Win64-Shipping.dump.txt,0x7ff7bff50000,203,192,437198848,0,0x7ffa3ee61000,0x12000,0x20
../../../dumps\crash-20260815-160759\SUPERVIVE-Win64-Shipping.dump.txt,0x7ff7bff50000,203,192,437198848,0,0x7ffa3f041000,0x53000,0x20
../../../dumps\crash-20260815-160759\SUPERVIVE-Win64-Shipping.dump.txt,0x7ff7bff50000,203,192,437198848,0,0x7ffa3f0b1000,0x11000,0x20
../../../dumps\crash-20260815-160759\SUPERVIVE-Win64-Shipping.dump.txt,0x7ff7bff50000,203,192,437198848,0,0x7ffa3f201000,0x3000,0x20
../../../dumps\crash-20260815-160759\SUPERVIVE-Win64-Shipping.dump.txt,0x7ff7bff50000,203,192,437198848,0,0x7ffa3f291000,0x18000,0x20
../../../dumps\crash-20260815-160759\SUPERVIVE-Win64-Shipping.dump.txt,0x7ff7bff50000,203,192,437198848,0,0x7ffa3f2d1000,0xc000,0x20
../../../dumps\crash-20260815-160759\SUPERVIVE-Win64-Shipping.dump.txt,0x7ff7bff50000,203,192,437198848,0,0x7ffa3f3a1000,0x14000,0x20
../../../dumps\crash-20260815-160759\SUPERVIVE-Win64-Shipping.dump.txt,0x7ff7bff50000,203,192,437198848,0,0x7ffa3f3e1000,0x18000,0x20
../../../dumps\crash-20260815-160759\SUPERVIVE-Win64-Shipping.dump.txt,0x7ff7bff50000,203,192,437198848,0,0x7ffa3f501000,0x9000,0x20
../../../dumps\crash-20260815-160759\SUPERVIVE-Win64-Shipping.dump.txt,0x7ff7bff50000,203,192,437198848,0,0x7ffa3f6d1000,0x21000,0x20
../../../dumps\crash-20260815-160759\SUPERVIVE-Win64-Shipping.dump.txt,0x7ff7bff50000,203,192,437198848,0,0x7ffa3f731000,0x2000,0x20
../../../dumps\crash-20260815-160759\SUPERVIVE-Win64-Shipping.dump.txt,0x7ff7bff50000,203,192,437198848,0,0x7ffa3f7f1000,0x1f000,0x20
../../../dumps\crash-20260815-160759\SUPERVIVE-Win64-Shipping.dump.txt,0x7ff7bff50000,203,192,437198848,0,0x7ffa3f831000,0x1b000,0x20
../../../dumps\crash-20260815-160759\SUPERVIVE-Win64-Shipping.dump.txt,0x7ff7bff50000,203,192,437198848,0,0x7ffa3f871000,0x15000,0x20
../../../dumps\crash-20260815-160759\SUPERVIVE-Win64-Shipping.dump.txt,0x7ff7bff50000,203,192,437198848,0,0x7ffa3f951000,0x64000,0x20
../../../dumps\crash-20260815-160759\SUPERVIVE-Win64-Shipping.dump.txt,0x7ff7bff50000,203,192,437198848,0,0x7ffa3fa91000,0x50000,0x20
../../../dumps\crash-20260815-160759\SUPERVIVE-Win64-Shipping.dump.txt,0x7ff7bff50000,203,192,437198848,0,0x7ffa3fb11000,0x36000,0x20
../../../dumps\crash-20260815-160759\SUPERVIVE-Win64-Shipping.dump.txt,0x7ff7bff50000,203,192,437198848,0,0x7ffa3fb61000,0xb000,0x20
../../../dumps\crash-20260815-160759\SUPERVIVE-Win64-Shipping.dump.txt,0x7ff7bff50000,203,192,437198848,0,0x7ffa3fb91000,0x10c000,0x20
../../../dumps\crash-20260815-160759\SUPERVIVE-Win64-Shipping.dump.txt,0x7ff7bff50000,203,192,437198848,0,0x7ffa3fcf1000,0x1a000,0x20
../../../dumps\crash-20260815-160759\SUPERVIVE-Win64-Shipping.dump.txt,0x7ff7bff50000,203,192,437198848,0,0x7ffa3fd21000,0xb4000,0x20
../../../dumps\crash-20260815-160759\SUPERVIVE-Win64-Shipping.dump.txt,0x7ff7bff50000,203,192,437198848,0,0x7ffa3fe21000,0x132000,0x20
../../../dumps\crash-20260815-160759\SUPERVIVE-Win64-Shipping.dump.txt,0x7ff7bff50000,203,192,437198848,0,0x7ffa40121000,0xa5000,0x20
../../../dumps\crash-20260815-160759\SUPERVIVE-Win64-Shipping.dump.txt,0x7ff7bff50000,203,192,437198848,0,0x7ffa40241000,0x54000,0x20
../../../dumps\crash-20260815-160759\SUPERVIVE-Win64-Shipping.dump.txt,0x7ff7bff50000,203,192,437198848,0,0x7ffa402e1000,0x1e000,0x20
../../../dumps\crash-20260815-160759\SUPERVIVE-Win64-Shipping.dump.txt,0x7ff7bff50000,203,192,437198848,0,0x7ffa40311000,0x5ab000,0x20
../../../dumps\crash-20260815-160759\SUPERVIVE-Win64-Shipping.dump.txt,0x7ff7bff50000,203,192,437198848,0,0x7ffa40a81000,0x32000,0x20
../../../dumps\crash-20260815-160759\SUPERVIVE-Win64-Shipping.dump.txt,0x7ff7bff50000,203,192,437198848,0,0x7ffa40ae1000,0xe2000,0x20
../../../dumps\crash-20260815-160759\SUPERVIVE-Win64-Shipping.dump.txt,0x7ff7bff50000,203,192,437198848,0,0x7ffa40c71000,0x9c000,0x20
../../../dumps\crash-20260815-160759\SUPERVIVE-Win64-Shipping.dump.txt,0x7ff7bff50000,203,192,437198848,0,0x7ffa40d61000,0x6b000,0x20
../../../dumps\crash-20260815-160759\SUPERVIVE-Win64-Shipping.dump.txt,0x7ff7bff50000,203,192,437198848,0,0x7ffa40e11000,0xda000,0x20
../../../dumps\crash-20260815-160759\SUPERVIVE-Win64-Shipping.dump.txt,0x7ff7bff50000,203,192,437198848,0,0x7ffa41281000,0xa7000,0x20
../../../dumps\crash-20260815-160759\SUPERVIVE-Win64-Shipping.dump.txt,0x7ff7bff50000,203,192,437198848,0,0x7ffa41361000,0x67000,0x20
../../../dumps\crash-20260815-160759\SUPERVIVE-Win64-Shipping.dump.txt,0x7ff7bff50000,203,192,437198848,0,0x7ffa41401000,0x44000,0x20
../../../dumps\crash-20260815-160759\SUPERVIVE-Win64-Shipping.dump.txt,0x7ff7bff50000,203,192,437198848,0,0x7ffa41471000,0xb000,0x20
../../../dumps\crash-20260815-160759\SUPERVIVE-Win64-Shipping.dump.txt,0x7ff7bff50000,203,192,437198848,0,0x7ffa41491000,0x75000,0x20
../../../dumps\crash-20260815-160759\SUPERVIVE-Win64-Shipping.dump.txt,0x7ff7bff50000,203,192,437198848,0,0x7ffa415a1000,0x81000,0x20
../../../dumps\crash-20260815-160759\SUPERVIVE-Win64-Shipping.dump.txt,0x7ff7bff50000,203,192,437198848,0,0x7ffa41671000,0x8e000,0x20
../../../dumps\crash-20260815-160759\SUPERVIVE-Win64-Shipping.dump.txt,0x7ff7bff50000,203,192,437198848,0,0x7ffa41811000,0x75000,0x20
../../../dumps\crash-20260815-160759\SUPERVIVE-Win64-Shipping.dump.txt,0x7ff7bff50000,203,192,437198848,0,0x7ffa418c1000,0x238000,0x20
../../../dumps\crash-20260815-160759\SUPERVIVE-Win64-Shipping.dump.txt,0x7ff7bff50000,203,192,437198848,0,0x7ffa41c21000,0x2000,0x20
../../../dumps\crash-20260815-160759\SUPERVIVE-Win64-Shipping.dump.txt,0x7ff7bff50000,203,192,437198848,0,0x7ffa41de1000,0xf000,0x20
../../../dumps\crash-20260815-160759\SUPERVIVE-Win64-Shipping.dump.txt,0x7ff7bff50000,203,192,437198848,0,0x7ffa41f81000,0xd4000,0x20
../../../dumps\crash-20260815-160759\SUPERVIVE-Win64-Shipping.dump.txt,0x7ff7bff50000,203,192,437198848,0,0x7ffa420a1000,0x6a000,0x20
../../../dumps\crash-20260815-160759\SUPERVIVE-Win64-Shipping.dump.txt,0x7ff7bff50000,203,192,437198848,0,0x7ffa42161000,0xcc000,0x20
../../../dumps\crash-20260815-160759\SUPERVIVE-Win64-Shipping.dump.txt,0x7ff7bff50000,203,192,437198848,0,0x7ffa422d1000,0xf000,0x20
../../../dumps\crash-20260815-160759\SUPERVIVE-Win64-Shipping.dump.txt,0x7ff7bff50000,203,192,437198848,0,0x7ffa42607000,0x1000,0x20
../../../dumps\crash-20260815-160759\SUPERVIVE-Win64-Shipping.dump.txt,0x7ff7bff50000,203,192,437198848,0,0x7ffa42dcf000,0x170000,0x20
../../../dumps\crash-20260815-160759\SUPERVIVE-Win64-Shipping.dump.txt,0x7ff7bff50000,203,192,437198848,0,0x7ffa4387c000,0x22e000,0x20
../../../dumps\crash-20260815-160759\SUPERVIVE-Win64-Shipping.dump.txt,0x7ff7bff50000,203,192,437198848,0,0x7ffa43b20000,0x2a49000,0x20
../../../dumps\crash-20260815-200514\SUPERVIVE-Win64-Shipping.dump.txt,0x7ff7bff50000,251,231,477716480,40691,0xff767000,0x1000,0x80
../../../dumps\crash-20260815-200514\SUPERVIVE-Win64-Shipping.dump.txt,0x7ff7bff50000,251,231,477716480,40691,0xfff2f000,0x170000,0x20
../../../dumps\crash-20260815-200514\SUPERVIVE-Win64-Shipping.dump.txt,0x7ff7bff50000,251,231,477716480,40691,0x1009dc000,0x22e000,0x20
../../../dumps\crash-20260815-200514\SUPERVIVE-Win64-Shipping.dump.txt,0x7ff7bff50000,251,231,477716480,40691,0x100c80000,0x2a49000,0x20
../../../dumps\crash-20260815-200514\SUPERVIVE-Win64-Shipping.dump.txt,0x7ff7bff50000,251,231,477716480,40691,0x7ff93a1e9000,0x1000,0x20
../../../dumps\crash-20260815-200514\SUPERVIVE-Win64-Shipping.dump.txt,0x7ff7bff50000,251,231,477716480,40691,0x7ff9e66a1000,0x2000,0x20
../../../dumps\crash-20260815-200514\SUPERVIVE-Win64-Shipping.dump.txt,0x7ff7bff50000,251,231,477716480,40691,0x7ff9e931c000,0x1000,0x40
../../../dumps\crash-20260815-200514\SUPERVIVE-Win64-Shipping.dump.txt,0x7ff7bff50000,251,231,477716480,40691,0x7ff9e931e000,0x1000,0x20
../../../dumps\crash-20260815-200514\SUPERVIVE-Win64-Shipping.dump.txt,0x7ff7bff50000,251,231,477716480,40691,0x7ff9f05d1000,0x24000,0x20
../../../dumps\crash-20260815-200514\SUPERVIVE-Win64-Shipping.dump.txt,0x7ff7bff50000,251,231,477716480,40691,0x7ff9f95c1000,0x26000,0x20
../../../dumps\crash-20260815-200514\SUPERVIVE-Win64-Shipping.dump.txt,0x7ff7bff50000,251,231,477716480,40691,0x7ff9fe491000,0x16000,0x20
../../../dumps\crash-20260815-200514\SUPERVIVE-Win64-Shipping.dump.txt,0x7ff7bff50000,251,231,477716480,40691,0x7ff9ff9f1000,0x14000,0x20
../../../dumps\crash-20260815-200514\SUPERVIVE-Win64-Shipping.dump.txt,0x7ff7bff50000,251,231,477716480,40691,0x7ffa02ff1000,0x1f000,0x20
../../../dumps\crash-20260815-200514\SUPERVIVE-Win64-Shipping.dump.txt,0x7ff7bff50000,251,231,477716480,40691,0x7ffa03031000,0x12000,0x20
../../../dumps\crash-20260815-200514\SUPERVIVE-Win64-Shipping.dump.txt,0x7ff7bff50000,251,231,477716480,40691,0x7ffa03061000,0x14000,0x20
../../../dumps\crash-20260815-200514\SUPERVIVE-Win64-Shipping.dump.txt,0x7ff7bff50000,251,231,477716480,40691,0x7ffa03091000,0x10000,0x20
../../../dumps\crash-20260815-200514\SUPERVIVE-Win64-Shipping.dump.txt,0x7ff7bff50000,251,231,477716480,40691,0x7ffa05e01000,0x14000,0x20
../../../dumps\crash-20260815-200514\SUPERVIVE-Win64-Shipping.dump.txt,0x7ff7bff50000,251,231,477716480,40691,0x7ffa0f6a1000,0xe000,0x20
../../../dumps\crash-20260815-200514\SUPERVIVE-Win64-Shipping.dump.txt,0x7ff7bff50000,251,231,477716480,40691,0x7ffa36561000,0x1000,0x20
../../../dumps\crash-20260815-200514\SUPERVIVE-Win64-Shipping.dump.txt,0x7ff7bff50000,251,231,477716480,40691,0x7ffa42607000,0x1000,0x20
../../../dumps\crash-20260815-200514\SUPERVIVE-Win64-Shipping.dump.txt,0x7ff7bff50000,251,231,477716480,40691,0x7ffa42dcf000,0x170000,0x20
../../../dumps\crash-20260815-200514\SUPERVIVE-Win64-Shipping.dump.txt,0x7ff7bff50000,251,231,477716480,40691,0x7ffa4387c000,0x22e000,0x20
../../../dumps\crash-20260815-200514\SUPERVIVE-Win64-Shipping.dump.txt,0x7ff7bff50000,251,231,477716480,40691,0x7ffa43b20000,0x2a49000,0x20
../../../dumps\crash-20260819-181559\SUPERVIVE-Win64-Shipping.dump.txt,0x7ff7b86d0000,243,230,477687808,40683,0xff767000,0x1000,0x80
../../../dumps\crash-20260819-181559\SUPERVIVE-Win64-Shipping.dump.txt,0x7ff7b86d0000,243,230,477687808,40683,0xfff2f000,0x170000,0x20
../../../dumps\crash-20260819-181559\SUPERVIVE-Win64-Shipping.dump.txt,0x7ff7b86d0000,243,230,477687808,40683,0x1009dc000,0x22e000,0x20
../../../dumps\crash-20260819-181559\SUPERVIVE-Win64-Shipping.dump.txt,0x7ff7b86d0000,243,230,477687808,40683,0x100c80000,0x2a49000,0x20
../../../dumps\crash-20260819-181559\SUPERVIVE-Win64-Shipping.dump.txt,0x7ff7b86d0000,243,230,477687808,40683,0x7ffa90679000,0x1000,0x20
../../../dumps\crash-20260819-181559\SUPERVIVE-Win64-Shipping.dump.txt,0x7ff7b86d0000,243,230,477687808,40683,0x7ffa9d77c000,0x1000,0x40
../../../dumps\crash-20260819-181559\SUPERVIVE-Win64-Shipping.dump.txt,0x7ff7b86d0000,243,230,477687808,40683,0x7ffa9d77e000,0x1000,0x20
../../../dumps\crash-20260819-181559\SUPERVIVE-Win64-Shipping.dump.txt,0x7ff7b86d0000,243,230,477687808,40683,0x7ffaf6e21000,0x24000,0x20
../../../dumps\crash-20260819-181559\SUPERVIVE-Win64-Shipping.dump.txt,0x7ff7b86d0000,243,230,477687808,40683,0x7ffaf75f1000,0x26000,0x20
../../../dumps\crash-20260819-181559\SUPERVIVE-Win64-Shipping.dump.txt,0x7ff7b86d0000,243,230,477687808,40683,0x7ffaf7631000,0x16000,0x20
../../../dumps\crash-20260819-181559\SUPERVIVE-Win64-Shipping.dump.txt,0x7ff7b86d0000,243,230,477687808,40683,0x7ffaf7bc1000,0x1f000,0x20
../../../dumps\crash-20260819-181559\SUPERVIVE-Win64-Shipping.dump.txt,0x7ff7b86d0000,243,230,477687808,40683,0x7ffaf9971000,0x1000,0x20
../../../dumps\crash-20260819-181559\SUPERVIVE-Win64-Shipping.dump.txt,0x7ff7b86d0000,243,230,477687808,40683,0x7ffaf9af1000,0x14000,0x20
../../../dumps\crash-20260819-181559\SUPERVIVE-Win64-Shipping.dump.txt,0x7ff7b86d0000,243,230,477687808,40683,0x7ffaf9c71000,0x12000,0x20
../../../dumps\crash-20260819-181559\SUPERVIVE-Win64-Shipping.dump.txt,0x7ff7b86d0000,243,230,477687808,40683,0x7ffb021e1000,0x2000,0x20
../../../dumps\crash-20260819-181559\SUPERVIVE-Win64-Shipping.dump.txt,0x7ff7b86d0000,243,230,477687808,40683,0x7ffb06281000,0x14000,0x20
../../../dumps\crash-20260819-181559\SUPERVIVE-Win64-Shipping.dump.txt,0x7ff7b86d0000,243,230,477687808,40683,0x7ffb07221000,0x10000,0x20
../../../dumps\crash-20260819-181559\SUPERVIVE-Win64-Shipping.dump.txt,0x7ff7b86d0000,243,230,477687808,40683,0x7ffb07ed1000,0x14000,0x20
../../../dumps\crash-20260819-181559\SUPERVIVE-Win64-Shipping.dump.txt,0x7ff7b86d0000,243,230,477687808,40683,0x7ffb39ba1000,0xe000,0x20
../../../dumps\crash-20260819-181559\SUPERVIVE-Win64-Shipping.dump.txt,0x7ff7b86d0000,243,230,477687808,40683,0x7ffb57407000,0x1000,0x20
../../../dumps\crash-20260819-181559\SUPERVIVE-Win64-Shipping.dump.txt,0x7ff7b86d0000,243,230,477687808,40683,0x7ffb57bcf000,0x170000,0x20
../../../dumps\crash-20260819-181559\SUPERVIVE-Win64-Shipping.dump.txt,0x7ff7b86d0000,243,230,477687808,40683,0x7ffb5867c000,0x22e000,0x20
../../../dumps\crash-20260819-181559\SUPERVIVE-Win64-Shipping.dump.txt,0x7ff7b86d0000,243,230,477687808,40683,0x7ffb58920000,0x2a49000,0x20
../../../dumps\crash-20260819-200129\SUPERVIVE-Win64-Shipping.dump.txt,0x7ff7b86d0000,241,230,477687808,40683,0xff767000,0x1000,0x80
../../../dumps\crash-20260819-200129\SUPERVIVE-Win64-Shipping.dump.txt,0x7ff7b86d0000,241,230,477687808,40683,0xfff2f000,0x170000,0x20
../../../dumps\crash-20260819-200129\SUPERVIVE-Win64-Shipping.dump.txt,0x7ff7b86d0000,241,230,477687808,40683,0x1009dc000,0x22e000,0x20
../../../dumps\crash-20260819-200129\SUPERVIVE-Win64-Shipping.dump.txt,0x7ff7b86d0000,241,230,477687808,40683,0x100c80000,0x2a49000,0x20
../../../dumps\crash-20260819-200129\SUPERVIVE-Win64-Shipping.dump.txt,0x7ff7b86d0000,241,230,477687808,40683,0x7ffa85439000,0x1000,0x20
../../../dumps\crash-20260819-200129\SUPERVIVE-Win64-Shipping.dump.txt,0x7ff7b86d0000,241,230,477687808,40683,0x7ffacd60c000,0x1000,0x40
../../../dumps\crash-20260819-200129\SUPERVIVE-Win64-Shipping.dump.txt,0x7ff7b86d0000,241,230,477687808,40683,0x7ffacd60e000,0x1000,0x20
../../../dumps\crash-20260819-200129\SUPERVIVE-Win64-Shipping.dump.txt,0x7ff7b86d0000,241,230,477687808,40683,0x7ffaf8981000,0x24000,0x20
../../../dumps\crash-20260819-200129\SUPERVIVE-Win64-Shipping.dump.txt,0x7ff7b86d0000,241,230,477687808,40683,0x7ffaf9971000,0x1000,0x20
../../../dumps\crash-20260819-200129\SUPERVIVE-Win64-Shipping.dump.txt,0x7ff7b86d0000,241,230,477687808,40683,0x7ffafed41000,0x26000,0x20
../../../dumps\crash-20260819-200129\SUPERVIVE-Win64-Shipping.dump.txt,0x7ff7b86d0000,241,230,477687808,40683,0x7ffb021e1000,0x2000,0x20
../../../dumps\crash-20260819-200129\SUPERVIVE-Win64-Shipping.dump.txt,0x7ff7b86d0000,241,230,477687808,40683,0x7ffb06281000,0x16000,0x20
../../../dumps\crash-20260819-200129\SUPERVIVE-Win64-Shipping.dump.txt,0x7ff7b86d0000,241,230,477687808,40683,0x7ffb07221000,0x14000,0x20
../../../dumps\crash-20260819-200129\SUPERVIVE-Win64-Shipping.dump.txt,0x7ff7b86d0000,241,230,477687808,40683,0x7ffb13b11000,0x1f000,0x20
../../../dumps\crash-20260819-200129\SUPERVIVE-Win64-Shipping.dump.txt,0x7ff7b86d0000,241,230,477687808,40683,0x7ffb39941000,0x12000,0x20
../../../dumps\crash-20260819-200129\SUPERVIVE-Win64-Shipping.dump.txt,0x7ff7b86d0000,241,230,477687808,40683,0x7ffb39971000,0x14000,0x20
../../../dumps\crash-20260819-200129\SUPERVIVE-Win64-Shipping.dump.txt,0x7ff7b86d0000,241,230,477687808,40683,0x7ffb399a1000,0x10000,0x20
../../../dumps\crash-20260819-200129\SUPERVIVE-Win64-Shipping.dump.txt,0x7ff7b86d0000,241,230,477687808,40683,0x7ffb39af1000,0x14000,0x20
../../../dumps\crash-20260819-200129\SUPERVIVE-Win64-Shipping.dump.txt,0x7ff7b86d0000,241,230,477687808,40683,0x7ffb4c9a1000,0xe000,0x20
../../../dumps\crash-20260819-200129\SUPERVIVE-Win64-Shipping.dump.txt,0x7ff7b86d0000,241,230,477687808,40683,0x7ffb57407000,0x1000,0x20
../../../dumps\crash-20260819-200129\SUPERVIVE-Win64-Shipping.dump.txt,0x7ff7b86d0000,241,230,477687808,40683,0x7ffb57bcf000,0x170000,0x20
../../../dumps\crash-20260819-200129\SUPERVIVE-Win64-Shipping.dump.txt,0x7ff7b86d0000,241,230,477687808,40683,0x7ffb5867c000,0x22e000,0x20
../../../dumps\crash-20260819-200129\SUPERVIVE-Win64-Shipping.dump.txt,0x7ff7b86d0000,241,230,477687808,40683,0x7ffb58920000,0x2a49000,0x20
../../../dumps\crash-20260820-005902\SUPERVIVE-Win64-Shipping.dump.txt,0x7ff7c4050000,241,230,477687808,40683,0xff767000,0x1000,0x80
../../../dumps\crash-20260820-005902\SUPERVIVE-Win64-Shipping.dump.txt,0x7ff7c4050000,241,230,477687808,40683,0xfff2f000,0x170000,0x20
../../../dumps\crash-20260820-005902\SUPERVIVE-Win64-Shipping.dump.txt,0x7ff7c4050000,241,230,477687808,40683,0x1009dc000,0x22e000,0x20
../../../dumps\crash-20260820-005902\SUPERVIVE-Win64-Shipping.dump.txt,0x7ff7c4050000,241,230,477687808,40683,0x100c80000,0x2a49000,0x20
../../../dumps\crash-20260820-005902\SUPERVIVE-Win64-Shipping.dump.txt,0x7ff7c4050000,241,230,477687808,40683,0x7ffa85439000,0x1000,0x20
../../../dumps\crash-20260820-005902\SUPERVIVE-Win64-Shipping.dump.txt,0x7ff7c4050000,241,230,477687808,40683,0x7ffaf565c000,0x1000,0x40
../../../dumps\crash-20260820-005902\SUPERVIVE-Win64-Shipping.dump.txt,0x7ff7c4050000,241,230,477687808,40683,0x7ffaf565e000,0x1000,0x20
../../../dumps\crash-20260820-005902\SUPERVIVE-Win64-Shipping.dump.txt,0x7ff7c4050000,241,230,477687808,40683,0x7ffaf6e51000,0x24000,0x20
../../../dumps\crash-20260820-005902\SUPERVIVE-Win64-Shipping.dump.txt,0x7ff7c4050000,241,230,477687808,40683,0x7ffaf6f41000,0x26000,0x20
../../../dumps\crash-20260820-005902\SUPERVIVE-Win64-Shipping.dump.txt,0x7ff7c4050000,241,230,477687808,40683,0x7ffaf6fd1000,0x16000,0x20
../../../dumps\crash-20260820-005902\SUPERVIVE-Win64-Shipping.dump.txt,0x7ff7c4050000,241,230,477687808,40683,0x7ffaf7001000,0x14000,0x20
../../../dumps\crash-20260820-005902\SUPERVIVE-Win64-Shipping.dump.txt,0x7ff7c4050000,241,230,477687808,40683,0x7ffaf8981000,0x1f000,0x20
../../../dumps\crash-20260820-005902\SUPERVIVE-Win64-Shipping.dump.txt,0x7ff7c4050000,241,230,477687808,40683,0x7ffaf9971000,0x1000,0x20
../../../dumps\crash-20260820-005902\SUPERVIVE-Win64-Shipping.dump.txt,0x7ff7c4050000,241,230,477687808,40683,0x7ffaf9a71000,0x12000,0x20
../../../dumps\crash-20260820-005902\SUPERVIVE-Win64-Shipping.dump.txt,0x7ff7c4050000,241,230,477687808,40683,0x7ffaf9af1000,0x14000,0x20
../../../dumps\crash-20260820-005902\SUPERVIVE-Win64-Shipping.dump.txt,0x7ff7c4050000,241,230,477687808,40683,0x7ffb021b1000,0x10000,0x20
../../../dumps\crash-20260820-005902\SUPERVIVE-Win64-Shipping.dump.txt,0x7ff7c4050000,241,230,477687808,40683,0x7ffb021e1000,0x2000,0x20
../../../dumps\crash-20260820-005902\SUPERVIVE-Win64-Shipping.dump.txt,0x7ff7c4050000,241,230,477687808,40683,0x7ffb07ed1000,0x14000,0x20
../../../dumps\crash-20260820-005902\SUPERVIVE-Win64-Shipping.dump.txt,0x7ff7c4050000,241,230,477687808,40683,0x7ffb4ca81000,0xe000,0x20
../../../dumps\crash-20260820-005902\SUPERVIVE-Win64-Shipping.dump.txt,0x7ff7c4050000,241,230,477687808,40683,0x7ffb57407000,0x1000,0x20
../../../dumps\crash-20260820-005902\SUPERVIVE-Win64-Shipping.dump.txt,0x7ff7c4050000,241,230,477687808,40683,0x7ffb57bcf000,0x170000,0x20
../../../dumps\crash-20260820-005902\SUPERVIVE-Win64-Shipping.dump.txt,0x7ff7c4050000,241,230,477687808,40683,0x7ffb5867c000,0x22e000,0x20
../../../dumps\crash-20260820-005902\SUPERVIVE-Win64-Shipping.dump.txt,0x7ff7c4050000,241,230,477687808,40683,0x7ffb58920000,0x2a49000,0x20
../../../dumps\crash-20260820-021637\SUPERVIVE-Win64-Shipping.dump.txt,0x7ff630e90000,242,231,478019584,40914,0xff767000,0x1000,0x80
../../../dumps\crash-20260820-021637\SUPERVIVE-Win64-Shipping.dump.txt,0x7ff630e90000,242,231,478019584,40914,0xfff2f000,0x170000,0x20
../../../dumps\crash-20260820-021637\SUPERVIVE-Win64-Shipping.dump.txt,0x7ff630e90000,242,231,478019584,40914,0x1009dc000,0x22e000,0x20
../../../dumps\crash-20260820-021637\SUPERVIVE-Win64-Shipping.dump.txt,0x7ff630e90000,242,231,478019584,40914,0x100c80000,0x2a49000,0x20
../../../dumps\crash-20260820-021637\SUPERVIVE-Win64-Shipping.dump.txt,0x7ff630e90000,242,231,478019584,40914,0x7ffa63949000,0x1000,0x20
../../../dumps\crash-20260820-021637\SUPERVIVE-Win64-Shipping.dump.txt,0x7ff630e90000,242,231,478019584,40914,0x7ffad064c000,0x1000,0x40
../../../dumps\crash-20260820-021637\SUPERVIVE-Win64-Shipping.dump.txt,0x7ff630e90000,242,231,478019584,40914,0x7ffad064e000,0x1000,0x20
../../../dumps\crash-20260820-021637\SUPERVIVE-Win64-Shipping.dump.txt,0x7ff630e90000,242,231,478019584,40914,0x7ffaf6f41000,0x24000,0x20
../../../dumps\crash-20260820-021637\SUPERVIVE-Win64-Shipping.dump.txt,0x7ff630e90000,242,231,478019584,40914,0x7ffaf7bc1000,0x26000,0x20
../../../dumps\crash-20260820-021637\SUPERVIVE-Win64-Shipping.dump.txt,0x7ff630e90000,242,231,478019584,40914,0x7ffaf8981000,0x1f000,0x20
../../../dumps\crash-20260820-021637\SUPERVIVE-Win64-Shipping.dump.txt,0x7ff630e90000,242,231,478019584,40914,0x7ffaf9971000,0x1000,0x20
../../../dumps\crash-20260820-021637\SUPERVIVE-Win64-Shipping.dump.txt,0x7ff630e90000,242,231,478019584,40914,0x7ffaf9af1000,0x16000,0x20
../../../dumps\crash-20260820-021637\SUPERVIVE-Win64-Shipping.dump.txt,0x7ff630e90000,242,231,478019584,40914,0x7ffb021b1000,0x14000,0x20
../../../dumps\crash-20260820-021637\SUPERVIVE-Win64-Shipping.dump.txt,0x7ff630e90000,242,231,478019584,40914,0x7ffb021e1000,0x2000,0x20
../../../dumps\crash-20260820-021637\SUPERVIVE-Win64-Shipping.dump.txt,0x7ff630e90000,242,231,478019584,40914,0x7ffb07ed1000,0x12000,0x20
../../../dumps\crash-20260820-021637\SUPERVIVE-Win64-Shipping.dump.txt,0x7ff630e90000,242,231,478019584,40914,0x7ffb0a731000,0x14000,0x20
../../../dumps\crash-20260820-021637\SUPERVIVE-Win64-Shipping.dump.txt,0x7ff630e90000,242,231,478019584,40914,0x7ffb1ab51000,0x10000,0x20
../../../dumps\crash-20260820-021637\SUPERVIVE-Win64-Shipping.dump.txt,0x7ff630e90000,242,231,478019584,40914,0x7ffb1ace1000,0x14000,0x20
../../../dumps\crash-20260820-021637\SUPERVIVE-Win64-Shipping.dump.txt,0x7ff630e90000,242,231,478019584,40914,0x7ffb4ca11000,0xe000,0x20
../../../dumps\crash-20260820-021637\SUPERVIVE-Win64-Shipping.dump.txt,0x7ff630e90000,242,231,478019584,40914,0x7ffb57407000,0x1000,0x20
../../../dumps\crash-20260820-021637\SUPERVIVE-Win64-Shipping.dump.txt,0x7ff630e90000,242,231,478019584,40914,0x7ffb57bcf000,0x170000,0x20
../../../dumps\crash-20260820-021637\SUPERVIVE-Win64-Shipping.dump.txt,0x7ff630e90000,242,231,478019584,40914,0x7ffb5867c000,0x22e000,0x20
../../../dumps\crash-20260820-021637\SUPERVIVE-Win64-Shipping.dump.txt,0x7ff630e90000,242,231,478019584,40914,0x7ffb58920000,0x2a49000,0x20
../../../dumps\crash-20260820-142858\SUPERVIVE-Win64-Shipping.dump.txt,0x7ff7a5a20000,241,230,477687808,40683,0xff767000,0x1000,0x80
../../../dumps\crash-20260820-142858\SUPERVIVE-Win64-Shipping.dump.txt,0x7ff7a5a20000,241,230,477687808,40683,0xfff2f000,0x170000,0x20
../../../dumps\crash-20260820-142858\SUPERVIVE-Win64-Shipping.dump.txt,0x7ff7a5a20000,241,230,477687808,40683,0x1009dc000,0x22e000,0x20
../../../dumps\crash-20260820-142858\SUPERVIVE-Win64-Shipping.dump.txt,0x7ff7a5a20000,241,230,477687808,40683,0x100c80000,0x2a49000,0x20
../../../dumps\crash-20260820-142858\SUPERVIVE-Win64-Shipping.dump.txt,0x7ff7a5a20000,241,230,477687808,40683,0x7ffa85439000,0x1000,0x20
../../../dumps\crash-20260820-142858\SUPERVIVE-Win64-Shipping.dump.txt,0x7ff7a5a20000,241,230,477687808,40683,0x7ffaf9971000,0x1000,0x20
../../../dumps\crash-20260820-142858\SUPERVIVE-Win64-Shipping.dump.txt,0x7ff7a5a20000,241,230,477687808,40683,0x7ffafe69c000,0x1000,0x40
../../../dumps\crash-20260820-142858\SUPERVIVE-Win64-Shipping.dump.txt,0x7ff7a5a20000,241,230,477687808,40683,0x7ffafe69e000,0x1000,0x20
../../../dumps\crash-20260820-142858\SUPERVIVE-Win64-Shipping.dump.txt,0x7ff7a5a20000,241,230,477687808,40683,0x7ffb021e1000,0x2000,0x20
../../../dumps\crash-20260820-142858\SUPERVIVE-Win64-Shipping.dump.txt,0x7ff7a5a20000,241,230,477687808,40683,0x7ffb0c981000,0x24000,0x20
../../../dumps\crash-20260820-142858\SUPERVIVE-Win64-Shipping.dump.txt,0x7ff7a5a20000,241,230,477687808,40683,0x7ffb13a81000,0x26000,0x20
../../../dumps\crash-20260820-142858\SUPERVIVE-Win64-Shipping.dump.txt,0x7ff7a5a20000,241,230,477687808,40683,0x7ffb1aaa1000,0x16000,0x20
../../../dumps\crash-20260820-142858\SUPERVIVE-Win64-Shipping.dump.txt,0x7ff7a5a20000,241,230,477687808,40683,0x7ffb1aad1000,0x14000,0x20
../../../dumps\crash-20260820-142858\SUPERVIVE-Win64-Shipping.dump.txt,0x7ff7a5a20000,241,230,477687808,40683,0x7ffb1ab01000,0x1f000,0x20
../../../dumps\crash-20260820-142858\SUPERVIVE-Win64-Shipping.dump.txt,0x7ff7a5a20000,241,230,477687808,40683,0x7ffb1ab81000,0x12000,0x20
../../../dumps\crash-20260820-142858\SUPERVIVE-Win64-Shipping.dump.txt,0x7ff7a5a20000,241,230,477687808,40683,0x7ffb1abb1000,0x14000,0x20
../../../dumps\crash-20260820-142858\SUPERVIVE-Win64-Shipping.dump.txt,0x7ff7a5a20000,241,230,477687808,40683,0x7ffb1ae71000,0x10000,0x20
../../../dumps\crash-20260820-142858\SUPERVIVE-Win64-Shipping.dump.txt,0x7ff7a5a20000,241,230,477687808,40683,0x7ffb39af1000,0x14000,0x20
../../../dumps\crash-20260820-142858\SUPERVIVE-Win64-Shipping.dump.txt,0x7ff7a5a20000,241,230,477687808,40683,0x7ffb4c9d1000,0xe000,0x20
../../../dumps\crash-20260820-142858\SUPERVIVE-Win64-Shipping.dump.txt,0x7ff7a5a20000,241,230,477687808,40683,0x7ffb57407000,0x1000,0x20
../../../dumps\crash-20260820-142858\SUPERVIVE-Win64-Shipping.dump.txt,0x7ff7a5a20000,241,230,477687808,40683,0x7ffb57bcf000,0x170000,0x20
../../../dumps\crash-20260820-142858\SUPERVIVE-Win64-Shipping.dump.txt,0x7ff7a5a20000,241,230,477687808,40683,0x7ffb5867c000,0x22e000,0x20
../../../dumps\crash-20260820-142858\SUPERVIVE-Win64-Shipping.dump.txt,0x7ff7a5a20000,241,230,477687808,40683,0x7ffb58920000,0x2a49000,0x20
../../../dumps\heromastery\SUPERVIVE-Win64-Shipping.dump.txt,0x7ff7c7ef0000,251,231,477716480,40691,0xff767000,0x1000,0x80
../../../dumps\heromastery\SUPERVIVE-Win64-Shipping.dump.txt,0x7ff7c7ef0000,251,231,477716480,40691,0xfff2f000,0x170000,0x20
../../../dumps\heromastery\SUPERVIVE-Win64-Shipping.dump.txt,0x7ff7c7ef0000,251,231,477716480,40691,0x1009dc000,0x22e000,0x20
../../../dumps\heromastery\SUPERVIVE-Win64-Shipping.dump.txt,0x7ff7c7ef0000,251,231,477716480,40691,0x100c80000,0x2a49000,0x20
../../../dumps\heromastery\SUPERVIVE-Win64-Shipping.dump.txt,0x7ff7c7ef0000,251,231,477716480,40691,0x7ff93a1e9000,0x1000,0x20
../../../dumps\heromastery\SUPERVIVE-Win64-Shipping.dump.txt,0x7ff7c7ef0000,251,231,477716480,40691,0x7ff9e66a1000,0x2000,0x20
../../../dumps\heromastery\SUPERVIVE-Win64-Shipping.dump.txt,0x7ff7c7ef0000,251,231,477716480,40691,0x7ff9e9f0c000,0x1000,0x40
../../../dumps\heromastery\SUPERVIVE-Win64-Shipping.dump.txt,0x7ff7c7ef0000,251,231,477716480,40691,0x7ff9e9f0e000,0x1000,0x20
../../../dumps\heromastery\SUPERVIVE-Win64-Shipping.dump.txt,0x7ff7c7ef0000,251,231,477716480,40691,0x7ffa02f01000,0x24000,0x20
../../../dumps\heromastery\SUPERVIVE-Win64-Shipping.dump.txt,0x7ff7c7ef0000,251,231,477716480,40691,0x7ffa03081000,0x26000,0x20
../../../dumps\heromastery\SUPERVIVE-Win64-Shipping.dump.txt,0x7ff7c7ef0000,251,231,477716480,40691,0x7ffa05dd1000,0x16000,0x20
../../../dumps\heromastery\SUPERVIVE-Win64-Shipping.dump.txt,0x7ff7c7ef0000,251,231,477716480,40691,0x7ffa05e01000,0x14000,0x20
../../../dumps\heromastery\SUPERVIVE-Win64-Shipping.dump.txt,0x7ff7c7ef0000,251,231,477716480,40691,0x7ffa05ea1000,0x1f000,0x20
../../../dumps\heromastery\SUPERVIVE-Win64-Shipping.dump.txt,0x7ff7c7ef0000,251,231,477716480,40691,0x7ffa05f01000,0x12000,0x20
../../../dumps\heromastery\SUPERVIVE-Win64-Shipping.dump.txt,0x7ff7c7ef0000,251,231,477716480,40691,0x7ffa05f71000,0x14000,0x20
../../../dumps\heromastery\SUPERVIVE-Win64-Shipping.dump.txt,0x7ff7c7ef0000,251,231,477716480,40691,0x7ffa05fa1000,0x10000,0x20
../../../dumps\heromastery\SUPERVIVE-Win64-Shipping.dump.txt,0x7ff7c7ef0000,251,231,477716480,40691,0x7ffa28151000,0x14000,0x20
../../../dumps\heromastery\SUPERVIVE-Win64-Shipping.dump.txt,0x7ff7c7ef0000,251,231,477716480,40691,0x7ffa2adb1000,0xe000,0x20
../../../dumps\heromastery\SUPERVIVE-Win64-Shipping.dump.txt,0x7ff7c7ef0000,251,231,477716480,40691,0x7ffa36561000,0x1000,0x20
../../../dumps\heromastery\SUPERVIVE-Win64-Shipping.dump.txt,0x7ff7c7ef0000,251,231,477716480,40691,0x7ffa42607000,0x1000,0x20
../../../dumps\heromastery\SUPERVIVE-Win64-Shipping.dump.txt,0x7ff7c7ef0000,251,231,477716480,40691,0x7ffa42dcf000,0x170000,0x20
../../../dumps\heromastery\SUPERVIVE-Win64-Shipping.dump.txt,0x7ff7c7ef0000,251,231,477716480,40691,0x7ffa4387c000,0x22e000,0x20
../../../dumps\heromastery\SUPERVIVE-Win64-Shipping.dump.txt,0x7ff7c7ef0000,251,231,477716480,40691,0x7ffa43b20000,0x2a49000,0x20
../../../dumps\loadout\SUPERVIVE-Win64-Shipping.dump.txt,0x7ff6af000000,246,226,475475968,40635,0xff767000,0x1000,0x80
../../../dumps\loadout\SUPERVIVE-Win64-Shipping.dump.txt,0x7ff6af000000,246,226,475475968,40635,0xfff2f000,0x170000,0x20
../../../dumps\loadout\SUPERVIVE-Win64-Shipping.dump.txt,0x7ff6af000000,246,226,475475968,40635,0x1009dc000,0x22e000,0x20
../../../dumps\loadout\SUPERVIVE-Win64-Shipping.dump.txt,0x7ff6af000000,246,226,475475968,40635,0x100c80000,0x2a49000,0x20
../../../dumps\loadout\SUPERVIVE-Win64-Shipping.dump.txt,0x7ff6af000000,246,226,475475968,40635,0x7ff849b79000,0x1000,0x20
../../../dumps\loadout\SUPERVIVE-Win64-Shipping.dump.txt,0x7ff6af000000,246,226,475475968,40635,0x7ff8829fc000,0x1000,0x40
../../../dumps\loadout\SUPERVIVE-Win64-Shipping.dump.txt,0x7ff6af000000,246,226,475475968,40635,0x7ff8829fe000,0x1000,0x20
../../../dumps\loadout\SUPERVIVE-Win64-Shipping.dump.txt,0x7ff6af000000,246,226,475475968,40635,0x7ff8b04b1000,0x1000,0x20
../../../dumps\loadout\SUPERVIVE-Win64-Shipping.dump.txt,0x7ff6af000000,246,226,475475968,40635,0x7ff8c15d1000,0x2000,0x20
../../../dumps\loadout\SUPERVIVE-Win64-Shipping.dump.txt,0x7ff6af000000,246,226,475475968,40635,0x7ff8c17f1000,0x24000,0x20
../../../dumps\loadout\SUPERVIVE-Win64-Shipping.dump.txt,0x7ff6af000000,246,226,475475968,40635,0x7ff8c1a61000,0x26000,0x20
../../../dumps\loadout\SUPERVIVE-Win64-Shipping.dump.txt,0x7ff6af000000,246,226,475475968,40635,0x7ff8ca631000,0x16000,0x20
../../../dumps\loadout\SUPERVIVE-Win64-Shipping.dump.txt,0x7ff6af000000,246,226,475475968,40635,0x7ff8ca661000,0x14000,0x20
../../../dumps\loadout\SUPERVIVE-Win64-Shipping.dump.txt,0x7ff6af000000,246,226,475475968,40635,0x7ff8ca691000,0x1f000,0x20
../../../dumps\loadout\SUPERVIVE-Win64-Shipping.dump.txt,0x7ff6af000000,246,226,475475968,40635,0x7ff8ca6d1000,0x12000,0x20
../../../dumps\loadout\SUPERVIVE-Win64-Shipping.dump.txt,0x7ff6af000000,246,226,475475968,40635,0x7ff8ca701000,0x14000,0x20
../../../dumps\loadout\SUPERVIVE-Win64-Shipping.dump.txt,0x7ff6af000000,246,226,475475968,40635,0x7ff8cf251000,0x10000,0x20
../../../dumps\loadout\SUPERVIVE-Win64-Shipping.dump.txt,0x7ff6af000000,246,226,475475968,40635,0x7ff8d4ae1000,0x14000,0x20
../../../dumps\loadout\SUPERVIVE-Win64-Shipping.dump.txt,0x7ff6af000000,246,226,475475968,40635,0x7ff8d4da1000,0xe000,0x20
../../../dumps\loadout\SUPERVIVE-Win64-Shipping.dump.txt,0x7ff6af000000,246,226,475475968,40635,0x7ff90e007000,0x1000,0x20
../../../dumps\loadout\SUPERVIVE-Win64-Shipping.dump.txt,0x7ff6af000000,246,226,475475968,40635,0x7ff90e7cf000,0x170000,0x20
../../../dumps\loadout\SUPERVIVE-Win64-Shipping.dump.txt,0x7ff6af000000,246,226,475475968,40635,0x7ff90f27c000,0x22e000,0x20
../../../dumps\loadout\SUPERVIVE-Win64-Shipping.dump.txt,0x7ff6af000000,246,226,475475968,40635,0x7ff90f520000,0x2a49000,0x20
../../../dumps\lobby-dispatch-decrypted\SUPERVIVE-Win64-Shipping.dump.txt,0x7ff7c7ef0000,254,231,477716480,40691,0xff767000,0x1000,0x80
../../../dumps\lobby-dispatch-decrypted\SUPERVIVE-Win64-Shipping.dump.txt,0x7ff7c7ef0000,254,231,477716480,40691,0xfff2f000,0x170000,0x20
../../../dumps\lobby-dispatch-decrypted\SUPERVIVE-Win64-Shipping.dump.txt,0x7ff7c7ef0000,254,231,477716480,40691,0x1009dc000,0x22e000,0x20
../../../dumps\lobby-dispatch-decrypted\SUPERVIVE-Win64-Shipping.dump.txt,0x7ff7c7ef0000,254,231,477716480,40691,0x100c80000,0x2a49000,0x20
../../../dumps\lobby-dispatch-decrypted\SUPERVIVE-Win64-Shipping.dump.txt,0x7ff7c7ef0000,254,231,477716480,40691,0x7ff9269e9000,0x1000,0x20
../../../dumps\lobby-dispatch-decrypted\SUPERVIVE-Win64-Shipping.dump.txt,0x7ff7c7ef0000,254,231,477716480,40691,0x7ff9dbccc000,0x1000,0x40
../../../dumps\lobby-dispatch-decrypted\SUPERVIVE-Win64-Shipping.dump.txt,0x7ff7c7ef0000,254,231,477716480,40691,0x7ff9dbcce000,0x1000,0x20
../../../dumps\lobby-dispatch-decrypted\SUPERVIVE-Win64-Shipping.dump.txt,0x7ff7c7ef0000,254,231,477716480,40691,0x7ff9e66a1000,0x2000,0x20
../../../dumps\lobby-dispatch-decrypted\SUPERVIVE-Win64-Shipping.dump.txt,0x7ff7c7ef0000,254,231,477716480,40691,0x7ff9eca61000,0x24000,0x20
../../../dumps\lobby-dispatch-decrypted\SUPERVIVE-Win64-Shipping.dump.txt,0x7ff7c7ef0000,254,231,477716480,40691,0x7ff9ee211000,0x26000,0x20
../../../dumps\lobby-dispatch-decrypted\SUPERVIVE-Win64-Shipping.dump.txt,0x7ff7c7ef0000,254,231,477716480,40691,0x7ff9f5ec1000,0x16000,0x20
../../../dumps\lobby-dispatch-decrypted\SUPERVIVE-Win64-Shipping.dump.txt,0x7ff7c7ef0000,254,231,477716480,40691,0x7ff9ff9e1000,0x1f000,0x20
../../../dumps\lobby-dispatch-decrypted\SUPERVIVE-Win64-Shipping.dump.txt,0x7ff7c7ef0000,254,231,477716480,40691,0x7ffa02cc1000,0x14000,0x20
../../../dumps\lobby-dispatch-decrypted\SUPERVIVE-Win64-Shipping.dump.txt,0x7ff7c7ef0000,254,231,477716480,40691,0x7ffa03091000,0x12000,0x20
../../../dumps\lobby-dispatch-decrypted\SUPERVIVE-Win64-Shipping.dump.txt,0x7ff7c7ef0000,254,231,477716480,40691,0x7ffa05dd1000,0x14000,0x20
../../../dumps\lobby-dispatch-decrypted\SUPERVIVE-Win64-Shipping.dump.txt,0x7ff7c7ef0000,254,231,477716480,40691,0x7ffa05ea1000,0x10000,0x20
../../../dumps\lobby-dispatch-decrypted\SUPERVIVE-Win64-Shipping.dump.txt,0x7ff7c7ef0000,254,231,477716480,40691,0x7ffa060c1000,0x14000,0x20
../../../dumps\lobby-dispatch-decrypted\SUPERVIVE-Win64-Shipping.dump.txt,0x7ff7c7ef0000,254,231,477716480,40691,0x7ffa2af91000,0xe000,0x20
../../../dumps\lobby-dispatch-decrypted\SUPERVIVE-Win64-Shipping.dump.txt,0x7ff7c7ef0000,254,231,477716480,40691,0x7ffa36561000,0x1000,0x20
../../../dumps\lobby-dispatch-decrypted\SUPERVIVE-Win64-Shipping.dump.txt,0x7ff7c7ef0000,254,231,477716480,40691,0x7ffa42607000,0x1000,0x20
../../../dumps\lobby-dispatch-decrypted\SUPERVIVE-Win64-Shipping.dump.txt,0x7ff7c7ef0000,254,231,477716480,40691,0x7ffa42dcf000,0x170000,0x20
../../../dumps\lobby-dispatch-decrypted\SUPERVIVE-Win64-Shipping.dump.txt,0x7ff7c7ef0000,254,231,477716480,40691,0x7ffa4387c000,0x22e000,0x20
../../../dumps\lobby-dispatch-decrypted\SUPERVIVE-Win64-Shipping.dump.txt,0x7ff7c7ef0000,254,231,477716480,40691,0x7ffa43b20000,0x2a49000,0x20
../../../dumps\menu\SUPERVIVE-Win64-Shipping.dump.txt,0x7ff6af000000,246,226,475475968,40635,0xff767000,0x1000,0x80
../../../dumps\menu\SUPERVIVE-Win64-Shipping.dump.txt,0x7ff6af000000,246,226,475475968,40635,0xfff2f000,0x170000,0x20
../../../dumps\menu\SUPERVIVE-Win64-Shipping.dump.txt,0x7ff6af000000,246,226,475475968,40635,0x1009dc000,0x22e000,0x20
../../../dumps\menu\SUPERVIVE-Win64-Shipping.dump.txt,0x7ff6af000000,246,226,475475968,40635,0x100c80000,0x2a49000,0x20
../../../dumps\menu\SUPERVIVE-Win64-Shipping.dump.txt,0x7ff6af000000,246,226,475475968,40635,0x7ff849b79000,0x1000,0x20
../../../dumps\menu\SUPERVIVE-Win64-Shipping.dump.txt,0x7ff6af000000,246,226,475475968,40635,0x7ff8829fc000,0x1000,0x40
../../../dumps\menu\SUPERVIVE-Win64-Shipping.dump.txt,0x7ff6af000000,246,226,475475968,40635,0x7ff8829fe000,0x1000,0x20
../../../dumps\menu\SUPERVIVE-Win64-Shipping.dump.txt,0x7ff6af000000,246,226,475475968,40635,0x7ff8b04b1000,0x1000,0x20
../../../dumps\menu\SUPERVIVE-Win64-Shipping.dump.txt,0x7ff6af000000,246,226,475475968,40635,0x7ff8c15d1000,0x2000,0x20
../../../dumps\menu\SUPERVIVE-Win64-Shipping.dump.txt,0x7ff6af000000,246,226,475475968,40635,0x7ff8c17f1000,0x24000,0x20
../../../dumps\menu\SUPERVIVE-Win64-Shipping.dump.txt,0x7ff6af000000,246,226,475475968,40635,0x7ff8c1a61000,0x26000,0x20
../../../dumps\menu\SUPERVIVE-Win64-Shipping.dump.txt,0x7ff6af000000,246,226,475475968,40635,0x7ff8ca631000,0x16000,0x20
../../../dumps\menu\SUPERVIVE-Win64-Shipping.dump.txt,0x7ff6af000000,246,226,475475968,40635,0x7ff8ca661000,0x14000,0x20
../../../dumps\menu\SUPERVIVE-Win64-Shipping.dump.txt,0x7ff6af000000,246,226,475475968,40635,0x7ff8ca691000,0x1f000,0x20
../../../dumps\menu\SUPERVIVE-Win64-Shipping.dump.txt,0x7ff6af000000,246,226,475475968,40635,0x7ff8ca6d1000,0x12000,0x20
../../../dumps\menu\SUPERVIVE-Win64-Shipping.dump.txt,0x7ff6af000000,246,226,475475968,40635,0x7ff8ca701000,0x14000,0x20
../../../dumps\menu\SUPERVIVE-Win64-Shipping.dump.txt,0x7ff6af000000,246,226,475475968,40635,0x7ff8cf251000,0x10000,0x20
../../../dumps\menu\SUPERVIVE-Win64-Shipping.dump.txt,0x7ff6af000000,246,226,475475968,40635,0x7ff8d4ae1000,0x14000,0x20
../../../dumps\menu\SUPERVIVE-Win64-Shipping.dump.txt,0x7ff6af000000,246,226,475475968,40635,0x7ff8d4da1000,0xe000,0x20
../../../dumps\menu\SUPERVIVE-Win64-Shipping.dump.txt,0x7ff6af000000,246,226,475475968,40635,0x7ff90e007000,0x1000,0x20
../../../dumps\menu\SUPERVIVE-Win64-Shipping.dump.txt,0x7ff6af000000,246,226,475475968,40635,0x7ff90e7cf000,0x170000,0x20
../../../dumps\menu\SUPERVIVE-Win64-Shipping.dump.txt,0x7ff6af000000,246,226,475475968,40635,0x7ff90f27c000,0x22e000,0x20
../../../dumps\menu\SUPERVIVE-Win64-Shipping.dump.txt,0x7ff6af000000,246,226,475475968,40635,0x7ff90f520000,0x2a49000,0x20
../../../dumps\missions\SUPERVIVE-Win64-Shipping.dump.txt,0x7ff6af000000,246,226,475475968,40635,0xff767000,0x1000,0x80
../../../dumps\missions\SUPERVIVE-Win64-Shipping.dump.txt,0x7ff6af000000,246,226,475475968,40635,0xfff2f000,0x170000,0x20
../../../dumps\missions\SUPERVIVE-Win64-Shipping.dump.txt,0x7ff6af000000,246,226,475475968,40635,0x1009dc000,0x22e000,0x20
../../../dumps\missions\SUPERVIVE-Win64-Shipping.dump.txt,0x7ff6af000000,246,226,475475968,40635,0x100c80000,0x2a49000,0x20
../../../dumps\missions\SUPERVIVE-Win64-Shipping.dump.txt,0x7ff6af000000,246,226,475475968,40635,0x7ff849b79000,0x1000,0x20
../../../dumps\missions\SUPERVIVE-Win64-Shipping.dump.txt,0x7ff6af000000,246,226,475475968,40635,0x7ff8829fc000,0x1000,0x40
../../../dumps\missions\SUPERVIVE-Win64-Shipping.dump.txt,0x7ff6af000000,246,226,475475968,40635,0x7ff8829fe000,0x1000,0x20
../../../dumps\missions\SUPERVIVE-Win64-Shipping.dump.txt,0x7ff6af000000,246,226,475475968,40635,0x7ff8b04b1000,0x1000,0x20
../../../dumps\missions\SUPERVIVE-Win64-Shipping.dump.txt,0x7ff6af000000,246,226,475475968,40635,0x7ff8c15d1000,0x2000,0x20
../../../dumps\missions\SUPERVIVE-Win64-Shipping.dump.txt,0x7ff6af000000,246,226,475475968,40635,0x7ff8c17f1000,0x24000,0x20
../../../dumps\missions\SUPERVIVE-Win64-Shipping.dump.txt,0x7ff6af000000,246,226,475475968,40635,0x7ff8c1a61000,0x26000,0x20
../../../dumps\missions\SUPERVIVE-Win64-Shipping.dump.txt,0x7ff6af000000,246,226,475475968,40635,0x7ff8ca631000,0x16000,0x20
../../../dumps\missions\SUPERVIVE-Win64-Shipping.dump.txt,0x7ff6af000000,246,226,475475968,40635,0x7ff8ca661000,0x14000,0x20
../../../dumps\missions\SUPERVIVE-Win64-Shipping.dump.txt,0x7ff6af000000,246,226,475475968,40635,0x7ff8ca691000,0x1f000,0x20
../../../dumps\missions\SUPERVIVE-Win64-Shipping.dump.txt,0x7ff6af000000,246,226,475475968,40635,0x7ff8ca6d1000,0x12000,0x20
../../../dumps\missions\SUPERVIVE-Win64-Shipping.dump.txt,0x7ff6af000000,246,226,475475968,40635,0x7ff8ca701000,0x14000,0x20
../../../dumps\missions\SUPERVIVE-Win64-Shipping.dump.txt,0x7ff6af000000,246,226,475475968,40635,0x7ff8cf251000,0x10000,0x20
../../../dumps\missions\SUPERVIVE-Win64-Shipping.dump.txt,0x7ff6af000000,246,226,475475968,40635,0x7ff8d4ae1000,0x14000,0x20
../../../dumps\missions\SUPERVIVE-Win64-Shipping.dump.txt,0x7ff6af000000,246,226,475475968,40635,0x7ff8d4da1000,0xe000,0x20
../../../dumps\missions\SUPERVIVE-Win64-Shipping.dump.txt,0x7ff6af000000,246,226,475475968,40635,0x7ff90e007000,0x1000,0x20
../../../dumps\missions\SUPERVIVE-Win64-Shipping.dump.txt,0x7ff6af000000,246,226,475475968,40635,0x7ff90e7cf000,0x170000,0x20
../../../dumps\missions\SUPERVIVE-Win64-Shipping.dump.txt,0x7ff6af000000,246,226,475475968,40635,0x7ff90f27c000,0x22e000,0x20
../../../dumps\missions\SUPERVIVE-Win64-Shipping.dump.txt,0x7ff6af000000,246,226,475475968,40635,0x7ff90f520000,0x2a49000,0x20
../../../dumps\rcb\SUPERVIVE-Win64-Shipping.dump.txt,0x7ff79d3b0000,231,225,475664384,40623,0xff767000,0x1000,0x80
../../../dumps\rcb\SUPERVIVE-Win64-Shipping.dump.txt,0x7ff79d3b0000,231,225,475664384,40623,0xfff2f000,0x170000,0x20
../../../dumps\rcb\SUPERVIVE-Win64-Shipping.dump.txt,0x7ff79d3b0000,231,225,475664384,40623,0x1009dc000,0x22e000,0x20
../../../dumps\rcb\SUPERVIVE-Win64-Shipping.dump.txt,0x7ff79d3b0000,231,225,475664384,40623,0x100c80000,0x2a49000,0x20
../../../dumps\rcb\SUPERVIVE-Win64-Shipping.dump.txt,0x7ff79d3b0000,231,225,475664384,40623,0x7ff811349000,0x1000,0x20
../../../dumps\rcb\SUPERVIVE-Win64-Shipping.dump.txt,0x7ff79d3b0000,231,225,475664384,40623,0x7ff8b04b1000,0x1000,0x20
../../../dumps\rcb\SUPERVIVE-Win64-Shipping.dump.txt,0x7ff79d3b0000,231,225,475664384,40623,0x7ff8c15d1000,0x2000,0x20
../../../dumps\rcb\SUPERVIVE-Win64-Shipping.dump.txt,0x7ff79d3b0000,231,225,475664384,40623,0x7ff8c541c000,0x1000,0x40
../../../dumps\rcb\SUPERVIVE-Win64-Shipping.dump.txt,0x7ff79d3b0000,231,225,475664384,40623,0x7ff8c541e000,0x1000,0x20
../../../dumps\rcb\SUPERVIVE-Win64-Shipping.dump.txt,0x7ff79d3b0000,231,225,475664384,40623,0x7ff8d0b21000,0x24000,0x20
../../../dumps\rcb\SUPERVIVE-Win64-Shipping.dump.txt,0x7ff79d3b0000,231,225,475664384,40623,0x7ff8d0df1000,0x26000,0x20
../../../dumps\rcb\SUPERVIVE-Win64-Shipping.dump.txt,0x7ff79d3b0000,231,225,475664384,40623,0x7ff8d4c11000,0x1f000,0x20
../../../dumps\rcb\SUPERVIVE-Win64-Shipping.dump.txt,0x7ff79d3b0000,231,225,475664384,40623,0x7ff8d5de1000,0x16000,0x20
../../../dumps\rcb\SUPERVIVE-Win64-Shipping.dump.txt,0x7ff79d3b0000,231,225,475664384,40623,0x7ff8d6ca1000,0x14000,0x20
../../../dumps\rcb\SUPERVIVE-Win64-Shipping.dump.txt,0x7ff79d3b0000,231,225,475664384,40623,0x7ff8dfb11000,0x12000,0x20
../../../dumps\rcb\SUPERVIVE-Win64-Shipping.dump.txt,0x7ff79d3b0000,231,225,475664384,40623,0x7ff8dfcb1000,0x14000,0x20
../../../dumps\rcb\SUPERVIVE-Win64-Shipping.dump.txt,0x7ff79d3b0000,231,225,475664384,40623,0x7ff8e6721000,0x10000,0x20
../../../dumps\rcb\SUPERVIVE-Win64-Shipping.dump.txt,0x7ff79d3b0000,231,225,475664384,40623,0x7ff8f1ec1000,0x14000,0x20
../../../dumps\rcb\SUPERVIVE-Win64-Shipping.dump.txt,0x7ff79d3b0000,231,225,475664384,40623,0x7ff9033f1000,0xe000,0x20
../../../dumps\rcb\SUPERVIVE-Win64-Shipping.dump.txt,0x7ff79d3b0000,231,225,475664384,40623,0x7ff90e007000,0x1000,0x20
../../../dumps\rcb\SUPERVIVE-Win64-Shipping.dump.txt,0x7ff79d3b0000,231,225,475664384,40623,0x7ff90e7cf000,0x170000,0x20
../../../dumps\rcb\SUPERVIVE-Win64-Shipping.dump.txt,0x7ff79d3b0000,231,225,475664384,40623,0x7ff90f27c000,0x22e000,0x20
../../../dumps\rcb\SUPERVIVE-Win64-Shipping.dump.txt,0x7ff79d3b0000,231,225,475664384,40623,0x7ff90f520000,0x2a49000,0x20
../../../dumps\roster\SUPERVIVE-Win64-Shipping.dump.txt,0x7ff6af000000,246,226,475475968,40635,0xff767000,0x1000,0x80
../../../dumps\roster\SUPERVIVE-Win64-Shipping.dump.txt,0x7ff6af000000,246,226,475475968,40635,0xfff2f000,0x170000,0x20
../../../dumps\roster\SUPERVIVE-Win64-Shipping.dump.txt,0x7ff6af000000,246,226,475475968,40635,0x1009dc000,0x22e000,0x20
../../../dumps\roster\SUPERVIVE-Win64-Shipping.dump.txt,0x7ff6af000000,246,226,475475968,40635,0x100c80000,0x2a49000,0x20
../../../dumps\roster\SUPERVIVE-Win64-Shipping.dump.txt,0x7ff6af000000,246,226,475475968,40635,0x7ff849b79000,0x1000,0x20
../../../dumps\roster\SUPERVIVE-Win64-Shipping.dump.txt,0x7ff6af000000,246,226,475475968,40635,0x7ff8829fc000,0x1000,0x40
../../../dumps\roster\SUPERVIVE-Win64-Shipping.dump.txt,0x7ff6af000000,246,226,475475968,40635,0x7ff8829fe000,0x1000,0x20
../../../dumps\roster\SUPERVIVE-Win64-Shipping.dump.txt,0x7ff6af000000,246,226,475475968,40635,0x7ff8b04b1000,0x1000,0x20
../../../dumps\roster\SUPERVIVE-Win64-Shipping.dump.txt,0x7ff6af000000,246,226,475475968,40635,0x7ff8c15d1000,0x2000,0x20
../../../dumps\roster\SUPERVIVE-Win64-Shipping.dump.txt,0x7ff6af000000,246,226,475475968,40635,0x7ff8c17f1000,0x24000,0x20
../../../dumps\roster\SUPERVIVE-Win64-Shipping.dump.txt,0x7ff6af000000,246,226,475475968,40635,0x7ff8c1a61000,0x26000,0x20
../../../dumps\roster\SUPERVIVE-Win64-Shipping.dump.txt,0x7ff6af000000,246,226,475475968,40635,0x7ff8ca631000,0x16000,0x20
../../../dumps\roster\SUPERVIVE-Win64-Shipping.dump.txt,0x7ff6af000000,246,226,475475968,40635,0x7ff8ca661000,0x14000,0x20
../../../dumps\roster\SUPERVIVE-Win64-Shipping.dump.txt,0x7ff6af000000,246,226,475475968,40635,0x7ff8ca691000,0x1f000,0x20
../../../dumps\roster\SUPERVIVE-Win64-Shipping.dump.txt,0x7ff6af000000,246,226,475475968,40635,0x7ff8ca6d1000,0x12000,0x20
../../../dumps\roster\SUPERVIVE-Win64-Shipping.dump.txt,0x7ff6af000000,246,226,475475968,40635,0x7ff8ca701000,0x14000,0x20
../../../dumps\roster\SUPERVIVE-Win64-Shipping.dump.txt,0x7ff6af000000,246,226,475475968,40635,0x7ff8cf251000,0x10000,0x20
../../../dumps\roster\SUPERVIVE-Win64-Shipping.dump.txt,0x7ff6af000000,246,226,475475968,40635,0x7ff8d4ae1000,0x14000,0x20
../../../dumps\roster\SUPERVIVE-Win64-Shipping.dump.txt,0x7ff6af000000,246,226,475475968,40635,0x7ff8d4da1000,0xe000,0x20
../../../dumps\roster\SUPERVIVE-Win64-Shipping.dump.txt,0x7ff6af000000,246,226,475475968,40635,0x7ff90e007000,0x1000,0x20
../../../dumps\roster\SUPERVIVE-Win64-Shipping.dump.txt,0x7ff6af000000,246,226,475475968,40635,0x7ff90e7cf000,0x170000,0x20
../../../dumps\roster\SUPERVIVE-Win64-Shipping.dump.txt,0x7ff6af000000,246,226,475475968,40635,0x7ff90f27c000,0x22e000,0x20
../../../dumps\roster\SUPERVIVE-Win64-Shipping.dump.txt,0x7ff6af000000,246,226,475475968,40635,0x7ff90f520000,0x2a49000,0x20
../../../dumps\s129-poolgate\SUPERVIVE-Win64-Shipping.dump.txt,0x7ff7b86d0000,248,230,477687808,40683,0xff767000,0x1000,0x80
../../../dumps\s129-poolgate\SUPERVIVE-Win64-Shipping.dump.txt,0x7ff7b86d0000,248,230,477687808,40683,0xfff2f000,0x170000,0x20
../../../dumps\s129-poolgate\SUPERVIVE-Win64-Shipping.dump.txt,0x7ff7b86d0000,248,230,477687808,40683,0x1009dc000,0x22e000,0x20
../../../dumps\s129-poolgate\SUPERVIVE-Win64-Shipping.dump.txt,0x7ff7b86d0000,248,230,477687808,40683,0x100c80000,0x2a49000,0x20
../../../dumps\s129-poolgate\SUPERVIVE-Win64-Shipping.dump.txt,0x7ff7b86d0000,248,230,477687808,40683,0x7ffa85439000,0x1000,0x20
../../../dumps\s129-poolgate\SUPERVIVE-Win64-Shipping.dump.txt,0x7ff7b86d0000,248,230,477687808,40683,0x7ffacd69c000,0x1000,0x40
../../../dumps\s129-poolgate\SUPERVIVE-Win64-Shipping.dump.txt,0x7ff7b86d0000,248,230,477687808,40683,0x7ffacd69e000,0x1000,0x20
../../../dumps\s129-poolgate\SUPERVIVE-Win64-Shipping.dump.txt,0x7ff7b86d0000,248,230,477687808,40683,0x7ffaf9971000,0x1000,0x20
../../../dumps\s129-poolgate\SUPERVIVE-Win64-Shipping.dump.txt,0x7ff7b86d0000,248,230,477687808,40683,0x7ffb021e1000,0x2000,0x20
../../../dumps\s129-poolgate\SUPERVIVE-Win64-Shipping.dump.txt,0x7ff7b86d0000,248,230,477687808,40683,0x7ffb06271000,0x24000,0x20
../../../dumps\s129-poolgate\SUPERVIVE-Win64-Shipping.dump.txt,0x7ff7b86d0000,248,230,477687808,40683,0x7ffb07211000,0x26000,0x20
../../../dumps\s129-poolgate\SUPERVIVE-Win64-Shipping.dump.txt,0x7ff7b86d0000,248,230,477687808,40683,0x7ffb07ed1000,0x16000,0x20
../../../dumps\s129-poolgate\SUPERVIVE-Win64-Shipping.dump.txt,0x7ff7b86d0000,248,230,477687808,40683,0x7ffb0c991000,0x14000,0x20
../../../dumps\s129-poolgate\SUPERVIVE-Win64-Shipping.dump.txt,0x7ff7b86d0000,248,230,477687808,40683,0x7ffb13a71000,0x1f000,0x20
../../../dumps\s129-poolgate\SUPERVIVE-Win64-Shipping.dump.txt,0x7ff7b86d0000,248,230,477687808,40683,0x7ffb13b21000,0x12000,0x20
../../../dumps\s129-poolgate\SUPERVIVE-Win64-Shipping.dump.txt,0x7ff7b86d0000,248,230,477687808,40683,0x7ffb39af1000,0x14000,0x20
../../../dumps\s129-poolgate\SUPERVIVE-Win64-Shipping.dump.txt,0x7ff7b86d0000,248,230,477687808,40683,0x7ffb39b61000,0x10000,0x20
../../../dumps\s129-poolgate\SUPERVIVE-Win64-Shipping.dump.txt,0x7ff7b86d0000,248,230,477687808,40683,0x7ffb39b91000,0x14000,0x20
../../../dumps\s129-poolgate\SUPERVIVE-Win64-Shipping.dump.txt,0x7ff7b86d0000,248,230,477687808,40683,0x7ffb4c9a1000,0xe000,0x20
../../../dumps\s129-poolgate\SUPERVIVE-Win64-Shipping.dump.txt,0x7ff7b86d0000,248,230,477687808,40683,0x7ffb57407000,0x1000,0x20
../../../dumps\s129-poolgate\SUPERVIVE-Win64-Shipping.dump.txt,0x7ff7b86d0000,248,230,477687808,40683,0x7ffb57bcf000,0x170000,0x20
../../../dumps\s129-poolgate\SUPERVIVE-Win64-Shipping.dump.txt,0x7ff7b86d0000,248,230,477687808,40683,0x7ffb5867c000,0x22e000,0x20
../../../dumps\s129-poolgate\SUPERVIVE-Win64-Shipping.dump.txt,0x7ff7b86d0000,248,230,477687808,40683,0x7ffb58920000,0x2a49000,0x20
../../../dumps\s131-droppod-live\SUPERVIVE-Win64-Shipping.dump.txt,0x7ff630e90000,255,230,477687808,40683,0xff767000,0x1000,0x80
../../../dumps\s131-droppod-live\SUPERVIVE-Win64-Shipping.dump.txt,0x7ff630e90000,255,230,477687808,40683,0xfff2f000,0x170000,0x20
../../../dumps\s131-droppod-live\SUPERVIVE-Win64-Shipping.dump.txt,0x7ff630e90000,255,230,477687808,40683,0x1009dc000,0x22e000,0x20
../../../dumps\s131-droppod-live\SUPERVIVE-Win64-Shipping.dump.txt,0x7ff630e90000,255,230,477687808,40683,0x100c80000,0x2a49000,0x20
../../../dumps\s131-droppod-live\SUPERVIVE-Win64-Shipping.dump.txt,0x7ff630e90000,255,230,477687808,40683,0x7ffa83729000,0x1000,0x20
../../../dumps\s131-droppod-live\SUPERVIVE-Win64-Shipping.dump.txt,0x7ff630e90000,255,230,477687808,40683,0x7ffad064c000,0x1000,0x40
../../../dumps\s131-droppod-live\SUPERVIVE-Win64-Shipping.dump.txt,0x7ff630e90000,255,230,477687808,40683,0x7ffad064e000,0x1000,0x20
../../../dumps\s131-droppod-live\SUPERVIVE-Win64-Shipping.dump.txt,0x7ff630e90000,255,230,477687808,40683,0x7ffaf6f41000,0x24000,0x20
../../../dumps\s131-droppod-live\SUPERVIVE-Win64-Shipping.dump.txt,0x7ff630e90000,255,230,477687808,40683,0x7ffaf7bc1000,0x26000,0x20
../../../dumps\s131-droppod-live\SUPERVIVE-Win64-Shipping.dump.txt,0x7ff630e90000,255,230,477687808,40683,0x7ffaf8981000,0x1f000,0x20
../../../dumps\s131-droppod-live\SUPERVIVE-Win64-Shipping.dump.txt,0x7ff630e90000,255,230,477687808,40683,0x7ffaf9971000,0x1000,0x20
../../../dumps\s131-droppod-live\SUPERVIVE-Win64-Shipping.dump.txt,0x7ff630e90000,255,230,477687808,40683,0x7ffaf9a71000,0x16000,0x20
../../../dumps\s131-droppod-live\SUPERVIVE-Win64-Shipping.dump.txt,0x7ff630e90000,255,230,477687808,40683,0x7ffaf9af1000,0x14000,0x20
../../../dumps\s131-droppod-live\SUPERVIVE-Win64-Shipping.dump.txt,0x7ff630e90000,255,230,477687808,40683,0x7ffb021b1000,0x12000,0x20
../../../dumps\s131-droppod-live\SUPERVIVE-Win64-Shipping.dump.txt,0x7ff630e90000,255,230,477687808,40683,0x7ffb021e1000,0x2000,0x20
../../../dumps\s131-droppod-live\SUPERVIVE-Win64-Shipping.dump.txt,0x7ff630e90000,255,230,477687808,40683,0x7ffb07ed1000,0x14000,0x20
../../../dumps\s131-droppod-live\SUPERVIVE-Win64-Shipping.dump.txt,0x7ff630e90000,255,230,477687808,40683,0x7ffb0a731000,0x10000,0x20
../../../dumps\s131-droppod-live\SUPERVIVE-Win64-Shipping.dump.txt,0x7ff630e90000,255,230,477687808,40683,0x7ffb1ace1000,0x14000,0x20
../../../dumps\s131-droppod-live\SUPERVIVE-Win64-Shipping.dump.txt,0x7ff630e90000,255,230,477687808,40683,0x7ffb4ca11000,0xe000,0x20
../../../dumps\s131-droppod-live\SUPERVIVE-Win64-Shipping.dump.txt,0x7ff630e90000,255,230,477687808,40683,0x7ffb57407000,0x1000,0x20
../../../dumps\s131-droppod-live\SUPERVIVE-Win64-Shipping.dump.txt,0x7ff630e90000,255,230,477687808,40683,0x7ffb57bcf000,0x170000,0x20
../../../dumps\s131-droppod-live\SUPERVIVE-Win64-Shipping.dump.txt,0x7ff630e90000,255,230,477687808,40683,0x7ffb5867c000,0x22e000,0x20
../../../dumps\s131-droppod-live\SUPERVIVE-Win64-Shipping.dump.txt,0x7ff630e90000,255,230,477687808,40683,0x7ffb58920000,0x2a49000,0x20
../../../dumps\s131-rideable-live\SUPERVIVE-Win64-Shipping.dump.txt,0x7ff630e90000,259,230,477687808,40683,0xff767000,0x1000,0x80
../../../dumps\s131-rideable-live\SUPERVIVE-Win64-Shipping.dump.txt,0x7ff630e90000,259,230,477687808,40683,0xfff2f000,0x170000,0x20
../../../dumps\s131-rideable-live\SUPERVIVE-Win64-Shipping.dump.txt,0x7ff630e90000,259,230,477687808,40683,0x1009dc000,0x22e000,0x20
../../../dumps\s131-rideable-live\SUPERVIVE-Win64-Shipping.dump.txt,0x7ff630e90000,259,230,477687808,40683,0x100c80000,0x2a49000,0x20
../../../dumps\s131-rideable-live\SUPERVIVE-Win64-Shipping.dump.txt,0x7ff630e90000,259,230,477687808,40683,0x7ffa83729000,0x1000,0x20
../../../dumps\s131-rideable-live\SUPERVIVE-Win64-Shipping.dump.txt,0x7ff630e90000,259,230,477687808,40683,0x7ffad064c000,0x1000,0x40
../../../dumps\s131-rideable-live\SUPERVIVE-Win64-Shipping.dump.txt,0x7ff630e90000,259,230,477687808,40683,0x7ffad064e000,0x1000,0x20
../../../dumps\s131-rideable-live\SUPERVIVE-Win64-Shipping.dump.txt,0x7ff630e90000,259,230,477687808,40683,0x7ffaf6f41000,0x24000,0x20
../../../dumps\s131-rideable-live\SUPERVIVE-Win64-Shipping.dump.txt,0x7ff630e90000,259,230,477687808,40683,0x7ffaf7bc1000,0x26000,0x20
../../../dumps\s131-rideable-live\SUPERVIVE-Win64-Shipping.dump.txt,0x7ff630e90000,259,230,477687808,40683,0x7ffaf8981000,0x1f000,0x20
../../../dumps\s131-rideable-live\SUPERVIVE-Win64-Shipping.dump.txt,0x7ff630e90000,259,230,477687808,40683,0x7ffaf9971000,0x1000,0x20
../../../dumps\s131-rideable-live\SUPERVIVE-Win64-Shipping.dump.txt,0x7ff630e90000,259,230,477687808,40683,0x7ffaf9a71000,0x16000,0x20
../../../dumps\s131-rideable-live\SUPERVIVE-Win64-Shipping.dump.txt,0x7ff630e90000,259,230,477687808,40683,0x7ffaf9af1000,0x14000,0x20
../../../dumps\s131-rideable-live\SUPERVIVE-Win64-Shipping.dump.txt,0x7ff630e90000,259,230,477687808,40683,0x7ffb021b1000,0x12000,0x20
../../../dumps\s131-rideable-live\SUPERVIVE-Win64-Shipping.dump.txt,0x7ff630e90000,259,230,477687808,40683,0x7ffb021e1000,0x2000,0x20
../../../dumps\s131-rideable-live\SUPERVIVE-Win64-Shipping.dump.txt,0x7ff630e90000,259,230,477687808,40683,0x7ffb07ed1000,0x14000,0x20
../../../dumps\s131-rideable-live\SUPERVIVE-Win64-Shipping.dump.txt,0x7ff630e90000,259,230,477687808,40683,0x7ffb0a731000,0x10000,0x20
../../../dumps\s131-rideable-live\SUPERVIVE-Win64-Shipping.dump.txt,0x7ff630e90000,259,230,477687808,40683,0x7ffb1ace1000,0x14000,0x20
../../../dumps\s131-rideable-live\SUPERVIVE-Win64-Shipping.dump.txt,0x7ff630e90000,259,230,477687808,40683,0x7ffb4ca11000,0xe000,0x20
../../../dumps\s131-rideable-live\SUPERVIVE-Win64-Shipping.dump.txt,0x7ff630e90000,259,230,477687808,40683,0x7ffb57407000,0x1000,0x20
../../../dumps\s131-rideable-live\SUPERVIVE-Win64-Shipping.dump.txt,0x7ff630e90000,259,230,477687808,40683,0x7ffb57bcf000,0x170000,0x20
../../../dumps\s131-rideable-live\SUPERVIVE-Win64-Shipping.dump.txt,0x7ff630e90000,259,230,477687808,40683,0x7ffb5867c000,0x22e000,0x20
../../../dumps\s131-rideable-live\SUPERVIVE-Win64-Shipping.dump.txt,0x7ff630e90000,259,230,477687808,40683,0x7ffb58920000,0x2a49000,0x20
../../../dumps\s132-dismount-live\SUPERVIVE-Win64-Shipping.dump.txt,0x7ff7a5a20000,252,230,477687808,40683,0xff767000,0x1000,0x80
../../../dumps\s132-dismount-live\SUPERVIVE-Win64-Shipping.dump.txt,0x7ff7a5a20000,252,230,477687808,40683,0xfff2f000,0x170000,0x20
../../../dumps\s132-dismount-live\SUPERVIVE-Win64-Shipping.dump.txt,0x7ff7a5a20000,252,230,477687808,40683,0x1009dc000,0x22e000,0x20
../../../dumps\s132-dismount-live\SUPERVIVE-Win64-Shipping.dump.txt,0x7ff7a5a20000,252,230,477687808,40683,0x100c80000,0x2a49000,0x20
../../../dumps\s132-dismount-live\SUPERVIVE-Win64-Shipping.dump.txt,0x7ff7a5a20000,252,230,477687808,40683,0x7ffa85439000,0x1000,0x20
../../../dumps\s132-dismount-live\SUPERVIVE-Win64-Shipping.dump.txt,0x7ff7a5a20000,252,230,477687808,40683,0x7ffaf494c000,0x1000,0x40
../../../dumps\s132-dismount-live\SUPERVIVE-Win64-Shipping.dump.txt,0x7ff7a5a20000,252,230,477687808,40683,0x7ffaf494e000,0x1000,0x20
../../../dumps\s132-dismount-live\SUPERVIVE-Win64-Shipping.dump.txt,0x7ff7a5a20000,252,230,477687808,40683,0x7ffaf9971000,0x1000,0x20
../../../dumps\s132-dismount-live\SUPERVIVE-Win64-Shipping.dump.txt,0x7ff7a5a20000,252,230,477687808,40683,0x7ffafdc51000,0x24000,0x20
../../../dumps\s132-dismount-live\SUPERVIVE-Win64-Shipping.dump.txt,0x7ff7a5a20000,252,230,477687808,40683,0x7ffb021a1000,0x26000,0x20
../../../dumps\s132-dismount-live\SUPERVIVE-Win64-Shipping.dump.txt,0x7ff7a5a20000,252,230,477687808,40683,0x7ffb021e1000,0x2000,0x20
../../../dumps\s132-dismount-live\SUPERVIVE-Win64-Shipping.dump.txt,0x7ff7a5a20000,252,230,477687808,40683,0x7ffb07ed1000,0x12000,0x20
../../../dumps\s132-dismount-live\SUPERVIVE-Win64-Shipping.dump.txt,0x7ff7a5a20000,252,230,477687808,40683,0x7ffb0c981000,0x1f000,0x20
../../../dumps\s132-dismount-live\SUPERVIVE-Win64-Shipping.dump.txt,0x7ff7a5a20000,252,230,477687808,40683,0x7ffb13a61000,0x10000,0x20
../../../dumps\s132-dismount-live\SUPERVIVE-Win64-Shipping.dump.txt,0x7ff7a5a20000,252,230,477687808,40683,0x7ffb13a91000,0x16000,0x20
../../../dumps\s132-dismount-live\SUPERVIVE-Win64-Shipping.dump.txt,0x7ff7a5a20000,252,230,477687808,40683,0x7ffb1aae1000,0x14000,0x20
../../../dumps\s132-dismount-live\SUPERVIVE-Win64-Shipping.dump.txt,0x7ff7a5a20000,252,230,477687808,40683,0x7ffb1ab11000,0x14000,0x20
../../../dumps\s132-dismount-live\SUPERVIVE-Win64-Shipping.dump.txt,0x7ff7a5a20000,252,230,477687808,40683,0x7ffb1abe1000,0x14000,0x20
../../../dumps\s132-dismount-live\SUPERVIVE-Win64-Shipping.dump.txt,0x7ff7a5a20000,252,230,477687808,40683,0x7ffb1ad21000,0xe000,0x20
../../../dumps\s132-dismount-live\SUPERVIVE-Win64-Shipping.dump.txt,0x7ff7a5a20000,252,230,477687808,40683,0x7ffb57407000,0x1000,0x20
../../../dumps\s132-dismount-live\SUPERVIVE-Win64-Shipping.dump.txt,0x7ff7a5a20000,252,230,477687808,40683,0x7ffb57bcf000,0x170000,0x20
../../../dumps\s132-dismount-live\SUPERVIVE-Win64-Shipping.dump.txt,0x7ff7a5a20000,252,230,477687808,40683,0x7ffb5867c000,0x22e000,0x20
../../../dumps\s132-dismount-live\SUPERVIVE-Win64-Shipping.dump.txt,0x7ff7a5a20000,252,230,477687808,40683,0x7ffb58920000,0x2a49000,0x20
../../../dumps\s132-landstart-live\SUPERVIVE-Win64-Shipping.dump.txt,0x7ff7a5a20000,250,230,477687808,40683,0xff767000,0x1000,0x80
../../../dumps\s132-landstart-live\SUPERVIVE-Win64-Shipping.dump.txt,0x7ff7a5a20000,250,230,477687808,40683,0xfff2f000,0x170000,0x20
../../../dumps\s132-landstart-live\SUPERVIVE-Win64-Shipping.dump.txt,0x7ff7a5a20000,250,230,477687808,40683,0x1009dc000,0x22e000,0x20
../../../dumps\s132-landstart-live\SUPERVIVE-Win64-Shipping.dump.txt,0x7ff7a5a20000,250,230,477687808,40683,0x100c80000,0x2a49000,0x20
../../../dumps\s132-landstart-live\SUPERVIVE-Win64-Shipping.dump.txt,0x7ff7a5a20000,250,230,477687808,40683,0x7ffa85439000,0x1000,0x20
../../../dumps\s132-landstart-live\SUPERVIVE-Win64-Shipping.dump.txt,0x7ff7a5a20000,250,230,477687808,40683,0x7ffaf5f9c000,0x1000,0x40
../../../dumps\s132-landstart-live\SUPERVIVE-Win64-Shipping.dump.txt,0x7ff7a5a20000,250,230,477687808,40683,0x7ffaf5f9e000,0x1000,0x20
../../../dumps\s132-landstart-live\SUPERVIVE-Win64-Shipping.dump.txt,0x7ff7a5a20000,250,230,477687808,40683,0x7ffaf9971000,0x1000,0x20
../../../dumps\s132-landstart-live\SUPERVIVE-Win64-Shipping.dump.txt,0x7ff7a5a20000,250,230,477687808,40683,0x7ffafe501000,0x24000,0x20
../../../dumps\s132-landstart-live\SUPERVIVE-Win64-Shipping.dump.txt,0x7ff7a5a20000,250,230,477687808,40683,0x7ffafe541000,0x26000,0x20
../../../dumps\s132-landstart-live\SUPERVIVE-Win64-Shipping.dump.txt,0x7ff7a5a20000,250,230,477687808,40683,0x7ffb021b1000,0x16000,0x20
../../../dumps\s132-landstart-live\SUPERVIVE-Win64-Shipping.dump.txt,0x7ff7a5a20000,250,230,477687808,40683,0x7ffb021e1000,0x2000,0x20
../../../dumps\s132-landstart-live\SUPERVIVE-Win64-Shipping.dump.txt,0x7ff7a5a20000,250,230,477687808,40683,0x7ffb07ed1000,0x14000,0x20
../../../dumps\s132-landstart-live\SUPERVIVE-Win64-Shipping.dump.txt,0x7ff7a5a20000,250,230,477687808,40683,0x7ffb0c981000,0x1f000,0x20
../../../dumps\s132-landstart-live\SUPERVIVE-Win64-Shipping.dump.txt,0x7ff7a5a20000,250,230,477687808,40683,0x7ffb13a61000,0x12000,0x20
../../../dumps\s132-landstart-live\SUPERVIVE-Win64-Shipping.dump.txt,0x7ff7a5a20000,250,230,477687808,40683,0x7ffb13a91000,0x14000,0x20
../../../dumps\s132-landstart-live\SUPERVIVE-Win64-Shipping.dump.txt,0x7ff7a5a20000,250,230,477687808,40683,0x7ffb1aab1000,0x10000,0x20
../../../dumps\s132-landstart-live\SUPERVIVE-Win64-Shipping.dump.txt,0x7ff7a5a20000,250,230,477687808,40683,0x7ffb1aae1000,0x14000,0x20
../../../dumps\s132-landstart-live\SUPERVIVE-Win64-Shipping.dump.txt,0x7ff7a5a20000,250,230,477687808,40683,0x7ffb4c131000,0xe000,0x20
../../../dumps\s132-landstart-live\SUPERVIVE-Win64-Shipping.dump.txt,0x7ff7a5a20000,250,230,477687808,40683,0x7ffb57407000,0x1000,0x20
../../../dumps\s132-landstart-live\SUPERVIVE-Win64-Shipping.dump.txt,0x7ff7a5a20000,250,230,477687808,40683,0x7ffb57bcf000,0x170000,0x20
../../../dumps\s132-landstart-live\SUPERVIVE-Win64-Shipping.dump.txt,0x7ff7a5a20000,250,230,477687808,40683,0x7ffb5867c000,0x22e000,0x20
../../../dumps\s132-landstart-live\SUPERVIVE-Win64-Shipping.dump.txt,0x7ff7a5a20000,250,230,477687808,40683,0x7ffb58920000,0x2a49000,0x20
../../../dumps\store\SUPERVIVE-Win64-Shipping.dump.txt,0x7ff6af000000,246,226,475475968,40635,0xff767000,0x1000,0x80
../../../dumps\store\SUPERVIVE-Win64-Shipping.dump.txt,0x7ff6af000000,246,226,475475968,40635,0xfff2f000,0x170000,0x20
../../../dumps\store\SUPERVIVE-Win64-Shipping.dump.txt,0x7ff6af000000,246,226,475475968,40635,0x1009dc000,0x22e000,0x20
../../../dumps\store\SUPERVIVE-Win64-Shipping.dump.txt,0x7ff6af000000,246,226,475475968,40635,0x100c80000,0x2a49000,0x20
../../../dumps\store\SUPERVIVE-Win64-Shipping.dump.txt,0x7ff6af000000,246,226,475475968,40635,0x7ff849b79000,0x1000,0x20
../../../dumps\store\SUPERVIVE-Win64-Shipping.dump.txt,0x7ff6af000000,246,226,475475968,40635,0x7ff8829fc000,0x1000,0x40
../../../dumps\store\SUPERVIVE-Win64-Shipping.dump.txt,0x7ff6af000000,246,226,475475968,40635,0x7ff8829fe000,0x1000,0x20
../../../dumps\store\SUPERVIVE-Win64-Shipping.dump.txt,0x7ff6af000000,246,226,475475968,40635,0x7ff8b04b1000,0x1000,0x20
../../../dumps\store\SUPERVIVE-Win64-Shipping.dump.txt,0x7ff6af000000,246,226,475475968,40635,0x7ff8c15d1000,0x2000,0x20
../../../dumps\store\SUPERVIVE-Win64-Shipping.dump.txt,0x7ff6af000000,246,226,475475968,40635,0x7ff8c17f1000,0x24000,0x20
../../../dumps\store\SUPERVIVE-Win64-Shipping.dump.txt,0x7ff6af000000,246,226,475475968,40635,0x7ff8c1a61000,0x26000,0x20
../../../dumps\store\SUPERVIVE-Win64-Shipping.dump.txt,0x7ff6af000000,246,226,475475968,40635,0x7ff8ca631000,0x16000,0x20
../../../dumps\store\SUPERVIVE-Win64-Shipping.dump.txt,0x7ff6af000000,246,226,475475968,40635,0x7ff8ca661000,0x14000,0x20
../../../dumps\store\SUPERVIVE-Win64-Shipping.dump.txt,0x7ff6af000000,246,226,475475968,40635,0x7ff8ca691000,0x1f000,0x20
../../../dumps\store\SUPERVIVE-Win64-Shipping.dump.txt,0x7ff6af000000,246,226,475475968,40635,0x7ff8ca6d1000,0x12000,0x20
../../../dumps\store\SUPERVIVE-Win64-Shipping.dump.txt,0x7ff6af000000,246,226,475475968,40635,0x7ff8ca701000,0x14000,0x20
../../../dumps\store\SUPERVIVE-Win64-Shipping.dump.txt,0x7ff6af000000,246,226,475475968,40635,0x7ff8cf251000,0x10000,0x20
../../../dumps\store\SUPERVIVE-Win64-Shipping.dump.txt,0x7ff6af000000,246,226,475475968,40635,0x7ff8d4ae1000,0x14000,0x20
../../../dumps\store\SUPERVIVE-Win64-Shipping.dump.txt,0x7ff6af000000,246,226,475475968,40635,0x7ff8d4da1000,0xe000,0x20
../../../dumps\store\SUPERVIVE-Win64-Shipping.dump.txt,0x7ff6af000000,246,226,475475968,40635,0x7ff90e007000,0x1000,0x20
../../../dumps\store\SUPERVIVE-Win64-Shipping.dump.txt,0x7ff6af000000,246,226,475475968,40635,0x7ff90e7cf000,0x170000,0x20
../../../dumps\store\SUPERVIVE-Win64-Shipping.dump.txt,0x7ff6af000000,246,226,475475968,40635,0x7ff90f27c000,0x22e000,0x20
../../../dumps\store\SUPERVIVE-Win64-Shipping.dump.txt,0x7ff6af000000,246,226,475475968,40635,0x7ff90f520000,0x2a49000,0x20
../../../dumps\toggles\SUPERVIVE-Win64-Shipping.dump.txt,0x7ff6af000000,231,225,475430912,40627,0xff767000,0x1000,0x80
../../../dumps\toggles\SUPERVIVE-Win64-Shipping.dump.txt,0x7ff6af000000,231,225,475430912,40627,0xfff2f000,0x170000,0x20
../../../dumps\toggles\SUPERVIVE-Win64-Shipping.dump.txt,0x7ff6af000000,231,225,475430912,40627,0x1009dc000,0x22e000,0x20
../../../dumps\toggles\SUPERVIVE-Win64-Shipping.dump.txt,0x7ff6af000000,231,225,475430912,40627,0x100c80000,0x2a49000,0x20
../../../dumps\toggles\SUPERVIVE-Win64-Shipping.dump.txt,0x7ff6af000000,231,225,475430912,40627,0x7ff811349000,0x1000,0x20
../../../dumps\toggles\SUPERVIVE-Win64-Shipping.dump.txt,0x7ff6af000000,231,225,475430912,40627,0x7ff81ac3c000,0x1000,0x40
../../../dumps\toggles\SUPERVIVE-Win64-Shipping.dump.txt,0x7ff6af000000,231,225,475430912,40627,0x7ff81ac3e000,0x1000,0x20
../../../dumps\toggles\SUPERVIVE-Win64-Shipping.dump.txt,0x7ff6af000000,231,225,475430912,40627,0x7ff81aca1000,0x24000,0x20
../../../dumps\toggles\SUPERVIVE-Win64-Shipping.dump.txt,0x7ff6af000000,231,225,475430912,40627,0x7ff81ace1000,0x26000,0x20
../../../dumps\toggles\SUPERVIVE-Win64-Shipping.dump.txt,0x7ff6af000000,231,225,475430912,40627,0x7ff81ad21000,0x16000,0x20
../../../dumps\toggles\SUPERVIVE-Win64-Shipping.dump.txt,0x7ff6af000000,231,225,475430912,40627,0x7ff81ad51000,0x14000,0x20
../../../dumps\toggles\SUPERVIVE-Win64-Shipping.dump.txt,0x7ff6af000000,231,225,475430912,40627,0x7ff81ad81000,0x1f000,0x20
../../../dumps\toggles\SUPERVIVE-Win64-Shipping.dump.txt,0x7ff6af000000,231,225,475430912,40627,0x7ff81adc1000,0x12000,0x20
../../../dumps\toggles\SUPERVIVE-Win64-Shipping.dump.txt,0x7ff6af000000,231,225,475430912,40627,0x7ff81adf1000,0x14000,0x20
../../../dumps\toggles\SUPERVIVE-Win64-Shipping.dump.txt,0x7ff6af000000,231,225,475430912,40627,0x7ff81ae21000,0x10000,0x20
../../../dumps\toggles\SUPERVIVE-Win64-Shipping.dump.txt,0x7ff6af000000,231,225,475430912,40627,0x7ff81ae51000,0x14000,0x20
../../../dumps\toggles\SUPERVIVE-Win64-Shipping.dump.txt,0x7ff6af000000,231,225,475430912,40627,0x7ff81ae81000,0xe000,0x20
../../../dumps\toggles\SUPERVIVE-Win64-Shipping.dump.txt,0x7ff6af000000,231,225,475430912,40627,0x7ff8b04b1000,0x1000,0x20
../../../dumps\toggles\SUPERVIVE-Win64-Shipping.dump.txt,0x7ff6af000000,231,225,475430912,40627,0x7ff8c15d1000,0x2000,0x20
../../../dumps\toggles\SUPERVIVE-Win64-Shipping.dump.txt,0x7ff6af000000,231,225,475430912,40627,0x7ff90e007000,0x1000,0x20
../../../dumps\toggles\SUPERVIVE-Win64-Shipping.dump.txt,0x7ff6af000000,231,225,475430912,40627,0x7ff90e7cf000,0x170000,0x20
../../../dumps\toggles\SUPERVIVE-Win64-Shipping.dump.txt,0x7ff6af000000,231,225,475430912,40627,0x7ff90f27c000,0x22e000,0x20
../../../dumps\toggles\SUPERVIVE-Win64-Shipping.dump.txt,0x7ff6af000000,231,225,475430912,40627,0x7ff90f520000,0x2a49000,0x20
../../../dumps\tutorial-hero\SUPERVIVE-Win64-Shipping.dump.txt,0x7ff6505c0000,245,230,477667328,40683,0xff767000,0x1000,0x80
../../../dumps\tutorial-hero\SUPERVIVE-Win64-Shipping.dump.txt,0x7ff6505c0000,245,230,477667328,40683,0xfff2f000,0x170000,0x20
../../../dumps\tutorial-hero\SUPERVIVE-Win64-Shipping.dump.txt,0x7ff6505c0000,245,230,477667328,40683,0x1009dc000,0x22e000,0x20
../../../dumps\tutorial-hero\SUPERVIVE-Win64-Shipping.dump.txt,0x7ff6505c0000,245,230,477667328,40683,0x100c80000,0x2a49000,0x20
../../../dumps\tutorial-hero\SUPERVIVE-Win64-Shipping.dump.txt,0x7ff6505c0000,245,230,477667328,40683,0x7ffc3ade9000,0x1000,0x20
../../../dumps\tutorial-hero\SUPERVIVE-Win64-Shipping.dump.txt,0x7ff6505c0000,245,230,477667328,40683,0x7ffc9578c000,0x1000,0x40
../../../dumps\tutorial-hero\SUPERVIVE-Win64-Shipping.dump.txt,0x7ff6505c0000,245,230,477667328,40683,0x7ffc9578e000,0x1000,0x20
../../../dumps\tutorial-hero\SUPERVIVE-Win64-Shipping.dump.txt,0x7ff6505c0000,245,230,477667328,40683,0x7ffcc5601000,0x24000,0x20
../../../dumps\tutorial-hero\SUPERVIVE-Win64-Shipping.dump.txt,0x7ff6505c0000,245,230,477667328,40683,0x7ffcc5641000,0x26000,0x20
../../../dumps\tutorial-hero\SUPERVIVE-Win64-Shipping.dump.txt,0x7ff6505c0000,245,230,477667328,40683,0x7ffcc6161000,0x16000,0x20
../../../dumps\tutorial-hero\SUPERVIVE-Win64-Shipping.dump.txt,0x7ff6505c0000,245,230,477667328,40683,0x7ffcc8ca1000,0x14000,0x20
../../../dumps\tutorial-hero\SUPERVIVE-Win64-Shipping.dump.txt,0x7ff6505c0000,245,230,477667328,40683,0x7ffcd5891000,0x1f000,0x20
../../../dumps\tutorial-hero\SUPERVIVE-Win64-Shipping.dump.txt,0x7ff6505c0000,245,230,477667328,40683,0x7ffcd7ee1000,0x12000,0x20
../../../dumps\tutorial-hero\SUPERVIVE-Win64-Shipping.dump.txt,0x7ff6505c0000,245,230,477667328,40683,0x7ffcd9881000,0x14000,0x20
../../../dumps\tutorial-hero\SUPERVIVE-Win64-Shipping.dump.txt,0x7ff6505c0000,245,230,477667328,40683,0x7ffcd98c1000,0x10000,0x20
../../../dumps\tutorial-hero\SUPERVIVE-Win64-Shipping.dump.txt,0x7ff6505c0000,245,230,477667328,40683,0x7ffcdb471000,0x14000,0x20
../../../dumps\tutorial-hero\SUPERVIVE-Win64-Shipping.dump.txt,0x7ff6505c0000,245,230,477667328,40683,0x7ffce4281000,0xe000,0x20
../../../dumps\tutorial-hero\SUPERVIVE-Win64-Shipping.dump.txt,0x7ff6505c0000,245,230,477667328,40683,0x7ffcf74b1000,0x2000,0x20
../../../dumps\tutorial-hero\SUPERVIVE-Win64-Shipping.dump.txt,0x7ff6505c0000,245,230,477667328,40683,0x7ffd31c51000,0x1000,0x20
../../../dumps\tutorial-hero\SUPERVIVE-Win64-Shipping.dump.txt,0x7ff6505c0000,245,230,477667328,40683,0x7ffd3b407000,0x1000,0x20
../../../dumps\tutorial-hero\SUPERVIVE-Win64-Shipping.dump.txt,0x7ff6505c0000,245,230,477667328,40683,0x7ffd3bbcf000,0x170000,0x20
../../../dumps\tutorial-hero\SUPERVIVE-Win64-Shipping.dump.txt,0x7ff6505c0000,245,230,477667328,40683,0x7ffd3c67c000,0x22e000,0x20
../../../dumps\tutorial-hero\SUPERVIVE-Win64-Shipping.dump.txt,0x7ff6505c0000,245,230,477667328,40683,0x7ffd3c920000,0x2a49000,0x20
../../../dumps\vmbuild\SUPERVIVE-Win64-Shipping.dump.txt,0x7ff6af000000,250,226,475475968,40635,0xff767000,0x1000,0x80
../../../dumps\vmbuild\SUPERVIVE-Win64-Shipping.dump.txt,0x7ff6af000000,250,226,475475968,40635,0xfff2f000,0x170000,0x20
../../../dumps\vmbuild\SUPERVIVE-Win64-Shipping.dump.txt,0x7ff6af000000,250,226,475475968,40635,0x1009dc000,0x22e000,0x20
../../../dumps\vmbuild\SUPERVIVE-Win64-Shipping.dump.txt,0x7ff6af000000,250,226,475475968,40635,0x100c80000,0x2a49000,0x20
../../../dumps\vmbuild\SUPERVIVE-Win64-Shipping.dump.txt,0x7ff6af000000,250,226,475475968,40635,0x7ff849b79000,0x1000,0x20
../../../dumps\vmbuild\SUPERVIVE-Win64-Shipping.dump.txt,0x7ff6af000000,250,226,475475968,40635,0x7ff8adaac000,0x1000,0x40
../../../dumps\vmbuild\SUPERVIVE-Win64-Shipping.dump.txt,0x7ff6af000000,250,226,475475968,40635,0x7ff8adaae000,0x1000,0x20
../../../dumps\vmbuild\SUPERVIVE-Win64-Shipping.dump.txt,0x7ff6af000000,250,226,475475968,40635,0x7ff8b04b1000,0x1000,0x20
../../../dumps\vmbuild\SUPERVIVE-Win64-Shipping.dump.txt,0x7ff6af000000,250,226,475475968,40635,0x7ff8b9681000,0x24000,0x20
../../../dumps\vmbuild\SUPERVIVE-Win64-Shipping.dump.txt,0x7ff6af000000,250,226,475475968,40635,0x7ff8bb951000,0x26000,0x20
../../../dumps\vmbuild\SUPERVIVE-Win64-Shipping.dump.txt,0x7ff6af000000,250,226,475475968,40635,0x7ff8be5c1000,0x16000,0x20
../../../dumps\vmbuild\SUPERVIVE-Win64-Shipping.dump.txt,0x7ff6af000000,250,226,475475968,40635,0x7ff8c15d1000,0x2000,0x20
../../../dumps\vmbuild\SUPERVIVE-Win64-Shipping.dump.txt,0x7ff6af000000,250,226,475475968,40635,0x7ff8c1a71000,0x14000,0x20
../../../dumps\vmbuild\SUPERVIVE-Win64-Shipping.dump.txt,0x7ff6af000000,250,226,475475968,40635,0x7ff8cbb11000,0x1f000,0x20
../../../dumps\vmbuild\SUPERVIVE-Win64-Shipping.dump.txt,0x7ff6af000000,250,226,475475968,40635,0x7ff8cbb51000,0x12000,0x20
../../../dumps\vmbuild\SUPERVIVE-Win64-Shipping.dump.txt,0x7ff6af000000,250,226,475475968,40635,0x7ff8cd891000,0x14000,0x20
../../../dumps\vmbuild\SUPERVIVE-Win64-Shipping.dump.txt,0x7ff6af000000,250,226,475475968,40635,0x7ff8cf251000,0x10000,0x20
../../../dumps\vmbuild\SUPERVIVE-Win64-Shipping.dump.txt,0x7ff6af000000,250,226,475475968,40635,0x7ff8d4ad1000,0x14000,0x20
../../../dumps\vmbuild\SUPERVIVE-Win64-Shipping.dump.txt,0x7ff6af000000,250,226,475475968,40635,0x7ff9016a1000,0xe000,0x20
../../../dumps\vmbuild\SUPERVIVE-Win64-Shipping.dump.txt,0x7ff6af000000,250,226,475475968,40635,0x7ff90e007000,0x1000,0x20
../../../dumps\vmbuild\SUPERVIVE-Win64-Shipping.dump.txt,0x7ff6af000000,250,226,475475968,40635,0x7ff90e7cf000,0x170000,0x20
../../../dumps\vmbuild\SUPERVIVE-Win64-Shipping.dump.txt,0x7ff6af000000,250,226,475475968,40635,0x7ff90f27c000,0x22e000,0x20
../../../dumps\vmbuild\SUPERVIVE-Win64-Shipping.dump.txt,0x7ff6af000000,250,226,475475968,40635,0x7ff90f520000,0x2a49000,0x20
