
* 18:31:49.286  WS connected /notifications/players/9b9d2c887e2524f918e383a895f2f1c2 (subproto="wss") envelope=[""..""]

#1 18:31:49.351  GET /revival/loadout
    -> 200  (0s)
    User-Agent: supervive-loadout-shim

* 18:31:49.352  WS connected /lobby (subproto="wss") envelope=["LbS".."LbE"]

#4 18:31:49.376  GET /progression/players/9b9d2c887e2524f918e383a895f2f1c2/tracks
    -> 200  (0s)
    Accept: */*
    X-Theorycraft-Clientversion: release2.4.live-156430-shipping
    Authorization: Bearer eyJhbGciOiJSUzI1NiIsImtpZCI6InN1cGVydml2ZS1yZXZpdmFsLWtleS0xIiwidHlwIjoiSldUIn0.eyJiYW5zIjpbXSwiY2xpZW50X2lkIjoiYmE4ZmI1OWEzNGJiNDgxYWJjYTA4YzQ2YmE0ODgwMjUiLCJjb3VudHJ5IjoiVVMiLCJkaXNwbGF5X25hbWUiOiJSZXZpdmVyIiwiZXhwIjoxNzg2NzM4NjUwLCJpYXQiOjE3ODY2NTIyNTAsImlzX2NvbXBseSI6dHJ1ZSwiamZsZ3MiOjAsIm5hbWVzcGFjZSI6InN1cGVydml2ZSIsIm5iZiI6MTc4NjY1MjE5MCwicGVybWlzc2lvbnMiOlt7IkFjdGlvbiI6MTUsIlJlc291cmNlIjoiTkFNRVNQQUNFOnN1cGVydml2ZToqIn0seyJBY3Rpb24iOjE1LCJSZXNvdXJjZSI6IkFETUlOOk5BTUVTUEFDRTpzdXBlcnZpdmU6KiJ9XSwicm9sZXMiOltdLCJzY29wZSI6ImNvbW1lcmNlIGFjY291bnQgc29jaWFsIHB1Ymxpc2hpbmcgYW5hbHl0aWNzIiwic3ViIjoiOWI5ZDJjODg3ZTI1MjRmOTE4ZTM4M2E4OTVmMmYxYzIiLCJ1bmlxdWVEaXNwbGF5TmFtZSI6IlJldml2ZXIjMDAwMSIsInVuaXF1ZV9kaXNwbGF5X25hbWUiOiJSZXZpdmVyIzAwMDEifQ.S8me6zCTJy1oN7cCA9hQMdHB81PfiOQjPGkisaKCUBzabcSTr1c468GSswCZp1ojqPbBbmOAc-HA5N2o4v-PRiSsk8rqPCyvk3Tx1C5P-rcZZtS-X9XnEtl7wRYgTacQNA_R6vbQgylOOxJ8HarI1u7xWxDlYfxiEDjHEEVHbUlHAE_Oz7PhV80Ms7bc3scLORKG3HPGTqjH9of-EooGUB3k-Xpl9M5eB7A7geV_c8XbzZ0NPELo9dLYVByYKVXzHtk2o0tyzXvdmz-r7FqVYwlN_jOrpiFF_4ti0Wf2ZTI07y-WzKQT1tlXe-OSq86OtwCA0elY-weDLV49mb78gg
    User-Agent: Loki/UE5-CL-0 (http-legacy) Windows/10.0.19045.1.256.64bit

#3 18:31:49.376  GET /referral/player/9b9d2c887e2524f918e383a895f2f1c2
    -> 200  (0s)
    X-Theorycraft-Clientversion: release2.4.live-156430-shipping
    Authorization: Bearer eyJhbGciOiJSUzI1NiIsImtpZCI6InN1cGVydml2ZS1yZXZpdmFsLWtleS0xIiwidHlwIjoiSldUIn0.eyJiYW5zIjpbXSwiY2xpZW50X2lkIjoiYmE4ZmI1OWEzNGJiNDgxYWJjYTA4YzQ2YmE0ODgwMjUiLCJjb3VudHJ5IjoiVVMiLCJkaXNwbGF5X25hbWUiOiJSZXZpdmVyIiwiZXhwIjoxNzg2NzM4NjUwLCJpYXQiOjE3ODY2NTIyNTAsImlzX2NvbXBseSI6dHJ1ZSwiamZsZ3MiOjAsIm5hbWVzcGFjZSI6InN1cGVydml2ZSIsIm5iZiI6MTc4NjY1MjE5MCwicGVybWlzc2lvbnMiOlt7IkFjdGlvbiI6MTUsIlJlc291cmNlIjoiTkFNRVNQQUNFOnN1cGVydml2ZToqIn0seyJBY3Rpb24iOjE1LCJSZXNvdXJjZSI6IkFETUlOOk5BTUVTUEFDRTpzdXBlcnZpdmU6KiJ9XSwicm9sZXMiOltdLCJzY29wZSI6ImNvbW1lcmNlIGFjY291bnQgc29jaWFsIHB1Ymxpc2hpbmcgYW5hbHl0aWNzIiwic3ViIjoiOWI5ZDJjODg3ZTI1MjRmOTE4ZTM4M2E4OTVmMmYxYzIiLCJ1bmlxdWVEaXNwbGF5TmFtZSI6IlJldml2ZXIjMDAwMSIsInVuaXF1ZV9kaXNwbGF5X25hbWUiOiJSZXZpdmVyIzAwMDEifQ.S8me6zCTJy1oN7cCA9hQMdHB81PfiOQjPGkisaKCUBzabcSTr1c468GSswCZp1ojqPbBbmOAc-HA5N2o4v-PRiSsk8rqPCyvk3Tx1C5P-rcZZtS-X9XnEtl7wRYgTacQNA_R6vbQgylOOxJ8HarI1u7xWxDlYfxiEDjHEEVHbUlHAE_Oz7PhV80Ms7bc3scLORKG3HPGTqjH9of-EooGUB3k-Xpl9M5eB7A7geV_c8XbzZ0NPELo9dLYVByYKVXzHtk2o0tyzXvdmz-r7FqVYwlN_jOrpiFF_4ti0Wf2ZTI07y-WzKQT1tlXe-OSq86OtwCA0elY-weDLV49mb78gg
    User-Agent: Loki/UE5-CL-0 (http-legacy) Windows/10.0.19045.1.256.64bit
    Accept: */*

#2 18:31:49.376  GET /progression/players/9b9d2c887e2524f918e383a895f2f1c2
    -> 200  (0s)
    X-Theorycraft-Clientversion: release2.4.live-156430-shipping
    Authorization: Bearer eyJhbGciOiJSUzI1NiIsImtpZCI6InN1cGVydml2ZS1yZXZpdmFsLWtleS0xIiwidHlwIjoiSldUIn0.eyJiYW5zIjpbXSwiY2xpZW50X2lkIjoiYmE4ZmI1OWEzNGJiNDgxYWJjYTA4YzQ2YmE0ODgwMjUiLCJjb3VudHJ5IjoiVVMiLCJkaXNwbGF5X25hbWUiOiJSZXZpdmVyIiwiZXhwIjoxNzg2NzM4NjUwLCJpYXQiOjE3ODY2NTIyNTAsImlzX2NvbXBseSI6dHJ1ZSwiamZsZ3MiOjAsIm5hbWVzcGFjZSI6InN1cGVydml2ZSIsIm5iZiI6MTc4NjY1MjE5MCwicGVybWlzc2lvbnMiOlt7IkFjdGlvbiI6MTUsIlJlc291cmNlIjoiTkFNRVNQQUNFOnN1cGVydml2ZToqIn0seyJBY3Rpb24iOjE1LCJSZXNvdXJjZSI6IkFETUlOOk5BTUVTUEFDRTpzdXBlcnZpdmU6KiJ9XSwicm9sZXMiOltdLCJzY29wZSI6ImNvbW1lcmNlIGFjY291bnQgc29jaWFsIHB1Ymxpc2hpbmcgYW5hbHl0aWNzIiwic3ViIjoiOWI5ZDJjODg3ZTI1MjRmOTE4ZTM4M2E4OTVmMmYxYzIiLCJ1bmlxdWVEaXNwbGF5TmFtZSI6IlJldml2ZXIjMDAwMSIsInVuaXF1ZV9kaXNwbGF5X25hbWUiOiJSZXZpdmVyIzAwMDEifQ.S8me6zCTJy1oN7cCA9hQMdHB81PfiOQjPGkisaKCUBzabcSTr1c468GSswCZp1ojqPbBbmOAc-HA5N2o4v-PRiSsk8rqPCyvk3Tx1C5P-rcZZtS-X9XnEtl7wRYgTacQNA_R6vbQgylOOxJ8HarI1u7xWxDlYfxiEDjHEEVHbUlHAE_Oz7PhV80Ms7bc3scLORKG3HPGTqjH9of-EooGUB3k-Xpl9M5eB7A7geV_c8XbzZ0NPELo9dLYVByYKVXzHtk2o0tyzXvdmz-r7FqVYwlN_jOrpiFF_4ti0Wf2ZTI07y-WzKQT1tlXe-OSq86OtwCA0elY-weDLV49mb78gg
    User-Agent: Loki/UE5-CL-0 (http-legacy) Windows/10.0.19045.1.256.64bit
    Accept: */*

#11 18:31:49.377  GET /party/players/9b9d2c887e2524f918e383a895f2f1c2?defaultQueue=tutorialNew
    -> 200  (0s)
    Accept: */*
    X-Theorycraft-Clientversion: release2.4.live-156430-shipping
    Authorization: Bearer eyJhbGciOiJSUzI1NiIsImtpZCI6InN1cGVydml2ZS1yZXZpdmFsLWtleS0xIiwidHlwIjoiSldUIn0.eyJiYW5zIjpbXSwiY2xpZW50X2lkIjoiYmE4ZmI1OWEzNGJiNDgxYWJjYTA4YzQ2YmE0ODgwMjUiLCJjb3VudHJ5IjoiVVMiLCJkaXNwbGF5X25hbWUiOiJSZXZpdmVyIiwiZXhwIjoxNzg2NzM4NjUwLCJpYXQiOjE3ODY2NTIyNTAsImlzX2NvbXBseSI6dHJ1ZSwiamZsZ3MiOjAsIm5hbWVzcGFjZSI6InN1cGVydml2ZSIsIm5iZiI6MTc4NjY1MjE5MCwicGVybWlzc2lvbnMiOlt7IkFjdGlvbiI6MTUsIlJlc291cmNlIjoiTkFNRVNQQUNFOnN1cGVydml2ZToqIn0seyJBY3Rpb24iOjE1LCJSZXNvdXJjZSI6IkFETUlOOk5BTUVTUEFDRTpzdXBlcnZpdmU6KiJ9XSwicm9sZXMiOltdLCJzY29wZSI6ImNvbW1lcmNlIGFjY291bnQgc29jaWFsIHB1Ymxpc2hpbmcgYW5hbHl0aWNzIiwic3ViIjoiOWI5ZDJjODg3ZTI1MjRmOTE4ZTM4M2E4OTVmMmYxYzIiLCJ1bmlxdWVEaXNwbGF5TmFtZSI6IlJldml2ZXIjMDAwMSIsInVuaXF1ZV9kaXNwbGF5X25hbWUiOiJSZXZpdmVyIzAwMDEifQ.S8me6zCTJy1oN7cCA9hQMdHB81PfiOQjPGkisaKCUBzabcSTr1c468GSswCZp1ojqPbBbmOAc-HA5N2o4v-PRiSsk8rqPCyvk3Tx1C5P-rcZZtS-X9XnEtl7wRYgTacQNA_R6vbQgylOOxJ8HarI1u7xWxDlYfxiEDjHEEVHbUlHAE_Oz7PhV80Ms7bc3scLORKG3HPGTqjH9of-EooGUB3k-Xpl9M5eB7A7geV_c8XbzZ0NPELo9dLYVByYKVXzHtk2o0tyzXvdmz-r7FqVYwlN_jOrpiFF_4ti0Wf2ZTI07y-WzKQT1tlXe-OSq86OtwCA0elY-weDLV49mb78gg
    User-Agent: Loki/UE5-CL-0 (http-legacy) Windows/10.0.19045.1.256.64bit

#8 18:31:49.376  GET /core-game/players/9b9d2c887e2524f918e383a895f2f1c2
    -> 200  (0s)
    X-Theorycraft-Clientversion: release2.4.live-156430-shipping
    Authorization: Bearer eyJhbGciOiJSUzI1NiIsImtpZCI6InN1cGVydml2ZS1yZXZpdmFsLWtleS0xIiwidHlwIjoiSldUIn0.eyJiYW5zIjpbXSwiY2xpZW50X2lkIjoiYmE4ZmI1OWEzNGJiNDgxYWJjYTA4YzQ2YmE0ODgwMjUiLCJjb3VudHJ5IjoiVVMiLCJkaXNwbGF5X25hbWUiOiJSZXZpdmVyIiwiZXhwIjoxNzg2NzM4NjUwLCJpYXQiOjE3ODY2NTIyNTAsImlzX2NvbXBseSI6dHJ1ZSwiamZsZ3MiOjAsIm5hbWVzcGFjZSI6InN1cGVydml2ZSIsIm5iZiI6MTc4NjY1MjE5MCwicGVybWlzc2lvbnMiOlt7IkFjdGlvbiI6MTUsIlJlc291cmNlIjoiTkFNRVNQQUNFOnN1cGVydml2ZToqIn0seyJBY3Rpb24iOjE1LCJSZXNvdXJjZSI6IkFETUlOOk5BTUVTUEFDRTpzdXBlcnZpdmU6KiJ9XSwicm9sZXMiOltdLCJzY29wZSI6ImNvbW1lcmNlIGFjY291bnQgc29jaWFsIHB1Ymxpc2hpbmcgYW5hbHl0aWNzIiwic3ViIjoiOWI5ZDJjODg3ZTI1MjRmOTE4ZTM4M2E4OTVmMmYxYzIiLCJ1bmlxdWVEaXNwbGF5TmFtZSI6IlJldml2ZXIjMDAwMSIsInVuaXF1ZV9kaXNwbGF5X25hbWUiOiJSZXZpdmVyIzAwMDEifQ.S8me6zCTJy1oN7cCA9hQMdHB81PfiOQjPGkisaKCUBzabcSTr1c468GSswCZp1ojqPbBbmOAc-HA5N2o4v-PRiSsk8rqPCyvk3Tx1C5P-rcZZtS-X9XnEtl7wRYgTacQNA_R6vbQgylOOxJ8HarI1u7xWxDlYfxiEDjHEEVHbUlHAE_Oz7PhV80Ms7bc3scLORKG3HPGTqjH9of-EooGUB3k-Xpl9M5eB7A7geV_c8XbzZ0NPELo9dLYVByYKVXzHtk2o0tyzXvdmz-r7FqVYwlN_jOrpiFF_4ti0Wf2ZTI07y-WzKQT1tlXe-OSq86OtwCA0elY-weDLV49mb78gg
    User-Agent: Loki/UE5-CL-0 (http-legacy) Windows/10.0.19045.1.256.64bit
    Accept: */*

#5 18:31:49.376  GET /inventory/free
    -> 200  (0s)
    X-Theorycraft-Clientversion: release2.4.live-156430-shipping
    Authorization: Bearer eyJhbGciOiJSUzI1NiIsImtpZCI6InN1cGVydml2ZS1yZXZpdmFsLWtleS0xIiwidHlwIjoiSldUIn0.eyJiYW5zIjpbXSwiY2xpZW50X2lkIjoiYmE4ZmI1OWEzNGJiNDgxYWJjYTA4YzQ2YmE0ODgwMjUiLCJjb3VudHJ5IjoiVVMiLCJkaXNwbGF5X25hbWUiOiJSZXZpdmVyIiwiZXhwIjoxNzg2NzM4NjUwLCJpYXQiOjE3ODY2NTIyNTAsImlzX2NvbXBseSI6dHJ1ZSwiamZsZ3MiOjAsIm5hbWVzcGFjZSI6InN1cGVydml2ZSIsIm5iZiI6MTc4NjY1MjE5MCwicGVybWlzc2lvbnMiOlt7IkFjdGlvbiI6MTUsIlJlc291cmNlIjoiTkFNRVNQQUNFOnN1cGVydml2ZToqIn0seyJBY3Rpb24iOjE1LCJSZXNvdXJjZSI6IkFETUlOOk5BTUVTUEFDRTpzdXBlcnZpdmU6KiJ9XSwicm9sZXMiOltdLCJzY29wZSI6ImNvbW1lcmNlIGFjY291bnQgc29jaWFsIHB1Ymxpc2hpbmcgYW5hbHl0aWNzIiwic3ViIjoiOWI5ZDJjODg3ZTI1MjRmOTE4ZTM4M2E4OTVmMmYxYzIiLCJ1bmlxdWVEaXNwbGF5TmFtZSI6IlJldml2ZXIjMDAwMSIsInVuaXF1ZV9kaXNwbGF5X25hbWUiOiJSZXZpdmVyIzAwMDEifQ.S8me6zCTJy1oN7cCA9hQMdHB81PfiOQjPGkisaKCUBzabcSTr1c468GSswCZp1ojqPbBbmOAc-HA5N2o4v-PRiSsk8rqPCyvk3Tx1C5P-rcZZtS-X9XnEtl7wRYgTacQNA_R6vbQgylOOxJ8HarI1u7xWxDlYfxiEDjHEEVHbUlHAE_Oz7PhV80Ms7bc3scLORKG3HPGTqjH9of-EooGUB3k-Xpl9M5eB7A7geV_c8XbzZ0NPELo9dLYVByYKVXzHtk2o0tyzXvdmz-r7FqVYwlN_jOrpiFF_4ti0Wf2ZTI07y-WzKQT1tlXe-OSq86OtwCA0elY-weDLV49mb78gg
    User-Agent: Loki/UE5-CL-0 (http-legacy) Windows/10.0.19045.1.256.64bit
    Accept: */*

#10 18:31:49.377  GET /mmr/player-ratings/9b9d2c887e2524f918e383a895f2f1c2/rank
    -> 200  (0s)
    X-Theorycraft-Clientversion: release2.4.live-156430-shipping
    Authorization: Bearer eyJhbGciOiJSUzI1NiIsImtpZCI6InN1cGVydml2ZS1yZXZpdmFsLWtleS0xIiwidHlwIjoiSldUIn0.eyJiYW5zIjpbXSwiY2xpZW50X2lkIjoiYmE4ZmI1OWEzNGJiNDgxYWJjYTA4YzQ2YmE0ODgwMjUiLCJjb3VudHJ5IjoiVVMiLCJkaXNwbGF5X25hbWUiOiJSZXZpdmVyIiwiZXhwIjoxNzg2NzM4NjUwLCJpYXQiOjE3ODY2NTIyNTAsImlzX2NvbXBseSI6dHJ1ZSwiamZsZ3MiOjAsIm5hbWVzcGFjZSI6InN1cGVydml2ZSIsIm5iZiI6MTc4NjY1MjE5MCwicGVybWlzc2lvbnMiOlt7IkFjdGlvbiI6MTUsIlJlc291cmNlIjoiTkFNRVNQQUNFOnN1cGVydml2ZToqIn0seyJBY3Rpb24iOjE1LCJSZXNvdXJjZSI6IkFETUlOOk5BTUVTUEFDRTpzdXBlcnZpdmU6KiJ9XSwicm9sZXMiOltdLCJzY29wZSI6ImNvbW1lcmNlIGFjY291bnQgc29jaWFsIHB1Ymxpc2hpbmcgYW5hbHl0aWNzIiwic3ViIjoiOWI5ZDJjODg3ZTI1MjRmOTE4ZTM4M2E4OTVmMmYxYzIiLCJ1bmlxdWVEaXNwbGF5TmFtZSI6IlJldml2ZXIjMDAwMSIsInVuaXF1ZV9kaXNwbGF5X25hbWUiOiJSZXZpdmVyIzAwMDEifQ.S8me6zCTJy1oN7cCA9hQMdHB81PfiOQjPGkisaKCUBzabcSTr1c468GSswCZp1ojqPbBbmOAc-HA5N2o4v-PRiSsk8rqPCyvk3Tx1C5P-rcZZtS-X9XnEtl7wRYgTacQNA_R6vbQgylOOxJ8HarI1u7xWxDlYfxiEDjHEEVHbUlHAE_Oz7PhV80Ms7bc3scLORKG3HPGTqjH9of-EooGUB3k-Xpl9M5eB7A7geV_c8XbzZ0NPELo9dLYVByYKVXzHtk2o0tyzXvdmz-r7FqVYwlN_jOrpiFF_4ti0Wf2ZTI07y-WzKQT1tlXe-OSq86OtwCA0elY-weDLV49mb78gg
    User-Agent: Loki/UE5-CL-0 (http-legacy) Windows/10.0.19045.1.256.64bit
    Accept: */*

#6 18:31:49.376  GET /storefront/heroes
    -> 200  (0s)
    Authorization: Bearer eyJhbGciOiJSUzI1NiIsImtpZCI6InN1cGVydml2ZS1yZXZpdmFsLWtleS0xIiwidHlwIjoiSldUIn0.eyJiYW5zIjpbXSwiY2xpZW50X2lkIjoiYmE4ZmI1OWEzNGJiNDgxYWJjYTA4YzQ2YmE0ODgwMjUiLCJjb3VudHJ5IjoiVVMiLCJkaXNwbGF5X25hbWUiOiJSZXZpdmVyIiwiZXhwIjoxNzg2NzM4NjUwLCJpYXQiOjE3ODY2NTIyNTAsImlzX2NvbXBseSI6dHJ1ZSwiamZsZ3MiOjAsIm5hbWVzcGFjZSI6InN1cGVydml2ZSIsIm5iZiI6MTc4NjY1MjE5MCwicGVybWlzc2lvbnMiOlt7IkFjdGlvbiI6MTUsIlJlc291cmNlIjoiTkFNRVNQQUNFOnN1cGVydml2ZToqIn0seyJBY3Rpb24iOjE1LCJSZXNvdXJjZSI6IkFETUlOOk5BTUVTUEFDRTpzdXBlcnZpdmU6KiJ9XSwicm9sZXMiOltdLCJzY29wZSI6ImNvbW1lcmNlIGFjY291bnQgc29jaWFsIHB1Ymxpc2hpbmcgYW5hbHl0aWNzIiwic3ViIjoiOWI5ZDJjODg3ZTI1MjRmOTE4ZTM4M2E4OTVmMmYxYzIiLCJ1bmlxdWVEaXNwbGF5TmFtZSI6IlJldml2ZXIjMDAwMSIsInVuaXF1ZV9kaXNwbGF5X25hbWUiOiJSZXZpdmVyIzAwMDEifQ.S8me6zCTJy1oN7cCA9hQMdHB81PfiOQjPGkisaKCUBzabcSTr1c468GSswCZp1ojqPbBbmOAc-HA5N2o4v-PRiSsk8rqPCyvk3Tx1C5P-rcZZtS-X9XnEtl7wRYgTacQNA_R6vbQgylOOxJ8HarI1u7xWxDlYfxiEDjHEEVHbUlHAE_Oz7PhV80Ms7bc3scLORKG3HPGTqjH9of-EooGUB3k-Xpl9M5eB7A7geV_c8XbzZ0NPELo9dLYVByYKVXzHtk2o0tyzXvdmz-r7FqVYwlN_jOrpiFF_4ti0Wf2ZTI07y-WzKQT1tlXe-OSq86OtwCA0elY-weDLV49mb78gg
    User-Agent: Loki/UE5-CL-0 (http-legacy) Windows/10.0.19045.1.256.64bit
    Accept: */*
    X-Theorycraft-Clientversion: release2.4.live-156430-shipping

#14 18:31:49.377  GET /mailbox/config/version
    -> 200  (0s)
    Accept: */*
    X-Theorycraft-Clientversion: release2.4.live-156430-shipping
    Authorization: Bearer eyJhbGciOiJSUzI1NiIsImtpZCI6InN1cGVydml2ZS1yZXZpdmFsLWtleS0xIiwidHlwIjoiSldUIn0.eyJiYW5zIjpbXSwiY2xpZW50X2lkIjoiYmE4ZmI1OWEzNGJiNDgxYWJjYTA4YzQ2YmE0ODgwMjUiLCJjb3VudHJ5IjoiVVMiLCJkaXNwbGF5X25hbWUiOiJSZXZpdmVyIiwiZXhwIjoxNzg2NzM4NjUwLCJpYXQiOjE3ODY2NTIyNTAsImlzX2NvbXBseSI6dHJ1ZSwiamZsZ3MiOjAsIm5hbWVzcGFjZSI6InN1cGVydml2ZSIsIm5iZiI6MTc4NjY1MjE5MCwicGVybWlzc2lvbnMiOlt7IkFjdGlvbiI6MTUsIlJlc291cmNlIjoiTkFNRVNQQUNFOnN1cGVydml2ZToqIn0seyJBY3Rpb24iOjE1LCJSZXNvdXJjZSI6IkFETUlOOk5BTUVTUEFDRTpzdXBlcnZpdmU6KiJ9XSwicm9sZXMiOltdLCJzY29wZSI6ImNvbW1lcmNlIGFjY291bnQgc29jaWFsIHB1Ymxpc2hpbmcgYW5hbHl0aWNzIiwic3ViIjoiOWI5ZDJjODg3ZTI1MjRmOTE4ZTM4M2E4OTVmMmYxYzIiLCJ1bmlxdWVEaXNwbGF5TmFtZSI6IlJldml2ZXIjMDAwMSIsInVuaXF1ZV9kaXNwbGF5X25hbWUiOiJSZXZpdmVyIzAwMDEifQ.S8me6zCTJy1oN7cCA9hQMdHB81PfiOQjPGkisaKCUBzabcSTr1c468GSswCZp1ojqPbBbmOAc-HA5N2o4v-PRiSsk8rqPCyvk3Tx1C5P-rcZZtS-X9XnEtl7wRYgTacQNA_R6vbQgylOOxJ8HarI1u7xWxDlYfxiEDjHEEVHbUlHAE_Oz7PhV80Ms7bc3scLORKG3HPGTqjH9of-EooGUB3k-Xpl9M5eB7A7geV_c8XbzZ0NPELo9dLYVByYKVXzHtk2o0tyzXvdmz-r7FqVYwlN_jOrpiFF_4ti0Wf2ZTI07y-WzKQT1tlXe-OSq86OtwCA0elY-weDLV49mb78gg
    User-Agent: Loki/UE5-CL-0 (http-legacy) Windows/10.0.19045.1.256.64bit

#9 18:31:49.377  GET /core-game/regions
    -> 200  (0s)
    Accept: */*
    X-Theorycraft-Clientversion: release2.4.live-156430-shipping
    Authorization: Bearer eyJhbGciOiJSUzI1NiIsImtpZCI6InN1cGVydml2ZS1yZXZpdmFsLWtleS0xIiwidHlwIjoiSldUIn0.eyJiYW5zIjpbXSwiY2xpZW50X2lkIjoiYmE4ZmI1OWEzNGJiNDgxYWJjYTA4YzQ2YmE0ODgwMjUiLCJjb3VudHJ5IjoiVVMiLCJkaXNwbGF5X25hbWUiOiJSZXZpdmVyIiwiZXhwIjoxNzg2NzM4NjUwLCJpYXQiOjE3ODY2NTIyNTAsImlzX2NvbXBseSI6dHJ1ZSwiamZsZ3MiOjAsIm5hbWVzcGFjZSI6InN1cGVydml2ZSIsIm5iZiI6MTc4NjY1MjE5MCwicGVybWlzc2lvbnMiOlt7IkFjdGlvbiI6MTUsIlJlc291cmNlIjoiTkFNRVNQQUNFOnN1cGVydml2ZToqIn0seyJBY3Rpb24iOjE1LCJSZXNvdXJjZSI6IkFETUlOOk5BTUVTUEFDRTpzdXBlcnZpdmU6KiJ9XSwicm9sZXMiOltdLCJzY29wZSI6ImNvbW1lcmNlIGFjY291bnQgc29jaWFsIHB1Ymxpc2hpbmcgYW5hbHl0aWNzIiwic3ViIjoiOWI5ZDJjODg3ZTI1MjRmOTE4ZTM4M2E4OTVmMmYxYzIiLCJ1bmlxdWVEaXNwbGF5TmFtZSI6IlJldml2ZXIjMDAwMSIsInVuaXF1ZV9kaXNwbGF5X25hbWUiOiJSZXZpdmVyIzAwMDEifQ.S8me6zCTJy1oN7cCA9hQMdHB81PfiOQjPGkisaKCUBzabcSTr1c468GSswCZp1ojqPbBbmOAc-HA5N2o4v-PRiSsk8rqPCyvk3Tx1C5P-rcZZtS-X9XnEtl7wRYgTacQNA_R6vbQgylOOxJ8HarI1u7xWxDlYfxiEDjHEEVHbUlHAE_Oz7PhV80Ms7bc3scLORKG3HPGTqjH9of-EooGUB3k-Xpl9M5eB7A7geV_c8XbzZ0NPELo9dLYVByYKVXzHtk2o0tyzXvdmz-r7FqVYwlN_jOrpiFF_4ti0Wf2ZTI07y-WzKQT1tlXe-OSq86OtwCA0elY-weDLV49mb78gg
    User-Agent: Loki/UE5-CL-0 (http-legacy) Windows/10.0.19045.1.256.64bit

#12 18:31:49.377  GET /party/parties/party-9b9d2c887e2524f918e383a895f2f1c2
    -> 200  (0s)
    Authorization: Bearer eyJhbGciOiJSUzI1NiIsImtpZCI6InN1cGVydml2ZS1yZXZpdmFsLWtleS0xIiwidHlwIjoiSldUIn0.eyJiYW5zIjpbXSwiY2xpZW50X2lkIjoiYmE4ZmI1OWEzNGJiNDgxYWJjYTA4YzQ2YmE0ODgwMjUiLCJjb3VudHJ5IjoiVVMiLCJkaXNwbGF5X25hbWUiOiJSZXZpdmVyIiwiZXhwIjoxNzg2NzM4NjUwLCJpYXQiOjE3ODY2NTIyNTAsImlzX2NvbXBseSI6dHJ1ZSwiamZsZ3MiOjAsIm5hbWVzcGFjZSI6InN1cGVydml2ZSIsIm5iZiI6MTc4NjY1MjE5MCwicGVybWlzc2lvbnMiOlt7IkFjdGlvbiI6MTUsIlJlc291cmNlIjoiTkFNRVNQQUNFOnN1cGVydml2ZToqIn0seyJBY3Rpb24iOjE1LCJSZXNvdXJjZSI6IkFETUlOOk5BTUVTUEFDRTpzdXBlcnZpdmU6KiJ9XSwicm9sZXMiOltdLCJzY29wZSI6ImNvbW1lcmNlIGFjY291bnQgc29jaWFsIHB1Ymxpc2hpbmcgYW5hbHl0aWNzIiwic3ViIjoiOWI5ZDJjODg3ZTI1MjRmOTE4ZTM4M2E4OTVmMmYxYzIiLCJ1bmlxdWVEaXNwbGF5TmFtZSI6IlJldml2ZXIjMDAwMSIsInVuaXF1ZV9kaXNwbGF5X25hbWUiOiJSZXZpdmVyIzAwMDEifQ.S8me6zCTJy1oN7cCA9hQMdHB81PfiOQjPGkisaKCUBzabcSTr1c468GSswCZp1ojqPbBbmOAc-HA5N2o4v-PRiSsk8rqPCyvk3Tx1C5P-rcZZtS-X9XnEtl7wRYgTacQNA_R6vbQgylOOxJ8HarI1u7xWxDlYfxiEDjHEEVHbUlHAE_Oz7PhV80Ms7bc3scLORKG3HPGTqjH9of-EooGUB3k-Xpl9M5eB7A7geV_c8XbzZ0NPELo9dLYVByYKVXzHtk2o0tyzXvdmz-r7FqVYwlN_jOrpiFF_4ti0Wf2ZTI07y-WzKQT1tlXe-OSq86OtwCA0elY-weDLV49mb78gg
    User-Agent: Loki/UE5-CL-0 (http-legacy) Windows/10.0.19045.1.256.64bit
    Accept: */*
    X-Theorycraft-Clientversion: release2.4.live-156430-shipping

#16 18:31:49.376  GET /inventory/players/9b9d2c887e2524f918e383a895f2f1c2
    -> 200  (2ms)
    User-Agent: Loki/UE5-CL-0 (http-legacy) Windows/10.0.19045.1.256.64bit
    Accept: */*
    X-Theorycraft-Clientversion: release2.4.live-156430-shipping
    Authorization: Bearer eyJhbGciOiJSUzI1NiIsImtpZCI6InN1cGVydml2ZS1yZXZpdmFsLWtleS0xIiwidHlwIjoiSldUIn0.eyJiYW5zIjpbXSwiY2xpZW50X2lkIjoiYmE4ZmI1OWEzNGJiNDgxYWJjYTA4YzQ2YmE0ODgwMjUiLCJjb3VudHJ5IjoiVVMiLCJkaXNwbGF5X25hbWUiOiJSZXZpdmVyIiwiZXhwIjoxNzg2NzM4NjUwLCJpYXQiOjE3ODY2NTIyNTAsImlzX2NvbXBseSI6dHJ1ZSwiamZsZ3MiOjAsIm5hbWVzcGFjZSI6InN1cGVydml2ZSIsIm5iZiI6MTc4NjY1MjE5MCwicGVybWlzc2lvbnMiOlt7IkFjdGlvbiI6MTUsIlJlc291cmNlIjoiTkFNRVNQQUNFOnN1cGVydml2ZToqIn0seyJBY3Rpb24iOjE1LCJSZXNvdXJjZSI6IkFETUlOOk5BTUVTUEFDRTpzdXBlcnZpdmU6KiJ9XSwicm9sZXMiOltdLCJzY29wZSI6ImNvbW1lcmNlIGFjY291bnQgc29jaWFsIHB1Ymxpc2hpbmcgYW5hbHl0aWNzIiwic3ViIjoiOWI5ZDJjODg3ZTI1MjRmOTE4ZTM4M2E4OTVmMmYxYzIiLCJ1bmlxdWVEaXNwbGF5TmFtZSI6IlJldml2ZXIjMDAwMSIsInVuaXF1ZV9kaXNwbGF5X25hbWUiOiJSZXZpdmVyIzAwMDEifQ.S8me6zCTJy1oN7cCA9hQMdHB81PfiOQjPGkisaKCUBzabcSTr1c468GSswCZp1ojqPbBbmOAc-HA5N2o4v-PRiSsk8rqPCyvk3Tx1C5P-rcZZtS-X9XnEtl7wRYgTacQNA_R6vbQgylOOxJ8HarI1u7xWxDlYfxiEDjHEEVHbUlHAE_Oz7PhV80Ms7bc3scLORKG3HPGTqjH9of-EooGUB3k-Xpl9M5eB7A7geV_c8XbzZ0NPELo9dLYVByYKVXzHtk2o0tyzXvdmz-r7FqVYwlN_jOrpiFF_4ti0Wf2ZTI07y-WzKQT1tlXe-OSq86OtwCA0elY-weDLV49mb78gg

#7 18:31:49.376  GET /match-history/players/9b9d2c887e2524f918e383a895f2f1c2
    -> 200  (0s)
    X-Theorycraft-Clientversion: release2.4.live-156430-shipping
    Authorization: Bearer eyJhbGciOiJSUzI1NiIsImtpZCI6InN1cGVydml2ZS1yZXZpdmFsLWtleS0xIiwidHlwIjoiSldUIn0.eyJiYW5zIjpbXSwiY2xpZW50X2lkIjoiYmE4ZmI1OWEzNGJiNDgxYWJjYTA4YzQ2YmE0ODgwMjUiLCJjb3VudHJ5IjoiVVMiLCJkaXNwbGF5X25hbWUiOiJSZXZpdmVyIiwiZXhwIjoxNzg2NzM4NjUwLCJpYXQiOjE3ODY2NTIyNTAsImlzX2NvbXBseSI6dHJ1ZSwiamZsZ3MiOjAsIm5hbWVzcGFjZSI6InN1cGVydml2ZSIsIm5iZiI6MTc4NjY1MjE5MCwicGVybWlzc2lvbnMiOlt7IkFjdGlvbiI6MTUsIlJlc291cmNlIjoiTkFNRVNQQUNFOnN1cGVydml2ZToqIn0seyJBY3Rpb24iOjE1LCJSZXNvdXJjZSI6IkFETUlOOk5BTUVTUEFDRTpzdXBlcnZpdmU6KiJ9XSwicm9sZXMiOltdLCJzY29wZSI6ImNvbW1lcmNlIGFjY291bnQgc29jaWFsIHB1Ymxpc2hpbmcgYW5hbHl0aWNzIiwic3ViIjoiOWI5ZDJjODg3ZTI1MjRmOTE4ZTM4M2E4OTVmMmYxYzIiLCJ1bmlxdWVEaXNwbGF5TmFtZSI6IlJldml2ZXIjMDAwMSIsInVuaXF1ZV9kaXNwbGF5X25hbWUiOiJSZXZpdmVyIzAwMDEifQ.S8me6zCTJy1oN7cCA9hQMdHB81PfiOQjPGkisaKCUBzabcSTr1c468GSswCZp1ojqPbBbmOAc-HA5N2o4v-PRiSsk8rqPCyvk3Tx1C5P-rcZZtS-X9XnEtl7wRYgTacQNA_R6vbQgylOOxJ8HarI1u7xWxDlYfxiEDjHEEVHbUlHAE_Oz7PhV80Ms7bc3scLORKG3HPGTqjH9of-EooGUB3k-Xpl9M5eB7A7geV_c8XbzZ0NPELo9dLYVByYKVXzHtk2o0tyzXvdmz-r7FqVYwlN_jOrpiFF_4ti0Wf2ZTI07y-WzKQT1tlXe-OSq86OtwCA0elY-weDLV49mb78gg
    User-Agent: Loki/UE5-CL-0 (http-legacy) Windows/10.0.19045.1.256.64bit
    Accept: */*

#15 18:31:49.377  GET /party/matchmaking/customGameModes
    -> 200  (0s)
    X-Theorycraft-Clientversion: release2.4.live-156430-shipping
    User-Agent: Loki/UE5-CL-0 (http-legacy) Windows/10.0.19045.1.256.64bit
    Accept: */*
    Authorization: Bearer eyJhbGciOiJSUzI1NiIsImtpZCI6InN1cGVydml2ZS1yZXZpdmFsLWtleS0xIiwidHlwIjoiSldUIn0.eyJiYW5zIjpbXSwiY2xpZW50X2lkIjoiYmE4ZmI1OWEzNGJiNDgxYWJjYTA4YzQ2YmE0ODgwMjUiLCJjb3VudHJ5IjoiVVMiLCJkaXNwbGF5X25hbWUiOiJSZXZpdmVyIiwiZXhwIjoxNzg2NzM4NjUwLCJpYXQiOjE3ODY2NTIyNTAsImlzX2NvbXBseSI6dHJ1ZSwiamZsZ3MiOjAsIm5hbWVzcGFjZSI6InN1cGVydml2ZSIsIm5iZiI6MTc4NjY1MjE5MCwicGVybWlzc2lvbnMiOlt7IkFjdGlvbiI6MTUsIlJlc291cmNlIjoiTkFNRVNQQUNFOnN1cGVydml2ZToqIn0seyJBY3Rpb24iOjE1LCJSZXNvdXJjZSI6IkFETUlOOk5BTUVTUEFDRTpzdXBlcnZpdmU6KiJ9XSwicm9sZXMiOltdLCJzY29wZSI6ImNvbW1lcmNlIGFjY291bnQgc29jaWFsIHB1Ymxpc2hpbmcgYW5hbHl0aWNzIiwic3ViIjoiOWI5ZDJjODg3ZTI1MjRmOTE4ZTM4M2E4OTVmMmYxYzIiLCJ1bmlxdWVEaXNwbGF5TmFtZSI6IlJldml2ZXIjMDAwMSIsInVuaXF1ZV9kaXNwbGF5X25hbWUiOiJSZXZpdmVyIzAwMDEifQ.S8me6zCTJy1oN7cCA9hQMdHB81PfiOQjPGkisaKCUBzabcSTr1c468GSswCZp1ojqPbBbmOAc-HA5N2o4v-PRiSsk8rqPCyvk3Tx1C5P-rcZZtS-X9XnEtl7wRYgTacQNA_R6vbQgylOOxJ8HarI1u7xWxDlYfxiEDjHEEVHbUlHAE_Oz7PhV80Ms7bc3scLORKG3HPGTqjH9of-EooGUB3k-Xpl9M5eB7A7geV_c8XbzZ0NPELo9dLYVByYKVXzHtk2o0tyzXvdmz-r7FqVYwlN_jOrpiFF_4ti0Wf2ZTI07y-WzKQT1tlXe-OSq86OtwCA0elY-weDLV49mb78gg

#13 18:31:49.377  GET /party/matchmaking/info
    -> 200  (0s)
    User-Agent: Loki/UE5-CL-0 (http-legacy) Windows/10.0.19045.1.256.64bit
    X-Theorycraft-Clientversion: release2.4.live-156430-shipping
    Authorization: Bearer eyJhbGciOiJSUzI1NiIsImtpZCI6InN1cGVydml2ZS1yZXZpdmFsLWtleS0xIiwidHlwIjoiSldUIn0.eyJiYW5zIjpbXSwiY2xpZW50X2lkIjoiYmE4ZmI1OWEzNGJiNDgxYWJjYTA4YzQ2YmE0ODgwMjUiLCJjb3VudHJ5IjoiVVMiLCJkaXNwbGF5X25hbWUiOiJSZXZpdmVyIiwiZXhwIjoxNzg2NzM4NjUwLCJpYXQiOjE3ODY2NTIyNTAsImlzX2NvbXBseSI6dHJ1ZSwiamZsZ3MiOjAsIm5hbWVzcGFjZSI6InN1cGVydml2ZSIsIm5iZiI6MTc4NjY1MjE5MCwicGVybWlzc2lvbnMiOlt7IkFjdGlvbiI6MTUsIlJlc291cmNlIjoiTkFNRVNQQUNFOnN1cGVydml2ZToqIn0seyJBY3Rpb24iOjE1LCJSZXNvdXJjZSI6IkFETUlOOk5BTUVTUEFDRTpzdXBlcnZpdmU6KiJ9XSwicm9sZXMiOltdLCJzY29wZSI6ImNvbW1lcmNlIGFjY291bnQgc29jaWFsIHB1Ymxpc2hpbmcgYW5hbHl0aWNzIiwic3ViIjoiOWI5ZDJjODg3ZTI1MjRmOTE4ZTM4M2E4OTVmMmYxYzIiLCJ1bmlxdWVEaXNwbGF5TmFtZSI6IlJldml2ZXIjMDAwMSIsInVuaXF1ZV9kaXNwbGF5X25hbWUiOiJSZXZpdmVyIzAwMDEifQ.S8me6zCTJy1oN7cCA9hQMdHB81PfiOQjPGkisaKCUBzabcSTr1c468GSswCZp1ojqPbBbmOAc-HA5N2o4v-PRiSsk8rqPCyvk3Tx1C5P-rcZZtS-X9XnEtl7wRYgTacQNA_R6vbQgylOOxJ8HarI1u7xWxDlYfxiEDjHEEVHbUlHAE_Oz7PhV80Ms7bc3scLORKG3HPGTqjH9of-EooGUB3k-Xpl9M5eB7A7geV_c8XbzZ0NPELo9dLYVByYKVXzHtk2o0tyzXvdmz-r7FqVYwlN_jOrpiFF_4ti0Wf2ZTI07y-WzKQT1tlXe-OSq86OtwCA0elY-weDLV49mb78gg
    Accept: */*

* 18:31:49.755  WS <- /lobby TEXT "type: listIncomingFriendsRequest\nid: friends-7884"

#17 18:31:49.559  GET /revival/loadout
    -> 200  (0s)
    User-Agent: supervive-loadout-shim

#18 18:31:49.580  GET /referral/player/9b9d2c887e2524f918e383a895f2f1c2/points
    -> 200  (0s)
    Accept: */*
    X-Theorycraft-Clientversion: release2.4.live-156430-shipping
    Authorization: Bearer eyJhbGciOiJSUzI1NiIsImtpZCI6InN1cGVydml2ZS1yZXZpdmFsLWtleS0xIiwidHlwIjoiSldUIn0.eyJiYW5zIjpbXSwiY2xpZW50X2lkIjoiYmE4ZmI1OWEzNGJiNDgxYWJjYTA4YzQ2YmE0ODgwMjUiLCJjb3VudHJ5IjoiVVMiLCJkaXNwbGF5X25hbWUiOiJSZXZpdmVyIiwiZXhwIjoxNzg2NzM4NjUwLCJpYXQiOjE3ODY2NTIyNTAsImlzX2NvbXBseSI6dHJ1ZSwiamZsZ3MiOjAsIm5hbWVzcGFjZSI6InN1cGVydml2ZSIsIm5iZiI6MTc4NjY1MjE5MCwicGVybWlzc2lvbnMiOlt7IkFjdGlvbiI6MTUsIlJlc291cmNlIjoiTkFNRVNQQUNFOnN1cGVydml2ZToqIn0seyJBY3Rpb24iOjE1LCJSZXNvdXJjZSI6IkFETUlOOk5BTUVTUEFDRTpzdXBlcnZpdmU6KiJ9XSwicm9sZXMiOltdLCJzY29wZSI6ImNvbW1lcmNlIGFjY291bnQgc29jaWFsIHB1Ymxpc2hpbmcgYW5hbHl0aWNzIiwic3ViIjoiOWI5ZDJjODg3ZTI1MjRmOTE4ZTM4M2E4OTVmMmYxYzIiLCJ1bmlxdWVEaXNwbGF5TmFtZSI6IlJldml2ZXIjMDAwMSIsInVuaXF1ZV9kaXNwbGF5X25hbWUiOiJSZXZpdmVyIzAwMDEifQ.S8me6zCTJy1oN7cCA9hQMdHB81PfiOQjPGkisaKCUBzabcSTr1c468GSswCZp1ojqPbBbmOAc-HA5N2o4v-PRiSsk8rqPCyvk3Tx1C5P-rcZZtS-X9XnEtl7wRYgTacQNA_R6vbQgylOOxJ8HarI1u7xWxDlYfxiEDjHEEVHbUlHAE_Oz7PhV80Ms7bc3scLORKG3HPGTqjH9of-EooGUB3k-Xpl9M5eB7A7geV_c8XbzZ0NPELo9dLYVByYKVXzHtk2o0tyzXvdmz-r7FqVYwlN_jOrpiFF_4ti0Wf2ZTI07y-WzKQT1tlXe-OSq86OtwCA0elY-weDLV49mb78gg
    User-Agent: Loki/UE5-CL-0 (http-legacy) Windows/10.0.19045.1.256.64bit

#19 18:31:49.647  PUT /progression/players/9b9d2c887e2524f918e383a895f2f1c2/mission
    -> 200  (0s)
    Accept: */*
    X-Theorycraft-Clientversion: release2.4.live-156430-shipping
    Authorization: Bearer eyJhbGciOiJSUzI1NiIsImtpZCI6InN1cGVydml2ZS1yZXZpdmFsLWtleS0xIiwidHlwIjoiSldUIn0.eyJiYW5zIjpbXSwiY2xpZW50X2lkIjoiYmE4ZmI1OWEzNGJiNDgxYWJjYTA4YzQ2YmE0ODgwMjUiLCJjb3VudHJ5IjoiVVMiLCJkaXNwbGF5X25hbWUiOiJSZXZpdmVyIiwiZXhwIjoxNzg2NzM4NjUwLCJpYXQiOjE3ODY2NTIyNTAsImlzX2NvbXBseSI6dHJ1ZSwiamZsZ3MiOjAsIm5hbWVzcGFjZSI6InN1cGVydml2ZSIsIm5iZiI6MTc4NjY1MjE5MCwicGVybWlzc2lvbnMiOlt7IkFjdGlvbiI6MTUsIlJlc291cmNlIjoiTkFNRVNQQUNFOnN1cGVydml2ZToqIn0seyJBY3Rpb24iOjE1LCJSZXNvdXJjZSI6IkFETUlOOk5BTUVTUEFDRTpzdXBlcnZpdmU6KiJ9XSwicm9sZXMiOltdLCJzY29wZSI6ImNvbW1lcmNlIGFjY291bnQgc29jaWFsIHB1Ymxpc2hpbmcgYW5hbHl0aWNzIiwic3ViIjoiOWI5ZDJjODg3ZTI1MjRmOTE4ZTM4M2E4OTVmMmYxYzIiLCJ1bmlxdWVEaXNwbGF5TmFtZSI6IlJldml2ZXIjMDAwMSIsInVuaXF1ZV9kaXNwbGF5X25hbWUiOiJSZXZpdmVyIzAwMDEifQ.S8me6zCTJy1oN7cCA9hQMdHB81PfiOQjPGkisaKCUBzabcSTr1c468GSswCZp1ojqPbBbmOAc-HA5N2o4v-PRiSsk8rqPCyvk3Tx1C5P-rcZZtS-X9XnEtl7wRYgTacQNA_R6vbQgylOOxJ8HarI1u7xWxDlYfxiEDjHEEVHbUlHAE_Oz7PhV80Ms7bc3scLORKG3HPGTqjH9of-EooGUB3k-Xpl9M5eB7A7geV_c8XbzZ0NPELo9dLYVByYKVXzHtk2o0tyzXvdmz-r7FqVYwlN_jOrpiFF_4ti0Wf2ZTI07y-WzKQT1tlXe-OSq86OtwCA0elY-weDLV49mb78gg
    User-Agent: Loki/UE5-CL-0 (http-legacy) Windows/10.0.19045.1.256.64bit

* 18:31:50.157  WS -> /lobby TEXT "type: listIncomingFriendsResponse\nid: friends-7884\ncode: 0\nfriendsId: []"

* 18:31:50.267  WS <- /lobby TEXT "type: listOutgoingFriendsRequest\nid: friends-3153"

* 18:31:50.325  WS -> /lobby TEXT "type: listOutgoingFriendsResponse\nid: friends-3153\ncode: 0\nfriendsId: []"

#20 18:31:50.351  GET /revival/loadout
    -> 200  (0s)
    User-Agent: supervive-loadout-shim

* 18:31:50.367  WS <- /lobby TEXT "type: listOfFriendsRequest\nid: friends-6707"

* 18:31:50.433  WS -> /lobby TEXT "type: listOfFriendsResponse\nid: friends-6707\ncode: 0\nfriendsId: [f15118aaaaaaaaaaaaaaaaaaaaaaaaaa]"

* 18:31:50.475  WS <- /lobby TEXT "type: setUserStatusRequest\nid: presence-5284\navailability: online\nactivity: eyJhIjoiTWVudXMiLCJjViI6InJlbGVhc2UyLjQubGl2ZS0xNTY0MzAtc2hpcHBpbmciLCJwSWQiOiJwYXJ0eS05YjlkMmM4ODdlMjUyNGY5MThlMzgzYTg5NWYyZjFjMiIsInBRcyI6WyJ0dXRvcmlhbE5ldyJdLCJwTyI6MCwicFMiOjEsIm1QUyI6MywicmsiOjAsInJrUCI6MCwiciI6W10sImF2SWQiOiIiLCJ0IjpbXSwiZHNJZCI6IiJ9\n"

* 18:31:50.517  WS -> /lobby TEXT "type: setUserStatusResponse\nid: presence-5284\ncode: 0"

#21 18:31:50.552  GET /revival/loadout
    -> 200  (0s)
    User-Agent: supervive-loadout-shim

#22 18:31:50.743  GET /revival/loadout
    -> 200  (0s)
    User-Agent: supervive-loadout-shim

* 18:31:50.766  WS <- /lobby TEXT "type: friendsStatusRequest\nid: presence-9383"

* 18:31:50.808  WS <- /lobby TEXT "type: friendsStatusRequest\nid: presence-9474"

#23 18:31:50.917  GET /revival/loadout
    -> 200  (0s)
    User-Agent: supervive-loadout-shim

#24 18:31:51.092  GET /revival/loadout
    -> 200  (0s)
    User-Agent: supervive-loadout-shim

#25 18:31:51.268  GET /revival/loadout
    -> 200  (0s)
    User-Agent: supervive-loadout-shim

#26 18:31:51.444  GET /revival/loadout
    -> 200  (0s)
    User-Agent: supervive-loadout-shim

#27 18:31:51.618  GET /revival/loadout
    -> 200  (0s)
    User-Agent: supervive-loadout-shim

#28 18:31:51.798  GET /revival/loadout
    -> 200  (0s)
    User-Agent: supervive-loadout-shim

#29 18:31:51.968  GET /revival/loadout
    -> 200  (0s)
    User-Agent: supervive-loadout-shim

#30 18:31:52.143  GET /revival/loadout
    -> 200  (0s)
    User-Agent: supervive-loadout-shim

* 18:31:52.221  WS <- /notifications/players/9b9d2c887e2524f918e383a895f2f1c2 CLOSE

* 18:31:52.249  WS closed /notifications/players/9b9d2c887e2524f918e383a895f2f1c2

#31 18:31:49.286  GET /notifications/players/9b9d2c887e2524f918e383a895f2f1c2
    -> 101  (3.013s)
    Authorization: Bearer eyJhbGciOiJSUzI1NiIsImtpZCI6InN1cGVydml2ZS1yZXZpdmFsLWtleS0xIiwidHlwIjoiSldUIn0.eyJiYW5zIjpbXSwiY2xpZW50X2lkIjoiYmE4ZmI1OWEzNGJiNDgxYWJjYTA4YzQ2YmE0ODgwMjUiLCJjb3VudHJ5IjoiVVMiLCJkaXNwbGF5X25hbWUiOiJSZXZpdmVyIiwiZXhwIjoxNzg2NzM4NjUwLCJpYXQiOjE3ODY2NTIyNTAsImlzX2NvbXBseSI6dHJ1ZSwiamZsZ3MiOjAsIm5hbWVzcGFjZSI6InN1cGVydml2ZSIsIm5iZiI6MTc4NjY1MjE5MCwicGVybWlzc2lvbnMiOlt7IkFjdGlvbiI6MTUsIlJlc291cmNlIjoiTkFNRVNQQUNFOnN1cGVydml2ZToqIn0seyJBY3Rpb24iOjE1LCJSZXNvdXJjZSI6IkFETUlOOk5BTUVTUEFDRTpzdXBlcnZpdmU6KiJ9XSwicm9sZXMiOltdLCJzY29wZSI6ImNvbW1lcmNlIGFjY291bnQgc29jaWFsIHB1Ymxpc2hpbmcgYW5hbHl0aWNzIiwic3ViIjoiOWI5ZDJjODg3ZTI1MjRmOTE4ZTM4M2E4OTVmMmYxYzIiLCJ1bmlxdWVEaXNwbGF5TmFtZSI6IlJldml2ZXIjMDAwMSIsInVuaXF1ZV9kaXNwbGF5X25hbWUiOiJSZXZpdmVyIzAwMDEifQ.S8me6zCTJy1oN7cCA9hQMdHB81PfiOQjPGkisaKCUBzabcSTr1c468GSswCZp1ojqPbBbmOAc-HA5N2o4v-PRiSsk8rqPCyvk3Tx1C5P-rcZZtS-X9XnEtl7wRYgTacQNA_R6vbQgylOOxJ8HarI1u7xWxDlYfxiEDjHEEVHbUlHAE_Oz7PhV80Ms7bc3scLORKG3HPGTqjH9of-EooGUB3k-Xpl9M5eB7A7geV_c8XbzZ0NPELo9dLYVByYKVXzHtk2o0tyzXvdmz-r7FqVYwlN_jOrpiFF_4ti0Wf2ZTI07y-WzKQT1tlXe-OSq86OtwCA0elY-weDLV49mb78gg
    X-Theorycraft-Clientversion: release2.4.live-156430-shipping

#32 18:31:52.318  GET /revival/loadout
    -> 200  (0s)
    User-Agent: supervive-loadout-shim

#33 18:31:52.533  GET /revival/loadout
    -> 200  (0s)
    User-Agent: supervive-loadout-shim

#34 18:31:52.709  GET /revival/loadout
    -> 200  (0s)
    User-Agent: supervive-loadout-shim

#35 18:31:52.884  GET /revival/loadout
    -> 200  (0s)
    User-Agent: supervive-loadout-shim

#36 18:31:53.059  GET /revival/loadout
    -> 200  (0s)
    User-Agent: supervive-loadout-shim

#37 18:31:53.106  GET /revival/missions/progress
    -> 200  (0s)
    User-Agent: supervive-missions-shim

* 18:31:53.144  WS connected /notifications/players/9b9d2c887e2524f918e383a895f2f1c2 (subproto="wss") envelope=[""..""]

#38 18:31:53.205  GET /progression/players/9b9d2c887e2524f918e383a895f2f1c2
    -> 200  (0s)
    Authorization: Bearer eyJhbGciOiJSUzI1NiIsImtpZCI6InN1cGVydml2ZS1yZXZpdmFsLWtleS0xIiwidHlwIjoiSldUIn0.eyJiYW5zIjpbXSwiY2xpZW50X2lkIjoiYmE4ZmI1OWEzNGJiNDgxYWJjYTA4YzQ2YmE0ODgwMjUiLCJjb3VudHJ5IjoiVVMiLCJkaXNwbGF5X25hbWUiOiJSZXZpdmVyIiwiZXhwIjoxNzg2NzM4NjUwLCJpYXQiOjE3ODY2NTIyNTAsImlzX2NvbXBseSI6dHJ1ZSwiamZsZ3MiOjAsIm5hbWVzcGFjZSI6InN1cGVydml2ZSIsIm5iZiI6MTc4NjY1MjE5MCwicGVybWlzc2lvbnMiOlt7IkFjdGlvbiI6MTUsIlJlc291cmNlIjoiTkFNRVNQQUNFOnN1cGVydml2ZToqIn0seyJBY3Rpb24iOjE1LCJSZXNvdXJjZSI6IkFETUlOOk5BTUVTUEFDRTpzdXBlcnZpdmU6KiJ9XSwicm9sZXMiOltdLCJzY29wZSI6ImNvbW1lcmNlIGFjY291bnQgc29jaWFsIHB1Ymxpc2hpbmcgYW5hbHl0aWNzIiwic3ViIjoiOWI5ZDJjODg3ZTI1MjRmOTE4ZTM4M2E4OTVmMmYxYzIiLCJ1bmlxdWVEaXNwbGF5TmFtZSI6IlJldml2ZXIjMDAwMSIsInVuaXF1ZV9kaXNwbGF5X25hbWUiOiJSZXZpdmVyIzAwMDEifQ.S8me6zCTJy1oN7cCA9hQMdHB81PfiOQjPGkisaKCUBzabcSTr1c468GSswCZp1ojqPbBbmOAc-HA5N2o4v-PRiSsk8rqPCyvk3Tx1C5P-rcZZtS-X9XnEtl7wRYgTacQNA_R6vbQgylOOxJ8HarI1u7xWxDlYfxiEDjHEEVHbUlHAE_Oz7PhV80Ms7bc3scLORKG3HPGTqjH9of-EooGUB3k-Xpl9M5eB7A7geV_c8XbzZ0NPELo9dLYVByYKVXzHtk2o0tyzXvdmz-r7FqVYwlN_jOrpiFF_4ti0Wf2ZTI07y-WzKQT1tlXe-OSq86OtwCA0elY-weDLV49mb78gg
    User-Agent: Loki/UE5-CL-0 (http-legacy) Windows/10.0.19045.1.256.64bit
    Accept: */*
    X-Theorycraft-Clientversion: release2.4.live-156430-shipping

#39 18:31:53.205  GET /referral/player/9b9d2c887e2524f918e383a895f2f1c2
    -> 200  (0s)
    Accept: */*
    X-Theorycraft-Clientversion: release2.4.live-156430-shipping
    Authorization: Bearer eyJhbGciOiJSUzI1NiIsImtpZCI6InN1cGVydml2ZS1yZXZpdmFsLWtleS0xIiwidHlwIjoiSldUIn0.eyJiYW5zIjpbXSwiY2xpZW50X2lkIjoiYmE4ZmI1OWEzNGJiNDgxYWJjYTA4YzQ2YmE0ODgwMjUiLCJjb3VudHJ5IjoiVVMiLCJkaXNwbGF5X25hbWUiOiJSZXZpdmVyIiwiZXhwIjoxNzg2NzM4NjUwLCJpYXQiOjE3ODY2NTIyNTAsImlzX2NvbXBseSI6dHJ1ZSwiamZsZ3MiOjAsIm5hbWVzcGFjZSI6InN1cGVydml2ZSIsIm5iZiI6MTc4NjY1MjE5MCwicGVybWlzc2lvbnMiOlt7IkFjdGlvbiI6MTUsIlJlc291cmNlIjoiTkFNRVNQQUNFOnN1cGVydml2ZToqIn0seyJBY3Rpb24iOjE1LCJSZXNvdXJjZSI6IkFETUlOOk5BTUVTUEFDRTpzdXBlcnZpdmU6KiJ9XSwicm9sZXMiOltdLCJzY29wZSI6ImNvbW1lcmNlIGFjY291bnQgc29jaWFsIHB1Ymxpc2hpbmcgYW5hbHl0aWNzIiwic3ViIjoiOWI5ZDJjODg3ZTI1MjRmOTE4ZTM4M2E4OTVmMmYxYzIiLCJ1bmlxdWVEaXNwbGF5TmFtZSI6IlJldml2ZXIjMDAwMSIsInVuaXF1ZV9kaXNwbGF5X25hbWUiOiJSZXZpdmVyIzAwMDEifQ.S8me6zCTJy1oN7cCA9hQMdHB81PfiOQjPGkisaKCUBzabcSTr1c468GSswCZp1ojqPbBbmOAc-HA5N2o4v-PRiSsk8rqPCyvk3Tx1C5P-rcZZtS-X9XnEtl7wRYgTacQNA_R6vbQgylOOxJ8HarI1u7xWxDlYfxiEDjHEEVHbUlHAE_Oz7PhV80Ms7bc3scLORKG3HPGTqjH9of-EooGUB3k-Xpl9M5eB7A7geV_c8XbzZ0NPELo9dLYVByYKVXzHtk2o0tyzXvdmz-r7FqVYwlN_jOrpiFF_4ti0Wf2ZTI07y-WzKQT1tlXe-OSq86OtwCA0elY-weDLV49mb78gg
    User-Agent: Loki/UE5-CL-0 (http-legacy) Windows/10.0.19045.1.256.64bit

#40 18:31:53.205  GET /progression/players/9b9d2c887e2524f918e383a895f2f1c2/tracks
    -> 200  (0s)
    X-Theorycraft-Clientversion: release2.4.live-156430-shipping
    Authorization: Bearer eyJhbGciOiJSUzI1NiIsImtpZCI6InN1cGVydml2ZS1yZXZpdmFsLWtleS0xIiwidHlwIjoiSldUIn0.eyJiYW5zIjpbXSwiY2xpZW50X2lkIjoiYmE4ZmI1OWEzNGJiNDgxYWJjYTA4YzQ2YmE0ODgwMjUiLCJjb3VudHJ5IjoiVVMiLCJkaXNwbGF5X25hbWUiOiJSZXZpdmVyIiwiZXhwIjoxNzg2NzM4NjUwLCJpYXQiOjE3ODY2NTIyNTAsImlzX2NvbXBseSI6dHJ1ZSwiamZsZ3MiOjAsIm5hbWVzcGFjZSI6InN1cGVydml2ZSIsIm5iZiI6MTc4NjY1MjE5MCwicGVybWlzc2lvbnMiOlt7IkFjdGlvbiI6MTUsIlJlc291cmNlIjoiTkFNRVNQQUNFOnN1cGVydml2ZToqIn0seyJBY3Rpb24iOjE1LCJSZXNvdXJjZSI6IkFETUlOOk5BTUVTUEFDRTpzdXBlcnZpdmU6KiJ9XSwicm9sZXMiOltdLCJzY29wZSI6ImNvbW1lcmNlIGFjY291bnQgc29jaWFsIHB1Ymxpc2hpbmcgYW5hbHl0aWNzIiwic3ViIjoiOWI5ZDJjODg3ZTI1MjRmOTE4ZTM4M2E4OTVmMmYxYzIiLCJ1bmlxdWVEaXNwbGF5TmFtZSI6IlJldml2ZXIjMDAwMSIsInVuaXF1ZV9kaXNwbGF5X25hbWUiOiJSZXZpdmVyIzAwMDEifQ.S8me6zCTJy1oN7cCA9hQMdHB81PfiOQjPGkisaKCUBzabcSTr1c468GSswCZp1ojqPbBbmOAc-HA5N2o4v-PRiSsk8rqPCyvk3Tx1C5P-rcZZtS-X9XnEtl7wRYgTacQNA_R6vbQgylOOxJ8HarI1u7xWxDlYfxiEDjHEEVHbUlHAE_Oz7PhV80Ms7bc3scLORKG3HPGTqjH9of-EooGUB3k-Xpl9M5eB7A7geV_c8XbzZ0NPELo9dLYVByYKVXzHtk2o0tyzXvdmz-r7FqVYwlN_jOrpiFF_4ti0Wf2ZTI07y-WzKQT1tlXe-OSq86OtwCA0elY-weDLV49mb78gg
    User-Agent: Loki/UE5-CL-0 (http-legacy) Windows/10.0.19045.1.256.64bit
    Accept: */*

#43 18:31:53.206  GET /core-game/players/9b9d2c887e2524f918e383a895f2f1c2
    -> 200  (0s)
    X-Theorycraft-Clientversion: release2.4.live-156430-shipping
    Authorization: Bearer eyJhbGciOiJSUzI1NiIsImtpZCI6InN1cGVydml2ZS1yZXZpdmFsLWtleS0xIiwidHlwIjoiSldUIn0.eyJiYW5zIjpbXSwiY2xpZW50X2lkIjoiYmE4ZmI1OWEzNGJiNDgxYWJjYTA4YzQ2YmE0ODgwMjUiLCJjb3VudHJ5IjoiVVMiLCJkaXNwbGF5X25hbWUiOiJSZXZpdmVyIiwiZXhwIjoxNzg2NzM4NjUwLCJpYXQiOjE3ODY2NTIyNTAsImlzX2NvbXBseSI6dHJ1ZSwiamZsZ3MiOjAsIm5hbWVzcGFjZSI6InN1cGVydml2ZSIsIm5iZiI6MTc4NjY1MjE5MCwicGVybWlzc2lvbnMiOlt7IkFjdGlvbiI6MTUsIlJlc291cmNlIjoiTkFNRVNQQUNFOnN1cGVydml2ZToqIn0seyJBY3Rpb24iOjE1LCJSZXNvdXJjZSI6IkFETUlOOk5BTUVTUEFDRTpzdXBlcnZpdmU6KiJ9XSwicm9sZXMiOltdLCJzY29wZSI6ImNvbW1lcmNlIGFjY291bnQgc29jaWFsIHB1Ymxpc2hpbmcgYW5hbHl0aWNzIiwic3ViIjoiOWI5ZDJjODg3ZTI1MjRmOTE4ZTM4M2E4OTVmMmYxYzIiLCJ1bmlxdWVEaXNwbGF5TmFtZSI6IlJldml2ZXIjMDAwMSIsInVuaXF1ZV9kaXNwbGF5X25hbWUiOiJSZXZpdmVyIzAwMDEifQ.S8me6zCTJy1oN7cCA9hQMdHB81PfiOQjPGkisaKCUBzabcSTr1c468GSswCZp1ojqPbBbmOAc-HA5N2o4v-PRiSsk8rqPCyvk3Tx1C5P-rcZZtS-X9XnEtl7wRYgTacQNA_R6vbQgylOOxJ8HarI1u7xWxDlYfxiEDjHEEVHbUlHAE_Oz7PhV80Ms7bc3scLORKG3HPGTqjH9of-EooGUB3k-Xpl9M5eB7A7geV_c8XbzZ0NPELo9dLYVByYKVXzHtk2o0tyzXvdmz-r7FqVYwlN_jOrpiFF_4ti0Wf2ZTI07y-WzKQT1tlXe-OSq86OtwCA0elY-weDLV49mb78gg
    User-Agent: Loki/UE5-CL-0 (http-legacy) Windows/10.0.19045.1.256.64bit
    Accept: */*

#41 18:31:53.205  GET /inventory/free
    -> 200  (0s)
    X-Theorycraft-Clientversion: release2.4.live-156430-shipping
    Authorization: Bearer eyJhbGciOiJSUzI1NiIsImtpZCI6InN1cGVydml2ZS1yZXZpdmFsLWtleS0xIiwidHlwIjoiSldUIn0.eyJiYW5zIjpbXSwiY2xpZW50X2lkIjoiYmE4ZmI1OWEzNGJiNDgxYWJjYTA4YzQ2YmE0ODgwMjUiLCJjb3VudHJ5IjoiVVMiLCJkaXNwbGF5X25hbWUiOiJSZXZpdmVyIiwiZXhwIjoxNzg2NzM4NjUwLCJpYXQiOjE3ODY2NTIyNTAsImlzX2NvbXBseSI6dHJ1ZSwiamZsZ3MiOjAsIm5hbWVzcGFjZSI6InN1cGVydml2ZSIsIm5iZiI6MTc4NjY1MjE5MCwicGVybWlzc2lvbnMiOlt7IkFjdGlvbiI6MTUsIlJlc291cmNlIjoiTkFNRVNQQUNFOnN1cGVydml2ZToqIn0seyJBY3Rpb24iOjE1LCJSZXNvdXJjZSI6IkFETUlOOk5BTUVTUEFDRTpzdXBlcnZpdmU6KiJ9XSwicm9sZXMiOltdLCJzY29wZSI6ImNvbW1lcmNlIGFjY291bnQgc29jaWFsIHB1Ymxpc2hpbmcgYW5hbHl0aWNzIiwic3ViIjoiOWI5ZDJjODg3ZTI1MjRmOTE4ZTM4M2E4OTVmMmYxYzIiLCJ1bmlxdWVEaXNwbGF5TmFtZSI6IlJldml2ZXIjMDAwMSIsInVuaXF1ZV9kaXNwbGF5X25hbWUiOiJSZXZpdmVyIzAwMDEifQ.S8me6zCTJy1oN7cCA9hQMdHB81PfiOQjPGkisaKCUBzabcSTr1c468GSswCZp1ojqPbBbmOAc-HA5N2o4v-PRiSsk8rqPCyvk3Tx1C5P-rcZZtS-X9XnEtl7wRYgTacQNA_R6vbQgylOOxJ8HarI1u7xWxDlYfxiEDjHEEVHbUlHAE_Oz7PhV80Ms7bc3scLORKG3HPGTqjH9of-EooGUB3k-Xpl9M5eB7A7geV_c8XbzZ0NPELo9dLYVByYKVXzHtk2o0tyzXvdmz-r7FqVYwlN_jOrpiFF_4ti0Wf2ZTI07y-WzKQT1tlXe-OSq86OtwCA0elY-weDLV49mb78gg
    User-Agent: Loki/UE5-CL-0 (http-legacy) Windows/10.0.19045.1.256.64bit
    Accept: */*

#42 18:31:53.206  GET /match-history/players/9b9d2c887e2524f918e383a895f2f1c2
    -> 200  (0s)
    Accept: */*
    X-Theorycraft-Clientversion: release2.4.live-156430-shipping
    Authorization: Bearer eyJhbGciOiJSUzI1NiIsImtpZCI6InN1cGVydml2ZS1yZXZpdmFsLWtleS0xIiwidHlwIjoiSldUIn0.eyJiYW5zIjpbXSwiY2xpZW50X2lkIjoiYmE4ZmI1OWEzNGJiNDgxYWJjYTA4YzQ2YmE0ODgwMjUiLCJjb3VudHJ5IjoiVVMiLCJkaXNwbGF5X25hbWUiOiJSZXZpdmVyIiwiZXhwIjoxNzg2NzM4NjUwLCJpYXQiOjE3ODY2NTIyNTAsImlzX2NvbXBseSI6dHJ1ZSwiamZsZ3MiOjAsIm5hbWVzcGFjZSI6InN1cGVydml2ZSIsIm5iZiI6MTc4NjY1MjE5MCwicGVybWlzc2lvbnMiOlt7IkFjdGlvbiI6MTUsIlJlc291cmNlIjoiTkFNRVNQQUNFOnN1cGVydml2ZToqIn0seyJBY3Rpb24iOjE1LCJSZXNvdXJjZSI6IkFETUlOOk5BTUVTUEFDRTpzdXBlcnZpdmU6KiJ9XSwicm9sZXMiOltdLCJzY29wZSI6ImNvbW1lcmNlIGFjY291bnQgc29jaWFsIHB1Ymxpc2hpbmcgYW5hbHl0aWNzIiwic3ViIjoiOWI5ZDJjODg3ZTI1MjRmOTE4ZTM4M2E4OTVmMmYxYzIiLCJ1bmlxdWVEaXNwbGF5TmFtZSI6IlJldml2ZXIjMDAwMSIsInVuaXF1ZV9kaXNwbGF5X25hbWUiOiJSZXZpdmVyIzAwMDEifQ.S8me6zCTJy1oN7cCA9hQMdHB81PfiOQjPGkisaKCUBzabcSTr1c468GSswCZp1ojqPbBbmOAc-HA5N2o4v-PRiSsk8rqPCyvk3Tx1C5P-rcZZtS-X9XnEtl7wRYgTacQNA_R6vbQgylOOxJ8HarI1u7xWxDlYfxiEDjHEEVHbUlHAE_Oz7PhV80Ms7bc3scLORKG3HPGTqjH9of-EooGUB3k-Xpl9M5eB7A7geV_c8XbzZ0NPELo9dLYVByYKVXzHtk2o0tyzXvdmz-r7FqVYwlN_jOrpiFF_4ti0Wf2ZTI07y-WzKQT1tlXe-OSq86OtwCA0elY-weDLV49mb78gg
    User-Agent: Loki/UE5-CL-0 (http-legacy) Windows/10.0.19045.1.256.64bit

#44 18:31:53.209  GET /core-game/regions
    -> 200  (0s)
    X-Theorycraft-Clientversion: release2.4.live-156430-shipping
    Authorization: Bearer eyJhbGciOiJSUzI1NiIsImtpZCI6InN1cGVydml2ZS1yZXZpdmFsLWtleS0xIiwidHlwIjoiSldUIn0.eyJiYW5zIjpbXSwiY2xpZW50X2lkIjoiYmE4ZmI1OWEzNGJiNDgxYWJjYTA4YzQ2YmE0ODgwMjUiLCJjb3VudHJ5IjoiVVMiLCJkaXNwbGF5X25hbWUiOiJSZXZpdmVyIiwiZXhwIjoxNzg2NzM4NjUwLCJpYXQiOjE3ODY2NTIyNTAsImlzX2NvbXBseSI6dHJ1ZSwiamZsZ3MiOjAsIm5hbWVzcGFjZSI6InN1cGVydml2ZSIsIm5iZiI6MTc4NjY1MjE5MCwicGVybWlzc2lvbnMiOlt7IkFjdGlvbiI6MTUsIlJlc291cmNlIjoiTkFNRVNQQUNFOnN1cGVydml2ZToqIn0seyJBY3Rpb24iOjE1LCJSZXNvdXJjZSI6IkFETUlOOk5BTUVTUEFDRTpzdXBlcnZpdmU6KiJ9XSwicm9sZXMiOltdLCJzY29wZSI6ImNvbW1lcmNlIGFjY291bnQgc29jaWFsIHB1Ymxpc2hpbmcgYW5hbHl0aWNzIiwic3ViIjoiOWI5ZDJjODg3ZTI1MjRmOTE4ZTM4M2E4OTVmMmYxYzIiLCJ1bmlxdWVEaXNwbGF5TmFtZSI6IlJldml2ZXIjMDAwMSIsInVuaXF1ZV9kaXNwbGF5X25hbWUiOiJSZXZpdmVyIzAwMDEifQ.S8me6zCTJy1oN7cCA9hQMdHB81PfiOQjPGkisaKCUBzabcSTr1c468GSswCZp1ojqPbBbmOAc-HA5N2o4v-PRiSsk8rqPCyvk3Tx1C5P-rcZZtS-X9XnEtl7wRYgTacQNA_R6vbQgylOOxJ8HarI1u7xWxDlYfxiEDjHEEVHbUlHAE_Oz7PhV80Ms7bc3scLORKG3HPGTqjH9of-EooGUB3k-Xpl9M5eB7A7geV_c8XbzZ0NPELo9dLYVByYKVXzHtk2o0tyzXvdmz-r7FqVYwlN_jOrpiFF_4ti0Wf2ZTI07y-WzKQT1tlXe-OSq86OtwCA0elY-weDLV49mb78gg
    User-Agent: Loki/UE5-CL-0 (http-legacy) Windows/10.0.19045.1.256.64bit
    Accept: */*

#45 18:31:53.206  GET /party/parties/party-9b9d2c887e2524f918e383a895f2f1c2
    -> 200  (2ms)
    User-Agent: Loki/UE5-CL-0 (http-legacy) Windows/10.0.19045.1.256.64bit
    Accept: */*
    X-Theorycraft-Clientversion: release2.4.live-156430-shipping
    Authorization: Bearer eyJhbGciOiJSUzI1NiIsImtpZCI6InN1cGVydml2ZS1yZXZpdmFsLWtleS0xIiwidHlwIjoiSldUIn0.eyJiYW5zIjpbXSwiY2xpZW50X2lkIjoiYmE4ZmI1OWEzNGJiNDgxYWJjYTA4YzQ2YmE0ODgwMjUiLCJjb3VudHJ5IjoiVVMiLCJkaXNwbGF5X25hbWUiOiJSZXZpdmVyIiwiZXhwIjoxNzg2NzM4NjUwLCJpYXQiOjE3ODY2NTIyNTAsImlzX2NvbXBseSI6dHJ1ZSwiamZsZ3MiOjAsIm5hbWVzcGFjZSI6InN1cGVydml2ZSIsIm5iZiI6MTc4NjY1MjE5MCwicGVybWlzc2lvbnMiOlt7IkFjdGlvbiI6MTUsIlJlc291cmNlIjoiTkFNRVNQQUNFOnN1cGVydml2ZToqIn0seyJBY3Rpb24iOjE1LCJSZXNvdXJjZSI6IkFETUlOOk5BTUVTUEFDRTpzdXBlcnZpdmU6KiJ9XSwicm9sZXMiOltdLCJzY29wZSI6ImNvbW1lcmNlIGFjY291bnQgc29jaWFsIHB1Ymxpc2hpbmcgYW5hbHl0aWNzIiwic3ViIjoiOWI5ZDJjODg3ZTI1MjRmOTE4ZTM4M2E4OTVmMmYxYzIiLCJ1bmlxdWVEaXNwbGF5TmFtZSI6IlJldml2ZXIjMDAwMSIsInVuaXF1ZV9kaXNwbGF5X25hbWUiOiJSZXZpdmVyIzAwMDEifQ.S8me6zCTJy1oN7cCA9hQMdHB81PfiOQjPGkisaKCUBzabcSTr1c468GSswCZp1ojqPbBbmOAc-HA5N2o4v-PRiSsk8rqPCyvk3Tx1C5P-rcZZtS-X9XnEtl7wRYgTacQNA_R6vbQgylOOxJ8HarI1u7xWxDlYfxiEDjHEEVHbUlHAE_Oz7PhV80Ms7bc3scLORKG3HPGTqjH9of-EooGUB3k-Xpl9M5eB7A7geV_c8XbzZ0NPELo9dLYVByYKVXzHtk2o0tyzXvdmz-r7FqVYwlN_jOrpiFF_4ti0Wf2ZTI07y-WzKQT1tlXe-OSq86OtwCA0elY-weDLV49mb78gg

#46 18:31:53.209  GET /party/players/9b9d2c887e2524f918e383a895f2f1c2?defaultQueue=tutorialNew
    -> 200  (0s)
    Accept: */*
    X-Theorycraft-Clientversion: release2.4.live-156430-shipping
    Authorization: Bearer eyJhbGciOiJSUzI1NiIsImtpZCI6InN1cGVydml2ZS1yZXZpdmFsLWtleS0xIiwidHlwIjoiSldUIn0.eyJiYW5zIjpbXSwiY2xpZW50X2lkIjoiYmE4ZmI1OWEzNGJiNDgxYWJjYTA4YzQ2YmE0ODgwMjUiLCJjb3VudHJ5IjoiVVMiLCJkaXNwbGF5X25hbWUiOiJSZXZpdmVyIiwiZXhwIjoxNzg2NzM4NjUwLCJpYXQiOjE3ODY2NTIyNTAsImlzX2NvbXBseSI6dHJ1ZSwiamZsZ3MiOjAsIm5hbWVzcGFjZSI6InN1cGVydml2ZSIsIm5iZiI6MTc4NjY1MjE5MCwicGVybWlzc2lvbnMiOlt7IkFjdGlvbiI6MTUsIlJlc291cmNlIjoiTkFNRVNQQUNFOnN1cGVydml2ZToqIn0seyJBY3Rpb24iOjE1LCJSZXNvdXJjZSI6IkFETUlOOk5BTUVTUEFDRTpzdXBlcnZpdmU6KiJ9XSwicm9sZXMiOltdLCJzY29wZSI6ImNvbW1lcmNlIGFjY291bnQgc29jaWFsIHB1Ymxpc2hpbmcgYW5hbHl0aWNzIiwic3ViIjoiOWI5ZDJjODg3ZTI1MjRmOTE4ZTM4M2E4OTVmMmYxYzIiLCJ1bmlxdWVEaXNwbGF5TmFtZSI6IlJldml2ZXIjMDAwMSIsInVuaXF1ZV9kaXNwbGF5X25hbWUiOiJSZXZpdmVyIzAwMDEifQ.S8me6zCTJy1oN7cCA9hQMdHB81PfiOQjPGkisaKCUBzabcSTr1c468GSswCZp1ojqPbBbmOAc-HA5N2o4v-PRiSsk8rqPCyvk3Tx1C5P-rcZZtS-X9XnEtl7wRYgTacQNA_R6vbQgylOOxJ8HarI1u7xWxDlYfxiEDjHEEVHbUlHAE_Oz7PhV80Ms7bc3scLORKG3HPGTqjH9of-EooGUB3k-Xpl9M5eB7A7geV_c8XbzZ0NPELo9dLYVByYKVXzHtk2o0tyzXvdmz-r7FqVYwlN_jOrpiFF_4ti0Wf2ZTI07y-WzKQT1tlXe-OSq86OtwCA0elY-weDLV49mb78gg
    User-Agent: Loki/UE5-CL-0 (http-legacy) Windows/10.0.19045.1.256.64bit

#48 18:31:53.206  GET /inventory/players/9b9d2c887e2524f918e383a895f2f1c2
    -> 200  (4ms)
    Accept: */*
    X-Theorycraft-Clientversion: release2.4.live-156430-shipping
    Authorization: Bearer eyJhbGciOiJSUzI1NiIsImtpZCI6InN1cGVydml2ZS1yZXZpdmFsLWtleS0xIiwidHlwIjoiSldUIn0.eyJiYW5zIjpbXSwiY2xpZW50X2lkIjoiYmE4ZmI1OWEzNGJiNDgxYWJjYTA4YzQ2YmE0ODgwMjUiLCJjb3VudHJ5IjoiVVMiLCJkaXNwbGF5X25hbWUiOiJSZXZpdmVyIiwiZXhwIjoxNzg2NzM4NjUwLCJpYXQiOjE3ODY2NTIyNTAsImlzX2NvbXBseSI6dHJ1ZSwiamZsZ3MiOjAsIm5hbWVzcGFjZSI6InN1cGVydml2ZSIsIm5iZiI6MTc4NjY1MjE5MCwicGVybWlzc2lvbnMiOlt7IkFjdGlvbiI6MTUsIlJlc291cmNlIjoiTkFNRVNQQUNFOnN1cGVydml2ZToqIn0seyJBY3Rpb24iOjE1LCJSZXNvdXJjZSI6IkFETUlOOk5BTUVTUEFDRTpzdXBlcnZpdmU6KiJ9XSwicm9sZXMiOltdLCJzY29wZSI6ImNvbW1lcmNlIGFjY291bnQgc29jaWFsIHB1Ymxpc2hpbmcgYW5hbHl0aWNzIiwic3ViIjoiOWI5ZDJjODg3ZTI1MjRmOTE4ZTM4M2E4OTVmMmYxYzIiLCJ1bmlxdWVEaXNwbGF5TmFtZSI6IlJldml2ZXIjMDAwMSIsInVuaXF1ZV9kaXNwbGF5X25hbWUiOiJSZXZpdmVyIzAwMDEifQ.S8me6zCTJy1oN7cCA9hQMdHB81PfiOQjPGkisaKCUBzabcSTr1c468GSswCZp1ojqPbBbmOAc-HA5N2o4v-PRiSsk8rqPCyvk3Tx1C5P-rcZZtS-X9XnEtl7wRYgTacQNA_R6vbQgylOOxJ8HarI1u7xWxDlYfxiEDjHEEVHbUlHAE_Oz7PhV80Ms7bc3scLORKG3HPGTqjH9of-EooGUB3k-Xpl9M5eB7A7geV_c8XbzZ0NPELo9dLYVByYKVXzHtk2o0tyzXvdmz-r7FqVYwlN_jOrpiFF_4ti0Wf2ZTI07y-WzKQT1tlXe-OSq86OtwCA0elY-weDLV49mb78gg
    User-Agent: Loki/UE5-CL-0 (http-legacy) Windows/10.0.19045.1.256.64bit

#50 18:31:53.211  GET /party/matchmaking/info
    -> 200  (1ms)
    X-Theorycraft-Clientversion: release2.4.live-156430-shipping
    Authorization: Bearer eyJhbGciOiJSUzI1NiIsImtpZCI6InN1cGVydml2ZS1yZXZpdmFsLWtleS0xIiwidHlwIjoiSldUIn0.eyJiYW5zIjpbXSwiY2xpZW50X2lkIjoiYmE4ZmI1OWEzNGJiNDgxYWJjYTA4YzQ2YmE0ODgwMjUiLCJjb3VudHJ5IjoiVVMiLCJkaXNwbGF5X25hbWUiOiJSZXZpdmVyIiwiZXhwIjoxNzg2NzM4NjUwLCJpYXQiOjE3ODY2NTIyNTAsImlzX2NvbXBseSI6dHJ1ZSwiamZsZ3MiOjAsIm5hbWVzcGFjZSI6InN1cGVydml2ZSIsIm5iZiI6MTc4NjY1MjE5MCwicGVybWlzc2lvbnMiOlt7IkFjdGlvbiI6MTUsIlJlc291cmNlIjoiTkFNRVNQQUNFOnN1cGVydml2ZToqIn0seyJBY3Rpb24iOjE1LCJSZXNvdXJjZSI6IkFETUlOOk5BTUVTUEFDRTpzdXBlcnZpdmU6KiJ9XSwicm9sZXMiOltdLCJzY29wZSI6ImNvbW1lcmNlIGFjY291bnQgc29jaWFsIHB1Ymxpc2hpbmcgYW5hbHl0aWNzIiwic3ViIjoiOWI5ZDJjODg3ZTI1MjRmOTE4ZTM4M2E4OTVmMmYxYzIiLCJ1bmlxdWVEaXNwbGF5TmFtZSI6IlJldml2ZXIjMDAwMSIsInVuaXF1ZV9kaXNwbGF5X25hbWUiOiJSZXZpdmVyIzAwMDEifQ.S8me6zCTJy1oN7cCA9hQMdHB81PfiOQjPGkisaKCUBzabcSTr1c468GSswCZp1ojqPbBbmOAc-HA5N2o4v-PRiSsk8rqPCyvk3Tx1C5P-rcZZtS-X9XnEtl7wRYgTacQNA_R6vbQgylOOxJ8HarI1u7xWxDlYfxiEDjHEEVHbUlHAE_Oz7PhV80Ms7bc3scLORKG3HPGTqjH9of-EooGUB3k-Xpl9M5eB7A7geV_c8XbzZ0NPELo9dLYVByYKVXzHtk2o0tyzXvdmz-r7FqVYwlN_jOrpiFF_4ti0Wf2ZTI07y-WzKQT1tlXe-OSq86OtwCA0elY-weDLV49mb78gg
    User-Agent: Loki/UE5-CL-0 (http-legacy) Windows/10.0.19045.1.256.64bit
    Accept: */*

#51 18:31:53.212  GET /mailbox/config/version
    -> 200  (0s)
    X-Theorycraft-Clientversion: release2.4.live-156430-shipping
    Authorization: Bearer eyJhbGciOiJSUzI1NiIsImtpZCI6InN1cGVydml2ZS1yZXZpdmFsLWtleS0xIiwidHlwIjoiSldUIn0.eyJiYW5zIjpbXSwiY2xpZW50X2lkIjoiYmE4ZmI1OWEzNGJiNDgxYWJjYTA4YzQ2YmE0ODgwMjUiLCJjb3VudHJ5IjoiVVMiLCJkaXNwbGF5X25hbWUiOiJSZXZpdmVyIiwiZXhwIjoxNzg2NzM4NjUwLCJpYXQiOjE3ODY2NTIyNTAsImlzX2NvbXBseSI6dHJ1ZSwiamZsZ3MiOjAsIm5hbWVzcGFjZSI6InN1cGVydml2ZSIsIm5iZiI6MTc4NjY1MjE5MCwicGVybWlzc2lvbnMiOlt7IkFjdGlvbiI6MTUsIlJlc291cmNlIjoiTkFNRVNQQUNFOnN1cGVydml2ZToqIn0seyJBY3Rpb24iOjE1LCJSZXNvdXJjZSI6IkFETUlOOk5BTUVTUEFDRTpzdXBlcnZpdmU6KiJ9XSwicm9sZXMiOltdLCJzY29wZSI6ImNvbW1lcmNlIGFjY291bnQgc29jaWFsIHB1Ymxpc2hpbmcgYW5hbHl0aWNzIiwic3ViIjoiOWI5ZDJjODg3ZTI1MjRmOTE4ZTM4M2E4OTVmMmYxYzIiLCJ1bmlxdWVEaXNwbGF5TmFtZSI6IlJldml2ZXIjMDAwMSIsInVuaXF1ZV9kaXNwbGF5X25hbWUiOiJSZXZpdmVyIzAwMDEifQ.S8me6zCTJy1oN7cCA9hQMdHB81PfiOQjPGkisaKCUBzabcSTr1c468GSswCZp1ojqPbBbmOAc-HA5N2o4v-PRiSsk8rqPCyvk3Tx1C5P-rcZZtS-X9XnEtl7wRYgTacQNA_R6vbQgylOOxJ8HarI1u7xWxDlYfxiEDjHEEVHbUlHAE_Oz7PhV80Ms7bc3scLORKG3HPGTqjH9of-EooGUB3k-Xpl9M5eB7A7geV_c8XbzZ0NPELo9dLYVByYKVXzHtk2o0tyzXvdmz-r7FqVYwlN_jOrpiFF_4ti0Wf2ZTI07y-WzKQT1tlXe-OSq86OtwCA0elY-weDLV49mb78gg
    User-Agent: Loki/UE5-CL-0 (http-legacy) Windows/10.0.19045.1.256.64bit
    Accept: */*

#47 18:31:53.209  GET /mmr/player-ratings/9b9d2c887e2524f918e383a895f2f1c2/rank
    -> 200  (0s)
    X-Theorycraft-Clientversion: release2.4.live-156430-shipping
    Authorization: Bearer eyJhbGciOiJSUzI1NiIsImtpZCI6InN1cGVydml2ZS1yZXZpdmFsLWtleS0xIiwidHlwIjoiSldUIn0.eyJiYW5zIjpbXSwiY2xpZW50X2lkIjoiYmE4ZmI1OWEzNGJiNDgxYWJjYTA4YzQ2YmE0ODgwMjUiLCJjb3VudHJ5IjoiVVMiLCJkaXNwbGF5X25hbWUiOiJSZXZpdmVyIiwiZXhwIjoxNzg2NzM4NjUwLCJpYXQiOjE3ODY2NTIyNTAsImlzX2NvbXBseSI6dHJ1ZSwiamZsZ3MiOjAsIm5hbWVzcGFjZSI6InN1cGVydml2ZSIsIm5iZiI6MTc4NjY1MjE5MCwicGVybWlzc2lvbnMiOlt7IkFjdGlvbiI6MTUsIlJlc291cmNlIjoiTkFNRVNQQUNFOnN1cGVydml2ZToqIn0seyJBY3Rpb24iOjE1LCJSZXNvdXJjZSI6IkFETUlOOk5BTUVTUEFDRTpzdXBlcnZpdmU6KiJ9XSwicm9sZXMiOltdLCJzY29wZSI6ImNvbW1lcmNlIGFjY291bnQgc29jaWFsIHB1Ymxpc2hpbmcgYW5hbHl0aWNzIiwic3ViIjoiOWI5ZDJjODg3ZTI1MjRmOTE4ZTM4M2E4OTVmMmYxYzIiLCJ1bmlxdWVEaXNwbGF5TmFtZSI6IlJldml2ZXIjMDAwMSIsInVuaXF1ZV9kaXNwbGF5X25hbWUiOiJSZXZpdmVyIzAwMDEifQ.S8me6zCTJy1oN7cCA9hQMdHB81PfiOQjPGkisaKCUBzabcSTr1c468GSswCZp1ojqPbBbmOAc-HA5N2o4v-PRiSsk8rqPCyvk3Tx1C5P-rcZZtS-X9XnEtl7wRYgTacQNA_R6vbQgylOOxJ8HarI1u7xWxDlYfxiEDjHEEVHbUlHAE_Oz7PhV80Ms7bc3scLORKG3HPGTqjH9of-EooGUB3k-Xpl9M5eB7A7geV_c8XbzZ0NPELo9dLYVByYKVXzHtk2o0tyzXvdmz-r7FqVYwlN_jOrpiFF_4ti0Wf2ZTI07y-WzKQT1tlXe-OSq86OtwCA0elY-weDLV49mb78gg
    User-Agent: Loki/UE5-CL-0 (http-legacy) Windows/10.0.19045.1.256.64bit
    Accept: */*

#49 18:31:53.211  GET /party/matchmaking/customGameModes
    -> 200  (0s)
    Authorization: Bearer eyJhbGciOiJSUzI1NiIsImtpZCI6InN1cGVydml2ZS1yZXZpdmFsLWtleS0xIiwidHlwIjoiSldUIn0.eyJiYW5zIjpbXSwiY2xpZW50X2lkIjoiYmE4ZmI1OWEzNGJiNDgxYWJjYTA4YzQ2YmE0ODgwMjUiLCJjb3VudHJ5IjoiVVMiLCJkaXNwbGF5X25hbWUiOiJSZXZpdmVyIiwiZXhwIjoxNzg2NzM4NjUwLCJpYXQiOjE3ODY2NTIyNTAsImlzX2NvbXBseSI6dHJ1ZSwiamZsZ3MiOjAsIm5hbWVzcGFjZSI6InN1cGVydml2ZSIsIm5iZiI6MTc4NjY1MjE5MCwicGVybWlzc2lvbnMiOlt7IkFjdGlvbiI6MTUsIlJlc291cmNlIjoiTkFNRVNQQUNFOnN1cGVydml2ZToqIn0seyJBY3Rpb24iOjE1LCJSZXNvdXJjZSI6IkFETUlOOk5BTUVTUEFDRTpzdXBlcnZpdmU6KiJ9XSwicm9sZXMiOltdLCJzY29wZSI6ImNvbW1lcmNlIGFjY291bnQgc29jaWFsIHB1Ymxpc2hpbmcgYW5hbHl0aWNzIiwic3ViIjoiOWI5ZDJjODg3ZTI1MjRmOTE4ZTM4M2E4OTVmMmYxYzIiLCJ1bmlxdWVEaXNwbGF5TmFtZSI6IlJldml2ZXIjMDAwMSIsInVuaXF1ZV9kaXNwbGF5X25hbWUiOiJSZXZpdmVyIzAwMDEifQ.S8me6zCTJy1oN7cCA9hQMdHB81PfiOQjPGkisaKCUBzabcSTr1c468GSswCZp1ojqPbBbmOAc-HA5N2o4v-PRiSsk8rqPCyvk3Tx1C5P-rcZZtS-X9XnEtl7wRYgTacQNA_R6vbQgylOOxJ8HarI1u7xWxDlYfxiEDjHEEVHbUlHAE_Oz7PhV80Ms7bc3scLORKG3HPGTqjH9of-EooGUB3k-Xpl9M5eB7A7geV_c8XbzZ0NPELo9dLYVByYKVXzHtk2o0tyzXvdmz-r7FqVYwlN_jOrpiFF_4ti0Wf2ZTI07y-WzKQT1tlXe-OSq86OtwCA0elY-weDLV49mb78gg
    User-Agent: Loki/UE5-CL-0 (http-legacy) Windows/10.0.19045.1.256.64bit
    Accept: */*
    X-Theorycraft-Clientversion: release2.4.live-156430-shipping

#52 18:31:53.206  GET /storefront/heroes
    -> 200  (0s)
    User-Agent: Loki/UE5-CL-0 (http-legacy) Windows/10.0.19045.1.256.64bit
    Accept: */*
    X-Theorycraft-Clientversion: release2.4.live-156430-shipping
    Authorization: Bearer eyJhbGciOiJSUzI1NiIsImtpZCI6InN1cGVydml2ZS1yZXZpdmFsLWtleS0xIiwidHlwIjoiSldUIn0.eyJiYW5zIjpbXSwiY2xpZW50X2lkIjoiYmE4ZmI1OWEzNGJiNDgxYWJjYTA4YzQ2YmE0ODgwMjUiLCJjb3VudHJ5IjoiVVMiLCJkaXNwbGF5X25hbWUiOiJSZXZpdmVyIiwiZXhwIjoxNzg2NzM4NjUwLCJpYXQiOjE3ODY2NTIyNTAsImlzX2NvbXBseSI6dHJ1ZSwiamZsZ3MiOjAsIm5hbWVzcGFjZSI6InN1cGVydml2ZSIsIm5iZiI6MTc4NjY1MjE5MCwicGVybWlzc2lvbnMiOlt7IkFjdGlvbiI6MTUsIlJlc291cmNlIjoiTkFNRVNQQUNFOnN1cGVydml2ZToqIn0seyJBY3Rpb24iOjE1LCJSZXNvdXJjZSI6IkFETUlOOk5BTUVTUEFDRTpzdXBlcnZpdmU6KiJ9XSwicm9sZXMiOltdLCJzY29wZSI6ImNvbW1lcmNlIGFjY291bnQgc29jaWFsIHB1Ymxpc2hpbmcgYW5hbHl0aWNzIiwic3ViIjoiOWI5ZDJjODg3ZTI1MjRmOTE4ZTM4M2E4OTVmMmYxYzIiLCJ1bmlxdWVEaXNwbGF5TmFtZSI6IlJldml2ZXIjMDAwMSIsInVuaXF1ZV9kaXNwbGF5X25hbWUiOiJSZXZpdmVyIzAwMDEifQ.S8me6zCTJy1oN7cCA9hQMdHB81PfiOQjPGkisaKCUBzabcSTr1c468GSswCZp1ojqPbBbmOAc-HA5N2o4v-PRiSsk8rqPCyvk3Tx1C5P-rcZZtS-X9XnEtl7wRYgTacQNA_R6vbQgylOOxJ8HarI1u7xWxDlYfxiEDjHEEVHbUlHAE_Oz7PhV80Ms7bc3scLORKG3HPGTqjH9of-EooGUB3k-Xpl9M5eB7A7geV_c8XbzZ0NPELo9dLYVByYKVXzHtk2o0tyzXvdmz-r7FqVYwlN_jOrpiFF_4ti0Wf2ZTI07y-WzKQT1tlXe-OSq86OtwCA0elY-weDLV49mb78gg

#54 18:31:53.280  GET /referral/player/9b9d2c887e2524f918e383a895f2f1c2/points
    -> 200  (0s)
    Accept: */*
    X-Theorycraft-Clientversion: release2.4.live-156430-shipping
    Authorization: Bearer eyJhbGciOiJSUzI1NiIsImtpZCI6InN1cGVydml2ZS1yZXZpdmFsLWtleS0xIiwidHlwIjoiSldUIn0.eyJiYW5zIjpbXSwiY2xpZW50X2lkIjoiYmE4ZmI1OWEzNGJiNDgxYWJjYTA4YzQ2YmE0ODgwMjUiLCJjb3VudHJ5IjoiVVMiLCJkaXNwbGF5X25hbWUiOiJSZXZpdmVyIiwiZXhwIjoxNzg2NzM4NjUwLCJpYXQiOjE3ODY2NTIyNTAsImlzX2NvbXBseSI6dHJ1ZSwiamZsZ3MiOjAsIm5hbWVzcGFjZSI6InN1cGVydml2ZSIsIm5iZiI6MTc4NjY1MjE5MCwicGVybWlzc2lvbnMiOlt7IkFjdGlvbiI6MTUsIlJlc291cmNlIjoiTkFNRVNQQUNFOnN1cGVydml2ZToqIn0seyJBY3Rpb24iOjE1LCJSZXNvdXJjZSI6IkFETUlOOk5BTUVTUEFDRTpzdXBlcnZpdmU6KiJ9XSwicm9sZXMiOltdLCJzY29wZSI6ImNvbW1lcmNlIGFjY291bnQgc29jaWFsIHB1Ymxpc2hpbmcgYW5hbHl0aWNzIiwic3ViIjoiOWI5ZDJjODg3ZTI1MjRmOTE4ZTM4M2E4OTVmMmYxYzIiLCJ1bmlxdWVEaXNwbGF5TmFtZSI6IlJldml2ZXIjMDAwMSIsInVuaXF1ZV9kaXNwbGF5X25hbWUiOiJSZXZpdmVyIzAwMDEifQ.S8me6zCTJy1oN7cCA9hQMdHB81PfiOQjPGkisaKCUBzabcSTr1c468GSswCZp1ojqPbBbmOAc-HA5N2o4v-PRiSsk8rqPCyvk3Tx1C5P-rcZZtS-X9XnEtl7wRYgTacQNA_R6vbQgylOOxJ8HarI1u7xWxDlYfxiEDjHEEVHbUlHAE_Oz7PhV80Ms7bc3scLORKG3HPGTqjH9of-EooGUB3k-Xpl9M5eB7A7geV_c8XbzZ0NPELo9dLYVByYKVXzHtk2o0tyzXvdmz-r7FqVYwlN_jOrpiFF_4ti0Wf2ZTI07y-WzKQT1tlXe-OSq86OtwCA0elY-weDLV49mb78gg
    User-Agent: Loki/UE5-CL-0 (http-legacy) Windows/10.0.19045.1.256.64bit

#53 18:31:53.234  GET /revival/loadout
    -> 200  (0s)
    User-Agent: supervive-loadout-shim

#55 18:31:53.943  GET /revival/loadout
    -> 200  (0s)
    User-Agent: supervive-loadout-shim

#56 18:31:54.127  GET /revival/loadout
    -> 200  (0s)
    User-Agent: supervive-loadout-shim

#57 18:31:54.300  GET /revival/loadout
    -> 200  (0s)
    User-Agent: supervive-loadout-shim

#58 18:31:54.476  GET /revival/loadout
    -> 200  (0s)
    User-Agent: supervive-loadout-shim

#59 18:31:54.650  GET /revival/loadout
    -> 200  (0s)
    User-Agent: supervive-loadout-shim

#60 18:31:54.826  GET /revival/loadout
    -> 200  (0s)
    User-Agent: supervive-loadout-shim

#61 18:31:55.000  GET /revival/loadout
    -> 200  (0s)
    User-Agent: supervive-loadout-shim

#62 18:31:55.183  GET /revival/loadout
    -> 200  (0s)
    User-Agent: supervive-loadout-shim

#63 18:31:55.366  GET /revival/loadout
    -> 200  (0s)
    User-Agent: supervive-loadout-shim

#64 18:31:55.542  GET /revival/loadout
    -> 200  (0s)
    User-Agent: supervive-loadout-shim

#65 18:31:55.716  GET /revival/loadout
    -> 200  (0s)
    User-Agent: supervive-loadout-shim

#66 18:31:55.891  GET /revival/loadout
    -> 200  (0s)
    User-Agent: supervive-loadout-shim

#67 18:31:56.066  GET /revival/loadout
    -> 200  (0s)
    User-Agent: supervive-loadout-shim

#68 18:31:56.241  GET /revival/loadout
    -> 200  (0s)
    User-Agent: supervive-loadout-shim

#69 18:31:56.247  GET /configuration/client?language=en
    -> 200  (0s)
    Accept: */*
    Authorization: Bearer eyJhbGciOiJSUzI1NiIsImtpZCI6InN1cGVydml2ZS1yZXZpdmFsLWtleS0xIiwidHlwIjoiSldUIn0.eyJiYW5zIjpbXSwiY2xpZW50X2lkIjoiYmE4ZmI1OWEzNGJiNDgxYWJjYTA4YzQ2YmE0ODgwMjUiLCJjb3VudHJ5IjoiVVMiLCJkaXNwbGF5X25hbWUiOiJSZXZpdmVyIiwiZXhwIjoxNzg2NzM4NjUwLCJpYXQiOjE3ODY2NTIyNTAsImlzX2NvbXBseSI6dHJ1ZSwiamZsZ3MiOjAsIm5hbWVzcGFjZSI6InN1cGVydml2ZSIsIm5iZiI6MTc4NjY1MjE5MCwicGVybWlzc2lvbnMiOlt7IkFjdGlvbiI6MTUsIlJlc291cmNlIjoiTkFNRVNQQUNFOnN1cGVydml2ZToqIn0seyJBY3Rpb24iOjE1LCJSZXNvdXJjZSI6IkFETUlOOk5BTUVTUEFDRTpzdXBlcnZpdmU6KiJ9XSwicm9sZXMiOltdLCJzY29wZSI6ImNvbW1lcmNlIGFjY291bnQgc29jaWFsIHB1Ymxpc2hpbmcgYW5hbHl0aWNzIiwic3ViIjoiOWI5ZDJjODg3ZTI1MjRmOTE4ZTM4M2E4OTVmMmYxYzIiLCJ1bmlxdWVEaXNwbGF5TmFtZSI6IlJldml2ZXIjMDAwMSIsInVuaXF1ZV9kaXNwbGF5X25hbWUiOiJSZXZpdmVyIzAwMDEifQ.S8me6zCTJy1oN7cCA9hQMdHB81PfiOQjPGkisaKCUBzabcSTr1c468GSswCZp1ojqPbBbmOAc-HA5N2o4v-PRiSsk8rqPCyvk3Tx1C5P-rcZZtS-X9XnEtl7wRYgTacQNA_R6vbQgylOOxJ8HarI1u7xWxDlYfxiEDjHEEVHbUlHAE_Oz7PhV80Ms7bc3scLORKG3HPGTqjH9of-EooGUB3k-Xpl9M5eB7A7geV_c8XbzZ0NPELo9dLYVByYKVXzHtk2o0tyzXvdmz-r7FqVYwlN_jOrpiFF_4ti0Wf2ZTI07y-WzKQT1tlXe-OSq86OtwCA0elY-weDLV49mb78gg
    User-Agent: Loki/UE5-CL-0 (http-legacy) Windows/10.0.19045.1.256.64bit
    X-Theorycraft-Clientversion: release2.4.live-156430-shipping

#70 18:31:56.324  GET /content-service/manifest/release2.4.live-156430-shipping?nonEnabledOnly=true
    -> 200  (0s)
    X-Theorycraft-Clientversion: release2.4.live-156430-shipping
    Authorization: Bearer eyJhbGciOiJSUzI1NiIsImtpZCI6InN1cGVydml2ZS1yZXZpdmFsLWtleS0xIiwidHlwIjoiSldUIn0.eyJiYW5zIjpbXSwiY2xpZW50X2lkIjoiYmE4ZmI1OWEzNGJiNDgxYWJjYTA4YzQ2YmE0ODgwMjUiLCJjb3VudHJ5IjoiVVMiLCJkaXNwbGF5X25hbWUiOiJSZXZpdmVyIiwiZXhwIjoxNzg2NzM4NjUwLCJpYXQiOjE3ODY2NTIyNTAsImlzX2NvbXBseSI6dHJ1ZSwiamZsZ3MiOjAsIm5hbWVzcGFjZSI6InN1cGVydml2ZSIsIm5iZiI6MTc4NjY1MjE5MCwicGVybWlzc2lvbnMiOlt7IkFjdGlvbiI6MTUsIlJlc291cmNlIjoiTkFNRVNQQUNFOnN1cGVydml2ZToqIn0seyJBY3Rpb24iOjE1LCJSZXNvdXJjZSI6IkFETUlOOk5BTUVTUEFDRTpzdXBlcnZpdmU6KiJ9XSwicm9sZXMiOltdLCJzY29wZSI6ImNvbW1lcmNlIGFjY291bnQgc29jaWFsIHB1Ymxpc2hpbmcgYW5hbHl0aWNzIiwic3ViIjoiOWI5ZDJjODg3ZTI1MjRmOTE4ZTM4M2E4OTVmMmYxYzIiLCJ1bmlxdWVEaXNwbGF5TmFtZSI6IlJldml2ZXIjMDAwMSIsInVuaXF1ZV9kaXNwbGF5X25hbWUiOiJSZXZpdmVyIzAwMDEifQ.S8me6zCTJy1oN7cCA9hQMdHB81PfiOQjPGkisaKCUBzabcSTr1c468GSswCZp1ojqPbBbmOAc-HA5N2o4v-PRiSsk8rqPCyvk3Tx1C5P-rcZZtS-X9XnEtl7wRYgTacQNA_R6vbQgylOOxJ8HarI1u7xWxDlYfxiEDjHEEVHbUlHAE_Oz7PhV80Ms7bc3scLORKG3HPGTqjH9of-EooGUB3k-Xpl9M5eB7A7geV_c8XbzZ0NPELo9dLYVByYKVXzHtk2o0tyzXvdmz-r7FqVYwlN_jOrpiFF_4ti0Wf2ZTI07y-WzKQT1tlXe-OSq86OtwCA0elY-weDLV49mb78gg
    User-Agent: Loki/UE5-CL-0 (http-legacy) Windows/10.0.19045.1.256.64bit
    Accept: */*

#71 18:31:56.424  GET /revival/loadout
    -> 200  (0s)
    User-Agent: supervive-loadout-shim

#72 18:31:56.599  GET /revival/loadout
    -> 200  (0s)
    User-Agent: supervive-loadout-shim

#73 18:31:56.773  GET /revival/loadout
    -> 200  (0s)
    User-Agent: supervive-loadout-shim

#74 18:31:56.941  GET /revival/loadout
    -> 200  (0s)
    User-Agent: supervive-loadout-shim

#75 18:31:57.116  GET /revival/loadout
    -> 200  (0s)
    User-Agent: supervive-loadout-shim

#76 18:31:57.290  GET /revival/loadout
    -> 200  (0s)
    User-Agent: supervive-loadout-shim

#77 18:31:57.466  GET /revival/loadout
    -> 200  (0s)
    User-Agent: supervive-loadout-shim

#78 18:31:57.640  GET /revival/loadout
    -> 200  (0s)
    User-Agent: supervive-loadout-shim

#79 18:31:57.820  GET /revival/loadout
    -> 200  (0s)
    User-Agent: supervive-loadout-shim

#80 18:31:57.990  GET /revival/loadout
    -> 200  (0s)
    User-Agent: supervive-loadout-shim

#81 18:31:58.165  GET /revival/loadout
    -> 200  (0s)
    User-Agent: supervive-loadout-shim

#82 18:31:58.339  GET /revival/loadout
    -> 200  (0s)
    User-Agent: supervive-loadout-shim

#83 18:31:58.515  GET /revival/loadout
    -> 200  (0s)
    User-Agent: supervive-loadout-shim

#84 18:31:58.690  GET /revival/loadout
    -> 200  (0s)
    User-Agent: supervive-loadout-shim

#85 18:31:58.865  GET /revival/loadout
    -> 200  (0s)
    User-Agent: supervive-loadout-shim

#86 18:31:59.040  GET /revival/loadout
    -> 200  (0s)
    User-Agent: supervive-loadout-shim

#87 18:31:59.214  GET /revival/loadout
    -> 200  (0s)
    User-Agent: supervive-loadout-shim

#88 18:31:59.390  GET /revival/loadout
    -> 200  (0s)
    User-Agent: supervive-loadout-shim

#89 18:31:59.564  GET /revival/loadout
    -> 200  (0s)
    User-Agent: supervive-loadout-shim

#90 18:31:59.740  GET /revival/loadout
    -> 200  (0s)
    User-Agent: supervive-loadout-shim

#91 18:31:59.915  GET /revival/loadout
    -> 200  (0s)
    User-Agent: supervive-loadout-shim

#92 18:32:00.090  GET /revival/loadout
    -> 200  (0s)
    User-Agent: supervive-loadout-shim

#93 18:32:00.265  GET /revival/loadout
    -> 200  (0s)
    User-Agent: supervive-loadout-shim

#94 18:32:00.439  GET /revival/loadout
    -> 200  (0s)
    User-Agent: supervive-loadout-shim

#95 18:32:00.613  GET /revival/loadout
    -> 200  (0s)
    User-Agent: supervive-loadout-shim

#96 18:32:00.779  GET /revival/loadout
    -> 200  (0s)
    User-Agent: supervive-loadout-shim

#97 18:32:00.955  GET /revival/loadout
    -> 200  (0s)
    User-Agent: supervive-loadout-shim

#98 18:32:01.130  GET /revival/loadout
    -> 200  (0s)
    User-Agent: supervive-loadout-shim

#99 18:32:01.306  GET /revival/loadout
    -> 200  (0s)
    User-Agent: supervive-loadout-shim

#100 18:32:01.480  GET /revival/loadout
    -> 200  (0s)
    User-Agent: supervive-loadout-shim

#101 18:32:01.650  GET /storefront/wallet/9b9d2c887e2524f918e383a895f2f1c2
    -> 200  (0s)
    Accept: */*
    X-Theorycraft-Clientversion: release2.4.live-156430-shipping
    Authorization: Bearer eyJhbGciOiJSUzI1NiIsImtpZCI6InN1cGVydml2ZS1yZXZpdmFsLWtleS0xIiwidHlwIjoiSldUIn0.eyJiYW5zIjpbXSwiY2xpZW50X2lkIjoiYmE4ZmI1OWEzNGJiNDgxYWJjYTA4YzQ2YmE0ODgwMjUiLCJjb3VudHJ5IjoiVVMiLCJkaXNwbGF5X25hbWUiOiJSZXZpdmVyIiwiZXhwIjoxNzg2NzM4NjUwLCJpYXQiOjE3ODY2NTIyNTAsImlzX2NvbXBseSI6dHJ1ZSwiamZsZ3MiOjAsIm5hbWVzcGFjZSI6InN1cGVydml2ZSIsIm5iZiI6MTc4NjY1MjE5MCwicGVybWlzc2lvbnMiOlt7IkFjdGlvbiI6MTUsIlJlc291cmNlIjoiTkFNRVNQQUNFOnN1cGVydml2ZToqIn0seyJBY3Rpb24iOjE1LCJSZXNvdXJjZSI6IkFETUlOOk5BTUVTUEFDRTpzdXBlcnZpdmU6KiJ9XSwicm9sZXMiOltdLCJzY29wZSI6ImNvbW1lcmNlIGFjY291bnQgc29jaWFsIHB1Ymxpc2hpbmcgYW5hbHl0aWNzIiwic3ViIjoiOWI5ZDJjODg3ZTI1MjRmOTE4ZTM4M2E4OTVmMmYxYzIiLCJ1bmlxdWVEaXNwbGF5TmFtZSI6IlJldml2ZXIjMDAwMSIsInVuaXF1ZV9kaXNwbGF5X25hbWUiOiJSZXZpdmVyIzAwMDEifQ.S8me6zCTJy1oN7cCA9hQMdHB81PfiOQjPGkisaKCUBzabcSTr1c468GSswCZp1ojqPbBbmOAc-HA5N2o4v-PRiSsk8rqPCyvk3Tx1C5P-rcZZtS-X9XnEtl7wRYgTacQNA_R6vbQgylOOxJ8HarI1u7xWxDlYfxiEDjHEEVHbUlHAE_Oz7PhV80Ms7bc3scLORKG3HPGTqjH9of-EooGUB3k-Xpl9M5eB7A7geV_c8XbzZ0NPELo9dLYVByYKVXzHtk2o0tyzXvdmz-r7FqVYwlN_jOrpiFF_4ti0Wf2ZTI07y-WzKQT1tlXe-OSq86OtwCA0elY-weDLV49mb78gg
    User-Agent: Loki/UE5-CL-0 (http-legacy) Windows/10.0.19045.1.256.64bit

#103 18:32:01.656  GET /revival/loadout
    -> 200  (0s)
    User-Agent: supervive-loadout-shim

#102 18:32:01.650  GET /storefront/real/offers/9b9d2c887e2524f918e383a895f2f1c2
    -> 200  (0s)
    Accept: */*
    X-Theorycraft-Clientversion: release2.4.live-156430-shipping
    Authorization: Bearer eyJhbGciOiJSUzI1NiIsImtpZCI6InN1cGVydml2ZS1yZXZpdmFsLWtleS0xIiwidHlwIjoiSldUIn0.eyJiYW5zIjpbXSwiY2xpZW50X2lkIjoiYmE4ZmI1OWEzNGJiNDgxYWJjYTA4YzQ2YmE0ODgwMjUiLCJjb3VudHJ5IjoiVVMiLCJkaXNwbGF5X25hbWUiOiJSZXZpdmVyIiwiZXhwIjoxNzg2NzM4NjUwLCJpYXQiOjE3ODY2NTIyNTAsImlzX2NvbXBseSI6dHJ1ZSwiamZsZ3MiOjAsIm5hbWVzcGFjZSI6InN1cGVydml2ZSIsIm5iZiI6MTc4NjY1MjE5MCwicGVybWlzc2lvbnMiOlt7IkFjdGlvbiI6MTUsIlJlc291cmNlIjoiTkFNRVNQQUNFOnN1cGVydml2ZToqIn0seyJBY3Rpb24iOjE1LCJSZXNvdXJjZSI6IkFETUlOOk5BTUVTUEFDRTpzdXBlcnZpdmU6KiJ9XSwicm9sZXMiOltdLCJzY29wZSI6ImNvbW1lcmNlIGFjY291bnQgc29jaWFsIHB1Ymxpc2hpbmcgYW5hbHl0aWNzIiwic3ViIjoiOWI5ZDJjODg3ZTI1MjRmOTE4ZTM4M2E4OTVmMmYxYzIiLCJ1bmlxdWVEaXNwbGF5TmFtZSI6IlJldml2ZXIjMDAwMSIsInVuaXF1ZV9kaXNwbGF5X25hbWUiOiJSZXZpdmVyIzAwMDEifQ.S8me6zCTJy1oN7cCA9hQMdHB81PfiOQjPGkisaKCUBzabcSTr1c468GSswCZp1ojqPbBbmOAc-HA5N2o4v-PRiSsk8rqPCyvk3Tx1C5P-rcZZtS-X9XnEtl7wRYgTacQNA_R6vbQgylOOxJ8HarI1u7xWxDlYfxiEDjHEEVHbUlHAE_Oz7PhV80Ms7bc3scLORKG3HPGTqjH9of-EooGUB3k-Xpl9M5eB7A7geV_c8XbzZ0NPELo9dLYVByYKVXzHtk2o0tyzXvdmz-r7FqVYwlN_jOrpiFF_4ti0Wf2ZTI07y-WzKQT1tlXe-OSq86OtwCA0elY-weDLV49mb78gg
    User-Agent: Loki/UE5-CL-0 (http-legacy) Windows/10.0.19045.1.256.64bit

#104 18:32:01.881  GET /revival/loadout
    -> 200  (0s)
    User-Agent: supervive-loadout-shim

#105 18:32:02.064  GET /revival/loadout
    -> 200  (0s)
    User-Agent: supervive-loadout-shim

#106 18:32:02.239  GET /revival/loadout
    -> 200  (0s)
    User-Agent: supervive-loadout-shim

#107 18:32:02.413  GET /revival/loadout
    -> 200  (0s)
    User-Agent: supervive-loadout-shim

#108 18:32:02.588  GET /revival/loadout
    -> 200  (0s)
    User-Agent: supervive-loadout-shim

#109 18:32:02.764  GET /revival/loadout
    -> 200  (0s)
    User-Agent: supervive-loadout-shim

#110 18:32:02.939  GET /revival/loadout
    -> 200  (0s)
    User-Agent: supervive-loadout-shim

#111 18:32:03.113  GET /revival/loadout
    -> 200  (0s)
    User-Agent: supervive-loadout-shim

#112 18:32:03.289  GET /revival/loadout
    -> 200  (0s)
    User-Agent: supervive-loadout-shim

#113 18:32:03.464  GET /revival/loadout
    -> 200  (0s)
    User-Agent: supervive-loadout-shim

#114 18:32:03.638  GET /revival/loadout
    -> 200  (0s)
    User-Agent: supervive-loadout-shim

#115 18:32:03.814  GET /revival/loadout
    -> 200  (0s)
    User-Agent: supervive-loadout-shim

#116 18:32:03.988  GET /revival/loadout
    -> 200  (0s)
    User-Agent: supervive-loadout-shim

#117 18:32:04.162  GET /revival/loadout
    -> 200  (0s)
    User-Agent: supervive-loadout-shim

#118 18:32:04.338  GET /revival/loadout
    -> 200  (0s)
    User-Agent: supervive-loadout-shim

#119 18:32:04.512  GET /revival/loadout
    -> 200  (1ms)
    User-Agent: supervive-loadout-shim

#120 18:32:04.688  GET /revival/loadout
    -> 200  (0s)
    User-Agent: supervive-loadout-shim

#121 18:32:04.862  GET /revival/loadout
    -> 200  (0s)
    User-Agent: supervive-loadout-shim

#122 18:32:05.037  GET /revival/loadout
    -> 200  (0s)
    User-Agent: supervive-loadout-shim

#123 18:32:05.220  GET /revival/loadout
    -> 200  (1ms)
    User-Agent: supervive-loadout-shim

#124 18:32:05.395  GET /revival/loadout
    -> 200  (0s)
    User-Agent: supervive-loadout-shim

#125 18:32:05.570  GET /revival/loadout
    -> 200  (0s)
    User-Agent: supervive-loadout-shim

#126 18:32:05.745  GET /revival/loadout
    -> 200  (0s)
    User-Agent: supervive-loadout-shim

#127 18:32:05.920  GET /revival/loadout
    -> 200  (0s)
    User-Agent: supervive-loadout-shim

#128 18:32:06.095  GET /revival/loadout
    -> 200  (0s)
    User-Agent: supervive-loadout-shim

#129 18:32:06.270  GET /revival/loadout
    -> 200  (0s)
    User-Agent: supervive-loadout-shim

#130 18:32:06.445  GET /revival/loadout
    -> 200  (0s)
    User-Agent: supervive-loadout-shim

#131 18:32:06.620  GET /revival/loadout
    -> 200  (0s)
    User-Agent: supervive-loadout-shim

#132 18:32:06.795  GET /revival/loadout
    -> 200  (0s)
    User-Agent: supervive-loadout-shim

#133 18:32:06.970  GET /revival/loadout
    -> 200  (0s)
    User-Agent: supervive-loadout-shim

#134 18:32:07.145  GET /revival/loadout
    -> 200  (0s)
    User-Agent: supervive-loadout-shim

#135 18:32:07.318  GET /revival/loadout
    -> 200  (1ms)
    User-Agent: supervive-loadout-shim

#136 18:32:07.495  GET /revival/loadout
    -> 200  (0s)
    User-Agent: supervive-loadout-shim

#137 18:32:07.679  GET /revival/loadout
    -> 200  (0s)
    User-Agent: supervive-loadout-shim

#138 18:32:07.852  GET /revival/loadout
    -> 200  (1ms)
    User-Agent: supervive-loadout-shim

#139 18:32:08.028  GET /revival/loadout
    -> 200  (0s)
    User-Agent: supervive-loadout-shim

#140 18:32:08.203  GET /revival/loadout
    -> 200  (0s)
    User-Agent: supervive-loadout-shim

#141 18:32:08.378  GET /revival/loadout
    -> 200  (0s)
    User-Agent: supervive-loadout-shim

#142 18:32:08.560  GET /revival/loadout
    -> 200  (0s)
    User-Agent: supervive-loadout-shim

#143 18:32:08.736  GET /revival/loadout
    -> 200  (0s)
    User-Agent: supervive-loadout-shim

#144 18:32:08.911  GET /revival/loadout
    -> 200  (0s)
    User-Agent: supervive-loadout-shim

#145 18:32:09.086  GET /revival/loadout
    -> 200  (0s)
    User-Agent: supervive-loadout-shim

#146 18:32:09.261  GET /revival/loadout
    -> 200  (0s)
    User-Agent: supervive-loadout-shim

#147 18:32:09.436  GET /revival/loadout
    -> 200  (0s)
    User-Agent: supervive-loadout-shim

#148 18:32:09.611  GET /revival/loadout
    -> 200  (0s)
    User-Agent: supervive-loadout-shim

#149 18:32:09.786  GET /revival/loadout
    -> 200  (0s)
    User-Agent: supervive-loadout-shim

#150 18:32:09.960  GET /revival/loadout
    -> 200  (0s)
    User-Agent: supervive-loadout-shim

#151 18:32:10.136  GET /revival/loadout
    -> 200  (0s)
    User-Agent: supervive-loadout-shim

#152 18:32:10.309  GET /revival/loadout
    -> 200  (0s)
    User-Agent: supervive-loadout-shim

#153 18:32:10.486  GET /revival/loadout
    -> 200  (0s)
    User-Agent: supervive-loadout-shim

#154 18:32:10.661  GET /revival/loadout
    -> 200  (0s)
    User-Agent: supervive-loadout-shim

#155 18:32:10.836  GET /revival/loadout
    -> 200  (0s)
    User-Agent: supervive-loadout-shim

#156 18:32:11.011  GET /revival/loadout
    -> 200  (0s)
    User-Agent: supervive-loadout-shim

#157 18:32:11.186  GET /revival/loadout
    -> 200  (0s)
    User-Agent: supervive-loadout-shim

#158 18:32:11.360  GET /revival/loadout
    -> 200  (0s)
    User-Agent: supervive-loadout-shim

#159 18:32:11.535  GET /revival/loadout
    -> 200  (0s)
    User-Agent: supervive-loadout-shim

#160 18:32:11.709  GET /revival/loadout
    -> 200  (0s)
    User-Agent: supervive-loadout-shim

#161 18:32:11.885  GET /revival/loadout
    -> 200  (0s)
    User-Agent: supervive-loadout-shim

#162 18:32:12.059  GET /revival/loadout
    -> 200  (0s)
    User-Agent: supervive-loadout-shim

#163 18:32:12.235  GET /revival/loadout
    -> 200  (0s)
    User-Agent: supervive-loadout-shim

#164 18:32:12.409  GET /revival/loadout
    -> 200  (0s)
    User-Agent: supervive-loadout-shim

#165 18:32:12.585  GET /revival/loadout
    -> 200  (0s)
    User-Agent: supervive-loadout-shim

#166 18:32:12.759  GET /revival/loadout
    -> 200  (0s)
    User-Agent: supervive-loadout-shim

#167 18:32:12.934  GET /revival/loadout
    -> 200  (0s)
    User-Agent: supervive-loadout-shim

#168 18:32:13.101  GET /revival/loadout
    -> 200  (0s)
    User-Agent: supervive-loadout-shim

#169 18:32:13.268  GET /revival/loadout
    -> 200  (1ms)
    User-Agent: supervive-loadout-shim

#170 18:32:13.435  GET /revival/loadout
    -> 200  (0s)
    User-Agent: supervive-loadout-shim

#171 18:32:13.601  GET /revival/loadout
    -> 200  (0s)
    User-Agent: supervive-loadout-shim

#172 18:32:13.768  GET /revival/loadout
    -> 200  (0s)
    User-Agent: supervive-loadout-shim

#173 18:32:13.934  GET /revival/loadout
    -> 200  (0s)
    User-Agent: supervive-loadout-shim

#174 18:32:14.101  GET /revival/loadout
    -> 200  (0s)
    User-Agent: supervive-loadout-shim

#175 18:32:14.268  GET /revival/loadout
    -> 200  (0s)
    User-Agent: supervive-loadout-shim

#176 18:32:14.444  GET /revival/loadout
    -> 200  (0s)
    User-Agent: supervive-loadout-shim

#177 18:32:14.617  GET /revival/loadout
    -> 200  (0s)
    User-Agent: supervive-loadout-shim

#178 18:32:14.792  GET /revival/loadout
    -> 200  (0s)
    User-Agent: supervive-loadout-shim

#179 18:32:14.967  GET /revival/loadout
    -> 200  (0s)
    User-Agent: supervive-loadout-shim

#180 18:32:15.141  GET /revival/loadout
    -> 200  (0s)
    User-Agent: supervive-loadout-shim

#181 18:32:15.316  GET /revival/loadout
    -> 200  (0s)
    User-Agent: supervive-loadout-shim

#182 18:32:15.466  GET /party/players/9b9d2c887e2524f918e383a895f2f1c2/voice
    -> 200  (0s)
    X-Theorycraft-Clientversion: release2.4.live-156430-shipping
    Authorization: Bearer eyJhbGciOiJSUzI1NiIsImtpZCI6InN1cGVydml2ZS1yZXZpdmFsLWtleS0xIiwidHlwIjoiSldUIn0.eyJiYW5zIjpbXSwiY2xpZW50X2lkIjoiYmE4ZmI1OWEzNGJiNDgxYWJjYTA4YzQ2YmE0ODgwMjUiLCJjb3VudHJ5IjoiVVMiLCJkaXNwbGF5X25hbWUiOiJSZXZpdmVyIiwiZXhwIjoxNzg2NzM4NjUwLCJpYXQiOjE3ODY2NTIyNTAsImlzX2NvbXBseSI6dHJ1ZSwiamZsZ3MiOjAsIm5hbWVzcGFjZSI6InN1cGVydml2ZSIsIm5iZiI6MTc4NjY1MjE5MCwicGVybWlzc2lvbnMiOlt7IkFjdGlvbiI6MTUsIlJlc291cmNlIjoiTkFNRVNQQUNFOnN1cGVydml2ZToqIn0seyJBY3Rpb24iOjE1LCJSZXNvdXJjZSI6IkFETUlOOk5BTUVTUEFDRTpzdXBlcnZpdmU6KiJ9XSwicm9sZXMiOltdLCJzY29wZSI6ImNvbW1lcmNlIGFjY291bnQgc29jaWFsIHB1Ymxpc2hpbmcgYW5hbHl0aWNzIiwic3ViIjoiOWI5ZDJjODg3ZTI1MjRmOTE4ZTM4M2E4OTVmMmYxYzIiLCJ1bmlxdWVEaXNwbGF5TmFtZSI6IlJldml2ZXIjMDAwMSIsInVuaXF1ZV9kaXNwbGF5X25hbWUiOiJSZXZpdmVyIzAwMDEifQ.S8me6zCTJy1oN7cCA9hQMdHB81PfiOQjPGkisaKCUBzabcSTr1c468GSswCZp1ojqPbBbmOAc-HA5N2o4v-PRiSsk8rqPCyvk3Tx1C5P-rcZZtS-X9XnEtl7wRYgTacQNA_R6vbQgylOOxJ8HarI1u7xWxDlYfxiEDjHEEVHbUlHAE_Oz7PhV80Ms7bc3scLORKG3HPGTqjH9of-EooGUB3k-Xpl9M5eB7A7geV_c8XbzZ0NPELo9dLYVByYKVXzHtk2o0tyzXvdmz-r7FqVYwlN_jOrpiFF_4ti0Wf2ZTI07y-WzKQT1tlXe-OSq86OtwCA0elY-weDLV49mb78gg
    User-Agent: Loki/UE5-CL-0 (http-legacy) Windows/10.0.19045.1.256.64bit
    Accept: */*

#183 18:32:15.492  GET /revival/loadout
    -> 200  (0s)
    User-Agent: supervive-loadout-shim

#184 18:32:15.709  GET /revival/loadout
    -> 200  (0s)
    User-Agent: supervive-loadout-shim

#185 18:32:15.875  GET /revival/loadout
    -> 200  (0s)
    User-Agent: supervive-loadout-shim

#186 18:32:16.042  GET /revival/loadout
    -> 200  (0s)
    User-Agent: supervive-loadout-shim

#187 18:32:16.208  GET /revival/loadout
    -> 200  (0s)
    User-Agent: supervive-loadout-shim

#188 18:32:16.375  GET /revival/loadout
    -> 200  (0s)
    User-Agent: supervive-loadout-shim

#189 18:32:16.542  GET /revival/loadout
    -> 200  (0s)
    User-Agent: supervive-loadout-shim

#190 18:32:16.708  GET /revival/loadout
    -> 200  (0s)
    User-Agent: supervive-loadout-shim

#191 18:32:16.875  GET /revival/loadout
    -> 200  (0s)
    User-Agent: supervive-loadout-shim

#192 18:32:17.041  GET /revival/loadout
    -> 200  (0s)
    User-Agent: supervive-loadout-shim

#193 18:32:17.208  GET /revival/loadout
    -> 200  (0s)
    User-Agent: supervive-loadout-shim

#194 18:32:17.375  GET /revival/loadout
    -> 200  (0s)
    User-Agent: supervive-loadout-shim

#195 18:32:17.542  GET /revival/loadout
    -> 200  (0s)
    User-Agent: supervive-loadout-shim

#196 18:32:17.716  GET /revival/loadout
    -> 200  (0s)
    User-Agent: supervive-loadout-shim

#197 18:32:17.883  GET /revival/loadout
    -> 200  (0s)
    User-Agent: supervive-loadout-shim

#198 18:32:18.048  GET /revival/loadout
    -> 200  (0s)
    User-Agent: supervive-loadout-shim

#199 18:32:18.225  GET /revival/loadout
    -> 200  (0s)
    User-Agent: supervive-loadout-shim

#200 18:32:18.391  GET /revival/loadout
    -> 200  (0s)
    User-Agent: supervive-loadout-shim

#201 18:32:18.557  GET /revival/loadout
    -> 200  (0s)
    User-Agent: supervive-loadout-shim

#202 18:32:18.725  GET /revival/loadout
    -> 200  (0s)
    User-Agent: supervive-loadout-shim

#203 18:32:18.891  GET /revival/loadout
    -> 200  (0s)
    User-Agent: supervive-loadout-shim

#204 18:32:19.058  GET /revival/loadout
    -> 200  (0s)
    User-Agent: supervive-loadout-shim

#205 18:32:19.224  GET /revival/loadout
    -> 200  (0s)
    User-Agent: supervive-loadout-shim

#206 18:32:19.391  GET /revival/loadout
    -> 200  (0s)
    User-Agent: supervive-loadout-shim

#207 18:32:19.558  GET /revival/loadout
    -> 200  (0s)
    User-Agent: supervive-loadout-shim

#208 18:32:19.724  GET /revival/loadout
    -> 200  (0s)
    User-Agent: supervive-loadout-shim

* 18:32:19.788  WS <- /lobby TEXT ""

#209 18:32:19.890  GET /revival/loadout
    -> 200  (0s)
    User-Agent: supervive-loadout-shim

#210 18:32:20.057  GET /revival/loadout
    -> 200  (0s)
    User-Agent: supervive-loadout-shim

#211 18:32:20.224  GET /revival/loadout
    -> 200  (0s)
    User-Agent: supervive-loadout-shim

#212 18:32:20.391  GET /revival/loadout
    -> 200  (0s)
    User-Agent: supervive-loadout-shim

#213 18:32:20.557  GET /revival/loadout
    -> 200  (0s)
    User-Agent: supervive-loadout-shim

#214 18:32:20.724  GET /revival/loadout
    -> 200  (0s)
    User-Agent: supervive-loadout-shim

#215 18:32:20.889  GET /revival/loadout
    -> 200  (1ms)
    User-Agent: supervive-loadout-shim

#216 18:32:21.056  GET /revival/loadout
    -> 200  (0s)
    User-Agent: supervive-loadout-shim

#217 18:32:21.224  GET /revival/loadout
    -> 200  (0s)
    User-Agent: supervive-loadout-shim

#218 18:32:21.390  GET /revival/loadout
    -> 200  (0s)
    User-Agent: supervive-loadout-shim

#219 18:32:21.557  GET /revival/loadout
    -> 200  (0s)
    User-Agent: supervive-loadout-shim

#220 18:32:21.724  GET /revival/loadout
    -> 200  (0s)
    User-Agent: supervive-loadout-shim

#221 18:32:21.890  GET /revival/loadout
    -> 200  (0s)
    User-Agent: supervive-loadout-shim

#222 18:32:22.057  GET /revival/loadout
    -> 200  (0s)
    User-Agent: supervive-loadout-shim

#223 18:32:22.223  GET /revival/loadout
    -> 200  (0s)
    User-Agent: supervive-loadout-shim

#224 18:32:22.389  GET /revival/loadout
    -> 200  (0s)
    User-Agent: supervive-loadout-shim

#225 18:32:22.556  GET /revival/loadout
    -> 200  (0s)
    User-Agent: supervive-loadout-shim

#226 18:32:22.723  GET /revival/loadout
    -> 200  (0s)
    User-Agent: supervive-loadout-shim

#227 18:32:22.890  GET /revival/loadout
    -> 200  (0s)
    User-Agent: supervive-loadout-shim

#228 18:32:23.056  GET /revival/loadout
    -> 200  (0s)
    User-Agent: supervive-loadout-shim

#229 18:32:23.134  GET /revival/missions/progress
    -> 200  (0s)
    User-Agent: supervive-missions-shim

* 18:32:23.182  WS -> /notifications/players/9b9d2c887e2524f918e383a895f2f1c2 BINARY hb (proactive 30s keepalive)

#230 18:32:23.195  GET /party/matchmaking/info
    -> 200  (0s)
    Accept: */*
    Authorization: Bearer eyJhbGciOiJSUzI1NiIsImtpZCI6InN1cGVydml2ZS1yZXZpdmFsLWtleS0xIiwidHlwIjoiSldUIn0.eyJiYW5zIjpbXSwiY2xpZW50X2lkIjoiYmE4ZmI1OWEzNGJiNDgxYWJjYTA4YzQ2YmE0ODgwMjUiLCJjb3VudHJ5IjoiVVMiLCJkaXNwbGF5X25hbWUiOiJSZXZpdmVyIiwiZXhwIjoxNzg2NzM4NjUwLCJpYXQiOjE3ODY2NTIyNTAsImlzX2NvbXBseSI6dHJ1ZSwiamZsZ3MiOjAsIm5hbWVzcGFjZSI6InN1cGVydml2ZSIsIm5iZiI6MTc4NjY1MjE5MCwicGVybWlzc2lvbnMiOlt7IkFjdGlvbiI6MTUsIlJlc291cmNlIjoiTkFNRVNQQUNFOnN1cGVydml2ZToqIn0seyJBY3Rpb24iOjE1LCJSZXNvdXJjZSI6IkFETUlOOk5BTUVTUEFDRTpzdXBlcnZpdmU6KiJ9XSwicm9sZXMiOltdLCJzY29wZSI6ImNvbW1lcmNlIGFjY291bnQgc29jaWFsIHB1Ymxpc2hpbmcgYW5hbHl0aWNzIiwic3ViIjoiOWI5ZDJjODg3ZTI1MjRmOTE4ZTM4M2E4OTVmMmYxYzIiLCJ1bmlxdWVEaXNwbGF5TmFtZSI6IlJldml2ZXIjMDAwMSIsInVuaXF1ZV9kaXNwbGF5X25hbWUiOiJSZXZpdmVyIzAwMDEifQ.S8me6zCTJy1oN7cCA9hQMdHB81PfiOQjPGkisaKCUBzabcSTr1c468GSswCZp1ojqPbBbmOAc-HA5N2o4v-PRiSsk8rqPCyvk3Tx1C5P-rcZZtS-X9XnEtl7wRYgTacQNA_R6vbQgylOOxJ8HarI1u7xWxDlYfxiEDjHEEVHbUlHAE_Oz7PhV80Ms7bc3scLORKG3HPGTqjH9of-EooGUB3k-Xpl9M5eB7A7geV_c8XbzZ0NPELo9dLYVByYKVXzHtk2o0tyzXvdmz-r7FqVYwlN_jOrpiFF_4ti0Wf2ZTI07y-WzKQT1tlXe-OSq86OtwCA0elY-weDLV49mb78gg
    User-Agent: Loki/UE5-CL-0 (http-legacy) Windows/10.0.19045.1.256.64bit
    X-Theorycraft-Clientversion: release2.4.live-156430-shipping

#231 18:32:23.223  GET /revival/loadout
    -> 200  (0s)
    User-Agent: supervive-loadout-shim

#232 18:32:23.422  GET /revival/loadout
    -> 200  (0s)
    User-Agent: supervive-loadout-shim

#233 18:32:23.597  GET /revival/loadout
    -> 200  (0s)
    User-Agent: supervive-loadout-shim

#234 18:32:23.764  GET /revival/loadout
    -> 200  (0s)
    User-Agent: supervive-loadout-shim

#235 18:32:23.939  GET /revival/loadout
    -> 200  (0s)
    User-Agent: supervive-loadout-shim

#236 18:32:24.105  GET /revival/loadout
    -> 200  (0s)
    User-Agent: supervive-loadout-shim

#237 18:32:24.272  GET /revival/loadout
    -> 200  (0s)
    User-Agent: supervive-loadout-shim

#238 18:32:24.439  GET /revival/loadout
    -> 200  (0s)
    User-Agent: supervive-loadout-shim

#239 18:32:24.605  GET /revival/loadout
    -> 200  (0s)
    User-Agent: supervive-loadout-shim

#240 18:32:24.772  GET /revival/loadout
    -> 200  (0s)
    User-Agent: supervive-loadout-shim

#241 18:32:24.938  GET /revival/loadout
    -> 200  (0s)
    User-Agent: supervive-loadout-shim

#242 18:32:25.105  GET /revival/loadout
    -> 200  (0s)
    User-Agent: supervive-loadout-shim

#243 18:32:25.272  GET /revival/loadout
    -> 200  (0s)
    User-Agent: supervive-loadout-shim

#244 18:32:25.497  GET /revival/loadout
    -> 200  (0s)
    User-Agent: supervive-loadout-shim

#245 18:32:25.663  GET /revival/loadout
    -> 200  (0s)
    User-Agent: supervive-loadout-shim

#246 18:32:25.829  GET /revival/loadout
    -> 200  (0s)
    User-Agent: supervive-loadout-shim

#247 18:32:25.996  GET /revival/loadout
    -> 200  (0s)
    User-Agent: supervive-loadout-shim

#248 18:32:26.163  GET /revival/loadout
    -> 200  (0s)
    User-Agent: supervive-loadout-shim

#249 18:32:26.227  GET /configuration/client?language=en
    -> 200  (0s)
    Authorization: Bearer eyJhbGciOiJSUzI1NiIsImtpZCI6InN1cGVydml2ZS1yZXZpdmFsLWtleS0xIiwidHlwIjoiSldUIn0.eyJiYW5zIjpbXSwiY2xpZW50X2lkIjoiYmE4ZmI1OWEzNGJiNDgxYWJjYTA4YzQ2YmE0ODgwMjUiLCJjb3VudHJ5IjoiVVMiLCJkaXNwbGF5X25hbWUiOiJSZXZpdmVyIiwiZXhwIjoxNzg2NzM4NjUwLCJpYXQiOjE3ODY2NTIyNTAsImlzX2NvbXBseSI6dHJ1ZSwiamZsZ3MiOjAsIm5hbWVzcGFjZSI6InN1cGVydml2ZSIsIm5iZiI6MTc4NjY1MjE5MCwicGVybWlzc2lvbnMiOlt7IkFjdGlvbiI6MTUsIlJlc291cmNlIjoiTkFNRVNQQUNFOnN1cGVydml2ZToqIn0seyJBY3Rpb24iOjE1LCJSZXNvdXJjZSI6IkFETUlOOk5BTUVTUEFDRTpzdXBlcnZpdmU6KiJ9XSwicm9sZXMiOltdLCJzY29wZSI6ImNvbW1lcmNlIGFjY291bnQgc29jaWFsIHB1Ymxpc2hpbmcgYW5hbHl0aWNzIiwic3ViIjoiOWI5ZDJjODg3ZTI1MjRmOTE4ZTM4M2E4OTVmMmYxYzIiLCJ1bmlxdWVEaXNwbGF5TmFtZSI6IlJldml2ZXIjMDAwMSIsInVuaXF1ZV9kaXNwbGF5X25hbWUiOiJSZXZpdmVyIzAwMDEifQ.S8me6zCTJy1oN7cCA9hQMdHB81PfiOQjPGkisaKCUBzabcSTr1c468GSswCZp1ojqPbBbmOAc-HA5N2o4v-PRiSsk8rqPCyvk3Tx1C5P-rcZZtS-X9XnEtl7wRYgTacQNA_R6vbQgylOOxJ8HarI1u7xWxDlYfxiEDjHEEVHbUlHAE_Oz7PhV80Ms7bc3scLORKG3HPGTqjH9of-EooGUB3k-Xpl9M5eB7A7geV_c8XbzZ0NPELo9dLYVByYKVXzHtk2o0tyzXvdmz-r7FqVYwlN_jOrpiFF_4ti0Wf2ZTI07y-WzKQT1tlXe-OSq86OtwCA0elY-weDLV49mb78gg
    User-Agent: Loki/UE5-CL-0 (http-legacy) Windows/10.0.19045.1.256.64bit
    Accept: */*
    X-Theorycraft-Clientversion: release2.4.live-156430-shipping

#250 18:32:26.293  GET /content-service/manifest/release2.4.live-156430-shipping?nonEnabledOnly=true
    -> 200  (0s)
    X-Theorycraft-Clientversion: release2.4.live-156430-shipping
    Authorization: Bearer eyJhbGciOiJSUzI1NiIsImtpZCI6InN1cGVydml2ZS1yZXZpdmFsLWtleS0xIiwidHlwIjoiSldUIn0.eyJiYW5zIjpbXSwiY2xpZW50X2lkIjoiYmE4ZmI1OWEzNGJiNDgxYWJjYTA4YzQ2YmE0ODgwMjUiLCJjb3VudHJ5IjoiVVMiLCJkaXNwbGF5X25hbWUiOiJSZXZpdmVyIiwiZXhwIjoxNzg2NzM4NjUwLCJpYXQiOjE3ODY2NTIyNTAsImlzX2NvbXBseSI6dHJ1ZSwiamZsZ3MiOjAsIm5hbWVzcGFjZSI6InN1cGVydml2ZSIsIm5iZiI6MTc4NjY1MjE5MCwicGVybWlzc2lvbnMiOlt7IkFjdGlvbiI6MTUsIlJlc291cmNlIjoiTkFNRVNQQUNFOnN1cGVydml2ZToqIn0seyJBY3Rpb24iOjE1LCJSZXNvdXJjZSI6IkFETUlOOk5BTUVTUEFDRTpzdXBlcnZpdmU6KiJ9XSwicm9sZXMiOltdLCJzY29wZSI6ImNvbW1lcmNlIGFjY291bnQgc29jaWFsIHB1Ymxpc2hpbmcgYW5hbHl0aWNzIiwic3ViIjoiOWI5ZDJjODg3ZTI1MjRmOTE4ZTM4M2E4OTVmMmYxYzIiLCJ1bmlxdWVEaXNwbGF5TmFtZSI6IlJldml2ZXIjMDAwMSIsInVuaXF1ZV9kaXNwbGF5X25hbWUiOiJSZXZpdmVyIzAwMDEifQ.S8me6zCTJy1oN7cCA9hQMdHB81PfiOQjPGkisaKCUBzabcSTr1c468GSswCZp1ojqPbBbmOAc-HA5N2o4v-PRiSsk8rqPCyvk3Tx1C5P-rcZZtS-X9XnEtl7wRYgTacQNA_R6vbQgylOOxJ8HarI1u7xWxDlYfxiEDjHEEVHbUlHAE_Oz7PhV80Ms7bc3scLORKG3HPGTqjH9of-EooGUB3k-Xpl9M5eB7A7geV_c8XbzZ0NPELo9dLYVByYKVXzHtk2o0tyzXvdmz-r7FqVYwlN_jOrpiFF_4ti0Wf2ZTI07y-WzKQT1tlXe-OSq86OtwCA0elY-weDLV49mb78gg
    User-Agent: Loki/UE5-CL-0 (http-legacy) Windows/10.0.19045.1.256.64bit
    Accept: */*

#251 18:32:26.330  GET /revival/loadout
    -> 200  (0s)
    User-Agent: supervive-loadout-shim

#252 18:32:26.504  GET /revival/loadout
    -> 200  (0s)
    User-Agent: supervive-loadout-shim

#253 18:32:26.671  GET /revival/loadout
    -> 200  (0s)
    User-Agent: supervive-loadout-shim

#254 18:32:26.855  GET /revival/loadout
    -> 200  (0s)
    User-Agent: supervive-loadout-shim

#255 18:32:27.029  GET /revival/loadout
    -> 200  (0s)
    User-Agent: supervive-loadout-shim

#256 18:32:27.204  GET /revival/loadout
    -> 200  (0s)
    User-Agent: supervive-loadout-shim

#257 18:32:27.379  GET /revival/loadout
    -> 200  (0s)
    User-Agent: supervive-loadout-shim

#258 18:32:27.526  POST /game-telemetry/v1/protected/events
    -> 200  (0s)
    Content-Type: application/json
    Accept: application/json
    Authorization: Bearer eyJhbGciOiJSUzI1NiIsImtpZCI6InN1cGVydml2ZS1yZXZpdmFsLWtleS0xIiwidHlwIjoiSldUIn0.eyJiYW5zIjpbXSwiY2xpZW50X2lkIjoiYmE4ZmI1OWEzNGJiNDgxYWJjYTA4YzQ2YmE0ODgwMjUiLCJjb3VudHJ5IjoiVVMiLCJkaXNwbGF5X25hbWUiOiJSZXZpdmVyIiwiZXhwIjoxNzg2NzM4NjUwLCJpYXQiOjE3ODY2NTIyNTAsImlzX2NvbXBseSI6dHJ1ZSwiamZsZ3MiOjAsIm5hbWVzcGFjZSI6InN1cGVydml2ZSIsIm5iZiI6MTc4NjY1MjE5MCwicGVybWlzc2lvbnMiOlt7IkFjdGlvbiI6MTUsIlJlc291cmNlIjoiTkFNRVNQQUNFOnN1cGVydml2ZToqIn0seyJBY3Rpb24iOjE1LCJSZXNvdXJjZSI6IkFETUlOOk5BTUVTUEFDRTpzdXBlcnZpdmU6KiJ9XSwicm9sZXMiOltdLCJzY29wZSI6ImNvbW1lcmNlIGFjY291bnQgc29jaWFsIHB1Ymxpc2hpbmcgYW5hbHl0aWNzIiwic3ViIjoiOWI5ZDJjODg3ZTI1MjRmOTE4ZTM4M2E4OTVmMmYxYzIiLCJ1bmlxdWVEaXNwbGF5TmFtZSI6IlJldml2ZXIjMDAwMSIsInVuaXF1ZV9kaXNwbGF5X25hbWUiOiJSZXZpdmVyIzAwMDEifQ.S8me6zCTJy1oN7cCA9hQMdHB81PfiOQjPGkisaKCUBzabcSTr1c468GSswCZp1ojqPbBbmOAc-HA5N2o4v-PRiSsk8rqPCyvk3Tx1C5P-rcZZtS-X9XnEtl7wRYgTacQNA_R6vbQgylOOxJ8HarI1u7xWxDlYfxiEDjHEEVHbUlHAE_Oz7PhV80Ms7bc3scLORKG3HPGTqjH9of-EooGUB3k-Xpl9M5eB7A7geV_c8XbzZ0NPELo9dLYVByYKVXzHtk2o0tyzXvdmz-r7FqVYwlN_jOrpiFF_4ti0Wf2ZTI07y-WzKQT1tlXe-OSq86OtwCA0elY-weDLV49mb78gg
    Game-Client-Version: 1.0.0.0
    User-Agent: Loki/UE5-CL-0 (http-legacy) Windows/10.0.19045.1.256.64bit
    body: [
	{
		"EventNamespace": "loki",
		"EventName": "client_network_samples_snapshot",
		"Payload":
		{
			"sessionId": "567f77cd4269be09df02edb258c46222",
			"PlayerId": "9b9d2c887e2524f918e383a895f2f1c2",
			"timestamp": "2026-08-13T23:31:38.790Z",
			"inAveragePacketLoss": 0,
			"outAveragePacketLoss": 0,
			"HardwareId": "c1795a173f53c6f72e8b0125f11309c6"
		},
		"ClientTimestamp": "2026-08-13T23:32:26.572Z",
		"flightId": "34fe5245425ef9d90b4cd3a77b270727",
		"DeviceType": "Windows"
	}
]

#259 18:32:27.555  GET /revival/loadout
    -> 200  (0s)
    User-Agent: supervive-loadout-shim

#260 18:32:27.770  GET /revival/loadout
    -> 200  (0s)
    User-Agent: supervive-loadout-shim

#261 18:32:27.946  GET /revival/loadout
    -> 200  (0s)
    User-Agent: supervive-loadout-shim

#262 18:32:28.112  GET /revival/loadout
    -> 200  (0s)
    User-Agent: supervive-loadout-shim

#263 18:32:28.278  GET /revival/loadout
    -> 200  (0s)
    User-Agent: supervive-loadout-shim

#264 18:32:28.445  GET /revival/loadout
    -> 200  (0s)
    User-Agent: supervive-loadout-shim

#265 18:32:28.613  GET /revival/loadout
    -> 200  (0s)
    User-Agent: supervive-loadout-shim

#266 18:32:28.779  GET /revival/loadout
    -> 200  (0s)
    User-Agent: supervive-loadout-shim

#267 18:32:28.945  GET /revival/loadout
    -> 200  (0s)
    User-Agent: supervive-loadout-shim

#268 18:32:29.112  GET /revival/loadout
    -> 200  (0s)
    User-Agent: supervive-loadout-shim

#269 18:32:29.278  GET /revival/loadout
    -> 200  (0s)
    User-Agent: supervive-loadout-shim

#270 18:32:29.445  GET /revival/loadout
    -> 200  (0s)
    User-Agent: supervive-loadout-shim

#271 18:32:29.612  GET /revival/loadout
    -> 200  (0s)
    User-Agent: supervive-loadout-shim

#272 18:32:29.779  GET /revival/loadout
    -> 200  (0s)
    User-Agent: supervive-loadout-shim

#273 18:32:29.945  GET /revival/loadout
    -> 200  (0s)
    User-Agent: supervive-loadout-shim

#274 18:32:30.111  GET /revival/loadout
    -> 200  (0s)
    User-Agent: supervive-loadout-shim

#275 18:32:30.279  GET /revival/loadout
    -> 200  (0s)
    User-Agent: supervive-loadout-shim

#276 18:32:30.445  GET /revival/loadout
    -> 200  (0s)
    User-Agent: supervive-loadout-shim

#277 18:32:30.611  GET /revival/loadout
    -> 200  (0s)
    User-Agent: supervive-loadout-shim

#278 18:32:30.778  GET /revival/loadout
    -> 200  (0s)
    User-Agent: supervive-loadout-shim

#279 18:32:30.945  GET /revival/loadout
    -> 200  (0s)
    User-Agent: supervive-loadout-shim

#280 18:32:31.111  GET /revival/loadout
    -> 200  (0s)
    User-Agent: supervive-loadout-shim

#281 18:32:31.278  GET /revival/loadout
    -> 200  (0s)
    User-Agent: supervive-loadout-shim

#282 18:32:31.444  GET /revival/loadout
    -> 200  (0s)
    User-Agent: supervive-loadout-shim

#283 18:32:31.611  GET /revival/loadout
    -> 200  (0s)
    User-Agent: supervive-loadout-shim

#284 18:32:31.777  GET /revival/loadout
    -> 200  (0s)
    User-Agent: supervive-loadout-shim

#285 18:32:31.951  GET /revival/loadout
    -> 200  (0s)
    User-Agent: supervive-loadout-shim

#286 18:32:32.124  GET /revival/loadout
    -> 200  (0s)
    User-Agent: supervive-loadout-shim

#287 18:32:32.295  GET /revival/loadout
    -> 200  (0s)
    User-Agent: supervive-loadout-shim

#288 18:32:32.460  GET /revival/loadout
    -> 200  (0s)
    User-Agent: supervive-loadout-shim

#289 18:32:32.628  GET /revival/loadout
    -> 200  (0s)
    User-Agent: supervive-loadout-shim

#290 18:32:32.794  GET /revival/loadout
    -> 200  (0s)
    User-Agent: supervive-loadout-shim

#291 18:32:32.961  GET /revival/loadout
    -> 200  (0s)
    User-Agent: supervive-loadout-shim

#292 18:32:33.128  GET /revival/loadout
    -> 200  (0s)
    User-Agent: supervive-loadout-shim

#293 18:32:33.302  GET /revival/loadout
    -> 200  (0s)
    User-Agent: supervive-loadout-shim

#294 18:32:33.477  GET /revival/loadout
    -> 200  (0s)
    User-Agent: supervive-loadout-shim

#295 18:32:33.653  GET /revival/loadout
    -> 200  (0s)
    User-Agent: supervive-loadout-shim

#296 18:32:33.828  GET /revival/loadout
    -> 200  (0s)
    User-Agent: supervive-loadout-shim

#297 18:32:34.001  GET /revival/loadout
    -> 200  (0s)
    User-Agent: supervive-loadout-shim

#298 18:32:34.172  GET /revival/loadout
    -> 200  (0s)
    User-Agent: supervive-loadout-shim

#299 18:32:34.343  GET /revival/loadout
    -> 200  (0s)
    User-Agent: supervive-loadout-shim

#300 18:32:34.511  GET /revival/loadout
    -> 200  (0s)
    User-Agent: supervive-loadout-shim

#301 18:32:34.677  GET /revival/loadout
    -> 200  (0s)
    User-Agent: supervive-loadout-shim

#302 18:32:34.844  GET /revival/loadout
    -> 200  (0s)
    User-Agent: supervive-loadout-shim

#303 18:32:35.010  GET /revival/loadout
    -> 200  (0s)
    User-Agent: supervive-loadout-shim

#304 18:32:35.176  GET /revival/loadout
    -> 200  (0s)
    User-Agent: supervive-loadout-shim

#305 18:32:35.352  GET /revival/loadout
    -> 200  (0s)
    User-Agent: supervive-loadout-shim

#306 18:32:35.527  GET /revival/loadout
    -> 200  (0s)
    User-Agent: supervive-loadout-shim

#307 18:32:35.701  GET /revival/loadout
    -> 200  (0s)
    User-Agent: supervive-loadout-shim

#308 18:32:35.882  GET /revival/loadout
    -> 200  (0s)
    User-Agent: supervive-loadout-shim

#309 18:32:36.069  GET /revival/loadout
    -> 200  (0s)
    User-Agent: supervive-loadout-shim

* 18:32:36.153  WS PUSH[s118-presence-ONLINE] -> /lobby TEXT (120 bytes) "type: userStatusNotif\nuserId: f15118aaaaaaaaaaaaaaaaaaaaaaaaaa\navailability: Online\nactivity: S118ONLINE\nplatform: steam"

#310 18:32:36.266  GET /revival/loadout
    -> 200  (0s)
    User-Agent: supervive-loadout-shim

#311 18:32:36.508  GET /revival/loadout
    -> 200  (0s)
    User-Agent: supervive-loadout-shim

#312 18:32:36.684  GET /revival/loadout
    -> 200  (1ms)
    User-Agent: supervive-loadout-shim

#313 18:32:36.885  GET /revival/loadout
    -> 200  (0s)
    User-Agent: supervive-loadout-shim

#314 18:32:37.050  GET /revival/loadout
    -> 200  (1ms)
    User-Agent: supervive-loadout-shim

#315 18:32:37.217  GET /revival/loadout
    -> 200  (0s)
    User-Agent: supervive-loadout-shim

#316 18:32:37.385  GET /revival/loadout
    -> 200  (0s)
    User-Agent: supervive-loadout-shim

#317 18:32:37.551  GET /revival/loadout
    -> 200  (0s)
    User-Agent: supervive-loadout-shim

#318 18:32:37.717  GET /revival/loadout
    -> 200  (0s)
    User-Agent: supervive-loadout-shim

#319 18:32:37.895  GET /revival/loadout
    -> 200  (0s)
    User-Agent: supervive-loadout-shim

#320 18:32:38.071  GET /revival/loadout
    -> 200  (0s)
    User-Agent: supervive-loadout-shim

#321 18:32:38.244  GET /revival/loadout
    -> 200  (0s)
    User-Agent: supervive-loadout-shim

#322 18:32:38.419  GET /revival/loadout
    -> 200  (0s)
    User-Agent: supervive-loadout-shim

#323 18:32:38.585  GET /revival/loadout
    -> 200  (0s)
    User-Agent: supervive-loadout-shim

#324 18:32:38.750  GET /revival/loadout
    -> 200  (0s)
    User-Agent: supervive-loadout-shim

#325 18:32:38.916  GET /revival/loadout
    -> 200  (0s)
    User-Agent: supervive-loadout-shim

#326 18:32:39.084  GET /revival/loadout
    -> 200  (0s)
    User-Agent: supervive-loadout-shim

#327 18:32:39.257  GET /revival/loadout
    -> 200  (0s)
    User-Agent: supervive-loadout-shim

#328 18:32:39.426  GET /revival/loadout
    -> 200  (0s)
    User-Agent: supervive-loadout-shim

#329 18:32:39.599  GET /revival/loadout
    -> 200  (0s)
    User-Agent: supervive-loadout-shim

#330 18:32:39.766  GET /revival/loadout
    -> 200  (0s)
    User-Agent: supervive-loadout-shim

#331 18:32:39.933  GET /revival/loadout
    -> 200  (0s)
    User-Agent: supervive-loadout-shim

#332 18:32:40.100  GET /revival/loadout
    -> 200  (0s)
    User-Agent: supervive-loadout-shim

#333 18:32:40.284  GET /revival/loadout
    -> 200  (0s)
    User-Agent: supervive-loadout-shim

#334 18:32:40.450  GET /revival/loadout
    -> 200  (0s)
    User-Agent: supervive-loadout-shim

#335 18:32:40.617  GET /revival/loadout
    -> 200  (0s)
    User-Agent: supervive-loadout-shim

#336 18:32:40.783  GET /revival/loadout
    -> 200  (0s)
    User-Agent: supervive-loadout-shim

#337 18:32:40.949  GET /revival/loadout
    -> 200  (0s)
    User-Agent: supervive-loadout-shim

#338 18:32:41.127  GET /revival/loadout
    -> 200  (0s)
    User-Agent: supervive-loadout-shim

#339 18:32:41.299  GET /revival/loadout
    -> 200  (0s)
    User-Agent: supervive-loadout-shim

#340 18:32:41.466  GET /revival/loadout
    -> 200  (0s)
    User-Agent: supervive-loadout-shim

#341 18:32:41.637  GET /revival/loadout
    -> 200  (0s)
    User-Agent: supervive-loadout-shim

#342 18:32:41.808  GET /revival/loadout
    -> 200  (0s)
    User-Agent: supervive-loadout-shim

#343 18:32:41.975  GET /revival/loadout
    -> 200  (0s)
    User-Agent: supervive-loadout-shim

#344 18:32:42.140  GET /revival/loadout
    -> 200  (0s)
    User-Agent: supervive-loadout-shim

#345 18:32:42.307  GET /revival/loadout
    -> 200  (0s)
    User-Agent: supervive-loadout-shim

#346 18:32:42.474  GET /revival/loadout
    -> 200  (0s)
    User-Agent: supervive-loadout-shim

#347 18:32:42.641  GET /revival/loadout
    -> 200  (0s)
    User-Agent: supervive-loadout-shim

#348 18:32:42.809  GET /revival/loadout
    -> 200  (0s)
    User-Agent: supervive-loadout-shim

#349 18:32:42.974  GET /revival/loadout
    -> 200  (0s)
    User-Agent: supervive-loadout-shim

#350 18:32:43.140  GET /revival/loadout
    -> 200  (0s)
    User-Agent: supervive-loadout-shim

#351 18:32:43.307  GET /revival/loadout
    -> 200  (0s)
    User-Agent: supervive-loadout-shim

#352 18:32:43.473  GET /revival/loadout
    -> 200  (0s)
    User-Agent: supervive-loadout-shim

#353 18:32:43.640  GET /revival/loadout
    -> 200  (0s)
    User-Agent: supervive-loadout-shim

#354 18:32:43.807  GET /revival/loadout
    -> 200  (0s)
    User-Agent: supervive-loadout-shim

#355 18:32:43.973  GET /revival/loadout
    -> 200  (0s)
    User-Agent: supervive-loadout-shim

#356 18:32:44.140  GET /revival/loadout
    -> 200  (0s)
    User-Agent: supervive-loadout-shim

#357 18:32:44.307  GET /revival/loadout
    -> 200  (0s)
    User-Agent: supervive-loadout-shim

#358 18:32:44.473  GET /revival/loadout
    -> 200  (0s)
    User-Agent: supervive-loadout-shim

#359 18:32:44.640  GET /revival/loadout
    -> 200  (0s)
    User-Agent: supervive-loadout-shim

#360 18:32:44.806  GET /revival/loadout
    -> 200  (0s)
    User-Agent: supervive-loadout-shim

#361 18:32:44.972  GET /revival/loadout
    -> 200  (0s)
    User-Agent: supervive-loadout-shim

#362 18:32:45.138  GET /revival/loadout
    -> 200  (1ms)
    User-Agent: supervive-loadout-shim

#363 18:32:45.306  GET /revival/loadout
    -> 200  (0s)
    User-Agent: supervive-loadout-shim

#364 18:32:45.473  GET /revival/loadout
    -> 200  (0s)
    User-Agent: supervive-loadout-shim

#365 18:32:45.640  GET /revival/loadout
    -> 200  (0s)
    User-Agent: supervive-loadout-shim

#366 18:32:45.806  GET /revival/loadout
    -> 200  (0s)
    User-Agent: supervive-loadout-shim

#367 18:32:45.973  GET /revival/loadout
    -> 200  (0s)
    User-Agent: supervive-loadout-shim

#368 18:32:46.148  GET /revival/loadout
    -> 200  (0s)
    User-Agent: supervive-loadout-shim

#369 18:32:46.313  GET /revival/loadout
    -> 200  (0s)
    User-Agent: supervive-loadout-shim

#370 18:32:46.481  GET /revival/loadout
    -> 200  (0s)
    User-Agent: supervive-loadout-shim

#371 18:32:46.487  GET /party/players/9b9d2c887e2524f918e383a895f2f1c2/voice
    -> 200  (0s)
    X-Theorycraft-Clientversion: release2.4.live-156430-shipping
    Authorization: Bearer eyJhbGciOiJSUzI1NiIsImtpZCI6InN1cGVydml2ZS1yZXZpdmFsLWtleS0xIiwidHlwIjoiSldUIn0.eyJiYW5zIjpbXSwiY2xpZW50X2lkIjoiYmE4ZmI1OWEzNGJiNDgxYWJjYTA4YzQ2YmE0ODgwMjUiLCJjb3VudHJ5IjoiVVMiLCJkaXNwbGF5X25hbWUiOiJSZXZpdmVyIiwiZXhwIjoxNzg2NzM4NjUwLCJpYXQiOjE3ODY2NTIyNTAsImlzX2NvbXBseSI6dHJ1ZSwiamZsZ3MiOjAsIm5hbWVzcGFjZSI6InN1cGVydml2ZSIsIm5iZiI6MTc4NjY1MjE5MCwicGVybWlzc2lvbnMiOlt7IkFjdGlvbiI6MTUsIlJlc291cmNlIjoiTkFNRVNQQUNFOnN1cGVydml2ZToqIn0seyJBY3Rpb24iOjE1LCJSZXNvdXJjZSI6IkFETUlOOk5BTUVTUEFDRTpzdXBlcnZpdmU6KiJ9XSwicm9sZXMiOltdLCJzY29wZSI6ImNvbW1lcmNlIGFjY291bnQgc29jaWFsIHB1Ymxpc2hpbmcgYW5hbHl0aWNzIiwic3ViIjoiOWI5ZDJjODg3ZTI1MjRmOTE4ZTM4M2E4OTVmMmYxYzIiLCJ1bmlxdWVEaXNwbGF5TmFtZSI6IlJldml2ZXIjMDAwMSIsInVuaXF1ZV9kaXNwbGF5X25hbWUiOiJSZXZpdmVyIzAwMDEifQ.S8me6zCTJy1oN7cCA9hQMdHB81PfiOQjPGkisaKCUBzabcSTr1c468GSswCZp1ojqPbBbmOAc-HA5N2o4v-PRiSsk8rqPCyvk3Tx1C5P-rcZZtS-X9XnEtl7wRYgTacQNA_R6vbQgylOOxJ8HarI1u7xWxDlYfxiEDjHEEVHbUlHAE_Oz7PhV80Ms7bc3scLORKG3HPGTqjH9of-EooGUB3k-Xpl9M5eB7A7geV_c8XbzZ0NPELo9dLYVByYKVXzHtk2o0tyzXvdmz-r7FqVYwlN_jOrpiFF_4ti0Wf2ZTI07y-WzKQT1tlXe-OSq86OtwCA0elY-weDLV49mb78gg
    User-Agent: Loki/UE5-CL-0 (http-legacy) Windows/10.0.19045.1.256.64bit
    Accept: */*

#372 18:32:46.648  GET /revival/loadout
    -> 200  (0s)
    User-Agent: supervive-loadout-shim

#373 18:32:46.814  GET /revival/loadout
    -> 200  (0s)
    User-Agent: supervive-loadout-shim

#374 18:32:46.981  GET /revival/loadout
    -> 200  (0s)
    User-Agent: supervive-loadout-shim

#375 18:32:47.147  GET /revival/loadout
    -> 200  (0s)
    User-Agent: supervive-loadout-shim

#376 18:32:47.322  GET /revival/loadout
    -> 200  (0s)
    User-Agent: supervive-loadout-shim

#377 18:32:47.496  GET /revival/loadout
    -> 200  (0s)
    User-Agent: supervive-loadout-shim

#378 18:32:47.679  GET /revival/loadout
    -> 200  (0s)
    User-Agent: supervive-loadout-shim

#379 18:32:47.855  GET /revival/loadout
    -> 200  (0s)
    User-Agent: supervive-loadout-shim

#380 18:32:48.030  GET /revival/loadout
    -> 200  (0s)
    User-Agent: supervive-loadout-shim

#381 18:32:48.205  GET /revival/loadout
    -> 200  (0s)
    User-Agent: supervive-loadout-shim

* 18:32:48.207  WS <- /notifications/players/9b9d2c887e2524f918e383a895f2f1c2 BINARY (2 bytes) 6862

* 18:32:48.253  WS -> /notifications/players/9b9d2c887e2524f918e383a895f2f1c2 TEXT hb reply {"Resource":"hb","Version":0,"Payload":""}

#382 18:32:48.371  GET /revival/loadout
    -> 200  (0s)
    User-Agent: supervive-loadout-shim

#383 18:32:48.547  GET /revival/loadout
    -> 200  (0s)
    User-Agent: supervive-loadout-shim

#384 18:32:48.713  GET /revival/loadout
    -> 200  (0s)
    User-Agent: supervive-loadout-shim

#385 18:32:48.880  GET /revival/loadout
    -> 200  (0s)
    User-Agent: supervive-loadout-shim

#386 18:32:49.048  GET /revival/loadout
    -> 200  (0s)
    User-Agent: supervive-loadout-shim

#387 18:32:49.212  GET /revival/loadout
    -> 200  (0s)
    User-Agent: supervive-loadout-shim

#388 18:32:49.388  GET /revival/loadout
    -> 200  (0s)
    User-Agent: supervive-loadout-shim

#389 18:32:49.554  GET /revival/loadout
    -> 200  (0s)
    User-Agent: supervive-loadout-shim

#390 18:32:49.721  GET /revival/loadout
    -> 200  (0s)
    User-Agent: supervive-loadout-shim

* 18:32:49.828  WS <- /lobby TEXT ""

#391 18:32:49.888  GET /revival/loadout
    -> 200  (0s)
    User-Agent: supervive-loadout-shim

#392 18:32:50.055  GET /revival/loadout
    -> 200  (0s)
    User-Agent: supervive-loadout-shim

#393 18:32:50.221  GET /revival/loadout
    -> 200  (0s)
    User-Agent: supervive-loadout-shim

#394 18:32:50.396  GET /revival/loadout
    -> 200  (0s)
    User-Agent: supervive-loadout-shim

#395 18:32:50.570  GET /revival/loadout
    -> 200  (0s)
    User-Agent: supervive-loadout-shim

#396 18:32:50.747  GET /revival/loadout
    -> 200  (0s)
    User-Agent: supervive-loadout-shim

#397 18:32:50.920  GET /revival/loadout
    -> 200  (0s)
    User-Agent: supervive-loadout-shim

#398 18:32:51.095  GET /revival/loadout
    -> 200  (1ms)
    User-Agent: supervive-loadout-shim

#399 18:32:51.270  GET /revival/loadout
    -> 200  (0s)
    User-Agent: supervive-loadout-shim

#400 18:32:51.445  GET /revival/loadout
    -> 200  (0s)
    User-Agent: supervive-loadout-shim

#401 18:32:51.619  GET /revival/loadout
    -> 200  (0s)
    User-Agent: supervive-loadout-shim

#402 18:32:51.804  GET /revival/loadout
    -> 200  (0s)
    User-Agent: supervive-loadout-shim

#403 18:32:51.979  GET /revival/loadout
    -> 200  (0s)
    User-Agent: supervive-loadout-shim

#404 18:32:52.154  GET /revival/loadout
    -> 200  (0s)
    User-Agent: supervive-loadout-shim

#405 18:32:52.328  GET /revival/loadout
    -> 200  (0s)
    User-Agent: supervive-loadout-shim

#406 18:32:52.495  GET /revival/loadout
    -> 200  (0s)
    User-Agent: supervive-loadout-shim

#407 18:32:52.661  GET /revival/loadout
    -> 200  (0s)
    User-Agent: supervive-loadout-shim

#408 18:32:52.828  GET /revival/loadout
    -> 200  (0s)
    User-Agent: supervive-loadout-shim

#409 18:32:52.996  GET /revival/loadout
    -> 200  (0s)
    User-Agent: supervive-loadout-shim

#410 18:32:53.156  GET /revival/missions/progress
    -> 200  (0s)
    User-Agent: supervive-missions-shim

#411 18:32:53.162  GET /revival/loadout
    -> 200  (0s)
    User-Agent: supervive-loadout-shim

#412 18:32:53.194  GET /party/matchmaking/info
    -> 200  (0s)
    Accept: */*
    Authorization: Bearer eyJhbGciOiJSUzI1NiIsImtpZCI6InN1cGVydml2ZS1yZXZpdmFsLWtleS0xIiwidHlwIjoiSldUIn0.eyJiYW5zIjpbXSwiY2xpZW50X2lkIjoiYmE4ZmI1OWEzNGJiNDgxYWJjYTA4YzQ2YmE0ODgwMjUiLCJjb3VudHJ5IjoiVVMiLCJkaXNwbGF5X25hbWUiOiJSZXZpdmVyIiwiZXhwIjoxNzg2NzM4NjUwLCJpYXQiOjE3ODY2NTIyNTAsImlzX2NvbXBseSI6dHJ1ZSwiamZsZ3MiOjAsIm5hbWVzcGFjZSI6InN1cGVydml2ZSIsIm5iZiI6MTc4NjY1MjE5MCwicGVybWlzc2lvbnMiOlt7IkFjdGlvbiI6MTUsIlJlc291cmNlIjoiTkFNRVNQQUNFOnN1cGVydml2ZToqIn0seyJBY3Rpb24iOjE1LCJSZXNvdXJjZSI6IkFETUlOOk5BTUVTUEFDRTpzdXBlcnZpdmU6KiJ9XSwicm9sZXMiOltdLCJzY29wZSI6ImNvbW1lcmNlIGFjY291bnQgc29jaWFsIHB1Ymxpc2hpbmcgYW5hbHl0aWNzIiwic3ViIjoiOWI5ZDJjODg3ZTI1MjRmOTE4ZTM4M2E4OTVmMmYxYzIiLCJ1bmlxdWVEaXNwbGF5TmFtZSI6IlJldml2ZXIjMDAwMSIsInVuaXF1ZV9kaXNwbGF5X25hbWUiOiJSZXZpdmVyIzAwMDEifQ.S8me6zCTJy1oN7cCA9hQMdHB81PfiOQjPGkisaKCUBzabcSTr1c468GSswCZp1ojqPbBbmOAc-HA5N2o4v-PRiSsk8rqPCyvk3Tx1C5P-rcZZtS-X9XnEtl7wRYgTacQNA_R6vbQgylOOxJ8HarI1u7xWxDlYfxiEDjHEEVHbUlHAE_Oz7PhV80Ms7bc3scLORKG3HPGTqjH9of-EooGUB3k-Xpl9M5eB7A7geV_c8XbzZ0NPELo9dLYVByYKVXzHtk2o0tyzXvdmz-r7FqVYwlN_jOrpiFF_4ti0Wf2ZTI07y-WzKQT1tlXe-OSq86OtwCA0elY-weDLV49mb78gg
    X-Theorycraft-Clientversion: release2.4.live-156430-shipping
    User-Agent: Loki/UE5-CL-0 (http-legacy) Windows/10.0.19045.1.256.64bit

#413 18:32:53.194  GET /core-game/regions
    -> 200  (0s)
    Accept: */*
    X-Theorycraft-Clientversion: release2.4.live-156430-shipping
    Authorization: Bearer eyJhbGciOiJSUzI1NiIsImtpZCI6InN1cGVydml2ZS1yZXZpdmFsLWtleS0xIiwidHlwIjoiSldUIn0.eyJiYW5zIjpbXSwiY2xpZW50X2lkIjoiYmE4ZmI1OWEzNGJiNDgxYWJjYTA4YzQ2YmE0ODgwMjUiLCJjb3VudHJ5IjoiVVMiLCJkaXNwbGF5X25hbWUiOiJSZXZpdmVyIiwiZXhwIjoxNzg2NzM4NjUwLCJpYXQiOjE3ODY2NTIyNTAsImlzX2NvbXBseSI6dHJ1ZSwiamZsZ3MiOjAsIm5hbWVzcGFjZSI6InN1cGVydml2ZSIsIm5iZiI6MTc4NjY1MjE5MCwicGVybWlzc2lvbnMiOlt7IkFjdGlvbiI6MTUsIlJlc291cmNlIjoiTkFNRVNQQUNFOnN1cGVydml2ZToqIn0seyJBY3Rpb24iOjE1LCJSZXNvdXJjZSI6IkFETUlOOk5BTUVTUEFDRTpzdXBlcnZpdmU6KiJ9XSwicm9sZXMiOltdLCJzY29wZSI6ImNvbW1lcmNlIGFjY291bnQgc29jaWFsIHB1Ymxpc2hpbmcgYW5hbHl0aWNzIiwic3ViIjoiOWI5ZDJjODg3ZTI1MjRmOTE4ZTM4M2E4OTVmMmYxYzIiLCJ1bmlxdWVEaXNwbGF5TmFtZSI6IlJldml2ZXIjMDAwMSIsInVuaXF1ZV9kaXNwbGF5X25hbWUiOiJSZXZpdmVyIzAwMDEifQ.S8me6zCTJy1oN7cCA9hQMdHB81PfiOQjPGkisaKCUBzabcSTr1c468GSswCZp1ojqPbBbmOAc-HA5N2o4v-PRiSsk8rqPCyvk3Tx1C5P-rcZZtS-X9XnEtl7wRYgTacQNA_R6vbQgylOOxJ8HarI1u7xWxDlYfxiEDjHEEVHbUlHAE_Oz7PhV80Ms7bc3scLORKG3HPGTqjH9of-EooGUB3k-Xpl9M5eB7A7geV_c8XbzZ0NPELo9dLYVByYKVXzHtk2o0tyzXvdmz-r7FqVYwlN_jOrpiFF_4ti0Wf2ZTI07y-WzKQT1tlXe-OSq86OtwCA0elY-weDLV49mb78gg
    User-Agent: Loki/UE5-CL-0 (http-legacy) Windows/10.0.19045.1.256.64bit

#414 18:32:53.410  GET /revival/loadout
    -> 200  (0s)
    User-Agent: supervive-loadout-shim

#415 18:32:53.620  GET /revival/loadout
    -> 200  (0s)
    User-Agent: supervive-loadout-shim

#416 18:32:53.794  GET /revival/loadout
    -> 200  (0s)
    User-Agent: supervive-loadout-shim

#417 18:32:53.969  GET /revival/loadout
    -> 200  (0s)
    User-Agent: supervive-loadout-shim

#418 18:32:54.145  GET /revival/loadout
    -> 200  (0s)
    User-Agent: supervive-loadout-shim

#419 18:32:54.319  GET /revival/loadout
    -> 200  (0s)
    User-Agent: supervive-loadout-shim

#420 18:32:54.494  GET /revival/loadout
    -> 200  (0s)
    User-Agent: supervive-loadout-shim

#421 18:32:54.669  GET /revival/loadout
    -> 200  (0s)
    User-Agent: supervive-loadout-shim

#422 18:32:54.844  GET /revival/loadout
    -> 200  (0s)
    User-Agent: supervive-loadout-shim

#423 18:32:55.020  GET /revival/loadout
    -> 200  (0s)
    User-Agent: supervive-loadout-shim

#424 18:32:55.194  GET /revival/loadout
    -> 200  (0s)
    User-Agent: supervive-loadout-shim

#425 18:32:55.369  GET /revival/loadout
    -> 200  (0s)
    User-Agent: supervive-loadout-shim

#426 18:32:55.545  GET /revival/loadout
    -> 200  (0s)
    User-Agent: supervive-loadout-shim

#427 18:32:55.725  GET /revival/loadout
    -> 200  (0s)
    User-Agent: supervive-loadout-shim

#428 18:32:55.902  GET /revival/loadout
    -> 200  (0s)
    User-Agent: supervive-loadout-shim

#429 18:32:56.077  GET /revival/loadout
    -> 200  (0s)
    User-Agent: supervive-loadout-shim

#430 18:32:56.209  GET /configuration/client?language=en
    -> 200  (0s)
    Accept: */*
    Authorization: Bearer eyJhbGciOiJSUzI1NiIsImtpZCI6InN1cGVydml2ZS1yZXZpdmFsLWtleS0xIiwidHlwIjoiSldUIn0.eyJiYW5zIjpbXSwiY2xpZW50X2lkIjoiYmE4ZmI1OWEzNGJiNDgxYWJjYTA4YzQ2YmE0ODgwMjUiLCJjb3VudHJ5IjoiVVMiLCJkaXNwbGF5X25hbWUiOiJSZXZpdmVyIiwiZXhwIjoxNzg2NzM4NjUwLCJpYXQiOjE3ODY2NTIyNTAsImlzX2NvbXBseSI6dHJ1ZSwiamZsZ3MiOjAsIm5hbWVzcGFjZSI6InN1cGVydml2ZSIsIm5iZiI6MTc4NjY1MjE5MCwicGVybWlzc2lvbnMiOlt7IkFjdGlvbiI6MTUsIlJlc291cmNlIjoiTkFNRVNQQUNFOnN1cGVydml2ZToqIn0seyJBY3Rpb24iOjE1LCJSZXNvdXJjZSI6IkFETUlOOk5BTUVTUEFDRTpzdXBlcnZpdmU6KiJ9XSwicm9sZXMiOltdLCJzY29wZSI6ImNvbW1lcmNlIGFjY291bnQgc29jaWFsIHB1Ymxpc2hpbmcgYW5hbHl0aWNzIiwic3ViIjoiOWI5ZDJjODg3ZTI1MjRmOTE4ZTM4M2E4OTVmMmYxYzIiLCJ1bmlxdWVEaXNwbGF5TmFtZSI6IlJldml2ZXIjMDAwMSIsInVuaXF1ZV9kaXNwbGF5X25hbWUiOiJSZXZpdmVyIzAwMDEifQ.S8me6zCTJy1oN7cCA9hQMdHB81PfiOQjPGkisaKCUBzabcSTr1c468GSswCZp1ojqPbBbmOAc-HA5N2o4v-PRiSsk8rqPCyvk3Tx1C5P-rcZZtS-X9XnEtl7wRYgTacQNA_R6vbQgylOOxJ8HarI1u7xWxDlYfxiEDjHEEVHbUlHAE_Oz7PhV80Ms7bc3scLORKG3HPGTqjH9of-EooGUB3k-Xpl9M5eB7A7geV_c8XbzZ0NPELo9dLYVByYKVXzHtk2o0tyzXvdmz-r7FqVYwlN_jOrpiFF_4ti0Wf2ZTI07y-WzKQT1tlXe-OSq86OtwCA0elY-weDLV49mb78gg
    X-Theorycraft-Clientversion: release2.4.live-156430-shipping
    User-Agent: Loki/UE5-CL-0 (http-legacy) Windows/10.0.19045.1.256.64bit

#431 18:32:56.252  GET /revival/loadout
    -> 200  (0s)
    User-Agent: supervive-loadout-shim

#432 18:32:56.310  GET /content-service/manifest/release2.4.live-156430-shipping?nonEnabledOnly=true
    -> 200  (0s)
    Authorization: Bearer eyJhbGciOiJSUzI1NiIsImtpZCI6InN1cGVydml2ZS1yZXZpdmFsLWtleS0xIiwidHlwIjoiSldUIn0.eyJiYW5zIjpbXSwiY2xpZW50X2lkIjoiYmE4ZmI1OWEzNGJiNDgxYWJjYTA4YzQ2YmE0ODgwMjUiLCJjb3VudHJ5IjoiVVMiLCJkaXNwbGF5X25hbWUiOiJSZXZpdmVyIiwiZXhwIjoxNzg2NzM4NjUwLCJpYXQiOjE3ODY2NTIyNTAsImlzX2NvbXBseSI6dHJ1ZSwiamZsZ3MiOjAsIm5hbWVzcGFjZSI6InN1cGVydml2ZSIsIm5iZiI6MTc4NjY1MjE5MCwicGVybWlzc2lvbnMiOlt7IkFjdGlvbiI6MTUsIlJlc291cmNlIjoiTkFNRVNQQUNFOnN1cGVydml2ZToqIn0seyJBY3Rpb24iOjE1LCJSZXNvdXJjZSI6IkFETUlOOk5BTUVTUEFDRTpzdXBlcnZpdmU6KiJ9XSwicm9sZXMiOltdLCJzY29wZSI6ImNvbW1lcmNlIGFjY291bnQgc29jaWFsIHB1Ymxpc2hpbmcgYW5hbHl0aWNzIiwic3ViIjoiOWI5ZDJjODg3ZTI1MjRmOTE4ZTM4M2E4OTVmMmYxYzIiLCJ1bmlxdWVEaXNwbGF5TmFtZSI6IlJldml2ZXIjMDAwMSIsInVuaXF1ZV9kaXNwbGF5X25hbWUiOiJSZXZpdmVyIzAwMDEifQ.S8me6zCTJy1oN7cCA9hQMdHB81PfiOQjPGkisaKCUBzabcSTr1c468GSswCZp1ojqPbBbmOAc-HA5N2o4v-PRiSsk8rqPCyvk3Tx1C5P-rcZZtS-X9XnEtl7wRYgTacQNA_R6vbQgylOOxJ8HarI1u7xWxDlYfxiEDjHEEVHbUlHAE_Oz7PhV80Ms7bc3scLORKG3HPGTqjH9of-EooGUB3k-Xpl9M5eB7A7geV_c8XbzZ0NPELo9dLYVByYKVXzHtk2o0tyzXvdmz-r7FqVYwlN_jOrpiFF_4ti0Wf2ZTI07y-WzKQT1tlXe-OSq86OtwCA0elY-weDLV49mb78gg
    User-Agent: Loki/UE5-CL-0 (http-legacy) Windows/10.0.19045.1.256.64bit
    Accept: */*
    X-Theorycraft-Clientversion: release2.4.live-156430-shipping

#433 18:32:56.435  GET /revival/loadout
    -> 200  (0s)
    User-Agent: supervive-loadout-shim

#434 18:32:56.610  GET /revival/loadout
    -> 200  (0s)
    User-Agent: supervive-loadout-shim

#435 18:32:56.785  GET /revival/loadout
    -> 200  (0s)
    User-Agent: supervive-loadout-shim

#436 18:32:56.958  GET /revival/loadout
    -> 200  (0s)
    User-Agent: supervive-loadout-shim

#437 18:32:57.139  GET /revival/loadout
    -> 200  (0s)
    User-Agent: supervive-loadout-shim

#438 18:32:57.318  GET /revival/loadout
    -> 200  (0s)
    User-Agent: supervive-loadout-shim

#439 18:32:57.493  GET /revival/loadout
    -> 200  (0s)
    User-Agent: supervive-loadout-shim

#440 18:32:57.668  GET /revival/loadout
    -> 200  (0s)
    User-Agent: supervive-loadout-shim

#441 18:32:57.843  GET /revival/loadout
    -> 200  (0s)
    User-Agent: supervive-loadout-shim

#442 18:32:58.017  GET /revival/loadout
    -> 200  (0s)
    User-Agent: supervive-loadout-shim

#443 18:32:58.193  GET /revival/loadout
    -> 200  (0s)
    User-Agent: supervive-loadout-shim

#444 18:32:58.360  GET /revival/loadout
    -> 200  (0s)
    User-Agent: supervive-loadout-shim

#445 18:32:58.526  GET /revival/loadout
    -> 200  (0s)
    User-Agent: supervive-loadout-shim

#446 18:32:58.693  GET /revival/loadout
    -> 200  (0s)
    User-Agent: supervive-loadout-shim

#447 18:32:58.860  GET /revival/loadout
    -> 200  (0s)
    User-Agent: supervive-loadout-shim

#448 18:32:59.026  GET /revival/loadout
    -> 200  (0s)
    User-Agent: supervive-loadout-shim

#449 18:32:59.192  GET /revival/loadout
    -> 200  (1ms)
    User-Agent: supervive-loadout-shim

#450 18:32:59.362  GET /revival/loadout
    -> 200  (0s)
    User-Agent: supervive-loadout-shim

#451 18:32:59.534  GET /revival/loadout
    -> 200  (0s)
    User-Agent: supervive-loadout-shim

#452 18:32:59.702  GET /revival/loadout
    -> 200  (0s)
    User-Agent: supervive-loadout-shim

#453 18:32:59.868  GET /revival/loadout
    -> 200  (0s)
    User-Agent: supervive-loadout-shim

#454 18:33:00.034  GET /revival/loadout
    -> 200  (0s)
    User-Agent: supervive-loadout-shim

#455 18:33:00.202  GET /revival/loadout
    -> 200  (0s)
    User-Agent: supervive-loadout-shim

#456 18:33:00.368  GET /revival/loadout
    -> 200  (0s)
    User-Agent: supervive-loadout-shim

#457 18:33:00.535  GET /revival/loadout
    -> 200  (0s)
    User-Agent: supervive-loadout-shim

#458 18:33:00.700  GET /revival/loadout
    -> 200  (0s)
    User-Agent: supervive-loadout-shim

#459 18:33:00.867  GET /revival/loadout
    -> 200  (0s)
    User-Agent: supervive-loadout-shim

#460 18:33:01.034  GET /revival/loadout
    -> 200  (0s)
    User-Agent: supervive-loadout-shim

#461 18:33:01.200  GET /revival/loadout
    -> 200  (0s)
    User-Agent: supervive-loadout-shim

#462 18:33:01.367  GET /revival/loadout
    -> 200  (0s)
    User-Agent: supervive-loadout-shim

#463 18:33:01.533  GET /revival/loadout
    -> 200  (1ms)
    User-Agent: supervive-loadout-shim

#464 18:33:01.709  GET /revival/loadout
    -> 200  (0s)
    User-Agent: supervive-loadout-shim

#465 18:33:01.875  GET /revival/loadout
    -> 200  (0s)
    User-Agent: supervive-loadout-shim

#466 18:33:02.041  GET /revival/loadout
    -> 200  (0s)
    User-Agent: supervive-loadout-shim

#467 18:33:02.208  GET /revival/loadout
    -> 200  (0s)
    User-Agent: supervive-loadout-shim

#468 18:33:02.375  GET /revival/loadout
    -> 200  (0s)
    User-Agent: supervive-loadout-shim

#469 18:33:02.550  GET /revival/loadout
    -> 200  (0s)
    User-Agent: supervive-loadout-shim

#470 18:33:02.716  GET /revival/loadout
    -> 200  (0s)
    User-Agent: supervive-loadout-shim

#471 18:33:02.883  GET /revival/loadout
    -> 200  (0s)
    User-Agent: supervive-loadout-shim

#472 18:33:03.059  GET /revival/loadout
    -> 200  (0s)
    User-Agent: supervive-loadout-shim

#473 18:33:03.233  GET /revival/loadout
    -> 200  (0s)
    User-Agent: supervive-loadout-shim

#474 18:33:03.399  GET /revival/loadout
    -> 200  (0s)
    User-Agent: supervive-loadout-shim

#475 18:33:03.590  GET /revival/loadout
    -> 200  (0s)
    User-Agent: supervive-loadout-shim

#476 18:33:03.766  GET /revival/loadout
    -> 200  (0s)
    User-Agent: supervive-loadout-shim

#477 18:33:03.940  GET /revival/loadout
    -> 200  (0s)
    User-Agent: supervive-loadout-shim

#478 18:33:04.116  GET /revival/loadout
    -> 200  (0s)
    User-Agent: supervive-loadout-shim

#479 18:33:04.291  GET /revival/loadout
    -> 200  (0s)
    User-Agent: supervive-loadout-shim

#480 18:33:04.465  GET /revival/loadout
    -> 200  (0s)
    User-Agent: supervive-loadout-shim

#481 18:33:04.640  GET /revival/loadout
    -> 200  (0s)
    User-Agent: supervive-loadout-shim

#482 18:33:04.815  GET /revival/loadout
    -> 200  (0s)
    User-Agent: supervive-loadout-shim

#483 18:33:04.990  GET /revival/loadout
    -> 200  (0s)
    User-Agent: supervive-loadout-shim

#484 18:33:05.165  GET /revival/loadout
    -> 200  (0s)
    User-Agent: supervive-loadout-shim

#485 18:33:05.340  GET /revival/loadout
    -> 200  (0s)
    User-Agent: supervive-loadout-shim

#486 18:33:05.507  GET /revival/loadout
    -> 200  (0s)
    User-Agent: supervive-loadout-shim

#487 18:33:05.673  GET /revival/loadout
    -> 200  (0s)
    User-Agent: supervive-loadout-shim

#488 18:33:05.840  GET /revival/loadout
    -> 200  (0s)
    User-Agent: supervive-loadout-shim

#489 18:33:06.015  GET /revival/loadout
    -> 200  (0s)
    User-Agent: supervive-loadout-shim

#490 18:33:06.189  GET /revival/loadout
    -> 200  (0s)
    User-Agent: supervive-loadout-shim

#491 18:33:06.365  GET /revival/loadout
    -> 200  (0s)
    User-Agent: supervive-loadout-shim

#492 18:33:06.540  GET /revival/loadout
    -> 200  (0s)
    User-Agent: supervive-loadout-shim

#493 18:33:06.715  GET /revival/loadout
    -> 200  (0s)
    User-Agent: supervive-loadout-shim

#494 18:33:06.889  GET /revival/loadout
    -> 200  (0s)
    User-Agent: supervive-loadout-shim

#495 18:33:07.064  GET /revival/loadout
    -> 200  (0s)
    User-Agent: supervive-loadout-shim

#496 18:33:07.240  GET /revival/loadout
    -> 200  (0s)
    User-Agent: supervive-loadout-shim

#497 18:33:07.414  GET /revival/loadout
    -> 200  (0s)
    User-Agent: supervive-loadout-shim

#498 18:33:07.580  GET /revival/loadout
    -> 200  (0s)
    User-Agent: supervive-loadout-shim

#499 18:33:07.747  GET /revival/loadout
    -> 200  (0s)
    User-Agent: supervive-loadout-shim

#500 18:33:07.914  GET /revival/loadout
    -> 200  (0s)
    User-Agent: supervive-loadout-shim

#501 18:33:08.079  GET /revival/loadout
    -> 200  (1ms)
    User-Agent: supervive-loadout-shim

#502 18:33:08.256  GET /revival/loadout
    -> 200  (0s)
    User-Agent: supervive-loadout-shim

#503 18:33:08.423  GET /revival/loadout
    -> 200  (0s)
    User-Agent: supervive-loadout-shim

#504 18:33:08.589  GET /revival/loadout
    -> 200  (0s)
    User-Agent: supervive-loadout-shim

#505 18:33:08.756  GET /revival/loadout
    -> 200  (0s)
    User-Agent: supervive-loadout-shim

#506 18:33:08.922  GET /revival/loadout
    -> 200  (0s)
    User-Agent: supervive-loadout-shim

#507 18:33:09.088  GET /revival/loadout
    -> 200  (0s)
    User-Agent: supervive-loadout-shim

#508 18:33:09.264  GET /revival/loadout
    -> 200  (0s)
    User-Agent: supervive-loadout-shim

#509 18:33:09.430  GET /revival/loadout
    -> 200  (0s)
    User-Agent: supervive-loadout-shim

#510 18:33:09.597  GET /revival/loadout
    -> 200  (0s)
    User-Agent: supervive-loadout-shim

#511 18:33:09.764  GET /revival/loadout
    -> 200  (0s)
    User-Agent: supervive-loadout-shim

#512 18:33:09.930  GET /revival/loadout
    -> 200  (0s)
    User-Agent: supervive-loadout-shim

#513 18:33:10.097  GET /revival/loadout
    -> 200  (0s)
    User-Agent: supervive-loadout-shim

#514 18:33:10.264  GET /revival/loadout
    -> 200  (0s)
    User-Agent: supervive-loadout-shim

#515 18:33:10.429  GET /revival/loadout
    -> 200  (0s)
    User-Agent: supervive-loadout-shim

#516 18:33:10.597  GET /revival/loadout
    -> 200  (0s)
    User-Agent: supervive-loadout-shim

#517 18:33:10.763  GET /revival/loadout
    -> 200  (0s)
    User-Agent: supervive-loadout-shim

#518 18:33:10.928  GET /revival/loadout
    -> 200  (0s)
    User-Agent: supervive-loadout-shim

#519 18:33:11.096  GET /revival/loadout
    -> 200  (0s)
    User-Agent: supervive-loadout-shim

#520 18:33:11.263  GET /revival/loadout
    -> 200  (0s)
    User-Agent: supervive-loadout-shim

#521 18:33:11.430  GET /revival/loadout
    -> 200  (0s)
    User-Agent: supervive-loadout-shim

#522 18:33:11.596  GET /revival/loadout
    -> 200  (0s)
    User-Agent: supervive-loadout-shim

#523 18:33:11.761  GET /revival/loadout
    -> 200  (0s)
    User-Agent: supervive-loadout-shim

#524 18:33:11.928  GET /revival/loadout
    -> 200  (1ms)
    User-Agent: supervive-loadout-shim

#525 18:33:12.096  GET /revival/loadout
    -> 200  (0s)
    User-Agent: supervive-loadout-shim

#526 18:33:12.262  GET /revival/loadout
    -> 200  (0s)
    User-Agent: supervive-loadout-shim

#527 18:33:12.429  GET /revival/loadout
    -> 200  (0s)
    User-Agent: supervive-loadout-shim

#528 18:33:12.596  GET /revival/loadout
    -> 200  (0s)
    User-Agent: supervive-loadout-shim

#529 18:33:12.761  GET /revival/loadout
    -> 200  (0s)
    User-Agent: supervive-loadout-shim

#530 18:33:12.929  GET /revival/loadout
    -> 200  (0s)
    User-Agent: supervive-loadout-shim

#531 18:33:13.096  GET /revival/loadout
    -> 200  (0s)
    User-Agent: supervive-loadout-shim

#532 18:33:13.271  GET /revival/loadout
    -> 200  (0s)
    User-Agent: supervive-loadout-shim

#533 18:33:13.438  GET /revival/loadout
    -> 200  (0s)
    User-Agent: supervive-loadout-shim

#534 18:33:13.604  GET /revival/loadout
    -> 200  (0s)
    User-Agent: supervive-loadout-shim

#535 18:33:13.770  GET /revival/loadout
    -> 200  (0s)
    User-Agent: supervive-loadout-shim

#536 18:33:13.937  GET /revival/loadout
    -> 200  (0s)
    User-Agent: supervive-loadout-shim

#537 18:33:14.112  GET /revival/loadout
    -> 200  (0s)
    User-Agent: supervive-loadout-shim

#538 18:33:14.287  GET /revival/loadout
    -> 200  (0s)
    User-Agent: supervive-loadout-shim

#539 18:33:14.461  GET /revival/loadout
    -> 200  (0s)
    User-Agent: supervive-loadout-shim

#540 18:33:14.636  GET /revival/loadout
    -> 200  (0s)
    User-Agent: supervive-loadout-shim

#541 18:33:14.812  GET /revival/loadout
    -> 200  (0s)
    User-Agent: supervive-loadout-shim

#542 18:33:14.986  GET /revival/loadout
    -> 200  (0s)
    User-Agent: supervive-loadout-shim

* 18:33:15.134  WS PUSH[s118-presence-online-clientformat] -> /lobby TEXT (354 bytes) "type: userStatusNotif\nuserId: f15118aaaaaaaaaaaaaaaaaaaaaaaaaa\navailability: online\nactivity: eyJhIjoiUzExOFBST0JFIiwiY1YiOiJyZWxlYXNlMi40LmxpdmUtMTU2NDMwLXNoaXBwaW5nIiwicElkIjoicGFydHktZjE1MTE4YWFhYWFhYWFhYWFhYWFhYWFhYWFhYWFhYWEiLCJwUXMiOltdLCJwTyI6MCwicFMiOjEsIm1QUyI6MywicmsiOjAsInJrUCI6MCwiciI6W10sImF2SWQiOiIiLCJ0IjpbXSwiZHNJZCI6IiJ9\nplatform: steam"

#543 18:33:15.161  GET /revival/loadout
    -> 200  (0s)
    User-Agent: supervive-loadout-shim

#544 18:33:15.183  GET /storefront/offers/9b9d2c887e2524f918e383a895f2f1c2
    -> 200  (3ms)
    X-Theorycraft-Clientversion: release2.4.live-156430-shipping
    Authorization: Bearer eyJhbGciOiJSUzI1NiIsImtpZCI6InN1cGVydml2ZS1yZXZpdmFsLWtleS0xIiwidHlwIjoiSldUIn0.eyJiYW5zIjpbXSwiY2xpZW50X2lkIjoiYmE4ZmI1OWEzNGJiNDgxYWJjYTA4YzQ2YmE0ODgwMjUiLCJjb3VudHJ5IjoiVVMiLCJkaXNwbGF5X25hbWUiOiJSZXZpdmVyIiwiZXhwIjoxNzg2NzM4NjUwLCJpYXQiOjE3ODY2NTIyNTAsImlzX2NvbXBseSI6dHJ1ZSwiamZsZ3MiOjAsIm5hbWVzcGFjZSI6InN1cGVydml2ZSIsIm5iZiI6MTc4NjY1MjE5MCwicGVybWlzc2lvbnMiOlt7IkFjdGlvbiI6MTUsIlJlc291cmNlIjoiTkFNRVNQQUNFOnN1cGVydml2ZToqIn0seyJBY3Rpb24iOjE1LCJSZXNvdXJjZSI6IkFETUlOOk5BTUVTUEFDRTpzdXBlcnZpdmU6KiJ9XSwicm9sZXMiOltdLCJzY29wZSI6ImNvbW1lcmNlIGFjY291bnQgc29jaWFsIHB1Ymxpc2hpbmcgYW5hbHl0aWNzIiwic3ViIjoiOWI5ZDJjODg3ZTI1MjRmOTE4ZTM4M2E4OTVmMmYxYzIiLCJ1bmlxdWVEaXNwbGF5TmFtZSI6IlJldml2ZXIjMDAwMSIsInVuaXF1ZV9kaXNwbGF5X25hbWUiOiJSZXZpdmVyIzAwMDEifQ.S8me6zCTJy1oN7cCA9hQMdHB81PfiOQjPGkisaKCUBzabcSTr1c468GSswCZp1ojqPbBbmOAc-HA5N2o4v-PRiSsk8rqPCyvk3Tx1C5P-rcZZtS-X9XnEtl7wRYgTacQNA_R6vbQgylOOxJ8HarI1u7xWxDlYfxiEDjHEEVHbUlHAE_Oz7PhV80Ms7bc3scLORKG3HPGTqjH9of-EooGUB3k-Xpl9M5eB7A7geV_c8XbzZ0NPELo9dLYVByYKVXzHtk2o0tyzXvdmz-r7FqVYwlN_jOrpiFF_4ti0Wf2ZTI07y-WzKQT1tlXe-OSq86OtwCA0elY-weDLV49mb78gg
    User-Agent: Loki/UE5-CL-0 (http-legacy) Windows/10.0.19045.1.256.64bit
    Accept: */*

#545 18:33:15.378  GET /revival/loadout
    -> 200  (0s)
    User-Agent: supervive-loadout-shim

#546 18:33:15.553  GET /revival/loadout
    -> 200  (0s)
    User-Agent: supervive-loadout-shim

#547 18:33:15.720  GET /revival/loadout
    -> 200  (0s)
    User-Agent: supervive-loadout-shim

#548 18:33:15.887  GET /revival/loadout
    -> 200  (0s)
    User-Agent: supervive-loadout-shim

#549 18:33:16.053  GET /revival/loadout
    -> 200  (0s)
    User-Agent: supervive-loadout-shim

#550 18:33:16.219  GET /revival/loadout
    -> 200  (0s)
    User-Agent: supervive-loadout-shim

#551 18:33:16.386  GET /revival/loadout
    -> 200  (0s)
    User-Agent: supervive-loadout-shim

#552 18:33:16.552  GET /revival/loadout
    -> 200  (1ms)
    User-Agent: supervive-loadout-shim

#553 18:33:16.719  GET /revival/loadout
    -> 200  (0s)
    User-Agent: supervive-loadout-shim

#554 18:33:16.886  GET /revival/loadout
    -> 200  (0s)
    User-Agent: supervive-loadout-shim

#555 18:33:17.053  GET /revival/loadout
    -> 200  (0s)
    User-Agent: supervive-loadout-shim

#556 18:33:17.219  GET /revival/loadout
    -> 200  (1ms)
    User-Agent: supervive-loadout-shim

#557 18:33:17.386  GET /revival/loadout
    -> 200  (0s)
    User-Agent: supervive-loadout-shim

#558 18:33:17.500  GET /party/players/9b9d2c887e2524f918e383a895f2f1c2/voice
    -> 200  (0s)
    User-Agent: Loki/UE5-CL-0 (http-legacy) Windows/10.0.19045.1.256.64bit
    Accept: */*
    X-Theorycraft-Clientversion: release2.4.live-156430-shipping
    Authorization: Bearer eyJhbGciOiJSUzI1NiIsImtpZCI6InN1cGVydml2ZS1yZXZpdmFsLWtleS0xIiwidHlwIjoiSldUIn0.eyJiYW5zIjpbXSwiY2xpZW50X2lkIjoiYmE4ZmI1OWEzNGJiNDgxYWJjYTA4YzQ2YmE0ODgwMjUiLCJjb3VudHJ5IjoiVVMiLCJkaXNwbGF5X25hbWUiOiJSZXZpdmVyIiwiZXhwIjoxNzg2NzM4NjUwLCJpYXQiOjE3ODY2NTIyNTAsImlzX2NvbXBseSI6dHJ1ZSwiamZsZ3MiOjAsIm5hbWVzcGFjZSI6InN1cGVydml2ZSIsIm5iZiI6MTc4NjY1MjE5MCwicGVybWlzc2lvbnMiOlt7IkFjdGlvbiI6MTUsIlJlc291cmNlIjoiTkFNRVNQQUNFOnN1cGVydml2ZToqIn0seyJBY3Rpb24iOjE1LCJSZXNvdXJjZSI6IkFETUlOOk5BTUVTUEFDRTpzdXBlcnZpdmU6KiJ9XSwicm9sZXMiOltdLCJzY29wZSI6ImNvbW1lcmNlIGFjY291bnQgc29jaWFsIHB1Ymxpc2hpbmcgYW5hbHl0aWNzIiwic3ViIjoiOWI5ZDJjODg3ZTI1MjRmOTE4ZTM4M2E4OTVmMmYxYzIiLCJ1bmlxdWVEaXNwbGF5TmFtZSI6IlJldml2ZXIjMDAwMSIsInVuaXF1ZV9kaXNwbGF5X25hbWUiOiJSZXZpdmVyIzAwMDEifQ.S8me6zCTJy1oN7cCA9hQMdHB81PfiOQjPGkisaKCUBzabcSTr1c468GSswCZp1ojqPbBbmOAc-HA5N2o4v-PRiSsk8rqPCyvk3Tx1C5P-rcZZtS-X9XnEtl7wRYgTacQNA_R6vbQgylOOxJ8HarI1u7xWxDlYfxiEDjHEEVHbUlHAE_Oz7PhV80Ms7bc3scLORKG3HPGTqjH9of-EooGUB3k-Xpl9M5eB7A7geV_c8XbzZ0NPELo9dLYVByYKVXzHtk2o0tyzXvdmz-r7FqVYwlN_jOrpiFF_4ti0Wf2ZTI07y-WzKQT1tlXe-OSq86OtwCA0elY-weDLV49mb78gg

#559 18:33:17.554  GET /revival/loadout
    -> 200  (0s)
    User-Agent: supervive-loadout-shim

#560 18:33:17.719  GET /revival/loadout
    -> 200  (0s)
    User-Agent: supervive-loadout-shim

#561 18:33:17.885  GET /revival/loadout
    -> 200  (0s)
    User-Agent: supervive-loadout-shim

#562 18:33:18.052  GET /revival/loadout
    -> 200  (0s)
    User-Agent: supervive-loadout-shim

#563 18:33:18.219  GET /revival/loadout
    -> 200  (0s)
    User-Agent: supervive-loadout-shim

* 18:33:18.295  WS -> /notifications/players/9b9d2c887e2524f918e383a895f2f1c2 BINARY hb (proactive 30s keepalive)

#564 18:33:18.393  GET /revival/loadout
    -> 200  (0s)
    User-Agent: supervive-loadout-shim

#565 18:33:18.568  GET /revival/loadout
    -> 200  (0s)
    User-Agent: supervive-loadout-shim

#566 18:33:18.736  GET /revival/loadout
    -> 200  (0s)
    User-Agent: supervive-loadout-shim

#567 18:33:18.902  GET /revival/loadout
    -> 200  (0s)
    User-Agent: supervive-loadout-shim

#568 18:33:19.069  GET /revival/loadout
    -> 200  (0s)
    User-Agent: supervive-loadout-shim

#569 18:33:19.235  GET /revival/loadout
    -> 200  (0s)
    User-Agent: supervive-loadout-shim

#570 18:33:19.402  GET /revival/loadout
    -> 200  (0s)
    User-Agent: supervive-loadout-shim

#571 18:33:19.568  GET /revival/loadout
    -> 200  (0s)
    User-Agent: supervive-loadout-shim

#572 18:33:19.734  GET /revival/loadout
    -> 200  (0s)
    User-Agent: supervive-loadout-shim

* 18:33:19.879  WS <- /lobby TEXT ""

#573 18:33:19.901  GET /revival/loadout
    -> 200  (0s)
    User-Agent: supervive-loadout-shim

#574 18:33:20.086  GET /revival/loadout
    -> 200  (0s)
    User-Agent: supervive-loadout-shim

#575 18:33:20.251  GET /revival/loadout
    -> 200  (0s)
    User-Agent: supervive-loadout-shim

#576 18:33:20.419  GET /revival/loadout
    -> 200  (0s)
    User-Agent: supervive-loadout-shim

#577 18:33:20.585  GET /revival/loadout
    -> 200  (0s)
    User-Agent: supervive-loadout-shim

#578 18:33:20.751  GET /revival/loadout
    -> 200  (0s)
    User-Agent: supervive-loadout-shim

#579 18:33:20.918  GET /revival/loadout
    -> 200  (0s)
    User-Agent: supervive-loadout-shim

#580 18:33:21.085  GET /revival/loadout
    -> 200  (0s)
    User-Agent: supervive-loadout-shim

#581 18:33:21.251  GET /revival/loadout
    -> 200  (0s)
    User-Agent: supervive-loadout-shim

#582 18:33:21.418  GET /revival/loadout
    -> 200  (0s)
    User-Agent: supervive-loadout-shim

#583 18:33:21.584  GET /revival/loadout
    -> 200  (0s)
    User-Agent: supervive-loadout-shim

#584 18:33:21.751  GET /revival/loadout
    -> 200  (0s)
    User-Agent: supervive-loadout-shim

#585 18:33:21.917  GET /revival/loadout
    -> 200  (0s)
    User-Agent: supervive-loadout-shim

#586 18:33:22.084  GET /revival/loadout
    -> 200  (0s)
    User-Agent: supervive-loadout-shim

#587 18:33:22.251  GET /revival/loadout
    -> 200  (0s)
    User-Agent: supervive-loadout-shim

#588 18:33:22.419  GET /revival/loadout
    -> 200  (0s)
    User-Agent: supervive-loadout-shim

#589 18:33:22.584  GET /revival/loadout
    -> 200  (0s)
    User-Agent: supervive-loadout-shim

#590 18:33:22.750  GET /revival/loadout
    -> 200  (0s)
    User-Agent: supervive-loadout-shim

#591 18:33:22.918  GET /revival/loadout
    -> 200  (0s)
    User-Agent: supervive-loadout-shim

#592 18:33:23.084  GET /revival/loadout
    -> 200  (0s)
    User-Agent: supervive-loadout-shim

#593 18:33:23.177  GET /revival/missions/progress
    -> 200  (0s)
    User-Agent: supervive-missions-shim

#594 18:33:23.200  GET /mailbox/config/version
    -> 200  (0s)
    Accept: */*
    X-Theorycraft-Clientversion: release2.4.live-156430-shipping
    Authorization: Bearer eyJhbGciOiJSUzI1NiIsImtpZCI6InN1cGVydml2ZS1yZXZpdmFsLWtleS0xIiwidHlwIjoiSldUIn0.eyJiYW5zIjpbXSwiY2xpZW50X2lkIjoiYmE4ZmI1OWEzNGJiNDgxYWJjYTA4YzQ2YmE0ODgwMjUiLCJjb3VudHJ5IjoiVVMiLCJkaXNwbGF5X25hbWUiOiJSZXZpdmVyIiwiZXhwIjoxNzg2NzM4NjUwLCJpYXQiOjE3ODY2NTIyNTAsImlzX2NvbXBseSI6dHJ1ZSwiamZsZ3MiOjAsIm5hbWVzcGFjZSI6InN1cGVydml2ZSIsIm5iZiI6MTc4NjY1MjE5MCwicGVybWlzc2lvbnMiOlt7IkFjdGlvbiI6MTUsIlJlc291cmNlIjoiTkFNRVNQQUNFOnN1cGVydml2ZToqIn0seyJBY3Rpb24iOjE1LCJSZXNvdXJjZSI6IkFETUlOOk5BTUVTUEFDRTpzdXBlcnZpdmU6KiJ9XSwicm9sZXMiOltdLCJzY29wZSI6ImNvbW1lcmNlIGFjY291bnQgc29jaWFsIHB1Ymxpc2hpbmcgYW5hbHl0aWNzIiwic3ViIjoiOWI5ZDJjODg3ZTI1MjRmOTE4ZTM4M2E4OTVmMmYxYzIiLCJ1bmlxdWVEaXNwbGF5TmFtZSI6IlJldml2ZXIjMDAwMSIsInVuaXF1ZV9kaXNwbGF5X25hbWUiOiJSZXZpdmVyIzAwMDEifQ.S8me6zCTJy1oN7cCA9hQMdHB81PfiOQjPGkisaKCUBzabcSTr1c468GSswCZp1ojqPbBbmOAc-HA5N2o4v-PRiSsk8rqPCyvk3Tx1C5P-rcZZtS-X9XnEtl7wRYgTacQNA_R6vbQgylOOxJ8HarI1u7xWxDlYfxiEDjHEEVHbUlHAE_Oz7PhV80Ms7bc3scLORKG3HPGTqjH9of-EooGUB3k-Xpl9M5eB7A7geV_c8XbzZ0NPELo9dLYVByYKVXzHtk2o0tyzXvdmz-r7FqVYwlN_jOrpiFF_4ti0Wf2ZTI07y-WzKQT1tlXe-OSq86OtwCA0elY-weDLV49mb78gg
    User-Agent: Loki/UE5-CL-0 (http-legacy) Windows/10.0.19045.1.256.64bit

#595 18:33:23.200  GET /party/matchmaking/info
    -> 200  (0s)
    X-Theorycraft-Clientversion: release2.4.live-156430-shipping
    User-Agent: Loki/UE5-CL-0 (http-legacy) Windows/10.0.19045.1.256.64bit
    Authorization: Bearer eyJhbGciOiJSUzI1NiIsImtpZCI6InN1cGVydml2ZS1yZXZpdmFsLWtleS0xIiwidHlwIjoiSldUIn0.eyJiYW5zIjpbXSwiY2xpZW50X2lkIjoiYmE4ZmI1OWEzNGJiNDgxYWJjYTA4YzQ2YmE0ODgwMjUiLCJjb3VudHJ5IjoiVVMiLCJkaXNwbGF5X25hbWUiOiJSZXZpdmVyIiwiZXhwIjoxNzg2NzM4NjUwLCJpYXQiOjE3ODY2NTIyNTAsImlzX2NvbXBseSI6dHJ1ZSwiamZsZ3MiOjAsIm5hbWVzcGFjZSI6InN1cGVydml2ZSIsIm5iZiI6MTc4NjY1MjE5MCwicGVybWlzc2lvbnMiOlt7IkFjdGlvbiI6MTUsIlJlc291cmNlIjoiTkFNRVNQQUNFOnN1cGVydml2ZToqIn0seyJBY3Rpb24iOjE1LCJSZXNvdXJjZSI6IkFETUlOOk5BTUVTUEFDRTpzdXBlcnZpdmU6KiJ9XSwicm9sZXMiOltdLCJzY29wZSI6ImNvbW1lcmNlIGFjY291bnQgc29jaWFsIHB1Ymxpc2hpbmcgYW5hbHl0aWNzIiwic3ViIjoiOWI5ZDJjODg3ZTI1MjRmOTE4ZTM4M2E4OTVmMmYxYzIiLCJ1bmlxdWVEaXNwbGF5TmFtZSI6IlJldml2ZXIjMDAwMSIsInVuaXF1ZV9kaXNwbGF5X25hbWUiOiJSZXZpdmVyIzAwMDEifQ.S8me6zCTJy1oN7cCA9hQMdHB81PfiOQjPGkisaKCUBzabcSTr1c468GSswCZp1ojqPbBbmOAc-HA5N2o4v-PRiSsk8rqPCyvk3Tx1C5P-rcZZtS-X9XnEtl7wRYgTacQNA_R6vbQgylOOxJ8HarI1u7xWxDlYfxiEDjHEEVHbUlHAE_Oz7PhV80Ms7bc3scLORKG3HPGTqjH9of-EooGUB3k-Xpl9M5eB7A7geV_c8XbzZ0NPELo9dLYVByYKVXzHtk2o0tyzXvdmz-r7FqVYwlN_jOrpiFF_4ti0Wf2ZTI07y-WzKQT1tlXe-OSq86OtwCA0elY-weDLV49mb78gg
    Accept: */*

#596 18:33:23.250  GET /revival/loadout
    -> 200  (0s)
    User-Agent: supervive-loadout-shim

#597 18:33:23.458  GET /revival/loadout
    -> 200  (0s)
    User-Agent: supervive-loadout-shim

#598 18:33:23.625  GET /revival/loadout
    -> 200  (0s)
    User-Agent: supervive-loadout-shim

#599 18:33:23.792  GET /revival/loadout
    -> 200  (0s)
    User-Agent: supervive-loadout-shim

#600 18:33:23.958  GET /revival/loadout
    -> 200  (0s)
    User-Agent: supervive-loadout-shim

#601 18:33:24.126  GET /revival/loadout
    -> 200  (0s)
    User-Agent: supervive-loadout-shim

#602 18:33:24.292  GET /revival/loadout
    -> 200  (0s)
    User-Agent: supervive-loadout-shim

#603 18:33:24.458  GET /revival/loadout
    -> 200  (0s)
    User-Agent: supervive-loadout-shim

#604 18:33:24.624  GET /revival/loadout
    -> 200  (0s)
    User-Agent: supervive-loadout-shim

#605 18:33:24.791  GET /revival/loadout
    -> 200  (0s)
    User-Agent: supervive-loadout-shim

#606 18:33:24.958  GET /revival/loadout
    -> 200  (0s)
    User-Agent: supervive-loadout-shim

#607 18:33:25.125  GET /revival/loadout
    -> 200  (0s)
    User-Agent: supervive-loadout-shim

#608 18:33:25.291  GET /revival/loadout
    -> 200  (0s)
    User-Agent: supervive-loadout-shim

#609 18:33:25.458  GET /revival/loadout
    -> 200  (0s)
    User-Agent: supervive-loadout-shim

#610 18:33:25.624  GET /revival/loadout
    -> 200  (0s)
    User-Agent: supervive-loadout-shim

#611 18:33:25.791  GET /revival/loadout
    -> 200  (0s)
    User-Agent: supervive-loadout-shim

#612 18:33:25.958  GET /revival/loadout
    -> 200  (0s)
    User-Agent: supervive-loadout-shim

#613 18:33:26.123  GET /revival/loadout
    -> 200  (0s)
    User-Agent: supervive-loadout-shim

#614 18:33:26.247  GET /configuration/client?language=en
    -> 200  (0s)
    Accept: */*
    X-Theorycraft-Clientversion: release2.4.live-156430-shipping
    Authorization: Bearer eyJhbGciOiJSUzI1NiIsImtpZCI6InN1cGVydml2ZS1yZXZpdmFsLWtleS0xIiwidHlwIjoiSldUIn0.eyJiYW5zIjpbXSwiY2xpZW50X2lkIjoiYmE4ZmI1OWEzNGJiNDgxYWJjYTA4YzQ2YmE0ODgwMjUiLCJjb3VudHJ5IjoiVVMiLCJkaXNwbGF5X25hbWUiOiJSZXZpdmVyIiwiZXhwIjoxNzg2NzM4NjUwLCJpYXQiOjE3ODY2NTIyNTAsImlzX2NvbXBseSI6dHJ1ZSwiamZsZ3MiOjAsIm5hbWVzcGFjZSI6InN1cGVydml2ZSIsIm5iZiI6MTc4NjY1MjE5MCwicGVybWlzc2lvbnMiOlt7IkFjdGlvbiI6MTUsIlJlc291cmNlIjoiTkFNRVNQQUNFOnN1cGVydml2ZToqIn0seyJBY3Rpb24iOjE1LCJSZXNvdXJjZSI6IkFETUlOOk5BTUVTUEFDRTpzdXBlcnZpdmU6KiJ9XSwicm9sZXMiOltdLCJzY29wZSI6ImNvbW1lcmNlIGFjY291bnQgc29jaWFsIHB1Ymxpc2hpbmcgYW5hbHl0aWNzIiwic3ViIjoiOWI5ZDJjODg3ZTI1MjRmOTE4ZTM4M2E4OTVmMmYxYzIiLCJ1bmlxdWVEaXNwbGF5TmFtZSI6IlJldml2ZXIjMDAwMSIsInVuaXF1ZV9kaXNwbGF5X25hbWUiOiJSZXZpdmVyIzAwMDEifQ.S8me6zCTJy1oN7cCA9hQMdHB81PfiOQjPGkisaKCUBzabcSTr1c468GSswCZp1ojqPbBbmOAc-HA5N2o4v-PRiSsk8rqPCyvk3Tx1C5P-rcZZtS-X9XnEtl7wRYgTacQNA_R6vbQgylOOxJ8HarI1u7xWxDlYfxiEDjHEEVHbUlHAE_Oz7PhV80Ms7bc3scLORKG3HPGTqjH9of-EooGUB3k-Xpl9M5eB7A7geV_c8XbzZ0NPELo9dLYVByYKVXzHtk2o0tyzXvdmz-r7FqVYwlN_jOrpiFF_4ti0Wf2ZTI07y-WzKQT1tlXe-OSq86OtwCA0elY-weDLV49mb78gg
    User-Agent: Loki/UE5-CL-0 (http-legacy) Windows/10.0.19045.1.256.64bit

#615 18:33:26.289  GET /revival/loadout
    -> 200  (0s)
    User-Agent: supervive-loadout-shim

#616 18:33:26.348  GET /content-service/manifest/release2.4.live-156430-shipping?nonEnabledOnly=true
    -> 200  (0s)
    X-Theorycraft-Clientversion: release2.4.live-156430-shipping
    Authorization: Bearer eyJhbGciOiJSUzI1NiIsImtpZCI6InN1cGVydml2ZS1yZXZpdmFsLWtleS0xIiwidHlwIjoiSldUIn0.eyJiYW5zIjpbXSwiY2xpZW50X2lkIjoiYmE4ZmI1OWEzNGJiNDgxYWJjYTA4YzQ2YmE0ODgwMjUiLCJjb3VudHJ5IjoiVVMiLCJkaXNwbGF5X25hbWUiOiJSZXZpdmVyIiwiZXhwIjoxNzg2NzM4NjUwLCJpYXQiOjE3ODY2NTIyNTAsImlzX2NvbXBseSI6dHJ1ZSwiamZsZ3MiOjAsIm5hbWVzcGFjZSI6InN1cGVydml2ZSIsIm5iZiI6MTc4NjY1MjE5MCwicGVybWlzc2lvbnMiOlt7IkFjdGlvbiI6MTUsIlJlc291cmNlIjoiTkFNRVNQQUNFOnN1cGVydml2ZToqIn0seyJBY3Rpb24iOjE1LCJSZXNvdXJjZSI6IkFETUlOOk5BTUVTUEFDRTpzdXBlcnZpdmU6KiJ9XSwicm9sZXMiOltdLCJzY29wZSI6ImNvbW1lcmNlIGFjY291bnQgc29jaWFsIHB1Ymxpc2hpbmcgYW5hbHl0aWNzIiwic3ViIjoiOWI5ZDJjODg3ZTI1MjRmOTE4ZTM4M2E4OTVmMmYxYzIiLCJ1bmlxdWVEaXNwbGF5TmFtZSI6IlJldml2ZXIjMDAwMSIsInVuaXF1ZV9kaXNwbGF5X25hbWUiOiJSZXZpdmVyIzAwMDEifQ.S8me6zCTJy1oN7cCA9hQMdHB81PfiOQjPGkisaKCUBzabcSTr1c468GSswCZp1ojqPbBbmOAc-HA5N2o4v-PRiSsk8rqPCyvk3Tx1C5P-rcZZtS-X9XnEtl7wRYgTacQNA_R6vbQgylOOxJ8HarI1u7xWxDlYfxiEDjHEEVHbUlHAE_Oz7PhV80Ms7bc3scLORKG3HPGTqjH9of-EooGUB3k-Xpl9M5eB7A7geV_c8XbzZ0NPELo9dLYVByYKVXzHtk2o0tyzXvdmz-r7FqVYwlN_jOrpiFF_4ti0Wf2ZTI07y-WzKQT1tlXe-OSq86OtwCA0elY-weDLV49mb78gg
    User-Agent: Loki/UE5-CL-0 (http-legacy) Windows/10.0.19045.1.256.64bit
    Accept: */*

#617 18:33:26.464  GET /revival/loadout
    -> 200  (0s)
    User-Agent: supervive-loadout-shim

#618 18:33:26.631  GET /revival/loadout
    -> 200  (0s)
    User-Agent: supervive-loadout-shim

#619 18:33:26.798  GET /revival/loadout
    -> 200  (0s)
    User-Agent: supervive-loadout-shim

#620 18:33:26.966  GET /revival/loadout
    -> 200  (0s)
    User-Agent: supervive-loadout-shim

#621 18:33:27.139  GET /revival/loadout
    -> 200  (0s)
    User-Agent: supervive-loadout-shim

#622 18:33:27.316  GET /revival/loadout
    -> 200  (0s)
    User-Agent: supervive-loadout-shim

#623 18:33:27.490  GET /revival/loadout
    -> 200  (0s)
    User-Agent: supervive-loadout-shim

#624 18:33:27.528  POST /game-telemetry/v1/protected/events
    -> 200  (0s)
    Authorization: Bearer eyJhbGciOiJSUzI1NiIsImtpZCI6InN1cGVydml2ZS1yZXZpdmFsLWtleS0xIiwidHlwIjoiSldUIn0.eyJiYW5zIjpbXSwiY2xpZW50X2lkIjoiYmE4ZmI1OWEzNGJiNDgxYWJjYTA4YzQ2YmE0ODgwMjUiLCJjb3VudHJ5IjoiVVMiLCJkaXNwbGF5X25hbWUiOiJSZXZpdmVyIiwiZXhwIjoxNzg2NzM4NjUwLCJpYXQiOjE3ODY2NTIyNTAsImlzX2NvbXBseSI6dHJ1ZSwiamZsZ3MiOjAsIm5hbWVzcGFjZSI6InN1cGVydml2ZSIsIm5iZiI6MTc4NjY1MjE5MCwicGVybWlzc2lvbnMiOlt7IkFjdGlvbiI6MTUsIlJlc291cmNlIjoiTkFNRVNQQUNFOnN1cGVydml2ZToqIn0seyJBY3Rpb24iOjE1LCJSZXNvdXJjZSI6IkFETUlOOk5BTUVTUEFDRTpzdXBlcnZpdmU6KiJ9XSwicm9sZXMiOltdLCJzY29wZSI6ImNvbW1lcmNlIGFjY291bnQgc29jaWFsIHB1Ymxpc2hpbmcgYW5hbHl0aWNzIiwic3ViIjoiOWI5ZDJjODg3ZTI1MjRmOTE4ZTM4M2E4OTVmMmYxYzIiLCJ1bmlxdWVEaXNwbGF5TmFtZSI6IlJldml2ZXIjMDAwMSIsInVuaXF1ZV9kaXNwbGF5X25hbWUiOiJSZXZpdmVyIzAwMDEifQ.S8me6zCTJy1oN7cCA9hQMdHB81PfiOQjPGkisaKCUBzabcSTr1c468GSswCZp1ojqPbBbmOAc-HA5N2o4v-PRiSsk8rqPCyvk3Tx1C5P-rcZZtS-X9XnEtl7wRYgTacQNA_R6vbQgylOOxJ8HarI1u7xWxDlYfxiEDjHEEVHbUlHAE_Oz7PhV80Ms7bc3scLORKG3HPGTqjH9of-EooGUB3k-Xpl9M5eB7A7geV_c8XbzZ0NPELo9dLYVByYKVXzHtk2o0tyzXvdmz-r7FqVYwlN_jOrpiFF_4ti0Wf2ZTI07y-WzKQT1tlXe-OSq86OtwCA0elY-weDLV49mb78gg
    Content-Type: application/json
    Accept: application/json
    Game-Client-Version: 1.0.0.0
    User-Agent: Loki/UE5-CL-0 (http-legacy) Windows/10.0.19045.1.256.64bit
    body: [
	{
		"EventNamespace": "loki",
		"EventName": "client_network_samples_snapshot",
		"Payload":
		{
			"sessionId": "567f77cd4269be09df02edb258c46222",
			"PlayerId": "9b9d2c887e2524f918e383a895f2f1c2",
			"timestamp": "2026-08-13T23:32:38.823Z",
			"inAveragePacketLoss": 0,
			"outAveragePacketLoss": 0,
			"HardwareId": "c1795a173f53c6f72e8b0125f11309c6"
		},
		"ClientTimestamp": "2026-08-13T23:33:26.572Z",
		"flightId": "34fe5245425ef9d90b4cd3a77b270727",
		"DeviceType": "Windows"
	}
]

#625 18:33:27.665  GET /revival/loadout
    -> 200  (0s)
    User-Agent: supervive-loadout-shim

#626 18:33:27.840  GET /revival/loadout
    -> 200  (0s)
    User-Agent: supervive-loadout-shim

#627 18:33:28.014  GET /revival/loadout
    -> 200  (0s)
    User-Agent: supervive-loadout-shim

#628 18:33:28.190  GET /revival/loadout
    -> 200  (0s)
    User-Agent: supervive-loadout-shim

#629 18:33:28.372  GET /revival/loadout
    -> 200  (0s)
    User-Agent: supervive-loadout-shim

#630 18:33:28.579  GET /revival/loadout
    -> 200  (0s)
    User-Agent: supervive-loadout-shim

#631 18:33:28.759  GET /revival/loadout
    -> 200  (0s)
    User-Agent: supervive-loadout-shim

#632 18:33:28.940  GET /revival/loadout
    -> 200  (0s)
    User-Agent: supervive-loadout-shim

#633 18:33:29.114  GET /revival/loadout
    -> 200  (0s)
    User-Agent: supervive-loadout-shim

#634 18:33:29.289  GET /revival/loadout
    -> 200  (0s)
    User-Agent: supervive-loadout-shim

#635 18:33:29.464  GET /revival/loadout
    -> 200  (0s)
    User-Agent: supervive-loadout-shim

#636 18:33:29.639  GET /revival/loadout
    -> 200  (0s)
    User-Agent: supervive-loadout-shim

#637 18:33:29.814  GET /revival/loadout
    -> 200  (0s)
    User-Agent: supervive-loadout-shim

#638 18:33:29.998  GET /revival/loadout
    -> 200  (0s)
    User-Agent: supervive-loadout-shim

#639 18:33:30.180  GET /revival/loadout
    -> 200  (0s)
    User-Agent: supervive-loadout-shim

#640 18:33:30.365  GET /revival/loadout
    -> 200  (0s)
    User-Agent: supervive-loadout-shim

#641 18:33:30.547  GET /revival/loadout
    -> 200  (0s)
    User-Agent: supervive-loadout-shim

#642 18:33:30.722  GET /revival/loadout
    -> 200  (0s)
    User-Agent: supervive-loadout-shim

#643 18:33:30.897  GET /revival/loadout
    -> 200  (0s)
    User-Agent: supervive-loadout-shim

#644 18:33:31.079  GET /revival/loadout
    -> 200  (0s)
    User-Agent: supervive-loadout-shim

#645 18:33:31.256  GET /revival/loadout
    -> 200  (0s)
    User-Agent: supervive-loadout-shim

#646 18:33:31.429  GET /revival/loadout
    -> 200  (0s)
    User-Agent: supervive-loadout-shim

#647 18:33:31.605  GET /revival/loadout
    -> 200  (0s)
    User-Agent: supervive-loadout-shim

#648 18:33:31.779  GET /revival/loadout
    -> 200  (0s)
    User-Agent: supervive-loadout-shim

#649 18:33:31.955  GET /revival/loadout
    -> 200  (0s)
    User-Agent: supervive-loadout-shim

#650 18:33:32.130  GET /revival/loadout
    -> 200  (0s)
    User-Agent: supervive-loadout-shim

#651 18:33:32.305  GET /revival/loadout
    -> 200  (0s)
    User-Agent: supervive-loadout-shim

#652 18:33:32.480  GET /revival/loadout
    -> 200  (0s)
    User-Agent: supervive-loadout-shim

#653 18:33:32.655  GET /revival/loadout
    -> 200  (0s)
    User-Agent: supervive-loadout-shim

#654 18:33:32.828  GET /revival/loadout
    -> 200  (1ms)
    User-Agent: supervive-loadout-shim

#655 18:33:33.005  GET /revival/loadout
    -> 200  (0s)
    User-Agent: supervive-loadout-shim

#656 18:33:33.180  GET /revival/loadout
    -> 200  (0s)
    User-Agent: supervive-loadout-shim

#657 18:33:33.355  GET /revival/loadout
    -> 200  (0s)
    User-Agent: supervive-loadout-shim

#658 18:33:33.530  GET /revival/loadout
    -> 200  (0s)
    User-Agent: supervive-loadout-shim

#659 18:33:33.704  GET /revival/loadout
    -> 200  (0s)
    User-Agent: supervive-loadout-shim

#660 18:33:33.878  GET /revival/loadout
    -> 200  (0s)
    User-Agent: supervive-loadout-shim

#661 18:33:34.053  GET /revival/loadout
    -> 200  (0s)
    User-Agent: supervive-loadout-shim

#662 18:33:34.229  GET /revival/loadout
    -> 200  (0s)
    User-Agent: supervive-loadout-shim

#663 18:33:34.404  GET /revival/loadout
    -> 200  (0s)
    User-Agent: supervive-loadout-shim

#664 18:33:34.578  GET /revival/loadout
    -> 200  (0s)
    User-Agent: supervive-loadout-shim

#665 18:33:34.754  GET /revival/loadout
    -> 200  (0s)
    User-Agent: supervive-loadout-shim

#666 18:33:34.928  GET /revival/loadout
    -> 200  (0s)
    User-Agent: supervive-loadout-shim

#667 18:33:35.103  GET /revival/loadout
    -> 200  (0s)
    User-Agent: supervive-loadout-shim

#668 18:33:35.278  GET /revival/loadout
    -> 200  (0s)
    User-Agent: supervive-loadout-shim

#669 18:33:35.454  GET /revival/loadout
    -> 200  (0s)
    User-Agent: supervive-loadout-shim

#670 18:33:35.629  GET /revival/loadout
    -> 200  (0s)
    User-Agent: supervive-loadout-shim

#671 18:33:35.804  GET /revival/loadout
    -> 200  (0s)
    User-Agent: supervive-loadout-shim

#672 18:33:35.979  GET /revival/loadout
    -> 200  (0s)
    User-Agent: supervive-loadout-shim

#673 18:33:36.152  GET /revival/loadout
    -> 200  (0s)
    User-Agent: supervive-loadout-shim

#674 18:33:36.336  GET /revival/loadout
    -> 200  (0s)
    User-Agent: supervive-loadout-shim

#675 18:33:36.510  GET /revival/loadout
    -> 200  (1ms)
    User-Agent: supervive-loadout-shim

#676 18:33:36.686  GET /revival/loadout
    -> 200  (0s)
    User-Agent: supervive-loadout-shim

#677 18:33:36.862  GET /revival/loadout
    -> 200  (0s)
    User-Agent: supervive-loadout-shim

#678 18:33:37.037  GET /revival/loadout
    -> 200  (0s)
    User-Agent: supervive-loadout-shim

#679 18:33:37.210  GET /revival/loadout
    -> 200  (1ms)
    User-Agent: supervive-loadout-shim

#680 18:33:37.385  GET /revival/loadout
    -> 200  (0s)
    User-Agent: supervive-loadout-shim

#681 18:33:37.561  GET /revival/loadout
    -> 200  (0s)
    User-Agent: supervive-loadout-shim

#682 18:33:37.736  GET /revival/loadout
    -> 200  (0s)
    User-Agent: supervive-loadout-shim

#683 18:33:37.910  GET /revival/loadout
    -> 200  (0s)
    User-Agent: supervive-loadout-shim

#684 18:33:38.086  GET /revival/loadout
    -> 200  (0s)
    User-Agent: supervive-loadout-shim

#685 18:33:38.260  GET /revival/loadout
    -> 200  (0s)
    User-Agent: supervive-loadout-shim

#686 18:33:38.445  GET /revival/loadout
    -> 200  (0s)
    User-Agent: supervive-loadout-shim

#687 18:33:38.618  GET /revival/loadout
    -> 200  (1ms)
    User-Agent: supervive-loadout-shim

#688 18:33:38.794  GET /revival/loadout
    -> 200  (0s)
    User-Agent: supervive-loadout-shim

#689 18:33:38.969  GET /revival/loadout
    -> 200  (0s)
    User-Agent: supervive-loadout-shim

#690 18:33:39.144  GET /revival/loadout
    -> 200  (0s)
    User-Agent: supervive-loadout-shim

#691 18:33:39.319  GET /revival/loadout
    -> 200  (0s)
    User-Agent: supervive-loadout-shim

#692 18:33:39.495  GET /revival/loadout
    -> 200  (0s)
    User-Agent: supervive-loadout-shim

#693 18:33:39.668  GET /revival/loadout
    -> 200  (0s)
    User-Agent: supervive-loadout-shim

#694 18:33:39.844  GET /revival/loadout
    -> 200  (0s)
    User-Agent: supervive-loadout-shim

#695 18:33:40.018  GET /revival/loadout
    -> 200  (0s)
    User-Agent: supervive-loadout-shim

#696 18:33:40.193  GET /revival/loadout
    -> 200  (0s)
    User-Agent: supervive-loadout-shim

#697 18:33:40.368  GET /revival/loadout
    -> 200  (0s)
    User-Agent: supervive-loadout-shim

#698 18:33:40.544  GET /revival/loadout
    -> 200  (0s)
    User-Agent: supervive-loadout-shim

#699 18:33:40.718  GET /revival/loadout
    -> 200  (0s)
    User-Agent: supervive-loadout-shim

#700 18:33:40.894  GET /revival/loadout
    -> 200  (0s)
    User-Agent: supervive-loadout-shim

#701 18:33:41.069  GET /revival/loadout
    -> 200  (0s)
    User-Agent: supervive-loadout-shim

#702 18:33:41.244  GET /revival/loadout
    -> 200  (0s)
    User-Agent: supervive-loadout-shim

#703 18:33:41.418  GET /revival/loadout
    -> 200  (0s)
    User-Agent: supervive-loadout-shim

#704 18:33:41.593  GET /revival/loadout
    -> 200  (0s)
    User-Agent: supervive-loadout-shim

#705 18:33:41.768  GET /revival/loadout
    -> 200  (0s)
    User-Agent: supervive-loadout-shim

#706 18:33:41.944  GET /revival/loadout
    -> 200  (0s)
    User-Agent: supervive-loadout-shim

#707 18:33:42.120  GET /revival/loadout
    -> 200  (0s)
    User-Agent: supervive-loadout-shim

#708 18:33:42.292  GET /revival/loadout
    -> 200  (0s)
    User-Agent: supervive-loadout-shim

#709 18:33:42.468  GET /revival/loadout
    -> 200  (0s)
    User-Agent: supervive-loadout-shim

#710 18:33:42.643  GET /revival/loadout
    -> 200  (0s)
    User-Agent: supervive-loadout-shim

#711 18:33:42.818  GET /revival/loadout
    -> 200  (0s)
    User-Agent: supervive-loadout-shim

#712 18:33:42.992  GET /revival/loadout
    -> 200  (0s)
    User-Agent: supervive-loadout-shim

#713 18:33:43.177  GET /revival/loadout
    -> 200  (0s)
    User-Agent: supervive-loadout-shim

* 18:33:43.201  WS <- /notifications/players/9b9d2c887e2524f918e383a895f2f1c2 BINARY (2 bytes) 6862

* 18:33:43.282  WS -> /notifications/players/9b9d2c887e2524f918e383a895f2f1c2 TEXT hb reply {"Resource":"hb","Version":0,"Payload":""}

#714 18:33:43.350  GET /revival/loadout
    -> 200  (0s)
    User-Agent: supervive-loadout-shim

#715 18:33:43.532  GET /revival/loadout
    -> 200  (1ms)
    User-Agent: supervive-loadout-shim

#716 18:33:43.709  GET /revival/loadout
    -> 200  (0s)
    User-Agent: supervive-loadout-shim

#717 18:33:43.884  GET /revival/loadout
    -> 200  (0s)
    User-Agent: supervive-loadout-shim

#718 18:33:44.059  GET /revival/loadout
    -> 200  (0s)
    User-Agent: supervive-loadout-shim

#719 18:33:44.234  GET /revival/loadout
    -> 200  (0s)
    User-Agent: supervive-loadout-shim

#720 18:33:44.409  GET /revival/loadout
    -> 200  (0s)
    User-Agent: supervive-loadout-shim

#721 18:33:44.584  GET /revival/loadout
    -> 200  (0s)
    User-Agent: supervive-loadout-shim

#722 18:33:44.759  GET /revival/loadout
    -> 200  (0s)
    User-Agent: supervive-loadout-shim

#723 18:33:44.933  GET /revival/loadout
    -> 200  (0s)
    User-Agent: supervive-loadout-shim

#724 18:33:45.108  GET /revival/loadout
    -> 200  (0s)
    User-Agent: supervive-loadout-shim

#725 18:33:45.284  GET /revival/loadout
    -> 200  (0s)
    User-Agent: supervive-loadout-shim

#726 18:33:45.458  GET /revival/loadout
    -> 200  (0s)
    User-Agent: supervive-loadout-shim

#727 18:33:45.632  GET /revival/loadout
    -> 200  (0s)
    User-Agent: supervive-loadout-shim

#728 18:33:45.808  GET /revival/loadout
    -> 200  (0s)
    User-Agent: supervive-loadout-shim

#729 18:33:45.982  GET /revival/loadout
    -> 200  (0s)
    User-Agent: supervive-loadout-shim

#730 18:33:46.158  GET /revival/loadout
    -> 200  (0s)
    User-Agent: supervive-loadout-shim

#731 18:33:46.333  GET /revival/loadout
    -> 200  (0s)
    User-Agent: supervive-loadout-shim

#732 18:33:46.508  GET /revival/loadout
    -> 200  (0s)
    User-Agent: supervive-loadout-shim

#733 18:33:46.682  GET /revival/loadout
    -> 200  (0s)
    User-Agent: supervive-loadout-shim

#734 18:33:46.858  GET /revival/loadout
    -> 200  (0s)
    User-Agent: supervive-loadout-shim

#735 18:33:47.033  GET /revival/loadout
    -> 200  (0s)
    User-Agent: supervive-loadout-shim

#736 18:33:47.208  GET /revival/loadout
    -> 200  (0s)
    User-Agent: supervive-loadout-shim

#737 18:33:47.384  GET /revival/loadout
    -> 200  (0s)
    User-Agent: supervive-loadout-shim

#738 18:33:47.557  GET /revival/loadout
    -> 200  (0s)
    User-Agent: supervive-loadout-shim

#739 18:33:47.732  GET /revival/loadout
    -> 200  (0s)
    User-Agent: supervive-loadout-shim

#740 18:33:47.908  GET /revival/loadout
    -> 200  (0s)
    User-Agent: supervive-loadout-shim

#741 18:33:48.082  GET /revival/loadout
    -> 200  (0s)
    User-Agent: supervive-loadout-shim

#742 18:33:48.257  GET /revival/loadout
    -> 200  (0s)
    User-Agent: supervive-loadout-shim

#743 18:33:48.432  GET /revival/loadout
    -> 200  (0s)
    User-Agent: supervive-loadout-shim

#744 18:33:48.470  GET /party/players/9b9d2c887e2524f918e383a895f2f1c2/voice
    -> 200  (0s)
    Accept: */*
    X-Theorycraft-Clientversion: release2.4.live-156430-shipping
    Authorization: Bearer eyJhbGciOiJSUzI1NiIsImtpZCI6InN1cGVydml2ZS1yZXZpdmFsLWtleS0xIiwidHlwIjoiSldUIn0.eyJiYW5zIjpbXSwiY2xpZW50X2lkIjoiYmE4ZmI1OWEzNGJiNDgxYWJjYTA4YzQ2YmE0ODgwMjUiLCJjb3VudHJ5IjoiVVMiLCJkaXNwbGF5X25hbWUiOiJSZXZpdmVyIiwiZXhwIjoxNzg2NzM4NjUwLCJpYXQiOjE3ODY2NTIyNTAsImlzX2NvbXBseSI6dHJ1ZSwiamZsZ3MiOjAsIm5hbWVzcGFjZSI6InN1cGVydml2ZSIsIm5iZiI6MTc4NjY1MjE5MCwicGVybWlzc2lvbnMiOlt7IkFjdGlvbiI6MTUsIlJlc291cmNlIjoiTkFNRVNQQUNFOnN1cGVydml2ZToqIn0seyJBY3Rpb24iOjE1LCJSZXNvdXJjZSI6IkFETUlOOk5BTUVTUEFDRTpzdXBlcnZpdmU6KiJ9XSwicm9sZXMiOltdLCJzY29wZSI6ImNvbW1lcmNlIGFjY291bnQgc29jaWFsIHB1Ymxpc2hpbmcgYW5hbHl0aWNzIiwic3ViIjoiOWI5ZDJjODg3ZTI1MjRmOTE4ZTM4M2E4OTVmMmYxYzIiLCJ1bmlxdWVEaXNwbGF5TmFtZSI6IlJldml2ZXIjMDAwMSIsInVuaXF1ZV9kaXNwbGF5X25hbWUiOiJSZXZpdmVyIzAwMDEifQ.S8me6zCTJy1oN7cCA9hQMdHB81PfiOQjPGkisaKCUBzabcSTr1c468GSswCZp1ojqPbBbmOAc-HA5N2o4v-PRiSsk8rqPCyvk3Tx1C5P-rcZZtS-X9XnEtl7wRYgTacQNA_R6vbQgylOOxJ8HarI1u7xWxDlYfxiEDjHEEVHbUlHAE_Oz7PhV80Ms7bc3scLORKG3HPGTqjH9of-EooGUB3k-Xpl9M5eB7A7geV_c8XbzZ0NPELo9dLYVByYKVXzHtk2o0tyzXvdmz-r7FqVYwlN_jOrpiFF_4ti0Wf2ZTI07y-WzKQT1tlXe-OSq86OtwCA0elY-weDLV49mb78gg
    User-Agent: Loki/UE5-CL-0 (http-legacy) Windows/10.0.19045.1.256.64bit

#745 18:33:48.608  GET /revival/loadout
    -> 200  (0s)
    User-Agent: supervive-loadout-shim

#746 18:33:48.782  GET /revival/loadout
    -> 200  (0s)
    User-Agent: supervive-loadout-shim

#747 18:33:48.958  GET /revival/loadout
    -> 200  (0s)
    User-Agent: supervive-loadout-shim

#748 18:33:49.143  GET /revival/loadout
    -> 200  (0s)
    User-Agent: supervive-loadout-shim

#749 18:33:49.316  GET /revival/loadout
    -> 200  (0s)
    User-Agent: supervive-loadout-shim

#750 18:33:49.491  GET /revival/loadout
    -> 200  (0s)
    User-Agent: supervive-loadout-shim

#751 18:33:49.674  GET /revival/loadout
    -> 200  (0s)
    User-Agent: supervive-loadout-shim

#752 18:33:49.849  GET /revival/loadout
    -> 200  (0s)
    User-Agent: supervive-loadout-shim

* 18:33:49.901  WS <- /lobby TEXT ""

#753 18:33:50.024  GET /revival/loadout
    -> 200  (0s)
    User-Agent: supervive-loadout-shim

#754 18:33:50.198  GET /revival/loadout
    -> 200  (0s)
    User-Agent: supervive-loadout-shim

#755 18:33:50.373  GET /revival/loadout
    -> 200  (0s)
    User-Agent: supervive-loadout-shim

#756 18:33:50.548  GET /revival/loadout
    -> 200  (0s)
    User-Agent: supervive-loadout-shim

#757 18:33:50.723  GET /revival/loadout
    -> 200  (0s)
    User-Agent: supervive-loadout-shim

#758 18:33:50.898  GET /revival/loadout
    -> 200  (0s)
    User-Agent: supervive-loadout-shim

#759 18:33:51.073  GET /revival/loadout
    -> 200  (0s)
    User-Agent: supervive-loadout-shim

#760 18:33:51.248  GET /revival/loadout
    -> 200  (0s)
    User-Agent: supervive-loadout-shim

#761 18:33:51.423  GET /revival/loadout
    -> 200  (0s)
    User-Agent: supervive-loadout-shim

#762 18:33:51.598  GET /revival/loadout
    -> 200  (0s)
    User-Agent: supervive-loadout-shim

#763 18:33:51.772  GET /revival/loadout
    -> 200  (1ms)
    User-Agent: supervive-loadout-shim

#764 18:33:51.947  GET /revival/loadout
    -> 200  (0s)
    User-Agent: supervive-loadout-shim

#765 18:33:52.123  GET /revival/loadout
    -> 200  (0s)
    User-Agent: supervive-loadout-shim

#766 18:33:52.298  GET /revival/loadout
    -> 200  (0s)
    User-Agent: supervive-loadout-shim

#767 18:33:52.471  GET /revival/loadout
    -> 200  (0s)
    User-Agent: supervive-loadout-shim

#768 18:33:52.647  GET /revival/loadout
    -> 200  (0s)
    User-Agent: supervive-loadout-shim

#769 18:33:52.822  GET /revival/loadout
    -> 200  (0s)
    User-Agent: supervive-loadout-shim

#770 18:33:52.996  GET /revival/loadout
    -> 200  (0s)
    User-Agent: supervive-loadout-shim

#771 18:33:53.172  GET /revival/loadout
    -> 200  (0s)
    User-Agent: supervive-loadout-shim

#772 18:33:53.200  GET /revival/missions/progress
    -> 200  (0s)
    User-Agent: supervive-missions-shim

#774 18:33:53.205  GET /party/matchmaking/info
    -> 200  (0s)
    Accept: */*
    Authorization: Bearer eyJhbGciOiJSUzI1NiIsImtpZCI6InN1cGVydml2ZS1yZXZpdmFsLWtleS0xIiwidHlwIjoiSldUIn0.eyJiYW5zIjpbXSwiY2xpZW50X2lkIjoiYmE4ZmI1OWEzNGJiNDgxYWJjYTA4YzQ2YmE0ODgwMjUiLCJjb3VudHJ5IjoiVVMiLCJkaXNwbGF5X25hbWUiOiJSZXZpdmVyIiwiZXhwIjoxNzg2NzM4NjUwLCJpYXQiOjE3ODY2NTIyNTAsImlzX2NvbXBseSI6dHJ1ZSwiamZsZ3MiOjAsIm5hbWVzcGFjZSI6InN1cGVydml2ZSIsIm5iZiI6MTc4NjY1MjE5MCwicGVybWlzc2lvbnMiOlt7IkFjdGlvbiI6MTUsIlJlc291cmNlIjoiTkFNRVNQQUNFOnN1cGVydml2ZToqIn0seyJBY3Rpb24iOjE1LCJSZXNvdXJjZSI6IkFETUlOOk5BTUVTUEFDRTpzdXBlcnZpdmU6KiJ9XSwicm9sZXMiOltdLCJzY29wZSI6ImNvbW1lcmNlIGFjY291bnQgc29jaWFsIHB1Ymxpc2hpbmcgYW5hbHl0aWNzIiwic3ViIjoiOWI5ZDJjODg3ZTI1MjRmOTE4ZTM4M2E4OTVmMmYxYzIiLCJ1bmlxdWVEaXNwbGF5TmFtZSI6IlJldml2ZXIjMDAwMSIsInVuaXF1ZV9kaXNwbGF5X25hbWUiOiJSZXZpdmVyIzAwMDEifQ.S8me6zCTJy1oN7cCA9hQMdHB81PfiOQjPGkisaKCUBzabcSTr1c468GSswCZp1ojqPbBbmOAc-HA5N2o4v-PRiSsk8rqPCyvk3Tx1C5P-rcZZtS-X9XnEtl7wRYgTacQNA_R6vbQgylOOxJ8HarI1u7xWxDlYfxiEDjHEEVHbUlHAE_Oz7PhV80Ms7bc3scLORKG3HPGTqjH9of-EooGUB3k-Xpl9M5eB7A7geV_c8XbzZ0NPELo9dLYVByYKVXzHtk2o0tyzXvdmz-r7FqVYwlN_jOrpiFF_4ti0Wf2ZTI07y-WzKQT1tlXe-OSq86OtwCA0elY-weDLV49mb78gg
    User-Agent: Loki/UE5-CL-0 (http-legacy) Windows/10.0.19045.1.256.64bit
    X-Theorycraft-Clientversion: release2.4.live-156430-shipping

#773 18:33:53.205  GET /core-game/regions
    -> 200  (0s)
    X-Theorycraft-Clientversion: release2.4.live-156430-shipping
    Authorization: Bearer eyJhbGciOiJSUzI1NiIsImtpZCI6InN1cGVydml2ZS1yZXZpdmFsLWtleS0xIiwidHlwIjoiSldUIn0.eyJiYW5zIjpbXSwiY2xpZW50X2lkIjoiYmE4ZmI1OWEzNGJiNDgxYWJjYTA4YzQ2YmE0ODgwMjUiLCJjb3VudHJ5IjoiVVMiLCJkaXNwbGF5X25hbWUiOiJSZXZpdmVyIiwiZXhwIjoxNzg2NzM4NjUwLCJpYXQiOjE3ODY2NTIyNTAsImlzX2NvbXBseSI6dHJ1ZSwiamZsZ3MiOjAsIm5hbWVzcGFjZSI6InN1cGVydml2ZSIsIm5iZiI6MTc4NjY1MjE5MCwicGVybWlzc2lvbnMiOlt7IkFjdGlvbiI6MTUsIlJlc291cmNlIjoiTkFNRVNQQUNFOnN1cGVydml2ZToqIn0seyJBY3Rpb24iOjE1LCJSZXNvdXJjZSI6IkFETUlOOk5BTUVTUEFDRTpzdXBlcnZpdmU6KiJ9XSwicm9sZXMiOltdLCJzY29wZSI6ImNvbW1lcmNlIGFjY291bnQgc29jaWFsIHB1Ymxpc2hpbmcgYW5hbHl0aWNzIiwic3ViIjoiOWI5ZDJjODg3ZTI1MjRmOTE4ZTM4M2E4OTVmMmYxYzIiLCJ1bmlxdWVEaXNwbGF5TmFtZSI6IlJldml2ZXIjMDAwMSIsInVuaXF1ZV9kaXNwbGF5X25hbWUiOiJSZXZpdmVyIzAwMDEifQ.S8me6zCTJy1oN7cCA9hQMdHB81PfiOQjPGkisaKCUBzabcSTr1c468GSswCZp1ojqPbBbmOAc-HA5N2o4v-PRiSsk8rqPCyvk3Tx1C5P-rcZZtS-X9XnEtl7wRYgTacQNA_R6vbQgylOOxJ8HarI1u7xWxDlYfxiEDjHEEVHbUlHAE_Oz7PhV80Ms7bc3scLORKG3HPGTqjH9of-EooGUB3k-Xpl9M5eB7A7geV_c8XbzZ0NPELo9dLYVByYKVXzHtk2o0tyzXvdmz-r7FqVYwlN_jOrpiFF_4ti0Wf2ZTI07y-WzKQT1tlXe-OSq86OtwCA0elY-weDLV49mb78gg
    User-Agent: Loki/UE5-CL-0 (http-legacy) Windows/10.0.19045.1.256.64bit
    Accept: */*

#775 18:33:53.347  GET /revival/loadout
    -> 200  (0s)
    User-Agent: supervive-loadout-shim

#776 18:33:53.522  GET /revival/loadout
    -> 200  (0s)
    User-Agent: supervive-loadout-shim

#777 18:33:53.697  GET /revival/loadout
    -> 200  (0s)
    User-Agent: supervive-loadout-shim

#778 18:33:53.871  GET /revival/loadout
    -> 200  (1ms)
    User-Agent: supervive-loadout-shim

#779 18:33:54.047  GET /revival/loadout
    -> 200  (0s)
    User-Agent: supervive-loadout-shim

#780 18:33:54.222  GET /revival/loadout
    -> 200  (0s)
    User-Agent: supervive-loadout-shim

#781 18:33:54.397  GET /revival/loadout
    -> 200  (0s)
    User-Agent: supervive-loadout-shim

#782 18:33:54.605  GET /revival/loadout
    -> 200  (0s)
    User-Agent: supervive-loadout-shim

#783 18:33:54.788  GET /revival/loadout
    -> 200  (0s)
    User-Agent: supervive-loadout-shim

#784 18:33:54.962  GET /revival/loadout
    -> 200  (0s)
    User-Agent: supervive-loadout-shim

#785 18:33:55.138  GET /revival/loadout
    -> 200  (0s)
    User-Agent: supervive-loadout-shim

#786 18:33:55.313  GET /revival/loadout
    -> 200  (0s)
    User-Agent: supervive-loadout-shim

#787 18:33:55.488  GET /revival/loadout
    -> 200  (0s)
    User-Agent: supervive-loadout-shim

#788 18:33:55.661  GET /revival/loadout
    -> 200  (0s)
    User-Agent: supervive-loadout-shim

#789 18:33:55.838  GET /revival/loadout
    -> 200  (0s)
    User-Agent: supervive-loadout-shim

#790 18:33:56.013  GET /revival/loadout
    -> 200  (0s)
    User-Agent: supervive-loadout-shim

#791 18:33:56.189  GET /revival/loadout
    -> 200  (0s)
    User-Agent: supervive-loadout-shim

#792 18:33:56.230  GET /configuration/client?language=en
    -> 200  (0s)
    Accept: */*
    Authorization: Bearer eyJhbGciOiJSUzI1NiIsImtpZCI6InN1cGVydml2ZS1yZXZpdmFsLWtleS0xIiwidHlwIjoiSldUIn0.eyJiYW5zIjpbXSwiY2xpZW50X2lkIjoiYmE4ZmI1OWEzNGJiNDgxYWJjYTA4YzQ2YmE0ODgwMjUiLCJjb3VudHJ5IjoiVVMiLCJkaXNwbGF5X25hbWUiOiJSZXZpdmVyIiwiZXhwIjoxNzg2NzM4NjUwLCJpYXQiOjE3ODY2NTIyNTAsImlzX2NvbXBseSI6dHJ1ZSwiamZsZ3MiOjAsIm5hbWVzcGFjZSI6InN1cGVydml2ZSIsIm5iZiI6MTc4NjY1MjE5MCwicGVybWlzc2lvbnMiOlt7IkFjdGlvbiI6MTUsIlJlc291cmNlIjoiTkFNRVNQQUNFOnN1cGVydml2ZToqIn0seyJBY3Rpb24iOjE1LCJSZXNvdXJjZSI6IkFETUlOOk5BTUVTUEFDRTpzdXBlcnZpdmU6KiJ9XSwicm9sZXMiOltdLCJzY29wZSI6ImNvbW1lcmNlIGFjY291bnQgc29jaWFsIHB1Ymxpc2hpbmcgYW5hbHl0aWNzIiwic3ViIjoiOWI5ZDJjODg3ZTI1MjRmOTE4ZTM4M2E4OTVmMmYxYzIiLCJ1bmlxdWVEaXNwbGF5TmFtZSI6IlJldml2ZXIjMDAwMSIsInVuaXF1ZV9kaXNwbGF5X25hbWUiOiJSZXZpdmVyIzAwMDEifQ.S8me6zCTJy1oN7cCA9hQMdHB81PfiOQjPGkisaKCUBzabcSTr1c468GSswCZp1ojqPbBbmOAc-HA5N2o4v-PRiSsk8rqPCyvk3Tx1C5P-rcZZtS-X9XnEtl7wRYgTacQNA_R6vbQgylOOxJ8HarI1u7xWxDlYfxiEDjHEEVHbUlHAE_Oz7PhV80Ms7bc3scLORKG3HPGTqjH9of-EooGUB3k-Xpl9M5eB7A7geV_c8XbzZ0NPELo9dLYVByYKVXzHtk2o0tyzXvdmz-r7FqVYwlN_jOrpiFF_4ti0Wf2ZTI07y-WzKQT1tlXe-OSq86OtwCA0elY-weDLV49mb78gg
    X-Theorycraft-Clientversion: release2.4.live-156430-shipping
    User-Agent: Loki/UE5-CL-0 (http-legacy) Windows/10.0.19045.1.256.64bit

#793 18:33:56.338  GET /content-service/manifest/release2.4.live-156430-shipping?nonEnabledOnly=true
    -> 200  (0s)
    X-Theorycraft-Clientversion: release2.4.live-156430-shipping
    Authorization: Bearer eyJhbGciOiJSUzI1NiIsImtpZCI6InN1cGVydml2ZS1yZXZpdmFsLWtleS0xIiwidHlwIjoiSldUIn0.eyJiYW5zIjpbXSwiY2xpZW50X2lkIjoiYmE4ZmI1OWEzNGJiNDgxYWJjYTA4YzQ2YmE0ODgwMjUiLCJjb3VudHJ5IjoiVVMiLCJkaXNwbGF5X25hbWUiOiJSZXZpdmVyIiwiZXhwIjoxNzg2NzM4NjUwLCJpYXQiOjE3ODY2NTIyNTAsImlzX2NvbXBseSI6dHJ1ZSwiamZsZ3MiOjAsIm5hbWVzcGFjZSI6InN1cGVydml2ZSIsIm5iZiI6MTc4NjY1MjE5MCwicGVybWlzc2lvbnMiOlt7IkFjdGlvbiI6MTUsIlJlc291cmNlIjoiTkFNRVNQQUNFOnN1cGVydml2ZToqIn0seyJBY3Rpb24iOjE1LCJSZXNvdXJjZSI6IkFETUlOOk5BTUVTUEFDRTpzdXBlcnZpdmU6KiJ9XSwicm9sZXMiOltdLCJzY29wZSI6ImNvbW1lcmNlIGFjY291bnQgc29jaWFsIHB1Ymxpc2hpbmcgYW5hbHl0aWNzIiwic3ViIjoiOWI5ZDJjODg3ZTI1MjRmOTE4ZTM4M2E4OTVmMmYxYzIiLCJ1bmlxdWVEaXNwbGF5TmFtZSI6IlJldml2ZXIjMDAwMSIsInVuaXF1ZV9kaXNwbGF5X25hbWUiOiJSZXZpdmVyIzAwMDEifQ.S8me6zCTJy1oN7cCA9hQMdHB81PfiOQjPGkisaKCUBzabcSTr1c468GSswCZp1ojqPbBbmOAc-HA5N2o4v-PRiSsk8rqPCyvk3Tx1C5P-rcZZtS-X9XnEtl7wRYgTacQNA_R6vbQgylOOxJ8HarI1u7xWxDlYfxiEDjHEEVHbUlHAE_Oz7PhV80Ms7bc3scLORKG3HPGTqjH9of-EooGUB3k-Xpl9M5eB7A7geV_c8XbzZ0NPELo9dLYVByYKVXzHtk2o0tyzXvdmz-r7FqVYwlN_jOrpiFF_4ti0Wf2ZTI07y-WzKQT1tlXe-OSq86OtwCA0elY-weDLV49mb78gg
    User-Agent: Loki/UE5-CL-0 (http-legacy) Windows/10.0.19045.1.256.64bit
    Accept: */*

#794 18:33:56.361  GET /revival/loadout
    -> 200  (0s)
    User-Agent: supervive-loadout-shim

#795 18:33:56.569  GET /revival/loadout
    -> 200  (1ms)
    User-Agent: supervive-loadout-shim

#796 18:33:56.746  GET /revival/loadout
    -> 200  (0s)
    User-Agent: supervive-loadout-shim

#797 18:33:56.921  GET /revival/loadout
    -> 200  (0s)
    User-Agent: supervive-loadout-shim

#798 18:33:57.096  GET /revival/loadout
    -> 200  (0s)
    User-Agent: supervive-loadout-shim

#799 18:33:57.271  GET /revival/loadout
    -> 200  (0s)
    User-Agent: supervive-loadout-shim

#800 18:33:57.463  GET /revival/loadout
    -> 200  (0s)
    User-Agent: supervive-loadout-shim

#801 18:33:57.656  GET /revival/loadout
    -> 200  (0s)
    User-Agent: supervive-loadout-shim

#802 18:33:57.829  GET /revival/loadout
    -> 200  (0s)
    User-Agent: supervive-loadout-shim

#803 18:33:58.003  GET /revival/loadout
    -> 200  (0s)
    User-Agent: supervive-loadout-shim

#804 18:33:58.177  GET /revival/loadout
    -> 200  (0s)
    User-Agent: supervive-loadout-shim

#805 18:33:58.353  GET /revival/loadout
    -> 200  (0s)
    User-Agent: supervive-loadout-shim

#806 18:33:58.528  GET /revival/loadout
    -> 200  (0s)
    User-Agent: supervive-loadout-shim

#807 18:33:58.703  GET /revival/loadout
    -> 200  (0s)
    User-Agent: supervive-loadout-shim

#808 18:33:58.878  GET /revival/loadout
    -> 200  (0s)
    User-Agent: supervive-loadout-shim

#809 18:33:59.053  GET /revival/loadout
    -> 200  (0s)
    User-Agent: supervive-loadout-shim

#810 18:33:59.228  GET /revival/loadout
    -> 200  (0s)
    User-Agent: supervive-loadout-shim

#811 18:33:59.402  GET /revival/loadout
    -> 200  (0s)
    User-Agent: supervive-loadout-shim

#812 18:33:59.578  GET /revival/loadout
    -> 200  (0s)
    User-Agent: supervive-loadout-shim

#813 18:33:59.753  GET /revival/loadout
    -> 200  (0s)
    User-Agent: supervive-loadout-shim

#814 18:33:59.928  GET /revival/loadout
    -> 200  (0s)
    User-Agent: supervive-loadout-shim

#815 18:34:00.103  GET /revival/loadout
    -> 200  (0s)
    User-Agent: supervive-loadout-shim

#816 18:34:00.277  GET /revival/loadout
    -> 200  (0s)
    User-Agent: supervive-loadout-shim

#817 18:34:00.453  GET /revival/loadout
    -> 200  (0s)
    User-Agent: supervive-loadout-shim

#818 18:34:00.628  GET /revival/loadout
    -> 200  (0s)
    User-Agent: supervive-loadout-shim

#819 18:34:00.873  GET /revival/loadout
    -> 200  (0s)
    User-Agent: supervive-loadout-shim

#820 18:34:01.044  GET /revival/loadout
    -> 200  (0s)
    User-Agent: supervive-loadout-shim

#821 18:34:01.219  GET /revival/loadout
    -> 200  (0s)
    User-Agent: supervive-loadout-shim

#822 18:34:01.393  GET /revival/loadout
    -> 200  (0s)
    User-Agent: supervive-loadout-shim

#823 18:34:01.569  GET /revival/loadout
    -> 200  (0s)
    User-Agent: supervive-loadout-shim

#824 18:34:01.744  GET /revival/loadout
    -> 200  (0s)
    User-Agent: supervive-loadout-shim

#825 18:34:01.918  GET /revival/loadout
    -> 200  (0s)
    User-Agent: supervive-loadout-shim

#826 18:34:02.094  GET /revival/loadout
    -> 200  (0s)
    User-Agent: supervive-loadout-shim

#827 18:34:02.269  GET /revival/loadout
    -> 200  (0s)
    User-Agent: supervive-loadout-shim

#828 18:34:02.444  GET /revival/loadout
    -> 200  (0s)
    User-Agent: supervive-loadout-shim

#829 18:34:02.618  GET /revival/loadout
    -> 200  (0s)
    User-Agent: supervive-loadout-shim

#830 18:34:02.792  GET /revival/loadout
    -> 200  (0s)
    User-Agent: supervive-loadout-shim

#831 18:34:02.969  GET /revival/loadout
    -> 200  (0s)
    User-Agent: supervive-loadout-shim

#832 18:34:03.143  GET /revival/loadout
    -> 200  (0s)
    User-Agent: supervive-loadout-shim

#833 18:34:03.318  GET /revival/loadout
    -> 200  (0s)
    User-Agent: supervive-loadout-shim

#834 18:34:03.493  GET /revival/loadout
    -> 200  (0s)
    User-Agent: supervive-loadout-shim

#835 18:34:03.668  GET /revival/loadout
    -> 200  (0s)
    User-Agent: supervive-loadout-shim

#836 18:34:03.843  GET /revival/loadout
    -> 200  (0s)
    User-Agent: supervive-loadout-shim

#837 18:34:04.019  GET /revival/loadout
    -> 200  (0s)
    User-Agent: supervive-loadout-shim

#838 18:34:04.192  GET /revival/loadout
    -> 200  (0s)
    User-Agent: supervive-loadout-shim

#839 18:34:04.375  GET /revival/loadout
    -> 200  (0s)
    User-Agent: supervive-loadout-shim

#840 18:34:04.551  GET /revival/loadout
    -> 200  (0s)
    User-Agent: supervive-loadout-shim

#841 18:34:04.735  GET /revival/loadout
    -> 200  (0s)
    User-Agent: supervive-loadout-shim

#842 18:34:04.909  GET /revival/loadout
    -> 200  (0s)
    User-Agent: supervive-loadout-shim

#843 18:34:05.085  GET /revival/loadout
    -> 200  (0s)
    User-Agent: supervive-loadout-shim

#844 18:34:05.258  GET /revival/loadout
    -> 200  (0s)
    User-Agent: supervive-loadout-shim

#845 18:34:05.434  GET /revival/loadout
    -> 200  (0s)
    User-Agent: supervive-loadout-shim

#846 18:34:05.608  GET /revival/loadout
    -> 200  (0s)
    User-Agent: supervive-loadout-shim

#847 18:34:05.817  GET /revival/loadout
    -> 200  (0s)
    User-Agent: supervive-loadout-shim

#848 18:34:06.000  GET /revival/loadout
    -> 200  (0s)
    User-Agent: supervive-loadout-shim

#849 18:34:06.175  GET /revival/loadout
    -> 200  (0s)
    User-Agent: supervive-loadout-shim

#850 18:34:06.351  GET /revival/loadout
    -> 200  (0s)
    User-Agent: supervive-loadout-shim

#851 18:34:06.525  GET /revival/loadout
    -> 200  (0s)
    User-Agent: supervive-loadout-shim

#852 18:34:06.699  GET /revival/loadout
    -> 200  (0s)
    User-Agent: supervive-loadout-shim

#853 18:34:06.876  GET /revival/loadout
    -> 200  (0s)
    User-Agent: supervive-loadout-shim

#854 18:34:07.050  GET /revival/loadout
    -> 200  (0s)
    User-Agent: supervive-loadout-shim

#855 18:34:07.225  GET /revival/loadout
    -> 200  (0s)
    User-Agent: supervive-loadout-shim

#856 18:34:07.399  GET /revival/loadout
    -> 200  (0s)
    User-Agent: supervive-loadout-shim

#857 18:34:07.575  GET /revival/loadout
    -> 200  (0s)
    User-Agent: supervive-loadout-shim

#858 18:34:07.750  GET /revival/loadout
    -> 200  (0s)
    User-Agent: supervive-loadout-shim

#859 18:34:07.925  GET /revival/loadout
    -> 200  (0s)
    User-Agent: supervive-loadout-shim

#860 18:34:08.100  GET /revival/loadout
    -> 200  (0s)
    User-Agent: supervive-loadout-shim

#861 18:34:08.275  GET /revival/loadout
    -> 200  (0s)
    User-Agent: supervive-loadout-shim

#862 18:34:08.479  GET /revival/loadout
    -> 200  (0s)
    User-Agent: supervive-loadout-shim

#863 18:34:08.650  GET /revival/loadout
    -> 200  (0s)
    User-Agent: supervive-loadout-shim

#864 18:34:08.827  GET /revival/loadout
    -> 200  (0s)
    User-Agent: supervive-loadout-shim

#865 18:34:09.000  GET /revival/loadout
    -> 200  (0s)
    User-Agent: supervive-loadout-shim

#866 18:34:09.174  GET /revival/loadout
    -> 200  (0s)
    User-Agent: supervive-loadout-shim

#867 18:34:09.350  GET /revival/loadout
    -> 200  (0s)
    User-Agent: supervive-loadout-shim

#868 18:34:09.525  GET /revival/loadout
    -> 200  (0s)
    User-Agent: supervive-loadout-shim

#869 18:34:09.724  GET /revival/loadout
    -> 200  (0s)
    User-Agent: supervive-loadout-shim

#870 18:34:09.899  GET /revival/loadout
    -> 200  (0s)
    User-Agent: supervive-loadout-shim

#871 18:34:10.074  GET /revival/loadout
    -> 200  (0s)
    User-Agent: supervive-loadout-shim

#872 18:34:10.249  GET /revival/loadout
    -> 200  (0s)
    User-Agent: supervive-loadout-shim

#873 18:34:10.424  GET /revival/loadout
    -> 200  (0s)
    User-Agent: supervive-loadout-shim

#874 18:34:10.608  GET /revival/loadout
    -> 200  (0s)
    User-Agent: supervive-loadout-shim

#875 18:34:10.782  GET /revival/loadout
    -> 200  (0s)
    User-Agent: supervive-loadout-shim

#876 18:34:10.957  GET /revival/loadout
    -> 200  (0s)
    User-Agent: supervive-loadout-shim

#877 18:34:11.132  GET /revival/loadout
    -> 200  (0s)
    User-Agent: supervive-loadout-shim

#878 18:34:11.307  GET /revival/loadout
    -> 200  (0s)
    User-Agent: supervive-loadout-shim

#879 18:34:11.482  GET /revival/loadout
    -> 200  (0s)
    User-Agent: supervive-loadout-shim

#880 18:34:11.656  GET /revival/loadout
    -> 200  (0s)
    User-Agent: supervive-loadout-shim

#881 18:34:11.831  GET /revival/loadout
    -> 200  (0s)
    User-Agent: supervive-loadout-shim

#882 18:34:12.007  GET /revival/loadout
    -> 200  (0s)
    User-Agent: supervive-loadout-shim

#883 18:34:12.181  GET /revival/loadout
    -> 200  (0s)
    User-Agent: supervive-loadout-shim

#884 18:34:12.357  GET /revival/loadout
    -> 200  (0s)
    User-Agent: supervive-loadout-shim

#885 18:34:12.531  GET /revival/loadout
    -> 200  (0s)
    User-Agent: supervive-loadout-shim

#886 18:34:12.707  GET /revival/loadout
    -> 200  (0s)
    User-Agent: supervive-loadout-shim

#887 18:34:12.882  GET /revival/loadout
    -> 200  (0s)
    User-Agent: supervive-loadout-shim

#888 18:34:13.057  GET /revival/loadout
    -> 200  (0s)
    User-Agent: supervive-loadout-shim

#889 18:34:13.232  GET /revival/loadout
    -> 200  (0s)
    User-Agent: supervive-loadout-shim

* 18:34:13.302  WS -> /notifications/players/9b9d2c887e2524f918e383a895f2f1c2 BINARY hb (proactive 30s keepalive)

#890 18:34:13.407  GET /revival/loadout
    -> 200  (0s)
    User-Agent: supervive-loadout-shim

#891 18:34:13.581  GET /revival/loadout
    -> 200  (0s)
    User-Agent: supervive-loadout-shim

#892 18:34:13.756  GET /revival/loadout
    -> 200  (0s)
    User-Agent: supervive-loadout-shim

#893 18:34:13.931  GET /revival/loadout
    -> 200  (0s)
    User-Agent: supervive-loadout-shim

#894 18:34:14.106  GET /revival/loadout
    -> 200  (0s)
    User-Agent: supervive-loadout-shim

#895 18:34:14.282  GET /revival/loadout
    -> 200  (0s)
    User-Agent: supervive-loadout-shim

#896 18:34:14.456  GET /revival/loadout
    -> 200  (0s)
    User-Agent: supervive-loadout-shim

#897 18:34:14.631  GET /revival/loadout
    -> 200  (0s)
    User-Agent: supervive-loadout-shim

#898 18:34:14.806  GET /revival/loadout
    -> 200  (0s)
    User-Agent: supervive-loadout-shim

#899 18:34:14.980  GET /revival/loadout
    -> 200  (1ms)
    User-Agent: supervive-loadout-shim

#900 18:34:15.164  GET /revival/loadout
    -> 200  (0s)
    User-Agent: supervive-loadout-shim

#901 18:34:15.338  GET /revival/loadout
    -> 200  (0s)
    User-Agent: supervive-loadout-shim

#902 18:34:15.513  GET /revival/loadout
    -> 200  (0s)
    User-Agent: supervive-loadout-shim

#903 18:34:15.689  GET /revival/loadout
    -> 200  (0s)
    User-Agent: supervive-loadout-shim

#904 18:34:15.864  GET /revival/loadout
    -> 200  (0s)
    User-Agent: supervive-loadout-shim

#905 18:34:16.038  GET /revival/loadout
    -> 200  (0s)
    User-Agent: supervive-loadout-shim

#906 18:34:16.214  GET /revival/loadout
    -> 200  (0s)
    User-Agent: supervive-loadout-shim

#907 18:34:16.420  GET /revival/loadout
    -> 200  (0s)
    User-Agent: supervive-loadout-shim

#908 18:34:16.596  GET /revival/loadout
    -> 200  (0s)
    User-Agent: supervive-loadout-shim

#909 18:34:16.772  GET /revival/loadout
    -> 200  (0s)
    User-Agent: supervive-loadout-shim

#910 18:34:16.947  GET /revival/loadout
    -> 200  (0s)
    User-Agent: supervive-loadout-shim

#911 18:34:17.121  GET /revival/loadout
    -> 200  (0s)
    User-Agent: supervive-loadout-shim

#912 18:34:17.296  GET /revival/loadout
    -> 200  (0s)
    User-Agent: supervive-loadout-shim

#913 18:34:17.470  GET /revival/loadout
    -> 200  (0s)
    User-Agent: supervive-loadout-shim

#914 18:34:17.647  GET /revival/loadout
    -> 200  (0s)
    User-Agent: supervive-loadout-shim

#915 18:34:17.821  GET /revival/loadout
    -> 200  (0s)
    User-Agent: supervive-loadout-shim

#916 18:34:17.996  GET /revival/loadout
    -> 200  (0s)
    User-Agent: supervive-loadout-shim

#917 18:34:18.170  GET /revival/loadout
    -> 200  (0s)
    User-Agent: supervive-loadout-shim

#918 18:34:18.346  GET /revival/loadout
    -> 200  (0s)
    User-Agent: supervive-loadout-shim

#919 18:34:18.520  GET /revival/loadout
    -> 200  (0s)
    User-Agent: supervive-loadout-shim

#920 18:34:18.695  GET /revival/loadout
    -> 200  (0s)
    User-Agent: supervive-loadout-shim

#921 18:34:18.870  GET /revival/loadout
    -> 200  (0s)
    User-Agent: supervive-loadout-shim

#922 18:34:19.046  GET /revival/loadout
    -> 200  (0s)
    User-Agent: supervive-loadout-shim

#923 18:34:19.221  GET /revival/loadout
    -> 200  (0s)
    User-Agent: supervive-loadout-shim

#924 18:34:19.396  GET /revival/loadout
    -> 200  (1ms)
    User-Agent: supervive-loadout-shim

#925 18:34:19.531  GET /party/players/9b9d2c887e2524f918e383a895f2f1c2/voice
    -> 200  (0s)
    X-Theorycraft-Clientversion: release2.4.live-156430-shipping
    Authorization: Bearer eyJhbGciOiJSUzI1NiIsImtpZCI6InN1cGVydml2ZS1yZXZpdmFsLWtleS0xIiwidHlwIjoiSldUIn0.eyJiYW5zIjpbXSwiY2xpZW50X2lkIjoiYmE4ZmI1OWEzNGJiNDgxYWJjYTA4YzQ2YmE0ODgwMjUiLCJjb3VudHJ5IjoiVVMiLCJkaXNwbGF5X25hbWUiOiJSZXZpdmVyIiwiZXhwIjoxNzg2NzM4NjUwLCJpYXQiOjE3ODY2NTIyNTAsImlzX2NvbXBseSI6dHJ1ZSwiamZsZ3MiOjAsIm5hbWVzcGFjZSI6InN1cGVydml2ZSIsIm5iZiI6MTc4NjY1MjE5MCwicGVybWlzc2lvbnMiOlt7IkFjdGlvbiI6MTUsIlJlc291cmNlIjoiTkFNRVNQQUNFOnN1cGVydml2ZToqIn0seyJBY3Rpb24iOjE1LCJSZXNvdXJjZSI6IkFETUlOOk5BTUVTUEFDRTpzdXBlcnZpdmU6KiJ9XSwicm9sZXMiOltdLCJzY29wZSI6ImNvbW1lcmNlIGFjY291bnQgc29jaWFsIHB1Ymxpc2hpbmcgYW5hbHl0aWNzIiwic3ViIjoiOWI5ZDJjODg3ZTI1MjRmOTE4ZTM4M2E4OTVmMmYxYzIiLCJ1bmlxdWVEaXNwbGF5TmFtZSI6IlJldml2ZXIjMDAwMSIsInVuaXF1ZV9kaXNwbGF5X25hbWUiOiJSZXZpdmVyIzAwMDEifQ.S8me6zCTJy1oN7cCA9hQMdHB81PfiOQjPGkisaKCUBzabcSTr1c468GSswCZp1ojqPbBbmOAc-HA5N2o4v-PRiSsk8rqPCyvk3Tx1C5P-rcZZtS-X9XnEtl7wRYgTacQNA_R6vbQgylOOxJ8HarI1u7xWxDlYfxiEDjHEEVHbUlHAE_Oz7PhV80Ms7bc3scLORKG3HPGTqjH9of-EooGUB3k-Xpl9M5eB7A7geV_c8XbzZ0NPELo9dLYVByYKVXzHtk2o0tyzXvdmz-r7FqVYwlN_jOrpiFF_4ti0Wf2ZTI07y-WzKQT1tlXe-OSq86OtwCA0elY-weDLV49mb78gg
    User-Agent: Loki/UE5-CL-0 (http-legacy) Windows/10.0.19045.1.256.64bit
    Accept: */*

#926 18:34:19.571  GET /revival/loadout
    -> 200  (0s)
    User-Agent: supervive-loadout-shim

#927 18:34:19.746  GET /revival/loadout
    -> 200  (0s)
    User-Agent: supervive-loadout-shim

#928 18:34:19.920  GET /revival/loadout
    -> 200  (0s)
    User-Agent: supervive-loadout-shim

* 18:34:19.925  WS <- /lobby TEXT ""

#929 18:34:20.129  GET /revival/loadout
    -> 200  (0s)
    User-Agent: supervive-loadout-shim

#930 18:34:20.304  GET /revival/loadout
    -> 200  (0s)
    User-Agent: supervive-loadout-shim

#931 18:34:20.522  GET /revival/loadout
    -> 200  (0s)
    User-Agent: supervive-loadout-shim

#932 18:34:20.696  GET /revival/loadout
    -> 200  (0s)
    User-Agent: supervive-loadout-shim

#933 18:34:20.879  GET /revival/loadout
    -> 200  (0s)
    User-Agent: supervive-loadout-shim

#934 18:34:21.063  GET /revival/loadout
    -> 200  (0s)
    User-Agent: supervive-loadout-shim

#935 18:34:21.236  GET /revival/loadout
    -> 200  (0s)
    User-Agent: supervive-loadout-shim

#936 18:34:21.421  GET /revival/loadout
    -> 200  (0s)
    User-Agent: supervive-loadout-shim

#937 18:34:21.595  GET /revival/loadout
    -> 200  (0s)
    User-Agent: supervive-loadout-shim

#938 18:34:21.768  GET /revival/loadout
    -> 200  (0s)
    User-Agent: supervive-loadout-shim

#939 18:34:21.945  GET /revival/loadout
    -> 200  (0s)
    User-Agent: supervive-loadout-shim

#940 18:34:22.128  GET /revival/loadout
    -> 200  (0s)
    User-Agent: supervive-loadout-shim

#941 18:34:22.302  GET /revival/loadout
    -> 200  (0s)
    User-Agent: supervive-loadout-shim

#942 18:34:22.478  GET /revival/loadout
    -> 200  (0s)
    User-Agent: supervive-loadout-shim

#943 18:34:22.652  GET /revival/loadout
    -> 200  (0s)
    User-Agent: supervive-loadout-shim

#944 18:34:22.828  GET /revival/loadout
    -> 200  (0s)
    User-Agent: supervive-loadout-shim

#945 18:34:23.010  GET /revival/loadout
    -> 200  (0s)
    User-Agent: supervive-loadout-shim

#946 18:34:23.186  GET /revival/loadout
    -> 200  (0s)
    User-Agent: supervive-loadout-shim

#947 18:34:23.208  GET /party/matchmaking/info
    -> 200  (0s)
    X-Theorycraft-Clientversion: release2.4.live-156430-shipping
    Authorization: Bearer eyJhbGciOiJSUzI1NiIsImtpZCI6InN1cGVydml2ZS1yZXZpdmFsLWtleS0xIiwidHlwIjoiSldUIn0.eyJiYW5zIjpbXSwiY2xpZW50X2lkIjoiYmE4ZmI1OWEzNGJiNDgxYWJjYTA4YzQ2YmE0ODgwMjUiLCJjb3VudHJ5IjoiVVMiLCJkaXNwbGF5X25hbWUiOiJSZXZpdmVyIiwiZXhwIjoxNzg2NzM4NjUwLCJpYXQiOjE3ODY2NTIyNTAsImlzX2NvbXBseSI6dHJ1ZSwiamZsZ3MiOjAsIm5hbWVzcGFjZSI6InN1cGVydml2ZSIsIm5iZiI6MTc4NjY1MjE5MCwicGVybWlzc2lvbnMiOlt7IkFjdGlvbiI6MTUsIlJlc291cmNlIjoiTkFNRVNQQUNFOnN1cGVydml2ZToqIn0seyJBY3Rpb24iOjE1LCJSZXNvdXJjZSI6IkFETUlOOk5BTUVTUEFDRTpzdXBlcnZpdmU6KiJ9XSwicm9sZXMiOltdLCJzY29wZSI6ImNvbW1lcmNlIGFjY291bnQgc29jaWFsIHB1Ymxpc2hpbmcgYW5hbHl0aWNzIiwic3ViIjoiOWI5ZDJjODg3ZTI1MjRmOTE4ZTM4M2E4OTVmMmYxYzIiLCJ1bmlxdWVEaXNwbGF5TmFtZSI6IlJldml2ZXIjMDAwMSIsInVuaXF1ZV9kaXNwbGF5X25hbWUiOiJSZXZpdmVyIzAwMDEifQ.S8me6zCTJy1oN7cCA9hQMdHB81PfiOQjPGkisaKCUBzabcSTr1c468GSswCZp1ojqPbBbmOAc-HA5N2o4v-PRiSsk8rqPCyvk3Tx1C5P-rcZZtS-X9XnEtl7wRYgTacQNA_R6vbQgylOOxJ8HarI1u7xWxDlYfxiEDjHEEVHbUlHAE_Oz7PhV80Ms7bc3scLORKG3HPGTqjH9of-EooGUB3k-Xpl9M5eB7A7geV_c8XbzZ0NPELo9dLYVByYKVXzHtk2o0tyzXvdmz-r7FqVYwlN_jOrpiFF_4ti0Wf2ZTI07y-WzKQT1tlXe-OSq86OtwCA0elY-weDLV49mb78gg
    User-Agent: Loki/UE5-CL-0 (http-legacy) Windows/10.0.19045.1.256.64bit
    Accept: */*

#948 18:34:23.244  GET /revival/missions/progress
    -> 200  (0s)
    User-Agent: supervive-missions-shim

#949 18:34:23.361  GET /revival/loadout
    -> 200  (0s)
    User-Agent: supervive-loadout-shim

#950 18:34:23.536  GET /revival/loadout
    -> 200  (0s)
    User-Agent: supervive-loadout-shim

#951 18:34:23.711  GET /revival/loadout
    -> 200  (0s)
    User-Agent: supervive-loadout-shim

#952 18:34:23.886  GET /revival/loadout
    -> 200  (0s)
    User-Agent: supervive-loadout-shim

#953 18:34:24.060  GET /revival/loadout
    -> 200  (0s)
    User-Agent: supervive-loadout-shim

#954 18:34:24.236  GET /revival/loadout
    -> 200  (0s)
    User-Agent: supervive-loadout-shim

#955 18:34:24.410  GET /revival/loadout
    -> 200  (0s)
    User-Agent: supervive-loadout-shim

#956 18:34:24.586  GET /revival/loadout
    -> 200  (0s)
    User-Agent: supervive-loadout-shim

#957 18:34:24.760  GET /revival/loadout
    -> 200  (0s)
    User-Agent: supervive-loadout-shim

#958 18:34:24.935  GET /revival/loadout
    -> 200  (0s)
    User-Agent: supervive-loadout-shim

#959 18:34:25.109  GET /revival/loadout
    -> 200  (0s)
    User-Agent: supervive-loadout-shim

#960 18:34:25.285  GET /revival/loadout
    -> 200  (0s)
    User-Agent: supervive-loadout-shim

#961 18:34:25.459  GET /revival/loadout
    -> 200  (0s)
    User-Agent: supervive-loadout-shim

#962 18:34:25.635  GET /revival/loadout
    -> 200  (0s)
    User-Agent: supervive-loadout-shim

#963 18:34:25.810  GET /revival/loadout
    -> 200  (0s)
    User-Agent: supervive-loadout-shim

#964 18:34:25.984  GET /revival/loadout
    -> 200  (0s)
    User-Agent: supervive-loadout-shim

#965 18:34:26.159  GET /revival/loadout
    -> 200  (0s)
    User-Agent: supervive-loadout-shim

#966 18:34:26.219  GET /configuration/client?language=en
    -> 200  (0s)
    Accept: */*
    X-Theorycraft-Clientversion: release2.4.live-156430-shipping
    Authorization: Bearer eyJhbGciOiJSUzI1NiIsImtpZCI6InN1cGVydml2ZS1yZXZpdmFsLWtleS0xIiwidHlwIjoiSldUIn0.eyJiYW5zIjpbXSwiY2xpZW50X2lkIjoiYmE4ZmI1OWEzNGJiNDgxYWJjYTA4YzQ2YmE0ODgwMjUiLCJjb3VudHJ5IjoiVVMiLCJkaXNwbGF5X25hbWUiOiJSZXZpdmVyIiwiZXhwIjoxNzg2NzM4NjUwLCJpYXQiOjE3ODY2NTIyNTAsImlzX2NvbXBseSI6dHJ1ZSwiamZsZ3MiOjAsIm5hbWVzcGFjZSI6InN1cGVydml2ZSIsIm5iZiI6MTc4NjY1MjE5MCwicGVybWlzc2lvbnMiOlt7IkFjdGlvbiI6MTUsIlJlc291cmNlIjoiTkFNRVNQQUNFOnN1cGVydml2ZToqIn0seyJBY3Rpb24iOjE1LCJSZXNvdXJjZSI6IkFETUlOOk5BTUVTUEFDRTpzdXBlcnZpdmU6KiJ9XSwicm9sZXMiOltdLCJzY29wZSI6ImNvbW1lcmNlIGFjY291bnQgc29jaWFsIHB1Ymxpc2hpbmcgYW5hbHl0aWNzIiwic3ViIjoiOWI5ZDJjODg3ZTI1MjRmOTE4ZTM4M2E4OTVmMmYxYzIiLCJ1bmlxdWVEaXNwbGF5TmFtZSI6IlJldml2ZXIjMDAwMSIsInVuaXF1ZV9kaXNwbGF5X25hbWUiOiJSZXZpdmVyIzAwMDEifQ.S8me6zCTJy1oN7cCA9hQMdHB81PfiOQjPGkisaKCUBzabcSTr1c468GSswCZp1ojqPbBbmOAc-HA5N2o4v-PRiSsk8rqPCyvk3Tx1C5P-rcZZtS-X9XnEtl7wRYgTacQNA_R6vbQgylOOxJ8HarI1u7xWxDlYfxiEDjHEEVHbUlHAE_Oz7PhV80Ms7bc3scLORKG3HPGTqjH9of-EooGUB3k-Xpl9M5eB7A7geV_c8XbzZ0NPELo9dLYVByYKVXzHtk2o0tyzXvdmz-r7FqVYwlN_jOrpiFF_4ti0Wf2ZTI07y-WzKQT1tlXe-OSq86OtwCA0elY-weDLV49mb78gg
    User-Agent: Loki/UE5-CL-0 (http-legacy) Windows/10.0.19045.1.256.64bit

#967 18:34:26.321  GET /content-service/manifest/release2.4.live-156430-shipping?nonEnabledOnly=true
    -> 200  (0s)
    User-Agent: Loki/UE5-CL-0 (http-legacy) Windows/10.0.19045.1.256.64bit
    Accept: */*
    X-Theorycraft-Clientversion: release2.4.live-156430-shipping
    Authorization: Bearer eyJhbGciOiJSUzI1NiIsImtpZCI6InN1cGVydml2ZS1yZXZpdmFsLWtleS0xIiwidHlwIjoiSldUIn0.eyJiYW5zIjpbXSwiY2xpZW50X2lkIjoiYmE4ZmI1OWEzNGJiNDgxYWJjYTA4YzQ2YmE0ODgwMjUiLCJjb3VudHJ5IjoiVVMiLCJkaXNwbGF5X25hbWUiOiJSZXZpdmVyIiwiZXhwIjoxNzg2NzM4NjUwLCJpYXQiOjE3ODY2NTIyNTAsImlzX2NvbXBseSI6dHJ1ZSwiamZsZ3MiOjAsIm5hbWVzcGFjZSI6InN1cGVydml2ZSIsIm5iZiI6MTc4NjY1MjE5MCwicGVybWlzc2lvbnMiOlt7IkFjdGlvbiI6MTUsIlJlc291cmNlIjoiTkFNRVNQQUNFOnN1cGVydml2ZToqIn0seyJBY3Rpb24iOjE1LCJSZXNvdXJjZSI6IkFETUlOOk5BTUVTUEFDRTpzdXBlcnZpdmU6KiJ9XSwicm9sZXMiOltdLCJzY29wZSI6ImNvbW1lcmNlIGFjY291bnQgc29jaWFsIHB1Ymxpc2hpbmcgYW5hbHl0aWNzIiwic3ViIjoiOWI5ZDJjODg3ZTI1MjRmOTE4ZTM4M2E4OTVmMmYxYzIiLCJ1bmlxdWVEaXNwbGF5TmFtZSI6IlJldml2ZXIjMDAwMSIsInVuaXF1ZV9kaXNwbGF5X25hbWUiOiJSZXZpdmVyIzAwMDEifQ.S8me6zCTJy1oN7cCA9hQMdHB81PfiOQjPGkisaKCUBzabcSTr1c468GSswCZp1ojqPbBbmOAc-HA5N2o4v-PRiSsk8rqPCyvk3Tx1C5P-rcZZtS-X9XnEtl7wRYgTacQNA_R6vbQgylOOxJ8HarI1u7xWxDlYfxiEDjHEEVHbUlHAE_Oz7PhV80Ms7bc3scLORKG3HPGTqjH9of-EooGUB3k-Xpl9M5eB7A7geV_c8XbzZ0NPELo9dLYVByYKVXzHtk2o0tyzXvdmz-r7FqVYwlN_jOrpiFF_4ti0Wf2ZTI07y-WzKQT1tlXe-OSq86OtwCA0elY-weDLV49mb78gg

#968 18:34:26.334  GET /revival/loadout
    -> 200  (0s)
    User-Agent: supervive-loadout-shim

#969 18:34:26.527  GET /revival/loadout
    -> 200  (0s)
    User-Agent: supervive-loadout-shim

#970 18:34:26.699  GET /revival/loadout
    -> 200  (0s)
    User-Agent: supervive-loadout-shim

#971 18:34:26.876  GET /revival/loadout
    -> 200  (0s)
    User-Agent: supervive-loadout-shim

#972 18:34:27.050  GET /revival/loadout
    -> 200  (0s)
    User-Agent: supervive-loadout-shim

#973 18:34:27.226  GET /revival/loadout
    -> 200  (0s)
    User-Agent: supervive-loadout-shim

#974 18:34:27.401  GET /revival/loadout
    -> 200  (0s)
    User-Agent: supervive-loadout-shim

#975 18:34:27.528  POST /game-telemetry/v1/protected/events
    -> 200  (0s)
    Accept: application/json
    User-Agent: Loki/UE5-CL-0 (http-legacy) Windows/10.0.19045.1.256.64bit
    Content-Type: application/json
    Authorization: Bearer eyJhbGciOiJSUzI1NiIsImtpZCI6InN1cGVydml2ZS1yZXZpdmFsLWtleS0xIiwidHlwIjoiSldUIn0.eyJiYW5zIjpbXSwiY2xpZW50X2lkIjoiYmE4ZmI1OWEzNGJiNDgxYWJjYTA4YzQ2YmE0ODgwMjUiLCJjb3VudHJ5IjoiVVMiLCJkaXNwbGF5X25hbWUiOiJSZXZpdmVyIiwiZXhwIjoxNzg2NzM4NjUwLCJpYXQiOjE3ODY2NTIyNTAsImlzX2NvbXBseSI6dHJ1ZSwiamZsZ3MiOjAsIm5hbWVzcGFjZSI6InN1cGVydml2ZSIsIm5iZiI6MTc4NjY1MjE5MCwicGVybWlzc2lvbnMiOlt7IkFjdGlvbiI6MTUsIlJlc291cmNlIjoiTkFNRVNQQUNFOnN1cGVydml2ZToqIn0seyJBY3Rpb24iOjE1LCJSZXNvdXJjZSI6IkFETUlOOk5BTUVTUEFDRTpzdXBlcnZpdmU6KiJ9XSwicm9sZXMiOltdLCJzY29wZSI6ImNvbW1lcmNlIGFjY291bnQgc29jaWFsIHB1Ymxpc2hpbmcgYW5hbHl0aWNzIiwic3ViIjoiOWI5ZDJjODg3ZTI1MjRmOTE4ZTM4M2E4OTVmMmYxYzIiLCJ1bmlxdWVEaXNwbGF5TmFtZSI6IlJldml2ZXIjMDAwMSIsInVuaXF1ZV9kaXNwbGF5X25hbWUiOiJSZXZpdmVyIzAwMDEifQ.S8me6zCTJy1oN7cCA9hQMdHB81PfiOQjPGkisaKCUBzabcSTr1c468GSswCZp1ojqPbBbmOAc-HA5N2o4v-PRiSsk8rqPCyvk3Tx1C5P-rcZZtS-X9XnEtl7wRYgTacQNA_R6vbQgylOOxJ8HarI1u7xWxDlYfxiEDjHEEVHbUlHAE_Oz7PhV80Ms7bc3scLORKG3HPGTqjH9of-EooGUB3k-Xpl9M5eB7A7geV_c8XbzZ0NPELo9dLYVByYKVXzHtk2o0tyzXvdmz-r7FqVYwlN_jOrpiFF_4ti0Wf2ZTI07y-WzKQT1tlXe-OSq86OtwCA0elY-weDLV49mb78gg
    Game-Client-Version: 1.0.0.0
    body: [
	{
		"EventNamespace": "loki",
		"EventName": "client_network_samples_snapshot",
		"Payload":
		{
			"sessionId": "567f77cd4269be09df02edb258c46222",
			"PlayerId": "9b9d2c887e2524f918e383a895f2f1c2",
			"timestamp": "2026-08-13T23:33:38.824Z",
			"inAveragePacketLoss": 0,
			"outAveragePacketLoss": 0,
			"HardwareId": "c1795a173f53c6f72e8b0125f11309c6"
		},
		"ClientTimestamp": "2026-08-13T23:34:26.573Z",
		"flightId": "34fe5245425ef9d90b4cd3a77b270727",
		"DeviceType": "Windows"
	}
]

#976 18:34:27.575  GET /revival/loadout
    -> 200  (0s)
    User-Agent: supervive-loadout-shim

#977 18:34:27.750  GET /revival/loadout
    -> 200  (0s)
    User-Agent: supervive-loadout-shim

#978 18:34:27.926  GET /revival/loadout
    -> 200  (0s)
    User-Agent: supervive-loadout-shim

#979 18:34:28.100  GET /revival/loadout
    -> 200  (0s)
    User-Agent: supervive-loadout-shim

#980 18:34:28.284  GET /revival/loadout
    -> 200  (0s)
    User-Agent: supervive-loadout-shim

#981 18:34:28.459  GET /revival/loadout
    -> 200  (0s)
    User-Agent: supervive-loadout-shim

#982 18:34:28.633  GET /revival/loadout
    -> 200  (0s)
    User-Agent: supervive-loadout-shim

#983 18:34:28.809  GET /revival/loadout
    -> 200  (0s)
    User-Agent: supervive-loadout-shim

#984 18:34:28.984  GET /revival/loadout
    -> 200  (0s)
    User-Agent: supervive-loadout-shim

#985 18:34:29.185  GET /revival/loadout
    -> 200  (1ms)
    User-Agent: supervive-loadout-shim

#986 18:34:29.359  GET /revival/loadout
    -> 200  (0s)
    User-Agent: supervive-loadout-shim

#987 18:34:29.534  GET /revival/loadout
    -> 200  (0s)
    User-Agent: supervive-loadout-shim

#988 18:34:29.708  GET /revival/loadout
    -> 200  (0s)
    User-Agent: supervive-loadout-shim

#989 18:34:29.884  GET /revival/loadout
    -> 200  (0s)
    User-Agent: supervive-loadout-shim

#990 18:34:30.058  GET /revival/loadout
    -> 200  (0s)
    User-Agent: supervive-loadout-shim

#991 18:34:30.232  GET /revival/loadout
    -> 200  (0s)
    User-Agent: supervive-loadout-shim

#992 18:34:30.416  GET /revival/loadout
    -> 200  (0s)
    User-Agent: supervive-loadout-shim

#993 18:34:30.591  GET /revival/loadout
    -> 200  (0s)
    User-Agent: supervive-loadout-shim

#994 18:34:30.766  GET /revival/loadout
    -> 200  (0s)
    User-Agent: supervive-loadout-shim

#995 18:34:30.941  GET /revival/loadout
    -> 200  (0s)
    User-Agent: supervive-loadout-shim

#996 18:34:31.116  GET /revival/loadout
    -> 200  (0s)
    User-Agent: supervive-loadout-shim

#997 18:34:31.290  GET /revival/loadout
    -> 200  (0s)
    User-Agent: supervive-loadout-shim

#998 18:34:31.465  GET /revival/loadout
    -> 200  (0s)
    User-Agent: supervive-loadout-shim

#999 18:34:31.640  GET /revival/loadout
    -> 200  (0s)
    User-Agent: supervive-loadout-shim

#1000 18:34:31.814  GET /revival/loadout
    -> 200  (1ms)
    User-Agent: supervive-loadout-shim

#1001 18:34:31.990  GET /revival/loadout
    -> 200  (1ms)
    User-Agent: supervive-loadout-shim

#1002 18:34:32.174  GET /revival/loadout
    -> 200  (0s)
    User-Agent: supervive-loadout-shim

#1003 18:34:32.349  GET /revival/loadout
    -> 200  (0s)
    User-Agent: supervive-loadout-shim

#1004 18:34:32.523  GET /revival/loadout
    -> 200  (0s)
    User-Agent: supervive-loadout-shim

#1005 18:34:32.699  GET /revival/loadout
    -> 200  (0s)
    User-Agent: supervive-loadout-shim

#1006 18:34:32.873  GET /revival/loadout
    -> 200  (0s)
    User-Agent: supervive-loadout-shim

#1007 18:34:33.049  GET /revival/loadout
    -> 200  (0s)
    User-Agent: supervive-loadout-shim

#1008 18:34:33.224  GET /revival/loadout
    -> 200  (0s)
    User-Agent: supervive-loadout-shim

#1009 18:34:33.399  GET /revival/loadout
    -> 200  (0s)
    User-Agent: supervive-loadout-shim

#1010 18:34:33.574  GET /revival/loadout
    -> 200  (0s)
    User-Agent: supervive-loadout-shim

#1011 18:34:33.749  GET /revival/loadout
    -> 200  (0s)
    User-Agent: supervive-loadout-shim

#1012 18:34:33.924  GET /revival/loadout
    -> 200  (0s)
    User-Agent: supervive-loadout-shim

#1013 18:34:34.098  GET /revival/loadout
    -> 200  (0s)
    User-Agent: supervive-loadout-shim

#1014 18:34:34.274  GET /revival/loadout
    -> 200  (0s)
    User-Agent: supervive-loadout-shim

#1015 18:34:34.454  GET /revival/loadout
    -> 200  (0s)
    User-Agent: supervive-loadout-shim

#1016 18:34:34.623  GET /revival/loadout
    -> 200  (0s)
    User-Agent: supervive-loadout-shim

#1017 18:34:34.799  GET /revival/loadout
    -> 200  (0s)
    User-Agent: supervive-loadout-shim

#1018 18:34:34.972  GET /revival/loadout
    -> 200  (0s)
    User-Agent: supervive-loadout-shim

#1019 18:34:35.147  GET /revival/loadout
    -> 200  (0s)
    User-Agent: supervive-loadout-shim

#1020 18:34:35.330  GET /revival/loadout
    -> 200  (0s)
    User-Agent: supervive-loadout-shim

#1021 18:34:35.506  GET /revival/loadout
    -> 200  (0s)
    User-Agent: supervive-loadout-shim

#1022 18:34:35.681  GET /revival/loadout
    -> 200  (0s)
    User-Agent: supervive-loadout-shim

#1023 18:34:35.856  GET /revival/loadout
    -> 200  (0s)
    User-Agent: supervive-loadout-shim

#1024 18:34:36.030  GET /revival/loadout
    -> 200  (0s)
    User-Agent: supervive-loadout-shim

#1025 18:34:36.205  GET /revival/loadout
    -> 200  (0s)
    User-Agent: supervive-loadout-shim

#1026 18:34:36.379  GET /revival/loadout
    -> 200  (1ms)
    User-Agent: supervive-loadout-shim

#1027 18:34:36.556  GET /revival/loadout
    -> 200  (0s)
    User-Agent: supervive-loadout-shim

#1028 18:34:36.730  GET /revival/loadout
    -> 200  (0s)
    User-Agent: supervive-loadout-shim

#1029 18:34:36.905  GET /revival/loadout
    -> 200  (0s)
    User-Agent: supervive-loadout-shim

#1030 18:34:37.081  GET /revival/loadout
    -> 200  (0s)
    User-Agent: supervive-loadout-shim

#1031 18:34:37.255  GET /revival/loadout
    -> 200  (0s)
    User-Agent: supervive-loadout-shim

#1032 18:34:37.430  GET /revival/loadout
    -> 200  (0s)
    User-Agent: supervive-loadout-shim

#1033 18:34:37.605  GET /revival/loadout
    -> 200  (0s)
    User-Agent: supervive-loadout-shim

#1034 18:34:37.781  GET /revival/loadout
    -> 200  (0s)
    User-Agent: supervive-loadout-shim

#1035 18:34:37.955  GET /revival/loadout
    -> 200  (0s)
    User-Agent: supervive-loadout-shim

#1036 18:34:38.130  GET /revival/loadout
    -> 200  (0s)
    User-Agent: supervive-loadout-shim

* 18:34:38.210  WS <- /notifications/players/9b9d2c887e2524f918e383a895f2f1c2 BINARY (2 bytes) 6862

* 18:34:38.228  WS -> /notifications/players/9b9d2c887e2524f918e383a895f2f1c2 TEXT hb reply {"Resource":"hb","Version":0,"Payload":""}

#1037 18:34:38.304  GET /revival/loadout
    -> 200  (0s)
    User-Agent: supervive-loadout-shim

#1038 18:34:38.479  GET /revival/loadout
    -> 200  (0s)
    User-Agent: supervive-loadout-shim

#1039 18:34:38.654  GET /revival/loadout
    -> 200  (0s)
    User-Agent: supervive-loadout-shim

#1040 18:34:38.829  GET /revival/loadout
    -> 200  (0s)
    User-Agent: supervive-loadout-shim

#1041 18:34:39.005  GET /revival/loadout
    -> 200  (0s)
    User-Agent: supervive-loadout-shim

#1042 18:34:39.179  GET /revival/loadout
    -> 200  (0s)
    User-Agent: supervive-loadout-shim

#1043 18:34:39.354  GET /revival/loadout
    -> 200  (0s)
    User-Agent: supervive-loadout-shim

#1044 18:34:39.530  GET /revival/loadout
    -> 200  (0s)
    User-Agent: supervive-loadout-shim

#1045 18:34:39.704  GET /revival/loadout
    -> 200  (0s)
    User-Agent: supervive-loadout-shim

#1046 18:34:39.879  GET /revival/loadout
    -> 200  (0s)
    User-Agent: supervive-loadout-shim

#1047 18:34:40.054  GET /revival/loadout
    -> 200  (0s)
    User-Agent: supervive-loadout-shim

#1048 18:34:40.229  GET /revival/loadout
    -> 200  (0s)
    User-Agent: supervive-loadout-shim

#1049 18:34:40.405  GET /revival/loadout
    -> 200  (0s)
    User-Agent: supervive-loadout-shim

#1050 18:34:40.579  GET /revival/loadout
    -> 200  (0s)
    User-Agent: supervive-loadout-shim

#1051 18:34:40.763  GET /revival/loadout
    -> 200  (0s)
    User-Agent: supervive-loadout-shim

#1052 18:34:40.938  GET /revival/loadout
    -> 200  (0s)
    User-Agent: supervive-loadout-shim

#1053 18:34:41.113  GET /revival/loadout
    -> 200  (0s)
    User-Agent: supervive-loadout-shim

#1054 18:34:41.287  GET /revival/loadout
    -> 200  (0s)
    User-Agent: supervive-loadout-shim

#1055 18:34:41.462  GET /revival/loadout
    -> 200  (0s)
    User-Agent: supervive-loadout-shim

#1056 18:34:41.637  GET /revival/loadout
    -> 200  (0s)
    User-Agent: supervive-loadout-shim

#1057 18:34:41.820  GET /revival/loadout
    -> 200  (0s)
    User-Agent: supervive-loadout-shim

#1058 18:34:41.996  GET /revival/loadout
    -> 200  (0s)
    User-Agent: supervive-loadout-shim

#1059 18:34:42.170  GET /revival/loadout
    -> 200  (0s)
    User-Agent: supervive-loadout-shim

#1060 18:34:42.346  GET /revival/loadout
    -> 200  (0s)
    User-Agent: supervive-loadout-shim

#1061 18:34:42.519  GET /revival/loadout
    -> 200  (0s)
    User-Agent: supervive-loadout-shim

#1062 18:34:42.736  GET /revival/loadout
    -> 200  (0s)
    User-Agent: supervive-loadout-shim

#1063 18:34:42.920  GET /revival/loadout
    -> 200  (0s)
    User-Agent: supervive-loadout-shim

#1064 18:34:43.096  GET /revival/loadout
    -> 200  (0s)
    User-Agent: supervive-loadout-shim

#1065 18:34:43.270  GET /revival/loadout
    -> 200  (0s)
    User-Agent: supervive-loadout-shim

#1066 18:34:43.444  GET /revival/loadout
    -> 200  (0s)
    User-Agent: supervive-loadout-shim

#1067 18:34:43.620  GET /revival/loadout
    -> 200  (0s)
    User-Agent: supervive-loadout-shim

#1068 18:34:43.827  GET /revival/loadout
    -> 200  (0s)
    User-Agent: supervive-loadout-shim

#1069 18:34:44.012  GET /revival/loadout
    -> 200  (0s)
    User-Agent: supervive-loadout-shim

#1070 18:34:44.186  GET /revival/loadout
    -> 200  (0s)
    User-Agent: supervive-loadout-shim

#1071 18:34:44.361  GET /revival/loadout
    -> 200  (0s)
    User-Agent: supervive-loadout-shim

#1072 18:34:44.536  GET /revival/loadout
    -> 200  (0s)
    User-Agent: supervive-loadout-shim

#1073 18:34:44.711  GET /revival/loadout
    -> 200  (0s)
    User-Agent: supervive-loadout-shim

#1074 18:34:44.886  GET /revival/loadout
    -> 200  (0s)
    User-Agent: supervive-loadout-shim

#1075 18:34:45.060  GET /revival/loadout
    -> 200  (0s)
    User-Agent: supervive-loadout-shim

#1076 18:34:45.236  GET /revival/loadout
    -> 200  (0s)
    User-Agent: supervive-loadout-shim

#1077 18:34:45.411  GET /revival/loadout
    -> 200  (0s)
    User-Agent: supervive-loadout-shim

#1078 18:34:45.584  GET /revival/loadout
    -> 200  (0s)
    User-Agent: supervive-loadout-shim

#1079 18:34:45.760  GET /revival/loadout
    -> 200  (1ms)
    User-Agent: supervive-loadout-shim

#1080 18:34:45.936  GET /revival/loadout
    -> 200  (0s)
    User-Agent: supervive-loadout-shim

#1081 18:34:46.109  GET /revival/loadout
    -> 200  (0s)
    User-Agent: supervive-loadout-shim

#1082 18:34:46.285  GET /revival/loadout
    -> 200  (0s)
    User-Agent: supervive-loadout-shim

#1083 18:34:46.460  GET /revival/loadout
    -> 200  (1ms)
    User-Agent: supervive-loadout-shim

#1084 18:34:46.635  GET /revival/loadout
    -> 200  (0s)
    User-Agent: supervive-loadout-shim

#1085 18:34:46.811  GET /revival/loadout
    -> 200  (0s)
    User-Agent: supervive-loadout-shim

#1086 18:34:46.985  GET /revival/loadout
    -> 200  (0s)
    User-Agent: supervive-loadout-shim

#1087 18:34:47.161  GET /revival/loadout
    -> 200  (0s)
    User-Agent: supervive-loadout-shim

#1088 18:34:47.336  GET /revival/loadout
    -> 200  (0s)
    User-Agent: supervive-loadout-shim

#1089 18:34:47.510  GET /revival/loadout
    -> 200  (0s)
    User-Agent: supervive-loadout-shim

#1090 18:34:47.684  GET /revival/loadout
    -> 200  (0s)
    User-Agent: supervive-loadout-shim

#1091 18:34:47.859  GET /revival/loadout
    -> 200  (1ms)
    User-Agent: supervive-loadout-shim

#1092 18:34:48.035  GET /revival/loadout
    -> 200  (0s)
    User-Agent: supervive-loadout-shim

#1093 18:34:48.210  GET /revival/loadout
    -> 200  (0s)
    User-Agent: supervive-loadout-shim

#1094 18:34:48.384  GET /revival/loadout
    -> 200  (0s)
    User-Agent: supervive-loadout-shim

#1095 18:34:48.559  GET /revival/loadout
    -> 200  (0s)
    User-Agent: supervive-loadout-shim

#1096 18:34:48.735  GET /revival/loadout
    -> 200  (0s)
    User-Agent: supervive-loadout-shim

#1097 18:34:48.910  GET /revival/loadout
    -> 200  (0s)
    User-Agent: supervive-loadout-shim

#1098 18:34:49.085  GET /revival/loadout
    -> 200  (0s)
    User-Agent: supervive-loadout-shim

#1099 18:34:49.260  GET /revival/loadout
    -> 200  (0s)
    User-Agent: supervive-loadout-shim

#1100 18:34:49.435  GET /revival/loadout
    -> 200  (0s)
    User-Agent: supervive-loadout-shim

#1101 18:34:49.610  GET /revival/loadout
    -> 200  (0s)
    User-Agent: supervive-loadout-shim

#1102 18:34:49.784  GET /revival/loadout
    -> 200  (0s)
    User-Agent: supervive-loadout-shim

#1103 18:34:49.959  GET /revival/loadout
    -> 200  (0s)
    User-Agent: supervive-loadout-shim

* 18:34:50.009  WS <- /lobby TEXT ""

#1104 18:34:50.134  GET /revival/loadout
    -> 200  (0s)
    User-Agent: supervive-loadout-shim

#1105 18:34:50.309  GET /revival/loadout
    -> 200  (0s)
    User-Agent: supervive-loadout-shim

#1106 18:34:50.484  GET /revival/loadout
    -> 200  (0s)
    User-Agent: supervive-loadout-shim

#1107 18:34:50.659  GET /revival/loadout
    -> 200  (0s)
    User-Agent: supervive-loadout-shim

#1108 18:34:50.733  GET /party/players/9b9d2c887e2524f918e383a895f2f1c2/voice
    -> 200  (0s)
    X-Theorycraft-Clientversion: release2.4.live-156430-shipping
    Authorization: Bearer eyJhbGciOiJSUzI1NiIsImtpZCI6InN1cGVydml2ZS1yZXZpdmFsLWtleS0xIiwidHlwIjoiSldUIn0.eyJiYW5zIjpbXSwiY2xpZW50X2lkIjoiYmE4ZmI1OWEzNGJiNDgxYWJjYTA4YzQ2YmE0ODgwMjUiLCJjb3VudHJ5IjoiVVMiLCJkaXNwbGF5X25hbWUiOiJSZXZpdmVyIiwiZXhwIjoxNzg2NzM4NjUwLCJpYXQiOjE3ODY2NTIyNTAsImlzX2NvbXBseSI6dHJ1ZSwiamZsZ3MiOjAsIm5hbWVzcGFjZSI6InN1cGVydml2ZSIsIm5iZiI6MTc4NjY1MjE5MCwicGVybWlzc2lvbnMiOlt7IkFjdGlvbiI6MTUsIlJlc291cmNlIjoiTkFNRVNQQUNFOnN1cGVydml2ZToqIn0seyJBY3Rpb24iOjE1LCJSZXNvdXJjZSI6IkFETUlOOk5BTUVTUEFDRTpzdXBlcnZpdmU6KiJ9XSwicm9sZXMiOltdLCJzY29wZSI6ImNvbW1lcmNlIGFjY291bnQgc29jaWFsIHB1Ymxpc2hpbmcgYW5hbHl0aWNzIiwic3ViIjoiOWI5ZDJjODg3ZTI1MjRmOTE4ZTM4M2E4OTVmMmYxYzIiLCJ1bmlxdWVEaXNwbGF5TmFtZSI6IlJldml2ZXIjMDAwMSIsInVuaXF1ZV9kaXNwbGF5X25hbWUiOiJSZXZpdmVyIzAwMDEifQ.S8me6zCTJy1oN7cCA9hQMdHB81PfiOQjPGkisaKCUBzabcSTr1c468GSswCZp1ojqPbBbmOAc-HA5N2o4v-PRiSsk8rqPCyvk3Tx1C5P-rcZZtS-X9XnEtl7wRYgTacQNA_R6vbQgylOOxJ8HarI1u7xWxDlYfxiEDjHEEVHbUlHAE_Oz7PhV80Ms7bc3scLORKG3HPGTqjH9of-EooGUB3k-Xpl9M5eB7A7geV_c8XbzZ0NPELo9dLYVByYKVXzHtk2o0tyzXvdmz-r7FqVYwlN_jOrpiFF_4ti0Wf2ZTI07y-WzKQT1tlXe-OSq86OtwCA0elY-weDLV49mb78gg
    User-Agent: Loki/UE5-CL-0 (http-legacy) Windows/10.0.19045.1.256.64bit
    Accept: */*

#1109 18:34:50.835  GET /revival/loadout
    -> 200  (0s)
    User-Agent: supervive-loadout-shim

#1110 18:34:51.008  GET /revival/loadout
    -> 200  (0s)
    User-Agent: supervive-loadout-shim

#1111 18:34:51.184  GET /revival/loadout
    -> 200  (0s)
    User-Agent: supervive-loadout-shim

#1112 18:34:51.358  GET /revival/loadout
    -> 200  (0s)
    User-Agent: supervive-loadout-shim

#1113 18:34:51.540  GET /revival/loadout
    -> 200  (0s)
    User-Agent: supervive-loadout-shim

#1114 18:34:51.717  GET /revival/loadout
    -> 200  (0s)
    User-Agent: supervive-loadout-shim

#1115 18:34:51.900  GET /revival/loadout
    -> 200  (0s)
    User-Agent: supervive-loadout-shim

#1116 18:34:52.074  GET /revival/loadout
    -> 200  (0s)
    User-Agent: supervive-loadout-shim

#1117 18:34:52.249  GET /revival/loadout
    -> 200  (0s)
    User-Agent: supervive-loadout-shim

#1118 18:34:52.424  GET /revival/loadout
    -> 200  (0s)
    User-Agent: supervive-loadout-shim

#1119 18:34:52.639  GET /revival/loadout
    -> 200  (0s)
    User-Agent: supervive-loadout-shim

#1120 18:34:52.808  GET /revival/loadout
    -> 200  (0s)
    User-Agent: supervive-loadout-shim

#1121 18:34:52.983  GET /revival/loadout
    -> 200  (0s)
    User-Agent: supervive-loadout-shim

#1122 18:34:53.158  GET /revival/loadout
    -> 200  (0s)
    User-Agent: supervive-loadout-shim

#1123 18:34:53.193  GET /party/matchmaking/info
    -> 200  (0s)
    Accept: */*
    Authorization: Bearer eyJhbGciOiJSUzI1NiIsImtpZCI6InN1cGVydml2ZS1yZXZpdmFsLWtleS0xIiwidHlwIjoiSldUIn0.eyJiYW5zIjpbXSwiY2xpZW50X2lkIjoiYmE4ZmI1OWEzNGJiNDgxYWJjYTA4YzQ2YmE0ODgwMjUiLCJjb3VudHJ5IjoiVVMiLCJkaXNwbGF5X25hbWUiOiJSZXZpdmVyIiwiZXhwIjoxNzg2NzM4NjUwLCJpYXQiOjE3ODY2NTIyNTAsImlzX2NvbXBseSI6dHJ1ZSwiamZsZ3MiOjAsIm5hbWVzcGFjZSI6InN1cGVydml2ZSIsIm5iZiI6MTc4NjY1MjE5MCwicGVybWlzc2lvbnMiOlt7IkFjdGlvbiI6MTUsIlJlc291cmNlIjoiTkFNRVNQQUNFOnN1cGVydml2ZToqIn0seyJBY3Rpb24iOjE1LCJSZXNvdXJjZSI6IkFETUlOOk5BTUVTUEFDRTpzdXBlcnZpdmU6KiJ9XSwicm9sZXMiOltdLCJzY29wZSI6ImNvbW1lcmNlIGFjY291bnQgc29jaWFsIHB1Ymxpc2hpbmcgYW5hbHl0aWNzIiwic3ViIjoiOWI5ZDJjODg3ZTI1MjRmOTE4ZTM4M2E4OTVmMmYxYzIiLCJ1bmlxdWVEaXNwbGF5TmFtZSI6IlJldml2ZXIjMDAwMSIsInVuaXF1ZV9kaXNwbGF5X25hbWUiOiJSZXZpdmVyIzAwMDEifQ.S8me6zCTJy1oN7cCA9hQMdHB81PfiOQjPGkisaKCUBzabcSTr1c468GSswCZp1ojqPbBbmOAc-HA5N2o4v-PRiSsk8rqPCyvk3Tx1C5P-rcZZtS-X9XnEtl7wRYgTacQNA_R6vbQgylOOxJ8HarI1u7xWxDlYfxiEDjHEEVHbUlHAE_Oz7PhV80Ms7bc3scLORKG3HPGTqjH9of-EooGUB3k-Xpl9M5eB7A7geV_c8XbzZ0NPELo9dLYVByYKVXzHtk2o0tyzXvdmz-r7FqVYwlN_jOrpiFF_4ti0Wf2ZTI07y-WzKQT1tlXe-OSq86OtwCA0elY-weDLV49mb78gg
    User-Agent: Loki/UE5-CL-0 (http-legacy) Windows/10.0.19045.1.256.64bit
    X-Theorycraft-Clientversion: release2.4.live-156430-shipping

#1125 18:34:53.198  GET /core-game/regions
    -> 200  (0s)
    Accept: */*
    X-Theorycraft-Clientversion: release2.4.live-156430-shipping
    Authorization: Bearer eyJhbGciOiJSUzI1NiIsImtpZCI6InN1cGVydml2ZS1yZXZpdmFsLWtleS0xIiwidHlwIjoiSldUIn0.eyJiYW5zIjpbXSwiY2xpZW50X2lkIjoiYmE4ZmI1OWEzNGJiNDgxYWJjYTA4YzQ2YmE0ODgwMjUiLCJjb3VudHJ5IjoiVVMiLCJkaXNwbGF5X25hbWUiOiJSZXZpdmVyIiwiZXhwIjoxNzg2NzM4NjUwLCJpYXQiOjE3ODY2NTIyNTAsImlzX2NvbXBseSI6dHJ1ZSwiamZsZ3MiOjAsIm5hbWVzcGFjZSI6InN1cGVydml2ZSIsIm5iZiI6MTc4NjY1MjE5MCwicGVybWlzc2lvbnMiOlt7IkFjdGlvbiI6MTUsIlJlc291cmNlIjoiTkFNRVNQQUNFOnN1cGVydml2ZToqIn0seyJBY3Rpb24iOjE1LCJSZXNvdXJjZSI6IkFETUlOOk5BTUVTUEFDRTpzdXBlcnZpdmU6KiJ9XSwicm9sZXMiOltdLCJzY29wZSI6ImNvbW1lcmNlIGFjY291bnQgc29jaWFsIHB1Ymxpc2hpbmcgYW5hbHl0aWNzIiwic3ViIjoiOWI5ZDJjODg3ZTI1MjRmOTE4ZTM4M2E4OTVmMmYxYzIiLCJ1bmlxdWVEaXNwbGF5TmFtZSI6IlJldml2ZXIjMDAwMSIsInVuaXF1ZV9kaXNwbGF5X25hbWUiOiJSZXZpdmVyIzAwMDEifQ.S8me6zCTJy1oN7cCA9hQMdHB81PfiOQjPGkisaKCUBzabcSTr1c468GSswCZp1ojqPbBbmOAc-HA5N2o4v-PRiSsk8rqPCyvk3Tx1C5P-rcZZtS-X9XnEtl7wRYgTacQNA_R6vbQgylOOxJ8HarI1u7xWxDlYfxiEDjHEEVHbUlHAE_Oz7PhV80Ms7bc3scLORKG3HPGTqjH9of-EooGUB3k-Xpl9M5eB7A7geV_c8XbzZ0NPELo9dLYVByYKVXzHtk2o0tyzXvdmz-r7FqVYwlN_jOrpiFF_4ti0Wf2ZTI07y-WzKQT1tlXe-OSq86OtwCA0elY-weDLV49mb78gg
    User-Agent: Loki/UE5-CL-0 (http-legacy) Windows/10.0.19045.1.256.64bit

#1124 18:34:53.193  GET /mailbox/config/version
    -> 200  (0s)
    User-Agent: Loki/UE5-CL-0 (http-legacy) Windows/10.0.19045.1.256.64bit
    Accept: */*
    X-Theorycraft-Clientversion: release2.4.live-156430-shipping
    Authorization: Bearer eyJhbGciOiJSUzI1NiIsImtpZCI6InN1cGVydml2ZS1yZXZpdmFsLWtleS0xIiwidHlwIjoiSldUIn0.eyJiYW5zIjpbXSwiY2xpZW50X2lkIjoiYmE4ZmI1OWEzNGJiNDgxYWJjYTA4YzQ2YmE0ODgwMjUiLCJjb3VudHJ5IjoiVVMiLCJkaXNwbGF5X25hbWUiOiJSZXZpdmVyIiwiZXhwIjoxNzg2NzM4NjUwLCJpYXQiOjE3ODY2NTIyNTAsImlzX2NvbXBseSI6dHJ1ZSwiamZsZ3MiOjAsIm5hbWVzcGFjZSI6InN1cGVydml2ZSIsIm5iZiI6MTc4NjY1MjE5MCwicGVybWlzc2lvbnMiOlt7IkFjdGlvbiI6MTUsIlJlc291cmNlIjoiTkFNRVNQQUNFOnN1cGVydml2ZToqIn0seyJBY3Rpb24iOjE1LCJSZXNvdXJjZSI6IkFETUlOOk5BTUVTUEFDRTpzdXBlcnZpdmU6KiJ9XSwicm9sZXMiOltdLCJzY29wZSI6ImNvbW1lcmNlIGFjY291bnQgc29jaWFsIHB1Ymxpc2hpbmcgYW5hbHl0aWNzIiwic3ViIjoiOWI5ZDJjODg3ZTI1MjRmOTE4ZTM4M2E4OTVmMmYxYzIiLCJ1bmlxdWVEaXNwbGF5TmFtZSI6IlJldml2ZXIjMDAwMSIsInVuaXF1ZV9kaXNwbGF5X25hbWUiOiJSZXZpdmVyIzAwMDEifQ.S8me6zCTJy1oN7cCA9hQMdHB81PfiOQjPGkisaKCUBzabcSTr1c468GSswCZp1ojqPbBbmOAc-HA5N2o4v-PRiSsk8rqPCyvk3Tx1C5P-rcZZtS-X9XnEtl7wRYgTacQNA_R6vbQgylOOxJ8HarI1u7xWxDlYfxiEDjHEEVHbUlHAE_Oz7PhV80Ms7bc3scLORKG3HPGTqjH9of-EooGUB3k-Xpl9M5eB7A7geV_c8XbzZ0NPELo9dLYVByYKVXzHtk2o0tyzXvdmz-r7FqVYwlN_jOrpiFF_4ti0Wf2ZTI07y-WzKQT1tlXe-OSq86OtwCA0elY-weDLV49mb78gg

#1126 18:34:53.302  GET /revival/missions/progress
    -> 200  (0s)
    User-Agent: supervive-missions-shim

#1127 18:34:53.341  GET /revival/loadout
    -> 200  (0s)
    User-Agent: supervive-loadout-shim

#1128 18:34:53.520  GET /revival/loadout
    -> 200  (0s)
    User-Agent: supervive-loadout-shim

#1129 18:34:53.699  GET /revival/loadout
    -> 200  (0s)
    User-Agent: supervive-loadout-shim

#1130 18:34:53.874  GET /revival/loadout
    -> 200  (0s)
    User-Agent: supervive-loadout-shim

#1131 18:34:54.049  GET /revival/loadout
    -> 200  (0s)
    User-Agent: supervive-loadout-shim

#1132 18:34:54.224  GET /revival/loadout
    -> 200  (0s)
    User-Agent: supervive-loadout-shim

#1133 18:34:54.399  GET /revival/loadout
    -> 200  (0s)
    User-Agent: supervive-loadout-shim

#1134 18:34:54.573  GET /revival/loadout
    -> 200  (0s)
    User-Agent: supervive-loadout-shim

#1135 18:34:54.741  GET /revival/loadout
    -> 200  (0s)
    User-Agent: supervive-loadout-shim

#1136 18:34:54.916  GET /revival/loadout
    -> 200  (0s)
    User-Agent: supervive-loadout-shim

#1137 18:34:55.091  GET /revival/loadout
    -> 200  (0s)
    User-Agent: supervive-loadout-shim

#1138 18:34:55.265  GET /revival/loadout
    -> 200  (0s)
    User-Agent: supervive-loadout-shim

#1139 18:34:55.440  GET /revival/loadout
    -> 200  (0s)
    User-Agent: supervive-loadout-shim

#1140 18:34:55.615  GET /revival/loadout
    -> 200  (0s)
    User-Agent: supervive-loadout-shim

#1141 18:34:55.790  GET /revival/loadout
    -> 200  (0s)
    User-Agent: supervive-loadout-shim

#1142 18:34:55.965  GET /revival/loadout
    -> 200  (0s)
    User-Agent: supervive-loadout-shim

#1143 18:34:56.140  GET /revival/loadout
    -> 200  (0s)
    User-Agent: supervive-loadout-shim

#1144 18:34:56.257  GET /configuration/client?language=en
    -> 200  (0s)
    X-Theorycraft-Clientversion: release2.4.live-156430-shipping
    Authorization: Bearer eyJhbGciOiJSUzI1NiIsImtpZCI6InN1cGVydml2ZS1yZXZpdmFsLWtleS0xIiwidHlwIjoiSldUIn0.eyJiYW5zIjpbXSwiY2xpZW50X2lkIjoiYmE4ZmI1OWEzNGJiNDgxYWJjYTA4YzQ2YmE0ODgwMjUiLCJjb3VudHJ5IjoiVVMiLCJkaXNwbGF5X25hbWUiOiJSZXZpdmVyIiwiZXhwIjoxNzg2NzM4NjUwLCJpYXQiOjE3ODY2NTIyNTAsImlzX2NvbXBseSI6dHJ1ZSwiamZsZ3MiOjAsIm5hbWVzcGFjZSI6InN1cGVydml2ZSIsIm5iZiI6MTc4NjY1MjE5MCwicGVybWlzc2lvbnMiOlt7IkFjdGlvbiI6MTUsIlJlc291cmNlIjoiTkFNRVNQQUNFOnN1cGVydml2ZToqIn0seyJBY3Rpb24iOjE1LCJSZXNvdXJjZSI6IkFETUlOOk5BTUVTUEFDRTpzdXBlcnZpdmU6KiJ9XSwicm9sZXMiOltdLCJzY29wZSI6ImNvbW1lcmNlIGFjY291bnQgc29jaWFsIHB1Ymxpc2hpbmcgYW5hbHl0aWNzIiwic3ViIjoiOWI5ZDJjODg3ZTI1MjRmOTE4ZTM4M2E4OTVmMmYxYzIiLCJ1bmlxdWVEaXNwbGF5TmFtZSI6IlJldml2ZXIjMDAwMSIsInVuaXF1ZV9kaXNwbGF5X25hbWUiOiJSZXZpdmVyIzAwMDEifQ.S8me6zCTJy1oN7cCA9hQMdHB81PfiOQjPGkisaKCUBzabcSTr1c468GSswCZp1ojqPbBbmOAc-HA5N2o4v-PRiSsk8rqPCyvk3Tx1C5P-rcZZtS-X9XnEtl7wRYgTacQNA_R6vbQgylOOxJ8HarI1u7xWxDlYfxiEDjHEEVHbUlHAE_Oz7PhV80Ms7bc3scLORKG3HPGTqjH9of-EooGUB3k-Xpl9M5eB7A7geV_c8XbzZ0NPELo9dLYVByYKVXzHtk2o0tyzXvdmz-r7FqVYwlN_jOrpiFF_4ti0Wf2ZTI07y-WzKQT1tlXe-OSq86OtwCA0elY-weDLV49mb78gg
    User-Agent: Loki/UE5-CL-0 (http-legacy) Windows/10.0.19045.1.256.64bit
    Accept: */*

#1145 18:34:56.315  GET /revival/loadout
    -> 200  (0s)
    User-Agent: supervive-loadout-shim

#1146 18:34:56.322  GET /content-service/manifest/release2.4.live-156430-shipping?nonEnabledOnly=true
    -> 200  (0s)
    X-Theorycraft-Clientversion: release2.4.live-156430-shipping
    Authorization: Bearer eyJhbGciOiJSUzI1NiIsImtpZCI6InN1cGVydml2ZS1yZXZpdmFsLWtleS0xIiwidHlwIjoiSldUIn0.eyJiYW5zIjpbXSwiY2xpZW50X2lkIjoiYmE4ZmI1OWEzNGJiNDgxYWJjYTA4YzQ2YmE0ODgwMjUiLCJjb3VudHJ5IjoiVVMiLCJkaXNwbGF5X25hbWUiOiJSZXZpdmVyIiwiZXhwIjoxNzg2NzM4NjUwLCJpYXQiOjE3ODY2NTIyNTAsImlzX2NvbXBseSI6dHJ1ZSwiamZsZ3MiOjAsIm5hbWVzcGFjZSI6InN1cGVydml2ZSIsIm5iZiI6MTc4NjY1MjE5MCwicGVybWlzc2lvbnMiOlt7IkFjdGlvbiI6MTUsIlJlc291cmNlIjoiTkFNRVNQQUNFOnN1cGVydml2ZToqIn0seyJBY3Rpb24iOjE1LCJSZXNvdXJjZSI6IkFETUlOOk5BTUVTUEFDRTpzdXBlcnZpdmU6KiJ9XSwicm9sZXMiOltdLCJzY29wZSI6ImNvbW1lcmNlIGFjY291bnQgc29jaWFsIHB1Ymxpc2hpbmcgYW5hbHl0aWNzIiwic3ViIjoiOWI5ZDJjODg3ZTI1MjRmOTE4ZTM4M2E4OTVmMmYxYzIiLCJ1bmlxdWVEaXNwbGF5TmFtZSI6IlJldml2ZXIjMDAwMSIsInVuaXF1ZV9kaXNwbGF5X25hbWUiOiJSZXZpdmVyIzAwMDEifQ.S8me6zCTJy1oN7cCA9hQMdHB81PfiOQjPGkisaKCUBzabcSTr1c468GSswCZp1ojqPbBbmOAc-HA5N2o4v-PRiSsk8rqPCyvk3Tx1C5P-rcZZtS-X9XnEtl7wRYgTacQNA_R6vbQgylOOxJ8HarI1u7xWxDlYfxiEDjHEEVHbUlHAE_Oz7PhV80Ms7bc3scLORKG3HPGTqjH9of-EooGUB3k-Xpl9M5eB7A7geV_c8XbzZ0NPELo9dLYVByYKVXzHtk2o0tyzXvdmz-r7FqVYwlN_jOrpiFF_4ti0Wf2ZTI07y-WzKQT1tlXe-OSq86OtwCA0elY-weDLV49mb78gg
    User-Agent: Loki/UE5-CL-0 (http-legacy) Windows/10.0.19045.1.256.64bit
    Accept: */*

#1147 18:34:56.490  GET /revival/loadout
    -> 200  (0s)
    User-Agent: supervive-loadout-shim

#1148 18:34:56.673  GET /revival/loadout
    -> 200  (0s)
    User-Agent: supervive-loadout-shim

#1149 18:34:56.848  GET /revival/loadout
    -> 200  (0s)
    User-Agent: supervive-loadout-shim

#1150 18:34:57.030  GET /revival/loadout
    -> 200  (0s)
    User-Agent: supervive-loadout-shim

#1151 18:34:57.198  GET /revival/loadout
    -> 200  (0s)
    User-Agent: supervive-loadout-shim

#1152 18:34:57.373  GET /revival/loadout
    -> 200  (0s)
    User-Agent: supervive-loadout-shim

#1153 18:34:57.548  GET /revival/loadout
    -> 200  (0s)
    User-Agent: supervive-loadout-shim

#1154 18:34:57.723  GET /revival/loadout
    -> 200  (0s)
    User-Agent: supervive-loadout-shim

#1155 18:34:57.898  GET /revival/loadout
    -> 200  (0s)
    User-Agent: supervive-loadout-shim

#1156 18:34:58.074  GET /revival/loadout
    -> 200  (0s)
    User-Agent: supervive-loadout-shim

#1157 18:34:58.248  GET /revival/loadout
    -> 200  (0s)
    User-Agent: supervive-loadout-shim

#1158 18:34:58.423  GET /revival/loadout
    -> 200  (0s)
    User-Agent: supervive-loadout-shim

#1159 18:34:58.598  GET /revival/loadout
    -> 200  (0s)
    User-Agent: supervive-loadout-shim

#1160 18:34:58.773  GET /revival/loadout
    -> 200  (0s)
    User-Agent: supervive-loadout-shim

#1161 18:34:58.955  GET /revival/loadout
    -> 200  (0s)
    User-Agent: supervive-loadout-shim

#1162 18:34:59.130  GET /revival/loadout
    -> 200  (0s)
    User-Agent: supervive-loadout-shim

#1163 18:34:59.306  GET /revival/loadout
    -> 200  (0s)
    User-Agent: supervive-loadout-shim

#1164 18:34:59.481  GET /revival/loadout
    -> 200  (0s)
    User-Agent: supervive-loadout-shim

#1165 18:34:59.656  GET /revival/loadout
    -> 200  (0s)
    User-Agent: supervive-loadout-shim

#1166 18:34:59.831  GET /revival/loadout
    -> 200  (0s)
    User-Agent: supervive-loadout-shim

#1167 18:35:00.006  GET /revival/loadout
    -> 200  (0s)
    User-Agent: supervive-loadout-shim

#1168 18:35:00.181  GET /revival/loadout
    -> 200  (0s)
    User-Agent: supervive-loadout-shim

#1169 18:35:00.355  GET /revival/loadout
    -> 200  (0s)
    User-Agent: supervive-loadout-shim

#1170 18:35:00.529  GET /revival/loadout
    -> 200  (0s)
    User-Agent: supervive-loadout-shim

#1171 18:35:00.705  GET /revival/loadout
    -> 200  (0s)
    User-Agent: supervive-loadout-shim

#1172 18:35:00.880  GET /revival/loadout
    -> 200  (0s)
    User-Agent: supervive-loadout-shim

#1173 18:35:01.055  GET /revival/loadout
    -> 200  (0s)
    User-Agent: supervive-loadout-shim

#1174 18:35:01.230  GET /revival/loadout
    -> 200  (0s)
    User-Agent: supervive-loadout-shim

#1175 18:35:01.405  GET /revival/loadout
    -> 200  (0s)
    User-Agent: supervive-loadout-shim

#1176 18:35:01.579  GET /revival/loadout
    -> 200  (0s)
    User-Agent: supervive-loadout-shim

#1177 18:35:01.754  GET /revival/loadout
    -> 200  (0s)
    User-Agent: supervive-loadout-shim

#1178 18:35:01.929  GET /revival/loadout
    -> 200  (0s)
    User-Agent: supervive-loadout-shim

#1179 18:35:02.105  GET /revival/loadout
    -> 200  (0s)
    User-Agent: supervive-loadout-shim

#1180 18:35:02.288  GET /revival/loadout
    -> 200  (0s)
    User-Agent: supervive-loadout-shim

#1181 18:35:02.462  GET /revival/loadout
    -> 200  (0s)
    User-Agent: supervive-loadout-shim

#1182 18:35:02.638  GET /revival/loadout
    -> 200  (0s)
    User-Agent: supervive-loadout-shim

#1183 18:35:02.813  GET /revival/loadout
    -> 200  (0s)
    User-Agent: supervive-loadout-shim

#1184 18:35:02.988  GET /revival/loadout
    -> 200  (0s)
    User-Agent: supervive-loadout-shim

#1185 18:35:03.163  GET /revival/loadout
    -> 200  (0s)
    User-Agent: supervive-loadout-shim

#1186 18:35:03.338  GET /revival/loadout
    -> 200  (0s)
    User-Agent: supervive-loadout-shim

#1187 18:35:03.513  GET /revival/loadout
    -> 200  (0s)
    User-Agent: supervive-loadout-shim

#1188 18:35:03.687  GET /revival/loadout
    -> 200  (0s)
    User-Agent: supervive-loadout-shim

#1189 18:35:03.862  GET /revival/loadout
    -> 200  (0s)
    User-Agent: supervive-loadout-shim

#1190 18:35:04.046  GET /revival/loadout
    -> 200  (0s)
    User-Agent: supervive-loadout-shim

#1191 18:35:04.220  GET /revival/loadout
    -> 200  (0s)
    User-Agent: supervive-loadout-shim

#1192 18:35:04.396  GET /revival/loadout
    -> 200  (0s)
    User-Agent: supervive-loadout-shim

#1193 18:35:04.571  GET /revival/loadout
    -> 200  (0s)
    User-Agent: supervive-loadout-shim

#1194 18:35:04.745  GET /revival/loadout
    -> 200  (0s)
    User-Agent: supervive-loadout-shim

#1195 18:35:04.919  GET /revival/loadout
    -> 200  (0s)
    User-Agent: supervive-loadout-shim

#1196 18:35:05.095  GET /revival/loadout
    -> 200  (0s)
    User-Agent: supervive-loadout-shim

#1197 18:35:05.269  GET /revival/loadout
    -> 200  (0s)
    User-Agent: supervive-loadout-shim

#1198 18:35:05.445  GET /revival/loadout
    -> 200  (0s)
    User-Agent: supervive-loadout-shim

#1199 18:35:05.620  GET /revival/loadout
    -> 200  (0s)
    User-Agent: supervive-loadout-shim

#1200 18:35:05.819  GET /revival/loadout
    -> 200  (0s)
    User-Agent: supervive-loadout-shim

#1201 18:35:05.994  GET /revival/loadout
    -> 200  (0s)
    User-Agent: supervive-loadout-shim

#1202 18:35:06.178  GET /revival/loadout
    -> 200  (0s)
    User-Agent: supervive-loadout-shim

#1203 18:35:06.353  GET /revival/loadout
    -> 200  (0s)
    User-Agent: supervive-loadout-shim

#1204 18:35:06.528  GET /revival/loadout
    -> 200  (0s)
    User-Agent: supervive-loadout-shim

#1205 18:35:06.703  GET /revival/loadout
    -> 200  (0s)
    User-Agent: supervive-loadout-shim

#1206 18:35:06.891  GET /revival/loadout
    -> 200  (0s)
    User-Agent: supervive-loadout-shim

#1207 18:35:07.092  GET /revival/loadout
    -> 200  (0s)
    User-Agent: supervive-loadout-shim

#1208 18:35:07.283  GET /revival/loadout
    -> 200  (0s)
    User-Agent: supervive-loadout-shim

#1209 18:35:07.454  GET /revival/loadout
    -> 200  (0s)
    User-Agent: supervive-loadout-shim

#1210 18:35:07.628  GET /revival/loadout
    -> 200  (0s)
    User-Agent: supervive-loadout-shim

#1211 18:35:07.804  GET /revival/loadout
    -> 200  (0s)
    User-Agent: supervive-loadout-shim

#1212 18:35:07.978  GET /revival/loadout
    -> 200  (0s)
    User-Agent: supervive-loadout-shim

#1213 18:35:08.153  GET /revival/loadout
    -> 200  (0s)
    User-Agent: supervive-loadout-shim

* 18:35:08.287  WS -> /notifications/players/9b9d2c887e2524f918e383a895f2f1c2 BINARY hb (proactive 30s keepalive)

#1214 18:35:08.327  GET /revival/loadout
    -> 200  (0s)
    User-Agent: supervive-loadout-shim

#1215 18:35:08.510  GET /revival/loadout
    -> 200  (0s)
    User-Agent: supervive-loadout-shim

#1216 18:35:08.686  GET /revival/loadout
    -> 200  (0s)
    User-Agent: supervive-loadout-shim

#1217 18:35:08.878  GET /revival/loadout
    -> 200  (0s)
    User-Agent: supervive-loadout-shim

#1218 18:35:09.053  GET /revival/loadout
    -> 200  (0s)
    User-Agent: supervive-loadout-shim

#1219 18:35:09.227  GET /revival/loadout
    -> 200  (0s)
    User-Agent: supervive-loadout-shim

#1220 18:35:09.402  GET /revival/loadout
    -> 200  (0s)
    User-Agent: supervive-loadout-shim

#1221 18:35:09.582  GET /revival/loadout
    -> 200  (0s)
    User-Agent: supervive-loadout-shim

#1222 18:35:09.769  GET /revival/loadout
    -> 200  (0s)
    User-Agent: supervive-loadout-shim

#1223 18:35:09.943  GET /revival/loadout
    -> 200  (0s)
    User-Agent: supervive-loadout-shim

#1224 18:35:10.118  GET /revival/loadout
    -> 200  (0s)
    User-Agent: supervive-loadout-shim

#1225 18:35:10.347  GET /revival/loadout
    -> 200  (0s)
    User-Agent: supervive-loadout-shim

#1226 18:35:10.523  GET /revival/loadout
    -> 200  (0s)
    User-Agent: supervive-loadout-shim

#1227 18:35:10.710  GET /revival/loadout
    -> 200  (0s)
    User-Agent: supervive-loadout-shim

#1228 18:35:10.885  GET /revival/loadout
    -> 200  (0s)
    User-Agent: supervive-loadout-shim

#1229 18:35:11.068  GET /revival/loadout
    -> 200  (0s)
    User-Agent: supervive-loadout-shim

#1230 18:35:11.243  GET /revival/loadout
    -> 200  (0s)
    User-Agent: supervive-loadout-shim

#1231 18:35:11.418  GET /revival/loadout
    -> 200  (0s)
    User-Agent: supervive-loadout-shim

#1232 18:35:11.593  GET /revival/loadout
    -> 200  (0s)
    User-Agent: supervive-loadout-shim

#1233 18:35:11.768  GET /revival/loadout
    -> 200  (0s)
    User-Agent: supervive-loadout-shim

#1234 18:35:11.943  GET /revival/loadout
    -> 200  (0s)
    User-Agent: supervive-loadout-shim

#1235 18:35:12.117  GET /revival/loadout
    -> 200  (0s)
    User-Agent: supervive-loadout-shim

#1236 18:35:12.299  GET /revival/loadout
    -> 200  (0s)
    User-Agent: supervive-loadout-shim

#1237 18:35:12.467  GET /revival/loadout
    -> 200  (0s)
    User-Agent: supervive-loadout-shim

#1238 18:35:12.642  GET /revival/loadout
    -> 200  (0s)
    User-Agent: supervive-loadout-shim

#1239 18:35:12.817  GET /revival/loadout
    -> 200  (0s)
    User-Agent: supervive-loadout-shim

#1240 18:35:12.992  GET /revival/loadout
    -> 200  (0s)
    User-Agent: supervive-loadout-shim

#1241 18:35:13.167  GET /revival/loadout
    -> 200  (0s)
    User-Agent: supervive-loadout-shim

#1242 18:35:13.342  GET /revival/loadout
    -> 200  (0s)
    User-Agent: supervive-loadout-shim

#1243 18:35:13.517  GET /revival/loadout
    -> 200  (0s)
    User-Agent: supervive-loadout-shim

#1244 18:35:13.692  GET /revival/loadout
    -> 200  (0s)
    User-Agent: supervive-loadout-shim

#1245 18:35:13.867  GET /revival/loadout
    -> 200  (0s)
    User-Agent: supervive-loadout-shim

#1246 18:35:14.049  GET /revival/loadout
    -> 200  (1ms)
    User-Agent: supervive-loadout-shim

#1247 18:35:14.224  GET /revival/loadout
    -> 200  (0s)
    User-Agent: supervive-loadout-shim

#1248 18:35:14.399  GET /revival/loadout
    -> 200  (0s)
    User-Agent: supervive-loadout-shim

#1249 18:35:14.575  GET /revival/loadout
    -> 200  (0s)
    User-Agent: supervive-loadout-shim

#1250 18:35:14.750  GET /revival/loadout
    -> 200  (0s)
    User-Agent: supervive-loadout-shim

#1251 18:35:14.926  GET /revival/loadout
    -> 200  (0s)
    User-Agent: supervive-loadout-shim

#1252 18:35:15.101  GET /revival/loadout
    -> 200  (0s)
    User-Agent: supervive-loadout-shim

#1253 18:35:15.275  GET /revival/loadout
    -> 200  (0s)
    User-Agent: supervive-loadout-shim

#1254 18:35:15.450  GET /revival/loadout
    -> 200  (0s)
    User-Agent: supervive-loadout-shim

#1255 18:35:15.625  GET /revival/loadout
    -> 200  (0s)
    User-Agent: supervive-loadout-shim

#1256 18:35:15.800  GET /revival/loadout
    -> 200  (0s)
    User-Agent: supervive-loadout-shim

#1257 18:35:15.975  GET /revival/loadout
    -> 200  (0s)
    User-Agent: supervive-loadout-shim

#1258 18:35:16.150  GET /revival/loadout
    -> 200  (0s)
    User-Agent: supervive-loadout-shim

#1259 18:35:16.325  GET /revival/loadout
    -> 200  (0s)
    User-Agent: supervive-loadout-shim

#1260 18:35:16.499  GET /revival/loadout
    -> 200  (0s)
    User-Agent: supervive-loadout-shim

#1261 18:35:16.674  GET /revival/loadout
    -> 200  (0s)
    User-Agent: supervive-loadout-shim

#1262 18:35:16.849  GET /revival/loadout
    -> 200  (0s)
    User-Agent: supervive-loadout-shim

#1263 18:35:17.025  GET /revival/loadout
    -> 200  (0s)
    User-Agent: supervive-loadout-shim

#1264 18:35:17.199  GET /revival/loadout
    -> 200  (0s)
    User-Agent: supervive-loadout-shim

#1265 18:35:17.378  GET /revival/loadout
    -> 200  (1ms)
    User-Agent: supervive-loadout-shim

#1266 18:35:17.550  GET /revival/loadout
    -> 200  (0s)
    User-Agent: supervive-loadout-shim

#1267 18:35:17.724  GET /revival/loadout
    -> 200  (0s)
    User-Agent: supervive-loadout-shim

#1268 18:35:17.899  GET /revival/loadout
    -> 200  (0s)
    User-Agent: supervive-loadout-shim

#1269 18:35:18.074  GET /revival/loadout
    -> 200  (0s)
    User-Agent: supervive-loadout-shim

#1270 18:35:18.251  GET /revival/loadout
    -> 200  (0s)
    User-Agent: supervive-loadout-shim

#1271 18:35:18.423  GET /revival/loadout
    -> 200  (0s)
    User-Agent: supervive-loadout-shim

#1272 18:35:18.599  GET /revival/loadout
    -> 200  (0s)
    User-Agent: supervive-loadout-shim

#1273 18:35:18.779  GET /revival/loadout
    -> 200  (0s)
    User-Agent: supervive-loadout-shim

#1274 18:35:18.980  GET /revival/loadout
    -> 200  (0s)
    User-Agent: supervive-loadout-shim

#1275 18:35:19.157  GET /revival/loadout
    -> 200  (0s)
    User-Agent: supervive-loadout-shim

#1276 18:35:19.332  GET /revival/loadout
    -> 200  (0s)
    User-Agent: supervive-loadout-shim

#1277 18:35:19.507  GET /revival/loadout
    -> 200  (0s)
    User-Agent: supervive-loadout-shim

#1278 18:35:19.681  GET /revival/loadout
    -> 200  (1ms)
    User-Agent: supervive-loadout-shim

#1279 18:35:19.857  GET /revival/loadout
    -> 200  (0s)
    User-Agent: supervive-loadout-shim

#1280 18:35:20.031  GET /revival/loadout
    -> 200  (0s)
    User-Agent: supervive-loadout-shim

* 18:35:20.059  WS <- /lobby TEXT ""

#1281 18:35:20.205  GET /revival/loadout
    -> 200  (0s)
    User-Agent: supervive-loadout-shim

#1282 18:35:20.380  GET /revival/loadout
    -> 200  (0s)
    User-Agent: supervive-loadout-shim

#1283 18:35:20.557  GET /revival/loadout
    -> 200  (0s)
    User-Agent: supervive-loadout-shim

#1284 18:35:20.731  GET /revival/loadout
    -> 200  (0s)
    User-Agent: supervive-loadout-shim

#1285 18:35:20.913  GET /revival/loadout
    -> 200  (0s)
    User-Agent: supervive-loadout-shim

#1286 18:35:21.082  GET /revival/loadout
    -> 200  (1ms)
    User-Agent: supervive-loadout-shim

#1287 18:35:21.257  GET /revival/loadout
    -> 200  (0s)
    User-Agent: supervive-loadout-shim

#1288 18:35:21.431  GET /revival/loadout
    -> 200  (0s)
    User-Agent: supervive-loadout-shim

#1289 18:35:21.606  GET /revival/loadout
    -> 200  (0s)
    User-Agent: supervive-loadout-shim

#1290 18:35:21.722  GET /party/players/9b9d2c887e2524f918e383a895f2f1c2/voice
    -> 200  (0s)
    Accept: */*
    X-Theorycraft-Clientversion: release2.4.live-156430-shipping
    Authorization: Bearer eyJhbGciOiJSUzI1NiIsImtpZCI6InN1cGVydml2ZS1yZXZpdmFsLWtleS0xIiwidHlwIjoiSldUIn0.eyJiYW5zIjpbXSwiY2xpZW50X2lkIjoiYmE4ZmI1OWEzNGJiNDgxYWJjYTA4YzQ2YmE0ODgwMjUiLCJjb3VudHJ5IjoiVVMiLCJkaXNwbGF5X25hbWUiOiJSZXZpdmVyIiwiZXhwIjoxNzg2NzM4NjUwLCJpYXQiOjE3ODY2NTIyNTAsImlzX2NvbXBseSI6dHJ1ZSwiamZsZ3MiOjAsIm5hbWVzcGFjZSI6InN1cGVydml2ZSIsIm5iZiI6MTc4NjY1MjE5MCwicGVybWlzc2lvbnMiOlt7IkFjdGlvbiI6MTUsIlJlc291cmNlIjoiTkFNRVNQQUNFOnN1cGVydml2ZToqIn0seyJBY3Rpb24iOjE1LCJSZXNvdXJjZSI6IkFETUlOOk5BTUVTUEFDRTpzdXBlcnZpdmU6KiJ9XSwicm9sZXMiOltdLCJzY29wZSI6ImNvbW1lcmNlIGFjY291bnQgc29jaWFsIHB1Ymxpc2hpbmcgYW5hbHl0aWNzIiwic3ViIjoiOWI5ZDJjODg3ZTI1MjRmOTE4ZTM4M2E4OTVmMmYxYzIiLCJ1bmlxdWVEaXNwbGF5TmFtZSI6IlJldml2ZXIjMDAwMSIsInVuaXF1ZV9kaXNwbGF5X25hbWUiOiJSZXZpdmVyIzAwMDEifQ.S8me6zCTJy1oN7cCA9hQMdHB81PfiOQjPGkisaKCUBzabcSTr1c468GSswCZp1ojqPbBbmOAc-HA5N2o4v-PRiSsk8rqPCyvk3Tx1C5P-rcZZtS-X9XnEtl7wRYgTacQNA_R6vbQgylOOxJ8HarI1u7xWxDlYfxiEDjHEEVHbUlHAE_Oz7PhV80Ms7bc3scLORKG3HPGTqjH9of-EooGUB3k-Xpl9M5eB7A7geV_c8XbzZ0NPELo9dLYVByYKVXzHtk2o0tyzXvdmz-r7FqVYwlN_jOrpiFF_4ti0Wf2ZTI07y-WzKQT1tlXe-OSq86OtwCA0elY-weDLV49mb78gg
    User-Agent: Loki/UE5-CL-0 (http-legacy) Windows/10.0.19045.1.256.64bit

#1291 18:35:21.780  GET /revival/loadout
    -> 200  (0s)
    User-Agent: supervive-loadout-shim

#1292 18:35:21.956  GET /revival/loadout
    -> 200  (0s)
    User-Agent: supervive-loadout-shim

#1293 18:35:22.131  GET /revival/loadout
    -> 200  (0s)
    User-Agent: supervive-loadout-shim

#1294 18:35:22.306  GET /revival/loadout
    -> 200  (0s)
    User-Agent: supervive-loadout-shim

#1295 18:35:22.481  GET /revival/loadout
    -> 200  (0s)
    User-Agent: supervive-loadout-shim

#1296 18:35:22.656  GET /revival/loadout
    -> 200  (0s)
    User-Agent: supervive-loadout-shim

#1297 18:35:22.830  GET /revival/loadout
    -> 200  (0s)
    User-Agent: supervive-loadout-shim

#1298 18:35:23.014  GET /revival/loadout
    -> 200  (0s)
    User-Agent: supervive-loadout-shim

#1299 18:35:23.188  GET /revival/loadout
    -> 200  (0s)
    User-Agent: supervive-loadout-shim

#1300 18:35:23.209  GET /party/matchmaking/info
    -> 200  (0s)
    Accept: */*
    X-Theorycraft-Clientversion: release2.4.live-156430-shipping
    User-Agent: Loki/UE5-CL-0 (http-legacy) Windows/10.0.19045.1.256.64bit
    Authorization: Bearer eyJhbGciOiJSUzI1NiIsImtpZCI6InN1cGVydml2ZS1yZXZpdmFsLWtleS0xIiwidHlwIjoiSldUIn0.eyJiYW5zIjpbXSwiY2xpZW50X2lkIjoiYmE4ZmI1OWEzNGJiNDgxYWJjYTA4YzQ2YmE0ODgwMjUiLCJjb3VudHJ5IjoiVVMiLCJkaXNwbGF5X25hbWUiOiJSZXZpdmVyIiwiZXhwIjoxNzg2NzM4NjUwLCJpYXQiOjE3ODY2NTIyNTAsImlzX2NvbXBseSI6dHJ1ZSwiamZsZ3MiOjAsIm5hbWVzcGFjZSI6InN1cGVydml2ZSIsIm5iZiI6MTc4NjY1MjE5MCwicGVybWlzc2lvbnMiOlt7IkFjdGlvbiI6MTUsIlJlc291cmNlIjoiTkFNRVNQQUNFOnN1cGVydml2ZToqIn0seyJBY3Rpb24iOjE1LCJSZXNvdXJjZSI6IkFETUlOOk5BTUVTUEFDRTpzdXBlcnZpdmU6KiJ9XSwicm9sZXMiOltdLCJzY29wZSI6ImNvbW1lcmNlIGFjY291bnQgc29jaWFsIHB1Ymxpc2hpbmcgYW5hbHl0aWNzIiwic3ViIjoiOWI5ZDJjODg3ZTI1MjRmOTE4ZTM4M2E4OTVmMmYxYzIiLCJ1bmlxdWVEaXNwbGF5TmFtZSI6IlJldml2ZXIjMDAwMSIsInVuaXF1ZV9kaXNwbGF5X25hbWUiOiJSZXZpdmVyIzAwMDEifQ.S8me6zCTJy1oN7cCA9hQMdHB81PfiOQjPGkisaKCUBzabcSTr1c468GSswCZp1ojqPbBbmOAc-HA5N2o4v-PRiSsk8rqPCyvk3Tx1C5P-rcZZtS-X9XnEtl7wRYgTacQNA_R6vbQgylOOxJ8HarI1u7xWxDlYfxiEDjHEEVHbUlHAE_Oz7PhV80Ms7bc3scLORKG3HPGTqjH9of-EooGUB3k-Xpl9M5eB7A7geV_c8XbzZ0NPELo9dLYVByYKVXzHtk2o0tyzXvdmz-r7FqVYwlN_jOrpiFF_4ti0Wf2ZTI07y-WzKQT1tlXe-OSq86OtwCA0elY-weDLV49mb78gg

#1301 18:35:23.341  GET /revival/missions/progress
    -> 200  (0s)
    User-Agent: supervive-missions-shim

#1302 18:35:23.399  GET /revival/loadout
    -> 200  (0s)
    User-Agent: supervive-loadout-shim

#1303 18:35:23.574  GET /revival/loadout
    -> 200  (0s)
    User-Agent: supervive-loadout-shim

#1304 18:35:23.746  GET /revival/loadout
    -> 200  (0s)
    User-Agent: supervive-loadout-shim

#1305 18:35:23.921  GET /revival/loadout
    -> 200  (0s)
    User-Agent: supervive-loadout-shim

#1306 18:35:24.105  GET /revival/loadout
    -> 200  (0s)
    User-Agent: supervive-loadout-shim

#1307 18:35:24.279  GET /revival/loadout
    -> 200  (0s)
    User-Agent: supervive-loadout-shim

#1308 18:35:24.455  GET /revival/loadout
    -> 200  (0s)
    User-Agent: supervive-loadout-shim

#1309 18:35:24.629  GET /revival/loadout
    -> 200  (0s)
    User-Agent: supervive-loadout-shim

#1310 18:35:24.805  GET /revival/loadout
    -> 200  (0s)
    User-Agent: supervive-loadout-shim

#1311 18:35:24.978  GET /revival/loadout
    -> 200  (0s)
    User-Agent: supervive-loadout-shim

#1312 18:35:25.154  GET /revival/loadout
    -> 200  (0s)
    User-Agent: supervive-loadout-shim

#1313 18:35:25.329  GET /revival/loadout
    -> 200  (0s)
    User-Agent: supervive-loadout-shim

#1314 18:35:25.504  GET /revival/loadout
    -> 200  (0s)
    User-Agent: supervive-loadout-shim

#1315 18:35:25.679  GET /revival/loadout
    -> 200  (0s)
    User-Agent: supervive-loadout-shim

#1316 18:35:25.854  GET /revival/loadout
    -> 200  (0s)
    User-Agent: supervive-loadout-shim

#1317 18:35:26.029  GET /revival/loadout
    -> 200  (0s)
    User-Agent: supervive-loadout-shim

#1318 18:35:26.204  GET /revival/loadout
    -> 200  (0s)
    User-Agent: supervive-loadout-shim

#1319 18:35:26.224  GET /configuration/client?language=en
    -> 200  (0s)
    User-Agent: Loki/UE5-CL-0 (http-legacy) Windows/10.0.19045.1.256.64bit
    Accept: */*
    Authorization: Bearer eyJhbGciOiJSUzI1NiIsImtpZCI6InN1cGVydml2ZS1yZXZpdmFsLWtleS0xIiwidHlwIjoiSldUIn0.eyJiYW5zIjpbXSwiY2xpZW50X2lkIjoiYmE4ZmI1OWEzNGJiNDgxYWJjYTA4YzQ2YmE0ODgwMjUiLCJjb3VudHJ5IjoiVVMiLCJkaXNwbGF5X25hbWUiOiJSZXZpdmVyIiwiZXhwIjoxNzg2NzM4NjUwLCJpYXQiOjE3ODY2NTIyNTAsImlzX2NvbXBseSI6dHJ1ZSwiamZsZ3MiOjAsIm5hbWVzcGFjZSI6InN1cGVydml2ZSIsIm5iZiI6MTc4NjY1MjE5MCwicGVybWlzc2lvbnMiOlt7IkFjdGlvbiI6MTUsIlJlc291cmNlIjoiTkFNRVNQQUNFOnN1cGVydml2ZToqIn0seyJBY3Rpb24iOjE1LCJSZXNvdXJjZSI6IkFETUlOOk5BTUVTUEFDRTpzdXBlcnZpdmU6KiJ9XSwicm9sZXMiOltdLCJzY29wZSI6ImNvbW1lcmNlIGFjY291bnQgc29jaWFsIHB1Ymxpc2hpbmcgYW5hbHl0aWNzIiwic3ViIjoiOWI5ZDJjODg3ZTI1MjRmOTE4ZTM4M2E4OTVmMmYxYzIiLCJ1bmlxdWVEaXNwbGF5TmFtZSI6IlJldml2ZXIjMDAwMSIsInVuaXF1ZV9kaXNwbGF5X25hbWUiOiJSZXZpdmVyIzAwMDEifQ.S8me6zCTJy1oN7cCA9hQMdHB81PfiOQjPGkisaKCUBzabcSTr1c468GSswCZp1ojqPbBbmOAc-HA5N2o4v-PRiSsk8rqPCyvk3Tx1C5P-rcZZtS-X9XnEtl7wRYgTacQNA_R6vbQgylOOxJ8HarI1u7xWxDlYfxiEDjHEEVHbUlHAE_Oz7PhV80Ms7bc3scLORKG3HPGTqjH9of-EooGUB3k-Xpl9M5eB7A7geV_c8XbzZ0NPELo9dLYVByYKVXzHtk2o0tyzXvdmz-r7FqVYwlN_jOrpiFF_4ti0Wf2ZTI07y-WzKQT1tlXe-OSq86OtwCA0elY-weDLV49mb78gg
    X-Theorycraft-Clientversion: release2.4.live-156430-shipping

#1320 18:35:26.301  GET /content-service/manifest/release2.4.live-156430-shipping?nonEnabledOnly=true
    -> 200  (0s)
    User-Agent: Loki/UE5-CL-0 (http-legacy) Windows/10.0.19045.1.256.64bit
    Accept: */*
    X-Theorycraft-Clientversion: release2.4.live-156430-shipping
    Authorization: Bearer eyJhbGciOiJSUzI1NiIsImtpZCI6InN1cGVydml2ZS1yZXZpdmFsLWtleS0xIiwidHlwIjoiSldUIn0.eyJiYW5zIjpbXSwiY2xpZW50X2lkIjoiYmE4ZmI1OWEzNGJiNDgxYWJjYTA4YzQ2YmE0ODgwMjUiLCJjb3VudHJ5IjoiVVMiLCJkaXNwbGF5X25hbWUiOiJSZXZpdmVyIiwiZXhwIjoxNzg2NzM4NjUwLCJpYXQiOjE3ODY2NTIyNTAsImlzX2NvbXBseSI6dHJ1ZSwiamZsZ3MiOjAsIm5hbWVzcGFjZSI6InN1cGVydml2ZSIsIm5iZiI6MTc4NjY1MjE5MCwicGVybWlzc2lvbnMiOlt7IkFjdGlvbiI6MTUsIlJlc291cmNlIjoiTkFNRVNQQUNFOnN1cGVydml2ZToqIn0seyJBY3Rpb24iOjE1LCJSZXNvdXJjZSI6IkFETUlOOk5BTUVTUEFDRTpzdXBlcnZpdmU6KiJ9XSwicm9sZXMiOltdLCJzY29wZSI6ImNvbW1lcmNlIGFjY291bnQgc29jaWFsIHB1Ymxpc2hpbmcgYW5hbHl0aWNzIiwic3ViIjoiOWI5ZDJjODg3ZTI1MjRmOTE4ZTM4M2E4OTVmMmYxYzIiLCJ1bmlxdWVEaXNwbGF5TmFtZSI6IlJldml2ZXIjMDAwMSIsInVuaXF1ZV9kaXNwbGF5X25hbWUiOiJSZXZpdmVyIzAwMDEifQ.S8me6zCTJy1oN7cCA9hQMdHB81PfiOQjPGkisaKCUBzabcSTr1c468GSswCZp1ojqPbBbmOAc-HA5N2o4v-PRiSsk8rqPCyvk3Tx1C5P-rcZZtS-X9XnEtl7wRYgTacQNA_R6vbQgylOOxJ8HarI1u7xWxDlYfxiEDjHEEVHbUlHAE_Oz7PhV80Ms7bc3scLORKG3HPGTqjH9of-EooGUB3k-Xpl9M5eB7A7geV_c8XbzZ0NPELo9dLYVByYKVXzHtk2o0tyzXvdmz-r7FqVYwlN_jOrpiFF_4ti0Wf2ZTI07y-WzKQT1tlXe-OSq86OtwCA0elY-weDLV49mb78gg

#1321 18:35:26.410  GET /revival/loadout
    -> 200  (1ms)
    User-Agent: supervive-loadout-shim

#1322 18:35:26.586  GET /revival/loadout
    -> 200  (0s)
    User-Agent: supervive-loadout-shim

#1323 18:35:26.762  GET /revival/loadout
    -> 200  (0s)
    User-Agent: supervive-loadout-shim

#1324 18:35:26.937  GET /revival/loadout
    -> 200  (0s)
    User-Agent: supervive-loadout-shim

#1325 18:35:27.112  GET /revival/loadout
    -> 200  (0s)
    User-Agent: supervive-loadout-shim

#1326 18:35:27.287  GET /revival/loadout
    -> 200  (0s)
    User-Agent: supervive-loadout-shim

#1327 18:35:27.461  GET /revival/loadout
    -> 200  (0s)
    User-Agent: supervive-loadout-shim

#1328 18:35:27.530  POST /game-telemetry/v1/protected/events
    -> 200  (0s)
    Content-Type: application/json
    Authorization: Bearer eyJhbGciOiJSUzI1NiIsImtpZCI6InN1cGVydml2ZS1yZXZpdmFsLWtleS0xIiwidHlwIjoiSldUIn0.eyJiYW5zIjpbXSwiY2xpZW50X2lkIjoiYmE4ZmI1OWEzNGJiNDgxYWJjYTA4YzQ2YmE0ODgwMjUiLCJjb3VudHJ5IjoiVVMiLCJkaXNwbGF5X25hbWUiOiJSZXZpdmVyIiwiZXhwIjoxNzg2NzM4NjUwLCJpYXQiOjE3ODY2NTIyNTAsImlzX2NvbXBseSI6dHJ1ZSwiamZsZ3MiOjAsIm5hbWVzcGFjZSI6InN1cGVydml2ZSIsIm5iZiI6MTc4NjY1MjE5MCwicGVybWlzc2lvbnMiOlt7IkFjdGlvbiI6MTUsIlJlc291cmNlIjoiTkFNRVNQQUNFOnN1cGVydml2ZToqIn0seyJBY3Rpb24iOjE1LCJSZXNvdXJjZSI6IkFETUlOOk5BTUVTUEFDRTpzdXBlcnZpdmU6KiJ9XSwicm9sZXMiOltdLCJzY29wZSI6ImNvbW1lcmNlIGFjY291bnQgc29jaWFsIHB1Ymxpc2hpbmcgYW5hbHl0aWNzIiwic3ViIjoiOWI5ZDJjODg3ZTI1MjRmOTE4ZTM4M2E4OTVmMmYxYzIiLCJ1bmlxdWVEaXNwbGF5TmFtZSI6IlJldml2ZXIjMDAwMSIsInVuaXF1ZV9kaXNwbGF5X25hbWUiOiJSZXZpdmVyIzAwMDEifQ.S8me6zCTJy1oN7cCA9hQMdHB81PfiOQjPGkisaKCUBzabcSTr1c468GSswCZp1ojqPbBbmOAc-HA5N2o4v-PRiSsk8rqPCyvk3Tx1C5P-rcZZtS-X9XnEtl7wRYgTacQNA_R6vbQgylOOxJ8HarI1u7xWxDlYfxiEDjHEEVHbUlHAE_Oz7PhV80Ms7bc3scLORKG3HPGTqjH9of-EooGUB3k-Xpl9M5eB7A7geV_c8XbzZ0NPELo9dLYVByYKVXzHtk2o0tyzXvdmz-r7FqVYwlN_jOrpiFF_4ti0Wf2ZTI07y-WzKQT1tlXe-OSq86OtwCA0elY-weDLV49mb78gg
    Game-Client-Version: 1.0.0.0
    User-Agent: Loki/UE5-CL-0 (http-legacy) Windows/10.0.19045.1.256.64bit
    Accept: application/json
    body: [
	{
		"EventNamespace": "loki",
		"EventName": "client_network_samples_snapshot",
		"Payload":
		{
			"sessionId": "567f77cd4269be09df02edb258c46222",
			"PlayerId": "9b9d2c887e2524f918e383a895f2f1c2",
			"timestamp": "2026-08-13T23:34:38.825Z",
			"inAveragePacketLoss": 0,
			"outAveragePacketLoss": 0,
			"HardwareId": "c1795a173f53c6f72e8b0125f11309c6"
		},
		"ClientTimestamp": "2026-08-13T23:35:26.574Z",
		"flightId": "34fe5245425ef9d90b4cd3a77b270727",
		"DeviceType": "Windows"
	}
]

#1329 18:35:27.637  GET /revival/loadout
    -> 200  (0s)
    User-Agent: supervive-loadout-shim

#1330 18:35:27.815  GET /revival/loadout
    -> 200  (0s)
    User-Agent: supervive-loadout-shim

#1331 18:35:27.991  GET /revival/loadout
    -> 200  (0s)
    User-Agent: supervive-loadout-shim

#1332 18:35:28.164  GET /revival/loadout
    -> 200  (0s)
    User-Agent: supervive-loadout-shim

#1333 18:35:28.340  GET /revival/loadout
    -> 200  (0s)
    User-Agent: supervive-loadout-shim

#1334 18:35:28.513  GET /revival/loadout
    -> 200  (0s)
    User-Agent: supervive-loadout-shim

#1335 18:35:28.687  GET /revival/loadout
    -> 200  (0s)
    User-Agent: supervive-loadout-shim

#1336 18:35:28.861  GET /revival/loadout
    -> 200  (0s)
    User-Agent: supervive-loadout-shim

#1337 18:35:29.037  GET /revival/loadout
    -> 200  (0s)
    User-Agent: supervive-loadout-shim

#1338 18:35:29.212  GET /revival/loadout
    -> 200  (0s)
    User-Agent: supervive-loadout-shim

#1339 18:35:29.396  GET /revival/loadout
    -> 200  (0s)
    User-Agent: supervive-loadout-shim

#1340 18:35:29.570  GET /revival/loadout
    -> 200  (1ms)
    User-Agent: supervive-loadout-shim

#1341 18:35:29.743  GET /revival/loadout
    -> 200  (0s)
    User-Agent: supervive-loadout-shim

#1342 18:35:29.919  GET /revival/loadout
    -> 200  (0s)
    User-Agent: supervive-loadout-shim

#1343 18:35:30.094  GET /revival/loadout
    -> 200  (0s)
    User-Agent: supervive-loadout-shim

#1344 18:35:30.269  GET /revival/loadout
    -> 200  (0s)
    User-Agent: supervive-loadout-shim

#1345 18:35:30.445  GET /revival/loadout
    -> 200  (0s)
    User-Agent: supervive-loadout-shim

#1346 18:35:30.619  GET /revival/loadout
    -> 200  (0s)
    User-Agent: supervive-loadout-shim

#1347 18:35:30.801  GET /revival/loadout
    -> 200  (0s)
    User-Agent: supervive-loadout-shim

#1348 18:35:30.977  GET /revival/loadout
    -> 200  (1ms)
    User-Agent: supervive-loadout-shim

#1349 18:35:31.160  GET /revival/loadout
    -> 200  (0s)
    User-Agent: supervive-loadout-shim

#1350 18:35:31.342  GET /revival/loadout
    -> 200  (1ms)
    User-Agent: supervive-loadout-shim

#1351 18:35:31.520  GET /revival/loadout
    -> 200  (0s)
    User-Agent: supervive-loadout-shim

#1352 18:35:31.694  GET /revival/loadout
    -> 200  (0s)
    User-Agent: supervive-loadout-shim

#1353 18:35:31.881  GET /revival/loadout
    -> 200  (0s)
    User-Agent: supervive-loadout-shim

#1354 18:35:32.067  GET /revival/loadout
    -> 200  (0s)
    User-Agent: supervive-loadout-shim

#1355 18:35:32.235  GET /revival/loadout
    -> 200  (0s)
    User-Agent: supervive-loadout-shim

#1356 18:35:32.412  GET /revival/loadout
    -> 200  (0s)
    User-Agent: supervive-loadout-shim

#1357 18:35:32.585  GET /revival/loadout
    -> 200  (0s)
    User-Agent: supervive-loadout-shim

#1358 18:35:32.760  GET /revival/loadout
    -> 200  (0s)
    User-Agent: supervive-loadout-shim

#1359 18:35:32.935  GET /revival/loadout
    -> 200  (0s)
    User-Agent: supervive-loadout-shim

#1360 18:35:33.110  GET /revival/loadout
    -> 200  (0s)
    User-Agent: supervive-loadout-shim

* 18:35:33.225  WS <- /notifications/players/9b9d2c887e2524f918e383a895f2f1c2 BINARY (2 bytes) 6862

* 18:35:33.240  WS -> /notifications/players/9b9d2c887e2524f918e383a895f2f1c2 TEXT hb reply {"Resource":"hb","Version":0,"Payload":""}

#1361 18:35:33.285  GET /revival/loadout
    -> 200  (0s)
    User-Agent: supervive-loadout-shim

#1362 18:35:33.485  GET /revival/loadout
    -> 200  (0s)
    User-Agent: supervive-loadout-shim

#1363 18:35:33.659  GET /revival/loadout
    -> 200  (0s)
    User-Agent: supervive-loadout-shim

#1364 18:35:33.835  GET /revival/loadout
    -> 200  (0s)
    User-Agent: supervive-loadout-shim

#1365 18:35:34.009  GET /revival/loadout
    -> 200  (0s)
    User-Agent: supervive-loadout-shim

#1366 18:35:34.191  GET /revival/loadout
    -> 200  (0s)
    User-Agent: supervive-loadout-shim

#1367 18:35:34.367  GET /revival/loadout
    -> 200  (0s)
    User-Agent: supervive-loadout-shim

#1368 18:35:34.542  GET /revival/loadout
    -> 200  (1ms)
    User-Agent: supervive-loadout-shim

#1369 18:35:34.718  GET /revival/loadout
    -> 200  (0s)
    User-Agent: supervive-loadout-shim

#1370 18:35:34.892  GET /revival/loadout
    -> 200  (0s)
    User-Agent: supervive-loadout-shim

#1371 18:35:35.066  GET /revival/loadout
    -> 200  (0s)
    User-Agent: supervive-loadout-shim

#1372 18:35:35.234  GET /revival/loadout
    -> 200  (0s)
    User-Agent: supervive-loadout-shim

#1373 18:35:35.409  GET /revival/loadout
    -> 200  (0s)
    User-Agent: supervive-loadout-shim

#1374 18:35:35.583  GET /revival/loadout
    -> 200  (0s)
    User-Agent: supervive-loadout-shim

#1375 18:35:35.759  GET /revival/loadout
    -> 200  (0s)
    User-Agent: supervive-loadout-shim

#1376 18:35:35.934  GET /revival/loadout
    -> 200  (0s)
    User-Agent: supervive-loadout-shim

#1377 18:35:36.108  GET /revival/loadout
    -> 200  (0s)
    User-Agent: supervive-loadout-shim

#1378 18:35:36.284  GET /revival/loadout
    -> 200  (0s)
    User-Agent: supervive-loadout-shim

#1379 18:35:36.458  GET /revival/loadout
    -> 200  (0s)
    User-Agent: supervive-loadout-shim

#1380 18:35:36.634  GET /revival/loadout
    -> 200  (0s)
    User-Agent: supervive-loadout-shim

#1381 18:35:36.809  GET /revival/loadout
    -> 200  (0s)
    User-Agent: supervive-loadout-shim

#1382 18:35:36.984  GET /revival/loadout
    -> 200  (0s)
    User-Agent: supervive-loadout-shim

#1383 18:35:37.159  GET /revival/loadout
    -> 200  (0s)
    User-Agent: supervive-loadout-shim

#1384 18:35:37.333  GET /revival/loadout
    -> 200  (0s)
    User-Agent: supervive-loadout-shim

#1385 18:35:37.508  GET /revival/loadout
    -> 200  (0s)
    User-Agent: supervive-loadout-shim

#1386 18:35:37.682  GET /revival/loadout
    -> 200  (0s)
    User-Agent: supervive-loadout-shim

#1387 18:35:37.857  GET /revival/loadout
    -> 200  (0s)
    User-Agent: supervive-loadout-shim

#1388 18:35:38.032  GET /revival/loadout
    -> 200  (0s)
    User-Agent: supervive-loadout-shim

#1389 18:35:38.208  GET /revival/loadout
    -> 200  (0s)
    User-Agent: supervive-loadout-shim

#1390 18:35:38.382  GET /revival/loadout
    -> 200  (0s)
    User-Agent: supervive-loadout-shim

#1391 18:35:38.557  GET /revival/loadout
    -> 200  (0s)
    User-Agent: supervive-loadout-shim

#1392 18:35:38.732  GET /revival/loadout
    -> 200  (0s)
    User-Agent: supervive-loadout-shim

#1393 18:35:38.908  GET /revival/loadout
    -> 200  (0s)
    User-Agent: supervive-loadout-shim

#1394 18:35:39.083  GET /revival/loadout
    -> 200  (0s)
    User-Agent: supervive-loadout-shim

#1395 18:35:39.258  GET /revival/loadout
    -> 200  (0s)
    User-Agent: supervive-loadout-shim

#1396 18:35:39.433  GET /revival/loadout
    -> 200  (0s)
    User-Agent: supervive-loadout-shim

#1397 18:35:39.607  GET /revival/loadout
    -> 200  (0s)
    User-Agent: supervive-loadout-shim

#1398 18:35:39.783  GET /revival/loadout
    -> 200  (0s)
    User-Agent: supervive-loadout-shim

#1399 18:35:39.957  GET /revival/loadout
    -> 200  (0s)
    User-Agent: supervive-loadout-shim

#1400 18:35:40.133  GET /revival/loadout
    -> 200  (0s)
    User-Agent: supervive-loadout-shim

#1401 18:35:40.308  GET /revival/loadout
    -> 200  (0s)
    User-Agent: supervive-loadout-shim

#1402 18:35:40.482  GET /revival/loadout
    -> 200  (0s)
    User-Agent: supervive-loadout-shim

#1403 18:35:40.657  GET /revival/loadout
    -> 200  (0s)
    User-Agent: supervive-loadout-shim

#1404 18:35:40.831  GET /revival/loadout
    -> 200  (0s)
    User-Agent: supervive-loadout-shim

#1405 18:35:41.007  GET /revival/loadout
    -> 200  (0s)
    User-Agent: supervive-loadout-shim

#1406 18:35:41.181  GET /revival/loadout
    -> 200  (0s)
    User-Agent: supervive-loadout-shim

#1407 18:35:41.356  GET /revival/loadout
    -> 200  (0s)
    User-Agent: supervive-loadout-shim

#1408 18:35:41.531  GET /revival/loadout
    -> 200  (0s)
    User-Agent: supervive-loadout-shim

#1409 18:35:41.707  GET /revival/loadout
    -> 200  (0s)
    User-Agent: supervive-loadout-shim

#1410 18:35:41.881  GET /revival/loadout
    -> 200  (0s)
    User-Agent: supervive-loadout-shim

#1411 18:35:42.057  GET /revival/loadout
    -> 200  (0s)
    User-Agent: supervive-loadout-shim

#1412 18:35:42.233  GET /revival/loadout
    -> 200  (0s)
    User-Agent: supervive-loadout-shim

#1413 18:35:42.406  GET /revival/loadout
    -> 200  (0s)
    User-Agent: supervive-loadout-shim

#1414 18:35:42.581  GET /revival/loadout
    -> 200  (0s)
    User-Agent: supervive-loadout-shim

#1415 18:35:42.758  GET /revival/loadout
    -> 200  (0s)
    User-Agent: supervive-loadout-shim

#1416 18:35:42.935  GET /revival/loadout
    -> 200  (0s)
    User-Agent: supervive-loadout-shim

#1417 18:35:43.107  GET /revival/loadout
    -> 200  (0s)
    User-Agent: supervive-loadout-shim

#1418 18:35:43.281  GET /revival/loadout
    -> 200  (0s)
    User-Agent: supervive-loadout-shim

#1419 18:35:43.456  GET /revival/loadout
    -> 200  (0s)
    User-Agent: supervive-loadout-shim

#1420 18:35:43.630  GET /revival/loadout
    -> 200  (0s)
    User-Agent: supervive-loadout-shim

#1421 18:35:43.807  GET /revival/loadout
    -> 200  (0s)
    User-Agent: supervive-loadout-shim

#1422 18:35:43.981  GET /revival/loadout
    -> 200  (0s)
    User-Agent: supervive-loadout-shim

#1423 18:35:44.164  GET /revival/loadout
    -> 200  (0s)
    User-Agent: supervive-loadout-shim

#1424 18:35:44.339  GET /revival/loadout
    -> 200  (0s)
    User-Agent: supervive-loadout-shim

#1425 18:35:44.514  GET /revival/loadout
    -> 200  (0s)
    User-Agent: supervive-loadout-shim

#1426 18:35:44.689  GET /revival/loadout
    -> 200  (0s)
    User-Agent: supervive-loadout-shim

#1427 18:35:44.864  GET /revival/loadout
    -> 200  (0s)
    User-Agent: supervive-loadout-shim

#1428 18:35:45.039  GET /revival/loadout
    -> 200  (0s)
    User-Agent: supervive-loadout-shim

#1429 18:35:45.213  GET /revival/loadout
    -> 200  (0s)
    User-Agent: supervive-loadout-shim

#1430 18:35:45.389  GET /revival/loadout
    -> 200  (0s)
    User-Agent: supervive-loadout-shim

#1431 18:35:45.564  GET /revival/loadout
    -> 200  (0s)
    User-Agent: supervive-loadout-shim

#1432 18:35:45.737  GET /revival/loadout
    -> 200  (0s)
    User-Agent: supervive-loadout-shim

#1433 18:35:45.913  GET /revival/loadout
    -> 200  (0s)
    User-Agent: supervive-loadout-shim

#1434 18:35:46.088  GET /revival/loadout
    -> 200  (0s)
    User-Agent: supervive-loadout-shim

#1435 18:35:46.263  GET /revival/loadout
    -> 200  (0s)
    User-Agent: supervive-loadout-shim

#1436 18:35:46.438  GET /revival/loadout
    -> 200  (0s)
    User-Agent: supervive-loadout-shim

#1437 18:35:46.613  GET /revival/loadout
    -> 200  (0s)
    User-Agent: supervive-loadout-shim

#1438 18:35:46.788  GET /revival/loadout
    -> 200  (0s)
    User-Agent: supervive-loadout-shim

#1439 18:35:46.962  GET /revival/loadout
    -> 200  (0s)
    User-Agent: supervive-loadout-shim

#1440 18:35:47.137  GET /revival/loadout
    -> 200  (0s)
    User-Agent: supervive-loadout-shim

#1441 18:35:47.313  GET /revival/loadout
    -> 200  (0s)
    User-Agent: supervive-loadout-shim

#1442 18:35:47.488  GET /revival/loadout
    -> 200  (0s)
    User-Agent: supervive-loadout-shim

#1443 18:35:47.663  GET /revival/loadout
    -> 200  (0s)
    User-Agent: supervive-loadout-shim

#1444 18:35:47.838  GET /revival/loadout
    -> 200  (0s)
    User-Agent: supervive-loadout-shim

#1445 18:35:48.013  GET /revival/loadout
    -> 200  (0s)
    User-Agent: supervive-loadout-shim

#1446 18:35:48.187  GET /revival/loadout
    -> 200  (0s)
    User-Agent: supervive-loadout-shim

#1447 18:35:48.362  GET /revival/loadout
    -> 200  (0s)
    User-Agent: supervive-loadout-shim

#1448 18:35:48.537  GET /revival/loadout
    -> 200  (0s)
    User-Agent: supervive-loadout-shim

#1449 18:35:48.712  GET /revival/loadout
    -> 200  (0s)
    User-Agent: supervive-loadout-shim

#1450 18:35:48.887  GET /revival/loadout
    -> 200  (0s)
    User-Agent: supervive-loadout-shim

#1451 18:35:49.062  GET /revival/loadout
    -> 200  (0s)
    User-Agent: supervive-loadout-shim

#1452 18:35:49.237  GET /revival/loadout
    -> 200  (0s)
    User-Agent: supervive-loadout-shim

#1453 18:35:49.413  GET /revival/loadout
    -> 200  (0s)
    User-Agent: supervive-loadout-shim

#1454 18:35:49.590  GET /revival/loadout
    -> 200  (0s)
    User-Agent: supervive-loadout-shim

#1455 18:35:49.763  GET /revival/loadout
    -> 200  (0s)
    User-Agent: supervive-loadout-shim

#1456 18:35:49.948  GET /revival/loadout
    -> 200  (0s)
    User-Agent: supervive-loadout-shim

#1457 18:35:50.137  GET /revival/loadout
    -> 200  (0s)
    User-Agent: supervive-loadout-shim

* 18:35:50.149  WS <- /lobby TEXT ""

#1458 18:35:50.312  GET /revival/loadout
    -> 200  (0s)
    User-Agent: supervive-loadout-shim

#1459 18:35:50.496  GET /revival/loadout
    -> 200  (0s)
    User-Agent: supervive-loadout-shim

#1460 18:35:50.671  GET /revival/loadout
    -> 200  (0s)
    User-Agent: supervive-loadout-shim

#1461 18:35:50.853  GET /revival/loadout
    -> 200  (0s)
    User-Agent: supervive-loadout-shim

#1462 18:35:51.028  GET /revival/loadout
    -> 200  (0s)
    User-Agent: supervive-loadout-shim

#1463 18:35:51.203  GET /revival/loadout
    -> 200  (0s)
    User-Agent: supervive-loadout-shim

#1464 18:35:51.378  GET /revival/loadout
    -> 200  (0s)
    User-Agent: supervive-loadout-shim

#1465 18:35:51.553  GET /revival/loadout
    -> 200  (0s)
    User-Agent: supervive-loadout-shim

#1466 18:35:51.729  GET /revival/loadout
    -> 200  (0s)
    User-Agent: supervive-loadout-shim

#1467 18:35:51.903  GET /revival/loadout
    -> 200  (0s)
    User-Agent: supervive-loadout-shim

#1468 18:35:52.078  GET /revival/loadout
    -> 200  (0s)
    User-Agent: supervive-loadout-shim

#1469 18:35:52.253  GET /revival/loadout
    -> 200  (0s)
    User-Agent: supervive-loadout-shim

#1470 18:35:52.436  GET /revival/loadout
    -> 200  (0s)
    User-Agent: supervive-loadout-shim

#1471 18:35:52.610  GET /revival/loadout
    -> 200  (0s)
    User-Agent: supervive-loadout-shim

#1472 18:35:52.783  GET /party/players/9b9d2c887e2524f918e383a895f2f1c2/voice
    -> 200  (0s)
    Accept: */*
    X-Theorycraft-Clientversion: release2.4.live-156430-shipping
    Authorization: Bearer eyJhbGciOiJSUzI1NiIsImtpZCI6InN1cGVydml2ZS1yZXZpdmFsLWtleS0xIiwidHlwIjoiSldUIn0.eyJiYW5zIjpbXSwiY2xpZW50X2lkIjoiYmE4ZmI1OWEzNGJiNDgxYWJjYTA4YzQ2YmE0ODgwMjUiLCJjb3VudHJ5IjoiVVMiLCJkaXNwbGF5X25hbWUiOiJSZXZpdmVyIiwiZXhwIjoxNzg2NzM4NjUwLCJpYXQiOjE3ODY2NTIyNTAsImlzX2NvbXBseSI6dHJ1ZSwiamZsZ3MiOjAsIm5hbWVzcGFjZSI6InN1cGVydml2ZSIsIm5iZiI6MTc4NjY1MjE5MCwicGVybWlzc2lvbnMiOlt7IkFjdGlvbiI6MTUsIlJlc291cmNlIjoiTkFNRVNQQUNFOnN1cGVydml2ZToqIn0seyJBY3Rpb24iOjE1LCJSZXNvdXJjZSI6IkFETUlOOk5BTUVTUEFDRTpzdXBlcnZpdmU6KiJ9XSwicm9sZXMiOltdLCJzY29wZSI6ImNvbW1lcmNlIGFjY291bnQgc29jaWFsIHB1Ymxpc2hpbmcgYW5hbHl0aWNzIiwic3ViIjoiOWI5ZDJjODg3ZTI1MjRmOTE4ZTM4M2E4OTVmMmYxYzIiLCJ1bmlxdWVEaXNwbGF5TmFtZSI6IlJldml2ZXIjMDAwMSIsInVuaXF1ZV9kaXNwbGF5X25hbWUiOiJSZXZpdmVyIzAwMDEifQ.S8me6zCTJy1oN7cCA9hQMdHB81PfiOQjPGkisaKCUBzabcSTr1c468GSswCZp1ojqPbBbmOAc-HA5N2o4v-PRiSsk8rqPCyvk3Tx1C5P-rcZZtS-X9XnEtl7wRYgTacQNA_R6vbQgylOOxJ8HarI1u7xWxDlYfxiEDjHEEVHbUlHAE_Oz7PhV80Ms7bc3scLORKG3HPGTqjH9of-EooGUB3k-Xpl9M5eB7A7geV_c8XbzZ0NPELo9dLYVByYKVXzHtk2o0tyzXvdmz-r7FqVYwlN_jOrpiFF_4ti0Wf2ZTI07y-WzKQT1tlXe-OSq86OtwCA0elY-weDLV49mb78gg
    User-Agent: Loki/UE5-CL-0 (http-legacy) Windows/10.0.19045.1.256.64bit

#1473 18:35:52.787  GET /revival/loadout
    -> 200  (0s)
    User-Agent: supervive-loadout-shim

#1474 18:35:52.994  GET /revival/loadout
    -> 200  (0s)
    User-Agent: supervive-loadout-shim

#1475 18:35:53.169  GET /revival/loadout
    -> 200  (0s)
    User-Agent: supervive-loadout-shim

#1476 18:35:53.185  GET /core-game/regions
    -> 200  (0s)
    Accept: */*
    X-Theorycraft-Clientversion: release2.4.live-156430-shipping
    Authorization: Bearer eyJhbGciOiJSUzI1NiIsImtpZCI6InN1cGVydml2ZS1yZXZpdmFsLWtleS0xIiwidHlwIjoiSldUIn0.eyJiYW5zIjpbXSwiY2xpZW50X2lkIjoiYmE4ZmI1OWEzNGJiNDgxYWJjYTA4YzQ2YmE0ODgwMjUiLCJjb3VudHJ5IjoiVVMiLCJkaXNwbGF5X25hbWUiOiJSZXZpdmVyIiwiZXhwIjoxNzg2NzM4NjUwLCJpYXQiOjE3ODY2NTIyNTAsImlzX2NvbXBseSI6dHJ1ZSwiamZsZ3MiOjAsIm5hbWVzcGFjZSI6InN1cGVydml2ZSIsIm5iZiI6MTc4NjY1MjE5MCwicGVybWlzc2lvbnMiOlt7IkFjdGlvbiI6MTUsIlJlc291cmNlIjoiTkFNRVNQQUNFOnN1cGVydml2ZToqIn0seyJBY3Rpb24iOjE1LCJSZXNvdXJjZSI6IkFETUlOOk5BTUVTUEFDRTpzdXBlcnZpdmU6KiJ9XSwicm9sZXMiOltdLCJzY29wZSI6ImNvbW1lcmNlIGFjY291bnQgc29jaWFsIHB1Ymxpc2hpbmcgYW5hbHl0aWNzIiwic3ViIjoiOWI5ZDJjODg3ZTI1MjRmOTE4ZTM4M2E4OTVmMmYxYzIiLCJ1bmlxdWVEaXNwbGF5TmFtZSI6IlJldml2ZXIjMDAwMSIsInVuaXF1ZV9kaXNwbGF5X25hbWUiOiJSZXZpdmVyIzAwMDEifQ.S8me6zCTJy1oN7cCA9hQMdHB81PfiOQjPGkisaKCUBzabcSTr1c468GSswCZp1ojqPbBbmOAc-HA5N2o4v-PRiSsk8rqPCyvk3Tx1C5P-rcZZtS-X9XnEtl7wRYgTacQNA_R6vbQgylOOxJ8HarI1u7xWxDlYfxiEDjHEEVHbUlHAE_Oz7PhV80Ms7bc3scLORKG3HPGTqjH9of-EooGUB3k-Xpl9M5eB7A7geV_c8XbzZ0NPELo9dLYVByYKVXzHtk2o0tyzXvdmz-r7FqVYwlN_jOrpiFF_4ti0Wf2ZTI07y-WzKQT1tlXe-OSq86OtwCA0elY-weDLV49mb78gg
    User-Agent: Loki/UE5-CL-0 (http-legacy) Windows/10.0.19045.1.256.64bit

#1477 18:35:53.185  GET /party/matchmaking/info
    -> 200  (0s)
    X-Theorycraft-Clientversion: release2.4.live-156430-shipping
    Authorization: Bearer eyJhbGciOiJSUzI1NiIsImtpZCI6InN1cGVydml2ZS1yZXZpdmFsLWtleS0xIiwidHlwIjoiSldUIn0.eyJiYW5zIjpbXSwiY2xpZW50X2lkIjoiYmE4ZmI1OWEzNGJiNDgxYWJjYTA4YzQ2YmE0ODgwMjUiLCJjb3VudHJ5IjoiVVMiLCJkaXNwbGF5X25hbWUiOiJSZXZpdmVyIiwiZXhwIjoxNzg2NzM4NjUwLCJpYXQiOjE3ODY2NTIyNTAsImlzX2NvbXBseSI6dHJ1ZSwiamZsZ3MiOjAsIm5hbWVzcGFjZSI6InN1cGVydml2ZSIsIm5iZiI6MTc4NjY1MjE5MCwicGVybWlzc2lvbnMiOlt7IkFjdGlvbiI6MTUsIlJlc291cmNlIjoiTkFNRVNQQUNFOnN1cGVydml2ZToqIn0seyJBY3Rpb24iOjE1LCJSZXNvdXJjZSI6IkFETUlOOk5BTUVTUEFDRTpzdXBlcnZpdmU6KiJ9XSwicm9sZXMiOltdLCJzY29wZSI6ImNvbW1lcmNlIGFjY291bnQgc29jaWFsIHB1Ymxpc2hpbmcgYW5hbHl0aWNzIiwic3ViIjoiOWI5ZDJjODg3ZTI1MjRmOTE4ZTM4M2E4OTVmMmYxYzIiLCJ1bmlxdWVEaXNwbGF5TmFtZSI6IlJldml2ZXIjMDAwMSIsInVuaXF1ZV9kaXNwbGF5X25hbWUiOiJSZXZpdmVyIzAwMDEifQ.S8me6zCTJy1oN7cCA9hQMdHB81PfiOQjPGkisaKCUBzabcSTr1c468GSswCZp1ojqPbBbmOAc-HA5N2o4v-PRiSsk8rqPCyvk3Tx1C5P-rcZZtS-X9XnEtl7wRYgTacQNA_R6vbQgylOOxJ8HarI1u7xWxDlYfxiEDjHEEVHbUlHAE_Oz7PhV80Ms7bc3scLORKG3HPGTqjH9of-EooGUB3k-Xpl9M5eB7A7geV_c8XbzZ0NPELo9dLYVByYKVXzHtk2o0tyzXvdmz-r7FqVYwlN_jOrpiFF_4ti0Wf2ZTI07y-WzKQT1tlXe-OSq86OtwCA0elY-weDLV49mb78gg
    User-Agent: Loki/UE5-CL-0 (http-legacy) Windows/10.0.19045.1.256.64bit
    Accept: */*

#1478 18:35:53.344  GET /revival/loadout
    -> 200  (0s)
    User-Agent: supervive-loadout-shim

#1479 18:35:53.363  GET /revival/missions/progress
    -> 200  (0s)
    User-Agent: supervive-missions-shim

#1480 18:35:53.551  GET /revival/loadout
    -> 200  (0s)
    User-Agent: supervive-loadout-shim

#1481 18:35:53.718  GET /revival/loadout
    -> 200  (0s)
    User-Agent: supervive-loadout-shim

#1482 18:35:53.910  GET /revival/loadout
    -> 200  (0s)
    User-Agent: supervive-loadout-shim

#1483 18:35:54.077  GET /revival/loadout
    -> 200  (0s)
    User-Agent: supervive-loadout-shim

#1484 18:35:54.252  GET /revival/loadout
    -> 200  (0s)
    User-Agent: supervive-loadout-shim

#1485 18:35:54.435  GET /revival/loadout
    -> 200  (0s)
    User-Agent: supervive-loadout-shim

#1486 18:35:54.610  GET /revival/loadout
    -> 200  (0s)
    User-Agent: supervive-loadout-shim

#1487 18:35:54.792  GET /revival/loadout
    -> 200  (0s)
    User-Agent: supervive-loadout-shim

#1488 18:35:54.960  GET /revival/loadout
    -> 200  (0s)
    User-Agent: supervive-loadout-shim

#1489 18:35:55.134  GET /revival/loadout
    -> 200  (0s)
    User-Agent: supervive-loadout-shim

#1490 18:35:55.301  GET /revival/loadout
    -> 200  (0s)
    User-Agent: supervive-loadout-shim

#1491 18:35:55.468  GET /revival/loadout
    -> 200  (0s)
    User-Agent: supervive-loadout-shim

#1492 18:35:55.643  GET /revival/loadout
    -> 200  (0s)
    User-Agent: supervive-loadout-shim

#1493 18:35:55.817  GET /revival/loadout
    -> 200  (0s)
    User-Agent: supervive-loadout-shim

#1494 18:35:55.985  GET /revival/loadout
    -> 200  (0s)
    User-Agent: supervive-loadout-shim

#1495 18:35:56.160  GET /revival/loadout
    -> 200  (0s)
    User-Agent: supervive-loadout-shim

#1496 18:35:56.236  GET /configuration/client?language=en
    -> 200  (0s)
    Accept: */*
    X-Theorycraft-Clientversion: release2.4.live-156430-shipping
    Authorization: Bearer eyJhbGciOiJSUzI1NiIsImtpZCI6InN1cGVydml2ZS1yZXZpdmFsLWtleS0xIiwidHlwIjoiSldUIn0.eyJiYW5zIjpbXSwiY2xpZW50X2lkIjoiYmE4ZmI1OWEzNGJiNDgxYWJjYTA4YzQ2YmE0ODgwMjUiLCJjb3VudHJ5IjoiVVMiLCJkaXNwbGF5X25hbWUiOiJSZXZpdmVyIiwiZXhwIjoxNzg2NzM4NjUwLCJpYXQiOjE3ODY2NTIyNTAsImlzX2NvbXBseSI6dHJ1ZSwiamZsZ3MiOjAsIm5hbWVzcGFjZSI6InN1cGVydml2ZSIsIm5iZiI6MTc4NjY1MjE5MCwicGVybWlzc2lvbnMiOlt7IkFjdGlvbiI6MTUsIlJlc291cmNlIjoiTkFNRVNQQUNFOnN1cGVydml2ZToqIn0seyJBY3Rpb24iOjE1LCJSZXNvdXJjZSI6IkFETUlOOk5BTUVTUEFDRTpzdXBlcnZpdmU6KiJ9XSwicm9sZXMiOltdLCJzY29wZSI6ImNvbW1lcmNlIGFjY291bnQgc29jaWFsIHB1Ymxpc2hpbmcgYW5hbHl0aWNzIiwic3ViIjoiOWI5ZDJjODg3ZTI1MjRmOTE4ZTM4M2E4OTVmMmYxYzIiLCJ1bmlxdWVEaXNwbGF5TmFtZSI6IlJldml2ZXIjMDAwMSIsInVuaXF1ZV9kaXNwbGF5X25hbWUiOiJSZXZpdmVyIzAwMDEifQ.S8me6zCTJy1oN7cCA9hQMdHB81PfiOQjPGkisaKCUBzabcSTr1c468GSswCZp1ojqPbBbmOAc-HA5N2o4v-PRiSsk8rqPCyvk3Tx1C5P-rcZZtS-X9XnEtl7wRYgTacQNA_R6vbQgylOOxJ8HarI1u7xWxDlYfxiEDjHEEVHbUlHAE_Oz7PhV80Ms7bc3scLORKG3HPGTqjH9of-EooGUB3k-Xpl9M5eB7A7geV_c8XbzZ0NPELo9dLYVByYKVXzHtk2o0tyzXvdmz-r7FqVYwlN_jOrpiFF_4ti0Wf2ZTI07y-WzKQT1tlXe-OSq86OtwCA0elY-weDLV49mb78gg
    User-Agent: Loki/UE5-CL-0 (http-legacy) Windows/10.0.19045.1.256.64bit

#1497 18:35:56.334  GET /revival/loadout
    -> 200  (0s)
    User-Agent: supervive-loadout-shim

#1498 18:35:56.337  GET /content-service/manifest/release2.4.live-156430-shipping?nonEnabledOnly=true
    -> 200  (0s)
    User-Agent: Loki/UE5-CL-0 (http-legacy) Windows/10.0.19045.1.256.64bit
    Accept: */*
    X-Theorycraft-Clientversion: release2.4.live-156430-shipping
    Authorization: Bearer eyJhbGciOiJSUzI1NiIsImtpZCI6InN1cGVydml2ZS1yZXZpdmFsLWtleS0xIiwidHlwIjoiSldUIn0.eyJiYW5zIjpbXSwiY2xpZW50X2lkIjoiYmE4ZmI1OWEzNGJiNDgxYWJjYTA4YzQ2YmE0ODgwMjUiLCJjb3VudHJ5IjoiVVMiLCJkaXNwbGF5X25hbWUiOiJSZXZpdmVyIiwiZXhwIjoxNzg2NzM4NjUwLCJpYXQiOjE3ODY2NTIyNTAsImlzX2NvbXBseSI6dHJ1ZSwiamZsZ3MiOjAsIm5hbWVzcGFjZSI6InN1cGVydml2ZSIsIm5iZiI6MTc4NjY1MjE5MCwicGVybWlzc2lvbnMiOlt7IkFjdGlvbiI6MTUsIlJlc291cmNlIjoiTkFNRVNQQUNFOnN1cGVydml2ZToqIn0seyJBY3Rpb24iOjE1LCJSZXNvdXJjZSI6IkFETUlOOk5BTUVTUEFDRTpzdXBlcnZpdmU6KiJ9XSwicm9sZXMiOltdLCJzY29wZSI6ImNvbW1lcmNlIGFjY291bnQgc29jaWFsIHB1Ymxpc2hpbmcgYW5hbHl0aWNzIiwic3ViIjoiOWI5ZDJjODg3ZTI1MjRmOTE4ZTM4M2E4OTVmMmYxYzIiLCJ1bmlxdWVEaXNwbGF5TmFtZSI6IlJldml2ZXIjMDAwMSIsInVuaXF1ZV9kaXNwbGF5X25hbWUiOiJSZXZpdmVyIzAwMDEifQ.S8me6zCTJy1oN7cCA9hQMdHB81PfiOQjPGkisaKCUBzabcSTr1c468GSswCZp1ojqPbBbmOAc-HA5N2o4v-PRiSsk8rqPCyvk3Tx1C5P-rcZZtS-X9XnEtl7wRYgTacQNA_R6vbQgylOOxJ8HarI1u7xWxDlYfxiEDjHEEVHbUlHAE_Oz7PhV80Ms7bc3scLORKG3HPGTqjH9of-EooGUB3k-Xpl9M5eB7A7geV_c8XbzZ0NPELo9dLYVByYKVXzHtk2o0tyzXvdmz-r7FqVYwlN_jOrpiFF_4ti0Wf2ZTI07y-WzKQT1tlXe-OSq86OtwCA0elY-weDLV49mb78gg

#1499 18:35:56.501  GET /revival/loadout
    -> 200  (0s)
    User-Agent: supervive-loadout-shim

#1500 18:35:56.676  GET /revival/loadout
    -> 200  (0s)
    User-Agent: supervive-loadout-shim

#1501 18:35:56.850  GET /revival/loadout
    -> 200  (0s)
    User-Agent: supervive-loadout-shim

#1502 18:35:57.026  GET /revival/loadout
    -> 200  (0s)
    User-Agent: supervive-loadout-shim

#1503 18:35:57.200  GET /revival/loadout
    -> 200  (0s)
    User-Agent: supervive-loadout-shim

#1504 18:35:57.376  GET /revival/loadout
    -> 200  (0s)
    User-Agent: supervive-loadout-shim

#1505 18:35:57.551  GET /revival/loadout
    -> 200  (0s)
    User-Agent: supervive-loadout-shim

#1506 18:35:57.726  GET /revival/loadout
    -> 200  (0s)
    User-Agent: supervive-loadout-shim

#1507 18:35:57.909  GET /revival/loadout
    -> 200  (0s)
    User-Agent: supervive-loadout-shim

#1508 18:35:58.084  GET /revival/loadout
    -> 200  (0s)
    User-Agent: supervive-loadout-shim

#1509 18:35:58.259  GET /revival/loadout
    -> 200  (0s)
    User-Agent: supervive-loadout-shim

#1510 18:35:58.434  GET /revival/loadout
    -> 200  (0s)
    User-Agent: supervive-loadout-shim

#1511 18:35:58.608  GET /revival/loadout
    -> 200  (0s)
    User-Agent: supervive-loadout-shim

#1512 18:35:58.783  GET /revival/loadout
    -> 200  (0s)
    User-Agent: supervive-loadout-shim

#1513 18:35:58.958  GET /revival/loadout
    -> 200  (0s)
    User-Agent: supervive-loadout-shim

#1514 18:35:59.124  GET /revival/loadout
    -> 200  (0s)
    User-Agent: supervive-loadout-shim

#1515 18:35:59.299  GET /revival/loadout
    -> 200  (0s)
    User-Agent: supervive-loadout-shim

#1516 18:35:59.475  GET /revival/loadout
    -> 200  (0s)
    User-Agent: supervive-loadout-shim

#1517 18:35:59.649  GET /revival/loadout
    -> 200  (0s)
    User-Agent: supervive-loadout-shim

#1518 18:35:59.824  GET /revival/loadout
    -> 200  (0s)
    User-Agent: supervive-loadout-shim

#1519 18:35:59.998  GET /revival/loadout
    -> 200  (0s)
    User-Agent: supervive-loadout-shim

#1520 18:36:00.175  GET /revival/loadout
    -> 200  (0s)
    User-Agent: supervive-loadout-shim

#1521 18:36:00.349  GET /revival/loadout
    -> 200  (1ms)
    User-Agent: supervive-loadout-shim

#1522 18:36:00.524  GET /revival/loadout
    -> 200  (0s)
    User-Agent: supervive-loadout-shim

#1523 18:36:00.698  GET /revival/loadout
    -> 200  (0s)
    User-Agent: supervive-loadout-shim

#1524 18:36:00.866  GET /revival/loadout
    -> 200  (0s)
    User-Agent: supervive-loadout-shim

#1525 18:36:01.041  GET /revival/loadout
    -> 200  (0s)
    User-Agent: supervive-loadout-shim

#1526 18:36:01.217  GET /revival/loadout
    -> 200  (0s)
    User-Agent: supervive-loadout-shim

#1527 18:36:01.393  GET /revival/loadout
    -> 200  (0s)
    User-Agent: supervive-loadout-shim

#1528 18:36:01.566  GET /revival/loadout
    -> 200  (0s)
    User-Agent: supervive-loadout-shim

#1529 18:36:01.748  GET /revival/loadout
    -> 200  (0s)
    User-Agent: supervive-loadout-shim

#1530 18:36:01.915  GET /revival/loadout
    -> 200  (0s)
    User-Agent: supervive-loadout-shim

#1531 18:36:02.081  GET /revival/loadout
    -> 200  (0s)
    User-Agent: supervive-loadout-shim

#1532 18:36:02.249  GET /revival/loadout
    -> 200  (0s)
    User-Agent: supervive-loadout-shim

#1533 18:36:02.424  GET /revival/loadout
    -> 200  (0s)
    User-Agent: supervive-loadout-shim

#1534 18:36:02.598  GET /revival/loadout
    -> 200  (0s)
    User-Agent: supervive-loadout-shim

#1535 18:36:02.773  GET /revival/loadout
    -> 200  (0s)
    User-Agent: supervive-loadout-shim

#1536 18:36:02.940  GET /revival/loadout
    -> 200  (0s)
    User-Agent: supervive-loadout-shim

#1537 18:36:03.114  GET /revival/loadout
    -> 200  (0s)
    User-Agent: supervive-loadout-shim

#1538 18:36:03.282  GET /revival/loadout
    -> 200  (0s)
    User-Agent: supervive-loadout-shim

* 18:36:03.332  WS -> /notifications/players/9b9d2c887e2524f918e383a895f2f1c2 BINARY hb (proactive 30s keepalive)

#1539 18:36:03.456  GET /revival/loadout
    -> 200  (0s)
    User-Agent: supervive-loadout-shim

#1540 18:36:03.631  GET /revival/loadout
    -> 200  (0s)
    User-Agent: supervive-loadout-shim

#1541 18:36:03.807  GET /revival/loadout
    -> 200  (0s)
    User-Agent: supervive-loadout-shim

#1542 18:36:03.981  GET /revival/loadout
    -> 200  (0s)
    User-Agent: supervive-loadout-shim

#1543 18:36:04.156  GET /revival/loadout
    -> 200  (0s)
    User-Agent: supervive-loadout-shim

#1544 18:36:04.340  GET /revival/loadout
    -> 200  (0s)
    User-Agent: supervive-loadout-shim

#1545 18:36:04.515  GET /revival/loadout
    -> 200  (0s)
    User-Agent: supervive-loadout-shim

#1546 18:36:04.690  GET /revival/loadout
    -> 200  (0s)
    User-Agent: supervive-loadout-shim

#1547 18:36:04.865  GET /revival/loadout
    -> 200  (0s)
    User-Agent: supervive-loadout-shim

#1548 18:36:05.039  GET /revival/loadout
    -> 200  (0s)
    User-Agent: supervive-loadout-shim

#1549 18:36:05.206  GET /revival/loadout
    -> 200  (0s)
    User-Agent: supervive-loadout-shim

#1550 18:36:05.381  GET /revival/loadout
    -> 200  (0s)
    User-Agent: supervive-loadout-shim

#1551 18:36:05.556  GET /revival/loadout
    -> 200  (0s)
    User-Agent: supervive-loadout-shim

#1552 18:36:05.731  GET /revival/loadout
    -> 200  (0s)
    User-Agent: supervive-loadout-shim

#1553 18:36:05.905  GET /revival/loadout
    -> 200  (0s)
    User-Agent: supervive-loadout-shim

#1554 18:36:06.081  GET /revival/loadout
    -> 200  (0s)
    User-Agent: supervive-loadout-shim

#1555 18:36:06.256  GET /revival/loadout
    -> 200  (0s)
    User-Agent: supervive-loadout-shim

#1556 18:36:06.431  GET /revival/loadout
    -> 200  (0s)
    User-Agent: supervive-loadout-shim

#1557 18:36:06.606  GET /revival/loadout
    -> 200  (0s)
    User-Agent: supervive-loadout-shim

#1558 18:36:06.781  GET /revival/loadout
    -> 200  (0s)
    User-Agent: supervive-loadout-shim

#1559 18:36:06.964  GET /revival/loadout
    -> 200  (0s)
    User-Agent: supervive-loadout-shim

#1560 18:36:07.139  GET /revival/loadout
    -> 200  (1ms)
    User-Agent: supervive-loadout-shim

#1561 18:36:07.313  GET /revival/loadout
    -> 200  (0s)
    User-Agent: supervive-loadout-shim

#1562 18:36:07.479  GET /revival/loadout
    -> 200  (0s)
    User-Agent: supervive-loadout-shim

#1563 18:36:07.646  GET /revival/loadout
    -> 200  (0s)
    User-Agent: supervive-loadout-shim

#1564 18:36:07.813  GET /revival/loadout
    -> 200  (0s)
    User-Agent: supervive-loadout-shim

#1565 18:36:07.988  GET /revival/loadout
    -> 200  (0s)
    User-Agent: supervive-loadout-shim

#1566 18:36:08.154  GET /revival/loadout
    -> 200  (0s)
    User-Agent: supervive-loadout-shim

#1567 18:36:08.320  GET /revival/loadout
    -> 200  (0s)
    User-Agent: supervive-loadout-shim

#1568 18:36:08.487  GET /revival/loadout
    -> 200  (0s)
    User-Agent: supervive-loadout-shim

#1569 18:36:08.655  GET /revival/loadout
    -> 200  (0s)
    User-Agent: supervive-loadout-shim

#1570 18:36:08.829  GET /revival/loadout
    -> 200  (0s)
    User-Agent: supervive-loadout-shim

#1571 18:36:09.004  GET /revival/loadout
    -> 200  (0s)
    User-Agent: supervive-loadout-shim

#1572 18:36:09.179  GET /revival/loadout
    -> 200  (0s)
    User-Agent: supervive-loadout-shim

#1573 18:36:09.354  GET /revival/loadout
    -> 200  (0s)
    User-Agent: supervive-loadout-shim

#1574 18:36:09.528  GET /revival/loadout
    -> 200  (0s)
    User-Agent: supervive-loadout-shim

#1575 18:36:09.703  GET /revival/loadout
    -> 200  (0s)
    User-Agent: supervive-loadout-shim

#1576 18:36:09.871  GET /revival/loadout
    -> 200  (0s)
    User-Agent: supervive-loadout-shim

#1577 18:36:10.046  GET /revival/loadout
    -> 200  (0s)
    User-Agent: supervive-loadout-shim

#1578 18:36:10.221  GET /revival/loadout
    -> 200  (0s)
    User-Agent: supervive-loadout-shim

#1579 18:36:10.404  GET /revival/loadout
    -> 200  (0s)
    User-Agent: supervive-loadout-shim

#1580 18:36:10.571  GET /revival/loadout
    -> 200  (0s)
    User-Agent: supervive-loadout-shim

#1581 18:36:10.753  GET /revival/loadout
    -> 200  (1ms)
    User-Agent: supervive-loadout-shim

#1582 18:36:10.929  GET /revival/loadout
    -> 200  (0s)
    User-Agent: supervive-loadout-shim

#1583 18:36:11.104  GET /revival/loadout
    -> 200  (0s)
    User-Agent: supervive-loadout-shim

#1584 18:36:11.279  GET /revival/loadout
    -> 200  (0s)
    User-Agent: supervive-loadout-shim

#1585 18:36:11.454  GET /revival/loadout
    -> 200  (0s)
    User-Agent: supervive-loadout-shim

#1586 18:36:11.654  GET /revival/loadout
    -> 200  (0s)
    User-Agent: supervive-loadout-shim

#1587 18:36:11.829  GET /revival/loadout
    -> 200  (0s)
    User-Agent: supervive-loadout-shim

#1588 18:36:12.003  GET /revival/loadout
    -> 200  (0s)
    User-Agent: supervive-loadout-shim

#1589 18:36:12.179  GET /revival/loadout
    -> 200  (0s)
    User-Agent: supervive-loadout-shim

#1590 18:36:12.379  GET /revival/loadout
    -> 200  (0s)
    User-Agent: supervive-loadout-shim

#1591 18:36:12.553  GET /revival/loadout
    -> 200  (0s)
    User-Agent: supervive-loadout-shim

#1592 18:36:12.728  GET /revival/loadout
    -> 200  (0s)
    User-Agent: supervive-loadout-shim

#1593 18:36:12.902  GET /revival/loadout
    -> 200  (0s)
    User-Agent: supervive-loadout-shim

#1594 18:36:13.102  GET /revival/loadout
    -> 200  (0s)
    User-Agent: supervive-loadout-shim

#1595 18:36:13.270  GET /revival/loadout
    -> 200  (0s)
    User-Agent: supervive-loadout-shim

#1596 18:36:13.444  GET /revival/loadout
    -> 200  (0s)
    User-Agent: supervive-loadout-shim

#1597 18:36:13.616  GET /revival/loadout
    -> 200  (0s)
    User-Agent: supervive-loadout-shim

#1598 18:36:13.811  GET /revival/loadout
    -> 200  (0s)
    User-Agent: supervive-loadout-shim

#1599 18:36:13.985  GET /revival/loadout
    -> 200  (0s)
    User-Agent: supervive-loadout-shim

#1600 18:36:14.151  GET /revival/loadout
    -> 200  (0s)
    User-Agent: supervive-loadout-shim

#1601 18:36:14.327  GET /revival/loadout
    -> 200  (0s)
    User-Agent: supervive-loadout-shim

#1602 18:36:14.501  GET /revival/loadout
    -> 200  (0s)
    User-Agent: supervive-loadout-shim

#1603 18:36:14.685  GET /revival/loadout
    -> 200  (0s)
    User-Agent: supervive-loadout-shim

#1604 18:36:14.852  GET /revival/loadout
    -> 200  (0s)
    User-Agent: supervive-loadout-shim

#1605 18:36:15.018  GET /revival/loadout
    -> 200  (0s)
    User-Agent: supervive-loadout-shim

#1606 18:36:15.184  GET /revival/loadout
    -> 200  (0s)
    User-Agent: supervive-loadout-shim

#1607 18:36:15.351  GET /revival/loadout
    -> 200  (0s)
    User-Agent: supervive-loadout-shim

#1608 18:36:15.519  GET /revival/loadout
    -> 200  (0s)
    User-Agent: supervive-loadout-shim

#1609 18:36:15.694  GET /revival/loadout
    -> 200  (0s)
    User-Agent: supervive-loadout-shim

#1610 18:36:15.869  GET /revival/loadout
    -> 200  (0s)
    User-Agent: supervive-loadout-shim

#1611 18:36:16.043  GET /revival/loadout
    -> 200  (0s)
    User-Agent: supervive-loadout-shim

#1612 18:36:16.219  GET /revival/loadout
    -> 200  (0s)
    User-Agent: supervive-loadout-shim

#1613 18:36:16.394  GET /revival/loadout
    -> 200  (0s)
    User-Agent: supervive-loadout-shim

#1614 18:36:16.568  GET /revival/loadout
    -> 200  (0s)
    User-Agent: supervive-loadout-shim

#1615 18:36:16.735  GET /revival/loadout
    -> 200  (0s)
    User-Agent: supervive-loadout-shim

#1616 18:36:16.909  GET /revival/loadout
    -> 200  (0s)
    User-Agent: supervive-loadout-shim

#1617 18:36:17.085  GET /revival/loadout
    -> 200  (0s)
    User-Agent: supervive-loadout-shim

#1618 18:36:17.259  GET /revival/loadout
    -> 200  (0s)
    User-Agent: supervive-loadout-shim

#1619 18:36:17.426  GET /revival/loadout
    -> 200  (0s)
    User-Agent: supervive-loadout-shim

#1620 18:36:17.600  GET /revival/loadout
    -> 200  (0s)
    User-Agent: supervive-loadout-shim

#1621 18:36:17.768  GET /revival/loadout
    -> 200  (0s)
    User-Agent: supervive-loadout-shim

#1622 18:36:17.934  GET /revival/loadout
    -> 200  (0s)
    User-Agent: supervive-loadout-shim

#1623 18:36:18.101  GET /revival/loadout
    -> 200  (0s)
    User-Agent: supervive-loadout-shim

#1624 18:36:18.275  GET /revival/loadout
    -> 200  (0s)
    User-Agent: supervive-loadout-shim

#1625 18:36:18.443  GET /revival/loadout
    -> 200  (0s)
    User-Agent: supervive-loadout-shim

#1626 18:36:18.618  GET /revival/loadout
    -> 200  (0s)
    User-Agent: supervive-loadout-shim

#1627 18:36:18.791  GET /revival/loadout
    -> 200  (0s)
    User-Agent: supervive-loadout-shim

#1628 18:36:18.959  GET /revival/loadout
    -> 200  (0s)
    User-Agent: supervive-loadout-shim

#1629 18:36:19.133  GET /revival/loadout
    -> 200  (0s)
    User-Agent: supervive-loadout-shim

#1630 18:36:19.309  GET /revival/loadout
    -> 200  (0s)
    User-Agent: supervive-loadout-shim

#1631 18:36:19.476  GET /revival/loadout
    -> 200  (0s)
    User-Agent: supervive-loadout-shim

#1632 18:36:19.650  GET /revival/loadout
    -> 200  (0s)
    User-Agent: supervive-loadout-shim

#1633 18:36:19.817  GET /revival/loadout
    -> 200  (0s)
    User-Agent: supervive-loadout-shim

#1634 18:36:19.992  GET /revival/loadout
    -> 200  (0s)
    User-Agent: supervive-loadout-shim

* 18:36:20.142  WS <- /lobby TEXT ""

#1635 18:36:20.159  GET /revival/loadout
    -> 200  (0s)
    User-Agent: supervive-loadout-shim

#1636 18:36:20.350  GET /revival/loadout
    -> 200  (0s)
    User-Agent: supervive-loadout-shim

#1637 18:36:20.525  GET /revival/loadout
    -> 200  (0s)
    User-Agent: supervive-loadout-shim

#1638 18:36:20.698  GET /revival/loadout
    -> 200  (0s)
    User-Agent: supervive-loadout-shim

#1639 18:36:20.867  GET /revival/loadout
    -> 200  (0s)
    User-Agent: supervive-loadout-shim

#1640 18:36:21.042  GET /revival/loadout
    -> 200  (0s)
    User-Agent: supervive-loadout-shim

#1641 18:36:21.216  GET /revival/loadout
    -> 200  (0s)
    User-Agent: supervive-loadout-shim

#1642 18:36:21.391  GET /revival/loadout
    -> 200  (0s)
    User-Agent: supervive-loadout-shim

#1643 18:36:21.558  GET /revival/loadout
    -> 200  (0s)
    User-Agent: supervive-loadout-shim

#1644 18:36:21.725  GET /revival/loadout
    -> 200  (0s)
    User-Agent: supervive-loadout-shim

#1645 18:36:21.899  GET /revival/loadout
    -> 200  (0s)
    User-Agent: supervive-loadout-shim

#1646 18:36:22.075  GET /revival/loadout
    -> 200  (0s)
    User-Agent: supervive-loadout-shim

#1647 18:36:22.249  GET /revival/loadout
    -> 200  (0s)
    User-Agent: supervive-loadout-shim

#1648 18:36:22.424  GET /revival/loadout
    -> 200  (0s)
    User-Agent: supervive-loadout-shim

#1649 18:36:22.599  GET /revival/loadout
    -> 200  (0s)
    User-Agent: supervive-loadout-shim

#1650 18:36:22.775  GET /revival/loadout
    -> 200  (0s)
    User-Agent: supervive-loadout-shim

#1651 18:36:22.949  GET /revival/loadout
    -> 200  (0s)
    User-Agent: supervive-loadout-shim

#1652 18:36:23.125  GET /revival/loadout
    -> 200  (0s)
    User-Agent: supervive-loadout-shim

#1653 18:36:23.210  GET /mailbox/config/version
    -> 200  (0s)
    Accept: */*
    X-Theorycraft-Clientversion: release2.4.live-156430-shipping
    Authorization: Bearer eyJhbGciOiJSUzI1NiIsImtpZCI6InN1cGVydml2ZS1yZXZpdmFsLWtleS0xIiwidHlwIjoiSldUIn0.eyJiYW5zIjpbXSwiY2xpZW50X2lkIjoiYmE4ZmI1OWEzNGJiNDgxYWJjYTA4YzQ2YmE0ODgwMjUiLCJjb3VudHJ5IjoiVVMiLCJkaXNwbGF5X25hbWUiOiJSZXZpdmVyIiwiZXhwIjoxNzg2NzM4NjUwLCJpYXQiOjE3ODY2NTIyNTAsImlzX2NvbXBseSI6dHJ1ZSwiamZsZ3MiOjAsIm5hbWVzcGFjZSI6InN1cGVydml2ZSIsIm5iZiI6MTc4NjY1MjE5MCwicGVybWlzc2lvbnMiOlt7IkFjdGlvbiI6MTUsIlJlc291cmNlIjoiTkFNRVNQQUNFOnN1cGVydml2ZToqIn0seyJBY3Rpb24iOjE1LCJSZXNvdXJjZSI6IkFETUlOOk5BTUVTUEFDRTpzdXBlcnZpdmU6KiJ9XSwicm9sZXMiOltdLCJzY29wZSI6ImNvbW1lcmNlIGFjY291bnQgc29jaWFsIHB1Ymxpc2hpbmcgYW5hbHl0aWNzIiwic3ViIjoiOWI5ZDJjODg3ZTI1MjRmOTE4ZTM4M2E4OTVmMmYxYzIiLCJ1bmlxdWVEaXNwbGF5TmFtZSI6IlJldml2ZXIjMDAwMSIsInVuaXF1ZV9kaXNwbGF5X25hbWUiOiJSZXZpdmVyIzAwMDEifQ.S8me6zCTJy1oN7cCA9hQMdHB81PfiOQjPGkisaKCUBzabcSTr1c468GSswCZp1ojqPbBbmOAc-HA5N2o4v-PRiSsk8rqPCyvk3Tx1C5P-rcZZtS-X9XnEtl7wRYgTacQNA_R6vbQgylOOxJ8HarI1u7xWxDlYfxiEDjHEEVHbUlHAE_Oz7PhV80Ms7bc3scLORKG3HPGTqjH9of-EooGUB3k-Xpl9M5eB7A7geV_c8XbzZ0NPELo9dLYVByYKVXzHtk2o0tyzXvdmz-r7FqVYwlN_jOrpiFF_4ti0Wf2ZTI07y-WzKQT1tlXe-OSq86OtwCA0elY-weDLV49mb78gg
    User-Agent: Loki/UE5-CL-0 (http-legacy) Windows/10.0.19045.1.256.64bit

#1654 18:36:23.210  GET /party/matchmaking/info
    -> 200  (0s)
    User-Agent: Loki/UE5-CL-0 (http-legacy) Windows/10.0.19045.1.256.64bit
    X-Theorycraft-Clientversion: release2.4.live-156430-shipping
    Accept: */*
    Authorization: Bearer eyJhbGciOiJSUzI1NiIsImtpZCI6InN1cGVydml2ZS1yZXZpdmFsLWtleS0xIiwidHlwIjoiSldUIn0.eyJiYW5zIjpbXSwiY2xpZW50X2lkIjoiYmE4ZmI1OWEzNGJiNDgxYWJjYTA4YzQ2YmE0ODgwMjUiLCJjb3VudHJ5IjoiVVMiLCJkaXNwbGF5X25hbWUiOiJSZXZpdmVyIiwiZXhwIjoxNzg2NzM4NjUwLCJpYXQiOjE3ODY2NTIyNTAsImlzX2NvbXBseSI6dHJ1ZSwiamZsZ3MiOjAsIm5hbWVzcGFjZSI6InN1cGVydml2ZSIsIm5iZiI6MTc4NjY1MjE5MCwicGVybWlzc2lvbnMiOlt7IkFjdGlvbiI6MTUsIlJlc291cmNlIjoiTkFNRVNQQUNFOnN1cGVydml2ZToqIn0seyJBY3Rpb24iOjE1LCJSZXNvdXJjZSI6IkFETUlOOk5BTUVTUEFDRTpzdXBlcnZpdmU6KiJ9XSwicm9sZXMiOltdLCJzY29wZSI6ImNvbW1lcmNlIGFjY291bnQgc29jaWFsIHB1Ymxpc2hpbmcgYW5hbHl0aWNzIiwic3ViIjoiOWI5ZDJjODg3ZTI1MjRmOTE4ZTM4M2E4OTVmMmYxYzIiLCJ1bmlxdWVEaXNwbGF5TmFtZSI6IlJldml2ZXIjMDAwMSIsInVuaXF1ZV9kaXNwbGF5X25hbWUiOiJSZXZpdmVyIzAwMDEifQ.S8me6zCTJy1oN7cCA9hQMdHB81PfiOQjPGkisaKCUBzabcSTr1c468GSswCZp1ojqPbBbmOAc-HA5N2o4v-PRiSsk8rqPCyvk3Tx1C5P-rcZZtS-X9XnEtl7wRYgTacQNA_R6vbQgylOOxJ8HarI1u7xWxDlYfxiEDjHEEVHbUlHAE_Oz7PhV80Ms7bc3scLORKG3HPGTqjH9of-EooGUB3k-Xpl9M5eB7A7geV_c8XbzZ0NPELo9dLYVByYKVXzHtk2o0tyzXvdmz-r7FqVYwlN_jOrpiFF_4ti0Wf2ZTI07y-WzKQT1tlXe-OSq86OtwCA0elY-weDLV49mb78gg

#1655 18:36:23.299  GET /revival/loadout
    -> 200  (0s)
    User-Agent: supervive-loadout-shim

#1656 18:36:23.401  GET /revival/missions/progress
    -> 200  (0s)
    User-Agent: supervive-missions-shim

#1657 18:36:23.474  GET /revival/loadout
    -> 200  (0s)
    User-Agent: supervive-loadout-shim

#1658 18:36:23.640  GET /revival/loadout
    -> 200  (0s)
    User-Agent: supervive-loadout-shim

#1659 18:36:23.751  GET /party/players/9b9d2c887e2524f918e383a895f2f1c2/voice
    -> 200  (0s)
    Accept: */*
    X-Theorycraft-Clientversion: release2.4.live-156430-shipping
    Authorization: Bearer eyJhbGciOiJSUzI1NiIsImtpZCI6InN1cGVydml2ZS1yZXZpdmFsLWtleS0xIiwidHlwIjoiSldUIn0.eyJiYW5zIjpbXSwiY2xpZW50X2lkIjoiYmE4ZmI1OWEzNGJiNDgxYWJjYTA4YzQ2YmE0ODgwMjUiLCJjb3VudHJ5IjoiVVMiLCJkaXNwbGF5X25hbWUiOiJSZXZpdmVyIiwiZXhwIjoxNzg2NzM4NjUwLCJpYXQiOjE3ODY2NTIyNTAsImlzX2NvbXBseSI6dHJ1ZSwiamZsZ3MiOjAsIm5hbWVzcGFjZSI6InN1cGVydml2ZSIsIm5iZiI6MTc4NjY1MjE5MCwicGVybWlzc2lvbnMiOlt7IkFjdGlvbiI6MTUsIlJlc291cmNlIjoiTkFNRVNQQUNFOnN1cGVydml2ZToqIn0seyJBY3Rpb24iOjE1LCJSZXNvdXJjZSI6IkFETUlOOk5BTUVTUEFDRTpzdXBlcnZpdmU6KiJ9XSwicm9sZXMiOltdLCJzY29wZSI6ImNvbW1lcmNlIGFjY291bnQgc29jaWFsIHB1Ymxpc2hpbmcgYW5hbHl0aWNzIiwic3ViIjoiOWI5ZDJjODg3ZTI1MjRmOTE4ZTM4M2E4OTVmMmYxYzIiLCJ1bmlxdWVEaXNwbGF5TmFtZSI6IlJldml2ZXIjMDAwMSIsInVuaXF1ZV9kaXNwbGF5X25hbWUiOiJSZXZpdmVyIzAwMDEifQ.S8me6zCTJy1oN7cCA9hQMdHB81PfiOQjPGkisaKCUBzabcSTr1c468GSswCZp1ojqPbBbmOAc-HA5N2o4v-PRiSsk8rqPCyvk3Tx1C5P-rcZZtS-X9XnEtl7wRYgTacQNA_R6vbQgylOOxJ8HarI1u7xWxDlYfxiEDjHEEVHbUlHAE_Oz7PhV80Ms7bc3scLORKG3HPGTqjH9of-EooGUB3k-Xpl9M5eB7A7geV_c8XbzZ0NPELo9dLYVByYKVXzHtk2o0tyzXvdmz-r7FqVYwlN_jOrpiFF_4ti0Wf2ZTI07y-WzKQT1tlXe-OSq86OtwCA0elY-weDLV49mb78gg
    User-Agent: Loki/UE5-CL-0 (http-legacy) Windows/10.0.19045.1.256.64bit

#1660 18:36:23.815  GET /revival/loadout
    -> 200  (0s)
    User-Agent: supervive-loadout-shim

#1661 18:36:23.989  GET /revival/loadout
    -> 200  (1ms)
    User-Agent: supervive-loadout-shim

#1662 18:36:24.165  GET /revival/loadout
    -> 200  (0s)
    User-Agent: supervive-loadout-shim

#1663 18:36:24.341  GET /revival/loadout
    -> 200  (0s)
    User-Agent: supervive-loadout-shim

#1664 18:36:24.515  GET /revival/loadout
    -> 200  (0s)
    User-Agent: supervive-loadout-shim

#1665 18:36:24.690  GET /revival/loadout
    -> 200  (1ms)
    User-Agent: supervive-loadout-shim

#1666 18:36:24.865  GET /revival/loadout
    -> 200  (0s)
    User-Agent: supervive-loadout-shim

#1667 18:36:25.032  GET /revival/loadout
    -> 200  (0s)
    User-Agent: supervive-loadout-shim

#1668 18:36:25.207  GET /revival/loadout
    -> 200  (0s)
    User-Agent: supervive-loadout-shim

#1669 18:36:25.382  GET /revival/loadout
    -> 200  (0s)
    User-Agent: supervive-loadout-shim

#1670 18:36:25.556  GET /revival/loadout
    -> 200  (0s)
    User-Agent: supervive-loadout-shim

#1671 18:36:25.723  GET /revival/loadout
    -> 200  (0s)
    User-Agent: supervive-loadout-shim

#1672 18:36:25.898  GET /revival/loadout
    -> 200  (0s)
    User-Agent: supervive-loadout-shim

#1673 18:36:26.065  GET /revival/loadout
    -> 200  (0s)
    User-Agent: supervive-loadout-shim

#1674 18:36:26.239  GET /revival/loadout
    -> 200  (0s)
    User-Agent: supervive-loadout-shim

#1675 18:36:26.250  GET /configuration/client?language=en
    -> 200  (0s)
    Accept: */*
    Authorization: Bearer eyJhbGciOiJSUzI1NiIsImtpZCI6InN1cGVydml2ZS1yZXZpdmFsLWtleS0xIiwidHlwIjoiSldUIn0.eyJiYW5zIjpbXSwiY2xpZW50X2lkIjoiYmE4ZmI1OWEzNGJiNDgxYWJjYTA4YzQ2YmE0ODgwMjUiLCJjb3VudHJ5IjoiVVMiLCJkaXNwbGF5X25hbWUiOiJSZXZpdmVyIiwiZXhwIjoxNzg2NzM4NjUwLCJpYXQiOjE3ODY2NTIyNTAsImlzX2NvbXBseSI6dHJ1ZSwiamZsZ3MiOjAsIm5hbWVzcGFjZSI6InN1cGVydml2ZSIsIm5iZiI6MTc4NjY1MjE5MCwicGVybWlzc2lvbnMiOlt7IkFjdGlvbiI6MTUsIlJlc291cmNlIjoiTkFNRVNQQUNFOnN1cGVydml2ZToqIn0seyJBY3Rpb24iOjE1LCJSZXNvdXJjZSI6IkFETUlOOk5BTUVTUEFDRTpzdXBlcnZpdmU6KiJ9XSwicm9sZXMiOltdLCJzY29wZSI6ImNvbW1lcmNlIGFjY291bnQgc29jaWFsIHB1Ymxpc2hpbmcgYW5hbHl0aWNzIiwic3ViIjoiOWI5ZDJjODg3ZTI1MjRmOTE4ZTM4M2E4OTVmMmYxYzIiLCJ1bmlxdWVEaXNwbGF5TmFtZSI6IlJldml2ZXIjMDAwMSIsInVuaXF1ZV9kaXNwbGF5X25hbWUiOiJSZXZpdmVyIzAwMDEifQ.S8me6zCTJy1oN7cCA9hQMdHB81PfiOQjPGkisaKCUBzabcSTr1c468GSswCZp1ojqPbBbmOAc-HA5N2o4v-PRiSsk8rqPCyvk3Tx1C5P-rcZZtS-X9XnEtl7wRYgTacQNA_R6vbQgylOOxJ8HarI1u7xWxDlYfxiEDjHEEVHbUlHAE_Oz7PhV80Ms7bc3scLORKG3HPGTqjH9of-EooGUB3k-Xpl9M5eB7A7geV_c8XbzZ0NPELo9dLYVByYKVXzHtk2o0tyzXvdmz-r7FqVYwlN_jOrpiFF_4ti0Wf2ZTI07y-WzKQT1tlXe-OSq86OtwCA0elY-weDLV49mb78gg
    User-Agent: Loki/UE5-CL-0 (http-legacy) Windows/10.0.19045.1.256.64bit
    X-Theorycraft-Clientversion: release2.4.live-156430-shipping

#1676 18:36:26.338  GET /content-service/manifest/release2.4.live-156430-shipping?nonEnabledOnly=true
    -> 200  (0s)
    Accept: */*
    X-Theorycraft-Clientversion: release2.4.live-156430-shipping
    Authorization: Bearer eyJhbGciOiJSUzI1NiIsImtpZCI6InN1cGVydml2ZS1yZXZpdmFsLWtleS0xIiwidHlwIjoiSldUIn0.eyJiYW5zIjpbXSwiY2xpZW50X2lkIjoiYmE4ZmI1OWEzNGJiNDgxYWJjYTA4YzQ2YmE0ODgwMjUiLCJjb3VudHJ5IjoiVVMiLCJkaXNwbGF5X25hbWUiOiJSZXZpdmVyIiwiZXhwIjoxNzg2NzM4NjUwLCJpYXQiOjE3ODY2NTIyNTAsImlzX2NvbXBseSI6dHJ1ZSwiamZsZ3MiOjAsIm5hbWVzcGFjZSI6InN1cGVydml2ZSIsIm5iZiI6MTc4NjY1MjE5MCwicGVybWlzc2lvbnMiOlt7IkFjdGlvbiI6MTUsIlJlc291cmNlIjoiTkFNRVNQQUNFOnN1cGVydml2ZToqIn0seyJBY3Rpb24iOjE1LCJSZXNvdXJjZSI6IkFETUlOOk5BTUVTUEFDRTpzdXBlcnZpdmU6KiJ9XSwicm9sZXMiOltdLCJzY29wZSI6ImNvbW1lcmNlIGFjY291bnQgc29jaWFsIHB1Ymxpc2hpbmcgYW5hbHl0aWNzIiwic3ViIjoiOWI5ZDJjODg3ZTI1MjRmOTE4ZTM4M2E4OTVmMmYxYzIiLCJ1bmlxdWVEaXNwbGF5TmFtZSI6IlJldml2ZXIjMDAwMSIsInVuaXF1ZV9kaXNwbGF5X25hbWUiOiJSZXZpdmVyIzAwMDEifQ.S8me6zCTJy1oN7cCA9hQMdHB81PfiOQjPGkisaKCUBzabcSTr1c468GSswCZp1ojqPbBbmOAc-HA5N2o4v-PRiSsk8rqPCyvk3Tx1C5P-rcZZtS-X9XnEtl7wRYgTacQNA_R6vbQgylOOxJ8HarI1u7xWxDlYfxiEDjHEEVHbUlHAE_Oz7PhV80Ms7bc3scLORKG3HPGTqjH9of-EooGUB3k-Xpl9M5eB7A7geV_c8XbzZ0NPELo9dLYVByYKVXzHtk2o0tyzXvdmz-r7FqVYwlN_jOrpiFF_4ti0Wf2ZTI07y-WzKQT1tlXe-OSq86OtwCA0elY-weDLV49mb78gg
    User-Agent: Loki/UE5-CL-0 (http-legacy) Windows/10.0.19045.1.256.64bit

#1677 18:36:26.414  GET /revival/loadout
    -> 200  (0s)
    User-Agent: supervive-loadout-shim

#1678 18:36:26.580  GET /revival/loadout
    -> 200  (0s)
    User-Agent: supervive-loadout-shim

#1679 18:36:26.748  GET /revival/loadout
    -> 200  (0s)
    User-Agent: supervive-loadout-shim

#1680 18:36:26.923  GET /revival/loadout
    -> 200  (0s)
    User-Agent: supervive-loadout-shim

#1681 18:36:27.098  GET /revival/loadout
    -> 200  (0s)
    User-Agent: supervive-loadout-shim

#1682 18:36:27.271  GET /revival/loadout
    -> 200  (0s)
    User-Agent: supervive-loadout-shim

#1683 18:36:27.440  GET /revival/loadout
    -> 200  (0s)
    User-Agent: supervive-loadout-shim

#1684 18:36:27.519  POST /game-telemetry/v1/protected/events
    -> 200  (0s)
    Game-Client-Version: 1.0.0.0
    Content-Type: application/json
    Authorization: Bearer eyJhbGciOiJSUzI1NiIsImtpZCI6InN1cGVydml2ZS1yZXZpdmFsLWtleS0xIiwidHlwIjoiSldUIn0.eyJiYW5zIjpbXSwiY2xpZW50X2lkIjoiYmE4ZmI1OWEzNGJiNDgxYWJjYTA4YzQ2YmE0ODgwMjUiLCJjb3VudHJ5IjoiVVMiLCJkaXNwbGF5X25hbWUiOiJSZXZpdmVyIiwiZXhwIjoxNzg2NzM4NjUwLCJpYXQiOjE3ODY2NTIyNTAsImlzX2NvbXBseSI6dHJ1ZSwiamZsZ3MiOjAsIm5hbWVzcGFjZSI6InN1cGVydml2ZSIsIm5iZiI6MTc4NjY1MjE5MCwicGVybWlzc2lvbnMiOlt7IkFjdGlvbiI6MTUsIlJlc291cmNlIjoiTkFNRVNQQUNFOnN1cGVydml2ZToqIn0seyJBY3Rpb24iOjE1LCJSZXNvdXJjZSI6IkFETUlOOk5BTUVTUEFDRTpzdXBlcnZpdmU6KiJ9XSwicm9sZXMiOltdLCJzY29wZSI6ImNvbW1lcmNlIGFjY291bnQgc29jaWFsIHB1Ymxpc2hpbmcgYW5hbHl0aWNzIiwic3ViIjoiOWI5ZDJjODg3ZTI1MjRmOTE4ZTM4M2E4OTVmMmYxYzIiLCJ1bmlxdWVEaXNwbGF5TmFtZSI6IlJldml2ZXIjMDAwMSIsInVuaXF1ZV9kaXNwbGF5X25hbWUiOiJSZXZpdmVyIzAwMDEifQ.S8me6zCTJy1oN7cCA9hQMdHB81PfiOQjPGkisaKCUBzabcSTr1c468GSswCZp1ojqPbBbmOAc-HA5N2o4v-PRiSsk8rqPCyvk3Tx1C5P-rcZZtS-X9XnEtl7wRYgTacQNA_R6vbQgylOOxJ8HarI1u7xWxDlYfxiEDjHEEVHbUlHAE_Oz7PhV80Ms7bc3scLORKG3HPGTqjH9of-EooGUB3k-Xpl9M5eB7A7geV_c8XbzZ0NPELo9dLYVByYKVXzHtk2o0tyzXvdmz-r7FqVYwlN_jOrpiFF_4ti0Wf2ZTI07y-WzKQT1tlXe-OSq86OtwCA0elY-weDLV49mb78gg
    User-Agent: Loki/UE5-CL-0 (http-legacy) Windows/10.0.19045.1.256.64bit
    Accept: application/json
    body: [
	{
		"EventNamespace": "loki",
		"EventName": "client_network_samples_snapshot",
		"Payload":
		{
			"sessionId": "567f77cd4269be09df02edb258c46222",
			"PlayerId": "9b9d2c887e2524f918e383a895f2f1c2",
			"timestamp": "2026-08-13T23:35:38.838Z",
			"inAveragePacketLoss": 0,
			"outAveragePacketLoss": 0,
			"HardwareId": "c1795a173f53c6f72e8b0125f11309c6"
		},
		"ClientTimestamp": "2026-08-13T23:36:26.574Z",
		"flightId": "34fe5245425ef9d90b4cd3a77b270727",
		"DeviceType": "Windows"
	}
]

#1685 18:36:27.614  GET /revival/loadout
    -> 200  (0s)
    User-Agent: supervive-loadout-shim

#1686 18:36:27.780  GET /revival/loadout
    -> 200  (0s)
    User-Agent: supervive-loadout-shim

#1687 18:36:27.956  GET /revival/loadout
    -> 200  (0s)
    User-Agent: supervive-loadout-shim

#1688 18:36:28.131  GET /revival/loadout
    -> 200  (0s)
    User-Agent: supervive-loadout-shim

* 18:36:28.208  WS <- /notifications/players/9b9d2c887e2524f918e383a895f2f1c2 BINARY (2 bytes) 6862

* 18:36:28.228  WS -> /notifications/players/9b9d2c887e2524f918e383a895f2f1c2 TEXT hb reply {"Resource":"hb","Version":0,"Payload":""}

#1689 18:36:28.306  GET /revival/loadout
    -> 200  (0s)
    User-Agent: supervive-loadout-shim

#1690 18:36:28.479  GET /revival/loadout
    -> 200  (0s)
    User-Agent: supervive-loadout-shim

#1691 18:36:28.646  GET /revival/loadout
    -> 200  (0s)
    User-Agent: supervive-loadout-shim

#1692 18:36:28.814  GET /revival/loadout
    -> 200  (0s)
    User-Agent: supervive-loadout-shim

#1693 18:36:28.980  GET /revival/loadout
    -> 200  (0s)
    User-Agent: supervive-loadout-shim

#1694 18:36:29.146  GET /revival/loadout
    -> 200  (0s)
    User-Agent: supervive-loadout-shim

#1695 18:36:29.313  GET /revival/loadout
    -> 200  (0s)
    User-Agent: supervive-loadout-shim

#1696 18:36:29.489  GET /revival/loadout
    -> 200  (0s)
    User-Agent: supervive-loadout-shim

#1697 18:36:29.664  GET /revival/loadout
    -> 200  (0s)
    User-Agent: supervive-loadout-shim

#1698 18:36:29.838  GET /revival/loadout
    -> 200  (0s)
    User-Agent: supervive-loadout-shim

#1699 18:36:30.005  GET /revival/loadout
    -> 200  (0s)
    User-Agent: supervive-loadout-shim

#1700 18:36:30.172  GET /revival/loadout
    -> 200  (0s)
    User-Agent: supervive-loadout-shim

#1701 18:36:30.347  GET /revival/loadout
    -> 200  (0s)
    User-Agent: supervive-loadout-shim

#1702 18:36:30.529  GET /revival/loadout
    -> 200  (0s)
    User-Agent: supervive-loadout-shim

#1703 18:36:30.697  GET /revival/loadout
    -> 200  (0s)
    User-Agent: supervive-loadout-shim

#1704 18:36:30.870  GET /revival/loadout
    -> 200  (1ms)
    User-Agent: supervive-loadout-shim

#1705 18:36:31.038  GET /revival/loadout
    -> 200  (0s)
    User-Agent: supervive-loadout-shim

#1706 18:36:31.212  GET /revival/loadout
    -> 200  (0s)
    User-Agent: supervive-loadout-shim

#1707 18:36:31.379  GET /revival/loadout
    -> 200  (0s)
    User-Agent: supervive-loadout-shim

#1708 18:36:31.546  GET /revival/loadout
    -> 200  (0s)
    User-Agent: supervive-loadout-shim

#1709 18:36:31.713  GET /revival/loadout
    -> 200  (0s)
    User-Agent: supervive-loadout-shim

#1710 18:36:31.888  GET /revival/loadout
    -> 200  (0s)
    User-Agent: supervive-loadout-shim

#1711 18:36:32.062  GET /revival/loadout
    -> 200  (0s)
    User-Agent: supervive-loadout-shim

#1712 18:36:32.228  GET /revival/loadout
    -> 200  (0s)
    User-Agent: supervive-loadout-shim

#1713 18:36:32.396  GET /revival/loadout
    -> 200  (0s)
    User-Agent: supervive-loadout-shim

#1714 18:36:32.570  GET /revival/loadout
    -> 200  (0s)
    User-Agent: supervive-loadout-shim

#1715 18:36:32.745  GET /revival/loadout
    -> 200  (0s)
    User-Agent: supervive-loadout-shim

#1716 18:36:32.911  GET /revival/loadout
    -> 200  (0s)
    User-Agent: supervive-loadout-shim

#1717 18:36:33.087  GET /revival/loadout
    -> 200  (0s)
    User-Agent: supervive-loadout-shim

#1718 18:36:33.254  GET /revival/loadout
    -> 200  (0s)
    User-Agent: supervive-loadout-shim

#1719 18:36:33.428  GET /revival/loadout
    -> 200  (0s)
    User-Agent: supervive-loadout-shim

#1720 18:36:33.596  GET /revival/loadout
    -> 200  (0s)
    User-Agent: supervive-loadout-shim

#1721 18:36:33.770  GET /revival/loadout
    -> 200  (0s)
    User-Agent: supervive-loadout-shim

#1722 18:36:33.945  GET /revival/loadout
    -> 200  (0s)
    User-Agent: supervive-loadout-shim

#1723 18:36:34.112  GET /revival/loadout
    -> 200  (0s)
    User-Agent: supervive-loadout-shim

#1724 18:36:34.287  GET /revival/loadout
    -> 200  (0s)
    User-Agent: supervive-loadout-shim

#1725 18:36:34.461  GET /revival/loadout
    -> 200  (0s)
    User-Agent: supervive-loadout-shim

#1726 18:36:34.637  GET /revival/loadout
    -> 200  (0s)
    User-Agent: supervive-loadout-shim

#1727 18:36:34.810  GET /revival/loadout
    -> 200  (1ms)
    User-Agent: supervive-loadout-shim

#1728 18:36:34.987  GET /revival/loadout
    -> 200  (0s)
    User-Agent: supervive-loadout-shim

#1729 18:36:35.161  GET /revival/loadout
    -> 200  (0s)
    User-Agent: supervive-loadout-shim

#1730 18:36:35.336  GET /revival/loadout
    -> 200  (0s)
    User-Agent: supervive-loadout-shim

#1731 18:36:35.528  GET /revival/loadout
    -> 200  (0s)
    User-Agent: supervive-loadout-shim

#1732 18:36:35.703  GET /revival/loadout
    -> 200  (0s)
    User-Agent: supervive-loadout-shim

#1733 18:36:35.878  GET /revival/loadout
    -> 200  (0s)
    User-Agent: supervive-loadout-shim

#1734 18:36:36.077  GET /revival/loadout
    -> 200  (0s)
    User-Agent: supervive-loadout-shim

#1735 18:36:36.278  GET /revival/loadout
    -> 200  (0s)
    User-Agent: supervive-loadout-shim

#1736 18:36:36.461  GET /revival/loadout
    -> 200  (0s)
    User-Agent: supervive-loadout-shim

#1737 18:36:36.635  GET /revival/loadout
    -> 200  (0s)
    User-Agent: supervive-loadout-shim

#1738 18:36:36.819  GET /revival/loadout
    -> 200  (0s)
    User-Agent: supervive-loadout-shim

#1739 18:36:36.985  GET /revival/loadout
    -> 200  (0s)
    User-Agent: supervive-loadout-shim

#1740 18:36:37.153  GET /revival/loadout
    -> 200  (0s)
    User-Agent: supervive-loadout-shim

#1741 18:36:37.327  GET /revival/loadout
    -> 200  (0s)
    User-Agent: supervive-loadout-shim

#1742 18:36:37.502  GET /revival/loadout
    -> 200  (0s)
    User-Agent: supervive-loadout-shim

#1743 18:36:37.678  GET /revival/loadout
    -> 200  (0s)
    User-Agent: supervive-loadout-shim

#1744 18:36:37.852  GET /revival/loadout
    -> 200  (0s)
    User-Agent: supervive-loadout-shim

#1745 18:36:38.019  GET /revival/loadout
    -> 200  (0s)
    User-Agent: supervive-loadout-shim

#1746 18:36:38.194  GET /revival/loadout
    -> 200  (0s)
    User-Agent: supervive-loadout-shim

#1747 18:36:38.369  GET /revival/loadout
    -> 200  (0s)
    User-Agent: supervive-loadout-shim

#1748 18:36:38.544  GET /revival/loadout
    -> 200  (0s)
    User-Agent: supervive-loadout-shim

#1749 18:36:38.718  GET /revival/loadout
    -> 200  (0s)
    User-Agent: supervive-loadout-shim

#1750 18:36:38.893  GET /revival/loadout
    -> 200  (0s)
    User-Agent: supervive-loadout-shim

#1751 18:36:39.069  GET /revival/loadout
    -> 200  (0s)
    User-Agent: supervive-loadout-shim

#1752 18:36:39.242  GET /revival/loadout
    -> 200  (1ms)
    User-Agent: supervive-loadout-shim

#1753 18:36:39.418  GET /revival/loadout
    -> 200  (0s)
    User-Agent: supervive-loadout-shim

#1754 18:36:39.593  GET /revival/loadout
    -> 200  (0s)
    User-Agent: supervive-loadout-shim

#1755 18:36:39.768  GET /revival/loadout
    -> 200  (0s)
    User-Agent: supervive-loadout-shim

#1756 18:36:39.976  GET /revival/loadout
    -> 200  (0s)
    User-Agent: supervive-loadout-shim

#1757 18:36:40.150  GET /revival/loadout
    -> 200  (1ms)
    User-Agent: supervive-loadout-shim

#1758 18:36:40.317  GET /revival/loadout
    -> 200  (0s)
    User-Agent: supervive-loadout-shim

#1759 18:36:40.484  GET /revival/loadout
    -> 200  (0s)
    User-Agent: supervive-loadout-shim

#1760 18:36:40.651  GET /revival/loadout
    -> 200  (0s)
    User-Agent: supervive-loadout-shim

#1761 18:36:40.826  GET /revival/loadout
    -> 200  (0s)
    User-Agent: supervive-loadout-shim

#1762 18:36:41.002  GET /revival/loadout
    -> 200  (0s)
    User-Agent: supervive-loadout-shim

#1763 18:36:41.176  GET /revival/loadout
    -> 200  (0s)
    User-Agent: supervive-loadout-shim

#1764 18:36:41.351  GET /revival/loadout
    -> 200  (0s)
    User-Agent: supervive-loadout-shim

#1765 18:36:41.526  GET /revival/loadout
    -> 200  (0s)
    User-Agent: supervive-loadout-shim

#1766 18:36:41.701  GET /revival/loadout
    -> 200  (0s)
    User-Agent: supervive-loadout-shim

#1767 18:36:41.876  GET /revival/loadout
    -> 200  (0s)
    User-Agent: supervive-loadout-shim

#1768 18:36:42.051  GET /revival/loadout
    -> 200  (0s)
    User-Agent: supervive-loadout-shim

#1769 18:36:42.226  GET /revival/loadout
    -> 200  (0s)
    User-Agent: supervive-loadout-shim

#1770 18:36:42.400  GET /revival/loadout
    -> 200  (0s)
    User-Agent: supervive-loadout-shim

#1771 18:36:42.576  GET /revival/loadout
    -> 200  (0s)
    User-Agent: supervive-loadout-shim

#1772 18:36:42.759  GET /revival/loadout
    -> 200  (0s)
    User-Agent: supervive-loadout-shim

#1773 18:36:42.933  GET /revival/loadout
    -> 200  (0s)
    User-Agent: supervive-loadout-shim

#1774 18:36:43.110  GET /revival/loadout
    -> 200  (0s)
    User-Agent: supervive-loadout-shim

#1775 18:36:43.284  GET /revival/loadout
    -> 200  (0s)
    User-Agent: supervive-loadout-shim

#1776 18:36:43.458  GET /revival/loadout
    -> 200  (0s)
    User-Agent: supervive-loadout-shim

#1777 18:36:43.633  GET /revival/loadout
    -> 200  (0s)
    User-Agent: supervive-loadout-shim

#1778 18:36:43.814  GET /revival/loadout
    -> 200  (0s)
    User-Agent: supervive-loadout-shim

#1779 18:36:43.985  GET /revival/loadout
    -> 200  (0s)
    User-Agent: supervive-loadout-shim

#1780 18:36:44.158  GET /revival/loadout
    -> 200  (0s)
    User-Agent: supervive-loadout-shim

#1781 18:36:44.333  GET /revival/loadout
    -> 200  (1ms)
    User-Agent: supervive-loadout-shim

#1782 18:36:44.509  GET /revival/loadout
    -> 200  (0s)
    User-Agent: supervive-loadout-shim

#1783 18:36:44.684  GET /revival/loadout
    -> 200  (0s)
    User-Agent: supervive-loadout-shim

#1784 18:36:44.859  GET /revival/loadout
    -> 200  (0s)
    User-Agent: supervive-loadout-shim

#1785 18:36:45.033  GET /revival/loadout
    -> 200  (0s)
    User-Agent: supervive-loadout-shim

#1786 18:36:45.208  GET /revival/loadout
    -> 200  (0s)
    User-Agent: supervive-loadout-shim

#1787 18:36:45.382  GET /revival/loadout
    -> 200  (0s)
    User-Agent: supervive-loadout-shim

#1788 18:36:45.558  GET /revival/loadout
    -> 200  (0s)
    User-Agent: supervive-loadout-shim

#1789 18:36:45.732  GET /revival/loadout
    -> 200  (0s)
    User-Agent: supervive-loadout-shim

#1790 18:36:45.908  GET /revival/loadout
    -> 200  (0s)
    User-Agent: supervive-loadout-shim

#1791 18:36:46.083  GET /revival/loadout
    -> 200  (0s)
    User-Agent: supervive-loadout-shim

#1792 18:36:46.258  GET /revival/loadout
    -> 200  (0s)
    User-Agent: supervive-loadout-shim

#1793 18:36:46.432  GET /revival/loadout
    -> 200  (0s)
    User-Agent: supervive-loadout-shim

#1794 18:36:46.607  GET /revival/loadout
    -> 200  (0s)
    User-Agent: supervive-loadout-shim

#1795 18:36:46.783  GET /revival/loadout
    -> 200  (0s)
    User-Agent: supervive-loadout-shim

#1796 18:36:46.958  GET /revival/loadout
    -> 200  (0s)
    User-Agent: supervive-loadout-shim

#1797 18:36:47.133  GET /revival/loadout
    -> 200  (0s)
    User-Agent: supervive-loadout-shim

#1798 18:36:47.307  GET /revival/loadout
    -> 200  (0s)
    User-Agent: supervive-loadout-shim

#1799 18:36:47.482  GET /revival/loadout
    -> 200  (0s)
    User-Agent: supervive-loadout-shim

#1800 18:36:47.666  GET /revival/loadout
    -> 200  (0s)
    User-Agent: supervive-loadout-shim

#1801 18:36:47.840  GET /revival/loadout
    -> 200  (0s)
    User-Agent: supervive-loadout-shim

#1802 18:36:48.015  GET /revival/loadout
    -> 200  (0s)
    User-Agent: supervive-loadout-shim

#1803 18:36:48.190  GET /revival/loadout
    -> 200  (0s)
    User-Agent: supervive-loadout-shim

#1804 18:36:48.365  GET /revival/loadout
    -> 200  (0s)
    User-Agent: supervive-loadout-shim

#1805 18:36:48.540  GET /revival/loadout
    -> 200  (0s)
    User-Agent: supervive-loadout-shim

#1806 18:36:48.715  GET /revival/loadout
    -> 200  (0s)
    User-Agent: supervive-loadout-shim

#1807 18:36:48.889  GET /revival/loadout
    -> 200  (0s)
    User-Agent: supervive-loadout-shim

#1808 18:36:49.065  GET /revival/loadout
    -> 200  (0s)
    User-Agent: supervive-loadout-shim

#1809 18:36:49.239  GET /revival/loadout
    -> 200  (0s)
    User-Agent: supervive-loadout-shim

#1810 18:36:49.415  GET /revival/loadout
    -> 200  (0s)
    User-Agent: supervive-loadout-shim

#1811 18:36:49.590  GET /revival/loadout
    -> 200  (0s)
    User-Agent: supervive-loadout-shim

#1812 18:36:49.765  GET /revival/loadout
    -> 200  (0s)
    User-Agent: supervive-loadout-shim

#1813 18:36:49.939  GET /revival/loadout
    -> 200  (0s)
    User-Agent: supervive-loadout-shim

#1814 18:36:50.115  GET /revival/loadout
    -> 200  (0s)
    User-Agent: supervive-loadout-shim

* 18:36:50.212  WS <- /lobby TEXT ""

#1815 18:36:50.290  GET /revival/loadout
    -> 200  (0s)
    User-Agent: supervive-loadout-shim

#1816 18:36:50.465  GET /revival/loadout
    -> 200  (0s)
    User-Agent: supervive-loadout-shim

#1817 18:36:50.639  GET /revival/loadout
    -> 200  (0s)
    User-Agent: supervive-loadout-shim

#1818 18:36:50.815  GET /revival/loadout
    -> 200  (0s)
    User-Agent: supervive-loadout-shim

#1819 18:36:50.989  GET /revival/loadout
    -> 200  (0s)
    User-Agent: supervive-loadout-shim

#1820 18:36:51.164  GET /revival/loadout
    -> 200  (0s)
    User-Agent: supervive-loadout-shim

#1821 18:36:51.347  GET /revival/loadout
    -> 200  (0s)
    User-Agent: supervive-loadout-shim

#1822 18:36:51.521  GET /revival/loadout
    -> 200  (0s)
    User-Agent: supervive-loadout-shim

#1823 18:36:51.696  GET /revival/loadout
    -> 200  (0s)
    User-Agent: supervive-loadout-shim

#1824 18:36:51.885  GET /revival/loadout
    -> 200  (0s)
    User-Agent: supervive-loadout-shim

#1825 18:36:52.064  GET /revival/loadout
    -> 200  (0s)
    User-Agent: supervive-loadout-shim

#1826 18:36:52.238  GET /revival/loadout
    -> 200  (0s)
    User-Agent: supervive-loadout-shim

#1827 18:36:52.413  GET /revival/loadout
    -> 200  (0s)
    User-Agent: supervive-loadout-shim

#1828 18:36:52.588  GET /revival/loadout
    -> 200  (0s)
    User-Agent: supervive-loadout-shim

#1829 18:36:52.763  GET /revival/loadout
    -> 200  (0s)
    User-Agent: supervive-loadout-shim

#1830 18:36:52.938  GET /revival/loadout
    -> 200  (0s)
    User-Agent: supervive-loadout-shim

#1831 18:36:53.113  GET /revival/loadout
    -> 200  (0s)
    User-Agent: supervive-loadout-shim

#1832 18:36:53.196  GET /party/matchmaking/info
    -> 200  (0s)
    X-Theorycraft-Clientversion: release2.4.live-156430-shipping
    Authorization: Bearer eyJhbGciOiJSUzI1NiIsImtpZCI6InN1cGVydml2ZS1yZXZpdmFsLWtleS0xIiwidHlwIjoiSldUIn0.eyJiYW5zIjpbXSwiY2xpZW50X2lkIjoiYmE4ZmI1OWEzNGJiNDgxYWJjYTA4YzQ2YmE0ODgwMjUiLCJjb3VudHJ5IjoiVVMiLCJkaXNwbGF5X25hbWUiOiJSZXZpdmVyIiwiZXhwIjoxNzg2NzM4NjUwLCJpYXQiOjE3ODY2NTIyNTAsImlzX2NvbXBseSI6dHJ1ZSwiamZsZ3MiOjAsIm5hbWVzcGFjZSI6InN1cGVydml2ZSIsIm5iZiI6MTc4NjY1MjE5MCwicGVybWlzc2lvbnMiOlt7IkFjdGlvbiI6MTUsIlJlc291cmNlIjoiTkFNRVNQQUNFOnN1cGVydml2ZToqIn0seyJBY3Rpb24iOjE1LCJSZXNvdXJjZSI6IkFETUlOOk5BTUVTUEFDRTpzdXBlcnZpdmU6KiJ9XSwicm9sZXMiOltdLCJzY29wZSI6ImNvbW1lcmNlIGFjY291bnQgc29jaWFsIHB1Ymxpc2hpbmcgYW5hbHl0aWNzIiwic3ViIjoiOWI5ZDJjODg3ZTI1MjRmOTE4ZTM4M2E4OTVmMmYxYzIiLCJ1bmlxdWVEaXNwbGF5TmFtZSI6IlJldml2ZXIjMDAwMSIsInVuaXF1ZV9kaXNwbGF5X25hbWUiOiJSZXZpdmVyIzAwMDEifQ.S8me6zCTJy1oN7cCA9hQMdHB81PfiOQjPGkisaKCUBzabcSTr1c468GSswCZp1ojqPbBbmOAc-HA5N2o4v-PRiSsk8rqPCyvk3Tx1C5P-rcZZtS-X9XnEtl7wRYgTacQNA_R6vbQgylOOxJ8HarI1u7xWxDlYfxiEDjHEEVHbUlHAE_Oz7PhV80Ms7bc3scLORKG3HPGTqjH9of-EooGUB3k-Xpl9M5eB7A7geV_c8XbzZ0NPELo9dLYVByYKVXzHtk2o0tyzXvdmz-r7FqVYwlN_jOrpiFF_4ti0Wf2ZTI07y-WzKQT1tlXe-OSq86OtwCA0elY-weDLV49mb78gg
    User-Agent: Loki/UE5-CL-0 (http-legacy) Windows/10.0.19045.1.256.64bit
    Accept: */*

#1833 18:36:53.196  GET /core-game/regions
    -> 200  (0s)
    Authorization: Bearer eyJhbGciOiJSUzI1NiIsImtpZCI6InN1cGVydml2ZS1yZXZpdmFsLWtleS0xIiwidHlwIjoiSldUIn0.eyJiYW5zIjpbXSwiY2xpZW50X2lkIjoiYmE4ZmI1OWEzNGJiNDgxYWJjYTA4YzQ2YmE0ODgwMjUiLCJjb3VudHJ5IjoiVVMiLCJkaXNwbGF5X25hbWUiOiJSZXZpdmVyIiwiZXhwIjoxNzg2NzM4NjUwLCJpYXQiOjE3ODY2NTIyNTAsImlzX2NvbXBseSI6dHJ1ZSwiamZsZ3MiOjAsIm5hbWVzcGFjZSI6InN1cGVydml2ZSIsIm5iZiI6MTc4NjY1MjE5MCwicGVybWlzc2lvbnMiOlt7IkFjdGlvbiI6MTUsIlJlc291cmNlIjoiTkFNRVNQQUNFOnN1cGVydml2ZToqIn0seyJBY3Rpb24iOjE1LCJSZXNvdXJjZSI6IkFETUlOOk5BTUVTUEFDRTpzdXBlcnZpdmU6KiJ9XSwicm9sZXMiOltdLCJzY29wZSI6ImNvbW1lcmNlIGFjY291bnQgc29jaWFsIHB1Ymxpc2hpbmcgYW5hbHl0aWNzIiwic3ViIjoiOWI5ZDJjODg3ZTI1MjRmOTE4ZTM4M2E4OTVmMmYxYzIiLCJ1bmlxdWVEaXNwbGF5TmFtZSI6IlJldml2ZXIjMDAwMSIsInVuaXF1ZV9kaXNwbGF5X25hbWUiOiJSZXZpdmVyIzAwMDEifQ.S8me6zCTJy1oN7cCA9hQMdHB81PfiOQjPGkisaKCUBzabcSTr1c468GSswCZp1ojqPbBbmOAc-HA5N2o4v-PRiSsk8rqPCyvk3Tx1C5P-rcZZtS-X9XnEtl7wRYgTacQNA_R6vbQgylOOxJ8HarI1u7xWxDlYfxiEDjHEEVHbUlHAE_Oz7PhV80Ms7bc3scLORKG3HPGTqjH9of-EooGUB3k-Xpl9M5eB7A7geV_c8XbzZ0NPELo9dLYVByYKVXzHtk2o0tyzXvdmz-r7FqVYwlN_jOrpiFF_4ti0Wf2ZTI07y-WzKQT1tlXe-OSq86OtwCA0elY-weDLV49mb78gg
    User-Agent: Loki/UE5-CL-0 (http-legacy) Windows/10.0.19045.1.256.64bit
    Accept: */*
    X-Theorycraft-Clientversion: release2.4.live-156430-shipping

#1834 18:36:53.288  GET /revival/loadout
    -> 200  (0s)
    User-Agent: supervive-loadout-shim

#1835 18:36:53.424  GET /revival/missions/progress
    -> 200  (0s)
    User-Agent: supervive-missions-shim

#1836 18:36:53.463  GET /revival/loadout
    -> 200  (0s)
    User-Agent: supervive-loadout-shim

#1837 18:36:53.638  GET /revival/loadout
    -> 200  (0s)
    User-Agent: supervive-loadout-shim

#1838 18:36:53.813  GET /revival/loadout
    -> 200  (0s)
    User-Agent: supervive-loadout-shim

#1839 18:36:53.988  GET /revival/loadout
    -> 200  (0s)
    User-Agent: supervive-loadout-shim

#1840 18:36:54.163  GET /revival/loadout
    -> 200  (0s)
    User-Agent: supervive-loadout-shim

#1841 18:36:54.338  GET /revival/loadout
    -> 200  (0s)
    User-Agent: supervive-loadout-shim

#1842 18:36:54.513  GET /revival/loadout
    -> 200  (0s)
    User-Agent: supervive-loadout-shim

#1843 18:36:54.688  GET /revival/loadout
    -> 200  (0s)
    User-Agent: supervive-loadout-shim

#1844 18:36:54.785  GET /party/players/9b9d2c887e2524f918e383a895f2f1c2/voice
    -> 200  (0s)
    Authorization: Bearer eyJhbGciOiJSUzI1NiIsImtpZCI6InN1cGVydml2ZS1yZXZpdmFsLWtleS0xIiwidHlwIjoiSldUIn0.eyJiYW5zIjpbXSwiY2xpZW50X2lkIjoiYmE4ZmI1OWEzNGJiNDgxYWJjYTA4YzQ2YmE0ODgwMjUiLCJjb3VudHJ5IjoiVVMiLCJkaXNwbGF5X25hbWUiOiJSZXZpdmVyIiwiZXhwIjoxNzg2NzM4NjUwLCJpYXQiOjE3ODY2NTIyNTAsImlzX2NvbXBseSI6dHJ1ZSwiamZsZ3MiOjAsIm5hbWVzcGFjZSI6InN1cGVydml2ZSIsIm5iZiI6MTc4NjY1MjE5MCwicGVybWlzc2lvbnMiOlt7IkFjdGlvbiI6MTUsIlJlc291cmNlIjoiTkFNRVNQQUNFOnN1cGVydml2ZToqIn0seyJBY3Rpb24iOjE1LCJSZXNvdXJjZSI6IkFETUlOOk5BTUVTUEFDRTpzdXBlcnZpdmU6KiJ9XSwicm9sZXMiOltdLCJzY29wZSI6ImNvbW1lcmNlIGFjY291bnQgc29jaWFsIHB1Ymxpc2hpbmcgYW5hbHl0aWNzIiwic3ViIjoiOWI5ZDJjODg3ZTI1MjRmOTE4ZTM4M2E4OTVmMmYxYzIiLCJ1bmlxdWVEaXNwbGF5TmFtZSI6IlJldml2ZXIjMDAwMSIsInVuaXF1ZV9kaXNwbGF5X25hbWUiOiJSZXZpdmVyIzAwMDEifQ.S8me6zCTJy1oN7cCA9hQMdHB81PfiOQjPGkisaKCUBzabcSTr1c468GSswCZp1ojqPbBbmOAc-HA5N2o4v-PRiSsk8rqPCyvk3Tx1C5P-rcZZtS-X9XnEtl7wRYgTacQNA_R6vbQgylOOxJ8HarI1u7xWxDlYfxiEDjHEEVHbUlHAE_Oz7PhV80Ms7bc3scLORKG3HPGTqjH9of-EooGUB3k-Xpl9M5eB7A7geV_c8XbzZ0NPELo9dLYVByYKVXzHtk2o0tyzXvdmz-r7FqVYwlN_jOrpiFF_4ti0Wf2ZTI07y-WzKQT1tlXe-OSq86OtwCA0elY-weDLV49mb78gg
    User-Agent: Loki/UE5-CL-0 (http-legacy) Windows/10.0.19045.1.256.64bit
    Accept: */*
    X-Theorycraft-Clientversion: release2.4.live-156430-shipping

#1845 18:36:54.863  GET /revival/loadout
    -> 200  (0s)
    User-Agent: supervive-loadout-shim

#1846 18:36:55.039  GET /revival/loadout
    -> 200  (0s)
    User-Agent: supervive-loadout-shim

#1847 18:36:55.220  GET /revival/loadout
    -> 200  (0s)
    User-Agent: supervive-loadout-shim

#1848 18:36:55.396  GET /revival/loadout
    -> 200  (0s)
    User-Agent: supervive-loadout-shim

#1849 18:36:55.579  GET /revival/loadout
    -> 200  (0s)
    User-Agent: supervive-loadout-shim

#1850 18:36:55.754  GET /revival/loadout
    -> 200  (0s)
    User-Agent: supervive-loadout-shim

#1851 18:36:55.936  GET /revival/loadout
    -> 200  (0s)
    User-Agent: supervive-loadout-shim

#1852 18:36:56.112  GET /revival/loadout
    -> 200  (0s)
    User-Agent: supervive-loadout-shim

#1853 18:36:56.202  GET /configuration/client?language=en
    -> 200  (0s)
    Authorization: Bearer eyJhbGciOiJSUzI1NiIsImtpZCI6InN1cGVydml2ZS1yZXZpdmFsLWtleS0xIiwidHlwIjoiSldUIn0.eyJiYW5zIjpbXSwiY2xpZW50X2lkIjoiYmE4ZmI1OWEzNGJiNDgxYWJjYTA4YzQ2YmE0ODgwMjUiLCJjb3VudHJ5IjoiVVMiLCJkaXNwbGF5X25hbWUiOiJSZXZpdmVyIiwiZXhwIjoxNzg2NzM4NjUwLCJpYXQiOjE3ODY2NTIyNTAsImlzX2NvbXBseSI6dHJ1ZSwiamZsZ3MiOjAsIm5hbWVzcGFjZSI6InN1cGVydml2ZSIsIm5iZiI6MTc4NjY1MjE5MCwicGVybWlzc2lvbnMiOlt7IkFjdGlvbiI6MTUsIlJlc291cmNlIjoiTkFNRVNQQUNFOnN1cGVydml2ZToqIn0seyJBY3Rpb24iOjE1LCJSZXNvdXJjZSI6IkFETUlOOk5BTUVTUEFDRTpzdXBlcnZpdmU6KiJ9XSwicm9sZXMiOltdLCJzY29wZSI6ImNvbW1lcmNlIGFjY291bnQgc29jaWFsIHB1Ymxpc2hpbmcgYW5hbHl0aWNzIiwic3ViIjoiOWI5ZDJjODg3ZTI1MjRmOTE4ZTM4M2E4OTVmMmYxYzIiLCJ1bmlxdWVEaXNwbGF5TmFtZSI6IlJldml2ZXIjMDAwMSIsInVuaXF1ZV9kaXNwbGF5X25hbWUiOiJSZXZpdmVyIzAwMDEifQ.S8me6zCTJy1oN7cCA9hQMdHB81PfiOQjPGkisaKCUBzabcSTr1c468GSswCZp1ojqPbBbmOAc-HA5N2o4v-PRiSsk8rqPCyvk3Tx1C5P-rcZZtS-X9XnEtl7wRYgTacQNA_R6vbQgylOOxJ8HarI1u7xWxDlYfxiEDjHEEVHbUlHAE_Oz7PhV80Ms7bc3scLORKG3HPGTqjH9of-EooGUB3k-Xpl9M5eB7A7geV_c8XbzZ0NPELo9dLYVByYKVXzHtk2o0tyzXvdmz-r7FqVYwlN_jOrpiFF_4ti0Wf2ZTI07y-WzKQT1tlXe-OSq86OtwCA0elY-weDLV49mb78gg
    User-Agent: Loki/UE5-CL-0 (http-legacy) Windows/10.0.19045.1.256.64bit
    X-Theorycraft-Clientversion: release2.4.live-156430-shipping
    Accept: */*

#1854 18:36:56.287  GET /revival/loadout
    -> 200  (0s)
    User-Agent: supervive-loadout-shim

#1855 18:36:56.301  GET /content-service/manifest/release2.4.live-156430-shipping?nonEnabledOnly=true
    -> 200  (0s)
    Accept: */*
    X-Theorycraft-Clientversion: release2.4.live-156430-shipping
    Authorization: Bearer eyJhbGciOiJSUzI1NiIsImtpZCI6InN1cGVydml2ZS1yZXZpdmFsLWtleS0xIiwidHlwIjoiSldUIn0.eyJiYW5zIjpbXSwiY2xpZW50X2lkIjoiYmE4ZmI1OWEzNGJiNDgxYWJjYTA4YzQ2YmE0ODgwMjUiLCJjb3VudHJ5IjoiVVMiLCJkaXNwbGF5X25hbWUiOiJSZXZpdmVyIiwiZXhwIjoxNzg2NzM4NjUwLCJpYXQiOjE3ODY2NTIyNTAsImlzX2NvbXBseSI6dHJ1ZSwiamZsZ3MiOjAsIm5hbWVzcGFjZSI6InN1cGVydml2ZSIsIm5iZiI6MTc4NjY1MjE5MCwicGVybWlzc2lvbnMiOlt7IkFjdGlvbiI6MTUsIlJlc291cmNlIjoiTkFNRVNQQUNFOnN1cGVydml2ZToqIn0seyJBY3Rpb24iOjE1LCJSZXNvdXJjZSI6IkFETUlOOk5BTUVTUEFDRTpzdXBlcnZpdmU6KiJ9XSwicm9sZXMiOltdLCJzY29wZSI6ImNvbW1lcmNlIGFjY291bnQgc29jaWFsIHB1Ymxpc2hpbmcgYW5hbHl0aWNzIiwic3ViIjoiOWI5ZDJjODg3ZTI1MjRmOTE4ZTM4M2E4OTVmMmYxYzIiLCJ1bmlxdWVEaXNwbGF5TmFtZSI6IlJldml2ZXIjMDAwMSIsInVuaXF1ZV9kaXNwbGF5X25hbWUiOiJSZXZpdmVyIzAwMDEifQ.S8me6zCTJy1oN7cCA9hQMdHB81PfiOQjPGkisaKCUBzabcSTr1c468GSswCZp1ojqPbBbmOAc-HA5N2o4v-PRiSsk8rqPCyvk3Tx1C5P-rcZZtS-X9XnEtl7wRYgTacQNA_R6vbQgylOOxJ8HarI1u7xWxDlYfxiEDjHEEVHbUlHAE_Oz7PhV80Ms7bc3scLORKG3HPGTqjH9of-EooGUB3k-Xpl9M5eB7A7geV_c8XbzZ0NPELo9dLYVByYKVXzHtk2o0tyzXvdmz-r7FqVYwlN_jOrpiFF_4ti0Wf2ZTI07y-WzKQT1tlXe-OSq86OtwCA0elY-weDLV49mb78gg
    User-Agent: Loki/UE5-CL-0 (http-legacy) Windows/10.0.19045.1.256.64bit

#1856 18:36:56.462  GET /revival/loadout
    -> 200  (0s)
    User-Agent: supervive-loadout-shim

#1857 18:36:56.636  GET /revival/loadout
    -> 200  (0s)
    User-Agent: supervive-loadout-shim

#1858 18:36:56.812  GET /revival/loadout
    -> 200  (0s)
    User-Agent: supervive-loadout-shim

#1859 18:36:56.987  GET /revival/loadout
    -> 200  (0s)
    User-Agent: supervive-loadout-shim

#1860 18:36:57.161  GET /revival/loadout
    -> 200  (1ms)
    User-Agent: supervive-loadout-shim

#1861 18:36:57.336  GET /revival/loadout
    -> 200  (0s)
    User-Agent: supervive-loadout-shim

#1862 18:36:57.512  GET /revival/loadout
    -> 200  (0s)
    User-Agent: supervive-loadout-shim

#1863 18:36:57.686  GET /revival/loadout
    -> 200  (0s)
    User-Agent: supervive-loadout-shim

#1864 18:36:57.860  GET /revival/loadout
    -> 200  (0s)
    User-Agent: supervive-loadout-shim

#1865 18:36:58.036  GET /revival/loadout
    -> 200  (0s)
    User-Agent: supervive-loadout-shim

#1866 18:36:58.210  GET /revival/loadout
    -> 200  (0s)
    User-Agent: supervive-loadout-shim

* 18:36:58.288  WS -> /notifications/players/9b9d2c887e2524f918e383a895f2f1c2 BINARY hb (proactive 30s keepalive)

#1867 18:36:58.386  GET /revival/loadout
    -> 200  (0s)
    User-Agent: supervive-loadout-shim

#1868 18:36:58.560  GET /revival/loadout
    -> 200  (0s)
    User-Agent: supervive-loadout-shim

#1869 18:36:58.736  GET /revival/loadout
    -> 200  (0s)
    User-Agent: supervive-loadout-shim

#1870 18:36:58.910  GET /revival/loadout
    -> 200  (1ms)
    User-Agent: supervive-loadout-shim

#1871 18:36:59.085  GET /revival/loadout
    -> 200  (0s)
    User-Agent: supervive-loadout-shim

#1872 18:36:59.261  GET /revival/loadout
    -> 200  (0s)
    User-Agent: supervive-loadout-shim

#1873 18:36:59.435  GET /revival/loadout
    -> 200  (0s)
    User-Agent: supervive-loadout-shim

#1874 18:36:59.610  GET /revival/loadout
    -> 200  (0s)
    User-Agent: supervive-loadout-shim

#1875 18:36:59.786  GET /revival/loadout
    -> 200  (0s)
    User-Agent: supervive-loadout-shim

#1876 18:36:59.960  GET /revival/loadout
    -> 200  (0s)
    User-Agent: supervive-loadout-shim

#1877 18:37:00.135  GET /revival/loadout
    -> 200  (0s)
    User-Agent: supervive-loadout-shim

#1878 18:37:00.310  GET /revival/loadout
    -> 200  (0s)
    User-Agent: supervive-loadout-shim

#1879 18:37:00.486  GET /revival/loadout
    -> 200  (0s)
    User-Agent: supervive-loadout-shim

#1880 18:37:00.659  GET /revival/loadout
    -> 200  (0s)
    User-Agent: supervive-loadout-shim

#1881 18:37:00.835  GET /revival/loadout
    -> 200  (0s)
    User-Agent: supervive-loadout-shim

#1882 18:37:01.010  GET /revival/loadout
    -> 200  (0s)
    User-Agent: supervive-loadout-shim

#1883 18:37:01.185  GET /revival/loadout
    -> 200  (0s)
    User-Agent: supervive-loadout-shim

#1884 18:37:01.359  GET /revival/loadout
    -> 200  (0s)
    User-Agent: supervive-loadout-shim

#1885 18:37:01.535  GET /revival/loadout
    -> 200  (0s)
    User-Agent: supervive-loadout-shim

#1886 18:37:01.702  GET /revival/loadout
    -> 200  (0s)
    User-Agent: supervive-loadout-shim

#1887 18:37:01.885  GET /revival/loadout
    -> 200  (0s)
    User-Agent: supervive-loadout-shim

#1888 18:37:02.060  GET /revival/loadout
    -> 200  (0s)
    User-Agent: supervive-loadout-shim

#1889 18:37:02.242  GET /revival/loadout
    -> 200  (1ms)
    User-Agent: supervive-loadout-shim

#1890 18:37:02.418  GET /revival/loadout
    -> 200  (0s)
    User-Agent: supervive-loadout-shim

#1891 18:37:02.591  GET /revival/loadout
    -> 200  (0s)
    User-Agent: supervive-loadout-shim

#1892 18:37:02.759  GET /revival/loadout
    -> 200  (0s)
    User-Agent: supervive-loadout-shim

#1893 18:37:02.926  GET /revival/loadout
    -> 200  (0s)
    User-Agent: supervive-loadout-shim

#1894 18:37:03.101  GET /revival/loadout
    -> 200  (0s)
    User-Agent: supervive-loadout-shim

#1895 18:37:03.276  GET /revival/loadout
    -> 200  (0s)
    User-Agent: supervive-loadout-shim

#1896 18:37:03.450  GET /revival/loadout
    -> 200  (0s)
    User-Agent: supervive-loadout-shim

#1897 18:37:03.625  GET /revival/loadout
    -> 200  (0s)
    User-Agent: supervive-loadout-shim

#1898 18:37:03.800  GET /revival/loadout
    -> 200  (0s)
    User-Agent: supervive-loadout-shim

#1899 18:37:03.976  GET /revival/loadout
    -> 200  (0s)
    User-Agent: supervive-loadout-shim

#1900 18:37:04.150  GET /revival/loadout
    -> 200  (0s)
    User-Agent: supervive-loadout-shim

#1901 18:37:04.316  GET /revival/loadout
    -> 200  (0s)
    User-Agent: supervive-loadout-shim

#1902 18:37:04.484  GET /revival/loadout
    -> 200  (0s)
    User-Agent: supervive-loadout-shim

#1903 18:37:04.658  GET /revival/loadout
    -> 200  (0s)
    User-Agent: supervive-loadout-shim

#1904 18:37:04.834  GET /revival/loadout
    -> 200  (0s)
    User-Agent: supervive-loadout-shim

#1905 18:37:05.008  GET /revival/loadout
    -> 200  (0s)
    User-Agent: supervive-loadout-shim

#1906 18:37:05.182  GET /revival/loadout
    -> 200  (0s)
    User-Agent: supervive-loadout-shim

#1907 18:37:05.349  GET /revival/loadout
    -> 200  (0s)
    User-Agent: supervive-loadout-shim

#1908 18:37:05.517  GET /revival/loadout
    -> 200  (0s)
    User-Agent: supervive-loadout-shim

#1909 18:37:05.691  GET /revival/loadout
    -> 200  (0s)
    User-Agent: supervive-loadout-shim

#1910 18:37:05.858  GET /revival/loadout
    -> 200  (0s)
    User-Agent: supervive-loadout-shim

#1911 18:37:06.024  GET /revival/loadout
    -> 200  (0s)
    User-Agent: supervive-loadout-shim

#1912 18:37:06.200  GET /revival/loadout
    -> 200  (0s)
    User-Agent: supervive-loadout-shim

#1913 18:37:06.375  GET /revival/loadout
    -> 200  (0s)
    User-Agent: supervive-loadout-shim

#1914 18:37:06.563  GET /revival/loadout
    -> 200  (0s)
    User-Agent: supervive-loadout-shim

#1915 18:37:06.741  GET /revival/loadout
    -> 200  (0s)
    User-Agent: supervive-loadout-shim

#1916 18:37:06.915  GET /revival/loadout
    -> 200  (0s)
    User-Agent: supervive-loadout-shim

#1917 18:37:07.121  GET /revival/loadout
    -> 200  (0s)
    User-Agent: supervive-loadout-shim

#1918 18:37:07.300  GET /revival/loadout
    -> 200  (0s)
    User-Agent: supervive-loadout-shim

#1919 18:37:07.475  GET /revival/loadout
    -> 200  (0s)
    User-Agent: supervive-loadout-shim

#1920 18:37:07.649  GET /revival/loadout
    -> 200  (0s)
    User-Agent: supervive-loadout-shim

#1921 18:37:07.825  GET /revival/loadout
    -> 200  (0s)
    User-Agent: supervive-loadout-shim

#1922 18:37:07.999  GET /revival/loadout
    -> 200  (0s)
    User-Agent: supervive-loadout-shim

#1923 18:37:08.174  GET /revival/loadout
    -> 200  (0s)
    User-Agent: supervive-loadout-shim

#1924 18:37:08.349  GET /revival/loadout
    -> 200  (0s)
    User-Agent: supervive-loadout-shim

#1925 18:37:08.525  GET /revival/loadout
    -> 200  (0s)
    User-Agent: supervive-loadout-shim

#1926 18:37:08.707  GET /revival/loadout
    -> 200  (0s)
    User-Agent: supervive-loadout-shim

#1927 18:37:08.896  GET /revival/loadout
    -> 200  (0s)
    User-Agent: supervive-loadout-shim

#1928 18:37:09.074  GET /revival/loadout
    -> 200  (0s)
    User-Agent: supervive-loadout-shim

#1929 18:37:09.249  GET /revival/loadout
    -> 200  (0s)
    User-Agent: supervive-loadout-shim

#1930 18:37:09.424  GET /revival/loadout
    -> 200  (0s)
    User-Agent: supervive-loadout-shim

#1931 18:37:09.599  GET /revival/loadout
    -> 200  (0s)
    User-Agent: supervive-loadout-shim

#1932 18:37:09.774  GET /revival/loadout
    -> 200  (0s)
    User-Agent: supervive-loadout-shim

#1933 18:37:09.949  GET /revival/loadout
    -> 200  (0s)
    User-Agent: supervive-loadout-shim

#1934 18:37:10.123  GET /revival/loadout
    -> 200  (0s)
    User-Agent: supervive-loadout-shim

#1935 18:37:10.307  GET /revival/loadout
    -> 200  (0s)
    User-Agent: supervive-loadout-shim

#1936 18:37:10.481  GET /revival/loadout
    -> 200  (0s)
    User-Agent: supervive-loadout-shim

#1937 18:37:10.657  GET /revival/loadout
    -> 200  (0s)
    User-Agent: supervive-loadout-shim

#1938 18:37:10.832  GET /revival/loadout
    -> 200  (0s)
    User-Agent: supervive-loadout-shim

#1939 18:37:11.022  GET /revival/loadout
    -> 200  (0s)
    User-Agent: supervive-loadout-shim

#1940 18:37:11.199  GET /revival/loadout
    -> 200  (0s)
    User-Agent: supervive-loadout-shim

#1941 18:37:11.373  GET /revival/loadout
    -> 200  (0s)
    User-Agent: supervive-loadout-shim

#1942 18:37:11.547  GET /revival/loadout
    -> 200  (0s)
    User-Agent: supervive-loadout-shim

#1943 18:37:11.723  GET /revival/loadout
    -> 200  (0s)
    User-Agent: supervive-loadout-shim

#1944 18:37:11.898  GET /revival/loadout
    -> 200  (0s)
    User-Agent: supervive-loadout-shim

#1945 18:37:12.073  GET /revival/loadout
    -> 200  (0s)
    User-Agent: supervive-loadout-shim

#1946 18:37:12.248  GET /revival/loadout
    -> 200  (0s)
    User-Agent: supervive-loadout-shim

#1947 18:37:12.423  GET /revival/loadout
    -> 200  (0s)
    User-Agent: supervive-loadout-shim

#1948 18:37:12.598  GET /revival/loadout
    -> 200  (0s)
    User-Agent: supervive-loadout-shim

#1949 18:37:12.771  GET /revival/loadout
    -> 200  (0s)
    User-Agent: supervive-loadout-shim

#1950 18:37:12.948  GET /revival/loadout
    -> 200  (0s)
    User-Agent: supervive-loadout-shim

#1951 18:37:13.122  GET /revival/loadout
    -> 200  (0s)
    User-Agent: supervive-loadout-shim

#1952 18:37:13.296  GET /revival/loadout
    -> 200  (0s)
    User-Agent: supervive-loadout-shim

#1953 18:37:13.472  GET /revival/loadout
    -> 200  (0s)
    User-Agent: supervive-loadout-shim

#1954 18:37:13.647  GET /revival/loadout
    -> 200  (0s)
    User-Agent: supervive-loadout-shim

#1955 18:37:13.823  GET /revival/loadout
    -> 200  (0s)
    User-Agent: supervive-loadout-shim

#1956 18:37:13.997  GET /revival/loadout
    -> 200  (0s)
    User-Agent: supervive-loadout-shim

#1957 18:37:14.171  GET /revival/loadout
    -> 200  (0s)
    User-Agent: supervive-loadout-shim

#1958 18:37:14.346  GET /revival/loadout
    -> 200  (0s)
    User-Agent: supervive-loadout-shim

#1959 18:37:14.522  GET /revival/loadout
    -> 200  (0s)
    User-Agent: supervive-loadout-shim

#1960 18:37:14.697  GET /revival/loadout
    -> 200  (0s)
    User-Agent: supervive-loadout-shim

#1961 18:37:14.881  GET /revival/loadout
    -> 200  (1ms)
    User-Agent: supervive-loadout-shim

#1962 18:37:15.063  GET /revival/loadout
    -> 200  (0s)
    User-Agent: supervive-loadout-shim

#1963 18:37:15.239  GET /revival/loadout
    -> 200  (2ms)
    User-Agent: supervive-loadout-shim

#1964 18:37:15.421  GET /revival/loadout
    -> 200  (0s)
    User-Agent: supervive-loadout-shim

#1965 18:37:15.596  GET /revival/loadout
    -> 200  (0s)
    User-Agent: supervive-loadout-shim

#1966 18:37:15.770  GET /revival/loadout
    -> 200  (0s)
    User-Agent: supervive-loadout-shim

#1967 18:37:15.938  GET /revival/loadout
    -> 200  (0s)
    User-Agent: supervive-loadout-shim

#1968 18:37:16.113  GET /revival/loadout
    -> 200  (0s)
    User-Agent: supervive-loadout-shim

#1969 18:37:16.288  GET /revival/loadout
    -> 200  (0s)
    User-Agent: supervive-loadout-shim

#1970 18:37:16.463  GET /revival/loadout
    -> 200  (0s)
    User-Agent: supervive-loadout-shim

#1971 18:37:16.638  GET /revival/loadout
    -> 200  (0s)
    User-Agent: supervive-loadout-shim

#1972 18:37:16.813  GET /revival/loadout
    -> 200  (0s)
    User-Agent: supervive-loadout-shim

#1973 18:37:16.996  GET /revival/loadout
    -> 200  (0s)
    User-Agent: supervive-loadout-shim

#1974 18:37:17.170  GET /revival/loadout
    -> 200  (0s)
    User-Agent: supervive-loadout-shim

#1975 18:37:17.346  GET /revival/loadout
    -> 200  (0s)
    User-Agent: supervive-loadout-shim

#1976 18:37:17.519  GET /revival/loadout
    -> 200  (0s)
    User-Agent: supervive-loadout-shim

#1977 18:37:17.687  GET /revival/loadout
    -> 200  (0s)
    User-Agent: supervive-loadout-shim

#1978 18:37:17.862  GET /revival/loadout
    -> 200  (0s)
    User-Agent: supervive-loadout-shim

#1979 18:37:18.037  GET /revival/loadout
    -> 200  (0s)
    User-Agent: supervive-loadout-shim

#1980 18:37:18.220  GET /revival/loadout
    -> 200  (0s)
    User-Agent: supervive-loadout-shim

#1981 18:37:18.395  GET /revival/loadout
    -> 200  (0s)
    User-Agent: supervive-loadout-shim

#1982 18:37:18.569  GET /revival/loadout
    -> 200  (0s)
    User-Agent: supervive-loadout-shim

#1983 18:37:18.745  GET /revival/loadout
    -> 200  (0s)
    User-Agent: supervive-loadout-shim

#1984 18:37:18.920  GET /revival/loadout
    -> 200  (0s)
    User-Agent: supervive-loadout-shim

#1985 18:37:19.095  GET /revival/loadout
    -> 200  (0s)
    User-Agent: supervive-loadout-shim

#1986 18:37:19.270  GET /revival/loadout
    -> 200  (0s)
    User-Agent: supervive-loadout-shim

#1987 18:37:19.445  GET /revival/loadout
    -> 200  (0s)
    User-Agent: supervive-loadout-shim

#1988 18:37:19.620  GET /revival/loadout
    -> 200  (0s)
    User-Agent: supervive-loadout-shim

#1989 18:37:19.796  GET /revival/loadout
    -> 200  (0s)
    User-Agent: supervive-loadout-shim

#1990 18:37:19.969  GET /revival/loadout
    -> 200  (0s)
    User-Agent: supervive-loadout-shim

#1991 18:37:20.144  GET /revival/loadout
    -> 200  (0s)
    User-Agent: supervive-loadout-shim

* 18:37:20.306  WS <- /lobby TEXT ""

#1992 18:37:20.316  GET /revival/loadout
    -> 200  (0s)
    User-Agent: supervive-loadout-shim

#1993 18:37:20.527  GET /revival/loadout
    -> 200  (0s)
    User-Agent: supervive-loadout-shim

#1994 18:37:20.703  GET /revival/loadout
    -> 200  (0s)
    User-Agent: supervive-loadout-shim

#1995 18:37:20.877  GET /revival/loadout
    -> 200  (0s)
    User-Agent: supervive-loadout-shim

#1996 18:37:21.053  GET /revival/loadout
    -> 200  (0s)
    User-Agent: supervive-loadout-shim

#1997 18:37:21.228  GET /revival/loadout
    -> 200  (0s)
    User-Agent: supervive-loadout-shim

#1998 18:37:21.402  GET /revival/loadout
    -> 200  (0s)
    User-Agent: supervive-loadout-shim

#1999 18:37:21.577  GET /revival/loadout
    -> 200  (0s)
    User-Agent: supervive-loadout-shim

#2000 18:37:21.753  GET /revival/loadout
    -> 200  (0s)
    User-Agent: supervive-loadout-shim

#2001 18:37:21.937  GET /revival/loadout
    -> 200  (0s)
    User-Agent: supervive-loadout-shim

#2002 18:37:22.145  GET /revival/loadout
    -> 200  (0s)
    User-Agent: supervive-loadout-shim

#2003 18:37:22.328  GET /revival/loadout
    -> 200  (0s)
    User-Agent: supervive-loadout-shim

#2004 18:37:22.502  GET /revival/loadout
    -> 200  (0s)
    User-Agent: supervive-loadout-shim

#2005 18:37:22.676  GET /revival/loadout
    -> 200  (0s)
    User-Agent: supervive-loadout-shim

#2006 18:37:22.844  GET /revival/loadout
    -> 200  (0s)
    User-Agent: supervive-loadout-shim

#2007 18:37:23.018  GET /revival/loadout
    -> 200  (0s)
    User-Agent: supervive-loadout-shim

#2008 18:37:23.193  GET /revival/loadout
    -> 200  (0s)
    User-Agent: supervive-loadout-shim

#2009 18:37:23.206  GET /party/matchmaking/info
    -> 200  (0s)
    User-Agent: Loki/UE5-CL-0 (http-legacy) Windows/10.0.19045.1.256.64bit
    Accept: */*
    X-Theorycraft-Clientversion: release2.4.live-156430-shipping
    Authorization: Bearer eyJhbGciOiJSUzI1NiIsImtpZCI6InN1cGVydml2ZS1yZXZpdmFsLWtleS0xIiwidHlwIjoiSldUIn0.eyJiYW5zIjpbXSwiY2xpZW50X2lkIjoiYmE4ZmI1OWEzNGJiNDgxYWJjYTA4YzQ2YmE0ODgwMjUiLCJjb3VudHJ5IjoiVVMiLCJkaXNwbGF5X25hbWUiOiJSZXZpdmVyIiwiZXhwIjoxNzg2NzM4NjUwLCJpYXQiOjE3ODY2NTIyNTAsImlzX2NvbXBseSI6dHJ1ZSwiamZsZ3MiOjAsIm5hbWVzcGFjZSI6InN1cGVydml2ZSIsIm5iZiI6MTc4NjY1MjE5MCwicGVybWlzc2lvbnMiOlt7IkFjdGlvbiI6MTUsIlJlc291cmNlIjoiTkFNRVNQQUNFOnN1cGVydml2ZToqIn0seyJBY3Rpb24iOjE1LCJSZXNvdXJjZSI6IkFETUlOOk5BTUVTUEFDRTpzdXBlcnZpdmU6KiJ9XSwicm9sZXMiOltdLCJzY29wZSI6ImNvbW1lcmNlIGFjY291bnQgc29jaWFsIHB1Ymxpc2hpbmcgYW5hbHl0aWNzIiwic3ViIjoiOWI5ZDJjODg3ZTI1MjRmOTE4ZTM4M2E4OTVmMmYxYzIiLCJ1bmlxdWVEaXNwbGF5TmFtZSI6IlJldml2ZXIjMDAwMSIsInVuaXF1ZV9kaXNwbGF5X25hbWUiOiJSZXZpdmVyIzAwMDEifQ.S8me6zCTJy1oN7cCA9hQMdHB81PfiOQjPGkisaKCUBzabcSTr1c468GSswCZp1ojqPbBbmOAc-HA5N2o4v-PRiSsk8rqPCyvk3Tx1C5P-rcZZtS-X9XnEtl7wRYgTacQNA_R6vbQgylOOxJ8HarI1u7xWxDlYfxiEDjHEEVHbUlHAE_Oz7PhV80Ms7bc3scLORKG3HPGTqjH9of-EooGUB3k-Xpl9M5eB7A7geV_c8XbzZ0NPELo9dLYVByYKVXzHtk2o0tyzXvdmz-r7FqVYwlN_jOrpiFF_4ti0Wf2ZTI07y-WzKQT1tlXe-OSq86OtwCA0elY-weDLV49mb78gg

* 18:37:23.214  WS <- /notifications/players/9b9d2c887e2524f918e383a895f2f1c2 BINARY (2 bytes) 6862

* 18:37:23.300  WS -> /notifications/players/9b9d2c887e2524f918e383a895f2f1c2 TEXT hb reply {"Resource":"hb","Version":0,"Payload":""}

#2010 18:37:23.369  GET /revival/loadout
    -> 200  (0s)
    User-Agent: supervive-loadout-shim

#2011 18:37:23.446  GET /revival/missions/progress
    -> 200  (0s)
    User-Agent: supervive-missions-shim

#2012 18:37:23.553  GET /revival/loadout
    -> 200  (0s)
    User-Agent: supervive-loadout-shim

#2013 18:37:23.762  GET /revival/loadout
    -> 200  (0s)
    User-Agent: supervive-loadout-shim

#2014 18:37:23.938  GET /revival/loadout
    -> 200  (0s)
    User-Agent: supervive-loadout-shim

#2015 18:37:24.110  GET /revival/loadout
    -> 200  (0s)
    User-Agent: supervive-loadout-shim

#2016 18:37:24.285  GET /revival/loadout
    -> 200  (0s)
    User-Agent: supervive-loadout-shim

#2017 18:37:24.460  GET /revival/loadout
    -> 200  (0s)
    User-Agent: supervive-loadout-shim

#2018 18:37:24.635  GET /revival/loadout
    -> 200  (0s)
    User-Agent: supervive-loadout-shim

#2019 18:37:24.810  GET /revival/loadout
    -> 200  (0s)
    User-Agent: supervive-loadout-shim

#2020 18:37:25.074  GET /revival/loadout
    -> 200  (0s)
    User-Agent: supervive-loadout-shim

#2021 18:37:25.272  GET /revival/loadout
    -> 200  (0s)
    User-Agent: supervive-loadout-shim

#2022 18:37:25.444  GET /revival/loadout
    -> 200  (0s)
    User-Agent: supervive-loadout-shim

#2023 18:37:25.618  GET /revival/loadout
    -> 200  (0s)
    User-Agent: supervive-loadout-shim

#2024 18:37:25.800  GET /revival/loadout
    -> 200  (0s)
    User-Agent: supervive-loadout-shim

#2025 18:37:25.820  GET /party/players/9b9d2c887e2524f918e383a895f2f1c2/voice
    -> 200  (0s)
    X-Theorycraft-Clientversion: release2.4.live-156430-shipping
    Authorization: Bearer eyJhbGciOiJSUzI1NiIsImtpZCI6InN1cGVydml2ZS1yZXZpdmFsLWtleS0xIiwidHlwIjoiSldUIn0.eyJiYW5zIjpbXSwiY2xpZW50X2lkIjoiYmE4ZmI1OWEzNGJiNDgxYWJjYTA4YzQ2YmE0ODgwMjUiLCJjb3VudHJ5IjoiVVMiLCJkaXNwbGF5X25hbWUiOiJSZXZpdmVyIiwiZXhwIjoxNzg2NzM4NjUwLCJpYXQiOjE3ODY2NTIyNTAsImlzX2NvbXBseSI6dHJ1ZSwiamZsZ3MiOjAsIm5hbWVzcGFjZSI6InN1cGVydml2ZSIsIm5iZiI6MTc4NjY1MjE5MCwicGVybWlzc2lvbnMiOlt7IkFjdGlvbiI6MTUsIlJlc291cmNlIjoiTkFNRVNQQUNFOnN1cGVydml2ZToqIn0seyJBY3Rpb24iOjE1LCJSZXNvdXJjZSI6IkFETUlOOk5BTUVTUEFDRTpzdXBlcnZpdmU6KiJ9XSwicm9sZXMiOltdLCJzY29wZSI6ImNvbW1lcmNlIGFjY291bnQgc29jaWFsIHB1Ymxpc2hpbmcgYW5hbHl0aWNzIiwic3ViIjoiOWI5ZDJjODg3ZTI1MjRmOTE4ZTM4M2E4OTVmMmYxYzIiLCJ1bmlxdWVEaXNwbGF5TmFtZSI6IlJldml2ZXIjMDAwMSIsInVuaXF1ZV9kaXNwbGF5X25hbWUiOiJSZXZpdmVyIzAwMDEifQ.S8me6zCTJy1oN7cCA9hQMdHB81PfiOQjPGkisaKCUBzabcSTr1c468GSswCZp1ojqPbBbmOAc-HA5N2o4v-PRiSsk8rqPCyvk3Tx1C5P-rcZZtS-X9XnEtl7wRYgTacQNA_R6vbQgylOOxJ8HarI1u7xWxDlYfxiEDjHEEVHbUlHAE_Oz7PhV80Ms7bc3scLORKG3HPGTqjH9of-EooGUB3k-Xpl9M5eB7A7geV_c8XbzZ0NPELo9dLYVByYKVXzHtk2o0tyzXvdmz-r7FqVYwlN_jOrpiFF_4ti0Wf2ZTI07y-WzKQT1tlXe-OSq86OtwCA0elY-weDLV49mb78gg
    User-Agent: Loki/UE5-CL-0 (http-legacy) Windows/10.0.19045.1.256.64bit
    Accept: */*

#2026 18:37:25.972  GET /revival/loadout
    -> 200  (0s)
    User-Agent: supervive-loadout-shim

#2027 18:37:26.147  GET /revival/loadout
    -> 200  (0s)
    User-Agent: supervive-loadout-shim

#2028 18:37:26.226  GET /configuration/client?language=en
    -> 200  (0s)
    Accept: */*
    Authorization: Bearer eyJhbGciOiJSUzI1NiIsImtpZCI6InN1cGVydml2ZS1yZXZpdmFsLWtleS0xIiwidHlwIjoiSldUIn0.eyJiYW5zIjpbXSwiY2xpZW50X2lkIjoiYmE4ZmI1OWEzNGJiNDgxYWJjYTA4YzQ2YmE0ODgwMjUiLCJjb3VudHJ5IjoiVVMiLCJkaXNwbGF5X25hbWUiOiJSZXZpdmVyIiwiZXhwIjoxNzg2NzM4NjUwLCJpYXQiOjE3ODY2NTIyNTAsImlzX2NvbXBseSI6dHJ1ZSwiamZsZ3MiOjAsIm5hbWVzcGFjZSI6InN1cGVydml2ZSIsIm5iZiI6MTc4NjY1MjE5MCwicGVybWlzc2lvbnMiOlt7IkFjdGlvbiI6MTUsIlJlc291cmNlIjoiTkFNRVNQQUNFOnN1cGVydml2ZToqIn0seyJBY3Rpb24iOjE1LCJSZXNvdXJjZSI6IkFETUlOOk5BTUVTUEFDRTpzdXBlcnZpdmU6KiJ9XSwicm9sZXMiOltdLCJzY29wZSI6ImNvbW1lcmNlIGFjY291bnQgc29jaWFsIHB1Ymxpc2hpbmcgYW5hbHl0aWNzIiwic3ViIjoiOWI5ZDJjODg3ZTI1MjRmOTE4ZTM4M2E4OTVmMmYxYzIiLCJ1bmlxdWVEaXNwbGF5TmFtZSI6IlJldml2ZXIjMDAwMSIsInVuaXF1ZV9kaXNwbGF5X25hbWUiOiJSZXZpdmVyIzAwMDEifQ.S8me6zCTJy1oN7cCA9hQMdHB81PfiOQjPGkisaKCUBzabcSTr1c468GSswCZp1ojqPbBbmOAc-HA5N2o4v-PRiSsk8rqPCyvk3Tx1C5P-rcZZtS-X9XnEtl7wRYgTacQNA_R6vbQgylOOxJ8HarI1u7xWxDlYfxiEDjHEEVHbUlHAE_Oz7PhV80Ms7bc3scLORKG3HPGTqjH9of-EooGUB3k-Xpl9M5eB7A7geV_c8XbzZ0NPELo9dLYVByYKVXzHtk2o0tyzXvdmz-r7FqVYwlN_jOrpiFF_4ti0Wf2ZTI07y-WzKQT1tlXe-OSq86OtwCA0elY-weDLV49mb78gg
    User-Agent: Loki/UE5-CL-0 (http-legacy) Windows/10.0.19045.1.256.64bit
    X-Theorycraft-Clientversion: release2.4.live-156430-shipping

#2029 18:37:26.321  GET /revival/loadout
    -> 200  (0s)
    User-Agent: supervive-loadout-shim

#2030 18:37:26.335  GET /content-service/manifest/release2.4.live-156430-shipping?nonEnabledOnly=true
    -> 200  (0s)
    Accept: */*
    X-Theorycraft-Clientversion: release2.4.live-156430-shipping
    Authorization: Bearer eyJhbGciOiJSUzI1NiIsImtpZCI6InN1cGVydml2ZS1yZXZpdmFsLWtleS0xIiwidHlwIjoiSldUIn0.eyJiYW5zIjpbXSwiY2xpZW50X2lkIjoiYmE4ZmI1OWEzNGJiNDgxYWJjYTA4YzQ2YmE0ODgwMjUiLCJjb3VudHJ5IjoiVVMiLCJkaXNwbGF5X25hbWUiOiJSZXZpdmVyIiwiZXhwIjoxNzg2NzM4NjUwLCJpYXQiOjE3ODY2NTIyNTAsImlzX2NvbXBseSI6dHJ1ZSwiamZsZ3MiOjAsIm5hbWVzcGFjZSI6InN1cGVydml2ZSIsIm5iZiI6MTc4NjY1MjE5MCwicGVybWlzc2lvbnMiOlt7IkFjdGlvbiI6MTUsIlJlc291cmNlIjoiTkFNRVNQQUNFOnN1cGVydml2ZToqIn0seyJBY3Rpb24iOjE1LCJSZXNvdXJjZSI6IkFETUlOOk5BTUVTUEFDRTpzdXBlcnZpdmU6KiJ9XSwicm9sZXMiOltdLCJzY29wZSI6ImNvbW1lcmNlIGFjY291bnQgc29jaWFsIHB1Ymxpc2hpbmcgYW5hbHl0aWNzIiwic3ViIjoiOWI5ZDJjODg3ZTI1MjRmOTE4ZTM4M2E4OTVmMmYxYzIiLCJ1bmlxdWVEaXNwbGF5TmFtZSI6IlJldml2ZXIjMDAwMSIsInVuaXF1ZV9kaXNwbGF5X25hbWUiOiJSZXZpdmVyIzAwMDEifQ.S8me6zCTJy1oN7cCA9hQMdHB81PfiOQjPGkisaKCUBzabcSTr1c468GSswCZp1ojqPbBbmOAc-HA5N2o4v-PRiSsk8rqPCyvk3Tx1C5P-rcZZtS-X9XnEtl7wRYgTacQNA_R6vbQgylOOxJ8HarI1u7xWxDlYfxiEDjHEEVHbUlHAE_Oz7PhV80Ms7bc3scLORKG3HPGTqjH9of-EooGUB3k-Xpl9M5eB7A7geV_c8XbzZ0NPELo9dLYVByYKVXzHtk2o0tyzXvdmz-r7FqVYwlN_jOrpiFF_4ti0Wf2ZTI07y-WzKQT1tlXe-OSq86OtwCA0elY-weDLV49mb78gg
    User-Agent: Loki/UE5-CL-0 (http-legacy) Windows/10.0.19045.1.256.64bit

#2031 18:37:26.502  GET /revival/loadout
    -> 200  (0s)
    User-Agent: supervive-loadout-shim

#2032 18:37:26.676  GET /revival/loadout
    -> 200  (0s)
    User-Agent: supervive-loadout-shim

#2033 18:37:26.878  GET /revival/loadout
    -> 200  (0s)
    User-Agent: supervive-loadout-shim

#2034 18:37:27.050  GET /revival/loadout
    -> 200  (0s)
    User-Agent: supervive-loadout-shim

#2035 18:37:27.234  GET /revival/loadout
    -> 200  (0s)
    User-Agent: supervive-loadout-shim

#2036 18:37:27.420  GET /revival/loadout
    -> 200  (0s)
    User-Agent: supervive-loadout-shim

#2037 18:37:27.505  POST /game-telemetry/v1/protected/events
    -> 200  (0s)
    Game-Client-Version: 1.0.0.0
    User-Agent: Loki/UE5-CL-0 (http-legacy) Windows/10.0.19045.1.256.64bit
    Content-Type: application/json
    Accept: application/json
    Authorization: Bearer eyJhbGciOiJSUzI1NiIsImtpZCI6InN1cGVydml2ZS1yZXZpdmFsLWtleS0xIiwidHlwIjoiSldUIn0.eyJiYW5zIjpbXSwiY2xpZW50X2lkIjoiYmE4ZmI1OWEzNGJiNDgxYWJjYTA4YzQ2YmE0ODgwMjUiLCJjb3VudHJ5IjoiVVMiLCJkaXNwbGF5X25hbWUiOiJSZXZpdmVyIiwiZXhwIjoxNzg2NzM4NjUwLCJpYXQiOjE3ODY2NTIyNTAsImlzX2NvbXBseSI6dHJ1ZSwiamZsZ3MiOjAsIm5hbWVzcGFjZSI6InN1cGVydml2ZSIsIm5iZiI6MTc4NjY1MjE5MCwicGVybWlzc2lvbnMiOlt7IkFjdGlvbiI6MTUsIlJlc291cmNlIjoiTkFNRVNQQUNFOnN1cGVydml2ZToqIn0seyJBY3Rpb24iOjE1LCJSZXNvdXJjZSI6IkFETUlOOk5BTUVTUEFDRTpzdXBlcnZpdmU6KiJ9XSwicm9sZXMiOltdLCJzY29wZSI6ImNvbW1lcmNlIGFjY291bnQgc29jaWFsIHB1Ymxpc2hpbmcgYW5hbHl0aWNzIiwic3ViIjoiOWI5ZDJjODg3ZTI1MjRmOTE4ZTM4M2E4OTVmMmYxYzIiLCJ1bmlxdWVEaXNwbGF5TmFtZSI6IlJldml2ZXIjMDAwMSIsInVuaXF1ZV9kaXNwbGF5X25hbWUiOiJSZXZpdmVyIzAwMDEifQ.S8me6zCTJy1oN7cCA9hQMdHB81PfiOQjPGkisaKCUBzabcSTr1c468GSswCZp1ojqPbBbmOAc-HA5N2o4v-PRiSsk8rqPCyvk3Tx1C5P-rcZZtS-X9XnEtl7wRYgTacQNA_R6vbQgylOOxJ8HarI1u7xWxDlYfxiEDjHEEVHbUlHAE_Oz7PhV80Ms7bc3scLORKG3HPGTqjH9of-EooGUB3k-Xpl9M5eB7A7geV_c8XbzZ0NPELo9dLYVByYKVXzHtk2o0tyzXvdmz-r7FqVYwlN_jOrpiFF_4ti0Wf2ZTI07y-WzKQT1tlXe-OSq86OtwCA0elY-weDLV49mb78gg
    body: [
	{
		"EventNamespace": "loki",
		"EventName": "client_network_samples_snapshot",
		"Payload":
		{
			"sessionId": "567f77cd4269be09df02edb258c46222",
			"PlayerId": "9b9d2c887e2524f918e383a895f2f1c2",
			"timestamp": "2026-08-13T23:36:38.865Z",
			"inAveragePacketLoss": 0,
			"outAveragePacketLoss": 0,
			"HardwareId": "c1795a173f53c6f72e8b0125f11309c6"
		},
		"ClientTimestamp": "2026-08-13T23:37:26.574Z",
		"flightId": "34fe5245425ef9d90b4cd3a77b270727",
		"DeviceType": "Windows"
	}
]

#2038 18:37:27.592  GET /revival/loadout
    -> 200  (0s)
    User-Agent: supervive-loadout-shim

#2039 18:37:27.766  GET /revival/loadout
    -> 200  (0s)
    User-Agent: supervive-loadout-shim

#2040 18:37:27.944  GET /revival/loadout
    -> 200  (0s)
    User-Agent: supervive-loadout-shim

#2041 18:37:28.123  GET /revival/loadout
    -> 200  (0s)
    User-Agent: supervive-loadout-shim

#2042 18:37:28.291  GET /revival/loadout
    -> 200  (0s)
    User-Agent: supervive-loadout-shim

#2043 18:37:28.466  GET /revival/loadout
    -> 200  (0s)
    User-Agent: supervive-loadout-shim

#2044 18:37:28.640  GET /revival/loadout
    -> 200  (0s)
    User-Agent: supervive-loadout-shim

#2045 18:37:28.816  GET /revival/loadout
    -> 200  (0s)
    User-Agent: supervive-loadout-shim

#2046 18:37:28.999  GET /revival/loadout
    -> 200  (0s)
    User-Agent: supervive-loadout-shim

#2047 18:37:29.174  GET /revival/loadout
    -> 200  (0s)
    User-Agent: supervive-loadout-shim

#2048 18:37:29.350  GET /revival/loadout
    -> 200  (0s)
    User-Agent: supervive-loadout-shim

#2049 18:37:29.525  GET /revival/loadout
    -> 200  (0s)
    User-Agent: supervive-loadout-shim

#2050 18:37:29.699  GET /revival/loadout
    -> 200  (0s)
    User-Agent: supervive-loadout-shim

#2051 18:37:29.874  GET /revival/loadout
    -> 200  (0s)
    User-Agent: supervive-loadout-shim

#2052 18:37:30.051  GET /revival/loadout
    -> 200  (0s)
    User-Agent: supervive-loadout-shim

#2053 18:37:30.225  GET /revival/loadout
    -> 200  (0s)
    User-Agent: supervive-loadout-shim

#2054 18:37:30.398  GET /revival/loadout
    -> 200  (0s)
    User-Agent: supervive-loadout-shim

#2055 18:37:30.565  GET /revival/loadout
    -> 200  (0s)
    User-Agent: supervive-loadout-shim

#2056 18:37:30.751  GET /revival/loadout
    -> 200  (0s)
    User-Agent: supervive-loadout-shim

#2057 18:37:30.924  GET /revival/loadout
    -> 200  (0s)
    User-Agent: supervive-loadout-shim

#2058 18:37:31.098  GET /revival/loadout
    -> 200  (0s)
    User-Agent: supervive-loadout-shim

#2059 18:37:31.274  GET /revival/loadout
    -> 200  (0s)
    User-Agent: supervive-loadout-shim

#2060 18:37:31.449  GET /revival/loadout
    -> 200  (0s)
    User-Agent: supervive-loadout-shim

#2061 18:37:31.622  GET /revival/loadout
    -> 200  (1ms)
    User-Agent: supervive-loadout-shim

#2062 18:37:31.790  GET /revival/loadout
    -> 200  (0s)
    User-Agent: supervive-loadout-shim

#2063 18:37:31.965  GET /revival/loadout
    -> 200  (0s)
    User-Agent: supervive-loadout-shim

#2064 18:37:32.139  GET /revival/loadout
    -> 200  (0s)
    User-Agent: supervive-loadout-shim

#2065 18:37:32.315  GET /revival/loadout
    -> 200  (0s)
    User-Agent: supervive-loadout-shim

#2066 18:37:32.489  GET /revival/loadout
    -> 200  (0s)
    User-Agent: supervive-loadout-shim

#2067 18:37:32.657  GET /revival/loadout
    -> 200  (0s)
    User-Agent: supervive-loadout-shim

#2068 18:37:32.830  GET /revival/loadout
    -> 200  (0s)
    User-Agent: supervive-loadout-shim

#2069 18:37:33.006  GET /revival/loadout
    -> 200  (0s)
    User-Agent: supervive-loadout-shim

#2070 18:37:33.181  GET /revival/loadout
    -> 200  (0s)
    User-Agent: supervive-loadout-shim

#2071 18:37:33.347  GET /revival/loadout
    -> 200  (0s)
    User-Agent: supervive-loadout-shim

#2072 18:37:33.514  GET /revival/loadout
    -> 200  (0s)
    User-Agent: supervive-loadout-shim

#2073 18:37:33.688  GET /revival/loadout
    -> 200  (0s)
    User-Agent: supervive-loadout-shim

#2074 18:37:33.863  GET /revival/loadout
    -> 200  (0s)
    User-Agent: supervive-loadout-shim

#2075 18:37:34.030  GET /revival/loadout
    -> 200  (0s)
    User-Agent: supervive-loadout-shim

#2076 18:37:34.197  GET /revival/loadout
    -> 200  (0s)
    User-Agent: supervive-loadout-shim

#2077 18:37:34.371  GET /revival/loadout
    -> 200  (0s)
    User-Agent: supervive-loadout-shim

#2078 18:37:34.547  GET /revival/loadout
    -> 200  (0s)
    User-Agent: supervive-loadout-shim

#2079 18:37:34.722  GET /revival/loadout
    -> 200  (0s)
    User-Agent: supervive-loadout-shim

#2080 18:37:34.897  GET /revival/loadout
    -> 200  (0s)
    User-Agent: supervive-loadout-shim

#2081 18:37:35.072  GET /revival/loadout
    -> 200  (0s)
    User-Agent: supervive-loadout-shim

#2082 18:37:35.247  GET /revival/loadout
    -> 200  (0s)
    User-Agent: supervive-loadout-shim

#2083 18:37:35.421  GET /revival/loadout
    -> 200  (1ms)
    User-Agent: supervive-loadout-shim

#2084 18:37:35.589  GET /revival/loadout
    -> 200  (0s)
    User-Agent: supervive-loadout-shim

#2085 18:37:35.764  GET /revival/loadout
    -> 200  (0s)
    User-Agent: supervive-loadout-shim

#2086 18:37:35.939  GET /revival/loadout
    -> 200  (0s)
    User-Agent: supervive-loadout-shim

#2087 18:37:36.114  GET /revival/loadout
    -> 200  (0s)
    User-Agent: supervive-loadout-shim

#2088 18:37:36.288  GET /revival/loadout
    -> 200  (0s)
    User-Agent: supervive-loadout-shim

#2089 18:37:36.464  GET /revival/loadout
    -> 200  (0s)
    User-Agent: supervive-loadout-shim

#2090 18:37:36.638  GET /revival/loadout
    -> 200  (0s)
    User-Agent: supervive-loadout-shim

#2091 18:37:36.805  GET /revival/loadout
    -> 200  (0s)
    User-Agent: supervive-loadout-shim

#2092 18:37:36.979  GET /revival/loadout
    -> 200  (1ms)
    User-Agent: supervive-loadout-shim

#2093 18:37:37.154  GET /revival/loadout
    -> 200  (0s)
    User-Agent: supervive-loadout-shim

#2094 18:37:37.355  GET /revival/loadout
    -> 200  (0s)
    User-Agent: supervive-loadout-shim

#2095 18:37:37.529  GET /revival/loadout
    -> 200  (0s)
    User-Agent: supervive-loadout-shim

#2096 18:37:37.787  GET /revival/loadout
    -> 200  (0s)
    User-Agent: supervive-loadout-shim

#2097 18:37:37.955  GET /revival/loadout
    -> 200  (0s)
    User-Agent: supervive-loadout-shim

#2098 18:37:38.139  GET /revival/loadout
    -> 200  (0s)
    User-Agent: supervive-loadout-shim

#2099 18:37:38.314  GET /revival/loadout
    -> 200  (0s)
    User-Agent: supervive-loadout-shim

#2100 18:37:38.512  GET /revival/loadout
    -> 200  (0s)
    User-Agent: supervive-loadout-shim

#2101 18:37:38.686  GET /revival/loadout
    -> 200  (0s)
    User-Agent: supervive-loadout-shim

#2102 18:37:38.863  GET /revival/loadout
    -> 200  (0s)
    User-Agent: supervive-loadout-shim

#2103 18:37:39.037  GET /revival/loadout
    -> 200  (0s)
    User-Agent: supervive-loadout-shim

#2104 18:37:39.213  GET /revival/loadout
    -> 200  (0s)
    User-Agent: supervive-loadout-shim

#2105 18:37:39.396  GET /revival/loadout
    -> 200  (0s)
    User-Agent: supervive-loadout-shim

#2106 18:37:39.571  GET /revival/loadout
    -> 200  (0s)
    User-Agent: supervive-loadout-shim

#2107 18:37:39.745  GET /revival/loadout
    -> 200  (0s)
    User-Agent: supervive-loadout-shim

#2108 18:37:39.920  GET /revival/loadout
    -> 200  (0s)
    User-Agent: supervive-loadout-shim

#2109 18:37:40.096  GET /revival/loadout
    -> 200  (0s)
    User-Agent: supervive-loadout-shim

#2110 18:37:40.271  GET /revival/loadout
    -> 200  (0s)
    User-Agent: supervive-loadout-shim

#2111 18:37:40.445  GET /revival/loadout
    -> 200  (0s)
    User-Agent: supervive-loadout-shim

#2112 18:37:40.620  GET /revival/loadout
    -> 200  (0s)
    User-Agent: supervive-loadout-shim

#2113 18:37:40.796  GET /revival/loadout
    -> 200  (0s)
    User-Agent: supervive-loadout-shim

#2114 18:37:40.970  GET /revival/loadout
    -> 200  (0s)
    User-Agent: supervive-loadout-shim

#2115 18:37:41.146  GET /revival/loadout
    -> 200  (0s)
    User-Agent: supervive-loadout-shim

#2116 18:37:41.331  GET /revival/loadout
    -> 200  (0s)
    User-Agent: supervive-loadout-shim

#2117 18:37:41.503  GET /revival/loadout
    -> 200  (0s)
    User-Agent: supervive-loadout-shim

#2118 18:37:41.687  GET /revival/loadout
    -> 200  (0s)
    User-Agent: supervive-loadout-shim

#2119 18:37:41.886  GET /revival/loadout
    -> 200  (1ms)
    User-Agent: supervive-loadout-shim

#2120 18:37:42.066  GET /revival/loadout
    -> 200  (0s)
    User-Agent: supervive-loadout-shim

#2121 18:37:42.237  GET /revival/loadout
    -> 200  (0s)
    User-Agent: supervive-loadout-shim

#2122 18:37:42.411  GET /revival/loadout
    -> 200  (0s)
    User-Agent: supervive-loadout-shim

#2123 18:37:42.586  GET /revival/loadout
    -> 200  (0s)
    User-Agent: supervive-loadout-shim

#2124 18:37:42.761  GET /revival/loadout
    -> 200  (0s)
    User-Agent: supervive-loadout-shim

#2125 18:37:42.936  GET /revival/loadout
    -> 200  (0s)
    User-Agent: supervive-loadout-shim

#2126 18:37:43.110  GET /revival/loadout
    -> 200  (0s)
    User-Agent: supervive-loadout-shim

#2127 18:37:43.277  GET /revival/loadout
    -> 200  (0s)
    User-Agent: supervive-loadout-shim

#2128 18:37:43.452  GET /revival/loadout
    -> 200  (1ms)
    User-Agent: supervive-loadout-shim

#2129 18:37:43.627  GET /revival/loadout
    -> 200  (0s)
    User-Agent: supervive-loadout-shim

#2130 18:37:43.802  GET /revival/loadout
    -> 200  (0s)
    User-Agent: supervive-loadout-shim

#2131 18:37:43.978  GET /revival/loadout
    -> 200  (0s)
    User-Agent: supervive-loadout-shim

#2132 18:37:44.153  GET /revival/loadout
    -> 200  (0s)
    User-Agent: supervive-loadout-shim

#2133 18:37:44.327  GET /revival/loadout
    -> 200  (0s)
    User-Agent: supervive-loadout-shim

#2134 18:37:44.500  GET /revival/loadout
    -> 200  (0s)
    User-Agent: supervive-loadout-shim

#2135 18:37:44.669  GET /revival/loadout
    -> 200  (0s)
    User-Agent: supervive-loadout-shim

#2136 18:37:44.844  GET /revival/loadout
    -> 200  (0s)
    User-Agent: supervive-loadout-shim

#2137 18:37:45.018  GET /revival/loadout
    -> 200  (0s)
    User-Agent: supervive-loadout-shim

#2138 18:37:45.194  GET /revival/loadout
    -> 200  (0s)
    User-Agent: supervive-loadout-shim

#2139 18:37:45.369  GET /revival/loadout
    -> 200  (0s)
    User-Agent: supervive-loadout-shim

#2140 18:37:45.544  GET /revival/loadout
    -> 200  (0s)
    User-Agent: supervive-loadout-shim

#2141 18:37:45.718  GET /revival/loadout
    -> 200  (0s)
    User-Agent: supervive-loadout-shim

#2142 18:37:45.893  GET /revival/loadout
    -> 200  (0s)
    User-Agent: supervive-loadout-shim

#2143 18:37:46.060  GET /revival/loadout
    -> 200  (0s)
    User-Agent: supervive-loadout-shim

#2144 18:37:46.235  GET /revival/loadout
    -> 200  (0s)
    User-Agent: supervive-loadout-shim

#2145 18:37:46.409  GET /revival/loadout
    -> 200  (0s)
    User-Agent: supervive-loadout-shim

#2146 18:37:46.584  GET /revival/loadout
    -> 200  (0s)
    User-Agent: supervive-loadout-shim

#2147 18:37:46.750  GET /revival/loadout
    -> 200  (0s)
    User-Agent: supervive-loadout-shim

#2148 18:37:46.918  GET /revival/loadout
    -> 200  (0s)
    User-Agent: supervive-loadout-shim

#2149 18:37:47.093  GET /revival/loadout
    -> 200  (0s)
    User-Agent: supervive-loadout-shim

#2150 18:37:47.268  GET /revival/loadout
    -> 200  (0s)
    User-Agent: supervive-loadout-shim

#2151 18:37:47.444  GET /revival/loadout
    -> 200  (0s)
    User-Agent: supervive-loadout-shim

#2152 18:37:47.617  GET /revival/loadout
    -> 200  (0s)
    User-Agent: supervive-loadout-shim

#2153 18:37:47.793  GET /revival/loadout
    -> 200  (0s)
    User-Agent: supervive-loadout-shim

#2154 18:37:47.968  GET /revival/loadout
    -> 200  (0s)
    User-Agent: supervive-loadout-shim

#2155 18:37:48.141  GET /revival/loadout
    -> 200  (0s)
    User-Agent: supervive-loadout-shim

#2156 18:37:48.317  GET /revival/loadout
    -> 200  (0s)
    User-Agent: supervive-loadout-shim

#2157 18:37:48.492  GET /revival/loadout
    -> 200  (0s)
    User-Agent: supervive-loadout-shim

#2158 18:37:48.667  GET /revival/loadout
    -> 200  (0s)
    User-Agent: supervive-loadout-shim

#2159 18:37:48.840  GET /revival/loadout
    -> 200  (0s)
    User-Agent: supervive-loadout-shim

#2160 18:37:49.009  GET /revival/loadout
    -> 200  (0s)
    User-Agent: supervive-loadout-shim

#2161 18:37:49.182  GET /revival/loadout
    -> 200  (0s)
    User-Agent: supervive-loadout-shim

#2162 18:37:49.349  GET /revival/loadout
    -> 200  (0s)
    User-Agent: supervive-loadout-shim

#2163 18:37:49.517  GET /revival/loadout
    -> 200  (0s)
    User-Agent: supervive-loadout-shim

#2164 18:37:49.692  GET /revival/loadout
    -> 200  (0s)
    User-Agent: supervive-loadout-shim

#2165 18:37:49.867  GET /revival/loadout
    -> 200  (0s)
    User-Agent: supervive-loadout-shim

#2166 18:37:50.041  GET /revival/loadout
    -> 200  (0s)
    User-Agent: supervive-loadout-shim

#2167 18:37:50.217  GET /revival/loadout
    -> 200  (0s)
    User-Agent: supervive-loadout-shim

#2168 18:37:50.391  GET /revival/loadout
    -> 200  (0s)
    User-Agent: supervive-loadout-shim

* 18:37:50.415  WS <- /lobby TEXT ""

#2169 18:37:50.566  GET /revival/loadout
    -> 200  (0s)
    User-Agent: supervive-loadout-shim

#2170 18:37:50.741  GET /revival/loadout
    -> 200  (0s)
    User-Agent: supervive-loadout-shim

#2171 18:37:50.916  GET /revival/loadout
    -> 200  (0s)
    User-Agent: supervive-loadout-shim

#2172 18:37:51.082  GET /revival/loadout
    -> 200  (0s)
    User-Agent: supervive-loadout-shim

#2173 18:37:51.249  GET /revival/loadout
    -> 200  (0s)
    User-Agent: supervive-loadout-shim

#2174 18:37:51.415  GET /revival/loadout
    -> 200  (0s)
    User-Agent: supervive-loadout-shim

#2175 18:37:51.581  GET /revival/loadout
    -> 200  (0s)
    User-Agent: supervive-loadout-shim

#2176 18:37:51.749  GET /revival/loadout
    -> 200  (0s)
    User-Agent: supervive-loadout-shim

#2177 18:37:51.924  GET /revival/loadout
    -> 200  (0s)
    User-Agent: supervive-loadout-shim

#2178 18:37:52.090  GET /revival/loadout
    -> 200  (0s)
    User-Agent: supervive-loadout-shim

#2179 18:37:52.266  GET /revival/loadout
    -> 200  (0s)
    User-Agent: supervive-loadout-shim

#2180 18:37:52.441  GET /revival/loadout
    -> 200  (0s)
    User-Agent: supervive-loadout-shim

#2181 18:37:52.616  GET /revival/loadout
    -> 200  (0s)
    User-Agent: supervive-loadout-shim

#2182 18:37:52.790  GET /revival/loadout
    -> 200  (0s)
    User-Agent: supervive-loadout-shim

#2183 18:37:52.966  GET /revival/loadout
    -> 200  (0s)
    User-Agent: supervive-loadout-shim

#2184 18:37:53.141  GET /revival/loadout
    -> 200  (0s)
    User-Agent: supervive-loadout-shim

#2185 18:37:53.201  GET /mailbox/config/version
    -> 200  (0s)
    Accept: */*
    X-Theorycraft-Clientversion: release2.4.live-156430-shipping
    Authorization: Bearer eyJhbGciOiJSUzI1NiIsImtpZCI6InN1cGVydml2ZS1yZXZpdmFsLWtleS0xIiwidHlwIjoiSldUIn0.eyJiYW5zIjpbXSwiY2xpZW50X2lkIjoiYmE4ZmI1OWEzNGJiNDgxYWJjYTA4YzQ2YmE0ODgwMjUiLCJjb3VudHJ5IjoiVVMiLCJkaXNwbGF5X25hbWUiOiJSZXZpdmVyIiwiZXhwIjoxNzg2NzM4NjUwLCJpYXQiOjE3ODY2NTIyNTAsImlzX2NvbXBseSI6dHJ1ZSwiamZsZ3MiOjAsIm5hbWVzcGFjZSI6InN1cGVydml2ZSIsIm5iZiI6MTc4NjY1MjE5MCwicGVybWlzc2lvbnMiOlt7IkFjdGlvbiI6MTUsIlJlc291cmNlIjoiTkFNRVNQQUNFOnN1cGVydml2ZToqIn0seyJBY3Rpb24iOjE1LCJSZXNvdXJjZSI6IkFETUlOOk5BTUVTUEFDRTpzdXBlcnZpdmU6KiJ9XSwicm9sZXMiOltdLCJzY29wZSI6ImNvbW1lcmNlIGFjY291bnQgc29jaWFsIHB1Ymxpc2hpbmcgYW5hbHl0aWNzIiwic3ViIjoiOWI5ZDJjODg3ZTI1MjRmOTE4ZTM4M2E4OTVmMmYxYzIiLCJ1bmlxdWVEaXNwbGF5TmFtZSI6IlJldml2ZXIjMDAwMSIsInVuaXF1ZV9kaXNwbGF5X25hbWUiOiJSZXZpdmVyIzAwMDEifQ.S8me6zCTJy1oN7cCA9hQMdHB81PfiOQjPGkisaKCUBzabcSTr1c468GSswCZp1ojqPbBbmOAc-HA5N2o4v-PRiSsk8rqPCyvk3Tx1C5P-rcZZtS-X9XnEtl7wRYgTacQNA_R6vbQgylOOxJ8HarI1u7xWxDlYfxiEDjHEEVHbUlHAE_Oz7PhV80Ms7bc3scLORKG3HPGTqjH9of-EooGUB3k-Xpl9M5eB7A7geV_c8XbzZ0NPELo9dLYVByYKVXzHtk2o0tyzXvdmz-r7FqVYwlN_jOrpiFF_4ti0Wf2ZTI07y-WzKQT1tlXe-OSq86OtwCA0elY-weDLV49mb78gg
    User-Agent: Loki/UE5-CL-0 (http-legacy) Windows/10.0.19045.1.256.64bit

#2187 18:37:53.206  GET /core-game/regions
    -> 200  (0s)
    X-Theorycraft-Clientversion: release2.4.live-156430-shipping
    Authorization: Bearer eyJhbGciOiJSUzI1NiIsImtpZCI6InN1cGVydml2ZS1yZXZpdmFsLWtleS0xIiwidHlwIjoiSldUIn0.eyJiYW5zIjpbXSwiY2xpZW50X2lkIjoiYmE4ZmI1OWEzNGJiNDgxYWJjYTA4YzQ2YmE0ODgwMjUiLCJjb3VudHJ5IjoiVVMiLCJkaXNwbGF5X25hbWUiOiJSZXZpdmVyIiwiZXhwIjoxNzg2NzM4NjUwLCJpYXQiOjE3ODY2NTIyNTAsImlzX2NvbXBseSI6dHJ1ZSwiamZsZ3MiOjAsIm5hbWVzcGFjZSI6InN1cGVydml2ZSIsIm5iZiI6MTc4NjY1MjE5MCwicGVybWlzc2lvbnMiOlt7IkFjdGlvbiI6MTUsIlJlc291cmNlIjoiTkFNRVNQQUNFOnN1cGVydml2ZToqIn0seyJBY3Rpb24iOjE1LCJSZXNvdXJjZSI6IkFETUlOOk5BTUVTUEFDRTpzdXBlcnZpdmU6KiJ9XSwicm9sZXMiOltdLCJzY29wZSI6ImNvbW1lcmNlIGFjY291bnQgc29jaWFsIHB1Ymxpc2hpbmcgYW5hbHl0aWNzIiwic3ViIjoiOWI5ZDJjODg3ZTI1MjRmOTE4ZTM4M2E4OTVmMmYxYzIiLCJ1bmlxdWVEaXNwbGF5TmFtZSI6IlJldml2ZXIjMDAwMSIsInVuaXF1ZV9kaXNwbGF5X25hbWUiOiJSZXZpdmVyIzAwMDEifQ.S8me6zCTJy1oN7cCA9hQMdHB81PfiOQjPGkisaKCUBzabcSTr1c468GSswCZp1ojqPbBbmOAc-HA5N2o4v-PRiSsk8rqPCyvk3Tx1C5P-rcZZtS-X9XnEtl7wRYgTacQNA_R6vbQgylOOxJ8HarI1u7xWxDlYfxiEDjHEEVHbUlHAE_Oz7PhV80Ms7bc3scLORKG3HPGTqjH9of-EooGUB3k-Xpl9M5eB7A7geV_c8XbzZ0NPELo9dLYVByYKVXzHtk2o0tyzXvdmz-r7FqVYwlN_jOrpiFF_4ti0Wf2ZTI07y-WzKQT1tlXe-OSq86OtwCA0elY-weDLV49mb78gg
    User-Agent: Loki/UE5-CL-0 (http-legacy) Windows/10.0.19045.1.256.64bit
    Accept: */*

#2186 18:37:53.201  GET /party/matchmaking/info
    -> 200  (1ms)
    X-Theorycraft-Clientversion: release2.4.live-156430-shipping
    Authorization: Bearer eyJhbGciOiJSUzI1NiIsImtpZCI6InN1cGVydml2ZS1yZXZpdmFsLWtleS0xIiwidHlwIjoiSldUIn0.eyJiYW5zIjpbXSwiY2xpZW50X2lkIjoiYmE4ZmI1OWEzNGJiNDgxYWJjYTA4YzQ2YmE0ODgwMjUiLCJjb3VudHJ5IjoiVVMiLCJkaXNwbGF5X25hbWUiOiJSZXZpdmVyIiwiZXhwIjoxNzg2NzM4NjUwLCJpYXQiOjE3ODY2NTIyNTAsImlzX2NvbXBseSI6dHJ1ZSwiamZsZ3MiOjAsIm5hbWVzcGFjZSI6InN1cGVydml2ZSIsIm5iZiI6MTc4NjY1MjE5MCwicGVybWlzc2lvbnMiOlt7IkFjdGlvbiI6MTUsIlJlc291cmNlIjoiTkFNRVNQQUNFOnN1cGVydml2ZToqIn0seyJBY3Rpb24iOjE1LCJSZXNvdXJjZSI6IkFETUlOOk5BTUVTUEFDRTpzdXBlcnZpdmU6KiJ9XSwicm9sZXMiOltdLCJzY29wZSI6ImNvbW1lcmNlIGFjY291bnQgc29jaWFsIHB1Ymxpc2hpbmcgYW5hbHl0aWNzIiwic3ViIjoiOWI5ZDJjODg3ZTI1MjRmOTE4ZTM4M2E4OTVmMmYxYzIiLCJ1bmlxdWVEaXNwbGF5TmFtZSI6IlJldml2ZXIjMDAwMSIsInVuaXF1ZV9kaXNwbGF5X25hbWUiOiJSZXZpdmVyIzAwMDEifQ.S8me6zCTJy1oN7cCA9hQMdHB81PfiOQjPGkisaKCUBzabcSTr1c468GSswCZp1ojqPbBbmOAc-HA5N2o4v-PRiSsk8rqPCyvk3Tx1C5P-rcZZtS-X9XnEtl7wRYgTacQNA_R6vbQgylOOxJ8HarI1u7xWxDlYfxiEDjHEEVHbUlHAE_Oz7PhV80Ms7bc3scLORKG3HPGTqjH9of-EooGUB3k-Xpl9M5eB7A7geV_c8XbzZ0NPELo9dLYVByYKVXzHtk2o0tyzXvdmz-r7FqVYwlN_jOrpiFF_4ti0Wf2ZTI07y-WzKQT1tlXe-OSq86OtwCA0elY-weDLV49mb78gg
    User-Agent: Loki/UE5-CL-0 (http-legacy) Windows/10.0.19045.1.256.64bit
    Accept: */*

#2188 18:37:53.315  GET /revival/loadout
    -> 200  (0s)
    User-Agent: supervive-loadout-shim

* 18:37:53.359  WS -> /notifications/players/9b9d2c887e2524f918e383a895f2f1c2 BINARY hb (proactive 30s keepalive)

#2189 18:37:53.469  GET /revival/missions/progress
    -> 200  (0s)
    User-Agent: supervive-missions-shim

#2190 18:37:53.498  GET /revival/loadout
    -> 200  (0s)
    User-Agent: supervive-loadout-shim

#2191 18:37:53.681  GET /revival/loadout
    -> 200  (0s)
    User-Agent: supervive-loadout-shim

#2192 18:37:53.848  GET /revival/loadout
    -> 200  (0s)
    User-Agent: supervive-loadout-shim

#2193 18:37:54.024  GET /revival/loadout
    -> 200  (0s)
    User-Agent: supervive-loadout-shim

#2194 18:37:54.198  GET /revival/loadout
    -> 200  (0s)
    User-Agent: supervive-loadout-shim

#2195 18:37:54.364  GET /revival/loadout
    -> 200  (0s)
    User-Agent: supervive-loadout-shim

#2196 18:37:54.531  GET /revival/loadout
    -> 200  (1ms)
    User-Agent: supervive-loadout-shim

#2197 18:37:54.706  GET /revival/loadout
    -> 200  (0s)
    User-Agent: supervive-loadout-shim

#2198 18:37:54.880  GET /revival/loadout
    -> 200  (0s)
    User-Agent: supervive-loadout-shim

#2199 18:37:55.048  GET /revival/loadout
    -> 200  (0s)
    User-Agent: supervive-loadout-shim

#2200 18:37:55.223  GET /revival/loadout
    -> 200  (0s)
    User-Agent: supervive-loadout-shim

#2201 18:37:55.397  GET /revival/loadout
    -> 200  (0s)
    User-Agent: supervive-loadout-shim

#2202 18:37:55.564  GET /revival/loadout
    -> 200  (0s)
    User-Agent: supervive-loadout-shim

#2203 18:37:55.730  GET /revival/loadout
    -> 200  (0s)
    User-Agent: supervive-loadout-shim

#2204 18:37:55.898  GET /revival/loadout
    -> 200  (0s)
    User-Agent: supervive-loadout-shim

#2205 18:37:56.071  GET /revival/loadout
    -> 200  (1ms)
    User-Agent: supervive-loadout-shim

#2206 18:37:56.229  GET /configuration/client?language=en
    -> 200  (0s)
    Accept: */*
    X-Theorycraft-Clientversion: release2.4.live-156430-shipping
    Authorization: Bearer eyJhbGciOiJSUzI1NiIsImtpZCI6InN1cGVydml2ZS1yZXZpdmFsLWtleS0xIiwidHlwIjoiSldUIn0.eyJiYW5zIjpbXSwiY2xpZW50X2lkIjoiYmE4ZmI1OWEzNGJiNDgxYWJjYTA4YzQ2YmE0ODgwMjUiLCJjb3VudHJ5IjoiVVMiLCJkaXNwbGF5X25hbWUiOiJSZXZpdmVyIiwiZXhwIjoxNzg2NzM4NjUwLCJpYXQiOjE3ODY2NTIyNTAsImlzX2NvbXBseSI6dHJ1ZSwiamZsZ3MiOjAsIm5hbWVzcGFjZSI6InN1cGVydml2ZSIsIm5iZiI6MTc4NjY1MjE5MCwicGVybWlzc2lvbnMiOlt7IkFjdGlvbiI6MTUsIlJlc291cmNlIjoiTkFNRVNQQUNFOnN1cGVydml2ZToqIn0seyJBY3Rpb24iOjE1LCJSZXNvdXJjZSI6IkFETUlOOk5BTUVTUEFDRTpzdXBlcnZpdmU6KiJ9XSwicm9sZXMiOltdLCJzY29wZSI6ImNvbW1lcmNlIGFjY291bnQgc29jaWFsIHB1Ymxpc2hpbmcgYW5hbHl0aWNzIiwic3ViIjoiOWI5ZDJjODg3ZTI1MjRmOTE4ZTM4M2E4OTVmMmYxYzIiLCJ1bmlxdWVEaXNwbGF5TmFtZSI6IlJldml2ZXIjMDAwMSIsInVuaXF1ZV9kaXNwbGF5X25hbWUiOiJSZXZpdmVyIzAwMDEifQ.S8me6zCTJy1oN7cCA9hQMdHB81PfiOQjPGkisaKCUBzabcSTr1c468GSswCZp1ojqPbBbmOAc-HA5N2o4v-PRiSsk8rqPCyvk3Tx1C5P-rcZZtS-X9XnEtl7wRYgTacQNA_R6vbQgylOOxJ8HarI1u7xWxDlYfxiEDjHEEVHbUlHAE_Oz7PhV80Ms7bc3scLORKG3HPGTqjH9of-EooGUB3k-Xpl9M5eB7A7geV_c8XbzZ0NPELo9dLYVByYKVXzHtk2o0tyzXvdmz-r7FqVYwlN_jOrpiFF_4ti0Wf2ZTI07y-WzKQT1tlXe-OSq86OtwCA0elY-weDLV49mb78gg
    User-Agent: Loki/UE5-CL-0 (http-legacy) Windows/10.0.19045.1.256.64bit

#2207 18:37:56.247  GET /revival/loadout
    -> 200  (0s)
    User-Agent: supervive-loadout-shim

#2208 18:37:56.320  GET /content-service/manifest/release2.4.live-156430-shipping?nonEnabledOnly=true
    -> 200  (0s)
    User-Agent: Loki/UE5-CL-0 (http-legacy) Windows/10.0.19045.1.256.64bit
    Accept: */*
    X-Theorycraft-Clientversion: release2.4.live-156430-shipping
    Authorization: Bearer eyJhbGciOiJSUzI1NiIsImtpZCI6InN1cGVydml2ZS1yZXZpdmFsLWtleS0xIiwidHlwIjoiSldUIn0.eyJiYW5zIjpbXSwiY2xpZW50X2lkIjoiYmE4ZmI1OWEzNGJiNDgxYWJjYTA4YzQ2YmE0ODgwMjUiLCJjb3VudHJ5IjoiVVMiLCJkaXNwbGF5X25hbWUiOiJSZXZpdmVyIiwiZXhwIjoxNzg2NzM4NjUwLCJpYXQiOjE3ODY2NTIyNTAsImlzX2NvbXBseSI6dHJ1ZSwiamZsZ3MiOjAsIm5hbWVzcGFjZSI6InN1cGVydml2ZSIsIm5iZiI6MTc4NjY1MjE5MCwicGVybWlzc2lvbnMiOlt7IkFjdGlvbiI6MTUsIlJlc291cmNlIjoiTkFNRVNQQUNFOnN1cGVydml2ZToqIn0seyJBY3Rpb24iOjE1LCJSZXNvdXJjZSI6IkFETUlOOk5BTUVTUEFDRTpzdXBlcnZpdmU6KiJ9XSwicm9sZXMiOltdLCJzY29wZSI6ImNvbW1lcmNlIGFjY291bnQgc29jaWFsIHB1Ymxpc2hpbmcgYW5hbHl0aWNzIiwic3ViIjoiOWI5ZDJjODg3ZTI1MjRmOTE4ZTM4M2E4OTVmMmYxYzIiLCJ1bmlxdWVEaXNwbGF5TmFtZSI6IlJldml2ZXIjMDAwMSIsInVuaXF1ZV9kaXNwbGF5X25hbWUiOiJSZXZpdmVyIzAwMDEifQ.S8me6zCTJy1oN7cCA9hQMdHB81PfiOQjPGkisaKCUBzabcSTr1c468GSswCZp1ojqPbBbmOAc-HA5N2o4v-PRiSsk8rqPCyvk3Tx1C5P-rcZZtS-X9XnEtl7wRYgTacQNA_R6vbQgylOOxJ8HarI1u7xWxDlYfxiEDjHEEVHbUlHAE_Oz7PhV80Ms7bc3scLORKG3HPGTqjH9of-EooGUB3k-Xpl9M5eB7A7geV_c8XbzZ0NPELo9dLYVByYKVXzHtk2o0tyzXvdmz-r7FqVYwlN_jOrpiFF_4ti0Wf2ZTI07y-WzKQT1tlXe-OSq86OtwCA0elY-weDLV49mb78gg

#2209 18:37:56.464  GET /revival/loadout
    -> 200  (0s)
    User-Agent: supervive-loadout-shim

#2210 18:37:56.630  GET /revival/loadout
    -> 200  (0s)
    User-Agent: supervive-loadout-shim

#2211 18:37:56.806  GET /revival/loadout
    -> 200  (0s)
    User-Agent: supervive-loadout-shim

#2212 18:37:56.981  GET /revival/loadout
    -> 200  (0s)
    User-Agent: supervive-loadout-shim

#2213 18:37:57.068  GET /party/players/9b9d2c887e2524f918e383a895f2f1c2/voice
    -> 200  (0s)
    Accept: */*
    X-Theorycraft-Clientversion: release2.4.live-156430-shipping
    Authorization: Bearer eyJhbGciOiJSUzI1NiIsImtpZCI6InN1cGVydml2ZS1yZXZpdmFsLWtleS0xIiwidHlwIjoiSldUIn0.eyJiYW5zIjpbXSwiY2xpZW50X2lkIjoiYmE4ZmI1OWEzNGJiNDgxYWJjYTA4YzQ2YmE0ODgwMjUiLCJjb3VudHJ5IjoiVVMiLCJkaXNwbGF5X25hbWUiOiJSZXZpdmVyIiwiZXhwIjoxNzg2NzM4NjUwLCJpYXQiOjE3ODY2NTIyNTAsImlzX2NvbXBseSI6dHJ1ZSwiamZsZ3MiOjAsIm5hbWVzcGFjZSI6InN1cGVydml2ZSIsIm5iZiI6MTc4NjY1MjE5MCwicGVybWlzc2lvbnMiOlt7IkFjdGlvbiI6MTUsIlJlc291cmNlIjoiTkFNRVNQQUNFOnN1cGVydml2ZToqIn0seyJBY3Rpb24iOjE1LCJSZXNvdXJjZSI6IkFETUlOOk5BTUVTUEFDRTpzdXBlcnZpdmU6KiJ9XSwicm9sZXMiOltdLCJzY29wZSI6ImNvbW1lcmNlIGFjY291bnQgc29jaWFsIHB1Ymxpc2hpbmcgYW5hbHl0aWNzIiwic3ViIjoiOWI5ZDJjODg3ZTI1MjRmOTE4ZTM4M2E4OTVmMmYxYzIiLCJ1bmlxdWVEaXNwbGF5TmFtZSI6IlJldml2ZXIjMDAwMSIsInVuaXF1ZV9kaXNwbGF5X25hbWUiOiJSZXZpdmVyIzAwMDEifQ.S8me6zCTJy1oN7cCA9hQMdHB81PfiOQjPGkisaKCUBzabcSTr1c468GSswCZp1ojqPbBbmOAc-HA5N2o4v-PRiSsk8rqPCyvk3Tx1C5P-rcZZtS-X9XnEtl7wRYgTacQNA_R6vbQgylOOxJ8HarI1u7xWxDlYfxiEDjHEEVHbUlHAE_Oz7PhV80Ms7bc3scLORKG3HPGTqjH9of-EooGUB3k-Xpl9M5eB7A7geV_c8XbzZ0NPELo9dLYVByYKVXzHtk2o0tyzXvdmz-r7FqVYwlN_jOrpiFF_4ti0Wf2ZTI07y-WzKQT1tlXe-OSq86OtwCA0elY-weDLV49mb78gg
    User-Agent: Loki/UE5-CL-0 (http-legacy) Windows/10.0.19045.1.256.64bit

#2214 18:37:57.156  GET /revival/loadout
    -> 200  (0s)
    User-Agent: supervive-loadout-shim

#2215 18:37:57.330  GET /revival/loadout
    -> 200  (0s)
    User-Agent: supervive-loadout-shim

#2216 18:37:57.497  GET /revival/loadout
    -> 200  (0s)
    User-Agent: supervive-loadout-shim

#2217 18:37:57.664  GET /revival/loadout
    -> 200  (0s)
    User-Agent: supervive-loadout-shim

#2218 18:37:57.839  GET /revival/loadout
    -> 200  (0s)
    User-Agent: supervive-loadout-shim

#2219 18:37:58.014  GET /revival/loadout
    -> 200  (0s)
    User-Agent: supervive-loadout-shim

#2220 18:37:58.197  GET /revival/loadout
    -> 200  (0s)
    User-Agent: supervive-loadout-shim

#2221 18:37:58.371  GET /revival/loadout
    -> 200  (0s)
    User-Agent: supervive-loadout-shim

#2222 18:37:58.539  GET /revival/loadout
    -> 200  (0s)
    User-Agent: supervive-loadout-shim

#2223 18:37:58.714  GET /revival/loadout
    -> 200  (0s)
    User-Agent: supervive-loadout-shim

#2224 18:37:58.897  GET /revival/loadout
    -> 200  (0s)
    User-Agent: supervive-loadout-shim

#2225 18:37:59.071  GET /revival/loadout
    -> 200  (0s)
    User-Agent: supervive-loadout-shim

#2226 18:37:59.246  GET /revival/loadout
    -> 200  (0s)
    User-Agent: supervive-loadout-shim

#2227 18:37:59.413  GET /revival/loadout
    -> 200  (0s)
    User-Agent: supervive-loadout-shim

#2228 18:37:59.587  GET /revival/loadout
    -> 200  (0s)
    User-Agent: supervive-loadout-shim

#2229 18:37:59.754  GET /revival/loadout
    -> 200  (0s)
    User-Agent: supervive-loadout-shim

#2230 18:37:59.930  GET /revival/loadout
    -> 200  (0s)
    User-Agent: supervive-loadout-shim

#2231 18:38:00.105  GET /revival/loadout
    -> 200  (0s)
    User-Agent: supervive-loadout-shim

#2232 18:38:00.279  GET /revival/loadout
    -> 200  (0s)
    User-Agent: supervive-loadout-shim

#2233 18:38:00.454  GET /revival/loadout
    -> 200  (0s)
    User-Agent: supervive-loadout-shim

#2234 18:38:00.619  GET /revival/loadout
    -> 200  (0s)
    User-Agent: supervive-loadout-shim

#2235 18:38:00.788  GET /revival/loadout
    -> 200  (0s)
    User-Agent: supervive-loadout-shim

#2236 18:38:00.962  GET /revival/loadout
    -> 200  (0s)
    User-Agent: supervive-loadout-shim

#2237 18:38:01.129  GET /revival/loadout
    -> 200  (0s)
    User-Agent: supervive-loadout-shim

#2238 18:38:01.304  GET /revival/loadout
    -> 200  (0s)
    User-Agent: supervive-loadout-shim

#2239 18:38:01.479  GET /revival/loadout
    -> 200  (0s)
    User-Agent: supervive-loadout-shim

#2240 18:38:01.654  GET /revival/loadout
    -> 200  (0s)
    User-Agent: supervive-loadout-shim

#2241 18:38:01.830  GET /revival/loadout
    -> 200  (0s)
    User-Agent: supervive-loadout-shim

#2242 18:38:02.004  GET /revival/loadout
    -> 200  (0s)
    User-Agent: supervive-loadout-shim

#2243 18:38:02.182  GET /revival/loadout
    -> 200  (0s)
    User-Agent: supervive-loadout-shim

#2244 18:38:02.354  GET /revival/loadout
    -> 200  (0s)
    User-Agent: supervive-loadout-shim

#2245 18:38:02.529  GET /revival/loadout
    -> 200  (0s)
    User-Agent: supervive-loadout-shim

#2246 18:38:02.703  GET /revival/loadout
    -> 200  (0s)
    User-Agent: supervive-loadout-shim

#2247 18:38:02.879  GET /revival/loadout
    -> 200  (0s)
    User-Agent: supervive-loadout-shim

#2248 18:38:03.054  GET /revival/loadout
    -> 200  (0s)
    User-Agent: supervive-loadout-shim

#2249 18:38:03.228  GET /revival/loadout
    -> 200  (0s)
    User-Agent: supervive-loadout-shim

#2250 18:38:03.394  GET /revival/loadout
    -> 200  (0s)
    User-Agent: supervive-loadout-shim

#2251 18:38:03.562  GET /revival/loadout
    -> 200  (0s)
    User-Agent: supervive-loadout-shim

#2252 18:38:03.737  GET /revival/loadout
    -> 200  (0s)
    User-Agent: supervive-loadout-shim

#2253 18:38:03.910  GET /revival/loadout
    -> 200  (0s)
    User-Agent: supervive-loadout-shim

#2254 18:38:04.086  GET /revival/loadout
    -> 200  (0s)
    User-Agent: supervive-loadout-shim

#2255 18:38:04.261  GET /revival/loadout
    -> 200  (0s)
    User-Agent: supervive-loadout-shim

#2256 18:38:04.436  GET /revival/loadout
    -> 200  (0s)
    User-Agent: supervive-loadout-shim

#2257 18:38:04.611  GET /revival/loadout
    -> 200  (0s)
    User-Agent: supervive-loadout-shim

#2258 18:38:04.786  GET /revival/loadout
    -> 200  (0s)
    User-Agent: supervive-loadout-shim

#2259 18:38:04.960  GET /revival/loadout
    -> 200  (0s)
    User-Agent: supervive-loadout-shim

#2260 18:38:05.128  GET /revival/loadout
    -> 200  (0s)
    User-Agent: supervive-loadout-shim

#2261 18:38:05.302  GET /revival/loadout
    -> 200  (0s)
    User-Agent: supervive-loadout-shim

#2262 18:38:05.468  GET /revival/loadout
    -> 200  (0s)
    User-Agent: supervive-loadout-shim

#2263 18:38:05.634  GET /revival/loadout
    -> 200  (0s)
    User-Agent: supervive-loadout-shim

#2264 18:38:05.802  GET /revival/loadout
    -> 200  (0s)
    User-Agent: supervive-loadout-shim

#2265 18:38:05.976  GET /revival/loadout
    -> 200  (0s)
    User-Agent: supervive-loadout-shim

#2266 18:38:06.144  GET /revival/loadout
    -> 200  (0s)
    User-Agent: supervive-loadout-shim

#2267 18:38:06.311  GET /revival/loadout
    -> 200  (0s)
    User-Agent: supervive-loadout-shim

#2268 18:38:06.485  GET /revival/loadout
    -> 200  (0s)
    User-Agent: supervive-loadout-shim

#2269 18:38:06.652  GET /revival/loadout
    -> 200  (0s)
    User-Agent: supervive-loadout-shim

#2270 18:38:06.827  GET /revival/loadout
    -> 200  (0s)
    User-Agent: supervive-loadout-shim

#2271 18:38:07.008  GET /revival/loadout
    -> 200  (0s)
    User-Agent: supervive-loadout-shim

#2272 18:38:07.177  GET /revival/loadout
    -> 200  (0s)
    User-Agent: supervive-loadout-shim

#2273 18:38:07.351  GET /revival/loadout
    -> 200  (0s)
    User-Agent: supervive-loadout-shim

#2274 18:38:07.518  GET /revival/loadout
    -> 200  (0s)
    User-Agent: supervive-loadout-shim

#2275 18:38:07.685  GET /revival/loadout
    -> 200  (0s)
    User-Agent: supervive-loadout-shim

#2276 18:38:07.851  GET /revival/loadout
    -> 200  (0s)
    User-Agent: supervive-loadout-shim

#2277 18:38:08.025  GET /revival/loadout
    -> 200  (0s)
    User-Agent: supervive-loadout-shim

#2278 18:38:08.192  GET /revival/loadout
    -> 200  (0s)
    User-Agent: supervive-loadout-shim

#2279 18:38:08.360  GET /revival/loadout
    -> 200  (0s)
    User-Agent: supervive-loadout-shim

#2280 18:38:08.535  GET /revival/loadout
    -> 200  (0s)
    User-Agent: supervive-loadout-shim

#2281 18:38:08.710  GET /revival/loadout
    -> 200  (0s)
    User-Agent: supervive-loadout-shim

#2282 18:38:08.884  GET /revival/loadout
    -> 200  (0s)
    User-Agent: supervive-loadout-shim

#2283 18:38:09.058  GET /revival/loadout
    -> 200  (0s)
    User-Agent: supervive-loadout-shim

#2284 18:38:09.234  GET /revival/loadout
    -> 200  (0s)
    User-Agent: supervive-loadout-shim

#2285 18:38:09.401  GET /revival/loadout
    -> 200  (0s)
    User-Agent: supervive-loadout-shim

#2286 18:38:09.576  GET /revival/loadout
    -> 200  (0s)
    User-Agent: supervive-loadout-shim

#2287 18:38:09.749  GET /revival/loadout
    -> 200  (0s)
    User-Agent: supervive-loadout-shim

#2288 18:38:09.917  GET /revival/loadout
    -> 200  (0s)
    User-Agent: supervive-loadout-shim

#2289 18:38:10.091  GET /revival/loadout
    -> 200  (0s)
    User-Agent: supervive-loadout-shim

#2290 18:38:10.284  GET /revival/loadout
    -> 200  (0s)
    User-Agent: supervive-loadout-shim

#2291 18:38:10.459  GET /revival/loadout
    -> 200  (0s)
    User-Agent: supervive-loadout-shim

#2292 18:38:10.634  GET /revival/loadout
    -> 200  (0s)
    User-Agent: supervive-loadout-shim

#2293 18:38:10.809  GET /revival/loadout
    -> 200  (0s)
    User-Agent: supervive-loadout-shim

#2294 18:38:10.984  GET /revival/loadout
    -> 200  (0s)
    User-Agent: supervive-loadout-shim

#2295 18:38:11.159  GET /revival/loadout
    -> 200  (0s)
    User-Agent: supervive-loadout-shim

#2296 18:38:11.326  GET /revival/loadout
    -> 200  (0s)
    User-Agent: supervive-loadout-shim

#2297 18:38:11.499  GET /revival/loadout
    -> 200  (0s)
    User-Agent: supervive-loadout-shim

#2298 18:38:11.667  GET /revival/loadout
    -> 200  (0s)
    User-Agent: supervive-loadout-shim

#2299 18:38:11.842  GET /revival/loadout
    -> 200  (0s)
    User-Agent: supervive-loadout-shim

#2300 18:38:12.017  GET /revival/loadout
    -> 200  (0s)
    User-Agent: supervive-loadout-shim

#2301 18:38:12.192  GET /revival/loadout
    -> 200  (0s)
    User-Agent: supervive-loadout-shim

#2302 18:38:12.367  GET /revival/loadout
    -> 200  (0s)
    User-Agent: supervive-loadout-shim

#2303 18:38:12.541  GET /revival/loadout
    -> 200  (0s)
    User-Agent: supervive-loadout-shim

#2304 18:38:12.717  GET /revival/loadout
    -> 200  (0s)
    User-Agent: supervive-loadout-shim

#2305 18:38:12.891  GET /revival/loadout
    -> 200  (0s)
    User-Agent: supervive-loadout-shim

#2306 18:38:13.067  GET /revival/loadout
    -> 200  (1ms)
    User-Agent: supervive-loadout-shim

#2307 18:38:13.240  GET /revival/loadout
    -> 200  (1ms)
    User-Agent: supervive-loadout-shim

#2308 18:38:13.408  GET /revival/loadout
    -> 200  (0s)
    User-Agent: supervive-loadout-shim

#2309 18:38:13.574  GET /revival/loadout
    -> 200  (0s)
    User-Agent: supervive-loadout-shim

#2310 18:38:13.749  GET /revival/loadout
    -> 200  (0s)
    User-Agent: supervive-loadout-shim

#2311 18:38:13.915  GET /revival/loadout
    -> 200  (0s)
    User-Agent: supervive-loadout-shim

#2312 18:38:14.083  GET /revival/loadout
    -> 200  (0s)
    User-Agent: supervive-loadout-shim

#2313 18:38:14.258  GET /revival/loadout
    -> 200  (0s)
    User-Agent: supervive-loadout-shim

#2314 18:38:14.432  GET /revival/loadout
    -> 200  (0s)
    User-Agent: supervive-loadout-shim

#2315 18:38:14.608  GET /revival/loadout
    -> 200  (0s)
    User-Agent: supervive-loadout-shim

#2316 18:38:14.781  GET /revival/loadout
    -> 200  (1ms)
    User-Agent: supervive-loadout-shim

#2317 18:38:14.957  GET /revival/loadout
    -> 200  (0s)
    User-Agent: supervive-loadout-shim

#2318 18:38:15.123  GET /revival/loadout
    -> 200  (0s)
    User-Agent: supervive-loadout-shim

#2319 18:38:15.289  GET /revival/loadout
    -> 200  (0s)
    User-Agent: supervive-loadout-shim

#2320 18:38:15.466  GET /revival/loadout
    -> 200  (0s)
    User-Agent: supervive-loadout-shim

#2321 18:38:15.641  GET /revival/loadout
    -> 200  (0s)
    User-Agent: supervive-loadout-shim

* 18:38:15.802  WS PUSH[s118-presence-online-VALIDENUM] -> /lobby TEXT (350 bytes) "type: userStatusNotif\nuserId: f15118aaaaaaaaaaaaaaaaaaaaaaaaaa\navailability: online\nactivity: eyJhIjoiTWVudXMiLCJjViI6InJlbGVhc2UyLjQubGl2ZS0xNTY0MzAtc2hpcHBpbmciLCJwSWQiOiJwYXJ0eS1mMTUxMThhYWFhYWFhYWFhYWFhYWFhYWFhYWFhYWFhYSIsInBRcyI6W10sInBPIjowLCJwUyI6MSwibVBTIjozLCJyayI6MCwicmtQIjowLCJyIjpbXSwiYXZJZCI6IiIsInQiOltdLCJkc0lkIjoiIn0=\nplatform: steam"

#2322 18:38:15.814  GET /revival/loadout
    -> 200  (0s)
    User-Agent: supervive-loadout-shim

#2323 18:38:16.015  GET /revival/loadout
    -> 200  (0s)
    User-Agent: supervive-loadout-shim

#2324 18:38:16.189  GET /revival/loadout
    -> 200  (0s)
    User-Agent: supervive-loadout-shim

#2325 18:38:16.357  GET /revival/loadout
    -> 200  (0s)
    User-Agent: supervive-loadout-shim

#2326 18:38:16.532  GET /revival/loadout
    -> 200  (0s)
    User-Agent: supervive-loadout-shim

#2327 18:38:16.707  GET /revival/loadout
    -> 200  (0s)
    User-Agent: supervive-loadout-shim

#2328 18:38:16.881  GET /revival/loadout
    -> 200  (0s)
    User-Agent: supervive-loadout-shim

#2329 18:38:17.057  GET /revival/loadout
    -> 200  (0s)
    User-Agent: supervive-loadout-shim

#2330 18:38:17.231  GET /revival/loadout
    -> 200  (0s)
    User-Agent: supervive-loadout-shim

#2331 18:38:17.405  GET /revival/loadout
    -> 200  (0s)
    User-Agent: supervive-loadout-shim

#2332 18:38:17.573  GET /revival/loadout
    -> 200  (0s)
    User-Agent: supervive-loadout-shim

#2333 18:38:17.748  GET /revival/loadout
    -> 200  (0s)
    User-Agent: supervive-loadout-shim

#2334 18:38:17.914  GET /revival/loadout
    -> 200  (0s)
    User-Agent: supervive-loadout-shim

#2335 18:38:18.080  GET /revival/loadout
    -> 200  (0s)
    User-Agent: supervive-loadout-shim

* 18:38:18.207  WS <- /notifications/players/9b9d2c887e2524f918e383a895f2f1c2 BINARY (2 bytes) 6862

* 18:38:18.229  WS -> /notifications/players/9b9d2c887e2524f918e383a895f2f1c2 TEXT hb reply {"Resource":"hb","Version":0,"Payload":""}

#2336 18:38:18.247  GET /revival/loadout
    -> 200  (0s)
    User-Agent: supervive-loadout-shim

#2337 18:38:18.480  GET /revival/loadout
    -> 200  (0s)
    User-Agent: supervive-loadout-shim

#2338 18:38:18.646  GET /revival/loadout
    -> 200  (0s)
    User-Agent: supervive-loadout-shim

#2339 18:38:18.814  GET /revival/loadout
    -> 200  (0s)
    User-Agent: supervive-loadout-shim

#2340 18:38:18.988  GET /revival/loadout
    -> 200  (0s)
    User-Agent: supervive-loadout-shim

#2341 18:38:19.155  GET /revival/loadout
    -> 200  (0s)
    User-Agent: supervive-loadout-shim

#2342 18:38:19.323  GET /revival/loadout
    -> 200  (0s)
    User-Agent: supervive-loadout-shim

#2343 18:38:19.531  GET /revival/loadout
    -> 200  (0s)
    User-Agent: supervive-loadout-shim

#2344 18:38:19.714  GET /revival/loadout
    -> 200  (0s)
    User-Agent: supervive-loadout-shim

#2345 18:38:19.889  GET /revival/loadout
    -> 200  (0s)
    User-Agent: supervive-loadout-shim

#2346 18:38:20.065  GET /revival/loadout
    -> 200  (0s)
    User-Agent: supervive-loadout-shim

#2347 18:38:20.289  GET /revival/loadout
    -> 200  (0s)
    User-Agent: supervive-loadout-shim

* 18:38:20.479  WS <- /lobby TEXT ""

#2348 18:38:20.516  GET /revival/loadout
    -> 200  (0s)
    User-Agent: supervive-loadout-shim

#2349 18:38:20.711  GET /revival/loadout
    -> 200  (0s)
    User-Agent: supervive-loadout-shim

#2350 18:38:20.889  GET /revival/loadout
    -> 200  (0s)
    User-Agent: supervive-loadout-shim

#2351 18:38:21.063  GET /revival/loadout
    -> 200  (0s)
    User-Agent: supervive-loadout-shim

#2352 18:38:21.229  GET /revival/loadout
    -> 200  (0s)
    User-Agent: supervive-loadout-shim

#2353 18:38:21.396  GET /revival/loadout
    -> 200  (0s)
    User-Agent: supervive-loadout-shim

#2354 18:38:21.563  GET /revival/loadout
    -> 200  (0s)
    User-Agent: supervive-loadout-shim

#2355 18:38:21.729  GET /revival/loadout
    -> 200  (0s)
    User-Agent: supervive-loadout-shim

#2356 18:38:21.897  GET /revival/loadout
    -> 200  (0s)
    User-Agent: supervive-loadout-shim

#2357 18:38:22.071  GET /revival/loadout
    -> 200  (0s)
    User-Agent: supervive-loadout-shim

#2358 18:38:22.247  GET /revival/loadout
    -> 200  (0s)
    User-Agent: supervive-loadout-shim

#2359 18:38:22.421  GET /revival/loadout
    -> 200  (0s)
    User-Agent: supervive-loadout-shim

#2360 18:38:22.596  GET /revival/loadout
    -> 200  (0s)
    User-Agent: supervive-loadout-shim

#2361 18:38:22.762  GET /revival/loadout
    -> 200  (0s)
    User-Agent: supervive-loadout-shim

#2362 18:38:22.929  GET /revival/loadout
    -> 200  (0s)
    User-Agent: supervive-loadout-shim

#2363 18:38:23.104  GET /revival/loadout
    -> 200  (0s)
    User-Agent: supervive-loadout-shim

#2364 18:38:23.223  GET /party/matchmaking/info
    -> 200  (0s)
    Accept: */*
    Authorization: Bearer eyJhbGciOiJSUzI1NiIsImtpZCI6InN1cGVydml2ZS1yZXZpdmFsLWtleS0xIiwidHlwIjoiSldUIn0.eyJiYW5zIjpbXSwiY2xpZW50X2lkIjoiYmE4ZmI1OWEzNGJiNDgxYWJjYTA4YzQ2YmE0ODgwMjUiLCJjb3VudHJ5IjoiVVMiLCJkaXNwbGF5X25hbWUiOiJSZXZpdmVyIiwiZXhwIjoxNzg2NzM4NjUwLCJpYXQiOjE3ODY2NTIyNTAsImlzX2NvbXBseSI6dHJ1ZSwiamZsZ3MiOjAsIm5hbWVzcGFjZSI6InN1cGVydml2ZSIsIm5iZiI6MTc4NjY1MjE5MCwicGVybWlzc2lvbnMiOlt7IkFjdGlvbiI6MTUsIlJlc291cmNlIjoiTkFNRVNQQUNFOnN1cGVydml2ZToqIn0seyJBY3Rpb24iOjE1LCJSZXNvdXJjZSI6IkFETUlOOk5BTUVTUEFDRTpzdXBlcnZpdmU6KiJ9XSwicm9sZXMiOltdLCJzY29wZSI6ImNvbW1lcmNlIGFjY291bnQgc29jaWFsIHB1Ymxpc2hpbmcgYW5hbHl0aWNzIiwic3ViIjoiOWI5ZDJjODg3ZTI1MjRmOTE4ZTM4M2E4OTVmMmYxYzIiLCJ1bmlxdWVEaXNwbGF5TmFtZSI6IlJldml2ZXIjMDAwMSIsInVuaXF1ZV9kaXNwbGF5X25hbWUiOiJSZXZpdmVyIzAwMDEifQ.S8me6zCTJy1oN7cCA9hQMdHB81PfiOQjPGkisaKCUBzabcSTr1c468GSswCZp1ojqPbBbmOAc-HA5N2o4v-PRiSsk8rqPCyvk3Tx1C5P-rcZZtS-X9XnEtl7wRYgTacQNA_R6vbQgylOOxJ8HarI1u7xWxDlYfxiEDjHEEVHbUlHAE_Oz7PhV80Ms7bc3scLORKG3HPGTqjH9of-EooGUB3k-Xpl9M5eB7A7geV_c8XbzZ0NPELo9dLYVByYKVXzHtk2o0tyzXvdmz-r7FqVYwlN_jOrpiFF_4ti0Wf2ZTI07y-WzKQT1tlXe-OSq86OtwCA0elY-weDLV49mb78gg
    User-Agent: Loki/UE5-CL-0 (http-legacy) Windows/10.0.19045.1.256.64bit
    X-Theorycraft-Clientversion: release2.4.live-156430-shipping

#2365 18:38:23.279  GET /revival/loadout
    -> 200  (0s)
    User-Agent: supervive-loadout-shim

#2366 18:38:23.455  GET /revival/loadout
    -> 200  (0s)
    User-Agent: supervive-loadout-shim

#2367 18:38:23.489  GET /revival/missions/progress
    -> 200  (0s)
    User-Agent: supervive-missions-shim

#2368 18:38:23.627  GET /revival/loadout
    -> 200  (0s)
    User-Agent: supervive-loadout-shim

#2369 18:38:23.795  GET /revival/loadout
    -> 200  (0s)
    User-Agent: supervive-loadout-shim

#2370 18:38:23.961  GET /revival/loadout
    -> 200  (0s)
    User-Agent: supervive-loadout-shim

#2371 18:38:24.138  GET /revival/loadout
    -> 200  (0s)
    User-Agent: supervive-loadout-shim

#2372 18:38:24.311  GET /revival/loadout
    -> 200  (0s)
    User-Agent: supervive-loadout-shim

#2373 18:38:24.487  GET /revival/loadout
    -> 200  (0s)
    User-Agent: supervive-loadout-shim

#2374 18:38:24.654  GET /revival/loadout
    -> 200  (0s)
    User-Agent: supervive-loadout-shim

#2375 18:38:24.828  GET /revival/loadout
    -> 200  (0s)
    User-Agent: supervive-loadout-shim

#2376 18:38:24.995  GET /revival/loadout
    -> 200  (0s)
    User-Agent: supervive-loadout-shim

#2377 18:38:25.161  GET /revival/loadout
    -> 200  (1ms)
    User-Agent: supervive-loadout-shim

#2378 18:38:25.336  GET /revival/loadout
    -> 200  (0s)
    User-Agent: supervive-loadout-shim

#2379 18:38:25.503  GET /revival/loadout
    -> 200  (0s)
    User-Agent: supervive-loadout-shim

#2380 18:38:25.670  GET /revival/loadout
    -> 200  (0s)
    User-Agent: supervive-loadout-shim

#2381 18:38:25.837  GET /revival/loadout
    -> 200  (0s)
    User-Agent: supervive-loadout-shim

#2382 18:38:26.012  GET /revival/loadout
    -> 200  (0s)
    User-Agent: supervive-loadout-shim

#2383 18:38:26.187  GET /revival/loadout
    -> 200  (0s)
    User-Agent: supervive-loadout-shim

#2384 18:38:26.226  GET /configuration/client?language=en
    -> 200  (0s)
    Accept: */*
    X-Theorycraft-Clientversion: release2.4.live-156430-shipping
    Authorization: Bearer eyJhbGciOiJSUzI1NiIsImtpZCI6InN1cGVydml2ZS1yZXZpdmFsLWtleS0xIiwidHlwIjoiSldUIn0.eyJiYW5zIjpbXSwiY2xpZW50X2lkIjoiYmE4ZmI1OWEzNGJiNDgxYWJjYTA4YzQ2YmE0ODgwMjUiLCJjb3VudHJ5IjoiVVMiLCJkaXNwbGF5X25hbWUiOiJSZXZpdmVyIiwiZXhwIjoxNzg2NzM4NjUwLCJpYXQiOjE3ODY2NTIyNTAsImlzX2NvbXBseSI6dHJ1ZSwiamZsZ3MiOjAsIm5hbWVzcGFjZSI6InN1cGVydml2ZSIsIm5iZiI6MTc4NjY1MjE5MCwicGVybWlzc2lvbnMiOlt7IkFjdGlvbiI6MTUsIlJlc291cmNlIjoiTkFNRVNQQUNFOnN1cGVydml2ZToqIn0seyJBY3Rpb24iOjE1LCJSZXNvdXJjZSI6IkFETUlOOk5BTUVTUEFDRTpzdXBlcnZpdmU6KiJ9XSwicm9sZXMiOltdLCJzY29wZSI6ImNvbW1lcmNlIGFjY291bnQgc29jaWFsIHB1Ymxpc2hpbmcgYW5hbHl0aWNzIiwic3ViIjoiOWI5ZDJjODg3ZTI1MjRmOTE4ZTM4M2E4OTVmMmYxYzIiLCJ1bmlxdWVEaXNwbGF5TmFtZSI6IlJldml2ZXIjMDAwMSIsInVuaXF1ZV9kaXNwbGF5X25hbWUiOiJSZXZpdmVyIzAwMDEifQ.S8me6zCTJy1oN7cCA9hQMdHB81PfiOQjPGkisaKCUBzabcSTr1c468GSswCZp1ojqPbBbmOAc-HA5N2o4v-PRiSsk8rqPCyvk3Tx1C5P-rcZZtS-X9XnEtl7wRYgTacQNA_R6vbQgylOOxJ8HarI1u7xWxDlYfxiEDjHEEVHbUlHAE_Oz7PhV80Ms7bc3scLORKG3HPGTqjH9of-EooGUB3k-Xpl9M5eB7A7geV_c8XbzZ0NPELo9dLYVByYKVXzHtk2o0tyzXvdmz-r7FqVYwlN_jOrpiFF_4ti0Wf2ZTI07y-WzKQT1tlXe-OSq86OtwCA0elY-weDLV49mb78gg
    User-Agent: Loki/UE5-CL-0 (http-legacy) Windows/10.0.19045.1.256.64bit

#2385 18:38:26.328  GET /content-service/manifest/release2.4.live-156430-shipping?nonEnabledOnly=true
    -> 200  (0s)
    Accept: */*
    X-Theorycraft-Clientversion: release2.4.live-156430-shipping
    Authorization: Bearer eyJhbGciOiJSUzI1NiIsImtpZCI6InN1cGVydml2ZS1yZXZpdmFsLWtleS0xIiwidHlwIjoiSldUIn0.eyJiYW5zIjpbXSwiY2xpZW50X2lkIjoiYmE4ZmI1OWEzNGJiNDgxYWJjYTA4YzQ2YmE0ODgwMjUiLCJjb3VudHJ5IjoiVVMiLCJkaXNwbGF5X25hbWUiOiJSZXZpdmVyIiwiZXhwIjoxNzg2NzM4NjUwLCJpYXQiOjE3ODY2NTIyNTAsImlzX2NvbXBseSI6dHJ1ZSwiamZsZ3MiOjAsIm5hbWVzcGFjZSI6InN1cGVydml2ZSIsIm5iZiI6MTc4NjY1MjE5MCwicGVybWlzc2lvbnMiOlt7IkFjdGlvbiI6MTUsIlJlc291cmNlIjoiTkFNRVNQQUNFOnN1cGVydml2ZToqIn0seyJBY3Rpb24iOjE1LCJSZXNvdXJjZSI6IkFETUlOOk5BTUVTUEFDRTpzdXBlcnZpdmU6KiJ9XSwicm9sZXMiOltdLCJzY29wZSI6ImNvbW1lcmNlIGFjY291bnQgc29jaWFsIHB1Ymxpc2hpbmcgYW5hbHl0aWNzIiwic3ViIjoiOWI5ZDJjODg3ZTI1MjRmOTE4ZTM4M2E4OTVmMmYxYzIiLCJ1bmlxdWVEaXNwbGF5TmFtZSI6IlJldml2ZXIjMDAwMSIsInVuaXF1ZV9kaXNwbGF5X25hbWUiOiJSZXZpdmVyIzAwMDEifQ.S8me6zCTJy1oN7cCA9hQMdHB81PfiOQjPGkisaKCUBzabcSTr1c468GSswCZp1ojqPbBbmOAc-HA5N2o4v-PRiSsk8rqPCyvk3Tx1C5P-rcZZtS-X9XnEtl7wRYgTacQNA_R6vbQgylOOxJ8HarI1u7xWxDlYfxiEDjHEEVHbUlHAE_Oz7PhV80Ms7bc3scLORKG3HPGTqjH9of-EooGUB3k-Xpl9M5eB7A7geV_c8XbzZ0NPELo9dLYVByYKVXzHtk2o0tyzXvdmz-r7FqVYwlN_jOrpiFF_4ti0Wf2ZTI07y-WzKQT1tlXe-OSq86OtwCA0elY-weDLV49mb78gg
    User-Agent: Loki/UE5-CL-0 (http-legacy) Windows/10.0.19045.1.256.64bit

#2386 18:38:26.360  GET /revival/loadout
    -> 200  (0s)
    User-Agent: supervive-loadout-shim

#2387 18:38:26.544  GET /revival/loadout
    -> 200  (0s)
    User-Agent: supervive-loadout-shim

#2388 18:38:26.720  GET /revival/loadout
    -> 200  (0s)
    User-Agent: supervive-loadout-shim

#2389 18:38:26.894  GET /revival/loadout
    -> 200  (0s)
    User-Agent: supervive-loadout-shim

#2390 18:38:27.069  GET /revival/loadout
    -> 200  (1ms)
    User-Agent: supervive-loadout-shim

#2391 18:38:27.245  GET /revival/loadout
    -> 200  (0s)
    User-Agent: supervive-loadout-shim

#2392 18:38:27.419  GET /revival/loadout
    -> 200  (1ms)
    User-Agent: supervive-loadout-shim

#2393 18:38:27.525  POST /game-telemetry/v1/protected/events
    -> 200  (1ms)
    Content-Type: application/json
    Accept: application/json
    Game-Client-Version: 1.0.0.0
    Authorization: Bearer eyJhbGciOiJSUzI1NiIsImtpZCI6InN1cGVydml2ZS1yZXZpdmFsLWtleS0xIiwidHlwIjoiSldUIn0.eyJiYW5zIjpbXSwiY2xpZW50X2lkIjoiYmE4ZmI1OWEzNGJiNDgxYWJjYTA4YzQ2YmE0ODgwMjUiLCJjb3VudHJ5IjoiVVMiLCJkaXNwbGF5X25hbWUiOiJSZXZpdmVyIiwiZXhwIjoxNzg2NzM4NjUwLCJpYXQiOjE3ODY2NTIyNTAsImlzX2NvbXBseSI6dHJ1ZSwiamZsZ3MiOjAsIm5hbWVzcGFjZSI6InN1cGVydml2ZSIsIm5iZiI6MTc4NjY1MjE5MCwicGVybWlzc2lvbnMiOlt7IkFjdGlvbiI6MTUsIlJlc291cmNlIjoiTkFNRVNQQUNFOnN1cGVydml2ZToqIn0seyJBY3Rpb24iOjE1LCJSZXNvdXJjZSI6IkFETUlOOk5BTUVTUEFDRTpzdXBlcnZpdmU6KiJ9XSwicm9sZXMiOltdLCJzY29wZSI6ImNvbW1lcmNlIGFjY291bnQgc29jaWFsIHB1Ymxpc2hpbmcgYW5hbHl0aWNzIiwic3ViIjoiOWI5ZDJjODg3ZTI1MjRmOTE4ZTM4M2E4OTVmMmYxYzIiLCJ1bmlxdWVEaXNwbGF5TmFtZSI6IlJldml2ZXIjMDAwMSIsInVuaXF1ZV9kaXNwbGF5X25hbWUiOiJSZXZpdmVyIzAwMDEifQ.S8me6zCTJy1oN7cCA9hQMdHB81PfiOQjPGkisaKCUBzabcSTr1c468GSswCZp1ojqPbBbmOAc-HA5N2o4v-PRiSsk8rqPCyvk3Tx1C5P-rcZZtS-X9XnEtl7wRYgTacQNA_R6vbQgylOOxJ8HarI1u7xWxDlYfxiEDjHEEVHbUlHAE_Oz7PhV80Ms7bc3scLORKG3HPGTqjH9of-EooGUB3k-Xpl9M5eB7A7geV_c8XbzZ0NPELo9dLYVByYKVXzHtk2o0tyzXvdmz-r7FqVYwlN_jOrpiFF_4ti0Wf2ZTI07y-WzKQT1tlXe-OSq86OtwCA0elY-weDLV49mb78gg
    User-Agent: Loki/UE5-CL-0 (http-legacy) Windows/10.0.19045.1.256.64bit
    body: [
	{
		"EventNamespace": "loki",
		"EventName": "client_network_samples_snapshot",
		"Payload":
		{
			"sessionId": "567f77cd4269be09df02edb258c46222",
			"PlayerId": "9b9d2c887e2524f918e383a895f2f1c2",
			"timestamp": "2026-08-13T23:37:38.882Z",
			"inAveragePacketLoss": 0,
			"outAveragePacketLoss": 0,
			"HardwareId": "c1795a173f53c6f72e8b0125f11309c6"
		},
		"ClientTimestamp": "2026-08-13T23:38:26.575Z",
		"flightId": "34fe5245425ef9d90b4cd3a77b270727",
		"DeviceType": "Windows"
	}
]

#2394 18:38:27.594  GET /revival/loadout
    -> 200  (0s)
    User-Agent: supervive-loadout-shim

#2395 18:38:27.760  GET /revival/loadout
    -> 200  (0s)
    User-Agent: supervive-loadout-shim

#2396 18:38:27.928  GET /revival/loadout
    -> 200  (0s)
    User-Agent: supervive-loadout-shim

#2397 18:38:28.058  GET /party/players/9b9d2c887e2524f918e383a895f2f1c2/voice
    -> 200  (0s)
    X-Theorycraft-Clientversion: release2.4.live-156430-shipping
    Authorization: Bearer eyJhbGciOiJSUzI1NiIsImtpZCI6InN1cGVydml2ZS1yZXZpdmFsLWtleS0xIiwidHlwIjoiSldUIn0.eyJiYW5zIjpbXSwiY2xpZW50X2lkIjoiYmE4ZmI1OWEzNGJiNDgxYWJjYTA4YzQ2YmE0ODgwMjUiLCJjb3VudHJ5IjoiVVMiLCJkaXNwbGF5X25hbWUiOiJSZXZpdmVyIiwiZXhwIjoxNzg2NzM4NjUwLCJpYXQiOjE3ODY2NTIyNTAsImlzX2NvbXBseSI6dHJ1ZSwiamZsZ3MiOjAsIm5hbWVzcGFjZSI6InN1cGVydml2ZSIsIm5iZiI6MTc4NjY1MjE5MCwicGVybWlzc2lvbnMiOlt7IkFjdGlvbiI6MTUsIlJlc291cmNlIjoiTkFNRVNQQUNFOnN1cGVydml2ZToqIn0seyJBY3Rpb24iOjE1LCJSZXNvdXJjZSI6IkFETUlOOk5BTUVTUEFDRTpzdXBlcnZpdmU6KiJ9XSwicm9sZXMiOltdLCJzY29wZSI6ImNvbW1lcmNlIGFjY291bnQgc29jaWFsIHB1Ymxpc2hpbmcgYW5hbHl0aWNzIiwic3ViIjoiOWI5ZDJjODg3ZTI1MjRmOTE4ZTM4M2E4OTVmMmYxYzIiLCJ1bmlxdWVEaXNwbGF5TmFtZSI6IlJldml2ZXIjMDAwMSIsInVuaXF1ZV9kaXNwbGF5X25hbWUiOiJSZXZpdmVyIzAwMDEifQ.S8me6zCTJy1oN7cCA9hQMdHB81PfiOQjPGkisaKCUBzabcSTr1c468GSswCZp1ojqPbBbmOAc-HA5N2o4v-PRiSsk8rqPCyvk3Tx1C5P-rcZZtS-X9XnEtl7wRYgTacQNA_R6vbQgylOOxJ8HarI1u7xWxDlYfxiEDjHEEVHbUlHAE_Oz7PhV80Ms7bc3scLORKG3HPGTqjH9of-EooGUB3k-Xpl9M5eB7A7geV_c8XbzZ0NPELo9dLYVByYKVXzHtk2o0tyzXvdmz-r7FqVYwlN_jOrpiFF_4ti0Wf2ZTI07y-WzKQT1tlXe-OSq86OtwCA0elY-weDLV49mb78gg
    User-Agent: Loki/UE5-CL-0 (http-legacy) Windows/10.0.19045.1.256.64bit
    Accept: */*

#2398 18:38:28.103  GET /revival/loadout
    -> 200  (0s)
    User-Agent: supervive-loadout-shim

#2399 18:38:28.278  GET /revival/loadout
    -> 200  (0s)
    User-Agent: supervive-loadout-shim

#2400 18:38:28.452  GET /revival/loadout
    -> 200  (0s)
    User-Agent: supervive-loadout-shim

#2401 18:38:28.619  GET /revival/loadout
    -> 200  (0s)
    User-Agent: supervive-loadout-shim

#2402 18:38:28.794  GET /revival/loadout
    -> 200  (0s)
    User-Agent: supervive-loadout-shim

#2403 18:38:28.977  GET /revival/loadout
    -> 200  (0s)
    User-Agent: supervive-loadout-shim

#2404 18:38:29.151  GET /revival/loadout
    -> 200  (0s)
    User-Agent: supervive-loadout-shim

#2405 18:38:29.326  GET /revival/loadout
    -> 200  (0s)
    User-Agent: supervive-loadout-shim

#2406 18:38:29.494  GET /revival/loadout
    -> 200  (0s)
    User-Agent: supervive-loadout-shim

#2407 18:38:29.669  GET /revival/loadout
    -> 200  (0s)
    User-Agent: supervive-loadout-shim

#2408 18:38:29.844  GET /revival/loadout
    -> 200  (0s)
    User-Agent: supervive-loadout-shim

#2409 18:38:30.018  GET /revival/loadout
    -> 200  (0s)
    User-Agent: supervive-loadout-shim

#2410 18:38:30.191  GET /revival/loadout
    -> 200  (1ms)
    User-Agent: supervive-loadout-shim

#2411 18:38:30.368  GET /revival/loadout
    -> 200  (0s)
    User-Agent: supervive-loadout-shim

#2412 18:38:30.545  GET /revival/loadout
    -> 200  (0s)
    User-Agent: supervive-loadout-shim

#2413 18:38:30.715  GET /revival/loadout
    -> 200  (0s)
    User-Agent: supervive-loadout-shim

#2414 18:38:30.893  GET /revival/loadout
    -> 200  (0s)
    User-Agent: supervive-loadout-shim

#2415 18:38:31.059  GET /revival/loadout
    -> 200  (0s)
    User-Agent: supervive-loadout-shim

#2416 18:38:31.235  GET /revival/loadout
    -> 200  (0s)
    User-Agent: supervive-loadout-shim

#2417 18:38:31.410  GET /revival/loadout
    -> 200  (0s)
    User-Agent: supervive-loadout-shim

#2418 18:38:31.615  GET /revival/loadout
    -> 200  (0s)
    User-Agent: supervive-loadout-shim

#2419 18:38:31.803  GET /revival/loadout
    -> 200  (0s)
    User-Agent: supervive-loadout-shim

#2420 18:38:31.977  GET /revival/loadout
    -> 200  (0s)
    User-Agent: supervive-loadout-shim

#2421 18:38:32.151  GET /revival/loadout
    -> 200  (0s)
    User-Agent: supervive-loadout-shim

#2422 18:38:32.341  GET /revival/loadout
    -> 200  (0s)
    User-Agent: supervive-loadout-shim

#2423 18:38:32.543  GET /revival/loadout
    -> 200  (0s)
    User-Agent: supervive-loadout-shim

#2424 18:38:32.735  GET /revival/loadout
    -> 200  (0s)
    User-Agent: supervive-loadout-shim

#2425 18:38:32.909  GET /revival/loadout
    -> 200  (0s)
    User-Agent: supervive-loadout-shim

#2426 18:38:33.084  GET /revival/loadout
    -> 200  (0s)
    User-Agent: supervive-loadout-shim

#2427 18:38:33.259  GET /revival/loadout
    -> 200  (0s)
    User-Agent: supervive-loadout-shim

#2428 18:38:33.434  GET /revival/loadout
    -> 200  (0s)
    User-Agent: supervive-loadout-shim

#2429 18:38:33.609  GET /revival/loadout
    -> 200  (0s)
    User-Agent: supervive-loadout-shim

#2430 18:38:33.784  GET /revival/loadout
    -> 200  (0s)
    User-Agent: supervive-loadout-shim

#2431 18:38:33.961  GET /revival/loadout
    -> 200  (1ms)
    User-Agent: supervive-loadout-shim

#2432 18:38:34.149  GET /revival/loadout
    -> 200  (0s)
    User-Agent: supervive-loadout-shim

#2433 18:38:34.317  GET /revival/loadout
    -> 200  (0s)
    User-Agent: supervive-loadout-shim

#2434 18:38:34.492  GET /revival/loadout
    -> 200  (0s)
    User-Agent: supervive-loadout-shim

#2435 18:38:34.673  GET /revival/loadout
    -> 200  (0s)
    User-Agent: supervive-loadout-shim

#2436 18:38:34.845  GET /revival/loadout
    -> 200  (0s)
    User-Agent: supervive-loadout-shim

#2437 18:38:35.022  GET /revival/loadout
    -> 200  (0s)
    User-Agent: supervive-loadout-shim

#2438 18:38:35.192  GET /revival/loadout
    -> 200  (0s)
    User-Agent: supervive-loadout-shim

#2439 18:38:35.367  GET /revival/loadout
    -> 200  (0s)
    User-Agent: supervive-loadout-shim

#2440 18:38:35.541  GET /revival/loadout
    -> 200  (0s)
    User-Agent: supervive-loadout-shim

#2441 18:38:35.717  GET /revival/loadout
    -> 200  (0s)
    User-Agent: supervive-loadout-shim

#2442 18:38:35.890  GET /revival/loadout
    -> 200  (1ms)
    User-Agent: supervive-loadout-shim

#2443 18:38:36.074  GET /revival/loadout
    -> 200  (1ms)
    User-Agent: supervive-loadout-shim

#2444 18:38:36.250  GET /revival/loadout
    -> 200  (0s)
    User-Agent: supervive-loadout-shim

#2445 18:38:36.425  GET /revival/loadout
    -> 200  (0s)
    User-Agent: supervive-loadout-shim

#2446 18:38:36.599  GET /revival/loadout
    -> 200  (0s)
    User-Agent: supervive-loadout-shim

#2447 18:38:36.775  GET /revival/loadout
    -> 200  (0s)
    User-Agent: supervive-loadout-shim

#2448 18:38:36.949  GET /revival/loadout
    -> 200  (0s)
    User-Agent: supervive-loadout-shim

#2449 18:38:37.116  GET /revival/loadout
    -> 200  (0s)
    User-Agent: supervive-loadout-shim

#2450 18:38:37.290  GET /revival/loadout
    -> 200  (1ms)
    User-Agent: supervive-loadout-shim

#2451 18:38:37.466  GET /revival/loadout
    -> 200  (0s)
    User-Agent: supervive-loadout-shim

#2452 18:38:37.640  GET /revival/loadout
    -> 200  (0s)
    User-Agent: supervive-loadout-shim

#2453 18:38:37.816  GET /revival/loadout
    -> 200  (0s)
    User-Agent: supervive-loadout-shim

#2454 18:38:37.989  GET /revival/loadout
    -> 200  (0s)
    User-Agent: supervive-loadout-shim

#2455 18:38:38.165  GET /revival/loadout
    -> 200  (0s)
    User-Agent: supervive-loadout-shim

#2456 18:38:38.332  GET /revival/loadout
    -> 200  (0s)
    User-Agent: supervive-loadout-shim

#2457 18:38:38.499  GET /revival/loadout
    -> 200  (0s)
    User-Agent: supervive-loadout-shim

#2458 18:38:38.674  GET /revival/loadout
    -> 200  (0s)
    User-Agent: supervive-loadout-shim

#2459 18:38:38.848  GET /revival/loadout
    -> 200  (0s)
    User-Agent: supervive-loadout-shim

#2460 18:38:39.024  GET /revival/loadout
    -> 200  (0s)
    User-Agent: supervive-loadout-shim

#2461 18:38:39.198  GET /revival/loadout
    -> 200  (0s)
    User-Agent: supervive-loadout-shim

#2462 18:38:39.373  GET /revival/loadout
    -> 200  (0s)
    User-Agent: supervive-loadout-shim

#2463 18:38:39.539  GET /revival/loadout
    -> 200  (0s)
    User-Agent: supervive-loadout-shim

#2464 18:38:39.715  GET /revival/loadout
    -> 200  (0s)
    User-Agent: supervive-loadout-shim

#2465 18:38:39.914  GET /revival/loadout
    -> 200  (0s)
    User-Agent: supervive-loadout-shim

#2466 18:38:40.081  GET /revival/loadout
    -> 200  (0s)
    User-Agent: supervive-loadout-shim

#2467 18:38:40.256  GET /revival/loadout
    -> 200  (0s)
    User-Agent: supervive-loadout-shim

#2468 18:38:40.423  GET /revival/loadout
    -> 200  (0s)
    User-Agent: supervive-loadout-shim

#2469 18:38:40.621  GET /revival/loadout
    -> 200  (0s)
    User-Agent: supervive-loadout-shim

#2470 18:38:40.788  GET /revival/loadout
    -> 200  (1ms)
    User-Agent: supervive-loadout-shim

#2471 18:38:40.965  GET /revival/loadout
    -> 200  (0s)
    User-Agent: supervive-loadout-shim

#2472 18:38:41.139  GET /revival/loadout
    -> 200  (0s)
    User-Agent: supervive-loadout-shim

#2473 18:38:41.372  GET /revival/loadout
    -> 200  (0s)
    User-Agent: supervive-loadout-shim

#2474 18:38:41.546  GET /revival/loadout
    -> 200  (0s)
    User-Agent: supervive-loadout-shim

#2475 18:38:41.714  GET /revival/loadout
    -> 200  (0s)
    User-Agent: supervive-loadout-shim

#2476 18:38:41.889  GET /revival/loadout
    -> 200  (0s)
    User-Agent: supervive-loadout-shim

#2477 18:38:42.064  GET /revival/loadout
    -> 200  (0s)
    User-Agent: supervive-loadout-shim

#2478 18:38:42.247  GET /revival/loadout
    -> 200  (0s)
    User-Agent: supervive-loadout-shim

#2479 18:38:42.413  GET /revival/loadout
    -> 200  (0s)
    User-Agent: supervive-loadout-shim

#2480 18:38:42.580  GET /revival/loadout
    -> 200  (0s)
    User-Agent: supervive-loadout-shim

#2481 18:38:42.755  GET /revival/loadout
    -> 200  (0s)
    User-Agent: supervive-loadout-shim

#2482 18:38:42.922  GET /revival/loadout
    -> 200  (0s)
    User-Agent: supervive-loadout-shim

#2483 18:38:43.098  GET /revival/loadout
    -> 200  (0s)
    User-Agent: supervive-loadout-shim

#2484 18:38:43.271  GET /revival/loadout
    -> 200  (0s)
    User-Agent: supervive-loadout-shim

#2485 18:38:43.437  GET /revival/loadout
    -> 200  (0s)
    User-Agent: supervive-loadout-shim

#2486 18:38:43.605  GET /revival/loadout
    -> 200  (0s)
    User-Agent: supervive-loadout-shim

#2487 18:38:43.780  GET /revival/loadout
    -> 200  (0s)
    User-Agent: supervive-loadout-shim

#2488 18:38:43.955  GET /revival/loadout
    -> 200  (0s)
    User-Agent: supervive-loadout-shim

#2489 18:38:44.121  GET /revival/loadout
    -> 200  (0s)
    User-Agent: supervive-loadout-shim

#2490 18:38:44.296  GET /revival/loadout
    -> 200  (0s)
    User-Agent: supervive-loadout-shim

#2491 18:38:44.463  GET /revival/loadout
    -> 200  (0s)
    User-Agent: supervive-loadout-shim

#2492 18:38:44.629  GET /revival/loadout
    -> 200  (0s)
    User-Agent: supervive-loadout-shim

#2493 18:38:44.805  GET /revival/loadout
    -> 200  (0s)
    User-Agent: supervive-loadout-shim

#2494 18:38:44.978  GET /revival/loadout
    -> 200  (1ms)
    User-Agent: supervive-loadout-shim

#2495 18:38:45.154  GET /revival/loadout
    -> 200  (0s)
    User-Agent: supervive-loadout-shim

#2496 18:38:45.321  GET /revival/loadout
    -> 200  (0s)
    User-Agent: supervive-loadout-shim

#2497 18:38:45.496  GET /revival/loadout
    -> 200  (0s)
    User-Agent: supervive-loadout-shim

#2498 18:38:45.671  GET /revival/loadout
    -> 200  (0s)
    User-Agent: supervive-loadout-shim

#2499 18:38:45.837  GET /revival/loadout
    -> 200  (0s)
    User-Agent: supervive-loadout-shim

#2500 18:38:46.012  GET /revival/loadout
    -> 200  (0s)
    User-Agent: supervive-loadout-shim

#2501 18:38:46.187  GET /revival/loadout
    -> 200  (0s)
    User-Agent: supervive-loadout-shim

#2502 18:38:46.354  GET /revival/loadout
    -> 200  (0s)
    User-Agent: supervive-loadout-shim

#2503 18:38:46.528  GET /revival/loadout
    -> 200  (0s)
    User-Agent: supervive-loadout-shim

#2504 18:38:46.695  GET /revival/loadout
    -> 200  (0s)
    User-Agent: supervive-loadout-shim

#2505 18:38:46.870  GET /revival/loadout
    -> 200  (0s)
    User-Agent: supervive-loadout-shim

#2506 18:38:47.046  GET /revival/loadout
    -> 200  (0s)
    User-Agent: supervive-loadout-shim

#2507 18:38:47.219  GET /revival/loadout
    -> 200  (1ms)
    User-Agent: supervive-loadout-shim

#2508 18:38:47.396  GET /revival/loadout
    -> 200  (0s)
    User-Agent: supervive-loadout-shim

#2509 18:38:47.569  GET /revival/loadout
    -> 200  (0s)
    User-Agent: supervive-loadout-shim

#2510 18:38:47.736  GET /revival/loadout
    -> 200  (0s)
    User-Agent: supervive-loadout-shim

#2511 18:38:47.903  GET /revival/loadout
    -> 200  (0s)
    User-Agent: supervive-loadout-shim

#2512 18:38:48.079  GET /revival/loadout
    -> 200  (0s)
    User-Agent: supervive-loadout-shim

#2513 18:38:48.253  GET /revival/loadout
    -> 200  (0s)
    User-Agent: supervive-loadout-shim

* 18:38:48.288  WS -> /notifications/players/9b9d2c887e2524f918e383a895f2f1c2 BINARY hb (proactive 30s keepalive)

#2514 18:38:48.428  GET /revival/loadout
    -> 200  (0s)
    User-Agent: supervive-loadout-shim

#2515 18:38:48.602  GET /revival/loadout
    -> 200  (1ms)
    User-Agent: supervive-loadout-shim

#2516 18:38:48.769  GET /revival/loadout
    -> 200  (0s)
    User-Agent: supervive-loadout-shim

#2517 18:38:48.945  GET /revival/loadout
    -> 200  (0s)
    User-Agent: supervive-loadout-shim

#2518 18:38:49.119  GET /revival/loadout
    -> 200  (0s)
    User-Agent: supervive-loadout-shim

#2519 18:38:49.295  GET /revival/loadout
    -> 200  (0s)
    User-Agent: supervive-loadout-shim

#2520 18:38:49.468  GET /revival/loadout
    -> 200  (0s)
    User-Agent: supervive-loadout-shim

#2521 18:38:49.645  GET /revival/loadout
    -> 200  (0s)
    User-Agent: supervive-loadout-shim

#2522 18:38:49.819  GET /revival/loadout
    -> 200  (0s)
    User-Agent: supervive-loadout-shim

#2523 18:38:49.993  GET /revival/loadout
    -> 200  (0s)
    User-Agent: supervive-loadout-shim

#2524 18:38:50.159  GET /revival/loadout
    -> 200  (0s)
    User-Agent: supervive-loadout-shim

#2525 18:38:50.328  GET /revival/loadout
    -> 200  (0s)
    User-Agent: supervive-loadout-shim

#2526 18:38:50.494  GET /revival/loadout
    -> 200  (0s)
    User-Agent: supervive-loadout-shim

* 18:38:50.532  WS <- /lobby TEXT ""

#2527 18:38:50.669  GET /revival/loadout
    -> 200  (0s)
    User-Agent: supervive-loadout-shim

#2528 18:38:50.844  GET /revival/loadout
    -> 200  (0s)
    User-Agent: supervive-loadout-shim

#2529 18:38:51.018  GET /revival/loadout
    -> 200  (0s)
    User-Agent: supervive-loadout-shim

#2530 18:38:51.198  GET /revival/loadout
    -> 200  (0s)
    User-Agent: supervive-loadout-shim

#2531 18:38:51.449  GET /revival/loadout
    -> 200  (0s)
    User-Agent: supervive-loadout-shim

#2532 18:38:51.618  GET /revival/loadout
    -> 200  (0s)
    User-Agent: supervive-loadout-shim

#2533 18:38:51.786  GET /revival/loadout
    -> 200  (0s)
    User-Agent: supervive-loadout-shim

#2534 18:38:51.960  GET /revival/loadout
    -> 200  (0s)
    User-Agent: supervive-loadout-shim

#2535 18:38:52.135  GET /revival/loadout
    -> 200  (0s)
    User-Agent: supervive-loadout-shim

#2536 18:38:52.313  GET /revival/loadout
    -> 200  (0s)
    User-Agent: supervive-loadout-shim

#2537 18:38:52.485  GET /revival/loadout
    -> 200  (0s)
    User-Agent: supervive-loadout-shim

#2538 18:38:52.651  GET /revival/loadout
    -> 200  (1ms)
    User-Agent: supervive-loadout-shim

#2539 18:38:52.827  GET /revival/loadout
    -> 200  (1ms)
    User-Agent: supervive-loadout-shim

#2540 18:38:53.002  GET /revival/loadout
    -> 200  (0s)
    User-Agent: supervive-loadout-shim

#2541 18:38:53.194  GET /revival/loadout
    -> 200  (0s)
    User-Agent: supervive-loadout-shim

#2542 18:38:53.234  GET /party/matchmaking/info
    -> 200  (0s)
    Accept: */*
    Authorization: Bearer eyJhbGciOiJSUzI1NiIsImtpZCI6InN1cGVydml2ZS1yZXZpdmFsLWtleS0xIiwidHlwIjoiSldUIn0.eyJiYW5zIjpbXSwiY2xpZW50X2lkIjoiYmE4ZmI1OWEzNGJiNDgxYWJjYTA4YzQ2YmE0ODgwMjUiLCJjb3VudHJ5IjoiVVMiLCJkaXNwbGF5X25hbWUiOiJSZXZpdmVyIiwiZXhwIjoxNzg2NzM4NjUwLCJpYXQiOjE3ODY2NTIyNTAsImlzX2NvbXBseSI6dHJ1ZSwiamZsZ3MiOjAsIm5hbWVzcGFjZSI6InN1cGVydml2ZSIsIm5iZiI6MTc4NjY1MjE5MCwicGVybWlzc2lvbnMiOlt7IkFjdGlvbiI6MTUsIlJlc291cmNlIjoiTkFNRVNQQUNFOnN1cGVydml2ZToqIn0seyJBY3Rpb24iOjE1LCJSZXNvdXJjZSI6IkFETUlOOk5BTUVTUEFDRTpzdXBlcnZpdmU6KiJ9XSwicm9sZXMiOltdLCJzY29wZSI6ImNvbW1lcmNlIGFjY291bnQgc29jaWFsIHB1Ymxpc2hpbmcgYW5hbHl0aWNzIiwic3ViIjoiOWI5ZDJjODg3ZTI1MjRmOTE4ZTM4M2E4OTVmMmYxYzIiLCJ1bmlxdWVEaXNwbGF5TmFtZSI6IlJldml2ZXIjMDAwMSIsInVuaXF1ZV9kaXNwbGF5X25hbWUiOiJSZXZpdmVyIzAwMDEifQ.S8me6zCTJy1oN7cCA9hQMdHB81PfiOQjPGkisaKCUBzabcSTr1c468GSswCZp1ojqPbBbmOAc-HA5N2o4v-PRiSsk8rqPCyvk3Tx1C5P-rcZZtS-X9XnEtl7wRYgTacQNA_R6vbQgylOOxJ8HarI1u7xWxDlYfxiEDjHEEVHbUlHAE_Oz7PhV80Ms7bc3scLORKG3HPGTqjH9of-EooGUB3k-Xpl9M5eB7A7geV_c8XbzZ0NPELo9dLYVByYKVXzHtk2o0tyzXvdmz-r7FqVYwlN_jOrpiFF_4ti0Wf2ZTI07y-WzKQT1tlXe-OSq86OtwCA0elY-weDLV49mb78gg
    X-Theorycraft-Clientversion: release2.4.live-156430-shipping
    User-Agent: Loki/UE5-CL-0 (http-legacy) Windows/10.0.19045.1.256.64bit

#2543 18:38:53.234  GET /core-game/regions
    -> 200  (0s)
    X-Theorycraft-Clientversion: release2.4.live-156430-shipping
    Authorization: Bearer eyJhbGciOiJSUzI1NiIsImtpZCI6InN1cGVydml2ZS1yZXZpdmFsLWtleS0xIiwidHlwIjoiSldUIn0.eyJiYW5zIjpbXSwiY2xpZW50X2lkIjoiYmE4ZmI1OWEzNGJiNDgxYWJjYTA4YzQ2YmE0ODgwMjUiLCJjb3VudHJ5IjoiVVMiLCJkaXNwbGF5X25hbWUiOiJSZXZpdmVyIiwiZXhwIjoxNzg2NzM4NjUwLCJpYXQiOjE3ODY2NTIyNTAsImlzX2NvbXBseSI6dHJ1ZSwiamZsZ3MiOjAsIm5hbWVzcGFjZSI6InN1cGVydml2ZSIsIm5iZiI6MTc4NjY1MjE5MCwicGVybWlzc2lvbnMiOlt7IkFjdGlvbiI6MTUsIlJlc291cmNlIjoiTkFNRVNQQUNFOnN1cGVydml2ZToqIn0seyJBY3Rpb24iOjE1LCJSZXNvdXJjZSI6IkFETUlOOk5BTUVTUEFDRTpzdXBlcnZpdmU6KiJ9XSwicm9sZXMiOltdLCJzY29wZSI6ImNvbW1lcmNlIGFjY291bnQgc29jaWFsIHB1Ymxpc2hpbmcgYW5hbHl0aWNzIiwic3ViIjoiOWI5ZDJjODg3ZTI1MjRmOTE4ZTM4M2E4OTVmMmYxYzIiLCJ1bmlxdWVEaXNwbGF5TmFtZSI6IlJldml2ZXIjMDAwMSIsInVuaXF1ZV9kaXNwbGF5X25hbWUiOiJSZXZpdmVyIzAwMDEifQ.S8me6zCTJy1oN7cCA9hQMdHB81PfiOQjPGkisaKCUBzabcSTr1c468GSswCZp1ojqPbBbmOAc-HA5N2o4v-PRiSsk8rqPCyvk3Tx1C5P-rcZZtS-X9XnEtl7wRYgTacQNA_R6vbQgylOOxJ8HarI1u7xWxDlYfxiEDjHEEVHbUlHAE_Oz7PhV80Ms7bc3scLORKG3HPGTqjH9of-EooGUB3k-Xpl9M5eB7A7geV_c8XbzZ0NPELo9dLYVByYKVXzHtk2o0tyzXvdmz-r7FqVYwlN_jOrpiFF_4ti0Wf2ZTI07y-WzKQT1tlXe-OSq86OtwCA0elY-weDLV49mb78gg
    User-Agent: Loki/UE5-CL-0 (http-legacy) Windows/10.0.19045.1.256.64bit
    Accept: */*

#2544 18:38:53.370  GET /revival/loadout
    -> 200  (0s)
    User-Agent: supervive-loadout-shim

#2545 18:38:53.520  GET /revival/missions/progress
    -> 200  (0s)
    User-Agent: supervive-missions-shim

#2546 18:38:53.543  GET /revival/loadout
    -> 200  (0s)
    User-Agent: supervive-loadout-shim

#2547 18:38:53.740  GET /revival/loadout
    -> 200  (0s)
    User-Agent: supervive-loadout-shim

#2548 18:38:53.918  GET /revival/loadout
    -> 200  (0s)
    User-Agent: supervive-loadout-shim

#2549 18:38:54.084  GET /revival/loadout
    -> 200  (0s)
    User-Agent: supervive-loadout-shim

#2550 18:38:54.251  GET /revival/loadout
    -> 200  (0s)
    User-Agent: supervive-loadout-shim

#2551 18:38:54.418  GET /revival/loadout
    -> 200  (0s)
    User-Agent: supervive-loadout-shim

#2552 18:38:54.592  GET /revival/loadout
    -> 200  (0s)
    User-Agent: supervive-loadout-shim

#2553 18:38:54.768  GET /revival/loadout
    -> 200  (0s)
    User-Agent: supervive-loadout-shim

#2554 18:38:54.942  GET /revival/loadout
    -> 200  (0s)
    User-Agent: supervive-loadout-shim

#2555 18:38:55.125  GET /revival/loadout
    -> 200  (0s)
    User-Agent: supervive-loadout-shim

#2556 18:38:55.290  GET /revival/loadout
    -> 200  (1ms)
    User-Agent: supervive-loadout-shim

#2557 18:38:55.458  GET /revival/loadout
    -> 200  (0s)
    User-Agent: supervive-loadout-shim

#2558 18:38:55.625  GET /revival/loadout
    -> 200  (0s)
    User-Agent: supervive-loadout-shim

#2559 18:38:55.790  GET /revival/loadout
    -> 200  (0s)
    User-Agent: supervive-loadout-shim

#2560 18:38:55.958  GET /revival/loadout
    -> 200  (0s)
    User-Agent: supervive-loadout-shim

#2561 18:38:56.125  GET /revival/loadout
    -> 200  (0s)
    User-Agent: supervive-loadout-shim

#2562 18:38:56.228  GET /configuration/client?language=en
    -> 200  (0s)
    Authorization: Bearer eyJhbGciOiJSUzI1NiIsImtpZCI6InN1cGVydml2ZS1yZXZpdmFsLWtleS0xIiwidHlwIjoiSldUIn0.eyJiYW5zIjpbXSwiY2xpZW50X2lkIjoiYmE4ZmI1OWEzNGJiNDgxYWJjYTA4YzQ2YmE0ODgwMjUiLCJjb3VudHJ5IjoiVVMiLCJkaXNwbGF5X25hbWUiOiJSZXZpdmVyIiwiZXhwIjoxNzg2NzM4NjUwLCJpYXQiOjE3ODY2NTIyNTAsImlzX2NvbXBseSI6dHJ1ZSwiamZsZ3MiOjAsIm5hbWVzcGFjZSI6InN1cGVydml2ZSIsIm5iZiI6MTc4NjY1MjE5MCwicGVybWlzc2lvbnMiOlt7IkFjdGlvbiI6MTUsIlJlc291cmNlIjoiTkFNRVNQQUNFOnN1cGVydml2ZToqIn0seyJBY3Rpb24iOjE1LCJSZXNvdXJjZSI6IkFETUlOOk5BTUVTUEFDRTpzdXBlcnZpdmU6KiJ9XSwicm9sZXMiOltdLCJzY29wZSI6ImNvbW1lcmNlIGFjY291bnQgc29jaWFsIHB1Ymxpc2hpbmcgYW5hbHl0aWNzIiwic3ViIjoiOWI5ZDJjODg3ZTI1MjRmOTE4ZTM4M2E4OTVmMmYxYzIiLCJ1bmlxdWVEaXNwbGF5TmFtZSI6IlJldml2ZXIjMDAwMSIsInVuaXF1ZV9kaXNwbGF5X25hbWUiOiJSZXZpdmVyIzAwMDEifQ.S8me6zCTJy1oN7cCA9hQMdHB81PfiOQjPGkisaKCUBzabcSTr1c468GSswCZp1ojqPbBbmOAc-HA5N2o4v-PRiSsk8rqPCyvk3Tx1C5P-rcZZtS-X9XnEtl7wRYgTacQNA_R6vbQgylOOxJ8HarI1u7xWxDlYfxiEDjHEEVHbUlHAE_Oz7PhV80Ms7bc3scLORKG3HPGTqjH9of-EooGUB3k-Xpl9M5eB7A7geV_c8XbzZ0NPELo9dLYVByYKVXzHtk2o0tyzXvdmz-r7FqVYwlN_jOrpiFF_4ti0Wf2ZTI07y-WzKQT1tlXe-OSq86OtwCA0elY-weDLV49mb78gg
    Accept: */*
    X-Theorycraft-Clientversion: release2.4.live-156430-shipping
    User-Agent: Loki/UE5-CL-0 (http-legacy) Windows/10.0.19045.1.256.64bit

#2563 18:38:56.301  GET /revival/loadout
    -> 200  (0s)
    User-Agent: supervive-loadout-shim

#2564 18:38:56.330  GET /content-service/manifest/release2.4.live-156430-shipping?nonEnabledOnly=true
    -> 200  (0s)
    Accept: */*
    X-Theorycraft-Clientversion: release2.4.live-156430-shipping
    Authorization: Bearer eyJhbGciOiJSUzI1NiIsImtpZCI6InN1cGVydml2ZS1yZXZpdmFsLWtleS0xIiwidHlwIjoiSldUIn0.eyJiYW5zIjpbXSwiY2xpZW50X2lkIjoiYmE4ZmI1OWEzNGJiNDgxYWJjYTA4YzQ2YmE0ODgwMjUiLCJjb3VudHJ5IjoiVVMiLCJkaXNwbGF5X25hbWUiOiJSZXZpdmVyIiwiZXhwIjoxNzg2NzM4NjUwLCJpYXQiOjE3ODY2NTIyNTAsImlzX2NvbXBseSI6dHJ1ZSwiamZsZ3MiOjAsIm5hbWVzcGFjZSI6InN1cGVydml2ZSIsIm5iZiI6MTc4NjY1MjE5MCwicGVybWlzc2lvbnMiOlt7IkFjdGlvbiI6MTUsIlJlc291cmNlIjoiTkFNRVNQQUNFOnN1cGVydml2ZToqIn0seyJBY3Rpb24iOjE1LCJSZXNvdXJjZSI6IkFETUlOOk5BTUVTUEFDRTpzdXBlcnZpdmU6KiJ9XSwicm9sZXMiOltdLCJzY29wZSI6ImNvbW1lcmNlIGFjY291bnQgc29jaWFsIHB1Ymxpc2hpbmcgYW5hbHl0aWNzIiwic3ViIjoiOWI5ZDJjODg3ZTI1MjRmOTE4ZTM4M2E4OTVmMmYxYzIiLCJ1bmlxdWVEaXNwbGF5TmFtZSI6IlJldml2ZXIjMDAwMSIsInVuaXF1ZV9kaXNwbGF5X25hbWUiOiJSZXZpdmVyIzAwMDEifQ.S8me6zCTJy1oN7cCA9hQMdHB81PfiOQjPGkisaKCUBzabcSTr1c468GSswCZp1ojqPbBbmOAc-HA5N2o4v-PRiSsk8rqPCyvk3Tx1C5P-rcZZtS-X9XnEtl7wRYgTacQNA_R6vbQgylOOxJ8HarI1u7xWxDlYfxiEDjHEEVHbUlHAE_Oz7PhV80Ms7bc3scLORKG3HPGTqjH9of-EooGUB3k-Xpl9M5eB7A7geV_c8XbzZ0NPELo9dLYVByYKVXzHtk2o0tyzXvdmz-r7FqVYwlN_jOrpiFF_4ti0Wf2ZTI07y-WzKQT1tlXe-OSq86OtwCA0elY-weDLV49mb78gg
    User-Agent: Loki/UE5-CL-0 (http-legacy) Windows/10.0.19045.1.256.64bit

#2565 18:38:56.475  GET /revival/loadout
    -> 200  (0s)
    User-Agent: supervive-loadout-shim

#2566 18:38:56.641  GET /revival/loadout
    -> 200  (0s)
    User-Agent: supervive-loadout-shim

#2567 18:38:56.808  GET /revival/loadout
    -> 200  (0s)
    User-Agent: supervive-loadout-shim

#2568 18:38:56.975  GET /revival/loadout
    -> 200  (0s)
    User-Agent: supervive-loadout-shim

#2569 18:38:57.142  GET /revival/loadout
    -> 200  (0s)
    User-Agent: supervive-loadout-shim

#2570 18:38:57.316  GET /revival/loadout
    -> 200  (0s)
    User-Agent: supervive-loadout-shim

#2571 18:38:57.491  GET /revival/loadout
    -> 200  (0s)
    User-Agent: supervive-loadout-shim

#2572 18:38:57.666  GET /revival/loadout
    -> 200  (0s)
    User-Agent: supervive-loadout-shim

#2573 18:38:57.833  GET /revival/loadout
    -> 200  (0s)
    User-Agent: supervive-loadout-shim

#2574 18:38:57.999  GET /revival/loadout
    -> 200  (0s)
    User-Agent: supervive-loadout-shim

#2575 18:38:58.166  GET /revival/loadout
    -> 200  (0s)
    User-Agent: supervive-loadout-shim

#2576 18:38:58.333  GET /revival/loadout
    -> 200  (0s)
    User-Agent: supervive-loadout-shim

#2577 18:38:58.507  GET /revival/loadout
    -> 200  (0s)
    User-Agent: supervive-loadout-shim

#2578 18:38:58.674  GET /revival/loadout
    -> 200  (0s)
    User-Agent: supervive-loadout-shim

#2579 18:38:58.849  GET /revival/loadout
    -> 200  (0s)
    User-Agent: supervive-loadout-shim

#2580 18:38:59.012  GET /party/players/9b9d2c887e2524f918e383a895f2f1c2/voice
    -> 200  (0s)
    User-Agent: Loki/UE5-CL-0 (http-legacy) Windows/10.0.19045.1.256.64bit
    Accept: */*
    X-Theorycraft-Clientversion: release2.4.live-156430-shipping
    Authorization: Bearer eyJhbGciOiJSUzI1NiIsImtpZCI6InN1cGVydml2ZS1yZXZpdmFsLWtleS0xIiwidHlwIjoiSldUIn0.eyJiYW5zIjpbXSwiY2xpZW50X2lkIjoiYmE4ZmI1OWEzNGJiNDgxYWJjYTA4YzQ2YmE0ODgwMjUiLCJjb3VudHJ5IjoiVVMiLCJkaXNwbGF5X25hbWUiOiJSZXZpdmVyIiwiZXhwIjoxNzg2NzM4NjUwLCJpYXQiOjE3ODY2NTIyNTAsImlzX2NvbXBseSI6dHJ1ZSwiamZsZ3MiOjAsIm5hbWVzcGFjZSI6InN1cGVydml2ZSIsIm5iZiI6MTc4NjY1MjE5MCwicGVybWlzc2lvbnMiOlt7IkFjdGlvbiI6MTUsIlJlc291cmNlIjoiTkFNRVNQQUNFOnN1cGVydml2ZToqIn0seyJBY3Rpb24iOjE1LCJSZXNvdXJjZSI6IkFETUlOOk5BTUVTUEFDRTpzdXBlcnZpdmU6KiJ9XSwicm9sZXMiOltdLCJzY29wZSI6ImNvbW1lcmNlIGFjY291bnQgc29jaWFsIHB1Ymxpc2hpbmcgYW5hbHl0aWNzIiwic3ViIjoiOWI5ZDJjODg3ZTI1MjRmOTE4ZTM4M2E4OTVmMmYxYzIiLCJ1bmlxdWVEaXNwbGF5TmFtZSI6IlJldml2ZXIjMDAwMSIsInVuaXF1ZV9kaXNwbGF5X25hbWUiOiJSZXZpdmVyIzAwMDEifQ.S8me6zCTJy1oN7cCA9hQMdHB81PfiOQjPGkisaKCUBzabcSTr1c468GSswCZp1ojqPbBbmOAc-HA5N2o4v-PRiSsk8rqPCyvk3Tx1C5P-rcZZtS-X9XnEtl7wRYgTacQNA_R6vbQgylOOxJ8HarI1u7xWxDlYfxiEDjHEEVHbUlHAE_Oz7PhV80Ms7bc3scLORKG3HPGTqjH9of-EooGUB3k-Xpl9M5eB7A7geV_c8XbzZ0NPELo9dLYVByYKVXzHtk2o0tyzXvdmz-r7FqVYwlN_jOrpiFF_4ti0Wf2ZTI07y-WzKQT1tlXe-OSq86OtwCA0elY-weDLV49mb78gg

#2581 18:38:59.016  GET /revival/loadout
    -> 200  (0s)
    User-Agent: supervive-loadout-shim

#2582 18:38:59.216  GET /revival/loadout
    -> 200  (0s)
    User-Agent: supervive-loadout-shim

#2583 18:38:59.391  GET /revival/loadout
    -> 200  (0s)
    User-Agent: supervive-loadout-shim

#2584 18:38:59.566  GET /revival/loadout
    -> 200  (0s)
    User-Agent: supervive-loadout-shim

#2585 18:38:59.740  GET /revival/loadout
    -> 200  (0s)
    User-Agent: supervive-loadout-shim

#2586 18:38:59.915  GET /revival/loadout
    -> 200  (0s)
    User-Agent: supervive-loadout-shim

#2587 18:39:00.082  GET /revival/loadout
    -> 200  (0s)
    User-Agent: supervive-loadout-shim

#2588 18:39:00.258  GET /revival/loadout
    -> 200  (0s)
    User-Agent: supervive-loadout-shim

#2589 18:39:00.435  GET /revival/loadout
    -> 200  (0s)
    User-Agent: supervive-loadout-shim

#2590 18:39:00.607  GET /revival/loadout
    -> 200  (0s)
    User-Agent: supervive-loadout-shim

#2591 18:39:00.774  GET /revival/loadout
    -> 200  (0s)
    User-Agent: supervive-loadout-shim

#2592 18:39:00.949  GET /revival/loadout
    -> 200  (0s)
    User-Agent: supervive-loadout-shim

#2593 18:39:01.123  GET /revival/loadout
    -> 200  (0s)
    User-Agent: supervive-loadout-shim

#2594 18:39:01.291  GET /revival/loadout
    -> 200  (0s)
    User-Agent: supervive-loadout-shim

#2595 18:39:01.465  GET /revival/loadout
    -> 200  (0s)
    User-Agent: supervive-loadout-shim

#2596 18:39:01.631  GET /revival/loadout
    -> 200  (0s)
    User-Agent: supervive-loadout-shim

#2597 18:39:01.800  GET /revival/loadout
    -> 200  (0s)
    User-Agent: supervive-loadout-shim

#2598 18:39:01.974  GET /revival/loadout
    -> 200  (0s)
    User-Agent: supervive-loadout-shim

#2599 18:39:02.150  GET /revival/loadout
    -> 200  (0s)
    User-Agent: supervive-loadout-shim

#2600 18:39:02.324  GET /revival/loadout
    -> 200  (0s)
    User-Agent: supervive-loadout-shim

#2601 18:39:02.514  GET /revival/loadout
    -> 200  (0s)
    User-Agent: supervive-loadout-shim

#2602 18:39:02.698  GET /revival/loadout
    -> 200  (0s)
    User-Agent: supervive-loadout-shim

#2603 18:39:02.873  GET /revival/loadout
    -> 200  (0s)
    User-Agent: supervive-loadout-shim

#2604 18:39:03.048  GET /revival/loadout
    -> 200  (0s)
    User-Agent: supervive-loadout-shim

#2605 18:39:03.222  GET /revival/loadout
    -> 200  (0s)
    User-Agent: supervive-loadout-shim

#2606 18:39:03.389  GET /revival/loadout
    -> 200  (0s)
    User-Agent: supervive-loadout-shim

#2607 18:39:03.556  GET /revival/loadout
    -> 200  (0s)
    User-Agent: supervive-loadout-shim

#2608 18:39:03.729  GET /revival/loadout
    -> 200  (1ms)
    User-Agent: supervive-loadout-shim

#2609 18:39:03.898  GET /revival/loadout
    -> 200  (0s)
    User-Agent: supervive-loadout-shim

#2610 18:39:04.072  GET /revival/loadout
    -> 200  (0s)
    User-Agent: supervive-loadout-shim

#2611 18:39:04.247  GET /revival/loadout
    -> 200  (0s)
    User-Agent: supervive-loadout-shim

#2612 18:39:04.421  GET /revival/loadout
    -> 200  (0s)
    User-Agent: supervive-loadout-shim

#2613 18:39:04.590  GET /revival/loadout
    -> 200  (0s)
    User-Agent: supervive-loadout-shim

#2614 18:39:04.767  GET /revival/loadout
    -> 200  (0s)
    User-Agent: supervive-loadout-shim

#2615 18:39:05.019  GET /revival/loadout
    -> 200  (0s)
    User-Agent: supervive-loadout-shim

#2616 18:39:05.196  GET /revival/loadout
    -> 200  (0s)
    User-Agent: supervive-loadout-shim

#2617 18:39:05.363  GET /revival/loadout
    -> 200  (0s)
    User-Agent: supervive-loadout-shim

#2618 18:39:05.538  GET /revival/loadout
    -> 200  (0s)
    User-Agent: supervive-loadout-shim

#2619 18:39:05.705  GET /revival/loadout
    -> 200  (0s)
    User-Agent: supervive-loadout-shim

#2620 18:39:05.879  GET /revival/loadout
    -> 200  (0s)
    User-Agent: supervive-loadout-shim

#2621 18:39:06.047  GET /revival/loadout
    -> 200  (0s)
    User-Agent: supervive-loadout-shim

#2622 18:39:06.221  GET /revival/loadout
    -> 200  (0s)
    User-Agent: supervive-loadout-shim

#2623 18:39:06.396  GET /revival/loadout
    -> 200  (0s)
    User-Agent: supervive-loadout-shim

#2624 18:39:06.570  GET /revival/loadout
    -> 200  (0s)
    User-Agent: supervive-loadout-shim

#2625 18:39:06.738  GET /revival/loadout
    -> 200  (0s)
    User-Agent: supervive-loadout-shim

#2626 18:39:06.912  GET /revival/loadout
    -> 200  (0s)
    User-Agent: supervive-loadout-shim

#2627 18:39:07.079  GET /revival/loadout
    -> 200  (0s)
    User-Agent: supervive-loadout-shim

#2628 18:39:07.254  GET /revival/loadout
    -> 200  (0s)
    User-Agent: supervive-loadout-shim

#2629 18:39:07.420  GET /revival/loadout
    -> 200  (0s)
    User-Agent: supervive-loadout-shim

#2630 18:39:07.596  GET /revival/loadout
    -> 200  (0s)
    User-Agent: supervive-loadout-shim

#2631 18:39:07.769  GET /revival/loadout
    -> 200  (0s)
    User-Agent: supervive-loadout-shim

#2632 18:39:07.946  GET /revival/loadout
    -> 200  (0s)
    User-Agent: supervive-loadout-shim

#2633 18:39:08.120  GET /revival/loadout
    -> 200  (0s)
    User-Agent: supervive-loadout-shim

#2634 18:39:08.296  GET /revival/loadout
    -> 200  (0s)
    User-Agent: supervive-loadout-shim

#2635 18:39:08.470  GET /revival/loadout
    -> 200  (0s)
    User-Agent: supervive-loadout-shim

#2636 18:39:08.645  GET /revival/loadout
    -> 200  (0s)
    User-Agent: supervive-loadout-shim

#2637 18:39:08.820  GET /revival/loadout
    -> 200  (0s)
    User-Agent: supervive-loadout-shim

#2638 18:39:08.996  GET /revival/loadout
    -> 200  (0s)
    User-Agent: supervive-loadout-shim

#2639 18:39:09.169  GET /revival/loadout
    -> 200  (0s)
    User-Agent: supervive-loadout-shim

#2640 18:39:09.350  GET /revival/loadout
    -> 200  (0s)
    User-Agent: supervive-loadout-shim

#2641 18:39:09.520  GET /revival/loadout
    -> 200  (0s)
    User-Agent: supervive-loadout-shim

#2642 18:39:09.695  GET /revival/loadout
    -> 200  (0s)
    User-Agent: supervive-loadout-shim

#2643 18:39:09.862  GET /revival/loadout
    -> 200  (0s)
    User-Agent: supervive-loadout-shim

#2644 18:39:10.037  GET /revival/loadout
    -> 200  (0s)
    User-Agent: supervive-loadout-shim

#2645 18:39:10.212  GET /revival/loadout
    -> 200  (0s)
    User-Agent: supervive-loadout-shim

#2646 18:39:10.395  GET /revival/loadout
    -> 200  (0s)
    User-Agent: supervive-loadout-shim

#2647 18:39:10.561  GET /revival/loadout
    -> 200  (0s)
    User-Agent: supervive-loadout-shim

#2648 18:39:10.737  GET /revival/loadout
    -> 200  (0s)
    User-Agent: supervive-loadout-shim

#2649 18:39:10.912  GET /revival/loadout
    -> 200  (0s)
    User-Agent: supervive-loadout-shim

#2650 18:39:11.087  GET /revival/loadout
    -> 200  (0s)
    User-Agent: supervive-loadout-shim

#2651 18:39:11.261  GET /revival/loadout
    -> 200  (0s)
    User-Agent: supervive-loadout-shim

#2652 18:39:11.437  GET /revival/loadout
    -> 200  (0s)
    User-Agent: supervive-loadout-shim

#2653 18:39:11.612  GET /revival/loadout
    -> 200  (0s)
    User-Agent: supervive-loadout-shim

#2654 18:39:11.787  GET /revival/loadout
    -> 200  (0s)
    User-Agent: supervive-loadout-shim

#2655 18:39:11.961  GET /revival/loadout
    -> 200  (0s)
    User-Agent: supervive-loadout-shim

#2656 18:39:12.143  GET /revival/loadout
    -> 200  (0s)
    User-Agent: supervive-loadout-shim

#2657 18:39:12.310  GET /revival/loadout
    -> 200  (0s)
    User-Agent: supervive-loadout-shim

#2658 18:39:12.486  GET /revival/loadout
    -> 200  (0s)
    User-Agent: supervive-loadout-shim

#2659 18:39:12.701  GET /revival/loadout
    -> 200  (0s)
    User-Agent: supervive-loadout-shim

#2660 18:39:12.877  GET /revival/loadout
    -> 200  (0s)
    User-Agent: supervive-loadout-shim

#2661 18:39:13.051  GET /revival/loadout
    -> 200  (0s)
    User-Agent: supervive-loadout-shim

* 18:39:13.185  WS <- /notifications/players/9b9d2c887e2524f918e383a895f2f1c2 BINARY (2 bytes) 6862

* 18:39:13.199  WS -> /notifications/players/9b9d2c887e2524f918e383a895f2f1c2 TEXT hb reply {"Resource":"hb","Version":0,"Payload":""}

#2662 18:39:13.218  GET /revival/loadout
    -> 200  (0s)
    User-Agent: supervive-loadout-shim

#2663 18:39:13.444  GET /revival/loadout
    -> 200  (0s)
    User-Agent: supervive-loadout-shim

#2664 18:39:13.609  GET /revival/loadout
    -> 200  (0s)
    User-Agent: supervive-loadout-shim

#2665 18:39:13.776  GET /revival/loadout
    -> 200  (0s)
    User-Agent: supervive-loadout-shim

#2666 18:39:13.943  GET /revival/loadout
    -> 200  (0s)
    User-Agent: supervive-loadout-shim

#2667 18:39:14.119  GET /revival/loadout
    -> 200  (0s)
    User-Agent: supervive-loadout-shim

#2668 18:39:14.293  GET /revival/loadout
    -> 200  (0s)
    User-Agent: supervive-loadout-shim

#2669 18:39:14.459  GET /revival/loadout
    -> 200  (0s)
    User-Agent: supervive-loadout-shim

#2670 18:39:14.627  GET /revival/loadout
    -> 200  (0s)
    User-Agent: supervive-loadout-shim

#2671 18:39:14.800  GET /revival/loadout
    -> 200  (0s)
    User-Agent: supervive-loadout-shim

#2672 18:39:14.967  GET /revival/loadout
    -> 200  (0s)
    User-Agent: supervive-loadout-shim

#2673 18:39:15.135  GET /revival/loadout
    -> 200  (0s)
    User-Agent: supervive-loadout-shim

#2674 18:39:15.300  GET /revival/loadout
    -> 200  (0s)
    User-Agent: supervive-loadout-shim

#2675 18:39:15.468  GET /revival/loadout
    -> 200  (0s)
    User-Agent: supervive-loadout-shim

#2676 18:39:15.641  GET /revival/loadout
    -> 200  (0s)
    User-Agent: supervive-loadout-shim

#2677 18:39:15.810  GET /revival/loadout
    -> 200  (0s)
    User-Agent: supervive-loadout-shim

#2678 18:39:15.988  GET /revival/loadout
    -> 200  (0s)
    User-Agent: supervive-loadout-shim

#2679 18:39:16.159  GET /revival/loadout
    -> 200  (0s)
    User-Agent: supervive-loadout-shim

#2680 18:39:16.325  GET /revival/loadout
    -> 200  (0s)
    User-Agent: supervive-loadout-shim

#2681 18:39:16.492  GET /revival/loadout
    -> 200  (0s)
    User-Agent: supervive-loadout-shim

#2682 18:39:16.658  GET /revival/loadout
    -> 200  (0s)
    User-Agent: supervive-loadout-shim

#2683 18:39:16.833  GET /revival/loadout
    -> 200  (0s)
    User-Agent: supervive-loadout-shim

#2684 18:39:16.999  GET /revival/loadout
    -> 200  (0s)
    User-Agent: supervive-loadout-shim

#2685 18:39:17.167  GET /revival/loadout
    -> 200  (0s)
    User-Agent: supervive-loadout-shim

#2686 18:39:17.334  GET /revival/loadout
    -> 200  (0s)
    User-Agent: supervive-loadout-shim

#2687 18:39:17.500  GET /revival/loadout
    -> 200  (0s)
    User-Agent: supervive-loadout-shim

#2688 18:39:17.666  GET /revival/loadout
    -> 200  (0s)
    User-Agent: supervive-loadout-shim

#2689 18:39:17.834  GET /revival/loadout
    -> 200  (0s)
    User-Agent: supervive-loadout-shim

#2690 18:39:18.009  GET /revival/loadout
    -> 200  (0s)
    User-Agent: supervive-loadout-shim

#2691 18:39:18.183  GET /revival/loadout
    -> 200  (0s)
    User-Agent: supervive-loadout-shim

#2692 18:39:18.358  GET /revival/loadout
    -> 200  (0s)
    User-Agent: supervive-loadout-shim

#2693 18:39:18.534  GET /revival/loadout
    -> 200  (0s)
    User-Agent: supervive-loadout-shim

#2694 18:39:18.709  GET /revival/loadout
    -> 200  (0s)
    User-Agent: supervive-loadout-shim

#2695 18:39:18.884  GET /revival/loadout
    -> 200  (0s)
    User-Agent: supervive-loadout-shim

#2696 18:39:19.059  GET /revival/loadout
    -> 200  (0s)
    User-Agent: supervive-loadout-shim

#2697 18:39:19.233  GET /revival/loadout
    -> 200  (0s)
    User-Agent: supervive-loadout-shim

#2698 18:39:19.408  GET /revival/loadout
    -> 200  (0s)
    User-Agent: supervive-loadout-shim

#2699 18:39:19.584  GET /revival/loadout
    -> 200  (0s)
    User-Agent: supervive-loadout-shim

#2700 18:39:19.758  GET /revival/loadout
    -> 200  (0s)
    User-Agent: supervive-loadout-shim

#2701 18:39:19.924  GET /revival/loadout
    -> 200  (0s)
    User-Agent: supervive-loadout-shim

#2702 18:39:20.091  GET /revival/loadout
    -> 200  (0s)
    User-Agent: supervive-loadout-shim

#2703 18:39:20.258  GET /revival/loadout
    -> 200  (0s)
    User-Agent: supervive-loadout-shim

#2704 18:39:20.433  GET /revival/loadout
    -> 200  (0s)
    User-Agent: supervive-loadout-shim

* 18:39:20.599  WS <- /lobby TEXT ""

#2705 18:39:20.609  GET /revival/loadout
    -> 200  (0s)
    User-Agent: supervive-loadout-shim

#2706 18:39:20.799  GET /revival/loadout
    -> 200  (0s)
    User-Agent: supervive-loadout-shim

#2707 18:39:20.975  GET /revival/loadout
    -> 200  (0s)
    User-Agent: supervive-loadout-shim

#2708 18:39:21.157  GET /revival/loadout
    -> 200  (0s)
    User-Agent: supervive-loadout-shim

#2709 18:39:21.331  GET /revival/loadout
    -> 200  (0s)
    User-Agent: supervive-loadout-shim

#2710 18:39:21.499  GET /revival/loadout
    -> 200  (0s)
    User-Agent: supervive-loadout-shim

#2711 18:39:21.674  GET /revival/loadout
    -> 200  (0s)
    User-Agent: supervive-loadout-shim

#2712 18:39:21.840  GET /revival/loadout
    -> 200  (0s)
    User-Agent: supervive-loadout-shim

#2713 18:39:22.006  GET /revival/loadout
    -> 200  (0s)
    User-Agent: supervive-loadout-shim

#2714 18:39:22.173  GET /revival/loadout
    -> 200  (0s)
    User-Agent: supervive-loadout-shim

#2715 18:39:22.340  GET /revival/loadout
    -> 200  (0s)
    User-Agent: supervive-loadout-shim

#2716 18:39:22.524  GET /revival/loadout
    -> 200  (0s)
    User-Agent: supervive-loadout-shim

#2717 18:39:22.698  GET /revival/loadout
    -> 200  (0s)
    User-Agent: supervive-loadout-shim

#2718 18:39:22.865  GET /revival/loadout
    -> 200  (0s)
    User-Agent: supervive-loadout-shim

#2719 18:39:23.030  GET /revival/loadout
    -> 200  (0s)
    User-Agent: supervive-loadout-shim

#2720 18:39:23.198  GET /revival/loadout
    -> 200  (0s)
    User-Agent: supervive-loadout-shim

#2721 18:39:23.205  GET /party/matchmaking/info
    -> 200  (0s)
    User-Agent: Loki/UE5-CL-0 (http-legacy) Windows/10.0.19045.1.256.64bit
    Accept: */*
    Authorization: Bearer eyJhbGciOiJSUzI1NiIsImtpZCI6InN1cGVydml2ZS1yZXZpdmFsLWtleS0xIiwidHlwIjoiSldUIn0.eyJiYW5zIjpbXSwiY2xpZW50X2lkIjoiYmE4ZmI1OWEzNGJiNDgxYWJjYTA4YzQ2YmE0ODgwMjUiLCJjb3VudHJ5IjoiVVMiLCJkaXNwbGF5X25hbWUiOiJSZXZpdmVyIiwiZXhwIjoxNzg2NzM4NjUwLCJpYXQiOjE3ODY2NTIyNTAsImlzX2NvbXBseSI6dHJ1ZSwiamZsZ3MiOjAsIm5hbWVzcGFjZSI6InN1cGVydml2ZSIsIm5iZiI6MTc4NjY1MjE5MCwicGVybWlzc2lvbnMiOlt7IkFjdGlvbiI6MTUsIlJlc291cmNlIjoiTkFNRVNQQUNFOnN1cGVydml2ZToqIn0seyJBY3Rpb24iOjE1LCJSZXNvdXJjZSI6IkFETUlOOk5BTUVTUEFDRTpzdXBlcnZpdmU6KiJ9XSwicm9sZXMiOltdLCJzY29wZSI6ImNvbW1lcmNlIGFjY291bnQgc29jaWFsIHB1Ymxpc2hpbmcgYW5hbHl0aWNzIiwic3ViIjoiOWI5ZDJjODg3ZTI1MjRmOTE4ZTM4M2E4OTVmMmYxYzIiLCJ1bmlxdWVEaXNwbGF5TmFtZSI6IlJldml2ZXIjMDAwMSIsInVuaXF1ZV9kaXNwbGF5X25hbWUiOiJSZXZpdmVyIzAwMDEifQ.S8me6zCTJy1oN7cCA9hQMdHB81PfiOQjPGkisaKCUBzabcSTr1c468GSswCZp1ojqPbBbmOAc-HA5N2o4v-PRiSsk8rqPCyvk3Tx1C5P-rcZZtS-X9XnEtl7wRYgTacQNA_R6vbQgylOOxJ8HarI1u7xWxDlYfxiEDjHEEVHbUlHAE_Oz7PhV80Ms7bc3scLORKG3HPGTqjH9of-EooGUB3k-Xpl9M5eB7A7geV_c8XbzZ0NPELo9dLYVByYKVXzHtk2o0tyzXvdmz-r7FqVYwlN_jOrpiFF_4ti0Wf2ZTI07y-WzKQT1tlXe-OSq86OtwCA0elY-weDLV49mb78gg
    X-Theorycraft-Clientversion: release2.4.live-156430-shipping

#2722 18:39:23.205  GET /mailbox/config/version
    -> 200  (0s)
    Accept: */*
    X-Theorycraft-Clientversion: release2.4.live-156430-shipping
    Authorization: Bearer eyJhbGciOiJSUzI1NiIsImtpZCI6InN1cGVydml2ZS1yZXZpdmFsLWtleS0xIiwidHlwIjoiSldUIn0.eyJiYW5zIjpbXSwiY2xpZW50X2lkIjoiYmE4ZmI1OWEzNGJiNDgxYWJjYTA4YzQ2YmE0ODgwMjUiLCJjb3VudHJ5IjoiVVMiLCJkaXNwbGF5X25hbWUiOiJSZXZpdmVyIiwiZXhwIjoxNzg2NzM4NjUwLCJpYXQiOjE3ODY2NTIyNTAsImlzX2NvbXBseSI6dHJ1ZSwiamZsZ3MiOjAsIm5hbWVzcGFjZSI6InN1cGVydml2ZSIsIm5iZiI6MTc4NjY1MjE5MCwicGVybWlzc2lvbnMiOlt7IkFjdGlvbiI6MTUsIlJlc291cmNlIjoiTkFNRVNQQUNFOnN1cGVydml2ZToqIn0seyJBY3Rpb24iOjE1LCJSZXNvdXJjZSI6IkFETUlOOk5BTUVTUEFDRTpzdXBlcnZpdmU6KiJ9XSwicm9sZXMiOltdLCJzY29wZSI6ImNvbW1lcmNlIGFjY291bnQgc29jaWFsIHB1Ymxpc2hpbmcgYW5hbHl0aWNzIiwic3ViIjoiOWI5ZDJjODg3ZTI1MjRmOTE4ZTM4M2E4OTVmMmYxYzIiLCJ1bmlxdWVEaXNwbGF5TmFtZSI6IlJldml2ZXIjMDAwMSIsInVuaXF1ZV9kaXNwbGF5X25hbWUiOiJSZXZpdmVyIzAwMDEifQ.S8me6zCTJy1oN7cCA9hQMdHB81PfiOQjPGkisaKCUBzabcSTr1c468GSswCZp1ojqPbBbmOAc-HA5N2o4v-PRiSsk8rqPCyvk3Tx1C5P-rcZZtS-X9XnEtl7wRYgTacQNA_R6vbQgylOOxJ8HarI1u7xWxDlYfxiEDjHEEVHbUlHAE_Oz7PhV80Ms7bc3scLORKG3HPGTqjH9of-EooGUB3k-Xpl9M5eB7A7geV_c8XbzZ0NPELo9dLYVByYKVXzHtk2o0tyzXvdmz-r7FqVYwlN_jOrpiFF_4ti0Wf2ZTI07y-WzKQT1tlXe-OSq86OtwCA0elY-weDLV49mb78gg
    User-Agent: Loki/UE5-CL-0 (http-legacy) Windows/10.0.19045.1.256.64bit

#2723 18:39:23.373  GET /revival/loadout
    -> 200  (0s)
    User-Agent: supervive-loadout-shim

#2724 18:39:23.539  GET /revival/loadout
    -> 200  (0s)
    User-Agent: supervive-loadout-shim

#2725 18:39:23.543  GET /revival/missions/progress
    -> 200  (0s)
    User-Agent: supervive-missions-shim

#2726 18:39:23.706  GET /revival/loadout
    -> 200  (0s)
    User-Agent: supervive-loadout-shim

#2727 18:39:23.872  GET /revival/loadout
    -> 200  (0s)
    User-Agent: supervive-loadout-shim

#2728 18:39:24.038  GET /revival/loadout
    -> 200  (0s)
    User-Agent: supervive-loadout-shim

#2729 18:39:24.215  GET /revival/loadout
    -> 200  (0s)
    User-Agent: supervive-loadout-shim

#2730 18:39:24.389  GET /revival/loadout
    -> 200  (0s)
    User-Agent: supervive-loadout-shim

#2731 18:39:24.563  GET /revival/loadout
    -> 200  (0s)
    User-Agent: supervive-loadout-shim

#2732 18:39:24.731  GET /revival/loadout
    -> 200  (0s)
    User-Agent: supervive-loadout-shim

#2733 18:39:24.898  GET /revival/loadout
    -> 200  (0s)
    User-Agent: supervive-loadout-shim

#2734 18:39:25.064  GET /revival/loadout
    -> 200  (0s)
    User-Agent: supervive-loadout-shim

#2735 18:39:25.238  GET /revival/loadout
    -> 200  (0s)
    User-Agent: supervive-loadout-shim

#2736 18:39:25.423  GET /revival/loadout
    -> 200  (0s)
    User-Agent: supervive-loadout-shim

#2737 18:39:25.599  GET /revival/loadout
    -> 200  (0s)
    User-Agent: supervive-loadout-shim

#2738 18:39:25.772  GET /revival/loadout
    -> 200  (0s)
    User-Agent: supervive-loadout-shim

#2739 18:39:25.938  GET /revival/loadout
    -> 200  (1ms)
    User-Agent: supervive-loadout-shim

#2740 18:39:26.105  GET /revival/loadout
    -> 200  (0s)
    User-Agent: supervive-loadout-shim

#2741 18:39:26.229  GET /configuration/client?language=en
    -> 200  (0s)
    Authorization: Bearer eyJhbGciOiJSUzI1NiIsImtpZCI6InN1cGVydml2ZS1yZXZpdmFsLWtleS0xIiwidHlwIjoiSldUIn0.eyJiYW5zIjpbXSwiY2xpZW50X2lkIjoiYmE4ZmI1OWEzNGJiNDgxYWJjYTA4YzQ2YmE0ODgwMjUiLCJjb3VudHJ5IjoiVVMiLCJkaXNwbGF5X25hbWUiOiJSZXZpdmVyIiwiZXhwIjoxNzg2NzM4NjUwLCJpYXQiOjE3ODY2NTIyNTAsImlzX2NvbXBseSI6dHJ1ZSwiamZsZ3MiOjAsIm5hbWVzcGFjZSI6InN1cGVydml2ZSIsIm5iZiI6MTc4NjY1MjE5MCwicGVybWlzc2lvbnMiOlt7IkFjdGlvbiI6MTUsIlJlc291cmNlIjoiTkFNRVNQQUNFOnN1cGVydml2ZToqIn0seyJBY3Rpb24iOjE1LCJSZXNvdXJjZSI6IkFETUlOOk5BTUVTUEFDRTpzdXBlcnZpdmU6KiJ9XSwicm9sZXMiOltdLCJzY29wZSI6ImNvbW1lcmNlIGFjY291bnQgc29jaWFsIHB1Ymxpc2hpbmcgYW5hbHl0aWNzIiwic3ViIjoiOWI5ZDJjODg3ZTI1MjRmOTE4ZTM4M2E4OTVmMmYxYzIiLCJ1bmlxdWVEaXNwbGF5TmFtZSI6IlJldml2ZXIjMDAwMSIsInVuaXF1ZV9kaXNwbGF5X25hbWUiOiJSZXZpdmVyIzAwMDEifQ.S8me6zCTJy1oN7cCA9hQMdHB81PfiOQjPGkisaKCUBzabcSTr1c468GSswCZp1ojqPbBbmOAc-HA5N2o4v-PRiSsk8rqPCyvk3Tx1C5P-rcZZtS-X9XnEtl7wRYgTacQNA_R6vbQgylOOxJ8HarI1u7xWxDlYfxiEDjHEEVHbUlHAE_Oz7PhV80Ms7bc3scLORKG3HPGTqjH9of-EooGUB3k-Xpl9M5eB7A7geV_c8XbzZ0NPELo9dLYVByYKVXzHtk2o0tyzXvdmz-r7FqVYwlN_jOrpiFF_4ti0Wf2ZTI07y-WzKQT1tlXe-OSq86OtwCA0elY-weDLV49mb78gg
    Accept: */*
    X-Theorycraft-Clientversion: release2.4.live-156430-shipping
    User-Agent: Loki/UE5-CL-0 (http-legacy) Windows/10.0.19045.1.256.64bit

#2742 18:39:26.271  GET /revival/loadout
    -> 200  (0s)
    User-Agent: supervive-loadout-shim

#2743 18:39:26.331  GET /content-service/manifest/release2.4.live-156430-shipping?nonEnabledOnly=true
    -> 200  (0s)
    Authorization: Bearer eyJhbGciOiJSUzI1NiIsImtpZCI6InN1cGVydml2ZS1yZXZpdmFsLWtleS0xIiwidHlwIjoiSldUIn0.eyJiYW5zIjpbXSwiY2xpZW50X2lkIjoiYmE4ZmI1OWEzNGJiNDgxYWJjYTA4YzQ2YmE0ODgwMjUiLCJjb3VudHJ5IjoiVVMiLCJkaXNwbGF5X25hbWUiOiJSZXZpdmVyIiwiZXhwIjoxNzg2NzM4NjUwLCJpYXQiOjE3ODY2NTIyNTAsImlzX2NvbXBseSI6dHJ1ZSwiamZsZ3MiOjAsIm5hbWVzcGFjZSI6InN1cGVydml2ZSIsIm5iZiI6MTc4NjY1MjE5MCwicGVybWlzc2lvbnMiOlt7IkFjdGlvbiI6MTUsIlJlc291cmNlIjoiTkFNRVNQQUNFOnN1cGVydml2ZToqIn0seyJBY3Rpb24iOjE1LCJSZXNvdXJjZSI6IkFETUlOOk5BTUVTUEFDRTpzdXBlcnZpdmU6KiJ9XSwicm9sZXMiOltdLCJzY29wZSI6ImNvbW1lcmNlIGFjY291bnQgc29jaWFsIHB1Ymxpc2hpbmcgYW5hbHl0aWNzIiwic3ViIjoiOWI5ZDJjODg3ZTI1MjRmOTE4ZTM4M2E4OTVmMmYxYzIiLCJ1bmlxdWVEaXNwbGF5TmFtZSI6IlJldml2ZXIjMDAwMSIsInVuaXF1ZV9kaXNwbGF5X25hbWUiOiJSZXZpdmVyIzAwMDEifQ.S8me6zCTJy1oN7cCA9hQMdHB81PfiOQjPGkisaKCUBzabcSTr1c468GSswCZp1ojqPbBbmOAc-HA5N2o4v-PRiSsk8rqPCyvk3Tx1C5P-rcZZtS-X9XnEtl7wRYgTacQNA_R6vbQgylOOxJ8HarI1u7xWxDlYfxiEDjHEEVHbUlHAE_Oz7PhV80Ms7bc3scLORKG3HPGTqjH9of-EooGUB3k-Xpl9M5eB7A7geV_c8XbzZ0NPELo9dLYVByYKVXzHtk2o0tyzXvdmz-r7FqVYwlN_jOrpiFF_4ti0Wf2ZTI07y-WzKQT1tlXe-OSq86OtwCA0elY-weDLV49mb78gg
    User-Agent: Loki/UE5-CL-0 (http-legacy) Windows/10.0.19045.1.256.64bit
    Accept: */*
    X-Theorycraft-Clientversion: release2.4.live-156430-shipping

#2744 18:39:26.439  GET /revival/loadout
    -> 200  (0s)
    User-Agent: supervive-loadout-shim

#2745 18:39:26.605  GET /revival/loadout
    -> 200  (0s)
    User-Agent: supervive-loadout-shim

#2746 18:39:26.771  GET /revival/loadout
    -> 200  (0s)
    User-Agent: supervive-loadout-shim

#2747 18:39:26.938  GET /revival/loadout
    -> 200  (0s)
    User-Agent: supervive-loadout-shim

#2748 18:39:27.104  GET /revival/loadout
    -> 200  (0s)
    User-Agent: supervive-loadout-shim

#2749 18:39:27.272  GET /revival/loadout
    -> 200  (0s)
    User-Agent: supervive-loadout-shim

#2750 18:39:27.446  GET /revival/loadout
    -> 200  (0s)
    User-Agent: supervive-loadout-shim

#2751 18:39:27.551  POST /game-telemetry/v1/protected/events
    -> 200  (0s)
    Game-Client-Version: 1.0.0.0
    User-Agent: Loki/UE5-CL-0 (http-legacy) Windows/10.0.19045.1.256.64bit
    Content-Type: application/json
    Accept: application/json
    Authorization: Bearer eyJhbGciOiJSUzI1NiIsImtpZCI6InN1cGVydml2ZS1yZXZpdmFsLWtleS0xIiwidHlwIjoiSldUIn0.eyJiYW5zIjpbXSwiY2xpZW50X2lkIjoiYmE4ZmI1OWEzNGJiNDgxYWJjYTA4YzQ2YmE0ODgwMjUiLCJjb3VudHJ5IjoiVVMiLCJkaXNwbGF5X25hbWUiOiJSZXZpdmVyIiwiZXhwIjoxNzg2NzM4NjUwLCJpYXQiOjE3ODY2NTIyNTAsImlzX2NvbXBseSI6dHJ1ZSwiamZsZ3MiOjAsIm5hbWVzcGFjZSI6InN1cGVydml2ZSIsIm5iZiI6MTc4NjY1MjE5MCwicGVybWlzc2lvbnMiOlt7IkFjdGlvbiI6MTUsIlJlc291cmNlIjoiTkFNRVNQQUNFOnN1cGVydml2ZToqIn0seyJBY3Rpb24iOjE1LCJSZXNvdXJjZSI6IkFETUlOOk5BTUVTUEFDRTpzdXBlcnZpdmU6KiJ9XSwicm9sZXMiOltdLCJzY29wZSI6ImNvbW1lcmNlIGFjY291bnQgc29jaWFsIHB1Ymxpc2hpbmcgYW5hbHl0aWNzIiwic3ViIjoiOWI5ZDJjODg3ZTI1MjRmOTE4ZTM4M2E4OTVmMmYxYzIiLCJ1bmlxdWVEaXNwbGF5TmFtZSI6IlJldml2ZXIjMDAwMSIsInVuaXF1ZV9kaXNwbGF5X25hbWUiOiJSZXZpdmVyIzAwMDEifQ.S8me6zCTJy1oN7cCA9hQMdHB81PfiOQjPGkisaKCUBzabcSTr1c468GSswCZp1ojqPbBbmOAc-HA5N2o4v-PRiSsk8rqPCyvk3Tx1C5P-rcZZtS-X9XnEtl7wRYgTacQNA_R6vbQgylOOxJ8HarI1u7xWxDlYfxiEDjHEEVHbUlHAE_Oz7PhV80Ms7bc3scLORKG3HPGTqjH9of-EooGUB3k-Xpl9M5eB7A7geV_c8XbzZ0NPELo9dLYVByYKVXzHtk2o0tyzXvdmz-r7FqVYwlN_jOrpiFF_4ti0Wf2ZTI07y-WzKQT1tlXe-OSq86OtwCA0elY-weDLV49mb78gg
    body: [
	{
		"EventNamespace": "loki",
		"EventName": "client_network_samples_snapshot",
		"Payload":
		{
			"sessionId": "567f77cd4269be09df02edb258c46222",
			"PlayerId": "9b9d2c887e2524f918e383a895f2f1c2",
			"timestamp": "2026-08-13T23:38:38.906Z",
			"inAveragePacketLoss": 0,
			"outAveragePacketLoss": 0,
			"HardwareId": "c1795a173f53c6f72e8b0125f11309c6"
		},
		"ClientTimestamp": "2026-08-13T23:39:26.576Z",
		"flightId": "34fe5245425ef9d90b4cd3a77b270727",
		"DeviceType": "Windows"
	}
]

#2752 18:39:27.614  GET /revival/loadout
    -> 200  (0s)
    User-Agent: supervive-loadout-shim

#2753 18:39:27.788  GET /revival/loadout
    -> 200  (0s)
    User-Agent: supervive-loadout-shim

#2754 18:39:27.955  GET /revival/loadout
    -> 200  (0s)
    User-Agent: supervive-loadout-shim

#2755 18:39:28.120  GET /revival/loadout
    -> 200  (0s)
    User-Agent: supervive-loadout-shim

#2756 18:39:28.289  GET /revival/loadout
    -> 200  (0s)
    User-Agent: supervive-loadout-shim

#2757 18:39:28.463  GET /revival/loadout
    -> 200  (0s)
    User-Agent: supervive-loadout-shim

#2758 18:39:28.629  GET /revival/loadout
    -> 200  (1ms)
    User-Agent: supervive-loadout-shim

#2759 18:39:28.796  GET /revival/loadout
    -> 200  (0s)
    User-Agent: supervive-loadout-shim

#2760 18:39:28.962  GET /revival/loadout
    -> 200  (0s)
    User-Agent: supervive-loadout-shim

#2761 18:39:29.129  GET /revival/loadout
    -> 200  (0s)
    User-Agent: supervive-loadout-shim

#2762 18:39:29.307  GET /revival/loadout
    -> 200  (0s)
    User-Agent: supervive-loadout-shim

#2763 18:39:29.488  GET /revival/loadout
    -> 200  (0s)
    User-Agent: supervive-loadout-shim

#2764 18:39:29.662  GET /revival/loadout
    -> 200  (0s)
    User-Agent: supervive-loadout-shim

#2765 18:39:29.838  GET /revival/loadout
    -> 200  (0s)
    User-Agent: supervive-loadout-shim

#2766 18:39:30.011  GET /revival/loadout
    -> 200  (0s)
    User-Agent: supervive-loadout-shim

#2767 18:39:30.081  GET /party/players/9b9d2c887e2524f918e383a895f2f1c2/voice
    -> 200  (0s)
    Authorization: Bearer eyJhbGciOiJSUzI1NiIsImtpZCI6InN1cGVydml2ZS1yZXZpdmFsLWtleS0xIiwidHlwIjoiSldUIn0.eyJiYW5zIjpbXSwiY2xpZW50X2lkIjoiYmE4ZmI1OWEzNGJiNDgxYWJjYTA4YzQ2YmE0ODgwMjUiLCJjb3VudHJ5IjoiVVMiLCJkaXNwbGF5X25hbWUiOiJSZXZpdmVyIiwiZXhwIjoxNzg2NzM4NjUwLCJpYXQiOjE3ODY2NTIyNTAsImlzX2NvbXBseSI6dHJ1ZSwiamZsZ3MiOjAsIm5hbWVzcGFjZSI6InN1cGVydml2ZSIsIm5iZiI6MTc4NjY1MjE5MCwicGVybWlzc2lvbnMiOlt7IkFjdGlvbiI6MTUsIlJlc291cmNlIjoiTkFNRVNQQUNFOnN1cGVydml2ZToqIn0seyJBY3Rpb24iOjE1LCJSZXNvdXJjZSI6IkFETUlOOk5BTUVTUEFDRTpzdXBlcnZpdmU6KiJ9XSwicm9sZXMiOltdLCJzY29wZSI6ImNvbW1lcmNlIGFjY291bnQgc29jaWFsIHB1Ymxpc2hpbmcgYW5hbHl0aWNzIiwic3ViIjoiOWI5ZDJjODg3ZTI1MjRmOTE4ZTM4M2E4OTVmMmYxYzIiLCJ1bmlxdWVEaXNwbGF5TmFtZSI6IlJldml2ZXIjMDAwMSIsInVuaXF1ZV9kaXNwbGF5X25hbWUiOiJSZXZpdmVyIzAwMDEifQ.S8me6zCTJy1oN7cCA9hQMdHB81PfiOQjPGkisaKCUBzabcSTr1c468GSswCZp1ojqPbBbmOAc-HA5N2o4v-PRiSsk8rqPCyvk3Tx1C5P-rcZZtS-X9XnEtl7wRYgTacQNA_R6vbQgylOOxJ8HarI1u7xWxDlYfxiEDjHEEVHbUlHAE_Oz7PhV80Ms7bc3scLORKG3HPGTqjH9of-EooGUB3k-Xpl9M5eB7A7geV_c8XbzZ0NPELo9dLYVByYKVXzHtk2o0tyzXvdmz-r7FqVYwlN_jOrpiFF_4ti0Wf2ZTI07y-WzKQT1tlXe-OSq86OtwCA0elY-weDLV49mb78gg
    User-Agent: Loki/UE5-CL-0 (http-legacy) Windows/10.0.19045.1.256.64bit
    Accept: */*
    X-Theorycraft-Clientversion: release2.4.live-156430-shipping

#2768 18:39:30.178  GET /revival/loadout
    -> 200  (0s)
    User-Agent: supervive-loadout-shim

#2769 18:39:30.345  GET /revival/loadout
    -> 200  (0s)
    User-Agent: supervive-loadout-shim

#2770 18:39:30.511  GET /revival/loadout
    -> 200  (0s)
    User-Agent: supervive-loadout-shim

#2771 18:39:30.687  GET /revival/loadout
    -> 200  (0s)
    User-Agent: supervive-loadout-shim

#2772 18:39:30.854  GET /revival/loadout
    -> 200  (0s)
    User-Agent: supervive-loadout-shim

#2773 18:39:31.020  GET /revival/loadout
    -> 200  (0s)
    User-Agent: supervive-loadout-shim

#2774 18:39:31.204  GET /revival/loadout
    -> 200  (0s)
    User-Agent: supervive-loadout-shim

#2775 18:39:31.379  GET /revival/loadout
    -> 200  (0s)
    User-Agent: supervive-loadout-shim

#2776 18:39:31.554  GET /revival/loadout
    -> 200  (0s)
    User-Agent: supervive-loadout-shim

#2777 18:39:31.729  GET /revival/loadout
    -> 200  (0s)
    User-Agent: supervive-loadout-shim

#2778 18:39:31.912  GET /revival/loadout
    -> 200  (0s)
    User-Agent: supervive-loadout-shim

#2779 18:39:32.087  GET /revival/loadout
    -> 200  (0s)
    User-Agent: supervive-loadout-shim

#2780 18:39:32.254  GET /revival/loadout
    -> 200  (0s)
    User-Agent: supervive-loadout-shim

#2781 18:39:32.429  GET /revival/loadout
    -> 200  (0s)
    User-Agent: supervive-loadout-shim

#2782 18:39:32.602  GET /revival/loadout
    -> 200  (0s)
    User-Agent: supervive-loadout-shim

#2783 18:39:32.770  GET /revival/loadout
    -> 200  (0s)
    User-Agent: supervive-loadout-shim

#2784 18:39:32.944  GET /revival/loadout
    -> 200  (0s)
    User-Agent: supervive-loadout-shim

#2785 18:39:33.111  GET /revival/loadout
    -> 200  (0s)
    User-Agent: supervive-loadout-shim

#2786 18:39:33.278  GET /revival/loadout
    -> 200  (0s)
    User-Agent: supervive-loadout-shim

#2787 18:39:33.453  GET /revival/loadout
    -> 200  (0s)
    User-Agent: supervive-loadout-shim

#2788 18:39:33.619  GET /revival/loadout
    -> 200  (0s)
    User-Agent: supervive-loadout-shim

#2789 18:39:33.785  GET /revival/loadout
    -> 200  (0s)
    User-Agent: supervive-loadout-shim

#2790 18:39:33.951  GET /revival/loadout
    -> 200  (0s)
    User-Agent: supervive-loadout-shim

#2791 18:39:34.119  GET /revival/loadout
    -> 200  (0s)
    User-Agent: supervive-loadout-shim

#2792 18:39:34.286  GET /revival/loadout
    -> 200  (0s)
    User-Agent: supervive-loadout-shim

#2793 18:39:34.461  GET /revival/loadout
    -> 200  (0s)
    User-Agent: supervive-loadout-shim

#2794 18:39:34.627  GET /revival/loadout
    -> 200  (0s)
    User-Agent: supervive-loadout-shim

#2795 18:39:34.918  GET /revival/loadout
    -> 200  (0s)
    User-Agent: supervive-loadout-shim

#2796 18:39:35.085  GET /revival/loadout
    -> 200  (0s)
    User-Agent: supervive-loadout-shim

#2797 18:39:35.251  GET /revival/loadout
    -> 200  (1ms)
    User-Agent: supervive-loadout-shim

#2798 18:39:35.419  GET /revival/loadout
    -> 200  (0s)
    User-Agent: supervive-loadout-shim

#2799 18:39:35.584  GET /revival/loadout
    -> 200  (0s)
    User-Agent: supervive-loadout-shim

#2800 18:39:35.751  GET /revival/loadout
    -> 200  (0s)
    User-Agent: supervive-loadout-shim

#2801 18:39:35.918  GET /revival/loadout
    -> 200  (0s)
    User-Agent: supervive-loadout-shim

#2802 18:39:36.084  GET /revival/loadout
    -> 200  (0s)
    User-Agent: supervive-loadout-shim

#2803 18:39:36.251  GET /revival/loadout
    -> 200  (0s)
    User-Agent: supervive-loadout-shim

#2804 18:39:36.427  GET /revival/loadout
    -> 200  (0s)
    User-Agent: supervive-loadout-shim

#2805 18:39:36.614  GET /revival/loadout
    -> 200  (0s)
    User-Agent: supervive-loadout-shim

#2806 18:39:36.785  GET /revival/loadout
    -> 200  (0s)
    User-Agent: supervive-loadout-shim

#2807 18:39:36.959  GET /revival/loadout
    -> 200  (0s)
    User-Agent: supervive-loadout-shim

#2808 18:39:37.127  GET /revival/loadout
    -> 200  (0s)
    User-Agent: supervive-loadout-shim

#2809 18:39:37.301  GET /revival/loadout
    -> 200  (1ms)
    User-Agent: supervive-loadout-shim

#2810 18:39:37.477  GET /revival/loadout
    -> 200  (0s)
    User-Agent: supervive-loadout-shim

#2811 18:39:37.651  GET /revival/loadout
    -> 200  (0s)
    User-Agent: supervive-loadout-shim

#2812 18:39:37.818  GET /revival/loadout
    -> 200  (0s)
    User-Agent: supervive-loadout-shim

#2813 18:39:37.984  GET /revival/loadout
    -> 200  (0s)
    User-Agent: supervive-loadout-shim

#2814 18:39:38.151  GET /revival/loadout
    -> 200  (0s)
    User-Agent: supervive-loadout-shim

#2815 18:39:38.318  GET /revival/loadout
    -> 200  (0s)
    User-Agent: supervive-loadout-shim

#2816 18:39:38.493  GET /revival/loadout
    -> 200  (0s)
    User-Agent: supervive-loadout-shim

#2817 18:39:38.668  GET /revival/loadout
    -> 200  (0s)
    User-Agent: supervive-loadout-shim

#2818 18:39:38.842  GET /revival/loadout
    -> 200  (0s)
    User-Agent: supervive-loadout-shim

#2819 18:39:39.027  GET /revival/loadout
    -> 200  (0s)
    User-Agent: supervive-loadout-shim

#2820 18:39:39.200  GET /revival/loadout
    -> 200  (0s)
    User-Agent: supervive-loadout-shim

#2821 18:39:39.367  GET /revival/loadout
    -> 200  (0s)
    User-Agent: supervive-loadout-shim

#2822 18:39:39.543  GET /revival/loadout
    -> 200  (0s)
    User-Agent: supervive-loadout-shim

#2823 18:39:39.717  GET /revival/loadout
    -> 200  (0s)
    User-Agent: supervive-loadout-shim

#2824 18:39:39.893  GET /revival/loadout
    -> 200  (0s)
    User-Agent: supervive-loadout-shim

#2825 18:39:40.068  GET /revival/loadout
    -> 200  (0s)
    User-Agent: supervive-loadout-shim

#2826 18:39:40.242  GET /revival/loadout
    -> 200  (0s)
    User-Agent: supervive-loadout-shim

#2827 18:39:40.409  GET /revival/loadout
    -> 200  (0s)
    User-Agent: supervive-loadout-shim

#2828 18:39:40.584  GET /revival/loadout
    -> 200  (0s)
    User-Agent: supervive-loadout-shim

#2829 18:39:40.759  GET /revival/loadout
    -> 200  (0s)
    User-Agent: supervive-loadout-shim

#2830 18:39:40.925  GET /revival/loadout
    -> 200  (0s)
    User-Agent: supervive-loadout-shim

#2831 18:39:41.092  GET /revival/loadout
    -> 200  (0s)
    User-Agent: supervive-loadout-shim

#2832 18:39:41.267  GET /revival/loadout
    -> 200  (0s)
    User-Agent: supervive-loadout-shim

#2833 18:39:41.442  GET /revival/loadout
    -> 200  (0s)
    User-Agent: supervive-loadout-shim

#2834 18:39:41.617  GET /revival/loadout
    -> 200  (0s)
    User-Agent: supervive-loadout-shim

#2835 18:39:41.792  GET /revival/loadout
    -> 200  (0s)
    User-Agent: supervive-loadout-shim

#2836 18:39:41.970  GET /revival/loadout
    -> 200  (0s)
    User-Agent: supervive-loadout-shim

#2837 18:39:42.140  GET /revival/loadout
    -> 200  (0s)
    User-Agent: supervive-loadout-shim

#2838 18:39:42.308  GET /revival/loadout
    -> 200  (0s)
    User-Agent: supervive-loadout-shim

#2839 18:39:42.474  GET /revival/loadout
    -> 200  (0s)
    User-Agent: supervive-loadout-shim

#2840 18:39:42.666  GET /revival/loadout
    -> 200  (0s)
    User-Agent: supervive-loadout-shim

#2841 18:39:42.833  GET /revival/loadout
    -> 200  (0s)
    User-Agent: supervive-loadout-shim

#2842 18:39:43.008  GET /revival/loadout
    -> 200  (0s)
    User-Agent: supervive-loadout-shim

#2843 18:39:43.174  GET /revival/loadout
    -> 200  (0s)
    User-Agent: supervive-loadout-shim

* 18:39:43.258  WS -> /notifications/players/9b9d2c887e2524f918e383a895f2f1c2 BINARY hb (proactive 30s keepalive)

#2844 18:39:43.374  GET /revival/loadout
    -> 200  (0s)
    User-Agent: supervive-loadout-shim

#2845 18:39:43.540  GET /revival/loadout
    -> 200  (0s)
    User-Agent: supervive-loadout-shim

#2846 18:39:43.714  GET /revival/loadout
    -> 200  (0s)
    User-Agent: supervive-loadout-shim

#2847 18:39:43.882  GET /revival/loadout
    -> 200  (0s)
    User-Agent: supervive-loadout-shim

#2848 18:39:44.057  GET /revival/loadout
    -> 200  (0s)
    User-Agent: supervive-loadout-shim

#2849 18:39:44.241  GET /revival/loadout
    -> 200  (0s)
    User-Agent: supervive-loadout-shim

#2850 18:39:44.416  GET /revival/loadout
    -> 200  (0s)
    User-Agent: supervive-loadout-shim

#2851 18:39:44.590  GET /revival/loadout
    -> 200  (0s)
    User-Agent: supervive-loadout-shim

#2852 18:39:44.765  GET /revival/loadout
    -> 200  (0s)
    User-Agent: supervive-loadout-shim

#2853 18:39:44.932  GET /revival/loadout
    -> 200  (0s)
    User-Agent: supervive-loadout-shim

#2854 18:39:45.098  GET /revival/loadout
    -> 200  (0s)
    User-Agent: supervive-loadout-shim

#2855 18:39:45.264  GET /revival/loadout
    -> 200  (0s)
    User-Agent: supervive-loadout-shim

#2856 18:39:45.431  GET /revival/loadout
    -> 200  (0s)
    User-Agent: supervive-loadout-shim

#2857 18:39:45.606  GET /revival/loadout
    -> 200  (0s)
    User-Agent: supervive-loadout-shim

#2858 18:39:45.773  GET /revival/loadout
    -> 200  (0s)
    User-Agent: supervive-loadout-shim

#2859 18:39:45.948  GET /revival/loadout
    -> 200  (0s)
    User-Agent: supervive-loadout-shim

#2860 18:39:46.122  GET /revival/loadout
    -> 200  (0s)
    User-Agent: supervive-loadout-shim

#2861 18:39:46.290  GET /revival/loadout
    -> 200  (0s)
    User-Agent: supervive-loadout-shim

#2862 18:39:46.465  GET /revival/loadout
    -> 200  (0s)
    User-Agent: supervive-loadout-shim

#2863 18:39:46.638  GET /revival/loadout
    -> 200  (0s)
    User-Agent: supervive-loadout-shim

#2864 18:39:46.807  GET /revival/loadout
    -> 200  (0s)
    User-Agent: supervive-loadout-shim

#2865 18:39:46.980  GET /revival/loadout
    -> 200  (0s)
    User-Agent: supervive-loadout-shim

#2866 18:39:47.156  GET /revival/loadout
    -> 200  (0s)
    User-Agent: supervive-loadout-shim

#2867 18:39:47.330  GET /revival/loadout
    -> 200  (0s)
    User-Agent: supervive-loadout-shim

#2868 18:39:47.498  GET /revival/loadout
    -> 200  (0s)
    User-Agent: supervive-loadout-shim

#2869 18:39:47.672  GET /revival/loadout
    -> 200  (0s)
    User-Agent: supervive-loadout-shim

#2870 18:39:47.838  GET /revival/loadout
    -> 200  (0s)
    User-Agent: supervive-loadout-shim

#2871 18:39:48.014  GET /revival/loadout
    -> 200  (0s)
    User-Agent: supervive-loadout-shim

#2872 18:39:48.189  GET /revival/loadout
    -> 200  (0s)
    User-Agent: supervive-loadout-shim

#2873 18:39:48.355  GET /revival/loadout
    -> 200  (0s)
    User-Agent: supervive-loadout-shim

#2874 18:39:48.522  GET /revival/loadout
    -> 200  (0s)
    User-Agent: supervive-loadout-shim

#2875 18:39:48.687  GET /revival/loadout
    -> 200  (0s)
    User-Agent: supervive-loadout-shim

#2876 18:39:48.856  GET /revival/loadout
    -> 200  (0s)
    User-Agent: supervive-loadout-shim

#2877 18:39:49.030  GET /revival/loadout
    -> 200  (0s)
    User-Agent: supervive-loadout-shim

#2878 18:39:49.197  GET /revival/loadout
    -> 200  (0s)
    User-Agent: supervive-loadout-shim

#2879 18:39:49.372  GET /revival/loadout
    -> 200  (0s)
    User-Agent: supervive-loadout-shim

#2880 18:39:49.547  GET /revival/loadout
    -> 200  (0s)
    User-Agent: supervive-loadout-shim

#2881 18:39:49.712  GET /revival/loadout
    -> 200  (0s)
    User-Agent: supervive-loadout-shim

#2882 18:39:49.879  GET /revival/loadout
    -> 200  (0s)
    User-Agent: supervive-loadout-shim

#2883 18:39:50.055  GET /revival/loadout
    -> 200  (0s)
    User-Agent: supervive-loadout-shim

#2884 18:39:50.223  GET /revival/loadout
    -> 200  (0s)
    User-Agent: supervive-loadout-shim

#2885 18:39:50.396  GET /revival/loadout
    -> 200  (0s)
    User-Agent: supervive-loadout-shim

#2886 18:39:50.563  GET /revival/loadout
    -> 200  (0s)
    User-Agent: supervive-loadout-shim

* 18:39:50.625  WS <- /lobby TEXT ""

#2887 18:39:50.729  GET /revival/loadout
    -> 200  (0s)
    User-Agent: supervive-loadout-shim

#2888 18:39:50.896  GET /revival/loadout
    -> 200  (0s)
    User-Agent: supervive-loadout-shim

#2889 18:39:51.062  GET /revival/loadout
    -> 200  (0s)
    User-Agent: supervive-loadout-shim

#2890 18:39:51.238  GET /revival/loadout
    -> 200  (0s)
    User-Agent: supervive-loadout-shim

#2891 18:39:51.421  GET /revival/loadout
    -> 200  (0s)
    User-Agent: supervive-loadout-shim

#2892 18:39:51.595  GET /revival/loadout
    -> 200  (0s)
    User-Agent: supervive-loadout-shim

#2893 18:39:51.761  GET /revival/loadout
    -> 200  (0s)
    User-Agent: supervive-loadout-shim

#2894 18:39:51.928  GET /revival/loadout
    -> 200  (0s)
    User-Agent: supervive-loadout-shim

#2895 18:39:52.104  GET /revival/loadout
    -> 200  (0s)
    User-Agent: supervive-loadout-shim

#2896 18:39:52.279  GET /revival/loadout
    -> 200  (0s)
    User-Agent: supervive-loadout-shim

#2897 18:39:52.455  GET /revival/loadout
    -> 200  (0s)
    User-Agent: supervive-loadout-shim

#2898 18:39:52.637  GET /revival/loadout
    -> 200  (0s)
    User-Agent: supervive-loadout-shim

#2899 18:39:52.813  GET /revival/loadout
    -> 200  (0s)
    User-Agent: supervive-loadout-shim

#2900 18:39:52.997  GET /revival/loadout
    -> 200  (0s)
    User-Agent: supervive-loadout-shim

#2901 18:39:53.219  GET /revival/loadout
    -> 200  (0s)
    User-Agent: supervive-loadout-shim

#2902 18:39:53.254  GET /party/matchmaking/info
    -> 200  (0s)
    Accept: */*
    X-Theorycraft-Clientversion: release2.4.live-156430-shipping
    User-Agent: Loki/UE5-CL-0 (http-legacy) Windows/10.0.19045.1.256.64bit
    Authorization: Bearer eyJhbGciOiJSUzI1NiIsImtpZCI6InN1cGVydml2ZS1yZXZpdmFsLWtleS0xIiwidHlwIjoiSldUIn0.eyJiYW5zIjpbXSwiY2xpZW50X2lkIjoiYmE4ZmI1OWEzNGJiNDgxYWJjYTA4YzQ2YmE0ODgwMjUiLCJjb3VudHJ5IjoiVVMiLCJkaXNwbGF5X25hbWUiOiJSZXZpdmVyIiwiZXhwIjoxNzg2NzM4NjUwLCJpYXQiOjE3ODY2NTIyNTAsImlzX2NvbXBseSI6dHJ1ZSwiamZsZ3MiOjAsIm5hbWVzcGFjZSI6InN1cGVydml2ZSIsIm5iZiI6MTc4NjY1MjE5MCwicGVybWlzc2lvbnMiOlt7IkFjdGlvbiI6MTUsIlJlc291cmNlIjoiTkFNRVNQQUNFOnN1cGVydml2ZToqIn0seyJBY3Rpb24iOjE1LCJSZXNvdXJjZSI6IkFETUlOOk5BTUVTUEFDRTpzdXBlcnZpdmU6KiJ9XSwicm9sZXMiOltdLCJzY29wZSI6ImNvbW1lcmNlIGFjY291bnQgc29jaWFsIHB1Ymxpc2hpbmcgYW5hbHl0aWNzIiwic3ViIjoiOWI5ZDJjODg3ZTI1MjRmOTE4ZTM4M2E4OTVmMmYxYzIiLCJ1bmlxdWVEaXNwbGF5TmFtZSI6IlJldml2ZXIjMDAwMSIsInVuaXF1ZV9kaXNwbGF5X25hbWUiOiJSZXZpdmVyIzAwMDEifQ.S8me6zCTJy1oN7cCA9hQMdHB81PfiOQjPGkisaKCUBzabcSTr1c468GSswCZp1ojqPbBbmOAc-HA5N2o4v-PRiSsk8rqPCyvk3Tx1C5P-rcZZtS-X9XnEtl7wRYgTacQNA_R6vbQgylOOxJ8HarI1u7xWxDlYfxiEDjHEEVHbUlHAE_Oz7PhV80Ms7bc3scLORKG3HPGTqjH9of-EooGUB3k-Xpl9M5eB7A7geV_c8XbzZ0NPELo9dLYVByYKVXzHtk2o0tyzXvdmz-r7FqVYwlN_jOrpiFF_4ti0Wf2ZTI07y-WzKQT1tlXe-OSq86OtwCA0elY-weDLV49mb78gg

#2903 18:39:53.254  GET /core-game/regions
    -> 200  (0s)
    Accept: */*
    X-Theorycraft-Clientversion: release2.4.live-156430-shipping
    Authorization: Bearer eyJhbGciOiJSUzI1NiIsImtpZCI6InN1cGVydml2ZS1yZXZpdmFsLWtleS0xIiwidHlwIjoiSldUIn0.eyJiYW5zIjpbXSwiY2xpZW50X2lkIjoiYmE4ZmI1OWEzNGJiNDgxYWJjYTA4YzQ2YmE0ODgwMjUiLCJjb3VudHJ5IjoiVVMiLCJkaXNwbGF5X25hbWUiOiJSZXZpdmVyIiwiZXhwIjoxNzg2NzM4NjUwLCJpYXQiOjE3ODY2NTIyNTAsImlzX2NvbXBseSI6dHJ1ZSwiamZsZ3MiOjAsIm5hbWVzcGFjZSI6InN1cGVydml2ZSIsIm5iZiI6MTc4NjY1MjE5MCwicGVybWlzc2lvbnMiOlt7IkFjdGlvbiI6MTUsIlJlc291cmNlIjoiTkFNRVNQQUNFOnN1cGVydml2ZToqIn0seyJBY3Rpb24iOjE1LCJSZXNvdXJjZSI6IkFETUlOOk5BTUVTUEFDRTpzdXBlcnZpdmU6KiJ9XSwicm9sZXMiOltdLCJzY29wZSI6ImNvbW1lcmNlIGFjY291bnQgc29jaWFsIHB1Ymxpc2hpbmcgYW5hbHl0aWNzIiwic3ViIjoiOWI5ZDJjODg3ZTI1MjRmOTE4ZTM4M2E4OTVmMmYxYzIiLCJ1bmlxdWVEaXNwbGF5TmFtZSI6IlJldml2ZXIjMDAwMSIsInVuaXF1ZV9kaXNwbGF5X25hbWUiOiJSZXZpdmVyIzAwMDEifQ.S8me6zCTJy1oN7cCA9hQMdHB81PfiOQjPGkisaKCUBzabcSTr1c468GSswCZp1ojqPbBbmOAc-HA5N2o4v-PRiSsk8rqPCyvk3Tx1C5P-rcZZtS-X9XnEtl7wRYgTacQNA_R6vbQgylOOxJ8HarI1u7xWxDlYfxiEDjHEEVHbUlHAE_Oz7PhV80Ms7bc3scLORKG3HPGTqjH9of-EooGUB3k-Xpl9M5eB7A7geV_c8XbzZ0NPELo9dLYVByYKVXzHtk2o0tyzXvdmz-r7FqVYwlN_jOrpiFF_4ti0Wf2ZTI07y-WzKQT1tlXe-OSq86OtwCA0elY-weDLV49mb78gg
    User-Agent: Loki/UE5-CL-0 (http-legacy) Windows/10.0.19045.1.256.64bit

#2904 18:39:53.407  GET /revival/loadout
    -> 200  (0s)
    User-Agent: supervive-loadout-shim

#2905 18:39:53.594  GET /revival/missions/progress
    -> 200  (0s)
    User-Agent: supervive-missions-shim

#2906 18:39:53.600  GET /revival/loadout
    -> 200  (0s)
    User-Agent: supervive-loadout-shim

#2907 18:39:53.813  GET /revival/loadout
    -> 200  (0s)
    User-Agent: supervive-loadout-shim

#2908 18:39:54.005  GET /revival/loadout
    -> 200  (0s)
    User-Agent: supervive-loadout-shim

#2909 18:39:54.190  GET /revival/loadout
    -> 200  (0s)
    User-Agent: supervive-loadout-shim

#2910 18:39:54.373  GET /revival/loadout
    -> 200  (0s)
    User-Agent: supervive-loadout-shim

#2911 18:39:54.565  GET /revival/loadout
    -> 200  (0s)
    User-Agent: supervive-loadout-shim

#2912 18:39:54.749  GET /revival/loadout
    -> 200  (0s)
    User-Agent: supervive-loadout-shim

#2913 18:39:54.923  GET /revival/loadout
    -> 200  (0s)
    User-Agent: supervive-loadout-shim

#2914 18:39:55.109  GET /revival/loadout
    -> 200  (0s)
    User-Agent: supervive-loadout-shim

#2915 18:39:55.312  GET /revival/loadout
    -> 200  (0s)
    User-Agent: supervive-loadout-shim

#2916 18:39:55.498  GET /revival/loadout
    -> 200  (0s)
    User-Agent: supervive-loadout-shim

#2917 18:39:55.670  GET /revival/loadout
    -> 200  (0s)
    User-Agent: supervive-loadout-shim

#2918 18:39:55.864  GET /revival/loadout
    -> 200  (0s)
    User-Agent: supervive-loadout-shim

#2919 18:39:56.061  GET /revival/loadout
    -> 200  (0s)
    User-Agent: supervive-loadout-shim

#2920 18:39:56.228  GET /configuration/client?language=en
    -> 200  (1ms)
    User-Agent: Loki/UE5-CL-0 (http-legacy) Windows/10.0.19045.1.256.64bit
    X-Theorycraft-Clientversion: release2.4.live-156430-shipping
    Accept: */*
    Authorization: Bearer eyJhbGciOiJSUzI1NiIsImtpZCI6InN1cGVydml2ZS1yZXZpdmFsLWtleS0xIiwidHlwIjoiSldUIn0.eyJiYW5zIjpbXSwiY2xpZW50X2lkIjoiYmE4ZmI1OWEzNGJiNDgxYWJjYTA4YzQ2YmE0ODgwMjUiLCJjb3VudHJ5IjoiVVMiLCJkaXNwbGF5X25hbWUiOiJSZXZpdmVyIiwiZXhwIjoxNzg2NzM4NjUwLCJpYXQiOjE3ODY2NTIyNTAsImlzX2NvbXBseSI6dHJ1ZSwiamZsZ3MiOjAsIm5hbWVzcGFjZSI6InN1cGVydml2ZSIsIm5iZiI6MTc4NjY1MjE5MCwicGVybWlzc2lvbnMiOlt7IkFjdGlvbiI6MTUsIlJlc291cmNlIjoiTkFNRVNQQUNFOnN1cGVydml2ZToqIn0seyJBY3Rpb24iOjE1LCJSZXNvdXJjZSI6IkFETUlOOk5BTUVTUEFDRTpzdXBlcnZpdmU6KiJ9XSwicm9sZXMiOltdLCJzY29wZSI6ImNvbW1lcmNlIGFjY291bnQgc29jaWFsIHB1Ymxpc2hpbmcgYW5hbHl0aWNzIiwic3ViIjoiOWI5ZDJjODg3ZTI1MjRmOTE4ZTM4M2E4OTVmMmYxYzIiLCJ1bmlxdWVEaXNwbGF5TmFtZSI6IlJldml2ZXIjMDAwMSIsInVuaXF1ZV9kaXNwbGF5X25hbWUiOiJSZXZpdmVyIzAwMDEifQ.S8me6zCTJy1oN7cCA9hQMdHB81PfiOQjPGkisaKCUBzabcSTr1c468GSswCZp1ojqPbBbmOAc-HA5N2o4v-PRiSsk8rqPCyvk3Tx1C5P-rcZZtS-X9XnEtl7wRYgTacQNA_R6vbQgylOOxJ8HarI1u7xWxDlYfxiEDjHEEVHbUlHAE_Oz7PhV80Ms7bc3scLORKG3HPGTqjH9of-EooGUB3k-Xpl9M5eB7A7geV_c8XbzZ0NPELo9dLYVByYKVXzHtk2o0tyzXvdmz-r7FqVYwlN_jOrpiFF_4ti0Wf2ZTI07y-WzKQT1tlXe-OSq86OtwCA0elY-weDLV49mb78gg

#2921 18:39:56.244  GET /revival/loadout
    -> 200  (0s)
    User-Agent: supervive-loadout-shim

#2922 18:39:56.330  GET /content-service/manifest/release2.4.live-156430-shipping?nonEnabledOnly=true
    -> 200  (0s)
    Accept: */*
    X-Theorycraft-Clientversion: release2.4.live-156430-shipping
    Authorization: Bearer eyJhbGciOiJSUzI1NiIsImtpZCI6InN1cGVydml2ZS1yZXZpdmFsLWtleS0xIiwidHlwIjoiSldUIn0.eyJiYW5zIjpbXSwiY2xpZW50X2lkIjoiYmE4ZmI1OWEzNGJiNDgxYWJjYTA4YzQ2YmE0ODgwMjUiLCJjb3VudHJ5IjoiVVMiLCJkaXNwbGF5X25hbWUiOiJSZXZpdmVyIiwiZXhwIjoxNzg2NzM4NjUwLCJpYXQiOjE3ODY2NTIyNTAsImlzX2NvbXBseSI6dHJ1ZSwiamZsZ3MiOjAsIm5hbWVzcGFjZSI6InN1cGVydml2ZSIsIm5iZiI6MTc4NjY1MjE5MCwicGVybWlzc2lvbnMiOlt7IkFjdGlvbiI6MTUsIlJlc291cmNlIjoiTkFNRVNQQUNFOnN1cGVydml2ZToqIn0seyJBY3Rpb24iOjE1LCJSZXNvdXJjZSI6IkFETUlOOk5BTUVTUEFDRTpzdXBlcnZpdmU6KiJ9XSwicm9sZXMiOltdLCJzY29wZSI6ImNvbW1lcmNlIGFjY291bnQgc29jaWFsIHB1Ymxpc2hpbmcgYW5hbHl0aWNzIiwic3ViIjoiOWI5ZDJjODg3ZTI1MjRmOTE4ZTM4M2E4OTVmMmYxYzIiLCJ1bmlxdWVEaXNwbGF5TmFtZSI6IlJldml2ZXIjMDAwMSIsInVuaXF1ZV9kaXNwbGF5X25hbWUiOiJSZXZpdmVyIzAwMDEifQ.S8me6zCTJy1oN7cCA9hQMdHB81PfiOQjPGkisaKCUBzabcSTr1c468GSswCZp1ojqPbBbmOAc-HA5N2o4v-PRiSsk8rqPCyvk3Tx1C5P-rcZZtS-X9XnEtl7wRYgTacQNA_R6vbQgylOOxJ8HarI1u7xWxDlYfxiEDjHEEVHbUlHAE_Oz7PhV80Ms7bc3scLORKG3HPGTqjH9of-EooGUB3k-Xpl9M5eB7A7geV_c8XbzZ0NPELo9dLYVByYKVXzHtk2o0tyzXvdmz-r7FqVYwlN_jOrpiFF_4ti0Wf2ZTI07y-WzKQT1tlXe-OSq86OtwCA0elY-weDLV49mb78gg
    User-Agent: Loki/UE5-CL-0 (http-legacy) Windows/10.0.19045.1.256.64bit

#2923 18:39:56.454  GET /revival/loadout
    -> 200  (0s)
    User-Agent: supervive-loadout-shim

#2924 18:39:56.666  GET /revival/loadout
    -> 200  (0s)
    User-Agent: supervive-loadout-shim

#2925 18:39:56.849  GET /revival/loadout
    -> 200  (0s)
    User-Agent: supervive-loadout-shim

#2926 18:39:57.038  GET /revival/loadout
    -> 200  (0s)
    User-Agent: supervive-loadout-shim

#2927 18:39:57.307  GET /revival/loadout
    -> 200  (0s)
    User-Agent: supervive-loadout-shim

#2928 18:39:57.576  GET /revival/loadout
    -> 200  (0s)
    User-Agent: supervive-loadout-shim

#2929 18:39:57.784  GET /revival/loadout
    -> 200  (0s)
    User-Agent: supervive-loadout-shim

#2930 18:39:57.982  GET /revival/loadout
    -> 200  (0s)
    User-Agent: supervive-loadout-shim

#2931 18:39:58.186  GET /revival/loadout
    -> 200  (0s)
    User-Agent: supervive-loadout-shim

#2932 18:39:58.388  GET /revival/loadout
    -> 200  (0s)
    User-Agent: supervive-loadout-shim

#2933 18:39:58.584  GET /revival/loadout
    -> 200  (0s)
    User-Agent: supervive-loadout-shim

#2934 18:39:58.752  GET /revival/loadout
    -> 200  (0s)
    User-Agent: supervive-loadout-shim

#2935 18:39:58.935  GET /revival/loadout
    -> 200  (0s)
    User-Agent: supervive-loadout-shim

#2936 18:39:59.111  GET /revival/loadout
    -> 200  (0s)
    User-Agent: supervive-loadout-shim

#2937 18:39:59.300  GET /revival/loadout
    -> 200  (0s)
    User-Agent: supervive-loadout-shim

#2938 18:39:59.470  GET /revival/loadout
    -> 200  (0s)
    User-Agent: supervive-loadout-shim

#2939 18:39:59.652  GET /revival/loadout
    -> 200  (0s)
    User-Agent: supervive-loadout-shim

#2940 18:39:59.829  GET /revival/loadout
    -> 200  (0s)
    User-Agent: supervive-loadout-shim

#2941 18:40:00.010  GET /revival/loadout
    -> 200  (0s)
    User-Agent: supervive-loadout-shim

#2942 18:40:00.184  GET /revival/loadout
    -> 200  (0s)
    User-Agent: supervive-loadout-shim

#2943 18:40:00.351  GET /revival/loadout
    -> 200  (0s)
    User-Agent: supervive-loadout-shim

#2944 18:40:00.517  GET /revival/loadout
    -> 200  (0s)
    User-Agent: supervive-loadout-shim

#2945 18:40:00.684  GET /revival/loadout
    -> 200  (0s)
    User-Agent: supervive-loadout-shim

#2946 18:40:00.851  GET /revival/loadout
    -> 200  (0s)
    User-Agent: supervive-loadout-shim

#2947 18:40:00.978  GET /party/players/9b9d2c887e2524f918e383a895f2f1c2/voice
    -> 200  (0s)
    Accept: */*
    X-Theorycraft-Clientversion: release2.4.live-156430-shipping
    Authorization: Bearer eyJhbGciOiJSUzI1NiIsImtpZCI6InN1cGVydml2ZS1yZXZpdmFsLWtleS0xIiwidHlwIjoiSldUIn0.eyJiYW5zIjpbXSwiY2xpZW50X2lkIjoiYmE4ZmI1OWEzNGJiNDgxYWJjYTA4YzQ2YmE0ODgwMjUiLCJjb3VudHJ5IjoiVVMiLCJkaXNwbGF5X25hbWUiOiJSZXZpdmVyIiwiZXhwIjoxNzg2NzM4NjUwLCJpYXQiOjE3ODY2NTIyNTAsImlzX2NvbXBseSI6dHJ1ZSwiamZsZ3MiOjAsIm5hbWVzcGFjZSI6InN1cGVydml2ZSIsIm5iZiI6MTc4NjY1MjE5MCwicGVybWlzc2lvbnMiOlt7IkFjdGlvbiI6MTUsIlJlc291cmNlIjoiTkFNRVNQQUNFOnN1cGVydml2ZToqIn0seyJBY3Rpb24iOjE1LCJSZXNvdXJjZSI6IkFETUlOOk5BTUVTUEFDRTpzdXBlcnZpdmU6KiJ9XSwicm9sZXMiOltdLCJzY29wZSI6ImNvbW1lcmNlIGFjY291bnQgc29jaWFsIHB1Ymxpc2hpbmcgYW5hbHl0aWNzIiwic3ViIjoiOWI5ZDJjODg3ZTI1MjRmOTE4ZTM4M2E4OTVmMmYxYzIiLCJ1bmlxdWVEaXNwbGF5TmFtZSI6IlJldml2ZXIjMDAwMSIsInVuaXF1ZV9kaXNwbGF5X25hbWUiOiJSZXZpdmVyIzAwMDEifQ.S8me6zCTJy1oN7cCA9hQMdHB81PfiOQjPGkisaKCUBzabcSTr1c468GSswCZp1ojqPbBbmOAc-HA5N2o4v-PRiSsk8rqPCyvk3Tx1C5P-rcZZtS-X9XnEtl7wRYgTacQNA_R6vbQgylOOxJ8HarI1u7xWxDlYfxiEDjHEEVHbUlHAE_Oz7PhV80Ms7bc3scLORKG3HPGTqjH9of-EooGUB3k-Xpl9M5eB7A7geV_c8XbzZ0NPELo9dLYVByYKVXzHtk2o0tyzXvdmz-r7FqVYwlN_jOrpiFF_4ti0Wf2ZTI07y-WzKQT1tlXe-OSq86OtwCA0elY-weDLV49mb78gg
    User-Agent: Loki/UE5-CL-0 (http-legacy) Windows/10.0.19045.1.256.64bit

#2948 18:40:01.026  GET /revival/loadout
    -> 200  (0s)
    User-Agent: supervive-loadout-shim

#2949 18:40:01.200  GET /revival/loadout
    -> 200  (0s)
    User-Agent: supervive-loadout-shim

#2950 18:40:01.367  GET /revival/loadout
    -> 200  (0s)
    User-Agent: supervive-loadout-shim

#2951 18:40:01.540  GET /revival/loadout
    -> 200  (0s)
    User-Agent: supervive-loadout-shim

#2952 18:40:01.714  GET /revival/loadout
    -> 200  (0s)
    User-Agent: supervive-loadout-shim

#2953 18:40:01.890  GET /revival/loadout
    -> 200  (0s)
    User-Agent: supervive-loadout-shim

#2954 18:40:02.064  GET /revival/loadout
    -> 200  (0s)
    User-Agent: supervive-loadout-shim

#2955 18:40:02.234  GET /revival/loadout
    -> 200  (0s)
    User-Agent: supervive-loadout-shim

#2956 18:40:02.409  GET /revival/loadout
    -> 200  (0s)
    User-Agent: supervive-loadout-shim

#2957 18:40:02.585  GET /revival/loadout
    -> 200  (0s)
    User-Agent: supervive-loadout-shim

#2958 18:40:02.759  GET /revival/loadout
    -> 200  (0s)
    User-Agent: supervive-loadout-shim

#2959 18:40:02.935  GET /revival/loadout
    -> 200  (0s)
    User-Agent: supervive-loadout-shim

#2960 18:40:03.109  GET /revival/loadout
    -> 200  (0s)
    User-Agent: supervive-loadout-shim

#2961 18:40:03.283  GET /revival/loadout
    -> 200  (0s)
    User-Agent: supervive-loadout-shim

#2962 18:40:03.450  GET /revival/loadout
    -> 200  (0s)
    User-Agent: supervive-loadout-shim

#2963 18:40:03.617  GET /revival/loadout
    -> 200  (0s)
    User-Agent: supervive-loadout-shim

#2964 18:40:03.783  GET /revival/loadout
    -> 200  (0s)
    User-Agent: supervive-loadout-shim

#2965 18:40:03.956  GET /revival/loadout
    -> 200  (0s)
    User-Agent: supervive-loadout-shim

#2966 18:40:04.130  GET /revival/loadout
    -> 200  (0s)
    User-Agent: supervive-loadout-shim

#2967 18:40:04.306  GET /revival/loadout
    -> 200  (0s)
    User-Agent: supervive-loadout-shim

#2968 18:40:04.480  GET /revival/loadout
    -> 200  (0s)
    User-Agent: supervive-loadout-shim

#2969 18:40:04.655  GET /revival/loadout
    -> 200  (0s)
    User-Agent: supervive-loadout-shim

#2970 18:40:04.830  GET /revival/loadout
    -> 200  (0s)
    User-Agent: supervive-loadout-shim

#2971 18:40:05.005  GET /revival/loadout
    -> 200  (0s)
    User-Agent: supervive-loadout-shim

#2972 18:40:05.179  GET /revival/loadout
    -> 200  (0s)
    User-Agent: supervive-loadout-shim

#2973 18:40:05.355  GET /revival/loadout
    -> 200  (0s)
    User-Agent: supervive-loadout-shim

#2974 18:40:05.530  GET /revival/loadout
    -> 200  (0s)
    User-Agent: supervive-loadout-shim

#2975 18:40:05.705  GET /revival/loadout
    -> 200  (0s)
    User-Agent: supervive-loadout-shim

#2976 18:40:05.880  GET /revival/loadout
    -> 200  (0s)
    User-Agent: supervive-loadout-shim

#2977 18:40:06.055  GET /revival/loadout
    -> 200  (0s)
    User-Agent: supervive-loadout-shim

#2978 18:40:06.229  GET /revival/loadout
    -> 200  (0s)
    User-Agent: supervive-loadout-shim

#2979 18:40:06.405  GET /revival/loadout
    -> 200  (0s)
    User-Agent: supervive-loadout-shim

#2980 18:40:06.579  GET /revival/loadout
    -> 200  (0s)
    User-Agent: supervive-loadout-shim

#2981 18:40:06.754  GET /revival/loadout
    -> 200  (0s)
    User-Agent: supervive-loadout-shim

#2982 18:40:06.929  GET /revival/loadout
    -> 200  (0s)
    User-Agent: supervive-loadout-shim

#2983 18:40:07.104  GET /revival/loadout
    -> 200  (0s)
    User-Agent: supervive-loadout-shim

#2984 18:40:07.279  GET /revival/loadout
    -> 200  (0s)
    User-Agent: supervive-loadout-shim

#2985 18:40:07.454  GET /revival/loadout
    -> 200  (1ms)
    User-Agent: supervive-loadout-shim

#2986 18:40:07.629  GET /revival/loadout
    -> 200  (1ms)
    User-Agent: supervive-loadout-shim

#2987 18:40:07.804  GET /revival/loadout
    -> 200  (0s)
    User-Agent: supervive-loadout-shim

#2988 18:40:07.978  GET /revival/loadout
    -> 200  (0s)
    User-Agent: supervive-loadout-shim

#2989 18:40:08.154  GET /revival/loadout
    -> 200  (0s)
    User-Agent: supervive-loadout-shim

* 18:40:08.182  WS <- /notifications/players/9b9d2c887e2524f918e383a895f2f1c2 BINARY (2 bytes) 6862

* 18:40:08.213  WS -> /notifications/players/9b9d2c887e2524f918e383a895f2f1c2 TEXT hb reply {"Resource":"hb","Version":0,"Payload":""}

#2990 18:40:08.321  GET /revival/loadout
    -> 200  (0s)
    User-Agent: supervive-loadout-shim

#2991 18:40:08.495  GET /revival/loadout
    -> 200  (0s)
    User-Agent: supervive-loadout-shim

#2992 18:40:08.671  GET /revival/loadout
    -> 200  (0s)
    User-Agent: supervive-loadout-shim

#2993 18:40:08.854  GET /revival/loadout
    -> 200  (0s)
    User-Agent: supervive-loadout-shim

#2994 18:40:09.028  GET /revival/loadout
    -> 200  (0s)
    User-Agent: supervive-loadout-shim

#2995 18:40:09.212  GET /revival/loadout
    -> 200  (0s)
    User-Agent: supervive-loadout-shim

#2996 18:40:09.387  GET /revival/loadout
    -> 200  (0s)
    User-Agent: supervive-loadout-shim

#2997 18:40:09.562  GET /revival/loadout
    -> 200  (0s)
    User-Agent: supervive-loadout-shim

#2998 18:40:09.737  GET /revival/loadout
    -> 200  (0s)
    User-Agent: supervive-loadout-shim

#2999 18:40:09.906  GET /revival/loadout
    -> 200  (0s)
    User-Agent: supervive-loadout-shim

#3000 18:40:10.071  GET /revival/loadout
    -> 200  (0s)
    User-Agent: supervive-loadout-shim

#3001 18:40:10.239  GET /revival/loadout
    -> 200  (0s)
    User-Agent: supervive-loadout-shim

#3002 18:40:10.406  GET /revival/loadout
    -> 200  (0s)
    User-Agent: supervive-loadout-shim

#3003 18:40:10.572  GET /revival/loadout
    -> 200  (0s)
    User-Agent: supervive-loadout-shim

#3004 18:40:10.739  GET /revival/loadout
    -> 200  (1ms)
    User-Agent: supervive-loadout-shim

#3005 18:40:10.911  GET /revival/loadout
    -> 200  (0s)
    User-Agent: supervive-loadout-shim

#3006 18:40:11.086  GET /revival/loadout
    -> 200  (0s)
    User-Agent: supervive-loadout-shim

#3007 18:40:11.260  GET /revival/loadout
    -> 200  (0s)
    User-Agent: supervive-loadout-shim

#3008 18:40:11.428  GET /revival/loadout
    -> 200  (0s)
    User-Agent: supervive-loadout-shim

#3009 18:40:11.597  GET /revival/loadout
    -> 200  (0s)
    User-Agent: supervive-loadout-shim

#3010 18:40:11.763  GET /revival/loadout
    -> 200  (0s)
    User-Agent: supervive-loadout-shim

#3011 18:40:11.928  GET /revival/loadout
    -> 200  (0s)
    User-Agent: supervive-loadout-shim

#3012 18:40:12.097  GET /revival/loadout
    -> 200  (0s)
    User-Agent: supervive-loadout-shim

#3013 18:40:12.263  GET /revival/loadout
    -> 200  (0s)
    User-Agent: supervive-loadout-shim

#3014 18:40:12.430  GET /revival/loadout
    -> 200  (0s)
    User-Agent: supervive-loadout-shim

#3015 18:40:12.596  GET /revival/loadout
    -> 200  (0s)
    User-Agent: supervive-loadout-shim

#3016 18:40:12.762  GET /revival/loadout
    -> 200  (0s)
    User-Agent: supervive-loadout-shim

#3017 18:40:12.930  GET /revival/loadout
    -> 200  (0s)
    User-Agent: supervive-loadout-shim

#3018 18:40:13.105  GET /revival/loadout
    -> 200  (0s)
    User-Agent: supervive-loadout-shim

#3019 18:40:13.280  GET /revival/loadout
    -> 200  (0s)
    User-Agent: supervive-loadout-shim

#3020 18:40:13.446  GET /revival/loadout
    -> 200  (0s)
    User-Agent: supervive-loadout-shim

#3021 18:40:13.613  GET /revival/loadout
    -> 200  (0s)
    User-Agent: supervive-loadout-shim

#3022 18:40:13.779  GET /revival/loadout
    -> 200  (0s)
    User-Agent: supervive-loadout-shim

#3023 18:40:13.946  GET /revival/loadout
    -> 200  (0s)
    User-Agent: supervive-loadout-shim

#3024 18:40:14.114  GET /revival/loadout
    -> 200  (0s)
    User-Agent: supervive-loadout-shim

#3025 18:40:14.288  GET /revival/loadout
    -> 200  (0s)
    User-Agent: supervive-loadout-shim

#3026 18:40:14.460  GET /revival/loadout
    -> 200  (0s)
    User-Agent: supervive-loadout-shim

#3027 18:40:14.635  GET /revival/loadout
    -> 200  (0s)
    User-Agent: supervive-loadout-shim

#3028 18:40:14.810  GET /revival/loadout
    -> 200  (0s)
    User-Agent: supervive-loadout-shim

#3029 18:40:14.985  GET /revival/loadout
    -> 200  (0s)
    User-Agent: supervive-loadout-shim

#3030 18:40:15.160  GET /revival/loadout
    -> 200  (0s)
    User-Agent: supervive-loadout-shim

#3031 18:40:15.335  GET /revival/loadout
    -> 200  (0s)
    User-Agent: supervive-loadout-shim

#3032 18:40:15.509  GET /revival/loadout
    -> 200  (0s)
    User-Agent: supervive-loadout-shim

#3033 18:40:15.684  GET /revival/loadout
    -> 200  (0s)
    User-Agent: supervive-loadout-shim

#3034 18:40:15.853  GET /revival/loadout
    -> 200  (0s)
    User-Agent: supervive-loadout-shim

#3035 18:40:16.019  GET /revival/loadout
    -> 200  (0s)
    User-Agent: supervive-loadout-shim

#3036 18:40:16.187  GET /revival/loadout
    -> 200  (0s)
    User-Agent: supervive-loadout-shim

#3037 18:40:16.352  GET /revival/loadout
    -> 200  (0s)
    User-Agent: supervive-loadout-shim

#3038 18:40:16.519  GET /revival/loadout
    -> 200  (1ms)
    User-Agent: supervive-loadout-shim

#3039 18:40:16.687  GET /revival/loadout
    -> 200  (0s)
    User-Agent: supervive-loadout-shim

#3040 18:40:16.852  GET /revival/loadout
    -> 200  (0s)
    User-Agent: supervive-loadout-shim

#3041 18:40:17.019  GET /revival/loadout
    -> 200  (0s)
    User-Agent: supervive-loadout-shim

#3042 18:40:17.191  GET /revival/loadout
    -> 200  (0s)
    User-Agent: supervive-loadout-shim

#3043 18:40:17.366  GET /revival/loadout
    -> 200  (0s)
    User-Agent: supervive-loadout-shim

#3044 18:40:17.536  GET /revival/loadout
    -> 200  (0s)
    User-Agent: supervive-loadout-shim

#3045 18:40:17.703  GET /revival/loadout
    -> 200  (0s)
    User-Agent: supervive-loadout-shim

#3046 18:40:17.870  GET /revival/loadout
    -> 200  (0s)
    User-Agent: supervive-loadout-shim

#3047 18:40:18.044  GET /revival/loadout
    -> 200  (0s)
    User-Agent: supervive-loadout-shim

#3048 18:40:18.211  GET /revival/loadout
    -> 200  (0s)
    User-Agent: supervive-loadout-shim

#3049 18:40:18.378  GET /revival/loadout
    -> 200  (0s)
    User-Agent: supervive-loadout-shim

#3050 18:40:18.551  GET /revival/loadout
    -> 200  (0s)
    User-Agent: supervive-loadout-shim

#3051 18:40:18.719  GET /revival/loadout
    -> 200  (0s)
    User-Agent: supervive-loadout-shim

#3052 18:40:18.886  GET /revival/loadout
    -> 200  (0s)
    User-Agent: supervive-loadout-shim

#3053 18:40:19.053  GET /revival/loadout
    -> 200  (0s)
    User-Agent: supervive-loadout-shim

#3054 18:40:19.228  GET /revival/loadout
    -> 200  (0s)
    User-Agent: supervive-loadout-shim

#3055 18:40:19.394  GET /revival/loadout
    -> 200  (0s)
    User-Agent: supervive-loadout-shim

#3056 18:40:19.560  GET /revival/loadout
    -> 200  (0s)
    User-Agent: supervive-loadout-shim

#3057 18:40:19.726  GET /revival/loadout
    -> 200  (0s)
    User-Agent: supervive-loadout-shim

#3058 18:40:19.894  GET /revival/loadout
    -> 200  (0s)
    User-Agent: supervive-loadout-shim

#3059 18:40:20.059  GET /revival/loadout
    -> 200  (0s)
    User-Agent: supervive-loadout-shim

#3060 18:40:20.227  GET /revival/loadout
    -> 200  (0s)
    User-Agent: supervive-loadout-shim

#3061 18:40:20.392  GET /revival/loadout
    -> 200  (0s)
    User-Agent: supervive-loadout-shim

#3062 18:40:20.560  GET /revival/loadout
    -> 200  (0s)
    User-Agent: supervive-loadout-shim

#3063 18:40:20.727  GET /revival/loadout
    -> 200  (0s)
    User-Agent: supervive-loadout-shim

#3064 18:40:20.902  GET /revival/loadout
    -> 200  (0s)
    User-Agent: supervive-loadout-shim

* 18:40:20.947  WS <- /lobby TEXT ""

#3065 18:40:21.068  GET /revival/loadout
    -> 200  (0s)
    User-Agent: supervive-loadout-shim

#3066 18:40:21.235  GET /revival/loadout
    -> 200  (0s)
    User-Agent: supervive-loadout-shim

#3067 18:40:21.402  GET /revival/loadout
    -> 200  (0s)
    User-Agent: supervive-loadout-shim

#3068 18:40:21.576  GET /revival/loadout
    -> 200  (0s)
    User-Agent: supervive-loadout-shim

#3069 18:40:21.743  GET /revival/loadout
    -> 200  (0s)
    User-Agent: supervive-loadout-shim

#3070 18:40:21.908  GET /revival/loadout
    -> 200  (0s)
    User-Agent: supervive-loadout-shim

#3071 18:40:22.076  GET /revival/loadout
    -> 200  (0s)
    User-Agent: supervive-loadout-shim

#3072 18:40:22.242  GET /revival/loadout
    -> 200  (0s)
    User-Agent: supervive-loadout-shim

#3073 18:40:22.410  GET /revival/loadout
    -> 200  (0s)
    User-Agent: supervive-loadout-shim

#3074 18:40:22.585  GET /revival/loadout
    -> 200  (0s)
    User-Agent: supervive-loadout-shim

#3075 18:40:22.759  GET /revival/loadout
    -> 200  (0s)
    User-Agent: supervive-loadout-shim

#3076 18:40:22.926  GET /revival/loadout
    -> 200  (0s)
    User-Agent: supervive-loadout-shim

#3077 18:40:23.093  GET /revival/loadout
    -> 200  (0s)
    User-Agent: supervive-loadout-shim

#3078 18:40:23.205  GET /party/matchmaking/info
    -> 200  (0s)
    Accept: */*
    X-Theorycraft-Clientversion: release2.4.live-156430-shipping
    User-Agent: Loki/UE5-CL-0 (http-legacy) Windows/10.0.19045.1.256.64bit
    Authorization: Bearer eyJhbGciOiJSUzI1NiIsImtpZCI6InN1cGVydml2ZS1yZXZpdmFsLWtleS0xIiwidHlwIjoiSldUIn0.eyJiYW5zIjpbXSwiY2xpZW50X2lkIjoiYmE4ZmI1OWEzNGJiNDgxYWJjYTA4YzQ2YmE0ODgwMjUiLCJjb3VudHJ5IjoiVVMiLCJkaXNwbGF5X25hbWUiOiJSZXZpdmVyIiwiZXhwIjoxNzg2NzM4NjUwLCJpYXQiOjE3ODY2NTIyNTAsImlzX2NvbXBseSI6dHJ1ZSwiamZsZ3MiOjAsIm5hbWVzcGFjZSI6InN1cGVydml2ZSIsIm5iZiI6MTc4NjY1MjE5MCwicGVybWlzc2lvbnMiOlt7IkFjdGlvbiI6MTUsIlJlc291cmNlIjoiTkFNRVNQQUNFOnN1cGVydml2ZToqIn0seyJBY3Rpb24iOjE1LCJSZXNvdXJjZSI6IkFETUlOOk5BTUVTUEFDRTpzdXBlcnZpdmU6KiJ9XSwicm9sZXMiOltdLCJzY29wZSI6ImNvbW1lcmNlIGFjY291bnQgc29jaWFsIHB1Ymxpc2hpbmcgYW5hbHl0aWNzIiwic3ViIjoiOWI5ZDJjODg3ZTI1MjRmOTE4ZTM4M2E4OTVmMmYxYzIiLCJ1bmlxdWVEaXNwbGF5TmFtZSI6IlJldml2ZXIjMDAwMSIsInVuaXF1ZV9kaXNwbGF5X25hbWUiOiJSZXZpdmVyIzAwMDEifQ.S8me6zCTJy1oN7cCA9hQMdHB81PfiOQjPGkisaKCUBzabcSTr1c468GSswCZp1ojqPbBbmOAc-HA5N2o4v-PRiSsk8rqPCyvk3Tx1C5P-rcZZtS-X9XnEtl7wRYgTacQNA_R6vbQgylOOxJ8HarI1u7xWxDlYfxiEDjHEEVHbUlHAE_Oz7PhV80Ms7bc3scLORKG3HPGTqjH9of-EooGUB3k-Xpl9M5eB7A7geV_c8XbzZ0NPELo9dLYVByYKVXzHtk2o0tyzXvdmz-r7FqVYwlN_jOrpiFF_4ti0Wf2ZTI07y-WzKQT1tlXe-OSq86OtwCA0elY-weDLV49mb78gg

#3079 18:40:23.259  GET /revival/loadout
    -> 200  (0s)
    User-Agent: supervive-loadout-shim

#3080 18:40:23.426  GET /revival/loadout
    -> 200  (0s)
    User-Agent: supervive-loadout-shim

#3081 18:40:23.593  GET /revival/loadout
    -> 200  (0s)
    User-Agent: supervive-loadout-shim

#3082 18:40:23.614  GET /revival/missions/progress
    -> 200  (0s)
    User-Agent: supervive-missions-shim

#3083 18:40:23.768  GET /revival/loadout
    -> 200  (0s)
    User-Agent: supervive-loadout-shim

#3084 18:40:23.943  GET /revival/loadout
    -> 200  (0s)
    User-Agent: supervive-loadout-shim

#3085 18:40:24.117  GET /revival/loadout
    -> 200  (0s)
    User-Agent: supervive-loadout-shim

#3086 18:40:24.284  GET /revival/loadout
    -> 200  (0s)
    User-Agent: supervive-loadout-shim

#3087 18:40:24.451  GET /revival/loadout
    -> 200  (0s)
    User-Agent: supervive-loadout-shim

#3088 18:40:24.617  GET /revival/loadout
    -> 200  (0s)
    User-Agent: supervive-loadout-shim

#3089 18:40:24.784  GET /revival/loadout
    -> 200  (0s)
    User-Agent: supervive-loadout-shim

#3090 18:40:24.959  GET /revival/loadout
    -> 200  (0s)
    User-Agent: supervive-loadout-shim

#3091 18:40:25.125  GET /revival/loadout
    -> 200  (0s)
    User-Agent: supervive-loadout-shim

#3092 18:40:25.291  GET /revival/loadout
    -> 200  (0s)
    User-Agent: supervive-loadout-shim

#3093 18:40:25.459  GET /revival/loadout
    -> 200  (0s)
    User-Agent: supervive-loadout-shim

#3094 18:40:25.650  GET /revival/loadout
    -> 200  (1ms)
    User-Agent: supervive-loadout-shim

#3095 18:40:25.866  GET /revival/loadout
    -> 200  (0s)
    User-Agent: supervive-loadout-shim

#3096 18:40:26.068  GET /revival/loadout
    -> 200  (0s)
    User-Agent: supervive-loadout-shim

#3097 18:40:26.247  GET /configuration/client?language=en
    -> 200  (0s)
    Authorization: Bearer eyJhbGciOiJSUzI1NiIsImtpZCI6InN1cGVydml2ZS1yZXZpdmFsLWtleS0xIiwidHlwIjoiSldUIn0.eyJiYW5zIjpbXSwiY2xpZW50X2lkIjoiYmE4ZmI1OWEzNGJiNDgxYWJjYTA4YzQ2YmE0ODgwMjUiLCJjb3VudHJ5IjoiVVMiLCJkaXNwbGF5X25hbWUiOiJSZXZpdmVyIiwiZXhwIjoxNzg2NzM4NjUwLCJpYXQiOjE3ODY2NTIyNTAsImlzX2NvbXBseSI6dHJ1ZSwiamZsZ3MiOjAsIm5hbWVzcGFjZSI6InN1cGVydml2ZSIsIm5iZiI6MTc4NjY1MjE5MCwicGVybWlzc2lvbnMiOlt7IkFjdGlvbiI6MTUsIlJlc291cmNlIjoiTkFNRVNQQUNFOnN1cGVydml2ZToqIn0seyJBY3Rpb24iOjE1LCJSZXNvdXJjZSI6IkFETUlOOk5BTUVTUEFDRTpzdXBlcnZpdmU6KiJ9XSwicm9sZXMiOltdLCJzY29wZSI6ImNvbW1lcmNlIGFjY291bnQgc29jaWFsIHB1Ymxpc2hpbmcgYW5hbHl0aWNzIiwic3ViIjoiOWI5ZDJjODg3ZTI1MjRmOTE4ZTM4M2E4OTVmMmYxYzIiLCJ1bmlxdWVEaXNwbGF5TmFtZSI6IlJldml2ZXIjMDAwMSIsInVuaXF1ZV9kaXNwbGF5X25hbWUiOiJSZXZpdmVyIzAwMDEifQ.S8me6zCTJy1oN7cCA9hQMdHB81PfiOQjPGkisaKCUBzabcSTr1c468GSswCZp1ojqPbBbmOAc-HA5N2o4v-PRiSsk8rqPCyvk3Tx1C5P-rcZZtS-X9XnEtl7wRYgTacQNA_R6vbQgylOOxJ8HarI1u7xWxDlYfxiEDjHEEVHbUlHAE_Oz7PhV80Ms7bc3scLORKG3HPGTqjH9of-EooGUB3k-Xpl9M5eB7A7geV_c8XbzZ0NPELo9dLYVByYKVXzHtk2o0tyzXvdmz-r7FqVYwlN_jOrpiFF_4ti0Wf2ZTI07y-WzKQT1tlXe-OSq86OtwCA0elY-weDLV49mb78gg
    User-Agent: Loki/UE5-CL-0 (http-legacy) Windows/10.0.19045.1.256.64bit
    Accept: */*
    X-Theorycraft-Clientversion: release2.4.live-156430-shipping

#3098 18:40:26.253  GET /revival/loadout
    -> 200  (0s)
    User-Agent: supervive-loadout-shim

#3099 18:40:26.325  GET /content-service/manifest/release2.4.live-156430-shipping?nonEnabledOnly=true
    -> 200  (0s)
    Accept: */*
    X-Theorycraft-Clientversion: release2.4.live-156430-shipping
    Authorization: Bearer eyJhbGciOiJSUzI1NiIsImtpZCI6InN1cGVydml2ZS1yZXZpdmFsLWtleS0xIiwidHlwIjoiSldUIn0.eyJiYW5zIjpbXSwiY2xpZW50X2lkIjoiYmE4ZmI1OWEzNGJiNDgxYWJjYTA4YzQ2YmE0ODgwMjUiLCJjb3VudHJ5IjoiVVMiLCJkaXNwbGF5X25hbWUiOiJSZXZpdmVyIiwiZXhwIjoxNzg2NzM4NjUwLCJpYXQiOjE3ODY2NTIyNTAsImlzX2NvbXBseSI6dHJ1ZSwiamZsZ3MiOjAsIm5hbWVzcGFjZSI6InN1cGVydml2ZSIsIm5iZiI6MTc4NjY1MjE5MCwicGVybWlzc2lvbnMiOlt7IkFjdGlvbiI6MTUsIlJlc291cmNlIjoiTkFNRVNQQUNFOnN1cGVydml2ZToqIn0seyJBY3Rpb24iOjE1LCJSZXNvdXJjZSI6IkFETUlOOk5BTUVTUEFDRTpzdXBlcnZpdmU6KiJ9XSwicm9sZXMiOltdLCJzY29wZSI6ImNvbW1lcmNlIGFjY291bnQgc29jaWFsIHB1Ymxpc2hpbmcgYW5hbHl0aWNzIiwic3ViIjoiOWI5ZDJjODg3ZTI1MjRmOTE4ZTM4M2E4OTVmMmYxYzIiLCJ1bmlxdWVEaXNwbGF5TmFtZSI6IlJldml2ZXIjMDAwMSIsInVuaXF1ZV9kaXNwbGF5X25hbWUiOiJSZXZpdmVyIzAwMDEifQ.S8me6zCTJy1oN7cCA9hQMdHB81PfiOQjPGkisaKCUBzabcSTr1c468GSswCZp1ojqPbBbmOAc-HA5N2o4v-PRiSsk8rqPCyvk3Tx1C5P-rcZZtS-X9XnEtl7wRYgTacQNA_R6vbQgylOOxJ8HarI1u7xWxDlYfxiEDjHEEVHbUlHAE_Oz7PhV80Ms7bc3scLORKG3HPGTqjH9of-EooGUB3k-Xpl9M5eB7A7geV_c8XbzZ0NPELo9dLYVByYKVXzHtk2o0tyzXvdmz-r7FqVYwlN_jOrpiFF_4ti0Wf2ZTI07y-WzKQT1tlXe-OSq86OtwCA0elY-weDLV49mb78gg
    User-Agent: Loki/UE5-CL-0 (http-legacy) Windows/10.0.19045.1.256.64bit

#3100 18:40:26.453  GET /revival/loadout
    -> 200  (0s)
    User-Agent: supervive-loadout-shim

#3101 18:40:26.634  GET /revival/loadout
    -> 200  (0s)
    User-Agent: supervive-loadout-shim

#3102 18:40:26.810  GET /revival/loadout
    -> 200  (0s)
    User-Agent: supervive-loadout-shim

#3103 18:40:26.983  GET /revival/loadout
    -> 200  (0s)
    User-Agent: supervive-loadout-shim

#3104 18:40:27.159  GET /revival/loadout
    -> 200  (0s)
    User-Agent: supervive-loadout-shim

#3105 18:40:27.338  GET /revival/loadout
    -> 200  (0s)
    User-Agent: supervive-loadout-shim

#3106 18:40:27.517  GET /revival/loadout
    -> 200  (0s)
    User-Agent: supervive-loadout-shim

#3107 18:40:27.520  POST /game-telemetry/v1/protected/events
    -> 200  (0s)
    Content-Type: application/json
    User-Agent: Loki/UE5-CL-0 (http-legacy) Windows/10.0.19045.1.256.64bit
    Accept: application/json
    Authorization: Bearer eyJhbGciOiJSUzI1NiIsImtpZCI6InN1cGVydml2ZS1yZXZpdmFsLWtleS0xIiwidHlwIjoiSldUIn0.eyJiYW5zIjpbXSwiY2xpZW50X2lkIjoiYmE4ZmI1OWEzNGJiNDgxYWJjYTA4YzQ2YmE0ODgwMjUiLCJjb3VudHJ5IjoiVVMiLCJkaXNwbGF5X25hbWUiOiJSZXZpdmVyIiwiZXhwIjoxNzg2NzM4NjUwLCJpYXQiOjE3ODY2NTIyNTAsImlzX2NvbXBseSI6dHJ1ZSwiamZsZ3MiOjAsIm5hbWVzcGFjZSI6InN1cGVydml2ZSIsIm5iZiI6MTc4NjY1MjE5MCwicGVybWlzc2lvbnMiOlt7IkFjdGlvbiI6MTUsIlJlc291cmNlIjoiTkFNRVNQQUNFOnN1cGVydml2ZToqIn0seyJBY3Rpb24iOjE1LCJSZXNvdXJjZSI6IkFETUlOOk5BTUVTUEFDRTpzdXBlcnZpdmU6KiJ9XSwicm9sZXMiOltdLCJzY29wZSI6ImNvbW1lcmNlIGFjY291bnQgc29jaWFsIHB1Ymxpc2hpbmcgYW5hbHl0aWNzIiwic3ViIjoiOWI5ZDJjODg3ZTI1MjRmOTE4ZTM4M2E4OTVmMmYxYzIiLCJ1bmlxdWVEaXNwbGF5TmFtZSI6IlJldml2ZXIjMDAwMSIsInVuaXF1ZV9kaXNwbGF5X25hbWUiOiJSZXZpdmVyIzAwMDEifQ.S8me6zCTJy1oN7cCA9hQMdHB81PfiOQjPGkisaKCUBzabcSTr1c468GSswCZp1ojqPbBbmOAc-HA5N2o4v-PRiSsk8rqPCyvk3Tx1C5P-rcZZtS-X9XnEtl7wRYgTacQNA_R6vbQgylOOxJ8HarI1u7xWxDlYfxiEDjHEEVHbUlHAE_Oz7PhV80Ms7bc3scLORKG3HPGTqjH9of-EooGUB3k-Xpl9M5eB7A7geV_c8XbzZ0NPELo9dLYVByYKVXzHtk2o0tyzXvdmz-r7FqVYwlN_jOrpiFF_4ti0Wf2ZTI07y-WzKQT1tlXe-OSq86OtwCA0elY-weDLV49mb78gg
    Game-Client-Version: 1.0.0.0
    body: [
	{
		"EventNamespace": "loki",
		"EventName": "client_network_samples_snapshot",
		"Payload":
		{
			"sessionId": "567f77cd4269be09df02edb258c46222",
			"PlayerId": "9b9d2c887e2524f918e383a895f2f1c2",
			"timestamp": "2026-08-13T23:39:38.931Z",
			"inAveragePacketLoss": 0,
			"outAveragePacketLoss": 0,
			"HardwareId": "c1795a173f53c6f72e8b0125f11309c6"
		},
		"ClientTimestamp": "2026-08-13T23:40:26.576Z",
		"flightId": "34fe5245425ef9d90b4cd3a77b270727",
		"DeviceType": "Windows"
	}
]

#3108 18:40:27.691  GET /revival/loadout
    -> 200  (0s)
    User-Agent: supervive-loadout-shim

#3109 18:40:27.882  GET /revival/loadout
    -> 200  (0s)
    User-Agent: supervive-loadout-shim

#3110 18:40:28.094  GET /revival/loadout
    -> 200  (0s)
    User-Agent: supervive-loadout-shim

#3111 18:40:28.324  GET /revival/loadout
    -> 200  (0s)
    User-Agent: supervive-loadout-shim

#3112 18:40:28.519  GET /revival/loadout
    -> 200  (0s)
    User-Agent: supervive-loadout-shim

#3113 18:40:28.713  GET /revival/loadout
    -> 200  (0s)
    User-Agent: supervive-loadout-shim

#3114 18:40:28.888  GET /revival/loadout
    -> 200  (0s)
    User-Agent: supervive-loadout-shim

#3115 18:40:29.065  GET /revival/loadout
    -> 200  (0s)
    User-Agent: supervive-loadout-shim

#3116 18:40:29.271  GET /revival/loadout
    -> 200  (0s)
    User-Agent: supervive-loadout-shim

#3117 18:40:29.597  GET /revival/loadout
    -> 200  (0s)
    User-Agent: supervive-loadout-shim

#3118 18:40:29.875  GET /revival/loadout
    -> 200  (0s)
    User-Agent: supervive-loadout-shim

#3119 18:40:30.064  GET /revival/loadout
    -> 200  (0s)
    User-Agent: supervive-loadout-shim

#3120 18:40:30.249  GET /revival/loadout
    -> 200  (0s)
    User-Agent: supervive-loadout-shim

#3121 18:40:30.415  GET /revival/loadout
    -> 200  (0s)
    User-Agent: supervive-loadout-shim

#3122 18:40:30.591  GET /revival/loadout
    -> 200  (0s)
    User-Agent: supervive-loadout-shim

#3123 18:40:30.875  GET /revival/loadout
    -> 200  (0s)
    User-Agent: supervive-loadout-shim

#3124 18:40:31.268  GET /revival/loadout
    -> 200  (1ms)
    User-Agent: supervive-loadout-shim

#3125 18:40:31.704  GET /revival/loadout
    -> 200  (0s)
    User-Agent: supervive-loadout-shim

#3126 18:40:31.904  GET /revival/loadout
    -> 200  (0s)
    User-Agent: supervive-loadout-shim

#3127 18:40:32.038  GET /party/players/9b9d2c887e2524f918e383a895f2f1c2/voice
    -> 200  (0s)
    X-Theorycraft-Clientversion: release2.4.live-156430-shipping
    Authorization: Bearer eyJhbGciOiJSUzI1NiIsImtpZCI6InN1cGVydml2ZS1yZXZpdmFsLWtleS0xIiwidHlwIjoiSldUIn0.eyJiYW5zIjpbXSwiY2xpZW50X2lkIjoiYmE4ZmI1OWEzNGJiNDgxYWJjYTA4YzQ2YmE0ODgwMjUiLCJjb3VudHJ5IjoiVVMiLCJkaXNwbGF5X25hbWUiOiJSZXZpdmVyIiwiZXhwIjoxNzg2NzM4NjUwLCJpYXQiOjE3ODY2NTIyNTAsImlzX2NvbXBseSI6dHJ1ZSwiamZsZ3MiOjAsIm5hbWVzcGFjZSI6InN1cGVydml2ZSIsIm5iZiI6MTc4NjY1MjE5MCwicGVybWlzc2lvbnMiOlt7IkFjdGlvbiI6MTUsIlJlc291cmNlIjoiTkFNRVNQQUNFOnN1cGVydml2ZToqIn0seyJBY3Rpb24iOjE1LCJSZXNvdXJjZSI6IkFETUlOOk5BTUVTUEFDRTpzdXBlcnZpdmU6KiJ9XSwicm9sZXMiOltdLCJzY29wZSI6ImNvbW1lcmNlIGFjY291bnQgc29jaWFsIHB1Ymxpc2hpbmcgYW5hbHl0aWNzIiwic3ViIjoiOWI5ZDJjODg3ZTI1MjRmOTE4ZTM4M2E4OTVmMmYxYzIiLCJ1bmlxdWVEaXNwbGF5TmFtZSI6IlJldml2ZXIjMDAwMSIsInVuaXF1ZV9kaXNwbGF5X25hbWUiOiJSZXZpdmVyIzAwMDEifQ.S8me6zCTJy1oN7cCA9hQMdHB81PfiOQjPGkisaKCUBzabcSTr1c468GSswCZp1ojqPbBbmOAc-HA5N2o4v-PRiSsk8rqPCyvk3Tx1C5P-rcZZtS-X9XnEtl7wRYgTacQNA_R6vbQgylOOxJ8HarI1u7xWxDlYfxiEDjHEEVHbUlHAE_Oz7PhV80Ms7bc3scLORKG3HPGTqjH9of-EooGUB3k-Xpl9M5eB7A7geV_c8XbzZ0NPELo9dLYVByYKVXzHtk2o0tyzXvdmz-r7FqVYwlN_jOrpiFF_4ti0Wf2ZTI07y-WzKQT1tlXe-OSq86OtwCA0elY-weDLV49mb78gg
    User-Agent: Loki/UE5-CL-0 (http-legacy) Windows/10.0.19045.1.256.64bit
    Accept: */*

#3128 18:40:32.267  GET /revival/loadout
    -> 200  (1ms)
    User-Agent: supervive-loadout-shim

#3129 18:40:32.672  GET /revival/loadout
    -> 200  (1ms)
    User-Agent: supervive-loadout-shim

#3130 18:40:32.859  GET /revival/loadout
    -> 200  (0s)
    User-Agent: supervive-loadout-shim

#3131 18:40:33.050  GET /revival/loadout
    -> 200  (0s)
    User-Agent: supervive-loadout-shim

#3132 18:40:33.232  GET /revival/loadout
    -> 200  (0s)
    User-Agent: supervive-loadout-shim

#3133 18:40:33.434  GET /revival/loadout
    -> 200  (0s)
    User-Agent: supervive-loadout-shim

#3134 18:40:33.926  GET /revival/loadout
    -> 200  (0s)
    User-Agent: supervive-loadout-shim

#3135 18:40:34.125  GET /revival/loadout
    -> 200  (0s)
    User-Agent: supervive-loadout-shim

#3136 18:40:34.307  GET /revival/loadout
    -> 200  (0s)
    User-Agent: supervive-loadout-shim

#3137 18:40:34.490  GET /revival/loadout
    -> 200  (0s)
    User-Agent: supervive-loadout-shim

#3138 18:40:34.664  GET /revival/loadout
    -> 200  (0s)
    User-Agent: supervive-loadout-shim

#3139 18:40:35.119  GET /revival/loadout
    -> 200  (0s)
    User-Agent: supervive-loadout-shim

#3140 18:40:35.367  GET /revival/loadout
    -> 200  (0s)
    User-Agent: supervive-loadout-shim

#3141 18:40:35.558  GET /revival/loadout
    -> 200  (0s)
    User-Agent: supervive-loadout-shim

#3142 18:40:35.740  GET /revival/loadout
    -> 200  (0s)
    User-Agent: supervive-loadout-shim

#3143 18:40:35.936  GET /revival/loadout
    -> 200  (0s)
    User-Agent: supervive-loadout-shim

#3144 18:40:36.116  GET /revival/loadout
    -> 200  (0s)
    User-Agent: supervive-loadout-shim

#3145 18:40:36.452  GET /revival/loadout
    -> 200  (1ms)
    User-Agent: supervive-loadout-shim

#3146 18:40:36.766  GET /revival/loadout
    -> 200  (0s)
    User-Agent: supervive-loadout-shim

#3147 18:40:36.990  GET /revival/loadout
    -> 200  (0s)
    User-Agent: supervive-loadout-shim

#3148 18:40:37.191  GET /revival/loadout
    -> 200  (0s)
    User-Agent: supervive-loadout-shim

#3149 18:40:37.371  GET /revival/loadout
    -> 200  (0s)
    User-Agent: supervive-loadout-shim

#3150 18:40:38.104  GET /revival/loadout
    -> 200  (0s)
    User-Agent: supervive-loadout-shim

* 18:40:38.235  WS -> /notifications/players/9b9d2c887e2524f918e383a895f2f1c2 BINARY hb (proactive 30s keepalive)

#3151 18:40:38.290  GET /revival/loadout
    -> 200  (0s)
    User-Agent: supervive-loadout-shim

#3152 18:40:38.470  GET /revival/loadout
    -> 200  (0s)
    User-Agent: supervive-loadout-shim

#3153 18:40:38.646  GET /revival/loadout
    -> 200  (0s)
    User-Agent: supervive-loadout-shim

#3154 18:40:38.821  GET /revival/loadout
    -> 200  (0s)
    User-Agent: supervive-loadout-shim

#3155 18:40:39.099  GET /revival/loadout
    -> 200  (0s)
    User-Agent: supervive-loadout-shim

#3156 18:40:39.557  GET /revival/loadout
    -> 200  (0s)
    User-Agent: supervive-loadout-shim

#3157 18:40:39.740  GET /revival/loadout
    -> 200  (0s)
    User-Agent: supervive-loadout-shim

#3158 18:40:39.931  GET /revival/loadout
    -> 200  (0s)
    User-Agent: supervive-loadout-shim

#3159 18:40:40.111  GET /revival/loadout
    -> 200  (0s)
    User-Agent: supervive-loadout-shim

#3160 18:40:40.756  GET /revival/loadout
    -> 200  (0s)
    User-Agent: supervive-loadout-shim

#3161 18:40:40.947  GET /revival/loadout
    -> 200  (0s)
    User-Agent: supervive-loadout-shim

#3162 18:40:41.139  GET /revival/loadout
    -> 200  (0s)
    User-Agent: supervive-loadout-shim

#3163 18:40:41.325  GET /revival/loadout
    -> 200  (0s)
    User-Agent: supervive-loadout-shim

#3164 18:40:41.503  GET /revival/loadout
    -> 200  (0s)
    User-Agent: supervive-loadout-shim

#3165 18:40:42.078  GET /revival/loadout
    -> 200  (0s)
    User-Agent: supervive-loadout-shim

#3166 18:40:42.264  GET /revival/loadout
    -> 200  (0s)
    User-Agent: supervive-loadout-shim

#3167 18:40:42.436  GET /revival/loadout
    -> 200  (0s)
    User-Agent: supervive-loadout-shim

#3168 18:40:42.611  GET /revival/loadout
    -> 200  (0s)
    User-Agent: supervive-loadout-shim

#3169 18:40:42.894  GET /revival/loadout
    -> 200  (0s)
    User-Agent: supervive-loadout-shim

#3170 18:40:43.316  GET /revival/loadout
    -> 200  (0s)
    User-Agent: supervive-loadout-shim

#3171 18:40:43.554  GET /revival/loadout
    -> 200  (0s)
    User-Agent: supervive-loadout-shim

#3172 18:40:43.732  GET /revival/loadout
    -> 200  (0s)
    User-Agent: supervive-loadout-shim

#3173 18:40:43.910  GET /revival/loadout
    -> 200  (0s)
    User-Agent: supervive-loadout-shim

#3174 18:40:44.076  GET /revival/loadout
    -> 200  (0s)
    User-Agent: supervive-loadout-shim

#3175 18:40:44.243  GET /revival/loadout
    -> 200  (0s)
    User-Agent: supervive-loadout-shim

#3176 18:40:44.562  GET /revival/loadout
    -> 200  (0s)
    User-Agent: supervive-loadout-shim

#3177 18:40:44.796  GET /revival/loadout
    -> 200  (0s)
    User-Agent: supervive-loadout-shim

#3178 18:40:44.988  GET /revival/loadout
    -> 200  (0s)
    User-Agent: supervive-loadout-shim

#3179 18:40:45.178  GET /revival/loadout
    -> 200  (0s)
    User-Agent: supervive-loadout-shim

#3180 18:40:45.359  GET /revival/loadout
    -> 200  (0s)
    User-Agent: supervive-loadout-shim

#3181 18:40:45.535  GET /revival/loadout
    -> 200  (0s)
    User-Agent: supervive-loadout-shim

#3182 18:40:45.954  GET /revival/loadout
    -> 200  (0s)
    User-Agent: supervive-loadout-shim

#3183 18:40:46.134  GET /revival/loadout
    -> 200  (0s)
    User-Agent: supervive-loadout-shim

#3184 18:40:46.309  GET /revival/loadout
    -> 200  (0s)
    User-Agent: supervive-loadout-shim

#3185 18:40:46.484  GET /revival/loadout
    -> 200  (0s)
    User-Agent: supervive-loadout-shim

#3186 18:40:46.651  GET /revival/loadout
    -> 200  (0s)
    User-Agent: supervive-loadout-shim

#3187 18:40:46.826  GET /revival/loadout
    -> 200  (0s)
    User-Agent: supervive-loadout-shim

#3188 18:40:47.000  GET /revival/loadout
    -> 200  (0s)
    User-Agent: supervive-loadout-shim

#3189 18:40:47.295  GET /revival/loadout
    -> 200  (0s)
    User-Agent: supervive-loadout-shim

#3190 18:40:47.487  GET /revival/loadout
    -> 200  (0s)
    User-Agent: supervive-loadout-shim

#3191 18:40:47.678  GET /revival/loadout
    -> 200  (0s)
    User-Agent: supervive-loadout-shim

#3192 18:40:47.859  GET /revival/loadout
    -> 200  (0s)
    User-Agent: supervive-loadout-shim

#3193 18:40:48.034  GET /revival/loadout
    -> 200  (0s)
    User-Agent: supervive-loadout-shim

#3194 18:40:48.209  GET /revival/loadout
    -> 200  (0s)
    User-Agent: supervive-loadout-shim

#3195 18:40:48.387  GET /revival/loadout
    -> 200  (0s)
    User-Agent: supervive-loadout-shim

#3196 18:40:48.644  GET /revival/loadout
    -> 200  (0s)
    User-Agent: supervive-loadout-shim

#3197 18:40:48.825  GET /revival/loadout
    -> 200  (0s)
    User-Agent: supervive-loadout-shim

#3198 18:40:49.000  GET /revival/loadout
    -> 200  (0s)
    User-Agent: supervive-loadout-shim

#3199 18:40:49.175  GET /revival/loadout
    -> 200  (0s)
    User-Agent: supervive-loadout-shim

#3200 18:40:49.349  GET /revival/loadout
    -> 200  (0s)
    User-Agent: supervive-loadout-shim

#3201 18:40:49.524  GET /revival/loadout
    -> 200  (0s)
    User-Agent: supervive-loadout-shim

#3202 18:40:49.697  GET /revival/loadout
    -> 200  (0s)
    User-Agent: supervive-loadout-shim

#3203 18:40:50.010  GET /revival/loadout
    -> 200  (0s)
    User-Agent: supervive-loadout-shim

#3204 18:40:50.201  GET /revival/loadout
    -> 200  (0s)
    User-Agent: supervive-loadout-shim

#3205 18:40:50.394  GET /revival/loadout
    -> 200  (0s)
    User-Agent: supervive-loadout-shim

#3206 18:40:50.585  GET /revival/loadout
    -> 200  (0s)
    User-Agent: supervive-loadout-shim

#3207 18:40:50.776  GET /revival/loadout
    -> 200  (0s)
    User-Agent: supervive-loadout-shim

#3208 18:40:50.958  GET /revival/loadout
    -> 200  (0s)
    User-Agent: supervive-loadout-shim

* 18:40:51.011  WS <- /lobby TEXT ""

#3209 18:40:51.313  GET /revival/loadout
    -> 200  (0s)
    User-Agent: supervive-loadout-shim

#3210 18:40:51.502  GET /revival/loadout
    -> 200  (0s)
    User-Agent: supervive-loadout-shim

#3211 18:40:51.682  GET /revival/loadout
    -> 200  (0s)
    User-Agent: supervive-loadout-shim

#3212 18:40:51.857  GET /revival/loadout
    -> 200  (0s)
    User-Agent: supervive-loadout-shim

#3213 18:40:52.032  GET /revival/loadout
    -> 200  (0s)
    User-Agent: supervive-loadout-shim

#3214 18:40:52.199  GET /revival/loadout
    -> 200  (0s)
    User-Agent: supervive-loadout-shim

#3215 18:40:52.374  GET /revival/loadout
    -> 200  (0s)
    User-Agent: supervive-loadout-shim

#3216 18:40:52.668  GET /revival/loadout
    -> 200  (0s)
    User-Agent: supervive-loadout-shim

#3217 18:40:52.849  GET /revival/loadout
    -> 200  (0s)
    User-Agent: supervive-loadout-shim

#3218 18:40:53.024  GET /revival/loadout
    -> 200  (0s)
    User-Agent: supervive-loadout-shim

#3219 18:40:53.198  GET /revival/loadout
    -> 200  (0s)
    User-Agent: supervive-loadout-shim

#3220 18:40:53.227  GET /mailbox/config/version
    -> 200  (0s)
    Accept: */*
    X-Theorycraft-Clientversion: release2.4.live-156430-shipping
    Authorization: Bearer eyJhbGciOiJSUzI1NiIsImtpZCI6InN1cGVydml2ZS1yZXZpdmFsLWtleS0xIiwidHlwIjoiSldUIn0.eyJiYW5zIjpbXSwiY2xpZW50X2lkIjoiYmE4ZmI1OWEzNGJiNDgxYWJjYTA4YzQ2YmE0ODgwMjUiLCJjb3VudHJ5IjoiVVMiLCJkaXNwbGF5X25hbWUiOiJSZXZpdmVyIiwiZXhwIjoxNzg2NzM4NjUwLCJpYXQiOjE3ODY2NTIyNTAsImlzX2NvbXBseSI6dHJ1ZSwiamZsZ3MiOjAsIm5hbWVzcGFjZSI6InN1cGVydml2ZSIsIm5iZiI6MTc4NjY1MjE5MCwicGVybWlzc2lvbnMiOlt7IkFjdGlvbiI6MTUsIlJlc291cmNlIjoiTkFNRVNQQUNFOnN1cGVydml2ZToqIn0seyJBY3Rpb24iOjE1LCJSZXNvdXJjZSI6IkFETUlOOk5BTUVTUEFDRTpzdXBlcnZpdmU6KiJ9XSwicm9sZXMiOltdLCJzY29wZSI6ImNvbW1lcmNlIGFjY291bnQgc29jaWFsIHB1Ymxpc2hpbmcgYW5hbHl0aWNzIiwic3ViIjoiOWI5ZDJjODg3ZTI1MjRmOTE4ZTM4M2E4OTVmMmYxYzIiLCJ1bmlxdWVEaXNwbGF5TmFtZSI6IlJldml2ZXIjMDAwMSIsInVuaXF1ZV9kaXNwbGF5X25hbWUiOiJSZXZpdmVyIzAwMDEifQ.S8me6zCTJy1oN7cCA9hQMdHB81PfiOQjPGkisaKCUBzabcSTr1c468GSswCZp1ojqPbBbmOAc-HA5N2o4v-PRiSsk8rqPCyvk3Tx1C5P-rcZZtS-X9XnEtl7wRYgTacQNA_R6vbQgylOOxJ8HarI1u7xWxDlYfxiEDjHEEVHbUlHAE_Oz7PhV80Ms7bc3scLORKG3HPGTqjH9of-EooGUB3k-Xpl9M5eB7A7geV_c8XbzZ0NPELo9dLYVByYKVXzHtk2o0tyzXvdmz-r7FqVYwlN_jOrpiFF_4ti0Wf2ZTI07y-WzKQT1tlXe-OSq86OtwCA0elY-weDLV49mb78gg
    User-Agent: Loki/UE5-CL-0 (http-legacy) Windows/10.0.19045.1.256.64bit

#3221 18:40:53.227  GET /party/matchmaking/info
    -> 200  (0s)
    Accept: */*
    X-Theorycraft-Clientversion: release2.4.live-156430-shipping
    Authorization: Bearer eyJhbGciOiJSUzI1NiIsImtpZCI6InN1cGVydml2ZS1yZXZpdmFsLWtleS0xIiwidHlwIjoiSldUIn0.eyJiYW5zIjpbXSwiY2xpZW50X2lkIjoiYmE4ZmI1OWEzNGJiNDgxYWJjYTA4YzQ2YmE0ODgwMjUiLCJjb3VudHJ5IjoiVVMiLCJkaXNwbGF5X25hbWUiOiJSZXZpdmVyIiwiZXhwIjoxNzg2NzM4NjUwLCJpYXQiOjE3ODY2NTIyNTAsImlzX2NvbXBseSI6dHJ1ZSwiamZsZ3MiOjAsIm5hbWVzcGFjZSI6InN1cGVydml2ZSIsIm5iZiI6MTc4NjY1MjE5MCwicGVybWlzc2lvbnMiOlt7IkFjdGlvbiI6MTUsIlJlc291cmNlIjoiTkFNRVNQQUNFOnN1cGVydml2ZToqIn0seyJBY3Rpb24iOjE1LCJSZXNvdXJjZSI6IkFETUlOOk5BTUVTUEFDRTpzdXBlcnZpdmU6KiJ9XSwicm9sZXMiOltdLCJzY29wZSI6ImNvbW1lcmNlIGFjY291bnQgc29jaWFsIHB1Ymxpc2hpbmcgYW5hbHl0aWNzIiwic3ViIjoiOWI5ZDJjODg3ZTI1MjRmOTE4ZTM4M2E4OTVmMmYxYzIiLCJ1bmlxdWVEaXNwbGF5TmFtZSI6IlJldml2ZXIjMDAwMSIsInVuaXF1ZV9kaXNwbGF5X25hbWUiOiJSZXZpdmVyIzAwMDEifQ.S8me6zCTJy1oN7cCA9hQMdHB81PfiOQjPGkisaKCUBzabcSTr1c468GSswCZp1ojqPbBbmOAc-HA5N2o4v-PRiSsk8rqPCyvk3Tx1C5P-rcZZtS-X9XnEtl7wRYgTacQNA_R6vbQgylOOxJ8HarI1u7xWxDlYfxiEDjHEEVHbUlHAE_Oz7PhV80Ms7bc3scLORKG3HPGTqjH9of-EooGUB3k-Xpl9M5eB7A7geV_c8XbzZ0NPELo9dLYVByYKVXzHtk2o0tyzXvdmz-r7FqVYwlN_jOrpiFF_4ti0Wf2ZTI07y-WzKQT1tlXe-OSq86OtwCA0elY-weDLV49mb78gg
    User-Agent: Loki/UE5-CL-0 (http-legacy) Windows/10.0.19045.1.256.64bit

#3222 18:40:53.231  GET /core-game/regions
    -> 200  (0s)
    X-Theorycraft-Clientversion: release2.4.live-156430-shipping
    Authorization: Bearer eyJhbGciOiJSUzI1NiIsImtpZCI6InN1cGVydml2ZS1yZXZpdmFsLWtleS0xIiwidHlwIjoiSldUIn0.eyJiYW5zIjpbXSwiY2xpZW50X2lkIjoiYmE4ZmI1OWEzNGJiNDgxYWJjYTA4YzQ2YmE0ODgwMjUiLCJjb3VudHJ5IjoiVVMiLCJkaXNwbGF5X25hbWUiOiJSZXZpdmVyIiwiZXhwIjoxNzg2NzM4NjUwLCJpYXQiOjE3ODY2NTIyNTAsImlzX2NvbXBseSI6dHJ1ZSwiamZsZ3MiOjAsIm5hbWVzcGFjZSI6InN1cGVydml2ZSIsIm5iZiI6MTc4NjY1MjE5MCwicGVybWlzc2lvbnMiOlt7IkFjdGlvbiI6MTUsIlJlc291cmNlIjoiTkFNRVNQQUNFOnN1cGVydml2ZToqIn0seyJBY3Rpb24iOjE1LCJSZXNvdXJjZSI6IkFETUlOOk5BTUVTUEFDRTpzdXBlcnZpdmU6KiJ9XSwicm9sZXMiOltdLCJzY29wZSI6ImNvbW1lcmNlIGFjY291bnQgc29jaWFsIHB1Ymxpc2hpbmcgYW5hbHl0aWNzIiwic3ViIjoiOWI5ZDJjODg3ZTI1MjRmOTE4ZTM4M2E4OTVmMmYxYzIiLCJ1bmlxdWVEaXNwbGF5TmFtZSI6IlJldml2ZXIjMDAwMSIsInVuaXF1ZV9kaXNwbGF5X25hbWUiOiJSZXZpdmVyIzAwMDEifQ.S8me6zCTJy1oN7cCA9hQMdHB81PfiOQjPGkisaKCUBzabcSTr1c468GSswCZp1ojqPbBbmOAc-HA5N2o4v-PRiSsk8rqPCyvk3Tx1C5P-rcZZtS-X9XnEtl7wRYgTacQNA_R6vbQgylOOxJ8HarI1u7xWxDlYfxiEDjHEEVHbUlHAE_Oz7PhV80Ms7bc3scLORKG3HPGTqjH9of-EooGUB3k-Xpl9M5eB7A7geV_c8XbzZ0NPELo9dLYVByYKVXzHtk2o0tyzXvdmz-r7FqVYwlN_jOrpiFF_4ti0Wf2ZTI07y-WzKQT1tlXe-OSq86OtwCA0elY-weDLV49mb78gg
    User-Agent: Loki/UE5-CL-0 (http-legacy) Windows/10.0.19045.1.256.64bit
    Accept: */*

#3223 18:40:53.373  GET /revival/loadout
    -> 200  (0s)
    User-Agent: supervive-loadout-shim

#3224 18:40:53.548  GET /revival/loadout
    -> 200  (0s)
    User-Agent: supervive-loadout-shim

#3225 18:40:53.651  GET /revival/missions/progress
    -> 200  (0s)
    User-Agent: supervive-missions-shim

#3226 18:40:53.723  GET /revival/loadout
    -> 200  (0s)
    User-Agent: supervive-loadout-shim

#3227 18:40:54.041  GET /revival/loadout
    -> 200  (1ms)
    User-Agent: supervive-loadout-shim

#3228 18:40:54.223  GET /revival/loadout
    -> 200  (0s)
    User-Agent: supervive-loadout-shim

#3229 18:40:54.398  GET /revival/loadout
    -> 200  (0s)
    User-Agent: supervive-loadout-shim

#3230 18:40:54.564  GET /revival/loadout
    -> 200  (0s)
    User-Agent: supervive-loadout-shim

#3231 18:40:54.730  GET /revival/loadout
    -> 200  (0s)
    User-Agent: supervive-loadout-shim

#3232 18:40:54.897  GET /revival/loadout
    -> 200  (0s)
    User-Agent: supervive-loadout-shim

#3233 18:40:55.063  GET /revival/loadout
    -> 200  (1ms)
    User-Agent: supervive-loadout-shim

#3234 18:40:55.349  GET /revival/loadout
    -> 200  (0s)
    User-Agent: supervive-loadout-shim

#3235 18:40:55.542  GET /revival/loadout
    -> 200  (0s)
    User-Agent: supervive-loadout-shim

#3236 18:40:55.733  GET /revival/loadout
    -> 200  (0s)
    User-Agent: supervive-loadout-shim

#3237 18:40:55.925  GET /revival/loadout
    -> 200  (0s)
    User-Agent: supervive-loadout-shim

#3238 18:40:56.117  GET /revival/loadout
    -> 200  (0s)
    User-Agent: supervive-loadout-shim

#3239 18:40:56.259  GET /configuration/client?language=en
    -> 200  (0s)
    X-Theorycraft-Clientversion: release2.4.live-156430-shipping
    Authorization: Bearer eyJhbGciOiJSUzI1NiIsImtpZCI6InN1cGVydml2ZS1yZXZpdmFsLWtleS0xIiwidHlwIjoiSldUIn0.eyJiYW5zIjpbXSwiY2xpZW50X2lkIjoiYmE4ZmI1OWEzNGJiNDgxYWJjYTA4YzQ2YmE0ODgwMjUiLCJjb3VudHJ5IjoiVVMiLCJkaXNwbGF5X25hbWUiOiJSZXZpdmVyIiwiZXhwIjoxNzg2NzM4NjUwLCJpYXQiOjE3ODY2NTIyNTAsImlzX2NvbXBseSI6dHJ1ZSwiamZsZ3MiOjAsIm5hbWVzcGFjZSI6InN1cGVydml2ZSIsIm5iZiI6MTc4NjY1MjE5MCwicGVybWlzc2lvbnMiOlt7IkFjdGlvbiI6MTUsIlJlc291cmNlIjoiTkFNRVNQQUNFOnN1cGVydml2ZToqIn0seyJBY3Rpb24iOjE1LCJSZXNvdXJjZSI6IkFETUlOOk5BTUVTUEFDRTpzdXBlcnZpdmU6KiJ9XSwicm9sZXMiOltdLCJzY29wZSI6ImNvbW1lcmNlIGFjY291bnQgc29jaWFsIHB1Ymxpc2hpbmcgYW5hbHl0aWNzIiwic3ViIjoiOWI5ZDJjODg3ZTI1MjRmOTE4ZTM4M2E4OTVmMmYxYzIiLCJ1bmlxdWVEaXNwbGF5TmFtZSI6IlJldml2ZXIjMDAwMSIsInVuaXF1ZV9kaXNwbGF5X25hbWUiOiJSZXZpdmVyIzAwMDEifQ.S8me6zCTJy1oN7cCA9hQMdHB81PfiOQjPGkisaKCUBzabcSTr1c468GSswCZp1ojqPbBbmOAc-HA5N2o4v-PRiSsk8rqPCyvk3Tx1C5P-rcZZtS-X9XnEtl7wRYgTacQNA_R6vbQgylOOxJ8HarI1u7xWxDlYfxiEDjHEEVHbUlHAE_Oz7PhV80Ms7bc3scLORKG3HPGTqjH9of-EooGUB3k-Xpl9M5eB7A7geV_c8XbzZ0NPELo9dLYVByYKVXzHtk2o0tyzXvdmz-r7FqVYwlN_jOrpiFF_4ti0Wf2ZTI07y-WzKQT1tlXe-OSq86OtwCA0elY-weDLV49mb78gg
    User-Agent: Loki/UE5-CL-0 (http-legacy) Windows/10.0.19045.1.256.64bit
    Accept: */*

#3240 18:40:56.296  GET /revival/loadout
    -> 200  (0s)
    User-Agent: supervive-loadout-shim

#3241 18:40:56.335  GET /content-service/manifest/release2.4.live-156430-shipping?nonEnabledOnly=true
    -> 200  (0s)
    X-Theorycraft-Clientversion: release2.4.live-156430-shipping
    Authorization: Bearer eyJhbGciOiJSUzI1NiIsImtpZCI6InN1cGVydml2ZS1yZXZpdmFsLWtleS0xIiwidHlwIjoiSldUIn0.eyJiYW5zIjpbXSwiY2xpZW50X2lkIjoiYmE4ZmI1OWEzNGJiNDgxYWJjYTA4YzQ2YmE0ODgwMjUiLCJjb3VudHJ5IjoiVVMiLCJkaXNwbGF5X25hbWUiOiJSZXZpdmVyIiwiZXhwIjoxNzg2NzM4NjUwLCJpYXQiOjE3ODY2NTIyNTAsImlzX2NvbXBseSI6dHJ1ZSwiamZsZ3MiOjAsIm5hbWVzcGFjZSI6InN1cGVydml2ZSIsIm5iZiI6MTc4NjY1MjE5MCwicGVybWlzc2lvbnMiOlt7IkFjdGlvbiI6MTUsIlJlc291cmNlIjoiTkFNRVNQQUNFOnN1cGVydml2ZToqIn0seyJBY3Rpb24iOjE1LCJSZXNvdXJjZSI6IkFETUlOOk5BTUVTUEFDRTpzdXBlcnZpdmU6KiJ9XSwicm9sZXMiOltdLCJzY29wZSI6ImNvbW1lcmNlIGFjY291bnQgc29jaWFsIHB1Ymxpc2hpbmcgYW5hbHl0aWNzIiwic3ViIjoiOWI5ZDJjODg3ZTI1MjRmOTE4ZTM4M2E4OTVmMmYxYzIiLCJ1bmlxdWVEaXNwbGF5TmFtZSI6IlJldml2ZXIjMDAwMSIsInVuaXF1ZV9kaXNwbGF5X25hbWUiOiJSZXZpdmVyIzAwMDEifQ.S8me6zCTJy1oN7cCA9hQMdHB81PfiOQjPGkisaKCUBzabcSTr1c468GSswCZp1ojqPbBbmOAc-HA5N2o4v-PRiSsk8rqPCyvk3Tx1C5P-rcZZtS-X9XnEtl7wRYgTacQNA_R6vbQgylOOxJ8HarI1u7xWxDlYfxiEDjHEEVHbUlHAE_Oz7PhV80Ms7bc3scLORKG3HPGTqjH9of-EooGUB3k-Xpl9M5eB7A7geV_c8XbzZ0NPELo9dLYVByYKVXzHtk2o0tyzXvdmz-r7FqVYwlN_jOrpiFF_4ti0Wf2ZTI07y-WzKQT1tlXe-OSq86OtwCA0elY-weDLV49mb78gg
    User-Agent: Loki/UE5-CL-0 (http-legacy) Windows/10.0.19045.1.256.64bit
    Accept: */*

#3242 18:40:56.474  GET /revival/loadout
    -> 200  (0s)
    User-Agent: supervive-loadout-shim

#3243 18:40:56.708  GET /revival/loadout
    -> 200  (0s)
    User-Agent: supervive-loadout-shim

#3244 18:40:56.899  GET /revival/loadout
    -> 200  (0s)
    User-Agent: supervive-loadout-shim

#3245 18:40:57.091  GET /revival/loadout
    -> 200  (0s)
    User-Agent: supervive-loadout-shim

#3246 18:40:57.283  GET /revival/loadout
    -> 200  (0s)
    User-Agent: supervive-loadout-shim

#3247 18:40:57.474  GET /revival/loadout
    -> 200  (0s)
    User-Agent: supervive-loadout-shim

#3248 18:40:57.655  GET /revival/loadout
    -> 200  (0s)
    User-Agent: supervive-loadout-shim

#3249 18:40:57.830  GET /revival/loadout
    -> 200  (0s)
    User-Agent: supervive-loadout-shim

#3250 18:40:58.062  GET /revival/loadout
    -> 200  (0s)
    User-Agent: supervive-loadout-shim

#3251 18:40:58.230  GET /revival/loadout
    -> 200  (0s)
    User-Agent: supervive-loadout-shim

#3252 18:40:58.406  GET /revival/loadout
    -> 200  (0s)
    User-Agent: supervive-loadout-shim

#3253 18:40:58.580  GET /revival/loadout
    -> 200  (0s)
    User-Agent: supervive-loadout-shim

#3254 18:40:58.756  GET /revival/loadout
    -> 200  (0s)
    User-Agent: supervive-loadout-shim

#3255 18:40:58.938  GET /revival/loadout
    -> 200  (0s)
    User-Agent: supervive-loadout-shim

#3256 18:40:59.113  GET /revival/loadout
    -> 200  (0s)
    User-Agent: supervive-loadout-shim

#3257 18:40:59.305  GET /revival/loadout
    -> 200  (0s)
    User-Agent: supervive-loadout-shim

#3258 18:40:59.516  GET /revival/loadout
    -> 200  (1ms)
    User-Agent: supervive-loadout-shim

#3259 18:40:59.714  GET /revival/loadout
    -> 200  (0s)
    User-Agent: supervive-loadout-shim

#3260 18:40:59.897  GET /revival/loadout
    -> 200  (0s)
    User-Agent: supervive-loadout-shim

#3261 18:41:00.079  GET /revival/loadout
    -> 200  (0s)
    User-Agent: supervive-loadout-shim

#3262 18:41:00.255  GET /revival/loadout
    -> 200  (0s)
    User-Agent: supervive-loadout-shim

#3263 18:41:00.438  GET /revival/loadout
    -> 200  (0s)
    User-Agent: supervive-loadout-shim

#3264 18:41:00.621  GET /revival/loadout
    -> 200  (0s)
    User-Agent: supervive-loadout-shim

#3265 18:41:00.823  GET /revival/loadout
    -> 200  (0s)
    User-Agent: supervive-loadout-shim

#3266 18:41:01.014  GET /revival/loadout
    -> 200  (0s)
    User-Agent: supervive-loadout-shim

#3267 18:41:01.197  GET /revival/loadout
    -> 200  (0s)
    User-Agent: supervive-loadout-shim

#3268 18:41:01.379  GET /revival/loadout
    -> 200  (0s)
    User-Agent: supervive-loadout-shim

#3269 18:41:01.563  GET /revival/loadout
    -> 200  (0s)
    User-Agent: supervive-loadout-shim

#3270 18:41:01.749  GET /revival/loadout
    -> 200  (0s)
    User-Agent: supervive-loadout-shim

#3271 18:41:01.929  GET /revival/loadout
    -> 200  (0s)
    User-Agent: supervive-loadout-shim

#3272 18:41:02.156  GET /revival/loadout
    -> 200  (0s)
    User-Agent: supervive-loadout-shim

#3273 18:41:02.348  GET /revival/loadout
    -> 200  (0s)
    User-Agent: supervive-loadout-shim

#3274 18:41:02.539  GET /revival/loadout
    -> 200  (0s)
    User-Agent: supervive-loadout-shim

#3275 18:41:02.728  GET /revival/loadout
    -> 200  (0s)
    User-Agent: supervive-loadout-shim

#3276 18:41:02.902  GET /revival/loadout
    -> 200  (0s)
    User-Agent: supervive-loadout-shim

#3277 18:41:03.078  GET /revival/loadout
    -> 200  (0s)
    User-Agent: supervive-loadout-shim

* 18:41:03.211  WS <- /notifications/players/9b9d2c887e2524f918e383a895f2f1c2 BINARY (2 bytes) 6862

#3279 18:41:03.253  GET /revival/loadout
    -> 200  (0s)
    User-Agent: supervive-loadout-shim

#3278 18:41:03.222  GET /party/players/9b9d2c887e2524f918e383a895f2f1c2/voice
    -> 200  (0s)
    X-Theorycraft-Clientversion: release2.4.live-156430-shipping
    Authorization: Bearer eyJhbGciOiJSUzI1NiIsImtpZCI6InN1cGVydml2ZS1yZXZpdmFsLWtleS0xIiwidHlwIjoiSldUIn0.eyJiYW5zIjpbXSwiY2xpZW50X2lkIjoiYmE4ZmI1OWEzNGJiNDgxYWJjYTA4YzQ2YmE0ODgwMjUiLCJjb3VudHJ5IjoiVVMiLCJkaXNwbGF5X25hbWUiOiJSZXZpdmVyIiwiZXhwIjoxNzg2NzM4NjUwLCJpYXQiOjE3ODY2NTIyNTAsImlzX2NvbXBseSI6dHJ1ZSwiamZsZ3MiOjAsIm5hbWVzcGFjZSI6InN1cGVydml2ZSIsIm5iZiI6MTc4NjY1MjE5MCwicGVybWlzc2lvbnMiOlt7IkFjdGlvbiI6MTUsIlJlc291cmNlIjoiTkFNRVNQQUNFOnN1cGVydml2ZToqIn0seyJBY3Rpb24iOjE1LCJSZXNvdXJjZSI6IkFETUlOOk5BTUVTUEFDRTpzdXBlcnZpdmU6KiJ9XSwicm9sZXMiOltdLCJzY29wZSI6ImNvbW1lcmNlIGFjY291bnQgc29jaWFsIHB1Ymxpc2hpbmcgYW5hbHl0aWNzIiwic3ViIjoiOWI5ZDJjODg3ZTI1MjRmOTE4ZTM4M2E4OTVmMmYxYzIiLCJ1bmlxdWVEaXNwbGF5TmFtZSI6IlJldml2ZXIjMDAwMSIsInVuaXF1ZV9kaXNwbGF5X25hbWUiOiJSZXZpdmVyIzAwMDEifQ.S8me6zCTJy1oN7cCA9hQMdHB81PfiOQjPGkisaKCUBzabcSTr1c468GSswCZp1ojqPbBbmOAc-HA5N2o4v-PRiSsk8rqPCyvk3Tx1C5P-rcZZtS-X9XnEtl7wRYgTacQNA_R6vbQgylOOxJ8HarI1u7xWxDlYfxiEDjHEEVHbUlHAE_Oz7PhV80Ms7bc3scLORKG3HPGTqjH9of-EooGUB3k-Xpl9M5eB7A7geV_c8XbzZ0NPELo9dLYVByYKVXzHtk2o0tyzXvdmz-r7FqVYwlN_jOrpiFF_4ti0Wf2ZTI07y-WzKQT1tlXe-OSq86OtwCA0elY-weDLV49mb78gg
    User-Agent: Loki/UE5-CL-0 (http-legacy) Windows/10.0.19045.1.256.64bit
    Accept: */*

* 18:41:03.263  WS -> /notifications/players/9b9d2c887e2524f918e383a895f2f1c2 TEXT hb reply {"Resource":"hb","Version":0,"Payload":""}

#3280 18:41:03.465  GET /revival/loadout
    -> 200  (0s)
    User-Agent: supervive-loadout-shim

#3281 18:41:03.645  GET /revival/loadout
    -> 200  (0s)
    User-Agent: supervive-loadout-shim

#3282 18:41:03.820  GET /revival/loadout
    -> 200  (0s)
    User-Agent: supervive-loadout-shim

#3283 18:41:03.995  GET /revival/loadout
    -> 200  (0s)
    User-Agent: supervive-loadout-shim

#3284 18:41:04.169  GET /revival/loadout
    -> 200  (0s)
    User-Agent: supervive-loadout-shim

#3285 18:41:04.344  GET /revival/loadout
    -> 200  (0s)
    User-Agent: supervive-loadout-shim

#3286 18:41:04.519  GET /revival/loadout
    -> 200  (0s)
    User-Agent: supervive-loadout-shim

#3287 18:41:04.705  GET /revival/loadout
    -> 200  (0s)
    User-Agent: supervive-loadout-shim

#3288 18:41:04.888  GET /revival/loadout
    -> 200  (0s)
    User-Agent: supervive-loadout-shim

#3289 18:41:05.080  GET /revival/loadout
    -> 200  (0s)
    User-Agent: supervive-loadout-shim

#3290 18:41:05.261  GET /revival/loadout
    -> 200  (0s)
    User-Agent: supervive-loadout-shim

#3291 18:41:05.443  GET /revival/loadout
    -> 200  (0s)
    User-Agent: supervive-loadout-shim

#3292 18:41:05.619  GET /revival/loadout
    -> 200  (0s)
    User-Agent: supervive-loadout-shim

#3293 18:41:05.785  GET /revival/loadout
    -> 200  (0s)
    User-Agent: supervive-loadout-shim

#3294 18:41:05.963  GET /revival/loadout
    -> 200  (0s)
    User-Agent: supervive-loadout-shim

#3295 18:41:06.301  GET /revival/loadout
    -> 200  (0s)
    User-Agent: supervive-loadout-shim

#3296 18:41:06.488  GET /revival/loadout
    -> 200  (0s)
    User-Agent: supervive-loadout-shim

#3297 18:41:06.660  GET /revival/loadout
    -> 200  (0s)
    User-Agent: supervive-loadout-shim

#3298 18:41:06.834  GET /revival/loadout
    -> 200  (0s)
    User-Agent: supervive-loadout-shim

#3299 18:41:07.004  GET /revival/loadout
    -> 200  (0s)
    User-Agent: supervive-loadout-shim

#3300 18:41:07.181  GET /revival/loadout
    -> 200  (0s)
    User-Agent: supervive-loadout-shim

#3301 18:41:07.354  GET /revival/loadout
    -> 200  (0s)
    User-Agent: supervive-loadout-shim

#3302 18:41:07.525  GET /revival/loadout
    -> 200  (0s)
    User-Agent: supervive-loadout-shim

#3303 18:41:07.693  GET /revival/loadout
    -> 200  (0s)
    User-Agent: supervive-loadout-shim

#3304 18:41:07.859  GET /revival/loadout
    -> 200  (0s)
    User-Agent: supervive-loadout-shim

#3305 18:41:08.025  GET /revival/loadout
    -> 200  (0s)
    User-Agent: supervive-loadout-shim

#3306 18:41:08.192  GET /revival/loadout
    -> 200  (0s)
    User-Agent: supervive-loadout-shim

#3307 18:41:08.358  GET /revival/loadout
    -> 200  (0s)
    User-Agent: supervive-loadout-shim

#3308 18:41:08.525  GET /revival/loadout
    -> 200  (0s)
    User-Agent: supervive-loadout-shim

#3309 18:41:08.692  GET /revival/loadout
    -> 200  (0s)
    User-Agent: supervive-loadout-shim

#3310 18:41:08.886  GET /revival/loadout
    -> 200  (0s)
    User-Agent: supervive-loadout-shim

#3311 18:41:09.064  GET /revival/loadout
    -> 200  (0s)
    User-Agent: supervive-loadout-shim

#3312 18:41:09.233  GET /revival/loadout
    -> 200  (0s)
    User-Agent: supervive-loadout-shim

#3313 18:41:09.400  GET /revival/loadout
    -> 200  (0s)
    User-Agent: supervive-loadout-shim

#3314 18:41:09.567  GET /revival/loadout
    -> 200  (0s)
    User-Agent: supervive-loadout-shim

#3315 18:41:09.733  GET /revival/loadout
    -> 200  (0s)
    User-Agent: supervive-loadout-shim

#3316 18:41:09.898  GET /revival/loadout
    -> 200  (1ms)
    User-Agent: supervive-loadout-shim

#3317 18:41:10.066  GET /revival/loadout
    -> 200  (0s)
    User-Agent: supervive-loadout-shim

#3318 18:41:10.233  GET /revival/loadout
    -> 200  (0s)
    User-Agent: supervive-loadout-shim

#3319 18:41:10.399  GET /revival/loadout
    -> 200  (0s)
    User-Agent: supervive-loadout-shim

#3320 18:41:10.566  GET /revival/loadout
    -> 200  (0s)
    User-Agent: supervive-loadout-shim

#3321 18:41:10.731  GET /revival/loadout
    -> 200  (1ms)
    User-Agent: supervive-loadout-shim

#3322 18:41:10.900  GET /revival/loadout
    -> 200  (0s)
    User-Agent: supervive-loadout-shim

#3323 18:41:11.066  GET /revival/loadout
    -> 200  (0s)
    User-Agent: supervive-loadout-shim

#3324 18:41:11.233  GET /revival/loadout
    -> 200  (0s)
    User-Agent: supervive-loadout-shim

#3325 18:41:11.399  GET /revival/loadout
    -> 200  (0s)
    User-Agent: supervive-loadout-shim

#3326 18:41:11.611  GET /revival/loadout
    -> 200  (0s)
    User-Agent: supervive-loadout-shim

#3327 18:41:11.790  GET /revival/loadout
    -> 200  (0s)
    User-Agent: supervive-loadout-shim

#3328 18:41:11.958  GET /revival/loadout
    -> 200  (0s)
    User-Agent: supervive-loadout-shim

#3329 18:41:12.124  GET /revival/loadout
    -> 200  (0s)
    User-Agent: supervive-loadout-shim

#3330 18:41:12.299  GET /revival/loadout
    -> 200  (0s)
    User-Agent: supervive-loadout-shim

#3331 18:41:12.466  GET /revival/loadout
    -> 200  (0s)
    User-Agent: supervive-loadout-shim

#3332 18:41:12.640  GET /revival/loadout
    -> 200  (0s)
    User-Agent: supervive-loadout-shim

#3333 18:41:12.816  GET /revival/loadout
    -> 200  (0s)
    User-Agent: supervive-loadout-shim

#3334 18:41:12.993  GET /revival/loadout
    -> 200  (0s)
    User-Agent: supervive-loadout-shim

#3335 18:41:13.177  GET /revival/loadout
    -> 200  (0s)
    User-Agent: supervive-loadout-shim

#3336 18:41:13.357  GET /revival/loadout
    -> 200  (0s)
    User-Agent: supervive-loadout-shim

#3337 18:41:13.524  GET /revival/loadout
    -> 200  (0s)
    User-Agent: supervive-loadout-shim

#3338 18:41:13.699  GET /revival/loadout
    -> 200  (0s)
    User-Agent: supervive-loadout-shim

#3339 18:41:13.874  GET /revival/loadout
    -> 200  (0s)
    User-Agent: supervive-loadout-shim

#3340 18:41:14.049  GET /revival/loadout
    -> 200  (0s)
    User-Agent: supervive-loadout-shim

#3341 18:41:14.224  GET /revival/loadout
    -> 200  (0s)
    User-Agent: supervive-loadout-shim

#3342 18:41:14.398  GET /revival/loadout
    -> 200  (0s)
    User-Agent: supervive-loadout-shim

#3343 18:41:14.565  GET /revival/loadout
    -> 200  (0s)
    User-Agent: supervive-loadout-shim

#3344 18:41:14.731  GET /revival/loadout
    -> 200  (0s)
    User-Agent: supervive-loadout-shim

#3345 18:41:14.898  GET /revival/loadout
    -> 200  (0s)
    User-Agent: supervive-loadout-shim

#3346 18:41:15.065  GET /revival/loadout
    -> 200  (0s)
    User-Agent: supervive-loadout-shim

#3347 18:41:15.231  GET /revival/loadout
    -> 200  (0s)
    User-Agent: supervive-loadout-shim

#3348 18:41:15.400  GET /revival/loadout
    -> 200  (0s)
    User-Agent: supervive-loadout-shim

#3349 18:41:15.579  GET /revival/loadout
    -> 200  (0s)
    User-Agent: supervive-loadout-shim

#3350 18:41:15.748  GET /revival/loadout
    -> 200  (0s)
    User-Agent: supervive-loadout-shim

#3351 18:41:15.914  GET /revival/loadout
    -> 200  (0s)
    User-Agent: supervive-loadout-shim

#3352 18:41:16.080  GET /revival/loadout
    -> 200  (0s)
    User-Agent: supervive-loadout-shim

#3353 18:41:16.248  GET /revival/loadout
    -> 200  (0s)
    User-Agent: supervive-loadout-shim

#3354 18:41:16.414  GET /revival/loadout
    -> 200  (0s)
    User-Agent: supervive-loadout-shim

#3355 18:41:16.581  GET /revival/loadout
    -> 200  (0s)
    User-Agent: supervive-loadout-shim

#3356 18:41:16.747  GET /revival/loadout
    -> 200  (0s)
    User-Agent: supervive-loadout-shim

#3357 18:41:16.914  GET /revival/loadout
    -> 200  (0s)
    User-Agent: supervive-loadout-shim

#3358 18:41:17.097  GET /revival/loadout
    -> 200  (0s)
    User-Agent: supervive-loadout-shim

#3359 18:41:17.264  GET /revival/loadout
    -> 200  (0s)
    User-Agent: supervive-loadout-shim

#3360 18:41:17.439  GET /revival/loadout
    -> 200  (0s)
    User-Agent: supervive-loadout-shim

#3361 18:41:17.605  GET /revival/loadout
    -> 200  (0s)
    User-Agent: supervive-loadout-shim

#3362 18:41:17.772  GET /revival/loadout
    -> 200  (0s)
    User-Agent: supervive-loadout-shim

#3363 18:41:17.939  GET /revival/loadout
    -> 200  (0s)
    User-Agent: supervive-loadout-shim

#3364 18:41:18.105  GET /revival/loadout
    -> 200  (0s)
    User-Agent: supervive-loadout-shim

#3365 18:41:18.271  GET /revival/loadout
    -> 200  (0s)
    User-Agent: supervive-loadout-shim

#3366 18:41:18.439  GET /revival/loadout
    -> 200  (0s)
    User-Agent: supervive-loadout-shim

#3367 18:41:18.604  GET /revival/loadout
    -> 200  (0s)
    User-Agent: supervive-loadout-shim

#3368 18:41:18.772  GET /revival/loadout
    -> 200  (0s)
    User-Agent: supervive-loadout-shim

#3369 18:41:18.948  GET /revival/loadout
    -> 200  (0s)
    User-Agent: supervive-loadout-shim

#3370 18:41:19.121  GET /revival/loadout
    -> 200  (0s)
    User-Agent: supervive-loadout-shim

#3371 18:41:19.297  GET /revival/loadout
    -> 200  (0s)
    User-Agent: supervive-loadout-shim

#3372 18:41:19.470  GET /revival/loadout
    -> 200  (1ms)
    User-Agent: supervive-loadout-shim

#3373 18:41:19.638  GET /revival/loadout
    -> 200  (0s)
    User-Agent: supervive-loadout-shim

#3374 18:41:19.804  GET /revival/loadout
    -> 200  (0s)
    User-Agent: supervive-loadout-shim

#3375 18:41:19.970  GET /revival/loadout
    -> 200  (1ms)
    User-Agent: supervive-loadout-shim

#3376 18:41:20.138  GET /revival/loadout
    -> 200  (0s)
    User-Agent: supervive-loadout-shim

#3377 18:41:20.304  GET /revival/loadout
    -> 200  (0s)
    User-Agent: supervive-loadout-shim

#3378 18:41:20.470  GET /revival/loadout
    -> 200  (1ms)
    User-Agent: supervive-loadout-shim

#3379 18:41:20.638  GET /revival/loadout
    -> 200  (0s)
    User-Agent: supervive-loadout-shim

#3380 18:41:20.804  GET /revival/loadout
    -> 200  (0s)
    User-Agent: supervive-loadout-shim

#3381 18:41:20.969  GET /revival/loadout
    -> 200  (0s)
    User-Agent: supervive-loadout-shim

* 18:41:21.077  WS <- /lobby TEXT ""

#3382 18:41:21.138  GET /revival/loadout
    -> 200  (0s)
    User-Agent: supervive-loadout-shim

#3383 18:41:21.304  GET /revival/loadout
    -> 200  (0s)
    User-Agent: supervive-loadout-shim

#3384 18:41:21.470  GET /revival/loadout
    -> 200  (0s)
    User-Agent: supervive-loadout-shim

#3385 18:41:21.637  GET /revival/loadout
    -> 200  (0s)
    User-Agent: supervive-loadout-shim

#3386 18:41:21.803  GET /revival/loadout
    -> 200  (0s)
    User-Agent: supervive-loadout-shim

#3387 18:41:21.969  GET /revival/loadout
    -> 200  (0s)
    User-Agent: supervive-loadout-shim

#3388 18:41:22.137  GET /revival/loadout
    -> 200  (0s)
    User-Agent: supervive-loadout-shim

#3389 18:41:22.304  GET /revival/loadout
    -> 200  (0s)
    User-Agent: supervive-loadout-shim

#3390 18:41:22.472  GET /revival/loadout
    -> 200  (1ms)
    User-Agent: supervive-loadout-shim

#3391 18:41:22.645  GET /revival/loadout
    -> 200  (0s)
    User-Agent: supervive-loadout-shim

#3392 18:41:22.812  GET /revival/loadout
    -> 200  (0s)
    User-Agent: supervive-loadout-shim

#3393 18:41:22.979  GET /revival/loadout
    -> 200  (0s)
    User-Agent: supervive-loadout-shim

#3394 18:41:23.145  GET /revival/loadout
    -> 200  (0s)
    User-Agent: supervive-loadout-shim

#3395 18:41:23.182  GET /party/matchmaking/info
    -> 200  (0s)
    Authorization: Bearer eyJhbGciOiJSUzI1NiIsImtpZCI6InN1cGVydml2ZS1yZXZpdmFsLWtleS0xIiwidHlwIjoiSldUIn0.eyJiYW5zIjpbXSwiY2xpZW50X2lkIjoiYmE4ZmI1OWEzNGJiNDgxYWJjYTA4YzQ2YmE0ODgwMjUiLCJjb3VudHJ5IjoiVVMiLCJkaXNwbGF5X25hbWUiOiJSZXZpdmVyIiwiZXhwIjoxNzg2NzM4NjUwLCJpYXQiOjE3ODY2NTIyNTAsImlzX2NvbXBseSI6dHJ1ZSwiamZsZ3MiOjAsIm5hbWVzcGFjZSI6InN1cGVydml2ZSIsIm5iZiI6MTc4NjY1MjE5MCwicGVybWlzc2lvbnMiOlt7IkFjdGlvbiI6MTUsIlJlc291cmNlIjoiTkFNRVNQQUNFOnN1cGVydml2ZToqIn0seyJBY3Rpb24iOjE1LCJSZXNvdXJjZSI6IkFETUlOOk5BTUVTUEFDRTpzdXBlcnZpdmU6KiJ9XSwicm9sZXMiOltdLCJzY29wZSI6ImNvbW1lcmNlIGFjY291bnQgc29jaWFsIHB1Ymxpc2hpbmcgYW5hbHl0aWNzIiwic3ViIjoiOWI5ZDJjODg3ZTI1MjRmOTE4ZTM4M2E4OTVmMmYxYzIiLCJ1bmlxdWVEaXNwbGF5TmFtZSI6IlJldml2ZXIjMDAwMSIsInVuaXF1ZV9kaXNwbGF5X25hbWUiOiJSZXZpdmVyIzAwMDEifQ.S8me6zCTJy1oN7cCA9hQMdHB81PfiOQjPGkisaKCUBzabcSTr1c468GSswCZp1ojqPbBbmOAc-HA5N2o4v-PRiSsk8rqPCyvk3Tx1C5P-rcZZtS-X9XnEtl7wRYgTacQNA_R6vbQgylOOxJ8HarI1u7xWxDlYfxiEDjHEEVHbUlHAE_Oz7PhV80Ms7bc3scLORKG3HPGTqjH9of-EooGUB3k-Xpl9M5eB7A7geV_c8XbzZ0NPELo9dLYVByYKVXzHtk2o0tyzXvdmz-r7FqVYwlN_jOrpiFF_4ti0Wf2ZTI07y-WzKQT1tlXe-OSq86OtwCA0elY-weDLV49mb78gg
    Accept: */*
    X-Theorycraft-Clientversion: release2.4.live-156430-shipping
    User-Agent: Loki/UE5-CL-0 (http-legacy) Windows/10.0.19045.1.256.64bit

#3396 18:41:23.311  GET /revival/loadout
    -> 200  (0s)
    User-Agent: supervive-loadout-shim

#3397 18:41:23.478  GET /revival/loadout
    -> 200  (0s)
    User-Agent: supervive-loadout-shim

#3398 18:41:23.645  GET /revival/loadout
    -> 200  (0s)
    User-Agent: supervive-loadout-shim

#3399 18:41:23.673  GET /revival/missions/progress
    -> 200  (0s)
    User-Agent: supervive-missions-shim

#3400 18:41:23.811  GET /revival/loadout
    -> 200  (0s)
    User-Agent: supervive-loadout-shim

#3401 18:41:23.986  GET /revival/loadout
    -> 200  (0s)
    User-Agent: supervive-loadout-shim

#3402 18:41:24.194  GET /revival/loadout
    -> 200  (0s)
    User-Agent: supervive-loadout-shim

#3403 18:41:24.378  GET /revival/loadout
    -> 200  (0s)
    User-Agent: supervive-loadout-shim

#3404 18:41:24.546  GET /revival/loadout
    -> 200  (0s)
    User-Agent: supervive-loadout-shim

#3405 18:41:24.719  GET /revival/loadout
    -> 200  (0s)
    User-Agent: supervive-loadout-shim

#3406 18:41:24.886  GET /revival/loadout
    -> 200  (0s)
    User-Agent: supervive-loadout-shim

#3407 18:41:25.053  GET /revival/loadout
    -> 200  (0s)
    User-Agent: supervive-loadout-shim

#3408 18:41:25.228  GET /revival/loadout
    -> 200  (0s)
    User-Agent: supervive-loadout-shim

#3409 18:41:25.394  GET /revival/loadout
    -> 200  (0s)
    User-Agent: supervive-loadout-shim

#3410 18:41:25.569  GET /revival/loadout
    -> 200  (0s)
    User-Agent: supervive-loadout-shim

#3411 18:41:25.736  GET /revival/loadout
    -> 200  (0s)
    User-Agent: supervive-loadout-shim

#3412 18:41:25.903  GET /revival/loadout
    -> 200  (0s)
    User-Agent: supervive-loadout-shim

#3413 18:41:26.077  GET /revival/loadout
    -> 200  (0s)
    User-Agent: supervive-loadout-shim

#3414 18:41:26.219  GET /configuration/client?language=en
    -> 200  (0s)
    Accept: */*
    X-Theorycraft-Clientversion: release2.4.live-156430-shipping
    Authorization: Bearer eyJhbGciOiJSUzI1NiIsImtpZCI6InN1cGVydml2ZS1yZXZpdmFsLWtleS0xIiwidHlwIjoiSldUIn0.eyJiYW5zIjpbXSwiY2xpZW50X2lkIjoiYmE4ZmI1OWEzNGJiNDgxYWJjYTA4YzQ2YmE0ODgwMjUiLCJjb3VudHJ5IjoiVVMiLCJkaXNwbGF5X25hbWUiOiJSZXZpdmVyIiwiZXhwIjoxNzg2NzM4NjUwLCJpYXQiOjE3ODY2NTIyNTAsImlzX2NvbXBseSI6dHJ1ZSwiamZsZ3MiOjAsIm5hbWVzcGFjZSI6InN1cGVydml2ZSIsIm5iZiI6MTc4NjY1MjE5MCwicGVybWlzc2lvbnMiOlt7IkFjdGlvbiI6MTUsIlJlc291cmNlIjoiTkFNRVNQQUNFOnN1cGVydml2ZToqIn0seyJBY3Rpb24iOjE1LCJSZXNvdXJjZSI6IkFETUlOOk5BTUVTUEFDRTpzdXBlcnZpdmU6KiJ9XSwicm9sZXMiOltdLCJzY29wZSI6ImNvbW1lcmNlIGFjY291bnQgc29jaWFsIHB1Ymxpc2hpbmcgYW5hbHl0aWNzIiwic3ViIjoiOWI5ZDJjODg3ZTI1MjRmOTE4ZTM4M2E4OTVmMmYxYzIiLCJ1bmlxdWVEaXNwbGF5TmFtZSI6IlJldml2ZXIjMDAwMSIsInVuaXF1ZV9kaXNwbGF5X25hbWUiOiJSZXZpdmVyIzAwMDEifQ.S8me6zCTJy1oN7cCA9hQMdHB81PfiOQjPGkisaKCUBzabcSTr1c468GSswCZp1ojqPbBbmOAc-HA5N2o4v-PRiSsk8rqPCyvk3Tx1C5P-rcZZtS-X9XnEtl7wRYgTacQNA_R6vbQgylOOxJ8HarI1u7xWxDlYfxiEDjHEEVHbUlHAE_Oz7PhV80Ms7bc3scLORKG3HPGTqjH9of-EooGUB3k-Xpl9M5eB7A7geV_c8XbzZ0NPELo9dLYVByYKVXzHtk2o0tyzXvdmz-r7FqVYwlN_jOrpiFF_4ti0Wf2ZTI07y-WzKQT1tlXe-OSq86OtwCA0elY-weDLV49mb78gg
    User-Agent: Loki/UE5-CL-0 (http-legacy) Windows/10.0.19045.1.256.64bit

#3415 18:41:26.244  GET /revival/loadout
    -> 200  (0s)
    User-Agent: supervive-loadout-shim

#3416 18:41:26.319  GET /content-service/manifest/release2.4.live-156430-shipping?nonEnabledOnly=true
    -> 200  (0s)
    Authorization: Bearer eyJhbGciOiJSUzI1NiIsImtpZCI6InN1cGVydml2ZS1yZXZpdmFsLWtleS0xIiwidHlwIjoiSldUIn0.eyJiYW5zIjpbXSwiY2xpZW50X2lkIjoiYmE4ZmI1OWEzNGJiNDgxYWJjYTA4YzQ2YmE0ODgwMjUiLCJjb3VudHJ5IjoiVVMiLCJkaXNwbGF5X25hbWUiOiJSZXZpdmVyIiwiZXhwIjoxNzg2NzM4NjUwLCJpYXQiOjE3ODY2NTIyNTAsImlzX2NvbXBseSI6dHJ1ZSwiamZsZ3MiOjAsIm5hbWVzcGFjZSI6InN1cGVydml2ZSIsIm5iZiI6MTc4NjY1MjE5MCwicGVybWlzc2lvbnMiOlt7IkFjdGlvbiI6MTUsIlJlc291cmNlIjoiTkFNRVNQQUNFOnN1cGVydml2ZToqIn0seyJBY3Rpb24iOjE1LCJSZXNvdXJjZSI6IkFETUlOOk5BTUVTUEFDRTpzdXBlcnZpdmU6KiJ9XSwicm9sZXMiOltdLCJzY29wZSI6ImNvbW1lcmNlIGFjY291bnQgc29jaWFsIHB1Ymxpc2hpbmcgYW5hbHl0aWNzIiwic3ViIjoiOWI5ZDJjODg3ZTI1MjRmOTE4ZTM4M2E4OTVmMmYxYzIiLCJ1bmlxdWVEaXNwbGF5TmFtZSI6IlJldml2ZXIjMDAwMSIsInVuaXF1ZV9kaXNwbGF5X25hbWUiOiJSZXZpdmVyIzAwMDEifQ.S8me6zCTJy1oN7cCA9hQMdHB81PfiOQjPGkisaKCUBzabcSTr1c468GSswCZp1ojqPbBbmOAc-HA5N2o4v-PRiSsk8rqPCyvk3Tx1C5P-rcZZtS-X9XnEtl7wRYgTacQNA_R6vbQgylOOxJ8HarI1u7xWxDlYfxiEDjHEEVHbUlHAE_Oz7PhV80Ms7bc3scLORKG3HPGTqjH9of-EooGUB3k-Xpl9M5eB7A7geV_c8XbzZ0NPELo9dLYVByYKVXzHtk2o0tyzXvdmz-r7FqVYwlN_jOrpiFF_4ti0Wf2ZTI07y-WzKQT1tlXe-OSq86OtwCA0elY-weDLV49mb78gg
    User-Agent: Loki/UE5-CL-0 (http-legacy) Windows/10.0.19045.1.256.64bit
    Accept: */*
    X-Theorycraft-Clientversion: release2.4.live-156430-shipping

#3417 18:41:26.428  GET /revival/loadout
    -> 200  (0s)
    User-Agent: supervive-loadout-shim

#3418 18:41:26.602  GET /revival/loadout
    -> 200  (0s)
    User-Agent: supervive-loadout-shim

#3419 18:41:26.777  GET /revival/loadout
    -> 200  (0s)
    User-Agent: supervive-loadout-shim

#3420 18:41:26.944  GET /revival/loadout
    -> 200  (0s)
    User-Agent: supervive-loadout-shim

#3421 18:41:27.119  GET /revival/loadout
    -> 200  (0s)
    User-Agent: supervive-loadout-shim

#3422 18:41:27.285  GET /revival/loadout
    -> 200  (0s)
    User-Agent: supervive-loadout-shim

#3423 18:41:27.452  GET /revival/loadout
    -> 200  (0s)
    User-Agent: supervive-loadout-shim

#3424 18:41:27.517  POST /game-telemetry/v1/protected/events
    -> 200  (0s)
    Content-Type: application/json
    Accept: application/json
    Game-Client-Version: 1.0.0.0
    User-Agent: Loki/UE5-CL-0 (http-legacy) Windows/10.0.19045.1.256.64bit
    Authorization: Bearer eyJhbGciOiJSUzI1NiIsImtpZCI6InN1cGVydml2ZS1yZXZpdmFsLWtleS0xIiwidHlwIjoiSldUIn0.eyJiYW5zIjpbXSwiY2xpZW50X2lkIjoiYmE4ZmI1OWEzNGJiNDgxYWJjYTA4YzQ2YmE0ODgwMjUiLCJjb3VudHJ5IjoiVVMiLCJkaXNwbGF5X25hbWUiOiJSZXZpdmVyIiwiZXhwIjoxNzg2NzM4NjUwLCJpYXQiOjE3ODY2NTIyNTAsImlzX2NvbXBseSI6dHJ1ZSwiamZsZ3MiOjAsIm5hbWVzcGFjZSI6InN1cGVydml2ZSIsIm5iZiI6MTc4NjY1MjE5MCwicGVybWlzc2lvbnMiOlt7IkFjdGlvbiI6MTUsIlJlc291cmNlIjoiTkFNRVNQQUNFOnN1cGVydml2ZToqIn0seyJBY3Rpb24iOjE1LCJSZXNvdXJjZSI6IkFETUlOOk5BTUVTUEFDRTpzdXBlcnZpdmU6KiJ9XSwicm9sZXMiOltdLCJzY29wZSI6ImNvbW1lcmNlIGFjY291bnQgc29jaWFsIHB1Ymxpc2hpbmcgYW5hbHl0aWNzIiwic3ViIjoiOWI5ZDJjODg3ZTI1MjRmOTE4ZTM4M2E4OTVmMmYxYzIiLCJ1bmlxdWVEaXNwbGF5TmFtZSI6IlJldml2ZXIjMDAwMSIsInVuaXF1ZV9kaXNwbGF5X25hbWUiOiJSZXZpdmVyIzAwMDEifQ.S8me6zCTJy1oN7cCA9hQMdHB81PfiOQjPGkisaKCUBzabcSTr1c468GSswCZp1ojqPbBbmOAc-HA5N2o4v-PRiSsk8rqPCyvk3Tx1C5P-rcZZtS-X9XnEtl7wRYgTacQNA_R6vbQgylOOxJ8HarI1u7xWxDlYfxiEDjHEEVHbUlHAE_Oz7PhV80Ms7bc3scLORKG3HPGTqjH9of-EooGUB3k-Xpl9M5eB7A7geV_c8XbzZ0NPELo9dLYVByYKVXzHtk2o0tyzXvdmz-r7FqVYwlN_jOrpiFF_4ti0Wf2ZTI07y-WzKQT1tlXe-OSq86OtwCA0elY-weDLV49mb78gg
    body: [
	{
		"EventNamespace": "loki",
		"EventName": "client_network_samples_snapshot",
		"Payload":
		{
			"sessionId": "567f77cd4269be09df02edb258c46222",
			"PlayerId": "9b9d2c887e2524f918e383a895f2f1c2",
			"timestamp": "2026-08-13T23:40:38.933Z",
			"inAveragePacketLoss": 0,
			"outAveragePacketLoss": 0,
			"HardwareId": "c1795a173f53c6f72e8b0125f11309c6"
		},
		"ClientTimestamp": "2026-08-13T23:41:26.577Z",
		"flightId": "34fe5245425ef9d90b4cd3a77b270727",
		"DeviceType": "Windows"
	}
]

#3425 18:41:27.620  GET /revival/loadout
    -> 200  (0s)
    User-Agent: supervive-loadout-shim

#3426 18:41:27.794  GET /revival/loadout
    -> 200  (0s)
    User-Agent: supervive-loadout-shim

#3427 18:41:27.968  GET /revival/loadout
    -> 200  (0s)
    User-Agent: supervive-loadout-shim

#3428 18:41:28.135  GET /revival/loadout
    -> 200  (0s)
    User-Agent: supervive-loadout-shim

#3429 18:41:28.302  GET /revival/loadout
    -> 200  (0s)
    User-Agent: supervive-loadout-shim

#3430 18:41:28.478  GET /revival/loadout
    -> 200  (0s)
    User-Agent: supervive-loadout-shim

#3431 18:41:28.652  GET /revival/loadout
    -> 200  (0s)
    User-Agent: supervive-loadout-shim

#3432 18:41:28.818  GET /revival/loadout
    -> 200  (0s)
    User-Agent: supervive-loadout-shim

#3433 18:41:28.984  GET /revival/loadout
    -> 200  (0s)
    User-Agent: supervive-loadout-shim

#3434 18:41:29.151  GET /revival/loadout
    -> 200  (0s)
    User-Agent: supervive-loadout-shim

#3435 18:41:29.317  GET /revival/loadout
    -> 200  (0s)
    User-Agent: supervive-loadout-shim

#3436 18:41:29.484  GET /revival/loadout
    -> 200  (0s)
    User-Agent: supervive-loadout-shim

#3437 18:41:29.651  GET /revival/loadout
    -> 200  (0s)
    User-Agent: supervive-loadout-shim

#3438 18:41:29.826  GET /revival/loadout
    -> 200  (0s)
    User-Agent: supervive-loadout-shim

#3439 18:41:29.993  GET /revival/loadout
    -> 200  (0s)
    User-Agent: supervive-loadout-shim

#3440 18:41:30.159  GET /revival/loadout
    -> 200  (0s)
    User-Agent: supervive-loadout-shim

#3441 18:41:30.326  GET /revival/loadout
    -> 200  (0s)
    User-Agent: supervive-loadout-shim

#3442 18:41:30.493  GET /revival/loadout
    -> 200  (0s)
    User-Agent: supervive-loadout-shim

#3443 18:41:30.668  GET /revival/loadout
    -> 200  (0s)
    User-Agent: supervive-loadout-shim

#3444 18:41:30.834  GET /revival/loadout
    -> 200  (0s)
    User-Agent: supervive-loadout-shim

#3445 18:41:31.009  GET /revival/loadout
    -> 200  (0s)
    User-Agent: supervive-loadout-shim

#3446 18:41:31.176  GET /revival/loadout
    -> 200  (0s)
    User-Agent: supervive-loadout-shim

#3447 18:41:31.358  GET /revival/loadout
    -> 200  (0s)
    User-Agent: supervive-loadout-shim

#3448 18:41:31.534  GET /revival/loadout
    -> 200  (0s)
    User-Agent: supervive-loadout-shim

#3449 18:41:31.709  GET /revival/loadout
    -> 200  (0s)
    User-Agent: supervive-loadout-shim

#3450 18:41:31.884  GET /revival/loadout
    -> 200  (0s)
    User-Agent: supervive-loadout-shim

#3451 18:41:32.083  GET /revival/loadout
    -> 200  (0s)
    User-Agent: supervive-loadout-shim

#3452 18:41:32.258  GET /revival/loadout
    -> 200  (0s)
    User-Agent: supervive-loadout-shim

#3453 18:41:32.435  GET /revival/loadout
    -> 200  (0s)
    User-Agent: supervive-loadout-shim

#3454 18:41:32.609  GET /revival/loadout
    -> 200  (0s)
    User-Agent: supervive-loadout-shim

#3455 18:41:32.783  GET /revival/loadout
    -> 200  (0s)
    User-Agent: supervive-loadout-shim

#3456 18:41:32.958  GET /revival/loadout
    -> 200  (0s)
    User-Agent: supervive-loadout-shim

#3457 18:41:33.146  GET /revival/loadout
    -> 200  (0s)
    User-Agent: supervive-loadout-shim

#3458 18:41:33.329  GET /revival/loadout
    -> 200  (0s)
    User-Agent: supervive-loadout-shim

* 18:41:33.468  WS -> /notifications/players/9b9d2c887e2524f918e383a895f2f1c2 BINARY hb (proactive 30s keepalive)

#3459 18:41:33.499  GET /revival/loadout
    -> 200  (0s)
    User-Agent: supervive-loadout-shim

#3460 18:41:33.693  GET /revival/loadout
    -> 200  (0s)
    User-Agent: supervive-loadout-shim

#3461 18:41:33.866  GET /revival/loadout
    -> 200  (0s)
    User-Agent: supervive-loadout-shim

#3462 18:41:34.040  GET /revival/loadout
    -> 200  (0s)
    User-Agent: supervive-loadout-shim

#3463 18:41:34.215  GET /revival/loadout
    -> 200  (0s)
    User-Agent: supervive-loadout-shim

#3464 18:41:34.331  GET /party/players/9b9d2c887e2524f918e383a895f2f1c2/voice
    -> 200  (0s)
    Accept: */*
    X-Theorycraft-Clientversion: release2.4.live-156430-shipping
    Authorization: Bearer eyJhbGciOiJSUzI1NiIsImtpZCI6InN1cGVydml2ZS1yZXZpdmFsLWtleS0xIiwidHlwIjoiSldUIn0.eyJiYW5zIjpbXSwiY2xpZW50X2lkIjoiYmE4ZmI1OWEzNGJiNDgxYWJjYTA4YzQ2YmE0ODgwMjUiLCJjb3VudHJ5IjoiVVMiLCJkaXNwbGF5X25hbWUiOiJSZXZpdmVyIiwiZXhwIjoxNzg2NzM4NjUwLCJpYXQiOjE3ODY2NTIyNTAsImlzX2NvbXBseSI6dHJ1ZSwiamZsZ3MiOjAsIm5hbWVzcGFjZSI6InN1cGVydml2ZSIsIm5iZiI6MTc4NjY1MjE5MCwicGVybWlzc2lvbnMiOlt7IkFjdGlvbiI6MTUsIlJlc291cmNlIjoiTkFNRVNQQUNFOnN1cGVydml2ZToqIn0seyJBY3Rpb24iOjE1LCJSZXNvdXJjZSI6IkFETUlOOk5BTUVTUEFDRTpzdXBlcnZpdmU6KiJ9XSwicm9sZXMiOltdLCJzY29wZSI6ImNvbW1lcmNlIGFjY291bnQgc29jaWFsIHB1Ymxpc2hpbmcgYW5hbHl0aWNzIiwic3ViIjoiOWI5ZDJjODg3ZTI1MjRmOTE4ZTM4M2E4OTVmMmYxYzIiLCJ1bmlxdWVEaXNwbGF5TmFtZSI6IlJldml2ZXIjMDAwMSIsInVuaXF1ZV9kaXNwbGF5X25hbWUiOiJSZXZpdmVyIzAwMDEifQ.S8me6zCTJy1oN7cCA9hQMdHB81PfiOQjPGkisaKCUBzabcSTr1c468GSswCZp1ojqPbBbmOAc-HA5N2o4v-PRiSsk8rqPCyvk3Tx1C5P-rcZZtS-X9XnEtl7wRYgTacQNA_R6vbQgylOOxJ8HarI1u7xWxDlYfxiEDjHEEVHbUlHAE_Oz7PhV80Ms7bc3scLORKG3HPGTqjH9of-EooGUB3k-Xpl9M5eB7A7geV_c8XbzZ0NPELo9dLYVByYKVXzHtk2o0tyzXvdmz-r7FqVYwlN_jOrpiFF_4ti0Wf2ZTI07y-WzKQT1tlXe-OSq86OtwCA0elY-weDLV49mb78gg
    User-Agent: Loki/UE5-CL-0 (http-legacy) Windows/10.0.19045.1.256.64bit

#3465 18:41:34.391  GET /revival/loadout
    -> 200  (0s)
    User-Agent: supervive-loadout-shim

#3466 18:41:34.566  GET /revival/loadout
    -> 200  (0s)
    User-Agent: supervive-loadout-shim

#3467 18:41:34.741  GET /revival/loadout
    -> 200  (0s)
    User-Agent: supervive-loadout-shim

#3468 18:41:34.924  GET /revival/loadout
    -> 200  (0s)
    User-Agent: supervive-loadout-shim

#3469 18:41:35.099  GET /revival/loadout
    -> 200  (0s)
    User-Agent: supervive-loadout-shim

#3470 18:41:35.281  GET /revival/loadout
    -> 200  (0s)
    User-Agent: supervive-loadout-shim

#3471 18:41:35.462  GET /revival/loadout
    -> 200  (0s)
    User-Agent: supervive-loadout-shim

#3472 18:41:35.642  GET /revival/loadout
    -> 200  (1ms)
    User-Agent: supervive-loadout-shim

#3473 18:41:35.831  GET /revival/loadout
    -> 200  (0s)
    User-Agent: supervive-loadout-shim

#3474 18:41:36.011  GET /revival/loadout
    -> 200  (0s)
    User-Agent: supervive-loadout-shim

#3475 18:41:36.185  GET /revival/loadout
    -> 200  (0s)
    User-Agent: supervive-loadout-shim

#3476 18:41:36.357  GET /revival/loadout
    -> 200  (1ms)
    User-Agent: supervive-loadout-shim

#3477 18:41:36.540  GET /revival/loadout
    -> 200  (0s)
    User-Agent: supervive-loadout-shim

#3478 18:41:36.716  GET /revival/loadout
    -> 200  (0s)
    User-Agent: supervive-loadout-shim

#3479 18:41:36.889  GET /revival/loadout
    -> 200  (0s)
    User-Agent: supervive-loadout-shim

#3480 18:41:37.065  GET /revival/loadout
    -> 200  (0s)
    User-Agent: supervive-loadout-shim

#3481 18:41:37.240  GET /revival/loadout
    -> 200  (0s)
    User-Agent: supervive-loadout-shim

#3482 18:41:37.415  GET /revival/loadout
    -> 200  (0s)
    User-Agent: supervive-loadout-shim

#3483 18:41:37.589  GET /revival/loadout
    -> 200  (0s)
    User-Agent: supervive-loadout-shim

#3484 18:41:37.765  GET /revival/loadout
    -> 200  (0s)
    User-Agent: supervive-loadout-shim

#3485 18:41:37.939  GET /revival/loadout
    -> 200  (0s)
    User-Agent: supervive-loadout-shim

#3486 18:41:38.118  GET /revival/loadout
    -> 200  (0s)
    User-Agent: supervive-loadout-shim

#3487 18:41:38.289  GET /revival/loadout
    -> 200  (0s)
    User-Agent: supervive-loadout-shim

#3488 18:41:38.465  GET /revival/loadout
    -> 200  (0s)
    User-Agent: supervive-loadout-shim

#3489 18:41:38.648  GET /revival/loadout
    -> 200  (0s)
    User-Agent: supervive-loadout-shim

#3490 18:41:38.822  GET /revival/loadout
    -> 200  (0s)
    User-Agent: supervive-loadout-shim

#3491 18:41:38.998  GET /revival/loadout
    -> 200  (0s)
    User-Agent: supervive-loadout-shim

#3492 18:41:39.180  GET /revival/loadout
    -> 200  (0s)
    User-Agent: supervive-loadout-shim

#3493 18:41:39.356  GET /revival/loadout
    -> 200  (0s)
    User-Agent: supervive-loadout-shim

#3494 18:41:39.531  GET /revival/loadout
    -> 200  (0s)
    User-Agent: supervive-loadout-shim

#3495 18:41:39.706  GET /revival/loadout
    -> 200  (0s)
    User-Agent: supervive-loadout-shim

#3496 18:41:39.880  GET /revival/loadout
    -> 200  (0s)
    User-Agent: supervive-loadout-shim

#3497 18:41:40.055  GET /revival/loadout
    -> 200  (0s)
    User-Agent: supervive-loadout-shim

#3498 18:41:40.231  GET /revival/loadout
    -> 200  (0s)
    User-Agent: supervive-loadout-shim

#3499 18:41:40.406  GET /revival/loadout
    -> 200  (0s)
    User-Agent: supervive-loadout-shim

#3500 18:41:40.580  GET /revival/loadout
    -> 200  (0s)
    User-Agent: supervive-loadout-shim

#3501 18:41:40.755  GET /revival/loadout
    -> 200  (0s)
    User-Agent: supervive-loadout-shim

#3502 18:41:40.930  GET /revival/loadout
    -> 200  (0s)
    User-Agent: supervive-loadout-shim

#3503 18:41:41.105  GET /revival/loadout
    -> 200  (0s)
    User-Agent: supervive-loadout-shim

#3504 18:41:41.296  GET /revival/loadout
    -> 200  (0s)
    User-Agent: supervive-loadout-shim

#3505 18:41:41.472  GET /revival/loadout
    -> 200  (0s)
    User-Agent: supervive-loadout-shim

#3506 18:41:41.647  GET /revival/loadout
    -> 200  (0s)
    User-Agent: supervive-loadout-shim

#3507 18:41:41.821  GET /revival/loadout
    -> 200  (0s)
    User-Agent: supervive-loadout-shim

#3508 18:41:41.996  GET /revival/loadout
    -> 200  (0s)
    User-Agent: supervive-loadout-shim

#3509 18:41:42.172  GET /revival/loadout
    -> 200  (0s)
    User-Agent: supervive-loadout-shim

#3510 18:41:42.346  GET /revival/loadout
    -> 200  (0s)
    User-Agent: supervive-loadout-shim

#3511 18:41:42.521  GET /revival/loadout
    -> 200  (0s)
    User-Agent: supervive-loadout-shim

#3512 18:41:42.697  GET /revival/loadout
    -> 200  (0s)
    User-Agent: supervive-loadout-shim

#3513 18:41:42.873  GET /revival/loadout
    -> 200  (0s)
    User-Agent: supervive-loadout-shim

#3514 18:41:43.046  GET /revival/loadout
    -> 200  (0s)
    User-Agent: supervive-loadout-shim

#3515 18:41:43.221  GET /revival/loadout
    -> 200  (0s)
    User-Agent: supervive-loadout-shim

#3516 18:41:43.396  GET /revival/loadout
    -> 200  (0s)
    User-Agent: supervive-loadout-shim

#3517 18:41:43.571  GET /revival/loadout
    -> 200  (0s)
    User-Agent: supervive-loadout-shim

#3518 18:41:43.763  GET /revival/loadout
    -> 200  (0s)
    User-Agent: supervive-loadout-shim

#3519 18:41:43.946  GET /revival/loadout
    -> 200  (0s)
    User-Agent: supervive-loadout-shim

#3520 18:41:44.120  GET /revival/loadout
    -> 200  (0s)
    User-Agent: supervive-loadout-shim

#3521 18:41:44.296  GET /revival/loadout
    -> 200  (0s)
    User-Agent: supervive-loadout-shim

#3522 18:41:44.469  GET /revival/loadout
    -> 200  (0s)
    User-Agent: supervive-loadout-shim

#3523 18:41:44.645  GET /revival/loadout
    -> 200  (0s)
    User-Agent: supervive-loadout-shim

#3524 18:41:44.820  GET /revival/loadout
    -> 200  (0s)
    User-Agent: supervive-loadout-shim

#3525 18:41:44.996  GET /revival/loadout
    -> 200  (0s)
    User-Agent: supervive-loadout-shim

#3526 18:41:45.169  GET /revival/loadout
    -> 200  (0s)
    User-Agent: supervive-loadout-shim

#3527 18:41:45.344  GET /revival/loadout
    -> 200  (0s)
    User-Agent: supervive-loadout-shim

#3528 18:41:45.519  GET /revival/loadout
    -> 200  (0s)
    User-Agent: supervive-loadout-shim

#3529 18:41:45.704  GET /revival/loadout
    -> 200  (0s)
    User-Agent: supervive-loadout-shim

#3530 18:41:45.878  GET /revival/loadout
    -> 200  (0s)
    User-Agent: supervive-loadout-shim

#3531 18:41:46.053  GET /revival/loadout
    -> 200  (0s)
    User-Agent: supervive-loadout-shim

#3532 18:41:46.228  GET /revival/loadout
    -> 200  (0s)
    User-Agent: supervive-loadout-shim

#3533 18:41:46.403  GET /revival/loadout
    -> 200  (0s)
    User-Agent: supervive-loadout-shim

#3534 18:41:46.579  GET /revival/loadout
    -> 200  (0s)
    User-Agent: supervive-loadout-shim

#3535 18:41:46.761  GET /revival/loadout
    -> 200  (0s)
    User-Agent: supervive-loadout-shim

#3536 18:41:46.936  GET /revival/loadout
    -> 200  (0s)
    User-Agent: supervive-loadout-shim

#3537 18:41:47.111  GET /revival/loadout
    -> 200  (0s)
    User-Agent: supervive-loadout-shim

#3538 18:41:47.286  GET /revival/loadout
    -> 200  (0s)
    User-Agent: supervive-loadout-shim

#3539 18:41:47.470  GET /revival/loadout
    -> 200  (0s)
    User-Agent: supervive-loadout-shim

#3540 18:41:47.644  GET /revival/loadout
    -> 200  (0s)
    User-Agent: supervive-loadout-shim

#3541 18:41:47.819  GET /revival/loadout
    -> 200  (0s)
    User-Agent: supervive-loadout-shim

#3542 18:41:47.994  GET /revival/loadout
    -> 200  (0s)
    User-Agent: supervive-loadout-shim

#3543 18:41:48.169  GET /revival/loadout
    -> 200  (0s)
    User-Agent: supervive-loadout-shim

#3544 18:41:48.345  GET /revival/loadout
    -> 200  (0s)
    User-Agent: supervive-loadout-shim

#3545 18:41:48.519  GET /revival/loadout
    -> 200  (0s)
    User-Agent: supervive-loadout-shim

#3546 18:41:48.694  GET /revival/loadout
    -> 200  (0s)
    User-Agent: supervive-loadout-shim

#3547 18:41:48.869  GET /revival/loadout
    -> 200  (0s)
    User-Agent: supervive-loadout-shim

#3548 18:41:49.045  GET /revival/loadout
    -> 200  (0s)
    User-Agent: supervive-loadout-shim

#3549 18:41:49.219  GET /revival/loadout
    -> 200  (0s)
    User-Agent: supervive-loadout-shim

#3550 18:41:49.395  GET /revival/loadout
    -> 200  (1ms)
    User-Agent: supervive-loadout-shim

#3551 18:41:49.569  GET /revival/loadout
    -> 200  (0s)
    User-Agent: supervive-loadout-shim

#3552 18:41:49.752  GET /revival/loadout
    -> 200  (0s)
    User-Agent: supervive-loadout-shim

#3553 18:41:49.927  GET /revival/loadout
    -> 200  (0s)
    User-Agent: supervive-loadout-shim

#3554 18:41:50.101  GET /revival/loadout
    -> 200  (0s)
    User-Agent: supervive-loadout-shim

#3555 18:41:50.276  GET /revival/loadout
    -> 200  (0s)
    User-Agent: supervive-loadout-shim

#3556 18:41:50.451  GET /revival/loadout
    -> 200  (0s)
    User-Agent: supervive-loadout-shim

#3557 18:41:50.626  GET /revival/loadout
    -> 200  (0s)
    User-Agent: supervive-loadout-shim

#3558 18:41:50.801  GET /revival/loadout
    -> 200  (0s)
    User-Agent: supervive-loadout-shim

#3559 18:41:50.976  GET /revival/loadout
    -> 200  (0s)
    User-Agent: supervive-loadout-shim

#3560 18:41:51.151  GET /revival/loadout
    -> 200  (0s)
    User-Agent: supervive-loadout-shim

* 18:41:51.188  WS <- /lobby TEXT ""

#3561 18:41:51.326  GET /revival/loadout
    -> 200  (0s)
    User-Agent: supervive-loadout-shim

#3562 18:41:51.500  GET /revival/loadout
    -> 200  (0s)
    User-Agent: supervive-loadout-shim

#3563 18:41:51.676  GET /revival/loadout
    -> 200  (0s)
    User-Agent: supervive-loadout-shim

#3564 18:41:51.850  GET /revival/loadout
    -> 200  (0s)
    User-Agent: supervive-loadout-shim

#3565 18:41:52.026  GET /revival/loadout
    -> 200  (0s)
    User-Agent: supervive-loadout-shim

#3566 18:41:52.201  GET /revival/loadout
    -> 200  (0s)
    User-Agent: supervive-loadout-shim

#3567 18:41:52.375  GET /revival/loadout
    -> 200  (0s)
    User-Agent: supervive-loadout-shim

#3568 18:41:52.551  GET /revival/loadout
    -> 200  (0s)
    User-Agent: supervive-loadout-shim

#3569 18:41:52.726  GET /revival/loadout
    -> 200  (0s)
    User-Agent: supervive-loadout-shim

#3570 18:41:52.899  GET /revival/loadout
    -> 200  (0s)
    User-Agent: supervive-loadout-shim

#3571 18:41:53.075  GET /revival/loadout
    -> 200  (0s)
    User-Agent: supervive-loadout-shim

#3572 18:41:53.221  GET /core-game/regions
    -> 200  (0s)
    User-Agent: Loki/UE5-CL-0 (http-legacy) Windows/10.0.19045.1.256.64bit
    Accept: */*
    X-Theorycraft-Clientversion: release2.4.live-156430-shipping
    Authorization: Bearer eyJhbGciOiJSUzI1NiIsImtpZCI6InN1cGVydml2ZS1yZXZpdmFsLWtleS0xIiwidHlwIjoiSldUIn0.eyJiYW5zIjpbXSwiY2xpZW50X2lkIjoiYmE4ZmI1OWEzNGJiNDgxYWJjYTA4YzQ2YmE0ODgwMjUiLCJjb3VudHJ5IjoiVVMiLCJkaXNwbGF5X25hbWUiOiJSZXZpdmVyIiwiZXhwIjoxNzg2NzM4NjUwLCJpYXQiOjE3ODY2NTIyNTAsImlzX2NvbXBseSI6dHJ1ZSwiamZsZ3MiOjAsIm5hbWVzcGFjZSI6InN1cGVydml2ZSIsIm5iZiI6MTc4NjY1MjE5MCwicGVybWlzc2lvbnMiOlt7IkFjdGlvbiI6MTUsIlJlc291cmNlIjoiTkFNRVNQQUNFOnN1cGVydml2ZToqIn0seyJBY3Rpb24iOjE1LCJSZXNvdXJjZSI6IkFETUlOOk5BTUVTUEFDRTpzdXBlcnZpdmU6KiJ9XSwicm9sZXMiOltdLCJzY29wZSI6ImNvbW1lcmNlIGFjY291bnQgc29jaWFsIHB1Ymxpc2hpbmcgYW5hbHl0aWNzIiwic3ViIjoiOWI5ZDJjODg3ZTI1MjRmOTE4ZTM4M2E4OTVmMmYxYzIiLCJ1bmlxdWVEaXNwbGF5TmFtZSI6IlJldml2ZXIjMDAwMSIsInVuaXF1ZV9kaXNwbGF5X25hbWUiOiJSZXZpdmVyIzAwMDEifQ.S8me6zCTJy1oN7cCA9hQMdHB81PfiOQjPGkisaKCUBzabcSTr1c468GSswCZp1ojqPbBbmOAc-HA5N2o4v-PRiSsk8rqPCyvk3Tx1C5P-rcZZtS-X9XnEtl7wRYgTacQNA_R6vbQgylOOxJ8HarI1u7xWxDlYfxiEDjHEEVHbUlHAE_Oz7PhV80Ms7bc3scLORKG3HPGTqjH9of-EooGUB3k-Xpl9M5eB7A7geV_c8XbzZ0NPELo9dLYVByYKVXzHtk2o0tyzXvdmz-r7FqVYwlN_jOrpiFF_4ti0Wf2ZTI07y-WzKQT1tlXe-OSq86OtwCA0elY-weDLV49mb78gg

#3573 18:41:53.221  GET /storefront/heroes
    -> 200  (0s)
    Accept: */*
    X-Theorycraft-Clientversion: release2.4.live-156430-shipping
    Authorization: Bearer eyJhbGciOiJSUzI1NiIsImtpZCI6InN1cGVydml2ZS1yZXZpdmFsLWtleS0xIiwidHlwIjoiSldUIn0.eyJiYW5zIjpbXSwiY2xpZW50X2lkIjoiYmE4ZmI1OWEzNGJiNDgxYWJjYTA4YzQ2YmE0ODgwMjUiLCJjb3VudHJ5IjoiVVMiLCJkaXNwbGF5X25hbWUiOiJSZXZpdmVyIiwiZXhwIjoxNzg2NzM4NjUwLCJpYXQiOjE3ODY2NTIyNTAsImlzX2NvbXBseSI6dHJ1ZSwiamZsZ3MiOjAsIm5hbWVzcGFjZSI6InN1cGVydml2ZSIsIm5iZiI6MTc4NjY1MjE5MCwicGVybWlzc2lvbnMiOlt7IkFjdGlvbiI6MTUsIlJlc291cmNlIjoiTkFNRVNQQUNFOnN1cGVydml2ZToqIn0seyJBY3Rpb24iOjE1LCJSZXNvdXJjZSI6IkFETUlOOk5BTUVTUEFDRTpzdXBlcnZpdmU6KiJ9XSwicm9sZXMiOltdLCJzY29wZSI6ImNvbW1lcmNlIGFjY291bnQgc29jaWFsIHB1Ymxpc2hpbmcgYW5hbHl0aWNzIiwic3ViIjoiOWI5ZDJjODg3ZTI1MjRmOTE4ZTM4M2E4OTVmMmYxYzIiLCJ1bmlxdWVEaXNwbGF5TmFtZSI6IlJldml2ZXIjMDAwMSIsInVuaXF1ZV9kaXNwbGF5X25hbWUiOiJSZXZpdmVyIzAwMDEifQ.S8me6zCTJy1oN7cCA9hQMdHB81PfiOQjPGkisaKCUBzabcSTr1c468GSswCZp1ojqPbBbmOAc-HA5N2o4v-PRiSsk8rqPCyvk3Tx1C5P-rcZZtS-X9XnEtl7wRYgTacQNA_R6vbQgylOOxJ8HarI1u7xWxDlYfxiEDjHEEVHbUlHAE_Oz7PhV80Ms7bc3scLORKG3HPGTqjH9of-EooGUB3k-Xpl9M5eB7A7geV_c8XbzZ0NPELo9dLYVByYKVXzHtk2o0tyzXvdmz-r7FqVYwlN_jOrpiFF_4ti0Wf2ZTI07y-WzKQT1tlXe-OSq86OtwCA0elY-weDLV49mb78gg
    User-Agent: Loki/UE5-CL-0 (http-legacy) Windows/10.0.19045.1.256.64bit

#3574 18:41:53.227  GET /party/matchmaking/info
    -> 200  (0s)
    Authorization: Bearer eyJhbGciOiJSUzI1NiIsImtpZCI6InN1cGVydml2ZS1yZXZpdmFsLWtleS0xIiwidHlwIjoiSldUIn0.eyJiYW5zIjpbXSwiY2xpZW50X2lkIjoiYmE4ZmI1OWEzNGJiNDgxYWJjYTA4YzQ2YmE0ODgwMjUiLCJjb3VudHJ5IjoiVVMiLCJkaXNwbGF5X25hbWUiOiJSZXZpdmVyIiwiZXhwIjoxNzg2NzM4NjUwLCJpYXQiOjE3ODY2NTIyNTAsImlzX2NvbXBseSI6dHJ1ZSwiamZsZ3MiOjAsIm5hbWVzcGFjZSI6InN1cGVydml2ZSIsIm5iZiI6MTc4NjY1MjE5MCwicGVybWlzc2lvbnMiOlt7IkFjdGlvbiI6MTUsIlJlc291cmNlIjoiTkFNRVNQQUNFOnN1cGVydml2ZToqIn0seyJBY3Rpb24iOjE1LCJSZXNvdXJjZSI6IkFETUlOOk5BTUVTUEFDRTpzdXBlcnZpdmU6KiJ9XSwicm9sZXMiOltdLCJzY29wZSI6ImNvbW1lcmNlIGFjY291bnQgc29jaWFsIHB1Ymxpc2hpbmcgYW5hbHl0aWNzIiwic3ViIjoiOWI5ZDJjODg3ZTI1MjRmOTE4ZTM4M2E4OTVmMmYxYzIiLCJ1bmlxdWVEaXNwbGF5TmFtZSI6IlJldml2ZXIjMDAwMSIsInVuaXF1ZV9kaXNwbGF5X25hbWUiOiJSZXZpdmVyIzAwMDEifQ.S8me6zCTJy1oN7cCA9hQMdHB81PfiOQjPGkisaKCUBzabcSTr1c468GSswCZp1ojqPbBbmOAc-HA5N2o4v-PRiSsk8rqPCyvk3Tx1C5P-rcZZtS-X9XnEtl7wRYgTacQNA_R6vbQgylOOxJ8HarI1u7xWxDlYfxiEDjHEEVHbUlHAE_Oz7PhV80Ms7bc3scLORKG3HPGTqjH9of-EooGUB3k-Xpl9M5eB7A7geV_c8XbzZ0NPELo9dLYVByYKVXzHtk2o0tyzXvdmz-r7FqVYwlN_jOrpiFF_4ti0Wf2ZTI07y-WzKQT1tlXe-OSq86OtwCA0elY-weDLV49mb78gg
    User-Agent: Loki/UE5-CL-0 (http-legacy) Windows/10.0.19045.1.256.64bit
    Accept: */*
    X-Theorycraft-Clientversion: release2.4.live-156430-shipping

#3575 18:41:53.250  GET /revival/loadout
    -> 200  (0s)
    User-Agent: supervive-loadout-shim

#3576 18:41:53.516  GET /revival/loadout
    -> 200  (0s)
    User-Agent: supervive-loadout-shim

#3577 18:41:53.691  GET /revival/loadout
    -> 200  (0s)
    User-Agent: supervive-loadout-shim

#3578 18:41:53.719  GET /revival/missions/progress
    -> 200  (0s)
    User-Agent: supervive-missions-shim

#3579 18:41:53.866  GET /revival/loadout
    -> 200  (0s)
    User-Agent: supervive-loadout-shim

#3580 18:41:54.041  GET /revival/loadout
    -> 200  (0s)
    User-Agent: supervive-loadout-shim

#3581 18:41:54.216  GET /revival/loadout
    -> 200  (0s)
    User-Agent: supervive-loadout-shim

#3582 18:41:54.399  GET /revival/loadout
    -> 200  (0s)
    User-Agent: supervive-loadout-shim

#3583 18:41:54.575  GET /revival/loadout
    -> 200  (0s)
    User-Agent: supervive-loadout-shim

#3584 18:41:54.750  GET /revival/loadout
    -> 200  (0s)
    User-Agent: supervive-loadout-shim

#3585 18:41:54.925  GET /revival/loadout
    -> 200  (0s)
    User-Agent: supervive-loadout-shim

#3586 18:41:55.100  GET /revival/loadout
    -> 200  (0s)
    User-Agent: supervive-loadout-shim

#3587 18:41:55.274  GET /revival/loadout
    -> 200  (0s)
    User-Agent: supervive-loadout-shim

#3588 18:41:55.449  GET /revival/loadout
    -> 200  (0s)
    User-Agent: supervive-loadout-shim

#3589 18:41:55.625  GET /revival/loadout
    -> 200  (0s)
    User-Agent: supervive-loadout-shim

#3590 18:41:55.799  GET /revival/loadout
    -> 200  (0s)
    User-Agent: supervive-loadout-shim

#3591 18:41:55.975  GET /revival/loadout
    -> 200  (0s)
    User-Agent: supervive-loadout-shim

#3592 18:41:56.150  GET /revival/loadout
    -> 200  (0s)
    User-Agent: supervive-loadout-shim

#3593 18:41:56.261  GET /configuration/client?language=en
    -> 200  (1ms)
    Accept: */*
    X-Theorycraft-Clientversion: release2.4.live-156430-shipping
    User-Agent: Loki/UE5-CL-0 (http-legacy) Windows/10.0.19045.1.256.64bit
    Authorization: Bearer eyJhbGciOiJSUzI1NiIsImtpZCI6InN1cGVydml2ZS1yZXZpdmFsLWtleS0xIiwidHlwIjoiSldUIn0.eyJiYW5zIjpbXSwiY2xpZW50X2lkIjoiYmE4ZmI1OWEzNGJiNDgxYWJjYTA4YzQ2YmE0ODgwMjUiLCJjb3VudHJ5IjoiVVMiLCJkaXNwbGF5X25hbWUiOiJSZXZpdmVyIiwiZXhwIjoxNzg2NzM4NjUwLCJpYXQiOjE3ODY2NTIyNTAsImlzX2NvbXBseSI6dHJ1ZSwiamZsZ3MiOjAsIm5hbWVzcGFjZSI6InN1cGVydml2ZSIsIm5iZiI6MTc4NjY1MjE5MCwicGVybWlzc2lvbnMiOlt7IkFjdGlvbiI6MTUsIlJlc291cmNlIjoiTkFNRVNQQUNFOnN1cGVydml2ZToqIn0seyJBY3Rpb24iOjE1LCJSZXNvdXJjZSI6IkFETUlOOk5BTUVTUEFDRTpzdXBlcnZpdmU6KiJ9XSwicm9sZXMiOltdLCJzY29wZSI6ImNvbW1lcmNlIGFjY291bnQgc29jaWFsIHB1Ymxpc2hpbmcgYW5hbHl0aWNzIiwic3ViIjoiOWI5ZDJjODg3ZTI1MjRmOTE4ZTM4M2E4OTVmMmYxYzIiLCJ1bmlxdWVEaXNwbGF5TmFtZSI6IlJldml2ZXIjMDAwMSIsInVuaXF1ZV9kaXNwbGF5X25hbWUiOiJSZXZpdmVyIzAwMDEifQ.S8me6zCTJy1oN7cCA9hQMdHB81PfiOQjPGkisaKCUBzabcSTr1c468GSswCZp1ojqPbBbmOAc-HA5N2o4v-PRiSsk8rqPCyvk3Tx1C5P-rcZZtS-X9XnEtl7wRYgTacQNA_R6vbQgylOOxJ8HarI1u7xWxDlYfxiEDjHEEVHbUlHAE_Oz7PhV80Ms7bc3scLORKG3HPGTqjH9of-EooGUB3k-Xpl9M5eB7A7geV_c8XbzZ0NPELo9dLYVByYKVXzHtk2o0tyzXvdmz-r7FqVYwlN_jOrpiFF_4ti0Wf2ZTI07y-WzKQT1tlXe-OSq86OtwCA0elY-weDLV49mb78gg

#3594 18:41:56.332  GET /revival/loadout
    -> 200  (0s)
    User-Agent: supervive-loadout-shim

#3595 18:41:56.343  GET /content-service/manifest/release2.4.live-156430-shipping?nonEnabledOnly=true
    -> 200  (0s)
    X-Theorycraft-Clientversion: release2.4.live-156430-shipping
    Authorization: Bearer eyJhbGciOiJSUzI1NiIsImtpZCI6InN1cGVydml2ZS1yZXZpdmFsLWtleS0xIiwidHlwIjoiSldUIn0.eyJiYW5zIjpbXSwiY2xpZW50X2lkIjoiYmE4ZmI1OWEzNGJiNDgxYWJjYTA4YzQ2YmE0ODgwMjUiLCJjb3VudHJ5IjoiVVMiLCJkaXNwbGF5X25hbWUiOiJSZXZpdmVyIiwiZXhwIjoxNzg2NzM4NjUwLCJpYXQiOjE3ODY2NTIyNTAsImlzX2NvbXBseSI6dHJ1ZSwiamZsZ3MiOjAsIm5hbWVzcGFjZSI6InN1cGVydml2ZSIsIm5iZiI6MTc4NjY1MjE5MCwicGVybWlzc2lvbnMiOlt7IkFjdGlvbiI6MTUsIlJlc291cmNlIjoiTkFNRVNQQUNFOnN1cGVydml2ZToqIn0seyJBY3Rpb24iOjE1LCJSZXNvdXJjZSI6IkFETUlOOk5BTUVTUEFDRTpzdXBlcnZpdmU6KiJ9XSwicm9sZXMiOltdLCJzY29wZSI6ImNvbW1lcmNlIGFjY291bnQgc29jaWFsIHB1Ymxpc2hpbmcgYW5hbHl0aWNzIiwic3ViIjoiOWI5ZDJjODg3ZTI1MjRmOTE4ZTM4M2E4OTVmMmYxYzIiLCJ1bmlxdWVEaXNwbGF5TmFtZSI6IlJldml2ZXIjMDAwMSIsInVuaXF1ZV9kaXNwbGF5X25hbWUiOiJSZXZpdmVyIzAwMDEifQ.S8me6zCTJy1oN7cCA9hQMdHB81PfiOQjPGkisaKCUBzabcSTr1c468GSswCZp1ojqPbBbmOAc-HA5N2o4v-PRiSsk8rqPCyvk3Tx1C5P-rcZZtS-X9XnEtl7wRYgTacQNA_R6vbQgylOOxJ8HarI1u7xWxDlYfxiEDjHEEVHbUlHAE_Oz7PhV80Ms7bc3scLORKG3HPGTqjH9of-EooGUB3k-Xpl9M5eB7A7geV_c8XbzZ0NPELo9dLYVByYKVXzHtk2o0tyzXvdmz-r7FqVYwlN_jOrpiFF_4ti0Wf2ZTI07y-WzKQT1tlXe-OSq86OtwCA0elY-weDLV49mb78gg
    User-Agent: Loki/UE5-CL-0 (http-legacy) Windows/10.0.19045.1.256.64bit
    Accept: */*

#3596 18:41:56.510  GET /revival/loadout
    -> 200  (0s)
    User-Agent: supervive-loadout-shim

#3597 18:41:56.691  GET /revival/loadout
    -> 200  (0s)
    User-Agent: supervive-loadout-shim

#3598 18:41:56.866  GET /revival/loadout
    -> 200  (0s)
    User-Agent: supervive-loadout-shim

#3599 18:41:57.040  GET /revival/loadout
    -> 200  (0s)
    User-Agent: supervive-loadout-shim

#3600 18:41:57.216  GET /revival/loadout
    -> 200  (0s)
    User-Agent: supervive-loadout-shim

#3601 18:41:57.390  GET /revival/loadout
    -> 200  (0s)
    User-Agent: supervive-loadout-shim

#3602 18:41:57.566  GET /revival/loadout
    -> 200  (0s)
    User-Agent: supervive-loadout-shim

#3603 18:41:57.740  GET /revival/loadout
    -> 200  (0s)
    User-Agent: supervive-loadout-shim

#3604 18:41:57.915  GET /revival/loadout
    -> 200  (0s)
    User-Agent: supervive-loadout-shim

#3605 18:41:58.091  GET /revival/loadout
    -> 200  (0s)
    User-Agent: supervive-loadout-shim

* 18:41:58.202  WS <- /notifications/players/9b9d2c887e2524f918e383a895f2f1c2 BINARY (2 bytes) 6862

* 18:41:58.222  WS -> /notifications/players/9b9d2c887e2524f918e383a895f2f1c2 TEXT hb reply {"Resource":"hb","Version":0,"Payload":""}

#3606 18:41:58.266  GET /revival/loadout
    -> 200  (0s)
    User-Agent: supervive-loadout-shim

#3607 18:41:58.451  GET /revival/loadout
    -> 200  (0s)
    User-Agent: supervive-loadout-shim

#3608 18:41:58.632  GET /revival/loadout
    -> 200  (0s)
    User-Agent: supervive-loadout-shim

#3609 18:41:58.815  GET /revival/loadout
    -> 200  (0s)
    User-Agent: supervive-loadout-shim

#3610 18:41:58.989  GET /revival/loadout
    -> 200  (1ms)
    User-Agent: supervive-loadout-shim

#3611 18:41:59.165  GET /revival/loadout
    -> 200  (0s)
    User-Agent: supervive-loadout-shim

#3612 18:41:59.338  GET /revival/loadout
    -> 200  (0s)
    User-Agent: supervive-loadout-shim

#3613 18:41:59.515  GET /revival/loadout
    -> 200  (0s)
    User-Agent: supervive-loadout-shim

#3614 18:41:59.690  GET /revival/loadout
    -> 200  (0s)
    User-Agent: supervive-loadout-shim

#3615 18:41:59.865  GET /revival/loadout
    -> 200  (0s)
    User-Agent: supervive-loadout-shim

#3616 18:42:00.040  GET /revival/loadout
    -> 200  (0s)
    User-Agent: supervive-loadout-shim

#3617 18:42:00.214  GET /revival/loadout
    -> 200  (0s)
    User-Agent: supervive-loadout-shim

#3618 18:42:00.390  GET /revival/loadout
    -> 200  (0s)
    User-Agent: supervive-loadout-shim

#3619 18:42:00.565  GET /revival/loadout
    -> 200  (0s)
    User-Agent: supervive-loadout-shim

#3620 18:42:00.739  GET /revival/loadout
    -> 200  (1ms)
    User-Agent: supervive-loadout-shim

#3621 18:42:00.914  GET /revival/loadout
    -> 200  (0s)
    User-Agent: supervive-loadout-shim

#3622 18:42:01.089  GET /revival/loadout
    -> 200  (0s)
    User-Agent: supervive-loadout-shim

#3623 18:42:01.268  GET /revival/loadout
    -> 200  (0s)
    User-Agent: supervive-loadout-shim

#3624 18:42:01.439  GET /revival/loadout
    -> 200  (0s)
    User-Agent: supervive-loadout-shim

#3625 18:42:01.614  GET /revival/loadout
    -> 200  (0s)
    User-Agent: supervive-loadout-shim

#3626 18:42:01.789  GET /revival/loadout
    -> 200  (0s)
    User-Agent: supervive-loadout-shim

#3627 18:42:01.964  GET /revival/loadout
    -> 200  (0s)
    User-Agent: supervive-loadout-shim

#3628 18:42:02.138  GET /revival/loadout
    -> 200  (0s)
    User-Agent: supervive-loadout-shim

#3629 18:42:02.313  GET /revival/loadout
    -> 200  (0s)
    User-Agent: supervive-loadout-shim

#3630 18:42:02.489  GET /revival/loadout
    -> 200  (0s)
    User-Agent: supervive-loadout-shim

#3631 18:42:02.663  GET /revival/loadout
    -> 200  (0s)
    User-Agent: supervive-loadout-shim

#3632 18:42:02.846  GET /revival/loadout
    -> 200  (0s)
    User-Agent: supervive-loadout-shim

#3633 18:42:03.021  GET /revival/loadout
    -> 200  (0s)
    User-Agent: supervive-loadout-shim

#3634 18:42:03.206  GET /revival/loadout
    -> 200  (0s)
    User-Agent: supervive-loadout-shim

#3635 18:42:03.380  GET /revival/loadout
    -> 200  (0s)
    User-Agent: supervive-loadout-shim

#3636 18:42:03.554  GET /revival/loadout
    -> 200  (0s)
    User-Agent: supervive-loadout-shim

#3637 18:42:03.730  GET /revival/loadout
    -> 200  (0s)
    User-Agent: supervive-loadout-shim

#3638 18:42:03.905  GET /revival/loadout
    -> 200  (0s)
    User-Agent: supervive-loadout-shim

#3639 18:42:04.079  GET /revival/loadout
    -> 200  (0s)
    User-Agent: supervive-loadout-shim

#3640 18:42:04.255  GET /revival/loadout
    -> 200  (0s)
    User-Agent: supervive-loadout-shim

#3641 18:42:04.438  GET /revival/loadout
    -> 200  (0s)
    User-Agent: supervive-loadout-shim

#3642 18:42:04.613  GET /revival/loadout
    -> 200  (0s)
    User-Agent: supervive-loadout-shim

#3643 18:42:04.788  GET /revival/loadout
    -> 200  (0s)
    User-Agent: supervive-loadout-shim

#3644 18:42:04.963  GET /revival/loadout
    -> 200  (0s)
    User-Agent: supervive-loadout-shim

#3645 18:42:05.138  GET /revival/loadout
    -> 200  (0s)
    User-Agent: supervive-loadout-shim

#3646 18:42:05.312  GET /revival/loadout
    -> 200  (0s)
    User-Agent: supervive-loadout-shim

#3647 18:42:05.465  GET /party/players/9b9d2c887e2524f918e383a895f2f1c2/voice
    -> 200  (0s)
    Accept: */*
    X-Theorycraft-Clientversion: release2.4.live-156430-shipping
    Authorization: Bearer eyJhbGciOiJSUzI1NiIsImtpZCI6InN1cGVydml2ZS1yZXZpdmFsLWtleS0xIiwidHlwIjoiSldUIn0.eyJiYW5zIjpbXSwiY2xpZW50X2lkIjoiYmE4ZmI1OWEzNGJiNDgxYWJjYTA4YzQ2YmE0ODgwMjUiLCJjb3VudHJ5IjoiVVMiLCJkaXNwbGF5X25hbWUiOiJSZXZpdmVyIiwiZXhwIjoxNzg2NzM4NjUwLCJpYXQiOjE3ODY2NTIyNTAsImlzX2NvbXBseSI6dHJ1ZSwiamZsZ3MiOjAsIm5hbWVzcGFjZSI6InN1cGVydml2ZSIsIm5iZiI6MTc4NjY1MjE5MCwicGVybWlzc2lvbnMiOlt7IkFjdGlvbiI6MTUsIlJlc291cmNlIjoiTkFNRVNQQUNFOnN1cGVydml2ZToqIn0seyJBY3Rpb24iOjE1LCJSZXNvdXJjZSI6IkFETUlOOk5BTUVTUEFDRTpzdXBlcnZpdmU6KiJ9XSwicm9sZXMiOltdLCJzY29wZSI6ImNvbW1lcmNlIGFjY291bnQgc29jaWFsIHB1Ymxpc2hpbmcgYW5hbHl0aWNzIiwic3ViIjoiOWI5ZDJjODg3ZTI1MjRmOTE4ZTM4M2E4OTVmMmYxYzIiLCJ1bmlxdWVEaXNwbGF5TmFtZSI6IlJldml2ZXIjMDAwMSIsInVuaXF1ZV9kaXNwbGF5X25hbWUiOiJSZXZpdmVyIzAwMDEifQ.S8me6zCTJy1oN7cCA9hQMdHB81PfiOQjPGkisaKCUBzabcSTr1c468GSswCZp1ojqPbBbmOAc-HA5N2o4v-PRiSsk8rqPCyvk3Tx1C5P-rcZZtS-X9XnEtl7wRYgTacQNA_R6vbQgylOOxJ8HarI1u7xWxDlYfxiEDjHEEVHbUlHAE_Oz7PhV80Ms7bc3scLORKG3HPGTqjH9of-EooGUB3k-Xpl9M5eB7A7geV_c8XbzZ0NPELo9dLYVByYKVXzHtk2o0tyzXvdmz-r7FqVYwlN_jOrpiFF_4ti0Wf2ZTI07y-WzKQT1tlXe-OSq86OtwCA0elY-weDLV49mb78gg
    User-Agent: Loki/UE5-CL-0 (http-legacy) Windows/10.0.19045.1.256.64bit

#3648 18:42:05.488  GET /revival/loadout
    -> 200  (0s)
    User-Agent: supervive-loadout-shim

#3649 18:42:05.682  GET /revival/loadout
    -> 200  (0s)
    User-Agent: supervive-loadout-shim

#3650 18:42:05.863  GET /revival/loadout
    -> 200  (0s)
    User-Agent: supervive-loadout-shim

#3651 18:42:06.046  GET /revival/loadout
    -> 200  (0s)
    User-Agent: supervive-loadout-shim

#3652 18:42:06.219  GET /revival/loadout
    -> 200  (0s)
    User-Agent: supervive-loadout-shim

#3653 18:42:06.396  GET /revival/loadout
    -> 200  (0s)
    User-Agent: supervive-loadout-shim

#3654 18:42:06.579  GET /revival/loadout
    -> 200  (0s)
    User-Agent: supervive-loadout-shim

#3655 18:42:06.762  GET /revival/loadout
    -> 200  (0s)
    User-Agent: supervive-loadout-shim

#3656 18:42:06.937  GET /revival/loadout
    -> 200  (0s)
    User-Agent: supervive-loadout-shim

#3657 18:42:07.112  GET /revival/loadout
    -> 200  (0s)
    User-Agent: supervive-loadout-shim

#3658 18:42:07.288  GET /revival/loadout
    -> 200  (0s)
    User-Agent: supervive-loadout-shim

#3659 18:42:07.469  GET /revival/loadout
    -> 200  (0s)
    User-Agent: supervive-loadout-shim

#3660 18:42:07.644  GET /revival/loadout
    -> 200  (0s)
    User-Agent: supervive-loadout-shim

#3661 18:42:07.845  GET /revival/loadout
    -> 200  (0s)
    User-Agent: supervive-loadout-shim

#3662 18:42:08.020  GET /revival/loadout
    -> 200  (0s)
    User-Agent: supervive-loadout-shim

#3663 18:42:08.195  GET /revival/loadout
    -> 200  (0s)
    User-Agent: supervive-loadout-shim

#3664 18:42:08.370  GET /revival/loadout
    -> 200  (0s)
    User-Agent: supervive-loadout-shim

#3665 18:42:08.545  GET /revival/loadout
    -> 200  (0s)
    User-Agent: supervive-loadout-shim

#3666 18:42:08.728  GET /revival/loadout
    -> 200  (0s)
    User-Agent: supervive-loadout-shim

#3667 18:42:08.902  GET /revival/loadout
    -> 200  (0s)
    User-Agent: supervive-loadout-shim

#3668 18:42:09.086  GET /revival/loadout
    -> 200  (0s)
    User-Agent: supervive-loadout-shim

#3669 18:42:09.261  GET /revival/loadout
    -> 200  (0s)
    User-Agent: supervive-loadout-shim

#3670 18:42:09.435  GET /revival/loadout
    -> 200  (0s)
    User-Agent: supervive-loadout-shim

#3671 18:42:09.611  GET /revival/loadout
    -> 200  (0s)
    User-Agent: supervive-loadout-shim

#3672 18:42:09.786  GET /revival/loadout
    -> 200  (0s)
    User-Agent: supervive-loadout-shim

#3673 18:42:09.960  GET /revival/loadout
    -> 200  (0s)
    User-Agent: supervive-loadout-shim

#3674 18:42:10.135  GET /revival/loadout
    -> 200  (0s)
    User-Agent: supervive-loadout-shim

#3675 18:42:10.311  GET /revival/loadout
    -> 200  (0s)
    User-Agent: supervive-loadout-shim

#3676 18:42:10.486  GET /revival/loadout
    -> 200  (0s)
    User-Agent: supervive-loadout-shim

#3677 18:42:10.661  GET /revival/loadout
    -> 200  (0s)
    User-Agent: supervive-loadout-shim

#3678 18:42:10.836  GET /revival/loadout
    -> 200  (0s)
    User-Agent: supervive-loadout-shim

#3679 18:42:11.011  GET /revival/loadout
    -> 200  (0s)
    User-Agent: supervive-loadout-shim

#3680 18:42:11.185  GET /revival/loadout
    -> 200  (0s)
    User-Agent: supervive-loadout-shim

#3681 18:42:11.359  GET /revival/loadout
    -> 200  (0s)
    User-Agent: supervive-loadout-shim

#3682 18:42:11.544  GET /revival/loadout
    -> 200  (0s)
    User-Agent: supervive-loadout-shim

#3683 18:42:11.719  GET /revival/loadout
    -> 200  (0s)
    User-Agent: supervive-loadout-shim

#3684 18:42:11.898  GET /revival/loadout
    -> 200  (0s)
    User-Agent: supervive-loadout-shim

#3685 18:42:12.069  GET /revival/loadout
    -> 200  (0s)
    User-Agent: supervive-loadout-shim

#3686 18:42:12.248  GET /revival/loadout
    -> 200  (1ms)
    User-Agent: supervive-loadout-shim

#3687 18:42:12.420  GET /revival/loadout
    -> 200  (0s)
    User-Agent: supervive-loadout-shim

#3688 18:42:12.594  GET /revival/loadout
    -> 200  (0s)
    User-Agent: supervive-loadout-shim

#3689 18:42:12.769  GET /revival/loadout
    -> 200  (0s)
    User-Agent: supervive-loadout-shim

#3690 18:42:12.952  GET /revival/loadout
    -> 200  (0s)
    User-Agent: supervive-loadout-shim

#3691 18:42:13.126  GET /revival/loadout
    -> 200  (0s)
    User-Agent: supervive-loadout-shim

#3692 18:42:13.301  GET /revival/loadout
    -> 200  (0s)
    User-Agent: supervive-loadout-shim

#3693 18:42:13.477  GET /revival/loadout
    -> 200  (0s)
    User-Agent: supervive-loadout-shim

#3694 18:42:13.658  GET /revival/loadout
    -> 200  (1ms)
    User-Agent: supervive-loadout-shim

#3695 18:42:13.834  GET /revival/loadout
    -> 200  (0s)
    User-Agent: supervive-loadout-shim

#3696 18:42:14.009  GET /revival/loadout
    -> 200  (0s)
    User-Agent: supervive-loadout-shim

#3697 18:42:14.184  GET /revival/loadout
    -> 200  (0s)
    User-Agent: supervive-loadout-shim

#3698 18:42:14.367  GET /revival/loadout
    -> 200  (0s)
    User-Agent: supervive-loadout-shim

#3699 18:42:14.543  GET /revival/loadout
    -> 200  (0s)
    User-Agent: supervive-loadout-shim

#3700 18:42:14.718  GET /revival/loadout
    -> 200  (0s)
    User-Agent: supervive-loadout-shim

#3701 18:42:14.892  GET /revival/loadout
    -> 200  (0s)
    User-Agent: supervive-loadout-shim

#3702 18:42:15.068  GET /revival/loadout
    -> 200  (0s)
    User-Agent: supervive-loadout-shim

#3703 18:42:15.242  GET /revival/loadout
    -> 200  (0s)
    User-Agent: supervive-loadout-shim

#3704 18:42:15.417  GET /revival/loadout
    -> 200  (0s)
    User-Agent: supervive-loadout-shim

#3705 18:42:15.591  GET /revival/loadout
    -> 200  (0s)
    User-Agent: supervive-loadout-shim

#3706 18:42:15.767  GET /revival/loadout
    -> 200  (0s)
    User-Agent: supervive-loadout-shim

#3707 18:42:15.942  GET /revival/loadout
    -> 200  (0s)
    User-Agent: supervive-loadout-shim

#3708 18:42:16.117  GET /revival/loadout
    -> 200  (0s)
    User-Agent: supervive-loadout-shim

#3709 18:42:16.292  GET /revival/loadout
    -> 200  (0s)
    User-Agent: supervive-loadout-shim

#3710 18:42:16.466  GET /revival/loadout
    -> 200  (0s)
    User-Agent: supervive-loadout-shim

#3711 18:42:16.642  GET /revival/loadout
    -> 200  (0s)
    User-Agent: supervive-loadout-shim

#3712 18:42:16.816  GET /revival/loadout
    -> 200  (0s)
    User-Agent: supervive-loadout-shim

#3713 18:42:16.992  GET /revival/loadout
    -> 200  (0s)
    User-Agent: supervive-loadout-shim

#3714 18:42:17.167  GET /revival/loadout
    -> 200  (0s)
    User-Agent: supervive-loadout-shim

#3715 18:42:17.340  GET /revival/loadout
    -> 200  (1ms)
    User-Agent: supervive-loadout-shim

#3716 18:42:17.516  GET /revival/loadout
    -> 200  (0s)
    User-Agent: supervive-loadout-shim

#3717 18:42:17.690  GET /revival/loadout
    -> 200  (0s)
    User-Agent: supervive-loadout-shim

#3718 18:42:17.866  GET /revival/loadout
    -> 200  (0s)
    User-Agent: supervive-loadout-shim

#3719 18:42:18.040  GET /revival/loadout
    -> 200  (0s)
    User-Agent: supervive-loadout-shim

#3720 18:42:18.216  GET /revival/loadout
    -> 200  (0s)
    User-Agent: supervive-loadout-shim

#3721 18:42:18.391  GET /revival/loadout
    -> 200  (0s)
    User-Agent: supervive-loadout-shim

#3722 18:42:18.566  GET /revival/loadout
    -> 200  (0s)
    User-Agent: supervive-loadout-shim

#3723 18:42:18.740  GET /revival/loadout
    -> 200  (0s)
    User-Agent: supervive-loadout-shim

#3724 18:42:18.916  GET /revival/loadout
    -> 200  (0s)
    User-Agent: supervive-loadout-shim

#3725 18:42:19.091  GET /revival/loadout
    -> 200  (1ms)
    User-Agent: supervive-loadout-shim

#3726 18:42:19.266  GET /revival/loadout
    -> 200  (0s)
    User-Agent: supervive-loadout-shim

#3727 18:42:19.441  GET /revival/loadout
    -> 200  (0s)
    User-Agent: supervive-loadout-shim

#3728 18:42:19.616  GET /revival/loadout
    -> 200  (0s)
    User-Agent: supervive-loadout-shim

#3729 18:42:19.790  GET /revival/loadout
    -> 200  (0s)
    User-Agent: supervive-loadout-shim

#3730 18:42:19.964  GET /revival/loadout
    -> 200  (1ms)
    User-Agent: supervive-loadout-shim

#3731 18:42:20.140  GET /revival/loadout
    -> 200  (0s)
    User-Agent: supervive-loadout-shim

#3732 18:42:20.331  GET /revival/loadout
    -> 200  (0s)
    User-Agent: supervive-loadout-shim

* 18:42:20.368  WS PUSH[s118-presence-OFFLINE-roundtrip] -> /lobby TEXT (351 bytes) "type: userStatusNotif\nuserId: f15118aaaaaaaaaaaaaaaaaaaaaaaaaa\navailability: offline\nactivity: eyJhIjoiTWVudXMiLCJjViI6InJlbGVhc2UyLjQubGl2ZS0xNTY0MzAtc2hpcHBpbmciLCJwSWQiOiJwYXJ0eS1mMTUxMThhYWFhYWFhYWFhYWFhYWFhYWFhYWFhYWFhYSIsInBRcyI6W10sInBPIjowLCJwUyI6MSwibVBTIjozLCJyayI6MCwicmtQIjowLCJyIjpbXSwiYXZJZCI6IiIsInQiOltdLCJkc0lkIjoiIn0=\nplatform: steam"

#3733 18:42:20.507  GET /revival/loadout
    -> 200  (0s)
    User-Agent: supervive-loadout-shim

#3734 18:42:20.682  GET /revival/loadout
    -> 200  (0s)
    User-Agent: supervive-loadout-shim

#3735 18:42:20.858  GET /revival/loadout
    -> 200  (0s)
    User-Agent: supervive-loadout-shim

#3736 18:42:21.031  GET /revival/loadout
    -> 200  (1ms)
    User-Agent: supervive-loadout-shim

#3737 18:42:21.207  GET /revival/loadout
    -> 200  (0s)
    User-Agent: supervive-loadout-shim

* 18:42:21.230  WS <- /lobby TEXT ""

#3738 18:42:21.381  GET /revival/loadout
    -> 200  (0s)
    User-Agent: supervive-loadout-shim

#3739 18:42:21.556  GET /revival/loadout
    -> 200  (0s)
    User-Agent: supervive-loadout-shim

#3740 18:42:21.731  GET /revival/loadout
    -> 200  (0s)
    User-Agent: supervive-loadout-shim

#3741 18:42:21.906  GET /revival/loadout
    -> 200  (0s)
    User-Agent: supervive-loadout-shim

#3742 18:42:22.081  GET /revival/loadout
    -> 200  (0s)
    User-Agent: supervive-loadout-shim

#3743 18:42:22.256  GET /revival/loadout
    -> 200  (0s)
    User-Agent: supervive-loadout-shim

#3744 18:42:22.441  GET /revival/loadout
    -> 200  (0s)
    User-Agent: supervive-loadout-shim

#3745 18:42:22.647  GET /revival/loadout
    -> 200  (0s)
    User-Agent: supervive-loadout-shim

#3746 18:42:22.823  GET /revival/loadout
    -> 200  (0s)
    User-Agent: supervive-loadout-shim

#3747 18:42:22.997  GET /revival/loadout
    -> 200  (0s)
    User-Agent: supervive-loadout-shim

#3748 18:42:23.173  GET /revival/loadout
    -> 200  (0s)
    User-Agent: supervive-loadout-shim

#3749 18:42:23.205  GET /mailbox/config/version
    -> 200  (0s)
    Accept: */*
    X-Theorycraft-Clientversion: release2.4.live-156430-shipping
    Authorization: Bearer eyJhbGciOiJSUzI1NiIsImtpZCI6InN1cGVydml2ZS1yZXZpdmFsLWtleS0xIiwidHlwIjoiSldUIn0.eyJiYW5zIjpbXSwiY2xpZW50X2lkIjoiYmE4ZmI1OWEzNGJiNDgxYWJjYTA4YzQ2YmE0ODgwMjUiLCJjb3VudHJ5IjoiVVMiLCJkaXNwbGF5X25hbWUiOiJSZXZpdmVyIiwiZXhwIjoxNzg2NzM4NjUwLCJpYXQiOjE3ODY2NTIyNTAsImlzX2NvbXBseSI6dHJ1ZSwiamZsZ3MiOjAsIm5hbWVzcGFjZSI6InN1cGVydml2ZSIsIm5iZiI6MTc4NjY1MjE5MCwicGVybWlzc2lvbnMiOlt7IkFjdGlvbiI6MTUsIlJlc291cmNlIjoiTkFNRVNQQUNFOnN1cGVydml2ZToqIn0seyJBY3Rpb24iOjE1LCJSZXNvdXJjZSI6IkFETUlOOk5BTUVTUEFDRTpzdXBlcnZpdmU6KiJ9XSwicm9sZXMiOltdLCJzY29wZSI6ImNvbW1lcmNlIGFjY291bnQgc29jaWFsIHB1Ymxpc2hpbmcgYW5hbHl0aWNzIiwic3ViIjoiOWI5ZDJjODg3ZTI1MjRmOTE4ZTM4M2E4OTVmMmYxYzIiLCJ1bmlxdWVEaXNwbGF5TmFtZSI6IlJldml2ZXIjMDAwMSIsInVuaXF1ZV9kaXNwbGF5X25hbWUiOiJSZXZpdmVyIzAwMDEifQ.S8me6zCTJy1oN7cCA9hQMdHB81PfiOQjPGkisaKCUBzabcSTr1c468GSswCZp1ojqPbBbmOAc-HA5N2o4v-PRiSsk8rqPCyvk3Tx1C5P-rcZZtS-X9XnEtl7wRYgTacQNA_R6vbQgylOOxJ8HarI1u7xWxDlYfxiEDjHEEVHbUlHAE_Oz7PhV80Ms7bc3scLORKG3HPGTqjH9of-EooGUB3k-Xpl9M5eB7A7geV_c8XbzZ0NPELo9dLYVByYKVXzHtk2o0tyzXvdmz-r7FqVYwlN_jOrpiFF_4ti0Wf2ZTI07y-WzKQT1tlXe-OSq86OtwCA0elY-weDLV49mb78gg
    User-Agent: Loki/UE5-CL-0 (http-legacy) Windows/10.0.19045.1.256.64bit

#3750 18:42:23.205  GET /party/matchmaking/info
    -> 200  (0s)
    X-Theorycraft-Clientversion: release2.4.live-156430-shipping
    Authorization: Bearer eyJhbGciOiJSUzI1NiIsImtpZCI6InN1cGVydml2ZS1yZXZpdmFsLWtleS0xIiwidHlwIjoiSldUIn0.eyJiYW5zIjpbXSwiY2xpZW50X2lkIjoiYmE4ZmI1OWEzNGJiNDgxYWJjYTA4YzQ2YmE0ODgwMjUiLCJjb3VudHJ5IjoiVVMiLCJkaXNwbGF5X25hbWUiOiJSZXZpdmVyIiwiZXhwIjoxNzg2NzM4NjUwLCJpYXQiOjE3ODY2NTIyNTAsImlzX2NvbXBseSI6dHJ1ZSwiamZsZ3MiOjAsIm5hbWVzcGFjZSI6InN1cGVydml2ZSIsIm5iZiI6MTc4NjY1MjE5MCwicGVybWlzc2lvbnMiOlt7IkFjdGlvbiI6MTUsIlJlc291cmNlIjoiTkFNRVNQQUNFOnN1cGVydml2ZToqIn0seyJBY3Rpb24iOjE1LCJSZXNvdXJjZSI6IkFETUlOOk5BTUVTUEFDRTpzdXBlcnZpdmU6KiJ9XSwicm9sZXMiOltdLCJzY29wZSI6ImNvbW1lcmNlIGFjY291bnQgc29jaWFsIHB1Ymxpc2hpbmcgYW5hbHl0aWNzIiwic3ViIjoiOWI5ZDJjODg3ZTI1MjRmOTE4ZTM4M2E4OTVmMmYxYzIiLCJ1bmlxdWVEaXNwbGF5TmFtZSI6IlJldml2ZXIjMDAwMSIsInVuaXF1ZV9kaXNwbGF5X25hbWUiOiJSZXZpdmVyIzAwMDEifQ.S8me6zCTJy1oN7cCA9hQMdHB81PfiOQjPGkisaKCUBzabcSTr1c468GSswCZp1ojqPbBbmOAc-HA5N2o4v-PRiSsk8rqPCyvk3Tx1C5P-rcZZtS-X9XnEtl7wRYgTacQNA_R6vbQgylOOxJ8HarI1u7xWxDlYfxiEDjHEEVHbUlHAE_Oz7PhV80Ms7bc3scLORKG3HPGTqjH9of-EooGUB3k-Xpl9M5eB7A7geV_c8XbzZ0NPELo9dLYVByYKVXzHtk2o0tyzXvdmz-r7FqVYwlN_jOrpiFF_4ti0Wf2ZTI07y-WzKQT1tlXe-OSq86OtwCA0elY-weDLV49mb78gg
    Accept: */*
    User-Agent: Loki/UE5-CL-0 (http-legacy) Windows/10.0.19045.1.256.64bit

#3751 18:42:23.347  GET /revival/loadout
    -> 200  (0s)
    User-Agent: supervive-loadout-shim

#3752 18:42:23.523  GET /revival/loadout
    -> 200  (0s)
    User-Agent: supervive-loadout-shim

#3753 18:42:23.697  GET /revival/loadout
    -> 200  (0s)
    User-Agent: supervive-loadout-shim

#3754 18:42:23.776  GET /revival/missions/progress
    -> 200  (0s)
    User-Agent: supervive-missions-shim

#3755 18:42:24.022  GET /revival/loadout
    -> 200  (0s)
    User-Agent: supervive-loadout-shim

#3756 18:42:24.197  GET /revival/loadout
    -> 200  (0s)
    User-Agent: supervive-loadout-shim

#3757 18:42:24.371  GET /revival/loadout
    -> 200  (0s)
    User-Agent: supervive-loadout-shim

#3758 18:42:24.547  GET /revival/loadout
    -> 200  (0s)
    User-Agent: supervive-loadout-shim

#3759 18:42:24.722  GET /revival/loadout
    -> 200  (0s)
    User-Agent: supervive-loadout-shim

#3760 18:42:24.897  GET /revival/loadout
    -> 200  (0s)
    User-Agent: supervive-loadout-shim

#3761 18:42:25.071  GET /revival/loadout
    -> 200  (0s)
    User-Agent: supervive-loadout-shim

#3762 18:42:25.247  GET /revival/loadout
    -> 200  (0s)
    User-Agent: supervive-loadout-shim

#3763 18:42:25.421  GET /revival/loadout
    -> 200  (1ms)
    User-Agent: supervive-loadout-shim

#3764 18:42:25.597  GET /revival/loadout
    -> 200  (0s)
    User-Agent: supervive-loadout-shim

#3765 18:42:25.771  GET /revival/loadout
    -> 200  (0s)
    User-Agent: supervive-loadout-shim

#3766 18:42:25.947  GET /revival/loadout
    -> 200  (0s)
    User-Agent: supervive-loadout-shim

#3767 18:42:26.130  GET /revival/loadout
    -> 200  (0s)
    User-Agent: supervive-loadout-shim

#3768 18:42:26.203  GET /configuration/client?language=en
    -> 200  (0s)
    Accept: */*
    Authorization: Bearer eyJhbGciOiJSUzI1NiIsImtpZCI6InN1cGVydml2ZS1yZXZpdmFsLWtleS0xIiwidHlwIjoiSldUIn0.eyJiYW5zIjpbXSwiY2xpZW50X2lkIjoiYmE4ZmI1OWEzNGJiNDgxYWJjYTA4YzQ2YmE0ODgwMjUiLCJjb3VudHJ5IjoiVVMiLCJkaXNwbGF5X25hbWUiOiJSZXZpdmVyIiwiZXhwIjoxNzg2NzM4NjUwLCJpYXQiOjE3ODY2NTIyNTAsImlzX2NvbXBseSI6dHJ1ZSwiamZsZ3MiOjAsIm5hbWVzcGFjZSI6InN1cGVydml2ZSIsIm5iZiI6MTc4NjY1MjE5MCwicGVybWlzc2lvbnMiOlt7IkFjdGlvbiI6MTUsIlJlc291cmNlIjoiTkFNRVNQQUNFOnN1cGVydml2ZToqIn0seyJBY3Rpb24iOjE1LCJSZXNvdXJjZSI6IkFETUlOOk5BTUVTUEFDRTpzdXBlcnZpdmU6KiJ9XSwicm9sZXMiOltdLCJzY29wZSI6ImNvbW1lcmNlIGFjY291bnQgc29jaWFsIHB1Ymxpc2hpbmcgYW5hbHl0aWNzIiwic3ViIjoiOWI5ZDJjODg3ZTI1MjRmOTE4ZTM4M2E4OTVmMmYxYzIiLCJ1bmlxdWVEaXNwbGF5TmFtZSI6IlJldml2ZXIjMDAwMSIsInVuaXF1ZV9kaXNwbGF5X25hbWUiOiJSZXZpdmVyIzAwMDEifQ.S8me6zCTJy1oN7cCA9hQMdHB81PfiOQjPGkisaKCUBzabcSTr1c468GSswCZp1ojqPbBbmOAc-HA5N2o4v-PRiSsk8rqPCyvk3Tx1C5P-rcZZtS-X9XnEtl7wRYgTacQNA_R6vbQgylOOxJ8HarI1u7xWxDlYfxiEDjHEEVHbUlHAE_Oz7PhV80Ms7bc3scLORKG3HPGTqjH9of-EooGUB3k-Xpl9M5eB7A7geV_c8XbzZ0NPELo9dLYVByYKVXzHtk2o0tyzXvdmz-r7FqVYwlN_jOrpiFF_4ti0Wf2ZTI07y-WzKQT1tlXe-OSq86OtwCA0elY-weDLV49mb78gg
    X-Theorycraft-Clientversion: release2.4.live-156430-shipping
    User-Agent: Loki/UE5-CL-0 (http-legacy) Windows/10.0.19045.1.256.64bit

#3769 18:42:26.305  GET /content-service/manifest/release2.4.live-156430-shipping?nonEnabledOnly=true
    -> 200  (0s)
    Accept: */*
    X-Theorycraft-Clientversion: release2.4.live-156430-shipping
    Authorization: Bearer eyJhbGciOiJSUzI1NiIsImtpZCI6InN1cGVydml2ZS1yZXZpdmFsLWtleS0xIiwidHlwIjoiSldUIn0.eyJiYW5zIjpbXSwiY2xpZW50X2lkIjoiYmE4ZmI1OWEzNGJiNDgxYWJjYTA4YzQ2YmE0ODgwMjUiLCJjb3VudHJ5IjoiVVMiLCJkaXNwbGF5X25hbWUiOiJSZXZpdmVyIiwiZXhwIjoxNzg2NzM4NjUwLCJpYXQiOjE3ODY2NTIyNTAsImlzX2NvbXBseSI6dHJ1ZSwiamZsZ3MiOjAsIm5hbWVzcGFjZSI6InN1cGVydml2ZSIsIm5iZiI6MTc4NjY1MjE5MCwicGVybWlzc2lvbnMiOlt7IkFjdGlvbiI6MTUsIlJlc291cmNlIjoiTkFNRVNQQUNFOnN1cGVydml2ZToqIn0seyJBY3Rpb24iOjE1LCJSZXNvdXJjZSI6IkFETUlOOk5BTUVTUEFDRTpzdXBlcnZpdmU6KiJ9XSwicm9sZXMiOltdLCJzY29wZSI6ImNvbW1lcmNlIGFjY291bnQgc29jaWFsIHB1Ymxpc2hpbmcgYW5hbHl0aWNzIiwic3ViIjoiOWI5ZDJjODg3ZTI1MjRmOTE4ZTM4M2E4OTVmMmYxYzIiLCJ1bmlxdWVEaXNwbGF5TmFtZSI6IlJldml2ZXIjMDAwMSIsInVuaXF1ZV9kaXNwbGF5X25hbWUiOiJSZXZpdmVyIzAwMDEifQ.S8me6zCTJy1oN7cCA9hQMdHB81PfiOQjPGkisaKCUBzabcSTr1c468GSswCZp1ojqPbBbmOAc-HA5N2o4v-PRiSsk8rqPCyvk3Tx1C5P-rcZZtS-X9XnEtl7wRYgTacQNA_R6vbQgylOOxJ8HarI1u7xWxDlYfxiEDjHEEVHbUlHAE_Oz7PhV80Ms7bc3scLORKG3HPGTqjH9of-EooGUB3k-Xpl9M5eB7A7geV_c8XbzZ0NPELo9dLYVByYKVXzHtk2o0tyzXvdmz-r7FqVYwlN_jOrpiFF_4ti0Wf2ZTI07y-WzKQT1tlXe-OSq86OtwCA0elY-weDLV49mb78gg
    User-Agent: Loki/UE5-CL-0 (http-legacy) Windows/10.0.19045.1.256.64bit

#3770 18:42:26.313  GET /revival/loadout
    -> 200  (0s)
    User-Agent: supervive-loadout-shim

#3771 18:42:26.512  GET /revival/loadout
    -> 200  (1ms)
    User-Agent: supervive-loadout-shim

#3772 18:42:26.688  GET /revival/loadout
    -> 200  (0s)
    User-Agent: supervive-loadout-shim

#3773 18:42:26.863  GET /revival/loadout
    -> 200  (0s)
    User-Agent: supervive-loadout-shim

#3774 18:42:27.038  GET /revival/loadout
    -> 200  (0s)
    User-Agent: supervive-loadout-shim

#3775 18:42:27.213  GET /revival/loadout
    -> 200  (0s)
    User-Agent: supervive-loadout-shim

#3776 18:42:27.387  GET /revival/loadout
    -> 200  (0s)
    User-Agent: supervive-loadout-shim

#3777 18:42:27.532  POST /game-telemetry/v1/protected/events
    -> 200  (0s)
    Content-Type: application/json
    Accept: application/json
    Authorization: Bearer eyJhbGciOiJSUzI1NiIsImtpZCI6InN1cGVydml2ZS1yZXZpdmFsLWtleS0xIiwidHlwIjoiSldUIn0.eyJiYW5zIjpbXSwiY2xpZW50X2lkIjoiYmE4ZmI1OWEzNGJiNDgxYWJjYTA4YzQ2YmE0ODgwMjUiLCJjb3VudHJ5IjoiVVMiLCJkaXNwbGF5X25hbWUiOiJSZXZpdmVyIiwiZXhwIjoxNzg2NzM4NjUwLCJpYXQiOjE3ODY2NTIyNTAsImlzX2NvbXBseSI6dHJ1ZSwiamZsZ3MiOjAsIm5hbWVzcGFjZSI6InN1cGVydml2ZSIsIm5iZiI6MTc4NjY1MjE5MCwicGVybWlzc2lvbnMiOlt7IkFjdGlvbiI6MTUsIlJlc291cmNlIjoiTkFNRVNQQUNFOnN1cGVydml2ZToqIn0seyJBY3Rpb24iOjE1LCJSZXNvdXJjZSI6IkFETUlOOk5BTUVTUEFDRTpzdXBlcnZpdmU6KiJ9XSwicm9sZXMiOltdLCJzY29wZSI6ImNvbW1lcmNlIGFjY291bnQgc29jaWFsIHB1Ymxpc2hpbmcgYW5hbHl0aWNzIiwic3ViIjoiOWI5ZDJjODg3ZTI1MjRmOTE4ZTM4M2E4OTVmMmYxYzIiLCJ1bmlxdWVEaXNwbGF5TmFtZSI6IlJldml2ZXIjMDAwMSIsInVuaXF1ZV9kaXNwbGF5X25hbWUiOiJSZXZpdmVyIzAwMDEifQ.S8me6zCTJy1oN7cCA9hQMdHB81PfiOQjPGkisaKCUBzabcSTr1c468GSswCZp1ojqPbBbmOAc-HA5N2o4v-PRiSsk8rqPCyvk3Tx1C5P-rcZZtS-X9XnEtl7wRYgTacQNA_R6vbQgylOOxJ8HarI1u7xWxDlYfxiEDjHEEVHbUlHAE_Oz7PhV80Ms7bc3scLORKG3HPGTqjH9of-EooGUB3k-Xpl9M5eB7A7geV_c8XbzZ0NPELo9dLYVByYKVXzHtk2o0tyzXvdmz-r7FqVYwlN_jOrpiFF_4ti0Wf2ZTI07y-WzKQT1tlXe-OSq86OtwCA0elY-weDLV49mb78gg
    Game-Client-Version: 1.0.0.0
    User-Agent: Loki/UE5-CL-0 (http-legacy) Windows/10.0.19045.1.256.64bit
    body: [
	{
		"EventNamespace": "loki",
		"EventName": "client_network_samples_snapshot",
		"Payload":
		{
			"sessionId": "567f77cd4269be09df02edb258c46222",
			"PlayerId": "9b9d2c887e2524f918e383a895f2f1c2",
			"timestamp": "2026-08-13T23:41:38.939Z",
			"inAveragePacketLoss": 0,
			"outAveragePacketLoss": 0,
			"HardwareId": "c1795a173f53c6f72e8b0125f11309c6"
		},
		"ClientTimestamp": "2026-08-13T23:42:26.577Z",
		"flightId": "34fe5245425ef9d90b4cd3a77b270727",
		"DeviceType": "Windows"
	}
]

#3778 18:42:27.562  GET /revival/loadout
    -> 200  (0s)
    User-Agent: supervive-loadout-shim

#3779 18:42:27.754  GET /revival/loadout
    -> 200  (0s)
    User-Agent: supervive-loadout-shim

#3780 18:42:27.928  GET /revival/loadout
    -> 200  (0s)
    User-Agent: supervive-loadout-shim

#3781 18:42:28.104  GET /revival/loadout
    -> 200  (0s)
    User-Agent: supervive-loadout-shim

* 18:42:28.266  WS -> /notifications/players/9b9d2c887e2524f918e383a895f2f1c2 BINARY hb (proactive 30s keepalive)

#3782 18:42:28.278  GET /revival/loadout
    -> 200  (0s)
    User-Agent: supervive-loadout-shim

#3783 18:42:28.479  GET /revival/loadout
    -> 200  (0s)
    User-Agent: supervive-loadout-shim

#3784 18:42:28.654  GET /revival/loadout
    -> 200  (0s)
    User-Agent: supervive-loadout-shim

#3785 18:42:28.829  GET /revival/loadout
    -> 200  (0s)
    User-Agent: supervive-loadout-shim

#3786 18:42:29.004  GET /revival/loadout
    -> 200  (0s)
    User-Agent: supervive-loadout-shim

#3787 18:42:29.178  GET /revival/loadout
    -> 200  (0s)
    User-Agent: supervive-loadout-shim

#3788 18:42:29.353  GET /revival/loadout
    -> 200  (0s)
    User-Agent: supervive-loadout-shim

#3789 18:42:29.529  GET /revival/loadout
    -> 200  (0s)
    User-Agent: supervive-loadout-shim

#3790 18:42:29.704  GET /revival/loadout
    -> 200  (0s)
    User-Agent: supervive-loadout-shim

#3791 18:42:29.879  GET /revival/loadout
    -> 200  (0s)
    User-Agent: supervive-loadout-shim

#3792 18:42:30.052  GET /revival/loadout
    -> 200  (0s)
    User-Agent: supervive-loadout-shim

#3793 18:42:30.228  GET /revival/loadout
    -> 200  (0s)
    User-Agent: supervive-loadout-shim

#3794 18:42:30.401  GET /revival/loadout
    -> 200  (0s)
    User-Agent: supervive-loadout-shim

#3795 18:42:30.619  GET /revival/loadout
    -> 200  (0s)
    User-Agent: supervive-loadout-shim

#3796 18:42:30.802  GET /revival/loadout
    -> 200  (0s)
    User-Agent: supervive-loadout-shim

#3797 18:42:30.977  GET /revival/loadout
    -> 200  (0s)
    User-Agent: supervive-loadout-shim

#3798 18:42:31.151  GET /revival/loadout
    -> 200  (0s)
    User-Agent: supervive-loadout-shim

#3799 18:42:31.328  GET /revival/loadout
    -> 200  (0s)
    User-Agent: supervive-loadout-shim

#3800 18:42:31.503  GET /revival/loadout
    -> 200  (0s)
    User-Agent: supervive-loadout-shim

#3801 18:42:31.678  GET /revival/loadout
    -> 200  (0s)
    User-Agent: supervive-loadout-shim

#3802 18:42:31.853  GET /revival/loadout
    -> 200  (0s)
    User-Agent: supervive-loadout-shim

#3803 18:42:32.035  GET /revival/loadout
    -> 200  (0s)
    User-Agent: supervive-loadout-shim

#3804 18:42:32.211  GET /revival/loadout
    -> 200  (1ms)
    User-Agent: supervive-loadout-shim

#3805 18:42:32.386  GET /revival/loadout
    -> 200  (0s)
    User-Agent: supervive-loadout-shim

#3806 18:42:32.561  GET /revival/loadout
    -> 200  (0s)
    User-Agent: supervive-loadout-shim

#3807 18:42:32.736  GET /revival/loadout
    -> 200  (0s)
    User-Agent: supervive-loadout-shim

#3808 18:42:32.934  GET /revival/loadout
    -> 200  (0s)
    User-Agent: supervive-loadout-shim

#3809 18:42:33.112  GET /revival/loadout
    -> 200  (1ms)
    User-Agent: supervive-loadout-shim

#3810 18:42:33.286  GET /revival/loadout
    -> 200  (0s)
    User-Agent: supervive-loadout-shim

#3811 18:42:33.460  GET /revival/loadout
    -> 200  (0s)
    User-Agent: supervive-loadout-shim

#3812 18:42:33.644  GET /revival/loadout
    -> 200  (0s)
    User-Agent: supervive-loadout-shim

#3813 18:42:33.819  GET /revival/loadout
    -> 200  (0s)
    User-Agent: supervive-loadout-shim

#3814 18:42:33.994  GET /revival/loadout
    -> 200  (0s)
    User-Agent: supervive-loadout-shim

#3815 18:42:34.169  GET /revival/loadout
    -> 200  (0s)
    User-Agent: supervive-loadout-shim

#3816 18:42:34.344  GET /revival/loadout
    -> 200  (0s)
    User-Agent: supervive-loadout-shim

#3817 18:42:34.515  GET /revival/loadout
    -> 200  (0s)
    User-Agent: supervive-loadout-shim

#3818 18:42:34.694  GET /revival/loadout
    -> 200  (0s)
    User-Agent: supervive-loadout-shim

#3819 18:42:34.868  GET /revival/loadout
    -> 200  (0s)
    User-Agent: supervive-loadout-shim

#3820 18:42:35.043  GET /revival/loadout
    -> 200  (0s)
    User-Agent: supervive-loadout-shim

#3821 18:42:35.218  GET /revival/loadout
    -> 200  (0s)
    User-Agent: supervive-loadout-shim

#3822 18:42:35.393  GET /revival/loadout
    -> 200  (0s)
    User-Agent: supervive-loadout-shim

#3823 18:42:35.577  GET /revival/loadout
    -> 200  (0s)
    User-Agent: supervive-loadout-shim

#3824 18:42:35.751  GET /revival/loadout
    -> 200  (0s)
    User-Agent: supervive-loadout-shim

#3825 18:42:35.926  GET /revival/loadout
    -> 200  (0s)
    User-Agent: supervive-loadout-shim

#3826 18:42:36.101  GET /revival/loadout
    -> 200  (0s)
    User-Agent: supervive-loadout-shim

#3827 18:42:36.276  GET /revival/loadout
    -> 200  (0s)
    User-Agent: supervive-loadout-shim

#3828 18:42:36.451  GET /revival/loadout
    -> 200  (0s)
    User-Agent: supervive-loadout-shim

#3829 18:42:36.486  GET /party/players/9b9d2c887e2524f918e383a895f2f1c2/voice
    -> 200  (0s)
    Accept: */*
    X-Theorycraft-Clientversion: release2.4.live-156430-shipping
    Authorization: Bearer eyJhbGciOiJSUzI1NiIsImtpZCI6InN1cGVydml2ZS1yZXZpdmFsLWtleS0xIiwidHlwIjoiSldUIn0.eyJiYW5zIjpbXSwiY2xpZW50X2lkIjoiYmE4ZmI1OWEzNGJiNDgxYWJjYTA4YzQ2YmE0ODgwMjUiLCJjb3VudHJ5IjoiVVMiLCJkaXNwbGF5X25hbWUiOiJSZXZpdmVyIiwiZXhwIjoxNzg2NzM4NjUwLCJpYXQiOjE3ODY2NTIyNTAsImlzX2NvbXBseSI6dHJ1ZSwiamZsZ3MiOjAsIm5hbWVzcGFjZSI6InN1cGVydml2ZSIsIm5iZiI6MTc4NjY1MjE5MCwicGVybWlzc2lvbnMiOlt7IkFjdGlvbiI6MTUsIlJlc291cmNlIjoiTkFNRVNQQUNFOnN1cGVydml2ZToqIn0seyJBY3Rpb24iOjE1LCJSZXNvdXJjZSI6IkFETUlOOk5BTUVTUEFDRTpzdXBlcnZpdmU6KiJ9XSwicm9sZXMiOltdLCJzY29wZSI6ImNvbW1lcmNlIGFjY291bnQgc29jaWFsIHB1Ymxpc2hpbmcgYW5hbHl0aWNzIiwic3ViIjoiOWI5ZDJjODg3ZTI1MjRmOTE4ZTM4M2E4OTVmMmYxYzIiLCJ1bmlxdWVEaXNwbGF5TmFtZSI6IlJldml2ZXIjMDAwMSIsInVuaXF1ZV9kaXNwbGF5X25hbWUiOiJSZXZpdmVyIzAwMDEifQ.S8me6zCTJy1oN7cCA9hQMdHB81PfiOQjPGkisaKCUBzabcSTr1c468GSswCZp1ojqPbBbmOAc-HA5N2o4v-PRiSsk8rqPCyvk3Tx1C5P-rcZZtS-X9XnEtl7wRYgTacQNA_R6vbQgylOOxJ8HarI1u7xWxDlYfxiEDjHEEVHbUlHAE_Oz7PhV80Ms7bc3scLORKG3HPGTqjH9of-EooGUB3k-Xpl9M5eB7A7geV_c8XbzZ0NPELo9dLYVByYKVXzHtk2o0tyzXvdmz-r7FqVYwlN_jOrpiFF_4ti0Wf2ZTI07y-WzKQT1tlXe-OSq86OtwCA0elY-weDLV49mb78gg
    User-Agent: Loki/UE5-CL-0 (http-legacy) Windows/10.0.19045.1.256.64bit

#3830 18:42:36.626  GET /revival/loadout
    -> 200  (0s)
    User-Agent: supervive-loadout-shim

#3831 18:42:36.801  GET /revival/loadout
    -> 200  (0s)
    User-Agent: supervive-loadout-shim

#3832 18:42:36.976  GET /revival/loadout
    -> 200  (0s)
    User-Agent: supervive-loadout-shim

#3833 18:42:37.150  GET /revival/loadout
    -> 200  (0s)
    User-Agent: supervive-loadout-shim

#3834 18:42:37.326  GET /revival/loadout
    -> 200  (0s)
    User-Agent: supervive-loadout-shim

#3835 18:42:37.501  GET /revival/loadout
    -> 200  (0s)
    User-Agent: supervive-loadout-shim

#3836 18:42:37.684  GET /revival/loadout
    -> 200  (0s)
    User-Agent: supervive-loadout-shim

#3837 18:42:37.859  GET /revival/loadout
    -> 200  (0s)
    User-Agent: supervive-loadout-shim

#3838 18:42:38.034  GET /revival/loadout
    -> 200  (0s)
    User-Agent: supervive-loadout-shim

#3839 18:42:38.209  GET /revival/loadout
    -> 200  (0s)
    User-Agent: supervive-loadout-shim

#3840 18:42:38.384  GET /revival/loadout
    -> 200  (0s)
    User-Agent: supervive-loadout-shim

#3841 18:42:38.559  GET /revival/loadout
    -> 200  (0s)
    User-Agent: supervive-loadout-shim

#3842 18:42:38.734  GET /revival/loadout
    -> 200  (0s)
    User-Agent: supervive-loadout-shim

#3843 18:42:38.909  GET /revival/loadout
    -> 200  (0s)
    User-Agent: supervive-loadout-shim

#3844 18:42:39.084  GET /revival/loadout
    -> 200  (0s)
    User-Agent: supervive-loadout-shim

#3845 18:42:39.258  GET /revival/loadout
    -> 200  (0s)
    User-Agent: supervive-loadout-shim

#3846 18:42:39.435  GET /revival/loadout
    -> 200  (0s)
    User-Agent: supervive-loadout-shim

#3847 18:42:39.609  GET /revival/loadout
    -> 200  (0s)
    User-Agent: supervive-loadout-shim

#3848 18:42:39.783  GET /revival/loadout
    -> 200  (0s)
    User-Agent: supervive-loadout-shim

#3849 18:42:39.958  GET /revival/loadout
    -> 200  (0s)
    User-Agent: supervive-loadout-shim

#3850 18:42:40.133  GET /revival/loadout
    -> 200  (0s)
    User-Agent: supervive-loadout-shim

#3851 18:42:40.308  GET /revival/loadout
    -> 200  (0s)
    User-Agent: supervive-loadout-shim

#3852 18:42:40.483  GET /revival/loadout
    -> 200  (0s)
    User-Agent: supervive-loadout-shim

#3853 18:42:40.658  GET /revival/loadout
    -> 200  (0s)
    User-Agent: supervive-loadout-shim

#3854 18:42:40.833  GET /revival/loadout
    -> 200  (0s)
    User-Agent: supervive-loadout-shim

#3855 18:42:41.008  GET /revival/loadout
    -> 200  (0s)
    User-Agent: supervive-loadout-shim

#3856 18:42:41.182  GET /revival/loadout
    -> 200  (0s)
    User-Agent: supervive-loadout-shim

#3857 18:42:41.358  GET /revival/loadout
    -> 200  (0s)
    User-Agent: supervive-loadout-shim

#3858 18:42:41.582  GET /revival/loadout
    -> 200  (0s)
    User-Agent: supervive-loadout-shim

#3859 18:42:41.765  GET /revival/loadout
    -> 200  (0s)
    User-Agent: supervive-loadout-shim

#3860 18:42:41.941  GET /revival/loadout
    -> 200  (0s)
    User-Agent: supervive-loadout-shim

#3861 18:42:42.124  GET /revival/loadout
    -> 200  (0s)
    User-Agent: supervive-loadout-shim

#3862 18:42:42.307  GET /revival/loadout
    -> 200  (0s)
    User-Agent: supervive-loadout-shim

#3863 18:42:42.482  GET /revival/loadout
    -> 200  (0s)
    User-Agent: supervive-loadout-shim

#3864 18:42:42.657  GET /revival/loadout
    -> 200  (0s)
    User-Agent: supervive-loadout-shim

#3865 18:42:42.832  GET /revival/loadout
    -> 200  (0s)
    User-Agent: supervive-loadout-shim

#3866 18:42:43.007  GET /revival/loadout
    -> 200  (0s)
    User-Agent: supervive-loadout-shim

#3867 18:42:43.182  GET /revival/loadout
    -> 200  (0s)
    User-Agent: supervive-loadout-shim

#3868 18:42:43.357  GET /revival/loadout
    -> 200  (0s)
    User-Agent: supervive-loadout-shim

#3869 18:42:43.531  GET /revival/loadout
    -> 200  (1ms)
    User-Agent: supervive-loadout-shim

#3870 18:42:43.706  GET /revival/loadout
    -> 200  (0s)
    User-Agent: supervive-loadout-shim

#3871 18:42:43.882  GET /revival/loadout
    -> 200  (0s)
    User-Agent: supervive-loadout-shim

#3872 18:42:44.057  GET /revival/loadout
    -> 200  (0s)
    User-Agent: supervive-loadout-shim

#3873 18:42:44.232  GET /revival/loadout
    -> 200  (0s)
    User-Agent: supervive-loadout-shim

#3874 18:42:44.406  GET /revival/loadout
    -> 200  (0s)
    User-Agent: supervive-loadout-shim

#3875 18:42:44.582  GET /revival/loadout
    -> 200  (0s)
    User-Agent: supervive-loadout-shim

#3876 18:42:44.757  GET /revival/loadout
    -> 200  (0s)
    User-Agent: supervive-loadout-shim

#3877 18:42:44.942  GET /revival/loadout
    -> 200  (0s)
    User-Agent: supervive-loadout-shim

#3878 18:42:45.115  GET /revival/loadout
    -> 200  (0s)
    User-Agent: supervive-loadout-shim

#3879 18:42:45.295  GET /revival/loadout
    -> 200  (0s)
    User-Agent: supervive-loadout-shim

#3880 18:42:45.475  GET /revival/loadout
    -> 200  (0s)
    User-Agent: supervive-loadout-shim

#3881 18:42:45.664  GET /revival/loadout
    -> 200  (0s)
    User-Agent: supervive-loadout-shim

#3882 18:42:45.840  GET /revival/loadout
    -> 200  (0s)
    User-Agent: supervive-loadout-shim

#3883 18:42:46.014  GET /revival/loadout
    -> 200  (0s)
    User-Agent: supervive-loadout-shim

#3884 18:42:46.189  GET /revival/loadout
    -> 200  (0s)
    User-Agent: supervive-loadout-shim

#3885 18:42:46.364  GET /revival/loadout
    -> 200  (0s)
    User-Agent: supervive-loadout-shim

#3886 18:42:46.542  GET /revival/loadout
    -> 200  (0s)
    User-Agent: supervive-loadout-shim

#3887 18:42:46.715  GET /revival/loadout
    -> 200  (0s)
    User-Agent: supervive-loadout-shim

#3888 18:42:46.891  GET /revival/loadout
    -> 200  (0s)
    User-Agent: supervive-loadout-shim

#3889 18:42:47.066  GET /revival/loadout
    -> 200  (1ms)
    User-Agent: supervive-loadout-shim

#3890 18:42:47.242  GET /revival/loadout
    -> 200  (0s)
    User-Agent: supervive-loadout-shim

#3891 18:42:47.415  GET /revival/loadout
    -> 200  (0s)
    User-Agent: supervive-loadout-shim

#3892 18:42:47.589  GET /revival/loadout
    -> 200  (0s)
    User-Agent: supervive-loadout-shim

#3893 18:42:47.764  GET /revival/loadout
    -> 200  (0s)
    User-Agent: supervive-loadout-shim

#3894 18:42:47.938  GET /revival/loadout
    -> 200  (0s)
    User-Agent: supervive-loadout-shim

#3895 18:42:48.114  GET /revival/loadout
    -> 200  (0s)
    User-Agent: supervive-loadout-shim

#3896 18:42:48.293  GET /revival/loadout
    -> 200  (0s)
    User-Agent: supervive-loadout-shim

#3897 18:42:48.472  GET /revival/loadout
    -> 200  (0s)
    User-Agent: supervive-loadout-shim

#3898 18:42:48.663  GET /revival/loadout
    -> 200  (0s)
    User-Agent: supervive-loadout-shim

#3899 18:42:48.841  GET /revival/loadout
    -> 200  (0s)
    User-Agent: supervive-loadout-shim

#3900 18:42:49.022  GET /revival/loadout
    -> 200  (0s)
    User-Agent: supervive-loadout-shim

#3901 18:42:49.206  GET /revival/loadout
    -> 200  (0s)
    User-Agent: supervive-loadout-shim

#3902 18:42:49.380  GET /revival/loadout
    -> 200  (0s)
    User-Agent: supervive-loadout-shim

#3903 18:42:49.555  GET /revival/loadout
    -> 200  (0s)
    User-Agent: supervive-loadout-shim

#3904 18:42:49.729  GET /revival/loadout
    -> 200  (0s)
    User-Agent: supervive-loadout-shim

#3905 18:42:49.905  GET /revival/loadout
    -> 200  (0s)
    User-Agent: supervive-loadout-shim

#3906 18:42:50.079  GET /revival/loadout
    -> 200  (0s)
    User-Agent: supervive-loadout-shim

#3907 18:42:50.255  GET /revival/loadout
    -> 200  (0s)
    User-Agent: supervive-loadout-shim

#3908 18:42:50.431  GET /revival/loadout
    -> 200  (0s)
    User-Agent: supervive-loadout-shim

#3909 18:42:50.617  GET /revival/loadout
    -> 200  (0s)
    User-Agent: supervive-loadout-shim

#3910 18:42:50.789  GET /revival/loadout
    -> 200  (0s)
    User-Agent: supervive-loadout-shim

#3911 18:42:50.969  GET /revival/loadout
    -> 200  (0s)
    User-Agent: supervive-loadout-shim

#3912 18:42:51.198  GET /revival/loadout
    -> 200  (0s)
    User-Agent: supervive-loadout-shim

* 18:42:51.376  WS <- /lobby TEXT ""

#3913 18:42:51.458  GET /revival/loadout
    -> 200  (0s)
    User-Agent: supervive-loadout-shim

#3914 18:42:51.637  GET /revival/loadout
    -> 200  (0s)
    User-Agent: supervive-loadout-shim

#3915 18:42:51.812  GET /revival/loadout
    -> 200  (0s)
    User-Agent: supervive-loadout-shim

#3916 18:42:51.988  GET /revival/loadout
    -> 200  (0s)
    User-Agent: supervive-loadout-shim

#3917 18:42:52.163  GET /revival/loadout
    -> 200  (0s)
    User-Agent: supervive-loadout-shim

#3918 18:42:52.337  GET /revival/loadout
    -> 200  (0s)
    User-Agent: supervive-loadout-shim

#3919 18:42:52.512  GET /revival/loadout
    -> 200  (0s)
    User-Agent: supervive-loadout-shim

#3920 18:42:52.687  GET /revival/loadout
    -> 200  (0s)
    User-Agent: supervive-loadout-shim

#3921 18:42:52.903  GET /revival/loadout
    -> 200  (0s)
    User-Agent: supervive-loadout-shim

#3922 18:42:53.087  GET /revival/loadout
    -> 200  (0s)
    User-Agent: supervive-loadout-shim

* 18:42:53.184  WS <- /notifications/players/9b9d2c887e2524f918e383a895f2f1c2 BINARY (2 bytes) 6862

#3923 18:42:53.205  GET /party/matchmaking/info
    -> 200  (1ms)
    Authorization: Bearer eyJhbGciOiJSUzI1NiIsImtpZCI6InN1cGVydml2ZS1yZXZpdmFsLWtleS0xIiwidHlwIjoiSldUIn0.eyJiYW5zIjpbXSwiY2xpZW50X2lkIjoiYmE4ZmI1OWEzNGJiNDgxYWJjYTA4YzQ2YmE0ODgwMjUiLCJjb3VudHJ5IjoiVVMiLCJkaXNwbGF5X25hbWUiOiJSZXZpdmVyIiwiZXhwIjoxNzg2NzM4NjUwLCJpYXQiOjE3ODY2NTIyNTAsImlzX2NvbXBseSI6dHJ1ZSwiamZsZ3MiOjAsIm5hbWVzcGFjZSI6InN1cGVydml2ZSIsIm5iZiI6MTc4NjY1MjE5MCwicGVybWlzc2lvbnMiOlt7IkFjdGlvbiI6MTUsIlJlc291cmNlIjoiTkFNRVNQQUNFOnN1cGVydml2ZToqIn0seyJBY3Rpb24iOjE1LCJSZXNvdXJjZSI6IkFETUlOOk5BTUVTUEFDRTpzdXBlcnZpdmU6KiJ9XSwicm9sZXMiOltdLCJzY29wZSI6ImNvbW1lcmNlIGFjY291bnQgc29jaWFsIHB1Ymxpc2hpbmcgYW5hbHl0aWNzIiwic3ViIjoiOWI5ZDJjODg3ZTI1MjRmOTE4ZTM4M2E4OTVmMmYxYzIiLCJ1bmlxdWVEaXNwbGF5TmFtZSI6IlJldml2ZXIjMDAwMSIsInVuaXF1ZV9kaXNwbGF5X25hbWUiOiJSZXZpdmVyIzAwMDEifQ.S8me6zCTJy1oN7cCA9hQMdHB81PfiOQjPGkisaKCUBzabcSTr1c468GSswCZp1ojqPbBbmOAc-HA5N2o4v-PRiSsk8rqPCyvk3Tx1C5P-rcZZtS-X9XnEtl7wRYgTacQNA_R6vbQgylOOxJ8HarI1u7xWxDlYfxiEDjHEEVHbUlHAE_Oz7PhV80Ms7bc3scLORKG3HPGTqjH9of-EooGUB3k-Xpl9M5eB7A7geV_c8XbzZ0NPELo9dLYVByYKVXzHtk2o0tyzXvdmz-r7FqVYwlN_jOrpiFF_4ti0Wf2ZTI07y-WzKQT1tlXe-OSq86OtwCA0elY-weDLV49mb78gg
    Accept: */*
    X-Theorycraft-Clientversion: release2.4.live-156430-shipping
    User-Agent: Loki/UE5-CL-0 (http-legacy) Windows/10.0.19045.1.256.64bit

#3924 18:42:53.205  GET /core-game/regions
    -> 200  (0s)
    Authorization: Bearer eyJhbGciOiJSUzI1NiIsImtpZCI6InN1cGVydml2ZS1yZXZpdmFsLWtleS0xIiwidHlwIjoiSldUIn0.eyJiYW5zIjpbXSwiY2xpZW50X2lkIjoiYmE4ZmI1OWEzNGJiNDgxYWJjYTA4YzQ2YmE0ODgwMjUiLCJjb3VudHJ5IjoiVVMiLCJkaXNwbGF5X25hbWUiOiJSZXZpdmVyIiwiZXhwIjoxNzg2NzM4NjUwLCJpYXQiOjE3ODY2NTIyNTAsImlzX2NvbXBseSI6dHJ1ZSwiamZsZ3MiOjAsIm5hbWVzcGFjZSI6InN1cGVydml2ZSIsIm5iZiI6MTc4NjY1MjE5MCwicGVybWlzc2lvbnMiOlt7IkFjdGlvbiI6MTUsIlJlc291cmNlIjoiTkFNRVNQQUNFOnN1cGVydml2ZToqIn0seyJBY3Rpb24iOjE1LCJSZXNvdXJjZSI6IkFETUlOOk5BTUVTUEFDRTpzdXBlcnZpdmU6KiJ9XSwicm9sZXMiOltdLCJzY29wZSI6ImNvbW1lcmNlIGFjY291bnQgc29jaWFsIHB1Ymxpc2hpbmcgYW5hbHl0aWNzIiwic3ViIjoiOWI5ZDJjODg3ZTI1MjRmOTE4ZTM4M2E4OTVmMmYxYzIiLCJ1bmlxdWVEaXNwbGF5TmFtZSI6IlJldml2ZXIjMDAwMSIsInVuaXF1ZV9kaXNwbGF5X25hbWUiOiJSZXZpdmVyIzAwMDEifQ.S8me6zCTJy1oN7cCA9hQMdHB81PfiOQjPGkisaKCUBzabcSTr1c468GSswCZp1ojqPbBbmOAc-HA5N2o4v-PRiSsk8rqPCyvk3Tx1C5P-rcZZtS-X9XnEtl7wRYgTacQNA_R6vbQgylOOxJ8HarI1u7xWxDlYfxiEDjHEEVHbUlHAE_Oz7PhV80Ms7bc3scLORKG3HPGTqjH9of-EooGUB3k-Xpl9M5eB7A7geV_c8XbzZ0NPELo9dLYVByYKVXzHtk2o0tyzXvdmz-r7FqVYwlN_jOrpiFF_4ti0Wf2ZTI07y-WzKQT1tlXe-OSq86OtwCA0elY-weDLV49mb78gg
    User-Agent: Loki/UE5-CL-0 (http-legacy) Windows/10.0.19045.1.256.64bit
    Accept: */*
    X-Theorycraft-Clientversion: release2.4.live-156430-shipping

* 18:42:53.209  WS -> /notifications/players/9b9d2c887e2524f918e383a895f2f1c2 TEXT hb reply {"Resource":"hb","Version":0,"Payload":""}

#3925 18:42:53.262  GET /revival/loadout
    -> 200  (1ms)
    User-Agent: supervive-loadout-shim

#3926 18:42:53.505  GET /revival/loadout
    -> 200  (0s)
    User-Agent: supervive-loadout-shim

#3927 18:42:53.686  GET /revival/loadout
    -> 200  (0s)
    User-Agent: supervive-loadout-shim

#3928 18:42:53.863  GET /revival/loadout
    -> 200  (1ms)
    User-Agent: supervive-loadout-shim

#3929 18:42:53.874  GET /revival/missions/progress
    -> 200  (0s)
    User-Agent: supervive-missions-shim

#3930 18:42:54.036  GET /revival/loadout
    -> 200  (0s)
    User-Agent: supervive-loadout-shim

#3931 18:42:54.211  GET /revival/loadout
    -> 200  (0s)
    User-Agent: supervive-loadout-shim

#3932 18:42:54.385  GET /revival/loadout
    -> 200  (0s)
    User-Agent: supervive-loadout-shim

#3933 18:42:54.561  GET /revival/loadout
    -> 200  (0s)
    User-Agent: supervive-loadout-shim

#3934 18:42:54.735  GET /revival/loadout
    -> 200  (0s)
    User-Agent: supervive-loadout-shim

#3935 18:42:54.910  GET /revival/loadout
    -> 200  (0s)
    User-Agent: supervive-loadout-shim

#3936 18:42:55.086  GET /revival/loadout
    -> 200  (0s)
    User-Agent: supervive-loadout-shim

#3937 18:42:55.260  GET /revival/loadout
    -> 200  (0s)
    User-Agent: supervive-loadout-shim

#3938 18:42:55.435  GET /revival/loadout
    -> 200  (0s)
    User-Agent: supervive-loadout-shim

#3939 18:42:55.610  GET /revival/loadout
    -> 200  (0s)
    User-Agent: supervive-loadout-shim

#3940 18:42:55.785  GET /revival/loadout
    -> 200  (0s)
    User-Agent: supervive-loadout-shim

#3941 18:42:55.978  GET /revival/loadout
    -> 200  (0s)
    User-Agent: supervive-loadout-shim

#3942 18:42:56.160  GET /revival/loadout
    -> 200  (0s)
    User-Agent: supervive-loadout-shim

#3943 18:42:56.216  GET /configuration/client?language=en
    -> 200  (0s)
    X-Theorycraft-Clientversion: release2.4.live-156430-shipping
    Authorization: Bearer eyJhbGciOiJSUzI1NiIsImtpZCI6InN1cGVydml2ZS1yZXZpdmFsLWtleS0xIiwidHlwIjoiSldUIn0.eyJiYW5zIjpbXSwiY2xpZW50X2lkIjoiYmE4ZmI1OWEzNGJiNDgxYWJjYTA4YzQ2YmE0ODgwMjUiLCJjb3VudHJ5IjoiVVMiLCJkaXNwbGF5X25hbWUiOiJSZXZpdmVyIiwiZXhwIjoxNzg2NzM4NjUwLCJpYXQiOjE3ODY2NTIyNTAsImlzX2NvbXBseSI6dHJ1ZSwiamZsZ3MiOjAsIm5hbWVzcGFjZSI6InN1cGVydml2ZSIsIm5iZiI6MTc4NjY1MjE5MCwicGVybWlzc2lvbnMiOlt7IkFjdGlvbiI6MTUsIlJlc291cmNlIjoiTkFNRVNQQUNFOnN1cGVydml2ZToqIn0seyJBY3Rpb24iOjE1LCJSZXNvdXJjZSI6IkFETUlOOk5BTUVTUEFDRTpzdXBlcnZpdmU6KiJ9XSwicm9sZXMiOltdLCJzY29wZSI6ImNvbW1lcmNlIGFjY291bnQgc29jaWFsIHB1Ymxpc2hpbmcgYW5hbHl0aWNzIiwic3ViIjoiOWI5ZDJjODg3ZTI1MjRmOTE4ZTM4M2E4OTVmMmYxYzIiLCJ1bmlxdWVEaXNwbGF5TmFtZSI6IlJldml2ZXIjMDAwMSIsInVuaXF1ZV9kaXNwbGF5X25hbWUiOiJSZXZpdmVyIzAwMDEifQ.S8me6zCTJy1oN7cCA9hQMdHB81PfiOQjPGkisaKCUBzabcSTr1c468GSswCZp1ojqPbBbmOAc-HA5N2o4v-PRiSsk8rqPCyvk3Tx1C5P-rcZZtS-X9XnEtl7wRYgTacQNA_R6vbQgylOOxJ8HarI1u7xWxDlYfxiEDjHEEVHbUlHAE_Oz7PhV80Ms7bc3scLORKG3HPGTqjH9of-EooGUB3k-Xpl9M5eB7A7geV_c8XbzZ0NPELo9dLYVByYKVXzHtk2o0tyzXvdmz-r7FqVYwlN_jOrpiFF_4ti0Wf2ZTI07y-WzKQT1tlXe-OSq86OtwCA0elY-weDLV49mb78gg
    User-Agent: Loki/UE5-CL-0 (http-legacy) Windows/10.0.19045.1.256.64bit
    Accept: */*

#3944 18:42:56.329  GET /content-service/manifest/release2.4.live-156430-shipping?nonEnabledOnly=true
    -> 200  (0s)
    Accept: */*
    X-Theorycraft-Clientversion: release2.4.live-156430-shipping
    Authorization: Bearer eyJhbGciOiJSUzI1NiIsImtpZCI6InN1cGVydml2ZS1yZXZpdmFsLWtleS0xIiwidHlwIjoiSldUIn0.eyJiYW5zIjpbXSwiY2xpZW50X2lkIjoiYmE4ZmI1OWEzNGJiNDgxYWJjYTA4YzQ2YmE0ODgwMjUiLCJjb3VudHJ5IjoiVVMiLCJkaXNwbGF5X25hbWUiOiJSZXZpdmVyIiwiZXhwIjoxNzg2NzM4NjUwLCJpYXQiOjE3ODY2NTIyNTAsImlzX2NvbXBseSI6dHJ1ZSwiamZsZ3MiOjAsIm5hbWVzcGFjZSI6InN1cGVydml2ZSIsIm5iZiI6MTc4NjY1MjE5MCwicGVybWlzc2lvbnMiOlt7IkFjdGlvbiI6MTUsIlJlc291cmNlIjoiTkFNRVNQQUNFOnN1cGVydml2ZToqIn0seyJBY3Rpb24iOjE1LCJSZXNvdXJjZSI6IkFETUlOOk5BTUVTUEFDRTpzdXBlcnZpdmU6KiJ9XSwicm9sZXMiOltdLCJzY29wZSI6ImNvbW1lcmNlIGFjY291bnQgc29jaWFsIHB1Ymxpc2hpbmcgYW5hbHl0aWNzIiwic3ViIjoiOWI5ZDJjODg3ZTI1MjRmOTE4ZTM4M2E4OTVmMmYxYzIiLCJ1bmlxdWVEaXNwbGF5TmFtZSI6IlJldml2ZXIjMDAwMSIsInVuaXF1ZV9kaXNwbGF5X25hbWUiOiJSZXZpdmVyIzAwMDEifQ.S8me6zCTJy1oN7cCA9hQMdHB81PfiOQjPGkisaKCUBzabcSTr1c468GSswCZp1ojqPbBbmOAc-HA5N2o4v-PRiSsk8rqPCyvk3Tx1C5P-rcZZtS-X9XnEtl7wRYgTacQNA_R6vbQgylOOxJ8HarI1u7xWxDlYfxiEDjHEEVHbUlHAE_Oz7PhV80Ms7bc3scLORKG3HPGTqjH9of-EooGUB3k-Xpl9M5eB7A7geV_c8XbzZ0NPELo9dLYVByYKVXzHtk2o0tyzXvdmz-r7FqVYwlN_jOrpiFF_4ti0Wf2ZTI07y-WzKQT1tlXe-OSq86OtwCA0elY-weDLV49mb78gg
    User-Agent: Loki/UE5-CL-0 (http-legacy) Windows/10.0.19045.1.256.64bit

#3945 18:42:56.335  GET /revival/loadout
    -> 200  (0s)
    User-Agent: supervive-loadout-shim

#3946 18:42:56.535  GET /revival/loadout
    -> 200  (0s)
    User-Agent: supervive-loadout-shim

#3947 18:42:56.712  GET /revival/loadout
    -> 200  (0s)
    User-Agent: supervive-loadout-shim

#3948 18:42:56.886  GET /revival/loadout
    -> 200  (0s)
    User-Agent: supervive-loadout-shim

#3949 18:42:57.059  GET /revival/loadout
    -> 200  (0s)
    User-Agent: supervive-loadout-shim

#3950 18:42:57.249  GET /revival/loadout
    -> 200  (0s)
    User-Agent: supervive-loadout-shim

#3951 18:42:57.428  GET /revival/loadout
    -> 200  (0s)
    User-Agent: supervive-loadout-shim

#3952 18:42:57.616  GET /revival/loadout
    -> 200  (0s)
    User-Agent: supervive-loadout-shim

#3953 18:42:57.788  GET /revival/loadout
    -> 200  (0s)
    User-Agent: supervive-loadout-shim

#3954 18:42:57.969  GET /revival/loadout
    -> 200  (0s)
    User-Agent: supervive-loadout-shim

#3955 18:42:58.143  GET /revival/loadout
    -> 200  (0s)
    User-Agent: supervive-loadout-shim

#3956 18:42:58.326  GET /revival/loadout
    -> 200  (0s)
    User-Agent: supervive-loadout-shim

#3957 18:42:58.500  GET /revival/loadout
    -> 200  (0s)
    User-Agent: supervive-loadout-shim

#3958 18:42:58.677  GET /revival/loadout
    -> 200  (0s)
    User-Agent: supervive-loadout-shim

#3959 18:42:58.850  GET /revival/loadout
    -> 200  (0s)
    User-Agent: supervive-loadout-shim

#3960 18:42:59.026  GET /revival/loadout
    -> 200  (0s)
    User-Agent: supervive-loadout-shim

#3961 18:42:59.201  GET /revival/loadout
    -> 200  (0s)
    User-Agent: supervive-loadout-shim

#3962 18:42:59.376  GET /revival/loadout
    -> 200  (1ms)
    User-Agent: supervive-loadout-shim

#3963 18:42:59.559  GET /revival/loadout
    -> 200  (0s)
    User-Agent: supervive-loadout-shim

#3964 18:42:59.767  GET /revival/loadout
    -> 200  (0s)
    User-Agent: supervive-loadout-shim

#3965 18:42:59.968  GET /revival/loadout
    -> 200  (0s)
    User-Agent: supervive-loadout-shim

#3966 18:43:00.175  GET /revival/loadout
    -> 200  (0s)
    User-Agent: supervive-loadout-shim

#3967 18:43:00.350  GET /revival/loadout
    -> 200  (0s)
    User-Agent: supervive-loadout-shim

#3968 18:43:00.525  GET /revival/loadout
    -> 200  (0s)
    User-Agent: supervive-loadout-shim

#3969 18:43:00.700  GET /revival/loadout
    -> 200  (0s)
    User-Agent: supervive-loadout-shim

#3970 18:43:00.875  GET /revival/loadout
    -> 200  (0s)
    User-Agent: supervive-loadout-shim

#3971 18:43:01.051  GET /revival/loadout
    -> 200  (0s)
    User-Agent: supervive-loadout-shim

#3972 18:43:01.225  GET /revival/loadout
    -> 200  (0s)
    User-Agent: supervive-loadout-shim

#3973 18:43:01.400  GET /revival/loadout
    -> 200  (0s)
    User-Agent: supervive-loadout-shim

#3974 18:43:01.640  GET /revival/loadout
    -> 200  (0s)
    User-Agent: supervive-loadout-shim

#3975 18:43:01.808  GET /revival/loadout
    -> 200  (0s)
    User-Agent: supervive-loadout-shim

#3976 18:43:01.983  GET /revival/loadout
    -> 200  (0s)
    User-Agent: supervive-loadout-shim

#3977 18:43:02.158  GET /revival/loadout
    -> 200  (0s)
    User-Agent: supervive-loadout-shim

#3978 18:43:02.333  GET /revival/loadout
    -> 200  (0s)
    User-Agent: supervive-loadout-shim

#3979 18:43:02.508  GET /revival/loadout
    -> 200  (0s)
    User-Agent: supervive-loadout-shim

#3980 18:43:02.684  GET /revival/loadout
    -> 200  (0s)
    User-Agent: supervive-loadout-shim

#3981 18:43:02.858  GET /revival/loadout
    -> 200  (0s)
    User-Agent: supervive-loadout-shim

#3982 18:43:03.041  GET /revival/loadout
    -> 200  (0s)
    User-Agent: supervive-loadout-shim

#3983 18:43:03.216  GET /revival/loadout
    -> 200  (0s)
    User-Agent: supervive-loadout-shim

#3984 18:43:03.391  GET /revival/loadout
    -> 200  (0s)
    User-Agent: supervive-loadout-shim

#3985 18:43:03.574  GET /revival/loadout
    -> 200  (0s)
    User-Agent: supervive-loadout-shim

#3986 18:43:03.749  GET /revival/loadout
    -> 200  (0s)
    User-Agent: supervive-loadout-shim

#3987 18:43:03.924  GET /revival/loadout
    -> 200  (0s)
    User-Agent: supervive-loadout-shim

#3988 18:43:04.099  GET /revival/loadout
    -> 200  (0s)
    User-Agent: supervive-loadout-shim

#3989 18:43:04.274  GET /revival/loadout
    -> 200  (0s)
    User-Agent: supervive-loadout-shim

#3990 18:43:04.448  GET /revival/loadout
    -> 200  (0s)
    User-Agent: supervive-loadout-shim

#3991 18:43:04.623  GET /revival/loadout
    -> 200  (0s)
    User-Agent: supervive-loadout-shim

#3992 18:43:04.799  GET /revival/loadout
    -> 200  (0s)
    User-Agent: supervive-loadout-shim

#3993 18:43:04.973  GET /revival/loadout
    -> 200  (0s)
    User-Agent: supervive-loadout-shim

#3994 18:43:05.149  GET /revival/loadout
    -> 200  (0s)
    User-Agent: supervive-loadout-shim

#3995 18:43:05.324  GET /revival/loadout
    -> 200  (0s)
    User-Agent: supervive-loadout-shim

#3996 18:43:05.499  GET /revival/loadout
    -> 200  (0s)
    User-Agent: supervive-loadout-shim

#3997 18:43:05.673  GET /revival/loadout
    -> 200  (0s)
    User-Agent: supervive-loadout-shim

#3998 18:43:05.849  GET /revival/loadout
    -> 200  (0s)
    User-Agent: supervive-loadout-shim

#3999 18:43:06.023  GET /revival/loadout
    -> 200  (0s)
    User-Agent: supervive-loadout-shim

#4000 18:43:06.198  GET /revival/loadout
    -> 200  (0s)
    User-Agent: supervive-loadout-shim

#4001 18:43:06.373  GET /revival/loadout
    -> 200  (0s)
    User-Agent: supervive-loadout-shim

#4002 18:43:06.548  GET /revival/loadout
    -> 200  (0s)
    User-Agent: supervive-loadout-shim

#4003 18:43:06.723  GET /revival/loadout
    -> 200  (0s)
    User-Agent: supervive-loadout-shim

#4004 18:43:06.898  GET /revival/loadout
    -> 200  (0s)
    User-Agent: supervive-loadout-shim

#4005 18:43:07.073  GET /revival/loadout
    -> 200  (0s)
    User-Agent: supervive-loadout-shim

#4006 18:43:07.248  GET /revival/loadout
    -> 200  (0s)
    User-Agent: supervive-loadout-shim

#4007 18:43:07.422  GET /revival/loadout
    -> 200  (0s)
    User-Agent: supervive-loadout-shim

#4008 18:43:07.490  GET /party/players/9b9d2c887e2524f918e383a895f2f1c2/voice
    -> 200  (0s)
    X-Theorycraft-Clientversion: release2.4.live-156430-shipping
    Authorization: Bearer eyJhbGciOiJSUzI1NiIsImtpZCI6InN1cGVydml2ZS1yZXZpdmFsLWtleS0xIiwidHlwIjoiSldUIn0.eyJiYW5zIjpbXSwiY2xpZW50X2lkIjoiYmE4ZmI1OWEzNGJiNDgxYWJjYTA4YzQ2YmE0ODgwMjUiLCJjb3VudHJ5IjoiVVMiLCJkaXNwbGF5X25hbWUiOiJSZXZpdmVyIiwiZXhwIjoxNzg2NzM4NjUwLCJpYXQiOjE3ODY2NTIyNTAsImlzX2NvbXBseSI6dHJ1ZSwiamZsZ3MiOjAsIm5hbWVzcGFjZSI6InN1cGVydml2ZSIsIm5iZiI6MTc4NjY1MjE5MCwicGVybWlzc2lvbnMiOlt7IkFjdGlvbiI6MTUsIlJlc291cmNlIjoiTkFNRVNQQUNFOnN1cGVydml2ZToqIn0seyJBY3Rpb24iOjE1LCJSZXNvdXJjZSI6IkFETUlOOk5BTUVTUEFDRTpzdXBlcnZpdmU6KiJ9XSwicm9sZXMiOltdLCJzY29wZSI6ImNvbW1lcmNlIGFjY291bnQgc29jaWFsIHB1Ymxpc2hpbmcgYW5hbHl0aWNzIiwic3ViIjoiOWI5ZDJjODg3ZTI1MjRmOTE4ZTM4M2E4OTVmMmYxYzIiLCJ1bmlxdWVEaXNwbGF5TmFtZSI6IlJldml2ZXIjMDAwMSIsInVuaXF1ZV9kaXNwbGF5X25hbWUiOiJSZXZpdmVyIzAwMDEifQ.S8me6zCTJy1oN7cCA9hQMdHB81PfiOQjPGkisaKCUBzabcSTr1c468GSswCZp1ojqPbBbmOAc-HA5N2o4v-PRiSsk8rqPCyvk3Tx1C5P-rcZZtS-X9XnEtl7wRYgTacQNA_R6vbQgylOOxJ8HarI1u7xWxDlYfxiEDjHEEVHbUlHAE_Oz7PhV80Ms7bc3scLORKG3HPGTqjH9of-EooGUB3k-Xpl9M5eB7A7geV_c8XbzZ0NPELo9dLYVByYKVXzHtk2o0tyzXvdmz-r7FqVYwlN_jOrpiFF_4ti0Wf2ZTI07y-WzKQT1tlXe-OSq86OtwCA0elY-weDLV49mb78gg
    User-Agent: Loki/UE5-CL-0 (http-legacy) Windows/10.0.19045.1.256.64bit
    Accept: */*

#4009 18:43:07.598  GET /revival/loadout
    -> 200  (0s)
    User-Agent: supervive-loadout-shim

#4010 18:43:07.773  GET /revival/loadout
    -> 200  (0s)
    User-Agent: supervive-loadout-shim

#4011 18:43:07.948  GET /revival/loadout
    -> 200  (0s)
    User-Agent: supervive-loadout-shim

#4012 18:43:08.123  GET /revival/loadout
    -> 200  (0s)
    User-Agent: supervive-loadout-shim

#4013 18:43:08.298  GET /revival/loadout
    -> 200  (0s)
    User-Agent: supervive-loadout-shim

#4014 18:43:08.473  GET /revival/loadout
    -> 200  (0s)
    User-Agent: supervive-loadout-shim

#4015 18:43:08.672  GET /revival/loadout
    -> 200  (0s)
    User-Agent: supervive-loadout-shim

#4016 18:43:08.846  GET /revival/loadout
    -> 200  (0s)
    User-Agent: supervive-loadout-shim

#4017 18:43:09.025  GET /revival/loadout
    -> 200  (0s)
    User-Agent: supervive-loadout-shim

#4018 18:43:09.199  GET /revival/loadout
    -> 200  (0s)
    User-Agent: supervive-loadout-shim

#4019 18:43:09.371  GET /revival/loadout
    -> 200  (1ms)
    User-Agent: supervive-loadout-shim

#4020 18:43:09.555  GET /revival/loadout
    -> 200  (0s)
    User-Agent: supervive-loadout-shim

#4021 18:43:09.729  GET /revival/loadout
    -> 200  (1ms)
    User-Agent: supervive-loadout-shim

#4022 18:43:09.905  GET /revival/loadout
    -> 200  (0s)
    User-Agent: supervive-loadout-shim

#4023 18:43:10.080  GET /revival/loadout
    -> 200  (0s)
    User-Agent: supervive-loadout-shim

#4024 18:43:10.255  GET /revival/loadout
    -> 200  (0s)
    User-Agent: supervive-loadout-shim

#4025 18:43:10.430  GET /revival/loadout
    -> 200  (0s)
    User-Agent: supervive-loadout-shim

#4026 18:43:10.605  GET /revival/loadout
    -> 200  (0s)
    User-Agent: supervive-loadout-shim

#4027 18:43:10.780  GET /revival/loadout
    -> 200  (0s)
    User-Agent: supervive-loadout-shim

#4028 18:43:10.955  GET /revival/loadout
    -> 200  (0s)
    User-Agent: supervive-loadout-shim

#4029 18:43:11.129  GET /revival/loadout
    -> 200  (0s)
    User-Agent: supervive-loadout-shim

#4030 18:43:11.304  GET /revival/loadout
    -> 200  (0s)
    User-Agent: supervive-loadout-shim

#4031 18:43:11.478  GET /revival/loadout
    -> 200  (0s)
    User-Agent: supervive-loadout-shim

#4032 18:43:11.654  GET /revival/loadout
    -> 200  (0s)
    User-Agent: supervive-loadout-shim

#4033 18:43:11.829  GET /revival/loadout
    -> 200  (0s)
    User-Agent: supervive-loadout-shim

#4034 18:43:12.004  GET /revival/loadout
    -> 200  (0s)
    User-Agent: supervive-loadout-shim

#4035 18:43:12.179  GET /revival/loadout
    -> 200  (0s)
    User-Agent: supervive-loadout-shim

#4036 18:43:12.354  GET /revival/loadout
    -> 200  (0s)
    User-Agent: supervive-loadout-shim

#4037 18:43:12.528  GET /revival/loadout
    -> 200  (0s)
    User-Agent: supervive-loadout-shim

#4038 18:43:12.704  GET /revival/loadout
    -> 200  (0s)
    User-Agent: supervive-loadout-shim

#4039 18:43:12.878  GET /revival/loadout
    -> 200  (0s)
    User-Agent: supervive-loadout-shim

#4040 18:43:13.054  GET /revival/loadout
    -> 200  (0s)
    User-Agent: supervive-loadout-shim

#4041 18:43:13.229  GET /revival/loadout
    -> 200  (0s)
    User-Agent: supervive-loadout-shim

#4042 18:43:13.404  GET /revival/loadout
    -> 200  (0s)
    User-Agent: supervive-loadout-shim

#4043 18:43:13.585  GET /revival/loadout
    -> 200  (0s)
    User-Agent: supervive-loadout-shim

#4044 18:43:13.762  GET /revival/loadout
    -> 200  (0s)
    User-Agent: supervive-loadout-shim

#4045 18:43:13.936  GET /revival/loadout
    -> 200  (0s)
    User-Agent: supervive-loadout-shim

#4046 18:43:14.111  GET /revival/loadout
    -> 200  (1ms)
    User-Agent: supervive-loadout-shim

#4047 18:43:14.286  GET /revival/loadout
    -> 200  (0s)
    User-Agent: supervive-loadout-shim

#4048 18:43:14.462  GET /revival/loadout
    -> 200  (0s)
    User-Agent: supervive-loadout-shim

#4049 18:43:14.637  GET /revival/loadout
    -> 200  (0s)
    User-Agent: supervive-loadout-shim

#4050 18:43:14.820  GET /revival/loadout
    -> 200  (0s)
    User-Agent: supervive-loadout-shim

#4051 18:43:14.994  GET /revival/loadout
    -> 200  (0s)
    User-Agent: supervive-loadout-shim

#4052 18:43:15.170  GET /revival/loadout
    -> 200  (0s)
    User-Agent: supervive-loadout-shim

#4053 18:43:15.344  GET /revival/loadout
    -> 200  (0s)
    User-Agent: supervive-loadout-shim

#4054 18:43:15.519  GET /revival/loadout
    -> 200  (0s)
    User-Agent: supervive-loadout-shim

#4055 18:43:15.699  GET /revival/loadout
    -> 200  (0s)
    User-Agent: supervive-loadout-shim

#4056 18:43:15.881  GET /revival/loadout
    -> 200  (1ms)
    User-Agent: supervive-loadout-shim

#4057 18:43:16.066  GET /revival/loadout
    -> 200  (0s)
    User-Agent: supervive-loadout-shim

#4058 18:43:16.244  GET /revival/loadout
    -> 200  (0s)
    User-Agent: supervive-loadout-shim

#4059 18:43:16.419  GET /revival/loadout
    -> 200  (0s)
    User-Agent: supervive-loadout-shim

#4060 18:43:16.603  GET /revival/loadout
    -> 200  (0s)
    User-Agent: supervive-loadout-shim

#4061 18:43:16.777  GET /revival/loadout
    -> 200  (0s)
    User-Agent: supervive-loadout-shim

#4062 18:43:16.961  GET /revival/loadout
    -> 200  (0s)
    User-Agent: supervive-loadout-shim

#4063 18:43:17.136  GET /revival/loadout
    -> 200  (0s)
    User-Agent: supervive-loadout-shim

#4064 18:43:17.310  GET /revival/loadout
    -> 200  (0s)
    User-Agent: supervive-loadout-shim

#4065 18:43:17.486  GET /revival/loadout
    -> 200  (0s)
    User-Agent: supervive-loadout-shim

#4066 18:43:17.660  GET /revival/loadout
    -> 200  (0s)
    User-Agent: supervive-loadout-shim

#4067 18:43:17.836  GET /revival/loadout
    -> 200  (0s)
    User-Agent: supervive-loadout-shim

#4068 18:43:18.010  GET /revival/loadout
    -> 200  (0s)
    User-Agent: supervive-loadout-shim

#4069 18:43:18.185  GET /revival/loadout
    -> 200  (0s)
    User-Agent: supervive-loadout-shim

#4070 18:43:18.359  GET /revival/loadout
    -> 200  (0s)
    User-Agent: supervive-loadout-shim

#4071 18:43:18.535  GET /revival/loadout
    -> 200  (0s)
    User-Agent: supervive-loadout-shim

#4072 18:43:18.710  GET /revival/loadout
    -> 200  (0s)
    User-Agent: supervive-loadout-shim

#4073 18:43:18.885  GET /revival/loadout
    -> 200  (0s)
    User-Agent: supervive-loadout-shim

#4074 18:43:19.059  GET /revival/loadout
    -> 200  (0s)
    User-Agent: supervive-loadout-shim

#4075 18:43:19.241  GET /revival/loadout
    -> 200  (1ms)
    User-Agent: supervive-loadout-shim

#4076 18:43:19.418  GET /revival/loadout
    -> 200  (0s)
    User-Agent: supervive-loadout-shim

#4077 18:43:19.593  GET /revival/loadout
    -> 200  (0s)
    User-Agent: supervive-loadout-shim

#4078 18:43:19.768  GET /revival/loadout
    -> 200  (0s)
    User-Agent: supervive-loadout-shim

#4079 18:43:19.944  GET /revival/loadout
    -> 200  (0s)
    User-Agent: supervive-loadout-shim

#4080 18:43:20.118  GET /revival/loadout
    -> 200  (0s)
    User-Agent: supervive-loadout-shim

#4081 18:43:20.292  GET /revival/loadout
    -> 200  (0s)
    User-Agent: supervive-loadout-shim

#4082 18:43:20.468  GET /revival/loadout
    -> 200  (0s)
    User-Agent: supervive-loadout-shim

#4083 18:43:20.643  GET /revival/loadout
    -> 200  (0s)
    User-Agent: supervive-loadout-shim

#4084 18:43:20.827  GET /revival/loadout
    -> 200  (0s)
    User-Agent: supervive-loadout-shim

#4085 18:43:21.001  GET /revival/loadout
    -> 200  (0s)
    User-Agent: supervive-loadout-shim

#4086 18:43:21.179  GET /revival/loadout
    -> 200  (0s)
    User-Agent: supervive-loadout-shim

#4087 18:43:21.350  GET /revival/loadout
    -> 200  (0s)
    User-Agent: supervive-loadout-shim

* 18:43:21.485  WS <- /lobby TEXT ""

#4088 18:43:21.526  GET /revival/loadout
    -> 200  (0s)
    User-Agent: supervive-loadout-shim

#4089 18:43:21.709  GET /revival/loadout
    -> 200  (0s)
    User-Agent: supervive-loadout-shim

#4090 18:43:21.884  GET /revival/loadout
    -> 200  (0s)
    User-Agent: supervive-loadout-shim

#4091 18:43:22.060  GET /revival/loadout
    -> 200  (0s)
    User-Agent: supervive-loadout-shim

#4092 18:43:22.234  GET /revival/loadout
    -> 200  (0s)
    User-Agent: supervive-loadout-shim

#4093 18:43:22.427  GET /revival/loadout
    -> 200  (0s)
    User-Agent: supervive-loadout-shim

#4094 18:43:22.607  GET /revival/loadout
    -> 200  (0s)
    User-Agent: supervive-loadout-shim

#4095 18:43:22.784  GET /revival/loadout
    -> 200  (0s)
    User-Agent: supervive-loadout-shim

#4096 18:43:22.959  GET /revival/loadout
    -> 200  (0s)
    User-Agent: supervive-loadout-shim

#4097 18:43:23.134  GET /revival/loadout
    -> 200  (0s)
    User-Agent: supervive-loadout-shim

#4098 18:43:23.196  GET /party/matchmaking/info
    -> 200  (0s)
    Accept: */*
    User-Agent: Loki/UE5-CL-0 (http-legacy) Windows/10.0.19045.1.256.64bit
    X-Theorycraft-Clientversion: release2.4.live-156430-shipping
    Authorization: Bearer eyJhbGciOiJSUzI1NiIsImtpZCI6InN1cGVydml2ZS1yZXZpdmFsLWtleS0xIiwidHlwIjoiSldUIn0.eyJiYW5zIjpbXSwiY2xpZW50X2lkIjoiYmE4ZmI1OWEzNGJiNDgxYWJjYTA4YzQ2YmE0ODgwMjUiLCJjb3VudHJ5IjoiVVMiLCJkaXNwbGF5X25hbWUiOiJSZXZpdmVyIiwiZXhwIjoxNzg2NzM4NjUwLCJpYXQiOjE3ODY2NTIyNTAsImlzX2NvbXBseSI6dHJ1ZSwiamZsZ3MiOjAsIm5hbWVzcGFjZSI6InN1cGVydml2ZSIsIm5iZiI6MTc4NjY1MjE5MCwicGVybWlzc2lvbnMiOlt7IkFjdGlvbiI6MTUsIlJlc291cmNlIjoiTkFNRVNQQUNFOnN1cGVydml2ZToqIn0seyJBY3Rpb24iOjE1LCJSZXNvdXJjZSI6IkFETUlOOk5BTUVTUEFDRTpzdXBlcnZpdmU6KiJ9XSwicm9sZXMiOltdLCJzY29wZSI6ImNvbW1lcmNlIGFjY291bnQgc29jaWFsIHB1Ymxpc2hpbmcgYW5hbHl0aWNzIiwic3ViIjoiOWI5ZDJjODg3ZTI1MjRmOTE4ZTM4M2E4OTVmMmYxYzIiLCJ1bmlxdWVEaXNwbGF5TmFtZSI6IlJldml2ZXIjMDAwMSIsInVuaXF1ZV9kaXNwbGF5X25hbWUiOiJSZXZpdmVyIzAwMDEifQ.S8me6zCTJy1oN7cCA9hQMdHB81PfiOQjPGkisaKCUBzabcSTr1c468GSswCZp1ojqPbBbmOAc-HA5N2o4v-PRiSsk8rqPCyvk3Tx1C5P-rcZZtS-X9XnEtl7wRYgTacQNA_R6vbQgylOOxJ8HarI1u7xWxDlYfxiEDjHEEVHbUlHAE_Oz7PhV80Ms7bc3scLORKG3HPGTqjH9of-EooGUB3k-Xpl9M5eB7A7geV_c8XbzZ0NPELo9dLYVByYKVXzHtk2o0tyzXvdmz-r7FqVYwlN_jOrpiFF_4ti0Wf2ZTI07y-WzKQT1tlXe-OSq86OtwCA0elY-weDLV49mb78gg

#4099 18:43:23.308  GET /revival/loadout
    -> 200  (1ms)
    User-Agent: supervive-loadout-shim

* 18:43:23.351  WS -> /notifications/players/9b9d2c887e2524f918e383a895f2f1c2 BINARY hb (proactive 30s keepalive)

#4100 18:43:23.483  GET /revival/loadout
    -> 200  (0s)
    User-Agent: supervive-loadout-shim

#4101 18:43:23.659  GET /revival/loadout
    -> 200  (0s)
    User-Agent: supervive-loadout-shim

#4102 18:43:23.833  GET /revival/loadout
    -> 200  (0s)
    User-Agent: supervive-loadout-shim

#4103 18:43:23.928  GET /revival/missions/progress
    -> 200  (0s)
    User-Agent: supervive-missions-shim

#4104 18:43:24.009  GET /revival/loadout
    -> 200  (0s)
    User-Agent: supervive-loadout-shim

#4105 18:43:24.183  GET /revival/loadout
    -> 200  (0s)
    User-Agent: supervive-loadout-shim

#4106 18:43:24.366  GET /revival/loadout
    -> 200  (0s)
    User-Agent: supervive-loadout-shim

#4107 18:43:24.541  GET /revival/loadout
    -> 200  (0s)
    User-Agent: supervive-loadout-shim

#4108 18:43:24.716  GET /revival/loadout
    -> 200  (0s)
    User-Agent: supervive-loadout-shim

#4109 18:43:24.892  GET /revival/loadout
    -> 200  (0s)
    User-Agent: supervive-loadout-shim

#4110 18:43:25.066  GET /revival/loadout
    -> 200  (0s)
    User-Agent: supervive-loadout-shim

#4111 18:43:25.240  GET /revival/loadout
    -> 200  (0s)
    User-Agent: supervive-loadout-shim

#4112 18:43:25.415  GET /revival/loadout
    -> 200  (0s)
    User-Agent: supervive-loadout-shim

#4113 18:43:25.590  GET /revival/loadout
    -> 200  (1ms)
    User-Agent: supervive-loadout-shim

#4114 18:43:25.765  GET /revival/loadout
    -> 200  (0s)
    User-Agent: supervive-loadout-shim

#4115 18:43:25.939  GET /revival/loadout
    -> 200  (0s)
    User-Agent: supervive-loadout-shim

#4116 18:43:26.114  GET /revival/loadout
    -> 200  (1ms)
    User-Agent: supervive-loadout-shim

#4117 18:43:26.255  GET /configuration/client?language=en
    -> 200  (0s)
    Accept: */*
    X-Theorycraft-Clientversion: release2.4.live-156430-shipping
    Authorization: Bearer eyJhbGciOiJSUzI1NiIsImtpZCI6InN1cGVydml2ZS1yZXZpdmFsLWtleS0xIiwidHlwIjoiSldUIn0.eyJiYW5zIjpbXSwiY2xpZW50X2lkIjoiYmE4ZmI1OWEzNGJiNDgxYWJjYTA4YzQ2YmE0ODgwMjUiLCJjb3VudHJ5IjoiVVMiLCJkaXNwbGF5X25hbWUiOiJSZXZpdmVyIiwiZXhwIjoxNzg2NzM4NjUwLCJpYXQiOjE3ODY2NTIyNTAsImlzX2NvbXBseSI6dHJ1ZSwiamZsZ3MiOjAsIm5hbWVzcGFjZSI6InN1cGVydml2ZSIsIm5iZiI6MTc4NjY1MjE5MCwicGVybWlzc2lvbnMiOlt7IkFjdGlvbiI6MTUsIlJlc291cmNlIjoiTkFNRVNQQUNFOnN1cGVydml2ZToqIn0seyJBY3Rpb24iOjE1LCJSZXNvdXJjZSI6IkFETUlOOk5BTUVTUEFDRTpzdXBlcnZpdmU6KiJ9XSwicm9sZXMiOltdLCJzY29wZSI6ImNvbW1lcmNlIGFjY291bnQgc29jaWFsIHB1Ymxpc2hpbmcgYW5hbHl0aWNzIiwic3ViIjoiOWI5ZDJjODg3ZTI1MjRmOTE4ZTM4M2E4OTVmMmYxYzIiLCJ1bmlxdWVEaXNwbGF5TmFtZSI6IlJldml2ZXIjMDAwMSIsInVuaXF1ZV9kaXNwbGF5X25hbWUiOiJSZXZpdmVyIzAwMDEifQ.S8me6zCTJy1oN7cCA9hQMdHB81PfiOQjPGkisaKCUBzabcSTr1c468GSswCZp1ojqPbBbmOAc-HA5N2o4v-PRiSsk8rqPCyvk3Tx1C5P-rcZZtS-X9XnEtl7wRYgTacQNA_R6vbQgylOOxJ8HarI1u7xWxDlYfxiEDjHEEVHbUlHAE_Oz7PhV80Ms7bc3scLORKG3HPGTqjH9of-EooGUB3k-Xpl9M5eB7A7geV_c8XbzZ0NPELo9dLYVByYKVXzHtk2o0tyzXvdmz-r7FqVYwlN_jOrpiFF_4ti0Wf2ZTI07y-WzKQT1tlXe-OSq86OtwCA0elY-weDLV49mb78gg
    User-Agent: Loki/UE5-CL-0 (http-legacy) Windows/10.0.19045.1.256.64bit

#4118 18:43:26.291  GET /revival/loadout
    -> 200  (0s)
    User-Agent: supervive-loadout-shim

#4119 18:43:26.357  GET /content-service/manifest/release2.4.live-156430-shipping?nonEnabledOnly=true
    -> 200  (0s)
    User-Agent: Loki/UE5-CL-0 (http-legacy) Windows/10.0.19045.1.256.64bit
    Accept: */*
    X-Theorycraft-Clientversion: release2.4.live-156430-shipping
    Authorization: Bearer eyJhbGciOiJSUzI1NiIsImtpZCI6InN1cGVydml2ZS1yZXZpdmFsLWtleS0xIiwidHlwIjoiSldUIn0.eyJiYW5zIjpbXSwiY2xpZW50X2lkIjoiYmE4ZmI1OWEzNGJiNDgxYWJjYTA4YzQ2YmE0ODgwMjUiLCJjb3VudHJ5IjoiVVMiLCJkaXNwbGF5X25hbWUiOiJSZXZpdmVyIiwiZXhwIjoxNzg2NzM4NjUwLCJpYXQiOjE3ODY2NTIyNTAsImlzX2NvbXBseSI6dHJ1ZSwiamZsZ3MiOjAsIm5hbWVzcGFjZSI6InN1cGVydml2ZSIsIm5iZiI6MTc4NjY1MjE5MCwicGVybWlzc2lvbnMiOlt7IkFjdGlvbiI6MTUsIlJlc291cmNlIjoiTkFNRVNQQUNFOnN1cGVydml2ZToqIn0seyJBY3Rpb24iOjE1LCJSZXNvdXJjZSI6IkFETUlOOk5BTUVTUEFDRTpzdXBlcnZpdmU6KiJ9XSwicm9sZXMiOltdLCJzY29wZSI6ImNvbW1lcmNlIGFjY291bnQgc29jaWFsIHB1Ymxpc2hpbmcgYW5hbHl0aWNzIiwic3ViIjoiOWI5ZDJjODg3ZTI1MjRmOTE4ZTM4M2E4OTVmMmYxYzIiLCJ1bmlxdWVEaXNwbGF5TmFtZSI6IlJldml2ZXIjMDAwMSIsInVuaXF1ZV9kaXNwbGF5X25hbWUiOiJSZXZpdmVyIzAwMDEifQ.S8me6zCTJy1oN7cCA9hQMdHB81PfiOQjPGkisaKCUBzabcSTr1c468GSswCZp1ojqPbBbmOAc-HA5N2o4v-PRiSsk8rqPCyvk3Tx1C5P-rcZZtS-X9XnEtl7wRYgTacQNA_R6vbQgylOOxJ8HarI1u7xWxDlYfxiEDjHEEVHbUlHAE_Oz7PhV80Ms7bc3scLORKG3HPGTqjH9of-EooGUB3k-Xpl9M5eB7A7geV_c8XbzZ0NPELo9dLYVByYKVXzHtk2o0tyzXvdmz-r7FqVYwlN_jOrpiFF_4ti0Wf2ZTI07y-WzKQT1tlXe-OSq86OtwCA0elY-weDLV49mb78gg

#4120 18:43:26.475  GET /revival/loadout
    -> 200  (0s)
    User-Agent: supervive-loadout-shim

#4121 18:43:26.649  GET /revival/loadout
    -> 200  (0s)
    User-Agent: supervive-loadout-shim

#4122 18:43:26.824  GET /revival/loadout
    -> 200  (0s)
    User-Agent: supervive-loadout-shim

#4123 18:43:26.998  GET /revival/loadout
    -> 200  (0s)
    User-Agent: supervive-loadout-shim

#4124 18:43:27.174  GET /revival/loadout
    -> 200  (0s)
    User-Agent: supervive-loadout-shim

#4125 18:43:27.349  GET /revival/loadout
    -> 200  (0s)
    User-Agent: supervive-loadout-shim

#4126 18:43:27.524  GET /revival/loadout
    -> 200  (0s)
    User-Agent: supervive-loadout-shim

#4127 18:43:27.537  POST /game-telemetry/v1/protected/events
    -> 200  (0s)
    Authorization: Bearer eyJhbGciOiJSUzI1NiIsImtpZCI6InN1cGVydml2ZS1yZXZpdmFsLWtleS0xIiwidHlwIjoiSldUIn0.eyJiYW5zIjpbXSwiY2xpZW50X2lkIjoiYmE4ZmI1OWEzNGJiNDgxYWJjYTA4YzQ2YmE0ODgwMjUiLCJjb3VudHJ5IjoiVVMiLCJkaXNwbGF5X25hbWUiOiJSZXZpdmVyIiwiZXhwIjoxNzg2NzM4NjUwLCJpYXQiOjE3ODY2NTIyNTAsImlzX2NvbXBseSI6dHJ1ZSwiamZsZ3MiOjAsIm5hbWVzcGFjZSI6InN1cGVydml2ZSIsIm5iZiI6MTc4NjY1MjE5MCwicGVybWlzc2lvbnMiOlt7IkFjdGlvbiI6MTUsIlJlc291cmNlIjoiTkFNRVNQQUNFOnN1cGVydml2ZToqIn0seyJBY3Rpb24iOjE1LCJSZXNvdXJjZSI6IkFETUlOOk5BTUVTUEFDRTpzdXBlcnZpdmU6KiJ9XSwicm9sZXMiOltdLCJzY29wZSI6ImNvbW1lcmNlIGFjY291bnQgc29jaWFsIHB1Ymxpc2hpbmcgYW5hbHl0aWNzIiwic3ViIjoiOWI5ZDJjODg3ZTI1MjRmOTE4ZTM4M2E4OTVmMmYxYzIiLCJ1bmlxdWVEaXNwbGF5TmFtZSI6IlJldml2ZXIjMDAwMSIsInVuaXF1ZV9kaXNwbGF5X25hbWUiOiJSZXZpdmVyIzAwMDEifQ.S8me6zCTJy1oN7cCA9hQMdHB81PfiOQjPGkisaKCUBzabcSTr1c468GSswCZp1ojqPbBbmOAc-HA5N2o4v-PRiSsk8rqPCyvk3Tx1C5P-rcZZtS-X9XnEtl7wRYgTacQNA_R6vbQgylOOxJ8HarI1u7xWxDlYfxiEDjHEEVHbUlHAE_Oz7PhV80Ms7bc3scLORKG3HPGTqjH9of-EooGUB3k-Xpl9M5eB7A7geV_c8XbzZ0NPELo9dLYVByYKVXzHtk2o0tyzXvdmz-r7FqVYwlN_jOrpiFF_4ti0Wf2ZTI07y-WzKQT1tlXe-OSq86OtwCA0elY-weDLV49mb78gg
    Content-Type: application/json
    Accept: application/json
    Game-Client-Version: 1.0.0.0
    User-Agent: Loki/UE5-CL-0 (http-legacy) Windows/10.0.19045.1.256.64bit
    body: [
	{
		"EventNamespace": "loki",
		"EventName": "client_network_samples_snapshot",
		"Payload":
		{
			"sessionId": "567f77cd4269be09df02edb258c46222",
			"PlayerId": "9b9d2c887e2524f918e383a895f2f1c2",
			"timestamp": "2026-08-13T23:42:38.947Z",
			"inAveragePacketLoss": 0,
			"outAveragePacketLoss": 0,
			"HardwareId": "c1795a173f53c6f72e8b0125f11309c6"
		},
		"ClientTimestamp": "2026-08-13T23:43:26.577Z",
		"flightId": "34fe5245425ef9d90b4cd3a77b270727",
		"DeviceType": "Windows"
	}
]

#4128 18:43:27.716  GET /revival/loadout
    -> 200  (0s)
    User-Agent: supervive-loadout-shim

#4129 18:43:27.943  GET /revival/loadout
    -> 200  (0s)
    User-Agent: supervive-loadout-shim

#4130 18:43:28.132  GET /revival/loadout
    -> 200  (0s)
    User-Agent: supervive-loadout-shim

#4131 18:43:28.317  GET /revival/loadout
    -> 200  (0s)
    User-Agent: supervive-loadout-shim

#4132 18:43:28.499  GET /revival/loadout
    -> 200  (0s)
    User-Agent: supervive-loadout-shim

#4133 18:43:28.673  GET /revival/loadout
    -> 200  (1ms)
    User-Agent: supervive-loadout-shim

#4134 18:43:28.857  GET /revival/loadout
    -> 200  (0s)
    User-Agent: supervive-loadout-shim

#4135 18:43:29.031  GET /revival/loadout
    -> 200  (0s)
    User-Agent: supervive-loadout-shim

#4136 18:43:29.215  GET /revival/loadout
    -> 200  (0s)
    User-Agent: supervive-loadout-shim

#4137 18:43:29.402  GET /revival/loadout
    -> 200  (0s)
    User-Agent: supervive-loadout-shim

#4138 18:43:29.579  GET /revival/loadout
    -> 200  (0s)
    User-Agent: supervive-loadout-shim

#4139 18:43:29.765  GET /revival/loadout
    -> 200  (0s)
    User-Agent: supervive-loadout-shim

#4140 18:43:29.939  GET /revival/loadout
    -> 200  (0s)
    User-Agent: supervive-loadout-shim

#4141 18:43:30.114  GET /revival/loadout
    -> 200  (0s)
    User-Agent: supervive-loadout-shim

#4142 18:43:30.290  GET /revival/loadout
    -> 200  (0s)
    User-Agent: supervive-loadout-shim

#4143 18:43:30.464  GET /revival/loadout
    -> 200  (0s)
    User-Agent: supervive-loadout-shim

#4144 18:43:30.639  GET /revival/loadout
    -> 200  (0s)
    User-Agent: supervive-loadout-shim

#4145 18:43:30.814  GET /revival/loadout
    -> 200  (0s)
    User-Agent: supervive-loadout-shim

#4146 18:43:30.995  GET /revival/loadout
    -> 200  (0s)
    User-Agent: supervive-loadout-shim

#4147 18:43:31.163  GET /revival/loadout
    -> 200  (0s)
    User-Agent: supervive-loadout-shim

#4148 18:43:31.339  GET /revival/loadout
    -> 200  (0s)
    User-Agent: supervive-loadout-shim

#4149 18:43:31.512  GET /revival/loadout
    -> 200  (0s)
    User-Agent: supervive-loadout-shim

#4150 18:43:31.689  GET /revival/loadout
    -> 200  (0s)
    User-Agent: supervive-loadout-shim

#4151 18:43:31.864  GET /revival/loadout
    -> 200  (0s)
    User-Agent: supervive-loadout-shim

#4152 18:43:32.038  GET /revival/loadout
    -> 200  (0s)
    User-Agent: supervive-loadout-shim

#4153 18:43:32.222  GET /revival/loadout
    -> 200  (0s)
    User-Agent: supervive-loadout-shim

#4154 18:43:32.396  GET /revival/loadout
    -> 200  (0s)
    User-Agent: supervive-loadout-shim

#4155 18:43:32.571  GET /revival/loadout
    -> 200  (0s)
    User-Agent: supervive-loadout-shim

#4156 18:43:32.746  GET /revival/loadout
    -> 200  (0s)
    User-Agent: supervive-loadout-shim

#4157 18:43:32.921  GET /revival/loadout
    -> 200  (0s)
    User-Agent: supervive-loadout-shim

#4158 18:43:33.097  GET /revival/loadout
    -> 200  (0s)
    User-Agent: supervive-loadout-shim

#4159 18:43:33.272  GET /revival/loadout
    -> 200  (0s)
    User-Agent: supervive-loadout-shim

#4160 18:43:33.454  GET /revival/loadout
    -> 200  (0s)
    User-Agent: supervive-loadout-shim

#4161 18:43:33.629  GET /revival/loadout
    -> 200  (0s)
    User-Agent: supervive-loadout-shim

#4162 18:43:33.805  GET /revival/loadout
    -> 200  (0s)
    User-Agent: supervive-loadout-shim

#4163 18:43:33.978  GET /revival/loadout
    -> 200  (0s)
    User-Agent: supervive-loadout-shim

#4164 18:43:34.154  GET /revival/loadout
    -> 200  (0s)
    User-Agent: supervive-loadout-shim

#4165 18:43:34.336  GET /revival/loadout
    -> 200  (0s)
    User-Agent: supervive-loadout-shim

#4166 18:43:34.512  GET /revival/loadout
    -> 200  (1ms)
    User-Agent: supervive-loadout-shim

#4167 18:43:34.688  GET /revival/loadout
    -> 200  (0s)
    User-Agent: supervive-loadout-shim

#4168 18:43:34.862  GET /revival/loadout
    -> 200  (0s)
    User-Agent: supervive-loadout-shim

#4169 18:43:35.037  GET /revival/loadout
    -> 200  (0s)
    User-Agent: supervive-loadout-shim

#4170 18:43:35.212  GET /revival/loadout
    -> 200  (0s)
    User-Agent: supervive-loadout-shim

#4171 18:43:35.387  GET /revival/loadout
    -> 200  (0s)
    User-Agent: supervive-loadout-shim

#4172 18:43:35.562  GET /revival/loadout
    -> 200  (0s)
    User-Agent: supervive-loadout-shim

#4173 18:43:35.737  GET /revival/loadout
    -> 200  (0s)
    User-Agent: supervive-loadout-shim

#4174 18:43:35.912  GET /revival/loadout
    -> 200  (0s)
    User-Agent: supervive-loadout-shim

#4175 18:43:36.087  GET /revival/loadout
    -> 200  (0s)
    User-Agent: supervive-loadout-shim

#4176 18:43:36.262  GET /revival/loadout
    -> 200  (0s)
    User-Agent: supervive-loadout-shim

#4177 18:43:36.437  GET /revival/loadout
    -> 200  (0s)
    User-Agent: supervive-loadout-shim

#4178 18:43:36.612  GET /revival/loadout
    -> 200  (0s)
    User-Agent: supervive-loadout-shim

#4179 18:43:36.786  GET /revival/loadout
    -> 200  (0s)
    User-Agent: supervive-loadout-shim

#4180 18:43:36.962  GET /revival/loadout
    -> 200  (0s)
    User-Agent: supervive-loadout-shim

#4181 18:43:37.136  GET /revival/loadout
    -> 200  (0s)
    User-Agent: supervive-loadout-shim

#4182 18:43:37.315  GET /revival/loadout
    -> 200  (0s)
    User-Agent: supervive-loadout-shim

#4183 18:43:37.486  GET /revival/loadout
    -> 200  (0s)
    User-Agent: supervive-loadout-shim

#4184 18:43:37.662  GET /revival/loadout
    -> 200  (0s)
    User-Agent: supervive-loadout-shim

#4185 18:43:37.836  GET /revival/loadout
    -> 200  (0s)
    User-Agent: supervive-loadout-shim

#4186 18:43:38.034  GET /revival/loadout
    -> 200  (0s)
    User-Agent: supervive-loadout-shim

#4187 18:43:38.203  GET /revival/loadout
    -> 200  (0s)
    User-Agent: supervive-loadout-shim

#4188 18:43:38.377  GET /revival/loadout
    -> 200  (0s)
    User-Agent: supervive-loadout-shim

#4189 18:43:38.533  GET /party/players/9b9d2c887e2524f918e383a895f2f1c2/voice
    -> 200  (0s)
    Accept: */*
    X-Theorycraft-Clientversion: release2.4.live-156430-shipping
    Authorization: Bearer eyJhbGciOiJSUzI1NiIsImtpZCI6InN1cGVydml2ZS1yZXZpdmFsLWtleS0xIiwidHlwIjoiSldUIn0.eyJiYW5zIjpbXSwiY2xpZW50X2lkIjoiYmE4ZmI1OWEzNGJiNDgxYWJjYTA4YzQ2YmE0ODgwMjUiLCJjb3VudHJ5IjoiVVMiLCJkaXNwbGF5X25hbWUiOiJSZXZpdmVyIiwiZXhwIjoxNzg2NzM4NjUwLCJpYXQiOjE3ODY2NTIyNTAsImlzX2NvbXBseSI6dHJ1ZSwiamZsZ3MiOjAsIm5hbWVzcGFjZSI6InN1cGVydml2ZSIsIm5iZiI6MTc4NjY1MjE5MCwicGVybWlzc2lvbnMiOlt7IkFjdGlvbiI6MTUsIlJlc291cmNlIjoiTkFNRVNQQUNFOnN1cGVydml2ZToqIn0seyJBY3Rpb24iOjE1LCJSZXNvdXJjZSI6IkFETUlOOk5BTUVTUEFDRTpzdXBlcnZpdmU6KiJ9XSwicm9sZXMiOltdLCJzY29wZSI6ImNvbW1lcmNlIGFjY291bnQgc29jaWFsIHB1Ymxpc2hpbmcgYW5hbHl0aWNzIiwic3ViIjoiOWI5ZDJjODg3ZTI1MjRmOTE4ZTM4M2E4OTVmMmYxYzIiLCJ1bmlxdWVEaXNwbGF5TmFtZSI6IlJldml2ZXIjMDAwMSIsInVuaXF1ZV9kaXNwbGF5X25hbWUiOiJSZXZpdmVyIzAwMDEifQ.S8me6zCTJy1oN7cCA9hQMdHB81PfiOQjPGkisaKCUBzabcSTr1c468GSswCZp1ojqPbBbmOAc-HA5N2o4v-PRiSsk8rqPCyvk3Tx1C5P-rcZZtS-X9XnEtl7wRYgTacQNA_R6vbQgylOOxJ8HarI1u7xWxDlYfxiEDjHEEVHbUlHAE_Oz7PhV80Ms7bc3scLORKG3HPGTqjH9of-EooGUB3k-Xpl9M5eB7A7geV_c8XbzZ0NPELo9dLYVByYKVXzHtk2o0tyzXvdmz-r7FqVYwlN_jOrpiFF_4ti0Wf2ZTI07y-WzKQT1tlXe-OSq86OtwCA0elY-weDLV49mb78gg
    User-Agent: Loki/UE5-CL-0 (http-legacy) Windows/10.0.19045.1.256.64bit

#4190 18:43:38.553  GET /revival/loadout
    -> 200  (0s)
    User-Agent: supervive-loadout-shim

#4191 18:43:38.761  GET /revival/loadout
    -> 200  (0s)
    User-Agent: supervive-loadout-shim

#4192 18:43:38.936  GET /revival/loadout
    -> 200  (0s)
    User-Agent: supervive-loadout-shim

#4193 18:43:39.110  GET /revival/loadout
    -> 200  (0s)
    User-Agent: supervive-loadout-shim

#4194 18:43:39.294  GET /revival/loadout
    -> 200  (0s)
    User-Agent: supervive-loadout-shim

#4195 18:43:39.469  GET /revival/loadout
    -> 200  (0s)
    User-Agent: supervive-loadout-shim

#4196 18:43:39.652  GET /revival/loadout
    -> 200  (0s)
    User-Agent: supervive-loadout-shim

#4197 18:43:39.827  GET /revival/loadout
    -> 200  (0s)
    User-Agent: supervive-loadout-shim

#4198 18:43:40.002  GET /revival/loadout
    -> 200  (0s)
    User-Agent: supervive-loadout-shim

#4199 18:43:40.177  GET /revival/loadout
    -> 200  (0s)
    User-Agent: supervive-loadout-shim

#4200 18:43:40.352  GET /revival/loadout
    -> 200  (0s)
    User-Agent: supervive-loadout-shim

#4201 18:43:40.527  GET /revival/loadout
    -> 200  (0s)
    User-Agent: supervive-loadout-shim

#4202 18:43:40.701  GET /revival/loadout
    -> 200  (0s)
    User-Agent: supervive-loadout-shim

#4203 18:43:40.877  GET /revival/loadout
    -> 200  (0s)
    User-Agent: supervive-loadout-shim

#4204 18:43:41.052  GET /revival/loadout
    -> 200  (0s)
    User-Agent: supervive-loadout-shim

#4205 18:43:41.227  GET /revival/loadout
    -> 200  (0s)
    User-Agent: supervive-loadout-shim

#4206 18:43:41.402  GET /revival/loadout
    -> 200  (0s)
    User-Agent: supervive-loadout-shim

#4207 18:43:41.576  GET /revival/loadout
    -> 200  (0s)
    User-Agent: supervive-loadout-shim

#4208 18:43:41.752  GET /revival/loadout
    -> 200  (0s)
    User-Agent: supervive-loadout-shim

#4209 18:43:41.944  GET /revival/loadout
    -> 200  (0s)
    User-Agent: supervive-loadout-shim

#4210 18:43:42.124  GET /revival/loadout
    -> 200  (0s)
    User-Agent: supervive-loadout-shim

#4211 18:43:42.292  GET /revival/loadout
    -> 200  (0s)
    User-Agent: supervive-loadout-shim

#4212 18:43:42.467  GET /revival/loadout
    -> 200  (0s)
    User-Agent: supervive-loadout-shim

#4213 18:43:42.643  GET /revival/loadout
    -> 200  (0s)
    User-Agent: supervive-loadout-shim

#4214 18:43:42.817  GET /revival/loadout
    -> 200  (0s)
    User-Agent: supervive-loadout-shim

#4215 18:43:42.993  GET /revival/loadout
    -> 200  (0s)
    User-Agent: supervive-loadout-shim

#4216 18:43:43.168  GET /revival/loadout
    -> 200  (0s)
    User-Agent: supervive-loadout-shim

#4217 18:43:43.342  GET /revival/loadout
    -> 200  (0s)
    User-Agent: supervive-loadout-shim

#4218 18:43:43.517  GET /revival/loadout
    -> 200  (0s)
    User-Agent: supervive-loadout-shim

#4219 18:43:43.694  GET /revival/loadout
    -> 200  (0s)
    User-Agent: supervive-loadout-shim

#4220 18:43:43.868  GET /revival/loadout
    -> 200  (0s)
    User-Agent: supervive-loadout-shim

#4221 18:43:44.042  GET /revival/loadout
    -> 200  (0s)
    User-Agent: supervive-loadout-shim

#4222 18:43:44.269  GET /revival/loadout
    -> 200  (0s)
    User-Agent: supervive-loadout-shim

#4223 18:43:44.467  GET /revival/loadout
    -> 200  (0s)
    User-Agent: supervive-loadout-shim

#4224 18:43:44.642  GET /revival/loadout
    -> 200  (0s)
    User-Agent: supervive-loadout-shim

#4225 18:43:44.818  GET /revival/loadout
    -> 200  (0s)
    User-Agent: supervive-loadout-shim

#4226 18:43:44.991  GET /revival/loadout
    -> 200  (0s)
    User-Agent: supervive-loadout-shim

#4227 18:43:45.167  GET /revival/loadout
    -> 200  (0s)
    User-Agent: supervive-loadout-shim

#4228 18:43:45.342  GET /revival/loadout
    -> 200  (0s)
    User-Agent: supervive-loadout-shim

#4229 18:43:45.526  GET /revival/loadout
    -> 200  (0s)
    User-Agent: supervive-loadout-shim

#4230 18:43:45.699  GET /revival/loadout
    -> 200  (0s)
    User-Agent: supervive-loadout-shim

#4231 18:43:45.875  GET /revival/loadout
    -> 200  (0s)
    User-Agent: supervive-loadout-shim

#4232 18:43:46.056  GET /revival/loadout
    -> 200  (0s)
    User-Agent: supervive-loadout-shim

#4233 18:43:46.225  GET /revival/loadout
    -> 200  (0s)
    User-Agent: supervive-loadout-shim

#4234 18:43:46.400  GET /revival/loadout
    -> 200  (0s)
    User-Agent: supervive-loadout-shim

#4235 18:43:46.575  GET /revival/loadout
    -> 200  (0s)
    User-Agent: supervive-loadout-shim

#4236 18:43:46.749  GET /revival/loadout
    -> 200  (0s)
    User-Agent: supervive-loadout-shim

#4237 18:43:46.924  GET /revival/loadout
    -> 200  (0s)
    User-Agent: supervive-loadout-shim

#4238 18:43:47.099  GET /revival/loadout
    -> 200  (0s)
    User-Agent: supervive-loadout-shim

#4239 18:43:47.275  GET /revival/loadout
    -> 200  (0s)
    User-Agent: supervive-loadout-shim

#4240 18:43:47.449  GET /revival/loadout
    -> 200  (0s)
    User-Agent: supervive-loadout-shim

#4241 18:43:47.640  GET /revival/loadout
    -> 200  (0s)
    User-Agent: supervive-loadout-shim

#4242 18:43:47.819  GET /revival/loadout
    -> 200  (0s)
    User-Agent: supervive-loadout-shim

#4243 18:43:47.991  GET /revival/loadout
    -> 200  (0s)
    User-Agent: supervive-loadout-shim

#4244 18:43:48.166  GET /revival/loadout
    -> 200  (0s)
    User-Agent: supervive-loadout-shim

* 18:43:48.202  WS <- /notifications/players/9b9d2c887e2524f918e383a895f2f1c2 BINARY (2 bytes) 6862

* 18:43:48.239  WS -> /notifications/players/9b9d2c887e2524f918e383a895f2f1c2 TEXT hb reply {"Resource":"hb","Version":0,"Payload":""}

#4245 18:43:48.340  GET /revival/loadout
    -> 200  (0s)
    User-Agent: supervive-loadout-shim

#4246 18:43:48.516  GET /revival/loadout
    -> 200  (0s)
    User-Agent: supervive-loadout-shim

#4247 18:43:48.691  GET /revival/loadout
    -> 200  (0s)
    User-Agent: supervive-loadout-shim

#4248 18:43:48.865  GET /revival/loadout
    -> 200  (0s)
    User-Agent: supervive-loadout-shim

#4249 18:43:49.040  GET /revival/loadout
    -> 200  (0s)
    User-Agent: supervive-loadout-shim

#4250 18:43:49.224  GET /revival/loadout
    -> 200  (0s)
    User-Agent: supervive-loadout-shim

#4251 18:43:49.399  GET /revival/loadout
    -> 200  (0s)
    User-Agent: supervive-loadout-shim

#4252 18:43:49.573  GET /revival/loadout
    -> 200  (0s)
    User-Agent: supervive-loadout-shim

#4253 18:43:49.749  GET /revival/loadout
    -> 200  (0s)
    User-Agent: supervive-loadout-shim

#4254 18:43:49.942  GET /revival/loadout
    -> 200  (0s)
    User-Agent: supervive-loadout-shim

#4255 18:43:50.131  GET /revival/loadout
    -> 200  (1ms)
    User-Agent: supervive-loadout-shim

#4256 18:43:50.319  GET /revival/loadout
    -> 200  (0s)
    User-Agent: supervive-loadout-shim

#4257 18:43:50.490  GET /revival/loadout
    -> 200  (0s)
    User-Agent: supervive-loadout-shim

#4258 18:43:50.668  GET /revival/loadout
    -> 200  (0s)
    User-Agent: supervive-loadout-shim

#4259 18:43:50.854  GET /revival/loadout
    -> 200  (0s)
    User-Agent: supervive-loadout-shim

#4260 18:43:51.031  GET /revival/loadout
    -> 200  (0s)
    User-Agent: supervive-loadout-shim

#4261 18:43:51.235  GET /revival/loadout
    -> 200  (0s)
    User-Agent: supervive-loadout-shim

#4262 18:43:51.424  GET /revival/loadout
    -> 200  (0s)
    User-Agent: supervive-loadout-shim

#4263 18:43:51.598  GET /revival/loadout
    -> 200  (0s)
    User-Agent: supervive-loadout-shim

* 18:43:51.626  WS <- /lobby TEXT ""

#4264 18:43:51.773  GET /revival/loadout
    -> 200  (0s)
    User-Agent: supervive-loadout-shim

#4265 18:43:51.956  GET /revival/loadout
    -> 200  (0s)
    User-Agent: supervive-loadout-shim

#4266 18:43:52.132  GET /revival/loadout
    -> 200  (0s)
    User-Agent: supervive-loadout-shim

#4267 18:43:52.306  GET /revival/loadout
    -> 200  (0s)
    User-Agent: supervive-loadout-shim

#4268 18:43:52.481  GET /revival/loadout
    -> 200  (0s)
    User-Agent: supervive-loadout-shim

#4269 18:43:52.655  GET /revival/loadout
    -> 200  (0s)
    User-Agent: supervive-loadout-shim

#4270 18:43:52.831  GET /revival/loadout
    -> 200  (0s)
    User-Agent: supervive-loadout-shim

#4271 18:43:53.005  GET /revival/loadout
    -> 200  (0s)
    User-Agent: supervive-loadout-shim

#4272 18:43:53.181  GET /revival/loadout
    -> 200  (0s)
    User-Agent: supervive-loadout-shim

#4273 18:43:53.219  GET /core-game/regions
    -> 200  (0s)
    Accept: */*
    X-Theorycraft-Clientversion: release2.4.live-156430-shipping
    Authorization: Bearer eyJhbGciOiJSUzI1NiIsImtpZCI6InN1cGVydml2ZS1yZXZpdmFsLWtleS0xIiwidHlwIjoiSldUIn0.eyJiYW5zIjpbXSwiY2xpZW50X2lkIjoiYmE4ZmI1OWEzNGJiNDgxYWJjYTA4YzQ2YmE0ODgwMjUiLCJjb3VudHJ5IjoiVVMiLCJkaXNwbGF5X25hbWUiOiJSZXZpdmVyIiwiZXhwIjoxNzg2NzM4NjUwLCJpYXQiOjE3ODY2NTIyNTAsImlzX2NvbXBseSI6dHJ1ZSwiamZsZ3MiOjAsIm5hbWVzcGFjZSI6InN1cGVydml2ZSIsIm5iZiI6MTc4NjY1MjE5MCwicGVybWlzc2lvbnMiOlt7IkFjdGlvbiI6MTUsIlJlc291cmNlIjoiTkFNRVNQQUNFOnN1cGVydml2ZToqIn0seyJBY3Rpb24iOjE1LCJSZXNvdXJjZSI6IkFETUlOOk5BTUVTUEFDRTpzdXBlcnZpdmU6KiJ9XSwicm9sZXMiOltdLCJzY29wZSI6ImNvbW1lcmNlIGFjY291bnQgc29jaWFsIHB1Ymxpc2hpbmcgYW5hbHl0aWNzIiwic3ViIjoiOWI5ZDJjODg3ZTI1MjRmOTE4ZTM4M2E4OTVmMmYxYzIiLCJ1bmlxdWVEaXNwbGF5TmFtZSI6IlJldml2ZXIjMDAwMSIsInVuaXF1ZV9kaXNwbGF5X25hbWUiOiJSZXZpdmVyIzAwMDEifQ.S8me6zCTJy1oN7cCA9hQMdHB81PfiOQjPGkisaKCUBzabcSTr1c468GSswCZp1ojqPbBbmOAc-HA5N2o4v-PRiSsk8rqPCyvk3Tx1C5P-rcZZtS-X9XnEtl7wRYgTacQNA_R6vbQgylOOxJ8HarI1u7xWxDlYfxiEDjHEEVHbUlHAE_Oz7PhV80Ms7bc3scLORKG3HPGTqjH9of-EooGUB3k-Xpl9M5eB7A7geV_c8XbzZ0NPELo9dLYVByYKVXzHtk2o0tyzXvdmz-r7FqVYwlN_jOrpiFF_4ti0Wf2ZTI07y-WzKQT1tlXe-OSq86OtwCA0elY-weDLV49mb78gg
    User-Agent: Loki/UE5-CL-0 (http-legacy) Windows/10.0.19045.1.256.64bit

#4274 18:43:53.219  GET /mailbox/config/version
    -> 200  (0s)
    User-Agent: Loki/UE5-CL-0 (http-legacy) Windows/10.0.19045.1.256.64bit
    Accept: */*
    X-Theorycraft-Clientversion: release2.4.live-156430-shipping
    Authorization: Bearer eyJhbGciOiJSUzI1NiIsImtpZCI6InN1cGVydml2ZS1yZXZpdmFsLWtleS0xIiwidHlwIjoiSldUIn0.eyJiYW5zIjpbXSwiY2xpZW50X2lkIjoiYmE4ZmI1OWEzNGJiNDgxYWJjYTA4YzQ2YmE0ODgwMjUiLCJjb3VudHJ5IjoiVVMiLCJkaXNwbGF5X25hbWUiOiJSZXZpdmVyIiwiZXhwIjoxNzg2NzM4NjUwLCJpYXQiOjE3ODY2NTIyNTAsImlzX2NvbXBseSI6dHJ1ZSwiamZsZ3MiOjAsIm5hbWVzcGFjZSI6InN1cGVydml2ZSIsIm5iZiI6MTc4NjY1MjE5MCwicGVybWlzc2lvbnMiOlt7IkFjdGlvbiI6MTUsIlJlc291cmNlIjoiTkFNRVNQQUNFOnN1cGVydml2ZToqIn0seyJBY3Rpb24iOjE1LCJSZXNvdXJjZSI6IkFETUlOOk5BTUVTUEFDRTpzdXBlcnZpdmU6KiJ9XSwicm9sZXMiOltdLCJzY29wZSI6ImNvbW1lcmNlIGFjY291bnQgc29jaWFsIHB1Ymxpc2hpbmcgYW5hbHl0aWNzIiwic3ViIjoiOWI5ZDJjODg3ZTI1MjRmOTE4ZTM4M2E4OTVmMmYxYzIiLCJ1bmlxdWVEaXNwbGF5TmFtZSI6IlJldml2ZXIjMDAwMSIsInVuaXF1ZV9kaXNwbGF5X25hbWUiOiJSZXZpdmVyIzAwMDEifQ.S8me6zCTJy1oN7cCA9hQMdHB81PfiOQjPGkisaKCUBzabcSTr1c468GSswCZp1ojqPbBbmOAc-HA5N2o4v-PRiSsk8rqPCyvk3Tx1C5P-rcZZtS-X9XnEtl7wRYgTacQNA_R6vbQgylOOxJ8HarI1u7xWxDlYfxiEDjHEEVHbUlHAE_Oz7PhV80Ms7bc3scLORKG3HPGTqjH9of-EooGUB3k-Xpl9M5eB7A7geV_c8XbzZ0NPELo9dLYVByYKVXzHtk2o0tyzXvdmz-r7FqVYwlN_jOrpiFF_4ti0Wf2ZTI07y-WzKQT1tlXe-OSq86OtwCA0elY-weDLV49mb78gg

#4275 18:43:53.224  GET /party/matchmaking/info
    -> 200  (0s)
    Accept: */*
    Authorization: Bearer eyJhbGciOiJSUzI1NiIsImtpZCI6InN1cGVydml2ZS1yZXZpdmFsLWtleS0xIiwidHlwIjoiSldUIn0.eyJiYW5zIjpbXSwiY2xpZW50X2lkIjoiYmE4ZmI1OWEzNGJiNDgxYWJjYTA4YzQ2YmE0ODgwMjUiLCJjb3VudHJ5IjoiVVMiLCJkaXNwbGF5X25hbWUiOiJSZXZpdmVyIiwiZXhwIjoxNzg2NzM4NjUwLCJpYXQiOjE3ODY2NTIyNTAsImlzX2NvbXBseSI6dHJ1ZSwiamZsZ3MiOjAsIm5hbWVzcGFjZSI6InN1cGVydml2ZSIsIm5iZiI6MTc4NjY1MjE5MCwicGVybWlzc2lvbnMiOlt7IkFjdGlvbiI6MTUsIlJlc291cmNlIjoiTkFNRVNQQUNFOnN1cGVydml2ZToqIn0seyJBY3Rpb24iOjE1LCJSZXNvdXJjZSI6IkFETUlOOk5BTUVTUEFDRTpzdXBlcnZpdmU6KiJ9XSwicm9sZXMiOltdLCJzY29wZSI6ImNvbW1lcmNlIGFjY291bnQgc29jaWFsIHB1Ymxpc2hpbmcgYW5hbHl0aWNzIiwic3ViIjoiOWI5ZDJjODg3ZTI1MjRmOTE4ZTM4M2E4OTVmMmYxYzIiLCJ1bmlxdWVEaXNwbGF5TmFtZSI6IlJldml2ZXIjMDAwMSIsInVuaXF1ZV9kaXNwbGF5X25hbWUiOiJSZXZpdmVyIzAwMDEifQ.S8me6zCTJy1oN7cCA9hQMdHB81PfiOQjPGkisaKCUBzabcSTr1c468GSswCZp1ojqPbBbmOAc-HA5N2o4v-PRiSsk8rqPCyvk3Tx1C5P-rcZZtS-X9XnEtl7wRYgTacQNA_R6vbQgylOOxJ8HarI1u7xWxDlYfxiEDjHEEVHbUlHAE_Oz7PhV80Ms7bc3scLORKG3HPGTqjH9of-EooGUB3k-Xpl9M5eB7A7geV_c8XbzZ0NPELo9dLYVByYKVXzHtk2o0tyzXvdmz-r7FqVYwlN_jOrpiFF_4ti0Wf2ZTI07y-WzKQT1tlXe-OSq86OtwCA0elY-weDLV49mb78gg
    User-Agent: Loki/UE5-CL-0 (http-legacy) Windows/10.0.19045.1.256.64bit
    X-Theorycraft-Clientversion: release2.4.live-156430-shipping

#4276 18:43:53.356  GET /revival/loadout
    -> 200  (0s)
    User-Agent: supervive-loadout-shim

#4277 18:43:53.531  GET /revival/loadout
    -> 200  (1ms)
    User-Agent: supervive-loadout-shim

#4278 18:43:53.714  GET /revival/loadout
    -> 200  (0s)
    User-Agent: supervive-loadout-shim

#4279 18:43:53.889  GET /revival/loadout
    -> 200  (0s)
    User-Agent: supervive-loadout-shim

#4280 18:43:53.950  GET /revival/missions/progress
    -> 200  (0s)
    User-Agent: supervive-missions-shim

#4281 18:43:54.064  GET /revival/loadout
    -> 200  (0s)
    User-Agent: supervive-loadout-shim

#4282 18:43:54.239  GET /revival/loadout
    -> 200  (0s)
    User-Agent: supervive-loadout-shim

#4283 18:43:54.412  GET /revival/loadout
    -> 200  (0s)
    User-Agent: supervive-loadout-shim

#4284 18:43:54.588  GET /revival/loadout
    -> 200  (0s)
    User-Agent: supervive-loadout-shim

#4285 18:43:54.763  GET /revival/loadout
    -> 200  (0s)
    User-Agent: supervive-loadout-shim

#4286 18:43:54.938  GET /revival/loadout
    -> 200  (0s)
    User-Agent: supervive-loadout-shim

#4287 18:43:55.114  GET /revival/loadout
    -> 200  (0s)
    User-Agent: supervive-loadout-shim

#4288 18:43:55.288  GET /revival/loadout
    -> 200  (0s)
    User-Agent: supervive-loadout-shim

#4289 18:43:55.461  GET /revival/loadout
    -> 200  (0s)
    User-Agent: supervive-loadout-shim

#4290 18:43:55.638  GET /revival/loadout
    -> 200  (0s)
    User-Agent: supervive-loadout-shim

#4291 18:43:55.813  GET /revival/loadout
    -> 200  (0s)
    User-Agent: supervive-loadout-shim

#4292 18:43:55.988  GET /revival/loadout
    -> 200  (0s)
    User-Agent: supervive-loadout-shim

#4293 18:43:56.163  GET /revival/loadout
    -> 200  (0s)
    User-Agent: supervive-loadout-shim

#4294 18:43:56.249  GET /configuration/client?language=en
    -> 200  (0s)
    Accept: */*
    User-Agent: Loki/UE5-CL-0 (http-legacy) Windows/10.0.19045.1.256.64bit
    X-Theorycraft-Clientversion: release2.4.live-156430-shipping
    Authorization: Bearer eyJhbGciOiJSUzI1NiIsImtpZCI6InN1cGVydml2ZS1yZXZpdmFsLWtleS0xIiwidHlwIjoiSldUIn0.eyJiYW5zIjpbXSwiY2xpZW50X2lkIjoiYmE4ZmI1OWEzNGJiNDgxYWJjYTA4YzQ2YmE0ODgwMjUiLCJjb3VudHJ5IjoiVVMiLCJkaXNwbGF5X25hbWUiOiJSZXZpdmVyIiwiZXhwIjoxNzg2NzM4NjUwLCJpYXQiOjE3ODY2NTIyNTAsImlzX2NvbXBseSI6dHJ1ZSwiamZsZ3MiOjAsIm5hbWVzcGFjZSI6InN1cGVydml2ZSIsIm5iZiI6MTc4NjY1MjE5MCwicGVybWlzc2lvbnMiOlt7IkFjdGlvbiI6MTUsIlJlc291cmNlIjoiTkFNRVNQQUNFOnN1cGVydml2ZToqIn0seyJBY3Rpb24iOjE1LCJSZXNvdXJjZSI6IkFETUlOOk5BTUVTUEFDRTpzdXBlcnZpdmU6KiJ9XSwicm9sZXMiOltdLCJzY29wZSI6ImNvbW1lcmNlIGFjY291bnQgc29jaWFsIHB1Ymxpc2hpbmcgYW5hbHl0aWNzIiwic3ViIjoiOWI5ZDJjODg3ZTI1MjRmOTE4ZTM4M2E4OTVmMmYxYzIiLCJ1bmlxdWVEaXNwbGF5TmFtZSI6IlJldml2ZXIjMDAwMSIsInVuaXF1ZV9kaXNwbGF5X25hbWUiOiJSZXZpdmVyIzAwMDEifQ.S8me6zCTJy1oN7cCA9hQMdHB81PfiOQjPGkisaKCUBzabcSTr1c468GSswCZp1ojqPbBbmOAc-HA5N2o4v-PRiSsk8rqPCyvk3Tx1C5P-rcZZtS-X9XnEtl7wRYgTacQNA_R6vbQgylOOxJ8HarI1u7xWxDlYfxiEDjHEEVHbUlHAE_Oz7PhV80Ms7bc3scLORKG3HPGTqjH9of-EooGUB3k-Xpl9M5eB7A7geV_c8XbzZ0NPELo9dLYVByYKVXzHtk2o0tyzXvdmz-r7FqVYwlN_jOrpiFF_4ti0Wf2ZTI07y-WzKQT1tlXe-OSq86OtwCA0elY-weDLV49mb78gg

#4295 18:43:56.312  GET /content-service/manifest/release2.4.live-156430-shipping?nonEnabledOnly=true
    -> 200  (0s)
    Accept: */*
    X-Theorycraft-Clientversion: release2.4.live-156430-shipping
    Authorization: Bearer eyJhbGciOiJSUzI1NiIsImtpZCI6InN1cGVydml2ZS1yZXZpdmFsLWtleS0xIiwidHlwIjoiSldUIn0.eyJiYW5zIjpbXSwiY2xpZW50X2lkIjoiYmE4ZmI1OWEzNGJiNDgxYWJjYTA4YzQ2YmE0ODgwMjUiLCJjb3VudHJ5IjoiVVMiLCJkaXNwbGF5X25hbWUiOiJSZXZpdmVyIiwiZXhwIjoxNzg2NzM4NjUwLCJpYXQiOjE3ODY2NTIyNTAsImlzX2NvbXBseSI6dHJ1ZSwiamZsZ3MiOjAsIm5hbWVzcGFjZSI6InN1cGVydml2ZSIsIm5iZiI6MTc4NjY1MjE5MCwicGVybWlzc2lvbnMiOlt7IkFjdGlvbiI6MTUsIlJlc291cmNlIjoiTkFNRVNQQUNFOnN1cGVydml2ZToqIn0seyJBY3Rpb24iOjE1LCJSZXNvdXJjZSI6IkFETUlOOk5BTUVTUEFDRTpzdXBlcnZpdmU6KiJ9XSwicm9sZXMiOltdLCJzY29wZSI6ImNvbW1lcmNlIGFjY291bnQgc29jaWFsIHB1Ymxpc2hpbmcgYW5hbHl0aWNzIiwic3ViIjoiOWI5ZDJjODg3ZTI1MjRmOTE4ZTM4M2E4OTVmMmYxYzIiLCJ1bmlxdWVEaXNwbGF5TmFtZSI6IlJldml2ZXIjMDAwMSIsInVuaXF1ZV9kaXNwbGF5X25hbWUiOiJSZXZpdmVyIzAwMDEifQ.S8me6zCTJy1oN7cCA9hQMdHB81PfiOQjPGkisaKCUBzabcSTr1c468GSswCZp1ojqPbBbmOAc-HA5N2o4v-PRiSsk8rqPCyvk3Tx1C5P-rcZZtS-X9XnEtl7wRYgTacQNA_R6vbQgylOOxJ8HarI1u7xWxDlYfxiEDjHEEVHbUlHAE_Oz7PhV80Ms7bc3scLORKG3HPGTqjH9of-EooGUB3k-Xpl9M5eB7A7geV_c8XbzZ0NPELo9dLYVByYKVXzHtk2o0tyzXvdmz-r7FqVYwlN_jOrpiFF_4ti0Wf2ZTI07y-WzKQT1tlXe-OSq86OtwCA0elY-weDLV49mb78gg
    User-Agent: Loki/UE5-CL-0 (http-legacy) Windows/10.0.19045.1.256.64bit

#4296 18:43:56.338  GET /revival/loadout
    -> 200  (0s)
    User-Agent: supervive-loadout-shim

#4297 18:43:56.533  GET /revival/loadout
    -> 200  (0s)
    User-Agent: supervive-loadout-shim

#4298 18:43:56.712  GET /revival/loadout
    -> 200  (0s)
    User-Agent: supervive-loadout-shim

#4299 18:43:56.888  GET /revival/loadout
    -> 200  (0s)
    User-Agent: supervive-loadout-shim

#4300 18:43:57.062  GET /revival/loadout
    -> 200  (0s)
    User-Agent: supervive-loadout-shim

#4301 18:43:57.238  GET /revival/loadout
    -> 200  (0s)
    User-Agent: supervive-loadout-shim

#4302 18:43:57.411  GET /revival/loadout
    -> 200  (0s)
    User-Agent: supervive-loadout-shim

#4303 18:43:57.592  GET /revival/loadout
    -> 200  (0s)
    User-Agent: supervive-loadout-shim

#4304 18:43:57.770  GET /revival/loadout
    -> 200  (0s)
    User-Agent: supervive-loadout-shim

#4305 18:43:57.946  GET /revival/loadout
    -> 200  (0s)
    User-Agent: supervive-loadout-shim

#4306 18:43:58.128  GET /revival/loadout
    -> 200  (0s)
    User-Agent: supervive-loadout-shim

#4307 18:43:58.304  GET /revival/loadout
    -> 200  (0s)
    User-Agent: supervive-loadout-shim

#4308 18:43:58.479  GET /revival/loadout
    -> 200  (0s)
    User-Agent: supervive-loadout-shim

#4309 18:43:58.653  GET /revival/loadout
    -> 200  (0s)
    User-Agent: supervive-loadout-shim

#4310 18:43:58.829  GET /revival/loadout
    -> 200  (0s)
    User-Agent: supervive-loadout-shim

#4311 18:43:59.003  GET /revival/loadout
    -> 200  (0s)
    User-Agent: supervive-loadout-shim

#4312 18:43:59.178  GET /revival/loadout
    -> 200  (0s)
    User-Agent: supervive-loadout-shim

#4313 18:43:59.352  GET /revival/loadout
    -> 200  (0s)
    User-Agent: supervive-loadout-shim

#4314 18:43:59.527  GET /revival/loadout
    -> 200  (0s)
    User-Agent: supervive-loadout-shim

#4315 18:43:59.703  GET /revival/loadout
    -> 200  (0s)
    User-Agent: supervive-loadout-shim

#4316 18:43:59.878  GET /revival/loadout
    -> 200  (0s)
    User-Agent: supervive-loadout-shim

#4317 18:44:00.052  GET /revival/loadout
    -> 200  (0s)
    User-Agent: supervive-loadout-shim

#4318 18:44:00.227  GET /revival/loadout
    -> 200  (0s)
    User-Agent: supervive-loadout-shim

#4319 18:44:00.402  GET /revival/loadout
    -> 200  (0s)
    User-Agent: supervive-loadout-shim

#4320 18:44:00.586  GET /revival/loadout
    -> 200  (0s)
    User-Agent: supervive-loadout-shim

#4321 18:44:00.760  GET /revival/loadout
    -> 200  (0s)
    User-Agent: supervive-loadout-shim

#4322 18:44:00.935  GET /revival/loadout
    -> 200  (0s)
    User-Agent: supervive-loadout-shim

#4323 18:44:01.111  GET /revival/loadout
    -> 200  (0s)
    User-Agent: supervive-loadout-shim

#4324 18:44:01.294  GET /revival/loadout
    -> 200  (0s)
    User-Agent: supervive-loadout-shim

#4325 18:44:01.469  GET /revival/loadout
    -> 200  (0s)
    User-Agent: supervive-loadout-shim

#4326 18:44:01.643  GET /revival/loadout
    -> 200  (0s)
    User-Agent: supervive-loadout-shim

#4327 18:44:01.819  GET /revival/loadout
    -> 200  (0s)
    User-Agent: supervive-loadout-shim

#4328 18:44:01.993  GET /revival/loadout
    -> 200  (0s)
    User-Agent: supervive-loadout-shim

#4329 18:44:02.168  GET /revival/loadout
    -> 200  (0s)
    User-Agent: supervive-loadout-shim

#4330 18:44:02.344  GET /revival/loadout
    -> 200  (0s)
    User-Agent: supervive-loadout-shim

#4331 18:44:02.519  GET /revival/loadout
    -> 200  (0s)
    User-Agent: supervive-loadout-shim

#4332 18:44:02.693  GET /revival/loadout
    -> 200  (0s)
    User-Agent: supervive-loadout-shim

#4333 18:44:02.869  GET /revival/loadout
    -> 200  (0s)
    User-Agent: supervive-loadout-shim

#4334 18:44:03.043  GET /revival/loadout
    -> 200  (0s)
    User-Agent: supervive-loadout-shim

#4335 18:44:03.218  GET /revival/loadout
    -> 200  (0s)
    User-Agent: supervive-loadout-shim

#4336 18:44:03.399  GET /revival/loadout
    -> 200  (0s)
    User-Agent: supervive-loadout-shim

#4337 18:44:03.581  GET /revival/loadout
    -> 200  (0s)
    User-Agent: supervive-loadout-shim

#4338 18:44:03.751  GET /revival/loadout
    -> 200  (0s)
    User-Agent: supervive-loadout-shim

#4339 18:44:03.925  GET /revival/loadout
    -> 200  (1ms)
    User-Agent: supervive-loadout-shim

#4340 18:44:04.101  GET /revival/loadout
    -> 200  (0s)
    User-Agent: supervive-loadout-shim

#4341 18:44:04.276  GET /revival/loadout
    -> 200  (0s)
    User-Agent: supervive-loadout-shim

#4342 18:44:04.450  GET /revival/loadout
    -> 200  (0s)
    User-Agent: supervive-loadout-shim

#4343 18:44:04.626  GET /revival/loadout
    -> 200  (0s)
    User-Agent: supervive-loadout-shim

#4344 18:44:04.801  GET /revival/loadout
    -> 200  (0s)
    User-Agent: supervive-loadout-shim

#4345 18:44:04.975  GET /revival/loadout
    -> 200  (0s)
    User-Agent: supervive-loadout-shim

#4346 18:44:05.149  GET /revival/loadout
    -> 200  (0s)
    User-Agent: supervive-loadout-shim

#4347 18:44:05.325  GET /revival/loadout
    -> 200  (0s)
    User-Agent: supervive-loadout-shim

#4348 18:44:05.541  GET /revival/loadout
    -> 200  (0s)
    User-Agent: supervive-loadout-shim

#4349 18:44:05.734  GET /revival/loadout
    -> 200  (0s)
    User-Agent: supervive-loadout-shim

#4350 18:44:05.909  GET /revival/loadout
    -> 200  (0s)
    User-Agent: supervive-loadout-shim

#4351 18:44:06.084  GET /revival/loadout
    -> 200  (0s)
    User-Agent: supervive-loadout-shim

#4352 18:44:06.258  GET /revival/loadout
    -> 200  (0s)
    User-Agent: supervive-loadout-shim

#4353 18:44:06.434  GET /revival/loadout
    -> 200  (0s)
    User-Agent: supervive-loadout-shim

#4354 18:44:06.609  GET /revival/loadout
    -> 200  (0s)
    User-Agent: supervive-loadout-shim

#4355 18:44:06.784  GET /revival/loadout
    -> 200  (0s)
    User-Agent: supervive-loadout-shim

#4356 18:44:06.959  GET /revival/loadout
    -> 200  (0s)
    User-Agent: supervive-loadout-shim

#4357 18:44:07.134  GET /revival/loadout
    -> 200  (0s)
    User-Agent: supervive-loadout-shim

#4358 18:44:07.309  GET /revival/loadout
    -> 200  (0s)
    User-Agent: supervive-loadout-shim

#4359 18:44:07.484  GET /revival/loadout
    -> 200  (0s)
    User-Agent: supervive-loadout-shim

#4360 18:44:07.659  GET /revival/loadout
    -> 200  (0s)
    User-Agent: supervive-loadout-shim

#4361 18:44:07.833  GET /revival/loadout
    -> 200  (0s)
    User-Agent: supervive-loadout-shim

#4362 18:44:08.008  GET /revival/loadout
    -> 200  (0s)
    User-Agent: supervive-loadout-shim

#4363 18:44:08.184  GET /revival/loadout
    -> 200  (0s)
    User-Agent: supervive-loadout-shim

#4364 18:44:08.358  GET /revival/loadout
    -> 200  (0s)
    User-Agent: supervive-loadout-shim

#4365 18:44:08.533  GET /revival/loadout
    -> 200  (0s)
    User-Agent: supervive-loadout-shim

#4366 18:44:08.708  GET /revival/loadout
    -> 200  (0s)
    User-Agent: supervive-loadout-shim

#4367 18:44:08.890  GET /revival/loadout
    -> 200  (0s)
    User-Agent: supervive-loadout-shim

#4368 18:44:09.066  GET /revival/loadout
    -> 200  (0s)
    User-Agent: supervive-loadout-shim

#4369 18:44:09.240  GET /revival/loadout
    -> 200  (0s)
    User-Agent: supervive-loadout-shim

#4370 18:44:09.416  GET /revival/loadout
    -> 200  (0s)
    User-Agent: supervive-loadout-shim

#4371 18:44:09.472  GET /party/players/9b9d2c887e2524f918e383a895f2f1c2/voice
    -> 200  (0s)
    User-Agent: Loki/UE5-CL-0 (http-legacy) Windows/10.0.19045.1.256.64bit
    Accept: */*
    X-Theorycraft-Clientversion: release2.4.live-156430-shipping
    Authorization: Bearer eyJhbGciOiJSUzI1NiIsImtpZCI6InN1cGVydml2ZS1yZXZpdmFsLWtleS0xIiwidHlwIjoiSldUIn0.eyJiYW5zIjpbXSwiY2xpZW50X2lkIjoiYmE4ZmI1OWEzNGJiNDgxYWJjYTA4YzQ2YmE0ODgwMjUiLCJjb3VudHJ5IjoiVVMiLCJkaXNwbGF5X25hbWUiOiJSZXZpdmVyIiwiZXhwIjoxNzg2NzM4NjUwLCJpYXQiOjE3ODY2NTIyNTAsImlzX2NvbXBseSI6dHJ1ZSwiamZsZ3MiOjAsIm5hbWVzcGFjZSI6InN1cGVydml2ZSIsIm5iZiI6MTc4NjY1MjE5MCwicGVybWlzc2lvbnMiOlt7IkFjdGlvbiI6MTUsIlJlc291cmNlIjoiTkFNRVNQQUNFOnN1cGVydml2ZToqIn0seyJBY3Rpb24iOjE1LCJSZXNvdXJjZSI6IkFETUlOOk5BTUVTUEFDRTpzdXBlcnZpdmU6KiJ9XSwicm9sZXMiOltdLCJzY29wZSI6ImNvbW1lcmNlIGFjY291bnQgc29jaWFsIHB1Ymxpc2hpbmcgYW5hbHl0aWNzIiwic3ViIjoiOWI5ZDJjODg3ZTI1MjRmOTE4ZTM4M2E4OTVmMmYxYzIiLCJ1bmlxdWVEaXNwbGF5TmFtZSI6IlJldml2ZXIjMDAwMSIsInVuaXF1ZV9kaXNwbGF5X25hbWUiOiJSZXZpdmVyIzAwMDEifQ.S8me6zCTJy1oN7cCA9hQMdHB81PfiOQjPGkisaKCUBzabcSTr1c468GSswCZp1ojqPbBbmOAc-HA5N2o4v-PRiSsk8rqPCyvk3Tx1C5P-rcZZtS-X9XnEtl7wRYgTacQNA_R6vbQgylOOxJ8HarI1u7xWxDlYfxiEDjHEEVHbUlHAE_Oz7PhV80Ms7bc3scLORKG3HPGTqjH9of-EooGUB3k-Xpl9M5eB7A7geV_c8XbzZ0NPELo9dLYVByYKVXzHtk2o0tyzXvdmz-r7FqVYwlN_jOrpiFF_4ti0Wf2ZTI07y-WzKQT1tlXe-OSq86OtwCA0elY-weDLV49mb78gg

#4372 18:44:09.590  GET /revival/loadout
    -> 200  (1ms)
    User-Agent: supervive-loadout-shim

#4373 18:44:09.766  GET /revival/loadout
    -> 200  (0s)
    User-Agent: supervive-loadout-shim

#4374 18:44:09.940  GET /revival/loadout
    -> 200  (0s)
    User-Agent: supervive-loadout-shim

#4375 18:44:10.116  GET /revival/loadout
    -> 200  (0s)
    User-Agent: supervive-loadout-shim

#4376 18:44:10.299  GET /revival/loadout
    -> 200  (0s)
    User-Agent: supervive-loadout-shim

#4377 18:44:10.518  GET /revival/loadout
    -> 200  (0s)
    User-Agent: supervive-loadout-shim

#4378 18:44:10.698  GET /revival/loadout
    -> 200  (0s)
    User-Agent: supervive-loadout-shim

#4379 18:44:10.874  GET /revival/loadout
    -> 200  (0s)
    User-Agent: supervive-loadout-shim

#4380 18:44:11.049  GET /revival/loadout
    -> 200  (0s)
    User-Agent: supervive-loadout-shim

#4381 18:44:11.223  GET /revival/loadout
    -> 200  (0s)
    User-Agent: supervive-loadout-shim

#4382 18:44:11.399  GET /revival/loadout
    -> 200  (0s)
    User-Agent: supervive-loadout-shim

#4383 18:44:11.582  GET /revival/loadout
    -> 200  (0s)
    User-Agent: supervive-loadout-shim

#4384 18:44:11.757  GET /revival/loadout
    -> 200  (0s)
    User-Agent: supervive-loadout-shim

#4385 18:44:11.932  GET /revival/loadout
    -> 200  (0s)
    User-Agent: supervive-loadout-shim

#4386 18:44:12.105  GET /revival/loadout
    -> 200  (0s)
    User-Agent: supervive-loadout-shim

#4387 18:44:12.282  GET /revival/loadout
    -> 200  (0s)
    User-Agent: supervive-loadout-shim

#4388 18:44:12.457  GET /revival/loadout
    -> 200  (0s)
    User-Agent: supervive-loadout-shim

#4389 18:44:12.631  GET /revival/loadout
    -> 200  (0s)
    User-Agent: supervive-loadout-shim

#4390 18:44:12.807  GET /revival/loadout
    -> 200  (0s)
    User-Agent: supervive-loadout-shim

#4391 18:44:12.981  GET /revival/loadout
    -> 200  (0s)
    User-Agent: supervive-loadout-shim

#4392 18:44:13.156  GET /revival/loadout
    -> 200  (0s)
    User-Agent: supervive-loadout-shim

#4393 18:44:13.331  GET /revival/loadout
    -> 200  (0s)
    User-Agent: supervive-loadout-shim

#4394 18:44:13.505  GET /revival/loadout
    -> 200  (0s)
    User-Agent: supervive-loadout-shim

#4395 18:44:13.681  GET /revival/loadout
    -> 200  (0s)
    User-Agent: supervive-loadout-shim

#4396 18:44:13.856  GET /revival/loadout
    -> 200  (0s)
    User-Agent: supervive-loadout-shim

#4397 18:44:14.031  GET /revival/loadout
    -> 200  (0s)
    User-Agent: supervive-loadout-shim

#4398 18:44:14.206  GET /revival/loadout
    -> 200  (0s)
    User-Agent: supervive-loadout-shim

#4399 18:44:14.380  GET /revival/loadout
    -> 200  (0s)
    User-Agent: supervive-loadout-shim

#4400 18:44:14.556  GET /revival/loadout
    -> 200  (0s)
    User-Agent: supervive-loadout-shim

#4401 18:44:14.730  GET /revival/loadout
    -> 200  (0s)
    User-Agent: supervive-loadout-shim

#4402 18:44:14.914  GET /revival/loadout
    -> 200  (0s)
    User-Agent: supervive-loadout-shim

#4403 18:44:15.087  GET /revival/loadout
    -> 200  (0s)
    User-Agent: supervive-loadout-shim

#4404 18:44:15.265  GET /revival/loadout
    -> 200  (0s)
    User-Agent: supervive-loadout-shim

#4405 18:44:15.438  GET /revival/loadout
    -> 200  (0s)
    User-Agent: supervive-loadout-shim

#4406 18:44:15.613  GET /revival/loadout
    -> 200  (0s)
    User-Agent: supervive-loadout-shim

#4407 18:44:15.789  GET /revival/loadout
    -> 200  (0s)
    User-Agent: supervive-loadout-shim

#4408 18:44:15.971  GET /revival/loadout
    -> 200  (0s)
    User-Agent: supervive-loadout-shim

#4409 18:44:16.147  GET /revival/loadout
    -> 200  (0s)
    User-Agent: supervive-loadout-shim

#4410 18:44:16.321  GET /revival/loadout
    -> 200  (0s)
    User-Agent: supervive-loadout-shim

#4411 18:44:16.497  GET /revival/loadout
    -> 200  (0s)
    User-Agent: supervive-loadout-shim

#4412 18:44:16.671  GET /revival/loadout
    -> 200  (0s)
    User-Agent: supervive-loadout-shim

#4413 18:44:16.855  GET /revival/loadout
    -> 200  (0s)
    User-Agent: supervive-loadout-shim

#4414 18:44:17.030  GET /revival/loadout
    -> 200  (0s)
    User-Agent: supervive-loadout-shim

#4415 18:44:17.205  GET /revival/loadout
    -> 200  (0s)
    User-Agent: supervive-loadout-shim

#4416 18:44:17.380  GET /revival/loadout
    -> 200  (0s)
    User-Agent: supervive-loadout-shim

#4417 18:44:17.555  GET /revival/loadout
    -> 200  (0s)
    User-Agent: supervive-loadout-shim

#4418 18:44:17.729  GET /revival/loadout
    -> 200  (0s)
    User-Agent: supervive-loadout-shim

#4419 18:44:17.904  GET /revival/loadout
    -> 200  (0s)
    User-Agent: supervive-loadout-shim

#4420 18:44:18.079  GET /revival/loadout
    -> 200  (0s)
    User-Agent: supervive-loadout-shim

#4421 18:44:18.254  GET /revival/loadout
    -> 200  (0s)
    User-Agent: supervive-loadout-shim

* 18:44:18.297  WS -> /notifications/players/9b9d2c887e2524f918e383a895f2f1c2 BINARY hb (proactive 30s keepalive)

#4422 18:44:18.429  GET /revival/loadout
    -> 200  (0s)
    User-Agent: supervive-loadout-shim

#4423 18:44:18.605  GET /revival/loadout
    -> 200  (0s)
    User-Agent: supervive-loadout-shim

#4424 18:44:18.779  GET /revival/loadout
    -> 200  (0s)
    User-Agent: supervive-loadout-shim

#4425 18:44:18.954  GET /revival/loadout
    -> 200  (0s)
    User-Agent: supervive-loadout-shim

#4426 18:44:19.129  GET /revival/loadout
    -> 200  (0s)
    User-Agent: supervive-loadout-shim

#4427 18:44:19.304  GET /revival/loadout
    -> 200  (0s)
    User-Agent: supervive-loadout-shim

#4428 18:44:19.479  GET /revival/loadout
    -> 200  (0s)
    User-Agent: supervive-loadout-shim

#4429 18:44:19.653  GET /revival/loadout
    -> 200  (0s)
    User-Agent: supervive-loadout-shim

#4430 18:44:19.829  GET /revival/loadout
    -> 200  (0s)
    User-Agent: supervive-loadout-shim

#4431 18:44:20.003  GET /revival/loadout
    -> 200  (0s)
    User-Agent: supervive-loadout-shim

#4432 18:44:20.179  GET /revival/loadout
    -> 200  (0s)
    User-Agent: supervive-loadout-shim

#4433 18:44:20.354  GET /revival/loadout
    -> 200  (0s)
    User-Agent: supervive-loadout-shim

#4434 18:44:20.528  GET /revival/loadout
    -> 200  (0s)
    User-Agent: supervive-loadout-shim

#4435 18:44:20.703  GET /revival/loadout
    -> 200  (0s)
    User-Agent: supervive-loadout-shim

#4436 18:44:20.878  GET /revival/loadout
    -> 200  (0s)
    User-Agent: supervive-loadout-shim

#4437 18:44:21.053  GET /revival/loadout
    -> 200  (0s)
    User-Agent: supervive-loadout-shim

#4438 18:44:21.228  GET /revival/loadout
    -> 200  (0s)
    User-Agent: supervive-loadout-shim

#4439 18:44:21.403  GET /revival/loadout
    -> 200  (0s)
    User-Agent: supervive-loadout-shim

#4440 18:44:21.578  GET /revival/loadout
    -> 200  (0s)
    User-Agent: supervive-loadout-shim

* 18:44:21.636  WS <- /lobby TEXT ""

#4441 18:44:21.753  GET /revival/loadout
    -> 200  (6ms)
    User-Agent: supervive-loadout-shim

#4442 18:44:21.936  GET /revival/loadout
    -> 200  (0s)
    User-Agent: supervive-loadout-shim

#4443 18:44:22.110  GET /revival/loadout
    -> 200  (0s)
    User-Agent: supervive-loadout-shim

#4444 18:44:22.286  GET /revival/loadout
    -> 200  (0s)
    User-Agent: supervive-loadout-shim

#4445 18:44:22.461  GET /revival/loadout
    -> 200  (0s)
    User-Agent: supervive-loadout-shim

#4446 18:44:22.635  GET /revival/loadout
    -> 200  (0s)
    User-Agent: supervive-loadout-shim

#4447 18:44:22.810  GET /revival/loadout
    -> 200  (0s)
    User-Agent: supervive-loadout-shim

#4448 18:44:22.986  GET /revival/loadout
    -> 200  (0s)
    User-Agent: supervive-loadout-shim

#4449 18:44:23.160  GET /revival/loadout
    -> 200  (0s)
    User-Agent: supervive-loadout-shim

#4450 18:44:23.206  GET /party/matchmaking/info
    -> 200  (0s)
    X-Theorycraft-Clientversion: release2.4.live-156430-shipping
    User-Agent: Loki/UE5-CL-0 (http-legacy) Windows/10.0.19045.1.256.64bit
    Accept: */*
    Authorization: Bearer eyJhbGciOiJSUzI1NiIsImtpZCI6InN1cGVydml2ZS1yZXZpdmFsLWtleS0xIiwidHlwIjoiSldUIn0.eyJiYW5zIjpbXSwiY2xpZW50X2lkIjoiYmE4ZmI1OWEzNGJiNDgxYWJjYTA4YzQ2YmE0ODgwMjUiLCJjb3VudHJ5IjoiVVMiLCJkaXNwbGF5X25hbWUiOiJSZXZpdmVyIiwiZXhwIjoxNzg2NzM4NjUwLCJpYXQiOjE3ODY2NTIyNTAsImlzX2NvbXBseSI6dHJ1ZSwiamZsZ3MiOjAsIm5hbWVzcGFjZSI6InN1cGVydml2ZSIsIm5iZiI6MTc4NjY1MjE5MCwicGVybWlzc2lvbnMiOlt7IkFjdGlvbiI6MTUsIlJlc291cmNlIjoiTkFNRVNQQUNFOnN1cGVydml2ZToqIn0seyJBY3Rpb24iOjE1LCJSZXNvdXJjZSI6IkFETUlOOk5BTUVTUEFDRTpzdXBlcnZpdmU6KiJ9XSwicm9sZXMiOltdLCJzY29wZSI6ImNvbW1lcmNlIGFjY291bnQgc29jaWFsIHB1Ymxpc2hpbmcgYW5hbHl0aWNzIiwic3ViIjoiOWI5ZDJjODg3ZTI1MjRmOTE4ZTM4M2E4OTVmMmYxYzIiLCJ1bmlxdWVEaXNwbGF5TmFtZSI6IlJldml2ZXIjMDAwMSIsInVuaXF1ZV9kaXNwbGF5X25hbWUiOiJSZXZpdmVyIzAwMDEifQ.S8me6zCTJy1oN7cCA9hQMdHB81PfiOQjPGkisaKCUBzabcSTr1c468GSswCZp1ojqPbBbmOAc-HA5N2o4v-PRiSsk8rqPCyvk3Tx1C5P-rcZZtS-X9XnEtl7wRYgTacQNA_R6vbQgylOOxJ8HarI1u7xWxDlYfxiEDjHEEVHbUlHAE_Oz7PhV80Ms7bc3scLORKG3HPGTqjH9of-EooGUB3k-Xpl9M5eB7A7geV_c8XbzZ0NPELo9dLYVByYKVXzHtk2o0tyzXvdmz-r7FqVYwlN_jOrpiFF_4ti0Wf2ZTI07y-WzKQT1tlXe-OSq86OtwCA0elY-weDLV49mb78gg

#4451 18:44:23.336  GET /revival/loadout
    -> 200  (0s)
    User-Agent: supervive-loadout-shim

#4452 18:44:23.511  GET /revival/loadout
    -> 200  (0s)
    User-Agent: supervive-loadout-shim

#4453 18:44:23.685  GET /revival/loadout
    -> 200  (0s)
    User-Agent: supervive-loadout-shim

#4454 18:44:23.859  GET /revival/loadout
    -> 200  (0s)
    User-Agent: supervive-loadout-shim

#4455 18:44:23.970  GET /revival/missions/progress
    -> 200  (0s)
    User-Agent: supervive-missions-shim

#4456 18:44:24.035  GET /revival/loadout
    -> 200  (0s)
    User-Agent: supervive-loadout-shim

#4457 18:44:24.210  GET /revival/loadout
    -> 200  (0s)
    User-Agent: supervive-loadout-shim

#4458 18:44:24.386  GET /revival/loadout
    -> 200  (0s)
    User-Agent: supervive-loadout-shim

#4459 18:44:24.560  GET /revival/loadout
    -> 200  (0s)
    User-Agent: supervive-loadout-shim

#4460 18:44:24.735  GET /revival/loadout
    -> 200  (0s)
    User-Agent: supervive-loadout-shim

#4461 18:44:24.910  GET /revival/loadout
    -> 200  (0s)
    User-Agent: supervive-loadout-shim

#4462 18:44:25.085  GET /revival/loadout
    -> 200  (0s)
    User-Agent: supervive-loadout-shim

#4463 18:44:25.260  GET /revival/loadout
    -> 200  (0s)
    User-Agent: supervive-loadout-shim

#4464 18:44:25.436  GET /revival/loadout
    -> 200  (0s)
    User-Agent: supervive-loadout-shim

#4465 18:44:25.609  GET /revival/loadout
    -> 200  (0s)
    User-Agent: supervive-loadout-shim

#4466 18:44:25.785  GET /revival/loadout
    -> 200  (0s)
    User-Agent: supervive-loadout-shim

#4467 18:44:25.959  GET /revival/loadout
    -> 200  (0s)
    User-Agent: supervive-loadout-shim

#4468 18:44:26.135  GET /revival/loadout
    -> 200  (0s)
    User-Agent: supervive-loadout-shim

#4469 18:44:26.246  GET /configuration/client?language=en
    -> 200  (0s)
    Accept: */*
    X-Theorycraft-Clientversion: release2.4.live-156430-shipping
    Authorization: Bearer eyJhbGciOiJSUzI1NiIsImtpZCI6InN1cGVydml2ZS1yZXZpdmFsLWtleS0xIiwidHlwIjoiSldUIn0.eyJiYW5zIjpbXSwiY2xpZW50X2lkIjoiYmE4ZmI1OWEzNGJiNDgxYWJjYTA4YzQ2YmE0ODgwMjUiLCJjb3VudHJ5IjoiVVMiLCJkaXNwbGF5X25hbWUiOiJSZXZpdmVyIiwiZXhwIjoxNzg2NzM4NjUwLCJpYXQiOjE3ODY2NTIyNTAsImlzX2NvbXBseSI6dHJ1ZSwiamZsZ3MiOjAsIm5hbWVzcGFjZSI6InN1cGVydml2ZSIsIm5iZiI6MTc4NjY1MjE5MCwicGVybWlzc2lvbnMiOlt7IkFjdGlvbiI6MTUsIlJlc291cmNlIjoiTkFNRVNQQUNFOnN1cGVydml2ZToqIn0seyJBY3Rpb24iOjE1LCJSZXNvdXJjZSI6IkFETUlOOk5BTUVTUEFDRTpzdXBlcnZpdmU6KiJ9XSwicm9sZXMiOltdLCJzY29wZSI6ImNvbW1lcmNlIGFjY291bnQgc29jaWFsIHB1Ymxpc2hpbmcgYW5hbHl0aWNzIiwic3ViIjoiOWI5ZDJjODg3ZTI1MjRmOTE4ZTM4M2E4OTVmMmYxYzIiLCJ1bmlxdWVEaXNwbGF5TmFtZSI6IlJldml2ZXIjMDAwMSIsInVuaXF1ZV9kaXNwbGF5X25hbWUiOiJSZXZpdmVyIzAwMDEifQ.S8me6zCTJy1oN7cCA9hQMdHB81PfiOQjPGkisaKCUBzabcSTr1c468GSswCZp1ojqPbBbmOAc-HA5N2o4v-PRiSsk8rqPCyvk3Tx1C5P-rcZZtS-X9XnEtl7wRYgTacQNA_R6vbQgylOOxJ8HarI1u7xWxDlYfxiEDjHEEVHbUlHAE_Oz7PhV80Ms7bc3scLORKG3HPGTqjH9of-EooGUB3k-Xpl9M5eB7A7geV_c8XbzZ0NPELo9dLYVByYKVXzHtk2o0tyzXvdmz-r7FqVYwlN_jOrpiFF_4ti0Wf2ZTI07y-WzKQT1tlXe-OSq86OtwCA0elY-weDLV49mb78gg
    User-Agent: Loki/UE5-CL-0 (http-legacy) Windows/10.0.19045.1.256.64bit

#4470 18:44:26.310  GET /revival/loadout
    -> 200  (0s)
    User-Agent: supervive-loadout-shim

#4471 18:44:26.346  GET /content-service/manifest/release2.4.live-156430-shipping?nonEnabledOnly=true
    -> 200  (0s)
    Accept: */*
    X-Theorycraft-Clientversion: release2.4.live-156430-shipping
    Authorization: Bearer eyJhbGciOiJSUzI1NiIsImtpZCI6InN1cGVydml2ZS1yZXZpdmFsLWtleS0xIiwidHlwIjoiSldUIn0.eyJiYW5zIjpbXSwiY2xpZW50X2lkIjoiYmE4ZmI1OWEzNGJiNDgxYWJjYTA4YzQ2YmE0ODgwMjUiLCJjb3VudHJ5IjoiVVMiLCJkaXNwbGF5X25hbWUiOiJSZXZpdmVyIiwiZXhwIjoxNzg2NzM4NjUwLCJpYXQiOjE3ODY2NTIyNTAsImlzX2NvbXBseSI6dHJ1ZSwiamZsZ3MiOjAsIm5hbWVzcGFjZSI6InN1cGVydml2ZSIsIm5iZiI6MTc4NjY1MjE5MCwicGVybWlzc2lvbnMiOlt7IkFjdGlvbiI6MTUsIlJlc291cmNlIjoiTkFNRVNQQUNFOnN1cGVydml2ZToqIn0seyJBY3Rpb24iOjE1LCJSZXNvdXJjZSI6IkFETUlOOk5BTUVTUEFDRTpzdXBlcnZpdmU6KiJ9XSwicm9sZXMiOltdLCJzY29wZSI6ImNvbW1lcmNlIGFjY291bnQgc29jaWFsIHB1Ymxpc2hpbmcgYW5hbHl0aWNzIiwic3ViIjoiOWI5ZDJjODg3ZTI1MjRmOTE4ZTM4M2E4OTVmMmYxYzIiLCJ1bmlxdWVEaXNwbGF5TmFtZSI6IlJldml2ZXIjMDAwMSIsInVuaXF1ZV9kaXNwbGF5X25hbWUiOiJSZXZpdmVyIzAwMDEifQ.S8me6zCTJy1oN7cCA9hQMdHB81PfiOQjPGkisaKCUBzabcSTr1c468GSswCZp1ojqPbBbmOAc-HA5N2o4v-PRiSsk8rqPCyvk3Tx1C5P-rcZZtS-X9XnEtl7wRYgTacQNA_R6vbQgylOOxJ8HarI1u7xWxDlYfxiEDjHEEVHbUlHAE_Oz7PhV80Ms7bc3scLORKG3HPGTqjH9of-EooGUB3k-Xpl9M5eB7A7geV_c8XbzZ0NPELo9dLYVByYKVXzHtk2o0tyzXvdmz-r7FqVYwlN_jOrpiFF_4ti0Wf2ZTI07y-WzKQT1tlXe-OSq86OtwCA0elY-weDLV49mb78gg
    User-Agent: Loki/UE5-CL-0 (http-legacy) Windows/10.0.19045.1.256.64bit

#4472 18:44:26.485  GET /revival/loadout
    -> 200  (0s)
    User-Agent: supervive-loadout-shim

#4473 18:44:26.658  GET /revival/loadout
    -> 200  (1ms)
    User-Agent: supervive-loadout-shim

#4474 18:44:26.841  GET /revival/loadout
    -> 200  (0s)
    User-Agent: supervive-loadout-shim

#4475 18:44:27.018  GET /revival/loadout
    -> 200  (0s)
    User-Agent: supervive-loadout-shim

#4476 18:44:27.192  GET /revival/loadout
    -> 200  (0s)
    User-Agent: supervive-loadout-shim

#4477 18:44:27.367  GET /revival/loadout
    -> 200  (0s)
    User-Agent: supervive-loadout-shim

#4478 18:44:27.542  GET /revival/loadout
    -> 200  (0s)
    User-Agent: supervive-loadout-shim

#4479 18:44:27.558  POST /game-telemetry/v1/protected/events
    -> 200  (0s)
    User-Agent: Loki/UE5-CL-0 (http-legacy) Windows/10.0.19045.1.256.64bit
    Content-Type: application/json
    Accept: application/json
    Game-Client-Version: 1.0.0.0
    Authorization: Bearer eyJhbGciOiJSUzI1NiIsImtpZCI6InN1cGVydml2ZS1yZXZpdmFsLWtleS0xIiwidHlwIjoiSldUIn0.eyJiYW5zIjpbXSwiY2xpZW50X2lkIjoiYmE4ZmI1OWEzNGJiNDgxYWJjYTA4YzQ2YmE0ODgwMjUiLCJjb3VudHJ5IjoiVVMiLCJkaXNwbGF5X25hbWUiOiJSZXZpdmVyIiwiZXhwIjoxNzg2NzM4NjUwLCJpYXQiOjE3ODY2NTIyNTAsImlzX2NvbXBseSI6dHJ1ZSwiamZsZ3MiOjAsIm5hbWVzcGFjZSI6InN1cGVydml2ZSIsIm5iZiI6MTc4NjY1MjE5MCwicGVybWlzc2lvbnMiOlt7IkFjdGlvbiI6MTUsIlJlc291cmNlIjoiTkFNRVNQQUNFOnN1cGVydml2ZToqIn0seyJBY3Rpb24iOjE1LCJSZXNvdXJjZSI6IkFETUlOOk5BTUVTUEFDRTpzdXBlcnZpdmU6KiJ9XSwicm9sZXMiOltdLCJzY29wZSI6ImNvbW1lcmNlIGFjY291bnQgc29jaWFsIHB1Ymxpc2hpbmcgYW5hbHl0aWNzIiwic3ViIjoiOWI5ZDJjODg3ZTI1MjRmOTE4ZTM4M2E4OTVmMmYxYzIiLCJ1bmlxdWVEaXNwbGF5TmFtZSI6IlJldml2ZXIjMDAwMSIsInVuaXF1ZV9kaXNwbGF5X25hbWUiOiJSZXZpdmVyIzAwMDEifQ.S8me6zCTJy1oN7cCA9hQMdHB81PfiOQjPGkisaKCUBzabcSTr1c468GSswCZp1ojqPbBbmOAc-HA5N2o4v-PRiSsk8rqPCyvk3Tx1C5P-rcZZtS-X9XnEtl7wRYgTacQNA_R6vbQgylOOxJ8HarI1u7xWxDlYfxiEDjHEEVHbUlHAE_Oz7PhV80Ms7bc3scLORKG3HPGTqjH9of-EooGUB3k-Xpl9M5eB7A7geV_c8XbzZ0NPELo9dLYVByYKVXzHtk2o0tyzXvdmz-r7FqVYwlN_jOrpiFF_4ti0Wf2ZTI07y-WzKQT1tlXe-OSq86OtwCA0elY-weDLV49mb78gg
    body: [
	{
		"EventNamespace": "loki",
		"EventName": "client_network_samples_snapshot",
		"Payload":
		{
			"sessionId": "567f77cd4269be09df02edb258c46222",
			"PlayerId": "9b9d2c887e2524f918e383a895f2f1c2",
			"timestamp": "2026-08-13T23:43:38.956Z",
			"inAveragePacketLoss": 0,
			"outAveragePacketLoss": 0,
			"HardwareId": "c1795a173f53c6f72e8b0125f11309c6"
		},
		"ClientTimestamp": "2026-08-13T23:44:26.577Z",
		"flightId": "34fe5245425ef9d90b4cd3a77b270727",
		"DeviceType": "Windows"
	}
]

#4480 18:44:27.717  GET /revival/loadout
    -> 200  (0s)
    User-Agent: supervive-loadout-shim

#4481 18:44:27.892  GET /revival/loadout
    -> 200  (0s)
    User-Agent: supervive-loadout-shim

#4482 18:44:28.068  GET /revival/loadout
    -> 200  (0s)
    User-Agent: supervive-loadout-shim

#4483 18:44:28.243  GET /revival/loadout
    -> 200  (0s)
    User-Agent: supervive-loadout-shim

#4484 18:44:28.417  GET /revival/loadout
    -> 200  (0s)
    User-Agent: supervive-loadout-shim

#4485 18:44:28.592  GET /revival/loadout
    -> 200  (0s)
    User-Agent: supervive-loadout-shim

#4486 18:44:28.767  GET /revival/loadout
    -> 200  (0s)
    User-Agent: supervive-loadout-shim

#4487 18:44:28.942  GET /revival/loadout
    -> 200  (0s)
    User-Agent: supervive-loadout-shim

#4488 18:44:29.118  GET /revival/loadout
    -> 200  (0s)
    User-Agent: supervive-loadout-shim

#4489 18:44:29.300  GET /revival/loadout
    -> 200  (0s)
    User-Agent: supervive-loadout-shim

#4490 18:44:29.475  GET /revival/loadout
    -> 200  (0s)
    User-Agent: supervive-loadout-shim

#4491 18:44:29.658  GET /revival/loadout
    -> 200  (0s)
    User-Agent: supervive-loadout-shim

#4492 18:44:29.834  GET /revival/loadout
    -> 200  (0s)
    User-Agent: supervive-loadout-shim

#4493 18:44:30.008  GET /revival/loadout
    -> 200  (0s)
    User-Agent: supervive-loadout-shim

#4494 18:44:30.183  GET /revival/loadout
    -> 200  (0s)
    User-Agent: supervive-loadout-shim

#4495 18:44:30.358  GET /revival/loadout
    -> 200  (0s)
    User-Agent: supervive-loadout-shim

#4496 18:44:30.533  GET /revival/loadout
    -> 200  (0s)
    User-Agent: supervive-loadout-shim

#4497 18:44:30.708  GET /revival/loadout
    -> 200  (0s)
    User-Agent: supervive-loadout-shim

#4498 18:44:30.882  GET /revival/loadout
    -> 200  (1ms)
    User-Agent: supervive-loadout-shim

#4499 18:44:31.057  GET /revival/loadout
    -> 200  (0s)
    User-Agent: supervive-loadout-shim

#4500 18:44:31.236  GET /revival/loadout
    -> 200  (0s)
    User-Agent: supervive-loadout-shim

#4501 18:44:31.408  GET /revival/loadout
    -> 200  (0s)
    User-Agent: supervive-loadout-shim

#4502 18:44:31.582  GET /revival/loadout
    -> 200  (0s)
    User-Agent: supervive-loadout-shim

#4503 18:44:31.757  GET /revival/loadout
    -> 200  (0s)
    User-Agent: supervive-loadout-shim

#4504 18:44:31.931  GET /revival/loadout
    -> 200  (0s)
    User-Agent: supervive-loadout-shim

#4505 18:44:32.107  GET /revival/loadout
    -> 200  (0s)
    User-Agent: supervive-loadout-shim

#4506 18:44:32.283  GET /revival/loadout
    -> 200  (0s)
    User-Agent: supervive-loadout-shim

#4507 18:44:32.458  GET /revival/loadout
    -> 200  (0s)
    User-Agent: supervive-loadout-shim

#4508 18:44:32.633  GET /revival/loadout
    -> 200  (0s)
    User-Agent: supervive-loadout-shim

#4509 18:44:32.808  GET /revival/loadout
    -> 200  (0s)
    User-Agent: supervive-loadout-shim

#4510 18:44:32.982  GET /revival/loadout
    -> 200  (0s)
    User-Agent: supervive-loadout-shim

#4511 18:44:33.157  GET /revival/loadout
    -> 200  (0s)
    User-Agent: supervive-loadout-shim

#4512 18:44:33.332  GET /revival/loadout
    -> 200  (0s)
    User-Agent: supervive-loadout-shim

#4513 18:44:33.507  GET /revival/loadout
    -> 200  (0s)
    User-Agent: supervive-loadout-shim

#4514 18:44:33.681  GET /revival/loadout
    -> 200  (0s)
    User-Agent: supervive-loadout-shim

#4515 18:44:33.857  GET /revival/loadout
    -> 200  (0s)
    User-Agent: supervive-loadout-shim

#4516 18:44:34.031  GET /revival/loadout
    -> 200  (0s)
    User-Agent: supervive-loadout-shim

#4517 18:44:34.207  GET /revival/loadout
    -> 200  (0s)
    User-Agent: supervive-loadout-shim

#4518 18:44:34.381  GET /revival/loadout
    -> 200  (0s)
    User-Agent: supervive-loadout-shim

#4519 18:44:34.556  GET /revival/loadout
    -> 200  (0s)
    User-Agent: supervive-loadout-shim

#4520 18:44:34.731  GET /revival/loadout
    -> 200  (0s)
    User-Agent: supervive-loadout-shim

#4521 18:44:34.907  GET /revival/loadout
    -> 200  (0s)
    User-Agent: supervive-loadout-shim

#4522 18:44:35.082  GET /revival/loadout
    -> 200  (0s)
    User-Agent: supervive-loadout-shim

#4523 18:44:35.257  GET /revival/loadout
    -> 200  (0s)
    User-Agent: supervive-loadout-shim

#4524 18:44:35.430  GET /revival/loadout
    -> 200  (0s)
    User-Agent: supervive-loadout-shim

#4525 18:44:35.606  GET /revival/loadout
    -> 200  (0s)
    User-Agent: supervive-loadout-shim

#4526 18:44:35.781  GET /revival/loadout
    -> 200  (0s)
    User-Agent: supervive-loadout-shim

#4527 18:44:35.956  GET /revival/loadout
    -> 200  (0s)
    User-Agent: supervive-loadout-shim

#4528 18:44:36.129  GET /revival/loadout
    -> 200  (0s)
    User-Agent: supervive-loadout-shim

#4529 18:44:36.306  GET /revival/loadout
    -> 200  (0s)
    User-Agent: supervive-loadout-shim

#4530 18:44:36.480  GET /revival/loadout
    -> 200  (0s)
    User-Agent: supervive-loadout-shim

#4531 18:44:36.655  GET /revival/loadout
    -> 200  (0s)
    User-Agent: supervive-loadout-shim

#4532 18:44:36.829  GET /revival/loadout
    -> 200  (0s)
    User-Agent: supervive-loadout-shim

#4533 18:44:37.006  GET /revival/loadout
    -> 200  (0s)
    User-Agent: supervive-loadout-shim

#4534 18:44:37.181  GET /revival/loadout
    -> 200  (0s)
    User-Agent: supervive-loadout-shim

#4535 18:44:37.356  GET /revival/loadout
    -> 200  (0s)
    User-Agent: supervive-loadout-shim

#4536 18:44:37.671  GET /revival/loadout
    -> 200  (0s)
    User-Agent: supervive-loadout-shim

#4537 18:44:37.847  GET /revival/loadout
    -> 200  (0s)
    User-Agent: supervive-loadout-shim

#4538 18:44:38.021  GET /revival/loadout
    -> 200  (0s)
    User-Agent: supervive-loadout-shim

#4539 18:44:38.197  GET /revival/loadout
    -> 200  (0s)
    User-Agent: supervive-loadout-shim

#4540 18:44:38.372  GET /revival/loadout
    -> 200  (0s)
    User-Agent: supervive-loadout-shim

#4541 18:44:38.547  GET /revival/loadout
    -> 200  (0s)
    User-Agent: supervive-loadout-shim

#4542 18:44:38.722  GET /revival/loadout
    -> 200  (0s)
    User-Agent: supervive-loadout-shim

#4543 18:44:38.897  GET /revival/loadout
    -> 200  (0s)
    User-Agent: supervive-loadout-shim

#4544 18:44:39.071  GET /revival/loadout
    -> 200  (0s)
    User-Agent: supervive-loadout-shim

#4545 18:44:39.247  GET /revival/loadout
    -> 200  (0s)
    User-Agent: supervive-loadout-shim

#4546 18:44:39.420  GET /revival/loadout
    -> 200  (0s)
    User-Agent: supervive-loadout-shim

#4547 18:44:39.595  GET /revival/loadout
    -> 200  (0s)
    User-Agent: supervive-loadout-shim

#4548 18:44:39.770  GET /revival/loadout
    -> 200  (1ms)
    User-Agent: supervive-loadout-shim

#4549 18:44:39.945  GET /revival/loadout
    -> 200  (0s)
    User-Agent: supervive-loadout-shim

#4550 18:44:40.121  GET /revival/loadout
    -> 200  (0s)
    User-Agent: supervive-loadout-shim

#4551 18:44:40.296  GET /revival/loadout
    -> 200  (0s)
    User-Agent: supervive-loadout-shim

#4552 18:44:40.434  GET /party/players/9b9d2c887e2524f918e383a895f2f1c2/voice
    -> 200  (0s)
    X-Theorycraft-Clientversion: release2.4.live-156430-shipping
    Authorization: Bearer eyJhbGciOiJSUzI1NiIsImtpZCI6InN1cGVydml2ZS1yZXZpdmFsLWtleS0xIiwidHlwIjoiSldUIn0.eyJiYW5zIjpbXSwiY2xpZW50X2lkIjoiYmE4ZmI1OWEzNGJiNDgxYWJjYTA4YzQ2YmE0ODgwMjUiLCJjb3VudHJ5IjoiVVMiLCJkaXNwbGF5X25hbWUiOiJSZXZpdmVyIiwiZXhwIjoxNzg2NzM4NjUwLCJpYXQiOjE3ODY2NTIyNTAsImlzX2NvbXBseSI6dHJ1ZSwiamZsZ3MiOjAsIm5hbWVzcGFjZSI6InN1cGVydml2ZSIsIm5iZiI6MTc4NjY1MjE5MCwicGVybWlzc2lvbnMiOlt7IkFjdGlvbiI6MTUsIlJlc291cmNlIjoiTkFNRVNQQUNFOnN1cGVydml2ZToqIn0seyJBY3Rpb24iOjE1LCJSZXNvdXJjZSI6IkFETUlOOk5BTUVTUEFDRTpzdXBlcnZpdmU6KiJ9XSwicm9sZXMiOltdLCJzY29wZSI6ImNvbW1lcmNlIGFjY291bnQgc29jaWFsIHB1Ymxpc2hpbmcgYW5hbHl0aWNzIiwic3ViIjoiOWI5ZDJjODg3ZTI1MjRmOTE4ZTM4M2E4OTVmMmYxYzIiLCJ1bmlxdWVEaXNwbGF5TmFtZSI6IlJldml2ZXIjMDAwMSIsInVuaXF1ZV9kaXNwbGF5X25hbWUiOiJSZXZpdmVyIzAwMDEifQ.S8me6zCTJy1oN7cCA9hQMdHB81PfiOQjPGkisaKCUBzabcSTr1c468GSswCZp1ojqPbBbmOAc-HA5N2o4v-PRiSsk8rqPCyvk3Tx1C5P-rcZZtS-X9XnEtl7wRYgTacQNA_R6vbQgylOOxJ8HarI1u7xWxDlYfxiEDjHEEVHbUlHAE_Oz7PhV80Ms7bc3scLORKG3HPGTqjH9of-EooGUB3k-Xpl9M5eB7A7geV_c8XbzZ0NPELo9dLYVByYKVXzHtk2o0tyzXvdmz-r7FqVYwlN_jOrpiFF_4ti0Wf2ZTI07y-WzKQT1tlXe-OSq86OtwCA0elY-weDLV49mb78gg
    User-Agent: Loki/UE5-CL-0 (http-legacy) Windows/10.0.19045.1.256.64bit
    Accept: */*

#4553 18:44:40.471  GET /revival/loadout
    -> 200  (0s)
    User-Agent: supervive-loadout-shim

#4554 18:44:40.654  GET /revival/loadout
    -> 200  (0s)
    User-Agent: supervive-loadout-shim

#4555 18:44:40.828  GET /revival/loadout
    -> 200  (0s)
    User-Agent: supervive-loadout-shim

#4556 18:44:41.004  GET /revival/loadout
    -> 200  (0s)
    User-Agent: supervive-loadout-shim

#4557 18:44:41.179  GET /revival/loadout
    -> 200  (0s)
    User-Agent: supervive-loadout-shim

#4558 18:44:41.353  GET /revival/loadout
    -> 200  (0s)
    User-Agent: supervive-loadout-shim

#4559 18:44:41.539  GET /revival/loadout
    -> 200  (0s)
    User-Agent: supervive-loadout-shim

#4560 18:44:41.720  GET /revival/loadout
    -> 200  (0s)
    User-Agent: supervive-loadout-shim

#4561 18:44:41.896  GET /revival/loadout
    -> 200  (0s)
    User-Agent: supervive-loadout-shim

#4562 18:44:42.071  GET /revival/loadout
    -> 200  (0s)
    User-Agent: supervive-loadout-shim

#4563 18:44:42.245  GET /revival/loadout
    -> 200  (0s)
    User-Agent: supervive-loadout-shim

#4564 18:44:42.420  GET /revival/loadout
    -> 200  (0s)
    User-Agent: supervive-loadout-shim

#4565 18:44:42.603  GET /revival/loadout
    -> 200  (0s)
    User-Agent: supervive-loadout-shim

#4566 18:44:42.778  GET /revival/loadout
    -> 200  (0s)
    User-Agent: supervive-loadout-shim

#4567 18:44:42.954  GET /revival/loadout
    -> 200  (0s)
    User-Agent: supervive-loadout-shim

#4568 18:44:43.129  GET /revival/loadout
    -> 200  (0s)
    User-Agent: supervive-loadout-shim

* 18:44:43.185  WS <- /notifications/players/9b9d2c887e2524f918e383a895f2f1c2 BINARY (2 bytes) 6862

* 18:44:43.209  WS -> /notifications/players/9b9d2c887e2524f918e383a895f2f1c2 TEXT hb reply {"Resource":"hb","Version":0,"Payload":""}

#4569 18:44:43.310  GET /revival/loadout
    -> 200  (0s)
    User-Agent: supervive-loadout-shim

#4570 18:44:43.486  GET /revival/loadout
    -> 200  (0s)
    User-Agent: supervive-loadout-shim

#4571 18:44:43.660  GET /revival/loadout
    -> 200  (1ms)
    User-Agent: supervive-loadout-shim

#4572 18:44:43.836  GET /revival/loadout
    -> 200  (0s)
    User-Agent: supervive-loadout-shim

#4573 18:44:44.010  GET /revival/loadout
    -> 200  (0s)
    User-Agent: supervive-loadout-shim

#4574 18:44:44.186  GET /revival/loadout
    -> 200  (0s)
    User-Agent: supervive-loadout-shim

#4575 18:44:44.359  GET /revival/loadout
    -> 200  (1ms)
    User-Agent: supervive-loadout-shim

#4576 18:44:44.536  GET /revival/loadout
    -> 200  (0s)
    User-Agent: supervive-loadout-shim

#4577 18:44:44.710  GET /revival/loadout
    -> 200  (1ms)
    User-Agent: supervive-loadout-shim

#4578 18:44:44.886  GET /revival/loadout
    -> 200  (0s)
    User-Agent: supervive-loadout-shim

#4579 18:44:45.060  GET /revival/loadout
    -> 200  (0s)
    User-Agent: supervive-loadout-shim

#4580 18:44:45.236  GET /revival/loadout
    -> 200  (0s)
    User-Agent: supervive-loadout-shim

#4581 18:44:45.411  GET /revival/loadout
    -> 200  (0s)
    User-Agent: supervive-loadout-shim

#4582 18:44:45.586  GET /revival/loadout
    -> 200  (0s)
    User-Agent: supervive-loadout-shim

#4583 18:44:45.761  GET /revival/loadout
    -> 200  (0s)
    User-Agent: supervive-loadout-shim

#4584 18:44:45.936  GET /revival/loadout
    -> 200  (0s)
    User-Agent: supervive-loadout-shim

#4585 18:44:46.110  GET /revival/loadout
    -> 200  (0s)
    User-Agent: supervive-loadout-shim

#4586 18:44:46.285  GET /revival/loadout
    -> 200  (0s)
    User-Agent: supervive-loadout-shim

#4587 18:44:46.460  GET /revival/loadout
    -> 200  (0s)
    User-Agent: supervive-loadout-shim

#4588 18:44:46.635  GET /revival/loadout
    -> 200  (0s)
    User-Agent: supervive-loadout-shim

#4589 18:44:46.810  GET /revival/loadout
    -> 200  (0s)
    User-Agent: supervive-loadout-shim

#4590 18:44:46.985  GET /revival/loadout
    -> 200  (0s)
    User-Agent: supervive-loadout-shim

#4591 18:44:47.159  GET /revival/loadout
    -> 200  (1ms)
    User-Agent: supervive-loadout-shim

#4592 18:44:47.335  GET /revival/loadout
    -> 200  (0s)
    User-Agent: supervive-loadout-shim

#4593 18:44:47.509  GET /revival/loadout
    -> 200  (0s)
    User-Agent: supervive-loadout-shim

#4594 18:44:47.685  GET /revival/loadout
    -> 200  (0s)
    User-Agent: supervive-loadout-shim

#4595 18:44:47.859  GET /revival/loadout
    -> 200  (0s)
    User-Agent: supervive-loadout-shim

#4596 18:44:48.035  GET /revival/loadout
    -> 200  (0s)
    User-Agent: supervive-loadout-shim

#4597 18:44:48.209  GET /revival/loadout
    -> 200  (0s)
    User-Agent: supervive-loadout-shim

#4598 18:44:48.384  GET /revival/loadout
    -> 200  (0s)
    User-Agent: supervive-loadout-shim

#4599 18:44:48.559  GET /revival/loadout
    -> 200  (0s)
    User-Agent: supervive-loadout-shim

#4600 18:44:48.734  GET /revival/loadout
    -> 200  (0s)
    User-Agent: supervive-loadout-shim

#4601 18:44:48.910  GET /revival/loadout
    -> 200  (0s)
    User-Agent: supervive-loadout-shim

#4602 18:44:49.084  GET /revival/loadout
    -> 200  (0s)
    User-Agent: supervive-loadout-shim

#4603 18:44:49.258  GET /revival/loadout
    -> 200  (1ms)
    User-Agent: supervive-loadout-shim

#4604 18:44:49.434  GET /revival/loadout
    -> 200  (0s)
    User-Agent: supervive-loadout-shim

#4605 18:44:49.608  GET /revival/loadout
    -> 200  (0s)
    User-Agent: supervive-loadout-shim

#4606 18:44:49.783  GET /revival/loadout
    -> 200  (0s)
    User-Agent: supervive-loadout-shim

#4607 18:44:49.959  GET /revival/loadout
    -> 200  (0s)
    User-Agent: supervive-loadout-shim

#4608 18:44:50.134  GET /revival/loadout
    -> 200  (0s)
    User-Agent: supervive-loadout-shim

#4609 18:44:50.309  GET /revival/loadout
    -> 200  (0s)
    User-Agent: supervive-loadout-shim

#4610 18:44:50.483  GET /revival/loadout
    -> 200  (0s)
    User-Agent: supervive-loadout-shim

#4611 18:44:50.659  GET /revival/loadout
    -> 200  (0s)
    User-Agent: supervive-loadout-shim

#4612 18:44:50.834  GET /revival/loadout
    -> 200  (0s)
    User-Agent: supervive-loadout-shim

#4613 18:44:51.009  GET /revival/loadout
    -> 200  (0s)
    User-Agent: supervive-loadout-shim

#4614 18:44:51.183  GET /revival/loadout
    -> 200  (0s)
    User-Agent: supervive-loadout-shim

#4615 18:44:51.358  GET /revival/loadout
    -> 200  (0s)
    User-Agent: supervive-loadout-shim

#4616 18:44:51.533  GET /revival/loadout
    -> 200  (0s)
    User-Agent: supervive-loadout-shim

* 18:44:51.647  WS <- /lobby TEXT ""

#4617 18:44:51.707  GET /revival/loadout
    -> 200  (0s)
    User-Agent: supervive-loadout-shim

#4618 18:44:51.882  GET /revival/loadout
    -> 200  (0s)
    User-Agent: supervive-loadout-shim

#4619 18:44:52.058  GET /revival/loadout
    -> 200  (0s)
    User-Agent: supervive-loadout-shim

#4620 18:44:52.233  GET /revival/loadout
    -> 200  (0s)
    User-Agent: supervive-loadout-shim

#4621 18:44:52.408  GET /revival/loadout
    -> 200  (0s)
    User-Agent: supervive-loadout-shim

#4622 18:44:52.582  GET /revival/loadout
    -> 200  (0s)
    User-Agent: supervive-loadout-shim

#4623 18:44:52.758  GET /revival/loadout
    -> 200  (0s)
    User-Agent: supervive-loadout-shim

#4624 18:44:52.931  GET /revival/loadout
    -> 200  (0s)
    User-Agent: supervive-loadout-shim

#4625 18:44:53.116  GET /revival/loadout
    -> 200  (0s)
    User-Agent: supervive-loadout-shim

#4626 18:44:53.209  GET /core-game/regions
    -> 200  (0s)
    Accept: */*
    X-Theorycraft-Clientversion: release2.4.live-156430-shipping
    Authorization: Bearer eyJhbGciOiJSUzI1NiIsImtpZCI6InN1cGVydml2ZS1yZXZpdmFsLWtleS0xIiwidHlwIjoiSldUIn0.eyJiYW5zIjpbXSwiY2xpZW50X2lkIjoiYmE4ZmI1OWEzNGJiNDgxYWJjYTA4YzQ2YmE0ODgwMjUiLCJjb3VudHJ5IjoiVVMiLCJkaXNwbGF5X25hbWUiOiJSZXZpdmVyIiwiZXhwIjoxNzg2NzM4NjUwLCJpYXQiOjE3ODY2NTIyNTAsImlzX2NvbXBseSI6dHJ1ZSwiamZsZ3MiOjAsIm5hbWVzcGFjZSI6InN1cGVydml2ZSIsIm5iZiI6MTc4NjY1MjE5MCwicGVybWlzc2lvbnMiOlt7IkFjdGlvbiI6MTUsIlJlc291cmNlIjoiTkFNRVNQQUNFOnN1cGVydml2ZToqIn0seyJBY3Rpb24iOjE1LCJSZXNvdXJjZSI6IkFETUlOOk5BTUVTUEFDRTpzdXBlcnZpdmU6KiJ9XSwicm9sZXMiOltdLCJzY29wZSI6ImNvbW1lcmNlIGFjY291bnQgc29jaWFsIHB1Ymxpc2hpbmcgYW5hbHl0aWNzIiwic3ViIjoiOWI5ZDJjODg3ZTI1MjRmOTE4ZTM4M2E4OTVmMmYxYzIiLCJ1bmlxdWVEaXNwbGF5TmFtZSI6IlJldml2ZXIjMDAwMSIsInVuaXF1ZV9kaXNwbGF5X25hbWUiOiJSZXZpdmVyIzAwMDEifQ.S8me6zCTJy1oN7cCA9hQMdHB81PfiOQjPGkisaKCUBzabcSTr1c468GSswCZp1ojqPbBbmOAc-HA5N2o4v-PRiSsk8rqPCyvk3Tx1C5P-rcZZtS-X9XnEtl7wRYgTacQNA_R6vbQgylOOxJ8HarI1u7xWxDlYfxiEDjHEEVHbUlHAE_Oz7PhV80Ms7bc3scLORKG3HPGTqjH9of-EooGUB3k-Xpl9M5eB7A7geV_c8XbzZ0NPELo9dLYVByYKVXzHtk2o0tyzXvdmz-r7FqVYwlN_jOrpiFF_4ti0Wf2ZTI07y-WzKQT1tlXe-OSq86OtwCA0elY-weDLV49mb78gg
    User-Agent: Loki/UE5-CL-0 (http-legacy) Windows/10.0.19045.1.256.64bit

#4627 18:44:53.209  GET /party/matchmaking/info
    -> 200  (0s)
    Authorization: Bearer eyJhbGciOiJSUzI1NiIsImtpZCI6InN1cGVydml2ZS1yZXZpdmFsLWtleS0xIiwidHlwIjoiSldUIn0.eyJiYW5zIjpbXSwiY2xpZW50X2lkIjoiYmE4ZmI1OWEzNGJiNDgxYWJjYTA4YzQ2YmE0ODgwMjUiLCJjb3VudHJ5IjoiVVMiLCJkaXNwbGF5X25hbWUiOiJSZXZpdmVyIiwiZXhwIjoxNzg2NzM4NjUwLCJpYXQiOjE3ODY2NTIyNTAsImlzX2NvbXBseSI6dHJ1ZSwiamZsZ3MiOjAsIm5hbWVzcGFjZSI6InN1cGVydml2ZSIsIm5iZiI6MTc4NjY1MjE5MCwicGVybWlzc2lvbnMiOlt7IkFjdGlvbiI6MTUsIlJlc291cmNlIjoiTkFNRVNQQUNFOnN1cGVydml2ZToqIn0seyJBY3Rpb24iOjE1LCJSZXNvdXJjZSI6IkFETUlOOk5BTUVTUEFDRTpzdXBlcnZpdmU6KiJ9XSwicm9sZXMiOltdLCJzY29wZSI6ImNvbW1lcmNlIGFjY291bnQgc29jaWFsIHB1Ymxpc2hpbmcgYW5hbHl0aWNzIiwic3ViIjoiOWI5ZDJjODg3ZTI1MjRmOTE4ZTM4M2E4OTVmMmYxYzIiLCJ1bmlxdWVEaXNwbGF5TmFtZSI6IlJldml2ZXIjMDAwMSIsInVuaXF1ZV9kaXNwbGF5X25hbWUiOiJSZXZpdmVyIzAwMDEifQ.S8me6zCTJy1oN7cCA9hQMdHB81PfiOQjPGkisaKCUBzabcSTr1c468GSswCZp1ojqPbBbmOAc-HA5N2o4v-PRiSsk8rqPCyvk3Tx1C5P-rcZZtS-X9XnEtl7wRYgTacQNA_R6vbQgylOOxJ8HarI1u7xWxDlYfxiEDjHEEVHbUlHAE_Oz7PhV80Ms7bc3scLORKG3HPGTqjH9of-EooGUB3k-Xpl9M5eB7A7geV_c8XbzZ0NPELo9dLYVByYKVXzHtk2o0tyzXvdmz-r7FqVYwlN_jOrpiFF_4ti0Wf2ZTI07y-WzKQT1tlXe-OSq86OtwCA0elY-weDLV49mb78gg
    Accept: */*
    User-Agent: Loki/UE5-CL-0 (http-legacy) Windows/10.0.19045.1.256.64bit
    X-Theorycraft-Clientversion: release2.4.live-156430-shipping

#4628 18:44:53.291  GET /revival/loadout
    -> 200  (0s)
    User-Agent: supervive-loadout-shim

#4629 18:44:53.466  GET /revival/loadout
    -> 200  (0s)
    User-Agent: supervive-loadout-shim

#4630 18:44:53.640  GET /revival/loadout
    -> 200  (0s)
    User-Agent: supervive-loadout-shim

#4631 18:44:53.817  GET /revival/loadout
    -> 200  (0s)
    User-Agent: supervive-loadout-shim

#4632 18:44:53.991  GET /revival/loadout
    -> 200  (0s)
    User-Agent: supervive-loadout-shim

#4633 18:44:53.994  GET /revival/missions/progress
    -> 200  (0s)
    User-Agent: supervive-missions-shim

#4634 18:44:54.166  GET /revival/loadout
    -> 200  (0s)
    User-Agent: supervive-loadout-shim

#4635 18:44:54.348  GET /revival/loadout
    -> 200  (0s)
    User-Agent: supervive-loadout-shim

#4636 18:44:54.524  GET /revival/loadout
    -> 200  (0s)
    User-Agent: supervive-loadout-shim

#4637 18:44:54.699  GET /revival/loadout
    -> 200  (0s)
    User-Agent: supervive-loadout-shim

#4638 18:44:54.874  GET /revival/loadout
    -> 200  (0s)
    User-Agent: supervive-loadout-shim

#4639 18:44:55.057  GET /revival/loadout
    -> 200  (0s)
    User-Agent: supervive-loadout-shim

#4640 18:44:55.233  GET /revival/loadout
    -> 200  (0s)
    User-Agent: supervive-loadout-shim

#4641 18:44:55.407  GET /revival/loadout
    -> 200  (0s)
    User-Agent: supervive-loadout-shim

#4642 18:44:55.582  GET /revival/loadout
    -> 200  (0s)
    User-Agent: supervive-loadout-shim

#4643 18:44:55.757  GET /revival/loadout
    -> 200  (0s)
    User-Agent: supervive-loadout-shim

#4644 18:44:55.933  GET /revival/loadout
    -> 200  (0s)
    User-Agent: supervive-loadout-shim

#4645 18:44:56.107  GET /revival/loadout
    -> 200  (0s)
    User-Agent: supervive-loadout-shim

#4646 18:44:56.240  GET /configuration/client?language=en
    -> 200  (0s)
    X-Theorycraft-Clientversion: release2.4.live-156430-shipping
    Authorization: Bearer eyJhbGciOiJSUzI1NiIsImtpZCI6InN1cGVydml2ZS1yZXZpdmFsLWtleS0xIiwidHlwIjoiSldUIn0.eyJiYW5zIjpbXSwiY2xpZW50X2lkIjoiYmE4ZmI1OWEzNGJiNDgxYWJjYTA4YzQ2YmE0ODgwMjUiLCJjb3VudHJ5IjoiVVMiLCJkaXNwbGF5X25hbWUiOiJSZXZpdmVyIiwiZXhwIjoxNzg2NzM4NjUwLCJpYXQiOjE3ODY2NTIyNTAsImlzX2NvbXBseSI6dHJ1ZSwiamZsZ3MiOjAsIm5hbWVzcGFjZSI6InN1cGVydml2ZSIsIm5iZiI6MTc4NjY1MjE5MCwicGVybWlzc2lvbnMiOlt7IkFjdGlvbiI6MTUsIlJlc291cmNlIjoiTkFNRVNQQUNFOnN1cGVydml2ZToqIn0seyJBY3Rpb24iOjE1LCJSZXNvdXJjZSI6IkFETUlOOk5BTUVTUEFDRTpzdXBlcnZpdmU6KiJ9XSwicm9sZXMiOltdLCJzY29wZSI6ImNvbW1lcmNlIGFjY291bnQgc29jaWFsIHB1Ymxpc2hpbmcgYW5hbHl0aWNzIiwic3ViIjoiOWI5ZDJjODg3ZTI1MjRmOTE4ZTM4M2E4OTVmMmYxYzIiLCJ1bmlxdWVEaXNwbGF5TmFtZSI6IlJldml2ZXIjMDAwMSIsInVuaXF1ZV9kaXNwbGF5X25hbWUiOiJSZXZpdmVyIzAwMDEifQ.S8me6zCTJy1oN7cCA9hQMdHB81PfiOQjPGkisaKCUBzabcSTr1c468GSswCZp1ojqPbBbmOAc-HA5N2o4v-PRiSsk8rqPCyvk3Tx1C5P-rcZZtS-X9XnEtl7wRYgTacQNA_R6vbQgylOOxJ8HarI1u7xWxDlYfxiEDjHEEVHbUlHAE_Oz7PhV80Ms7bc3scLORKG3HPGTqjH9of-EooGUB3k-Xpl9M5eB7A7geV_c8XbzZ0NPELo9dLYVByYKVXzHtk2o0tyzXvdmz-r7FqVYwlN_jOrpiFF_4ti0Wf2ZTI07y-WzKQT1tlXe-OSq86OtwCA0elY-weDLV49mb78gg
    User-Agent: Loki/UE5-CL-0 (http-legacy) Windows/10.0.19045.1.256.64bit
    Accept: */*

#4647 18:44:56.282  GET /revival/loadout
    -> 200  (0s)
    User-Agent: supervive-loadout-shim

#4648 18:44:56.341  GET /content-service/manifest/release2.4.live-156430-shipping?nonEnabledOnly=true
    -> 200  (0s)
    Accept: */*
    X-Theorycraft-Clientversion: release2.4.live-156430-shipping
    Authorization: Bearer eyJhbGciOiJSUzI1NiIsImtpZCI6InN1cGVydml2ZS1yZXZpdmFsLWtleS0xIiwidHlwIjoiSldUIn0.eyJiYW5zIjpbXSwiY2xpZW50X2lkIjoiYmE4ZmI1OWEzNGJiNDgxYWJjYTA4YzQ2YmE0ODgwMjUiLCJjb3VudHJ5IjoiVVMiLCJkaXNwbGF5X25hbWUiOiJSZXZpdmVyIiwiZXhwIjoxNzg2NzM4NjUwLCJpYXQiOjE3ODY2NTIyNTAsImlzX2NvbXBseSI6dHJ1ZSwiamZsZ3MiOjAsIm5hbWVzcGFjZSI6InN1cGVydml2ZSIsIm5iZiI6MTc4NjY1MjE5MCwicGVybWlzc2lvbnMiOlt7IkFjdGlvbiI6MTUsIlJlc291cmNlIjoiTkFNRVNQQUNFOnN1cGVydml2ZToqIn0seyJBY3Rpb24iOjE1LCJSZXNvdXJjZSI6IkFETUlOOk5BTUVTUEFDRTpzdXBlcnZpdmU6KiJ9XSwicm9sZXMiOltdLCJzY29wZSI6ImNvbW1lcmNlIGFjY291bnQgc29jaWFsIHB1Ymxpc2hpbmcgYW5hbHl0aWNzIiwic3ViIjoiOWI5ZDJjODg3ZTI1MjRmOTE4ZTM4M2E4OTVmMmYxYzIiLCJ1bmlxdWVEaXNwbGF5TmFtZSI6IlJldml2ZXIjMDAwMSIsInVuaXF1ZV9kaXNwbGF5X25hbWUiOiJSZXZpdmVyIzAwMDEifQ.S8me6zCTJy1oN7cCA9hQMdHB81PfiOQjPGkisaKCUBzabcSTr1c468GSswCZp1ojqPbBbmOAc-HA5N2o4v-PRiSsk8rqPCyvk3Tx1C5P-rcZZtS-X9XnEtl7wRYgTacQNA_R6vbQgylOOxJ8HarI1u7xWxDlYfxiEDjHEEVHbUlHAE_Oz7PhV80Ms7bc3scLORKG3HPGTqjH9of-EooGUB3k-Xpl9M5eB7A7geV_c8XbzZ0NPELo9dLYVByYKVXzHtk2o0tyzXvdmz-r7FqVYwlN_jOrpiFF_4ti0Wf2ZTI07y-WzKQT1tlXe-OSq86OtwCA0elY-weDLV49mb78gg
    User-Agent: Loki/UE5-CL-0 (http-legacy) Windows/10.0.19045.1.256.64bit

#4649 18:44:56.465  GET /revival/loadout
    -> 200  (0s)
    User-Agent: supervive-loadout-shim

#4650 18:44:56.640  GET /revival/loadout
    -> 200  (0s)
    User-Agent: supervive-loadout-shim

#4651 18:44:56.814  GET /revival/loadout
    -> 200  (0s)
    User-Agent: supervive-loadout-shim

#4652 18:44:56.989  GET /revival/loadout
    -> 200  (0s)
    User-Agent: supervive-loadout-shim

#4653 18:44:57.165  GET /revival/loadout
    -> 200  (0s)
    User-Agent: supervive-loadout-shim

#4654 18:44:57.342  GET /revival/loadout
    -> 200  (0s)
    User-Agent: supervive-loadout-shim

#4655 18:44:57.514  GET /revival/loadout
    -> 200  (0s)
    User-Agent: supervive-loadout-shim

#4656 18:44:57.689  GET /revival/loadout
    -> 200  (0s)
    User-Agent: supervive-loadout-shim

#4657 18:44:57.865  GET /revival/loadout
    -> 200  (0s)
    User-Agent: supervive-loadout-shim

#4658 18:44:58.047  GET /revival/loadout
    -> 200  (0s)
    User-Agent: supervive-loadout-shim

#4659 18:44:58.221  GET /revival/loadout
    -> 200  (1ms)
    User-Agent: supervive-loadout-shim

#4660 18:44:58.397  GET /revival/loadout
    -> 200  (0s)
    User-Agent: supervive-loadout-shim

#4661 18:44:58.573  GET /revival/loadout
    -> 200  (0s)
    User-Agent: supervive-loadout-shim

#4662 18:44:58.748  GET /revival/loadout
    -> 200  (0s)
    User-Agent: supervive-loadout-shim

#4663 18:44:58.922  GET /revival/loadout
    -> 200  (0s)
    User-Agent: supervive-loadout-shim

#4664 18:44:59.097  GET /revival/loadout
    -> 200  (0s)
    User-Agent: supervive-loadout-shim

#4665 18:44:59.271  GET /revival/loadout
    -> 200  (1ms)
    User-Agent: supervive-loadout-shim

#4666 18:44:59.447  GET /revival/loadout
    -> 200  (0s)
    User-Agent: supervive-loadout-shim

#4667 18:44:59.622  GET /revival/loadout
    -> 200  (0s)
    User-Agent: supervive-loadout-shim

#4668 18:44:59.797  GET /revival/loadout
    -> 200  (0s)
    User-Agent: supervive-loadout-shim

#4669 18:44:59.972  GET /revival/loadout
    -> 200  (0s)
    User-Agent: supervive-loadout-shim

#4670 18:45:00.147  GET /revival/loadout
    -> 200  (0s)
    User-Agent: supervive-loadout-shim

#4671 18:45:00.322  GET /revival/loadout
    -> 200  (0s)
    User-Agent: supervive-loadout-shim

#4672 18:45:00.497  GET /revival/loadout
    -> 200  (0s)
    User-Agent: supervive-loadout-shim

#4673 18:45:00.679  GET /revival/loadout
    -> 200  (0s)
    User-Agent: supervive-loadout-shim

#4674 18:45:00.855  GET /revival/loadout
    -> 200  (0s)
    User-Agent: supervive-loadout-shim

#4675 18:45:01.031  GET /revival/loadout
    -> 200  (0s)
    User-Agent: supervive-loadout-shim

#4676 18:45:01.205  GET /revival/loadout
    -> 200  (0s)
    User-Agent: supervive-loadout-shim

#4677 18:45:01.389  GET /revival/loadout
    -> 200  (0s)
    User-Agent: supervive-loadout-shim

#4678 18:45:01.561  GET /revival/loadout
    -> 200  (1ms)
    User-Agent: supervive-loadout-shim

#4679 18:45:01.738  GET /revival/loadout
    -> 200  (0s)
    User-Agent: supervive-loadout-shim

#4680 18:45:01.922  GET /revival/loadout
    -> 200  (0s)
    User-Agent: supervive-loadout-shim

#4681 18:45:02.096  GET /revival/loadout
    -> 200  (1ms)
    User-Agent: supervive-loadout-shim

#4682 18:45:02.271  GET /revival/loadout
    -> 200  (0s)
    User-Agent: supervive-loadout-shim

#4683 18:45:02.446  GET /revival/loadout
    -> 200  (0s)
    User-Agent: supervive-loadout-shim

#4684 18:45:02.629  GET /revival/loadout
    -> 200  (1ms)
    User-Agent: supervive-loadout-shim

#4685 18:45:02.804  GET /revival/loadout
    -> 200  (0s)
    User-Agent: supervive-loadout-shim

#4686 18:45:02.979  GET /revival/loadout
    -> 200  (0s)
    User-Agent: supervive-loadout-shim

#4687 18:45:03.163  GET /revival/loadout
    -> 200  (0s)
    User-Agent: supervive-loadout-shim

#4688 18:45:03.337  GET /revival/loadout
    -> 200  (0s)
    User-Agent: supervive-loadout-shim

#4689 18:45:03.512  GET /revival/loadout
    -> 200  (0s)
    User-Agent: supervive-loadout-shim
