offset_hex,offset_dec,len_field,nul_form,rec_bytes,section,module,ptr_key,class,text
0x000018,24,20,A,24,A_modules,Airship/LokiAirship.as,,dotted_name,Airship.LokiAirship
0x000030,48,19,B,24,A_modules,Airship/LokiAirship.as,,dotted_name,Airship.LokiAirship
0x00004c,76,15,B,20,A_modules,Airship/LokiAirship.as,,identifier,ALokiAirship_AS
0x0000fc,252,11,B,16,A_modules,Airship/LokiAirship.as,,identifier,StaticClass
0x00010c,268,15,B,20,A_modules,Airship/LokiAirship.as,,identifier,ALokiAirship_AS
0x0001c4,452,5,B,10,A_modules,Airship/LokiAirship.as,,identifier,Spawn
0x0001ce,462,15,B,20,A_modules,Airship/LokiAirship.as,,identifier,ALokiAirship_AS
0x0002c2,706,8,B,13,A_modules,Airship/LokiAirship.as,,identifier,Location
0x0002cf,719,8,B,13,A_modules,Airship/LokiAirship.as,,identifier,Rotation
0x0002dc,732,4,B,9,A_modules,Airship/LokiAirship.as,,identifier,Name
0x0002e5,741,14,B,19,A_modules,Airship/LokiAirship.as,,identifier,bDeferredSpawn
0x0002f8,760,5,B,10,A_modules,Airship/LokiAirship.as,,identifier,Level
0x00031e,798,21,B,26,A_modules,Airship/LokiAirship.as,,default_arg_expr,FVector :: ZeroVector
0x000338,824,23,B,28,A_modules,Airship/LokiAirship.as,,default_arg_expr,FRotator :: ZeroRotator
0x000354,852,9,B,14,A_modules,Airship/LokiAirship.as,,default_arg_expr,NAME_None
0x000362,866,5,B,10,A_modules,Airship/LokiAirship.as,,default_arg_expr,false
0x00036c,876,7,B,12,A_modules,Airship/LokiAirship.as,,default_arg_expr,nullptr
0x000408,1032,1,B,6,A_modules,Airship/LokiAirship.as,,identifier,J
0x000498,1176,15,B,20,A_modules,Airship/LokiAirship.as,,identifier,ALokiAirship_AS
0x0004b8,1208,8,B,13,A_modules,Airship/LokiAirship.as,,identifier,BoostTag
0x0004f9,1273,8,B,13,A_modules,Airship/LokiAirship.as,,identifier,Category
0x00050a,1290,7,B,12,A_modules,Airship/LokiAirship.as,,identifier,Airship
0x000556,1366,22,B,27,A_modules,Airship/LokiAirship.as,,identifier,GenericCollisionEffect
0x0005a5,1445,8,B,13,A_modules,Airship/LokiAirship.as,,identifier,Category
0x0005b6,1462,24,B,29,A_modules,Airship/LokiAirship.as,,string_literal,Airship Collision|Damage
0x000613,1555,23,B,28,A_modules,Airship/LokiAirship.as,,identifier,MaxHeadOnCollisionAngle
0x000663,1635,8,B,13,A_modules,Airship/LokiAirship.as,,identifier,Category
0x000674,1652,24,B,29,A_modules,Airship/LokiAirship.as,,string_literal,Airship Collision|Damage
0x0006d1,1745,25,B,30,A_modules,Airship/LokiAirship.as,,identifier,MinGenericCollisionDamage
0x000723,1827,8,B,13,A_modules,Airship/LokiAirship.as,,identifier,Category
0x000734,1844,24,B,29,A_modules,Airship/LokiAirship.as,,string_literal,Airship Collision|Damage
0x000791,1937,25,B,30,A_modules,Airship/LokiAirship.as,,identifier,MaxGenericCollisionDamage
0x0007e3,2019,8,B,13,A_modules,Airship/LokiAirship.as,,identifier,Category
0x0007f4,2036,24,B,29,A_modules,Airship/LokiAirship.as,,string_literal,Airship Collision|Damage
0x000851,2129,24,B,29,A_modules,Airship/LokiAirship.as,,identifier,MinGenericCollisionSpeed
0x0008a2,2210,8,B,13,A_modules,Airship/LokiAirship.as,,identifier,Category
0x0008b3,2227,24,B,29,A_modules,Airship/LokiAirship.as,,string_literal,Airship Collision|Damage
0x000910,2320,24,B,29,A_modules,Airship/LokiAirship.as,,identifier,MaxGenericCollisionSpeed
0x000961,2401,8,B,13,A_modules,Airship/LokiAirship.as,,identifier,Category
0x000972,2418,24,B,29,A_modules,Airship/LokiAirship.as,,string_literal,Airship Collision|Damage
0x0009cf,2511,31,B,36,A_modules,Airship/LokiAirship.as,,identifier,AirshipCollisionFrontMultiplier
0x000a27,2599,8,B,13,A_modules,Airship/LokiAirship.as,,identifier,Category
0x000a38,2616,24,B,29,A_modules,Airship/LokiAirship.as,,string_literal,Airship Collision|Damage
0x000a95,2709,30,B,35,A_modules,Airship/LokiAirship.as,,identifier,AirshipCollisionRearMultiplier
0x000aec,2796,8,B,13,A_modules,Airship/LokiAirship.as,,identifier,Category
0x000afd,2813,24,B,29,A_modules,Airship/LokiAirship.as,,string_literal,Airship Collision|Damage
0x000b5a,2906,20,B,25,A_modules,Airship/LokiAirship.as,,identifier,RoadkillImpactEffect
0x000ba7,2983,8,B,13,A_modules,Airship/LokiAirship.as,,identifier,Category
0x000bb8,3000,23,B,28,A_modules,Airship/LokiAirship.as,,string_literal,Airship Roadkill|Damage
0x000c14,3092,17,B,22,A_modules,Airship/LokiAirship.as,,identifier,MinRoadkillDamage
0x000c5e,3166,8,B,13,A_modules,Airship/LokiAirship.as,,identifier,Category
0x000c6f,3183,23,B,28,A_modules,Airship/LokiAirship.as,,string_literal,Airship Roadkill|Damage
0x000ccb,3275,17,B,22,A_modules,Airship/LokiAirship.as,,identifier,MaxRoadkillDamage
0x000d15,3349,8,B,13,A_modules,Airship/LokiAirship.as,,identifier,Category
0x000d26,3366,23,B,28,A_modules,Airship/LokiAirship.as,,string_literal,Airship Roadkill|Damage
0x000d82,3458,31,B,36,A_modules,Airship/LokiAirship.as,,identifier,RoadkillDamageMinionCoefficient
0x000dda,3546,8,B,13,A_modules,Airship/LokiAirship.as,,identifier,Category
0x000deb,3563,23,B,28,A_modules,Airship/LokiAirship.as,,string_literal,Airship Roadkill|Damage
0x000e47,3655,37,B,42,A_modules,Airship/LokiAirship.as,,identifier,RoadkillDamageDestructibleCoefficient
0x000ea5,3749,8,B,13,A_modules,Airship/LokiAirship.as,,identifier,Category
0x000eb6,3766,23,B,28,A_modules,Airship/LokiAirship.as,,string_literal,Airship Roadkill|Damage
0x000f12,3858,22,B,27,A_modules,Airship/LokiAirship.as,,identifier,MinRoadkillDamageSpeed
0x000f61,3937,8,B,13,A_modules,Airship/LokiAirship.as,,identifier,Category
0x000f72,3954,23,B,28,A_modules,Airship/LokiAirship.as,,string_literal,Airship Roadkill|Damage
0x000fce,4046,22,B,27,A_modules,Airship/LokiAirship.as,,identifier,MaxRoadkillDamageSpeed
0x00101d,4125,8,B,13,A_modules,Airship/LokiAirship.as,,identifier,Category
0x00102e,4142,23,B,28,A_modules,Airship/LokiAirship.as,,string_literal,Airship Roadkill|Damage
0x00108a,4234,20,B,25,A_modules,Airship/LokiAirship.as,,identifier,MinRoadkillBoopSpeed
0x0010d7,4311,8,B,13,A_modules,Airship/LokiAirship.as,,identifier,Category
0x0010e8,4328,21,B,26,A_modules,Airship/LokiAirship.as,,string_literal,Airship Roadkill|Boop
0x001142,4418,20,B,25,A_modules,Airship/LokiAirship.as,,identifier,MaxRoadkillBoopSpeed
0x00118f,4495,8,B,13,A_modules,Airship/LokiAirship.as,,identifier,Category
0x0011a0,4512,21,B,26,A_modules,Airship/LokiAirship.as,,string_literal,Airship Roadkill|Boop
0x0011fa,4602,22,B,27,A_modules,Airship/LokiAirship.as,,identifier,MinRoadkillBoopForceXY
0x001249,4681,8,B,13,A_modules,Airship/LokiAirship.as,,identifier,Category
0x00125a,4698,21,B,26,A_modules,Airship/LokiAirship.as,,string_literal,Airship Roadkill|Boop
0x0012b4,4788,22,B,27,A_modules,Airship/LokiAirship.as,,identifier,MaxRoadkillBoopForceXY
0x001303,4867,8,B,13,A_modules,Airship/LokiAirship.as,,identifier,Category
0x001314,4884,21,B,26,A_modules,Airship/LokiAirship.as,,string_literal,Airship Roadkill|Boop
0x00136e,4974,21,B,26,A_modules,Airship/LokiAirship.as,,identifier,MinRoadkillBoopForceZ
0x0013bc,5052,8,B,13,A_modules,Airship/LokiAirship.as,,identifier,Category
0x0013cd,5069,21,B,26,A_modules,Airship/LokiAirship.as,,string_literal,Airship Roadkill|Boop
0x001427,5159,21,B,26,A_modules,Airship/LokiAirship.as,,identifier,MaxRoadkillBoopForceZ
0x001475,5237,8,B,13,A_modules,Airship/LokiAirship.as,,identifier,Category
0x001486,5254,21,B,26,A_modules,Airship/LokiAirship.as,,string_literal,Airship Roadkill|Boop
0x0014e0,5344,13,B,18,A_modules,Airship/LokiAirship.as,,identifier,RunningEffect
0x001526,5414,8,B,13,A_modules,Airship/LokiAirship.as,,identifier,Category
0x001537,5431,12,B,17,A_modules,Airship/LokiAirship.as,,string_literal,Airship Fuel
0x001588,5512,16,B,21,A_modules,Airship/LokiAirship.as,,identifier,NumSecondsOfFuel
0x0015d1,5585,8,B,13,A_modules,Airship/LokiAirship.as,,identifier,Category
0x0015e2,5602,12,B,17,A_modules,Airship/LokiAirship.as,,string_literal,Airship Fuel
0x001633,5683,29,B,34,A_modules,Airship/LokiAirship.as,,identifier,NumSecondsOfFuelWhileBoosting
0x001689,5769,8,B,13,A_modules,Airship/LokiAirship.as,,identifier,Category
0x00169a,5786,12,B,17,A_modules,Airship/LokiAirship.as,,string_literal,Airship Fuel
0x0016eb,5867,16,B,21,A_modules,Airship/LokiAirship.as,,identifier,FuelTickInterval
0x001734,5940,8,B,13,A_modules,Airship/LokiAirship.as,,identifier,Category
0x001745,5957,12,B,17,A_modules,Airship/LokiAirship.as,,string_literal,Airship Fuel
0x001796,6038,24,B,29,A_modules,Airship/LokiAirship.as,,identifier,MinEjectionRelativeSpeed
0x0017e7,6119,8,B,13,A_modules,Airship/LokiAirship.as,,identifier,Category
0x0017f8,6136,17,B,22,A_modules,Airship/LokiAirship.as,,string_literal,Airship Collision
0x00184e,6222,16,B,21,A_modules,Airship/LokiAirship.as,,identifier,NextFuelTickTime
0x001893,6291,23,B,28,A_modules,Airship/LokiAirship.as,,identifier,HealthRegenTickInterval
0x0018e3,6371,8,B,13,A_modules,Airship/LokiAirship.as,,identifier,Category
0x0018f4,6388,20,B,25,A_modules,Airship/LokiAirship.as,,string_literal,Airship Health Regen
0x00194d,6477,23,B,28,A_modules,Airship/LokiAirship.as,,identifier,NextHealthRegenTickTime
0x001999,6553,21,B,26,A_modules,Airship/LokiAirship.as,,identifier,HealthRegenThresholds
0x0019e7,6631,8,B,13,A_modules,Airship/LokiAirship.as,,identifier,Category
0x0019f8,6648,20,B,25,A_modules,Airship/LokiAirship.as,,string_literal,Airship Health Regen
0x001a51,6737,34,B,39,A_modules,Airship/LokiAirship.as,,identifier,HealthRegenDamagePhaseEffectHandle
0x001aa8,6824,29,B,34,A_modules,Airship/LokiAirship.as,,identifier,HealthRegenDamagePhaseEffects
0x001afe,6910,8,B,13,A_modules,Airship/LokiAirship.as,,identifier,Category
0x001b0f,6927,20,B,25,A_modules,Airship/LokiAirship.as,,string_literal,Airship Health Regen
0x001b68,7016,29,B,34,A_modules,Airship/LokiAirship.as,,identifier,CurrentHealthRegenDamagePhase
0x001c02,7170,17,B,22,A_modules,Airship/LokiAirship.as,,identifier,LastRoadkillTimes
0x001c48,7240,25,B,30,A_modules,Airship/LokiAirship.as,,identifier,LastGenericCollisionTimes
0x001c9a,7322,14,B,19,A_modules,Airship/LokiAirship.as,,identifier,SetDamagePhase
0x001d01,7425,8,B,13,A_modules,Airship/LokiAirship.as,,identifier,NewPhase
0x00205a,8282,14,B,19,A_modules,Airship/LokiAirship.as,,identifier,SetDamagePhase
0x0020bd,8381,24,B,29,A_modules,Airship/LokiAirship.as,,identifier,BeginPlay_Implementation
0x00222a,8746,9,B,14,A_modules,Airship/LokiAirship.as,,identifier,BeginPlay
0x002288,8840,24,B,29,A_modules,Airship/LokiAirship.as,,identifier,HandleHealthRegeneration
0x002451,9297,2,A,6,A_modules,Airship/LokiAirship.as,,suspect_short,0
0x0024e5,9445,1,B,6,A_modules,Airship/LokiAirship.as,,suspect_short,0
0x002671,9841,24,B,29,A_modules,Airship/LokiAirship.as,,identifier,HandleHealthRegeneration
0x0026de,9950,19,B,24,A_modules,Airship/LokiAirship.as,,identifier,Tick_Implementation
0x00274a,10058,12,B,17,A_modules,Airship/LokiAirship.as,,identifier,DeltaSeconds
0x002b8b,11147,4,B,9,A_modules,Airship/LokiAirship.as,,identifier,Tick
0x002be4,11236,11,B,16,A_modules,Airship/LokiAirship.as,,identifier,GetStrength
0x002d58,11608,11,B,16,A_modules,Airship/LokiAirship.as,,identifier,GetStrength
0x002db8,11704,19,B,24,A_modules,Airship/LokiAirship.as,,identifier,HandleGenericImpact
0x002e48,11848,8,B,13,A_modules,Airship/LokiAirship.as,,identifier,HitActor
0x002e55,11861,9,B,14,A_modules,Airship/LokiAirship.as,,identifier,HitResult
0x002f27,12071,1,B,6,A_modules,Airship/LokiAirship.as,,identifier,J
0x00381f,14367,19,B,24,A_modules,Airship/LokiAirship.as,,identifier,HandleGenericImpact
0x003887,14471,27,B,32,A_modules,Airship/LokiAirship.as,,identifier,ApplyGenericCollisionDamage
0x00391f,14623,12,B,17,A_modules,Airship/LokiAirship.as,,identifier,DamageAmount
0x003930,14640,19,B,24,A_modules,Airship/LokiAirship.as,,identifier,CollisionInstigator
0x0039f0,14832,1,B,6,A_modules,Airship/LokiAirship.as,,identifier,J
0x003a48,14920,1,B,6,A_modules,Airship/LokiAirship.as,,identifier,J
0x003cb8,15544,27,B,32,A_modules,Airship/LokiAirship.as,,identifier,ApplyGenericCollisionDamage
0x003d28,15656,29,B,34,A_modules,Airship/LokiAirship.as,,identifier,HasRecentlyCollidedWithTarget
0x003d9e,15774,20,B,25,A_modules,Airship/LokiAirship.as,,identifier,CollisionTargetActor
0x003ee3,16099,16,B,21,A_modules,Airship/LokiAirship.as,,identifier,IsRoadkillImmune
0x003f4c,16204,8,B,13,A_modules,Airship/LokiAirship.as,,identifier,HitActor
0x003f81,16257,1,B,6,A_modules,Airship/LokiAirship.as,,suspect_short,=
0x00402d,16429,23,B,28,A_modules,Airship/LokiAirship.as,,identifier,HandleRoadkillCollision
0x00409d,16541,8,B,13,A_modules,Airship/LokiAirship.as,,identifier,HitActor
0x0041ea,16874,1,B,6,A_modules,Airship/LokiAirship.as,,identifier,J
0x0044da,17626,1,B,6,A_modules,Airship/LokiAirship.as,,identifier,J
0x004532,17714,1,B,6,A_modules,Airship/LokiAirship.as,,identifier,J
0x004916,18710,2,A,6,A_modules,Airship/LokiAirship.as,,suspect_short,0
0x004f3e,20286,23,B,28,A_modules,Airship/LokiAirship.as,,identifier,HandleRoadkillCollision
0x004faa,20394,27,B,32,A_modules,Airship/LokiAirship.as,,identifier,HasRecentlyRoadkilledTarget
0x00501e,20510,19,B,24,A_modules,Airship/LokiAirship.as,,identifier,RoadkillTargetActor
0x005162,20834,20,B,25,A_modules,Airship/LokiAirship.as,,identifier,ImpulseAllPassengers
0x0051f3,20979,12,B,17,A_modules,Airship/LokiAirship.as,,identifier,ImpulseForce
0x005204,20996,14,B,19,A_modules,Airship/LokiAirship.as,,identifier,bForceDismount
0x00548f,21647,20,B,25,A_modules,Airship/LokiAirship.as,,identifier,ImpulseAllPassengers
0x005540,21824,15,B,20,A_modules,Airship/LokiAirship.as,,identifier,ALokiAirship_AS
0x005984,22916,16,B,21,A_modules,Airship/LokiAirship.as,,other,~ALokiAirship_AS
0x005aad,23213,12,B,17,A_modules,Airship/LokiAirship.as,,identifier,ALokiAirship
0x005abe,23230,24,B,29,A_modules,Airship/LokiAirship.as,,asset_path,/Script/Loki.LokiAirship
0x005afb,23291,28,B,33,A_modules,Airship/LokiAirship.as,,statictype_alias,__StaticType_ALokiAirship_AS
0x005b34,23348,28,B,33,A_modules,Airship/LokiAirship.as,,statictype_alias,__StaticType_ALokiAirship_AS
0x005b9d,23453,22,B,27,A_modules,Airship/LokiAirship.as,,source_path,Airship/LokiAirship.as
0x005bbc,23484,25,A,29,A_modules,Armory/LokiArmoryGlobals.as,,dotted_name,Armory.LokiArmoryGlobals
0x005bd9,23513,24,B,29,A_modules,Armory/LokiArmoryGlobals.as,,dotted_name,Armory.LokiArmoryGlobals
0x005bfa,23546,26,B,31,A_modules,Armory/LokiArmoryGlobals.as,,identifier,GetPerTierPowerDescription
0x005c6d,23661,9,B,14,A_modules,Armory/LokiArmoryGlobals.as,,identifier,ItemClass
0x006027,24615,2,A,6,A_modules,Armory/LokiArmoryGlobals.as,,suspect_short,!
0x0061d7,25047,26,B,31,A_modules,Armory/LokiArmoryGlobals.as,,identifier,GetPerTierPowerDescription
0x006246,25158,22,B,27,A_modules,Armory/LokiArmoryGlobals.as,,identifier,IsItemSpellDescription
0x0062d9,25305,4,B,9,A_modules,Armory/LokiArmoryGlobals.as,,identifier,Item
0x0062e2,25314,9,B,14,A_modules,Armory/LokiArmoryGlobals.as,,identifier,StarCount
0x0064bc,25788,22,B,27,A_modules,Armory/LokiArmoryGlobals.as,,identifier,IsItemSpellDescription
0x006527,25895,22,B,27,A_modules,Armory/LokiArmoryGlobals.as,,identifier,GetUniqueEffectForStar
0x0065ba,26042,9,B,14,A_modules,Armory/LokiArmoryGlobals.as,,identifier,ItemClass
0x0065c8,26056,9,B,14,A_modules,Armory/LokiArmoryGlobals.as,,identifier,StarCount
0x00690e,26894,22,B,27,A_modules,Armory/LokiArmoryGlobals.as,,identifier,GetUniqueEffectForStar
0x006979,27001,32,B,37,A_modules,Armory/LokiArmoryGlobals.as,,identifier,GetArmoryUniqueEffectTextForItem
0x006a3a,27194,4,B,9,A_modules,Armory/LokiArmoryGlobals.as,,identifier,Item
0x006a43,27203,18,B,23,A_modules,Armory/LokiArmoryGlobals.as,,identifier,InactiveWarningFmt
0x006a5a,27226,11,B,16,A_modules,Armory/LokiArmoryGlobals.as,,identifier,LevelUpText
0x006b46,27462,1,B,6,A_modules,Armory/LokiArmoryGlobals.as,,identifier,J
0x006f76,28534,1,B,6,A_modules,Armory/LokiArmoryGlobals.as,,suspect_short, 
0x006fef,28655,37,B,42,A_modules,Armory/LokiArmoryGlobals.as,,identifier,GetArmoryUniqueEffectTextForItemClass
0x0070b5,28853,9,B,14,A_modules,Armory/LokiArmoryGlobals.as,,identifier,ItemClass
0x0070c3,28867,18,B,23,A_modules,Armory/LokiArmoryGlobals.as,,identifier,InactiveWarningFmt
0x0070da,28890,11,B,16,A_modules,Armory/LokiArmoryGlobals.as,,identifier,LevelUpText
0x007342,29506,1,B,6,A_modules,Armory/LokiArmoryGlobals.as,,identifier,J
0x00762a,30250,1,B,6,A_modules,Armory/LokiArmoryGlobals.as,,identifier,P
0x007692,30354,2,A,6,A_modules,Armory/LokiArmoryGlobals.as,,identifier,M
0x007c32,31794,1,B,6,A_modules,Armory/LokiArmoryGlobals.as,,suspect_short,%
0x007cb0,31920,33,B,38,A_modules,Armory/LokiArmoryGlobals.as,,identifier,HasEffectsIgnoredInConciseTooltip
0x007d2a,32042,13,B,18,A_modules,Armory/LokiArmoryGlobals.as,,identifier,UniqueEffects
0x007dbc,32188,1,B,6,A_modules,Armory/LokiArmoryGlobals.as,,identifier,R
0x007eac,32428,1,B,6,A_modules,Armory/LokiArmoryGlobals.as,,suspect_short,!
0x007f42,32578,38,B,43,A_modules,Armory/LokiArmoryGlobals.as,,identifier,Module_Armory_LokiArmoryGlobalsStatics
0x007f75,32629,27,B,32,A_modules,Armory/LokiArmoryGlobals.as,,source_path,Armory/LokiArmoryGlobals.as
0x007f99,32665,43,A,47,A_modules,Armory/LokiPlayerControllerArmoryComponent.as,,dotted_name,Armory.LokiPlayerControllerArmoryComponent
0x007fc8,32712,42,B,47,A_modules,Armory/LokiPlayerControllerArmoryComponent.as,,dotted_name,Armory.LokiPlayerControllerArmoryComponent
0x007ffb,32763,36,B,41,A_modules,Armory/LokiPlayerControllerArmoryComponent.as,,identifier,ULokiPlayerControllerArmoryComponent
0x0080c0,32960,11,B,16,A_modules,Armory/LokiPlayerControllerArmoryComponent.as,,identifier,StaticClass
0x0080d0,32976,36,B,41,A_modules,Armory/LokiPlayerControllerArmoryComponent.as,,identifier,ULokiPlayerControllerArmoryComponent
0x00819d,33181,3,B,8,A_modules,Armory/LokiPlayerControllerArmoryComponent.as,,identifier,Get
0x0081a5,33189,36,B,41,A_modules,Armory/LokiPlayerControllerArmoryComponent.as,,identifier,ULokiPlayerControllerArmoryComponent
0x008242,33346,5,B,10,A_modules,Armory/LokiPlayerControllerArmoryComponent.as,,identifier,Actor
0x00824c,33356,8,B,13,A_modules,Armory/LokiPlayerControllerArmoryComponent.as,,identifier,WithName
0x00826d,33389,9,B,14,A_modules,Armory/LokiPlayerControllerArmoryComponent.as,,default_arg_expr,NAME_None
0x0082fb,33531,11,B,16,A_modules,Armory/LokiPlayerControllerArmoryComponent.as,,identifier,GetOrCreate
0x00830b,33547,36,B,41,A_modules,Armory/LokiPlayerControllerArmoryComponent.as,,identifier,ULokiPlayerControllerArmoryComponent
0x0083a8,33704,5,B,10,A_modules,Armory/LokiPlayerControllerArmoryComponent.as,,identifier,Actor
0x0083b2,33714,8,B,13,A_modules,Armory/LokiPlayerControllerArmoryComponent.as,,identifier,WithName
0x0083d3,33747,9,B,14,A_modules,Armory/LokiPlayerControllerArmoryComponent.as,,default_arg_expr,NAME_None
0x008461,33889,6,B,11,A_modules,Armory/LokiPlayerControllerArmoryComponent.as,,identifier,Create
0x00846c,33900,36,B,41,A_modules,Armory/LokiPlayerControllerArmoryComponent.as,,identifier,ULokiPlayerControllerArmoryComponent
0x008509,34057,5,B,10,A_modules,Armory/LokiPlayerControllerArmoryComponent.as,,identifier,Actor
0x008513,34067,8,B,13,A_modules,Armory/LokiPlayerControllerArmoryComponent.as,,identifier,WithName
0x008534,34100,9,B,14,A_modules,Armory/LokiPlayerControllerArmoryComponent.as,,default_arg_expr,NAME_None
0x0085c2,34242,1,B,6,A_modules,Armory/LokiPlayerControllerArmoryComponent.as,,suspect_short,$
0x0085fb,34299,13,B,18,A_modules,Armory/LokiPlayerControllerArmoryComponent.as,,identifier,RelicSlotName
0x008685,34437,12,B,17,A_modules,Armory/LokiPlayerControllerArmoryComponent.as,,identifier,PerkSlotName
0x00870e,34574,13,B,18,A_modules,Armory/LokiPlayerControllerArmoryComponent.as,,identifier,BootsSlotName
0x008798,34712,13,B,18,A_modules,Armory/LokiPlayerControllerArmoryComponent.as,,identifier,bLoadComplete
0x008822,34850,13,B,18,A_modules,Armory/LokiPlayerControllerArmoryComponent.as,,identifier,PurchasedKits
0x0088ac,34988,13,B,18,A_modules,Armory/LokiPlayerControllerArmoryComponent.as,,identifier,LoadedClasses
0x008936,35126,13,B,18,A_modules,Armory/LokiPlayerControllerArmoryComponent.as,,identifier,DefaultArmory
0x0089c0,35264,6,B,11,A_modules,Armory/LokiPlayerControllerArmoryComponent.as,,identifier,Handle
0x008a43,35395,13,B,18,A_modules,Armory/LokiPlayerControllerArmoryComponent.as,,identifier,DisabledItems
0x008ad5,35541,20,B,25,A_modules,Armory/LokiPlayerControllerArmoryComponent.as,,identifier,DisabledItemAssetIDs
0x008b6e,35694,25,B,30,A_modules,Armory/LokiPlayerControllerArmoryComponent.as,,identifier,OnPlayerInitializedHandle
0x008bc0,35776,24,B,29,A_modules,Armory/LokiPlayerControllerArmoryComponent.as,,identifier,BeginPlay_Implementation
0x008d69,36201,9,B,14,A_modules,Armory/LokiPlayerControllerArmoryComponent.as,,identifier,BeginPlay
0x008dc7,36295,22,B,27,A_modules,Armory/LokiPlayerControllerArmoryComponent.as,,identifier,EndPlay_Implementation
0x008e36,36406,13,B,18,A_modules,Armory/LokiPlayerControllerArmoryComponent.as,,identifier,EndPlayReason
0x008ef8,36600,7,B,12,A_modules,Armory/LokiPlayerControllerArmoryComponent.as,,identifier,EndPlay
0x008f54,36692,15,B,20,A_modules,Armory/LokiPlayerControllerArmoryComponent.as,,identifier,IsArmoryEnabled
0x009058,36952,15,B,20,A_modules,Armory/LokiPlayerControllerArmoryComponent.as,,identifier,IsArmoryEnabled
0x0090bc,37052,21,B,26,A_modules,Armory/LokiPlayerControllerArmoryComponent.as,,identifier,GetArmoryItemsForShop
0x0092fe,37630,1,B,6,A_modules,Armory/LokiPlayerControllerArmoryComponent.as,,identifier,P
0x00932a,37674,2,A,6,A_modules,Armory/LokiPlayerControllerArmoryComponent.as,,suspect_short,=
0x0093c6,37830,2,A,6,A_modules,Armory/LokiPlayerControllerArmoryComponent.as,,identifier,P
0x0095ee,38382,2,A,6,A_modules,Armory/LokiPlayerControllerArmoryComponent.as,,suspect_short,(
0x0097f2,38898,21,B,26,A_modules,Armory/LokiPlayerControllerArmoryComponent.as,,identifier,GetArmoryItemsForShop
0x00985c,39004,17,B,22,A_modules,Armory/LokiPlayerControllerArmoryComponent.as,,identifier,GetArmoryTrinkets
0x0099be,39358,17,B,22,A_modules,Armory/LokiPlayerControllerArmoryComponent.as,,identifier,GetArmoryTrinkets
0x009a24,39460,23,B,28,A_modules,Armory/LokiPlayerControllerArmoryComponent.as,,identifier,ServerSwapSlotAndBuyKit
0x009adc,39644,4,B,9,A_modules,Armory/LokiPlayerControllerArmoryComponent.as,,identifier,Item
0x009ae5,39653,9,B,14,A_modules,Armory/LokiPlayerControllerArmoryComponent.as,,identifier,ItemClass
0x009af3,39667,18,B,23,A_modules,Armory/LokiPlayerControllerArmoryComponent.as,,identifier,InventorySlotIndex
0x009b6a,39786,2,A,6,A_modules,Armory/LokiPlayerControllerArmoryComponent.as,0x26e77fc8ac0,suspect_short,\
0x009bca,39882,38,B,43,A_modules,Armory/LokiPlayerControllerArmoryComponent.as,,identifier,ServerSwapSlotAndBuyKit_Implementation
0x009c91,40081,4,B,9,A_modules,Armory/LokiPlayerControllerArmoryComponent.as,,identifier,Item
0x009c9a,40090,9,B,14,A_modules,Armory/LokiPlayerControllerArmoryComponent.as,,identifier,ItemClass
0x009ca8,40104,18,B,23,A_modules,Armory/LokiPlayerControllerArmoryComponent.as,,identifier,InventorySlotIndex
0x009e07,40455,23,B,28,A_modules,Armory/LokiPlayerControllerArmoryComponent.as,,identifier,ServerSwapSlotAndBuyKit
0x009e73,40563,24,B,29,A_modules,Armory/LokiPlayerControllerArmoryComponent.as,,identifier,ServerSellSlotAndBuyItem
0x009f2c,40748,4,B,9,A_modules,Armory/LokiPlayerControllerArmoryComponent.as,,identifier,Item
0x009f35,40757,9,B,14,A_modules,Armory/LokiPlayerControllerArmoryComponent.as,,identifier,ItemClass
0x009f43,40771,18,B,23,A_modules,Armory/LokiPlayerControllerArmoryComponent.as,,identifier,InventorySlotIndex
0x009fba,40890,2,A,6,A_modules,Armory/LokiPlayerControllerArmoryComponent.as,0x26e77fc8ac0,suspect_short,]
0x00a01a,40986,39,B,44,A_modules,Armory/LokiPlayerControllerArmoryComponent.as,,identifier,ServerSellSlotAndBuyItem_Implementation
0x00a0e2,41186,4,B,9,A_modules,Armory/LokiPlayerControllerArmoryComponent.as,,identifier,Item
0x00a0eb,41195,9,B,14,A_modules,Armory/LokiPlayerControllerArmoryComponent.as,,identifier,ItemClass
0x00a0f9,41209,18,B,23,A_modules,Armory/LokiPlayerControllerArmoryComponent.as,,identifier,InventorySlotIndex
0x00a258,41560,24,B,29,A_modules,Armory/LokiPlayerControllerArmoryComponent.as,,identifier,ServerSellSlotAndBuyItem
0x00a2c5,41669,18,B,23,A_modules,Armory/LokiPlayerControllerArmoryComponent.as,,identifier,AuthSellItemAtSlot
0x00a354,41812,8,B,13,A_modules,Armory/LokiPlayerControllerArmoryComponent.as,,identifier,SlotName
0x00a361,41825,9,B,14,A_modules,Armory/LokiPlayerControllerArmoryComponent.as,,identifier,SlotIndex
0x00a55b,42331,18,B,23,A_modules,Armory/LokiPlayerControllerArmoryComponent.as,,identifier,AuthSellItemAtSlot
0x00a5c2,42434,15,B,20,A_modules,Armory/LokiPlayerControllerArmoryComponent.as,,identifier,AuthSellItem_BP
0x00a62a,42538,4,B,9,A_modules,Armory/LokiPlayerControllerArmoryComponent.as,,identifier,Item
0x00a67b,42619,2,A,6,A_modules,Armory/LokiPlayerControllerArmoryComponent.as,0x26e77fce080,suspect_short,^
0x00a6df,42719,30,B,35,A_modules,Armory/LokiPlayerControllerArmoryComponent.as,,identifier,AuthSellItem_BP_Implementation
0x00a756,42838,4,B,9,A_modules,Armory/LokiPlayerControllerArmoryComponent.as,,identifier,Item
0x00a7bb,42939,15,B,20,A_modules,Armory/LokiPlayerControllerArmoryComponent.as,,identifier,AuthSellItem_BP
0x00a81f,43039,21,B,26,A_modules,Armory/LokiPlayerControllerArmoryComponent.as,,identifier,ShouldShopSellItem_BP
0x00a8b1,43185,9,B,14,A_modules,Armory/LokiPlayerControllerArmoryComponent.as,,identifier,ItemClass
0x00a8bf,43199,14,B,19,A_modules,Armory/LokiPlayerControllerArmoryComponent.as,,identifier,SourceShopkeep
0x00a93a,43322,2,A,6,A_modules,Armory/LokiPlayerControllerArmoryComponent.as,0x26e77fce080,identifier,_
0x00a99e,43422,36,B,41,A_modules,Armory/LokiPlayerControllerArmoryComponent.as,,identifier,ShouldShopSellItem_BP_Implementation
0x00aa3f,43583,9,B,14,A_modules,Armory/LokiPlayerControllerArmoryComponent.as,,identifier,ItemClass
0x00aa4d,43597,14,B,19,A_modules,Armory/LokiPlayerControllerArmoryComponent.as,,identifier,SourceShopkeep
0x00aa84,43652,1,B,6,A_modules,Armory/LokiPlayerControllerArmoryComponent.as,,identifier,R
0x00aac4,43716,21,B,26,A_modules,Armory/LokiPlayerControllerArmoryComponent.as,,identifier,ShouldShopSellItem_BP
0x00ab2e,43822,19,B,24,A_modules,Armory/LokiPlayerControllerArmoryComponent.as,,identifier,AuthDropPowerAtSlot
0x00abbe,43966,8,B,13,A_modules,Armory/LokiPlayerControllerArmoryComponent.as,,identifier,SlotName
0x00abcb,43979,9,B,14,A_modules,Armory/LokiPlayerControllerArmoryComponent.as,,identifier,SlotIndex
0x00acbd,44221,2,A,6,A_modules,Armory/LokiPlayerControllerArmoryComponent.as,,identifier,P
0x00addd,44509,19,B,24,A_modules,Armory/LokiPlayerControllerArmoryComponent.as,,identifier,AuthDropPowerAtSlot
0x00ae45,44613,13,B,18,A_modules,Armory/LokiPlayerControllerArmoryComponent.as,,identifier,ServerBuyItem
0x00aeab,44715,4,B,9,A_modules,Armory/LokiPlayerControllerArmoryComponent.as,,identifier,Item
0x00aedc,44764,2,A,6,A_modules,Armory/LokiPlayerControllerArmoryComponent.as,0x26e7853e240,suspect_short,`
0x00af3c,44860,28,B,33,A_modules,Armory/LokiPlayerControllerArmoryComponent.as,,identifier,ServerBuyItem_Implementation
0x00afb1,44977,4,B,9,A_modules,Armory/LokiPlayerControllerArmoryComponent.as,,identifier,Item
0x00b01a,45082,13,B,18,A_modules,Armory/LokiPlayerControllerArmoryComponent.as,,identifier,ServerBuyItem
0x00b07c,45180,11,B,16,A_modules,Armory/LokiPlayerControllerArmoryComponent.as,,identifier,AuthBuyItem
0x00b0e0,45280,4,B,9,A_modules,Armory/LokiPlayerControllerArmoryComponent.as,,identifier,Item
0x00b911,47377,11,B,16,A_modules,Armory/LokiPlayerControllerArmoryComponent.as,,identifier,AuthBuyItem
0x00b971,47473,22,B,27,A_modules,Armory/LokiPlayerControllerArmoryComponent.as,,identifier,GetArmoryEvolveChoices
0x00ba04,47620,4,B,9,A_modules,Armory/LokiPlayerControllerArmoryComponent.as,,identifier,Item
0x00ba0d,47629,18,B,23,A_modules,Armory/LokiPlayerControllerArmoryComponent.as,,identifier,InventorySlotIndex
0x00bafc,47868,22,B,27,A_modules,Armory/LokiPlayerControllerArmoryComponent.as,,identifier,GetArmoryEvolveChoices
0x00bb67,47975,19,B,24,A_modules,Armory/LokiPlayerControllerArmoryComponent.as,,identifier,GetStarCountForItem
0x00bbd3,48083,9,B,14,A_modules,Armory/LokiPlayerControllerArmoryComponent.as,,identifier,ItemClass
0x00be85,48773,19,B,24,A_modules,Armory/LokiPlayerControllerArmoryComponent.as,,identifier,GetStarCountForItem
0x00beed,48877,14,B,19,A_modules,Armory/LokiPlayerControllerArmoryComponent.as,,identifier,GetPlayerState
0x00bf80,49024,1,B,6,A_modules,Armory/LokiPlayerControllerArmoryComponent.as,,identifier,J
0x00c044,49220,14,B,19,A_modules,Armory/LokiPlayerControllerArmoryComponent.as,,identifier,GetPlayerState
0x00c0a7,49319,26,B,31,A_modules,Armory/LokiPlayerControllerArmoryComponent.as,,identifier,GetClassFromPrimaryAssetId
0x00c11a,49434,5,B,10,A_modules,Armory/LokiPlayerControllerArmoryComponent.as,,identifier,Asset
0x00c1b8,49592,1,B,6,A_modules,Armory/LokiPlayerControllerArmoryComponent.as,,identifier,J
0x00c25c,49756,1,B,6,A_modules,Armory/LokiPlayerControllerArmoryComponent.as,,identifier,J
0x00c4a0,50336,26,B,31,A_modules,Armory/LokiPlayerControllerArmoryComponent.as,,identifier,GetClassFromPrimaryAssetId
0x00c50f,50447,18,B,23,A_modules,Armory/LokiPlayerControllerArmoryComponent.as,,identifier,GetIsPrototypeItem
0x00c57a,50554,5,B,10,A_modules,Armory/LokiPlayerControllerArmoryComponent.as,,identifier,Asset
0x00c618,50712,1,B,6,A_modules,Armory/LokiPlayerControllerArmoryComponent.as,,identifier,J
0x00c690,50832,1,B,6,A_modules,Armory/LokiPlayerControllerArmoryComponent.as,,identifier,J
0x00c828,51240,18,B,23,A_modules,Armory/LokiPlayerControllerArmoryComponent.as,,identifier,GetIsPrototypeItem
0x00c88f,51343,19,B,24,A_modules,Armory/LokiPlayerControllerArmoryComponent.as,,identifier,OnPlayerInitialized
0x00c943,51523,5,B,10,A_modules,Armory/LokiPlayerControllerArmoryComponent.as,,identifier,Event
0x00c94d,51533,9,B,14,A_modules,Armory/LokiPlayerControllerArmoryComponent.as,,identifier,EventType
0x00c95b,51547,7,B,12,A_modules,Armory/LokiPlayerControllerArmoryComponent.as,,identifier,Context
0x00ca67,51815,19,B,24,A_modules,Armory/LokiPlayerControllerArmoryComponent.as,,identifier,OnPlayerInitialized
0x00cacf,51919,30,B,35,A_modules,Armory/LokiPlayerControllerArmoryComponent.as,,identifier,AsyncLoadArmory_Implementation
0x00cd76,52598,15,B,20,A_modules,Armory/LokiPlayerControllerArmoryComponent.as,,identifier,AsyncLoadArmory
0x00cdda,52698,19,B,24,A_modules,Armory/LokiPlayerControllerArmoryComponent.as,,identifier,OnAssetLoadComplete
0x00cf9a,53146,1,B,6,A_modules,Armory/LokiPlayerControllerArmoryComponent.as,,identifier,J
0x00d072,53362,1,B,6,A_modules,Armory/LokiPlayerControllerArmoryComponent.as,,identifier,J
0x00d356,54102,19,B,24,A_modules,Armory/LokiPlayerControllerArmoryComponent.as,,identifier,OnAssetLoadComplete
0x00d3be,54206,19,B,24,A_modules,Armory/LokiPlayerControllerArmoryComponent.as,,identifier,OnClassLoadComplete
0x00d42a,54314,11,B,16,A_modules,Armory/LokiPlayerControllerArmoryComponent.as,,identifier,LoadedClass
0x00d5c2,54722,19,B,24,A_modules,Armory/LokiPlayerControllerArmoryComponent.as,,identifier,OnClassLoadComplete
0x00d62a,54826,14,B,19,A_modules,Armory/LokiPlayerControllerArmoryComponent.as,,identifier,IsAssetEnabled
0x00d691,54929,9,B,14,A_modules,Armory/LokiPlayerControllerArmoryComponent.as,,identifier,ItemClass
0x00d77b,55163,14,B,19,A_modules,Armory/LokiPlayerControllerArmoryComponent.as,,identifier,IsAssetEnabled
0x00d7de,55262,16,B,21,A_modules,Armory/LokiPlayerControllerArmoryComponent.as,,identifier,IsAssetIDEnabled
0x00d847,55367,11,B,16,A_modules,Armory/LokiPlayerControllerArmoryComponent.as,,identifier,ItemAssetID
0x00d933,55603,16,B,21,A_modules,Armory/LokiPlayerControllerArmoryComponent.as,,identifier,IsAssetIDEnabled
0x00d998,55704,10,B,15,A_modules,Armory/LokiPlayerControllerArmoryComponent.as,,identifier,CanBuyItem
0x00d9fb,55803,4,B,9,A_modules,Armory/LokiPlayerControllerArmoryComponent.as,,identifier,Item
0x00ded8,57048,10,B,15,A_modules,Armory/LokiPlayerControllerArmoryComponent.as,,identifier,CanBuyItem
0x00df37,57143,14,B,19,A_modules,Armory/LokiPlayerControllerArmoryComponent.as,,internal_symbol,__InitDefaults
0x00e08a,57482,1,B,6,A_modules,Armory/LokiPlayerControllerArmoryComponent.as,0x26e5fa3fa00,suspect_short,$
0x00e18b,57739,2,A,6,A_modules,Armory/LokiPlayerControllerArmoryComponent.as,,suspect_short,=
0x00e2bb,58043,1,B,6,A_modules,Armory/LokiPlayerControllerArmoryComponent.as,,suspect_short,%
0x00e3f9,58361,1,B,6,A_modules,Armory/LokiPlayerControllerArmoryComponent.as,,suspect_short,(
0x00e42a,58410,52,B,57,A_modules,Armory/LokiPlayerControllerArmoryComponent.as,,asset_path,/Script/Loki.LokiPlayerControllerArmoryComponentBase
0x00e483,58499,49,B,54,A_modules,Armory/LokiPlayerControllerArmoryComponent.as,,statictype_alias,__StaticType_ULokiPlayerControllerArmoryComponent
0x00e4c1,58561,15,B,20,A_modules,Armory/LokiPlayerControllerArmoryComponent.as,,identifier,IsBlueprintBase
0x00e4d5,58581,13,B,18,A_modules,Armory/LokiPlayerControllerArmoryComponent.as,,identifier,Blueprintable
0x00e4eb,58603,4,B,9,A_modules,Armory/LokiPlayerControllerArmoryComponent.as,,default_arg_expr,true
0x00e4f4,58612,4,B,9,A_modules,Armory/LokiPlayerControllerArmoryComponent.as,,default_arg_expr,true
0x00e505,58629,1,B,6,A_modules,Armory/LokiPlayerControllerArmoryComponent.as,,suspect_short,1
0x00e587,58759,45,B,50,A_modules,Armory/LokiPlayerControllerArmoryComponent.as,,source_path,Armory/LokiPlayerControllerArmoryComponent.as
0x00e5bd,58813,49,A,53,A_modules,Armory/LokiPlayerControllerShopSkylandsComponent.as,,dotted_name,Armory.LokiPlayerControllerShopSkylandsComponent
0x00e5f2,58866,48,B,53,A_modules,Armory/LokiPlayerControllerShopSkylandsComponent.as,,dotted_name,Armory.LokiPlayerControllerShopSkylandsComponent
0x00e62b,58923,42,B,47,A_modules,Armory/LokiPlayerControllerShopSkylandsComponent.as,,identifier,ULokiPlayerControllerShopSkylandsComponent
0x00e6f6,59126,11,B,16,A_modules,Armory/LokiPlayerControllerShopSkylandsComponent.as,,identifier,StaticClass
0x00e706,59142,42,B,47,A_modules,Armory/LokiPlayerControllerShopSkylandsComponent.as,,identifier,ULokiPlayerControllerShopSkylandsComponent
0x00e7d9,59353,3,B,8,A_modules,Armory/LokiPlayerControllerShopSkylandsComponent.as,,identifier,Get
0x00e7e1,59361,42,B,47,A_modules,Armory/LokiPlayerControllerShopSkylandsComponent.as,,identifier,ULokiPlayerControllerShopSkylandsComponent
0x00e884,59524,5,B,10,A_modules,Armory/LokiPlayerControllerShopSkylandsComponent.as,,identifier,Actor
0x00e88e,59534,8,B,13,A_modules,Armory/LokiPlayerControllerShopSkylandsComponent.as,,identifier,WithName
0x00e8af,59567,9,B,14,A_modules,Armory/LokiPlayerControllerShopSkylandsComponent.as,,default_arg_expr,NAME_None
0x00e93d,59709,11,B,16,A_modules,Armory/LokiPlayerControllerShopSkylandsComponent.as,,identifier,GetOrCreate
0x00e94d,59725,42,B,47,A_modules,Armory/LokiPlayerControllerShopSkylandsComponent.as,,identifier,ULokiPlayerControllerShopSkylandsComponent
0x00e9f0,59888,5,B,10,A_modules,Armory/LokiPlayerControllerShopSkylandsComponent.as,,identifier,Actor
0x00e9fa,59898,8,B,13,A_modules,Armory/LokiPlayerControllerShopSkylandsComponent.as,,identifier,WithName
0x00ea1b,59931,9,B,14,A_modules,Armory/LokiPlayerControllerShopSkylandsComponent.as,,default_arg_expr,NAME_None
0x00eaa9,60073,6,B,11,A_modules,Armory/LokiPlayerControllerShopSkylandsComponent.as,,identifier,Create
0x00eab4,60084,42,B,47,A_modules,Armory/LokiPlayerControllerShopSkylandsComponent.as,,identifier,ULokiPlayerControllerShopSkylandsComponent
0x00eb57,60247,5,B,10,A_modules,Armory/LokiPlayerControllerShopSkylandsComponent.as,,identifier,Actor
0x00eb61,60257,8,B,13,A_modules,Armory/LokiPlayerControllerShopSkylandsComponent.as,,identifier,WithName
0x00eb82,60290,9,B,14,A_modules,Armory/LokiPlayerControllerShopSkylandsComponent.as,,default_arg_expr,NAME_None
0x00ec10,60432,1,B,6,A_modules,Armory/LokiPlayerControllerShopSkylandsComponent.as,,suspect_short,*
0x00ec4f,60495,8,B,13,A_modules,Armory/LokiPlayerControllerShopSkylandsComponent.as,,identifier,SaleItem
0x00ec90,60560,15,B,20,A_modules,Armory/LokiPlayerControllerShopSkylandsComponent.as,,identifier,ReplicatedUsing
0x00eca8,60584,14,B,19,A_modules,Armory/LokiPlayerControllerShopSkylandsComponent.as,,identifier,OnRep_SaleItem
0x00ed03,60675,13,B,18,A_modules,Armory/LokiPlayerControllerShopSkylandsComponent.as,,identifier,ShopSaleTable
0x00ed8d,60813,14,B,19,A_modules,Armory/LokiPlayerControllerShopSkylandsComponent.as,,identifier,bPlayAnimation
0x00ee1c,60956,24,B,29,A_modules,Armory/LokiPlayerControllerShopSkylandsComponent.as,,identifier,BeginPlay_Implementation
0x00eeb1,61105,9,B,14,A_modules,Armory/LokiPlayerControllerShopSkylandsComponent.as,,identifier,BeginPlay
0x00ef0f,61199,19,B,24,A_modules,Armory/LokiPlayerControllerShopSkylandsComponent.as,,identifier,MarkAnimationPlayed
0x00efb3,61363,19,B,24,A_modules,Armory/LokiPlayerControllerShopSkylandsComponent.as,,identifier,MarkAnimationPlayed
0x00f01b,61467,21,B,26,A_modules,Armory/LokiPlayerControllerShopSkylandsComponent.as,,identifier,ServerBuyShopSaleItem
0x00f089,61577,4,B,9,A_modules,Armory/LokiPlayerControllerShopSkylandsComponent.as,,identifier,Item
0x00f0ba,61626,2,A,6,A_modules,Armory/LokiPlayerControllerShopSkylandsComponent.as,0x26e785621c0,identifier,a
0x00f11a,61722,36,B,41,A_modules,Armory/LokiPlayerControllerShopSkylandsComponent.as,,identifier,ServerBuyShopSaleItem_Implementation
0x00f197,61847,4,B,9,A_modules,Armory/LokiPlayerControllerShopSkylandsComponent.as,,identifier,Item
0x00f200,61952,21,B,26,A_modules,Armory/LokiPlayerControllerShopSkylandsComponent.as,,identifier,ServerBuyShopSaleItem
0x00f26a,62058,19,B,24,A_modules,Armory/LokiPlayerControllerShopSkylandsComponent.as,,identifier,AuthBuyShopSaleItem
0x00f2d6,62166,4,B,9,A_modules,Armory/LokiPlayerControllerShopSkylandsComponent.as,,identifier,Item
0x00f40f,62479,1,B,6,A_modules,Armory/LokiPlayerControllerShopSkylandsComponent.as,,identifier,J
0x00f947,63815,2,A,6,A_modules,Armory/LokiPlayerControllerShopSkylandsComponent.as,,suspect_short,&
0x00facf,64207,19,B,24,A_modules,Armory/LokiPlayerControllerShopSkylandsComponent.as,,identifier,AuthBuyShopSaleItem
0x00fb37,64311,24,B,29,A_modules,Armory/LokiPlayerControllerShopSkylandsComponent.as,,identifier,ServerSwapSlotAndBuyItem
0x00fbcc,64460,8,B,13,A_modules,Armory/LokiPlayerControllerShopSkylandsComponent.as,,identifier,ShopItem
0x00fbd9,64473,18,B,23,A_modules,Armory/LokiPlayerControllerShopSkylandsComponent.as,,identifier,InventorySlotIndex
0x00fc30,64560,2,A,6,A_modules,Armory/LokiPlayerControllerShopSkylandsComponent.as,0x26e77fc8ac0,identifier,b
0x00fc90,64656,39,B,44,A_modules,Armory/LokiPlayerControllerShopSkylandsComponent.as,,identifier,ServerSwapSlotAndBuyItem_Implementation
0x00fd34,64820,8,B,13,A_modules,Armory/LokiPlayerControllerShopSkylandsComponent.as,,identifier,ShopItem
0x00fd41,64833,18,B,23,A_modules,Armory/LokiPlayerControllerShopSkylandsComponent.as,,identifier,InventorySlotIndex
0x00fea8,65192,24,B,29,A_modules,Armory/LokiPlayerControllerShopSkylandsComponent.as,,identifier,ServerSwapSlotAndBuyItem
0x00ff15,65301,19,B,24,A_modules,Armory/LokiPlayerControllerShopSkylandsComponent.as,,identifier,AuthDropPowerAtSlot
0x00ffa5,65445,8,B,13,A_modules,Armory/LokiPlayerControllerShopSkylandsComponent.as,,identifier,SlotName
0x00ffb2,65458,9,B,14,A_modules,Armory/LokiPlayerControllerShopSkylandsComponent.as,,identifier,SlotIndex
0x010020,65568,1,B,6,A_modules,Armory/LokiPlayerControllerShopSkylandsComponent.as,,identifier,J
0x0100e4,65764,2,A,6,A_modules,Armory/LokiPlayerControllerShopSkylandsComponent.as,,identifier,P
0x010228,66088,19,B,24,A_modules,Armory/LokiPlayerControllerShopSkylandsComponent.as,,identifier,AuthDropPowerAtSlot
0x010290,66192,14,B,19,A_modules,Armory/LokiPlayerControllerShopSkylandsComponent.as,,identifier,OnRep_SaleItem
0x01032f,66351,14,B,19,A_modules,Armory/LokiPlayerControllerShopSkylandsComponent.as,,identifier,OnRep_SaleItem
0x010392,66450,19,B,24,A_modules,Armory/LokiPlayerControllerShopSkylandsComponent.as,,identifier,OnPlayerInitialized
0x010446,66630,5,B,10,A_modules,Armory/LokiPlayerControllerShopSkylandsComponent.as,,identifier,Event
0x010450,66640,9,B,14,A_modules,Armory/LokiPlayerControllerShopSkylandsComponent.as,,identifier,EventType
0x01045e,66654,7,B,12,A_modules,Armory/LokiPlayerControllerShopSkylandsComponent.as,,identifier,Context
0x010522,66850,19,B,24,A_modules,Armory/LokiPlayerControllerShopSkylandsComponent.as,,identifier,OnPlayerInitialized
0x01058a,66954,17,B,22,A_modules,Armory/LokiPlayerControllerShopSkylandsComponent.as,,identifier,OnDayNightChanged
0x01063c,67132,5,B,10,A_modules,Armory/LokiPlayerControllerShopSkylandsComponent.as,,identifier,Event
0x010646,67142,9,B,14,A_modules,Armory/LokiPlayerControllerShopSkylandsComponent.as,,identifier,EventType
0x010654,67156,7,B,12,A_modules,Armory/LokiPlayerControllerShopSkylandsComponent.as,,identifier,Context
0x010820,67616,17,B,22,A_modules,Armory/LokiPlayerControllerShopSkylandsComponent.as,,identifier,OnDayNightChanged
0x010886,67718,15,B,20,A_modules,Armory/LokiPlayerControllerShopSkylandsComponent.as,,identifier,RollNewShopItem
0x010912,67858,15,B,20,A_modules,Armory/LokiPlayerControllerShopSkylandsComponent.as,,identifier,RollNewShopItem
0x0109ba,68026,1,B,6,A_modules,Armory/LokiPlayerControllerShopSkylandsComponent.as,0x26e76c63400,suspect_short,*
0x010b1d,68381,1,B,6,A_modules,Armory/LokiPlayerControllerShopSkylandsComponent.as,,suspect_short,+
0x010bed,68589,15,B,20,A_modules,Armory/LokiPlayerControllerShopSkylandsComponent.as,,identifier,UActorComponent
0x010c01,68609,29,B,34,A_modules,Armory/LokiPlayerControllerShopSkylandsComponent.as,,asset_path,/Script/Engine.ActorComponent
0x010c43,68675,55,B,60,A_modules,Armory/LokiPlayerControllerShopSkylandsComponent.as,,statictype_alias,__StaticType_ULokiPlayerControllerShopSkylandsComponent
0x010c87,68743,15,B,20,A_modules,Armory/LokiPlayerControllerShopSkylandsComponent.as,,identifier,IsBlueprintBase
0x010c9b,68763,13,B,18,A_modules,Armory/LokiPlayerControllerShopSkylandsComponent.as,,identifier,Blueprintable
0x010cb1,68785,4,B,9,A_modules,Armory/LokiPlayerControllerShopSkylandsComponent.as,,default_arg_expr,true
0x010cba,68794,4,B,9,A_modules,Armory/LokiPlayerControllerShopSkylandsComponent.as,,default_arg_expr,true
0x010ccb,68811,1,B,6,A_modules,Armory/LokiPlayerControllerShopSkylandsComponent.as,,suspect_short,7
0x010d53,68947,51,B,56,A_modules,Armory/LokiPlayerControllerShopSkylandsComponent.as,,source_path,Armory/LokiPlayerControllerShopSkylandsComponent.as
0x010d8f,69007,51,A,55,A_modules,Barracuda/Components/BarracudaJungleCreepComponent.as,,dotted_name,Barracuda.Components.BarracudaJungleCreepComponent
0x010dc6,69062,50,B,55,A_modules,Barracuda/Components/BarracudaJungleCreepComponent.as,,dotted_name,Barracuda.Components.BarracudaJungleCreepComponent
0x010e01,69121,30,B,35,A_modules,Barracuda/Components/BarracudaJungleCreepComponent.as,,identifier,UBarracudaJungleCreepComponent
0x010ec0,69312,11,B,16,A_modules,Barracuda/Components/BarracudaJungleCreepComponent.as,,identifier,StaticClass
0x010ed0,69328,30,B,35,A_modules,Barracuda/Components/BarracudaJungleCreepComponent.as,,identifier,UBarracudaJungleCreepComponent
0x010f97,69527,3,B,8,A_modules,Barracuda/Components/BarracudaJungleCreepComponent.as,,identifier,Get
0x010f9f,69535,30,B,35,A_modules,Barracuda/Components/BarracudaJungleCreepComponent.as,,identifier,UBarracudaJungleCreepComponent
0x011036,69686,5,B,10,A_modules,Barracuda/Components/BarracudaJungleCreepComponent.as,,identifier,Actor
0x011040,69696,8,B,13,A_modules,Barracuda/Components/BarracudaJungleCreepComponent.as,,identifier,WithName
0x011061,69729,9,B,14,A_modules,Barracuda/Components/BarracudaJungleCreepComponent.as,,default_arg_expr,NAME_None
0x0110ef,69871,11,B,16,A_modules,Barracuda/Components/BarracudaJungleCreepComponent.as,,identifier,GetOrCreate
0x0110ff,69887,30,B,35,A_modules,Barracuda/Components/BarracudaJungleCreepComponent.as,,identifier,UBarracudaJungleCreepComponent
0x011196,70038,5,B,10,A_modules,Barracuda/Components/BarracudaJungleCreepComponent.as,,identifier,Actor
0x0111a0,70048,8,B,13,A_modules,Barracuda/Components/BarracudaJungleCreepComponent.as,,identifier,WithName
0x0111c1,70081,9,B,14,A_modules,Barracuda/Components/BarracudaJungleCreepComponent.as,,default_arg_expr,NAME_None
0x01124f,70223,6,B,11,A_modules,Barracuda/Components/BarracudaJungleCreepComponent.as,,identifier,Create
0x01125a,70234,30,B,35,A_modules,Barracuda/Components/BarracudaJungleCreepComponent.as,,identifier,UBarracudaJungleCreepComponent
0x0112f1,70385,5,B,10,A_modules,Barracuda/Components/BarracudaJungleCreepComponent.as,,identifier,Actor
0x0112fb,70395,8,B,13,A_modules,Barracuda/Components/BarracudaJungleCreepComponent.as,,identifier,WithName
0x01131c,70428,9,B,14,A_modules,Barracuda/Components/BarracudaJungleCreepComponent.as,,default_arg_expr,NAME_None
0x0113ae,70574,30,B,35,A_modules,Barracuda/Components/BarracudaJungleCreepComponent.as,,identifier,UBarracudaJungleCreepComponent
0x0113dd,70621,19,B,24,A_modules,Barracuda/Components/BarracudaJungleCreepComponent.as,,identifier,UnstuckTeleportTime
0x01146d,70765,18,B,23,A_modules,Barracuda/Components/BarracudaJungleCreepComponent.as,,identifier,StuckDetectionTime
0x011500,70912,19,B,24,A_modules,Barracuda/Components/BarracudaJungleCreepComponent.as,,identifier,Tick_Implementation
0x01156c,71020,12,B,17,A_modules,Barracuda/Components/BarracudaJungleCreepComponent.as,,identifier,DeltaSeconds
0x011609,71177,1,B,6,A_modules,Barracuda/Components/BarracudaJungleCreepComponent.as,,identifier,J
0x0118c9,71881,4,B,9,A_modules,Barracuda/Components/BarracudaJungleCreepComponent.as,,identifier,Tick
0x011922,71970,14,B,19,A_modules,Barracuda/Components/BarracudaJungleCreepComponent.as,,internal_symbol,__InitDefaults
0x011a05,72197,30,B,35,A_modules,Barracuda/Components/BarracudaJungleCreepComponent.as,,identifier,UBarracudaJungleCreepComponent
0x011b1c,72476,15,B,20,A_modules,Barracuda/Components/BarracudaJungleCreepComponent.as,,identifier,UActorComponent
0x011b30,72496,29,B,34,A_modules,Barracuda/Components/BarracudaJungleCreepComponent.as,,asset_path,/Script/Engine.ActorComponent
0x011b72,72562,43,B,48,A_modules,Barracuda/Components/BarracudaJungleCreepComponent.as,,statictype_alias,__StaticType_UBarracudaJungleCreepComponent
0x011bb6,72630,1,B,6,A_modules,Barracuda/Components/BarracudaJungleCreepComponent.as,,suspect_short,+
0x011c32,72754,53,B,58,A_modules,Barracuda/Components/BarracudaJungleCreepComponent.as,,source_path,Barracuda/Components/BarracudaJungleCreepComponent.as
0x011c70,72816,60,A,64,A_modules,Barracuda/Components/BarracudaJungleCreepTargetingComponent.as,,dotted_name,Barracuda.Components.BarracudaJungleCreepTargetingComponent
0x011cb0,72880,59,B,64,A_modules,Barracuda/Components/BarracudaJungleCreepTargetingComponent.as,,dotted_name,Barracuda.Components.BarracudaJungleCreepTargetingComponent
0x011cf4,72948,39,B,44,A_modules,Barracuda/Components/BarracudaJungleCreepTargetingComponent.as,,identifier,UBarracudaJungleCreepTargetingComponent
0x011dbc,73148,11,B,16,A_modules,Barracuda/Components/BarracudaJungleCreepTargetingComponent.as,,identifier,StaticClass
0x011dcc,73164,39,B,44,A_modules,Barracuda/Components/BarracudaJungleCreepTargetingComponent.as,,identifier,UBarracudaJungleCreepTargetingComponent
0x011e9c,73372,3,B,8,A_modules,Barracuda/Components/BarracudaJungleCreepTargetingComponent.as,,identifier,Get
0x011ea4,73380,39,B,44,A_modules,Barracuda/Components/BarracudaJungleCreepTargetingComponent.as,,identifier,UBarracudaJungleCreepTargetingComponent
0x011f44,73540,5,B,10,A_modules,Barracuda/Components/BarracudaJungleCreepTargetingComponent.as,,identifier,Actor
0x011f4e,73550,8,B,13,A_modules,Barracuda/Components/BarracudaJungleCreepTargetingComponent.as,,identifier,WithName
0x011f6f,73583,9,B,14,A_modules,Barracuda/Components/BarracudaJungleCreepTargetingComponent.as,,default_arg_expr,NAME_None
0x011ffd,73725,11,B,16,A_modules,Barracuda/Components/BarracudaJungleCreepTargetingComponent.as,,identifier,GetOrCreate
0x01200d,73741,39,B,44,A_modules,Barracuda/Components/BarracudaJungleCreepTargetingComponent.as,,identifier,UBarracudaJungleCreepTargetingComponent
0x0120ad,73901,5,B,10,A_modules,Barracuda/Components/BarracudaJungleCreepTargetingComponent.as,,identifier,Actor
0x0120b7,73911,8,B,13,A_modules,Barracuda/Components/BarracudaJungleCreepTargetingComponent.as,,identifier,WithName
0x0120d8,73944,9,B,14,A_modules,Barracuda/Components/BarracudaJungleCreepTargetingComponent.as,,default_arg_expr,NAME_None
0x012166,74086,6,B,11,A_modules,Barracuda/Components/BarracudaJungleCreepTargetingComponent.as,,identifier,Create
0x012171,74097,39,B,44,A_modules,Barracuda/Components/BarracudaJungleCreepTargetingComponent.as,,identifier,UBarracudaJungleCreepTargetingComponent
0x012211,74257,5,B,10,A_modules,Barracuda/Components/BarracudaJungleCreepTargetingComponent.as,,identifier,Actor
0x01221b,74267,8,B,13,A_modules,Barracuda/Components/BarracudaJungleCreepTargetingComponent.as,,identifier,WithName
0x01223c,74300,9,B,14,A_modules,Barracuda/Components/BarracudaJungleCreepTargetingComponent.as,,default_arg_expr,NAME_None
0x0122ca,74442,1,B,6,A_modules,Barracuda/Components/BarracudaJungleCreepTargetingComponent.as,,suspect_short,'
0x012306,74502,1,B,6,A_modules,Barracuda/Components/BarracudaJungleCreepTargetingComponent.as,,suspect_short,'
0x0123b6,74678,1,B,6,A_modules,Barracuda/Components/BarracudaJungleCreepTargetingComponent.as,,identifier,J
0x01271e,75550,24,B,29,A_modules,Barracuda/Components/BarracudaJungleCreepTargetingComponent.as,,identifier,UpdateCurrentTargetEnemy
0x0127bb,75707,1,B,6,A_modules,Barracuda/Components/BarracudaJungleCreepTargetingComponent.as,0x26e5fa32e00,suspect_short,'
0x0128cf,75983,1,B,6,A_modules,Barracuda/Components/BarracudaJungleCreepTargetingComponent.as,,suspect_short,""""
0x0128fa,76026,41,B,46,A_modules,Barracuda/Components/BarracudaJungleCreepTargetingComponent.as,,asset_path,/Script/Loki.LokiMinionTargetingComponent
0x012948,76104,52,B,57,A_modules,Barracuda/Components/BarracudaJungleCreepTargetingComponent.as,,statictype_alias,__StaticType_UBarracudaJungleCreepTargetingComponent
0x012995,76181,1,B,6,A_modules,Barracuda/Components/BarracudaJungleCreepTargetingComponent.as,,suspect_short,4
0x012a1a,76314,62,B,67,A_modules,Barracuda/Components/BarracudaJungleCreepTargetingComponent.as,,source_path,Barracuda/Components/BarracudaJungleCreepTargetingComponent.as
0x012a61,76385,44,A,48,A_modules,Barracuda/Components/BarracudaLaneComponent.as,,dotted_name,Barracuda.Components.BarracudaLaneComponent
0x012a91,76433,43,B,48,A_modules,Barracuda/Components/BarracudaLaneComponent.as,,dotted_name,Barracuda.Components.BarracudaLaneComponent
0x012ac5,76485,23,B,28,A_modules,Barracuda/Components/BarracudaLaneComponent.as,,identifier,UBarracudaLaneComponent
0x012b7d,76669,11,B,16,A_modules,Barracuda/Components/BarracudaLaneComponent.as,,identifier,StaticClass
0x012b8d,76685,23,B,28,A_modules,Barracuda/Components/BarracudaLaneComponent.as,,identifier,UBarracudaLaneComponent
0x012c4d,76877,3,B,8,A_modules,Barracuda/Components/BarracudaLaneComponent.as,,identifier,Get
0x012c55,76885,23,B,28,A_modules,Barracuda/Components/BarracudaLaneComponent.as,,identifier,UBarracudaLaneComponent
0x012ce5,77029,5,B,10,A_modules,Barracuda/Components/BarracudaLaneComponent.as,,identifier,Actor
0x012cef,77039,8,B,13,A_modules,Barracuda/Components/BarracudaLaneComponent.as,,identifier,WithName
0x012d10,77072,9,B,14,A_modules,Barracuda/Components/BarracudaLaneComponent.as,,default_arg_expr,NAME_None
0x012d9e,77214,11,B,16,A_modules,Barracuda/Components/BarracudaLaneComponent.as,,identifier,GetOrCreate
0x012dae,77230,23,B,28,A_modules,Barracuda/Components/BarracudaLaneComponent.as,,identifier,UBarracudaLaneComponent
0x012e3e,77374,5,B,10,A_modules,Barracuda/Components/BarracudaLaneComponent.as,,identifier,Actor
0x012e48,77384,8,B,13,A_modules,Barracuda/Components/BarracudaLaneComponent.as,,identifier,WithName
0x012e69,77417,9,B,14,A_modules,Barracuda/Components/BarracudaLaneComponent.as,,default_arg_expr,NAME_None
0x012ef7,77559,6,B,11,A_modules,Barracuda/Components/BarracudaLaneComponent.as,,identifier,Create
0x012f02,77570,23,B,28,A_modules,Barracuda/Components/BarracudaLaneComponent.as,,identifier,UBarracudaLaneComponent
0x012f92,77714,5,B,10,A_modules,Barracuda/Components/BarracudaLaneComponent.as,,identifier,Actor
0x012f9c,77724,8,B,13,A_modules,Barracuda/Components/BarracudaLaneComponent.as,,identifier,WithName
0x012fbd,77757,9,B,14,A_modules,Barracuda/Components/BarracudaLaneComponent.as,,default_arg_expr,NAME_None
0x01304f,77903,23,B,28,A_modules,Barracuda/Components/BarracudaLaneComponent.as,,identifier,UBarracudaLaneComponent
0x013077,77943,9,B,14,A_modules,Barracuda/Components/BarracudaLaneComponent.as,,identifier,LaneIndex
0x0130fd,78077,18,B,23,A_modules,Barracuda/Components/BarracudaLaneComponent.as,,identifier,OnLaneIndexUpdated
0x013190,78224,12,B,17,A_modules,Barracuda/Components/BarracudaLaneComponent.as,,identifier,HasLaneIndex
0x013239,78393,12,B,17,A_modules,Barracuda/Components/BarracudaLaneComponent.as,,identifier,HasLaneIndex
0x01329a,78490,12,B,17,A_modules,Barracuda/Components/BarracudaLaneComponent.as,,identifier,SetLaneIndex
0x0132ff,78591,8,B,13,A_modules,Barracuda/Components/BarracudaLaneComponent.as,,identifier,NewValue
0x0133d0,78800,12,B,17,A_modules,Barracuda/Components/BarracudaLaneComponent.as,,identifier,SetLaneIndex
0x013431,78897,14,B,19,A_modules,Barracuda/Components/BarracudaLaneComponent.as,,internal_symbol,__InitDefaults
0x01352c,79148,23,B,28,A_modules,Barracuda/Components/BarracudaLaneComponent.as,,identifier,UBarracudaLaneComponent
0x013630,79408,24,B,29,A_modules,Barracuda/Components/BarracudaLaneComponent.as,,other,~UBarracudaLaneComponent
0x0136e5,79589,15,B,20,A_modules,Barracuda/Components/BarracudaLaneComponent.as,,identifier,UActorComponent
0x0136f9,79609,29,B,34,A_modules,Barracuda/Components/BarracudaLaneComponent.as,,asset_path,/Script/Engine.ActorComponent
0x01373b,79675,36,B,41,A_modules,Barracuda/Components/BarracudaLaneComponent.as,,statictype_alias,__StaticType_UBarracudaLaneComponent
0x013774,79732,19,B,24,A_modules,Barracuda/Components/BarracudaLaneComponent.as,,identifier,FOnLaneIndexUpdated
0x013798,79768,6,B,11,A_modules,Barracuda/Components/BarracudaLaneComponent.as,,identifier,_Inner
0x0137d7,79831,8,B,13,A_modules,Barracuda/Components/BarracudaLaneComponent.as,,internal_symbol,opAssign
0x013838,79928,5,B,10,A_modules,Barracuda/Components/BarracudaLaneComponent.as,,identifier,Other
0x0138be,80062,9,B,14,A_modules,Barracuda/Components/BarracudaLaneComponent.as,,identifier,Broadcast
0x013968,80232,13,B,18,A_modules,Barracuda/Components/BarracudaLaneComponent.as,,identifier,LaneComponent
0x01397a,80250,8,B,13,A_modules,Barracuda/Components/BarracudaLaneComponent.as,,identifier,OldIndex
0x013987,80263,8,B,13,A_modules,Barracuda/Components/BarracudaLaneComponent.as,,identifier,NewIndex
0x013a78,80504,12,B,17,A_modules,Barracuda/Components/BarracudaLaneComponent.as,,identifier,AddUFunction
0x013b01,80641,6,B,11,A_modules,Barracuda/Components/BarracudaLaneComponent.as,,identifier,Object
0x013b0c,80652,12,B,17,A_modules,Barracuda/Components/BarracudaLaneComponent.as,,identifier,FunctionName
0x013bc1,80833,6,B,11,A_modules,Barracuda/Components/BarracudaLaneComponent.as,,identifier,Unbind
0x013c44,80964,6,B,11,A_modules,Barracuda/Components/BarracudaLaneComponent.as,,identifier,Object
0x013c4f,80975,12,B,17,A_modules,Barracuda/Components/BarracudaLaneComponent.as,,identifier,FunctionName
0x013cd8,81112,12,B,17,A_modules,Barracuda/Components/BarracudaLaneComponent.as,,identifier,UnbindObject
0x013d3d,81213,6,B,11,A_modules,Barracuda/Components/BarracudaLaneComponent.as,,identifier,Object
0x013db4,81332,7,B,12,A_modules,Barracuda/Components/BarracudaLaneComponent.as,,identifier,IsBound
0x013e58,81496,5,B,10,A_modules,Barracuda/Components/BarracudaLaneComponent.as,,identifier,Clear
0x013f0a,81674,19,B,24,A_modules,Barracuda/Components/BarracudaLaneComponent.as,,identifier,FOnLaneIndexUpdated
0x013fb2,81842,19,B,24,A_modules,Barracuda/Components/BarracudaLaneComponent.as,,identifier,FOnLaneIndexUpdated
0x01401e,81950,5,B,10,A_modules,Barracuda/Components/BarracudaLaneComponent.as,,identifier,Other
0x0140e4,82148,20,B,25,A_modules,Barracuda/Components/BarracudaLaneComponent.as,,other,~FOnLaneIndexUpdated
0x01419d,82333,1,B,6,A_modules,Barracuda/Components/BarracudaLaneComponent.as,,suspect_short,$
0x01420e,82446,19,B,24,A_modules,Barracuda/Components/BarracudaLaneComponent.as,,identifier,FOnLaneIndexUpdated
0x01422a,82474,46,B,51,A_modules,Barracuda/Components/BarracudaLaneComponent.as,,source_path,Barracuda/Components/BarracudaLaneComponent.as
0x014261,82529,58,A,62,A_modules,Barracuda/Components/BarracudaLaneCreepTargetingComponent.as,,dotted_name,Barracuda.Components.BarracudaLaneCreepTargetingComponent
0x01429f,82591,57,B,62,A_modules,Barracuda/Components/BarracudaLaneCreepTargetingComponent.as,,dotted_name,Barracuda.Components.BarracudaLaneCreepTargetingComponent
0x0142e1,82657,37,B,42,A_modules,Barracuda/Components/BarracudaLaneCreepTargetingComponent.as,,identifier,UBarracudaLaneCreepTargetingComponent
0x0143a7,82855,11,B,16,A_modules,Barracuda/Components/BarracudaLaneCreepTargetingComponent.as,,identifier,StaticClass
0x0143b7,82871,37,B,42,A_modules,Barracuda/Components/BarracudaLaneCreepTargetingComponent.as,,identifier,UBarracudaLaneCreepTargetingComponent
0x014471,83057,4,B,9,A_modules,Barracuda/Components/BarracudaLaneCreepTargetingComponent.as,,other,OI@E
0x014485,83077,3,B,8,A_modules,Barracuda/Components/BarracudaLaneCreepTargetingComponent.as,,identifier,Get
0x01448d,83085,37,B,42,A_modules,Barracuda/Components/BarracudaLaneCreepTargetingComponent.as,,identifier,UBarracudaLaneCreepTargetingComponent
0x01452b,83243,5,B,10,A_modules,Barracuda/Components/BarracudaLaneCreepTargetingComponent.as,,identifier,Actor
0x014535,83253,8,B,13,A_modules,Barracuda/Components/BarracudaLaneCreepTargetingComponent.as,,identifier,WithName
0x014556,83286,9,B,14,A_modules,Barracuda/Components/BarracudaLaneCreepTargetingComponent.as,,default_arg_expr,NAME_None
0x0145e4,83428,11,B,16,A_modules,Barracuda/Components/BarracudaLaneCreepTargetingComponent.as,,identifier,GetOrCreate
0x0145f4,83444,37,B,42,A_modules,Barracuda/Components/BarracudaLaneCreepTargetingComponent.as,,identifier,UBarracudaLaneCreepTargetingComponent
0x014692,83602,5,B,10,A_modules,Barracuda/Components/BarracudaLaneCreepTargetingComponent.as,,identifier,Actor
0x01469c,83612,8,B,13,A_modules,Barracuda/Components/BarracudaLaneCreepTargetingComponent.as,,identifier,WithName
0x0146bd,83645,9,B,14,A_modules,Barracuda/Components/BarracudaLaneCreepTargetingComponent.as,,default_arg_expr,NAME_None
0x01474b,83787,6,B,11,A_modules,Barracuda/Components/BarracudaLaneCreepTargetingComponent.as,,identifier,Create
0x014756,83798,37,B,42,A_modules,Barracuda/Components/BarracudaLaneCreepTargetingComponent.as,,identifier,UBarracudaLaneCreepTargetingComponent
0x0147f4,83956,5,B,10,A_modules,Barracuda/Components/BarracudaLaneCreepTargetingComponent.as,,identifier,Actor
0x0147fe,83966,8,B,13,A_modules,Barracuda/Components/BarracudaLaneCreepTargetingComponent.as,,identifier,WithName
0x01481f,83999,9,B,14,A_modules,Barracuda/Components/BarracudaLaneCreepTargetingComponent.as,,default_arg_expr,NAME_None
0x0148ad,84141,1,B,6,A_modules,Barracuda/Components/BarracudaLaneCreepTargetingComponent.as,,suspect_short,%
0x0148e7,84199,1,B,6,A_modules,Barracuda/Components/BarracudaLaneCreepTargetingComponent.as,,suspect_short,'
0x014997,84375,1,B,6,A_modules,Barracuda/Components/BarracudaLaneCreepTargetingComponent.as,,identifier,J
0x014d63,85347,24,B,29,A_modules,Barracuda/Components/BarracudaLaneCreepTargetingComponent.as,,identifier,UpdateCurrentTargetEnemy
0x014e00,85504,1,B,6,A_modules,Barracuda/Components/BarracudaLaneCreepTargetingComponent.as,0x26e5fa32e00,suspect_short,%
0x014f12,85778,1,B,6,A_modules,Barracuda/Components/BarracudaLaneCreepTargetingComponent.as,,suspect_short,""""
0x014f3d,85821,41,B,46,A_modules,Barracuda/Components/BarracudaLaneCreepTargetingComponent.as,,asset_path,/Script/Loki.LokiMinionTargetingComponent
0x014f8b,85899,50,B,55,A_modules,Barracuda/Components/BarracudaLaneCreepTargetingComponent.as,,statictype_alias,__StaticType_UBarracudaLaneCreepTargetingComponent
0x014fd6,85974,1,B,6,A_modules,Barracuda/Components/BarracudaLaneCreepTargetingComponent.as,,suspect_short,2
0x015059,86105,60,B,65,A_modules,Barracuda/Components/BarracudaLaneCreepTargetingComponent.as,,source_path,Barracuda/Components/BarracudaLaneCreepTargetingComponent.as
0x01509e,86174,55,A,59,A_modules,Barracuda/Components/BarracudaMinionTargetingComponent.as,,dotted_name,Barracuda.Components.BarracudaMinionTargetingComponent
0x0150d9,86233,54,B,59,A_modules,Barracuda/Components/BarracudaMinionTargetingComponent.as,,dotted_name,Barracuda.Components.BarracudaMinionTargetingComponent
0x015118,86296,34,B,39,A_modules,Barracuda/Components/BarracudaMinionTargetingComponent.as,,identifier,UBarracudaMinionTargetingComponent
0x0151db,86491,11,B,16,A_modules,Barracuda/Components/BarracudaMinionTargetingComponent.as,,identifier,StaticClass
0x0151eb,86507,34,B,39,A_modules,Barracuda/Components/BarracudaMinionTargetingComponent.as,,identifier,UBarracudaMinionTargetingComponent
0x0152b6,86710,3,B,8,A_modules,Barracuda/Components/BarracudaMinionTargetingComponent.as,,identifier,Get
0x0152be,86718,34,B,39,A_modules,Barracuda/Components/BarracudaMinionTargetingComponent.as,,identifier,UBarracudaMinionTargetingComponent
0x015359,86873,5,B,10,A_modules,Barracuda/Components/BarracudaMinionTargetingComponent.as,,identifier,Actor
0x015363,86883,8,B,13,A_modules,Barracuda/Components/BarracudaMinionTargetingComponent.as,,identifier,WithName
0x015384,86916,9,B,14,A_modules,Barracuda/Components/BarracudaMinionTargetingComponent.as,,default_arg_expr,NAME_None
0x015412,87058,11,B,16,A_modules,Barracuda/Components/BarracudaMinionTargetingComponent.as,,identifier,GetOrCreate
0x015422,87074,34,B,39,A_modules,Barracuda/Components/BarracudaMinionTargetingComponent.as,,identifier,UBarracudaMinionTargetingComponent
0x0154bd,87229,5,B,10,A_modules,Barracuda/Components/BarracudaMinionTargetingComponent.as,,identifier,Actor
0x0154c7,87239,8,B,13,A_modules,Barracuda/Components/BarracudaMinionTargetingComponent.as,,identifier,WithName
0x0154e8,87272,9,B,14,A_modules,Barracuda/Components/BarracudaMinionTargetingComponent.as,,default_arg_expr,NAME_None
0x015576,87414,6,B,11,A_modules,Barracuda/Components/BarracudaMinionTargetingComponent.as,,identifier,Create
0x015581,87425,34,B,39,A_modules,Barracuda/Components/BarracudaMinionTargetingComponent.as,,identifier,UBarracudaMinionTargetingComponent
0x01561c,87580,5,B,10,A_modules,Barracuda/Components/BarracudaMinionTargetingComponent.as,,identifier,Actor
0x015626,87590,8,B,13,A_modules,Barracuda/Components/BarracudaMinionTargetingComponent.as,,identifier,WithName
0x015647,87623,9,B,14,A_modules,Barracuda/Components/BarracudaMinionTargetingComponent.as,,default_arg_expr,NAME_None
0x0156d5,87765,1,B,6,A_modules,Barracuda/Components/BarracudaMinionTargetingComponent.as,,suspect_short,""""
0x01570c,87820,26,B,31,A_modules,Barracuda/Components/BarracudaMinionTargetingComponent.as,,identifier,HighPriorityEnemyCharacter
0x0157a3,87971,18,B,23,A_modules,Barracuda/Components/BarracudaMinionTargetingComponent.as,,identifier,CurrentTargetEnemy
0x015832,88114,28,B,33,A_modules,Barracuda/Components/BarracudaMinionTargetingComponent.as,,identifier,ReleaseHighPriorityEnemyTime
0x0158cb,88267,23,B,28,A_modules,Barracuda/Components/BarracudaMinionTargetingComponent.as,,identifier,HighPriorityEnemyMemory
0x015963,88419,28,B,33,A_modules,Barracuda/Components/BarracudaMinionTargetingComponent.as,,identifier,NotifyEnemyHeroHitAlliedHero
0x0159d8,88536,14,B,19,A_modules,Barracuda/Components/BarracudaMinionTargetingComponent.as,,identifier,EnemyCharacter
0x015b3b,88891,2,A,6,A_modules,Barracuda/Components/BarracudaMinionTargetingComponent.as,,suspect_short,(
0x015b73,88947,28,B,33,A_modules,Barracuda/Components/BarracudaMinionTargetingComponent.as,,identifier,NotifyEnemyHeroHitAlliedHero
0x015be4,89060,32,B,37,A_modules,Barracuda/Components/BarracudaMinionTargetingComponent.as,,identifier,UpdateTargetEnemy_Implementation
0x015cb1,89265,17,B,22,A_modules,Barracuda/Components/BarracudaMinionTargetingComponent.as,,identifier,UpdateTargetEnemy
0x015d17,89367,24,B,29,A_modules,Barracuda/Components/BarracudaMinionTargetingComponent.as,,identifier,UpdateCurrentTargetEnemy
0x015d74,89460,2,A,6,A_modules,Barracuda/Components/BarracudaMinionTargetingComponent.as,,identifier,c
0x015dd4,89556,39,B,44,A_modules,Barracuda/Components/BarracudaMinionTargetingComponent.as,,identifier,UpdateCurrentTargetEnemy_Implementation
0x015e78,89720,24,B,29,A_modules,Barracuda/Components/BarracudaMinionTargetingComponent.as,,identifier,UpdateCurrentTargetEnemy
0x015ee5,89829,18,B,23,A_modules,Barracuda/Components/BarracudaMinionTargetingComponent.as,,identifier,DrawTargetingDebug
0x015f7c,89980,1,B,6,A_modules,Barracuda/Components/BarracudaMinionTargetingComponent.as,,identifier,J
0x016220,90656,18,B,23,A_modules,Barracuda/Components/BarracudaMinionTargetingComponent.as,,identifier,IsActorInEnemyList
0x01628b,90763,11,B,16,A_modules,Barracuda/Components/BarracudaMinionTargetingComponent.as,,identifier,TargetActor
0x0162f3,90867,1,B,6,A_modules,Barracuda/Components/BarracudaMinionTargetingComponent.as,,identifier,J
0x016557,91479,14,B,19,A_modules,Barracuda/Components/BarracudaMinionTargetingComponent.as,,internal_symbol,__InitDefaults
0x016646,91718,1,B,6,A_modules,Barracuda/Components/BarracudaMinionTargetingComponent.as,0x26e5fa32e00,suspect_short,""""
0x01677d,92029,29,B,34,A_modules,Barracuda/Components/BarracudaMinionTargetingComponent.as,,identifier,ULokiMinionTargetingComponent
0x01679f,92063,41,B,46,A_modules,Barracuda/Components/BarracudaMinionTargetingComponent.as,,asset_path,/Script/Loki.LokiMinionTargetingComponent
0x0167ed,92141,47,B,52,A_modules,Barracuda/Components/BarracudaMinionTargetingComponent.as,,statictype_alias,__StaticType_UBarracudaMinionTargetingComponent
0x016835,92213,1,B,6,A_modules,Barracuda/Components/BarracudaMinionTargetingComponent.as,,suspect_short,/
0x0168b5,92341,57,B,62,A_modules,Barracuda/Components/BarracudaMinionTargetingComponent.as,,source_path,Barracuda/Components/BarracudaMinionTargetingComponent.as
0x0168f7,92407,51,A,55,A_modules,Barracuda/Components/BarracudaPlayerStateComponent.as,,dotted_name,Barracuda.Components.BarracudaPlayerStateComponent
0x01692e,92462,50,B,55,A_modules,Barracuda/Components/BarracudaPlayerStateComponent.as,,dotted_name,Barracuda.Components.BarracudaPlayerStateComponent
0x016969,92521,30,B,35,A_modules,Barracuda/Components/BarracudaPlayerStateComponent.as,,identifier,UBarracudaPlayerStateComponent
0x016a28,92712,11,B,16,A_modules,Barracuda/Components/BarracudaPlayerStateComponent.as,,identifier,StaticClass
0x016a38,92728,30,B,35,A_modules,Barracuda/Components/BarracudaPlayerStateComponent.as,,identifier,UBarracudaPlayerStateComponent
0x016aff,92927,3,B,8,A_modules,Barracuda/Components/BarracudaPlayerStateComponent.as,,identifier,Get
0x016b07,92935,30,B,35,A_modules,Barracuda/Components/BarracudaPlayerStateComponent.as,,identifier,UBarracudaPlayerStateComponent
0x016b9e,93086,5,B,10,A_modules,Barracuda/Components/BarracudaPlayerStateComponent.as,,identifier,Actor
0x016ba8,93096,8,B,13,A_modules,Barracuda/Components/BarracudaPlayerStateComponent.as,,identifier,WithName
0x016bc9,93129,9,B,14,A_modules,Barracuda/Components/BarracudaPlayerStateComponent.as,,default_arg_expr,NAME_None
0x016c57,93271,11,B,16,A_modules,Barracuda/Components/BarracudaPlayerStateComponent.as,,identifier,GetOrCreate
0x016c67,93287,30,B,35,A_modules,Barracuda/Components/BarracudaPlayerStateComponent.as,,identifier,UBarracudaPlayerStateComponent
0x016cfe,93438,5,B,10,A_modules,Barracuda/Components/BarracudaPlayerStateComponent.as,,identifier,Actor
0x016d08,93448,8,B,13,A_modules,Barracuda/Components/BarracudaPlayerStateComponent.as,,identifier,WithName
0x016d29,93481,9,B,14,A_modules,Barracuda/Components/BarracudaPlayerStateComponent.as,,default_arg_expr,NAME_None
0x016db7,93623,6,B,11,A_modules,Barracuda/Components/BarracudaPlayerStateComponent.as,,identifier,Create
0x016dc2,93634,30,B,35,A_modules,Barracuda/Components/BarracudaPlayerStateComponent.as,,identifier,UBarracudaPlayerStateComponent
0x016e59,93785,5,B,10,A_modules,Barracuda/Components/BarracudaPlayerStateComponent.as,,identifier,Actor
0x016e63,93795,8,B,13,A_modules,Barracuda/Components/BarracudaPlayerStateComponent.as,,identifier,WithName
0x016e84,93828,9,B,14,A_modules,Barracuda/Components/BarracudaPlayerStateComponent.as,,default_arg_expr,NAME_None
0x016f16,93974,30,B,35,A_modules,Barracuda/Components/BarracudaPlayerStateComponent.as,,identifier,UBarracudaPlayerStateComponent
0x016f45,94021,23,B,28,A_modules,Barracuda/Components/BarracudaPlayerStateComponent.as,,identifier,InternalNextRespawnTime
0x016f95,94101,15,B,20,A_modules,Barracuda/Components/BarracudaPlayerStateComponent.as,,identifier,ReplicatedUsing
0x016fad,94125,21,B,26,A_modules,Barracuda/Components/BarracudaPlayerStateComponent.as,,identifier,OnRep_NextRespawnTime
0x01700f,94223,24,B,29,A_modules,Barracuda/Components/BarracudaPlayerStateComponent.as,,identifier,OnNextRespawnTimeChanged
0x0170a8,94376,18,B,23,A_modules,Barracuda/Components/BarracudaPlayerStateComponent.as,,identifier,HasNextRespawnTime
0x017163,94563,18,B,23,A_modules,Barracuda/Components/BarracudaPlayerStateComponent.as,,identifier,HasNextRespawnTime
0x01717e,94590,8,B,13,A_modules,Barracuda/Components/BarracudaPlayerStateComponent.as,,identifier,Category
0x01718f,94607,21,B,26,A_modules,Barracuda/Components/BarracudaPlayerStateComponent.as,,other,Barracuda|PlayerState
0x0171f1,94705,20,B,25,A_modules,Barracuda/Components/BarracudaPlayerStateComponent.as,,identifier,ClearNextRespawnTime
0x01729a,94874,20,B,25,A_modules,Barracuda/Components/BarracudaPlayerStateComponent.as,,identifier,ClearNextRespawnTime
0x0172b7,94903,8,B,13,A_modules,Barracuda/Components/BarracudaPlayerStateComponent.as,,identifier,Category
0x0172c8,94920,21,B,26,A_modules,Barracuda/Components/BarracudaPlayerStateComponent.as,,other,Barracuda|PlayerState
0x01732a,95018,18,B,23,A_modules,Barracuda/Components/BarracudaPlayerStateComponent.as,,identifier,SetNextRespawnTime
0x017395,95125,17,B,22,A_modules,Barracuda/Components/BarracudaPlayerStateComponent.as,,identifier,InNextRespawnTime
0x017413,95251,18,B,23,A_modules,Barracuda/Components/BarracudaPlayerStateComponent.as,,identifier,GetNextRespawnTime
0x0174b2,95410,18,B,23,A_modules,Barracuda/Components/BarracudaPlayerStateComponent.as,,identifier,GetNextRespawnTime
0x0174cd,95437,8,B,13,A_modules,Barracuda/Components/BarracudaPlayerStateComponent.as,,identifier,Category
0x0174de,95454,21,B,26,A_modules,Barracuda/Components/BarracudaPlayerStateComponent.as,,other,Barracuda|PlayerState
0x017540,95552,23,B,28,A_modules,Barracuda/Components/BarracudaPlayerStateComponent.as,,identifier,GetRespawnTimeRemaining
0x017690,95888,23,B,28,A_modules,Barracuda/Components/BarracudaPlayerStateComponent.as,,identifier,GetRespawnTimeRemaining
0x0176b0,95920,8,B,13,A_modules,Barracuda/Components/BarracudaPlayerStateComponent.as,,identifier,Category
0x0176c1,95937,21,B,26,A_modules,Barracuda/Components/BarracudaPlayerStateComponent.as,,other,Barracuda|PlayerState
0x017723,96035,33,B,38,A_modules,Barracuda/Components/BarracudaPlayerStateComponent.as,,identifier,GetRespawnTimeRemainingForDisplay
0x01787d,96381,1,B,6,A_modules,Barracuda/Components/BarracudaPlayerStateComponent.as,,suspect_short,!
0x0178ab,96427,8,B,13,A_modules,Barracuda/Components/BarracudaPlayerStateComponent.as,,identifier,Category
0x0178bc,96444,21,B,26,A_modules,Barracuda/Components/BarracudaPlayerStateComponent.as,,other,Barracuda|PlayerState
0x01791e,96542,22,B,27,A_modules,Barracuda/Components/BarracudaPlayerStateComponent.as,,identifier,NextRespawnTimeChanged
0x0179b9,96697,1,B,6,A_modules,Barracuda/Components/BarracudaPlayerStateComponent.as,,identifier,J
0x017b45,97093,21,B,26,A_modules,Barracuda/Components/BarracudaPlayerStateComponent.as,,identifier,OnRep_NextRespawnTime
0x017be3,97251,21,B,26,A_modules,Barracuda/Components/BarracudaPlayerStateComponent.as,,identifier,OnRep_NextRespawnTime
0x017c4d,97357,14,B,19,A_modules,Barracuda/Components/BarracudaPlayerStateComponent.as,,internal_symbol,__InitDefaults
0x017d30,97584,30,B,35,A_modules,Barracuda/Components/BarracudaPlayerStateComponent.as,,identifier,UBarracudaPlayerStateComponent
0x017e53,97875,31,B,36,A_modules,Barracuda/Components/BarracudaPlayerStateComponent.as,,other,~UBarracudaPlayerStateComponent
0x017f0f,98063,15,B,20,A_modules,Barracuda/Components/BarracudaPlayerStateComponent.as,,identifier,UActorComponent
0x017f23,98083,29,B,34,A_modules,Barracuda/Components/BarracudaPlayerStateComponent.as,,asset_path,/Script/Engine.ActorComponent
0x017f65,98149,43,B,48,A_modules,Barracuda/Components/BarracudaPlayerStateComponent.as,,statictype_alias,__StaticType_UBarracudaPlayerStateComponent
0x017fa5,98213,23,B,28,A_modules,Barracuda/Components/BarracudaPlayerStateComponent.as,,identifier,FNextRespawnTimeChanged
0x017fcd,98253,6,B,11,A_modules,Barracuda/Components/BarracudaPlayerStateComponent.as,,identifier,_Inner
0x01800c,98316,8,B,13,A_modules,Barracuda/Components/BarracudaPlayerStateComponent.as,,internal_symbol,opAssign
0x01806d,98413,5,B,10,A_modules,Barracuda/Components/BarracudaPlayerStateComponent.as,,identifier,Other
0x0180f3,98547,9,B,14,A_modules,Barracuda/Components/BarracudaPlayerStateComponent.as,,identifier,Broadcast
0x0181c5,98757,12,B,17,A_modules,Barracuda/Components/BarracudaPlayerStateComponent.as,,identifier,AddUFunction
0x01824e,98894,6,B,11,A_modules,Barracuda/Components/BarracudaPlayerStateComponent.as,,identifier,Object
0x018259,98905,12,B,17,A_modules,Barracuda/Components/BarracudaPlayerStateComponent.as,,identifier,FunctionName
0x01830e,99086,6,B,11,A_modules,Barracuda/Components/BarracudaPlayerStateComponent.as,,identifier,Unbind
0x018391,99217,6,B,11,A_modules,Barracuda/Components/BarracudaPlayerStateComponent.as,,identifier,Object
0x01839c,99228,12,B,17,A_modules,Barracuda/Components/BarracudaPlayerStateComponent.as,,identifier,FunctionName
0x018425,99365,12,B,17,A_modules,Barracuda/Components/BarracudaPlayerStateComponent.as,,identifier,UnbindObject
0x01848a,99466,6,B,11,A_modules,Barracuda/Components/BarracudaPlayerStateComponent.as,,identifier,Object
0x018501,99585,7,B,12,A_modules,Barracuda/Components/BarracudaPlayerStateComponent.as,,identifier,IsBound
0x0185a5,99749,5,B,10,A_modules,Barracuda/Components/BarracudaPlayerStateComponent.as,,identifier,Clear
0x018657,99927,23,B,28,A_modules,Barracuda/Components/BarracudaPlayerStateComponent.as,,identifier,FNextRespawnTimeChanged
0x018703,100099,23,B,28,A_modules,Barracuda/Components/BarracudaPlayerStateComponent.as,,identifier,FNextRespawnTimeChanged
0x018773,100211,5,B,10,A_modules,Barracuda/Components/BarracudaPlayerStateComponent.as,,identifier,Other
0x018839,100409,24,B,29,A_modules,Barracuda/Components/BarracudaPlayerStateComponent.as,,other,~FNextRespawnTimeChanged
0x0188f6,100598,1,B,6,A_modules,Barracuda/Components/BarracudaPlayerStateComponent.as,,suspect_short,+
0x01896e,100718,23,B,28,A_modules,Barracuda/Components/BarracudaPlayerStateComponent.as,,identifier,FNextRespawnTimeChanged
0x01898e,100750,53,B,58,A_modules,Barracuda/Components/BarracudaPlayerStateComponent.as,,source_path,Barracuda/Components/BarracudaPlayerStateComponent.as
0x0189cc,100812,49,A,53,A_modules,Barracuda/Components/BarracudaStructureComponent.as,,dotted_name,Barracuda.Components.BarracudaStructureComponent
0x018a01,100865,48,B,53,A_modules,Barracuda/Components/BarracudaStructureComponent.as,,dotted_name,Barracuda.Components.BarracudaStructureComponent
0x018a3a,100922,28,B,33,A_modules,Barracuda/Components/BarracudaStructureComponent.as,,identifier,UBarracudaStructureComponent
0x018af7,101111,11,B,16,A_modules,Barracuda/Components/BarracudaStructureComponent.as,,identifier,StaticClass
0x018b07,101127,28,B,33,A_modules,Barracuda/Components/BarracudaStructureComponent.as,,identifier,UBarracudaStructureComponent
0x018bcc,101324,3,B,8,A_modules,Barracuda/Components/BarracudaStructureComponent.as,,identifier,Get
0x018bd4,101332,28,B,33,A_modules,Barracuda/Components/BarracudaStructureComponent.as,,identifier,UBarracudaStructureComponent
0x018c69,101481,5,B,10,A_modules,Barracuda/Components/BarracudaStructureComponent.as,,identifier,Actor
0x018c73,101491,8,B,13,A_modules,Barracuda/Components/BarracudaStructureComponent.as,,identifier,WithName
0x018c94,101524,9,B,14,A_modules,Barracuda/Components/BarracudaStructureComponent.as,,default_arg_expr,NAME_None
0x018d22,101666,11,B,16,A_modules,Barracuda/Components/BarracudaStructureComponent.as,,identifier,GetOrCreate
0x018d32,101682,28,B,33,A_modules,Barracuda/Components/BarracudaStructureComponent.as,,identifier,UBarracudaStructureComponent
0x018dc7,101831,5,B,10,A_modules,Barracuda/Components/BarracudaStructureComponent.as,,identifier,Actor
0x018dd1,101841,8,B,13,A_modules,Barracuda/Components/BarracudaStructureComponent.as,,identifier,WithName
0x018df2,101874,9,B,14,A_modules,Barracuda/Components/BarracudaStructureComponent.as,,default_arg_expr,NAME_None
0x018e80,102016,6,B,11,A_modules,Barracuda/Components/BarracudaStructureComponent.as,,identifier,Create
0x018e8b,102027,28,B,33,A_modules,Barracuda/Components/BarracudaStructureComponent.as,,identifier,UBarracudaStructureComponent
0x018f20,102176,5,B,10,A_modules,Barracuda/Components/BarracudaStructureComponent.as,,identifier,Actor
0x018f2a,102186,8,B,13,A_modules,Barracuda/Components/BarracudaStructureComponent.as,,identifier,WithName
0x018f4b,102219,9,B,14,A_modules,Barracuda/Components/BarracudaStructureComponent.as,,default_arg_expr,NAME_None
0x018fdd,102365,28,B,33,A_modules,Barracuda/Components/BarracudaStructureComponent.as,,identifier,UBarracudaStructureComponent
0x01900a,102410,11,B,16,A_modules,Barracuda/Components/BarracudaStructureComponent.as,,identifier,bAttackable
0x019092,102546,16,B,21,A_modules,Barracuda/Components/BarracudaStructureComponent.as,,identifier,bRespawnLocation
0x019123,102691,28,B,33,A_modules,Barracuda/Components/BarracudaStructureComponent.as,,identifier,LokiBeginPlay_Implementation
0x019278,103032,13,B,18,A_modules,Barracuda/Components/BarracudaStructureComponent.as,,identifier,LokiBeginPlay
0x0192da,103130,26,B,31,A_modules,Barracuda/Components/BarracudaStructureComponent.as,,identifier,LokiEndPlay_Implementation
0x01942d,103469,11,B,16,A_modules,Barracuda/Components/BarracudaStructureComponent.as,,identifier,LokiEndPlay
0x01948d,103565,14,B,19,A_modules,Barracuda/Components/BarracudaStructureComponent.as,,internal_symbol,__InitDefaults
0x019564,103780,28,B,33,A_modules,Barracuda/Components/BarracudaStructureComponent.as,,identifier,UBarracudaStructureComponent
0x019661,104033,15,B,20,A_modules,Barracuda/Components/BarracudaStructureComponent.as,,identifier,UActorComponent
0x019675,104053,29,B,34,A_modules,Barracuda/Components/BarracudaStructureComponent.as,,asset_path,/Script/Engine.ActorComponent
0x0196b7,104119,41,B,46,A_modules,Barracuda/Components/BarracudaStructureComponent.as,,statictype_alias,__StaticType_UBarracudaStructureComponent
0x0196f9,104185,1,B,6,A_modules,Barracuda/Components/BarracudaStructureComponent.as,,suspect_short,)
0x019773,104307,51,B,56,A_modules,Barracuda/Components/BarracudaStructureComponent.as,,source_path,Barracuda/Components/BarracudaStructureComponent.as
0x0197af,104367,54,A,58,A_modules,Barracuda/Components/BarracudaTowerTargetingComponent.as,,dotted_name,Barracuda.Components.BarracudaTowerTargetingComponent
0x0197e9,104425,53,B,58,A_modules,Barracuda/Components/BarracudaTowerTargetingComponent.as,,dotted_name,Barracuda.Components.BarracudaTowerTargetingComponent
0x019827,104487,33,B,38,A_modules,Barracuda/Components/BarracudaTowerTargetingComponent.as,,identifier,UBarracudaTowerTargetingComponent
0x0198e9,104681,11,B,16,A_modules,Barracuda/Components/BarracudaTowerTargetingComponent.as,,identifier,StaticClass
0x0198f9,104697,33,B,38,A_modules,Barracuda/Components/BarracudaTowerTargetingComponent.as,,identifier,UBarracudaTowerTargetingComponent
0x0199c3,104899,3,B,8,A_modules,Barracuda/Components/BarracudaTowerTargetingComponent.as,,identifier,Get
0x0199cb,104907,33,B,38,A_modules,Barracuda/Components/BarracudaTowerTargetingComponent.as,,identifier,UBarracudaTowerTargetingComponent
0x019a65,105061,5,B,10,A_modules,Barracuda/Components/BarracudaTowerTargetingComponent.as,,identifier,Actor
0x019a6f,105071,8,B,13,A_modules,Barracuda/Components/BarracudaTowerTargetingComponent.as,,identifier,WithName
0x019a90,105104,9,B,14,A_modules,Barracuda/Components/BarracudaTowerTargetingComponent.as,,default_arg_expr,NAME_None
0x019b1e,105246,11,B,16,A_modules,Barracuda/Components/BarracudaTowerTargetingComponent.as,,identifier,GetOrCreate
0x019b2e,105262,33,B,38,A_modules,Barracuda/Components/BarracudaTowerTargetingComponent.as,,identifier,UBarracudaTowerTargetingComponent
0x019bc8,105416,5,B,10,A_modules,Barracuda/Components/BarracudaTowerTargetingComponent.as,,identifier,Actor
0x019bd2,105426,8,B,13,A_modules,Barracuda/Components/BarracudaTowerTargetingComponent.as,,identifier,WithName
0x019bf3,105459,9,B,14,A_modules,Barracuda/Components/BarracudaTowerTargetingComponent.as,,default_arg_expr,NAME_None
0x019c81,105601,6,B,11,A_modules,Barracuda/Components/BarracudaTowerTargetingComponent.as,,identifier,Create
0x019c8c,105612,33,B,38,A_modules,Barracuda/Components/BarracudaTowerTargetingComponent.as,,identifier,UBarracudaTowerTargetingComponent
0x019d26,105766,5,B,10,A_modules,Barracuda/Components/BarracudaTowerTargetingComponent.as,,identifier,Actor
0x019d30,105776,8,B,13,A_modules,Barracuda/Components/BarracudaTowerTargetingComponent.as,,identifier,WithName
0x019d51,105809,9,B,14,A_modules,Barracuda/Components/BarracudaTowerTargetingComponent.as,,default_arg_expr,NAME_None
0x019ddf,105951,1,B,6,A_modules,Barracuda/Components/BarracudaTowerTargetingComponent.as,,suspect_short,!
0x019e15,106005,2,A,6,A_modules,Barracuda/Components/BarracudaTowerTargetingComponent.as,,suspect_short,'
0x019ec5,106181,1,B,6,A_modules,Barracuda/Components/BarracudaTowerTargetingComponent.as,,identifier,J
0x01a311,107281,24,B,29,A_modules,Barracuda/Components/BarracudaTowerTargetingComponent.as,,identifier,UpdateCurrentTargetEnemy
0x01a37e,107390,23,B,28,A_modules,Barracuda/Components/BarracudaTowerTargetingComponent.as,,identifier,FindClosestEnemyByClass
0x01a412,107538,6,B,11,A_modules,Barracuda/Components/BarracudaTowerTargetingComponent.as,,identifier,Minion
0x01a41d,107549,11,B,16,A_modules,Barracuda/Components/BarracudaTowerTargetingComponent.as,,identifier,ClassFilter
0x01a775,108405,1,B,6,A_modules,Barracuda/Components/BarracudaTowerTargetingComponent.as,0x26e5fa32e00,suspect_short,!
0x01a883,108675,1,B,6,A_modules,Barracuda/Components/BarracudaTowerTargetingComponent.as,,suspect_short,""""
0x01a8ae,108718,41,B,46,A_modules,Barracuda/Components/BarracudaTowerTargetingComponent.as,,asset_path,/Script/Loki.LokiMinionTargetingComponent
0x01a8fc,108796,46,B,51,A_modules,Barracuda/Components/BarracudaTowerTargetingComponent.as,,statictype_alias,__StaticType_UBarracudaTowerTargetingComponent
0x01a943,108867,1,B,6,A_modules,Barracuda/Components/BarracudaTowerTargetingComponent.as,,suspect_short,.
0x01a9c2,108994,56,B,61,A_modules,Barracuda/Components/BarracudaTowerTargetingComponent.as,,source_path,Barracuda/Components/BarracudaTowerTargetingComponent.as
0x01aa03,109059,37,A,41,A_modules,Barracuda/GameMode/BarracudaGameMode.as,,dotted_name,Barracuda.GameMode.BarracudaGameMode
0x01aa2c,109100,36,B,41,A_modules,Barracuda/GameMode/BarracudaGameMode.as,,dotted_name,Barracuda.GameMode.BarracudaGameMode
0x01aa59,109145,18,B,23,A_modules,Barracuda/GameMode/BarracudaGameMode.as,,identifier,ABarracudaGameMode
0x01ab0c,109324,20,B,25,A_modules,Barracuda/GameMode/BarracudaGameMode.as,,identifier,GetBarracudaGameMode
0x01abc9,109513,1,B,6,A_modules,Barracuda/GameMode/BarracudaGameMode.as,,identifier,J
0x01ac49,109641,20,B,25,A_modules,Barracuda/GameMode/BarracudaGameMode.as,,identifier,GetBarracudaGameMode
0x01acb2,109746,11,B,16,A_modules,Barracuda/GameMode/BarracudaGameMode.as,,identifier,StaticClass
0x01acc2,109762,18,B,23,A_modules,Barracuda/GameMode/BarracudaGameMode.as,,identifier,ABarracudaGameMode
0x01ad7d,109949,5,B,10,A_modules,Barracuda/GameMode/BarracudaGameMode.as,,identifier,Spawn
0x01ad87,109959,18,B,23,A_modules,Barracuda/GameMode/BarracudaGameMode.as,,identifier,ABarracudaGameMode
0x01ae7e,110206,8,B,13,A_modules,Barracuda/GameMode/BarracudaGameMode.as,,identifier,Location
0x01ae8b,110219,8,B,13,A_modules,Barracuda/GameMode/BarracudaGameMode.as,,identifier,Rotation
0x01ae98,110232,4,B,9,A_modules,Barracuda/GameMode/BarracudaGameMode.as,,identifier,Name
0x01aea1,110241,14,B,19,A_modules,Barracuda/GameMode/BarracudaGameMode.as,,identifier,bDeferredSpawn
0x01aeb4,110260,5,B,10,A_modules,Barracuda/GameMode/BarracudaGameMode.as,,identifier,Level
0x01aeda,110298,21,B,26,A_modules,Barracuda/GameMode/BarracudaGameMode.as,,default_arg_expr,FVector :: ZeroVector
0x01aef4,110324,23,B,28,A_modules,Barracuda/GameMode/BarracudaGameMode.as,,default_arg_expr,FRotator :: ZeroRotator
0x01af10,110352,9,B,14,A_modules,Barracuda/GameMode/BarracudaGameMode.as,,default_arg_expr,NAME_None
0x01af1e,110366,5,B,10,A_modules,Barracuda/GameMode/BarracudaGameMode.as,,default_arg_expr,false
0x01af28,110376,7,B,12,A_modules,Barracuda/GameMode/BarracudaGameMode.as,,default_arg_expr,nullptr
0x01afc4,110532,1,B,6,A_modules,Barracuda/GameMode/BarracudaGameMode.as,,identifier,J
0x01b054,110676,18,B,23,A_modules,Barracuda/GameMode/BarracudaGameMode.as,,identifier,ABarracudaGameMode
0x01b077,110711,21,B,26,A_modules,Barracuda/GameMode/BarracudaGameMode.as,,identifier,RallyMinionsComponent
0x01b0c5,110789,18,B,23,A_modules,Barracuda/GameMode/BarracudaGameMode.as,,identifier,EditInlineDefaults
0x01b0dc,110812,16,B,21,A_modules,Barracuda/GameMode/BarracudaGameMode.as,,identifier,DefaultComponent
0x01b0f5,110837,4,B,9,A_modules,Barracuda/GameMode/BarracudaGameMode.as,,default_arg_expr,true
0x01b0fe,110846,4,B,9,A_modules,Barracuda/GameMode/BarracudaGameMode.as,,identifier,True
0x01b147,110919,31,B,36,A_modules,Barracuda/GameMode/BarracudaGameMode.as,,identifier,BarracudaPlayerSpawnerComponent
0x01b19f,111007,18,B,23,A_modules,Barracuda/GameMode/BarracudaGameMode.as,,identifier,EditInlineDefaults
0x01b1b6,111030,16,B,21,A_modules,Barracuda/GameMode/BarracudaGameMode.as,,identifier,DefaultComponent
0x01b1cf,111055,4,B,9,A_modules,Barracuda/GameMode/BarracudaGameMode.as,,default_arg_expr,true
0x01b1d8,111064,4,B,9,A_modules,Barracuda/GameMode/BarracudaGameMode.as,,identifier,True
0x01b221,111137,14,B,19,A_modules,Barracuda/GameMode/BarracudaGameMode.as,,identifier,MatchStartTime
0x01b2ac,111276,15,B,20,A_modules,Barracuda/GameMode/BarracudaGameMode.as,,identifier,GoldLossOnDeath
0x01b2f4,111348,8,B,13,A_modules,Barracuda/GameMode/BarracudaGameMode.as,,identifier,Category
0x01b305,111365,8,B,13,A_modules,Barracuda/GameMode/BarracudaGameMode.as,,identifier,Bounties
0x01b352,111442,26,B,31,A_modules,Barracuda/GameMode/BarracudaGameMode.as,,identifier,GoldBountyPerCurrentStreak
0x01b3a5,111525,8,B,13,A_modules,Barracuda/GameMode/BarracudaGameMode.as,,identifier,Category
0x01b3b6,111542,8,B,13,A_modules,Barracuda/GameMode/BarracudaGameMode.as,,identifier,Bounties
0x01b403,111619,16,B,21,A_modules,Barracuda/GameMode/BarracudaGameMode.as,,identifier,DayNightDuration
0x01b44c,111692,8,B,13,A_modules,Barracuda/GameMode/BarracudaGameMode.as,,identifier,Category
0x01b45d,111709,9,B,14,A_modules,Barracuda/GameMode/BarracudaGameMode.as,,other,Day/Night
0x01b4ab,111787,6,B,11,A_modules,Barracuda/GameMode/BarracudaGameMode.as,,identifier,bIsDay
0x01b52e,111918,20,B,25,A_modules,Barracuda/GameMode/BarracudaGameMode.as,,identifier,MinionSplitXPBonuses
0x01b57b,111995,8,B,13,A_modules,Barracuda/GameMode/BarracudaGameMode.as,,identifier,Category
0x01b58c,112012,8,B,13,A_modules,Barracuda/GameMode/BarracudaGameMode.as,,identifier,Bounties
0x01b5d9,112089,27,B,32,A_modules,Barracuda/GameMode/BarracudaGameMode.as,,identifier,MercyHeroKillXPCoefficients
0x01b62d,112173,8,B,13,A_modules,Barracuda/GameMode/BarracudaGameMode.as,,identifier,Category
0x01b63e,112190,8,B,13,A_modules,Barracuda/GameMode/BarracudaGameMode.as,,identifier,Bounties
0x01b68b,112267,31,B,36,A_modules,Barracuda/GameMode/BarracudaGameMode.as,,identifier,UnderdogHeroKillXPBonusPerLevel
0x01b6e3,112355,8,B,13,A_modules,Barracuda/GameMode/BarracudaGameMode.as,,identifier,Category
0x01b6f4,112372,8,B,13,A_modules,Barracuda/GameMode/BarracudaGameMode.as,,identifier,Bounties
0x01b741,112449,16,B,21,A_modules,Barracuda/GameMode/BarracudaGameMode.as,,identifier,bAnyTowersKilled
0x01b7ce,112590,13,B,18,A_modules,Barracuda/GameMode/BarracudaGameMode.as,,identifier,DragonRewards
0x01b814,112660,8,B,13,A_modules,Barracuda/GameMode/BarracudaGameMode.as,,identifier,Category
0x01b825,112677,6,B,11,A_modules,Barracuda/GameMode/BarracudaGameMode.as,,identifier,Dragon
0x01b870,112752,16,B,21,A_modules,Barracuda/GameMode/BarracudaGameMode.as,,identifier,NumDragonsKilled
0x01b8fd,112893,20,B,25,A_modules,Barracuda/GameMode/BarracudaGameMode.as,,identifier,LastKnockedTimeTable
0x01b98e,113038,19,B,24,A_modules,Barracuda/GameMode/BarracudaGameMode.as,,identifier,KnockXPCooldownTime
0x01ba1e,113182,19,B,24,A_modules,Barracuda/GameMode/BarracudaGameMode.as,,identifier,DragonKilledPilotVO
0x01ba66,113254,25,B,30,A_modules,Barracuda/GameMode/BarracudaGameMode.as,,identifier,MomentumBossKilledPilotVO
0x01bab4,113332,18,B,23,A_modules,Barracuda/GameMode/BarracudaGameMode.as,,identifier,MomentumBuffEffect
0x01baff,113407,21,B,26,A_modules,Barracuda/GameMode/BarracudaGameMode.as,,identifier,GetGameStateComponent
0x01bc25,113701,21,B,26,A_modules,Barracuda/GameMode/BarracudaGameMode.as,,identifier,GetGameStateComponent
0x01bc8f,113807,24,B,29,A_modules,Barracuda/GameMode/BarracudaGameMode.as,,identifier,BeginPlay_Implementation
0x01be9c,114332,9,B,14,A_modules,Barracuda/GameMode/BarracudaGameMode.as,,identifier,BeginPlay
0x01befa,114426,31,B,36,A_modules,Barracuda/GameMode/BarracudaGameMode.as,,identifier,AuthHandleBarracudaPhaseChanged
0x01bf96,114582,5,B,10,A_modules,Barracuda/GameMode/BarracudaGameMode.as,,identifier,Event
0x01bfa0,114592,7,B,12,A_modules,Barracuda/GameMode/BarracudaGameMode.as,,identifier,Context
0x01bfdc,114652,2,A,6,A_modules,Barracuda/GameMode/BarracudaGameMode.as,,suspect_short,6
0x01c0ec,114924,31,B,36,A_modules,Barracuda/GameMode/BarracudaGameMode.as,,identifier,AuthHandleBarracudaPhaseChanged
0x01c160,115040,19,B,24,A_modules,Barracuda/GameMode/BarracudaGameMode.as,,identifier,Tick_Implementation
0x01c1cc,115148,12,B,17,A_modules,Barracuda/GameMode/BarracudaGameMode.as,,identifier,DeltaSeconds
0x01c239,115257,4,B,9,A_modules,Barracuda/GameMode/BarracudaGameMode.as,,identifier,Tick
0x01c292,115346,25,B,30,A_modules,Barracuda/GameMode/BarracudaGameMode.as,,identifier,OnNewPhase_Implementation
0x01c328,115496,9,B,14,A_modules,Barracuda/GameMode/BarracudaGameMode.as,,identifier,NextPhase
0x01c336,115510,9,B,14,A_modules,Barracuda/GameMode/BarracudaGameMode.as,,identifier,LastPhase
0x01c3ec,115692,10,B,15,A_modules,Barracuda/GameMode/BarracudaGameMode.as,,identifier,OnNewPhase
0x01c44b,115787,43,B,48,A_modules,Barracuda/GameMode/BarracudaGameMode.as,,identifier,AugmentCharacterLoadoutItems_Implementation
0x01c4cf,115919,12,B,17,A_modules,Barracuda/GameMode/BarracudaGameMode.as,,identifier,LoadoutItems
0x01c530,116016,28,B,33,A_modules,Barracuda/GameMode/BarracudaGameMode.as,,identifier,AugmentCharacterLoadoutItems
0x01c5a1,116129,24,B,29,A_modules,Barracuda/GameMode/BarracudaGameMode.as,,identifier,HasBarracudaMatchStarted
0x01c672,116338,24,B,29,A_modules,Barracuda/GameMode/BarracudaGameMode.as,,identifier,HasBarracudaMatchStarted
0x01c6df,116447,12,B,17,A_modules,Barracuda/GameMode/BarracudaGameMode.as,,identifier,GetMatchTime
0x01c764,116580,1,B,6,A_modules,Barracuda/GameMode/BarracudaGameMode.as,,identifier,S
0x01c7a4,116644,12,B,17,A_modules,Barracuda/GameMode/BarracudaGameMode.as,,identifier,GetMatchTime
0x01c805,116741,14,B,19,A_modules,Barracuda/GameMode/BarracudaGameMode.as,,identifier,OnPlayerKilled
0x01c86c,116844,8,B,13,A_modules,Barracuda/GameMode/BarracudaGameMode.as,,identifier,KillData
0x01c8a5,116901,1,B,6,A_modules,Barracuda/GameMode/BarracudaGameMode.as,,suspect_short,6
0x01c9fd,117245,1,B,6,A_modules,Barracuda/GameMode/BarracudaGameMode.as,,identifier,J
0x01ca59,117337,1,B,6,A_modules,Barracuda/GameMode/BarracudaGameMode.as,,identifier,J
0x01cb15,117525,1,B,6,A_modules,Barracuda/GameMode/BarracudaGameMode.as,,identifier,J
0x01cb71,117617,1,B,6,A_modules,Barracuda/GameMode/BarracudaGameMode.as,,identifier,J
0x01cf31,118577,1,B,6,A_modules,Barracuda/GameMode/BarracudaGameMode.as,,identifier,t
0x01d0b9,118969,1,B,6,A_modules,Barracuda/GameMode/BarracudaGameMode.as,,identifier,t
0x01d76d,120685,14,B,19,A_modules,Barracuda/GameMode/BarracudaGameMode.as,,identifier,OnPlayerKilled
0x01d7d0,120784,21,B,26,A_modules,Barracuda/GameMode/BarracudaGameMode.as,,identifier,OnBountyGivenToPlayer
0x01d8ce,121038,14,B,19,A_modules,Barracuda/GameMode/BarracudaGameMode.as,,identifier,TargetLocation
0x01d8e1,121057,11,B,16,A_modules,Barracuda/GameMode/BarracudaGameMode.as,,identifier,TargetState
0x01d8f1,121073,10,B,15,A_modules,Barracuda/GameMode/BarracudaGameMode.as,,identifier,GoldAmount
0x01d900,121088,12,B,17,A_modules,Barracuda/GameMode/BarracudaGameMode.as,,identifier,TargetReason
0x01d911,121105,8,B,13,A_modules,Barracuda/GameMode/BarracudaGameMode.as,,identifier,XPAmount
0x01d9a6,121254,2,A,6,A_modules,Barracuda/GameMode/BarracudaGameMode.as,0x26e7861d0c0,identifier,d
0x01da06,121350,36,B,41,A_modules,Barracuda/GameMode/BarracudaGameMode.as,,identifier,OnBountyGivenToPlayer_Implementation
0x01db13,121619,14,B,19,A_modules,Barracuda/GameMode/BarracudaGameMode.as,,identifier,TargetLocation
0x01db26,121638,11,B,16,A_modules,Barracuda/GameMode/BarracudaGameMode.as,,identifier,TargetState
0x01db36,121654,10,B,15,A_modules,Barracuda/GameMode/BarracudaGameMode.as,,identifier,GoldAmount
0x01db45,121669,12,B,17,A_modules,Barracuda/GameMode/BarracudaGameMode.as,,identifier,TargetReason
0x01db56,121686,8,B,13,A_modules,Barracuda/GameMode/BarracudaGameMode.as,,identifier,XPAmount
0x01dbd3,121811,21,B,26,A_modules,Barracuda/GameMode/BarracudaGameMode.as,,identifier,OnBountyGivenToPlayer
0x01dc3d,121917,31,B,36,A_modules,Barracuda/GameMode/BarracudaGameMode.as,,identifier,OnActorKilled_BP_Implementation
0x01dcd9,122073,11,B,16,A_modules,Barracuda/GameMode/BarracudaGameMode.as,,identifier,VictimActor
0x01dce9,122089,6,B,11,A_modules,Barracuda/GameMode/BarracudaGameMode.as,,identifier,Killer
0x01dda8,122280,1,B,6,A_modules,Barracuda/GameMode/BarracudaGameMode.as,,identifier,J
0x01e52c,124204,16,B,21,A_modules,Barracuda/GameMode/BarracudaGameMode.as,,identifier,OnActorKilled_BP
0x01e591,124305,33,B,38,A_modules,Barracuda/GameMode/BarracudaGameMode.as,,identifier,GetPlayerStatesForRewardsInRadius
0x01e677,124535,8,B,13,A_modules,Barracuda/GameMode/BarracudaGameMode.as,,identifier,Location
0x01e684,124548,6,B,11,A_modules,Barracuda/GameMode/BarracudaGameMode.as,,identifier,Radius
0x01e68f,124559,10,B,15,A_modules,Barracuda/GameMode/BarracudaGameMode.as,,identifier,TargetTeam
0x01e69e,124574,6,B,11,A_modules,Barracuda/GameMode/BarracudaGameMode.as,,identifier,Killer
0x01e7f9,124921,1,B,6,A_modules,Barracuda/GameMode/BarracudaGameMode.as,,identifier,J
0x01e90d,125197,1,B,6,A_modules,Barracuda/GameMode/BarracudaGameMode.as,,identifier,J
0x01eb89,125833,8,B,13,A_modules,Barracuda/GameMode/BarracudaGameMode.as,,identifier,OnNewDay
0x01ebd6,125910,2,A,6,A_modules,Barracuda/GameMode/BarracudaGameMode.as,,identifier,e
0x01ec36,126006,23,B,28,A_modules,Barracuda/GameMode/BarracudaGameMode.as,,identifier,OnNewDay_Implementation
0x01ecca,126154,8,B,13,A_modules,Barracuda/GameMode/BarracudaGameMode.as,,identifier,OnNewDay
0x01ecdb,126171,8,B,13,A_modules,Barracuda/GameMode/BarracudaGameMode.as,,identifier,Category
0x01ecec,126188,9,B,14,A_modules,Barracuda/GameMode/BarracudaGameMode.as,,other,Day/Night
0x01ed42,126274,10,B,15,A_modules,Barracuda/GameMode/BarracudaGameMode.as,,identifier,OnNewNight
0x01ed91,126353,2,A,6,A_modules,Barracuda/GameMode/BarracudaGameMode.as,,identifier,f
0x01edf1,126449,25,B,30,A_modules,Barracuda/GameMode/BarracudaGameMode.as,,identifier,OnNewNight_Implementation
0x01ee87,126599,10,B,15,A_modules,Barracuda/GameMode/BarracudaGameMode.as,,identifier,OnNewNight
0x01ee9a,126618,8,B,13,A_modules,Barracuda/GameMode/BarracudaGameMode.as,,identifier,Category
0x01eeab,126635,9,B,14,A_modules,Barracuda/GameMode/BarracudaGameMode.as,,other,Day/Night
0x01ef01,126721,14,B,19,A_modules,Barracuda/GameMode/BarracudaGameMode.as,,identifier,HandleDayNight
0x01f150,127312,14,B,19,A_modules,Barracuda/GameMode/BarracudaGameMode.as,,identifier,HandleDayNight
0x01f167,127335,8,B,13,A_modules,Barracuda/GameMode/BarracudaGameMode.as,,identifier,Category
0x01f178,127352,9,B,14,A_modules,Barracuda/GameMode/BarracudaGameMode.as,,other,Day/Night
0x01f1ce,127438,11,B,16,A_modules,Barracuda/GameMode/BarracudaGameMode.as,,identifier,TowerKilled
0x01f232,127538,11,B,16,A_modules,Barracuda/GameMode/BarracudaGameMode.as,,identifier,TargetTower
0x01f28a,127626,2,A,6,A_modules,Barracuda/GameMode/BarracudaGameMode.as,0x26e77fce080,identifier,g
0x01f2ee,127726,26,B,31,A_modules,Barracuda/GameMode/BarracudaGameMode.as,,identifier,TowerKilled_Implementation
0x01f361,127841,11,B,16,A_modules,Barracuda/GameMode/BarracudaGameMode.as,,identifier,TargetTower
0x01f3e9,127977,11,B,16,A_modules,Barracuda/GameMode/BarracudaGameMode.as,,identifier,TowerKilled
0x01f449,128073,20,B,25,A_modules,Barracuda/GameMode/BarracudaGameMode.as,,identifier,OnMomentumBossKilled
0x01f4b6,128182,17,B,22,A_modules,Barracuda/GameMode/BarracudaGameMode.as,,identifier,KillerPlayerState
0x01f584,128388,20,B,25,A_modules,Barracuda/GameMode/BarracudaGameMode.as,,identifier,OnMomentumBossKilled
0x01f5ed,128493,14,B,19,A_modules,Barracuda/GameMode/BarracudaGameMode.as,,identifier,OnDragonKilled
0x01f654,128596,17,B,22,A_modules,Barracuda/GameMode/BarracudaGameMode.as,,identifier,KillerPlayerState
0x01f806,129030,14,B,19,A_modules,Barracuda/GameMode/BarracudaGameMode.as,,identifier,OnDragonKilled
0x01f869,129129,17,B,22,A_modules,Barracuda/GameMode/BarracudaGameMode.as,,identifier,ApplyEffectToTeam
0x01f8f7,129271,9,B,14,A_modules,Barracuda/GameMode/BarracudaGameMode.as,,identifier,TeamIndex
0x01f905,129285,11,B,16,A_modules,Barracuda/GameMode/BarracudaGameMode.as,,identifier,EffectClass
0x01fb95,129941,17,B,22,A_modules,Barracuda/GameMode/BarracudaGameMode.as,,identifier,ApplyEffectToTeam
0x01fbfb,130043,21,B,26,A_modules,Barracuda/GameMode/BarracudaGameMode.as,,identifier,TowerGoldRewardVisual
0x01fcb1,130225,11,B,16,A_modules,Barracuda/GameMode/BarracudaGameMode.as,,identifier,TargetTower
0x01fcc1,130241,12,B,17,A_modules,Barracuda/GameMode/BarracudaGameMode.as,,identifier,TargetPlayer
0x01fcd2,130258,10,B,15,A_modules,Barracuda/GameMode/BarracudaGameMode.as,,identifier,GoldAmount
0x01fd39,130361,2,A,6,A_modules,Barracuda/GameMode/BarracudaGameMode.as,0x26e7861d0c0,identifier,h
0x01fd99,130457,36,B,41,A_modules,Barracuda/GameMode/BarracudaGameMode.as,,identifier,TowerGoldRewardVisual_Implementation
0x01fe5e,130654,11,B,16,A_modules,Barracuda/GameMode/BarracudaGameMode.as,,identifier,TargetTower
0x01fe6e,130670,12,B,17,A_modules,Barracuda/GameMode/BarracudaGameMode.as,,identifier,TargetPlayer
0x01fe7f,130687,10,B,15,A_modules,Barracuda/GameMode/BarracudaGameMode.as,,identifier,GoldAmount
0x01feee,130798,21,B,26,A_modules,Barracuda/GameMode/BarracudaGameMode.as,,identifier,TowerGoldRewardVisual
0x01ff58,130904,14,B,19,A_modules,Barracuda/GameMode/BarracudaGameMode.as,,internal_symbol,__InitDefaults
0x0200f7,131319,18,B,23,A_modules,Barracuda/GameMode/BarracudaGameMode.as,,identifier,ABarracudaGameMode
0x0202a2,131746,19,B,24,A_modules,Barracuda/GameMode/BarracudaGameMode.as,,other,~ABarracudaGameMode
0x0203e6,132070,25,B,30,A_modules,Barracuda/GameMode/BarracudaGameMode.as,,identifier,ALokiTowerDefenseGameMode
0x020404,132100,37,B,42,A_modules,Barracuda/GameMode/BarracudaGameMode.as,,asset_path,/Script/Loki.LokiTowerDefenseGameMode
0x02044e,132174,31,B,36,A_modules,Barracuda/GameMode/BarracudaGameMode.as,,statictype_alias,__StaticType_ABarracudaGameMode
0x02048a,132234,31,B,36,A_modules,Barracuda/GameMode/BarracudaGameMode.as,,statictype_alias,__StaticType_ABarracudaGameMode
0x0204ea,132330,50,B,55,A_modules,Barracuda/GameMode/BarracudaGameMode.as,,identifier,Module_Barracuda_GameMode_BarracudaGameModeStatics
0x020529,132393,39,B,44,A_modules,Barracuda/GameMode/BarracudaGameMode.as,,source_path,Barracuda/GameMode/BarracudaGameMode.as
0x020559,132441,51,A,55,A_modules,Barracuda/GameMode/BarracudaPlayerSpawnerComponent.as,,dotted_name,Barracuda.GameMode.BarracudaPlayerSpawnerComponent
0x020590,132496,50,B,55,A_modules,Barracuda/GameMode/BarracudaPlayerSpawnerComponent.as,,dotted_name,Barracuda.GameMode.BarracudaPlayerSpawnerComponent
0x0205cb,132555,32,B,37,A_modules,Barracuda/GameMode/BarracudaPlayerSpawnerComponent.as,,identifier,UBarracudaPlayerSpawnerComponent
0x02068c,132748,11,B,16,A_modules,Barracuda/GameMode/BarracudaPlayerSpawnerComponent.as,,identifier,StaticClass
0x02069c,132764,32,B,37,A_modules,Barracuda/GameMode/BarracudaPlayerSpawnerComponent.as,,identifier,UBarracudaPlayerSpawnerComponent
0x020765,132965,3,B,8,A_modules,Barracuda/GameMode/BarracudaPlayerSpawnerComponent.as,,identifier,Get
0x02076d,132973,32,B,37,A_modules,Barracuda/GameMode/BarracudaPlayerSpawnerComponent.as,,identifier,UBarracudaPlayerSpawnerComponent
0x020806,133126,5,B,10,A_modules,Barracuda/GameMode/BarracudaPlayerSpawnerComponent.as,,identifier,Actor
0x020810,133136,8,B,13,A_modules,Barracuda/GameMode/BarracudaPlayerSpawnerComponent.as,,identifier,WithName
0x020831,133169,9,B,14,A_modules,Barracuda/GameMode/BarracudaPlayerSpawnerComponent.as,,default_arg_expr,NAME_None
0x0208bf,133311,11,B,16,A_modules,Barracuda/GameMode/BarracudaPlayerSpawnerComponent.as,,identifier,GetOrCreate
0x0208cf,133327,32,B,37,A_modules,Barracuda/GameMode/BarracudaPlayerSpawnerComponent.as,,identifier,UBarracudaPlayerSpawnerComponent
0x020968,133480,5,B,10,A_modules,Barracuda/GameMode/BarracudaPlayerSpawnerComponent.as,,identifier,Actor
0x020972,133490,8,B,13,A_modules,Barracuda/GameMode/BarracudaPlayerSpawnerComponent.as,,identifier,WithName
0x020993,133523,9,B,14,A_modules,Barracuda/GameMode/BarracudaPlayerSpawnerComponent.as,,default_arg_expr,NAME_None
0x020a21,133665,6,B,11,A_modules,Barracuda/GameMode/BarracudaPlayerSpawnerComponent.as,,identifier,Create
0x020a2c,133676,32,B,37,A_modules,Barracuda/GameMode/BarracudaPlayerSpawnerComponent.as,,identifier,UBarracudaPlayerSpawnerComponent
0x020ac5,133829,5,B,10,A_modules,Barracuda/GameMode/BarracudaPlayerSpawnerComponent.as,,identifier,Actor
0x020acf,133839,8,B,13,A_modules,Barracuda/GameMode/BarracudaPlayerSpawnerComponent.as,,identifier,WithName
0x020af0,133872,9,B,14,A_modules,Barracuda/GameMode/BarracudaPlayerSpawnerComponent.as,,default_arg_expr,NAME_None
0x020b7e,134014,1,B,6,A_modules,Barracuda/GameMode/BarracudaPlayerSpawnerComponent.as,,suspect_short, 
0x020bb3,134067,19,B,24,A_modules,Barracuda/GameMode/BarracudaPlayerSpawnerComponent.as,,identifier,RespawnTimePerLevel
0x020c43,134211,23,B,28,A_modules,Barracuda/GameMode/BarracudaPlayerSpawnerComponent.as,,identifier,MatchTimeRespawnCeiling
0x020cd7,134359,22,B,27,A_modules,Barracuda/GameMode/BarracudaPlayerSpawnerComponent.as,,identifier,MatchRespawnTimeFactor
0x020d6e,134510,19,B,24,A_modules,Barracuda/GameMode/BarracudaPlayerSpawnerComponent.as,,identifier,Tick_Implementation
0x020dda,134618,12,B,17,A_modules,Barracuda/GameMode/BarracudaPlayerSpawnerComponent.as,,identifier,DeltaSeconds
0x020e47,134727,4,B,9,A_modules,Barracuda/GameMode/BarracudaPlayerSpawnerComponent.as,,identifier,Tick
0x020ea0,134816,19,B,24,A_modules,Barracuda/GameMode/BarracudaPlayerSpawnerComponent.as,,identifier,CalculateDeathTimer
0x020f0c,134924,11,B,16,A_modules,Barracuda/GameMode/BarracudaPlayerSpawnerComponent.as,,identifier,PlayerState
0x021078,135288,1,B,6,A_modules,Barracuda/GameMode/BarracudaPlayerSpawnerComponent.as,,identifier,S
0x0210f0,135408,20,B,25,A_modules,Barracuda/GameMode/BarracudaPlayerSpawnerComponent.as,,identifier,TryRespawningPlayers
0x0211ed,135661,1,B,6,A_modules,Barracuda/GameMode/BarracudaPlayerSpawnerComponent.as,,identifier,J
0x02179d,137117,14,B,19,A_modules,Barracuda/GameMode/BarracudaPlayerSpawnerComponent.as,,internal_symbol,__InitDefaults
0x0218d0,137424,1,B,6,A_modules,Barracuda/GameMode/BarracudaPlayerSpawnerComponent.as,0x26e76c63400,suspect_short, 
0x0219e1,137697,1,B,6,A_modules,Barracuda/GameMode/BarracudaPlayerSpawnerComponent.as,,suspect_short,!
0x021aa7,137895,15,B,20,A_modules,Barracuda/GameMode/BarracudaPlayerSpawnerComponent.as,,identifier,UActorComponent
0x021abb,137915,29,B,34,A_modules,Barracuda/GameMode/BarracudaPlayerSpawnerComponent.as,,asset_path,/Script/Engine.ActorComponent
0x021afd,137981,45,B,50,A_modules,Barracuda/GameMode/BarracudaPlayerSpawnerComponent.as,,statictype_alias,__StaticType_UBarracudaPlayerSpawnerComponent
0x021b43,138051,1,B,6,A_modules,Barracuda/GameMode/BarracudaPlayerSpawnerComponent.as,,suspect_short,-
0x021bc1,138177,53,B,58,A_modules,Barracuda/GameMode/BarracudaPlayerSpawnerComponent.as,,source_path,Barracuda/GameMode/BarracudaPlayerSpawnerComponent.as
0x021bff,138239,50,A,54,A_modules,Barracuda/GameMode/BarracudaRallyMinionsComponent.as,,dotted_name,Barracuda.GameMode.BarracudaRallyMinionsComponent
0x021c35,138293,49,B,54,A_modules,Barracuda/GameMode/BarracudaRallyMinionsComponent.as,,dotted_name,Barracuda.GameMode.BarracudaRallyMinionsComponent
0x021c6f,138351,31,B,36,A_modules,Barracuda/GameMode/BarracudaRallyMinionsComponent.as,,identifier,UBarracudaRallyMinionsComponent
0x021d2f,138543,11,B,16,A_modules,Barracuda/GameMode/BarracudaRallyMinionsComponent.as,,identifier,StaticClass
0x021d3f,138559,31,B,36,A_modules,Barracuda/GameMode/BarracudaRallyMinionsComponent.as,,identifier,UBarracudaRallyMinionsComponent
0x021e07,138759,3,B,8,A_modules,Barracuda/GameMode/BarracudaRallyMinionsComponent.as,,identifier,Get
0x021e0f,138767,31,B,36,A_modules,Barracuda/GameMode/BarracudaRallyMinionsComponent.as,,identifier,UBarracudaRallyMinionsComponent
0x021ea7,138919,5,B,10,A_modules,Barracuda/GameMode/BarracudaRallyMinionsComponent.as,,identifier,Actor
0x021eb1,138929,8,B,13,A_modules,Barracuda/GameMode/BarracudaRallyMinionsComponent.as,,identifier,WithName
0x021ed2,138962,9,B,14,A_modules,Barracuda/GameMode/BarracudaRallyMinionsComponent.as,,default_arg_expr,NAME_None
0x021f60,139104,11,B,16,A_modules,Barracuda/GameMode/BarracudaRallyMinionsComponent.as,,identifier,GetOrCreate
0x021f70,139120,31,B,36,A_modules,Barracuda/GameMode/BarracudaRallyMinionsComponent.as,,identifier,UBarracudaRallyMinionsComponent
0x022008,139272,5,B,10,A_modules,Barracuda/GameMode/BarracudaRallyMinionsComponent.as,,identifier,Actor
0x022012,139282,8,B,13,A_modules,Barracuda/GameMode/BarracudaRallyMinionsComponent.as,,identifier,WithName
0x022033,139315,9,B,14,A_modules,Barracuda/GameMode/BarracudaRallyMinionsComponent.as,,default_arg_expr,NAME_None
0x0220c1,139457,6,B,11,A_modules,Barracuda/GameMode/BarracudaRallyMinionsComponent.as,,identifier,Create
0x0220cc,139468,31,B,36,A_modules,Barracuda/GameMode/BarracudaRallyMinionsComponent.as,,identifier,UBarracudaRallyMinionsComponent
0x022164,139620,5,B,10,A_modules,Barracuda/GameMode/BarracudaRallyMinionsComponent.as,,identifier,Actor
0x02216e,139630,8,B,13,A_modules,Barracuda/GameMode/BarracudaRallyMinionsComponent.as,,identifier,WithName
0x02218f,139663,9,B,14,A_modules,Barracuda/GameMode/BarracudaRallyMinionsComponent.as,,default_arg_expr,NAME_None
0x022221,139809,31,B,36,A_modules,Barracuda/GameMode/BarracudaRallyMinionsComponent.as,,identifier,UBarracudaRallyMinionsComponent
0x022251,139857,15,B,20,A_modules,Barracuda/GameMode/BarracudaRallyMinionsComponent.as,,identifier,RallyAggroRange
0x0222e1,140001,28,B,33,A_modules,Barracuda/GameMode/BarracudaRallyMinionsComponent.as,,identifier,LokiBeginPlay_Implementation
0x02247e,140414,13,B,18,A_modules,Barracuda/GameMode/BarracudaRallyMinionsComponent.as,,identifier,LokiBeginPlay
0x0224e0,140512,18,B,23,A_modules,Barracuda/GameMode/BarracudaRallyMinionsComponent.as,,identifier,OnCharacterDamaged
0x02256f,140655,5,B,10,A_modules,Barracuda/GameMode/BarracudaRallyMinionsComponent.as,,identifier,Event
0x022579,140665,16,B,21,A_modules,Barracuda/GameMode/BarracudaRallyMinionsComponent.as,,identifier,ContextCharacter
0x0225da,140762,1,B,6,A_modules,Barracuda/GameMode/BarracudaRallyMinionsComponent.as,,identifier,J
0x022646,140870,1,B,6,A_modules,Barracuda/GameMode/BarracudaRallyMinionsComponent.as,,identifier,J
0x02274a,141130,18,B,23,A_modules,Barracuda/GameMode/BarracudaRallyMinionsComponent.as,,identifier,OnCharacterDamaged
0x0227b1,141233,25,B,30,A_modules,Barracuda/GameMode/BarracudaRallyMinionsComponent.as,,identifier,RallyAlliedMinionsForHelp
0x022847,141383,6,B,11,A_modules,Barracuda/GameMode/BarracudaRallyMinionsComponent.as,,identifier,Victim
0x022852,141394,8,B,13,A_modules,Barracuda/GameMode/BarracudaRallyMinionsComponent.as,,identifier,Attacker
0x02296b,141675,1,B,6,A_modules,Barracuda/GameMode/BarracudaRallyMinionsComponent.as,,identifier,J
0x022cd7,142551,14,B,19,A_modules,Barracuda/GameMode/BarracudaRallyMinionsComponent.as,,internal_symbol,__InitDefaults
0x022dc2,142786,31,B,36,A_modules,Barracuda/GameMode/BarracudaRallyMinionsComponent.as,,identifier,UBarracudaRallyMinionsComponent
0x022eda,143066,15,B,20,A_modules,Barracuda/GameMode/BarracudaRallyMinionsComponent.as,,identifier,UActorComponent
0x022eee,143086,29,B,34,A_modules,Barracuda/GameMode/BarracudaRallyMinionsComponent.as,,asset_path,/Script/Engine.ActorComponent
0x022f30,143152,44,B,49,A_modules,Barracuda/GameMode/BarracudaRallyMinionsComponent.as,,statictype_alias,__StaticType_UBarracudaRallyMinionsComponent
0x022f75,143221,1,B,6,A_modules,Barracuda/GameMode/BarracudaRallyMinionsComponent.as,,suspect_short,","
0x022ff2,143346,52,B,57,A_modules,Barracuda/GameMode/BarracudaRallyMinionsComponent.as,,source_path,Barracuda/GameMode/BarracudaRallyMinionsComponent.as
0x02302f,143407,48,A,52,A_modules,Barracuda/GameState/BarracudaGameStateComponent.as,,dotted_name,Barracuda.GameState.BarracudaGameStateComponent
0x023063,143459,47,B,52,A_modules,Barracuda/GameState/BarracudaGameStateComponent.as,,dotted_name,Barracuda.GameState.BarracudaGameStateComponent
0x02309b,143515,28,B,33,A_modules,Barracuda/GameState/BarracudaGameStateComponent.as,,identifier,UBarracudaGameStateComponent
0x023158,143704,11,B,16,A_modules,Barracuda/GameState/BarracudaGameStateComponent.as,,identifier,StaticClass
0x023168,143720,28,B,33,A_modules,Barracuda/GameState/BarracudaGameStateComponent.as,,identifier,UBarracudaGameStateComponent
0x02322d,143917,3,B,8,A_modules,Barracuda/GameState/BarracudaGameStateComponent.as,,identifier,Get
0x023235,143925,28,B,33,A_modules,Barracuda/GameState/BarracudaGameStateComponent.as,,identifier,UBarracudaGameStateComponent
0x0232ca,144074,5,B,10,A_modules,Barracuda/GameState/BarracudaGameStateComponent.as,,identifier,Actor
0x0232d4,144084,8,B,13,A_modules,Barracuda/GameState/BarracudaGameStateComponent.as,,identifier,WithName
0x0232f5,144117,9,B,14,A_modules,Barracuda/GameState/BarracudaGameStateComponent.as,,default_arg_expr,NAME_None
0x023383,144259,11,B,16,A_modules,Barracuda/GameState/BarracudaGameStateComponent.as,,identifier,GetOrCreate
0x023393,144275,28,B,33,A_modules,Barracuda/GameState/BarracudaGameStateComponent.as,,identifier,UBarracudaGameStateComponent
0x023428,144424,5,B,10,A_modules,Barracuda/GameState/BarracudaGameStateComponent.as,,identifier,Actor
0x023432,144434,8,B,13,A_modules,Barracuda/GameState/BarracudaGameStateComponent.as,,identifier,WithName
0x023453,144467,9,B,14,A_modules,Barracuda/GameState/BarracudaGameStateComponent.as,,default_arg_expr,NAME_None
0x0234e1,144609,6,B,11,A_modules,Barracuda/GameState/BarracudaGameStateComponent.as,,identifier,Create
0x0234ec,144620,28,B,33,A_modules,Barracuda/GameState/BarracudaGameStateComponent.as,,identifier,UBarracudaGameStateComponent
0x023581,144769,5,B,10,A_modules,Barracuda/GameState/BarracudaGameStateComponent.as,,identifier,Actor
0x02358b,144779,8,B,13,A_modules,Barracuda/GameState/BarracudaGameStateComponent.as,,identifier,WithName
0x0235ac,144812,9,B,14,A_modules,Barracuda/GameState/BarracudaGameStateComponent.as,,default_arg_expr,NAME_None
0x02363e,144958,28,B,33,A_modules,Barracuda/GameState/BarracudaGameStateComponent.as,,identifier,UBarracudaGameStateComponent
0x02366b,145003,20,B,25,A_modules,Barracuda/GameState/BarracudaGameStateComponent.as,,identifier,NextDayNightSwapTime
0x023704,145156,26,B,31,A_modules,Barracuda/GameState/BarracudaGameStateComponent.as,,identifier,bDayNightTransitionEnabled
0x02379b,145307,10,B,15,A_modules,Barracuda/GameState/BarracudaGameStateComponent.as,,identifier,Structures
0x023822,145442,15,B,20,A_modules,Barracuda/GameState/BarracudaGameStateComponent.as,,identifier,MinionWaypoints
0x0238ae,145582,9,B,14,A_modules,Barracuda/GameState/BarracudaGameStateComponent.as,,identifier,ShopClass
0x023934,145716,4,B,9,A_modules,Barracuda/GameState/BarracudaGameStateComponent.as,,identifier,Shop
0x0239bd,145853,20,B,25,A_modules,Barracuda/GameState/BarracudaGameStateComponent.as,,identifier,DisabledSpawnerTypes
0x023a4e,145998,15,B,20,A_modules,Barracuda/GameState/BarracudaGameStateComponent.as,,identifier,BarracudaPhases
0x023ada,146138,17,B,22,A_modules,Barracuda/GameState/BarracudaGameStateComponent.as,,identifier,CurrentPhaseIndex
0x023b24,146212,15,B,20,A_modules,Barracuda/GameState/BarracudaGameStateComponent.as,,identifier,ReplicatedUsing
0x023b3c,146236,23,B,28,A_modules,Barracuda/GameState/BarracudaGameStateComponent.as,,identifier,OnRep_CurrentPhaseIndex
0x023ba0,146336,21,B,26,A_modules,Barracuda/GameState/BarracudaGameStateComponent.as,,identifier,CurrentPhaseStartTime
0x023c3a,146490,14,B,19,A_modules,Barracuda/GameState/BarracudaGameStateComponent.as,,identifier,TeamKillScores
0x023c81,146561,15,B,20,A_modules,Barracuda/GameState/BarracudaGameStateComponent.as,,identifier,ReplicatedUsing
0x023c99,146585,24,B,29,A_modules,Barracuda/GameState/BarracudaGameStateComponent.as,,identifier,OnRep_OnTeamKillsUpdated
0x023cfe,146686,18,B,23,A_modules,Barracuda/GameState/BarracudaGameStateComponent.as,,identifier,OnTeamKillsUpdated
0x023d8d,146829,16,B,21,A_modules,Barracuda/GameState/BarracudaGameStateComponent.as,,identifier,NumDragonsKilled
0x023dd6,146902,15,B,20,A_modules,Barracuda/GameState/BarracudaGameStateComponent.as,,identifier,ReplicatedUsing
0x023dee,146926,24,B,29,A_modules,Barracuda/GameState/BarracudaGameStateComponent.as,,identifier,OnRep_DragonKillsUpdated
0x023e53,147027,20,B,25,A_modules,Barracuda/GameState/BarracudaGameStateComponent.as,,identifier,OnDragonKillsUpdated
0x023ee8,147176,24,B,29,A_modules,Barracuda/GameState/BarracudaGameStateComponent.as,,identifier,OnRep_OnTeamKillsUpdated
0x023f9d,147357,24,B,29,A_modules,Barracuda/GameState/BarracudaGameStateComponent.as,,identifier,OnRep_OnTeamKillsUpdated
0x02400a,147466,24,B,29,A_modules,Barracuda/GameState/BarracudaGameStateComponent.as,,identifier,OnRep_DragonKillsUpdated
0x0240c3,147651,24,B,29,A_modules,Barracuda/GameState/BarracudaGameStateComponent.as,,identifier,OnRep_DragonKillsUpdated
0x024130,147760,28,B,33,A_modules,Barracuda/GameState/BarracudaGameStateComponent.as,,identifier,LokiBeginPlay_Implementation
0x024455,148565,13,B,18,A_modules,Barracuda/GameState/BarracudaGameStateComponent.as,,identifier,LokiBeginPlay
0x0244b7,148663,14,B,19,A_modules,Barracuda/GameState/BarracudaGameStateComponent.as,,identifier,OnPlayerKilled
0x02451e,148766,8,B,13,A_modules,Barracuda/GameState/BarracudaGameStateComponent.as,,identifier,KillData
0x024587,148871,14,B,19,A_modules,Barracuda/GameState/BarracudaGameStateComponent.as,,identifier,OnPlayerKilled
0x0245ea,148970,15,B,20,A_modules,Barracuda/GameState/BarracudaGameStateComponent.as,,identifier,UpdateTeamKills
0x02498e,149902,15,B,20,A_modules,Barracuda/GameState/BarracudaGameStateComponent.as,,identifier,UpdateTeamKills
0x0249f2,150002,19,B,24,A_modules,Barracuda/GameState/BarracudaGameStateComponent.as,,identifier,Tick_Implementation
0x024a5e,150110,12,B,17,A_modules,Barracuda/GameState/BarracudaGameStateComponent.as,,identifier,DeltaSeconds
0x024c4f,150607,4,B,9,A_modules,Barracuda/GameState/BarracudaGameStateComponent.as,,identifier,Tick
0x024ca8,150696,28,B,33,A_modules,Barracuda/GameState/BarracudaGameStateComponent.as,,identifier,AuthMoveToNextBarracudaPhase
0x024e39,151097,28,B,33,A_modules,Barracuda/GameState/BarracudaGameStateComponent.as,,identifier,AuthMoveToNextBarracudaPhase
0x024eaa,151210,23,B,28,A_modules,Barracuda/GameState/BarracudaGameStateComponent.as,,identifier,OnRep_CurrentPhaseIndex
0x024f1a,151322,18,B,23,A_modules,Barracuda/GameState/BarracudaGameStateComponent.as,,identifier,PreviousPhaseIndex
0x025005,151557,23,B,28,A_modules,Barracuda/GameState/BarracudaGameStateComponent.as,,identifier,OnRep_CurrentPhaseIndex
0x025071,151665,21,B,26,A_modules,Barracuda/GameState/BarracudaGameStateComponent.as,,identifier,EmitPhaseChangedEvent
0x0250df,151775,17,B,22,A_modules,Barracuda/GameState/BarracudaGameStateComponent.as,,identifier,PreviousPhaseType
0x025241,152129,21,B,26,A_modules,Barracuda/GameState/BarracudaGameStateComponent.as,,identifier,EmitPhaseChangedEvent
0x0252ab,152235,19,B,24,A_modules,Barracuda/GameState/BarracudaGameStateComponent.as,,identifier,GetRespawnStructure
0x025317,152343,9,B,14,A_modules,Barracuda/GameState/BarracudaGameStateComponent.as,,identifier,TeamIndex
0x025585,152965,19,B,24,A_modules,Barracuda/GameState/BarracudaGameStateComponent.as,,identifier,GetRespawnStructure
0x0255a1,152993,8,B,13,A_modules,Barracuda/GameState/BarracudaGameStateComponent.as,,identifier,Category
0x0255b2,153010,19,B,24,A_modules,Barracuda/GameState/BarracudaGameStateComponent.as,,other,Barracuda|GameState
0x025612,153106,28,B,33,A_modules,Barracuda/GameState/BarracudaGameStateComponent.as,,identifier,SecondsUntilNextDayNightSwap
0x02570f,153359,28,B,33,A_modules,Barracuda/GameState/BarracudaGameStateComponent.as,,identifier,SecondsUntilNextDayNightSwap
0x025780,153472,21,B,26,A_modules,Barracuda/GameState/BarracudaGameStateComponent.as,,identifier,AuthPlayPilotVOForAll
0x0257ee,153582,10,B,15,A_modules,Barracuda/GameState/BarracudaGameStateComponent.as,,identifier,PilotVOTag
0x025825,153637,2,A,6,A_modules,Barracuda/GameState/BarracudaGameStateComponent.as,0x26e7805b140,identifier,i
0x025885,153733,36,B,41,A_modules,Barracuda/GameState/BarracudaGameStateComponent.as,,identifier,AuthPlayPilotVOForAll_Implementation
0x025902,153858,10,B,15,A_modules,Barracuda/GameState/BarracudaGameStateComponent.as,,identifier,PilotVOTag
0x025971,153969,21,B,26,A_modules,Barracuda/GameState/BarracudaGameStateComponent.as,,identifier,AuthPlayPilotVOForAll
0x0259db,154075,16,B,21,A_modules,Barracuda/GameState/BarracudaGameStateComponent.as,,identifier,MultiPlayPilotVO
0x025a44,154180,10,B,15,A_modules,Barracuda/GameState/BarracudaGameStateComponent.as,,identifier,PilotVOTag
0x025a7b,154235,2,A,6,A_modules,Barracuda/GameState/BarracudaGameStateComponent.as,0x26e7805b140,identifier,j
0x025adb,154331,31,B,36,A_modules,Barracuda/GameState/BarracudaGameStateComponent.as,,identifier,MultiPlayPilotVO_Implementation
0x025b53,154451,10,B,15,A_modules,Barracuda/GameState/BarracudaGameStateComponent.as,,identifier,PilotVOTag
0x025c16,154646,16,B,21,A_modules,Barracuda/GameState/BarracudaGameStateComponent.as,,identifier,MultiPlayPilotVO
0x025c7b,154747,14,B,19,A_modules,Barracuda/GameState/BarracudaGameStateComponent.as,,internal_symbol,__InitDefaults
0x025dda,155098,28,B,33,A_modules,Barracuda/GameState/BarracudaGameStateComponent.as,,identifier,UBarracudaGameStateComponent
0x025fc7,155591,29,B,34,A_modules,Barracuda/GameState/BarracudaGameStateComponent.as,,other,~UBarracudaGameStateComponent
0x02610d,155917,15,B,20,A_modules,Barracuda/GameState/BarracudaGameStateComponent.as,,identifier,UActorComponent
0x026121,155937,29,B,34,A_modules,Barracuda/GameState/BarracudaGameStateComponent.as,,asset_path,/Script/Engine.ActorComponent
0x026163,156003,41,B,46,A_modules,Barracuda/GameState/BarracudaGameStateComponent.as,,statictype_alias,__StaticType_UBarracudaGameStateComponent
0x0261a1,156065,21,B,26,A_modules,Barracuda/GameState/BarracudaGameStateComponent.as,,identifier,FOnDragonKillsUpdated
0x0261c7,156103,6,B,11,A_modules,Barracuda/GameState/BarracudaGameStateComponent.as,,identifier,_Inner
0x026206,156166,8,B,13,A_modules,Barracuda/GameState/BarracudaGameStateComponent.as,,internal_symbol,opAssign
0x026267,156263,5,B,10,A_modules,Barracuda/GameState/BarracudaGameStateComponent.as,,identifier,Other
0x0262ed,156397,9,B,14,A_modules,Barracuda/GameState/BarracudaGameStateComponent.as,,identifier,Broadcast
0x02634f,156495,10,B,15,A_modules,Barracuda/GameState/BarracudaGameStateComponent.as,,identifier,NumDragons
0x02640a,156682,12,B,17,A_modules,Barracuda/GameState/BarracudaGameStateComponent.as,,identifier,AddUFunction
0x026493,156819,6,B,11,A_modules,Barracuda/GameState/BarracudaGameStateComponent.as,,identifier,Object
0x02649e,156830,12,B,17,A_modules,Barracuda/GameState/BarracudaGameStateComponent.as,,identifier,FunctionName
0x026553,157011,6,B,11,A_modules,Barracuda/GameState/BarracudaGameStateComponent.as,,identifier,Unbind
0x0265d6,157142,6,B,11,A_modules,Barracuda/GameState/BarracudaGameStateComponent.as,,identifier,Object
0x0265e1,157153,12,B,17,A_modules,Barracuda/GameState/BarracudaGameStateComponent.as,,identifier,FunctionName
0x02666a,157290,12,B,17,A_modules,Barracuda/GameState/BarracudaGameStateComponent.as,,identifier,UnbindObject
0x0266cf,157391,6,B,11,A_modules,Barracuda/GameState/BarracudaGameStateComponent.as,,identifier,Object
0x026746,157510,7,B,12,A_modules,Barracuda/GameState/BarracudaGameStateComponent.as,,identifier,IsBound
0x0267ea,157674,5,B,10,A_modules,Barracuda/GameState/BarracudaGameStateComponent.as,,identifier,Clear
0x02689c,157852,21,B,26,A_modules,Barracuda/GameState/BarracudaGameStateComponent.as,,identifier,FOnDragonKillsUpdated
0x026946,158022,21,B,26,A_modules,Barracuda/GameState/BarracudaGameStateComponent.as,,identifier,FOnDragonKillsUpdated
0x0269b4,158132,5,B,10,A_modules,Barracuda/GameState/BarracudaGameStateComponent.as,,identifier,Other
0x026a7a,158330,22,B,27,A_modules,Barracuda/GameState/BarracudaGameStateComponent.as,,other,~FOnDragonKillsUpdated
0x026b31,158513,19,B,24,A_modules,Barracuda/GameState/BarracudaGameStateComponent.as,,identifier,FOnTeamKillsUpdated
0x026b55,158549,6,B,11,A_modules,Barracuda/GameState/BarracudaGameStateComponent.as,,identifier,_Inner
0x026b94,158612,8,B,13,A_modules,Barracuda/GameState/BarracudaGameStateComponent.as,,internal_symbol,opAssign
0x026bf5,158709,5,B,10,A_modules,Barracuda/GameState/BarracudaGameStateComponent.as,,identifier,Other
0x026c7b,158843,9,B,14,A_modules,Barracuda/GameState/BarracudaGameStateComponent.as,,identifier,Broadcast
0x026cdd,158941,10,B,15,A_modules,Barracuda/GameState/BarracudaGameStateComponent.as,,identifier,KillScores
0x026da0,159136,12,B,17,A_modules,Barracuda/GameState/BarracudaGameStateComponent.as,,identifier,AddUFunction
0x026e29,159273,6,B,11,A_modules,Barracuda/GameState/BarracudaGameStateComponent.as,,identifier,Object
0x026e34,159284,12,B,17,A_modules,Barracuda/GameState/BarracudaGameStateComponent.as,,identifier,FunctionName
0x026ee9,159465,6,B,11,A_modules,Barracuda/GameState/BarracudaGameStateComponent.as,,identifier,Unbind
0x026f6c,159596,6,B,11,A_modules,Barracuda/GameState/BarracudaGameStateComponent.as,,identifier,Object
0x026f77,159607,12,B,17,A_modules,Barracuda/GameState/BarracudaGameStateComponent.as,,identifier,FunctionName
0x027000,159744,12,B,17,A_modules,Barracuda/GameState/BarracudaGameStateComponent.as,,identifier,UnbindObject
0x027065,159845,6,B,11,A_modules,Barracuda/GameState/BarracudaGameStateComponent.as,,identifier,Object
0x0270dc,159964,7,B,12,A_modules,Barracuda/GameState/BarracudaGameStateComponent.as,,identifier,IsBound
0x027180,160128,5,B,10,A_modules,Barracuda/GameState/BarracudaGameStateComponent.as,,identifier,Clear
0x027232,160306,19,B,24,A_modules,Barracuda/GameState/BarracudaGameStateComponent.as,,identifier,FOnTeamKillsUpdated
0x0272da,160474,19,B,24,A_modules,Barracuda/GameState/BarracudaGameStateComponent.as,,identifier,FOnTeamKillsUpdated
0x027346,160582,5,B,10,A_modules,Barracuda/GameState/BarracudaGameStateComponent.as,,identifier,Other
0x02740c,160780,20,B,25,A_modules,Barracuda/GameState/BarracudaGameStateComponent.as,,other,~FOnTeamKillsUpdated
0x0274c5,160965,1,B,6,A_modules,Barracuda/GameState/BarracudaGameStateComponent.as,,suspect_short,)
0x02753b,161083,21,B,26,A_modules,Barracuda/GameState/BarracudaGameStateComponent.as,,identifier,FOnDragonKillsUpdated
0x027555,161109,19,B,24,A_modules,Barracuda/GameState/BarracudaGameStateComponent.as,,identifier,FOnTeamKillsUpdated
0x027571,161137,50,B,55,A_modules,Barracuda/GameState/BarracudaGameStateComponent.as,,source_path,Barracuda/GameState/BarracudaGameStateComponent.as
0x0275ac,161196,46,A,50,A_modules,Barracuda/GameState/BarracudaGameStateGlobals.as,,dotted_name,Barracuda.GameState.BarracudaGameStateGlobals
0x0275de,161246,45,B,50,A_modules,Barracuda/GameState/BarracudaGameStateGlobals.as,,dotted_name,Barracuda.GameState.BarracudaGameStateGlobals
0x027614,161300,30,B,35,A_modules,Barracuda/GameState/BarracudaGameStateGlobals.as,,identifier,GetBarracudaGameStateComponent
0x027743,161603,30,B,35,A_modules,Barracuda/GameState/BarracudaGameStateGlobals.as,,identifier,GetBarracudaGameStateComponent
0x0277b6,161718,24,B,29,A_modules,Barracuda/GameState/BarracudaGameStateGlobals.as,,identifier,GetCurrentBarracudaPhase
0x02797f,162175,24,B,29,A_modules,Barracuda/GameState/BarracudaGameStateGlobals.as,,identifier,GetCurrentBarracudaPhase
0x0279ec,162284,28,B,33,A_modules,Barracuda/GameState/BarracudaGameStateGlobals.as,,identifier,GetCurrentBarracudaPhaseType
0x027afd,162557,28,B,33,A_modules,Barracuda/GameState/BarracudaGameStateGlobals.as,,identifier,GetCurrentBarracudaPhaseType
0x027b6e,162670,28,B,33,A_modules,Barracuda/GameState/BarracudaGameStateGlobals.as,,identifier,GetCurrentBarracudaPhaseTime
0x027caf,162991,28,B,33,A_modules,Barracuda/GameState/BarracudaGameStateGlobals.as,,identifier,GetCurrentBarracudaPhaseTime
0x027d20,163104,37,B,42,A_modules,Barracuda/GameState/BarracudaGameStateGlobals.as,,identifier,GetCurrentBarracudaPhaseTimeReminaing
0x027ed6,163542,1,B,6,A_modules,Barracuda/GameState/BarracudaGameStateGlobals.as,,suspect_short,%
0x027f70,163696,59,B,64,A_modules,Barracuda/GameState/BarracudaGameStateGlobals.as,,identifier,Module_Barracuda_GameState_BarracudaGameStateGlobalsStatics
0x027fb8,163768,48,B,53,A_modules,Barracuda/GameState/BarracudaGameStateGlobals.as,,source_path,Barracuda/GameState/BarracudaGameStateGlobals.as
0x027ff1,163825,39,A,43,A_modules,Barracuda/GameState/BarracudaTeamState.as,,dotted_name,Barracuda.GameState.BarracudaTeamState
0x02801c,163868,38,B,43,A_modules,Barracuda/GameState/BarracudaTeamState.as,,dotted_name,Barracuda.GameState.BarracudaTeamState
0x02804b,163915,19,B,24,A_modules,Barracuda/GameState/BarracudaTeamState.as,,identifier,ABarracudaTeamState
0x0280ff,164095,21,B,26,A_modules,Barracuda/GameState/BarracudaTeamState.as,,identifier,GetBarracudaTeamState
0x02816d,164205,9,B,14,A_modules,Barracuda/GameState/BarracudaTeamState.as,,identifier,TeamIndex
0x02820f,164367,1,B,6,A_modules,Barracuda/GameState/BarracudaTeamState.as,,identifier,J
0x0282a7,164519,21,B,26,A_modules,Barracuda/GameState/BarracudaTeamState.as,,identifier,GetBarracudaTeamState
0x028311,164625,11,B,16,A_modules,Barracuda/GameState/BarracudaTeamState.as,,identifier,StaticClass
0x028321,164641,19,B,24,A_modules,Barracuda/GameState/BarracudaTeamState.as,,identifier,ABarracudaTeamState
0x0283dd,164829,5,B,10,A_modules,Barracuda/GameState/BarracudaTeamState.as,,identifier,Spawn
0x0283e7,164839,19,B,24,A_modules,Barracuda/GameState/BarracudaTeamState.as,,identifier,ABarracudaTeamState
0x0284df,165087,8,B,13,A_modules,Barracuda/GameState/BarracudaTeamState.as,,identifier,Location
0x0284ec,165100,8,B,13,A_modules,Barracuda/GameState/BarracudaTeamState.as,,identifier,Rotation
0x0284f9,165113,4,B,9,A_modules,Barracuda/GameState/BarracudaTeamState.as,,identifier,Name
0x028502,165122,14,B,19,A_modules,Barracuda/GameState/BarracudaTeamState.as,,identifier,bDeferredSpawn
0x028515,165141,5,B,10,A_modules,Barracuda/GameState/BarracudaTeamState.as,,identifier,Level
0x02853b,165179,21,B,26,A_modules,Barracuda/GameState/BarracudaTeamState.as,,default_arg_expr,FVector :: ZeroVector
0x028555,165205,23,B,28,A_modules,Barracuda/GameState/BarracudaTeamState.as,,default_arg_expr,FRotator :: ZeroRotator
0x028571,165233,9,B,14,A_modules,Barracuda/GameState/BarracudaTeamState.as,,default_arg_expr,NAME_None
0x02857f,165247,5,B,10,A_modules,Barracuda/GameState/BarracudaTeamState.as,,default_arg_expr,false
0x028589,165257,7,B,12,A_modules,Barracuda/GameState/BarracudaTeamState.as,,default_arg_expr,nullptr
0x028625,165413,1,B,6,A_modules,Barracuda/GameState/BarracudaTeamState.as,,identifier,J
0x0286b5,165557,19,B,24,A_modules,Barracuda/GameState/BarracudaTeamState.as,,identifier,ABarracudaTeamState
0x0286dd,165597,14,B,19,A_modules,Barracuda/GameState/BarracudaTeamState.as,,internal_symbol,__InitDefaults
0x0287b8,165816,19,B,24,A_modules,Barracuda/GameState/BarracudaTeamState.as,,identifier,ABarracudaTeamState
0x0288ac,166060,14,B,19,A_modules,Barracuda/GameState/BarracudaTeamState.as,,identifier,ALokiTeamState
0x0288bf,166079,26,B,31,A_modules,Barracuda/GameState/BarracudaTeamState.as,,asset_path,/Script/Loki.LokiTeamState
0x0288fe,166142,32,B,37,A_modules,Barracuda/GameState/BarracudaTeamState.as,,statictype_alias,__StaticType_ABarracudaTeamState
0x028937,166199,1,B,6,A_modules,Barracuda/GameState/BarracudaTeamState.as,,suspect_short, 
0x02899c,166300,52,B,57,A_modules,Barracuda/GameState/BarracudaTeamState.as,,identifier,Module_Barracuda_GameState_BarracudaTeamStateStatics
0x0289dd,166365,41,B,46,A_modules,Barracuda/GameState/BarracudaTeamState.as,,source_path,Barracuda/GameState/BarracudaTeamState.as
0x028a0f,166415,48,A,52,A_modules,Barracuda/GameState/BarracudaTeamState_TeamOnly.as,,dotted_name,Barracuda.GameState.BarracudaTeamState_TeamOnly
0x028a43,166467,47,B,52,A_modules,Barracuda/GameState/BarracudaTeamState_TeamOnly.as,,dotted_name,Barracuda.GameState.BarracudaTeamState_TeamOnly
0x028a7b,166523,28,B,33,A_modules,Barracuda/GameState/BarracudaTeamState_TeamOnly.as,,identifier,ABarracudaTeamState_TeamOnly
0x028b38,166712,29,B,34,A_modules,Barracuda/GameState/BarracudaTeamState_TeamOnly.as,,identifier,GetBarracudaTeamStateTeamOnly
0x028bae,166830,9,B,14,A_modules,Barracuda/GameState/BarracudaTeamState_TeamOnly.as,,identifier,TeamIndex
0x028c40,166976,1,B,6,A_modules,Barracuda/GameState/BarracudaTeamState_TeamOnly.as,,identifier,J
0x028cd8,167128,29,B,34,A_modules,Barracuda/GameState/BarracudaTeamState_TeamOnly.as,,identifier,GetBarracudaTeamStateTeamOnly
0x028d4a,167242,11,B,16,A_modules,Barracuda/GameState/BarracudaTeamState_TeamOnly.as,,identifier,StaticClass
0x028d5a,167258,28,B,33,A_modules,Barracuda/GameState/BarracudaTeamState_TeamOnly.as,,identifier,ABarracudaTeamState_TeamOnly
0x028e0b,167435,4,B,9,A_modules,Barracuda/GameState/BarracudaTeamState_TeamOnly.as,,identifier,Eejr
0x028e1f,167455,5,B,10,A_modules,Barracuda/GameState/BarracudaTeamState_TeamOnly.as,,identifier,Spawn
0x028e29,167465,28,B,33,A_modules,Barracuda/GameState/BarracudaTeamState_TeamOnly.as,,identifier,ABarracudaTeamState_TeamOnly
0x028f2a,167722,8,B,13,A_modules,Barracuda/GameState/BarracudaTeamState_TeamOnly.as,,identifier,Location
0x028f37,167735,8,B,13,A_modules,Barracuda/GameState/BarracudaTeamState_TeamOnly.as,,identifier,Rotation
0x028f44,167748,4,B,9,A_modules,Barracuda/GameState/BarracudaTeamState_TeamOnly.as,,identifier,Name
0x028f4d,167757,14,B,19,A_modules,Barracuda/GameState/BarracudaTeamState_TeamOnly.as,,identifier,bDeferredSpawn
0x028f60,167776,5,B,10,A_modules,Barracuda/GameState/BarracudaTeamState_TeamOnly.as,,identifier,Level
0x028f86,167814,21,B,26,A_modules,Barracuda/GameState/BarracudaTeamState_TeamOnly.as,,default_arg_expr,FVector :: ZeroVector
0x028fa0,167840,23,B,28,A_modules,Barracuda/GameState/BarracudaTeamState_TeamOnly.as,,default_arg_expr,FRotator :: ZeroRotator
0x028fbc,167868,9,B,14,A_modules,Barracuda/GameState/BarracudaTeamState_TeamOnly.as,,default_arg_expr,NAME_None
0x028fca,167882,5,B,10,A_modules,Barracuda/GameState/BarracudaTeamState_TeamOnly.as,,default_arg_expr,false
0x028fd4,167892,7,B,12,A_modules,Barracuda/GameState/BarracudaTeamState_TeamOnly.as,,default_arg_expr,nullptr
0x029070,168048,1,B,6,A_modules,Barracuda/GameState/BarracudaTeamState_TeamOnly.as,,identifier,J
0x029100,168192,28,B,33,A_modules,Barracuda/GameState/BarracudaTeamState_TeamOnly.as,,identifier,ABarracudaTeamState_TeamOnly
0x02912d,168237,18,B,23,A_modules,Barracuda/GameState/BarracudaTeamState_TeamOnly.as,,identifier,SpawnerToSpawnTime
0x0291c0,168384,19,B,24,A_modules,Barracuda/GameState/BarracudaTeamState_TeamOnly.as,,identifier,SetSpawnerSpawnTime
0x029250,168528,7,B,12,A_modules,Barracuda/GameState/BarracudaTeamState_TeamOnly.as,,identifier,Spawner
0x02925c,168540,13,B,18,A_modules,Barracuda/GameState/BarracudaTeamState_TeamOnly.as,,identifier,NextSpawnTime
0x02934a,168778,19,B,24,A_modules,Barracuda/GameState/BarracudaTeamState_TeamOnly.as,,identifier,SetSpawnerSpawnTime
0x0293b2,168882,32,B,37,A_modules,Barracuda/GameState/BarracudaTeamState_TeamOnly.as,,identifier,NetMulticastSpawnerNextSpawnTime
0x02944f,169039,7,B,12,A_modules,Barracuda/GameState/BarracudaTeamState_TeamOnly.as,,identifier,Spawner
0x02945b,169051,13,B,18,A_modules,Barracuda/GameState/BarracudaTeamState_TeamOnly.as,,identifier,NextSpawnTime
0x0294b5,169141,2,A,6,A_modules,Barracuda/GameState/BarracudaTeamState_TeamOnly.as,0x26e77fcdb40,identifier,k
0x029515,169237,47,B,52,A_modules,Barracuda/GameState/BarracudaTeamState_TeamOnly.as,,identifier,NetMulticastSpawnerNextSpawnTime_Implementation
0x0295c1,169409,7,B,12,A_modules,Barracuda/GameState/BarracudaTeamState_TeamOnly.as,,identifier,Spawner
0x0295cd,169421,13,B,18,A_modules,Barracuda/GameState/BarracudaTeamState_TeamOnly.as,,identifier,NextSpawnTime
0x029653,169555,1,B,6,A_modules,Barracuda/GameState/BarracudaTeamState_TeamOnly.as,,suspect_short, 
0x0296f0,169712,28,B,33,A_modules,Barracuda/GameState/BarracudaTeamState_TeamOnly.as,,identifier,ABarracudaTeamState_TeamOnly
0x0297fd,169981,29,B,34,A_modules,Barracuda/GameState/BarracudaTeamState_TeamOnly.as,,other,~ABarracudaTeamState_TeamOnly
0x0298bb,170171,23,B,28,A_modules,Barracuda/GameState/BarracudaTeamState_TeamOnly.as,,identifier,ALokiTeamState_TeamOnly
0x0298d7,170199,35,B,40,A_modules,Barracuda/GameState/BarracudaTeamState_TeamOnly.as,,asset_path,/Script/Loki.LokiTeamState_TeamOnly
0x02991f,170271,41,B,46,A_modules,Barracuda/GameState/BarracudaTeamState_TeamOnly.as,,statictype_alias,__StaticType_ABarracudaTeamState_TeamOnly
0x029961,170337,1,B,6,A_modules,Barracuda/GameState/BarracudaTeamState_TeamOnly.as,,suspect_short,)
0x0299cf,170447,61,B,66,A_modules,Barracuda/GameState/BarracudaTeamState_TeamOnly.as,,identifier,Module_Barracuda_GameState_BarracudaTeamState_TeamOnlyStatics
0x029a19,170521,50,B,55,A_modules,Barracuda/GameState/BarracudaTeamState_TeamOnly.as,,source_path,Barracuda/GameState/BarracudaTeamState_TeamOnly.as
0x029a54,170580,43,A,47,A_modules,Barracuda/Minion/BarracudaLaneMinionConfig.as,,dotted_name,Barracuda.Minion.BarracudaLaneMinionConfig
0x029a83,170627,42,B,47,A_modules,Barracuda/Minion/BarracudaLaneMinionConfig.as,,dotted_name,Barracuda.Minion.BarracudaLaneMinionConfig
0x029aba,170682,26,B,31,A_modules,Barracuda/Minion/BarracudaLaneMinionConfig.as,,identifier,FBarracudaLaneMinionConfig
0x029ae5,170725,13,B,18,A_modules,Barracuda/Minion/BarracudaLaneMinionConfig.as,,identifier,GenericDamage
0x029b6f,170863,21,B,26,A_modules,Barracuda/Minion/BarracudaLaneMinionConfig.as,,identifier,AdditionalTowerDamage
0x029c01,171009,21,B,26,A_modules,Barracuda/Minion/BarracudaLaneMinionConfig.as,,identifier,ProjectileMaxDistance
0x029c93,171155,22,B,27,A_modules,Barracuda/Minion/BarracudaLaneMinionConfig.as,,identifier,ProjectileInitialSpeed
0x029d26,171302,28,B,33,A_modules,Barracuda/Minion/BarracudaLaneMinionConfig.as,,identifier,ProjectileHomingAcceleration
0x029ddb,171483,26,B,31,A_modules,Barracuda/Minion/BarracudaLaneMinionConfig.as,,identifier,FBarracudaLaneMinionConfig
0x029f96,171926,45,B,50,A_modules,Barracuda/Minion/BarracudaLaneMinionConfig.as,,source_path,Barracuda/Minion/BarracudaLaneMinionConfig.as
0x029fcc,171980,48,A,52,A_modules,Barracuda/Minion/BarracudaMinionRewardComponent.as,,dotted_name,Barracuda.Minion.BarracudaMinionRewardComponent
0x02a000,172032,47,B,52,A_modules,Barracuda/Minion/BarracudaMinionRewardComponent.as,,dotted_name,Barracuda.Minion.BarracudaMinionRewardComponent
0x02a038,172088,31,B,36,A_modules,Barracuda/Minion/BarracudaMinionRewardComponent.as,,identifier,UBarracudaMinionRewardComponent
0x02a0f8,172280,11,B,16,A_modules,Barracuda/Minion/BarracudaMinionRewardComponent.as,,identifier,StaticClass
0x02a108,172296,31,B,36,A_modules,Barracuda/Minion/BarracudaMinionRewardComponent.as,,identifier,UBarracudaMinionRewardComponent
0x02a1d0,172496,3,B,8,A_modules,Barracuda/Minion/BarracudaMinionRewardComponent.as,,identifier,Get
0x02a1d8,172504,31,B,36,A_modules,Barracuda/Minion/BarracudaMinionRewardComponent.as,,identifier,UBarracudaMinionRewardComponent
0x02a270,172656,5,B,10,A_modules,Barracuda/Minion/BarracudaMinionRewardComponent.as,,identifier,Actor
0x02a27a,172666,8,B,13,A_modules,Barracuda/Minion/BarracudaMinionRewardComponent.as,,identifier,WithName
0x02a29b,172699,9,B,14,A_modules,Barracuda/Minion/BarracudaMinionRewardComponent.as,,default_arg_expr,NAME_None
0x02a329,172841,11,B,16,A_modules,Barracuda/Minion/BarracudaMinionRewardComponent.as,,identifier,GetOrCreate
0x02a339,172857,31,B,36,A_modules,Barracuda/Minion/BarracudaMinionRewardComponent.as,,identifier,UBarracudaMinionRewardComponent
0x02a3d1,173009,5,B,10,A_modules,Barracuda/Minion/BarracudaMinionRewardComponent.as,,identifier,Actor
0x02a3db,173019,8,B,13,A_modules,Barracuda/Minion/BarracudaMinionRewardComponent.as,,identifier,WithName
0x02a3fc,173052,9,B,14,A_modules,Barracuda/Minion/BarracudaMinionRewardComponent.as,,default_arg_expr,NAME_None
0x02a48a,173194,6,B,11,A_modules,Barracuda/Minion/BarracudaMinionRewardComponent.as,,identifier,Create
0x02a495,173205,31,B,36,A_modules,Barracuda/Minion/BarracudaMinionRewardComponent.as,,identifier,UBarracudaMinionRewardComponent
0x02a52d,173357,5,B,10,A_modules,Barracuda/Minion/BarracudaMinionRewardComponent.as,,identifier,Actor
0x02a537,173367,8,B,13,A_modules,Barracuda/Minion/BarracudaMinionRewardComponent.as,,identifier,WithName
0x02a558,173400,9,B,14,A_modules,Barracuda/Minion/BarracudaMinionRewardComponent.as,,default_arg_expr,NAME_None
0x02a5ea,173546,31,B,36,A_modules,Barracuda/Minion/BarracudaMinionRewardComponent.as,,identifier,UBarracudaMinionRewardComponent
0x02a61a,173594,16,B,21,A_modules,Barracuda/Minion/BarracudaMinionRewardComponent.as,,identifier,GoldRewardMethod
0x02a6a7,173735,10,B,15,A_modules,Barracuda/Minion/BarracudaMinionRewardComponent.as,,identifier,bGrantLoot
0x02a72e,173870,16,B,21,A_modules,Barracuda/Minion/BarracudaMinionRewardComponent.as,,identifier,LastHitGoldBonus
0x02a7bf,174015,17,B,22,A_modules,Barracuda/Minion/BarracudaMinionRewardComponent.as,,identifier,DisableAllRewards
0x02a861,174177,17,B,22,A_modules,Barracuda/Minion/BarracudaMinionRewardComponent.as,,identifier,DisableAllRewards
0x02a8c7,174279,13,B,18,A_modules,Barracuda/Minion/BarracudaMinionRewardComponent.as,,identifier,GetGoldBounty
0x02a92d,174381,16,B,21,A_modules,Barracuda/Minion/BarracudaMinionRewardComponent.as,,identifier,KillerController
0x02a99a,174490,1,B,6,A_modules,Barracuda/Minion/BarracudaMinionRewardComponent.as,,identifier,J
0x02aaee,174830,13,B,18,A_modules,Barracuda/Minion/BarracudaMinionRewardComponent.as,,identifier,GetGoldBounty
0x02ab50,174928,11,B,16,A_modules,Barracuda/Minion/BarracudaMinionRewardComponent.as,,identifier,GetXPBounty
0x02abb4,175028,16,B,21,A_modules,Barracuda/Minion/BarracudaMinionRewardComponent.as,,identifier,KillerController
0x02ac21,175137,1,B,6,A_modules,Barracuda/Minion/BarracudaMinionRewardComponent.as,,identifier,J
0x02ad75,175477,11,B,16,A_modules,Barracuda/Minion/BarracudaMinionRewardComponent.as,,identifier,GetXPBounty
0x02add5,175573,20,B,25,A_modules,Barracuda/Minion/BarracudaMinionRewardComponent.as,,identifier,GetLastHitGoldBounty
0x02ae42,175682,16,B,21,A_modules,Barracuda/Minion/BarracudaMinionRewardComponent.as,,identifier,KillerController
0x02aeaf,175791,1,B,6,A_modules,Barracuda/Minion/BarracudaMinionRewardComponent.as,,identifier,J
0x02b003,176131,20,B,25,A_modules,Barracuda/Minion/BarracudaMinionRewardComponent.as,,identifier,GetLastHitGoldBounty
0x02b06c,176236,14,B,19,A_modules,Barracuda/Minion/BarracudaMinionRewardComponent.as,,internal_symbol,__InitDefaults
0x02b15f,176479,31,B,36,A_modules,Barracuda/Minion/BarracudaMinionRewardComponent.as,,identifier,UBarracudaMinionRewardComponent
0x02b25f,176735,15,B,20,A_modules,Barracuda/Minion/BarracudaMinionRewardComponent.as,,identifier,UActorComponent
0x02b273,176755,29,B,34,A_modules,Barracuda/Minion/BarracudaMinionRewardComponent.as,,asset_path,/Script/Engine.ActorComponent
0x02b2b5,176821,44,B,49,A_modules,Barracuda/Minion/BarracudaMinionRewardComponent.as,,statictype_alias,__StaticType_UBarracudaMinionRewardComponent
0x02b2ee,176878,15,B,20,A_modules,Barracuda/Minion/BarracudaMinionRewardComponent.as,,identifier,IsBlueprintBase
0x02b302,176898,13,B,18,A_modules,Barracuda/Minion/BarracudaMinionRewardComponent.as,,identifier,Blueprintable
0x02b318,176920,4,B,9,A_modules,Barracuda/Minion/BarracudaMinionRewardComponent.as,,default_arg_expr,true
0x02b321,176929,4,B,9,A_modules,Barracuda/Minion/BarracudaMinionRewardComponent.as,,default_arg_expr,true
0x02b32e,176942,1,B,6,A_modules,Barracuda/Minion/BarracudaMinionRewardComponent.as,,suspect_short, 
0x02b35f,176991,14,B,19,A_modules,Barracuda/Minion/BarracudaMinionRewardComponent.as,,identifier,LastHitterOnly
0x02b372,177010,26,B,31,A_modules,Barracuda/Minion/BarracudaMinionRewardComponent.as,,identifier,SplitBetweenLastHitterTeam
0x02b39d,177053,1,B,6,A_modules,Barracuda/Minion/BarracudaMinionRewardComponent.as,,suspect_short,","
0x02b41a,177178,50,B,55,A_modules,Barracuda/Minion/BarracudaMinionRewardComponent.as,,source_path,Barracuda/Minion/BarracudaMinionRewardComponent.as
0x02b455,177237,51,A,55,A_modules,Barracuda/Minion/Waypoints/BarracudaMinionWaypoint.as,,dotted_name,Barracuda.Minion.Waypoints.BarracudaMinionWaypoint
0x02b48c,177292,50,B,55,A_modules,Barracuda/Minion/Waypoints/BarracudaMinionWaypoint.as,,dotted_name,Barracuda.Minion.Waypoints.BarracudaMinionWaypoint
0x02b4c7,177351,24,B,29,A_modules,Barracuda/Minion/Waypoints/BarracudaMinionWaypoint.as,,identifier,ABarracudaMinionWaypoint
0x02b580,177536,11,B,16,A_modules,Barracuda/Minion/Waypoints/BarracudaMinionWaypoint.as,,identifier,StaticClass
0x02b590,177552,24,B,29,A_modules,Barracuda/Minion/Waypoints/BarracudaMinionWaypoint.as,,identifier,ABarracudaMinionWaypoint
0x02b651,177745,5,B,10,A_modules,Barracuda/Minion/Waypoints/BarracudaMinionWaypoint.as,,identifier,Spawn
0x02b65b,177755,24,B,29,A_modules,Barracuda/Minion/Waypoints/BarracudaMinionWaypoint.as,,identifier,ABarracudaMinionWaypoint
0x02b758,178008,8,B,13,A_modules,Barracuda/Minion/Waypoints/BarracudaMinionWaypoint.as,,identifier,Location
0x02b765,178021,8,B,13,A_modules,Barracuda/Minion/Waypoints/BarracudaMinionWaypoint.as,,identifier,Rotation
0x02b772,178034,4,B,9,A_modules,Barracuda/Minion/Waypoints/BarracudaMinionWaypoint.as,,identifier,Name
0x02b77b,178043,14,B,19,A_modules,Barracuda/Minion/Waypoints/BarracudaMinionWaypoint.as,,identifier,bDeferredSpawn
0x02b78e,178062,5,B,10,A_modules,Barracuda/Minion/Waypoints/BarracudaMinionWaypoint.as,,identifier,Level
0x02b7b4,178100,21,B,26,A_modules,Barracuda/Minion/Waypoints/BarracudaMinionWaypoint.as,,default_arg_expr,FVector :: ZeroVector
0x02b7ce,178126,23,B,28,A_modules,Barracuda/Minion/Waypoints/BarracudaMinionWaypoint.as,,default_arg_expr,FRotator :: ZeroRotator
0x02b7ea,178154,9,B,14,A_modules,Barracuda/Minion/Waypoints/BarracudaMinionWaypoint.as,,default_arg_expr,NAME_None
0x02b7f8,178168,5,B,10,A_modules,Barracuda/Minion/Waypoints/BarracudaMinionWaypoint.as,,default_arg_expr,false
0x02b802,178178,7,B,12,A_modules,Barracuda/Minion/Waypoints/BarracudaMinionWaypoint.as,,default_arg_expr,nullptr
0x02b89e,178334,1,B,6,A_modules,Barracuda/Minion/Waypoints/BarracudaMinionWaypoint.as,,identifier,J
0x02b92e,178478,24,B,29,A_modules,Barracuda/Minion/Waypoints/BarracudaMinionWaypoint.as,,identifier,ABarracudaMinionWaypoint
0x02b957,178519,16,B,21,A_modules,Barracuda/Minion/Waypoints/BarracudaMinionWaypoint.as,,identifier,InitialLaneIndex
0x02b9e4,178660,19,B,24,A_modules,Barracuda/Minion/Waypoints/BarracudaMinionWaypoint.as,,identifier,WaypointTowardTeam0
0x02ba74,178804,19,B,24,A_modules,Barracuda/Minion/Waypoints/BarracudaMinionWaypoint.as,,identifier,WaypointTowardTeam1
0x02bb04,178948,16,B,21,A_modules,Barracuda/Minion/Waypoints/BarracudaMinionWaypoint.as,,identifier,TriggerComponent
0x02bb4d,179021,18,B,23,A_modules,Barracuda/Minion/Waypoints/BarracudaMinionWaypoint.as,,identifier,EditInlineDefaults
0x02bb64,179044,16,B,21,A_modules,Barracuda/Minion/Waypoints/BarracudaMinionWaypoint.as,,identifier,DefaultComponent
0x02bb79,179065,13,B,18,A_modules,Barracuda/Minion/Waypoints/BarracudaMinionWaypoint.as,,identifier,RootComponent
0x02bb8f,179087,4,B,9,A_modules,Barracuda/Minion/Waypoints/BarracudaMinionWaypoint.as,,default_arg_expr,true
0x02bb98,179096,4,B,9,A_modules,Barracuda/Minion/Waypoints/BarracudaMinionWaypoint.as,,identifier,True
0x02bbe5,179173,13,B,18,A_modules,Barracuda/Minion/Waypoints/BarracudaMinionWaypoint.as,,identifier,LaneComponent
0x02bc2b,179243,18,B,23,A_modules,Barracuda/Minion/Waypoints/BarracudaMinionWaypoint.as,,identifier,EditInlineDefaults
0x02bc42,179266,16,B,21,A_modules,Barracuda/Minion/Waypoints/BarracudaMinionWaypoint.as,,identifier,DefaultComponent
0x02bc5b,179291,4,B,9,A_modules,Barracuda/Minion/Waypoints/BarracudaMinionWaypoint.as,,default_arg_expr,true
0x02bc64,179300,4,B,9,A_modules,Barracuda/Minion/Waypoints/BarracudaMinionWaypoint.as,,identifier,True
0x02bcb1,179377,28,B,33,A_modules,Barracuda/Minion/Waypoints/BarracudaMinionWaypoint.as,,identifier,LokiBeginPlay_Implementation
0x02be16,179734,2,A,6,A_modules,Barracuda/Minion/Waypoints/BarracudaMinionWaypoint.as,,suspect_short,+
0x02be4e,179790,13,B,18,A_modules,Barracuda/Minion/Waypoints/BarracudaMinionWaypoint.as,,identifier,LokiBeginPlay
0x02beb0,179888,20,B,25,A_modules,Barracuda/Minion/Waypoints/BarracudaMinionWaypoint.as,,identifier,HandleTriggerOverlap
0x02bfd1,180177,19,B,24,A_modules,Barracuda/Minion/Waypoints/BarracudaMinionWaypoint.as,,identifier,OverlappedComponent
0x02bfe9,180201,10,B,15,A_modules,Barracuda/Minion/Waypoints/BarracudaMinionWaypoint.as,,identifier,OtherActor
0x02bff8,180216,9,B,14,A_modules,Barracuda/Minion/Waypoints/BarracudaMinionWaypoint.as,,identifier,OtherComp
0x02c006,180230,14,B,19,A_modules,Barracuda/Minion/Waypoints/BarracudaMinionWaypoint.as,,identifier,OtherBodyIndex
0x02c019,180249,10,B,15,A_modules,Barracuda/Minion/Waypoints/BarracudaMinionWaypoint.as,,identifier,bFromSweep
0x02c028,180264,11,B,16,A_modules,Barracuda/Minion/Waypoints/BarracudaMinionWaypoint.as,,identifier,SweepResult
0x02c118,180504,20,B,25,A_modules,Barracuda/Minion/Waypoints/BarracudaMinionWaypoint.as,,identifier,HandleTriggerOverlap
0x02c181,180609,15,B,20,A_modules,Barracuda/Minion/Waypoints/BarracudaMinionWaypoint.as,,identifier,GetNextWaypoint
0x02c1e9,180713,5,B,10,A_modules,Barracuda/Minion/Waypoints/BarracudaMinionWaypoint.as,,identifier,Actor
0x02c2c3,180931,15,B,20,A_modules,Barracuda/Minion/Waypoints/BarracudaMinionWaypoint.as,,identifier,GetNextWaypoint
0x02c327,181031,14,B,19,A_modules,Barracuda/Minion/Waypoints/BarracudaMinionWaypoint.as,,internal_symbol,__InitDefaults
0x02c4ce,181454,2,A,6,A_modules,Barracuda/Minion/Waypoints/BarracudaMinionWaypoint.as,,suspect_short,*
0x02c52e,181550,24,B,29,A_modules,Barracuda/Minion/Waypoints/BarracudaMinionWaypoint.as,,identifier,ABarracudaMinionWaypoint
0x02c627,181799,6,B,11,A_modules,Barracuda/Minion/Waypoints/BarracudaMinionWaypoint.as,,identifier,AActor
0x02c632,181810,20,B,25,A_modules,Barracuda/Minion/Waypoints/BarracudaMinionWaypoint.as,,asset_path,/Script/Engine.Actor
0x02c66b,181867,37,B,42,A_modules,Barracuda/Minion/Waypoints/BarracudaMinionWaypoint.as,,statictype_alias,__StaticType_ABarracudaMinionWaypoint
0x02c69d,181917,15,B,20,A_modules,Barracuda/Minion/Waypoints/BarracudaMinionWaypoint.as,,identifier,IsBlueprintBase
0x02c6b1,181937,13,B,18,A_modules,Barracuda/Minion/Waypoints/BarracudaMinionWaypoint.as,,identifier,Blueprintable
0x02c6c7,181959,4,B,9,A_modules,Barracuda/Minion/Waypoints/BarracudaMinionWaypoint.as,,default_arg_expr,true
0x02c6d0,181968,4,B,9,A_modules,Barracuda/Minion/Waypoints/BarracudaMinionWaypoint.as,,default_arg_expr,true
0x02c6e1,181985,1,B,6,A_modules,Barracuda/Minion/Waypoints/BarracudaMinionWaypoint.as,,suspect_short,%
0x02c757,182103,53,B,58,A_modules,Barracuda/Minion/Waypoints/BarracudaMinionWaypoint.as,,source_path,Barracuda/Minion/Waypoints/BarracudaMinionWaypoint.as
0x02c795,182165,68,A,72,A_modules,Barracuda/Minion/Waypoints/BarracudaMinionWaypointFollowerComponent.as,,dotted_name,Barracuda.Minion.Waypoints.BarracudaMinionWaypointFollowerComponent
0x02c7dd,182237,67,B,72,A_modules,Barracuda/Minion/Waypoints/BarracudaMinionWaypointFollowerComponent.as,,dotted_name,Barracuda.Minion.Waypoints.BarracudaMinionWaypointFollowerComponent
0x02c829,182313,41,B,46,A_modules,Barracuda/Minion/Waypoints/BarracudaMinionWaypointFollowerComponent.as,,identifier,UBarracudaMinionWaypointFollowerComponent
0x02c8f3,182515,11,B,16,A_modules,Barracuda/Minion/Waypoints/BarracudaMinionWaypointFollowerComponent.as,,identifier,StaticClass
0x02c903,182531,41,B,46,A_modules,Barracuda/Minion/Waypoints/BarracudaMinionWaypointFollowerComponent.as,,identifier,UBarracudaMinionWaypointFollowerComponent
0x02c9d5,182741,3,B,8,A_modules,Barracuda/Minion/Waypoints/BarracudaMinionWaypointFollowerComponent.as,,identifier,Get
0x02c9dd,182749,41,B,46,A_modules,Barracuda/Minion/Waypoints/BarracudaMinionWaypointFollowerComponent.as,,identifier,UBarracudaMinionWaypointFollowerComponent
0x02ca7f,182911,5,B,10,A_modules,Barracuda/Minion/Waypoints/BarracudaMinionWaypointFollowerComponent.as,,identifier,Actor
0x02ca89,182921,8,B,13,A_modules,Barracuda/Minion/Waypoints/BarracudaMinionWaypointFollowerComponent.as,,identifier,WithName
0x02caaa,182954,9,B,14,A_modules,Barracuda/Minion/Waypoints/BarracudaMinionWaypointFollowerComponent.as,,default_arg_expr,NAME_None
0x02cb38,183096,11,B,16,A_modules,Barracuda/Minion/Waypoints/BarracudaMinionWaypointFollowerComponent.as,,identifier,GetOrCreate
0x02cb48,183112,41,B,46,A_modules,Barracuda/Minion/Waypoints/BarracudaMinionWaypointFollowerComponent.as,,identifier,UBarracudaMinionWaypointFollowerComponent
0x02cbea,183274,5,B,10,A_modules,Barracuda/Minion/Waypoints/BarracudaMinionWaypointFollowerComponent.as,,identifier,Actor
0x02cbf4,183284,8,B,13,A_modules,Barracuda/Minion/Waypoints/BarracudaMinionWaypointFollowerComponent.as,,identifier,WithName
0x02cc15,183317,9,B,14,A_modules,Barracuda/Minion/Waypoints/BarracudaMinionWaypointFollowerComponent.as,,default_arg_expr,NAME_None
0x02cca3,183459,6,B,11,A_modules,Barracuda/Minion/Waypoints/BarracudaMinionWaypointFollowerComponent.as,,identifier,Create
0x02ccae,183470,41,B,46,A_modules,Barracuda/Minion/Waypoints/BarracudaMinionWaypointFollowerComponent.as,,identifier,UBarracudaMinionWaypointFollowerComponent
0x02cd50,183632,5,B,10,A_modules,Barracuda/Minion/Waypoints/BarracudaMinionWaypointFollowerComponent.as,,identifier,Actor
0x02cd5a,183642,8,B,13,A_modules,Barracuda/Minion/Waypoints/BarracudaMinionWaypointFollowerComponent.as,,identifier,WithName
0x02cd7b,183675,9,B,14,A_modules,Barracuda/Minion/Waypoints/BarracudaMinionWaypointFollowerComponent.as,,default_arg_expr,NAME_None
0x02ce09,183817,1,B,6,A_modules,Barracuda/Minion/Waypoints/BarracudaMinionWaypointFollowerComponent.as,,suspect_short,)
0x02ce47,183879,16,B,21,A_modules,Barracuda/Minion/Waypoints/BarracudaMinionWaypointFollowerComponent.as,,identifier,LastWaypointTime
0x02ced4,184020,10,B,15,A_modules,Barracuda/Minion/Waypoints/BarracudaMinionWaypointFollowerComponent.as,,identifier,bDrawDebug
0x02cf5b,184155,37,B,42,A_modules,Barracuda/Minion/Waypoints/BarracudaMinionWaypointFollowerComponent.as,,identifier,DebugDrawPathDurationWarningThreshold
0x02cffd,184317,35,B,40,A_modules,Barracuda/Minion/Waypoints/BarracudaMinionWaypointFollowerComponent.as,,identifier,DebugDrawPathDurationErrorThreshold
0x02d09d,184477,15,B,20,A_modules,Barracuda/Minion/Waypoints/BarracudaMinionWaypointFollowerComponent.as,,identifier,CurrentWaypoint
0x02d129,184617,12,B,17,A_modules,Barracuda/Minion/Waypoints/BarracudaMinionWaypointFollowerComponent.as,,identifier,LastWaypoint
0x02d1b2,184754,14,B,19,A_modules,Barracuda/Minion/Waypoints/BarracudaMinionWaypointFollowerComponent.as,,identifier,LastCombatTime
0x02d23d,184893,14,B,19,A_modules,Barracuda/Minion/Waypoints/BarracudaMinionWaypointFollowerComponent.as,,identifier,CachedLocation
0x02d2c8,185032,32,B,37,A_modules,Barracuda/Minion/Waypoints/BarracudaMinionWaypointFollowerComponent.as,,identifier,TimeFirstArrivedAtCachedLocation
0x02d369,185193,28,B,33,A_modules,Barracuda/Minion/Waypoints/BarracudaMinionWaypointFollowerComponent.as,,identifier,LokiBeginPlay_Implementation
0x02d49e,185502,13,B,18,A_modules,Barracuda/Minion/Waypoints/BarracudaMinionWaypointFollowerComponent.as,,identifier,LokiBeginPlay
0x02d500,185600,19,B,24,A_modules,Barracuda/Minion/Waypoints/BarracudaMinionWaypointFollowerComponent.as,,identifier,Tick_Implementation
0x02d56c,185708,12,B,17,A_modules,Barracuda/Minion/Waypoints/BarracudaMinionWaypointFollowerComponent.as,,identifier,DeltaSeconds
0x02da65,186981,4,B,9,A_modules,Barracuda/Minion/Waypoints/BarracudaMinionWaypointFollowerComponent.as,,identifier,Tick
0x02dabe,187070,18,B,23,A_modules,Barracuda/Minion/Waypoints/BarracudaMinionWaypointFollowerComponent.as,,identifier,HasCurrentWaypoint
0x02db7d,187261,35,B,40,A_modules,Barracuda/Minion/Waypoints/BarracudaMinionWaypointFollowerComponent.as,,identifier,GetTargetLocationForCurrentWaypoint
0x02ddfd,187901,15,B,20,A_modules,Barracuda/Minion/Waypoints/BarracudaMinionWaypointFollowerComponent.as,,identifier,ReachedWaypoint
0x02de65,188005,8,B,13,A_modules,Barracuda/Minion/Waypoints/BarracudaMinionWaypointFollowerComponent.as,,identifier,Waypoint
0x02df9a,188314,18,B,23,A_modules,Barracuda/Minion/Waypoints/BarracudaMinionWaypointFollowerComponent.as,,identifier,GetInitialWaypoint
0x02e461,189537,18,B,23,A_modules,Barracuda/Minion/Waypoints/BarracudaMinionWaypointFollowerComponent.as,,identifier,GetInitialWaypoint
0x02e4c8,189640,7,B,12,A_modules,Barracuda/Minion/Waypoints/BarracudaMinionWaypointFollowerComponent.as,,identifier,IsStuck
0x02e5e0,189920,1,B,6,A_modules,Barracuda/Minion/Waypoints/BarracudaMinionWaypointFollowerComponent.as,,identifier,J
0x02e69c,190108,1,B,6,A_modules,Barracuda/Minion/Waypoints/BarracudaMinionWaypointFollowerComponent.as,,identifier,P
0x02e6c0,190144,2,A,6,A_modules,Barracuda/Minion/Waypoints/BarracudaMinionWaypointFollowerComponent.as,,identifier,P
0x02e6dc,190172,1,B,6,A_modules,Barracuda/Minion/Waypoints/BarracudaMinionWaypointFollowerComponent.as,,identifier,R
0x02e760,190304,1,B,6,A_modules,Barracuda/Minion/Waypoints/BarracudaMinionWaypointFollowerComponent.as,,identifier,R
0x02e844,190532,9,B,14,A_modules,Barracuda/Minion/Waypoints/BarracudaMinionWaypointFollowerComponent.as,,identifier,TryRescue
0x02e926,190758,1,B,6,A_modules,Barracuda/Minion/Waypoints/BarracudaMinionWaypointFollowerComponent.as,,identifier,P
0x02e986,190854,1,B,6,A_modules,Barracuda/Minion/Waypoints/BarracudaMinionWaypointFollowerComponent.as,,identifier,P
0x02ebca,191434,14,B,19,A_modules,Barracuda/Minion/Waypoints/BarracudaMinionWaypointFollowerComponent.as,,internal_symbol,__InitDefaults
0x02ed3d,191805,1,B,6,A_modules,Barracuda/Minion/Waypoints/BarracudaMinionWaypointFollowerComponent.as,0x26e76c63400,suspect_short,)
0x02eeab,192171,15,B,20,A_modules,Barracuda/Minion/Waypoints/BarracudaMinionWaypointFollowerComponent.as,,identifier,UActorComponent
0x02eebf,192191,29,B,34,A_modules,Barracuda/Minion/Waypoints/BarracudaMinionWaypointFollowerComponent.as,,asset_path,/Script/Engine.ActorComponent
0x02ef01,192257,54,B,59,A_modules,Barracuda/Minion/Waypoints/BarracudaMinionWaypointFollowerComponent.as,,statictype_alias,__StaticType_UBarracudaMinionWaypointFollowerComponent
0x02ef50,192336,1,B,6,A_modules,Barracuda/Minion/Waypoints/BarracudaMinionWaypointFollowerComponent.as,,suspect_short,6
0x02efd7,192471,70,B,75,A_modules,Barracuda/Minion/Waypoints/BarracudaMinionWaypointFollowerComponent.as,,source_path,Barracuda/Minion/Waypoints/BarracudaMinionWaypointFollowerComponent.as
0x02f026,192550,58,A,62,A_modules,Barracuda/Minion/Waypoints/BTService_UpdateMinionWaypoint.as,,dotted_name,Barracuda.Minion.Waypoints.BTService_UpdateMinionWaypoint
0x02f064,192612,57,B,62,A_modules,Barracuda/Minion/Waypoints/BTService_UpdateMinionWaypoint.as,,dotted_name,Barracuda.Minion.Waypoints.BTService_UpdateMinionWaypoint
0x02f0a2,192674,2,A,6,A_modules,Barracuda/Minion/Waypoints/BTService_UpdateMinionWaypoint.as,,suspect_short,(
0x02f16f,192879,11,B,16,A_modules,Barracuda/Minion/Waypoints/BTService_UpdateMinionWaypoint.as,,identifier,StaticClass
0x02f17f,192895,40,B,45,A_modules,Barracuda/Minion/Waypoints/BTService_UpdateMinionWaypoint.as,,identifier,UBTService_BarracudaUpdateMinionWaypoint
0x02f250,193104,1,B,6,A_modules,Barracuda/Minion/Waypoints/BTService_UpdateMinionWaypoint.as,,suspect_short,(
0x02f28d,193165,19,B,24,A_modules,Barracuda/Minion/Waypoints/BTService_UpdateMinionWaypoint.as,,identifier,WaypointLocationKey
0x02f321,193313,21,B,26,A_modules,Barracuda/Minion/Waypoints/BTService_UpdateMinionWaypoint.as,,identifier,TickAI_Implementation
0x02f3d7,193495,15,B,20,A_modules,Barracuda/Minion/Waypoints/BTService_UpdateMinionWaypoint.as,,identifier,OwnerController
0x02f3eb,193515,14,B,19,A_modules,Barracuda/Minion/Waypoints/BTService_UpdateMinionWaypoint.as,,identifier,ControlledPawn
0x02f3fe,193534,12,B,17,A_modules,Barracuda/Minion/Waypoints/BTService_UpdateMinionWaypoint.as,,identifier,DeltaSeconds
0x02f5bb,193979,6,B,11,A_modules,Barracuda/Minion/Waypoints/BTService_UpdateMinionWaypoint.as,,identifier,TickAI
0x02f616,194070,14,B,19,A_modules,Barracuda/Minion/Waypoints/BTService_UpdateMinionWaypoint.as,,internal_symbol,__InitDefaults
0x02f6e5,194277,1,B,6,A_modules,Barracuda/Minion/Waypoints/BTService_UpdateMinionWaypoint.as,0x26e76cca000,suspect_short,(
0x02f7fe,194558,1,B,6,A_modules,Barracuda/Minion/Waypoints/BTService_UpdateMinionWaypoint.as,,suspect_short,)
0x02f8cc,194764,24,B,29,A_modules,Barracuda/Minion/Waypoints/BTService_UpdateMinionWaypoint.as,,identifier,UBTService_BlueprintBase
0x02f8e9,194793,40,B,45,A_modules,Barracuda/Minion/Waypoints/BTService_UpdateMinionWaypoint.as,,asset_path,/Script/AIModule.BTService_BlueprintBase
0x02f936,194870,53,B,58,A_modules,Barracuda/Minion/Waypoints/BTService_UpdateMinionWaypoint.as,,statictype_alias,__StaticType_UBTService_BarracudaUpdateMinionWaypoint
0x02f984,194948,1,B,6,A_modules,Barracuda/Minion/Waypoints/BTService_UpdateMinionWaypoint.as,,suspect_short,5
0x02fa0a,195082,60,B,65,A_modules,Barracuda/Minion/Waypoints/BTService_UpdateMinionWaypoint.as,,source_path,Barracuda/Minion/Waypoints/BTService_UpdateMinionWaypoint.as
0x02fa4f,195151,29,A,33,A_modules,Barracuda/Shop/BarracudaShop.as,,dotted_name,Barracuda.Shop.BarracudaShop
0x02fa70,195184,28,B,33,A_modules,Barracuda/Shop/BarracudaShop.as,,dotted_name,Barracuda.Shop.BarracudaShop
0x02fa95,195221,27,B,32,A_modules,Barracuda/Shop/BarracudaShop.as,,identifier,UBarracudaShopItemGraphNode
0x02fb51,195409,14,B,19,A_modules,Barracuda/Shop/BarracudaShop.as,,identifier,ABarracudaShop
0x02fc00,195584,16,B,21,A_modules,Barracuda/Shop/BarracudaShop.as,,identifier,GetBarracudaShop
0x02fd09,195849,16,B,21,A_modules,Barracuda/Shop/BarracudaShop.as,,identifier,GetBarracudaShop
0x02fd6e,195950,11,B,16,A_modules,Barracuda/Shop/BarracudaShop.as,,identifier,StaticClass
0x02fd7e,195966,27,B,32,A_modules,Barracuda/Shop/BarracudaShop.as,,identifier,UBarracudaShopItemGraphNode
0x02fe42,196162,11,B,16,A_modules,Barracuda/Shop/BarracudaShop.as,,identifier,StaticClass
0x02fe52,196178,14,B,19,A_modules,Barracuda/Shop/BarracudaShop.as,,identifier,ABarracudaShop
0x02ff09,196361,5,B,10,A_modules,Barracuda/Shop/BarracudaShop.as,,identifier,Spawn
0x02ff13,196371,14,B,19,A_modules,Barracuda/Shop/BarracudaShop.as,,identifier,ABarracudaShop
0x030006,196614,8,B,13,A_modules,Barracuda/Shop/BarracudaShop.as,,identifier,Location
0x030013,196627,8,B,13,A_modules,Barracuda/Shop/BarracudaShop.as,,identifier,Rotation
0x030020,196640,4,B,9,A_modules,Barracuda/Shop/BarracudaShop.as,,identifier,Name
0x030029,196649,14,B,19,A_modules,Barracuda/Shop/BarracudaShop.as,,identifier,bDeferredSpawn
0x03003c,196668,5,B,10,A_modules,Barracuda/Shop/BarracudaShop.as,,identifier,Level
0x030062,196706,21,B,26,A_modules,Barracuda/Shop/BarracudaShop.as,,default_arg_expr,FVector :: ZeroVector
0x03007c,196732,23,B,28,A_modules,Barracuda/Shop/BarracudaShop.as,,default_arg_expr,FRotator :: ZeroRotator
0x030098,196760,9,B,14,A_modules,Barracuda/Shop/BarracudaShop.as,,default_arg_expr,NAME_None
0x0300a6,196774,5,B,10,A_modules,Barracuda/Shop/BarracudaShop.as,,default_arg_expr,false
0x0300b0,196784,7,B,12,A_modules,Barracuda/Shop/BarracudaShop.as,,default_arg_expr,nullptr
0x03014c,196940,1,B,6,A_modules,Barracuda/Shop/BarracudaShop.as,,identifier,J
0x0301dc,197084,27,B,32,A_modules,Barracuda/Shop/BarracudaShop.as,,identifier,UBarracudaShopItemGraphNode
0x030208,197128,4,B,9,A_modules,Barracuda/Shop/BarracudaShop.as,,identifier,Item
0x030289,197257,10,B,15,A_modules,Barracuda/Shop/BarracudaShop.as,,identifier,RecipeCost
0x030310,197392,9,B,14,A_modules,Barracuda/Shop/BarracudaShop.as,,identifier,TotalCost
0x030396,197526,6,B,11,A_modules,Barracuda/Shop/BarracudaShop.as,,identifier,Inputs
0x030419,197657,7,B,12,A_modules,Barracuda/Shop/BarracudaShop.as,,identifier,Outputs
0x03049d,197789,13,B,18,A_modules,Barracuda/Shop/BarracudaShop.as,,identifier,bHasTotalCost
0x030543,197955,27,B,32,A_modules,Barracuda/Shop/BarracudaShop.as,,identifier,UBarracudaShopItemGraphNode
0x0306bb,198331,28,B,33,A_modules,Barracuda/Shop/BarracudaShop.as,,other,~UBarracudaShopItemGraphNode
0x030790,198544,7,B,12,A_modules,Barracuda/Shop/BarracudaShop.as,,identifier,UObject
0x03079c,198556,26,B,31,A_modules,Barracuda/Shop/BarracudaShop.as,,asset_path,/Script/CoreUObject.Object
0x0307db,198619,40,B,45,A_modules,Barracuda/Shop/BarracudaShop.as,,statictype_alias,__StaticType_UBarracudaShopItemGraphNode
0x030818,198680,26,B,31,A_modules,Barracuda/Shop/BarracudaShop.as,,identifier,FBarracudaShopPurchasePlan
0x030843,198723,4,B,9,A_modules,Barracuda/Shop/BarracudaShop.as,,identifier,Gold
0x0308c4,198852,14,B,19,A_modules,Barracuda/Shop/BarracudaShop.as,,identifier,ItemsToConsume
0x03096b,199019,26,B,31,A_modules,Barracuda/Shop/BarracudaShop.as,,identifier,FBarracudaShopPurchasePlan
0x030a72,199282,27,B,32,A_modules,Barracuda/Shop/BarracudaShop.as,,other,~FBarracudaShopPurchasePlan
0x030b6a,199530,14,B,19,A_modules,Barracuda/Shop/BarracudaShop.as,,identifier,ABarracudaShop
0x030b89,199561,20,B,25,A_modules,Barracuda/Shop/BarracudaShop.as,,identifier,SellValueCoefficient
0x030c1a,199706,14,B,19,A_modules,Barracuda/Shop/BarracudaShop.as,,identifier,ItemLootTables
0x030ca5,199845,14,B,19,A_modules,Barracuda/Shop/BarracudaShop.as,,identifier,ItemGraphNodes
0x030d30,199984,22,B,27,A_modules,Barracuda/Shop/BarracudaShop.as,,identifier,ClientNameFilterString
0x030dc3,200131,16,B,21,A_modules,Barracuda/Shop/BarracudaShop.as,,identifier,ClientTagFilters
0x030e50,200272,18,B,23,A_modules,Barracuda/Shop/BarracudaShop.as,,identifier,ClientCurrentFocus
0x030edf,200415,8,B,13,A_modules,Barracuda/Shop/BarracudaShop.as,,identifier,AllItems
0x030f1c,200476,14,B,19,A_modules,Barracuda/Shop/BarracudaShop.as,,identifier,bDebugLogGraph
0x030f63,200547,28,B,33,A_modules,Barracuda/Shop/BarracudaShop.as,,identifier,LokiBeginPlay_Implementation
0x0313d0,201680,13,B,18,A_modules,Barracuda/Shop/BarracudaShop.as,,identifier,LokiBeginPlay
0x031432,201778,16,B,21,A_modules,Barracuda/Shop/BarracudaShop.as,,identifier,GetItemTotalCost
0x03149b,201883,4,B,9,A_modules,Barracuda/Shop/BarracudaShop.as,,identifier,Item
0x03150c,201996,16,B,21,A_modules,Barracuda/Shop/BarracudaShop.as,,identifier,GetItemTotalCost
0x031571,202097,16,B,21,A_modules,Barracuda/Shop/BarracudaShop.as,,identifier,GetItemSellValue
0x0315da,202202,4,B,9,A_modules,Barracuda/Shop/BarracudaShop.as,,identifier,Item
0x03167b,202363,16,B,21,A_modules,Barracuda/Shop/BarracudaShop.as,,identifier,GetItemSellValue
0x0316e0,202464,18,B,23,A_modules,Barracuda/Shop/BarracudaShop.as,,identifier,GetIncrementalCost
0x03174b,202571,4,B,9,A_modules,Barracuda/Shop/BarracudaShop.as,,identifier,Item
0x031830,202800,18,B,23,A_modules,Barracuda/Shop/BarracudaShop.as,,identifier,GetIncrementalCost
0x031897,202903,11,B,16,A_modules,Barracuda/Shop/BarracudaShop.as,,identifier,AuthBuyItem
0x03191f,203039,11,B,16,A_modules,Barracuda/Shop/BarracudaShop.as,,identifier,PlayerState
0x03192f,203055,9,B,14,A_modules,Barracuda/Shop/BarracudaShop.as,,identifier,ItemClass
0x031a85,203397,11,B,16,A_modules,Barracuda/Shop/BarracudaShop.as,,identifier,AuthBuyItem
0x031ae5,203493,12,B,17,A_modules,Barracuda/Shop/BarracudaShop.as,,identifier,AuthSellItem
0x031b6e,203630,11,B,16,A_modules,Barracuda/Shop/BarracudaShop.as,,identifier,PlayerState
0x031b7e,203646,4,B,9,A_modules,Barracuda/Shop/BarracudaShop.as,,identifier,Item
0x031dab,204203,12,B,17,A_modules,Barracuda/Shop/BarracudaShop.as,,identifier,AuthSellItem
0x031e0c,204300,14,B,19,A_modules,Barracuda/Shop/BarracudaShop.as,,identifier,GetOutputItems
0x031e73,204403,9,B,14,A_modules,Barracuda/Shop/BarracudaShop.as,,identifier,ItemClass
0x032071,204913,14,B,19,A_modules,Barracuda/Shop/BarracudaShop.as,,identifier,GetOutputItems
0x0320d4,205012,15,B,20,A_modules,Barracuda/Shop/BarracudaShop.as,,identifier,GetAllShopItems
0x032378,205688,15,B,20,A_modules,Barracuda/Shop/BarracudaShop.as,,identifier,GetAllShopItems
0x0323dc,205788,10,B,15,A_modules,Barracuda/Shop/BarracudaShop.as,,identifier,BuildGraph
0x0325a7,206247,1,B,6,A_modules,Barracuda/Shop/BarracudaShop.as,,identifier,J
0x032ad7,207575,30,B,35,A_modules,Barracuda/Shop/BarracudaShop.as,,identifier,CalculateTotalCostsForAllItems
0x032c4e,207950,22,B,27,A_modules,Barracuda/Shop/BarracudaShop.as,,identifier,CalculateItemTotalCost
0x032cbd,208061,4,B,9,A_modules,Barracuda/Shop/BarracudaShop.as,,identifier,Node
0x032ec2,208578,24,B,29,A_modules,Barracuda/Shop/BarracudaShop.as,,identifier,GetOrCreateItemGraphNode
0x032f33,208691,9,B,14,A_modules,Barracuda/Shop/BarracudaShop.as,,identifier,ItemClass
0x033009,208905,1,B,6,A_modules,Barracuda/Shop/BarracudaShop.as,,identifier,J
0x033171,209265,13,B,18,A_modules,Barracuda/Shop/BarracudaShop.as,,identifier,DebugLogGraph
0x033407,209927,14,B,19,A_modules,Barracuda/Shop/BarracudaShop.as,,identifier,DebugPrintNode
0x033492,210066,4,B,9,A_modules,Barracuda/Shop/BarracudaShop.as,,identifier,Node
0x03349b,210075,11,B,16,A_modules,Barracuda/Shop/BarracudaShop.as,,identifier,Indentation
0x0338d7,211159,22,B,27,A_modules,Barracuda/Shop/BarracudaShop.as,,identifier,BroadcastFilterUpdated
0x033a3a,211514,14,B,19,A_modules,Barracuda/Shop/BarracudaShop.as,,identifier,OnFilterByName
0x033ac5,211653,5,B,10,A_modules,Barracuda/Shop/BarracudaShop.as,,identifier,Event
0x033acf,211663,7,B,12,A_modules,Barracuda/Shop/BarracudaShop.as,,identifier,Context
0x033b63,211811,14,B,19,A_modules,Barracuda/Shop/BarracudaShop.as,,identifier,OnFilterByName
0x033bc6,211910,14,B,19,A_modules,Barracuda/Shop/BarracudaShop.as,,identifier,OnResetFilters
0x033c51,212049,5,B,10,A_modules,Barracuda/Shop/BarracudaShop.as,,identifier,Event
0x033c5b,212059,7,B,12,A_modules,Barracuda/Shop/BarracudaShop.as,,identifier,Context
0x033d0f,212239,14,B,19,A_modules,Barracuda/Shop/BarracudaShop.as,,identifier,OnResetFilters
0x033d72,212338,17,B,22,A_modules,Barracuda/Shop/BarracudaShop.as,,identifier,OnFilterToggleTag
0x033e00,212480,5,B,10,A_modules,Barracuda/Shop/BarracudaShop.as,,identifier,Event
0x033e0a,212490,7,B,12,A_modules,Barracuda/Shop/BarracudaShop.as,,identifier,Context
0x033f06,212742,17,B,22,A_modules,Barracuda/Shop/BarracudaShop.as,,identifier,OnFilterToggleTag
0x033f6c,212844,11,B,16,A_modules,Barracuda/Shop/BarracudaShop.as,,identifier,OnFocusItem
0x033ff4,212980,5,B,10,A_modules,Barracuda/Shop/BarracudaShop.as,,identifier,Event
0x033ffe,212990,7,B,12,A_modules,Barracuda/Shop/BarracudaShop.as,,identifier,Context
0x034086,213126,11,B,16,A_modules,Barracuda/Shop/BarracudaShop.as,,identifier,OnFocusItem
0x0340e6,213222,23,B,28,A_modules,Barracuda/Shop/BarracudaShop.as,,identifier,TryGeneratePurchasePlan
0x03419e,213406,12,B,17,A_modules,Barracuda/Shop/BarracudaShop.as,,identifier,PurchasePlan
0x0341af,213423,15,B,20,A_modules,Barracuda/Shop/BarracudaShop.as,,identifier,PlayerInventory
0x0341c3,213443,9,B,14,A_modules,Barracuda/Shop/BarracudaShop.as,,identifier,ItemClass
0x034265,213605,19,B,24,A_modules,Barracuda/Shop/BarracudaShop.as,,identifier,ExecutePurchasePlan
0x034319,213785,12,B,17,A_modules,Barracuda/Shop/BarracudaShop.as,,identifier,PurchasePlan
0x03432a,213802,11,B,16,A_modules,Barracuda/Shop/BarracudaShop.as,,identifier,PlayerState
0x03433a,213818,9,B,14,A_modules,Barracuda/Shop/BarracudaShop.as,,identifier,ItemClass
0x0347bc,214972,14,B,19,A_modules,Barracuda/Shop/BarracudaShop.as,,internal_symbol,__InitDefaults
0x03486f,215151,1,B,6,A_modules,Barracuda/Shop/BarracudaShop.as,,suspect_short,0
0x03494b,215371,14,B,19,A_modules,Barracuda/Shop/BarracudaShop.as,,identifier,ABarracudaShop
0x034ada,215770,15,B,20,A_modules,Barracuda/Shop/BarracudaShop.as,,other,~ABarracudaShop
0x034bea,216042,6,B,11,A_modules,Barracuda/Shop/BarracudaShop.as,,identifier,AActor
0x034bf5,216053,20,B,25,A_modules,Barracuda/Shop/BarracudaShop.as,,asset_path,/Script/Engine.Actor
0x034c2e,216110,27,B,32,A_modules,Barracuda/Shop/BarracudaShop.as,,statictype_alias,__StaticType_ABarracudaShop
0x034c56,216150,15,B,20,A_modules,Barracuda/Shop/BarracudaShop.as,,identifier,IsBlueprintBase
0x034c6a,216170,13,B,18,A_modules,Barracuda/Shop/BarracudaShop.as,,identifier,Blueprintable
0x034c80,216192,4,B,9,A_modules,Barracuda/Shop/BarracudaShop.as,,default_arg_expr,true
0x034c89,216201,4,B,9,A_modules,Barracuda/Shop/BarracudaShop.as,,default_arg_expr,true
0x034c9a,216218,2,A,6,A_modules,Barracuda/Shop/BarracudaShop.as,,suspect_short,(
0x034cf7,216311,27,B,32,A_modules,Barracuda/Shop/BarracudaShop.as,,statictype_alias,__StaticType_ABarracudaShop
0x034d53,216403,42,B,47,A_modules,Barracuda/Shop/BarracudaShop.as,,identifier,Module_Barracuda_Shop_BarracudaShopStatics
0x034d8a,216458,31,B,36,A_modules,Barracuda/Shop/BarracudaShop.as,,source_path,Barracuda/Shop/BarracudaShop.as
0x034db2,216498,43,A,47,A_modules,Barracuda/Shop/BarracudaShopItemListWidget.as,,dotted_name,Barracuda.Shop.BarracudaShopItemListWidget
0x034de1,216545,42,B,47,A_modules,Barracuda/Shop/BarracudaShopItemListWidget.as,,dotted_name,Barracuda.Shop.BarracudaShopItemListWidget
0x034e14,216596,28,B,33,A_modules,Barracuda/Shop/BarracudaShopItemListWidget.as,,identifier,UBarracudaShopItemListWidget
0x034ed1,216785,11,B,16,A_modules,Barracuda/Shop/BarracudaShopItemListWidget.as,,identifier,StaticClass
0x034ee1,216801,28,B,33,A_modules,Barracuda/Shop/BarracudaShopItemListWidget.as,,identifier,UBarracudaShopItemListWidget
0x034faa,217002,28,B,33,A_modules,Barracuda/Shop/BarracudaShopItemListWidget.as,,identifier,UBarracudaShopItemListWidget
0x034fdb,217051,18,B,23,A_modules,Barracuda/Shop/BarracudaShopItemListWidget.as,,identifier,ClearItemContainer
0x035032,217138,2,A,6,A_modules,Barracuda/Shop/BarracudaShopItemListWidget.as,,identifier,l
0x035092,217234,33,B,38,A_modules,Barracuda/Shop/BarracudaShopItemListWidget.as,,identifier,ClearItemContainer_Implementation
0x035130,217392,18,B,23,A_modules,Barracuda/Shop/BarracudaShopItemListWidget.as,,identifier,ClearItemContainer
0x035197,217495,18,B,23,A_modules,Barracuda/Shop/BarracudaShopItemListWidget.as,,identifier,AddItemToContainer
0x035202,217602,9,B,14,A_modules,Barracuda/Shop/BarracudaShopItemListWidget.as,,identifier,ItemClass
0x035240,217664,2,A,6,A_modules,Barracuda/Shop/BarracudaShopItemListWidget.as,0x26e7861c640,identifier,m
0x0352a0,217760,33,B,38,A_modules,Barracuda/Shop/BarracudaShopItemListWidget.as,,identifier,AddItemToContainer_Implementation
0x03531a,217882,9,B,14,A_modules,Barracuda/Shop/BarracudaShopItemListWidget.as,,identifier,ItemClass
0x035378,217976,18,B,23,A_modules,Barracuda/Shop/BarracudaShopItemListWidget.as,,identifier,AddItemToContainer
0x0353df,218079,24,B,29,A_modules,Barracuda/Shop/BarracudaShopItemListWidget.as,,identifier,EventFinishedAddingItems
0x03543c,218172,2,A,6,A_modules,Barracuda/Shop/BarracudaShopItemListWidget.as,,identifier,n
0x03549c,218268,39,B,44,A_modules,Barracuda/Shop/BarracudaShopItemListWidget.as,,identifier,EventFinishedAddingItems_Implementation
0x035540,218432,24,B,29,A_modules,Barracuda/Shop/BarracudaShopItemListWidget.as,,identifier,EventFinishedAddingItems
0x0355ad,218541,24,B,29,A_modules,Barracuda/Shop/BarracudaShopItemListWidget.as,,identifier,Construct_Implementation
0x035822,219170,9,B,14,A_modules,Barracuda/Shop/BarracudaShopItemListWidget.as,,identifier,Construct
0x035880,219264,13,B,18,A_modules,Barracuda/Shop/BarracudaShopItemListWidget.as,,identifier,UpdateVisuals
0x035c5e,220254,24,B,29,A_modules,Barracuda/Shop/BarracudaShopItemListWidget.as,,identifier,SortItemNodesByTotalCost
0x035ccf,220367,9,B,14,A_modules,Barracuda/Shop/BarracudaShopItemListWidget.as,,identifier,ItemNodes
0x035f59,221017,18,B,23,A_modules,Barracuda/Shop/BarracudaShopItemListWidget.as,,identifier,DoesItemPassFilter
0x035fe8,221160,4,B,9,A_modules,Barracuda/Shop/BarracudaShopItemListWidget.as,,identifier,Shop
0x035ff1,221169,8,B,13,A_modules,Barracuda/Shop/BarracudaShopItemListWidget.as,,identifier,ItemNode
0x0363d2,222162,2,A,6,A_modules,Barracuda/Shop/BarracudaShopItemListWidget.as,,suspect_short,%
0x0365b2,222642,18,B,23,A_modules,Barracuda/Shop/BarracudaShopItemListWidget.as,,identifier,OnToggleVisibility
0x036641,222785,5,B,10,A_modules,Barracuda/Shop/BarracudaShopItemListWidget.as,,identifier,Event
0x03664b,222795,7,B,12,A_modules,Barracuda/Shop/BarracudaShopItemListWidget.as,,identifier,Context
0x0366bb,222907,18,B,23,A_modules,Barracuda/Shop/BarracudaShopItemListWidget.as,,identifier,OnToggleVisibility
0x036722,223010,15,B,20,A_modules,Barracuda/Shop/BarracudaShopItemListWidget.as,,identifier,OnFilterUpdated
0x0367ae,223150,5,B,10,A_modules,Barracuda/Shop/BarracudaShopItemListWidget.as,,identifier,Event
0x0367b8,223160,7,B,12,A_modules,Barracuda/Shop/BarracudaShopItemListWidget.as,,identifier,Context
0x036828,223272,15,B,20,A_modules,Barracuda/Shop/BarracudaShopItemListWidget.as,,identifier,OnFilterUpdated
0x0368d4,223444,28,B,33,A_modules,Barracuda/Shop/BarracudaShopItemListWidget.as,,identifier,UBarracudaShopItemListWidget
0x0369d1,223697,11,B,16,A_modules,Barracuda/Shop/BarracudaShopItemListWidget.as,,identifier,UUserWidget
0x0369e1,223713,22,B,27,A_modules,Barracuda/Shop/BarracudaShopItemListWidget.as,,asset_path,/Script/UMG.UserWidget
0x036a1c,223772,41,B,46,A_modules,Barracuda/Shop/BarracudaShopItemListWidget.as,,statictype_alias,__StaticType_UBarracudaShopItemListWidget
0x036a5e,223838,1,B,6,A_modules,Barracuda/Shop/BarracudaShopItemListWidget.as,,suspect_short,)
0x036ad8,223960,45,B,50,A_modules,Barracuda/Shop/BarracudaShopItemListWidget.as,,source_path,Barracuda/Shop/BarracudaShopItemListWidget.as
0x036b0e,224014,47,A,51,A_modules,Barracuda/Shop/BarracudaShopItemTreeNodeWidget.as,,dotted_name,Barracuda.Shop.BarracudaShopItemTreeNodeWidget
0x036b41,224065,46,B,51,A_modules,Barracuda/Shop/BarracudaShopItemTreeNodeWidget.as,,dotted_name,Barracuda.Shop.BarracudaShopItemTreeNodeWidget
0x036b74,224116,2,A,6,A_modules,Barracuda/Shop/BarracudaShopItemTreeNodeWidget.as,,suspect_short, 
0x036c39,224313,11,B,16,A_modules,Barracuda/Shop/BarracudaShopItemTreeNodeWidget.as,,identifier,StaticClass
0x036c49,224329,32,B,37,A_modules,Barracuda/Shop/BarracudaShopItemTreeNodeWidget.as,,identifier,UBarracudaShopItemTreeNodeWidget
0x036d12,224530,1,B,6,A_modules,Barracuda/Shop/BarracudaShopItemTreeNodeWidget.as,,suspect_short, 
0x036d47,224583,14,B,19,A_modules,Barracuda/Shop/BarracudaShopItemTreeNodeWidget.as,,identifier,ChildContainer
0x036d8e,224654,10,B,15,A_modules,Barracuda/Shop/BarracudaShopItemTreeNodeWidget.as,,identifier,BindWidget
0x036de5,224741,8,B,13,A_modules,Barracuda/Shop/BarracudaShopItemTreeNodeWidget.as,,identifier,ItemName
0x036e26,224806,10,B,15,A_modules,Barracuda/Shop/BarracudaShopItemTreeNodeWidget.as,,identifier,BindWidget
0x036e7d,224893,14,B,19,A_modules,Barracuda/Shop/BarracudaShopItemTreeNodeWidget.as,,identifier,OwnedIndicator
0x036ec4,224964,10,B,15,A_modules,Barracuda/Shop/BarracudaShopItemTreeNodeWidget.as,,identifier,BindWidget
0x036f1b,225051,14,B,19,A_modules,Barracuda/Shop/BarracudaShopItemTreeNodeWidget.as,,identifier,ShopItemWidget
0x036f62,225122,10,B,15,A_modules,Barracuda/Shop/BarracudaShopItemTreeNodeWidget.as,,identifier,BindWidget
0x036fb9,225209,26,B,31,A_modules,Barracuda/Shop/BarracudaShopItemTreeNodeWidget.as,,identifier,DesignTimePrviewInputCount
0x03700c,225292,13,B,18,A_modules,Barracuda/Shop/BarracudaShopItemTreeNodeWidget.as,,identifier,ExposeOnSpawn
0x037066,225382,27,B,32,A_modules,Barracuda/Shop/BarracudaShopItemTreeNodeWidget.as,,identifier,DesignTimePreviewDepthCount
0x0370ba,225466,13,B,18,A_modules,Barracuda/Shop/BarracudaShopItemTreeNodeWidget.as,,identifier,ExposeOnSpawn
0x037114,225556,23,B,28,A_modules,Barracuda/Shop/BarracudaShopItemTreeNodeWidget.as,,identifier,bDesignTimePreviewOwned
0x0371a8,225704,9,B,14,A_modules,Barracuda/Shop/BarracudaShopItemTreeNodeWidget.as,,identifier,ItemClass
0x0371ea,225770,13,B,18,A_modules,Barracuda/Shop/BarracudaShopItemTreeNodeWidget.as,,identifier,ExposeOnSpawn
0x037244,225860,4,B,9,A_modules,Barracuda/Shop/BarracudaShopItemTreeNodeWidget.as,,identifier,Tree
0x037281,225921,13,B,18,A_modules,Barracuda/Shop/BarracudaShopItemTreeNodeWidget.as,,identifier,ExposeOnSpawn
0x0372df,226015,21,B,26,A_modules,Barracuda/Shop/BarracudaShopItemTreeNodeWidget.as,,identifier,CreateInputItemWidget
0x037395,226197,11,B,16,A_modules,Barracuda/Shop/BarracudaShopItemTreeNodeWidget.as,,identifier,InItemClass
0x0373a5,226213,29,B,34,A_modules,Barracuda/Shop/BarracudaShopItemTreeNodeWidget.as,,identifier,InDesignTimePreviewInputCount
0x0373c7,226247,29,B,34,A_modules,Barracuda/Shop/BarracudaShopItemTreeNodeWidget.as,,identifier,InDesignTimePreviewDepthCount
0x037461,226401,2,A,6,A_modules,Barracuda/Shop/BarracudaShopItemTreeNodeWidget.as,0x26e7861c480,identifier,o
0x0374d1,226513,36,B,41,A_modules,Barracuda/Shop/BarracudaShopItemTreeNodeWidget.as,,identifier,CreateInputItemWidget_Implementation
0x037596,226710,11,B,16,A_modules,Barracuda/Shop/BarracudaShopItemTreeNodeWidget.as,,identifier,InItemClass
0x0375a6,226726,29,B,34,A_modules,Barracuda/Shop/BarracudaShopItemTreeNodeWidget.as,,identifier,InDesignTimePreviewInputCount
0x0375c8,226760,29,B,34,A_modules,Barracuda/Shop/BarracudaShopItemTreeNodeWidget.as,,identifier,InDesignTimePreviewDepthCount
0x03765e,226910,21,B,26,A_modules,Barracuda/Shop/BarracudaShopItemTreeNodeWidget.as,,identifier,CreateInputItemWidget
0x0376c8,227016,27,B,32,A_modules,Barracuda/Shop/BarracudaShopItemTreeNodeWidget.as,,identifier,PreConstruct_Implementation
0x03773c,227132,12,B,17,A_modules,Barracuda/Shop/BarracudaShopItemTreeNodeWidget.as,,identifier,IsDesignTime
0x0377d1,227281,12,B,17,A_modules,Barracuda/Shop/BarracudaShopItemTreeNodeWidget.as,,identifier,PreConstruct
0x037832,227378,24,B,29,A_modules,Barracuda/Shop/BarracudaShopItemTreeNodeWidget.as,,identifier,Construct_Implementation
0x0378df,227551,9,B,14,A_modules,Barracuda/Shop/BarracudaShopItemTreeNodeWidget.as,,identifier,Construct
0x03793d,227645,13,B,18,A_modules,Barracuda/Shop/BarracudaShopItemTreeNodeWidget.as,,identifier,UpdateVisuals
0x0379a3,227747,11,B,16,A_modules,Barracuda/Shop/BarracudaShopItemTreeNodeWidget.as,,identifier,bDesignTime
0x0379bf,227775,5,B,10,A_modules,Barracuda/Shop/BarracudaShopItemTreeNodeWidget.as,,default_arg_expr,false
0x037a55,227925,2,A,6,A_modules,Barracuda/Shop/BarracudaShopItemTreeNodeWidget.as,,identifier,P
0x037b35,228149,10,B,15,A_modules,Barracuda/Shop/BarracudaShopItemTreeNodeWidget.as,,identifier,UpdateName
0x037b98,228248,11,B,16,A_modules,Barracuda/Shop/BarracudaShopItemTreeNodeWidget.as,,identifier,bDesignTime
0x037de0,228832,14,B,19,A_modules,Barracuda/Shop/BarracudaShopItemTreeNodeWidget.as,,identifier,UpdateRootNode
0x037e47,228935,11,B,16,A_modules,Barracuda/Shop/BarracudaShopItemTreeNodeWidget.as,,identifier,bDesignTime
0x03821b,229915,15,B,20,A_modules,Barracuda/Shop/BarracudaShopItemTreeNodeWidget.as,,identifier,UpdateOwnership
0x038283,230019,11,B,16,A_modules,Barracuda/Shop/BarracudaShopItemTreeNodeWidget.as,,identifier,bDesignTime
0x0382eb,230123,1,B,6,A_modules,Barracuda/Shop/BarracudaShopItemTreeNodeWidget.as,,identifier,P
0x0385f7,230903,7,B,12,A_modules,Barracuda/Shop/BarracudaShopItemTreeNodeWidget.as,,identifier,SetItem
0x038657,230999,11,B,16,A_modules,Barracuda/Shop/BarracudaShopItemTreeNodeWidget.as,,identifier,InItemClass
0x0386eb,231147,7,B,12,A_modules,Barracuda/Shop/BarracudaShopItemTreeNodeWidget.as,,identifier,SetItem
0x03877f,231295,1,B,6,A_modules,Barracuda/Shop/BarracudaShopItemTreeNodeWidget.as,0x26e76c63700,suspect_short, 
0x0388d8,231640,11,B,16,A_modules,Barracuda/Shop/BarracudaShopItemTreeNodeWidget.as,,identifier,UUserWidget
0x0388e8,231656,22,B,27,A_modules,Barracuda/Shop/BarracudaShopItemTreeNodeWidget.as,,asset_path,/Script/UMG.UserWidget
0x038923,231715,45,B,50,A_modules,Barracuda/Shop/BarracudaShopItemTreeNodeWidget.as,,statictype_alias,__StaticType_UBarracudaShopItemTreeNodeWidget
0x038969,231785,1,B,6,A_modules,Barracuda/Shop/BarracudaShopItemTreeNodeWidget.as,,suspect_short,-
0x0389e7,231911,49,B,54,A_modules,Barracuda/Shop/BarracudaShopItemTreeNodeWidget.as,,source_path,Barracuda/Shop/BarracudaShopItemTreeNodeWidget.as
0x038a21,231969,43,A,47,A_modules,Barracuda/Shop/BarracudaShopItemTreeWidget.as,,dotted_name,Barracuda.Shop.BarracudaShopItemTreeWidget
0x038a50,232016,42,B,47,A_modules,Barracuda/Shop/BarracudaShopItemTreeWidget.as,,dotted_name,Barracuda.Shop.BarracudaShopItemTreeWidget
0x038a83,232067,28,B,33,A_modules,Barracuda/Shop/BarracudaShopItemTreeWidget.as,,identifier,UBarracudaShopItemTreeWidget
0x038b40,232256,11,B,16,A_modules,Barracuda/Shop/BarracudaShopItemTreeWidget.as,,identifier,StaticClass
0x038b50,232272,28,B,33,A_modules,Barracuda/Shop/BarracudaShopItemTreeWidget.as,,identifier,UBarracudaShopItemTreeWidget
0x038c19,232473,28,B,33,A_modules,Barracuda/Shop/BarracudaShopItemTreeWidget.as,,identifier,UBarracudaShopItemTreeWidget
0x038c46,232518,8,B,13,A_modules,Barracuda/Shop/BarracudaShopItemTreeWidget.as,,identifier,RootNode
0x038c87,232583,10,B,15,A_modules,Barracuda/Shop/BarracudaShopItemTreeWidget.as,,identifier,BindWidget
0x038cde,232670,29,B,34,A_modules,Barracuda/Shop/BarracudaShopItemTreeWidget.as,,identifier,ItemsToPotentiallyMarkAsOwned
0x038d7c,232828,27,B,32,A_modules,Barracuda/Shop/BarracudaShopItemTreeWidget.as,,identifier,PreConstruct_Implementation
0x038df0,232944,12,B,17,A_modules,Barracuda/Shop/BarracudaShopItemTreeWidget.as,,identifier,IsDesignTime
0x038ef5,233205,12,B,17,A_modules,Barracuda/Shop/BarracudaShopItemTreeWidget.as,,identifier,PreConstruct
0x038f56,233302,24,B,29,A_modules,Barracuda/Shop/BarracudaShopItemTreeWidget.as,,identifier,Construct_Implementation
0x0391cb,233931,9,B,14,A_modules,Barracuda/Shop/BarracudaShopItemTreeWidget.as,,identifier,Construct
0x039229,234025,15,B,20,A_modules,Barracuda/Shop/BarracudaShopItemTreeWidget.as,,identifier,HandleFocusItem
0x0392b5,234165,5,B,10,A_modules,Barracuda/Shop/BarracudaShopItemTreeWidget.as,,identifier,Event
0x0392bf,234175,7,B,12,A_modules,Barracuda/Shop/BarracudaShopItemTreeWidget.as,,identifier,Context
0x03933b,234299,15,B,20,A_modules,Barracuda/Shop/BarracudaShopItemTreeWidget.as,,identifier,HandleFocusItem
0x03939f,234399,34,B,39,A_modules,Barracuda/Shop/BarracudaShopItemTreeWidget.as,,identifier,HandleItemEnteredOrExitedInventory
0x03943e,234558,5,B,10,A_modules,Barracuda/Shop/BarracudaShopItemTreeWidget.as,,identifier,Event
0x039448,234568,7,B,12,A_modules,Barracuda/Shop/BarracudaShopItemTreeWidget.as,,identifier,Context
0x0394b4,234676,1,B,6,A_modules,Barracuda/Shop/BarracudaShopItemTreeWidget.as,,suspect_short,""""
0x03952f,234799,13,B,18,A_modules,Barracuda/Shop/BarracudaShopItemTreeWidget.as,,identifier,UpdateVisuals
0x039675,235125,21,B,26,A_modules,Barracuda/Shop/BarracudaShopItemTreeWidget.as,,identifier,UpdateVisualsInternal
0x0396e3,235235,9,B,14,A_modules,Barracuda/Shop/BarracudaShopItemTreeWidget.as,,identifier,ItemClass
0x0398c9,235721,28,B,33,A_modules,Barracuda/Shop/BarracudaShopItemTreeWidget.as,,identifier,UBarracudaShopItemTreeWidget
0x0399d6,235990,29,B,34,A_modules,Barracuda/Shop/BarracudaShopItemTreeWidget.as,,other,~UBarracudaShopItemTreeWidget
0x039a94,236180,11,B,16,A_modules,Barracuda/Shop/BarracudaShopItemTreeWidget.as,,identifier,UUserWidget
0x039aa4,236196,22,B,27,A_modules,Barracuda/Shop/BarracudaShopItemTreeWidget.as,,asset_path,/Script/UMG.UserWidget
0x039adf,236255,41,B,46,A_modules,Barracuda/Shop/BarracudaShopItemTreeWidget.as,,statictype_alias,__StaticType_UBarracudaShopItemTreeWidget
0x039b21,236321,1,B,6,A_modules,Barracuda/Shop/BarracudaShopItemTreeWidget.as,,suspect_short,)
0x039b9b,236443,45,B,50,A_modules,Barracuda/Shop/BarracudaShopItemTreeWidget.as,,source_path,Barracuda/Shop/BarracudaShopItemTreeWidget.as
0x039bd1,236497,39,A,43,A_modules,Barracuda/Shop/BarracudaShopItemWidget.as,,dotted_name,Barracuda.Shop.BarracudaShopItemWidget
0x039bfc,236540,38,B,43,A_modules,Barracuda/Shop/BarracudaShopItemWidget.as,,dotted_name,Barracuda.Shop.BarracudaShopItemWidget
0x039c2b,236587,24,B,29,A_modules,Barracuda/Shop/BarracudaShopItemWidget.as,,identifier,UBarracudaShopItemWidget
0x039ce4,236772,11,B,16,A_modules,Barracuda/Shop/BarracudaShopItemWidget.as,,identifier,StaticClass
0x039cf4,236788,24,B,29,A_modules,Barracuda/Shop/BarracudaShopItemWidget.as,,identifier,UBarracudaShopItemWidget
0x039db9,236985,24,B,29,A_modules,Barracuda/Shop/BarracudaShopItemWidget.as,,identifier,UBarracudaShopItemWidget
0x039de2,237026,9,B,14,A_modules,Barracuda/Shop/BarracudaShopItemWidget.as,,identifier,ValueType
0x039e24,237092,13,B,18,A_modules,Barracuda/Shop/BarracudaShopItemWidget.as,,identifier,ExposeOnSpawn
0x039e7e,237182,15,B,20,A_modules,Barracuda/Shop/BarracudaShopItemWidget.as,,identifier,RepresentedItem
0x039ec6,237254,13,B,18,A_modules,Barracuda/Shop/BarracudaShopItemWidget.as,,identifier,ExposeOnSpawn
0x039f24,237348,13,B,18,A_modules,Barracuda/Shop/BarracudaShopItemWidget.as,,identifier,UpdateVisuals
0x039f76,237430,2,A,6,A_modules,Barracuda/Shop/BarracudaShopItemWidget.as,,identifier,p
0x039fd6,237526,28,B,33,A_modules,Barracuda/Shop/BarracudaShopItemWidget.as,,identifier,UpdateVisuals_Implementation
0x03a06f,237679,13,B,18,A_modules,Barracuda/Shop/BarracudaShopItemWidget.as,,identifier,UpdateVisuals
0x03a0cd,237773,1,B,6,A_modules,Barracuda/Shop/BarracudaShopItemWidget.as,,suspect_short, 
0x03a16e,237934,10,B,15,A_modules,Barracuda/Shop/BarracudaShopItemWidget.as,,identifier,MyGeometry
0x03a17d,237949,10,B,15,A_modules,Barracuda/Shop/BarracudaShopItemWidget.as,,identifier,MouseEvent
0x03a6f4,239348,17,B,22,A_modules,Barracuda/Shop/BarracudaShopItemWidget.as,,identifier,OnMouseButtonDown
0x03a75a,239450,18,B,23,A_modules,Barracuda/Shop/BarracudaShopItemWidget.as,,identifier,SetRepresentedItem
0x03a7c5,239557,4,B,9,A_modules,Barracuda/Shop/BarracudaShopItemWidget.as,,identifier,Item
0x03a8a6,239782,18,B,23,A_modules,Barracuda/Shop/BarracudaShopItemWidget.as,,identifier,SetRepresentedItem
0x03a90d,239885,8,B,13,A_modules,Barracuda/Shop/BarracudaShopItemWidget.as,,identifier,GetValue
0x03ac3a,240698,8,B,13,A_modules,Barracuda/Shop/BarracudaShopItemWidget.as,,identifier,GetValue
0x03ac97,240791,14,B,19,A_modules,Barracuda/Shop/BarracudaShopItemWidget.as,,internal_symbol,__InitDefaults
0x03ad66,240998,24,B,29,A_modules,Barracuda/Shop/BarracudaShopItemWidget.as,,identifier,UBarracudaShopItemWidget
0x03adf7,241143,2,A,6,A_modules,Barracuda/Shop/BarracudaShopItemWidget.as,,identifier,n
0x03ae5f,241247,11,B,16,A_modules,Barracuda/Shop/BarracudaShopItemWidget.as,,identifier,UUserWidget
0x03ae6f,241263,22,B,27,A_modules,Barracuda/Shop/BarracudaShopItemWidget.as,,asset_path,/Script/UMG.UserWidget
0x03aeaa,241322,37,B,42,A_modules,Barracuda/Shop/BarracudaShopItemWidget.as,,statictype_alias,__StaticType_UBarracudaShopItemWidget
0x03aee8,241384,23,B,28,A_modules,Barracuda/Shop/BarracudaShopItemWidget.as,,identifier,EBarracudaShopValueType
0x03af0c,241420,9,B,14,A_modules,Barracuda/Shop/BarracudaShopItemWidget.as,,identifier,TotalCost
0x03af1a,241434,10,B,15,A_modules,Barracuda/Shop/BarracudaShopItemWidget.as,,identifier,RecipeCost
0x03af29,241449,9,B,14,A_modules,Barracuda/Shop/BarracudaShopItemWidget.as,,identifier,SellValue
0x03af37,241463,15,B,20,A_modules,Barracuda/Shop/BarracudaShopItemWidget.as,,identifier,IncrementalCost
0x03af5f,241503,1,B,6,A_modules,Barracuda/Shop/BarracudaShopItemWidget.as,,suspect_short,%
0x03afd5,241621,41,B,46,A_modules,Barracuda/Shop/BarracudaShopItemWidget.as,,source_path,Barracuda/Shop/BarracudaShopItemWidget.as
0x03b007,241671,54,A,58,A_modules,Barracuda/Shop/BarracudaShopPlayerControllerComponent.as,,dotted_name,Barracuda.Shop.BarracudaShopPlayerControllerComponent
0x03b041,241729,53,B,58,A_modules,Barracuda/Shop/BarracudaShopPlayerControllerComponent.as,,dotted_name,Barracuda.Shop.BarracudaShopPlayerControllerComponent
0x03b07f,241791,39,B,44,A_modules,Barracuda/Shop/BarracudaShopPlayerControllerComponent.as,,identifier,UBarracudaShopPlayerControllerComponent
0x03b147,241991,11,B,16,A_modules,Barracuda/Shop/BarracudaShopPlayerControllerComponent.as,,identifier,StaticClass
0x03b157,242007,39,B,44,A_modules,Barracuda/Shop/BarracudaShopPlayerControllerComponent.as,,identifier,UBarracudaShopPlayerControllerComponent
0x03b227,242215,3,B,8,A_modules,Barracuda/Shop/BarracudaShopPlayerControllerComponent.as,,identifier,Get
0x03b22f,242223,39,B,44,A_modules,Barracuda/Shop/BarracudaShopPlayerControllerComponent.as,,identifier,UBarracudaShopPlayerControllerComponent
0x03b2cf,242383,5,B,10,A_modules,Barracuda/Shop/BarracudaShopPlayerControllerComponent.as,,identifier,Actor
0x03b2d9,242393,8,B,13,A_modules,Barracuda/Shop/BarracudaShopPlayerControllerComponent.as,,identifier,WithName
0x03b2fa,242426,9,B,14,A_modules,Barracuda/Shop/BarracudaShopPlayerControllerComponent.as,,default_arg_expr,NAME_None
0x03b388,242568,11,B,16,A_modules,Barracuda/Shop/BarracudaShopPlayerControllerComponent.as,,identifier,GetOrCreate
0x03b398,242584,39,B,44,A_modules,Barracuda/Shop/BarracudaShopPlayerControllerComponent.as,,identifier,UBarracudaShopPlayerControllerComponent
0x03b438,242744,5,B,10,A_modules,Barracuda/Shop/BarracudaShopPlayerControllerComponent.as,,identifier,Actor
0x03b442,242754,8,B,13,A_modules,Barracuda/Shop/BarracudaShopPlayerControllerComponent.as,,identifier,WithName
0x03b463,242787,9,B,14,A_modules,Barracuda/Shop/BarracudaShopPlayerControllerComponent.as,,default_arg_expr,NAME_None
0x03b4f1,242929,6,B,11,A_modules,Barracuda/Shop/BarracudaShopPlayerControllerComponent.as,,identifier,Create
0x03b4fc,242940,39,B,44,A_modules,Barracuda/Shop/BarracudaShopPlayerControllerComponent.as,,identifier,UBarracudaShopPlayerControllerComponent
0x03b59c,243100,5,B,10,A_modules,Barracuda/Shop/BarracudaShopPlayerControllerComponent.as,,identifier,Actor
0x03b5a6,243110,8,B,13,A_modules,Barracuda/Shop/BarracudaShopPlayerControllerComponent.as,,identifier,WithName
0x03b5c7,243143,9,B,14,A_modules,Barracuda/Shop/BarracudaShopPlayerControllerComponent.as,,default_arg_expr,NAME_None
0x03b655,243285,1,B,6,A_modules,Barracuda/Shop/BarracudaShopPlayerControllerComponent.as,,suspect_short,'
0x03b695,243349,28,B,33,A_modules,Barracuda/Shop/BarracudaShopPlayerControllerComponent.as,,identifier,LokiBeginPlay_Implementation
0x03b93e,244030,13,B,18,A_modules,Barracuda/Shop/BarracudaShopPlayerControllerComponent.as,,identifier,LokiBeginPlay
0x03b9a0,244128,15,B,20,A_modules,Barracuda/Shop/BarracudaShopPlayerControllerComponent.as,,identifier,ClientOnBuyItem
0x03ba2c,244268,5,B,10,A_modules,Barracuda/Shop/BarracudaShopPlayerControllerComponent.as,,identifier,Event
0x03ba36,244278,7,B,12,A_modules,Barracuda/Shop/BarracudaShopPlayerControllerComponent.as,,identifier,Context
0x03bab2,244402,15,B,20,A_modules,Barracuda/Shop/BarracudaShopPlayerControllerComponent.as,,identifier,ClientOnBuyItem
0x03bb16,244502,13,B,18,A_modules,Barracuda/Shop/BarracudaShopPlayerControllerComponent.as,,identifier,ServerBuyItem
0x03bb7c,244604,9,B,14,A_modules,Barracuda/Shop/BarracudaShopPlayerControllerComponent.as,,identifier,ItemToBuy
0x03bbba,244666,2,A,6,A_modules,Barracuda/Shop/BarracudaShopPlayerControllerComponent.as,0x26e7861c640,suspect_short,`
0x03bc1a,244762,28,B,33,A_modules,Barracuda/Shop/BarracudaShopPlayerControllerComponent.as,,identifier,ServerBuyItem_Implementation
0x03bc8f,244879,9,B,14,A_modules,Barracuda/Shop/BarracudaShopPlayerControllerComponent.as,,identifier,ItemToBuy
0x03bd15,245013,1,B,6,A_modules,Barracuda/Shop/BarracudaShopPlayerControllerComponent.as,,identifier,J
0x03bf25,245541,13,B,18,A_modules,Barracuda/Shop/BarracudaShopPlayerControllerComponent.as,,identifier,ServerBuyItem
0x03bf87,245639,16,B,21,A_modules,Barracuda/Shop/BarracudaShopPlayerControllerComponent.as,,identifier,ClientOnSellItem
0x03c014,245780,5,B,10,A_modules,Barracuda/Shop/BarracudaShopPlayerControllerComponent.as,,identifier,Event
0x03c01e,245790,7,B,12,A_modules,Barracuda/Shop/BarracudaShopPlayerControllerComponent.as,,identifier,Context
0x03c09e,245918,16,B,21,A_modules,Barracuda/Shop/BarracudaShopPlayerControllerComponent.as,,identifier,ClientOnSellItem
0x03c103,246019,14,B,19,A_modules,Barracuda/Shop/BarracudaShopPlayerControllerComponent.as,,identifier,ServerSellItem
0x03c16a,246122,4,B,9,A_modules,Barracuda/Shop/BarracudaShopPlayerControllerComponent.as,,identifier,Item
0x03c19b,246171,2,A,6,A_modules,Barracuda/Shop/BarracudaShopPlayerControllerComponent.as,0x26e77b94840,identifier,q
0x03c1fb,246267,29,B,34,A_modules,Barracuda/Shop/BarracudaShopPlayerControllerComponent.as,,identifier,ServerSellItem_Implementation
0x03c271,246385,4,B,9,A_modules,Barracuda/Shop/BarracudaShopPlayerControllerComponent.as,,identifier,Item
0x03c2f2,246514,1,B,6,A_modules,Barracuda/Shop/BarracudaShopPlayerControllerComponent.as,,identifier,J
0x03c4a6,246950,14,B,19,A_modules,Barracuda/Shop/BarracudaShopPlayerControllerComponent.as,,identifier,ServerSellItem
0x03c539,247097,1,B,6,A_modules,Barracuda/Shop/BarracudaShopPlayerControllerComponent.as,0x26e76c63400,suspect_short,'
0x03c645,247365,15,B,20,A_modules,Barracuda/Shop/BarracudaShopPlayerControllerComponent.as,,identifier,UActorComponent
0x03c659,247385,29,B,34,A_modules,Barracuda/Shop/BarracudaShopPlayerControllerComponent.as,,asset_path,/Script/Engine.ActorComponent
0x03c69b,247451,52,B,57,A_modules,Barracuda/Shop/BarracudaShopPlayerControllerComponent.as,,statictype_alias,__StaticType_UBarracudaShopPlayerControllerComponent
0x03c6dc,247516,15,B,20,A_modules,Barracuda/Shop/BarracudaShopPlayerControllerComponent.as,,identifier,IsBlueprintBase
0x03c6f0,247536,13,B,18,A_modules,Barracuda/Shop/BarracudaShopPlayerControllerComponent.as,,identifier,Blueprintable
0x03c706,247558,4,B,9,A_modules,Barracuda/Shop/BarracudaShopPlayerControllerComponent.as,,default_arg_expr,true
0x03c70f,247567,4,B,9,A_modules,Barracuda/Shop/BarracudaShopPlayerControllerComponent.as,,default_arg_expr,true
0x03c720,247584,1,B,6,A_modules,Barracuda/Shop/BarracudaShopPlayerControllerComponent.as,,suspect_short,4
0x03c7a5,247717,56,B,61,A_modules,Barracuda/Shop/BarracudaShopPlayerControllerComponent.as,,source_path,Barracuda/Shop/BarracudaShopPlayerControllerComponent.as
0x03c7e6,247782,41,A,45,A_modules,Barracuda/Shop/BarraucdaShopFilterWidget.as,,dotted_name,Barracuda.Shop.BarraucdaShopFilterWidget
0x03c813,247827,40,B,45,A_modules,Barracuda/Shop/BarraucdaShopFilterWidget.as,,dotted_name,Barracuda.Shop.BarraucdaShopFilterWidget
0x03c844,247876,26,B,31,A_modules,Barracuda/Shop/BarraucdaShopFilterWidget.as,,identifier,UBarraucdaShopFilterWidget
0x03c8ff,248063,11,B,16,A_modules,Barracuda/Shop/BarraucdaShopFilterWidget.as,,identifier,StaticClass
0x03c90f,248079,26,B,31,A_modules,Barracuda/Shop/BarraucdaShopFilterWidget.as,,identifier,UBarraucdaShopFilterWidget
0x03c9d6,248278,23,B,28,A_modules,Barracuda/Shop/BarraucdaShopFilterWidget.as,,identifier,FBarracudaShopTagFilter
0x03c9fe,248318,5,B,10,A_modules,Barracuda/Shop/BarraucdaShopFilterWidget.as,,identifier,Label
0x03ca80,248448,3,B,8,A_modules,Barracuda/Shop/BarraucdaShopFilterWidget.as,,identifier,Tag
0x03cb00,248576,18,B,23,A_modules,Barracuda/Shop/BarraucdaShopFilterWidget.as,,identifier,RecommendedHeroTag
0x03cbab,248747,23,B,28,A_modules,Barracuda/Shop/BarraucdaShopFilterWidget.as,,identifier,FBarracudaShopTagFilter
0x03cccb,249035,24,B,29,A_modules,Barracuda/Shop/BarraucdaShopFilterWidget.as,,other,~FBarracudaShopTagFilter
0x03cdf0,249328,26,B,31,A_modules,Barracuda/Shop/BarraucdaShopFilterWidget.as,,identifier,UBarraucdaShopFilterWidget
0x03ce1b,249371,10,B,15,A_modules,Barracuda/Shop/BarraucdaShopFilterWidget.as,,identifier,TagFilters
0x03cebe,249534,26,B,31,A_modules,Barracuda/Shop/BarraucdaShopFilterWidget.as,,identifier,UBarraucdaShopFilterWidget
0x03cfc9,249801,27,B,32,A_modules,Barracuda/Shop/BarraucdaShopFilterWidget.as,,other,~UBarraucdaShopFilterWidget
0x03d085,249989,11,B,16,A_modules,Barracuda/Shop/BarraucdaShopFilterWidget.as,,identifier,UUserWidget
0x03d095,250005,22,B,27,A_modules,Barracuda/Shop/BarraucdaShopFilterWidget.as,,asset_path,/Script/UMG.UserWidget
0x03d0d0,250064,39,B,44,A_modules,Barracuda/Shop/BarraucdaShopFilterWidget.as,,statictype_alias,__StaticType_UBarraucdaShopFilterWidget
0x03d110,250128,1,B,6,A_modules,Barracuda/Shop/BarraucdaShopFilterWidget.as,,suspect_short,'
0x03d188,250248,43,B,48,A_modules,Barracuda/Shop/BarraucdaShopFilterWidget.as,,source_path,Barracuda/Shop/BarraucdaShopFilterWidget.as
0x03d1bc,250300,42,A,46,A_modules,Barracuda/Spawners/BarracudaMinionSpawner.as,,dotted_name,Barracuda.Spawners.BarracudaMinionSpawner
0x03d1ea,250346,41,B,46,A_modules,Barracuda/Spawners/BarracudaMinionSpawner.as,,dotted_name,Barracuda.Spawners.BarracudaMinionSpawner
0x03d21c,250396,23,B,28,A_modules,Barracuda/Spawners/BarracudaMinionSpawner.as,,identifier,ABarracudaMinionSpawner
0x03d2d4,250580,11,B,16,A_modules,Barracuda/Spawners/BarracudaMinionSpawner.as,,identifier,StaticClass
0x03d2e4,250596,23,B,28,A_modules,Barracuda/Spawners/BarracudaMinionSpawner.as,,identifier,ABarracudaMinionSpawner
0x03d3a4,250788,5,B,10,A_modules,Barracuda/Spawners/BarracudaMinionSpawner.as,,identifier,Spawn
0x03d3ae,250798,23,B,28,A_modules,Barracuda/Spawners/BarracudaMinionSpawner.as,,identifier,ABarracudaMinionSpawner
0x03d4aa,251050,8,B,13,A_modules,Barracuda/Spawners/BarracudaMinionSpawner.as,,identifier,Location
0x03d4b7,251063,8,B,13,A_modules,Barracuda/Spawners/BarracudaMinionSpawner.as,,identifier,Rotation
0x03d4c4,251076,4,B,9,A_modules,Barracuda/Spawners/BarracudaMinionSpawner.as,,identifier,Name
0x03d4cd,251085,14,B,19,A_modules,Barracuda/Spawners/BarracudaMinionSpawner.as,,identifier,bDeferredSpawn
0x03d4e0,251104,5,B,10,A_modules,Barracuda/Spawners/BarracudaMinionSpawner.as,,identifier,Level
0x03d506,251142,21,B,26,A_modules,Barracuda/Spawners/BarracudaMinionSpawner.as,,default_arg_expr,FVector :: ZeroVector
0x03d520,251168,23,B,28,A_modules,Barracuda/Spawners/BarracudaMinionSpawner.as,,default_arg_expr,FRotator :: ZeroRotator
0x03d53c,251196,9,B,14,A_modules,Barracuda/Spawners/BarracudaMinionSpawner.as,,default_arg_expr,NAME_None
0x03d54a,251210,5,B,10,A_modules,Barracuda/Spawners/BarracudaMinionSpawner.as,,default_arg_expr,false
0x03d554,251220,7,B,12,A_modules,Barracuda/Spawners/BarracudaMinionSpawner.as,,default_arg_expr,nullptr
0x03d5f0,251376,1,B,6,A_modules,Barracuda/Spawners/BarracudaMinionSpawner.as,,identifier,J
0x03d680,251520,16,B,21,A_modules,Barracuda/Spawners/BarracudaMinionSpawner.as,,identifier,FGametimeToLevel
0x03d6a1,251553,8,B,13,A_modules,Barracuda/Spawners/BarracudaMinionSpawner.as,,identifier,Gametime
0x03d726,251686,5,B,10,A_modules,Barracuda/Spawners/BarracudaMinionSpawner.as,,identifier,Level
0x03d7c4,251844,16,B,21,A_modules,Barracuda/Spawners/BarracudaMinionSpawner.as,,identifier,FGametimeToLevel
0x03d905,252165,16,B,21,A_modules,Barracuda/Spawners/BarracudaMinionSpawner.as,,identifier,FMinionWaveEntry
0x03d926,252198,11,B,16,A_modules,Barracuda/Spawners/BarracudaMinionSpawner.as,,identifier,MinionClass
0x03d9ae,252334,5,B,10,A_modules,Barracuda/Spawners/BarracudaMinionSpawner.as,,identifier,Count
0x03da30,252464,16,B,21,A_modules,Barracuda/Spawners/BarracudaMinionSpawner.as,,identifier,MinimumMatchTime
0x03dad9,252633,16,B,21,A_modules,Barracuda/Spawners/BarracudaMinionSpawner.as,,identifier,FMinionWaveEntry
0x03dc2e,252974,11,B,16,A_modules,Barracuda/Spawners/BarracudaMinionSpawner.as,,identifier,FMinionWave
0x03dc4a,253002,7,B,12,A_modules,Barracuda/Spawners/BarracudaMinionSpawner.as,,identifier,Entries
0x03dcea,253162,11,B,16,A_modules,Barracuda/Spawners/BarracudaMinionSpawner.as,,identifier,FMinionWave
0x03ddce,253390,12,B,17,A_modules,Barracuda/Spawners/BarracudaMinionSpawner.as,,other,~FMinionWave
0x03deb7,253623,23,B,28,A_modules,Barracuda/Spawners/BarracudaMinionSpawner.as,,identifier,ABarracudaMinionSpawner
0x03dedf,253663,11,B,16,A_modules,Barracuda/Spawners/BarracudaMinionSpawner.as,,identifier,InitialTeam
0x03df6f,253807,11,B,16,A_modules,Barracuda/Spawners/BarracudaMinionSpawner.as,,identifier,SpawnPeriod
0x03dff7,253943,25,B,30,A_modules,Barracuda/Spawners/BarracudaMinionSpawner.as,,identifier,MinimumBarracudaPhaseType
0x03e08d,254093,17,B,22,A_modules,Barracuda/Spawners/BarracudaMinionSpawner.as,,identifier,InitialSpawnDelay
0x03e0d7,254167,13,B,18,A_modules,Barracuda/Spawners/BarracudaMinionSpawner.as,,identifier,EditCondition
0x03e0e9,254185,1,B,6,A_modules,Barracuda/Spawners/BarracudaMinionSpawner.as,,identifier,z
0x03e1ac,254380,13,B,18,A_modules,Barracuda/Spawners/BarracudaMinionSpawner.as,,identifier,bStaggerSpawn
0x03e236,254518,26,B,31,A_modules,Barracuda/Spawners/BarracudaMinionSpawner.as,,identifier,bSpawnAtAveragePlayerLevel
0x03e2cd,254669,25,B,30,A_modules,Barracuda/Spawners/BarracudaMinionSpawner.as,,identifier,LevelThresholdsByGametime
0x03e363,254819,11,B,16,A_modules,Barracuda/Spawners/BarracudaMinionSpawner.as,,identifier,RespawnType
0x03e3f3,254963,4,B,9,A_modules,Barracuda/Spawners/BarracudaMinionSpawner.as,,identifier,Wave
0x03e474,255092,10,B,15,A_modules,Barracuda/Spawners/BarracudaMinionSpawner.as,,identifier,bShowTimer
0x03e4fb,255227,20,B,25,A_modules,Barracuda/Spawners/BarracudaMinionSpawner.as,,identifier,bTimerRequiresVision
0x03e58c,255372,20,B,25,A_modules,Barracuda/Spawners/BarracudaMinionSpawner.as,,identifier,bSpawnLoopHasStarted
0x03e625,255525,13,B,18,A_modules,Barracuda/Spawners/BarracudaMinionSpawner.as,,identifier,LastSpawnTime
0x03e6af,255663,18,B,23,A_modules,Barracuda/Spawners/BarracudaMinionSpawner.as,,identifier,SpawnLoopStartTime
0x03e73e,255806,13,B,18,A_modules,Barracuda/Spawners/BarracudaMinionSpawner.as,,identifier,NextSpawnTime
0x03e7c8,255944,16,B,21,A_modules,Barracuda/Spawners/BarracudaMinionSpawner.as,,identifier,bHasLivingMinion
0x03e855,256085,16,B,21,A_modules,Barracuda/Spawners/BarracudaMinionSpawner.as,,identifier,CapsuleCollision
0x03e89e,256158,18,B,23,A_modules,Barracuda/Spawners/BarracudaMinionSpawner.as,,identifier,EditInlineDefaults
0x03e8b5,256181,16,B,21,A_modules,Barracuda/Spawners/BarracudaMinionSpawner.as,,identifier,DefaultComponent
0x03e8ca,256202,13,B,18,A_modules,Barracuda/Spawners/BarracudaMinionSpawner.as,,identifier,RootComponent
0x03e8e0,256224,4,B,9,A_modules,Barracuda/Spawners/BarracudaMinionSpawner.as,,default_arg_expr,true
0x03e8e9,256233,4,B,9,A_modules,Barracuda/Spawners/BarracudaMinionSpawner.as,,identifier,True
0x03e936,256310,13,B,18,A_modules,Barracuda/Spawners/BarracudaMinionSpawner.as,,identifier,TeamComponent
0x03e97c,256380,18,B,23,A_modules,Barracuda/Spawners/BarracudaMinionSpawner.as,,identifier,EditInlineDefaults
0x03e993,256403,16,B,21,A_modules,Barracuda/Spawners/BarracudaMinionSpawner.as,,identifier,DefaultComponent
0x03e9ac,256428,4,B,9,A_modules,Barracuda/Spawners/BarracudaMinionSpawner.as,,default_arg_expr,true
0x03e9b5,256437,4,B,9,A_modules,Barracuda/Spawners/BarracudaMinionSpawner.as,,identifier,True
0x03e9fe,256510,13,B,18,A_modules,Barracuda/Spawners/BarracudaMinionSpawner.as,,identifier,LaneComponent
0x03ea44,256580,18,B,23,A_modules,Barracuda/Spawners/BarracudaMinionSpawner.as,,identifier,EditInlineDefaults
0x03ea5b,256603,16,B,21,A_modules,Barracuda/Spawners/BarracudaMinionSpawner.as,,identifier,DefaultComponent
0x03ea74,256628,4,B,9,A_modules,Barracuda/Spawners/BarracudaMinionSpawner.as,,default_arg_expr,true
0x03ea7d,256637,4,B,9,A_modules,Barracuda/Spawners/BarracudaMinionSpawner.as,,identifier,True
0x03eac6,256710,16,B,21,A_modules,Barracuda/Spawners/BarracudaMinionSpawner.as,,identifier,MapIconComponent
0x03eb0f,256783,18,B,23,A_modules,Barracuda/Spawners/BarracudaMinionSpawner.as,,identifier,EditInlineDefaults
0x03eb26,256806,16,B,21,A_modules,Barracuda/Spawners/BarracudaMinionSpawner.as,,identifier,DefaultComponent
0x03eb3f,256831,4,B,9,A_modules,Barracuda/Spawners/BarracudaMinionSpawner.as,,default_arg_expr,true
0x03eb48,256840,4,B,9,A_modules,Barracuda/Spawners/BarracudaMinionSpawner.as,,identifier,True
0x03eb91,256913,18,B,23,A_modules,Barracuda/Spawners/BarracudaMinionSpawner.as,,identifier,VisibilityReceiver
0x03ebdc,256988,18,B,23,A_modules,Barracuda/Spawners/BarracudaMinionSpawner.as,,identifier,EditInlineDefaults
0x03ebf3,257011,16,B,21,A_modules,Barracuda/Spawners/BarracudaMinionSpawner.as,,identifier,DefaultComponent
0x03ec0c,257036,4,B,9,A_modules,Barracuda/Spawners/BarracudaMinionSpawner.as,,default_arg_expr,true
0x03ec15,257045,4,B,9,A_modules,Barracuda/Spawners/BarracudaMinionSpawner.as,,identifier,True
0x03ec5e,257118,15,B,20,A_modules,Barracuda/Spawners/BarracudaMinionSpawner.as,,identifier,StartingEffects
0x03ecea,257258,15,B,20,A_modules,Barracuda/Spawners/BarracudaMinionSpawner.as,,identifier,MinionInstances
0x03ed76,257398,22,B,27,A_modules,Barracuda/Spawners/BarracudaMinionSpawner.as,,identifier,CurrentWaveBufferIndex
0x03edc1,257473,10,B,15,A_modules,Barracuda/Spawners/BarracudaMinionSpawner.as,,identifier,WaveBuffer
0x03ee00,257536,15,B,20,A_modules,Barracuda/Spawners/BarracudaMinionSpawner.as,,identifier,SpawnAudioEvent
0x03ee8c,257676,12,B,17,A_modules,Barracuda/Spawners/BarracudaMinionSpawner.as,,identifier,SpawnPilotVO
0x03ef15,257813,18,B,23,A_modules,Barracuda/Spawners/BarracudaMinionSpawner.as,,identifier,BarracksDownEffect
0x03ef60,257888,8,B,13,A_modules,Barracuda/Spawners/BarracudaMinionSpawner.as,,identifier,Category
0x03ef71,257905,8,B,13,A_modules,Barracuda/Spawners/BarracudaMinionSpawner.as,,identifier,Barracks
0x03efbe,257982,13,B,18,A_modules,Barracuda/Spawners/BarracudaMinionSpawner.as,,identifier,BarracksClass
0x03f004,258052,8,B,13,A_modules,Barracuda/Spawners/BarracudaMinionSpawner.as,,identifier,Category
0x03f015,258069,8,B,13,A_modules,Barracuda/Spawners/BarracudaMinionSpawner.as,,identifier,Barracks
0x03f066,258150,28,B,33,A_modules,Barracuda/Spawners/BarracudaMinionSpawner.as,,identifier,LokiBeginPlay_Implementation
0x03f45b,259163,13,B,18,A_modules,Barracuda/Spawners/BarracudaMinionSpawner.as,,identifier,LokiBeginPlay
0x03f4bd,259261,21,B,26,A_modules,Barracuda/Spawners/BarracudaMinionSpawner.as,,identifier,ClientGetMapIconState
0x03f54f,259407,15,B,20,A_modules,Barracuda/Spawners/BarracudaMinionSpawner.as,,identifier,bShowLivingIcon
0x03f563,259427,16,B,21,A_modules,Barracuda/Spawners/BarracudaMinionSpawner.as,,identifier,SecondsRemaining
0x03f59c,259484,1,B,6,A_modules,Barracuda/Spawners/BarracudaMinionSpawner.as,,suspect_short,0
0x03f9ec,260588,21,B,26,A_modules,Barracuda/Spawners/BarracudaMinionSpawner.as,,identifier,ClientGetMapIconState
0x03fa56,260694,20,B,25,A_modules,Barracuda/Spawners/BarracudaMinionSpawner.as,,identifier,AuthSetNextSpawnTime
0x03fac3,260803,7,B,12,A_modules,Barracuda/Spawners/BarracudaMinionSpawner.as,,identifier,NewTime
0x03fb6b,260971,19,B,24,A_modules,Barracuda/Spawners/BarracudaMinionSpawner.as,,identifier,AuthOnNewRoundPhase
0x03fbd7,261079,8,B,13,A_modules,Barracuda/Spawners/BarracudaMinionSpawner.as,,identifier,NewPhase
0x03fc40,261184,19,B,24,A_modules,Barracuda/Spawners/BarracudaMinionSpawner.as,,identifier,AuthOnNewRoundPhase
0x03fca8,261288,31,B,36,A_modules,Barracuda/Spawners/BarracudaMinionSpawner.as,,identifier,AuthHandleBarracudaPhaseChanged
0x03fd44,261444,5,B,10,A_modules,Barracuda/Spawners/BarracudaMinionSpawner.as,,identifier,Event
0x03fd4e,261454,7,B,12,A_modules,Barracuda/Spawners/BarracudaMinionSpawner.as,,identifier,Context
0x03fdbe,261566,31,B,36,A_modules,Barracuda/Spawners/BarracudaMinionSpawner.as,,identifier,AuthHandleBarracudaPhaseChanged
0x03fe32,261682,24,B,29,A_modules,Barracuda/Spawners/BarracudaMinionSpawner.as,,identifier,AuthTryEnablingSpawnLoop
0x0400db,262363,22,B,27,A_modules,Barracuda/Spawners/BarracudaMinionSpawner.as,,identifier,AuthOnNewDayNightState
0x04016e,262510,8,B,13,A_modules,Barracuda/Spawners/BarracudaMinionSpawner.as,,identifier,NewState
0x04017b,262523,8,B,13,A_modules,Barracuda/Spawners/BarracudaMinionSpawner.as,,identifier,OldState
0x0401ec,262636,22,B,27,A_modules,Barracuda/Spawners/BarracudaMinionSpawner.as,,identifier,AuthOnNewDayNightState
0x040257,262743,19,B,24,A_modules,Barracuda/Spawners/BarracudaMinionSpawner.as,,identifier,Tick_Implementation
0x0402c3,262851,12,B,17,A_modules,Barracuda/Spawners/BarracudaMinionSpawner.as,,identifier,DeltaSeconds
0x040370,263024,2,A,6,A_modules,Barracuda/Spawners/BarracudaMinionSpawner.as,,suspect_short,6
0x0403ac,263084,2,A,6,A_modules,Barracuda/Spawners/BarracudaMinionSpawner.as,,suspect_short,6
0x040554,263508,4,B,9,A_modules,Barracuda/Spawners/BarracudaMinionSpawner.as,,identifier,Tick
0x0405ad,263597,17,B,22,A_modules,Barracuda/Spawners/BarracudaMinionSpawner.as,,identifier,IsSpawningAllowed
0x0406f7,263927,1,B,6,A_modules,Barracuda/Spawners/BarracudaMinionSpawner.as,,identifier,R
0x0407bb,264123,18,B,23,A_modules,Barracuda/Spawners/BarracudaMinionSpawner.as,,identifier,HasNextRespawnTime
0x040876,264310,18,B,23,A_modules,Barracuda/Spawners/BarracudaMinionSpawner.as,,identifier,HasNextRespawnTime
0x0408dd,264413,13,B,18,A_modules,Barracuda/Spawners/BarracudaMinionSpawner.as,,identifier,AuthSpawnWave
0x040b13,264979,1,B,6,A_modules,Barracuda/Spawners/BarracudaMinionSpawner.as,,identifier,P
0x040bd7,265175,1,B,6,A_modules,Barracuda/Spawners/BarracudaMinionSpawner.as,,identifier,J
0x041043,266307,13,B,18,A_modules,Barracuda/Spawners/BarracudaMinionSpawner.as,,identifier,AuthSpawnWave
0x0410a5,266405,14,B,19,A_modules,Barracuda/Spawners/BarracudaMinionSpawner.as,,identifier,SetMinionLevel
0x04110c,266508,6,B,11,A_modules,Barracuda/Spawners/BarracudaMinionSpawner.as,,identifier,Minion
0x041263,266851,1,B,6,A_modules,Barracuda/Spawners/BarracudaMinionSpawner.as,,suspect_short,=
0x041593,267667,14,B,19,A_modules,Barracuda/Spawners/BarracudaMinionSpawner.as,,identifier,SetMinionLevel
0x0415f6,267766,17,B,22,A_modules,Barracuda/Spawners/BarracudaMinionSpawner.as,,identifier,BeginStaggerSpawn
0x041964,268644,12,B,17,A_modules,Barracuda/Spawners/BarracudaMinionSpawner.as,,identifier,StaggerSpawn
0x041b49,269129,1,B,6,A_modules,Barracuda/Spawners/BarracudaMinionSpawner.as,,identifier,J
0x041e45,269893,1,B,6,A_modules,Barracuda/Spawners/BarracudaMinionSpawner.as,,identifier,J
0x041ea5,269989,1,B,6,A_modules,Barracuda/Spawners/BarracudaMinionSpawner.as,,identifier,P
0x0423c1,271297,12,B,17,A_modules,Barracuda/Spawners/BarracudaMinionSpawner.as,,identifier,StaggerSpawn
0x042422,271394,18,B,23,A_modules,Barracuda/Spawners/BarracudaMinionSpawner.as,,identifier,AuthCleanupMinions
0x042635,271925,25,B,30,A_modules,Barracuda/Spawners/BarracudaMinionSpawner.as,,identifier,AuthCleanMinionReferences
0x042807,272391,19,B,24,A_modules,Barracuda/Spawners/BarracudaMinionSpawner.as,,identifier,AuthShouldSpawnWave
0x04296f,272751,1,B,6,A_modules,Barracuda/Spawners/BarracudaMinionSpawner.as,,identifier,R
0x0429f7,272887,28,B,33,A_modules,Barracuda/Spawners/BarracudaMinionSpawner.as,,identifier,AuthTryUpdatingNextSpawnTime
0x042b90,273296,20,B,25,A_modules,Barracuda/Spawners/BarracudaMinionSpawner.as,,identifier,IsClockBasedSpawning
0x042bf9,273401,1,B,6,A_modules,Barracuda/Spawners/BarracudaMinionSpawner.as,,suspect_short,6
0x042c2d,273453,1,B,6,A_modules,Barracuda/Spawners/BarracudaMinionSpawner.as,,suspect_short,6
0x042c85,273541,22,B,27,A_modules,Barracuda/Spawners/BarracudaMinionSpawner.as,,identifier,AuthCheckDayNightSpawn
0x042f1c,274204,25,B,30,A_modules,Barracuda/Spawners/BarracudaMinionSpawner.as,,identifier,HandleVisibilityEvaluated
0x042fb2,274354,27,B,32,A_modules,Barracuda/Spawners/BarracudaMinionSpawner.as,,identifier,EvaluatedVisibilityReceiver
0x042fd2,274386,22,B,27,A_modules,Barracuda/Spawners/BarracudaMinionSpawner.as,,identifier,TeamsIndicesWithVision
0x0430f5,274677,25,B,30,A_modules,Barracuda/Spawners/BarracudaMinionSpawner.as,,identifier,HandleVisibilityEvaluated
0x043163,274787,16,B,21,A_modules,Barracuda/Spawners/BarracudaMinionSpawner.as,,identifier,GrantTimerToTeam
0x0431cc,274892,9,B,14,A_modules,Barracuda/Spawners/BarracudaMinionSpawner.as,,identifier,TeamIndex
0x0432de,275166,20,B,25,A_modules,Barracuda/Spawners/BarracudaMinionSpawner.as,,identifier,GrantTimerToAllTeams
0x04350f,275727,19,B,24,A_modules,Barracuda/Spawners/BarracudaMinionSpawner.as,,identifier,PlaySpawnAudioEvent
0x0436b3,276147,19,B,24,A_modules,Barracuda/Spawners/BarracudaMinionSpawner.as,,identifier,PlaySpawnAudioEvent
0x04371b,276251,14,B,19,A_modules,Barracuda/Spawners/BarracudaMinionSpawner.as,,internal_symbol,__InitDefaults
0x0437c6,276422,1,B,6,A_modules,Barracuda/Spawners/BarracudaMinionSpawner.as,,suspect_short,0
0x0439d6,276950,1,B,6,A_modules,Barracuda/Spawners/BarracudaMinionSpawner.as,,suspect_short,0
0x0439fe,276990,1,B,6,A_modules,Barracuda/Spawners/BarracudaMinionSpawner.as,,suspect_short,0
0x043aea,277226,23,B,28,A_modules,Barracuda/Spawners/BarracudaMinionSpawner.as,,identifier,ABarracudaMinionSpawner
0x043caa,277674,24,B,29,A_modules,Barracuda/Spawners/BarracudaMinionSpawner.as,,other,~ABarracudaMinionSpawner
0x043dd7,277975,10,B,15,A_modules,Barracuda/Spawners/BarracudaMinionSpawner.as,,identifier,ALokiActor
0x043de6,277990,24,B,29,A_modules,Barracuda/Spawners/BarracudaMinionSpawner.as,,asset_path,/Script/Engine.LokiActor
0x043e23,278051,36,B,41,A_modules,Barracuda/Spawners/BarracudaMinionSpawner.as,,statictype_alias,__StaticType_ABarracudaMinionSpawner
0x043e54,278100,15,B,20,A_modules,Barracuda/Spawners/BarracudaMinionSpawner.as,,identifier,IsBlueprintBase
0x043e68,278120,13,B,18,A_modules,Barracuda/Spawners/BarracudaMinionSpawner.as,,identifier,Blueprintable
0x043e7e,278142,4,B,9,A_modules,Barracuda/Spawners/BarracudaMinionSpawner.as,,default_arg_expr,true
0x043e87,278151,4,B,9,A_modules,Barracuda/Spawners/BarracudaMinionSpawner.as,,default_arg_expr,true
0x043e98,278168,29,B,34,A_modules,Barracuda/Spawners/BarracudaMinionSpawner.as,,identifier,EBarracudaRespawnBehaviorType
0x043ec2,278210,11,B,16,A_modules,Barracuda/Spawners/BarracudaMinionSpawner.as,,identifier,AlwaysSpawn
0x043ed2,278226,13,B,18,A_modules,Barracuda/Spawners/BarracudaMinionSpawner.as,,identifier,ReplaceSpawns
0x043ee4,278244,22,B,27,A_modules,Barracuda/Spawners/BarracudaMinionSpawner.as,,identifier,SkipSpawnWhenOldExists
0x043eff,278271,27,B,32,A_modules,Barracuda/Spawners/BarracudaMinionSpawner.as,,identifier,StartRespawnTimerAfterDeath
0x043f1f,278303,12,B,17,A_modules,Barracuda/Spawners/BarracudaMinionSpawner.as,,identifier,AliveAtNight
0x043f30,278320,14,B,19,A_modules,Barracuda/Spawners/BarracudaMinionSpawner.as,,identifier,AliveDuringDay
0x043f5f,278367,1,B,6,A_modules,Barracuda/Spawners/BarracudaMinionSpawner.as,,suspect_short,$
0x043fd4,278484,44,B,49,A_modules,Barracuda/Spawners/BarracudaMinionSpawner.as,,source_path,Barracuda/Spawners/BarracudaMinionSpawner.as
0x044009,278537,28,A,32,A_modules,Character/LokiHeroCharacter.as,,dotted_name,Character.LokiHeroCharacter
0x044029,278569,27,B,32,A_modules,Character/LokiHeroCharacter.as,,dotted_name,Character.LokiHeroCharacter
0x04404d,278605,21,B,26,A_modules,Character/LokiHeroCharacter.as,,identifier,ALokiHeroCharacter_AS
0x044103,278787,11,B,16,A_modules,Character/LokiHeroCharacter.as,,identifier,StaticClass
0x044113,278803,21,B,26,A_modules,Character/LokiHeroCharacter.as,,identifier,ALokiHeroCharacter_AS
0x0441d1,278993,5,B,10,A_modules,Character/LokiHeroCharacter.as,,identifier,Spawn
0x0441db,279003,21,B,26,A_modules,Character/LokiHeroCharacter.as,,identifier,ALokiHeroCharacter_AS
0x0442d5,279253,8,B,13,A_modules,Character/LokiHeroCharacter.as,,identifier,Location
0x0442e2,279266,8,B,13,A_modules,Character/LokiHeroCharacter.as,,identifier,Rotation
0x0442ef,279279,4,B,9,A_modules,Character/LokiHeroCharacter.as,,identifier,Name
0x0442f8,279288,14,B,19,A_modules,Character/LokiHeroCharacter.as,,identifier,bDeferredSpawn
0x04430b,279307,5,B,10,A_modules,Character/LokiHeroCharacter.as,,identifier,Level
0x044331,279345,21,B,26,A_modules,Character/LokiHeroCharacter.as,,default_arg_expr,FVector :: ZeroVector
0x04434b,279371,23,B,28,A_modules,Character/LokiHeroCharacter.as,,default_arg_expr,FRotator :: ZeroRotator
0x044367,279399,9,B,14,A_modules,Character/LokiHeroCharacter.as,,default_arg_expr,NAME_None
0x044375,279413,5,B,10,A_modules,Character/LokiHeroCharacter.as,,default_arg_expr,false
0x04437f,279423,7,B,12,A_modules,Character/LokiHeroCharacter.as,,default_arg_expr,nullptr
0x04441b,279579,1,B,6,A_modules,Character/LokiHeroCharacter.as,,identifier,J
0x0444ab,279723,21,B,26,A_modules,Character/LokiHeroCharacter.as,,identifier,ALokiHeroCharacter_AS
0x0444d1,279761,20,B,25,A_modules,Character/LokiHeroCharacter.as,,identifier,OnBiomeTouchUnlocked
0x044566,279910,23,B,28,A_modules,Character/LokiHeroCharacter.as,,identifier,ClientBiomeSoulAcquired
0x0445d6,280022,10,B,15,A_modules,Character/LokiHeroCharacter.as,,identifier,AcquiredBy
0x04460d,280077,2,A,6,A_modules,Character/LokiHeroCharacter.as,0x26e7762b300,identifier,r
0x04466d,280173,38,B,43,A_modules,Character/LokiHeroCharacter.as,,identifier,ClientBiomeSoulAcquired_Implementation
0x0446ec,280300,10,B,15,A_modules,Character/LokiHeroCharacter.as,,identifier,AcquiredBy
0x04475b,280411,23,B,28,A_modules,Character/LokiHeroCharacter.as,,identifier,ClientBiomeSoulAcquired
0x0447c7,280519,28,B,33,A_modules,Character/LokiHeroCharacter.as,,identifier,BP_OnClientBiomeSoulAcquired
0x04483c,280636,10,B,15,A_modules,Character/LokiHeroCharacter.as,,identifier,AcquiredBy
0x044873,280691,2,A,6,A_modules,Character/LokiHeroCharacter.as,0x26e7762b300,identifier,s
0x0448bf,280767,5,A,9,A_modules,Character/LokiHeroCharacter.as,,other,.%.!
0x0448d3,280787,43,B,48,A_modules,Character/LokiHeroCharacter.as,,identifier,BP_OnClientBiomeSoulAcquired_Implementation
0x044957,280919,10,B,15,A_modules,Character/LokiHeroCharacter.as,,identifier,AcquiredBy
0x0449b6,281014,28,B,33,A_modules,Character/LokiHeroCharacter.as,,identifier,BP_OnClientBiomeSoulAcquired
0x0449db,281051,18,B,23,A_modules,Character/LokiHeroCharacter.as,,identifier,BlueprintProtected
0x0449f2,281074,11,B,16,A_modules,Character/LokiHeroCharacter.as,,identifier,DisplayName
0x044a0a,281098,28,B,33,A_modules,Character/LokiHeroCharacter.as,,string_literal,BP OnClientBiomeSoulAcquired
0x044a73,281203,14,B,19,A_modules,Character/LokiHeroCharacter.as,,internal_symbol,__InitDefaults
0x044b46,281414,21,B,26,A_modules,Character/LokiHeroCharacter.as,,identifier,ALokiHeroCharacter_AS
0x044c48,281672,22,B,27,A_modules,Character/LokiHeroCharacter.as,,other,~ALokiHeroCharacter_AS
0x044cfb,281851,18,B,23,A_modules,Character/LokiHeroCharacter.as,,identifier,ALokiHeroCharacter
0x044d12,281874,30,B,35,A_modules,Character/LokiHeroCharacter.as,,asset_path,/Script/Loki.LokiHeroCharacter
0x044d55,281941,34,B,39,A_modules,Character/LokiHeroCharacter.as,,statictype_alias,__StaticType_ALokiHeroCharacter_AS
0x044d8c,281996,27,B,32,A_modules,Character/LokiHeroCharacter.as,,identifier,FBiomeTouchUnlockedDelegate
0x044db8,282040,6,B,11,A_modules,Character/LokiHeroCharacter.as,,identifier,_Inner
0x044df7,282103,8,B,13,A_modules,Character/LokiHeroCharacter.as,,internal_symbol,opAssign
0x044e58,282200,5,B,10,A_modules,Character/LokiHeroCharacter.as,,identifier,Other
0x044ede,282334,9,B,14,A_modules,Character/LokiHeroCharacter.as,,identifier,Broadcast
0x044f64,282468,4,B,9,A_modules,Character/LokiHeroCharacter.as,,identifier,Item
0x044f6d,282477,10,B,15,A_modules,Character/LokiHeroCharacter.as,,identifier,UnlockName
0x045040,282688,12,B,17,A_modules,Character/LokiHeroCharacter.as,,identifier,AddUFunction
0x0450c9,282825,6,B,11,A_modules,Character/LokiHeroCharacter.as,,identifier,Object
0x0450d4,282836,12,B,17,A_modules,Character/LokiHeroCharacter.as,,identifier,FunctionName
0x045189,283017,6,B,11,A_modules,Character/LokiHeroCharacter.as,,identifier,Unbind
0x04520c,283148,6,B,11,A_modules,Character/LokiHeroCharacter.as,,identifier,Object
0x045217,283159,12,B,17,A_modules,Character/LokiHeroCharacter.as,,identifier,FunctionName
0x0452a0,283296,12,B,17,A_modules,Character/LokiHeroCharacter.as,,identifier,UnbindObject
0x045305,283397,6,B,11,A_modules,Character/LokiHeroCharacter.as,,identifier,Object
0x04537c,283516,7,B,12,A_modules,Character/LokiHeroCharacter.as,,identifier,IsBound
0x045420,283680,5,B,10,A_modules,Character/LokiHeroCharacter.as,,identifier,Clear
0x0454d2,283858,27,B,32,A_modules,Character/LokiHeroCharacter.as,,identifier,FBiomeTouchUnlockedDelegate
0x045582,284034,27,B,32,A_modules,Character/LokiHeroCharacter.as,,identifier,FBiomeTouchUnlockedDelegate
0x0455f6,284150,5,B,10,A_modules,Character/LokiHeroCharacter.as,,identifier,Other
0x0456bc,284348,28,B,33,A_modules,Character/LokiHeroCharacter.as,,other,~FBiomeTouchUnlockedDelegate
0x04577d,284541,1,B,6,A_modules,Character/LokiHeroCharacter.as,,suspect_short,""""
0x0457ec,284652,27,B,32,A_modules,Character/LokiHeroCharacter.as,,identifier,FBiomeTouchUnlockedDelegate
0x045810,284688,30,B,35,A_modules,Character/LokiHeroCharacter.as,,source_path,Character/LokiHeroCharacter.as
0x045837,284727,34,A,38,A_modules,Character/LokiHeroGroundIndicator.as,,dotted_name,Character.LokiHeroGroundIndicator
0x04585d,284765,33,B,38,A_modules,Character/LokiHeroGroundIndicator.as,,dotted_name,Character.LokiHeroGroundIndicator
0x045887,284807,24,B,29,A_modules,Character/LokiHeroGroundIndicator.as,,identifier,ULokiHeroGroundIndicator
0x045940,284992,11,B,16,A_modules,Character/LokiHeroGroundIndicator.as,,identifier,StaticClass
0x045950,285008,24,B,29,A_modules,Character/LokiHeroGroundIndicator.as,,identifier,ULokiHeroGroundIndicator
0x0459fd,285181,4,B,9,A_modules,Character/LokiHeroGroundIndicator.as,,string_literal,o= ;
0x045a11,285201,3,B,8,A_modules,Character/LokiHeroGroundIndicator.as,,identifier,Get
0x045a19,285209,24,B,29,A_modules,Character/LokiHeroGroundIndicator.as,,identifier,ULokiHeroGroundIndicator
0x045aaa,285354,5,B,10,A_modules,Character/LokiHeroGroundIndicator.as,,identifier,Actor
0x045ab4,285364,8,B,13,A_modules,Character/LokiHeroGroundIndicator.as,,identifier,WithName
0x045ad5,285397,9,B,14,A_modules,Character/LokiHeroGroundIndicator.as,,default_arg_expr,NAME_None
0x045b63,285539,11,B,16,A_modules,Character/LokiHeroGroundIndicator.as,,identifier,GetOrCreate
0x045b73,285555,24,B,29,A_modules,Character/LokiHeroGroundIndicator.as,,identifier,ULokiHeroGroundIndicator
0x045c04,285700,5,B,10,A_modules,Character/LokiHeroGroundIndicator.as,,identifier,Actor
0x045c0e,285710,8,B,13,A_modules,Character/LokiHeroGroundIndicator.as,,identifier,WithName
0x045c2f,285743,9,B,14,A_modules,Character/LokiHeroGroundIndicator.as,,default_arg_expr,NAME_None
0x045cbd,285885,6,B,11,A_modules,Character/LokiHeroGroundIndicator.as,,identifier,Create
0x045cc8,285896,24,B,29,A_modules,Character/LokiHeroGroundIndicator.as,,identifier,ULokiHeroGroundIndicator
0x045d59,286041,5,B,10,A_modules,Character/LokiHeroGroundIndicator.as,,identifier,Actor
0x045d63,286051,8,B,13,A_modules,Character/LokiHeroGroundIndicator.as,,identifier,WithName
0x045d84,286084,9,B,14,A_modules,Character/LokiHeroGroundIndicator.as,,default_arg_expr,NAME_None
0x045e16,286230,24,B,29,A_modules,Character/LokiHeroGroundIndicator.as,,identifier,ULokiHeroGroundIndicator
0x045e3f,286271,15,B,20,A_modules,Character/LokiHeroGroundIndicator.as,,identifier,ShadowDecalSize
0x045e87,286343,8,B,13,A_modules,Character/LokiHeroGroundIndicator.as,,identifier,Category
0x045e98,286360,22,B,27,A_modules,Character/LokiHeroGroundIndicator.as,,other,GroundIndicator|Shadow
0x045ef3,286451,19,B,24,A_modules,Character/LokiHeroGroundIndicator.as,,identifier,ShadowDecalRotation
0x045f3f,286527,8,B,13,A_modules,Character/LokiHeroGroundIndicator.as,,identifier,Category
0x045f50,286544,22,B,27,A_modules,Character/LokiHeroGroundIndicator.as,,other,GroundIndicator|Shadow
0x045fab,286635,13,B,18,A_modules,Character/LokiHeroGroundIndicator.as,,identifier,RingDecalSize
0x045ff1,286705,8,B,13,A_modules,Character/LokiHeroGroundIndicator.as,,identifier,Category
0x046002,286722,20,B,25,A_modules,Character/LokiHeroGroundIndicator.as,,other,GroundIndicator|Ring
0x04605b,286811,17,B,22,A_modules,Character/LokiHeroGroundIndicator.as,,identifier,RingDecalRotation
0x0460a5,286885,8,B,13,A_modules,Character/LokiHeroGroundIndicator.as,,identifier,Category
0x0460b6,286902,20,B,25,A_modules,Character/LokiHeroGroundIndicator.as,,other,GroundIndicator|Ring
0x04610f,286991,2,A,6,A_modules,Character/LokiHeroGroundIndicator.as,,suspect_short, 
0x0462e0,287456,17,B,22,A_modules,Character/LokiHeroGroundIndicator.as,,identifier,CreateShadowDecal
0x046346,287558,30,B,35,A_modules,Character/LokiHeroGroundIndicator.as,,identifier,CreateRingDecal_Implementation
0x046511,288017,15,B,20,A_modules,Character/LokiHeroGroundIndicator.as,,identifier,CreateRingDecal
0x046595,288149,24,B,29,A_modules,Character/LokiHeroGroundIndicator.as,,identifier,ULokiHeroGroundIndicator
0x046846,288838,28,B,33,A_modules,Character/LokiHeroGroundIndicator.as,,identifier,ULokiHeroGroundIndicatorBase
0x046867,288871,40,B,45,A_modules,Character/LokiHeroGroundIndicator.as,,asset_path,/Script/Loki.LokiHeroGroundIndicatorBase
0x0468b4,288948,37,B,42,A_modules,Character/LokiHeroGroundIndicator.as,,statictype_alias,__StaticType_ULokiHeroGroundIndicator
0x0468f2,289010,1,B,6,A_modules,Character/LokiHeroGroundIndicator.as,,suspect_short,%
0x046968,289128,36,B,41,A_modules,Character/LokiHeroGroundIndicator.as,,source_path,Character/LokiHeroGroundIndicator.as
0x046995,289173,23,A,27,A_modules,Content/TemporaryFloor.as,,dotted_name,Content.TemporaryFloor
0x0469b0,289200,22,B,27,A_modules,Content/TemporaryFloor.as,,dotted_name,Content.TemporaryFloor
0x0469cf,289231,15,B,20,A_modules,Content/TemporaryFloor.as,,identifier,ATemporaryFloor
0x046a7f,289407,11,B,16,A_modules,Content/TemporaryFloor.as,,identifier,StaticClass
0x046a8f,289423,15,B,20,A_modules,Content/TemporaryFloor.as,,identifier,ATemporaryFloor
0x046b47,289607,5,B,10,A_modules,Content/TemporaryFloor.as,,identifier,Spawn
0x046b51,289617,15,B,20,A_modules,Content/TemporaryFloor.as,,identifier,ATemporaryFloor
0x046c45,289861,8,B,13,A_modules,Content/TemporaryFloor.as,,identifier,Location
0x046c52,289874,8,B,13,A_modules,Content/TemporaryFloor.as,,identifier,Rotation
0x046c5f,289887,4,B,9,A_modules,Content/TemporaryFloor.as,,identifier,Name
0x046c68,289896,14,B,19,A_modules,Content/TemporaryFloor.as,,identifier,bDeferredSpawn
0x046c7b,289915,5,B,10,A_modules,Content/TemporaryFloor.as,,identifier,Level
0x046ca1,289953,21,B,26,A_modules,Content/TemporaryFloor.as,,default_arg_expr,FVector :: ZeroVector
0x046cbb,289979,23,B,28,A_modules,Content/TemporaryFloor.as,,default_arg_expr,FRotator :: ZeroRotator
0x046cd7,290007,9,B,14,A_modules,Content/TemporaryFloor.as,,default_arg_expr,NAME_None
0x046ce5,290021,5,B,10,A_modules,Content/TemporaryFloor.as,,default_arg_expr,false
0x046cef,290031,7,B,12,A_modules,Content/TemporaryFloor.as,,default_arg_expr,nullptr
0x046d8b,290187,1,B,6,A_modules,Content/TemporaryFloor.as,,identifier,J
0x046e1b,290331,15,B,20,A_modules,Content/TemporaryFloor.as,,identifier,ATemporaryFloor
0x046e3b,290363,18,B,23,A_modules,Content/TemporaryFloor.as,,identifier,RootSceneComponent
0x046e86,290438,18,B,23,A_modules,Content/TemporaryFloor.as,,identifier,EditInlineDefaults
0x046e9d,290461,16,B,21,A_modules,Content/TemporaryFloor.as,,identifier,DefaultComponent
0x046eb2,290482,13,B,18,A_modules,Content/TemporaryFloor.as,,identifier,RootComponent
0x046ec8,290504,4,B,9,A_modules,Content/TemporaryFloor.as,,default_arg_expr,true
0x046ed1,290513,4,B,9,A_modules,Content/TemporaryFloor.as,,identifier,True
0x046f1e,290590,19,B,24,A_modules,Content/TemporaryFloor.as,,identifier,StaticMeshComponent
0x046f6a,290666,18,B,23,A_modules,Content/TemporaryFloor.as,,identifier,EditInlineDefaults
0x046f81,290689,16,B,21,A_modules,Content/TemporaryFloor.as,,identifier,DefaultComponent
0x046f96,290710,6,B,11,A_modules,Content/TemporaryFloor.as,,identifier,Attach
0x046fa5,290725,4,B,9,A_modules,Content/TemporaryFloor.as,,default_arg_expr,true
0x046fae,290734,4,B,9,A_modules,Content/TemporaryFloor.as,,identifier,True
0x046fb7,290743,18,B,23,A_modules,Content/TemporaryFloor.as,,identifier,RootSceneComponent
0x04700e,290830,21,B,26,A_modules,Content/TemporaryFloor.as,,identifier,BackupMantleCollision
0x04705c,290908,18,B,23,A_modules,Content/TemporaryFloor.as,,identifier,EditInlineDefaults
0x047073,290931,16,B,21,A_modules,Content/TemporaryFloor.as,,identifier,DefaultComponent
0x047088,290952,6,B,11,A_modules,Content/TemporaryFloor.as,,identifier,Attach
0x047097,290967,4,B,9,A_modules,Content/TemporaryFloor.as,,default_arg_expr,true
0x0470a0,290976,4,B,9,A_modules,Content/TemporaryFloor.as,,identifier,True
0x0470a9,290985,18,B,23,A_modules,Content/TemporaryFloor.as,,identifier,RootSceneComponent
0x047100,291072,30,B,35,A_modules,Content/TemporaryFloor.as,,identifier,bGenerateBackupMantleCollision
0x047157,291159,8,B,13,A_modules,Content/TemporaryFloor.as,,identifier,Category
0x047168,291176,15,B,20,A_modules,Content/TemporaryFloor.as,,string_literal,Temporary Floor
0x0471bc,291260,10,B,15,A_modules,Content/TemporaryFloor.as,,identifier,StaticMesh
0x0471ff,291327,8,B,13,A_modules,Content/TemporaryFloor.as,,identifier,Category
0x047210,291344,15,B,20,A_modules,Content/TemporaryFloor.as,,string_literal,Temporary Floor
0x047264,291428,24,B,29,A_modules,Content/TemporaryFloor.as,,identifier,DefaultTriggeredDuration
0x0472b5,291509,8,B,13,A_modules,Content/TemporaryFloor.as,,identifier,Category
0x0472c6,291526,15,B,20,A_modules,Content/TemporaryFloor.as,,string_literal,Temporary Floor
0x04731a,291610,21,B,26,A_modules,Content/TemporaryFloor.as,,identifier,DefaultFadingDuration
0x047368,291688,8,B,13,A_modules,Content/TemporaryFloor.as,,identifier,Category
0x047379,291705,15,B,20,A_modules,Content/TemporaryFloor.as,,string_literal,Temporary Floor
0x0473cd,291789,19,B,24,A_modules,Content/TemporaryFloor.as,,identifier,DefaultDeadDuration
0x047419,291865,8,B,13,A_modules,Content/TemporaryFloor.as,,identifier,Category
0x04742a,291882,15,B,20,A_modules,Content/TemporaryFloor.as,,string_literal,Temporary Floor
0x04747e,291966,25,B,30,A_modules,Content/TemporaryFloor.as,,identifier,DefaultRespawningDuration
0x0474d0,292048,8,B,13,A_modules,Content/TemporaryFloor.as,,identifier,Category
0x0474e1,292065,15,B,20,A_modules,Content/TemporaryFloor.as,,string_literal,Temporary Floor
0x047535,292149,16,B,21,A_modules,Content/TemporaryFloor.as,,identifier,StateAudioEvents
0x04757e,292222,8,B,13,A_modules,Content/TemporaryFloor.as,,identifier,Category
0x04758f,292239,15,B,20,A_modules,Content/TemporaryFloor.as,,string_literal,Temporary Floor
0x0475e3,292323,10,B,15,A_modules,Content/TemporaryFloor.as,,identifier,bShowDebug
0x047626,292390,8,B,13,A_modules,Content/TemporaryFloor.as,,identifier,Category
0x047637,292407,23,B,28,A_modules,Content/TemporaryFloor.as,,string_literal,Temporary Floor | Debug
0x047693,292499,10,B,15,A_modules,Content/TemporaryFloor.as,,identifier,LocalState
0x04771a,292634,15,B,20,A_modules,Content/TemporaryFloor.as,,identifier,LastTriggerTime
0x047762,292706,15,B,20,A_modules,Content/TemporaryFloor.as,,identifier,ReplicatedUsing
0x04777a,292730,21,B,26,A_modules,Content/TemporaryFloor.as,,identifier,OnRep_LastTriggerTime
0x0477dc,292828,22,B,27,A_modules,Content/TemporaryFloor.as,,identifier,LastHeightMapDirtyTime
0x04786f,292975,28,B,33,A_modules,Content/TemporaryFloor.as,,identifier,StateToCumulativeDurationMap
0x047908,293128,21,B,26,A_modules,Content/TemporaryFloor.as,,identifier,NextUpdateTimerHandle
0x047956,293206,13,B,18,A_modules,Content/TemporaryFloor.as,,identifier,GetLocalState
0x0479f0,293360,13,B,18,A_modules,Content/TemporaryFloor.as,,identifier,GetLocalState
0x047a06,293382,8,B,13,A_modules,Content/TemporaryFloor.as,,identifier,Category
0x047a17,293399,15,B,20,A_modules,Content/TemporaryFloor.as,,string_literal,Temporary Floor
0x047a73,293491,18,B,23,A_modules,Content/TemporaryFloor.as,,identifier,GetLastTriggerTime
0x047b12,293650,18,B,23,A_modules,Content/TemporaryFloor.as,,identifier,GetLastTriggerTime
0x047b2d,293677,8,B,13,A_modules,Content/TemporaryFloor.as,,identifier,Category
0x047b3e,293694,15,B,20,A_modules,Content/TemporaryFloor.as,,string_literal,Temporary Floor
0x047b9a,293786,25,B,30,A_modules,Content/TemporaryFloor.as,,identifier,GetLastHeightMapDirtyTime
0x047c40,293952,25,B,30,A_modules,Content/TemporaryFloor.as,,identifier,GetLastHeightMapDirtyTime
0x047c62,293986,8,B,13,A_modules,Content/TemporaryFloor.as,,identifier,Category
0x047c73,294003,15,B,20,A_modules,Content/TemporaryFloor.as,,string_literal,Temporary Floor
0x047ccf,294095,22,B,27,A_modules,Content/TemporaryFloor.as,,identifier,GetTimeUntilNextUpdate
0x047df2,294386,22,B,27,A_modules,Content/TemporaryFloor.as,,identifier,GetTimeUntilNextUpdate
0x047e11,294417,8,B,13,A_modules,Content/TemporaryFloor.as,,identifier,Category
0x047e22,294434,15,B,20,A_modules,Content/TemporaryFloor.as,,string_literal,Temporary Floor
0x047e7e,294526,33,B,38,A_modules,Content/TemporaryFloor.as,,identifier,ConstructionScript_Implementation
0x048378,295800,18,B,23,A_modules,Content/TemporaryFloor.as,,identifier,ConstructionScript
0x0483df,295903,24,B,29,A_modules,Content/TemporaryFloor.as,,identifier,BeginPlay_Implementation
0x0486f0,296688,9,B,14,A_modules,Content/TemporaryFloor.as,,identifier,BeginPlay
0x04874e,296782,19,B,24,A_modules,Content/TemporaryFloor.as,,identifier,Tick_Implementation
0x0487ba,296890,12,B,17,A_modules,Content/TemporaryFloor.as,,identifier,DeltaSeconds
0x048823,296995,2,A,6,A_modules,Content/TemporaryFloor.as,,suspect_short,6
0x04890f,297231,2,A,6,A_modules,Content/TemporaryFloor.as,,suspect_short,6
0x04893b,297275,1,B,6,A_modules,Content/TemporaryFloor.as,,suspect_short,9
0x048a17,297495,4,B,9,A_modules,Content/TemporaryFloor.as,,identifier,Tick
0x048a70,297584,20,B,25,A_modules,Content/TemporaryFloor.as,,identifier,GetTriggeredDuration
0x048ae5,297701,2,A,6,A_modules,Content/TemporaryFloor.as,0x26e77fcd980,identifier,t
0x048b49,297801,35,B,40,A_modules,Content/TemporaryFloor.as,,identifier,GetTriggeredDuration_Implementation
0x048bf9,297977,20,B,25,A_modules,Content/TemporaryFloor.as,,identifier,GetTriggeredDuration
0x048c62,298082,17,B,22,A_modules,Content/TemporaryFloor.as,,identifier,GetFadingDuration
0x048cd4,298196,2,A,6,A_modules,Content/TemporaryFloor.as,0x26e77fcd980,identifier,u
0x048d38,298296,32,B,37,A_modules,Content/TemporaryFloor.as,,identifier,GetFadingDuration_Implementation
0x048de5,298469,17,B,22,A_modules,Content/TemporaryFloor.as,,identifier,GetFadingDuration
0x048e4b,298571,15,B,20,A_modules,Content/TemporaryFloor.as,,identifier,GetDeadDuration
0x048ebb,298683,2,A,6,A_modules,Content/TemporaryFloor.as,0x26e77fcd980,identifier,v
0x048f1f,298783,30,B,35,A_modules,Content/TemporaryFloor.as,,identifier,GetDeadDuration_Implementation
0x048fca,298954,15,B,20,A_modules,Content/TemporaryFloor.as,,identifier,GetDeadDuration
0x04902e,299054,21,B,26,A_modules,Content/TemporaryFloor.as,,identifier,GetRespawningDuration
0x0490a4,299172,2,A,6,A_modules,Content/TemporaryFloor.as,0x26e77fcd980,identifier,w
0x049108,299272,36,B,41,A_modules,Content/TemporaryFloor.as,,identifier,GetRespawningDuration_Implementation
0x0491b9,299449,21,B,26,A_modules,Content/TemporaryFloor.as,,identifier,GetRespawningDuration
0x049223,299555,19,B,24,A_modules,Content/TemporaryFloor.as,,identifier,ClientTickTriggered
0x04928f,299663,9,B,14,A_modules,Content/TemporaryFloor.as,,identifier,PhaseTime
0x0492c5,299717,2,A,6,A_modules,Content/TemporaryFloor.as,0x26e77fcdb40,identifier,x
0x049325,299813,34,B,39,A_modules,Content/TemporaryFloor.as,,identifier,ClientTickTriggered_Implementation
0x0493a0,299936,9,B,14,A_modules,Content/TemporaryFloor.as,,identifier,PhaseTime
0x0493fe,300030,19,B,24,A_modules,Content/TemporaryFloor.as,,identifier,ClientTickTriggered
0x049466,300134,16,B,21,A_modules,Content/TemporaryFloor.as,,identifier,ClientTickFading
0x0494cf,300239,9,B,14,A_modules,Content/TemporaryFloor.as,,identifier,PhaseTime
0x049505,300293,2,A,6,A_modules,Content/TemporaryFloor.as,0x26e77fcdb40,identifier,y
0x049565,300389,31,B,36,A_modules,Content/TemporaryFloor.as,,identifier,ClientTickFading_Implementation
0x0495dd,300509,9,B,14,A_modules,Content/TemporaryFloor.as,,identifier,PhaseTime
0x04963b,300603,16,B,21,A_modules,Content/TemporaryFloor.as,,identifier,ClientTickFading
0x0496a0,300704,14,B,19,A_modules,Content/TemporaryFloor.as,,identifier,ClientTickDead
0x049707,300807,9,B,14,A_modules,Content/TemporaryFloor.as,,identifier,PhaseTime
0x04973d,300861,2,A,6,A_modules,Content/TemporaryFloor.as,0x26e77fcdb40,identifier,z
0x04979d,300957,29,B,34,A_modules,Content/TemporaryFloor.as,,identifier,ClientTickDead_Implementation
0x049813,301075,9,B,14,A_modules,Content/TemporaryFloor.as,,identifier,PhaseTime
0x049871,301169,14,B,19,A_modules,Content/TemporaryFloor.as,,identifier,ClientTickDead
0x0498d4,301268,20,B,25,A_modules,Content/TemporaryFloor.as,,identifier,ClientTickRespawning
0x049941,301377,9,B,14,A_modules,Content/TemporaryFloor.as,,identifier,PhaseTime
0x049977,301431,2,A,6,A_modules,Content/TemporaryFloor.as,0x26e77fcdb40,suspect_short,{
0x0499d7,301527,35,B,40,A_modules,Content/TemporaryFloor.as,,identifier,ClientTickRespawning_Implementation
0x049a53,301651,9,B,14,A_modules,Content/TemporaryFloor.as,,identifier,PhaseTime
0x049ab1,301745,20,B,25,A_modules,Content/TemporaryFloor.as,,identifier,ClientTickRespawning
0x049b1a,301850,16,B,21,A_modules,Content/TemporaryFloor.as,,identifier,BP_NewLocalState
0x049b6f,301935,2,A,6,A_modules,Content/TemporaryFloor.as,,suspect_short,|
0x049bcf,302031,31,B,36,A_modules,Content/TemporaryFloor.as,,identifier,BP_NewLocalState_Implementation
0x049c6b,302187,16,B,21,A_modules,Content/TemporaryFloor.as,,identifier,BP_NewLocalState
0x049c84,302212,11,B,16,A_modules,Content/TemporaryFloor.as,,identifier,DisplayName
0x049c98,302232,13,B,18,A_modules,Content/TemporaryFloor.as,,identifier,NewLocalState
0x049cf2,302322,14,B,19,A_modules,Content/TemporaryFloor.as,,identifier,DirtyHeightMap
0x049f11,302865,13,B,18,A_modules,Content/TemporaryFloor.as,,identifier,NewLocalState
0x049f73,302963,2,A,6,A_modules,Content/TemporaryFloor.as,,suspect_short,6
0x04a0c7,303303,2,A,6,A_modules,Content/TemporaryFloor.as,,suspect_short,6
0x04a1bb,303547,2,A,6,A_modules,Content/TemporaryFloor.as,,suspect_short,6
0x04a317,303895,13,B,18,A_modules,Content/TemporaryFloor.as,,identifier,NewLocalState
0x04a32d,303917,11,B,16,A_modules,Content/TemporaryFloor.as,,identifier,DisplayName
0x04a341,303937,20,B,25,A_modules,Content/TemporaryFloor.as,,identifier,NewLocalState_Script
0x04a3a2,304034,40,B,45,A_modules,Content/TemporaryFloor.as,,identifier,Script_BeginCharacterBase_Implementation
0x04a423,304163,9,B,14,A_modules,Content/TemporaryFloor.as,,identifier,Character
0x04a4c9,304329,25,B,30,A_modules,Content/TemporaryFloor.as,,identifier,Script_BeginCharacterBase
0x04a537,304439,18,B,23,A_modules,Content/TemporaryFloor.as,,identifier,AuthHandleBlockHit
0x04a632,304690,12,B,17,A_modules,Content/TemporaryFloor.as,,identifier,HitComponent
0x04a643,304707,10,B,15,A_modules,Content/TemporaryFloor.as,,identifier,OtherActor
0x04a652,304722,9,B,14,A_modules,Content/TemporaryFloor.as,,identifier,OtherComp
0x04a660,304736,13,B,18,A_modules,Content/TemporaryFloor.as,,identifier,NormalImpulse
0x04a672,304754,3,B,8,A_modules,Content/TemporaryFloor.as,,identifier,Hit
0x04a73e,304958,18,B,23,A_modules,Content/TemporaryFloor.as,,identifier,AuthHandleBlockHit
0x04a7a5,305061,14,B,19,A_modules,Content/TemporaryFloor.as,,identifier,AuthTryTrigger
0x04a80c,305164,10,B,15,A_modules,Content/TemporaryFloor.as,,identifier,OtherActor
0x04a843,305219,1,B,6,A_modules,Content/TemporaryFloor.as,,suspect_short,6
0x04a9a3,305571,21,B,26,A_modules,Content/TemporaryFloor.as,,identifier,OnRep_LastTriggerTime
0x04aac1,305857,21,B,26,A_modules,Content/TemporaryFloor.as,,identifier,OnRep_LastTriggerTime
0x04ab2b,305963,16,B,21,A_modules,Content/TemporaryFloor.as,,identifier,UpdateLocalState
0x04aba0,306080,1,B,6,A_modules,Content/TemporaryFloor.as,,identifier,i
0x04aba8,306088,2,A,6,A_modules,Content/TemporaryFloor.as,,suspect_short,5
0x04abe4,306148,1,B,6,A_modules,Content/TemporaryFloor.as,,suspect_short,6
0x04ae64,306788,16,B,21,A_modules,Content/TemporaryFloor.as,,identifier,UpdateLocalState
0x04aec9,306889,12,B,17,A_modules,Content/TemporaryFloor.as,,identifier,GetNextState
0x04af2e,306990,12,B,17,A_modules,Content/TemporaryFloor.as,,identifier,CurrentState
0x04af6f,307055,2,A,6,A_modules,Content/TemporaryFloor.as,,identifier,i
0x04af9b,307099,1,B,6,A_modules,Content/TemporaryFloor.as,,identifier,R
0x04aff3,307187,21,B,26,A_modules,Content/TemporaryFloor.as,,identifier,CalculateCurrentState
0x04b1ad,307629,2,A,6,A_modules,Content/TemporaryFloor.as,,suspect_short,2
0x04b27d,307837,14,B,19,A_modules,Content/TemporaryFloor.as,,internal_symbol,__InitDefaults
0x04b64c,308812,15,B,20,A_modules,Content/TemporaryFloor.as,,identifier,ATemporaryFloor
0x04b848,309320,16,B,21,A_modules,Content/TemporaryFloor.as,,other,~ATemporaryFloor
0x04b929,309545,23,B,28,A_modules,Content/TemporaryFloor.as,,identifier,ALokiTemporaryFloorBase
0x04b945,309573,35,B,40,A_modules,Content/TemporaryFloor.as,,asset_path,/Script/Loki.LokiTemporaryFloorBase
0x04b98d,309645,28,B,33,A_modules,Content/TemporaryFloor.as,,statictype_alias,__StaticType_ATemporaryFloor
0x04b9c2,309698,20,B,25,A_modules,Content/TemporaryFloor.as,,identifier,ETemporaryFloorState
0x04b9e3,309731,5,B,10,A_modules,Content/TemporaryFloor.as,,identifier,Alive
0x04b9ed,309741,9,B,14,A_modules,Content/TemporaryFloor.as,,identifier,Triggered
0x04b9fb,309755,6,B,11,A_modules,Content/TemporaryFloor.as,,identifier,Fading
0x04ba06,309766,4,B,9,A_modules,Content/TemporaryFloor.as,,identifier,Dead
0x04ba0f,309775,10,B,15,A_modules,Content/TemporaryFloor.as,,identifier,Respawning
0x04ba1e,309790,3,B,8,A_modules,Content/TemporaryFloor.as,,identifier,Max
0x04ba46,309830,28,B,33,A_modules,Content/TemporaryFloor.as,,statictype_alias,__StaticType_ATemporaryFloor
0x04baaf,309935,25,B,30,A_modules,Content/TemporaryFloor.as,,source_path,Content/TemporaryFloor.as
0x04bad1,309969,40,A,44,A_modules,Content/Train/TrainMovableBaseComponent.as,,dotted_name,Content.Train.TrainMovableBaseComponent
0x04bafd,310013,39,B,44,A_modules,Content/Train/TrainMovableBaseComponent.as,,dotted_name,Content.Train.TrainMovableBaseComponent
0x04bb2d,310061,12,B,17,A_modules,Content/Train/TrainMovableBaseComponent.as,,identifier,UTrainAnchor
0x04bbda,310234,16,B,21,A_modules,Content/Train/TrainMovableBaseComponent.as,,identifier,UBackTrainAnchor
0x04bc8b,310411,17,B,22,A_modules,Content/Train/TrainMovableBaseComponent.as,,identifier,UFrontTrainAnchor
0x04bd3d,310589,26,B,31,A_modules,Content/Train/TrainMovableBaseComponent.as,,identifier,UTrainMovableBaseComponent
0x04bdf8,310776,11,B,16,A_modules,Content/Train/TrainMovableBaseComponent.as,,identifier,StaticClass
0x04be08,310792,12,B,17,A_modules,Content/Train/TrainMovableBaseComponent.as,,identifier,UTrainAnchor
0x04bebd,310973,11,B,16,A_modules,Content/Train/TrainMovableBaseComponent.as,,identifier,StaticClass
0x04becd,310989,16,B,21,A_modules,Content/Train/TrainMovableBaseComponent.as,,identifier,UBackTrainAnchor
0x04bf86,311174,11,B,16,A_modules,Content/Train/TrainMovableBaseComponent.as,,identifier,StaticClass
0x04bf96,311190,17,B,22,A_modules,Content/Train/TrainMovableBaseComponent.as,,identifier,UFrontTrainAnchor
0x04c050,311376,11,B,16,A_modules,Content/Train/TrainMovableBaseComponent.as,,identifier,StaticClass
0x04c060,311392,26,B,31,A_modules,Content/Train/TrainMovableBaseComponent.as,,identifier,UTrainMovableBaseComponent
0x04c123,311587,3,B,8,A_modules,Content/Train/TrainMovableBaseComponent.as,,identifier,Get
0x04c12b,311595,12,B,17,A_modules,Content/Train/TrainMovableBaseComponent.as,,identifier,UTrainAnchor
0x04c1b0,311728,5,B,10,A_modules,Content/Train/TrainMovableBaseComponent.as,,identifier,Actor
0x04c1ba,311738,8,B,13,A_modules,Content/Train/TrainMovableBaseComponent.as,,identifier,WithName
0x04c1db,311771,9,B,14,A_modules,Content/Train/TrainMovableBaseComponent.as,,default_arg_expr,NAME_None
0x04c269,311913,11,B,16,A_modules,Content/Train/TrainMovableBaseComponent.as,,identifier,GetOrCreate
0x04c279,311929,12,B,17,A_modules,Content/Train/TrainMovableBaseComponent.as,,identifier,UTrainAnchor
0x04c2fe,312062,5,B,10,A_modules,Content/Train/TrainMovableBaseComponent.as,,identifier,Actor
0x04c308,312072,8,B,13,A_modules,Content/Train/TrainMovableBaseComponent.as,,identifier,WithName
0x04c329,312105,9,B,14,A_modules,Content/Train/TrainMovableBaseComponent.as,,default_arg_expr,NAME_None
0x04c3b7,312247,6,B,11,A_modules,Content/Train/TrainMovableBaseComponent.as,,identifier,Create
0x04c3c2,312258,12,B,17,A_modules,Content/Train/TrainMovableBaseComponent.as,,identifier,UTrainAnchor
0x04c447,312391,5,B,10,A_modules,Content/Train/TrainMovableBaseComponent.as,,identifier,Actor
0x04c451,312401,8,B,13,A_modules,Content/Train/TrainMovableBaseComponent.as,,identifier,WithName
0x04c472,312434,9,B,14,A_modules,Content/Train/TrainMovableBaseComponent.as,,default_arg_expr,NAME_None
0x04c500,312576,3,B,8,A_modules,Content/Train/TrainMovableBaseComponent.as,,identifier,Get
0x04c508,312584,16,B,21,A_modules,Content/Train/TrainMovableBaseComponent.as,,identifier,UBackTrainAnchor
0x04c591,312721,5,B,10,A_modules,Content/Train/TrainMovableBaseComponent.as,,identifier,Actor
0x04c59b,312731,8,B,13,A_modules,Content/Train/TrainMovableBaseComponent.as,,identifier,WithName
0x04c5bc,312764,9,B,14,A_modules,Content/Train/TrainMovableBaseComponent.as,,default_arg_expr,NAME_None
0x04c64a,312906,11,B,16,A_modules,Content/Train/TrainMovableBaseComponent.as,,identifier,GetOrCreate
0x04c65a,312922,16,B,21,A_modules,Content/Train/TrainMovableBaseComponent.as,,identifier,UBackTrainAnchor
0x04c6e3,313059,5,B,10,A_modules,Content/Train/TrainMovableBaseComponent.as,,identifier,Actor
0x04c6ed,313069,8,B,13,A_modules,Content/Train/TrainMovableBaseComponent.as,,identifier,WithName
0x04c70e,313102,9,B,14,A_modules,Content/Train/TrainMovableBaseComponent.as,,default_arg_expr,NAME_None
0x04c79c,313244,6,B,11,A_modules,Content/Train/TrainMovableBaseComponent.as,,identifier,Create
0x04c7a7,313255,16,B,21,A_modules,Content/Train/TrainMovableBaseComponent.as,,identifier,UBackTrainAnchor
0x04c830,313392,5,B,10,A_modules,Content/Train/TrainMovableBaseComponent.as,,identifier,Actor
0x04c83a,313402,8,B,13,A_modules,Content/Train/TrainMovableBaseComponent.as,,identifier,WithName
0x04c85b,313435,9,B,14,A_modules,Content/Train/TrainMovableBaseComponent.as,,default_arg_expr,NAME_None
0x04c8e9,313577,3,B,8,A_modules,Content/Train/TrainMovableBaseComponent.as,,identifier,Get
0x04c8f1,313585,17,B,22,A_modules,Content/Train/TrainMovableBaseComponent.as,,identifier,UFrontTrainAnchor
0x04c97b,313723,5,B,10,A_modules,Content/Train/TrainMovableBaseComponent.as,,identifier,Actor
0x04c985,313733,8,B,13,A_modules,Content/Train/TrainMovableBaseComponent.as,,identifier,WithName
0x04c9a6,313766,9,B,14,A_modules,Content/Train/TrainMovableBaseComponent.as,,default_arg_expr,NAME_None
0x04ca34,313908,11,B,16,A_modules,Content/Train/TrainMovableBaseComponent.as,,identifier,GetOrCreate
0x04ca44,313924,17,B,22,A_modules,Content/Train/TrainMovableBaseComponent.as,,identifier,UFrontTrainAnchor
0x04cace,314062,5,B,10,A_modules,Content/Train/TrainMovableBaseComponent.as,,identifier,Actor
0x04cad8,314072,8,B,13,A_modules,Content/Train/TrainMovableBaseComponent.as,,identifier,WithName
0x04caf9,314105,9,B,14,A_modules,Content/Train/TrainMovableBaseComponent.as,,default_arg_expr,NAME_None
0x04cb87,314247,6,B,11,A_modules,Content/Train/TrainMovableBaseComponent.as,,identifier,Create
0x04cb92,314258,17,B,22,A_modules,Content/Train/TrainMovableBaseComponent.as,,identifier,UFrontTrainAnchor
0x04cc1c,314396,5,B,10,A_modules,Content/Train/TrainMovableBaseComponent.as,,identifier,Actor
0x04cc26,314406,8,B,13,A_modules,Content/Train/TrainMovableBaseComponent.as,,identifier,WithName
0x04cc47,314439,9,B,14,A_modules,Content/Train/TrainMovableBaseComponent.as,,default_arg_expr,NAME_None
0x04ccd5,314581,3,B,8,A_modules,Content/Train/TrainMovableBaseComponent.as,,identifier,Get
0x04ccdd,314589,26,B,31,A_modules,Content/Train/TrainMovableBaseComponent.as,,identifier,UTrainMovableBaseComponent
0x04cd70,314736,5,B,10,A_modules,Content/Train/TrainMovableBaseComponent.as,,identifier,Actor
0x04cd7a,314746,8,B,13,A_modules,Content/Train/TrainMovableBaseComponent.as,,identifier,WithName
0x04cd9b,314779,9,B,14,A_modules,Content/Train/TrainMovableBaseComponent.as,,default_arg_expr,NAME_None
0x04ce29,314921,11,B,16,A_modules,Content/Train/TrainMovableBaseComponent.as,,identifier,GetOrCreate
0x04ce39,314937,26,B,31,A_modules,Content/Train/TrainMovableBaseComponent.as,,identifier,UTrainMovableBaseComponent
0x04cecc,315084,5,B,10,A_modules,Content/Train/TrainMovableBaseComponent.as,,identifier,Actor
0x04ced6,315094,8,B,13,A_modules,Content/Train/TrainMovableBaseComponent.as,,identifier,WithName
0x04cef7,315127,9,B,14,A_modules,Content/Train/TrainMovableBaseComponent.as,,default_arg_expr,NAME_None
0x04cf85,315269,6,B,11,A_modules,Content/Train/TrainMovableBaseComponent.as,,identifier,Create
0x04cf90,315280,26,B,31,A_modules,Content/Train/TrainMovableBaseComponent.as,,identifier,UTrainMovableBaseComponent
0x04d023,315427,5,B,10,A_modules,Content/Train/TrainMovableBaseComponent.as,,identifier,Actor
0x04d02d,315437,8,B,13,A_modules,Content/Train/TrainMovableBaseComponent.as,,identifier,WithName
0x04d04e,315470,9,B,14,A_modules,Content/Train/TrainMovableBaseComponent.as,,default_arg_expr,NAME_None
0x04d0e0,315616,12,B,17,A_modules,Content/Train/TrainMovableBaseComponent.as,,identifier,UTrainAnchor
0x04d101,315649,14,B,19,A_modules,Content/Train/TrainMovableBaseComponent.as,,internal_symbol,__InitDefaults
0x04d1c4,315844,12,B,17,A_modules,Content/Train/TrainMovableBaseComponent.as,,identifier,UTrainAnchor
0x04d2b1,316081,15,B,20,A_modules,Content/Train/TrainMovableBaseComponent.as,,identifier,USceneComponent
0x04d2c5,316101,29,B,34,A_modules,Content/Train/TrainMovableBaseComponent.as,,asset_path,/Script/Engine.SceneComponent
0x04d307,316167,25,B,30,A_modules,Content/Train/TrainMovableBaseComponent.as,,statictype_alias,__StaticType_UTrainAnchor
0x04d32d,316205,15,B,20,A_modules,Content/Train/TrainMovableBaseComponent.as,,identifier,IsBlueprintBase
0x04d341,316225,13,B,18,A_modules,Content/Train/TrainMovableBaseComponent.as,,identifier,Blueprintable
0x04d357,316247,4,B,9,A_modules,Content/Train/TrainMovableBaseComponent.as,,default_arg_expr,true
0x04d360,316256,4,B,9,A_modules,Content/Train/TrainMovableBaseComponent.as,,default_arg_expr,true
0x04d36d,316269,16,B,21,A_modules,Content/Train/TrainMovableBaseComponent.as,,identifier,UBackTrainAnchor
0x04d3ae,316334,16,B,21,A_modules,Content/Train/TrainMovableBaseComponent.as,,identifier,UBackTrainAnchor
0x04d4ab,316587,12,B,17,A_modules,Content/Train/TrainMovableBaseComponent.as,,identifier,UTrainAnchor
0x04d4bc,316604,29,B,34,A_modules,Content/Train/TrainMovableBaseComponent.as,,asset_path,/Script/Engine.SceneComponent
0x04d4fe,316670,29,B,34,A_modules,Content/Train/TrainMovableBaseComponent.as,,statictype_alias,__StaticType_UBackTrainAnchor
0x04d528,316712,15,B,20,A_modules,Content/Train/TrainMovableBaseComponent.as,,identifier,IsBlueprintBase
0x04d53c,316732,13,B,18,A_modules,Content/Train/TrainMovableBaseComponent.as,,identifier,Blueprintable
0x04d552,316754,4,B,9,A_modules,Content/Train/TrainMovableBaseComponent.as,,default_arg_expr,true
0x04d55b,316763,4,B,9,A_modules,Content/Train/TrainMovableBaseComponent.as,,default_arg_expr,true
0x04d568,316776,17,B,22,A_modules,Content/Train/TrainMovableBaseComponent.as,,identifier,UFrontTrainAnchor
0x04d5aa,316842,17,B,22,A_modules,Content/Train/TrainMovableBaseComponent.as,,identifier,UFrontTrainAnchor
0x04d6a8,317096,12,B,17,A_modules,Content/Train/TrainMovableBaseComponent.as,,identifier,UTrainAnchor
0x04d6b9,317113,29,B,34,A_modules,Content/Train/TrainMovableBaseComponent.as,,asset_path,/Script/Engine.SceneComponent
0x04d6fb,317179,30,B,35,A_modules,Content/Train/TrainMovableBaseComponent.as,,statictype_alias,__StaticType_UFrontTrainAnchor
0x04d726,317222,15,B,20,A_modules,Content/Train/TrainMovableBaseComponent.as,,identifier,IsBlueprintBase
0x04d73a,317242,13,B,18,A_modules,Content/Train/TrainMovableBaseComponent.as,,identifier,Blueprintable
0x04d750,317264,4,B,9,A_modules,Content/Train/TrainMovableBaseComponent.as,,default_arg_expr,true
0x04d759,317273,4,B,9,A_modules,Content/Train/TrainMovableBaseComponent.as,,default_arg_expr,true
0x04d766,317286,26,B,31,A_modules,Content/Train/TrainMovableBaseComponent.as,,identifier,UTrainMovableBaseComponent
0x04d791,317329,13,B,18,A_modules,Content/Train/TrainMovableBaseComponent.as,,identifier,InitialOffset
0x04d823,317475,5,B,10,A_modules,Content/Train/TrainMovableBaseComponent.as,,identifier,Speed
0x04d8ad,317613,11,B,16,A_modules,Content/Train/TrainMovableBaseComponent.as,,identifier,TrackSpline
0x04d939,317753,9,B,14,A_modules,Content/Train/TrainMovableBaseComponent.as,,identifier,GetLength
0x04d9ff,317951,1,B,6,A_modules,Content/Train/TrainMovableBaseComponent.as,,identifier,J
0x04da87,318087,1,B,6,A_modules,Content/Train/TrainMovableBaseComponent.as,,identifier,J
0x04dc67,318567,9,B,14,A_modules,Content/Train/TrainMovableBaseComponent.as,,identifier,GetLength
0x04dcc5,318661,37,B,42,A_modules,Content/Train/TrainMovableBaseComponent.as,,identifier,GetRootTransformAtTime_Implementation
0x04dd67,318823,9,B,14,A_modules,Content/Train/TrainMovableBaseComponent.as,,identifier,Timestamp
0x04dd75,318837,12,B,17,A_modules,Content/Train/TrainMovableBaseComponent.as,,identifier,OutTransform
0x04ddf2,318962,2,A,6,A_modules,Content/Train/TrainMovableBaseComponent.as,,identifier,M
0x04de66,319078,1,B,6,A_modules,Content/Train/TrainMovableBaseComponent.as,,identifier,R
0x04deee,319214,1,B,6,A_modules,Content/Train/TrainMovableBaseComponent.as,,identifier,J
0x04df76,319350,1,B,6,A_modules,Content/Train/TrainMovableBaseComponent.as,,identifier,J
0x04dffe,319486,1,B,6,A_modules,Content/Train/TrainMovableBaseComponent.as,,identifier,R
0x04e186,319878,1,B,6,A_modules,Content/Train/TrainMovableBaseComponent.as,,identifier,R
0x04e3fa,320506,22,B,27,A_modules,Content/Train/TrainMovableBaseComponent.as,,identifier,GetRootTransformAtTime
0x04e465,320613,36,B,41,A_modules,Content/Train/TrainMovableBaseComponent.as,,identifier,GetRootVelocityAtTime_Implementation
0x04e506,320774,9,B,14,A_modules,Content/Train/TrainMovableBaseComponent.as,,identifier,Timestamp
0x04e514,320788,11,B,16,A_modules,Content/Train/TrainMovableBaseComponent.as,,identifier,OutVelocity
0x04e63c,321084,1,B,6,A_modules,Content/Train/TrainMovableBaseComponent.as,,identifier,R
0x04e778,321400,21,B,26,A_modules,Content/Train/TrainMovableBaseComponent.as,,identifier,GetRootVelocityAtTime
0x04e7e2,321506,22,B,27,A_modules,Content/Train/TrainMovableBaseComponent.as,,identifier,GetDistanceAlongSpline
0x04e875,321653,9,B,14,A_modules,Content/Train/TrainMovableBaseComponent.as,,identifier,Timestamp
0x04e883,321667,14,B,19,A_modules,Content/Train/TrainMovableBaseComponent.as,,identifier,OffsetDistance
0x04e8aa,321706,1,B,6,A_modules,Content/Train/TrainMovableBaseComponent.as,,suspect_short,0
0x04ea04,322052,21,B,26,A_modules,Content/Train/TrainMovableBaseComponent.as,,identifier,GetBackAnchorLocation
0x04ea72,322162,15,B,20,A_modules,Content/Train/TrainMovableBaseComponent.as,,identifier,OutBackLocation
0x04eb16,322326,1,B,6,A_modules,Content/Train/TrainMovableBaseComponent.as,,identifier,J
0x04eb72,322418,1,B,6,A_modules,Content/Train/TrainMovableBaseComponent.as,,identifier,R
0x04ec4e,322638,14,B,19,A_modules,Content/Train/TrainMovableBaseComponent.as,,internal_symbol,__InitDefaults
0x04ed21,322849,26,B,31,A_modules,Content/Train/TrainMovableBaseComponent.as,,identifier,UTrainMovableBaseComponent
0x04ee1c,323100,21,B,26,A_modules,Content/Train/TrainMovableBaseComponent.as,,identifier,UMovableBaseComponent
0x04ee36,323126,35,B,40,A_modules,Content/Train/TrainMovableBaseComponent.as,,asset_path,/Script/Engine.MovableBaseComponent
0x04ee7e,323198,39,B,44,A_modules,Content/Train/TrainMovableBaseComponent.as,,statictype_alias,__StaticType_UTrainMovableBaseComponent
0x04eeb2,323250,15,B,20,A_modules,Content/Train/TrainMovableBaseComponent.as,,identifier,IsBlueprintBase
0x04eec6,323270,13,B,18,A_modules,Content/Train/TrainMovableBaseComponent.as,,identifier,Blueprintable
0x04eedc,323292,4,B,9,A_modules,Content/Train/TrainMovableBaseComponent.as,,default_arg_expr,true
0x04eee5,323301,4,B,9,A_modules,Content/Train/TrainMovableBaseComponent.as,,default_arg_expr,true
0x04eefa,323322,25,B,30,A_modules,Content/Train/TrainMovableBaseComponent.as,,statictype_alias,__StaticType_UTrainAnchor
0x04ef44,323396,29,B,34,A_modules,Content/Train/TrainMovableBaseComponent.as,,statictype_alias,__StaticType_UBackTrainAnchor
0x04ef92,323474,30,B,35,A_modules,Content/Train/TrainMovableBaseComponent.as,,statictype_alias,__StaticType_UFrontTrainAnchor
0x04efdd,323549,1,B,6,A_modules,Content/Train/TrainMovableBaseComponent.as,,suspect_short,'
0x04f055,323669,42,B,47,A_modules,Content/Train/TrainMovableBaseComponent.as,,source_path,Content/Train/TrainMovableBaseComponent.as
0x04f088,323720,23,A,27,A_modules,Core/LokiScriptUtility.as,,dotted_name,Core.LokiScriptUtility
0x04f0a3,323747,22,B,27,A_modules,Core/LokiScriptUtility.as,,dotted_name,Core.LokiScriptUtility
0x04f0c2,323778,19,B,24,A_modules,Core/LokiScriptUtility.as,,identifier,LinearColorToVector
0x04f12e,323886,5,B,10,A_modules,Core/LokiScriptUtility.as,,identifier,Color
0x04f224,324132,26,B,31,A_modules,Core/LokiScriptUtility.as,,identifier,GetOwnerAimingVisComponent
0x04f297,324247,7,B,12,A_modules,Core/LokiScriptUtility.as,,identifier,Ability
0x04f32b,324395,1,B,6,A_modules,Core/LokiScriptUtility.as,,identifier,J
0x04f447,324679,26,B,31,A_modules,Core/LokiScriptUtility.as,,identifier,GetOwnerAimingVisComponent
0x04f4b6,324790,22,B,27,A_modules,Core/LokiScriptUtility.as,,identifier,GetRelicCountForPlayer
0x04f525,324901,9,B,14,A_modules,Core/LokiScriptUtility.as,,identifier,Character
0x04f5ff,325119,1,B,6,A_modules,Core/LokiScriptUtility.as,,suspect_short,0
0x04f783,325507,22,B,27,A_modules,Core/LokiScriptUtility.as,,identifier,GetRelicCountForPlayer
0x04f7ee,325614,22,B,27,A_modules,Core/LokiScriptUtility.as,,identifier,GetArmorLevelForPlayer
0x04f85d,325725,9,B,14,A_modules,Core/LokiScriptUtility.as,,identifier,Character
0x04f9f7,326135,22,B,27,A_modules,Core/LokiScriptUtility.as,,identifier,GetArmorLevelForPlayer
0x04fa7e,326270,36,B,41,A_modules,Core/LokiScriptUtility.as,,identifier,Module_Core_LokiScriptUtilityStatics
0x04faaf,326319,25,B,30,A_modules,Core/LokiScriptUtility.as,,source_path,Core/LokiScriptUtility.as
0x04fad1,326353,31,A,35,A_modules,Core/AimingVis/LokiAimingLaser.as,,dotted_name,Core.AimingVis.LokiAimingLaser
0x04faf4,326388,30,B,35,A_modules,Core/AimingVis/LokiAimingLaser.as,,dotted_name,Core.AimingVis.LokiAimingLaser
0x04fb1b,326427,16,B,21,A_modules,Core/AimingVis/LokiAimingLaser.as,,identifier,ALokiAimingLaser
0x04fbcc,326604,11,B,16,A_modules,Core/AimingVis/LokiAimingLaser.as,,identifier,StaticClass
0x04fbdc,326620,16,B,21,A_modules,Core/AimingVis/LokiAimingLaser.as,,identifier,ALokiAimingLaser
0x04fc95,326805,5,B,10,A_modules,Core/AimingVis/LokiAimingLaser.as,,identifier,Spawn
0x04fc9f,326815,16,B,21,A_modules,Core/AimingVis/LokiAimingLaser.as,,identifier,ALokiAimingLaser
0x04fd94,327060,8,B,13,A_modules,Core/AimingVis/LokiAimingLaser.as,,identifier,Location
0x04fda1,327073,8,B,13,A_modules,Core/AimingVis/LokiAimingLaser.as,,identifier,Rotation
0x04fdae,327086,4,B,9,A_modules,Core/AimingVis/LokiAimingLaser.as,,identifier,Name
0x04fdb7,327095,14,B,19,A_modules,Core/AimingVis/LokiAimingLaser.as,,identifier,bDeferredSpawn
0x04fdca,327114,5,B,10,A_modules,Core/AimingVis/LokiAimingLaser.as,,identifier,Level
0x04fdf0,327152,21,B,26,A_modules,Core/AimingVis/LokiAimingLaser.as,,default_arg_expr,FVector :: ZeroVector
0x04fe0a,327178,23,B,28,A_modules,Core/AimingVis/LokiAimingLaser.as,,default_arg_expr,FRotator :: ZeroRotator
0x04fe26,327206,9,B,14,A_modules,Core/AimingVis/LokiAimingLaser.as,,default_arg_expr,NAME_None
0x04fe34,327220,5,B,10,A_modules,Core/AimingVis/LokiAimingLaser.as,,default_arg_expr,false
0x04fe3e,327230,7,B,12,A_modules,Core/AimingVis/LokiAimingLaser.as,,default_arg_expr,nullptr
0x04feda,327386,1,B,6,A_modules,Core/AimingVis/LokiAimingLaser.as,,identifier,J
0x04ff6a,327530,17,B,22,A_modules,Core/AimingVis/LokiAimingLaser.as,,identifier,FLaserTraceResult
0x04ff8c,327564,7,B,12,A_modules,Core/AimingVis/LokiAimingLaser.as,,identifier,bDidHit
0x050010,327696,11,B,16,A_modules,Core/AimingVis/LokiAimingLaser.as,,identifier,HitLocation
0x050098,327832,7,B,12,A_modules,Core/AimingVis/LokiAimingLaser.as,,identifier,HitTime
0x05011c,327964,18,B,23,A_modules,Core/AimingVis/LokiAimingLaser.as,,identifier,HitHeightIndicator
0x0501c7,328135,17,B,22,A_modules,Core/AimingVis/LokiAimingLaser.as,,identifier,FLaserTraceResult
0x050335,328501,20,B,25,A_modules,Core/AimingVis/LokiAimingLaser.as,,identifier,FAimingLaserSettings
0x05035a,328538,10,B,15,A_modules,Core/AimingVis/LokiAimingLaser.as,,identifier,LaserClass
0x0503e1,328673,11,B,16,A_modules,Core/AimingVis/LokiAimingLaser.as,,identifier,MaxDistance
0x050469,328809,18,B,23,A_modules,Core/AimingVis/LokiAimingLaser.as,,identifier,bShowTraceHitFlare
0x0504f8,328952,21,B,26,A_modules,Core/AimingVis/LokiAimingLaser.as,,identifier,bLimitLaserToTraceHit
0x05058a,329098,27,B,32,A_modules,Core/AimingVis/LokiAimingLaser.as,,identifier,bOverrideLimitLaserToCursor
0x050622,329250,19,B,24,A_modules,Core/AimingVis/LokiAimingLaser.as,,identifier,bLimitLaserToCursor
0x0506b2,329394,13,B,18,A_modules,Core/AimingVis/LokiAimingLaser.as,,identifier,LaserMaterial
0x05073c,329532,16,B,21,A_modules,Core/AimingVis/LokiAimingLaser.as,,identifier,EndpointMaterial
0x0507c9,329673,21,B,26,A_modules,Core/AimingVis/LokiAimingLaser.as,,identifier,HitFlareNiagaraSystem
0x05085b,329819,19,B,24,A_modules,Core/AimingVis/LokiAimingLaser.as,,identifier,bOverrideBrightness
0x0508eb,329963,10,B,15,A_modules,Core/AimingVis/LokiAimingLaser.as,,identifier,Brightness
0x050972,330098,33,B,38,A_modules,Core/AimingVis/LokiAimingLaser.as,,identifier,bUnconditionallyVisibleWhenActive
0x050a10,330256,14,B,19,A_modules,Core/AimingVis/LokiAimingLaser.as,,identifier,bIgnoresHeroes
0x050a9b,330395,39,B,44,A_modules,Core/AimingVis/LokiAimingLaser.as,,identifier,bBenefitsFromBonusPrimaryAttackDistance
0x050b5b,330587,20,B,25,A_modules,Core/AimingVis/LokiAimingLaser.as,,identifier,FAimingLaserSettings
0x050d98,331160,16,B,21,A_modules,Core/AimingVis/LokiAimingLaser.as,,identifier,ALokiAimingLaser
0x050db9,331193,13,B,18,A_modules,Core/AimingVis/LokiAimingLaser.as,,identifier,RootComponent
0x050dff,331263,18,B,23,A_modules,Core/AimingVis/LokiAimingLaser.as,,identifier,EditInlineDefaults
0x050e16,331286,16,B,21,A_modules,Core/AimingVis/LokiAimingLaser.as,,identifier,DefaultComponent
0x050e2f,331311,4,B,9,A_modules,Core/AimingVis/LokiAimingLaser.as,,default_arg_expr,true
0x050e38,331320,4,B,9,A_modules,Core/AimingVis/LokiAimingLaser.as,,identifier,True
0x050e81,331393,13,B,18,A_modules,Core/AimingVis/LokiAimingLaser.as,,identifier,LaserEndpoint
0x050ec7,331463,18,B,23,A_modules,Core/AimingVis/LokiAimingLaser.as,,identifier,EditInlineDefaults
0x050ede,331486,16,B,21,A_modules,Core/AimingVis/LokiAimingLaser.as,,identifier,DefaultComponent
0x050ef7,331511,4,B,9,A_modules,Core/AimingVis/LokiAimingLaser.as,,default_arg_expr,true
0x050f00,331520,4,B,9,A_modules,Core/AimingVis/LokiAimingLaser.as,,identifier,True
0x050f49,331593,13,B,18,A_modules,Core/AimingVis/LokiAimingLaser.as,,identifier,LaserHitFlare
0x050f8f,331663,18,B,23,A_modules,Core/AimingVis/LokiAimingLaser.as,,identifier,EditInlineDefaults
0x050fa6,331686,16,B,21,A_modules,Core/AimingVis/LokiAimingLaser.as,,identifier,DefaultComponent
0x050fbf,331711,4,B,9,A_modules,Core/AimingVis/LokiAimingLaser.as,,default_arg_expr,true
0x050fc8,331720,4,B,9,A_modules,Core/AimingVis/LokiAimingLaser.as,,identifier,True
0x051011,331793,19,B,24,A_modules,Core/AimingVis/LokiAimingLaser.as,,identifier,LaserProjectilePath
0x05105d,331869,18,B,23,A_modules,Core/AimingVis/LokiAimingLaser.as,,identifier,EditInlineDefaults
0x051074,331892,16,B,21,A_modules,Core/AimingVis/LokiAimingLaser.as,,identifier,DefaultComponent
0x05108d,331917,4,B,9,A_modules,Core/AimingVis/LokiAimingLaser.as,,default_arg_expr,true
0x051096,331926,4,B,9,A_modules,Core/AimingVis/LokiAimingLaser.as,,identifier,True
0x0510df,331999,9,B,14,A_modules,Core/AimingVis/LokiAimingLaser.as,,identifier,OwnerHero
0x051165,332133,23,B,28,A_modules,Core/AimingVis/LokiAimingLaser.as,,identifier,OwnerAimingVisComponent
0x0511f9,332281,18,B,23,A_modules,Core/AimingVis/LokiAimingLaser.as,,identifier,CurrentEndPathTime
0x051288,332424,21,B,26,A_modules,Core/AimingVis/LokiAimingLaser.as,,identifier,CurrentCursorPathTime
0x05131a,332570,23,B,28,A_modules,Core/AimingVis/LokiAimingLaser.as,,identifier,CurrentTraceHitPathTime
0x0513ae,332718,11,B,16,A_modules,Core/AimingVis/LokiAimingLaser.as,,identifier,MaxDistance
0x0513f2,332786,8,B,13,A_modules,Core/AimingVis/LokiAimingLaser.as,,identifier,Category
0x051403,332803,5,B,10,A_modules,Core/AimingVis/LokiAimingLaser.as,,identifier,Laser
0x05144d,332877,32,B,37,A_modules,Core/AimingVis/LokiAimingLaser.as,,identifier,ProjectileSourceOffsetDistanceXY
0x0514a6,332966,8,B,13,A_modules,Core/AimingVis/LokiAimingLaser.as,,identifier,Category
0x0514b7,332983,5,B,10,A_modules,Core/AimingVis/LokiAimingLaser.as,,identifier,Laser
0x051501,333057,18,B,23,A_modules,Core/AimingVis/LokiAimingLaser.as,,identifier,bShowTraceHitFlare
0x05154c,333132,8,B,13,A_modules,Core/AimingVis/LokiAimingLaser.as,,identifier,Category
0x05155d,333149,5,B,10,A_modules,Core/AimingVis/LokiAimingLaser.as,,identifier,Laser
0x0515a7,333223,21,B,26,A_modules,Core/AimingVis/LokiAimingLaser.as,,identifier,bLimitLaserToTraceHit
0x0515f5,333301,8,B,13,A_modules,Core/AimingVis/LokiAimingLaser.as,,identifier,Category
0x051606,333318,5,B,10,A_modules,Core/AimingVis/LokiAimingLaser.as,,identifier,Laser
0x051650,333392,14,B,19,A_modules,Core/AimingVis/LokiAimingLaser.as,,identifier,bIgnoresHeroes
0x051697,333463,8,B,13,A_modules,Core/AimingVis/LokiAimingLaser.as,,identifier,Category
0x0516a8,333480,5,B,10,A_modules,Core/AimingVis/LokiAimingLaser.as,,identifier,Laser
0x0516f2,333554,30,B,35,A_modules,Core/AimingVis/LokiAimingLaser.as,,identifier,bLimitLaserToCursorUserSetting
0x051745,333637,27,B,32,A_modules,Core/AimingVis/LokiAimingLaser.as,,identifier,bLimitLaserToCursorOverride
0x051795,333717,32,B,37,A_modules,Core/AimingVis/LokiAimingLaser.as,,identifier,bLimitLaserToCursorOverrideValue
0x0517ea,333802,26,B,31,A_modules,Core/AimingVis/LokiAimingLaser.as,,identifier,IntersectedHeightIndicator
0x051839,333881,33,B,38,A_modules,Core/AimingVis/LokiAimingLaser.as,,identifier,OverlapHeightIndicatorRadiusBonus
0x05188f,333967,31,B,36,A_modules,Core/AimingVis/LokiAimingLaser.as,,identifier,bOverrideDesaturationAndOpacity
0x0518e7,334055,8,B,13,A_modules,Core/AimingVis/LokiAimingLaser.as,,identifier,Category
0x0518f8,334072,5,B,10,A_modules,Core/AimingVis/LokiAimingLaser.as,,identifier,Laser
0x051942,334146,26,B,31,A_modules,Core/AimingVis/LokiAimingLaser.as,,identifier,bOverrideRangeAndAlphaStep
0x051995,334229,8,B,13,A_modules,Core/AimingVis/LokiAimingLaser.as,,identifier,Category
0x0519a6,334246,5,B,10,A_modules,Core/AimingVis/LokiAimingLaser.as,,identifier,Laser
0x0519f0,334320,28,B,33,A_modules,Core/AimingVis/LokiAimingLaser.as,,identifier,BehindGeoDottedLinesPerMeter
0x051a45,334405,8,B,13,A_modules,Core/AimingVis/LokiAimingLaser.as,,identifier,Category
0x051a56,334422,5,B,10,A_modules,Core/AimingVis/LokiAimingLaser.as,,identifier,Laser
0x051aa0,334496,13,B,18,A_modules,Core/AimingVis/LokiAimingLaser.as,,identifier,ProgressCurve
0x051ae6,334566,8,B,13,A_modules,Core/AimingVis/LokiAimingLaser.as,,identifier,Category
0x051af7,334583,5,B,10,A_modules,Core/AimingVis/LokiAimingLaser.as,,identifier,Laser
0x051b41,334657,21,B,26,A_modules,Core/AimingVis/LokiAimingLaser.as,,identifier,bUsesProgressSequence
0x051b8f,334735,8,B,13,A_modules,Core/AimingVis/LokiAimingLaser.as,,identifier,Category
0x051ba0,334752,5,B,10,A_modules,Core/AimingVis/LokiAimingLaser.as,,identifier,Laser
0x051bea,334826,15,B,20,A_modules,Core/AimingVis/LokiAimingLaser.as,,identifier,bProgressActive
0x051c2e,334894,26,B,31,A_modules,Core/AimingVis/LokiAimingLaser.as,,identifier,bProgressCurveIsNormalized
0x051c7d,334973,28,B,33,A_modules,Core/AimingVis/LokiAimingLaser.as,,identifier,CurrentProgressCurveDuration
0x051cce,335054,19,B,24,A_modules,Core/AimingVis/LokiAimingLaser.as,,identifier,CurrentProgressTime
0x051d16,335126,21,B,26,A_modules,Core/AimingVis/LokiAimingLaser.as,,identifier,PrimaryAttackDistance
0x051d60,335200,12,B,17,A_modules,Core/AimingVis/LokiAimingLaser.as,,identifier,ExecutingTag
0x051da1,335265,16,B,21,A_modules,Core/AimingVis/LokiAimingLaser.as,,identifier,BeingExecutedTag
0x051de6,335334,22,B,27,A_modules,Core/AimingVis/LokiAimingLaser.as,,identifier,ExecutionTagsContainer
0x051e31,335409,21,B,26,A_modules,Core/AimingVis/LokiAimingLaser.as,,identifier,bInvisibleFromExecute
0x051e7b,335483,25,B,30,A_modules,Core/AimingVis/LokiAimingLaser.as,,identifier,bInvisibleFromOwnerHidden
0x051ecd,335565,19,B,24,A_modules,Core/AimingVis/LokiAimingLaser.as,,identifier,Tick_Implementation
0x051f39,335673,12,B,17,A_modules,Core/AimingVis/LokiAimingLaser.as,,identifier,DeltaSeconds
0x05253e,337214,2,A,6,A_modules,Core/AimingVis/LokiAimingLaser.as,,suspect_short, 
0x052586,337286,2,A,6,A_modules,Core/AimingVis/LokiAimingLaser.as,,suspect_short,!
0x0525ba,337338,2,A,6,A_modules,Core/AimingVis/LokiAimingLaser.as,0x26e79776600,suspect_short,""""
0x052602,337410,2,A,6,A_modules,Core/AimingVis/LokiAimingLaser.as,,suspect_short,#
0x052696,337558,2,A,6,A_modules,Core/AimingVis/LokiAimingLaser.as,,suspect_short,!
0x0526d2,337618,2,A,6,A_modules,Core/AimingVis/LokiAimingLaser.as,,suspect_short,#
0x052796,337814,2,A,6,A_modules,Core/AimingVis/LokiAimingLaser.as,,suspect_short,$
0x052806,337926,2,A,6,A_modules,Core/AimingVis/LokiAimingLaser.as,,suspect_short,$
0x05286e,338030,2,A,6,A_modules,Core/AimingVis/LokiAimingLaser.as,,suspect_short,%
0x052bde,338910,4,B,9,A_modules,Core/AimingVis/LokiAimingLaser.as,,identifier,Tick
0x052c37,338999,17,B,22,A_modules,Core/AimingVis/LokiAimingLaser.as,,identifier,TickLaserHitFlare
0x052ca1,339105,11,B,16,A_modules,Core/AimingVis/LokiAimingLaser.as,,identifier,TraceResult
0x052eb5,339637,20,B,25,A_modules,Core/AimingVis/LokiAimingLaser.as,,identifier,GetLokiHeroCharacter
0x052fb2,339890,1,B,6,A_modules,Core/AimingVis/LokiAimingLaser.as,,identifier,J
0x0530d6,340182,13,B,18,A_modules,Core/AimingVis/LokiAimingLaser.as,,identifier,ValidateOwner
0x053194,340372,24,B,29,A_modules,Core/AimingVis/LokiAimingLaser.as,,identifier,IsOwnerLocallyControlled
0x0532b9,340665,11,B,16,A_modules,Core/AimingVis/LokiAimingLaser.as,,identifier,UpdateOwner
0x05331d,340765,9,B,14,A_modules,Core/AimingVis/LokiAimingLaser.as,,identifier,HeroOwner
0x0533a7,340903,11,B,16,A_modules,Core/AimingVis/LokiAimingLaser.as,,identifier,UpdateOwner
0x053407,340999,23,B,28,A_modules,Core/AimingVis/LokiAimingLaser.as,,identifier,CalculateCursorPathTime
0x053567,341351,12,B,17,A_modules,Core/AimingVis/LokiAimingLaser.as,,identifier,DoLaserTrace
0x05389c,342172,2,A,6,A_modules,Core/AimingVis/LokiAimingLaser.as,,suspect_short,&
0x053a38,342584,2,A,6,A_modules,Core/AimingVis/LokiAimingLaser.as,,suspect_short,'
0x053ad4,342740,1,B,6,A_modules,Core/AimingVis/LokiAimingLaser.as,,identifier,J
0x053b74,342900,1,B,6,A_modules,Core/AimingVis/LokiAimingLaser.as,,identifier,P
0x053c9c,343196,2,A,6,A_modules,Core/AimingVis/LokiAimingLaser.as,0x26e79754bc0,suspect_short,(
0x053d04,343300,1,B,6,A_modules,Core/AimingVis/LokiAimingLaser.as,,identifier,P
0x053dec,343532,1,B,6,A_modules,Core/AimingVis/LokiAimingLaser.as,,suspect_short,5
0x054b94,347028,18,B,23,A_modules,Core/AimingVis/LokiAimingLaser.as,,identifier,GetColorableMeshes
0x054c13,347155,2,A,6,A_modules,Core/AimingVis/LokiAimingLaser.as,0x26e7861c480,suspect_short,}
0x054ce3,347363,33,B,38,A_modules,Core/AimingVis/LokiAimingLaser.as,,identifier,GetColorableMeshes_Implementation
0x054e35,347701,18,B,23,A_modules,Core/AimingVis/LokiAimingLaser.as,,identifier,GetColorableMeshes
0x054e9c,347804,21,B,26,A_modules,Core/AimingVis/LokiAimingLaser.as,,identifier,GetLimitLaserToCursor
0x054fde,348126,21,B,26,A_modules,Core/AimingVis/LokiAimingLaser.as,,identifier,GetLimitLaserToCursor
0x055048,348232,12,B,17,A_modules,Core/AimingVis/LokiAimingLaser.as,,identifier,CustomEvent0
0x0550ad,348333,5,B,10,A_modules,Core/AimingVis/LokiAimingLaser.as,,identifier,Value
0x0550df,348383,2,A,6,A_modules,Core/AimingVis/LokiAimingLaser.as,0x26e77fcdb40,suspect_short,~
0x05513f,348479,27,B,32,A_modules,Core/AimingVis/LokiAimingLaser.as,,identifier,CustomEvent0_Implementation
0x0551b3,348595,5,B,10,A_modules,Core/AimingVis/LokiAimingLaser.as,,identifier,Value
0x05520d,348685,12,B,17,A_modules,Core/AimingVis/LokiAimingLaser.as,,identifier,CustomEvent0
0x05526e,348782,12,B,17,A_modules,Core/AimingVis/LokiAimingLaser.as,,identifier,CustomEvent1
0x0552d3,348883,5,B,10,A_modules,Core/AimingVis/LokiAimingLaser.as,,identifier,Value
0x055365,349029,27,B,32,A_modules,Core/AimingVis/LokiAimingLaser.as,,identifier,CustomEvent1_Implementation
0x0553d9,349145,5,B,10,A_modules,Core/AimingVis/LokiAimingLaser.as,,identifier,Value
0x055433,349235,12,B,17,A_modules,Core/AimingVis/LokiAimingLaser.as,,identifier,CustomEvent1
0x055494,349332,12,B,17,A_modules,Core/AimingVis/LokiAimingLaser.as,,identifier,CustomEvent2
0x0554f9,349433,5,B,10,A_modules,Core/AimingVis/LokiAimingLaser.as,,identifier,Value
0x05558b,349579,27,B,32,A_modules,Core/AimingVis/LokiAimingLaser.as,,identifier,CustomEvent2_Implementation
0x0555ff,349695,5,B,10,A_modules,Core/AimingVis/LokiAimingLaser.as,,identifier,Value
0x055659,349785,12,B,17,A_modules,Core/AimingVis/LokiAimingLaser.as,,identifier,CustomEvent2
0x0556ba,349882,12,B,17,A_modules,Core/AimingVis/LokiAimingLaser.as,,identifier,CustomEvent3
0x05571f,349983,5,B,10,A_modules,Core/AimingVis/LokiAimingLaser.as,,identifier,Value
0x0557b1,350129,27,B,32,A_modules,Core/AimingVis/LokiAimingLaser.as,,identifier,CustomEvent3_Implementation
0x055825,350245,5,B,10,A_modules,Core/AimingVis/LokiAimingLaser.as,,identifier,Value
0x05587f,350335,12,B,17,A_modules,Core/AimingVis/LokiAimingLaser.as,,identifier,CustomEvent3
0x0558e0,350432,14,B,19,A_modules,Core/AimingVis/LokiAimingLaser.as,,identifier,OnLaserSpawned
0x055993,350611,29,B,34,A_modules,Core/AimingVis/LokiAimingLaser.as,,identifier,OnLaserSpawned_Implementation
0x055a2d,350765,14,B,19,A_modules,Core/AimingVis/LokiAimingLaser.as,,identifier,OnLaserSpawned
0x055a90,350864,28,B,33,A_modules,Core/AimingVis/LokiAimingLaser.as,,identifier,GetCurrentLaserSettingsIndex
0x055b79,351097,4,B,9,A_modules,Core/AimingVis/LokiAimingLaser.as,,other,"6$i"""
0x055b8d,351117,28,B,33,A_modules,Core/AimingVis/LokiAimingLaser.as,,identifier,GetCurrentLaserSettingsIndex
0x055bfe,351230,27,B,32,A_modules,Core/AimingVis/LokiAimingLaser.as,,identifier,OnLaserSettingsIndexChanged
0x055c96,351382,8,B,13,A_modules,Core/AimingVis/LokiAimingLaser.as,,identifier,OldIndex
0x055ca3,351395,8,B,13,A_modules,Core/AimingVis/LokiAimingLaser.as,,identifier,NewIndex
0x055d50,351568,42,B,47,A_modules,Core/AimingVis/LokiAimingLaser.as,,identifier,OnLaserSettingsIndexChanged_Implementation
0x055df7,351735,8,B,13,A_modules,Core/AimingVis/LokiAimingLaser.as,,identifier,OldIndex
0x055e04,351748,8,B,13,A_modules,Core/AimingVis/LokiAimingLaser.as,,identifier,NewIndex
0x055e69,351849,27,B,32,A_modules,Core/AimingVis/LokiAimingLaser.as,,identifier,OnLaserSettingsIndexChanged
0x055ed9,351961,18,B,23,A_modules,Core/AimingVis/LokiAimingLaser.as,,identifier,SetVisibilityOnAll
0x055f44,352068,14,B,19,A_modules,Core/AimingVis/LokiAimingLaser.as,,identifier,bNewVisibility
0x055fdf,352223,33,B,38,A_modules,Core/AimingVis/LokiAimingLaser.as,,identifier,SetVisibilityOnAll_Implementation
0x056059,352345,14,B,19,A_modules,Core/AimingVis/LokiAimingLaser.as,,identifier,bNewVisibility
0x0560fc,352508,18,B,23,A_modules,Core/AimingVis/LokiAimingLaser.as,,identifier,SetVisibilityOnAll
0x056163,352611,26,B,31,A_modules,Core/AimingVis/LokiAimingLaser.as,,identifier,SetProjectileSpawnLocation
0x0561fa,352762,9,B,14,A_modules,Core/AimingVis/LokiAimingLaser.as,,identifier,XDistance
0x056208,352776,9,B,14,A_modules,Core/AimingVis/LokiAimingLaser.as,,identifier,ZDistance
0x0562f6,353014,26,B,31,A_modules,Core/AimingVis/LokiAimingLaser.as,,identifier,SetProjectileSpawnLocation
0x056365,353125,14,B,19,A_modules,Core/AimingVis/LokiAimingLaser.as,,identifier,SetMaxDistance
0x0563cc,353228,14,B,19,A_modules,Core/AimingVis/LokiAimingLaser.as,,identifier,NewMaxDistance
0x05648f,353423,14,B,19,A_modules,Core/AimingVis/LokiAimingLaser.as,,identifier,SetMaxDistance
0x0564f2,353522,11,B,16,A_modules,Core/AimingVis/LokiAimingLaser.as,,identifier,SetHueShift
0x056556,353622,11,B,16,A_modules,Core/AimingVis/LokiAimingLaser.as,,identifier,NewHueShift
0x05659e,353694,2,A,6,A_modules,Core/AimingVis/LokiAimingLaser.as,,suspect_short,)
0x05664a,353866,11,B,16,A_modules,Core/AimingVis/LokiAimingLaser.as,,identifier,SetHueShift
0x0566aa,353962,16,B,21,A_modules,Core/AimingVis/LokiAimingLaser.as,,identifier,SetLaserMaterial
0x056713,354067,11,B,16,A_modules,Core/AimingVis/LokiAimingLaser.as,,identifier,NewMaterial
0x05679b,354203,16,B,21,A_modules,Core/AimingVis/LokiAimingLaser.as,,identifier,SetLaserMaterial
0x056800,354304,19,B,24,A_modules,Core/AimingVis/LokiAimingLaser.as,,identifier,SetEndpointMaterial
0x05686c,354412,11,B,16,A_modules,Core/AimingVis/LokiAimingLaser.as,,identifier,NewMaterial
0x0568f4,354548,19,B,24,A_modules,Core/AimingVis/LokiAimingLaser.as,,identifier,SetEndpointMaterial
0x05695c,354652,24,B,29,A_modules,Core/AimingVis/LokiAimingLaser.as,,identifier,SetHitFlareNiagaraSystem
0x0569cd,354765,16,B,21,A_modules,Core/AimingVis/LokiAimingLaser.as,,identifier,NewNiagaraSystem
0x056a5e,354910,24,B,29,A_modules,Core/AimingVis/LokiAimingLaser.as,,identifier,SetHitFlareNiagaraSystem
0x056acb,355019,13,B,18,A_modules,Core/AimingVis/LokiAimingLaser.as,,identifier,SetBrightness
0x056b31,355121,13,B,18,A_modules,Core/AimingVis/LokiAimingLaser.as,,identifier,NewBrightness
0x056b93,355219,13,B,18,A_modules,Core/AimingVis/LokiAimingLaser.as,,identifier,SetBrightness
0x056bf5,355317,32,B,37,A_modules,Core/AimingVis/LokiAimingLaser.as,,identifier,SetLimitLaserToCursorUserSetting
0x056c6e,355438,22,B,27,A_modules,Core/AimingVis/LokiAimingLaser.as,,identifier,bNewLimitLaserToCursor
0x056ce1,355553,1,B,6,A_modules,Core/AimingVis/LokiAimingLaser.as,,suspect_short, 
0x056d5a,355674,26,B,31,A_modules,Core/AimingVis/LokiAimingLaser.as,,identifier,OverrideLimitLaserToCursor
0x056dcd,355789,30,B,35,A_modules,Core/AimingVis/LokiAimingLaser.as,,identifier,bNewLimitLaserToCursorOverride
0x056e60,355936,26,B,31,A_modules,Core/AimingVis/LokiAimingLaser.as,,identifier,OverrideLimitLaserToCursor
0x056ecf,356047,31,B,36,A_modules,Core/AimingVis/LokiAimingLaser.as,,identifier,ClearOverrideLimitLaserToCursor
0x056f7f,356223,31,B,36,A_modules,Core/AimingVis/LokiAimingLaser.as,,identifier,ClearOverrideLimitLaserToCursor
0x056ff3,356339,20,B,25,A_modules,Core/AimingVis/LokiAimingLaser.as,,identifier,UsesProgressSequence
0x057098,356504,1,B,6,A_modules,Core/AimingVis/LokiAimingLaser.as,,identifier,R
0x0570d8,356568,20,B,25,A_modules,Core/AimingVis/LokiAimingLaser.as,,identifier,UsesProgressSequence
0x057141,356673,16,B,21,A_modules,Core/AimingVis/LokiAimingLaser.as,,identifier,SetProgressCurve
0x0571aa,356778,16,B,21,A_modules,Core/AimingVis/LokiAimingLaser.as,,identifier,NewProgressCurve
0x05728f,357007,16,B,21,A_modules,Core/AimingVis/LokiAimingLaser.as,,identifier,SetProgressCurve
0x0572f4,357108,13,B,18,A_modules,Core/AimingVis/LokiAimingLaser.as,,identifier,ResetProgress
0x0573d6,357334,13,B,18,A_modules,Core/AimingVis/LokiAimingLaser.as,,identifier,ResetProgress
0x057438,357432,23,B,28,A_modules,Core/AimingVis/LokiAimingLaser.as,,identifier,RestartProgressSequence
0x0574cc,357580,8,B,13,A_modules,Core/AimingVis/LokiAimingLaser.as,,identifier,Duration
0x0574d9,357593,18,B,23,A_modules,Core/AimingVis/LokiAimingLaser.as,,identifier,bIsCurveNormalized
0x0575cc,357836,23,B,28,A_modules,Core/AimingVis/LokiAimingLaser.as,,identifier,RestartProgressSequence
0x057638,357944,12,B,17,A_modules,Core/AimingVis/LokiAimingLaser.as,,identifier,TickProgress
0x05769d,358045,12,B,17,A_modules,Core/AimingVis/LokiAimingLaser.as,,identifier,DeltaSeconds
0x05777e,358270,2,A,6,A_modules,Core/AimingVis/LokiAimingLaser.as,,identifier,o
0x0578b2,358578,16,B,21,A_modules,Core/AimingVis/LokiAimingLaser.as,,identifier,OnUpdateProgress
0x05791b,358683,13,B,18,A_modules,Core/AimingVis/LokiAimingLaser.as,,identifier,ProgressValue
0x0579b5,358837,31,B,36,A_modules,Core/AimingVis/LokiAimingLaser.as,,identifier,OnUpdateProgress_Implementation
0x057a2d,358957,13,B,18,A_modules,Core/AimingVis/LokiAimingLaser.as,,identifier,ProgressValue
0x057a8f,359055,16,B,21,A_modules,Core/AimingVis/LokiAimingLaser.as,,identifier,OnUpdateProgress
0x057af4,359156,14,B,19,A_modules,Core/AimingVis/LokiAimingLaser.as,,internal_symbol,__InitDefaults
0x057d1f,359711,16,B,21,A_modules,Core/AimingVis/LokiAimingLaser.as,,identifier,ALokiAimingLaser
0x057fa4,360356,17,B,22,A_modules,Core/AimingVis/LokiAimingLaser.as,,other,~ALokiAimingLaser
0x058086,360582,6,B,11,A_modules,Core/AimingVis/LokiAimingLaser.as,,identifier,AActor
0x058091,360593,20,B,25,A_modules,Core/AimingVis/LokiAimingLaser.as,,asset_path,/Script/Engine.Actor
0x0580ca,360650,29,B,34,A_modules,Core/AimingVis/LokiAimingLaser.as,,statictype_alias,__StaticType_ALokiAimingLaser
0x058104,360708,29,B,34,A_modules,Core/AimingVis/LokiAimingLaser.as,,statictype_alias,__StaticType_ALokiAimingLaser
0x05816e,360814,33,B,38,A_modules,Core/AimingVis/LokiAimingLaser.as,,source_path,Core/AimingVis/LokiAimingLaser.as
0x058198,360856,42,A,46,A_modules,Core/AimingVis/LokiAimingLaserRangeMarker.as,,dotted_name,Core.AimingVis.LokiAimingLaserRangeMarker
0x0581c6,360902,41,B,46,A_modules,Core/AimingVis/LokiAimingLaserRangeMarker.as,,dotted_name,Core.AimingVis.LokiAimingLaserRangeMarker
0x0581f8,360952,27,B,32,A_modules,Core/AimingVis/LokiAimingLaserRangeMarker.as,,identifier,ALokiAimingLaserRangeMarker
0x0582b4,361140,11,B,16,A_modules,Core/AimingVis/LokiAimingLaserRangeMarker.as,,identifier,StaticClass
0x0582c4,361156,27,B,32,A_modules,Core/AimingVis/LokiAimingLaserRangeMarker.as,,identifier,ALokiAimingLaserRangeMarker
0x058388,361352,5,B,10,A_modules,Core/AimingVis/LokiAimingLaserRangeMarker.as,,identifier,Spawn
0x058392,361362,27,B,32,A_modules,Core/AimingVis/LokiAimingLaserRangeMarker.as,,identifier,ALokiAimingLaserRangeMarker
0x058492,361618,8,B,13,A_modules,Core/AimingVis/LokiAimingLaserRangeMarker.as,,identifier,Location
0x05849f,361631,8,B,13,A_modules,Core/AimingVis/LokiAimingLaserRangeMarker.as,,identifier,Rotation
0x0584ac,361644,4,B,9,A_modules,Core/AimingVis/LokiAimingLaserRangeMarker.as,,identifier,Name
0x0584b5,361653,14,B,19,A_modules,Core/AimingVis/LokiAimingLaserRangeMarker.as,,identifier,bDeferredSpawn
0x0584c8,361672,5,B,10,A_modules,Core/AimingVis/LokiAimingLaserRangeMarker.as,,identifier,Level
0x0584ee,361710,21,B,26,A_modules,Core/AimingVis/LokiAimingLaserRangeMarker.as,,default_arg_expr,FVector :: ZeroVector
0x058508,361736,23,B,28,A_modules,Core/AimingVis/LokiAimingLaserRangeMarker.as,,default_arg_expr,FRotator :: ZeroRotator
0x058524,361764,9,B,14,A_modules,Core/AimingVis/LokiAimingLaserRangeMarker.as,,default_arg_expr,NAME_None
0x058532,361778,5,B,10,A_modules,Core/AimingVis/LokiAimingLaserRangeMarker.as,,default_arg_expr,false
0x05853c,361788,7,B,12,A_modules,Core/AimingVis/LokiAimingLaserRangeMarker.as,,default_arg_expr,nullptr
0x0585d8,361944,1,B,6,A_modules,Core/AimingVis/LokiAimingLaserRangeMarker.as,,identifier,J
0x058668,362088,27,B,32,A_modules,Core/AimingVis/LokiAimingLaserRangeMarker.as,,identifier,ALokiAimingLaserRangeMarker
0x058694,362132,11,B,16,A_modules,Core/AimingVis/LokiAimingLaserRangeMarker.as,,identifier,RangeMarker
0x0586d8,362200,18,B,23,A_modules,Core/AimingVis/LokiAimingLaserRangeMarker.as,,identifier,EditInlineDefaults
0x0586ef,362223,16,B,21,A_modules,Core/AimingVis/LokiAimingLaserRangeMarker.as,,identifier,DefaultComponent
0x058704,362244,8,B,13,A_modules,Core/AimingVis/LokiAimingLaserRangeMarker.as,,identifier,Category
0x058715,362261,4,B,9,A_modules,Core/AimingVis/LokiAimingLaserRangeMarker.as,,default_arg_expr,true
0x05871e,362270,4,B,9,A_modules,Core/AimingVis/LokiAimingLaserRangeMarker.as,,identifier,True
0x058727,362279,5,B,10,A_modules,Core/AimingVis/LokiAimingLaserRangeMarker.as,,identifier,Laser
0x058771,362353,23,B,28,A_modules,Core/AimingVis/LokiAimingLaserRangeMarker.as,,identifier,bShowRangeMarkerOnSpawn
0x0587c1,362433,8,B,13,A_modules,Core/AimingVis/LokiAimingLaserRangeMarker.as,,identifier,Category
0x0587d2,362450,5,B,10,A_modules,Core/AimingVis/LokiAimingLaserRangeMarker.as,,identifier,Laser
0x05881c,362524,16,B,21,A_modules,Core/AimingVis/LokiAimingLaserRangeMarker.as,,identifier,bShowRangeMarker
0x058865,362597,8,B,13,A_modules,Core/AimingVis/LokiAimingLaserRangeMarker.as,,identifier,Category
0x058876,362614,5,B,10,A_modules,Core/AimingVis/LokiAimingLaserRangeMarker.as,,identifier,Laser
0x0588c0,362688,14,B,19,A_modules,Core/AimingVis/LokiAimingLaserRangeMarker.as,,identifier,MarkerDistance
0x058907,362759,8,B,13,A_modules,Core/AimingVis/LokiAimingLaserRangeMarker.as,,identifier,Category
0x058918,362776,5,B,10,A_modules,Core/AimingVis/LokiAimingLaserRangeMarker.as,,identifier,Laser
0x058962,362850,42,B,47,A_modules,Core/AimingVis/LokiAimingLaserRangeMarker.as,,identifier,bOverrideRangeMarkerDesaturationAndOpacity
0x0589c5,362949,19,B,24,A_modules,Core/AimingVis/LokiAimingLaserRangeMarker.as,,identifier,Tick_Implementation
0x058a31,363057,12,B,17,A_modules,Core/AimingVis/LokiAimingLaserRangeMarker.as,,identifier,DeltaSeconds
0x058c36,363574,2,A,6,A_modules,Core/AimingVis/LokiAimingLaserRangeMarker.as,,suspect_short, 
0x058c7e,363646,2,A,6,A_modules,Core/AimingVis/LokiAimingLaserRangeMarker.as,,suspect_short,!
0x058cb2,363698,2,A,6,A_modules,Core/AimingVis/LokiAimingLaserRangeMarker.as,0x26e79776600,suspect_short,""""
0x058cfa,363770,2,A,6,A_modules,Core/AimingVis/LokiAimingLaserRangeMarker.as,,suspect_short,#
0x058d42,363842,2,A,6,A_modules,Core/AimingVis/LokiAimingLaserRangeMarker.as,,suspect_short,!
0x058d7e,363902,2,A,6,A_modules,Core/AimingVis/LokiAimingLaserRangeMarker.as,,suspect_short,#
0x058e9e,364190,4,B,9,A_modules,Core/AimingVis/LokiAimingLaserRangeMarker.as,,identifier,Tick
0x058ef7,364279,29,B,34,A_modules,Core/AimingVis/LokiAimingLaserRangeMarker.as,,identifier,OnLaserSpawned_Implementation
0x058fd9,364505,14,B,19,A_modules,Core/AimingVis/LokiAimingLaserRangeMarker.as,,identifier,OnLaserSpawned
0x05903c,364604,14,B,19,A_modules,Core/AimingVis/LokiAimingLaserRangeMarker.as,,internal_symbol,__InitDefaults
0x059157,364887,18,B,23,A_modules,Core/AimingVis/LokiAimingLaserRangeMarker.as,,identifier,SetShowRangeMarker
0x0591c2,364994,19,B,24,A_modules,Core/AimingVis/LokiAimingLaserRangeMarker.as,,identifier,bNewShowRangeMarker
0x05929a,365210,18,B,23,A_modules,Core/AimingVis/LokiAimingLaserRangeMarker.as,,identifier,SetShowRangeMarker
0x059301,365313,22,B,27,A_modules,Core/AimingVis/LokiAimingLaserRangeMarker.as,,identifier,SetRangeMarkerDistance
0x059370,365424,11,B,16,A_modules,Core/AimingVis/LokiAimingLaserRangeMarker.as,,identifier,NewDistance
0x059408,365576,22,B,27,A_modules,Core/AimingVis/LokiAimingLaserRangeMarker.as,,identifier,SetRangeMarkerDistance
0x059473,365683,22,B,27,A_modules,Core/AimingVis/LokiAimingLaserRangeMarker.as,,identifier,SetRangeMarkerMaterial
0x0594e2,365794,11,B,16,A_modules,Core/AimingVis/LokiAimingLaserRangeMarker.as,,identifier,NewMaterial
0x05959a,365978,22,B,27,A_modules,Core/AimingVis/LokiAimingLaserRangeMarker.as,,identifier,SetRangeMarkerMaterial
0x0596d9,366297,27,B,32,A_modules,Core/AimingVis/LokiAimingLaserRangeMarker.as,,identifier,ALokiAimingLaserRangeMarker
0x059801,366593,28,B,33,A_modules,Core/AimingVis/LokiAimingLaserRangeMarker.as,,other,~ALokiAimingLaserRangeMarker
0x0598b2,366770,16,B,21,A_modules,Core/AimingVis/LokiAimingLaserRangeMarker.as,,identifier,ALokiAimingLaser
0x0598c7,366791,20,B,25,A_modules,Core/AimingVis/LokiAimingLaserRangeMarker.as,,asset_path,/Script/Engine.Actor
0x059900,366848,40,B,45,A_modules,Core/AimingVis/LokiAimingLaserRangeMarker.as,,statictype_alias,__StaticType_ALokiAimingLaserRangeMarker
0x059941,366913,1,B,6,A_modules,Core/AimingVis/LokiAimingLaserRangeMarker.as,,suspect_short,(
0x0599ba,367034,44,B,49,A_modules,Core/AimingVis/LokiAimingLaserRangeMarker.as,,source_path,Core/AimingVis/LokiAimingLaserRangeMarker.as
0x0599ef,367087,42,A,46,A_modules,Core/AimingVis/LokiAimingLaserSpreadLines.as,,dotted_name,Core.AimingVis.LokiAimingLaserSpreadLines
0x059a1d,367133,41,B,46,A_modules,Core/AimingVis/LokiAimingLaserSpreadLines.as,,dotted_name,Core.AimingVis.LokiAimingLaserSpreadLines
0x059a4f,367183,27,B,32,A_modules,Core/AimingVis/LokiAimingLaserSpreadLines.as,,identifier,ALokiAimingLaserSpreadLines
0x059b0b,367371,11,B,16,A_modules,Core/AimingVis/LokiAimingLaserSpreadLines.as,,identifier,StaticClass
0x059b1b,367387,27,B,32,A_modules,Core/AimingVis/LokiAimingLaserSpreadLines.as,,identifier,ALokiAimingLaserSpreadLines
0x059bdf,367583,5,B,10,A_modules,Core/AimingVis/LokiAimingLaserSpreadLines.as,,identifier,Spawn
0x059be9,367593,27,B,32,A_modules,Core/AimingVis/LokiAimingLaserSpreadLines.as,,identifier,ALokiAimingLaserSpreadLines
0x059ce9,367849,8,B,13,A_modules,Core/AimingVis/LokiAimingLaserSpreadLines.as,,identifier,Location
0x059cf6,367862,8,B,13,A_modules,Core/AimingVis/LokiAimingLaserSpreadLines.as,,identifier,Rotation
0x059d03,367875,4,B,9,A_modules,Core/AimingVis/LokiAimingLaserSpreadLines.as,,identifier,Name
0x059d0c,367884,14,B,19,A_modules,Core/AimingVis/LokiAimingLaserSpreadLines.as,,identifier,bDeferredSpawn
0x059d1f,367903,5,B,10,A_modules,Core/AimingVis/LokiAimingLaserSpreadLines.as,,identifier,Level
0x059d45,367941,21,B,26,A_modules,Core/AimingVis/LokiAimingLaserSpreadLines.as,,default_arg_expr,FVector :: ZeroVector
0x059d5f,367967,23,B,28,A_modules,Core/AimingVis/LokiAimingLaserSpreadLines.as,,default_arg_expr,FRotator :: ZeroRotator
0x059d7b,367995,9,B,14,A_modules,Core/AimingVis/LokiAimingLaserSpreadLines.as,,default_arg_expr,NAME_None
0x059d89,368009,5,B,10,A_modules,Core/AimingVis/LokiAimingLaserSpreadLines.as,,default_arg_expr,false
0x059d93,368019,7,B,12,A_modules,Core/AimingVis/LokiAimingLaserSpreadLines.as,,default_arg_expr,nullptr
0x059e2f,368175,1,B,6,A_modules,Core/AimingVis/LokiAimingLaserSpreadLines.as,,identifier,J
0x059ebf,368319,27,B,32,A_modules,Core/AimingVis/LokiAimingLaserSpreadLines.as,,identifier,ALokiAimingLaserSpreadLines
0x059eeb,368363,16,B,21,A_modules,Core/AimingVis/LokiAimingLaserSpreadLines.as,,identifier,LaserSpreadRoot1
0x059f34,368436,18,B,23,A_modules,Core/AimingVis/LokiAimingLaserSpreadLines.as,,identifier,EditInlineDefaults
0x059f4b,368459,16,B,21,A_modules,Core/AimingVis/LokiAimingLaserSpreadLines.as,,identifier,DefaultComponent
0x059f64,368484,4,B,9,A_modules,Core/AimingVis/LokiAimingLaserSpreadLines.as,,default_arg_expr,true
0x059f6d,368493,4,B,9,A_modules,Core/AimingVis/LokiAimingLaserSpreadLines.as,,identifier,True
0x059fb6,368566,16,B,21,A_modules,Core/AimingVis/LokiAimingLaserSpreadLines.as,,identifier,LaserSpreadRoot2
0x059fff,368639,18,B,23,A_modules,Core/AimingVis/LokiAimingLaserSpreadLines.as,,identifier,EditInlineDefaults
0x05a016,368662,16,B,21,A_modules,Core/AimingVis/LokiAimingLaserSpreadLines.as,,identifier,DefaultComponent
0x05a02f,368687,4,B,9,A_modules,Core/AimingVis/LokiAimingLaserSpreadLines.as,,default_arg_expr,true
0x05a038,368696,4,B,9,A_modules,Core/AimingVis/LokiAimingLaserSpreadLines.as,,identifier,True
0x05a081,368769,12,B,17,A_modules,Core/AimingVis/LokiAimingLaserSpreadLines.as,,identifier,LaserSpread1
0x05a0c6,368838,18,B,23,A_modules,Core/AimingVis/LokiAimingLaserSpreadLines.as,,identifier,EditInlineDefaults
0x05a0dd,368861,16,B,21,A_modules,Core/AimingVis/LokiAimingLaserSpreadLines.as,,identifier,DefaultComponent
0x05a0f2,368882,6,B,11,A_modules,Core/AimingVis/LokiAimingLaserSpreadLines.as,,identifier,Attach
0x05a101,368897,4,B,9,A_modules,Core/AimingVis/LokiAimingLaserSpreadLines.as,,default_arg_expr,true
0x05a10a,368906,4,B,9,A_modules,Core/AimingVis/LokiAimingLaserSpreadLines.as,,identifier,True
0x05a113,368915,16,B,21,A_modules,Core/AimingVis/LokiAimingLaserSpreadLines.as,,identifier,LaserSpreadRoot1
0x05a168,369000,12,B,17,A_modules,Core/AimingVis/LokiAimingLaserSpreadLines.as,,identifier,LaserSpread2
0x05a1ad,369069,18,B,23,A_modules,Core/AimingVis/LokiAimingLaserSpreadLines.as,,identifier,EditInlineDefaults
0x05a1c4,369092,16,B,21,A_modules,Core/AimingVis/LokiAimingLaserSpreadLines.as,,identifier,DefaultComponent
0x05a1d9,369113,6,B,11,A_modules,Core/AimingVis/LokiAimingLaserSpreadLines.as,,identifier,Attach
0x05a1e8,369128,4,B,9,A_modules,Core/AimingVis/LokiAimingLaserSpreadLines.as,,default_arg_expr,true
0x05a1f1,369137,4,B,9,A_modules,Core/AimingVis/LokiAimingLaserSpreadLines.as,,identifier,True
0x05a1fa,369146,16,B,21,A_modules,Core/AimingVis/LokiAimingLaserSpreadLines.as,,identifier,LaserSpreadRoot2
0x05a24f,369231,23,B,28,A_modules,Core/AimingVis/LokiAimingLaserSpreadLines.as,,identifier,bSetSpreadAngleViaBloom
0x05a2e3,369379,22,B,27,A_modules,Core/AimingVis/LokiAimingLaserSpreadLines.as,,identifier,bInterpolateBloomValue
0x05a376,369526,25,B,30,A_modules,Core/AimingVis/LokiAimingLaserSpreadLines.as,,identifier,InterpolationRampHalfLife
0x05a40c,369676,19,B,24,A_modules,Core/AimingVis/LokiAimingLaserSpreadLines.as,,identifier,NonBloomSpreadAngle
0x05a49c,369820,21,B,26,A_modules,Core/AimingVis/LokiAimingLaserSpreadLines.as,,identifier,HideSpreadLasersAngle
0x05a52e,369966,26,B,31,A_modules,Core/AimingVis/LokiAimingLaserSpreadLines.as,,identifier,DimSpreadLasersAngleWindow
0x05a5c5,370117,26,B,31,A_modules,Core/AimingVis/LokiAimingLaserSpreadLines.as,,identifier,LaserOpacityMultWhenSpread
0x05a65c,370268,14,B,19,A_modules,Core/AimingVis/LokiAimingLaserSpreadLines.as,,identifier,LastBloomAngle
0x05a6eb,370411,19,B,24,A_modules,Core/AimingVis/LokiAimingLaserSpreadLines.as,,identifier,Tick_Implementation
0x05a757,370519,12,B,17,A_modules,Core/AimingVis/LokiAimingLaserSpreadLines.as,,identifier,DeltaSeconds
0x05a900,370944,2,A,6,A_modules,Core/AimingVis/LokiAimingLaserSpreadLines.as,,identifier,Q
0x05ae30,372272,2,A,6,A_modules,Core/AimingVis/LokiAimingLaserSpreadLines.as,,suspect_short,#
0x05ae70,372336,2,A,6,A_modules,Core/AimingVis/LokiAimingLaserSpreadLines.as,,suspect_short,#
0x05aee0,372448,2,A,6,A_modules,Core/AimingVis/LokiAimingLaserSpreadLines.as,,suspect_short,#
0x05af3c,372540,2,A,6,A_modules,Core/AimingVis/LokiAimingLaserSpreadLines.as,,suspect_short,#
0x05b2dc,373468,4,B,9,A_modules,Core/AimingVis/LokiAimingLaserSpreadLines.as,,identifier,Tick
0x05b335,373557,27,B,32,A_modules,Core/AimingVis/LokiAimingLaserSpreadLines.as,,identifier,CustomEvent0_Implementation
0x05b3a9,373673,5,B,10,A_modules,Core/AimingVis/LokiAimingLaserSpreadLines.as,,identifier,Value
0x05b413,373779,12,B,17,A_modules,Core/AimingVis/LokiAimingLaserSpreadLines.as,,identifier,CustomEvent0
0x05b474,373876,14,B,19,A_modules,Core/AimingVis/LokiAimingLaserSpreadLines.as,,internal_symbol,__InitDefaults
0x05b8bf,374975,24,B,29,A_modules,Core/AimingVis/LokiAimingLaserSpreadLines.as,,identifier,BeginPlay_Implementation
0x05b954,375124,9,B,14,A_modules,Core/AimingVis/LokiAimingLaserSpreadLines.as,,identifier,BeginPlay
0x05b9b2,375218,22,B,27,A_modules,Core/AimingVis/LokiAimingLaserSpreadLines.as,,identifier,PauseBloomVisualOnShot
0x05ba21,375329,10,B,15,A_modules,Core/AimingVis/LokiAimingLaserSpreadLines.as,,identifier,PauseAngle
0x05ba80,375424,22,B,27,A_modules,Core/AimingVis/LokiAimingLaserSpreadLines.as,,identifier,PauseBloomVisualOnShot
0x05bbbb,375739,27,B,32,A_modules,Core/AimingVis/LokiAimingLaserSpreadLines.as,,identifier,ALokiAimingLaserSpreadLines
0x05bd5b,376155,28,B,33,A_modules,Core/AimingVis/LokiAimingLaserSpreadLines.as,,other,~ALokiAimingLaserSpreadLines
0x05be0c,376332,16,B,21,A_modules,Core/AimingVis/LokiAimingLaserSpreadLines.as,,identifier,ALokiAimingLaser
0x05be21,376353,20,B,25,A_modules,Core/AimingVis/LokiAimingLaserSpreadLines.as,,asset_path,/Script/Engine.Actor
0x05be5a,376410,40,B,45,A_modules,Core/AimingVis/LokiAimingLaserSpreadLines.as,,statictype_alias,__StaticType_ALokiAimingLaserSpreadLines
0x05be9b,376475,1,B,6,A_modules,Core/AimingVis/LokiAimingLaserSpreadLines.as,,suspect_short,(
0x05bf14,376596,44,B,49,A_modules,Core/AimingVis/LokiAimingLaserSpreadLines.as,,source_path,Core/AimingVis/LokiAimingLaserSpreadLines.as
0x05bf49,376649,38,A,42,A_modules,Core/AimingVis/LokiAimingVisComponent.as,,dotted_name,Core.AimingVis.LokiAimingVisComponent
0x05bf73,376691,37,B,42,A_modules,Core/AimingVis/LokiAimingVisComponent.as,,dotted_name,Core.AimingVis.LokiAimingVisComponent
0x05bfa1,376737,29,B,34,A_modules,Core/AimingVis/LokiAimingVisComponent.as,,identifier,ULokiAimingVisComponentScript
0x05c05f,376927,11,B,16,A_modules,Core/AimingVis/LokiAimingVisComponent.as,,identifier,StaticClass
0x05c06f,376943,29,B,34,A_modules,Core/AimingVis/LokiAimingVisComponent.as,,identifier,ULokiAimingVisComponentScript
0x05c135,377141,3,B,8,A_modules,Core/AimingVis/LokiAimingVisComponent.as,,identifier,Get
0x05c13d,377149,29,B,34,A_modules,Core/AimingVis/LokiAimingVisComponent.as,,identifier,ULokiAimingVisComponentScript
0x05c1d3,377299,5,B,10,A_modules,Core/AimingVis/LokiAimingVisComponent.as,,identifier,Actor
0x05c1dd,377309,8,B,13,A_modules,Core/AimingVis/LokiAimingVisComponent.as,,identifier,WithName
0x05c1fe,377342,9,B,14,A_modules,Core/AimingVis/LokiAimingVisComponent.as,,default_arg_expr,NAME_None
0x05c28c,377484,11,B,16,A_modules,Core/AimingVis/LokiAimingVisComponent.as,,identifier,GetOrCreate
0x05c29c,377500,29,B,34,A_modules,Core/AimingVis/LokiAimingVisComponent.as,,identifier,ULokiAimingVisComponentScript
0x05c332,377650,5,B,10,A_modules,Core/AimingVis/LokiAimingVisComponent.as,,identifier,Actor
0x05c33c,377660,8,B,13,A_modules,Core/AimingVis/LokiAimingVisComponent.as,,identifier,WithName
0x05c35d,377693,9,B,14,A_modules,Core/AimingVis/LokiAimingVisComponent.as,,default_arg_expr,NAME_None
0x05c3eb,377835,6,B,11,A_modules,Core/AimingVis/LokiAimingVisComponent.as,,identifier,Create
0x05c3f6,377846,29,B,34,A_modules,Core/AimingVis/LokiAimingVisComponent.as,,identifier,ULokiAimingVisComponentScript
0x05c48c,377996,5,B,10,A_modules,Core/AimingVis/LokiAimingVisComponent.as,,identifier,Actor
0x05c496,378006,8,B,13,A_modules,Core/AimingVis/LokiAimingVisComponent.as,,identifier,WithName
0x05c4b7,378039,9,B,14,A_modules,Core/AimingVis/LokiAimingVisComponent.as,,default_arg_expr,NAME_None
0x05c549,378185,21,B,26,A_modules,Core/AimingVis/LokiAimingVisComponent.as,,identifier,FLaserScriptOverrides
0x05c56f,378223,31,B,36,A_modules,Core/AimingVis/LokiAimingVisComponent.as,,identifier,bOverrideDesaturationAndOpacity
0x05c60b,378379,26,B,31,A_modules,Core/AimingVis/LokiAimingVisComponent.as,,identifier,bOverrideRangeAndAlphaStep
0x05c6be,378558,21,B,26,A_modules,Core/AimingVis/LokiAimingVisComponent.as,,identifier,FLaserScriptOverrides
0x05c800,378880,29,B,34,A_modules,Core/AimingVis/LokiAimingVisComponent.as,,identifier,ULokiAimingVisComponentScript
0x05c82e,378926,14,B,19,A_modules,Core/AimingVis/LokiAimingVisComponent.as,,identifier,OwnerCharacter
0x05c8b9,379065,21,B,26,A_modules,Core/AimingVis/LokiAimingVisComponent.as,,identifier,bHasInitializedClient
0x05c94b,379211,26,B,31,A_modules,Core/AimingVis/LokiAimingVisComponent.as,,identifier,bHasInitializedLocalClient
0x05c9e2,379362,20,B,25,A_modules,Core/AimingVis/LokiAimingVisComponent.as,,identifier,bHeroUsesAimingLaser
0x05ca73,379507,19,B,24,A_modules,Core/AimingVis/LokiAimingVisComponent.as,,identifier,ClientLaserInstance
0x05cb03,379651,13,B,18,A_modules,Core/AimingVis/LokiAimingVisComponent.as,,identifier,LaserSettings
0x05cb8d,379789,23,B,28,A_modules,Core/AimingVis/LokiAimingVisComponent.as,,identifier,SpawnLaserSettingsIndex
0x05cc21,379937,25,B,30,A_modules,Core/AimingVis/LokiAimingVisComponent.as,,identifier,CurrentLaserSettingsIndex
0x05ccb7,380087,28,B,33,A_modules,Core/AimingVis/LokiAimingVisComponent.as,,identifier,ReplicatedLaserSettingsIndex
0x05cd5c,380252,28,B,33,A_modules,Core/AimingVis/LokiAimingVisComponent.as,,identifier,LokiBeginPlay_Implementation
0x05ce41,380481,13,B,18,A_modules,Core/AimingVis/LokiAimingVisComponent.as,,identifier,LokiBeginPlay
0x05cea3,380579,10,B,15,A_modules,Core/AimingVis/LokiAimingVisComponent.as,,identifier,InitClient
0x05cf52,380754,25,B,30,A_modules,Core/AimingVis/LokiAimingVisComponent.as,,identifier,InitClient_Implementation
0x05d04c,381004,2,A,6,A_modules,Core/AimingVis/LokiAimingVisComponent.as,,suspect_short,*
0x05d130,381232,10,B,15,A_modules,Core/AimingVis/LokiAimingVisComponent.as,,identifier,InitClient
0x05d18f,381327,15,B,20,A_modules,Core/AimingVis/LokiAimingVisComponent.as,,identifier,InitLocalClient
0x05d243,381507,30,B,35,A_modules,Core/AimingVis/LokiAimingVisComponent.as,,identifier,InitLocalClient_Implementation
0x05d316,381718,2,A,6,A_modules,Core/AimingVis/LokiAimingVisComponent.as,,suspect_short,-
0x05d346,381766,2,A,6,A_modules,Core/AimingVis/LokiAimingVisComponent.as,,suspect_short,","
0x05d35e,381790,2,A,6,A_modules,Core/AimingVis/LokiAimingVisComponent.as,,suspect_short,+
0x05d39e,381854,2,A,6,A_modules,Core/AimingVis/LokiAimingVisComponent.as,0x26e6534a500,suspect_short,/
0x05d3ce,381902,2,A,6,A_modules,Core/AimingVis/LokiAimingVisComponent.as,,suspect_short,.
0x05d3e6,381926,2,A,6,A_modules,Core/AimingVis/LokiAimingVisComponent.as,,suspect_short,+
0x05d502,382210,15,B,20,A_modules,Core/AimingVis/LokiAimingVisComponent.as,,identifier,InitLocalClient
0x05d566,382310,14,B,19,A_modules,Core/AimingVis/LokiAimingVisComponent.as,,identifier,InitOnLocalASC
0x05d619,382489,29,B,34,A_modules,Core/AimingVis/LokiAimingVisComponent.as,,identifier,InitOnLocalASC_Implementation
0x05d6cf,382671,2,A,6,A_modules,Core/AimingVis/LokiAimingVisComponent.as,,suspect_short,0
0x05d75f,382815,14,B,19,A_modules,Core/AimingVis/LokiAimingVisComponent.as,,identifier,InitOnLocalASC
0x05d7c2,382914,29,B,34,A_modules,Core/AimingVis/LokiAimingVisComponent.as,,identifier,GetBonusPrimaryAttackDistance
0x05d8a4,383140,44,B,49,A_modules,Core/AimingVis/LokiAimingVisComponent.as,,identifier,GetBonusPrimaryAttackDistance_Implementation
0x05d95d,383325,29,B,34,A_modules,Core/AimingVis/LokiAimingVisComponent.as,,identifier,GetBonusPrimaryAttackDistance
0x05d9cf,383439,35,B,40,A_modules,Core/AimingVis/LokiAimingVisComponent.as,,identifier,OnBonusPrimaryAttackDistanceChanged
0x05da4b,383563,15,B,20,A_modules,Core/AimingVis/LokiAimingVisComponent.as,,identifier,NewBonusMaxDist
0x05db73,383859,1,B,6,A_modules,Core/AimingVis/LokiAimingVisComponent.as,,suspect_short,#
0x05dbef,383983,13,B,18,A_modules,Core/AimingVis/LokiAimingVisComponent.as,,identifier,ValidateOwner
0x05dce9,384233,1,B,6,A_modules,Core/AimingVis/LokiAimingVisComponent.as,,identifier,J
0x05dd55,384341,1,B,6,A_modules,Core/AimingVis/LokiAimingVisComponent.as,,identifier,R
0x05de0d,384525,13,B,18,A_modules,Core/AimingVis/LokiAimingVisComponent.as,,identifier,ValidateOwner
0x05de6f,384623,24,B,29,A_modules,Core/AimingVis/LokiAimingVisComponent.as,,identifier,IsOwnerLocallyControlled
0x05df74,384884,24,B,29,A_modules,Core/AimingVis/LokiAimingVisComponent.as,,identifier,IsOwnerLocallyControlled
0x05dfe1,384993,13,B,18,A_modules,Core/AimingVis/LokiAimingVisComponent.as,,identifier,ValidateLaser
0x05e0f7,385271,13,B,18,A_modules,Core/AimingVis/LokiAimingVisComponent.as,,identifier,ValidateLaser
0x05e159,385369,15,B,20,A_modules,Core/AimingVis/LokiAimingVisComponent.as,,identifier,UsesAimingLaser
0x05e231,385585,30,B,35,A_modules,Core/AimingVis/LokiAimingVisComponent.as,,identifier,UsesAimingLaser_Implementation
0x05e2d8,385752,2,A,6,A_modules,Core/AimingVis/LokiAimingVisComponent.as,,suspect_short,","
0x05e2f0,385776,2,A,6,A_modules,Core/AimingVis/LokiAimingVisComponent.as,,suspect_short,+
0x05e32c,385836,1,B,6,A_modules,Core/AimingVis/LokiAimingVisComponent.as,,identifier,R
0x05e444,386116,15,B,20,A_modules,Core/AimingVis/LokiAimingVisComponent.as,,identifier,UsesAimingLaser
0x05e4a8,386216,19,B,24,A_modules,Core/AimingVis/LokiAimingVisComponent.as,,identifier,HasValidAimingLaser
0x05e55c,386396,19,B,24,A_modules,Core/AimingVis/LokiAimingVisComponent.as,,identifier,HasValidAimingLaser
0x05e5c4,386500,29,B,34,A_modules,Core/AimingVis/LokiAimingVisComponent.as,,identifier,GetAimingLaserInstanceIfValid
0x05e6f6,386806,29,B,34,A_modules,Core/AimingVis/LokiAimingVisComponent.as,,identifier,GetAimingLaserInstanceIfValid
0x05e768,386920,30,B,35,A_modules,Core/AimingVis/LokiAimingVisComponent.as,,identifier,GetOrCreateAimingLaserInstance
0x05e89b,387227,30,B,35,A_modules,Core/AimingVis/LokiAimingVisComponent.as,,identifier,GetOrCreateAimingLaserInstance
0x05e90e,387342,15,B,20,A_modules,Core/AimingVis/LokiAimingVisComponent.as,,identifier,InitClientLaser
0x05e9c2,387522,30,B,35,A_modules,Core/AimingVis/LokiAimingVisComponent.as,,identifier,InitClientLaser_Implementation
0x05eb9d,387997,15,B,20,A_modules,Core/AimingVis/LokiAimingVisComponent.as,,identifier,InitClientLaser
0x05ec01,388097,40,B,45,A_modules,Core/AimingVis/LokiAimingVisComponent.as,,identifier,OnGamepadHasCursorChanged_Implementation
0x05ec82,388226,17,B,22,A_modules,Core/AimingVis/LokiAimingVisComponent.as,,identifier,bGamepadHasCursor
0x05eda8,388520,1,B,6,A_modules,Core/AimingVis/LokiAimingVisComponent.as,,identifier,J
0x05eee4,388836,25,B,30,A_modules,Core/AimingVis/LokiAimingVisComponent.as,,identifier,OnGamepadHasCursorChanged
0x05ef52,388946,10,B,15,A_modules,Core/AimingVis/LokiAimingVisComponent.as,,identifier,SpawnLaser
0x05efb5,389045,8,B,13,A_modules,Core/AimingVis/LokiAimingVisComponent.as,,identifier,Settings
0x05f052,389202,25,B,30,A_modules,Core/AimingVis/LokiAimingVisComponent.as,,identifier,SpawnLaser_Implementation
0x05f0c4,389316,8,B,13,A_modules,Core/AimingVis/LokiAimingVisComponent.as,,identifier,Settings
0x05f2b1,389809,1,B,6,A_modules,Core/AimingVis/LokiAimingVisComponent.as,,identifier,J
0x05f6f1,390897,10,B,15,A_modules,Core/AimingVis/LokiAimingVisComponent.as,,identifier,SpawnLaser
0x05f750,390992,12,B,17,A_modules,Core/AimingVis/LokiAimingVisComponent.as,,identifier,DestroyLaser
0x05f821,391201,12,B,17,A_modules,Core/AimingVis/LokiAimingVisComponent.as,,identifier,DestroyLaser
0x05f882,391298,27,B,32,A_modules,Core/AimingVis/LokiAimingVisComponent.as,,identifier,SwitchLaserSettingsInternal
0x05f8f6,391414,8,B,13,A_modules,Core/AimingVis/LokiAimingVisComponent.as,,identifier,NewIndex
0x05f98b,391563,42,B,47,A_modules,Core/AimingVis/LokiAimingVisComponent.as,,identifier,SwitchLaserSettingsInternal_Implementation
0x05fa0e,391694,8,B,13,A_modules,Core/AimingVis/LokiAimingVisComponent.as,,identifier,NewIndex
0x05ffff,393215,27,B,32,A_modules,Core/AimingVis/LokiAimingVisComponent.as,,identifier,SwitchLaserSettingsInternal
0x060023,393251,18,B,23,A_modules,Core/AimingVis/LokiAimingVisComponent.as,,identifier,BlueprintProtected
0x06008a,393354,25,B,30,A_modules,Core/AimingVis/LokiAimingVisComponent.as,,identifier,OnLivingStateChangedLaser
0x0600fc,393468,14,B,19,A_modules,Core/AimingVis/LokiAimingVisComponent.as,,identifier,NewLivingState
0x060197,393623,40,B,45,A_modules,Core/AimingVis/LokiAimingVisComponent.as,,identifier,OnLivingStateChangedLaser_Implementation
0x060218,393752,14,B,19,A_modules,Core/AimingVis/LokiAimingVisComponent.as,,identifier,NewLivingState
0x0604cf,394447,25,B,30,A_modules,Core/AimingVis/LokiAimingVisComponent.as,,identifier,OnLivingStateChangedLaser
0x06053d,394557,24,B,29,A_modules,Core/AimingVis/LokiAimingVisComponent.as,,identifier,OnShowAimingLaserChanged
0x06059a,394650,2,A,6,A_modules,Core/AimingVis/LokiAimingVisComponent.as,,suspect_short,-
0x0605fa,394746,39,B,44,A_modules,Core/AimingVis/LokiAimingVisComponent.as,,identifier,OnShowAimingLaserChanged_Implementation
0x060802,395266,24,B,29,A_modules,Core/AimingVis/LokiAimingVisComponent.as,,identifier,OnShowAimingLaserChanged
0x06086f,395375,27,B,32,A_modules,Core/AimingVis/LokiAimingVisComponent.as,,identifier,OnLimitLaserToCursorChanged
0x0608cf,395471,2,A,6,A_modules,Core/AimingVis/LokiAimingVisComponent.as,,suspect_short,/
0x06092f,395567,42,B,47,A_modules,Core/AimingVis/LokiAimingVisComponent.as,,identifier,OnLimitLaserToCursorChanged_Implementation
0x060a06,395782,2,A,6,A_modules,Core/AimingVis/LokiAimingVisComponent.as,,suspect_short,.
0x060a1e,395806,2,A,6,A_modules,Core/AimingVis/LokiAimingVisComponent.as,,suspect_short,+
0x060ad6,395990,27,B,32,A_modules,Core/AimingVis/LokiAimingVisComponent.as,,identifier,OnLimitLaserToCursorChanged
0x060b46,396102,24,B,29,A_modules,Core/AimingVis/LokiAimingVisComponent.as,,identifier,ClientLaserSetVisibility
0x060bb7,396215,14,B,19,A_modules,Core/AimingVis/LokiAimingVisComponent.as,,identifier,bNewVisibility
0x060c52,396370,39,B,44,A_modules,Core/AimingVis/LokiAimingVisComponent.as,,identifier,ClientLaserSetVisibility_Implementation
0x060cd2,396498,14,B,19,A_modules,Core/AimingVis/LokiAimingVisComponent.as,,identifier,bNewVisibility
0x060dbd,396733,24,B,29,A_modules,Core/AimingVis/LokiAimingVisComponent.as,,identifier,ClientLaserSetVisibility
0x060e2a,396842,29,B,34,A_modules,Core/AimingVis/LokiAimingVisComponent.as,,identifier,ClientLaserSetScriptOverrides
0x060ea0,396960,9,B,14,A_modules,Core/AimingVis/LokiAimingVisComponent.as,,identifier,Overrides
0x060f3e,397118,44,B,49,A_modules,Core/AimingVis/LokiAimingVisComponent.as,,identifier,ClientLaserSetScriptOverrides_Implementation
0x060fc3,397251,9,B,14,A_modules,Core/AimingVis/LokiAimingVisComponent.as,,identifier,Overrides
0x0610ed,397549,29,B,34,A_modules,Core/AimingVis/LokiAimingVisComponent.as,,identifier,ClientLaserSetScriptOverrides
0x06115f,397663,27,B,32,A_modules,Core/AimingVis/LokiAimingVisComponent.as,,identifier,ClientLaserSetProgressCurve
0x0611d3,397779,8,B,13,A_modules,Core/AimingVis/LokiAimingVisComponent.as,,identifier,NewCurve
0x061268,397928,42,B,47,A_modules,Core/AimingVis/LokiAimingVisComponent.as,,identifier,ClientLaserSetProgressCurve_Implementation
0x0612eb,398059,8,B,13,A_modules,Core/AimingVis/LokiAimingVisComponent.as,,identifier,NewCurve
0x0613d0,398288,27,B,32,A_modules,Core/AimingVis/LokiAimingVisComponent.as,,identifier,ClientLaserSetProgressCurve
0x061440,398400,34,B,39,A_modules,Core/AimingVis/LokiAimingVisComponent.as,,identifier,ClientLaserRestartProgressSequence
0x0614df,398559,8,B,13,A_modules,Core/AimingVis/LokiAimingVisComponent.as,,identifier,Duration
0x0614ec,398572,18,B,23,A_modules,Core/AimingVis/LokiAimingVisComponent.as,,identifier,bIsCurveNormalized
0x0615a3,398755,49,B,54,A_modules,Core/AimingVis/LokiAimingVisComponent.as,,identifier,ClientLaserRestartProgressSequence_Implementation
0x061651,398929,8,B,13,A_modules,Core/AimingVis/LokiAimingVisComponent.as,,identifier,Duration
0x06165e,398942,18,B,23,A_modules,Core/AimingVis/LokiAimingVisComponent.as,,identifier,bIsCurveNormalized
0x061755,399189,1,B,6,A_modules,Core/AimingVis/LokiAimingVisComponent.as,,suspect_short,""""
0x0617d0,399312,24,B,29,A_modules,Core/AimingVis/LokiAimingVisComponent.as,,identifier,ClientLaserResetProgress
0x06188d,399501,39,B,44,A_modules,Core/AimingVis/LokiAimingVisComponent.as,,identifier,ClientLaserResetProgress_Implementation
0x0619b5,399797,24,B,29,A_modules,Core/AimingVis/LokiAimingVisComponent.as,,identifier,ClientLaserResetProgress
0x061a22,399906,29,B,34,A_modules,Core/AimingVis/LokiAimingVisComponent.as,,identifier,ClientLaserTriggerCustomEvent
0x061abc,400060,11,B,16,A_modules,Core/AimingVis/LokiAimingVisComponent.as,,identifier,EventNumber
0x061acc,400076,5,B,10,A_modules,Core/AimingVis/LokiAimingVisComponent.as,,identifier,Value
0x061b76,400246,44,B,49,A_modules,Core/AimingVis/LokiAimingVisComponent.as,,identifier,ClientLaserTriggerCustomEvent_Implementation
0x061c1f,400415,11,B,16,A_modules,Core/AimingVis/LokiAimingVisComponent.as,,identifier,EventNumber
0x061c2f,400431,5,B,10,A_modules,Core/AimingVis/LokiAimingVisComponent.as,,identifier,Value
0x061e09,400905,29,B,34,A_modules,Core/AimingVis/LokiAimingVisComponent.as,,identifier,ClientLaserTriggerCustomEvent
0x061e7b,401019,25,B,30,A_modules,Core/AimingVis/LokiAimingVisComponent.as,,identifier,ClientLaserSetMaxDistance
0x061eed,401133,11,B,16,A_modules,Core/AimingVis/LokiAimingVisComponent.as,,identifier,MaxDistance
0x061f85,401285,40,B,45,A_modules,Core/AimingVis/LokiAimingVisComponent.as,,identifier,ClientLaserSetMaxDistance_Implementation
0x062006,401414,11,B,16,A_modules,Core/AimingVis/LokiAimingVisComponent.as,,identifier,MaxDistance
0x0620ee,401646,25,B,30,A_modules,Core/AimingVis/LokiAimingVisComponent.as,,identifier,ClientLaserSetMaxDistance
0x06215c,401756,22,B,27,A_modules,Core/AimingVis/LokiAimingVisComponent.as,,identifier,ClientLaserSetHueShift
0x0621cb,401867,11,B,16,A_modules,Core/AimingVis/LokiAimingVisComponent.as,,identifier,NewHueShift
0x062263,402019,37,B,42,A_modules,Core/AimingVis/LokiAimingVisComponent.as,,identifier,ClientLaserSetHueShift_Implementation
0x0622e1,402145,11,B,16,A_modules,Core/AimingVis/LokiAimingVisComponent.as,,identifier,NewHueShift
0x0623c9,402377,22,B,27,A_modules,Core/AimingVis/LokiAimingVisComponent.as,,identifier,ClientLaserSetHueShift
0x062434,402484,27,B,32,A_modules,Core/AimingVis/LokiAimingVisComponent.as,,identifier,ClientLaserSetLaserMaterial
0x0624a8,402600,11,B,16,A_modules,Core/AimingVis/LokiAimingVisComponent.as,,identifier,NewMaterial
0x062540,402752,42,B,47,A_modules,Core/AimingVis/LokiAimingVisComponent.as,,identifier,ClientLaserSetLaserMaterial_Implementation
0x0625c3,402883,11,B,16,A_modules,Core/AimingVis/LokiAimingVisComponent.as,,identifier,NewMaterial
0x0626ab,403115,27,B,32,A_modules,Core/AimingVis/LokiAimingVisComponent.as,,identifier,ClientLaserSetLaserMaterial
0x06271b,403227,30,B,35,A_modules,Core/AimingVis/LokiAimingVisComponent.as,,identifier,ClientLaserSetEndpointMaterial
0x062792,403346,11,B,16,A_modules,Core/AimingVis/LokiAimingVisComponent.as,,identifier,NewMaterial
0x06282a,403498,45,B,50,A_modules,Core/AimingVis/LokiAimingVisComponent.as,,identifier,ClientLaserSetEndpointMaterial_Implementation
0x0628b0,403632,11,B,16,A_modules,Core/AimingVis/LokiAimingVisComponent.as,,identifier,NewMaterial
0x062998,403864,30,B,35,A_modules,Core/AimingVis/LokiAimingVisComponent.as,,identifier,ClientLaserSetEndpointMaterial
0x062a0b,403979,35,B,40,A_modules,Core/AimingVis/LokiAimingVisComponent.as,,identifier,ClientLaserSetHitFlareNiagaraSystem
0x062a87,404103,16,B,21,A_modules,Core/AimingVis/LokiAimingVisComponent.as,,identifier,NewNiagaraSystem
0x062b24,404260,50,B,55,A_modules,Core/AimingVis/LokiAimingVisComponent.as,,identifier,ClientLaserSetHitFlareNiagaraSystem_Implementation
0x062baf,404399,16,B,21,A_modules,Core/AimingVis/LokiAimingVisComponent.as,,identifier,NewNiagaraSystem
0x062c98,404632,1,B,6,A_modules,Core/AimingVis/LokiAimingVisComponent.as,,suspect_short,#
0x062d14,404756,24,B,29,A_modules,Core/AimingVis/LokiAimingVisComponent.as,,identifier,ClientLaserSetBrightness
0x062d85,404869,13,B,18,A_modules,Core/AimingVis/LokiAimingVisComponent.as,,identifier,NewBrightness
0x062e1f,405023,39,B,44,A_modules,Core/AimingVis/LokiAimingVisComponent.as,,identifier,ClientLaserSetBrightness_Implementation
0x062e9f,405151,13,B,18,A_modules,Core/AimingVis/LokiAimingVisComponent.as,,identifier,NewBrightness
0x062f89,405385,24,B,29,A_modules,Core/AimingVis/LokiAimingVisComponent.as,,identifier,ClientLaserSetBrightness
0x062ff6,405494,37,B,42,A_modules,Core/AimingVis/LokiAimingVisComponent.as,,identifier,ClientLaserOverrideLimitLaserToCursor
0x063074,405620,30,B,35,A_modules,Core/AimingVis/LokiAimingVisComponent.as,,identifier,bNewLimitLaserToCursorOverride
0x06311f,405791,52,B,57,A_modules,Core/AimingVis/LokiAimingVisComponent.as,,identifier,ClientLaserOverrideLimitLaserToCursor_Implementation
0x0631ac,405932,30,B,35,A_modules,Core/AimingVis/LokiAimingVisComponent.as,,identifier,bNewLimitLaserToCursorOverride
0x0632a3,406179,1,B,6,A_modules,Core/AimingVis/LokiAimingVisComponent.as,,suspect_short,%
0x063321,406305,42,B,47,A_modules,Core/AimingVis/LokiAimingVisComponent.as,,identifier,ClientLaserClearOverrideLimitLaserToCursor
0x0633f0,406512,57,B,62,A_modules,Core/AimingVis/LokiAimingVisComponent.as,,identifier,ClientLaserClearOverrideLimitLaserToCursor_Implementation
0x063526,406822,1,B,6,A_modules,Core/AimingVis/LokiAimingVisComponent.as,,suspect_short,*
0x0635a9,406953,25,B,30,A_modules,Core/AimingVis/LokiAimingVisComponent.as,,identifier,ClientLaserSwitchSettings
0x06361b,407067,16,B,21,A_modules,Core/AimingVis/LokiAimingVisComponent.as,,identifier,NewSettingsIndex
0x0636b8,407224,40,B,45,A_modules,Core/AimingVis/LokiAimingVisComponent.as,,identifier,ClientLaserSwitchSettings_Implementation
0x063739,407353,16,B,21,A_modules,Core/AimingVis/LokiAimingVisComponent.as,,identifier,NewSettingsIndex
0x0637fe,407550,25,B,30,A_modules,Core/AimingVis/LokiAimingVisComponent.as,,identifier,ClientLaserSwitchSettings
0x06386c,407660,26,B,31,A_modules,Core/AimingVis/LokiAimingVisComponent.as,,identifier,ClientLaserShowRangeMarker
0x0638df,407775,19,B,24,A_modules,Core/AimingVis/LokiAimingVisComponent.as,,identifier,bNewShowRangeMarker
0x06397f,407935,41,B,46,A_modules,Core/AimingVis/LokiAimingVisComponent.as,,identifier,ClientLaserShowRangeMarker_Implementation
0x063a01,408065,19,B,24,A_modules,Core/AimingVis/LokiAimingVisComponent.as,,identifier,bNewShowRangeMarker
0x063b31,408369,1,B,6,A_modules,Core/AimingVis/LokiAimingVisComponent.as,,identifier,J
0x063b81,408449,2,A,6,A_modules,Core/AimingVis/LokiAimingVisComponent.as,,suspect_short,/
0x063bb9,408505,26,B,31,A_modules,Core/AimingVis/LokiAimingVisComponent.as,,identifier,ClientLaserShowRangeMarker
0x063c28,408616,33,B,38,A_modules,Core/AimingVis/LokiAimingVisComponent.as,,identifier,ClientLaserSetRangeMarkerDistance
0x063ca2,408738,11,B,16,A_modules,Core/AimingVis/LokiAimingVisComponent.as,,identifier,NewDistance
0x063d3a,408890,48,B,53,A_modules,Core/AimingVis/LokiAimingVisComponent.as,,identifier,ClientLaserSetRangeMarkerDistance_Implementation
0x063dc3,409027,11,B,16,A_modules,Core/AimingVis/LokiAimingVisComponent.as,,identifier,NewDistance
0x063eeb,409323,1,B,6,A_modules,Core/AimingVis/LokiAimingVisComponent.as,,identifier,J
0x063f3b,409403,2,A,6,A_modules,Core/AimingVis/LokiAimingVisComponent.as,,suspect_short,/
0x063f6f,409455,1,B,6,A_modules,Core/AimingVis/LokiAimingVisComponent.as,,suspect_short,!
0x063fe9,409577,33,B,38,A_modules,Core/AimingVis/LokiAimingVisComponent.as,,identifier,ClientLaserSetRangeMarkerMaterial
0x064063,409699,11,B,16,A_modules,Core/AimingVis/LokiAimingVisComponent.as,,identifier,NewMaterial
0x0640fb,409851,48,B,53,A_modules,Core/AimingVis/LokiAimingVisComponent.as,,identifier,ClientLaserSetRangeMarkerMaterial_Implementation
0x064184,409988,11,B,16,A_modules,Core/AimingVis/LokiAimingVisComponent.as,,identifier,NewMaterial
0x0642ac,410284,1,B,6,A_modules,Core/AimingVis/LokiAimingVisComponent.as,,identifier,J
0x0642fc,410364,2,A,6,A_modules,Core/AimingVis/LokiAimingVisComponent.as,,suspect_short,/
0x064330,410416,1,B,6,A_modules,Core/AimingVis/LokiAimingVisComponent.as,,suspect_short,!
0x0643aa,410538,23,B,28,A_modules,Core/AimingVis/LokiAimingVisComponent.as,,identifier,HasValidHeightIndicator
0x064462,410722,23,B,28,A_modules,Core/AimingVis/LokiAimingVisComponent.as,,identifier,HasValidHeightIndicator
0x0644ce,410830,22,B,27,A_modules,Core/AimingVis/LokiAimingVisComponent.as,,identifier,DestroyHeightIndicator
0x064589,411017,37,B,42,A_modules,Core/AimingVis/LokiAimingVisComponent.as,,identifier,DestroyHeightIndicator_Implementation
0x064673,411251,22,B,27,A_modules,Core/AimingVis/LokiAimingVisComponent.as,,identifier,DestroyHeightIndicator
0x0646de,411358,27,B,32,A_modules,Core/AimingVis/LokiAimingVisComponent.as,,identifier,OnTookDamageHeightIndicator
0x064806,411654,15,B,20,A_modules,Core/AimingVis/LokiAimingVisComponent.as,,identifier,SourceCharacter
0x06481a,411674,11,B,16,A_modules,Core/AimingVis/LokiAimingVisComponent.as,,identifier,TargetActor
0x06482a,411690,11,B,16,A_modules,Core/AimingVis/LokiAimingVisComponent.as,,identifier,TotalDamage
0x06483a,411706,15,B,20,A_modules,Core/AimingVis/LokiAimingVisComponent.as,,identifier,DamageStatistic
0x06484e,411726,10,B,15,A_modules,Core/AimingVis/LokiAimingVisComponent.as,,identifier,EffectSpec
0x06485d,411741,13,B,18,A_modules,Core/AimingVis/LokiAimingVisComponent.as,,identifier,ExecutionTags
0x06496f,412015,42,B,47,A_modules,Core/AimingVis/LokiAimingVisComponent.as,,identifier,OnTookDamageHeightIndicator_Implementation
0x064aa6,412326,15,B,20,A_modules,Core/AimingVis/LokiAimingVisComponent.as,,identifier,SourceCharacter
0x064aba,412346,11,B,16,A_modules,Core/AimingVis/LokiAimingVisComponent.as,,identifier,TargetActor
0x064aca,412362,11,B,16,A_modules,Core/AimingVis/LokiAimingVisComponent.as,,identifier,TotalDamage
0x064ada,412378,15,B,20,A_modules,Core/AimingVis/LokiAimingVisComponent.as,,identifier,DamageStatistic
0x064aee,412398,10,B,15,A_modules,Core/AimingVis/LokiAimingVisComponent.as,,identifier,EffectSpec
0x064afd,412413,13,B,18,A_modules,Core/AimingVis/LokiAimingVisComponent.as,,identifier,ExecutionTags
0x064c1b,412699,27,B,32,A_modules,Core/AimingVis/LokiAimingVisComponent.as,,identifier,OnTookDamageHeightIndicator
0x064c8b,412811,34,B,39,A_modules,Core/AimingVis/LokiAimingVisComponent.as,,identifier,ClientSetHeightIndicatorVisibility
0x064d06,412934,14,B,19,A_modules,Core/AimingVis/LokiAimingVisComponent.as,,identifier,bNewVisibility
0x064da1,413089,49,B,54,A_modules,Core/AimingVis/LokiAimingVisComponent.as,,identifier,ClientSetHeightIndicatorVisibility_Implementation
0x064e2b,413227,14,B,19,A_modules,Core/AimingVis/LokiAimingVisComponent.as,,identifier,bNewVisibility
0x064f52,413522,2,A,6,A_modules,Core/AimingVis/LokiAimingVisComponent.as,,suspect_short,&
0x064f86,413574,1,B,6,A_modules,Core/AimingVis/LokiAimingVisComponent.as,,suspect_short,""""
0x065001,413697,29,B,34,A_modules,Core/AimingVis/LokiAimingVisComponent.as,,identifier,OnShowHeightIndicatorsChanged
0x0650c3,413891,44,B,49,A_modules,Core/AimingVis/LokiAimingVisComponent.as,,identifier,OnShowHeightIndicatorsChanged_Implementation
0x065208,414216,29,B,34,A_modules,Core/AimingVis/LokiAimingVisComponent.as,,identifier,OnShowHeightIndicatorsChanged
0x06527a,414330,20,B,25,A_modules,Core/AimingVis/LokiAimingVisComponent.as,,identifier,OnLivingStateChanged
0x06530b,414475,14,B,19,A_modules,Core/AimingVis/LokiAimingVisComponent.as,,identifier,NewLivingState
0x06531e,414494,9,B,14,A_modules,Core/AimingVis/LokiAimingVisComponent.as,,identifier,Character
0x06536c,414572,2,A,6,A_modules,Core/AimingVis/LokiAimingVisComponent.as,0x26e77b9b4c0,suspect_short,0
0x0653cc,414668,35,B,40,A_modules,Core/AimingVis/LokiAimingVisComponent.as,,identifier,OnLivingStateChanged_Implementation
0x06546c,414828,14,B,19,A_modules,Core/AimingVis/LokiAimingVisComponent.as,,identifier,NewLivingState
0x06547f,414847,9,B,14,A_modules,Core/AimingVis/LokiAimingVisComponent.as,,identifier,Character
0x0654f5,414965,20,B,25,A_modules,Core/AimingVis/LokiAimingVisComponent.as,,identifier,OnLivingStateChanged
0x06555e,415070,16,B,21,A_modules,Core/AimingVis/LokiAimingVisComponent.as,,identifier,OnOwnerDestroyed
0x0655c7,415175,14,B,19,A_modules,Core/AimingVis/LokiAimingVisComponent.as,,identifier,DestroyedActor
0x065636,415286,16,B,21,A_modules,Core/AimingVis/LokiAimingVisComponent.as,,identifier,OnOwnerDestroyed
0x06569b,415387,14,B,19,A_modules,Core/AimingVis/LokiAimingVisComponent.as,,internal_symbol,__InitDefaults
0x06589e,415902,29,B,34,A_modules,Core/AimingVis/LokiAimingVisComponent.as,,identifier,ULokiAimingVisComponentScript
0x065a10,416272,30,B,35,A_modules,Core/AimingVis/LokiAimingVisComponent.as,,other,~ULokiAimingVisComponentScript
0x065acf,416463,23,B,28,A_modules,Core/AimingVis/LokiAimingVisComponent.as,,identifier,ULokiAimingVisComponent
0x065aeb,416491,35,B,40,A_modules,Core/AimingVis/LokiAimingVisComponent.as,,asset_path,/Script/Loki.LokiAimingVisComponent
0x065b33,416563,42,B,47,A_modules,Core/AimingVis/LokiAimingVisComponent.as,,statictype_alias,__StaticType_ULokiAimingVisComponentScript
0x065b76,416630,1,B,6,A_modules,Core/AimingVis/LokiAimingVisComponent.as,,suspect_short,*
0x065bf1,416753,40,B,45,A_modules,Core/AimingVis/LokiAimingVisComponent.as,,source_path,Core/AimingVis/LokiAimingVisComponent.as
0x065c22,416802,65,A,69,A_modules,Core/AimingVis/HunterSpecific/LokiAimingLaserSpreadLines_HookGuy.as,,dotted_name,Core.AimingVis.HunterSpecific.LokiAimingLaserSpreadLines_HookGuy
0x065c67,416871,64,B,69,A_modules,Core/AimingVis/HunterSpecific/LokiAimingLaserSpreadLines_HookGuy.as,,dotted_name,Core.AimingVis.HunterSpecific.LokiAimingLaserSpreadLines_HookGuy
0x065cb0,416944,35,B,40,A_modules,Core/AimingVis/HunterSpecific/LokiAimingLaserSpreadLines_HookGuy.as,,identifier,ALokiAimingLaserSpreadLines_HookGuy
0x065d74,417140,11,B,16,A_modules,Core/AimingVis/HunterSpecific/LokiAimingLaserSpreadLines_HookGuy.as,,identifier,StaticClass
0x065d84,417156,35,B,40,A_modules,Core/AimingVis/HunterSpecific/LokiAimingLaserSpreadLines_HookGuy.as,,identifier,ALokiAimingLaserSpreadLines_HookGuy
0x065e50,417360,5,B,10,A_modules,Core/AimingVis/HunterSpecific/LokiAimingLaserSpreadLines_HookGuy.as,,identifier,Spawn
0x065e5a,417370,35,B,40,A_modules,Core/AimingVis/HunterSpecific/LokiAimingLaserSpreadLines_HookGuy.as,,identifier,ALokiAimingLaserSpreadLines_HookGuy
0x065f62,417634,8,B,13,A_modules,Core/AimingVis/HunterSpecific/LokiAimingLaserSpreadLines_HookGuy.as,,identifier,Location
0x065f6f,417647,8,B,13,A_modules,Core/AimingVis/HunterSpecific/LokiAimingLaserSpreadLines_HookGuy.as,,identifier,Rotation
0x065f7c,417660,4,B,9,A_modules,Core/AimingVis/HunterSpecific/LokiAimingLaserSpreadLines_HookGuy.as,,identifier,Name
0x065f85,417669,14,B,19,A_modules,Core/AimingVis/HunterSpecific/LokiAimingLaserSpreadLines_HookGuy.as,,identifier,bDeferredSpawn
0x065f98,417688,5,B,10,A_modules,Core/AimingVis/HunterSpecific/LokiAimingLaserSpreadLines_HookGuy.as,,identifier,Level
0x065fbe,417726,21,B,26,A_modules,Core/AimingVis/HunterSpecific/LokiAimingLaserSpreadLines_HookGuy.as,,default_arg_expr,FVector :: ZeroVector
0x065fd8,417752,23,B,28,A_modules,Core/AimingVis/HunterSpecific/LokiAimingLaserSpreadLines_HookGuy.as,,default_arg_expr,FRotator :: ZeroRotator
0x065ff4,417780,9,B,14,A_modules,Core/AimingVis/HunterSpecific/LokiAimingLaserSpreadLines_HookGuy.as,,default_arg_expr,NAME_None
0x066002,417794,5,B,10,A_modules,Core/AimingVis/HunterSpecific/LokiAimingLaserSpreadLines_HookGuy.as,,default_arg_expr,false
0x06600c,417804,7,B,12,A_modules,Core/AimingVis/HunterSpecific/LokiAimingLaserSpreadLines_HookGuy.as,,default_arg_expr,nullptr
0x0660a8,417960,1,B,6,A_modules,Core/AimingVis/HunterSpecific/LokiAimingLaserSpreadLines_HookGuy.as,,identifier,J
0x066134,418100,1,B,6,A_modules,Core/AimingVis/HunterSpecific/LokiAimingLaserSpreadLines_HookGuy.as,,suspect_short,#
0x06616c,418156,8,B,13,A_modules,Core/AimingVis/HunterSpecific/LokiAimingLaserSpreadLines_HookGuy.as,,identifier,RangeMin
0x0661f1,418289,8,B,13,A_modules,Core/AimingVis/HunterSpecific/LokiAimingLaserSpreadLines_HookGuy.as,,identifier,RangeMax
0x06627a,418426,19,B,24,A_modules,Core/AimingVis/HunterSpecific/LokiAimingLaserSpreadLines_HookGuy.as,,identifier,Tick_Implementation
0x0662e6,418534,12,B,17,A_modules,Core/AimingVis/HunterSpecific/LokiAimingLaserSpreadLines_HookGuy.as,,identifier,DeltaSeconds
0x06647b,418939,4,B,9,A_modules,Core/AimingVis/HunterSpecific/LokiAimingLaserSpreadLines_HookGuy.as,,identifier,Tick
0x0665a0,419232,1,B,6,A_modules,Core/AimingVis/HunterSpecific/LokiAimingLaserSpreadLines_HookGuy.as,0x26e76c64f00,suspect_short,#
0x0666d8,419544,1,B,6,A_modules,Core/AimingVis/HunterSpecific/LokiAimingLaserSpreadLines_HookGuy.as,,suspect_short,$
0x066795,419733,27,B,32,A_modules,Core/AimingVis/HunterSpecific/LokiAimingLaserSpreadLines_HookGuy.as,,identifier,ALokiAimingLaserSpreadLines
0x0667b5,419765,20,B,25,A_modules,Core/AimingVis/HunterSpecific/LokiAimingLaserSpreadLines_HookGuy.as,,asset_path,/Script/Engine.Actor
0x0667ee,419822,48,B,53,A_modules,Core/AimingVis/HunterSpecific/LokiAimingLaserSpreadLines_HookGuy.as,,statictype_alias,__StaticType_ALokiAimingLaserSpreadLines_HookGuy
0x066837,419895,1,B,6,A_modules,Core/AimingVis/HunterSpecific/LokiAimingLaserSpreadLines_HookGuy.as,,suspect_short,0
0x0668b8,420024,67,B,72,A_modules,Core/AimingVis/HunterSpecific/LokiAimingLaserSpreadLines_HookGuy.as,,source_path,Core/AimingVis/HunterSpecific/LokiAimingLaserSpreadLines_HookGuy.as
0x066904,420100,63,A,67,A_modules,Core/AimingVis/HunterSpecific/LokiAimingLaserSpreadLines_Ronin.as,,dotted_name,Core.AimingVis.HunterSpecific.LokiAimingLaserSpreadLines_Ronin
0x066947,420167,62,B,67,A_modules,Core/AimingVis/HunterSpecific/LokiAimingLaserSpreadLines_Ronin.as,,dotted_name,Core.AimingVis.HunterSpecific.LokiAimingLaserSpreadLines_Ronin
0x06698e,420238,33,B,38,A_modules,Core/AimingVis/HunterSpecific/LokiAimingLaserSpreadLines_Ronin.as,,identifier,ALokiAimingLaserSpreadLines_Ronin
0x066a50,420432,11,B,16,A_modules,Core/AimingVis/HunterSpecific/LokiAimingLaserSpreadLines_Ronin.as,,identifier,StaticClass
0x066a60,420448,33,B,38,A_modules,Core/AimingVis/HunterSpecific/LokiAimingLaserSpreadLines_Ronin.as,,identifier,ALokiAimingLaserSpreadLines_Ronin
0x066b2a,420650,5,B,10,A_modules,Core/AimingVis/HunterSpecific/LokiAimingLaserSpreadLines_Ronin.as,,identifier,Spawn
0x066b34,420660,33,B,38,A_modules,Core/AimingVis/HunterSpecific/LokiAimingLaserSpreadLines_Ronin.as,,identifier,ALokiAimingLaserSpreadLines_Ronin
0x066c3a,420922,8,B,13,A_modules,Core/AimingVis/HunterSpecific/LokiAimingLaserSpreadLines_Ronin.as,,identifier,Location
0x066c47,420935,8,B,13,A_modules,Core/AimingVis/HunterSpecific/LokiAimingLaserSpreadLines_Ronin.as,,identifier,Rotation
0x066c54,420948,4,B,9,A_modules,Core/AimingVis/HunterSpecific/LokiAimingLaserSpreadLines_Ronin.as,,identifier,Name
0x066c5d,420957,14,B,19,A_modules,Core/AimingVis/HunterSpecific/LokiAimingLaserSpreadLines_Ronin.as,,identifier,bDeferredSpawn
0x066c70,420976,5,B,10,A_modules,Core/AimingVis/HunterSpecific/LokiAimingLaserSpreadLines_Ronin.as,,identifier,Level
0x066c96,421014,21,B,26,A_modules,Core/AimingVis/HunterSpecific/LokiAimingLaserSpreadLines_Ronin.as,,default_arg_expr,FVector :: ZeroVector
0x066cb0,421040,23,B,28,A_modules,Core/AimingVis/HunterSpecific/LokiAimingLaserSpreadLines_Ronin.as,,default_arg_expr,FRotator :: ZeroRotator
0x066ccc,421068,9,B,14,A_modules,Core/AimingVis/HunterSpecific/LokiAimingLaserSpreadLines_Ronin.as,,default_arg_expr,NAME_None
0x066cda,421082,5,B,10,A_modules,Core/AimingVis/HunterSpecific/LokiAimingLaserSpreadLines_Ronin.as,,default_arg_expr,false
0x066ce4,421092,7,B,12,A_modules,Core/AimingVis/HunterSpecific/LokiAimingLaserSpreadLines_Ronin.as,,default_arg_expr,nullptr
0x066d80,421248,1,B,6,A_modules,Core/AimingVis/HunterSpecific/LokiAimingLaserSpreadLines_Ronin.as,,identifier,J
0x066e0c,421388,1,B,6,A_modules,Core/AimingVis/HunterSpecific/LokiAimingLaserSpreadLines_Ronin.as,,suspect_short,!
0x066e42,421442,21,B,26,A_modules,Core/AimingVis/HunterSpecific/LokiAimingLaserSpreadLines_Ronin.as,,identifier,PostAttackVisDuration
0x066ed4,421588,20,B,25,A_modules,Core/AimingVis/HunterSpecific/LokiAimingLaserSpreadLines_Ronin.as,,identifier,PostAttackVisFadeout
0x066f65,421733,16,B,21,A_modules,Core/AimingVis/HunterSpecific/LokiAimingLaserSpreadLines_Ronin.as,,identifier,VisTimeRemaining
0x066fae,421806,19,B,24,A_modules,Core/AimingVis/HunterSpecific/LokiAimingLaserSpreadLines_Ronin.as,,identifier,Tick_Implementation
0x06701a,421914,12,B,17,A_modules,Core/AimingVis/HunterSpecific/LokiAimingLaserSpreadLines_Ronin.as,,identifier,DeltaSeconds
0x06716b,422251,2,A,6,A_modules,Core/AimingVis/HunterSpecific/LokiAimingLaserSpreadLines_Ronin.as,,suspect_short,#
0x0671ab,422315,2,A,6,A_modules,Core/AimingVis/HunterSpecific/LokiAimingLaserSpreadLines_Ronin.as,,suspect_short,#
0x0672a7,422567,4,B,9,A_modules,Core/AimingVis/HunterSpecific/LokiAimingLaserSpreadLines_Ronin.as,,identifier,Tick
0x067300,422656,27,B,32,A_modules,Core/AimingVis/HunterSpecific/LokiAimingLaserSpreadLines_Ronin.as,,identifier,CustomEvent0_Implementation
0x067374,422772,5,B,10,A_modules,Core/AimingVis/HunterSpecific/LokiAimingLaserSpreadLines_Ronin.as,,identifier,Value
0x0673e6,422886,12,B,17,A_modules,Core/AimingVis/HunterSpecific/LokiAimingLaserSpreadLines_Ronin.as,,identifier,CustomEvent0
0x0673fb,422907,11,B,16,A_modules,Core/AimingVis/HunterSpecific/LokiAimingLaserSpreadLines_Ronin.as,,identifier,NoSuperCall
0x067527,423207,1,B,6,A_modules,Core/AimingVis/HunterSpecific/LokiAimingLaserSpreadLines_Ronin.as,0x26e76c64f00,suspect_short,!
0x067675,423541,1,B,6,A_modules,Core/AimingVis/HunterSpecific/LokiAimingLaserSpreadLines_Ronin.as,,suspect_short,""""
0x067730,423728,27,B,32,A_modules,Core/AimingVis/HunterSpecific/LokiAimingLaserSpreadLines_Ronin.as,,identifier,ALokiAimingLaserSpreadLines
0x067750,423760,20,B,25,A_modules,Core/AimingVis/HunterSpecific/LokiAimingLaserSpreadLines_Ronin.as,,asset_path,/Script/Engine.Actor
0x067789,423817,46,B,51,A_modules,Core/AimingVis/HunterSpecific/LokiAimingLaserSpreadLines_Ronin.as,,statictype_alias,__StaticType_ALokiAimingLaserSpreadLines_Ronin
0x0677d0,423888,1,B,6,A_modules,Core/AimingVis/HunterSpecific/LokiAimingLaserSpreadLines_Ronin.as,,suspect_short,.
0x06784f,424015,65,B,70,A_modules,Core/AimingVis/HunterSpecific/LokiAimingLaserSpreadLines_Ronin.as,,source_path,Core/AimingVis/HunterSpecific/LokiAimingLaserSpreadLines_Ronin.as
0x067899,424089,55,A,59,A_modules,Core/AimingVis/HunterSpecific/LokiAimingLaser_Huntress.as,,dotted_name,Core.AimingVis.HunterSpecific.LokiAimingLaser_Huntress
0x0678d4,424148,54,B,59,A_modules,Core/AimingVis/HunterSpecific/LokiAimingLaser_Huntress.as,,dotted_name,Core.AimingVis.HunterSpecific.LokiAimingLaser_Huntress
0x067913,424211,25,B,30,A_modules,Core/AimingVis/HunterSpecific/LokiAimingLaser_Huntress.as,,identifier,ALokiAimingLaser_Huntress
0x0679cd,424397,11,B,16,A_modules,Core/AimingVis/HunterSpecific/LokiAimingLaser_Huntress.as,,identifier,StaticClass
0x0679dd,424413,25,B,30,A_modules,Core/AimingVis/HunterSpecific/LokiAimingLaser_Huntress.as,,identifier,ALokiAimingLaser_Huntress
0x067a9f,424607,5,B,10,A_modules,Core/AimingVis/HunterSpecific/LokiAimingLaser_Huntress.as,,identifier,Spawn
0x067aa9,424617,25,B,30,A_modules,Core/AimingVis/HunterSpecific/LokiAimingLaser_Huntress.as,,identifier,ALokiAimingLaser_Huntress
0x067ba7,424871,8,B,13,A_modules,Core/AimingVis/HunterSpecific/LokiAimingLaser_Huntress.as,,identifier,Location
0x067bb4,424884,8,B,13,A_modules,Core/AimingVis/HunterSpecific/LokiAimingLaser_Huntress.as,,identifier,Rotation
0x067bc1,424897,4,B,9,A_modules,Core/AimingVis/HunterSpecific/LokiAimingLaser_Huntress.as,,identifier,Name
0x067bca,424906,14,B,19,A_modules,Core/AimingVis/HunterSpecific/LokiAimingLaser_Huntress.as,,identifier,bDeferredSpawn
0x067bdd,424925,5,B,10,A_modules,Core/AimingVis/HunterSpecific/LokiAimingLaser_Huntress.as,,identifier,Level
0x067c03,424963,21,B,26,A_modules,Core/AimingVis/HunterSpecific/LokiAimingLaser_Huntress.as,,default_arg_expr,FVector :: ZeroVector
0x067c1d,424989,23,B,28,A_modules,Core/AimingVis/HunterSpecific/LokiAimingLaser_Huntress.as,,default_arg_expr,FRotator :: ZeroRotator
0x067c39,425017,9,B,14,A_modules,Core/AimingVis/HunterSpecific/LokiAimingLaser_Huntress.as,,default_arg_expr,NAME_None
0x067c47,425031,5,B,10,A_modules,Core/AimingVis/HunterSpecific/LokiAimingLaser_Huntress.as,,default_arg_expr,false
0x067c51,425041,7,B,12,A_modules,Core/AimingVis/HunterSpecific/LokiAimingLaser_Huntress.as,,default_arg_expr,nullptr
0x067ced,425197,1,B,6,A_modules,Core/AimingVis/HunterSpecific/LokiAimingLaser_Huntress.as,,identifier,J
0x067d7d,425341,25,B,30,A_modules,Core/AimingVis/HunterSpecific/LokiAimingLaser_Huntress.as,,identifier,ALokiAimingLaser_Huntress
0x067da7,425383,14,B,19,A_modules,Core/AimingVis/HunterSpecific/LokiAimingLaser_Huntress.as,,identifier,ProgressMarker
0x067dee,425454,18,B,23,A_modules,Core/AimingVis/HunterSpecific/LokiAimingLaser_Huntress.as,,identifier,EditInlineDefaults
0x067e05,425477,16,B,21,A_modules,Core/AimingVis/HunterSpecific/LokiAimingLaser_Huntress.as,,identifier,DefaultComponent
0x067e1e,425502,4,B,9,A_modules,Core/AimingVis/HunterSpecific/LokiAimingLaser_Huntress.as,,default_arg_expr,true
0x067e27,425511,4,B,9,A_modules,Core/AimingVis/HunterSpecific/LokiAimingLaser_Huntress.as,,identifier,True
0x067e70,425584,19,B,24,A_modules,Core/AimingVis/HunterSpecific/LokiAimingLaser_Huntress.as,,identifier,bShowProgressMarker
0x067eb8,425656,27,B,32,A_modules,Core/AimingVis/HunterSpecific/LokiAimingLaser_Huntress.as,,identifier,ProgressMarkerOriginalScale
0x067f08,425736,17,B,22,A_modules,Core/AimingVis/HunterSpecific/LokiAimingLaser_Huntress.as,,identifier,SettingsIndexBase
0x067f52,425810,8,B,13,A_modules,Core/AimingVis/HunterSpecific/LokiAimingLaser_Huntress.as,,identifier,Category
0x067f63,425827,5,B,10,A_modules,Core/AimingVis/HunterSpecific/LokiAimingLaser_Huntress.as,,identifier,Laser
0x067fad,425901,16,B,21,A_modules,Core/AimingVis/HunterSpecific/LokiAimingLaser_Huntress.as,,identifier,SettingsIndexLMB
0x067ff6,425974,8,B,13,A_modules,Core/AimingVis/HunterSpecific/LokiAimingLaser_Huntress.as,,identifier,Category
0x068007,425991,11,B,16,A_modules,Core/AimingVis/HunterSpecific/LokiAimingLaser_Huntress.as,,string_literal,Laser - LMB
0x068057,426071,22,B,27,A_modules,Core/AimingVis/HunterSpecific/LokiAimingLaser_Huntress.as,,identifier,LMBRangeMarkerDistance
0x0680a6,426150,8,B,13,A_modules,Core/AimingVis/HunterSpecific/LokiAimingLaser_Huntress.as,,identifier,Category
0x0680b7,426167,11,B,16,A_modules,Core/AimingVis/HunterSpecific/LokiAimingLaser_Huntress.as,,string_literal,Laser - LMB
0x068107,426247,18,B,23,A_modules,Core/AimingVis/HunterSpecific/LokiAimingLaser_Huntress.as,,identifier,ArrowRangeMinGreen
0x068152,426322,8,B,13,A_modules,Core/AimingVis/HunterSpecific/LokiAimingLaser_Huntress.as,,identifier,Category
0x068163,426339,11,B,16,A_modules,Core/AimingVis/HunterSpecific/LokiAimingLaser_Huntress.as,,string_literal,Laser - LMB
0x0681b3,426419,18,B,23,A_modules,Core/AimingVis/HunterSpecific/LokiAimingLaser_Huntress.as,,identifier,ArrowRangeMaxGreen
0x0681fe,426494,8,B,13,A_modules,Core/AimingVis/HunterSpecific/LokiAimingLaser_Huntress.as,,identifier,Category
0x06820f,426511,11,B,16,A_modules,Core/AimingVis/HunterSpecific/LokiAimingLaser_Huntress.as,,string_literal,Laser - LMB
0x06825f,426591,17,B,22,A_modules,Core/AimingVis/HunterSpecific/LokiAimingLaser_Huntress.as,,identifier,ArrowRangeMaxBlue
0x0682a9,426665,8,B,13,A_modules,Core/AimingVis/HunterSpecific/LokiAimingLaser_Huntress.as,,identifier,Category
0x0682ba,426682,11,B,16,A_modules,Core/AimingVis/HunterSpecific/LokiAimingLaser_Huntress.as,,string_literal,Laser - LMB
0x06830a,426762,24,B,29,A_modules,Core/AimingVis/HunterSpecific/LokiAimingLaser_Huntress.as,,identifier,ArrowRangeMaxBluePerfect
0x06835b,426843,8,B,13,A_modules,Core/AimingVis/HunterSpecific/LokiAimingLaser_Huntress.as,,identifier,Category
0x06836c,426860,11,B,16,A_modules,Core/AimingVis/HunterSpecific/LokiAimingLaser_Huntress.as,,string_literal,Laser - LMB
0x0683bc,426940,26,B,31,A_modules,Core/AimingVis/HunterSpecific/LokiAimingLaser_Huntress.as,,identifier,ArrowPerfectGreenChargeMin
0x06840f,427023,8,B,13,A_modules,Core/AimingVis/HunterSpecific/LokiAimingLaser_Huntress.as,,identifier,Category
0x068420,427040,11,B,16,A_modules,Core/AimingVis/HunterSpecific/LokiAimingLaser_Huntress.as,,string_literal,Laser - LMB
0x068470,427120,26,B,31,A_modules,Core/AimingVis/HunterSpecific/LokiAimingLaser_Huntress.as,,identifier,ArrowPerfectGreenChargeMax
0x0684c3,427203,8,B,13,A_modules,Core/AimingVis/HunterSpecific/LokiAimingLaser_Huntress.as,,identifier,Category
0x0684d4,427220,11,B,16,A_modules,Core/AimingVis/HunterSpecific/LokiAimingLaser_Huntress.as,,string_literal,Laser - LMB
0x068524,427300,20,B,25,A_modules,Core/AimingVis/HunterSpecific/LokiAimingLaser_Huntress.as,,identifier,ArrowStartChargeFrac
0x068571,427377,8,B,13,A_modules,Core/AimingVis/HunterSpecific/LokiAimingLaser_Huntress.as,,identifier,Category
0x068582,427394,11,B,16,A_modules,Core/AimingVis/HunterSpecific/LokiAimingLaser_Huntress.as,,string_literal,Laser - LMB
0x0685d2,427474,25,B,30,A_modules,Core/AimingVis/HunterSpecific/LokiAimingLaser_Huntress.as,,identifier,RangeMarkerDimmedMaterial
0x068624,427556,8,B,13,A_modules,Core/AimingVis/HunterSpecific/LokiAimingLaser_Huntress.as,,identifier,Category
0x068635,427573,11,B,16,A_modules,Core/AimingVis/HunterSpecific/LokiAimingLaser_Huntress.as,,string_literal,Laser - LMB
0x068685,427653,22,B,27,A_modules,Core/AimingVis/HunterSpecific/LokiAimingLaser_Huntress.as,,identifier,RangeMarkerLitMaterial
0x0686d4,427732,8,B,13,A_modules,Core/AimingVis/HunterSpecific/LokiAimingLaser_Huntress.as,,identifier,Category
0x0686e5,427749,11,B,16,A_modules,Core/AimingVis/HunterSpecific/LokiAimingLaser_Huntress.as,,string_literal,Laser - LMB
0x068735,427829,18,B,23,A_modules,Core/AimingVis/HunterSpecific/LokiAimingLaser_Huntress.as,,identifier,bRangeMarkerDimmed
0x06877c,427900,24,B,29,A_modules,Core/AimingVis/HunterSpecific/LokiAimingLaser_Huntress.as,,identifier,RangeMarkerOriginalScale
0x0687c9,427977,27,B,32,A_modules,Core/AimingVis/HunterSpecific/LokiAimingLaser_Huntress.as,,identifier,LaserEndpointDimmedMaterial
0x06881d,428061,8,B,13,A_modules,Core/AimingVis/HunterSpecific/LokiAimingLaser_Huntress.as,,identifier,Category
0x06882e,428078,11,B,16,A_modules,Core/AimingVis/HunterSpecific/LokiAimingLaser_Huntress.as,,string_literal,Laser - LMB
0x06887e,428158,24,B,29,A_modules,Core/AimingVis/HunterSpecific/LokiAimingLaser_Huntress.as,,identifier,LaserEndpointLitMaterial
0x0688cf,428239,8,B,13,A_modules,Core/AimingVis/HunterSpecific/LokiAimingLaser_Huntress.as,,identifier,Category
0x0688e0,428256,11,B,16,A_modules,Core/AimingVis/HunterSpecific/LokiAimingLaser_Huntress.as,,string_literal,Laser - LMB
0x068930,428336,20,B,25,A_modules,Core/AimingVis/HunterSpecific/LokiAimingLaser_Huntress.as,,identifier,bLaserEndpointDimmed
0x068979,428409,16,B,21,A_modules,Core/AimingVis/HunterSpecific/LokiAimingLaser_Huntress.as,,identifier,SettingsIndexRMB
0x0689c2,428482,8,B,13,A_modules,Core/AimingVis/HunterSpecific/LokiAimingLaser_Huntress.as,,identifier,Category
0x0689d3,428499,11,B,16,A_modules,Core/AimingVis/HunterSpecific/LokiAimingLaser_Huntress.as,,string_literal,Laser - RMB
0x068a23,428579,14,B,19,A_modules,Core/AimingVis/HunterSpecific/LokiAimingLaser_Huntress.as,,identifier,ImpaleRangeMin
0x068a6a,428650,8,B,13,A_modules,Core/AimingVis/HunterSpecific/LokiAimingLaser_Huntress.as,,identifier,Category
0x068a7b,428667,11,B,16,A_modules,Core/AimingVis/HunterSpecific/LokiAimingLaser_Huntress.as,,string_literal,Laser - RMB
0x068acb,428747,14,B,19,A_modules,Core/AimingVis/HunterSpecific/LokiAimingLaser_Huntress.as,,identifier,ImpaleRangeMax
0x068b12,428818,8,B,13,A_modules,Core/AimingVis/HunterSpecific/LokiAimingLaser_Huntress.as,,identifier,Category
0x068b23,428835,11,B,16,A_modules,Core/AimingVis/HunterSpecific/LokiAimingLaser_Huntress.as,,string_literal,Laser - RMB
0x068b73,428915,16,B,21,A_modules,Core/AimingVis/HunterSpecific/LokiAimingLaser_Huntress.as,,identifier,SettingsIndexUlt
0x068bbc,428988,8,B,13,A_modules,Core/AimingVis/HunterSpecific/LokiAimingLaser_Huntress.as,,identifier,Category
0x068bcd,429005,11,B,16,A_modules,Core/AimingVis/HunterSpecific/LokiAimingLaser_Huntress.as,,string_literal,Laser - Ult
0x068c1d,429085,16,B,21,A_modules,Core/AimingVis/HunterSpecific/LokiAimingLaser_Huntress.as,,identifier,UltArrowRangeMax
0x068c66,429158,8,B,13,A_modules,Core/AimingVis/HunterSpecific/LokiAimingLaser_Huntress.as,,identifier,Category
0x068c77,429175,11,B,16,A_modules,Core/AimingVis/HunterSpecific/LokiAimingLaser_Huntress.as,,string_literal,Laser - Ult
0x068cc7,429255,22,B,27,A_modules,Core/AimingVis/HunterSpecific/LokiAimingLaser_Huntress.as,,identifier,CurrentProgressEndTime
0x068d12,429330,27,B,32,A_modules,Core/AimingVis/HunterSpecific/LokiAimingLaser_Huntress.as,,identifier,bOriginalLimitLaserToCursor
0x068d62,429410,33,B,38,A_modules,Core/AimingVis/HunterSpecific/LokiAimingLaser_Huntress.as,,identifier,bOriginalLimitLaserToCursorDoFade
0x068dbc,429500,27,B,32,A_modules,Core/AimingVis/HunterSpecific/LokiAimingLaser_Huntress.as,,identifier,CustomEvent0_Implementation
0x068e30,429616,5,B,10,A_modules,Core/AimingVis/HunterSpecific/LokiAimingLaser_Huntress.as,,identifier,Value
0x068ea2,429730,12,B,17,A_modules,Core/AimingVis/HunterSpecific/LokiAimingLaser_Huntress.as,,identifier,CustomEvent0
0x068f03,429827,27,B,32,A_modules,Core/AimingVis/HunterSpecific/LokiAimingLaser_Huntress.as,,identifier,CustomEvent1_Implementation
0x068f77,429943,5,B,10,A_modules,Core/AimingVis/HunterSpecific/LokiAimingLaser_Huntress.as,,identifier,Value
0x068fe9,430057,12,B,17,A_modules,Core/AimingVis/HunterSpecific/LokiAimingLaser_Huntress.as,,identifier,CustomEvent1
0x06904a,430154,29,B,34,A_modules,Core/AimingVis/HunterSpecific/LokiAimingLaser_Huntress.as,,identifier,OnLaserSpawned_Implementation
0x069208,430600,14,B,19,A_modules,Core/AimingVis/HunterSpecific/LokiAimingLaser_Huntress.as,,identifier,OnLaserSpawned
0x06926b,430699,42,B,47,A_modules,Core/AimingVis/HunterSpecific/LokiAimingLaser_Huntress.as,,identifier,OnLaserSettingsIndexChanged_Implementation
0x069312,430866,8,B,13,A_modules,Core/AimingVis/HunterSpecific/LokiAimingLaser_Huntress.as,,identifier,OldIndex
0x06931f,430879,8,B,13,A_modules,Core/AimingVis/HunterSpecific/LokiAimingLaser_Huntress.as,,identifier,NewIndex
0x069624,431652,27,B,32,A_modules,Core/AimingVis/HunterSpecific/LokiAimingLaser_Huntress.as,,identifier,OnLaserSettingsIndexChanged
0x069694,431764,31,B,36,A_modules,Core/AimingVis/HunterSpecific/LokiAimingLaser_Huntress.as,,identifier,OnUpdateProgress_Implementation
0x06970c,431884,13,B,18,A_modules,Core/AimingVis/HunterSpecific/LokiAimingLaser_Huntress.as,,identifier,ProgressValue
0x0698ca,432330,2,A,6,A_modules,Core/AimingVis/HunterSpecific/LokiAimingLaser_Huntress.as,,suspect_short,%
0x06993a,432442,2,A,6,A_modules,Core/AimingVis/HunterSpecific/LokiAimingLaser_Huntress.as,,suspect_short,%
0x069ada,432858,16,B,21,A_modules,Core/AimingVis/HunterSpecific/LokiAimingLaser_Huntress.as,,identifier,OnUpdateProgress
0x069b3f,432959,14,B,19,A_modules,Core/AimingVis/HunterSpecific/LokiAimingLaser_Huntress.as,,internal_symbol,__InitDefaults
0x069c5a,433242,17,B,22,A_modules,Core/AimingVis/HunterSpecific/LokiAimingLaser_Huntress.as,,identifier,UpdateProgressLMB
0x069cc4,433348,13,B,18,A_modules,Core/AimingVis/HunterSpecific/LokiAimingLaser_Huntress.as,,identifier,ProgressValue
0x069f1a,433946,2,A,6,A_modules,Core/AimingVis/HunterSpecific/LokiAimingLaser_Huntress.as,,identifier,P
0x06a14e,434510,2,A,6,A_modules,Core/AimingVis/HunterSpecific/LokiAimingLaser_Huntress.as,,identifier,P
0x06a4e6,435430,17,B,22,A_modules,Core/AimingVis/HunterSpecific/LokiAimingLaser_Huntress.as,,identifier,UpdateProgressRMB
0x06a550,435536,13,B,18,A_modules,Core/AimingVis/HunterSpecific/LokiAimingLaser_Huntress.as,,identifier,ProgressValue
0x06a786,436102,17,B,22,A_modules,Core/AimingVis/HunterSpecific/LokiAimingLaser_Huntress.as,,identifier,UpdateProgressUlt
0x06a7f0,436208,13,B,18,A_modules,Core/AimingVis/HunterSpecific/LokiAimingLaser_Huntress.as,,identifier,ProgressValue
0x06a8c2,436418,11,B,16,A_modules,Core/AimingVis/HunterSpecific/LokiAimingLaser_Huntress.as,,identifier,OnSwapToLMB
0x06a9fe,436734,12,B,17,A_modules,Core/AimingVis/HunterSpecific/LokiAimingLaser_Huntress.as,,identifier,OnSwapToBase
0x06abeb,437227,11,B,16,A_modules,Core/AimingVis/HunterSpecific/LokiAimingLaser_Huntress.as,,identifier,OnSwapToRMB
0x06acd7,437463,11,B,16,A_modules,Core/AimingVis/HunterSpecific/LokiAimingLaser_Huntress.as,,identifier,OnSwapToUlt
0x06ada3,437667,18,B,23,A_modules,Core/AimingVis/HunterSpecific/LokiAimingLaser_Huntress.as,,identifier,SetMaxRangeFromRMB
0x06ae5a,437850,33,B,38,A_modules,Core/AimingVis/HunterSpecific/LokiAimingLaser_Huntress.as,,identifier,SetMaxRangeFromRMB_Implementation
0x06aef8,438008,18,B,23,A_modules,Core/AimingVis/HunterSpecific/LokiAimingLaser_Huntress.as,,identifier,SetMaxRangeFromRMB
0x06af5f,438111,21,B,26,A_modules,Core/AimingVis/HunterSpecific/LokiAimingLaser_Huntress.as,,identifier,SetShowProgressMarker
0x06afcd,438221,22,B,27,A_modules,Core/AimingVis/HunterSpecific/LokiAimingLaser_Huntress.as,,identifier,bNewShowProgressMarker
0x06b078,438392,2,A,6,A_modules,Core/AimingVis/HunterSpecific/LokiAimingLaser_Huntress.as,,suspect_short,%
0x06b238,438840,25,B,30,A_modules,Core/AimingVis/HunterSpecific/LokiAimingLaser_Huntress.as,,identifier,ALokiAimingLaser_Huntress
0x06b422,439330,26,B,31,A_modules,Core/AimingVis/HunterSpecific/LokiAimingLaser_Huntress.as,,other,~ALokiAimingLaser_Huntress
0x06b4d1,439505,27,B,32,A_modules,Core/AimingVis/HunterSpecific/LokiAimingLaser_Huntress.as,,identifier,ALokiAimingLaserRangeMarker
0x06b4f1,439537,20,B,25,A_modules,Core/AimingVis/HunterSpecific/LokiAimingLaser_Huntress.as,,asset_path,/Script/Engine.Actor
0x06b52a,439594,38,B,43,A_modules,Core/AimingVis/HunterSpecific/LokiAimingLaser_Huntress.as,,statictype_alias,__StaticType_ALokiAimingLaser_Huntress
0x06b569,439657,1,B,6,A_modules,Core/AimingVis/HunterSpecific/LokiAimingLaser_Huntress.as,,suspect_short,&
0x06b5e0,439776,57,B,62,A_modules,Core/AimingVis/HunterSpecific/LokiAimingLaser_Huntress.as,,source_path,Core/AimingVis/HunterSpecific/LokiAimingLaser_Huntress.as
0x06b622,439842,47,A,51,A_modules,Core/Components/LokiMajorStatusEffectComponent.as,,dotted_name,Core.Components.LokiMajorStatusEffectComponent
0x06b655,439893,46,B,51,A_modules,Core/Components/LokiMajorStatusEffectComponent.as,,dotted_name,Core.Components.LokiMajorStatusEffectComponent
0x06b68c,439948,34,B,39,A_modules,Core/Components/LokiMajorStatusEffectComponent.as,,identifier,ULokiMajorStatusEffectComponent_AS
0x06b74f,440143,11,B,16,A_modules,Core/Components/LokiMajorStatusEffectComponent.as,,identifier,StaticClass
0x06b75f,440159,34,B,39,A_modules,Core/Components/LokiMajorStatusEffectComponent.as,,identifier,ULokiMajorStatusEffectComponent_AS
0x06b82a,440362,3,B,8,A_modules,Core/Components/LokiMajorStatusEffectComponent.as,,identifier,Get
0x06b832,440370,34,B,39,A_modules,Core/Components/LokiMajorStatusEffectComponent.as,,identifier,ULokiMajorStatusEffectComponent_AS
0x06b8cd,440525,5,B,10,A_modules,Core/Components/LokiMajorStatusEffectComponent.as,,identifier,Actor
0x06b8d7,440535,8,B,13,A_modules,Core/Components/LokiMajorStatusEffectComponent.as,,identifier,WithName
0x06b8f8,440568,9,B,14,A_modules,Core/Components/LokiMajorStatusEffectComponent.as,,default_arg_expr,NAME_None
0x06b986,440710,11,B,16,A_modules,Core/Components/LokiMajorStatusEffectComponent.as,,identifier,GetOrCreate
0x06b996,440726,34,B,39,A_modules,Core/Components/LokiMajorStatusEffectComponent.as,,identifier,ULokiMajorStatusEffectComponent_AS
0x06ba31,440881,5,B,10,A_modules,Core/Components/LokiMajorStatusEffectComponent.as,,identifier,Actor
0x06ba3b,440891,8,B,13,A_modules,Core/Components/LokiMajorStatusEffectComponent.as,,identifier,WithName
0x06ba5c,440924,9,B,14,A_modules,Core/Components/LokiMajorStatusEffectComponent.as,,default_arg_expr,NAME_None
0x06baea,441066,6,B,11,A_modules,Core/Components/LokiMajorStatusEffectComponent.as,,identifier,Create
0x06baf5,441077,34,B,39,A_modules,Core/Components/LokiMajorStatusEffectComponent.as,,identifier,ULokiMajorStatusEffectComponent_AS
0x06bb90,441232,5,B,10,A_modules,Core/Components/LokiMajorStatusEffectComponent.as,,identifier,Actor
0x06bb9a,441242,8,B,13,A_modules,Core/Components/LokiMajorStatusEffectComponent.as,,identifier,WithName
0x06bbbb,441275,9,B,14,A_modules,Core/Components/LokiMajorStatusEffectComponent.as,,default_arg_expr,NAME_None
0x06bc49,441417,1,B,6,A_modules,Core/Components/LokiMajorStatusEffectComponent.as,,suspect_short,""""
0x06bc80,441472,11,B,16,A_modules,Core/Components/LokiMajorStatusEffectComponent.as,,identifier,MyCharacter
0x06bd08,441608,13,B,18,A_modules,Core/Components/LokiMajorStatusEffectComponent.as,,identifier,EffectHandles
0x06bd96,441750,24,B,29,A_modules,Core/Components/LokiMajorStatusEffectComponent.as,,identifier,BeginPlay_Implementation
0x06be33,441907,1,B,6,A_modules,Core/Components/LokiMajorStatusEffectComponent.as,,identifier,J
0x06bea3,442019,9,B,14,A_modules,Core/Components/LokiMajorStatusEffectComponent.as,,identifier,BeginPlay
0x06bf01,442113,31,B,36,A_modules,Core/Components/LokiMajorStatusEffectComponent.as,,identifier,SetLongestRemainingEffectHandle
0x06bf79,442233,3,B,8,A_modules,Core/Components/LokiMajorStatusEffectComponent.as,,identifier,Tag
0x06c2dd,443101,31,B,36,A_modules,Core/Components/LokiMajorStatusEffectComponent.as,,identifier,SetLongestRemainingEffectHandle
0x06c351,443217,26,B,31,A_modules,Core/Components/LokiMajorStatusEffectComponent.as,,identifier,BP_EffectRemainingDuration
0x06c3c4,443332,18,B,23,A_modules,Core/Components/LokiMajorStatusEffectComponent.as,,identifier,ActiveEffectHandle
0x06c483,443523,41,B,46,A_modules,Core/Components/LokiMajorStatusEffectComponent.as,,identifier,BP_EffectRemainingDuration_Implementation
0x06c505,443653,18,B,23,A_modules,Core/Components/LokiMajorStatusEffectComponent.as,,identifier,ActiveEffectHandle
0x06c57c,443772,26,B,31,A_modules,Core/Components/LokiMajorStatusEffectComponent.as,,identifier,BP_EffectRemainingDuration
0x06c59f,443807,11,B,16,A_modules,Core/Components/LokiMajorStatusEffectComponent.as,,identifier,DisplayName
0x06c5b3,443827,25,B,30,A_modules,Core/Components/LokiMajorStatusEffectComponent.as,,string_literal,Effect Remaining Duration
0x06c63d,443965,1,B,6,A_modules,Core/Components/LokiMajorStatusEffectComponent.as,0x26e5fa1e200,suspect_short,""""
0x06c750,444240,1,B,6,A_modules,Core/Components/LokiMajorStatusEffectComponent.as,,suspect_short,#
0x06c818,444440,31,B,36,A_modules,Core/Components/LokiMajorStatusEffectComponent.as,,identifier,ULokiMajorStatusEffectComponent
0x06c83c,444476,43,B,48,A_modules,Core/Components/LokiMajorStatusEffectComponent.as,,asset_path,/Script/Loki.LokiMajorStatusEffectComponent
0x06c88c,444556,47,B,52,A_modules,Core/Components/LokiMajorStatusEffectComponent.as,,statictype_alias,__StaticType_ULokiMajorStatusEffectComponent_AS
0x06c8d4,444628,1,B,6,A_modules,Core/Components/LokiMajorStatusEffectComponent.as,,suspect_short,/
0x06c954,444756,49,B,54,A_modules,Core/Components/LokiMajorStatusEffectComponent.as,,source_path,Core/Components/LokiMajorStatusEffectComponent.as
0x06c98e,444814,42,A,46,A_modules,DayNightController/LokiDayNightController.as,,dotted_name,DayNightController.LokiDayNightController
0x06c9bc,444860,41,B,46,A_modules,DayNightController/LokiDayNightController.as,,dotted_name,DayNightController.LokiDayNightController
0x06c9ee,444910,26,B,31,A_modules,DayNightController/LokiDayNightController.as,,identifier,ALokiDayNightController_AS
0x06caa9,445097,11,B,16,A_modules,DayNightController/LokiDayNightController.as,,identifier,StaticClass
0x06cab9,445113,26,B,31,A_modules,DayNightController/LokiDayNightController.as,,identifier,ALokiDayNightController_AS
0x06cb7c,445308,5,B,10,A_modules,DayNightController/LokiDayNightController.as,,identifier,Spawn
0x06cb86,445318,26,B,31,A_modules,DayNightController/LokiDayNightController.as,,identifier,ALokiDayNightController_AS
0x06cc85,445573,8,B,13,A_modules,DayNightController/LokiDayNightController.as,,identifier,Location
0x06cc92,445586,8,B,13,A_modules,DayNightController/LokiDayNightController.as,,identifier,Rotation
0x06cc9f,445599,4,B,9,A_modules,DayNightController/LokiDayNightController.as,,identifier,Name
0x06cca8,445608,14,B,19,A_modules,DayNightController/LokiDayNightController.as,,identifier,bDeferredSpawn
0x06ccbb,445627,5,B,10,A_modules,DayNightController/LokiDayNightController.as,,identifier,Level
0x06cce1,445665,21,B,26,A_modules,DayNightController/LokiDayNightController.as,,default_arg_expr,FVector :: ZeroVector
0x06ccfb,445691,23,B,28,A_modules,DayNightController/LokiDayNightController.as,,default_arg_expr,FRotator :: ZeroRotator
0x06cd17,445719,9,B,14,A_modules,DayNightController/LokiDayNightController.as,,default_arg_expr,NAME_None
0x06cd25,445733,5,B,10,A_modules,DayNightController/LokiDayNightController.as,,default_arg_expr,false
0x06cd2f,445743,7,B,12,A_modules,DayNightController/LokiDayNightController.as,,default_arg_expr,nullptr
0x06cdcb,445899,1,B,6,A_modules,DayNightController/LokiDayNightController.as,,identifier,J
0x06ce5b,446043,26,B,31,A_modules,DayNightController/LokiDayNightController.as,,identifier,ALokiDayNightController_AS
0x06ce86,446086,17,B,22,A_modules,DayNightController/LokiDayNightController.as,,identifier,OnTimelineChanged
0x06cf14,446228,22,B,27,A_modules,DayNightController/LokiDayNightController.as,,identifier,OnDayNightStateChanged
0x06cfa7,446375,10,B,15,A_modules,DayNightController/LokiDayNightController.as,,identifier,OnDayBegin
0x06d02e,446510,8,B,13,A_modules,DayNightController/LokiDayNightController.as,,identifier,OnDayEnd
0x06d0b7,446647,19,B,24,A_modules,DayNightController/LokiDayNightController.as,,identifier,IsCharacterInShadow
0x06d123,446755,9,B,14,A_modules,DayNightController/LokiDayNightController.as,,identifier,Character
0x06d199,446873,19,B,24,A_modules,DayNightController/LokiDayNightController.as,,identifier,IsCharacterInShadow
0x06d201,446977,19,B,24,A_modules,DayNightController/LokiDayNightController.as,,identifier,AuthCheatNightToDay
0x06d26d,447085,4,B,9,A_modules,DayNightController/LokiDayNightController.as,,identifier,Time
0x06d2fe,447230,34,B,39,A_modules,DayNightController/LokiDayNightController.as,,identifier,AuthCheatNightToDay_Implementation
0x06d379,447353,4,B,9,A_modules,DayNightController/LokiDayNightController.as,,identifier,Time
0x06d3e2,447458,19,B,24,A_modules,DayNightController/LokiDayNightController.as,,identifier,AuthCheatNightToDay
0x06d44a,447562,19,B,24,A_modules,DayNightController/LokiDayNightController.as,,identifier,AuthCheatDayToNight
0x06d4b6,447670,4,B,9,A_modules,DayNightController/LokiDayNightController.as,,identifier,Time
0x06d547,447815,34,B,39,A_modules,DayNightController/LokiDayNightController.as,,identifier,AuthCheatDayToNight_Implementation
0x06d5c2,447938,4,B,9,A_modules,DayNightController/LokiDayNightController.as,,identifier,Time
0x06d62b,448043,19,B,24,A_modules,DayNightController/LokiDayNightController.as,,identifier,AuthCheatDayToNight
0x06d693,448147,22,B,27,A_modules,DayNightController/LokiDayNightController.as,,identifier,BP_IsCharacterInShadow
0x06d702,448258,9,B,14,A_modules,DayNightController/LokiDayNightController.as,,identifier,Character
0x06d7bc,448444,37,B,42,A_modules,DayNightController/LokiDayNightController.as,,identifier,BP_IsCharacterInShadow_Implementation
0x06d83a,448570,9,B,14,A_modules,DayNightController/LokiDayNightController.as,,identifier,Character
0x06d8a4,448676,22,B,27,A_modules,DayNightController/LokiDayNightController.as,,identifier,BP_IsCharacterInShadow
0x06d8c3,448707,18,B,23,A_modules,DayNightController/LokiDayNightController.as,,identifier,BlueprintProtected
0x06d92a,448810,18,B,23,A_modules,DayNightController/LokiDayNightController.as,,identifier,BP_CheatNightToDay
0x06d995,448917,4,B,9,A_modules,DayNightController/LokiDayNightController.as,,identifier,Time
0x06da26,449062,33,B,38,A_modules,DayNightController/LokiDayNightController.as,,identifier,BP_CheatNightToDay_Implementation
0x06daa0,449184,4,B,9,A_modules,DayNightController/LokiDayNightController.as,,identifier,Time
0x06daf9,449273,18,B,23,A_modules,DayNightController/LokiDayNightController.as,,identifier,BP_CheatNightToDay
0x06db14,449300,18,B,23,A_modules,DayNightController/LokiDayNightController.as,,identifier,BlueprintProtected
0x06db7b,449403,18,B,23,A_modules,DayNightController/LokiDayNightController.as,,identifier,BP_CheatDayToNight
0x06dbe6,449510,4,B,9,A_modules,DayNightController/LokiDayNightController.as,,identifier,Time
0x06dc77,449655,33,B,38,A_modules,DayNightController/LokiDayNightController.as,,identifier,BP_CheatDayToNight_Implementation
0x06dcf1,449777,4,B,9,A_modules,DayNightController/LokiDayNightController.as,,identifier,Time
0x06dd4a,449866,18,B,23,A_modules,DayNightController/LokiDayNightController.as,,identifier,BP_CheatDayToNight
0x06dd65,449893,18,B,23,A_modules,DayNightController/LokiDayNightController.as,,identifier,BlueprintProtected
0x06ddcc,449996,14,B,19,A_modules,DayNightController/LokiDayNightController.as,,internal_symbol,__InitDefaults
0x06debb,450235,26,B,31,A_modules,DayNightController/LokiDayNightController.as,,identifier,ALokiDayNightController_AS
0x06dffe,450558,27,B,32,A_modules,DayNightController/LokiDayNightController.as,,other,~ALokiDayNightController_AS
0x06e0f2,450802,23,B,28,A_modules,DayNightController/LokiDayNightController.as,,identifier,ALokiDayNightController
0x06e10e,450830,35,B,40,A_modules,DayNightController/LokiDayNightController.as,,asset_path,/Script/Loki.LokiDayNightController
0x06e156,450902,39,B,44,A_modules,DayNightController/LokiDayNightController.as,,statictype_alias,__StaticType_ALokiDayNightController_AS
0x06e192,450962,24,B,29,A_modules,DayNightController/LokiDayNightController.as,,identifier,FTimelineChangedDelegate
0x06e1bb,451003,6,B,11,A_modules,DayNightController/LokiDayNightController.as,,identifier,_Inner
0x06e1fa,451066,8,B,13,A_modules,DayNightController/LokiDayNightController.as,,internal_symbol,opAssign
0x06e25b,451163,5,B,10,A_modules,DayNightController/LokiDayNightController.as,,identifier,Other
0x06e2e1,451297,9,B,14,A_modules,DayNightController/LokiDayNightController.as,,identifier,Broadcast
0x06e367,451431,11,B,16,A_modules,DayNightController/LokiDayNightController.as,,identifier,SimpleTrack
0x06e377,451447,9,B,14,A_modules,DayNightController/LokiDayNightController.as,,identifier,RampTrack
0x06e449,451657,12,B,17,A_modules,DayNightController/LokiDayNightController.as,,identifier,AddUFunction
0x06e4d2,451794,6,B,11,A_modules,DayNightController/LokiDayNightController.as,,identifier,Object
0x06e4dd,451805,12,B,17,A_modules,DayNightController/LokiDayNightController.as,,identifier,FunctionName
0x06e592,451986,6,B,11,A_modules,DayNightController/LokiDayNightController.as,,identifier,Unbind
0x06e615,452117,6,B,11,A_modules,DayNightController/LokiDayNightController.as,,identifier,Object
0x06e620,452128,12,B,17,A_modules,DayNightController/LokiDayNightController.as,,identifier,FunctionName
0x06e6a9,452265,12,B,17,A_modules,DayNightController/LokiDayNightController.as,,identifier,UnbindObject
0x06e70e,452366,6,B,11,A_modules,DayNightController/LokiDayNightController.as,,identifier,Object
0x06e785,452485,7,B,12,A_modules,DayNightController/LokiDayNightController.as,,identifier,IsBound
0x06e829,452649,5,B,10,A_modules,DayNightController/LokiDayNightController.as,,identifier,Clear
0x06e8db,452827,24,B,29,A_modules,DayNightController/LokiDayNightController.as,,identifier,FTimelineChangedDelegate
0x06e988,453000,24,B,29,A_modules,DayNightController/LokiDayNightController.as,,identifier,FTimelineChangedDelegate
0x06e9f9,453113,5,B,10,A_modules,DayNightController/LokiDayNightController.as,,identifier,Other
0x06eabf,453311,25,B,30,A_modules,DayNightController/LokiDayNightController.as,,other,~FTimelineChangedDelegate
0x06eb79,453497,29,B,34,A_modules,DayNightController/LokiDayNightController.as,,identifier,FDayNightStateChangedDelegate
0x06eba7,453543,6,B,11,A_modules,DayNightController/LokiDayNightController.as,,identifier,_Inner
0x06ebe6,453606,8,B,13,A_modules,DayNightController/LokiDayNightController.as,,internal_symbol,opAssign
0x06ec47,453703,5,B,10,A_modules,DayNightController/LokiDayNightController.as,,identifier,Other
0x06eccd,453837,9,B,14,A_modules,DayNightController/LokiDayNightController.as,,identifier,Broadcast
0x06ed53,453971,7,B,12,A_modules,DayNightController/LokiDayNightController.as,,identifier,Current
0x06ed5f,453983,4,B,9,A_modules,DayNightController/LokiDayNightController.as,,identifier,Next
0x06ee2c,454188,12,B,17,A_modules,DayNightController/LokiDayNightController.as,,identifier,AddUFunction
0x06eeb5,454325,6,B,11,A_modules,DayNightController/LokiDayNightController.as,,identifier,Object
0x06eec0,454336,12,B,17,A_modules,DayNightController/LokiDayNightController.as,,identifier,FunctionName
0x06ef75,454517,6,B,11,A_modules,DayNightController/LokiDayNightController.as,,identifier,Unbind
0x06eff8,454648,6,B,11,A_modules,DayNightController/LokiDayNightController.as,,identifier,Object
0x06f003,454659,12,B,17,A_modules,DayNightController/LokiDayNightController.as,,identifier,FunctionName
0x06f08c,454796,12,B,17,A_modules,DayNightController/LokiDayNightController.as,,identifier,UnbindObject
0x06f0f1,454897,6,B,11,A_modules,DayNightController/LokiDayNightController.as,,identifier,Object
0x06f168,455016,7,B,12,A_modules,DayNightController/LokiDayNightController.as,,identifier,IsBound
0x06f20c,455180,5,B,10,A_modules,DayNightController/LokiDayNightController.as,,identifier,Clear
0x06f2be,455358,29,B,34,A_modules,DayNightController/LokiDayNightController.as,,identifier,FDayNightStateChangedDelegate
0x06f370,455536,29,B,34,A_modules,DayNightController/LokiDayNightController.as,,identifier,FDayNightStateChangedDelegate
0x06f3e6,455654,5,B,10,A_modules,DayNightController/LokiDayNightController.as,,identifier,Other
0x06f4ac,455852,30,B,35,A_modules,DayNightController/LokiDayNightController.as,,other,~FDayNightStateChangedDelegate
0x06f56b,456043,17,B,22,A_modules,DayNightController/LokiDayNightController.as,,identifier,FDayBeginDelegate
0x06f58d,456077,6,B,11,A_modules,DayNightController/LokiDayNightController.as,,identifier,_Inner
0x06f5cc,456140,8,B,13,A_modules,DayNightController/LokiDayNightController.as,,internal_symbol,opAssign
0x06f62d,456237,5,B,10,A_modules,DayNightController/LokiDayNightController.as,,identifier,Other
0x06f6b3,456371,9,B,14,A_modules,DayNightController/LokiDayNightController.as,,identifier,Broadcast
0x06f785,456581,12,B,17,A_modules,DayNightController/LokiDayNightController.as,,identifier,AddUFunction
0x06f80e,456718,6,B,11,A_modules,DayNightController/LokiDayNightController.as,,identifier,Object
0x06f819,456729,12,B,17,A_modules,DayNightController/LokiDayNightController.as,,identifier,FunctionName
0x06f8ce,456910,6,B,11,A_modules,DayNightController/LokiDayNightController.as,,identifier,Unbind
0x06f951,457041,6,B,11,A_modules,DayNightController/LokiDayNightController.as,,identifier,Object
0x06f95c,457052,12,B,17,A_modules,DayNightController/LokiDayNightController.as,,identifier,FunctionName
0x06f9e5,457189,12,B,17,A_modules,DayNightController/LokiDayNightController.as,,identifier,UnbindObject
0x06fa4a,457290,6,B,11,A_modules,DayNightController/LokiDayNightController.as,,identifier,Object
0x06fac1,457409,7,B,12,A_modules,DayNightController/LokiDayNightController.as,,identifier,IsBound
0x06fb65,457573,5,B,10,A_modules,DayNightController/LokiDayNightController.as,,identifier,Clear
0x06fc17,457751,17,B,22,A_modules,DayNightController/LokiDayNightController.as,,identifier,FDayBeginDelegate
0x06fcbd,457917,17,B,22,A_modules,DayNightController/LokiDayNightController.as,,identifier,FDayBeginDelegate
0x06fd27,458023,5,B,10,A_modules,DayNightController/LokiDayNightController.as,,identifier,Other
0x06fded,458221,18,B,23,A_modules,DayNightController/LokiDayNightController.as,,other,~FDayBeginDelegate
0x06fea0,458400,15,B,20,A_modules,DayNightController/LokiDayNightController.as,,identifier,FDayEndDelegate
0x06fec0,458432,6,B,11,A_modules,DayNightController/LokiDayNightController.as,,identifier,_Inner
0x06feff,458495,8,B,13,A_modules,DayNightController/LokiDayNightController.as,,internal_symbol,opAssign
0x06ff60,458592,5,B,10,A_modules,DayNightController/LokiDayNightController.as,,identifier,Other
0x06ffe6,458726,9,B,14,A_modules,DayNightController/LokiDayNightController.as,,identifier,Broadcast
0x0700b8,458936,12,B,17,A_modules,DayNightController/LokiDayNightController.as,,identifier,AddUFunction
0x070141,459073,6,B,11,A_modules,DayNightController/LokiDayNightController.as,,identifier,Object
0x07014c,459084,12,B,17,A_modules,DayNightController/LokiDayNightController.as,,identifier,FunctionName
0x070201,459265,6,B,11,A_modules,DayNightController/LokiDayNightController.as,,identifier,Unbind
0x070284,459396,6,B,11,A_modules,DayNightController/LokiDayNightController.as,,identifier,Object
0x07028f,459407,12,B,17,A_modules,DayNightController/LokiDayNightController.as,,identifier,FunctionName
0x070318,459544,12,B,17,A_modules,DayNightController/LokiDayNightController.as,,identifier,UnbindObject
0x07037d,459645,6,B,11,A_modules,DayNightController/LokiDayNightController.as,,identifier,Object
0x0703f4,459764,7,B,12,A_modules,DayNightController/LokiDayNightController.as,,identifier,IsBound
0x070498,459928,5,B,10,A_modules,DayNightController/LokiDayNightController.as,,identifier,Clear
0x07054a,460106,15,B,20,A_modules,DayNightController/LokiDayNightController.as,,identifier,FDayEndDelegate
0x0705ee,460270,15,B,20,A_modules,DayNightController/LokiDayNightController.as,,identifier,FDayEndDelegate
0x070656,460374,5,B,10,A_modules,DayNightController/LokiDayNightController.as,,identifier,Other
0x07071c,460572,16,B,21,A_modules,DayNightController/LokiDayNightController.as,,other,~FDayEndDelegate
0x0707d1,460753,1,B,6,A_modules,DayNightController/LokiDayNightController.as,,suspect_short,'
0x070845,460869,24,B,29,A_modules,DayNightController/LokiDayNightController.as,,identifier,FTimelineChangedDelegate
0x070862,460898,29,B,34,A_modules,DayNightController/LokiDayNightController.as,,identifier,FDayNightStateChangedDelegate
0x070884,460932,17,B,22,A_modules,DayNightController/LokiDayNightController.as,,identifier,FDayBeginDelegate
0x07089a,460954,15,B,20,A_modules,DayNightController/LokiDayNightController.as,,identifier,FDayEndDelegate
0x0708b2,460978,44,B,49,A_modules,DayNightController/LokiDayNightController.as,,source_path,DayNightController/LokiDayNightController.as
0x0708e7,461031,35,A,39,A_modules,Domination/LokiDominationUtilities.as,,dotted_name,Domination.LokiDominationUtilities
0x07090e,461070,34,B,39,A_modules,Domination/LokiDominationUtilities.as,,dotted_name,Domination.LokiDominationUtilities
0x070939,461113,27,B,32,A_modules,Domination/LokiDominationUtilities.as,,identifier,GetDominationSpawnForPlayer
0x0709ad,461229,11,B,16,A_modules,Domination/LokiDominationUtilities.as,,identifier,PlayerState
0x070b05,461573,2,A,6,A_modules,Domination/LokiDominationUtilities.as,0x26e69d22540,suspect_short,1
0x070c3d,461885,2,A,6,A_modules,Domination/LokiDominationUtilities.as,,identifier,Q
0x0710f5,463093,27,B,32,A_modules,Domination/LokiDominationUtilities.as,,identifier,GetDominationSpawnForPlayer
0x071181,463233,48,B,53,A_modules,Domination/LokiDominationUtilities.as,,identifier,Module_Domination_LokiDominationUtilitiesStatics
0x0711be,463294,37,B,42,A_modules,Domination/LokiDominationUtilities.as,,source_path,Domination/LokiDominationUtilities.as
0x0711ec,463340,33,A,37,A_modules,FFA/Comp_PC_LokiRespawnComponent.as,,dotted_name,FFA.Comp_PC_LokiRespawnComponent
0x071211,463377,32,B,37,A_modules,FFA/Comp_PC_LokiRespawnComponent.as,,dotted_name,FFA.Comp_PC_LokiRespawnComponent
0x07123a,463418,29,B,34,A_modules,FFA/Comp_PC_LokiRespawnComponent.as,,identifier,UComp_PC_LokiRespawnComponent
0x0712f8,463608,11,B,16,A_modules,FFA/Comp_PC_LokiRespawnComponent.as,,identifier,StaticClass
0x071308,463624,29,B,34,A_modules,FFA/Comp_PC_LokiRespawnComponent.as,,identifier,UComp_PC_LokiRespawnComponent
0x0713ba,463802,4,B,9,A_modules,FFA/Comp_PC_LokiRespawnComponent.as,,identifier,u63L
0x0713ce,463822,3,B,8,A_modules,FFA/Comp_PC_LokiRespawnComponent.as,,identifier,Get
0x0713d6,463830,29,B,34,A_modules,FFA/Comp_PC_LokiRespawnComponent.as,,identifier,UComp_PC_LokiRespawnComponent
0x07146c,463980,5,B,10,A_modules,FFA/Comp_PC_LokiRespawnComponent.as,,identifier,Actor
0x071476,463990,8,B,13,A_modules,FFA/Comp_PC_LokiRespawnComponent.as,,identifier,WithName
0x071497,464023,9,B,14,A_modules,FFA/Comp_PC_LokiRespawnComponent.as,,default_arg_expr,NAME_None
0x071525,464165,11,B,16,A_modules,FFA/Comp_PC_LokiRespawnComponent.as,,identifier,GetOrCreate
0x071535,464181,29,B,34,A_modules,FFA/Comp_PC_LokiRespawnComponent.as,,identifier,UComp_PC_LokiRespawnComponent
0x0715cb,464331,5,B,10,A_modules,FFA/Comp_PC_LokiRespawnComponent.as,,identifier,Actor
0x0715d5,464341,8,B,13,A_modules,FFA/Comp_PC_LokiRespawnComponent.as,,identifier,WithName
0x0715f6,464374,9,B,14,A_modules,FFA/Comp_PC_LokiRespawnComponent.as,,default_arg_expr,NAME_None
0x071684,464516,6,B,11,A_modules,FFA/Comp_PC_LokiRespawnComponent.as,,identifier,Create
0x07168f,464527,29,B,34,A_modules,FFA/Comp_PC_LokiRespawnComponent.as,,identifier,UComp_PC_LokiRespawnComponent
0x071725,464677,5,B,10,A_modules,FFA/Comp_PC_LokiRespawnComponent.as,,identifier,Actor
0x07172f,464687,8,B,13,A_modules,FFA/Comp_PC_LokiRespawnComponent.as,,identifier,WithName
0x071750,464720,9,B,14,A_modules,FFA/Comp_PC_LokiRespawnComponent.as,,default_arg_expr,NAME_None
0x0717e2,464866,29,B,34,A_modules,FFA/Comp_PC_LokiRespawnComponent.as,,identifier,UComp_PC_LokiRespawnComponent
0x071810,464912,18,B,23,A_modules,FFA/Comp_PC_LokiRespawnComponent.as,,identifier,RespawnTimerWidget
0x0718a3,465059,24,B,29,A_modules,FFA/Comp_PC_LokiRespawnComponent.as,,identifier,BeginPlay_Implementation
0x071960,465248,1,B,6,A_modules,FFA/Comp_PC_LokiRespawnComponent.as,,identifier,J
0x071afc,465660,9,B,14,A_modules,FFA/Comp_PC_LokiRespawnComponent.as,,identifier,BeginPlay
0x071b5a,465754,14,B,19,A_modules,FFA/Comp_PC_LokiRespawnComponent.as,,internal_symbol,__InitDefaults
0x071c21,465953,29,B,34,A_modules,FFA/Comp_PC_LokiRespawnComponent.as,,identifier,UComp_PC_LokiRespawnComponent
0x071d37,466231,15,B,20,A_modules,FFA/Comp_PC_LokiRespawnComponent.as,,identifier,UActorComponent
0x071d4b,466251,29,B,34,A_modules,FFA/Comp_PC_LokiRespawnComponent.as,,asset_path,/Script/Engine.ActorComponent
0x071d8d,466317,42,B,47,A_modules,FFA/Comp_PC_LokiRespawnComponent.as,,statictype_alias,__StaticType_UComp_PC_LokiRespawnComponent
0x071dd0,466384,1,B,6,A_modules,FFA/Comp_PC_LokiRespawnComponent.as,,suspect_short,*
0x071e4b,466507,35,B,40,A_modules,FFA/Comp_PC_LokiRespawnComponent.as,,source_path,FFA/Comp_PC_LokiRespawnComponent.as
0x071e77,466551,18,A,22,A_modules,FFA/FFABotSpawner.as,,dotted_name,FFA.FFABotSpawner
0x071e8d,466573,17,B,22,A_modules,FFA/FFABotSpawner.as,,dotted_name,FFA.FFABotSpawner
0x071ea7,466599,23,B,28,A_modules,FFA/FFABotSpawner.as,,identifier,UFFABotSpawnerComponent
0x071f5f,466783,11,B,16,A_modules,FFA/FFABotSpawner.as,,identifier,StaticClass
0x071f6f,466799,23,B,28,A_modules,FFA/FFABotSpawner.as,,identifier,UFFABotSpawnerComponent
0x07201b,466971,4,B,9,A_modules,FFA/FFABotSpawner.as,,other,YC^u
0x07202f,466991,3,B,8,A_modules,FFA/FFABotSpawner.as,,identifier,Get
0x072037,466999,23,B,28,A_modules,FFA/FFABotSpawner.as,,identifier,UFFABotSpawnerComponent
0x0720c7,467143,5,B,10,A_modules,FFA/FFABotSpawner.as,,identifier,Actor
0x0720d1,467153,8,B,13,A_modules,FFA/FFABotSpawner.as,,identifier,WithName
0x0720f2,467186,9,B,14,A_modules,FFA/FFABotSpawner.as,,default_arg_expr,NAME_None
0x072180,467328,11,B,16,A_modules,FFA/FFABotSpawner.as,,identifier,GetOrCreate
0x072190,467344,23,B,28,A_modules,FFA/FFABotSpawner.as,,identifier,UFFABotSpawnerComponent
0x072220,467488,5,B,10,A_modules,FFA/FFABotSpawner.as,,identifier,Actor
0x07222a,467498,8,B,13,A_modules,FFA/FFABotSpawner.as,,identifier,WithName
0x07224b,467531,9,B,14,A_modules,FFA/FFABotSpawner.as,,default_arg_expr,NAME_None
0x0722d9,467673,6,B,11,A_modules,FFA/FFABotSpawner.as,,identifier,Create
0x0722e4,467684,23,B,28,A_modules,FFA/FFABotSpawner.as,,identifier,UFFABotSpawnerComponent
0x072374,467828,5,B,10,A_modules,FFA/FFABotSpawner.as,,identifier,Actor
0x07237e,467838,8,B,13,A_modules,FFA/FFABotSpawner.as,,identifier,WithName
0x07239f,467871,9,B,14,A_modules,FFA/FFABotSpawner.as,,default_arg_expr,NAME_None
0x072431,468017,23,B,28,A_modules,FFA/FFABotSpawner.as,,identifier,UFFABotSpawnerComponent
0x072459,468057,13,B,18,A_modules,FFA/FFABotSpawner.as,,identifier,AvailableBots
0x0724e7,468199,24,B,29,A_modules,FFA/FFABotSpawner.as,,identifier,BeginPlay_Implementation
0x072864,469092,1,B,6,A_modules,FFA/FFABotSpawner.as,,identifier,P
0x072b98,469912,9,B,14,A_modules,FFA/FFABotSpawner.as,,identifier,BeginPlay
0x072bf6,470006,31,B,36,A_modules,FFA/FFABotSpawner.as,,identifier,GetNextTeamIndex_Implementation
0x072cae,470190,16,B,21,A_modules,FFA/FFABotSpawner.as,,identifier,GetNextTeamIndex
0x072d33,470323,23,B,28,A_modules,FFA/FFABotSpawner.as,,identifier,UFFABotSpawnerComponent
0x072e3b,470587,24,B,29,A_modules,FFA/FFABotSpawner.as,,other,~UFFABotSpawnerComponent
0x072ef4,470772,24,B,29,A_modules,FFA/FFABotSpawner.as,,identifier,ULokiBotSpawnerComponent
0x072f11,470801,36,B,41,A_modules,FFA/FFABotSpawner.as,,asset_path,/Script/Loki.LokiBotSpawnerComponent
0x072f5a,470874,36,B,41,A_modules,FFA/FFABotSpawner.as,,statictype_alias,__StaticType_UFFABotSpawnerComponent
0x072f97,470935,1,B,6,A_modules,FFA/FFABotSpawner.as,,suspect_short,$
0x07300c,471052,20,B,25,A_modules,FFA/FFABotSpawner.as,,source_path,FFA/FFABotSpawner.as
0x073029,471081,16,A,20,A_modules,FFA/FFAGameMode.as,,dotted_name,FFA.FFAGameMode
0x07303d,471101,15,B,20,A_modules,FFA/FFAGameMode.as,,dotted_name,FFA.FFAGameMode
0x073055,471125,12,B,17,A_modules,FFA/FFAGameMode.as,,identifier,AFFAGameMode
0x073102,471298,11,B,16,A_modules,FFA/FFAGameMode.as,,identifier,StaticClass
0x073112,471314,12,B,17,A_modules,FFA/FFAGameMode.as,,identifier,AFFAGameMode
0x0731c7,471495,5,B,10,A_modules,FFA/FFAGameMode.as,,identifier,Spawn
0x0731d1,471505,12,B,17,A_modules,FFA/FFAGameMode.as,,identifier,AFFAGameMode
0x0732c2,471746,8,B,13,A_modules,FFA/FFAGameMode.as,,identifier,Location
0x0732cf,471759,8,B,13,A_modules,FFA/FFAGameMode.as,,identifier,Rotation
0x0732dc,471772,4,B,9,A_modules,FFA/FFAGameMode.as,,identifier,Name
0x0732e5,471781,14,B,19,A_modules,FFA/FFAGameMode.as,,identifier,bDeferredSpawn
0x0732f8,471800,5,B,10,A_modules,FFA/FFAGameMode.as,,identifier,Level
0x07331e,471838,21,B,26,A_modules,FFA/FFAGameMode.as,,default_arg_expr,FVector :: ZeroVector
0x073338,471864,23,B,28,A_modules,FFA/FFAGameMode.as,,default_arg_expr,FRotator :: ZeroRotator
0x073354,471892,9,B,14,A_modules,FFA/FFAGameMode.as,,default_arg_expr,NAME_None
0x073362,471906,5,B,10,A_modules,FFA/FFAGameMode.as,,default_arg_expr,false
0x07336c,471916,7,B,12,A_modules,FFA/FFAGameMode.as,,default_arg_expr,nullptr
0x073408,472072,1,B,6,A_modules,FFA/FFAGameMode.as,,identifier,J
0x073498,472216,12,B,17,A_modules,FFA/FFAGameMode.as,,identifier,AFFAGameMode
0x0734b5,472245,12,B,17,A_modules,FFA/FFAGameMode.as,,identifier,LevelToGrant
0x07353e,472382,11,B,16,A_modules,FFA/FFAGameMode.as,,identifier,BandageItem
0x0735c6,472518,9,B,14,A_modules,FFA/FFAGameMode.as,,identifier,ArmorItem
0x07364c,472652,23,B,28,A_modules,FFA/FFAGameMode.as,,identifier,InitializedPlayerStates
0x0736e0,472800,26,B,31,A_modules,FFA/FFAGameMode.as,,identifier,ConnectedPlayerControllers
0x07377b,472955,37,B,42,A_modules,FFA/FFAGameMode.as,,identifier,ShouldTeamBeEliminated_Implementation
0x0737f9,473081,9,B,14,A_modules,FFA/FFAGameMode.as,,identifier,TeamIndex
0x073863,473187,22,B,27,A_modules,FFA/FFAGameMode.as,,identifier,ShouldTeamBeEliminated
0x0738ce,473294,33,B,38,A_modules,FFA/FFAGameMode.as,,identifier,OnPlayerSpawned_BP_Implementation
0x07396c,473452,9,B,14,A_modules,FFA/FFAGameMode.as,,identifier,Character
0x07397a,473466,11,B,16,A_modules,FFA/FFAGameMode.as,,identifier,PlayerState
0x073a82,473730,18,B,23,A_modules,FFA/FFAGameMode.as,,identifier,OnPlayerSpawned_BP
0x073ae9,473833,10,B,15,A_modules,FFA/FFAGameMode.as,,identifier,InitPlayer
0x073b4c,473932,11,B,16,A_modules,FFA/FFAGameMode.as,,identifier,PlayerState
0x073be4,474084,25,B,30,A_modules,FFA/FFAGameMode.as,,identifier,InitPlayer_Implementation
0x073c56,474198,11,B,16,A_modules,FFA/FFAGameMode.as,,identifier,PlayerState
0x073cb6,474294,10,B,15,A_modules,FFA/FFAGameMode.as,,identifier,InitPlayer
0x073d15,474389,26,B,31,A_modules,FFA/FFAGameMode.as,,identifier,OnPostLogin_Implementation
0x073d88,474504,9,B,14,A_modules,FFA/FFAGameMode.as,,identifier,NewPlayer
0x073de6,474598,11,B,16,A_modules,FFA/FFAGameMode.as,,identifier,OnPostLogin
0x073e46,474694,23,B,28,A_modules,FFA/FFAGameMode.as,,identifier,OnLogout_Implementation
0x073eb6,474806,18,B,23,A_modules,FFA/FFAGameMode.as,,identifier,ExistingController
0x073fc9,475081,1,B,6,A_modules,FFA/FFAGameMode.as,,suspect_short,%
0x074079,475257,1,B,6,A_modules,FFA/FFAGameMode.as,,identifier,J
0x07422d,475693,8,B,13,A_modules,FFA/FFAGameMode.as,,identifier,OnLogout
0x07428a,475786,20,B,25,A_modules,FFA/FFAGameMode.as,,identifier,OnCharacterRespawned
0x0742f7,475895,9,B,14,A_modules,FFA/FFAGameMode.as,,identifier,Character
0x07438d,476045,35,B,40,A_modules,FFA/FFAGameMode.as,,identifier,OnCharacterRespawned_Implementation
0x074409,476169,9,B,14,A_modules,FFA/FFAGameMode.as,,identifier,Character
0x074497,476311,20,B,25,A_modules,FFA/FFAGameMode.as,,identifier,OnCharacterRespawned
0x074500,476416,10,B,15,A_modules,FFA/FFAGameMode.as,,identifier,ResetArmor
0x074563,476515,9,B,14,A_modules,FFA/FFAGameMode.as,,identifier,Character
0x074601,476673,2,A,6,A_modules,FFA/FFAGameMode.as,0x26e69d22540,suspect_short,2
0x07483d,477245,11,B,16,A_modules,FFA/FFAGameMode.as,,identifier,AddBandages
0x0748a1,477345,9,B,14,A_modules,FFA/FFAGameMode.as,,identifier,Character
0x0748ff,477439,2,A,6,A_modules,FFA/FFAGameMode.as,0x26e6ef2c2c0,suspect_short,3
0x074927,477479,2,A,6,A_modules,FFA/FFAGameMode.as,0x26e6ef2c100,suspect_short,4
0x074bfb,478203,38,B,43,A_modules,FFA/FFAGameMode.as,,identifier,HandleStartingNewPlayer_Implementation
0x074c7a,478330,9,B,14,A_modules,FFA/FFAGameMode.as,,identifier,NewPlayer
0x074cd8,478424,23,B,28,A_modules,FFA/FFAGameMode.as,,identifier,HandleStartingNewPlayer
0x074d44,478532,14,B,19,A_modules,FFA/FFAGameMode.as,,internal_symbol,__InitDefaults
0x074e2b,478763,12,B,17,A_modules,FFA/FFAGameMode.as,,identifier,AFFAGameMode
0x074f70,479088,13,B,18,A_modules,FFA/FFAGameMode.as,,other,~AFFAGameMode
0x075036,479286,19,B,24,A_modules,FFA/FFAGameMode.as,,identifier,ALokiDropInGameMode
0x07504e,479310,31,B,36,A_modules,FFA/FFAGameMode.as,,asset_path,/Script/Loki.LokiDropInGameMode
0x075092,479378,25,B,30,A_modules,FFA/FFAGameMode.as,,statictype_alias,__StaticType_AFFAGameMode
0x0750c8,479432,25,B,30,A_modules,FFA/FFAGameMode.as,,statictype_alias,__StaticType_AFFAGameMode
0x07512e,479534,18,B,23,A_modules,FFA/FFAGameMode.as,,source_path,FFA/FFAGameMode.as
0x075149,479561,31,A,35,A_modules,FFA/LokiPlayerRespawnComponent.as,,dotted_name,FFA.LokiPlayerRespawnComponent
0x07516c,479596,30,B,35,A_modules,FFA/LokiPlayerRespawnComponent.as,,dotted_name,FFA.LokiPlayerRespawnComponent
0x075193,479635,27,B,32,A_modules,FFA/LokiPlayerRespawnComponent.as,,identifier,ULokiPlayerRespawnComponent
0x07524f,479823,11,B,16,A_modules,FFA/LokiPlayerRespawnComponent.as,,identifier,StaticClass
0x07525f,479839,27,B,32,A_modules,FFA/LokiPlayerRespawnComponent.as,,identifier,ULokiPlayerRespawnComponent
0x075323,480035,3,B,8,A_modules,FFA/LokiPlayerRespawnComponent.as,,identifier,Get
0x07532b,480043,27,B,32,A_modules,FFA/LokiPlayerRespawnComponent.as,,identifier,ULokiPlayerRespawnComponent
0x0753bf,480191,5,B,10,A_modules,FFA/LokiPlayerRespawnComponent.as,,identifier,Actor
0x0753c9,480201,8,B,13,A_modules,FFA/LokiPlayerRespawnComponent.as,,identifier,WithName
0x0753ea,480234,9,B,14,A_modules,FFA/LokiPlayerRespawnComponent.as,,default_arg_expr,NAME_None
0x075478,480376,11,B,16,A_modules,FFA/LokiPlayerRespawnComponent.as,,identifier,GetOrCreate
0x075488,480392,27,B,32,A_modules,FFA/LokiPlayerRespawnComponent.as,,identifier,ULokiPlayerRespawnComponent
0x07551c,480540,5,B,10,A_modules,FFA/LokiPlayerRespawnComponent.as,,identifier,Actor
0x075526,480550,8,B,13,A_modules,FFA/LokiPlayerRespawnComponent.as,,identifier,WithName
0x075547,480583,9,B,14,A_modules,FFA/LokiPlayerRespawnComponent.as,,default_arg_expr,NAME_None
0x0755d5,480725,6,B,11,A_modules,FFA/LokiPlayerRespawnComponent.as,,identifier,Create
0x0755e0,480736,27,B,32,A_modules,FFA/LokiPlayerRespawnComponent.as,,identifier,ULokiPlayerRespawnComponent
0x075674,480884,5,B,10,A_modules,FFA/LokiPlayerRespawnComponent.as,,identifier,Actor
0x07567e,480894,8,B,13,A_modules,FFA/LokiPlayerRespawnComponent.as,,identifier,WithName
0x07569f,480927,9,B,14,A_modules,FFA/LokiPlayerRespawnComponent.as,,default_arg_expr,NAME_None
0x075731,481073,27,B,32,A_modules,FFA/LokiPlayerRespawnComponent.as,,identifier,ULokiPlayerRespawnComponent
0x07575d,481117,11,B,16,A_modules,FFA/LokiPlayerRespawnComponent.as,,identifier,RespawnTime
0x0757a1,481185,15,B,20,A_modules,FFA/LokiPlayerRespawnComponent.as,,identifier,ReplicatedUsing
0x0757b9,481209,17,B,22,A_modules,FFA/LokiPlayerRespawnComponent.as,,identifier,OnRep_RespawnTime
0x075817,481303,7,B,12,A_modules,FFA/LokiPlayerRespawnComponent.as,,identifier,LocalPC
0x07589b,481435,16,B,21,A_modules,FFA/LokiPlayerRespawnComponent.as,,identifier,LocalRespawnTime
0x075928,481576,20,B,25,A_modules,FFA/LokiPlayerRespawnComponent.as,,identifier,OnRespawnTimeUpdated
0x0759b9,481721,17,B,22,A_modules,FFA/LokiPlayerRespawnComponent.as,,identifier,InitialSpawnDelay
0x075a47,481863,10,B,15,A_modules,FFA/LokiPlayerRespawnComponent.as,,identifier,SpawnDelay
0x075ace,481998,13,B,18,A_modules,FFA/LokiPlayerRespawnComponent.as,,identifier,IsCombatPhase
0x075b58,482136,38,B,43,A_modules,FFA/LokiPlayerRespawnComponent.as,,identifier,bOnlyScheduleRespawnsDuringCombatPhase
0x075bfb,482299,21,B,26,A_modules,FFA/LokiPlayerRespawnComponent.as,,identifier,bStartTimerOnlyOnKill
0x075c91,482449,17,B,22,A_modules,FFA/LokiPlayerRespawnComponent.as,,identifier,OnRep_RespawnTime
0x075d4f,482639,17,B,22,A_modules,FFA/LokiPlayerRespawnComponent.as,,identifier,OnRep_RespawnTime
0x075db5,482741,24,B,29,A_modules,FFA/LokiPlayerRespawnComponent.as,,identifier,BeginPlay_Implementation
0x075e7a,482938,1,B,6,A_modules,FFA/LokiPlayerRespawnComponent.as,,identifier,J
0x075e96,482966,2,A,6,A_modules,FFA/LokiPlayerRespawnComponent.as,,suspect_short,5
0x075f3e,483134,2,A,6,A_modules,FFA/LokiPlayerRespawnComponent.as,,suspect_short,6
0x075ff2,483314,1,B,6,A_modules,FFA/LokiPlayerRespawnComponent.as,,identifier,J
0x07603e,483390,2,A,6,A_modules,FFA/LokiPlayerRespawnComponent.as,,suspect_short,7
0x076236,483894,9,B,14,A_modules,FFA/LokiPlayerRespawnComponent.as,,identifier,BeginPlay
0x076294,483988,21,B,26,A_modules,FFA/LokiPlayerRespawnComponent.as,,identifier,OnPlayerStartsCreated
0x076332,484146,21,B,26,A_modules,FFA/LokiPlayerRespawnComponent.as,,identifier,OnPlayerStartsCreated
0x07639c,484252,19,B,24,A_modules,FFA/LokiPlayerRespawnComponent.as,,identifier,OnRoundPhaseChanged
0x076408,484360,8,B,13,A_modules,FFA/LokiPlayerRespawnComponent.as,,identifier,NewPhase
0x076481,484481,2,A,6,A_modules,FFA/LokiPlayerRespawnComponent.as,,suspect_short,6
0x076521,484641,19,B,24,A_modules,FFA/LokiPlayerRespawnComponent.as,,identifier,OnRoundPhaseChanged
0x076589,484745,22,B,27,A_modules,FFA/LokiPlayerRespawnComponent.as,,identifier,CheckSetInitialRespawn
0x0766b0,485040,1,B,6,A_modules,FFA/LokiPlayerRespawnComponent.as,,identifier,J
0x076844,485444,20,B,25,A_modules,FFA/LokiPlayerRespawnComponent.as,,identifier,OnPlayerDisconnected
0x0768dd,485597,1,B,6,A_modules,FFA/LokiPlayerRespawnComponent.as,,identifier,J
0x076a55,485973,20,B,25,A_modules,FFA/LokiPlayerRespawnComponent.as,,identifier,OnPlayerDisconnected
0x076abe,486078,19,B,24,A_modules,FFA/LokiPlayerRespawnComponent.as,,identifier,Tick_Implementation
0x076b2a,486186,12,B,17,A_modules,FFA/LokiPlayerRespawnComponent.as,,identifier,DeltaSeconds
0x076ca3,486563,4,B,9,A_modules,FFA/LokiPlayerRespawnComponent.as,,identifier,Tick
0x076cfc,486652,21,B,26,A_modules,FFA/LokiPlayerRespawnComponent.as,,identifier,ShouldScheduleRespawn
0x076e4a,486986,1,B,6,A_modules,FFA/LokiPlayerRespawnComponent.as,,identifier,J
0x076eae,487086,1,B,6,A_modules,FFA/LokiPlayerRespawnComponent.as,,identifier,R
0x076f2e,487214,1,B,6,A_modules,FFA/LokiPlayerRespawnComponent.as,,identifier,R
0x077052,487506,21,B,26,A_modules,FFA/LokiPlayerRespawnComponent.as,,identifier,ShouldScheduleRespawn
0x0770bc,487612,13,B,18,A_modules,FFA/LokiPlayerRespawnComponent.as,,identifier,GetSpawnDelay
0x07718e,487822,28,B,33,A_modules,FFA/LokiPlayerRespawnComponent.as,,identifier,GetSpawnDelay_Implementation
0x077237,487991,13,B,18,A_modules,FFA/LokiPlayerRespawnComponent.as,,identifier,GetSpawnDelay
0x077299,488089,15,B,20,A_modules,FFA/LokiPlayerRespawnComponent.as,,identifier,ScheduleRespawn
0x07732d,488237,1,B,6,A_modules,FFA/LokiPlayerRespawnComponent.as,,identifier,J
0x0773e5,488421,15,B,20,A_modules,FFA/LokiPlayerRespawnComponent.as,,identifier,ScheduleRespawn
0x077449,488521,14,B,19,A_modules,FFA/LokiPlayerRespawnComponent.as,,identifier,SetRespawnTime
0x0774b0,488624,4,B,9,A_modules,FFA/LokiPlayerRespawnComponent.as,,identifier,Time
0x077571,488817,16,B,21,A_modules,FFA/LokiPlayerRespawnComponent.as,,identifier,IsRespawnTimeSet
0x07762a,489002,7,B,12,A_modules,FFA/LokiPlayerRespawnComponent.as,,identifier,Respawn
0x0776ce,489166,1,B,6,A_modules,FFA/LokiPlayerRespawnComponent.as,,identifier,J
0x0777a6,489382,1,B,6,A_modules,FFA/LokiPlayerRespawnComponent.as,,identifier,J
0x077802,489474,1,B,6,A_modules,FFA/LokiPlayerRespawnComponent.as,,identifier,J
0x077912,489746,18,B,23,A_modules,FFA/LokiPlayerRespawnComponent.as,,identifier,AuthRequestRespawn
0x0779c9,489929,33,B,38,A_modules,FFA/LokiPlayerRespawnComponent.as,,identifier,AuthRequestRespawn_Implementation
0x077a73,490099,18,B,23,A_modules,FFA/LokiPlayerRespawnComponent.as,,identifier,AuthRequestRespawn
0x077ada,490202,14,B,19,A_modules,FFA/LokiPlayerRespawnComponent.as,,internal_symbol,__InitDefaults
0x077bf9,490489,27,B,32,A_modules,FFA/LokiPlayerRespawnComponent.as,,identifier,ULokiPlayerRespawnComponent
0x077da1,490913,28,B,33,A_modules,FFA/LokiPlayerRespawnComponent.as,,other,~ULokiPlayerRespawnComponent
0x077e5e,491102,15,B,20,A_modules,FFA/LokiPlayerRespawnComponent.as,,identifier,UActorComponent
0x077e72,491122,29,B,34,A_modules,FFA/LokiPlayerRespawnComponent.as,,asset_path,/Script/Engine.ActorComponent
0x077eb4,491188,40,B,45,A_modules,FFA/LokiPlayerRespawnComponent.as,,statictype_alias,__StaticType_ULokiPlayerRespawnComponent
0x077ef5,491253,1,B,6,A_modules,FFA/LokiPlayerRespawnComponent.as,,suspect_short,(
0x077f6e,491374,33,B,38,A_modules,FFA/LokiPlayerRespawnComponent.as,,source_path,FFA/LokiPlayerRespawnComponent.as
0x077f98,491416,25,A,29,A_modules,FFA/LokiRespawnComponent.as,,dotted_name,FFA.LokiRespawnComponent
0x077fb5,491445,24,B,29,A_modules,FFA/LokiRespawnComponent.as,,dotted_name,FFA.LokiRespawnComponent
0x077fd6,491478,21,B,26,A_modules,FFA/LokiRespawnComponent.as,,identifier,ULokiRespawnComponent
0x07808c,491660,11,B,16,A_modules,FFA/LokiRespawnComponent.as,,identifier,StaticClass
0x07809c,491676,21,B,26,A_modules,FFA/LokiRespawnComponent.as,,identifier,ULokiRespawnComponent
0x07815a,491866,3,B,8,A_modules,FFA/LokiRespawnComponent.as,,identifier,Get
0x078162,491874,21,B,26,A_modules,FFA/LokiRespawnComponent.as,,identifier,ULokiRespawnComponent
0x0781f0,492016,5,B,10,A_modules,FFA/LokiRespawnComponent.as,,identifier,Actor
0x0781fa,492026,8,B,13,A_modules,FFA/LokiRespawnComponent.as,,identifier,WithName
0x07821b,492059,9,B,14,A_modules,FFA/LokiRespawnComponent.as,,default_arg_expr,NAME_None
0x0782a9,492201,11,B,16,A_modules,FFA/LokiRespawnComponent.as,,identifier,GetOrCreate
0x0782b9,492217,21,B,26,A_modules,FFA/LokiRespawnComponent.as,,identifier,ULokiRespawnComponent
0x078347,492359,5,B,10,A_modules,FFA/LokiRespawnComponent.as,,identifier,Actor
0x078351,492369,8,B,13,A_modules,FFA/LokiRespawnComponent.as,,identifier,WithName
0x078372,492402,9,B,14,A_modules,FFA/LokiRespawnComponent.as,,default_arg_expr,NAME_None
0x078400,492544,6,B,11,A_modules,FFA/LokiRespawnComponent.as,,identifier,Create
0x07840b,492555,21,B,26,A_modules,FFA/LokiRespawnComponent.as,,identifier,ULokiRespawnComponent
0x078499,492697,5,B,10,A_modules,FFA/LokiRespawnComponent.as,,identifier,Actor
0x0784a3,492707,8,B,13,A_modules,FFA/LokiRespawnComponent.as,,identifier,WithName
0x0784c4,492740,9,B,14,A_modules,FFA/LokiRespawnComponent.as,,default_arg_expr,NAME_None
0x078556,492886,21,B,26,A_modules,FFA/LokiRespawnComponent.as,,identifier,ULokiRespawnComponent
0x07857c,492924,6,B,11,A_modules,FFA/LokiRespawnComponent.as,,identifier,Starts
0x0785ff,493055,10,B,15,A_modules,FFA/LokiRespawnComponent.as,,identifier,StartIndex
0x078686,493190,12,B,17,A_modules,FFA/LokiRespawnComponent.as,,identifier,BarrierActor
0x07870f,493327,13,B,18,A_modules,FFA/LokiRespawnComponent.as,,identifier,OnSpawnEffect
0x078799,493465,20,B,25,A_modules,FFA/LokiRespawnComponent.as,,identifier,NonSpawningBotStates
0x07882a,493610,22,B,27,A_modules,FFA/LokiRespawnComponent.as,,identifier,HumansBeforeBotDespawn
0x0788bd,493757,11,B,16,A_modules,FFA/LokiRespawnComponent.as,,identifier,SpawnRadius
0x078945,493893,10,B,15,A_modules,FFA/LokiRespawnComponent.as,,identifier,SpawnIndex
0x0789cc,494028,22,B,27,A_modules,FFA/LokiRespawnComponent.as,,identifier,HasCreatedPlayerStarts
0x078a5f,494175,21,B,26,A_modules,FFA/LokiRespawnComponent.as,,identifier,OnPlayerStartsCreated
0x078af5,494325,19,B,24,A_modules,FFA/LokiRespawnComponent.as,,identifier,Tick_Implementation
0x078b61,494433,12,B,17,A_modules,FFA/LokiRespawnComponent.as,,identifier,DeltaSeconds
0x078c4e,494670,4,B,9,A_modules,FFA/LokiRespawnComponent.as,,identifier,Tick
0x078ca7,494759,24,B,29,A_modules,FFA/LokiRespawnComponent.as,,identifier,BeginPlay_Implementation
0x078d70,494960,2,A,6,A_modules,FFA/LokiRespawnComponent.as,,suspect_short,9
0x078e0c,495116,9,B,14,A_modules,FFA/LokiRespawnComponent.as,,identifier,BeginPlay
0x078e6a,495210,20,B,25,A_modules,FFA/LokiRespawnComponent.as,,identifier,GeneratePlayerStarts
0x078f47,495431,35,B,40,A_modules,FFA/LokiRespawnComponent.as,,identifier,GeneratePlayerStarts_Implementation
0x078fcb,495563,2,A,6,A_modules,FFA/LokiRespawnComponent.as,,suspect_short,:
0x0791f7,496119,20,B,25,A_modules,FFA/LokiRespawnComponent.as,,identifier,GeneratePlayerStarts
0x079260,496224,14,B,19,A_modules,FFA/LokiRespawnComponent.as,,identifier,OnPlayerKilled
0x0792c7,496327,4,B,9,A_modules,FFA/LokiRespawnComponent.as,,identifier,Data
0x07966c,497260,14,B,19,A_modules,FFA/LokiRespawnComponent.as,,identifier,OnPlayerKilled
0x0796cf,497359,19,B,24,A_modules,FFA/LokiRespawnComponent.as,,identifier,GetValidPlayerStart
0x07973b,497467,2,B,7,A_modules,FFA/LokiRespawnComponent.as,,identifier,PS
0x07983a,497722,34,B,39,A_modules,FFA/LokiRespawnComponent.as,,identifier,GetValidPlayerStart_Implementation
0x0798b5,497845,2,B,7,A_modules,FFA/LokiRespawnComponent.as,,identifier,PS
0x0798e8,497896,1,B,6,A_modules,FFA/LokiRespawnComponent.as,,suspect_short,0
0x079990,498064,2,A,6,A_modules,FFA/LokiRespawnComponent.as,,suspect_short,!
0x0799c8,498120,19,B,24,A_modules,FFA/LokiRespawnComponent.as,,identifier,GetValidPlayerStart
0x079a30,498224,22,B,27,A_modules,FFA/LokiRespawnComponent.as,,identifier,GetRandomPointInCircle
0x079a9f,498335,6,B,11,A_modules,FFA/LokiRespawnComponent.as,,identifier,Radius
0x079b4e,498510,22,B,27,A_modules,FFA/LokiRespawnComponent.as,,identifier,GetRandomPointInCircle
0x079bb9,498617,7,B,12,A_modules,FFA/LokiRespawnComponent.as,,identifier,Respawn
0x079c19,498713,2,B,7,A_modules,FFA/LokiRespawnComponent.as,,identifier,PS
0x07a014,499732,7,B,12,A_modules,FFA/LokiRespawnComponent.as,,identifier,Respawn
0x07a070,499824,14,B,19,A_modules,FFA/LokiRespawnComponent.as,,identifier,ShouldSpawnBot
0x07a1c3,500163,1,B,6,A_modules,FFA/LokiRespawnComponent.as,,suspect_short,%
0x07a337,500535,8,B,13,A_modules,FFA/LokiRespawnComponent.as,,identifier,OnLogout
0x07a398,500632,17,B,22,A_modules,FFA/LokiRespawnComponent.as,,identifier,ExitingController
0x07a65e,501342,8,B,13,A_modules,FFA/LokiRespawnComponent.as,,identifier,OnLogout
0x07a6bb,501435,25,B,30,A_modules,FFA/LokiRespawnComponent.as,,identifier,GetPlayerRespawnComponent
0x07a72d,501549,2,B,7,A_modules,FFA/LokiRespawnComponent.as,,identifier,PS
0x07a7b0,501680,1,B,6,A_modules,FFA/LokiRespawnComponent.as,,identifier,J
0x07a83c,501820,23,B,28,A_modules,FFA/LokiRespawnComponent.as,,identifier,FindFurthestPlayerStart
0x07aaf4,502516,1,B,6,A_modules,FFA/LokiRespawnComponent.as,,suspect_short,0
0x07ad08,503048,2,A,6,A_modules,FFA/LokiRespawnComponent.as,,identifier,Q
0x07ad8c,503180,1,B,6,A_modules,FFA/LokiRespawnComponent.as,,suspect_short,0
0x07b198,504216,23,B,28,A_modules,FFA/LokiRespawnComponent.as,,identifier,FindFurthestPlayerStart
0x07b204,504324,14,B,19,A_modules,FFA/LokiRespawnComponent.as,,internal_symbol,__InitDefaults
0x07b2fb,504571,21,B,26,A_modules,FFA/LokiRespawnComponent.as,,identifier,ULokiRespawnComponent
0x07b4b5,505013,22,B,27,A_modules,FFA/LokiRespawnComponent.as,,other,~ULokiRespawnComponent
0x07b59c,505244,15,B,20,A_modules,FFA/LokiRespawnComponent.as,,identifier,UActorComponent
0x07b5b0,505264,29,B,34,A_modules,FFA/LokiRespawnComponent.as,,asset_path,/Script/Engine.ActorComponent
0x07b5f2,505330,34,B,39,A_modules,FFA/LokiRespawnComponent.as,,statictype_alias,__StaticType_ULokiRespawnComponent
0x07b62d,505389,1,B,6,A_modules,FFA/LokiRespawnComponent.as,,suspect_short,""""
0x07b6a0,505504,27,B,32,A_modules,FFA/LokiRespawnComponent.as,,source_path,FFA/LokiRespawnComponent.as
0x07b6c4,505540,23,A,27,A_modules,FFA/RespawnTimerWidget.as,,dotted_name,FFA.RespawnTimerWidget
0x07b6df,505567,22,B,27,A_modules,FFA/RespawnTimerWidget.as,,dotted_name,FFA.RespawnTimerWidget
0x07b6fe,505598,19,B,24,A_modules,FFA/RespawnTimerWidget.as,,identifier,URespawnTimerWidget
0x07b7b2,505778,11,B,16,A_modules,FFA/RespawnTimerWidget.as,,identifier,StaticClass
0x07b7c2,505794,19,B,24,A_modules,FFA/RespawnTimerWidget.as,,identifier,URespawnTimerWidget
0x07b882,505986,19,B,24,A_modules,FFA/RespawnTimerWidget.as,,identifier,URespawnTimerWidget
0x07b8a6,506022,3,B,8,A_modules,FFA/RespawnTimerWidget.as,,identifier,PSC
0x07b92a,506154,24,B,29,A_modules,FFA/RespawnTimerWidget.as,,identifier,Construct_Implementation
0x07b997,506263,2,A,6,A_modules,FFA/RespawnTimerWidget.as,0x26e653c2fc0,suspect_short,<
0x07ba4b,506443,9,B,14,A_modules,FFA/RespawnTimerWidget.as,,identifier,Construct
0x07baa9,506537,21,B,26,A_modules,FFA/RespawnTimerWidget.as,,identifier,OnPlayerStateAssigned
0x07bb17,506647,11,B,16,A_modules,FFA/RespawnTimerWidget.as,,identifier,PlayerState
0x07bba3,506787,1,B,6,A_modules,FFA/RespawnTimerWidget.as,,identifier,J
0x07bbe3,506851,2,A,6,A_modules,FFA/RespawnTimerWidget.as,,suspect_short,=
0x07bcbb,507067,21,B,26,A_modules,FFA/RespawnTimerWidget.as,,identifier,OnPlayerStateAssigned
0x07bd25,507173,19,B,24,A_modules,FFA/RespawnTimerWidget.as,,identifier,Tick_Implementation
0x07bdb5,507317,10,B,15,A_modules,FFA/RespawnTimerWidget.as,,identifier,MyGeometry
0x07bdc4,507332,11,B,16,A_modules,FFA/RespawnTimerWidget.as,,identifier,InDeltaTime
0x07bea0,507552,4,B,9,A_modules,FFA/RespawnTimerWidget.as,,identifier,Tick
0x07bef9,507641,15,B,20,A_modules,FFA/RespawnTimerWidget.as,,identifier,UpdateTimerText
0x07bf61,507745,16,B,21,A_modules,FFA/RespawnTimerWidget.as,,identifier,TimeUntilRespawn
0x07bffe,507902,30,B,35,A_modules,FFA/RespawnTimerWidget.as,,identifier,UpdateTimerText_Implementation
0x07c075,508021,16,B,21,A_modules,FFA/RespawnTimerWidget.as,,identifier,TimeUntilRespawn
0x07c0da,508122,15,B,20,A_modules,FFA/RespawnTimerWidget.as,,identifier,UpdateTimerText
0x07c13e,508222,20,B,25,A_modules,FFA/RespawnTimerWidget.as,,identifier,OnRespawnTimeUpdated
0x07c243,508483,20,B,25,A_modules,FFA/RespawnTimerWidget.as,,identifier,OnRespawnTimeUpdated
0x07c2ac,508588,16,B,21,A_modules,FFA/RespawnTimerWidget.as,,identifier,OnRequestRespawn
0x07c395,508821,16,B,21,A_modules,FFA/RespawnTimerWidget.as,,identifier,OnRequestRespawn
0x07c42e,508974,19,B,24,A_modules,FFA/RespawnTimerWidget.as,,identifier,URespawnTimerWidget
0x07c522,509218,11,B,16,A_modules,FFA/RespawnTimerWidget.as,,identifier,UUserWidget
0x07c532,509234,22,B,27,A_modules,FFA/RespawnTimerWidget.as,,asset_path,/Script/UMG.UserWidget
0x07c56d,509293,32,B,37,A_modules,FFA/RespawnTimerWidget.as,,statictype_alias,__StaticType_URespawnTimerWidget
0x07c5a6,509350,1,B,6,A_modules,FFA/RespawnTimerWidget.as,,suspect_short, 
0x07c617,509463,25,B,30,A_modules,FFA/RespawnTimerWidget.as,,source_path,FFA/RespawnTimerWidget.as
0x07c639,509497,42,A,46,A_modules,GameMode/LokiGameMode_ExoticLootComponent.as,,dotted_name,GameMode.LokiGameMode_ExoticLootComponent
0x07c667,509543,41,B,46,A_modules,GameMode/LokiGameMode_ExoticLootComponent.as,,dotted_name,GameMode.LokiGameMode_ExoticLootComponent
0x07c699,509593,24,B,29,A_modules,GameMode/LokiGameMode_ExoticLootComponent.as,,identifier,ULokiExoticLootComponent
0x07c752,509778,11,B,16,A_modules,GameMode/LokiGameMode_ExoticLootComponent.as,,identifier,StaticClass
0x07c762,509794,24,B,29,A_modules,GameMode/LokiGameMode_ExoticLootComponent.as,,identifier,ULokiExoticLootComponent
0x07c823,509987,3,B,8,A_modules,GameMode/LokiGameMode_ExoticLootComponent.as,,identifier,Get
0x07c82b,509995,24,B,29,A_modules,GameMode/LokiGameMode_ExoticLootComponent.as,,identifier,ULokiExoticLootComponent
0x07c8bc,510140,5,B,10,A_modules,GameMode/LokiGameMode_ExoticLootComponent.as,,identifier,Actor
0x07c8c6,510150,8,B,13,A_modules,GameMode/LokiGameMode_ExoticLootComponent.as,,identifier,WithName
0x07c8e7,510183,9,B,14,A_modules,GameMode/LokiGameMode_ExoticLootComponent.as,,default_arg_expr,NAME_None
0x07c975,510325,11,B,16,A_modules,GameMode/LokiGameMode_ExoticLootComponent.as,,identifier,GetOrCreate
0x07c985,510341,24,B,29,A_modules,GameMode/LokiGameMode_ExoticLootComponent.as,,identifier,ULokiExoticLootComponent
0x07ca16,510486,5,B,10,A_modules,GameMode/LokiGameMode_ExoticLootComponent.as,,identifier,Actor
0x07ca20,510496,8,B,13,A_modules,GameMode/LokiGameMode_ExoticLootComponent.as,,identifier,WithName
0x07ca41,510529,9,B,14,A_modules,GameMode/LokiGameMode_ExoticLootComponent.as,,default_arg_expr,NAME_None
0x07cacf,510671,6,B,11,A_modules,GameMode/LokiGameMode_ExoticLootComponent.as,,identifier,Create
0x07cada,510682,24,B,29,A_modules,GameMode/LokiGameMode_ExoticLootComponent.as,,identifier,ULokiExoticLootComponent
0x07cb6b,510827,5,B,10,A_modules,GameMode/LokiGameMode_ExoticLootComponent.as,,identifier,Actor
0x07cb75,510837,8,B,13,A_modules,GameMode/LokiGameMode_ExoticLootComponent.as,,identifier,WithName
0x07cb96,510870,9,B,14,A_modules,GameMode/LokiGameMode_ExoticLootComponent.as,,default_arg_expr,NAME_None
0x07cc28,511016,24,B,29,A_modules,GameMode/LokiGameMode_ExoticLootComponent.as,,identifier,ULokiExoticLootComponent
0x07cc51,511057,14,B,19,A_modules,GameMode/LokiGameMode_ExoticLootComponent.as,,identifier,DayToLootTable
0x07cc98,511128,8,B,13,A_modules,GameMode/LokiGameMode_ExoticLootComponent.as,,identifier,Category
0x07cca9,511145,4,B,9,A_modules,GameMode/LokiGameMode_ExoticLootComponent.as,,identifier,Loot
0x07ccf2,511218,12,B,17,A_modules,GameMode/LokiGameMode_ExoticLootComponent.as,,identifier,DayToExotics
0x07cd33,511283,10,B,15,A_modules,GameMode/LokiGameMode_ExoticLootComponent.as,,identifier,RandomSeed
0x07cd76,511350,24,B,29,A_modules,GameMode/LokiGameMode_ExoticLootComponent.as,,identifier,BeginPlay_Implementation
0x07cf13,511763,9,B,14,A_modules,GameMode/LokiGameMode_ExoticLootComponent.as,,identifier,BeginPlay
0x07cf71,511857,25,B,30,A_modules,GameMode/LokiGameMode_ExoticLootComponent.as,,identifier,GetOneExoticForCurrentDay
0x07d347,512839,25,B,30,A_modules,GameMode/LokiGameMode_ExoticLootComponent.as,,identifier,GetOneExoticForCurrentDay
0x07d3b5,512949,15,B,20,A_modules,GameMode/LokiGameMode_ExoticLootComponent.as,,identifier,GenerateExotics
0x07d551,513361,18,B,23,A_modules,GameMode/LokiGameMode_ExoticLootComponent.as,,identifier,GenerateLootForDay
0x07d5bc,513468,3,B,8,A_modules,GameMode/LokiGameMode_ExoticLootComponent.as,,identifier,Day
0x07d8f0,514288,14,B,19,A_modules,GameMode/LokiGameMode_ExoticLootComponent.as,,internal_symbol,__InitDefaults
0x07d9df,514527,24,B,29,A_modules,GameMode/LokiGameMode_ExoticLootComponent.as,,identifier,ULokiExoticLootComponent
0x07db18,514840,25,B,30,A_modules,GameMode/LokiGameMode_ExoticLootComponent.as,,other,~ULokiExoticLootComponent
0x07dbea,515050,15,B,20,A_modules,GameMode/LokiGameMode_ExoticLootComponent.as,,identifier,UActorComponent
0x07dbfe,515070,29,B,34,A_modules,GameMode/LokiGameMode_ExoticLootComponent.as,,asset_path,/Script/Engine.ActorComponent
0x07dc40,515136,37,B,42,A_modules,GameMode/LokiGameMode_ExoticLootComponent.as,,statictype_alias,__StaticType_ULokiExoticLootComponent
0x07dc7a,515194,15,B,20,A_modules,GameMode/LokiGameMode_ExoticLootComponent.as,,identifier,FExoticItemList
0x07dc9a,515226,7,B,12,A_modules,GameMode/LokiGameMode_ExoticLootComponent.as,,identifier,Exotics
0x07dd3a,515386,15,B,20,A_modules,GameMode/LokiGameMode_ExoticLootComponent.as,,identifier,FExoticItemList
0x07de22,515618,16,B,21,A_modules,GameMode/LokiGameMode_ExoticLootComponent.as,,other,~FExoticItemList
0x07df13,515859,1,B,6,A_modules,GameMode/LokiGameMode_ExoticLootComponent.as,,suspect_short,%
0x07df89,515977,44,B,49,A_modules,GameMode/LokiGameMode_ExoticLootComponent.as,,source_path,GameMode/LokiGameMode_ExoticLootComponent.as
0x07dfbe,516030,54,A,58,A_modules,GameMode/DropPhase/LokiDropPhase_PlayerStateComponent.as,,dotted_name,GameMode.DropPhase.LokiDropPhase_PlayerStateComponent
0x07dff8,516088,53,B,58,A_modules,GameMode/DropPhase/LokiDropPhase_PlayerStateComponent.as,,dotted_name,GameMode.DropPhase.LokiDropPhase_PlayerStateComponent
0x07e036,516150,35,B,40,A_modules,GameMode/DropPhase/LokiDropPhase_PlayerStateComponent.as,,identifier,ULokiDropPhase_PlayerStateComponent
0x07e0fa,516346,11,B,16,A_modules,GameMode/DropPhase/LokiDropPhase_PlayerStateComponent.as,,identifier,StaticClass
0x07e10a,516362,35,B,40,A_modules,GameMode/DropPhase/LokiDropPhase_PlayerStateComponent.as,,identifier,ULokiDropPhase_PlayerStateComponent
0x07e1d6,516566,3,B,8,A_modules,GameMode/DropPhase/LokiDropPhase_PlayerStateComponent.as,,identifier,Get
0x07e1de,516574,35,B,40,A_modules,GameMode/DropPhase/LokiDropPhase_PlayerStateComponent.as,,identifier,ULokiDropPhase_PlayerStateComponent
0x07e27a,516730,5,B,10,A_modules,GameMode/DropPhase/LokiDropPhase_PlayerStateComponent.as,,identifier,Actor
0x07e284,516740,8,B,13,A_modules,GameMode/DropPhase/LokiDropPhase_PlayerStateComponent.as,,identifier,WithName
0x07e2a5,516773,9,B,14,A_modules,GameMode/DropPhase/LokiDropPhase_PlayerStateComponent.as,,default_arg_expr,NAME_None
0x07e333,516915,11,B,16,A_modules,GameMode/DropPhase/LokiDropPhase_PlayerStateComponent.as,,identifier,GetOrCreate
0x07e343,516931,35,B,40,A_modules,GameMode/DropPhase/LokiDropPhase_PlayerStateComponent.as,,identifier,ULokiDropPhase_PlayerStateComponent
0x07e3df,517087,5,B,10,A_modules,GameMode/DropPhase/LokiDropPhase_PlayerStateComponent.as,,identifier,Actor
0x07e3e9,517097,8,B,13,A_modules,GameMode/DropPhase/LokiDropPhase_PlayerStateComponent.as,,identifier,WithName
0x07e40a,517130,9,B,14,A_modules,GameMode/DropPhase/LokiDropPhase_PlayerStateComponent.as,,default_arg_expr,NAME_None
0x07e498,517272,6,B,11,A_modules,GameMode/DropPhase/LokiDropPhase_PlayerStateComponent.as,,identifier,Create
0x07e4a3,517283,35,B,40,A_modules,GameMode/DropPhase/LokiDropPhase_PlayerStateComponent.as,,identifier,ULokiDropPhase_PlayerStateComponent
0x07e53f,517439,5,B,10,A_modules,GameMode/DropPhase/LokiDropPhase_PlayerStateComponent.as,,identifier,Actor
0x07e549,517449,8,B,13,A_modules,GameMode/DropPhase/LokiDropPhase_PlayerStateComponent.as,,identifier,WithName
0x07e56a,517482,9,B,14,A_modules,GameMode/DropPhase/LokiDropPhase_PlayerStateComponent.as,,default_arg_expr,NAME_None
0x07e5f8,517624,1,B,6,A_modules,GameMode/DropPhase/LokiDropPhase_PlayerStateComponent.as,,suspect_short,#
0x07e630,517680,14,B,19,A_modules,GameMode/DropPhase/LokiDropPhase_PlayerStateComponent.as,,identifier,MaxHeightRange
0x07e673,517747,34,B,39,A_modules,GameMode/DropPhase/LokiDropPhase_PlayerStateComponent.as,,identifier,MinimumTargetLocationMovementSpeed
0x07e6ca,517834,34,B,39,A_modules,GameMode/DropPhase/LokiDropPhase_PlayerStateComponent.as,,identifier,MaximumTargetLocationMovementSpeed
0x07e721,517921,26,B,31,A_modules,GameMode/DropPhase/LokiDropPhase_PlayerStateComponent.as,,identifier,PodDetachFromLeaderMinTime
0x07e770,518000,26,B,31,A_modules,GameMode/DropPhase/LokiDropPhase_PlayerStateComponent.as,,identifier,PodDetachFromLeaderMaxTime
0x07e7bf,518079,26,B,31,A_modules,GameMode/DropPhase/LokiDropPhase_PlayerStateComponent.as,,identifier,bDropPhaseControlsDisabled
0x07e80e,518158,22,B,27,A_modules,GameMode/DropPhase/LokiDropPhase_PlayerStateComponent.as,,identifier,bCanSelectDropLocation
0x07e859,518233,20,B,25,A_modules,GameMode/DropPhase/LokiDropPhase_PlayerStateComponent.as,,identifier,TargetMovespeedDelta
0x07e8a2,518306,23,B,28,A_modules,GameMode/DropPhase/LokiDropPhase_PlayerStateComponent.as,,identifier,NetworkUpdateFrequencey
0x07e8ee,518382,24,B,29,A_modules,GameMode/DropPhase/LokiDropPhase_PlayerStateComponent.as,,identifier,BufferedDestinationDelta
0x07e93b,518459,12,B,17,A_modules,GameMode/DropPhase/LokiDropPhase_PlayerStateComponent.as,,identifier,DropPodActor
0x07e97c,518524,31,B,36,A_modules,GameMode/DropPhase/LokiDropPhase_PlayerStateComponent.as,,identifier,PodSteeringEventListenerHanddle
0x07e9d0,518608,19,B,24,A_modules,GameMode/DropPhase/LokiDropPhase_PlayerStateComponent.as,,identifier,bPodSteeringEnabled
0x07ea18,518680,20,B,25,A_modules,GameMode/DropPhase/LokiDropPhase_PlayerStateComponent.as,,identifier,bPodDetachingEnabled
0x07ea61,518753,12,B,17,A_modules,GameMode/DropPhase/LokiDropPhase_PlayerStateComponent.as,,identifier,bIgnoreInput
0x07eaa2,518818,20,B,25,A_modules,GameMode/DropPhase/LokiDropPhase_PlayerStateComponent.as,,identifier,bAlwaysUpdateNetwork
0x07eaeb,518891,27,B,32,A_modules,GameMode/DropPhase/LokiDropPhase_PlayerStateComponent.as,,identifier,NetworkUpdateFrequencyTimer
0x07eb3b,518971,22,B,27,A_modules,GameMode/DropPhase/LokiDropPhase_PlayerStateComponent.as,,identifier,INVALID_MOVEMENT_VALUE
0x07eb86,519046,20,B,25,A_modules,GameMode/DropPhase/LokiDropPhase_PlayerStateComponent.as,,identifier,MovementForwardValue
0x07ebcf,519119,18,B,23,A_modules,GameMode/DropPhase/LokiDropPhase_PlayerStateComponent.as,,identifier,MovementRightValue
0x07ec16,519190,17,B,22,A_modules,GameMode/DropPhase/LokiDropPhase_PlayerStateComponent.as,,identifier,CurrMoveDirection
0x07ec5c,519260,22,B,27,A_modules,GameMode/DropPhase/LokiDropPhase_PlayerStateComponent.as,,identifier,CrewPodDetachStartTime
0x07eca7,519335,22,B,27,A_modules,GameMode/DropPhase/LokiDropPhase_PlayerStateComponent.as,,identifier,bPodIsAttachedToLeader
0x07ecf2,519410,20,B,25,A_modules,GameMode/DropPhase/LokiDropPhase_PlayerStateComponent.as,,identifier,DetachInputStartTime
0x07ed3b,519483,22,B,27,A_modules,GameMode/DropPhase/LokiDropPhase_PlayerStateComponent.as,,identifier,CurrTotalTimeForDetach
0x07ed8a,519562,42,B,47,A_modules,GameMode/DropPhase/LokiDropPhase_PlayerStateComponent.as,,identifier,OnSelectDropLocationStarted_Implementation
0x07eea1,519841,27,B,32,A_modules,GameMode/DropPhase/LokiDropPhase_PlayerStateComponent.as,,identifier,OnSelectDropLocationStarted
0x07ef11,519953,33,B,38,A_modules,GameMode/DropPhase/LokiDropPhase_PlayerStateComponent.as,,identifier,OnEventRouterReady_Implementation
0x07ef8b,520075,6,B,11,A_modules,GameMode/DropPhase/LokiDropPhase_PlayerStateComponent.as,,identifier,Router
0x07efba,520122,2,A,6,A_modules,GameMode/DropPhase/LokiDropPhase_PlayerStateComponent.as,,suspect_short,>
0x07f056,520278,2,A,6,A_modules,GameMode/DropPhase/LokiDropPhase_PlayerStateComponent.as,,suspect_short,?
0x07f1b6,520630,18,B,23,A_modules,GameMode/DropPhase/LokiDropPhase_PlayerStateComponent.as,,identifier,OnEventRouterReady
0x07f21d,520733,40,B,45,A_modules,GameMode/DropPhase/LokiDropPhase_PlayerStateComponent.as,,identifier,OnSelectDropLocationEnded_Implementation
0x07f332,521010,25,B,30,A_modules,GameMode/DropPhase/LokiDropPhase_PlayerStateComponent.as,,identifier,OnSelectDropLocationEnded
0x07f3a0,521120,31,B,36,A_modules,GameMode/DropPhase/LokiDropPhase_PlayerStateComponent.as,,identifier,OnDropPodStarted_Implementation
0x07f418,521240,8,B,13,A_modules,GameMode/DropPhase/LokiDropPhase_PlayerStateComponent.as,,identifier,PodActor
0x07f469,521321,1,B,6,A_modules,GameMode/DropPhase/LokiDropPhase_PlayerStateComponent.as,,identifier,J
0x07f5dd,521693,16,B,21,A_modules,GameMode/DropPhase/LokiDropPhase_PlayerStateComponent.as,,identifier,OnDropPodStarted
0x07f642,521794,25,B,30,A_modules,GameMode/DropPhase/LokiDropPhase_PlayerStateComponent.as,,identifier,OnDropPodStartedWithPilot
0x07f7a4,522148,2,A,6,A_modules,GameMode/DropPhase/LokiDropPhase_PlayerStateComponent.as,,suspect_short,@
0x07f888,522376,25,B,30,A_modules,GameMode/DropPhase/LokiDropPhase_PlayerStateComponent.as,,identifier,OnDropPodStartedWithPilot
0x07f8f6,522486,21,B,26,A_modules,GameMode/DropPhase/LokiDropPhase_PlayerStateComponent.as,,identifier,GetInputTimeForDetach
0x07fa78,522872,16,B,21,A_modules,GameMode/DropPhase/LokiDropPhase_PlayerStateComponent.as,,identifier,OnAllowPodDetach
0x07fb0d,523021,1,B,6,A_modules,GameMode/DropPhase/LokiDropPhase_PlayerStateComponent.as,,identifier,J
0x07fc49,523337,16,B,21,A_modules,GameMode/DropPhase/LokiDropPhase_PlayerStateComponent.as,,identifier,OnAllowPodDetach
0x07fcae,523438,29,B,34,A_modules,GameMode/DropPhase/LokiDropPhase_PlayerStateComponent.as,,identifier,OnDropPodEnded_Implementation
0x07fe5c,523868,14,B,19,A_modules,GameMode/DropPhase/LokiDropPhase_PlayerStateComponent.as,,identifier,OnDropPodEnded
0x07febf,523967,20,B,25,A_modules,GameMode/DropPhase/LokiDropPhase_PlayerStateComponent.as,,identifier,OnPodSteeringEnabled
0x07ff50,524112,5,B,10,A_modules,GameMode/DropPhase/LokiDropPhase_PlayerStateComponent.as,,identifier,Event
0x07ff5a,524122,9,B,14,A_modules,GameMode/DropPhase/LokiDropPhase_PlayerStateComponent.as,,identifier,EventType
0x080090,524432,1,B,6,A_modules,GameMode/DropPhase/LokiDropPhase_PlayerStateComponent.as,,identifier,J
0x0801d4,524756,20,B,25,A_modules,GameMode/DropPhase/LokiDropPhase_PlayerStateComponent.as,,identifier,OnPodSteeringEnabled
0x08023d,524861,16,B,21,A_modules,GameMode/DropPhase/LokiDropPhase_PlayerStateComponent.as,,identifier,TryStartSteering
0x080352,525138,19,B,24,A_modules,GameMode/DropPhase/LokiDropPhase_PlayerStateComponent.as,,identifier,Tick_Implementation
0x0803be,525246,12,B,17,A_modules,GameMode/DropPhase/LokiDropPhase_PlayerStateComponent.as,,identifier,DeltaSeconds
0x08046b,525419,4,B,9,A_modules,GameMode/DropPhase/LokiDropPhase_PlayerStateComponent.as,,identifier,Tick
0x0804c4,525508,37,B,42,A_modules,GameMode/DropPhase/LokiDropPhase_PlayerStateComponent.as,,identifier,OnForwardMovementInput_Implementation
0x080542,525634,12,B,17,A_modules,GameMode/DropPhase/LokiDropPhase_PlayerStateComponent.as,,identifier,ForwardValue
0x0805fb,525819,22,B,27,A_modules,GameMode/DropPhase/LokiDropPhase_PlayerStateComponent.as,,identifier,OnForwardMovementInput
0x080666,525926,35,B,40,A_modules,GameMode/DropPhase/LokiDropPhase_PlayerStateComponent.as,,identifier,OnRightMovementInput_Implementation
0x0806e2,526050,10,B,15,A_modules,GameMode/DropPhase/LokiDropPhase_PlayerStateComponent.as,,identifier,RightValue
0x080799,526233,20,B,25,A_modules,GameMode/DropPhase/LokiDropPhase_PlayerStateComponent.as,,identifier,OnRightMovementInput
0x080802,526338,16,B,21,A_modules,GameMode/DropPhase/LokiDropPhase_PlayerStateComponent.as,,identifier,OnGameAugmentSet
0x08088f,526479,5,B,10,A_modules,GameMode/DropPhase/LokiDropPhase_PlayerStateComponent.as,,identifier,Event
0x080899,526489,9,B,14,A_modules,GameMode/DropPhase/LokiDropPhase_PlayerStateComponent.as,,identifier,EventType
0x080a03,526851,16,B,21,A_modules,GameMode/DropPhase/LokiDropPhase_PlayerStateComponent.as,,identifier,OnGameAugmentSet
0x080a68,526952,13,B,18,A_modules,GameMode/DropPhase/LokiDropPhase_PlayerStateComponent.as,,identifier,IsLocalClient
0x080b1a,527130,1,B,6,A_modules,GameMode/DropPhase/LokiDropPhase_PlayerStateComponent.as,,identifier,J
0x080be2,527330,24,B,29,A_modules,GameMode/DropPhase/LokiDropPhase_PlayerStateComponent.as,,identifier,UpdateDropLocationCursor
0x080c7f,527487,1,B,6,A_modules,GameMode/DropPhase/LokiDropPhase_PlayerStateComponent.as,,identifier,J
0x080cdb,527579,1,B,6,A_modules,GameMode/DropPhase/LokiDropPhase_PlayerStateComponent.as,,identifier,J
0x080fcf,528335,15,B,20,A_modules,GameMode/DropPhase/LokiDropPhase_PlayerStateComponent.as,,identifier,ProcessMovement
0x08122f,528943,16,B,21,A_modules,GameMode/DropPhase/LokiDropPhase_PlayerStateComponent.as,,identifier,UpdatePodControl
0x081298,529048,13,B,18,A_modules,GameMode/DropPhase/LokiDropPhase_PlayerStateComponent.as,,identifier,MoveDirection
0x08133a,529210,1,B,6,A_modules,GameMode/DropPhase/LokiDropPhase_PlayerStateComponent.as,,identifier,J
0x0816b2,530098,24,B,29,A_modules,GameMode/DropPhase/LokiDropPhase_PlayerStateComponent.as,,identifier,CalculateDetachDirection
0x081747,530247,20,B,25,A_modules,GameMode/DropPhase/LokiDropPhase_PlayerStateComponent.as,,identifier,ForwardMovementValue
0x081760,530272,18,B,23,A_modules,GameMode/DropPhase/LokiDropPhase_PlayerStateComponent.as,,identifier,RightMovementValue
0x081843,530499,1,B,6,A_modules,GameMode/DropPhase/LokiDropPhase_PlayerStateComponent.as,,identifier,R
0x081873,530547,2,A,6,A_modules,GameMode/DropPhase/LokiDropPhase_PlayerStateComponent.as,,identifier,P
0x081a57,531031,19,B,24,A_modules,GameMode/DropPhase/LokiDropPhase_PlayerStateComponent.as,,identifier,DetachPodFromLeader
0x081ac3,531139,13,B,18,A_modules,GameMode/DropPhase/LokiDropPhase_PlayerStateComponent.as,,identifier,MoveDirection
0x081b51,531281,1,B,6,A_modules,GameMode/DropPhase/LokiDropPhase_PlayerStateComponent.as,,identifier,J
0x081c2d,531501,25,B,30,A_modules,GameMode/DropPhase/LokiDropPhase_PlayerStateComponent.as,,identifier,ServerDetachPodFromLeader
0x081c9f,531615,13,B,18,A_modules,GameMode/DropPhase/LokiDropPhase_PlayerStateComponent.as,,identifier,MoveDirection
0x081d39,531769,40,B,45,A_modules,GameMode/DropPhase/LokiDropPhase_PlayerStateComponent.as,,identifier,ServerDetachPodFromLeader_Implementation
0x081dba,531898,13,B,18,A_modules,GameMode/DropPhase/LokiDropPhase_PlayerStateComponent.as,,identifier,MoveDirection
0x081e24,532004,1,B,6,A_modules,GameMode/DropPhase/LokiDropPhase_PlayerStateComponent.as,,identifier,J
0x081ed8,532184,25,B,30,A_modules,GameMode/DropPhase/LokiDropPhase_PlayerStateComponent.as,,identifier,ServerDetachPodFromLeader
0x081f46,532294,17,B,22,A_modules,GameMode/DropPhase/LokiDropPhase_PlayerStateComponent.as,,identifier,HasDropPodControl
0x08203c,532540,1,B,6,A_modules,GameMode/DropPhase/LokiDropPhase_PlayerStateComponent.as,,identifier,J
0x0820a0,532640,2,A,6,A_modules,GameMode/DropPhase/LokiDropPhase_PlayerStateComponent.as,,identifier,R
0x082128,532776,17,B,22,A_modules,GameMode/DropPhase/LokiDropPhase_PlayerStateComponent.as,,identifier,UpdatePodMovement
0x082192,532882,13,B,18,A_modules,GameMode/DropPhase/LokiDropPhase_PlayerStateComponent.as,,identifier,MoveDirection
0x0821d4,532948,1,B,6,A_modules,GameMode/DropPhase/LokiDropPhase_PlayerStateComponent.as,,suspect_short,5
0x0822b8,533176,23,B,28,A_modules,GameMode/DropPhase/LokiDropPhase_PlayerStateComponent.as,,identifier,ServerUpdatePodMovement
0x082328,533288,13,B,18,A_modules,GameMode/DropPhase/LokiDropPhase_PlayerStateComponent.as,,identifier,MoveDirection
0x0823c2,533442,38,B,43,A_modules,GameMode/DropPhase/LokiDropPhase_PlayerStateComponent.as,,identifier,ServerUpdatePodMovement_Implementation
0x082441,533569,13,B,18,A_modules,GameMode/DropPhase/LokiDropPhase_PlayerStateComponent.as,,identifier,MoveDirection
0x082513,533779,23,B,28,A_modules,GameMode/DropPhase/LokiDropPhase_PlayerStateComponent.as,,identifier,ServerUpdatePodMovement
0x08257f,533887,14,B,19,A_modules,GameMode/DropPhase/LokiDropPhase_PlayerStateComponent.as,,internal_symbol,__InitDefaults
0x08261a,534042,4,B,9,A_modules,GameMode/DropPhase/LokiDropPhase_PlayerStateComponent.as,,other,~t0/
0x0826ae,534190,1,B,6,A_modules,GameMode/DropPhase/LokiDropPhase_PlayerStateComponent.as,0x26e5fa3f100,suspect_short,#
0x0829b2,534962,1,B,6,A_modules,GameMode/DropPhase/LokiDropPhase_PlayerStateComponent.as,,suspect_short,$
0x082a93,535187,29,B,34,A_modules,GameMode/DropPhase/LokiDropPhase_PlayerStateComponent.as,,identifier,ULokiPlayerDropPlaneComponent
0x082ab5,535221,41,B,46,A_modules,GameMode/DropPhase/LokiDropPhase_PlayerStateComponent.as,,asset_path,/Script/Loki.LokiPlayerDropPlaneComponent
0x082b03,535299,48,B,53,A_modules,GameMode/DropPhase/LokiDropPhase_PlayerStateComponent.as,,statictype_alias,__StaticType_ULokiDropPhase_PlayerStateComponent
0x082b4c,535372,1,B,6,A_modules,GameMode/DropPhase/LokiDropPhase_PlayerStateComponent.as,,suspect_short,0
0x082bcd,535501,56,B,61,A_modules,GameMode/DropPhase/LokiDropPhase_PlayerStateComponent.as,,source_path,GameMode/DropPhase/LokiDropPhase_PlayerStateComponent.as
0x082c0e,535566,31,A,35,A_modules,GameMode/DropPhase/LokiDropPod.as,,dotted_name,GameMode.DropPhase.LokiDropPod
0x082c31,535601,30,B,35,A_modules,GameMode/DropPhase/LokiDropPod.as,,dotted_name,GameMode.DropPhase.LokiDropPod
0x082c58,535640,12,B,17,A_modules,GameMode/DropPhase/LokiDropPod.as,,identifier,ALokiDropPod
0x082d05,535813,11,B,16,A_modules,GameMode/DropPhase/LokiDropPod.as,,identifier,StaticClass
0x082d15,535829,12,B,17,A_modules,GameMode/DropPhase/LokiDropPod.as,,identifier,ALokiDropPod
0x082dca,536010,5,B,10,A_modules,GameMode/DropPhase/LokiDropPod.as,,identifier,Spawn
0x082dd4,536020,12,B,17,A_modules,GameMode/DropPhase/LokiDropPod.as,,identifier,ALokiDropPod
0x082ec5,536261,8,B,13,A_modules,GameMode/DropPhase/LokiDropPod.as,,identifier,Location
0x082ed2,536274,8,B,13,A_modules,GameMode/DropPhase/LokiDropPod.as,,identifier,Rotation
0x082edf,536287,4,B,9,A_modules,GameMode/DropPhase/LokiDropPod.as,,identifier,Name
0x082ee8,536296,14,B,19,A_modules,GameMode/DropPhase/LokiDropPod.as,,identifier,bDeferredSpawn
0x082efb,536315,5,B,10,A_modules,GameMode/DropPhase/LokiDropPod.as,,identifier,Level
0x082f21,536353,21,B,26,A_modules,GameMode/DropPhase/LokiDropPod.as,,default_arg_expr,FVector :: ZeroVector
0x082f3b,536379,23,B,28,A_modules,GameMode/DropPhase/LokiDropPod.as,,default_arg_expr,FRotator :: ZeroRotator
0x082f57,536407,9,B,14,A_modules,GameMode/DropPhase/LokiDropPod.as,,default_arg_expr,NAME_None
0x082f65,536421,5,B,10,A_modules,GameMode/DropPhase/LokiDropPod.as,,default_arg_expr,false
0x082f6f,536431,7,B,12,A_modules,GameMode/DropPhase/LokiDropPod.as,,default_arg_expr,nullptr
0x08300b,536587,1,B,6,A_modules,GameMode/DropPhase/LokiDropPod.as,,identifier,J
0x08309b,536731,18,B,23,A_modules,GameMode/DropPhase/LokiDropPod.as,,identifier,FLokiPodDetachData
0x0830be,536766,18,B,23,A_modules,GameMode/DropPhase/LokiDropPod.as,,identifier,PodDetachDirection
0x08314d,536909,22,B,27,A_modules,GameMode/DropPhase/LokiDropPod.as,,identifier,PodDetachStartLocation
0x0831e0,537056,25,B,30,A_modules,GameMode/DropPhase/LokiDropPod.as,,identifier,LeaderDetachStartLocation
0x083276,537206,15,B,20,A_modules,GameMode/DropPhase/LokiDropPod.as,,identifier,CrewDetachState
0x083302,537346,13,B,18,A_modules,GameMode/DropPhase/LokiDropPod.as,,identifier,MoveDirection
0x0833a8,537512,18,B,23,A_modules,GameMode/DropPhase/LokiDropPod.as,,identifier,FLokiPodDetachData
0x083553,537939,12,B,17,A_modules,GameMode/DropPhase/LokiDropPod.as,,identifier,ALokiDropPod
0x083570,537968,16,B,21,A_modules,GameMode/DropPhase/LokiDropPod.as,,identifier,CrewDropPodClass
0x0835fd,538109,20,B,25,A_modules,GameMode/DropPhase/LokiDropPod.as,,identifier,ImpactIndicatorClass
0x08368e,538254,25,B,30,A_modules,GameMode/DropPhase/LokiDropPod.as,,identifier,GroundLaserIndicatorClass
0x083724,538404,19,B,24,A_modules,GameMode/DropPhase/LokiDropPod.as,,identifier,InitialDropPodSpeed
0x0837b4,538548,22,B,27,A_modules,GameMode/DropPhase/LokiDropPod.as,,identifier,IntroSequenceTotalTime
0x083847,538695,23,B,28,A_modules,GameMode/DropPhase/LokiDropPod.as,,identifier,TotalTimeForPodControls
0x0838db,538843,22,B,27,A_modules,GameMode/DropPhase/LokiDropPod.as,,identifier,OutroSequenceTotalTime
0x08396e,538990,28,B,33,A_modules,GameMode/DropPhase/LokiDropPod.as,,identifier,TotalPodDestructionDelayTime
0x083a07,539143,13,B,18,A_modules,GameMode/DropPhase/LokiDropPod.as,,identifier,OutroDistance
0x083a91,539281,18,B,23,A_modules,GameMode/DropPhase/LokiDropPod.as,,identifier,PodDetachTotalTime
0x083b20,539424,22,B,27,A_modules,GameMode/DropPhase/LokiDropPod.as,,identifier,PodDetachTotalDistance
0x083bb3,539571,16,B,21,A_modules,GameMode/DropPhase/LokiDropPod.as,,identifier,MaxSteerDistance
0x083c40,539712,25,B,30,A_modules,GameMode/DropPhase/LokiDropPod.as,,identifier,MaxNonLeaderSteerDistance
0x083cd6,539862,20,B,25,A_modules,GameMode/DropPhase/LokiDropPod.as,,identifier,IndicatorInterpSpeed
0x083d67,540007,31,B,36,A_modules,GameMode/DropPhase/LokiDropPod.as,,identifier,DetachingFromLeaderPodStartTime
0x083dbb,540091,34,B,39,A_modules,GameMode/DropPhase/LokiDropPod.as,,identifier,DisplayDropPhaseHiddenActorsHeight
0x083e5a,540250,10,B,15,A_modules,GameMode/DropPhase/LokiDropPod.as,,identifier,bIsCrewPod
0x083ee1,540385,15,B,20,A_modules,GameMode/DropPhase/LokiDropPod.as,,identifier,CrewPodBoneName
0x083f25,540453,17,B,22,A_modules,GameMode/DropPhase/LokiDropPod.as,,identifier,LeaderPodBoneName
0x083f6b,540523,19,B,24,A_modules,GameMode/DropPhase/LokiDropPod.as,,identifier,bPilotHasPodControl
0x083ffb,540667,16,B,21,A_modules,GameMode/DropPhase/LokiDropPod.as,,identifier,bIsTeamLeaderPod
0x084090,540816,12,B,17,A_modules,GameMode/DropPhase/LokiDropPod.as,,identifier,PodTeamIndex
0x084121,540961,19,B,24,A_modules,GameMode/DropPhase/LokiDropPod.as,,identifier,bIsLocalPlayerPilot
0x0841b1,541105,15,B,20,A_modules,GameMode/DropPhase/LokiDropPod.as,,identifier,ImpactIndicator
0x084245,541253,20,B,25,A_modules,GameMode/DropPhase/LokiDropPod.as,,identifier,GroundLaserIndicator
0x0842d6,541398,18,B,23,A_modules,GameMode/DropPhase/LokiDropPod.as,,identifier,CurrPodDestination
0x08436d,541549,16,B,21,A_modules,GameMode/DropPhase/LokiDropPod.as,,identifier,AttachedCrewPods
0x084402,541698,16,B,21,A_modules,GameMode/DropPhase/LokiDropPod.as,,identifier,bSteeringEnabled
0x084447,541767,17,B,22,A_modules,GameMode/DropPhase/LokiDropPod.as,,identifier,SteeringStartTime
0x08448d,541837,9,B,14,A_modules,GameMode/DropPhase/LokiDropPod.as,,identifier,LeaderPod
0x0844cf,541903,15,B,20,A_modules,GameMode/DropPhase/LokiDropPod.as,,identifier,ReplicatedUsing
0x0844e7,541927,15,B,20,A_modules,GameMode/DropPhase/LokiDropPod.as,,identifier,OnRep_LeaderPod
0x084543,542019,19,B,24,A_modules,GameMode/DropPhase/LokiDropPod.as,,identifier,bHasStartedGameplay
0x08458b,542091,17,B,22,A_modules,GameMode/DropPhase/LokiDropPod.as,,identifier,DetachingCrewPods
0x084621,542241,19,B,24,A_modules,GameMode/DropPhase/LokiDropPod.as,,identifier,AllDetachedCrewPods
0x0846b1,542385,13,B,18,A_modules,GameMode/DropPhase/LokiDropPod.as,,identifier,PodDetachData
0x0846f7,542455,15,B,20,A_modules,GameMode/DropPhase/LokiDropPod.as,,identifier,ReplicatedUsing
0x08470f,542479,19,B,24,A_modules,GameMode/DropPhase/LokiDropPod.as,,identifier,OnRep_PodDetachData
0x08476f,542575,13,B,18,A_modules,GameMode/DropPhase/LokiDropPod.as,,identifier,PodStateEvent
0x0847b5,542645,15,B,20,A_modules,GameMode/DropPhase/LokiDropPod.as,,identifier,ReplicatedUsing
0x0847cd,542669,19,B,24,A_modules,GameMode/DropPhase/LokiDropPod.as,,identifier,OnRep_PodStateEvent
0x08482d,542765,15,B,20,A_modules,GameMode/DropPhase/LokiDropPod.as,,identifier,CrewDetachEvent
0x084875,542837,15,B,20,A_modules,GameMode/DropPhase/LokiDropPod.as,,identifier,ReplicatedUsing
0x08488d,542861,21,B,26,A_modules,GameMode/DropPhase/LokiDropPod.as,,identifier,OnRep_CrewDetachEvent
0x0848ef,542959,17,B,22,A_modules,GameMode/DropPhase/LokiDropPod.as,,identifier,LeaderDetachEvent
0x084939,543033,15,B,20,A_modules,GameMode/DropPhase/LokiDropPod.as,,identifier,ReplicatedUsing
0x084951,543057,23,B,28,A_modules,GameMode/DropPhase/LokiDropPod.as,,identifier,OnRep_LeaderDetachEvent
0x0849b5,543157,30,B,35,A_modules,GameMode/DropPhase/LokiDropPod.as,,identifier,bIsHidingDropPhaseHiddenActors
0x084a08,543240,16,B,21,A_modules,GameMode/DropPhase/LokiDropPod.as,,identifier,bPodIsDestroying
0x084a4d,543309,21,B,26,A_modules,GameMode/DropPhase/LokiDropPod.as,,identifier,CurrentInputDirection
0x084ae7,543463,18,B,23,A_modules,GameMode/DropPhase/LokiDropPod.as,,identifier,LastInputDirection
0x084b76,543606,14,B,19,A_modules,GameMode/DropPhase/LokiDropPod.as,,identifier,bReadyForOutro
0x084c01,543745,17,B,22,A_modules,GameMode/DropPhase/LokiDropPod.as,,identifier,OnPodOutroStarted
0x084c8f,543887,29,B,34,A_modules,GameMode/DropPhase/LokiDropPod.as,,identifier,OnLeaderPodHasCrewPodDetached
0x084d29,544041,17,B,22,A_modules,GameMode/DropPhase/LokiDropPod.as,,identifier,OnCrewPodDetached
0x084db7,544183,25,B,30,A_modules,GameMode/DropPhase/LokiDropPod.as,,identifier,OnPodMoveDirectionChanged
0x084e4d,544333,16,B,21,A_modules,GameMode/DropPhase/LokiDropPod.as,,identifier,PodMeshComponent
0x084eda,544474,25,B,30,A_modules,GameMode/DropPhase/LokiDropPod.as,,identifier,bRetryLeaderPodCameraGlue
0x084f28,544552,23,B,28,A_modules,GameMode/DropPhase/LokiDropPod.as,,identifier,bRetryCrewPodCameraGlue
0x084f74,544628,25,B,30,A_modules,GameMode/DropPhase/LokiDropPod.as,,identifier,bRetryCharacterCameraGlue
0x084fc2,544706,24,B,29,A_modules,GameMode/DropPhase/LokiDropPod.as,,identifier,PlayersToSpawnCrewPodFor
0x08505b,544859,28,B,33,A_modules,GameMode/DropPhase/LokiDropPod.as,,identifier,LokiBeginPlay_Implementation
0x085154,545108,2,A,6,A_modules,GameMode/DropPhase/LokiDropPod.as,,identifier,C
0x085220,545312,13,B,18,A_modules,GameMode/DropPhase/LokiDropPod.as,,identifier,LokiBeginPlay
0x085282,545410,26,B,31,A_modules,GameMode/DropPhase/LokiDropPod.as,,identifier,LokiEndPlay_Implementation
0x08536d,545645,11,B,16,A_modules,GameMode/DropPhase/LokiDropPod.as,,identifier,LokiEndPlay
0x0853cd,545741,19,B,24,A_modules,GameMode/DropPhase/LokiDropPod.as,,identifier,Tick_Implementation
0x085439,545849,12,B,17,A_modules,GameMode/DropPhase/LokiDropPod.as,,identifier,DeltaSeconds
0x085782,546690,4,B,9,A_modules,GameMode/DropPhase/LokiDropPod.as,,identifier,Tick
0x0857db,546779,43,B,48,A_modules,GameMode/DropPhase/LokiDropPod.as,,identifier,OnPilotPlayerStateReplicated_Implementation
0x0859eb,547307,28,B,33,A_modules,GameMode/DropPhase/LokiDropPod.as,,identifier,OnPilotPlayerStateReplicated
0x085a5c,547420,17,B,22,A_modules,GameMode/DropPhase/LokiDropPod.as,,identifier,InitializeDropPod
0x085b7a,547706,9,B,14,A_modules,GameMode/DropPhase/LokiDropPod.as,,identifier,TeamIndex
0x085b88,547720,11,B,16,A_modules,GameMode/DropPhase/LokiDropPod.as,,identifier,PlayerState
0x085b98,547736,15,B,20,A_modules,GameMode/DropPhase/LokiDropPod.as,,identifier,LandingLocation
0x085bac,547756,13,B,18,A_modules,GameMode/DropPhase/LokiDropPod.as,,identifier,bIsTeamLeader
0x085bbe,547774,8,B,13,A_modules,GameMode/DropPhase/LokiDropPod.as,,identifier,DropShip
0x085bcb,547787,9,B,14,A_modules,GameMode/DropPhase/LokiDropPod.as,,identifier,ParentPod
0x085ced,548077,2,A,6,A_modules,GameMode/DropPhase/LokiDropPod.as,,suspect_short,(
0x085d25,548133,16,B,21,A_modules,GameMode/DropPhase/LokiDropPod.as,,identifier,StartPodGameplay
0x085f52,548690,2,A,6,A_modules,GameMode/DropPhase/LokiDropPod.as,,identifier,D
0x08606e,548974,2,A,6,A_modules,GameMode/DropPhase/LokiDropPod.as,,identifier,E
0x08628a,549514,16,B,21,A_modules,GameMode/DropPhase/LokiDropPod.as,,identifier,StartPodGameplay
0x0862ef,549615,19,B,24,A_modules,GameMode/DropPhase/LokiDropPod.as,,identifier,BP_StartPodGameplay
0x0863a7,549799,34,B,39,A_modules,GameMode/DropPhase/LokiDropPod.as,,identifier,BP_StartPodGameplay_Implementation
0x086446,549958,19,B,24,A_modules,GameMode/DropPhase/LokiDropPod.as,,identifier,BP_StartPodGameplay
0x086462,549986,11,B,16,A_modules,GameMode/DropPhase/LokiDropPod.as,,identifier,DisplayName
0x086476,550006,18,B,23,A_modules,GameMode/DropPhase/LokiDropPod.as,,identifier,OnStartPodGameplay
0x0864d5,550101,21,B,26,A_modules,GameMode/DropPhase/LokiDropPod.as,,identifier,OnPodTeamIndexChanged
0x08658b,550283,12,B,17,A_modules,GameMode/DropPhase/LokiDropPod.as,,identifier,ChangedActor
0x08659c,550300,12,B,17,A_modules,GameMode/DropPhase/LokiDropPod.as,,identifier,OldTeamIndex
0x0865ad,550317,12,B,17,A_modules,GameMode/DropPhase/LokiDropPod.as,,identifier,NewTeamIndex
0x086712,550674,21,B,26,A_modules,GameMode/DropPhase/LokiDropPod.as,,identifier,OnPodTeamIndexChanged
0x08677c,550780,19,B,24,A_modules,GameMode/DropPhase/LokiDropPod.as,,identifier,PreparePodForAttach
0x0868dc,551132,19,B,24,A_modules,GameMode/DropPhase/LokiDropPod.as,,identifier,PreparePodForDetach
0x086a38,551480,15,B,20,A_modules,GameMode/DropPhase/LokiDropPod.as,,identifier,OnRep_LeaderPod
0x086ad0,551632,15,B,20,A_modules,GameMode/DropPhase/LokiDropPod.as,,identifier,OnRep_LeaderPod
0x086b34,551732,23,B,28,A_modules,GameMode/DropPhase/LokiDropPod.as,,identifier,IsPlayerStateAssociated
0x086ba4,551844,13,B,18,A_modules,GameMode/DropPhase/LokiDropPod.as,,identifier,InPlayerState
0x086c12,551954,1,B,6,A_modules,GameMode/DropPhase/LokiDropPod.as,,identifier,R
0x086cde,552158,1,B,6,A_modules,GameMode/DropPhase/LokiDropPod.as,,identifier,R
0x086e4e,552526,23,B,28,A_modules,GameMode/DropPhase/LokiDropPod.as,,identifier,IsPlayerStateAssociated
0x086eba,552634,15,B,20,A_modules,GameMode/DropPhase/LokiDropPod.as,,identifier,SetDropPodState
0x086f22,552738,11,B,16,A_modules,GameMode/DropPhase/LokiDropPod.as,,identifier,NewPodState
0x0870be,553150,18,B,23,A_modules,GameMode/DropPhase/LokiDropPod.as,,identifier,KickPlayersFromPod
0x0875f5,554485,16,B,21,A_modules,GameMode/DropPhase/LokiDropPod.as,,identifier,StartPodMovement
0x08780a,555018,15,B,20,A_modules,GameMode/DropPhase/LokiDropPod.as,,identifier,StartDestroyPod
0x0879c6,555462,2,A,6,A_modules,GameMode/DropPhase/LokiDropPod.as,,identifier,F
0x087aee,555758,27,B,32,A_modules,GameMode/DropPhase/LokiDropPod.as,,identifier,TransitionCameraToLeaderPod
0x087b6e,555886,1,B,6,A_modules,GameMode/DropPhase/LokiDropPod.as,,suspect_short,6
0x087bb2,555954,1,B,6,A_modules,GameMode/DropPhase/LokiDropPod.as,,suspect_short,6
0x087e3a,556602,25,B,30,A_modules,GameMode/DropPhase/LokiDropPod.as,,identifier,TransitionCameraToCrewPod
0x08807c,557180,24,B,29,A_modules,GameMode/DropPhase/LokiDropPod.as,,identifier,TransitionCameraToPlayer
0x088295,557717,16,B,21,A_modules,GameMode/DropPhase/LokiDropPod.as,,identifier,FinishDestroyPod
0x088332,557874,16,B,21,A_modules,GameMode/DropPhase/LokiDropPod.as,,identifier,FinishDestroyPod
0x088397,557975,28,B,33,A_modules,GameMode/DropPhase/LokiDropPod.as,,identifier,BP_OnPrematurePodDestruction
0x088458,558168,43,B,48,A_modules,GameMode/DropPhase/LokiDropPod.as,,identifier,BP_OnPrematurePodDestruction_Implementation
0x088500,558336,28,B,33,A_modules,GameMode/DropPhase/LokiDropPod.as,,identifier,BP_OnPrematurePodDestruction
0x088525,558373,11,B,16,A_modules,GameMode/DropPhase/LokiDropPod.as,,identifier,DisplayName
0x088539,558393,25,B,30,A_modules,GameMode/DropPhase/LokiDropPod.as,,identifier,OnPrematurePodDestruction
0x08859f,558495,27,B,32,A_modules,GameMode/DropPhase/LokiDropPod.as,,identifier,UpdateDropPhaseHiddenActors
0x08879f,559007,1,B,6,A_modules,GameMode/DropPhase/LokiDropPod.as,,identifier,J
0x08898f,559503,19,B,24,A_modules,GameMode/DropPhase/LokiDropPod.as,,identifier,OnRep_PodStateEvent
0x088a3b,559675,19,B,24,A_modules,GameMode/DropPhase/LokiDropPod.as,,identifier,OnRep_PodStateEvent
0x088aa3,559779,21,B,26,A_modules,GameMode/DropPhase/LokiDropPod.as,,identifier,SetCrewPodDetachState
0x088b7d,559997,14,B,19,A_modules,GameMode/DropPhase/LokiDropPod.as,,identifier,NewDetachState
0x088b90,560016,12,B,17,A_modules,GameMode/DropPhase/LokiDropPod.as,,identifier,InputPercent
0x088ba1,560033,15,B,20,A_modules,GameMode/DropPhase/LokiDropPod.as,,identifier,DetachDirection
0x088bb5,560053,15,B,20,A_modules,GameMode/DropPhase/LokiDropPod.as,,identifier,VectorDirection
0x088be5,560101,4,B,9,A_modules,GameMode/DropPhase/LokiDropPod.as,,other,0.0f
0x088bee,560110,35,B,40,A_modules,GameMode/DropPhase/LokiDropPod.as,,default_arg_expr,ELokiMovementInputDirection :: None
0x088c16,560150,21,B,26,A_modules,GameMode/DropPhase/LokiDropPod.as,,default_arg_expr,FVector :: ZeroVector
0x088d90,560528,2,A,6,A_modules,GameMode/DropPhase/LokiDropPod.as,,identifier,P
0x088d98,560536,2,A,6,A_modules,GameMode/DropPhase/LokiDropPod.as,,identifier,P
0x088ef8,560888,2,A,6,A_modules,GameMode/DropPhase/LokiDropPod.as,,suspect_short,^
0x088f30,560944,21,B,26,A_modules,GameMode/DropPhase/LokiDropPod.as,,identifier,OnRep_CrewDetachEvent
0x088fde,561118,21,B,26,A_modules,GameMode/DropPhase/LokiDropPod.as,,identifier,OnRep_CrewDetachEvent
0x089048,561224,23,B,28,A_modules,GameMode/DropPhase/LokiDropPod.as,,identifier,SetLeaderPodDetachState
0x089100,561408,14,B,19,A_modules,GameMode/DropPhase/LokiDropPod.as,,identifier,NewDetachState
0x089113,561427,15,B,20,A_modules,GameMode/DropPhase/LokiDropPod.as,,identifier,DetachDirection
0x089127,561447,9,B,14,A_modules,GameMode/DropPhase/LokiDropPod.as,,identifier,Direction
0x08914d,561485,35,B,40,A_modules,GameMode/DropPhase/LokiDropPod.as,,default_arg_expr,ELokiMovementInputDirection :: None
0x089175,561525,21,B,26,A_modules,GameMode/DropPhase/LokiDropPod.as,,default_arg_expr,FVector :: ZeroVector
0x0892d3,561875,23,B,28,A_modules,GameMode/DropPhase/LokiDropPod.as,,identifier,OnRep_LeaderDetachEvent
0x089383,562051,23,B,28,A_modules,GameMode/DropPhase/LokiDropPod.as,,identifier,OnRep_LeaderDetachEvent
0x0893ef,562159,12,B,17,A_modules,GameMode/DropPhase/LokiDropPod.as,,identifier,OnDropPodHit
0x0894e4,562404,12,B,17,A_modules,GameMode/DropPhase/LokiDropPod.as,,identifier,HitComponent
0x0894f5,562421,10,B,15,A_modules,GameMode/DropPhase/LokiDropPod.as,,identifier,OtherActor
0x089504,562436,9,B,14,A_modules,GameMode/DropPhase/LokiDropPod.as,,identifier,OtherComp
0x089512,562450,13,B,18,A_modules,GameMode/DropPhase/LokiDropPod.as,,identifier,NormalImpulse
0x089524,562468,3,B,8,A_modules,GameMode/DropPhase/LokiDropPod.as,,identifier,Hit
0x0895a8,562600,12,B,17,A_modules,GameMode/DropPhase/LokiDropPod.as,,identifier,OnDropPodHit
0x089609,562697,19,B,24,A_modules,GameMode/DropPhase/LokiDropPod.as,,identifier,DetachPodFromLeader
0x089675,562805,13,B,18,A_modules,GameMode/DropPhase/LokiDropPod.as,,identifier,MoveDirection
0x0896e7,562919,24,B,29,A_modules,GameMode/DropPhase/LokiDropPod.as,,identifier,ConvertDirectionToVector
0x089758,563032,9,B,14,A_modules,GameMode/DropPhase/LokiDropPod.as,,identifier,Direction
0x089b62,564066,27,B,32,A_modules,GameMode/DropPhase/LokiDropPod.as,,identifier,StartDetachingPodFromLeader
0x089bd6,564182,13,B,18,A_modules,GameMode/DropPhase/LokiDropPod.as,,identifier,MoveDirection
0x08a0b8,565432,32,B,37,A_modules,GameMode/DropPhase/LokiDropPod.as,,identifier,InitializeDetachingPodFromLeader
0x08a1c9,565705,1,B,6,A_modules,GameMode/DropPhase/LokiDropPod.as,,identifier,P
0x08a291,565905,1,B,6,A_modules,GameMode/DropPhase/LokiDropPod.as,,identifier,P
0x08a2a9,565929,2,A,6,A_modules,GameMode/DropPhase/LokiDropPod.as,,identifier,P
0x08a42d,566317,19,B,24,A_modules,GameMode/DropPhase/LokiDropPod.as,,identifier,OnRep_PodDetachData
0x08a621,566817,19,B,24,A_modules,GameMode/DropPhase/LokiDropPod.as,,identifier,OnRep_PodDetachData
0x08a689,566921,28,B,33,A_modules,GameMode/DropPhase/LokiDropPod.as,,identifier,FinishDetachingPodFromLeader
0x08a99a,567706,28,B,33,A_modules,GameMode/DropPhase/LokiDropPod.as,,identifier,FinishDetachingPodFromLeader
0x08aa0b,567819,28,B,33,A_modules,GameMode/DropPhase/LokiDropPod.as,,identifier,UpdateDetachingPodFromLeader
0x08ae38,568888,2,A,6,A_modules,GameMode/DropPhase/LokiDropPod.as,,identifier,P
0x08b0c8,569544,18,B,23,A_modules,GameMode/DropPhase/LokiDropPod.as,,identifier,IsPlayerStatePilot
0x08b133,569651,11,B,16,A_modules,GameMode/DropPhase/LokiDropPod.as,,identifier,PlayerState
0x08b207,569863,20,B,25,A_modules,GameMode/DropPhase/LokiDropPod.as,,identifier,QueueCrewForPodSpawn
0x08b274,569972,8,B,13,A_modules,GameMode/DropPhase/LokiDropPod.as,,identifier,DropShip
0x08b4fd,570621,20,B,25,A_modules,GameMode/DropPhase/LokiDropPod.as,,identifier,QueueCrewForPodSpawn
0x08b566,570726,17,B,22,A_modules,GameMode/DropPhase/LokiDropPod.as,,identifier,SpawnCrewPodQueue
0x08b780,571264,17,B,22,A_modules,GameMode/DropPhase/LokiDropPod.as,,identifier,SpawnCrewPodQueue
0x08b7e6,571366,12,B,17,A_modules,GameMode/DropPhase/LokiDropPod.as,,identifier,SpawnCrewPod
0x08b84b,571467,11,B,16,A_modules,GameMode/DropPhase/LokiDropPod.as,,identifier,PlayerState
0x08bc57,572503,23,B,28,A_modules,GameMode/DropPhase/LokiDropPod.as,,identifier,OnIntroSequenceFinished
0x08be6b,573035,2,A,6,A_modules,GameMode/DropPhase/LokiDropPod.as,,identifier,P
0x08bf53,573267,2,A,6,A_modules,GameMode/DropPhase/LokiDropPod.as,,identifier,G
0x08c0b7,573623,23,B,28,A_modules,GameMode/DropPhase/LokiDropPod.as,,identifier,OnIntroSequenceFinished
0x08c123,573731,20,B,25,A_modules,GameMode/DropPhase/LokiDropPod.as,,identifier,OnOutroSequenceStart
0x08c208,573960,2,A,6,A_modules,GameMode/DropPhase/LokiDropPod.as,,identifier,H
0x08c268,574056,2,A,6,A_modules,GameMode/DropPhase/LokiDropPod.as,,suspect_short,.
0x08c2a0,574112,20,B,25,A_modules,GameMode/DropPhase/LokiDropPod.as,,identifier,OnOutroSequenceStart
0x08c309,574217,23,B,28,A_modules,GameMode/DropPhase/LokiDropPod.as,,identifier,OnOutroSequenceFinished
0x08c3b5,574389,23,B,28,A_modules,GameMode/DropPhase/LokiDropPod.as,,identifier,OnOutroSequenceFinished
0x08c421,574497,23,B,28,A_modules,GameMode/DropPhase/LokiDropPod.as,,identifier,AllowPodSteeringStarted
0x08c591,574865,23,B,28,A_modules,GameMode/DropPhase/LokiDropPod.as,,identifier,AllowPodSteeringStarted
0x08c5fd,574973,21,B,26,A_modules,GameMode/DropPhase/LokiDropPod.as,,identifier,AllowPodSteeringEnded
0x08c6f7,575223,21,B,26,A_modules,GameMode/DropPhase/LokiDropPod.as,,identifier,AllowPodSteeringEnded
0x08c761,575329,20,B,25,A_modules,GameMode/DropPhase/LokiDropPod.as,,identifier,SpawnImpactIndicator
0x08c7ce,575438,9,B,14,A_modules,GameMode/DropPhase/LokiDropPod.as,,identifier,TeamIndex
0x08c884,575620,2,A,6,A_modules,GameMode/DropPhase/LokiDropPod.as,,identifier,I
0x08c9fc,575996,2,A,6,A_modules,GameMode/DropPhase/LokiDropPod.as,,suspect_short, 
0x08caa0,576160,19,B,24,A_modules,GameMode/DropPhase/LokiDropPod.as,,identifier,SpawnLaserIndicator
0x08cb0c,576268,9,B,14,A_modules,GameMode/DropPhase/LokiDropPod.as,,identifier,TeamIndex
0x08cbe6,576486,2,A,6,A_modules,GameMode/DropPhase/LokiDropPod.as,,identifier,J
0x08ce6a,577130,22,B,27,A_modules,GameMode/DropPhase/LokiDropPod.as,,identifier,DestroyImpactIndicator
0x08cf75,577397,21,B,26,A_modules,GameMode/DropPhase/LokiDropPod.as,,identifier,DestroyLaserIndicator
0x08d07f,577663,27,B,32,A_modules,GameMode/DropPhase/LokiDropPod.as,,identifier,UpdateGroundLaserAtLocation
0x08d117,577815,11,B,16,A_modules,GameMode/DropPhase/LokiDropPod.as,,identifier,Destination
0x08d127,577831,13,B,18,A_modules,GameMode/DropPhase/LokiDropPod.as,,identifier,SourceDropPod
0x08d501,578817,31,B,36,A_modules,GameMode/DropPhase/LokiDropPod.as,,identifier,UpdateAttachedPodLaserIndicator
0x08d6b9,579257,2,A,6,A_modules,GameMode/DropPhase/LokiDropPod.as,,suspect_short,<
0x08d6f1,579313,23,B,28,A_modules,GameMode/DropPhase/LokiDropPod.as,,identifier,BroadcastDirectionEvent
0x08d785,579461,14,B,19,A_modules,GameMode/DropPhase/LokiDropPod.as,,identifier,InputDirection
0x08d798,579480,9,B,14,A_modules,GameMode/DropPhase/LokiDropPod.as,,identifier,Direction
0x08d8ee,579822,19,B,24,A_modules,GameMode/DropPhase/LokiDropPod.as,,identifier,SetCharacterLanding
0x08d97e,579966,15,B,20,A_modules,GameMode/DropPhase/LokiDropPod.as,,identifier,TargetCharacter
0x08d992,579986,14,B,19,A_modules,GameMode/DropPhase/LokiDropPod.as,,identifier,TargetPosition
0x08db4d,580429,24,B,29,A_modules,GameMode/DropPhase/LokiDropPod.as,,identifier,UpdateCharacterLocations
0x08dbca,580554,1,B,6,A_modules,GameMode/DropPhase/LokiDropPod.as,,suspect_short,6
0x08e02a,581674,17,B,22,A_modules,GameMode/DropPhase/LokiDropPod.as,,identifier,UpdatePodMovement
0x08e0b8,581816,13,B,18,A_modules,GameMode/DropPhase/LokiDropPod.as,,identifier,MoveDirection
0x08e0ca,581834,12,B,17,A_modules,GameMode/DropPhase/LokiDropPod.as,,identifier,DeltaSeconds
0x08e0ef,581871,4,B,9,A_modules,GameMode/DropPhase/LokiDropPod.as,,other,0.0f
0x08eca0,584864,12,B,17,A_modules,GameMode/DropPhase/LokiDropPod.as,,identifier,ALokiDropPod
0x08efe5,585701,2,A,6,A_modules,GameMode/DropPhase/LokiDropPod.as,,identifier,A
0x08f015,585749,2,A,6,A_modules,GameMode/DropPhase/LokiDropPod.as,0x26e69d22540,identifier,B
0x08f22d,586285,13,B,18,A_modules,GameMode/DropPhase/LokiDropPod.as,,other,~ALokiDropPod
0x08f3bb,586683,16,B,21,A_modules,GameMode/DropPhase/LokiDropPod.as,,identifier,ALokiDropPodBase
0x08f3d0,586704,28,B,33,A_modules,GameMode/DropPhase/LokiDropPod.as,,asset_path,/Script/Loki.LokiDropPodBase
0x08f411,586769,25,B,30,A_modules,GameMode/DropPhase/LokiDropPod.as,,statictype_alias,__StaticType_ALokiDropPod
0x08f43f,586815,18,B,23,A_modules,GameMode/DropPhase/LokiDropPod.as,,identifier,FOnPodOutroStarted
0x08f462,586850,6,B,11,A_modules,GameMode/DropPhase/LokiDropPod.as,,identifier,_Inner
0x08f4a1,586913,8,B,13,A_modules,GameMode/DropPhase/LokiDropPod.as,,internal_symbol,opAssign
0x08f502,587010,5,B,10,A_modules,GameMode/DropPhase/LokiDropPod.as,,identifier,Other
0x08f588,587144,9,B,14,A_modules,GameMode/DropPhase/LokiDropPod.as,,identifier,Broadcast
0x08f65a,587354,12,B,17,A_modules,GameMode/DropPhase/LokiDropPod.as,,identifier,AddUFunction
0x08f6e3,587491,6,B,11,A_modules,GameMode/DropPhase/LokiDropPod.as,,identifier,Object
0x08f6ee,587502,12,B,17,A_modules,GameMode/DropPhase/LokiDropPod.as,,identifier,FunctionName
0x08f7a3,587683,6,B,11,A_modules,GameMode/DropPhase/LokiDropPod.as,,identifier,Unbind
0x08f826,587814,6,B,11,A_modules,GameMode/DropPhase/LokiDropPod.as,,identifier,Object
0x08f831,587825,12,B,17,A_modules,GameMode/DropPhase/LokiDropPod.as,,identifier,FunctionName
0x08f8ba,587962,12,B,17,A_modules,GameMode/DropPhase/LokiDropPod.as,,identifier,UnbindObject
0x08f91f,588063,6,B,11,A_modules,GameMode/DropPhase/LokiDropPod.as,,identifier,Object
0x08f996,588182,7,B,12,A_modules,GameMode/DropPhase/LokiDropPod.as,,identifier,IsBound
0x08fa3a,588346,5,B,10,A_modules,GameMode/DropPhase/LokiDropPod.as,,identifier,Clear
0x08faec,588524,18,B,23,A_modules,GameMode/DropPhase/LokiDropPod.as,,identifier,FOnPodOutroStarted
0x08fb93,588691,18,B,23,A_modules,GameMode/DropPhase/LokiDropPod.as,,identifier,FOnPodOutroStarted
0x08fbfe,588798,5,B,10,A_modules,GameMode/DropPhase/LokiDropPod.as,,identifier,Other
0x08fcc4,588996,19,B,24,A_modules,GameMode/DropPhase/LokiDropPod.as,,other,~FOnPodOutroStarted
0x08fd78,589176,30,B,35,A_modules,GameMode/DropPhase/LokiDropPod.as,,identifier,FOnLeaderPodHasCrewPodDetached
0x08fda7,589223,6,B,11,A_modules,GameMode/DropPhase/LokiDropPod.as,,identifier,_Inner
0x08fde6,589286,8,B,13,A_modules,GameMode/DropPhase/LokiDropPod.as,,internal_symbol,opAssign
0x08fe47,589383,5,B,10,A_modules,GameMode/DropPhase/LokiDropPod.as,,identifier,Other
0x08fecd,589517,9,B,14,A_modules,GameMode/DropPhase/LokiDropPod.as,,identifier,Broadcast
0x08ff53,589651,14,B,19,A_modules,GameMode/DropPhase/LokiDropPod.as,,identifier,InputDirection
0x08ff66,589670,9,B,14,A_modules,GameMode/DropPhase/LokiDropPod.as,,identifier,Direction
0x090038,589880,12,B,17,A_modules,GameMode/DropPhase/LokiDropPod.as,,identifier,AddUFunction
0x0900c1,590017,6,B,11,A_modules,GameMode/DropPhase/LokiDropPod.as,,identifier,Object
0x0900cc,590028,12,B,17,A_modules,GameMode/DropPhase/LokiDropPod.as,,identifier,FunctionName
0x090181,590209,6,B,11,A_modules,GameMode/DropPhase/LokiDropPod.as,,identifier,Unbind
0x090204,590340,6,B,11,A_modules,GameMode/DropPhase/LokiDropPod.as,,identifier,Object
0x09020f,590351,12,B,17,A_modules,GameMode/DropPhase/LokiDropPod.as,,identifier,FunctionName
0x090298,590488,12,B,17,A_modules,GameMode/DropPhase/LokiDropPod.as,,identifier,UnbindObject
0x0902fd,590589,6,B,11,A_modules,GameMode/DropPhase/LokiDropPod.as,,identifier,Object
0x090374,590708,7,B,12,A_modules,GameMode/DropPhase/LokiDropPod.as,,identifier,IsBound
0x090418,590872,5,B,10,A_modules,GameMode/DropPhase/LokiDropPod.as,,identifier,Clear
0x0904ca,591050,30,B,35,A_modules,GameMode/DropPhase/LokiDropPod.as,,identifier,FOnLeaderPodHasCrewPodDetached
0x09057d,591229,30,B,35,A_modules,GameMode/DropPhase/LokiDropPod.as,,identifier,FOnLeaderPodHasCrewPodDetached
0x0905f4,591348,5,B,10,A_modules,GameMode/DropPhase/LokiDropPod.as,,identifier,Other
0x0906ba,591546,31,B,36,A_modules,GameMode/DropPhase/LokiDropPod.as,,other,~FOnLeaderPodHasCrewPodDetached
0x09077a,591738,21,B,26,A_modules,GameMode/DropPhase/LokiDropPod.as,,identifier,FOnCrewPodHasDetached
0x0907a0,591776,6,B,11,A_modules,GameMode/DropPhase/LokiDropPod.as,,identifier,_Inner
0x0907df,591839,8,B,13,A_modules,GameMode/DropPhase/LokiDropPod.as,,internal_symbol,opAssign
0x090840,591936,5,B,10,A_modules,GameMode/DropPhase/LokiDropPod.as,,identifier,Other
0x0908c6,592070,9,B,14,A_modules,GameMode/DropPhase/LokiDropPod.as,,identifier,Broadcast
0x09094c,592204,14,B,19,A_modules,GameMode/DropPhase/LokiDropPod.as,,identifier,InputDirection
0x09095f,592223,9,B,14,A_modules,GameMode/DropPhase/LokiDropPod.as,,identifier,Direction
0x090a31,592433,12,B,17,A_modules,GameMode/DropPhase/LokiDropPod.as,,identifier,AddUFunction
0x090aba,592570,6,B,11,A_modules,GameMode/DropPhase/LokiDropPod.as,,identifier,Object
0x090ac5,592581,12,B,17,A_modules,GameMode/DropPhase/LokiDropPod.as,,identifier,FunctionName
0x090b7a,592762,6,B,11,A_modules,GameMode/DropPhase/LokiDropPod.as,,identifier,Unbind
0x090bfd,592893,6,B,11,A_modules,GameMode/DropPhase/LokiDropPod.as,,identifier,Object
0x090c08,592904,12,B,17,A_modules,GameMode/DropPhase/LokiDropPod.as,,identifier,FunctionName
0x090c91,593041,12,B,17,A_modules,GameMode/DropPhase/LokiDropPod.as,,identifier,UnbindObject
0x090cf6,593142,6,B,11,A_modules,GameMode/DropPhase/LokiDropPod.as,,identifier,Object
0x090d6d,593261,7,B,12,A_modules,GameMode/DropPhase/LokiDropPod.as,,identifier,IsBound
0x090e11,593425,5,B,10,A_modules,GameMode/DropPhase/LokiDropPod.as,,identifier,Clear
0x090ec3,593603,21,B,26,A_modules,GameMode/DropPhase/LokiDropPod.as,,identifier,FOnCrewPodHasDetached
0x090f6d,593773,21,B,26,A_modules,GameMode/DropPhase/LokiDropPod.as,,identifier,FOnCrewPodHasDetached
0x090fdb,593883,5,B,10,A_modules,GameMode/DropPhase/LokiDropPod.as,,identifier,Other
0x0910a1,594081,22,B,27,A_modules,GameMode/DropPhase/LokiDropPod.as,,other,~FOnCrewPodHasDetached
0x091158,594264,26,B,31,A_modules,GameMode/DropPhase/LokiDropPod.as,,identifier,FOnPodMoveDirectionChanged
0x091183,594307,6,B,11,A_modules,GameMode/DropPhase/LokiDropPod.as,,identifier,_Inner
0x0911c2,594370,8,B,13,A_modules,GameMode/DropPhase/LokiDropPod.as,,internal_symbol,opAssign
0x091223,594467,5,B,10,A_modules,GameMode/DropPhase/LokiDropPod.as,,identifier,Other
0x091295,594581,4,B,9,A_modules,GameMode/DropPhase/LokiDropPod.as,,string_literal,=0i 
0x0912a9,594601,9,B,14,A_modules,GameMode/DropPhase/LokiDropPod.as,,identifier,Broadcast
0x09132f,594735,14,B,19,A_modules,GameMode/DropPhase/LokiDropPod.as,,identifier,InputDirection
0x091342,594754,9,B,14,A_modules,GameMode/DropPhase/LokiDropPod.as,,identifier,Direction
0x091414,594964,12,B,17,A_modules,GameMode/DropPhase/LokiDropPod.as,,identifier,AddUFunction
0x09149d,595101,6,B,11,A_modules,GameMode/DropPhase/LokiDropPod.as,,identifier,Object
0x0914a8,595112,12,B,17,A_modules,GameMode/DropPhase/LokiDropPod.as,,identifier,FunctionName
0x09155d,595293,6,B,11,A_modules,GameMode/DropPhase/LokiDropPod.as,,identifier,Unbind
0x0915e0,595424,6,B,11,A_modules,GameMode/DropPhase/LokiDropPod.as,,identifier,Object
0x0915eb,595435,12,B,17,A_modules,GameMode/DropPhase/LokiDropPod.as,,identifier,FunctionName
0x091674,595572,12,B,17,A_modules,GameMode/DropPhase/LokiDropPod.as,,identifier,UnbindObject
0x0916d9,595673,6,B,11,A_modules,GameMode/DropPhase/LokiDropPod.as,,identifier,Object
0x091750,595792,7,B,12,A_modules,GameMode/DropPhase/LokiDropPod.as,,identifier,IsBound
0x0917f4,595956,5,B,10,A_modules,GameMode/DropPhase/LokiDropPod.as,,identifier,Clear
0x0918a6,596134,26,B,31,A_modules,GameMode/DropPhase/LokiDropPod.as,,identifier,FOnPodMoveDirectionChanged
0x091955,596309,26,B,31,A_modules,GameMode/DropPhase/LokiDropPod.as,,identifier,FOnPodMoveDirectionChanged
0x0919c8,596424,5,B,10,A_modules,GameMode/DropPhase/LokiDropPod.as,,identifier,Other
0x091a8e,596622,27,B,32,A_modules,GameMode/DropPhase/LokiDropPod.as,,other,~FOnPodMoveDirectionChanged
0x091b52,596818,25,B,30,A_modules,GameMode/DropPhase/LokiDropPod.as,,statictype_alias,__StaticType_ALokiDropPod
0x091bb4,596916,18,B,23,A_modules,GameMode/DropPhase/LokiDropPod.as,,identifier,FOnPodOutroStarted
0x091bcb,596939,30,B,35,A_modules,GameMode/DropPhase/LokiDropPod.as,,identifier,FOnLeaderPodHasCrewPodDetached
0x091bee,596974,21,B,26,A_modules,GameMode/DropPhase/LokiDropPod.as,,identifier,FOnCrewPodHasDetached
0x091c08,597000,26,B,31,A_modules,GameMode/DropPhase/LokiDropPod.as,,identifier,FOnPodMoveDirectionChanged
0x091c2b,597035,33,B,38,A_modules,GameMode/DropPhase/LokiDropPod.as,,source_path,GameMode/DropPhase/LokiDropPod.as
0x091c55,597077,46,A,50,A_modules,GameMode/DropPhase/LokiDropPodImpactIndicator.as,,dotted_name,GameMode.DropPhase.LokiDropPodImpactIndicator
0x091c87,597127,45,B,50,A_modules,GameMode/DropPhase/LokiDropPodImpactIndicator.as,,dotted_name,GameMode.DropPhase.LokiDropPodImpactIndicator
0x091cbd,597181,27,B,32,A_modules,GameMode/DropPhase/LokiDropPodImpactIndicator.as,,identifier,ALokiDropPodImpactIndicator
0x091d79,597369,11,B,16,A_modules,GameMode/DropPhase/LokiDropPodImpactIndicator.as,,identifier,StaticClass
0x091d89,597385,27,B,32,A_modules,GameMode/DropPhase/LokiDropPodImpactIndicator.as,,identifier,ALokiDropPodImpactIndicator
0x091e4d,597581,5,B,10,A_modules,GameMode/DropPhase/LokiDropPodImpactIndicator.as,,identifier,Spawn
0x091e57,597591,27,B,32,A_modules,GameMode/DropPhase/LokiDropPodImpactIndicator.as,,identifier,ALokiDropPodImpactIndicator
0x091f57,597847,8,B,13,A_modules,GameMode/DropPhase/LokiDropPodImpactIndicator.as,,identifier,Location
0x091f64,597860,8,B,13,A_modules,GameMode/DropPhase/LokiDropPodImpactIndicator.as,,identifier,Rotation
0x091f71,597873,4,B,9,A_modules,GameMode/DropPhase/LokiDropPodImpactIndicator.as,,identifier,Name
0x091f7a,597882,14,B,19,A_modules,GameMode/DropPhase/LokiDropPodImpactIndicator.as,,identifier,bDeferredSpawn
0x091f8d,597901,5,B,10,A_modules,GameMode/DropPhase/LokiDropPodImpactIndicator.as,,identifier,Level
0x091fb3,597939,21,B,26,A_modules,GameMode/DropPhase/LokiDropPodImpactIndicator.as,,default_arg_expr,FVector :: ZeroVector
0x091fcd,597965,23,B,28,A_modules,GameMode/DropPhase/LokiDropPodImpactIndicator.as,,default_arg_expr,FRotator :: ZeroRotator
0x091fe9,597993,9,B,14,A_modules,GameMode/DropPhase/LokiDropPodImpactIndicator.as,,default_arg_expr,NAME_None
0x091ff7,598007,5,B,10,A_modules,GameMode/DropPhase/LokiDropPodImpactIndicator.as,,default_arg_expr,false
0x092001,598017,7,B,12,A_modules,GameMode/DropPhase/LokiDropPodImpactIndicator.as,,default_arg_expr,nullptr
0x09209d,598173,1,B,6,A_modules,GameMode/DropPhase/LokiDropPodImpactIndicator.as,,identifier,J
0x09212d,598317,27,B,32,A_modules,GameMode/DropPhase/LokiDropPodImpactIndicator.as,,identifier,ALokiDropPodImpactIndicator
0x092159,598361,13,B,18,A_modules,GameMode/DropPhase/LokiDropPodImpactIndicator.as,,identifier,OwningDropPod
0x09219f,598431,15,B,20,A_modules,GameMode/DropPhase/LokiDropPodImpactIndicator.as,,identifier,ReplicatedUsing
0x0921b7,598455,19,B,24,A_modules,GameMode/DropPhase/LokiDropPodImpactIndicator.as,,identifier,OnRep_OwningDropPod
0x092217,598551,17,B,22,A_modules,GameMode/DropPhase/LokiDropPodImpactIndicator.as,,identifier,OwningPlayerState
0x0922ad,598701,13,B,18,A_modules,GameMode/DropPhase/LokiDropPodImpactIndicator.as,,identifier,LandingRadius
0x092337,598839,23,B,28,A_modules,GameMode/DropPhase/LokiDropPodImpactIndicator.as,,identifier,bIsIndicatorInitialized
0x0923cf,598991,24,B,29,A_modules,GameMode/DropPhase/LokiDropPodImpactIndicator.as,,identifier,BeginPlay_Implementation
0x092470,599152,9,B,14,A_modules,GameMode/DropPhase/LokiDropPodImpactIndicator.as,,identifier,BeginPlay
0x0924ce,599246,19,B,24,A_modules,GameMode/DropPhase/LokiDropPodImpactIndicator.as,,identifier,InitializeIndicator
0x09253a,599354,7,B,12,A_modules,GameMode/DropPhase/LokiDropPodImpactIndicator.as,,identifier,DropPod
0x092606,599558,25,B,30,A_modules,GameMode/DropPhase/LokiDropPodImpactIndicator.as,,identifier,IsIndicatorReadyToDisplay
0x0926ac,599724,25,B,30,A_modules,GameMode/DropPhase/LokiDropPodImpactIndicator.as,,identifier,IsIndicatorReadyToDisplay
0x09271a,599834,19,B,24,A_modules,GameMode/DropPhase/LokiDropPodImpactIndicator.as,,identifier,Tick_Implementation
0x092786,599942,12,B,17,A_modules,GameMode/DropPhase/LokiDropPodImpactIndicator.as,,identifier,DeltaSeconds
0x0928a7,600231,4,B,9,A_modules,GameMode/DropPhase/LokiDropPodImpactIndicator.as,,identifier,Tick
0x092900,600320,19,B,24,A_modules,GameMode/DropPhase/LokiDropPodImpactIndicator.as,,identifier,OnRep_OwningDropPod
0x0929a8,600488,19,B,24,A_modules,GameMode/DropPhase/LokiDropPodImpactIndicator.as,,identifier,OnRep_OwningDropPod
0x092a10,600592,19,B,24,A_modules,GameMode/DropPhase/LokiDropPodImpactIndicator.as,,identifier,CheckIndicatorReady
0x092b30,600880,21,B,26,A_modules,GameMode/DropPhase/LokiDropPodImpactIndicator.as,,identifier,SetLandingRangeRadius
0x092b9e,600990,6,B,11,A_modules,GameMode/DropPhase/LokiDropPodImpactIndicator.as,,identifier,Radius
0x092c45,601157,19,B,24,A_modules,GameMode/DropPhase/LokiDropPodImpactIndicator.as,,identifier,OnDropPodReplicated
0x092cfd,601341,34,B,39,A_modules,GameMode/DropPhase/LokiDropPodImpactIndicator.as,,identifier,OnDropPodReplicated_Implementation
0x092d9c,601500,19,B,24,A_modules,GameMode/DropPhase/LokiDropPodImpactIndicator.as,,identifier,OnDropPodReplicated
0x092e04,601604,22,B,27,A_modules,GameMode/DropPhase/LokiDropPodImpactIndicator.as,,identifier,OnLandingRadiusChanged
0x092ebf,601791,37,B,42,A_modules,GameMode/DropPhase/LokiDropPodImpactIndicator.as,,identifier,OnLandingRadiusChanged_Implementation
0x092f61,601953,22,B,27,A_modules,GameMode/DropPhase/LokiDropPodImpactIndicator.as,,identifier,OnLandingRadiusChanged
0x093010,602128,27,B,32,A_modules,GameMode/DropPhase/LokiDropPodImpactIndicator.as,,identifier,ALokiDropPodImpactIndicator
0x093138,602424,10,B,15,A_modules,GameMode/DropPhase/LokiDropPodImpactIndicator.as,,identifier,ALokiActor
0x093147,602439,24,B,29,A_modules,GameMode/DropPhase/LokiDropPodImpactIndicator.as,,asset_path,/Script/Engine.LokiActor
0x093184,602500,40,B,45,A_modules,GameMode/DropPhase/LokiDropPodImpactIndicator.as,,statictype_alias,__StaticType_ALokiDropPodImpactIndicator
0x0931c5,602565,1,B,6,A_modules,GameMode/DropPhase/LokiDropPodImpactIndicator.as,,suspect_short,(
0x09323e,602686,48,B,53,A_modules,GameMode/DropPhase/LokiDropPodImpactIndicator.as,,source_path,GameMode/DropPhase/LokiDropPodImpactIndicator.as
0x093277,602743,36,A,40,A_modules,GameMode/DropPhase/LokiDropPodLaser.as,,dotted_name,GameMode.DropPhase.LokiDropPodLaser
0x09329f,602783,35,B,40,A_modules,GameMode/DropPhase/LokiDropPodLaser.as,,dotted_name,GameMode.DropPhase.LokiDropPodLaser
0x0932cb,602827,17,B,22,A_modules,GameMode/DropPhase/LokiDropPodLaser.as,,identifier,ALokiDropPodLaser
0x09337d,603005,11,B,16,A_modules,GameMode/DropPhase/LokiDropPodLaser.as,,identifier,StaticClass
0x09338d,603021,17,B,22,A_modules,GameMode/DropPhase/LokiDropPodLaser.as,,identifier,ALokiDropPodLaser
0x093447,603207,5,B,10,A_modules,GameMode/DropPhase/LokiDropPodLaser.as,,identifier,Spawn
0x093451,603217,17,B,22,A_modules,GameMode/DropPhase/LokiDropPodLaser.as,,identifier,ALokiDropPodLaser
0x093547,603463,8,B,13,A_modules,GameMode/DropPhase/LokiDropPodLaser.as,,identifier,Location
0x093554,603476,8,B,13,A_modules,GameMode/DropPhase/LokiDropPodLaser.as,,identifier,Rotation
0x093561,603489,4,B,9,A_modules,GameMode/DropPhase/LokiDropPodLaser.as,,identifier,Name
0x09356a,603498,14,B,19,A_modules,GameMode/DropPhase/LokiDropPodLaser.as,,identifier,bDeferredSpawn
0x09357d,603517,5,B,10,A_modules,GameMode/DropPhase/LokiDropPodLaser.as,,identifier,Level
0x0935a3,603555,21,B,26,A_modules,GameMode/DropPhase/LokiDropPodLaser.as,,default_arg_expr,FVector :: ZeroVector
0x0935bd,603581,23,B,28,A_modules,GameMode/DropPhase/LokiDropPodLaser.as,,default_arg_expr,FRotator :: ZeroRotator
0x0935d9,603609,9,B,14,A_modules,GameMode/DropPhase/LokiDropPodLaser.as,,default_arg_expr,NAME_None
0x0935e7,603623,5,B,10,A_modules,GameMode/DropPhase/LokiDropPodLaser.as,,default_arg_expr,false
0x0935f1,603633,7,B,12,A_modules,GameMode/DropPhase/LokiDropPodLaser.as,,default_arg_expr,nullptr
0x09368d,603789,1,B,6,A_modules,GameMode/DropPhase/LokiDropPodLaser.as,,identifier,J
0x09371d,603933,17,B,22,A_modules,GameMode/DropPhase/LokiDropPodLaser.as,,identifier,ALokiDropPodLaser
0x09373f,603967,13,B,18,A_modules,GameMode/DropPhase/LokiDropPodLaser.as,,identifier,OwningDropPod
0x0937d5,604117,19,B,24,A_modules,GameMode/DropPhase/LokiDropPodLaser.as,,identifier,InitializeIndicator
0x093841,604225,7,B,12,A_modules,GameMode/DropPhase/LokiDropPodLaser.as,,identifier,DropPod
0x093905,604421,17,B,22,A_modules,GameMode/DropPhase/LokiDropPodLaser.as,,identifier,ALokiDropPodLaser
0x0939f7,604663,10,B,15,A_modules,GameMode/DropPhase/LokiDropPodLaser.as,,identifier,ALokiActor
0x093a06,604678,24,B,29,A_modules,GameMode/DropPhase/LokiDropPodLaser.as,,asset_path,/Script/Engine.LokiActor
0x093a43,604739,30,B,35,A_modules,GameMode/DropPhase/LokiDropPodLaser.as,,statictype_alias,__StaticType_ALokiDropPodLaser
0x093a7e,604798,30,B,35,A_modules,GameMode/DropPhase/LokiDropPodLaser.as,,statictype_alias,__StaticType_ALokiDropPodLaser
0x093ae9,604905,38,B,43,A_modules,GameMode/DropPhase/LokiDropPodLaser.as,,source_path,GameMode/DropPhase/LokiDropPodLaser.as
0x093b18,604952,32,A,36,A_modules,GameMode/DropPhase/LokiDropShip.as,,dotted_name,GameMode.DropPhase.LokiDropShip
0x093b3c,604988,31,B,36,A_modules,GameMode/DropPhase/LokiDropShip.as,,dotted_name,GameMode.DropPhase.LokiDropShip
0x093b64,605028,13,B,18,A_modules,GameMode/DropPhase/LokiDropShip.as,,identifier,ALokiDropShip
0x093c12,605202,11,B,16,A_modules,GameMode/DropPhase/LokiDropShip.as,,identifier,StaticClass
0x093c22,605218,13,B,18,A_modules,GameMode/DropPhase/LokiDropShip.as,,identifier,ALokiDropShip
0x093cd8,605400,5,B,10,A_modules,GameMode/DropPhase/LokiDropShip.as,,identifier,Spawn
0x093ce2,605410,13,B,18,A_modules,GameMode/DropPhase/LokiDropShip.as,,identifier,ALokiDropShip
0x093dd4,605652,8,B,13,A_modules,GameMode/DropPhase/LokiDropShip.as,,identifier,Location
0x093de1,605665,8,B,13,A_modules,GameMode/DropPhase/LokiDropShip.as,,identifier,Rotation
0x093dee,605678,4,B,9,A_modules,GameMode/DropPhase/LokiDropShip.as,,identifier,Name
0x093df7,605687,14,B,19,A_modules,GameMode/DropPhase/LokiDropShip.as,,identifier,bDeferredSpawn
0x093e0a,605706,5,B,10,A_modules,GameMode/DropPhase/LokiDropShip.as,,identifier,Level
0x093e30,605744,21,B,26,A_modules,GameMode/DropPhase/LokiDropShip.as,,default_arg_expr,FVector :: ZeroVector
0x093e4a,605770,23,B,28,A_modules,GameMode/DropPhase/LokiDropShip.as,,default_arg_expr,FRotator :: ZeroRotator
0x093e66,605798,9,B,14,A_modules,GameMode/DropPhase/LokiDropShip.as,,default_arg_expr,NAME_None
0x093e74,605812,5,B,10,A_modules,GameMode/DropPhase/LokiDropShip.as,,default_arg_expr,false
0x093e7e,605822,7,B,12,A_modules,GameMode/DropPhase/LokiDropShip.as,,default_arg_expr,nullptr
0x093f1a,605978,1,B,6,A_modules,GameMode/DropPhase/LokiDropShip.as,,identifier,J
0x093faa,606122,13,B,18,A_modules,GameMode/DropPhase/LokiDropShip.as,,identifier,ALokiDropShip
0x093fc8,606152,16,B,21,A_modules,GameMode/DropPhase/LokiDropShip.as,,identifier,TeamDropPodClass
0x094059,606297,19,B,24,A_modules,GameMode/DropPhase/LokiDropShip.as,,identifier,SpawnDropPodForTeam
0x09410d,606477,9,B,14,A_modules,GameMode/DropPhase/LokiDropShip.as,,identifier,TeamIndex
0x09411b,606491,13,B,18,A_modules,GameMode/DropPhase/LokiDropShip.as,,identifier,SpawnLocation
0x09412d,606509,15,B,20,A_modules,GameMode/DropPhase/LokiDropShip.as,,identifier,LandingLocation
0x0943b5,607157,1,B,6,A_modules,GameMode/DropPhase/LokiDropShip.as,,identifier,R
0x094459,607321,2,A,6,A_modules,GameMode/DropPhase/LokiDropShip.as,,suspect_short, 
0x09455d,607581,19,B,24,A_modules,GameMode/DropPhase/LokiDropShip.as,,identifier,SpawnDropPodForTeam
0x0945c5,607685,17,B,22,A_modules,GameMode/DropPhase/LokiDropShip.as,,identifier,GetTeamDropLeader
0x09462f,607791,9,B,14,A_modules,GameMode/DropPhase/LokiDropShip.as,,identifier,TeamIndex
0x0949c5,608709,13,B,18,A_modules,GameMode/DropPhase/LokiDropShip.as,,identifier,ALokiDropShip
0x094ae7,608999,14,B,19,A_modules,GameMode/DropPhase/LokiDropShip.as,,identifier,ALokiDropPlane
0x094afa,609018,26,B,31,A_modules,GameMode/DropPhase/LokiDropShip.as,,asset_path,/Script/Loki.LokiDropPlane
0x094b39,609081,26,B,31,A_modules,GameMode/DropPhase/LokiDropShip.as,,statictype_alias,__StaticType_ALokiDropShip
0x094b70,609136,26,B,31,A_modules,GameMode/DropPhase/LokiDropShip.as,,statictype_alias,__StaticType_ALokiDropShip
0x094bd7,609239,34,B,39,A_modules,GameMode/DropPhase/LokiDropShip.as,,source_path,GameMode/DropPhase/LokiDropShip.as
0x094c02,609282,24,A,28,A_modules,GameState/LokiGameState.as,,dotted_name,GameState.LokiGameState
0x094c1e,609310,23,B,28,A_modules,GameState/LokiGameState.as,,dotted_name,GameState.LokiGameState
0x094c3e,609342,17,B,22,A_modules,GameState/LokiGameState.as,,identifier,ALokiGameState_AS
0x094cf0,609520,11,B,16,A_modules,GameState/LokiGameState.as,,identifier,StaticClass
0x094d00,609536,17,B,22,A_modules,GameState/LokiGameState.as,,identifier,ALokiGameState_AS
0x094dba,609722,5,B,10,A_modules,GameState/LokiGameState.as,,identifier,Spawn
0x094dc4,609732,17,B,22,A_modules,GameState/LokiGameState.as,,identifier,ALokiGameState_AS
0x094eba,609978,8,B,13,A_modules,GameState/LokiGameState.as,,identifier,Location
0x094ec7,609991,8,B,13,A_modules,GameState/LokiGameState.as,,identifier,Rotation
0x094ed4,610004,4,B,9,A_modules,GameState/LokiGameState.as,,identifier,Name
0x094edd,610013,14,B,19,A_modules,GameState/LokiGameState.as,,identifier,bDeferredSpawn
0x094ef0,610032,5,B,10,A_modules,GameState/LokiGameState.as,,identifier,Level
0x094f16,610070,21,B,26,A_modules,GameState/LokiGameState.as,,default_arg_expr,FVector :: ZeroVector
0x094f30,610096,23,B,28,A_modules,GameState/LokiGameState.as,,default_arg_expr,FRotator :: ZeroRotator
0x094f4c,610124,9,B,14,A_modules,GameState/LokiGameState.as,,default_arg_expr,NAME_None
0x094f5a,610138,5,B,10,A_modules,GameState/LokiGameState.as,,default_arg_expr,false
0x094f64,610148,7,B,12,A_modules,GameState/LokiGameState.as,,default_arg_expr,nullptr
0x095000,610304,1,B,6,A_modules,GameState/LokiGameState.as,,identifier,J
0x095090,610448,17,B,22,A_modules,GameState/LokiGameState.as,,identifier,ALokiGameState_AS
0x0950b2,610482,12,B,17,A_modules,GameState/LokiGameState.as,,identifier,UAVComponent
0x0950f7,610551,18,B,23,A_modules,GameState/LokiGameState.as,,identifier,EditInlineDefaults
0x09510e,610574,16,B,21,A_modules,GameState/LokiGameState.as,,identifier,DefaultComponent
0x095127,610599,4,B,9,A_modules,GameState/LokiGameState.as,,default_arg_expr,true
0x095130,610608,4,B,9,A_modules,GameState/LokiGameState.as,,identifier,True
0x095195,610709,17,B,22,A_modules,GameState/LokiGameState.as,,identifier,ALokiGameState_AS
0x095287,610951,14,B,19,A_modules,GameState/LokiGameState.as,,identifier,ALokiGameState
0x09529a,610970,26,B,31,A_modules,GameState/LokiGameState.as,,asset_path,/Script/Loki.LokiGameState
0x0952d9,611033,30,B,35,A_modules,GameState/LokiGameState.as,,statictype_alias,__StaticType_ALokiGameState_AS
0x095314,611092,30,B,35,A_modules,GameState/LokiGameState.as,,statictype_alias,__StaticType_ALokiGameState_AS
0x09537f,611199,26,B,31,A_modules,GameState/LokiGameState.as,,source_path,GameState/LokiGameState.as
0x0953a2,611234,43,A,47,A_modules,Interaction/LokiInteractionPlayerComponent.as,,dotted_name,Interaction.LokiInteractionPlayerComponent
0x0953d1,611281,42,B,47,A_modules,Interaction/LokiInteractionPlayerComponent.as,,dotted_name,Interaction.LokiInteractionPlayerComponent
0x095404,611332,31,B,36,A_modules,Interaction/LokiInteractionPlayerComponent.as,,identifier,ULokiInteractionPlayerComponent
0x0954c4,611524,11,B,16,A_modules,Interaction/LokiInteractionPlayerComponent.as,,identifier,StaticClass
0x0954d4,611540,31,B,36,A_modules,Interaction/LokiInteractionPlayerComponent.as,,identifier,ULokiInteractionPlayerComponent
0x09559c,611740,3,B,8,A_modules,Interaction/LokiInteractionPlayerComponent.as,,identifier,Get
0x0955a4,611748,31,B,36,A_modules,Interaction/LokiInteractionPlayerComponent.as,,identifier,ULokiInteractionPlayerComponent
0x09563c,611900,5,B,10,A_modules,Interaction/LokiInteractionPlayerComponent.as,,identifier,Actor
0x095646,611910,8,B,13,A_modules,Interaction/LokiInteractionPlayerComponent.as,,identifier,WithName
0x095667,611943,9,B,14,A_modules,Interaction/LokiInteractionPlayerComponent.as,,default_arg_expr,NAME_None
0x0956f5,612085,11,B,16,A_modules,Interaction/LokiInteractionPlayerComponent.as,,identifier,GetOrCreate
0x095705,612101,31,B,36,A_modules,Interaction/LokiInteractionPlayerComponent.as,,identifier,ULokiInteractionPlayerComponent
0x09579d,612253,5,B,10,A_modules,Interaction/LokiInteractionPlayerComponent.as,,identifier,Actor
0x0957a7,612263,8,B,13,A_modules,Interaction/LokiInteractionPlayerComponent.as,,identifier,WithName
0x0957c8,612296,9,B,14,A_modules,Interaction/LokiInteractionPlayerComponent.as,,default_arg_expr,NAME_None
0x095856,612438,6,B,11,A_modules,Interaction/LokiInteractionPlayerComponent.as,,identifier,Create
0x095861,612449,31,B,36,A_modules,Interaction/LokiInteractionPlayerComponent.as,,identifier,ULokiInteractionPlayerComponent
0x0958f9,612601,5,B,10,A_modules,Interaction/LokiInteractionPlayerComponent.as,,identifier,Actor
0x095903,612611,8,B,13,A_modules,Interaction/LokiInteractionPlayerComponent.as,,identifier,WithName
0x095924,612644,9,B,14,A_modules,Interaction/LokiInteractionPlayerComponent.as,,default_arg_expr,NAME_None
0x0959b6,612790,15,B,20,A_modules,Interaction/LokiInteractionPlayerComponent.as,,identifier,FLokiUsableData
0x0959d6,612822,5,B,10,A_modules,Interaction/LokiInteractionPlayerComponent.as,,identifier,Actor
0x095a58,612952,16,B,21,A_modules,Interaction/LokiInteractionPlayerComponent.as,,identifier,OverlapComponent
0x095ae5,613093,15,B,20,A_modules,Interaction/LokiInteractionPlayerComponent.as,,identifier,UsableComponent
0x095b75,613237,6,B,11,A_modules,Interaction/LokiInteractionPlayerComponent.as,,identifier,Equals
0x095bd4,613332,12,B,17,A_modules,Interaction/LokiInteractionPlayerComponent.as,,identifier,InUsableData
0x095cf1,613617,9,B,14,A_modules,Interaction/LokiInteractionPlayerComponent.as,,identifier,NotEquals
0x095d53,613715,12,B,17,A_modules,Interaction/LokiInteractionPlayerComponent.as,,identifier,InUsableData
0x095e70,614000,7,B,12,A_modules,Interaction/LokiInteractionPlayerComponent.as,,identifier,SetData
0x095f18,614168,7,B,12,A_modules,Interaction/LokiInteractionPlayerComponent.as,,identifier,InActor
0x095f24,614180,18,B,23,A_modules,Interaction/LokiInteractionPlayerComponent.as,,identifier,InOverlapComponent
0x095f3b,614203,17,B,22,A_modules,Interaction/LokiInteractionPlayerComponent.as,,identifier,InUsableComponent
0x095ff9,614393,5,B,10,A_modules,Interaction/LokiInteractionPlayerComponent.as,,identifier,Clear
0x0960db,614619,15,B,20,A_modules,Interaction/LokiInteractionPlayerComponent.as,,identifier,FLokiUsableData
0x0961a3,614819,15,B,20,A_modules,Interaction/LokiInteractionPlayerComponent.as,,identifier,FLokiUsableData
0x096253,614995,7,B,12,A_modules,Interaction/LokiInteractionPlayerComponent.as,,identifier,InActor
0x09625f,615007,18,B,23,A_modules,Interaction/LokiInteractionPlayerComponent.as,,identifier,InOverlapComponent
0x096276,615030,17,B,22,A_modules,Interaction/LokiInteractionPlayerComponent.as,,identifier,InUsableComponent
0x0963f8,615416,31,B,36,A_modules,Interaction/LokiInteractionPlayerComponent.as,,identifier,ULokiInteractionPlayerComponent
0x096428,615464,12,B,17,A_modules,Interaction/LokiInteractionPlayerComponent.as,,identifier,CachedLokiPC
0x096469,615529,19,B,24,A_modules,Interaction/LokiInteractionPlayerComponent.as,,identifier,CachedLokiCharacter
0x0964b1,615601,23,B,28,A_modules,Interaction/LokiInteractionPlayerComponent.as,,identifier,CachedLokiAbilitySystem
0x0964fd,615677,24,B,29,A_modules,Interaction/LokiInteractionPlayerComponent.as,,identifier,UsableDetectionComponent
0x09654a,615754,12,B,17,A_modules,Interaction/LokiInteractionPlayerComponent.as,,identifier,ActiveUsable
0x09658b,615819,14,B,19,A_modules,Interaction/LokiInteractionPlayerComponent.as,,identifier,SelectedUsable
0x0965ce,615886,13,B,18,A_modules,Interaction/LokiInteractionPlayerComponent.as,,identifier,HoveredUsable
0x096610,615952,13,B,18,A_modules,Interaction/LokiInteractionPlayerComponent.as,,identifier,FocusedUsable
0x096652,616018,10,B,15,A_modules,Interaction/LokiInteractionPlayerComponent.as,,identifier,UsableList
0x096691,616081,24,B,29,A_modules,Interaction/LokiInteractionPlayerComponent.as,,identifier,bInteractionInputPressed
0x0966de,616158,28,B,33,A_modules,Interaction/LokiInteractionPlayerComponent.as,,identifier,InteractionCooldownStartTime
0x09672f,616239,26,B,31,A_modules,Interaction/LokiInteractionPlayerComponent.as,,identifier,MinInteractionCooldownTime
0x09677e,616318,31,B,36,A_modules,Interaction/LokiInteractionPlayerComponent.as,,identifier,bInputHoldInteractionCanProcess
0x0967d2,616402,30,B,35,A_modules,Interaction/LokiInteractionPlayerComponent.as,,identifier,bCanProcessBufferedInteraction
0x096825,616485,33,B,38,A_modules,Interaction/LokiInteractionPlayerComponent.as,,identifier,ProcessInteractionBufferStartTime
0x09687b,616571,33,B,38,A_modules,Interaction/LokiInteractionPlayerComponent.as,,identifier,MaxProcessBufferedInteractionTime
0x0968d1,616657,24,B,29,A_modules,Interaction/LokiInteractionPlayerComponent.as,,identifier,bHoveredComponentIsValid
0x09691e,616734,30,B,35,A_modules,Interaction/LokiInteractionPlayerComponent.as,,identifier,bIsSupportingCooldownBuffering
0x096971,616817,19,B,24,A_modules,Interaction/LokiInteractionPlayerComponent.as,,identifier,UsableNotFoundAudio
0x096a01,616961,26,B,31,A_modules,Interaction/LokiInteractionPlayerComponent.as,,identifier,OnInteractionUsableChanged
0x096a98,617112,20,B,25,A_modules,Interaction/LokiInteractionPlayerComponent.as,,identifier,OnInteractionPressed
0x096b29,617257,21,B,26,A_modules,Interaction/LokiInteractionPlayerComponent.as,,identifier,OnInteractionReleased
0x096bbf,617407,24,B,29,A_modules,Interaction/LokiInteractionPlayerComponent.as,,identifier,BeginPlay_Implementation
0x096dac,617900,9,B,14,A_modules,Interaction/LokiInteractionPlayerComponent.as,,identifier,BeginPlay
0x096e0a,617994,6,B,11,A_modules,Interaction/LokiInteractionPlayerComponent.as,,identifier,OnTest
0x096e8d,618125,5,B,10,A_modules,Interaction/LokiInteractionPlayerComponent.as,,identifier,Event
0x096e97,618135,7,B,12,A_modules,Interaction/LokiInteractionPlayerComponent.as,,identifier,Context
0x097013,618515,6,B,11,A_modules,Interaction/LokiInteractionPlayerComponent.as,,identifier,OnTest
0x09706e,618606,19,B,24,A_modules,Interaction/LokiInteractionPlayerComponent.as,,identifier,Tick_Implementation
0x0970da,618714,12,B,17,A_modules,Interaction/LokiInteractionPlayerComponent.as,,identifier,DeltaSeconds
0x0975e3,620003,4,B,9,A_modules,Interaction/LokiInteractionPlayerComponent.as,,identifier,Tick
0x09763c,620092,9,B,14,A_modules,Interaction/LokiInteractionPlayerComponent.as,,identifier,AddUsable
0x09769e,620190,8,B,13,A_modules,Interaction/LokiInteractionPlayerComponent.as,,identifier,InUsable
0x097987,620935,9,B,14,A_modules,Interaction/LokiInteractionPlayerComponent.as,,identifier,AddUsable
0x0979e5,621029,12,B,17,A_modules,Interaction/LokiInteractionPlayerComponent.as,,identifier,RemoveUsable
0x097a4a,621130,8,B,13,A_modules,Interaction/LokiInteractionPlayerComponent.as,,identifier,InUsable
0x097caf,621743,12,B,17,A_modules,Interaction/LokiInteractionPlayerComponent.as,,identifier,RemoveUsable
0x097d10,621840,30,B,35,A_modules,Interaction/LokiInteractionPlayerComponent.as,,identifier,ProcessInteractionInputPressed
0x097dcb,622027,30,B,35,A_modules,Interaction/LokiInteractionPlayerComponent.as,,identifier,ProcessInteractionInputPressed
0x097e3e,622142,31,B,36,A_modules,Interaction/LokiInteractionPlayerComponent.as,,identifier,ProcessInteractionInputReleased
0x09807a,622714,31,B,36,A_modules,Interaction/LokiInteractionPlayerComponent.as,,identifier,ProcessInteractionInputReleased
0x0980ee,622830,20,B,25,A_modules,Interaction/LokiInteractionPlayerComponent.as,,identifier,CancelUsableIfActive
0x09815b,622939,13,B,18,A_modules,Interaction/LokiInteractionPlayerComponent.as,,identifier,InUsableActor
0x098359,623449,20,B,25,A_modules,Interaction/LokiInteractionPlayerComponent.as,,identifier,CancelUsableIfActive
0x0983c2,623554,25,B,30,A_modules,Interaction/LokiInteractionPlayerComponent.as,,identifier,RequestCancelActiveUsable
0x0984ec,623852,25,B,30,A_modules,Interaction/LokiInteractionPlayerComponent.as,,identifier,RequestCancelActiveUsable
0x09855a,623962,20,B,25,A_modules,Interaction/LokiInteractionPlayerComponent.as,,identifier,IsActorFocusedUsable
0x0985c7,624071,7,B,12,A_modules,Interaction/LokiInteractionPlayerComponent.as,,identifier,InActor
0x0986ab,624299,20,B,25,A_modules,Interaction/LokiInteractionPlayerComponent.as,,identifier,IsActorFocusedUsable
0x098714,624404,19,B,24,A_modules,Interaction/LokiInteractionPlayerComponent.as,,identifier,OnPlayerInitialized
0x0987c8,624584,5,B,10,A_modules,Interaction/LokiInteractionPlayerComponent.as,,identifier,Event
0x0987d2,624594,9,B,14,A_modules,Interaction/LokiInteractionPlayerComponent.as,,identifier,EventType
0x0987e0,624608,7,B,12,A_modules,Interaction/LokiInteractionPlayerComponent.as,,identifier,Context
0x098854,624724,1,B,6,A_modules,Interaction/LokiInteractionPlayerComponent.as,,identifier,J
0x098874,624756,2,A,6,A_modules,Interaction/LokiInteractionPlayerComponent.as,,identifier,K
0x098900,624896,1,B,6,A_modules,Interaction/LokiInteractionPlayerComponent.as,,identifier,J
0x098980,625024,2,A,6,A_modules,Interaction/LokiInteractionPlayerComponent.as,,identifier,B
0x0989b8,625080,19,B,24,A_modules,Interaction/LokiInteractionPlayerComponent.as,,identifier,OnPlayerInitialized
0x098a20,625184,31,B,36,A_modules,Interaction/LokiInteractionPlayerComponent.as,,identifier,OnSpawnedCharacterChangedCalled
0x098a98,625304,12,B,17,A_modules,Interaction/LokiInteractionPlayerComponent.as,,identifier,NewCharacter
0x098c4d,625741,1,B,6,A_modules,Interaction/LokiInteractionPlayerComponent.as,,identifier,J
0x098c8d,625805,2,A,6,A_modules,Interaction/LokiInteractionPlayerComponent.as,,identifier,L
0x098d31,625969,2,A,6,A_modules,Interaction/LokiInteractionPlayerComponent.as,,identifier,M
0x098ee1,626401,31,B,36,A_modules,Interaction/LokiInteractionPlayerComponent.as,,identifier,OnSpawnedCharacterChangedCalled
0x098f55,626517,12,B,17,A_modules,Interaction/LokiInteractionPlayerComponent.as,,identifier,ClearUsables
0x0990a6,626854,18,B,23,A_modules,Interaction/LokiInteractionPlayerComponent.as,,identifier,CancelActiveUsable
0x099111,626961,10,B,15,A_modules,Interaction/LokiInteractionPlayerComponent.as,,identifier,ResultType
0x0994b8,627896,35,B,40,A_modules,Interaction/LokiInteractionPlayerComponent.as,,identifier,ShouldCancelActiveUsableInteraction
0x099594,628116,26,B,31,A_modules,Interaction/LokiInteractionPlayerComponent.as,,identifier,OnLivingStateChangedCalled
0x09962b,628267,11,B,16,A_modules,Interaction/LokiInteractionPlayerComponent.as,,identifier,LivingState
0x09963b,628283,13,B,18,A_modules,Interaction/LokiInteractionPlayerComponent.as,,identifier,LokiCharacter
0x0996c5,628421,26,B,31,A_modules,Interaction/LokiInteractionPlayerComponent.as,,identifier,OnLivingStateChangedCalled
0x099734,628532,32,B,37,A_modules,Interaction/LokiInteractionPlayerComponent.as,,identifier,OnAbilitySystemInitializedCalled
0x0997ad,628653,15,B,20,A_modules,Interaction/LokiInteractionPlayerComponent.as,,identifier,LokiASComponent
0x0997f1,628721,2,A,6,A_modules,Interaction/LokiInteractionPlayerComponent.as,,identifier,N
0x099859,628825,1,B,6,A_modules,Interaction/LokiInteractionPlayerComponent.as,,suspect_short, 
0x0998d2,628946,26,B,31,A_modules,Interaction/LokiInteractionPlayerComponent.as,,identifier,OnGameplaySpellAddedCalled
0x099969,629097,7,B,12,A_modules,Interaction/LokiInteractionPlayerComponent.as,,identifier,Ability
0x099975,629109,12,B,17,A_modules,Interaction/LokiInteractionPlayerComponent.as,,identifier,SourceObject
0x099a06,629254,1,B,6,A_modules,Interaction/LokiInteractionPlayerComponent.as,,identifier,J
0x099ade,629470,26,B,31,A_modules,Interaction/LokiInteractionPlayerComponent.as,,identifier,OnGameplaySpellAddedCalled
0x099b4d,629581,27,B,32,A_modules,Interaction/LokiInteractionPlayerComponent.as,,identifier,ProcessInteractionSelection
0x09a0a9,630953,20,B,25,A_modules,Interaction/LokiInteractionPlayerComponent.as,,identifier,UpdateSelectedUsable
0x09a10e,631054,2,A,6,A_modules,Interaction/LokiInteractionPlayerComponent.as,,suspect_short,0
0x09a232,631346,1,B,6,A_modules,Interaction/LokiInteractionPlayerComponent.as,,identifier,P
0x09a282,631426,1,B,6,A_modules,Interaction/LokiInteractionPlayerComponent.as,,identifier,P
0x09a28a,631434,2,A,6,A_modules,Interaction/LokiInteractionPlayerComponent.as,,suspect_short,0
0x09a866,632934,14,B,19,A_modules,Interaction/LokiInteractionPlayerComponent.as,,identifier,IsInUsableList
0x09a8cd,633037,8,B,13,A_modules,Interaction/LokiInteractionPlayerComponent.as,,identifier,InUsable
0x09a94e,633166,24,B,29,A_modules,Interaction/LokiInteractionPlayerComponent.as,,identifier,ProcessActiveInteraction
0x09aa27,633383,1,B,6,A_modules,Interaction/LokiInteractionPlayerComponent.as,,suspect_short,0
0x09ac7b,633979,2,A,6,A_modules,Interaction/LokiInteractionPlayerComponent.as,,identifier,P
0x09ae6b,634475,14,B,19,A_modules,Interaction/LokiInteractionPlayerComponent.as,,identifier,ActivateUsable
0x09aed2,634578,8,B,13,A_modules,Interaction/LokiInteractionPlayerComponent.as,,identifier,InUsable
0x09afff,634879,2,A,6,A_modules,Interaction/LokiInteractionPlayerComponent.as,,suspect_short,$
0x09b037,634935,25,B,30,A_modules,Interaction/LokiInteractionPlayerComponent.as,,identifier,InteractionsAreOnCooldown
0x09b175,635253,25,B,30,A_modules,Interaction/LokiInteractionPlayerComponent.as,,identifier,ResetInteractionsCooldown
0x09b24b,635467,29,B,34,A_modules,Interaction/LokiInteractionPlayerComponent.as,,identifier,StartProcessInteractionBuffer
0x09b339,635705,28,B,33,A_modules,Interaction/LokiInteractionPlayerComponent.as,,identifier,StopProcessInteractionBuffer
0x09b3fe,635902,29,B,34,A_modules,Interaction/LokiInteractionPlayerComponent.as,,identifier,CanProcessBufferedInteraction
0x09b530,636208,26,B,31,A_modules,Interaction/LokiInteractionPlayerComponent.as,,identifier,TryProcessingBufferedInput
0x09b5a3,636323,10,B,15,A_modules,Interaction/LokiInteractionPlayerComponent.as,,identifier,UsableComp
0x09b6aa,636586,2,A,6,A_modules,Interaction/LokiInteractionPlayerComponent.as,,identifier,P
0x09b7ee,636910,31,B,36,A_modules,Interaction/LokiInteractionPlayerComponent.as,,identifier,ULokiInteractionPlayerComponent
0x09b9e2,637410,1,B,6,A_modules,Interaction/LokiInteractionPlayerComponent.as,,suspect_short, 
0x09bae3,637667,31,B,36,A_modules,Interaction/LokiInteractionPlayerComponent.as,,identifier,ULokiPlayerInteractionComponent
0x09bb07,637703,43,B,48,A_modules,Interaction/LokiInteractionPlayerComponent.as,,asset_path,/Script/Loki.LokiPlayerInteractionComponent
0x09bb57,637783,44,B,49,A_modules,Interaction/LokiInteractionPlayerComponent.as,,statictype_alias,__StaticType_ULokiInteractionPlayerComponent
0x09bb98,637848,35,B,40,A_modules,Interaction/LokiInteractionPlayerComponent.as,,identifier,FOnInteractionUsableChangedDelegate
0x09bbcc,637900,6,B,11,A_modules,Interaction/LokiInteractionPlayerComponent.as,,identifier,_Inner
0x09bc0b,637963,8,B,13,A_modules,Interaction/LokiInteractionPlayerComponent.as,,internal_symbol,opAssign
0x09bc6c,638060,5,B,10,A_modules,Interaction/LokiInteractionPlayerComponent.as,,identifier,Other
0x09bcf2,638194,9,B,14,A_modules,Interaction/LokiInteractionPlayerComponent.as,,identifier,Broadcast
0x09bd78,638328,11,B,16,A_modules,Interaction/LokiInteractionPlayerComponent.as,,identifier,UsableActor
0x09bd88,638344,27,B,32,A_modules,Interaction/LokiInteractionPlayerComponent.as,,identifier,UsableActorOverlapComponent
0x09be6c,638572,12,B,17,A_modules,Interaction/LokiInteractionPlayerComponent.as,,identifier,AddUFunction
0x09bef5,638709,6,B,11,A_modules,Interaction/LokiInteractionPlayerComponent.as,,identifier,Object
0x09bf00,638720,12,B,17,A_modules,Interaction/LokiInteractionPlayerComponent.as,,identifier,FunctionName
0x09bfb5,638901,6,B,11,A_modules,Interaction/LokiInteractionPlayerComponent.as,,identifier,Unbind
0x09c038,639032,6,B,11,A_modules,Interaction/LokiInteractionPlayerComponent.as,,identifier,Object
0x09c043,639043,12,B,17,A_modules,Interaction/LokiInteractionPlayerComponent.as,,identifier,FunctionName
0x09c0cc,639180,12,B,17,A_modules,Interaction/LokiInteractionPlayerComponent.as,,identifier,UnbindObject
0x09c131,639281,6,B,11,A_modules,Interaction/LokiInteractionPlayerComponent.as,,identifier,Object
0x09c1a8,639400,7,B,12,A_modules,Interaction/LokiInteractionPlayerComponent.as,,identifier,IsBound
0x09c24c,639564,5,B,10,A_modules,Interaction/LokiInteractionPlayerComponent.as,,identifier,Clear
0x09c2fa,639738,2,A,6,A_modules,Interaction/LokiInteractionPlayerComponent.as,,suspect_short,#
0x09c3b6,639926,35,B,40,A_modules,Interaction/LokiInteractionPlayerComponent.as,,identifier,FOnInteractionUsableChangedDelegate
0x09c432,640050,5,B,10,A_modules,Interaction/LokiInteractionPlayerComponent.as,,identifier,Other
0x09c4f4,640244,1,B,6,A_modules,Interaction/LokiInteractionPlayerComponent.as,,suspect_short,$
0x09c5bd,640445,29,B,34,A_modules,Interaction/LokiInteractionPlayerComponent.as,,identifier,FOnInteractionPressedDelegate
0x09c5eb,640491,6,B,11,A_modules,Interaction/LokiInteractionPlayerComponent.as,,identifier,_Inner
0x09c62a,640554,8,B,13,A_modules,Interaction/LokiInteractionPlayerComponent.as,,internal_symbol,opAssign
0x09c68b,640651,5,B,10,A_modules,Interaction/LokiInteractionPlayerComponent.as,,identifier,Other
0x09c711,640785,9,B,14,A_modules,Interaction/LokiInteractionPlayerComponent.as,,identifier,Broadcast
0x09c773,640883,11,B,16,A_modules,Interaction/LokiInteractionPlayerComponent.as,,identifier,UsableActor
0x09c82f,641071,12,B,17,A_modules,Interaction/LokiInteractionPlayerComponent.as,,identifier,AddUFunction
0x09c8b8,641208,6,B,11,A_modules,Interaction/LokiInteractionPlayerComponent.as,,identifier,Object
0x09c8c3,641219,12,B,17,A_modules,Interaction/LokiInteractionPlayerComponent.as,,identifier,FunctionName
0x09c978,641400,6,B,11,A_modules,Interaction/LokiInteractionPlayerComponent.as,,identifier,Unbind
0x09c9fb,641531,6,B,11,A_modules,Interaction/LokiInteractionPlayerComponent.as,,identifier,Object
0x09ca06,641542,12,B,17,A_modules,Interaction/LokiInteractionPlayerComponent.as,,identifier,FunctionName
0x09ca8f,641679,12,B,17,A_modules,Interaction/LokiInteractionPlayerComponent.as,,identifier,UnbindObject
0x09caf4,641780,6,B,11,A_modules,Interaction/LokiInteractionPlayerComponent.as,,identifier,Object
0x09cb6b,641899,7,B,12,A_modules,Interaction/LokiInteractionPlayerComponent.as,,identifier,IsBound
0x09cc0f,642063,5,B,10,A_modules,Interaction/LokiInteractionPlayerComponent.as,,identifier,Clear
0x09ccc1,642241,29,B,34,A_modules,Interaction/LokiInteractionPlayerComponent.as,,identifier,FOnInteractionPressedDelegate
0x09cd73,642419,29,B,34,A_modules,Interaction/LokiInteractionPlayerComponent.as,,identifier,FOnInteractionPressedDelegate
0x09cde9,642537,5,B,10,A_modules,Interaction/LokiInteractionPlayerComponent.as,,identifier,Other
0x09ceaf,642735,30,B,35,A_modules,Interaction/LokiInteractionPlayerComponent.as,,other,~FOnInteractionPressedDelegate
0x09cf6e,642926,30,B,35,A_modules,Interaction/LokiInteractionPlayerComponent.as,,identifier,FOnInteractionReleasedDelegate
0x09cf9d,642973,6,B,11,A_modules,Interaction/LokiInteractionPlayerComponent.as,,identifier,_Inner
0x09cfdc,643036,8,B,13,A_modules,Interaction/LokiInteractionPlayerComponent.as,,internal_symbol,opAssign
0x09d03d,643133,5,B,10,A_modules,Interaction/LokiInteractionPlayerComponent.as,,identifier,Other
0x09d0c3,643267,9,B,14,A_modules,Interaction/LokiInteractionPlayerComponent.as,,identifier,Broadcast
0x09d125,643365,11,B,16,A_modules,Interaction/LokiInteractionPlayerComponent.as,,identifier,UsableActor
0x09d1e1,643553,12,B,17,A_modules,Interaction/LokiInteractionPlayerComponent.as,,identifier,AddUFunction
0x09d26a,643690,6,B,11,A_modules,Interaction/LokiInteractionPlayerComponent.as,,identifier,Object
0x09d275,643701,12,B,17,A_modules,Interaction/LokiInteractionPlayerComponent.as,,identifier,FunctionName
0x09d32a,643882,6,B,11,A_modules,Interaction/LokiInteractionPlayerComponent.as,,identifier,Unbind
0x09d3ad,644013,6,B,11,A_modules,Interaction/LokiInteractionPlayerComponent.as,,identifier,Object
0x09d3b8,644024,12,B,17,A_modules,Interaction/LokiInteractionPlayerComponent.as,,identifier,FunctionName
0x09d441,644161,12,B,17,A_modules,Interaction/LokiInteractionPlayerComponent.as,,identifier,UnbindObject
0x09d4a6,644262,6,B,11,A_modules,Interaction/LokiInteractionPlayerComponent.as,,identifier,Object
0x09d51d,644381,7,B,12,A_modules,Interaction/LokiInteractionPlayerComponent.as,,identifier,IsBound
0x09d5c1,644545,5,B,10,A_modules,Interaction/LokiInteractionPlayerComponent.as,,identifier,Clear
0x09d673,644723,30,B,35,A_modules,Interaction/LokiInteractionPlayerComponent.as,,identifier,FOnInteractionReleasedDelegate
0x09d726,644902,30,B,35,A_modules,Interaction/LokiInteractionPlayerComponent.as,,identifier,FOnInteractionReleasedDelegate
0x09d79d,645021,5,B,10,A_modules,Interaction/LokiInteractionPlayerComponent.as,,identifier,Other
0x09d863,645219,31,B,36,A_modules,Interaction/LokiInteractionPlayerComponent.as,,other,~FOnInteractionReleasedDelegate
0x09d927,645415,1,B,6,A_modules,Interaction/LokiInteractionPlayerComponent.as,,suspect_short,","
0x09d9a0,645536,35,B,40,A_modules,Interaction/LokiInteractionPlayerComponent.as,,identifier,FOnInteractionUsableChangedDelegate
0x09d9c8,645576,29,B,34,A_modules,Interaction/LokiInteractionPlayerComponent.as,,identifier,FOnInteractionPressedDelegate
0x09d9ea,645610,30,B,35,A_modules,Interaction/LokiInteractionPlayerComponent.as,,identifier,FOnInteractionReleasedDelegate
0x09da11,645649,45,B,50,A_modules,Interaction/LokiInteractionPlayerComponent.as,,source_path,Interaction/LokiInteractionPlayerComponent.as
0x09da47,645703,14,A,18,A_modules,Items/LokiGem.as,,dotted_name,Items.LokiGem
0x09da59,645721,13,B,18,A_modules,Items/LokiGem.as,,dotted_name,Items.LokiGem
0x09da6f,645743,8,B,13,A_modules,Items/LokiGem.as,,identifier,ALokiGem
0x09db18,645912,33,B,38,A_modules,Items/LokiGem.as,,identifier,GetGemStartingLocationInDirection
0x09dbb6,646070,6,B,11,A_modules,Items/LokiGem.as,,identifier,Origin
0x09dbc1,646081,9,B,14,A_modules,Items/LokiGem.as,,identifier,Direction
0x09dec3,646851,1,B,6,A_modules,Items/LokiGem.as,,suspect_short,!
0x09df3d,646973,28,B,33,A_modules,Items/LokiGem.as,,identifier,GetGemRandomStartingLocation
0x09dfb2,647090,6,B,11,A_modules,Items/LokiGem.as,,identifier,Origin
0x09e0f5,647413,28,B,33,A_modules,Items/LokiGem.as,,identifier,GetGemRandomStartingLocation
0x09e166,647526,21,B,26,A_modules,Items/LokiGem.as,,identifier,SpawnExtraGemWithTeam
0x09e21c,647708,8,B,13,A_modules,Items/LokiGem.as,,identifier,GemClass
0x09e229,647721,13,B,18,A_modules,Items/LokiGem.as,,identifier,SpawnLocation
0x09e23b,647739,9,B,14,A_modules,Items/LokiGem.as,,identifier,TeamIndex
0x09e439,648249,21,B,26,A_modules,Items/LokiGem.as,,identifier,SpawnExtraGemWithTeam
0x09e4a3,648355,11,B,16,A_modules,Items/LokiGem.as,,identifier,StaticClass
0x09e4b3,648371,8,B,13,A_modules,Items/LokiGem.as,,identifier,ALokiGem
0x09e550,648528,4,B,9,A_modules,Items/LokiGem.as,,other,e+g3
0x09e564,648548,5,B,10,A_modules,Items/LokiGem.as,,identifier,Spawn
0x09e56e,648558,8,B,13,A_modules,Items/LokiGem.as,,identifier,ALokiGem
0x09e65b,648795,8,B,13,A_modules,Items/LokiGem.as,,identifier,Location
0x09e668,648808,8,B,13,A_modules,Items/LokiGem.as,,identifier,Rotation
0x09e675,648821,4,B,9,A_modules,Items/LokiGem.as,,identifier,Name
0x09e67e,648830,14,B,19,A_modules,Items/LokiGem.as,,identifier,bDeferredSpawn
0x09e691,648849,5,B,10,A_modules,Items/LokiGem.as,,identifier,Level
0x09e6b7,648887,21,B,26,A_modules,Items/LokiGem.as,,default_arg_expr,FVector :: ZeroVector
0x09e6d1,648913,23,B,28,A_modules,Items/LokiGem.as,,default_arg_expr,FRotator :: ZeroRotator
0x09e6ed,648941,9,B,14,A_modules,Items/LokiGem.as,,default_arg_expr,NAME_None
0x09e6fb,648955,5,B,10,A_modules,Items/LokiGem.as,,default_arg_expr,false
0x09e705,648965,7,B,12,A_modules,Items/LokiGem.as,,default_arg_expr,nullptr
0x09e7a1,649121,1,B,6,A_modules,Items/LokiGem.as,,identifier,J
0x09e831,649265,8,B,13,A_modules,Items/LokiGem.as,,identifier,ALokiGem
0x09e84a,649290,8,B,13,A_modules,Items/LokiGem.as,,identifier,GemCount
0x09e8cf,649423,18,B,23,A_modules,Items/LokiGem.as,,identifier,BonusGemMultiplier
0x09e95e,649566,12,B,17,A_modules,Items/LokiGem.as,,identifier,GemVacuumTag
0x09e9e7,649703,12,B,17,A_modules,Items/LokiGem.as,,identifier,bIsVaultItem
0x09ea70,649840,12,B,17,A_modules,Items/LokiGem.as,,identifier,HeightToStop
0x09eaf9,649977,9,B,14,A_modules,Items/LokiGem.as,,identifier,bIsMoving
0x09eb3b,650043,15,B,20,A_modules,Items/LokiGem.as,,identifier,ReplicatedUsing
0x09eb53,650067,14,B,19,A_modules,Items/LokiGem.as,,identifier,OnRep_IsMoving
0x09ebae,650158,12,B,17,A_modules,Items/LokiGem.as,,identifier,NoPickupTime
0x09ec37,650295,18,B,23,A_modules,Items/LokiGem.as,,identifier,RootSceneComponent
0x09ec82,650370,18,B,23,A_modules,Items/LokiGem.as,,identifier,EditInlineDefaults
0x09ec99,650393,16,B,21,A_modules,Items/LokiGem.as,,identifier,DefaultComponent
0x09ecae,650414,13,B,18,A_modules,Items/LokiGem.as,,identifier,RootComponent
0x09ecc4,650436,4,B,9,A_modules,Items/LokiGem.as,,default_arg_expr,true
0x09eccd,650445,4,B,9,A_modules,Items/LokiGem.as,,identifier,True
0x09ed1a,650522,15,B,20,A_modules,Items/LokiGem.as,,identifier,SphereCollision
0x09ed62,650594,18,B,23,A_modules,Items/LokiGem.as,,identifier,EditInlineDefaults
0x09ed79,650617,16,B,21,A_modules,Items/LokiGem.as,,identifier,DefaultComponent
0x09ed8e,650638,6,B,11,A_modules,Items/LokiGem.as,,identifier,Attach
0x09ed9d,650653,4,B,9,A_modules,Items/LokiGem.as,,default_arg_expr,true
0x09eda6,650662,4,B,9,A_modules,Items/LokiGem.as,,identifier,True
0x09edaf,650671,18,B,23,A_modules,Items/LokiGem.as,,identifier,RootSceneComponent
0x09ee06,650758,18,B,23,A_modules,Items/LokiGem.as,,identifier,VisibilityReceiver
0x09ee51,650833,18,B,23,A_modules,Items/LokiGem.as,,identifier,EditInlineDefaults
0x09ee68,650856,16,B,21,A_modules,Items/LokiGem.as,,identifier,DefaultComponent
0x09ee81,650881,4,B,9,A_modules,Items/LokiGem.as,,default_arg_expr,true
0x09ee8a,650890,4,B,9,A_modules,Items/LokiGem.as,,identifier,True
0x09eed3,650963,16,B,21,A_modules,Items/LokiGem.as,,identifier,ProjMovementComp
0x09ef1c,651036,18,B,23,A_modules,Items/LokiGem.as,,identifier,EditInlineDefaults
0x09ef33,651059,16,B,21,A_modules,Items/LokiGem.as,,identifier,DefaultComponent
0x09ef4c,651084,4,B,9,A_modules,Items/LokiGem.as,,default_arg_expr,true
0x09ef55,651093,4,B,9,A_modules,Items/LokiGem.as,,identifier,True
0x09efa2,651170,28,B,33,A_modules,Items/LokiGem.as,,identifier,LokiBeginPlay_Implementation
0x09f147,651591,2,A,6,A_modules,Items/LokiGem.as,,identifier,O
0x09f23b,651835,13,B,18,A_modules,Items/LokiGem.as,,identifier,LokiBeginPlay
0x09f29d,651933,18,B,23,A_modules,Items/LokiGem.as,,identifier,EnableGemCollision
0x09f2f4,652020,2,A,6,A_modules,Items/LokiGem.as,,identifier,P
0x09f3bc,652220,18,B,23,A_modules,Items/LokiGem.as,,identifier,EnableGemCollision
0x09f423,652323,26,B,31,A_modules,Items/LokiGem.as,,identifier,LokiEndPlay_Implementation
0x09f4aa,652458,2,A,6,A_modules,Items/LokiGem.as,0x26e7973d440,identifier,P
0x09f522,652578,11,B,16,A_modules,Items/LokiGem.as,,identifier,LokiEndPlay
0x09f582,652674,19,B,24,A_modules,Items/LokiGem.as,,identifier,Tick_Implementation
0x09f5ee,652782,12,B,17,A_modules,Items/LokiGem.as,,identifier,DeltaSeconds
0x09f783,653187,4,B,9,A_modules,Items/LokiGem.as,,identifier,Tick
0x09f7dc,653276,23,B,28,A_modules,Items/LokiGem.as,,identifier,OnComponentBeginOverlap
0x09f900,653568,19,B,24,A_modules,Items/LokiGem.as,,identifier,OverlappedComponent
0x09f918,653592,10,B,15,A_modules,Items/LokiGem.as,,identifier,OtherActor
0x09f927,653607,9,B,14,A_modules,Items/LokiGem.as,,identifier,OtherComp
0x09f935,653621,14,B,19,A_modules,Items/LokiGem.as,,identifier,OtherBodyIndex
0x09f948,653640,10,B,15,A_modules,Items/LokiGem.as,,identifier,bFromSweep
0x09f957,653655,11,B,16,A_modules,Items/LokiGem.as,,identifier,SweepResult
0x09f9f3,653811,1,B,6,A_modules,Items/LokiGem.as,,identifier,J
0x09fa83,653955,1,B,6,A_modules,Items/LokiGem.as,,identifier,J
0x09fdbf,654783,23,B,28,A_modules,Items/LokiGem.as,,identifier,OnComponentBeginOverlap
0x09fe2b,654891,15,B,20,A_modules,Items/LokiGem.as,,identifier,TossInDirection
0x09fedb,655067,9,B,14,A_modules,Items/LokiGem.as,,identifier,Direction
0x09fee9,655081,6,B,11,A_modules,Items/LokiGem.as,,identifier,Length
0x09fef4,655092,17,B,22,A_modules,Items/LokiGem.as,,identifier,DirectionVariance
0x0a03ce,656334,15,B,20,A_modules,Items/LokiGem.as,,identifier,TossInDirection
0x0a0432,656434,4,B,9,A_modules,Items/LokiGem.as,,identifier,Toss
0x0a0483,656515,2,A,6,A_modules,Items/LokiGem.as,,identifier,d
0x0a0567,656743,4,B,9,A_modules,Items/LokiGem.as,,identifier,Toss
0x0a05c0,656832,19,B,24,A_modules,Items/LokiGem.as,,identifier,SetToHeightMapLevel
0x0a0860,657504,19,B,24,A_modules,Items/LokiGem.as,,identifier,SetToHeightMapLevel
0x0a08c8,657608,14,B,19,A_modules,Items/LokiGem.as,,identifier,OnRep_IsMoving
0x0a098f,657807,1,B,6,A_modules,Items/LokiGem.as,0x26e69f13700,suspect_short,@
0x0a09eb,657899,14,B,19,A_modules,Items/LokiGem.as,,identifier,OnRep_IsMoving
0x0a0a4e,657998,14,B,19,A_modules,Items/LokiGem.as,,internal_symbol,__InitDefaults
0x0a0b21,658209,1,B,6,A_modules,Items/LokiGem.as,,suspect_short,0
0x0a0be9,658409,1,B,6,A_modules,Items/LokiGem.as,,suspect_short,0
0x0a0cfd,658685,8,B,13,A_modules,Items/LokiGem.as,,identifier,ALokiGem
0x0a0e6e,659054,9,B,14,A_modules,Items/LokiGem.as,,other,~ALokiGem
0x0a0f18,659224,12,B,17,A_modules,Items/LokiGem.as,,identifier,ALokiGemBase
0x0a0f29,659241,24,B,29,A_modules,Items/LokiGem.as,,asset_path,/Script/Loki.LokiGemBase
0x0a0f66,659302,21,B,26,A_modules,Items/LokiGem.as,,statictype_alias,__StaticType_ALokiGem
0x0a0f88,659336,15,B,20,A_modules,Items/LokiGem.as,,identifier,IsBlueprintBase
0x0a0f9c,659356,13,B,18,A_modules,Items/LokiGem.as,,identifier,Blueprintable
0x0a0fb2,659378,4,B,9,A_modules,Items/LokiGem.as,,default_arg_expr,true
0x0a0fbb,659387,4,B,9,A_modules,Items/LokiGem.as,,default_arg_expr,true
0x0a0fd0,659408,21,B,26,A_modules,Items/LokiGem.as,,statictype_alias,__StaticType_ALokiGem
0x0a1026,659494,27,B,32,A_modules,Items/LokiGem.as,,identifier,Module_Items_LokiGemStatics
0x0a104e,659534,16,B,21,A_modules,Items/LokiGem.as,,source_path,Items/LokiGem.as
0x0a1067,659559,31,A,35,A_modules,Items/LokiItemVisualsComponent.as,,dotted_name,Items.LokiItemVisualsComponent
0x0a108a,659594,30,B,35,A_modules,Items/LokiItemVisualsComponent.as,,dotted_name,Items.LokiItemVisualsComponent
0x0a10b1,659633,25,B,30,A_modules,Items/LokiItemVisualsComponent.as,,identifier,ULokiItemVisualsComponent
0x0a116b,659819,11,B,16,A_modules,Items/LokiItemVisualsComponent.as,,identifier,StaticClass
0x0a117b,659835,25,B,30,A_modules,Items/LokiItemVisualsComponent.as,,identifier,ULokiItemVisualsComponent
0x0a123d,660029,3,B,8,A_modules,Items/LokiItemVisualsComponent.as,,identifier,Get
0x0a1245,660037,25,B,30,A_modules,Items/LokiItemVisualsComponent.as,,identifier,ULokiItemVisualsComponent
0x0a12d7,660183,5,B,10,A_modules,Items/LokiItemVisualsComponent.as,,identifier,Actor
0x0a12e1,660193,8,B,13,A_modules,Items/LokiItemVisualsComponent.as,,identifier,WithName
0x0a1302,660226,9,B,14,A_modules,Items/LokiItemVisualsComponent.as,,default_arg_expr,NAME_None
0x0a1390,660368,11,B,16,A_modules,Items/LokiItemVisualsComponent.as,,identifier,GetOrCreate
0x0a13a0,660384,25,B,30,A_modules,Items/LokiItemVisualsComponent.as,,identifier,ULokiItemVisualsComponent
0x0a1432,660530,5,B,10,A_modules,Items/LokiItemVisualsComponent.as,,identifier,Actor
0x0a143c,660540,8,B,13,A_modules,Items/LokiItemVisualsComponent.as,,identifier,WithName
0x0a145d,660573,9,B,14,A_modules,Items/LokiItemVisualsComponent.as,,default_arg_expr,NAME_None
0x0a14eb,660715,6,B,11,A_modules,Items/LokiItemVisualsComponent.as,,identifier,Create
0x0a14f6,660726,25,B,30,A_modules,Items/LokiItemVisualsComponent.as,,identifier,ULokiItemVisualsComponent
0x0a1588,660872,5,B,10,A_modules,Items/LokiItemVisualsComponent.as,,identifier,Actor
0x0a1592,660882,8,B,13,A_modules,Items/LokiItemVisualsComponent.as,,identifier,WithName
0x0a15b3,660915,9,B,14,A_modules,Items/LokiItemVisualsComponent.as,,default_arg_expr,NAME_None
0x0a1645,661061,25,B,30,A_modules,Items/LokiItemVisualsComponent.as,,identifier,ULokiItemVisualsComponent
0x0a166f,661103,16,B,21,A_modules,Items/LokiItemVisualsComponent.as,,identifier,RecommendedItems
0x0a16b4,661172,14,B,19,A_modules,Items/LokiItemVisualsComponent.as,,identifier,PreferredItems
0x0a16fb,661243,24,B,29,A_modules,Items/LokiItemVisualsComponent.as,,identifier,BeginPlay_Implementation
0x0a17bc,661436,2,A,6,A_modules,Items/LokiItemVisualsComponent.as,,identifier,Q
0x0a1828,661544,2,A,6,A_modules,Items/LokiItemVisualsComponent.as,,identifier,R
0x0a19b0,661936,9,B,14,A_modules,Items/LokiItemVisualsComponent.as,,identifier,BeginPlay
0x0a1a0e,662030,17,B,22,A_modules,Items/LokiItemVisualsComponent.as,,identifier,IsRecommendedItem
0x0a1a78,662136,4,B,9,A_modules,Items/LokiItemVisualsComponent.as,,identifier,Item
0x0a1bd9,662489,1,B,6,A_modules,Items/LokiItemVisualsComponent.as,,identifier,R
0x0a1d81,662913,17,B,22,A_modules,Items/LokiItemVisualsComponent.as,,identifier,IsRecommendedItem
0x0a1de7,663015,23,B,28,A_modules,Items/LokiItemVisualsComponent.as,,identifier,EvaluateItemRecommended
0x0a1e57,663127,9,B,14,A_modules,Items/LokiItemVisualsComponent.as,,identifier,ItemClass
0x0a1f45,663365,1,B,6,A_modules,Items/LokiItemVisualsComponent.as,,identifier,J
0x0a207d,663677,15,B,20,A_modules,Items/LokiItemVisualsComponent.as,,identifier,IsPreferredItem
0x0a20e5,663781,4,B,9,A_modules,Items/LokiItemVisualsComponent.as,,identifier,Item
0x0a2246,664134,1,B,6,A_modules,Items/LokiItemVisualsComponent.as,,identifier,R
0x0a23ee,664558,15,B,20,A_modules,Items/LokiItemVisualsComponent.as,,identifier,IsPreferredItem
0x0a2452,664658,21,B,26,A_modules,Items/LokiItemVisualsComponent.as,,identifier,EvaluateItemPreferred
0x0a24c0,664768,4,B,9,A_modules,Items/LokiItemVisualsComponent.as,,identifier,Item
0x0a255d,664925,1,B,6,A_modules,Items/LokiItemVisualsComponent.as,,identifier,J
0x0a2641,665153,1,B,6,A_modules,Items/LokiItemVisualsComponent.as,,identifier,R
0x0a27f9,665593,20,B,25,A_modules,Items/LokiItemVisualsComponent.as,,identifier,OnInventoryItemAdded
0x0a288a,665738,5,B,10,A_modules,Items/LokiItemVisualsComponent.as,,identifier,Event
0x0a2894,665748,7,B,12,A_modules,Items/LokiItemVisualsComponent.as,,identifier,Context
0x0a2aec,666348,20,B,25,A_modules,Items/LokiItemVisualsComponent.as,,identifier,OnInventoryItemAdded
0x0a2b55,666453,22,B,27,A_modules,Items/LokiItemVisualsComponent.as,,identifier,OnInventoryItemRemoved
0x0a2be8,666600,5,B,10,A_modules,Items/LokiItemVisualsComponent.as,,identifier,Event
0x0a2bf2,666610,7,B,12,A_modules,Items/LokiItemVisualsComponent.as,,identifier,Context
0x0a2e4a,667210,22,B,27,A_modules,Items/LokiItemVisualsComponent.as,,identifier,OnInventoryItemRemoved
0x0a2ee9,667369,25,B,30,A_modules,Items/LokiItemVisualsComponent.as,,identifier,ULokiItemVisualsComponent
0x0a300b,667659,26,B,31,A_modules,Items/LokiItemVisualsComponent.as,,other,~ULokiItemVisualsComponent
0x0a30de,667870,15,B,20,A_modules,Items/LokiItemVisualsComponent.as,,identifier,UActorComponent
0x0a30f2,667890,29,B,34,A_modules,Items/LokiItemVisualsComponent.as,,asset_path,/Script/Engine.ActorComponent
0x0a3134,667956,38,B,43,A_modules,Items/LokiItemVisualsComponent.as,,statictype_alias,__StaticType_ULokiItemVisualsComponent
0x0a3173,668019,1,B,6,A_modules,Items/LokiItemVisualsComponent.as,,suspect_short,&
0x0a31ea,668138,33,B,38,A_modules,Items/LokiItemVisualsComponent.as,,source_path,Items/LokiItemVisualsComponent.as
0x0a3214,668180,31,A,35,A_modules,Items/LokiTeamElimBoxComponent.as,,dotted_name,Items.LokiTeamElimBoxComponent
0x0a3237,668215,30,B,35,A_modules,Items/LokiTeamElimBoxComponent.as,,dotted_name,Items.LokiTeamElimBoxComponent
0x0a325e,668254,25,B,30,A_modules,Items/LokiTeamElimBoxComponent.as,,identifier,ULokiTeamElimBoxComponent
0x0a3318,668440,11,B,16,A_modules,Items/LokiTeamElimBoxComponent.as,,identifier,StaticClass
0x0a3328,668456,25,B,30,A_modules,Items/LokiTeamElimBoxComponent.as,,identifier,ULokiTeamElimBoxComponent
0x0a33ea,668650,3,B,8,A_modules,Items/LokiTeamElimBoxComponent.as,,identifier,Get
0x0a33f2,668658,25,B,30,A_modules,Items/LokiTeamElimBoxComponent.as,,identifier,ULokiTeamElimBoxComponent
0x0a3484,668804,5,B,10,A_modules,Items/LokiTeamElimBoxComponent.as,,identifier,Actor
0x0a348e,668814,8,B,13,A_modules,Items/LokiTeamElimBoxComponent.as,,identifier,WithName
0x0a34af,668847,9,B,14,A_modules,Items/LokiTeamElimBoxComponent.as,,default_arg_expr,NAME_None
0x0a353d,668989,11,B,16,A_modules,Items/LokiTeamElimBoxComponent.as,,identifier,GetOrCreate
0x0a354d,669005,25,B,30,A_modules,Items/LokiTeamElimBoxComponent.as,,identifier,ULokiTeamElimBoxComponent
0x0a35df,669151,5,B,10,A_modules,Items/LokiTeamElimBoxComponent.as,,identifier,Actor
0x0a35e9,669161,8,B,13,A_modules,Items/LokiTeamElimBoxComponent.as,,identifier,WithName
0x0a360a,669194,9,B,14,A_modules,Items/LokiTeamElimBoxComponent.as,,default_arg_expr,NAME_None
0x0a3698,669336,6,B,11,A_modules,Items/LokiTeamElimBoxComponent.as,,identifier,Create
0x0a36a3,669347,25,B,30,A_modules,Items/LokiTeamElimBoxComponent.as,,identifier,ULokiTeamElimBoxComponent
0x0a3735,669493,5,B,10,A_modules,Items/LokiTeamElimBoxComponent.as,,identifier,Actor
0x0a373f,669503,8,B,13,A_modules,Items/LokiTeamElimBoxComponent.as,,identifier,WithName
0x0a3760,669536,9,B,14,A_modules,Items/LokiTeamElimBoxComponent.as,,default_arg_expr,NAME_None
0x0a37f2,669682,25,B,30,A_modules,Items/LokiTeamElimBoxComponent.as,,identifier,ULokiTeamElimBoxComponent
0x0a381c,669724,14,B,19,A_modules,Items/LokiTeamElimBoxComponent.as,,identifier,InventorySlots
0x0a38a7,669863,16,B,21,A_modules,Items/LokiTeamElimBoxComponent.as,,identifier,TeamElimBoxClass
0x0a3934,670004,13,B,18,A_modules,Items/LokiTeamElimBoxComponent.as,,identifier,GoldDropClass
0x0a39be,670142,16,B,21,A_modules,Items/LokiTeamElimBoxComponent.as,,identifier,T0SlotsToDestroy
0x0a3a4b,670283,23,B,28,A_modules,Items/LokiTeamElimBoxComponent.as,,identifier,MinimumInsuredGoldValue
0x0a3adf,670431,17,B,22,A_modules,Items/LokiTeamElimBoxComponent.as,,identifier,TeamIndexToBoxMap
0x0a3b25,670501,12,B,17,A_modules,Items/LokiTeamElimBoxComponent.as,,identifier,PlayersQueue
0x0a3b66,670566,17,B,22,A_modules,Items/LokiTeamElimBoxComponent.as,,identifier,UpdateTimerHandle
0x0a3bb0,670640,24,B,29,A_modules,Items/LokiTeamElimBoxComponent.as,,identifier,DropWipedTeamInventories
0x0a3c69,670825,15,B,20,A_modules,Items/LokiTeamElimBoxComponent.as,,identifier,LastVictimActor
0x0a3c7d,670845,14,B,19,A_modules,Items/LokiTeamElimBoxComponent.as,,identifier,WipeInstigator
0x0a3c90,670864,9,B,14,A_modules,Items/LokiTeamElimBoxComponent.as,,identifier,TeamIndex
0x0a3d86,671110,1,B,6,A_modules,Items/LokiTeamElimBoxComponent.as,,identifier,J
0x0a3e42,671298,1,B,6,A_modules,Items/LokiTeamElimBoxComponent.as,,identifier,J
0x0a44ba,672954,24,B,29,A_modules,Items/LokiTeamElimBoxComponent.as,,identifier,DropWipedTeamInventories
0x0a4527,673063,18,B,23,A_modules,Items/LokiTeamElimBoxComponent.as,,identifier,FindLocationForBox
0x0a45b6,673206,6,B,11,A_modules,Items/LokiTeamElimBoxComponent.as,,identifier,Origin
0x0a45c1,673217,15,B,20,A_modules,Items/LokiTeamElimBoxComponent.as,,identifier,KilledCharacter
0x0a4965,674149,18,B,23,A_modules,Items/LokiTeamElimBoxComponent.as,,identifier,FindLocationForBox
0x0a49cc,674252,22,B,27,A_modules,Items/LokiTeamElimBoxComponent.as,,identifier,TransferInventoryItems
0x0a4a83,674435,11,B,16,A_modules,Items/LokiTeamElimBoxComponent.as,,identifier,PlayerState
0x0a4a93,674451,20,B,25,A_modules,Items/LokiTeamElimBoxComponent.as,,identifier,DestinationInventory
0x0a4aac,674476,14,B,19,A_modules,Items/LokiTeamElimBoxComponent.as,,identifier,OutDeniedItems
0x0a50f3,676083,22,B,27,A_modules,Items/LokiTeamElimBoxComponent.as,,identifier,TransferInventoryItems
0x0a515e,676190,24,B,29,A_modules,Items/LokiTeamElimBoxComponent.as,,identifier,TransferKilledPlayerGold
0x0a51f3,676339,15,B,20,A_modules,Items/LokiTeamElimBoxComponent.as,,identifier,KilledCharacter
0x0a5207,676359,12,B,17,A_modules,Items/LokiTeamElimBoxComponent.as,,identifier,BoxInventory
0x0a5294,676500,1,B,6,A_modules,Items/LokiTeamElimBoxComponent.as,,identifier,J
0x0a5538,677176,24,B,29,A_modules,Items/LokiTeamElimBoxComponent.as,,identifier,TransferKilledPlayerGold
0x0a55a5,677285,18,B,23,A_modules,Items/LokiTeamElimBoxComponent.as,,identifier,ShouldTransferItem
0x0a5634,677428,4,B,9,A_modules,Items/LokiTeamElimBoxComponent.as,,identifier,Item
0x0a563d,677437,11,B,16,A_modules,Items/LokiTeamElimBoxComponent.as,,identifier,PlayerState
0x0a5711,677649,33,B,38,A_modules,Items/LokiTeamElimBoxComponent.as,,identifier,ShouldTransferItem_Implementation
0x0a57af,677807,4,B,9,A_modules,Items/LokiTeamElimBoxComponent.as,,identifier,Item
0x0a57b8,677816,11,B,16,A_modules,Items/LokiTeamElimBoxComponent.as,,identifier,PlayerState
0x0a57ec,677868,1,B,6,A_modules,Items/LokiTeamElimBoxComponent.as,,identifier,R
0x0a582c,677932,18,B,23,A_modules,Items/LokiTeamElimBoxComponent.as,,identifier,ShouldTransferItem
0x0a5893,678035,25,B,30,A_modules,Items/LokiTeamElimBoxComponent.as,,identifier,PostTransferToTeamElimBox
0x0a5929,678185,11,B,16,A_modules,Items/LokiTeamElimBoxComponent.as,,identifier,TeamElimBox
0x0a5939,678201,11,B,16,A_modules,Items/LokiTeamElimBoxComponent.as,,identifier,DeniedItems
0x0a59f1,678385,40,B,45,A_modules,Items/LokiTeamElimBoxComponent.as,,identifier,PostTransferToTeamElimBox_Implementation
0x0a5a96,678550,11,B,16,A_modules,Items/LokiTeamElimBoxComponent.as,,identifier,TeamElimBox
0x0a5aa6,678566,11,B,16,A_modules,Items/LokiTeamElimBoxComponent.as,,identifier,DeniedItems
0x0a5b0e,678670,25,B,30,A_modules,Items/LokiTeamElimBoxComponent.as,,identifier,PostTransferToTeamElimBox
0x0a5b7c,678780,14,B,19,A_modules,Items/LokiTeamElimBoxComponent.as,,internal_symbol,__InitDefaults
0x0a5ca7,679079,25,B,30,A_modules,Items/LokiTeamElimBoxComponent.as,,identifier,ULokiTeamElimBoxComponent
0x0a5e8d,679565,26,B,31,A_modules,Items/LokiTeamElimBoxComponent.as,,other,~ULokiTeamElimBoxComponent
0x0a5fa8,679848,15,B,20,A_modules,Items/LokiTeamElimBoxComponent.as,,identifier,UActorComponent
0x0a5fbc,679868,29,B,34,A_modules,Items/LokiTeamElimBoxComponent.as,,asset_path,/Script/Engine.ActorComponent
0x0a5ffe,679934,38,B,43,A_modules,Items/LokiTeamElimBoxComponent.as,,statictype_alias,__StaticType_ULokiTeamElimBoxComponent
0x0a603d,679997,1,B,6,A_modules,Items/LokiTeamElimBoxComponent.as,,suspect_short,&
0x0a60b4,680116,33,B,38,A_modules,Items/LokiTeamElimBoxComponent.as,,source_path,Items/LokiTeamElimBoxComponent.as
0x0a60de,680158,33,A,37,A_modules,Minions/LokiNodePathingComponent.as,,dotted_name,Minions.LokiNodePathingComponent
0x0a6103,680195,32,B,37,A_modules,Minions/LokiNodePathingComponent.as,,dotted_name,Minions.LokiNodePathingComponent
0x0a612c,680236,25,B,30,A_modules,Minions/LokiNodePathingComponent.as,,identifier,ULokiNodePathingComponent
0x0a61e6,680422,11,B,16,A_modules,Minions/LokiNodePathingComponent.as,,identifier,StaticClass
0x0a61f6,680438,25,B,30,A_modules,Minions/LokiNodePathingComponent.as,,identifier,ULokiNodePathingComponent
0x0a62b8,680632,3,B,8,A_modules,Minions/LokiNodePathingComponent.as,,identifier,Get
0x0a62c0,680640,25,B,30,A_modules,Minions/LokiNodePathingComponent.as,,identifier,ULokiNodePathingComponent
0x0a6352,680786,5,B,10,A_modules,Minions/LokiNodePathingComponent.as,,identifier,Actor
0x0a635c,680796,8,B,13,A_modules,Minions/LokiNodePathingComponent.as,,identifier,WithName
0x0a637d,680829,9,B,14,A_modules,Minions/LokiNodePathingComponent.as,,default_arg_expr,NAME_None
0x0a640b,680971,11,B,16,A_modules,Minions/LokiNodePathingComponent.as,,identifier,GetOrCreate
0x0a641b,680987,25,B,30,A_modules,Minions/LokiNodePathingComponent.as,,identifier,ULokiNodePathingComponent
0x0a64ad,681133,5,B,10,A_modules,Minions/LokiNodePathingComponent.as,,identifier,Actor
0x0a64b7,681143,8,B,13,A_modules,Minions/LokiNodePathingComponent.as,,identifier,WithName
0x0a64d8,681176,9,B,14,A_modules,Minions/LokiNodePathingComponent.as,,default_arg_expr,NAME_None
0x0a6566,681318,6,B,11,A_modules,Minions/LokiNodePathingComponent.as,,identifier,Create
0x0a6571,681329,25,B,30,A_modules,Minions/LokiNodePathingComponent.as,,identifier,ULokiNodePathingComponent
0x0a6603,681475,5,B,10,A_modules,Minions/LokiNodePathingComponent.as,,identifier,Actor
0x0a660d,681485,8,B,13,A_modules,Minions/LokiNodePathingComponent.as,,identifier,WithName
0x0a662e,681518,9,B,14,A_modules,Minions/LokiNodePathingComponent.as,,default_arg_expr,NAME_None
0x0a66c0,681664,25,B,30,A_modules,Minions/LokiNodePathingComponent.as,,identifier,ULokiNodePathingComponent
0x0a66ea,681706,14,B,19,A_modules,Minions/LokiNodePathingComponent.as,,identifier,PathNodeActors
0x0a6775,681845,17,B,22,A_modules,Minions/LokiNodePathingComponent.as,,identifier,RotationPrecision
0x0a6803,681987,17,B,22,A_modules,Minions/LokiNodePathingComponent.as,,identifier,CurrNodeActorList
0x0a6891,682129,15,B,20,A_modules,Minions/LokiNodePathingComponent.as,,identifier,OwningCharacter
0x0a691d,682269,18,B,23,A_modules,Minions/LokiNodePathingComponent.as,,identifier,OwningAIController
0x0a69ac,682412,16,B,21,A_modules,Minions/LokiNodePathingComponent.as,,identifier,LastPathingActor
0x0a6a39,682553,13,B,18,A_modules,Minions/LokiNodePathingComponent.as,,identifier,RotateToActor
0x0a6ac7,682695,28,B,33,A_modules,Minions/LokiNodePathingComponent.as,,identifier,LokiBeginPlay_Implementation
0x0a6b68,682856,1,B,6,A_modules,Minions/LokiNodePathingComponent.as,,identifier,J
0x0a6be4,682980,2,A,6,A_modules,Minions/LokiNodePathingComponent.as,,suspect_short, 
0x0a6c1c,683036,13,B,18,A_modules,Minions/LokiNodePathingComponent.as,,identifier,LokiBeginPlay
0x0a6c7e,683134,19,B,24,A_modules,Minions/LokiNodePathingComponent.as,,identifier,Tick_Implementation
0x0a6cea,683242,12,B,17,A_modules,Minions/LokiNodePathingComponent.as,,identifier,DeltaSeconds
0x0a6d93,683411,4,B,9,A_modules,Minions/LokiNodePathingComponent.as,,identifier,Tick
0x0a6dec,683500,22,B,27,A_modules,Minions/LokiNodePathingComponent.as,,identifier,InitializeAIController
0x0a6e93,683667,1,B,6,A_modules,Minions/LokiNodePathingComponent.as,,identifier,J
0x0a6ee7,683751,2,A,6,A_modules,Minions/LokiNodePathingComponent.as,,identifier,S
0x0a6fa7,683943,12,B,17,A_modules,Minions/LokiNodePathingComponent.as,,identifier,SetPathNodes
0x0a700c,684044,10,B,15,A_modules,Minions/LokiNodePathingComponent.as,,identifier,PathActors
0x0a7087,684167,12,B,17,A_modules,Minions/LokiNodePathingComponent.as,,identifier,SetPathNodes
0x0a70e8,684264,19,B,24,A_modules,Minions/LokiNodePathingComponent.as,,identifier,OnControllerChanged
0x0a719c,684444,4,B,9,A_modules,Minions/LokiNodePathingComponent.as,,identifier,Pawn
0x0a71a5,684453,13,B,18,A_modules,Minions/LokiNodePathingComponent.as,,identifier,OldController
0x0a71b7,684471,13,B,18,A_modules,Minions/LokiNodePathingComponent.as,,identifier,NewController
0x0a721d,684573,1,B,6,A_modules,Minions/LokiNodePathingComponent.as,,identifier,J
0x0a72ed,684781,19,B,24,A_modules,Minions/LokiNodePathingComponent.as,,identifier,OnControllerChanged
0x0a7355,684885,25,B,30,A_modules,Minions/LokiNodePathingComponent.as,,identifier,OnAIControllerInitialized
0x0a73b3,684979,2,A,6,A_modules,Minions/LokiNodePathingComponent.as,,identifier,T
0x0a747f,685183,11,B,16,A_modules,Minions/LokiNodePathingComponent.as,,identifier,StartMoving
0x0a75b7,685495,11,B,16,A_modules,Minions/LokiNodePathingComponent.as,,identifier,StartMoving
0x0a7617,685591,18,B,23,A_modules,Minions/LokiNodePathingComponent.as,,identifier,BuildNodeActorList
0x0a787a,686202,15,B,20,A_modules,Minions/LokiNodePathingComponent.as,,identifier,OnMoveCompleted
0x0a7906,686342,9,B,14,A_modules,Minions/LokiNodePathingComponent.as,,identifier,RequestID
0x0a7914,686356,14,B,19,A_modules,Minions/LokiNodePathingComponent.as,,identifier,MovementResult
0x0a7a8b,686731,15,B,20,A_modules,Minions/LokiNodePathingComponent.as,,identifier,OnMoveCompleted
0x0a7aef,686831,20,B,25,A_modules,Minions/LokiNodePathingComponent.as,,identifier,StartRotatingToActor
0x0a7b5c,686940,11,B,16,A_modules,Minions/LokiNodePathingComponent.as,,identifier,RotateActor
0x0a7c38,687160,21,B,26,A_modules,Minions/LokiNodePathingComponent.as,,identifier,UpdateRotationToActor
0x0a7ca6,687270,12,B,17,A_modules,Minions/LokiNodePathingComponent.as,,identifier,DeltaSeconds
0x0a7fa7,688039,25,B,30,A_modules,Minions/LokiNodePathingComponent.as,,identifier,OnFinishedRotatingToActor
0x0a809d,688285,11,B,16,A_modules,Minions/LokiNodePathingComponent.as,,identifier,MoveToActor
0x0a8101,688385,13,B,18,A_modules,Minions/LokiNodePathingComponent.as,,identifier,LocationActor
0x0a81cf,688591,1,B,6,A_modules,Minions/LokiNodePathingComponent.as,,identifier,R
0x0a8283,688771,23,B,28,A_modules,Minions/LokiNodePathingComponent.as,,identifier,FindClosestPathingActor
0x0a8597,689559,22,B,27,A_modules,Minions/LokiNodePathingComponent.as,,identifier,FindRandomPathingActor
0x0a8606,689670,12,B,17,A_modules,Minions/LokiNodePathingComponent.as,,identifier,IgnoreActors
0x0a8733,689971,1,B,6,A_modules,Minions/LokiNodePathingComponent.as,,suspect_short,0
0x0a8847,690247,25,B,30,A_modules,Minions/LokiNodePathingComponent.as,,identifier,ULokiNodePathingComponent
0x0a8981,690561,26,B,31,A_modules,Minions/LokiNodePathingComponent.as,,other,~ULokiNodePathingComponent
0x0a8a54,690772,15,B,20,A_modules,Minions/LokiNodePathingComponent.as,,identifier,UActorComponent
0x0a8a68,690792,29,B,34,A_modules,Minions/LokiNodePathingComponent.as,,asset_path,/Script/Engine.ActorComponent
0x0a8aaa,690858,38,B,43,A_modules,Minions/LokiNodePathingComponent.as,,statictype_alias,__StaticType_ULokiNodePathingComponent
0x0a8add,690909,15,B,20,A_modules,Minions/LokiNodePathingComponent.as,,identifier,IsBlueprintBase
0x0a8af1,690929,13,B,18,A_modules,Minions/LokiNodePathingComponent.as,,identifier,Blueprintable
0x0a8b07,690951,4,B,9,A_modules,Minions/LokiNodePathingComponent.as,,default_arg_expr,true
0x0a8b10,690960,4,B,9,A_modules,Minions/LokiNodePathingComponent.as,,default_arg_expr,true
0x0a8b21,690977,1,B,6,A_modules,Minions/LokiNodePathingComponent.as,,suspect_short,&
0x0a8b98,691096,35,B,40,A_modules,Minions/LokiNodePathingComponent.as,,source_path,Minions/LokiNodePathingComponent.as
0x0a8bc4,691140,44,A,48,A_modules,MostWanted/LokiGameStateMostWantedComponent.as,,dotted_name,MostWanted.LokiGameStateMostWantedComponent
0x0a8bf4,691188,43,B,48,A_modules,MostWanted/LokiGameStateMostWantedComponent.as,,dotted_name,MostWanted.LokiGameStateMostWantedComponent
0x0a8c28,691240,33,B,38,A_modules,MostWanted/LokiGameStateMostWantedComponent.as,,identifier,ULokiGameStateMostWantedComponent
0x0a8cea,691434,11,B,16,A_modules,MostWanted/LokiGameStateMostWantedComponent.as,,identifier,StaticClass
0x0a8cfa,691450,33,B,38,A_modules,MostWanted/LokiGameStateMostWantedComponent.as,,identifier,ULokiGameStateMostWantedComponent
0x0a8dc4,691652,3,B,8,A_modules,MostWanted/LokiGameStateMostWantedComponent.as,,identifier,Get
0x0a8dcc,691660,33,B,38,A_modules,MostWanted/LokiGameStateMostWantedComponent.as,,identifier,ULokiGameStateMostWantedComponent
0x0a8e66,691814,5,B,10,A_modules,MostWanted/LokiGameStateMostWantedComponent.as,,identifier,Actor
0x0a8e70,691824,8,B,13,A_modules,MostWanted/LokiGameStateMostWantedComponent.as,,identifier,WithName
0x0a8e91,691857,9,B,14,A_modules,MostWanted/LokiGameStateMostWantedComponent.as,,default_arg_expr,NAME_None
0x0a8f1f,691999,11,B,16,A_modules,MostWanted/LokiGameStateMostWantedComponent.as,,identifier,GetOrCreate
0x0a8f2f,692015,33,B,38,A_modules,MostWanted/LokiGameStateMostWantedComponent.as,,identifier,ULokiGameStateMostWantedComponent
0x0a8fc9,692169,5,B,10,A_modules,MostWanted/LokiGameStateMostWantedComponent.as,,identifier,Actor
0x0a8fd3,692179,8,B,13,A_modules,MostWanted/LokiGameStateMostWantedComponent.as,,identifier,WithName
0x0a8ff4,692212,9,B,14,A_modules,MostWanted/LokiGameStateMostWantedComponent.as,,default_arg_expr,NAME_None
0x0a9082,692354,6,B,11,A_modules,MostWanted/LokiGameStateMostWantedComponent.as,,identifier,Create
0x0a908d,692365,33,B,38,A_modules,MostWanted/LokiGameStateMostWantedComponent.as,,identifier,ULokiGameStateMostWantedComponent
0x0a9127,692519,5,B,10,A_modules,MostWanted/LokiGameStateMostWantedComponent.as,,identifier,Actor
0x0a9131,692529,8,B,13,A_modules,MostWanted/LokiGameStateMostWantedComponent.as,,identifier,WithName
0x0a9152,692562,9,B,14,A_modules,MostWanted/LokiGameStateMostWantedComponent.as,,default_arg_expr,NAME_None
0x0a91e0,692704,1,B,6,A_modules,MostWanted/LokiGameStateMostWantedComponent.as,,suspect_short,!
0x0a9216,692758,15,B,20,A_modules,MostWanted/LokiGameStateMostWantedComponent.as,,identifier,MostWantedCount
0x0a92aa,692906,21,B,26,A_modules,MostWanted/LokiGameStateMostWantedComponent.as,,identifier,ActiveMostWantedCount
0x0a9348,693064,24,B,29,A_modules,MostWanted/LokiGameStateMostWantedComponent.as,,identifier,BeginPlay_Implementation
0x0a93ed,693229,2,A,6,A_modules,MostWanted/LokiGameStateMostWantedComponent.as,,identifier,U
0x0a951d,693533,9,B,14,A_modules,MostWanted/LokiGameStateMostWantedComponent.as,,identifier,BeginPlay
0x0a957b,693627,21,B,26,A_modules,MostWanted/LokiGameStateMostWantedComponent.as,,identifier,HandleMostWantedEvent
0x0a960d,693773,5,B,10,A_modules,MostWanted/LokiGameStateMostWantedComponent.as,,identifier,Event
0x0a9617,693783,7,B,12,A_modules,MostWanted/LokiGameStateMostWantedComponent.as,,identifier,Context
0x0a9657,693847,1,B,6,A_modules,MostWanted/LokiGameStateMostWantedComponent.as,,suspect_short,6
0x0a97b3,694195,21,B,26,A_modules,MostWanted/LokiGameStateMostWantedComponent.as,,identifier,HandleMostWantedEvent
0x0a981d,694301,14,B,19,A_modules,MostWanted/LokiGameStateMostWantedComponent.as,,internal_symbol,__InitDefaults
0x0a9900,694528,1,B,6,A_modules,MostWanted/LokiGameStateMostWantedComponent.as,0x26e76c63400,suspect_short,!
0x0a9a2e,694830,15,B,20,A_modules,MostWanted/LokiGameStateMostWantedComponent.as,,identifier,UActorComponent
0x0a9a42,694850,29,B,34,A_modules,MostWanted/LokiGameStateMostWantedComponent.as,,asset_path,/Script/Engine.ActorComponent
0x0a9a84,694916,46,B,51,A_modules,MostWanted/LokiGameStateMostWantedComponent.as,,statictype_alias,__StaticType_ULokiGameStateMostWantedComponent
0x0a9acb,694987,1,B,6,A_modules,MostWanted/LokiGameStateMostWantedComponent.as,,suspect_short,.
0x0a9b4a,695114,46,B,51,A_modules,MostWanted/LokiGameStateMostWantedComponent.as,,source_path,MostWanted/LokiGameStateMostWantedComponent.as
0x0a9b81,695169,41,A,45,A_modules,PlayerController/LokiDragCameraComponent.as,,dotted_name,PlayerController.LokiDragCameraComponent
0x0a9bae,695214,40,B,45,A_modules,PlayerController/LokiDragCameraComponent.as,,dotted_name,PlayerController.LokiDragCameraComponent
0x0a9bdf,695263,24,B,29,A_modules,PlayerController/LokiDragCameraComponent.as,,identifier,ULokiDragCameraComponent
0x0a9c98,695448,11,B,16,A_modules,PlayerController/LokiDragCameraComponent.as,,identifier,StaticClass
0x0a9ca8,695464,24,B,29,A_modules,PlayerController/LokiDragCameraComponent.as,,identifier,ULokiDragCameraComponent
0x0a9d69,695657,3,B,8,A_modules,PlayerController/LokiDragCameraComponent.as,,identifier,Get
0x0a9d71,695665,24,B,29,A_modules,PlayerController/LokiDragCameraComponent.as,,identifier,ULokiDragCameraComponent
0x0a9e02,695810,5,B,10,A_modules,PlayerController/LokiDragCameraComponent.as,,identifier,Actor
0x0a9e0c,695820,8,B,13,A_modules,PlayerController/LokiDragCameraComponent.as,,identifier,WithName
0x0a9e2d,695853,9,B,14,A_modules,PlayerController/LokiDragCameraComponent.as,,default_arg_expr,NAME_None
0x0a9ebb,695995,11,B,16,A_modules,PlayerController/LokiDragCameraComponent.as,,identifier,GetOrCreate
0x0a9ecb,696011,24,B,29,A_modules,PlayerController/LokiDragCameraComponent.as,,identifier,ULokiDragCameraComponent
0x0a9f5c,696156,5,B,10,A_modules,PlayerController/LokiDragCameraComponent.as,,identifier,Actor
0x0a9f66,696166,8,B,13,A_modules,PlayerController/LokiDragCameraComponent.as,,identifier,WithName
0x0a9f87,696199,9,B,14,A_modules,PlayerController/LokiDragCameraComponent.as,,default_arg_expr,NAME_None
0x0aa015,696341,6,B,11,A_modules,PlayerController/LokiDragCameraComponent.as,,identifier,Create
0x0aa020,696352,24,B,29,A_modules,PlayerController/LokiDragCameraComponent.as,,identifier,ULokiDragCameraComponent
0x0aa0b1,696497,5,B,10,A_modules,PlayerController/LokiDragCameraComponent.as,,identifier,Actor
0x0aa0bb,696507,8,B,13,A_modules,PlayerController/LokiDragCameraComponent.as,,identifier,WithName
0x0aa0dc,696540,9,B,14,A_modules,PlayerController/LokiDragCameraComponent.as,,default_arg_expr,NAME_None
0x0aa16e,696686,24,B,29,A_modules,PlayerController/LokiDragCameraComponent.as,,identifier,ULokiDragCameraComponent
0x0aa197,696727,19,B,24,A_modules,PlayerController/LokiDragCameraComponent.as,,identifier,MinimumDragDuration
0x0aa227,696871,18,B,23,A_modules,PlayerController/LokiDragCameraComponent.as,,identifier,CameraPickupRadius
0x0aa2b6,697014,8,B,13,A_modules,PlayerController/LokiDragCameraComponent.as,,identifier,bPanning
0x0aa33b,697147,10,B,15,A_modules,PlayerController/LokiDragCameraComponent.as,,identifier,bResetting
0x0aa3c2,697282,11,B,16,A_modules,PlayerController/LokiDragCameraComponent.as,,identifier,TimePressed
0x0aa44a,697418,31,B,36,A_modules,PlayerController/LokiDragCameraComponent.as,,identifier,CursorScreenLocationWhenPressed
0x0aa4e6,697574,15,B,20,A_modules,PlayerController/LokiDragCameraComponent.as,,identifier,OffsetThisPress
0x0aa572,697714,16,B,21,A_modules,PlayerController/LokiDragCameraComponent.as,,identifier,CumulativeOffset
0x0aa5ff,697855,16,B,21,A_modules,PlayerController/LokiDragCameraComponent.as,,identifier,LastPawnLocation
0x0aa690,698000,18,B,23,A_modules,PlayerController/LokiDragCameraComponent.as,,identifier,NotifyInputPressed
0x0aa7eb,698347,18,B,23,A_modules,PlayerController/LokiDragCameraComponent.as,,identifier,NotifyInputPressed
0x0aa852,698450,19,B,24,A_modules,PlayerController/LokiDragCameraComponent.as,,identifier,NotifyInputReleased
0x0aa9d2,698834,2,A,6,A_modules,PlayerController/LokiDragCameraComponent.as,,identifier,P
0x0aab8e,699278,19,B,24,A_modules,PlayerController/LokiDragCameraComponent.as,,identifier,NotifyInputReleased
0x0aabf6,699382,19,B,24,A_modules,PlayerController/LokiDragCameraComponent.as,,identifier,Tick_Implementation
0x0aac62,699490,12,B,17,A_modules,PlayerController/LokiDragCameraComponent.as,,identifier,DeltaSeconds
0x0aad3b,699707,1,B,6,A_modules,PlayerController/LokiDragCameraComponent.as,,identifier,J
0x0ab597,701847,4,B,9,A_modules,PlayerController/LokiDragCameraComponent.as,,identifier,Tick
0x0ab5f0,701936,23,B,28,A_modules,PlayerController/LokiDragCameraComponent.as,,identifier,GetCursorScreenLocation
0x0ab7cc,702412,19,B,24,A_modules,PlayerController/LokiDragCameraComponent.as,,identifier,GetPlayerController
0x0ab864,702564,1,B,6,A_modules,PlayerController/LokiDragCameraComponent.as,,identifier,J
0x0ab8c0,702656,12,B,17,A_modules,PlayerController/LokiDragCameraComponent.as,,identifier,GetLocalPawn
0x0ab9c9,702921,14,B,19,A_modules,PlayerController/LokiDragCameraComponent.as,,internal_symbol,__InitDefaults
0x0abb78,703352,24,B,29,A_modules,PlayerController/LokiDragCameraComponent.as,,identifier,ULokiDragCameraComponent
0x0abcd1,703697,15,B,20,A_modules,PlayerController/LokiDragCameraComponent.as,,identifier,UActorComponent
0x0abce5,703717,29,B,34,A_modules,PlayerController/LokiDragCameraComponent.as,,asset_path,/Script/Engine.ActorComponent
0x0abd27,703783,37,B,42,A_modules,PlayerController/LokiDragCameraComponent.as,,statictype_alias,__StaticType_ULokiDragCameraComponent
0x0abd65,703845,1,B,6,A_modules,PlayerController/LokiDragCameraComponent.as,,suspect_short,%
0x0abddb,703963,43,B,48,A_modules,PlayerController/LokiDragCameraComponent.as,,source_path,PlayerController/LokiDragCameraComponent.as
0x0abe0f,704015,34,A,38,A_modules,PlayerController/LokiPlayerCheats.as,,dotted_name,PlayerController.LokiPlayerCheats
0x0abe35,704053,33,B,38,A_modules,PlayerController/LokiPlayerCheats.as,,dotted_name,PlayerController.LokiPlayerCheats
0x0abe5f,704095,20,B,25,A_modules,PlayerController/LokiPlayerCheats.as,,identifier,ALokiPlayerCheats_AS
0x0abf14,704276,11,B,16,A_modules,PlayerController/LokiPlayerCheats.as,,identifier,StaticClass
0x0abf24,704292,20,B,25,A_modules,PlayerController/LokiPlayerCheats.as,,identifier,ALokiPlayerCheats_AS
0x0abfe1,704481,5,B,10,A_modules,PlayerController/LokiPlayerCheats.as,,identifier,Spawn
0x0abfeb,704491,20,B,25,A_modules,PlayerController/LokiPlayerCheats.as,,identifier,ALokiPlayerCheats_AS
0x0ac0e4,704740,8,B,13,A_modules,PlayerController/LokiPlayerCheats.as,,identifier,Location
0x0ac0f1,704753,8,B,13,A_modules,PlayerController/LokiPlayerCheats.as,,identifier,Rotation
0x0ac0fe,704766,4,B,9,A_modules,PlayerController/LokiPlayerCheats.as,,identifier,Name
0x0ac107,704775,14,B,19,A_modules,PlayerController/LokiPlayerCheats.as,,identifier,bDeferredSpawn
0x0ac11a,704794,5,B,10,A_modules,PlayerController/LokiPlayerCheats.as,,identifier,Level
0x0ac140,704832,21,B,26,A_modules,PlayerController/LokiPlayerCheats.as,,default_arg_expr,FVector :: ZeroVector
0x0ac15a,704858,23,B,28,A_modules,PlayerController/LokiPlayerCheats.as,,default_arg_expr,FRotator :: ZeroRotator
0x0ac176,704886,9,B,14,A_modules,PlayerController/LokiPlayerCheats.as,,default_arg_expr,NAME_None
0x0ac184,704900,5,B,10,A_modules,PlayerController/LokiPlayerCheats.as,,default_arg_expr,false
0x0ac18e,704910,7,B,12,A_modules,PlayerController/LokiPlayerCheats.as,,default_arg_expr,nullptr
0x0ac22a,705066,1,B,6,A_modules,PlayerController/LokiPlayerCheats.as,,identifier,J
0x0ac2ba,705210,20,B,25,A_modules,PlayerController/LokiPlayerCheats.as,,identifier,ALokiPlayerCheats_AS
0x0ac2df,705247,34,B,39,A_modules,PlayerController/LokiPlayerCheats.as,,identifier,CheatDisableHealthRegenEffectClass
0x0ac37e,705406,35,B,40,A_modules,PlayerController/LokiPlayerCheats.as,,identifier,CheatDisableHealthRegenEffectHandle
0x0ac41e,705566,32,B,37,A_modules,PlayerController/LokiPlayerCheats.as,,identifier,CheatDisableManaRegenEffectClass
0x0ac4bb,705723,33,B,38,A_modules,PlayerController/LokiPlayerCheats.as,,identifier,CheatDisableManaRegenEffectHandle
0x0ac559,705881,17,B,22,A_modules,PlayerController/LokiPlayerCheats.as,,identifier,AutoJumpStartTime
0x0ac5e7,706023,14,B,19,A_modules,PlayerController/LokiPlayerCheats.as,,identifier,AutoJumpPeriod
0x0ac672,706162,16,B,21,A_modules,PlayerController/LokiPlayerCheats.as,,identifier,AutoJumpLastTime
0x0ac6ff,706303,15,B,20,A_modules,PlayerController/LokiPlayerCheats.as,,identifier,AutoJumpPressed
0x0ac78b,706443,19,B,24,A_modules,PlayerController/LokiPlayerCheats.as,,identifier,WispControllerClass
0x0ac81b,706587,13,B,18,A_modules,PlayerController/LokiPlayerCheats.as,,identifier,WispHeroClass
0x0ac8a9,706729,19,B,24,A_modules,PlayerController/LokiPlayerCheats.as,,identifier,Tick_Implementation
0x0ac915,706837,12,B,17,A_modules,PlayerController/LokiPlayerCheats.as,,identifier,DeltaSeconds
0x0ac982,706946,4,B,9,A_modules,PlayerController/LokiPlayerCheats.as,,identifier,Tick
0x0ac9db,707035,10,B,15,A_modules,PlayerController/LokiPlayerCheats.as,,identifier,RunCommand
0x0aca62,707170,7,B,12,A_modules,PlayerController/LokiPlayerCheats.as,,identifier,Command
0x0aca6e,707182,15,B,20,A_modules,PlayerController/LokiPlayerCheats.as,,identifier,bAlsoServerExec
0x0aca96,707222,5,B,10,A_modules,PlayerController/LokiPlayerCheats.as,,default_arg_expr,false
0x0acc10,707600,36,B,41,A_modules,PlayerController/LokiPlayerCheats.as,,identifier,ConsoleCommandCheatToggleHealthRegen
0x0accb9,707769,1,B,6,A_modules,PlayerController/LokiPlayerCheats.as,,suspect_short,$
0x0acd36,707894,26,B,31,A_modules,PlayerController/LokiPlayerCheats.as,,identifier,AuthCheatToggleHealthRegen
0x0acdf5,708085,41,B,46,A_modules,PlayerController/LokiPlayerCheats.as,,identifier,AuthCheatToggleHealthRegen_Implementation
0x0ad0db,708827,26,B,31,A_modules,PlayerController/LokiPlayerCheats.as,,identifier,AuthCheatToggleHealthRegen
0x0ad14a,708938,34,B,39,A_modules,PlayerController/LokiPlayerCheats.as,,identifier,ConsoleCommandCheatToggleManaRegen
0x0ad1f1,709105,1,B,6,A_modules,PlayerController/LokiPlayerCheats.as,,suspect_short,""""
0x0ad26c,709228,24,B,29,A_modules,PlayerController/LokiPlayerCheats.as,,identifier,AuthCheatToggleManaRegen
0x0ad329,709417,39,B,44,A_modules,PlayerController/LokiPlayerCheats.as,,identifier,AuthCheatToggleManaRegen_Implementation
0x0ad60d,710157,24,B,29,A_modules,PlayerController/LokiPlayerCheats.as,,identifier,AuthCheatToggleManaRegen
0x0ad67a,710266,28,B,33,A_modules,PlayerController/LokiPlayerCheats.as,,identifier,ConsoleCommandCheatGrantGold
0x0ad6ef,710383,6,B,11,A_modules,PlayerController/LokiPlayerCheats.as,,identifier,Amount
0x0ad75a,710490,28,B,33,A_modules,PlayerController/LokiPlayerCheats.as,,identifier,ConsoleCommandCheatGrantGold
0x0ad7cb,710603,18,B,23,A_modules,PlayerController/LokiPlayerCheats.as,,identifier,AuthCheatGrantGold
0x0ad836,710710,6,B,11,A_modules,PlayerController/LokiPlayerCheats.as,,identifier,Amount
0x0ad8c9,710857,33,B,38,A_modules,PlayerController/LokiPlayerCheats.as,,identifier,AuthCheatGrantGold_Implementation
0x0ad943,710979,6,B,11,A_modules,PlayerController/LokiPlayerCheats.as,,identifier,Amount
0x0ad9f6,711158,18,B,23,A_modules,PlayerController/LokiPlayerCheats.as,,identifier,AuthCheatGrantGold
0x0ada5d,711261,28,B,33,A_modules,PlayerController/LokiPlayerCheats.as,,identifier,ConsoleCommandCheatGrantGems
0x0adad2,711378,6,B,11,A_modules,PlayerController/LokiPlayerCheats.as,,identifier,Amount
0x0adb3d,711485,28,B,33,A_modules,PlayerController/LokiPlayerCheats.as,,identifier,ConsoleCommandCheatGrantGems
0x0adbae,711598,18,B,23,A_modules,PlayerController/LokiPlayerCheats.as,,identifier,AuthCheatGrantGems
0x0adc19,711705,6,B,11,A_modules,PlayerController/LokiPlayerCheats.as,,identifier,Amount
0x0adcac,711852,33,B,38,A_modules,PlayerController/LokiPlayerCheats.as,,identifier,AuthCheatGrantGems_Implementation
0x0add26,711974,6,B,11,A_modules,PlayerController/LokiPlayerCheats.as,,identifier,Amount
0x0addd9,712153,18,B,23,A_modules,PlayerController/LokiPlayerCheats.as,,identifier,AuthCheatGrantGems
0x0ade40,712256,35,B,40,A_modules,PlayerController/LokiPlayerCheats.as,,identifier,ConsoleCommandCheatUnlockFullArmory
0x0adee8,712424,1,B,6,A_modules,PlayerController/LokiPlayerCheats.as,,suspect_short,#
0x0adf64,712548,25,B,30,A_modules,PlayerController/LokiPlayerCheats.as,,identifier,AuthCheatUnlockFullArmory
0x0ae022,712738,40,B,45,A_modules,PlayerController/LokiPlayerCheats.as,,identifier,AuthCheatUnlockFullArmory_Implementation
0x0ae13b,713019,25,B,30,A_modules,PlayerController/LokiPlayerCheats.as,,identifier,AuthCheatUnlockFullArmory
0x0ae1a9,713129,29,B,34,A_modules,PlayerController/LokiPlayerCheats.as,,identifier,ConsoleCommandCheatExecuteUAV
0x0ae2c7,713415,2,A,6,A_modules,PlayerController/LokiPlayerCheats.as,,identifier,M
0x0ae3a3,713635,29,B,34,A_modules,PlayerController/LokiPlayerCheats.as,,identifier,ConsoleCommandCheatExecuteUAV
0x0ae415,713749,19,B,24,A_modules,PlayerController/LokiPlayerCheats.as,,identifier,AuthCheatExecuteUAV
0x0ae4a5,713893,14,B,19,A_modules,PlayerController/LokiPlayerCheats.as,,identifier,SourceLocation
0x0ae4b8,713912,9,B,14,A_modules,PlayerController/LokiPlayerCheats.as,,identifier,TeamIndex
0x0ae4da,713946,3,B,8,A_modules,PlayerController/LokiPlayerCheats.as,,string_literal,- 1
0x0ae56a,714090,34,B,39,A_modules,PlayerController/LokiPlayerCheats.as,,identifier,AuthCheatExecuteUAV_Implementation
0x0ae609,714249,14,B,19,A_modules,PlayerController/LokiPlayerCheats.as,,identifier,SourceLocation
0x0ae61c,714268,9,B,14,A_modules,PlayerController/LokiPlayerCheats.as,,identifier,TeamIndex
0x0ae63e,714302,3,B,8,A_modules,PlayerController/LokiPlayerCheats.as,,string_literal,- 1
0x0ae696,714390,1,B,6,A_modules,PlayerController/LokiPlayerCheats.as,,identifier,J
0x0ae7f6,714742,19,B,24,A_modules,PlayerController/LokiPlayerCheats.as,,identifier,AuthCheatExecuteUAV
0x0ae85e,714846,35,B,40,A_modules,PlayerController/LokiPlayerCheats.as,,identifier,ConsoleCommandCheatExecuteUAVGlobal
0x0aea26,715302,1,B,6,A_modules,PlayerController/LokiPlayerCheats.as,,suspect_short,#
0x0aeaa2,715426,37,B,42,A_modules,PlayerController/LokiPlayerCheats.as,,identifier,ConsoleCommandCheatBarracudaNextPhase
0x0aeb3c,715580,2,B,7,A_modules,PlayerController/LokiPlayerCheats.as,,suspect_short,G?
0x0aeb4c,715596,1,B,6,A_modules,PlayerController/LokiPlayerCheats.as,,suspect_short,%
0x0aebca,715722,27,B,32,A_modules,PlayerController/LokiPlayerCheats.as,,identifier,AuthCheatBarracudaNextPhase
0x0aec8a,715914,42,B,47,A_modules,PlayerController/LokiPlayerCheats.as,,identifier,AuthCheatBarracudaNextPhase_Implementation
0x0aed85,716165,27,B,32,A_modules,PlayerController/LokiPlayerCheats.as,,identifier,AuthCheatBarracudaNextPhase
0x0aedf5,716277,35,B,40,A_modules,PlayerController/LokiPlayerCheats.as,,identifier,AuthCheatBarracudaToggleSpawnerType
0x0aee71,716401,11,B,16,A_modules,PlayerController/LokiPlayerCheats.as,,identifier,SpawnerType
0x0aef09,716553,50,B,55,A_modules,PlayerController/LokiPlayerCheats.as,,identifier,AuthCheatBarracudaToggleSpawnerType_Implementation
0x0aef94,716692,11,B,16,A_modules,PlayerController/LokiPlayerCheats.as,,identifier,SpawnerType
0x0af0cc,717004,1,B,6,A_modules,PlayerController/LokiPlayerCheats.as,,suspect_short,#
0x0af148,717128,48,B,53,A_modules,PlayerController/LokiPlayerCheats.as,,identifier,ConsoleCommandCheatBarracudaToggleJungleSpawners
0x0af209,717321,1,B,6,A_modules,PlayerController/LokiPlayerCheats.as,,suspect_short,0
0x0af292,717458,46,B,51,A_modules,PlayerController/LokiPlayerCheats.as,,identifier,ConsoleCommandCheatBarracudaToggleLaneSpawners
0x0af351,717649,1,B,6,A_modules,PlayerController/LokiPlayerCheats.as,,suspect_short,.
0x0af3d8,717784,47,B,52,A_modules,PlayerController/LokiPlayerCheats.as,,identifier,ConsoleCommandCheatBarracudaToggleDayNightCycle
0x0af48c,717964,1,B,6,A_modules,PlayerController/LokiPlayerCheats.as,,suspect_short,/
0x0af514,718100,37,B,42,A_modules,PlayerController/LokiPlayerCheats.as,,identifier,AuthCheatBarracudaToggleDayNightCycle
0x0af5de,718302,52,B,57,A_modules,PlayerController/LokiPlayerCheats.as,,identifier,AuthCheatBarracudaToggleDayNightCycle_Implementation
0x0af6f7,718583,1,B,6,A_modules,PlayerController/LokiPlayerCheats.as,,suspect_short,%
0x0af775,718709,48,B,53,A_modules,PlayerController/LokiPlayerCheats.as,,identifier,ConsoleCommandCheatBarracudaAdvanceDayNightCycle
0x0af82a,718890,1,B,6,A_modules,PlayerController/LokiPlayerCheats.as,,suspect_short,0
0x0af8b3,719027,38,B,43,A_modules,PlayerController/LokiPlayerCheats.as,,identifier,AuthCheatBarracudaAdvanceDayNightCycle
0x0af97e,719230,53,B,58,A_modules,PlayerController/LokiPlayerCheats.as,,identifier,AuthCheatBarracudaAdvanceDayNightCycle_Implementation
0x0afae8,719592,1,B,6,A_modules,PlayerController/LokiPlayerCheats.as,,suspect_short,&
0x0afb67,719719,13,B,18,A_modules,PlayerController/LokiPlayerCheats.as,,identifier,GetMyLocation
0x0afd4d,720205,17,B,22,A_modules,PlayerController/LokiPlayerCheats.as,,identifier,ServerSpawnWispAS
0x0afddb,720347,9,B,14,A_modules,PlayerController/LokiPlayerCheats.as,,identifier,TeamIndex
0x0afde9,720361,8,B,13,A_modules,PlayerController/LokiPlayerCheats.as,,identifier,Location
0x0afe0a,720394,21,B,26,A_modules,PlayerController/LokiPlayerCheats.as,,default_arg_expr,FVector :: ZeroVector
0x0afeac,720556,32,B,37,A_modules,PlayerController/LokiPlayerCheats.as,,identifier,ServerSpawnWispAS_Implementation
0x0aff49,720713,9,B,14,A_modules,PlayerController/LokiPlayerCheats.as,,identifier,TeamIndex
0x0aff57,720727,8,B,13,A_modules,PlayerController/LokiPlayerCheats.as,,identifier,Location
0x0aff78,720760,21,B,26,A_modules,PlayerController/LokiPlayerCheats.as,,default_arg_expr,FVector :: ZeroVector
0x0b002a,720938,1,B,6,A_modules,PlayerController/LokiPlayerCheats.as,,identifier,J
0x0b02fe,721662,17,B,22,A_modules,PlayerController/LokiPlayerCheats.as,,identifier,ServerSpawnWispAS
0x0b0318,721688,11,B,16,A_modules,PlayerController/LokiPlayerCheats.as,,identifier,DisplayName
0x0b032c,721708,31,B,36,A_modules,PlayerController/LokiPlayerCheats.as,,string_literal,Server Spawn Wisp (AngelScript)
0x0b0398,721816,26,B,31,A_modules,PlayerController/LokiPlayerCheats.as,,identifier,SpawnEnemyWispAtMyLocation
0x0b048f,722063,26,B,31,A_modules,PlayerController/LokiPlayerCheats.as,,identifier,SpawnEnemyWispAtMyLocation
0x0b04fe,722174,25,B,30,A_modules,PlayerController/LokiPlayerCheats.as,,identifier,SpawnAllyWispAtMyLocation
0x0b0610,722448,25,B,30,A_modules,PlayerController/LokiPlayerCheats.as,,identifier,SpawnAllyWispAtMyLocation
0x0b067e,722558,33,B,38,A_modules,PlayerController/LokiPlayerCheats.as,,identifier,ConsoleCommandCheatSpawnEnemyWisp
0x0b0810,722960,1,B,6,A_modules,PlayerController/LokiPlayerCheats.as,,suspect_short,!
0x0b088a,723082,32,B,37,A_modules,PlayerController/LokiPlayerCheats.as,,identifier,ConsoleCommandCheatSpawnAllyWisp
0x0b0a37,723511,1,B,6,A_modules,PlayerController/LokiPlayerCheats.as,,suspect_short, 
0x0b0ab0,723632,36,B,41,A_modules,PlayerController/LokiPlayerCheats.as,,identifier,ConsoleCommandEnableStuckAbilityLogs
0x0b0c6d,724077,1,B,6,A_modules,PlayerController/LokiPlayerCheats.as,,suspect_short,$
0x0b0cea,724202,27,B,32,A_modules,PlayerController/LokiPlayerCheats.as,,identifier,ConsoleCommandCheatAutoJump
0x0b0d5e,724318,6,B,11,A_modules,PlayerController/LokiPlayerCheats.as,,identifier,Period
0x0b0e61,724577,27,B,32,A_modules,PlayerController/LokiPlayerCheats.as,,identifier,ConsoleCommandCheatAutoJump
0x0b0ed1,724689,12,B,17,A_modules,PlayerController/LokiPlayerCheats.as,,identifier,TickAutoJump
0x0b10fa,725242,33,B,38,A_modules,PlayerController/LokiPlayerCheats.as,,identifier,ConsoleCommandEnableMovementDebug
0x0b12a0,725664,1,B,6,A_modules,PlayerController/LokiPlayerCheats.as,,suspect_short,!
0x0b131a,725786,34,B,39,A_modules,PlayerController/LokiPlayerCheats.as,,identifier,ConsoleCommandDisableMovementDebug
0x0b1431,726065,1,B,6,A_modules,PlayerController/LokiPlayerCheats.as,,suspect_short,""""
0x0b157c,726396,20,B,25,A_modules,PlayerController/LokiPlayerCheats.as,,identifier,ALokiPlayerCheats_AS
0x0b16f9,726777,21,B,26,A_modules,PlayerController/LokiPlayerCheats.as,,other,~ALokiPlayerCheats_AS
0x0b17c7,726983,17,B,22,A_modules,PlayerController/LokiPlayerCheats.as,,identifier,ALokiPlayerCheats
0x0b17dd,727005,29,B,34,A_modules,PlayerController/LokiPlayerCheats.as,,asset_path,/Script/Loki.LokiPlayerCheats
0x0b181f,727071,33,B,38,A_modules,PlayerController/LokiPlayerCheats.as,,statictype_alias,__StaticType_ALokiPlayerCheats_AS
0x0b1859,727129,1,B,6,A_modules,PlayerController/LokiPlayerCheats.as,,suspect_short,!
0x0b18cb,727243,36,B,41,A_modules,PlayerController/LokiPlayerCheats.as,,source_path,PlayerController/LokiPlayerCheats.as
0x0b18f8,727288,38,A,42,A_modules,PlayerController/LokiPlayerController.as,,dotted_name,PlayerController.LokiPlayerController
0x0b1922,727330,37,B,42,A_modules,PlayerController/LokiPlayerController.as,,dotted_name,PlayerController.LokiPlayerController
0x0b1950,727376,24,B,29,A_modules,PlayerController/LokiPlayerController.as,,identifier,ALokiPlayerController_AS
0x0b1a09,727561,11,B,16,A_modules,PlayerController/LokiPlayerController.as,,identifier,StaticClass
0x0b1a19,727577,24,B,29,A_modules,PlayerController/LokiPlayerController.as,,identifier,ALokiPlayerController_AS
0x0b1ada,727770,5,B,10,A_modules,PlayerController/LokiPlayerController.as,,identifier,Spawn
0x0b1ae4,727780,24,B,29,A_modules,PlayerController/LokiPlayerController.as,,identifier,ALokiPlayerController_AS
0x0b1be1,728033,8,B,13,A_modules,PlayerController/LokiPlayerController.as,,identifier,Location
0x0b1bee,728046,8,B,13,A_modules,PlayerController/LokiPlayerController.as,,identifier,Rotation
0x0b1bfb,728059,4,B,9,A_modules,PlayerController/LokiPlayerController.as,,identifier,Name
0x0b1c04,728068,14,B,19,A_modules,PlayerController/LokiPlayerController.as,,identifier,bDeferredSpawn
0x0b1c17,728087,5,B,10,A_modules,PlayerController/LokiPlayerController.as,,identifier,Level
0x0b1c3d,728125,21,B,26,A_modules,PlayerController/LokiPlayerController.as,,default_arg_expr,FVector :: ZeroVector
0x0b1c57,728151,23,B,28,A_modules,PlayerController/LokiPlayerController.as,,default_arg_expr,FRotator :: ZeroRotator
0x0b1c73,728179,9,B,14,A_modules,PlayerController/LokiPlayerController.as,,default_arg_expr,NAME_None
0x0b1c81,728193,5,B,10,A_modules,PlayerController/LokiPlayerController.as,,default_arg_expr,false
0x0b1c8b,728203,7,B,12,A_modules,PlayerController/LokiPlayerController.as,,default_arg_expr,nullptr
0x0b1d27,728359,1,B,6,A_modules,PlayerController/LokiPlayerController.as,,identifier,J
0x0b1db7,728503,24,B,29,A_modules,PlayerController/LokiPlayerController.as,,identifier,ALokiPlayerController_AS
0x0b1de0,728544,12,B,17,A_modules,PlayerController/LokiPlayerController.as,,identifier,UAVComponent
0x0b1e25,728613,18,B,23,A_modules,PlayerController/LokiPlayerController.as,,identifier,EditInlineDefaults
0x0b1e3c,728636,16,B,21,A_modules,PlayerController/LokiPlayerController.as,,identifier,DefaultComponent
0x0b1e55,728661,4,B,9,A_modules,PlayerController/LokiPlayerController.as,,default_arg_expr,true
0x0b1e5e,728670,4,B,9,A_modules,PlayerController/LokiPlayerController.as,,identifier,True
0x0b1ea7,728743,14,B,19,A_modules,PlayerController/LokiPlayerController.as,,identifier,OnSneakPressed
0x0b1f32,728882,15,B,20,A_modules,PlayerController/LokiPlayerController.as,,identifier,OnSneakReleased
0x0b1fbe,729022,24,B,29,A_modules,PlayerController/LokiPlayerController.as,,identifier,OnPracticeRespawnPressed
0x0b2057,729175,21,B,26,A_modules,PlayerController/LokiPlayerController.as,,identifier,ClientGliderActivated
0x0b20f5,729333,21,B,26,A_modules,PlayerController/LokiPlayerController.as,,identifier,ClientGliderActivated
0x0b215f,729439,23,B,28,A_modules,PlayerController/LokiPlayerController.as,,identifier,ClientGliderDeactivated
0x0b21ff,729599,23,B,28,A_modules,PlayerController/LokiPlayerController.as,,identifier,ClientGliderDeactivated
0x0b226b,729707,16,B,21,A_modules,PlayerController/LokiPlayerController.as,,identifier,SpectatorMapMove
0x0b2304,729860,16,B,21,A_modules,PlayerController/LokiPlayerController.as,,identifier,SpectatorMapMove
0x0b2369,729961,26,B,31,A_modules,PlayerController/LokiPlayerController.as,,identifier,BP_OnClientGliderActivated
0x0b2428,730152,41,B,46,A_modules,PlayerController/LokiPlayerController.as,,identifier,BP_OnClientGliderActivated_Implementation
0x0b24ce,730318,26,B,31,A_modules,PlayerController/LokiPlayerController.as,,identifier,BP_OnClientGliderActivated
0x0b24f1,730353,11,B,16,A_modules,PlayerController/LokiPlayerController.as,,identifier,DisplayName
0x0b2505,730373,26,B,31,A_modules,PlayerController/LokiPlayerController.as,,string_literal,On Client Glider Activated
0x0b256c,730476,27,B,32,A_modules,PlayerController/LokiPlayerController.as,,identifier,BP_OnClientGliderDectivated
0x0b262c,730668,42,B,47,A_modules,PlayerController/LokiPlayerController.as,,identifier,BP_OnClientGliderDectivated_Implementation
0x0b26d3,730835,27,B,32,A_modules,PlayerController/LokiPlayerController.as,,identifier,BP_OnClientGliderDectivated
0x0b26f7,730871,11,B,16,A_modules,PlayerController/LokiPlayerController.as,,identifier,DisplayName
0x0b270b,730891,28,B,33,A_modules,PlayerController/LokiPlayerController.as,,string_literal,On Client Glider Deactivated
0x0b2774,730996,21,B,26,A_modules,PlayerController/LokiPlayerController.as,,identifier,BP_OnSpectatorMapMove
0x0b282e,731182,36,B,41,A_modules,PlayerController/LokiPlayerController.as,,identifier,BP_OnSpectatorMapMove_Implementation
0x0b28cf,731343,21,B,26,A_modules,PlayerController/LokiPlayerController.as,,identifier,BP_OnSpectatorMapMove
0x0b28ed,731373,11,B,16,A_modules,PlayerController/LokiPlayerController.as,,identifier,DisplayName
0x0b2901,731393,21,B,26,A_modules,PlayerController/LokiPlayerController.as,,string_literal,On Spectator Map Move
0x0b299f,731551,24,B,29,A_modules,PlayerController/LokiPlayerController.as,,identifier,ALokiPlayerController_AS
0x0b2acc,731852,25,B,30,A_modules,PlayerController/LokiPlayerController.as,,other,~ALokiPlayerController_AS
0x0b2baa,732074,21,B,26,A_modules,PlayerController/LokiPlayerController.as,,identifier,ALokiPlayerController
0x0b2bc4,732100,33,B,38,A_modules,PlayerController/LokiPlayerController.as,,asset_path,/Script/Loki.LokiPlayerController
0x0b2c0a,732170,37,B,42,A_modules,PlayerController/LokiPlayerController.as,,statictype_alias,__StaticType_ALokiPlayerController_AS
0x0b2c44,732228,23,B,28,A_modules,PlayerController/LokiPlayerController.as,,identifier,FOnSneakPressedDelegate
0x0b2c6c,732268,6,B,11,A_modules,PlayerController/LokiPlayerController.as,,identifier,_Inner
0x0b2cab,732331,8,B,13,A_modules,PlayerController/LokiPlayerController.as,,internal_symbol,opAssign
0x0b2d0c,732428,5,B,10,A_modules,PlayerController/LokiPlayerController.as,,identifier,Other
0x0b2d92,732562,9,B,14,A_modules,PlayerController/LokiPlayerController.as,,identifier,Broadcast
0x0b2e64,732772,12,B,17,A_modules,PlayerController/LokiPlayerController.as,,identifier,AddUFunction
0x0b2eed,732909,6,B,11,A_modules,PlayerController/LokiPlayerController.as,,identifier,Object
0x0b2ef8,732920,12,B,17,A_modules,PlayerController/LokiPlayerController.as,,identifier,FunctionName
0x0b2fad,733101,6,B,11,A_modules,PlayerController/LokiPlayerController.as,,identifier,Unbind
0x0b3030,733232,6,B,11,A_modules,PlayerController/LokiPlayerController.as,,identifier,Object
0x0b303b,733243,12,B,17,A_modules,PlayerController/LokiPlayerController.as,,identifier,FunctionName
0x0b30c4,733380,12,B,17,A_modules,PlayerController/LokiPlayerController.as,,identifier,UnbindObject
0x0b3129,733481,6,B,11,A_modules,PlayerController/LokiPlayerController.as,,identifier,Object
0x0b31a0,733600,7,B,12,A_modules,PlayerController/LokiPlayerController.as,,identifier,IsBound
0x0b3244,733764,5,B,10,A_modules,PlayerController/LokiPlayerController.as,,identifier,Clear
0x0b32f6,733942,23,B,28,A_modules,PlayerController/LokiPlayerController.as,,identifier,FOnSneakPressedDelegate
0x0b33a2,734114,23,B,28,A_modules,PlayerController/LokiPlayerController.as,,identifier,FOnSneakPressedDelegate
0x0b3412,734226,5,B,10,A_modules,PlayerController/LokiPlayerController.as,,identifier,Other
0x0b34d8,734424,24,B,29,A_modules,PlayerController/LokiPlayerController.as,,other,~FOnSneakPressedDelegate
0x0b3591,734609,24,B,29,A_modules,PlayerController/LokiPlayerController.as,,identifier,FOnSneakReleasedDelegate
0x0b35ba,734650,6,B,11,A_modules,PlayerController/LokiPlayerController.as,,identifier,_Inner
0x0b35f9,734713,8,B,13,A_modules,PlayerController/LokiPlayerController.as,,internal_symbol,opAssign
0x0b365a,734810,5,B,10,A_modules,PlayerController/LokiPlayerController.as,,identifier,Other
0x0b36e0,734944,9,B,14,A_modules,PlayerController/LokiPlayerController.as,,identifier,Broadcast
0x0b37b2,735154,12,B,17,A_modules,PlayerController/LokiPlayerController.as,,identifier,AddUFunction
0x0b383b,735291,6,B,11,A_modules,PlayerController/LokiPlayerController.as,,identifier,Object
0x0b3846,735302,12,B,17,A_modules,PlayerController/LokiPlayerController.as,,identifier,FunctionName
0x0b38fb,735483,6,B,11,A_modules,PlayerController/LokiPlayerController.as,,identifier,Unbind
0x0b397e,735614,6,B,11,A_modules,PlayerController/LokiPlayerController.as,,identifier,Object
0x0b3989,735625,12,B,17,A_modules,PlayerController/LokiPlayerController.as,,identifier,FunctionName
0x0b3a12,735762,12,B,17,A_modules,PlayerController/LokiPlayerController.as,,identifier,UnbindObject
0x0b3a77,735863,6,B,11,A_modules,PlayerController/LokiPlayerController.as,,identifier,Object
0x0b3aee,735982,7,B,12,A_modules,PlayerController/LokiPlayerController.as,,identifier,IsBound
0x0b3b92,736146,5,B,10,A_modules,PlayerController/LokiPlayerController.as,,identifier,Clear
0x0b3c44,736324,24,B,29,A_modules,PlayerController/LokiPlayerController.as,,identifier,FOnSneakReleasedDelegate
0x0b3cf1,736497,24,B,29,A_modules,PlayerController/LokiPlayerController.as,,identifier,FOnSneakReleasedDelegate
0x0b3d62,736610,5,B,10,A_modules,PlayerController/LokiPlayerController.as,,identifier,Other
0x0b3dd0,736720,4,B,9,A_modules,PlayerController/LokiPlayerController.as,,other,~*[=
0x0b3e28,736808,25,B,30,A_modules,PlayerController/LokiPlayerController.as,,other,~FOnSneakReleasedDelegate
0x0b3ee2,736994,33,B,38,A_modules,PlayerController/LokiPlayerController.as,,identifier,FOnPracticeRespawnPressedDelegate
0x0b3f14,737044,6,B,11,A_modules,PlayerController/LokiPlayerController.as,,identifier,_Inner
0x0b3f53,737107,8,B,13,A_modules,PlayerController/LokiPlayerController.as,,internal_symbol,opAssign
0x0b3fb4,737204,5,B,10,A_modules,PlayerController/LokiPlayerController.as,,identifier,Other
0x0b403a,737338,9,B,14,A_modules,PlayerController/LokiPlayerController.as,,identifier,Broadcast
0x0b410c,737548,12,B,17,A_modules,PlayerController/LokiPlayerController.as,,identifier,AddUFunction
0x0b4195,737685,6,B,11,A_modules,PlayerController/LokiPlayerController.as,,identifier,Object
0x0b41a0,737696,12,B,17,A_modules,PlayerController/LokiPlayerController.as,,identifier,FunctionName
0x0b4255,737877,6,B,11,A_modules,PlayerController/LokiPlayerController.as,,identifier,Unbind
0x0b42d8,738008,6,B,11,A_modules,PlayerController/LokiPlayerController.as,,identifier,Object
0x0b42e3,738019,12,B,17,A_modules,PlayerController/LokiPlayerController.as,,identifier,FunctionName
0x0b436c,738156,12,B,17,A_modules,PlayerController/LokiPlayerController.as,,identifier,UnbindObject
0x0b43d1,738257,6,B,11,A_modules,PlayerController/LokiPlayerController.as,,identifier,Object
0x0b4448,738376,7,B,12,A_modules,PlayerController/LokiPlayerController.as,,identifier,IsBound
0x0b44ec,738540,5,B,10,A_modules,PlayerController/LokiPlayerController.as,,identifier,Clear
0x0b459a,738714,2,A,6,A_modules,PlayerController/LokiPlayerController.as,,suspect_short,!
0x0b4654,738900,33,B,38,A_modules,PlayerController/LokiPlayerController.as,,identifier,FOnPracticeRespawnPressedDelegate
0x0b46ce,739022,5,B,10,A_modules,PlayerController/LokiPlayerController.as,,identifier,Other
0x0b4790,739216,1,B,6,A_modules,PlayerController/LokiPlayerController.as,,suspect_short,""""
0x0b485b,739419,1,B,6,A_modules,PlayerController/LokiPlayerController.as,,suspect_short,%
0x0b48cd,739533,23,B,28,A_modules,PlayerController/LokiPlayerController.as,,identifier,FOnSneakPressedDelegate
0x0b48e9,739561,24,B,29,A_modules,PlayerController/LokiPlayerController.as,,identifier,FOnSneakReleasedDelegate
0x0b4906,739590,33,B,38,A_modules,PlayerController/LokiPlayerController.as,,identifier,FOnPracticeRespawnPressedDelegate
0x0b4930,739632,40,B,45,A_modules,PlayerController/LokiPlayerController.as,,source_path,PlayerController/LokiPlayerController.as
0x0b4961,739681,30,A,34,A_modules,UAV/LokiGameStateUAVComponent.as,,dotted_name,UAV.LokiGameStateUAVComponent
0x0b4983,739715,29,B,34,A_modules,UAV/LokiGameStateUAVComponent.as,,dotted_name,UAV.LokiGameStateUAVComponent
0x0b49a9,739753,26,B,31,A_modules,UAV/LokiGameStateUAVComponent.as,,identifier,ULokiGameStateUAVComponent
0x0b4a64,739940,11,B,16,A_modules,UAV/LokiGameStateUAVComponent.as,,identifier,StaticClass
0x0b4a74,739956,26,B,31,A_modules,UAV/LokiGameStateUAVComponent.as,,identifier,ULokiGameStateUAVComponent
0x0b4b37,740151,3,B,8,A_modules,UAV/LokiGameStateUAVComponent.as,,identifier,Get
0x0b4b3f,740159,26,B,31,A_modules,UAV/LokiGameStateUAVComponent.as,,identifier,ULokiGameStateUAVComponent
0x0b4bd2,740306,5,B,10,A_modules,UAV/LokiGameStateUAVComponent.as,,identifier,Actor
0x0b4bdc,740316,8,B,13,A_modules,UAV/LokiGameStateUAVComponent.as,,identifier,WithName
0x0b4bfd,740349,9,B,14,A_modules,UAV/LokiGameStateUAVComponent.as,,default_arg_expr,NAME_None
0x0b4c8b,740491,11,B,16,A_modules,UAV/LokiGameStateUAVComponent.as,,identifier,GetOrCreate
0x0b4c9b,740507,26,B,31,A_modules,UAV/LokiGameStateUAVComponent.as,,identifier,ULokiGameStateUAVComponent
0x0b4d2e,740654,5,B,10,A_modules,UAV/LokiGameStateUAVComponent.as,,identifier,Actor
0x0b4d38,740664,8,B,13,A_modules,UAV/LokiGameStateUAVComponent.as,,identifier,WithName
0x0b4d59,740697,9,B,14,A_modules,UAV/LokiGameStateUAVComponent.as,,default_arg_expr,NAME_None
0x0b4de7,740839,6,B,11,A_modules,UAV/LokiGameStateUAVComponent.as,,identifier,Create
0x0b4df2,740850,26,B,31,A_modules,UAV/LokiGameStateUAVComponent.as,,identifier,ULokiGameStateUAVComponent
0x0b4e85,740997,5,B,10,A_modules,UAV/LokiGameStateUAVComponent.as,,identifier,Actor
0x0b4e8f,741007,8,B,13,A_modules,UAV/LokiGameStateUAVComponent.as,,identifier,WithName
0x0b4eb0,741040,9,B,14,A_modules,UAV/LokiGameStateUAVComponent.as,,default_arg_expr,NAME_None
0x0b4f42,741186,26,B,31,A_modules,UAV/LokiGameStateUAVComponent.as,,identifier,ULokiGameStateUAVComponent
0x0b4f6d,741229,22,B,27,A_modules,UAV/LokiGameStateUAVComponent.as,,identifier,PlayerGroupingDistance
0x0b4fbc,741308,8,B,13,A_modules,UAV/LokiGameStateUAVComponent.as,,identifier,Category
0x0b4fcd,741325,3,B,8,A_modules,UAV/LokiGameStateUAVComponent.as,,identifier,UAV
0x0b5015,741397,19,B,24,A_modules,UAV/LokiGameStateUAVComponent.as,,identifier,VaultVisionDistance
0x0b5061,741473,8,B,13,A_modules,UAV/LokiGameStateUAVComponent.as,,identifier,Category
0x0b5072,741490,3,B,8,A_modules,UAV/LokiGameStateUAVComponent.as,,identifier,UAV
0x0b50ba,741562,21,B,26,A_modules,UAV/LokiGameStateUAVComponent.as,,identifier,GlobalAudioActorClass
0x0b5108,741640,8,B,13,A_modules,UAV/LokiGameStateUAVComponent.as,,identifier,Category
0x0b5119,741657,3,B,8,A_modules,UAV/LokiGameStateUAVComponent.as,,identifier,UAV
0x0b5161,741729,29,B,34,A_modules,UAV/LokiGameStateUAVComponent.as,,identifier,MarkedTeamGameplayEffectClass
0x0b51b7,741815,8,B,13,A_modules,UAV/LokiGameStateUAVComponent.as,,identifier,Category
0x0b51c8,741832,3,B,8,A_modules,UAV/LokiGameStateUAVComponent.as,,identifier,UAV
0x0b5210,741904,35,B,40,A_modules,UAV/LokiGameStateUAVComponent.as,,identifier,MarkedIndividualGameplayEffectClass
0x0b526c,741996,8,B,13,A_modules,UAV/LokiGameStateUAVComponent.as,,identifier,Category
0x0b527d,742013,3,B,8,A_modules,UAV/LokiGameStateUAVComponent.as,,identifier,UAV
0x0b52c5,742085,24,B,29,A_modules,UAV/LokiGameStateUAVComponent.as,,identifier,UAVBlockedGameplayCueTag
0x0b5316,742166,8,B,13,A_modules,UAV/LokiGameStateUAVComponent.as,,identifier,Category
0x0b5327,742183,3,B,8,A_modules,UAV/LokiGameStateUAVComponent.as,,identifier,UAV
0x0b536f,742255,7,B,12,A_modules,UAV/LokiGameStateUAVComponent.as,,identifier,DataTag
0x0b53ab,742315,14,B,19,A_modules,UAV/LokiGameStateUAVComponent.as,,identifier,UAVImmunityTag
0x0b53ee,742382,14,B,19,A_modules,UAV/LokiGameStateUAVComponent.as,,identifier,UAVUpgradedTag
0x0b5431,742449,10,B,15,A_modules,UAV/LokiGameStateUAVComponent.as,,identifier,ActiveUAVs
0x0b5470,742512,20,B,25,A_modules,UAV/LokiGameStateUAVComponent.as,,identifier,AllVaultItemSpawners
0x0b54b9,742585,9,B,14,A_modules,UAV/LokiGameStateUAVComponent.as,,identifier,NextUAVID
0x0b5543,742723,19,B,24,A_modules,UAV/LokiGameStateUAVComponent.as,,identifier,Tick_Implementation
0x0b55af,742831,12,B,17,A_modules,UAV/LokiGameStateUAVComponent.as,,identifier,DeltaSeconds
0x0b593c,743740,4,B,9,A_modules,UAV/LokiGameStateUAVComponent.as,,identifier,Tick
0x0b5995,743829,24,B,29,A_modules,UAV/LokiGameStateUAVComponent.as,,identifier,BeginPlay_Implementation
0x0b5aa6,744102,2,A,6,A_modules,UAV/LokiGameStateUAVComponent.as,,identifier,V
0x0b5ada,744154,2,A,6,A_modules,UAV/LokiGameStateUAVComponent.as,0x26e77214f40,identifier,W
0x0b5c06,744454,9,B,14,A_modules,UAV/LokiGameStateUAVComponent.as,,identifier,BeginPlay
0x0b5c64,744548,10,B,15,A_modules,UAV/LokiGameStateUAVComponent.as,,identifier,ExecuteUAV
0x0b5d0f,744719,6,B,11,A_modules,UAV/LokiGameStateUAVComponent.as,,identifier,Config
0x0b5d1a,744730,14,B,19,A_modules,UAV/LokiGameStateUAVComponent.as,,identifier,SourceLocation
0x0b5d2d,744749,9,B,14,A_modules,UAV/LokiGameStateUAVComponent.as,,identifier,TeamIndex
0x0b5d57,744791,3,B,8,A_modules,UAV/LokiGameStateUAVComponent.as,,string_literal,- 1
0x0b6053,745555,10,B,15,A_modules,UAV/LokiGameStateUAVComponent.as,,identifier,ExecuteUAV
0x0b60b2,745650,17,B,22,A_modules,UAV/LokiGameStateUAVComponent.as,,identifier,CancelOngoingUAVs
0x0b611c,745756,9,B,14,A_modules,UAV/LokiGameStateUAVComponent.as,,identifier,TeamIndex
0x0b6136,745782,3,B,8,A_modules,UAV/LokiGameStateUAVComponent.as,,string_literal,- 1
0x0b6332,746290,17,B,22,A_modules,UAV/LokiGameStateUAVComponent.as,,identifier,CancelOngoingUAVs
0x0b6398,746392,8,B,13,A_modules,UAV/LokiGameStateUAVComponent.as,,identifier,PulseUAV
0x0b63f9,746489,3,B,8,A_modules,UAV/LokiGameStateUAVComponent.as,,identifier,UAV
0x0b653d,746813,1,B,6,A_modules,UAV/LokiGameStateUAVComponent.as,,suspect_short,0
0x0b6561,746849,1,B,6,A_modules,UAV/LokiGameStateUAVComponent.as,,suspect_short,0
0x0b6a49,748105,1,B,6,A_modules,UAV/LokiGameStateUAVComponent.as,,identifier,J
0x0b6f31,749361,16,B,21,A_modules,UAV/LokiGameStateUAVComponent.as,,identifier,ShouldUpgradeUAV
0x0b6f9a,749466,9,B,14,A_modules,UAV/LokiGameStateUAVComponent.as,,identifier,TeamIndex
0x0b72ec,750316,19,B,24,A_modules,UAV/LokiGameStateUAVComponent.as,,identifier,RevealVaultContents
0x0b7358,750424,3,B,8,A_modules,UAV/LokiGameStateUAVComponent.as,,identifier,UAV
0x0b7758,751448,1,B,6,A_modules,UAV/LokiGameStateUAVComponent.as,,identifier,P
0x0b7d80,753024,9,B,14,A_modules,UAV/LokiGameStateUAVComponent.as,,identifier,PulseTeam
0x0b7e06,753158,3,B,8,A_modules,UAV/LokiGameStateUAVComponent.as,,identifier,UAV
0x0b7e0e,753166,9,B,14,A_modules,UAV/LokiGameStateUAVComponent.as,,identifier,TeamState
0x0b7eb4,753332,1,B,6,A_modules,UAV/LokiGameStateUAVComponent.as,,identifier,P
0x0b7fc0,753600,2,A,6,A_modules,UAV/LokiGameStateUAVComponent.as,,identifier,P
0x0b8888,755848,22,B,27,A_modules,UAV/LokiGameStateUAVComponent.as,,identifier,MakeCharacterGroupings
0x0b88f7,755959,19,B,24,A_modules,UAV/LokiGameStateUAVComponent.as,,identifier,RemainingCharacters
0x0b8b57,756567,27,B,32,A_modules,UAV/LokiGameStateUAVComponent.as,,identifier,GetLargestCharacterGrouping
0x0b8bcb,756683,10,B,15,A_modules,UAV/LokiGameStateUAVComponent.as,,identifier,Characters
0x0b8f2a,757546,20,B,25,A_modules,UAV/LokiGameStateUAVComponent.as,,identifier,IsCharacterUAVImmune
0x0b8f97,757655,13,B,18,A_modules,UAV/LokiGameStateUAVComponent.as,,identifier,LokiCharacter
0x0b9001,757761,2,A,6,A_modules,UAV/LokiGameStateUAVComponent.as,,identifier,R
0x0b9041,757825,21,B,26,A_modules,UAV/LokiGameStateUAVComponent.as,,identifier,GenerateFuzzyLocation
0x0b91ab,758187,3,B,8,A_modules,UAV/LokiGameStateUAVComponent.as,,identifier,UAV
0x0b91b3,758195,8,B,13,A_modules,UAV/LokiGameStateUAVComponent.as,,identifier,Location
0x0b91c0,758208,11,B,16,A_modules,UAV/LokiGameStateUAVComponent.as,,identifier,PlayerCount
0x0b91d0,758224,9,B,14,A_modules,UAV/LokiGameStateUAVComponent.as,,identifier,TeamIndex
0x0b91de,758238,9,B,14,A_modules,UAV/LokiGameStateUAVComponent.as,,identifier,TeamLevel
0x0b91ec,758252,16,B,21,A_modules,UAV/LokiGameStateUAVComponent.as,,identifier,CharacterClasses
0x0b9201,758273,17,B,22,A_modules,UAV/LokiGameStateUAVComponent.as,,identifier,AverageRelicCount
0x0b9217,758295,17,B,22,A_modules,UAV/LokiGameStateUAVComponent.as,,identifier,AverageArmorLevel
0x0b93b5,758709,2,A,6,A_modules,UAV/LokiGameStateUAVComponent.as,,identifier,M
0x0b9965,760165,15,B,20,A_modules,UAV/LokiGameStateUAVComponent.as,,identifier,PulseIndividual
0x0b99f1,760305,3,B,8,A_modules,UAV/LokiGameStateUAVComponent.as,,identifier,UAV
0x0b99f9,760313,11,B,16,A_modules,UAV/LokiGameStateUAVComponent.as,,identifier,PlayerState
0x0b9fc9,761801,16,B,21,A_modules,UAV/LokiGameStateUAVComponent.as,,identifier,IsValidUAVTarget
0x0ba056,761942,3,B,8,A_modules,UAV/LokiGameStateUAVComponent.as,,identifier,UAV
0x0ba05e,761950,11,B,16,A_modules,UAV/LokiGameStateUAVComponent.as,,identifier,PlayerState
0x0ba1b6,762294,1,B,6,A_modules,UAV/LokiGameStateUAVComponent.as,,identifier,R
0x0ba292,762514,15,B,20,A_modules,UAV/LokiGameStateUAVComponent.as,,identifier,IsTeamUAVImmune
0x0ba2fa,762618,9,B,14,A_modules,UAV/LokiGameStateUAVComponent.as,,identifier,TeamState
0x0ba51c,763164,20,B,25,A_modules,UAV/LokiGameStateUAVComponent.as,,identifier,NotifyTeamBlockedUAV
0x0ba589,763273,9,B,14,A_modules,UAV/LokiGameStateUAVComponent.as,,identifier,TeamState
0x0ba7fb,763899,10,B,15,A_modules,UAV/LokiGameStateUAVComponent.as,,identifier,CleanupUAV
0x0ba85e,763998,3,B,8,A_modules,UAV/LokiGameStateUAVComponent.as,,identifier,UAV
0x0baa1a,764442,29,B,34,A_modules,UAV/LokiGameStateUAVComponent.as,,identifier,GetAllTeamVaultDataComponents
0x0bad5c,765276,16,B,21,A_modules,UAV/LokiGameStateUAVComponent.as,,identifier,OnVaultDestroyed
0x0badc5,765381,14,B,19,A_modules,UAV/LokiGameStateUAVComponent.as,,identifier,DestroyedActor
0x0baf30,765744,16,B,21,A_modules,UAV/LokiGameStateUAVComponent.as,,identifier,OnVaultDestroyed
0x0baf95,765845,20,B,25,A_modules,UAV/LokiGameStateUAVComponent.as,,identifier,OnVaultDoorDestroyed
0x0bb002,765954,14,B,19,A_modules,UAV/LokiGameStateUAVComponent.as,,identifier,DestroyedActor
0x0bb1e1,766433,20,B,25,A_modules,UAV/LokiGameStateUAVComponent.as,,identifier,OnVaultDoorDestroyed
0x0bb24a,766538,14,B,19,A_modules,UAV/LokiGameStateUAVComponent.as,,internal_symbol,__InitDefaults
0x0bb3f9,766969,26,B,31,A_modules,UAV/LokiGameStateUAVComponent.as,,identifier,ULokiGameStateUAVComponent
0x0bb5fc,767484,27,B,32,A_modules,UAV/LokiGameStateUAVComponent.as,,other,~ULokiGameStateUAVComponent
0x0bb730,767792,15,B,20,A_modules,UAV/LokiGameStateUAVComponent.as,,identifier,UActorComponent
0x0bb744,767812,29,B,34,A_modules,UAV/LokiGameStateUAVComponent.as,,asset_path,/Script/Engine.ActorComponent
0x0bb786,767878,39,B,44,A_modules,UAV/LokiGameStateUAVComponent.as,,statictype_alias,__StaticType_ULokiGameStateUAVComponent
0x0bb7c6,767942,1,B,6,A_modules,UAV/LokiGameStateUAVComponent.as,,suspect_short,'
0x0bb83e,768062,32,B,37,A_modules,UAV/LokiGameStateUAVComponent.as,,source_path,UAV/LokiGameStateUAVComponent.as
0x0bb867,768103,37,A,41,A_modules,UAV/LokiPlayerControllerUAVComponent.as,,dotted_name,UAV.LokiPlayerControllerUAVComponent
0x0bb890,768144,36,B,41,A_modules,UAV/LokiPlayerControllerUAVComponent.as,,dotted_name,UAV.LokiPlayerControllerUAVComponent
0x0bb8bd,768189,33,B,38,A_modules,UAV/LokiPlayerControllerUAVComponent.as,,identifier,ULokiPlayerControllerUAVComponent
0x0bb97f,768383,11,B,16,A_modules,UAV/LokiPlayerControllerUAVComponent.as,,identifier,StaticClass
0x0bb98f,768399,33,B,38,A_modules,UAV/LokiPlayerControllerUAVComponent.as,,identifier,ULokiPlayerControllerUAVComponent
0x0bba59,768601,3,B,8,A_modules,UAV/LokiPlayerControllerUAVComponent.as,,identifier,Get
0x0bba61,768609,33,B,38,A_modules,UAV/LokiPlayerControllerUAVComponent.as,,identifier,ULokiPlayerControllerUAVComponent
0x0bbafb,768763,5,B,10,A_modules,UAV/LokiPlayerControllerUAVComponent.as,,identifier,Actor
0x0bbb05,768773,8,B,13,A_modules,UAV/LokiPlayerControllerUAVComponent.as,,identifier,WithName
0x0bbb26,768806,9,B,14,A_modules,UAV/LokiPlayerControllerUAVComponent.as,,default_arg_expr,NAME_None
0x0bbbb4,768948,11,B,16,A_modules,UAV/LokiPlayerControllerUAVComponent.as,,identifier,GetOrCreate
0x0bbbc4,768964,33,B,38,A_modules,UAV/LokiPlayerControllerUAVComponent.as,,identifier,ULokiPlayerControllerUAVComponent
0x0bbc5e,769118,5,B,10,A_modules,UAV/LokiPlayerControllerUAVComponent.as,,identifier,Actor
0x0bbc68,769128,8,B,13,A_modules,UAV/LokiPlayerControllerUAVComponent.as,,identifier,WithName
0x0bbc89,769161,9,B,14,A_modules,UAV/LokiPlayerControllerUAVComponent.as,,default_arg_expr,NAME_None
0x0bbd17,769303,6,B,11,A_modules,UAV/LokiPlayerControllerUAVComponent.as,,identifier,Create
0x0bbd22,769314,33,B,38,A_modules,UAV/LokiPlayerControllerUAVComponent.as,,identifier,ULokiPlayerControllerUAVComponent
0x0bbdbc,769468,5,B,10,A_modules,UAV/LokiPlayerControllerUAVComponent.as,,identifier,Actor
0x0bbdc6,769478,8,B,13,A_modules,UAV/LokiPlayerControllerUAVComponent.as,,identifier,WithName
0x0bbde7,769511,9,B,14,A_modules,UAV/LokiPlayerControllerUAVComponent.as,,default_arg_expr,NAME_None
0x0bbe75,769653,1,B,6,A_modules,UAV/LokiPlayerControllerUAVComponent.as,,suspect_short,!
0x0bbeab,769707,16,B,21,A_modules,UAV/LokiPlayerControllerUAVComponent.as,,identifier,UAVMapActorClass
0x0bbef4,769780,8,B,13,A_modules,UAV/LokiPlayerControllerUAVComponent.as,,identifier,Category
0x0bbf05,769797,3,B,8,A_modules,UAV/LokiPlayerControllerUAVComponent.as,,identifier,UAV
0x0bbf4d,769869,25,B,30,A_modules,UAV/LokiPlayerControllerUAVComponent.as,,identifier,UAVVaultContentActorClass
0x0bbf9f,769951,8,B,13,A_modules,UAV/LokiPlayerControllerUAVComponent.as,,identifier,Category
0x0bbfb0,769968,3,B,8,A_modules,UAV/LokiPlayerControllerUAVComponent.as,,identifier,UAV
0x0bbff8,770040,31,B,36,A_modules,UAV/LokiPlayerControllerUAVComponent.as,,identifier,UAVActivatedEventNotifyCooldown
0x0bc050,770128,8,B,13,A_modules,UAV/LokiPlayerControllerUAVComponent.as,,identifier,Category
0x0bc061,770145,3,B,8,A_modules,UAV/LokiPlayerControllerUAVComponent.as,,identifier,UAV
0x0bc0a9,770217,19,B,24,A_modules,UAV/LokiPlayerControllerUAVComponent.as,,identifier,LastEventNotifyTime
0x0bc0f1,770289,11,B,16,A_modules,UAV/LokiPlayerControllerUAVComponent.as,,identifier,LastRadarID
0x0bc131,770353,17,B,22,A_modules,UAV/LokiPlayerControllerUAVComponent.as,,identifier,LocalRadarPlayers
0x0bc177,770423,15,B,20,A_modules,UAV/LokiPlayerControllerUAVComponent.as,,identifier,LastRadarPlayer
0x0bc1bf,770495,24,B,29,A_modules,UAV/LokiPlayerControllerUAVComponent.as,,identifier,BeginPlay_Implementation
0x0bc278,770680,2,A,6,A_modules,UAV/LokiPlayerControllerUAVComponent.as,,identifier,X
0x0bc2f4,770804,2,A,6,A_modules,UAV/LokiPlayerControllerUAVComponent.as,,identifier,Y
0x0bc74c,771916,9,B,14,A_modules,UAV/LokiPlayerControllerUAVComponent.as,,identifier,BeginPlay
0x0bc7aa,772010,27,B,32,A_modules,UAV/LokiPlayerControllerUAVComponent.as,,identifier,ClientNotifyLocalRadarEmpty
0x0bc86a,772202,42,B,47,A_modules,UAV/LokiPlayerControllerUAVComponent.as,,identifier,ClientNotifyLocalRadarEmpty_Implementation
0x0bc9f1,772593,27,B,32,A_modules,UAV/LokiPlayerControllerUAVComponent.as,,identifier,ClientNotifyLocalRadarEmpty
0x0bca61,772705,29,B,34,A_modules,UAV/LokiPlayerControllerUAVComponent.as,,identifier,AuthNotifyLocalRadarTeammates
0x0bcad7,772823,10,B,15,A_modules,UAV/LokiPlayerControllerUAVComponent.as,,identifier,Instigator
0x0bcbfa,773114,1,B,6,A_modules,UAV/LokiPlayerControllerUAVComponent.as,,identifier,J
0x0bcde6,773606,29,B,34,A_modules,UAV/LokiPlayerControllerUAVComponent.as,,identifier,AuthNotifyLocalRadarTeammates
0x0bce58,773720,32,B,37,A_modules,UAV/LokiPlayerControllerUAVComponent.as,,identifier,ClientNotifyLocalRadarInstigator
0x0bced1,773841,10,B,15,A_modules,UAV/LokiPlayerControllerUAVComponent.as,,identifier,Instigator
0x0bcf68,773992,47,B,52,A_modules,UAV/LokiPlayerControllerUAVComponent.as,,identifier,ClientNotifyLocalRadarInstigator_Implementation
0x0bcff0,774128,10,B,15,A_modules,UAV/LokiPlayerControllerUAVComponent.as,,identifier,Instigator
0x0bd063,774243,1,B,6,A_modules,UAV/LokiPlayerControllerUAVComponent.as,,suspect_short, 
0x0bd0dc,774364,15,B,20,A_modules,UAV/LokiPlayerControllerUAVComponent.as,,identifier,OnLocationAdded
0x0bd168,774504,5,B,10,A_modules,UAV/LokiPlayerControllerUAVComponent.as,,identifier,Event
0x0bd172,774514,7,B,12,A_modules,UAV/LokiPlayerControllerUAVComponent.as,,identifier,Context
0x0bd8f6,776438,15,B,20,A_modules,UAV/LokiPlayerControllerUAVComponent.as,,identifier,OnLocationAdded
0x0bd95a,776538,16,B,21,A_modules,UAV/LokiPlayerControllerUAVComponent.as,,identifier,OnVaultDataAdded
0x0bd9e7,776679,5,B,10,A_modules,UAV/LokiPlayerControllerUAVComponent.as,,identifier,Event
0x0bd9f1,776689,7,B,12,A_modules,UAV/LokiPlayerControllerUAVComponent.as,,identifier,Context
0x0bdb79,777081,2,A,6,A_modules,UAV/LokiPlayerControllerUAVComponent.as,,suspect_short, 
0x0bdbed,777197,16,B,21,A_modules,UAV/LokiPlayerControllerUAVComponent.as,,identifier,OnVaultDataAdded
0x0bdc86,777350,1,B,6,A_modules,UAV/LokiPlayerControllerUAVComponent.as,0x26e76c63400,suspect_short,!
0x0bde0c,777740,1,B,6,A_modules,UAV/LokiPlayerControllerUAVComponent.as,,suspect_short,""""
0x0bded3,777939,15,B,20,A_modules,UAV/LokiPlayerControllerUAVComponent.as,,identifier,UActorComponent
0x0bdee7,777959,29,B,34,A_modules,UAV/LokiPlayerControllerUAVComponent.as,,asset_path,/Script/Engine.ActorComponent
0x0bdf29,778025,46,B,51,A_modules,UAV/LokiPlayerControllerUAVComponent.as,,statictype_alias,__StaticType_ULokiPlayerControllerUAVComponent
0x0bdf64,778084,15,B,20,A_modules,UAV/LokiPlayerControllerUAVComponent.as,,identifier,IsBlueprintBase
0x0bdf78,778104,13,B,18,A_modules,UAV/LokiPlayerControllerUAVComponent.as,,identifier,Blueprintable
0x0bdf8e,778126,4,B,9,A_modules,UAV/LokiPlayerControllerUAVComponent.as,,default_arg_expr,true
0x0bdf97,778135,4,B,9,A_modules,UAV/LokiPlayerControllerUAVComponent.as,,default_arg_expr,true
0x0bdfa8,778152,1,B,6,A_modules,UAV/LokiPlayerControllerUAVComponent.as,,suspect_short,.
0x0be027,778279,39,B,44,A_modules,UAV/LokiPlayerControllerUAVComponent.as,,source_path,UAV/LokiPlayerControllerUAVComponent.as
0x0be057,778327,19,A,23,A_modules,UAV/UAVAudioPlayer.as,,dotted_name,UAV.UAVAudioPlayer
0x0be06e,778350,18,B,23,A_modules,UAV/UAVAudioPlayer.as,,dotted_name,UAV.UAVAudioPlayer
0x0be089,778377,15,B,20,A_modules,UAV/UAVAudioPlayer.as,,identifier,AUAVAudioPlayer
0x0be139,778553,11,B,16,A_modules,UAV/UAVAudioPlayer.as,,identifier,StaticClass
0x0be149,778569,15,B,20,A_modules,UAV/UAVAudioPlayer.as,,identifier,AUAVAudioPlayer
0x0be201,778753,5,B,10,A_modules,UAV/UAVAudioPlayer.as,,identifier,Spawn
0x0be20b,778763,15,B,20,A_modules,UAV/UAVAudioPlayer.as,,identifier,AUAVAudioPlayer
0x0be2ff,779007,8,B,13,A_modules,UAV/UAVAudioPlayer.as,,identifier,Location
0x0be30c,779020,8,B,13,A_modules,UAV/UAVAudioPlayer.as,,identifier,Rotation
0x0be319,779033,4,B,9,A_modules,UAV/UAVAudioPlayer.as,,identifier,Name
0x0be322,779042,14,B,19,A_modules,UAV/UAVAudioPlayer.as,,identifier,bDeferredSpawn
0x0be335,779061,5,B,10,A_modules,UAV/UAVAudioPlayer.as,,identifier,Level
0x0be35b,779099,21,B,26,A_modules,UAV/UAVAudioPlayer.as,,default_arg_expr,FVector :: ZeroVector
0x0be375,779125,23,B,28,A_modules,UAV/UAVAudioPlayer.as,,default_arg_expr,FRotator :: ZeroRotator
0x0be391,779153,9,B,14,A_modules,UAV/UAVAudioPlayer.as,,default_arg_expr,NAME_None
0x0be39f,779167,5,B,10,A_modules,UAV/UAVAudioPlayer.as,,default_arg_expr,false
0x0be3a9,779177,7,B,12,A_modules,UAV/UAVAudioPlayer.as,,default_arg_expr,nullptr
0x0be445,779333,1,B,6,A_modules,UAV/UAVAudioPlayer.as,,identifier,J
0x0be4d5,779477,15,B,20,A_modules,UAV/UAVAudioPlayer.as,,identifier,AUAVAudioPlayer
0x0be4f5,779509,13,B,18,A_modules,UAV/UAVAudioPlayer.as,,identifier,ActiveUAVCopy
0x0be53b,779579,15,B,20,A_modules,UAV/UAVAudioPlayer.as,,identifier,ReplicatedUsing
0x0be553,779603,19,B,24,A_modules,UAV/UAVAudioPlayer.as,,identifier,OnRep_ActiveUAVCopy
0x0be5b7,779703,19,B,24,A_modules,UAV/UAVAudioPlayer.as,,identifier,OnRep_ActiveUAVCopy
0x0be66f,779887,34,B,39,A_modules,UAV/UAVAudioPlayer.as,,identifier,OnRep_ActiveUAVCopy_Implementation
0x0be70e,780046,19,B,24,A_modules,UAV/UAVAudioPlayer.as,,identifier,OnRep_ActiveUAVCopy
0x0be776,780150,14,B,19,A_modules,UAV/UAVAudioPlayer.as,,internal_symbol,__InitDefaults
0x0be829,780329,1,B,6,A_modules,UAV/UAVAudioPlayer.as,,suspect_short,0
0x0be8c1,780481,15,B,20,A_modules,UAV/UAVAudioPlayer.as,,identifier,AUAVAudioPlayer
0x0be9c5,780741,6,B,11,A_modules,UAV/UAVAudioPlayer.as,,identifier,AActor
0x0be9d0,780752,20,B,25,A_modules,UAV/UAVAudioPlayer.as,,asset_path,/Script/Engine.Actor
0x0bea09,780809,28,B,33,A_modules,UAV/UAVAudioPlayer.as,,statictype_alias,__StaticType_AUAVAudioPlayer
0x0bea32,780850,15,B,20,A_modules,UAV/UAVAudioPlayer.as,,identifier,IsBlueprintBase
0x0bea46,780870,13,B,18,A_modules,UAV/UAVAudioPlayer.as,,identifier,Blueprintable
0x0bea5c,780892,4,B,9,A_modules,UAV/UAVAudioPlayer.as,,default_arg_expr,true
0x0bea65,780901,4,B,9,A_modules,UAV/UAVAudioPlayer.as,,default_arg_expr,true
0x0bea7a,780922,28,B,33,A_modules,UAV/UAVAudioPlayer.as,,statictype_alias,__StaticType_AUAVAudioPlayer
0x0beae3,781027,21,B,26,A_modules,UAV/UAVAudioPlayer.as,,source_path,UAV/UAVAudioPlayer.as
0x0beb01,781057,16,A,20,A_modules,UAV/UAVMapActor.as,,dotted_name,UAV.UAVMapActor
0x0beb15,781077,15,B,20,A_modules,UAV/UAVMapActor.as,,dotted_name,UAV.UAVMapActor
0x0beb2d,781101,12,B,17,A_modules,UAV/UAVMapActor.as,,identifier,AUAVMapActor
0x0bebda,781274,11,B,16,A_modules,UAV/UAVMapActor.as,,identifier,StaticClass
0x0bebea,781290,12,B,17,A_modules,UAV/UAVMapActor.as,,identifier,AUAVMapActor
0x0bec9f,781471,5,B,10,A_modules,UAV/UAVMapActor.as,,identifier,Spawn
0x0beca9,781481,12,B,17,A_modules,UAV/UAVMapActor.as,,identifier,AUAVMapActor
0x0bed9a,781722,8,B,13,A_modules,UAV/UAVMapActor.as,,identifier,Location
0x0beda7,781735,8,B,13,A_modules,UAV/UAVMapActor.as,,identifier,Rotation
0x0bedb4,781748,4,B,9,A_modules,UAV/UAVMapActor.as,,identifier,Name
0x0bedbd,781757,14,B,19,A_modules,UAV/UAVMapActor.as,,identifier,bDeferredSpawn
0x0bedd0,781776,5,B,10,A_modules,UAV/UAVMapActor.as,,identifier,Level
0x0bedf6,781814,21,B,26,A_modules,UAV/UAVMapActor.as,,default_arg_expr,FVector :: ZeroVector
0x0bee10,781840,23,B,28,A_modules,UAV/UAVMapActor.as,,default_arg_expr,FRotator :: ZeroRotator
0x0bee2c,781868,9,B,14,A_modules,UAV/UAVMapActor.as,,default_arg_expr,NAME_None
0x0bee3a,781882,5,B,10,A_modules,UAV/UAVMapActor.as,,default_arg_expr,false
0x0bee44,781892,7,B,12,A_modules,UAV/UAVMapActor.as,,default_arg_expr,nullptr
0x0beee0,782048,1,B,6,A_modules,UAV/UAVMapActor.as,,identifier,J
0x0bef70,782192,12,B,17,A_modules,UAV/UAVMapActor.as,,identifier,AUAVMapActor
0x0bef8d,782221,8,B,13,A_modules,UAV/UAVMapActor.as,,identifier,MyItemID
0x0bf016,782358,16,B,21,A_modules,UAV/UAVMapActor.as,,identifier,ClientUpdateIcon
0x0bf07f,782463,4,B,9,A_modules,UAV/UAVMapActor.as,,identifier,Item
0x0bf110,782608,31,B,36,A_modules,UAV/UAVMapActor.as,,identifier,ClientUpdateIcon_Implementation
0x0bf188,782728,4,B,9,A_modules,UAV/UAVMapActor.as,,identifier,Item
0x0bf1e1,782817,16,B,21,A_modules,UAV/UAVMapActor.as,,identifier,ClientUpdateIcon
0x0bf246,782918,4,B,9,A_modules,UAV/UAVMapActor.as,,identifier,Init
0x0bf2a3,783011,4,B,9,A_modules,UAV/UAVMapActor.as,,identifier,Item
0x0bf2c8,783048,1,B,6,A_modules,UAV/UAVMapActor.as,,identifier,P
0x0bf354,783188,2,A,6,A_modules,UAV/UAVMapActor.as,,identifier,Z
0x0bf3d0,783312,2,A,6,A_modules,UAV/UAVMapActor.as,,suspect_short,[
0x0bf5d8,783832,4,B,9,A_modules,UAV/UAVMapActor.as,,identifier,Init
0x0bf631,783921,8,B,13,A_modules,UAV/UAVMapActor.as,,identifier,OnUpdate
0x0bf6b6,784054,5,B,10,A_modules,UAV/UAVMapActor.as,,identifier,Event
0x0bf6c0,784064,7,B,12,A_modules,UAV/UAVMapActor.as,,identifier,Context
0x0bf820,784416,8,B,13,A_modules,UAV/UAVMapActor.as,,identifier,OnUpdate
0x0bf87d,784509,8,B,13,A_modules,UAV/UAVMapActor.as,,identifier,OnRemove
0x0bf902,784642,5,B,10,A_modules,UAV/UAVMapActor.as,,identifier,Event
0x0bf90c,784652,7,B,12,A_modules,UAV/UAVMapActor.as,,identifier,Context
0x0bfa50,784976,8,B,13,A_modules,UAV/UAVMapActor.as,,identifier,OnRemove
0x0bfaad,785069,14,B,19,A_modules,UAV/UAVMapActor.as,,internal_symbol,__InitDefaults
0x0bfba8,785320,12,B,17,A_modules,UAV/UAVMapActor.as,,identifier,AUAVMapActor
0x0bfc95,785557,6,B,11,A_modules,UAV/UAVMapActor.as,,identifier,AActor
0x0bfca0,785568,20,B,25,A_modules,UAV/UAVMapActor.as,,asset_path,/Script/Engine.Actor
0x0bfcd9,785625,25,B,30,A_modules,UAV/UAVMapActor.as,,statictype_alias,__StaticType_AUAVMapActor
0x0bfcff,785663,15,B,20,A_modules,UAV/UAVMapActor.as,,identifier,IsBlueprintBase
0x0bfd13,785683,13,B,18,A_modules,UAV/UAVMapActor.as,,identifier,Blueprintable
0x0bfd29,785705,4,B,9,A_modules,UAV/UAVMapActor.as,,default_arg_expr,true
0x0bfd32,785714,4,B,9,A_modules,UAV/UAVMapActor.as,,default_arg_expr,true
0x0bfd47,785735,25,B,30,A_modules,UAV/UAVMapActor.as,,statictype_alias,__StaticType_AUAVMapActor
0x0bfdad,785837,18,B,23,A_modules,UAV/UAVMapActor.as,,source_path,UAV/UAVMapActor.as
0x0bfdc8,785864,15,A,19,A_modules,UAV/UAVStructs.as,,dotted_name,UAV.UAVStructs
0x0bfddb,785883,14,B,19,A_modules,UAV/UAVStructs.as,,dotted_name,UAV.UAVStructs
0x0bfdf6,785910,14,B,19,A_modules,UAV/UAVStructs.as,,identifier,FLokiUAVConfig
0x0bfe15,785941,8,B,13,A_modules,UAV/UAVStructs.as,,identifier,Duration
0x0bfe9a,786074,12,B,17,A_modules,UAV/UAVStructs.as,,identifier,InitialDelay
0x0bff23,786211,6,B,11,A_modules,UAV/UAVStructs.as,,identifier,Period
0x0bffa6,786342,13,B,18,A_modules,UAV/UAVStructs.as,,identifier,BlinkDuration
0x0c0030,786480,16,B,21,A_modules,UAV/UAVStructs.as,,identifier,bShowIndividuals
0x0c00bd,786621,9,B,14,A_modules,UAV/UAVStructs.as,,identifier,bShowTeam
0x0c0143,786755,18,B,23,A_modules,UAV/UAVStructs.as,,identifier,InaccuracyDistance
0x0c01d2,786898,13,B,18,A_modules,UAV/UAVStructs.as,,identifier,bRevealVaults
0x0c025c,787036,6,B,11,A_modules,UAV/UAVStructs.as,,identifier,Radius
0x0c02df,787167,15,B,20,A_modules,UAV/UAVStructs.as,,identifier,bShowCharacters
0x0c036b,787307,11,B,16,A_modules,UAV/UAVStructs.as,,identifier,bLocalRadar
0x0c03f7,787447,18,B,23,A_modules,UAV/UAVStructs.as,,identifier,IsInfiniteDuration
0x0c04ca,787658,14,B,19,A_modules,UAV/UAVStructs.as,,identifier,FLokiUAVConfig
0x0c06c9,788169,15,B,20,A_modules,UAV/UAVStructs.as,,identifier,IsBlueprintBase
0x0c06dd,788189,13,B,18,A_modules,UAV/UAVStructs.as,,identifier,Blueprintable
0x0c06f3,788211,4,B,9,A_modules,UAV/UAVStructs.as,,default_arg_expr,true
0x0c06fc,788220,4,B,9,A_modules,UAV/UAVStructs.as,,default_arg_expr,true
0x0c0709,788233,10,B,15,A_modules,UAV/UAVStructs.as,,identifier,FActiveUAV
0x0c0724,788260,6,B,11,A_modules,UAV/UAVStructs.as,,identifier,bValid
0x0c07a7,788391,2,B,7,A_modules,UAV/UAVStructs.as,,identifier,ID
0x0c0826,788518,6,B,11,A_modules,UAV/UAVStructs.as,,identifier,Config
0x0c08a9,788649,9,B,14,A_modules,UAV/UAVStructs.as,,identifier,StartTime
0x0c092f,788783,9,B,14,A_modules,UAV/UAVStructs.as,,identifier,TeamIndex
0x0c09b5,788917,10,B,15,A_modules,UAV/UAVStructs.as,,identifier,AudioActor
0x0c0a3c,789052,14,B,19,A_modules,UAV/UAVStructs.as,,identifier,SourceLocation
0x0c0ac7,789191,10,B,15,A_modules,UAV/UAVStructs.as,,identifier,PulseCount
0x0c0b4e,789326,15,B,20,A_modules,UAV/UAVStructs.as,,identifier,PlayersDetected
0x0c0bde,789470,11,B,16,A_modules,UAV/UAVStructs.as,,identifier,ShouldPulse
0x0c0c42,789570,17,B,22,A_modules,UAV/UAVStructs.as,,identifier,CurrentServerTime
0x0c0d2c,789804,16,B,21,A_modules,UAV/UAVStructs.as,,identifier,GetPulseLifespan
0x0c0dfd,790013,17,B,22,A_modules,UAV/UAVStructs.as,,identifier,ObfuscateLocation
0x0c0e67,790119,8,B,13,A_modules,UAV/UAVStructs.as,,identifier,Location
0x0c0fd8,790488,7,B,12,A_modules,UAV/UAVStructs.as,,identifier,Cleanup
0x0c10d4,790740,10,B,15,A_modules,UAV/UAVStructs.as,,identifier,FActiveUAV
0x0c12a7,791207,15,B,20,A_modules,UAV/UAVStructs.as,,identifier,IsBlueprintBase
0x0c12bb,791227,13,B,18,A_modules,UAV/UAVStructs.as,,identifier,Blueprintable
0x0c12d1,791249,4,B,9,A_modules,UAV/UAVStructs.as,,default_arg_expr,true
0x0c12da,791258,4,B,9,A_modules,UAV/UAVStructs.as,,default_arg_expr,true
0x0c12e7,791271,21,B,26,A_modules,UAV/UAVStructs.as,,identifier,FUAVCharacterGrouping
0x0c130d,791309,10,B,15,A_modules,UAV/UAVStructs.as,,identifier,Characters
0x0c13b0,791472,21,B,26,A_modules,UAV/UAVStructs.as,,identifier,FUAVCharacterGrouping
0x0c149e,791710,22,B,27,A_modules,UAV/UAVStructs.as,,other,~FUAVCharacterGrouping
0x0c15b5,791989,17,B,22,A_modules,UAV/UAVStructs.as,,source_path,UAV/UAVStructs.as
0x0c15cf,792015,25,A,29,A_modules,UAV/UAVVaultContentActor.as,,dotted_name,UAV.UAVVaultContentActor
0x0c15ec,792044,24,B,29,A_modules,UAV/UAVVaultContentActor.as,,dotted_name,UAV.UAVVaultContentActor
0x0c160d,792077,21,B,26,A_modules,UAV/UAVVaultContentActor.as,,identifier,AUAVVaultContentActor
0x0c16c3,792259,11,B,16,A_modules,UAV/UAVVaultContentActor.as,,identifier,StaticClass
0x0c16d3,792275,21,B,26,A_modules,UAV/UAVVaultContentActor.as,,identifier,AUAVVaultContentActor
0x0c1791,792465,5,B,10,A_modules,UAV/UAVVaultContentActor.as,,identifier,Spawn
0x0c179b,792475,21,B,26,A_modules,UAV/UAVVaultContentActor.as,,identifier,AUAVVaultContentActor
0x0c1895,792725,8,B,13,A_modules,UAV/UAVVaultContentActor.as,,identifier,Location
0x0c18a2,792738,8,B,13,A_modules,UAV/UAVVaultContentActor.as,,identifier,Rotation
0x0c18af,792751,4,B,9,A_modules,UAV/UAVVaultContentActor.as,,identifier,Name
0x0c18b8,792760,14,B,19,A_modules,UAV/UAVVaultContentActor.as,,identifier,bDeferredSpawn
0x0c18cb,792779,5,B,10,A_modules,UAV/UAVVaultContentActor.as,,identifier,Level
0x0c18f1,792817,21,B,26,A_modules,UAV/UAVVaultContentActor.as,,default_arg_expr,FVector :: ZeroVector
0x0c190b,792843,23,B,28,A_modules,UAV/UAVVaultContentActor.as,,default_arg_expr,FRotator :: ZeroRotator
0x0c1927,792871,9,B,14,A_modules,UAV/UAVVaultContentActor.as,,default_arg_expr,NAME_None
0x0c1935,792885,5,B,10,A_modules,UAV/UAVVaultContentActor.as,,default_arg_expr,false
0x0c193f,792895,7,B,12,A_modules,UAV/UAVVaultContentActor.as,,default_arg_expr,nullptr
0x0c19db,793051,1,B,6,A_modules,UAV/UAVVaultContentActor.as,,identifier,J
0x0c1a6b,793195,21,B,26,A_modules,UAV/UAVVaultContentActor.as,,identifier,AUAVVaultContentActor
0x0c1a91,793233,13,B,18,A_modules,UAV/UAVVaultContentActor.as,,identifier,VaultDataItem
0x0c1ad7,793303,13,B,18,A_modules,UAV/UAVVaultContentActor.as,,identifier,ExposeOnSpawn
0x0c1ae9,793321,8,B,13,A_modules,UAV/UAVVaultContentActor.as,,identifier,Category
0x0c1afe,793342,3,B,8,A_modules,UAV/UAVVaultContentActor.as,,identifier,UAV
0x0c1b4a,793418,20,B,25,A_modules,UAV/UAVVaultContentActor.as,,identifier,VaultDataItemUpdated
0x0c1c03,793603,35,B,40,A_modules,UAV/UAVVaultContentActor.as,,identifier,VaultDataItemUpdated_Implementation
0x0c1ca3,793763,20,B,25,A_modules,UAV/UAVVaultContentActor.as,,identifier,VaultDataItemUpdated
0x0c1d0c,793868,24,B,29,A_modules,UAV/UAVVaultContentActor.as,,identifier,BeginPlay_Implementation
0x0c1d6d,793965,1,B,6,A_modules,UAV/UAVVaultContentActor.as,,identifier,P
0x0c1d75,793973,2,A,6,A_modules,UAV/UAVVaultContentActor.as,,suspect_short,0
0x0c1de9,794089,2,A,6,A_modules,UAV/UAVVaultContentActor.as,,identifier,Z
0x0c1e65,794213,2,A,6,A_modules,UAV/UAVVaultContentActor.as,,suspect_short,[
0x0c2069,794729,9,B,14,A_modules,UAV/UAVVaultContentActor.as,,identifier,BeginPlay
0x0c20c7,794823,8,B,13,A_modules,UAV/UAVVaultContentActor.as,,identifier,OnUpdate
0x0c214c,794956,5,B,10,A_modules,UAV/UAVVaultContentActor.as,,identifier,Event
0x0c2156,794966,7,B,12,A_modules,UAV/UAVVaultContentActor.as,,identifier,Context
0x0c22e6,795366,8,B,13,A_modules,UAV/UAVVaultContentActor.as,,identifier,OnUpdate
0x0c2343,795459,8,B,13,A_modules,UAV/UAVVaultContentActor.as,,identifier,OnRemove
0x0c23c8,795592,5,B,10,A_modules,UAV/UAVVaultContentActor.as,,identifier,Event
0x0c23d2,795602,7,B,12,A_modules,UAV/UAVVaultContentActor.as,,identifier,Context
0x0c2526,795942,8,B,13,A_modules,UAV/UAVVaultContentActor.as,,identifier,OnRemove
0x0c2583,796035,14,B,19,A_modules,UAV/UAVVaultContentActor.as,,internal_symbol,__InitDefaults
0x0c267e,796286,21,B,26,A_modules,UAV/UAVVaultContentActor.as,,identifier,AUAVVaultContentActor
0x0c2784,796548,22,B,27,A_modules,UAV/UAVVaultContentActor.as,,other,~AUAVVaultContentActor
0x0c283b,796731,6,B,11,A_modules,UAV/UAVVaultContentActor.as,,identifier,AActor
0x0c2846,796742,20,B,25,A_modules,UAV/UAVVaultContentActor.as,,asset_path,/Script/Engine.Actor
0x0c287f,796799,34,B,39,A_modules,UAV/UAVVaultContentActor.as,,statictype_alias,__StaticType_AUAVVaultContentActor
0x0c28ae,796846,15,B,20,A_modules,UAV/UAVVaultContentActor.as,,identifier,IsBlueprintBase
0x0c28c2,796866,13,B,18,A_modules,UAV/UAVVaultContentActor.as,,identifier,Blueprintable
0x0c28d8,796888,4,B,9,A_modules,UAV/UAVVaultContentActor.as,,default_arg_expr,true
0x0c28e1,796897,4,B,9,A_modules,UAV/UAVVaultContentActor.as,,default_arg_expr,true
0x0c28f2,796914,1,B,6,A_modules,UAV/UAVVaultContentActor.as,,suspect_short,""""
0x0c2965,797029,27,B,32,A_modules,UAV/UAVVaultContentActor.as,,source_path,UAV/UAVVaultContentActor.as
0x0c2989,797065,39,A,43,A_modules,UI/LokiWidgetHighlighterHitTestBlocker.as,,dotted_name,UI.LokiWidgetHighlighterHitTestBlocker
0x0c29b4,797108,38,B,43,A_modules,UI/LokiWidgetHighlighterHitTestBlocker.as,,dotted_name,UI.LokiWidgetHighlighterHitTestBlocker
0x0c29df,797151,2,A,6,A_modules,UI/LokiWidgetHighlighterHitTestBlocker.as,,suspect_short,'
0x0c2aab,797355,11,B,16,A_modules,UI/LokiWidgetHighlighterHitTestBlocker.as,,identifier,StaticClass
0x0c2abb,797371,39,B,44,A_modules,UI/LokiWidgetHighlighterHitTestBlocker.as,,identifier,ULokiWidgetHighlighterHitTestBlocker_AS
0x0c2b8b,797579,1,B,6,A_modules,UI/LokiWidgetHighlighterHitTestBlocker.as,,suspect_short,'
0x0c2bc7,797639,12,B,17,A_modules,UI/LokiWidgetHighlighterHitTestBlocker.as,,identifier,TargetWidget
0x0c2c50,797776,10,B,15,A_modules,UI/LokiWidgetHighlighterHitTestBlocker.as,,identifier,TopBlocker
0x0c2c93,797843,10,B,15,A_modules,UI/LokiWidgetHighlighterHitTestBlocker.as,,identifier,BindWidget
0x0c2cea,797930,11,B,16,A_modules,UI/LokiWidgetHighlighterHitTestBlocker.as,,identifier,LeftBlocker
0x0c2d2e,797998,10,B,15,A_modules,UI/LokiWidgetHighlighterHitTestBlocker.as,,identifier,BindWidget
0x0c2d85,798085,13,B,18,A_modules,UI/LokiWidgetHighlighterHitTestBlocker.as,,identifier,BottomBlocker
0x0c2dcb,798155,10,B,15,A_modules,UI/LokiWidgetHighlighterHitTestBlocker.as,,identifier,BindWidget
0x0c2e22,798242,12,B,17,A_modules,UI/LokiWidgetHighlighterHitTestBlocker.as,,identifier,RightBlocker
0x0c2e67,798311,10,B,15,A_modules,UI/LokiWidgetHighlighterHitTestBlocker.as,,identifier,BindWidget
0x0c2ebe,798398,29,B,34,A_modules,UI/LokiWidgetHighlighterHitTestBlocker.as,,identifier,bHideBasedOnActivatableParent
0x0c2f5c,798556,15,B,20,A_modules,UI/LokiWidgetHighlighterHitTestBlocker.as,,identifier,SetTargetWidget
0x0c2fe8,798696,6,B,11,A_modules,UI/LokiWidgetHighlighterHitTestBlocker.as,,identifier,Target
0x0c2ff3,798707,35,B,40,A_modules,UI/LokiWidgetHighlighterHitTestBlocker.as,,identifier,bShouldHideBasedOnActivatableParent
0x0c302f,798767,5,B,10,A_modules,UI/LokiWidgetHighlighterHitTestBlocker.as,,default_arg_expr,false
0x0c309d,798877,15,B,20,A_modules,UI/LokiWidgetHighlighterHitTestBlocker.as,,identifier,SetTargetWidget
0x0c3101,798977,19,B,24,A_modules,UI/LokiWidgetHighlighterHitTestBlocker.as,,identifier,Tick_Implementation
0x0c3191,799121,10,B,15,A_modules,UI/LokiWidgetHighlighterHitTestBlocker.as,,identifier,MyGeometry
0x0c31a0,799136,9,B,14,A_modules,UI/LokiWidgetHighlighterHitTestBlocker.as,,identifier,DeltaTime
0x0c344a,799818,1,B,6,A_modules,UI/LokiWidgetHighlighterHitTestBlocker.as,,identifier,J
0x0c3c36,801846,4,B,9,A_modules,UI/LokiWidgetHighlighterHitTestBlocker.as,,identifier,Tick
0x0c3cab,801963,1,B,6,A_modules,UI/LokiWidgetHighlighterHitTestBlocker.as,0x26e76c63700,suspect_short,'
0x0c3db7,802231,11,B,16,A_modules,UI/LokiWidgetHighlighterHitTestBlocker.as,,identifier,UUserWidget
0x0c3dc7,802247,22,B,27,A_modules,UI/LokiWidgetHighlighterHitTestBlocker.as,,asset_path,/Script/UMG.UserWidget
0x0c3e02,802306,52,B,57,A_modules,UI/LokiWidgetHighlighterHitTestBlocker.as,,statictype_alias,__StaticType_ULokiWidgetHighlighterHitTestBlocker_AS
0x0c3e4f,802383,1,B,6,A_modules,UI/LokiWidgetHighlighterHitTestBlocker.as,,suspect_short,4
0x0c3ed4,802516,41,B,46,A_modules,UI/LokiWidgetHighlighterHitTestBlocker.as,,source_path,UI/LokiWidgetHighlighterHitTestBlocker.as
0x0c3f06,802566,46,A,50,A_modules,UI/Character/LokiOffscreenTeamIndicatorWidget.as,,dotted_name,UI.Character.LokiOffscreenTeamIndicatorWidget
0x0c3f38,802616,45,B,50,A_modules,UI/Character/LokiOffscreenTeamIndicatorWidget.as,,dotted_name,UI.Character.LokiOffscreenTeamIndicatorWidget
0x0c3f6a,802666,2,A,6,A_modules,UI/Character/LokiOffscreenTeamIndicatorWidget.as,,suspect_short,$
0x0c4033,802867,11,B,16,A_modules,UI/Character/LokiOffscreenTeamIndicatorWidget.as,,identifier,StaticClass
0x0c4043,802883,36,B,41,A_modules,UI/Character/LokiOffscreenTeamIndicatorWidget.as,,identifier,ULokiOffscreenTeamIndicatorWidget_AS
0x0c4110,803088,1,B,6,A_modules,UI/Character/LokiOffscreenTeamIndicatorWidget.as,,suspect_short,$
0x0c4149,803145,6,B,11,A_modules,UI/Character/LokiOffscreenTeamIndicatorWidget.as,,identifier,Meters
0x0c4184,803204,10,B,15,A_modules,UI/Character/LokiOffscreenTeamIndicatorWidget.as,,identifier,Kilometers
0x0c41c7,803271,16,B,21,A_modules,UI/Character/LokiOffscreenTeamIndicatorWidget.as,,identifier,GetHeroLocations
0x0c4278,803448,19,B,24,A_modules,UI/Character/LokiOffscreenTeamIndicatorWidget.as,,identifier,LocalPlayerLocation
0x0c4290,803472,12,B,17,A_modules,UI/Character/LokiOffscreenTeamIndicatorWidget.as,,identifier,AllyLocation
0x0c42a1,803489,15,B,20,A_modules,UI/Character/LokiOffscreenTeamIndicatorWidget.as,,identifier,bLocationsValid
0x0c43d9,803801,1,B,6,A_modules,UI/Character/LokiOffscreenTeamIndicatorWidget.as,,suspect_short,0
0x0c44c9,804041,16,B,21,A_modules,UI/Character/LokiOffscreenTeamIndicatorWidget.as,,identifier,GetHeroLocations
0x0c44e2,804066,18,B,23,A_modules,UI/Character/LokiOffscreenTeamIndicatorWidget.as,,identifier,BlueprintProtected
0x0c4549,804169,19,B,24,A_modules,UI/Character/LokiOffscreenTeamIndicatorWidget.as,,identifier,CalculateImageAngle
0x0c45fd,804349,19,B,24,A_modules,UI/Character/LokiOffscreenTeamIndicatorWidget.as,,identifier,LocalPlayerLocation
0x0c4615,804373,12,B,17,A_modules,UI/Character/LokiOffscreenTeamIndicatorWidget.as,,identifier,AllyLocation
0x0c4626,804390,10,B,15,A_modules,UI/Character/LokiOffscreenTeamIndicatorWidget.as,,identifier,ImageAngle
0x0c472d,804653,19,B,24,A_modules,UI/Character/LokiOffscreenTeamIndicatorWidget.as,,identifier,CalculateImageAngle
0x0c4749,804681,18,B,23,A_modules,UI/Character/LokiOffscreenTeamIndicatorWidget.as,,identifier,BlueprintProtected
0x0c47b0,804784,16,B,21,A_modules,UI/Character/LokiOffscreenTeamIndicatorWidget.as,,identifier,CalculateAnchors
0x0c4885,804997,19,B,24,A_modules,UI/Character/LokiOffscreenTeamIndicatorWidget.as,,identifier,LocalPlayerLocation
0x0c489d,805021,12,B,17,A_modules,UI/Character/LokiOffscreenTeamIndicatorWidget.as,,identifier,AllyLocation
0x0c48ae,805038,15,B,20,A_modules,UI/Character/LokiOffscreenTeamIndicatorWidget.as,,identifier,InsetMultiplier
0x0c48c2,805058,7,B,12,A_modules,UI/Character/LokiOffscreenTeamIndicatorWidget.as,,identifier,Anchors
0x0c4ab2,805554,16,B,21,A_modules,UI/Character/LokiOffscreenTeamIndicatorWidget.as,,identifier,CalculateAnchors
0x0c4acb,805579,18,B,23,A_modules,UI/Character/LokiOffscreenTeamIndicatorWidget.as,,identifier,BlueprintProtected
0x0c4b52,805714,1,B,6,A_modules,UI/Character/LokiOffscreenTeamIndicatorWidget.as,0x26e5fa39100,suspect_short,$
0x0c4d1b,806171,1,B,6,A_modules,UI/Character/LokiOffscreenTeamIndicatorWidget.as,,suspect_short,%
0x0c4df9,806393,1,B,6,A_modules,UI/Character/LokiOffscreenTeamIndicatorWidget.as,,suspect_short,!
0x0c4e23,806435,45,B,50,A_modules,UI/Character/LokiOffscreenTeamIndicatorWidget.as,,asset_path,/Script/Loki.LokiOffscreenTeamIndicatorWidget
0x0c4e75,806517,49,B,54,A_modules,UI/Character/LokiOffscreenTeamIndicatorWidget.as,,statictype_alias,__StaticType_ULokiOffscreenTeamIndicatorWidget_AS
0x0c4ebf,806591,1,B,6,A_modules,UI/Character/LokiOffscreenTeamIndicatorWidget.as,,suspect_short,1
0x0c4f41,806721,48,B,53,A_modules,UI/Character/LokiOffscreenTeamIndicatorWidget.as,,source_path,UI/Character/LokiOffscreenTeamIndicatorWidget.as
0x0c4f7a,806778,23,A,27,A_modules,Vault/VaultItemSpawner.as,,dotted_name,Vault.VaultItemSpawner
0x0c4f95,806805,22,B,27,A_modules,Vault/VaultItemSpawner.as,,dotted_name,Vault.VaultItemSpawner
0x0c4fb4,806836,17,B,22,A_modules,Vault/VaultItemSpawner.as,,identifier,AVaultItemSpawner
0x0c5066,807014,11,B,16,A_modules,Vault/VaultItemSpawner.as,,identifier,StaticClass
0x0c5076,807030,17,B,22,A_modules,Vault/VaultItemSpawner.as,,identifier,AVaultItemSpawner
0x0c5130,807216,5,B,10,A_modules,Vault/VaultItemSpawner.as,,identifier,Spawn
0x0c513a,807226,17,B,22,A_modules,Vault/VaultItemSpawner.as,,identifier,AVaultItemSpawner
0x0c5230,807472,8,B,13,A_modules,Vault/VaultItemSpawner.as,,identifier,Location
0x0c523d,807485,8,B,13,A_modules,Vault/VaultItemSpawner.as,,identifier,Rotation
0x0c524a,807498,4,B,9,A_modules,Vault/VaultItemSpawner.as,,identifier,Name
0x0c5253,807507,14,B,19,A_modules,Vault/VaultItemSpawner.as,,identifier,bDeferredSpawn
0x0c5266,807526,5,B,10,A_modules,Vault/VaultItemSpawner.as,,identifier,Level
0x0c528c,807564,21,B,26,A_modules,Vault/VaultItemSpawner.as,,default_arg_expr,FVector :: ZeroVector
0x0c52a6,807590,23,B,28,A_modules,Vault/VaultItemSpawner.as,,default_arg_expr,FRotator :: ZeroRotator
0x0c52c2,807618,9,B,14,A_modules,Vault/VaultItemSpawner.as,,default_arg_expr,NAME_None
0x0c52d0,807632,5,B,10,A_modules,Vault/VaultItemSpawner.as,,default_arg_expr,false
0x0c52da,807642,7,B,12,A_modules,Vault/VaultItemSpawner.as,,default_arg_expr,nullptr
0x0c5376,807798,1,B,6,A_modules,Vault/VaultItemSpawner.as,,identifier,J
0x0c5406,807942,17,B,22,A_modules,Vault/VaultItemSpawner.as,,identifier,AVaultItemSpawner
0x0c542c,807980,14,B,19,A_modules,Vault/VaultItemSpawner.as,,identifier,GetItemsForUAV
0x0c5577,808311,29,B,34,A_modules,Vault/VaultItemSpawner.as,,identifier,GetItemsForUAV_Implementation
0x0c5679,808569,14,B,19,A_modules,Vault/VaultItemSpawner.as,,identifier,GetItemsForUAV
0x0c56dc,808668,7,B,12,A_modules,Vault/VaultItemSpawner.as,,identifier,GetDoor
0x0c57a8,808872,22,B,27,A_modules,Vault/VaultItemSpawner.as,,identifier,GetDoor_Implementation
0x0c584f,809039,7,B,12,A_modules,Vault/VaultItemSpawner.as,,identifier,GetDoor
0x0c58d3,809171,17,B,22,A_modules,Vault/VaultItemSpawner.as,,identifier,AVaultItemSpawner
0x0c59c5,809413,6,B,11,A_modules,Vault/VaultItemSpawner.as,,identifier,AActor
0x0c59d0,809424,20,B,25,A_modules,Vault/VaultItemSpawner.as,,asset_path,/Script/Engine.Actor
0x0c5a09,809481,30,B,35,A_modules,Vault/VaultItemSpawner.as,,statictype_alias,__StaticType_AVaultItemSpawner
0x0c5a34,809524,15,B,20,A_modules,Vault/VaultItemSpawner.as,,identifier,IsBlueprintBase
0x0c5a48,809544,13,B,18,A_modules,Vault/VaultItemSpawner.as,,identifier,Blueprintable
0x0c5a5e,809566,4,B,9,A_modules,Vault/VaultItemSpawner.as,,default_arg_expr,true
0x0c5a67,809575,4,B,9,A_modules,Vault/VaultItemSpawner.as,,default_arg_expr,true
0x0c5a7c,809596,30,B,35,A_modules,Vault/VaultItemSpawner.as,,statictype_alias,__StaticType_AVaultItemSpawner
0x0c5ae7,809703,25,B,30,A_modules,Vault/VaultItemSpawner.as,,source_path,Vault/VaultItemSpawner.as
0x0c5b15,809749,15,B,20,B_symbols,,0x26e6e875800,identifier,ALokiAirship_AS
0x0c5b29,809769,19,B,24,B_symbols,,,dotted_name,Airship.LokiAirship
0x0c5b51,809809,12,B,17,B_symbols,,0x26e5f9d5200,identifier,ALokiAirship
0x0c5b76,809846,6,B,11,B_symbols,,0x26e76c64f00,identifier,AActor
0x0c5b95,809877,4,B,9,B_symbols,,0x26e6ed7f400,identifier,TMap
0x0c5bfa,809978,27,B,32,B_symbols,,0x26e5f9bd600,identifier,ULokiAbilitySystemComponent
0x0c5c2e,810030,6,B,11,B_symbols,,0x26e7659c400,identifier,UClass
0x0c5c4d,810061,15,B,20,B_symbols,,0x26e76c63400,identifier,UActorComponent
0x0c5c75,810101,11,B,16,B_symbols,,0x26e78a5a000,identifier,TSubclassOf
0x0c5cbd,810173,31,B,36,B_symbols,,0x26e5f9e3a00,identifier,ULokiCharacterMovementComponent
0x0c5cf5,810229,7,B,12,B_symbols,,0x26e76591900,identifier,UObject
0x0c5d15,810261,7,B,12,B_symbols,,0x26e6288ac00,identifier,FString
0x0c5d35,810293,5,B,10,B_symbols,,0x26e69d36100,identifier,FName
0x0c5d53,810323,14,B,19,B_symbols,,0x26e5f9e5e00,identifier,ALokiCharacter
0x0c5d7a,810362,6,B,11,B_symbols,,0x26e70f41900,identifier,TArray
0x0c5dbd,810429,11,B,16,B_symbols,,0x26e7882d600,identifier,TSubclassOf
0x0c5e05,810501,6,B,11,B_symbols,,0x26e78a5c700,identifier,TArray
0x0c5e48,810568,15,B,20,B_symbols,,0x26e5f933d00,identifier,UGameplayEffect
0x0c5e70,810608,11,B,16,B_symbols,,0x26e78ccfa00,identifier,TSubclassOf
0x0c5eb8,810680,6,B,11,B_symbols,,0x26e78ccd600,identifier,TArray
0x0c5efb,810747,6,B,11,B_symbols,,0x26e70339700,identifier,TArray
0x0c5f3e,810814,5,B,10,B_symbols,,0x26e694ad300,identifier,FText
0x0c5f5c,810844,13,B,18,B_symbols,,0x26e5f9d8e00,identifier,ALokiBaseItem
0x0c5f82,810882,11,B,16,B_symbols,,0x26e792c3100,identifier,TSubclassOf
0x0c5fca,810954,36,B,41,B_symbols,,0x26e6e875500,identifier,ULokiPlayerControllerArmoryComponent
0x0c5ff3,810995,42,B,47,B_symbols,,,dotted_name,Armory.LokiPlayerControllerArmoryComponent
0x0c6032,811058,13,B,18,B_symbols,,0x26e79405200,identifier,TSoftClassPtr
0x0c607c,811132,31,B,36,B_symbols,,0x26e70149d00,identifier,FGameEvent_GameReady_Controller
0x0c60b4,811188,21,B,26,B_symbols,,0x26e76b7b140,identifier,EGameEventPassingRule
0x0c60e2,811234,25,B,30,B_symbols,,0x26e5f968800,identifier,UGameEventRouterComponent
0x0c6114,811284,24,B,29,B_symbols,,0x26e7013af00,identifier,FGameEventListenerHandle
0x0c6145,811333,15,B,20,B_symbols,,0x26e7016e800,identifier,FArmoryShopItem
0x0c616d,811373,6,B,11,B_symbols,,0x26e7a1c3d00,identifier,TArray
0x0c61b0,811440,37,B,42,B_symbols,,0x26e7014e200,identifier,FGameEvent_OnItemPurchase_PlayerState
0x0c61ee,811502,6,B,11,B_symbols,,0x26e792ce800,identifier,TArray
0x0c6231,811569,21,B,26,B_symbols,,0x26e5fa36a00,identifier,ALokiPlayerController
0x0c625f,811615,20,B,25,B_symbols,,0x26e5f9ecd00,identifier,ULokiDataAsset_Power
0x0c628c,811660,24,B,29,B_symbols,,0x26e5f9efa00,identifier,ULokiDataAsset_Equipment
0x0c62bd,811709,15,B,20,B_symbols,,0x26e69d36700,identifier,FPrimaryAssetId
0x0c62e5,811749,6,B,11,B_symbols,,0x26e70f41300,identifier,TArray
0x0c6328,811816,15,B,20,B_symbols,,0x26e6530cd00,identifier,FOnLoadComplete
0x0c6350,811856,18,B,23,B_symbols,,0x26e629d7300,identifier,FOnSoftClassLoaded
0x0c637b,811899,6,B,11,B_symbols,,0x26e70338500,identifier,TArray
0x0c63be,811966,6,B,11,B_symbols,,0x26e79e0df00,identifier,TArray
0x0c6401,812033,42,B,47,B_symbols,,0x26e6e875200,identifier,ULokiPlayerControllerShopSkylandsComponent
0x0c6430,812080,48,B,53,B_symbols,,,dotted_name,Armory.LokiPlayerControllerShopSkylandsComponent
0x0c6475,812149,14,B,19,B_symbols,,0x26e5fa1fd00,identifier,ULokiLootTable
0x0c649c,812188,11,B,16,B_symbols,,0x26e792cca00,identifier,TSubclassOf
0x0c64e4,812260,20,B,25,B_symbols,,0x26e5fa33100,identifier,ALokiMinionCharacter
0x0c6511,812305,30,B,35,B_symbols,,0x26e6e874f00,identifier,UBarracudaJungleCreepComponent
0x0c6534,812340,50,B,55,B_symbols,,,dotted_name,Barracuda.Components.BarracudaJungleCreepComponent
0x0c657b,812411,34,B,39,B_symbols,,0x26e6e874300,identifier,UBarracudaMinionTargetingComponent
0x0c65a2,812450,54,B,59,B_symbols,,,dotted_name,Barracuda.Components.BarracudaMinionTargetingComponent
0x0c65ed,812525,39,B,44,B_symbols,,0x26e6e874c00,identifier,UBarracudaJungleCreepTargetingComponent
0x0c6619,812569,59,B,64,B_symbols,,,dotted_name,Barracuda.Components.BarracudaJungleCreepTargetingComponent
0x0c6669,812649,23,B,28,B_symbols,,0x26e6e874900,identifier,UBarracudaLaneComponent
0x0c6685,812677,43,B,48,B_symbols,,,dotted_name,Barracuda.Components.BarracudaLaneComponent
0x0c66c5,812741,19,B,24,B_symbols,,0x26e6e873400,identifier,FOnLaneIndexUpdated
0x0c66dd,812765,43,B,48,B_symbols,,,dotted_name,Barracuda.Components.BarracudaLaneComponent
0x0c671d,812829,37,B,42,B_symbols,,0x26e6e874600,identifier,UBarracudaLaneCreepTargetingComponent
0x0c6747,812871,57,B,62,B_symbols,,,dotted_name,Barracuda.Components.BarracudaLaneCreepTargetingComponent
0x0c6795,812949,21,B,26,B_symbols,,0x26e70189100,identifier,FMinionEnemyListEntry
0x0c67c3,812995,6,B,11,B_symbols,,0x26e7a1c1600,identifier,TArray
0x0c6806,813062,30,B,35,B_symbols,,0x26e6e874000,identifier,UBarracudaPlayerStateComponent
0x0c6829,813097,50,B,55,B_symbols,,,dotted_name,Barracuda.Components.BarracudaPlayerStateComponent
0x0c6870,813168,16,B,21,B_symbols,,0x26e5fa3e200,identifier,ALokiPlayerState
0x0c6899,813209,50,B,55,B_symbols,,0x26e70140d00,identifier,FGameEvent_BarracudaRespawnTimeChanged_PlayerState
0x0c68e4,813284,23,B,28,B_symbols,,0x26e6e873d00,identifier,FNextRespawnTimeChanged
0x0c6900,813312,50,B,55,B_symbols,,,dotted_name,Barracuda.Components.BarracudaPlayerStateComponent
0x0c6947,813383,28,B,33,B_symbols,,0x26e6e875b00,identifier,UBarracudaGameStateComponent
0x0c6968,813416,47,B,52,B_symbols,,,dotted_name,Barracuda.GameState.BarracudaGameStateComponent
0x0c69ac,813484,4,B,9,B_symbols,,0x26e7a1c5800,identifier,TSet
0x0c69ed,813549,28,B,33,B_symbols,,0x26e6e873a00,identifier,UBarracudaStructureComponent
0x0c6a0e,813582,48,B,53,B_symbols,,,dotted_name,Barracuda.Components.BarracudaStructureComponent
0x0c6a53,813651,33,B,38,B_symbols,,0x26e6e873100,identifier,UBarracudaTowerTargetingComponent
0x0c6a79,813689,53,B,58,B_symbols,,,dotted_name,Barracuda.Components.BarracudaTowerTargetingComponent
0x0c6ac3,813763,25,B,30,B_symbols,,0x26e65520a00,identifier,FPlayerKillEventSignature
0x0c6af5,813813,32,B,37,B_symbols,,0x26e70141000,identifier,FGameEvent_BarracudaPhaseChanged
0x0c6b2e,813870,18,B,23,B_symbols,,0x26e6e873700,identifier,ABarracudaGameMode
0x0c6b45,813893,36,B,41,B_symbols,,,dotted_name,Barracuda.GameMode.BarracudaGameMode
0x0c6b7e,813950,4,B,9,B_symbols,,0x26e6ed7eb00,identifier,TMap
0x0c6be3,814051,18,B,23,B_symbols,,0x26e5fa13700,identifier,ALokiHeroCharacter
0x0c6c0e,814094,5,B,10,B_symbols,,0x26e76ccc700,identifier,APawn
0x0c6c2c,814124,6,B,11,B_symbols,,0x26e792cb200,identifier,TArray
0x0c6c6f,814191,16,B,21,B_symbols,,0x26e76e559c0,identifier,EObjectTypeQuery
0x0c6c98,814232,6,B,11,B_symbols,,0x26e7033fd00,identifier,TArray
0x0c6cdb,814299,7,B,12,B_symbols,,0x26e694adf00,identifier,FVector
0x0c6cfb,814331,6,B,11,B_symbols,,0x26e7033f700,identifier,TArray
0x0c6d3e,814398,6,B,11,B_symbols,,0x26e7033d000,identifier,TArray
0x0c6d81,814465,6,B,11,B_symbols,,0x26e7033d600,identifier,TArray
0x0c6dc4,814532,32,B,37,B_symbols,,0x26e6e876100,identifier,UBarracudaPlayerSpawnerComponent
0x0c6de9,814569,50,B,55,B_symbols,,,dotted_name,Barracuda.GameMode.BarracudaPlayerSpawnerComponent
0x0c6e30,814640,30,B,35,B_symbols,,0x26e7014fd00,identifier,FGameEvent_OnDamaged_Character
0x0c6e67,814695,4,B,9,B_symbols,,0x26e7a1c1900,identifier,TSet
0x0c6ea8,814760,31,B,36,B_symbols,,0x26e6e875e00,identifier,UBarracudaRallyMinionsComponent
0x0c6ecc,814796,49,B,54,B_symbols,,,dotted_name,Barracuda.GameMode.BarracudaRallyMinionsComponent
0x0c6f12,814866,14,B,19,B_symbols,,0x26e6865e800,identifier,ABarracudaShop
0x0c6f25,814885,28,B,33,B_symbols,,,dotted_name,Barracuda.Shop.BarracudaShop
0x0c6f56,814934,11,B,16,B_symbols,,0x26e6ed7e800,identifier,TSubclassOf
0x0c6f66,814950,28,B,33,B_symbols,,,dotted_name,Barracuda.Shop.BarracudaShop
0x0c6fbb,815035,21,B,26,B_symbols,,0x26e6865c700,identifier,FOnDragonKillsUpdated
0x0c6fd5,815061,47,B,52,B_symbols,,,dotted_name,Barracuda.GameState.BarracudaGameStateComponent
0x0c7019,815129,19,B,24,B_symbols,,0x26e6865ca00,identifier,FOnTeamKillsUpdated
0x0c7031,815153,47,B,52,B_symbols,,,dotted_name,Barracuda.GameState.BarracudaGameStateComponent
0x0c7075,815221,24,B,29,B_symbols,,0x26e6865d900,identifier,ABarracudaMinionWaypoint
0x0c7092,815250,50,B,55,B_symbols,,,dotted_name,Barracuda.Minion.Waypoints.BarracudaMinionWaypoint
0x0c70d9,815321,4,B,9,B_symbols,,0x26e6ed7ee00,identifier,TSet
0x0c70e2,815330,50,B,55,B_symbols,,,dotted_name,Barracuda.Minion.Waypoints.BarracudaMinionWaypoint
0x0c714d,815437,15,B,20,B_symbols,,0x26e7013d000,identifier,FBarracudaPhase
0x0c7175,815477,6,B,11,B_symbols,,0x26e6ed7e500,identifier,TArray
0x0c71b8,815544,19,B,24,B_symbols,,0x26e6865cd00,identifier,ABarracudaTeamState
0x0c71d0,815568,38,B,43,B_symbols,,,dotted_name,Barracuda.GameState.BarracudaTeamState
0x0c720b,815627,23,B,28,B_symbols,,0x26e5fa51300,identifier,ALokiTeamState_TeamOnly
0x0c723b,815675,11,B,16,B_symbols,,0x26e7aee1f00,identifier,TSubclassOf
0x0c7283,815747,28,B,33,B_symbols,,0x26e6865d000,identifier,ABarracudaTeamState_TeamOnly
0x0c72a4,815780,47,B,52,B_symbols,,,dotted_name,Barracuda.GameState.BarracudaTeamState_TeamOnly
0x0c72e8,815848,23,B,28,B_symbols,,0x26e7aeeca00,identifier,ABarracudaMinionSpawner
0x0c7304,815876,41,B,46,B_symbols,,,dotted_name,Barracuda.Spawners.BarracudaMinionSpawner
0x0c7342,815938,4,B,9,B_symbols,,0x26e6ed7df00,identifier,TMap
0x0c734b,815947,41,B,46,B_symbols,,,dotted_name,Barracuda.Spawners.BarracudaMinionSpawner
0x0c73d1,816081,31,B,36,B_symbols,,0x26e6865d600,identifier,UBarracudaMinionRewardComponent
0x0c73f5,816117,47,B,52,B_symbols,,,dotted_name,Barracuda.Minion.BarracudaMinionRewardComponent
0x0c7439,816185,31,B,36,B_symbols,,0x26e694a1f00,identifier,FComponentBeginOverlapSignature
0x0c7471,816241,41,B,46,B_symbols,,0x26e6865dc00,identifier,UBarracudaMinionWaypointFollowerComponent
0x0c749f,816287,67,B,72,B_symbols,,,dotted_name,Barracuda.Minion.Waypoints.BarracudaMinionWaypointFollowerComponent
0x0c74f7,816375,22,B,27,B_symbols,,0x26e76d0bb00,identifier,UNavigationQueryFilter
0x0c7526,816422,11,B,16,B_symbols,,0x26e70f47600,identifier,TSubclassOf
0x0c756e,816494,16,B,21,B_symbols,,0x26e6cd62200,identifier,FFindFloorResult
0x0c7597,816535,40,B,45,B_symbols,,0x26e6865df00,identifier,UBTService_BarracudaUpdateMinionWaypoint
0x0c75c4,816580,57,B,62,B_symbols,,,dotted_name,Barracuda.Minion.Waypoints.BTService_UpdateMinionWaypoint
0x0c7612,816658,10,B,15,B_symbols,,0x26e76cc2200,identifier,UBTService
0x0c7635,816693,27,B,32,B_symbols,,0x26e6865e200,identifier,UBarracudaShopItemGraphNode
0x0c7655,816725,28,B,33,B_symbols,,,dotted_name,Barracuda.Shop.BarracudaShop
0x0c7686,816774,36,B,41,B_symbols,,0x26e701f8200,identifier,FUIEvent_Barracuda_Shop_FilterByName
0x0c76c3,816835,36,B,41,B_symbols,,0x26e701f7f00,identifier,FUIEvent_Barracuda_Shop_ResetFilters
0x0c7700,816896,39,B,44,B_symbols,,0x26e701f7900,identifier,FUIEvent_Barracuda_Shop_FilterToggleTag
0x0c7740,816960,33,B,38,B_symbols,,0x26e701f7600,identifier,FUIEvent_Barracuda_Shop_FocusItem
0x0c777a,817018,6,B,11,B_symbols,,0x26e79e0fa00,identifier,TArray
0x0c77bd,817085,4,B,9,B_symbols,,0x26e6ed7cd00,identifier,TMap
0x0c77c6,817094,28,B,33,B_symbols,,,dotted_name,Barracuda.Shop.BarracudaShop
0x0c783f,817215,4,B,9,B_symbols,,0x26e6ed7d600,identifier,TSet
0x0c7848,817224,28,B,33,B_symbols,,,dotted_name,Barracuda.Shop.BarracudaShop
0x0c789d,817309,13,B,18,B_symbols,,0x26e78826400,identifier,TSoftClassPtr
0x0c78e7,817383,13,B,18,B_symbols,,0x26e7882e500,identifier,TSoftClassPtr
0x0c7931,817457,6,B,11,B_symbols,,0x26e6ed7d900,identifier,TArray
0x0c793c,817468,28,B,33,B_symbols,,,dotted_name,Barracuda.Shop.BarracudaShop
0x0c7991,817553,11,B,16,B_symbols,,0x26e70338200,identifier,TSubclassOf
0x0c79d9,817625,37,B,42,B_symbols,,0x26e701f7c00,identifier,FUIEvent_Barracuda_Shop_FilterUpdated
0x0c7a17,817687,12,B,17,B_symbols,,0x26e6a060100,identifier,FGameplayTag
0x0c7a3c,817724,6,B,11,B_symbols,,0x26e70f43a00,identifier,TArray
0x0c7a7f,817791,4,B,9,B_symbols,,0x26e79e0fd00,identifier,TSet
0x0c7ac0,817856,18,B,23,B_symbols,,0x26e5fa1f700,identifier,ULokiLootTableFull
0x0c7aeb,817899,11,B,16,B_symbols,,0x26e6ed7d300,identifier,TSubclassOf
0x0c7b33,817971,6,B,11,B_symbols,,0x26e6ed7d000,identifier,TArray
0x0c7b76,818038,40,B,45,B_symbols,,0x26e701f7300,identifier,FUIEvent_Barracuda_Shop_ToggleVisibility
0x0c7bb7,818103,21,B,26,B_symbols,,0x26e6a06c400,identifier,FGameplayTagContainer
0x0c7be5,818149,28,B,33,B_symbols,,0x26e6865eb00,identifier,UBarracudaShopItemListWidget
0x0c7c06,818182,42,B,47,B_symbols,,,dotted_name,Barracuda.Shop.BarracudaShopItemListWidget
0x0c7c45,818245,32,B,37,B_symbols,,0x26e6865ee00,identifier,UBarracudaShopItemTreeNodeWidget
0x0c7c6a,818282,46,B,51,B_symbols,,,dotted_name,Barracuda.Shop.BarracudaShopItemTreeNodeWidget
0x0c7cad,818349,28,B,33,B_symbols,,0x26e6865f100,identifier,UBarracudaShopItemTreeWidget
0x0c7cce,818382,42,B,47,B_symbols,,,dotted_name,Barracuda.Shop.BarracudaShopItemTreeWidget
0x0c7d0d,818445,37,B,42,B_symbols,,0x26e701fe500,identifier,FUIEvent_ItemEnteredOrExitedInventory
0x0c7d4b,818507,11,B,16,B_symbols,,0x26e69f1f100,identifier,FEventReply
0x0c7d6f,818543,24,B,29,B_symbols,,0x26e6865f400,identifier,UBarracudaShopItemWidget
0x0c7d8c,818572,38,B,43,B_symbols,,,dotted_name,Barracuda.Shop.BarracudaShopItemWidget
0x0c7dc7,818631,4,B,9,B_symbols,,0x26e69f12b00,identifier,FKey
0x0c7de4,818660,13,B,18,B_symbols,,0x26e69f1eb00,identifier,FPointerEvent
0x0c7e0a,818698,31,B,36,B_symbols,,0x26e701f8800,identifier,FUIEvent_Barracuda_Shop_BuyItem
0x0c7e42,818754,32,B,37,B_symbols,,0x26e701f8500,identifier,FUIEvent_Barracuda_Shop_SellItem
0x0c7e7b,818811,39,B,44,B_symbols,,0x26e6865f700,identifier,UBarracudaShopPlayerControllerComponent
0x0c7ea7,818855,53,B,58,B_symbols,,,dotted_name,Barracuda.Shop.BarracudaShopPlayerControllerComponent
0x0c7ef1,818929,23,B,28,B_symbols,,0x26e6865fa00,identifier,FBarracudaShopTagFilter
0x0c7f0d,818957,40,B,45,B_symbols,,,dotted_name,Barracuda.Shop.BarraucdaShopFilterWidget
0x0c7f4a,819018,26,B,31,B_symbols,,0x26e6865fd00,identifier,UBarraucdaShopFilterWidget
0x0c7f69,819049,40,B,45,B_symbols,,,dotted_name,Barracuda.Shop.BarraucdaShopFilterWidget
0x0c7fa6,819110,6,B,11,B_symbols,,0x26e6ed7c700,identifier,TArray
0x0c7fb1,819121,40,B,45,B_symbols,,,dotted_name,Barracuda.Shop.BarraucdaShopFilterWidget
0x0c8012,819218,14,B,19,B_symbols,,0x26e64f32200,identifier,FNewRoundPhase
0x0c8039,819257,14,B,19,B_symbols,,0x26e5f9fc700,identifier,ALokiGameState
0x0c8060,819296,26,B,31,B_symbols,,0x26e64f32800,identifier,FNewDayNightStateSignature
0x0c8093,819347,21,B,26,B_symbols,,0x26e65522500,identifier,FOnVisbilityEvaluated
0x0c80c1,819393,6,B,11,B_symbols,,0x26e79e0eb00,identifier,TArray
0x0c8104,819460,11,B,16,B_symbols,,0x26e792cf100,identifier,TSubclassOf
0x0c814c,819532,6,B,11,B_symbols,,0x26e6ed95b00,identifier,TArray
0x0c818f,819599,14,B,19,B_symbols,,0x26e5fa51600,identifier,ALokiTeamState
0x0c81b6,819638,6,B,11,B_symbols,,0x26e7a1c3700,identifier,TArray
0x0c81f9,819705,16,B,21,B_symbols,,0x26e7aeed000,identifier,FMinionWaveEntry
0x0c820e,819726,41,B,46,B_symbols,,,dotted_name,Barracuda.Spawners.BarracudaMinionSpawner
0x0c824c,819788,6,B,11,B_symbols,,0x26e6ed96100,identifier,TArray
0x0c8257,819799,41,B,46,B_symbols,,,dotted_name,Barracuda.Spawners.BarracudaMinionSpawner
0x0c82b9,819897,16,B,21,B_symbols,,0x26e68679100,identifier,FGametimeToLevel
0x0c82ce,819918,41,B,46,B_symbols,,,dotted_name,Barracuda.Spawners.BarracudaMinionSpawner
0x0c830c,819980,6,B,11,B_symbols,,0x26e6ed95e00,identifier,TArray
0x0c8317,819991,41,B,46,B_symbols,,,dotted_name,Barracuda.Spawners.BarracudaMinionSpawner
0x0c8379,820089,21,B,26,B_symbols,,0x26e7aeec700,identifier,ALokiHeroCharacter_AS
0x0c8393,820115,27,B,32,B_symbols,,,dotted_name,Character.LokiHeroCharacter
0x0c83c3,820163,27,B,32,B_symbols,,0x26e6ed76100,identifier,FBiomeTouchUnlockedDelegate
0x0c83e3,820195,27,B,32,B_symbols,,,dotted_name,Character.LokiHeroCharacter
0x0c8413,820243,24,B,29,B_symbols,,0x26e6ed75e00,identifier,ULokiHeroGroundIndicator
0x0c8430,820272,33,B,38,B_symbols,,,dotted_name,Character.LokiHeroGroundIndicator
0x0c8466,820326,28,B,33,B_symbols,,0x26e5fa12800,identifier,ULokiHeroGroundIndicatorBase
0x0c849b,820379,15,B,20,B_symbols,,0x26e6ed75b00,identifier,ATemporaryFloor
0x0c84af,820399,22,B,27,B_symbols,,,dotted_name,Content.TemporaryFloor
0x0c84da,820442,22,B,27,B_symbols,,0x26e694a0d00,identifier,FComponentHitSignature
0x0c8509,820489,20,B,25,B_symbols,,0x26e6fe4ed40,identifier,ETemporaryFloorState
0x0c8522,820514,22,B,27,B_symbols,,,dotted_name,Content.TemporaryFloor
0x0c854d,820557,4,B,9,B_symbols,,0x26e6ed95200,identifier,TMap
0x0c8556,820566,22,B,27,B_symbols,,,dotted_name,Content.TemporaryFloor
0x0c85c9,820681,19,B,24,B_symbols,,0x26e76c62e00,identifier,UPrimitiveComponent
0x0c85f5,820725,13,B,18,B_symbols,,0x26e5ec0be00,identifier,UAkAudioEvent
0x0c861b,820763,4,B,9,B_symbols,,0x26e6ed95500,identifier,TMap
0x0c8624,820772,22,B,27,B_symbols,,,dotted_name,Content.TemporaryFloor
0x0c8697,820887,6,B,11,B_symbols,,0x26e70f41000,identifier,TArray
0x0c86da,820954,18,B,23,B_symbols,,0x26e6ccc7900,identifier,FActorTickFunction
0x0c8705,820997,12,B,17,B_symbols,,0x26e6ed75800,identifier,UTrainAnchor
0x0c8716,821014,39,B,44,B_symbols,,,dotted_name,Content.Train.TrainMovableBaseComponent
0x0c8752,821074,15,B,20,B_symbols,,0x26e76c63100,identifier,USceneComponent
0x0c877a,821114,16,B,21,B_symbols,,0x26e6ed75500,identifier,UBackTrainAnchor
0x0c878f,821135,39,B,44,B_symbols,,,dotted_name,Content.Train.TrainMovableBaseComponent
0x0c87cb,821195,17,B,22,B_symbols,,0x26e6ed75200,identifier,UFrontTrainAnchor
0x0c87e1,821217,39,B,44,B_symbols,,,dotted_name,Content.Train.TrainMovableBaseComponent
0x0c881d,821277,26,B,31,B_symbols,,0x26e6ed74f00,identifier,UTrainMovableBaseComponent
0x0c883c,821308,39,B,44,B_symbols,,,dotted_name,Content.Train.TrainMovableBaseComponent
0x0c8878,821368,10,B,15,B_symbols,,0x26e694ad600,identifier,FTransform
0x0c889b,821403,21,B,26,B_symbols,,0x26e5ce30d00,identifier,UMovableBaseComponent
0x0c88c9,821449,16,B,21,B_symbols,,0x26e6ed74600,identifier,ALokiAimingLaser
0x0c88de,821470,30,B,35,B_symbols,,,dotted_name,Core.AimingVis.LokiAimingLaser
0x0c8911,821521,10,B,15,B_symbols,,0x26e69f13700,identifier,FHitResult
0x0c8934,821556,6,B,11,B_symbols,,0x26e70f45800,identifier,TArray
0x0c8977,821623,17,B,22,B_symbols,,0x26e5ce31000,identifier,UCapsuleComponent
0x0c89a1,821665,10,B,15,B_symbols,,0x26e76d06100,identifier,ACharacter
0x0c89c4,821700,23,B,28,B_symbols,,0x26e5f9d5500,identifier,ULokiAimingVisComponent
0x0c89f4,821748,24,B,29,B_symbols,,0x26e5fa12500,identifier,ALokiHeroHeightIndicator
0x0c8a25,821797,6,B,11,B_symbols,,0x26e79e0e200,identifier,TArray
0x0c8a68,821864,6,B,11,B_symbols,,0x26e70337f00,identifier,TArray
0x0c8aab,821931,14,B,19,B_symbols,,0x26e76c62b00,identifier,UMeshComponent
0x0c8ad2,821970,6,B,11,B_symbols,,0x26e6ed94f00,identifier,TArray
0x0c8b15,822037,29,B,34,B_symbols,,0x26e6ed73a00,identifier,ULokiAimingVisComponentScript
0x0c8b37,822071,37,B,42,B_symbols,,,dotted_name,Core.AimingVis.LokiAimingVisComponent
0x0c8b71,822129,27,B,32,B_symbols,,0x26e6ed74300,identifier,ALokiAimingLaserRangeMarker
0x0c8b91,822161,41,B,46,B_symbols,,,dotted_name,Core.AimingVis.LokiAimingLaserRangeMarker
0x0c8bcf,822223,27,B,32,B_symbols,,0x26e6ed74000,identifier,ALokiAimingLaserSpreadLines
0x0c8bef,822255,41,B,46,B_symbols,,,dotted_name,Core.AimingVis.LokiAimingLaserSpreadLines
0x0c8c2d,822317,24,B,29,B_symbols,,0x26e694a4900,identifier,FActorDestroyedSignature
0x0c8c5e,822366,34,B,39,B_symbols,,0x26e6530b200,identifier,FOnGenericPlayerConfigValueUpdated
0x0c8c99,822425,20,B,25,B_symbols,,0x26e64f34f00,identifier,FLivingStateDelegate
0x0c8cc6,822470,20,B,25,B_symbols,,0x26e6ed74900,identifier,FAimingLaserSettings
0x0c8cdf,822495,30,B,35,B_symbols,,,dotted_name,Core.AimingVis.LokiAimingLaser
0x0c8d12,822546,21,B,26,B_symbols,,0x26e6ed73d00,identifier,FLaserScriptOverrides
0x0c8d2c,822572,37,B,42,B_symbols,,,dotted_name,Core.AimingVis.LokiAimingVisComponent
0x0c8d66,822630,6,B,11,B_symbols,,0x26e6ed94300,identifier,TArray
0x0c8d71,822641,30,B,35,B_symbols,,,dotted_name,Core.AimingVis.LokiAimingLaser
0x0c8dc8,822728,35,B,40,B_symbols,,0x26e6ed73700,identifier,ALokiAimingLaserSpreadLines_HookGuy
0x0c8df0,822768,64,B,69,B_symbols,,,dotted_name,Core.AimingVis.HunterSpecific.LokiAimingLaserSpreadLines_HookGuy
0x0c8e45,822853,33,B,38,B_symbols,,0x26e6ed73400,identifier,ALokiAimingLaserSpreadLines_Ronin
0x0c8e6b,822891,62,B,67,B_symbols,,,dotted_name,Core.AimingVis.HunterSpecific.LokiAimingLaserSpreadLines_Ronin
0x0c8ebe,822974,25,B,30,B_symbols,,0x26e6ed73100,identifier,ALokiAimingLaser_Huntress
0x0c8edc,823004,54,B,59,B_symbols,,,dotted_name,Core.AimingVis.HunterSpecific.LokiAimingLaser_Huntress
0x0c8f27,823079,34,B,39,B_symbols,,0x26e6ed72e00,identifier,ULokiMajorStatusEffectComponent_AS
0x0c8f4e,823118,46,B,51,B_symbols,,,dotted_name,Core.Components.LokiMajorStatusEffectComponent
0x0c8f91,823185,27,B,32,B_symbols,,0x26e70040700,identifier,FActiveGameplayEffectHandle
0x0c8fc5,823237,4,B,9,B_symbols,,0x26e6ed93d00,identifier,TMap
0x0c902a,823338,6,B,11,B_symbols,,0x26e79e05200,identifier,TArray
0x0c906d,823405,26,B,31,B_symbols,,0x26e6ed72b00,identifier,ALokiDayNightController_AS
0x0c908c,823436,41,B,46,B_symbols,,,dotted_name,DayNightController.LokiDayNightController
0x0c90ca,823498,24,B,29,B_symbols,,0x26e6ed72800,identifier,FTimelineChangedDelegate
0x0c90e7,823527,41,B,46,B_symbols,,,dotted_name,DayNightController.LokiDayNightController
0x0c9125,823589,29,B,34,B_symbols,,0x26e6ed72500,identifier,FDayNightStateChangedDelegate
0x0c9147,823623,41,B,46,B_symbols,,,dotted_name,DayNightController.LokiDayNightController
0x0c9185,823685,17,B,22,B_symbols,,0x26e6ed72200,identifier,FDayBeginDelegate
0x0c919b,823707,41,B,46,B_symbols,,,dotted_name,DayNightController.LokiDayNightController
0x0c91d9,823769,15,B,20,B_symbols,,0x26e6ed71f00,identifier,FDayEndDelegate
0x0c91ed,823789,41,B,46,B_symbols,,,dotted_name,DayNightController.LokiDayNightController
0x0c922b,823851,16,B,21,B_symbols,,0x26e5fa3e500,identifier,ALokiPlayerStart
0x0c9254,823892,6,B,11,B_symbols,,0x26e79e0f100,identifier,TArray
0x0c9297,823959,29,B,34,B_symbols,,0x26e6ed71c00,identifier,UComp_PC_LokiRespawnComponent
0x0c92b9,823993,32,B,37,B_symbols,,,dotted_name,FFA.Comp_PC_LokiRespawnComponent
0x0c92ee,824046,23,B,28,B_symbols,,0x26e6ed71900,identifier,UFFABotSpawnerComponent
0x0c930a,824074,17,B,22,B_symbols,,,dotted_name,FFA.FFABotSpawner
0x0c9330,824112,24,B,29,B_symbols,,0x26e76bdc2c0,identifier,ELokiAssetLookupExecPins
0x0c9361,824161,14,B,19,B_symbols,,0x26e5fa13d00,identifier,ULokiHeroAsset
0x0c9388,824200,11,B,16,B_symbols,,0x26e79e0d600,identifier,TSubclassOf
0x0c93d0,824272,6,B,11,B_symbols,,0x26e79e0d300,identifier,TArray
0x0c9413,824339,24,B,29,B_symbols,,0x26e5f9dfa00,identifier,ULokiBotSpawnerComponent
0x0c9444,824388,12,B,17,B_symbols,,0x26e6ed71600,identifier,AFFAGameMode
0x0c9455,824405,15,B,20,B_symbols,,,dotted_name,FFA.FFAGameMode
0x0c9479,824441,4,B,9,B_symbols,,0x26e7a1c4000,identifier,TSet
0x0c94ba,824506,13,B,18,B_symbols,,0x26e5f9d8200,identifier,ALokiGameMode
0x0c94e0,824544,4,B,9,B_symbols,,0x26e7acc8800,identifier,TMap
0x0c9545,824645,25,B,30,B_symbols,,0x26e70181600,identifier,FLokiInventoryItemAndSlot
0x0c9577,824695,6,B,11,B_symbols,,0x26e7a1c2500,identifier,TArray
0x0c95ba,824762,4,B,9,B_symbols,,0x26e70f4bb00,identifier,TSet
0x0c95fb,824827,4,B,9,B_symbols,,0x26e6ed93a00,identifier,TSet
0x0c963c,824892,27,B,32,B_symbols,,0x26e6ed71300,identifier,ULokiPlayerRespawnComponent
0x0c965c,824924,30,B,35,B_symbols,,,dotted_name,FFA.LokiPlayerRespawnComponent
0x0c968f,824975,10,B,15,B_symbols,,0x26e65523a00,identifier,FOnUpdated
0x0c96b2,825010,21,B,26,B_symbols,,0x26e6ed71000,identifier,ULokiRespawnComponent
0x0c96cc,825036,24,B,29,B_symbols,,,dotted_name,FFA.LokiRespawnComponent
0x0c96f9,825081,25,B,30,B_symbols,,0x26e6539d900,identifier,FOnPlayerControllerLogout
0x0c972b,825131,22,B,27,B_symbols,,0x26e6539c700,identifier,FOnPlayerStateAssigned
0x0c975a,825178,19,B,24,B_symbols,,0x26e6ed70d00,identifier,URespawnTimerWidget
0x0c9772,825202,22,B,27,B_symbols,,,dotted_name,FFA.RespawnTimerWidget
0x0c979d,825245,24,B,29,B_symbols,,0x26e6ed70a00,identifier,ULokiExoticLootComponent
0x0c97ba,825274,41,B,46,B_symbols,,,dotted_name,GameMode.LokiGameMode_ExoticLootComponent
0x0c97f8,825336,15,B,20,B_symbols,,0x26e6ed70700,identifier,FExoticItemList
0x0c980c,825356,41,B,46,B_symbols,,,dotted_name,GameMode.LokiGameMode_ExoticLootComponent
0x0c984a,825418,4,B,9,B_symbols,,0x26e6ed92e00,identifier,TMap
0x0c9853,825427,41,B,46,B_symbols,,,dotted_name,GameMode.LokiGameMode_ExoticLootComponent
0x0c98d9,825561,4,B,9,B_symbols,,0x26e6ed93100,identifier,TMap
0x0c993e,825662,6,B,11,B_symbols,,0x26e792cc700,identifier,TArray
0x0c9981,825729,13,B,18,B_symbols,,0x26e6288bb00,identifier,FRandomStream
0x0c99a7,825767,35,B,40,B_symbols,,0x26e6ed70400,identifier,ULokiDropPhase_PlayerStateComponent
0x0c99cf,825807,53,B,58,B_symbols,,,dotted_name,GameMode.DropPhase.LokiDropPhase_PlayerStateComponent
0x0c9a19,825881,25,B,30,B_symbols,,0x26e7014a300,identifier,FGameEvent_GameAugmentSet
0x0c9a4b,825931,29,B,34,B_symbols,,0x26e70163a00,identifier,FGameEvent_PodSteeringEnabled
0x0c9a81,825985,12,B,17,B_symbols,,0x26e6ed7c400,identifier,ALokiDropPod
0x0c9a92,826002,30,B,35,B_symbols,,,dotted_name,GameMode.DropPhase.LokiDropPod
0x0c9ac5,826053,16,B,21,B_symbols,,0x26e5f9f1c00,identifier,ALokiDropPodBase
0x0c9aee,826094,29,B,34,B_symbols,,0x26e5fa3f100,identifier,ULokiPlayerDropPlaneComponent
0x0c9b24,826148,12,B,17,B_symbols,,0x26e5ce90a00,identifier,APlayerState
0x0c9b49,826185,27,B,32,B_symbols,,0x26e69f11f00,identifier,FActorComponentTickFunction
0x0c9b7d,826237,18,B,23,B_symbols,,0x26e5fa51c00,identifier,ULokiTeamComponent
0x0c9ba8,826280,24,B,29,B_symbols,,0x26e64f30d00,identifier,FOnActorTeamIndexChanged
0x0c9bd9,826329,22,B,27,B_symbols,,0x26e76ca9400,identifier,USkeletalMeshComponent
0x0c9c08,826376,28,B,33,B_symbols,,0x26e5ce38500,identifier,UProjectileMovementComponent
0x0c9c3d,826429,22,B,27,B_symbols,,0x26e5fa40700,identifier,ULokiRideableComponent
0x0c9c6c,826476,32,B,37,B_symbols,,0x26e5f9e2e00,identifier,ULokiCharacterSpringArmComponent
0x0c9ca5,826533,16,B,21,B_symbols,,0x26e76cfc700,identifier,UCameraComponent
0x0c9cce,826574,6,B,11,B_symbols,,0x26e792cf400,identifier,TArray
0x0c9d11,826641,6,B,11,B_symbols,,0x26e6ed92200,identifier,TArray
0x0c9d1c,826652,30,B,35,B_symbols,,,dotted_name,GameMode.DropPhase.LokiDropPod
0x0c9d73,826739,11,B,16,B_symbols,,0x26e6ed92b00,identifier,TSubclassOf
0x0c9d83,826755,30,B,35,B_symbols,,,dotted_name,GameMode.DropPhase.LokiDropPod
0x0c9dda,826842,27,B,32,B_symbols,,0x26e6ed7b500,identifier,ALokiDropPodImpactIndicator
0x0c9dfa,826874,45,B,50,B_symbols,,,dotted_name,GameMode.DropPhase.LokiDropPodImpactIndicator
0x0c9e3c,826940,11,B,16,B_symbols,,0x26e6ed92800,identifier,TSubclassOf
0x0c9e4c,826956,45,B,50,B_symbols,,,dotted_name,GameMode.DropPhase.LokiDropPodImpactIndicator
0x0c9eb2,827058,17,B,22,B_symbols,,0x26e6ed7b200,identifier,ALokiDropPodLaser
0x0c9ec8,827080,35,B,40,B_symbols,,,dotted_name,GameMode.DropPhase.LokiDropPodLaser
0x0c9f00,827136,11,B,16,B_symbols,,0x26e6ed92500,identifier,TSubclassOf
0x0c9f10,827152,35,B,40,B_symbols,,,dotted_name,GameMode.DropPhase.LokiDropPodLaser
0x0c9f6c,827244,18,B,23,B_symbols,,0x26e6ed7c100,identifier,FOnPodOutroStarted
0x0c9f83,827267,30,B,35,B_symbols,,,dotted_name,GameMode.DropPhase.LokiDropPod
0x0c9fb6,827318,30,B,35,B_symbols,,0x26e6ed7be00,identifier,FOnLeaderPodHasCrewPodDetached
0x0c9fd9,827353,30,B,35,B_symbols,,,dotted_name,GameMode.DropPhase.LokiDropPod
0x0ca00c,827404,21,B,26,B_symbols,,0x26e6ed7bb00,identifier,FOnCrewPodHasDetached
0x0ca026,827430,30,B,35,B_symbols,,,dotted_name,GameMode.DropPhase.LokiDropPod
0x0ca059,827481,26,B,31,B_symbols,,0x26e6ed7b800,identifier,FOnPodMoveDirectionChanged
0x0ca078,827512,30,B,35,B_symbols,,,dotted_name,GameMode.DropPhase.LokiDropPod
0x0ca0ab,827563,13,B,18,B_symbols,,0x26e6ed7af00,identifier,ALokiDropShip
0x0ca0bd,827581,31,B,36,B_symbols,,,dotted_name,GameMode.DropPhase.LokiDropShip
0x0ca0f1,827633,17,B,22,B_symbols,,0x26e6ed7ac00,identifier,ALokiGameState_AS
0x0ca107,827655,23,B,28,B_symbols,,,dotted_name,GameState.LokiGameState
0x0ca133,827699,14,B,19,B_symbols,,0x26e70f49d00,identifier,TWeakObjectPtr
0x0ca17e,827774,31,B,36,B_symbols,,0x26e6ed7a600,identifier,ULokiInteractionPlayerComponent
0x0ca1a2,827810,42,B,47,B_symbols,,,dotted_name,Interaction.LokiInteractionPlayerComponent
0x0ca1e1,827873,20,B,25,B_symbols,,0x26e5fa56d00,identifier,ULokiUsableComponent
0x0ca20e,827918,26,B,31,B_symbols,,0x26e653d7600,identifier,FOnSpawnedCharacterChanged
0x0ca241,827969,24,B,29,B_symbols,,0x26e5fa11f00,identifier,ULokiHeroUsableComponent
0x0ca272,828018,33,B,38,B_symbols,,0x26e64ed7000,identifier,FAbilitySystemInitializedDelegate
0x0ca2ac,828076,21,B,26,B_symbols,,0x26e64edd900,identifier,FGameplayAbilityAdded
0x0ca2da,828122,24,B,29,B_symbols,,0x26e5f9fcd00,identifier,ULokiGameplayUsableSpell
0x0ca30b,828171,35,B,40,B_symbols,,0x26e6ed7a300,identifier,FOnInteractionUsableChangedDelegate
0x0ca333,828211,42,B,47,B_symbols,,,dotted_name,Interaction.LokiInteractionPlayerComponent
0x0ca372,828274,29,B,34,B_symbols,,0x26e6ed7a000,identifier,FOnInteractionPressedDelegate
0x0ca394,828308,42,B,47,B_symbols,,,dotted_name,Interaction.LokiInteractionPlayerComponent
0x0ca3d3,828371,30,B,35,B_symbols,,0x26e6ed79d00,identifier,FOnInteractionReleasedDelegate
0x0ca3f6,828406,42,B,47,B_symbols,,,dotted_name,Interaction.LokiInteractionPlayerComponent
0x0ca435,828469,8,B,13,B_symbols,,0x26e6ed79a00,identifier,ALokiGem
0x0ca442,828482,13,B,18,B_symbols,,,dotted_name,Items.LokiGem
0x0ca464,828516,43,B,48,B_symbols,,0x26e7014eb00,identifier,FGameEvent_OnInventoryItemAdded_PlayerState
0x0ca4a8,828584,45,B,50,B_symbols,,0x26e7014e800,identifier,FGameEvent_OnInventoryItemRemoved_PlayerState
0x0ca4ee,828654,25,B,30,B_symbols,,0x26e6ed79700,identifier,ULokiItemVisualsComponent
0x0ca50c,828684,30,B,35,B_symbols,,,dotted_name,Items.LokiItemVisualsComponent
0x0ca53f,828735,4,B,9,B_symbols,,0x26e6ed91900,identifier,TMap
0x0ca5a4,828836,25,B,30,B_symbols,,0x26e6ed79400,identifier,ULokiTeamElimBoxComponent
0x0ca5c2,828866,30,B,35,B_symbols,,,dotted_name,Items.LokiTeamElimBoxComponent
0x0ca5f5,828917,18,B,23,B_symbols,,0x26e5fa4bb00,identifier,ALokiSearchableBox
0x0ca620,828960,11,B,16,B_symbols,,0x26e6ed91600,identifier,TSubclassOf
0x0ca668,829032,4,B,9,B_symbols,,0x26e6ed91300,identifier,TMap
0x0ca6cd,829133,25,B,30,B_symbols,,0x26e6ed79100,identifier,ULokiNodePathingComponent
0x0ca6eb,829163,32,B,37,B_symbols,,,dotted_name,Minions.LokiNodePathingComponent
0x0ca720,829216,13,B,18,B_symbols,,0x26e76c6e200,identifier,AAIController
0x0ca746,829254,31,B,36,B_symbols,,0x26e694ab800,identifier,FPawnControllerChangedSignature
0x0ca77e,829310,25,B,30,B_symbols,,0x26e629d9100,identifier,FAIMoveCompletedSignature
0x0ca7b0,829360,21,B,26,B_symbols,,0x26e70148e00,identifier,FGameEvent_MostWanted
0x0ca7de,829406,33,B,38,B_symbols,,0x26e6ed78e00,identifier,ULokiGameStateMostWantedComponent
0x0ca804,829444,43,B,48,B_symbols,,,dotted_name,MostWanted.LokiGameStateMostWantedComponent
0x0ca844,829508,24,B,29,B_symbols,,0x26e6ed78b00,identifier,ULokiDragCameraComponent
0x0ca861,829537,40,B,45,B_symbols,,,dotted_name,PlayerController.LokiDragCameraComponent
0x0ca89e,829598,20,B,25,B_symbols,,0x26e6ed78800,identifier,ALokiPlayerCheats_AS
0x0ca8b7,829623,33,B,38,B_symbols,,,dotted_name,PlayerController.LokiPlayerCheats
0x0ca8ed,829677,17,B,22,B_symbols,,0x26e5fa36d00,identifier,ALokiPlayerCheats
0x0ca917,829719,24,B,29,B_symbols,,0x26e6ed78500,identifier,ALokiPlayerController_AS
0x0ca934,829748,37,B,42,B_symbols,,,dotted_name,PlayerController.LokiPlayerController
0x0ca96e,829806,23,B,28,B_symbols,,0x26e6ed78200,identifier,FOnSneakPressedDelegate
0x0ca98a,829834,37,B,42,B_symbols,,,dotted_name,PlayerController.LokiPlayerController
0x0ca9c4,829892,24,B,29,B_symbols,,0x26e6ed77f00,identifier,FOnSneakReleasedDelegate
0x0ca9e1,829921,37,B,42,B_symbols,,,dotted_name,PlayerController.LokiPlayerController
0x0caa1b,829979,33,B,38,B_symbols,,0x26e6ed77c00,identifier,FOnPracticeRespawnPressedDelegate
0x0caa41,830017,37,B,42,B_symbols,,,dotted_name,PlayerController.LokiPlayerController
0x0caa7b,830075,26,B,31,B_symbols,,0x26e6ed77900,identifier,ULokiGameStateUAVComponent
0x0caa9a,830106,29,B,34,B_symbols,,,dotted_name,UAV.LokiGameStateUAVComponent
0x0caacc,830156,10,B,15,B_symbols,,0x26e6ed76a00,identifier,FActiveUAV
0x0caadb,830171,14,B,19,B_symbols,,,dotted_name,UAV.UAVStructs
0x0caafe,830206,6,B,11,B_symbols,,0x26e6ed9c100,identifier,TArray
0x0cab09,830217,14,B,19,B_symbols,,,dotted_name,UAV.UAVStructs
0x0cab50,830288,17,B,22,B_symbols,,0x26e6ed7f700,identifier,AVaultItemSpawner
0x0cab66,830310,22,B,27,B_symbols,,,dotted_name,Vault.VaultItemSpawner
0x0cab91,830353,6,B,11,B_symbols,,0x26e6ed9be00,identifier,TArray
0x0cab9c,830364,22,B,27,B_symbols,,,dotted_name,Vault.VaultItemSpawner
0x0cabeb,830443,15,B,20,B_symbols,,0x26e6ed77300,identifier,AUAVAudioPlayer
0x0cabff,830463,18,B,23,B_symbols,,,dotted_name,UAV.UAVAudioPlayer
0x0cac26,830502,33,B,38,B_symbols,,0x26e6ed77600,identifier,ULokiPlayerControllerUAVComponent
0x0cac4c,830540,36,B,41,B_symbols,,,dotted_name,UAV.LokiPlayerControllerUAVComponent
0x0cac85,830597,11,B,16,B_symbols,,0x26e70f42200,identifier,TSubclassOf
0x0caccd,830669,6,B,11,B_symbols,,0x26e792cfd00,identifier,TArray
0x0cad10,830736,21,B,26,B_symbols,,0x26e6ed76700,identifier,FUAVCharacterGrouping
0x0cad2a,830762,14,B,19,B_symbols,,,dotted_name,UAV.UAVStructs
0x0cad4d,830797,6,B,11,B_symbols,,0x26e6ed90700,identifier,TArray
0x0cad58,830808,14,B,19,B_symbols,,,dotted_name,UAV.UAVStructs
0x0cad9f,830879,33,B,38,B_symbols,,0x26e5f9fa900,identifier,ULokiFuzzyPlayerLocationComponent
0x0cadd9,830937,6,B,11,B_symbols,,0x26e6ef18500,identifier,TArray
0x0cae1c,831004,27,B,32,B_symbols,,0x26e5fa50a00,identifier,ULokiTeamVaultDataComponent
0x0cae50,831056,6,B,11,B_symbols,,0x26e6ed90400,identifier,TArray
0x0cae93,831123,34,B,39,B_symbols,,0x26e7014b200,identifier,FGameEvent_FuzzyPlayerLocation_Add
0x0caece,831182,28,B,33,B_symbols,,0x26e70161f00,identifier,FGameEvent_TeamVaultData_Add
0x0caf03,831235,41,B,46,B_symbols,,0x26e7014a900,identifier,FGameEvent_FuzzyPlayerLocation_LocalRadar
0x0caf45,831301,28,B,33,B_symbols,,0x26e7014b500,identifier,FLokiFuzzyPlayerLocationItem
0x0caf7a,831354,6,B,11,B_symbols,,0x26e7a1c4f00,identifier,TArray
0x0cafbd,831421,20,B,25,B_symbols,,0x26e7014a600,identifier,FLokiLocalRadarEntry
0x0cafea,831466,6,B,11,B_symbols,,0x26e792cfa00,identifier,TArray
0x0cb02d,831533,21,B,26,B_symbols,,0x26e6ed76400,identifier,AUAVVaultContentActor
0x0cb047,831559,24,B,29,B_symbols,,,dotted_name,UAV.UAVVaultContentActor
0x0cb074,831604,12,B,17,B_symbols,,0x26e6ed77000,identifier,AUAVMapActor
0x0cb085,831621,15,B,20,B_symbols,,,dotted_name,UAV.UAVMapActor
0x0cb0a9,831657,37,B,42,B_symbols,,0x26e7014af00,identifier,FGameEvent_FuzzyPlayerLocation_Update
0x0cb0e7,831719,37,B,42,B_symbols,,0x26e7014ac00,identifier,FGameEvent_FuzzyPlayerLocation_Remove
0x0cb125,831781,31,B,36,B_symbols,,0x26e70161c00,identifier,FGameEvent_TeamVaultData_Update
0x0cb15d,831837,31,B,36,B_symbols,,0x26e70161900,identifier,FGameEvent_TeamVaultData_Remove
0x0cb195,831893,39,B,44,B_symbols,,0x26e6ed7fd00,identifier,ULokiWidgetHighlighterHitTestBlocker_AS
0x0cb1c1,831937,38,B,43,B_symbols,,,dotted_name,UI.LokiWidgetHighlighterHitTestBlocker
0x0cb1fc,831996,24,B,29,B_symbols,,0x26e5f96ee00,identifier,UCommonActivatableWidget
0x0cb22d,832045,29,B,34,B_symbols,,0x26e5fa39a00,identifier,ULokiOffscreenIndicatorWidget
0x0cb263,832099,36,B,41,B_symbols,,0x26e6ed7fa00,identifier,ULokiOffscreenTeamIndicatorWidget_AS
0x0cb28c,832140,45,B,50,B_symbols,,,dotted_name,UI.Character.LokiOffscreenTeamIndicatorWidget
0x0cb2ce,832206,8,B,13,B_symbols,,0x26e694a8800,identifier,FRotator
0x0cb2ef,832239,6,B,11,B_symbols,,0x26e5ce1ca00,identifier,ULevel
0x0cb30e,832270,23,B,28,B_symbols,,0x26e5f918500,identifier,UAbilitySystemComponent
0x0cb33e,832318,28,B,33,B_symbols,,0x26e70041900,identifier,FGameplayEffectContextHandle
0x0cb373,832371,12,B,17,B_symbols,,0x26e69f10a00,identifier,FTimerHandle
0x0cb398,832408,25,B,30,B_symbols,,0x26e70040400,identifier,FGameplayEffectSpecHandle
0x0cb3ca,832458,9,B,14,B_symbols,,0x26e694ae200,identifier,FVector2D
0x0cb3ec,832492,11,B,16,B_symbols,,0x26e6ed9a600,identifier,TSubclassOf
0x0cb434,832564,17,B,22,B_symbols,,0x26e5f9f4300,identifier,ALokiDestructible
0x0cb45e,832606,11,B,16,B_symbols,,0x26e7adf2500,identifier,TSubclassOf
0x0cb4a6,832678,10,B,15,B_symbols,,0x26e76c6e800,identifier,ALokiActor
0x0cb4c9,832713,14,B,19,B_symbols,,0x26e6ed99d00,identifier,TArrayIterator
0x0cb514,832788,4,B,9,B_symbols,,0x26e6550b398,other,$obj
0x0cb531,832817,23,B,28,B_symbols,,0x26e70175e00,identifier,FLokiArmoryUniqueEffect
0x0cb561,832865,6,B,11,B_symbols,,0x26e7acc9400,identifier,TArray
0x0cb5a4,832932,14,B,19,B_symbols,,0x26e6ed99400,identifier,TArrayIterator
0x0cb5ef,833007,14,B,19,B_symbols,,0x26e5f9ad600,identifier,UArmoryManager
0x0cb616,833046,18,B,23,B_symbols,,0x26e5fa61300,identifier,UPlayerArmoryModel
0x0cb641,833089,15,B,20,B_symbols,,0x26e5fa61600,identifier,UEquipmentModel
0x0cb669,833129,6,B,11,B_symbols,,0x26e7aee0400,identifier,TArray
0x0cb6ac,833196,14,B,19,B_symbols,,0x26e6ed98800,identifier,TArrayIterator
0x0cb6f7,833271,10,B,15,B_symbols,,0x26e5fa61c00,identifier,UItemModel
0x0cb71a,833306,19,B,24,B_symbols,,0x26e6ed99700,identifier,TArrayConstIterator
0x0cb76a,833386,13,B,18,B_symbols,,0x26e70137300,identifier,FPlayerArmory
0x0cb790,833424,16,B,21,B_symbols,,0x26e5f9d2500,identifier,ULoadAssetHandle
0x0cb7b9,833465,14,B,19,B_symbols,,0x26e76e554c0,identifier,EEndPlayReason
0x0cb7e0,833504,22,B,27,B_symbols,,0x26e76bd9200,identifier,ELokiGameFeatureToggle
0x0cb80f,833551,40,B,45,B_symbols,,0x26e5fa3fa00,identifier,ULokiPlayerControllerArmoryComponentBase
0x0cb850,833616,15,B,20,B_symbols,,0x26e70137900,identifier,FGameArmoryItem
0x0cb878,833656,6,B,11,B_symbols,,0x26e792c9a00,identifier,TArray
0x0cb8bb,833723,14,B,19,B_symbols,,0x26e6ed98500,identifier,TArrayIterator
0x0cb906,833798,33,B,38,B_symbols,,0x26e5fa1a300,identifier,ULokiInventoryComponentComboItems
0x0cb940,833856,27,B,32,B_symbols,,0x26e5fa1a900,identifier,ULokiInventoryComponentBase
0x0cb974,833908,30,B,35,B_symbols,,0x26e76c802e0,identifier,ELokiRemoveFromInventoryReason
0x0cb9ab,833963,25,B,30,B_symbols,,0x26e76c80240,identifier,ELokiAddToInventoryReason
0x0cb9dd,834013,27,B,32,B_symbols,,0x26e5fa4b800,identifier,ALokiServerAnalyticsManager
0x0cba11,834065,27,B,32,B_symbols,,0x26e70167300,identifier,FAnalyticsItemPurchaseEvent
0x0cba45,834117,27,B,32,B_symbols,,0x26e76b7b0a0,identifier,EGameEventStatefulEventType
0x0cba79,834169,11,B,16,B_symbols,,0x26e76c6e500,identifier,AController
0x0cba9d,834205,17,B,22,B_symbols,,0x26e5f9d2200,identifier,ULokiAssetManager
0x0cbac7,834247,19,B,24,B_symbols,,0x26e5f9e7900,identifier,ULokiDataAsset_Base
0x0cbaf3,834291,18,B,23,B_symbols,,0x26e7018d900,identifier,FLokiShopInventory
0x0cbb1e,834334,26,B,31,B_symbols,,0x26e70140100,identifier,FGameEvent_DayNightChanged
0x0cbb51,834385,22,B,27,B_symbols,,0x26e76c82540,identifier,ELokiMinionEnemyFilter
0x0cbb80,834432,29,B,34,B_symbols,,0x26e5fa32e00,identifier,ULokiMinionTargetingComponent
0x0cbbb6,834486,25,B,30,B_symbols,,0x26e694a8e00,identifier,_FMulticastScriptDelegate
0x0cbbe8,834536,17,B,22,B_symbols,,0x26e7659be00,identifier,UDelegateFunction
0x0cbc12,834578,6,B,11,B_symbols,,0x26e69d33d00,identifier,FColor
0x0cbc31,834609,14,B,19,B_symbols,,0x26e6ed97900,identifier,TArrayIterator
0x0cbc7c,834684,19,B,24,B_symbols,,0x26e76bdace0,identifier,EBarracudaPhaseType
0x0cbca8,834728,11,B,16,B_symbols,,0x26e76bdb8c0,identifier,ERoundPhase
0x0cbccc,834764,16,B,21,B_symbols,,0x26e70170d00,identifier,FStartupItemSpec
0x0cbcf5,834805,6,B,11,B_symbols,,0x26e79e0f700,identifier,TArray
0x0cbd38,834872,20,B,25,B_symbols,,0x26e70130d00,identifier,FPlayerKillEventData
0x0cbd65,834917,14,B,19,B_symbols,,0x26e6ed97000,identifier,TArrayIterator
0x0cbdb0,834992,20,B,25,B_symbols,,0x26e76c81a00,identifier,ECurrencyGrantReason
0x0cbddd,835037,10,B,15,B_symbols,,0x26e5fa5b800,identifier,ALokiTower
0x0cbe00,835072,19,B,24,B_symbols,,0x26e6ed97300,identifier,TArrayConstIterator
0x0cbe50,835152,25,B,30,B_symbols,,0x26e5fa5b500,identifier,ALokiTowerDefenseGameMode
0x0cbe82,835202,20,B,25,B_symbols,,0x26e70118800,identifier,FLokiDamageStatistic
0x0cbeaf,835247,12,B,17,B_symbols,,0x26e6ed96700,identifier,TSetIterator
0x0cbef8,835320,12,B,17,B_symbols,,0x26e6ed9fd00,identifier,TSetIterator
0x0cbf41,835393,26,B,31,B_symbols,,0x26e6865d300,identifier,FBarracudaLaneMinionConfig
0x0cbf60,835424,42,B,47,B_symbols,,,dotted_name,Barracuda.Minion.BarracudaLaneMinionConfig
0x0cbf9f,835487,32,B,37,B_symbols,,0x26e6fe4eb60,identifier,EBarracudaMinionGoldRewardMethod
0x0cbfc4,835524,47,B,52,B_symbols,,,dotted_name,Barracuda.Minion.BarracudaMinionRewardComponent
0x0cc008,835592,14,B,19,B_symbols,,0x26e70188800,identifier,FMinionRewards
0x0cc02f,835631,13,B,18,B_symbols,,0x26e5ce31600,identifier,UBoxComponent
0x0cc055,835669,5,B,10,B_symbols,,0x26e62880100,identifier,FQuat
0x0cc073,835699,15,B,20,B_symbols,,0x26e76cfa900,identifier,ANavigationData
0x0cc09b,835739,12,B,17,B_symbols,,0x26e6ed9f700,identifier,TSetIterator
0x0cc0ac,835756,50,B,55,B_symbols,,,dotted_name,Barracuda.Minion.Waypoints.BarracudaMinionWaypoint
0x0cc117,835863,27,B,32,B_symbols,,0x26e5ce30700,identifier,UCharacterMovementComponent
0x0cc14b,835915,22,B,27,B_symbols,,0x26e6a069700,identifier,FBlackboardKeySelector
0x0cc17a,835962,20,B,25,B_symbols,,0x26e76cc5b00,identifier,UBlackboardComponent
0x0cc1a7,836007,24,B,29,B_symbols,,0x26e76cca000,identifier,UBTService_BlueprintBase
0x0cc1d8,836056,26,B,31,B_symbols,,0x26e6865e500,identifier,FBarracudaShopPurchasePlan
0x0cc1f7,836087,28,B,33,B_symbols,,,dotted_name,Barracuda.Shop.BarracudaShop
0x0cc228,836136,12,B,17,B_symbols,,0x26e6ed9f400,identifier,TSetIterator
0x0cc239,836153,28,B,33,B_symbols,,,dotted_name,Barracuda.Shop.BarracudaShop
0x0cc28e,836238,14,B,19,B_symbols,,0x26e6ed9ee00,identifier,TArrayIterator
0x0cc2d9,836313,14,B,19,B_symbols,,0x26e6ed9e800,identifier,TArrayIterator
0x0cc324,836388,23,B,28,B_symbols,,0x26e7018bb00,identifier,FLokiLootTableItemEntry
0x0cc354,836436,6,B,11,B_symbols,,0x26e7adfe500,identifier,TArray
0x0cc397,836503,14,B,19,B_symbols,,0x26e6ed9e200,identifier,TArrayIterator
0x0cc3e2,836578,15,B,20,B_symbols,,0x26e70176100,identifier,FLokiItemRecipe
0x0cc40a,836618,14,B,19,B_symbols,,0x26e6ed9d900,identifier,TArrayIterator
0x0cc455,836693,12,B,17,B_symbols,,0x26e6ed9d300,identifier,TMapIterator
0x0cc466,836710,28,B,33,B_symbols,,,dotted_name,Barracuda.Shop.BarracudaShop
0x0cc4df,836831,14,B,19,B_symbols,,0x26e6ed9cd00,identifier,TArrayIterator
0x0cc4f2,836850,28,B,33,B_symbols,,,dotted_name,Barracuda.Shop.BarracudaShop
0x0cc547,836935,17,B,22,B_symbols,,0x26e6ed9ca00,identifier,TSetConstIterator
0x0cc595,837013,24,B,29,B_symbols,,0x26e6ccc8500,identifier,FLokiReplicationStrategy
0x0cc5c6,837062,11,B,16,B_symbols,,0x26e76e56140,identifier,ESearchCase
0x0cc5ea,837098,10,B,15,B_symbols,,0x26e76e561e0,identifier,ESearchDir
0x0cc60d,837133,17,B,22,B_symbols,,0x26e70175b00,identifier,FItemShopMetadata
0x0cc637,837175,6,B,11,B_symbols,,0x26e70337600,identifier,TArray
0x0cc67a,837242,14,B,19,B_symbols,,0x26e6ef16100,identifier,TArrayIterator
0x0cc6c5,837317,11,B,16,B_symbols,,0x26e76c63700,identifier,UUserWidget
0x0cc6e9,837353,12,B,17,B_symbols,,0x26e76d9a300,identifier,UPanelWidget
0x0cc70e,837390,10,B,15,B_symbols,,0x26e76ca2e00,identifier,UTextBlock
0x0cc731,837425,8,B,13,B_symbols,,0x26e76d9d300,identifier,UOverlay
0x0cc752,837458,16,B,21,B_symbols,,0x26e76826640,identifier,ESlateVisibility
0x0cc77b,837499,7,B,12,B_symbols,,0x26e76c63a00,identifier,UWidget
0x0cc79b,837531,10,B,15,B_symbols,,0x26e76d99a00,identifier,UPanelSlot
0x0cc7be,837566,12,B,17,B_symbols,,0x26e6ef15e00,identifier,TSetIterator
0x0cc807,837639,23,B,28,B_symbols,,0x26e6fe4ec00,identifier,EBarracudaShopValueType
0x0cc823,837667,38,B,43,B_symbols,,,dotted_name,Barracuda.Shop.BarracudaShopItemWidget
0x0cc85e,837726,9,B,14,B_symbols,,0x26e69f16a00,identifier,FGeometry
0x0cc880,837760,11,B,16,B_symbols,,0x26e7aeecd00,identifier,FMinionWave
0x0cc890,837776,41,B,46,B_symbols,,,dotted_name,Barracuda.Spawners.BarracudaMinionSpawner
0x0cc8ce,837838,29,B,34,B_symbols,,0x26e6fe4eca0,identifier,EBarracudaRespawnBehaviorType
0x0cc8f0,837872,41,B,46,B_symbols,,,dotted_name,Barracuda.Spawners.BarracudaMinionSpawner
0x0cc92e,837934,17,B,22,B_symbols,,0x26e5f950100,identifier,UMapIconComponent
0x0cc958,837976,19,B,24,B_symbols,,0x26e5fa6ee00,identifier,UVisibilityReceiver
0x0cc984,838020,18,B,23,B_symbols,,0x26e76bdb960,identifier,ELokiDayNightState
0x0cc9af,838063,14,B,19,B_symbols,,0x26e6ef15200,identifier,TArrayIterator
0x0cc9c2,838082,41,B,46,B_symbols,,,dotted_name,Barracuda.Spawners.BarracudaMinionSpawner
0x0cca24,838180,14,B,19,B_symbols,,0x26e5ce5e500,identifier,AGameStateBase
0x0cca4b,838219,14,B,19,B_symbols,,0x26e6ef14c00,identifier,TArrayIterator
0x0cca5e,838238,41,B,46,B_symbols,,,dotted_name,Barracuda.Spawners.BarracudaMinionSpawner
0x0ccac0,838336,14,B,19,B_symbols,,0x26e6ef14000,identifier,TArrayIterator
0x0ccb0b,838411,19,B,24,B_symbols,,0x26e6ef14900,identifier,TArrayConstIterator
0x0ccb5b,838491,14,B,19,B_symbols,,0x26e6ef13700,identifier,TArrayIterator
0x0ccba6,838566,12,B,17,B_symbols,,0x26e7682a240,identifier,ENetDormancy
0x0ccbcb,838603,18,B,23,B_symbols,,0x26e76db1900,identifier,UMaterialInterface
0x0ccbf6,838646,15,B,20,B_symbols,,0x26e5ce30100,identifier,UDecalComponent
0x0ccc1e,838686,17,B,22,B_symbols,,0x26e770cbaa0,identifier,EMIDCreationFlags
0x0ccc48,838728,24,B,29,B_symbols,,0x26e5ce78200,identifier,UMaterialInstanceDynamic
0x0ccc79,838777,20,B,25,B_symbols,,0x26e76c61f00,identifier,UStaticMeshComponent
0x0ccca6,838822,11,B,16,B_symbols,,0x26e5cea4600,identifier,UStaticMesh
0x0cccca,838858,4,B,9,B_symbols,,0x26e694a6700,identifier,FBox
0x0ccce7,838887,14,B,19,B_symbols,,0x26e5f9de200,identifier,ALokiHeightMap
0x0ccd0e,838926,11,B,16,B_symbols,,0x26e6ef13100,identifier,TSubclassOf
0x0ccd56,838998,17,B,22,B_symbols,,0x26e76823d00,identifier,ECollisionEnabled
0x0ccd80,839040,14,B,19,B_symbols,,0x26e5ec0d000,identifier,UAkSwitchValue
0x0ccda7,839079,23,B,28,B_symbols,,0x26e5fa50100,identifier,ALokiTemporaryFloorBase
0x0ccdd7,839127,16,B,21,B_symbols,,0x26e5ce37300,identifier,USplineComponent
0x0cce00,839168,22,B,27,B_symbols,,0x26e770cca40,identifier,ESplineCoordinateSpace
0x0cce2f,839215,12,B,17,B_symbols,,0x26e694af700,identifier,FLinearColor
0x0cce54,839252,23,B,28,B_symbols,,0x26e5f9e0100,identifier,ULokiDisplayableAbility
0x0cce84,839300,17,B,22,B_symbols,,0x26e6ed74c00,identifier,FLaserTraceResult
0x0cce9a,839322,30,B,35,B_symbols,,,dotted_name,Core.AimingVis.LokiAimingLaser
0x0ccecd,839373,11,B,16,B_symbols,,0x26e6ed94c00,identifier,TSubclassOf
0x0ccedd,839389,30,B,35,B_symbols,,,dotted_name,Core.AimingVis.LokiAimingLaser
0x0ccf34,839476,14,B,19,B_symbols,,0x26e5cf01c00,identifier,UNiagaraSystem
0x0ccf5b,839515,17,B,22,B_symbols,,0x26e5cf17f00,identifier,UNiagaraComponent
0x0ccf85,839557,28,B,33,B_symbols,,0x26e5fa43400,identifier,ULokiProjectilePathComponent
0x0ccfba,839610,11,B,16,B_symbols,,0x26e5ce3e500,identifier,UCurveFloat
0x0ccfde,839646,27,B,32,B_symbols,,0x26e76c81be0,identifier,ELokiProjectionDistanceType
0x0cd012,839698,15,B,20,B_symbols,,0x26e76e55b00,identifier,EDrawDebugTrace
0x0cd03a,839738,14,B,19,B_symbols,,0x26e6ef12800,identifier,TArrayIterator
0x0cd085,839813,17,B,22,B_symbols,,0x26e76823da0,identifier,ECollisionChannel
0x0cd0af,839855,14,B,19,B_symbols,,0x26e6ef12500,identifier,TArrayIterator
0x0cd0fa,839930,15,B,20,B_symbols,,0x26e76823a80,identifier,EAttachmentRule
0x0cd122,839970,12,B,17,B_symbols,,0x26e76bd90c0,identifier,ELivingState
0x0cd147,840007,11,B,16,B_symbols,,0x26e6ed94600,identifier,TSubclassOf
0x0cd157,840023,41,B,46,B_symbols,,,dotted_name,Core.AimingVis.LokiAimingLaserRangeMarker
0x0cd1b9,840121,19,B,24,B_symbols,,0x26e70041c00,identifier,FGameplayEffectSpec
0x0cd1e5,840165,19,B,24,B_symbols,,0x26e6ed94000,identifier,TArrayConstIterator
0x0cd235,840245,31,B,36,B_symbols,,0x26e5fa1e200,identifier,ULokiMajorStatusEffectComponent
0x0cd26d,840301,23,B,28,B_symbols,,0x26e5f9f5b00,identifier,ALokiDayNightController
0x0cd29d,840349,11,B,16,B_symbols,,0x26e6ed94900,identifier,TSubclassOf
0x0cd2e5,840421,14,B,19,B_symbols,,0x26e6ef11c00,identifier,TArrayIterator
0x0cd330,840496,12,B,17,B_symbols,,0x26e5ce91000,identifier,APlayerStart
0x0cd355,840533,11,B,16,B_symbols,,0x26e78a5a300,identifier,TSubclassOf
0x0cd39d,840605,17,B,22,B_symbols,,0x26e5ce34000,identifier,APlayerController
0x0cd3c7,840647,14,B,19,B_symbols,,0x26e6ef11300,identifier,TArrayIterator
0x0cd412,840722,14,B,19,B_symbols,,0x26e6ef10a00,identifier,TArrayIterator
0x0cd45d,840797,19,B,24,B_symbols,,0x26e5f9f2b00,identifier,ALokiDropInGameMode
0x0cd489,840841,12,B,17,B_symbols,,0x26e6ef10700,identifier,TSetIterator
0x0cd4d2,840914,14,B,19,B_symbols,,0x26e6ef1c400,identifier,TArrayIterator
0x0cd51d,840989,21,B,26,B_symbols,,0x26e76c80e20,identifier,ELokiRandomStreamType
0x0cd54b,841035,14,B,19,B_symbols,,0x26e6ed93400,identifier,TArrayIterator
0x0cd596,841110,27,B,32,B_symbols,,0x26e76bde840,identifier,ELokiMovementInputDirection
0x0cd5ca,841162,6,B,11,B_symbols,,0x26e76cf7900,identifier,UWorld
0x0cd5e9,841193,23,B,28,B_symbols,,0x26e76bde980,identifier,ELokiCrewPodDetachState
0x0cd619,841241,16,B,21,B_symbols,,0x26e5f9fa600,identifier,ALokiGameAugment
0x0cd642,841282,11,B,16,B_symbols,,0x26e792cf700,identifier,TSubclassOf
0x0cd68a,841354,18,B,23,B_symbols,,0x26e6ed70100,identifier,FLokiPodDetachData
0x0cd6a1,841377,30,B,35,B_symbols,,,dotted_name,GameMode.DropPhase.LokiDropPod
0x0cd6d4,841428,44,B,49,B_symbols,,0x26e7014f100,identifier,FGameEvent_OnDropPodStateChanged_PlayerState
0x0cd719,841497,40,B,45,B_symbols,,0x26e70140400,identifier,FGameEvent_CrewDropPodDetach_PlayerState
0x0cd75a,841562,42,B,47,B_symbols,,0x26e70149700,identifier,FGameEvent_LeaderDropPodDetach_PlayerState
0x0cd79d,841629,17,B,22,B_symbols,,0x26e76bdea20,identifier,ELokiDropPodState
0x0cd7c7,841671,14,B,19,B_symbols,,0x26e6ef1bb00,identifier,TArrayIterator
0x0cd7da,841690,30,B,35,B_symbols,,,dotted_name,GameMode.DropPhase.LokiDropPod
0x0cd831,841777,18,B,23,B_symbols,,0x26e76da4000,identifier,UMovementComponent
0x0cd85c,841820,24,B,29,B_symbols,,0x26e7682eac0,identifier,EViewTargetBlendFunction
0x0cd88d,841869,25,B,30,B_symbols,,0x26e76bde8e0,identifier,ELokiLeaderPodDetachState
0x0cd8bf,841919,14,B,19,B_symbols,,0x26e5f9f1f00,identifier,ALokiDropPlane
0x0cd8e6,841958,34,B,39,B_symbols,,0x26e76827cc0,identifier,ESpawnActorCollisionHandlingMethod
0x0cd921,842017,22,B,27,B_symbols,,0x26e76e51d20,identifier,ESpawnActorScaleMethod
0x0cd950,842064,23,B,28,B_symbols,,0x26e76823940,identifier,ERelativeTransformSpace
0x0cd980,842112,21,B,26,B_symbols,,0x26e76ca9700,identifier,USkinnedMeshComponent
0x0cd9ae,842158,46,B,51,B_symbols,,0x26e70163d00,identifier,FGameEvent_PodMoveDirectionChanged_PlayerState
0x0cd9f5,842229,15,B,20,B_symbols,,0x26e6ed7a900,identifier,FLokiUsableData
0x0cda09,842249,42,B,47,B_symbols,,,dotted_name,Interaction.LokiInteractionPlayerComponent
0x0cda48,842312,35,B,40,B_symbols,,0x26e70162b00,identifier,FGameEvent_SpellOutcome_PlayerState
0x0cda84,842372,24,B,29,B_symbols,,0x26e70162800,identifier,FLokiSpellInstanceTarget
0x0cdab5,842421,6,B,11,B_symbols,,0x26e792ceb00,identifier,TArray
0x0cdaf8,842488,19,B,24,B_symbols,,0x26e6ef1b500,identifier,TArrayConstIterator
0x0cdb48,842568,31,B,36,B_symbols,,0x26e76c82ea0,identifier,ELokiUsableInteractionEndResult
0x0cdb80,842624,28,B,33,B_symbols,,0x26e76c83260,identifier,ELokiUsableActionNetworkType
0x0cdbb5,842677,31,B,36,B_symbols,,0x26e76c83120,identifier,ELokiUsableInteractionInputType
0x0cdbed,842733,16,B,21,B_symbols,,0x26e5f934300,identifier,UGameplayAbility
0x0cdc16,842774,29,B,34,B_symbols,,0x26e76c82fe0,identifier,ELokiUsableInteractionRepress
0x0cdc4c,842828,31,B,36,B_symbols,,0x26e5fa3eb00,identifier,ULokiPlayerInteractionComponent
0x0cdc84,842884,11,B,16,B_symbols,,0x26e6ed91f00,identifier,TSubclassOf
0x0cdc94,842900,13,B,18,B_symbols,,,dotted_name,Items.LokiGem
0x0cdcda,842970,12,B,17,B_symbols,,0x26e5fa15800,identifier,ALokiGemBase
0x0cdcff,843007,16,B,21,B_symbols,,0x26e5ce3bb00,identifier,USphereComponent
0x0cdd28,843048,22,B,27,B_symbols,,0x26e7004be00,identifier,FGameplayCueParameters
0x0cdd57,843095,12,B,17,B_symbols,,0x26e5fa17600,identifier,ALokiLoadout
0x0cdd7c,843132,11,B,16,B_symbols,,0x26e7a1c3100,identifier,TSubclassOf
0x0cddc4,843204,18,B,23,B_symbols,,0x26e70040a00,identifier,FGameplayAttribute
0x0cddef,843247,6,B,11,B_symbols,,0x26e79544600,identifier,TArray
0x0cde32,843314,14,B,19,B_symbols,,0x26e6ef1ac00,identifier,TArrayIterator
0x0cde7d,843389,14,B,19,B_symbols,,0x26e6ef1a600,identifier,TArrayIterator
0x0cdec8,843464,14,B,19,B_symbols,,0x26e6ef1a000,identifier,TArrayIterator
0x0cdf13,843539,12,B,17,B_symbols,,0x26e69f19d00,identifier,FAIRequestID
0x0cdf38,843576,20,B,25,B_symbols,,0x26e76b78120,identifier,EPathFollowingResult
0x0cdf65,843621,27,B,32,B_symbols,,0x26e76b7b5a0,identifier,EPathFollowingRequestResult
0x0cdf99,843673,21,B,26,B_symbols,,0x26e5fa15e00,identifier,ULokiGameUserSettings
0x0cdfc7,843719,11,B,16,B_symbols,,0x26e6ed90d00,identifier,TSubclassOf
0x0ce00f,843791,14,B,19,B_symbols,,0x26e6ed76d00,identifier,FLokiUAVConfig
0x0ce022,843810,14,B,19,B_symbols,,,dotted_name,UAV.UAVStructs
0x0ce045,843845,19,B,24,B_symbols,,0x26e5fa17900,identifier,ULivingStateMachine
0x0ce071,843889,11,B,16,B_symbols,,0x26e6ed90100,identifier,TSubclassOf
0x0ce081,843905,18,B,23,B_symbols,,,dotted_name,UAV.UAVAudioPlayer
0x0ce0cc,843980,14,B,19,B_symbols,,0x26e6ed91000,identifier,TArrayIterator
0x0ce0df,843999,22,B,27,B_symbols,,,dotted_name,Vault.VaultItemSpawner
0x0ce12e,844078,14,B,19,B_symbols,,0x26e6ef19100,identifier,TArrayIterator
0x0ce141,844097,14,B,19,B_symbols,,,dotted_name,UAV.UAVStructs
0x0ce188,844168,22,B,27,B_symbols,,0x26e70162200,identifier,FLokiTeamVaultDataItem
0x0ce1b7,844215,14,B,19,B_symbols,,0x26e6ef18800,identifier,TArrayIterator
0x0ce1ca,844234,14,B,19,B_symbols,,,dotted_name,UAV.UAVStructs
0x0ce211,844305,19,B,24,B_symbols,,0x26e6ed9a000,identifier,TArrayConstIterator
0x0ce261,844385,17,B,22,B_symbols,,0x26e6ed96a00,identifier,TSetConstIterator
0x0ce2af,844463,14,B,19,B_symbols,,0x26e6ef17c00,identifier,TArrayIterator
0x0ce2fa,844538,19,B,24,B_symbols,,0x26e6ef18200,identifier,TArrayConstIterator
0x0ce34a,844618,19,B,24,B_symbols,,0x26e6ef13a00,identifier,TArrayConstIterator
0x0ce39a,844698,11,B,16,B_symbols,,0x26e6ed9bb00,identifier,TSubclassOf
0x0ce3aa,844714,15,B,20,B_symbols,,,dotted_name,UAV.UAVMapActor
0x0ce3f2,844786,11,B,16,B_symbols,,0x26e6ed9b800,identifier,TSubclassOf
0x0ce402,844802,24,B,29,B_symbols,,,dotted_name,UAV.UAVVaultContentActor
0x0ce453,844883,14,B,19,B_symbols,,0x26e6ef17900,identifier,TArrayIterator
0x0ce49e,844958,16,B,21,B_symbols,,0x26e76d98500,identifier,UCanvasPanelSlot
0x0ce4c7,844999,33,B,38,B_symbols,,0x26e5fa39100,identifier,ULokiOffscreenTeamIndicatorWidget
0x0ce87e,845950,2,A,6,B_symbols,,,suspect_short,3
0x0cf38e,848782,2,A,6,B_symbols,,,suspect_short,/
0x0cfea1,851617,9,B,14,B_symbols,,0x26e7a0a1740,identifier,GetHealth
0x0cfefb,851707,12,B,17,B_symbols,,0x26e7a0a13c0,identifier,GetMaxHealth
0x0cff58,851800,15,B,20,B_symbols,,0x26e7a0a1580,identifier,GetMaxBoostFuel
0x0cffb8,851896,11,B,16,B_symbols,,0x26e7ad7a180,identifier,StaticClass
0x0cffcc,851916,31,B,36,B_symbols,,,identifier,ULokiCharacterMovementComponent
0x0d0034,852020,3,B,8,B_symbols,,0x26e7039ac00,identifier,IsA
0x0d00ac,852140,5,B,10,B_symbols,,0x26e69d22380,internal_symbol,$beh0
0x0d0126,852262,8,B,13,B_symbols,,0x26e796b4300,identifier,ToString
0x0d017f,852351,16,B,21,B_symbols,,0x26e70396600,identifier,GetDefaultObject
0x0d01e0,852448,6,B,11,B_symbols,,0x26e703aaf80,identifier,Format
0x0d01ef,852463,5,B,10,B_symbols,,,identifier,FText
0x0d0285,852613,7,B,12,B_symbols,,0x26e6ee83dc0,identifier,IsValid
0x0d02dd,852701,3,B,8,B_symbols,,0x26e6ee83c00,identifier,Get
0x0d0331,852785,16,B,21,B_symbols,,0x26e7968b140,identifier,RegisterForEvent
0x0d0446,853062,14,B,19,B_symbols,,0x26e7968b4c0,identifier,BroadcastEvent
0x0d04ed,853229,13,B,18,B_symbols,,0x26e712ac800,identifier,BindUFunction
0x0d0593,853395,13,B,18,B_symbols,,0x26e71014300,identifier,BindUFunction
0x0d0639,853561,9,B,14,B_symbols,,0x26e6ee88ac0,identifier,LoadAsync
0x0d06b7,853687,14,B,19,B_symbols,,0x26e7a62c640,identifier,SetbReplicates
0x0d073a,853818,21,B,26,B_symbols,,0x26e7a62bbc0,identifier,SetbExcludeFromClient
0x0d07c4,853956,11,B,16,B_symbols,,0x26e7ae58740,identifier,StaticClass
0x0d07d8,853976,20,B,25,B_symbols,,,identifier,ALokiMinionCharacter
0x0d0835,854069,11,B,16,B_symbols,,0x26e7ae2e240,identifier,StaticClass
0x0d0849,854089,18,B,23,B_symbols,,,identifier,ALokiHeroCharacter
0x0d08a4,854180,12,B,17,B_symbols,,0x26e771b4bc0,identifier,AddUFunction
0x0d0949,854345,20,B,25,B_symbols,,0x26e703898c0,identifier,IntegerDivisionTrunc
0x0d0966,854374,4,B,9,B_symbols,,,identifier,Math
0x0d09fb,854523,19,B,24,B_symbols,,0x26e79b205c0,identifier,SphereOverlapActors
0x0d0a17,854551,6,B,11,B_symbols,,,identifier,System
0x0d0b62,854882,12,B,17,B_symbols,,0x26e7721f580,identifier,AddUFunction
0x0d0c07,855047,14,B,19,B_symbols,,0x26e7a6291c0,identifier,SetbReplicates
0x0d0c8a,855178,19,B,24,B_symbols,,0x26e7a623f80,identifier,SetbNetLoadOnClient
0x0d0d12,855314,17,B,22,B_symbols,,0x26e78a1adc0,identifier,GetbWalkableFloor
0x0d0d74,855412,5,B,10,B_symbols,,0x26e6ef03f80,internal_symbol,$beh0
0x0d0dee,855534,6,B,11,B_symbols,,0x26e6ef03c00,identifier,IsNull
0x0d0e45,855621,5,B,10,B_symbols,,0x26e789e9700,internal_symbol,$beh2
0x0d0e9b,855707,23,B,28,B_symbols,,0x26e79b1fac0,identifier,LoadClassAsset_Blocking
0x0d0ebb,855739,6,B,11,B_symbols,,,identifier,System
0x0d0f2e,855854,9,B,14,B_symbols,,0x26e70399c40,identifier,NewObject
0x0d1018,856088,6,B,11,B_symbols,,0x26e796af3c0,identifier,Append
0x0d1093,856211,6,B,11,B_symbols,,0x26e796b44c0,identifier,Append
0x0d110e,856334,18,B,23,B_symbols,,0x26e7a624a00,identifier,SetbAlwaysRelevant
0x0d1195,856469,7,B,12,B_symbols,,0x26e70638e40,identifier,Handled
0x0d11a5,856485,11,B,16,B_symbols,,,identifier,FEventReply
0x0d11f9,856569,17,B,22,B_symbols,,0x26e70633f80,identifier,IsMouseButtonDown
0x0d127f,856703,12,B,17,B_symbols,,0x26e711e98c0,identifier,AddUFunction
0x0d1324,856868,12,B,17,B_symbols,,0x26e711e3a40,identifier,AddUFunction
0x0d13c9,857033,12,B,17,B_symbols,,0x26e7719ee80,identifier,AddUFunction
0x0d146e,857198,19,B,24,B_symbols,,0x26e7b1a28c0,identifier,GetAllActorsOfClass
0x0d151a,857370,12,B,17,B_symbols,,0x26e77220940,identifier,AddUFunction
0x0d15bf,857535,21,B,26,B_symbols,,0x26e69d252c0,identifier,GetBoundingBoxExtents
0x0d1625,857637,11,B,16,B_symbols,,0x26e7ad74f40,identifier,StaticClass
0x0d1639,857657,14,B,19,B_symbols,,,identifier,ALokiCharacter
0x0d1690,857744,24,B,29,B_symbols,,0x26e788b4680,identifier,SetbStartWithTickEnabled
0x0d171d,857885,30,B,35,B_symbols,,0x26e788b44c0,identifier,SetbAllowTickOnDedicatedServer
0x0d17b0,858032,16,B,21,B_symbols,,0x26e7a62f580,identifier,SetbHiddenInGame
0x0d1835,858165,22,B,27,B_symbols,,0x26e799ff3c0,identifier,GetRootTransformAtTime
0x0d18e4,858340,16,B,21,B_symbols,,0x26e7aa29a80,identifier,GetCapsuleRadius
0x0d1945,858437,16,B,21,B_symbols,,0x26e7a62f740,identifier,GetbHiddenInGame
0x0d19a6,858534,12,B,17,B_symbols,,0x26e77214f40,identifier,AddUFunction
0x0d1a4b,858699,5,B,10,B_symbols,,0x26e7125f200,internal_symbol,$beh0
0x0d1ae9,858857,12,B,17,B_symbols,,0x26e711bb840,identifier,AddUFunction
0x0d1b8e,859022,13,B,18,B_symbols,,0x26e7a628740,identifier,SetInstigator
0x0d1c10,859152,30,B,35,B_symbols,,0x26e7a0ac640,identifier,GetHeroAssetFromPrimaryAssetId
0x0d1c37,859191,16,B,21,B_symbols,,,identifier,ULokiAssetLoader
0x0d1cfc,859388,9,B,14,B_symbols,,0x26e7719e080,identifier,Broadcast
0x0d1d56,859478,12,B,17,B_symbols,,0x26e7719e5c0,identifier,AddUFunction
0x0d1dfb,859643,12,B,17,B_symbols,,0x26e77116ec0,identifier,AddUFunction
0x0d1ea0,859808,26,B,31,B_symbols,,0x26e7b1a2540,identifier,GetAllActorsOfClassWithTag
0x0d1f53,859987,6,B,11,B_symbols,,0x26e796b3dc0,identifier,Append
0x0d1fce,860110,13,B,18,B_symbols,,0x26e77119a80,identifier,BindUFunction
0x0d2074,860276,7,B,12,B_symbols,,0x26e6ef2e780,identifier,GetKeys
0x0d20f0,860400,5,B,10,B_symbols,,0x26e628a5640,internal_symbol,$beh0
0x0d2146,860486,19,B,24,B_symbols,,0x26e7addd600,identifier,GetPilotPlayerState
0x0d21aa,860586,24,B,29,B_symbols,,0x26e786b4d80,identifier,SetbStartWithTickEnabled
0x0d2237,860727,3,B,8,B_symbols,,0x26e7b13a500,identifier,Get
0x0d2243,860739,18,B,23,B_symbols,,,identifier,ULokiTeamComponent
0x0d22e6,860902,12,B,17,B_symbols,,0x26e711ebbc0,identifier,AddUFunction
0x0d238b,861067,3,B,8,B_symbols,,0x26e7b0ac9c0,identifier,Get
0x0d2397,861079,22,B,27,B_symbols,,,identifier,USkeletalMeshComponent
0x0d243e,861246,3,B,8,B_symbols,,0x26e7b0c5d40,identifier,Get
0x0d244a,861258,28,B,33,B_symbols,,,identifier,UProjectileMovementComponent
0x0d24f7,861431,3,B,8,B_symbols,,0x26e7b0bcd40,identifier,Get
0x0d2503,861443,17,B,22,B_symbols,,,identifier,UCapsuleComponent
0x0d25a5,861605,3,B,8,B_symbols,,0x26e7b135100,identifier,Get
0x0d25b1,861617,22,B,27,B_symbols,,,identifier,ULokiRideableComponent
0x0d2658,861784,3,B,8,B_symbols,,0x26e7b113880,identifier,Get
0x0d2664,861796,32,B,37,B_symbols,,,identifier,ULokiCharacterSpringArmComponent
0x0d2715,861973,3,B,8,B_symbols,,0x26e7b0aba00,identifier,Get
0x0d2721,861985,16,B,21,B_symbols,,,identifier,UCameraComponent
0x0d27c2,862146,3,B,8,B_symbols,,0x26e7b1321c0,identifier,Get
0x0d27ce,862158,29,B,34,B_symbols,,,identifier,ULokiPlayerDropPlaneComponent
0x0d287c,862332,5,B,10,B_symbols,,0x26e6ef55100,internal_symbol,$beh0
0x0d28d2,862418,8,B,13,B_symbols,,0x26e786b9700,internal_symbol,opAssign
0x0d294f,862543,8,B,13,B_symbols,,0x26e6ef55640,internal_symbol,opEquals
0x0d29cc,862668,3,B,8,B_symbols,,0x26e7b139540,identifier,Get
0x0d29d8,862680,20,B,25,B_symbols,,,identifier,ULokiUsableComponent
0x0d2a7d,862845,12,B,17,B_symbols,,0x26e77172e00,identifier,AddUFunction
0x0d2b22,863010,3,B,8,B_symbols,,0x26e7b11a180,identifier,Get
0x0d2b2e,863022,24,B,29,B_symbols,,,identifier,ULokiHeroUsableComponent
0x0d2bd7,863191,12,B,17,B_symbols,,0x26e71188ac0,identifier,AddUFunction
0x0d2c7c,863356,12,B,17,B_symbols,,0x26e711b59c0,identifier,AddUFunction
0x0d2d21,863521,25,B,30,B_symbols,,0x26e7a25bd80,identifier,InitializeLocalSpellInput
0x0d2daf,863663,6,B,11,B_symbols,,0x26e7721f3c0,identifier,Unbind
0x0d2e4e,863822,11,B,16,B_symbols,,0x26e7aa52fc0,identifier,SetMaxSpeed
0x0d2ece,863950,30,B,35,B_symbols,,0x26e786b4bc0,identifier,SetbAllowTickOnDedicatedServer
0x0d2f61,864097,12,B,17,B_symbols,,0x26e772291c0,identifier,AddUFunction
0x0d3006,864262,12,B,17,B_symbols,,0x26e77228e40,identifier,UnbindObject
0x0d3087,864391,12,B,17,B_symbols,,0x26e70fff200,identifier,AddUFunction
0x0d312c,864556,11,B,16,B_symbols,,0x26e7ad79540,identifier,StaticClass
0x0d3140,864576,32,B,37,B_symbols,,,identifier,ULokiCharacterSpringArmComponent
0x0d31a9,864681,21,B,26,B_symbols,,0x26e7a62b840,identifier,SetbExcludeFromServer
0x0d3233,864819,23,B,28,B_symbols,,0x26e7a324a00,identifier,GetClientCursorLocation
0x0d329b,864923,19,B,24,B_symbols,,0x26e7b1a2a80,identifier,GetAllActorsOfClass
0x0d3323,865059,11,B,16,B_symbols,,0x26e7acd9700,identifier,StaticClass
0x0d3337,865079,24,B,29,B_symbols,,,identifier,UCommonActivatableWidget
0x0d3398,865176,15,B,20,B_symbols,,0x26e62726980,identifier,ALokiAirship_AS
0x0d33ac,865196,19,B,24,B_symbols,,,dotted_name,Airship.LokiAirship
0x0d340c,865292,10,B,15,B_symbols,,0x26e6ee86d00,internal_symbol,opImplConv
0x0d3467,865383,3,B,8,B_symbols,,0x26e6ee86b40,identifier,Get
0x0d34bb,865467,5,B,10,B_symbols,,0x26e6ee86980,internal_symbol,$beh0
0x0d3535,865589,10,B,15,B_symbols,,0x26e7b1a2380,identifier,SpawnActor
0x0d3668,865896,6,B,11,B_symbols,,0x26e7039a340,internal_symbol,opCast
0x0d36e3,866019,5,B,10,B_symbols,,0x26e78761c80,internal_symbol,$beh0
0x0d3739,866105,6,B,11,B_symbols,,0x26e79f6e780,identifier,AddTag
0x0d37b4,866228,34,B,39,B_symbols,,0x26e79e798c0,identifier,RemoveActiveEffectsWithGrantedTags
0x0d384b,866379,12,B,17,B_symbols,,0x26e6ee83180,identifier,IsValidIndex
0x0d38cc,866508,5,B,10,B_symbols,,0x26e6ee82700,internal_symbol,$beh0
0x0d3922,866594,7,B,12,B_symbols,,0x26e6ee82e00,internal_symbol,opIndex
0x0d399e,866718,8,B,13,B_symbols,,0x26e78f90240,internal_symbol,opAssign
0x0d3a1b,866843,8,B,13,B_symbols,,0x26e6ee82c40,internal_symbol,opEquals
0x0d3a98,866968,5,B,10,B_symbols,,0x26e6ee82540,internal_symbol,$beh0
0x0d3b12,867090,17,B,22,B_symbols,,0x26e79e79fc0,identifier,MakeEffectContext
0x0d3b74,867188,25,B,30,B_symbols,,0x26e79e721c0,identifier,ApplyGameplayEffectToSelf
0x0d3c6e,867438,8,B,13,B_symbols,,0x26e78f93880,internal_symbol,opAssign
0x0d3ceb,867563,5,B,10,B_symbols,,0x26e78f7e940,internal_symbol,$beh2
0x0d3d41,867649,5,B,10,B_symbols,,0x26e78f7c2c0,internal_symbol,$beh2
0x0d3d97,867735,5,B,10,B_symbols,,0x26e78761ac0,internal_symbol,$beh2
0x0d3ded,867821,12,B,17,B_symbols,,0x26e7a132a80,identifier,LokiIsServer
0x0d3e02,867842,4,B,9,B_symbols,,,identifier,Loki
0x0d3e73,867955,13,B,18,B_symbols,,0x26e69d20cc0,internal_symbol,__STATIC_NAME
0x0d3ef5,868085,8,B,13,B_symbols,,0x26e79b1c480,identifier,SetTimer
0x0d3f06,868102,6,B,11,B_symbols,,,identifier,System
0x0d4051,868433,5,B,10,B_symbols,,0x26e786b8c80,internal_symbol,$beh2
0x0d40a7,868519,11,B,16,B_symbols,,0x26e6e83c9c0,identifier,GetStrength
0x0d40b7,868535,19,B,24,B_symbols,,,dotted_name,Airship.LokiAirship
0x0d4117,868631,13,B,18,B_symbols,,0x26e69d2f3c0,identifier,IsNearlyEqual
0x0d412d,868653,4,B,9,B_symbols,,,identifier,Math
0x0d41e6,868838,14,B,19,B_symbols,,0x26e6e83cf00,identifier,SetDamagePhase
0x0d41f9,868857,19,B,24,B_symbols,,,dotted_name,Airship.LokiAirship
0x0d427d,868989,3,B,8,B_symbols,,0x26e70382a80,identifier,Min
0x0d4289,869001,4,B,9,B_symbols,,,identifier,Math
0x0d431e,869150,12,B,17,B_symbols,,0x26e7a089c40,identifier,AdjustHealth
0x0d439f,869279,8,B,13,B_symbols,,0x26e7a0a1040,identifier,GetPilot
0x0d43f8,869368,16,B,21,B_symbols,,0x26e79e79e00,identifier,MakeOutgoingSpec
0x0d44c5,869573,22,B,27,B_symbols,,0x26e79e78740,identifier,HasMatchingGameplayTag
0x0d4550,869712,29,B,34,B_symbols,,0x26e79e944c0,identifier,AssignTagSetByCallerMagnitude
0x0d4576,869750,13,B,18,B_symbols,,,identifier,AbilitySystem
0x0d4638,869944,8,B,13,B_symbols,,0x26e78f93180,internal_symbol,opAssign
0x0d46b5,870069,5,B,10,B_symbols,,0x26e78f93500,internal_symbol,$beh2
0x0d470b,870155,29,B,34,B_symbols,,0x26e79e728c0,identifier,ApplyGameplayEffectSpecToSelf
0x0d479d,870301,11,B,16,B_symbols,,0x26e7a410940,identifier,IsEnemyTeam
0x0d47b1,870321,8,B,13,B_symbols,,,identifier,LokiTeam
0x0d484a,870474,29,B,34,B_symbols,,0x26e6e83fac0,identifier,HasRecentlyCollidedWithTarget
0x0d486c,870508,19,B,24,B_symbols,,,dotted_name,Airship.LokiAirship
0x0d48f0,870640,13,B,18,B_symbols,,0x26e79aaf740,identifier,GetServerTime
0x0d4906,870662,8,B,13,B_symbols,,,identifier,Gameplay
0x0d497b,870779,3,B,8,B_symbols,,0x26e6ee82000,identifier,Add
0x0d4a17,870935,11,B,16,B_symbols,,0x26e7970fe40,identifier,GetVelocity
0x0d4a73,871027,5,B,10,B_symbols,,0x26e69d01740,internal_symbol,$beh0
0x0d4b35,871221,5,B,10,B_symbols,,0x26e69d00cc0,internal_symbol,opSub
0x0d4baf,871343,6,B,11,B_symbols,,0x26e69d04840,identifier,Size2D
0x0d4c06,871430,16,B,21,B_symbols,,0x26e79712e00,identifier,GetActorLocation
0x0d4c67,871527,9,B,14,B_symbols,,0x26e69d04140,identifier,Normalize
0x0d4ce5,871653,23,B,28,B_symbols,,0x26e7a0a2380,identifier,GetAirshipForwardVector
0x0d4d4d,871757,10,B,15,B_symbols,,0x26e69d06280,identifier,DotProduct
0x0d4dcc,871884,4,B,9,B_symbols,,0x26e7035ba00,identifier,Acos
0x0d4dd9,871897,4,B,9,B_symbols,,,identifier,Math
0x0d4e4a,872010,16,B,21,B_symbols,,0x26e70352fc0,identifier,RadiansToDegrees
0x0d4e63,872035,4,B,9,B_symbols,,,identifier,Math
0x0d4ed4,872148,5,B,10,B_symbols,,0x26e69c5b840,internal_symbol,$beh0
0x0d4f72,872306,26,B,31,B_symbols,,0x26e70381200,identifier,GetMappedRangeValueClamped
0x0d4f95,872341,4,B,9,B_symbols,,,identifier,Math
0x0d504e,872526,27,B,32,B_symbols,,0x26e62726d00,identifier,ApplyGenericCollisionDamage
0x0d506e,872558,19,B,24,B_symbols,,,dotted_name,Airship.LokiAirship
0x0d5116,872726,11,B,16,B_symbols,,0x26e69d00240,internal_symbol,opMulAssign
0x0d5196,872854,5,B,10,B_symbols,,0x26e69d00780,internal_symbol,opMul
0x0d5210,872976,20,B,25,B_symbols,,0x26e6e83c100,identifier,ImpulseAllPassengers
0x0d5229,873001,19,B,24,B_symbols,,,dotted_name,Airship.LokiAirship
0x0d52d1,873169,25,B,30,B_symbols,,0x26e79e99000,identifier,GetAbilitySystemComponent
0x0d52f3,873203,13,B,18,B_symbols,,,identifier,AbilitySystem
0x0d536d,873325,31,B,36,B_symbols,,0x26e79e72700,identifier,ApplyGameplayEffectSpecToTarget
0x0d5425,873509,8,B,13,B_symbols,,0x26e6ee81e40,identifier,Contains
0x0d54a2,873634,7,B,12,B_symbols,,0x26e6ee81ac0,internal_symbol,opIndex
0x0d551e,873758,18,B,23,B_symbols,,0x26e703ae080,identifier,RequestGameplayTag
0x0d5539,873785,12,B,17,B_symbols,,,identifier,FGameplayTag
0x0d55d6,873942,22,B,27,B_symbols,,0x26e7a11b840,identifier,HasMatchingGameplayTag
0x0d55f5,873973,4,B,9,B_symbols,,,identifier,Loki
0x0d568a,874122,5,B,10,B_symbols,,0x26e787621c0,internal_symbol,$beh2
0x0d56e0,874208,16,B,21,B_symbols,,0x26e6e83c480,identifier,IsRoadkillImmune
0x0d56f5,874229,19,B,24,B_symbols,,,dotted_name,Airship.LokiAirship
0x0d5779,874361,5,B,10,B_symbols,,0x26e6ee81900,internal_symbol,$beh0
0x0d57f3,874483,19,B,24,B_symbols,,0x26e7970dd00,identifier,GetComponentByClass
0x0d587b,874619,17,B,22,B_symbols,,0x26e7a1975c0,identifier,GetFollowingActor
0x0d58dd,874717,10,B,15,B_symbols,,0x26e6ee813c0,internal_symbol,opImplConv
0x0d5938,874808,27,B,32,B_symbols,,0x26e62726b40,identifier,HasRecentlyRoadkilledTarget
0x0d5958,874840,19,B,24,B_symbols,,,dotted_name,Airship.LokiAirship
0x0d59dc,874972,10,B,15,B_symbols,,0x26e7a410cc0,identifier,IsAllyTeam
0x0d59ef,874991,8,B,13,B_symbols,,,identifier,LokiTeam
0x0d5a88,875144,4,B,9,B_symbols,,0x26e69d04bc0,identifier,Size
0x0d5add,875229,10,B,15,B_symbols,,0x26e6ee81040,internal_symbol,opImplConv
0x0d5b38,875320,10,B,15,B_symbols,,0x26e6ee80cc0,internal_symbol,opImplConv
0x0d5b93,875411,5,B,10,B_symbols,,0x26e69d01200,internal_symbol,$beh0
0x0d5c0d,875533,13,B,18,B_symbols,,0x26e69d091c0,identifier,GetSafeNormal
0x0d5cb3,875699,8,B,13,B_symbols,,0x26e69d01040,internal_symbol,opAssign
0x0d5d30,875824,10,B,15,B_symbols,,0x26e79709a80,identifier,AddImpulse
0x0d5e87,876167,13,B,18,B_symbols,,0x26e7a0a1200,identifier,GetPassengers
0x0d5ee5,876261,8,B,13,B_symbols,,0x26e6ee805c0,identifier,Iterator
0x0d5f3e,876350,7,B,12,B_symbols,,0x26e6ee80240,identifier,Proceed
0x0d5f96,876438,11,B,16,B_symbols,,0x26e7a0a2700,identifier,ExitAirship
0x0d605e,876638,5,B,10,B_symbols,,0x26e771b7400,internal_symbol,$beh2
0x0d60b4,876724,15,B,20,B_symbols,,0x26e6e83bf40,identifier,ALokiAirship_AS
0x0d60c8,876744,19,B,24,B_symbols,,,dotted_name,Airship.LokiAirship
0x0d6128,876840,16,B,21,B_symbols,,0x26e6ee52fc0,other,~ALokiAirship_AS
0x0d613d,876861,19,B,24,B_symbols,,,dotted_name,Airship.LokiAirship
0x0d619d,876957,8,B,13,B_symbols,,0x26e6d83ee80,internal_symbol,opAssign
0x0d621a,877082,5,B,10,B_symbols,,0x26e78762380,internal_symbol,$beh0
0x0d6270,877168,5,B,10,B_symbols,,0x26e6ee80080,internal_symbol,$beh0
0x0d62c6,877254,5,B,10,B_symbols,,0x26e78f7eb00,internal_symbol,$beh0
0x0d631c,877340,5,B,10,B_symbols,,0x26e6ee87240,internal_symbol,$beh0
0x0d6372,877426,5,B,10,B_symbols,,0x26e6ee87080,internal_symbol,$beh0
0x0d63c8,877512,5,B,10,B_symbols,,0x26e78c52380,internal_symbol,$beh2
0x0d641e,877598,5,B,10,B_symbols,,0x26e78fb91c0,internal_symbol,$beh2
0x0d6474,877684,5,B,10,B_symbols,,0x26e627267c0,internal_symbol,$beh2
0x0d64ca,877770,5,B,10,B_symbols,,0x26e6ee867c0,internal_symbol,$beh0
0x0d6520,877856,7,B,12,B_symbols,,0x26e6ee86600,identifier,IsValid
0x0d6578,877944,8,B,13,B_symbols,,0x26e69d29e00,internal_symbol,opAssign
0x0d65f5,878069,5,B,10,B_symbols,,0x26e69d29fc0,internal_symbol,$beh2
0x0d664b,878155,16,B,21,B_symbols,,0x26e6ee86440,identifier,GetDefaultObject
0x0d66ac,878252,7,B,12,B_symbols,,0x26e7039a180,identifier,IsValid
0x0d6728,878376,5,B,10,B_symbols,,0x26e69d0d280,internal_symbol,$beh0
0x0d677e,878462,5,B,10,B_symbols,,0x26e628a8c80,internal_symbol,$beh0
0x0d67d4,878548,3,B,8,B_symbols,,0x26e6ee86280,identifier,Add
0x0d684c,878668,5,B,10,B_symbols,,0x26e628a8900,internal_symbol,$beh2
0x0d68a2,878754,7,B,12,B_symbols,,0x26e6ee85d40,internal_symbol,opIndex
0x0d691e,878878,5,B,10,B_symbols,,0x26e793f44c0,internal_symbol,$beh0
0x0d6998,879000,3,B,8,B_symbols,,0x26e6ee85b80,identifier,Num
0x0d69ec,879084,5,B,10,B_symbols,,0x26e793f4680,internal_symbol,$beh2
0x0d6a42,879170,39,B,44,B_symbols,,0x26e7a0ea500,identifier,GetArmoryUniqueEffectDescriptionAtIndex
0x0d6ade,879326,5,B,10,B_symbols,,0x26e69d0cf00,internal_symbol,$beh2
0x0d6b34,879412,7,B,12,B_symbols,,0x26e6ee85800,internal_symbol,opIndex
0x0d6bb0,879536,8,B,13,B_symbols,,0x26e628a8740,internal_symbol,opAssign
0x0d6c2d,879661,3,B,8,B_symbols,,0x26e6ee860c0,identifier,Num
0x0d6c81,879745,8,B,13,B_symbols,,0x26e6ee852c0,identifier,Iterator
0x0d6cda,879834,7,B,12,B_symbols,,0x26e6ee84f40,identifier,Proceed
0x0d6d32,879922,5,B,10,B_symbols,,0x26e6ee828c0,internal_symbol,$beh0
0x0d6dac,880044,5,B,10,B_symbols,,0x26e69d0d0c0,internal_symbol,$beh0
0x0d6e26,880166,8,B,13,B_symbols,,0x26e70394bc0,identifier,GetClass
0x0d6e7f,880255,5,B,10,B_symbols,,0x26e6ee84d80,internal_symbol,$beh0
0x0d6ef9,880377,37,B,42,B_symbols,,0x26e6e83b4c0,identifier,GetArmoryUniqueEffectTextForItemClass
0x0d6f23,880419,24,B,29,B_symbols,,,dotted_name,Armory.LokiArmoryGlobals
0x0d6ff4,880628,29,B,34,B_symbols,,0x26e7a0e4680,identifier,CanHaveAnyArmoryUniqueEffects
0x0d7062,880738,39,B,44,B_symbols,,0x26e7a102540,identifier,MeetsRequirementsForUniqueEffectAtIndex
0x0d70fe,880894,36,B,41,B_symbols,,0x26e7a0eecc0,identifier,HasArmoryStarsForUniqueEffectAtIndex
0x0d7197,881047,10,B,15,B_symbols,,0x26e6ee84bc0,internal_symbol,opImplConv
0x0d71f2,881138,7,B,12,B_symbols,,0x26e6ee84840,identifier,IsEmpty
0x0d724a,881226,13,B,18,B_symbols,,0x26e7a11f3c0,identifier,IsInGameWorld
0x0d7260,881248,4,B,9,B_symbols,,,identifier,Loki
0x0d72d1,881361,22,B,27,B_symbols,,0x26e7a11dec0,identifier,GetLocalLokiController
0x0d72f0,881392,4,B,9,B_symbols,,,identifier,Loki
0x0d7361,881505,11,B,16,B_symbols,,0x26e6f1e3340,identifier,StaticClass
0x0d7371,881521,42,B,47,B_symbols,,,dotted_name,Armory.LokiPlayerControllerArmoryComponent
0x0d73a0,881568,36,B,41,B_symbols,,,identifier,ULokiPlayerControllerArmoryComponent
0x0d740d,881677,35,B,40,B_symbols,,0x26e7a0eeb00,identifier,HasArmoryTierForUniqueEffectAtIndex
0x0d74a5,881829,16,B,21,B_symbols,,0x26e7a03bd80,identifier,GetArmoryManager
0x0d74be,881854,14,B,19,B_symbols,,,identifier,UArmoryManager
0x0d7539,881977,20,B,25,B_symbols,,0x26e7a03bbc0,identifier,GetPlayerArmoryModel
0x0d759e,882078,8,B,13,B_symbols,,0x26e6ee84300,identifier,Iterator
0x0d75f7,882167,7,B,12,B_symbols,,0x26e6ee83f80,identifier,Proceed
0x0d764f,882255,8,B,13,B_symbols,,0x26e6ee8ac00,internal_symbol,opEquals
0x0d76cc,882380,8,B,13,B_symbols,,0x26e6ee85640,identifier,Iterator
0x0d7725,882469,7,B,12,B_symbols,,0x26e6ee8aa40,identifier,Proceed
0x0d777d,882557,36,B,41,B_symbols,,0x26e6f1e3880,identifier,ULokiPlayerControllerArmoryComponent
0x0d77a6,882598,42,B,47,B_symbols,,,dotted_name,Armory.LokiPlayerControllerArmoryComponent
0x0d781d,882717,27,B,32,B_symbols,,0x26e7b141580,internal_symbol,__Actor_GetComponentByClass
0x0d7919,882969,35,B,40,B_symbols,,0x26e7b1413c0,internal_symbol,__Actor_GetOrCreateComponentByClass
0x0d7a1d,883229,30,B,35,B_symbols,,0x26e7b141040,internal_symbol,__Actor_CreateComponentByClass
0x0d7b1c,883484,24,B,29,B_symbols,,0x26e79fa13c0,identifier,GetGlobalGameEventRouter
0x0d7b3d,883517,25,B,30,B_symbols,,,identifier,UGameEventRouterSubsystem
0x0d7bc3,883651,5,B,10,B_symbols,,0x26e7939c640,internal_symbol,$beh0
0x0d7c19,883737,5,B,10,B_symbols,,0x26e7939c480,internal_symbol,$beh2
0x0d7c6f,883823,8,B,13,B_symbols,,0x26e7934ecc0,internal_symbol,opAssign
0x0d7cec,883948,5,B,10,B_symbols,,0x26e7934f040,internal_symbol,$beh2
0x0d7d42,884034,4,B,9,B_symbols,,0x26e7a0abd80,identifier,Done
0x0d7d97,884119,22,B,27,B_symbols,,0x26e7a252e00,identifier,GetFeatureTogglesReady
0x0d7db6,884150,12,B,17,B_symbols,,,identifier,LokiGameplay
0x0d7e2f,884271,21,B,26,B_symbols,,0x26e7a252c40,identifier,GetFeatureToggleValue
0x0d7e4d,884301,12,B,17,B_symbols,,,identifier,LokiGameplay
0x0d7eea,884458,5,B,10,B_symbols,,0x26e6ee8a880,internal_symbol,$beh0
0x0d7f40,884544,9,B,14,B_symbols,,0x26e7a359000,identifier,GetArmory
0x0d7f9a,884634,8,B,13,B_symbols,,0x26e6ee8a340,identifier,Iterator
0x0d7ff3,884723,7,B,12,B_symbols,,0x26e6ee89fc0,identifier,Proceed
0x0d804b,884811,26,B,31,B_symbols,,0x26e6e83f200,identifier,GetClassFromPrimaryAssetId
0x0d806a,884842,42,B,47,B_symbols,,,dotted_name,Armory.LokiPlayerControllerArmoryComponent
0x0d8105,884997,8,B,13,B_symbols,,0x26e6ee83a40,internal_symbol,opEquals
0x0d8182,885122,16,B,21,B_symbols,,0x26e6e83e5c0,identifier,IsAssetIDEnabled
0x0d8197,885143,42,B,47,B_symbols,,,dotted_name,Armory.LokiPlayerControllerArmoryComponent
0x0d8232,885298,14,B,19,B_symbols,,0x26e6e837400,identifier,IsAssetEnabled
0x0d8245,885317,42,B,47,B_symbols,,,dotted_name,Armory.LokiPlayerControllerArmoryComponent
0x0d82e0,885472,11,B,16,B_symbols,,0x26e7a0eaf80,identifier,GetSlotName
0x0d833c,885564,8,B,13,B_symbols,,0x26e69d22000,internal_symbol,opEquals
0x0d83b9,885689,5,B,10,B_symbols,,0x26e793ee940,internal_symbol,$beh0
0x0d840f,885775,8,B,13,B_symbols,,0x26e79312380,internal_symbol,opAssign
0x0d848c,885900,8,B,13,B_symbols,,0x26e786a0e80,internal_symbol,opAssign
0x0d8509,886025,18,B,23,B_symbols,,0x26e6f1e1c80,identifier,GetIsPrototypeItem
0x0d8520,886048,42,B,47,B_symbols,,,dotted_name,Armory.LokiPlayerControllerArmoryComponent
0x0d85bb,886203,3,B,8,B_symbols,,0x26e6ee89c40,identifier,Add
0x0d8633,886323,5,B,10,B_symbols,,0x26e793ee780,internal_symbol,$beh2
0x0d8689,886409,15,B,20,B_symbols,,0x26e7a25e5c0,identifier,SortArmoryItems
0x0d86a1,886433,12,B,17,B_symbols,,,identifier,LokiGameplay
0x0d871a,886554,8,B,13,B_symbols,,0x26e7a25e240,internal_symbol,opAssign
0x0d8797,886679,5,B,10,B_symbols,,0x26e79358c80,internal_symbol,$beh2
0x0d87ed,886765,5,B,10,B_symbols,,0x26e7a25e400,internal_symbol,$beh2
0x0d8843,886851,35,B,40,B_symbols,,0x26e7853e240,internal_symbol,__Evt_PushArgument__FArmoryShopItem
0x0d88db,887003,18,B,23,B_symbols,,0x26e7861c640,internal_symbol,__Evt_PushArgument
0x0d8962,887138,23,B,28,B_symbols,,0x26e77fc8ac0,internal_symbol,__Evt_PushArgument__int
0x0d89ee,887278,13,B,18,B_symbols,,0x26e7861c2c0,internal_symbol,__Evt_Execute
0x0d8a94,887444,19,B,24,B_symbols,,0x26e6e83f900,identifier,AuthDropPowerAtSlot
0x0d8aac,887468,42,B,47,B_symbols,,,dotted_name,Armory.LokiPlayerControllerArmoryComponent
0x0d8b6b,887659,11,B,16,B_symbols,,0x26e6e83f580,identifier,AuthBuyItem
0x0d8b7b,887675,42,B,47,B_symbols,,,dotted_name,Armory.LokiPlayerControllerArmoryComponent
0x0d8c16,887830,18,B,23,B_symbols,,0x26e62725800,identifier,AuthSellItemAtSlot
0x0d8c2d,887853,42,B,47,B_symbols,,,dotted_name,Armory.LokiPlayerControllerArmoryComponent
0x0d8cec,888044,15,B,20,B_symbols,,0x26e62725f00,identifier,IsArmoryEnabled
0x0d8d00,888064,42,B,47,B_symbols,,,dotted_name,Armory.LokiPlayerControllerArmoryComponent
0x0d8d77,888183,14,B,19,B_symbols,,0x26e6e83f040,identifier,GetPlayerState
0x0d8d8a,888202,42,B,47,B_symbols,,,dotted_name,Armory.LokiPlayerControllerArmoryComponent
0x0d8e01,888321,12,B,17,B_symbols,,0x26e7a391900,identifier,GetInventory
0x0d8e5e,888414,15,B,20,B_symbols,,0x26e7a2aa500,identifier,GetItemFromSlot
0x0d8f06,888582,15,B,20,B_symbols,,0x26e6e837940,identifier,AuthSellItem_BP
0x0d8f1a,888602,42,B,47,B_symbols,,,dotted_name,Armory.LokiPlayerControllerArmoryComponent
0x0d8fb5,888757,33,B,38,B_symbols,,0x26e77b94840,internal_symbol,__Evt_PushArgument__ALokiBaseItem
0x0d904b,888907,27,B,32,B_symbols,,0x26e77fce080,internal_symbol,__Evt_PushArgumentRef__bool
0x0d90db,889051,26,B,31,B_symbols,,0x26e7762b300,internal_symbol,__Evt_PushArgument__AActor
0x0d916a,889194,22,B,27,B_symbols,,0x26e7a2a8c80,identifier,TryRemoveFromInventory
0x0d9219,889369,10,B,15,B_symbols,,0x26e6e83e400,identifier,CanBuyItem
0x0d9228,889384,42,B,47,B_symbols,,,dotted_name,Armory.LokiPlayerControllerArmoryComponent
0x0d92c3,889539,13,B,18,B_symbols,,0x26e7a395f00,identifier,GetWalletGold
0x0d9321,889633,19,B,24,B_symbols,,0x26e6e83ee80,identifier,GetStarCountForItem
0x0d9339,889657,42,B,47,B_symbols,,,dotted_name,Armory.LokiPlayerControllerArmoryComponent
0x0d93d4,889812,19,B,24,B_symbols,,0x26e7b1a21c0,identifier,FinishSpawningActor
0x0d945c,889948,17,B,22,B_symbols,,0x26e7a2a8e40,identifier,TryAddToInventory
0x0d9596,890262,12,B,17,B_symbols,,0x26e79712fc0,identifier,DestroyActor
0x0d95f3,890355,21,B,26,B_symbols,,0x26e7a35f200,identifier,ConsumeWalletCurrency
0x0d96c5,890565,5,B,10,B_symbols,,0x26e793a83c0,internal_symbol,$beh0
0x0d971b,890651,6,B,11,B_symbols,,0x26e628a7b00,identifier,Append
0x0d9796,890774,3,B,8,B_symbols,,0x26e7a0483c0,identifier,Log
0x0d97a2,890786,3,B,8,B_symbols,,,identifier,Log
0x0d9812,890898,14,B,19,B_symbols,,0x26e7a3beb00,identifier,GetFromContext
0x0d9829,890921,27,B,32,B_symbols,,,identifier,ALokiServerAnalyticsManager
0x0d98b1,891057,5,B,10,B_symbols,,0x26e793e8200,internal_symbol,$beh0
0x0d9907,891143,10,B,15,B_symbols,,0x26e7a0aaa40,identifier,GetMatchId
0x0d991a,891162,13,B,18,B_symbols,,,identifier,LokiAnalytics
0x0d9994,891284,10,B,15,B_symbols,,0x26e6ee84a00,internal_symbol,opImplConv
0x0d99ef,891375,19,B,24,B_symbols,,0x26e79b11ac0,identifier,GetClassDisplayName
0x0d9a0b,891403,6,B,11,B_symbols,,,identifier,System
0x0d9a7e,891518,23,B,28,B_symbols,,0x26e7a396280,identifier,GetWalletCurrencyAmount
0x0d9b0a,891658,20,B,25,B_symbols,,0x26e7a3bfe40,identifier,AddItemPurchaseEvent
0x0d9b93,891795,5,B,10,B_symbols,,0x26e793e8040,internal_symbol,$beh2
0x0d9be9,891881,5,B,10,B_symbols,,0x26e793a8200,internal_symbol,$beh2
0x0d9c3f,891967,5,B,10,B_symbols,,0x26e6ee89a80,internal_symbol,$beh0
0x0d9c95,892053,8,B,13,B_symbols,,0x26e793c98c0,internal_symbol,opAssign
0x0d9d12,892178,5,B,10,B_symbols,,0x26e793c9a80,internal_symbol,$beh2
0x0d9d68,892264,8,B,13,B_symbols,,0x26e79737780,identifier,GetOwner
0x0d9dc1,892353,18,B,23,B_symbols,,0x26e7a32e780,identifier,GetLokiPlayerState
0x0d9e24,892452,26,B,31,B_symbols,,0x26e79b11900,identifier,GetClassFromPrimaryAssetId
0x0d9e47,892487,6,B,11,B_symbols,,,identifier,System
0x0d9eba,892602,8,B,13,B_symbols,,0x26e6ee898c0,internal_symbol,opEquals
0x0d9f37,892727,16,B,21,B_symbols,,0x26e6ee89380,identifier,GetDefaultObject
0x0d9f98,892824,5,B,10,B_symbols,,0x26e6ee891c0,internal_symbol,$beh0
0x0d9fee,892910,20,B,25,B_symbols,,0x26e79fa21c0,identifier,StopListeningToEvent
0x0da077,893047,22,B,27,B_symbols,,0x26e7a358ac0,identifier,ShouldUnlockFullArmory
0x0da0de,893150,16,B,21,B_symbols,,0x26e7a358900,identifier,UnlockFullArmory
0x0da13f,893247,15,B,20,B_symbols,,0x26e7a3591c0,identifier,AsyncLoadArmory
0x0da19f,893343,5,B,10,B_symbols,,0x26e6ee89000,internal_symbol,$beh0
0x0da1f5,893429,3,B,8,B_symbols,,0x26e6ee88e40,identifier,Add
0x0da26d,893549,5,B,10,B_symbols,,0x26e65377940,internal_symbol,$beh0
0x0da2c3,893635,22,B,27,B_symbols,,0x26e7a0abbc0,identifier,AsyncLoadPrimaryAssets
0x0da2e2,893666,17,B,22,B_symbols,,,identifier,ULokiAssetManager
0x0da3a8,893864,5,B,10,B_symbols,,0x26e65377780,internal_symbol,$beh2
0x0da3fe,893950,5,B,10,B_symbols,,0x26e7861f3c0,internal_symbol,$beh2
0x0da454,894036,19,B,24,B_symbols,,0x26e7a0ab680,identifier,GetLokiAssetManager
0x0da470,894064,17,B,22,B_symbols,,,identifier,ULokiAssetManager
0x0da4ca,894154,16,B,21,B_symbols,,0x26e7a254a00,identifier,IsAssetIDEnabled
0x0da4e3,894179,12,B,17,B_symbols,,,identifier,LokiGameplay
0x0da580,894336,15,B,20,B_symbols,,0x26e7973cf00,identifier,SetIsReplicated
0x0da604,894468,9,B,14,B_symbols,,0x26e6ee88c80,identifier,AddUnique
0x0da682,894594,16,B,21,B_symbols,,0x26e7a0ab4c0,identifier,GetLokiDataAsset
0x0da707,894727,5,B,10,B_symbols,,0x26e63074680,internal_symbol,$beh0
0x0da75d,894813,5,B,10,B_symbols,,0x26e630744c0,internal_symbol,$beh2
0x0da7b3,894899,33,B,38,B_symbols,,0x26e7a358c80,identifier,RemoveSeasonContentFromFullArmory
0x0da825,895013,9,B,14,B_symbols,,0x26e6ee88900,identifier,AddUnique
0x0da8a3,895139,14,B,19,B_symbols,,0x26e7a254bc0,identifier,IsAssetEnabled
0x0da8ba,895162,12,B,17,B_symbols,,,identifier,LokiGameplay
0x0da957,895319,9,B,14,B_symbols,,0x26e6ee88740,identifier,AddUnique
0x0da9d5,895445,8,B,13,B_symbols,,0x26e6ee88580,identifier,Contains
0x0daa52,895570,8,B,13,B_symbols,,0x26e6ee883c0,identifier,Contains
0x0daacf,895695,5,B,10,B_symbols,,0x26e786a1040,internal_symbol,$beh0
0x0dab49,895817,8,B,13,B_symbols,,0x26e7861fe40,internal_symbol,opEquals
0x0dabc6,895942,5,B,10,B_symbols,,0x26e786a1200,internal_symbol,$beh2
0x0dac1c,896028,14,B,19,B_symbols,,0x26e7a2a9a80,identifier,HasItemByClass
0x0dac9f,896159,23,B,28,B_symbols,,0x26e7973d440,identifier,SetComponentTickEnabled
0x0dad2b,896299,36,B,41,B_symbols,,0x26e6e83e780,identifier,ULokiPlayerControllerArmoryComponent
0x0dad54,896340,42,B,47,B_symbols,,,dotted_name,Armory.LokiPlayerControllerArmoryComponent
0x0dadcb,896459,37,B,42,B_symbols,,0x26e6ee52e00,other,~ULokiPlayerControllerArmoryComponent
0x0dadf5,896501,42,B,47,B_symbols,,,dotted_name,Armory.LokiPlayerControllerArmoryComponent
0x0dae6c,896620,5,B,10,B_symbols,,0x26e6ee88200,internal_symbol,$beh0
0x0daec2,896706,5,B,10,B_symbols,,0x26e79358e40,internal_symbol,$beh0
0x0daf18,896792,5,B,10,B_symbols,,0x26e6ee88040,internal_symbol,$beh0
0x0daf6e,896878,5,B,10,B_symbols,,0x26e7934f200,internal_symbol,$beh0
0x0dafc4,896964,5,B,10,B_symbols,,0x26e69d22540,internal_symbol,$beh0
0x0db03e,897086,5,B,10,B_symbols,,0x26e70395d40,internal_symbol,$beh2
0x0db094,897172,5,B,10,B_symbols,,0x26e7a110cc0,internal_symbol,$beh2
0x0db0ea,897258,42,B,47,B_symbols,,0x26e6f1e2540,identifier,ULokiPlayerControllerShopSkylandsComponent
0x0db119,897305,48,B,53,B_symbols,,,dotted_name,Armory.LokiPlayerControllerShopSkylandsComponent
0x0db196,897430,38,B,43,B_symbols,,0x26e785621c0,internal_symbol,__Evt_PushArgument__FLokiShopInventory
0x0db231,897585,19,B,24,B_symbols,,0x26e6e83dd00,identifier,AuthBuyShopSaleItem
0x0db249,897609,48,B,53,B_symbols,,,dotted_name,Armory.LokiPlayerControllerShopSkylandsComponent
0x0db2ea,897770,19,B,24,B_symbols,,0x26e6f1e2a80,identifier,AuthDropPowerAtSlot
0x0db302,897794,48,B,53,B_symbols,,,dotted_name,Armory.LokiPlayerControllerShopSkylandsComponent
0x0db3c7,897991,15,B,20,B_symbols,,0x26e6e83d7c0,identifier,RollNewShopItem
0x0db3db,898011,48,B,53,B_symbols,,,dotted_name,Armory.LokiPlayerControllerShopSkylandsComponent
0x0db458,898136,42,B,47,B_symbols,,0x26e6e83d600,identifier,ULokiPlayerControllerShopSkylandsComponent
0x0db487,898183,48,B,53,B_symbols,,,dotted_name,Armory.LokiPlayerControllerShopSkylandsComponent
0x0db504,898308,43,B,48,B_symbols,,0x26e6ee52c40,other,~ULokiPlayerControllerShopSkylandsComponent
0x0db534,898356,48,B,53,B_symbols,,,dotted_name,Armory.LokiPlayerControllerShopSkylandsComponent
0x0db5b1,898481,5,B,10,B_symbols,,0x26e794a3dc0,internal_symbol,$beh0
0x0db607,898567,5,B,10,B_symbols,,0x26e6ee87e80,internal_symbol,$beh0
0x0db65d,898653,8,B,13,B_symbols,,0x26e6ee87cc0,internal_symbol,opAssign
0x0db6da,898778,5,B,10,B_symbols,,0x26e794a3c00,internal_symbol,$beh2
0x0db730,898864,30,B,35,B_symbols,,0x26e6f1e1e40,identifier,UBarracudaJungleCreepComponent
0x0db753,898899,50,B,55,B_symbols,,,dotted_name,Barracuda.Components.BarracudaJungleCreepComponent
0x0db7d2,899026,24,B,29,B_symbols,,0x26e7a319fc0,identifier,HasBlackboardTargetEnemy
0x0db83b,899131,16,B,21,B_symbols,,0x26e7a31a180,identifier,GetSpawnLocation
0x0db89c,899228,6,B,11,B_symbols,,0x26e69d07940,identifier,Dist2D
0x0db917,899351,16,B,21,B_symbols,,0x26e79712c40,identifier,GetActorRotation
0x0db978,899448,8,B,13,B_symbols,,0x26e797113c0,identifier,Teleport
0x0dba19,899609,30,B,35,B_symbols,,0x26e6e83d0c0,identifier,UBarracudaJungleCreepComponent
0x0dba3c,899644,50,B,55,B_symbols,,,dotted_name,Barracuda.Components.BarracudaJungleCreepComponent
0x0dbabb,899771,39,B,44,B_symbols,,0x26e68c13dc0,identifier,UBarracudaJungleCreepTargetingComponent
0x0dbae7,899815,59,B,64,B_symbols,,,dotted_name,Barracuda.Components.BarracudaJungleCreepTargetingComponent
0x0dbb6f,899951,7,B,12,B_symbols,,0x26e7a254d80,identifier,IsAlive
0x0dbb7f,899967,12,B,17,B_symbols,,,identifier,LokiGameplay
0x0dbbf8,900088,21,B,26,B_symbols,,0x26e7a314140,identifier,GetClosestEnemyOnList
0x0dbcee,900334,39,B,44,B_symbols,,0x26e68c13c00,identifier,UBarracudaJungleCreepTargetingComponent
0x0dbd1a,900378,59,B,64,B_symbols,,,dotted_name,Barracuda.Components.BarracudaJungleCreepTargetingComponent
0x0dbda2,900514,34,B,39,B_symbols,,0x26e68c15640,identifier,UBarracudaMinionTargetingComponent
0x0dbdc9,900553,54,B,59,B_symbols,,,dotted_name,Barracuda.Components.BarracudaMinionTargetingComponent
0x0dbe4c,900684,23,B,28,B_symbols,,0x26e68c16600,identifier,UBarracudaLaneComponent
0x0dbe68,900712,43,B,48,B_symbols,,,dotted_name,Barracuda.Components.BarracudaLaneComponent
0x0dbee0,900832,9,B,14,B_symbols,,0x26e7b1a1c80,identifier,Broadcast
0x0dbeee,900846,43,B,48,B_symbols,,,dotted_name,Barracuda.Components.BarracudaLaneComponent
0x0dbfd2,901074,23,B,28,B_symbols,,0x26e68c167c0,identifier,UBarracudaLaneComponent
0x0dbfee,901102,43,B,48,B_symbols,,,dotted_name,Barracuda.Components.BarracudaLaneComponent
0x0dc066,901222,24,B,29,B_symbols,,0x26e6ee528c0,other,~UBarracudaLaneComponent
0x0dc083,901251,43,B,48,B_symbols,,,dotted_name,Barracuda.Components.BarracudaLaneComponent
0x0dc0fb,901371,19,B,24,B_symbols,,0x26e68c16b40,identifier,FOnLaneIndexUpdated
0x0dc113,901395,43,B,48,B_symbols,,,dotted_name,Barracuda.Components.BarracudaLaneComponent
0x0dc18b,901515,20,B,25,B_symbols,,0x26e6ee52a80,other,~FOnLaneIndexUpdated
0x0dc1a4,901540,43,B,48,B_symbols,,,dotted_name,Barracuda.Components.BarracudaLaneComponent
0x0dc21c,901660,8,B,13,B_symbols,,0x26e69559fc0,internal_symbol,opAssign
0x0dc299,901785,7,B,12,B_symbols,,0x26e69559e00,identifier,IsBound
0x0dc2f1,901873,25,B,30,B_symbols,,0x26e7861d0c0,internal_symbol,__Evt_PushArgument__int32
0x0dc37f,902015,21,B,26,B_symbols,,0x26e7861bf40,internal_symbol,__Evt_ExecuteDelegate
0x0dc409,902153,19,B,24,B_symbols,,0x26e77242540,internal_symbol,__DelegateSignature
0x0dc491,902289,12,B,17,B_symbols,,0x26e77242380,identifier,AddUFunction
0x0dc55a,902490,6,B,11,B_symbols,,0x26e772421c0,identifier,Unbind
0x0dc5f9,902649,12,B,17,B_symbols,,0x26e77242000,identifier,UnbindObject
0x0dc67a,902778,5,B,10,B_symbols,,0x26e69559c40,identifier,Clear
0x0dc6d0,902864,8,B,13,B_symbols,,0x26e68b10400,internal_symbol,opAssign
0x0dc6dd,902877,43,B,48,B_symbols,,,dotted_name,Barracuda.Components.BarracudaLaneComponent
0x0dc779,903033,5,B,10,B_symbols,,0x26e6955a500,internal_symbol,$beh0
0x0dc7cf,903119,5,B,10,B_symbols,,0x26e6955a340,internal_symbol,$beh2
0x0dc825,903205,37,B,42,B_symbols,,0x26e7b1a0940,identifier,UBarracudaLaneCreepTargetingComponent
0x0dc84f,903247,57,B,62,B_symbols,,,dotted_name,Barracuda.Components.BarracudaLaneCreepTargetingComponent
0x0dc8d5,903381,37,B,42,B_symbols,,0x26e7b1a0780,identifier,UBarracudaLaneCreepTargetingComponent
0x0dc8ff,903423,57,B,62,B_symbols,,,dotted_name,Barracuda.Components.BarracudaLaneCreepTargetingComponent
0x0dc985,903557,18,B,23,B_symbols,,0x26e68c15480,identifier,IsActorInEnemyList
0x0dc99c,903580,54,B,59,B_symbols,,,dotted_name,Barracuda.Components.BarracudaMinionTargetingComponent
0x0dca43,903747,24,B,29,B_symbols,,0x26e68c14f40,identifier,UpdateCurrentTargetEnemy
0x0dca60,903776,54,B,59,B_symbols,,,dotted_name,Barracuda.Components.BarracudaMinionTargetingComponent
0x0dcae3,903907,21,B,26,B_symbols,,0x26e69d09e00,identifier,GetClampedToMaxSize2D
0x0dcb6d,904045,5,B,10,B_symbols,,0x26e69d00e80,internal_symbol,opAdd
0x0dcbe7,904167,19,B,24,B_symbols,,0x26e7a258200,identifier,ServerDrawDebugLine
0x0dcc03,904195,12,B,17,B_symbols,,,identifier,LokiGameplay
0x0dcd0c,904460,12,B,17,B_symbols,,0x26e7a313dc0,identifier,GetEnemyList
0x0dcd69,904553,8,B,13,B_symbols,,0x26e6ee87400,identifier,Iterator
0x0dcdc2,904642,7,B,12,B_symbols,,0x26e6ee8e400,identifier,Proceed
0x0dce1a,904730,5,B,10,B_symbols,,0x26e7a313c00,internal_symbol,$beh2
0x0dce70,904816,34,B,39,B_symbols,,0x26e68c15800,identifier,UBarracudaMinionTargetingComponent
0x0dce97,904855,54,B,59,B_symbols,,,dotted_name,Barracuda.Components.BarracudaMinionTargetingComponent
0x0dcf1a,904986,30,B,35,B_symbols,,0x26e6272dd00,identifier,UBarracudaPlayerStateComponent
0x0dcf3d,905021,50,B,55,B_symbols,,,dotted_name,Barracuda.Components.BarracudaPlayerStateComponent
0x0dcfbc,905148,22,B,27,B_symbols,,0x26e6272d980,identifier,NextRespawnTimeChanged
0x0dcfd7,905175,50,B,55,B_symbols,,,dotted_name,Barracuda.Components.BarracudaPlayerStateComponent
0x0dd056,905302,3,B,8,B_symbols,,0x26e70382000,identifier,Max
0x0dd062,905314,4,B,9,B_symbols,,,identifier,Math
0x0dd0f7,905463,18,B,23,B_symbols,,0x26e6272cf00,identifier,HasNextRespawnTime
0x0dd10e,905486,50,B,55,B_symbols,,,dotted_name,Barracuda.Components.BarracudaPlayerStateComponent
0x0dd18d,905613,10,B,15,B_symbols,,0x26e70358ac0,identifier,RoundToInt
0x0dd1a0,905632,4,B,9,B_symbols,,,identifier,Math
0x0dd211,905745,3,B,8,B_symbols,,0x26e70381c80,identifier,Max
0x0dd21d,905757,4,B,9,B_symbols,,,identifier,Math
0x0dd2b2,905906,9,B,14,B_symbols,,0x26e62727400,identifier,Broadcast
0x0dd2c0,905920,50,B,55,B_symbols,,,dotted_name,Barracuda.Components.BarracudaPlayerStateComponent
0x0dd33f,906047,5,B,10,B_symbols,,0x26e79396600,internal_symbol,$beh0
0x0dd395,906133,5,B,10,B_symbols,,0x26e79396440,internal_symbol,$beh2
0x0dd3eb,906219,30,B,35,B_symbols,,0x26e6272dec0,identifier,UBarracudaPlayerStateComponent
0x0dd40e,906254,50,B,55,B_symbols,,,dotted_name,Barracuda.Components.BarracudaPlayerStateComponent
0x0dd48d,906381,31,B,36,B_symbols,,0x26e6ee52540,other,~UBarracudaPlayerStateComponent
0x0dd4b1,906417,50,B,55,B_symbols,,,dotted_name,Barracuda.Components.BarracudaPlayerStateComponent
0x0dd530,906544,23,B,28,B_symbols,,0x26e6272e240,identifier,FNextRespawnTimeChanged
0x0dd54c,906572,50,B,55,B_symbols,,,dotted_name,Barracuda.Components.BarracudaPlayerStateComponent
0x0dd5cb,906699,24,B,29,B_symbols,,0x26e6ee52700,other,~FNextRespawnTimeChanged
0x0dd5e8,906728,50,B,55,B_symbols,,,dotted_name,Barracuda.Components.BarracudaPlayerStateComponent
0x0dd667,906855,8,B,13,B_symbols,,0x26e6272e5c0,internal_symbol,opAssign
0x0dd674,906868,50,B,55,B_symbols,,,dotted_name,Barracuda.Components.BarracudaPlayerStateComponent
0x0dd717,907031,28,B,33,B_symbols,,0x26e62728900,identifier,UBarracudaStructureComponent
0x0dd738,907064,48,B,53,B_symbols,,,dotted_name,Barracuda.Components.BarracudaStructureComponent
0x0dd7b5,907189,16,B,21,B_symbols,,0x26e7a11d280,identifier,GetLokiGameState
0x0dd7ce,907214,4,B,9,B_symbols,,,identifier,Loki
0x0dd83f,907327,3,B,8,B_symbols,,0x26e6e838040,identifier,Get
0x0dd847,907335,47,B,52,B_symbols,,,dotted_name,Barracuda.GameState.BarracudaGameStateComponent
0x0dd87b,907387,28,B,33,B_symbols,,,identifier,UBarracudaGameStateComponent
0x0dd928,907560,3,B,8,B_symbols,,0x26e6ee8e240,identifier,Add
0x0dd9a0,907680,6,B,11,B_symbols,,0x26e6ee8e080,identifier,Remove
0x0dda1b,907803,28,B,33,B_symbols,,0x26e62728ac0,identifier,UBarracudaStructureComponent
0x0dda3c,907836,48,B,53,B_symbols,,,dotted_name,Barracuda.Components.BarracudaStructureComponent
0x0ddab9,907961,33,B,38,B_symbols,,0x26e627298c0,identifier,UBarracudaTowerTargetingComponent
0x0ddadf,907999,53,B,58,B_symbols,,,dotted_name,Barracuda.Components.BarracudaTowerTargetingComponent
0x0ddb61,908129,23,B,28,B_symbols,,0x26e62729700,identifier,FindClosestEnemyByClass
0x0ddb7d,908157,53,B,58,B_symbols,,,dotted_name,Barracuda.Components.BarracudaTowerTargetingComponent
0x0ddc47,908359,13,B,18,B_symbols,,0x26e69d07400,identifier,DistSquared2D
0x0ddcc9,908489,33,B,38,B_symbols,,0x26e62729a80,identifier,UBarracudaTowerTargetingComponent
0x0ddcef,908527,53,B,58,B_symbols,,,dotted_name,Barracuda.Components.BarracudaTowerTargetingComponent
0x0ddd71,908657,18,B,23,B_symbols,,0x26e6e830780,identifier,ABarracudaGameMode
0x0ddd88,908680,36,B,41,B_symbols,,,dotted_name,Barracuda.GameMode.BarracudaGameMode
0x0dddf9,908793,15,B,20,B_symbols,,0x26e7a11d440,identifier,GetLokiGameMode
0x0dde11,908817,4,B,9,B_symbols,,,identifier,Loki
0x0dde82,908930,5,B,10,B_symbols,,0x26e79396d00,internal_symbol,$beh0
0x0dded8,909016,5,B,10,B_symbols,,0x26e79396b40,internal_symbol,$beh2
0x0ddf2e,909102,28,B,33,B_symbols,,0x26e6e8391c0,identifier,GetCurrentBarracudaPhaseType
0x0ddf4f,909135,45,B,50,B_symbols,,,dotted_name,Barracuda.GameState.BarracudaGameStateGlobals
0x0ddfc9,909257,8,B,13,B_symbols,,0x26e62724680,identifier,OnNewDay
0x0ddfd6,909270,36,B,41,B_symbols,,,dotted_name,Barracuda.GameMode.BarracudaGameMode
0x0de047,909383,14,B,19,B_symbols,,0x26e62724d80,identifier,HandleDayNight
0x0de05a,909402,36,B,41,B_symbols,,,dotted_name,Barracuda.GameMode.BarracudaGameMode
0x0de0cb,909515,10,B,15,B_symbols,,0x26e62724a00,identifier,OnNewNight
0x0de0da,909530,36,B,41,B_symbols,,,dotted_name,Barracuda.GameMode.BarracudaGameMode
0x0de14b,909643,8,B,13,B_symbols,,0x26e6ee8dd00,identifier,Contains
0x0de1c8,909768,7,B,12,B_symbols,,0x26e6ee8d980,internal_symbol,opIndex
0x0de244,909892,3,B,8,B_symbols,,0x26e6ee8d7c0,identifier,Add
0x0de2e0,910048,16,B,21,B_symbols,,0x26e7a390b00,identifier,GetLokiCharacter
0x0de341,910145,15,B,20,B_symbols,,0x26e7a396ec0,identifier,GetTeamIndex_BP
0x0de3a1,910241,8,B,13,B_symbols,,0x26e7a188e40,identifier,GetLevel
0x0de3fa,910330,10,B,15,B_symbols,,0x26e70358900,identifier,RoundToInt
0x0de40d,910349,4,B,9,B_symbols,,,identifier,Math
0x0de47e,910462,16,B,21,B_symbols,,0x26e7a4113c0,identifier,GetTeamFromActor
0x0de497,910487,8,B,13,B_symbols,,,identifier,LokiTeam
0x0de50c,910604,5,B,10,B_symbols,,0x26e6ee8d600,internal_symbol,$beh0
0x0de562,910690,33,B,38,B_symbols,,0x26e627244c0,identifier,GetPlayerStatesForRewardsInRadius
0x0de588,910728,36,B,41,B_symbols,,,dotted_name,Barracuda.GameMode.BarracudaGameMode
0x0de689,910985,8,B,13,B_symbols,,0x26e79347e80,internal_symbol,opAssign
0x0de706,911110,9,B,14,B_symbols,,0x26e6ee8d440,identifier,AddUnique
0x0de784,911236,7,B,12,B_symbols,,0x26e6ee8cf00,internal_symbol,opIndex
0x0de800,911360,3,B,8,B_symbols,,0x26e6ee8d280,identifier,Num
0x0de854,911444,8,B,13,B_symbols,,0x26e6ee8c9c0,identifier,Iterator
0x0de8ad,911533,7,B,12,B_symbols,,0x26e6ee8c640,identifier,Proceed
0x0de905,911621,8,B,13,B_symbols,,0x26e6ee8c480,identifier,Contains
0x0de982,911746,20,B,25,B_symbols,,0x26e7a393180,identifier,GetCurrentKillStreak
0x0de9e7,911847,3,B,8,B_symbols,,0x26e6ee8c2c0,identifier,Num
0x0dea3b,911931,3,B,8,B_symbols,,0x26e70382700,identifier,Min
0x0dea47,911943,4,B,9,B_symbols,,,identifier,Math
0x0deadc,912092,19,B,24,B_symbols,,0x26e7a395800,identifier,GrantWalletCurrency
0x0debac,912300,13,B,18,B_symbols,,0x26e7a183a40,identifier,GetExperience
0x0dec0a,912394,14,B,19,B_symbols,,0x26e7a3905c0,identifier,GetPlayerLevel
0x0dec69,912489,17,B,22,B_symbols,,0x26e7a1844c0,identifier,GetCharacterLevel
0x0deccb,912587,3,B,8,B_symbols,,0x26e6ee8c100,identifier,Num
0x0ded1f,912671,7,B,12,B_symbols,,0x26e6ee8bd80,internal_symbol,opIndex
0x0ded9b,912795,3,B,8,B_symbols,,0x26e70383180,identifier,Abs
0x0deda7,912807,4,B,9,B_symbols,,,identifier,Math
0x0dee18,912920,19,B,24,B_symbols,,0x26e7a1813c0,identifier,AuthGrantExperience
0x0deec4,913092,21,B,26,B_symbols,,0x26e62723f80,identifier,OnBountyGivenToPlayer
0x0deede,913118,36,B,41,B_symbols,,,dotted_name,Barracuda.GameMode.BarracudaGameMode
0x0df003,913411,5,B,10,B_symbols,,0x26e79348040,internal_symbol,$beh2
0x0df059,913497,27,B,32,B_symbols,,0x26e77fcb140,internal_symbol,__Evt_PushArgument__FVector
0x0df0e9,913641,36,B,41,B_symbols,,0x26e77c04bc0,internal_symbol,__Evt_PushArgument__ALokiPlayerState
0x0df182,913794,40,B,45,B_symbols,,0x26e7750db40,internal_symbol,__Evt_PushArgument__ECurrencyGrantReason
0x0df21f,913951,3,B,8,B_symbols,,0x26e6e834f40,identifier,Get
0x0df227,913959,47,B,52,B_symbols,,,dotted_name,Barracuda.Minion.BarracudaMinionRewardComponent
0x0df25b,914011,31,B,36,B_symbols,,,identifier,UBarracudaMinionRewardComponent
0x0df30b,914187,13,B,18,B_symbols,,0x26e6e834300,identifier,GetGoldBounty
0x0df31d,914205,47,B,52,B_symbols,,,dotted_name,Barracuda.Minion.BarracudaMinionRewardComponent
0x0df3bd,914365,11,B,16,B_symbols,,0x26e6e8344c0,identifier,GetXPBounty
0x0df3cd,914381,47,B,52,B_symbols,,,dotted_name,Barracuda.Minion.BarracudaMinionRewardComponent
0x0df46d,914541,17,B,22,B_symbols,,0x26e797a2000,identifier,GetControlledPawn
0x0df4cf,914639,15,B,20,B_symbols,,0x26e79e7aa40,identifier,HasTagAttribute
0x0df553,914771,18,B,23,B_symbols,,0x26e79e74140,identifier,GetTagAttributeMin
0x0df5da,914906,10,B,15,B_symbols,,0x26e70358200,identifier,FloorToInt
0x0df5ed,914925,4,B,9,B_symbols,,,identifier,Math
0x0df65e,915038,14,B,19,B_symbols,,0x26e62725480,identifier,OnDragonKilled
0x0df671,915057,36,B,41,B_symbols,,,dotted_name,Barracuda.GameMode.BarracudaGameMode
0x0df706,915206,20,B,25,B_symbols,,0x26e627252c0,identifier,OnMomentumBossKilled
0x0df71f,915231,36,B,41,B_symbols,,,dotted_name,Barracuda.GameMode.BarracudaGameMode
0x0df7b4,915380,5,B,10,B_symbols,,0x26e6ee8bbc0,internal_symbol,$beh0
0x0df80a,915466,5,B,10,B_symbols,,0x26e6ee8ba00,internal_symbol,$beh0
0x0df860,915552,3,B,8,B_symbols,,0x26e6ee8b840,identifier,Add
0x0df8d8,915672,5,B,10,B_symbols,,0x26e6ee8b680,internal_symbol,$beh0
0x0df92e,915758,7,B,12,B_symbols,,0x26e6ee8b140,internal_symbol,opIndex
0x0df9aa,915882,9,B,14,B_symbols,,0x26e6ee8af80,identifier,AddUnique
0x0dfa28,916008,3,B,8,B_symbols,,0x26e6ee8b4c0,identifier,Num
0x0dfa7c,916092,7,B,12,B_symbols,,0x26e6ee8fc80,internal_symbol,opIndex
0x0dfaf8,916216,3,B,8,B_symbols,,0x26e6ee8adc0,identifier,Num
0x0dfb4c,916300,5,B,10,B_symbols,,0x26e70663f80,internal_symbol,$beh2
0x0dfba2,916386,5,B,10,B_symbols,,0x26e706667c0,internal_symbol,$beh2
0x0dfbf8,916472,21,B,26,B_symbols,,0x26e6272a340,identifier,GetGameStateComponent
0x0dfc12,916498,36,B,41,B_symbols,,,dotted_name,Barracuda.GameMode.BarracudaGameMode
0x0dfc83,916611,24,B,29,B_symbols,,0x26e62723a40,identifier,HasBarracudaMatchStarted
0x0dfca0,916640,36,B,41,B_symbols,,,dotted_name,Barracuda.GameMode.BarracudaGameMode
0x0dfd11,916753,12,B,17,B_symbols,,0x26e62723c00,identifier,GetMatchTime
0x0dfd22,916770,36,B,41,B_symbols,,,dotted_name,Barracuda.GameMode.BarracudaGameMode
0x0dfd93,916883,30,B,35,B_symbols,,0x26e77c20940,internal_symbol,__Evt_PushArgument__ALokiTower
0x0dfe26,917030,7,B,12,B_symbols,,0x26e79f81580,identifier,IsValid
0x0dfe7e,917118,30,B,35,B_symbols,,0x26e6e838e40,identifier,GetBarracudaGameStateComponent
0x0dfea1,917153,45,B,50,B_symbols,,,dotted_name,Barracuda.GameState.BarracudaGameStateGlobals
0x0dff1b,917275,21,B,26,B_symbols,,0x26e6272f900,identifier,AuthPlayPilotVOForAll
0x0dff35,917301,47,B,52,B_symbols,,,dotted_name,Barracuda.GameState.BarracudaGameStateComponent
0x0dffd5,917461,3,B,8,B_symbols,,0x26e6ee8fac0,identifier,Num
0x0e0029,917545,17,B,22,B_symbols,,0x26e62725640,identifier,ApplyEffectToTeam
0x0e003f,917567,36,B,41,B_symbols,,,dotted_name,Barracuda.GameMode.BarracudaGameMode
0x0e00f8,917752,21,B,26,B_symbols,,0x26e7a250400,identifier,GetPlayerStatesOnTeam
0x0e0116,917782,12,B,17,B_symbols,,,identifier,LokiGameplay
0x0e01b3,917939,8,B,13,B_symbols,,0x26e6ee8cd40,identifier,Iterator
0x0e020c,918028,7,B,12,B_symbols,,0x26e6ee8f900,identifier,Proceed
0x0e0264,918116,18,B,23,B_symbols,,0x26e6e830940,identifier,ABarracudaGameMode
0x0e027b,918139,36,B,41,B_symbols,,,dotted_name,Barracuda.GameMode.BarracudaGameMode
0x0e02ec,918252,19,B,24,B_symbols,,0x26e6ee52380,other,~ABarracudaGameMode
0x0e0304,918276,36,B,41,B_symbols,,,dotted_name,Barracuda.GameMode.BarracudaGameMode
0x0e0375,918389,5,B,10,B_symbols,,0x26e6ee8f740,internal_symbol,$beh0
0x0e03cb,918475,5,B,10,B_symbols,,0x26e6ee8f580,internal_symbol,$beh0
0x0e0421,918561,5,B,10,B_symbols,,0x26e6ee8f3c0,internal_symbol,$beh0
0x0e0477,918647,5,B,10,B_symbols,,0x26e70f352c0,internal_symbol,$beh2
0x0e04cd,918733,5,B,10,B_symbols,,0x26e706ce940,internal_symbol,$beh2
0x0e0523,918819,5,B,10,B_symbols,,0x26e6e831200,internal_symbol,$beh2
0x0e0579,918905,32,B,37,B_symbols,,0x26e6e831ac0,identifier,UBarracudaPlayerSpawnerComponent
0x0e059e,918942,50,B,55,B_symbols,,,dotted_name,Barracuda.GameMode.BarracudaPlayerSpawnerComponent
0x0e061d,919069,20,B,25,B_symbols,,0x26e6e831900,identifier,TryRespawningPlayers
0x0e0636,919094,50,B,55,B_symbols,,,dotted_name,Barracuda.GameMode.BarracudaPlayerSpawnerComponent
0x0e06b5,919221,3,B,8,B_symbols,,0x26e6ee8f200,identifier,Num
0x0e0709,919305,7,B,12,B_symbols,,0x26e6ee8ee80,internal_symbol,opIndex
0x0e0785,919429,28,B,33,B_symbols,,0x26e6e839380,identifier,GetCurrentBarracudaPhaseTime
0x0e07a6,919462,45,B,50,B_symbols,,,dotted_name,Barracuda.GameState.BarracudaGameStateGlobals
0x0e0820,919584,4,B,9,B_symbols,,0x26e703513c0,identifier,Lerp
0x0e082d,919597,4,B,9,B_symbols,,,identifier,Math
0x0e08e6,919782,15,B,20,B_symbols,,0x26e7a25f580,identifier,GetCurrentPhase
0x0e0946,919878,19,B,24,B_symbols,,0x26e7a273340,identifier,GetLokiPlayerStates
0x0e09aa,919978,3,B,8,B_symbols,,0x26e62728040,identifier,Get
0x0e09b2,919986,50,B,55,B_symbols,,,dotted_name,Barracuda.Components.BarracudaPlayerStateComponent
0x0e09e9,920041,30,B,35,B_symbols,,,identifier,UBarracudaPlayerStateComponent
0x0e0a98,920216,6,B,11,B_symbols,,0x26e7a18cb80,identifier,IsDead
0x0e0aef,920303,18,B,23,B_symbols,,0x26e6272d280,identifier,SetNextRespawnTime
0x0e0b06,920326,50,B,55,B_symbols,,,dotted_name,Barracuda.Components.BarracudaPlayerStateComponent
0x0e0ba9,920489,18,B,23,B_symbols,,0x26e6272d440,identifier,GetNextRespawnTime
0x0e0bc0,920512,50,B,55,B_symbols,,,dotted_name,Barracuda.Components.BarracudaPlayerStateComponent
0x0e0c3f,920639,5,B,10,B_symbols,,0x26e69d0d600,internal_symbol,$beh0
0x0e0c95,920725,19,B,24,B_symbols,,0x26e6272f580,identifier,GetRespawnStructure
0x0e0cad,920749,47,B,52,B_symbols,,,dotted_name,Barracuda.GameState.BarracudaGameStateComponent
0x0e0d4d,920909,11,B,16,B_symbols,,0x26e70617780,identifier,SetLocation
0x0e0dcd,921037,20,B,25,B_symbols,,0x26e6272d0c0,identifier,ClearNextRespawnTime
0x0e0de6,921062,50,B,55,B_symbols,,,dotted_name,Barracuda.Components.BarracudaPlayerStateComponent
0x0e0e65,921189,11,B,16,B_symbols,,0x26e7a10d600,identifier,SpawnPlayer
0x0e0f51,921425,19,B,24,B_symbols,,0x26e6e831740,identifier,CalculateDeathTimer
0x0e0f69,921449,50,B,55,B_symbols,,,dotted_name,Barracuda.GameMode.BarracudaPlayerSpawnerComponent
0x0e100c,921612,32,B,37,B_symbols,,0x26e6e831c80,identifier,UBarracudaPlayerSpawnerComponent
0x0e1031,921649,50,B,55,B_symbols,,,dotted_name,Barracuda.GameMode.BarracudaPlayerSpawnerComponent
0x0e10b0,921776,33,B,38,B_symbols,,0x26e6ee521c0,other,~UBarracudaPlayerSpawnerComponent
0x0e10d6,921814,50,B,55,B_symbols,,,dotted_name,Barracuda.GameMode.BarracudaPlayerSpawnerComponent
0x0e1155,921941,31,B,36,B_symbols,,0x26e6e832c40,identifier,UBarracudaRallyMinionsComponent
0x0e1179,921977,49,B,54,B_symbols,,,dotted_name,Barracuda.GameMode.BarracudaRallyMinionsComponent
0x0e11f7,922103,5,B,10,B_symbols,,0x26e793a4f40,internal_symbol,$beh0
0x0e124d,922189,5,B,10,B_symbols,,0x26e793a4d80,internal_symbol,$beh2
0x0e12a3,922275,25,B,30,B_symbols,,0x26e6e832a80,identifier,RallyAlliedMinionsForHelp
0x0e12c1,922305,49,B,54,B_symbols,,,dotted_name,Barracuda.GameMode.BarracudaRallyMinionsComponent
0x0e1387,922503,23,B,28,B_symbols,,0x26e7a413340,identifier,GetTeamStateByTeamIndex
0x0e13a7,922535,14,B,19,B_symbols,,,identifier,ALokiTeamState
0x0e1446,922694,19,B,24,B_symbols,,0x26e7a3db140,identifier,GetCachedCharacters
0x0e14aa,922794,8,B,13,B_symbols,,0x26e6ee8e940,identifier,Iterator
0x0e1503,922883,7,B,12,B_symbols,,0x26e6ef03880,identifier,Proceed
0x0e155b,922971,6,B,11,B_symbols,,0x26e70381900,identifier,Square
0x0e156a,922986,4,B,9,B_symbols,,,identifier,Math
0x0e15db,923099,3,B,8,B_symbols,,0x26e68c15d40,identifier,Get
0x0e15e3,923107,54,B,59,B_symbols,,,dotted_name,Barracuda.Components.BarracudaMinionTargetingComponent
0x0e161e,923166,34,B,39,B_symbols,,,identifier,UBarracudaMinionTargetingComponent
0x0e16d1,923345,28,B,33,B_symbols,,0x26e68c14bc0,identifier,NotifyEnemyHeroHitAlliedHero
0x0e16f2,923378,54,B,59,B_symbols,,,dotted_name,Barracuda.Components.BarracudaMinionTargetingComponent
0x0e1799,923545,5,B,10,B_symbols,,0x26e7a314f40,internal_symbol,$beh2
0x0e17ef,923631,31,B,36,B_symbols,,0x26e6e832e00,identifier,UBarracudaRallyMinionsComponent
0x0e1813,923667,49,B,54,B_symbols,,,dotted_name,Barracuda.GameMode.BarracudaRallyMinionsComponent
0x0e1891,923793,28,B,33,B_symbols,,0x26e6272adc0,identifier,UBarracudaGameStateComponent
0x0e18b2,923826,47,B,52,B_symbols,,,dotted_name,Barracuda.GameState.BarracudaGameStateComponent
0x0e192e,923950,9,B,14,B_symbols,,0x26e6272c800,identifier,Broadcast
0x0e193c,923964,47,B,52,B_symbols,,,dotted_name,Barracuda.GameState.BarracudaGameStateComponent
0x0e19dc,924124,9,B,14,B_symbols,,0x26e6272b840,identifier,Broadcast
0x0e19ea,924138,47,B,52,B_symbols,,,dotted_name,Barracuda.GameState.BarracudaGameStateComponent
0x0e1a8a,924298,5,B,10,B_symbols,,0x26e6ef03180,internal_symbol,$beh0
0x0e1ae0,924384,8,B,13,B_symbols,,0x26e6e838900,internal_symbol,opAssign
0x0e1b5d,924509,8,B,13,B_symbols,,0x26e6ef036c0,internal_symbol,opEquals
0x0e1bda,924634,16,B,21,B_symbols,,0x26e79708580,identifier,FlushNetDormancy
0x0e1c3b,924731,3,B,8,B_symbols,,0x26e6ef02fc0,identifier,Add
0x0e1cb3,924851,15,B,20,B_symbols,,0x26e6272ecc0,identifier,UpdateTeamKills
0x0e1cc7,924871,47,B,52,B_symbols,,,dotted_name,Barracuda.GameState.BarracudaGameStateComponent
0x0e1d43,924995,21,B,26,B_symbols,,0x26e7a2728c0,identifier,GetPlayerStatesOnTeam
0x0e1dcd,925133,8,B,13,B_symbols,,0x26e7a391580,identifier,GetKills
0x0e1e26,925222,8,B,13,B_symbols,,0x26e70f35100,internal_symbol,opAssign
0x0e1ea3,925347,12,B,17,B_symbols,,0x26e6ef02e00,identifier,IsValidIndex
0x0e1f24,925476,7,B,12,B_symbols,,0x26e6ef02a80,internal_symbol,opIndex
0x0e1fa0,925600,28,B,33,B_symbols,,0x26e6272f040,identifier,AuthMoveToNextBarracudaPhase
0x0e1fc1,925633,47,B,52,B_symbols,,,dotted_name,Barracuda.GameState.BarracudaGameStateComponent
0x0e203d,925757,21,B,26,B_symbols,,0x26e6272f3c0,identifier,EmitPhaseChangedEvent
0x0e2057,925783,47,B,52,B_symbols,,,dotted_name,Barracuda.GameState.BarracudaGameStateComponent
0x0e20f7,925943,8,B,13,B_symbols,,0x26e6ef02540,identifier,Iterator
0x0e2150,926032,7,B,12,B_symbols,,0x26e6ef021c0,identifier,Proceed
0x0e21a8,926120,3,B,8,B_symbols,,0x26e62729000,identifier,Get
0x0e21b0,926128,48,B,53,B_symbols,,,dotted_name,Barracuda.Components.BarracudaStructureComponent
0x0e21e5,926181,28,B,33,B_symbols,,,identifier,UBarracudaStructureComponent
0x0e2292,926354,32,B,37,B_symbols,,0x26e7805b140,internal_symbol,__Evt_PushArgument__FGameplayTag
0x0e2327,926503,16,B,21,B_symbols,,0x26e6272fc80,identifier,MultiPlayPilotVO
0x0e233c,926524,47,B,52,B_symbols,,,dotted_name,Barracuda.GameState.BarracudaGameStateComponent
0x0e23dc,926684,14,B,19,B_symbols,,0x26e7a0e05c0,identifier,RequestVOPilot
0x0e23f3,926707,18,B,23,B_symbols,,,identifier,ULokiBarkUtilities
0x0e24ba,926906,11,B,16,B_symbols,,0x26e7b1aa500,identifier,StaticClass
0x0e24ca,926922,28,B,33,B_symbols,,,dotted_name,Barracuda.Shop.BarracudaShop
0x0e24eb,926955,14,B,19,B_symbols,,,identifier,ABarracudaShop
0x0e2542,927042,8,B,13,B_symbols,,0x26e6ef01ac0,internal_symbol,opAssign
0x0e25bf,927167,28,B,33,B_symbols,,0x26e6272af80,identifier,UBarracudaGameStateComponent
0x0e25e0,927200,47,B,52,B_symbols,,,dotted_name,Barracuda.GameState.BarracudaGameStateComponent
0x0e265c,927324,29,B,34,B_symbols,,0x26e6ee52000,other,~UBarracudaGameStateComponent
0x0e267e,927358,47,B,52,B_symbols,,,dotted_name,Barracuda.GameState.BarracudaGameStateComponent
0x0e26fa,927482,5,B,10,B_symbols,,0x26e6ef02000,internal_symbol,$beh0
0x0e2750,927568,5,B,10,B_symbols,,0x26e6ef01e40,internal_symbol,$beh0
0x0e27a6,927654,5,B,10,B_symbols,,0x26e6ef01c80,internal_symbol,$beh0
0x0e27fc,927740,19,B,24,B_symbols,,0x26e6272c2c0,identifier,FOnTeamKillsUpdated
0x0e2814,927764,47,B,52,B_symbols,,,dotted_name,Barracuda.GameState.BarracudaGameStateComponent
0x0e2890,927888,21,B,26,B_symbols,,0x26e6272b300,identifier,FOnDragonKillsUpdated
0x0e28aa,927914,47,B,52,B_symbols,,,dotted_name,Barracuda.GameState.BarracudaGameStateComponent
0x0e2926,928038,5,B,10,B_symbols,,0x26e7a205800,internal_symbol,$beh2
0x0e297c,928124,5,B,10,B_symbols,,0x26e6e838580,internal_symbol,$beh2
0x0e29d2,928210,5,B,10,B_symbols,,0x26e6e838ac0,internal_symbol,$beh2
0x0e2a28,928296,20,B,25,B_symbols,,0x26e6ee51c80,other,~FOnTeamKillsUpdated
0x0e2a41,928321,47,B,52,B_symbols,,,dotted_name,Barracuda.GameState.BarracudaGameStateComponent
0x0e2abd,928445,22,B,27,B_symbols,,0x26e6ee51e40,other,~FOnDragonKillsUpdated
0x0e2ad8,928472,47,B,52,B_symbols,,,dotted_name,Barracuda.GameState.BarracudaGameStateComponent
0x0e2b54,928596,8,B,13,B_symbols,,0x26e6272b680,internal_symbol,opAssign
0x0e2b61,928609,47,B,52,B_symbols,,,dotted_name,Barracuda.GameState.BarracudaGameStateComponent
0x0e2c01,928769,8,B,13,B_symbols,,0x26e6272c640,internal_symbol,opAssign
0x0e2c0e,928782,47,B,52,B_symbols,,,dotted_name,Barracuda.GameState.BarracudaGameStateComponent
0x0e2cae,928942,5,B,10,B_symbols,,0x26e79376980,internal_symbol,$beh0
0x0e2d28,929064,5,B,10,B_symbols,,0x26e79376d00,internal_symbol,$beh0
0x0e2d7e,929150,5,B,10,B_symbols,,0x26e79376b40,internal_symbol,$beh2
0x0e2dd4,929236,24,B,29,B_symbols,,0x26e6e839000,identifier,GetCurrentBarracudaPhase
0x0e2df1,929265,45,B,50,B_symbols,,,dotted_name,Barracuda.GameState.BarracudaGameStateGlobals
0x0e2e6b,929387,19,B,24,B_symbols,,0x26e6e839700,identifier,ABarracudaTeamState
0x0e2e83,929411,38,B,43,B_symbols,,,dotted_name,Barracuda.GameState.BarracudaTeamState
0x0e2ef6,929526,12,B,17,B_symbols,,0x26e7a271580,identifier,GetTeamState
0x0e2f77,929655,11,B,16,B_symbols,,0x26e6e83ac00,identifier,StaticClass
0x0e2f87,929671,47,B,52,B_symbols,,,dotted_name,Barracuda.GameState.BarracudaTeamState_TeamOnly
0x0e2fbb,929723,28,B,33,B_symbols,,,identifier,ABarracudaTeamState_TeamOnly
0x0e3020,929824,8,B,13,B_symbols,,0x26e6ef01900,internal_symbol,opAssign
0x0e309d,929949,19,B,24,B_symbols,,0x26e6e8398c0,identifier,ABarracudaTeamState
0x0e30b5,929973,38,B,43,B_symbols,,,dotted_name,Barracuda.GameState.BarracudaTeamState
0x0e3128,930088,28,B,33,B_symbols,,0x26e6e83a6c0,identifier,ABarracudaTeamState_TeamOnly
0x0e3149,930121,47,B,52,B_symbols,,,dotted_name,Barracuda.GameState.BarracudaTeamState_TeamOnly
0x0e31c5,930245,21,B,26,B_symbols,,0x26e6e839c40,identifier,GetBarracudaTeamState
0x0e31df,930271,38,B,43,B_symbols,,,dotted_name,Barracuda.GameState.BarracudaTeamState
0x0e3276,930422,20,B,25,B_symbols,,0x26e7a413180,identifier,GetTeamStateTeamOnly
0x0e32db,930523,4,B,9,B_symbols,,0x26e6ef01580,identifier,Find
0x0e3378,930680,32,B,37,B_symbols,,0x26e6e83a340,identifier,NetMulticastSpawnerNextSpawnTime
0x0e339d,930717,47,B,52,B_symbols,,,dotted_name,Barracuda.GameState.BarracudaTeamState_TeamOnly
0x0e3461,930913,25,B,30,B_symbols,,0x26e77fcdb40,internal_symbol,__Evt_PushArgument__float
0x0e34ef,931055,3,B,8,B_symbols,,0x26e6ef013c0,identifier,Add
0x0e358b,931211,28,B,33,B_symbols,,0x26e6e83a880,identifier,ABarracudaTeamState_TeamOnly
0x0e35ac,931244,47,B,52,B_symbols,,,dotted_name,Barracuda.GameState.BarracudaTeamState_TeamOnly
0x0e3628,931368,29,B,34,B_symbols,,0x26e6ee51ac0,other,~ABarracudaTeamState_TeamOnly
0x0e364a,931402,47,B,52,B_symbols,,,dotted_name,Barracuda.GameState.BarracudaTeamState_TeamOnly
0x0e36c6,931526,5,B,10,B_symbols,,0x26e6ef01200,internal_symbol,$beh0
0x0e371c,931612,5,B,10,B_symbols,,0x26e6e833c00,internal_symbol,$beh2
0x0e3772,931698,26,B,31,B_symbols,,0x26e6e833f80,identifier,FBarracudaLaneMinionConfig
0x0e3791,931729,42,B,47,B_symbols,,,dotted_name,Barracuda.Minion.BarracudaLaneMinionConfig
0x0e3808,931848,31,B,36,B_symbols,,0x26e6e834840,identifier,UBarracudaMinionRewardComponent
0x0e382c,931884,47,B,52,B_symbols,,,dotted_name,Barracuda.Minion.BarracudaMinionRewardComponent
0x0e38a8,932008,5,B,10,B_symbols,,0x26e7948e240,internal_symbol,$beh0
0x0e38fe,932094,18,B,23,B_symbols,,0x26e7a31a6c0,identifier,GetRewardsForLevel
0x0e39a9,932265,5,B,10,B_symbols,,0x26e7948e080,internal_symbol,$beh2
0x0e39ff,932351,31,B,36,B_symbols,,0x26e6e834a00,identifier,UBarracudaMinionRewardComponent
0x0e3a23,932387,47,B,52,B_symbols,,,dotted_name,Barracuda.Minion.BarracudaMinionRewardComponent
0x0e3a9f,932511,24,B,29,B_symbols,,0x26e6e8359c0,identifier,ABarracudaMinionWaypoint
0x0e3abc,932540,50,B,55,B_symbols,,,dotted_name,Barracuda.Minion.Waypoints.BarracudaMinionWaypoint
0x0e3b3b,932667,12,B,17,B_symbols,,0x26e68c16440,identifier,SetLaneIndex
0x0e3b4c,932684,43,B,48,B_symbols,,,dotted_name,Barracuda.Components.BarracudaLaneComponent
0x0e3be8,932840,3,B,8,B_symbols,,0x26e6ef01040,identifier,Add
0x0e3c60,932960,3,B,8,B_symbols,,0x26e7b1a7240,identifier,Get
0x0e3c68,932968,67,B,72,B_symbols,,,dotted_name,Barracuda.Minion.Waypoints.BarracudaMinionWaypointFollowerComponent
0x0e3cb0,933040,41,B,46,B_symbols,,,identifier,UBarracudaMinionWaypointFollowerComponent
0x0e3d6a,933226,15,B,20,B_symbols,,0x26e6e836980,identifier,ReachedWaypoint
0x0e3d7e,933246,67,B,72,B_symbols,,,dotted_name,Barracuda.Minion.Waypoints.BarracudaMinionWaypointFollowerComponent
0x0e3e32,933426,20,B,25,B_symbols,,0x26e79715640,identifier,SetActorHiddenInGame
0x0e3ebb,933563,12,B,17,B_symbols,,0x26e799fc100,identifier,SetBoxExtent
0x0e3f60,933728,23,B,28,B_symbols,,0x26e7975c800,identifier,SetCollisionProfileName
0x0e4010,933904,27,B,32,B_symbols,,0x26e797736c0,identifier,SetNotifyRigidBodyCollision
0x0e40a0,934048,24,B,29,B_symbols,,0x26e6e835b80,identifier,ABarracudaMinionWaypoint
0x0e40bd,934077,50,B,55,B_symbols,,,dotted_name,Barracuda.Minion.Waypoints.BarracudaMinionWaypoint
0x0e413c,934204,41,B,46,B_symbols,,0x26e6e837080,identifier,UBarracudaMinionWaypointFollowerComponent
0x0e416a,934250,67,B,72,B_symbols,,,dotted_name,Barracuda.Minion.Waypoints.BarracudaMinionWaypointFollowerComponent
0x0e41fa,934394,18,B,23,B_symbols,,0x26e6e836b40,identifier,GetInitialWaypoint
0x0e4211,934417,67,B,72,B_symbols,,,dotted_name,Barracuda.Minion.Waypoints.BarracudaMinionWaypointFollowerComponent
0x0e42a1,934561,18,B,23,B_symbols,,0x26e6e836600,identifier,HasCurrentWaypoint
0x0e42b8,934584,67,B,72,B_symbols,,,dotted_name,Barracuda.Minion.Waypoints.BarracudaMinionWaypointFollowerComponent
0x0e4348,934728,8,B,13,B_symbols,,0x26e69d067c0,internal_symbol,opEquals
0x0e43c5,934853,7,B,12,B_symbols,,0x26e6e836d00,identifier,IsStuck
0x0e43d1,934865,67,B,72,B_symbols,,,dotted_name,Barracuda.Minion.Waypoints.BarracudaMinionWaypointFollowerComponent
0x0e4461,935009,9,B,14,B_symbols,,0x26e6e836ec0,identifier,TryRescue
0x0e446f,935023,67,B,72,B_symbols,,,dotted_name,Barracuda.Minion.Waypoints.BarracudaMinionWaypointFollowerComponent
0x0e44ff,935167,35,B,40,B_symbols,,0x26e6e8367c0,identifier,GetTargetLocationForCurrentWaypoint
0x0e4527,935207,67,B,72,B_symbols,,,dotted_name,Barracuda.Minion.Waypoints.BarracudaMinionWaypointFollowerComponent
0x0e45b7,935351,5,B,10,B_symbols,,0x26e78657cc0,internal_symbol,$beh0
0x0e4631,935473,8,B,13,B_symbols,,0x26e78657b00,internal_symbol,opAssign
0x0e46ae,935598,22,B,27,B_symbols,,0x26e7a2583c0,identifier,ServerDrawDebugCapsule
0x0e46cd,935629,12,B,17,B_symbols,,,identifier,LokiGameplay
0x0e481e,935966,5,B,10,B_symbols,,0x26e78657e80,internal_symbol,$beh2
0x0e4874,936052,5,B,10,B_symbols,,0x26e69d01580,internal_symbol,$beh0
0x0e48ca,936138,5,B,10,B_symbols,,0x26e6ef00e80,internal_symbol,$beh0
0x0e4944,936260,24,B,29,B_symbols,,0x26e797ebbc0,identifier,ProjectPointToNavigation
0x0e4965,936293,19,B,24,B_symbols,,,identifier,UNavigationSystemV1
0x0e4a99,936601,15,B,20,B_symbols,,0x26e6e835800,identifier,GetNextWaypoint
0x0e4aad,936621,50,B,55,B_symbols,,,dotted_name,Barracuda.Minion.Waypoints.BarracudaMinionWaypoint
0x0e4b50,936784,3,B,8,B_symbols,,0x26e7b1a1040,identifier,Get
0x0e4b58,936792,43,B,48,B_symbols,,,dotted_name,Barracuda.Components.BarracudaLaneComponent
0x0e4b88,936840,23,B,28,B_symbols,,,identifier,UBarracudaLaneComponent
0x0e4c30,937008,8,B,13,B_symbols,,0x26e6ef00940,identifier,Iterator
0x0e4c89,937097,7,B,12,B_symbols,,0x26e6ef005c0,identifier,Proceed
0x0e4ce1,937185,24,B,29,B_symbols,,0x26e7a188580,identifier,GetLokiCharacterMovement
0x0e4d4a,937290,41,B,46,B_symbols,,0x26e6e837240,identifier,UBarracudaMinionWaypointFollowerComponent
0x0e4d78,937336,67,B,72,B_symbols,,,dotted_name,Barracuda.Minion.Waypoints.BarracudaMinionWaypointFollowerComponent
0x0e4e08,937480,40,B,45,B_symbols,,0x26e7b1a6b40,identifier,UBTService_BarracudaUpdateMinionWaypoint
0x0e4e35,937525,57,B,62,B_symbols,,,dotted_name,Barracuda.Minion.Waypoints.BTService_UpdateMinionWaypoint
0x0e4ebb,937659,13,B,18,B_symbols,,0x26e797d36c0,identifier,GetBlackboard
0x0e4ed1,937681,8,B,13,B_symbols,,,identifier,AIHelper
0x0e4f46,937798,16,B,21,B_symbols,,0x26e797a8e40,identifier,SetValueAsVector
0x0e4fef,937967,40,B,45,B_symbols,,0x26e7b1a6980,identifier,UBTService_BarracudaUpdateMinionWaypoint
0x0e501c,938012,57,B,62,B_symbols,,,dotted_name,Barracuda.Minion.Waypoints.BTService_UpdateMinionWaypoint
0x0e50a2,938146,41,B,46,B_symbols,,0x26e6ee51900,other,~UBTService_BarracudaUpdateMinionWaypoint
0x0e50d0,938192,57,B,62,B_symbols,,,dotted_name,Barracuda.Minion.Waypoints.BTService_UpdateMinionWaypoint
0x0e5156,938326,5,B,10,B_symbols,,0x26e78768580,internal_symbol,$beh0
0x0e51ac,938412,5,B,10,B_symbols,,0x26e787683c0,internal_symbol,$beh2
0x0e5202,938498,27,B,32,B_symbols,,0x26e7b1a6440,identifier,UBarracudaShopItemGraphNode
0x0e5222,938530,28,B,33,B_symbols,,,dotted_name,Barracuda.Shop.BarracudaShop
0x0e528b,938635,14,B,19,B_symbols,,0x26e7b1a3a40,identifier,ABarracudaShop
0x0e529e,938654,28,B,33,B_symbols,,,dotted_name,Barracuda.Shop.BarracudaShop
0x0e5307,938759,27,B,32,B_symbols,,0x26e7b1a6280,identifier,UBarracudaShopItemGraphNode
0x0e5327,938791,28,B,33,B_symbols,,,dotted_name,Barracuda.Shop.BarracudaShop
0x0e5390,938896,28,B,33,B_symbols,,0x26e6ee51740,other,~UBarracudaShopItemGraphNode
0x0e53b1,938929,28,B,33,B_symbols,,,dotted_name,Barracuda.Shop.BarracudaShop
0x0e541a,939034,5,B,10,B_symbols,,0x26e6ef00240,internal_symbol,$beh0
0x0e5470,939120,5,B,10,B_symbols,,0x26e6ef00080,internal_symbol,$beh0
0x0e54c6,939206,5,B,10,B_symbols,,0x26e7b1aa180,internal_symbol,$beh2
0x0e551c,939292,5,B,10,B_symbols,,0x26e7b1a9e00,internal_symbol,$beh2
0x0e5572,939378,26,B,31,B_symbols,,0x26e7b1a60c0,identifier,FBarracudaShopPurchasePlan
0x0e5591,939409,28,B,33,B_symbols,,,dotted_name,Barracuda.Shop.BarracudaShop
0x0e55fa,939514,27,B,32,B_symbols,,0x26e6ee51580,other,~FBarracudaShopPurchasePlan
0x0e561a,939546,28,B,33,B_symbols,,,dotted_name,Barracuda.Shop.BarracudaShop
0x0e5683,939651,5,B,10,B_symbols,,0x26e6ef07240,internal_symbol,$beh0
0x0e56d9,939737,5,B,10,B_symbols,,0x26e7a0ebbc0,internal_symbol,$beh2
0x0e572f,939823,10,B,15,B_symbols,,0x26e7b1a5100,identifier,BuildGraph
0x0e573e,939838,28,B,33,B_symbols,,,dotted_name,Barracuda.Shop.BarracudaShop
0x0e57a7,939943,30,B,35,B_symbols,,0x26e7b1a4f40,identifier,CalculateTotalCostsForAllItems
0x0e57ca,939978,28,B,33,B_symbols,,,dotted_name,Barracuda.Shop.BarracudaShop
0x0e5833,940083,13,B,18,B_symbols,,0x26e7b1a4a00,identifier,DebugLogGraph
0x0e5845,940101,28,B,33,B_symbols,,,dotted_name,Barracuda.Shop.BarracudaShop
0x0e58ae,940206,12,B,17,B_symbols,,0x26e7a132c40,identifier,LokiIsClient
0x0e58c3,940227,4,B,9,B_symbols,,,identifier,Loki
0x0e5934,940340,20,B,25,B_symbols,,0x26e79fa1200,identifier,GetUIGameEventRouter
0x0e5951,940369,25,B,30,B_symbols,,,identifier,UGameEventRouterSubsystem
0x0e59d7,940503,5,B,10,B_symbols,,0x26e79561900,internal_symbol,$beh0
0x0e5a2d,940589,5,B,10,B_symbols,,0x26e79561740,internal_symbol,$beh2
0x0e5a83,940675,5,B,10,B_symbols,,0x26e79561200,internal_symbol,$beh0
0x0e5ad9,940761,5,B,10,B_symbols,,0x26e79561040,internal_symbol,$beh2
0x0e5b2f,940847,5,B,10,B_symbols,,0x26e79560400,internal_symbol,$beh0
0x0e5b85,940933,5,B,10,B_symbols,,0x26e79560240,internal_symbol,$beh2
0x0e5bdb,941019,5,B,10,B_symbols,,0x26e79567080,internal_symbol,$beh0
0x0e5c31,941105,5,B,10,B_symbols,,0x26e79566ec0,internal_symbol,$beh2
0x0e5c87,941191,19,B,24,B_symbols,,0x26e7a0ef900,identifier,GetTotalCostForItem
0x0e5ca3,941219,13,B,18,B_symbols,,,identifier,ALokiBaseItem
0x0e5d1d,941341,16,B,21,B_symbols,,0x26e7b1a5d40,identifier,GetItemTotalCost
0x0e5d32,941362,28,B,33,B_symbols,,,dotted_name,Barracuda.Shop.BarracudaShop
0x0e5dbf,941503,5,B,10,B_symbols,,0x26e6ef07080,internal_symbol,$beh0
0x0e5e15,941589,29,B,34,B_symbols,,0x26e7a0eb840,identifier,GetRecipeCostForLocalPlayerBP
0x0e5e3b,941627,13,B,18,B_symbols,,,identifier,ALokiBaseItem
0x0e5f21,941857,5,B,10,B_symbols,,0x26e7a0eb680,internal_symbol,$beh2
0x0e5f77,941943,23,B,28,B_symbols,,0x26e7b1a3dc0,identifier,TryGeneratePurchasePlan
0x0e5f93,941971,28,B,33,B_symbols,,,dotted_name,Barracuda.Shop.BarracudaShop
0x0e6068,942184,19,B,24,B_symbols,,0x26e7b1a3c00,identifier,ExecutePurchasePlan
0x0e6080,942208,28,B,33,B_symbols,,,dotted_name,Barracuda.Shop.BarracudaShop
0x0e6155,942421,28,B,33,B_symbols,,0x26e7a0e9c40,identifier,GetCurrentInventoryComponent
0x0e61c2,942530,16,B,21,B_symbols,,0x26e7b1a5b80,identifier,GetItemSellValue
0x0e61d7,942551,28,B,33,B_symbols,,,dotted_name,Barracuda.Shop.BarracudaShop
0x0e6264,942692,4,B,9,B_symbols,,0x26e6ef06ec0,identifier,Find
0x0e6301,942849,8,B,13,B_symbols,,0x26e6ef06980,identifier,Iterator
0x0e635a,942938,7,B,12,B_symbols,,0x26e6ef06600,identifier,Proceed
0x0e63b2,943026,3,B,8,B_symbols,,0x26e6ef06440,identifier,Add
0x0e642a,943146,7,B,12,B_symbols,,0x26e6ef06280,identifier,IsEmpty
0x0e6482,943234,8,B,13,B_symbols,,0x26e6ef05d40,identifier,Iterator
0x0e64db,943323,7,B,12,B_symbols,,0x26e6ef059c0,identifier,Proceed
0x0e6533,943411,33,B,38,B_symbols,,0x26e7a2d3c00,identifier,GetAllPossibleActorsFromLootTable
0x0e655d,943453,14,B,19,B_symbols,,,identifier,ULokiLootTable
0x0e65fc,943612,8,B,13,B_symbols,,0x26e6ef05480,identifier,Iterator
0x0e6655,943701,7,B,12,B_symbols,,0x26e6ef05100,identifier,Proceed
0x0e66ad,943789,8,B,13,B_symbols,,0x26e7a110b00,internal_symbol,opAssign
0x0e672a,943914,16,B,21,B_symbols,,0x26e6ef04f40,identifier,GetDefaultObject
0x0e678b,944011,8,B,13,B_symbols,,0x26e6ef04a00,identifier,Iterator
0x0e67e4,944100,7,B,12,B_symbols,,0x26e6ef04680,identifier,Proceed
0x0e683c,944188,24,B,29,B_symbols,,0x26e7b1a4bc0,identifier,GetOrCreateItemGraphNode
0x0e6859,944217,28,B,33,B_symbols,,,dotted_name,Barracuda.Shop.BarracudaShop
0x0e68e6,944358,8,B,13,B_symbols,,0x26e6ef03a40,identifier,Contains
0x0e6963,944483,3,B,8,B_symbols,,0x26e6ef0ac00,identifier,Add
0x0e69db,944603,8,B,13,B_symbols,,0x26e6ef0a6c0,identifier,Iterator
0x0e6a34,944692,7,B,12,B_symbols,,0x26e6ef0a340,identifier,Proceed
0x0e6a8c,944780,3,B,8,B_symbols,,0x26e6ef0a180,identifier,Add
0x0e6b04,944900,8,B,13,B_symbols,,0x26e6ef09c40,identifier,Iterator
0x0e6b5d,944989,7,B,12,B_symbols,,0x26e6ef098c0,identifier,Proceed
0x0e6bb5,945077,8,B,13,B_symbols,,0x26e6ef09700,identifier,GetValue
0x0e6c0e,945166,22,B,27,B_symbols,,0x26e7b1a4d80,identifier,CalculateItemTotalCost
0x0e6c29,945193,28,B,33,B_symbols,,,dotted_name,Barracuda.Shop.BarracudaShop
0x0e6cb6,945334,8,B,13,B_symbols,,0x26e6ef09000,identifier,Iterator
0x0e6d0f,945423,7,B,12,B_symbols,,0x26e6ef08c80,identifier,Proceed
0x0e6d67,945511,11,B,16,B_symbols,,0x26e7b1aa6c0,identifier,StaticClass
0x0e6d77,945527,28,B,33,B_symbols,,,dotted_name,Barracuda.Shop.BarracudaShop
0x0e6d98,945560,27,B,32,B_symbols,,,identifier,UBarracudaShopItemGraphNode
0x0e6dfc,945660,5,B,10,B_symbols,,0x26e6ee89540,internal_symbol,$beh0
0x0e6e76,945782,12,B,17,B_symbols,,0x26e7a0e8040,identifier,GetGoldValue
0x0e6ed3,945875,3,B,8,B_symbols,,0x26e6ef08ac0,identifier,Add
0x0e6f6f,946031,9,B,14,B_symbols,,0x26e79b1f740,identifier,LogString
0x0e6f81,946049,6,B,11,B_symbols,,,identifier,System
0x0e7018,946200,3,B,8,B_symbols,,0x26e6ef08900,identifier,Num
0x0e706c,946284,14,B,19,B_symbols,,0x26e7b1a4840,identifier,DebugPrintNode
0x0e707f,946303,28,B,33,B_symbols,,,dotted_name,Barracuda.Shop.BarracudaShop
0x0e7130,946480,19,B,24,B_symbols,,0x26e7a0ecd40,identifier,GetPlayerFacingName
0x0e7194,946580,5,B,10,B_symbols,,0x26e628a8ac0,internal_symbol,$beh0
0x0e720e,946702,5,B,10,B_symbols,,0x26e79560b00,internal_symbol,$beh0
0x0e7264,946788,5,B,10,B_symbols,,0x26e79560940,internal_symbol,$beh2
0x0e72ba,946874,22,B,27,B_symbols,,0x26e7b1a4680,identifier,BroadcastFilterUpdated
0x0e72d5,946901,28,B,33,B_symbols,,,dotted_name,Barracuda.Shop.BarracudaShop
0x0e733e,947006,5,B,10,B_symbols,,0x26e6ef08580,identifier,Empty
0x0e73b8,947128,5,B,10,B_symbols,,0x26e78762000,internal_symbol,$beh0
0x0e7432,947250,3,B,8,B_symbols,,0x26e6ef083c0,identifier,Add
0x0e74aa,947370,25,B,30,B_symbols,,0x26e7a0ebd80,identifier,GetRecipeCostForInventory
0x0e74cc,947404,13,B,18,B_symbols,,,identifier,ALokiBaseItem
0x0e758e,947598,19,B,24,B_symbols,,0x26e7a2a75c0,identifier,GetEmptySlotsByName
0x0e7616,947734,8,B,13,B_symbols,,0x26e6ef08200,identifier,Iterator
0x0e766f,947823,7,B,12,B_symbols,,0x26e6ef07e80,identifier,Proceed
0x0e76c7,947911,14,B,19,B_symbols,,0x26e7b1aac00,identifier,ABarracudaShop
0x0e76da,947930,28,B,33,B_symbols,,,dotted_name,Barracuda.Shop.BarracudaShop
0x0e7743,948035,15,B,20,B_symbols,,0x26e6ee513c0,other,~ABarracudaShop
0x0e7757,948055,28,B,33,B_symbols,,,dotted_name,Barracuda.Shop.BarracudaShop
0x0e77c0,948160,5,B,10,B_symbols,,0x26e6ef07cc0,internal_symbol,$beh0
0x0e7816,948246,5,B,10,B_symbols,,0x26e6ef07b00,internal_symbol,$beh0
0x0e786c,948332,5,B,10,B_symbols,,0x26e6ef07940,internal_symbol,$beh0
0x0e78c2,948418,5,B,10,B_symbols,,0x26e7b1a98c0,internal_symbol,$beh2
0x0e7918,948504,5,B,10,B_symbols,,0x26e7b1a9540,internal_symbol,$beh2
0x0e796e,948590,5,B,10,B_symbols,,0x26e711e7240,internal_symbol,$beh2
0x0e79c4,948676,28,B,33,B_symbols,,0x26e7b1a7cc0,identifier,UBarracudaShopItemListWidget
0x0e79e5,948709,42,B,47,B_symbols,,,dotted_name,Barracuda.Shop.BarracudaShopItemListWidget
0x0e7a5c,948828,5,B,10,B_symbols,,0x26e79566980,internal_symbol,$beh0
0x0e7ab2,948914,5,B,10,B_symbols,,0x26e795667c0,internal_symbol,$beh2
0x0e7b08,949000,13,B,18,B_symbols,,0x26e7b1a8580,identifier,UpdateVisuals
0x0e7b1a,949018,42,B,47,B_symbols,,,dotted_name,Barracuda.Shop.BarracudaShopItemListWidget
0x0e7b91,949137,18,B,23,B_symbols,,0x26e7b1a91c0,identifier,ClearItemContainer
0x0e7ba8,949160,42,B,47,B_symbols,,,dotted_name,Barracuda.Shop.BarracudaShopItemListWidget
0x0e7c1f,949279,18,B,23,B_symbols,,0x26e7b1a8200,identifier,DoesItemPassFilter
0x0e7c36,949302,42,B,47,B_symbols,,,dotted_name,Barracuda.Shop.BarracudaShopItemListWidget
0x0e7cf5,949493,24,B,29,B_symbols,,0x26e7b1a83c0,identifier,SortItemNodesByTotalCost
0x0e7d12,949522,42,B,47,B_symbols,,,dotted_name,Barracuda.Shop.BarracudaShopItemListWidget
0x0e7dad,949677,18,B,23,B_symbols,,0x26e7b1a8e40,identifier,AddItemToContainer
0x0e7dc4,949700,42,B,47,B_symbols,,,dotted_name,Barracuda.Shop.BarracudaShopItemListWidget
0x0e7e5f,949855,24,B,29,B_symbols,,0x26e7b1a8ac0,identifier,EventFinishedAddingItems
0x0e7e7c,949884,42,B,47,B_symbols,,,dotted_name,Barracuda.Shop.BarracudaShopItemListWidget
0x0e7ef3,950003,8,B,13,B_symbols,,0x26e7b1a9fc0,internal_symbol,opAssign
0x0e7f70,950128,7,B,12,B_symbols,,0x26e6ef07780,identifier,IsEmpty
0x0e7fc8,950216,7,B,12,B_symbols,,0x26e6ef0e5c0,internal_symbol,opIndex
0x0e8044,950340,3,B,8,B_symbols,,0x26e6ef075c0,identifier,Num
0x0e8098,950424,12,B,17,B_symbols,,0x26e6ef0e400,identifier,RemoveAtSwap
0x0e8119,950553,7,B,12,B_symbols,,0x26e628a7400,identifier,IsEmpty
0x0e8171,950641,8,B,13,B_symbols,,0x26e628ac800,identifier,Contains
0x0e8236,950838,8,B,13,B_symbols,,0x26e6ef0dd00,identifier,Iterator
0x0e828f,950927,7,B,12,B_symbols,,0x26e6ef0d980,identifier,Proceed
0x0e82e7,951015,6,B,11,B_symbols,,0x26e6ef0d7c0,identifier,Append
0x0e8362,951138,26,B,31,B_symbols,,0x26e7a11bd80,identifier,HasAllMatchingGameplayTags
0x0e8385,951173,4,B,9,B_symbols,,,identifier,Loki
0x0e841a,951322,28,B,33,B_symbols,,0x26e7b1a7b00,identifier,UBarracudaShopItemListWidget
0x0e843b,951355,42,B,47,B_symbols,,,dotted_name,Barracuda.Shop.BarracudaShopItemListWidget
0x0e84b2,951474,32,B,37,B_symbols,,0x26e7b1adb40,identifier,UBarracudaShopItemTreeNodeWidget
0x0e84d7,951511,46,B,51,B_symbols,,,dotted_name,Barracuda.Shop.BarracudaShopItemTreeNodeWidget
0x0e8552,951634,21,B,26,B_symbols,,0x26e7861c480,internal_symbol,__Evt_PushArgumentRef
0x0e85dc,951772,13,B,18,B_symbols,,0x26e7b1ae400,identifier,UpdateVisuals
0x0e85ee,951790,46,B,51,B_symbols,,,dotted_name,Barracuda.Shop.BarracudaShopItemTreeNodeWidget
0x0e868d,951949,18,B,23,B_symbols,,0x26e7b1ac100,identifier,SetRepresentedItem
0x0e86a4,951972,38,B,43,B_symbols,,,dotted_name,Barracuda.Shop.BarracudaShopItemWidget
0x0e873b,952123,13,B,18,B_symbols,,0x26e7971ba00,identifier,SetVisibility
0x0e87bd,952253,10,B,15,B_symbols,,0x26e7b1ae240,identifier,UpdateName
0x0e87cc,952268,46,B,51,B_symbols,,,dotted_name,Barracuda.Shop.BarracudaShopItemTreeNodeWidget
0x0e886b,952427,14,B,19,B_symbols,,0x26e7b1ae080,identifier,UpdateRootNode
0x0e887e,952446,46,B,51,B_symbols,,,dotted_name,Barracuda.Shop.BarracudaShopItemTreeNodeWidget
0x0e891d,952605,15,B,20,B_symbols,,0x26e7b1adec0,identifier,UpdateOwnership
0x0e8931,952625,46,B,51,B_symbols,,,dotted_name,Barracuda.Shop.BarracudaShopItemTreeNodeWidget
0x0e89d0,952784,10,B,15,B_symbols,,0x26e703adb40,identifier,FromString
0x0e89e3,952803,5,B,10,B_symbols,,,identifier,FText
0x0e8a55,952917,8,B,13,B_symbols,,0x26e69d0c100,internal_symbol,opAssign
0x0e8ad2,953042,7,B,12,B_symbols,,0x26e798644c0,identifier,SetText
0x0e8b4e,953166,13,B,18,B_symbols,,0x26e7981fc80,identifier,ClearChildren
0x0e8bac,953260,21,B,26,B_symbols,,0x26e7b1a7780,identifier,CreateInputItemWidget
0x0e8bc6,953286,46,B,51,B_symbols,,,dotted_name,Barracuda.Shop.BarracudaShopItemTreeNodeWidget
0x0e8cad,953517,8,B,13,B_symbols,,0x26e7981fe40,identifier,AddChild
0x0e8d2a,953642,8,B,13,B_symbols,,0x26e6ef0d600,identifier,Iterator
0x0e8d83,953731,7,B,12,B_symbols,,0x26e6ef0d280,identifier,Proceed
0x0e8ddb,953819,6,B,11,B_symbols,,0x26e6ef0d0c0,identifier,Remove
0x0e8e56,953942,32,B,37,B_symbols,,0x26e7b1ad980,identifier,UBarracudaShopItemTreeNodeWidget
0x0e8e7b,953979,46,B,51,B_symbols,,,dotted_name,Barracuda.Shop.BarracudaShopItemTreeNodeWidget
0x0e8ef6,954102,28,B,33,B_symbols,,0x26e7b1acb80,identifier,UBarracudaShopItemTreeWidget
0x0e8f17,954135,42,B,47,B_symbols,,,dotted_name,Barracuda.Shop.BarracudaShopItemTreeWidget
0x0e8f8e,954254,5,B,10,B_symbols,,0x26e79567b00,internal_symbol,$beh0
0x0e8fe4,954340,5,B,10,B_symbols,,0x26e79567940,internal_symbol,$beh2
0x0e903a,954426,13,B,18,B_symbols,,0x26e7b1acf00,identifier,UpdateVisuals
0x0e904c,954444,42,B,47,B_symbols,,,dotted_name,Barracuda.Shop.BarracudaShopItemTreeWidget
0x0e90c3,954563,21,B,26,B_symbols,,0x26e7b1acd40,identifier,UpdateVisualsInternal
0x0e90dd,954589,42,B,47,B_symbols,,,dotted_name,Barracuda.Shop.BarracudaShopItemTreeWidget
0x0e9178,954744,5,B,10,B_symbols,,0x26e6ef0cf00,identifier,Empty
0x0e91f2,954866,23,B,28,B_symbols,,0x26e7a11dd00,identifier,GetLocalLokiPlayerState
0x0e9212,954898,4,B,9,B_symbols,,,identifier,Loki
0x0e9283,955011,16,B,21,B_symbols,,0x26e7a2a4140,identifier,GetAllValidItems
0x0e92e4,955108,6,B,11,B_symbols,,0x26e6ef0cb80,identifier,Append
0x0e935f,955231,7,B,12,B_symbols,,0x26e7b1add00,identifier,SetItem
0x0e936b,955243,46,B,51,B_symbols,,,dotted_name,Barracuda.Shop.BarracudaShopItemTreeNodeWidget
0x0e940a,955402,28,B,33,B_symbols,,0x26e7b1ac9c0,identifier,UBarracudaShopItemTreeWidget
0x0e942b,955435,42,B,47,B_symbols,,,dotted_name,Barracuda.Shop.BarracudaShopItemTreeWidget
0x0e94a2,955554,29,B,34,B_symbols,,0x26e6ee51200,other,~UBarracudaShopItemTreeWidget
0x0e94c4,955588,42,B,47,B_symbols,,,dotted_name,Barracuda.Shop.BarracudaShopItemTreeWidget
0x0e953b,955707,24,B,29,B_symbols,,0x26e7b1abd80,identifier,UBarracudaShopItemWidget
0x0e9558,955736,38,B,43,B_symbols,,,dotted_name,Barracuda.Shop.BarracudaShopItemWidget
0x0e95cb,955851,5,B,10,B_symbols,,0x26e786f13c0,internal_symbol,$beh0
0x0e9645,955973,5,B,10,B_symbols,,0x26e786f1580,internal_symbol,$beh2
0x0e969b,956059,8,B,13,B_symbols,,0x26e6ee89e00,internal_symbol,opAssign
0x0e9718,956184,5,B,10,B_symbols,,0x26e79562700,internal_symbol,$beh0
0x0e976e,956270,5,B,10,B_symbols,,0x26e79562540,internal_symbol,$beh2
0x0e97c4,956356,5,B,10,B_symbols,,0x26e79562000,internal_symbol,$beh0
0x0e981a,956442,5,B,10,B_symbols,,0x26e79561e40,internal_symbol,$beh2
0x0e9870,956528,13,B,18,B_symbols,,0x26e7b1ac640,identifier,UpdateVisuals
0x0e9882,956546,38,B,43,B_symbols,,,dotted_name,Barracuda.Shop.BarracudaShopItemWidget
0x0e98f5,956661,16,B,21,B_symbols,,0x26e7b1aa880,identifier,GetBarracudaShop
0x0e990a,956682,28,B,33,B_symbols,,,dotted_name,Barracuda.Shop.BarracudaShop
0x0e9973,956787,18,B,23,B_symbols,,0x26e7b1a59c0,identifier,GetIncrementalCost
0x0e998a,956810,28,B,33,B_symbols,,,dotted_name,Barracuda.Shop.BarracudaShop
0x0e9a17,956951,24,B,29,B_symbols,,0x26e7b1abbc0,identifier,UBarracudaShopItemWidget
0x0e9a34,956980,38,B,43,B_symbols,,,dotted_name,Barracuda.Shop.BarracudaShopItemWidget
0x0e9aa7,957095,39,B,44,B_symbols,,0x26e7b1afc80,identifier,UBarracudaShopPlayerControllerComponent
0x0e9ad3,957139,53,B,58,B_symbols,,,dotted_name,Barracuda.Shop.BarracudaShopPlayerControllerComponent
0x0e9b55,957269,13,B,18,B_symbols,,0x26e7b1ab300,identifier,ServerBuyItem
0x0e9b67,957287,53,B,58,B_symbols,,,dotted_name,Barracuda.Shop.BarracudaShopPlayerControllerComponent
0x0e9c0d,957453,11,B,16,B_symbols,,0x26e7b1a5800,identifier,AuthBuyItem
0x0e9c1d,957469,28,B,33,B_symbols,,,dotted_name,Barracuda.Shop.BarracudaShop
0x0e9cce,957646,14,B,19,B_symbols,,0x26e7b1aadc0,identifier,ServerSellItem
0x0e9ce1,957665,53,B,58,B_symbols,,,dotted_name,Barracuda.Shop.BarracudaShopPlayerControllerComponent
0x0e9d87,957831,12,B,17,B_symbols,,0x26e7b1a5640,identifier,AuthSellItem
0x0e9d98,957848,28,B,33,B_symbols,,,dotted_name,Barracuda.Shop.BarracudaShop
0x0e9e49,958025,39,B,44,B_symbols,,0x26e7b1afac0,identifier,UBarracudaShopPlayerControllerComponent
0x0e9e75,958069,53,B,58,B_symbols,,,dotted_name,Barracuda.Shop.BarracudaShopPlayerControllerComponent
0x0e9ef7,958199,26,B,31,B_symbols,,0x26e7b1af040,identifier,UBarraucdaShopFilterWidget
0x0e9f16,958230,40,B,45,B_symbols,,,dotted_name,Barracuda.Shop.BarraucdaShopFilterWidget
0x0e9f8b,958347,23,B,28,B_symbols,,0x26e7b1af200,identifier,FBarracudaShopTagFilter
0x0e9fa7,958375,40,B,45,B_symbols,,,dotted_name,Barracuda.Shop.BarraucdaShopFilterWidget
0x0ea01c,958492,24,B,29,B_symbols,,0x26e6ee51040,other,~FBarracudaShopTagFilter
0x0ea039,958521,40,B,45,B_symbols,,,dotted_name,Barracuda.Shop.BarraucdaShopFilterWidget
0x0ea0ae,958638,26,B,31,B_symbols,,0x26e7b1aee80,identifier,UBarraucdaShopFilterWidget
0x0ea0cd,958669,40,B,45,B_symbols,,,dotted_name,Barracuda.Shop.BarraucdaShopFilterWidget
0x0ea142,958786,27,B,32,B_symbols,,0x26e6ee50e80,other,~UBarraucdaShopFilterWidget
0x0ea162,958818,40,B,45,B_symbols,,,dotted_name,Barracuda.Shop.BarraucdaShopFilterWidget
0x0ea1d7,958935,5,B,10,B_symbols,,0x26e6ef0c9c0,internal_symbol,$beh0
0x0ea22d,959021,5,B,10,B_symbols,,0x26e7b1aeb00,internal_symbol,$beh2
0x0ea283,959107,23,B,28,B_symbols,,0x26e6ed80b00,identifier,ABarracudaMinionSpawner
0x0ea29f,959135,41,B,46,B_symbols,,,dotted_name,Barracuda.Spawners.BarracudaMinionSpawner
0x0ea315,959253,16,B,21,B_symbols,,0x26e7b1ae780,identifier,FGametimeToLevel
0x0ea32a,959274,41,B,46,B_symbols,,,dotted_name,Barracuda.Spawners.BarracudaMinionSpawner
0x0ea3a0,959392,16,B,21,B_symbols,,0x26e6ed83880,identifier,FMinionWaveEntry
0x0ea3b5,959413,41,B,46,B_symbols,,,dotted_name,Barracuda.Spawners.BarracudaMinionSpawner
0x0ea42b,959531,5,B,10,B_symbols,,0x26e6ef0c800,internal_symbol,$beh0
0x0ea481,959617,11,B,16,B_symbols,,0x26e6ed836c0,identifier,FMinionWave
0x0ea491,959633,41,B,46,B_symbols,,,dotted_name,Barracuda.Spawners.BarracudaMinionSpawner
0x0ea507,959751,12,B,17,B_symbols,,0x26e6ee50cc0,other,~FMinionWave
0x0ea518,959768,41,B,46,B_symbols,,,dotted_name,Barracuda.Spawners.BarracudaMinionSpawner
0x0ea58e,959886,5,B,10,B_symbols,,0x26e6ef0c640,internal_symbol,$beh0
0x0ea5e4,959972,5,B,10,B_symbols,,0x26e6ed80240,internal_symbol,$beh2
0x0ea63a,960058,16,B,21,B_symbols,,0x26e7a3de5c0,identifier,AuthSetTeamIndex
0x0ea6bf,960191,24,B,29,B_symbols,,0x26e6ed82c40,identifier,AuthTryEnablingSpawnLoop
0x0ea6dc,960220,41,B,46,B_symbols,,,dotted_name,Barracuda.Spawners.BarracudaMinionSpawner
0x0ea752,960338,14,B,19,B_symbols,,0x26e79f0fac0,identifier,SetIconVisible
0x0ea7d5,960469,17,B,22,B_symbols,,0x26e7a11d980,identifier,GetLocalTeamIndex
0x0ea7ef,960495,4,B,9,B_symbols,,,identifier,Loki
0x0ea884,960644,29,B,34,B_symbols,,0x26e6e83aa40,identifier,GetBarracudaTeamStateTeamOnly
0x0ea8a6,960678,47,B,52,B_symbols,,,dotted_name,Barracuda.GameState.BarracudaTeamState_TeamOnly
0x0ea946,960838,28,B,33,B_symbols,,0x26e6272f740,identifier,SecondsUntilNextDayNightSwap
0x0ea967,960871,47,B,52,B_symbols,,,dotted_name,Barracuda.GameState.BarracudaGameStateComponent
0x0ea9e3,960995,20,B,25,B_symbols,,0x26e6ed80e80,identifier,GrantTimerToAllTeams
0x0ea9fc,961020,41,B,46,B_symbols,,,dotted_name,Barracuda.Spawners.BarracudaMinionSpawner
0x0eaa72,961138,20,B,25,B_symbols,,0x26e6ed81580,identifier,IsClockBasedSpawning
0x0eaa8b,961163,41,B,46,B_symbols,,,dotted_name,Barracuda.Spawners.BarracudaMinionSpawner
0x0eab01,961281,20,B,25,B_symbols,,0x26e6ed83180,identifier,AuthSetNextSpawnTime
0x0eab1a,961306,41,B,46,B_symbols,,,dotted_name,Barracuda.Spawners.BarracudaMinionSpawner
0x0eabb4,961460,22,B,27,B_symbols,,0x26e6ed813c0,identifier,AuthCheckDayNightSpawn
0x0eabcf,961487,41,B,46,B_symbols,,,dotted_name,Barracuda.Spawners.BarracudaMinionSpawner
0x0eac45,961605,17,B,22,B_symbols,,0x26e6ed82700,identifier,IsSpawningAllowed
0x0eac5b,961627,41,B,46,B_symbols,,,dotted_name,Barracuda.Spawners.BarracudaMinionSpawner
0x0eacd1,961745,25,B,30,B_symbols,,0x26e6ed81ac0,identifier,AuthCleanMinionReferences
0x0eacef,961775,41,B,46,B_symbols,,,dotted_name,Barracuda.Spawners.BarracudaMinionSpawner
0x0ead65,961893,28,B,33,B_symbols,,0x26e6ed81740,identifier,AuthTryUpdatingNextSpawnTime
0x0ead86,961926,41,B,46,B_symbols,,,dotted_name,Barracuda.Spawners.BarracudaMinionSpawner
0x0eadfc,962044,19,B,24,B_symbols,,0x26e6ed81900,identifier,AuthShouldSpawnWave
0x0eae14,962068,41,B,46,B_symbols,,,dotted_name,Barracuda.Spawners.BarracudaMinionSpawner
0x0eae8a,962186,18,B,23,B_symbols,,0x26e6ed81c80,identifier,AuthCleanupMinions
0x0eaea1,962209,41,B,46,B_symbols,,,dotted_name,Barracuda.Spawners.BarracudaMinionSpawner
0x0eaf17,962327,13,B,18,B_symbols,,0x26e6ed82380,identifier,AuthSpawnWave
0x0eaf29,962345,41,B,46,B_symbols,,,dotted_name,Barracuda.Spawners.BarracudaMinionSpawner
0x0eaf9f,962463,26,B,31,B_symbols,,0x26e7a11bbc0,identifier,HasAnyMatchingGameplayTags
0x0eafc2,962498,4,B,9,B_symbols,,,identifier,Loki
0x0eb057,962647,17,B,22,B_symbols,,0x26e6ed82000,identifier,BeginStaggerSpawn
0x0eb06d,962669,41,B,46,B_symbols,,,dotted_name,Barracuda.Spawners.BarracudaMinionSpawner
0x0eb0e3,962787,8,B,13,B_symbols,,0x26e6ef0bf40,identifier,Iterator
0x0eb13c,962876,7,B,12,B_symbols,,0x26e6ef0bbc0,identifier,Proceed
0x0eb194,962964,8,B,13,B_symbols,,0x26e793ab140,internal_symbol,opAssign
0x0eb211,963089,8,B,13,B_symbols,,0x26e6ef0ba00,internal_symbol,opEquals
0x0eb28e,963214,12,B,17,B_symbols,,0x26e68c16280,identifier,HasLaneIndex
0x0eb29f,963231,43,B,48,B_symbols,,,dotted_name,Barracuda.Components.BarracudaLaneComponent
0x0eb317,963351,11,B,16,B_symbols,,0x26e7b1a1200,identifier,StaticClass
0x0eb327,963367,43,B,48,B_symbols,,,dotted_name,Barracuda.Components.BarracudaLaneComponent
0x0eb357,963415,23,B,28,B_symbols,,,identifier,UBarracudaLaneComponent
0x0eb3b7,963511,15,B,20,B_symbols,,0x26e7b0783c0,identifier,CreateComponent
0x0eb45f,963679,15,B,20,B_symbols,,0x26e7a410240,identifier,SetTeamForActor
0x0eb477,963703,8,B,13,B_symbols,,,identifier,LokiTeam
0x0eb510,963856,23,B,28,B_symbols,,0x26e7a188740,identifier,GetLokiAbilitySystem_BP
0x0eb578,963960,14,B,19,B_symbols,,0x26e6ed821c0,identifier,SetMinionLevel
0x0eb58b,963979,41,B,46,B_symbols,,,dotted_name,Barracuda.Spawners.BarracudaMinionSpawner
0x0eb625,964133,3,B,8,B_symbols,,0x26e6ef0b4c0,identifier,Add
0x0eb69d,964253,19,B,24,B_symbols,,0x26e6ed80cc0,identifier,PlaySpawnAudioEvent
0x0eb6b5,964277,41,B,46,B_symbols,,,dotted_name,Barracuda.Spawners.BarracudaMinionSpawner
0x0eb72b,964395,14,B,19,B_symbols,,0x26e7a181200,identifier,AuthGrantLevel
0x0eb7ae,964526,25,B,30,B_symbols,,0x26e79abac00,identifier,GetServerWorldTimeSeconds
0x0eb818,964632,8,B,13,B_symbols,,0x26e6ef0af80,identifier,Iterator
0x0eb871,964721,7,B,12,B_symbols,,0x26e6ef0fe40,identifier,Proceed
0x0eb8c9,964809,5,B,10,B_symbols,,0x26e6ef0fc80,identifier,Empty
0x0eb943,964931,5,B,10,B_symbols,,0x26e6ef0fac0,internal_symbol,$beh0
0x0eb999,965017,3,B,8,B_symbols,,0x26e6ef0f900,identifier,Add
0x0eba11,965137,12,B,17,B_symbols,,0x26e6ed81e40,identifier,StaggerSpawn
0x0eba22,965154,41,B,46,B_symbols,,,dotted_name,Barracuda.Spawners.BarracudaMinionSpawner
0x0eba98,965272,5,B,10,B_symbols,,0x26e6ed86ec0,internal_symbol,$beh2
0x0ebaee,965358,3,B,8,B_symbols,,0x26e6ef0f740,identifier,Num
0x0ebb42,965442,7,B,12,B_symbols,,0x26e6ef0f3c0,internal_symbol,opIndex
0x0ebbbe,965566,5,B,10,B_symbols,,0x26e6ef0ee80,internal_symbol,$beh0
0x0ebc14,965652,8,B,13,B_symbols,,0x26e78a17780,internal_symbol,opAssign
0x0ebc91,965777,8,B,13,B_symbols,,0x26e6ef0f200,internal_symbol,opEquals
0x0ebd0e,965902,10,B,15,B_symbols,,0x26e6ef0eb00,internal_symbol,opImplConv
0x0ebd69,965993,8,B,13,B_symbols,,0x26e6ef23880,identifier,Iterator
0x0ebdc2,966082,7,B,12,B_symbols,,0x26e6ef23500,identifier,Proceed
0x0ebe1a,966170,3,B,8,B_symbols,,0x26e6ef23340,identifier,Num
0x0ebe6e,966254,7,B,12,B_symbols,,0x26e6ef22fc0,internal_symbol,opIndex
0x0ebeea,966378,17,B,22,B_symbols,,0x26e6e834140,identifier,DisableAllRewards
0x0ebf00,966400,47,B,52,B_symbols,,,dotted_name,Barracuda.Minion.BarracudaMinionRewardComponent
0x0ebf7c,966524,8,B,13,B_symbols,,0x26e6ef22e00,identifier,RemoveAt
0x0ebff9,966649,5,B,10,B_symbols,,0x26e6ef22c40,identifier,Empty
0x0ec073,966771,7,B,12,B_symbols,,0x26e6ef22a80,identifier,IsEmpty
0x0ec0cb,966859,18,B,23,B_symbols,,0x26e6ed82540,identifier,HasNextRespawnTime
0x0ec0e2,966882,41,B,46,B_symbols,,,dotted_name,Barracuda.Spawners.BarracudaMinionSpawner
0x0ec158,967000,8,B,13,B_symbols,,0x26e6ef228c0,identifier,Iterator
0x0ec1b1,967089,7,B,12,B_symbols,,0x26e6ef22540,identifier,Proceed
0x0ec209,967177,16,B,21,B_symbols,,0x26e6ed81040,identifier,GrantTimerToTeam
0x0ec21e,967198,41,B,46,B_symbols,,,dotted_name,Barracuda.Spawners.BarracudaMinionSpawner
0x0ec2b8,967352,19,B,24,B_symbols,,0x26e6e83a180,identifier,SetSpawnerSpawnTime
0x0ec2d0,967376,47,B,52,B_symbols,,,dotted_name,Barracuda.GameState.BarracudaTeamState_TeamOnly
0x0ec394,967572,13,B,18,B_symbols,,0x26e7a2713c0,identifier,GetTeamStates
0x0ec43a,967738,8,B,13,B_symbols,,0x26e6ef22000,identifier,Iterator
0x0ec493,967827,7,B,12,B_symbols,,0x26e6ef21c80,identifier,Proceed
0x0ec4eb,967915,8,B,13,B_symbols,,0x26e7a3df740,identifier,GetIndex
0x0ec544,968004,5,B,10,B_symbols,,0x26e7a271200,internal_symbol,$beh2
0x0ec59a,968090,14,B,19,B_symbols,,0x26e7a0aeb00,identifier,PostEventActor
0x0ec5b1,968113,9,B,14,B_symbols,,,identifier,LokiAudio
0x0ec66f,968303,14,B,19,B_symbols,,0x26e79714840,identifier,SetNetDormancy
0x0ec6f2,968434,20,B,25,B_symbols,,0x26e799ffe40,identifier,SetCapsuleHalfHeight
0x0ec79f,968607,16,B,21,B_symbols,,0x26e799ffc80,identifier,SetCapsuleRadius
0x0ec848,968776,23,B,28,B_symbols,,0x26e6ed80940,identifier,ABarracudaMinionSpawner
0x0ec864,968804,41,B,46,B_symbols,,,dotted_name,Barracuda.Spawners.BarracudaMinionSpawner
0x0ec8da,968922,24,B,29,B_symbols,,0x26e6ee50b00,other,~ABarracudaMinionSpawner
0x0ec8f7,968951,41,B,46,B_symbols,,,dotted_name,Barracuda.Spawners.BarracudaMinionSpawner
0x0ec96d,969069,5,B,10,B_symbols,,0x26e6ef21ac0,internal_symbol,$beh0
0x0ec9c3,969155,5,B,10,B_symbols,,0x26e6ef21900,internal_symbol,$beh0
0x0eca19,969241,5,B,10,B_symbols,,0x26e6ed87240,internal_symbol,$beh2
0x0eca6f,969327,5,B,10,B_symbols,,0x26e7a112e00,internal_symbol,$beh2
0x0ecac5,969413,21,B,26,B_symbols,,0x26e6ed86440,identifier,ALokiHeroCharacter_AS
0x0ecadf,969439,27,B,32,B_symbols,,,dotted_name,Character.LokiHeroCharacter
0x0ecb47,969543,28,B,33,B_symbols,,0x26e6ed867c0,identifier,BP_OnClientBiomeSoulAcquired
0x0ecb68,969576,27,B,32,B_symbols,,,dotted_name,Character.LokiHeroCharacter
0x0ecbf4,969716,21,B,26,B_symbols,,0x26e6ed86280,identifier,ALokiHeroCharacter_AS
0x0ecc0e,969742,27,B,32,B_symbols,,,dotted_name,Character.LokiHeroCharacter
0x0ecc76,969846,22,B,27,B_symbols,,0x26e6ee50780,other,~ALokiHeroCharacter_AS
0x0ecc91,969873,27,B,32,B_symbols,,,dotted_name,Character.LokiHeroCharacter
0x0eccf9,969977,27,B,32,B_symbols,,0x26e6ed85f00,identifier,FBiomeTouchUnlockedDelegate
0x0ecd19,970009,27,B,32,B_symbols,,,dotted_name,Character.LokiHeroCharacter
0x0ecd81,970113,28,B,33,B_symbols,,0x26e6ee50940,other,~FBiomeTouchUnlockedDelegate
0x0ecda2,970146,27,B,32,B_symbols,,,dotted_name,Character.LokiHeroCharacter
0x0ece0a,970250,25,B,30,B_symbols,,0x26e77fcf580,internal_symbol,__Evt_PushArgument__FText
0x0ece98,970392,8,B,13,B_symbols,,0x26e6ed85b80,internal_symbol,opAssign
0x0ecea5,970405,27,B,32,B_symbols,,,dotted_name,Character.LokiHeroCharacter
0x0ecf31,970545,24,B,29,B_symbols,,0x26e6ed84840,identifier,ULokiHeroGroundIndicator
0x0ecf4e,970574,33,B,38,B_symbols,,,dotted_name,Character.LokiHeroGroundIndicator
0x0ecfbc,970684,20,B,25,B_symbols,,0x26e79ab59c0,identifier,SpawnDecalAtLocation
0x0ecfd9,970713,8,B,13,B_symbols,,,identifier,Gameplay
0x0ed102,971010,16,B,21,B_symbols,,0x26e79a05d40,identifier,GetDecalMaterial
0x0ed163,971107,29,B,34,B_symbols,,0x26e79acd0c0,identifier,CreateDynamicMaterialInstance
0x0ed189,971145,8,B,13,B_symbols,,,identifier,Material
0x0ed26a,971370,16,B,21,B_symbols,,0x26e79a052c0,identifier,SetDecalMaterial
0x0ed2ef,971503,24,B,29,B_symbols,,0x26e6ed84680,identifier,ULokiHeroGroundIndicator
0x0ed30c,971532,33,B,38,B_symbols,,,dotted_name,Character.LokiHeroGroundIndicator
0x0ed37a,971642,5,B,10,B_symbols,,0x26e69557e80,internal_symbol,$beh0
0x0ed43c,971836,5,B,10,B_symbols,,0x26e69557940,internal_symbol,$beh0
0x0ed4b6,971958,15,B,20,B_symbols,,0x26e6ed875c0,identifier,ATemporaryFloor
0x0ed4ca,971978,22,B,27,B_symbols,,,dotted_name,Content.TemporaryFloor
0x0ed52d,972077,18,B,23,B_symbols,,0x26e79b1cf00,identifier,IsValidTimerHandle
0x0ed548,972104,6,B,11,B_symbols,,,identifier,System
0x0ed5bb,972219,27,B,32,B_symbols,,0x26e79b1dd00,identifier,GetTimerRemainingTimeHandle
0x0ed5df,972255,6,B,11,B_symbols,,,identifier,System
0x0ed676,972406,13,B,18,B_symbols,,0x26e7977dec0,identifier,SetStaticMesh
0x0ed6f8,972536,5,B,10,B_symbols,,0x26e69c48900,internal_symbol,$beh0
0x0ed74e,972622,14,B,19,B_symbols,,0x26e79b5d0c0,identifier,GetBoundingBox
0x0ed7ad,972717,19,B,24,B_symbols,,0x26e79f61200,identifier,SetRelativeLocation
0x0ed835,972853,5,B,10,B_symbols,,0x26e69d005c0,internal_symbol,opDiv
0x0ed8af,972975,3,B,8,B_symbols,,0x26e6ef21740,identifier,Add
0x0ed94b,973131,20,B,25,B_symbols,,0x26e6ed8a500,identifier,GetTriggeredDuration
0x0ed964,973156,22,B,27,B_symbols,,,dotted_name,Content.TemporaryFloor
0x0ed9c7,973255,17,B,22,B_symbols,,0x26e6ed8a180,identifier,GetFadingDuration
0x0ed9dd,973277,22,B,27,B_symbols,,,dotted_name,Content.TemporaryFloor
0x0eda40,973376,15,B,20,B_symbols,,0x26e6ed89e00,identifier,GetDeadDuration
0x0eda54,973396,22,B,27,B_symbols,,,dotted_name,Content.TemporaryFloor
0x0edab7,973495,21,B,26,B_symbols,,0x26e6ed89a80,identifier,GetRespawningDuration
0x0edad1,973521,22,B,27,B_symbols,,,dotted_name,Content.TemporaryFloor
0x0edb34,973620,16,B,21,B_symbols,,0x26e6ed87b00,identifier,UpdateLocalState
0x0edb49,973641,22,B,27,B_symbols,,,dotted_name,Content.TemporaryFloor
0x0edbac,973740,14,B,19,B_symbols,,0x26e6ed88580,identifier,DirtyHeightMap
0x0edbbf,973759,22,B,27,B_symbols,,,dotted_name,Content.TemporaryFloor
0x0edc22,973858,19,B,24,B_symbols,,0x26e79715100,identifier,SetActorTickEnabled
0x0edcaa,973994,18,B,23,B_symbols,,0x26e7a11cb80,identifier,GetServerTimeSince
0x0edcc5,974021,4,B,9,B_symbols,,,identifier,Loki
0x0edd5a,974170,7,B,12,B_symbols,,0x26e6ef213c0,internal_symbol,opIndex
0x0eddd6,974294,3,B,8,B_symbols,,0x26e70383500,identifier,Abs
0x0edde2,974306,4,B,9,B_symbols,,,identifier,Math
0x0ede53,974419,19,B,24,B_symbols,,0x26e6ed89700,identifier,ClientTickTriggered
0x0ede6b,974443,22,B,27,B_symbols,,,dotted_name,Content.TemporaryFloor
0x0edef2,974578,16,B,21,B_symbols,,0x26e6ed89380,identifier,ClientTickFading
0x0edf07,974599,22,B,27,B_symbols,,,dotted_name,Content.TemporaryFloor
0x0edf8e,974734,14,B,19,B_symbols,,0x26e6ed89000,identifier,ClientTickDead
0x0edfa1,974753,22,B,27,B_symbols,,,dotted_name,Content.TemporaryFloor
0x0ee028,974888,20,B,25,B_symbols,,0x26e6ed88c80,identifier,ClientTickRespawning
0x0ee041,974913,22,B,27,B_symbols,,,dotted_name,Content.TemporaryFloor
0x0ee0c8,975048,28,B,33,B_symbols,,0x26e77fcd980,internal_symbol,__Evt_PushArgumentRef__float
0x0ee159,975193,11,B,16,B_symbols,,0x26e7a13d600,identifier,GetInstance
0x0ee16d,975213,14,B,19,B_symbols,,,identifier,ALokiHeightMap
0x0ee1e8,975336,5,B,10,B_symbols,,0x26e6ef20b00,internal_symbol,$beh0
0x0ee23e,975422,8,B,13,B_symbols,,0x26e6ef21200,internal_symbol,opAssign
0x0ee2bb,975547,8,B,13,B_symbols,,0x26e6ef21040,internal_symbol,opEquals
0x0ee338,975672,16,B,21,B_symbols,,0x26e79752e00,identifier,GetWorldLocation
0x0ee399,975769,5,B,10,B_symbols,,0x26e7a13db40,identifier,Dirty
0x0ee437,975927,18,B,23,B_symbols,,0x26e79758200,identifier,IsCollisionEnabled
0x0ee49a,976026,19,B,24,B_symbols,,0x26e7975cb80,identifier,SetCollisionEnabled
0x0ee522,976162,15,B,20,B_symbols,,0x26e79751580,identifier,SetHiddenInGame
0x0ee5ca,976330,7,B,12,B_symbols,,0x26e6ef20780,internal_symbol,opIndex
0x0ee646,976454,17,B,22,B_symbols,,0x26e7a0e3880,identifier,PostEventLocation
0x0ee660,976480,9,B,14,B_symbols,,,identifier,LokiAudio
0x0ee78a,976778,14,B,19,B_symbols,,0x26e797083c0,identifier,ForceNetUpdate
0x0ee7e9,976873,16,B,21,B_symbols,,0x26e6ed88900,identifier,BP_NewLocalState
0x0ee7fe,976894,22,B,27,B_symbols,,,dotted_name,Content.TemporaryFloor
0x0ee861,976993,14,B,19,B_symbols,,0x26e6ed87e80,identifier,AuthTryTrigger
0x0ee874,977012,22,B,27,B_symbols,,,dotted_name,Content.TemporaryFloor
0x0ee8fb,977147,15,B,20,B_symbols,,0x26e79f66ec0,identifier,GetbBlockingHit
0x0ee95b,977243,8,B,13,B_symbols,,0x26e79c1c480,identifier,IsEditor
0x0ee96c,977260,10,B,15,B_symbols,,,identifier,AkGameplay
0x0ee9bf,977343,21,B,26,B_symbols,,0x26e6ed87780,identifier,CalculateCurrentState
0x0ee9d9,977369,22,B,27,B_symbols,,,dotted_name,Content.TemporaryFloor
0x0eea3c,977468,13,B,18,B_symbols,,0x26e6ed883c0,identifier,NewLocalState
0x0eea4e,977486,22,B,27,B_symbols,,,dotted_name,Content.TemporaryFloor
0x0eeab1,977585,12,B,17,B_symbols,,0x26e6ed87940,identifier,GetNextState
0x0eeac2,977602,22,B,27,B_symbols,,,dotted_name,Content.TemporaryFloor
0x0eeb49,977737,8,B,13,B_symbols,,0x26e786b8900,internal_symbol,opAssign
0x0eebc6,977862,19,B,24,B_symbols,,0x26e79b1c800,identifier,SetTimerForNextTick
0x0eebe2,977890,6,B,11,B_symbols,,,identifier,System
0x0eec79,978041,5,B,10,B_symbols,,0x26e6ef20080,internal_symbol,$beh0
0x0eeccf,978127,8,B,13,B_symbols,,0x26e7861ecc0,internal_symbol,opAssign
0x0eed4c,978252,5,B,10,B_symbols,,0x26e7861ee80,internal_symbol,$beh2
0x0eeda2,978338,3,B,8,B_symbols,,0x26e6ef27240,identifier,Add
0x0eee1a,978458,3,B,8,B_symbols,,0x26e6ef27080,identifier,Add
0x0eeeb6,978614,15,B,20,B_symbols,,0x26e6ed87400,identifier,ATemporaryFloor
0x0eeeca,978634,22,B,27,B_symbols,,,dotted_name,Content.TemporaryFloor
0x0eef2d,978733,16,B,21,B_symbols,,0x26e6ee505c0,other,~ATemporaryFloor
0x0eef42,978754,22,B,27,B_symbols,,,dotted_name,Content.TemporaryFloor
0x0eefa5,978853,5,B,10,B_symbols,,0x26e6ef20400,internal_symbol,$beh0
0x0eeffb,978939,5,B,10,B_symbols,,0x26e6ef20240,internal_symbol,$beh0
0x0ef051,979025,5,B,10,B_symbols,,0x26e786b8e40,internal_symbol,$beh0
0x0ef0a7,979111,5,B,10,B_symbols,,0x26e6ed8e080,internal_symbol,$beh2
0x0ef0fd,979197,5,B,10,B_symbols,,0x26e6ed8dd00,internal_symbol,$beh2
0x0ef153,979283,12,B,17,B_symbols,,0x26e6ed8d980,identifier,UTrainAnchor
0x0ef164,979300,39,B,44,B_symbols,,,dotted_name,Content.Train.TrainMovableBaseComponent
0x0ef1d8,979416,16,B,21,B_symbols,,0x26e6ed8d440,identifier,UBackTrainAnchor
0x0ef1ed,979437,39,B,44,B_symbols,,,dotted_name,Content.Train.TrainMovableBaseComponent
0x0ef261,979553,17,B,22,B_symbols,,0x26e6ed8d0c0,identifier,UFrontTrainAnchor
0x0ef277,979575,39,B,44,B_symbols,,,dotted_name,Content.Train.TrainMovableBaseComponent
0x0ef2eb,979691,26,B,31,B_symbols,,0x26e6ed8c480,identifier,UTrainMovableBaseComponent
0x0ef30a,979722,39,B,44,B_symbols,,,dotted_name,Content.Train.TrainMovableBaseComponent
0x0ef37e,979838,12,B,17,B_symbols,,0x26e6ed8d7c0,identifier,UTrainAnchor
0x0ef38f,979855,39,B,44,B_symbols,,,dotted_name,Content.Train.TrainMovableBaseComponent
0x0ef403,979971,16,B,21,B_symbols,,0x26e6ed8d280,identifier,UBackTrainAnchor
0x0ef418,979992,39,B,44,B_symbols,,,dotted_name,Content.Train.TrainMovableBaseComponent
0x0ef48c,980108,17,B,22,B_symbols,,0x26e6ed8cf00,identifier,UFrontTrainAnchor
0x0ef4a2,980130,39,B,44,B_symbols,,,dotted_name,Content.Train.TrainMovableBaseComponent
0x0ef516,980246,11,B,16,B_symbols,,0x26e6ed8bd80,identifier,StaticClass
0x0ef526,980262,39,B,44,B_symbols,,,dotted_name,Content.Train.TrainMovableBaseComponent
0x0ef552,980306,16,B,21,B_symbols,,,identifier,UBackTrainAnchor
0x0ef5ab,980395,11,B,16,B_symbols,,0x26e6ed8bbc0,identifier,StaticClass
0x0ef5bb,980411,39,B,44,B_symbols,,,dotted_name,Content.Train.TrainMovableBaseComponent
0x0ef5e7,980455,17,B,22,B_symbols,,,identifier,UFrontTrainAnchor
0x0ef641,980545,19,B,24,B_symbols,,0x26e79f621c0,identifier,GetRelativeLocation
0x0ef6a5,980645,15,B,20,B_symbols,,0x26e79a2e240,identifier,GetSplineLength
0x0ef705,980741,17,B,22,B_symbols,,0x26e7970adc0,identifier,GetActorTransform
0x0ef767,980839,8,B,13,B_symbols,,0x26e70615100,internal_symbol,opAssign
0x0ef7e4,980964,22,B,27,B_symbols,,0x26e6ed8c800,identifier,GetDistanceAlongSpline
0x0ef7ff,980991,39,B,44,B_symbols,,,dotted_name,Content.Train.TrainMovableBaseComponent
0x0ef8bb,981179,32,B,37,B_symbols,,0x26e79a29540,identifier,GetLocationAtDistanceAlongSpline
0x0ef974,981364,9,B,14,B_symbols,,0x26e6ed8cd40,identifier,GetLength
0x0ef982,981378,39,B,44,B_symbols,,,dotted_name,Content.Train.TrainMovableBaseComponent
0x0ef9f6,981494,9,B,14,B_symbols,,0x26e78653500,identifier,MakeFromX
0x0efa08,981512,8,B,13,B_symbols,,,identifier,FRotator
0x0efa7d,981629,5,B,10,B_symbols,,0x26e70615640,internal_symbol,$beh0
0x0efb3f,981823,20,B,25,B_symbols,,0x26e7973af80,identifier,GetRelativeTransform
0x0efba4,981924,7,B,12,B_symbols,,0x26e70614f40,identifier,Inverse
0x0efbfc,982012,5,B,10,B_symbols,,0x26e70614a00,internal_symbol,opMul
0x0efc76,982134,5,B,10,B_symbols,,0x26e69d0d440,internal_symbol,$beh0
0x0efcf0,982256,11,B,16,B_symbols,,0x26e70617e80,identifier,GetRotation
0x0efd4c,982348,16,B,21,B_symbols,,0x26e703a0b00,identifier,GetForwardVector
0x0efdad,982445,26,B,31,B_symbols,,0x26e6ed8c2c0,identifier,UTrainMovableBaseComponent
0x0efdcc,982476,39,B,44,B_symbols,,,dotted_name,Content.Train.TrainMovableBaseComponent
0x0efe40,982592,35,B,40,B_symbols,,0x26e7a1b5800,identifier,GetAvatarLokiCharacterFromActorInfo
0x0efeb4,982708,3,B,8,B_symbols,,0x26e6edc2e00,identifier,Get
0x0efebc,982716,37,B,42,B_symbols,,,dotted_name,Core.AimingVis.LokiAimingVisComponent
0x0efee6,982758,29,B,34,B_symbols,,,identifier,ULokiAimingVisComponentScript
0x0eff94,982932,22,B,27,B_symbols,,0x26e7a189700,identifier,GetInventoryComboItems
0x0efffb,983035,12,B,17,B_symbols,,0x26e7a2ad600,identifier,GetPowerItem
0x0f007c,983164,3,B,8,B_symbols,,0x26e6ef26d00,identifier,Add
0x0f00f4,983284,3,B,8,B_symbols,,0x26e6ef26b40,identifier,Num
0x0f0148,983368,12,B,17,B_symbols,,0x26e7a2a7b00,identifier,GetArmorItem
0x0f01a5,983461,16,B,21,B_symbols,,0x26e6eda6280,identifier,ALokiAimingLaser
0x0f01ba,983482,30,B,35,B_symbols,,,dotted_name,Core.AimingVis.LokiAimingLaser
0x0f0225,983589,17,B,22,B_symbols,,0x26e6ed8ee80,identifier,FLaserTraceResult
0x0f023b,983611,30,B,35,B_symbols,,,dotted_name,Core.AimingVis.LokiAimingLaser
0x0f02a6,983718,20,B,25,B_symbols,,0x26e6ed8ecc0,identifier,FAimingLaserSettings
0x0f02bf,983743,30,B,35,B_symbols,,,dotted_name,Core.AimingVis.LokiAimingLaser
0x0f032a,983850,5,B,10,B_symbols,,0x26e6ef26980,internal_symbol,$beh0
0x0f0380,983936,13,B,18,B_symbols,,0x26e6eda3880,identifier,ValidateOwner
0x0f0392,983954,30,B,35,B_symbols,,,dotted_name,Core.AimingVis.LokiAimingLaser
0x0f03fd,984061,12,B,17,B_symbols,,0x26e6eda8040,identifier,DestroyLaser
0x0f040e,984078,37,B,42,B_symbols,,,dotted_name,Core.AimingVis.LokiAimingVisComponent
0x0f0480,984192,18,B,23,B_symbols,,0x26e6eda1040,identifier,SetVisibilityOnAll
0x0f0497,984215,30,B,35,B_symbols,,,dotted_name,Core.AimingVis.LokiAimingLaser
0x0f0526,984358,8,B,13,B_symbols,,0x26e70398e40,identifier,IsHidden
0x0f057f,984447,23,B,28,B_symbols,,0x26e6eda3340,identifier,CalculateCursorPathTime
0x0f059b,984475,30,B,35,B_symbols,,,dotted_name,Core.AimingVis.LokiAimingLaser
0x0f0606,984582,12,B,17,B_symbols,,0x26e6eda3180,identifier,DoLaserTrace
0x0f0617,984599,30,B,35,B_symbols,,,dotted_name,Core.AimingVis.LokiAimingLaser
0x0f0682,984706,23,B,28,B_symbols,,0x26e7a2a2e00,identifier,UpdateLaserIntersection
0x0f070e,984846,20,B,25,B_symbols,,0x26e7a28f3c0,identifier,EndLaserIntersection
0x0f0773,984947,21,B,26,B_symbols,,0x26e6eda28c0,identifier,GetLimitLaserToCursor
0x0f078d,984973,30,B,35,B_symbols,,,dotted_name,Core.AimingVis.LokiAimingLaser
0x0f07f8,985080,8,B,13,B_symbols,,0x26e7a19cb80,identifier,IsMidAir
0x0f0851,985169,18,B,23,B_symbols,,0x26e7a3b1e40,identifier,GetPositionForTime
0x0f08d8,985304,16,B,21,B_symbols,,0x26e79f60780,identifier,SetWorldLocation
0x0f095d,985437,17,B,22,B_symbols,,0x26e6ed8e940,identifier,TickLaserHitFlare
0x0f0973,985459,30,B,35,B_symbols,,,dotted_name,Core.AimingVis.LokiAimingLaser
0x0f0a02,985602,11,B,16,B_symbols,,0x26e7a3b2700,identifier,GetMaterial
0x0f0a82,985730,23,B,28,B_symbols,,0x26e79b328c0,identifier,GetScalarParameterValue
0x0f0b0e,985870,34,B,39,B_symbols,,0x26e79776600,identifier,SetScalarParameterValueOnMaterials
0x0f0bc9,986057,23,B,28,B_symbols,,0x26e79ba4f40,identifier,SetNiagaraVariableFloat
0x0f0c79,986233,23,B,28,B_symbols,,0x26e79b31580,identifier,SetScalarParameterValue
0x0f0d29,986409,20,B,25,B_symbols,,0x26e6eda6ec0,identifier,UsesProgressSequence
0x0f0d42,986434,30,B,35,B_symbols,,,dotted_name,Core.AimingVis.LokiAimingLaser
0x0f0dad,986541,12,B,17,B_symbols,,0x26e6eda67c0,identifier,TickProgress
0x0f0dbe,986558,30,B,35,B_symbols,,,dotted_name,Core.AimingVis.LokiAimingLaser
0x0f0e4d,986701,8,B,13,B_symbols,,0x26e79738580,identifier,Activate
0x0f0eca,986826,8,B,13,B_symbols,,0x26e7970bf40,identifier,GetOwner
0x0f0f23,986915,11,B,16,B_symbols,,0x26e6eda3500,identifier,UpdateOwner
0x0f0f33,986931,30,B,35,B_symbols,,,dotted_name,Core.AimingVis.LokiAimingLaser
0x0f0fc2,987074,20,B,25,B_symbols,,0x26e6ed8e780,identifier,GetLokiHeroCharacter
0x0f0fdb,987099,30,B,35,B_symbols,,,dotted_name,Core.AimingVis.LokiAimingLaser
0x0f1046,987206,19,B,24,B_symbols,,0x26e797d59c0,identifier,IsLocallyControlled
0x0f10aa,987306,8,B,13,B_symbols,,0x26e79714680,identifier,SetOwner
0x0f1127,987431,24,B,29,B_symbols,,0x26e6eda36c0,identifier,IsOwnerLocallyControlled
0x0f1144,987460,30,B,35,B_symbols,,,dotted_name,Core.AimingVis.LokiAimingLaser
0x0f11af,987567,22,B,27,B_symbols,,0x26e7a11e5c0,identifier,GetLocalCursorLocation
0x0f11ce,987598,4,B,9,B_symbols,,,identifier,Loki
0x0f1263,987747,18,B,23,B_symbols,,0x26e7a3b1c80,identifier,GetTimeForPosition
0x0f12ea,987882,5,B,10,B_symbols,,0x26e6ef267c0,internal_symbol,$beh0
0x0f1340,987968,15,B,20,B_symbols,,0x26e7a3b2000,identifier,GetPathSegments
0x0f13c4,988100,5,B,10,B_symbols,,0x26e6ef26600,internal_symbol,$beh0
0x0f141a,988186,3,B,8,B_symbols,,0x26e6ef26440,identifier,Add
0x0f1492,988306,7,B,12,B_symbols,,0x26e6ef25f00,internal_symbol,opIndex
0x0f150e,988430,5,B,10,B_symbols,,0x26e6ef25d40,identifier,Empty
0x0f1588,988552,5,B,10,B_symbols,,0x26e69c475c0,internal_symbol,$beh0
0x0f166e,988782,23,B,28,B_symbols,,0x26e79b1b140,identifier,LineTraceMultiByProfile
0x0f168e,988814,6,B,11,B_symbols,,,identifier,System
0x0f188d,989325,3,B,8,B_symbols,,0x26e6ef25b80,identifier,Num
0x0f18e1,989409,8,B,13,B_symbols,,0x26e6ef25640,identifier,Iterator
0x0f193a,989498,7,B,12,B_symbols,,0x26e6ef252c0,identifier,Proceed
0x0f1992,989586,20,B,25,B_symbols,,0x26e79f66d00,identifier,GetbStartPenetrating
0x0f19f7,989687,8,B,13,B_symbols,,0x26e79f67080,identifier,GetActor
0x0f1a50,989776,11,B,16,B_symbols,,0x26e7970a180,identifier,ActorHasTag
0x0f1ad0,989904,10,B,15,B_symbols,,0x26e7a18d0c0,identifier,IsAllyTeam
0x0f1b4f,990031,12,B,17,B_symbols,,0x26e79f66b40,identifier,GetComponent
0x0f1bac,990124,22,B,27,B_symbols,,0x26e79754d80,identifier,GetCollisionObjectType
0x0f1c13,990227,23,B,28,B_symbols,,0x26e79754bc0,identifier,GetCollisionProfileName
0x0f1c7b,990331,3,B,8,B_symbols,,0x26e6ef26280,identifier,Num
0x0f1ccf,990415,12,B,17,B_symbols,,0x26e7a1875c0,identifier,GetTeamIndex
0x0f1d2c,990508,28,B,33,B_symbols,,0x26e7a19a180,identifier,FindHeroCharactersInCircleBP
0x0f1d51,990545,22,B,27,B_symbols,,,identifier,ALokiHeroCharacterGrid
0x0f1e64,990820,3,B,8,B_symbols,,0x26e6ef25100,identifier,Num
0x0f1eb8,990904,21,B,26,B_symbols,,0x26e79707cc0,identifier,GetActorForwardVector
0x0f1f1e,991006,8,B,13,B_symbols,,0x26e6ef24bc0,identifier,Iterator
0x0f1f77,991095,7,B,12,B_symbols,,0x26e6ef24840,identifier,Proceed
0x0f1fcf,991183,9,B,14,B_symbols,,0x26e7a19d0c0,identifier,IsGliding
0x0f2029,991273,25,B,30,B_symbols,,0x26e7a28a500,identifier,GetGliderCollisionCapsule
0x0f2093,991379,4,B,9,B_symbols,,0x26e7035b300,identifier,Sqrt
0x0f20a0,991392,4,B,9,B_symbols,,,identifier,Math
0x0f2111,991505,23,B,28,B_symbols,,0x26e6edaf740,identifier,HasValidHeightIndicator
0x0f212d,991533,37,B,42,B_symbols,,,dotted_name,Core.AimingVis.LokiAimingVisComponent
0x0f219f,991647,9,B,14,B_symbols,,0x26e7973f200,identifier,IsVisible
0x0f21f9,991737,5,B,10,B_symbols,,0x26e7a111580,internal_symbol,$beh2
0x0f224f,991823,5,B,10,B_symbols,,0x26e71018580,internal_symbol,$beh2
0x0f22a5,991909,5,B,10,B_symbols,,0x26e703a4bc0,internal_symbol,$beh2
0x0f22fb,991995,5,B,10,B_symbols,,0x26e6ef24680,internal_symbol,$beh0
0x0f2351,992081,8,B,13,B_symbols,,0x26e6eda2e00,internal_symbol,opAssign
0x0f23ce,992206,5,B,10,B_symbols,,0x26e6eda2fc0,internal_symbol,$beh2
0x0f2424,992292,3,B,8,B_symbols,,0x26e6ef244c0,identifier,Add
0x0f249c,992412,24,B,29,B_symbols,,0x26e77fce240,internal_symbol,__Evt_PushArgument__bool
0x0f2529,992553,16,B,21,B_symbols,,0x26e79712700,identifier,GetRootComponent
0x0f258a,992650,13,B,18,B_symbols,,0x26e79750e80,identifier,SetVisibility
0x0f2630,992816,12,B,17,B_symbols,,0x26e7a3b1740,identifier,SetMeshBegin
0x0f26b1,992945,10,B,15,B_symbols,,0x26e7a3b1580,identifier,SetMeshEnd
0x0f2730,993072,11,B,16,B_symbols,,0x26e7a3b1900,identifier,SetMaterial
0x0f27d4,993236,11,B,16,B_symbols,,0x26e7975e940,identifier,SetMaterial
0x0f2878,993400,8,B,13,B_symbols,,0x26e79ba6600,identifier,SetAsset
0x0f2919,993561,13,B,18,B_symbols,,0x26e6eda6b40,identifier,ResetProgress
0x0f292b,993579,30,B,35,B_symbols,,,dotted_name,Core.AimingVis.LokiAimingLaser
0x0f2996,993686,16,B,21,B_symbols,,0x26e6eda6600,identifier,OnUpdateProgress
0x0f29ab,993707,30,B,35,B_symbols,,,dotted_name,Core.AimingVis.LokiAimingLaser
0x0f2a3a,993850,13,B,18,B_symbols,,0x26e79a63f80,identifier,GetFloatValue
0x0f2abc,993980,13,B,18,B_symbols,,0x26e7975cf00,identifier,SetCastShadow
0x0f2b3e,994110,24,B,29,B_symbols,,0x26e7975f900,identifier,SetGenerateOverlapEvents
0x0f2bcb,994251,16,B,21,B_symbols,,0x26e6eda60c0,identifier,ALokiAimingLaser
0x0f2be0,994272,30,B,35,B_symbols,,,dotted_name,Core.AimingVis.LokiAimingLaser
0x0f2c4b,994379,17,B,22,B_symbols,,0x26e6ee50400,other,~ALokiAimingLaser
0x0f2c61,994401,30,B,35,B_symbols,,,dotted_name,Core.AimingVis.LokiAimingLaser
0x0f2ccc,994508,27,B,32,B_symbols,,0x26e6eda4f40,identifier,ALokiAimingLaserRangeMarker
0x0f2cec,994540,41,B,46,B_symbols,,,dotted_name,Core.AimingVis.LokiAimingLaserRangeMarker
0x0f2d62,994658,19,B,24,B_symbols,,0x26e6ed8eb00,identifier,Tick_Implementation
0x0f2d7a,994682,30,B,35,B_symbols,,,dotted_name,Core.AimingVis.LokiAimingLaser
0x0f2e09,994825,19,B,24,B_symbols,,0x26e7a3b1ac0,identifier,GetTimeForXDistance
0x0f2e91,994961,29,B,34,B_symbols,,0x26e6eda1740,identifier,OnLaserSpawned_Implementation
0x0f2eb3,994995,30,B,35,B_symbols,,,dotted_name,Core.AimingVis.LokiAimingLaser
0x0f2f1e,995102,27,B,32,B_symbols,,0x26e6eda4d80,identifier,ALokiAimingLaserRangeMarker
0x0f2f3e,995134,41,B,46,B_symbols,,,dotted_name,Core.AimingVis.LokiAimingLaserRangeMarker
0x0f2fb4,995252,28,B,33,B_symbols,,0x26e6ee50240,other,~ALokiAimingLaserRangeMarker
0x0f2fd5,995285,41,B,46,B_symbols,,,dotted_name,Core.AimingVis.LokiAimingLaserRangeMarker
0x0f304b,995403,27,B,32,B_symbols,,0x26e6eda3f80,identifier,ALokiAimingLaserSpreadLines
0x0f306b,995435,41,B,46,B_symbols,,,dotted_name,Core.AimingVis.LokiAimingLaserSpreadLines
0x0f30e1,995553,20,B,25,B_symbols,,0x26e7a2844c0,identifier,GetCurrentBloomAngle
0x0f3146,995654,4,B,9,B_symbols,,0x26e7035c9c0,identifier,Exp2
0x0f3153,995667,4,B,9,B_symbols,,,identifier,Math
0x0f31c4,995780,19,B,24,B_symbols,,0x26e79f60cc0,identifier,SetRelativeRotation
0x0f324c,995916,15,B,20,B_symbols,,0x26e7a18a880,identifier,GetFeetLocation
0x0f32ac,996012,41,B,46,B_symbols,,0x26e7a184140,identifier,GetCharacterProjectileTerrainHeightOffset
0x0f3326,996134,9,B,14,B_symbols,,0x26e7a13d980,identifier,GetHeight
0x0f33ec,996332,16,B,21,B_symbols,,0x26e70352e00,identifier,DegreesToRadians
0x0f3405,996357,4,B,9,B_symbols,,,identifier,Math
0x0f3476,996470,3,B,8,B_symbols,,0x26e7035bbc0,identifier,Cos
0x0f3482,996482,4,B,9,B_symbols,,,identifier,Math
0x0f34f3,996595,3,B,8,B_symbols,,0x26e7035c100,identifier,Sin
0x0f34ff,996607,4,B,9,B_symbols,,,identifier,Math
0x0f3570,996720,22,B,27,B_symbols,,0x26e6eda4140,identifier,PauseBloomVisualOnShot
0x0f358b,996747,41,B,46,B_symbols,,,dotted_name,Core.AimingVis.LokiAimingLaserSpreadLines
0x0f3625,996901,18,B,23,B_symbols,,0x26e79751200,identifier,SetRelativeScale3D
0x0f36ac,997036,27,B,32,B_symbols,,0x26e6eda3dc0,identifier,ALokiAimingLaserSpreadLines
0x0f36cc,997068,41,B,46,B_symbols,,,dotted_name,Core.AimingVis.LokiAimingLaserSpreadLines
0x0f3742,997186,28,B,33,B_symbols,,0x26e6ee50080,other,~ALokiAimingLaserSpreadLines
0x0f3763,997219,41,B,46,B_symbols,,,dotted_name,Core.AimingVis.LokiAimingLaserSpreadLines
0x0f37d9,997337,29,B,34,B_symbols,,0x26e6edc3500,identifier,ULokiAimingVisComponentScript
0x0f37fb,997371,37,B,42,B_symbols,,,dotted_name,Core.AimingVis.LokiAimingVisComponent
0x0f386d,997485,21,B,26,B_symbols,,0x26e6edaaa40,identifier,FLaserScriptOverrides
0x0f3887,997511,37,B,42,B_symbols,,,dotted_name,Core.AimingVis.LokiAimingVisComponent
0x0f38f9,997625,13,B,18,B_symbols,,0x26e6eda9700,identifier,ValidateOwner
0x0f390b,997643,37,B,42,B_symbols,,,dotted_name,Core.AimingVis.LokiAimingVisComponent
0x0f397d,997757,24,B,29,B_symbols,,0x26e6eda7780,identifier,OnShowAimingLaserChanged
0x0f399a,997786,37,B,42,B_symbols,,,dotted_name,Core.AimingVis.LokiAimingVisComponent
0x0f3a0c,997900,27,B,32,B_symbols,,0x26e6eda7400,identifier,OnLimitLaserToCursorChanged
0x0f3a2c,997932,37,B,42,B_symbols,,,dotted_name,Core.AimingVis.LokiAimingVisComponent
0x0f3a9e,998046,15,B,20,B_symbols,,0x26e6eda8900,identifier,InitClientLaser
0x0f3ab2,998066,37,B,42,B_symbols,,,dotted_name,Core.AimingVis.LokiAimingVisComponent
0x0f3b24,998180,22,B,27,B_symbols,,0x26e7a0a36c0,identifier,BindHardCodedDelegates
0x0f3b8b,998283,24,B,29,B_symbols,,0x26e6eda9540,identifier,IsOwnerLocallyControlled
0x0f3ba8,998312,37,B,42,B_symbols,,,dotted_name,Core.AimingVis.LokiAimingVisComponent
0x0f3c1a,998426,41,B,46,B_symbols,,0x26e7a4a7780,identifier,RegisterOnGenericPlayerConfigValueUpdated
0x0f3c4c,998476,20,B,25,B_symbols,,,identifier,UPlayerConfigManager
0x0f3d39,998713,5,B,10,B_symbols,,0x26e6534a500,internal_symbol,$beh2
0x0f3d8f,998799,19,B,24,B_symbols,,0x26e6eda8e40,identifier,HasValidAimingLaser
0x0f3da7,998823,37,B,42,B_symbols,,,dotted_name,Core.AimingVis.LokiAimingVisComponent
0x0f3e19,998937,7,B,12,B_symbols,,0x26e6ef23dc0,internal_symbol,opIndex
0x0f3e95,999061,14,B,19,B_symbols,,0x26e6eda0b00,identifier,SetMaxDistance
0x0f3ea8,999080,30,B,35,B_symbols,,,dotted_name,Core.AimingVis.LokiAimingLaser
0x0f3f37,999223,15,B,20,B_symbols,,0x26e6eda91c0,identifier,UsesAimingLaser
0x0f3f4b,999243,37,B,42,B_symbols,,,dotted_name,Core.AimingVis.LokiAimingVisComponent
0x0f3fbd,999357,3,B,8,B_symbols,,0x26e6ef23c00,identifier,Num
0x0f4011,999441,31,B,36,B_symbols,,0x26e7a4a8580,identifier,GetGenericPlayerConfigBoolValue
0x0f4039,999481,20,B,25,B_symbols,,,identifier,UPlayerConfigManager
0x0f4102,999682,13,B,18,B_symbols,,0x26e6eda9380,identifier,ValidateLaser
0x0f4114,999700,37,B,42,B_symbols,,,dotted_name,Core.AimingVis.LokiAimingVisComponent
0x0f4186,999814,10,B,15,B_symbols,,0x26e6eda83c0,identifier,SpawnLaser
0x0f4195,999829,37,B,42,B_symbols,,,dotted_name,Core.AimingVis.LokiAimingVisComponent
0x0f422b,999979,27,B,32,B_symbols,,0x26e6eda7e80,identifier,SwitchLaserSettingsInternal
0x0f424b,1000011,37,B,42,B_symbols,,,dotted_name,Core.AimingVis.LokiAimingVisComponent
0x0f42e1,1000161,7,B,12,B_symbols,,0x26e6ef23a40,identifier,IsValid
0x0f4339,1000249,10,B,15,B_symbols,,0x26e6ef2aa40,internal_symbol,opImplConv
0x0f4394,1000340,35,B,40,B_symbols,,0x26e7a184300,identifier,GetCharacterProjectileSpawnLocation
0x0f4408,1000456,24,B,29,B_symbols,,0x26e7061a340,identifier,InverseTransformPosition
0x0f4495,1000597,13,B,18,B_symbols,,0x26e79f5b4c0,identifier,AttachToActor
0x0f455f,1000799,26,B,31,B_symbols,,0x26e6eda0cc0,identifier,SetProjectileSpawnLocation
0x0f457e,1000830,30,B,35,B_symbols,,,dotted_name,Core.AimingVis.LokiAimingLaser
0x0f4631,1001009,24,B,29,B_symbols,,0x26e6edae400,identifier,ClientLaserSetVisibility
0x0f464e,1001038,37,B,42,B_symbols,,,dotted_name,Core.AimingVis.LokiAimingVisComponent
0x0f46e4,1001188,14,B,19,B_symbols,,0x26e6eda1900,identifier,OnLaserSpawned
0x0f46f7,1001207,30,B,35,B_symbols,,,dotted_name,Core.AimingVis.LokiAimingLaser
0x0f4762,1001314,12,B,17,B_symbols,,0x26e6ef2a880,identifier,IsValidIndex
0x0f47e3,1001443,10,B,15,B_symbols,,0x26e6ef2ac00,internal_symbol,opImplConv
0x0f483e,1001534,26,B,31,B_symbols,,0x26e6eda7240,identifier,OverrideLimitLaserToCursor
0x0f485d,1001565,30,B,35,B_symbols,,,dotted_name,Core.AimingVis.LokiAimingLaser
0x0f48ec,1001708,31,B,36,B_symbols,,0x26e6eda7080,identifier,ClearOverrideLimitLaserToCursor
0x0f4910,1001744,30,B,35,B_symbols,,,dotted_name,Core.AimingVis.LokiAimingLaser
0x0f497b,1001851,29,B,34,B_symbols,,0x26e6eda9c40,identifier,GetBonusPrimaryAttackDistance
0x0f499d,1001885,37,B,42,B_symbols,,,dotted_name,Core.AimingVis.LokiAimingVisComponent
0x0f4a0f,1001999,16,B,21,B_symbols,,0x26e6eda0780,identifier,SetLaserMaterial
0x0f4a24,1002020,30,B,35,B_symbols,,,dotted_name,Core.AimingVis.LokiAimingLaser
0x0f4ab3,1002163,19,B,24,B_symbols,,0x26e6eda05c0,identifier,SetEndpointMaterial
0x0f4acb,1002187,30,B,35,B_symbols,,,dotted_name,Core.AimingVis.LokiAimingLaser
0x0f4b5a,1002330,24,B,29,B_symbols,,0x26e6eda0400,identifier,SetHitFlareNiagaraSystem
0x0f4b77,1002359,30,B,35,B_symbols,,,dotted_name,Core.AimingVis.LokiAimingLaser
0x0f4c06,1002502,13,B,18,B_symbols,,0x26e6eda0240,identifier,SetBrightness
0x0f4c18,1002520,30,B,35,B_symbols,,,dotted_name,Core.AimingVis.LokiAimingLaser
0x0f4ca7,1002663,27,B,32,B_symbols,,0x26e6eda13c0,identifier,OnLaserSettingsIndexChanged
0x0f4cc7,1002695,30,B,35,B_symbols,,,dotted_name,Core.AimingVis.LokiAimingLaser
0x0f4d7a,1002874,32,B,37,B_symbols,,0x26e774cf3c0,internal_symbol,__Evt_PushArgument__ELivingState
0x0f4e0f,1003023,32,B,37,B_symbols,,0x26e6eda0080,identifier,SetLimitLaserToCursorUserSetting
0x0f4e34,1003060,30,B,35,B_symbols,,,dotted_name,Core.AimingVis.LokiAimingLaser
0x0f4ec3,1003203,31,B,36,B_symbols,,0x26e77936b40,internal_symbol,__Evt_PushArgument__UCurveFloat
0x0f4f57,1003351,16,B,21,B_symbols,,0x26e6eda6d00,identifier,SetProgressCurve
0x0f4f6c,1003372,30,B,35,B_symbols,,,dotted_name,Core.AimingVis.LokiAimingLaser
0x0f4ffb,1003515,23,B,28,B_symbols,,0x26e6eda6980,identifier,RestartProgressSequence
0x0f5017,1003543,30,B,35,B_symbols,,,dotted_name,Core.AimingVis.LokiAimingLaser
0x0f50ca,1003722,12,B,17,B_symbols,,0x26e6eda2700,identifier,CustomEvent0
0x0f50db,1003739,30,B,35,B_symbols,,,dotted_name,Core.AimingVis.LokiAimingLaser
0x0f516a,1003882,12,B,17,B_symbols,,0x26e6eda2380,identifier,CustomEvent1
0x0f517b,1003899,30,B,35,B_symbols,,,dotted_name,Core.AimingVis.LokiAimingLaser
0x0f520a,1004042,12,B,17,B_symbols,,0x26e6eda2000,identifier,CustomEvent2
0x0f521b,1004059,30,B,35,B_symbols,,,dotted_name,Core.AimingVis.LokiAimingLaser
0x0f52aa,1004202,12,B,17,B_symbols,,0x26e6eda1c80,identifier,CustomEvent3
0x0f52bb,1004219,30,B,35,B_symbols,,,dotted_name,Core.AimingVis.LokiAimingLaser
0x0f534a,1004362,11,B,16,B_symbols,,0x26e6eda0940,identifier,SetHueShift
0x0f535a,1004378,30,B,35,B_symbols,,,dotted_name,Core.AimingVis.LokiAimingLaser
0x0f53e9,1004521,38,B,43,B_symbols,,0x26e7776f740,internal_symbol,__Evt_PushArgument__UMaterialInterface
0x0f5484,1004676,34,B,39,B_symbols,,0x26e779b4bc0,internal_symbol,__Evt_PushArgument__UNiagaraSystem
0x0f551b,1004827,10,B,15,B_symbols,,0x26e6ef2a340,internal_symbol,opImplConv
0x0f5576,1004918,18,B,23,B_symbols,,0x26e6eda5800,identifier,SetShowRangeMarker
0x0f558d,1004941,41,B,46,B_symbols,,,dotted_name,Core.AimingVis.LokiAimingLaserRangeMarker
0x0f5627,1005095,22,B,27,B_symbols,,0x26e6eda5640,identifier,SetRangeMarkerDistance
0x0f5642,1005122,41,B,46,B_symbols,,,dotted_name,Core.AimingVis.LokiAimingLaserRangeMarker
0x0f56dc,1005276,22,B,27,B_symbols,,0x26e6eda5480,identifier,SetRangeMarkerMaterial
0x0f56f7,1005303,41,B,46,B_symbols,,,dotted_name,Core.AimingVis.LokiAimingLaserRangeMarker
0x0f5791,1005457,34,B,39,B_symbols,,0x26e77b9b4c0,internal_symbol,__Evt_PushArgument__ALokiCharacter
0x0f5828,1005608,27,B,32,B_symbols,,0x26e77fcdec0,internal_symbol,__Evt_PushArgument__float32
0x0f58b8,1005752,40,B,45,B_symbols,,0x26e784cf900,internal_symbol,__Evt_PushArgument__FLokiDamageStatistic
0x0f5955,1005909,39,B,44,B_symbols,,0x26e783ab4c0,internal_symbol,__Evt_PushArgument__FGameplayEffectSpec
0x0f59f1,1006065,41,B,46,B_symbols,,0x26e7805adc0,internal_symbol,__Evt_PushArgument__FGameplayTagContainer
0x0f5a8f,1006223,12,B,17,B_symbols,,0x26e7a2a3500,identifier,OnTookDamage
0x0f5bc4,1006532,25,B,30,B_symbols,,0x26e7a2a2fc0,identifier,ShouldShowHeightIndicator
0x0f5c2e,1006638,34,B,39,B_symbols,,0x26e6edaee80,identifier,ClientSetHeightIndicatorVisibility
0x0f5c55,1006677,37,B,42,B_symbols,,,dotted_name,Core.AimingVis.LokiAimingVisComponent
0x0f5ceb,1006827,25,B,30,B_symbols,,0x26e6eda7b00,identifier,OnLivingStateChangedLaser
0x0f5d09,1006857,37,B,42,B_symbols,,,dotted_name,Core.AimingVis.LokiAimingVisComponent
0x0f5d9f,1007007,22,B,27,B_symbols,,0x26e6edaf580,identifier,DestroyHeightIndicator
0x0f5dba,1007034,37,B,42,B_symbols,,,dotted_name,Core.AimingVis.LokiAimingVisComponent
0x0f5e2c,1007148,29,B,34,B_symbols,,0x26e6edc3340,identifier,ULokiAimingVisComponentScript
0x0f5e4e,1007182,37,B,42,B_symbols,,,dotted_name,Core.AimingVis.LokiAimingVisComponent
0x0f5ec0,1007296,30,B,35,B_symbols,,0x26e6ee57240,other,~ULokiAimingVisComponentScript
0x0f5ee3,1007331,37,B,42,B_symbols,,,dotted_name,Core.AimingVis.LokiAimingVisComponent
0x0f5f55,1007445,5,B,10,B_symbols,,0x26e6ef2a180,internal_symbol,$beh0
0x0f5fab,1007531,5,B,10,B_symbols,,0x26e6edc28c0,internal_symbol,$beh2
0x0f6001,1007617,35,B,40,B_symbols,,0x26e6edc2380,identifier,ALokiAimingLaserSpreadLines_HookGuy
0x0f6029,1007657,64,B,69,B_symbols,,,dotted_name,Core.AimingVis.HunterSpecific.LokiAimingLaserSpreadLines_HookGuy
0x0f60b6,1007798,19,B,24,B_symbols,,0x26e6eda44c0,identifier,Tick_Implementation
0x0f60ce,1007822,41,B,46,B_symbols,,,dotted_name,Core.AimingVis.LokiAimingLaserSpreadLines
0x0f6168,1007976,35,B,40,B_symbols,,0x26e6edc21c0,identifier,ALokiAimingLaserSpreadLines_HookGuy
0x0f6190,1008016,64,B,69,B_symbols,,,dotted_name,Core.AimingVis.HunterSpecific.LokiAimingLaserSpreadLines_HookGuy
0x0f621d,1008157,36,B,41,B_symbols,,0x26e6ee57080,other,~ALokiAimingLaserSpreadLines_HookGuy
0x0f6246,1008198,64,B,69,B_symbols,,,dotted_name,Core.AimingVis.HunterSpecific.LokiAimingLaserSpreadLines_HookGuy
0x0f62d3,1008339,33,B,38,B_symbols,,0x26e6edc1900,identifier,ALokiAimingLaserSpreadLines_Ronin
0x0f62f9,1008377,62,B,67,B_symbols,,,dotted_name,Core.AimingVis.HunterSpecific.LokiAimingLaserSpreadLines_Ronin
0x0f6384,1008516,33,B,38,B_symbols,,0x26e6edc1740,identifier,ALokiAimingLaserSpreadLines_Ronin
0x0f63aa,1008554,62,B,67,B_symbols,,,dotted_name,Core.AimingVis.HunterSpecific.LokiAimingLaserSpreadLines_Ronin
0x0f6435,1008693,34,B,39,B_symbols,,0x26e6ee56ec0,other,~ALokiAimingLaserSpreadLines_Ronin
0x0f645c,1008732,62,B,67,B_symbols,,,dotted_name,Core.AimingVis.HunterSpecific.LokiAimingLaserSpreadLines_Ronin
0x0f64e7,1008871,25,B,30,B_symbols,,0x26e6edc6b40,identifier,ALokiAimingLaser_Huntress
0x0f6505,1008901,54,B,59,B_symbols,,,dotted_name,Core.AimingVis.HunterSpecific.LokiAimingLaser_Huntress
0x0f6588,1009032,21,B,26,B_symbols,,0x26e6edc7080,identifier,SetShowProgressMarker
0x0f65a2,1009058,54,B,59,B_symbols,,,dotted_name,Core.AimingVis.HunterSpecific.LokiAimingLaser_Huntress
0x0f6649,1009225,29,B,34,B_symbols,,0x26e6eda5100,identifier,OnLaserSpawned_Implementation
0x0f666b,1009259,41,B,46,B_symbols,,,dotted_name,Core.AimingVis.LokiAimingLaserRangeMarker
0x0f66e1,1009377,18,B,23,B_symbols,,0x26e79f61e40,identifier,GetRelativeScale3D
0x0f6744,1009476,42,B,47,B_symbols,,0x26e6eda1200,identifier,OnLaserSettingsIndexChanged_Implementation
0x0f6773,1009523,30,B,35,B_symbols,,,dotted_name,Core.AimingVis.LokiAimingLaser
0x0f6826,1009702,11,B,16,B_symbols,,0x26e6edc0940,identifier,OnSwapToLMB
0x0f6836,1009718,54,B,59,B_symbols,,,dotted_name,Core.AimingVis.HunterSpecific.LokiAimingLaser_Huntress
0x0f68b9,1009849,12,B,17,B_symbols,,0x26e6edc0780,identifier,OnSwapToBase
0x0f68ca,1009866,54,B,59,B_symbols,,,dotted_name,Core.AimingVis.HunterSpecific.LokiAimingLaser_Huntress
0x0f694d,1009997,11,B,16,B_symbols,,0x26e6edc05c0,identifier,OnSwapToRMB
0x0f695d,1010013,54,B,59,B_symbols,,,dotted_name,Core.AimingVis.HunterSpecific.LokiAimingLaser_Huntress
0x0f69e0,1010144,11,B,16,B_symbols,,0x26e6edc0400,identifier,OnSwapToUlt
0x0f69f0,1010160,54,B,59,B_symbols,,,dotted_name,Core.AimingVis.HunterSpecific.LokiAimingLaser_Huntress
0x0f6a73,1010291,31,B,36,B_symbols,,0x26e6eda6440,identifier,OnUpdateProgress_Implementation
0x0f6a97,1010327,30,B,35,B_symbols,,,dotted_name,Core.AimingVis.LokiAimingLaser
0x0f6b26,1010470,28,B,33,B_symbols,,0x26e6eda1580,identifier,GetCurrentLaserSettingsIndex
0x0f6b47,1010503,30,B,35,B_symbols,,,dotted_name,Core.AimingVis.LokiAimingLaser
0x0f6bb2,1010610,17,B,22,B_symbols,,0x26e6edc1040,identifier,UpdateProgressLMB
0x0f6bc8,1010632,54,B,59,B_symbols,,,dotted_name,Core.AimingVis.HunterSpecific.LokiAimingLaser_Huntress
0x0f6c6f,1010799,17,B,22,B_symbols,,0x26e6edc0e80,identifier,UpdateProgressRMB
0x0f6c85,1010821,54,B,59,B_symbols,,,dotted_name,Core.AimingVis.HunterSpecific.LokiAimingLaser_Huntress
0x0f6d2c,1010988,18,B,23,B_symbols,,0x26e6edc0240,identifier,SetMaxRangeFromRMB
0x0f6d43,1011011,54,B,59,B_symbols,,,dotted_name,Core.AimingVis.HunterSpecific.LokiAimingLaser_Huntress
0x0f6dc6,1011142,25,B,30,B_symbols,,0x26e6edc6980,identifier,ALokiAimingLaser_Huntress
0x0f6de4,1011172,54,B,59,B_symbols,,,dotted_name,Core.AimingVis.HunterSpecific.LokiAimingLaser_Huntress
0x0f6e67,1011303,26,B,31,B_symbols,,0x26e6ee56d00,other,~ALokiAimingLaser_Huntress
0x0f6e86,1011334,54,B,59,B_symbols,,,dotted_name,Core.AimingVis.HunterSpecific.LokiAimingLaser_Huntress
0x0f6f09,1011465,34,B,39,B_symbols,,0x26e6edc5b80,identifier,ULokiMajorStatusEffectComponent_AS
0x0f6f30,1011504,46,B,51,B_symbols,,,dotted_name,Core.Components.LokiMajorStatusEffectComponent
0x0f6fab,1011627,31,B,36,B_symbols,,0x26e7977ba00,identifier,MakeGameplayTagContainerFromTag
0x0f6fd3,1011667,11,B,16,B_symbols,,,identifier,GameplayTag
0x0f704b,1011787,33,B,38,B_symbols,,0x26e79e76980,identifier,GetActiveEffectsWithAllOwningTags
0x0f70e1,1011937,8,B,13,B_symbols,,0x26e6ef29a80,identifier,Iterator
0x0f713a,1012026,7,B,12,B_symbols,,0x26e6ef29700,identifier,Proceed
0x0f7192,1012114,26,B,31,B_symbols,,0x26e6edc5f00,identifier,BP_EffectRemainingDuration
0x0f71b1,1012145,46,B,51,B_symbols,,,dotted_name,Core.Components.LokiMajorStatusEffectComponent
0x0f7250,1012304,4,B,9,B_symbols,,0x26e6ef29540,identifier,Find
0x0f72ed,1012461,3,B,8,B_symbols,,0x26e6ef29380,identifier,Add
0x0f7389,1012617,5,B,10,B_symbols,,0x26e79e76d00,internal_symbol,$beh2
0x0f73df,1012703,47,B,52,B_symbols,,0x26e783aee80,internal_symbol,__Evt_PushArgument__FActiveGameplayEffectHandle
0x0f7483,1012867,34,B,39,B_symbols,,0x26e6edc59c0,identifier,ULokiMajorStatusEffectComponent_AS
0x0f74aa,1012906,46,B,51,B_symbols,,,dotted_name,Core.Components.LokiMajorStatusEffectComponent
0x0f7525,1013029,35,B,40,B_symbols,,0x26e6ee56b40,other,~ULokiMajorStatusEffectComponent_AS
0x0f754d,1013069,46,B,51,B_symbols,,,dotted_name,Core.Components.LokiMajorStatusEffectComponent
0x0f75c8,1013192,5,B,10,B_symbols,,0x26e6ef291c0,internal_symbol,$beh0
0x0f761e,1013278,5,B,10,B_symbols,,0x26e6edc5100,internal_symbol,$beh2
0x0f7674,1013364,26,B,31,B_symbols,,0x26e6edc3a40,identifier,ALokiDayNightController_AS
0x0f7693,1013395,41,B,46,B_symbols,,,dotted_name,DayNightController.LokiDayNightController
0x0f7709,1013513,22,B,27,B_symbols,,0x26e6edc44c0,identifier,BP_IsCharacterInShadow
0x0f7724,1013540,41,B,46,B_symbols,,,dotted_name,DayNightController.LokiDayNightController
0x0f77be,1013694,18,B,23,B_symbols,,0x26e6edc4140,identifier,BP_CheatNightToDay
0x0f77d5,1013717,41,B,46,B_symbols,,,dotted_name,DayNightController.LokiDayNightController
0x0f786f,1013871,18,B,23,B_symbols,,0x26e6edc3dc0,identifier,BP_CheatDayToNight
0x0f7886,1013894,41,B,46,B_symbols,,,dotted_name,DayNightController.LokiDayNightController
0x0f7920,1014048,26,B,31,B_symbols,,0x26e6edcac00,identifier,ALokiDayNightController_AS
0x0f793f,1014079,41,B,46,B_symbols,,,dotted_name,DayNightController.LokiDayNightController
0x0f79b5,1014197,27,B,32,B_symbols,,0x26e6ee567c0,other,~ALokiDayNightController_AS
0x0f79d5,1014229,41,B,46,B_symbols,,,dotted_name,DayNightController.LokiDayNightController
0x0f7a4b,1014347,24,B,29,B_symbols,,0x26e6edca880,identifier,FTimelineChangedDelegate
0x0f7a68,1014376,41,B,46,B_symbols,,,dotted_name,DayNightController.LokiDayNightController
0x0f7ade,1014494,29,B,34,B_symbols,,0x26e6edc98c0,identifier,FDayNightStateChangedDelegate
0x0f7b00,1014528,41,B,46,B_symbols,,,dotted_name,DayNightController.LokiDayNightController
0x0f7b76,1014646,17,B,22,B_symbols,,0x26e6edc8900,identifier,FDayBeginDelegate
0x0f7b8c,1014668,41,B,46,B_symbols,,,dotted_name,DayNightController.LokiDayNightController
0x0f7c02,1014786,15,B,20,B_symbols,,0x26e6edc7940,identifier,FDayEndDelegate
0x0f7c16,1014806,41,B,46,B_symbols,,,dotted_name,DayNightController.LokiDayNightController
0x0f7c8c,1014924,25,B,30,B_symbols,,0x26e6ee56980,other,~FTimelineChangedDelegate
0x0f7caa,1014954,41,B,46,B_symbols,,,dotted_name,DayNightController.LokiDayNightController
0x0f7d20,1015072,30,B,35,B_symbols,,0x26e6ee56600,other,~FDayNightStateChangedDelegate
0x0f7d43,1015107,41,B,46,B_symbols,,,dotted_name,DayNightController.LokiDayNightController
0x0f7db9,1015225,18,B,23,B_symbols,,0x26e6ee56440,other,~FDayBeginDelegate
0x0f7dd0,1015248,41,B,46,B_symbols,,,dotted_name,DayNightController.LokiDayNightController
0x0f7e46,1015366,16,B,21,B_symbols,,0x26e6ee56280,other,~FDayEndDelegate
0x0f7e5b,1015387,41,B,46,B_symbols,,,dotted_name,DayNightController.LokiDayNightController
0x0f7ed1,1015505,8,B,13,B_symbols,,0x26e6edca500,internal_symbol,opAssign
0x0f7ede,1015518,41,B,46,B_symbols,,,dotted_name,DayNightController.LokiDayNightController
0x0f7f78,1015672,38,B,43,B_symbols,,0x26e774cf040,internal_symbol,__Evt_PushArgument__ELokiDayNightState
0x0f8013,1015827,8,B,13,B_symbols,,0x26e6edc9540,internal_symbol,opAssign
0x0f8020,1015840,41,B,46,B_symbols,,,dotted_name,DayNightController.LokiDayNightController
0x0f80ba,1015994,8,B,13,B_symbols,,0x26e6edc8580,internal_symbol,opAssign
0x0f80c7,1016007,41,B,46,B_symbols,,,dotted_name,DayNightController.LokiDayNightController
0x0f8161,1016161,8,B,13,B_symbols,,0x26e6edc75c0,internal_symbol,opAssign
0x0f816e,1016174,41,B,46,B_symbols,,,dotted_name,DayNightController.LokiDayNightController
0x0f8208,1016328,5,B,10,B_symbols,,0x26e6ef29000,internal_symbol,$beh0
0x0f825e,1016414,10,B,15,B_symbols,,0x26e6ef28ac0,internal_symbol,opImplConv
0x0f82b9,1016505,8,B,13,B_symbols,,0x26e6ef28580,identifier,Iterator
0x0f8312,1016594,7,B,12,B_symbols,,0x26e6ef28200,identifier,Proceed
0x0f836a,1016682,3,B,8,B_symbols,,0x26e6ef28040,identifier,Num
0x0f83be,1016766,5,B,10,B_symbols,,0x26e7a108c80,internal_symbol,$beh2
0x0f8414,1016852,9,B,14,B_symbols,,0x26e69d2b300,identifier,RandRange
0x0f8426,1016870,4,B,9,B_symbols,,,identifier,Math
0x0f84bb,1017019,7,B,12,B_symbols,,0x26e6ef27cc0,internal_symbol,opIndex
0x0f8537,1017143,29,B,34,B_symbols,,0x26e6edcd600,identifier,UComp_PC_LokiRespawnComponent
0x0f8559,1017177,32,B,37,B_symbols,,,dotted_name,FFA.Comp_PC_LokiRespawnComponent
0x0f85c6,1017286,5,B,10,B_symbols,,0x26e6ef275c0,internal_symbol,$beh0
0x0f861c,1017372,8,B,13,B_symbols,,0x26e78b93dc0,internal_symbol,opAssign
0x0f8699,1017497,8,B,13,B_symbols,,0x26e6ef27b00,internal_symbol,opEquals
0x0f8716,1017622,12,B,17,B_symbols,,0x26e79fa2700,identifier,CreateWidget
0x0f872b,1017643,15,B,20,B_symbols,,,identifier,WidgetBlueprint
0x0f87ef,1017839,13,B,18,B_symbols,,0x26e7971adc0,identifier,AddToViewport
0x0f8871,1017969,29,B,34,B_symbols,,0x26e6edcd440,identifier,UComp_PC_LokiRespawnComponent
0x0f8893,1018003,32,B,37,B_symbols,,,dotted_name,FFA.Comp_PC_LokiRespawnComponent
0x0f8900,1018112,23,B,28,B_symbols,,0x26e6edcc640,identifier,UFFABotSpawnerComponent
0x0f891c,1018140,17,B,22,B_symbols,,,dotted_name,FFA.FFABotSpawner
0x0f897a,1018234,5,B,10,B_symbols,,0x26e7861af80,internal_symbol,$beh0
0x0f89f4,1018356,5,B,10,B_symbols,,0x26e6ef27400,internal_symbol,$beh0
0x0f8a4a,1018442,8,B,13,B_symbols,,0x26e6ef2e240,identifier,Iterator
0x0f8aa3,1018531,7,B,12,B_symbols,,0x26e6ef2dec0,identifier,Proceed
0x0f8afb,1018619,5,B,10,B_symbols,,0x26e6ef2dd00,internal_symbol,$beh0
0x0f8b51,1018705,8,B,13,B_symbols,,0x26e6ef2db40,internal_symbol,opAssign
0x0f8bce,1018830,7,B,12,B_symbols,,0x26e6ef2d7c0,identifier,IsValid
0x0f8c26,1018918,3,B,8,B_symbols,,0x26e6ef2d600,identifier,Add
0x0f8c9e,1019038,16,B,21,B_symbols,,0x26e7a138ac0,identifier,SetSpawnableBots
0x0f8d23,1019171,5,B,10,B_symbols,,0x26e7a139000,internal_symbol,$beh2
0x0f8d79,1019257,23,B,28,B_symbols,,0x26e6edcc480,identifier,UFFABotSpawnerComponent
0x0f8d95,1019285,17,B,22,B_symbols,,,dotted_name,FFA.FFABotSpawner
0x0f8df3,1019379,24,B,29,B_symbols,,0x26e6ee560c0,other,~UFFABotSpawnerComponent
0x0f8e10,1019408,17,B,22,B_symbols,,,dotted_name,FFA.FFABotSpawner
0x0f8e6e,1019502,12,B,17,B_symbols,,0x26e6edcfac0,identifier,AFFAGameMode
0x0f8e7f,1019519,15,B,20,B_symbols,,,dotted_name,FFA.FFAGameMode
0x0f8edb,1019611,20,B,25,B_symbols,,0x26e6edcb140,identifier,OnCharacterRespawned
0x0f8ef4,1019636,15,B,20,B_symbols,,,dotted_name,FFA.FFAGameMode
0x0f8f74,1019764,8,B,13,B_symbols,,0x26e6ef2d440,identifier,Contains
0x0f8ff1,1019889,3,B,8,B_symbols,,0x26e6ef2d280,identifier,Add
0x0f9069,1020009,10,B,15,B_symbols,,0x26e6edcb840,identifier,InitPlayer
0x0f9078,1020024,15,B,20,B_symbols,,,dotted_name,FFA.FFAGameMode
0x0f90f8,1020152,6,B,11,B_symbols,,0x26e79b57240,identifier,IsABot
0x0f914f,1020239,8,B,13,B_symbols,,0x26e6ef2d0c0,identifier,Contains
0x0f91cc,1020364,18,B,23,B_symbols,,0x26e7a108580,identifier,GracefullyShutdown
0x0f9277,1020535,6,B,11,B_symbols,,0x26e6ef2cf00,identifier,Remove
0x0f92f2,1020658,17,B,22,B_symbols,,0x26e7a192540,identifier,ResetAllCooldowns
0x0f9354,1020756,11,B,16,B_symbols,,0x26e6edcfe40,identifier,AddBandages
0x0f9364,1020772,15,B,20,B_symbols,,,dotted_name,FFA.FFAGameMode
0x0f93e4,1020900,10,B,15,B_symbols,,0x26e6edcadc0,identifier,ResetArmor
0x0f93f3,1020915,15,B,20,B_symbols,,,dotted_name,FFA.FFAGameMode
0x0f9473,1021043,21,B,26,B_symbols,,0x26e7a2aaa40,identifier,GetInventoryComponent
0x0f9491,1021073,27,B,32,B_symbols,,,identifier,ULokiInventoryComponentBase
0x0f9519,1021209,19,B,24,B_symbols,,0x26e7a2a4680,identifier,GetAllItemsAndSlots
0x0f957d,1021309,8,B,13,B_symbols,,0x26e6ef2c9c0,identifier,Iterator
0x0f95d6,1021398,7,B,12,B_symbols,,0x26e6ef2c640,identifier,Proceed
0x0f962e,1021486,5,B,10,B_symbols,,0x26e7a2a44c0,internal_symbol,$beh2
0x0f9684,1021572,5,B,10,B_symbols,,0x26e6ef2c2c0,internal_symbol,$beh0
0x0f96da,1021658,3,B,8,B_symbols,,0x26e6ef2c100,identifier,Add
0x0f9752,1021778,8,B,13,B_symbols,,0x26e6ef2bf40,identifier,Contains
0x0f97cf,1021903,5,B,10,B_symbols,,0x26e78655640,internal_symbol,$beh2
0x0f9825,1021989,12,B,17,B_symbols,,0x26e6edcf900,identifier,AFFAGameMode
0x0f9836,1022006,15,B,20,B_symbols,,,dotted_name,FFA.FFAGameMode
0x0f9892,1022098,13,B,18,B_symbols,,0x26e6ee55f00,other,~AFFAGameMode
0x0f98a4,1022116,15,B,20,B_symbols,,,dotted_name,FFA.FFAGameMode
0x0f9900,1022208,5,B,10,B_symbols,,0x26e6ef2bd80,internal_symbol,$beh0
0x0f9956,1022294,5,B,10,B_symbols,,0x26e6ef2bbc0,internal_symbol,$beh0
0x0f99ac,1022380,5,B,10,B_symbols,,0x26e7a257080,internal_symbol,$beh2
0x0f9a02,1022466,5,B,10,B_symbols,,0x26e6edcf200,internal_symbol,$beh2
0x0f9a58,1022552,27,B,32,B_symbols,,0x26e6ede2540,identifier,ULokiPlayerRespawnComponent
0x0f9a78,1022584,30,B,35,B_symbols,,,dotted_name,FFA.LokiPlayerRespawnComponent
0x0f9ae3,1022691,19,B,24,B_symbols,,0x26e6edce940,identifier,OnRoundPhaseChanged
0x0f9afb,1022715,30,B,35,B_symbols,,,dotted_name,FFA.LokiPlayerRespawnComponent
0x0f9b8a,1022858,11,B,16,B_symbols,,0x26e6ede7080,identifier,StaticClass
0x0f9b9a,1022874,24,B,29,B_symbols,,,dotted_name,FFA.LokiRespawnComponent
0x0f9bb7,1022903,21,B,26,B_symbols,,,identifier,ULokiRespawnComponent
0x0f9c15,1022997,21,B,26,B_symbols,,0x26e6edceb00,identifier,OnPlayerStartsCreated
0x0f9c2f,1023023,30,B,35,B_symbols,,,dotted_name,FFA.LokiPlayerRespawnComponent
0x0f9c9a,1023130,22,B,27,B_symbols,,0x26e6edce780,identifier,CheckSetInitialRespawn
0x0f9cb5,1023157,30,B,35,B_symbols,,,dotted_name,FFA.LokiPlayerRespawnComponent
0x0f9d20,1023264,6,B,11,B_symbols,,0x26e711e9700,identifier,Unbind
0x0f9dbf,1023423,21,B,26,B_symbols,,0x26e6ede3500,identifier,ShouldScheduleRespawn
0x0f9dd9,1023449,30,B,35,B_symbols,,,dotted_name,FFA.LokiPlayerRespawnComponent
0x0f9e44,1023556,14,B,19,B_symbols,,0x26e6ede2e00,identifier,SetRespawnTime
0x0f9e57,1023575,30,B,35,B_symbols,,,dotted_name,FFA.LokiPlayerRespawnComponent
0x0f9ee6,1023718,14,B,19,B_symbols,,0x26e7a188ac0,identifier,GetLivingState
0x0f9f45,1023813,15,B,20,B_symbols,,0x26e6ede2fc0,identifier,ScheduleRespawn
0x0f9f59,1023833,30,B,35,B_symbols,,,dotted_name,FFA.LokiPlayerRespawnComponent
0x0f9fc4,1023940,7,B,12,B_symbols,,0x26e6ede2a80,identifier,Respawn
0x0f9fd0,1023952,30,B,35,B_symbols,,,dotted_name,FFA.LokiPlayerRespawnComponent
0x0fa03b,1024059,13,B,18,B_symbols,,0x26e6ede3340,identifier,GetSpawnDelay
0x0fa04d,1024077,30,B,35,B_symbols,,,dotted_name,FFA.LokiPlayerRespawnComponent
0x0fa0b8,1024184,7,B,12,B_symbols,,0x26e6ede0b00,identifier,Respawn
0x0fa0c4,1024196,24,B,29,B_symbols,,,dotted_name,FFA.LokiRespawnComponent
0x0fa14d,1024333,27,B,32,B_symbols,,0x26e6ede2380,identifier,ULokiPlayerRespawnComponent
0x0fa16d,1024365,30,B,35,B_symbols,,,dotted_name,FFA.LokiPlayerRespawnComponent
0x0fa1d8,1024472,28,B,33,B_symbols,,0x26e6ee55d40,other,~ULokiPlayerRespawnComponent
0x0fa1f9,1024505,30,B,35,B_symbols,,,dotted_name,FFA.LokiPlayerRespawnComponent
0x0fa264,1024612,5,B,10,B_symbols,,0x26e6540d600,internal_symbol,$beh0
0x0fa2ba,1024698,5,B,10,B_symbols,,0x26e6540d440,internal_symbol,$beh2
0x0fa310,1024784,21,B,26,B_symbols,,0x26e6ede0240,identifier,ULokiRespawnComponent
0x0fa32a,1024810,24,B,29,B_symbols,,,dotted_name,FFA.LokiRespawnComponent
0x0fa38f,1024911,20,B,25,B_symbols,,0x26e6ede1580,identifier,GeneratePlayerStarts
0x0fa3a8,1024936,24,B,29,B_symbols,,,dotted_name,FFA.LokiRespawnComponent
0x0fa40d,1025037,3,B,8,B_symbols,,0x26e6ef2b840,identifier,Add
0x0fa485,1025157,14,B,19,B_symbols,,0x26e6ede0940,identifier,ShouldSpawnBot
0x0fa498,1025176,24,B,29,B_symbols,,,dotted_name,FFA.LokiRespawnComponent
0x0fa4fd,1025277,25,B,30,B_symbols,,0x26e6ede05c0,identifier,GetPlayerRespawnComponent
0x0fa51b,1025307,24,B,29,B_symbols,,,dotted_name,FFA.LokiRespawnComponent
0x0fa5a4,1025444,7,B,12,B_symbols,,0x26e70393dc0,identifier,GetName
0x0fa5fc,1025532,33,B,38,B_symbols,,0x26e77fcf740,internal_symbol,__Evt_PushArgumentRef__FTransform
0x0fa692,1025682,5,B,10,B_symbols,,0x26e70615d40,internal_symbol,$beh0
0x0fa70c,1025804,17,B,22,B_symbols,,0x26e69d2f900,identifier,RandPointInCircle
0x0fa726,1025830,4,B,9,B_symbols,,,identifier,Math
0x0fa797,1025943,5,B,10,B_symbols,,0x26e69c5b4c0,internal_symbol,$beh0
0x0fa811,1026065,19,B,24,B_symbols,,0x26e6ede1040,identifier,GetValidPlayerStart
0x0fa829,1026089,24,B,29,B_symbols,,,dotted_name,FFA.LokiRespawnComponent
0x0fa8b2,1026226,3,B,8,B_symbols,,0x26e6ef2b680,identifier,Num
0x0fa906,1026310,8,B,13,B_symbols,,0x26e6ef2b140,identifier,Iterator
0x0fa95f,1026399,7,B,12,B_symbols,,0x26e6ef2adc0,identifier,Proceed
0x0fa9b7,1026487,6,B,11,B_symbols,,0x26e6ef2fe40,identifier,Remove
0x0faa32,1026610,11,B,16,B_symbols,,0x26e6ede2000,identifier,StaticClass
0x0faa42,1026626,30,B,35,B_symbols,,,dotted_name,FFA.LokiPlayerRespawnComponent
0x0faa65,1026661,27,B,32,B_symbols,,,identifier,ULokiPlayerRespawnComponent
0x0faac9,1026761,7,B,12,B_symbols,,0x26e7a047e80,identifier,Warning
0x0faad9,1026777,3,B,8,B_symbols,,,identifier,Log
0x0fab49,1026889,7,B,12,B_symbols,,0x26e7a18d280,identifier,IsAlive
0x0faba1,1026977,8,B,13,B_symbols,,0x26e6ef2f900,identifier,Iterator
0x0fabfa,1027066,7,B,12,B_symbols,,0x26e6ef2f580,identifier,Proceed
0x0fac52,1027154,21,B,26,B_symbols,,0x26e6ede0080,identifier,ULokiRespawnComponent
0x0fac6c,1027180,24,B,29,B_symbols,,,dotted_name,FFA.LokiRespawnComponent
0x0facd1,1027281,22,B,27,B_symbols,,0x26e6ee55b80,other,~ULokiRespawnComponent
0x0facec,1027308,24,B,29,B_symbols,,,dotted_name,FFA.LokiRespawnComponent
0x0fad51,1027409,19,B,24,B_symbols,,0x26e6ede5d40,identifier,URespawnTimerWidget
0x0fad69,1027433,22,B,27,B_symbols,,,dotted_name,FFA.RespawnTimerWidget
0x0fadcc,1027532,5,B,10,B_symbols,,0x26e653c2fc0,internal_symbol,$beh0
0x0fae22,1027618,26,B,31,B_symbols,,0x26e7a135480,identifier,TryGetLocalLokiPlayerState
0x0fae45,1027653,4,B,9,B_symbols,,,identifier,Loki
0x0faeda,1027802,5,B,10,B_symbols,,0x26e653c2e00,internal_symbol,$beh2
0x0faf30,1027888,15,B,20,B_symbols,,0x26e6ede6440,identifier,UpdateTimerText
0x0faf44,1027908,22,B,27,B_symbols,,,dotted_name,FFA.RespawnTimerWidget
0x0fafcb,1028043,18,B,23,B_symbols,,0x26e6ede28c0,identifier,AuthRequestRespawn
0x0fafe2,1028066,30,B,35,B_symbols,,,dotted_name,FFA.LokiPlayerRespawnComponent
0x0fb04d,1028173,19,B,24,B_symbols,,0x26e6ede5b80,identifier,URespawnTimerWidget
0x0fb065,1028197,22,B,27,B_symbols,,,dotted_name,FFA.RespawnTimerWidget
0x0fb0c8,1028296,24,B,29,B_symbols,,0x26e6ede5100,identifier,ULokiExoticLootComponent
0x0fb0e5,1028325,41,B,46,B_symbols,,,dotted_name,GameMode.LokiGameMode_ExoticLootComponent
0x0fb15b,1028443,15,B,20,B_symbols,,0x26e7a2721c0,identifier,GetRandomStream
0x0fb1df,1028575,15,B,20,B_symbols,,0x26e6ede5480,identifier,GenerateExotics
0x0fb1f3,1028595,41,B,46,B_symbols,,,dotted_name,GameMode.LokiGameMode_ExoticLootComponent
0x0fb269,1028713,13,B,18,B_symbols,,0x26e7a25f740,identifier,GetCurrentDay
0x0fb2c7,1028807,15,B,20,B_symbols,,0x26e6ede4bc0,identifier,FExoticItemList
0x0fb2db,1028827,41,B,46,B_symbols,,,dotted_name,GameMode.LokiGameMode_ExoticLootComponent
0x0fb351,1028945,4,B,9,B_symbols,,0x26e6ef2f3c0,identifier,Find
0x0fb3ee,1029102,3,B,8,B_symbols,,0x26e6ef2f200,identifier,Num
0x0fb442,1029186,18,B,23,B_symbols,,0x26e6ede52c0,identifier,GenerateLootForDay
0x0fb459,1029209,41,B,46,B_symbols,,,dotted_name,GameMode.LokiGameMode_ExoticLootComponent
0x0fb4f3,1029363,7,B,12,B_symbols,,0x26e6ef2ee80,internal_symbol,opIndex
0x0fb56f,1029487,5,B,10,B_symbols,,0x26e6ef2ecc0,internal_symbol,$beh0
0x0fb5e9,1029609,8,B,13,B_symbols,,0x26e6ef2eb00,identifier,RemoveAt
0x0fb666,1029734,3,B,8,B_symbols,,0x26e6ef2e940,identifier,Add
0x0fb702,1029890,16,B,21,B_symbols,,0x26e6ee55800,other,~FExoticItemList
0x0fb717,1029911,41,B,46,B_symbols,,,dotted_name,GameMode.LokiGameMode_ExoticLootComponent
0x0fb78d,1030029,8,B,13,B_symbols,,0x26e6ef53880,identifier,Iterator
0x0fb7e6,1030118,7,B,12,B_symbols,,0x26e6ef53500,identifier,Proceed
0x0fb83e,1030206,4,B,9,B_symbols,,0x26e6ef53340,identifier,Find
0x0fb8db,1030363,8,B,13,B_symbols,,0x26e6ef53180,internal_symbol,opEquals
0x0fb958,1030488,5,B,10,B_symbols,,0x26e6ef52e00,internal_symbol,$beh0
0x0fb9ae,1030574,3,B,8,B_symbols,,0x26e6ef52c40,identifier,Add
0x0fba26,1030694,24,B,29,B_symbols,,0x26e7a23fac0,identifier,GetAllLootFromLootTables
0x0fba47,1030727,12,B,17,B_symbols,,,identifier,LokiGameplay
0x0fbae4,1030884,27,B,32,B_symbols,,0x26e7a2d3dc0,identifier,GenerateFromClassWithStream
0x0fbb08,1030920,14,B,19,B_symbols,,,identifier,ULokiLootTable
0x0fbbef,1031151,5,B,10,B_symbols,,0x26e793f8c80,internal_symbol,$beh2
0x0fbc45,1031237,24,B,29,B_symbols,,0x26e6ede4f40,identifier,ULokiExoticLootComponent
0x0fbc62,1031266,41,B,46,B_symbols,,,dotted_name,GameMode.LokiGameMode_ExoticLootComponent
0x0fbcd8,1031384,25,B,30,B_symbols,,0x26e6ee559c0,other,~ULokiExoticLootComponent
0x0fbcf6,1031414,41,B,46,B_symbols,,,dotted_name,GameMode.LokiGameMode_ExoticLootComponent
0x0fbd6c,1031532,5,B,10,B_symbols,,0x26e6ef528c0,internal_symbol,$beh0
0x0fbdc2,1031618,5,B,10,B_symbols,,0x26e6ef52700,internal_symbol,$beh0
0x0fbe18,1031704,5,B,10,B_symbols,,0x26e6ede4300,internal_symbol,$beh2
0x0fbe6e,1031790,5,B,10,B_symbols,,0x26e6ede3f80,internal_symbol,$beh2
0x0fbec4,1031876,35,B,40,B_symbols,,0x26e6ede8200,identifier,ULokiDropPhase_PlayerStateComponent
0x0fbeec,1031916,53,B,58,B_symbols,,,dotted_name,GameMode.DropPhase.LokiDropPhase_PlayerStateComponent
0x0fbf6e,1032046,13,B,18,B_symbols,,0x26e6ede9700,identifier,IsLocalClient
0x0fbf80,1032064,53,B,58,B_symbols,,,dotted_name,GameMode.DropPhase.LokiDropPhase_PlayerStateComponent
0x0fc002,1032194,5,B,10,B_symbols,,0x26e7939d600,internal_symbol,$beh0
0x0fc058,1032280,5,B,10,B_symbols,,0x26e7939d440,internal_symbol,$beh2
0x0fc0ae,1032366,5,B,10,B_symbols,,0x26e793c6980,internal_symbol,$beh0
0x0fc104,1032452,5,B,10,B_symbols,,0x26e793c67c0,internal_symbol,$beh2
0x0fc15a,1032538,25,B,30,B_symbols,,0x26e6edea880,identifier,OnDropPodStartedWithPilot
0x0fc178,1032568,53,B,58,B_symbols,,,dotted_name,GameMode.DropPhase.LokiDropPhase_PlayerStateComponent
0x0fc1fa,1032698,8,B,13,B_symbols,,0x26e70393f80,identifier,GetWorld
0x0fc253,1032787,14,B,19,B_symbols,,0x26e78650780,identifier,GetTimeSeconds
0x0fc2b2,1032882,21,B,26,B_symbols,,0x26e6edebbc0,identifier,SetCrewPodDetachState
0x0fc2cc,1032908,30,B,35,B_symbols,,,dotted_name,GameMode.DropPhase.LokiDropPod
0x0fc3c7,1033159,29,B,34,B_symbols,,0x26e79b17940,identifier,ClearAndInvalidateTimerHandle
0x0fc3ed,1033197,6,B,11,B_symbols,,,identifier,System
0x0fc484,1033348,17,B,22,B_symbols,,0x26e7a394bc0,identifier,IsSpawnTeamLeader
0x0fc4e6,1033446,16,B,21,B_symbols,,0x26e6ede9fc0,identifier,TryStartSteering
0x0fc4fb,1033467,53,B,58,B_symbols,,,dotted_name,GameMode.DropPhase.LokiDropPhase_PlayerStateComponent
0x0fc57d,1033597,17,B,22,B_symbols,,0x26e6ede8900,identifier,HasDropPodControl
0x0fc593,1033619,53,B,58,B_symbols,,,dotted_name,GameMode.DropPhase.LokiDropPhase_PlayerStateComponent
0x0fc615,1033749,17,B,22,B_symbols,,0x26e6ede8740,identifier,UpdatePodMovement
0x0fc62b,1033771,53,B,58,B_symbols,,,dotted_name,GameMode.DropPhase.LokiDropPhase_PlayerStateComponent
0x0fc6d1,1033937,24,B,29,B_symbols,,0x26e6ede9540,identifier,UpdateDropLocationCursor
0x0fc6ee,1033966,53,B,58,B_symbols,,,dotted_name,GameMode.DropPhase.LokiDropPhase_PlayerStateComponent
0x0fc770,1034096,15,B,20,B_symbols,,0x26e6ede9380,identifier,ProcessMovement
0x0fc784,1034116,53,B,58,B_symbols,,,dotted_name,GameMode.DropPhase.LokiDropPhase_PlayerStateComponent
0x0fc806,1034246,5,B,10,B_symbols,,0x26e6ef51e40,internal_symbol,$beh0
0x0fc85c,1034332,8,B,13,B_symbols,,0x26e7939cf00,internal_symbol,opAssign
0x0fc8d9,1034457,8,B,13,B_symbols,,0x26e6ef52380,internal_symbol,opEquals
0x0fc956,1034582,16,B,21,B_symbols,,0x26e6ef51c80,identifier,GetDefaultObject
0x0fc9b7,1034679,19,B,24,B_symbols,,0x26e79b505c0,identifier,GetPlayerController
0x0fca1b,1034779,17,B,22,B_symbols,,0x26e7a32fac0,identifier,GetCursorLocation
0x0fcaa1,1034913,22,B,27,B_symbols,,0x26e79aa8200,identifier,DeprojectScreenToWorld
0x0fcac0,1034944,8,B,13,B_symbols,,,identifier,Gameplay
0x0fcba1,1035169,25,B,30,B_symbols,,0x26e7a13d440,identifier,GetTerrainPercentInRadius
0x0fcc53,1035347,17,B,22,B_symbols,,0x26e7a13cf00,identifier,IsTerrainInRadius
0x0fcd21,1035553,24,B,29,B_symbols,,0x26e6ede9000,identifier,CalculateDetachDirection
0x0fcd3e,1035582,53,B,58,B_symbols,,,dotted_name,GameMode.DropPhase.LokiDropPhase_PlayerStateComponent
0x0fce08,1035784,16,B,21,B_symbols,,0x26e6ede91c0,identifier,UpdatePodControl
0x0fce1d,1035805,53,B,58,B_symbols,,,dotted_name,GameMode.DropPhase.LokiDropPhase_PlayerStateComponent
0x0fcec3,1035971,21,B,26,B_symbols,,0x26e6edea6c0,identifier,GetInputTimeForDetach
0x0fcedd,1035997,53,B,58,B_symbols,,,dotted_name,GameMode.DropPhase.LokiDropPhase_PlayerStateComponent
0x0fcf5f,1036127,19,B,24,B_symbols,,0x26e6ede8e40,identifier,DetachPodFromLeader
0x0fcf77,1036151,53,B,58,B_symbols,,,dotted_name,GameMode.DropPhase.LokiDropPhase_PlayerStateComponent
0x0fd01d,1036317,19,B,24,B_symbols,,0x26e6edeb300,identifier,DetachPodFromLeader
0x0fd035,1036341,30,B,35,B_symbols,,,dotted_name,GameMode.DropPhase.LokiDropPod
0x0fd0c4,1036484,25,B,30,B_symbols,,0x26e6ede8c80,identifier,ServerDetachPodFromLeader
0x0fd0e2,1036514,53,B,58,B_symbols,,,dotted_name,GameMode.DropPhase.LokiDropPhase_PlayerStateComponent
0x0fd188,1036680,47,B,52,B_symbols,,0x26e774f7cc0,internal_symbol,__Evt_PushArgument__ELokiMovementInputDirection
0x0fd22c,1036844,18,B,23,B_symbols,,0x26e6edef900,identifier,IsPlayerStatePilot
0x0fd243,1036867,30,B,35,B_symbols,,,dotted_name,GameMode.DropPhase.LokiDropPod
0x0fd2d2,1037010,23,B,28,B_symbols,,0x26e6ede8580,identifier,ServerUpdatePodMovement
0x0fd2ee,1037038,53,B,58,B_symbols,,,dotted_name,GameMode.DropPhase.LokiDropPhase_PlayerStateComponent
0x0fd394,1037204,35,B,40,B_symbols,,0x26e6ede8040,identifier,ULokiDropPhase_PlayerStateComponent
0x0fd3bc,1037244,53,B,58,B_symbols,,,dotted_name,GameMode.DropPhase.LokiDropPhase_PlayerStateComponent
0x0fd43e,1037374,36,B,41,B_symbols,,0x26e6ee55640,other,~ULokiDropPhase_PlayerStateComponent
0x0fd467,1037415,53,B,58,B_symbols,,,dotted_name,GameMode.DropPhase.LokiDropPhase_PlayerStateComponent
0x0fd4e9,1037545,12,B,17,B_symbols,,0x26e6ee02a80,identifier,ALokiDropPod
0x0fd4fa,1037562,30,B,35,B_symbols,,,dotted_name,GameMode.DropPhase.LokiDropPod
0x0fd565,1037669,18,B,23,B_symbols,,0x26e6ede75c0,identifier,FLokiPodDetachData
0x0fd57c,1037692,30,B,35,B_symbols,,,dotted_name,GameMode.DropPhase.LokiDropPod
0x0fd5e7,1037799,12,B,17,B_symbols,,0x26e7a3de240,identifier,GetTeamIndex
0x0fd644,1037892,16,B,21,B_symbols,,0x26e6ededec0,identifier,StartPodGameplay
0x0fd659,1037913,30,B,35,B_symbols,,,dotted_name,GameMode.DropPhase.LokiDropPod
0x0fd6c4,1038020,9,B,14,B_symbols,,0x26e7a41cd40,identifier,SetActive
0x0fd6d6,1038038,20,B,25,B_symbols,,,identifier,ULokiTrainingManager
0x0fd77b,1038203,28,B,33,B_symbols,,0x26e6edefac0,identifier,UpdateDetachingPodFromLeader
0x0fd79c,1038236,30,B,35,B_symbols,,,dotted_name,GameMode.DropPhase.LokiDropPod
0x0fd807,1038343,27,B,32,B_symbols,,0x26e6edebf40,identifier,UpdateDropPhaseHiddenActors
0x0fd827,1038375,30,B,35,B_symbols,,,dotted_name,GameMode.DropPhase.LokiDropPod
0x0fd892,1038482,17,B,22,B_symbols,,0x26e6ee02c40,identifier,UpdatePodMovement
0x0fd8a8,1038504,30,B,35,B_symbols,,,dotted_name,GameMode.DropPhase.LokiDropPod
0x0fd95b,1038683,24,B,29,B_symbols,,0x26e6ee02e00,identifier,UpdateCharacterLocations
0x0fd978,1038712,30,B,35,B_symbols,,,dotted_name,GameMode.DropPhase.LokiDropPod
0x0fd9e3,1038819,31,B,36,B_symbols,,0x26e6ee03340,identifier,UpdateAttachedPodLaserIndicator
0x0fda07,1038855,30,B,35,B_symbols,,,dotted_name,GameMode.DropPhase.LokiDropPod
0x0fda72,1038962,24,B,29,B_symbols,,0x26e6edec640,identifier,TransitionCameraToPlayer
0x0fda8f,1038991,30,B,35,B_symbols,,,dotted_name,GameMode.DropPhase.LokiDropPod
0x0fdafa,1039098,25,B,30,B_symbols,,0x26e6edec800,identifier,TransitionCameraToCrewPod
0x0fdb18,1039128,30,B,35,B_symbols,,,dotted_name,GameMode.DropPhase.LokiDropPod
0x0fdb83,1039235,27,B,32,B_symbols,,0x26e6edec9c0,identifier,TransitionCameraToLeaderPod
0x0fdba3,1039267,30,B,35,B_symbols,,,dotted_name,GameMode.DropPhase.LokiDropPod
0x0fdc0e,1039374,19,B,24,B_symbols,,0x26e7a206600,identifier,SetPilotPlayerState
0x0fdc96,1039510,20,B,25,B_symbols,,0x26e6edef740,identifier,QueueCrewForPodSpawn
0x0fdcaf,1039535,30,B,35,B_symbols,,,dotted_name,GameMode.DropPhase.LokiDropPod
0x0fdd3e,1039678,10,B,15,B_symbols,,0x26e79737b00,identifier,Deactivate
0x0fdd99,1039769,20,B,25,B_symbols,,0x26e6edee940,identifier,SpawnImpactIndicator
0x0fddb2,1039794,30,B,35,B_symbols,,,dotted_name,GameMode.DropPhase.LokiDropPod
0x0fde41,1039937,15,B,20,B_symbols,,0x26e6eded0c0,identifier,SetDropPodState
0x0fde55,1039957,30,B,35,B_symbols,,,dotted_name,GameMode.DropPhase.LokiDropPod
0x0fdee4,1040100,19,B,24,B_symbols,,0x26e6eded7c0,identifier,PreparePodForAttach
0x0fdefc,1040124,30,B,35,B_symbols,,,dotted_name,GameMode.DropPhase.LokiDropPod
0x0fdf67,1040231,19,B,24,B_symbols,,0x26e6ededd00,identifier,BP_StartPodGameplay
0x0fdf7f,1040255,30,B,35,B_symbols,,,dotted_name,GameMode.DropPhase.LokiDropPod
0x0fdfea,1040362,23,B,28,B_symbols,,0x26e79715800,identifier,SetActorEnableCollision
0x0fe076,1040502,8,B,13,B_symbols,,0x26e6ef51580,identifier,Iterator
0x0fe0cf,1040591,7,B,12,B_symbols,,0x26e6ef51200,identifier,Proceed
0x0fe127,1040679,16,B,21,B_symbols,,0x26e6edecd40,identifier,StartPodMovement
0x0fe13c,1040700,30,B,35,B_symbols,,,dotted_name,GameMode.DropPhase.LokiDropPod
0x0fe1a7,1040807,32,B,37,B_symbols,,0x26e7a201e40,identifier,BroadcastDropPodStateChangeEvent
0x0fe1d0,1040848,13,B,18,B_symbols,,,identifier,LokiDropPhase
0x0fe26e,1041006,23,B,28,B_symbols,,0x26e6eded280,identifier,IsPlayerStateAssociated
0x0fe28a,1041034,30,B,35,B_symbols,,,dotted_name,GameMode.DropPhase.LokiDropPod
0x0fe319,1041177,33,B,38,B_symbols,,0x26e7a3be400,identifier,AuthPlayerDetachPlayerFromRidable
0x0fe3d3,1041363,9,B,14,B_symbols,,0x26e69d2af80,identifier,RandRange
0x0fe3e5,1041381,4,B,9,B_symbols,,,identifier,Math
0x0fe47a,1041530,20,B,25,B_symbols,,0x26e7a3be240,identifier,AuthPlayerEnterWorld
0x0fe56f,1041775,23,B,28,B_symbols,,0x26e79967240,identifier,StopMovementImmediately
0x0fe5d7,1041879,21,B,26,B_symbols,,0x26e6edeeb00,identifier,AllowPodSteeringEnded
0x0fe5f1,1041905,30,B,35,B_symbols,,,dotted_name,GameMode.DropPhase.LokiDropPod
0x0fe65c,1042012,22,B,27,B_symbols,,0x26e6ee03880,identifier,DestroyImpactIndicator
0x0fe677,1042039,30,B,35,B_symbols,,,dotted_name,GameMode.DropPhase.LokiDropPod
0x0fe6e2,1042146,21,B,26,B_symbols,,0x26e6ee036c0,identifier,DestroyLaserIndicator
0x0fe6fc,1042172,30,B,35,B_symbols,,,dotted_name,GameMode.DropPhase.LokiDropPod
0x0fe767,1042279,18,B,23,B_symbols,,0x26e6edecf00,identifier,KickPlayersFromPod
0x0fe77e,1042302,30,B,35,B_symbols,,,dotted_name,GameMode.DropPhase.LokiDropPod
0x0fe7e9,1042409,28,B,33,B_symbols,,0x26e6edec2c0,identifier,BP_OnPrematurePodDestruction
0x0fe80a,1042442,30,B,35,B_symbols,,,dotted_name,GameMode.DropPhase.LokiDropPod
0x0fe875,1042549,18,B,23,B_symbols,,0x26e7a19e940,identifier,GlueCameraToTarget
0x0fe920,1042720,12,B,17,B_symbols,,0x26e7a1b2fc0,identifier,UnglueCamera
0x0fe9e9,1042921,21,B,26,B_symbols,,0x26e7a32adc0,identifier,FinishDropPhaseHiding
0x0fea4f,1043023,31,B,36,B_symbols,,0x26e7a202380,identifier,BroadcastDropPodCrewDetachEvent
0x0fea77,1043063,13,B,18,B_symbols,,,identifier,LokiDropPhase
0x0feb15,1043221,8,B,13,B_symbols,,0x26e7939af80,internal_symbol,opAssign
0x0feb92,1043346,33,B,38,B_symbols,,0x26e7a202000,identifier,BroadcastDropPodLeaderDetachEvent
0x0febbc,1043388,13,B,18,B_symbols,,,identifier,LokiDropPhase
0x0fec5a,1043546,15,B,20,B_symbols,,0x26e6edecb80,identifier,StartDestroyPod
0x0fec6e,1043566,30,B,35,B_symbols,,,dotted_name,GameMode.DropPhase.LokiDropPod
0x0fecd9,1043673,27,B,32,B_symbols,,0x26e6edeaf80,identifier,StartDetachingPodFromLeader
0x0fecf9,1043705,30,B,35,B_symbols,,,dotted_name,GameMode.DropPhase.LokiDropPod
0x0fed88,1043848,9,B,14,B_symbols,,0x26e6ef50e80,identifier,AddUnique
0x0fee06,1043974,24,B,29,B_symbols,,0x26e6edeb140,identifier,ConvertDirectionToVector
0x0fee23,1044003,30,B,35,B_symbols,,,dotted_name,GameMode.DropPhase.LokiDropPod
0x0feeb2,1044146,15,B,20,B_symbols,,0x26e69d09380,identifier,RotateAngleAxis
0x0fef5a,1044314,16,B,21,B_symbols,,0x26e79f5fc80,identifier,SetActorLocation
0x0fefdf,1044447,16,B,21,B_symbols,,0x26e79f5ee80,identifier,SetActorRotation
0x0ff064,1044580,32,B,37,B_symbols,,0x26e6edeadc0,identifier,InitializeDetachingPodFromLeader
0x0ff089,1044617,30,B,35,B_symbols,,,dotted_name,GameMode.DropPhase.LokiDropPod
0x0ff0f4,1044724,3,B,8,B_symbols,,0x26e6ef50cc0,identifier,Num
0x0ff148,1044808,23,B,28,B_symbols,,0x26e6edeb840,identifier,SetLeaderPodDetachState
0x0ff164,1044836,30,B,35,B_symbols,,,dotted_name,GameMode.DropPhase.LokiDropPod
0x0ff23b,1045051,9,B,14,B_symbols,,0x26e6ee00240,identifier,Broadcast
0x0ff249,1045065,30,B,35,B_symbols,,,dotted_name,GameMode.DropPhase.LokiDropPod
0x0ff2fc,1045244,9,B,14,B_symbols,,0x26e6ee01200,identifier,Broadcast
0x0ff30a,1045258,30,B,35,B_symbols,,,dotted_name,GameMode.DropPhase.LokiDropPod
0x0ff3bd,1045437,19,B,24,B_symbols,,0x26e6eded600,identifier,PreparePodForDetach
0x0ff3d5,1045461,30,B,35,B_symbols,,,dotted_name,GameMode.DropPhase.LokiDropPod
0x0ff440,1045568,6,B,11,B_symbols,,0x26e6ef50b00,identifier,Remove
0x0ff4bb,1045691,11,B,16,B_symbols,,0x26e69d06ec0,internal_symbol,opAddAssign
0x0ff53b,1045819,21,B,26,B_symbols,,0x26e7a3b0080,identifier,SimpleProjectToGround
0x0ff559,1045849,14,B,19,B_symbols,,,identifier,LokiProjection
0x0ff688,1046152,28,B,33,B_symbols,,0x26e6edefc80,identifier,FinishDetachingPodFromLeader
0x0ff6a9,1046185,30,B,35,B_symbols,,,dotted_name,GameMode.DropPhase.LokiDropPod
0x0ff714,1046292,3,B,8,B_symbols,,0x26e6ef50940,identifier,Add
0x0ff78c,1046412,21,B,26,B_symbols,,0x26e7a206ec0,identifier,RemovePlayerFromPlane
0x0ff816,1046550,17,B,22,B_symbols,,0x26e6edef580,identifier,SpawnCrewPodQueue
0x0ff82c,1046572,30,B,35,B_symbols,,,dotted_name,GameMode.DropPhase.LokiDropPod
0x0ff897,1046679,12,B,17,B_symbols,,0x26e6edef3c0,identifier,SpawnCrewPod
0x0ff8a8,1046696,30,B,35,B_symbols,,,dotted_name,GameMode.DropPhase.LokiDropPod
0x0ff937,1046839,3,B,8,B_symbols,,0x26e6ef50780,identifier,Add
0x0ff9af,1046959,5,B,10,B_symbols,,0x26e6ef505c0,identifier,Empty
0x0ffa29,1047081,5,B,10,B_symbols,,0x26e6ef57240,internal_symbol,$beh0
0x0ffa7f,1047167,8,B,13,B_symbols,,0x26e6ee05640,internal_symbol,opAssign
0x0ffafc,1047292,8,B,13,B_symbols,,0x26e6ef50400,internal_symbol,opEquals
0x0ffb79,1047417,35,B,40,B_symbols,,0x26e7a25cf00,identifier,SpawnPoolableActorFromClassDeferred
0x0ffba5,1047461,12,B,17,B_symbols,,,identifier,LokiGameplay
0x0ffcf6,1047798,17,B,22,B_symbols,,0x26e6edee080,identifier,InitializeDropPod
0x0ffd0c,1047820,30,B,35,B_symbols,,,dotted_name,GameMode.DropPhase.LokiDropPod
0x0ffe4f,1048143,19,B,24,B_symbols,,0x26e7b1a2000,identifier,FinishSpawningActor
0x0ffefb,1048315,37,B,42,B_symbols,,0x26e7a3be080,identifier,AuthPlayerEnterWorldAttachedToRidable
0x0fffb9,1048505,26,B,31,B_symbols,,0x26e7a357b00,identifier,MulticastOnDropPodLaunched
0x100048,1048648,19,B,24,B_symbols,,0x26e6edee780,identifier,SpawnLaserIndicator
0x100060,1048672,30,B,35,B_symbols,,,dotted_name,GameMode.DropPhase.LokiDropPod
0x1000ef,1048815,23,B,28,B_symbols,,0x26e6edeecc0,identifier,AllowPodSteeringStarted
0x10010b,1048843,30,B,35,B_symbols,,,dotted_name,GameMode.DropPhase.LokiDropPod
0x100176,1048950,9,B,14,B_symbols,,0x26e6ee021c0,identifier,Broadcast
0x100184,1048964,30,B,35,B_symbols,,,dotted_name,GameMode.DropPhase.LokiDropPod
0x1001ef,1049071,22,B,27,B_symbols,,0x26e7a206440,identifier,StartPlayerPodSteering
0x100256,1049174,21,B,26,B_symbols,,0x26e7a206280,identifier,StopPlayerPodSteering
0x1002bc,1049276,5,B,10,B_symbols,,0x26e6ef56b40,internal_symbol,$beh0
0x100312,1049362,8,B,13,B_symbols,,0x26e6ee05480,internal_symbol,opAssign
0x10038f,1049487,8,B,13,B_symbols,,0x26e6ef57080,internal_symbol,opEquals
0x10040c,1049612,19,B,24,B_symbols,,0x26e6ee04bc0,identifier,InitializeIndicator
0x100424,1049636,45,B,50,B_symbols,,,dotted_name,GameMode.DropPhase.LokiDropPodImpactIndicator
0x1004c2,1049794,5,B,10,B_symbols,,0x26e6ef56440,internal_symbol,$beh0
0x100518,1049880,8,B,13,B_symbols,,0x26e6ee052c0,internal_symbol,opAssign
0x100595,1050005,8,B,13,B_symbols,,0x26e6ef56980,internal_symbol,opEquals
0x100612,1050130,19,B,24,B_symbols,,0x26e6ee0a6c0,identifier,InitializeIndicator
0x10062a,1050154,35,B,40,B_symbols,,,dotted_name,GameMode.DropPhase.LokiDropPodLaser
0x1006be,1050302,27,B,32,B_symbols,,0x26e6ee03500,identifier,UpdateGroundLaserAtLocation
0x1006de,1050334,30,B,35,B_symbols,,,dotted_name,GameMode.DropPhase.LokiDropPod
0x100791,1050513,16,B,21,B_symbols,,0x26e79877b00,identifier,GetBoneTransform
0x10083a,1050682,11,B,16,B_symbols,,0x26e70618ac0,identifier,GetLocation
0x100896,1050774,15,B,20,B_symbols,,0x26e797152c0,identifier,SetActorScale3D
0x10091a,1050906,9,B,14,B_symbols,,0x26e79f67b00,identifier,MakeFromX
0x10092c,1050924,5,B,10,B_symbols,,,identifier,FQuat
0x10099e,1051038,7,B,12,B_symbols,,0x26e703a0240,identifier,Rotator
0x1009f6,1051126,5,B,10,B_symbols,,0x26e793c7080,internal_symbol,$beh0
0x100a4c,1051212,36,B,41,B_symbols,,0x26e7a2021c0,identifier,BroadcastDropPodDirectionChangeEvent
0x100a79,1051257,13,B,18,B_symbols,,,identifier,LokiDropPhase
0x100b17,1051415,9,B,14,B_symbols,,0x26e6ee06600,identifier,Broadcast
0x100b25,1051429,30,B,35,B_symbols,,,dotted_name,GameMode.DropPhase.LokiDropPod
0x100bd8,1051608,5,B,10,B_symbols,,0x26e793c6ec0,internal_symbol,$beh2
0x100c2e,1051694,18,B,23,B_symbols,,0x26e7a206980,identifier,GetDropAboveAmount
0x100c91,1051793,5,B,10,B_symbols,,0x26e786b1ac0,internal_symbol,$beh0
0x100ce7,1051879,16,B,21,B_symbols,,0x26e79712000,identifier,SetActorLocation
0x100dd8,1052120,5,B,10,B_symbols,,0x26e786b1900,internal_symbol,$beh2
0x100e2e,1052206,26,B,31,B_symbols,,0x26e7a3bd440,identifier,GetLandingTeleportLocation
0x100ee1,1052385,19,B,24,B_symbols,,0x26e6ee02fc0,identifier,SetCharacterLanding
0x100ef9,1052409,30,B,35,B_symbols,,,dotted_name,GameMode.DropPhase.LokiDropPod
0x100fac,1052588,23,B,28,B_symbols,,0x26e6ee03180,identifier,BroadcastDirectionEvent
0x100fc8,1052616,30,B,35,B_symbols,,,dotted_name,GameMode.DropPhase.LokiDropPod
0x10107b,1052795,26,B,31,B_symbols,,0x26e799fbf40,identifier,GetScaledCapsuleHalfHeight
0x1010e6,1052902,8,B,13,B_symbols,,0x26e69d07cc0,identifier,Distance
0x101163,1053027,21,B,26,B_symbols,,0x26e6ee04300,identifier,SetLandingRangeRadius
0x10117d,1053053,45,B,50,B_symbols,,,dotted_name,GameMode.DropPhase.LokiDropPodImpactIndicator
0x10121b,1053211,12,B,17,B_symbols,,0x26e6ee028c0,identifier,ALokiDropPod
0x10122c,1053228,30,B,35,B_symbols,,,dotted_name,GameMode.DropPhase.LokiDropPod
0x101297,1053335,13,B,18,B_symbols,,0x26e6ee55480,other,~ALokiDropPod
0x1012a9,1053353,30,B,35,B_symbols,,,dotted_name,GameMode.DropPhase.LokiDropPod
0x101314,1053460,5,B,10,B_symbols,,0x26e6ef56280,internal_symbol,$beh0
0x10136a,1053546,5,B,10,B_symbols,,0x26e793aa6c0,internal_symbol,$beh0
0x1013c0,1053632,5,B,10,B_symbols,,0x26e79395100,internal_symbol,$beh0
0x101416,1053718,5,B,10,B_symbols,,0x26e7939b840,internal_symbol,$beh0
0x10146c,1053804,18,B,23,B_symbols,,0x26e6ee02700,identifier,FOnPodOutroStarted
0x101483,1053827,30,B,35,B_symbols,,,dotted_name,GameMode.DropPhase.LokiDropPod
0x1014ee,1053934,30,B,35,B_symbols,,0x26e6ee01740,identifier,FOnLeaderPodHasCrewPodDetached
0x101511,1053969,30,B,35,B_symbols,,,dotted_name,GameMode.DropPhase.LokiDropPod
0x10157c,1054076,21,B,26,B_symbols,,0x26e6ee00780,identifier,FOnCrewPodHasDetached
0x101596,1054102,30,B,35,B_symbols,,,dotted_name,GameMode.DropPhase.LokiDropPod
0x101601,1054209,26,B,31,B_symbols,,0x26e6ee06b40,identifier,FOnPodMoveDirectionChanged
0x101620,1054240,30,B,35,B_symbols,,,dotted_name,GameMode.DropPhase.LokiDropPod
0x10168b,1054347,8,B,13,B_symbols,,0x26e6ef560c0,internal_symbol,opAssign
0x101708,1054472,8,B,13,B_symbols,,0x26e6ef55f00,internal_symbol,opAssign
0x101785,1054597,8,B,13,B_symbols,,0x26e6ef55d40,internal_symbol,opAssign
0x101802,1054722,5,B,10,B_symbols,,0x26e6ee05100,internal_symbol,$beh2
0x101858,1054808,5,B,10,B_symbols,,0x26e793aa500,internal_symbol,$beh2
0x1018ae,1054894,5,B,10,B_symbols,,0x26e79394f40,internal_symbol,$beh2
0x101904,1054980,5,B,10,B_symbols,,0x26e7939b680,internal_symbol,$beh2
0x10195a,1055066,19,B,24,B_symbols,,0x26e6ee552c0,other,~FOnPodOutroStarted
0x101972,1055090,30,B,35,B_symbols,,,dotted_name,GameMode.DropPhase.LokiDropPod
0x1019dd,1055197,31,B,36,B_symbols,,0x26e6ee55100,other,~FOnLeaderPodHasCrewPodDetached
0x101a01,1055233,30,B,35,B_symbols,,,dotted_name,GameMode.DropPhase.LokiDropPod
0x101a6c,1055340,22,B,27,B_symbols,,0x26e6ee54f40,other,~FOnCrewPodHasDetached
0x101a87,1055367,30,B,35,B_symbols,,,dotted_name,GameMode.DropPhase.LokiDropPod
0x101af2,1055474,27,B,32,B_symbols,,0x26e6ee54d80,other,~FOnPodMoveDirectionChanged
0x101b12,1055506,30,B,35,B_symbols,,,dotted_name,GameMode.DropPhase.LokiDropPod
0x101b7d,1055613,8,B,13,B_symbols,,0x26e6ee02380,internal_symbol,opAssign
0x101b8a,1055626,30,B,35,B_symbols,,,dotted_name,GameMode.DropPhase.LokiDropPod
0x101c19,1055769,8,B,13,B_symbols,,0x26e6ee013c0,internal_symbol,opAssign
0x101c26,1055782,30,B,35,B_symbols,,,dotted_name,GameMode.DropPhase.LokiDropPod
0x101cb5,1055925,8,B,13,B_symbols,,0x26e6ee00400,internal_symbol,opAssign
0x101cc2,1055938,30,B,35,B_symbols,,,dotted_name,GameMode.DropPhase.LokiDropPod
0x101d51,1056081,8,B,13,B_symbols,,0x26e6ee067c0,internal_symbol,opAssign
0x101d5e,1056094,30,B,35,B_symbols,,,dotted_name,GameMode.DropPhase.LokiDropPod
0x101ded,1056237,27,B,32,B_symbols,,0x26e6ee03a40,identifier,ALokiDropPodImpactIndicator
0x101e0d,1056269,45,B,50,B_symbols,,,dotted_name,GameMode.DropPhase.LokiDropPodImpactIndicator
0x101e87,1056391,19,B,24,B_symbols,,0x26e6ee044c0,identifier,CheckIndicatorReady
0x101e9f,1056415,45,B,50,B_symbols,,,dotted_name,GameMode.DropPhase.LokiDropPodImpactIndicator
0x101f19,1056537,19,B,24,B_symbols,,0x26e6ee04140,identifier,OnDropPodReplicated
0x101f31,1056561,45,B,50,B_symbols,,,dotted_name,GameMode.DropPhase.LokiDropPodImpactIndicator
0x101fab,1056683,22,B,27,B_symbols,,0x26e6ee03dc0,identifier,OnLandingRadiusChanged
0x101fc6,1056710,45,B,50,B_symbols,,,dotted_name,GameMode.DropPhase.LokiDropPodImpactIndicator
0x102040,1056832,27,B,32,B_symbols,,0x26e6ee0ac00,identifier,ALokiDropPodImpactIndicator
0x102060,1056864,45,B,50,B_symbols,,,dotted_name,GameMode.DropPhase.LokiDropPodImpactIndicator
0x1020da,1056986,17,B,22,B_symbols,,0x26e6ee0a500,identifier,ALokiDropPodLaser
0x1020f0,1057008,35,B,40,B_symbols,,,dotted_name,GameMode.DropPhase.LokiDropPodLaser
0x102160,1057120,17,B,22,B_symbols,,0x26e6ee0a340,identifier,ALokiDropPodLaser
0x102176,1057142,35,B,40,B_symbols,,,dotted_name,GameMode.DropPhase.LokiDropPodLaser
0x1021e6,1057254,13,B,18,B_symbols,,0x26e6ee09a80,identifier,ALokiDropShip
0x1021f8,1057272,31,B,36,B_symbols,,,dotted_name,GameMode.DropPhase.LokiDropShip
0x102264,1057380,17,B,22,B_symbols,,0x26e6ee09c40,identifier,GetTeamDropLeader
0x10227a,1057402,31,B,36,B_symbols,,,dotted_name,GameMode.DropPhase.LokiDropShip
0x10230a,1057546,16,B,21,B_symbols,,0x26e7a3becc0,identifier,AddTeamDropEvent
0x1023d7,1057751,11,B,16,B_symbols,,0x26e7a394a00,identifier,IsSpectator
0x102433,1057843,13,B,18,B_symbols,,0x26e6ee098c0,identifier,ALokiDropShip
0x102445,1057861,31,B,36,B_symbols,,,dotted_name,GameMode.DropPhase.LokiDropShip
0x1024b1,1057969,17,B,22,B_symbols,,0x26e6ee09380,identifier,ALokiGameState_AS
0x1024c7,1057991,23,B,28,B_symbols,,,dotted_name,GameState.LokiGameState
0x10252b,1058091,17,B,22,B_symbols,,0x26e6ee091c0,identifier,ALokiGameState_AS
0x102541,1058113,23,B,28,B_symbols,,,dotted_name,GameState.LokiGameState
0x1025a5,1058213,31,B,36,B_symbols,,0x26e6ee0c2c0,identifier,ULokiInteractionPlayerComponent
0x1025c9,1058249,42,B,47,B_symbols,,,dotted_name,Interaction.LokiInteractionPlayerComponent
0x102640,1058368,15,B,20,B_symbols,,0x26e6ee083c0,identifier,FLokiUsableData
0x102654,1058388,42,B,47,B_symbols,,,dotted_name,Interaction.LokiInteractionPlayerComponent
0x1026cb,1058507,8,B,13,B_symbols,,0x26e6ef55b80,identifier,Iterator
0x102724,1058596,7,B,12,B_symbols,,0x26e6ef55800,identifier,Proceed
0x10277c,1058684,23,B,28,B_symbols,,0x26e7a2a2700,identifier,IsComponentInUsableList
0x102808,1058824,22,B,27,B_symbols,,0x26e7a352c40,identifier,IsActorHoveringEnabled
0x10286f,1058927,5,B,10,B_symbols,,0x26e6ee08580,identifier,Clear
0x102879,1058937,42,B,47,B_symbols,,,dotted_name,Interaction.LokiInteractionPlayerComponent
0x1028f0,1059056,9,B,14,B_symbols,,0x26e7a437b00,identifier,CanBeUsed
0x10296e,1059182,27,B,32,B_symbols,,0x26e6ee0d600,identifier,ProcessInteractionSelection
0x10298e,1059214,42,B,47,B_symbols,,,dotted_name,Interaction.LokiInteractionPlayerComponent
0x102a05,1059333,25,B,30,B_symbols,,0x26e6ee0cd40,identifier,InteractionsAreOnCooldown
0x102a23,1059363,42,B,47,B_symbols,,,dotted_name,Interaction.LokiInteractionPlayerComponent
0x102a9a,1059482,26,B,31,B_symbols,,0x26e6ee0c480,identifier,TryProcessingBufferedInput
0x102ab9,1059513,42,B,47,B_symbols,,,dotted_name,Interaction.LokiInteractionPlayerComponent
0x102b54,1059668,8,B,13,B_symbols,,0x26e6ef54f40,identifier,Contains
0x102bd1,1059793,18,B,23,B_symbols,,0x26e6ee0dec0,identifier,CancelActiveUsable
0x102be8,1059816,42,B,47,B_symbols,,,dotted_name,Interaction.LokiInteractionPlayerComponent
0x102c83,1059971,15,B,20,B_symbols,,0x26e7a43d0c0,identifier,StopInteraction
0x102d4f,1060175,6,B,11,B_symbols,,0x26e6ef54d80,identifier,Remove
0x102dca,1060298,24,B,29,B_symbols,,0x26e6ee0d0c0,identifier,ProcessActiveInteraction
0x102de7,1060327,42,B,47,B_symbols,,,dotted_name,Interaction.LokiInteractionPlayerComponent
0x102e5e,1060446,9,B,14,B_symbols,,0x26e6ee0ecc0,identifier,Broadcast
0x102e6c,1060460,42,B,47,B_symbols,,,dotted_name,Interaction.LokiInteractionPlayerComponent
0x102f07,1060615,17,B,22,B_symbols,,0x26e7a43cd40,identifier,UpdateInteraction
0x102fb1,1060785,19,B,24,B_symbols,,0x26e7a43d980,identifier,IsUsableInteracting
0x103039,1060921,31,B,36,B_symbols,,0x26e6ee0e240,identifier,OnSpawnedCharacterChangedCalled
0x10305d,1060957,42,B,47,B_symbols,,,dotted_name,Interaction.LokiInteractionPlayerComponent
0x1030f8,1061112,12,B,17,B_symbols,,0x26e6ee0e080,identifier,ClearUsables
0x103109,1061129,42,B,47,B_symbols,,,dotted_name,Interaction.LokiInteractionPlayerComponent
0x103180,1061248,12,B,17,B_symbols,,0x26e711bb4c0,identifier,UnbindObject
0x103201,1061377,12,B,17,B_symbols,,0x26e71188740,identifier,UnbindObject
0x103282,1061506,12,B,17,B_symbols,,0x26e711b5640,identifier,UnbindObject
0x103303,1061635,26,B,31,B_symbols,,0x26e7a18d440,identifier,IsAbilitySystemInitialized
0x10336e,1061742,32,B,37,B_symbols,,0x26e6ee0d980,identifier,OnAbilitySystemInitializedCalled
0x103393,1061779,42,B,47,B_symbols,,,dotted_name,Interaction.LokiInteractionPlayerComponent
0x10342e,1061934,5,B,10,B_symbols,,0x26e6ef54bc0,identifier,Empty
0x1034a8,1062056,19,B,24,B_symbols,,0x26e7a43db40,identifier,IsInteractionEnding
0x103530,1062192,35,B,40,B_symbols,,0x26e6ee0dd00,identifier,ShouldCancelActiveUsableInteraction
0x103558,1062232,42,B,47,B_symbols,,,dotted_name,Interaction.LokiInteractionPlayerComponent
0x1035cf,1062351,12,B,17,B_symbols,,0x26e7a32fe40,identifier,ForceCloseUI
0x10362c,1062444,20,B,25,B_symbols,,0x26e6ee0d440,identifier,UpdateSelectedUsable
0x103645,1062469,42,B,47,B_symbols,,,dotted_name,Interaction.LokiInteractionPlayerComponent
0x1036bc,1062588,14,B,19,B_symbols,,0x26e6ee0d280,identifier,IsInUsableList
0x1036cf,1062607,42,B,47,B_symbols,,,dotted_name,Interaction.LokiInteractionPlayerComponent
0x10376a,1062762,38,B,43,B_symbols,,0x26e7a2a2a80,identifier,GetClosestOverlappingComponentWithTags
0x103805,1062917,24,B,29,B_symbols,,0x26e7a437400,identifier,GetHighestPriorityUsable
0x103826,1062950,20,B,25,B_symbols,,,identifier,ULokiUsableComponent
0x1038cb,1063115,7,B,12,B_symbols,,0x26e7a43cf00,identifier,Unfocus
0x103923,1063203,5,B,10,B_symbols,,0x26e7a437940,identifier,Focus
0x10399d,1063325,9,B,14,B_symbols,,0x26e7a43e240,identifier,GetPrompt
0x103a3f,1063487,22,B,27,B_symbols,,0x26e7a43d440,identifier,SetInteractionUIPrompt
0x103aca,1063626,9,B,14,B_symbols,,0x26e6ee0ba00,identifier,Broadcast
0x103ad8,1063640,42,B,47,B_symbols,,,dotted_name,Interaction.LokiInteractionPlayerComponent
0x103b97,1063831,7,B,12,B_symbols,,0x26e6ef54a00,identifier,IsEmpty
0x103bef,1063919,16,B,21,B_symbols,,0x26e7a4375c0,identifier,GetFailurePrompt
0x103c98,1064088,7,B,12,B_symbols,,0x26e69d0cd40,identifier,IsEmpty
0x103cf0,1064176,7,B,12,B_symbols,,0x26e6ee08740,identifier,SetData
0x103cfc,1064188,42,B,47,B_symbols,,,dotted_name,Interaction.LokiInteractionPlayerComponent
0x103ddf,1064415,29,B,34,B_symbols,,0x26e6ee0c9c0,identifier,StartProcessInteractionBuffer
0x103e01,1064449,42,B,47,B_symbols,,,dotted_name,Interaction.LokiInteractionPlayerComponent
0x103e78,1064568,25,B,30,B_symbols,,0x26e6ee0cb80,identifier,ResetInteractionsCooldown
0x103e96,1064598,42,B,47,B_symbols,,,dotted_name,Interaction.LokiInteractionPlayerComponent
0x103f0d,1064717,35,B,40,B_symbols,,0x26e7a437780,identifier,GetActiveInteractionRepressBehavior
0x103fa5,1064869,9,B,14,B_symbols,,0x26e6ee08900,identifier,NotEquals
0x103fb3,1064883,42,B,47,B_symbols,,,dotted_name,Interaction.LokiInteractionPlayerComponent
0x10404e,1065038,14,B,19,B_symbols,,0x26e6ee0cf00,identifier,ActivateUsable
0x104061,1065057,42,B,47,B_symbols,,,dotted_name,Interaction.LokiInteractionPlayerComponent
0x1040fc,1065212,9,B,14,B_symbols,,0x26e6ee0fc80,identifier,Broadcast
0x10410a,1065226,42,B,47,B_symbols,,,dotted_name,Interaction.LokiInteractionPlayerComponent
0x1041a5,1065381,16,B,21,B_symbols,,0x26e7a43d280,identifier,StartInteraction
0x10424e,1065550,28,B,33,B_symbols,,0x26e7a43dd00,identifier,InteractionRequiresInputHold
0x1042bb,1065659,29,B,34,B_symbols,,0x26e6ee0c640,identifier,CanProcessBufferedInteraction
0x1042dd,1065693,42,B,47,B_symbols,,,dotted_name,Interaction.LokiInteractionPlayerComponent
0x104354,1065812,28,B,33,B_symbols,,0x26e6ee0c800,identifier,StopProcessInteractionBuffer
0x104375,1065845,42,B,47,B_symbols,,,dotted_name,Interaction.LokiInteractionPlayerComponent
0x1043ec,1065964,31,B,36,B_symbols,,0x26e6ee0c100,identifier,ULokiInteractionPlayerComponent
0x104410,1066000,42,B,47,B_symbols,,,dotted_name,Interaction.LokiInteractionPlayerComponent
0x104487,1066119,32,B,37,B_symbols,,0x26e6ee54bc0,other,~ULokiInteractionPlayerComponent
0x1044ac,1066156,42,B,47,B_symbols,,,dotted_name,Interaction.LokiInteractionPlayerComponent
0x104523,1066275,35,B,40,B_symbols,,0x26e6ee0bf40,identifier,FOnInteractionUsableChangedDelegate
0x10454b,1066315,42,B,47,B_symbols,,,dotted_name,Interaction.LokiInteractionPlayerComponent
0x1045c2,1066434,29,B,34,B_symbols,,0x26e6ee0af80,identifier,FOnInteractionPressedDelegate
0x1045e4,1066468,42,B,47,B_symbols,,,dotted_name,Interaction.LokiInteractionPlayerComponent
0x10465b,1066587,30,B,35,B_symbols,,0x26e6ee0f200,identifier,FOnInteractionReleasedDelegate
0x10467e,1066622,42,B,47,B_symbols,,,dotted_name,Interaction.LokiInteractionPlayerComponent
0x1046f5,1066741,36,B,41,B_symbols,,0x26e6ee54a00,other,~FOnInteractionUsableChangedDelegate
0x10471e,1066782,42,B,47,B_symbols,,,dotted_name,Interaction.LokiInteractionPlayerComponent
0x104795,1066901,30,B,35,B_symbols,,0x26e6ee54840,other,~FOnInteractionPressedDelegate
0x1047b8,1066936,42,B,47,B_symbols,,,dotted_name,Interaction.LokiInteractionPlayerComponent
0x10482f,1067055,31,B,36,B_symbols,,0x26e6ee54680,other,~FOnInteractionReleasedDelegate
0x104853,1067091,42,B,47,B_symbols,,,dotted_name,Interaction.LokiInteractionPlayerComponent
0x1048ca,1067210,39,B,44,B_symbols,,0x26e77633180,internal_symbol,__Evt_PushArgument__UPrimitiveComponent
0x104966,1067366,8,B,13,B_symbols,,0x26e6ee0bbc0,internal_symbol,opAssign
0x104973,1067379,42,B,47,B_symbols,,,dotted_name,Interaction.LokiInteractionPlayerComponent
0x104a0e,1067534,8,B,13,B_symbols,,0x26e6ee0fe40,internal_symbol,opAssign
0x104a1b,1067547,42,B,47,B_symbols,,,dotted_name,Interaction.LokiInteractionPlayerComponent
0x104ab6,1067702,8,B,13,B_symbols,,0x26e6ee0ee80,internal_symbol,opAssign
0x104ac3,1067715,42,B,47,B_symbols,,,dotted_name,Interaction.LokiInteractionPlayerComponent
0x104b5e,1067870,8,B,13,B_symbols,,0x26e6ee11e40,identifier,ALokiGem
0x104b6b,1067883,13,B,18,B_symbols,,,dotted_name,Items.LokiGem
0x104bc5,1067973,15,B,20,B_symbols,,0x26e69d09000,identifier,GetSafeNormal2D
0x104c6d,1068141,9,B,14,B_symbols,,0x26e69d2b140,identifier,RandRange
0x104c7f,1068159,4,B,9,B_symbols,,,identifier,Math
0x104d14,1068308,5,B,10,B_symbols,,0x26e69d2fe40,identifier,VRand
0x104d22,1068322,4,B,9,B_symbols,,,identifier,Math
0x104d6f,1068399,33,B,38,B_symbols,,0x26e6ee11900,identifier,GetGemStartingLocationInDirection
0x104d95,1068437,13,B,18,B_symbols,,,dotted_name,Items.LokiGem
0x104e37,1068599,7,B,12,B_symbols,,0x26e6ef544c0,identifier,IsValid
0x104e8f,1068687,20,B,25,B_symbols,,0x26e79714140,identifier,SetReplicateMovement
0x104f18,1068824,19,B,24,B_symbols,,0x26e6ee121c0,identifier,SetToHeightMapLevel
0x104f30,1068848,13,B,18,B_symbols,,,dotted_name,Items.LokiGem
0x104f8a,1068938,18,B,23,B_symbols,,0x26e6ee12c40,identifier,EnableGemCollision
0x104fa1,1068961,13,B,18,B_symbols,,,dotted_name,Items.LokiGem
0x104ffb,1069051,14,B,19,B_symbols,,0x26e79a205c0,identifier,StopSimulating
0x10507e,1069182,5,B,10,B_symbols,,0x26e78f91ac0,internal_symbol,$beh0
0x1050d4,1069268,21,B,26,B_symbols,,0x26e79e71740,identifier,ExecuteGameplayCue_BP
0x1051a6,1069478,5,B,10,B_symbols,,0x26e78f91900,internal_symbol,$beh2
0x1051fc,1069564,6,B,11,B_symbols,,0x26e79f65100,identifier,SinCos
0x10520b,1069579,4,B,9,B_symbols,,,identifier,Math
0x1052c4,1069764,19,B,24,B_symbols,,0x26e79960240,identifier,SetUpdatedComponent
0x10534c,1069900,15,B,20,B_symbols,,0x26e6ee12540,identifier,TossInDirection
0x105360,1069920,13,B,18,B_symbols,,,dotted_name,Items.LokiGem
0x105426,1070118,15,B,20,B_symbols,,0x26e79a0e080,identifier,SetSphereRadius
0x1054ce,1070286,22,B,27,B_symbols,,0x26e7975c9c0,identifier,SetCollisionObjectType
0x105559,1070425,8,B,13,B_symbols,,0x26e6ee11c80,identifier,ALokiGem
0x105566,1070438,13,B,18,B_symbols,,,dotted_name,Items.LokiGem
0x1055c0,1070528,9,B,14,B_symbols,,0x26e6ee544c0,other,~ALokiGem
0x1055ce,1070542,13,B,18,B_symbols,,,dotted_name,Items.LokiGem
0x105628,1070632,25,B,30,B_symbols,,0x26e6ee10240,identifier,ULokiItemVisualsComponent
0x105646,1070662,30,B,35,B_symbols,,,dotted_name,Items.LokiItemVisualsComponent
0x1056b1,1070769,5,B,10,B_symbols,,0x26e793a98c0,internal_symbol,$beh0
0x105707,1070855,5,B,10,B_symbols,,0x26e793a9700,internal_symbol,$beh2
0x10575d,1070941,5,B,10,B_symbols,,0x26e793a91c0,internal_symbol,$beh0
0x1057b3,1071027,5,B,10,B_symbols,,0x26e793a9000,internal_symbol,$beh2
0x105809,1071113,5,B,10,B_symbols,,0x26e6ef54300,internal_symbol,$beh0
0x105883,1071235,8,B,13,B_symbols,,0x26e6ef54140,identifier,Contains
0x105900,1071360,4,B,9,B_symbols,,0x26e6ef53f80,identifier,Find
0x10599d,1071517,21,B,26,B_symbols,,0x26e7a11e240,identifier,GetLocalLokiCharacter
0x1059bb,1071547,4,B,9,B_symbols,,,identifier,Loki
0x105a2c,1071660,23,B,28,B_symbols,,0x26e6ee10b00,identifier,EvaluateItemRecommended
0x105a48,1071688,30,B,35,B_symbols,,,dotted_name,Items.LokiItemVisualsComponent
0x105ad7,1071831,3,B,8,B_symbols,,0x26e6ef53dc0,identifier,Add
0x105b73,1071987,16,B,21,B_symbols,,0x26e6ef53a40,identifier,GetDefaultObject
0x105bd4,1072084,8,B,13,B_symbols,,0x26e6ef5ac00,identifier,Contains
0x105c51,1072209,21,B,26,B_symbols,,0x26e6ee10780,identifier,EvaluateItemPreferred
0x105c6b,1072235,30,B,35,B_symbols,,,dotted_name,Items.LokiItemVisualsComponent
0x105cfa,1072378,8,B,13,B_symbols,,0x26e6ef5a500,identifier,Iterator
0x105d53,1072467,7,B,12,B_symbols,,0x26e6ef5a180,identifier,Proceed
0x105dab,1072555,8,B,13,B_symbols,,0x26e6ef59c40,identifier,Iterator
0x105e04,1072644,7,B,12,B_symbols,,0x26e6ef598c0,identifier,Proceed
0x105e5c,1072732,29,B,34,B_symbols,,0x26e79e759c0,identifier,GetEffectModifierValueAtLevel
0x105e82,1072770,23,B,28,B_symbols,,,identifier,UAbilitySystemComponent
0x106002,1073154,8,B,13,B_symbols,,0x26e6ef591c0,identifier,Iterator
0x10605b,1073243,7,B,12,B_symbols,,0x26e6ef58e40,identifier,Proceed
0x1060b3,1073331,16,B,21,B_symbols,,0x26e7a0ea880,identifier,DirtyDupeVisuals
0x106114,1073428,25,B,30,B_symbols,,0x26e6ee10080,identifier,ULokiItemVisualsComponent
0x106132,1073458,30,B,35,B_symbols,,,dotted_name,Items.LokiItemVisualsComponent
0x10619d,1073565,26,B,31,B_symbols,,0x26e6ee54300,other,~ULokiItemVisualsComponent
0x1061bc,1073596,30,B,35,B_symbols,,,dotted_name,Items.LokiItemVisualsComponent
0x106227,1073703,5,B,10,B_symbols,,0x26e6ef58c80,internal_symbol,$beh0
0x10627d,1073789,5,B,10,B_symbols,,0x26e6ee16b40,internal_symbol,$beh2
0x1062d3,1073875,25,B,30,B_symbols,,0x26e6ee159c0,identifier,ULokiTeamElimBoxComponent
0x1062f1,1073905,30,B,35,B_symbols,,,dotted_name,Items.LokiTeamElimBoxComponent
0x10635c,1074012,5,B,10,B_symbols,,0x26e6ef58580,internal_symbol,$beh0
0x1063b2,1074098,8,B,13,B_symbols,,0x26e6ee14d80,internal_symbol,opAssign
0x10642f,1074223,8,B,13,B_symbols,,0x26e6ef58ac0,internal_symbol,opEquals
0x1064ac,1074348,7,B,12,B_symbols,,0x26e7a13d280,identifier,IsAbyss
0x10654c,1074508,34,B,39,B_symbols,,0x26e7a3b0780,identifier,SimpleProjectToUnobstructedTerrain
0x106577,1074551,14,B,19,B_symbols,,,identifier,LokiProjection
0x106736,1074998,19,B,24,B_symbols,,0x26e7a102a80,identifier,IsValidItemLocation
0x106752,1075026,13,B,18,B_symbols,,,identifier,ALokiBaseItem
0x106814,1075220,18,B,23,B_symbols,,0x26e6ee16600,identifier,FindLocationForBox
0x10682b,1075243,30,B,35,B_symbols,,,dotted_name,Items.LokiTeamElimBoxComponent
0x1068de,1075422,5,B,10,B_symbols,,0x26e69557cc0,internal_symbol,$beh0
0x106934,1075508,19,B,24,B_symbols,,0x26e7a25d7c0,identifier,SpawnActorFromClass
0x106950,1075536,12,B,17,B_symbols,,,identifier,LokiGameplay
0x106aa1,1075873,22,B,27,B_symbols,,0x26e6ee16440,identifier,TransferInventoryItems
0x106abc,1075900,30,B,35,B_symbols,,,dotted_name,Items.LokiTeamElimBoxComponent
0x106b93,1076115,24,B,29,B_symbols,,0x26e6ee16280,identifier,TransferKilledPlayerGold
0x106bb0,1076144,30,B,35,B_symbols,,,dotted_name,Items.LokiTeamElimBoxComponent
0x106c63,1076323,25,B,30,B_symbols,,0x26e6ee15d40,identifier,PostTransferToTeamElimBox
0x106c81,1076353,30,B,35,B_symbols,,,dotted_name,Items.LokiTeamElimBoxComponent
0x106d34,1076532,34,B,39,B_symbols,,0x26e797ec100,identifier,GetRandomLocationInNavigableRadius
0x106d5f,1076575,19,B,24,B_symbols,,,identifier,UNavigationSystemV1
0x106e93,1076883,30,B,35,B_symbols,,0x26e7a35bbc0,identifier,AddItemToElimInventorySnapShot
0x106f26,1077030,8,B,13,B_symbols,,0x26e6ef583c0,identifier,Contains
0x106fa3,1077155,18,B,23,B_symbols,,0x26e6ee160c0,identifier,ShouldTransferItem
0x106fba,1077178,30,B,35,B_symbols,,,dotted_name,Items.LokiTeamElimBoxComponent
0x10706d,1077357,5,B,10,B_symbols,,0x26e6ef58200,identifier,Reset
0x1070e7,1077479,22,B,27,B_symbols,,0x26e7a2a8580,identifier,TryTransferToInventory
0x107202,1077762,28,B,33,B_symbols,,0x26e7a10a500,identifier,GetGoldDeathboxTransferRatio
0x10726f,1077871,17,B,22,B_symbols,,0x26e7a101200,identifier,DroppedAsCurrency
0x107319,1078041,47,B,52,B_symbols,,0x26e77bdd0c0,internal_symbol,__Evt_PushArgument__ULokiInventoryComponentBase
0x1073bd,1078205,25,B,30,B_symbols,,0x26e6ee15800,identifier,ULokiTeamElimBoxComponent
0x1073db,1078235,30,B,35,B_symbols,,,dotted_name,Items.LokiTeamElimBoxComponent
0x107446,1078342,26,B,31,B_symbols,,0x26e6ee54140,other,~ULokiTeamElimBoxComponent
0x107465,1078373,30,B,35,B_symbols,,,dotted_name,Items.LokiTeamElimBoxComponent
0x1074d0,1078480,5,B,10,B_symbols,,0x26e6ef58040,internal_symbol,$beh0
0x107526,1078566,8,B,13,B_symbols,,0x26e6ef57e80,internal_symbol,opAssign
0x1075a3,1078691,5,B,10,B_symbols,,0x26e6ee14bc0,internal_symbol,$beh2
0x1075f9,1078777,25,B,30,B_symbols,,0x26e6ee1a180,identifier,ULokiNodePathingComponent
0x107617,1078807,32,B,37,B_symbols,,,dotted_name,Minions.LokiNodePathingComponent
0x107684,1078916,22,B,27,B_symbols,,0x26e6ee144c0,identifier,InitializeAIController
0x10769f,1078943,32,B,37,B_symbols,,,dotted_name,Minions.LokiNodePathingComponent
0x10770c,1079052,21,B,26,B_symbols,,0x26e6ee1aa40,identifier,UpdateRotationToActor
0x107726,1079078,32,B,37,B_symbols,,,dotted_name,Minions.LokiNodePathingComponent
0x1077b7,1079223,13,B,18,B_symbols,,0x26e797d6ec0,identifier,GetController
0x107815,1079317,25,B,30,B_symbols,,0x26e6ee13f80,identifier,OnAIControllerInitialized
0x107833,1079347,32,B,37,B_symbols,,,dotted_name,Minions.LokiNodePathingComponent
0x1078a0,1079456,8,B,13,B_symbols,,0x26e70663dc0,internal_symbol,opAssign
0x10791d,1079581,23,B,28,B_symbols,,0x26e6ee1a500,identifier,FindClosestPathingActor
0x107939,1079609,32,B,37,B_symbols,,,dotted_name,Minions.LokiNodePathingComponent
0x1079a6,1079718,20,B,25,B_symbols,,0x26e6ee1ac00,identifier,StartRotatingToActor
0x1079bf,1079743,32,B,37,B_symbols,,,dotted_name,Minions.LokiNodePathingComponent
0x107a50,1079888,7,B,12,B_symbols,,0x26e7a191200,identifier,SetIdle
0x107acc,1080012,22,B,27,B_symbols,,0x26e6ee1a340,identifier,FindRandomPathingActor
0x107ae7,1080039,32,B,37,B_symbols,,,dotted_name,Minions.LokiNodePathingComponent
0x107b78,1080184,18,B,23,B_symbols,,0x26e6ee13c00,identifier,BuildNodeActorList
0x107b8f,1080207,32,B,37,B_symbols,,,dotted_name,Minions.LokiNodePathingComponent
0x107bfc,1080316,8,B,13,B_symbols,,0x26e6ef57cc0,identifier,RemoveAt
0x107c79,1080441,8,B,13,B_symbols,,0x26e797a6280,identifier,SetFocus
0x107cf6,1080566,12,B,17,B_symbols,,0x26e69d044c0,identifier,IsNearlyZero
0x107d77,1080695,13,B,18,B_symbols,,0x26e69d08e40,identifier,CosineAngle2D
0x107df9,1080825,25,B,30,B_symbols,,0x26e6ee1a880,identifier,OnFinishedRotatingToActor
0x107e17,1080855,32,B,37,B_symbols,,,dotted_name,Minions.LokiNodePathingComponent
0x107e84,1080964,11,B,16,B_symbols,,0x26e6ee1a6c0,identifier,MoveToActor
0x107e94,1080980,32,B,37,B_symbols,,,dotted_name,Minions.LokiNodePathingComponent
0x107f25,1081125,11,B,16,B_symbols,,0x26e797a60c0,identifier,MoveToActor
0x10807d,1081469,11,B,16,B_symbols,,0x26e69d07b00,identifier,DistSquared
0x1080fd,1081597,25,B,30,B_symbols,,0x26e6ee19fc0,identifier,ULokiNodePathingComponent
0x10811b,1081627,32,B,37,B_symbols,,,dotted_name,Minions.LokiNodePathingComponent
0x108188,1081736,26,B,31,B_symbols,,0x26e6ee53f80,other,~ULokiNodePathingComponent
0x1081a7,1081767,32,B,37,B_symbols,,,dotted_name,Minions.LokiNodePathingComponent
0x108214,1081876,33,B,38,B_symbols,,0x26e6ee19380,identifier,ULokiGameStateMostWantedComponent
0x10823a,1081914,43,B,48,B_symbols,,,dotted_name,MostWanted.LokiGameStateMostWantedComponent
0x1082b2,1082034,5,B,10,B_symbols,,0x26e7939f200,internal_symbol,$beh0
0x108308,1082120,5,B,10,B_symbols,,0x26e7939f040,internal_symbol,$beh2
0x10835e,1082206,33,B,38,B_symbols,,0x26e6ee191c0,identifier,ULokiGameStateMostWantedComponent
0x108384,1082244,43,B,48,B_symbols,,,dotted_name,MostWanted.LokiGameStateMostWantedComponent
0x1083fc,1082364,24,B,29,B_symbols,,0x26e6ee17cc0,identifier,ULokiDragCameraComponent
0x108419,1082393,40,B,45,B_symbols,,,dotted_name,PlayerController.LokiDragCameraComponent
0x10848e,1082510,23,B,28,B_symbols,,0x26e6ee18200,identifier,GetCursorScreenLocation
0x1084aa,1082538,40,B,45,B_symbols,,,dotted_name,PlayerController.LokiDragCameraComponent
0x10851f,1082655,23,B,28,B_symbols,,0x26e7a277cc0,identifier,GetLokiGameUserSettings
0x10853f,1082687,21,B,26,B_symbols,,,identifier,ULokiGameUserSettings
0x10859d,1082781,31,B,36,B_symbols,,0x26e7a27c640,identifier,IsDragToPanCameraResetOnRelease
0x10860d,1082893,12,B,17,B_symbols,,0x26e6ee17e80,identifier,GetLocalPawn
0x10861e,1082910,40,B,45,B_symbols,,,dotted_name,PlayerController.LokiDragCameraComponent
0x108693,1083027,19,B,24,B_symbols,,0x26e6ee18040,identifier,GetPlayerController
0x1086ab,1083051,40,B,45,B_symbols,,,dotted_name,PlayerController.LokiDragCameraComponent
0x108720,1083168,19,B,24,B_symbols,,0x26e6ee18580,identifier,NotifyInputReleased
0x108738,1083192,40,B,45,B_symbols,,,dotted_name,PlayerController.LokiDragCameraComponent
0x1087ad,1083309,25,B,30,B_symbols,,0x26e7a27c800,identifier,IsDragToPanCameraInverted
0x108817,1083415,23,B,28,B_symbols,,0x26e7a279000,identifier,GetDragToPanCameraSpeed
0x10887f,1083519,5,B,10,B_symbols,,0x26e69d00b00,internal_symbol,opMul
0x1088f9,1083641,11,B,16,B_symbols,,0x26e69d07240,internal_symbol,opMulAssign
0x108979,1083769,11,B,16,B_symbols,,0x26e69d06d00,internal_symbol,opSubAssign
0x1089f9,1083897,16,B,21,B_symbols,,0x26e799dbf40,identifier,GetMousePosition
0x108aa2,1084066,18,B,23,B_symbols,,0x26e799dba00,identifier,GetPawnOrSpectator
0x108b05,1084165,24,B,29,B_symbols,,0x26e6ee17b00,identifier,ULokiDragCameraComponent
0x108b22,1084194,40,B,45,B_symbols,,,dotted_name,PlayerController.LokiDragCameraComponent
0x108b97,1084311,20,B,25,B_symbols,,0x26e6ee33880,identifier,ALokiPlayerCheats_AS
0x108bb0,1084336,33,B,38,B_symbols,,,dotted_name,PlayerController.LokiPlayerCheats
0x108c1e,1084446,12,B,17,B_symbols,,0x26e6ee1eb00,identifier,TickAutoJump
0x108c2f,1084463,33,B,38,B_symbols,,,dotted_name,PlayerController.LokiPlayerCheats
0x108c9d,1084573,19,B,24,B_symbols,,0x26e7a324140,identifier,GetPlayerController
0x108d01,1084673,21,B,26,B_symbols,,0x26e79b12a80,identifier,ExecuteConsoleCommand
0x108d1f,1084703,6,B,11,B_symbols,,,identifier,System
0x108dda,1084890,26,B,31,B_symbols,,0x26e6ee1dec0,identifier,AuthCheatToggleHealthRegen
0x108df9,1084921,33,B,38,B_symbols,,,dotted_name,PlayerController.LokiPlayerCheats
0x108e67,1085031,25,B,30,B_symbols,,0x26e7a324d80,identifier,GetAbilitySystemComponent
0x108ed1,1085137,7,B,12,B_symbols,,0x26e6ef57b00,identifier,IsValid
0x108f29,1085225,23,B,28,B_symbols,,0x26e79e7ac00,identifier,HasActiveGameplayEffect
0x108fb5,1085365,26,B,31,B_symbols,,0x26e79e79540,identifier,RemoveActiveGameplayEffect
0x109068,1085544,24,B,29,B_symbols,,0x26e6ee1d980,identifier,AuthCheatToggleManaRegen
0x109085,1085573,33,B,38,B_symbols,,,dotted_name,PlayerController.LokiPlayerCheats
0x1090f3,1085683,18,B,23,B_symbols,,0x26e6ee1d440,identifier,AuthCheatGrantGold
0x10910a,1085706,33,B,38,B_symbols,,,dotted_name,PlayerController.LokiPlayerCheats
0x10919c,1085852,14,B,19,B_symbols,,0x26e7a323f80,identifier,GetPlayerState
0x1091fb,1085947,18,B,23,B_symbols,,0x26e6ee1cf00,identifier,AuthCheatGrantGems
0x109212,1085970,33,B,38,B_symbols,,,dotted_name,PlayerController.LokiPlayerCheats
0x1092a4,1086116,25,B,30,B_symbols,,0x26e6ee1c9c0,identifier,AuthCheatUnlockFullArmory
0x1092c2,1086146,33,B,38,B_symbols,,,dotted_name,PlayerController.LokiPlayerCheats
0x109330,1086256,22,B,27,B_symbols,,0x26e7a275480,identifier,SetArmoryFullyUnlocked
0x1093bb,1086395,7,B,12,B_symbols,,0x26e79b50940,identifier,GetPawn
0x109413,1086483,19,B,24,B_symbols,,0x26e6ee1c480,identifier,AuthCheatExecuteUAV
0x10942b,1086507,33,B,38,B_symbols,,,dotted_name,PlayerController.LokiPlayerCheats
0x1094e1,1086689,14,B,19,B_symbols,,0x26e6ee3db40,identifier,FLokiUAVConfig
0x1094f4,1086708,14,B,19,B_symbols,,,dotted_name,UAV.UAVStructs
0x10954f,1086799,10,B,15,B_symbols,,0x26e6ee359c0,identifier,ExecuteUAV
0x10955e,1086814,29,B,34,B_symbols,,,dotted_name,UAV.LokiGameStateUAVComponent
0x109634,1087028,27,B,32,B_symbols,,0x26e6ee1bd80,identifier,AuthCheatBarracudaNextPhase
0x109654,1087060,33,B,38,B_symbols,,,dotted_name,PlayerController.LokiPlayerCheats
0x1096c2,1087170,11,B,16,B_symbols,,0x26e79f82700,identifier,HasTagExact
0x109742,1087298,9,B,14,B_symbols,,0x26e79f81c80,identifier,RemoveTag
0x1097c0,1087424,35,B,40,B_symbols,,0x26e6ee1ba00,identifier,AuthCheatBarracudaToggleSpawnerType
0x1097e8,1087464,33,B,38,B_symbols,,,dotted_name,PlayerController.LokiPlayerCheats
0x10987a,1087610,37,B,42,B_symbols,,0x26e6ee1b140,identifier,AuthCheatBarracudaToggleDayNightCycle
0x1098a4,1087652,33,B,38,B_symbols,,,dotted_name,PlayerController.LokiPlayerCheats
0x109912,1087762,38,B,43,B_symbols,,0x26e6ee1fe40,identifier,AuthCheatBarracudaAdvanceDayNightCycle
0x10993d,1087805,33,B,38,B_symbols,,,dotted_name,PlayerController.LokiPlayerCheats
0x1099ab,1087915,20,B,25,B_symbols,,0x26e6e830cc0,identifier,GetBarracudaGameMode
0x1099c4,1087940,36,B,41,B_symbols,,,dotted_name,Barracuda.GameMode.BarracudaGameMode
0x109a35,1088053,7,B,12,B_symbols,,0x26e797a1c80,identifier,Possess
0x109ab1,1088177,20,B,25,B_symbols,,0x26e7a272a80,identifier,GetOrCreateTeamState
0x109b3a,1088314,16,B,21,B_symbols,,0x26e7a3df040,identifier,GetLivingPlayers
0x109b9b,1088411,22,B,27,B_symbols,,0x26e7a325640,identifier,CheatSetTeamEliminated
0x109c6e,1088622,5,B,10,B_symbols,,0x26e78f7c480,internal_symbol,$beh0
0x109cc4,1088708,22,B,27,B_symbols,,0x26e7a2d5d40,identifier,RequestMoveTowardDeath
0x109d4f,1088847,18,B,23,B_symbols,,0x26e7a323dc0,identifier,GetUnusedTeamIndex
0x109dd6,1088982,13,B,18,B_symbols,,0x26e6ee1fac0,identifier,GetMyLocation
0x109de8,1089000,33,B,38,B_symbols,,,dotted_name,PlayerController.LokiPlayerCheats
0x109e56,1089110,17,B,22,B_symbols,,0x26e6ee1f900,identifier,ServerSpawnWispAS
0x109e6c,1089132,33,B,38,B_symbols,,,dotted_name,PlayerController.LokiPlayerCheats
0x109f22,1089314,10,B,15,B_symbols,,0x26e6ee1e240,identifier,RunCommand
0x109f31,1089329,33,B,38,B_symbols,,,dotted_name,PlayerController.LokiPlayerCheats
0x109fe7,1089511,16,B,21,B_symbols,,0x26e7a324680,identifier,GetHeroCharacter
0x10a048,1089608,14,B,19,B_symbols,,0x26e7a18fc80,identifier,JumpActionStop
0x10a0a7,1089703,15,B,20,B_symbols,,0x26e7a18fe40,identifier,JumpActionStart
0x10a107,1089799,20,B,25,B_symbols,,0x26e6ee336c0,identifier,ALokiPlayerCheats_AS
0x10a120,1089824,33,B,38,B_symbols,,,dotted_name,PlayerController.LokiPlayerCheats
0x10a18e,1089934,21,B,26,B_symbols,,0x26e6ee53dc0,other,~ALokiPlayerCheats_AS
0x10a1a8,1089960,33,B,38,B_symbols,,,dotted_name,PlayerController.LokiPlayerCheats
0x10a216,1090070,5,B,10,B_symbols,,0x26e6ef57940,internal_symbol,$beh0
0x10a26c,1090156,24,B,29,B_symbols,,0x26e6ee32000,identifier,ALokiPlayerController_AS
0x10a289,1090185,37,B,42,B_symbols,,,dotted_name,PlayerController.LokiPlayerController
0x10a2fb,1090299,26,B,31,B_symbols,,0x26e6ee32a80,identifier,BP_OnClientGliderActivated
0x10a31a,1090330,37,B,42,B_symbols,,,dotted_name,PlayerController.LokiPlayerController
0x10a38c,1090444,27,B,32,B_symbols,,0x26e6ee32700,identifier,BP_OnClientGliderDectivated
0x10a3ac,1090476,37,B,42,B_symbols,,,dotted_name,PlayerController.LokiPlayerController
0x10a41e,1090590,21,B,26,B_symbols,,0x26e6ee32380,identifier,BP_OnSpectatorMapMove
0x10a438,1090616,37,B,42,B_symbols,,,dotted_name,PlayerController.LokiPlayerController
0x10a4aa,1090730,24,B,29,B_symbols,,0x26e6ee31e40,identifier,ALokiPlayerController_AS
0x10a4c7,1090759,37,B,42,B_symbols,,,dotted_name,PlayerController.LokiPlayerController
0x10a539,1090873,25,B,30,B_symbols,,0x26e6ee53a40,other,~ALokiPlayerController_AS
0x10a557,1090903,37,B,42,B_symbols,,,dotted_name,PlayerController.LokiPlayerController
0x10a5c9,1091017,23,B,28,B_symbols,,0x26e6ee31c80,identifier,FOnSneakPressedDelegate
0x10a5e5,1091045,37,B,42,B_symbols,,,dotted_name,PlayerController.LokiPlayerController
0x10a657,1091159,24,B,29,B_symbols,,0x26e6ee30cc0,identifier,FOnSneakReleasedDelegate
0x10a674,1091188,37,B,42,B_symbols,,,dotted_name,PlayerController.LokiPlayerController
0x10a6e6,1091302,33,B,38,B_symbols,,0x26e6ee37080,identifier,FOnPracticeRespawnPressedDelegate
0x10a70c,1091340,37,B,42,B_symbols,,,dotted_name,PlayerController.LokiPlayerController
0x10a77e,1091454,24,B,29,B_symbols,,0x26e6ee53c00,other,~FOnSneakPressedDelegate
0x10a79b,1091483,37,B,42,B_symbols,,,dotted_name,PlayerController.LokiPlayerController
0x10a80d,1091597,25,B,30,B_symbols,,0x26e6ee5ac00,other,~FOnSneakReleasedDelegate
0x10a82b,1091627,37,B,42,B_symbols,,,dotted_name,PlayerController.LokiPlayerController
0x10a89d,1091741,34,B,39,B_symbols,,0x26e6ee5aa40,other,~FOnPracticeRespawnPressedDelegate
0x10a8c4,1091780,37,B,42,B_symbols,,,dotted_name,PlayerController.LokiPlayerController
0x10a936,1091894,8,B,13,B_symbols,,0x26e6ee31900,internal_symbol,opAssign
0x10a943,1091907,37,B,42,B_symbols,,,dotted_name,PlayerController.LokiPlayerController
0x10a9d9,1092057,8,B,13,B_symbols,,0x26e6ee30940,internal_symbol,opAssign
0x10a9e6,1092070,37,B,42,B_symbols,,,dotted_name,PlayerController.LokiPlayerController
0x10aa7c,1092220,8,B,13,B_symbols,,0x26e6ee36d00,internal_symbol,opAssign
0x10aa89,1092233,37,B,42,B_symbols,,,dotted_name,PlayerController.LokiPlayerController
0x10ab1f,1092383,26,B,31,B_symbols,,0x26e6ee3a6c0,identifier,ULokiGameStateUAVComponent
0x10ab3e,1092414,29,B,34,B_symbols,,,dotted_name,UAV.LokiGameStateUAVComponent
0x10aba8,1092520,7,B,12,B_symbols,,0x26e6ef57400,internal_symbol,opIndex
0x10ac24,1092644,11,B,16,B_symbols,,0x26e6ee3d980,identifier,ShouldPulse
0x10ac34,1092660,14,B,19,B_symbols,,,dotted_name,UAV.UAVStructs
0x10acb3,1092787,8,B,13,B_symbols,,0x26e6ee35640,identifier,PulseUAV
0x10acc0,1092800,29,B,34,B_symbols,,,dotted_name,UAV.LokiGameStateUAVComponent
0x10ad4e,1092942,18,B,23,B_symbols,,0x26e6ee3dd00,identifier,IsInfiniteDuration
0x10ad65,1092965,14,B,19,B_symbols,,,dotted_name,UAV.UAVStructs
0x10adc0,1093056,3,B,8,B_symbols,,0x26e6ef57780,identifier,Num
0x10ae14,1093140,7,B,12,B_symbols,,0x26e6ef5e400,internal_symbol,opIndex
0x10ae90,1093264,10,B,15,B_symbols,,0x26e6ee33dc0,identifier,CleanupUAV
0x10ae9f,1093279,29,B,34,B_symbols,,,dotted_name,UAV.LokiGameStateUAVComponent
0x10af2d,1093421,12,B,17,B_symbols,,0x26e6ef5e240,identifier,RemoveAtSwap
0x10afae,1093550,7,B,12,B_symbols,,0x26e6ef5e080,identifier,IsEmpty
0x10b006,1093638,8,B,13,B_symbols,,0x26e6ef5db40,identifier,Iterator
0x10b05f,1093727,7,B,12,B_symbols,,0x26e6ef5d7c0,identifier,Proceed
0x10b0b7,1093815,7,B,12,B_symbols,,0x26e6ee3e780,identifier,GetDoor
0x10b0c3,1093827,22,B,27,B_symbols,,,dotted_name,Vault.VaultItemSpawner
0x10b126,1093926,10,B,15,B_symbols,,0x26e6ee3d280,identifier,FActiveUAV
0x10b135,1093941,14,B,19,B_symbols,,,dotted_name,UAV.UAVStructs
0x10b190,1094032,5,B,10,B_symbols,,0x26e6ef5d0c0,internal_symbol,$beh0
0x10b1e6,1094118,8,B,13,B_symbols,,0x26e6ee39a80,internal_symbol,opAssign
0x10b263,1094243,8,B,13,B_symbols,,0x26e6ef5d600,internal_symbol,opEquals
0x10b2e0,1094368,3,B,8,B_symbols,,0x26e6ef5cf00,identifier,Add
0x10b358,1094488,8,B,13,B_symbols,,0x26e6ef5c9c0,identifier,Iterator
0x10b3b1,1094577,7,B,12,B_symbols,,0x26e6ef5c640,identifier,Proceed
0x10b409,1094665,6,B,11,B_symbols,,0x26e6ef5c480,identifier,Remove
0x10b484,1094788,42,B,47,B_symbols,,0x26e7a411900,identifier,GetFuzzyPlayerLocationComponentByTeamIndex
0x10b4b7,1094839,23,B,28,B_symbols,,,identifier,ALokiTeamState_TeamOnly
0x10b55f,1095007,14,B,19,B_symbols,,0x26e7a20ecc0,identifier,ClearLocations
0x10b5be,1095102,16,B,21,B_symbols,,0x26e7a108200,identifier,IsTeamEliminated
0x10b643,1095235,16,B,21,B_symbols,,0x26e6ee35480,identifier,ShouldUpgradeUAV
0x10b658,1095256,29,B,34,B_symbols,,,dotted_name,UAV.LokiGameStateUAVComponent
0x10b6e6,1095398,15,B,20,B_symbols,,0x26e6ee34140,identifier,IsTeamUAVImmune
0x10b6fa,1095418,29,B,34,B_symbols,,,dotted_name,UAV.LokiGameStateUAVComponent
0x10b788,1095560,20,B,25,B_symbols,,0x26e6ee33f80,identifier,NotifyTeamBlockedUAV
0x10b7a1,1095585,29,B,34,B_symbols,,,dotted_name,UAV.LokiGameStateUAVComponent
0x10b82f,1095727,16,B,21,B_symbols,,0x26e6ee34300,identifier,IsValidUAVTarget
0x10b844,1095748,29,B,34,B_symbols,,,dotted_name,UAV.LokiGameStateUAVComponent
0x10b8f6,1095926,9,B,14,B_symbols,,0x26e6ee35100,identifier,PulseTeam
0x10b904,1095940,29,B,34,B_symbols,,,dotted_name,UAV.LokiGameStateUAVComponent
0x10b9b6,1096118,15,B,20,B_symbols,,0x26e6ee344c0,identifier,PulseIndividual
0x10b9ca,1096138,29,B,34,B_symbols,,,dotted_name,UAV.LokiGameStateUAVComponent
0x10ba7c,1096316,19,B,24,B_symbols,,0x26e6ee352c0,identifier,RevealVaultContents
0x10ba94,1096340,29,B,34,B_symbols,,,dotted_name,UAV.LokiGameStateUAVComponent
0x10bb22,1096482,11,B,16,B_symbols,,0x26e6ee38040,identifier,StaticClass
0x10bb32,1096498,36,B,41,B_symbols,,,dotted_name,UAV.LokiPlayerControllerUAVComponent
0x10bb5b,1096539,33,B,38,B_symbols,,,identifier,ULokiPlayerControllerUAVComponent
0x10bbc5,1096645,27,B,32,B_symbols,,0x26e6ee39000,identifier,ClientNotifyLocalRadarEmpty
0x10bbe5,1096677,36,B,41,B_symbols,,,dotted_name,UAV.LokiPlayerControllerUAVComponent
0x10bc56,1096790,5,B,10,B_symbols,,0x26e6ef5c100,internal_symbol,$beh0
0x10bcac,1096876,3,B,8,B_symbols,,0x26e6ef5bf40,identifier,Add
0x10bd24,1096996,8,B,13,B_symbols,,0x26e7a271040,internal_symbol,opAssign
0x10bda1,1097121,7,B,12,B_symbols,,0x26e7a1db840,identifier,IsAlive
0x10bdf9,1097209,5,B,10,B_symbols,,0x26e793ca180,internal_symbol,$beh0
0x10be4f,1097295,14,B,19,B_symbols,,0x26e6ee3eb00,identifier,GetItemsForUAV
0x10be62,1097314,22,B,27,B_symbols,,,dotted_name,Vault.VaultItemSpawner
0x10bec5,1097413,20,B,25,B_symbols,,0x26e7a416ec0,identifier,AddOrUpdateVaultData
0x10bf4e,1097550,5,B,10,B_symbols,,0x26e793c9fc0,internal_symbol,$beh2
0x10bfa4,1097636,5,B,10,B_symbols,,0x26e6ef5bbc0,internal_symbol,$beh0
0x10bffa,1097722,20,B,25,B_symbols,,0x26e6ee34840,identifier,IsCharacterUAVImmune
0x10c013,1097747,29,B,34,B_symbols,,,dotted_name,UAV.LokiGameStateUAVComponent
0x10c0a1,1097889,3,B,8,B_symbols,,0x26e6ef5ba00,identifier,Add
0x10c119,1098009,16,B,21,B_symbols,,0x26e6ee3d7c0,identifier,GetPulseLifespan
0x10c12e,1098030,14,B,19,B_symbols,,,dotted_name,UAV.UAVStructs
0x10c189,1098121,22,B,27,B_symbols,,0x26e6ee34bc0,identifier,MakeCharacterGroupings
0x10c1a4,1098148,29,B,34,B_symbols,,,dotted_name,UAV.LokiGameStateUAVComponent
0x10c232,1098290,8,B,13,B_symbols,,0x26e6ef5b4c0,identifier,Iterator
0x10c28b,1098379,7,B,12,B_symbols,,0x26e6ef5b140,identifier,Proceed
0x10c2e3,1098467,5,B,10,B_symbols,,0x26e6ef5af80,internal_symbol,$beh0
0x10c339,1098553,8,B,13,B_symbols,,0x26e6ee80940,identifier,Iterator
0x10c392,1098642,7,B,12,B_symbols,,0x26e6ef5adc0,identifier,Proceed
0x10c3ea,1098730,5,B,10,B_symbols,,0x26e6ef5fc80,internal_symbol,$beh0
0x10c464,1098852,3,B,8,B_symbols,,0x26e6ef5fe40,identifier,Add
0x10c4dc,1098972,22,B,27,B_symbols,,0x26e6ed8f200,identifier,GetRelicCountForPlayer
0x10c4f7,1098999,22,B,27,B_symbols,,,dotted_name,Core.LokiScriptUtility
0x10c57e,1099134,22,B,27,B_symbols,,0x26e6ed8f040,identifier,GetArmorLevelForPlayer
0x10c599,1099161,22,B,27,B_symbols,,,dotted_name,Core.LokiScriptUtility
0x10c620,1099296,21,B,26,B_symbols,,0x26e6ee34680,identifier,GenerateFuzzyLocation
0x10c63a,1099322,29,B,34,B_symbols,,,dotted_name,UAV.LokiGameStateUAVComponent
0x10c7c4,1099716,5,B,10,B_symbols,,0x26e79398c80,internal_symbol,$beh2
0x10c81a,1099802,5,B,10,B_symbols,,0x26e6ee34f40,internal_symbol,$beh2
0x10c870,1099888,5,B,10,B_symbols,,0x26e6ef5fac0,internal_symbol,$beh0
0x10c8c6,1099974,7,B,12,B_symbols,,0x26e6ef5f900,identifier,IsEmpty
0x10c91e,1100062,27,B,32,B_symbols,,0x26e6ee34a00,identifier,GetLargestCharacterGrouping
0x10c93e,1100094,29,B,34,B_symbols,,,dotted_name,UAV.LokiGameStateUAVComponent
0x10c9cc,1100236,3,B,8,B_symbols,,0x26e6ef5f740,identifier,Add
0x10ca44,1100356,6,B,11,B_symbols,,0x26e6ef5f580,identifier,Remove
0x10cabf,1100479,22,B,27,B_symbols,,0x26e6ee5a500,other,~FUAVCharacterGrouping
0x10cada,1100506,14,B,19,B_symbols,,,dotted_name,UAV.UAVStructs
0x10cb35,1100597,8,B,13,B_symbols,,0x26e6ee34d80,internal_symbol,opAssign
0x10cbb2,1100722,21,B,26,B_symbols,,0x26e6ee3d0c0,identifier,FUAVCharacterGrouping
0x10cbcc,1100748,14,B,19,B_symbols,,,dotted_name,UAV.UAVStructs
0x10cc27,1100839,8,B,13,B_symbols,,0x26e6ee8ecc0,identifier,Iterator
0x10cc80,1100928,7,B,12,B_symbols,,0x26e6ef5f3c0,identifier,Proceed
0x10ccd8,1101016,13,B,18,B_symbols,,0x26e7970d440,identifier,GetDistanceTo
0x10cd5a,1101146,3,B,8,B_symbols,,0x26e6ef5f200,identifier,Add
0x10cdd2,1101266,8,B,13,B_symbols,,0x26e771be5c0,internal_symbol,opAssign
0x10ce4f,1101391,11,B,16,B_symbols,,0x26e7a18bf40,identifier,IsInvisible
0x10ceab,1101483,9,B,14,B_symbols,,0x26e7a18c2c0,identifier,IsInBrush
0x10cf05,1101573,5,B,10,B_symbols,,0x26e79399380,internal_symbol,$beh0
0x10cf5b,1101659,17,B,22,B_symbols,,0x26e6ee3d600,identifier,ObfuscateLocation
0x10cf71,1101681,14,B,19,B_symbols,,,dotted_name,UAV.UAVStructs
0x10cff0,1101808,8,B,13,B_symbols,,0x26e79398ac0,internal_symbol,opAssign
0x10d06d,1101933,5,B,10,B_symbols,,0x26e6ef5ecc0,internal_symbol,$beh0
0x10d0c3,1102019,3,B,8,B_symbols,,0x26e6ef5eb00,identifier,Add
0x10d13b,1102139,8,B,13,B_symbols,,0x26e6ef93880,identifier,Iterator
0x10d194,1102228,7,B,12,B_symbols,,0x26e6ef93500,identifier,Proceed
0x10d1ec,1102316,11,B,16,B_symbols,,0x26e7a20f040,identifier,AddLocation
0x10d26c,1102444,5,B,10,B_symbols,,0x26e6ef5f040,internal_symbol,$beh2
0x10d2c2,1102530,5,B,10,B_symbols,,0x26e793991c0,internal_symbol,$beh2
0x10d318,1102616,10,B,15,B_symbols,,0x26e6ee82380,internal_symbol,opImplConv
0x10d373,1102707,7,B,12,B_symbols,,0x26e6ee3d440,identifier,Cleanup
0x10d37f,1102719,14,B,19,B_symbols,,,dotted_name,UAV.UAVStructs
0x10d3da,1102810,29,B,34,B_symbols,,0x26e6ee3ac00,identifier,GetAllTeamVaultDataComponents
0x10d3fc,1102844,29,B,34,B_symbols,,,dotted_name,UAV.LokiGameStateUAVComponent
0x10d466,1102950,8,B,13,B_symbols,,0x26e6ef93340,identifier,Iterator
0x10d4bf,1103039,7,B,12,B_symbols,,0x26e6ef92fc0,identifier,Proceed
0x10d517,1103127,26,B,31,B_symbols,,0x26e7a4167c0,identifier,RemoveVaultDataBySourceUAV
0x10d5a6,1103270,5,B,10,B_symbols,,0x26e6ee33c00,internal_symbol,$beh2
0x10d5fc,1103356,5,B,10,B_symbols,,0x26e6ef92e00,internal_symbol,$beh0
0x10d652,1103442,8,B,13,B_symbols,,0x26e6ef22380,identifier,Iterator
0x10d6ab,1103531,7,B,12,B_symbols,,0x26e6ef92c40,identifier,Proceed
0x10d703,1103619,3,B,8,B_symbols,,0x26e6ef92a80,identifier,Add
0x10d77b,1103739,8,B,13,B_symbols,,0x26e6ee33a40,internal_symbol,opAssign
0x10d7f8,1103864,22,B,27,B_symbols,,0x26e7a416600,identifier,RemoveVaultDataByVault
0x10d883,1104003,16,B,21,B_symbols,,0x26e6ee3aa40,identifier,OnVaultDestroyed
0x10d898,1104024,29,B,34,B_symbols,,,dotted_name,UAV.LokiGameStateUAVComponent
0x10d926,1104166,8,B,13,B_symbols,,0x26e78761e40,internal_symbol,opAssign
0x10d9a3,1104291,26,B,31,B_symbols,,0x26e6ee3a500,identifier,ULokiGameStateUAVComponent
0x10d9c2,1104322,29,B,34,B_symbols,,,dotted_name,UAV.LokiGameStateUAVComponent
0x10da2c,1104428,27,B,32,B_symbols,,0x26e6ee5a880,other,~ULokiGameStateUAVComponent
0x10da4c,1104460,29,B,34,B_symbols,,,dotted_name,UAV.LokiGameStateUAVComponent
0x10dab6,1104566,5,B,10,B_symbols,,0x26e6ef92700,internal_symbol,$beh0
0x10db0c,1104652,5,B,10,B_symbols,,0x26e6ef92540,internal_symbol,$beh0
0x10db62,1104738,5,B,10,B_symbols,,0x26e6ee398c0,internal_symbol,$beh2
0x10dbb8,1104824,5,B,10,B_symbols,,0x26e6ee39540,internal_symbol,$beh2
0x10dc0e,1104910,33,B,38,B_symbols,,0x26e6ee383c0,identifier,ULokiPlayerControllerUAVComponent
0x10dc34,1104948,36,B,41,B_symbols,,,dotted_name,UAV.LokiPlayerControllerUAVComponent
0x10dca5,1105061,5,B,10,B_symbols,,0x26e79398900,internal_symbol,$beh0
0x10dcfb,1105147,5,B,10,B_symbols,,0x26e79398740,internal_symbol,$beh2
0x10dd51,1105233,5,B,10,B_symbols,,0x26e793c9700,internal_symbol,$beh0
0x10dda7,1105319,5,B,10,B_symbols,,0x26e793c9540,internal_symbol,$beh2
0x10ddfd,1105405,5,B,10,B_symbols,,0x26e6ef91e40,internal_symbol,$beh0
0x10de53,1105491,8,B,13,B_symbols,,0x26e6ee37940,internal_symbol,opAssign
0x10ded0,1105616,8,B,13,B_symbols,,0x26e6ef92380,internal_symbol,opEquals
0x10df4d,1105741,5,B,10,B_symbols,,0x26e7a048580,identifier,Error
0x10df5b,1105755,3,B,8,B_symbols,,,identifier,Log
0x10dfcb,1105867,5,B,10,B_symbols,,0x26e6ef91740,internal_symbol,$beh0
0x10e021,1105953,8,B,13,B_symbols,,0x26e6ee37780,internal_symbol,opAssign
0x10e09e,1106078,8,B,13,B_symbols,,0x26e6ef91c80,internal_symbol,opEquals
0x10e11b,1106203,5,B,10,B_symbols,,0x26e79397400,internal_symbol,$beh0
0x10e171,1106289,5,B,10,B_symbols,,0x26e7939e5c0,internal_symbol,$beh2
0x10e1c7,1106375,12,B,17,B_symbols,,0x26e7a396d00,identifier,GetTeamState
0x10e224,1106468,32,B,37,B_symbols,,0x26e6ee38ac0,identifier,ClientNotifyLocalRadarInstigator
0x10e249,1106505,36,B,41,B_symbols,,,dotted_name,UAV.LokiPlayerControllerUAVComponent
0x10e2de,1106654,5,B,10,B_symbols,,0x26e79399000,internal_symbol,$beh0
0x10e358,1106776,5,B,10,B_symbols,,0x26e6ef91580,identifier,Reset
0x10e3d2,1106898,3,B,8,B_symbols,,0x26e6ef913c0,identifier,Add
0x10e44a,1107018,3,B,8,B_symbols,,0x26e6ef91200,identifier,Num
0x10e49e,1107102,5,B,10,B_symbols,,0x26e6ef91040,internal_symbol,$beh0
0x10e4f4,1107188,8,B,13,B_symbols,,0x26e6ef90b00,identifier,Iterator
0x10e54d,1107277,7,B,12,B_symbols,,0x26e6ef90780,identifier,Proceed
0x10e5a5,1107365,5,B,10,B_symbols,,0x26e7939dd00,internal_symbol,$beh0
0x10e5fb,1107451,7,B,12,B_symbols,,0x26e6ef905c0,internal_symbol,opIndex
0x10e677,1107575,8,B,13,B_symbols,,0x26e7715a340,internal_symbol,opAssign
0x10e6f4,1107700,3,B,8,B_symbols,,0x26e6ef97240,identifier,Add
0x10e76c,1107820,5,B,10,B_symbols,,0x26e7939db40,internal_symbol,$beh2
0x10e7c2,1107906,8,B,13,B_symbols,,0x26e7939dec0,internal_symbol,opAssign
0x10e83f,1108031,5,B,10,B_symbols,,0x26e7939e080,internal_symbol,$beh2
0x10e895,1108117,4,B,9,B_symbols,,0x26e6ee3cb80,identifier,Init
0x10e89e,1108126,15,B,20,B_symbols,,,dotted_name,UAV.UAVMapActor
0x10e91e,1108254,26,B,31,B_symbols,,0x26e7a20ee80,identifier,BroadcastUAVActivatedEvent
0x10e941,1108289,33,B,38,B_symbols,,,identifier,ULokiFuzzyPlayerLocationComponent
0x10e9cf,1108431,8,B,13,B_symbols,,0x26e793c9c40,internal_symbol,opAssign
0x10ea4c,1108556,33,B,38,B_symbols,,0x26e6ee38200,identifier,ULokiPlayerControllerUAVComponent
0x10ea72,1108594,36,B,41,B_symbols,,,dotted_name,UAV.LokiPlayerControllerUAVComponent
0x10eae3,1108707,34,B,39,B_symbols,,0x26e6ee5a6c0,other,~ULokiPlayerControllerUAVComponent
0x10eb0a,1108746,36,B,41,B_symbols,,,dotted_name,UAV.LokiPlayerControllerUAVComponent
0x10eb7b,1108859,5,B,10,B_symbols,,0x26e6ef97080,internal_symbol,$beh0
0x10ebd1,1108945,5,B,10,B_symbols,,0x26e7a20e940,internal_symbol,$beh2
0x10ec27,1109031,15,B,20,B_symbols,,0x26e6ee3e5c0,identifier,AUAVAudioPlayer
0x10ec3b,1109051,18,B,23,B_symbols,,,dotted_name,UAV.UAVAudioPlayer
0x10ec9a,1109146,15,B,20,B_symbols,,0x26e6ee3e400,identifier,AUAVAudioPlayer
0x10ecae,1109166,18,B,23,B_symbols,,,dotted_name,UAV.UAVAudioPlayer
0x10ed0d,1109261,12,B,17,B_symbols,,0x26e6ee3c640,identifier,AUAVMapActor
0x10ed1e,1109278,15,B,20,B_symbols,,,dotted_name,UAV.UAVMapActor
0x10ed7a,1109370,48,B,53,B_symbols,,0x26e78502c40,internal_symbol,__Evt_PushArgument__FLokiFuzzyPlayerLocationItem
0x10ee1f,1109535,5,B,10,B_symbols,,0x26e79398200,internal_symbol,$beh0
0x10ee75,1109621,5,B,10,B_symbols,,0x26e79398040,internal_symbol,$beh2
0x10eecb,1109707,5,B,10,B_symbols,,0x26e79397b00,internal_symbol,$beh0
0x10ef21,1109793,5,B,10,B_symbols,,0x26e79397940,internal_symbol,$beh2
0x10ef77,1109879,16,B,21,B_symbols,,0x26e6ee3cf00,identifier,ClientUpdateIcon
0x10ef8c,1109900,15,B,20,B_symbols,,,dotted_name,UAV.UAVMapActor
0x10f00c,1110028,12,B,17,B_symbols,,0x26e6ee3c480,identifier,AUAVMapActor
0x10f01d,1110045,15,B,20,B_symbols,,,dotted_name,UAV.UAVMapActor
0x10f079,1110137,21,B,26,B_symbols,,0x26e6ee3b4c0,identifier,AUAVVaultContentActor
0x10f093,1110163,24,B,29,B_symbols,,,dotted_name,UAV.UAVVaultContentActor
0x10f0f8,1110264,5,B,10,B_symbols,,0x26e793c9000,internal_symbol,$beh0
0x10f14e,1110350,5,B,10,B_symbols,,0x26e793c8e40,internal_symbol,$beh2
0x10f1a4,1110436,5,B,10,B_symbols,,0x26e793c8900,internal_symbol,$beh0
0x10f1fa,1110522,5,B,10,B_symbols,,0x26e793c8740,internal_symbol,$beh2
0x10f250,1110608,20,B,25,B_symbols,,0x26e6ee3bd80,identifier,VaultDataItemUpdated
0x10f269,1110633,24,B,29,B_symbols,,,dotted_name,UAV.UAVVaultContentActor
0x10f2ce,1110734,5,B,10,B_symbols,,0x26e793c9e00,internal_symbol,$beh0
0x10f348,1110856,21,B,26,B_symbols,,0x26e6ee3b300,identifier,AUAVVaultContentActor
0x10f362,1110882,24,B,29,B_symbols,,,dotted_name,UAV.UAVVaultContentActor
0x10f3c7,1110983,22,B,27,B_symbols,,0x26e6ee5a340,other,~AUAVVaultContentActor
0x10f3e2,1111010,24,B,29,B_symbols,,,dotted_name,UAV.UAVVaultContentActor
0x10f447,1111111,39,B,44,B_symbols,,0x26e6ee3fac0,identifier,ULokiWidgetHighlighterHitTestBlocker_AS
0x10f473,1111155,38,B,43,B_symbols,,,dotted_name,UI.LokiWidgetHighlighterHitTestBlocker
0x10f4e6,1111270,15,B,20,B_symbols,,0x26e7987a500,identifier,GetViewportSize
0x10f4fe,1111294,12,B,17,B_symbols,,,identifier,WidgetLayout
0x10f577,1111415,16,B,21,B_symbols,,0x26e7987a6c0,identifier,GetViewportScale
0x10f590,1111440,12,B,17,B_symbols,,,identifier,WidgetLayout
0x10f609,1111561,17,B,22,B_symbols,,0x26e79719fc0,identifier,GetCachedGeometry
0x10f66b,1111659,5,B,10,B_symbols,,0x26e786df200,internal_symbol,$beh0
0x10f6e5,1111781,19,B,24,B_symbols,,0x26e79873880,identifier,GetAbsolutePosition
0x10f701,1111809,5,B,10,B_symbols,,,identifier,Slate
0x10f773,1111923,15,B,20,B_symbols,,0x26e798736c0,identifier,GetAbsoluteSize
0x10f78b,1111947,5,B,10,B_symbols,,,identifier,Slate
0x10f7fd,1112061,9,B,14,B_symbols,,0x26e797175c0,identifier,IsVisible
0x10f857,1112151,25,B,30,B_symbols,,0x26e7a433f80,identifier,FindParentWidgetOfAnyType
0x10f879,1112185,16,B,21,B_symbols,,,identifier,ULokiUIUtilities
0x10f91a,1112346,11,B,16,B_symbols,,0x26e79fa4d80,identifier,IsActivated
0x10f976,1112438,12,B,17,B_symbols,,0x26e69d2f040,identifier,IsNearlyZero
0x10f98b,1112459,4,B,9,B_symbols,,,identifier,Math
0x10fa20,1112608,16,B,21,B_symbols,,0x26e79879c40,identifier,SlotAsCanvasSlot
0x10fa39,1112633,12,B,17,B_symbols,,,identifier,WidgetLayout
0x10fab2,1112754,7,B,12,B_symbols,,0x26e79834f40,identifier,SetSize
0x10fb2e,1112878,5,B,10,B_symbols,,0x26e786df3c0,internal_symbol,$beh2
0x10fb84,1112964,25,B,30,B_symbols,,0x26e7987a340,identifier,GetViewportWidgetGeometry
0x10fba6,1112998,12,B,17,B_symbols,,,identifier,WidgetLayout
0x10fc1f,1113119,5,B,10,B_symbols,,0x26e69c5af80,internal_symbol,opSub
0x10fc99,1113241,5,B,10,B_symbols,,0x26e69c5fac0,internal_symbol,opDiv
0x10fd13,1113363,5,B,10,B_symbols,,0x26e69c5b140,internal_symbol,opAdd
0x10fd8d,1113485,39,B,44,B_symbols,,0x26e6ee3f900,identifier,ULokiWidgetHighlighterHitTestBlocker_AS
0x10fdb9,1113529,38,B,43,B_symbols,,,dotted_name,UI.LokiWidgetHighlighterHitTestBlocker
0x10fe2c,1113644,36,B,41,B_symbols,,0x26e6ee3f040,identifier,ULokiOffscreenTeamIndicatorWidget_AS
0x10fe55,1113685,45,B,50,B_symbols,,,dotted_name,UI.Character.LokiOffscreenTeamIndicatorWidget
0x10fecf,1113807,8,B,13,B_symbols,,0x26e69c5b300,internal_symbol,opAssign
0x10ff4c,1113932,9,B,14,B_symbols,,0x26e69d02380,identifier,Normalize
0x10ffca,1114058,11,B,16,B_symbols,,0x26e69c5f3c0,internal_symbol,opMulAssign
0x11004a,1114186,11,B,16,B_symbols,,0x26e69c5ecc0,internal_symbol,opAddAssign
0x1100ca,1114314,36,B,41,B_symbols,,0x26e6ee3ee80,identifier,ULokiOffscreenTeamIndicatorWidget_AS
0x1100f3,1114355,45,B,50,B_symbols,,,dotted_name,UI.Character.LokiOffscreenTeamIndicatorWidget
0x11016d,1114477,37,B,42,B_symbols,,0x26e6ee5a180,other,~ULokiOffscreenTeamIndicatorWidget_AS
0x110197,1114519,45,B,50,B_symbols,,,dotted_name,UI.Character.LokiOffscreenTeamIndicatorWidget
0x110211,1114641,17,B,22,B_symbols,,0x26e6ee536c0,identifier,AVaultItemSpawner
0x110227,1114663,22,B,27,B_symbols,,,dotted_name,Vault.VaultItemSpawner
0x11028a,1114762,40,B,45,B_symbols,,0x26e77bc0e80,internal_symbol,__Evt_PushArgumentRef__ALokiDestructible
0x110327,1114919,17,B,22,B_symbols,,0x26e6ee53500,identifier,AVaultItemSpawner
0x11033d,1114941,22,B,27,B_symbols,,,dotted_name,Vault.VaultItemSpawner
0x115ee0,1138400,29,B,34,D_constpool,,0x26e70449948,identifier,Effect_Airdoo_Damaged_Smoking
0x115f06,1138438,12,B,17,D_constpool,,,identifier,GameplayTags
0x115f23,1138467,28,B,33,D_constpool,,0x26e70449bc8,identifier,Effect_Airdoo_Damaged_onFire
0x115f48,1138504,12,B,17,D_constpool,,,identifier,GameplayTags
0x115f65,1138533,14,B,19,D_constpool,,,internal_symbol,__WorldContext
0x115f8c,1138572,13,B,18,D_constpool,,0x26e705aa548,identifier,Generic_Scale
0x115fa2,1138594,12,B,17,D_constpool,,,identifier,GameplayTags
0x115fbf,1138623,25,B,30,D_constpool,,0x26e7ac9e3c8,statictype_alias,__StaticType_ALokiAirship
0x115ff1,1138673,33,B,38,D_constpool,,0x26e7ad8ba48,statictype_alias,__StaticType_ALokiMinionCharacter
0x11602b,1138731,30,B,35,D_constpool,,0x26e7ad842c8,statictype_alias,__StaticType_ALokiDestructible
0x116062,1138786,10,B,15,D_constpool,,0x26e768184c8,identifier,ZeroVector
0x116075,1138805,7,B,12,D_constpool,,,identifier,FVector
0x11608d,1138829,35,B,40,D_constpool,,0x26e6f112dd0,string_literal,Forced during all-passenger impulse
0x1160c9,1138889,28,B,33,D_constpool,,0x26e6f1b6ed8,statictype_alias,__StaticType_ALokiAirship_AS
0x1160ea,1138922,19,B,24,D_constpool,,,dotted_name,Airship.LokiAirship
0x116112,1138962,33,B,38,D_constpool,,0x26e705b3ec8,identifier,Item_ShopDiscount_DiscountApplied
0x11613c,1139004,12,B,17,D_constpool,,,identifier,GameplayTags
0x116159,1139033,9,B,14,D_constpool,,0x26e7681cfc8,default_arg_expr,NAME_None
0x11617b,1139067,11,B,16,D_constpool,,0x26e76817c48,identifier,ZeroRotator
0x11618f,1139087,8,B,13,D_constpool,,,identifier,FRotator
0x1161a8,1139112,4,B,9,D_constpool,,0x26e6f112df0,identifier,Gold
0x1161c5,1139141,33,B,38,D_constpool,,0x26e6f112a50,string_literal,AuthBuyItem - Sent Purchase Event
0x1161ff,1139199,4,B,9,D_constpool,,0x26e6f112a80,identifier,Gold
0x11621c,1139228,49,B,54,D_constpool,,0x26e6f1b7158,statictype_alias,__StaticType_ULokiPlayerControllerArmoryComponent
0x116252,1139282,42,B,47,D_constpool,,,dotted_name,Armory.LokiPlayerControllerArmoryComponent
0x116291,1139345,4,B,9,D_constpool,,0x26e5dc74560,identifier,Gold
0x1162ae,1139374,4,B,9,D_constpool,,0x26e5dc74570,identifier,Gold
0x1162cb,1139403,55,B,60,D_constpool,,0x26e6f1b72d8,statictype_alias,__StaticType_ULokiPlayerControllerShopSkylandsComponent
0x116307,1139463,48,B,53,D_constpool,,,dotted_name,Armory.LokiPlayerControllerShopSkylandsComponent
0x11634c,1139532,43,B,48,D_constpool,,0x26e6f1b7358,statictype_alias,__StaticType_UBarracudaJungleCreepComponent
0x11637c,1139580,50,B,55,D_constpool,,,dotted_name,Barracuda.Components.BarracudaJungleCreepComponent
0x1163c3,1139651,52,B,57,D_constpool,,0x26e6f1b3258,statictype_alias,__StaticType_UBarracudaJungleCreepTargetingComponent
0x1163fc,1139708,59,B,64,D_constpool,,,dotted_name,Barracuda.Components.BarracudaJungleCreepTargetingComponent
0x11644c,1139788,36,B,41,D_constpool,,0x26e6f1b3358,statictype_alias,__StaticType_UBarracudaLaneComponent
0x116475,1139829,43,B,48,D_constpool,,,dotted_name,Barracuda.Components.BarracudaLaneComponent
0x1164b5,1139893,50,B,55,D_constpool,,0x26e6f1b3558,statictype_alias,__StaticType_UBarracudaLaneCreepTargetingComponent
0x1164ec,1139948,57,B,62,D_constpool,,,dotted_name,Barracuda.Components.BarracudaLaneCreepTargetingComponent
0x11653a,1140026,3,B,8,D_constpool,,0x26e7065a748,identifier,Red
0x116546,1140038,6,B,11,D_constpool,,,identifier,FColor
0x11655d,1140061,47,B,52,D_constpool,,0x26e6f1b7958,statictype_alias,__StaticType_UBarracudaMinionTargetingComponent
0x116591,1140113,54,B,59,D_constpool,,,dotted_name,Barracuda.Components.BarracudaMinionTargetingComponent
0x1165dc,1140188,43,B,48,D_constpool,,0x26e6f1b7ad8,statictype_alias,__StaticType_UBarracudaPlayerStateComponent
0x11660c,1140236,50,B,55,D_constpool,,,dotted_name,Barracuda.Components.BarracudaPlayerStateComponent
0x116653,1140307,41,B,46,D_constpool,,0x26e6f1b7cd8,statictype_alias,__StaticType_UBarracudaStructureComponent
0x116681,1140353,48,B,53,D_constpool,,,dotted_name,Barracuda.Components.BarracudaStructureComponent
0x1166c6,1140422,46,B,51,D_constpool,,0x26e6f1b7ed8,statictype_alias,__StaticType_UBarracudaTowerTargetingComponent
0x1166f9,1140473,53,B,58,D_constpool,,,dotted_name,Barracuda.Components.BarracudaTowerTargetingComponent
0x116743,1140547,4,B,9,D_constpool,,0x26e7af06b90,identifier,Gold
0x116760,1140576,4,B,9,D_constpool,,0x26e5dc744d0,identifier,Gold
0x11677d,1140605,4,B,9,D_constpool,,0x26e6e67ffa0,identifier,Gold
0x11679a,1140634,30,B,35,D_constpool,,0x26e703fbac8,identifier,Attribute_MinionGoldMultiplier
0x1167c1,1140673,12,B,17,D_constpool,,,identifier,GameplayTags
0x1167de,1140702,4,B,9,D_constpool,,0x26e5dc745e0,identifier,Gold
0x1167fb,1140731,33,B,38,D_constpool,,0x26e703fcac8,identifier,Barracuda_Minion_GrantsDragonBuff
0x116825,1140773,12,B,17,D_constpool,,,identifier,GameplayTags
0x116842,1140802,35,B,40,D_constpool,,0x26e703fc9c8,identifier,Barracuda_Minion_GrantsMomentumBuff
0x11686e,1140846,12,B,17,D_constpool,,,identifier,GameplayTags
0x11688b,1140875,31,B,36,D_constpool,,0x26e6f1b80d8,statictype_alias,__StaticType_ABarracudaGameMode
0x1168af,1140911,36,B,41,D_constpool,,,dotted_name,Barracuda.GameMode.BarracudaGameMode
0x1168e8,1140968,45,B,50,D_constpool,,0x26e6f1b4458,statictype_alias,__StaticType_UBarracudaPlayerSpawnerComponent
0x11691a,1141018,50,B,55,D_constpool,,,dotted_name,Barracuda.GameMode.BarracudaPlayerSpawnerComponent
0x116961,1141089,44,B,49,D_constpool,,0x26e6f1b45d8,statictype_alias,__StaticType_UBarracudaRallyMinionsComponent
0x116992,1141138,49,B,54,D_constpool,,,dotted_name,Barracuda.GameMode.BarracudaRallyMinionsComponent
0x1169d8,1141208,41,B,46,D_constpool,,0x26e6f1b48d8,statictype_alias,__StaticType_UBarracudaGameStateComponent
0x116a06,1141254,47,B,52,D_constpool,,,dotted_name,Barracuda.GameState.BarracudaGameStateComponent
0x116a4a,1141322,32,B,37,D_constpool,,0x26e6f1b49d8,statictype_alias,__StaticType_ABarracudaTeamState
0x116a6f,1141359,38,B,43,D_constpool,,,dotted_name,Barracuda.GameState.BarracudaTeamState
0x116aaa,1141418,41,B,46,D_constpool,,0x26e6f1b4e58,statictype_alias,__StaticType_ABarracudaTeamState_TeamOnly
0x116ad8,1141464,47,B,52,D_constpool,,,dotted_name,Barracuda.GameState.BarracudaTeamState_TeamOnly
0x116b1c,1141532,44,B,49,D_constpool,,0x26e6f1b5058,statictype_alias,__StaticType_UBarracudaMinionRewardComponent
0x116b4d,1141581,47,B,52,D_constpool,,,dotted_name,Barracuda.Minion.BarracudaMinionRewardComponent
0x116b91,1141649,37,B,42,D_constpool,,0x26e6f1b52d8,statictype_alias,__StaticType_ABarracudaMinionWaypoint
0x116bbb,1141691,50,B,55,D_constpool,,,dotted_name,Barracuda.Minion.Waypoints.BarracudaMinionWaypoint
0x116c02,1141762,21,B,26,D_constpool,,0x26e705b7ac8,identifier,State_Combat_InCombat
0x116c20,1141792,12,B,17,D_constpool,,,identifier,GameplayTags
0x116c3d,1141821,5,B,10,D_constpool,,0x26e7065a6c8,identifier,Green
0x116c4b,1141835,6,B,11,D_constpool,,,identifier,FColor
0x116c62,1141858,8,B,13,D_constpool,,0x26e76e4a248,identifier,Identity
0x116c73,1141875,5,B,10,D_constpool,,,identifier,FQuat
0x116c89,1141897,6,B,11,D_constpool,,0x26e7065a5c8,identifier,Yellow
0x116c98,1141912,6,B,11,D_constpool,,,identifier,FColor
0x116caf,1141935,6,B,11,D_constpool,,0x26e7065c4c8,identifier,Purple
0x116cbe,1141950,6,B,11,D_constpool,,,identifier,FColor
0x116cd5,1141973,54,B,59,D_constpool,,0x26e6f1b1358,statictype_alias,__StaticType_UBarracudaMinionWaypointFollowerComponent
0x116d10,1142032,67,B,72,D_constpool,,,dotted_name,Barracuda.Minion.Waypoints.BarracudaMinionWaypointFollowerComponent
0x116d68,1142120,53,B,58,D_constpool,,0x26e6f1b57d8,statictype_alias,__StaticType_UBTService_BarracudaUpdateMinionWaypoint
0x116da2,1142178,57,B,62,D_constpool,,,dotted_name,Barracuda.Minion.Waypoints.BTService_UpdateMinionWaypoint
0x116df0,1142256,4,B,9,D_constpool,,0x26e6e67f520,identifier,Gold
0x116e0d,1142285,29,B,34,D_constpool,,0x26e6f112750,string_literal,BarracudaShop - DebugLogGraph
0x116e43,1142339,13,B,18,D_constpool,,0x26e6f1127b0,string_literal, unique items
0x116e69,1142377,6,B,11,D_constpool,,0x26e6f112790,string_literal,Found 
0x116ea0,1142432,1,B,6,D_constpool,,0x26e6f1127f0,suspect_short,]
0x116eba,1142458,14,B,19,D_constpool,,0x26e6f1123c0,string_literal,][Total Cost: 
0x116ee1,1142497,12,B,17,D_constpool,,0x26e6f1123d0,string_literal, - [Recipe: 
0x116f06,1142534,4,B,9,D_constpool,,0x26e6f1123b0,string_literal,    
0x116f3b,1142587,4,B,9,D_constpool,,0x26e6f112c90,identifier,Gold
0x116f58,1142616,40,B,45,D_constpool,,0x26e6f1b5dd8,statictype_alias,__StaticType_UBarracudaShopItemGraphNode
0x116f85,1142661,28,B,33,D_constpool,,,dotted_name,Barracuda.Shop.BarracudaShop
0x116fb6,1142710,27,B,32,D_constpool,,0x26e6f1b5e58,statictype_alias,__StaticType_ABarracudaShop
0x116fd6,1142742,28,B,33,D_constpool,,,dotted_name,Barracuda.Shop.BarracudaShop
0x117007,1142791,41,B,46,D_constpool,,0x26e6f1b6058,statictype_alias,__StaticType_UBarracudaShopItemListWidget
0x117035,1142837,42,B,47,D_constpool,,,dotted_name,Barracuda.Shop.BarracudaShopItemListWidget
0x117074,1142900,11,B,16,D_constpool,,0x26e6e67f8b0,string_literal,LOREM IPSUM
0x117098,1142936,45,B,50,D_constpool,,0x26e6f1b42d8,statictype_alias,__StaticType_UBarracudaShopItemTreeNodeWidget
0x1170ca,1142986,46,B,51,D_constpool,,,dotted_name,Barracuda.Shop.BarracudaShopItemTreeNodeWidget
0x11710d,1143053,41,B,46,D_constpool,,0x26e6f1b22d8,statictype_alias,__StaticType_UBarracudaShopItemTreeWidget
0x11713b,1143099,42,B,47,D_constpool,,,dotted_name,Barracuda.Shop.BarracudaShopItemTreeWidget
0x11717a,1143162,16,B,21,D_constpool,,0x26e705fc2c8,identifier,RightMouseButton
0x117193,1143187,5,B,10,D_constpool,,,identifier,EKeys
0x1171a9,1143209,37,B,42,D_constpool,,0x26e6f1b24d8,statictype_alias,__StaticType_UBarracudaShopItemWidget
0x1171d3,1143251,38,B,43,D_constpool,,,dotted_name,Barracuda.Shop.BarracudaShopItemWidget
0x11720e,1143310,25,B,30,D_constpool,,0x26e7044e548,identifier,GameMode_Barracuda_InBase
0x117230,1143344,12,B,17,D_constpool,,,identifier,GameplayTags
0x11724d,1143373,10,B,15,D_constpool,,0x26e705b9348,identifier,State_Dead
0x117260,1143392,12,B,17,D_constpool,,,identifier,GameplayTags
0x11727d,1143421,52,B,57,D_constpool,,0x26e6f1b2658,statictype_alias,__StaticType_UBarracudaShopPlayerControllerComponent
0x1172b6,1143478,53,B,58,D_constpool,,,dotted_name,Barracuda.Shop.BarracudaShopPlayerControllerComponent
0x117300,1143552,39,B,44,D_constpool,,0x26e6f1b27d8,statictype_alias,__StaticType_UBarraucdaShopFilterWidget
0x11732c,1143596,40,B,45,D_constpool,,,dotted_name,Barracuda.Shop.BarraucdaShopFilterWidget
0x117369,1143657,36,B,41,D_constpool,,0x26e6f1b2d58,statictype_alias,__StaticType_ABarracudaMinionSpawner
0x117392,1143698,41,B,46,D_constpool,,,dotted_name,Barracuda.Spawners.BarracudaMinionSpawner
0x1173d0,1143760,34,B,39,D_constpool,,0x26e6f1b2e58,statictype_alias,__StaticType_ALokiHeroCharacter_AS
0x1173f7,1143799,27,B,32,D_constpool,,,dotted_name,Character.LokiHeroCharacter
0x117427,1143847,37,B,42,D_constpool,,0x26e6f1b0d58,statictype_alias,__StaticType_ULokiHeroGroundIndicator
0x117451,1143889,33,B,38,D_constpool,,,dotted_name,Character.LokiHeroGroundIndicator
0x117487,1143943,27,B,32,D_constpool,,0x26e7ad80848,statictype_alias,__StaticType_ALokiHeightMap
0x1174bb,1143995,16,B,21,D_constpool,,0x26e6f115d80,identifier,UpdateLocalState
0x1174e4,1144036,28,B,33,D_constpool,,0x26e6f1b37d8,statictype_alias,__StaticType_ATemporaryFloor
0x117505,1144069,22,B,27,D_constpool,,,dotted_name,Content.TemporaryFloor
0x117530,1144112,9,B,14,D_constpool,,0x26e7681a548,identifier,OneVector
0x117542,1144130,7,B,12,D_constpool,,,identifier,FVector
0x11755a,1144154,8,B,13,D_constpool,,0x26e7681ccc8,identifier,Identity
0x11756b,1144171,10,B,15,D_constpool,,,identifier,FTransform
0x117586,1144198,25,B,30,D_constpool,,0x26e6f1b3a58,statictype_alias,__StaticType_UTrainAnchor
0x1175a4,1144228,39,B,44,D_constpool,,,dotted_name,Content.Train.TrainMovableBaseComponent
0x1175e0,1144288,29,B,34,D_constpool,,0x26e6f1b3bd8,statictype_alias,__StaticType_UBackTrainAnchor
0x117602,1144322,39,B,44,D_constpool,,,dotted_name,Content.Train.TrainMovableBaseComponent
0x11763e,1144382,30,B,35,D_constpool,,0x26e6f1b3b58,statictype_alias,__StaticType_UFrontTrainAnchor
0x117661,1144417,39,B,44,D_constpool,,,dotted_name,Content.Train.TrainMovableBaseComponent
0x11769d,1144477,39,B,44,D_constpool,,0x26e6f1b3c58,statictype_alias,__StaticType_UTrainMovableBaseComponent
0x1176c9,1144521,39,B,44,D_constpool,,,dotted_name,Content.Train.TrainMovableBaseComponent
0x117705,1144581,10,B,15,D_constpool,,0x26e60110310,identifier,Desaturate
0x117728,1144616,10,B,15,D_constpool,,0x26e6f115940,identifier,Desaturate
0x11774b,1144651,23,B,28,D_constpool,,0x26e705b8d48,identifier,State_Execute_Executing
0x11776b,1144683,12,B,17,D_constpool,,,identifier,GameplayTags
0x117788,1144712,19,B,24,D_constpool,,0x26e705b8248,identifier,State_BeingExecuted
0x1177a4,1144740,12,B,17,D_constpool,,,identifier,GameplayTags
0x1177c1,1144769,29,B,34,D_constpool,,0x26e6f1b1cd8,statictype_alias,__StaticType_ALokiAimingLaser
0x1177e3,1144803,30,B,35,D_constpool,,,dotted_name,Core.AimingVis.LokiAimingLaser
0x117816,1144854,40,B,45,D_constpool,,0x26e6f1b1fd8,statictype_alias,__StaticType_ALokiAimingLaserRangeMarker
0x117843,1144899,41,B,46,D_constpool,,,dotted_name,Core.AimingVis.LokiAimingLaserRangeMarker
0x117881,1144961,40,B,45,D_constpool,,0x26e6f1b05d8,statictype_alias,__StaticType_ALokiAimingLaserSpreadLines
0x1178ae,1145006,41,B,46,D_constpool,,,dotted_name,Core.AimingVis.LokiAimingLaserSpreadLines
0x1178ec,1145068,8,B,13,D_constpool,,0x26e7681c948,identifier,UpVector
0x1178fd,1145085,7,B,12,D_constpool,,,identifier,FVector
0x117915,1145109,42,B,47,D_constpool,,0x26e6f1b0958,statictype_alias,__StaticType_ULokiAimingVisComponentScript
0x117944,1145156,37,B,42,D_constpool,,,dotted_name,Core.AimingVis.LokiAimingVisComponent
0x11797e,1145214,48,B,53,D_constpool,,0x26e6f1b0a58,statictype_alias,__StaticType_ALokiAimingLaserSpreadLines_HookGuy
0x1179b3,1145267,64,B,69,D_constpool,,,dotted_name,Core.AimingVis.HunterSpecific.LokiAimingLaserSpreadLines_HookGuy
0x117a08,1145352,46,B,51,D_constpool,,0x26e6f1b1458,statictype_alias,__StaticType_ALokiAimingLaserSpreadLines_Ronin
0x117a3b,1145403,62,B,67,D_constpool,,,dotted_name,Core.AimingVis.HunterSpecific.LokiAimingLaserSpreadLines_Ronin
0x117a8e,1145486,38,B,43,D_constpool,,0x26e6f1b17d8,statictype_alias,__StaticType_ALokiAimingLaser_Huntress
0x117ab9,1145529,54,B,59,D_constpool,,,dotted_name,Core.AimingVis.HunterSpecific.LokiAimingLaser_Huntress
0x117b04,1145604,47,B,52,D_constpool,,0x26e6f1b1c58,statictype_alias,__StaticType_ULokiMajorStatusEffectComponent_AS
0x117b38,1145656,46,B,51,D_constpool,,,dotted_name,Core.Components.LokiMajorStatusEffectComponent
0x117b7b,1145723,39,B,44,D_constpool,,0x26e6057f7d8,statictype_alias,__StaticType_ALokiDayNightController_AS
0x117ba7,1145767,41,B,46,D_constpool,,,dotted_name,DayNightController.LokiDayNightController
0x117be5,1145829,29,B,34,D_constpool,,0x26e7ad8dbc8,statictype_alias,__StaticType_ALokiPlayerStart
0x117c1b,1145883,42,B,47,D_constpool,,0x26e6057da58,statictype_alias,__StaticType_UComp_PC_LokiRespawnComponent
0x117c4a,1145930,32,B,37,D_constpool,,,dotted_name,FFA.Comp_PC_LokiRespawnComponent
0x117c7f,1145983,12,B,17,D_constpool,,0x26e6f114f80,gameplay_id,Hero:assault
0x117ca4,1146020,12,B,17,D_constpool,,0x26e6f1153a0,gameplay_id,Hero:firefox
0x117cc9,1146057,11,B,16,D_constpool,,0x26e6f1153c0,gameplay_id,Hero:freeze
0x117ced,1146093,11,B,16,D_constpool,,0x26e6f115330,gameplay_id,Hero:sniper
0x117d11,1146129,9,B,14,D_constpool,,0x26e6f115340,gameplay_id,Hero:flex
0x117d33,1146163,12,B,17,D_constpool,,0x26e6f114e50,gameplay_id,Hero:hookguy
0x117d58,1146200,17,B,22,D_constpool,,0x26e6f115360,gameplay_id,Hero:rocketjumper
0x117d82,1146242,10,B,15,D_constpool,,0x26e6f1150f0,other,Hero:Storm
0x117da5,1146277,16,B,21,D_constpool,,0x26e6f115420,other,Hero:BurstCaster
0x117dce,1146318,17,B,22,D_constpool,,0x26e6f1153d0,other,Hero:BountyHunter
0x117df8,1146360,36,B,41,D_constpool,,0x26e6057d958,statictype_alias,__StaticType_UFFABotSpawnerComponent
0x117e21,1146401,17,B,22,D_constpool,,,dotted_name,FFA.FFABotSpawner
0x117e47,1146439,22,B,27,D_constpool,,0x26e6f115350,identifier,AllPlayersDisconnected
0x117e76,1146486,25,B,30,D_constpool,,0x26e6057dc58,statictype_alias,__StaticType_AFFAGameMode
0x117e94,1146516,15,B,20,D_constpool,,,dotted_name,FFA.FFAGameMode
0x117eb8,1146552,40,B,45,D_constpool,,0x26e6057e058,statictype_alias,__StaticType_ULokiPlayerRespawnComponent
0x117ee5,1146597,30,B,35,D_constpool,,,dotted_name,FFA.LokiPlayerRespawnComponent
0x117f18,1146648,22,B,27,D_constpool,,0x26e6f114950,string_literal,) to non-spawning list
0x117f47,1146695,14,B,19,D_constpool,,0x26e601102c0,string_literal,] Adding bot (
0x117f6e,1146734,1,B,6,D_constpool,,0x26e6f113140,suspect_short,[
0x117f88,1146760,37,B,42,D_constpool,,0x26e6f114fe0,string_literal,] Removing bot from non-spawning list
0x117fc6,1146822,1,B,6,D_constpool,,0x26e6f114c80,suspect_short,[
0x117fe0,1146848,24,B,29,D_constpool,,0x26e6f1157c0,string_literal,] No player starts found
0x118011,1146897,1,B,6,D_constpool,,0x26e6f114c90,suspect_short,[
0x11802b,1146923,34,B,39,D_constpool,,0x26e6057e258,statictype_alias,__StaticType_ULokiRespawnComponent
0x118052,1146962,24,B,29,D_constpool,,,dotted_name,FFA.LokiRespawnComponent
0x11807f,1147007,32,B,37,D_constpool,,0x26e6057fa58,statictype_alias,__StaticType_URespawnTimerWidget
0x1180a4,1147044,22,B,27,D_constpool,,,dotted_name,FFA.RespawnTimerWidget
0x1180cf,1147087,37,B,42,D_constpool,,0x26e6057ffd8,statictype_alias,__StaticType_ULokiExoticLootComponent
0x1180f9,1147129,41,B,46,D_constpool,,,dotted_name,GameMode.LokiGameMode_ExoticLootComponent
0x118137,1147191,25,B,30,D_constpool,,0x26e6f114bd0,identifier,OnDropPodStartedWithPilot
0x118169,1147241,48,B,53,D_constpool,,0x26e6057e9d8,statictype_alias,__StaticType_ULokiDropPhase_PlayerStateComponent
0x11819e,1147294,53,B,58,D_constpool,,,dotted_name,GameMode.DropPhase.LokiDropPhase_PlayerStateComponent
0x1181e8,1147368,25,B,30,D_constpool,,0x26e6057efd8,statictype_alias,__StaticType_ALokiDropPod
0x118206,1147398,30,B,35,D_constpool,,,dotted_name,GameMode.DropPhase.LokiDropPod
0x118239,1147449,40,B,45,D_constpool,,0x26e6057f258,statictype_alias,__StaticType_ALokiDropPodImpactIndicator
0x118266,1147494,45,B,50,D_constpool,,,dotted_name,GameMode.DropPhase.LokiDropPodImpactIndicator
0x1182a8,1147560,30,B,35,D_constpool,,0x26e6057f558,statictype_alias,__StaticType_ALokiDropPodLaser
0x1182cb,1147595,35,B,40,D_constpool,,,dotted_name,GameMode.DropPhase.LokiDropPodLaser
0x118303,1147651,26,B,31,D_constpool,,0x26e6057d558,statictype_alias,__StaticType_ALokiDropShip
0x118322,1147682,31,B,36,D_constpool,,,dotted_name,GameMode.DropPhase.LokiDropShip
0x118356,1147734,30,B,35,D_constpool,,0x26e6057b758,statictype_alias,__StaticType_ALokiGameState_AS
0x118379,1147769,23,B,28,D_constpool,,,dotted_name,GameState.LokiGameState
0x1183a5,1147813,13,B,18,D_constpool,,0x26e705ba648,identifier,State_Knocked
0x1183bb,1147835,12,B,17,D_constpool,,,identifier,GameplayTags
0x1183d8,1147864,44,B,49,D_constpool,,0x26e6057bad8,statictype_alias,__StaticType_ULokiInteractionPlayerComponent
0x118409,1147913,42,B,47,D_constpool,,,dotted_name,Interaction.LokiInteractionPlayerComponent
0x118448,1147976,19,B,24,D_constpool,,0x26e705b84c8,identifier,State_GemMultiplier
0x118464,1148004,12,B,17,D_constpool,,,identifier,GameplayTags
0x118481,1148033,4,B,9,D_constpool,,0x26e6f113880,identifier,Gems
0x11849e,1148062,21,B,26,D_constpool,,0x26e6057bd58,statictype_alias,__StaticType_ALokiGem
0x1184b8,1148088,13,B,18,D_constpool,,,dotted_name,Items.LokiGem
0x1184da,1148122,38,B,43,D_constpool,,0x26e6057fd58,statictype_alias,__StaticType_ULokiItemVisualsComponent
0x118505,1148165,30,B,35,D_constpool,,,dotted_name,Items.LokiItemVisualsComponent
0x118568,1148264,4,B,9,D_constpool,,0x26e6f114230,identifier,Gold
0x118585,1148293,38,B,43,D_constpool,,0x26e6057e558,statictype_alias,__StaticType_ULokiTeamElimBoxComponent
0x1185b0,1148336,30,B,35,D_constpool,,,dotted_name,Items.LokiTeamElimBoxComponent
0x1185e3,1148387,11,B,16,D_constpool,,0x26e6f113ad0,identifier,StartMoving
0x118607,1148423,38,B,43,D_constpool,,0x26e6057e658,statictype_alias,__StaticType_ULokiNodePathingComponent
0x118632,1148466,32,B,37,D_constpool,,,dotted_name,Minions.LokiNodePathingComponent
0x118667,1148519,46,B,51,D_constpool,,0x26e6057c758,statictype_alias,__StaticType_ULokiGameStateMostWantedComponent
0x11869a,1148570,43,B,48,D_constpool,,,dotted_name,MostWanted.LokiGameStateMostWantedComponent
0x1186da,1148634,37,B,42,D_constpool,,0x26e6057cad8,statictype_alias,__StaticType_ULokiDragCameraComponent
0x118704,1148676,40,B,45,D_constpool,,,dotted_name,PlayerController.LokiDragCameraComponent
0x118741,1148737,11,B,16,D_constpool,,0x26e6f1134e0,string_literal,ServerExec 
0x118765,1148773,4,B,9,D_constpool,,0x26e6f1134a0,identifier,Gold
0x118782,1148802,4,B,9,D_constpool,,0x26e6f1133c0,identifier,Gems
0x11879f,1148831,32,B,37,D_constpool,,0x26e705c1dc8,identifier,Static_Barracuda_Spawner_Neutral
0x1187c8,1148872,12,B,17,D_constpool,,,identifier,GameplayTags
0x1187e5,1148901,30,B,35,D_constpool,,0x26e705c1e48,identifier,Static_Barracuda_Spawner_Creep
0x11880c,1148940,12,B,17,D_constpool,,,identifier,GameplayTags
0x118829,1148969,12,B,17,D_constpool,,0x26e6f1140c0,identifier,RequestAdmin
0x11884e,1149006,28,B,33,D_constpool,,0x26e6f114070,string_literal,Log LogAbilitySystem Verbose
0x118883,1149059,41,B,46,D_constpool,,0x26e6f114050,string_literal,Log LogLokiAbilitySystemComponent Verbose
0x1188c5,1149125,32,B,37,D_constpool,,0x26e6f114060,string_literal,Log LogLokiGameplaySpell Verbose
0x1188fe,1149182,24,B,29,D_constpool,,0x26e6f114080,string_literal,DebugLogSpellBuffering 1
0x11892f,1149231,23,B,28,D_constpool,,0x26e6f114830,string_literal,ShowDebug AbilitySystem
0x11895f,1149279,32,B,37,D_constpool,,0x26e6f114470,dotted_name,AbilitySystem.Debug.NextCategory
0x118998,1149336,32,B,37,D_constpool,,0x26e6f114420,dotted_name,AbilitySystem.Debug.NextCategory
0x1189d1,1149393,7,B,12,D_constpool,,0x26e6f113a80,identifier,GodMode
0x1189f1,1149425,32,B,37,D_constpool,,0x26e6f114430,string_literal,Log LogCharacterMovement Verbose
0x118a2a,1149482,22,B,27,D_constpool,,0x26e6f114810,string_literal,p.NetShowCorrections 1
0x118a59,1149529,20,B,25,D_constpool,,0x26e6f1147f0,string_literal,p.DebugLogAllMoves 1
0x118a86,1149574,22,B,27,D_constpool,,0x26e6f1147b0,string_literal,p.DebugLogAllMoves1D 1
0x118ab5,1149621,20,B,25,D_constpool,,0x26e6f114110,string_literal,p.DebugLogAllMoves 0
0x118ae2,1149666,33,B,38,D_constpool,,0x26e6057ced8,statictype_alias,__StaticType_ALokiPlayerCheats_AS
0x118b08,1149704,33,B,38,D_constpool,,,dotted_name,PlayerController.LokiPlayerCheats
0x118b3e,1149758,37,B,42,D_constpool,,0x26e6057d058,statictype_alias,__StaticType_ALokiPlayerController_AS
0x118b68,1149800,37,B,42,D_constpool,,,dotted_name,PlayerController.LokiPlayerController
0x118ba2,1149858,4,B,9,D_constpool,,0x26e7044a348,identifier,Data
0x118baf,1149871,12,B,17,D_constpool,,,identifier,GameplayTags
0x118bcc,1149900,12,B,17,D_constpool,,0x26e705ad148,identifier,Immunity_UAV
0x118be1,1149921,12,B,17,D_constpool,,,identifier,GameplayTags
0x118bfe,1149950,17,B,22,D_constpool,,0x26e705bf9c8,identifier,State_UAVUpgraded
0x118c18,1149976,12,B,17,D_constpool,,,identifier,GameplayTags
0x118c35,1150005,29,B,34,D_constpool,,0x26e70482b48,identifier,GameplayCue_Effect_UAVBlocked
0x118c5b,1150043,12,B,17,D_constpool,,,identifier,GameplayTags
0x118c78,1150072,39,B,44,D_constpool,,0x26e7b044158,statictype_alias,__StaticType_ULokiGameStateUAVComponent
0x118ca4,1150116,29,B,34,D_constpool,,,dotted_name,UAV.LokiGameStateUAVComponent
0x118cd6,1150166,121,B,126,D_constpool,,0x26e6f113580,string_literal,] ULokiPlayerControllerUAVComponent doesn't have UAVMapActorClass set on instance. This is required to show UAV Map Icons
0x118d68,1150312,1,B,6,D_constpool,,0x26e6f113000,suspect_short,[
0x118d82,1150338,130,B,135,D_constpool,,0x26e6f114ab0,string_literal,] ULokiPlayerControllerUAVComponent doesn't have UAVVaultContentActorClass set on instance. This is required to show UAV Map Icons
0x118e1d,1150493,1,B,6,D_constpool,,0x26e6f114b00,suspect_short,[
0x118e37,1150519,46,B,51,D_constpool,,0x26e7b043ed8,statictype_alias,__StaticType_ULokiPlayerControllerUAVComponent
0x118e6a,1150570,36,B,41,D_constpool,,,dotted_name,UAV.LokiPlayerControllerUAVComponent
0x118ea3,1150627,28,B,33,D_constpool,,0x26e7b043958,statictype_alias,__StaticType_AUAVAudioPlayer
0x118ec4,1150660,18,B,23,D_constpool,,,dotted_name,UAV.UAVAudioPlayer
0x118eeb,1150699,25,B,30,D_constpool,,0x26e7b043758,statictype_alias,__StaticType_AUAVMapActor
0x118f09,1150729,15,B,20,D_constpool,,,dotted_name,UAV.UAVMapActor
0x118f2d,1150765,34,B,39,D_constpool,,0x26e7b0433d8,statictype_alias,__StaticType_AUAVVaultContentActor
0x118f54,1150804,24,B,29,D_constpool,,,dotted_name,UAV.UAVVaultContentActor
0x118f81,1150849,10,B,15,D_constpool,,0x26e7681a3c8,identifier,ZeroVector
0x118f94,1150868,9,B,14,D_constpool,,,identifier,FVector2D
0x118fae,1150894,52,B,57,D_constpool,,0x26e7b045258,statictype_alias,__StaticType_ULokiWidgetHighlighterHitTestBlocker_AS
0x118fe7,1150951,38,B,43,D_constpool,,,dotted_name,UI.LokiWidgetHighlighterHitTestBlocker
0x119022,1151010,1,B,6,D_constpool,,0x26e6f112f70,identifier,m
0x11903c,1151036,2,B,7,D_constpool,,0x26e6f112680,identifier,km
0x119057,1151063,49,B,54,D_constpool,,0x26e7b045158,statictype_alias,__StaticType_ULokiOffscreenTeamIndicatorWidget_AS
0x11908d,1151117,45,B,50,D_constpool,,,dotted_name,UI.Character.LokiOffscreenTeamIndicatorWidget
0x1190cf,1151183,30,B,35,D_constpool,,0x26e7b045058,statictype_alias,__StaticType_AVaultItemSpawner
0x1190f2,1151218,22,B,27,D_constpool,,,dotted_name,Vault.VaultItemSpawner
0x119119,1151257,24,B,29,D_constpool,,,identifier,HandleHealthRegeneration
0x119136,1151286,24,B,29,D_constpool,,,dotted_name,Immunity.AirshipRoadkill
0x119153,1151315,7,B,12,D_constpool,,,identifier,Utility
0x11915f,1151327,12,B,17,D_constpool,,,identifier,MinorUtility
0x119170,1151344,5,B,10,D_constpool,,,identifier,Boots
0x11917a,1151354,19,B,24,D_constpool,,,identifier,OnPlayerInitialized
0x119192,1151378,9,B,14,D_constpool,,,identifier,Inventory
0x1191a0,1151392,19,B,24,D_constpool,,,identifier,OnAssetLoadComplete
0x1191b8,1151416,19,B,24,D_constpool,,,identifier,OnClassLoadComplete
0x1191d0,1151440,14,B,19,D_constpool,,,identifier,OnPlayerKilled
0x1191e3,1151459,31,B,36,D_constpool,,,identifier,AuthHandleBarracudaPhaseChanged
0x119207,1151495,18,B,23,D_constpool,,,identifier,OnCharacterDamaged
0x11921e,1151518,7,B,12,D_constpool,,,identifier,Trigger
0x11922a,1151530,20,B,25,D_constpool,,,identifier,HandleTriggerOverlap
0x119243,1151555,14,B,19,D_constpool,,,identifier,OnFilterByName
0x119256,1151574,14,B,19,D_constpool,,,identifier,OnResetFilters
0x119269,1151593,17,B,22,D_constpool,,,identifier,OnFilterToggleTag
0x11927f,1151615,11,B,16,D_constpool,,,identifier,OnFocusItem
0x11928f,1151631,18,B,23,D_constpool,,,identifier,OnToggleVisibility
0x1192a6,1151654,15,B,20,D_constpool,,,identifier,OnFilterUpdated
0x1192ba,1151674,15,B,20,D_constpool,,,identifier,HandleFocusItem
0x1192ce,1151694,34,B,39,D_constpool,,,identifier,HandleItemEnteredOrExitedInventory
0x1192f5,1151733,15,B,20,D_constpool,,,identifier,ClientOnBuyItem
0x119309,1151753,16,B,21,D_constpool,,,identifier,ClientOnSellItem
0x11931e,1151774,19,B,24,D_constpool,,,identifier,AuthOnNewRoundPhase
0x119336,1151798,22,B,27,D_constpool,,,identifier,AuthOnNewDayNightState
0x119351,1151825,25,B,30,D_constpool,,,identifier,HandleVisibilityEvaluated
0x11936f,1151855,12,B,17,D_constpool,,,identifier,StaggerSpawn
0x119380,1151872,9,B,14,D_constpool,,,other,3DTerrain
0x11938e,1151886,18,B,23,D_constpool,,,identifier,AuthHandleBlockHit
0x1193a5,1151909,16,B,21,D_constpool,,,identifier,UpdateLocalState
0x1193ba,1151930,11,B,16,D_constpool,,,identifier,NoCollision
0x1193ca,1151946,16,B,21,D_constpool,,,string_literal,Range Desat Mult
0x1193df,1151967,19,B,24,D_constpool,,,string_literal,Script Desaturation
0x1193f7,1151991,19,B,24,D_constpool,,,string_literal,Range Opacity Floor
0x11940f,1152015,13,B,18,D_constpool,,,string_literal,Final Opacity
0x119421,1152033,10,B,15,D_constpool,,,string_literal,Alpha Step
0x119430,1152048,10,B,15,D_constpool,,,string_literal,Range Step
0x11943f,1152063,11,B,16,D_constpool,,,identifier,AimingLaser
0x11944f,1152079,17,B,22,D_constpool,,,identifier,DamagePassthrough
0x119465,1152101,12,B,17,D_constpool,,,identifier,ShootThrough
0x119476,1152118,10,B,15,D_constpool,,,string_literal,Script Hue
0x119485,1152133,16,B,21,D_constpool,,,identifier,OnOwnerDestroyed
0x11949a,1152154,6,B,11,D_constpool,,,identifier,Aiming
0x1194a5,1152165,14,B,19,D_constpool,,,identifier,UseAimingLaser
0x1194b8,1152184,24,B,29,D_constpool,,,identifier,OnShowAimingLaserChanged
0x1194d5,1152213,18,B,23,D_constpool,,,identifier,LimitLaserToCursor
0x1194ec,1152236,27,B,32,D_constpool,,,identifier,OnLimitLaserToCursorChanged
0x11950c,1152268,20,B,25,D_constpool,,,identifier,OnLivingStateChanged
0x119525,1152293,10,B,15,D_constpool,,,identifier,Domination
0x119534,1152308,6,B,11,D_constpool,,,identifier,Shield
0x11953f,1152319,6,B,11,D_constpool,,,identifier,Health
0x11954a,1152330,10,B,15,D_constpool,,,identifier,Consumable
0x119559,1152345,20,B,25,D_constpool,,,identifier,OnPlayerDisconnected
0x119572,1152370,19,B,24,D_constpool,,,identifier,OnRoundPhaseChanged
0x11958a,1152394,21,B,26,D_constpool,,,identifier,OnPlayerStartsCreated
0x1195a4,1152420,26,B,31,D_constpool,,,identifier,LokiPlayerRespawnComponent
0x1195c3,1152451,8,B,13,D_constpool,,,identifier,OnLogout
0x1195d0,1152464,30,B,35,D_constpool,,,identifier,SafeTeamSpawnPathfindingAnchor
0x1195f3,1152499,20,B,25,D_constpool,,,identifier,LokiRespawnComponent
0x11960c,1152524,21,B,26,D_constpool,,,identifier,OnPlayerStateAssigned
0x119626,1152550,20,B,25,D_constpool,,,identifier,OnRespawnTimeUpdated
0x11963f,1152575,16,B,21,D_constpool,,,identifier,OnGameAugmentSet
0x119654,1152596,20,B,25,D_constpool,,,identifier,OnPodSteeringEnabled
0x11966d,1152621,16,B,21,D_constpool,,,identifier,OnAllowPodDetach
0x119682,1152642,19,B,24,D_constpool,,,identifier,singleBody_01_m_jnt
0x11969a,1152666,13,B,18,D_constpool,,,identifier,body_01_m_jnt
0x1196ac,1152684,21,B,26,D_constpool,,,identifier,OnPodTeamIndexChanged
0x1196c6,1152710,12,B,17,D_constpool,,,identifier,OnDropPodHit
0x1196d7,1152727,23,B,28,D_constpool,,,identifier,OnIntroSequenceFinished
0x1196f3,1152755,16,B,21,D_constpool,,,identifier,FinishDestroyPod
0x119708,1152776,20,B,25,D_constpool,,,identifier,OnOutroSequenceStart
0x119721,1152801,23,B,28,D_constpool,,,identifier,OnOutroSequenceFinished
0x11973d,1152829,26,B,31,D_constpool,,,identifier,LokiDropPodImpactIndicator
0x11975c,1152860,20,B,25,D_constpool,,,identifier,GroundLaserIndicator
0x119775,1152885,31,B,36,D_constpool,,,identifier,OnSpawnedCharacterChangedCalled
0x119799,1152921,26,B,31,D_constpool,,,identifier,OnLivingStateChangedCalled
0x1197b8,1152952,32,B,37,D_constpool,,,identifier,OnAbilitySystemInitializedCalled
0x1197dd,1152989,26,B,31,D_constpool,,,identifier,OnGameplaySpellAddedCalled
0x1197fc,1153020,18,B,23,D_constpool,,,identifier,EnableGemCollision
0x119813,1153043,23,B,28,D_constpool,,,identifier,OnComponentBeginOverlap
0x11982f,1153071,20,B,25,D_constpool,,,identifier,OnInventoryItemAdded
0x119848,1153096,22,B,27,D_constpool,,,identifier,OnInventoryItemRemoved
0x119863,1153123,19,B,24,D_constpool,,,identifier,OnControllerChanged
0x11987b,1153147,15,B,20,D_constpool,,,identifier,OnMoveCompleted
0x11988f,1153167,21,B,26,D_constpool,,,identifier,HandleMostWantedEvent
0x1198a9,1153193,20,B,25,D_constpool,,,identifier,OnVaultDoorDestroyed
0x1198c2,1153218,16,B,21,D_constpool,,,identifier,OnVaultDestroyed
0x1198d7,1153239,15,B,20,D_constpool,,,identifier,OnLocationAdded
0x1198eb,1153259,16,B,21,D_constpool,,,identifier,OnVaultDataAdded
0x119900,1153280,8,B,13,D_constpool,,,identifier,OnUpdate
0x11990d,1153293,8,B,13,D_constpool,,,identifier,OnRemove
0x11991a,1153306,23,B,28,D_constpool,,,identifier,ServerSwapSlotAndBuyKit
0x119936,1153334,24,B,29,D_constpool,,,identifier,ServerSellSlotAndBuyItem
0x119953,1153363,15,B,20,D_constpool,,,identifier,AuthSellItem_BP
0x119967,1153383,21,B,26,D_constpool,,,identifier,ShouldShopSellItem_BP
0x119981,1153409,13,B,18,D_constpool,,,identifier,ServerBuyItem
0x119993,1153427,21,B,26,D_constpool,,,identifier,ServerBuyShopSaleItem
0x1199ad,1153453,24,B,29,D_constpool,,,identifier,ServerSwapSlotAndBuyItem
0x1199ca,1153482,24,B,29,D_constpool,,,identifier,UpdateCurrentTargetEnemy
0x1199e7,1153511,21,B,26,D_constpool,,,identifier,OnBountyGivenToPlayer
0x119a01,1153537,8,B,13,D_constpool,,,identifier,OnNewDay
0x119a0e,1153550,10,B,15,D_constpool,,,identifier,OnNewNight
0x119a1d,1153565,11,B,16,D_constpool,,,identifier,TowerKilled
0x119a2d,1153581,21,B,26,D_constpool,,,identifier,TowerGoldRewardVisual
0x119a47,1153607,21,B,26,D_constpool,,,identifier,AuthPlayPilotVOForAll
0x119a61,1153633,16,B,21,D_constpool,,,identifier,MultiPlayPilotVO
0x119a76,1153654,32,B,37,D_constpool,,,identifier,NetMulticastSpawnerNextSpawnTime
0x119a9b,1153691,18,B,23,D_constpool,,,identifier,ClearItemContainer
0x119ab2,1153714,18,B,23,D_constpool,,,identifier,AddItemToContainer
0x119ac9,1153737,24,B,29,D_constpool,,,identifier,EventFinishedAddingItems
0x119ae6,1153766,21,B,26,D_constpool,,,identifier,CreateInputItemWidget
0x119b00,1153792,13,B,18,D_constpool,,,identifier,UpdateVisuals
0x119b12,1153810,14,B,19,D_constpool,,,identifier,ServerSellItem
0x119b25,1153829,23,B,28,D_constpool,,,identifier,ClientBiomeSoulAcquired
0x119b41,1153857,28,B,33,D_constpool,,,identifier,BP_OnClientBiomeSoulAcquired
0x119b62,1153890,20,B,25,D_constpool,,,identifier,GetTriggeredDuration
0x119b7b,1153915,17,B,22,D_constpool,,,identifier,GetFadingDuration
0x119b91,1153937,15,B,20,D_constpool,,,identifier,GetDeadDuration
0x119ba5,1153957,21,B,26,D_constpool,,,identifier,GetRespawningDuration
0x119bbf,1153983,19,B,24,D_constpool,,,identifier,ClientTickTriggered
0x119bd7,1154007,16,B,21,D_constpool,,,identifier,ClientTickFading
0x119bec,1154028,14,B,19,D_constpool,,,identifier,ClientTickDead
0x119bff,1154047,20,B,25,D_constpool,,,identifier,ClientTickRespawning
0x119c18,1154072,16,B,21,D_constpool,,,identifier,BP_NewLocalState
0x119c2d,1154093,18,B,23,D_constpool,,,identifier,GetColorableMeshes
0x119c44,1154116,12,B,17,D_constpool,,,identifier,CustomEvent0
0x119c55,1154133,12,B,17,D_constpool,,,identifier,CustomEvent1
0x119c66,1154150,12,B,17,D_constpool,,,identifier,CustomEvent2
0x119c77,1154167,12,B,17,D_constpool,,,identifier,CustomEvent3
0x119c88,1154184,14,B,19,D_constpool,,,identifier,OnLaserSpawned
0x119c9b,1154203,27,B,32,D_constpool,,,identifier,OnLaserSettingsIndexChanged
0x119cbb,1154235,18,B,23,D_constpool,,,identifier,SetVisibilityOnAll
0x119cd2,1154258,16,B,21,D_constpool,,,identifier,OnUpdateProgress
0x119ce7,1154279,10,B,15,D_constpool,,,identifier,InitClient
0x119cf6,1154294,15,B,20,D_constpool,,,identifier,InitLocalClient
0x119d0a,1154314,14,B,19,D_constpool,,,identifier,InitOnLocalASC
0x119d1d,1154333,29,B,34,D_constpool,,,identifier,GetBonusPrimaryAttackDistance
0x119d3f,1154367,15,B,20,D_constpool,,,identifier,UsesAimingLaser
0x119d53,1154387,15,B,20,D_constpool,,,identifier,InitClientLaser
0x119d67,1154407,10,B,15,D_constpool,,,identifier,SpawnLaser
0x119d76,1154422,27,B,32,D_constpool,,,identifier,SwitchLaserSettingsInternal
0x119d96,1154454,25,B,30,D_constpool,,,identifier,OnLivingStateChangedLaser
0x119db4,1154484,24,B,29,D_constpool,,,identifier,ClientLaserSetVisibility
0x119dd1,1154513,29,B,34,D_constpool,,,identifier,ClientLaserSetScriptOverrides
0x119df3,1154547,27,B,32,D_constpool,,,identifier,ClientLaserSetProgressCurve
0x119e13,1154579,34,B,39,D_constpool,,,identifier,ClientLaserRestartProgressSequence
0x119e3a,1154618,24,B,29,D_constpool,,,identifier,ClientLaserResetProgress
0x119e57,1154647,29,B,34,D_constpool,,,identifier,ClientLaserTriggerCustomEvent
0x119e79,1154681,25,B,30,D_constpool,,,identifier,ClientLaserSetMaxDistance
0x119e97,1154711,22,B,27,D_constpool,,,identifier,ClientLaserSetHueShift
0x119eb2,1154738,27,B,32,D_constpool,,,identifier,ClientLaserSetLaserMaterial
0x119ed2,1154770,30,B,35,D_constpool,,,identifier,ClientLaserSetEndpointMaterial
0x119ef5,1154805,35,B,40,D_constpool,,,identifier,ClientLaserSetHitFlareNiagaraSystem
0x119f1d,1154845,24,B,29,D_constpool,,,identifier,ClientLaserSetBrightness
0x119f3a,1154874,37,B,42,D_constpool,,,identifier,ClientLaserOverrideLimitLaserToCursor
0x119f64,1154916,42,B,47,D_constpool,,,identifier,ClientLaserClearOverrideLimitLaserToCursor
0x119f93,1154963,25,B,30,D_constpool,,,identifier,ClientLaserSwitchSettings
0x119fb1,1154993,26,B,31,D_constpool,,,identifier,ClientLaserShowRangeMarker
0x119fd0,1155024,33,B,38,D_constpool,,,identifier,ClientLaserSetRangeMarkerDistance
0x119ff6,1155062,33,B,38,D_constpool,,,identifier,ClientLaserSetRangeMarkerMaterial
0x11a01c,1155100,22,B,27,D_constpool,,,identifier,DestroyHeightIndicator
0x11a037,1155127,27,B,32,D_constpool,,,identifier,OnTookDamageHeightIndicator
0x11a057,1155159,34,B,39,D_constpool,,,identifier,ClientSetHeightIndicatorVisibility
0x11a07e,1155198,29,B,34,D_constpool,,,identifier,OnShowHeightIndicatorsChanged
0x11a0a0,1155232,18,B,23,D_constpool,,,identifier,SetMaxRangeFromRMB
0x11a0b7,1155255,26,B,31,D_constpool,,,identifier,BP_EffectRemainingDuration
0x11a0d6,1155286,19,B,24,D_constpool,,,identifier,AuthCheatNightToDay
0x11a0ee,1155310,19,B,24,D_constpool,,,identifier,AuthCheatDayToNight
0x11a106,1155334,22,B,27,D_constpool,,,identifier,BP_IsCharacterInShadow
0x11a121,1155361,18,B,23,D_constpool,,,identifier,BP_CheatNightToDay
0x11a138,1155384,18,B,23,D_constpool,,,identifier,BP_CheatDayToNight
0x11a14f,1155407,10,B,15,D_constpool,,,identifier,InitPlayer
0x11a15e,1155422,20,B,25,D_constpool,,,identifier,OnCharacterRespawned
0x11a177,1155447,13,B,18,D_constpool,,,identifier,GetSpawnDelay
0x11a189,1155465,18,B,23,D_constpool,,,identifier,AuthRequestRespawn
0x11a1a0,1155488,20,B,25,D_constpool,,,identifier,GeneratePlayerStarts
0x11a1b9,1155513,19,B,24,D_constpool,,,identifier,GetValidPlayerStart
0x11a1d1,1155537,15,B,20,D_constpool,,,identifier,UpdateTimerText
0x11a1e5,1155557,25,B,30,D_constpool,,,identifier,ServerDetachPodFromLeader
0x11a203,1155587,23,B,28,D_constpool,,,identifier,ServerUpdatePodMovement
0x11a21f,1155615,19,B,24,D_constpool,,,identifier,BP_StartPodGameplay
0x11a237,1155639,28,B,33,D_constpool,,,identifier,BP_OnPrematurePodDestruction
0x11a258,1155672,19,B,24,D_constpool,,,identifier,OnDropPodReplicated
0x11a270,1155696,22,B,27,D_constpool,,,identifier,OnLandingRadiusChanged
0x11a28b,1155723,18,B,23,D_constpool,,,identifier,ShouldTransferItem
0x11a2a2,1155746,25,B,30,D_constpool,,,identifier,PostTransferToTeamElimBox
0x11a2c0,1155776,26,B,31,D_constpool,,,identifier,AuthCheatToggleHealthRegen
0x11a2df,1155807,24,B,29,D_constpool,,,identifier,AuthCheatToggleManaRegen
0x11a2fc,1155836,18,B,23,D_constpool,,,identifier,AuthCheatGrantGold
0x11a313,1155859,18,B,23,D_constpool,,,identifier,AuthCheatGrantGems
0x11a32a,1155882,25,B,30,D_constpool,,,identifier,AuthCheatUnlockFullArmory
0x11a348,1155912,19,B,24,D_constpool,,,identifier,AuthCheatExecuteUAV
0x11a360,1155936,27,B,32,D_constpool,,,identifier,AuthCheatBarracudaNextPhase
0x11a380,1155968,35,B,40,D_constpool,,,identifier,AuthCheatBarracudaToggleSpawnerType
0x11a3a8,1156008,37,B,42,D_constpool,,,identifier,AuthCheatBarracudaToggleDayNightCycle
0x11a3d2,1156050,38,B,43,D_constpool,,,identifier,AuthCheatBarracudaAdvanceDayNightCycle
0x11a3fd,1156093,17,B,22,D_constpool,,,identifier,ServerSpawnWispAS
0x11a413,1156115,26,B,31,D_constpool,,,identifier,BP_OnClientGliderActivated
0x11a432,1156146,27,B,32,D_constpool,,,identifier,BP_OnClientGliderDectivated
0x11a452,1156178,21,B,26,D_constpool,,,identifier,BP_OnSpectatorMapMove
0x11a46c,1156204,27,B,32,D_constpool,,,identifier,ClientNotifyLocalRadarEmpty
0x11a48c,1156236,32,B,37,D_constpool,,,identifier,ClientNotifyLocalRadarInstigator
0x11a4b1,1156273,19,B,24,D_constpool,,,identifier,OnRep_ActiveUAVCopy
0x11a4c9,1156297,16,B,21,D_constpool,,,identifier,ClientUpdateIcon
0x11a4de,1156318,20,B,25,D_constpool,,,identifier,VaultDataItemUpdated
0x11a4f7,1156343,14,B,19,D_constpool,,,identifier,GetItemsForUAV
0x11a50a,1156362,7,B,12,D_constpool,,,identifier,GetDoor
0x11a522,1156386,29,B,34,D_constpool,,,identifier,CurrentHealthRegenDamagePhase
0x11a550,1156432,22,B,27,D_constpool,,,identifier,AbilitySystemComponent
0x11a577,1156471,29,B,34,D_constpool,,,identifier,HealthRegenDamagePhaseEffects
0x11a5a5,1156517,34,B,39,D_constpool,,,identifier,HealthRegenDamagePhaseEffectHandle
0x11a5d8,1156568,23,B,28,D_constpool,,,identifier,HealthRegenTickInterval
0x11a600,1156608,13,B,18,D_constpool,,,identifier,RunningEffect
0x11a61e,1156638,16,B,21,D_constpool,,,identifier,NextFuelTickTime
0x11a63f,1156671,8,B,13,D_constpool,,,identifier,BoostTag
0x11a658,1156696,29,B,34,D_constpool,,,identifier,NumSecondsOfFuelWhileBoosting
0x11a686,1156742,16,B,21,D_constpool,,,identifier,NumSecondsOfFuel
0x11a6a7,1156775,16,B,21,D_constpool,,,identifier,FuelTickInterval
0x11a6c8,1156808,25,B,30,D_constpool,,,identifier,LastGenericCollisionTimes
0x11a6f2,1156850,24,B,29,D_constpool,,,identifier,MinGenericCollisionSpeed
0x11a71b,1156891,23,B,28,D_constpool,,,identifier,MaxHeadOnCollisionAngle
0x11a743,1156931,30,B,35,D_constpool,,,identifier,AirshipCollisionRearMultiplier
0x11a772,1156978,31,B,36,D_constpool,,,identifier,AirshipCollisionFrontMultiplier
0x11a7a2,1157026,25,B,30,D_constpool,,,identifier,MaxGenericCollisionDamage
0x11a7cc,1157068,25,B,30,D_constpool,,,identifier,MinGenericCollisionDamage
0x11a7f6,1157110,24,B,29,D_constpool,,,identifier,MaxGenericCollisionSpeed
0x11a81f,1157151,24,B,29,D_constpool,,,identifier,MinEjectionRelativeSpeed
0x11a848,1157192,22,B,27,D_constpool,,,identifier,GenericCollisionEffect
0x11a86f,1157231,17,B,22,D_constpool,,,identifier,LastRoadkillTimes
0x11a891,1157265,20,B,25,D_constpool,,,identifier,RoadkillImpactEffect
0x11a8b6,1157302,17,B,22,D_constpool,,,identifier,MaxRoadkillDamage
0x11a8d8,1157336,17,B,22,D_constpool,,,identifier,MinRoadkillDamage
0x11a8fa,1157370,22,B,27,D_constpool,,,identifier,MaxRoadkillDamageSpeed
0x11a921,1157409,22,B,27,D_constpool,,,identifier,MinRoadkillDamageSpeed
0x11a948,1157448,31,B,36,D_constpool,,,identifier,RoadkillDamageMinionCoefficient
0x11a978,1157496,37,B,42,D_constpool,,,identifier,RoadkillDamageDestructibleCoefficient
0x11a9ae,1157550,22,B,27,D_constpool,,,identifier,MaxRoadkillBoopForceXY
0x11a9d5,1157589,22,B,27,D_constpool,,,identifier,MinRoadkillBoopForceXY
0x11a9fc,1157628,20,B,25,D_constpool,,,identifier,MaxRoadkillBoopSpeed
0x11aa21,1157665,20,B,25,D_constpool,,,identifier,MinRoadkillBoopSpeed
0x11aa46,1157702,21,B,26,D_constpool,,,identifier,MaxRoadkillBoopForceZ
0x11aa6c,1157740,21,B,26,D_constpool,,,identifier,MinRoadkillBoopForceZ
0x11aa92,1157778,21,B,26,D_constpool,,,identifier,HealthRegenThresholds
0x11aab8,1157816,23,B,28,D_constpool,,,identifier,NextHealthRegenTickTime
0x11aae0,1157856,25,B,30,D_constpool,,,identifier,OnPlayerInitializedHandle
0x11ab0a,1157898,6,B,11,D_constpool,,,identifier,Handle
0x11ab21,1157921,13,B,18,D_constpool,,,identifier,bLoadComplete
0x11ab3f,1157951,20,B,25,D_constpool,,,identifier,DisabledItemAssetIDs
0x11ab64,1157988,13,B,18,D_constpool,,,identifier,LoadedClasses
0x11ab82,1158018,13,B,18,D_constpool,,,identifier,DisabledItems
0x11aba0,1158048,12,B,17,D_constpool,,,identifier,PerkSlotName
0x11abbd,1158077,13,B,18,D_constpool,,,identifier,PurchasedKits
0x11abdb,1158107,13,B,18,D_constpool,,,identifier,DefaultArmory
0x11abf9,1158137,13,B,18,D_constpool,,,identifier,RelicSlotName
0x11ac17,1158167,13,B,18,D_constpool,,,identifier,BootsSlotName
0x11ac35,1158197,14,B,19,D_constpool,,,identifier,bPlayAnimation
0x11ac54,1158228,8,B,13,D_constpool,,,identifier,SaleItem
0x11ac6d,1158253,13,B,18,D_constpool,,,identifier,ShopSaleTable
0x11ac8b,1158283,18,B,23,D_constpool,,,identifier,StuckDetectionTime
0x11acae,1158318,19,B,24,D_constpool,,,identifier,UnstuckTeleportTime
0x11acd2,1158354,18,B,23,D_constpool,,,identifier,CurrentTargetEnemy
0x11acf5,1158389,26,B,31,D_constpool,,,identifier,HighPriorityEnemyCharacter
0x11ad20,1158432,28,B,33,D_constpool,,,identifier,ReleaseHighPriorityEnemyTime
0x11ad4d,1158477,9,B,14,D_constpool,,,identifier,LaneIndex
0x11ad67,1158503,18,B,23,D_constpool,,,identifier,OnLaneIndexUpdated
0x11ad8a,1158538,23,B,28,D_constpool,,,identifier,HighPriorityEnemyMemory
0x11adb2,1158578,23,B,28,D_constpool,,,identifier,InternalNextRespawnTime
0x11adda,1158618,24,B,29,D_constpool,,,identifier,OnNextRespawnTimeChanged
0x11ae03,1158659,10,B,15,D_constpool,,,identifier,Structures
0x11ae1e,1158686,16,B,21,D_constpool,,,identifier,bRespawnLocation
0x11ae3f,1158719,11,B,16,D_constpool,,,identifier,bAttackable
0x11ae5b,1158747,20,B,25,D_constpool,,,identifier,NextDayNightSwapTime
0x11ae80,1158784,6,B,11,D_constpool,,,identifier,bIsDay
0x11ae97,1158807,14,B,19,D_constpool,,,identifier,MatchStartTime
0x11aeb6,1158838,20,B,25,D_constpool,,,identifier,LastKnockedTimeTable
0x11aedb,1158875,19,B,24,D_constpool,,,identifier,KnockXPCooldownTime
0x11aeff,1158911,11,B,16,D_constpool,,,identifier,PlayerState
0x11af1b,1158939,15,B,20,D_constpool,,,identifier,GoldLossOnDeath
0x11af3b,1158971,26,B,31,D_constpool,,,identifier,GoldBountyPerCurrentStreak
0x11af66,1159014,27,B,32,D_constpool,,,identifier,MercyHeroKillXPCoefficients
0x11af92,1159058,31,B,36,D_constpool,,,identifier,UnderdogHeroKillXPBonusPerLevel
0x11afc2,1159106,20,B,25,D_constpool,,,identifier,MinionSplitXPBonuses
0x11afe7,1159143,26,B,31,D_constpool,,,identifier,bDayNightTransitionEnabled
0x11b012,1159186,16,B,21,D_constpool,,,identifier,DayNightDuration
0x11b033,1159219,16,B,21,D_constpool,,,identifier,bAnyTowersKilled
0x11b054,1159252,25,B,30,D_constpool,,,identifier,MomentumBossKilledPilotVO
0x11b07e,1159294,16,B,21,D_constpool,,,identifier,NumDragonsKilled
0x11b09f,1159327,13,B,18,D_constpool,,,identifier,DragonRewards
0x11b0bd,1159357,19,B,24,D_constpool,,,identifier,DragonKilledPilotVO
0x11b0e1,1159393,18,B,23,D_constpool,,,identifier,MomentumBuffEffect
0x11b104,1159428,16,B,21,D_constpool,,,identifier,NumDragonsKilled
0x11b125,1159461,19,B,24,D_constpool,,,identifier,RespawnTimePerLevel
0x11b149,1159497,23,B,28,D_constpool,,,identifier,MatchTimeRespawnCeiling
0x11b171,1159537,22,B,27,D_constpool,,,identifier,MatchRespawnTimeFactor
0x11b198,1159576,15,B,20,D_constpool,,,identifier,RallyAggroRange
0x11b1b8,1159608,14,B,19,D_constpool,,,identifier,TeamKillScores
0x11b1d7,1159639,18,B,23,D_constpool,,,identifier,OnTeamKillsUpdated
0x11b1fa,1159674,20,B,25,D_constpool,,,identifier,OnDragonKillsUpdated
0x11b21f,1159711,4,B,9,D_constpool,,,identifier,Shop
0x11b234,1159732,9,B,14,D_constpool,,,identifier,ShopClass
0x11b24e,1159758,17,B,22,D_constpool,,,identifier,CurrentPhaseIndex
0x11b270,1159792,15,B,20,D_constpool,,,identifier,BarracudaPhases
0x11b290,1159824,21,B,26,D_constpool,,,identifier,CurrentPhaseStartTime
0x11b2b6,1159862,15,B,20,D_constpool,,,identifier,MinionWaypoints
0x11b2d6,1159894,20,B,25,D_constpool,,,identifier,DisabledSpawnerTypes
0x11b2fb,1159931,18,B,23,D_constpool,,,identifier,SpawnerToSpawnTime
0x11b31e,1159966,10,B,15,D_constpool,,,identifier,bGrantLoot
0x11b339,1159993,16,B,21,D_constpool,,,identifier,LastHitGoldBonus
0x11b35a,1160026,16,B,21,D_constpool,,,identifier,GoldRewardMethod
0x11b37b,1160059,16,B,21,D_constpool,,,identifier,InitialLaneIndex
0x11b39c,1160092,13,B,18,D_constpool,,,identifier,LaneComponent
0x11b3ba,1160122,16,B,21,D_constpool,,,identifier,TriggerComponent
0x11b3db,1160155,19,B,24,D_constpool,,,identifier,WaypointTowardTeam1
0x11b3ff,1160191,19,B,24,D_constpool,,,identifier,WaypointTowardTeam0
0x11b423,1160227,16,B,21,D_constpool,,,identifier,LastWaypointTime
0x11b444,1160260,15,B,20,D_constpool,,,identifier,CurrentWaypoint
0x11b464,1160292,14,B,19,D_constpool,,,identifier,LastCombatTime
0x11b483,1160323,14,B,19,D_constpool,,,identifier,CachedLocation
0x11b4a2,1160354,32,B,37,D_constpool,,,identifier,TimeFirstArrivedAtCachedLocation
0x11b4d3,1160403,10,B,15,D_constpool,,,identifier,bDrawDebug
0x11b4ee,1160430,35,B,40,D_constpool,,,identifier,DebugDrawPathDurationErrorThreshold
0x11b522,1160482,37,B,42,D_constpool,,,identifier,DebugDrawPathDurationWarningThreshold
0x11b558,1160536,12,B,17,D_constpool,,,identifier,LastWaypoint
0x11b575,1160565,19,B,24,D_constpool,,,identifier,WaypointLocationKey
0x11b599,1160601,8,B,13,D_constpool,,,identifier,Interval
0x11b5b2,1160626,15,B,20,D_constpool,,,identifier,RandomDeviation
0x11b5d2,1160658,4,B,9,D_constpool,,,identifier,Item
0x11b5e7,1160679,6,B,11,D_constpool,,,identifier,Inputs
0x11b5fe,1160702,7,B,12,D_constpool,,,identifier,Outputs
0x11b616,1160726,10,B,15,D_constpool,,,identifier,RecipeCost
0x11b631,1160753,9,B,14,D_constpool,,,identifier,TotalCost
0x11b64b,1160779,13,B,18,D_constpool,,,identifier,bHasTotalCost
0x11b669,1160809,14,B,19,D_constpool,,,identifier,bDebugLogGraph
0x11b688,1160840,20,B,25,D_constpool,,,identifier,SellValueCoefficient
0x11b6ad,1160877,14,B,19,D_constpool,,,identifier,ItemGraphNodes
0x11b6cc,1160908,8,B,13,D_constpool,,,identifier,AllItems
0x11b6e5,1160933,14,B,19,D_constpool,,,identifier,ItemLootTables
0x11b704,1160964,22,B,27,D_constpool,,,identifier,ClientNameFilterString
0x11b72b,1161003,16,B,21,D_constpool,,,identifier,ClientTagFilters
0x11b74c,1161036,18,B,23,D_constpool,,,identifier,ClientCurrentFocus
0x11b76f,1161071,12,B,17,D_constpool,,,identifier,GameplayTags
0x11b78c,1161100,9,B,14,D_constpool,,,identifier,ItemClass
0x11b7a6,1161126,14,B,19,D_constpool,,,identifier,ShopItemWidget
0x11b7c5,1161157,8,B,13,D_constpool,,,identifier,ItemName
0x11b7de,1161182,14,B,19,D_constpool,,,identifier,ChildContainer
0x11b7fd,1161213,27,B,32,D_constpool,,,identifier,DesignTimePreviewDepthCount
0x11b829,1161257,26,B,31,D_constpool,,,identifier,DesignTimePrviewInputCount
0x11b854,1161300,23,B,28,D_constpool,,,identifier,bDesignTimePreviewOwned
0x11b87c,1161340,14,B,19,D_constpool,,,identifier,OwnedIndicator
0x11b89b,1161371,4,B,9,D_constpool,,,identifier,Tree
0x11b8b0,1161392,29,B,34,D_constpool,,,identifier,ItemsToPotentiallyMarkAsOwned
0x11b8de,1161438,8,B,13,D_constpool,,,identifier,RootNode
0x11b8f7,1161463,15,B,20,D_constpool,,,identifier,RepresentedItem
0x11b917,1161495,9,B,14,D_constpool,,,identifier,ValueType
0x11b931,1161521,5,B,10,D_constpool,,,identifier,Label
0x11b947,1161543,3,B,8,D_constpool,,,identifier,Tag
0x11b95b,1161563,18,B,23,D_constpool,,,identifier,RecommendedHeroTag
0x11b97e,1161598,10,B,15,D_constpool,,,identifier,TagFilters
0x11b999,1161625,13,B,18,D_constpool,,,identifier,TeamComponent
0x11b9b7,1161655,11,B,16,D_constpool,,,identifier,InitialTeam
0x11b9d3,1161683,26,B,31,D_constpool,,,identifier,OnNewDayNightStateDelegate
0x11b9fe,1161726,18,B,23,D_constpool,,,identifier,VisibilityReceiver
0x11ba21,1161761,10,B,15,D_constpool,,,identifier,bShowTimer
0x11ba3c,1161788,16,B,21,D_constpool,,,identifier,MapIconComponent
0x11ba5d,1161821,11,B,16,D_constpool,,,identifier,RespawnType
0x11ba79,1161849,13,B,18,D_constpool,,,identifier,NextSpawnTime
0x11ba97,1161879,20,B,25,D_constpool,,,identifier,bTimerRequiresVision
0x11babc,1161916,20,B,25,D_constpool,,,identifier,bSpawnLoopHasStarted
0x11bae1,1161953,25,B,30,D_constpool,,,identifier,MinimumBarracudaPhaseType
0x11bb0b,1161995,18,B,23,D_constpool,,,identifier,SpawnLoopStartTime
0x11bb2e,1162030,17,B,22,D_constpool,,,identifier,InitialSpawnDelay
0x11bb50,1162064,11,B,16,D_constpool,,,identifier,SpawnPeriod
0x11bb6c,1162092,13,B,18,D_constpool,,,identifier,LastSpawnTime
0x11bb8a,1162122,13,B,18,D_constpool,,,identifier,bStaggerSpawn
0x11bba8,1162152,4,B,9,D_constpool,,,identifier,Wave
0x11bbbd,1162173,13,B,18,D_constpool,,,identifier,LaneComponent
0x11bbdb,1162203,15,B,20,D_constpool,,,identifier,StartingEffects
0x11bbfb,1162235,15,B,20,D_constpool,,,identifier,MinionInstances
0x11bc1b,1162267,16,B,21,D_constpool,,,identifier,bHasLivingMinion
0x11bc3c,1162300,26,B,31,D_constpool,,,identifier,bSpawnAtAveragePlayerLevel
0x11bc67,1162343,25,B,30,D_constpool,,,identifier,LevelThresholdsByGametime
0x11bc91,1162385,10,B,15,D_constpool,,,identifier,WaveBuffer
0x11bcac,1162412,22,B,27,D_constpool,,,identifier,CurrentWaveBufferIndex
0x11bcd3,1162451,18,B,23,D_constpool,,,identifier,BarracksDownEffect
0x11bcf6,1162486,13,B,18,D_constpool,,,identifier,BarracksClass
0x11bd14,1162516,15,B,20,D_constpool,,,identifier,SpawnAudioEvent
0x11bd34,1162548,12,B,17,D_constpool,,,identifier,SpawnPilotVO
0x11bd51,1162577,16,B,21,D_constpool,,,identifier,CapsuleCollision
0x11bd72,1162610,20,B,25,D_constpool,,,identifier,OnBiomeTouchUnlocked
0x11bd97,1162647,19,B,24,D_constpool,,,identifier,ShadowDecalRotation
0x11bdbb,1162683,15,B,20,D_constpool,,,identifier,ShadowDecalSize
0x11bddb,1162715,19,B,24,D_constpool,,,identifier,ShadowDecalMaterial
0x11bdff,1162751,20,B,25,D_constpool,,,identifier,ShadowDecalComponent
0x11be24,1162788,14,B,19,D_constpool,,,identifier,ShadowDecalMID
0x11be43,1162819,17,B,22,D_constpool,,,identifier,RingDecalRotation
0x11be65,1162853,13,B,18,D_constpool,,,identifier,RingDecalSize
0x11be83,1162883,17,B,22,D_constpool,,,identifier,RingDecalMaterial
0x11bea5,1162917,18,B,23,D_constpool,,,identifier,RingDecalComponent
0x11bec8,1162952,12,B,17,D_constpool,,,identifier,RingDecalMID
0x11bee5,1162981,10,B,15,D_constpool,,,identifier,LocalState
0x11bf00,1163008,15,B,20,D_constpool,,,identifier,LastTriggerTime
0x11bf20,1163040,22,B,27,D_constpool,,,identifier,LastHeightMapDirtyTime
0x11bf47,1163079,21,B,26,D_constpool,,,identifier,NextUpdateTimerHandle
0x11bf6d,1163117,10,B,15,D_constpool,,,identifier,StaticMesh
0x11bf88,1163144,19,B,24,D_constpool,,,identifier,StaticMeshComponent
0x11bfac,1163180,30,B,35,D_constpool,,,identifier,bGenerateBackupMantleCollision
0x11bfdb,1163227,21,B,26,D_constpool,,,identifier,BackupMantleCollision
0x11c001,1163265,28,B,33,D_constpool,,,identifier,StateToCumulativeDurationMap
0x11c02e,1163310,24,B,29,D_constpool,,,identifier,DefaultTriggeredDuration
0x11c057,1163351,21,B,26,D_constpool,,,identifier,DefaultFadingDuration
0x11c07d,1163389,19,B,24,D_constpool,,,identifier,DefaultDeadDuration
0x11c0a1,1163425,25,B,30,D_constpool,,,identifier,DefaultRespawningDuration
0x11c0cb,1163467,16,B,21,D_constpool,,,identifier,StateAudioEvents
0x11c0ec,1163500,10,B,15,D_constpool,,,identifier,bShowDebug
0x11c107,1163527,11,B,16,D_constpool,,,identifier,TrackSpline
0x11c123,1163555,5,B,10,D_constpool,,,identifier,Speed
0x11c139,1163577,13,B,18,D_constpool,,,identifier,InitialOffset
0x11c157,1163607,23,B,28,D_constpool,,,identifier,OwnerAimingVisComponent
0x11c17f,1163647,22,B,27,D_constpool,,,identifier,ExecutionTagsContainer
0x11c1a6,1163686,9,B,14,D_constpool,,,identifier,OwnerHero
0x11c1c0,1163712,21,B,26,D_constpool,,,identifier,bInvisibleFromExecute
0x11c1e6,1163750,25,B,30,D_constpool,,,identifier,bInvisibleFromOwnerHidden
0x11c210,1163792,21,B,26,D_constpool,,,identifier,CurrentCursorPathTime
0x11c236,1163830,23,B,28,D_constpool,,,identifier,CurrentTraceHitPathTime
0x11c25e,1163870,21,B,26,D_constpool,,,identifier,bLimitLaserToTraceHit
0x11c284,1163908,26,B,31,D_constpool,,,identifier,IntersectedHeightIndicator
0x11c2af,1163951,18,B,23,D_constpool,,,identifier,CurrentEndPathTime
0x11c2d2,1163986,19,B,24,D_constpool,,,identifier,LaserProjectilePath
0x11c2f6,1164022,13,B,18,D_constpool,,,identifier,LaserEndpoint
0x11c314,1164052,31,B,36,D_constpool,,,identifier,bOverrideDesaturationAndOpacity
0x11c344,1164100,18,B,23,D_constpool,,,identifier,bShowTraceHitFlare
0x11c367,1164135,13,B,18,D_constpool,,,identifier,LaserHitFlare
0x11c385,1164165,26,B,31,D_constpool,,,identifier,bOverrideRangeAndAlphaStep
0x11c3b0,1164208,15,B,20,D_constpool,,,identifier,bProgressActive
0x11c3d0,1164240,14,B,19,D_constpool,,,identifier,bIgnoresHeroes
0x11c3ef,1164271,11,B,16,D_constpool,,,identifier,MaxDistance
0x11c40b,1164299,16,B,21,D_constpool,,,identifier,CapsuleComponent
0x11c42c,1164332,33,B,38,D_constpool,,,identifier,OverlapHeightIndicatorRadiusBonus
0x11c45e,1164382,15,B,20,D_constpool,,,identifier,HeightIndicator
0x11c47e,1164414,12,B,17,D_constpool,,,identifier,TargetLocPtr
0x11c49b,1164443,27,B,32,D_constpool,,,identifier,bLimitLaserToCursorOverride
0x11c4c7,1164487,32,B,37,D_constpool,,,identifier,bLimitLaserToCursorOverrideValue
0x11c4f8,1164536,30,B,35,D_constpool,,,identifier,bLimitLaserToCursorUserSetting
0x11c527,1164583,25,B,30,D_constpool,,,identifier,CurrentLaserSettingsIndex
0x11c551,1164625,32,B,37,D_constpool,,,identifier,ProjectileSourceOffsetDistanceXY
0x11c582,1164674,21,B,26,D_constpool,,,identifier,bUsesProgressSequence
0x11c5a8,1164712,13,B,18,D_constpool,,,identifier,ProgressCurve
0x11c5c6,1164742,26,B,31,D_constpool,,,identifier,bProgressCurveIsNormalized
0x11c5f1,1164785,28,B,33,D_constpool,,,identifier,CurrentProgressCurveDuration
0x11c61e,1164830,19,B,24,D_constpool,,,identifier,CurrentProgressTime
0x11c642,1164866,28,B,33,D_constpool,,,identifier,BehindGeoDottedLinesPerMeter
0x11c66f,1164911,21,B,26,D_constpool,,,identifier,PrimaryAttackDistance
0x11c695,1164949,12,B,17,D_constpool,,,identifier,ExecutingTag
0x11c6b2,1164978,16,B,21,D_constpool,,,identifier,BeingExecutedTag
0x11c6d3,1165011,16,B,21,D_constpool,,,identifier,bShowRangeMarker
0x11c6f4,1165044,11,B,16,D_constpool,,,identifier,RangeMarker
0x11c710,1165072,14,B,19,D_constpool,,,identifier,MarkerDistance
0x11c72f,1165103,42,B,47,D_constpool,,,identifier,bOverrideRangeMarkerDesaturationAndOpacity
0x11c76a,1165162,23,B,28,D_constpool,,,identifier,bShowRangeMarkerOnSpawn
0x11c792,1165202,23,B,28,D_constpool,,,identifier,bSetSpreadAngleViaBloom
0x11c7ba,1165242,22,B,27,D_constpool,,,identifier,bInterpolateBloomValue
0x11c7e1,1165281,14,B,19,D_constpool,,,identifier,LastBloomAngle
0x11c800,1165312,25,B,30,D_constpool,,,identifier,InterpolationRampHalfLife
0x11c82a,1165354,19,B,24,D_constpool,,,identifier,NonBloomSpreadAngle
0x11c84e,1165390,21,B,26,D_constpool,,,identifier,HideSpreadLasersAngle
0x11c874,1165428,16,B,21,D_constpool,,,identifier,LaserSpreadRoot1
0x11c895,1165461,16,B,21,D_constpool,,,identifier,LaserSpreadRoot2
0x11c8b6,1165494,12,B,17,D_constpool,,,identifier,LaserSpread1
0x11c8d3,1165523,12,B,17,D_constpool,,,identifier,LaserSpread2
0x11c8f0,1165552,26,B,31,D_constpool,,,identifier,DimSpreadLasersAngleWindow
0x11c91b,1165595,26,B,31,D_constpool,,,identifier,LaserOpacityMultWhenSpread
0x11c946,1165638,28,B,33,D_constpool,,,identifier,ReplicatedLaserSettingsIndex
0x11c973,1165683,23,B,28,D_constpool,,,identifier,SpawnLaserSettingsIndex
0x11c99b,1165723,21,B,26,D_constpool,,,identifier,bHasInitializedClient
0x11c9c1,1165761,14,B,19,D_constpool,,,identifier,OwnerCharacter
0x11c9e0,1165792,26,B,31,D_constpool,,,identifier,bHasInitializedLocalClient
0x11ca0b,1165835,13,B,18,D_constpool,,,identifier,LaserSettings
0x11ca29,1165865,19,B,24,D_constpool,,,identifier,ClientLaserInstance
0x11ca4d,1165901,20,B,25,D_constpool,,,identifier,bHeroUsesAimingLaser
0x11ca72,1165938,8,B,13,D_constpool,,,identifier,RangeMin
0x11ca8b,1165963,8,B,13,D_constpool,,,identifier,RangeMax
0x11caa4,1165988,16,B,21,D_constpool,,,identifier,VisTimeRemaining
0x11cac5,1166021,20,B,25,D_constpool,,,identifier,PostAttackVisFadeout
0x11caea,1166058,21,B,26,D_constpool,,,identifier,PostAttackVisDuration
0x11cb10,1166096,14,B,19,D_constpool,,,identifier,ProgressMarker
0x11cb2f,1166127,19,B,24,D_constpool,,,identifier,bShowProgressMarker
0x11cb53,1166163,16,B,21,D_constpool,,,identifier,SettingsIndexLMB
0x11cb74,1166196,17,B,22,D_constpool,,,identifier,SettingsIndexBase
0x11cb96,1166230,22,B,27,D_constpool,,,identifier,CurrentProgressEndTime
0x11cbbd,1166269,16,B,21,D_constpool,,,identifier,SettingsIndexRMB
0x11cbde,1166302,16,B,21,D_constpool,,,identifier,SettingsIndexUlt
0x11cbff,1166335,26,B,31,D_constpool,,,identifier,ArrowPerfectGreenChargeMin
0x11cc2a,1166378,26,B,31,D_constpool,,,identifier,ArrowPerfectGreenChargeMax
0x11cc55,1166421,24,B,29,D_constpool,,,identifier,ArrowRangeMaxBluePerfect
0x11cc7e,1166462,17,B,22,D_constpool,,,identifier,ArrowRangeMaxBlue
0x11cca0,1166496,18,B,23,D_constpool,,,identifier,ArrowRangeMaxGreen
0x11ccc3,1166531,18,B,23,D_constpool,,,identifier,ArrowRangeMinGreen
0x11cce6,1166566,20,B,25,D_constpool,,,identifier,ArrowStartChargeFrac
0x11cd0b,1166603,27,B,32,D_constpool,,,identifier,ProgressMarkerOriginalScale
0x11cd37,1166647,18,B,23,D_constpool,,,identifier,bRangeMarkerDimmed
0x11cd5a,1166682,25,B,30,D_constpool,,,identifier,RangeMarkerDimmedMaterial
0x11cd84,1166724,22,B,27,D_constpool,,,identifier,RangeMarkerLitMaterial
0x11cdab,1166763,24,B,29,D_constpool,,,identifier,RangeMarkerOriginalScale
0x11cdd4,1166804,20,B,25,D_constpool,,,identifier,bLaserEndpointDimmed
0x11cdf9,1166841,27,B,32,D_constpool,,,identifier,LaserEndpointDimmedMaterial
0x11ce25,1166885,24,B,29,D_constpool,,,identifier,LaserEndpointLitMaterial
0x11ce4e,1166926,14,B,19,D_constpool,,,identifier,ImpaleRangeMax
0x11ce6d,1166957,14,B,19,D_constpool,,,identifier,ImpaleRangeMin
0x11ce8c,1166988,16,B,21,D_constpool,,,identifier,UltArrowRangeMax
0x11cead,1167021,22,B,27,D_constpool,,,identifier,LMBRangeMarkerDistance
0x11ced4,1167060,11,B,16,D_constpool,,,identifier,MyCharacter
0x11cef0,1167088,13,B,18,D_constpool,,,identifier,EffectHandles
0x11cf0e,1167118,17,B,22,D_constpool,,,identifier,OnTimelineChanged
0x11cf30,1167152,22,B,27,D_constpool,,,identifier,OnDayNightStateChanged
0x11cf57,1167191,10,B,15,D_constpool,,,identifier,OnDayBegin
0x11cf72,1167218,8,B,13,D_constpool,,,identifier,OnDayEnd
0x11cf8b,1167243,18,B,23,D_constpool,,,identifier,RespawnTimerWidget
0x11cfae,1167278,13,B,18,D_constpool,,,identifier,AvailableBots
0x11cfcc,1167308,16,B,21,D_constpool,,,identifier,SpawnedTeamCount
0x11cfed,1167341,23,B,28,D_constpool,,,identifier,InitializedPlayerStates
0x11d015,1167381,12,B,17,D_constpool,,,identifier,LevelToGrant
0x11d032,1167410,24,B,29,D_constpool,,,identifier,DisconnectedPlayerStates
0x11d05b,1167451,9,B,14,D_constpool,,,identifier,ArmorItem
0x11d075,1167477,11,B,16,D_constpool,,,identifier,BandageItem
0x11d091,1167505,26,B,31,D_constpool,,,identifier,ConnectedPlayerControllers
0x11d0bc,1167548,11,B,16,D_constpool,,,identifier,RespawnTime
0x11d0d8,1167576,16,B,21,D_constpool,,,identifier,LocalRespawnTime
0x11d0f9,1167609,20,B,25,D_constpool,,,identifier,OnRespawnTimeUpdated
0x11d11e,1167646,22,B,27,D_constpool,,,identifier,HasCreatedPlayerStarts
0x11d145,1167685,21,B,26,D_constpool,,,identifier,OnPlayerStartsCreated
0x11d16b,1167723,13,B,18,D_constpool,,,identifier,IsCombatPhase
0x11d189,1167753,17,B,22,D_constpool,,,identifier,InitialSpawnDelay
0x11d1ab,1167787,38,B,43,D_constpool,,,identifier,bOnlyScheduleRespawnsDuringCombatPhase
0x11d1e2,1167842,21,B,26,D_constpool,,,identifier,bStartTimerOnlyOnKill
0x11d208,1167880,10,B,15,D_constpool,,,identifier,SpawnDelay
0x11d223,1167907,6,B,11,D_constpool,,,identifier,Starts
0x11d23a,1167930,10,B,15,D_constpool,,,identifier,StartIndex
0x11d255,1167957,20,B,25,D_constpool,,,identifier,NonSpawningBotStates
0x11d27a,1167994,13,B,18,D_constpool,,,identifier,OnSpawnEffect
0x11d298,1168024,22,B,27,D_constpool,,,identifier,HumansBeforeBotDespawn
0x11d2bf,1168063,10,B,15,D_constpool,,,identifier,SpawnIndex
0x11d2da,1168090,11,B,16,D_constpool,,,identifier,SpawnRadius
0x11d2f6,1168118,12,B,17,D_constpool,,,identifier,BarrierActor
0x11d313,1168147,3,B,8,D_constpool,,,identifier,PSC
0x11d327,1168167,10,B,15,D_constpool,,,identifier,RandomSeed
0x11d342,1168194,12,B,17,D_constpool,,,identifier,DayToExotics
0x11d35f,1168223,14,B,19,D_constpool,,,identifier,DayToLootTable
0x11d37e,1168254,22,B,27,D_constpool,,,identifier,bCanSelectDropLocation
0x11d3a5,1168293,31,B,36,D_constpool,,,identifier,PodSteeringEventListenerHanddle
0x11d3d5,1168341,12,B,17,D_constpool,,,identifier,DropPodActor
0x11d3f2,1168370,16,B,21,D_constpool,,,identifier,bIsTeamLeaderPod
0x11d413,1168403,19,B,24,D_constpool,,,identifier,bIsLocalPlayerPilot
0x11d437,1168439,22,B,27,D_constpool,,,identifier,IntroSequenceTotalTime
0x11d45e,1168478,18,B,23,D_constpool,,,identifier,PodDetachTotalTime
0x11d481,1168513,26,B,31,D_constpool,,,identifier,PodDetachFromLeaderMaxTime
0x11d4ac,1168556,12,B,17,D_constpool,,,identifier,bIgnoreInput
0x11d4c9,1168585,20,B,25,D_constpool,,,identifier,DetachInputStartTime
0x11d4ee,1168622,26,B,31,D_constpool,,,identifier,PodDetachFromLeaderMinTime
0x11d519,1168665,7,B,12,D_constpool,,,identifier,DropPod
0x11d531,1168689,20,B,25,D_constpool,,,identifier,bPodDetachingEnabled
0x11d556,1168726,20,B,25,D_constpool,,,identifier,bAlwaysUpdateNetwork
0x11d57b,1168763,27,B,32,D_constpool,,,identifier,NetworkUpdateFrequencyTimer
0x11d5a7,1168807,19,B,24,D_constpool,,,identifier,bPodSteeringEnabled
0x11d5cb,1168843,26,B,31,D_constpool,,,identifier,bDropPhaseControlsDisabled
0x11d5f6,1168886,22,B,27,D_constpool,,,identifier,bPodIsAttachedToLeader
0x11d61d,1168925,17,B,22,D_constpool,,,identifier,CurrMoveDirection
0x11d63f,1168959,20,B,25,D_constpool,,,identifier,MovementForwardValue
0x11d664,1168996,18,B,23,D_constpool,,,identifier,MovementRightValue
0x11d687,1169031,22,B,27,D_constpool,,,identifier,INVALID_MOVEMENT_VALUE
0x11d6ae,1169070,22,B,27,D_constpool,,,identifier,CrewPodDetachStartTime
0x11d6d5,1169109,22,B,27,D_constpool,,,identifier,CurrTotalTimeForDetach
0x11d6fc,1169148,21,B,26,D_constpool,,,identifier,CurrentInputDirection
0x11d722,1169186,24,B,29,D_constpool,,,identifier,BufferedDestinationDelta
0x11d74b,1169227,14,B,19,D_constpool,,,identifier,MaxHeightRange
0x11d76a,1169258,34,B,39,D_constpool,,,identifier,MinimumTargetLocationMovementSpeed
0x11d79d,1169309,34,B,39,D_constpool,,,identifier,MaximumTargetLocationMovementSpeed
0x11d7d0,1169360,23,B,28,D_constpool,,,identifier,NetworkUpdateFrequencey
0x11d7f8,1169400,12,B,17,D_constpool,,,identifier,PodTeamIndex
0x11d815,1169429,19,B,24,D_constpool,,,identifier,bHasStartedGameplay
0x11d839,1169465,31,B,36,D_constpool,,,identifier,DetachingFromLeaderPodStartTime
0x11d869,1169513,15,B,20,D_constpool,,,identifier,CrewDetachEvent
0x11d889,1169545,30,B,35,D_constpool,,,identifier,bIsHidingDropPhaseHiddenActors
0x11d8b8,1169592,25,B,30,D_constpool,,,identifier,bRetryCharacterCameraGlue
0x11d8e2,1169634,23,B,28,D_constpool,,,identifier,bRetryCrewPodCameraGlue
0x11d90a,1169674,25,B,30,D_constpool,,,identifier,bRetryLeaderPodCameraGlue
0x11d934,1169716,18,B,23,D_constpool,,,identifier,CurrPodDestination
0x11d957,1169751,9,B,14,D_constpool,,,identifier,LeaderPod
0x11d971,1169777,16,B,21,D_constpool,,,identifier,PodMeshComponent
0x11d992,1169810,15,B,20,D_constpool,,,identifier,ImpactIndicator
0x11d9b2,1169842,16,B,21,D_constpool,,,identifier,AttachedCrewPods
0x11d9d3,1169875,13,B,18,D_constpool,,,identifier,PodStateEvent
0x11d9f1,1169905,13,B,18,D_constpool,,,identifier,PlayersInside
0x11da0f,1169935,15,B,20,D_constpool,,,identifier,PlayersAttached
0x11da2f,1169967,19,B,24,D_constpool,,,identifier,InitialDropPodSpeed
0x11da53,1170003,16,B,21,D_constpool,,,identifier,bPodIsDestroying
0x11da74,1170036,28,B,33,D_constpool,,,identifier,TotalPodDestructionDelayTime
0x11daa1,1170081,34,B,39,D_constpool,,,identifier,DisplayDropPhaseHiddenActorsHeight
0x11dad4,1170132,17,B,22,D_constpool,,,identifier,LeaderDetachEvent
0x11daf6,1170166,17,B,22,D_constpool,,,identifier,DetachingCrewPods
0x11db18,1170200,19,B,24,D_constpool,,,identifier,AllDetachedCrewPods
0x11db3c,1170236,13,B,18,D_constpool,,,identifier,PodDetachData
0x11db5a,1170266,17,B,22,D_constpool,,,identifier,OnCrewPodDetached
0x11db7c,1170300,29,B,34,D_constpool,,,identifier,OnLeaderPodHasCrewPodDetached
0x11dbaa,1170346,19,B,24,D_constpool,,,identifier,bPilotHasPodControl
0x11dbce,1170382,22,B,27,D_constpool,,,identifier,PodDetachTotalDistance
0x11dbf5,1170421,24,B,29,D_constpool,,,identifier,PlayersToSpawnCrewPodFor
0x11dc1e,1170462,16,B,21,D_constpool,,,identifier,CrewDropPodClass
0x11dc3f,1170495,23,B,28,D_constpool,,,identifier,TotalTimeForPodControls
0x11dc67,1170535,14,B,19,D_constpool,,,identifier,bReadyForOutro
0x11dc86,1170566,17,B,22,D_constpool,,,identifier,OnPodOutroStarted
0x11dca8,1170600,22,B,27,D_constpool,,,identifier,OutroSequenceTotalTime
0x11dccf,1170639,16,B,21,D_constpool,,,identifier,bSteeringEnabled
0x11dcf0,1170672,17,B,22,D_constpool,,,identifier,SteeringStartTime
0x11dd12,1170706,20,B,25,D_constpool,,,identifier,ImpactIndicatorClass
0x11dd37,1170743,25,B,30,D_constpool,,,identifier,GroundLaserIndicatorClass
0x11dd61,1170785,20,B,25,D_constpool,,,identifier,GroundLaserIndicator
0x11dd86,1170822,10,B,15,D_constpool,,,identifier,bIsCrewPod
0x11dda1,1170849,15,B,20,D_constpool,,,identifier,CrewPodBoneName
0x11ddc1,1170881,17,B,22,D_constpool,,,identifier,LeaderPodBoneName
0x11dde3,1170915,25,B,30,D_constpool,,,identifier,OnPodMoveDirectionChanged
0x11de0d,1170957,18,B,23,D_constpool,,,identifier,LastInputDirection
0x11de30,1170992,16,B,21,D_constpool,,,identifier,MaxSteerDistance
0x11de51,1171025,25,B,30,D_constpool,,,identifier,MaxNonLeaderSteerDistance
0x11de7b,1171067,13,B,18,D_constpool,,,identifier,OutroDistance
0x11de99,1171097,20,B,25,D_constpool,,,identifier,IndicatorInterpSpeed
0x11debe,1171134,13,B,18,D_constpool,,,identifier,OwningDropPod
0x11dedc,1171164,17,B,22,D_constpool,,,identifier,OwningPlayerState
0x11defe,1171198,23,B,28,D_constpool,,,identifier,bIsIndicatorInitialized
0x11df26,1171238,13,B,18,D_constpool,,,identifier,LandingRadius
0x11df44,1171268,13,B,18,D_constpool,,,identifier,OwningDropPod
0x11df62,1171298,16,B,21,D_constpool,,,identifier,TeamDropPodClass
0x11df83,1171331,24,B,29,D_constpool,,,identifier,bHoveredComponentIsValid
0x11dfac,1171372,24,B,29,D_constpool,,,identifier,UsableDetectionComponent
0x11dfd5,1171413,12,B,17,D_constpool,,,identifier,CachedLokiPC
0x11dff2,1171442,13,B,18,D_constpool,,,identifier,HoveredUsable
0x11e010,1171472,19,B,24,D_constpool,,,identifier,CachedLokiCharacter
0x11e034,1171508,30,B,35,D_constpool,,,identifier,bIsSupportingCooldownBuffering
0x11e063,1171555,12,B,17,D_constpool,,,identifier,ActiveUsable
0x11e080,1171584,10,B,15,D_constpool,,,identifier,UsableList
0x11e09b,1171611,31,B,36,D_constpool,,,identifier,bInputHoldInteractionCanProcess
0x11e0cb,1171659,24,B,29,D_constpool,,,identifier,bInteractionInputPressed
0x11e0f4,1171700,21,B,26,D_constpool,,,identifier,OnInteractionReleased
0x11e11a,1171738,23,B,28,D_constpool,,,identifier,CachedLokiAbilitySystem
0x11e142,1171778,13,B,18,D_constpool,,,identifier,FocusedUsable
0x11e160,1171808,14,B,19,D_constpool,,,identifier,SelectedUsable
0x11e17f,1171839,26,B,31,D_constpool,,,identifier,OnInteractionUsableChanged
0x11e1aa,1171882,19,B,24,D_constpool,,,identifier,UsableNotFoundAudio
0x11e1ce,1171918,20,B,25,D_constpool,,,identifier,OnInteractionPressed
0x11e1f3,1171955,28,B,33,D_constpool,,,identifier,InteractionCooldownStartTime
0x11e220,1172000,26,B,31,D_constpool,,,identifier,MinInteractionCooldownTime
0x11e24b,1172043,30,B,35,D_constpool,,,identifier,bCanProcessBufferedInteraction
0x11e27a,1172090,33,B,38,D_constpool,,,identifier,ProcessInteractionBufferStartTime
0x11e2ac,1172140,33,B,38,D_constpool,,,identifier,MaxProcessBufferedInteractionTime
0x11e2de,1172190,16,B,21,D_constpool,,,identifier,ProjMovementComp
0x11e2ff,1172223,9,B,14,D_constpool,,,identifier,bIsMoving
0x11e319,1172249,12,B,17,D_constpool,,,identifier,HeightToStop
0x11e336,1172278,12,B,17,D_constpool,,,identifier,bIsVaultItem
0x11e353,1172307,12,B,17,D_constpool,,,identifier,NoPickupTime
0x11e370,1172336,15,B,20,D_constpool,,,identifier,SphereCollision
0x11e390,1172368,8,B,13,D_constpool,,,identifier,GemCount
0x11e3a9,1172393,18,B,23,D_constpool,,,identifier,BonusGemMultiplier
0x11e3cc,1172428,12,B,17,D_constpool,,,identifier,GemVacuumTag
0x11e3e9,1172457,18,B,23,D_constpool,,,identifier,RootSceneComponent
0x11e40c,1172492,14,B,19,D_constpool,,,identifier,bEnablePooling
0x11e42b,1172523,13,B,18,D_constpool,,,identifier,PoolPrimeSize
0x11e449,1172553,9,B,14,D_constpool,,,identifier,BaseClass
0x11e463,1172579,16,B,21,D_constpool,,,identifier,RecommendedItems
0x11e484,1172612,14,B,19,D_constpool,,,identifier,PreferredItems
0x11e4a3,1172643,23,B,28,D_constpool,,,identifier,bAllowUpgradesFromDupes
0x11e4cb,1172683,16,B,21,D_constpool,,,identifier,TeamElimBoxClass
0x11e4ec,1172716,22,B,27,D_constpool,,,identifier,bDropOnTeamElimination
0x11e513,1172755,14,B,19,D_constpool,,,identifier,InventorySlots
0x11e532,1172786,16,B,21,D_constpool,,,identifier,T0SlotsToDestroy
0x11e553,1172819,13,B,18,D_constpool,,,identifier,GoldDropClass
0x11e571,1172849,17,B,22,D_constpool,,,identifier,TeamIndexToBoxMap
0x11e593,1172883,12,B,17,D_constpool,,,identifier,PlayersQueue
0x11e5b0,1172912,17,B,22,D_constpool,,,identifier,UpdateTimerHandle
0x11e5d2,1172946,23,B,28,D_constpool,,,identifier,MinimumInsuredGoldValue
0x11e5fa,1172986,15,B,20,D_constpool,,,identifier,OwningCharacter
0x11e61a,1173018,18,B,23,D_constpool,,,identifier,OwningAIController
0x11e63d,1173053,14,B,19,D_constpool,,,identifier,PathNodeActors
0x11e65c,1173084,16,B,21,D_constpool,,,identifier,LastPathingActor
0x11e67d,1173117,17,B,22,D_constpool,,,identifier,CurrNodeActorList
0x11e69f,1173151,13,B,18,D_constpool,,,identifier,RotateToActor
0x11e6bd,1173181,17,B,22,D_constpool,,,identifier,RotationPrecision
0x11e6df,1173215,15,B,20,D_constpool,,,identifier,MostWantedCount
0x11e6ff,1173247,21,B,26,D_constpool,,,identifier,ActiveMostWantedCount
0x11e725,1173285,8,B,13,D_constpool,,,identifier,bPanning
0x11e73e,1173310,10,B,15,D_constpool,,,identifier,bResetting
0x11e759,1173337,11,B,16,D_constpool,,,identifier,TimePressed
0x11e775,1173365,31,B,36,D_constpool,,,identifier,CursorScreenLocationWhenPressed
0x11e7a5,1173413,15,B,20,D_constpool,,,identifier,OffsetThisPress
0x11e7c5,1173445,19,B,24,D_constpool,,,identifier,MinimumDragDuration
0x11e7e9,1173481,16,B,21,D_constpool,,,identifier,CumulativeOffset
0x11e80a,1173514,16,B,21,D_constpool,,,identifier,LastPawnLocation
0x11e82b,1173547,18,B,23,D_constpool,,,identifier,CameraPickupRadius
0x11e84e,1173582,34,B,39,D_constpool,,,identifier,CheatDisableHealthRegenEffectClass
0x11e881,1173633,35,B,40,D_constpool,,,identifier,CheatDisableHealthRegenEffectHandle
0x11e8b5,1173685,32,B,37,D_constpool,,,identifier,CheatDisableManaRegenEffectClass
0x11e8e6,1173734,33,B,38,D_constpool,,,identifier,CheatDisableManaRegenEffectHandle
0x11e918,1173784,12,B,17,D_constpool,,,identifier,UAVComponent
0x11e935,1173813,19,B,24,D_constpool,,,identifier,WispControllerClass
0x11e959,1173849,13,B,18,D_constpool,,,identifier,WispHeroClass
0x11e977,1173879,17,B,22,D_constpool,,,identifier,AutoJumpStartTime
0x11e999,1173913,14,B,19,D_constpool,,,identifier,AutoJumpPeriod
0x11e9b8,1173944,15,B,20,D_constpool,,,identifier,AutoJumpPressed
0x11e9d8,1173976,16,B,21,D_constpool,,,identifier,AutoJumpLastTime
0x11e9f9,1174009,14,B,19,D_constpool,,,identifier,OnSneakPressed
0x11ea18,1174040,15,B,20,D_constpool,,,identifier,OnSneakReleased
0x11ea38,1174072,24,B,29,D_constpool,,,identifier,OnPracticeRespawnPressed
0x11ea61,1174113,10,B,15,D_constpool,,,identifier,ActiveUAVs
0x11ea7c,1174140,20,B,25,D_constpool,,,identifier,AllVaultItemSpawners
0x11eaa1,1174177,9,B,14,D_constpool,,,identifier,NextUAVID
0x11eabb,1174203,21,B,26,D_constpool,,,identifier,GlobalAudioActorClass
0x11eae1,1174241,13,B,18,D_constpool,,,identifier,ActiveUAVCopy
0x11eaff,1174271,14,B,19,D_constpool,,,identifier,UAVUpgradedTag
0x11eb1e,1174302,19,B,24,D_constpool,,,identifier,VaultVisionDistance
0x11eb42,1174338,29,B,34,D_constpool,,,identifier,MarkedTeamGameplayEffectClass
0x11eb70,1174384,7,B,12,D_constpool,,,identifier,DataTag
0x11eb88,1174408,22,B,27,D_constpool,,,identifier,PlayerGroupingDistance
0x11ebaf,1174447,35,B,40,D_constpool,,,identifier,MarkedIndividualGameplayEffectClass
0x11ebe3,1174499,14,B,19,D_constpool,,,identifier,UAVImmunityTag
0x11ec02,1174530,24,B,29,D_constpool,,,identifier,UAVBlockedGameplayCueTag
0x11ec2b,1174571,16,B,21,D_constpool,,,identifier,UAVMapActorClass
0x11ec4c,1174604,25,B,30,D_constpool,,,identifier,UAVVaultContentActorClass
0x11ec76,1174646,15,B,20,D_constpool,,,identifier,LastRadarPlayer
0x11ec96,1174678,11,B,16,D_constpool,,,identifier,LastRadarID
0x11ecb2,1174706,17,B,22,D_constpool,,,identifier,LocalRadarPlayers
0x11ecd4,1174740,19,B,24,D_constpool,,,identifier,LastEventNotifyTime
0x11ecf8,1174776,31,B,36,D_constpool,,,identifier,UAVActivatedEventNotifyCooldown
0x11ed28,1174824,13,B,18,D_constpool,,,identifier,VaultDataItem
0x11ed46,1174854,8,B,13,D_constpool,,,identifier,MyItemID
0x11ed5f,1174879,12,B,17,D_constpool,,,identifier,TargetWidget
0x11ed7c,1174908,29,B,34,D_constpool,,,identifier,bHideBasedOnActivatableParent
0x11edaa,1174954,11,B,16,D_constpool,,,identifier,LeftBlocker
0x11edc6,1174982,10,B,15,D_constpool,,,identifier,TopBlocker
0x11ede1,1175009,12,B,17,D_constpool,,,identifier,RightBlocker
0x11edfe,1175038,13,B,18,D_constpool,,,identifier,BottomBlocker
0x11ee1c,1175068,15,B,20,D_constpool,,,identifier,AllyPlayerState
0x11ee3c,1175100,6,B,11,D_constpool,,,identifier,Meters
0x11ee53,1175123,10,B,15,D_constpool,,,identifier,Kilometers
0x11ee6e,1175150,1,B,6,D_constpool,,,identifier,Y
0x11ee80,1175168,1,B,6,D_constpool,,,identifier,X
0x11ee92,1175186,12,B,17,D_constpool,,,identifier,ImpactNormal
0x11eeaf,1175215,1,B,6,D_constpool,,,identifier,Z
0x11eec1,1175233,10,B,15,D_constpool,,,identifier,CanProceed
0x11eedc,1175260,19,B,24,D_constpool,,,identifier,ArmoryUniqueEffects
0x11ef00,1175296,15,B,20,D_constpool,,,identifier,StarRequirement
0x11ef20,1175328,12,B,17,D_constpool,,,identifier,bIsItemSpell
0x11ef3d,1175357,10,B,15,D_constpool,,,identifier,CanProceed
0x11ef58,1175384,11,B,16,D_constpool,,,identifier,EffectClass
0x11ef74,1175412,18,B,23,D_constpool,,,identifier,InventoryEquipment
0x11ef97,1175447,14,B,19,D_constpool,,,identifier,EquipmentAsset
0x11efb6,1175478,9,B,14,D_constpool,,,identifier,Equipment
0x11efd0,1175504,2,B,7,D_constpool,,,identifier,XP
0x11efe3,1175523,10,B,15,D_constpool,,,identifier,CanProceed
0x11effe,1175550,24,B,29,D_constpool,,,identifier,bIncludeInConciseTooltip
0x11f027,1175591,10,B,15,D_constpool,,,identifier,CanProceed
0x11f042,1175618,15,B,20,D_constpool,,,identifier,ItemsCollection
0x11f062,1175650,14,B,19,D_constpool,,,identifier,PrimaryAssetId
0x11f081,1175681,9,B,14,D_constpool,,,identifier,ItemClass
0x11f09b,1175707,7,B,12,D_constpool,,,identifier,AssetId
0x11f0b3,1175731,8,B,13,D_constpool,,,identifier,ItemType
0x11f0cc,1175756,19,B,24,D_constpool,,,identifier,ShopkeeperGoldPrice
0x11f0f0,1175792,5,B,10,D_constpool,,,identifier,Price
0x11f106,1175814,9,B,14,D_constpool,,,identifier,StarLevel
0x11f120,1175840,9,B,14,D_constpool,,,identifier,StarCount
0x11f13a,1175866,10,B,15,D_constpool,,,identifier,bPrototype
0x11f155,1175893,10,B,15,D_constpool,,,identifier,CanProceed
0x11f170,1175920,9,B,14,D_constpool,,,identifier,StarCount
0x11f18a,1175946,4,B,9,D_constpool,,,identifier,Item
0x11f19f,1175967,8,B,13,D_constpool,,,identifier,GoldCost
0x11f1b8,1175992,11,B,16,D_constpool,,,identifier,PlayerState
0x11f1d4,1176020,7,B,12,D_constpool,,,identifier,Game_Id
0x11f1ec,1176044,16,B,21,D_constpool,,,identifier,PlatformPlayerID
0x11f20d,1176077,9,B,14,D_constpool,,,identifier,Player_Id
0x11f227,1176103,7,B,12,D_constpool,,,identifier,Item_Id
0x11f23f,1176127,14,B,19,D_constpool,,,identifier,Remaining_Gold
0x11f25e,1176158,4,B,9,D_constpool,,,identifier,Cost
0x11f273,1176179,9,B,14,D_constpool,,,identifier,Game_Time
0x11f28d,1176205,6,B,11,D_constpool,,,identifier,Source
0x11f2a4,1176228,9,B,14,D_constpool,,,identifier,StarLevel
0x11f2be,1176254,5,B,10,D_constpool,,,identifier,Power
0x11f2d4,1176276,9,B,14,D_constpool,,,identifier,Prototype
0x11f2ee,1176302,9,B,14,D_constpool,,,identifier,Prototype
0x11f308,1176328,20,B,25,D_constpool,,,identifier,bFullyUnlockedArmory
0x11f32d,1176365,9,B,14,D_constpool,,,identifier,ItemClass
0x11f347,1176391,13,B,18,D_constpool,,,identifier,PriceOverride
0x11f365,1176421,17,B,22,D_constpool,,,identifier,CurrDayNightState
0x11f387,1176455,17,B,22,D_constpool,,,identifier,PrevDayNightState
0x11f3a9,1176489,15,B,20,D_constpool,,,identifier,DaysEncountered
0x11f3c9,1176521,17,B,22,D_constpool,,,identifier,NightsEncountered
0x11f3eb,1176555,6,B,11,D_constpool,,,identifier,_Inner
0x11f402,1176578,10,B,15,D_constpool,,,identifier,AggroRange
0x11f41d,1176605,5,B,10,D_constpool,,,identifier,Actor
0x11f433,1176627,10,B,15,D_constpool,,,identifier,CanProceed
0x11f44e,1176654,11,B,16,D_constpool,,,identifier,PlayerState
0x11f46a,1176682,6,B,11,D_constpool,,,identifier,_Inner
0x11f481,1176705,14,B,19,D_constpool,,,identifier,OnPlayerKilled
0x11f4a0,1176736,11,B,16,D_constpool,,,identifier,EventResult
0x11f4bc,1176764,17,B,22,D_constpool,,,identifier,VictimPlayerState
0x11f4de,1176798,6,B,11,D_constpool,,,identifier,Killer
0x11f4f5,1176821,17,B,22,D_constpool,,,identifier,AssistPlayerStats
0x11f517,1176855,10,B,15,D_constpool,,,identifier,CanProceed
0x11f532,1176882,11,B,16,D_constpool,,,identifier,PlayerState
0x11f54e,1176910,10,B,15,D_constpool,,,identifier,CanProceed
0x11f569,1176937,15,B,20,D_constpool,,,identifier,DamageStatistic
0x11f589,1176969,15,B,20,D_constpool,,,identifier,SourceCharacter
0x11f5a9,1177001,10,B,15,D_constpool,,,identifier,CanProceed
0x11f5c4,1177028,8,B,13,D_constpool,,,identifier,Duration
0x11f5dd,1177053,4,B,9,D_constpool,,,identifier,Type
0x11f5f2,1177074,17,B,22,D_constpool,,,identifier,PreviousPhaseType
0x11f614,1177108,16,B,21,D_constpool,,,identifier,CurrentPhaseType
0x11f635,1177141,10,B,15,D_constpool,,,identifier,CanProceed
0x11f650,1177168,6,B,11,D_constpool,,,identifier,_Inner
0x11f667,1177191,6,B,11,D_constpool,,,identifier,_Inner
0x11f67e,1177214,22,B,27,D_constpool,,,identifier,TeamStateTeamOnlyClass
0x11f6a5,1177253,13,B,18,D_constpool,,,identifier,GenericDamage
0x11f6c3,1177283,21,B,26,D_constpool,,,identifier,AdditionalTowerDamage
0x11f6e9,1177321,21,B,26,D_constpool,,,identifier,ProjectileMaxDistance
0x11f70f,1177359,22,B,27,D_constpool,,,identifier,ProjectileInitialSpeed
0x11f736,1177398,28,B,33,D_constpool,,,identifier,ProjectileHomingAcceleration
0x11f763,1177443,4,B,9,D_constpool,,,identifier,Gold
0x11f778,1177464,2,B,7,D_constpool,,,identifier,XP
0x11f78b,1177483,23,B,28,D_constpool,,,identifier,OnComponentBeginOverlap
0x11f7b3,1177523,10,B,15,D_constpool,,,identifier,CanProceed
0x11f7ce,1177550,12,B,17,D_constpool,,,identifier,CurrentFloor
0x11f7eb,1177579,15,B,20,D_constpool,,,identifier,SelectedKeyName
0x11f80b,1177611,14,B,19,D_constpool,,,identifier,ItemsToConsume
0x11f82a,1177642,4,B,9,D_constpool,,,identifier,Gold
0x11f83f,1177663,10,B,15,D_constpool,,,identifier,CanProceed
0x11f85a,1177690,10,B,15,D_constpool,,,identifier,CanProceed
0x11f875,1177717,10,B,15,D_constpool,,,identifier,CanProceed
0x11f890,1177744,15,B,20,D_constpool,,,identifier,GuaranteedItems
0x11f8b0,1177776,16,B,21,D_constpool,,,identifier,ItemClassToSpawn
0x11f8d1,1177809,10,B,15,D_constpool,,,identifier,ShopRecipe
0x11f8ec,1177836,14,B,19,D_constpool,,,identifier,ComponentItems
0x11f90b,1177867,10,B,15,D_constpool,,,identifier,CanProceed
0x11f926,1177894,10,B,15,D_constpool,,,identifier,CanProceed
0x11f941,1177921,10,B,15,D_constpool,,,identifier,CanProceed
0x11f95c,1177948,10,B,15,D_constpool,,,identifier,CanProceed
0x11f977,1177975,5,B,10,D_constpool,,,identifier,Query
0x11f98d,1177997,3,B,8,D_constpool,,,identifier,Tag
0x11f9a1,1178017,4,B,9,D_constpool,,,identifier,Item
0x11f9b6,1178038,10,B,15,D_constpool,,,identifier,CanProceed
0x11f9d1,1178065,23,B,28,D_constpool,,,identifier,LokiReplicationStrategy
0x11f9f9,1178105,14,B,19,D_constpool,,,identifier,bDistanceBased
0x11fa18,1178136,25,B,30,D_constpool,,,identifier,CustomReplicationStrategy
0x11fa42,1178178,12,B,17,D_constpool,,,identifier,ShopMetaData
0x11fa5f,1178207,8,B,13,D_constpool,,,identifier,MetaTags
0x11fa78,1178232,10,B,15,D_constpool,,,identifier,CanProceed
0x11fa93,1178259,10,B,15,D_constpool,,,identifier,CanProceed
0x11faae,1178286,9,B,14,D_constpool,,,identifier,ItemClass
0x11fac8,1178312,4,B,9,D_constpool,,,identifier,Item
0x11fadd,1178333,8,B,13,D_constpool,,,identifier,Gametime
0x11faf6,1178358,5,B,10,D_constpool,,,identifier,Level
0x11fb0c,1178380,11,B,16,D_constpool,,,identifier,MinionClass
0x11fb28,1178408,5,B,10,D_constpool,,,identifier,Count
0x11fb3e,1178430,16,B,21,D_constpool,,,identifier,MinimumMatchTime
0x11fb5f,1178463,7,B,12,D_constpool,,,identifier,Entries
0x11fb77,1178487,19,B,24,D_constpool,,,identifier,OnRoundPhaseChanged
0x11fb9b,1178523,21,B,26,D_constpool,,,identifier,OnVisibilityEvaluated
0x11fbc1,1178561,13,B,18,D_constpool,,,identifier,DayNightState
0x11fbdf,1178591,10,B,15,D_constpool,,,identifier,CanProceed
0x11fbfa,1178618,18,B,23,D_constpool,,,identifier,GameStartWorldTime
0x11fc1d,1178653,10,B,15,D_constpool,,,identifier,CanProceed
0x11fc38,1178680,10,B,15,D_constpool,,,identifier,CanProceed
0x11fc53,1178707,10,B,15,D_constpool,,,identifier,CanProceed
0x11fc6e,1178734,10,B,15,D_constpool,,,identifier,CanProceed
0x11fc89,1178761,31,B,36,D_constpool,,,identifier,bVisibilityNotificationsEnabled
0x11fcb9,1178809,25,B,30,D_constpool,,,identifier,bUsedOutsideOfReplication
0x11fce3,1178851,6,B,11,D_constpool,,,identifier,_Inner
0x11fcfa,1178874,3,B,8,D_constpool,,,identifier,Max
0x11fd0e,1178894,3,B,8,D_constpool,,,identifier,Min
0x11fd22,1178914,14,B,19,D_constpool,,,identifier,OnComponentHit
0x11fd41,1178945,4,B,9,D_constpool,,,identifier,Tags
0x11fd56,1178966,16,B,21,D_constpool,,,identifier,PrimaryActorTick
0x11fd77,1178999,18,B,23,D_constpool,,,identifier,NetUpdateFrequency
0x11fd9a,1179034,21,B,26,D_constpool,,,identifier,MinNetUpdateFrequency
0x11fdc0,1179072,1,B,6,D_constpool,,,identifier,B
0x11fdd2,1179090,1,B,6,D_constpool,,,identifier,G
0x11fde4,1179108,1,B,6,D_constpool,,,identifier,R
0x11fdf6,1179126,10,B,15,D_constpool,,,identifier,TierNumber
0x11fe11,1179153,11,B,16,D_constpool,,,identifier,HitLocation
0x11fe2d,1179181,7,B,12,D_constpool,,,identifier,HitTime
0x11fe45,1179205,18,B,23,D_constpool,,,identifier,HitHeightIndicator
0x11fe68,1179240,7,B,12,D_constpool,,,identifier,bDidHit
0x11fe80,1179264,10,B,15,D_constpool,,,identifier,LaserClass
0x11fe9b,1179291,13,B,18,D_constpool,,,identifier,LaserMaterial
0x11feb9,1179321,16,B,21,D_constpool,,,identifier,EndpointMaterial
0x11feda,1179354,21,B,26,D_constpool,,,identifier,HitFlareNiagaraSystem
0x11ff00,1179392,11,B,16,D_constpool,,,identifier,MaxDistance
0x11ff1c,1179420,18,B,23,D_constpool,,,identifier,bShowTraceHitFlare
0x11ff3f,1179455,21,B,26,D_constpool,,,identifier,bLimitLaserToTraceHit
0x11ff65,1179493,27,B,32,D_constpool,,,identifier,bOverrideLimitLaserToCursor
0x11ff91,1179537,19,B,24,D_constpool,,,identifier,bLimitLaserToCursor
0x11ffb5,1179573,19,B,24,D_constpool,,,identifier,bOverrideBrightness
0x11ffd9,1179609,10,B,15,D_constpool,,,identifier,Brightness
0x11fff4,1179636,33,B,38,D_constpool,,,identifier,bUnconditionallyVisibleWhenActive
0x120026,1179686,14,B,19,D_constpool,,,identifier,bIgnoresHeroes
0x120045,1179717,39,B,44,D_constpool,,,identifier,bBenefitsFromBonusPrimaryAttackDistance
0x12007d,1179773,17,B,22,D_constpool,,,identifier,HeroPredropHidden
0x12009f,1179807,9,B,14,D_constpool,,,identifier,bIsMidAir
0x1200b9,1179833,11,B,16,D_constpool,,,identifier,ImpactPoint
0x1200d5,1179861,8,B,13,D_constpool,,,identifier,Distance
0x1200ee,1179886,10,B,15,D_constpool,,,identifier,CanProceed
0x120109,1179913,10,B,15,D_constpool,,,identifier,CanProceed
0x120124,1179940,16,B,21,D_constpool,,,identifier,ProjectileHeight
0x120145,1179973,31,B,36,D_constpool,,,identifier,bOverrideDesaturationAndOpacity
0x120175,1180021,26,B,31,D_constpool,,,identifier,bOverrideRangeAndAlphaStep
0x1201a0,1180064,11,B,16,D_constpool,,,identifier,OnDestroyed
0x1201bc,1180092,20,B,25,D_constpool,,,identifier,OnLivingStateChanged
0x1201e1,1180129,8,B,13,D_constpool,,,identifier,MaxBloom
0x1201fa,1180154,10,B,15,D_constpool,,,identifier,CanProceed
0x120215,1180181,6,B,11,D_constpool,,,identifier,_Inner
0x12022c,1180204,6,B,11,D_constpool,,,identifier,_Inner
0x120243,1180227,6,B,11,D_constpool,,,identifier,_Inner
0x12025a,1180250,6,B,11,D_constpool,,,identifier,_Inner
0x120271,1180273,14,B,19,D_constpool,,,identifier,PlayerStartTag
0x120290,1180304,10,B,15,D_constpool,,,identifier,CanProceed
0x1202ab,1180331,17,B,22,D_constpool,,,identifier,GameplayBlueprint
0x1202cd,1180365,10,B,15,D_constpool,,,identifier,CanProceed
0x1202e8,1180392,12,B,17,D_constpool,,,identifier,SlotCategory
0x120305,1180421,9,B,14,D_constpool,,,identifier,ItemActor
0x12031f,1180447,10,B,15,D_constpool,,,identifier,CanProceed
0x12033a,1180474,14,B,19,D_constpool,,,identifier,OnDisconnected
0x120359,1180505,13,B,18,D_constpool,,,identifier,bDisconnected
0x120377,1180535,14,B,19,D_constpool,,,identifier,OnPlayerLogout
0x120396,1180566,10,B,15,D_constpool,,,identifier,CanProceed
0x1203b1,1180593,10,B,15,D_constpool,,,identifier,CanProceed
0x1203cc,1180620,7,B,12,D_constpool,,,identifier,Exotics
0x1203e4,1180644,10,B,15,D_constpool,,,identifier,CanProceed
0x1203ff,1180671,16,B,21,D_constpool,,,identifier,GameAugmentClass
0x120420,1180704,26,B,31,D_constpool,,,identifier,bDropPhaseControlsDisabled
0x12044b,1180747,20,B,25,D_constpool,,,identifier,PrimaryComponentTick
0x120470,1180784,15,B,20,D_constpool,,,identifier,CrewDetachState
0x120490,1180816,18,B,23,D_constpool,,,identifier,PodDetachDirection
0x1204b3,1180851,22,B,27,D_constpool,,,identifier,PodDetachStartLocation
0x1204da,1180890,25,B,30,D_constpool,,,identifier,LeaderDetachStartLocation
0x120504,1180932,13,B,18,D_constpool,,,identifier,MoveDirection
0x120522,1180962,18,B,23,D_constpool,,,identifier,OnTeamIndexChanged
0x120545,1180997,11,B,16,D_constpool,,,identifier,DetachState
0x120561,1181025,10,B,15,D_constpool,,,identifier,CanProceed
0x12057c,1181052,7,B,12,D_constpool,,,identifier,DropPod
0x120594,1181076,12,B,17,D_constpool,,,identifier,DropPodState
0x1205b1,1181105,8,B,13,D_constpool,,,identifier,PodPilot
0x1205ca,1181130,12,B,17,D_constpool,,,identifier,bIsLeaderPod
0x1205e7,1181159,8,B,13,D_constpool,,,identifier,Velocity
0x120600,1181184,16,B,21,D_constpool,,,identifier,DetachingCrewPod
0x120621,1181217,9,B,14,D_constpool,,,identifier,LeaderPod
0x12063b,1181243,8,B,13,D_constpool,,,identifier,PodPilot
0x120654,1181268,20,B,25,D_constpool,,,identifier,InputProgressPercent
0x120679,1181305,14,B,19,D_constpool,,,identifier,InputDirection
0x120698,1181336,9,B,14,D_constpool,,,identifier,Direction
0x1206b2,1181362,9,B,14,D_constpool,,,identifier,LeaderPod
0x1206cc,1181388,17,B,22,D_constpool,,,identifier,DetachingCrewPods
0x1206ee,1181422,11,B,16,D_constpool,,,identifier,DetachState
0x12070a,1181450,14,B,19,D_constpool,,,identifier,LeaderPodPilot
0x120729,1181481,14,B,19,D_constpool,,,identifier,InputDirection
0x120748,1181512,9,B,14,D_constpool,,,identifier,Direction
0x120762,1181538,7,B,12,D_constpool,,,identifier,DropPod
0x12077a,1181562,8,B,13,D_constpool,,,identifier,PodPilot
0x120793,1181587,14,B,19,D_constpool,,,identifier,InputDirection
0x1207b2,1181618,9,B,14,D_constpool,,,identifier,Direction
0x1207cc,1181644,6,B,11,D_constpool,,,identifier,_Inner
0x1207e3,1181667,6,B,11,D_constpool,,,identifier,_Inner
0x1207fa,1181690,6,B,11,D_constpool,,,identifier,_Inner
0x120811,1181713,6,B,11,D_constpool,,,identifier,_Inner
0x120828,1181736,5,B,10,D_constpool,,,identifier,Actor
0x12083e,1181758,16,B,21,D_constpool,,,identifier,OverlapComponent
0x12085f,1181791,15,B,20,D_constpool,,,identifier,UsableComponent
0x12087f,1181823,12,B,17,D_constpool,,,identifier,SpellTargets
0x12089c,1181852,11,B,16,D_constpool,,,identifier,TargetActor
0x1208b8,1181880,10,B,15,D_constpool,,,identifier,CanProceed
0x1208d3,1181907,16,B,21,D_constpool,,,identifier,HoveredComponent
0x1208f4,1181940,12,B,17,D_constpool,,,identifier,HoveredActor
0x120911,1181969,25,B,30,D_constpool,,,identifier,OnSpawnedCharacterChanged
0x12093b,1182011,26,B,31,D_constpool,,,identifier,OnAbilitySystemInitialized
0x120966,1182054,20,B,25,D_constpool,,,identifier,OnGameplaySpellAdded
0x12098b,1182091,6,B,11,D_constpool,,,identifier,_Inner
0x1209a2,1182114,6,B,11,D_constpool,,,identifier,_Inner
0x1209b9,1182137,6,B,11,D_constpool,,,identifier,_Inner
0x1209d0,1182160,9,B,14,D_constpool,,,identifier,TeamIndex
0x1209ea,1182186,8,B,13,D_constpool,,,identifier,Location
0x120a03,1182211,7,B,12,D_constpool,,,identifier,bVision
0x120a1b,1182235,23,B,28,D_constpool,,,identifier,MaxSimulationIterations
0x120a43,1182275,21,B,26,D_constpool,,,identifier,MaxSimulationTimeStep
0x120a69,1182313,25,B,30,D_constpool,,,identifier,DefaultRecommendedLoadout
0x120a93,1182355,11,B,16,D_constpool,,,identifier,ItemClasses
0x120aaf,1182383,27,B,32,D_constpool,,,identifier,RelevantEquipmentAttributes
0x120adb,1182427,16,B,21,D_constpool,,,identifier,InventoryEffects
0x120afc,1182460,10,B,15,D_constpool,,,identifier,CanProceed
0x120b17,1182487,10,B,15,D_constpool,,,identifier,CanProceed
0x120b32,1182514,4,B,9,D_constpool,,,identifier,Item
0x120b47,1182535,10,B,15,D_constpool,,,identifier,CanProceed
0x120b62,1182562,4,B,9,D_constpool,,,identifier,Item
0x120b77,1182583,19,B,24,D_constpool,,,identifier,LastWalkingLocation
0x120b9b,1182619,12,B,17,D_constpool,,,identifier,bStarterItem
0x120bb8,1182648,20,B,25,D_constpool,,,identifier,PlayerStateDupeArray
0x120bdd,1182685,26,B,31,D_constpool,,,identifier,bDropCurrencyOnPlayerDeath
0x120c08,1182728,32,B,37,D_constpool,,,identifier,ReceiveControllerChangedDelegate
0x120c39,1182777,20,B,25,D_constpool,,,identifier,ReceiveMoveCompleted
0x120c5e,1182814,5,B,10,D_constpool,,,identifier,State
0x120c74,1182836,24,B,29,D_constpool,,,identifier,bDynamicCameraPanEnabled
0x120c9d,1182877,21,B,26,D_constpool,,,identifier,CameraManualPanOffset
0x120cc3,1182915,18,B,23,D_constpool,,,identifier,LivingStateMachine
0x120ce6,1182950,6,B,11,D_constpool,,,identifier,_Inner
0x120cfd,1182973,6,B,11,D_constpool,,,identifier,_Inner
0x120d14,1182996,6,B,11,D_constpool,,,identifier,_Inner
0x120d2b,1183019,6,B,11,D_constpool,,,identifier,Config
0x120d42,1183042,9,B,14,D_constpool,,,identifier,StartTime
0x120d5c,1183068,8,B,13,D_constpool,,,identifier,Duration
0x120d75,1183093,10,B,15,D_constpool,,,identifier,CanProceed
0x120d90,1183120,6,B,11,D_constpool,,,identifier,bValid
0x120da7,1183143,2,B,7,D_constpool,,,identifier,ID
0x120dba,1183162,9,B,14,D_constpool,,,identifier,TeamIndex
0x120dd4,1183188,14,B,19,D_constpool,,,identifier,SourceLocation
0x120df3,1183219,10,B,15,D_constpool,,,identifier,AudioActor
0x120e0e,1183246,10,B,15,D_constpool,,,identifier,CanProceed
0x120e29,1183273,10,B,15,D_constpool,,,identifier,PulseCount
0x120e44,1183300,16,B,21,D_constpool,,,identifier,bShowIndividuals
0x120e65,1183333,9,B,14,D_constpool,,,identifier,bShowTeam
0x120e7f,1183359,18,B,23,D_constpool,,,identifier,InaccuracyDistance
0x120ea2,1183394,15,B,20,D_constpool,,,identifier,PlayersDetected
0x120ec2,1183426,13,B,18,D_constpool,,,identifier,bRevealVaults
0x120ee0,1183456,11,B,16,D_constpool,,,identifier,bLocalRadar
0x120efc,1183484,22,B,27,D_constpool,,,identifier,TeamVaultDataComponent
0x120f23,1183523,7,B,12,D_constpool,,,identifier,Players
0x120f3b,1183547,5,B,10,D_constpool,,,identifier,Vault
0x120f51,1183569,11,B,16,D_constpool,,,identifier,SourceUAVID
0x120f6d,1183597,8,B,13,D_constpool,,,identifier,Location
0x120f86,1183622,11,B,16,D_constpool,,,identifier,ItemClasses
0x120fa2,1183650,6,B,11,D_constpool,,,identifier,Radius
0x120fb9,1183673,10,B,15,D_constpool,,,identifier,Characters
0x120fd4,1183700,15,B,20,D_constpool,,,identifier,bShowCharacters
0x120ff4,1183732,10,B,15,D_constpool,,,identifier,CanProceed
0x12100f,1183759,10,B,15,D_constpool,,,identifier,CanProceed
0x12102a,1183786,10,B,15,D_constpool,,,identifier,CanProceed
0x121045,1183813,6,B,11,D_constpool,,,identifier,Source
0x12105c,1183836,8,B,13,D_constpool,,,identifier,Location
0x121075,1183861,11,B,16,D_constpool,,,identifier,PlayerCount
0x121091,1183889,10,B,15,D_constpool,,,identifier,ExpiryTime
0x1210ac,1183916,9,B,14,D_constpool,,,identifier,TeamIndex
0x1210c6,1183942,16,B,21,D_constpool,,,identifier,CharacterClasses
0x1210e7,1183975,12,B,17,D_constpool,,,identifier,AverageLevel
0x121104,1184004,17,B,22,D_constpool,,,identifier,AverageRelicCount
0x121126,1184038,17,B,22,D_constpool,,,identifier,AverageArmorLevel
0x121148,1184072,5,B,10,D_constpool,,,identifier,UAVID
0x12115e,1184094,16,B,21,D_constpool,,,identifier,TotalPlayerCount
0x12117f,1184127,28,B,33,D_constpool,,,identifier,FuzzyPlayerLocationComponent
0x1211ac,1184172,10,B,15,D_constpool,,,identifier,CanProceed
0x1211c7,1184199,10,B,15,D_constpool,,,identifier,CanProceed
0x1211e2,1184226,10,B,15,D_constpool,,,identifier,CanProceed
0x1211fd,1184253,11,B,16,D_constpool,,,identifier,PlayerState
0x121219,1184281,18,B,23,D_constpool,,,identifier,PlayerLocationItem
0x12123c,1184316,9,B,14,D_constpool,,,identifier,TeamIndex
0x121256,1184342,8,B,13,D_constpool,,,identifier,Location
0x12126f,1184367,14,B,19,D_constpool,,,identifier,CharacterClass
0x12128e,1184398,11,B,16,D_constpool,,,identifier,PlayerLevel
0x1212aa,1184426,10,B,15,D_constpool,,,identifier,CanProceed
0x1212c5,1184453,19,B,24,D_constpool,,,identifier,PlayerLocationItems
0x1212e9,1184489,13,B,18,D_constpool,,,identifier,VaultDataItem
0x121307,1184519,2,B,7,D_constpool,,,identifier,ID
0x12131a,1184538,18,B,23,D_constpool,,,identifier,PlayerLocationItem
0x12133d,1184573,18,B,23,D_constpool,,,identifier,PlayerLocationItem
0x121360,1184608,12,B,17,D_constpool,,,identifier,InitialDelay
0x12137d,1184637,6,B,11,D_constpool,,,identifier,Period
0x121394,1184660,13,B,18,D_constpool,,,identifier,BlinkDuration
0x1213b2,1184690,2,B,7,D_constpool,,,identifier,ID
0x1213c5,1184709,13,B,18,D_constpool,,,identifier,VaultDataItem
0x1213e3,1184739,13,B,18,D_constpool,,,identifier,VaultDataItem
0x121401,1184769,1,B,6,D_constpool,,,identifier,X
0x121413,1184787,1,B,6,D_constpool,,,identifier,Y
0x121425,1184805,3,B,8,D_constpool,,,identifier,Yaw
