ptr,name,defined_at_hex,section
0x26e5ce1ca00,ULevel,0x0cb2ef,B_symbols
0x26e5ce30100,UDecalComponent,0x0ccbf6,B_symbols
0x26e5ce30700,UCharacterMovementComponent,0x0cc117,B_symbols
0x26e5ce30d00,UMovableBaseComponent,0x0c889b,B_symbols
0x26e5ce31000,UCapsuleComponent,0x0c8977,B_symbols
0x26e5ce31600,UBoxComponent,0x0cc02f,B_symbols
0x26e5ce34000,APlayerController,0x0cd39d,B_symbols
0x26e5ce37300,USplineComponent,0x0ccdd7,B_symbols
0x26e5ce38500,UProjectileMovementComponent,0x0c9c08,B_symbols
0x26e5ce3bb00,USphereComponent,0x0cdcff,B_symbols
0x26e5ce3e500,UCurveFloat,0x0ccfba,B_symbols
0x26e5ce5e500,AGameStateBase,0x0cca24,B_symbols
0x26e5ce78200,UMaterialInstanceDynamic,0x0ccc48,B_symbols
0x26e5ce90a00,APlayerState,0x0c9b24,B_symbols
0x26e5ce91000,APlayerStart,0x0cd330,B_symbols
0x26e5cea4600,UStaticMesh,0x0ccca6,B_symbols
0x26e5cf01c00,UNiagaraSystem,0x0ccf34,B_symbols
0x26e5cf17f00,UNiagaraComponent,0x0ccf5b,B_symbols
0x26e5dc744d0,Gold,0x116760,D_constpool
0x26e5dc74560,Gold,0x116291,D_constpool
0x26e5dc74570,Gold,0x1162ae,D_constpool
0x26e5dc745e0,Gold,0x1167de,D_constpool
0x26e5ec0be00,UAkAudioEvent,0x0c85f5,B_symbols
0x26e5ec0d000,UAkSwitchValue,0x0ccd80,B_symbols
0x26e5f918500,UAbilitySystemComponent,0x0cb30e,B_symbols
0x26e5f933d00,UGameplayEffect,0x0c5e48,B_symbols
0x26e5f934300,UGameplayAbility,0x0cdbed,B_symbols
0x26e5f950100,UMapIconComponent,0x0cc92e,B_symbols
0x26e5f968800,UGameEventRouterComponent,0x0c60e2,B_symbols
0x26e5f96ee00,UCommonActivatableWidget,0x0cb1fc,B_symbols
0x26e5f9ad600,UArmoryManager,0x0cb5ef,B_symbols
0x26e5f9bd600,ULokiAbilitySystemComponent,0x0c5bfa,B_symbols
0x26e5f9d2200,ULokiAssetManager,0x0cba9d,B_symbols
0x26e5f9d2500,ULoadAssetHandle,0x0cb790,B_symbols
0x26e5f9d5200,ALokiAirship,0x0c5b51,B_symbols
0x26e5f9d5500,ULokiAimingVisComponent,0x0c89c4,B_symbols
0x26e5f9d8200,ALokiGameMode,0x0c94ba,B_symbols
0x26e5f9d8e00,ALokiBaseItem,0x0c5f5c,B_symbols
0x26e5f9de200,ALokiHeightMap,0x0ccce7,B_symbols
0x26e5f9dfa00,ULokiBotSpawnerComponent,0x0c9413,B_symbols
0x26e5f9e0100,ULokiDisplayableAbility,0x0cce54,B_symbols
0x26e5f9e2e00,ULokiCharacterSpringArmComponent,0x0c9c6c,B_symbols
0x26e5f9e3a00,ULokiCharacterMovementComponent,0x0c5cbd,B_symbols
0x26e5f9e5e00,ALokiCharacter,0x0c5d53,B_symbols
0x26e5f9e7900,ULokiDataAsset_Base,0x0cbac7,B_symbols
0x26e5f9ecd00,ULokiDataAsset_Power,0x0c625f,B_symbols
0x26e5f9efa00,ULokiDataAsset_Equipment,0x0c628c,B_symbols
0x26e5f9f1c00,ALokiDropPodBase,0x0c9ac5,B_symbols
0x26e5f9f1f00,ALokiDropPlane,0x0cd8bf,B_symbols
0x26e5f9f2b00,ALokiDropInGameMode,0x0cd45d,B_symbols
0x26e5f9f4300,ALokiDestructible,0x0cb434,B_symbols
0x26e5f9f5b00,ALokiDayNightController,0x0cd26d,B_symbols
0x26e5f9fa600,ALokiGameAugment,0x0cd619,B_symbols
0x26e5f9fa900,ULokiFuzzyPlayerLocationComponent,0x0cad9f,B_symbols
0x26e5f9fc700,ALokiGameState,0x0c8039,B_symbols
0x26e5f9fcd00,ULokiGameplayUsableSpell,0x0ca2da,B_symbols
0x26e5fa11f00,ULokiHeroUsableComponent,0x0ca241,B_symbols
0x26e5fa12500,ALokiHeroHeightIndicator,0x0c89f4,B_symbols
0x26e5fa12800,ULokiHeroGroundIndicatorBase,0x0c8466,B_symbols
0x26e5fa13700,ALokiHeroCharacter,0x0c6be3,B_symbols
0x26e5fa13d00,ULokiHeroAsset,0x0c9361,B_symbols
0x26e5fa15800,ALokiGemBase,0x0cdcda,B_symbols
0x26e5fa15e00,ULokiGameUserSettings,0x0cdf99,B_symbols
0x26e5fa17600,ALokiLoadout,0x0cdd57,B_symbols
0x26e5fa17900,ULivingStateMachine,0x0ce045,B_symbols
0x26e5fa1a300,ULokiInventoryComponentComboItems,0x0cb906,B_symbols
0x26e5fa1a900,ULokiInventoryComponentBase,0x0cb940,B_symbols
0x26e5fa1e200,"""",0x06c63d,A_modules
0x26e5fa1f700,ULokiLootTableFull,0x0c7ac0,B_symbols
0x26e5fa1fd00,ULokiLootTable,0x0c6475,B_symbols
0x26e5fa32e00,',0x0127bb,A_modules
0x26e5fa33100,ALokiMinionCharacter,0x0c64e4,B_symbols
0x26e5fa36a00,ALokiPlayerController,0x0c6231,B_symbols
0x26e5fa36d00,ALokiPlayerCheats,0x0ca8ed,B_symbols
0x26e5fa39100,$,0x0c4b52,A_modules
0x26e5fa39a00,ULokiOffscreenIndicatorWidget,0x0cb22d,B_symbols
0x26e5fa3e200,ALokiPlayerState,0x0c6870,B_symbols
0x26e5fa3e500,ALokiPlayerStart,0x0c922b,B_symbols
0x26e5fa3eb00,ULokiPlayerInteractionComponent,0x0cdc4c,B_symbols
0x26e5fa3f100,#,0x0826ae,A_modules
0x26e5fa3fa00,$,0x00e08a,A_modules
0x26e5fa40700,ULokiRideableComponent,0x0c9c3d,B_symbols
0x26e5fa43400,ULokiProjectilePathComponent,0x0ccf85,B_symbols
0x26e5fa4b800,ALokiServerAnalyticsManager,0x0cb9dd,B_symbols
0x26e5fa4bb00,ALokiSearchableBox,0x0ca5f5,B_symbols
0x26e5fa50100,ALokiTemporaryFloorBase,0x0ccda7,B_symbols
0x26e5fa50a00,ULokiTeamVaultDataComponent,0x0cae1c,B_symbols
0x26e5fa51300,ALokiTeamState_TeamOnly,0x0c720b,B_symbols
0x26e5fa51600,ALokiTeamState,0x0c818f,B_symbols
0x26e5fa51c00,ULokiTeamComponent,0x0c9b7d,B_symbols
0x26e5fa56d00,ULokiUsableComponent,0x0ca1e1,B_symbols
0x26e5fa5b500,ALokiTowerDefenseGameMode,0x0cbe50,B_symbols
0x26e5fa5b800,ALokiTower,0x0cbddd,B_symbols
0x26e5fa61300,UPlayerArmoryModel,0x0cb616,B_symbols
0x26e5fa61600,UEquipmentModel,0x0cb641,B_symbols
0x26e5fa61c00,UItemModel,0x0cb6f7,B_symbols
0x26e5fa6ee00,UVisibilityReceiver,0x0cc958,B_symbols
0x26e601102c0,] Adding bot (,0x117f47,D_constpool
0x26e60110310,Desaturate,0x117705,D_constpool
0x26e6057b758,__StaticType_ALokiGameState_AS,0x118356,D_constpool
0x26e6057bad8,__StaticType_ULokiInteractionPlayerComponent,0x1183d8,D_constpool
0x26e6057bd58,__StaticType_ALokiGem,0x11849e,D_constpool
0x26e6057c758,__StaticType_ULokiGameStateMostWantedComponent,0x118667,D_constpool
0x26e6057cad8,__StaticType_ULokiDragCameraComponent,0x1186da,D_constpool
0x26e6057ced8,__StaticType_ALokiPlayerCheats_AS,0x118ae2,D_constpool
0x26e6057d058,__StaticType_ALokiPlayerController_AS,0x118b3e,D_constpool
0x26e6057d558,__StaticType_ALokiDropShip,0x118303,D_constpool
0x26e6057d958,__StaticType_UFFABotSpawnerComponent,0x117df8,D_constpool
0x26e6057da58,__StaticType_UComp_PC_LokiRespawnComponent,0x117c1b,D_constpool
0x26e6057dc58,__StaticType_AFFAGameMode,0x117e76,D_constpool
0x26e6057e058,__StaticType_ULokiPlayerRespawnComponent,0x117eb8,D_constpool
0x26e6057e258,__StaticType_ULokiRespawnComponent,0x11802b,D_constpool
0x26e6057e558,__StaticType_ULokiTeamElimBoxComponent,0x118585,D_constpool
0x26e6057e658,__StaticType_ULokiNodePathingComponent,0x118607,D_constpool
0x26e6057e9d8,__StaticType_ULokiDropPhase_PlayerStateComponent,0x118169,D_constpool
0x26e6057efd8,__StaticType_ALokiDropPod,0x1181e8,D_constpool
0x26e6057f258,__StaticType_ALokiDropPodImpactIndicator,0x118239,D_constpool
0x26e6057f558,__StaticType_ALokiDropPodLaser,0x1182a8,D_constpool
0x26e6057f7d8,__StaticType_ALokiDayNightController_AS,0x117b7b,D_constpool
0x26e6057fa58,__StaticType_URespawnTimerWidget,0x11807f,D_constpool
0x26e6057fd58,__StaticType_ULokiItemVisualsComponent,0x1184da,D_constpool
0x26e6057ffd8,__StaticType_ULokiExoticLootComponent,0x1180cf,D_constpool
0x26e62723a40,HasBarracudaMatchStarted,0x0dfc83,B_symbols
0x26e62723c00,GetMatchTime,0x0dfd11,B_symbols
0x26e62723f80,OnBountyGivenToPlayer,0x0deec4,B_symbols
0x26e627244c0,GetPlayerStatesForRewardsInRadius,0x0de562,B_symbols
0x26e62724680,OnNewDay,0x0ddfc9,B_symbols
0x26e62724a00,OnNewNight,0x0de0cb,B_symbols
0x26e62724d80,HandleDayNight,0x0de047,B_symbols
0x26e627252c0,OnMomentumBossKilled,0x0df706,B_symbols
0x26e62725480,OnDragonKilled,0x0df65e,B_symbols
0x26e62725640,ApplyEffectToTeam,0x0e0029,B_symbols
0x26e62725800,AuthSellItemAtSlot,0x0d8c16,B_symbols
0x26e62725f00,IsArmoryEnabled,0x0d8cec,B_symbols
0x26e627267c0,$beh2,0x0d6474,B_symbols
0x26e62726980,ALokiAirship_AS,0x0d3398,B_symbols
0x26e62726b40,HasRecentlyRoadkilledTarget,0x0d5938,B_symbols
0x26e62726d00,ApplyGenericCollisionDamage,0x0d504e,B_symbols
0x26e62727400,Broadcast,0x0dd2b2,B_symbols
0x26e62728040,Get,0x0e09aa,B_symbols
0x26e62728900,UBarracudaStructureComponent,0x0dd717,B_symbols
0x26e62728ac0,UBarracudaStructureComponent,0x0dda1b,B_symbols
0x26e62729000,Get,0x0e21a8,B_symbols
0x26e62729700,FindClosestEnemyByClass,0x0ddb61,B_symbols
0x26e627298c0,UBarracudaTowerTargetingComponent,0x0ddab9,B_symbols
0x26e62729a80,UBarracudaTowerTargetingComponent,0x0ddcc9,B_symbols
0x26e6272a340,GetGameStateComponent,0x0dfbf8,B_symbols
0x26e6272adc0,UBarracudaGameStateComponent,0x0e1891,B_symbols
0x26e6272af80,UBarracudaGameStateComponent,0x0e25bf,B_symbols
0x26e6272b300,FOnDragonKillsUpdated,0x0e2890,B_symbols
0x26e6272b680,opAssign,0x0e2b54,B_symbols
0x26e6272b840,Broadcast,0x0e19dc,B_symbols
0x26e6272c2c0,FOnTeamKillsUpdated,0x0e27fc,B_symbols
0x26e6272c640,opAssign,0x0e2c01,B_symbols
0x26e6272c800,Broadcast,0x0e192e,B_symbols
0x26e6272cf00,HasNextRespawnTime,0x0dd0f7,B_symbols
0x26e6272d0c0,ClearNextRespawnTime,0x0e0dcd,B_symbols
0x26e6272d280,SetNextRespawnTime,0x0e0aef,B_symbols
0x26e6272d440,GetNextRespawnTime,0x0e0ba9,B_symbols
0x26e6272d980,NextRespawnTimeChanged,0x0dcfbc,B_symbols
0x26e6272dd00,UBarracudaPlayerStateComponent,0x0dcf1a,B_symbols
0x26e6272dec0,UBarracudaPlayerStateComponent,0x0dd3eb,B_symbols
0x26e6272e240,FNextRespawnTimeChanged,0x0dd530,B_symbols
0x26e6272e5c0,opAssign,0x0dd667,B_symbols
0x26e6272ecc0,UpdateTeamKills,0x0e1cb3,B_symbols
0x26e6272f040,AuthMoveToNextBarracudaPhase,0x0e1fa0,B_symbols
0x26e6272f3c0,EmitPhaseChangedEvent,0x0e203d,B_symbols
0x26e6272f580,GetRespawnStructure,0x0e0c95,B_symbols
0x26e6272f740,SecondsUntilNextDayNightSwap,0x0ea946,B_symbols
0x26e6272f900,AuthPlayPilotVOForAll,0x0dff1b,B_symbols
0x26e6272fc80,MultiPlayPilotVO,0x0e2327,B_symbols
0x26e62880100,FQuat,0x0cc055,B_symbols
0x26e6288ac00,FString,0x0c5d15,B_symbols
0x26e6288bb00,FRandomStream,0x0c9981,B_symbols
0x26e628a5640,$beh0,0x0d20f0,B_symbols
0x26e628a7400,IsEmpty,0x0e8119,B_symbols
0x26e628a7b00,Append,0x0d971b,B_symbols
0x26e628a8740,opAssign,0x0d6bb0,B_symbols
0x26e628a8900,$beh2,0x0d684c,B_symbols
0x26e628a8ac0,$beh0,0x0e7194,B_symbols
0x26e628a8c80,$beh0,0x0d677e,B_symbols
0x26e628ac800,Contains,0x0e8171,B_symbols
0x26e629d7300,FOnSoftClassLoaded,0x0c6350,B_symbols
0x26e629d9100,FAIMoveCompletedSignature,0x0ca77e,B_symbols
0x26e630744c0,$beh2,0x0da75d,B_symbols
0x26e63074680,$beh0,0x0da707,B_symbols
0x26e64ed7000,FAbilitySystemInitializedDelegate,0x0ca272,B_symbols
0x26e64edd900,FGameplayAbilityAdded,0x0ca2ac,B_symbols
0x26e64f30d00,FOnActorTeamIndexChanged,0x0c9ba8,B_symbols
0x26e64f32200,FNewRoundPhase,0x0c8012,B_symbols
0x26e64f32800,FNewDayNightStateSignature,0x0c8060,B_symbols
0x26e64f34f00,FLivingStateDelegate,0x0c8c99,B_symbols
0x26e6530b200,FOnGenericPlayerConfigValueUpdated,0x0c8c5e,B_symbols
0x26e6530cd00,FOnLoadComplete,0x0c6328,B_symbols
0x26e6534a500,/,0x05d39e,A_modules
0x26e65377780,$beh2,0x0da3a8,B_symbols
0x26e65377940,$beh0,0x0da26d,B_symbols
0x26e6539c700,FOnPlayerStateAssigned,0x0c972b,B_symbols
0x26e6539d900,FOnPlayerControllerLogout,0x0c96f9,B_symbols
0x26e653c2e00,$beh2,0x0faeda,B_symbols
0x26e653c2fc0,<,0x07b997,A_modules
0x26e653d7600,FOnSpawnedCharacterChanged,0x0ca20e,B_symbols
0x26e6540d440,$beh2,0x0fa2ba,B_symbols
0x26e6540d600,$beh0,0x0fa264,B_symbols
0x26e6550b398,$obj,0x0cb514,B_symbols
0x26e65520a00,FPlayerKillEventSignature,0x0c6ac3,B_symbols
0x26e65522500,FOnVisbilityEvaluated,0x0c8093,B_symbols
0x26e65523a00,FOnUpdated,0x0c968f,B_symbols
0x26e6865c700,FOnDragonKillsUpdated,0x0c6fbb,B_symbols
0x26e6865ca00,FOnTeamKillsUpdated,0x0c7019,B_symbols
0x26e6865cd00,ABarracudaTeamState,0x0c71b8,B_symbols
0x26e6865d000,ABarracudaTeamState_TeamOnly,0x0c7283,B_symbols
0x26e6865d300,FBarracudaLaneMinionConfig,0x0cbf41,B_symbols
0x26e6865d600,UBarracudaMinionRewardComponent,0x0c73d1,B_symbols
0x26e6865d900,ABarracudaMinionWaypoint,0x0c7075,B_symbols
0x26e6865dc00,UBarracudaMinionWaypointFollowerComponent,0x0c7471,B_symbols
0x26e6865df00,UBTService_BarracudaUpdateMinionWaypoint,0x0c7597,B_symbols
0x26e6865e200,UBarracudaShopItemGraphNode,0x0c7635,B_symbols
0x26e6865e500,FBarracudaShopPurchasePlan,0x0cc1d8,B_symbols
0x26e6865e800,ABarracudaShop,0x0c6f12,B_symbols
0x26e6865eb00,UBarracudaShopItemListWidget,0x0c7be5,B_symbols
0x26e6865ee00,UBarracudaShopItemTreeNodeWidget,0x0c7c45,B_symbols
0x26e6865f100,UBarracudaShopItemTreeWidget,0x0c7cad,B_symbols
0x26e6865f400,UBarracudaShopItemWidget,0x0c7d6f,B_symbols
0x26e6865f700,UBarracudaShopPlayerControllerComponent,0x0c7e7b,B_symbols
0x26e6865fa00,FBarracudaShopTagFilter,0x0c7ef1,B_symbols
0x26e6865fd00,UBarraucdaShopFilterWidget,0x0c7f4a,B_symbols
0x26e68679100,FGametimeToLevel,0x0c82b9,B_symbols
0x26e68b10400,opAssign,0x0dc6d0,B_symbols
0x26e68c13c00,UBarracudaJungleCreepTargetingComponent,0x0dbcee,B_symbols
0x26e68c13dc0,UBarracudaJungleCreepTargetingComponent,0x0dbabb,B_symbols
0x26e68c14bc0,NotifyEnemyHeroHitAlliedHero,0x0e16d1,B_symbols
0x26e68c14f40,UpdateCurrentTargetEnemy,0x0dca43,B_symbols
0x26e68c15480,IsActorInEnemyList,0x0dc985,B_symbols
0x26e68c15640,UBarracudaMinionTargetingComponent,0x0dbda2,B_symbols
0x26e68c15800,UBarracudaMinionTargetingComponent,0x0dce70,B_symbols
0x26e68c15d40,Get,0x0e15db,B_symbols
0x26e68c16280,HasLaneIndex,0x0eb28e,B_symbols
0x26e68c16440,SetLaneIndex,0x0e3b3b,B_symbols
0x26e68c16600,UBarracudaLaneComponent,0x0dbe4c,B_symbols
0x26e68c167c0,UBarracudaLaneComponent,0x0dbfd2,B_symbols
0x26e68c16b40,FOnLaneIndexUpdated,0x0dc0fb,B_symbols
0x26e694a0d00,FComponentHitSignature,0x0c84da,B_symbols
0x26e694a1f00,FComponentBeginOverlapSignature,0x0c7439,B_symbols
0x26e694a4900,FActorDestroyedSignature,0x0c8c2d,B_symbols
0x26e694a6700,FBox,0x0cccca,B_symbols
0x26e694a8800,FRotator,0x0cb2ce,B_symbols
0x26e694a8e00,_FMulticastScriptDelegate,0x0cbbb6,B_symbols
0x26e694ab800,FPawnControllerChangedSignature,0x0ca746,B_symbols
0x26e694ad300,FText,0x0c5f3e,B_symbols
0x26e694ad600,FTransform,0x0c8878,B_symbols
0x26e694adf00,FVector,0x0c6cdb,B_symbols
0x26e694ae200,FVector2D,0x0cb3ca,B_symbols
0x26e694af700,FLinearColor,0x0cce2f,B_symbols
0x26e69557940,$beh0,0x0ed43c,B_symbols
0x26e69557cc0,$beh0,0x1068de,B_symbols
0x26e69557e80,$beh0,0x0ed37a,B_symbols
0x26e69559c40,Clear,0x0dc67a,B_symbols
0x26e69559e00,IsBound,0x0dc299,B_symbols
0x26e69559fc0,opAssign,0x0dc21c,B_symbols
0x26e6955a340,$beh2,0x0dc7cf,B_symbols
0x26e6955a500,$beh0,0x0dc779,B_symbols
0x26e69c475c0,$beh0,0x0f1588,B_symbols
0x26e69c48900,$beh0,0x0ed6f8,B_symbols
0x26e69c5af80,opSub,0x10fc1f,B_symbols
0x26e69c5b140,opAdd,0x10fd13,B_symbols
0x26e69c5b300,opAssign,0x10fecf,B_symbols
0x26e69c5b4c0,$beh0,0x0fa797,B_symbols
0x26e69c5b840,$beh0,0x0d4ed4,B_symbols
0x26e69c5ecc0,opAddAssign,0x11004a,B_symbols
0x26e69c5f3c0,opMulAssign,0x10ffca,B_symbols
0x26e69c5fac0,opDiv,0x10fc99,B_symbols
0x26e69d00240,opMulAssign,0x0d5116,B_symbols
0x26e69d005c0,opDiv,0x0ed835,B_symbols
0x26e69d00780,opMul,0x0d5196,B_symbols
0x26e69d00b00,opMul,0x10887f,B_symbols
0x26e69d00cc0,opSub,0x0d4b35,B_symbols
0x26e69d00e80,opAdd,0x0dcb6d,B_symbols
0x26e69d01040,opAssign,0x0d5cb3,B_symbols
0x26e69d01200,$beh0,0x0d5b93,B_symbols
0x26e69d01580,$beh0,0x0e4874,B_symbols
0x26e69d01740,$beh0,0x0d4a73,B_symbols
0x26e69d02380,Normalize,0x10ff4c,B_symbols
0x26e69d04140,Normalize,0x0d4c67,B_symbols
0x26e69d044c0,IsNearlyZero,0x107cf6,B_symbols
0x26e69d04840,Size2D,0x0d4baf,B_symbols
0x26e69d04bc0,Size,0x0d5a88,B_symbols
0x26e69d06280,DotProduct,0x0d4d4d,B_symbols
0x26e69d067c0,opEquals,0x0e4348,B_symbols
0x26e69d06d00,opSubAssign,0x108979,B_symbols
0x26e69d06ec0,opAddAssign,0x0ff4bb,B_symbols
0x26e69d07240,opMulAssign,0x1088f9,B_symbols
0x26e69d07400,DistSquared2D,0x0ddc47,B_symbols
0x26e69d07940,Dist2D,0x0db89c,B_symbols
0x26e69d07b00,DistSquared,0x10807d,B_symbols
0x26e69d07cc0,Distance,0x1010e6,B_symbols
0x26e69d08e40,CosineAngle2D,0x107d77,B_symbols
0x26e69d09000,GetSafeNormal2D,0x104bc5,B_symbols
0x26e69d091c0,GetSafeNormal,0x0d5c0d,B_symbols
0x26e69d09380,RotateAngleAxis,0x0feeb2,B_symbols
0x26e69d09e00,GetClampedToMaxSize2D,0x0dcae3,B_symbols
0x26e69d0c100,opAssign,0x0e8a55,B_symbols
0x26e69d0cd40,IsEmpty,0x103c98,B_symbols
0x26e69d0cf00,$beh2,0x0d6ade,B_symbols
0x26e69d0d0c0,$beh0,0x0d6dac,B_symbols
0x26e69d0d280,$beh0,0x0d6728,B_symbols
0x26e69d0d440,$beh0,0x0efc76,B_symbols
0x26e69d0d600,$beh0,0x0e0c3f,B_symbols
0x26e69d20cc0,__STATIC_NAME,0x0d3e73,B_symbols
0x26e69d22000,opEquals,0x0d833c,B_symbols
0x26e69d22380,$beh0,0x0d00ac,B_symbols
0x26e69d22540,1,0x070b05,A_modules
0x26e69d252c0,GetBoundingBoxExtents,0x0d15bf,B_symbols
0x26e69d29e00,opAssign,0x0d6578,B_symbols
0x26e69d29fc0,$beh2,0x0d65f5,B_symbols
0x26e69d2af80,RandRange,0x0fe3d3,B_symbols
0x26e69d2b140,RandRange,0x104c6d,B_symbols
0x26e69d2b300,RandRange,0x0f8414,B_symbols
0x26e69d2f040,IsNearlyZero,0x10f976,B_symbols
0x26e69d2f3c0,IsNearlyEqual,0x0d4117,B_symbols
0x26e69d2f900,RandPointInCircle,0x0fa70c,B_symbols
0x26e69d2fe40,VRand,0x104d14,B_symbols
0x26e69d33d00,FColor,0x0cbc12,B_symbols
0x26e69d36100,FName,0x0c5d35,B_symbols
0x26e69d36700,FPrimaryAssetId,0x0c62bd,B_symbols
0x26e69f10a00,FTimerHandle,0x0cb373,B_symbols
0x26e69f11f00,FActorComponentTickFunction,0x0c9b49,B_symbols
0x26e69f12b00,FKey,0x0c7dc7,B_symbols
0x26e69f13700,@,0x0a098f,A_modules
0x26e69f16a00,FGeometry,0x0cc85e,B_symbols
0x26e69f19d00,FAIRequestID,0x0cdf13,B_symbols
0x26e69f1eb00,FPointerEvent,0x0c7de4,B_symbols
0x26e69f1f100,FEventReply,0x0c7d4b,B_symbols
0x26e6a060100,FGameplayTag,0x0c7a17,B_symbols
0x26e6a069700,FBlackboardKeySelector,0x0cc14b,B_symbols
0x26e6a06c400,FGameplayTagContainer,0x0c7bb7,B_symbols
0x26e6ccc7900,FActorTickFunction,0x0c86da,B_symbols
0x26e6ccc8500,FLokiReplicationStrategy,0x0cc595,B_symbols
0x26e6cd62200,FFindFloorResult,0x0c756e,B_symbols
0x26e6d83ee80,opAssign,0x0d619d,B_symbols
0x26e6e67f520,Gold,0x116df0,D_constpool
0x26e6e67f8b0,LOREM IPSUM,0x117074,D_constpool
0x26e6e67ffa0,Gold,0x11677d,D_constpool
0x26e6e830780,ABarracudaGameMode,0x0ddd71,B_symbols
0x26e6e830940,ABarracudaGameMode,0x0e0264,B_symbols
0x26e6e830cc0,GetBarracudaGameMode,0x1099ab,B_symbols
0x26e6e831200,$beh2,0x0e0523,B_symbols
0x26e6e831740,CalculateDeathTimer,0x0e0f51,B_symbols
0x26e6e831900,TryRespawningPlayers,0x0e061d,B_symbols
0x26e6e831ac0,UBarracudaPlayerSpawnerComponent,0x0e0579,B_symbols
0x26e6e831c80,UBarracudaPlayerSpawnerComponent,0x0e100c,B_symbols
0x26e6e832a80,RallyAlliedMinionsForHelp,0x0e12a3,B_symbols
0x26e6e832c40,UBarracudaRallyMinionsComponent,0x0e1155,B_symbols
0x26e6e832e00,UBarracudaRallyMinionsComponent,0x0e17ef,B_symbols
0x26e6e833c00,$beh2,0x0e371c,B_symbols
0x26e6e833f80,FBarracudaLaneMinionConfig,0x0e3772,B_symbols
0x26e6e834140,DisableAllRewards,0x0ebeea,B_symbols
0x26e6e834300,GetGoldBounty,0x0df30b,B_symbols
0x26e6e8344c0,GetXPBounty,0x0df3bd,B_symbols
0x26e6e834840,UBarracudaMinionRewardComponent,0x0e3808,B_symbols
0x26e6e834a00,UBarracudaMinionRewardComponent,0x0e39ff,B_symbols
0x26e6e834f40,Get,0x0df21f,B_symbols
0x26e6e835800,GetNextWaypoint,0x0e4a99,B_symbols
0x26e6e8359c0,ABarracudaMinionWaypoint,0x0e3a9f,B_symbols
0x26e6e835b80,ABarracudaMinionWaypoint,0x0e40a0,B_symbols
0x26e6e836600,HasCurrentWaypoint,0x0e42a1,B_symbols
0x26e6e8367c0,GetTargetLocationForCurrentWaypoint,0x0e44ff,B_symbols
0x26e6e836980,ReachedWaypoint,0x0e3d6a,B_symbols
0x26e6e836b40,GetInitialWaypoint,0x0e41fa,B_symbols
0x26e6e836d00,IsStuck,0x0e43c5,B_symbols
0x26e6e836ec0,TryRescue,0x0e4461,B_symbols
0x26e6e837080,UBarracudaMinionWaypointFollowerComponent,0x0e413c,B_symbols
0x26e6e837240,UBarracudaMinionWaypointFollowerComponent,0x0e4d4a,B_symbols
0x26e6e837400,IsAssetEnabled,0x0d8232,B_symbols
0x26e6e837940,AuthSellItem_BP,0x0d8f06,B_symbols
0x26e6e838040,Get,0x0dd83f,B_symbols
0x26e6e838580,$beh2,0x0e297c,B_symbols
0x26e6e838900,opAssign,0x0e1ae0,B_symbols
0x26e6e838ac0,$beh2,0x0e29d2,B_symbols
0x26e6e838e40,GetBarracudaGameStateComponent,0x0dfe7e,B_symbols
0x26e6e839000,GetCurrentBarracudaPhase,0x0e2dd4,B_symbols
0x26e6e8391c0,GetCurrentBarracudaPhaseType,0x0ddf2e,B_symbols
0x26e6e839380,GetCurrentBarracudaPhaseTime,0x0e0785,B_symbols
0x26e6e839700,ABarracudaTeamState,0x0e2e6b,B_symbols
0x26e6e8398c0,ABarracudaTeamState,0x0e309d,B_symbols
0x26e6e839c40,GetBarracudaTeamState,0x0e31c5,B_symbols
0x26e6e83a180,SetSpawnerSpawnTime,0x0ec2b8,B_symbols
0x26e6e83a340,NetMulticastSpawnerNextSpawnTime,0x0e3378,B_symbols
0x26e6e83a6c0,ABarracudaTeamState_TeamOnly,0x0e3128,B_symbols
0x26e6e83a880,ABarracudaTeamState_TeamOnly,0x0e358b,B_symbols
0x26e6e83aa40,GetBarracudaTeamStateTeamOnly,0x0ea884,B_symbols
0x26e6e83ac00,StaticClass,0x0e2f77,B_symbols
0x26e6e83b4c0,GetArmoryUniqueEffectTextForItemClass,0x0d6ef9,B_symbols
0x26e6e83bf40,ALokiAirship_AS,0x0d60b4,B_symbols
0x26e6e83c100,ImpulseAllPassengers,0x0d5210,B_symbols
0x26e6e83c480,IsRoadkillImmune,0x0d56e0,B_symbols
0x26e6e83c9c0,GetStrength,0x0d40a7,B_symbols
0x26e6e83cf00,SetDamagePhase,0x0d41e6,B_symbols
0x26e6e83d0c0,UBarracudaJungleCreepComponent,0x0dba19,B_symbols
0x26e6e83d600,ULokiPlayerControllerShopSkylandsComponent,0x0db458,B_symbols
0x26e6e83d7c0,RollNewShopItem,0x0db3c7,B_symbols
0x26e6e83dd00,AuthBuyShopSaleItem,0x0db231,B_symbols
0x26e6e83e400,CanBuyItem,0x0d9219,B_symbols
0x26e6e83e5c0,IsAssetIDEnabled,0x0d8182,B_symbols
0x26e6e83e780,ULokiPlayerControllerArmoryComponent,0x0dad2b,B_symbols
0x26e6e83ee80,GetStarCountForItem,0x0d9321,B_symbols
0x26e6e83f040,GetPlayerState,0x0d8d77,B_symbols
0x26e6e83f200,GetClassFromPrimaryAssetId,0x0d804b,B_symbols
0x26e6e83f580,AuthBuyItem,0x0d8b6b,B_symbols
0x26e6e83f900,AuthDropPowerAtSlot,0x0d8a94,B_symbols
0x26e6e83fac0,HasRecentlyCollidedWithTarget,0x0d484a,B_symbols
0x26e6e873100,UBarracudaTowerTargetingComponent,0x0c6a53,B_symbols
0x26e6e873400,FOnLaneIndexUpdated,0x0c66c5,B_symbols
0x26e6e873700,ABarracudaGameMode,0x0c6b2e,B_symbols
0x26e6e873a00,UBarracudaStructureComponent,0x0c69ed,B_symbols
0x26e6e873d00,FNextRespawnTimeChanged,0x0c68e4,B_symbols
0x26e6e874000,UBarracudaPlayerStateComponent,0x0c6806,B_symbols
0x26e6e874300,UBarracudaMinionTargetingComponent,0x0c657b,B_symbols
0x26e6e874600,UBarracudaLaneCreepTargetingComponent,0x0c671d,B_symbols
0x26e6e874900,UBarracudaLaneComponent,0x0c6669,B_symbols
0x26e6e874c00,UBarracudaJungleCreepTargetingComponent,0x0c65ed,B_symbols
0x26e6e874f00,UBarracudaJungleCreepComponent,0x0c6511,B_symbols
0x26e6e875200,ULokiPlayerControllerShopSkylandsComponent,0x0c6401,B_symbols
0x26e6e875500,ULokiPlayerControllerArmoryComponent,0x0c5fca,B_symbols
0x26e6e875800,ALokiAirship_AS,0x0c5b15,B_symbols
0x26e6e875b00,UBarracudaGameStateComponent,0x0c6947,B_symbols
0x26e6e875e00,UBarracudaRallyMinionsComponent,0x0c6ea8,B_symbols
0x26e6e876100,UBarracudaPlayerSpawnerComponent,0x0c6dc4,B_symbols
0x26e6ed70100,FLokiPodDetachData,0x0cd68a,B_symbols
0x26e6ed70400,ULokiDropPhase_PlayerStateComponent,0x0c99a7,B_symbols
0x26e6ed70700,FExoticItemList,0x0c97f8,B_symbols
0x26e6ed70a00,ULokiExoticLootComponent,0x0c979d,B_symbols
0x26e6ed70d00,URespawnTimerWidget,0x0c975a,B_symbols
0x26e6ed71000,ULokiRespawnComponent,0x0c96b2,B_symbols
0x26e6ed71300,ULokiPlayerRespawnComponent,0x0c963c,B_symbols
0x26e6ed71600,AFFAGameMode,0x0c9444,B_symbols
0x26e6ed71900,UFFABotSpawnerComponent,0x0c92ee,B_symbols
0x26e6ed71c00,UComp_PC_LokiRespawnComponent,0x0c9297,B_symbols
0x26e6ed71f00,FDayEndDelegate,0x0c91d9,B_symbols
0x26e6ed72200,FDayBeginDelegate,0x0c9185,B_symbols
0x26e6ed72500,FDayNightStateChangedDelegate,0x0c9125,B_symbols
0x26e6ed72800,FTimelineChangedDelegate,0x0c90ca,B_symbols
0x26e6ed72b00,ALokiDayNightController_AS,0x0c906d,B_symbols
0x26e6ed72e00,ULokiMajorStatusEffectComponent_AS,0x0c8f27,B_symbols
0x26e6ed73100,ALokiAimingLaser_Huntress,0x0c8ebe,B_symbols
0x26e6ed73400,ALokiAimingLaserSpreadLines_Ronin,0x0c8e45,B_symbols
0x26e6ed73700,ALokiAimingLaserSpreadLines_HookGuy,0x0c8dc8,B_symbols
0x26e6ed73a00,ULokiAimingVisComponentScript,0x0c8b15,B_symbols
0x26e6ed73d00,FLaserScriptOverrides,0x0c8d12,B_symbols
0x26e6ed74000,ALokiAimingLaserSpreadLines,0x0c8bcf,B_symbols
0x26e6ed74300,ALokiAimingLaserRangeMarker,0x0c8b71,B_symbols
0x26e6ed74600,ALokiAimingLaser,0x0c88c9,B_symbols
0x26e6ed74900,FAimingLaserSettings,0x0c8cc6,B_symbols
0x26e6ed74c00,FLaserTraceResult,0x0cce84,B_symbols
0x26e6ed74f00,UTrainMovableBaseComponent,0x0c881d,B_symbols
0x26e6ed75200,UFrontTrainAnchor,0x0c87cb,B_symbols
0x26e6ed75500,UBackTrainAnchor,0x0c877a,B_symbols
0x26e6ed75800,UTrainAnchor,0x0c8705,B_symbols
0x26e6ed75b00,ATemporaryFloor,0x0c849b,B_symbols
0x26e6ed75e00,ULokiHeroGroundIndicator,0x0c8413,B_symbols
0x26e6ed76100,FBiomeTouchUnlockedDelegate,0x0c83c3,B_symbols
0x26e6ed76400,AUAVVaultContentActor,0x0cb02d,B_symbols
0x26e6ed76700,FUAVCharacterGrouping,0x0cad10,B_symbols
0x26e6ed76a00,FActiveUAV,0x0caacc,B_symbols
0x26e6ed76d00,FLokiUAVConfig,0x0ce00f,B_symbols
0x26e6ed77000,AUAVMapActor,0x0cb074,B_symbols
0x26e6ed77300,AUAVAudioPlayer,0x0cabeb,B_symbols
0x26e6ed77600,ULokiPlayerControllerUAVComponent,0x0cac26,B_symbols
0x26e6ed77900,ULokiGameStateUAVComponent,0x0caa7b,B_symbols
0x26e6ed77c00,FOnPracticeRespawnPressedDelegate,0x0caa1b,B_symbols
0x26e6ed77f00,FOnSneakReleasedDelegate,0x0ca9c4,B_symbols
0x26e6ed78200,FOnSneakPressedDelegate,0x0ca96e,B_symbols
0x26e6ed78500,ALokiPlayerController_AS,0x0ca917,B_symbols
0x26e6ed78800,ALokiPlayerCheats_AS,0x0ca89e,B_symbols
0x26e6ed78b00,ULokiDragCameraComponent,0x0ca844,B_symbols
0x26e6ed78e00,ULokiGameStateMostWantedComponent,0x0ca7de,B_symbols
0x26e6ed79100,ULokiNodePathingComponent,0x0ca6cd,B_symbols
0x26e6ed79400,ULokiTeamElimBoxComponent,0x0ca5a4,B_symbols
0x26e6ed79700,ULokiItemVisualsComponent,0x0ca4ee,B_symbols
0x26e6ed79a00,ALokiGem,0x0ca435,B_symbols
0x26e6ed79d00,FOnInteractionReleasedDelegate,0x0ca3d3,B_symbols
0x26e6ed7a000,FOnInteractionPressedDelegate,0x0ca372,B_symbols
0x26e6ed7a300,FOnInteractionUsableChangedDelegate,0x0ca30b,B_symbols
0x26e6ed7a600,ULokiInteractionPlayerComponent,0x0ca17e,B_symbols
0x26e6ed7a900,FLokiUsableData,0x0cd9f5,B_symbols
0x26e6ed7ac00,ALokiGameState_AS,0x0ca0f1,B_symbols
0x26e6ed7af00,ALokiDropShip,0x0ca0ab,B_symbols
0x26e6ed7b200,ALokiDropPodLaser,0x0c9eb2,B_symbols
0x26e6ed7b500,ALokiDropPodImpactIndicator,0x0c9dda,B_symbols
0x26e6ed7b800,FOnPodMoveDirectionChanged,0x0ca059,B_symbols
0x26e6ed7bb00,FOnCrewPodHasDetached,0x0ca00c,B_symbols
0x26e6ed7be00,FOnLeaderPodHasCrewPodDetached,0x0c9fb6,B_symbols
0x26e6ed7c100,FOnPodOutroStarted,0x0c9f6c,B_symbols
0x26e6ed7c400,ALokiDropPod,0x0c9a81,B_symbols
0x26e6ed7c700,TArray,0x0c7fa6,B_symbols
0x26e6ed7cd00,TMap,0x0c77bd,B_symbols
0x26e6ed7d000,TArray,0x0c7b33,B_symbols
0x26e6ed7d300,TSubclassOf,0x0c7aeb,B_symbols
0x26e6ed7d600,TSet,0x0c783f,B_symbols
0x26e6ed7d900,TArray,0x0c7931,B_symbols
0x26e6ed7df00,TMap,0x0c7342,B_symbols
0x26e6ed7e500,TArray,0x0c7175,B_symbols
0x26e6ed7e800,TSubclassOf,0x0c6f56,B_symbols
0x26e6ed7eb00,TMap,0x0c6b7e,B_symbols
0x26e6ed7ee00,TSet,0x0c70d9,B_symbols
0x26e6ed7f400,TMap,0x0c5b95,B_symbols
0x26e6ed7f700,AVaultItemSpawner,0x0cab50,B_symbols
0x26e6ed7fa00,ULokiOffscreenTeamIndicatorWidget_AS,0x0cb263,B_symbols
0x26e6ed7fd00,ULokiWidgetHighlighterHitTestBlocker_AS,0x0cb195,B_symbols
0x26e6ed80240,$beh2,0x0ea5e4,B_symbols
0x26e6ed80940,ABarracudaMinionSpawner,0x0ec848,B_symbols
0x26e6ed80b00,ABarracudaMinionSpawner,0x0ea283,B_symbols
0x26e6ed80cc0,PlaySpawnAudioEvent,0x0eb69d,B_symbols
0x26e6ed80e80,GrantTimerToAllTeams,0x0ea9e3,B_symbols
0x26e6ed81040,GrantTimerToTeam,0x0ec209,B_symbols
0x26e6ed813c0,AuthCheckDayNightSpawn,0x0eabb4,B_symbols
0x26e6ed81580,IsClockBasedSpawning,0x0eaa72,B_symbols
0x26e6ed81740,AuthTryUpdatingNextSpawnTime,0x0ead65,B_symbols
0x26e6ed81900,AuthShouldSpawnWave,0x0eadfc,B_symbols
0x26e6ed81ac0,AuthCleanMinionReferences,0x0eacd1,B_symbols
0x26e6ed81c80,AuthCleanupMinions,0x0eae8a,B_symbols
0x26e6ed81e40,StaggerSpawn,0x0eba11,B_symbols
0x26e6ed82000,BeginStaggerSpawn,0x0eb057,B_symbols
0x26e6ed821c0,SetMinionLevel,0x0eb578,B_symbols
0x26e6ed82380,AuthSpawnWave,0x0eaf17,B_symbols
0x26e6ed82540,HasNextRespawnTime,0x0ec0cb,B_symbols
0x26e6ed82700,IsSpawningAllowed,0x0eac45,B_symbols
0x26e6ed82c40,AuthTryEnablingSpawnLoop,0x0ea6bf,B_symbols
0x26e6ed83180,AuthSetNextSpawnTime,0x0eab01,B_symbols
0x26e6ed836c0,FMinionWave,0x0ea481,B_symbols
0x26e6ed83880,FMinionWaveEntry,0x0ea3a0,B_symbols
0x26e6ed84680,ULokiHeroGroundIndicator,0x0ed2ef,B_symbols
0x26e6ed84840,ULokiHeroGroundIndicator,0x0ecf31,B_symbols
0x26e6ed85b80,opAssign,0x0ece98,B_symbols
0x26e6ed85f00,FBiomeTouchUnlockedDelegate,0x0eccf9,B_symbols
0x26e6ed86280,ALokiHeroCharacter_AS,0x0ecbf4,B_symbols
0x26e6ed86440,ALokiHeroCharacter_AS,0x0ecac5,B_symbols
0x26e6ed867c0,BP_OnClientBiomeSoulAcquired,0x0ecb47,B_symbols
0x26e6ed86ec0,$beh2,0x0eba98,B_symbols
0x26e6ed87240,$beh2,0x0eca19,B_symbols
0x26e6ed87400,ATemporaryFloor,0x0eeeb6,B_symbols
0x26e6ed875c0,ATemporaryFloor,0x0ed4b6,B_symbols
0x26e6ed87780,CalculateCurrentState,0x0ee9bf,B_symbols
0x26e6ed87940,GetNextState,0x0eeab1,B_symbols
0x26e6ed87b00,UpdateLocalState,0x0edb34,B_symbols
0x26e6ed87e80,AuthTryTrigger,0x0ee861,B_symbols
0x26e6ed883c0,NewLocalState,0x0eea3c,B_symbols
0x26e6ed88580,DirtyHeightMap,0x0edbac,B_symbols
0x26e6ed88900,BP_NewLocalState,0x0ee7e9,B_symbols
0x26e6ed88c80,ClientTickRespawning,0x0ee028,B_symbols
0x26e6ed89000,ClientTickDead,0x0edf8e,B_symbols
0x26e6ed89380,ClientTickFading,0x0edef2,B_symbols
0x26e6ed89700,ClientTickTriggered,0x0ede53,B_symbols
0x26e6ed89a80,GetRespawningDuration,0x0edab7,B_symbols
0x26e6ed89e00,GetDeadDuration,0x0eda40,B_symbols
0x26e6ed8a180,GetFadingDuration,0x0ed9c7,B_symbols
0x26e6ed8a500,GetTriggeredDuration,0x0ed94b,B_symbols
0x26e6ed8bbc0,StaticClass,0x0ef5ab,B_symbols
0x26e6ed8bd80,StaticClass,0x0ef516,B_symbols
0x26e6ed8c2c0,UTrainMovableBaseComponent,0x0efdad,B_symbols
0x26e6ed8c480,UTrainMovableBaseComponent,0x0ef2eb,B_symbols
0x26e6ed8c800,GetDistanceAlongSpline,0x0ef7e4,B_symbols
0x26e6ed8cd40,GetLength,0x0ef974,B_symbols
0x26e6ed8cf00,UFrontTrainAnchor,0x0ef48c,B_symbols
0x26e6ed8d0c0,UFrontTrainAnchor,0x0ef261,B_symbols
0x26e6ed8d280,UBackTrainAnchor,0x0ef403,B_symbols
0x26e6ed8d440,UBackTrainAnchor,0x0ef1d8,B_symbols
0x26e6ed8d7c0,UTrainAnchor,0x0ef37e,B_symbols
0x26e6ed8d980,UTrainAnchor,0x0ef153,B_symbols
0x26e6ed8dd00,$beh2,0x0ef0fd,B_symbols
0x26e6ed8e080,$beh2,0x0ef0a7,B_symbols
0x26e6ed8e780,GetLokiHeroCharacter,0x0f0fc2,B_symbols
0x26e6ed8e940,TickLaserHitFlare,0x0f095d,B_symbols
0x26e6ed8eb00,Tick_Implementation,0x0f2d62,B_symbols
0x26e6ed8ecc0,FAimingLaserSettings,0x0f02a6,B_symbols
0x26e6ed8ee80,FLaserTraceResult,0x0f0225,B_symbols
0x26e6ed8f040,GetArmorLevelForPlayer,0x10c57e,B_symbols
0x26e6ed8f200,GetRelicCountForPlayer,0x10c4dc,B_symbols
0x26e6ed90100,TSubclassOf,0x0ce071,B_symbols
0x26e6ed90400,TArray,0x0cae50,B_symbols
0x26e6ed90700,TArray,0x0cad4d,B_symbols
0x26e6ed90d00,TSubclassOf,0x0cdfc7,B_symbols
0x26e6ed91000,TArrayIterator,0x0ce0cc,B_symbols
0x26e6ed91300,TMap,0x0ca668,B_symbols
0x26e6ed91600,TSubclassOf,0x0ca620,B_symbols
0x26e6ed91900,TMap,0x0ca53f,B_symbols
0x26e6ed91f00,TSubclassOf,0x0cdc84,B_symbols
0x26e6ed92200,TArray,0x0c9d11,B_symbols
0x26e6ed92500,TSubclassOf,0x0c9f00,B_symbols
0x26e6ed92800,TSubclassOf,0x0c9e3c,B_symbols
0x26e6ed92b00,TSubclassOf,0x0c9d73,B_symbols
0x26e6ed92e00,TMap,0x0c984a,B_symbols
0x26e6ed93100,TMap,0x0c98d9,B_symbols
0x26e6ed93400,TArrayIterator,0x0cd54b,B_symbols
0x26e6ed93a00,TSet,0x0c95fb,B_symbols
0x26e6ed93d00,TMap,0x0c8fc5,B_symbols
0x26e6ed94000,TArrayConstIterator,0x0cd1e5,B_symbols
0x26e6ed94300,TArray,0x0c8d66,B_symbols
0x26e6ed94600,TSubclassOf,0x0cd147,B_symbols
0x26e6ed94900,TSubclassOf,0x0cd29d,B_symbols
0x26e6ed94c00,TSubclassOf,0x0ccecd,B_symbols
0x26e6ed94f00,TArray,0x0c8ad2,B_symbols
0x26e6ed95200,TMap,0x0c854d,B_symbols
0x26e6ed95500,TMap,0x0c861b,B_symbols
0x26e6ed95b00,TArray,0x0c814c,B_symbols
0x26e6ed95e00,TArray,0x0c830c,B_symbols
0x26e6ed96100,TArray,0x0c824c,B_symbols
0x26e6ed96700,TSetIterator,0x0cbeaf,B_symbols
0x26e6ed96a00,TSetConstIterator,0x0ce261,B_symbols
0x26e6ed97000,TArrayIterator,0x0cbd65,B_symbols
0x26e6ed97300,TArrayConstIterator,0x0cbe00,B_symbols
0x26e6ed97900,TArrayIterator,0x0cbc31,B_symbols
0x26e6ed98500,TArrayIterator,0x0cb8bb,B_symbols
0x26e6ed98800,TArrayIterator,0x0cb6ac,B_symbols
0x26e6ed99400,TArrayIterator,0x0cb5a4,B_symbols
0x26e6ed99700,TArrayConstIterator,0x0cb71a,B_symbols
0x26e6ed99d00,TArrayIterator,0x0cb4c9,B_symbols
0x26e6ed9a000,TArrayConstIterator,0x0ce211,B_symbols
0x26e6ed9a600,TSubclassOf,0x0cb3ec,B_symbols
0x26e6ed9b800,TSubclassOf,0x0ce3f2,B_symbols
0x26e6ed9bb00,TSubclassOf,0x0ce39a,B_symbols
0x26e6ed9be00,TArray,0x0cab91,B_symbols
0x26e6ed9c100,TArray,0x0caafe,B_symbols
0x26e6ed9ca00,TSetConstIterator,0x0cc547,B_symbols
0x26e6ed9cd00,TArrayIterator,0x0cc4df,B_symbols
0x26e6ed9d300,TMapIterator,0x0cc455,B_symbols
0x26e6ed9d900,TArrayIterator,0x0cc40a,B_symbols
0x26e6ed9e200,TArrayIterator,0x0cc397,B_symbols
0x26e6ed9e800,TArrayIterator,0x0cc2d9,B_symbols
0x26e6ed9ee00,TArrayIterator,0x0cc28e,B_symbols
0x26e6ed9f400,TSetIterator,0x0cc228,B_symbols
0x26e6ed9f700,TSetIterator,0x0cc09b,B_symbols
0x26e6ed9fd00,TSetIterator,0x0cbef8,B_symbols
0x26e6eda0080,SetLimitLaserToCursorUserSetting,0x0f4e0f,B_symbols
0x26e6eda0240,SetBrightness,0x0f4c06,B_symbols
0x26e6eda0400,SetHitFlareNiagaraSystem,0x0f4b5a,B_symbols
0x26e6eda05c0,SetEndpointMaterial,0x0f4ab3,B_symbols
0x26e6eda0780,SetLaserMaterial,0x0f4a0f,B_symbols
0x26e6eda0940,SetHueShift,0x0f534a,B_symbols
0x26e6eda0b00,SetMaxDistance,0x0f3e95,B_symbols
0x26e6eda0cc0,SetProjectileSpawnLocation,0x0f455f,B_symbols
0x26e6eda1040,SetVisibilityOnAll,0x0f0480,B_symbols
0x26e6eda1200,OnLaserSettingsIndexChanged_Implementation,0x0f6744,B_symbols
0x26e6eda13c0,OnLaserSettingsIndexChanged,0x0f4ca7,B_symbols
0x26e6eda1580,GetCurrentLaserSettingsIndex,0x0f6b26,B_symbols
0x26e6eda1740,OnLaserSpawned_Implementation,0x0f2e91,B_symbols
0x26e6eda1900,OnLaserSpawned,0x0f46e4,B_symbols
0x26e6eda1c80,CustomEvent3,0x0f52aa,B_symbols
0x26e6eda2000,CustomEvent2,0x0f520a,B_symbols
0x26e6eda2380,CustomEvent1,0x0f516a,B_symbols
0x26e6eda2700,CustomEvent0,0x0f50ca,B_symbols
0x26e6eda28c0,GetLimitLaserToCursor,0x0f0773,B_symbols
0x26e6eda2e00,opAssign,0x0f2351,B_symbols
0x26e6eda2fc0,$beh2,0x0f23ce,B_symbols
0x26e6eda3180,DoLaserTrace,0x0f0606,B_symbols
0x26e6eda3340,CalculateCursorPathTime,0x0f057f,B_symbols
0x26e6eda3500,UpdateOwner,0x0f0f23,B_symbols
0x26e6eda36c0,IsOwnerLocallyControlled,0x0f1127,B_symbols
0x26e6eda3880,ValidateOwner,0x0f0380,B_symbols
0x26e6eda3dc0,ALokiAimingLaserSpreadLines,0x0f36ac,B_symbols
0x26e6eda3f80,ALokiAimingLaserSpreadLines,0x0f304b,B_symbols
0x26e6eda4140,PauseBloomVisualOnShot,0x0f3570,B_symbols
0x26e6eda44c0,Tick_Implementation,0x0f60b6,B_symbols
0x26e6eda4d80,ALokiAimingLaserRangeMarker,0x0f2f1e,B_symbols
0x26e6eda4f40,ALokiAimingLaserRangeMarker,0x0f2ccc,B_symbols
0x26e6eda5100,OnLaserSpawned_Implementation,0x0f6649,B_symbols
0x26e6eda5480,SetRangeMarkerMaterial,0x0f56dc,B_symbols
0x26e6eda5640,SetRangeMarkerDistance,0x0f5627,B_symbols
0x26e6eda5800,SetShowRangeMarker,0x0f5576,B_symbols
0x26e6eda60c0,ALokiAimingLaser,0x0f2bcb,B_symbols
0x26e6eda6280,ALokiAimingLaser,0x0f01a5,B_symbols
0x26e6eda6440,OnUpdateProgress_Implementation,0x0f6a73,B_symbols
0x26e6eda6600,OnUpdateProgress,0x0f2996,B_symbols
0x26e6eda67c0,TickProgress,0x0f0dad,B_symbols
0x26e6eda6980,RestartProgressSequence,0x0f4ffb,B_symbols
0x26e6eda6b40,ResetProgress,0x0f2919,B_symbols
0x26e6eda6d00,SetProgressCurve,0x0f4f57,B_symbols
0x26e6eda6ec0,UsesProgressSequence,0x0f0d29,B_symbols
0x26e6eda7080,ClearOverrideLimitLaserToCursor,0x0f48ec,B_symbols
0x26e6eda7240,OverrideLimitLaserToCursor,0x0f483e,B_symbols
0x26e6eda7400,OnLimitLaserToCursorChanged,0x0f3a0c,B_symbols
0x26e6eda7780,OnShowAimingLaserChanged,0x0f397d,B_symbols
0x26e6eda7b00,OnLivingStateChangedLaser,0x0f5ceb,B_symbols
0x26e6eda7e80,SwitchLaserSettingsInternal,0x0f422b,B_symbols
0x26e6eda8040,DestroyLaser,0x0f03fd,B_symbols
0x26e6eda83c0,SpawnLaser,0x0f4186,B_symbols
0x26e6eda8900,InitClientLaser,0x0f3a9e,B_symbols
0x26e6eda8e40,HasValidAimingLaser,0x0f3d8f,B_symbols
0x26e6eda91c0,UsesAimingLaser,0x0f3f37,B_symbols
0x26e6eda9380,ValidateLaser,0x0f4102,B_symbols
0x26e6eda9540,IsOwnerLocallyControlled,0x0f3b8b,B_symbols
0x26e6eda9700,ValidateOwner,0x0f38f9,B_symbols
0x26e6eda9c40,GetBonusPrimaryAttackDistance,0x0f497b,B_symbols
0x26e6edaaa40,FLaserScriptOverrides,0x0f386d,B_symbols
0x26e6edae400,ClientLaserSetVisibility,0x0f4631,B_symbols
0x26e6edaee80,ClientSetHeightIndicatorVisibility,0x0f5c2e,B_symbols
0x26e6edaf580,DestroyHeightIndicator,0x0f5d9f,B_symbols
0x26e6edaf740,HasValidHeightIndicator,0x0f2111,B_symbols
0x26e6edc0240,SetMaxRangeFromRMB,0x0f6d2c,B_symbols
0x26e6edc0400,OnSwapToUlt,0x0f69e0,B_symbols
0x26e6edc05c0,OnSwapToRMB,0x0f694d,B_symbols
0x26e6edc0780,OnSwapToBase,0x0f68b9,B_symbols
0x26e6edc0940,OnSwapToLMB,0x0f6826,B_symbols
0x26e6edc0e80,UpdateProgressRMB,0x0f6c6f,B_symbols
0x26e6edc1040,UpdateProgressLMB,0x0f6bb2,B_symbols
0x26e6edc1740,ALokiAimingLaserSpreadLines_Ronin,0x0f6384,B_symbols
0x26e6edc1900,ALokiAimingLaserSpreadLines_Ronin,0x0f62d3,B_symbols
0x26e6edc21c0,ALokiAimingLaserSpreadLines_HookGuy,0x0f6168,B_symbols
0x26e6edc2380,ALokiAimingLaserSpreadLines_HookGuy,0x0f6001,B_symbols
0x26e6edc28c0,$beh2,0x0f5fab,B_symbols
0x26e6edc2e00,Get,0x0efeb4,B_symbols
0x26e6edc3340,ULokiAimingVisComponentScript,0x0f5e2c,B_symbols
0x26e6edc3500,ULokiAimingVisComponentScript,0x0f37d9,B_symbols
0x26e6edc3a40,ALokiDayNightController_AS,0x0f7674,B_symbols
0x26e6edc3dc0,BP_CheatDayToNight,0x0f786f,B_symbols
0x26e6edc4140,BP_CheatNightToDay,0x0f77be,B_symbols
0x26e6edc44c0,BP_IsCharacterInShadow,0x0f7709,B_symbols
0x26e6edc5100,$beh2,0x0f761e,B_symbols
0x26e6edc59c0,ULokiMajorStatusEffectComponent_AS,0x0f7483,B_symbols
0x26e6edc5b80,ULokiMajorStatusEffectComponent_AS,0x0f6f09,B_symbols
0x26e6edc5f00,BP_EffectRemainingDuration,0x0f7192,B_symbols
0x26e6edc6980,ALokiAimingLaser_Huntress,0x0f6dc6,B_symbols
0x26e6edc6b40,ALokiAimingLaser_Huntress,0x0f64e7,B_symbols
0x26e6edc7080,SetShowProgressMarker,0x0f6588,B_symbols
0x26e6edc75c0,opAssign,0x0f8161,B_symbols
0x26e6edc7940,FDayEndDelegate,0x0f7c02,B_symbols
0x26e6edc8580,opAssign,0x0f80ba,B_symbols
0x26e6edc8900,FDayBeginDelegate,0x0f7b76,B_symbols
0x26e6edc9540,opAssign,0x0f8013,B_symbols
0x26e6edc98c0,FDayNightStateChangedDelegate,0x0f7ade,B_symbols
0x26e6edca500,opAssign,0x0f7ed1,B_symbols
0x26e6edca880,FTimelineChangedDelegate,0x0f7a4b,B_symbols
0x26e6edcac00,ALokiDayNightController_AS,0x0f7920,B_symbols
0x26e6edcadc0,ResetArmor,0x0f93e4,B_symbols
0x26e6edcb140,OnCharacterRespawned,0x0f8edb,B_symbols
0x26e6edcb840,InitPlayer,0x0f9069,B_symbols
0x26e6edcc480,UFFABotSpawnerComponent,0x0f8d79,B_symbols
0x26e6edcc640,UFFABotSpawnerComponent,0x0f8900,B_symbols
0x26e6edcd440,UComp_PC_LokiRespawnComponent,0x0f8871,B_symbols
0x26e6edcd600,UComp_PC_LokiRespawnComponent,0x0f8537,B_symbols
0x26e6edce780,CheckSetInitialRespawn,0x0f9c9a,B_symbols
0x26e6edce940,OnRoundPhaseChanged,0x0f9ae3,B_symbols
0x26e6edceb00,OnPlayerStartsCreated,0x0f9c15,B_symbols
0x26e6edcf200,$beh2,0x0f9a02,B_symbols
0x26e6edcf900,AFFAGameMode,0x0f9825,B_symbols
0x26e6edcfac0,AFFAGameMode,0x0f8e6e,B_symbols
0x26e6edcfe40,AddBandages,0x0f9354,B_symbols
0x26e6ede0080,ULokiRespawnComponent,0x0fac52,B_symbols
0x26e6ede0240,ULokiRespawnComponent,0x0fa310,B_symbols
0x26e6ede05c0,GetPlayerRespawnComponent,0x0fa4fd,B_symbols
0x26e6ede0940,ShouldSpawnBot,0x0fa485,B_symbols
0x26e6ede0b00,Respawn,0x0fa0b8,B_symbols
0x26e6ede1040,GetValidPlayerStart,0x0fa811,B_symbols
0x26e6ede1580,GeneratePlayerStarts,0x0fa38f,B_symbols
0x26e6ede2000,StaticClass,0x0faa32,B_symbols
0x26e6ede2380,ULokiPlayerRespawnComponent,0x0fa14d,B_symbols
0x26e6ede2540,ULokiPlayerRespawnComponent,0x0f9a58,B_symbols
0x26e6ede28c0,AuthRequestRespawn,0x0fafcb,B_symbols
0x26e6ede2a80,Respawn,0x0f9fc4,B_symbols
0x26e6ede2e00,SetRespawnTime,0x0f9e44,B_symbols
0x26e6ede2fc0,ScheduleRespawn,0x0f9f45,B_symbols
0x26e6ede3340,GetSpawnDelay,0x0fa03b,B_symbols
0x26e6ede3500,ShouldScheduleRespawn,0x0f9dbf,B_symbols
0x26e6ede3f80,$beh2,0x0fbe6e,B_symbols
0x26e6ede4300,$beh2,0x0fbe18,B_symbols
0x26e6ede4bc0,FExoticItemList,0x0fb2c7,B_symbols
0x26e6ede4f40,ULokiExoticLootComponent,0x0fbc45,B_symbols
0x26e6ede5100,ULokiExoticLootComponent,0x0fb0c8,B_symbols
0x26e6ede52c0,GenerateLootForDay,0x0fb442,B_symbols
0x26e6ede5480,GenerateExotics,0x0fb1df,B_symbols
0x26e6ede5b80,URespawnTimerWidget,0x0fb04d,B_symbols
0x26e6ede5d40,URespawnTimerWidget,0x0fad51,B_symbols
0x26e6ede6440,UpdateTimerText,0x0faf30,B_symbols
0x26e6ede7080,StaticClass,0x0f9b8a,B_symbols
0x26e6ede75c0,FLokiPodDetachData,0x0fd565,B_symbols
0x26e6ede8040,ULokiDropPhase_PlayerStateComponent,0x0fd394,B_symbols
0x26e6ede8200,ULokiDropPhase_PlayerStateComponent,0x0fbec4,B_symbols
0x26e6ede8580,ServerUpdatePodMovement,0x0fd2d2,B_symbols
0x26e6ede8740,UpdatePodMovement,0x0fc615,B_symbols
0x26e6ede8900,HasDropPodControl,0x0fc57d,B_symbols
0x26e6ede8c80,ServerDetachPodFromLeader,0x0fd0c4,B_symbols
0x26e6ede8e40,DetachPodFromLeader,0x0fcf5f,B_symbols
0x26e6ede9000,CalculateDetachDirection,0x0fcd21,B_symbols
0x26e6ede91c0,UpdatePodControl,0x0fce08,B_symbols
0x26e6ede9380,ProcessMovement,0x0fc770,B_symbols
0x26e6ede9540,UpdateDropLocationCursor,0x0fc6d1,B_symbols
0x26e6ede9700,IsLocalClient,0x0fbf6e,B_symbols
0x26e6ede9fc0,TryStartSteering,0x0fc4e6,B_symbols
0x26e6edea6c0,GetInputTimeForDetach,0x0fcec3,B_symbols
0x26e6edea880,OnDropPodStartedWithPilot,0x0fc15a,B_symbols
0x26e6edeadc0,InitializeDetachingPodFromLeader,0x0ff064,B_symbols
0x26e6edeaf80,StartDetachingPodFromLeader,0x0fecd9,B_symbols
0x26e6edeb140,ConvertDirectionToVector,0x0fee06,B_symbols
0x26e6edeb300,DetachPodFromLeader,0x0fd01d,B_symbols
0x26e6edeb840,SetLeaderPodDetachState,0x0ff148,B_symbols
0x26e6edebbc0,SetCrewPodDetachState,0x0fc2b2,B_symbols
0x26e6edebf40,UpdateDropPhaseHiddenActors,0x0fd807,B_symbols
0x26e6edec2c0,BP_OnPrematurePodDestruction,0x0fe7e9,B_symbols
0x26e6edec640,TransitionCameraToPlayer,0x0fda72,B_symbols
0x26e6edec800,TransitionCameraToCrewPod,0x0fdafa,B_symbols
0x26e6edec9c0,TransitionCameraToLeaderPod,0x0fdb83,B_symbols
0x26e6edecb80,StartDestroyPod,0x0fec5a,B_symbols
0x26e6edecd40,StartPodMovement,0x0fe127,B_symbols
0x26e6edecf00,KickPlayersFromPod,0x0fe767,B_symbols
0x26e6eded0c0,SetDropPodState,0x0fde41,B_symbols
0x26e6eded280,IsPlayerStateAssociated,0x0fe26e,B_symbols
0x26e6eded600,PreparePodForDetach,0x0ff3bd,B_symbols
0x26e6eded7c0,PreparePodForAttach,0x0fdee4,B_symbols
0x26e6ededd00,BP_StartPodGameplay,0x0fdf67,B_symbols
0x26e6ededec0,StartPodGameplay,0x0fd644,B_symbols
0x26e6edee080,InitializeDropPod,0x0ffcf6,B_symbols
0x26e6edee780,SpawnLaserIndicator,0x100048,B_symbols
0x26e6edee940,SpawnImpactIndicator,0x0fdd99,B_symbols
0x26e6edeeb00,AllowPodSteeringEnded,0x0fe5d7,B_symbols
0x26e6edeecc0,AllowPodSteeringStarted,0x1000ef,B_symbols
0x26e6edef3c0,SpawnCrewPod,0x0ff897,B_symbols
0x26e6edef580,SpawnCrewPodQueue,0x0ff816,B_symbols
0x26e6edef740,QueueCrewForPodSpawn,0x0fdc96,B_symbols
0x26e6edef900,IsPlayerStatePilot,0x0fd22c,B_symbols
0x26e6edefac0,UpdateDetachingPodFromLeader,0x0fd77b,B_symbols
0x26e6edefc80,FinishDetachingPodFromLeader,0x0ff688,B_symbols
0x26e6ee00240,Broadcast,0x0ff23b,B_symbols
0x26e6ee00400,opAssign,0x101cb5,B_symbols
0x26e6ee00780,FOnCrewPodHasDetached,0x10157c,B_symbols
0x26e6ee01200,Broadcast,0x0ff2fc,B_symbols
0x26e6ee013c0,opAssign,0x101c19,B_symbols
0x26e6ee01740,FOnLeaderPodHasCrewPodDetached,0x1014ee,B_symbols
0x26e6ee021c0,Broadcast,0x100176,B_symbols
0x26e6ee02380,opAssign,0x101b7d,B_symbols
0x26e6ee02700,FOnPodOutroStarted,0x10146c,B_symbols
0x26e6ee028c0,ALokiDropPod,0x10121b,B_symbols
0x26e6ee02a80,ALokiDropPod,0x0fd4e9,B_symbols
0x26e6ee02c40,UpdatePodMovement,0x0fd892,B_symbols
0x26e6ee02e00,UpdateCharacterLocations,0x0fd95b,B_symbols
0x26e6ee02fc0,SetCharacterLanding,0x100ee1,B_symbols
0x26e6ee03180,BroadcastDirectionEvent,0x100fac,B_symbols
0x26e6ee03340,UpdateAttachedPodLaserIndicator,0x0fd9e3,B_symbols
0x26e6ee03500,UpdateGroundLaserAtLocation,0x1006be,B_symbols
0x26e6ee036c0,DestroyLaserIndicator,0x0fe6e2,B_symbols
0x26e6ee03880,DestroyImpactIndicator,0x0fe65c,B_symbols
0x26e6ee03a40,ALokiDropPodImpactIndicator,0x101ded,B_symbols
0x26e6ee03dc0,OnLandingRadiusChanged,0x101fab,B_symbols
0x26e6ee04140,OnDropPodReplicated,0x101f19,B_symbols
0x26e6ee04300,SetLandingRangeRadius,0x101163,B_symbols
0x26e6ee044c0,CheckIndicatorReady,0x101e87,B_symbols
0x26e6ee04bc0,InitializeIndicator,0x10040c,B_symbols
0x26e6ee05100,$beh2,0x101802,B_symbols
0x26e6ee052c0,opAssign,0x100518,B_symbols
0x26e6ee05480,opAssign,0x100312,B_symbols
0x26e6ee05640,opAssign,0x0ffa7f,B_symbols
0x26e6ee06600,Broadcast,0x100b17,B_symbols
0x26e6ee067c0,opAssign,0x101d51,B_symbols
0x26e6ee06b40,FOnPodMoveDirectionChanged,0x101601,B_symbols
0x26e6ee083c0,FLokiUsableData,0x102640,B_symbols
0x26e6ee08580,Clear,0x10286f,B_symbols
0x26e6ee08740,SetData,0x103cf0,B_symbols
0x26e6ee08900,NotEquals,0x103fa5,B_symbols
0x26e6ee091c0,ALokiGameState_AS,0x10252b,B_symbols
0x26e6ee09380,ALokiGameState_AS,0x1024b1,B_symbols
0x26e6ee098c0,ALokiDropShip,0x102433,B_symbols
0x26e6ee09a80,ALokiDropShip,0x1021e6,B_symbols
0x26e6ee09c40,GetTeamDropLeader,0x102264,B_symbols
0x26e6ee0a340,ALokiDropPodLaser,0x102160,B_symbols
0x26e6ee0a500,ALokiDropPodLaser,0x1020da,B_symbols
0x26e6ee0a6c0,InitializeIndicator,0x100612,B_symbols
0x26e6ee0ac00,ALokiDropPodImpactIndicator,0x102040,B_symbols
0x26e6ee0af80,FOnInteractionPressedDelegate,0x1045c2,B_symbols
0x26e6ee0ba00,Broadcast,0x103aca,B_symbols
0x26e6ee0bbc0,opAssign,0x104966,B_symbols
0x26e6ee0bf40,FOnInteractionUsableChangedDelegate,0x104523,B_symbols
0x26e6ee0c100,ULokiInteractionPlayerComponent,0x1043ec,B_symbols
0x26e6ee0c2c0,ULokiInteractionPlayerComponent,0x1025a5,B_symbols
0x26e6ee0c480,TryProcessingBufferedInput,0x102a9a,B_symbols
0x26e6ee0c640,CanProcessBufferedInteraction,0x1042bb,B_symbols
0x26e6ee0c800,StopProcessInteractionBuffer,0x104354,B_symbols
0x26e6ee0c9c0,StartProcessInteractionBuffer,0x103ddf,B_symbols
0x26e6ee0cb80,ResetInteractionsCooldown,0x103e78,B_symbols
0x26e6ee0cd40,InteractionsAreOnCooldown,0x102a05,B_symbols
0x26e6ee0cf00,ActivateUsable,0x10404e,B_symbols
0x26e6ee0d0c0,ProcessActiveInteraction,0x102dca,B_symbols
0x26e6ee0d280,IsInUsableList,0x1036bc,B_symbols
0x26e6ee0d440,UpdateSelectedUsable,0x10362c,B_symbols
0x26e6ee0d600,ProcessInteractionSelection,0x10296e,B_symbols
0x26e6ee0d980,OnAbilitySystemInitializedCalled,0x10336e,B_symbols
0x26e6ee0dd00,ShouldCancelActiveUsableInteraction,0x103530,B_symbols
0x26e6ee0dec0,CancelActiveUsable,0x102bd1,B_symbols
0x26e6ee0e080,ClearUsables,0x1030f8,B_symbols
0x26e6ee0e240,OnSpawnedCharacterChangedCalled,0x103039,B_symbols
0x26e6ee0ecc0,Broadcast,0x102e5e,B_symbols
0x26e6ee0ee80,opAssign,0x104ab6,B_symbols
0x26e6ee0f200,FOnInteractionReleasedDelegate,0x10465b,B_symbols
0x26e6ee0fc80,Broadcast,0x1040fc,B_symbols
0x26e6ee0fe40,opAssign,0x104a0e,B_symbols
0x26e6ee10080,ULokiItemVisualsComponent,0x106114,B_symbols
0x26e6ee10240,ULokiItemVisualsComponent,0x105628,B_symbols
0x26e6ee10780,EvaluateItemPreferred,0x105c51,B_symbols
0x26e6ee10b00,EvaluateItemRecommended,0x105a2c,B_symbols
0x26e6ee11900,GetGemStartingLocationInDirection,0x104d6f,B_symbols
0x26e6ee11c80,ALokiGem,0x105559,B_symbols
0x26e6ee11e40,ALokiGem,0x104b5e,B_symbols
0x26e6ee121c0,SetToHeightMapLevel,0x104f18,B_symbols
0x26e6ee12540,TossInDirection,0x10534c,B_symbols
0x26e6ee12c40,EnableGemCollision,0x104f8a,B_symbols
0x26e6ee13c00,BuildNodeActorList,0x107b78,B_symbols
0x26e6ee13f80,OnAIControllerInitialized,0x107815,B_symbols
0x26e6ee144c0,InitializeAIController,0x107684,B_symbols
0x26e6ee14bc0,$beh2,0x1075a3,B_symbols
0x26e6ee14d80,opAssign,0x1063b2,B_symbols
0x26e6ee15800,ULokiTeamElimBoxComponent,0x1073bd,B_symbols
0x26e6ee159c0,ULokiTeamElimBoxComponent,0x1062d3,B_symbols
0x26e6ee15d40,PostTransferToTeamElimBox,0x106c63,B_symbols
0x26e6ee160c0,ShouldTransferItem,0x106fa3,B_symbols
0x26e6ee16280,TransferKilledPlayerGold,0x106b93,B_symbols
0x26e6ee16440,TransferInventoryItems,0x106aa1,B_symbols
0x26e6ee16600,FindLocationForBox,0x106814,B_symbols
0x26e6ee16b40,$beh2,0x10627d,B_symbols
0x26e6ee17b00,ULokiDragCameraComponent,0x108b05,B_symbols
0x26e6ee17cc0,ULokiDragCameraComponent,0x1083fc,B_symbols
0x26e6ee17e80,GetLocalPawn,0x10860d,B_symbols
0x26e6ee18040,GetPlayerController,0x108693,B_symbols
0x26e6ee18200,GetCursorScreenLocation,0x10848e,B_symbols
0x26e6ee18580,NotifyInputReleased,0x108720,B_symbols
0x26e6ee191c0,ULokiGameStateMostWantedComponent,0x10835e,B_symbols
0x26e6ee19380,ULokiGameStateMostWantedComponent,0x108214,B_symbols
0x26e6ee19fc0,ULokiNodePathingComponent,0x1080fd,B_symbols
0x26e6ee1a180,ULokiNodePathingComponent,0x1075f9,B_symbols
0x26e6ee1a340,FindRandomPathingActor,0x107acc,B_symbols
0x26e6ee1a500,FindClosestPathingActor,0x10791d,B_symbols
0x26e6ee1a6c0,MoveToActor,0x107e84,B_symbols
0x26e6ee1a880,OnFinishedRotatingToActor,0x107df9,B_symbols
0x26e6ee1aa40,UpdateRotationToActor,0x10770c,B_symbols
0x26e6ee1ac00,StartRotatingToActor,0x1079a6,B_symbols
0x26e6ee1b140,AuthCheatBarracudaToggleDayNightCycle,0x10987a,B_symbols
0x26e6ee1ba00,AuthCheatBarracudaToggleSpawnerType,0x1097c0,B_symbols
0x26e6ee1bd80,AuthCheatBarracudaNextPhase,0x109634,B_symbols
0x26e6ee1c480,AuthCheatExecuteUAV,0x109413,B_symbols
0x26e6ee1c9c0,AuthCheatUnlockFullArmory,0x1092a4,B_symbols
0x26e6ee1cf00,AuthCheatGrantGems,0x1091fb,B_symbols
0x26e6ee1d440,AuthCheatGrantGold,0x1090f3,B_symbols
0x26e6ee1d980,AuthCheatToggleManaRegen,0x109068,B_symbols
0x26e6ee1dec0,AuthCheatToggleHealthRegen,0x108dda,B_symbols
0x26e6ee1e240,RunCommand,0x109f22,B_symbols
0x26e6ee1eb00,TickAutoJump,0x108c1e,B_symbols
0x26e6ee1f900,ServerSpawnWispAS,0x109e56,B_symbols
0x26e6ee1fac0,GetMyLocation,0x109dd6,B_symbols
0x26e6ee1fe40,AuthCheatBarracudaAdvanceDayNightCycle,0x109912,B_symbols
0x26e6ee30940,opAssign,0x10a9d9,B_symbols
0x26e6ee30cc0,FOnSneakReleasedDelegate,0x10a657,B_symbols
0x26e6ee31900,opAssign,0x10a936,B_symbols
0x26e6ee31c80,FOnSneakPressedDelegate,0x10a5c9,B_symbols
0x26e6ee31e40,ALokiPlayerController_AS,0x10a4aa,B_symbols
0x26e6ee32000,ALokiPlayerController_AS,0x10a26c,B_symbols
0x26e6ee32380,BP_OnSpectatorMapMove,0x10a41e,B_symbols
0x26e6ee32700,BP_OnClientGliderDectivated,0x10a38c,B_symbols
0x26e6ee32a80,BP_OnClientGliderActivated,0x10a2fb,B_symbols
0x26e6ee336c0,ALokiPlayerCheats_AS,0x10a107,B_symbols
0x26e6ee33880,ALokiPlayerCheats_AS,0x108b97,B_symbols
0x26e6ee33a40,opAssign,0x10d77b,B_symbols
0x26e6ee33c00,$beh2,0x10d5a6,B_symbols
0x26e6ee33dc0,CleanupUAV,0x10ae90,B_symbols
0x26e6ee33f80,NotifyTeamBlockedUAV,0x10b788,B_symbols
0x26e6ee34140,IsTeamUAVImmune,0x10b6e6,B_symbols
0x26e6ee34300,IsValidUAVTarget,0x10b82f,B_symbols
0x26e6ee344c0,PulseIndividual,0x10b9b6,B_symbols
0x26e6ee34680,GenerateFuzzyLocation,0x10c620,B_symbols
0x26e6ee34840,IsCharacterUAVImmune,0x10bffa,B_symbols
0x26e6ee34a00,GetLargestCharacterGrouping,0x10c91e,B_symbols
0x26e6ee34bc0,MakeCharacterGroupings,0x10c189,B_symbols
0x26e6ee34d80,opAssign,0x10cb35,B_symbols
0x26e6ee34f40,$beh2,0x10c81a,B_symbols
0x26e6ee35100,PulseTeam,0x10b8f6,B_symbols
0x26e6ee352c0,RevealVaultContents,0x10ba7c,B_symbols
0x26e6ee35480,ShouldUpgradeUAV,0x10b643,B_symbols
0x26e6ee35640,PulseUAV,0x10acb3,B_symbols
0x26e6ee359c0,ExecuteUAV,0x10954f,B_symbols
0x26e6ee36d00,opAssign,0x10aa7c,B_symbols
0x26e6ee37080,FOnPracticeRespawnPressedDelegate,0x10a6e6,B_symbols
0x26e6ee37780,opAssign,0x10e021,B_symbols
0x26e6ee37940,opAssign,0x10de53,B_symbols
0x26e6ee38040,StaticClass,0x10bb22,B_symbols
0x26e6ee38200,ULokiPlayerControllerUAVComponent,0x10ea4c,B_symbols
0x26e6ee383c0,ULokiPlayerControllerUAVComponent,0x10dc0e,B_symbols
0x26e6ee38ac0,ClientNotifyLocalRadarInstigator,0x10e224,B_symbols
0x26e6ee39000,ClientNotifyLocalRadarEmpty,0x10bbc5,B_symbols
0x26e6ee39540,$beh2,0x10dbb8,B_symbols
0x26e6ee398c0,$beh2,0x10db62,B_symbols
0x26e6ee39a80,opAssign,0x10b1e6,B_symbols
0x26e6ee3a500,ULokiGameStateUAVComponent,0x10d9a3,B_symbols
0x26e6ee3a6c0,ULokiGameStateUAVComponent,0x10ab1f,B_symbols
0x26e6ee3aa40,OnVaultDestroyed,0x10d883,B_symbols
0x26e6ee3ac00,GetAllTeamVaultDataComponents,0x10d3da,B_symbols
0x26e6ee3b300,AUAVVaultContentActor,0x10f348,B_symbols
0x26e6ee3b4c0,AUAVVaultContentActor,0x10f079,B_symbols
0x26e6ee3bd80,VaultDataItemUpdated,0x10f250,B_symbols
0x26e6ee3c480,AUAVMapActor,0x10f00c,B_symbols
0x26e6ee3c640,AUAVMapActor,0x10ed0d,B_symbols
0x26e6ee3cb80,Init,0x10e895,B_symbols
0x26e6ee3cf00,ClientUpdateIcon,0x10ef77,B_symbols
0x26e6ee3d0c0,FUAVCharacterGrouping,0x10cbb2,B_symbols
0x26e6ee3d280,FActiveUAV,0x10b126,B_symbols
0x26e6ee3d440,Cleanup,0x10d373,B_symbols
0x26e6ee3d600,ObfuscateLocation,0x10cf5b,B_symbols
0x26e6ee3d7c0,GetPulseLifespan,0x10c119,B_symbols
0x26e6ee3d980,ShouldPulse,0x10ac24,B_symbols
0x26e6ee3db40,FLokiUAVConfig,0x1094e1,B_symbols
0x26e6ee3dd00,IsInfiniteDuration,0x10ad4e,B_symbols
0x26e6ee3e400,AUAVAudioPlayer,0x10ec9a,B_symbols
0x26e6ee3e5c0,AUAVAudioPlayer,0x10ec27,B_symbols
0x26e6ee3e780,GetDoor,0x10b0b7,B_symbols
0x26e6ee3eb00,GetItemsForUAV,0x10be4f,B_symbols
0x26e6ee3ee80,ULokiOffscreenTeamIndicatorWidget_AS,0x1100ca,B_symbols
0x26e6ee3f040,ULokiOffscreenTeamIndicatorWidget_AS,0x10fe2c,B_symbols
0x26e6ee3f900,ULokiWidgetHighlighterHitTestBlocker_AS,0x10fd8d,B_symbols
0x26e6ee3fac0,ULokiWidgetHighlighterHitTestBlocker_AS,0x10f447,B_symbols
0x26e6ee50080,~ALokiAimingLaserSpreadLines,0x0f3742,B_symbols
0x26e6ee50240,~ALokiAimingLaserRangeMarker,0x0f2fb4,B_symbols
0x26e6ee50400,~ALokiAimingLaser,0x0f2c4b,B_symbols
0x26e6ee505c0,~ATemporaryFloor,0x0eef2d,B_symbols
0x26e6ee50780,~ALokiHeroCharacter_AS,0x0ecc76,B_symbols
0x26e6ee50940,~FBiomeTouchUnlockedDelegate,0x0ecd81,B_symbols
0x26e6ee50b00,~ABarracudaMinionSpawner,0x0ec8da,B_symbols
0x26e6ee50cc0,~FMinionWave,0x0ea507,B_symbols
0x26e6ee50e80,~UBarraucdaShopFilterWidget,0x0ea142,B_symbols
0x26e6ee51040,~FBarracudaShopTagFilter,0x0ea01c,B_symbols
0x26e6ee51200,~UBarracudaShopItemTreeWidget,0x0e94a2,B_symbols
0x26e6ee513c0,~ABarracudaShop,0x0e7743,B_symbols
0x26e6ee51580,~FBarracudaShopPurchasePlan,0x0e55fa,B_symbols
0x26e6ee51740,~UBarracudaShopItemGraphNode,0x0e5390,B_symbols
0x26e6ee51900,~UBTService_BarracudaUpdateMinionWaypoint,0x0e50a2,B_symbols
0x26e6ee51ac0,~ABarracudaTeamState_TeamOnly,0x0e3628,B_symbols
0x26e6ee51c80,~FOnTeamKillsUpdated,0x0e2a28,B_symbols
0x26e6ee51e40,~FOnDragonKillsUpdated,0x0e2abd,B_symbols
0x26e6ee52000,~UBarracudaGameStateComponent,0x0e265c,B_symbols
0x26e6ee521c0,~UBarracudaPlayerSpawnerComponent,0x0e10b0,B_symbols
0x26e6ee52380,~ABarracudaGameMode,0x0e02ec,B_symbols
0x26e6ee52540,~UBarracudaPlayerStateComponent,0x0dd48d,B_symbols
0x26e6ee52700,~FNextRespawnTimeChanged,0x0dd5cb,B_symbols
0x26e6ee528c0,~UBarracudaLaneComponent,0x0dc066,B_symbols
0x26e6ee52a80,~FOnLaneIndexUpdated,0x0dc18b,B_symbols
0x26e6ee52c40,~ULokiPlayerControllerShopSkylandsComponent,0x0db504,B_symbols
0x26e6ee52e00,~ULokiPlayerControllerArmoryComponent,0x0dadcb,B_symbols
0x26e6ee52fc0,~ALokiAirship_AS,0x0d6128,B_symbols
0x26e6ee53500,AVaultItemSpawner,0x110327,B_symbols
0x26e6ee536c0,AVaultItemSpawner,0x110211,B_symbols
0x26e6ee53a40,~ALokiPlayerController_AS,0x10a539,B_symbols
0x26e6ee53c00,~FOnSneakPressedDelegate,0x10a77e,B_symbols
0x26e6ee53dc0,~ALokiPlayerCheats_AS,0x10a18e,B_symbols
0x26e6ee53f80,~ULokiNodePathingComponent,0x108188,B_symbols
0x26e6ee54140,~ULokiTeamElimBoxComponent,0x107446,B_symbols
0x26e6ee54300,~ULokiItemVisualsComponent,0x10619d,B_symbols
0x26e6ee544c0,~ALokiGem,0x1055c0,B_symbols
0x26e6ee54680,~FOnInteractionReleasedDelegate,0x10482f,B_symbols
0x26e6ee54840,~FOnInteractionPressedDelegate,0x104795,B_symbols
0x26e6ee54a00,~FOnInteractionUsableChangedDelegate,0x1046f5,B_symbols
0x26e6ee54bc0,~ULokiInteractionPlayerComponent,0x104487,B_symbols
0x26e6ee54d80,~FOnPodMoveDirectionChanged,0x101af2,B_symbols
0x26e6ee54f40,~FOnCrewPodHasDetached,0x101a6c,B_symbols
0x26e6ee55100,~FOnLeaderPodHasCrewPodDetached,0x1019dd,B_symbols
0x26e6ee552c0,~FOnPodOutroStarted,0x10195a,B_symbols
0x26e6ee55480,~ALokiDropPod,0x101297,B_symbols
0x26e6ee55640,~ULokiDropPhase_PlayerStateComponent,0x0fd43e,B_symbols
0x26e6ee55800,~FExoticItemList,0x0fb702,B_symbols
0x26e6ee559c0,~ULokiExoticLootComponent,0x0fbcd8,B_symbols
0x26e6ee55b80,~ULokiRespawnComponent,0x0facd1,B_symbols
0x26e6ee55d40,~ULokiPlayerRespawnComponent,0x0fa1d8,B_symbols
0x26e6ee55f00,~AFFAGameMode,0x0f9892,B_symbols
0x26e6ee560c0,~UFFABotSpawnerComponent,0x0f8df3,B_symbols
0x26e6ee56280,~FDayEndDelegate,0x0f7e46,B_symbols
0x26e6ee56440,~FDayBeginDelegate,0x0f7db9,B_symbols
0x26e6ee56600,~FDayNightStateChangedDelegate,0x0f7d20,B_symbols
0x26e6ee567c0,~ALokiDayNightController_AS,0x0f79b5,B_symbols
0x26e6ee56980,~FTimelineChangedDelegate,0x0f7c8c,B_symbols
0x26e6ee56b40,~ULokiMajorStatusEffectComponent_AS,0x0f7525,B_symbols
0x26e6ee56d00,~ALokiAimingLaser_Huntress,0x0f6e67,B_symbols
0x26e6ee56ec0,~ALokiAimingLaserSpreadLines_Ronin,0x0f6435,B_symbols
0x26e6ee57080,~ALokiAimingLaserSpreadLines_HookGuy,0x0f621d,B_symbols
0x26e6ee57240,~ULokiAimingVisComponentScript,0x0f5ec0,B_symbols
0x26e6ee5a180,~ULokiOffscreenTeamIndicatorWidget_AS,0x11016d,B_symbols
0x26e6ee5a340,~AUAVVaultContentActor,0x10f3c7,B_symbols
0x26e6ee5a500,~FUAVCharacterGrouping,0x10cabf,B_symbols
0x26e6ee5a6c0,~ULokiPlayerControllerUAVComponent,0x10eae3,B_symbols
0x26e6ee5a880,~ULokiGameStateUAVComponent,0x10da2c,B_symbols
0x26e6ee5aa40,~FOnPracticeRespawnPressedDelegate,0x10a89d,B_symbols
0x26e6ee5ac00,~FOnSneakReleasedDelegate,0x10a80d,B_symbols
0x26e6ee80080,$beh0,0x0d6270,B_symbols
0x26e6ee80240,Proceed,0x0d5f3e,B_symbols
0x26e6ee805c0,Iterator,0x0d5ee5,B_symbols
0x26e6ee80940,Iterator,0x10c339,B_symbols
0x26e6ee80cc0,opImplConv,0x0d5b38,B_symbols
0x26e6ee81040,opImplConv,0x0d5add,B_symbols
0x26e6ee813c0,opImplConv,0x0d58dd,B_symbols
0x26e6ee81900,$beh0,0x0d5779,B_symbols
0x26e6ee81ac0,opIndex,0x0d54a2,B_symbols
0x26e6ee81e40,Contains,0x0d5425,B_symbols
0x26e6ee82000,Add,0x0d497b,B_symbols
0x26e6ee82380,opImplConv,0x10d318,B_symbols
0x26e6ee82540,$beh0,0x0d3a98,B_symbols
0x26e6ee82700,$beh0,0x0d38cc,B_symbols
0x26e6ee828c0,$beh0,0x0d6d32,B_symbols
0x26e6ee82c40,opEquals,0x0d3a1b,B_symbols
0x26e6ee82e00,opIndex,0x0d3922,B_symbols
0x26e6ee83180,IsValidIndex,0x0d384b,B_symbols
0x26e6ee83a40,opEquals,0x0d8105,B_symbols
0x26e6ee83c00,Get,0x0d02dd,B_symbols
0x26e6ee83dc0,IsValid,0x0d0285,B_symbols
0x26e6ee83f80,Proceed,0x0d75f7,B_symbols
0x26e6ee84300,Iterator,0x0d759e,B_symbols
0x26e6ee84840,IsEmpty,0x0d71f2,B_symbols
0x26e6ee84a00,opImplConv,0x0d9994,B_symbols
0x26e6ee84bc0,opImplConv,0x0d7197,B_symbols
0x26e6ee84d80,$beh0,0x0d6e7f,B_symbols
0x26e6ee84f40,Proceed,0x0d6cda,B_symbols
0x26e6ee852c0,Iterator,0x0d6c81,B_symbols
0x26e6ee85640,Iterator,0x0d76cc,B_symbols
0x26e6ee85800,opIndex,0x0d6b34,B_symbols
0x26e6ee85b80,Num,0x0d6998,B_symbols
0x26e6ee85d40,opIndex,0x0d68a2,B_symbols
0x26e6ee860c0,Num,0x0d6c2d,B_symbols
0x26e6ee86280,Add,0x0d67d4,B_symbols
0x26e6ee86440,GetDefaultObject,0x0d664b,B_symbols
0x26e6ee86600,IsValid,0x0d6520,B_symbols
0x26e6ee867c0,$beh0,0x0d64ca,B_symbols
0x26e6ee86980,$beh0,0x0d34bb,B_symbols
0x26e6ee86b40,Get,0x0d3467,B_symbols
0x26e6ee86d00,opImplConv,0x0d340c,B_symbols
0x26e6ee87080,$beh0,0x0d6372,B_symbols
0x26e6ee87240,$beh0,0x0d631c,B_symbols
0x26e6ee87400,Iterator,0x0dcd69,B_symbols
0x26e6ee87cc0,opAssign,0x0db65d,B_symbols
0x26e6ee87e80,$beh0,0x0db607,B_symbols
0x26e6ee88040,$beh0,0x0daf18,B_symbols
0x26e6ee88200,$beh0,0x0dae6c,B_symbols
0x26e6ee883c0,Contains,0x0daa52,B_symbols
0x26e6ee88580,Contains,0x0da9d5,B_symbols
0x26e6ee88740,AddUnique,0x0da957,B_symbols
0x26e6ee88900,AddUnique,0x0da825,B_symbols
0x26e6ee88ac0,LoadAsync,0x0d0639,B_symbols
0x26e6ee88c80,AddUnique,0x0da604,B_symbols
0x26e6ee88e40,Add,0x0da1f5,B_symbols
0x26e6ee89000,$beh0,0x0da19f,B_symbols
0x26e6ee891c0,$beh0,0x0d9f98,B_symbols
0x26e6ee89380,GetDefaultObject,0x0d9f37,B_symbols
0x26e6ee89540,$beh0,0x0e6dfc,B_symbols
0x26e6ee898c0,opEquals,0x0d9eba,B_symbols
0x26e6ee89a80,$beh0,0x0d9c3f,B_symbols
0x26e6ee89c40,Add,0x0d85bb,B_symbols
0x26e6ee89e00,opAssign,0x0e969b,B_symbols
0x26e6ee89fc0,Proceed,0x0d7ff3,B_symbols
0x26e6ee8a340,Iterator,0x0d7f9a,B_symbols
0x26e6ee8a880,$beh0,0x0d7eea,B_symbols
0x26e6ee8aa40,Proceed,0x0d7725,B_symbols
0x26e6ee8ac00,opEquals,0x0d764f,B_symbols
0x26e6ee8adc0,Num,0x0dfaf8,B_symbols
0x26e6ee8af80,AddUnique,0x0df9aa,B_symbols
0x26e6ee8b140,opIndex,0x0df92e,B_symbols
0x26e6ee8b4c0,Num,0x0dfa28,B_symbols
0x26e6ee8b680,$beh0,0x0df8d8,B_symbols
0x26e6ee8b840,Add,0x0df860,B_symbols
0x26e6ee8ba00,$beh0,0x0df80a,B_symbols
0x26e6ee8bbc0,$beh0,0x0df7b4,B_symbols
0x26e6ee8bd80,opIndex,0x0ded1f,B_symbols
0x26e6ee8c100,Num,0x0deccb,B_symbols
0x26e6ee8c2c0,Num,0x0de9e7,B_symbols
0x26e6ee8c480,Contains,0x0de905,B_symbols
0x26e6ee8c640,Proceed,0x0de8ad,B_symbols
0x26e6ee8c9c0,Iterator,0x0de854,B_symbols
0x26e6ee8cd40,Iterator,0x0e01b3,B_symbols
0x26e6ee8cf00,opIndex,0x0de784,B_symbols
0x26e6ee8d280,Num,0x0de800,B_symbols
0x26e6ee8d440,AddUnique,0x0de706,B_symbols
0x26e6ee8d600,$beh0,0x0de50c,B_symbols
0x26e6ee8d7c0,Add,0x0de244,B_symbols
0x26e6ee8d980,opIndex,0x0de1c8,B_symbols
0x26e6ee8dd00,Contains,0x0de14b,B_symbols
0x26e6ee8e080,Remove,0x0dd9a0,B_symbols
0x26e6ee8e240,Add,0x0dd928,B_symbols
0x26e6ee8e400,Proceed,0x0dcdc2,B_symbols
0x26e6ee8e940,Iterator,0x0e14aa,B_symbols
0x26e6ee8ecc0,Iterator,0x10cc27,B_symbols
0x26e6ee8ee80,opIndex,0x0e0709,B_symbols
0x26e6ee8f200,Num,0x0e06b5,B_symbols
0x26e6ee8f3c0,$beh0,0x0e0421,B_symbols
0x26e6ee8f580,$beh0,0x0e03cb,B_symbols
0x26e6ee8f740,$beh0,0x0e0375,B_symbols
0x26e6ee8f900,Proceed,0x0e020c,B_symbols
0x26e6ee8fac0,Num,0x0dffd5,B_symbols
0x26e6ee8fc80,opIndex,0x0dfa7c,B_symbols
0x26e6ef00080,$beh0,0x0e5470,B_symbols
0x26e6ef00240,$beh0,0x0e541a,B_symbols
0x26e6ef005c0,Proceed,0x0e4c89,B_symbols
0x26e6ef00940,Iterator,0x0e4c30,B_symbols
0x26e6ef00e80,$beh0,0x0e48ca,B_symbols
0x26e6ef01040,Add,0x0e3be8,B_symbols
0x26e6ef01200,$beh0,0x0e36c6,B_symbols
0x26e6ef013c0,Add,0x0e34ef,B_symbols
0x26e6ef01580,Find,0x0e32db,B_symbols
0x26e6ef01900,opAssign,0x0e3020,B_symbols
0x26e6ef01ac0,opAssign,0x0e2542,B_symbols
0x26e6ef01c80,$beh0,0x0e27a6,B_symbols
0x26e6ef01e40,$beh0,0x0e2750,B_symbols
0x26e6ef02000,$beh0,0x0e26fa,B_symbols
0x26e6ef021c0,Proceed,0x0e2150,B_symbols
0x26e6ef02540,Iterator,0x0e20f7,B_symbols
0x26e6ef02a80,opIndex,0x0e1f24,B_symbols
0x26e6ef02e00,IsValidIndex,0x0e1ea3,B_symbols
0x26e6ef02fc0,Add,0x0e1c3b,B_symbols
0x26e6ef03180,$beh0,0x0e1a8a,B_symbols
0x26e6ef036c0,opEquals,0x0e1b5d,B_symbols
0x26e6ef03880,Proceed,0x0e1503,B_symbols
0x26e6ef03a40,Contains,0x0e68e6,B_symbols
0x26e6ef03c00,IsNull,0x0d0dee,B_symbols
0x26e6ef03f80,$beh0,0x0d0d74,B_symbols
0x26e6ef04680,Proceed,0x0e67e4,B_symbols
0x26e6ef04a00,Iterator,0x0e678b,B_symbols
0x26e6ef04f40,GetDefaultObject,0x0e672a,B_symbols
0x26e6ef05100,Proceed,0x0e6655,B_symbols
0x26e6ef05480,Iterator,0x0e65fc,B_symbols
0x26e6ef059c0,Proceed,0x0e64db,B_symbols
0x26e6ef05d40,Iterator,0x0e6482,B_symbols
0x26e6ef06280,IsEmpty,0x0e642a,B_symbols
0x26e6ef06440,Add,0x0e63b2,B_symbols
0x26e6ef06600,Proceed,0x0e635a,B_symbols
0x26e6ef06980,Iterator,0x0e6301,B_symbols
0x26e6ef06ec0,Find,0x0e6264,B_symbols
0x26e6ef07080,$beh0,0x0e5dbf,B_symbols
0x26e6ef07240,$beh0,0x0e5683,B_symbols
0x26e6ef075c0,Num,0x0e8044,B_symbols
0x26e6ef07780,IsEmpty,0x0e7f70,B_symbols
0x26e6ef07940,$beh0,0x0e786c,B_symbols
0x26e6ef07b00,$beh0,0x0e7816,B_symbols
0x26e6ef07cc0,$beh0,0x0e77c0,B_symbols
0x26e6ef07e80,Proceed,0x0e766f,B_symbols
0x26e6ef08200,Iterator,0x0e7616,B_symbols
0x26e6ef083c0,Add,0x0e7432,B_symbols
0x26e6ef08580,Empty,0x0e733e,B_symbols
0x26e6ef08900,Num,0x0e7018,B_symbols
0x26e6ef08ac0,Add,0x0e6ed3,B_symbols
0x26e6ef08c80,Proceed,0x0e6d0f,B_symbols
0x26e6ef09000,Iterator,0x0e6cb6,B_symbols
0x26e6ef09700,GetValue,0x0e6bb5,B_symbols
0x26e6ef098c0,Proceed,0x0e6b5d,B_symbols
0x26e6ef09c40,Iterator,0x0e6b04,B_symbols
0x26e6ef0a180,Add,0x0e6a8c,B_symbols
0x26e6ef0a340,Proceed,0x0e6a34,B_symbols
0x26e6ef0a6c0,Iterator,0x0e69db,B_symbols
0x26e6ef0ac00,Add,0x0e6963,B_symbols
0x26e6ef0af80,Iterator,0x0eb818,B_symbols
0x26e6ef0b4c0,Add,0x0eb625,B_symbols
0x26e6ef0ba00,opEquals,0x0eb211,B_symbols
0x26e6ef0bbc0,Proceed,0x0eb13c,B_symbols
0x26e6ef0bf40,Iterator,0x0eb0e3,B_symbols
0x26e6ef0c640,$beh0,0x0ea58e,B_symbols
0x26e6ef0c800,$beh0,0x0ea42b,B_symbols
0x26e6ef0c9c0,$beh0,0x0ea1d7,B_symbols
0x26e6ef0cb80,Append,0x0e92e4,B_symbols
0x26e6ef0cf00,Empty,0x0e9178,B_symbols
0x26e6ef0d0c0,Remove,0x0e8ddb,B_symbols
0x26e6ef0d280,Proceed,0x0e8d83,B_symbols
0x26e6ef0d600,Iterator,0x0e8d2a,B_symbols
0x26e6ef0d7c0,Append,0x0e82e7,B_symbols
0x26e6ef0d980,Proceed,0x0e828f,B_symbols
0x26e6ef0dd00,Iterator,0x0e8236,B_symbols
0x26e6ef0e400,RemoveAtSwap,0x0e8098,B_symbols
0x26e6ef0e5c0,opIndex,0x0e7fc8,B_symbols
0x26e6ef0eb00,opImplConv,0x0ebd0e,B_symbols
0x26e6ef0ee80,$beh0,0x0ebbbe,B_symbols
0x26e6ef0f200,opEquals,0x0ebc91,B_symbols
0x26e6ef0f3c0,opIndex,0x0ebb42,B_symbols
0x26e6ef0f740,Num,0x0ebaee,B_symbols
0x26e6ef0f900,Add,0x0eb999,B_symbols
0x26e6ef0fac0,$beh0,0x0eb943,B_symbols
0x26e6ef0fc80,Empty,0x0eb8c9,B_symbols
0x26e6ef0fe40,Proceed,0x0eb871,B_symbols
0x26e6ef10700,TSetIterator,0x0cd489,B_symbols
0x26e6ef10a00,TArrayIterator,0x0cd412,B_symbols
0x26e6ef11300,TArrayIterator,0x0cd3c7,B_symbols
0x26e6ef11c00,TArrayIterator,0x0cd2e5,B_symbols
0x26e6ef12500,TArrayIterator,0x0cd0af,B_symbols
0x26e6ef12800,TArrayIterator,0x0cd03a,B_symbols
0x26e6ef13100,TSubclassOf,0x0ccd0e,B_symbols
0x26e6ef13700,TArrayIterator,0x0ccb5b,B_symbols
0x26e6ef13a00,TArrayConstIterator,0x0ce34a,B_symbols
0x26e6ef14000,TArrayIterator,0x0ccac0,B_symbols
0x26e6ef14900,TArrayConstIterator,0x0ccb0b,B_symbols
0x26e6ef14c00,TArrayIterator,0x0cca4b,B_symbols
0x26e6ef15200,TArrayIterator,0x0cc9af,B_symbols
0x26e6ef15e00,TSetIterator,0x0cc7be,B_symbols
0x26e6ef16100,TArrayIterator,0x0cc67a,B_symbols
0x26e6ef17900,TArrayIterator,0x0ce453,B_symbols
0x26e6ef17c00,TArrayIterator,0x0ce2af,B_symbols
0x26e6ef18200,TArrayConstIterator,0x0ce2fa,B_symbols
0x26e6ef18500,TArray,0x0cadd9,B_symbols
0x26e6ef18800,TArrayIterator,0x0ce1b7,B_symbols
0x26e6ef19100,TArrayIterator,0x0ce12e,B_symbols
0x26e6ef1a000,TArrayIterator,0x0cdec8,B_symbols
0x26e6ef1a600,TArrayIterator,0x0cde7d,B_symbols
0x26e6ef1ac00,TArrayIterator,0x0cde32,B_symbols
0x26e6ef1b500,TArrayConstIterator,0x0cdaf8,B_symbols
0x26e6ef1bb00,TArrayIterator,0x0cd7c7,B_symbols
0x26e6ef1c400,TArrayIterator,0x0cd4d2,B_symbols
0x26e6ef20080,$beh0,0x0eec79,B_symbols
0x26e6ef20240,$beh0,0x0eeffb,B_symbols
0x26e6ef20400,$beh0,0x0eefa5,B_symbols
0x26e6ef20780,opIndex,0x0ee5ca,B_symbols
0x26e6ef20b00,$beh0,0x0ee1e8,B_symbols
0x26e6ef21040,opEquals,0x0ee2bb,B_symbols
0x26e6ef21200,opAssign,0x0ee23e,B_symbols
0x26e6ef213c0,opIndex,0x0edd5a,B_symbols
0x26e6ef21740,Add,0x0ed8af,B_symbols
0x26e6ef21900,$beh0,0x0ec9c3,B_symbols
0x26e6ef21ac0,$beh0,0x0ec96d,B_symbols
0x26e6ef21c80,Proceed,0x0ec493,B_symbols
0x26e6ef22000,Iterator,0x0ec43a,B_symbols
0x26e6ef22380,Iterator,0x10d652,B_symbols
0x26e6ef22540,Proceed,0x0ec1b1,B_symbols
0x26e6ef228c0,Iterator,0x0ec158,B_symbols
0x26e6ef22a80,IsEmpty,0x0ec073,B_symbols
0x26e6ef22c40,Empty,0x0ebff9,B_symbols
0x26e6ef22e00,RemoveAt,0x0ebf7c,B_symbols
0x26e6ef22fc0,opIndex,0x0ebe6e,B_symbols
0x26e6ef23340,Num,0x0ebe1a,B_symbols
0x26e6ef23500,Proceed,0x0ebdc2,B_symbols
0x26e6ef23880,Iterator,0x0ebd69,B_symbols
0x26e6ef23a40,IsValid,0x0f42e1,B_symbols
0x26e6ef23c00,Num,0x0f3fbd,B_symbols
0x26e6ef23dc0,opIndex,0x0f3e19,B_symbols
0x26e6ef244c0,Add,0x0f2424,B_symbols
0x26e6ef24680,$beh0,0x0f22fb,B_symbols
0x26e6ef24840,Proceed,0x0f1f77,B_symbols
0x26e6ef24bc0,Iterator,0x0f1f1e,B_symbols
0x26e6ef25100,Num,0x0f1e64,B_symbols
0x26e6ef252c0,Proceed,0x0f193a,B_symbols
0x26e6ef25640,Iterator,0x0f18e1,B_symbols
0x26e6ef25b80,Num,0x0f188d,B_symbols
0x26e6ef25d40,Empty,0x0f150e,B_symbols
0x26e6ef25f00,opIndex,0x0f1492,B_symbols
0x26e6ef26280,Num,0x0f1c7b,B_symbols
0x26e6ef26440,Add,0x0f141a,B_symbols
0x26e6ef26600,$beh0,0x0f13c4,B_symbols
0x26e6ef267c0,$beh0,0x0f12ea,B_symbols
0x26e6ef26980,$beh0,0x0f032a,B_symbols
0x26e6ef26b40,Num,0x0f00f4,B_symbols
0x26e6ef26d00,Add,0x0f007c,B_symbols
0x26e6ef27080,Add,0x0eee1a,B_symbols
0x26e6ef27240,Add,0x0eeda2,B_symbols
0x26e6ef27400,$beh0,0x0f89f4,B_symbols
0x26e6ef275c0,$beh0,0x0f85c6,B_symbols
0x26e6ef27b00,opEquals,0x0f8699,B_symbols
0x26e6ef27cc0,opIndex,0x0f84bb,B_symbols
0x26e6ef28040,Num,0x0f836a,B_symbols
0x26e6ef28200,Proceed,0x0f8312,B_symbols
0x26e6ef28580,Iterator,0x0f82b9,B_symbols
0x26e6ef28ac0,opImplConv,0x0f825e,B_symbols
0x26e6ef29000,$beh0,0x0f8208,B_symbols
0x26e6ef291c0,$beh0,0x0f75c8,B_symbols
0x26e6ef29380,Add,0x0f72ed,B_symbols
0x26e6ef29540,Find,0x0f7250,B_symbols
0x26e6ef29700,Proceed,0x0f713a,B_symbols
0x26e6ef29a80,Iterator,0x0f70e1,B_symbols
0x26e6ef2a180,$beh0,0x0f5f55,B_symbols
0x26e6ef2a340,opImplConv,0x0f551b,B_symbols
0x26e6ef2a880,IsValidIndex,0x0f4762,B_symbols
0x26e6ef2aa40,opImplConv,0x0f4339,B_symbols
0x26e6ef2ac00,opImplConv,0x0f47e3,B_symbols
0x26e6ef2adc0,Proceed,0x0fa95f,B_symbols
0x26e6ef2b140,Iterator,0x0fa906,B_symbols
0x26e6ef2b680,Num,0x0fa8b2,B_symbols
0x26e6ef2b840,Add,0x0fa40d,B_symbols
0x26e6ef2bbc0,$beh0,0x0f9956,B_symbols
0x26e6ef2bd80,$beh0,0x0f9900,B_symbols
0x26e6ef2bf40,Contains,0x0f9752,B_symbols
0x26e6ef2c100,4,0x074927,A_modules
0x26e6ef2c2c0,3,0x0748ff,A_modules
0x26e6ef2c640,Proceed,0x0f95d6,B_symbols
0x26e6ef2c9c0,Iterator,0x0f957d,B_symbols
0x26e6ef2cf00,Remove,0x0f9277,B_symbols
0x26e6ef2d0c0,Contains,0x0f914f,B_symbols
0x26e6ef2d280,Add,0x0f8ff1,B_symbols
0x26e6ef2d440,Contains,0x0f8f74,B_symbols
0x26e6ef2d600,Add,0x0f8c26,B_symbols
0x26e6ef2d7c0,IsValid,0x0f8bce,B_symbols
0x26e6ef2db40,opAssign,0x0f8b51,B_symbols
0x26e6ef2dd00,$beh0,0x0f8afb,B_symbols
0x26e6ef2dec0,Proceed,0x0f8aa3,B_symbols
0x26e6ef2e240,Iterator,0x0f8a4a,B_symbols
0x26e6ef2e780,GetKeys,0x0d2074,B_symbols
0x26e6ef2e940,Add,0x0fb666,B_symbols
0x26e6ef2eb00,RemoveAt,0x0fb5e9,B_symbols
0x26e6ef2ecc0,$beh0,0x0fb56f,B_symbols
0x26e6ef2ee80,opIndex,0x0fb4f3,B_symbols
0x26e6ef2f200,Num,0x0fb3ee,B_symbols
0x26e6ef2f3c0,Find,0x0fb351,B_symbols
0x26e6ef2f580,Proceed,0x0fabfa,B_symbols
0x26e6ef2f900,Iterator,0x0faba1,B_symbols
0x26e6ef2fe40,Remove,0x0fa9b7,B_symbols
0x26e6ef50400,opEquals,0x0ffafc,B_symbols
0x26e6ef505c0,Empty,0x0ff9af,B_symbols
0x26e6ef50780,Add,0x0ff937,B_symbols
0x26e6ef50940,Add,0x0ff714,B_symbols
0x26e6ef50b00,Remove,0x0ff440,B_symbols
0x26e6ef50cc0,Num,0x0ff0f4,B_symbols
0x26e6ef50e80,AddUnique,0x0fed88,B_symbols
0x26e6ef51200,Proceed,0x0fe0cf,B_symbols
0x26e6ef51580,Iterator,0x0fe076,B_symbols
0x26e6ef51c80,GetDefaultObject,0x0fc956,B_symbols
0x26e6ef51e40,$beh0,0x0fc806,B_symbols
0x26e6ef52380,opEquals,0x0fc8d9,B_symbols
0x26e6ef52700,$beh0,0x0fbdc2,B_symbols
0x26e6ef528c0,$beh0,0x0fbd6c,B_symbols
0x26e6ef52c40,Add,0x0fb9ae,B_symbols
0x26e6ef52e00,$beh0,0x0fb958,B_symbols
0x26e6ef53180,opEquals,0x0fb8db,B_symbols
0x26e6ef53340,Find,0x0fb83e,B_symbols
0x26e6ef53500,Proceed,0x0fb7e6,B_symbols
0x26e6ef53880,Iterator,0x0fb78d,B_symbols
0x26e6ef53a40,GetDefaultObject,0x105b73,B_symbols
0x26e6ef53dc0,Add,0x105ad7,B_symbols
0x26e6ef53f80,Find,0x105900,B_symbols
0x26e6ef54140,Contains,0x105883,B_symbols
0x26e6ef54300,$beh0,0x105809,B_symbols
0x26e6ef544c0,IsValid,0x104e37,B_symbols
0x26e6ef54a00,IsEmpty,0x103b97,B_symbols
0x26e6ef54bc0,Empty,0x10342e,B_symbols
0x26e6ef54d80,Remove,0x102d4f,B_symbols
0x26e6ef54f40,Contains,0x102b54,B_symbols
0x26e6ef55100,$beh0,0x0d287c,B_symbols
0x26e6ef55640,opEquals,0x0d294f,B_symbols
0x26e6ef55800,Proceed,0x102724,B_symbols
0x26e6ef55b80,Iterator,0x1026cb,B_symbols
0x26e6ef55d40,opAssign,0x101785,B_symbols
0x26e6ef55f00,opAssign,0x101708,B_symbols
0x26e6ef560c0,opAssign,0x10168b,B_symbols
0x26e6ef56280,$beh0,0x101314,B_symbols
0x26e6ef56440,$beh0,0x1004c2,B_symbols
0x26e6ef56980,opEquals,0x100595,B_symbols
0x26e6ef56b40,$beh0,0x1002bc,B_symbols
0x26e6ef57080,opEquals,0x10038f,B_symbols
0x26e6ef57240,$beh0,0x0ffa29,B_symbols
0x26e6ef57400,opIndex,0x10aba8,B_symbols
0x26e6ef57780,Num,0x10adc0,B_symbols
0x26e6ef57940,$beh0,0x10a216,B_symbols
0x26e6ef57b00,IsValid,0x108ed1,B_symbols
0x26e6ef57cc0,RemoveAt,0x107bfc,B_symbols
0x26e6ef57e80,opAssign,0x107526,B_symbols
0x26e6ef58040,$beh0,0x1074d0,B_symbols
0x26e6ef58200,Reset,0x10706d,B_symbols
0x26e6ef583c0,Contains,0x106f26,B_symbols
0x26e6ef58580,$beh0,0x10635c,B_symbols
0x26e6ef58ac0,opEquals,0x10642f,B_symbols
0x26e6ef58c80,$beh0,0x106227,B_symbols
0x26e6ef58e40,Proceed,0x10605b,B_symbols
0x26e6ef591c0,Iterator,0x106002,B_symbols
0x26e6ef598c0,Proceed,0x105e04,B_symbols
0x26e6ef59c40,Iterator,0x105dab,B_symbols
0x26e6ef5a180,Proceed,0x105d53,B_symbols
0x26e6ef5a500,Iterator,0x105cfa,B_symbols
0x26e6ef5ac00,Contains,0x105bd4,B_symbols
0x26e6ef5adc0,Proceed,0x10c392,B_symbols
0x26e6ef5af80,$beh0,0x10c2e3,B_symbols
0x26e6ef5b140,Proceed,0x10c28b,B_symbols
0x26e6ef5b4c0,Iterator,0x10c232,B_symbols
0x26e6ef5ba00,Add,0x10c0a1,B_symbols
0x26e6ef5bbc0,$beh0,0x10bfa4,B_symbols
0x26e6ef5bf40,Add,0x10bcac,B_symbols
0x26e6ef5c100,$beh0,0x10bc56,B_symbols
0x26e6ef5c480,Remove,0x10b409,B_symbols
0x26e6ef5c640,Proceed,0x10b3b1,B_symbols
0x26e6ef5c9c0,Iterator,0x10b358,B_symbols
0x26e6ef5cf00,Add,0x10b2e0,B_symbols
0x26e6ef5d0c0,$beh0,0x10b190,B_symbols
0x26e6ef5d600,opEquals,0x10b263,B_symbols
0x26e6ef5d7c0,Proceed,0x10b05f,B_symbols
0x26e6ef5db40,Iterator,0x10b006,B_symbols
0x26e6ef5e080,IsEmpty,0x10afae,B_symbols
0x26e6ef5e240,RemoveAtSwap,0x10af2d,B_symbols
0x26e6ef5e400,opIndex,0x10ae14,B_symbols
0x26e6ef5eb00,Add,0x10d0c3,B_symbols
0x26e6ef5ecc0,$beh0,0x10d06d,B_symbols
0x26e6ef5f040,$beh2,0x10d26c,B_symbols
0x26e6ef5f200,Add,0x10cd5a,B_symbols
0x26e6ef5f3c0,Proceed,0x10cc80,B_symbols
0x26e6ef5f580,Remove,0x10ca44,B_symbols
0x26e6ef5f740,Add,0x10c9cc,B_symbols
0x26e6ef5f900,IsEmpty,0x10c8c6,B_symbols
0x26e6ef5fac0,$beh0,0x10c870,B_symbols
0x26e6ef5fc80,$beh0,0x10c3ea,B_symbols
0x26e6ef5fe40,Add,0x10c464,B_symbols
0x26e6ef905c0,opIndex,0x10e5fb,B_symbols
0x26e6ef90780,Proceed,0x10e54d,B_symbols
0x26e6ef90b00,Iterator,0x10e4f4,B_symbols
0x26e6ef91040,$beh0,0x10e49e,B_symbols
0x26e6ef91200,Num,0x10e44a,B_symbols
0x26e6ef913c0,Add,0x10e3d2,B_symbols
0x26e6ef91580,Reset,0x10e358,B_symbols
0x26e6ef91740,$beh0,0x10dfcb,B_symbols
0x26e6ef91c80,opEquals,0x10e09e,B_symbols
0x26e6ef91e40,$beh0,0x10ddfd,B_symbols
0x26e6ef92380,opEquals,0x10ded0,B_symbols
0x26e6ef92540,$beh0,0x10db0c,B_symbols
0x26e6ef92700,$beh0,0x10dab6,B_symbols
0x26e6ef92a80,Add,0x10d703,B_symbols
0x26e6ef92c40,Proceed,0x10d6ab,B_symbols
0x26e6ef92e00,$beh0,0x10d5fc,B_symbols
0x26e6ef92fc0,Proceed,0x10d4bf,B_symbols
0x26e6ef93340,Iterator,0x10d466,B_symbols
0x26e6ef93500,Proceed,0x10d194,B_symbols
0x26e6ef93880,Iterator,0x10d13b,B_symbols
0x26e6ef97080,$beh0,0x10eb7b,B_symbols
0x26e6ef97240,Add,0x10e6f4,B_symbols
0x26e6f1123b0,    ,0x116f06,D_constpool
0x26e6f1123c0,][Total Cost: ,0x116eba,D_constpool
0x26e6f1123d0, - [Recipe: ,0x116ee1,D_constpool
0x26e6f112680,km,0x11903c,D_constpool
0x26e6f112750,BarracudaShop - DebugLogGraph,0x116e0d,D_constpool
0x26e6f112790,Found ,0x116e69,D_constpool
0x26e6f1127b0, unique items,0x116e43,D_constpool
0x26e6f1127f0,],0x116ea0,D_constpool
0x26e6f112a50,AuthBuyItem - Sent Purchase Event,0x1161c5,D_constpool
0x26e6f112a80,Gold,0x1161ff,D_constpool
0x26e6f112c90,Gold,0x116f3b,D_constpool
0x26e6f112dd0,Forced during all-passenger impulse,0x11608d,D_constpool
0x26e6f112df0,Gold,0x1161a8,D_constpool
0x26e6f112f70,m,0x119022,D_constpool
0x26e6f113000,[,0x118d68,D_constpool
0x26e6f113140,[,0x117f6e,D_constpool
0x26e6f1133c0,Gems,0x118782,D_constpool
0x26e6f1134a0,Gold,0x118765,D_constpool
0x26e6f1134e0,ServerExec ,0x118741,D_constpool
0x26e6f113580,] ULokiPlayerControllerUAVComponent doesn't have UAVMapActorClass set on instance. This is required to show UAV Map Icons,0x118cd6,D_constpool
0x26e6f113880,Gems,0x118481,D_constpool
0x26e6f113a80,GodMode,0x1189d1,D_constpool
0x26e6f113ad0,StartMoving,0x1185e3,D_constpool
0x26e6f114050,Log LogLokiAbilitySystemComponent Verbose,0x118883,D_constpool
0x26e6f114060,Log LogLokiGameplaySpell Verbose,0x1188c5,D_constpool
0x26e6f114070,Log LogAbilitySystem Verbose,0x11884e,D_constpool
0x26e6f114080,DebugLogSpellBuffering 1,0x1188fe,D_constpool
0x26e6f1140c0,RequestAdmin,0x118829,D_constpool
0x26e6f114110,p.DebugLogAllMoves 0,0x118ab5,D_constpool
0x26e6f114230,Gold,0x118568,D_constpool
0x26e6f114420,AbilitySystem.Debug.NextCategory,0x118998,D_constpool
0x26e6f114430,Log LogCharacterMovement Verbose,0x1189f1,D_constpool
0x26e6f114470,AbilitySystem.Debug.NextCategory,0x11895f,D_constpool
0x26e6f1147b0,p.DebugLogAllMoves1D 1,0x118a86,D_constpool
0x26e6f1147f0,p.DebugLogAllMoves 1,0x118a59,D_constpool
0x26e6f114810,p.NetShowCorrections 1,0x118a2a,D_constpool
0x26e6f114830,ShowDebug AbilitySystem,0x11892f,D_constpool
0x26e6f114950,) to non-spawning list,0x117f18,D_constpool
0x26e6f114ab0,] ULokiPlayerControllerUAVComponent doesn't have UAVVaultContentActorClass set on instance. This is required to show UAV Map Icons,0x118d82,D_constpool
0x26e6f114b00,[,0x118e1d,D_constpool
0x26e6f114bd0,OnDropPodStartedWithPilot,0x118137,D_constpool
0x26e6f114c80,[,0x117fc6,D_constpool
0x26e6f114c90,[,0x118011,D_constpool
0x26e6f114e50,Hero:hookguy,0x117d33,D_constpool
0x26e6f114f80,Hero:assault,0x117c7f,D_constpool
0x26e6f114fe0,] Removing bot from non-spawning list,0x117f88,D_constpool
0x26e6f1150f0,Hero:Storm,0x117d82,D_constpool
0x26e6f115330,Hero:sniper,0x117ced,D_constpool
0x26e6f115340,Hero:flex,0x117d11,D_constpool
0x26e6f115350,AllPlayersDisconnected,0x117e47,D_constpool
0x26e6f115360,Hero:rocketjumper,0x117d58,D_constpool
0x26e6f1153a0,Hero:firefox,0x117ca4,D_constpool
0x26e6f1153c0,Hero:freeze,0x117cc9,D_constpool
0x26e6f1153d0,Hero:BountyHunter,0x117dce,D_constpool
0x26e6f115420,Hero:BurstCaster,0x117da5,D_constpool
0x26e6f1157c0,] No player starts found,0x117fe0,D_constpool
0x26e6f115940,Desaturate,0x117728,D_constpool
0x26e6f115d80,UpdateLocalState,0x1174bb,D_constpool
0x26e6f1b05d8,__StaticType_ALokiAimingLaserSpreadLines,0x117881,D_constpool
0x26e6f1b0958,__StaticType_ULokiAimingVisComponentScript,0x117915,D_constpool
0x26e6f1b0a58,__StaticType_ALokiAimingLaserSpreadLines_HookGuy,0x11797e,D_constpool
0x26e6f1b0d58,__StaticType_ULokiHeroGroundIndicator,0x117427,D_constpool
0x26e6f1b1358,__StaticType_UBarracudaMinionWaypointFollowerComponent,0x116cd5,D_constpool
0x26e6f1b1458,__StaticType_ALokiAimingLaserSpreadLines_Ronin,0x117a08,D_constpool
0x26e6f1b17d8,__StaticType_ALokiAimingLaser_Huntress,0x117a8e,D_constpool
0x26e6f1b1c58,__StaticType_ULokiMajorStatusEffectComponent_AS,0x117b04,D_constpool
0x26e6f1b1cd8,__StaticType_ALokiAimingLaser,0x1177c1,D_constpool
0x26e6f1b1fd8,__StaticType_ALokiAimingLaserRangeMarker,0x117816,D_constpool
0x26e6f1b22d8,__StaticType_UBarracudaShopItemTreeWidget,0x11710d,D_constpool
0x26e6f1b24d8,__StaticType_UBarracudaShopItemWidget,0x1171a9,D_constpool
0x26e6f1b2658,__StaticType_UBarracudaShopPlayerControllerComponent,0x11727d,D_constpool
0x26e6f1b27d8,__StaticType_UBarraucdaShopFilterWidget,0x117300,D_constpool
0x26e6f1b2d58,__StaticType_ABarracudaMinionSpawner,0x117369,D_constpool
0x26e6f1b2e58,__StaticType_ALokiHeroCharacter_AS,0x1173d0,D_constpool
0x26e6f1b3258,__StaticType_UBarracudaJungleCreepTargetingComponent,0x1163c3,D_constpool
0x26e6f1b3358,__StaticType_UBarracudaLaneComponent,0x11644c,D_constpool
0x26e6f1b3558,__StaticType_UBarracudaLaneCreepTargetingComponent,0x1164b5,D_constpool
0x26e6f1b37d8,__StaticType_ATemporaryFloor,0x1174e4,D_constpool
0x26e6f1b3a58,__StaticType_UTrainAnchor,0x117586,D_constpool
0x26e6f1b3b58,__StaticType_UFrontTrainAnchor,0x11763e,D_constpool
0x26e6f1b3bd8,__StaticType_UBackTrainAnchor,0x1175e0,D_constpool
0x26e6f1b3c58,__StaticType_UTrainMovableBaseComponent,0x11769d,D_constpool
0x26e6f1b42d8,__StaticType_UBarracudaShopItemTreeNodeWidget,0x117098,D_constpool
0x26e6f1b4458,__StaticType_UBarracudaPlayerSpawnerComponent,0x1168e8,D_constpool
0x26e6f1b45d8,__StaticType_UBarracudaRallyMinionsComponent,0x116961,D_constpool
0x26e6f1b48d8,__StaticType_UBarracudaGameStateComponent,0x1169d8,D_constpool
0x26e6f1b49d8,__StaticType_ABarracudaTeamState,0x116a4a,D_constpool
0x26e6f1b4e58,__StaticType_ABarracudaTeamState_TeamOnly,0x116aaa,D_constpool
0x26e6f1b5058,__StaticType_UBarracudaMinionRewardComponent,0x116b1c,D_constpool
0x26e6f1b52d8,__StaticType_ABarracudaMinionWaypoint,0x116b91,D_constpool
0x26e6f1b57d8,__StaticType_UBTService_BarracudaUpdateMinionWaypoint,0x116d68,D_constpool
0x26e6f1b5dd8,__StaticType_UBarracudaShopItemGraphNode,0x116f58,D_constpool
0x26e6f1b5e58,__StaticType_ABarracudaShop,0x116fb6,D_constpool
0x26e6f1b6058,__StaticType_UBarracudaShopItemListWidget,0x117007,D_constpool
0x26e6f1b6ed8,__StaticType_ALokiAirship_AS,0x1160c9,D_constpool
0x26e6f1b7158,__StaticType_ULokiPlayerControllerArmoryComponent,0x11621c,D_constpool
0x26e6f1b72d8,__StaticType_ULokiPlayerControllerShopSkylandsComponent,0x1162cb,D_constpool
0x26e6f1b7358,__StaticType_UBarracudaJungleCreepComponent,0x11634c,D_constpool
0x26e6f1b7958,__StaticType_UBarracudaMinionTargetingComponent,0x11655d,D_constpool
0x26e6f1b7ad8,__StaticType_UBarracudaPlayerStateComponent,0x1165dc,D_constpool
0x26e6f1b7cd8,__StaticType_UBarracudaStructureComponent,0x116653,D_constpool
0x26e6f1b7ed8,__StaticType_UBarracudaTowerTargetingComponent,0x1166c6,D_constpool
0x26e6f1b80d8,__StaticType_ABarracudaGameMode,0x11688b,D_constpool
0x26e6f1e1c80,GetIsPrototypeItem,0x0d8509,B_symbols
0x26e6f1e1e40,UBarracudaJungleCreepComponent,0x0db730,B_symbols
0x26e6f1e2540,ULokiPlayerControllerShopSkylandsComponent,0x0db0ea,B_symbols
0x26e6f1e2a80,AuthDropPowerAtSlot,0x0db2ea,B_symbols
0x26e6f1e3340,StaticClass,0x0d7361,B_symbols
0x26e6f1e3880,ULokiPlayerControllerArmoryComponent,0x0d777d,B_symbols
0x26e6fe4eb60,EBarracudaMinionGoldRewardMethod,0x0cbf9f,B_symbols
0x26e6fe4ec00,EBarracudaShopValueType,0x0cc807,B_symbols
0x26e6fe4eca0,EBarracudaRespawnBehaviorType,0x0cc8ce,B_symbols
0x26e6fe4ed40,ETemporaryFloorState,0x0c8509,B_symbols
0x26e70040400,FGameplayEffectSpecHandle,0x0cb398,B_symbols
0x26e70040700,FActiveGameplayEffectHandle,0x0c8f91,B_symbols
0x26e70040a00,FGameplayAttribute,0x0cddc4,B_symbols
0x26e70041900,FGameplayEffectContextHandle,0x0cb33e,B_symbols
0x26e70041c00,FGameplayEffectSpec,0x0cd1b9,B_symbols
0x26e7004be00,FGameplayCueParameters,0x0cdd28,B_symbols
0x26e70118800,FLokiDamageStatistic,0x0cbe82,B_symbols
0x26e70130d00,FPlayerKillEventData,0x0cbd38,B_symbols
0x26e70137300,FPlayerArmory,0x0cb76a,B_symbols
0x26e70137900,FGameArmoryItem,0x0cb850,B_symbols
0x26e7013af00,FGameEventListenerHandle,0x0c6114,B_symbols
0x26e7013d000,FBarracudaPhase,0x0c714d,B_symbols
0x26e70140100,FGameEvent_DayNightChanged,0x0cbb1e,B_symbols
0x26e70140400,FGameEvent_CrewDropPodDetach_PlayerState,0x0cd719,B_symbols
0x26e70140d00,FGameEvent_BarracudaRespawnTimeChanged_PlayerState,0x0c6899,B_symbols
0x26e70141000,FGameEvent_BarracudaPhaseChanged,0x0c6af5,B_symbols
0x26e70148e00,FGameEvent_MostWanted,0x0ca7b0,B_symbols
0x26e70149700,FGameEvent_LeaderDropPodDetach_PlayerState,0x0cd75a,B_symbols
0x26e70149d00,FGameEvent_GameReady_Controller,0x0c607c,B_symbols
0x26e7014a300,FGameEvent_GameAugmentSet,0x0c9a19,B_symbols
0x26e7014a600,FLokiLocalRadarEntry,0x0cafbd,B_symbols
0x26e7014a900,FGameEvent_FuzzyPlayerLocation_LocalRadar,0x0caf03,B_symbols
0x26e7014ac00,FGameEvent_FuzzyPlayerLocation_Remove,0x0cb0e7,B_symbols
0x26e7014af00,FGameEvent_FuzzyPlayerLocation_Update,0x0cb0a9,B_symbols
0x26e7014b200,FGameEvent_FuzzyPlayerLocation_Add,0x0cae93,B_symbols
0x26e7014b500,FLokiFuzzyPlayerLocationItem,0x0caf45,B_symbols
0x26e7014e200,FGameEvent_OnItemPurchase_PlayerState,0x0c61b0,B_symbols
0x26e7014e800,FGameEvent_OnInventoryItemRemoved_PlayerState,0x0ca4a8,B_symbols
0x26e7014eb00,FGameEvent_OnInventoryItemAdded_PlayerState,0x0ca464,B_symbols
0x26e7014f100,FGameEvent_OnDropPodStateChanged_PlayerState,0x0cd6d4,B_symbols
0x26e7014fd00,FGameEvent_OnDamaged_Character,0x0c6e30,B_symbols
0x26e70161900,FGameEvent_TeamVaultData_Remove,0x0cb15d,B_symbols
0x26e70161c00,FGameEvent_TeamVaultData_Update,0x0cb125,B_symbols
0x26e70161f00,FGameEvent_TeamVaultData_Add,0x0caece,B_symbols
0x26e70162200,FLokiTeamVaultDataItem,0x0ce188,B_symbols
0x26e70162800,FLokiSpellInstanceTarget,0x0cda84,B_symbols
0x26e70162b00,FGameEvent_SpellOutcome_PlayerState,0x0cda48,B_symbols
0x26e70163a00,FGameEvent_PodSteeringEnabled,0x0c9a4b,B_symbols
0x26e70163d00,FGameEvent_PodMoveDirectionChanged_PlayerState,0x0cd9ae,B_symbols
0x26e70167300,FAnalyticsItemPurchaseEvent,0x0cba11,B_symbols
0x26e7016e800,FArmoryShopItem,0x0c6145,B_symbols
0x26e70170d00,FStartupItemSpec,0x0cbccc,B_symbols
0x26e70175b00,FItemShopMetadata,0x0cc60d,B_symbols
0x26e70175e00,FLokiArmoryUniqueEffect,0x0cb531,B_symbols
0x26e70176100,FLokiItemRecipe,0x0cc3e2,B_symbols
0x26e70181600,FLokiInventoryItemAndSlot,0x0c9545,B_symbols
0x26e70188800,FMinionRewards,0x0cc008,B_symbols
0x26e70189100,FMinionEnemyListEntry,0x0c6795,B_symbols
0x26e7018bb00,FLokiLootTableItemEntry,0x0cc324,B_symbols
0x26e7018d900,FLokiShopInventory,0x0cbaf3,B_symbols
0x26e701f7300,FUIEvent_Barracuda_Shop_ToggleVisibility,0x0c7b76,B_symbols
0x26e701f7600,FUIEvent_Barracuda_Shop_FocusItem,0x0c7740,B_symbols
0x26e701f7900,FUIEvent_Barracuda_Shop_FilterToggleTag,0x0c7700,B_symbols
0x26e701f7c00,FUIEvent_Barracuda_Shop_FilterUpdated,0x0c79d9,B_symbols
0x26e701f7f00,FUIEvent_Barracuda_Shop_ResetFilters,0x0c76c3,B_symbols
0x26e701f8200,FUIEvent_Barracuda_Shop_FilterByName,0x0c7686,B_symbols
0x26e701f8500,FUIEvent_Barracuda_Shop_SellItem,0x0c7e42,B_symbols
0x26e701f8800,FUIEvent_Barracuda_Shop_BuyItem,0x0c7e0a,B_symbols
0x26e701fe500,FUIEvent_ItemEnteredOrExitedInventory,0x0c7d0d,B_symbols
0x26e70337600,TArray,0x0cc637,B_symbols
0x26e70337f00,TArray,0x0c8a68,B_symbols
0x26e70338200,TSubclassOf,0x0c7991,B_symbols
0x26e70338500,TArray,0x0c637b,B_symbols
0x26e70339700,TArray,0x0c5efb,B_symbols
0x26e7033d000,TArray,0x0c6d3e,B_symbols
0x26e7033d600,TArray,0x0c6d81,B_symbols
0x26e7033f700,TArray,0x0c6cfb,B_symbols
0x26e7033fd00,TArray,0x0c6c98,B_symbols
0x26e703513c0,Lerp,0x0e0820,B_symbols
0x26e70352e00,DegreesToRadians,0x0f33ec,B_symbols
0x26e70352fc0,RadiansToDegrees,0x0d4e4a,B_symbols
0x26e70358200,FloorToInt,0x0df5da,B_symbols
0x26e70358900,RoundToInt,0x0de3fa,B_symbols
0x26e70358ac0,RoundToInt,0x0dd18d,B_symbols
0x26e7035b300,Sqrt,0x0f2093,B_symbols
0x26e7035ba00,Acos,0x0d4dcc,B_symbols
0x26e7035bbc0,Cos,0x0f3476,B_symbols
0x26e7035c100,Sin,0x0f34f3,B_symbols
0x26e7035c9c0,Exp2,0x0f3146,B_symbols
0x26e70381200,GetMappedRangeValueClamped,0x0d4f72,B_symbols
0x26e70381900,Square,0x0e155b,B_symbols
0x26e70381c80,Max,0x0dd211,B_symbols
0x26e70382000,Max,0x0dd056,B_symbols
0x26e70382700,Min,0x0dea3b,B_symbols
0x26e70382a80,Min,0x0d427d,B_symbols
0x26e70383180,Abs,0x0ded9b,B_symbols
0x26e70383500,Abs,0x0eddd6,B_symbols
0x26e703898c0,IntegerDivisionTrunc,0x0d0949,B_symbols
0x26e70393dc0,GetName,0x0fa5a4,B_symbols
0x26e70393f80,GetWorld,0x0fc1fa,B_symbols
0x26e70394bc0,GetClass,0x0d6e26,B_symbols
0x26e70395d40,$beh2,0x0db03e,B_symbols
0x26e70396600,GetDefaultObject,0x0d017f,B_symbols
0x26e70398e40,IsHidden,0x0f0526,B_symbols
0x26e70399c40,NewObject,0x0d0f2e,B_symbols
0x26e7039a180,IsValid,0x0d66ac,B_symbols
0x26e7039a340,opCast,0x0d3668,B_symbols
0x26e7039ac00,IsA,0x0d0034,B_symbols
0x26e703a0240,Rotator,0x10099e,B_symbols
0x26e703a0b00,GetForwardVector,0x0efd4c,B_symbols
0x26e703a4bc0,$beh2,0x0f22a5,B_symbols
0x26e703aaf80,Format,0x0d01e0,B_symbols
0x26e703adb40,FromString,0x0e89d0,B_symbols
0x26e703ae080,RequestGameplayTag,0x0d551e,B_symbols
0x26e703fbac8,Attribute_MinionGoldMultiplier,0x11679a,D_constpool
0x26e703fc9c8,Barracuda_Minion_GrantsMomentumBuff,0x116842,D_constpool
0x26e703fcac8,Barracuda_Minion_GrantsDragonBuff,0x1167fb,D_constpool
0x26e70449948,Effect_Airdoo_Damaged_Smoking,0x115ee0,D_constpool
0x26e70449bc8,Effect_Airdoo_Damaged_onFire,0x115f23,D_constpool
0x26e7044a348,Data,0x118ba2,D_constpool
0x26e7044e548,GameMode_Barracuda_InBase,0x11720e,D_constpool
0x26e70482b48,GameplayCue_Effect_UAVBlocked,0x118c35,D_constpool
0x26e705aa548,Generic_Scale,0x115f8c,D_constpool
0x26e705ad148,Immunity_UAV,0x118bcc,D_constpool
0x26e705b3ec8,Item_ShopDiscount_DiscountApplied,0x116112,D_constpool
0x26e705b7ac8,State_Combat_InCombat,0x116c02,D_constpool
0x26e705b8248,State_BeingExecuted,0x117788,D_constpool
0x26e705b84c8,State_GemMultiplier,0x118448,D_constpool
0x26e705b8d48,State_Execute_Executing,0x11774b,D_constpool
0x26e705b9348,State_Dead,0x11724d,D_constpool
0x26e705ba648,State_Knocked,0x1183a5,D_constpool
0x26e705bf9c8,State_UAVUpgraded,0x118bfe,D_constpool
0x26e705c1dc8,Static_Barracuda_Spawner_Neutral,0x11879f,D_constpool
0x26e705c1e48,Static_Barracuda_Spawner_Creep,0x1187e5,D_constpool
0x26e705fc2c8,RightMouseButton,0x11717a,D_constpool
0x26e70614a00,opMul,0x0efbfc,B_symbols
0x26e70614f40,Inverse,0x0efba4,B_symbols
0x26e70615100,opAssign,0x0ef767,B_symbols
0x26e70615640,$beh0,0x0efa7d,B_symbols
0x26e70615d40,$beh0,0x0fa692,B_symbols
0x26e70617780,SetLocation,0x0e0d4d,B_symbols
0x26e70617e80,GetRotation,0x0efcf0,B_symbols
0x26e70618ac0,GetLocation,0x10083a,B_symbols
0x26e7061a340,InverseTransformPosition,0x0f4408,B_symbols
0x26e70633f80,IsMouseButtonDown,0x0d11f9,B_symbols
0x26e70638e40,Handled,0x0d1195,B_symbols
0x26e7065a5c8,Yellow,0x116c89,D_constpool
0x26e7065a6c8,Green,0x116c3d,D_constpool
0x26e7065a748,Red,0x11653a,D_constpool
0x26e7065c4c8,Purple,0x116caf,D_constpool
0x26e70663dc0,opAssign,0x1078a0,B_symbols
0x26e70663f80,$beh2,0x0dfb4c,B_symbols
0x26e706667c0,$beh2,0x0dfba2,B_symbols
0x26e706ce940,$beh2,0x0e04cd,B_symbols
0x26e70f35100,opAssign,0x0e1e26,B_symbols
0x26e70f352c0,$beh2,0x0e0477,B_symbols
0x26e70f41000,TArray,0x0c8697,B_symbols
0x26e70f41300,TArray,0x0c62e5,B_symbols
0x26e70f41900,TArray,0x0c5d7a,B_symbols
0x26e70f42200,TSubclassOf,0x0cac85,B_symbols
0x26e70f43a00,TArray,0x0c7a3c,B_symbols
0x26e70f45800,TArray,0x0c8934,B_symbols
0x26e70f47600,TSubclassOf,0x0c7526,B_symbols
0x26e70f49d00,TWeakObjectPtr,0x0ca133,B_symbols
0x26e70f4bb00,TSet,0x0c95ba,B_symbols
0x26e70fff200,AddUFunction,0x0d3087,B_symbols
0x26e71014300,BindUFunction,0x0d0593,B_symbols
0x26e71018580,$beh2,0x0f224f,B_symbols
0x26e71188740,UnbindObject,0x103201,B_symbols
0x26e71188ac0,AddUFunction,0x0d2bd7,B_symbols
0x26e711b5640,UnbindObject,0x103282,B_symbols
0x26e711b59c0,AddUFunction,0x0d2c7c,B_symbols
0x26e711bb4c0,UnbindObject,0x103180,B_symbols
0x26e711bb840,AddUFunction,0x0d1ae9,B_symbols
0x26e711e3a40,AddUFunction,0x0d1324,B_symbols
0x26e711e7240,$beh2,0x0e796e,B_symbols
0x26e711e9700,Unbind,0x0f9d20,B_symbols
0x26e711e98c0,AddUFunction,0x0d127f,B_symbols
0x26e711ebbc0,AddUFunction,0x0d22e6,B_symbols
0x26e7125f200,$beh0,0x0d1a4b,B_symbols
0x26e712ac800,BindUFunction,0x0d04ed,B_symbols
0x26e76591900,UObject,0x0c5cf5,B_symbols
0x26e7659be00,UDelegateFunction,0x0cbbe8,B_symbols
0x26e7659c400,UClass,0x0c5c2e,B_symbols
0x26e76817c48,ZeroRotator,0x11617b,D_constpool
0x26e768184c8,ZeroVector,0x116062,D_constpool
0x26e7681a3c8,ZeroVector,0x118f81,D_constpool
0x26e7681a548,OneVector,0x117530,D_constpool
0x26e7681c948,UpVector,0x1178ec,D_constpool
0x26e7681ccc8,Identity,0x11755a,D_constpool
0x26e7681cfc8,NAME_None,0x116159,D_constpool
0x26e76823940,ERelativeTransformSpace,0x0cd950,B_symbols
0x26e76823a80,EAttachmentRule,0x0cd0fa,B_symbols
0x26e76823d00,ECollisionEnabled,0x0ccd56,B_symbols
0x26e76823da0,ECollisionChannel,0x0cd085,B_symbols
0x26e76826640,ESlateVisibility,0x0cc752,B_symbols
0x26e76827cc0,ESpawnActorCollisionHandlingMethod,0x0cd8e6,B_symbols
0x26e7682a240,ENetDormancy,0x0ccba6,B_symbols
0x26e7682eac0,EViewTargetBlendFunction,0x0cd85c,B_symbols
0x26e76b78120,EPathFollowingResult,0x0cdf38,B_symbols
0x26e76b7b0a0,EGameEventStatefulEventType,0x0cba45,B_symbols
0x26e76b7b140,EGameEventPassingRule,0x0c60b4,B_symbols
0x26e76b7b5a0,EPathFollowingRequestResult,0x0cdf65,B_symbols
0x26e76bd90c0,ELivingState,0x0cd122,B_symbols
0x26e76bd9200,ELokiGameFeatureToggle,0x0cb7e0,B_symbols
0x26e76bdace0,EBarracudaPhaseType,0x0cbc7c,B_symbols
0x26e76bdb8c0,ERoundPhase,0x0cbca8,B_symbols
0x26e76bdb960,ELokiDayNightState,0x0cc984,B_symbols
0x26e76bdc2c0,ELokiAssetLookupExecPins,0x0c9330,B_symbols
0x26e76bde840,ELokiMovementInputDirection,0x0cd596,B_symbols
0x26e76bde8e0,ELokiLeaderPodDetachState,0x0cd88d,B_symbols
0x26e76bde980,ELokiCrewPodDetachState,0x0cd5e9,B_symbols
0x26e76bdea20,ELokiDropPodState,0x0cd79d,B_symbols
0x26e76c61f00,UStaticMeshComponent,0x0ccc79,B_symbols
0x26e76c62b00,UMeshComponent,0x0c8aab,B_symbols
0x26e76c62e00,UPrimitiveComponent,0x0c85c9,B_symbols
0x26e76c63100,USceneComponent,0x0c8752,B_symbols
0x26e76c63400,*,0x0109ba,A_modules
0x26e76c63700, ,0x03877f,A_modules
0x26e76c63a00,UWidget,0x0cc77b,B_symbols
0x26e76c64f00,#,0x0665a0,A_modules
0x26e76c6e200,AAIController,0x0ca720,B_symbols
0x26e76c6e500,AController,0x0cba79,B_symbols
0x26e76c6e800,ALokiActor,0x0cb4a6,B_symbols
0x26e76c80240,ELokiAddToInventoryReason,0x0cb9ab,B_symbols
0x26e76c802e0,ELokiRemoveFromInventoryReason,0x0cb974,B_symbols
0x26e76c80e20,ELokiRandomStreamType,0x0cd51d,B_symbols
0x26e76c81a00,ECurrencyGrantReason,0x0cbdb0,B_symbols
0x26e76c81be0,ELokiProjectionDistanceType,0x0ccfde,B_symbols
0x26e76c82540,ELokiMinionEnemyFilter,0x0cbb51,B_symbols
0x26e76c82ea0,ELokiUsableInteractionEndResult,0x0cdb48,B_symbols
0x26e76c82fe0,ELokiUsableInteractionRepress,0x0cdc16,B_symbols
0x26e76c83120,ELokiUsableInteractionInputType,0x0cdbb5,B_symbols
0x26e76c83260,ELokiUsableActionNetworkType,0x0cdb80,B_symbols
0x26e76ca2e00,UTextBlock,0x0cc70e,B_symbols
0x26e76ca9400,USkeletalMeshComponent,0x0c9bd9,B_symbols
0x26e76ca9700,USkinnedMeshComponent,0x0cd980,B_symbols
0x26e76cc2200,UBTService,0x0c7612,B_symbols
0x26e76cc5b00,UBlackboardComponent,0x0cc17a,B_symbols
0x26e76cca000,(,0x02f6e5,A_modules
0x26e76ccc700,APawn,0x0c6c0e,B_symbols
0x26e76cf7900,UWorld,0x0cd5ca,B_symbols
0x26e76cfa900,ANavigationData,0x0cc073,B_symbols
0x26e76cfc700,UCameraComponent,0x0c9ca5,B_symbols
0x26e76d06100,ACharacter,0x0c89a1,B_symbols
0x26e76d0bb00,UNavigationQueryFilter,0x0c74f7,B_symbols
0x26e76d98500,UCanvasPanelSlot,0x0ce49e,B_symbols
0x26e76d99a00,UPanelSlot,0x0cc79b,B_symbols
0x26e76d9a300,UPanelWidget,0x0cc6e9,B_symbols
0x26e76d9d300,UOverlay,0x0cc731,B_symbols
0x26e76da4000,UMovementComponent,0x0cd831,B_symbols
0x26e76db1900,UMaterialInterface,0x0ccbcb,B_symbols
0x26e76e4a248,Identity,0x116c62,D_constpool
0x26e76e51d20,ESpawnActorScaleMethod,0x0cd921,B_symbols
0x26e76e554c0,EEndPlayReason,0x0cb7b9,B_symbols
0x26e76e559c0,EObjectTypeQuery,0x0c6c6f,B_symbols
0x26e76e55b00,EDrawDebugTrace,0x0cd012,B_symbols
0x26e76e56140,ESearchCase,0x0cc5c6,B_symbols
0x26e76e561e0,ESearchDir,0x0cc5ea,B_symbols
0x26e770cbaa0,EMIDCreationFlags,0x0ccc1e,B_symbols
0x26e770cca40,ESplineCoordinateSpace,0x0cce00,B_symbols
0x26e77116ec0,AddUFunction,0x0d1dfb,B_symbols
0x26e77119a80,BindUFunction,0x0d1fce,B_symbols
0x26e7715a340,opAssign,0x10e677,B_symbols
0x26e77172e00,AddUFunction,0x0d2a7d,B_symbols
0x26e7719e080,Broadcast,0x0d1cfc,B_symbols
0x26e7719e5c0,AddUFunction,0x0d1d56,B_symbols
0x26e7719ee80,AddUFunction,0x0d13c9,B_symbols
0x26e771b4bc0,AddUFunction,0x0d08a4,B_symbols
0x26e771b7400,$beh2,0x0d605e,B_symbols
0x26e771be5c0,opAssign,0x10cdd2,B_symbols
0x26e77214f40,W,0x0b5ada,A_modules
0x26e7721f3c0,Unbind,0x0d2daf,B_symbols
0x26e7721f580,AddUFunction,0x0d0b62,B_symbols
0x26e77220940,AddUFunction,0x0d151a,B_symbols
0x26e77228e40,UnbindObject,0x0d3006,B_symbols
0x26e772291c0,AddUFunction,0x0d2f61,B_symbols
0x26e77242000,UnbindObject,0x0dc5f9,B_symbols
0x26e772421c0,Unbind,0x0dc55a,B_symbols
0x26e77242380,AddUFunction,0x0dc491,B_symbols
0x26e77242540,__DelegateSignature,0x0dc409,B_symbols
0x26e774cf040,__Evt_PushArgument__ELokiDayNightState,0x0f7f78,B_symbols
0x26e774cf3c0,__Evt_PushArgument__ELivingState,0x0f4d7a,B_symbols
0x26e774f7cc0,__Evt_PushArgument__ELokiMovementInputDirection,0x0fd188,B_symbols
0x26e7750db40,__Evt_PushArgument__ECurrencyGrantReason,0x0df182,B_symbols
0x26e7762b300,r,0x04460d,A_modules
0x26e77633180,__Evt_PushArgument__UPrimitiveComponent,0x1048ca,B_symbols
0x26e7776f740,__Evt_PushArgument__UMaterialInterface,0x0f53e9,B_symbols
0x26e77936b40,__Evt_PushArgument__UCurveFloat,0x0f4ec3,B_symbols
0x26e779b4bc0,__Evt_PushArgument__UNiagaraSystem,0x0f5484,B_symbols
0x26e77b94840,q,0x03c19b,A_modules
0x26e77b9b4c0,0,0x06536c,A_modules
0x26e77bc0e80,__Evt_PushArgumentRef__ALokiDestructible,0x11028a,B_symbols
0x26e77bdd0c0,__Evt_PushArgument__ULokiInventoryComponentBase,0x107319,B_symbols
0x26e77c04bc0,__Evt_PushArgument__ALokiPlayerState,0x0df0e9,B_symbols
0x26e77c20940,__Evt_PushArgument__ALokiTower,0x0dfd93,B_symbols
0x26e77fc8ac0,\,0x009b6a,A_modules
0x26e77fcb140,__Evt_PushArgument__FVector,0x0df059,B_symbols
0x26e77fcd980,t,0x048ae5,A_modules
0x26e77fcdb40,k,0x0294b5,A_modules
0x26e77fcdec0,__Evt_PushArgument__float32,0x0f5828,B_symbols
0x26e77fce080,^,0x00a67b,A_modules
0x26e77fce240,__Evt_PushArgument__bool,0x0f249c,B_symbols
0x26e77fcf580,__Evt_PushArgument__FText,0x0ece0a,B_symbols
0x26e77fcf740,__Evt_PushArgumentRef__FTransform,0x0fa5fc,B_symbols
0x26e7805adc0,__Evt_PushArgument__FGameplayTagContainer,0x0f59f1,B_symbols
0x26e7805b140,i,0x025825,A_modules
0x26e783ab4c0,__Evt_PushArgument__FGameplayEffectSpec,0x0f5955,B_symbols
0x26e783aee80,__Evt_PushArgument__FActiveGameplayEffectHandle,0x0f73df,B_symbols
0x26e784cf900,__Evt_PushArgument__FLokiDamageStatistic,0x0f58b8,B_symbols
0x26e78502c40,__Evt_PushArgument__FLokiFuzzyPlayerLocationItem,0x10ed7a,B_symbols
0x26e7853e240,`,0x00aedc,A_modules
0x26e785621c0,a,0x00f0ba,A_modules
0x26e7861af80,$beh0,0x0f897a,B_symbols
0x26e7861bf40,__Evt_ExecuteDelegate,0x0dc37f,B_symbols
0x26e7861c2c0,__Evt_Execute,0x0d89ee,B_symbols
0x26e7861c480,o,0x037461,A_modules
0x26e7861c640,m,0x035240,A_modules
0x26e7861d0c0,d,0x01d9a6,A_modules
0x26e7861ecc0,opAssign,0x0eeccf,B_symbols
0x26e7861ee80,$beh2,0x0eed4c,B_symbols
0x26e7861f3c0,$beh2,0x0da3fe,B_symbols
0x26e7861fe40,opEquals,0x0dab49,B_symbols
0x26e78650780,GetTimeSeconds,0x0fc253,B_symbols
0x26e78653500,MakeFromX,0x0ef9f6,B_symbols
0x26e78655640,$beh2,0x0f97cf,B_symbols
0x26e78657b00,opAssign,0x0e4631,B_symbols
0x26e78657cc0,$beh0,0x0e45b7,B_symbols
0x26e78657e80,$beh2,0x0e481e,B_symbols
0x26e786a0e80,opAssign,0x0d848c,B_symbols
0x26e786a1040,$beh0,0x0daacf,B_symbols
0x26e786a1200,$beh2,0x0dabc6,B_symbols
0x26e786b1900,$beh2,0x100dd8,B_symbols
0x26e786b1ac0,$beh0,0x100c91,B_symbols
0x26e786b4bc0,SetbAllowTickOnDedicatedServer,0x0d2ece,B_symbols
0x26e786b4d80,SetbStartWithTickEnabled,0x0d21aa,B_symbols
0x26e786b8900,opAssign,0x0eeb49,B_symbols
0x26e786b8c80,$beh2,0x0d4051,B_symbols
0x26e786b8e40,$beh0,0x0ef051,B_symbols
0x26e786b9700,opAssign,0x0d28d2,B_symbols
0x26e786df200,$beh0,0x10f66b,B_symbols
0x26e786df3c0,$beh2,0x10fb2e,B_symbols
0x26e786f13c0,$beh0,0x0e95cb,B_symbols
0x26e786f1580,$beh2,0x0e9645,B_symbols
0x26e78761ac0,$beh2,0x0d3d97,B_symbols
0x26e78761c80,$beh0,0x0d36e3,B_symbols
0x26e78761e40,opAssign,0x10d926,B_symbols
0x26e78762000,$beh0,0x0e73b8,B_symbols
0x26e787621c0,$beh2,0x0d568a,B_symbols
0x26e78762380,$beh0,0x0d621a,B_symbols
0x26e787683c0,$beh2,0x0e51ac,B_symbols
0x26e78768580,$beh0,0x0e5156,B_symbols
0x26e78826400,TSoftClassPtr,0x0c789d,B_symbols
0x26e7882d600,TSubclassOf,0x0c5dbd,B_symbols
0x26e7882e500,TSoftClassPtr,0x0c78e7,B_symbols
0x26e788b44c0,SetbAllowTickOnDedicatedServer,0x0d171d,B_symbols
0x26e788b4680,SetbStartWithTickEnabled,0x0d1690,B_symbols
0x26e789e9700,$beh2,0x0d0e45,B_symbols
0x26e78a17780,opAssign,0x0ebc14,B_symbols
0x26e78a1adc0,GetbWalkableFloor,0x0d0d12,B_symbols
0x26e78a5a000,TSubclassOf,0x0c5c75,B_symbols
0x26e78a5a300,TSubclassOf,0x0cd355,B_symbols
0x26e78a5c700,TArray,0x0c5e05,B_symbols
0x26e78b93dc0,opAssign,0x0f861c,B_symbols
0x26e78c52380,$beh2,0x0d63c8,B_symbols
0x26e78ccd600,TArray,0x0c5eb8,B_symbols
0x26e78ccfa00,TSubclassOf,0x0c5e70,B_symbols
0x26e78f7c2c0,$beh2,0x0d3d41,B_symbols
0x26e78f7c480,$beh0,0x109c6e,B_symbols
0x26e78f7e940,$beh2,0x0d3ceb,B_symbols
0x26e78f7eb00,$beh0,0x0d62c6,B_symbols
0x26e78f90240,opAssign,0x0d399e,B_symbols
0x26e78f91900,$beh2,0x1051a6,B_symbols
0x26e78f91ac0,$beh0,0x10507e,B_symbols
0x26e78f93180,opAssign,0x0d4638,B_symbols
0x26e78f93500,$beh2,0x0d46b5,B_symbols
0x26e78f93880,opAssign,0x0d3c6e,B_symbols
0x26e78fb91c0,$beh2,0x0d641e,B_symbols
0x26e792c3100,TSubclassOf,0x0c5f82,B_symbols
0x26e792c9a00,TArray,0x0cb878,B_symbols
0x26e792cb200,TArray,0x0c6c2c,B_symbols
0x26e792cc700,TArray,0x0c993e,B_symbols
0x26e792cca00,TSubclassOf,0x0c649c,B_symbols
0x26e792ce800,TArray,0x0c61ee,B_symbols
0x26e792ceb00,TArray,0x0cdab5,B_symbols
0x26e792cf100,TSubclassOf,0x0c8104,B_symbols
0x26e792cf400,TArray,0x0c9cce,B_symbols
0x26e792cf700,TSubclassOf,0x0cd642,B_symbols
0x26e792cfa00,TArray,0x0cafea,B_symbols
0x26e792cfd00,TArray,0x0caccd,B_symbols
0x26e79312380,opAssign,0x0d840f,B_symbols
0x26e79347e80,opAssign,0x0de689,B_symbols
0x26e79348040,$beh2,0x0df003,B_symbols
0x26e7934ecc0,opAssign,0x0d7c6f,B_symbols
0x26e7934f040,$beh2,0x0d7cec,B_symbols
0x26e7934f200,$beh0,0x0daf6e,B_symbols
0x26e79358c80,$beh2,0x0d8797,B_symbols
0x26e79358e40,$beh0,0x0daec2,B_symbols
0x26e79376980,$beh0,0x0e2cae,B_symbols
0x26e79376b40,$beh2,0x0e2d7e,B_symbols
0x26e79376d00,$beh0,0x0e2d28,B_symbols
0x26e79394f40,$beh2,0x1018ae,B_symbols
0x26e79395100,$beh0,0x1013c0,B_symbols
0x26e79396440,$beh2,0x0dd395,B_symbols
0x26e79396600,$beh0,0x0dd33f,B_symbols
0x26e79396b40,$beh2,0x0dded8,B_symbols
0x26e79396d00,$beh0,0x0dde82,B_symbols
0x26e79397400,$beh0,0x10e11b,B_symbols
0x26e79397940,$beh2,0x10ef21,B_symbols
0x26e79397b00,$beh0,0x10eecb,B_symbols
0x26e79398040,$beh2,0x10ee75,B_symbols
0x26e79398200,$beh0,0x10ee1f,B_symbols
0x26e79398740,$beh2,0x10dcfb,B_symbols
0x26e79398900,$beh0,0x10dca5,B_symbols
0x26e79398ac0,opAssign,0x10cff0,B_symbols
0x26e79398c80,$beh2,0x10c7c4,B_symbols
0x26e79399000,$beh0,0x10e2de,B_symbols
0x26e793991c0,$beh2,0x10d2c2,B_symbols
0x26e79399380,$beh0,0x10cf05,B_symbols
0x26e7939af80,opAssign,0x0feb15,B_symbols
0x26e7939b680,$beh2,0x101904,B_symbols
0x26e7939b840,$beh0,0x101416,B_symbols
0x26e7939c480,$beh2,0x0d7c19,B_symbols
0x26e7939c640,$beh0,0x0d7bc3,B_symbols
0x26e7939cf00,opAssign,0x0fc85c,B_symbols
0x26e7939d440,$beh2,0x0fc058,B_symbols
0x26e7939d600,$beh0,0x0fc002,B_symbols
0x26e7939db40,$beh2,0x10e76c,B_symbols
0x26e7939dd00,$beh0,0x10e5a5,B_symbols
0x26e7939dec0,opAssign,0x10e7c2,B_symbols
0x26e7939e080,$beh2,0x10e83f,B_symbols
0x26e7939e5c0,$beh2,0x10e171,B_symbols
0x26e7939f040,$beh2,0x108308,B_symbols
0x26e7939f200,$beh0,0x1082b2,B_symbols
0x26e793a4d80,$beh2,0x0e124d,B_symbols
0x26e793a4f40,$beh0,0x0e11f7,B_symbols
0x26e793a8200,$beh2,0x0d9be9,B_symbols
0x26e793a83c0,$beh0,0x0d96c5,B_symbols
0x26e793a9000,$beh2,0x1057b3,B_symbols
0x26e793a91c0,$beh0,0x10575d,B_symbols
0x26e793a9700,$beh2,0x105707,B_symbols
0x26e793a98c0,$beh0,0x1056b1,B_symbols
0x26e793aa500,$beh2,0x101858,B_symbols
0x26e793aa6c0,$beh0,0x10136a,B_symbols
0x26e793ab140,opAssign,0x0eb194,B_symbols
0x26e793c67c0,$beh2,0x0fc104,B_symbols
0x26e793c6980,$beh0,0x0fc0ae,B_symbols
0x26e793c6ec0,$beh2,0x100bd8,B_symbols
0x26e793c7080,$beh0,0x1009f6,B_symbols
0x26e793c8740,$beh2,0x10f1fa,B_symbols
0x26e793c8900,$beh0,0x10f1a4,B_symbols
0x26e793c8e40,$beh2,0x10f14e,B_symbols
0x26e793c9000,$beh0,0x10f0f8,B_symbols
0x26e793c9540,$beh2,0x10dda7,B_symbols
0x26e793c9700,$beh0,0x10dd51,B_symbols
0x26e793c98c0,opAssign,0x0d9c95,B_symbols
0x26e793c9a80,$beh2,0x0d9d12,B_symbols
0x26e793c9c40,opAssign,0x10e9cf,B_symbols
0x26e793c9e00,$beh0,0x10f2ce,B_symbols
0x26e793c9fc0,$beh2,0x10bf4e,B_symbols
0x26e793ca180,$beh0,0x10bdf9,B_symbols
0x26e793e8040,$beh2,0x0d9b93,B_symbols
0x26e793e8200,$beh0,0x0d98b1,B_symbols
0x26e793ee780,$beh2,0x0d8633,B_symbols
0x26e793ee940,$beh0,0x0d83b9,B_symbols
0x26e793f44c0,$beh0,0x0d691e,B_symbols
0x26e793f4680,$beh2,0x0d69ec,B_symbols
0x26e793f8c80,$beh2,0x0fbbef,B_symbols
0x26e79405200,TSoftClassPtr,0x0c6032,B_symbols
0x26e7948e080,$beh2,0x0e39a9,B_symbols
0x26e7948e240,$beh0,0x0e38a8,B_symbols
0x26e794a3c00,$beh2,0x0db6da,B_symbols
0x26e794a3dc0,$beh0,0x0db5b1,B_symbols
0x26e79544600,TArray,0x0cddef,B_symbols
0x26e79560240,$beh2,0x0e5b85,B_symbols
0x26e79560400,$beh0,0x0e5b2f,B_symbols
0x26e79560940,$beh2,0x0e7264,B_symbols
0x26e79560b00,$beh0,0x0e720e,B_symbols
0x26e79561040,$beh2,0x0e5ad9,B_symbols
0x26e79561200,$beh0,0x0e5a83,B_symbols
0x26e79561740,$beh2,0x0e5a2d,B_symbols
0x26e79561900,$beh0,0x0e59d7,B_symbols
0x26e79561e40,$beh2,0x0e981a,B_symbols
0x26e79562000,$beh0,0x0e97c4,B_symbols
0x26e79562540,$beh2,0x0e976e,B_symbols
0x26e79562700,$beh0,0x0e9718,B_symbols
0x26e795667c0,$beh2,0x0e7ab2,B_symbols
0x26e79566980,$beh0,0x0e7a5c,B_symbols
0x26e79566ec0,$beh2,0x0e5c31,B_symbols
0x26e79567080,$beh0,0x0e5bdb,B_symbols
0x26e79567940,$beh2,0x0e8fe4,B_symbols
0x26e79567b00,$beh0,0x0e8f8e,B_symbols
0x26e7968b140,RegisterForEvent,0x0d0331,B_symbols
0x26e7968b4c0,BroadcastEvent,0x0d0446,B_symbols
0x26e796af3c0,Append,0x0d1018,B_symbols
0x26e796b3dc0,Append,0x0d1f53,B_symbols
0x26e796b4300,ToString,0x0d0126,B_symbols
0x26e796b44c0,Append,0x0d1093,B_symbols
0x26e79707cc0,GetActorForwardVector,0x0f1eb8,B_symbols
0x26e797083c0,ForceNetUpdate,0x0ee78a,B_symbols
0x26e79708580,FlushNetDormancy,0x0e1bda,B_symbols
0x26e79709a80,AddImpulse,0x0d5d30,B_symbols
0x26e7970a180,ActorHasTag,0x0f1a50,B_symbols
0x26e7970adc0,GetActorTransform,0x0ef705,B_symbols
0x26e7970bf40,GetOwner,0x0f0eca,B_symbols
0x26e7970d440,GetDistanceTo,0x10ccd8,B_symbols
0x26e7970dd00,GetComponentByClass,0x0d57f3,B_symbols
0x26e7970fe40,GetVelocity,0x0d4a17,B_symbols
0x26e797113c0,Teleport,0x0db978,B_symbols
0x26e79712000,SetActorLocation,0x100ce7,B_symbols
0x26e79712700,GetRootComponent,0x0f2529,B_symbols
0x26e79712c40,GetActorRotation,0x0db917,B_symbols
0x26e79712e00,GetActorLocation,0x0d4c06,B_symbols
0x26e79712fc0,DestroyActor,0x0d9596,B_symbols
0x26e79714140,SetReplicateMovement,0x104e8f,B_symbols
0x26e79714680,SetOwner,0x0f10aa,B_symbols
0x26e79714840,SetNetDormancy,0x0ec66f,B_symbols
0x26e79715100,SetActorTickEnabled,0x0edc22,B_symbols
0x26e797152c0,SetActorScale3D,0x100896,B_symbols
0x26e79715640,SetActorHiddenInGame,0x0e3e32,B_symbols
0x26e79715800,SetActorEnableCollision,0x0fdfea,B_symbols
0x26e797175c0,IsVisible,0x10f7fd,B_symbols
0x26e79719fc0,GetCachedGeometry,0x10f609,B_symbols
0x26e7971adc0,AddToViewport,0x0f87ef,B_symbols
0x26e7971ba00,SetVisibility,0x0e873b,B_symbols
0x26e79737780,GetOwner,0x0d9d68,B_symbols
0x26e79737b00,Deactivate,0x0fdd3e,B_symbols
0x26e79738580,Activate,0x0f0e4d,B_symbols
0x26e7973af80,GetRelativeTransform,0x0efb3f,B_symbols
0x26e7973cf00,SetIsReplicated,0x0da580,B_symbols
0x26e7973d440,P,0x09f4aa,A_modules
0x26e7973f200,IsVisible,0x0f219f,B_symbols
0x26e79750e80,SetVisibility,0x0f258a,B_symbols
0x26e79751200,SetRelativeScale3D,0x0f3625,B_symbols
0x26e79751580,SetHiddenInGame,0x0ee522,B_symbols
0x26e79752e00,GetWorldLocation,0x0ee338,B_symbols
0x26e79754bc0,(,0x053c9c,A_modules
0x26e79754d80,GetCollisionObjectType,0x0f1bac,B_symbols
0x26e79758200,IsCollisionEnabled,0x0ee437,B_symbols
0x26e7975c800,SetCollisionProfileName,0x0e3f60,B_symbols
0x26e7975c9c0,SetCollisionObjectType,0x1054ce,B_symbols
0x26e7975cb80,SetCollisionEnabled,0x0ee49a,B_symbols
0x26e7975cf00,SetCastShadow,0x0f2abc,B_symbols
0x26e7975e940,SetMaterial,0x0f27d4,B_symbols
0x26e7975f900,SetGenerateOverlapEvents,0x0f2b3e,B_symbols
0x26e797736c0,SetNotifyRigidBodyCollision,0x0e4010,B_symbols
0x26e79776600,"""",0x0525ba,A_modules
0x26e7977ba00,MakeGameplayTagContainerFromTag,0x0f6fab,B_symbols
0x26e7977dec0,SetStaticMesh,0x0ed676,B_symbols
0x26e797a1c80,Possess,0x109a35,B_symbols
0x26e797a2000,GetControlledPawn,0x0df46d,B_symbols
0x26e797a60c0,MoveToActor,0x107f25,B_symbols
0x26e797a6280,SetFocus,0x107c79,B_symbols
0x26e797a8e40,SetValueAsVector,0x0e4f46,B_symbols
0x26e797d36c0,GetBlackboard,0x0e4ebb,B_symbols
0x26e797d59c0,IsLocallyControlled,0x0f1046,B_symbols
0x26e797d6ec0,GetController,0x1077b7,B_symbols
0x26e797ebbc0,ProjectPointToNavigation,0x0e4944,B_symbols
0x26e797ec100,GetRandomLocationInNavigableRadius,0x106d34,B_symbols
0x26e7981fc80,ClearChildren,0x0e8b4e,B_symbols
0x26e7981fe40,AddChild,0x0e8cad,B_symbols
0x26e79834f40,SetSize,0x10fab2,B_symbols
0x26e798644c0,SetText,0x0e8ad2,B_symbols
0x26e798736c0,GetAbsoluteSize,0x10f773,B_symbols
0x26e79873880,GetAbsolutePosition,0x10f6e5,B_symbols
0x26e79877b00,GetBoneTransform,0x100791,B_symbols
0x26e79879c40,SlotAsCanvasSlot,0x10fa20,B_symbols
0x26e7987a340,GetViewportWidgetGeometry,0x10fb84,B_symbols
0x26e7987a500,GetViewportSize,0x10f4e6,B_symbols
0x26e7987a6c0,GetViewportScale,0x10f577,B_symbols
0x26e79960240,SetUpdatedComponent,0x1052c4,B_symbols
0x26e79967240,StopMovementImmediately,0x0fe56f,B_symbols
0x26e799dba00,GetPawnOrSpectator,0x108aa2,B_symbols
0x26e799dbf40,GetMousePosition,0x1089f9,B_symbols
0x26e799fbf40,GetScaledCapsuleHalfHeight,0x10107b,B_symbols
0x26e799fc100,SetBoxExtent,0x0e3ebb,B_symbols
0x26e799ff3c0,GetRootTransformAtTime,0x0d1835,B_symbols
0x26e799ffc80,SetCapsuleRadius,0x0ec79f,B_symbols
0x26e799ffe40,SetCapsuleHalfHeight,0x0ec6f2,B_symbols
0x26e79a052c0,SetDecalMaterial,0x0ed26a,B_symbols
0x26e79a05d40,GetDecalMaterial,0x0ed102,B_symbols
0x26e79a0e080,SetSphereRadius,0x105426,B_symbols
0x26e79a205c0,StopSimulating,0x104ffb,B_symbols
0x26e79a29540,GetLocationAtDistanceAlongSpline,0x0ef8bb,B_symbols
0x26e79a2e240,GetSplineLength,0x0ef6a5,B_symbols
0x26e79a63f80,GetFloatValue,0x0f2a3a,B_symbols
0x26e79aa8200,DeprojectScreenToWorld,0x0fcaa1,B_symbols
0x26e79aaf740,GetServerTime,0x0d48f0,B_symbols
0x26e79ab59c0,SpawnDecalAtLocation,0x0ecfbc,B_symbols
0x26e79abac00,GetServerWorldTimeSeconds,0x0eb7ae,B_symbols
0x26e79acd0c0,CreateDynamicMaterialInstance,0x0ed163,B_symbols
0x26e79b11900,GetClassFromPrimaryAssetId,0x0d9e24,B_symbols
0x26e79b11ac0,GetClassDisplayName,0x0d99ef,B_symbols
0x26e79b12a80,ExecuteConsoleCommand,0x108d01,B_symbols
0x26e79b17940,ClearAndInvalidateTimerHandle,0x0fc3c7,B_symbols
0x26e79b1b140,LineTraceMultiByProfile,0x0f166e,B_symbols
0x26e79b1c480,SetTimer,0x0d3ef5,B_symbols
0x26e79b1c800,SetTimerForNextTick,0x0eebc6,B_symbols
0x26e79b1cf00,IsValidTimerHandle,0x0ed52d,B_symbols
0x26e79b1dd00,GetTimerRemainingTimeHandle,0x0ed5bb,B_symbols
0x26e79b1f740,LogString,0x0e6f6f,B_symbols
0x26e79b1fac0,LoadClassAsset_Blocking,0x0d0e9b,B_symbols
0x26e79b205c0,SphereOverlapActors,0x0d09fb,B_symbols
0x26e79b31580,SetScalarParameterValue,0x0f0c79,B_symbols
0x26e79b328c0,GetScalarParameterValue,0x0f0a82,B_symbols
0x26e79b505c0,GetPlayerController,0x0fc9b7,B_symbols
0x26e79b50940,GetPawn,0x1093bb,B_symbols
0x26e79b57240,IsABot,0x0f90f8,B_symbols
0x26e79b5d0c0,GetBoundingBox,0x0ed74e,B_symbols
0x26e79ba4f40,SetNiagaraVariableFloat,0x0f0bc9,B_symbols
0x26e79ba6600,SetAsset,0x0f2878,B_symbols
0x26e79c1c480,IsEditor,0x0ee95b,B_symbols
0x26e79e05200,TArray,0x0c902a,B_symbols
0x26e79e0d300,TArray,0x0c93d0,B_symbols
0x26e79e0d600,TSubclassOf,0x0c9388,B_symbols
0x26e79e0df00,TArray,0x0c63be,B_symbols
0x26e79e0e200,TArray,0x0c8a25,B_symbols
0x26e79e0eb00,TArray,0x0c80c1,B_symbols
0x26e79e0f100,TArray,0x0c9254,B_symbols
0x26e79e0f700,TArray,0x0cbcf5,B_symbols
0x26e79e0fa00,TArray,0x0c777a,B_symbols
0x26e79e0fd00,TSet,0x0c7a7f,B_symbols
0x26e79e71740,ExecuteGameplayCue_BP,0x1050d4,B_symbols
0x26e79e721c0,ApplyGameplayEffectToSelf,0x0d3b74,B_symbols
0x26e79e72700,ApplyGameplayEffectSpecToTarget,0x0d536d,B_symbols
0x26e79e728c0,ApplyGameplayEffectSpecToSelf,0x0d470b,B_symbols
0x26e79e74140,GetTagAttributeMin,0x0df553,B_symbols
0x26e79e759c0,GetEffectModifierValueAtLevel,0x105e5c,B_symbols
0x26e79e76980,GetActiveEffectsWithAllOwningTags,0x0f704b,B_symbols
0x26e79e76d00,$beh2,0x0f7389,B_symbols
0x26e79e78740,HasMatchingGameplayTag,0x0d44c5,B_symbols
0x26e79e79540,RemoveActiveGameplayEffect,0x108fb5,B_symbols
0x26e79e798c0,RemoveActiveEffectsWithGrantedTags,0x0d37b4,B_symbols
0x26e79e79e00,MakeOutgoingSpec,0x0d43f8,B_symbols
0x26e79e79fc0,MakeEffectContext,0x0d3b12,B_symbols
0x26e79e7aa40,HasTagAttribute,0x0df4cf,B_symbols
0x26e79e7ac00,HasActiveGameplayEffect,0x108f29,B_symbols
0x26e79e944c0,AssignTagSetByCallerMagnitude,0x0d4550,B_symbols
0x26e79e99000,GetAbilitySystemComponent,0x0d52d1,B_symbols
0x26e79f0fac0,SetIconVisible,0x0ea752,B_symbols
0x26e79f5b4c0,AttachToActor,0x0f4495,B_symbols
0x26e79f5ee80,SetActorRotation,0x0fefdf,B_symbols
0x26e79f5fc80,SetActorLocation,0x0fef5a,B_symbols
0x26e79f60780,SetWorldLocation,0x0f08d8,B_symbols
0x26e79f60cc0,SetRelativeRotation,0x0f31c4,B_symbols
0x26e79f61200,SetRelativeLocation,0x0ed7ad,B_symbols
0x26e79f61e40,GetRelativeScale3D,0x0f66e1,B_symbols
0x26e79f621c0,GetRelativeLocation,0x0ef641,B_symbols
0x26e79f65100,SinCos,0x1051fc,B_symbols
0x26e79f66b40,GetComponent,0x0f1b4f,B_symbols
0x26e79f66d00,GetbStartPenetrating,0x0f1992,B_symbols
0x26e79f66ec0,GetbBlockingHit,0x0ee8fb,B_symbols
0x26e79f67080,GetActor,0x0f19f7,B_symbols
0x26e79f67b00,MakeFromX,0x10091a,B_symbols
0x26e79f6e780,AddTag,0x0d3739,B_symbols
0x26e79f81580,IsValid,0x0dfe26,B_symbols
0x26e79f81c80,RemoveTag,0x109742,B_symbols
0x26e79f82700,HasTagExact,0x1096c2,B_symbols
0x26e79fa1200,GetUIGameEventRouter,0x0e5934,B_symbols
0x26e79fa13c0,GetGlobalGameEventRouter,0x0d7b1c,B_symbols
0x26e79fa21c0,StopListeningToEvent,0x0d9fee,B_symbols
0x26e79fa2700,CreateWidget,0x0f8716,B_symbols
0x26e79fa4d80,IsActivated,0x10f91a,B_symbols
0x26e7a03bbc0,GetPlayerArmoryModel,0x0d7539,B_symbols
0x26e7a03bd80,GetArmoryManager,0x0d74a5,B_symbols
0x26e7a047e80,Warning,0x0faac9,B_symbols
0x26e7a0483c0,Log,0x0d9796,B_symbols
0x26e7a048580,Error,0x10df4d,B_symbols
0x26e7a089c40,AdjustHealth,0x0d431e,B_symbols
0x26e7a0a1040,GetPilot,0x0d439f,B_symbols
0x26e7a0a1200,GetPassengers,0x0d5e87,B_symbols
0x26e7a0a13c0,GetMaxHealth,0x0cfefb,B_symbols
0x26e7a0a1580,GetMaxBoostFuel,0x0cff58,B_symbols
0x26e7a0a1740,GetHealth,0x0cfea1,B_symbols
0x26e7a0a2380,GetAirshipForwardVector,0x0d4ce5,B_symbols
0x26e7a0a2700,ExitAirship,0x0d5f96,B_symbols
0x26e7a0a36c0,BindHardCodedDelegates,0x0f3b24,B_symbols
0x26e7a0aaa40,GetMatchId,0x0d9907,B_symbols
0x26e7a0ab4c0,GetLokiDataAsset,0x0da682,B_symbols
0x26e7a0ab680,GetLokiAssetManager,0x0da454,B_symbols
0x26e7a0abbc0,AsyncLoadPrimaryAssets,0x0da2c3,B_symbols
0x26e7a0abd80,Done,0x0d7d42,B_symbols
0x26e7a0ac640,GetHeroAssetFromPrimaryAssetId,0x0d1c10,B_symbols
0x26e7a0aeb00,PostEventActor,0x0ec59a,B_symbols
0x26e7a0e05c0,RequestVOPilot,0x0e23dc,B_symbols
0x26e7a0e3880,PostEventLocation,0x0ee646,B_symbols
0x26e7a0e4680,CanHaveAnyArmoryUniqueEffects,0x0d6ff4,B_symbols
0x26e7a0e8040,GetGoldValue,0x0e6e76,B_symbols
0x26e7a0e9c40,GetCurrentInventoryComponent,0x0e6155,B_symbols
0x26e7a0ea500,GetArmoryUniqueEffectDescriptionAtIndex,0x0d6a42,B_symbols
0x26e7a0ea880,DirtyDupeVisuals,0x1060b3,B_symbols
0x26e7a0eaf80,GetSlotName,0x0d82e0,B_symbols
0x26e7a0eb680,$beh2,0x0e5f21,B_symbols
0x26e7a0eb840,GetRecipeCostForLocalPlayerBP,0x0e5e15,B_symbols
0x26e7a0ebbc0,$beh2,0x0e56d9,B_symbols
0x26e7a0ebd80,GetRecipeCostForInventory,0x0e74aa,B_symbols
0x26e7a0ecd40,GetPlayerFacingName,0x0e7130,B_symbols
0x26e7a0eeb00,HasArmoryTierForUniqueEffectAtIndex,0x0d740d,B_symbols
0x26e7a0eecc0,HasArmoryStarsForUniqueEffectAtIndex,0x0d70fe,B_symbols
0x26e7a0ef900,GetTotalCostForItem,0x0e5c87,B_symbols
0x26e7a101200,DroppedAsCurrency,0x10726f,B_symbols
0x26e7a102540,MeetsRequirementsForUniqueEffectAtIndex,0x0d7062,B_symbols
0x26e7a102a80,IsValidItemLocation,0x106736,B_symbols
0x26e7a108200,IsTeamEliminated,0x10b5be,B_symbols
0x26e7a108580,GracefullyShutdown,0x0f91cc,B_symbols
0x26e7a108c80,$beh2,0x0f83be,B_symbols
0x26e7a10a500,GetGoldDeathboxTransferRatio,0x107202,B_symbols
0x26e7a10d600,SpawnPlayer,0x0e0e65,B_symbols
0x26e7a110b00,opAssign,0x0e66ad,B_symbols
0x26e7a110cc0,$beh2,0x0db094,B_symbols
0x26e7a111580,$beh2,0x0f21f9,B_symbols
0x26e7a112e00,$beh2,0x0eca6f,B_symbols
0x26e7a11b840,HasMatchingGameplayTag,0x0d55d6,B_symbols
0x26e7a11bbc0,HasAnyMatchingGameplayTags,0x0eaf9f,B_symbols
0x26e7a11bd80,HasAllMatchingGameplayTags,0x0e8362,B_symbols
0x26e7a11cb80,GetServerTimeSince,0x0edcaa,B_symbols
0x26e7a11d280,GetLokiGameState,0x0dd7b5,B_symbols
0x26e7a11d440,GetLokiGameMode,0x0dddf9,B_symbols
0x26e7a11d980,GetLocalTeamIndex,0x0ea7d5,B_symbols
0x26e7a11dd00,GetLocalLokiPlayerState,0x0e91f2,B_symbols
0x26e7a11dec0,GetLocalLokiController,0x0d72d1,B_symbols
0x26e7a11e240,GetLocalLokiCharacter,0x10599d,B_symbols
0x26e7a11e5c0,GetLocalCursorLocation,0x0f11af,B_symbols
0x26e7a11f3c0,IsInGameWorld,0x0d724a,B_symbols
0x26e7a132a80,LokiIsServer,0x0d3ded,B_symbols
0x26e7a132c40,LokiIsClient,0x0e58ae,B_symbols
0x26e7a135480,TryGetLocalLokiPlayerState,0x0fae22,B_symbols
0x26e7a138ac0,SetSpawnableBots,0x0f8c9e,B_symbols
0x26e7a139000,$beh2,0x0f8d23,B_symbols
0x26e7a13cf00,IsTerrainInRadius,0x0fcc53,B_symbols
0x26e7a13d280,IsAbyss,0x1064ac,B_symbols
0x26e7a13d440,GetTerrainPercentInRadius,0x0fcba1,B_symbols
0x26e7a13d600,GetInstance,0x0ee159,B_symbols
0x26e7a13d980,GetHeight,0x0f3326,B_symbols
0x26e7a13db40,Dirty,0x0ee399,B_symbols
0x26e7a181200,AuthGrantLevel,0x0eb72b,B_symbols
0x26e7a1813c0,AuthGrantExperience,0x0dee18,B_symbols
0x26e7a183a40,GetExperience,0x0debac,B_symbols
0x26e7a184140,GetCharacterProjectileTerrainHeightOffset,0x0f32ac,B_symbols
0x26e7a184300,GetCharacterProjectileSpawnLocation,0x0f4394,B_symbols
0x26e7a1844c0,GetCharacterLevel,0x0dec69,B_symbols
0x26e7a1875c0,GetTeamIndex,0x0f1ccf,B_symbols
0x26e7a188580,GetLokiCharacterMovement,0x0e4ce1,B_symbols
0x26e7a188740,GetLokiAbilitySystem_BP,0x0eb510,B_symbols
0x26e7a188ac0,GetLivingState,0x0f9ee6,B_symbols
0x26e7a188e40,GetLevel,0x0de3a1,B_symbols
0x26e7a189700,GetInventoryComboItems,0x0eff94,B_symbols
0x26e7a18a880,GetFeetLocation,0x0f324c,B_symbols
0x26e7a18bf40,IsInvisible,0x10ce4f,B_symbols
0x26e7a18c2c0,IsInBrush,0x10ceab,B_symbols
0x26e7a18cb80,IsDead,0x0e0a98,B_symbols
0x26e7a18d0c0,IsAllyTeam,0x0f1ad0,B_symbols
0x26e7a18d280,IsAlive,0x0fab49,B_symbols
0x26e7a18d440,IsAbilitySystemInitialized,0x103303,B_symbols
0x26e7a18fc80,JumpActionStop,0x10a048,B_symbols
0x26e7a18fe40,JumpActionStart,0x10a0a7,B_symbols
0x26e7a191200,SetIdle,0x107a50,B_symbols
0x26e7a192540,ResetAllCooldowns,0x0f92f2,B_symbols
0x26e7a1975c0,GetFollowingActor,0x0d587b,B_symbols
0x26e7a19a180,FindHeroCharactersInCircleBP,0x0f1d2c,B_symbols
0x26e7a19cb80,IsMidAir,0x0f07f8,B_symbols
0x26e7a19d0c0,IsGliding,0x0f1fcf,B_symbols
0x26e7a19e940,GlueCameraToTarget,0x0fe875,B_symbols
0x26e7a1b2fc0,UnglueCamera,0x0fe920,B_symbols
0x26e7a1b5800,GetAvatarLokiCharacterFromActorInfo,0x0efe40,B_symbols
0x26e7a1c1600,TArray,0x0c67c3,B_symbols
0x26e7a1c1900,TSet,0x0c6e67,B_symbols
0x26e7a1c2500,TArray,0x0c9577,B_symbols
0x26e7a1c3100,TSubclassOf,0x0cdd7c,B_symbols
0x26e7a1c3700,TArray,0x0c81b6,B_symbols
0x26e7a1c3d00,TArray,0x0c616d,B_symbols
0x26e7a1c4000,TSet,0x0c9479,B_symbols
0x26e7a1c4f00,TArray,0x0caf7a,B_symbols
0x26e7a1c5800,TSet,0x0c69ac,B_symbols
0x26e7a1db840,IsAlive,0x10bda1,B_symbols
0x26e7a201e40,BroadcastDropPodStateChangeEvent,0x0fe1a7,B_symbols
0x26e7a202000,BroadcastDropPodLeaderDetachEvent,0x0feb92,B_symbols
0x26e7a2021c0,BroadcastDropPodDirectionChangeEvent,0x100a4c,B_symbols
0x26e7a202380,BroadcastDropPodCrewDetachEvent,0x0fea4f,B_symbols
0x26e7a205800,$beh2,0x0e2926,B_symbols
0x26e7a206280,StopPlayerPodSteering,0x100256,B_symbols
0x26e7a206440,StartPlayerPodSteering,0x1001ef,B_symbols
0x26e7a206600,SetPilotPlayerState,0x0fdc0e,B_symbols
0x26e7a206980,GetDropAboveAmount,0x100c2e,B_symbols
0x26e7a206ec0,RemovePlayerFromPlane,0x0ff78c,B_symbols
0x26e7a20e940,$beh2,0x10ebd1,B_symbols
0x26e7a20ecc0,ClearLocations,0x10b55f,B_symbols
0x26e7a20ee80,BroadcastUAVActivatedEvent,0x10e91e,B_symbols
0x26e7a20f040,AddLocation,0x10d1ec,B_symbols
0x26e7a23fac0,GetAllLootFromLootTables,0x0fba26,B_symbols
0x26e7a250400,GetPlayerStatesOnTeam,0x0e00f8,B_symbols
0x26e7a252c40,GetFeatureToggleValue,0x0d7e2f,B_symbols
0x26e7a252e00,GetFeatureTogglesReady,0x0d7d97,B_symbols
0x26e7a254a00,IsAssetIDEnabled,0x0da4ca,B_symbols
0x26e7a254bc0,IsAssetEnabled,0x0da8a3,B_symbols
0x26e7a254d80,IsAlive,0x0dbb6f,B_symbols
0x26e7a257080,$beh2,0x0f99ac,B_symbols
0x26e7a258200,ServerDrawDebugLine,0x0dcbe7,B_symbols
0x26e7a2583c0,ServerDrawDebugCapsule,0x0e46ae,B_symbols
0x26e7a25bd80,InitializeLocalSpellInput,0x0d2d21,B_symbols
0x26e7a25cf00,SpawnPoolableActorFromClassDeferred,0x0ffb79,B_symbols
0x26e7a25d7c0,SpawnActorFromClass,0x106934,B_symbols
0x26e7a25e240,opAssign,0x0d871a,B_symbols
0x26e7a25e400,$beh2,0x0d87ed,B_symbols
0x26e7a25e5c0,SortArmoryItems,0x0d8689,B_symbols
0x26e7a25f580,GetCurrentPhase,0x0e08e6,B_symbols
0x26e7a25f740,GetCurrentDay,0x0fb269,B_symbols
0x26e7a271040,opAssign,0x10bd24,B_symbols
0x26e7a271200,$beh2,0x0ec544,B_symbols
0x26e7a2713c0,GetTeamStates,0x0ec394,B_symbols
0x26e7a271580,GetTeamState,0x0e2ef6,B_symbols
0x26e7a2721c0,GetRandomStream,0x0fb15b,B_symbols
0x26e7a2728c0,GetPlayerStatesOnTeam,0x0e1d43,B_symbols
0x26e7a272a80,GetOrCreateTeamState,0x109ab1,B_symbols
0x26e7a273340,GetLokiPlayerStates,0x0e0946,B_symbols
0x26e7a275480,SetArmoryFullyUnlocked,0x109330,B_symbols
0x26e7a277cc0,GetLokiGameUserSettings,0x10851f,B_symbols
0x26e7a279000,GetDragToPanCameraSpeed,0x108817,B_symbols
0x26e7a27c640,IsDragToPanCameraResetOnRelease,0x10859d,B_symbols
0x26e7a27c800,IsDragToPanCameraInverted,0x1087ad,B_symbols
0x26e7a2844c0,GetCurrentBloomAngle,0x0f30e1,B_symbols
0x26e7a28a500,GetGliderCollisionCapsule,0x0f2029,B_symbols
0x26e7a28f3c0,EndLaserIntersection,0x0f070e,B_symbols
0x26e7a2a2700,IsComponentInUsableList,0x10277c,B_symbols
0x26e7a2a2a80,GetClosestOverlappingComponentWithTags,0x10376a,B_symbols
0x26e7a2a2e00,UpdateLaserIntersection,0x0f0682,B_symbols
0x26e7a2a2fc0,ShouldShowHeightIndicator,0x0f5bc4,B_symbols
0x26e7a2a3500,OnTookDamage,0x0f5a8f,B_symbols
0x26e7a2a4140,GetAllValidItems,0x0e9283,B_symbols
0x26e7a2a44c0,$beh2,0x0f962e,B_symbols
0x26e7a2a4680,GetAllItemsAndSlots,0x0f9519,B_symbols
0x26e7a2a75c0,GetEmptySlotsByName,0x0e758e,B_symbols
0x26e7a2a7b00,GetArmorItem,0x0f0148,B_symbols
0x26e7a2a8580,TryTransferToInventory,0x1070e7,B_symbols
0x26e7a2a8c80,TryRemoveFromInventory,0x0d916a,B_symbols
0x26e7a2a8e40,TryAddToInventory,0x0d945c,B_symbols
0x26e7a2a9a80,HasItemByClass,0x0dac1c,B_symbols
0x26e7a2aa500,GetItemFromSlot,0x0d8e5e,B_symbols
0x26e7a2aaa40,GetInventoryComponent,0x0f9473,B_symbols
0x26e7a2ad600,GetPowerItem,0x0efffb,B_symbols
0x26e7a2d3c00,GetAllPossibleActorsFromLootTable,0x0e6533,B_symbols
0x26e7a2d3dc0,GenerateFromClassWithStream,0x0fbae4,B_symbols
0x26e7a2d5d40,RequestMoveTowardDeath,0x109cc4,B_symbols
0x26e7a313c00,$beh2,0x0dce1a,B_symbols
0x26e7a313dc0,GetEnemyList,0x0dcd0c,B_symbols
0x26e7a314140,GetClosestEnemyOnList,0x0dbbf8,B_symbols
0x26e7a314f40,$beh2,0x0e1799,B_symbols
0x26e7a319fc0,HasBlackboardTargetEnemy,0x0db7d2,B_symbols
0x26e7a31a180,GetSpawnLocation,0x0db83b,B_symbols
0x26e7a31a6c0,GetRewardsForLevel,0x0e38fe,B_symbols
0x26e7a323dc0,GetUnusedTeamIndex,0x109d4f,B_symbols
0x26e7a323f80,GetPlayerState,0x10919c,B_symbols
0x26e7a324140,GetPlayerController,0x108c9d,B_symbols
0x26e7a324680,GetHeroCharacter,0x109fe7,B_symbols
0x26e7a324a00,GetClientCursorLocation,0x0d3233,B_symbols
0x26e7a324d80,GetAbilitySystemComponent,0x108e67,B_symbols
0x26e7a325640,CheatSetTeamEliminated,0x109b9b,B_symbols
0x26e7a32adc0,FinishDropPhaseHiding,0x0fe9e9,B_symbols
0x26e7a32e780,GetLokiPlayerState,0x0d9dc1,B_symbols
0x26e7a32fac0,GetCursorLocation,0x0fca1b,B_symbols
0x26e7a32fe40,ForceCloseUI,0x1035cf,B_symbols
0x26e7a352c40,IsActorHoveringEnabled,0x102808,B_symbols
0x26e7a357b00,MulticastOnDropPodLaunched,0x0fffb9,B_symbols
0x26e7a358900,UnlockFullArmory,0x0da0de,B_symbols
0x26e7a358ac0,ShouldUnlockFullArmory,0x0da077,B_symbols
0x26e7a358c80,RemoveSeasonContentFromFullArmory,0x0da7b3,B_symbols
0x26e7a359000,GetArmory,0x0d7f40,B_symbols
0x26e7a3591c0,AsyncLoadArmory,0x0da13f,B_symbols
0x26e7a35bbc0,AddItemToElimInventorySnapShot,0x106e93,B_symbols
0x26e7a35f200,ConsumeWalletCurrency,0x0d95f3,B_symbols
0x26e7a3905c0,GetPlayerLevel,0x0dec0a,B_symbols
0x26e7a390b00,GetLokiCharacter,0x0de2e0,B_symbols
0x26e7a391580,GetKills,0x0e1dcd,B_symbols
0x26e7a391900,GetInventory,0x0d8e01,B_symbols
0x26e7a393180,GetCurrentKillStreak,0x0de982,B_symbols
0x26e7a394a00,IsSpectator,0x1023d7,B_symbols
0x26e7a394bc0,IsSpawnTeamLeader,0x0fc484,B_symbols
0x26e7a395800,GrantWalletCurrency,0x0deadc,B_symbols
0x26e7a395f00,GetWalletGold,0x0d92c3,B_symbols
0x26e7a396280,GetWalletCurrencyAmount,0x0d9a7e,B_symbols
0x26e7a396d00,GetTeamState,0x10e1c7,B_symbols
0x26e7a396ec0,GetTeamIndex_BP,0x0de341,B_symbols
0x26e7a3b0080,SimpleProjectToGround,0x0ff53b,B_symbols
0x26e7a3b0780,SimpleProjectToUnobstructedTerrain,0x10654c,B_symbols
0x26e7a3b1580,SetMeshEnd,0x0f26b1,B_symbols
0x26e7a3b1740,SetMeshBegin,0x0f2630,B_symbols
0x26e7a3b1900,SetMaterial,0x0f2730,B_symbols
0x26e7a3b1ac0,GetTimeForXDistance,0x0f2e09,B_symbols
0x26e7a3b1c80,GetTimeForPosition,0x0f1263,B_symbols
0x26e7a3b1e40,GetPositionForTime,0x0f0851,B_symbols
0x26e7a3b2000,GetPathSegments,0x0f1340,B_symbols
0x26e7a3b2700,GetMaterial,0x0f0a02,B_symbols
0x26e7a3bd440,GetLandingTeleportLocation,0x100e2e,B_symbols
0x26e7a3be080,AuthPlayerEnterWorldAttachedToRidable,0x0ffefb,B_symbols
0x26e7a3be240,AuthPlayerEnterWorld,0x0fe47a,B_symbols
0x26e7a3be400,AuthPlayerDetachPlayerFromRidable,0x0fe319,B_symbols
0x26e7a3beb00,GetFromContext,0x0d9812,B_symbols
0x26e7a3becc0,AddTeamDropEvent,0x10230a,B_symbols
0x26e7a3bfe40,AddItemPurchaseEvent,0x0d9b0a,B_symbols
0x26e7a3db140,GetCachedCharacters,0x0e1446,B_symbols
0x26e7a3de240,GetTeamIndex,0x0fd5e7,B_symbols
0x26e7a3de5c0,AuthSetTeamIndex,0x0ea63a,B_symbols
0x26e7a3df040,GetLivingPlayers,0x109b3a,B_symbols
0x26e7a3df740,GetIndex,0x0ec4eb,B_symbols
0x26e7a410240,SetTeamForActor,0x0eb45f,B_symbols
0x26e7a410940,IsEnemyTeam,0x0d479d,B_symbols
0x26e7a410cc0,IsAllyTeam,0x0d59dc,B_symbols
0x26e7a4113c0,GetTeamFromActor,0x0de47e,B_symbols
0x26e7a411900,GetFuzzyPlayerLocationComponentByTeamIndex,0x10b484,B_symbols
0x26e7a413180,GetTeamStateTeamOnly,0x0e3276,B_symbols
0x26e7a413340,GetTeamStateByTeamIndex,0x0e1387,B_symbols
0x26e7a416600,RemoveVaultDataByVault,0x10d7f8,B_symbols
0x26e7a4167c0,RemoveVaultDataBySourceUAV,0x10d517,B_symbols
0x26e7a416ec0,AddOrUpdateVaultData,0x10bec5,B_symbols
0x26e7a41cd40,SetActive,0x0fd6c4,B_symbols
0x26e7a433f80,FindParentWidgetOfAnyType,0x10f857,B_symbols
0x26e7a437400,GetHighestPriorityUsable,0x103805,B_symbols
0x26e7a4375c0,GetFailurePrompt,0x103bef,B_symbols
0x26e7a437780,GetActiveInteractionRepressBehavior,0x103f0d,B_symbols
0x26e7a437940,Focus,0x103923,B_symbols
0x26e7a437b00,CanBeUsed,0x1028f0,B_symbols
0x26e7a43cd40,UpdateInteraction,0x102f07,B_symbols
0x26e7a43cf00,Unfocus,0x1038cb,B_symbols
0x26e7a43d0c0,StopInteraction,0x102c83,B_symbols
0x26e7a43d280,StartInteraction,0x1041a5,B_symbols
0x26e7a43d440,SetInteractionUIPrompt,0x103a3f,B_symbols
0x26e7a43d980,IsUsableInteracting,0x102fb1,B_symbols
0x26e7a43db40,IsInteractionEnding,0x1034a8,B_symbols
0x26e7a43dd00,InteractionRequiresInputHold,0x10424e,B_symbols
0x26e7a43e240,GetPrompt,0x10399d,B_symbols
0x26e7a4a7780,RegisterOnGenericPlayerConfigValueUpdated,0x0f3c1a,B_symbols
0x26e7a4a8580,GetGenericPlayerConfigBoolValue,0x0f4011,B_symbols
0x26e7a623f80,SetbNetLoadOnClient,0x0d0c8a,B_symbols
0x26e7a624a00,SetbAlwaysRelevant,0x0d110e,B_symbols
0x26e7a628740,SetInstigator,0x0d1b8e,B_symbols
0x26e7a6291c0,SetbReplicates,0x0d0c07,B_symbols
0x26e7a62b840,SetbExcludeFromServer,0x0d31a9,B_symbols
0x26e7a62bbc0,SetbExcludeFromClient,0x0d073a,B_symbols
0x26e7a62c640,SetbReplicates,0x0d06b7,B_symbols
0x26e7a62f580,SetbHiddenInGame,0x0d17b0,B_symbols
0x26e7a62f740,GetbHiddenInGame,0x0d1945,B_symbols
0x26e7aa29a80,GetCapsuleRadius,0x0d18e4,B_symbols
0x26e7aa52fc0,SetMaxSpeed,0x0d2e4e,B_symbols
0x26e7ac9e3c8,__StaticType_ALokiAirship,0x115fbf,D_constpool
0x26e7acc8800,TMap,0x0c94e0,B_symbols
0x26e7acc9400,TArray,0x0cb561,B_symbols
0x26e7acd9700,StaticClass,0x0d3323,B_symbols
0x26e7ad74f40,StaticClass,0x0d1625,B_symbols
0x26e7ad79540,StaticClass,0x0d312c,B_symbols
0x26e7ad7a180,StaticClass,0x0cffb8,B_symbols
0x26e7ad80848,__StaticType_ALokiHeightMap,0x117487,D_constpool
0x26e7ad842c8,__StaticType_ALokiDestructible,0x11602b,D_constpool
0x26e7ad8ba48,__StaticType_ALokiMinionCharacter,0x115ff1,D_constpool
0x26e7ad8dbc8,__StaticType_ALokiPlayerStart,0x117be5,D_constpool
0x26e7addd600,GetPilotPlayerState,0x0d2146,B_symbols
0x26e7adf2500,TSubclassOf,0x0cb45e,B_symbols
0x26e7adfe500,TArray,0x0cc354,B_symbols
0x26e7ae2e240,StaticClass,0x0d0835,B_symbols
0x26e7ae58740,StaticClass,0x0d07c4,B_symbols
0x26e7aee0400,TArray,0x0cb669,B_symbols
0x26e7aee1f00,TSubclassOf,0x0c723b,B_symbols
0x26e7aeec700,ALokiHeroCharacter_AS,0x0c8379,B_symbols
0x26e7aeeca00,ABarracudaMinionSpawner,0x0c72e8,B_symbols
0x26e7aeecd00,FMinionWave,0x0cc880,B_symbols
0x26e7aeed000,FMinionWaveEntry,0x0c81f9,B_symbols
0x26e7af06b90,Gold,0x116743,D_constpool
0x26e7b0433d8,__StaticType_AUAVVaultContentActor,0x118f2d,D_constpool
0x26e7b043758,__StaticType_AUAVMapActor,0x118eeb,D_constpool
0x26e7b043958,__StaticType_AUAVAudioPlayer,0x118ea3,D_constpool
0x26e7b043ed8,__StaticType_ULokiPlayerControllerUAVComponent,0x118e37,D_constpool
0x26e7b044158,__StaticType_ULokiGameStateUAVComponent,0x118c78,D_constpool
0x26e7b045058,__StaticType_AVaultItemSpawner,0x1190cf,D_constpool
0x26e7b045158,__StaticType_ULokiOffscreenTeamIndicatorWidget_AS,0x119057,D_constpool
0x26e7b045258,__StaticType_ULokiWidgetHighlighterHitTestBlocker_AS,0x118fae,D_constpool
0x26e7b0783c0,CreateComponent,0x0eb3b7,B_symbols
0x26e7b0aba00,Get,0x0d2715,B_symbols
0x26e7b0ac9c0,Get,0x0d238b,B_symbols
0x26e7b0bcd40,Get,0x0d24f7,B_symbols
0x26e7b0c5d40,Get,0x0d243e,B_symbols
0x26e7b113880,Get,0x0d2658,B_symbols
0x26e7b11a180,Get,0x0d2b22,B_symbols
0x26e7b1321c0,Get,0x0d27c2,B_symbols
0x26e7b135100,Get,0x0d25a5,B_symbols
0x26e7b139540,Get,0x0d29cc,B_symbols
0x26e7b13a500,Get,0x0d2237,B_symbols
0x26e7b141040,__Actor_CreateComponentByClass,0x0d7a1d,B_symbols
0x26e7b1413c0,__Actor_GetOrCreateComponentByClass,0x0d7919,B_symbols
0x26e7b141580,__Actor_GetComponentByClass,0x0d781d,B_symbols
0x26e7b1a0780,UBarracudaLaneCreepTargetingComponent,0x0dc8d5,B_symbols
0x26e7b1a0940,UBarracudaLaneCreepTargetingComponent,0x0dc825,B_symbols
0x26e7b1a1040,Get,0x0e4b50,B_symbols
0x26e7b1a1200,StaticClass,0x0eb317,B_symbols
0x26e7b1a1c80,Broadcast,0x0dbee0,B_symbols
0x26e7b1a2000,FinishSpawningActor,0x0ffe4f,B_symbols
0x26e7b1a21c0,FinishSpawningActor,0x0d93d4,B_symbols
0x26e7b1a2380,SpawnActor,0x0d3535,B_symbols
0x26e7b1a2540,GetAllActorsOfClassWithTag,0x0d1ea0,B_symbols
0x26e7b1a28c0,GetAllActorsOfClass,0x0d146e,B_symbols
0x26e7b1a2a80,GetAllActorsOfClass,0x0d329b,B_symbols
0x26e7b1a3a40,ABarracudaShop,0x0e528b,B_symbols
0x26e7b1a3c00,ExecutePurchasePlan,0x0e6068,B_symbols
0x26e7b1a3dc0,TryGeneratePurchasePlan,0x0e5f77,B_symbols
0x26e7b1a4680,BroadcastFilterUpdated,0x0e72ba,B_symbols
0x26e7b1a4840,DebugPrintNode,0x0e706c,B_symbols
0x26e7b1a4a00,DebugLogGraph,0x0e5833,B_symbols
0x26e7b1a4bc0,GetOrCreateItemGraphNode,0x0e683c,B_symbols
0x26e7b1a4d80,CalculateItemTotalCost,0x0e6c0e,B_symbols
0x26e7b1a4f40,CalculateTotalCostsForAllItems,0x0e57a7,B_symbols
0x26e7b1a5100,BuildGraph,0x0e572f,B_symbols
0x26e7b1a5640,AuthSellItem,0x0e9d87,B_symbols
0x26e7b1a5800,AuthBuyItem,0x0e9c0d,B_symbols
0x26e7b1a59c0,GetIncrementalCost,0x0e9973,B_symbols
0x26e7b1a5b80,GetItemSellValue,0x0e61c2,B_symbols
0x26e7b1a5d40,GetItemTotalCost,0x0e5d1d,B_symbols
0x26e7b1a60c0,FBarracudaShopPurchasePlan,0x0e5572,B_symbols
0x26e7b1a6280,UBarracudaShopItemGraphNode,0x0e5307,B_symbols
0x26e7b1a6440,UBarracudaShopItemGraphNode,0x0e5202,B_symbols
0x26e7b1a6980,UBTService_BarracudaUpdateMinionWaypoint,0x0e4fef,B_symbols
0x26e7b1a6b40,UBTService_BarracudaUpdateMinionWaypoint,0x0e4e08,B_symbols
0x26e7b1a7240,Get,0x0e3c60,B_symbols
0x26e7b1a7780,CreateInputItemWidget,0x0e8bac,B_symbols
0x26e7b1a7b00,UBarracudaShopItemListWidget,0x0e841a,B_symbols
0x26e7b1a7cc0,UBarracudaShopItemListWidget,0x0e79c4,B_symbols
0x26e7b1a8200,DoesItemPassFilter,0x0e7c1f,B_symbols
0x26e7b1a83c0,SortItemNodesByTotalCost,0x0e7cf5,B_symbols
0x26e7b1a8580,UpdateVisuals,0x0e7b08,B_symbols
0x26e7b1a8ac0,EventFinishedAddingItems,0x0e7e5f,B_symbols
0x26e7b1a8e40,AddItemToContainer,0x0e7dad,B_symbols
0x26e7b1a91c0,ClearItemContainer,0x0e7b91,B_symbols
0x26e7b1a9540,$beh2,0x0e7918,B_symbols
0x26e7b1a98c0,$beh2,0x0e78c2,B_symbols
0x26e7b1a9e00,$beh2,0x0e551c,B_symbols
0x26e7b1a9fc0,opAssign,0x0e7ef3,B_symbols
0x26e7b1aa180,$beh2,0x0e54c6,B_symbols
0x26e7b1aa500,StaticClass,0x0e24ba,B_symbols
0x26e7b1aa6c0,StaticClass,0x0e6d67,B_symbols
0x26e7b1aa880,GetBarracudaShop,0x0e98f5,B_symbols
0x26e7b1aac00,ABarracudaShop,0x0e76c7,B_symbols
0x26e7b1aadc0,ServerSellItem,0x0e9cce,B_symbols
0x26e7b1ab300,ServerBuyItem,0x0e9b55,B_symbols
0x26e7b1abbc0,UBarracudaShopItemWidget,0x0e9a17,B_symbols
0x26e7b1abd80,UBarracudaShopItemWidget,0x0e953b,B_symbols
0x26e7b1ac100,SetRepresentedItem,0x0e868d,B_symbols
0x26e7b1ac640,UpdateVisuals,0x0e9870,B_symbols
0x26e7b1ac9c0,UBarracudaShopItemTreeWidget,0x0e940a,B_symbols
0x26e7b1acb80,UBarracudaShopItemTreeWidget,0x0e8ef6,B_symbols
0x26e7b1acd40,UpdateVisualsInternal,0x0e90c3,B_symbols
0x26e7b1acf00,UpdateVisuals,0x0e903a,B_symbols
0x26e7b1ad980,UBarracudaShopItemTreeNodeWidget,0x0e8e56,B_symbols
0x26e7b1adb40,UBarracudaShopItemTreeNodeWidget,0x0e84b2,B_symbols
0x26e7b1add00,SetItem,0x0e935f,B_symbols
0x26e7b1adec0,UpdateOwnership,0x0e891d,B_symbols
0x26e7b1ae080,UpdateRootNode,0x0e886b,B_symbols
0x26e7b1ae240,UpdateName,0x0e87bd,B_symbols
0x26e7b1ae400,UpdateVisuals,0x0e85dc,B_symbols
0x26e7b1ae780,FGametimeToLevel,0x0ea315,B_symbols
0x26e7b1aeb00,$beh2,0x0ea22d,B_symbols
0x26e7b1aee80,UBarraucdaShopFilterWidget,0x0ea0ae,B_symbols
0x26e7b1af040,UBarraucdaShopFilterWidget,0x0e9ef7,B_symbols
0x26e7b1af200,FBarracudaShopTagFilter,0x0e9f8b,B_symbols
0x26e7b1afac0,UBarracudaShopPlayerControllerComponent,0x0e9e49,B_symbols
0x26e7b1afc80,UBarracudaShopPlayerControllerComponent,0x0e9aa7,B_symbols
