t_sec,t_wall,LocX,LocY,LocZ,VelX,VelY,VelZ,AccX,AccY,AccZ,CIV1x,CIV1y,CIV1z,CIV2x,CIV2y,CIV2z,CIV3x,CIV3y,CIV3z,CIVmaxMag2D,Mode,GravScale,AnalogMod,AirCtl,AirCtlBoost,AirCtlThr,FallLatFr
0.000,1788986287.333,0.000,0.000,13240.000,0.000,0.000,0.000,0.000,0.000,0.000,0.000,0.000,0.000,0.000,0.000,0.000,0.000,0.000,0.000,0.0000,3,0.0000,0.0000,0.0150,2.0000,25.0000,0.3750
0.141,1788986287.474,0.000,0.000,13240.000,0.000,0.000,0.000,0.000,0.000,0.000,0.000,0.000,0.000,0.000,0.000,0.000,0.000,0.000,0.000,0.0000,3,0.0000,0.0000,0.0150,2.0000,25.0000,0.3750
0.257,1788986287.590,0.000,0.000,13240.000,0.000,0.000,0.000,0.000,0.000,0.000,0.000,0.000,0.000,0.000,0.000,0.000,0.000,0.000,0.000,0.0000,3,0.0000,0.0000,0.0150,2.0000,25.0000,0.3750
0.403,1788986287.736,0.000,0.000,13240.000,0.000,0.000,0.000,0.000,0.000,0.000,0.000,0.000,0.000,0.000,0.000,0.000,0.000,0.000,0.000,0.0000,3,0.0000,0.0000,0.0150,2.0000,25.0000,0.3750
0.506,1788986287.839,0.000,0.000,13240.000,0.000,0.000,0.000,0.000,0.000,0.000,0.000,0.000,0.000,0.000,0.000,0.000,0.000,0.000,0.000,0.0000,3,0.0000,0.0000,0.0150,2.0000,25.0000,0.3750
0.623,1788986287.957,0.000,0.000,13240.000,0.000,0.000,0.000,0.000,0.000,0.000,0.000,0.000,0.000,0.000,0.000,0.000,0.000,0.000,0.000,0.0000,3,0.0000,0.0000,0.0150,2.0000,25.0000,0.3750
0.726,1788986288.059,0.000,0.000,13240.000,0.000,0.000,0.000,0.000,0.000,0.000,0.000,0.000,0.000,0.000,0.000,0.000,0.000,0.000,0.000,0.0000,3,0.0000,0.0000,0.0150,2.0000,25.0000,0.3750
0.841,1788986288.174,0.000,0.000,13240.000,0.000,0.000,0.000,0.000,0.000,0.000,0.000,0.000,0.000,0.000,0.000,0.000,0.000,0.000,0.000,0.0000,3,0.0000,0.0000,0.0150,2.0000,25.0000,0.3750
0.943,1788986288.277,0.000,0.000,13240.000,0.000,0.000,0.000,0.000,0.000,0.000,0.000,0.000,0.000,0.000,0.000,0.000,0.000,0.000,0.000,0.0000,3,0.0000,0.0000,0.0150,2.0000,25.0000,0.3750
1.046,1788986288.379,0.000,0.000,13240.000,0.000,0.000,0.000,0.000,0.000,0.000,0.000,0.000,0.000,0.000,0.000,0.000,0.000,0.000,0.000,0.0000,3,0.0000,0.0000,0.0150,2.0000,25.0000,0.3750
1.157,1788986288.490,0.000,0.000,13240.000,0.000,0.000,0.000,0.000,0.000,0.000,0.000,0.000,0.000,0.000,0.000,0.000,0.000,0.000,0.000,0.0000,3,0.0000,0.0000,0.0150,2.0000,25.0000,0.3750
1.259,1788986288.592,0.000,0.000,13240.000,0.000,0.000,0.000,0.000,0.000,0.000,0.000,0.000,0.000,0.000,0.000,0.000,0.000,0.000,0.000,0.0000,3,0.0000,0.0000,0.0150,2.0000,25.0000,0.3750
1.361,1788986288.694,0.000,0.000,13240.000,0.000,0.000,0.000,0.000,0.000,0.000,0.000,0.000,0.000,0.000,0.000,0.000,0.000,0.000,0.000,0.0000,3,0.0000,0.0000,0.0150,2.0000,25.0000,0.3750
1.464,1788986288.797,0.000,0.000,13240.000,0.000,0.000,0.000,0.000,0.000,0.000,0.000,0.000,0.000,0.000,0.000,0.000,0.000,0.000,0.000,0.0000,3,0.0000,0.0000,0.0150,2.0000,25.0000,0.3750
1.590,1788986288.923,0.000,0.000,13240.000,0.000,0.000,0.000,0.000,0.000,0.000,0.000,0.000,0.000,0.000,0.000,0.000,0.000,0.000,0.000,0.0000,3,0.0000,0.0000,0.0150,2.0000,25.0000,0.3750
1.692,1788986289.026,0.000,0.000,13240.000,0.000,0.000,0.000,0.000,0.000,0.000,0.000,0.000,0.000,0.000,0.000,0.000,0.000,0.000,0.000,0.0000,3,0.0000,0.0000,0.0150,2.0000,25.0000,0.3750
1.815,1788986289.148,0.000,0.000,13240.000,0.000,0.000,0.000,0.000,0.000,0.000,0.000,0.000,0.000,0.000,0.000,0.000,0.000,0.000,0.000,0.0000,3,0.0000,0.0000,0.0150,2.0000,25.0000,0.3750
1.918,1788986289.251,0.000,0.000,13240.000,0.000,0.000,0.000,0.000,0.000,0.000,0.000,0.000,0.000,0.000,0.000,0.000,0.000,0.000,0.000,0.0000,3,0.0000,0.0000,0.0150,2.0000,25.0000,0.3750
2.032,1788986289.365,0.000,0.000,13240.000,0.000,0.000,0.000,0.000,0.000,0.000,0.000,0.000,0.000,0.000,0.000,0.000,0.000,0.000,0.000,0.0000,3,0.0000,0.0000,0.0150,2.0000,25.0000,0.3750
2.134,1788986289.467,0.000,0.000,13240.000,0.000,0.000,0.000,0.000,0.000,0.000,0.000,0.000,0.000,0.000,0.000,0.000,0.000,0.000,0.000,0.0000,3,0.0000,0.0000,0.0150,2.0000,25.0000,0.3750
2.248,1788986289.581,0.000,0.000,13240.000,0.000,0.000,0.000,0.000,0.000,0.000,0.000,0.000,0.000,0.000,0.000,0.000,0.000,0.000,0.000,0.0000,3,0.0000,0.0000,0.0150,2.0000,25.0000,0.3750
2.350,1788986289.683,0.000,0.000,13240.000,0.000,0.000,0.000,0.000,0.000,0.000,0.000,0.000,0.000,0.000,0.000,0.000,0.000,0.000,0.000,0.0000,3,0.0000,0.0000,0.0150,2.0000,25.0000,0.3750
2.464,1788986289.798,0.000,0.000,13240.000,0.000,0.000,0.000,0.000,0.000,0.000,0.000,0.000,0.000,0.000,0.000,0.000,0.000,0.000,0.000,0.0000,3,0.0000,0.0000,0.0150,2.0000,25.0000,0.3750
2.567,1788986289.901,0.000,0.000,13240.000,0.000,0.000,0.000,0.000,0.000,0.000,0.000,0.000,0.000,0.000,0.000,0.000,0.000,0.000,0.000,0.0000,3,0.0000,0.0000,0.0150,2.0000,25.0000,0.3750
2.670,1788986290.004,0.000,0.000,13240.000,0.000,0.000,0.000,0.000,0.000,0.000,0.000,0.000,0.000,0.000,0.000,0.000,0.000,0.000,0.000,0.0000,3,0.0000,0.0000,0.0150,2.0000,25.0000,0.3750
2.798,1788986290.131,0.000,0.000,13240.000,0.000,0.000,0.000,0.000,0.000,0.000,0.000,0.000,0.000,0.000,0.000,0.000,0.000,0.000,0.000,0.0000,3,0.0000,0.0000,0.0150,2.0000,25.0000,0.3750
2.900,1788986290.234,0.000,0.000,13240.000,0.000,0.000,0.000,0.000,0.000,0.000,0.000,0.000,0.000,0.000,0.000,0.000,0.000,0.000,0.000,0.0000,3,0.0000,0.0000,0.0150,2.0000,25.0000,0.3750
3.015,1788986290.348,0.000,0.000,13240.000,0.000,0.000,0.000,0.000,0.000,0.000,0.000,0.000,0.000,0.000,0.000,0.000,0.000,0.000,0.000,0.0000,3,0.0000,0.0000,0.0150,2.0000,25.0000,0.3750
3.118,1788986290.451,0.000,0.000,13240.000,0.000,0.000,0.000,0.000,0.000,0.000,0.000,0.000,0.000,0.000,0.000,0.000,0.000,0.000,0.000,0.0000,3,0.0000,0.0000,0.0150,2.0000,25.0000,0.3750
3.248,1788986290.581,0.000,0.000,13240.000,0.000,0.000,0.000,0.000,0.000,0.000,0.000,0.000,0.000,0.000,0.000,0.000,0.000,0.000,0.000,0.0000,3,0.0000,0.0000,0.0150,2.0000,25.0000,0.3750
3.350,1788986290.684,0.000,0.000,13240.000,0.000,0.000,0.000,0.000,0.000,0.000,0.000,0.000,0.000,0.000,0.000,0.000,0.000,0.000,0.000,0.0000,3,0.0000,0.0000,0.0150,2.0000,25.0000,0.3750
3.464,1788986290.797,0.000,0.000,13240.000,0.000,0.000,0.000,0.000,0.000,0.000,0.000,0.000,0.000,0.000,0.000,0.000,0.000,0.000,0.000,0.0000,3,0.0000,0.0000,0.0150,2.0000,25.0000,0.3750
3.566,1788986290.899,0.000,0.000,13240.000,0.000,0.000,0.000,0.000,0.000,0.000,0.000,0.000,0.000,0.000,0.000,0.000,0.000,0.000,0.000,0.0000,3,0.0000,0.0000,0.0150,2.0000,25.0000,0.3750
3.681,1788986291.014,0.000,0.000,13240.000,0.000,0.000,0.000,0.000,0.000,0.000,0.000,0.000,0.000,0.000,0.000,0.000,0.000,0.000,0.000,0.0000,3,0.0000,0.0000,0.0150,2.0000,25.0000,0.3750
3.783,1788986291.117,0.000,0.000,13240.000,0.000,0.000,0.000,0.000,0.000,0.000,0.000,0.000,0.000,0.000,0.000,0.000,0.000,0.000,0.000,0.0000,3,0.0000,0.0000,0.0150,2.0000,25.0000,0.3750
3.897,1788986291.231,0.000,0.000,13240.000,0.000,0.000,0.000,0.000,0.000,0.000,0.000,0.000,0.000,0.000,0.000,0.000,0.000,0.000,0.000,0.0000,3,0.0000,0.0000,0.0150,2.0000,25.0000,0.3750
4.000,1788986291.333,0.000,0.000,13240.000,0.000,0.000,0.000,0.000,0.000,0.000,0.000,0.000,0.000,0.000,0.000,0.000,0.000,0.000,0.000,0.0000,3,0.0000,0.0000,0.0150,2.0000,25.0000,0.3750
4.101,1788986291.435,0.000,0.000,13240.000,0.000,0.000,0.000,0.000,0.000,0.000,0.000,0.000,0.000,0.000,0.000,0.000,0.000,0.000,0.000,0.0000,3,0.0000,0.0000,0.0150,2.0000,25.0000,0.3750
4.204,1788986291.537,0.000,0.000,13240.000,0.000,0.000,0.000,0.000,0.000,0.000,0.000,0.000,0.000,0.000,0.000,0.000,0.000,0.000,0.000,0.0000,3,0.0000,0.0000,0.0150,2.0000,25.0000,0.3750
4.331,1788986291.664,0.000,0.000,13240.000,0.000,0.000,0.000,0.000,0.000,0.000,0.000,0.000,0.000,0.000,0.000,0.000,0.000,0.000,0.000,0.0000,3,0.0000,0.0000,0.0150,2.0000,25.0000,0.3750
4.433,1788986291.766,0.000,0.000,13240.000,0.000,0.000,0.000,0.000,0.000,0.000,0.000,0.000,0.000,0.000,0.000,0.000,0.000,0.000,0.000,0.0000,3,0.0000,0.0000,0.0150,2.0000,25.0000,0.3750
4.547,1788986291.880,0.000,0.000,13240.000,0.000,0.000,0.000,0.000,0.000,0.000,0.000,0.000,0.000,0.000,0.000,0.000,0.000,0.000,0.000,0.0000,3,0.0000,0.0000,0.0150,2.0000,25.0000,0.3750
4.650,1788986291.983,0.000,0.000,13240.000,0.000,0.000,0.000,0.000,0.000,0.000,0.000,0.000,0.000,0.000,0.000,0.000,0.000,0.000,0.000,0.0000,3,0.0000,0.0000,0.0150,2.0000,25.0000,0.3750
4.753,1788986292.086,0.000,0.000,13240.000,0.000,0.000,0.000,0.000,0.000,0.000,0.000,0.000,0.000,0.000,0.000,0.000,0.000,0.000,0.000,0.0000,3,0.0000,0.0000,0.0150,2.0000,25.0000,0.3750
4.872,1788986292.205,0.000,0.000,13240.000,0.000,0.000,0.000,0.000,0.000,0.000,0.000,0.000,0.000,0.000,0.000,0.000,0.000,0.000,0.000,0.0000,3,0.0000,0.0000,0.0150,2.0000,25.0000,0.3750
4.975,1788986292.308,0.000,0.000,13240.000,0.000,0.000,0.000,0.000,0.000,0.000,0.000,0.000,0.000,0.000,0.000,0.000,0.000,0.000,0.000,0.0000,3,0.0000,0.0000,0.0150,2.0000,25.0000,0.3750
5.105,1788986292.438,0.000,0.000,13240.000,0.000,0.000,0.000,0.000,0.000,0.000,0.000,0.000,0.000,0.000,0.000,0.000,0.000,0.000,0.000,0.0000,3,0.0000,0.0000,0.0150,2.0000,25.0000,0.3750
5.230,1788986292.563,0.000,0.000,13240.000,0.000,0.000,0.000,0.000,0.000,0.000,0.000,0.000,0.000,0.000,0.000,0.000,0.000,0.000,0.000,0.0000,3,0.0000,0.0000,0.0150,2.0000,25.0000,0.3750
5.332,1788986292.666,0.000,0.000,13240.000,0.000,0.000,0.000,0.000,0.000,0.000,0.000,0.000,0.000,0.000,0.000,0.000,0.000,0.000,0.000,0.0000,3,0.0000,0.0000,0.0150,2.0000,25.0000,0.3750
5.446,1788986292.780,0.000,0.000,13240.000,0.000,0.000,0.000,0.000,0.000,0.000,0.000,0.000,0.000,0.000,0.000,0.000,0.000,0.000,0.000,0.0000,3,0.0000,0.0000,0.0150,2.0000,25.0000,0.3750
5.550,1788986292.883,0.000,0.000,13240.000,0.000,0.000,0.000,0.000,0.000,0.000,0.000,0.000,0.000,0.000,0.000,0.000,0.000,0.000,0.000,0.0000,3,0.0000,0.0000,0.0150,2.0000,25.0000,0.3750
5.652,1788986292.985,0.000,0.000,13240.000,0.000,0.000,0.000,0.000,0.000,0.000,0.000,0.000,0.000,0.000,0.000,0.000,0.000,0.000,0.000,0.0000,3,0.0000,0.0000,0.0150,2.0000,25.0000,0.3750
5.754,1788986293.088,0.000,0.000,13240.000,0.000,0.000,0.000,0.000,0.000,0.000,0.000,0.000,0.000,0.000,0.000,0.000,0.000,0.000,0.000,0.0000,3,0.0000,0.0000,0.0150,2.0000,25.0000,0.3750
5.857,1788986293.190,0.000,0.000,13240.000,0.000,0.000,0.000,0.000,0.000,0.000,0.000,0.000,0.000,0.000,0.000,0.000,0.000,0.000,0.000,0.0000,3,0.0000,0.0000,0.0150,2.0000,25.0000,0.3750
5.960,1788986293.293,0.000,0.000,13240.000,0.000,0.000,0.000,0.000,0.000,0.000,0.000,0.000,0.000,0.000,0.000,0.000,0.000,0.000,0.000,0.0000,3,0.0000,0.0000,0.0150,2.0000,25.0000,0.3750
6.061,1788986293.395,0.000,0.000,13240.000,0.000,0.000,0.000,0.000,0.000,0.000,0.000,0.000,0.000,0.000,0.000,0.000,0.000,0.000,0.000,0.0000,3,0.0000,0.0000,0.0150,2.0000,25.0000,0.3750
6.188,1788986293.522,0.000,0.000,13240.000,0.000,0.000,0.000,0.000,0.000,0.000,0.000,0.000,0.000,0.000,0.000,0.000,0.000,0.000,0.000,0.0000,3,0.0000,0.0000,0.0150,2.0000,25.0000,0.3750
6.291,1788986293.624,0.000,0.000,13240.000,0.000,0.000,0.000,0.000,0.000,0.000,0.000,0.000,0.000,0.000,0.000,0.000,0.000,0.000,0.000,0.0000,3,0.0000,0.0000,0.0150,2.0000,25.0000,0.3750
6.394,1788986293.727,0.000,0.000,13240.000,0.000,0.000,0.000,0.000,0.000,0.000,0.000,0.000,0.000,0.000,0.000,0.000,0.000,0.000,0.000,0.0000,3,0.0000,0.0000,0.0150,2.0000,25.0000,0.3750
6.522,1788986293.855,0.000,0.000,13240.000,0.000,0.000,0.000,0.000,0.000,0.000,0.000,0.000,0.000,0.000,0.000,0.000,0.000,0.000,0.000,0.0000,3,0.0000,0.0000,0.0150,2.0000,25.0000,0.3750
6.624,1788986293.958,0.000,0.000,13240.000,0.000,0.000,0.000,0.000,0.000,0.000,0.000,0.000,0.000,0.000,0.000,0.000,0.000,0.000,0.000,0.0000,3,0.0000,0.0000,0.0150,2.0000,25.0000,0.3750
6.764,1788986294.097,0.000,0.000,13240.000,0.000,0.000,0.000,0.000,0.000,0.000,0.000,0.000,0.000,0.000,0.000,0.000,0.000,0.000,0.000,0.0000,3,0.0000,0.0000,0.0150,2.0000,25.0000,0.3750
6.867,1788986294.201,0.000,0.000,13240.000,0.000,0.000,0.000,0.000,0.000,0.000,0.000,0.000,0.000,0.000,0.000,0.000,0.000,0.000,0.000,0.0000,3,0.0000,0.0000,0.0150,2.0000,25.0000,0.3750
6.970,1788986294.304,0.000,0.000,13240.000,0.000,0.000,0.000,0.000,0.000,0.000,0.000,0.000,0.000,0.000,0.000,0.000,0.000,0.000,0.000,0.0000,3,0.0000,0.0000,0.0150,2.0000,25.0000,0.3750
7.088,1788986294.421,0.000,0.000,13240.000,0.000,0.000,0.000,0.000,0.000,0.000,0.000,0.000,0.000,0.000,0.000,0.000,0.000,0.000,0.000,0.0000,3,0.0000,0.0000,0.0150,2.0000,25.0000,0.3750
7.191,1788986294.524,0.000,0.000,13240.000,0.000,0.000,0.000,0.000,0.000,0.000,0.000,0.000,0.000,0.000,0.000,0.000,0.000,0.000,0.000,0.0000,3,0.0000,0.0000,0.0150,2.0000,25.0000,0.3750
7.293,1788986294.627,0.000,0.000,13240.000,0.000,0.000,0.000,0.000,0.000,0.000,0.000,0.000,0.000,0.000,0.000,0.000,0.000,0.000,0.000,0.0000,3,0.0000,0.0000,0.0150,2.0000,25.0000,0.3750
7.397,1788986294.730,0.000,0.000,13240.000,0.000,0.000,0.000,0.000,0.000,0.000,0.000,0.000,0.000,0.000,0.000,0.000,0.000,0.000,0.000,0.0000,3,0.0000,0.0000,0.0150,2.0000,25.0000,0.3750
7.500,1788986294.833,0.000,0.000,13240.000,0.000,0.000,0.000,0.000,0.000,0.000,0.000,0.000,0.000,0.000,0.000,0.000,0.000,0.000,0.000,0.0000,3,0.0000,0.0000,0.0150,2.0000,25.0000,0.3750
7.602,1788986294.935,0.000,0.000,13240.000,0.000,0.000,0.000,0.000,0.000,0.000,0.000,0.000,0.000,0.000,0.000,0.000,0.000,0.000,0.000,0.0000,3,0.0000,0.0000,0.0150,2.0000,25.0000,0.3750
7.737,1788986295.071,0.000,0.000,13240.000,0.000,0.000,0.000,0.000,0.000,0.000,0.000,0.000,0.000,0.000,0.000,0.000,0.000,0.000,0.000,0.0000,3,0.0000,0.0000,0.0150,2.0000,25.0000,0.3750
7.839,1788986295.173,0.000,0.000,13240.000,0.000,0.000,0.000,0.000,0.000,0.000,0.000,0.000,0.000,0.000,0.000,0.000,0.000,0.000,0.000,0.0000,3,0.0000,0.0000,0.0150,2.0000,25.0000,0.3750
7.963,1788986295.296,0.000,0.000,13240.000,0.000,0.000,0.000,0.000,0.000,0.000,0.000,0.000,0.000,0.000,0.000,0.000,0.000,0.000,0.000,0.0000,3,0.0000,0.0000,0.0150,2.0000,25.0000,0.3750
8.065,1788986295.398,0.000,0.000,13240.000,0.000,0.000,0.000,0.000,0.000,0.000,0.000,0.000,0.000,0.000,0.000,0.000,0.000,0.000,0.000,0.0000,3,0.0000,0.0000,0.0150,2.0000,25.0000,0.3750
8.168,1788986295.501,0.000,0.000,13240.000,0.000,0.000,0.000,0.000,0.000,0.000,0.000,0.000,0.000,0.000,0.000,0.000,0.000,0.000,0.000,0.0000,3,0.0000,0.0000,0.0150,2.0000,25.0000,0.3750
8.288,1788986295.621,0.000,0.000,13240.000,0.000,0.000,0.000,0.000,0.000,0.000,0.000,0.000,0.000,0.000,0.000,0.000,0.000,0.000,0.000,0.0000,3,0.0000,0.0000,0.0150,2.0000,25.0000,0.3750
8.390,1788986295.723,0.000,0.000,13240.000,0.000,0.000,0.000,0.000,0.000,0.000,0.000,0.000,0.000,0.000,0.000,0.000,0.000,0.000,0.000,0.0000,3,0.0000,0.0000,0.0150,2.0000,25.0000,0.3750
8.504,1788986295.837,0.000,0.000,13240.000,0.000,0.000,0.000,0.000,0.000,0.000,0.000,0.000,0.000,0.000,0.000,0.000,0.000,0.000,0.000,0.0000,3,0.0000,0.0000,0.0150,2.0000,25.0000,0.3750
8.606,1788986295.940,0.000,0.000,13240.000,0.000,0.000,0.000,0.000,0.000,0.000,0.000,0.000,0.000,0.000,0.000,0.000,0.000,0.000,0.000,0.0000,3,0.0000,0.0000,0.0150,2.0000,25.0000,0.3750
8.709,1788986296.042,0.000,0.000,13240.000,0.000,0.000,0.000,0.000,0.000,0.000,0.000,0.000,0.000,0.000,0.000,0.000,0.000,0.000,0.000,0.0000,3,0.0000,0.0000,0.0150,2.0000,25.0000,0.3750
8.821,1788986296.154,0.000,0.000,13240.000,0.000,0.000,0.000,0.000,0.000,0.000,0.000,0.000,0.000,0.000,0.000,0.000,0.000,0.000,0.000,0.0000,3,0.0000,0.0000,0.0150,2.0000,25.0000,0.3750
8.923,1788986296.257,0.000,0.000,13240.000,0.000,0.000,0.000,0.000,0.000,0.000,0.000,0.000,0.000,0.000,0.000,0.000,0.000,0.000,0.000,0.0000,3,0.0000,0.0000,0.0150,2.0000,25.0000,0.3750
9.037,1788986296.370,0.000,0.000,13240.000,0.000,0.000,0.000,0.000,0.000,0.000,0.000,0.000,0.000,0.000,0.000,0.000,0.000,0.000,0.000,0.0000,3,0.0000,0.0000,0.0150,2.0000,25.0000,0.3750
9.140,1788986296.473,0.000,0.000,13240.000,0.000,0.000,0.000,0.000,0.000,0.000,0.000,0.000,0.000,0.000,0.000,0.000,0.000,0.000,0.000,0.0000,3,0.0000,0.0000,0.0150,2.0000,25.0000,0.3750
9.262,1788986296.595,0.000,0.000,13240.000,0.000,0.000,0.000,0.000,0.000,0.000,0.000,0.000,0.000,0.000,0.000,0.000,0.000,0.000,0.000,0.0000,3,0.0000,0.0000,0.0150,2.0000,25.0000,0.3750
9.364,1788986296.698,0.000,0.000,13240.000,0.000,0.000,0.000,0.000,0.000,0.000,0.000,0.000,0.000,0.000,0.000,0.000,0.000,0.000,0.000,0.0000,3,0.0000,0.0000,0.0150,2.0000,25.0000,0.3750
9.487,1788986296.820,0.000,0.000,13240.000,0.000,0.000,0.000,0.000,0.000,0.000,0.000,0.000,0.000,0.000,0.000,0.000,0.000,0.000,0.000,0.0000,3,0.0000,0.0000,0.0150,2.0000,25.0000,0.3750
9.590,1788986296.923,0.000,0.000,13240.000,0.000,0.000,0.000,0.000,0.000,0.000,0.000,0.000,0.000,0.000,0.000,0.000,0.000,0.000,0.000,0.0000,3,0.0000,0.0000,0.0150,2.0000,25.0000,0.3750
9.692,1788986297.025,0.000,0.000,13240.000,0.000,0.000,0.000,0.000,0.000,0.000,0.000,0.000,0.000,0.000,0.000,0.000,0.000,0.000,0.000,0.0000,3,0.0000,0.0000,0.0150,2.0000,25.0000,0.3750
9.811,1788986297.145,0.000,0.000,13240.000,0.000,0.000,0.000,0.000,0.000,0.000,0.000,0.000,0.000,0.000,0.000,0.000,0.000,0.000,0.000,0.0000,3,0.0000,0.0000,0.0150,2.0000,25.0000,0.3750
9.915,1788986297.248,0.000,0.000,13240.000,0.000,0.000,0.000,0.000,0.000,0.000,0.000,0.000,0.000,0.000,0.000,0.000,0.000,0.000,0.000,0.0000,3,0.0000,0.0000,0.0150,2.0000,25.0000,0.3750
10.017,1788986297.351,0.000,0.000,13240.000,0.000,0.000,0.000,0.000,0.000,0.000,0.000,0.000,0.000,0.000,0.000,0.000,0.000,0.000,0.000,0.0000,3,0.0000,0.0000,0.0150,2.0000,25.0000,0.3750
10.120,1788986297.453,0.000,0.000,13240.000,0.000,0.000,0.000,0.000,0.000,0.000,0.000,0.000,0.000,0.000,0.000,0.000,0.000,0.000,0.000,0.0000,3,0.0000,0.0000,0.0150,2.0000,25.0000,0.3750
10.245,1788986297.578,0.000,0.000,13240.000,0.000,0.000,0.000,0.000,0.000,0.000,0.000,0.000,0.000,0.000,0.000,0.000,0.000,0.000,0.000,0.0000,3,0.0000,0.0000,0.0150,2.0000,25.0000,0.3750
10.348,1788986297.681,0.000,0.000,13240.000,0.000,0.000,0.000,0.000,0.000,0.000,0.000,0.000,0.000,0.000,0.000,0.000,0.000,0.000,0.000,0.0000,3,0.0000,0.0000,0.0150,2.0000,25.0000,0.3750
10.470,1788986297.804,0.000,0.000,13240.000,0.000,0.000,0.000,0.000,0.000,0.000,0.000,0.000,0.000,0.000,0.000,0.000,0.000,0.000,0.000,0.0000,3,0.0000,0.0000,0.0150,2.0000,25.0000,0.3750
10.573,1788986297.906,0.000,0.000,13240.000,0.000,0.000,0.000,0.000,0.000,0.000,0.000,0.000,0.000,0.000,0.000,0.000,0.000,0.000,0.000,0.0000,3,0.0000,0.0000,0.0150,2.0000,25.0000,0.3750
10.676,1788986298.009,0.000,0.000,13240.000,0.000,0.000,0.000,0.000,0.000,0.000,0.000,0.000,0.000,0.000,0.000,0.000,0.000,0.000,0.000,0.0000,3,0.0000,0.0000,0.0150,2.0000,25.0000,0.3750
10.795,1788986298.128,0.000,0.000,13240.000,0.000,0.000,0.000,0.000,0.000,0.000,0.000,0.000,0.000,0.000,0.000,0.000,0.000,0.000,0.000,0.0000,3,0.0000,0.0000,0.0150,2.0000,25.0000,0.3750
10.897,1788986298.231,0.000,0.000,13240.000,0.000,0.000,0.000,0.000,0.000,0.000,0.000,0.000,0.000,0.000,0.000,0.000,0.000,0.000,0.000,0.0000,3,0.0000,0.0000,0.0150,2.0000,25.0000,0.3750
11.000,1788986298.334,0.000,0.000,13240.000,0.000,0.000,0.000,0.000,0.000,0.000,0.000,0.000,0.000,0.000,0.000,0.000,0.000,0.000,0.000,0.0000,3,0.0000,0.0000,0.0150,2.0000,25.0000,0.3750
11.103,1788986298.437,0.000,0.000,13240.000,0.000,0.000,0.000,0.000,0.000,0.000,0.000,0.000,0.000,0.000,0.000,0.000,0.000,0.000,0.000,0.0000,3,0.0000,0.0000,0.0150,2.0000,25.0000,0.3750
11.206,1788986298.539,0.000,0.000,13240.000,0.000,0.000,0.000,0.000,0.000,0.000,0.000,0.000,0.000,0.000,0.000,0.000,0.000,0.000,0.000,0.0000,3,0.0000,0.0000,0.0150,2.0000,25.0000,0.3750
11.308,1788986298.641,0.000,0.000,13240.000,0.000,0.000,0.000,0.000,0.000,0.000,0.000,0.000,0.000,0.000,0.000,0.000,0.000,0.000,0.000,0.0000,3,0.0000,0.0000,0.0150,2.0000,25.0000,0.3750
11.411,1788986298.745,0.000,0.000,13240.000,0.000,0.000,0.000,0.000,0.000,0.000,0.000,0.000,0.000,0.000,0.000,0.000,0.000,0.000,0.000,0.0000,3,0.0000,0.0000,0.0150,2.0000,25.0000,0.3750
11.515,1788986298.848,0.000,0.000,13240.000,0.000,0.000,0.000,0.000,0.000,0.000,0.000,0.000,0.000,0.000,0.000,0.000,0.000,0.000,0.000,0.0000,3,0.0000,0.0000,0.0150,2.0000,25.0000,0.3750
11.617,1788986298.951,0.000,0.000,13240.000,0.000,0.000,0.000,0.000,0.000,0.000,0.000,0.000,0.000,0.000,0.000,0.000,0.000,0.000,0.000,0.0000,3,0.0000,0.0000,0.0150,2.0000,25.0000,0.3750
11.720,1788986299.053,0.000,0.000,13240.000,0.000,0.000,0.000,0.000,0.000,0.000,0.000,0.000,0.000,0.000,0.000,0.000,0.000,0.000,0.000,0.0000,3,0.0000,0.0000,0.0150,2.0000,25.0000,0.3750
11.822,1788986299.156,0.000,0.000,13240.000,0.000,0.000,0.000,0.000,0.000,0.000,0.000,0.000,0.000,0.000,0.000,0.000,0.000,0.000,0.000,0.0000,3,0.0000,0.0000,0.0150,2.0000,25.0000,0.3750
11.925,1788986299.258,0.000,0.000,13240.000,0.000,0.000,0.000,0.000,0.000,0.000,0.000,0.000,0.000,0.000,0.000,0.000,0.000,0.000,0.000,0.0000,3,0.0000,0.0000,0.0150,2.0000,25.0000,0.3750
12.042,1788986299.375,0.000,0.000,13240.000,0.000,0.000,0.000,0.000,0.000,0.000,0.000,0.000,0.000,0.000,0.000,0.000,0.000,0.000,0.000,0.0000,3,0.0000,0.0000,0.0150,2.0000,25.0000,0.3750
12.144,1788986299.478,0.000,0.000,13240.000,0.000,0.000,0.000,0.000,0.000,0.000,0.000,0.000,0.000,0.000,0.000,0.000,0.000,0.000,0.000,0.0000,3,0.0000,0.0000,0.0150,2.0000,25.0000,0.3750
12.248,1788986299.581,0.000,0.000,13240.000,0.000,0.000,0.000,0.000,0.000,0.000,0.000,0.000,0.000,0.000,0.000,0.000,0.000,0.000,0.000,0.0000,3,0.0000,0.0000,0.0150,2.0000,25.0000,0.3750
12.350,1788986299.683,0.000,0.000,13240.000,0.000,0.000,0.000,0.000,0.000,0.000,0.000,0.000,0.000,0.000,0.000,0.000,0.000,0.000,0.000,0.0000,3,0.0000,0.0000,0.0150,2.0000,25.0000,0.3750
12.453,1788986299.786,0.000,0.000,13240.000,0.000,0.000,0.000,0.000,0.000,0.000,0.000,0.000,0.000,0.000,0.000,0.000,0.000,0.000,0.000,0.0000,3,0.0000,0.0000,0.0150,2.0000,25.0000,0.3750
12.556,1788986299.889,0.000,0.000,13240.000,0.000,0.000,0.000,0.000,0.000,0.000,0.000,0.000,0.000,0.000,0.000,0.000,0.000,0.000,0.000,0.0000,3,0.0000,0.0000,0.0150,2.0000,25.0000,0.3750
12.659,1788986299.992,0.000,0.000,13240.000,0.000,0.000,0.000,0.000,0.000,0.000,0.000,0.000,0.000,0.000,0.000,0.000,0.000,0.000,0.000,0.0000,3,0.0000,0.0000,0.0150,2.0000,25.0000,0.3750
12.761,1788986300.094,0.000,0.000,13240.000,0.000,0.000,0.000,0.000,0.000,0.000,0.000,0.000,0.000,0.000,0.000,0.000,0.000,0.000,0.000,0.0000,3,0.0000,0.0000,0.0150,2.0000,25.0000,0.3750
12.864,1788986300.197,0.000,0.000,13240.000,0.000,0.000,0.000,0.000,0.000,0.000,0.000,0.000,0.000,0.000,0.000,0.000,0.000,0.000,0.000,0.0000,3,0.0000,0.0000,0.0150,2.0000,25.0000,0.3750
12.965,1788986300.299,0.000,0.000,13240.000,0.000,0.000,0.000,0.000,0.000,0.000,0.000,0.000,0.000,0.000,0.000,0.000,0.000,0.000,0.000,0.0000,3,0.0000,0.0000,0.0150,2.0000,25.0000,0.3750
13.068,1788986300.401,0.000,0.000,13240.000,0.000,0.000,0.000,0.000,0.000,0.000,0.000,0.000,0.000,0.000,0.000,0.000,0.000,0.000,0.000,0.0000,3,0.0000,0.0000,0.0150,2.0000,25.0000,0.3750
13.170,1788986300.504,0.000,0.000,13240.000,0.000,0.000,0.000,0.000,0.000,0.000,0.000,0.000,0.000,0.000,0.000,0.000,0.000,0.000,0.000,0.0000,3,0.0000,0.0000,0.0150,2.0000,25.0000,0.3750
13.273,1788986300.606,0.000,0.000,13240.000,0.000,0.000,0.000,0.000,0.000,0.000,0.000,0.000,0.000,0.000,0.000,0.000,0.000,0.000,0.000,0.0000,3,0.0000,0.0000,0.0150,2.0000,25.0000,0.3750
13.376,1788986300.709,0.000,0.000,13240.000,0.000,0.000,0.000,0.000,0.000,0.000,0.000,0.000,0.000,0.000,0.000,0.000,0.000,0.000,0.000,0.0000,3,0.0000,0.0000,0.0150,2.0000,25.0000,0.3750
13.479,1788986300.812,0.000,0.000,13240.000,0.000,0.000,0.000,0.000,0.000,0.000,0.000,0.000,0.000,0.000,0.000,0.000,0.000,0.000,0.000,0.0000,3,0.0000,0.0000,0.0150,2.0000,25.0000,0.3750
13.581,1788986300.915,0.000,0.000,13240.000,0.000,0.000,0.000,0.000,0.000,0.000,0.000,0.000,0.000,0.000,0.000,0.000,0.000,0.000,0.000,0.0000,3,0.0000,0.0000,0.0150,2.0000,25.0000,0.3750
13.685,1788986301.018,0.000,0.000,13240.000,0.000,0.000,0.000,0.000,0.000,0.000,0.000,0.000,0.000,0.000,0.000,0.000,0.000,0.000,0.000,0.0000,3,0.0000,0.0000,0.0150,2.0000,25.0000,0.3750
13.788,1788986301.121,0.000,0.000,13240.000,0.000,0.000,0.000,0.000,0.000,0.000,0.000,0.000,0.000,0.000,0.000,0.000,0.000,0.000,0.000,0.0000,3,0.0000,0.0000,0.0150,2.0000,25.0000,0.3750
13.891,1788986301.224,0.000,0.000,13240.000,0.000,0.000,0.000,0.000,0.000,0.000,0.000,0.000,0.000,0.000,0.000,0.000,0.000,0.000,0.000,0.0000,3,0.0000,0.0000,0.0150,2.0000,25.0000,0.3750
13.993,1788986301.327,0.000,0.000,13240.000,0.000,0.000,0.000,0.000,0.000,0.000,0.000,0.000,0.000,0.000,0.000,0.000,0.000,0.000,0.000,0.0000,3,0.0000,0.0000,0.0150,2.0000,25.0000,0.3750
14.097,1788986301.430,0.000,0.000,13240.000,0.000,0.000,0.000,0.000,0.000,0.000,0.000,0.000,0.000,0.000,0.000,0.000,0.000,0.000,0.000,0.0000,3,0.0000,0.0000,0.0150,2.0000,25.0000,0.3750
14.200,1788986301.533,0.000,0.000,13240.000,0.000,0.000,0.000,0.000,0.000,0.000,0.000,0.000,0.000,0.000,0.000,0.000,0.000,0.000,0.000,0.0000,3,0.0000,0.0000,0.0150,2.0000,25.0000,0.3750
14.302,1788986301.635,0.000,0.000,13240.000,0.000,0.000,0.000,0.000,0.000,0.000,0.000,0.000,0.000,0.000,0.000,0.000,0.000,0.000,0.000,0.0000,3,0.0000,0.0000,0.0150,2.0000,25.0000,0.3750
14.405,1788986301.738,0.000,0.000,13240.000,0.000,0.000,0.000,0.000,0.000,0.000,0.000,0.000,0.000,0.000,0.000,0.000,0.000,0.000,0.000,0.0000,3,0.0000,0.0000,0.0150,2.0000,25.0000,0.3750
14.508,1788986301.841,0.000,0.000,13240.000,0.000,0.000,0.000,0.000,0.000,0.000,0.000,0.000,0.000,0.000,0.000,0.000,0.000,0.000,0.000,0.0000,3,0.0000,0.0000,0.0150,2.0000,25.0000,0.3750
14.611,1788986301.944,0.000,0.000,13240.000,0.000,0.000,0.000,0.000,0.000,0.000,0.000,0.000,0.000,0.000,0.000,0.000,0.000,0.000,0.000,0.0000,3,0.0000,0.0000,0.0150,2.0000,25.0000,0.3750
14.714,1788986302.047,0.000,0.000,13240.000,0.000,0.000,0.000,0.000,0.000,0.000,0.000,0.000,0.000,0.000,0.000,0.000,0.000,0.000,0.000,0.0000,3,0.0000,0.0000,0.0150,2.0000,25.0000,0.3750
14.816,1788986302.149,0.000,0.000,13240.000,0.000,0.000,0.000,0.000,0.000,0.000,0.000,0.000,0.000,0.000,0.000,0.000,0.000,0.000,0.000,0.0000,3,0.0000,0.0000,0.0150,2.0000,25.0000,0.3750
14.919,1788986302.252,0.000,0.000,13240.000,0.000,0.000,0.000,0.000,0.000,0.000,0.000,0.000,0.000,0.000,0.000,0.000,0.000,0.000,0.000,0.0000,3,0.0000,0.0000,0.0150,2.0000,25.0000,0.3750
15.022,1788986302.355,0.000,0.000,13240.000,0.000,0.000,0.000,0.000,0.000,0.000,0.000,0.000,0.000,0.000,0.000,0.000,0.000,0.000,0.000,0.0000,3,0.0000,0.0000,0.0150,2.0000,25.0000,0.3750
15.125,1788986302.458,0.000,0.000,13240.000,0.000,0.000,0.000,0.000,0.000,0.000,0.000,0.000,0.000,0.000,0.000,0.000,0.000,0.000,0.000,0.0000,3,0.0000,0.0000,0.0150,2.0000,25.0000,0.3750
15.229,1788986302.562,0.000,0.000,13240.000,0.000,0.000,0.000,0.000,0.000,0.000,0.000,0.000,0.000,0.000,0.000,0.000,0.000,0.000,0.000,0.0000,3,0.0000,0.0000,0.0150,2.0000,25.0000,0.3750
15.331,1788986302.664,0.000,0.000,13240.000,0.000,0.000,0.000,0.000,0.000,0.000,0.000,0.000,0.000,0.000,0.000,0.000,0.000,0.000,0.000,0.0000,3,0.0000,0.0000,0.0150,2.0000,25.0000,0.3750
15.433,1788986302.767,0.000,0.000,13240.000,0.000,0.000,0.000,0.000,0.000,0.000,0.000,0.000,0.000,0.000,0.000,0.000,0.000,0.000,0.000,0.0000,3,0.0000,0.0000,0.0150,2.0000,25.0000,0.3750
15.536,1788986302.869,0.000,0.000,13240.000,0.000,0.000,0.000,0.000,0.000,0.000,0.000,0.000,0.000,0.000,0.000,0.000,0.000,0.000,0.000,0.0000,3,0.0000,0.0000,0.0150,2.0000,25.0000,0.3750
15.639,1788986302.972,0.000,0.000,13240.000,0.000,0.000,0.000,0.000,0.000,0.000,0.000,0.000,0.000,0.000,0.000,0.000,0.000,0.000,0.000,0.0000,3,0.0000,0.0000,0.0150,2.0000,25.0000,0.3750
15.743,1788986303.076,0.000,0.000,13240.000,0.000,0.000,0.000,0.000,0.000,0.000,0.000,0.000,0.000,0.000,0.000,0.000,0.000,0.000,0.000,0.0000,3,0.0000,0.0000,0.0150,2.0000,25.0000,0.3750
15.846,1788986303.179,0.000,0.000,13240.000,0.000,0.000,0.000,0.000,0.000,0.000,0.000,0.000,0.000,0.000,0.000,0.000,0.000,0.000,0.000,0.0000,3,0.0000,0.0000,0.0150,2.0000,25.0000,0.3750
15.949,1788986303.282,0.000,0.000,13240.000,0.000,0.000,0.000,0.000,0.000,0.000,0.000,0.000,0.000,0.000,0.000,0.000,0.000,0.000,0.000,0.0000,3,0.0000,0.0000,0.0150,2.0000,25.0000,0.3750
16.051,1788986303.384,0.000,0.000,13240.000,0.000,0.000,0.000,0.000,0.000,0.000,0.000,0.000,0.000,0.000,0.000,0.000,0.000,0.000,0.000,0.0000,3,0.0000,0.0000,0.0150,2.0000,25.0000,0.3750
16.154,1788986303.488,0.000,0.000,13240.000,0.000,0.000,0.000,0.000,0.000,0.000,0.000,0.000,0.000,0.000,0.000,0.000,0.000,0.000,0.000,0.0000,3,0.0000,0.0000,0.0150,2.0000,25.0000,0.3750
16.257,1788986303.590,0.000,0.000,13240.000,0.000,0.000,0.000,0.000,0.000,0.000,0.000,0.000,0.000,0.000,0.000,0.000,0.000,0.000,0.000,0.0000,3,0.0000,0.0000,0.0150,2.0000,25.0000,0.3750
16.360,1788986303.694,0.000,0.000,13240.000,0.000,0.000,0.000,0.000,0.000,0.000,0.000,0.000,0.000,0.000,0.000,0.000,0.000,0.000,0.000,0.0000,3,0.0000,0.0000,0.0150,2.0000,25.0000,0.3750
16.463,1788986303.797,0.000,0.000,13240.000,0.000,0.000,0.000,0.000,0.000,0.000,0.000,0.000,0.000,0.000,0.000,0.000,0.000,0.000,0.000,0.0000,3,0.0000,0.0000,0.0150,2.0000,25.0000,0.3750
16.582,1788986303.915,0.000,0.000,13240.000,0.000,0.000,0.000,0.000,0.000,0.000,0.000,0.000,0.000,0.000,0.000,0.000,0.000,0.000,0.000,0.0000,3,0.0000,0.0000,0.0150,2.0000,25.0000,0.3750
16.685,1788986304.018,0.000,0.000,13240.000,0.000,0.000,0.000,0.000,0.000,0.000,0.000,0.000,0.000,0.000,0.000,0.000,0.000,0.000,0.000,0.0000,3,0.0000,0.0000,0.0150,2.0000,25.0000,0.3750
16.788,1788986304.122,0.000,0.000,13240.000,0.000,0.000,0.000,0.000,0.000,0.000,0.000,0.000,0.000,0.000,0.000,0.000,0.000,0.000,0.000,0.0000,3,0.0000,0.0000,0.0150,2.0000,25.0000,0.3750
16.891,1788986304.224,0.000,0.000,13240.000,0.000,0.000,0.000,0.000,0.000,0.000,0.000,0.000,0.000,0.000,0.000,0.000,0.000,0.000,0.000,0.0000,3,0.0000,0.0000,0.0150,2.0000,25.0000,0.3750
16.993,1788986304.326,0.000,0.000,13240.000,0.000,0.000,0.000,0.000,0.000,0.000,0.000,0.000,0.000,0.000,0.000,0.000,0.000,0.000,0.000,0.0000,3,0.0000,0.0000,0.0150,2.0000,25.0000,0.3750
17.096,1788986304.429,0.000,0.000,13240.000,0.000,0.000,0.000,0.000,0.000,0.000,0.000,0.000,0.000,0.000,0.000,0.000,0.000,0.000,0.000,0.0000,3,0.0000,0.0000,0.0150,2.0000,25.0000,0.3750
17.199,1788986304.532,0.000,0.000,13240.000,0.000,0.000,0.000,0.000,0.000,0.000,0.000,0.000,0.000,0.000,0.000,0.000,0.000,0.000,0.000,0.0000,3,0.0000,0.0000,0.0150,2.0000,25.0000,0.3750
17.302,1788986304.635,0.000,0.000,13240.000,0.000,0.000,0.000,0.000,0.000,0.000,0.000,0.000,0.000,0.000,0.000,0.000,0.000,0.000,0.000,0.0000,3,0.0000,0.0000,0.0150,2.0000,25.0000,0.3750
17.405,1788986304.739,0.000,0.000,13240.000,0.000,0.000,0.000,0.000,0.000,0.000,0.000,0.000,0.000,0.000,0.000,0.000,0.000,0.000,0.000,0.0000,3,0.0000,0.0000,0.0150,2.0000,25.0000,0.3750
17.508,1788986304.842,0.000,0.000,13240.000,0.000,0.000,0.000,0.000,0.000,0.000,0.000,0.000,0.000,0.000,0.000,0.000,0.000,0.000,0.000,0.0000,3,0.0000,0.0000,0.0150,2.0000,25.0000,0.3750
17.611,1788986304.944,0.000,0.000,13240.000,0.000,0.000,0.000,0.000,0.000,0.000,0.000,0.000,0.000,0.000,0.000,0.000,0.000,0.000,0.000,0.0000,3,0.0000,0.0000,0.0150,2.0000,25.0000,0.3750
17.714,1788986305.047,0.000,0.000,13240.000,0.000,0.000,0.000,0.000,0.000,0.000,0.000,0.000,0.000,0.000,0.000,0.000,0.000,0.000,0.000,0.0000,3,0.0000,0.0000,0.0150,2.0000,25.0000,0.3750
17.817,1788986305.150,0.000,0.000,13240.000,0.000,0.000,0.000,0.000,0.000,0.000,0.000,0.000,0.000,0.000,0.000,0.000,0.000,0.000,0.000,0.0000,3,0.0000,0.0000,0.0150,2.0000,25.0000,0.3750
17.920,1788986305.253,0.000,0.000,13240.000,0.000,0.000,0.000,0.000,0.000,0.000,0.000,0.000,0.000,0.000,0.000,0.000,0.000,0.000,0.000,0.0000,3,0.0000,0.0000,0.0150,2.0000,25.0000,0.3750
18.022,1788986305.355,0.000,0.000,13240.000,0.000,0.000,0.000,0.000,0.000,0.000,0.000,0.000,0.000,0.000,0.000,0.000,0.000,0.000,0.000,0.0000,3,0.0000,0.0000,0.0150,2.0000,25.0000,0.3750
18.125,1788986305.458,0.000,0.000,13240.000,0.000,0.000,0.000,0.000,0.000,0.000,0.000,0.000,0.000,0.000,0.000,0.000,0.000,0.000,0.000,0.0000,3,0.0000,0.0000,0.0150,2.0000,25.0000,0.3750
18.228,1788986305.561,0.000,0.000,13240.000,0.000,0.000,0.000,0.000,0.000,0.000,0.000,0.000,0.000,0.000,0.000,0.000,0.000,0.000,0.000,0.0000,3,0.0000,0.0000,0.0150,2.0000,25.0000,0.3750
18.330,1788986305.664,0.000,0.000,13240.000,0.000,0.000,0.000,0.000,0.000,0.000,0.000,0.000,0.000,0.000,0.000,0.000,0.000,0.000,0.000,0.0000,3,0.0000,0.0000,0.0150,2.0000,25.0000,0.3750
18.433,1788986305.766,0.000,0.000,13240.000,0.000,0.000,0.000,0.000,0.000,0.000,0.000,0.000,0.000,0.000,0.000,0.000,0.000,0.000,0.000,0.0000,3,0.0000,0.0000,0.0150,2.0000,25.0000,0.3750
18.536,1788986305.869,0.000,0.000,13240.000,0.000,0.000,0.000,0.000,0.000,0.000,0.000,0.000,0.000,0.000,0.000,0.000,0.000,0.000,0.000,0.0000,3,0.0000,0.0000,0.0150,2.0000,25.0000,0.3750
18.638,1788986305.972,0.000,0.000,13240.000,0.000,0.000,0.000,0.000,0.000,0.000,0.000,0.000,0.000,0.000,0.000,0.000,0.000,0.000,0.000,0.0000,3,0.0000,0.0000,0.0150,2.0000,25.0000,0.3750
18.742,1788986306.075,0.000,0.000,13240.000,0.000,0.000,0.000,0.000,0.000,0.000,0.000,0.000,0.000,0.000,0.000,0.000,0.000,0.000,0.000,0.0000,3,0.0000,0.0000,0.0150,2.0000,25.0000,0.3750
18.846,1788986306.179,0.000,0.000,13240.000,0.000,0.000,0.000,0.000,0.000,0.000,0.000,0.000,0.000,0.000,0.000,0.000,0.000,0.000,0.000,0.0000,3,0.0000,0.0000,0.0150,2.0000,25.0000,0.3750
18.949,1788986306.282,0.000,0.000,13240.000,0.000,0.000,0.000,0.000,0.000,0.000,0.000,0.000,0.000,0.000,0.000,0.000,0.000,0.000,0.000,0.0000,3,0.0000,0.0000,0.0150,2.0000,25.0000,0.3750
19.052,1788986306.385,0.000,0.000,13240.000,0.000,0.000,0.000,0.000,0.000,0.000,0.000,0.000,0.000,0.000,0.000,0.000,0.000,0.000,0.000,0.0000,3,0.0000,0.0000,0.0150,2.0000,25.0000,0.3750
19.154,1788986306.488,0.000,0.000,13240.000,0.000,0.000,0.000,0.000,0.000,0.000,0.000,0.000,0.000,0.000,0.000,0.000,0.000,0.000,0.000,0.0000,3,0.0000,0.0000,0.0150,2.0000,25.0000,0.3750
19.258,1788986306.591,0.000,0.000,13240.000,0.000,0.000,0.000,0.000,0.000,0.000,0.000,0.000,0.000,0.000,0.000,0.000,0.000,0.000,0.000,0.0000,3,0.0000,0.0000,0.0150,2.0000,25.0000,0.3750
19.361,1788986306.694,0.000,0.000,13240.000,0.000,0.000,0.000,0.000,0.000,0.000,0.000,0.000,0.000,0.000,0.000,0.000,0.000,0.000,0.000,0.0000,3,0.0000,0.0000,0.0150,2.0000,25.0000,0.3750
19.464,1788986306.797,0.000,0.000,13240.000,0.000,0.000,0.000,0.000,0.000,0.000,0.000,0.000,0.000,0.000,0.000,0.000,0.000,0.000,0.000,0.0000,3,0.0000,0.0000,0.0150,2.0000,25.0000,0.3750
19.566,1788986306.899,0.000,0.000,13240.000,0.000,0.000,0.000,0.000,0.000,0.000,0.000,0.000,0.000,0.000,0.000,0.000,0.000,0.000,0.000,0.0000,3,0.0000,0.0000,0.0150,2.0000,25.0000,0.3750
19.668,1788986307.002,0.000,0.000,13240.000,0.000,0.000,0.000,0.000,0.000,0.000,0.000,0.000,0.000,0.000,0.000,0.000,0.000,0.000,0.000,0.0000,3,0.0000,0.0000,0.0150,2.0000,25.0000,0.3750
19.771,1788986307.104,0.000,0.000,13240.000,0.000,0.000,0.000,0.000,0.000,0.000,0.000,0.000,0.000,0.000,0.000,0.000,0.000,0.000,0.000,0.0000,3,0.0000,0.0000,0.0150,2.0000,25.0000,0.3750
19.874,1788986307.207,0.000,0.000,13240.000,0.000,0.000,0.000,0.000,0.000,0.000,0.000,0.000,0.000,0.000,0.000,0.000,0.000,0.000,0.000,0.0000,3,0.0000,0.0000,0.0150,2.0000,25.0000,0.3750
19.976,1788986307.309,0.000,0.000,13240.000,0.000,0.000,0.000,0.000,0.000,0.000,0.000,0.000,0.000,0.000,0.000,0.000,0.000,0.000,0.000,0.0000,3,0.0000,0.0000,0.0150,2.0000,25.0000,0.3750
20.079,1788986307.412,0.000,0.000,13240.000,0.000,0.000,0.000,0.000,0.000,0.000,0.000,0.000,0.000,0.000,0.000,0.000,0.000,0.000,0.000,0.0000,3,0.0000,0.0000,0.0150,2.0000,25.0000,0.3750
20.183,1788986307.516,0.000,0.000,13240.000,0.000,0.000,0.000,0.000,0.000,0.000,0.000,0.000,0.000,0.000,0.000,0.000,0.000,0.000,0.000,0.0000,3,0.0000,0.0000,0.0150,2.0000,25.0000,0.3750
20.286,1788986307.620,0.000,0.000,13240.000,0.000,0.000,0.000,0.000,0.000,0.000,0.000,0.000,0.000,0.000,0.000,0.000,0.000,0.000,0.000,0.0000,3,0.0000,0.0000,0.0150,2.0000,25.0000,0.3750
20.389,1788986307.723,0.000,0.000,13240.000,0.000,0.000,0.000,0.000,0.000,0.000,0.000,0.000,0.000,0.000,0.000,0.000,0.000,0.000,0.000,0.0000,3,0.0000,0.0000,0.0150,2.0000,25.0000,0.3750
20.492,1788986307.826,0.000,0.000,13240.000,0.000,0.000,0.000,0.000,0.000,0.000,0.000,0.000,0.000,0.000,0.000,0.000,0.000,0.000,0.000,0.0000,3,0.0000,0.0000,0.0150,2.0000,25.0000,0.3750
20.595,1788986307.928,0.000,0.000,13240.000,0.000,0.000,0.000,0.000,0.000,0.000,0.000,0.000,0.000,0.000,0.000,0.000,0.000,0.000,0.000,0.0000,3,0.0000,0.0000,0.0150,2.0000,25.0000,0.3750
20.698,1788986308.031,0.000,0.000,13240.000,0.000,0.000,0.000,0.000,0.000,0.000,0.000,0.000,0.000,0.000,0.000,0.000,0.000,0.000,0.000,0.0000,3,0.0000,0.0000,0.0150,2.0000,25.0000,0.3750
20.801,1788986308.134,0.000,0.000,13240.000,0.000,0.000,0.000,0.000,0.000,0.000,0.000,0.000,0.000,0.000,0.000,0.000,0.000,0.000,0.000,0.0000,3,0.0000,0.0000,0.0150,2.0000,25.0000,0.3750
20.903,1788986308.237,0.000,0.000,13240.000,0.000,0.000,0.000,0.000,0.000,0.000,0.000,0.000,0.000,0.000,0.000,0.000,0.000,0.000,0.000,0.0000,3,0.0000,0.0000,0.0150,2.0000,25.0000,0.3750
21.007,1788986308.340,0.000,0.000,13240.000,0.000,0.000,0.000,0.000,0.000,0.000,0.000,0.000,0.000,0.000,0.000,0.000,0.000,0.000,0.000,0.0000,3,0.0000,0.0000,0.0150,2.0000,25.0000,0.3750
21.110,1788986308.444,0.000,0.000,13240.000,0.000,0.000,0.000,0.000,0.000,0.000,0.000,0.000,0.000,0.000,0.000,0.000,0.000,0.000,0.000,0.0000,3,0.0000,0.0000,0.0150,2.0000,25.0000,0.3750
21.213,1788986308.547,0.000,0.000,13240.000,0.000,0.000,0.000,0.000,0.000,0.000,0.000,0.000,0.000,0.000,0.000,0.000,0.000,0.000,0.000,0.0000,3,0.0000,0.0000,0.0150,2.0000,25.0000,0.3750
21.317,1788986308.650,0.000,0.000,13240.000,0.000,0.000,0.000,0.000,0.000,0.000,0.000,0.000,0.000,0.000,0.000,0.000,0.000,0.000,0.000,0.0000,3,0.0000,0.0000,0.0150,2.0000,25.0000,0.3750
21.420,1788986308.753,0.000,0.000,13240.000,0.000,0.000,0.000,0.000,0.000,0.000,0.000,0.000,0.000,0.000,0.000,0.000,0.000,0.000,0.000,0.0000,3,0.0000,0.0000,0.0150,2.0000,25.0000,0.3750
21.521,1788986308.855,0.000,0.000,13240.000,0.000,0.000,0.000,0.000,0.000,0.000,0.000,0.000,0.000,0.000,0.000,0.000,0.000,0.000,0.000,0.0000,3,0.0000,0.0000,0.0150,2.0000,25.0000,0.3750
21.625,1788986308.958,0.000,0.000,13240.000,0.000,0.000,0.000,0.000,0.000,0.000,0.000,0.000,0.000,0.000,0.000,0.000,0.000,0.000,0.000,0.0000,3,0.0000,0.0000,0.0150,2.0000,25.0000,0.3750
21.765,1788986309.099,0.000,0.000,13240.000,0.000,0.000,0.000,0.000,0.000,0.000,0.000,0.000,0.000,0.000,0.000,0.000,0.000,0.000,0.000,0.0000,3,0.0000,0.0000,0.0150,2.0000,25.0000,0.3750
21.869,1788986309.202,0.000,0.000,13240.000,0.000,0.000,0.000,0.000,0.000,0.000,0.000,0.000,0.000,0.000,0.000,0.000,0.000,0.000,0.000,0.0000,3,0.0000,0.0000,0.0150,2.0000,25.0000,0.3750
21.972,1788986309.305,0.000,0.000,13240.000,0.000,0.000,0.000,0.000,0.000,0.000,0.000,0.000,0.000,0.000,0.000,0.000,0.000,0.000,0.000,0.0000,3,0.0000,0.0000,0.0150,2.0000,25.0000,0.3750
22.075,1788986309.408,0.000,0.000,13240.000,0.000,0.000,0.000,0.000,0.000,0.000,0.000,0.000,0.000,0.000,0.000,0.000,0.000,0.000,0.000,0.0000,3,0.0000,0.0000,0.0150,2.0000,25.0000,0.3750
22.178,1788986309.511,0.000,0.000,13240.000,0.000,0.000,0.000,0.000,0.000,0.000,0.000,0.000,0.000,0.000,0.000,0.000,0.000,0.000,0.000,0.0000,3,0.0000,0.0000,0.0150,2.0000,25.0000,0.3750
22.281,1788986309.614,0.000,0.000,13240.000,0.000,0.000,0.000,0.000,0.000,0.000,0.000,0.000,0.000,0.000,0.000,0.000,0.000,0.000,0.000,0.0000,3,0.0000,0.0000,0.0150,2.0000,25.0000,0.3750
22.384,1788986309.718,0.000,0.000,13240.000,0.000,0.000,0.000,0.000,0.000,0.000,0.000,0.000,0.000,0.000,0.000,0.000,0.000,0.000,0.000,0.0000,3,0.0000,0.0000,0.0150,2.0000,25.0000,0.3750
22.487,1788986309.820,0.000,0.000,13240.000,0.000,0.000,0.000,0.000,0.000,0.000,0.000,0.000,0.000,0.000,0.000,0.000,0.000,0.000,0.000,0.0000,3,0.0000,0.0000,0.0150,2.0000,25.0000,0.3750
22.590,1788986309.924,0.000,0.000,13240.000,0.000,0.000,0.000,0.000,0.000,0.000,0.000,0.000,0.000,0.000,0.000,0.000,0.000,0.000,0.000,0.0000,3,0.0000,0.0000,0.0150,2.0000,25.0000,0.3750
22.693,1788986310.026,0.000,0.000,13240.000,0.000,0.000,0.000,0.000,0.000,0.000,0.000,0.000,0.000,0.000,0.000,0.000,0.000,0.000,0.000,0.0000,3,0.0000,0.0000,0.0150,2.0000,25.0000,0.3750
22.796,1788986310.130,0.000,0.000,13240.000,0.000,0.000,0.000,0.000,0.000,0.000,0.000,0.000,0.000,0.000,0.000,0.000,0.000,0.000,0.000,0.0000,3,0.0000,0.0000,0.0150,2.0000,25.0000,0.3750
22.899,1788986310.232,0.000,0.000,13240.000,0.000,0.000,0.000,0.000,0.000,0.000,0.000,0.000,0.000,0.000,0.000,0.000,0.000,0.000,0.000,0.0000,3,0.0000,0.0000,0.0150,2.0000,25.0000,0.3750
23.002,1788986310.335,0.000,0.000,13240.000,0.000,0.000,0.000,0.000,0.000,0.000,0.000,0.000,0.000,0.000,0.000,0.000,0.000,0.000,0.000,0.0000,3,0.0000,0.0000,0.0150,2.0000,25.0000,0.3750
23.105,1788986310.438,0.000,0.000,13240.000,0.000,0.000,0.000,0.000,0.000,0.000,0.000,0.000,0.000,0.000,0.000,0.000,0.000,0.000,0.000,0.0000,3,0.0000,0.0000,0.0150,2.0000,25.0000,0.3750
23.208,1788986310.541,0.000,0.000,13240.000,0.000,0.000,0.000,0.000,0.000,0.000,0.000,0.000,0.000,0.000,0.000,0.000,0.000,0.000,0.000,0.0000,3,0.0000,0.0000,0.0150,2.0000,25.0000,0.3750
23.311,1788986310.644,0.000,0.000,13240.000,0.000,0.000,0.000,0.000,0.000,0.000,0.000,0.000,0.000,0.000,0.000,0.000,0.000,0.000,0.000,0.0000,3,0.0000,0.0000,0.0150,2.0000,25.0000,0.3750
23.414,1788986310.748,0.000,0.000,13240.000,0.000,0.000,0.000,0.000,0.000,0.000,0.000,0.000,0.000,0.000,0.000,0.000,0.000,0.000,0.000,0.0000,3,0.0000,0.0000,0.0150,2.0000,25.0000,0.3750
23.517,1788986310.850,0.000,0.000,13240.000,0.000,0.000,0.000,0.000,0.000,0.000,0.000,0.000,0.000,0.000,0.000,0.000,0.000,0.000,0.000,0.0000,3,0.0000,0.0000,0.0150,2.0000,25.0000,0.3750
23.619,1788986310.952,0.000,0.000,13240.000,0.000,0.000,0.000,0.000,0.000,0.000,0.000,0.000,0.000,0.000,0.000,0.000,0.000,0.000,0.000,0.0000,3,0.0000,0.0000,0.0150,2.0000,25.0000,0.3750
23.721,1788986311.054,0.000,0.000,13240.000,0.000,0.000,0.000,0.000,0.000,0.000,0.000,0.000,0.000,0.000,0.000,0.000,0.000,0.000,0.000,0.0000,3,0.0000,0.0000,0.0150,2.0000,25.0000,0.3750
23.824,1788986311.157,0.000,0.000,13240.000,0.000,0.000,0.000,0.000,0.000,0.000,0.000,0.000,0.000,0.000,0.000,0.000,0.000,0.000,0.000,0.0000,3,0.0000,0.0000,0.0150,2.0000,25.0000,0.3750
23.927,1788986311.260,0.000,0.000,13240.000,0.000,0.000,0.000,0.000,0.000,0.000,0.000,0.000,0.000,0.000,0.000,0.000,0.000,0.000,0.000,0.0000,3,0.0000,0.0000,0.0150,2.0000,25.0000,0.3750
24.030,1788986311.363,0.000,0.000,13240.000,0.000,0.000,0.000,0.000,0.000,0.000,0.000,0.000,0.000,0.000,0.000,0.000,0.000,0.000,0.000,0.0000,3,0.0000,0.0000,0.0150,2.0000,25.0000,0.3750
24.133,1788986311.466,0.000,0.000,13240.000,0.000,0.000,0.000,0.000,0.000,0.000,0.000,0.000,0.000,0.000,0.000,0.000,0.000,0.000,0.000,0.0000,3,0.0000,0.0000,0.0150,2.0000,25.0000,0.3750
24.236,1788986311.569,0.000,0.000,13240.000,0.000,0.000,0.000,0.000,0.000,0.000,0.000,0.000,0.000,0.000,0.000,0.000,0.000,0.000,0.000,0.0000,3,0.0000,0.0000,0.0150,2.0000,25.0000,0.3750
24.339,1788986311.672,0.000,0.000,13240.000,0.000,0.000,0.000,0.000,0.000,0.000,0.000,0.000,0.000,0.000,0.000,0.000,0.000,0.000,0.000,0.0000,3,0.0000,0.0000,0.0150,2.0000,25.0000,0.3750
24.441,1788986311.775,0.000,0.000,13240.000,0.000,0.000,0.000,0.000,0.000,0.000,0.000,0.000,0.000,0.000,0.000,0.000,0.000,0.000,0.000,0.0000,3,0.0000,0.0000,0.0150,2.0000,25.0000,0.3750
24.544,1788986311.877,0.000,0.000,13240.000,0.000,0.000,0.000,0.000,0.000,0.000,0.000,0.000,0.000,0.000,0.000,0.000,0.000,0.000,0.000,0.0000,3,0.0000,0.0000,0.0150,2.0000,25.0000,0.3750
24.646,1788986311.979,0.000,0.000,13240.000,0.000,0.000,0.000,0.000,0.000,0.000,0.000,0.000,0.000,0.000,0.000,0.000,0.000,0.000,0.000,0.0000,3,0.0000,0.0000,0.0150,2.0000,25.0000,0.3750
24.748,1788986312.081,0.000,0.000,13240.000,0.000,0.000,0.000,0.000,0.000,0.000,0.000,0.000,0.000,0.000,0.000,0.000,0.000,0.000,0.000,0.0000,3,0.0000,0.0000,0.0150,2.0000,25.0000,0.3750
24.851,1788986312.184,0.000,0.000,13240.000,0.000,0.000,0.000,0.000,0.000,0.000,0.000,0.000,0.000,0.000,0.000,0.000,0.000,0.000,0.000,0.0000,3,0.0000,0.0000,0.0150,2.0000,25.0000,0.3750
24.954,1788986312.287,0.000,0.000,13240.000,0.000,0.000,0.000,0.000,0.000,0.000,0.000,0.000,0.000,0.000,0.000,0.000,0.000,0.000,0.000,0.0000,3,0.0000,0.0000,0.0150,2.0000,25.0000,0.3750
25.058,1788986312.392,0.000,0.000,13240.000,0.000,0.000,0.000,0.000,0.000,0.000,0.000,0.000,0.000,0.000,0.000,0.000,0.000,0.000,0.000,0.0000,3,0.0000,0.0000,0.0150,2.0000,25.0000,0.3750
25.161,1788986312.494,0.000,0.000,13240.000,0.000,0.000,0.000,0.000,0.000,0.000,0.000,0.000,0.000,0.000,0.000,0.000,0.000,0.000,0.000,0.0000,3,0.0000,0.0000,0.0150,2.0000,25.0000,0.3750
25.263,1788986312.597,0.000,0.000,13240.000,0.000,0.000,0.000,0.000,0.000,0.000,0.000,0.000,0.000,0.000,0.000,0.000,0.000,0.000,0.000,0.0000,3,0.0000,0.0000,0.0150,2.0000,25.0000,0.3750
25.367,1788986312.700,0.000,0.000,13240.000,0.000,0.000,0.000,0.000,0.000,0.000,0.000,0.000,0.000,0.000,0.000,0.000,0.000,0.000,0.000,0.0000,3,0.0000,0.0000,0.0150,2.0000,25.0000,0.3750
25.470,1788986312.803,0.000,0.000,13240.000,0.000,0.000,0.000,0.000,0.000,0.000,0.000,0.000,0.000,0.000,0.000,0.000,0.000,0.000,0.000,0.0000,3,0.0000,0.0000,0.0150,2.0000,25.0000,0.3750
25.582,1788986312.915,0.000,0.000,13240.000,0.000,0.000,0.000,0.000,0.000,0.000,0.000,0.000,0.000,0.000,0.000,0.000,0.000,0.000,0.000,0.0000,3,0.0000,0.0000,0.0150,2.0000,25.0000,0.3750
25.690,1788986313.024,0.000,0.000,13240.000,0.000,0.000,0.000,0.000,0.000,0.000,0.000,0.000,0.000,0.000,0.000,0.000,0.000,0.000,0.000,0.0000,3,0.0000,0.0000,0.0150,2.0000,25.0000,0.3750
25.793,1788986313.126,0.000,0.000,13240.000,0.000,0.000,0.000,0.000,0.000,0.000,0.000,0.000,0.000,0.000,0.000,0.000,0.000,0.000,0.000,0.0000,3,0.0000,0.0000,0.0150,2.0000,25.0000,0.3750
25.895,1788986313.228,0.000,0.000,13240.000,0.000,0.000,0.000,0.000,0.000,0.000,0.000,0.000,0.000,0.000,0.000,0.000,0.000,0.000,0.000,0.0000,3,0.0000,0.0000,0.0150,2.0000,25.0000,0.3750
25.998,1788986313.331,0.000,0.000,13240.000,0.000,0.000,0.000,0.000,0.000,0.000,0.000,0.000,0.000,0.000,0.000,0.000,0.000,0.000,0.000,0.0000,3,0.0000,0.0000,0.0150,2.0000,25.0000,0.3750
26.101,1788986313.434,0.000,0.000,13240.000,0.000,0.000,0.000,0.000,0.000,0.000,0.000,0.000,0.000,0.000,0.000,0.000,0.000,0.000,0.000,0.0000,3,0.0000,0.0000,0.0150,2.0000,25.0000,0.3750
26.204,1788986313.537,0.000,0.000,13240.000,0.000,0.000,0.000,0.000,0.000,0.000,0.000,0.000,0.000,0.000,0.000,0.000,0.000,0.000,0.000,0.0000,3,0.0000,0.0000,0.0150,2.0000,25.0000,0.3750
26.307,1788986313.640,0.000,0.000,13240.000,0.000,0.000,0.000,0.000,0.000,0.000,0.000,0.000,0.000,0.000,0.000,0.000,0.000,0.000,0.000,0.0000,3,0.0000,0.0000,0.0150,2.0000,25.0000,0.3750
26.410,1788986313.743,0.000,0.000,13240.000,0.000,0.000,0.000,0.000,0.000,0.000,0.000,0.000,0.000,0.000,0.000,0.000,0.000,0.000,0.000,0.0000,3,0.0000,0.0000,0.0150,2.0000,25.0000,0.3750
26.513,1788986313.846,0.000,0.000,13240.000,0.000,0.000,0.000,0.000,0.000,0.000,0.000,0.000,0.000,0.000,0.000,0.000,0.000,0.000,0.000,0.0000,3,0.0000,0.0000,0.0150,2.0000,25.0000,0.3750
26.617,1788986313.950,0.000,0.000,13240.000,0.000,0.000,0.000,0.000,0.000,0.000,0.000,0.000,0.000,0.000,0.000,0.000,0.000,0.000,0.000,0.0000,3,0.0000,0.0000,0.0150,2.0000,25.0000,0.3750
26.720,1788986314.053,0.000,0.000,13240.000,0.000,0.000,0.000,0.000,0.000,0.000,0.000,0.000,0.000,0.000,0.000,0.000,0.000,0.000,0.000,0.0000,3,0.0000,0.0000,0.0150,2.0000,25.0000,0.3750
26.823,1788986314.156,0.000,0.000,13240.000,0.000,-1.000,0.000,0.000,0.000,0.000,0.000,0.000,0.000,0.000,0.000,0.000,0.000,0.000,0.000,0.0000,3,1.0000,0.0000,0.0150,2.0000,25.0000,0.3750
26.926,1788986314.260,0.000,0.000,13240.000,0.000,-1.000,0.000,0.000,0.000,0.000,0.000,0.000,0.000,0.000,0.000,0.000,0.000,0.000,0.000,0.0000,3,1.0000,0.0000,0.0150,2.0000,25.0000,0.3750
27.029,1788986314.362,0.000,0.000,13240.000,0.000,-1.000,0.000,0.000,0.000,0.000,0.000,0.000,0.000,0.000,0.000,0.000,0.000,0.000,0.000,0.0000,3,1.0000,0.0000,0.0150,2.0000,25.0000,0.3750
27.132,1788986314.465,0.000,0.000,13240.000,0.000,-1.000,0.000,0.000,0.000,0.000,0.000,0.000,0.000,0.000,0.000,0.000,0.000,0.000,0.000,0.0000,3,1.0000,0.0000,0.0150,2.0000,25.0000,0.3750
27.234,1788986314.567,0.000,0.000,13240.000,0.000,-1.000,0.000,0.000,0.000,0.000,0.000,0.000,0.000,0.000,0.000,0.000,0.000,0.000,0.000,0.0000,3,1.0000,0.0000,0.0150,2.0000,25.0000,0.3750
27.336,1788986314.669,0.000,0.000,13240.000,0.000,-1.000,0.000,0.000,0.000,0.000,0.000,0.000,0.000,0.000,0.000,0.000,0.000,0.000,0.000,0.0000,3,1.0000,0.0000,0.0150,2.0000,25.0000,0.3750
27.439,1788986314.773,0.000,0.000,13240.000,0.000,-1.000,0.000,0.000,0.000,0.000,0.000,0.000,0.000,0.000,0.000,0.000,0.000,0.000,0.000,0.0000,3,1.0000,0.0000,0.0150,2.0000,25.0000,0.3750
27.542,1788986314.875,0.000,0.000,13240.000,0.000,-1.000,0.000,0.000,0.000,0.000,0.000,0.000,0.000,0.000,0.000,0.000,0.000,0.000,0.000,0.0000,3,1.0000,0.0000,0.0150,2.0000,25.0000,0.3750
27.644,1788986314.977,0.000,0.000,13240.000,0.000,-1.000,0.000,0.000,0.000,0.000,0.000,0.000,0.000,0.000,0.000,0.000,0.000,0.000,0.000,0.0000,3,1.0000,0.0000,0.0150,2.0000,25.0000,0.3750
27.748,1788986315.081,0.000,0.000,13240.000,0.000,-1.000,0.000,0.000,0.000,0.000,0.000,0.000,0.000,0.000,0.000,0.000,0.000,0.000,0.000,0.0000,3,1.0000,0.0000,0.0150,2.0000,25.0000,0.3750
27.851,1788986315.184,0.000,0.000,13240.000,0.000,-1.000,0.000,0.000,0.000,0.000,0.000,0.000,0.000,0.000,0.000,0.000,0.000,0.000,0.000,0.0000,3,1.0000,0.0000,0.0150,2.0000,25.0000,0.3750
27.953,1788986315.286,0.000,0.000,13240.000,0.000,-1.000,0.000,0.000,0.000,0.000,0.000,0.000,0.000,0.000,0.000,0.000,0.000,0.000,0.000,0.0000,3,1.0000,0.0000,0.0150,2.0000,25.0000,0.3750
28.056,1788986315.389,0.000,0.000,13240.000,0.000,-1.000,0.000,0.000,0.000,0.000,0.000,0.000,0.000,0.000,0.000,0.000,0.000,0.000,0.000,0.0000,3,1.0000,0.0000,0.0150,2.0000,25.0000,0.3750
28.158,1788986315.492,0.000,0.000,13240.000,0.000,-1.000,0.000,0.000,0.000,0.000,0.000,0.000,0.000,0.000,0.000,0.000,0.000,0.000,0.000,0.0000,3,1.0000,0.0000,0.0150,2.0000,25.0000,0.3750
28.261,1788986315.594,0.000,0.000,13240.000,0.000,-1.000,0.000,0.000,0.000,0.000,0.000,0.000,0.000,0.000,0.000,0.000,0.000,0.000,0.000,0.0000,3,1.0000,0.0000,0.0150,2.0000,25.0000,0.3750
28.365,1788986315.698,0.000,0.000,13240.000,0.000,-1.000,0.000,0.000,0.000,0.000,0.000,0.000,0.000,0.000,0.000,0.000,0.000,0.000,0.000,0.0000,3,1.0000,0.0000,0.0150,2.0000,25.0000,0.3750
28.467,1788986315.801,0.000,0.000,13240.000,0.000,-1.000,0.000,0.000,0.000,0.000,0.000,0.000,0.000,0.000,0.000,0.000,0.000,0.000,0.000,0.0000,3,1.0000,0.0000,0.0150,2.0000,25.0000,0.3750
28.571,1788986315.904,0.000,0.000,13240.000,0.000,-1.000,0.000,0.000,0.000,0.000,0.000,0.000,0.000,0.000,0.000,0.000,0.000,0.000,0.000,0.0000,3,1.0000,0.0000,0.0150,2.0000,25.0000,0.3750
28.674,1788986316.007,0.000,0.000,13240.000,0.000,-1.000,0.000,0.000,0.000,0.000,0.000,0.000,0.000,0.000,0.000,0.000,0.000,0.000,0.000,0.0000,3,1.0000,0.0000,0.0150,2.0000,25.0000,0.3750
28.776,1788986316.110,0.000,0.000,13240.000,0.000,-1.000,0.000,0.000,0.000,0.000,0.000,0.000,0.000,0.000,0.000,0.000,0.000,0.000,0.000,0.0000,3,1.0000,0.0000,0.0150,2.0000,25.0000,0.3750
28.879,1788986316.213,0.000,0.000,13240.000,0.000,-1.000,0.000,0.000,0.000,0.000,0.000,0.000,0.000,0.000,0.000,0.000,0.000,0.000,0.000,0.0000,3,1.0000,0.0000,0.0150,2.0000,25.0000,0.3750
28.982,1788986316.316,0.000,0.000,13240.000,0.000,-1.000,0.000,0.000,0.000,0.000,0.000,0.000,0.000,0.000,0.000,0.000,0.000,0.000,0.000,0.0000,3,1.0000,0.0000,0.0150,2.0000,25.0000,0.3750
29.085,1788986316.418,0.000,0.000,13240.000,0.000,-1.000,0.000,0.000,0.000,0.000,0.000,0.000,0.000,0.000,0.000,0.000,0.000,0.000,0.000,0.0000,3,1.0000,0.0000,0.0150,2.0000,25.0000,0.3750
29.188,1788986316.521,0.000,0.000,13240.000,0.000,-1.000,0.000,0.000,0.000,0.000,0.000,0.000,0.000,0.000,0.000,0.000,0.000,0.000,0.000,0.0000,3,1.0000,0.0000,0.0150,2.0000,25.0000,0.3750
29.290,1788986316.624,0.000,0.000,13240.000,0.000,-1.000,0.000,0.000,0.000,0.000,0.000,0.000,0.000,0.000,0.000,0.000,0.000,0.000,0.000,0.0000,3,1.0000,0.0000,0.0150,2.0000,25.0000,0.3750
29.394,1788986316.727,0.000,0.000,13240.000,0.000,-1.000,0.000,0.000,0.000,0.000,0.000,0.000,0.000,0.000,0.000,0.000,0.000,0.000,0.000,0.0000,3,1.0000,0.0000,0.0150,2.0000,25.0000,0.3750
29.496,1788986316.830,0.000,0.000,13240.000,0.000,-1.000,0.000,0.000,0.000,0.000,0.000,0.000,0.000,0.000,0.000,0.000,0.000,0.000,0.000,0.0000,3,1.0000,0.0000,0.0150,2.0000,25.0000,0.3750
29.599,1788986316.933,0.000,0.000,13240.000,0.000,-1.000,0.000,0.000,0.000,0.000,0.000,0.000,0.000,0.000,0.000,0.000,0.000,0.000,0.000,0.0000,3,1.0000,0.0000,0.0150,2.0000,25.0000,0.3750
29.701,1788986317.034,0.000,0.000,13240.000,0.000,-1.000,0.000,0.000,0.000,0.000,0.000,0.000,0.000,0.000,0.000,0.000,0.000,0.000,0.000,0.0000,3,1.0000,0.0000,0.0150,2.0000,25.0000,0.3750
29.804,1788986317.137,0.000,0.000,13240.000,0.000,-1.000,0.000,0.000,0.000,0.000,0.000,0.000,0.000,0.000,0.000,0.000,0.000,0.000,0.000,0.0000,3,1.0000,0.0000,0.0150,2.0000,25.0000,0.3750
29.906,1788986317.239,0.000,0.000,13240.000,0.000,-1.000,0.000,0.000,0.000,0.000,0.000,0.000,0.000,0.000,0.000,0.000,0.000,0.000,0.000,0.0000,3,1.0000,0.0000,0.0150,2.0000,25.0000,0.3750
30.008,1788986317.341,0.000,0.000,13240.000,0.000,-1.000,0.000,0.000,0.000,0.000,0.000,0.000,0.000,0.000,0.000,0.000,0.000,0.000,0.000,0.0000,3,1.0000,0.0000,0.0150,2.0000,25.0000,0.3750
30.112,1788986317.445,0.000,0.000,13240.000,0.000,-1.000,0.000,0.000,0.000,0.000,0.000,0.000,0.000,0.000,0.000,0.000,0.000,0.000,0.000,0.0000,3,1.0000,0.0000,0.0150,2.0000,25.0000,0.3750
30.214,1788986317.548,0.000,0.000,13240.000,0.000,-1.000,0.000,0.000,0.000,0.000,0.000,0.000,0.000,0.000,0.000,0.000,0.000,0.000,0.000,0.0000,3,1.0000,0.0000,0.0150,2.0000,25.0000,0.3750
30.317,1788986317.650,0.000,0.000,13240.000,0.000,-1.000,0.000,0.000,0.000,0.000,0.000,0.000,0.000,0.000,0.000,0.000,0.000,0.000,0.000,0.0000,3,1.0000,0.0000,0.0150,2.0000,25.0000,0.3750
30.420,1788986317.753,0.000,0.000,13240.000,0.000,-1.000,0.000,0.000,0.000,0.000,0.000,0.000,0.000,0.000,0.000,0.000,0.000,0.000,0.000,0.0000,3,1.0000,0.0000,0.0150,2.0000,25.0000,0.3750
30.521,1788986317.854,0.000,0.000,13240.000,0.000,-1.000,0.000,0.000,0.000,0.000,0.000,0.000,0.000,0.000,0.000,0.000,0.000,0.000,0.000,0.0000,3,1.0000,0.0000,0.0150,2.0000,25.0000,0.3750
30.624,1788986317.957,0.000,0.000,13240.000,0.000,-1.000,0.000,0.000,0.000,0.000,0.000,0.000,0.000,0.000,0.000,0.000,0.000,0.000,0.000,0.0000,3,1.0000,0.0000,0.0150,2.0000,25.0000,0.3750
30.726,1788986318.059,0.000,0.000,13240.000,0.000,-1.000,0.000,0.000,0.000,0.000,0.000,0.000,0.000,0.000,0.000,0.000,0.000,0.000,0.000,0.0000,3,1.0000,0.0000,0.0150,2.0000,25.0000,0.3750
30.829,1788986318.162,0.000,0.000,13240.000,0.000,-1.000,0.000,0.000,0.000,0.000,0.000,0.000,0.000,0.000,0.000,0.000,0.000,0.000,0.000,0.0000,3,1.0000,0.0000,0.0150,2.0000,25.0000,0.3750
30.932,1788986318.265,0.000,0.000,13240.000,0.000,-1.000,0.000,0.000,0.000,0.000,0.000,0.000,0.000,0.000,0.000,0.000,0.000,0.000,0.000,0.0000,3,1.0000,0.0000,0.0150,2.0000,25.0000,0.3750
31.035,1788986318.368,0.000,0.000,13240.000,0.000,-1.000,0.000,0.000,0.000,0.000,0.000,0.000,0.000,0.000,0.000,0.000,0.000,0.000,0.000,0.0000,3,1.0000,0.0000,0.0150,2.0000,25.0000,0.3750
31.138,1788986318.471,0.000,0.000,13240.000,0.000,-1.000,0.000,0.000,0.000,0.000,0.000,0.000,0.000,0.000,0.000,0.000,0.000,0.000,0.000,0.0000,3,1.0000,0.0000,0.0150,2.0000,25.0000,0.3750
31.241,1788986318.574,0.000,0.000,13240.000,0.000,-1.000,0.000,0.000,0.000,0.000,0.000,0.000,0.000,0.000,0.000,0.000,0.000,0.000,0.000,0.0000,3,1.0000,0.0000,0.0150,2.0000,25.0000,0.3750
31.344,1788986318.677,0.000,0.000,13240.000,0.000,-1.000,0.000,0.000,0.000,0.000,0.000,0.000,0.000,0.000,0.000,0.000,0.000,0.000,0.000,0.0000,3,1.0000,0.0000,0.0150,2.0000,25.0000,0.3750
31.447,1788986318.780,0.000,0.000,13240.000,0.000,-1.000,0.000,0.000,0.000,0.000,0.000,0.000,0.000,0.000,0.000,0.000,0.000,0.000,0.000,0.0000,3,1.0000,0.0000,0.0150,2.0000,25.0000,0.3750
31.549,1788986318.882,0.000,0.000,13240.000,0.000,-1.000,0.000,0.000,0.000,0.000,0.000,0.000,0.000,0.000,0.000,0.000,0.000,0.000,0.000,0.0000,3,1.0000,0.0000,0.0150,2.0000,25.0000,0.3750
31.653,1788986318.986,0.000,0.000,13240.000,0.000,-1.000,0.000,0.000,0.000,0.000,0.000,0.000,0.000,0.000,0.000,0.000,0.000,0.000,0.000,0.0000,3,1.0000,0.0000,0.0150,2.0000,25.0000,0.3750
31.756,1788986319.089,0.000,0.000,13240.000,0.000,-1.000,0.000,0.000,0.000,0.000,0.000,0.000,0.000,0.000,0.000,0.000,0.000,0.000,0.000,0.0000,3,1.0000,0.0000,0.0150,2.0000,25.0000,0.3750
31.858,1788986319.192,0.000,0.000,13240.000,0.000,-1.000,0.000,0.000,0.000,0.000,0.000,0.000,0.000,0.000,0.000,0.000,0.000,0.000,0.000,0.0000,3,1.0000,0.0000,0.0150,2.0000,25.0000,0.3750
31.960,1788986319.293,0.000,0.000,13240.000,0.000,-1.000,0.000,0.000,0.000,0.000,0.000,0.000,0.000,0.000,0.000,0.000,0.000,0.000,0.000,0.0000,3,1.0000,0.0000,0.0150,2.0000,25.0000,0.3750
32.063,1788986319.397,0.000,0.000,13240.000,0.000,-1.000,0.000,0.000,0.000,0.000,0.000,0.000,0.000,0.000,0.000,0.000,0.000,0.000,0.000,0.0000,3,1.0000,0.0000,0.0150,2.0000,25.0000,0.3750
32.167,1788986319.500,0.000,-0.372,13101.983,0.000,-0.720,-637.000,0.000,0.000,0.000,0.000,0.000,0.000,0.000,0.000,0.000,0.000,0.000,0.000,0.0000,3,1.0000,0.0000,0.0150,2.0000,25.0000,0.3750
32.269,1788986319.602,0.000,-0.441,13030.933,0.000,-0.668,-784.001,0.000,0.000,0.000,0.000,0.000,0.000,0.000,0.000,0.000,0.000,0.000,0.000,0.0000,3,1.0000,0.0000,0.0150,2.0000,25.0000,0.3750
32.387,1788986319.720,0.000,-0.526,12913.331,0.000,-0.604,-980.003,0.000,0.000,0.000,0.000,0.000,0.000,0.000,0.000,0.000,0.000,0.000,0.000,0.0000,3,1.0000,0.0000,0.0150,2.0000,25.0000,0.3750
32.490,1788986319.823,0.000,-0.584,12807.980,0.000,-0.560,-1127.005,0.000,0.000,0.000,0.000,0.000,0.000,0.000,0.000,0.000,0.000,0.000,0.000,0.0000,3,1.0000,0.0000,0.0150,2.0000,25.0000,0.3750
32.637,1788986319.970,0.000,-0.655,12644.644,0.000,-0.506,-1323.006,0.000,0.000,0.000,0.000,0.000,0.000,0.000,0.000,0.000,0.000,0.000,0.000,0.0000,3,1.0000,0.0000,0.0150,2.0000,25.0000,0.3750
32.739,1788986320.073,0.000,-0.704,12504.993,0.000,-0.469,-1470.007,0.000,0.000,0.000,0.000,0.000,0.000,0.000,0.000,0.000,0.000,0.000,0.000,0.0000,3,1.0000,0.0000,0.0150,2.0000,25.0000,0.3750
32.842,1788986320.176,0.000,-0.749,12350.640,0.000,-0.435,-1617.009,0.000,0.000,0.000,0.000,0.000,0.000,0.000,0.000,0.000,0.000,0.000,0.000,0.0000,3,1.0000,0.0000,0.0150,2.0000,25.0000,0.3750
32.961,1788986320.294,0.000,-0.804,12121.971,0.000,-0.394,-1813.010,0.000,0.000,0.000,0.000,0.000,0.000,0.000,0.000,0.000,0.000,0.000,0.000,0.0000,3,1.0000,0.0000,0.0150,2.0000,25.0000,0.3750
33.064,1788986320.397,0.000,-0.842,11933.319,0.000,-0.365,-1960.011,0.000,0.000,0.000,0.000,0.000,0.000,0.000,0.000,0.000,0.000,0.000,0.000,0.0000,3,1.0000,0.0000,0.0150,2.0000,25.0000,0.3750
33.187,1788986320.520,0.000,-0.889,11658.917,0.000,-0.330,-2156.011,0.000,0.000,0.000,0.000,0.000,0.000,0.000,0.000,0.000,0.000,0.000,0.000,0.0000,3,1.0000,0.0000,0.0150,2.0000,25.0000,0.3750
33.289,1788986320.622,0.000,-0.920,11435.963,0.000,-0.306,-2303.013,0.000,0.000,0.000,0.000,0.000,0.000,0.000,0.000,0.000,0.000,0.000,0.000,0.0000,3,1.0000,0.0000,0.0150,2.0000,25.0000,0.3750
33.392,1788986320.725,0.000,-0.950,11198.310,0.000,-0.284,-2450.014,0.000,0.000,0.000,0.000,0.000,0.000,0.000,0.000,0.000,0.000,0.000,0.000,0.0000,3,1.0000,0.0000,0.0150,2.0000,25.0000,0.3750
33.495,1788986320.828,0.000,-0.977,10945.958,0.000,-0.263,-2597.014,0.000,0.000,0.000,0.000,0.000,0.000,0.000,0.000,0.000,0.000,0.000,0.000,0.0000,3,1.0000,0.0000,0.0150,2.0000,25.0000,0.3750
33.620,1788986320.953,0.000,-1.011,10586.621,0.000,-0.238,-2793.015,0.000,0.000,0.000,0.000,0.000,0.000,0.000,0.000,0.000,0.000,0.000,0.000,0.0000,3,1.0000,0.0000,0.0150,2.0000,25.0000,0.3750
33.723,1788986321.056,0.000,-1.034,10299.967,0.000,-0.221,-2940.016,0.000,0.000,0.000,0.000,0.000,0.000,0.000,0.000,0.000,0.000,0.000,0.000,0.0000,3,1.0000,0.0000,0.0150,2.0000,25.0000,0.3750
33.845,1788986321.178,0.000,-1.055,9998.613,0.000,-0.205,-3087.018,0.000,0.000,0.000,0.000,0.000,0.000,0.000,0.000,0.000,0.000,0.000,0.000,0.0000,3,1.0000,0.0000,0.0150,2.0000,25.0000,0.3750
33.978,1788986321.311,0.000,-1.081,9573.915,0.000,-0.185,-3283.030,0.000,0.000,0.000,0.000,0.000,0.000,0.000,0.000,0.000,0.000,0.000,0.000,0.0000,3,1.0000,0.0000,0.0150,2.0000,25.0000,0.3750
34.087,1788986321.420,0.000,-1.104,9123.109,0.000,-0.167,-3479.032,0.000,0.000,0.000,0.000,0.000,0.000,0.000,0.000,0.000,0.000,0.000,0.000,0.0000,3,1.0000,0.0000,0.0150,2.0000,25.0000,0.3750
34.189,1788986321.522,0.000,-1.120,8767.852,0.000,-0.155,-3626.033,0.000,0.000,0.000,0.000,0.000,0.000,0.000,0.000,0.000,0.000,0.000,0.000,0.0000,3,1.0000,0.0000,0.0150,2.0000,25.0000,0.3750
34.292,1788986321.625,0.000,-1.135,8397.895,0.000,-0.144,-3773.034,0.000,0.000,0.000,0.000,0.000,0.000,0.000,0.000,0.000,0.000,0.000,0.000,0.0000,3,1.0000,0.0000,0.0150,2.0000,25.0000,0.3750
34.411,1788986321.744,0.000,-1.149,8013.238,0.000,-0.133,-3920.036,0.000,0.000,0.000,0.000,0.000,0.000,0.000,0.000,0.000,0.000,0.000,0.000,0.0000,3,1.0000,0.0000,0.0150,2.0000,25.0000,0.3750
34.527,1788986321.860,0.000,-1.166,7482.266,0.000,-0.121,-4000.000,0.000,0.000,0.000,0.000,0.000,0.000,0.000,0.000,0.000,0.000,0.000,0.000,0.0000,3,1.0000,0.0000,0.0150,2.0000,25.0000,0.3750
34.629,1788986321.963,0.000,-1.178,7082.263,0.000,-0.112,-4000.000,0.000,0.000,0.000,0.000,0.000,0.000,0.000,0.000,0.000,0.000,0.000,0.000,0.0000,3,1.0000,0.0000,0.0150,2.0000,25.0000,0.3750
34.753,1788986322.086,0.000,-1.192,6548.925,0.000,-0.101,-4000.000,0.000,0.000,0.000,0.000,0.000,0.000,0.000,0.000,0.000,0.000,0.000,0.000,0.0000,3,1.0000,0.0000,0.0150,2.0000,25.0000,0.3750
34.855,1788986322.188,0.000,-1.202,6148.922,0.000,-0.094,-4000.000,0.000,0.000,0.000,0.000,0.000,0.000,0.000,0.000,0.000,0.000,0.000,0.000,0.0000,3,1.0000,0.0000,0.0150,2.0000,25.0000,0.3750
34.969,1788986322.302,0.000,-1.211,5748.920,0.000,-0.087,-4000.000,0.000,0.000,0.000,0.000,0.000,0.000,0.000,0.000,0.000,0.000,0.000,0.000,0.0000,3,1.0000,0.0000,0.0150,2.0000,25.0000,0.3750
35.072,1788986322.406,0.000,-1.219,5348.918,0.000,-0.081,-4000.000,0.000,0.000,0.000,0.000,0.000,0.000,0.000,0.000,0.000,0.000,0.000,0.000,0.0000,3,1.0000,0.0000,0.0150,2.0000,25.0000,0.3750
35.185,1788986322.519,0.000,-1.229,4815.582,0.000,-0.073,-4000.000,0.000,0.000,0.000,0.000,0.000,0.000,0.000,0.000,0.000,0.000,0.000,0.000,0.0000,3,1.0000,0.0000,0.0150,2.0000,25.0000,0.3750
35.289,1788986322.622,0.000,-1.236,4415.579,0.000,-0.068,-4000.000,0.000,0.000,0.000,0.000,0.000,0.000,0.000,0.000,0.000,0.000,0.000,0.000,0.0000,3,1.0000,0.0000,0.0150,2.0000,25.0000,0.3750
35.391,1788986322.724,0.000,-1.243,4015.575,0.000,-0.063,-4000.000,0.000,0.000,0.000,0.000,0.000,0.000,0.000,0.000,0.000,0.000,0.000,0.000,0.0000,3,1.0000,0.0000,0.0150,2.0000,25.0000,0.3750
35.493,1788986322.827,0.000,-1.249,3615.572,0.000,-0.058,-4000.000,0.000,0.000,0.000,0.000,0.000,0.000,0.000,0.000,0.000,0.000,0.000,0.000,0.0000,3,1.0000,0.0000,0.0150,2.0000,25.0000,0.3750
35.627,1788986322.960,0.000,-1.256,3082.204,0.000,-0.053,-4000.000,0.000,0.000,0.000,0.000,0.000,0.000,0.000,0.000,0.000,0.000,0.000,0.000,0.0000,3,1.0000,0.0000,0.0150,2.0000,25.0000,0.3750
35.730,1788986323.064,0.000,-1.261,2682.200,0.000,-0.049,-4000.000,0.000,0.000,0.000,0.000,0.000,0.000,0.000,0.000,0.000,0.000,0.000,0.000,0.0000,3,1.0000,0.0000,0.0150,2.0000,25.0000,0.3750
35.844,1788986323.177,0.000,-1.266,2282.197,0.000,-0.045,-4000.000,0.000,0.000,0.000,0.000,0.000,0.000,0.000,0.000,0.000,0.000,0.000,0.000,0.0000,3,1.0000,0.0000,0.0150,2.0000,25.0000,0.3750
35.969,1788986323.302,0.000,-1.272,1748.841,0.000,-0.041,-4000.000,0.000,0.000,0.000,0.000,0.000,0.000,0.000,0.000,0.000,0.000,0.000,0.000,0.0000,3,1.0000,0.0000,0.0150,2.0000,25.0000,0.3750
36.111,1788986323.444,0.000,-1.277,1215.504,0.000,-0.037,-4000.000,0.000,0.000,0.000,0.000,0.000,0.000,0.000,0.000,0.000,0.000,0.000,0.000,0.0000,3,1.0000,0.0000,0.0150,2.0000,25.0000,0.3750
36.219,1788986323.553,0.000,-1.282,682.166,0.000,-0.033,-4000.000,0.000,0.000,0.000,0.000,0.000,0.000,0.000,0.000,0.000,0.000,0.000,0.000,0.0000,3,1.0000,0.0000,0.0150,2.0000,25.0000,0.3750
36.323,1788986323.656,0.000,-1.285,387.117,0.000,0.000,0.000,0.000,0.000,0.000,0.000,0.000,0.000,0.000,0.000,0.000,0.000,0.000,0.000,0.0000,3,1.0000,0.0000,0.0150,2.0000,25.0000,0.3750
36.428,1788986323.761,0.000,-1.285,386.085,0.000,0.000,0.000,0.000,0.000,0.000,0.000,0.000,0.000,0.000,0.000,0.000,0.000,0.000,0.000,0.0000,3,1.0000,0.0000,0.0150,2.0000,25.0000,0.3750
36.543,1788986323.877,0.000,-1.285,386.085,0.000,0.000,0.000,0.000,0.000,0.000,0.000,0.000,0.000,0.000,0.000,0.000,0.000,0.000,0.000,0.0000,3,1.0000,0.0000,0.0150,2.0000,25.0000,0.3750
36.648,1788986323.982,0.000,-1.285,386.085,0.000,0.000,0.000,0.000,0.000,0.000,0.000,0.000,0.000,0.000,0.000,0.000,0.000,0.000,0.000,0.0000,3,1.0000,0.0000,0.0150,2.0000,25.0000,0.3750
36.755,1788986324.088,0.000,-1.285,386.085,0.000,0.000,0.000,0.000,0.000,0.000,0.000,0.000,0.000,0.000,0.000,0.000,0.000,0.000,0.000,0.0000,3,1.0000,0.0000,0.0150,2.0000,25.0000,0.3750
36.857,1788986324.191,0.000,-1.285,386.085,0.000,0.000,0.000,0.000,0.000,0.000,0.000,0.000,0.000,0.000,0.000,0.000,0.000,0.000,0.000,0.0000,3,1.0000,0.0000,0.0150,2.0000,25.0000,0.3750
36.961,1788986324.294,0.000,-1.285,386.085,0.000,0.000,0.000,0.000,0.000,0.000,0.000,0.000,0.000,0.000,0.000,0.000,0.000,0.000,0.000,0.0000,3,1.0000,0.0000,0.0150,2.0000,25.0000,0.3750
37.063,1788986324.396,0.000,-1.285,386.085,0.000,0.000,0.000,0.000,0.000,0.000,0.000,0.000,0.000,0.000,0.000,0.000,0.000,0.000,0.000,0.0000,3,1.0000,0.0000,0.0150,2.0000,25.0000,0.3750
37.177,1788986324.510,0.000,-1.285,386.085,0.000,0.000,0.000,0.000,0.000,0.000,0.000,0.000,0.000,0.000,0.000,0.000,0.000,0.000,0.000,0.0000,3,1.0000,0.0000,0.0150,2.0000,25.0000,0.3750
37.280,1788986324.613,0.000,-1.285,386.085,0.000,0.000,0.000,0.000,0.000,0.000,0.000,0.000,0.000,0.000,0.000,0.000,0.000,0.000,0.000,0.0000,3,1.0000,0.0000,0.0150,2.0000,25.0000,0.3750
37.393,1788986324.726,0.000,-1.285,386.085,0.000,0.000,0.000,0.000,0.000,0.000,0.000,0.000,0.000,0.000,0.000,0.000,0.000,0.000,0.000,0.0000,3,1.0000,0.0000,0.0150,2.0000,25.0000,0.3750
37.496,1788986324.829,0.000,-1.285,386.085,0.000,0.000,0.000,0.000,0.000,0.000,0.000,0.000,0.000,0.000,0.000,0.000,0.000,0.000,0.000,0.0000,3,1.0000,0.0000,0.0150,2.0000,25.0000,0.3750
37.598,1788986324.932,0.000,-1.285,386.085,0.000,0.000,0.000,0.000,0.000,0.000,0.000,0.000,0.000,0.000,0.000,0.000,0.000,0.000,0.000,0.0000,3,1.0000,0.0000,0.0150,2.0000,25.0000,0.3750
37.710,1788986325.043,0.000,-1.285,386.085,0.000,0.000,0.000,0.000,0.000,0.000,0.000,0.000,0.000,0.000,0.000,0.000,0.000,0.000,0.000,0.0000,3,1.0000,0.0000,0.0150,2.0000,25.0000,0.3750
37.811,1788986325.145,0.000,-1.285,386.085,0.000,0.000,0.000,0.000,0.000,0.000,0.000,0.000,0.000,0.000,0.000,0.000,0.000,0.000,0.000,0.0000,3,1.0000,0.0000,0.0150,2.0000,25.0000,0.3750
37.926,1788986325.259,0.000,-1.285,386.006,0.000,0.000,0.000,0.000,0.000,0.000,0.000,0.000,0.000,0.000,0.000,0.000,0.000,0.000,0.000,0.0000,3,1.0000,0.0000,0.0150,2.0000,25.0000,0.3750
38.029,1788986325.362,0.000,-1.285,386.006,0.000,0.000,0.000,0.000,0.000,0.000,0.000,0.000,0.000,0.000,0.000,0.000,0.000,0.000,0.000,0.0000,3,1.0000,0.0000,0.0150,2.0000,25.0000,0.3750
38.143,1788986325.476,0.000,-1.285,385.985,0.000,0.000,0.000,0.000,0.000,0.000,0.000,0.000,0.000,0.000,0.000,0.000,0.000,0.000,0.000,0.0000,3,1.0000,0.0000,0.0150,2.0000,25.0000,0.3750
38.247,1788986325.580,0.000,-1.285,385.985,0.000,0.000,0.000,0.000,0.000,0.000,0.000,0.000,0.000,0.000,0.000,0.000,0.000,0.000,0.000,0.0000,3,1.0000,0.0000,0.0150,2.0000,25.0000,0.3750
38.349,1788986325.683,0.000,-1.285,385.985,0.000,0.000,0.000,0.000,0.000,0.000,0.000,0.000,0.000,0.000,0.000,0.000,0.000,0.000,0.000,0.0000,3,1.0000,0.0000,0.0150,2.0000,25.0000,0.3750
38.452,1788986325.785,0.000,-1.285,385.985,0.000,0.000,0.000,0.000,-50000.000,0.000,0.000,0.000,0.000,0.000,0.000,0.000,0.000,0.000,0.000,0.0000,3,1.0000,1.0000,0.0150,2.0000,25.0000,0.3750
38.555,1788986325.888,0.000,-1.285,385.985,0.000,0.000,0.000,0.000,-50000.000,0.000,0.000,0.000,0.000,0.000,0.000,0.000,0.000,0.000,0.000,0.0000,3,1.0000,1.0000,0.0150,2.0000,25.0000,0.3750
38.658,1788986325.991,0.000,-1.285,385.985,0.000,0.000,0.000,0.000,-50000.000,0.000,0.000,0.000,0.000,0.000,0.000,0.000,0.000,0.000,0.000,0.0000,3,1.0000,1.0000,0.0150,2.0000,25.0000,0.3750
38.777,1788986326.110,0.000,-1.285,385.985,0.000,0.000,0.000,0.000,-50000.000,0.000,0.000,0.000,0.000,0.000,0.000,0.000,0.000,0.000,0.000,0.0000,3,1.0000,1.0000,0.0150,2.0000,25.0000,0.3750
38.880,1788986326.213,0.000,-1.285,385.985,0.000,0.000,-8.205,0.000,-50000.000,0.000,0.000,0.000,0.000,0.000,0.000,0.000,0.000,0.000,0.000,0.0000,3,1.0000,1.0000,0.0150,2.0000,25.0000,0.3750
38.983,1788986326.316,0.000,-1.285,385.985,0.000,0.000,0.000,0.000,-50000.000,0.000,0.000,0.000,0.000,0.000,0.000,0.000,0.000,0.000,0.000,0.0000,3,1.0000,1.0000,0.0150,2.0000,25.0000,0.3750
39.092,1788986326.425,0.000,-1.285,385.985,0.000,0.000,0.000,0.000,-50000.000,0.000,0.000,0.000,0.000,0.000,0.000,0.000,0.000,0.000,0.000,0.0000,3,1.0000,1.0000,0.0150,2.0000,25.0000,0.3750
39.210,1788986326.543,0.000,-1.285,385.985,0.000,0.000,0.000,0.000,-50000.000,0.000,0.000,0.000,0.000,0.000,0.000,0.000,0.000,0.000,0.000,0.0000,3,1.0000,1.0000,0.0150,2.0000,25.0000,0.3750
39.312,1788986326.646,0.000,-1.285,385.985,0.000,0.000,0.000,0.000,-50000.000,0.000,0.000,0.000,0.000,0.000,0.000,0.000,0.000,0.000,0.000,0.0000,3,1.0000,1.0000,0.0150,2.0000,25.0000,0.3750
39.416,1788986326.749,0.000,-1.285,385.985,0.000,0.000,0.000,0.000,-50000.000,0.000,0.000,0.000,0.000,0.000,0.000,0.000,0.000,0.000,0.000,0.0000,3,1.0000,1.0000,0.0150,2.0000,25.0000,0.3750
39.520,1788986326.853,0.000,-1.285,385.985,0.000,0.000,0.000,0.000,-50000.000,0.000,0.000,0.000,0.000,0.000,0.000,0.000,0.000,0.000,0.000,0.0000,3,1.0000,1.0000,0.0150,2.0000,25.0000,0.3750
39.626,1788986326.959,0.000,-1.285,385.985,0.000,0.000,0.000,0.000,-50000.000,0.000,0.000,0.000,0.000,0.000,0.000,0.000,0.000,0.000,0.000,0.0000,3,1.0000,1.0000,0.0150,2.0000,25.0000,0.3750
39.743,1788986327.076,0.000,-1.285,385.985,0.000,0.000,0.000,0.000,-50000.000,0.000,0.000,0.000,0.000,0.000,0.000,0.000,0.000,0.000,0.000,0.0000,3,1.0000,1.0000,0.0150,2.0000,25.0000,0.3750
39.845,1788986327.178,0.000,-1.285,385.985,0.000,0.000,0.000,0.000,0.000,0.000,0.000,0.000,0.000,0.000,0.000,0.000,0.000,0.000,0.000,0.0000,3,1.0000,0.0000,0.0150,2.0000,25.0000,0.3750
39.958,1788986327.291,0.000,-1.285,385.985,0.000,0.000,0.000,0.000,0.000,0.000,0.000,0.000,0.000,0.000,0.000,0.000,0.000,0.000,0.000,0.0000,3,1.0000,0.0000,0.0150,2.0000,25.0000,0.3750
40.061,1788986327.394,0.000,-1.285,385.985,0.000,0.000,0.000,0.000,0.000,0.000,0.000,0.000,0.000,0.000,0.000,0.000,0.000,0.000,0.000,0.0000,3,1.0000,0.0000,0.0150,2.0000,25.0000,0.3750
40.164,1788986327.497,0.000,-1.285,385.985,0.000,0.000,0.000,0.000,0.000,0.000,0.000,0.000,0.000,0.000,0.000,0.000,0.000,0.000,0.000,0.0000,3,1.0000,0.0000,0.0150,2.0000,25.0000,0.3750
40.300,1788986327.633,0.000,-1.285,385.985,0.000,0.000,0.000,0.000,0.000,0.000,0.000,0.000,0.000,0.000,0.000,0.000,0.000,0.000,0.000,0.0000,3,1.0000,0.0000,0.0150,2.0000,25.0000,0.3750
40.403,1788986327.737,0.000,-1.285,385.985,0.000,0.000,0.000,0.000,0.000,0.000,0.000,0.000,0.000,0.000,0.000,0.000,0.000,0.000,0.000,0.0000,3,1.0000,0.0000,0.0150,2.0000,25.0000,0.3750
40.517,1788986327.850,0.000,-1.285,385.985,0.000,0.000,0.000,0.000,0.000,0.000,0.000,0.000,0.000,0.000,0.000,0.000,0.000,0.000,0.000,0.0000,3,1.0000,0.0000,0.0150,2.0000,25.0000,0.3750
40.620,1788986327.953,0.000,-1.285,385.985,0.000,0.000,0.000,0.000,0.000,0.000,0.000,0.000,0.000,0.000,0.000,0.000,0.000,0.000,0.000,0.0000,3,1.0000,0.0000,0.0150,2.0000,25.0000,0.3750
40.734,1788986328.067,0.000,-1.285,385.985,0.000,0.000,0.000,0.000,0.000,0.000,0.000,0.000,0.000,0.000,0.000,0.000,0.000,0.000,0.000,0.0000,3,1.0000,0.0000,0.0150,2.0000,25.0000,0.3750
40.836,1788986328.169,0.000,-1.285,385.985,0.000,0.000,0.000,0.000,0.000,0.000,0.000,0.000,0.000,0.000,0.000,0.000,0.000,0.000,0.000,0.0000,3,1.0000,0.0000,0.0150,2.0000,25.0000,0.3750
40.950,1788986328.283,0.000,-1.285,385.985,0.000,0.000,0.000,0.000,0.000,0.000,0.000,0.000,0.000,0.000,0.000,0.000,0.000,0.000,0.000,0.0000,3,1.0000,0.0000,0.0150,2.0000,25.0000,0.3750
41.052,1788986328.386,0.000,-1.285,385.985,0.000,0.000,0.000,0.000,0.000,0.000,0.000,0.000,0.000,0.000,0.000,0.000,0.000,0.000,0.000,0.0000,3,1.0000,0.0000,0.0150,2.0000,25.0000,0.3750
41.184,1788986328.517,0.000,-1.285,385.985,0.000,0.000,0.000,0.000,0.000,0.000,0.000,0.000,0.000,0.000,0.000,0.000,0.000,0.000,0.000,0.0000,3,1.0000,0.0000,0.0150,2.0000,25.0000,0.3750
41.286,1788986328.619,0.000,-1.285,385.985,0.000,0.000,0.000,0.000,0.000,0.000,0.000,0.000,0.000,0.000,0.000,0.000,0.000,0.000,0.000,0.0000,3,1.0000,0.0000,0.0150,2.0000,25.0000,0.3750
41.408,1788986328.741,0.000,-1.285,385.985,0.000,0.000,0.000,0.000,0.000,0.000,0.000,0.000,0.000,0.000,0.000,0.000,0.000,0.000,0.000,0.0000,3,1.0000,0.0000,0.0150,2.0000,25.0000,0.3750
41.511,1788986328.844,0.000,-1.285,385.985,0.000,0.000,0.000,0.000,0.000,0.000,0.000,0.000,0.000,0.000,0.000,0.000,0.000,0.000,0.000,0.0000,3,1.0000,0.0000,0.0150,2.0000,25.0000,0.3750
41.614,1788986328.947,0.000,-1.285,385.985,0.000,0.000,0.000,0.000,0.000,0.000,0.000,0.000,0.000,0.000,0.000,0.000,0.000,0.000,0.000,0.0000,3,1.0000,0.0000,0.0150,2.0000,25.0000,0.3750
41.742,1788986329.075,0.000,-1.285,385.985,0.000,0.000,0.000,0.000,0.000,0.000,0.000,0.000,0.000,0.000,0.000,0.000,0.000,0.000,0.000,0.0000,3,1.0000,0.0000,0.0150,2.0000,25.0000,0.3750
41.845,1788986329.179,0.000,-1.285,385.985,0.000,0.000,0.000,0.000,0.000,0.000,0.000,0.000,0.000,0.000,0.000,0.000,0.000,0.000,0.000,0.0000,3,1.0000,0.0000,0.0150,2.0000,25.0000,0.3750
41.958,1788986329.291,0.000,-1.285,385.985,0.000,0.000,0.000,0.000,0.000,0.000,0.000,0.000,0.000,0.000,0.000,0.000,0.000,0.000,0.000,0.0000,3,1.0000,0.0000,0.0150,2.0000,25.0000,0.3750
42.060,1788986329.393,0.000,-1.285,385.985,0.000,0.000,0.000,0.000,0.000,0.000,0.000,0.000,0.000,0.000,0.000,0.000,0.000,0.000,0.000,0.0000,3,1.0000,0.0000,0.0150,2.0000,25.0000,0.3750
42.163,1788986329.496,0.000,-1.285,385.985,0.000,0.000,0.000,0.000,0.000,0.000,0.000,0.000,0.000,0.000,0.000,0.000,0.000,0.000,0.000,0.0000,3,1.0000,0.0000,0.0150,2.0000,25.0000,0.3750
42.266,1788986329.599,0.000,-1.285,385.985,0.000,0.000,0.000,0.000,0.000,0.000,0.000,0.000,0.000,0.000,0.000,0.000,0.000,0.000,0.000,0.0000,3,1.0000,0.0000,0.0150,2.0000,25.0000,0.3750
42.391,1788986329.724,0.000,-1.285,385.985,0.000,0.000,0.000,0.000,0.000,0.000,0.000,0.000,0.000,0.000,0.000,0.000,0.000,0.000,0.000,0.0000,3,1.0000,0.0000,0.0150,2.0000,25.0000,0.3750
42.494,1788986329.827,0.000,-1.285,385.985,0.000,0.000,0.000,0.000,0.000,0.000,0.000,0.000,0.000,0.000,0.000,0.000,0.000,0.000,0.000,0.0000,3,1.0000,0.0000,0.0150,2.0000,25.0000,0.3750
42.595,1788986329.929,0.000,-1.285,385.985,0.000,0.000,0.000,0.000,0.000,0.000,0.000,0.000,0.000,0.000,0.000,0.000,0.000,0.000,0.000,0.0000,3,1.0000,0.0000,0.0150,2.0000,25.0000,0.3750
42.698,1788986330.032,0.000,-1.285,385.985,0.000,0.000,0.000,0.000,0.000,0.000,0.000,0.000,0.000,0.000,0.000,0.000,0.000,0.000,0.000,0.0000,3,1.0000,0.0000,0.0150,2.0000,25.0000,0.3750
42.807,1788986330.141,0.000,-1.285,385.985,0.000,0.000,0.000,0.000,0.000,0.000,0.000,0.000,0.000,0.000,0.000,0.000,0.000,0.000,0.000,0.0000,3,1.0000,0.0000,0.0150,2.0000,25.0000,0.3750
42.933,1788986330.266,0.000,-1.285,385.985,0.000,0.000,0.000,0.000,0.000,0.000,0.000,0.000,0.000,0.000,0.000,0.000,0.000,0.000,0.000,0.0000,3,1.0000,0.0000,0.0150,2.0000,25.0000,0.3750
43.035,1788986330.369,0.000,-1.285,385.985,0.000,0.000,0.000,0.000,0.000,0.000,0.000,0.000,0.000,0.000,0.000,0.000,0.000,0.000,0.000,0.0000,3,1.0000,0.0000,0.0150,2.0000,25.0000,0.3750
43.149,1788986330.482,0.000,-1.285,385.985,0.000,0.000,0.000,0.000,0.000,0.000,0.000,0.000,0.000,0.000,0.000,0.000,0.000,0.000,0.000,0.0000,3,1.0000,0.0000,0.0150,2.0000,25.0000,0.3750
43.252,1788986330.585,0.000,-1.285,385.985,0.000,0.000,0.000,0.000,0.000,0.000,0.000,0.000,0.000,0.000,0.000,0.000,0.000,0.000,0.000,0.0000,3,1.0000,0.0000,0.0150,2.0000,25.0000,0.3750
43.383,1788986330.717,0.000,-1.285,385.985,0.000,0.000,0.000,0.000,0.000,0.000,0.000,0.000,0.000,0.000,0.000,0.000,0.000,0.000,0.000,0.0000,3,1.0000,0.0000,0.0150,2.0000,25.0000,0.3750
43.486,1788986330.819,0.000,-1.285,385.985,0.000,0.000,0.000,0.000,0.000,0.000,0.000,0.000,0.000,0.000,0.000,0.000,0.000,0.000,0.000,0.0000,3,1.0000,0.0000,0.0150,2.0000,25.0000,0.3750
43.607,1788986330.941,0.000,-1.285,385.985,0.000,0.000,0.000,0.000,0.000,0.000,0.000,0.000,0.000,0.000,0.000,0.000,0.000,0.000,0.000,0.0000,3,1.0000,0.0000,0.0150,2.0000,25.0000,0.3750
43.710,1788986331.043,0.000,-1.285,385.985,0.000,0.000,0.000,0.000,0.000,0.000,0.000,0.000,0.000,0.000,0.000,0.000,0.000,0.000,0.000,0.0000,3,1.0000,0.0000,0.0150,2.0000,25.0000,0.3750
43.813,1788986331.146,0.000,-1.285,385.985,0.000,0.000,0.000,0.000,0.000,0.000,0.000,0.000,0.000,0.000,0.000,0.000,0.000,0.000,0.000,0.0000,3,1.0000,0.0000,0.0150,2.0000,25.0000,0.3750
43.933,1788986331.266,0.000,-1.285,385.985,0.000,0.000,0.000,0.000,0.000,0.000,0.000,0.000,0.000,0.000,0.000,0.000,0.000,0.000,0.000,0.0000,3,1.0000,0.0000,0.0150,2.0000,25.0000,0.3750
44.034,1788986331.368,0.000,-1.285,385.985,0.000,0.000,0.000,0.000,0.000,0.000,0.000,0.000,0.000,0.000,0.000,0.000,0.000,0.000,0.000,0.0000,3,1.0000,0.0000,0.0150,2.0000,25.0000,0.3750
44.140,1788986331.474,0.000,-1.285,385.985,0.000,0.000,0.000,0.000,0.000,0.000,0.000,0.000,0.000,0.000,0.000,0.000,0.000,0.000,0.000,0.0000,3,1.0000,0.0000,0.0150,2.0000,25.0000,0.3750
44.244,1788986331.577,0.000,-1.285,385.985,0.000,0.000,0.000,0.000,0.000,0.000,0.000,0.000,0.000,0.000,0.000,0.000,0.000,0.000,0.000,0.0000,3,1.0000,0.0000,0.0150,2.0000,25.0000,0.3750
44.366,1788986331.699,0.000,-1.285,385.985,0.000,0.000,0.000,0.000,0.000,0.000,0.000,0.000,0.000,0.000,0.000,0.000,0.000,0.000,0.000,0.0000,3,1.0000,0.0000,0.0150,2.0000,25.0000,0.3750
44.469,1788986331.802,0.000,-1.285,385.985,0.000,0.000,0.000,0.000,0.000,0.000,0.000,0.000,0.000,0.000,0.000,0.000,0.000,0.000,0.000,0.0000,3,1.0000,0.0000,0.0150,2.0000,25.0000,0.3750
44.572,1788986331.905,0.000,-1.285,385.985,0.000,0.000,0.000,0.000,0.000,0.000,0.000,0.000,0.000,0.000,0.000,0.000,0.000,0.000,0.000,0.0000,3,1.0000,0.0000,0.0150,2.0000,25.0000,0.3750
44.699,1788986332.032,0.000,-1.285,385.985,0.000,0.000,0.000,0.000,0.000,0.000,0.000,0.000,0.000,0.000,0.000,0.000,0.000,0.000,0.000,0.0000,3,1.0000,0.0000,0.0150,2.0000,25.0000,0.3750
44.807,1788986332.140,0.000,-1.285,385.985,0.000,0.000,0.000,0.000,0.000,0.000,0.000,0.000,0.000,0.000,0.000,0.000,0.000,0.000,0.000,0.0000,3,1.0000,0.0000,0.0150,2.0000,25.0000,0.3750
44.910,1788986332.243,0.000,-1.285,385.985,0.000,0.000,0.000,-35355.339,-35355.339,-0.000,0.000,0.000,0.000,0.000,0.000,0.000,0.000,0.000,0.000,0.0000,3,1.0000,1.0000,0.0150,2.0000,25.0000,0.3750
45.013,1788986332.346,0.000,-1.285,385.985,0.000,0.000,0.000,0.000,-50000.000,0.000,0.000,0.000,0.000,0.000,0.000,0.000,0.000,0.000,0.000,0.0000,3,1.0000,1.0000,0.0150,2.0000,25.0000,0.3750
45.140,1788986332.473,0.000,-1.285,385.985,0.000,0.000,0.000,0.000,-50000.000,0.000,0.000,0.000,0.000,0.000,0.000,0.000,0.000,0.000,0.000,0.0000,3,1.0000,1.0000,0.0150,2.0000,25.0000,0.3750
45.244,1788986332.577,0.000,-1.285,385.985,0.000,0.000,0.000,0.000,0.000,0.000,0.000,0.000,0.000,0.000,0.000,0.000,0.000,0.000,0.000,0.0000,3,1.0000,0.0000,0.0150,2.0000,25.0000,0.3750
45.357,1788986332.690,0.000,-1.285,385.985,0.000,0.000,0.000,0.000,0.000,0.000,0.000,0.000,0.000,0.000,0.000,0.000,0.000,0.000,0.000,0.0000,3,1.0000,0.0000,0.0150,2.0000,25.0000,0.3750
45.460,1788986332.793,0.000,-1.285,385.985,0.000,0.000,0.000,0.000,0.000,0.000,0.000,0.000,0.000,0.000,0.000,0.000,0.000,0.000,0.000,0.0000,3,1.0000,0.0000,0.0150,2.0000,25.0000,0.3750
45.562,1788986332.895,0.000,-1.285,385.985,0.000,0.000,0.000,0.000,0.000,0.000,0.000,0.000,0.000,0.000,0.000,0.000,0.000,0.000,0.000,0.0000,3,1.0000,0.0000,0.0150,2.0000,25.0000,0.3750
45.665,1788986332.999,0.000,-1.285,385.985,0.000,0.000,0.000,0.000,0.000,0.000,0.000,0.000,0.000,0.000,0.000,0.000,0.000,0.000,0.000,0.0000,3,1.0000,0.0000,0.0150,2.0000,25.0000,0.3750
45.790,1788986333.123,0.000,-1.285,385.985,0.000,0.000,0.000,0.000,0.000,0.000,0.000,0.000,0.000,0.000,0.000,0.000,0.000,0.000,0.000,0.0000,3,1.0000,0.0000,0.0150,2.0000,25.0000,0.3750
45.892,1788986333.225,0.000,-1.285,385.985,0.000,0.000,0.000,0.000,0.000,0.000,0.000,0.000,0.000,0.000,0.000,0.000,0.000,0.000,0.000,0.0000,3,1.0000,0.0000,0.0150,2.0000,25.0000,0.3750
46.006,1788986333.339,0.000,-1.285,385.985,0.000,0.000,0.000,0.000,0.000,0.000,0.000,0.000,0.000,0.000,0.000,0.000,0.000,0.000,0.000,0.0000,3,1.0000,0.0000,0.0150,2.0000,25.0000,0.3750
46.132,1788986333.465,0.000,-1.285,385.985,0.000,0.000,0.000,0.000,-50000.000,0.000,0.000,0.000,0.000,0.000,0.000,0.000,0.000,0.000,0.000,0.0000,3,1.0000,1.0000,0.0150,2.0000,25.0000,0.3750
46.235,1788986333.569,0.000,-1.285,385.985,0.000,0.000,0.000,50000.000,0.001,0.000,1.000,0.000,0.000,0.000,0.000,0.000,0.000,0.000,0.000,1.0000,3,1.0000,1.0000,0.0150,2.0000,25.0000,0.3750
46.348,1788986333.681,0.000,-1.285,385.985,0.000,0.000,0.000,50000.000,0.001,0.000,0.000,0.000,0.000,0.000,0.000,0.000,0.000,0.000,0.000,0.0000,3,1.0000,1.0000,0.0150,2.0000,25.0000,0.3750
46.450,1788986333.784,0.000,-1.285,385.985,0.000,0.000,0.000,0.000,-50000.000,0.000,0.000,0.000,0.000,0.000,-1.000,0.000,0.000,0.000,0.000,1.0000,3,1.0000,1.0000,0.0150,2.0000,25.0000,0.3750
46.554,1788986333.887,0.000,-1.285,385.985,0.000,0.000,0.000,0.000,-50000.000,0.000,0.000,0.000,0.000,0.000,0.000,0.000,0.000,-1.000,0.000,1.0000,3,1.0000,1.0000,0.0150,2.0000,25.0000,0.3750
46.681,1788986334.015,0.000,-1.285,385.985,0.000,0.000,0.000,0.000,-50000.000,0.000,0.000,0.000,0.000,0.000,0.000,0.000,0.000,0.000,0.000,0.0000,3,1.0000,1.0000,0.0150,2.0000,25.0000,0.3750
46.784,1788986334.117,0.000,-1.285,385.985,0.000,0.000,0.000,0.000,-50000.000,0.000,0.000,0.000,0.000,0.000,0.000,0.000,0.000,0.000,0.000,0.0000,3,1.0000,1.0000,0.0150,2.0000,25.0000,0.3750
46.906,1788986334.239,0.000,-1.285,385.985,0.000,0.000,0.000,0.000,-50000.000,0.000,0.000,0.000,0.000,0.000,0.000,0.000,0.000,0.000,0.000,0.0000,3,1.0000,1.0000,0.0150,2.0000,25.0000,0.3750
47.009,1788986334.343,0.000,-1.285,385.985,0.000,0.000,0.000,0.000,-50000.000,0.000,0.000,0.000,0.000,0.000,0.000,0.000,0.000,0.000,0.000,0.0000,3,1.0000,1.0000,0.0150,2.0000,25.0000,0.3750
47.131,1788986334.464,0.000,-1.285,385.985,0.000,0.000,0.000,0.000,-50000.000,0.000,0.000,0.000,0.000,0.000,0.000,0.000,0.000,0.000,0.000,0.0000,3,1.0000,1.0000,0.0150,2.0000,25.0000,0.3750
47.234,1788986334.568,-0.469,-1.389,385.984,-34.814,-7.736,0.000,0.000,-50000.000,0.000,0.000,0.000,0.000,0.000,0.000,0.000,0.000,0.000,0.000,0.0000,7,1.0000,1.0000,0.0150,2.0000,25.0000,0.3750
47.347,1788986334.681,-14.410,-4.487,385.984,-178.399,-39.644,0.000,35355.339,-35355.339,0.000,0.000,0.000,0.000,0.000,0.000,0.000,0.000,0.000,0.000,0.0000,3,1.0000,1.0000,0.0150,2.0000,25.0000,0.3750
47.457,1788986334.790,-32.843,-8.583,385.984,-164.512,-36.558,0.000,35355.339,-35355.339,0.000,0.000,0.000,0.000,0.000,0.000,0.000,0.000,0.000,0.000,0.0000,3,1.0000,1.0000,0.0150,2.0000,25.0000,0.3750
47.559,1788986334.892,-49.054,-12.185,385.847,-152.750,-33.889,-15.836,0.000,-50000.000,0.000,0.000,0.000,0.000,0.000,0.000,0.000,0.000,0.000,0.000,0.0000,3,1.0000,1.0000,0.0150,2.0000,25.0000,0.3750
47.673,1788986335.006,-66.785,-15.974,380.234,-164.425,-33.437,-92.674,0.000,-50000.000,0.000,0.000,0.000,0.000,0.000,0.000,0.000,0.000,0.000,0.000,0.0000,3,1.0000,1.0000,0.0150,2.0000,25.0000,0.3750
47.806,1788986335.139,-88.082,-20.246,355.851,-153.352,-30.700,-280.347,0.000,-50000.000,0.000,0.000,0.000,0.000,0.000,0.000,0.000,0.000,0.000,0.000,0.0000,3,1.0000,1.0000,0.0150,2.0000,25.0000,0.3750
47.909,1788986335.242,-103.282,-23.289,319.177,-141.932,-28.413,-431.760,0.000,-50000.000,0.000,0.000,0.000,0.000,0.000,0.000,0.000,0.000,0.000,0.000,0.0000,3,1.0000,1.0000,0.0150,2.0000,25.0000,0.3750
48.022,1788986335.356,-118.946,-26.425,259.681,-130.164,-26.058,-601.111,0.000,-50000.000,0.000,0.000,0.000,0.000,0.000,0.000,0.000,0.000,0.000,0.000,0.0000,3,1.0000,1.0000,0.0150,2.0000,25.0000,0.3750
48.125,1788986335.458,-131.461,-28.930,192.368,-120.760,-24.175,-747.819,0.000,-50000.000,0.000,0.000,0.000,0.000,0.000,0.000,0.000,0.000,0.000,0.000,0.0000,3,1.0000,1.0000,0.0150,2.0000,25.0000,0.3750
48.229,1788986335.562,-143.635,-31.367,105.896,-111.611,-22.344,-901.922,0.000,-50000.000,0.000,0.000,0.000,0.000,0.000,0.000,0.000,0.000,0.000,0.000,0.0000,3,1.0000,1.0000,0.0150,2.0000,25.0000,0.3750
48.364,1788986335.697,-147.515,-87.444,90.150,-0.007,-487.000,0.000,0.000,-50000.000,0.000,0.000,0.000,0.000,0.000,0.000,0.000,0.000,0.000,0.000,0.0000,1,1.0000,1.0000,0.0150,2.0000,25.0000,0.3750
48.467,1788986335.800,-147.515,-137.020,90.150,-0.000,-487.000,0.000,0.000,-50000.000,0.000,0.000,0.000,0.000,0.000,0.000,0.000,0.000,-1.000,0.000,1.0000,1,1.0000,1.0000,0.0150,2.0000,25.0000,0.3750
48.581,1788986335.914,-147.515,-192.539,90.150,-0.000,-487.000,0.000,0.000,-50000.000,0.000,0.000,0.000,0.000,0.000,0.000,0.000,0.000,0.000,0.000,0.0000,1,1.0000,1.0000,0.0150,2.0000,25.0000,0.3750
48.697,1788986336.030,-147.515,-249.113,90.150,-0.000,-487.000,0.000,0.000,-50000.000,0.000,0.000,0.000,0.000,0.000,0.000,0.000,0.000,0.000,0.000,0.0000,1,1.0000,1.0000,0.0150,2.0000,25.0000,0.3750
48.806,1788986336.139,-147.515,-301.883,90.150,0.000,-487.000,0.000,0.000,-50000.000,0.000,0.000,-1.000,0.000,0.000,0.000,0.000,0.000,0.000,0.000,1.0000,1,1.0000,1.0000,0.0150,2.0000,25.0000,0.3750
48.909,1788986336.242,-147.515,-351.707,90.150,0.000,-487.000,0.000,0.000,-50000.000,0.000,0.000,0.000,0.000,0.000,0.000,0.000,0.000,0.000,0.000,0.0000,1,1.0000,1.0000,0.0150,2.0000,25.0000,0.3750
49.039,1788986336.372,-147.515,-416.936,90.150,0.000,-487.000,0.000,0.000,-50000.000,0.000,0.000,0.000,0.000,0.000,0.000,0.000,0.000,-1.000,0.000,1.0000,1,1.0000,1.0000,0.0150,2.0000,25.0000,0.3750
49.142,1788986336.475,-147.515,-464.796,90.150,0.000,-487.000,0.000,0.000,-50000.000,0.000,0.000,0.000,0.000,0.000,0.000,0.000,0.000,0.000,0.000,0.0000,1,1.0000,1.0000,0.0150,2.0000,25.0000,0.3750
49.245,1788986336.578,-147.515,-516.324,90.150,0.000,-487.000,0.000,0.000,-50000.000,0.000,0.000,0.000,0.000,0.000,0.000,0.000,0.000,0.000,0.000,0.0000,1,1.0000,1.0000,0.0150,2.0000,25.0000,0.3750
49.347,1788986336.681,-147.515,-565.065,90.150,0.000,-487.000,0.000,0.000,-50000.000,0.000,0.000,0.000,0.000,0.000,0.000,0.000,0.000,0.000,0.000,0.0000,1,1.0000,1.0000,0.0150,2.0000,25.0000,0.3750
49.455,1788986336.788,-147.515,-607.778,90.150,0.000,-123.287,0.000,0.000,0.000,0.000,0.000,0.000,0.000,0.000,0.000,0.000,0.000,0.000,0.000,0.0000,1,1.0000,0.0000,0.0150,2.0000,25.0000,0.3750
49.558,1788986336.891,-147.515,-609.732,90.150,0.000,0.000,0.000,0.000,0.000,0.000,0.000,0.000,0.000,0.000,0.000,0.000,0.000,0.000,0.000,0.0000,1,1.0000,0.0000,0.0150,2.0000,25.0000,0.3750
49.672,1788986337.005,-147.515,-609.732,90.150,0.000,0.000,0.000,0.000,0.000,0.000,0.000,0.000,0.000,0.000,0.000,0.000,0.000,0.000,0.000,0.0000,1,1.0000,0.0000,0.0150,2.0000,25.0000,0.3750
49.788,1788986337.122,-147.515,-609.732,90.150,0.000,0.000,0.000,0.000,0.000,0.000,0.000,0.000,0.000,0.000,0.000,0.000,0.000,0.000,0.000,0.0000,1,1.0000,0.0000,0.0150,2.0000,25.0000,0.3750
49.890,1788986337.224,-147.515,-609.732,90.150,0.000,0.000,0.000,0.000,0.000,0.000,0.000,0.000,0.000,0.000,0.000,0.000,0.000,0.000,0.000,0.0000,1,1.0000,0.0000,0.0150,2.0000,25.0000,0.3750
49.993,1788986337.326,-147.515,-609.732,90.150,0.000,0.000,0.000,0.000,0.000,0.000,0.000,0.000,0.000,0.000,0.000,0.000,0.000,0.000,0.000,0.0000,1,1.0000,0.0000,0.0150,2.0000,25.0000,0.3750
50.122,1788986337.455,-147.515,-609.732,90.150,0.000,0.000,0.000,0.000,0.000,0.000,0.000,0.000,0.000,0.000,0.000,0.000,0.000,0.000,0.000,0.0000,1,1.0000,0.0000,0.0150,2.0000,25.0000,0.3750
50.225,1788986337.558,-109.221,-609.732,90.150,487.000,0.000,0.000,50000.000,0.001,0.000,0.000,0.000,0.000,0.000,0.000,0.000,0.000,0.000,0.000,0.0000,1,1.0000,1.0000,0.0150,2.0000,25.0000,0.3750
50.363,1788986337.696,-42.295,-609.732,90.150,487.000,0.000,0.000,50000.000,0.001,0.000,0.000,0.000,0.000,0.000,0.000,0.000,0.000,0.000,0.000,0.0000,1,1.0000,1.0000,0.0150,2.0000,25.0000,0.3750
50.467,1788986337.800,6.830,-609.732,90.150,487.000,0.000,0.000,50000.000,0.001,0.000,0.000,0.000,0.000,0.000,0.000,0.000,0.000,0.000,0.000,0.0000,1,1.0000,1.0000,0.0150,2.0000,25.0000,0.3750
50.569,1788986337.902,38.771,-609.732,90.150,62.312,0.000,0.000,0.000,0.000,0.000,0.000,0.000,0.000,0.000,0.000,0.000,0.000,0.000,0.000,0.0000,1,1.0000,0.0000,0.0150,2.0000,25.0000,0.3750
50.697,1788986338.030,39.315,-609.732,90.150,0.000,0.000,0.000,0.000,0.000,0.000,0.000,0.000,0.000,0.000,0.000,0.000,0.000,0.000,0.000,0.0000,1,1.0000,0.0000,0.0150,2.0000,25.0000,0.3750
50.800,1788986338.133,39.315,-609.732,90.150,0.000,0.000,0.000,0.000,0.000,0.000,0.000,0.000,0.000,0.000,0.000,0.000,0.000,0.000,0.000,0.0000,1,1.0000,0.0000,0.0150,2.0000,25.0000,0.3750
50.913,1788986338.246,39.315,-609.732,90.150,0.000,0.000,0.000,0.000,0.000,0.000,0.000,0.000,0.000,0.000,0.000,0.000,0.000,0.000,0.000,0.0000,1,1.0000,0.0000,0.0150,2.0000,25.0000,0.3750
51.030,1788986338.363,39.315,-609.732,90.150,0.000,0.000,0.000,0.000,0.000,0.000,0.000,0.000,0.000,0.000,0.000,0.000,0.000,0.000,0.000,0.0000,1,1.0000,0.0000,0.0150,2.0000,25.0000,0.3750
51.155,1788986338.489,39.315,-609.732,90.150,0.000,0.000,0.000,0.000,0.000,0.000,0.000,0.000,0.000,0.000,0.000,0.000,0.000,0.000,0.000,0.0000,1,1.0000,0.0000,0.0150,2.0000,25.0000,0.3750
51.263,1788986338.596,39.315,-609.732,90.150,0.000,0.000,0.000,0.000,0.000,0.000,0.000,0.000,0.000,0.000,0.000,0.000,0.000,0.000,0.000,0.0000,1,1.0000,0.0000,0.0150,2.0000,25.0000,0.3750
51.365,1788986338.698,39.315,-566.410,90.150,0.000,487.000,0.000,-0.000,50000.000,0.000,0.000,0.000,0.000,0.000,0.000,0.000,0.000,0.000,0.000,0.0000,1,1.0000,1.0000,0.0150,2.0000,25.0000,0.3750
51.469,1788986338.802,39.315,-516.547,90.150,0.000,487.000,0.000,-0.000,50000.000,0.000,0.000,0.000,0.000,0.000,0.000,0.000,0.000,0.000,0.000,0.0000,1,1.0000,1.0000,0.0150,2.0000,25.0000,0.3750
51.572,1788986338.905,39.315,-465.216,90.150,0.000,487.000,0.000,-0.000,50000.000,0.000,0.000,0.000,0.000,0.000,0.000,0.000,-0.000,1.000,0.000,1.0000,1,1.0000,1.0000,0.0150,2.0000,25.0000,0.3750
51.687,1788986339.021,39.315,-414.429,90.150,0.000,355.655,0.000,0.000,0.000,0.000,0.000,0.000,0.000,0.000,0.000,0.000,0.000,0.000,0.000,0.0000,1,1.0000,0.0000,0.0150,2.0000,25.0000,0.3750
51.791,1788986339.124,39.315,-404.613,90.150,0.000,0.000,0.000,0.000,0.000,0.000,0.000,0.000,0.000,0.000,0.000,0.000,0.000,0.000,0.000,0.0000,1,1.0000,0.0000,0.0150,2.0000,25.0000,0.3750
51.904,1788986339.237,26.562,-404.613,90.150,-487.000,-0.000,0.000,-50000.000,-0.001,0.000,0.000,0.000,0.000,0.000,0.000,0.000,0.000,0.000,0.000,0.0000,1,1.0000,1.0000,0.0150,2.0000,25.0000,0.3750
52.021,1788986339.355,-22.270,-420.368,90.150,-346.290,-342.421,0.000,-35355.339,-35355.339,0.000,0.000,0.000,0.000,0.000,0.000,0.000,0.000,0.000,0.000,0.0000,1,1.0000,1.0000,0.0150,2.0000,25.0000,0.3750
52.124,1788986339.457,-58.805,-456.870,90.150,-344.361,-344.361,0.000,-35355.339,-35355.339,0.000,0.000,0.000,0.000,-1.000,-1.000,-0.000,0.000,0.000,0.000,1.4142,1,1.0000,1.0000,0.0150,2.0000,25.0000,0.3750
52.237,1788986339.571,-101.500,-487.806,90.150,-486.471,-22.702,0.000,-50000.000,-0.001,0.000,0.000,0.000,0.000,0.000,0.000,0.000,0.000,0.000,0.000,0.0000,1,1.0000,1.0000,0.0150,2.0000,25.0000,0.3750
52.354,1788986339.687,-157.588,-488.002,90.150,-487.000,-0.001,0.000,-50000.000,-0.001,0.000,0.000,0.000,0.000,0.000,0.000,0.000,0.000,0.000,0.000,0.0000,1,1.0000,1.0000,0.0150,2.0000,25.0000,0.3750
52.479,1788986339.813,-218.692,-488.002,90.150,-487.000,-0.000,0.000,-50000.000,-0.001,0.000,0.000,0.000,0.000,0.000,0.000,0.000,0.000,0.000,0.000,0.0000,1,1.0000,1.0000,0.0150,2.0000,25.0000,0.3750
52.582,1788986339.915,-271.029,-488.002,90.150,-487.000,-0.000,0.000,-50000.000,-0.001,0.000,0.000,0.000,0.000,0.000,0.000,0.000,0.000,0.000,0.000,0.0000,1,1.0000,1.0000,0.0150,2.0000,25.0000,0.3750
52.696,1788986340.029,-324.797,-488.002,90.150,-487.000,-0.000,0.000,-50000.000,-0.001,0.000,0.000,0.000,0.000,-1.000,-0.000,-0.000,0.000,0.000,0.000,1.0000,1,1.0000,1.0000,0.0150,2.0000,25.0000,0.3750
52.800,1788986340.133,-347.270,-488.002,90.150,0.000,0.000,0.000,0.000,0.000,0.000,0.000,0.000,0.000,0.000,0.000,0.000,0.000,0.000,0.000,0.0000,1,1.0000,0.0000,0.0150,2.0000,25.0000,0.3750
52.912,1788986340.246,-347.270,-469.496,90.150,0.000,487.000,0.000,-0.000,50000.000,0.000,0.000,0.000,0.000,0.000,0.000,0.000,0.000,0.000,0.000,0.0000,1,1.0000,1.0000,0.0150,2.0000,25.0000,0.3750
53.015,1788986340.349,-347.270,-418.495,90.150,0.000,487.000,0.000,-0.000,50000.000,0.000,0.000,0.000,0.000,0.000,0.000,0.000,0.000,0.000,0.000,0.0000,1,1.0000,1.0000,0.0150,2.0000,25.0000,0.3750
53.118,1788986340.451,-371.142,-377.068,90.150,-344.122,344.600,0.000,-35355.339,35355.339,0.000,0.000,0.000,0.000,0.000,0.000,0.000,0.000,0.000,0.000,0.0000,1,1.0000,1.0000,0.0150,2.0000,25.0000,0.3750
53.221,1788986340.554,-405.834,-342.373,90.150,-344.361,344.361,0.000,-35355.339,35355.339,0.000,0.000,0.000,0.000,-1.000,1.000,-0.000,0.000,0.000,0.000,1.4142,1,1.0000,1.0000,0.0150,2.0000,25.0000,0.3750
53.354,1788986340.687,-451.851,-296.355,90.150,-344.361,344.361,0.000,-35355.339,35355.339,0.000,0.000,0.000,0.000,0.000,0.000,0.000,0.000,0.000,0.000,0.0000,1,1.0000,1.0000,0.0150,2.0000,25.0000,0.3750
53.456,1788986340.790,-487.783,-260.424,90.150,-344.361,344.361,0.000,-35355.339,35355.339,0.000,0.000,0.000,0.000,0.000,0.000,0.000,0.000,0.000,0.000,0.0000,1,1.0000,1.0000,0.0150,2.0000,25.0000,0.3750
53.571,1788986340.904,-539.699,-251.292,90.150,-487.000,0.057,0.000,-50000.000,-0.001,0.000,0.000,0.000,0.000,0.000,0.000,0.000,0.000,0.000,0.000,0.0000,1,1.0000,1.0000,0.0150,2.0000,25.0000,0.3750
53.679,1788986341.012,-560.744,-251.291,90.150,0.000,0.000,0.000,0.000,0.000,0.000,0.000,0.000,0.000,0.000,0.000,0.000,0.000,0.000,0.000,0.0000,1,1.0000,0.0000,0.0150,2.0000,25.0000,0.3750
53.782,1788986341.115,-560.744,-251.291,90.150,0.000,0.000,0.000,0.000,0.000,0.000,0.000,0.000,0.000,0.000,0.000,0.000,0.000,0.000,0.000,0.0000,1,1.0000,0.0000,0.0150,2.0000,25.0000,0.3750
53.885,1788986341.218,-560.744,-251.291,90.150,0.000,0.000,0.000,0.000,0.000,0.000,0.000,0.000,0.000,0.000,0.000,0.000,0.000,0.000,0.000,0.0000,1,1.0000,0.0000,0.0150,2.0000,25.0000,0.3750
54.020,1788986341.353,-560.744,-251.291,90.150,0.000,0.000,0.000,0.000,0.000,0.000,0.000,0.000,0.000,0.000,0.000,0.000,0.000,0.000,0.000,0.0000,1,1.0000,0.0000,0.0150,2.0000,25.0000,0.3750
54.123,1788986341.456,-560.744,-251.291,90.150,0.000,0.000,0.000,0.000,0.000,0.000,0.000,0.000,0.000,0.000,0.000,0.000,0.000,0.000,0.000,0.0000,1,1.0000,0.0000,0.0150,2.0000,25.0000,0.3750
54.236,1788986341.569,-560.744,-251.291,90.150,0.000,0.000,0.000,0.000,0.000,0.000,0.000,0.000,0.000,0.000,0.000,0.000,0.000,0.000,0.000,0.0000,1,1.0000,0.0000,0.0150,2.0000,25.0000,0.3750
54.353,1788986341.687,-573.125,-273.301,90.150,-339.209,-349.437,0.000,-35355.339,-35355.339,0.000,0.000,0.000,0.000,0.000,0.000,0.000,0.000,0.000,0.000,0.0000,1,1.0000,1.0000,0.0150,2.0000,25.0000,0.3750
54.495,1788986341.828,-621.934,-322.199,90.150,-344.361,-344.361,0.000,-35355.339,-35355.339,0.000,0.000,0.000,0.000,0.000,0.000,0.000,0.000,0.000,0.000,0.0000,1,1.0000,1.0000,0.0150,2.0000,25.0000,0.3750
54.599,1788986341.932,-658.021,-358.286,90.150,-344.361,-344.361,0.000,-35355.339,-35355.339,0.000,0.000,0.000,0.000,0.000,0.000,0.000,0.000,0.000,0.000,0.0000,1,1.0000,1.0000,0.0150,2.0000,25.0000,0.3750
54.701,1788986342.035,-692.498,-392.764,90.150,-344.361,-344.361,0.000,-35355.339,-35355.339,0.000,-1.000,-1.000,-0.000,0.000,0.000,0.000,0.000,0.000,0.000,1.4142,1,1.0000,1.0000,0.0150,2.0000,25.0000,0.3750
54.836,1788986342.169,-740.171,-440.437,90.150,-344.361,-344.361,0.000,-35355.339,-35355.339,0.000,0.000,0.000,0.000,0.000,0.000,0.000,0.000,0.000,0.000,0.0000,1,1.0000,1.0000,0.0150,2.0000,25.0000,0.3750
54.939,1788986342.272,-777.523,-473.402,90.150,-345.682,-343.035,0.000,-35355.339,-35355.339,0.000,0.000,0.000,0.000,0.000,0.000,0.000,0.000,0.000,0.000,0.0000,1,1.0000,1.0000,0.0150,2.0000,25.0000,0.3750
55.053,1788986342.387,-816.307,-512.164,90.150,-344.361,-344.361,0.000,-35355.339,-35355.339,0.000,0.000,0.000,0.000,0.000,0.000,0.000,0.000,0.000,0.000,0.0000,1,1.0000,1.0000,0.0150,2.0000,25.0000,0.3750
55.157,1788986342.490,-853.358,-546.764,90.150,-461.662,-155.040,0.000,-50000.000,-0.001,0.000,0.000,0.000,0.000,0.000,0.000,0.000,0.000,0.000,0.000,0.0000,1,1.0000,1.0000,0.0150,2.0000,25.0000,0.3750
55.259,1788986342.592,-893.635,-548.143,90.150,-180.480,-0.313,0.000,0.000,0.000,0.000,0.000,0.000,0.000,0.000,0.000,0.000,0.000,0.000,0.000,0.0000,1,1.0000,0.0000,0.0150,2.0000,25.0000,0.3750
55.362,1788986342.695,-893.412,-548.149,90.150,487.000,0.000,0.000,50000.000,0.001,0.000,0.000,0.000,0.000,0.000,0.000,0.000,0.000,0.000,0.000,0.0000,1,1.0000,1.0000,0.0150,2.0000,25.0000,0.3750
55.464,1788986342.798,-842.268,-548.149,90.150,487.000,0.000,0.000,50000.000,0.001,0.000,0.000,0.000,0.000,0.000,0.000,0.000,0.000,0.000,0.000,0.0000,1,1.0000,1.0000,0.0150,2.0000,25.0000,0.3750
55.567,1788986342.900,-792.329,-548.149,90.150,487.000,0.000,0.000,50000.000,0.001,0.000,0.000,0.000,0.000,1.000,0.000,0.000,0.000,0.000,0.000,1.0000,1,1.0000,1.0000,0.0150,2.0000,25.0000,0.3750
55.670,1788986343.003,-776.072,-585.498,90.150,0.543,-487.000,0.000,0.000,-50000.000,0.000,0.000,0.000,0.000,0.000,0.000,0.000,0.000,0.000,0.000,0.0000,1,1.0000,1.0000,0.0150,2.0000,25.0000,0.3750
55.795,1788986343.128,-776.067,-645.382,90.150,0.000,-487.000,0.000,0.000,-50000.000,0.000,0.000,0.000,0.000,0.000,0.000,0.000,0.000,0.000,0.000,0.0000,1,1.0000,1.0000,0.0150,2.0000,25.0000,0.3750
55.897,1788986343.230,-776.067,-697.460,90.150,0.000,-487.000,0.000,0.000,-50000.000,0.000,0.000,0.000,0.000,0.000,0.000,0.000,0.000,-1.000,0.000,1.0000,1,1.0000,1.0000,0.0150,2.0000,25.0000,0.3750
56.019,1788986343.352,-776.067,-756.015,90.150,0.000,-487.000,0.000,0.000,-50000.000,0.000,0.000,0.000,0.000,0.000,0.000,0.000,0.000,0.000,0.000,0.0000,1,1.0000,1.0000,0.0150,2.0000,25.0000,0.3750
56.122,1788986343.456,-776.067,-807.858,90.150,0.000,-487.000,0.000,0.000,-50000.000,0.000,0.000,0.000,0.000,0.000,0.000,0.000,0.000,0.000,0.000,0.0000,1,1.0000,1.0000,0.0150,2.0000,25.0000,0.3750
56.244,1788986343.577,-776.067,-865.383,90.150,0.000,-487.000,0.000,0.000,-50000.000,0.000,0.000,0.000,0.000,0.000,0.000,0.000,0.000,0.000,0.000,0.0000,1,1.0000,1.0000,0.0150,2.0000,25.0000,0.3750
56.369,1788986343.702,-776.067,-926.496,90.150,0.000,-487.000,0.000,0.000,-50000.000,0.000,0.000,0.000,0.000,0.000,0.000,0.000,0.000,0.000,0.000,0.0000,1,1.0000,1.0000,0.0150,2.0000,25.0000,0.3750
56.471,1788986343.805,-776.067,-976.033,90.150,0.000,-487.000,0.000,0.000,-50000.000,0.000,0.000,-1.000,0.000,0.000,0.000,0.000,0.000,0.000,0.000,1.0000,1,1.0000,1.0000,0.0150,2.0000,25.0000,0.3750
56.573,1788986343.907,-776.067,-1027.208,90.150,0.000,-487.000,0.000,0.000,-50000.000,0.000,0.000,0.000,0.000,0.000,0.000,0.000,0.000,0.000,0.000,0.0000,1,1.0000,1.0000,0.0150,2.0000,25.0000,0.3750
56.677,1788986344.010,-776.067,-1074.192,90.150,0.000,-487.000,0.000,0.000,-50000.000,0.000,0.000,0.000,0.000,0.000,0.000,0.000,0.000,0.000,0.000,0.0000,1,1.0000,1.0000,0.0150,2.0000,25.0000,0.3750
56.810,1788986344.144,-776.067,-1140.902,90.150,0.000,-487.000,0.000,0.000,-50000.000,0.000,0.000,0.000,0.000,0.000,0.000,0.000,0.000,0.000,0.000,0.0000,1,1.0000,1.0000,0.0150,2.0000,25.0000,0.3750
56.914,1788986344.247,-776.067,-1191.634,90.150,0.000,-487.000,0.000,0.000,-50000.000,0.000,0.000,-1.000,0.000,0.000,0.000,0.000,0.000,0.000,0.000,1.0000,1,1.0000,1.0000,0.0150,2.0000,25.0000,0.3750
57.017,1788986344.350,-776.067,-1241.922,90.150,0.000,-487.000,0.000,0.000,-50000.000,0.000,0.000,0.000,0.000,0.000,0.000,0.000,0.000,0.000,0.000,0.0000,1,1.0000,1.0000,0.0150,2.0000,25.0000,0.3750
57.119,1788986344.452,-776.067,-1292.654,90.150,0.000,-487.000,0.000,0.000,-50000.000,0.000,0.000,0.000,0.000,0.000,0.000,0.000,0.000,0.000,0.000,0.0000,1,1.0000,1.0000,0.0150,2.0000,25.0000,0.3750
57.227,1788986344.561,-776.067,-1345.207,90.150,0.000,-487.000,0.000,0.000,-50000.000,0.000,0.000,0.000,0.000,0.000,0.000,0.000,0.000,0.000,0.000,0.0000,1,1.0000,1.0000,0.0150,2.0000,25.0000,0.3750
57.344,1788986344.677,-776.067,-1400.492,90.150,0.000,-487.000,0.000,0.000,-50000.000,0.000,0.000,0.000,0.000,0.000,0.000,0.000,0.000,0.000,0.000,0.0000,1,1.0000,1.0000,0.0150,2.0000,25.0000,0.3750
57.452,1788986344.785,-776.067,-1454.291,90.150,0.000,-487.000,0.000,0.000,-50000.000,0.000,0.000,0.000,0.000,0.000,-1.000,0.000,0.000,0.000,0.000,1.0000,1,1.0000,1.0000,0.0150,2.0000,25.0000,0.3750
57.555,1788986344.888,-776.067,-1472.570,90.150,0.000,0.000,0.000,0.000,0.000,0.000,0.000,0.000,0.000,0.000,0.000,0.000,0.000,0.000,0.000,0.0000,1,1.0000,0.0000,0.0150,2.0000,25.0000,0.3750
57.661,1788986344.994,-776.067,-1472.570,90.150,0.000,0.000,0.000,0.000,0.000,0.000,0.000,0.000,0.000,0.000,0.000,0.000,0.000,0.000,0.000,0.0000,1,1.0000,0.0000,0.0150,2.0000,25.0000,0.3750
57.777,1788986345.110,-776.067,-1472.570,90.150,0.000,0.000,0.000,0.000,0.000,0.000,0.000,0.000,0.000,0.000,0.000,0.000,0.000,0.000,0.000,0.0000,1,1.0000,0.0000,0.0150,2.0000,25.0000,0.3750
57.879,1788986345.212,-776.067,-1472.570,90.150,0.000,0.000,0.000,0.000,0.000,0.000,0.000,0.000,0.000,0.000,0.000,0.000,0.000,0.000,0.000,0.0000,1,1.0000,0.0000,0.0150,2.0000,25.0000,0.3750
57.981,1788986345.314,-776.067,-1472.570,90.150,0.000,0.000,0.000,0.000,0.000,0.000,0.000,0.000,0.000,0.000,0.000,0.000,0.000,0.000,0.000,0.0000,1,1.0000,0.0000,0.0150,2.0000,25.0000,0.3750
58.094,1788986345.427,-776.067,-1472.570,90.150,0.000,0.000,0.000,0.000,0.000,0.000,0.000,0.000,0.000,0.000,0.000,0.000,0.000,0.000,0.000,0.0000,1,1.0000,0.0000,0.0150,2.0000,25.0000,0.3750
58.211,1788986345.544,-776.067,-1472.570,90.150,0.000,0.000,0.000,0.000,0.000,0.000,0.000,0.000,0.000,0.000,0.000,0.000,0.000,0.000,0.000,0.0000,1,1.0000,0.0000,0.0150,2.0000,25.0000,0.3750
58.314,1788986345.647,-776.067,-1472.570,90.150,0.000,0.000,0.000,0.000,0.000,0.000,0.000,0.000,0.000,0.000,0.000,0.000,0.000,0.000,0.000,0.0000,1,1.0000,0.0000,0.0150,2.0000,25.0000,0.3750
58.417,1788986345.750,-776.067,-1472.570,90.150,0.000,0.000,0.000,0.000,0.000,0.000,0.000,0.000,0.000,0.000,0.000,0.000,0.000,0.000,0.000,0.0000,1,1.0000,0.0000,0.0150,2.0000,25.0000,0.3750
58.527,1788986345.860,-776.067,-1472.570,90.150,0.000,0.000,0.000,0.000,0.000,0.000,0.000,0.000,0.000,0.000,0.000,0.000,0.000,0.000,0.000,0.0000,1,1.0000,0.0000,0.0150,2.0000,25.0000,0.3750
58.630,1788986345.964,-776.067,-1472.570,90.150,0.000,0.000,0.000,0.000,0.000,0.000,0.000,0.000,0.000,0.000,0.000,0.000,0.000,0.000,0.000,0.0000,1,1.0000,0.0000,0.0150,2.0000,25.0000,0.3750
58.733,1788986346.067,-776.067,-1472.570,90.150,0.000,0.000,0.000,0.000,0.000,0.000,0.000,0.000,0.000,0.000,0.000,0.000,0.000,0.000,0.000,0.0000,1,1.0000,0.0000,0.0150,2.0000,25.0000,0.3750
58.860,1788986346.193,-776.067,-1472.570,90.150,0.000,0.000,0.000,0.000,0.000,0.000,0.000,0.000,0.000,0.000,0.000,0.000,0.000,0.000,0.000,0.0000,1,1.0000,0.0000,0.0150,2.0000,25.0000,0.3750
58.963,1788986346.297,-776.067,-1472.570,90.150,0.000,0.000,0.000,0.000,0.000,0.000,0.000,0.000,0.000,0.000,0.000,0.000,0.000,0.000,0.000,0.0000,1,1.0000,0.0000,0.0150,2.0000,25.0000,0.3750
59.066,1788986346.399,-776.067,-1472.570,90.150,0.000,0.000,0.000,0.000,0.000,0.000,0.000,0.000,0.000,0.000,0.000,0.000,0.000,0.000,0.000,0.0000,1,1.0000,0.0000,0.0150,2.0000,25.0000,0.3750
59.193,1788986346.526,-776.067,-1472.570,90.150,0.000,0.000,0.000,0.000,0.000,0.000,0.000,0.000,0.000,0.000,0.000,0.000,0.000,0.000,0.000,0.0000,1,1.0000,0.0000,0.0150,2.0000,25.0000,0.3750
59.297,1788986346.630,-776.067,-1472.570,90.150,0.000,0.000,0.000,0.000,0.000,0.000,0.000,0.000,0.000,0.000,0.000,0.000,0.000,0.000,0.000,0.0000,1,1.0000,0.0000,0.0150,2.0000,25.0000,0.3750
59.400,1788986346.733,-776.067,-1472.570,90.150,0.000,0.000,0.000,0.000,0.000,0.000,0.000,0.000,0.000,0.000,0.000,0.000,0.000,0.000,0.000,0.0000,1,1.0000,0.0000,0.0150,2.0000,25.0000,0.3750
59.503,1788986346.836,-776.067,-1472.570,90.150,0.000,0.000,0.000,0.000,0.000,0.000,0.000,0.000,0.000,0.000,0.000,0.000,0.000,0.000,0.000,0.0000,1,1.0000,0.0000,0.0150,2.0000,25.0000,0.3750
59.627,1788986346.960,-776.067,-1472.570,90.150,0.000,0.000,0.000,0.000,0.000,0.000,0.000,0.000,0.000,0.000,0.000,0.000,0.000,0.000,0.000,0.0000,1,1.0000,0.0000,0.0150,2.0000,25.0000,0.3750
59.734,1788986347.068,-776.067,-1472.570,90.150,0.000,0.000,0.000,0.000,0.000,0.000,0.000,0.000,0.000,0.000,0.000,0.000,0.000,0.000,0.000,0.0000,1,1.0000,0.0000,0.0150,2.0000,25.0000,0.3750
59.837,1788986347.170,-776.067,-1472.570,90.150,0.000,0.000,0.000,0.000,0.000,0.000,0.000,0.000,0.000,0.000,0.000,0.000,0.000,0.000,0.000,0.0000,1,1.0000,0.0000,0.0150,2.0000,25.0000,0.3750
59.940,1788986347.273,-776.067,-1472.570,90.150,0.000,0.000,0.000,0.000,0.000,0.000,0.000,0.000,0.000,0.000,0.000,0.000,0.000,0.000,0.000,0.0000,1,1.0000,0.0000,0.0150,2.0000,25.0000,0.3750
60.051,1788986347.384,-776.067,-1472.570,90.150,0.000,0.000,0.000,0.000,0.000,0.000,0.000,0.000,0.000,0.000,0.000,0.000,0.000,0.000,0.000,0.0000,1,1.0000,0.0000,0.0150,2.0000,25.0000,0.3750
60.168,1788986347.501,-776.067,-1472.570,90.150,0.000,0.000,0.000,0.000,0.000,0.000,0.000,0.000,0.000,0.000,0.000,0.000,0.000,0.000,0.000,0.0000,1,1.0000,0.0000,0.0150,2.0000,25.0000,0.3750
60.270,1788986347.604,-776.067,-1472.570,90.150,0.000,0.000,0.000,0.000,0.000,0.000,0.000,0.000,0.000,0.000,0.000,0.000,0.000,0.000,0.000,0.0000,1,1.0000,0.0000,0.0150,2.0000,25.0000,0.3750
60.373,1788986347.707,-776.067,-1472.570,90.150,0.000,0.000,0.000,0.000,0.000,0.000,0.000,0.000,0.000,0.000,0.000,0.000,0.000,0.000,0.000,0.0000,1,1.0000,0.0000,0.0150,2.0000,25.0000,0.3750
60.477,1788986347.810,-776.067,-1472.570,90.150,0.000,0.000,0.000,0.000,0.000,0.000,0.000,0.000,0.000,0.000,0.000,0.000,0.000,0.000,0.000,0.0000,1,1.0000,0.0000,0.0150,2.0000,25.0000,0.3750
60.593,1788986347.926,-776.067,-1472.570,90.150,0.000,0.000,0.000,0.000,0.000,0.000,0.000,0.000,0.000,0.000,0.000,0.000,0.000,0.000,0.000,0.0000,1,1.0000,0.0000,0.0150,2.0000,25.0000,0.3750
60.696,1788986348.029,-776.067,-1472.570,90.150,0.000,0.000,0.000,0.000,0.000,0.000,0.000,0.000,0.000,0.000,0.000,0.000,0.000,0.000,0.000,0.0000,1,1.0000,0.0000,0.0150,2.0000,25.0000,0.3750
60.809,1788986348.142,-776.067,-1472.570,90.150,0.000,0.000,0.000,0.000,0.000,0.000,0.000,0.000,0.000,0.000,0.000,0.000,0.000,0.000,0.000,0.0000,1,1.0000,0.0000,0.0150,2.0000,25.0000,0.3750
60.926,1788986348.259,-776.067,-1472.570,90.150,0.000,0.000,0.000,0.000,0.000,0.000,0.000,0.000,0.000,0.000,0.000,0.000,0.000,0.000,0.000,0.0000,1,1.0000,0.0000,0.0150,2.0000,25.0000,0.3750
61.043,1788986348.376,-776.067,-1472.570,90.150,0.000,0.000,0.000,0.000,0.000,0.000,0.000,0.000,0.000,0.000,0.000,0.000,0.000,0.000,0.000,0.0000,1,1.0000,0.0000,0.0150,2.0000,25.0000,0.3750
61.146,1788986348.479,-776.067,-1472.570,90.150,0.000,0.000,0.000,0.000,0.000,0.000,0.000,0.000,0.000,0.000,0.000,0.000,0.000,0.000,0.000,0.0000,1,1.0000,0.0000,0.0150,2.0000,25.0000,0.3750
61.259,1788986348.592,-776.067,-1472.570,90.150,0.000,0.000,0.000,0.000,0.000,0.000,0.000,0.000,0.000,0.000,0.000,0.000,0.000,0.000,0.000,0.0000,1,1.0000,0.0000,0.0150,2.0000,25.0000,0.3750
61.376,1788986348.709,-776.067,-1472.570,90.150,0.000,0.000,0.000,0.000,0.000,0.000,0.000,0.000,0.000,0.000,0.000,0.000,0.000,0.000,0.000,0.0000,1,1.0000,0.0000,0.0150,2.0000,25.0000,0.3750
61.478,1788986348.812,-776.067,-1472.570,90.150,0.000,0.000,0.000,0.000,0.000,0.000,0.000,0.000,0.000,0.000,0.000,0.000,0.000,0.000,0.000,0.0000,1,1.0000,0.0000,0.0150,2.0000,25.0000,0.3750
61.581,1788986348.914,-776.067,-1472.570,90.150,0.000,0.000,0.000,0.000,0.000,0.000,0.000,0.000,0.000,0.000,0.000,0.000,0.000,0.000,0.000,0.0000,1,1.0000,0.0000,0.0150,2.0000,25.0000,0.3750
61.725,1788986349.058,-776.067,-1472.570,90.150,0.000,0.000,0.000,0.000,0.000,0.000,0.000,0.000,0.000,0.000,0.000,0.000,0.000,0.000,0.000,0.0000,1,1.0000,0.0000,0.0150,2.0000,25.0000,0.3750
61.828,1788986349.161,-776.067,-1472.570,90.150,0.000,0.000,0.000,0.000,0.000,0.000,0.000,0.000,0.000,0.000,0.000,0.000,0.000,0.000,0.000,0.0000,1,1.0000,0.0000,0.0150,2.0000,25.0000,0.3750
61.942,1788986349.275,-776.067,-1472.570,90.150,0.000,0.000,0.000,0.000,0.000,0.000,0.000,0.000,0.000,0.000,0.000,0.000,0.000,0.000,0.000,0.0000,1,1.0000,0.0000,0.0150,2.0000,25.0000,0.3750
62.059,1788986349.392,-776.067,-1472.570,90.150,0.000,0.000,0.000,0.000,0.000,0.000,0.000,0.000,0.000,0.000,0.000,0.000,0.000,0.000,0.000,0.0000,1,1.0000,0.0000,0.0150,2.0000,25.0000,0.3750
62.175,1788986349.509,-776.067,-1472.570,90.150,0.000,0.000,0.000,0.000,0.000,0.000,0.000,0.000,0.000,0.000,0.000,0.000,0.000,0.000,0.000,0.0000,1,1.0000,0.0000,0.0150,2.0000,25.0000,0.3750
62.292,1788986349.625,-776.067,-1472.570,90.150,0.000,0.000,0.000,0.000,0.000,0.000,0.000,0.000,0.000,0.000,0.000,0.000,0.000,0.000,0.000,0.0000,1,1.0000,0.0000,0.0150,2.0000,25.0000,0.3750
62.395,1788986349.728,-776.067,-1472.570,90.150,0.000,0.000,0.000,0.000,0.000,0.000,0.000,0.000,0.000,0.000,0.000,0.000,0.000,0.000,0.000,0.0000,1,1.0000,0.0000,0.0150,2.0000,25.0000,0.3750
62.497,1788986349.831,-766.392,-1472.570,90.150,487.000,0.000,0.000,50000.000,0.001,0.000,0.000,0.000,0.000,1.000,0.000,0.000,0.000,0.000,0.000,1.0000,1,1.0000,1.0000,0.0150,2.0000,25.0000,0.3750
62.617,1788986349.950,-708.410,-1472.570,90.150,487.000,0.000,0.000,50000.000,0.001,0.000,0.000,0.000,0.000,0.000,0.000,0.000,0.000,0.000,0.000,0.0000,1,1.0000,1.0000,0.0150,2.0000,25.0000,0.3750
62.720,1788986350.053,-676.310,-1476.624,90.150,15.229,-168.558,0.000,50000.000,0.001,0.000,0.000,0.000,0.000,0.000,0.000,0.000,0.000,0.000,0.000,0.0000,1,1.0000,1.0000,0.0150,2.0000,25.0000,0.3750
62.823,1788986350.156,-673.496,-1507.777,90.150,36.579,-404.859,0.000,50000.000,0.001,0.000,1.000,0.000,0.000,0.000,0.000,0.000,0.000,0.000,0.000,1.0000,1,1.0000,1.0000,0.0150,2.0000,25.0000,0.3750
62.925,1788986350.258,-673.916,-1502.759,90.150,-5.002,55.359,0.000,50000.000,0.001,0.000,0.000,0.000,0.000,0.000,0.000,0.000,0.000,0.000,0.000,0.0000,1,1.0000,1.0000,0.0150,2.0000,25.0000,0.3750
63.033,1788986350.366,-673.418,-1508.111,90.150,-12.183,134.846,0.000,50000.000,0.001,0.000,0.000,0.000,0.000,0.000,0.000,0.000,0.000,0.000,0.000,0.0000,1,1.0000,1.0000,0.0150,2.0000,25.0000,0.3750
63.150,1788986350.483,-673.550,-1506.654,90.150,-1.774,19.639,0.000,50000.000,0.001,0.000,0.000,0.000,0.000,0.000,0.000,0.000,0.000,0.000,0.000,0.0000,1,1.0000,1.0000,0.0150,2.0000,25.0000,0.3750
63.253,1788986350.587,-673.342,-1510.016,90.150,-14.677,-94.218,0.000,50000.000,0.001,0.000,0.000,0.000,0.000,0.000,0.000,0.000,0.000,0.000,0.000,0.0000,1,1.0000,1.0000,0.0150,2.0000,25.0000,0.3750
63.357,1788986350.690,-673.329,-1509.091,90.150,4.783,-52.943,0.000,50000.000,0.001,0.000,0.000,0.000,0.000,0.000,0.000,0.000,0.000,0.000,0.000,0.0000,1,1.0000,1.0000,0.0150,2.0000,25.0000,0.3750
63.459,1788986350.792,-673.260,-1509.857,90.150,0.000,0.000,0.000,50000.000,0.001,0.000,1.000,0.000,0.000,0.000,0.000,0.000,0.000,0.000,0.000,1.0000,1,1.0000,1.0000,0.0150,2.0000,25.0000,0.3750
63.566,1788986350.900,-673.260,-1509.857,90.150,0.000,0.000,0.000,50000.000,0.001,0.000,0.000,0.000,0.000,1.000,0.000,0.000,0.000,0.000,0.000,1.0000,1,1.0000,1.0000,0.0150,2.0000,25.0000,0.3750
63.669,1788986351.002,-673.260,-1509.857,90.150,0.000,0.000,0.000,50000.000,0.001,0.000,0.000,0.000,0.000,0.000,0.000,0.000,0.000,0.000,0.000,0.0000,1,1.0000,1.0000,0.0150,2.0000,25.0000,0.3750
63.800,1788986351.133,-673.260,-1509.857,90.150,0.000,0.000,0.000,50000.000,0.001,0.000,0.000,0.000,0.000,0.000,0.000,0.000,0.000,0.000,0.000,0.0000,1,1.0000,1.0000,0.0150,2.0000,25.0000,0.3750
63.903,1788986351.236,-673.260,-1509.857,90.150,0.000,0.000,0.000,50000.000,0.001,0.000,0.000,0.000,0.000,0.000,0.000,0.000,0.000,0.000,0.000,0.0000,1,1.0000,1.0000,0.0150,2.0000,25.0000,0.3750
64.005,1788986351.339,-673.260,-1509.857,90.150,0.000,0.000,0.000,50000.000,0.001,0.000,0.000,0.000,0.000,0.000,0.000,0.000,0.000,0.000,0.000,0.0000,1,1.0000,1.0000,0.0150,2.0000,25.0000,0.3750
64.109,1788986351.443,-673.260,-1509.857,90.150,0.000,0.000,0.000,50000.000,0.001,0.000,0.000,0.000,0.000,0.000,0.000,0.000,0.000,0.000,0.000,0.0000,1,1.0000,1.0000,0.0150,2.0000,25.0000,0.3750
64.217,1788986351.550,-673.260,-1509.857,90.150,0.000,0.000,0.000,50000.000,0.001,0.000,0.000,0.000,0.000,0.000,0.000,0.000,1.000,0.000,0.000,1.0000,1,1.0000,1.0000,0.0150,2.0000,25.0000,0.3750
64.320,1788986351.653,-673.260,-1509.857,90.150,0.000,0.000,0.000,50000.000,0.001,0.000,1.000,0.000,0.000,0.000,0.000,0.000,0.000,0.000,0.000,1.0000,1,1.0000,1.0000,0.0150,2.0000,25.0000,0.3750
64.422,1788986351.756,-673.260,-1509.857,90.150,0.000,0.000,0.000,50000.000,0.001,0.000,0.000,0.000,0.000,1.000,0.000,0.000,0.000,0.000,0.000,1.0000,1,1.0000,1.0000,0.0150,2.0000,25.0000,0.3750
64.525,1788986351.859,-673.260,-1509.857,90.150,0.000,0.000,0.000,50000.000,0.001,0.000,0.000,0.000,0.000,0.000,0.000,0.000,0.000,0.000,0.000,0.0000,1,1.0000,1.0000,0.0150,2.0000,25.0000,0.3750
64.633,1788986351.966,-673.260,-1509.857,90.150,0.000,0.000,0.000,50000.000,0.001,0.000,0.000,0.000,0.000,0.000,0.000,0.000,0.000,0.000,0.000,0.0000,1,1.0000,1.0000,0.0150,2.0000,25.0000,0.3750
64.736,1788986352.069,-673.260,-1509.857,90.150,0.000,0.000,0.000,50000.000,0.001,0.000,0.000,0.000,0.000,0.000,0.000,0.000,0.000,0.000,0.000,0.0000,1,1.0000,1.0000,0.0150,2.0000,25.0000,0.3750
64.850,1788986352.183,-673.260,-1509.857,90.150,0.000,0.000,0.000,50000.000,0.001,0.000,0.000,0.000,0.000,0.000,0.000,0.000,0.000,0.000,0.000,0.0000,1,1.0000,1.0000,0.0150,2.0000,25.0000,0.3750
64.953,1788986352.286,-673.260,-1509.857,90.150,0.000,0.000,0.000,50000.000,0.001,0.000,0.000,0.000,0.000,0.000,0.000,0.000,0.000,0.000,0.000,0.0000,1,1.0000,1.0000,0.0150,2.0000,25.0000,0.3750
65.057,1788986352.391,-673.260,-1509.857,90.150,0.000,0.000,0.000,50000.000,0.001,0.000,0.000,0.000,0.000,0.000,0.000,0.000,0.000,0.000,0.000,0.0000,1,1.0000,1.0000,0.0150,2.0000,25.0000,0.3750
65.166,1788986352.499,-673.260,-1509.857,90.150,0.000,0.000,0.000,50000.000,0.001,0.000,0.000,0.000,0.000,0.000,0.000,0.000,0.000,0.000,0.000,0.0000,1,1.0000,1.0000,0.0150,2.0000,25.0000,0.3750
65.274,1788986352.608,-673.260,-1509.857,90.150,0.000,0.000,0.000,50000.000,0.001,0.000,0.000,0.000,0.000,0.000,0.000,0.000,0.000,0.000,0.000,0.0000,1,1.0000,1.0000,0.0150,2.0000,25.0000,0.3750
65.391,1788986352.724,-673.260,-1509.857,90.150,0.000,0.000,0.000,0.000,0.000,0.000,0.000,0.000,0.000,0.000,0.000,0.000,0.000,0.000,0.000,0.0000,1,1.0000,0.0000,0.0150,2.0000,25.0000,0.3750
65.493,1788986352.826,-679.035,-1509.857,90.150,-487.000,-0.000,0.000,-50000.000,-0.001,0.000,0.000,0.000,0.000,0.000,0.000,0.000,0.000,0.000,0.000,0.0000,1,1.0000,1.0000,0.0150,2.0000,25.0000,0.3750
65.607,1788986352.941,-733.985,-1509.857,90.150,-487.000,-0.000,0.000,-50000.000,-0.001,0.000,0.000,0.000,0.000,0.000,0.000,0.000,0.000,0.000,0.000,0.0000,1,1.0000,1.0000,0.0150,2.0000,25.0000,0.3750
65.710,1788986353.043,-768.463,-1509.857,90.150,-79.507,-0.000,0.000,0.000,0.000,0.000,0.000,0.000,0.000,0.000,0.000,0.000,0.000,0.000,0.000,0.0000,1,1.0000,0.0000,0.0150,2.0000,25.0000,0.3750
65.824,1788986353.157,-769.290,-1509.857,90.150,0.000,0.000,0.000,0.000,0.000,0.000,0.000,0.000,0.000,0.000,0.000,0.000,0.000,0.000,0.000,0.0000,1,1.0000,0.0000,0.0150,2.0000,25.0000,0.3750
65.933,1788986353.266,-791.418,-1509.857,90.150,-487.000,-0.000,0.000,-50000.000,-0.001,0.000,0.000,0.000,0.000,0.000,0.000,0.000,0.000,0.000,0.000,0.0000,1,1.0000,1.0000,0.0150,2.0000,25.0000,0.3750
66.040,1788986353.374,-832.477,-1542.078,90.150,-344.385,-344.337,0.000,-35355.339,-35355.339,0.000,0.000,0.000,0.000,0.000,0.000,0.000,0.000,0.000,0.000,0.0000,1,1.0000,1.0000,0.0150,2.0000,25.0000,0.3750
66.166,1788986353.499,-875.733,-1585.335,124.471,-332.157,-332.157,679.409,0.000,-50000.000,0.000,0.000,0.000,0.000,0.000,0.000,0.000,0.000,0.000,0.000,0.0000,3,1.0000,1.0000,0.0150,2.0000,25.0000,0.3750
66.282,1788986353.615,-912.136,-1621.737,192.562,-304.807,-304.806,511.283,0.000,-50000.000,0.000,0.000,0.000,0.000,0.000,0.000,0.000,0.000,0.000,0.000,0.0000,3,1.0000,1.0000,0.0150,2.0000,25.0000,0.3750
66.385,1788986353.719,-941.767,-1651.369,236.684,-282.546,-282.546,362.892,0.000,-50000.000,0.000,0.000,0.000,0.000,0.000,0.000,0.000,0.000,0.000,0.000,0.0000,3,1.0000,1.0000,0.0150,2.0000,25.0000,0.3750
66.507,1788986353.840,-975.277,-1684.878,270.421,-257.373,-257.373,180.290,0.000,-50000.000,0.000,0.000,0.000,0.000,0.000,0.000,0.000,0.000,0.000,0.000,0.0000,3,1.0000,1.0000,0.0150,2.0000,25.0000,0.3750
66.610,1788986353.943,-1000.979,-1710.580,281.216,-238.062,-238.062,27.694,0.000,-50000.000,0.000,0.000,0.000,0.000,0.000,0.000,0.000,0.000,0.000,0.000,0.0000,3,1.0000,1.0000,0.0150,2.0000,25.0000,0.3750
66.712,1788986354.045,-1023.419,-1733.020,276.898,-221.199,-221.199,-116.021,0.000,-50000.000,0.000,0.000,-1.000,0.000,0.000,0.000,0.000,0.000,0.000,0.000,1.0000,3,1.0000,1.0000,0.0150,2.0000,25.0000,0.3750
66.814,1788986354.147,-1045.568,-1755.169,256.855,-204.552,-204.552,-269.049,0.000,0.000,0.000,0.000,0.000,0.000,0.000,0.000,0.000,0.000,0.000,0.000,0.0000,3,1.0000,0.0000,0.0150,2.0000,25.0000,0.3750
66.940,1788986354.273,-1070.201,-1779.802,211.184,-186.046,-186.046,-454.598,0.000,0.000,0.000,0.000,0.000,0.000,0.000,0.000,0.000,0.000,0.000,0.000,0.0000,3,1.0000,0.0000,0.0150,2.0000,25.0000,0.3750
67.042,1788986354.375,-1079.722,-1789.323,239.174,0.000,0.000,0.000,0.000,0.000,0.000,0.000,0.000,0.000,0.000,0.000,0.000,0.000,0.000,0.000,0.0000,1,1.0000,0.0000,0.0150,2.0000,25.0000,0.3750
67.174,1788986354.507,-1079.722,-1789.323,239.174,0.000,0.000,0.000,0.000,0.000,0.000,0.000,0.000,0.000,0.000,0.000,0.000,0.000,0.000,0.000,0.0000,1,1.0000,0.0000,0.0150,2.0000,25.0000,0.3750
67.276,1788986354.610,-1029.688,-1789.323,224.522,457.716,0.000,-121.350,35355.339,-35355.339,0.000,0.000,0.000,0.000,0.000,0.000,0.000,1.000,-1.000,0.000,1.4142,3,1.0000,1.0000,0.0150,2.0000,25.0000,0.3750
67.407,1788986354.741,-978.245,-1808.201,240.178,345.191,-343.529,0.000,35355.339,-35355.339,0.000,0.000,0.000,0.000,0.000,0.000,0.000,0.000,0.000,0.000,0.0000,1,1.0000,1.0000,0.0150,2.0000,25.0000,0.3750
67.510,1788986354.843,-973.453,-1857.279,240.178,0.039,-487.000,0.000,0.000,-50000.000,0.000,0.000,0.000,0.000,0.000,0.000,0.000,0.000,0.000,0.000,0.0000,1,1.0000,1.0000,0.0150,2.0000,25.0000,0.3750
67.631,1788986354.965,-973.453,-1914.908,240.178,0.000,-487.000,0.000,0.000,-50000.000,0.000,0.000,-1.000,0.000,0.000,0.000,0.000,0.000,0.000,0.000,1.0000,1,1.0000,1.0000,0.0150,2.0000,25.0000,0.3750
67.765,1788986355.098,-973.453,-1981.026,240.178,0.000,-487.000,0.000,0.000,-50000.000,0.000,0.000,0.000,0.000,0.000,0.000,0.000,0.000,0.000,0.000,0.0000,1,1.0000,1.0000,0.0150,2.0000,25.0000,0.3750
67.868,1788986355.202,-975.812,-2030.589,240.178,-248.973,-418.547,0.000,-35355.339,-35355.339,0.000,0.000,0.000,0.000,0.000,0.000,0.000,0.000,0.000,0.000,0.0000,1,1.0000,1.0000,0.0150,2.0000,25.0000,0.3750
67.998,1788986355.331,-1020.044,-2076.315,240.178,-344.361,-344.361,0.000,-35355.339,-35355.339,0.000,0.000,0.000,0.000,0.000,0.000,0.000,0.000,0.000,0.000,0.0000,1,1.0000,1.0000,0.0150,2.0000,25.0000,0.3750
68.101,1788986355.434,-1056.004,-2112.275,240.178,-344.361,-344.361,0.000,-35355.339,-35355.339,0.000,0.000,0.000,0.000,0.000,0.000,0.000,-1.000,-1.000,-0.000,1.4142,1,1.0000,1.0000,0.0150,2.0000,25.0000,0.3750
68.204,1788986355.538,-1090.445,-2146.716,240.178,-344.361,-344.361,0.000,-35355.339,-35355.339,0.000,-1.000,-1.000,-0.000,0.000,0.000,0.000,0.000,0.000,0.000,1.4142,1,1.0000,1.0000,0.0150,2.0000,25.0000,0.3750
68.332,1788986355.665,-1135.509,-2191.780,240.178,-344.361,-344.361,0.000,-35355.339,-35355.339,0.000,0.000,0.000,0.000,0.000,0.000,0.000,0.000,0.000,0.000,0.0000,1,1.0000,1.0000,0.0150,2.0000,25.0000,0.3750
68.435,1788986355.768,-1170.043,-2226.314,240.178,-344.361,-344.361,0.000,-35355.339,-35355.339,0.000,0.000,0.000,0.000,0.000,0.000,0.000,0.000,0.000,0.000,0.0000,1,1.0000,1.0000,0.0150,2.0000,25.0000,0.3750
68.556,1788986355.890,-1211.663,-2267.934,240.178,-344.361,-344.361,0.000,-35355.339,-35355.339,0.000,0.000,0.000,0.000,0.000,0.000,0.000,0.000,0.000,0.000,0.0000,1,1.0000,1.0000,0.0150,2.0000,25.0000,0.3750
68.659,1788986355.992,-1248.055,-2304.325,240.178,-344.361,-344.361,0.000,-35355.339,-35355.339,0.000,0.000,0.000,0.000,0.000,0.000,0.000,0.000,0.000,0.000,0.0000,1,1.0000,1.0000,0.0150,2.0000,25.0000,0.3750
68.762,1788986356.095,-1282.548,-2338.819,240.178,-344.361,-344.361,0.000,-35355.339,-35355.339,0.000,0.000,0.000,0.000,0.000,0.000,0.000,0.000,0.000,0.000,0.0000,1,1.0000,1.0000,0.0150,2.0000,25.0000,0.3750
68.890,1788986356.223,-1327.102,-2383.373,240.178,-344.361,-344.361,0.000,-35355.339,-35355.339,0.000,0.000,0.000,0.000,0.000,0.000,0.000,0.000,0.000,0.000,0.0000,1,1.0000,1.0000,0.0150,2.0000,25.0000,0.3750
68.993,1788986356.326,-1361.881,-2418.152,240.178,-344.361,-344.361,0.000,-35355.339,-35355.339,0.000,-1.000,-1.000,-0.000,0.000,0.000,0.000,0.000,0.000,0.000,1.4142,1,1.0000,1.0000,0.0150,2.0000,25.0000,0.3750
69.115,1788986356.448,-1403.389,-2459.660,240.178,-344.361,-344.361,0.000,-35355.339,-35355.339,0.000,-1.000,-1.000,-0.000,0.000,0.000,0.000,0.000,0.000,0.000,1.4142,1,1.0000,1.0000,0.0150,2.0000,25.0000,0.3750
69.219,1788986356.552,-1439.865,-2496.136,240.178,-344.361,-344.361,0.000,-35355.339,-35355.339,0.000,0.000,0.000,0.000,0.000,0.000,0.000,0.000,0.000,0.000,0.0000,1,1.0000,1.0000,0.0150,2.0000,25.0000,0.3750
69.321,1788986356.655,-1475.686,-2531.957,240.178,-344.361,-344.361,0.000,-35355.339,-35355.339,0.000,0.000,0.000,0.000,-1.000,-1.000,-0.000,0.000,0.000,0.000,1.4142,1,1.0000,1.0000,0.0150,2.0000,25.0000,0.3750
69.448,1788986356.781,-1517.833,-2574.104,316.529,-315.934,-315.934,581.402,35355.339,-35355.339,0.000,0.000,0.000,0.000,0.000,0.000,0.000,0.000,0.000,0.000,0.0000,3,1.0000,1.0000,0.0150,2.0000,25.0000,0.3750
69.550,1788986356.884,-1548.130,-2604.401,367.113,-293.174,-293.174,435.100,35355.339,-35355.339,0.000,0.000,0.000,0.000,0.000,0.000,0.000,0.000,0.000,0.000,0.0000,3,1.0000,1.0000,0.0150,2.0000,25.0000,0.3750
69.673,1788986357.006,-1583.008,-2639.279,409.922,-266.973,-266.973,251.902,0.000,-50000.000,0.000,0.000,0.000,0.000,0.000,0.000,0.000,0.000,0.000,0.000,0.0000,3,1.0000,1.0000,0.0150,2.0000,25.0000,0.3750
69.776,1788986357.109,-1609.620,-2665.891,428.131,-246.980,-246.980,99.596,0.000,-50000.000,0.000,0.000,0.000,0.000,0.000,0.000,0.000,0.000,0.000,0.000,0.0000,3,1.0000,1.0000,0.0150,2.0000,25.0000,0.3750
69.880,1788986357.213,-1633.780,-2690.051,430.663,-228.831,-228.831,-49.757,0.000,0.000,0.000,0.000,0.000,0.000,0.000,0.000,0.000,0.000,0.000,0.000,0.0000,3,1.0000,0.0000,0.0150,2.0000,25.0000,0.3750
69.983,1788986357.316,-1657.107,-2713.378,417.119,-211.308,-211.308,-205.658,0.000,0.000,0.000,0.000,0.000,0.000,0.000,0.000,0.000,0.000,0.000,0.000,0.0000,3,1.0000,0.0000,0.0150,2.0000,25.0000,0.3750
70.086,1788986357.419,-1677.817,-2734.088,388.564,-195.745,-195.745,-355.313,0.000,0.000,0.000,0.000,0.000,0.000,0.000,0.000,0.000,0.000,0.000,0.000,0.0000,3,1.0000,0.0000,0.0150,2.0000,25.0000,0.3750
70.215,1788986357.548,-1702.090,-2758.361,329.861,-177.511,-177.511,-546.656,0.000,0.000,0.000,0.000,0.000,0.000,0.000,0.000,0.000,0.000,0.000,0.000,0.0000,3,1.0000,0.0000,0.0150,2.0000,25.0000,0.3750
70.323,1788986357.656,-1720.574,-2776.845,261.948,-163.626,-163.626,-706.044,0.000,0.000,0.000,0.000,0.000,0.000,0.000,0.000,0.000,0.000,0.000,0.000,0.0000,3,1.0000,0.0000,0.0150,2.0000,25.0000,0.3750
70.425,1788986357.759,-1729.538,-2785.808,240.178,0.000,0.000,0.000,0.000,0.000,0.000,0.000,0.000,0.000,0.000,0.000,0.000,0.000,0.000,0.000,0.0000,1,1.0000,0.0000,0.0150,2.0000,25.0000,0.3750
70.531,1788986357.864,-1729.538,-2785.808,240.178,0.000,0.000,0.000,0.000,0.000,0.000,0.000,0.000,0.000,0.000,0.000,0.000,0.000,0.000,0.000,0.0000,1,1.0000,0.0000,0.0150,2.0000,25.0000,0.3750
70.634,1788986357.968,-1729.538,-2785.808,240.178,0.000,0.000,0.000,0.000,0.000,0.000,0.000,0.000,0.000,0.000,0.000,0.000,0.000,0.000,0.000,0.0000,1,1.0000,0.0000,0.0150,2.0000,25.0000,0.3750
70.738,1788986358.071,-1729.538,-2785.808,240.178,0.000,0.000,0.000,0.000,0.000,0.000,0.000,0.000,0.000,0.000,0.000,0.000,0.000,0.000,0.000,0.0000,1,1.0000,0.0000,0.0150,2.0000,25.0000,0.3750
70.864,1788986358.197,-1694.712,-2803.186,240.178,345.532,-343.186,0.000,35355.339,-35355.339,0.000,0.000,0.000,0.000,0.000,0.000,0.000,0.000,0.000,0.000,0.0000,1,1.0000,1.0000,0.0150,2.0000,25.0000,0.3750
70.966,1788986358.300,-1646.284,-2810.804,240.178,487.000,-0.073,0.000,50000.000,0.001,0.000,0.000,0.000,0.000,0.000,0.000,0.000,0.000,0.000,0.000,0.0000,1,1.0000,1.0000,0.0150,2.0000,25.0000,0.3750
71.097,1788986358.431,-1586.819,-2810.805,240.178,226.125,-0.000,0.000,0.000,0.000,0.000,0.000,0.000,0.000,0.000,0.000,0.000,0.000,0.000,0.000,0.0000,1,1.0000,0.0000,0.0150,2.0000,25.0000,0.3750
71.200,1788986358.533,-1581.520,-2810.805,240.178,0.000,0.000,0.000,0.000,0.000,0.000,0.000,0.000,0.000,0.000,0.000,0.000,0.000,0.000,0.000,0.0000,1,1.0000,0.0000,0.0150,2.0000,25.0000,0.3750
71.330,1788986358.664,-1581.520,-2810.805,240.178,0.000,0.000,0.000,0.000,0.000,0.000,0.000,0.000,0.000,0.000,0.000,0.000,0.000,0.000,0.000,0.0000,1,1.0000,0.0000,0.0150,2.0000,25.0000,0.3750
71.433,1788986358.766,-1581.520,-2810.805,240.178,0.000,0.000,0.000,0.000,0.000,0.000,0.000,0.000,0.000,0.000,0.000,0.000,0.000,0.000,0.000,0.0000,1,1.0000,0.0000,0.0150,2.0000,25.0000,0.3750
71.555,1788986358.889,-1581.520,-2810.805,240.178,0.000,0.000,0.000,0.000,0.000,0.000,0.000,0.000,0.000,0.000,0.000,0.000,0.000,0.000,0.000,0.0000,1,1.0000,0.0000,0.0150,2.0000,25.0000,0.3750
71.663,1788986358.997,-1581.520,-2810.805,240.178,0.000,0.000,0.000,0.000,0.000,0.000,0.000,0.000,0.000,0.000,0.000,0.000,0.000,0.000,0.000,0.0000,1,1.0000,0.0000,0.0150,2.0000,25.0000,0.3750
71.767,1788986359.100,-1581.520,-2810.805,240.178,0.000,0.000,0.000,0.000,0.000,0.000,0.000,0.000,0.000,0.000,0.000,0.000,0.000,0.000,0.000,0.0000,1,1.0000,0.0000,0.0150,2.0000,25.0000,0.3750
71.888,1788986359.221,-1581.520,-2810.805,240.178,0.000,0.000,0.000,0.000,0.000,0.000,0.000,0.000,0.000,0.000,0.000,0.000,0.000,0.000,0.000,0.0000,1,1.0000,0.0000,0.0150,2.0000,25.0000,0.3750
71.990,1788986359.324,-1581.520,-2810.805,240.178,0.000,0.000,0.000,0.000,0.000,0.000,0.000,0.000,0.000,0.000,0.000,0.000,0.000,0.000,0.000,0.0000,1,1.0000,0.0000,0.0150,2.0000,25.0000,0.3750
72.093,1788986359.426,-1581.520,-2810.805,240.178,0.000,0.000,0.000,0.000,0.000,0.000,0.000,0.000,0.000,0.000,0.000,0.000,0.000,0.000,0.000,0.0000,1,1.0000,0.0000,0.0150,2.0000,25.0000,0.3750
72.222,1788986359.555,-1581.520,-2810.805,240.178,0.000,0.000,0.000,0.000,0.000,0.000,0.000,0.000,0.000,0.000,0.000,0.000,0.000,0.000,0.000,0.0000,1,1.0000,0.0000,0.0150,2.0000,25.0000,0.3750
72.324,1788986359.657,-1581.520,-2810.805,240.178,0.000,0.000,0.000,0.000,0.000,0.000,0.000,0.000,0.000,0.000,0.000,0.000,0.000,0.000,0.000,0.0000,1,1.0000,0.0000,0.0150,2.0000,25.0000,0.3750
72.455,1788986359.788,-1581.520,-2810.805,240.178,0.000,0.000,0.000,0.000,0.000,0.000,0.000,0.000,0.000,0.000,0.000,0.000,0.000,0.000,0.000,0.0000,1,1.0000,0.0000,0.0150,2.0000,25.0000,0.3750
72.558,1788986359.891,-1581.520,-2810.805,240.178,0.000,0.000,0.000,0.000,0.000,0.000,0.000,0.000,0.000,0.000,0.000,0.000,0.000,0.000,0.000,0.0000,1,1.0000,0.0000,0.0150,2.0000,25.0000,0.3750
72.661,1788986359.994,-1581.520,-2810.805,240.178,0.000,0.000,0.000,0.000,0.000,0.000,0.000,0.000,0.000,0.000,0.000,0.000,0.000,0.000,0.000,0.0000,1,1.0000,0.0000,0.0150,2.0000,25.0000,0.3750
72.788,1788986360.121,-1581.520,-2810.805,240.178,0.000,0.000,0.000,0.000,0.000,0.000,0.000,0.000,0.000,0.000,0.000,0.000,0.000,0.000,0.000,0.0000,1,1.0000,0.0000,0.0150,2.0000,25.0000,0.3750
72.891,1788986360.224,-1581.520,-2810.805,240.178,0.000,0.000,0.000,0.000,0.000,0.000,0.000,0.000,0.000,0.000,0.000,0.000,0.000,0.000,0.000,0.0000,1,1.0000,0.0000,0.0150,2.0000,25.0000,0.3750
73.021,1788986360.354,-1581.520,-2810.805,240.178,0.000,0.000,0.000,0.000,0.000,0.000,0.000,0.000,0.000,0.000,0.000,0.000,0.000,0.000,0.000,0.0000,1,1.0000,0.0000,0.0150,2.0000,25.0000,0.3750
73.143,1788986360.476,-1581.520,-2810.805,240.178,0.000,0.000,0.000,0.000,0.000,0.000,0.000,0.000,0.000,0.000,0.000,0.000,0.000,0.000,0.000,0.0000,1,1.0000,0.0000,0.0150,2.0000,25.0000,0.3750
73.245,1788986360.578,-1581.520,-2810.805,240.178,0.000,0.000,0.000,0.000,0.000,0.000,0.000,0.000,0.000,0.000,0.000,0.000,0.000,0.000,0.000,0.0000,1,1.0000,0.0000,0.0150,2.0000,25.0000,0.3750
73.347,1788986360.681,-1581.520,-2810.805,240.178,0.000,0.000,0.000,0.000,0.000,0.000,0.000,0.000,0.000,0.000,0.000,0.000,0.000,0.000,0.000,0.0000,1,1.0000,0.0000,0.0150,2.0000,25.0000,0.3750
73.450,1788986360.784,-1581.520,-2810.805,240.178,0.000,0.000,0.000,0.000,0.000,0.000,0.000,0.000,0.000,0.000,0.000,0.000,0.000,0.000,0.000,0.0000,1,1.0000,0.0000,0.0150,2.0000,25.0000,0.3750
73.553,1788986360.886,-1581.520,-2810.805,240.178,0.000,0.000,0.000,0.000,0.000,0.000,0.000,0.000,0.000,0.000,0.000,0.000,0.000,0.000,0.000,0.0000,1,1.0000,0.0000,0.0150,2.0000,25.0000,0.3750
73.656,1788986360.989,-1581.520,-2810.805,240.178,0.000,0.000,0.000,0.000,0.000,0.000,0.000,0.000,0.000,0.000,0.000,0.000,0.000,0.000,0.000,0.0000,1,1.0000,0.0000,0.0150,2.0000,25.0000,0.3750
73.759,1788986361.092,-1581.520,-2810.805,240.178,0.000,0.000,0.000,0.000,0.000,0.000,0.000,0.000,0.000,0.000,0.000,0.000,0.000,0.000,0.000,0.0000,1,1.0000,0.0000,0.0150,2.0000,25.0000,0.3750
73.880,1788986361.213,-1581.520,-2810.805,240.178,0.000,0.000,0.000,0.000,0.000,0.000,0.000,0.000,0.000,0.000,0.000,0.000,0.000,0.000,0.000,0.0000,1,1.0000,0.0000,0.0150,2.0000,25.0000,0.3750
73.982,1788986361.315,-1581.520,-2810.805,240.178,0.000,0.000,0.000,0.000,0.000,0.000,0.000,0.000,0.000,0.000,0.000,0.000,0.000,0.000,0.000,0.0000,1,1.0000,0.0000,0.0150,2.0000,25.0000,0.3750
74.096,1788986361.429,-1581.520,-2810.805,240.178,0.000,0.000,0.000,0.000,0.000,0.000,0.000,0.000,0.000,0.000,0.000,0.000,0.000,0.000,0.000,0.0000,1,1.0000,0.0000,0.0150,2.0000,25.0000,0.3750
74.199,1788986361.533,-1581.520,-2810.805,240.178,0.000,0.000,0.000,0.000,0.000,0.000,0.000,0.000,0.000,0.000,0.000,0.000,0.000,0.000,0.000,0.0000,1,1.0000,0.0000,0.0150,2.0000,25.0000,0.3750
74.329,1788986361.662,-1581.520,-2810.805,240.178,0.000,0.000,0.000,0.000,0.000,0.000,0.000,0.000,0.000,0.000,0.000,0.000,0.000,0.000,0.000,0.0000,1,1.0000,0.0000,0.0150,2.0000,25.0000,0.3750
74.437,1788986361.770,-1581.520,-2810.805,240.178,0.000,0.000,0.000,0.000,0.000,0.000,0.000,0.000,0.000,0.000,0.000,0.000,0.000,0.000,0.000,0.0000,1,1.0000,0.0000,0.0150,2.0000,25.0000,0.3750
74.540,1788986361.873,-1581.520,-2810.805,240.178,0.000,0.000,0.000,0.000,0.000,0.000,0.000,0.000,0.000,0.000,0.000,0.000,0.000,0.000,0.000,0.0000,1,1.0000,0.0000,0.0150,2.0000,25.0000,0.3750
74.643,1788986361.976,-1581.520,-2810.805,240.178,0.000,0.000,0.000,0.000,0.000,0.000,0.000,0.000,0.000,0.000,0.000,0.000,0.000,0.000,0.000,0.0000,1,1.0000,0.0000,0.0150,2.0000,25.0000,0.3750
74.771,1788986362.104,-1581.520,-2810.805,240.178,0.000,0.000,0.000,0.000,0.000,0.000,0.000,0.000,0.000,0.000,0.000,0.000,0.000,0.000,0.000,0.0000,1,1.0000,0.0000,0.0150,2.0000,25.0000,0.3750
74.873,1788986362.207,-1581.520,-2810.805,240.178,0.000,0.000,0.000,0.000,0.000,0.000,0.000,0.000,0.000,0.000,0.000,0.000,0.000,0.000,0.000,0.0000,1,1.0000,0.0000,0.0150,2.0000,25.0000,0.3750
75.003,1788986362.337,-1581.520,-2810.805,240.178,0.000,0.000,0.000,0.000,0.000,0.000,0.000,0.000,0.000,0.000,0.000,0.000,0.000,0.000,0.000,0.0000,1,1.0000,0.0000,0.0150,2.0000,25.0000,0.3750
75.106,1788986362.440,-1581.520,-2810.805,240.178,0.000,0.000,0.000,0.000,0.000,0.000,0.000,0.000,0.000,0.000,0.000,0.000,0.000,0.000,0.000,0.0000,1,1.0000,0.0000,0.0150,2.0000,25.0000,0.3750
75.210,1788986362.543,-1581.520,-2810.805,240.178,0.000,0.000,0.000,0.000,0.000,0.000,0.000,0.000,0.000,0.000,0.000,0.000,0.000,0.000,0.000,0.0000,1,1.0000,0.0000,0.0150,2.0000,25.0000,0.3750
75.338,1788986362.671,-1581.520,-2810.805,240.178,0.000,0.000,0.000,0.000,0.000,0.000,0.000,0.000,0.000,0.000,0.000,0.000,0.000,0.000,0.000,0.0000,1,1.0000,0.0000,0.0150,2.0000,25.0000,0.3750
75.441,1788986362.774,-1581.520,-2810.805,240.178,0.000,0.000,0.000,0.000,0.000,0.000,0.000,0.000,0.000,0.000,0.000,0.000,0.000,0.000,0.000,0.0000,1,1.0000,0.0000,0.0150,2.0000,25.0000,0.3750
75.553,1788986362.887,-1581.520,-2810.805,240.178,0.000,0.000,0.000,0.000,0.000,0.000,0.000,0.000,0.000,0.000,0.000,0.000,0.000,0.000,0.000,0.0000,1,1.0000,0.0000,0.0150,2.0000,25.0000,0.3750
75.657,1788986362.990,-1581.520,-2810.805,240.178,0.000,0.000,0.000,0.000,0.000,0.000,0.000,0.000,0.000,0.000,0.000,0.000,0.000,0.000,0.000,0.0000,1,1.0000,0.0000,0.0150,2.0000,25.0000,0.3750
75.787,1788986363.120,-1581.520,-2810.805,240.178,0.000,0.000,0.000,0.000,0.000,0.000,0.000,0.000,0.000,0.000,0.000,0.000,0.000,0.000,0.000,0.0000,1,1.0000,0.0000,0.0150,2.0000,25.0000,0.3750
75.889,1788986363.223,-1581.520,-2810.805,240.178,0.000,0.000,0.000,0.000,0.000,0.000,0.000,0.000,0.000,0.000,0.000,0.000,0.000,0.000,0.000,0.0000,1,1.0000,0.0000,0.0150,2.0000,25.0000,0.3750
76.004,1788986363.337,-1581.520,-2810.805,240.178,0.000,0.000,0.000,0.000,0.000,0.000,0.000,0.000,0.000,0.000,0.000,0.000,0.000,0.000,0.000,0.0000,1,1.0000,0.0000,0.0150,2.0000,25.0000,0.3750
76.128,1788986363.462,-1581.520,-2810.805,240.178,0.000,0.000,0.000,0.000,0.000,0.000,0.000,0.000,0.000,0.000,0.000,0.000,0.000,0.000,0.000,0.0000,1,1.0000,0.0000,0.0150,2.0000,25.0000,0.3750
76.231,1788986363.564,-1581.520,-2810.805,240.178,0.000,0.000,0.000,0.000,0.000,0.000,0.000,0.000,0.000,0.000,0.000,0.000,0.000,0.000,0.000,0.0000,1,1.0000,0.0000,0.0150,2.0000,25.0000,0.3750
76.335,1788986363.668,-1581.520,-2810.805,240.178,0.000,0.000,0.000,0.000,0.000,0.000,0.000,0.000,0.000,0.000,0.000,0.000,0.000,0.000,0.000,0.0000,1,1.0000,0.0000,0.0150,2.0000,25.0000,0.3750
76.453,1788986363.786,-1581.520,-2810.805,240.178,0.000,0.000,0.000,0.000,0.000,0.000,0.000,0.000,0.000,0.000,0.000,0.000,0.000,0.000,0.000,0.0000,1,1.0000,0.0000,0.0150,2.0000,25.0000,0.3750
76.555,1788986363.889,-1581.520,-2810.805,240.178,0.000,0.000,0.000,0.000,0.000,0.000,0.000,0.000,0.000,0.000,0.000,0.000,0.000,0.000,0.000,0.0000,1,1.0000,0.0000,0.0150,2.0000,25.0000,0.3750
76.678,1788986364.011,-1581.520,-2810.805,240.178,0.000,0.000,0.000,0.000,0.000,0.000,0.000,0.000,0.000,0.000,0.000,0.000,0.000,0.000,0.000,0.0000,1,1.0000,0.0000,0.0150,2.0000,25.0000,0.3750
76.781,1788986364.114,-1581.520,-2810.805,240.178,0.000,0.000,0.000,0.000,0.000,0.000,0.000,0.000,0.000,0.000,0.000,0.000,0.000,0.000,0.000,0.0000,1,1.0000,0.0000,0.0150,2.0000,25.0000,0.3750
76.884,1788986364.217,-1581.520,-2810.805,240.178,0.000,0.000,0.000,0.000,0.000,0.000,0.000,0.000,0.000,0.000,0.000,0.000,0.000,0.000,0.000,0.0000,1,1.0000,0.0000,0.0150,2.0000,25.0000,0.3750
77.011,1788986364.345,-1581.520,-2810.805,240.178,0.000,0.000,0.000,0.000,0.000,0.000,0.000,0.000,0.000,0.000,0.000,0.000,0.000,0.000,0.000,0.0000,1,1.0000,0.0000,0.0150,2.0000,25.0000,0.3750
77.119,1788986364.453,-1581.520,-2810.805,240.178,0.000,0.000,0.000,0.000,0.000,0.000,0.000,0.000,0.000,0.000,0.000,0.000,0.000,0.000,0.000,0.0000,1,1.0000,0.0000,0.0150,2.0000,25.0000,0.3750
77.222,1788986364.555,-1581.520,-2810.805,240.178,0.000,0.000,0.000,0.000,0.000,0.000,0.000,0.000,0.000,0.000,0.000,0.000,0.000,0.000,0.000,0.0000,1,1.0000,0.0000,0.0150,2.0000,25.0000,0.3750
77.325,1788986364.658,-1581.520,-2810.805,240.178,0.000,0.000,0.000,0.000,0.000,0.000,0.000,0.000,0.000,0.000,0.000,0.000,0.000,0.000,0.000,0.0000,1,1.0000,0.0000,0.0150,2.0000,25.0000,0.3750
77.453,1788986364.786,-1581.520,-2810.805,240.178,0.000,0.000,0.000,0.000,0.000,0.000,0.000,0.000,0.000,0.000,0.000,0.000,0.000,0.000,0.000,0.0000,1,1.0000,0.0000,0.0150,2.0000,25.0000,0.3750
77.556,1788986364.889,-1581.520,-2810.805,240.178,0.000,0.000,0.000,0.000,0.000,0.000,0.000,0.000,0.000,0.000,0.000,0.000,0.000,0.000,0.000,0.0000,1,1.0000,0.0000,0.0150,2.0000,25.0000,0.3750
77.677,1788986365.011,-1581.520,-2810.805,240.178,0.000,0.000,0.000,0.000,0.000,0.000,0.000,0.000,0.000,0.000,0.000,0.000,0.000,0.000,0.000,0.0000,1,1.0000,0.0000,0.0150,2.0000,25.0000,0.3750
77.780,1788986365.113,-1581.520,-2810.805,240.178,0.000,0.000,0.000,0.000,0.000,0.000,0.000,0.000,0.000,0.000,0.000,0.000,0.000,0.000,0.000,0.0000,1,1.0000,0.0000,0.0150,2.0000,25.0000,0.3750
77.882,1788986365.215,-1581.520,-2810.805,240.178,0.000,0.000,0.000,0.000,0.000,0.000,0.000,0.000,0.000,0.000,0.000,0.000,0.000,0.000,0.000,0.0000,1,1.0000,0.0000,0.0150,2.0000,25.0000,0.3750
78.011,1788986365.344,-1581.520,-2810.805,240.178,0.000,0.000,0.000,0.000,0.000,0.000,0.000,0.000,0.000,0.000,0.000,0.000,0.000,0.000,0.000,0.0000,1,1.0000,0.0000,0.0150,2.0000,25.0000,0.3750
78.114,1788986365.447,-1581.520,-2810.805,240.178,0.000,0.000,0.000,0.000,0.000,0.000,0.000,0.000,0.000,0.000,0.000,0.000,0.000,0.000,0.000,0.0000,1,1.0000,0.0000,0.0150,2.0000,25.0000,0.3750
78.236,1788986365.569,-1581.520,-2810.805,240.178,0.000,0.000,0.000,0.000,0.000,0.000,0.000,0.000,0.000,0.000,0.000,0.000,0.000,0.000,0.000,0.0000,1,1.0000,0.0000,0.0150,2.0000,25.0000,0.3750
78.345,1788986365.678,-1581.520,-2810.805,240.178,0.000,0.000,0.000,0.000,0.000,0.000,0.000,0.000,0.000,0.000,0.000,0.000,0.000,0.000,0.000,0.0000,1,1.0000,0.0000,0.0150,2.0000,25.0000,0.3750
78.448,1788986365.781,-1581.520,-2810.805,240.178,0.000,0.000,0.000,0.000,0.000,0.000,0.000,0.000,0.000,0.000,0.000,0.000,0.000,0.000,0.000,0.0000,1,1.0000,0.0000,0.0150,2.0000,25.0000,0.3750
78.570,1788986365.903,-1581.520,-2810.805,240.178,0.000,0.000,0.000,0.000,0.000,0.000,0.000,0.000,0.000,0.000,0.000,0.000,0.000,0.000,0.000,0.0000,1,1.0000,0.0000,0.0150,2.0000,25.0000,0.3750
78.702,1788986366.036,-1581.520,-2810.805,240.178,0.000,0.000,0.000,0.000,0.000,0.000,0.000,0.000,0.000,0.000,0.000,0.000,0.000,0.000,0.000,0.0000,1,1.0000,0.0000,0.0150,2.0000,25.0000,0.3750
78.805,1788986366.138,-1581.520,-2810.805,240.178,0.000,0.000,0.000,0.000,0.000,0.000,0.000,0.000,0.000,0.000,0.000,0.000,0.000,0.000,0.000,0.0000,1,1.0000,0.0000,0.0150,2.0000,25.0000,0.3750
78.928,1788986366.261,-1581.520,-2810.805,240.178,0.000,0.000,0.000,0.000,0.000,0.000,0.000,0.000,0.000,0.000,0.000,0.000,0.000,0.000,0.000,0.0000,1,1.0000,0.0000,0.0150,2.0000,25.0000,0.3750
79.031,1788986366.364,-1581.520,-2810.805,240.178,0.000,0.000,0.000,0.000,0.000,0.000,0.000,0.000,0.000,0.000,0.000,0.000,0.000,0.000,0.000,0.0000,1,1.0000,0.0000,0.0150,2.0000,25.0000,0.3750
79.135,1788986366.468,-1581.520,-2810.805,240.178,0.000,0.000,0.000,0.000,0.000,0.000,0.000,0.000,0.000,0.000,0.000,0.000,0.000,0.000,0.000,0.0000,1,1.0000,0.0000,0.0150,2.0000,25.0000,0.3750
79.261,1788986366.594,-1581.520,-2810.805,240.178,0.000,0.000,0.000,0.000,0.000,0.000,0.000,0.000,0.000,0.000,0.000,0.000,0.000,0.000,0.000,0.0000,1,1.0000,0.0000,0.0150,2.0000,25.0000,0.3750
79.368,1788986366.702,-1581.520,-2810.805,240.178,0.000,0.000,0.000,0.000,0.000,0.000,0.000,0.000,0.000,0.000,0.000,0.000,0.000,0.000,0.000,0.0000,1,1.0000,0.0000,0.0150,2.0000,25.0000,0.3750
79.472,1788986366.805,-1581.520,-2810.805,240.178,0.000,0.000,0.000,0.000,0.000,0.000,0.000,0.000,0.000,0.000,0.000,0.000,0.000,0.000,0.000,0.0000,1,1.0000,0.0000,0.0150,2.0000,25.0000,0.3750
79.594,1788986366.927,-1581.520,-2810.805,240.178,0.000,0.000,0.000,0.000,0.000,0.000,0.000,0.000,0.000,0.000,0.000,0.000,0.000,0.000,0.000,0.0000,1,1.0000,0.0000,0.0150,2.0000,25.0000,0.3750
79.697,1788986367.030,-1581.520,-2810.805,240.178,0.000,0.000,0.000,0.000,0.000,0.000,0.000,0.000,0.000,0.000,0.000,0.000,0.000,0.000,0.000,0.0000,1,1.0000,0.0000,0.0150,2.0000,25.0000,0.3750
79.819,1788986367.152,-1581.520,-2810.805,240.178,0.000,0.000,0.000,0.000,0.000,0.000,0.000,0.000,0.000,0.000,0.000,0.000,0.000,0.000,0.000,0.0000,1,1.0000,0.0000,0.0150,2.0000,25.0000,0.3750
79.927,1788986367.260,-1581.520,-2810.805,240.178,0.000,0.000,0.000,0.000,0.000,0.000,0.000,0.000,0.000,0.000,0.000,0.000,0.000,0.000,0.000,0.0000,1,1.0000,0.0000,0.0150,2.0000,25.0000,0.3750
80.030,1788986367.363,-1581.520,-2810.805,240.178,0.000,0.000,0.000,0.000,0.000,0.000,0.000,0.000,0.000,0.000,0.000,0.000,0.000,0.000,0.000,0.0000,1,1.0000,0.0000,0.0150,2.0000,25.0000,0.3750
80.144,1788986367.477,-1581.520,-2810.805,240.178,0.000,0.000,0.000,0.000,0.000,0.000,0.000,0.000,0.000,0.000,0.000,0.000,0.000,0.000,0.000,0.0000,1,1.0000,0.0000,0.0150,2.0000,25.0000,0.3750
80.277,1788986367.610,-1581.520,-2810.805,240.178,0.000,0.000,0.000,0.000,0.000,0.000,0.000,0.000,0.000,0.000,0.000,0.000,0.000,0.000,0.000,0.0000,1,1.0000,0.0000,0.0150,2.0000,25.0000,0.3750
80.386,1788986367.719,-1581.520,-2810.805,240.178,0.000,0.000,0.000,0.000,0.000,0.000,0.000,0.000,0.000,0.000,0.000,0.000,0.000,0.000,0.000,0.0000,1,1.0000,0.0000,0.0150,2.0000,25.0000,0.3750
80.488,1788986367.821,-1581.520,-2810.805,240.178,0.000,0.000,0.000,0.000,0.000,0.000,0.000,0.000,0.000,0.000,0.000,0.000,0.000,0.000,0.000,0.0000,1,1.0000,0.0000,0.0150,2.0000,25.0000,0.3750
80.590,1788986367.923,-1581.520,-2810.805,240.178,0.000,0.000,0.000,0.000,0.000,0.000,0.000,0.000,0.000,0.000,0.000,0.000,0.000,0.000,0.000,0.0000,1,1.0000,0.0000,0.0150,2.0000,25.0000,0.3750
80.718,1788986368.051,-1581.520,-2810.805,240.178,0.000,0.000,0.000,0.000,0.000,0.000,0.000,0.000,0.000,0.000,0.000,0.000,0.000,0.000,0.000,0.0000,1,1.0000,0.0000,0.0150,2.0000,25.0000,0.3750
80.820,1788986368.154,-1581.520,-2810.805,240.178,0.000,0.000,0.000,0.000,0.000,0.000,0.000,0.000,0.000,0.000,0.000,0.000,0.000,0.000,0.000,0.0000,1,1.0000,0.0000,0.0150,2.0000,25.0000,0.3750
80.943,1788986368.276,-1581.520,-2810.805,240.178,0.000,0.000,0.000,0.000,0.000,0.000,0.000,0.000,0.000,0.000,0.000,0.000,0.000,0.000,0.000,0.0000,1,1.0000,0.0000,0.0150,2.0000,25.0000,0.3750
81.068,1788986368.402,-1581.520,-2810.805,240.178,0.000,0.000,0.000,0.000,0.000,0.000,0.000,0.000,0.000,0.000,0.000,0.000,0.000,0.000,0.000,0.0000,1,1.0000,0.0000,0.0150,2.0000,25.0000,0.3750
81.172,1788986368.505,-1581.520,-2810.805,240.178,0.000,0.000,0.000,0.000,0.000,0.000,0.000,0.000,0.000,0.000,0.000,0.000,0.000,0.000,0.000,0.0000,1,1.0000,0.0000,0.0150,2.0000,25.0000,0.3750
81.275,1788986368.608,-1581.520,-2810.805,240.178,0.000,0.000,0.000,0.000,0.000,0.000,0.000,0.000,0.000,0.000,0.000,0.000,0.000,0.000,0.000,0.0000,1,1.0000,0.0000,0.0150,2.0000,25.0000,0.3750
81.393,1788986368.726,-1581.520,-2810.805,240.178,0.000,0.000,0.000,0.000,0.000,0.000,0.000,0.000,0.000,0.000,0.000,0.000,0.000,0.000,0.000,0.0000,1,1.0000,0.0000,0.0150,2.0000,25.0000,0.3750
81.501,1788986368.834,-1581.520,-2810.805,240.178,0.000,0.000,0.000,0.000,0.000,0.000,0.000,0.000,0.000,0.000,0.000,0.000,0.000,0.000,0.000,0.0000,1,1.0000,0.0000,0.0150,2.0000,25.0000,0.3750
81.604,1788986368.937,-1581.520,-2810.805,240.178,0.000,0.000,0.000,0.000,0.000,0.000,0.000,0.000,0.000,0.000,0.000,0.000,0.000,0.000,0.000,0.0000,1,1.0000,0.0000,0.0150,2.0000,25.0000,0.3750
81.706,1788986369.040,-1581.520,-2810.805,240.178,0.000,0.000,0.000,0.000,0.000,0.000,0.000,0.000,0.000,0.000,0.000,0.000,0.000,0.000,0.000,0.0000,1,1.0000,0.0000,0.0150,2.0000,25.0000,0.3750
81.827,1788986369.160,-1581.520,-2810.805,240.178,0.000,0.000,0.000,0.000,0.000,0.000,0.000,0.000,0.000,0.000,0.000,0.000,0.000,0.000,0.000,0.0000,1,1.0000,0.0000,0.0150,2.0000,25.0000,0.3750
81.929,1788986369.263,-1581.520,-2810.805,240.178,0.000,0.000,0.000,0.000,0.000,0.000,0.000,0.000,0.000,0.000,0.000,0.000,0.000,0.000,0.000,0.0000,1,1.0000,0.0000,0.0150,2.0000,25.0000,0.3750
82.059,1788986369.392,-1581.520,-2810.805,240.178,0.000,0.000,0.000,0.000,0.000,0.000,0.000,0.000,0.000,0.000,0.000,0.000,0.000,0.000,0.000,0.0000,1,1.0000,0.0000,0.0150,2.0000,25.0000,0.3750
82.161,1788986369.495,-1581.520,-2810.805,240.178,0.000,0.000,0.000,0.000,0.000,0.000,0.000,0.000,0.000,0.000,0.000,0.000,0.000,0.000,0.000,0.0000,1,1.0000,0.0000,0.0150,2.0000,25.0000,0.3750
82.264,1788986369.597,-1581.520,-2810.805,240.178,0.000,0.000,0.000,0.000,0.000,0.000,0.000,0.000,0.000,0.000,0.000,0.000,0.000,0.000,0.000,0.0000,1,1.0000,0.0000,0.0150,2.0000,25.0000,0.3750
82.367,1788986369.700,-1581.520,-2810.805,240.178,0.000,0.000,0.000,0.000,0.000,0.000,0.000,0.000,0.000,0.000,0.000,0.000,0.000,0.000,0.000,0.0000,1,1.0000,0.0000,0.0150,2.0000,25.0000,0.3750
82.469,1788986369.802,-1581.520,-2810.805,240.178,0.000,0.000,0.000,0.000,0.000,0.000,0.000,0.000,0.000,0.000,0.000,0.000,0.000,0.000,0.000,0.0000,1,1.0000,0.0000,0.0150,2.0000,25.0000,0.3750
82.572,1788986369.905,-1581.520,-2810.805,240.178,0.000,0.000,0.000,0.000,0.000,0.000,0.000,0.000,0.000,0.000,0.000,0.000,0.000,0.000,0.000,0.0000,1,1.0000,0.0000,0.0150,2.0000,25.0000,0.3750
82.701,1788986370.034,-1581.520,-2810.805,240.178,0.000,0.000,0.000,0.000,0.000,0.000,0.000,0.000,0.000,0.000,0.000,0.000,0.000,0.000,0.000,0.0000,1,1.0000,0.0000,0.0150,2.0000,25.0000,0.3750
82.805,1788986370.138,-1581.520,-2810.805,240.178,0.000,0.000,0.000,0.000,0.000,0.000,0.000,0.000,0.000,0.000,0.000,0.000,0.000,0.000,0.000,0.0000,1,1.0000,0.0000,0.0150,2.0000,25.0000,0.3750
82.917,1788986370.250,-1581.520,-2810.805,240.178,0.000,0.000,0.000,0.000,0.000,0.000,0.000,0.000,0.000,0.000,0.000,0.000,0.000,0.000,0.000,0.0000,1,1.0000,0.0000,0.0150,2.0000,25.0000,0.3750
83.026,1788986370.360,-1581.520,-2810.805,240.178,0.000,0.000,0.000,0.000,0.000,0.000,0.000,0.000,0.000,0.000,0.000,0.000,0.000,0.000,0.000,0.0000,1,1.0000,0.0000,0.0150,2.0000,25.0000,0.3750
83.134,1788986370.467,-1581.520,-2810.805,240.178,0.000,0.000,0.000,0.000,0.000,0.000,0.000,0.000,0.000,0.000,0.000,0.000,0.000,0.000,0.000,0.0000,1,1.0000,0.0000,0.0150,2.0000,25.0000,0.3750
83.236,1788986370.569,-1581.520,-2810.805,240.178,0.000,0.000,0.000,0.000,0.000,0.000,0.000,0.000,0.000,0.000,0.000,0.000,0.000,0.000,0.000,0.0000,1,1.0000,0.0000,0.0150,2.0000,25.0000,0.3750
83.339,1788986370.672,-1581.520,-2810.805,240.178,0.000,0.000,0.000,0.000,0.000,0.000,0.000,0.000,0.000,0.000,0.000,0.000,0.000,0.000,0.000,0.0000,1,1.0000,0.0000,0.0150,2.0000,25.0000,0.3750
83.442,1788986370.775,-1581.520,-2810.805,240.178,0.000,0.000,0.000,0.000,0.000,0.000,0.000,0.000,0.000,0.000,0.000,0.000,0.000,0.000,0.000,0.0000,1,1.0000,0.0000,0.0150,2.0000,25.0000,0.3750
83.560,1788986370.893,-1581.520,-2810.805,240.178,0.000,0.000,0.000,0.000,0.000,0.000,0.000,0.000,0.000,0.000,0.000,0.000,0.000,0.000,0.000,0.0000,1,1.0000,0.0000,0.0150,2.0000,25.0000,0.3750
83.676,1788986371.010,-1581.520,-2810.805,240.178,0.000,0.000,0.000,0.000,0.000,0.000,0.000,0.000,0.000,0.000,0.000,0.000,0.000,0.000,0.000,0.0000,1,1.0000,0.0000,0.0150,2.0000,25.0000,0.3750
83.778,1788986371.112,-1581.520,-2810.805,240.178,0.000,0.000,0.000,0.000,0.000,0.000,0.000,0.000,0.000,0.000,0.000,0.000,0.000,0.000,0.000,0.0000,1,1.0000,0.0000,0.0150,2.0000,25.0000,0.3750
83.892,1788986371.225,-1581.520,-2810.805,240.178,0.000,0.000,0.000,0.000,0.000,0.000,0.000,0.000,0.000,0.000,0.000,0.000,0.000,0.000,0.000,0.0000,1,1.0000,0.0000,0.0150,2.0000,25.0000,0.3750
84.001,1788986371.334,-1581.520,-2810.805,240.178,0.000,0.000,0.000,0.000,0.000,0.000,0.000,0.000,0.000,0.000,0.000,0.000,0.000,0.000,0.000,0.0000,1,1.0000,0.0000,0.0150,2.0000,25.0000,0.3750
84.103,1788986371.437,-1581.520,-2810.805,240.178,0.000,0.000,0.000,0.000,0.000,0.000,0.000,0.000,0.000,0.000,0.000,0.000,0.000,0.000,0.000,0.0000,1,1.0000,0.0000,0.0150,2.0000,25.0000,0.3750
84.234,1788986371.567,-1581.520,-2810.805,240.178,0.000,0.000,0.000,0.000,0.000,0.000,0.000,0.000,0.000,0.000,0.000,0.000,0.000,0.000,0.000,0.0000,1,1.0000,0.0000,0.0150,2.0000,25.0000,0.3750
84.337,1788986371.670,-1581.520,-2810.805,240.178,0.000,0.000,0.000,0.000,0.000,0.000,0.000,0.000,0.000,0.000,0.000,0.000,0.000,0.000,0.000,0.0000,1,1.0000,0.0000,0.0150,2.0000,25.0000,0.3750
84.440,1788986371.773,-1581.520,-2810.805,240.178,0.000,0.000,0.000,0.000,0.000,0.000,0.000,0.000,0.000,0.000,0.000,0.000,0.000,0.000,0.000,0.0000,1,1.0000,0.0000,0.0150,2.0000,25.0000,0.3750
84.567,1788986371.900,-1581.520,-2810.805,240.178,0.000,0.000,0.000,0.000,0.000,0.000,0.000,0.000,0.000,0.000,0.000,0.000,0.000,0.000,0.000,0.0000,1,1.0000,0.0000,0.0150,2.0000,25.0000,0.3750
84.675,1788986372.009,-1581.520,-2810.805,240.178,0.000,0.000,0.000,0.000,0.000,0.000,0.000,0.000,0.000,0.000,0.000,0.000,0.000,0.000,0.000,0.0000,1,1.0000,0.0000,0.0150,2.0000,25.0000,0.3750
84.778,1788986372.111,-1581.520,-2810.805,240.178,0.000,0.000,0.000,0.000,0.000,0.000,0.000,0.000,0.000,0.000,0.000,0.000,0.000,0.000,0.000,0.0000,1,1.0000,0.0000,0.0150,2.0000,25.0000,0.3750
84.881,1788986372.214,-1581.520,-2810.805,240.178,0.000,0.000,0.000,0.000,0.000,0.000,0.000,0.000,0.000,0.000,0.000,0.000,0.000,0.000,0.000,0.0000,1,1.0000,0.0000,0.0150,2.0000,25.0000,0.3750
85.025,1788986372.358,-1581.520,-2810.805,240.178,0.000,0.000,0.000,0.000,0.000,0.000,0.000,0.000,0.000,0.000,0.000,0.000,0.000,0.000,0.000,0.0000,1,1.0000,0.0000,0.0150,2.0000,25.0000,0.3750
85.129,1788986372.462,-1581.520,-2810.805,240.178,0.000,0.000,0.000,0.000,0.000,0.000,0.000,0.000,0.000,0.000,0.000,0.000,0.000,0.000,0.000,0.0000,1,1.0000,0.0000,0.0150,2.0000,25.0000,0.3750
85.250,1788986372.583,-1581.520,-2810.805,240.178,0.000,0.000,0.000,0.000,0.000,0.000,0.000,0.000,0.000,0.000,0.000,0.000,0.000,0.000,0.000,0.0000,1,1.0000,0.0000,0.0150,2.0000,25.0000,0.3750
85.352,1788986372.685,-1581.520,-2810.805,240.178,0.000,0.000,0.000,0.000,0.000,0.000,0.000,0.000,0.000,0.000,0.000,0.000,0.000,0.000,0.000,0.0000,1,1.0000,0.0000,0.0150,2.0000,25.0000,0.3750
85.475,1788986372.809,-1581.520,-2810.805,240.178,0.000,0.000,0.000,0.000,0.000,0.000,0.000,0.000,0.000,0.000,0.000,0.000,0.000,0.000,0.000,0.0000,1,1.0000,0.0000,0.0150,2.0000,25.0000,0.3750
85.579,1788986372.912,-1581.520,-2810.805,240.178,0.000,0.000,0.000,0.000,0.000,0.000,0.000,0.000,0.000,0.000,0.000,0.000,0.000,0.000,0.000,0.0000,1,1.0000,0.0000,0.0150,2.0000,25.0000,0.3750
85.691,1788986373.025,-1581.520,-2810.805,240.178,0.000,0.000,0.000,0.000,0.000,0.000,0.000,0.000,0.000,0.000,0.000,0.000,0.000,0.000,0.000,0.0000,1,1.0000,0.0000,0.0150,2.0000,25.0000,0.3750
85.800,1788986373.134,-1581.520,-2810.805,240.178,0.000,0.000,0.000,0.000,0.000,0.000,0.000,0.000,0.000,0.000,0.000,0.000,0.000,0.000,0.000,0.0000,1,1.0000,0.0000,0.0150,2.0000,25.0000,0.3750
85.903,1788986373.236,-1581.520,-2810.805,240.178,0.000,0.000,0.000,0.000,0.000,0.000,0.000,0.000,0.000,0.000,0.000,0.000,0.000,0.000,0.000,0.0000,1,1.0000,0.0000,0.0150,2.0000,25.0000,0.3750
86.017,1788986373.350,-1581.520,-2810.805,240.178,0.000,0.000,0.000,0.000,0.000,0.000,0.000,0.000,0.000,0.000,0.000,0.000,0.000,0.000,0.000,0.0000,1,1.0000,0.0000,0.0150,2.0000,25.0000,0.3750
86.142,1788986373.475,-1581.520,-2810.805,240.178,0.000,0.000,0.000,0.000,0.000,0.000,0.000,0.000,0.000,0.000,0.000,0.000,0.000,0.000,0.000,0.0000,1,1.0000,0.0000,0.0150,2.0000,25.0000,0.3750
86.245,1788986373.578,-1581.520,-2810.805,240.178,0.000,0.000,0.000,0.000,0.000,0.000,0.000,0.000,0.000,0.000,0.000,0.000,0.000,0.000,0.000,0.0000,1,1.0000,0.0000,0.0150,2.0000,25.0000,0.3750
86.358,1788986373.691,-1581.520,-2810.805,240.178,0.000,0.000,0.000,0.000,0.000,0.000,0.000,0.000,0.000,0.000,0.000,0.000,0.000,0.000,0.000,0.0000,1,1.0000,0.0000,0.0150,2.0000,25.0000,0.3750
86.461,1788986373.794,-1581.520,-2810.805,240.178,0.000,0.000,0.000,0.000,0.000,0.000,0.000,0.000,0.000,0.000,0.000,0.000,0.000,0.000,0.000,0.0000,1,1.0000,0.0000,0.0150,2.0000,25.0000,0.3750
86.564,1788986373.897,-1581.520,-2810.805,240.178,0.000,0.000,0.000,0.000,0.000,0.000,0.000,0.000,0.000,0.000,0.000,0.000,0.000,0.000,0.000,0.0000,1,1.0000,0.0000,0.0150,2.0000,25.0000,0.3750
86.699,1788986374.033,-1581.520,-2810.805,240.178,0.000,0.000,0.000,0.000,0.000,0.000,0.000,0.000,0.000,0.000,0.000,0.000,0.000,0.000,0.000,0.0000,1,1.0000,0.0000,0.0150,2.0000,25.0000,0.3750
86.807,1788986374.141,-1581.520,-2810.805,240.178,0.000,0.000,0.000,0.000,0.000,0.000,0.000,0.000,0.000,0.000,0.000,0.000,0.000,0.000,0.000,0.0000,1,1.0000,0.0000,0.0150,2.0000,25.0000,0.3750
86.910,1788986374.244,-1581.520,-2810.805,240.178,0.000,0.000,0.000,0.000,0.000,0.000,0.000,0.000,0.000,0.000,0.000,0.000,0.000,0.000,0.000,0.0000,1,1.0000,0.0000,0.0150,2.0000,25.0000,0.3750
87.024,1788986374.357,-1581.520,-2810.805,240.178,0.000,0.000,0.000,0.000,0.000,0.000,0.000,0.000,0.000,0.000,0.000,0.000,0.000,0.000,0.000,0.0000,1,1.0000,0.0000,0.0150,2.0000,25.0000,0.3750
87.132,1788986374.466,-1581.520,-2810.805,240.178,0.000,0.000,0.000,0.000,0.000,0.000,0.000,0.000,0.000,0.000,0.000,0.000,0.000,0.000,0.000,0.0000,1,1.0000,0.0000,0.0150,2.0000,25.0000,0.3750
87.235,1788986374.568,-1581.520,-2810.805,240.178,0.000,0.000,0.000,0.000,0.000,0.000,0.000,0.000,0.000,0.000,0.000,0.000,0.000,0.000,0.000,0.0000,1,1.0000,0.0000,0.0150,2.0000,25.0000,0.3750
87.340,1788986374.674,-1581.520,-2810.805,240.178,0.000,0.000,0.000,0.000,0.000,0.000,0.000,0.000,0.000,0.000,0.000,0.000,0.000,0.000,0.000,0.0000,1,1.0000,0.0000,0.0150,2.0000,25.0000,0.3750
87.443,1788986374.777,-1581.520,-2810.805,240.178,0.000,0.000,0.000,0.000,0.000,0.000,0.000,0.000,0.000,0.000,0.000,0.000,0.000,0.000,0.000,0.0000,1,1.0000,0.0000,0.0150,2.0000,25.0000,0.3750
87.547,1788986374.880,-1581.520,-2810.805,240.178,0.000,0.000,0.000,0.000,0.000,0.000,0.000,0.000,0.000,0.000,0.000,0.000,0.000,0.000,0.000,0.0000,1,1.0000,0.0000,0.0150,2.0000,25.0000,0.3750
87.666,1788986374.999,-1581.520,-2810.805,240.178,0.000,0.000,0.000,0.000,0.000,0.000,0.000,0.000,0.000,0.000,0.000,0.000,0.000,0.000,0.000,0.0000,1,1.0000,0.0000,0.0150,2.0000,25.0000,0.3750
87.769,1788986375.102,-1581.520,-2810.805,240.178,0.000,0.000,0.000,0.000,0.000,0.000,0.000,0.000,0.000,0.000,0.000,0.000,0.000,0.000,0.000,0.0000,1,1.0000,0.0000,0.0150,2.0000,25.0000,0.3750
87.882,1788986375.215,-1581.520,-2810.805,240.178,0.000,0.000,0.000,0.000,0.000,0.000,0.000,0.000,0.000,0.000,0.000,0.000,0.000,0.000,0.000,0.0000,1,1.0000,0.0000,0.0150,2.0000,25.0000,0.3750
87.985,1788986375.319,-1581.520,-2810.805,240.178,0.000,0.000,0.000,0.000,0.000,0.000,0.000,0.000,0.000,0.000,0.000,0.000,0.000,0.000,0.000,0.0000,1,1.0000,0.0000,0.0150,2.0000,25.0000,0.3750
88.116,1788986375.449,-1581.520,-2810.805,240.178,0.000,0.000,0.000,0.000,0.000,0.000,0.000,0.000,0.000,0.000,0.000,0.000,0.000,0.000,0.000,0.0000,1,1.0000,0.0000,0.0150,2.0000,25.0000,0.3750
88.219,1788986375.552,-1581.520,-2810.805,240.178,0.000,0.000,0.000,0.000,0.000,0.000,0.000,0.000,0.000,0.000,0.000,0.000,0.000,0.000,0.000,0.0000,1,1.0000,0.0000,0.0150,2.0000,25.0000,0.3750
88.332,1788986375.665,-1581.520,-2810.805,240.178,0.000,0.000,0.000,0.000,0.000,0.000,0.000,0.000,0.000,0.000,0.000,0.000,0.000,0.000,0.000,0.0000,1,1.0000,0.0000,0.0150,2.0000,25.0000,0.3750
88.465,1788986375.799,-1581.520,-2810.805,240.178,0.000,0.000,0.000,0.000,0.000,0.000,0.000,0.000,0.000,0.000,0.000,0.000,0.000,0.000,0.000,0.0000,1,1.0000,0.0000,0.0150,2.0000,25.0000,0.3750
88.568,1788986375.902,-1581.520,-2810.805,240.178,0.000,0.000,0.000,0.000,0.000,0.000,0.000,0.000,0.000,0.000,0.000,0.000,0.000,0.000,0.000,0.0000,1,1.0000,0.0000,0.0150,2.0000,25.0000,0.3750
88.682,1788986376.015,-1581.520,-2810.805,240.178,0.000,0.000,0.000,0.000,0.000,0.000,0.000,0.000,0.000,0.000,0.000,0.000,0.000,0.000,0.000,0.0000,1,1.0000,0.0000,0.0150,2.0000,25.0000,0.3750
88.816,1788986376.149,-1581.520,-2810.805,240.178,0.000,0.000,0.000,0.000,0.000,0.000,0.000,0.000,0.000,0.000,0.000,0.000,0.000,0.000,0.000,0.0000,1,1.0000,0.0000,0.0150,2.0000,25.0000,0.3750
88.923,1788986376.256,-1581.520,-2810.805,240.178,0.000,0.000,0.000,0.000,0.000,0.000,0.000,0.000,0.000,0.000,0.000,0.000,0.000,0.000,0.000,0.0000,1,1.0000,0.0000,0.0150,2.0000,25.0000,0.3750
89.027,1788986376.360,-1581.520,-2810.805,240.178,0.000,0.000,0.000,0.000,0.000,0.000,0.000,0.000,0.000,0.000,0.000,0.000,0.000,0.000,0.000,0.0000,1,1.0000,0.0000,0.0150,2.0000,25.0000,0.3750
89.130,1788986376.463,-1581.520,-2810.805,240.178,0.000,0.000,0.000,0.000,0.000,0.000,0.000,0.000,0.000,0.000,0.000,0.000,0.000,0.000,0.000,0.0000,1,1.0000,0.0000,0.0150,2.0000,25.0000,0.3750
89.232,1788986376.566,-1581.520,-2810.805,240.178,0.000,0.000,0.000,0.000,0.000,0.000,0.000,0.000,0.000,0.000,0.000,0.000,0.000,0.000,0.000,0.0000,1,1.0000,0.0000,0.0150,2.0000,25.0000,0.3750
89.366,1788986376.699,-1581.520,-2810.805,240.178,0.000,0.000,0.000,0.000,0.000,0.000,0.000,0.000,0.000,0.000,0.000,0.000,0.000,0.000,0.000,0.0000,1,1.0000,0.0000,0.0150,2.0000,25.0000,0.3750
89.469,1788986376.802,-1581.520,-2810.805,240.178,0.000,0.000,0.000,0.000,0.000,0.000,0.000,0.000,0.000,0.000,0.000,0.000,0.000,0.000,0.000,0.0000,1,1.0000,0.0000,0.0150,2.0000,25.0000,0.3750
89.599,1788986376.932,-1581.520,-2810.805,240.178,0.000,0.000,0.000,0.000,0.000,0.000,0.000,0.000,0.000,0.000,0.000,0.000,0.000,0.000,0.000,0.0000,1,1.0000,0.0000,0.0150,2.0000,25.0000,0.3750
89.701,1788986377.034,-1581.520,-2810.805,240.178,0.000,0.000,0.000,0.000,0.000,0.000,0.000,0.000,0.000,0.000,0.000,0.000,0.000,0.000,0.000,0.0000,1,1.0000,0.0000,0.0150,2.0000,25.0000,0.3750
89.804,1788986377.138,-1581.520,-2810.805,240.178,0.000,0.000,0.000,0.000,0.000,0.000,0.000,0.000,0.000,0.000,0.000,0.000,0.000,0.000,0.000,0.0000,1,1.0000,0.0000,0.0150,2.0000,25.0000,0.3750
89.923,1788986377.257,-1581.520,-2810.805,240.178,0.000,0.000,0.000,0.000,0.000,0.000,0.000,0.000,0.000,0.000,0.000,0.000,0.000,0.000,0.000,0.0000,1,1.0000,0.0000,0.0150,2.0000,25.0000,0.3750
90.027,1788986377.360,-1581.520,-2810.805,240.178,0.000,0.000,0.000,0.000,0.000,0.000,0.000,0.000,0.000,0.000,0.000,0.000,0.000,0.000,0.000,0.0000,1,1.0000,0.0000,0.0150,2.0000,25.0000,0.3750
90.148,1788986377.481,-1581.520,-2810.805,240.178,0.000,0.000,0.000,0.000,0.000,0.000,0.000,0.000,0.000,0.000,0.000,0.000,0.000,0.000,0.000,0.0000,1,1.0000,0.0000,0.0150,2.0000,25.0000,0.3750
90.252,1788986377.585,-1581.520,-2810.805,240.178,0.000,0.000,0.000,0.000,0.000,0.000,0.000,0.000,0.000,0.000,0.000,0.000,0.000,0.000,0.000,0.0000,1,1.0000,0.0000,0.0150,2.0000,25.0000,0.3750
90.374,1788986377.707,-1581.520,-2810.805,240.178,0.000,0.000,0.000,0.000,0.000,0.000,0.000,0.000,0.000,0.000,0.000,0.000,0.000,0.000,0.000,0.0000,1,1.0000,0.0000,0.0150,2.0000,25.0000,0.3750
90.477,1788986377.810,-1581.520,-2810.805,240.178,0.000,0.000,0.000,0.000,0.000,0.000,0.000,0.000,0.000,0.000,0.000,0.000,0.000,0.000,0.000,0.0000,1,1.0000,0.0000,0.0150,2.0000,25.0000,0.3750
90.598,1788986377.931,-1581.520,-2810.805,240.178,0.000,0.000,0.000,0.000,0.000,0.000,0.000,0.000,0.000,0.000,0.000,0.000,0.000,0.000,0.000,0.0000,1,1.0000,0.0000,0.0150,2.0000,25.0000,0.3750
90.790,1788986378.124,-1581.520,-2810.805,240.178,0.000,0.000,0.000,0.000,0.000,0.000,0.000,0.000,0.000,0.000,0.000,0.000,0.000,0.000,0.000,0.0000,1,1.0000,0.0000,0.0150,2.0000,25.0000,0.3750
90.893,1788986378.227,-1581.520,-2810.805,240.178,0.000,0.000,0.000,0.000,0.000,0.000,0.000,0.000,0.000,0.000,0.000,0.000,0.000,0.000,0.000,0.0000,1,1.0000,0.0000,0.0150,2.0000,25.0000,0.3750
91.006,1788986378.339,-1581.520,-2810.805,240.178,0.000,0.000,0.000,0.000,0.000,0.000,0.000,0.000,0.000,0.000,0.000,0.000,0.000,0.000,0.000,0.0000,1,1.0000,0.0000,0.0150,2.0000,25.0000,0.3750
91.140,1788986378.473,-1581.520,-2810.805,240.178,0.000,0.000,0.000,0.000,0.000,0.000,0.000,0.000,0.000,0.000,0.000,0.000,0.000,0.000,0.000,0.0000,1,1.0000,0.0000,0.0150,2.0000,25.0000,0.3750
91.247,1788986378.581,-1581.520,-2810.805,240.178,0.000,0.000,0.000,0.000,0.000,0.000,0.000,0.000,0.000,0.000,0.000,0.000,0.000,0.000,0.000,0.0000,1,1.0000,0.0000,0.0150,2.0000,25.0000,0.3750
91.350,1788986378.683,-1581.520,-2810.805,240.178,0.000,0.000,0.000,0.000,0.000,0.000,0.000,0.000,0.000,0.000,0.000,0.000,0.000,0.000,0.000,0.0000,1,1.0000,0.0000,0.0150,2.0000,25.0000,0.3750
91.481,1788986378.814,-1581.520,-2810.805,240.178,0.000,0.000,0.000,0.000,0.000,0.000,0.000,0.000,0.000,0.000,0.000,0.000,0.000,0.000,0.000,0.0000,1,1.0000,0.0000,0.0150,2.0000,25.0000,0.3750
91.585,1788986378.918,-1581.520,-2810.805,240.178,0.000,0.000,0.000,0.000,0.000,0.000,0.000,0.000,0.000,0.000,0.000,0.000,0.000,0.000,0.000,0.0000,1,1.0000,0.0000,0.0150,2.0000,25.0000,0.3750
91.715,1788986379.048,-1581.520,-2810.805,240.178,0.000,0.000,0.000,0.000,0.000,0.000,0.000,0.000,0.000,0.000,0.000,0.000,0.000,0.000,0.000,0.0000,1,1.0000,0.0000,0.0150,2.0000,25.0000,0.3750
91.819,1788986379.152,-1581.520,-2810.805,240.178,0.000,0.000,0.000,0.000,0.000,0.000,0.000,0.000,0.000,0.000,0.000,0.000,0.000,0.000,0.000,0.0000,1,1.0000,0.0000,0.0150,2.0000,25.0000,0.3750
91.922,1788986379.256,-1581.520,-2810.805,240.178,0.000,0.000,0.000,0.000,0.000,0.000,0.000,0.000,0.000,0.000,0.000,0.000,0.000,0.000,0.000,0.0000,1,1.0000,0.0000,0.0150,2.0000,25.0000,0.3750
92.056,1788986379.389,-1581.520,-2810.805,240.178,0.000,0.000,0.000,0.000,0.000,0.000,0.000,0.000,0.000,0.000,0.000,0.000,0.000,0.000,0.000,0.0000,1,1.0000,0.0000,0.0150,2.0000,25.0000,0.3750
92.166,1788986379.499,-1581.520,-2810.805,240.178,0.000,0.000,0.000,0.000,0.000,0.000,0.000,0.000,0.000,0.000,0.000,0.000,0.000,0.000,0.000,0.0000,1,1.0000,0.0000,0.0150,2.0000,25.0000,0.3750
92.302,1788986379.635,-1581.520,-2810.805,240.178,0.000,0.000,0.000,0.000,0.000,0.000,0.000,0.000,0.000,0.000,0.000,0.000,0.000,0.000,0.000,0.0000,1,1.0000,0.0000,0.0150,2.0000,25.0000,0.3750
92.449,1788986379.782,-1581.520,-2810.805,240.178,0.000,0.000,0.000,0.000,0.000,0.000,0.000,0.000,0.000,0.000,0.000,0.000,0.000,0.000,0.000,0.0000,1,1.0000,0.0000,0.0150,2.0000,25.0000,0.3750
92.585,1788986379.918,-1581.520,-2810.805,240.178,0.000,0.000,0.000,0.000,0.000,0.000,0.000,0.000,0.000,0.000,0.000,0.000,0.000,0.000,0.000,0.0000,1,1.0000,0.0000,0.0150,2.0000,25.0000,0.3750
92.694,1788986380.027,-1581.520,-2810.805,240.178,0.000,0.000,0.000,0.000,0.000,0.000,0.000,0.000,0.000,0.000,0.000,0.000,0.000,0.000,0.000,0.0000,1,1.0000,0.0000,0.0150,2.0000,25.0000,0.3750
92.798,1788986380.131,-1581.520,-2810.805,240.178,0.000,0.000,0.000,0.000,0.000,0.000,0.000,0.000,0.000,0.000,0.000,0.000,0.000,0.000,0.000,0.0000,1,1.0000,0.0000,0.0150,2.0000,25.0000,0.3750
92.907,1788986380.240,-1581.520,-2810.805,240.178,0.000,0.000,0.000,0.000,0.000,0.000,0.000,0.000,0.000,0.000,0.000,0.000,0.000,0.000,0.000,0.0000,1,1.0000,0.0000,0.0150,2.0000,25.0000,0.3750
93.113,1788986380.447,-1581.520,-2810.805,240.178,0.000,0.000,0.000,0.000,0.000,0.000,0.000,0.000,0.000,0.000,0.000,0.000,0.000,0.000,0.000,0.0000,1,1.0000,0.0000,0.0150,2.0000,25.0000,0.3750
93.243,1788986380.577,-1581.520,-2810.805,240.178,0.000,0.000,0.000,0.000,0.000,0.000,0.000,0.000,0.000,0.000,0.000,0.000,0.000,0.000,0.000,0.0000,1,1.0000,0.0000,0.0150,2.0000,25.0000,0.3750
93.381,1788986380.714,-1581.520,-2810.805,240.178,0.000,0.000,0.000,0.000,0.000,0.000,0.000,0.000,0.000,0.000,0.000,0.000,0.000,0.000,0.000,0.0000,1,1.0000,0.0000,0.0150,2.0000,25.0000,0.3750
93.509,1788986380.842,-1581.520,-2810.805,240.178,0.000,0.000,0.000,0.000,0.000,0.000,0.000,0.000,0.000,0.000,0.000,0.000,0.000,0.000,0.000,0.0000,1,1.0000,0.0000,0.0150,2.0000,25.0000,0.3750
93.624,1788986380.957,-1581.520,-2810.805,240.178,0.000,0.000,0.000,0.000,0.000,0.000,0.000,0.000,0.000,0.000,0.000,0.000,0.000,0.000,0.000,0.0000,1,1.0000,0.0000,0.0150,2.0000,25.0000,0.3750
93.755,1788986381.088,-1581.520,-2810.805,240.178,0.000,0.000,0.000,0.000,0.000,0.000,0.000,0.000,0.000,0.000,0.000,0.000,0.000,0.000,0.000,0.0000,1,1.0000,0.0000,0.0150,2.0000,25.0000,0.3750
93.914,1788986381.247,-1581.520,-2810.805,240.178,0.000,0.000,0.000,0.000,0.000,0.000,0.000,0.000,0.000,0.000,0.000,0.000,0.000,0.000,0.000,0.0000,1,1.0000,0.0000,0.0150,2.0000,25.0000,0.3750
94.044,1788986381.377,-1581.520,-2810.805,240.178,0.000,0.000,0.000,0.000,0.000,0.000,0.000,0.000,0.000,0.000,0.000,0.000,0.000,0.000,0.000,0.0000,1,1.0000,0.0000,0.0150,2.0000,25.0000,0.3750
94.185,1788986381.519,-1581.520,-2810.805,240.178,0.000,0.000,0.000,0.000,0.000,0.000,0.000,0.000,0.000,0.000,0.000,0.000,0.000,0.000,0.000,0.0000,1,1.0000,0.0000,0.0150,2.0000,25.0000,0.3750
94.305,1788986381.638,-1581.520,-2810.805,240.178,0.000,0.000,0.000,0.000,0.000,0.000,0.000,0.000,0.000,0.000,0.000,0.000,0.000,0.000,0.000,0.0000,1,1.0000,0.0000,0.0150,2.0000,25.0000,0.3750
94.408,1788986381.742,-1581.520,-2810.805,240.178,0.000,0.000,0.000,0.000,0.000,0.000,0.000,0.000,0.000,0.000,0.000,0.000,0.000,0.000,0.000,0.0000,1,1.0000,0.0000,0.0150,2.0000,25.0000,0.3750
94.522,1788986381.855,-1581.520,-2810.805,240.178,0.000,0.000,0.000,0.000,0.000,0.000,0.000,0.000,0.000,0.000,0.000,0.000,0.000,0.000,0.000,0.0000,1,1.0000,0.0000,0.0150,2.0000,25.0000,0.3750
94.625,1788986381.958,-1581.520,-2810.805,240.178,0.000,0.000,0.000,0.000,0.000,0.000,0.000,0.000,0.000,0.000,0.000,0.000,0.000,0.000,0.000,0.0000,1,1.0000,0.0000,0.0150,2.0000,25.0000,0.3750
94.730,1788986382.063,-1581.520,-2810.805,240.178,0.000,0.000,0.000,0.000,0.000,0.000,0.000,0.000,0.000,0.000,0.000,0.000,0.000,0.000,0.000,0.0000,1,1.0000,0.0000,0.0150,2.0000,25.0000,0.3750
94.833,1788986382.166,-1581.520,-2810.805,240.178,0.000,0.000,0.000,0.000,0.000,0.000,0.000,0.000,0.000,0.000,0.000,0.000,0.000,0.000,0.000,0.0000,1,1.0000,0.0000,0.0150,2.0000,25.0000,0.3750
94.963,1788986382.297,-1581.520,-2810.805,240.178,0.000,0.000,0.000,0.000,0.000,0.000,0.000,0.000,0.000,0.000,0.000,0.000,0.000,0.000,0.000,0.0000,1,1.0000,0.0000,0.0150,2.0000,25.0000,0.3750
95.067,1788986382.400,-1581.520,-2810.805,240.178,0.000,0.000,0.000,0.000,0.000,0.000,0.000,0.000,0.000,0.000,0.000,0.000,0.000,0.000,0.000,0.0000,1,1.0000,0.0000,0.0150,2.0000,25.0000,0.3750
95.171,1788986382.505,-1581.520,-2810.805,240.178,0.000,0.000,0.000,0.000,0.000,0.000,0.000,0.000,0.000,0.000,0.000,0.000,0.000,0.000,0.000,0.0000,1,1.0000,0.0000,0.0150,2.0000,25.0000,0.3750
95.275,1788986382.608,-1581.520,-2810.805,240.178,0.000,0.000,0.000,0.000,0.000,0.000,0.000,0.000,0.000,0.000,0.000,0.000,0.000,0.000,0.000,0.0000,1,1.0000,0.0000,0.0150,2.0000,25.0000,0.3750
95.405,1788986382.738,-1581.520,-2810.805,240.178,0.000,0.000,0.000,0.000,0.000,0.000,0.000,0.000,0.000,0.000,0.000,0.000,0.000,0.000,0.000,0.0000,1,1.0000,0.0000,0.0150,2.0000,25.0000,0.3750
95.507,1788986382.840,-1581.520,-2810.805,240.178,0.000,0.000,0.000,0.000,0.000,0.000,0.000,0.000,0.000,0.000,0.000,0.000,0.000,0.000,0.000,0.0000,1,1.0000,0.0000,0.0150,2.0000,25.0000,0.3750
95.610,1788986382.943,-1581.520,-2810.805,240.178,0.000,0.000,0.000,0.000,0.000,0.000,0.000,0.000,0.000,0.000,0.000,0.000,0.000,0.000,0.000,0.0000,1,1.0000,0.0000,0.0150,2.0000,25.0000,0.3750
95.713,1788986383.046,-1581.520,-2810.805,240.178,0.000,0.000,0.000,0.000,0.000,0.000,0.000,0.000,0.000,0.000,0.000,0.000,0.000,0.000,0.000,0.0000,1,1.0000,0.0000,0.0150,2.0000,25.0000,0.3750
95.816,1788986383.149,-1581.520,-2810.805,240.178,0.000,0.000,0.000,0.000,0.000,0.000,0.000,0.000,0.000,0.000,0.000,0.000,0.000,0.000,0.000,0.0000,1,1.0000,0.0000,0.0150,2.0000,25.0000,0.3750
95.929,1788986383.263,-1581.520,-2810.805,240.178,0.000,0.000,0.000,0.000,0.000,0.000,0.000,0.000,0.000,0.000,0.000,0.000,0.000,0.000,0.000,0.0000,1,1.0000,0.0000,0.0150,2.0000,25.0000,0.3750
96.040,1788986383.373,-1581.520,-2810.805,240.178,0.000,0.000,0.000,0.000,0.000,0.000,0.000,0.000,0.000,0.000,0.000,0.000,0.000,0.000,0.000,0.0000,1,1.0000,0.0000,0.0150,2.0000,25.0000,0.3750
96.154,1788986383.487,-1581.520,-2810.805,240.178,0.000,0.000,0.000,0.000,0.000,0.000,0.000,0.000,0.000,0.000,0.000,0.000,0.000,0.000,0.000,0.0000,1,1.0000,0.0000,0.0150,2.0000,25.0000,0.3750
96.256,1788986383.589,-1581.520,-2810.805,240.178,0.000,0.000,0.000,0.000,0.000,0.000,0.000,0.000,0.000,0.000,0.000,0.000,0.000,0.000,0.000,0.0000,1,1.0000,0.0000,0.0150,2.0000,25.0000,0.3750
96.373,1788986383.706,-1581.520,-2810.805,240.178,0.000,0.000,0.000,0.000,0.000,0.000,0.000,0.000,0.000,0.000,0.000,0.000,0.000,0.000,0.000,0.0000,1,1.0000,0.0000,0.0150,2.0000,25.0000,0.3750
96.476,1788986383.809,-1581.520,-2810.805,240.178,0.000,0.000,0.000,0.000,0.000,0.000,0.000,0.000,0.000,0.000,0.000,0.000,0.000,0.000,0.000,0.0000,1,1.0000,0.0000,0.0150,2.0000,25.0000,0.3750
96.579,1788986383.912,-1581.520,-2810.805,240.178,0.000,0.000,0.000,0.000,0.000,0.000,0.000,0.000,0.000,0.000,0.000,0.000,0.000,0.000,0.000,0.0000,1,1.0000,0.0000,0.0150,2.0000,25.0000,0.3750
96.682,1788986384.015,-1581.520,-2810.805,240.178,0.000,0.000,0.000,0.000,0.000,0.000,0.000,0.000,0.000,0.000,0.000,0.000,0.000,0.000,0.000,0.0000,1,1.0000,0.0000,0.0150,2.0000,25.0000,0.3750
96.804,1788986384.137,-1581.520,-2810.805,240.178,0.000,0.000,0.000,0.000,0.000,0.000,0.000,0.000,0.000,0.000,0.000,0.000,0.000,0.000,0.000,0.0000,1,1.0000,0.0000,0.0150,2.0000,25.0000,0.3750
96.907,1788986384.240,-1581.520,-2810.805,240.178,0.000,0.000,0.000,0.000,0.000,0.000,0.000,0.000,0.000,0.000,0.000,0.000,0.000,0.000,0.000,0.0000,1,1.0000,0.0000,0.0150,2.0000,25.0000,0.3750
97.010,1788986384.343,-1581.520,-2810.805,240.178,0.000,0.000,0.000,0.000,0.000,0.000,0.000,0.000,0.000,0.000,0.000,0.000,0.000,0.000,0.000,0.0000,1,1.0000,0.0000,0.0150,2.0000,25.0000,0.3750
97.111,1788986384.445,-1581.520,-2810.805,240.178,0.000,0.000,0.000,0.000,0.000,0.000,0.000,0.000,0.000,0.000,0.000,0.000,0.000,0.000,0.000,0.0000,1,1.0000,0.0000,0.0150,2.0000,25.0000,0.3750
97.214,1788986384.548,-1581.520,-2810.805,240.178,0.000,0.000,0.000,0.000,0.000,0.000,0.000,0.000,0.000,0.000,0.000,0.000,0.000,0.000,0.000,0.0000,1,1.0000,0.0000,0.0150,2.0000,25.0000,0.3750
97.321,1788986384.655,-1581.520,-2810.805,240.178,0.000,0.000,0.000,0.000,0.000,0.000,0.000,0.000,0.000,0.000,0.000,0.000,0.000,0.000,0.000,0.0000,1,1.0000,0.0000,0.0150,2.0000,25.0000,0.3750
97.424,1788986384.757,-1581.520,-2810.805,240.178,0.000,0.000,0.000,0.000,0.000,0.000,0.000,0.000,0.000,0.000,0.000,0.000,0.000,0.000,0.000,0.0000,1,1.0000,0.0000,0.0150,2.0000,25.0000,0.3750
97.539,1788986384.872,-1581.520,-2810.805,240.178,0.000,0.000,0.000,0.000,0.000,0.000,0.000,0.000,0.000,0.000,0.000,0.000,0.000,0.000,0.000,0.0000,1,1.0000,0.0000,0.0150,2.0000,25.0000,0.3750
97.642,1788986384.975,-1581.520,-2810.805,240.178,0.000,0.000,0.000,0.000,0.000,0.000,0.000,0.000,0.000,0.000,0.000,0.000,0.000,0.000,0.000,0.0000,1,1.0000,0.0000,0.0150,2.0000,25.0000,0.3750
97.753,1788986385.086,-1581.520,-2810.805,240.178,0.000,0.000,0.000,0.000,0.000,0.000,0.000,0.000,0.000,0.000,0.000,0.000,0.000,0.000,0.000,0.0000,1,1.0000,0.0000,0.0150,2.0000,25.0000,0.3750
97.855,1788986385.189,-1581.520,-2810.805,240.178,0.000,0.000,0.000,0.000,0.000,0.000,0.000,0.000,0.000,0.000,0.000,0.000,0.000,0.000,0.000,0.0000,1,1.0000,0.0000,0.0150,2.0000,25.0000,0.3750
97.972,1788986385.305,-1581.520,-2810.805,240.178,0.000,0.000,0.000,0.000,0.000,0.000,0.000,0.000,0.000,0.000,0.000,0.000,0.000,0.000,0.000,0.0000,1,1.0000,0.0000,0.0150,2.0000,25.0000,0.3750
98.075,1788986385.408,-1581.520,-2810.805,240.178,0.000,0.000,0.000,0.000,0.000,0.000,0.000,0.000,0.000,0.000,0.000,0.000,0.000,0.000,0.000,0.0000,1,1.0000,0.0000,0.0150,2.0000,25.0000,0.3750
98.178,1788986385.511,-1581.520,-2810.805,240.178,0.000,0.000,0.000,0.000,0.000,0.000,0.000,0.000,0.000,0.000,0.000,0.000,0.000,0.000,0.000,0.0000,1,1.0000,0.0000,0.0150,2.0000,25.0000,0.3750
98.281,1788986385.614,-1581.520,-2810.805,240.178,0.000,0.000,0.000,0.000,0.000,0.000,0.000,0.000,0.000,0.000,0.000,0.000,0.000,0.000,0.000,0.0000,1,1.0000,0.0000,0.0150,2.0000,25.0000,0.3750
98.412,1788986385.745,-1581.520,-2810.805,240.178,0.000,0.000,0.000,0.000,0.000,0.000,0.000,0.000,0.000,0.000,0.000,0.000,0.000,0.000,0.000,0.0000,1,1.0000,0.0000,0.0150,2.0000,25.0000,0.3750
98.514,1788986385.847,-1581.520,-2810.805,240.178,0.000,0.000,0.000,0.000,0.000,0.000,0.000,0.000,0.000,0.000,0.000,0.000,0.000,0.000,0.000,0.0000,1,1.0000,0.0000,0.0150,2.0000,25.0000,0.3750
98.616,1788986385.949,-1581.520,-2810.805,240.178,0.000,0.000,0.000,0.000,0.000,0.000,0.000,0.000,0.000,0.000,0.000,0.000,0.000,0.000,0.000,0.0000,1,1.0000,0.0000,0.0150,2.0000,25.0000,0.3750
98.719,1788986386.052,-1581.520,-2810.805,240.178,0.000,0.000,0.000,0.000,0.000,0.000,0.000,0.000,0.000,0.000,0.000,0.000,0.000,0.000,0.000,0.0000,1,1.0000,0.0000,0.0150,2.0000,25.0000,0.3750
98.821,1788986386.155,-1581.520,-2810.805,240.178,0.000,0.000,0.000,0.000,0.000,0.000,0.000,0.000,0.000,0.000,0.000,0.000,0.000,0.000,0.000,0.0000,1,1.0000,0.0000,0.0150,2.0000,25.0000,0.3750
98.945,1788986386.278,-1581.520,-2810.805,240.178,0.000,0.000,0.000,0.000,0.000,0.000,0.000,0.000,0.000,0.000,0.000,0.000,0.000,0.000,0.000,0.0000,1,1.0000,0.0000,0.0150,2.0000,25.0000,0.3750
99.048,1788986386.381,-1581.520,-2810.805,240.178,0.000,0.000,0.000,0.000,0.000,0.000,0.000,0.000,0.000,0.000,0.000,0.000,0.000,0.000,0.000,0.0000,1,1.0000,0.0000,0.0150,2.0000,25.0000,0.3750
99.150,1788986386.483,-1581.520,-2810.805,240.178,0.000,0.000,0.000,0.000,0.000,0.000,0.000,0.000,0.000,0.000,0.000,0.000,0.000,0.000,0.000,0.0000,1,1.0000,0.0000,0.0150,2.0000,25.0000,0.3750
99.252,1788986386.585,-1581.520,-2810.805,240.178,0.000,0.000,0.000,0.000,0.000,0.000,0.000,0.000,0.000,0.000,0.000,0.000,0.000,0.000,0.000,0.0000,1,1.0000,0.0000,0.0150,2.0000,25.0000,0.3750
99.355,1788986386.688,-1581.520,-2810.805,240.178,0.000,0.000,0.000,0.000,0.000,0.000,0.000,0.000,0.000,0.000,0.000,0.000,0.000,0.000,0.000,0.0000,1,1.0000,0.0000,0.0150,2.0000,25.0000,0.3750
99.478,1788986386.811,-1581.520,-2810.805,240.178,0.000,0.000,0.000,0.000,0.000,0.000,0.000,0.000,0.000,0.000,0.000,0.000,0.000,0.000,0.000,0.0000,1,1.0000,0.0000,0.0150,2.0000,25.0000,0.3750
99.580,1788986386.914,-1581.520,-2810.805,240.178,0.000,0.000,0.000,0.000,0.000,0.000,0.000,0.000,0.000,0.000,0.000,0.000,0.000,0.000,0.000,0.0000,1,1.0000,0.0000,0.0150,2.0000,25.0000,0.3750
99.696,1788986387.030,-1581.520,-2810.805,240.178,0.000,0.000,0.000,0.000,0.000,0.000,0.000,0.000,0.000,0.000,0.000,0.000,0.000,0.000,0.000,0.0000,1,1.0000,0.0000,0.0150,2.0000,25.0000,0.3750
99.803,1788986387.136,-1581.520,-2810.805,240.178,0.000,0.000,0.000,0.000,0.000,0.000,0.000,0.000,0.000,0.000,0.000,0.000,0.000,0.000,0.000,0.0000,1,1.0000,0.0000,0.0150,2.0000,25.0000,0.3750
99.905,1788986387.239,-1581.520,-2810.805,240.178,0.000,0.000,0.000,0.000,0.000,0.000,0.000,0.000,0.000,0.000,0.000,0.000,0.000,0.000,0.000,0.0000,1,1.0000,0.0000,0.0150,2.0000,25.0000,0.3750
100.007,1788986387.341,-1581.520,-2810.805,240.178,0.000,0.000,0.000,0.000,0.000,0.000,0.000,0.000,0.000,0.000,0.000,0.000,0.000,0.000,0.000,0.0000,1,1.0000,0.0000,0.0150,2.0000,25.0000,0.3750
100.110,1788986387.444,-1581.520,-2810.805,240.178,0.000,0.000,0.000,0.000,0.000,0.000,0.000,0.000,0.000,0.000,0.000,0.000,0.000,0.000,0.000,0.0000,1,1.0000,0.0000,0.0150,2.0000,25.0000,0.3750
100.245,1788986387.579,-1581.520,-2810.805,240.178,0.000,0.000,0.000,0.000,0.000,0.000,0.000,0.000,0.000,0.000,0.000,0.000,0.000,0.000,0.000,0.0000,1,1.0000,0.0000,0.0150,2.0000,25.0000,0.3750
100.378,1788986387.711,-1581.520,-2810.805,240.178,0.000,0.000,0.000,0.000,0.000,0.000,0.000,0.000,0.000,0.000,0.000,0.000,0.000,0.000,0.000,0.0000,1,1.0000,0.0000,0.0150,2.0000,25.0000,0.3750
100.506,1788986387.839,-1581.520,-2810.805,240.178,0.000,0.000,0.000,0.000,0.000,0.000,0.000,0.000,0.000,0.000,0.000,0.000,0.000,0.000,0.000,0.0000,1,1.0000,0.0000,0.0150,2.0000,25.0000,0.3750
100.621,1788986387.954,-1581.520,-2810.805,240.178,0.000,0.000,0.000,0.000,0.000,0.000,0.000,0.000,0.000,0.000,0.000,0.000,0.000,0.000,0.000,0.0000,1,1.0000,0.0000,0.0150,2.0000,25.0000,0.3750
100.730,1788986388.063,-1581.520,-2810.805,240.178,0.000,0.000,0.000,0.000,0.000,0.000,0.000,0.000,0.000,0.000,0.000,0.000,0.000,0.000,0.000,0.0000,1,1.0000,0.0000,0.0150,2.0000,25.0000,0.3750
100.844,1788986388.177,-1581.520,-2810.805,240.178,0.000,0.000,0.000,0.000,0.000,0.000,0.000,0.000,0.000,0.000,0.000,0.000,0.000,0.000,0.000,0.0000,1,1.0000,0.0000,0.0150,2.0000,25.0000,0.3750
100.947,1788986388.280,-1581.520,-2810.805,240.178,0.000,0.000,0.000,0.000,0.000,0.000,0.000,0.000,0.000,0.000,0.000,0.000,0.000,0.000,0.000,0.0000,1,1.0000,0.0000,0.0150,2.0000,25.0000,0.3750
101.054,1788986388.388,-1581.520,-2810.805,240.178,0.000,0.000,0.000,0.000,0.000,0.000,0.000,0.000,0.000,0.000,0.000,0.000,0.000,0.000,0.000,0.0000,1,1.0000,0.0000,0.0150,2.0000,25.0000,0.3750
101.157,1788986388.490,-1581.520,-2810.805,240.178,0.000,0.000,0.000,0.000,0.000,0.000,0.000,0.000,0.000,0.000,0.000,0.000,0.000,0.000,0.000,0.0000,1,1.0000,0.0000,0.0150,2.0000,25.0000,0.3750
101.277,1788986388.610,-1581.520,-2810.805,240.178,0.000,0.000,0.000,0.000,0.000,0.000,0.000,0.000,0.000,0.000,0.000,0.000,0.000,0.000,0.000,0.0000,1,1.0000,0.0000,0.0150,2.0000,25.0000,0.3750
101.380,1788986388.713,-1581.520,-2810.805,240.178,0.000,0.000,0.000,0.000,0.000,0.000,0.000,0.000,0.000,0.000,0.000,0.000,0.000,0.000,0.000,0.0000,1,1.0000,0.0000,0.0150,2.0000,25.0000,0.3750
101.488,1788986388.821,-1581.520,-2810.805,240.178,0.000,0.000,0.000,0.000,0.000,0.000,0.000,0.000,0.000,0.000,0.000,0.000,0.000,0.000,0.000,0.0000,1,1.0000,0.0000,0.0150,2.0000,25.0000,0.3750
101.613,1788986388.946,-1581.520,-2810.805,240.178,0.000,0.000,0.000,0.000,0.000,0.000,0.000,0.000,0.000,0.000,0.000,0.000,0.000,0.000,0.000,0.0000,1,1.0000,0.0000,0.0150,2.0000,25.0000,0.3750
101.736,1788986389.069,-1581.520,-2810.805,240.178,0.000,0.000,0.000,0.000,0.000,0.000,0.000,0.000,0.000,0.000,0.000,0.000,0.000,0.000,0.000,0.0000,1,1.0000,0.0000,0.0150,2.0000,25.0000,0.3750
101.869,1788986389.202,-1581.520,-2810.805,240.178,0.000,0.000,0.000,0.000,0.000,0.000,0.000,0.000,0.000,0.000,0.000,0.000,0.000,0.000,0.000,0.0000,1,1.0000,0.0000,0.0150,2.0000,25.0000,0.3750
101.971,1788986389.305,-1581.520,-2810.805,240.178,0.000,0.000,0.000,0.000,0.000,0.000,0.000,0.000,0.000,0.000,0.000,0.000,0.000,0.000,0.000,0.0000,1,1.0000,0.0000,0.0150,2.0000,25.0000,0.3750
102.074,1788986389.407,-1581.520,-2810.805,240.178,0.000,0.000,0.000,0.000,0.000,0.000,0.000,0.000,0.000,0.000,0.000,0.000,0.000,0.000,0.000,0.0000,1,1.0000,0.0000,0.0150,2.0000,25.0000,0.3750
102.176,1788986389.510,-1581.520,-2810.805,240.178,0.000,0.000,0.000,0.000,0.000,0.000,0.000,0.000,0.000,0.000,0.000,0.000,0.000,0.000,0.000,0.0000,1,1.0000,0.0000,0.0150,2.0000,25.0000,0.3750
102.295,1788986389.629,-1581.520,-2810.805,240.178,0.000,0.000,0.000,0.000,0.000,0.000,0.000,0.000,0.000,0.000,0.000,0.000,0.000,0.000,0.000,0.0000,1,1.0000,0.0000,0.0150,2.0000,25.0000,0.3750
102.410,1788986389.743,-1581.520,-2810.805,240.178,0.000,0.000,0.000,0.000,0.000,0.000,0.000,0.000,0.000,0.000,0.000,0.000,0.000,0.000,0.000,0.0000,1,1.0000,0.0000,0.0150,2.0000,25.0000,0.3750
102.513,1788986389.846,-1581.520,-2810.805,240.178,0.000,0.000,0.000,0.000,0.000,0.000,0.000,0.000,0.000,0.000,0.000,0.000,0.000,0.000,0.000,0.0000,1,1.0000,0.0000,0.0150,2.0000,25.0000,0.3750
102.620,1788986389.954,-1581.520,-2810.805,240.178,0.000,0.000,0.000,0.000,0.000,0.000,0.000,0.000,0.000,0.000,0.000,0.000,0.000,0.000,0.000,0.0000,1,1.0000,0.0000,0.0150,2.0000,25.0000,0.3750
102.735,1788986390.069,-1581.520,-2810.805,240.178,0.000,0.000,0.000,0.000,0.000,0.000,0.000,0.000,0.000,0.000,0.000,0.000,0.000,0.000,0.000,0.0000,1,1.0000,0.0000,0.0150,2.0000,25.0000,0.3750
102.838,1788986390.172,-1581.520,-2810.805,240.178,0.000,0.000,0.000,0.000,0.000,0.000,0.000,0.000,0.000,0.000,0.000,0.000,0.000,0.000,0.000,0.0000,1,1.0000,0.0000,0.0150,2.0000,25.0000,0.3750
103.022,1788986390.355,-1581.520,-2810.805,240.178,0.000,0.000,0.000,0.000,0.000,0.000,0.000,0.000,0.000,0.000,0.000,0.000,0.000,0.000,0.000,0.0000,1,1.0000,0.0000,0.0150,2.0000,25.0000,0.3750
103.148,1788986390.481,-1581.520,-2810.805,240.178,0.000,0.000,0.000,0.000,0.000,0.000,0.000,0.000,0.000,0.000,0.000,0.000,0.000,0.000,0.000,0.0000,1,1.0000,0.0000,0.0150,2.0000,25.0000,0.3750
103.250,1788986390.583,-1581.520,-2810.805,240.178,0.000,0.000,0.000,0.000,0.000,0.000,0.000,0.000,0.000,0.000,0.000,0.000,0.000,0.000,0.000,0.0000,1,1.0000,0.0000,0.0150,2.0000,25.0000,0.3750
103.368,1788986390.702,-1581.520,-2810.805,240.178,0.000,0.000,0.000,0.000,0.000,0.000,0.000,0.000,0.000,0.000,0.000,0.000,0.000,0.000,0.000,0.0000,1,1.0000,0.0000,0.0150,2.0000,25.0000,0.3750
103.470,1788986390.804,-1581.520,-2810.805,240.178,0.000,0.000,0.000,0.000,0.000,0.000,0.000,0.000,0.000,0.000,0.000,0.000,0.000,0.000,0.000,0.0000,1,1.0000,0.0000,0.0150,2.0000,25.0000,0.3750
103.573,1788986390.906,-1581.520,-2810.805,240.178,0.000,0.000,0.000,0.000,0.000,0.000,0.000,0.000,0.000,0.000,0.000,0.000,0.000,0.000,0.000,0.0000,1,1.0000,0.0000,0.0150,2.0000,25.0000,0.3750
103.677,1788986391.010,-1581.520,-2810.805,240.178,0.000,0.000,0.000,0.000,0.000,0.000,0.000,0.000,0.000,0.000,0.000,0.000,0.000,0.000,0.000,0.0000,1,1.0000,0.0000,0.0150,2.0000,25.0000,0.3750
103.779,1788986391.113,-1581.520,-2810.805,240.178,0.000,0.000,0.000,0.000,0.000,0.000,0.000,0.000,0.000,0.000,0.000,0.000,0.000,0.000,0.000,0.0000,1,1.0000,0.0000,0.0150,2.0000,25.0000,0.3750
103.882,1788986391.215,-1581.520,-2810.805,240.178,0.000,0.000,0.000,0.000,0.000,0.000,0.000,0.000,0.000,0.000,0.000,0.000,0.000,0.000,0.000,0.0000,1,1.0000,0.0000,0.0150,2.0000,25.0000,0.3750
103.985,1788986391.318,-1581.520,-2810.805,240.178,0.000,0.000,0.000,0.000,0.000,0.000,0.000,0.000,0.000,0.000,0.000,0.000,0.000,0.000,0.000,0.0000,1,1.0000,0.0000,0.0150,2.0000,25.0000,0.3750
104.088,1788986391.421,-1581.520,-2810.805,240.178,0.000,0.000,0.000,0.000,0.000,0.000,0.000,0.000,0.000,0.000,0.000,0.000,0.000,0.000,0.000,0.0000,1,1.0000,0.0000,0.0150,2.0000,25.0000,0.3750
104.190,1788986391.523,-1581.520,-2810.805,240.178,0.000,0.000,0.000,0.000,0.000,0.000,0.000,0.000,0.000,0.000,0.000,0.000,0.000,0.000,0.000,0.0000,1,1.0000,0.0000,0.0150,2.0000,25.0000,0.3750
104.292,1788986391.625,-1581.520,-2810.805,240.178,0.000,0.000,0.000,0.000,0.000,0.000,0.000,0.000,0.000,0.000,0.000,0.000,0.000,0.000,0.000,0.0000,1,1.0000,0.0000,0.0150,2.0000,25.0000,0.3750
104.410,1788986391.743,-1581.520,-2810.805,240.178,0.000,0.000,0.000,0.000,0.000,0.000,0.000,0.000,0.000,0.000,0.000,0.000,0.000,0.000,0.000,0.0000,1,1.0000,0.0000,0.0150,2.0000,25.0000,0.3750
104.512,1788986391.845,-1581.520,-2810.805,240.178,0.000,0.000,0.000,0.000,0.000,0.000,0.000,0.000,0.000,0.000,0.000,0.000,0.000,0.000,0.000,0.0000,1,1.0000,0.0000,0.0150,2.0000,25.0000,0.3750
104.627,1788986391.960,-1581.520,-2810.805,240.178,0.000,0.000,0.000,0.000,0.000,0.000,0.000,0.000,0.000,0.000,0.000,0.000,0.000,0.000,0.000,0.0000,1,1.0000,0.0000,0.0150,2.0000,25.0000,0.3750
104.729,1788986392.062,-1581.520,-2810.805,240.178,0.000,0.000,0.000,0.000,0.000,0.000,0.000,0.000,0.000,0.000,0.000,0.000,0.000,0.000,0.000,0.0000,1,1.0000,0.0000,0.0150,2.0000,25.0000,0.3750
104.832,1788986392.166,-1581.520,-2810.805,240.178,0.000,0.000,0.000,0.000,0.000,0.000,0.000,0.000,0.000,0.000,0.000,0.000,0.000,0.000,0.000,0.0000,1,1.0000,0.0000,0.0150,2.0000,25.0000,0.3750
104.936,1788986392.269,-1581.520,-2810.805,240.178,0.000,0.000,0.000,0.000,0.000,0.000,0.000,0.000,0.000,0.000,0.000,0.000,0.000,0.000,0.000,0.0000,1,1.0000,0.0000,0.0150,2.0000,25.0000,0.3750
105.039,1788986392.372,-1581.520,-2810.805,240.178,0.000,0.000,0.000,0.000,0.000,0.000,0.000,0.000,0.000,0.000,0.000,0.000,0.000,0.000,0.000,0.0000,1,1.0000,0.0000,0.0150,2.0000,25.0000,0.3750
105.142,1788986392.475,-1581.520,-2810.805,240.178,0.000,0.000,0.000,0.000,0.000,0.000,0.000,0.000,0.000,0.000,0.000,0.000,0.000,0.000,0.000,0.0000,1,1.0000,0.0000,0.0150,2.0000,25.0000,0.3750
105.245,1788986392.578,-1581.520,-2810.805,240.178,0.000,0.000,0.000,0.000,0.000,0.000,0.000,0.000,0.000,0.000,0.000,0.000,0.000,0.000,0.000,0.0000,1,1.0000,0.0000,0.0150,2.0000,25.0000,0.3750
105.347,1788986392.680,-1581.520,-2810.805,240.178,0.000,0.000,0.000,0.000,0.000,0.000,0.000,0.000,0.000,0.000,0.000,0.000,0.000,0.000,0.000,0.0000,1,1.0000,0.0000,0.0150,2.0000,25.0000,0.3750
105.450,1788986392.783,-1581.520,-2810.805,240.178,0.000,0.000,0.000,0.000,0.000,0.000,0.000,0.000,0.000,0.000,0.000,0.000,0.000,0.000,0.000,0.0000,1,1.0000,0.0000,0.0150,2.0000,25.0000,0.3750
105.552,1788986392.886,-1581.520,-2810.805,240.178,0.000,0.000,0.000,0.000,0.000,0.000,0.000,0.000,0.000,0.000,0.000,0.000,0.000,0.000,0.000,0.0000,1,1.0000,0.0000,0.0150,2.0000,25.0000,0.3750
105.654,1788986392.988,-1581.520,-2810.805,240.178,0.000,0.000,0.000,0.000,0.000,0.000,0.000,0.000,0.000,0.000,0.000,0.000,0.000,0.000,0.000,0.0000,1,1.0000,0.0000,0.0150,2.0000,25.0000,0.3750
105.757,1788986393.090,-1581.520,-2810.805,240.178,0.000,0.000,0.000,0.000,0.000,0.000,0.000,0.000,0.000,0.000,0.000,0.000,0.000,0.000,0.000,0.0000,1,1.0000,0.0000,0.0150,2.0000,25.0000,0.3750
105.859,1788986393.193,-1581.520,-2810.805,240.178,0.000,0.000,0.000,0.000,0.000,0.000,0.000,0.000,0.000,0.000,0.000,0.000,0.000,0.000,0.000,0.0000,1,1.0000,0.0000,0.0150,2.0000,25.0000,0.3750
105.962,1788986393.295,-1581.520,-2810.805,240.178,0.000,0.000,0.000,0.000,0.000,0.000,0.000,0.000,0.000,0.000,0.000,0.000,0.000,0.000,0.000,0.0000,1,1.0000,0.0000,0.0150,2.0000,25.0000,0.3750
106.064,1788986393.398,-1581.520,-2810.805,240.178,0.000,0.000,0.000,0.000,0.000,0.000,0.000,0.000,0.000,0.000,0.000,0.000,0.000,0.000,0.000,0.0000,1,1.0000,0.0000,0.0150,2.0000,25.0000,0.3750
106.167,1788986393.500,-1581.520,-2810.805,240.178,0.000,0.000,0.000,0.000,0.000,0.000,0.000,0.000,0.000,0.000,0.000,0.000,0.000,0.000,0.000,0.0000,1,1.0000,0.0000,0.0150,2.0000,25.0000,0.3750
106.269,1788986393.603,-1581.520,-2810.805,240.178,0.000,0.000,0.000,0.000,0.000,0.000,0.000,0.000,0.000,0.000,0.000,0.000,0.000,0.000,0.000,0.0000,1,1.0000,0.0000,0.0150,2.0000,25.0000,0.3750
106.373,1788986393.706,-1581.520,-2810.805,240.178,0.000,0.000,0.000,0.000,0.000,0.000,0.000,0.000,0.000,0.000,0.000,0.000,0.000,0.000,0.000,0.0000,1,1.0000,0.0000,0.0150,2.0000,25.0000,0.3750
106.475,1788986393.808,-1581.520,-2810.805,240.178,0.000,0.000,0.000,0.000,0.000,0.000,0.000,0.000,0.000,0.000,0.000,0.000,0.000,0.000,0.000,0.0000,1,1.0000,0.0000,0.0150,2.0000,25.0000,0.3750
106.584,1788986393.917,-1581.520,-2810.805,240.178,0.000,0.000,0.000,0.000,0.000,0.000,0.000,0.000,0.000,0.000,0.000,0.000,0.000,0.000,0.000,0.0000,1,1.0000,0.0000,0.0150,2.0000,25.0000,0.3750
106.686,1788986394.019,-1581.520,-2810.805,240.178,0.000,0.000,0.000,0.000,0.000,0.000,0.000,0.000,0.000,0.000,0.000,0.000,0.000,0.000,0.000,0.0000,1,1.0000,0.0000,0.0150,2.0000,25.0000,0.3750
106.800,1788986394.133,-1581.520,-2810.805,240.178,0.000,0.000,0.000,0.000,0.000,0.000,0.000,0.000,0.000,0.000,0.000,0.000,0.000,0.000,0.000,0.0000,1,1.0000,0.0000,0.0150,2.0000,25.0000,0.3750
106.903,1788986394.237,-1581.520,-2810.805,240.178,0.000,0.000,0.000,0.000,0.000,0.000,0.000,0.000,0.000,0.000,0.000,0.000,0.000,0.000,0.000,0.0000,1,1.0000,0.0000,0.0150,2.0000,25.0000,0.3750
107.008,1788986394.342,-1581.520,-2810.805,240.178,0.000,0.000,0.000,0.000,0.000,0.000,0.000,0.000,0.000,0.000,0.000,0.000,0.000,0.000,0.000,0.0000,1,1.0000,0.0000,0.0150,2.0000,25.0000,0.3750
107.111,1788986394.444,-1581.520,-2810.805,240.178,0.000,0.000,0.000,0.000,0.000,0.000,0.000,0.000,0.000,0.000,0.000,0.000,0.000,0.000,0.000,0.0000,1,1.0000,0.0000,0.0150,2.0000,25.0000,0.3750
107.233,1788986394.567,-1581.520,-2810.805,240.178,0.000,0.000,0.000,0.000,0.000,0.000,0.000,0.000,0.000,0.000,0.000,0.000,0.000,0.000,0.000,0.0000,1,1.0000,0.0000,0.0150,2.0000,25.0000,0.3750
107.350,1788986394.683,-1581.520,-2810.805,240.178,0.000,0.000,0.000,0.000,0.000,0.000,0.000,0.000,0.000,0.000,0.000,0.000,0.000,0.000,0.000,0.0000,1,1.0000,0.0000,0.0150,2.0000,25.0000,0.3750
107.452,1788986394.786,-1581.520,-2810.805,240.178,0.000,0.000,0.000,0.000,0.000,0.000,0.000,0.000,0.000,0.000,0.000,0.000,0.000,0.000,0.000,0.0000,1,1.0000,0.0000,0.0150,2.0000,25.0000,0.3750
107.558,1788986394.892,-1581.520,-2810.805,240.178,0.000,0.000,0.000,0.000,0.000,0.000,0.000,0.000,0.000,0.000,0.000,0.000,0.000,0.000,0.000,0.0000,1,1.0000,0.0000,0.0150,2.0000,25.0000,0.3750
107.661,1788986394.994,-1581.520,-2810.805,240.178,0.000,0.000,0.000,0.000,0.000,0.000,0.000,0.000,0.000,0.000,0.000,0.000,0.000,0.000,0.000,0.0000,1,1.0000,0.0000,0.0150,2.0000,25.0000,0.3750
107.775,1788986395.108,-1581.520,-2810.805,240.178,0.000,0.000,0.000,0.000,0.000,0.000,0.000,0.000,0.000,0.000,0.000,0.000,0.000,0.000,0.000,0.0000,1,1.0000,0.0000,0.0150,2.0000,25.0000,0.3750
107.878,1788986395.212,-1581.520,-2810.805,240.178,0.000,0.000,0.000,0.000,0.000,0.000,0.000,0.000,0.000,0.000,0.000,0.000,0.000,0.000,0.000,0.0000,1,1.0000,0.0000,0.0150,2.0000,25.0000,0.3750
107.992,1788986395.325,-1581.520,-2810.805,240.178,0.000,0.000,0.000,0.000,0.000,0.000,0.000,0.000,0.000,0.000,0.000,0.000,0.000,0.000,0.000,0.0000,1,1.0000,0.0000,0.0150,2.0000,25.0000,0.3750
108.095,1788986395.428,-1581.520,-2810.805,240.178,0.000,0.000,0.000,0.000,0.000,0.000,0.000,0.000,0.000,0.000,0.000,0.000,0.000,0.000,0.000,0.0000,1,1.0000,0.0000,0.0150,2.0000,25.0000,0.3750
108.207,1788986395.541,-1581.520,-2810.805,240.178,0.000,0.000,0.000,0.000,0.000,0.000,0.000,0.000,0.000,0.000,0.000,0.000,0.000,0.000,0.000,0.0000,1,1.0000,0.0000,0.0150,2.0000,25.0000,0.3750
108.310,1788986395.643,-1581.520,-2810.805,240.178,0.000,0.000,0.000,0.000,0.000,0.000,0.000,0.000,0.000,0.000,0.000,0.000,0.000,0.000,0.000,0.0000,1,1.0000,0.0000,0.0150,2.0000,25.0000,0.3750
108.424,1788986395.758,-1581.520,-2810.805,240.178,0.000,0.000,0.000,0.000,0.000,0.000,0.000,0.000,0.000,0.000,0.000,0.000,0.000,0.000,0.000,0.0000,1,1.0000,0.0000,0.0150,2.0000,25.0000,0.3750
108.527,1788986395.860,-1581.520,-2810.805,240.178,0.000,0.000,0.000,0.000,0.000,0.000,0.000,0.000,0.000,0.000,0.000,0.000,0.000,0.000,0.000,0.0000,1,1.0000,0.0000,0.0150,2.0000,25.0000,0.3750
108.650,1788986395.983,-1581.520,-2810.805,240.178,0.000,0.000,0.000,0.000,0.000,0.000,0.000,0.000,0.000,0.000,0.000,0.000,0.000,0.000,0.000,0.0000,1,1.0000,0.0000,0.0150,2.0000,25.0000,0.3750
108.752,1788986396.086,-1581.520,-2810.805,240.178,0.000,0.000,0.000,0.000,0.000,0.000,0.000,0.000,0.000,0.000,0.000,0.000,0.000,0.000,0.000,0.0000,1,1.0000,0.0000,0.0150,2.0000,25.0000,0.3750
108.866,1788986396.199,-1581.520,-2810.805,240.178,0.000,0.000,0.000,0.000,0.000,0.000,0.000,0.000,0.000,0.000,0.000,0.000,0.000,0.000,0.000,0.0000,1,1.0000,0.0000,0.0150,2.0000,25.0000,0.3750
108.968,1788986396.302,-1581.520,-2810.805,240.178,0.000,0.000,0.000,0.000,0.000,0.000,0.000,0.000,0.000,0.000,0.000,0.000,0.000,0.000,0.000,0.0000,1,1.0000,0.0000,0.0150,2.0000,25.0000,0.3750
109.082,1788986396.416,-1581.520,-2810.805,240.178,0.000,0.000,0.000,0.000,0.000,0.000,0.000,0.000,0.000,0.000,0.000,0.000,0.000,0.000,0.000,0.0000,1,1.0000,0.0000,0.0150,2.0000,25.0000,0.3750
109.185,1788986396.518,-1581.520,-2810.805,240.178,0.000,0.000,0.000,0.000,0.000,0.000,0.000,0.000,0.000,0.000,0.000,0.000,0.000,0.000,0.000,0.0000,1,1.0000,0.0000,0.0150,2.0000,25.0000,0.3750
109.299,1788986396.632,-1581.520,-2810.805,240.178,0.000,0.000,0.000,0.000,0.000,0.000,0.000,0.000,0.000,0.000,0.000,0.000,0.000,0.000,0.000,0.0000,1,1.0000,0.0000,0.0150,2.0000,25.0000,0.3750
109.416,1788986396.749,-1581.520,-2810.805,240.178,0.000,0.000,0.000,0.000,0.000,0.000,0.000,0.000,0.000,0.000,0.000,0.000,0.000,0.000,0.000,0.0000,1,1.0000,0.0000,0.0150,2.0000,25.0000,0.3750
109.518,1788986396.852,-1581.520,-2810.805,240.178,0.000,0.000,0.000,0.000,0.000,0.000,0.000,0.000,0.000,0.000,0.000,0.000,0.000,0.000,0.000,0.0000,1,1.0000,0.0000,0.0150,2.0000,25.0000,0.3750
109.632,1788986396.965,-1581.520,-2810.805,240.178,0.000,0.000,0.000,0.000,0.000,0.000,0.000,0.000,0.000,0.000,0.000,0.000,0.000,0.000,0.000,0.0000,1,1.0000,0.0000,0.0150,2.0000,25.0000,0.3750
109.749,1788986397.083,-1581.520,-2810.805,240.178,0.000,0.000,0.000,0.000,0.000,0.000,0.000,0.000,0.000,0.000,0.000,0.000,0.000,0.000,0.000,0.0000,1,1.0000,0.0000,0.0150,2.0000,25.0000,0.3750
109.852,1788986397.185,-1581.520,-2810.805,240.178,0.000,0.000,0.000,0.000,0.000,0.000,0.000,0.000,0.000,0.000,0.000,0.000,0.000,0.000,0.000,0.0000,1,1.0000,0.0000,0.0150,2.0000,25.0000,0.3750
109.957,1788986397.290,-1581.520,-2810.805,240.178,0.000,0.000,0.000,0.000,0.000,0.000,0.000,0.000,0.000,0.000,0.000,0.000,0.000,0.000,0.000,0.0000,1,1.0000,0.0000,0.0150,2.0000,25.0000,0.3750
110.059,1788986397.393,-1581.520,-2810.805,240.178,0.000,0.000,0.000,0.000,0.000,0.000,0.000,0.000,0.000,0.000,0.000,0.000,0.000,0.000,0.000,0.0000,1,1.0000,0.0000,0.0150,2.0000,25.0000,0.3750
110.174,1788986397.507,-1581.520,-2810.805,240.178,0.000,0.000,0.000,0.000,0.000,0.000,0.000,0.000,0.000,0.000,0.000,0.000,0.000,0.000,0.000,0.0000,1,1.0000,0.0000,0.0150,2.0000,25.0000,0.3750
110.277,1788986397.610,-1581.520,-2810.805,240.178,0.000,0.000,0.000,0.000,0.000,0.000,0.000,0.000,0.000,0.000,0.000,0.000,0.000,0.000,0.000,0.0000,1,1.0000,0.0000,0.0150,2.0000,25.0000,0.3750
110.380,1788986397.713,-1581.520,-2810.805,240.178,0.000,0.000,0.000,0.000,0.000,0.000,0.000,0.000,0.000,0.000,0.000,0.000,0.000,0.000,0.000,0.0000,1,1.0000,0.0000,0.0150,2.0000,25.0000,0.3750
110.481,1788986397.815,-1581.520,-2810.805,240.178,0.000,0.000,0.000,0.000,0.000,0.000,0.000,0.000,0.000,0.000,0.000,0.000,0.000,0.000,0.000,0.0000,1,1.0000,0.0000,0.0150,2.0000,25.0000,0.3750
110.607,1788986397.940,-1581.520,-2810.805,240.178,0.000,0.000,0.000,0.000,0.000,0.000,0.000,0.000,0.000,0.000,0.000,0.000,0.000,0.000,0.000,0.0000,1,1.0000,0.0000,0.0150,2.0000,25.0000,0.3750
110.709,1788986398.042,-1581.520,-2810.805,240.178,0.000,0.000,0.000,0.000,0.000,0.000,0.000,0.000,0.000,0.000,0.000,0.000,0.000,0.000,0.000,0.0000,1,1.0000,0.0000,0.0150,2.0000,25.0000,0.3750
110.824,1788986398.157,-1581.520,-2810.805,240.178,0.000,0.000,0.000,0.000,0.000,0.000,0.000,0.000,0.000,0.000,0.000,0.000,0.000,0.000,0.000,0.0000,1,1.0000,0.0000,0.0150,2.0000,25.0000,0.3750
110.926,1788986398.259,-1581.520,-2810.805,240.178,0.000,0.000,0.000,0.000,0.000,0.000,0.000,0.000,0.000,0.000,0.000,0.000,0.000,0.000,0.000,0.0000,1,1.0000,0.0000,0.0150,2.0000,25.0000,0.3750
111.049,1788986398.382,-1581.520,-2810.805,240.178,0.000,0.000,0.000,0.000,0.000,0.000,0.000,0.000,0.000,0.000,0.000,0.000,0.000,0.000,0.000,0.0000,1,1.0000,0.0000,0.0150,2.0000,25.0000,0.3750
111.152,1788986398.486,-1581.520,-2810.805,240.178,0.000,0.000,0.000,0.000,0.000,0.000,0.000,0.000,0.000,0.000,0.000,0.000,0.000,0.000,0.000,0.0000,1,1.0000,0.0000,0.0150,2.0000,25.0000,0.3750
111.265,1788986398.598,-1581.520,-2810.805,240.178,0.000,0.000,0.000,0.000,0.000,0.000,0.000,0.000,0.000,0.000,0.000,0.000,0.000,0.000,0.000,0.0000,1,1.0000,0.0000,0.0150,2.0000,25.0000,0.3750
111.407,1788986398.740,-1581.520,-2810.805,240.178,0.000,0.000,0.000,0.000,0.000,0.000,0.000,0.000,0.000,0.000,0.000,0.000,0.000,0.000,0.000,0.0000,1,1.0000,0.0000,0.0150,2.0000,25.0000,0.3750
111.509,1788986398.843,-1581.520,-2810.805,240.178,0.000,0.000,0.000,0.000,0.000,0.000,0.000,0.000,0.000,0.000,0.000,0.000,0.000,0.000,0.000,0.0000,1,1.0000,0.0000,0.0150,2.0000,25.0000,0.3750
111.631,1788986398.965,-1581.520,-2810.805,240.178,0.000,0.000,0.000,0.000,0.000,0.000,0.000,0.000,0.000,0.000,0.000,0.000,0.000,0.000,0.000,0.0000,1,1.0000,0.0000,0.0150,2.0000,25.0000,0.3750
111.748,1788986399.081,-1581.520,-2810.805,240.178,0.000,0.000,0.000,0.000,0.000,0.000,0.000,0.000,0.000,0.000,0.000,0.000,0.000,0.000,0.000,0.0000,1,1.0000,0.0000,0.0150,2.0000,25.0000,0.3750
111.850,1788986399.184,-1581.520,-2810.805,240.178,0.000,0.000,0.000,0.000,0.000,0.000,0.000,0.000,0.000,0.000,0.000,0.000,0.000,0.000,0.000,0.0000,1,1.0000,0.0000,0.0150,2.0000,25.0000,0.3750
111.953,1788986399.286,-1581.520,-2810.805,240.178,0.000,0.000,0.000,0.000,0.000,0.000,0.000,0.000,0.000,0.000,0.000,0.000,0.000,0.000,0.000,0.0000,1,1.0000,0.0000,0.0150,2.0000,25.0000,0.3750
112.057,1788986399.390,-1581.520,-2810.805,240.178,0.000,0.000,0.000,0.000,0.000,0.000,0.000,0.000,0.000,0.000,0.000,0.000,0.000,0.000,0.000,0.0000,1,1.0000,0.0000,0.0150,2.0000,25.0000,0.3750
112.159,1788986399.492,-1581.520,-2810.805,240.178,0.000,0.000,0.000,0.000,0.000,0.000,0.000,0.000,0.000,0.000,0.000,0.000,0.000,0.000,0.000,0.0000,1,1.0000,0.0000,0.0150,2.0000,25.0000,0.3750
112.262,1788986399.595,-1581.520,-2810.805,240.178,0.000,0.000,0.000,0.000,0.000,0.000,0.000,0.000,0.000,0.000,0.000,0.000,0.000,0.000,0.000,0.0000,1,1.0000,0.0000,0.0150,2.0000,25.0000,0.3750
112.365,1788986399.698,-1581.520,-2810.805,240.178,0.000,0.000,0.000,0.000,0.000,0.000,0.000,0.000,0.000,0.000,0.000,0.000,0.000,0.000,0.000,0.0000,1,1.0000,0.0000,0.0150,2.0000,25.0000,0.3750
112.467,1788986399.800,-1581.520,-2810.805,240.178,0.000,0.000,0.000,0.000,0.000,0.000,0.000,0.000,0.000,0.000,0.000,0.000,0.000,0.000,0.000,0.0000,1,1.0000,0.0000,0.0150,2.0000,25.0000,0.3750
112.569,1788986399.903,-1581.520,-2810.805,240.178,0.000,0.000,0.000,0.000,0.000,0.000,0.000,0.000,0.000,0.000,0.000,0.000,0.000,0.000,0.000,0.0000,1,1.0000,0.0000,0.0150,2.0000,25.0000,0.3750
112.672,1788986400.005,-1581.520,-2810.805,240.178,0.000,0.000,0.000,0.000,0.000,0.000,0.000,0.000,0.000,0.000,0.000,0.000,0.000,0.000,0.000,0.0000,1,1.0000,0.0000,0.0150,2.0000,25.0000,0.3750
112.775,1788986400.108,-1581.520,-2810.805,240.178,0.000,0.000,0.000,0.000,0.000,0.000,0.000,0.000,0.000,0.000,0.000,0.000,0.000,0.000,0.000,0.0000,1,1.0000,0.0000,0.0150,2.0000,25.0000,0.3750
112.878,1788986400.211,-1581.520,-2810.805,240.178,0.000,0.000,0.000,0.000,0.000,0.000,0.000,0.000,0.000,0.000,0.000,0.000,0.000,0.000,0.000,0.0000,1,1.0000,0.0000,0.0150,2.0000,25.0000,0.3750
112.981,1788986400.314,-1581.520,-2810.805,240.178,0.000,0.000,0.000,0.000,0.000,0.000,0.000,0.000,0.000,0.000,0.000,0.000,0.000,0.000,0.000,0.0000,1,1.0000,0.0000,0.0150,2.0000,25.0000,0.3750
113.084,1788986400.417,-1581.520,-2810.805,240.178,0.000,0.000,0.000,0.000,0.000,0.000,0.000,0.000,0.000,0.000,0.000,0.000,0.000,0.000,0.000,0.0000,1,1.0000,0.0000,0.0150,2.0000,25.0000,0.3750
113.187,1788986400.520,-1581.520,-2810.805,240.178,0.000,0.000,0.000,0.000,0.000,0.000,0.000,0.000,0.000,0.000,0.000,0.000,0.000,0.000,0.000,0.0000,1,1.0000,0.0000,0.0150,2.0000,25.0000,0.3750
113.291,1788986400.624,-1581.520,-2810.805,240.178,0.000,0.000,0.000,0.000,0.000,0.000,0.000,0.000,0.000,0.000,0.000,0.000,0.000,0.000,0.000,0.0000,1,1.0000,0.0000,0.0150,2.0000,25.0000,0.3750
113.393,1788986400.726,-1581.520,-2810.805,240.178,0.000,0.000,0.000,0.000,0.000,0.000,0.000,0.000,0.000,0.000,0.000,0.000,0.000,0.000,0.000,0.0000,1,1.0000,0.0000,0.0150,2.0000,25.0000,0.3750
113.495,1788986400.829,-1581.520,-2810.805,240.178,0.000,0.000,0.000,0.000,0.000,0.000,0.000,0.000,0.000,0.000,0.000,0.000,0.000,0.000,0.000,0.0000,1,1.0000,0.0000,0.0150,2.0000,25.0000,0.3750
113.598,1788986400.932,-1581.520,-2810.805,240.178,0.000,0.000,0.000,0.000,0.000,0.000,0.000,0.000,0.000,0.000,0.000,0.000,0.000,0.000,0.000,0.0000,1,1.0000,0.0000,0.0150,2.0000,25.0000,0.3750
113.701,1788986401.034,-1581.520,-2810.805,240.178,0.000,0.000,0.000,0.000,0.000,0.000,0.000,0.000,0.000,0.000,0.000,0.000,0.000,0.000,0.000,0.0000,1,1.0000,0.0000,0.0150,2.0000,25.0000,0.3750
113.804,1788986401.137,-1581.520,-2810.805,240.178,0.000,0.000,0.000,0.000,0.000,0.000,0.000,0.000,0.000,0.000,0.000,0.000,0.000,0.000,0.000,0.0000,1,1.0000,0.0000,0.0150,2.0000,25.0000,0.3750
113.906,1788986401.239,-1581.520,-2810.805,240.178,0.000,0.000,0.000,0.000,0.000,0.000,0.000,0.000,0.000,0.000,0.000,0.000,0.000,0.000,0.000,0.0000,1,1.0000,0.0000,0.0150,2.0000,25.0000,0.3750
114.008,1788986401.341,-1581.520,-2810.805,240.178,0.000,0.000,0.000,0.000,0.000,0.000,0.000,0.000,0.000,0.000,0.000,0.000,0.000,0.000,0.000,0.0000,1,1.0000,0.0000,0.0150,2.0000,25.0000,0.3750
114.111,1788986401.444,-1581.520,-2810.805,240.178,0.000,0.000,0.000,0.000,0.000,0.000,0.000,0.000,0.000,0.000,0.000,0.000,0.000,0.000,0.000,0.0000,1,1.0000,0.0000,0.0150,2.0000,25.0000,0.3750
114.212,1788986401.546,-1581.520,-2810.805,240.178,0.000,0.000,0.000,0.000,0.000,0.000,0.000,0.000,0.000,0.000,0.000,0.000,0.000,0.000,0.000,0.0000,1,1.0000,0.0000,0.0150,2.0000,25.0000,0.3750
114.316,1788986401.649,-1581.520,-2810.805,240.178,0.000,0.000,0.000,0.000,0.000,0.000,0.000,0.000,0.000,0.000,0.000,0.000,0.000,0.000,0.000,0.0000,1,1.0000,0.0000,0.0150,2.0000,25.0000,0.3750
114.419,1788986401.752,-1581.520,-2810.805,240.178,0.000,0.000,0.000,0.000,0.000,0.000,0.000,0.000,0.000,0.000,0.000,0.000,0.000,0.000,0.000,0.0000,1,1.0000,0.0000,0.0150,2.0000,25.0000,0.3750
114.521,1788986401.854,-1581.520,-2810.805,240.178,0.000,0.000,0.000,0.000,0.000,0.000,0.000,0.000,0.000,0.000,0.000,0.000,0.000,0.000,0.000,0.0000,1,1.0000,0.0000,0.0150,2.0000,25.0000,0.3750
114.624,1788986401.957,-1581.520,-2810.805,240.178,0.000,0.000,0.000,0.000,0.000,0.000,0.000,0.000,0.000,0.000,0.000,0.000,0.000,0.000,0.000,0.0000,1,1.0000,0.0000,0.0150,2.0000,25.0000,0.3750
114.726,1788986402.060,-1581.520,-2810.805,240.178,0.000,0.000,0.000,0.000,0.000,0.000,0.000,0.000,0.000,0.000,0.000,0.000,0.000,0.000,0.000,0.0000,1,1.0000,0.0000,0.0150,2.0000,25.0000,0.3750
114.829,1788986402.162,-1581.520,-2810.805,240.178,0.000,0.000,0.000,0.000,0.000,0.000,0.000,0.000,0.000,0.000,0.000,0.000,0.000,0.000,0.000,0.0000,1,1.0000,0.0000,0.0150,2.0000,25.0000,0.3750
114.932,1788986402.265,-1581.520,-2810.805,240.178,0.000,0.000,0.000,0.000,0.000,0.000,0.000,0.000,0.000,0.000,0.000,0.000,0.000,0.000,0.000,0.0000,1,1.0000,0.0000,0.0150,2.0000,25.0000,0.3750
115.035,1788986402.368,-1581.520,-2810.805,240.178,0.000,0.000,0.000,0.000,0.000,0.000,0.000,0.000,0.000,0.000,0.000,0.000,0.000,0.000,0.000,0.0000,1,1.0000,0.0000,0.0150,2.0000,25.0000,0.3750
115.138,1788986402.471,-1581.520,-2810.805,240.178,0.000,0.000,0.000,0.000,0.000,0.000,0.000,0.000,0.000,0.000,0.000,0.000,0.000,0.000,0.000,0.0000,1,1.0000,0.0000,0.0150,2.0000,25.0000,0.3750
115.241,1788986402.574,-1581.520,-2810.805,240.178,0.000,0.000,0.000,0.000,0.000,0.000,0.000,0.000,0.000,0.000,0.000,0.000,0.000,0.000,0.000,0.0000,1,1.0000,0.0000,0.0150,2.0000,25.0000,0.3750
115.344,1788986402.678,-1581.520,-2810.805,240.178,0.000,0.000,0.000,0.000,0.000,0.000,0.000,0.000,0.000,0.000,0.000,0.000,0.000,0.000,0.000,0.0000,1,1.0000,0.0000,0.0150,2.0000,25.0000,0.3750
115.447,1788986402.780,-1581.520,-2810.805,240.178,0.000,0.000,0.000,0.000,0.000,0.000,0.000,0.000,0.000,0.000,0.000,0.000,0.000,0.000,0.000,0.0000,1,1.0000,0.0000,0.0150,2.0000,25.0000,0.3750
115.551,1788986402.884,-1581.520,-2810.805,240.178,0.000,0.000,0.000,0.000,0.000,0.000,0.000,0.000,0.000,0.000,0.000,0.000,0.000,0.000,0.000,0.0000,1,1.0000,0.0000,0.0150,2.0000,25.0000,0.3750
115.654,1788986402.987,-1581.520,-2810.805,240.178,0.000,0.000,0.000,0.000,0.000,0.000,0.000,0.000,0.000,0.000,0.000,0.000,0.000,0.000,0.000,0.0000,1,1.0000,0.0000,0.0150,2.0000,25.0000,0.3750
115.757,1788986403.090,-1581.520,-2810.805,240.178,0.000,0.000,0.000,0.000,0.000,0.000,0.000,0.000,0.000,0.000,0.000,0.000,0.000,0.000,0.000,0.0000,1,1.0000,0.0000,0.0150,2.0000,25.0000,0.3750
115.860,1788986403.193,-1581.520,-2810.805,240.178,0.000,0.000,0.000,0.000,0.000,0.000,0.000,0.000,0.000,0.000,0.000,0.000,0.000,0.000,0.000,0.0000,1,1.0000,0.0000,0.0150,2.0000,25.0000,0.3750
115.962,1788986403.296,-1581.520,-2810.805,240.178,0.000,0.000,0.000,0.000,0.000,0.000,0.000,0.000,0.000,0.000,0.000,0.000,0.000,0.000,0.000,0.0000,1,1.0000,0.0000,0.0150,2.0000,25.0000,0.3750
116.065,1788986403.398,-1581.520,-2810.805,240.178,0.000,0.000,0.000,0.000,0.000,0.000,0.000,0.000,0.000,0.000,0.000,0.000,0.000,0.000,0.000,0.0000,1,1.0000,0.0000,0.0150,2.0000,25.0000,0.3750
116.168,1788986403.501,-1581.520,-2810.805,240.178,0.000,0.000,0.000,0.000,0.000,0.000,0.000,0.000,0.000,0.000,0.000,0.000,0.000,0.000,0.000,0.0000,1,1.0000,0.0000,0.0150,2.0000,25.0000,0.3750
116.271,1788986403.604,-1581.520,-2810.805,240.178,0.000,0.000,0.000,0.000,0.000,0.000,0.000,0.000,0.000,0.000,0.000,0.000,0.000,0.000,0.000,0.0000,1,1.0000,0.0000,0.0150,2.0000,25.0000,0.3750
116.374,1788986403.707,-1581.520,-2810.805,240.178,0.000,0.000,0.000,0.000,0.000,0.000,0.000,0.000,0.000,0.000,0.000,0.000,0.000,0.000,0.000,0.0000,1,1.0000,0.0000,0.0150,2.0000,25.0000,0.3750
116.476,1788986403.809,-1581.520,-2810.805,240.178,0.000,0.000,0.000,0.000,0.000,0.000,0.000,0.000,0.000,0.000,0.000,0.000,0.000,0.000,0.000,0.0000,1,1.0000,0.0000,0.0150,2.0000,25.0000,0.3750
116.578,1788986403.911,-1581.520,-2810.805,240.178,0.000,0.000,0.000,0.000,0.000,0.000,0.000,0.000,0.000,0.000,0.000,0.000,0.000,0.000,0.000,0.0000,1,1.0000,0.0000,0.0150,2.0000,25.0000,0.3750
116.680,1788986404.013,-1581.520,-2810.805,240.178,0.000,0.000,0.000,0.000,0.000,0.000,0.000,0.000,0.000,0.000,0.000,0.000,0.000,0.000,0.000,0.0000,1,1.0000,0.0000,0.0150,2.0000,25.0000,0.3750
116.783,1788986404.116,-1581.520,-2810.805,240.178,0.000,0.000,0.000,0.000,0.000,0.000,0.000,0.000,0.000,0.000,0.000,0.000,0.000,0.000,0.000,0.0000,1,1.0000,0.0000,0.0150,2.0000,25.0000,0.3750
116.886,1788986404.219,-1581.520,-2810.805,240.178,0.000,0.000,0.000,0.000,0.000,0.000,0.000,0.000,0.000,0.000,0.000,0.000,0.000,0.000,0.000,0.0000,1,1.0000,0.0000,0.0150,2.0000,25.0000,0.3750
116.989,1788986404.323,-1581.520,-2810.805,240.178,0.000,0.000,0.000,0.000,0.000,0.000,0.000,0.000,0.000,0.000,0.000,0.000,0.000,0.000,0.000,0.0000,1,1.0000,0.0000,0.0150,2.0000,25.0000,0.3750
117.092,1788986404.425,-1581.520,-2810.805,240.178,0.000,0.000,0.000,0.000,0.000,0.000,0.000,0.000,0.000,0.000,0.000,0.000,0.000,0.000,0.000,0.0000,1,1.0000,0.0000,0.0150,2.0000,25.0000,0.3750
117.195,1788986404.528,-1581.520,-2810.805,240.178,0.000,0.000,0.000,0.000,0.000,0.000,0.000,0.000,0.000,0.000,0.000,0.000,0.000,0.000,0.000,0.0000,1,1.0000,0.0000,0.0150,2.0000,25.0000,0.3750
117.297,1788986404.631,-1581.520,-2810.805,240.178,0.000,0.000,0.000,0.000,0.000,0.000,0.000,0.000,0.000,0.000,0.000,0.000,0.000,0.000,0.000,0.0000,1,1.0000,0.0000,0.0150,2.0000,25.0000,0.3750
117.400,1788986404.734,-1581.520,-2810.805,240.178,0.000,0.000,0.000,0.000,0.000,0.000,0.000,0.000,0.000,0.000,0.000,0.000,0.000,0.000,0.000,0.0000,1,1.0000,0.0000,0.0150,2.0000,25.0000,0.3750
117.504,1788986404.837,-1581.520,-2810.805,240.178,0.000,0.000,0.000,0.000,0.000,0.000,0.000,0.000,0.000,0.000,0.000,0.000,0.000,0.000,0.000,0.0000,1,1.0000,0.0000,0.0150,2.0000,25.0000,0.3750
117.606,1788986404.939,-1581.520,-2810.805,240.178,0.000,0.000,0.000,0.000,0.000,0.000,0.000,0.000,0.000,0.000,0.000,0.000,0.000,0.000,0.000,0.0000,1,1.0000,0.0000,0.0150,2.0000,25.0000,0.3750
117.708,1788986405.041,-1581.520,-2810.805,240.178,0.000,0.000,0.000,0.000,0.000,0.000,0.000,0.000,0.000,0.000,0.000,0.000,0.000,0.000,0.000,0.0000,1,1.0000,0.0000,0.0150,2.0000,25.0000,0.3750
117.811,1788986405.144,-1581.520,-2810.805,240.178,0.000,0.000,0.000,0.000,0.000,0.000,0.000,0.000,0.000,0.000,0.000,0.000,0.000,0.000,0.000,0.0000,1,1.0000,0.0000,0.0150,2.0000,25.0000,0.3750
117.914,1788986405.247,-1581.520,-2810.805,240.178,0.000,0.000,0.000,0.000,0.000,0.000,0.000,0.000,0.000,0.000,0.000,0.000,0.000,0.000,0.000,0.0000,1,1.0000,0.0000,0.0150,2.0000,25.0000,0.3750
118.017,1788986405.350,-1581.520,-2810.805,240.178,0.000,0.000,0.000,0.000,0.000,0.000,0.000,0.000,0.000,0.000,0.000,0.000,0.000,0.000,0.000,0.0000,1,1.0000,0.0000,0.0150,2.0000,25.0000,0.3750
118.120,1788986405.453,-1581.520,-2810.805,240.178,0.000,0.000,0.000,0.000,0.000,0.000,0.000,0.000,0.000,0.000,0.000,0.000,0.000,0.000,0.000,0.0000,1,1.0000,0.0000,0.0150,2.0000,25.0000,0.3750
118.223,1788986405.556,-1581.520,-2810.805,240.178,0.000,0.000,0.000,0.000,0.000,0.000,0.000,0.000,0.000,0.000,0.000,0.000,0.000,0.000,0.000,0.0000,1,1.0000,0.0000,0.0150,2.0000,25.0000,0.3750
118.326,1788986405.659,-1581.520,-2810.805,240.178,0.000,0.000,0.000,0.000,0.000,0.000,0.000,0.000,0.000,0.000,0.000,0.000,0.000,0.000,0.000,0.0000,1,1.0000,0.0000,0.0150,2.0000,25.0000,0.3750
118.429,1788986405.762,-1581.520,-2810.805,240.178,0.000,0.000,0.000,0.000,0.000,0.000,0.000,0.000,0.000,0.000,0.000,0.000,0.000,0.000,0.000,0.0000,1,1.0000,0.0000,0.0150,2.0000,25.0000,0.3750
118.532,1788986405.865,-1581.520,-2810.805,240.178,0.000,0.000,0.000,0.000,0.000,0.000,0.000,0.000,0.000,0.000,0.000,0.000,0.000,0.000,0.000,0.0000,1,1.0000,0.0000,0.0150,2.0000,25.0000,0.3750
118.634,1788986405.968,-1581.520,-2810.805,240.178,0.000,0.000,0.000,0.000,0.000,0.000,0.000,0.000,0.000,0.000,0.000,0.000,0.000,0.000,0.000,0.0000,1,1.0000,0.0000,0.0150,2.0000,25.0000,0.3750
118.737,1788986406.070,-1581.520,-2810.805,240.178,0.000,0.000,0.000,0.000,0.000,0.000,0.000,0.000,0.000,0.000,0.000,0.000,0.000,0.000,0.000,0.0000,1,1.0000,0.0000,0.0150,2.0000,25.0000,0.3750
118.840,1788986406.173,-1581.520,-2810.805,240.178,0.000,0.000,0.000,0.000,0.000,0.000,0.000,0.000,0.000,0.000,0.000,0.000,0.000,0.000,0.000,0.0000,1,1.0000,0.0000,0.0150,2.0000,25.0000,0.3750
118.943,1788986406.276,-1581.520,-2810.805,240.178,0.000,0.000,0.000,0.000,0.000,0.000,0.000,0.000,0.000,0.000,0.000,0.000,0.000,0.000,0.000,0.0000,1,1.0000,0.0000,0.0150,2.0000,25.0000,0.3750
119.046,1788986406.379,-1581.520,-2810.805,240.178,0.000,0.000,0.000,0.000,0.000,0.000,0.000,0.000,0.000,0.000,0.000,0.000,0.000,0.000,0.000,0.0000,1,1.0000,0.0000,0.0150,2.0000,25.0000,0.3750
119.149,1788986406.482,-1581.520,-2810.805,240.178,0.000,0.000,0.000,0.000,0.000,0.000,0.000,0.000,0.000,0.000,0.000,0.000,0.000,0.000,0.000,0.0000,1,1.0000,0.0000,0.0150,2.0000,25.0000,0.3750
119.252,1788986406.585,-1581.520,-2810.805,240.178,0.000,0.000,0.000,0.000,0.000,0.000,0.000,0.000,0.000,0.000,0.000,0.000,0.000,0.000,0.000,0.0000,1,1.0000,0.0000,0.0150,2.0000,25.0000,0.3750
119.354,1788986406.687,-1581.520,-2810.805,240.178,0.000,0.000,0.000,0.000,0.000,0.000,0.000,0.000,0.000,0.000,0.000,0.000,0.000,0.000,0.000,0.0000,1,1.0000,0.0000,0.0150,2.0000,25.0000,0.3750
119.457,1788986406.791,-1581.520,-2810.805,240.178,0.000,0.000,0.000,0.000,0.000,0.000,0.000,0.000,0.000,0.000,0.000,0.000,0.000,0.000,0.000,0.0000,1,1.0000,0.0000,0.0150,2.0000,25.0000,0.3750
119.561,1788986406.894,-1581.520,-2810.805,240.178,0.000,0.000,0.000,0.000,0.000,0.000,0.000,0.000,0.000,0.000,0.000,0.000,0.000,0.000,0.000,0.0000,1,1.0000,0.0000,0.0150,2.0000,25.0000,0.3750
119.663,1788986406.997,-1581.520,-2810.805,240.178,0.000,0.000,0.000,0.000,0.000,0.000,0.000,0.000,0.000,0.000,0.000,0.000,0.000,0.000,0.000,0.0000,1,1.0000,0.0000,0.0150,2.0000,25.0000,0.3750
119.766,1788986407.099,-1581.520,-2810.805,240.178,0.000,0.000,0.000,0.000,0.000,0.000,0.000,0.000,0.000,0.000,0.000,0.000,0.000,0.000,0.000,0.0000,1,1.0000,0.0000,0.0150,2.0000,25.0000,0.3750
119.869,1788986407.202,-1581.520,-2810.805,240.178,0.000,0.000,0.000,0.000,0.000,0.000,0.000,0.000,0.000,0.000,0.000,0.000,0.000,0.000,0.000,0.0000,1,1.0000,0.0000,0.0150,2.0000,25.0000,0.3750
119.972,1788986407.305,-1581.520,-2810.805,240.178,0.000,0.000,0.000,0.000,0.000,0.000,0.000,0.000,0.000,0.000,0.000,0.000,0.000,0.000,0.000,0.0000,1,1.0000,0.0000,0.0150,2.0000,25.0000,0.3750
120.074,1788986407.408,-1581.520,-2810.805,240.178,0.000,0.000,0.000,0.000,0.000,0.000,0.000,0.000,0.000,0.000,0.000,0.000,0.000,0.000,0.000,0.0000,1,1.0000,0.0000,0.0150,2.0000,25.0000,0.3750
120.178,1788986407.511,-1581.520,-2810.805,240.178,0.000,0.000,0.000,0.000,0.000,0.000,0.000,0.000,0.000,0.000,0.000,0.000,0.000,0.000,0.000,0.0000,1,1.0000,0.0000,0.0150,2.0000,25.0000,0.3750
120.279,1788986407.613,-1581.520,-2810.805,240.178,0.000,0.000,0.000,0.000,0.000,0.000,0.000,0.000,0.000,0.000,0.000,0.000,0.000,0.000,0.000,0.0000,1,1.0000,0.0000,0.0150,2.0000,25.0000,0.3750
120.382,1788986407.715,-1581.520,-2810.805,240.178,0.000,0.000,0.000,0.000,0.000,0.000,0.000,0.000,0.000,0.000,0.000,0.000,0.000,0.000,0.000,0.0000,1,1.0000,0.0000,0.0150,2.0000,25.0000,0.3750
120.485,1788986407.818,-1581.520,-2810.805,240.178,0.000,0.000,0.000,0.000,0.000,0.000,0.000,0.000,0.000,0.000,0.000,0.000,0.000,0.000,0.000,0.0000,1,1.0000,0.0000,0.0150,2.0000,25.0000,0.3750
120.587,1788986407.920,-1581.520,-2810.805,240.178,0.000,0.000,0.000,0.000,0.000,0.000,0.000,0.000,0.000,0.000,0.000,0.000,0.000,0.000,0.000,0.0000,1,1.0000,0.0000,0.0150,2.0000,25.0000,0.3750
120.689,1788986408.023,-1581.520,-2810.805,240.178,0.000,0.000,0.000,0.000,0.000,0.000,0.000,0.000,0.000,0.000,0.000,0.000,0.000,0.000,0.000,0.0000,1,1.0000,0.0000,0.0150,2.0000,25.0000,0.3750
120.792,1788986408.125,-1581.520,-2810.805,240.178,0.000,0.000,0.000,0.000,0.000,0.000,0.000,0.000,0.000,0.000,0.000,0.000,0.000,0.000,0.000,0.0000,1,1.0000,0.0000,0.0150,2.0000,25.0000,0.3750
120.895,1788986408.228,-1581.520,-2810.805,240.178,0.000,0.000,0.000,0.000,0.000,0.000,0.000,0.000,0.000,0.000,0.000,0.000,0.000,0.000,0.000,0.0000,1,1.0000,0.0000,0.0150,2.0000,25.0000,0.3750
120.998,1788986408.331,-1581.520,-2810.805,240.178,0.000,0.000,0.000,0.000,0.000,0.000,0.000,0.000,0.000,0.000,0.000,0.000,0.000,0.000,0.000,0.0000,1,1.0000,0.0000,0.0150,2.0000,25.0000,0.3750
121.100,1788986408.433,-1581.520,-2810.805,240.178,0.000,0.000,0.000,0.000,0.000,0.000,0.000,0.000,0.000,0.000,0.000,0.000,0.000,0.000,0.000,0.0000,1,1.0000,0.0000,0.0150,2.0000,25.0000,0.3750
121.202,1788986408.535,-1581.520,-2810.805,240.178,0.000,0.000,0.000,0.000,0.000,0.000,0.000,0.000,0.000,0.000,0.000,0.000,0.000,0.000,0.000,0.0000,1,1.0000,0.0000,0.0150,2.0000,25.0000,0.3750
121.306,1788986408.639,-1581.520,-2810.805,240.178,0.000,0.000,0.000,0.000,0.000,0.000,0.000,0.000,0.000,0.000,0.000,0.000,0.000,0.000,0.000,0.0000,1,1.0000,0.0000,0.0150,2.0000,25.0000,0.3750
121.410,1788986408.743,-1581.520,-2810.805,240.178,0.000,0.000,0.000,0.000,0.000,0.000,0.000,0.000,0.000,0.000,0.000,0.000,0.000,0.000,0.000,0.0000,1,1.0000,0.0000,0.0150,2.0000,25.0000,0.3750
121.513,1788986408.846,-1581.520,-2810.805,240.178,0.000,0.000,0.000,0.000,0.000,0.000,0.000,0.000,0.000,0.000,0.000,0.000,0.000,0.000,0.000,0.0000,1,1.0000,0.0000,0.0150,2.0000,25.0000,0.3750
121.615,1788986408.948,-1581.520,-2810.805,240.178,0.000,0.000,0.000,0.000,0.000,0.000,0.000,0.000,0.000,0.000,0.000,0.000,0.000,0.000,0.000,0.0000,1,1.0000,0.0000,0.0150,2.0000,25.0000,0.3750
121.717,1788986409.051,-1581.520,-2810.805,240.178,0.000,0.000,0.000,0.000,0.000,0.000,0.000,0.000,0.000,0.000,0.000,0.000,0.000,0.000,0.000,0.0000,1,1.0000,0.0000,0.0150,2.0000,25.0000,0.3750
121.820,1788986409.154,-1581.520,-2810.805,240.178,0.000,0.000,0.000,0.000,0.000,0.000,0.000,0.000,0.000,0.000,0.000,0.000,0.000,0.000,0.000,0.0000,1,1.0000,0.0000,0.0150,2.0000,25.0000,0.3750
121.923,1788986409.256,-1581.520,-2810.805,240.178,0.000,0.000,0.000,0.000,0.000,0.000,0.000,0.000,0.000,0.000,0.000,0.000,0.000,0.000,0.000,0.0000,1,1.0000,0.0000,0.0150,2.0000,25.0000,0.3750
122.025,1788986409.358,-1581.520,-2810.805,240.178,0.000,0.000,0.000,0.000,0.000,0.000,0.000,0.000,0.000,0.000,0.000,0.000,0.000,0.000,0.000,0.0000,1,1.0000,0.0000,0.0150,2.0000,25.0000,0.3750
122.128,1788986409.461,-1581.520,-2810.805,240.178,0.000,0.000,0.000,0.000,0.000,0.000,0.000,0.000,0.000,0.000,0.000,0.000,0.000,0.000,0.000,0.0000,1,1.0000,0.0000,0.0150,2.0000,25.0000,0.3750
122.231,1788986409.564,-1581.520,-2810.805,240.178,0.000,0.000,0.000,0.000,0.000,0.000,0.000,0.000,0.000,0.000,0.000,0.000,0.000,0.000,0.000,0.0000,1,1.0000,0.0000,0.0150,2.0000,25.0000,0.3750
122.333,1788986409.667,-1581.520,-2810.805,240.178,0.000,0.000,0.000,0.000,0.000,0.000,0.000,0.000,0.000,0.000,0.000,0.000,0.000,0.000,0.000,0.0000,1,1.0000,0.0000,0.0150,2.0000,25.0000,0.3750
122.437,1788986409.771,-1581.520,-2810.805,240.178,0.000,0.000,0.000,0.000,0.000,0.000,0.000,0.000,0.000,0.000,0.000,0.000,0.000,0.000,0.000,0.0000,1,1.0000,0.0000,0.0150,2.0000,25.0000,0.3750
122.541,1788986409.874,-1581.520,-2810.805,240.178,0.000,0.000,0.000,0.000,0.000,0.000,0.000,0.000,0.000,0.000,0.000,0.000,0.000,0.000,0.000,0.0000,1,1.0000,0.0000,0.0150,2.0000,25.0000,0.3750
122.643,1788986409.976,-1581.520,-2810.805,240.178,0.000,0.000,0.000,0.000,0.000,0.000,0.000,0.000,0.000,0.000,0.000,0.000,0.000,0.000,0.000,0.0000,1,1.0000,0.0000,0.0150,2.0000,25.0000,0.3750
122.746,1788986410.079,-1581.520,-2810.805,240.178,0.000,0.000,0.000,0.000,0.000,0.000,0.000,0.000,0.000,0.000,0.000,0.000,0.000,0.000,0.000,0.0000,1,1.0000,0.0000,0.0150,2.0000,25.0000,0.3750
122.848,1788986410.181,-1581.520,-2810.805,240.178,0.000,0.000,0.000,0.000,0.000,0.000,0.000,0.000,0.000,0.000,0.000,0.000,0.000,0.000,0.000,0.0000,1,1.0000,0.0000,0.0150,2.0000,25.0000,0.3750
122.950,1788986410.283,-1581.520,-2810.805,240.178,0.000,0.000,0.000,0.000,0.000,0.000,0.000,0.000,0.000,0.000,0.000,0.000,0.000,0.000,0.000,0.0000,1,1.0000,0.0000,0.0150,2.0000,25.0000,0.3750
123.052,1788986410.386,-1581.520,-2810.805,240.178,0.000,0.000,0.000,0.000,0.000,0.000,0.000,0.000,0.000,0.000,0.000,0.000,0.000,0.000,0.000,0.0000,1,1.0000,0.0000,0.0150,2.0000,25.0000,0.3750
123.155,1788986410.488,-1581.520,-2810.805,240.178,0.000,0.000,0.000,0.000,0.000,0.000,0.000,0.000,0.000,0.000,0.000,0.000,0.000,0.000,0.000,0.0000,1,1.0000,0.0000,0.0150,2.0000,25.0000,0.3750
123.258,1788986410.591,-1581.520,-2810.805,240.178,0.000,0.000,0.000,0.000,0.000,0.000,0.000,0.000,0.000,0.000,0.000,0.000,0.000,0.000,0.000,0.0000,1,1.0000,0.0000,0.0150,2.0000,25.0000,0.3750
123.361,1788986410.694,-1581.520,-2810.805,240.178,0.000,0.000,0.000,0.000,0.000,0.000,0.000,0.000,0.000,0.000,0.000,0.000,0.000,0.000,0.000,0.0000,1,1.0000,0.0000,0.0150,2.0000,25.0000,0.3750
123.463,1788986410.797,-1581.520,-2810.805,240.178,0.000,0.000,0.000,0.000,0.000,0.000,0.000,0.000,0.000,0.000,0.000,0.000,0.000,0.000,0.000,0.0000,1,1.0000,0.0000,0.0150,2.0000,25.0000,0.3750
123.567,1788986410.900,-1581.520,-2810.805,240.178,0.000,0.000,0.000,0.000,0.000,0.000,0.000,0.000,0.000,0.000,0.000,0.000,0.000,0.000,0.000,0.0000,1,1.0000,0.0000,0.0150,2.0000,25.0000,0.3750
123.669,1788986411.003,-1581.520,-2810.805,240.178,0.000,0.000,0.000,0.000,0.000,0.000,0.000,0.000,0.000,0.000,0.000,0.000,0.000,0.000,0.000,0.0000,1,1.0000,0.0000,0.0150,2.0000,25.0000,0.3750
123.772,1788986411.105,-1581.520,-2810.805,240.178,0.000,0.000,0.000,0.000,0.000,0.000,0.000,0.000,0.000,0.000,0.000,0.000,0.000,0.000,0.000,0.0000,1,1.0000,0.0000,0.0150,2.0000,25.0000,0.3750
123.875,1788986411.208,-1581.520,-2810.805,240.178,0.000,0.000,0.000,0.000,0.000,0.000,0.000,0.000,0.000,0.000,0.000,0.000,0.000,0.000,0.000,0.0000,1,1.0000,0.0000,0.0150,2.0000,25.0000,0.3750
123.977,1788986411.310,-1581.520,-2810.805,240.178,0.000,0.000,0.000,0.000,0.000,0.000,0.000,0.000,0.000,0.000,0.000,0.000,0.000,0.000,0.000,0.0000,1,1.0000,0.0000,0.0150,2.0000,25.0000,0.3750
124.080,1788986411.413,-1581.520,-2810.805,240.178,0.000,0.000,0.000,0.000,0.000,0.000,0.000,0.000,0.000,0.000,0.000,0.000,0.000,0.000,0.000,0.0000,1,1.0000,0.0000,0.0150,2.0000,25.0000,0.3750
124.183,1788986411.516,-1581.520,-2810.805,240.178,0.000,0.000,0.000,0.000,0.000,0.000,0.000,0.000,0.000,0.000,0.000,0.000,0.000,0.000,0.000,0.0000,1,1.0000,0.0000,0.0150,2.0000,25.0000,0.3750
124.285,1788986411.618,-1581.520,-2810.805,240.178,0.000,0.000,0.000,0.000,0.000,0.000,0.000,0.000,0.000,0.000,0.000,0.000,0.000,0.000,0.000,0.0000,1,1.0000,0.0000,0.0150,2.0000,25.0000,0.3750
124.388,1788986411.721,-1581.520,-2810.805,240.178,0.000,0.000,0.000,0.000,0.000,0.000,0.000,0.000,0.000,0.000,0.000,0.000,0.000,0.000,0.000,0.0000,1,1.0000,0.0000,0.0150,2.0000,25.0000,0.3750
124.491,1788986411.825,-1581.520,-2810.805,240.178,0.000,0.000,0.000,0.000,0.000,0.000,0.000,0.000,0.000,0.000,0.000,0.000,0.000,0.000,0.000,0.0000,1,1.0000,0.0000,0.0150,2.0000,25.0000,0.3750
124.594,1788986411.927,-1581.520,-2810.805,240.178,0.000,0.000,0.000,0.000,0.000,0.000,0.000,0.000,0.000,0.000,0.000,0.000,0.000,0.000,0.000,0.0000,1,1.0000,0.0000,0.0150,2.0000,25.0000,0.3750
124.696,1788986412.029,-1581.520,-2810.805,240.178,0.000,0.000,0.000,0.000,0.000,0.000,0.000,0.000,0.000,0.000,0.000,0.000,0.000,0.000,0.000,0.0000,1,1.0000,0.0000,0.0150,2.0000,25.0000,0.3750
124.799,1788986412.132,-1581.520,-2810.805,240.178,0.000,0.000,0.000,0.000,0.000,0.000,0.000,0.000,0.000,0.000,0.000,0.000,0.000,0.000,0.000,0.0000,1,1.0000,0.0000,0.0150,2.0000,25.0000,0.3750
124.901,1788986412.235,-1581.520,-2810.805,240.178,0.000,0.000,0.000,0.000,0.000,0.000,0.000,0.000,0.000,0.000,0.000,0.000,0.000,0.000,0.000,0.0000,1,1.0000,0.0000,0.0150,2.0000,25.0000,0.3750
125.004,1788986412.337,-1581.520,-2810.805,240.178,0.000,0.000,0.000,0.000,0.000,0.000,0.000,0.000,0.000,0.000,0.000,0.000,0.000,0.000,0.000,0.0000,1,1.0000,0.0000,0.0150,2.0000,25.0000,0.3750
125.107,1788986412.440,-1581.520,-2810.805,240.178,0.000,0.000,0.000,0.000,0.000,0.000,0.000,0.000,0.000,0.000,0.000,0.000,0.000,0.000,0.000,0.0000,1,1.0000,0.0000,0.0150,2.0000,25.0000,0.3750
125.210,1788986412.543,-1581.520,-2810.805,240.178,0.000,0.000,0.000,0.000,0.000,0.000,0.000,0.000,0.000,0.000,0.000,0.000,0.000,0.000,0.000,0.0000,1,1.0000,0.0000,0.0150,2.0000,25.0000,0.3750
125.313,1788986412.646,-1581.520,-2810.805,240.178,0.000,0.000,0.000,0.000,0.000,0.000,0.000,0.000,0.000,0.000,0.000,0.000,0.000,0.000,0.000,0.0000,1,1.0000,0.0000,0.0150,2.0000,25.0000,0.3750
125.416,1788986412.749,-1581.520,-2810.805,240.178,0.000,0.000,0.000,0.000,0.000,0.000,0.000,0.000,0.000,0.000,0.000,0.000,0.000,0.000,0.000,0.0000,1,1.0000,0.0000,0.0150,2.0000,25.0000,0.3750
125.519,1788986412.852,-1581.520,-2810.805,240.178,0.000,0.000,0.000,0.000,0.000,0.000,0.000,0.000,0.000,0.000,0.000,0.000,0.000,0.000,0.000,0.0000,1,1.0000,0.0000,0.0150,2.0000,25.0000,0.3750
125.622,1788986412.956,-1581.520,-2810.805,240.178,0.000,0.000,0.000,0.000,0.000,0.000,0.000,0.000,0.000,0.000,0.000,0.000,0.000,0.000,0.000,0.0000,1,1.0000,0.0000,0.0150,2.0000,25.0000,0.3750
125.725,1788986413.058,-1581.520,-2810.805,240.178,0.000,0.000,0.000,0.000,0.000,0.000,0.000,0.000,0.000,0.000,0.000,0.000,0.000,0.000,0.000,0.0000,1,1.0000,0.0000,0.0150,2.0000,25.0000,0.3750
125.844,1788986413.177,-1581.520,-2810.805,240.178,0.000,0.000,0.000,0.000,0.000,0.000,0.000,0.000,0.000,0.000,0.000,0.000,0.000,0.000,0.000,0.0000,1,1.0000,0.0000,0.0150,2.0000,25.0000,0.3750
