[auto] ================ ATTEMPT 1 / 5 ================
[crashdump] no pending crash reports to archive (and no crashpad handoff in Loki.log).
[auto] launching...
Building community backend...
Starting community backend (:8080 HTTP + :443 HTTPS)...
Server up; cert chain generated.
#1 GET /revival/missions/progress -> 200
Backend serving HTTP (probe http://127.0.0.1:8080/revival/missions/progress -> 200).
Appending Root CA to game cacert.pem...
Hosts entries added:
  127.0.0.1  accounts.projectloki.theorycraftgames.com
  127.0.0.1  client-config-jx-prod.prodcluster.awsinfra.theorycraftgames.com
bVerifyPeer override already present.
  (Engine.ini set read-only)
[crashdump] no pending crash reports to archive (and no crashpad handoff in Loki.log).
Crash-capture armed: dumps/crash-20260823-170642 (log: docs/crashwatch.out.log)
  idle until the game crashes; then suspends it and dumps before it exits.
Launching SUPERVIVE (PostAuth -> http://localhost:8080)...
[auto] PID=57016 BASE=0x7FF704F00000 started=08/23/2026 17:06:42
#2 GET /configuration/public -> 200
#3 GET /basic/v1/public/misc/time -> 200
#4 POST /iam/v4/oauth/platforms/steam/token -> 200
#5 GET /iam/v3/public/users/me -> 200
#6 POST /postauth/reconcileRoles -> 200
#7 GET /iam/v3/public/inputValidations -> 200
#8 GET /configuration/client -> 200
#9 GET /storefront/battlepass/progressiontracks -> 200
#10 GET /content-service/manifest/release2.4.live-156430-shipping -> 200

* 17:07:18.256  WS connected /notifications/players/9b9d2c887e2524f918e383a895f2f1c2 (subproto="wss") envelope=[""..""]

* 17:07:18.268  WS connected /lobby (subproto="wss") envelope=["LbS".."LbE"]
#11 GET /personalization/players/9b9d2c887e2524f918e383a895f2f1c2 -> 200
#13 POST /discord-api/account/token -> 200
#12 GET /player-stats/players/9b9d2c887e2524f918e383a895f2f1c2 -> 200
#14 GET /personalization/players/9b9d2c887e2524f918e383a895f2f1c2/clientprofile -> 200
#15 GET /iam/v4/public/namespaces/supervive/users/9b9d2c887e2524f918e383a895f2f1c2 -> 200
#16 GET /party/players/9b9d2c887e2524f918e383a895f2f1c2/voice -> 200
#21 GET /storefront/heroes -> 200
#24 GET /inventory/players/9b9d2c887e2524f918e383a895f2f1c2 -> 200
#25 GET /progression/players/9b9d2c887e2524f918e383a895f2f1c2 -> 200
#19 GET /progression/players/9b9d2c887e2524f918e383a895f2f1c2/tracks -> 200
#17 GET /storefront/battlepass/progressiontracks -> 200
#23 GET /storefront/real/offers/9b9d2c887e2524f918e383a895f2f1c2 -> 200
#18 GET /referral/player/9b9d2c887e2524f918e383a895f2f1c2 -> 200
#26 GET /storefront/offers/9b9d2c887e2524f918e383a895f2f1c2 -> 200
#22 GET /storefront/wallet/9b9d2c887e2524f918e383a895f2f1c2 -> 200
#20 GET /inventory/free -> 200
#27 GET /match-history/players/9b9d2c887e2524f918e383a895f2f1c2 -> 200

* 17:07:18.734  WS <- /lobby TEXT "type: listIncomingFriendsRequest\nid: friends-5054"
#28 GET /core-game/players/9b9d2c887e2524f918e383a895f2f1c2 -> 200
#30 GET /mmr/player-ratings/9b9d2c887e2524f918e383a895f2f1c2/rank -> 200
#29 GET /core-game/regions -> 200
#32 GET /mailbox/config/version -> 200
#33 GET /party/matchmaking/info -> 200
#34 GET /party/matchmaking/customGameModes -> 200
#31 GET /party/players/9b9d2c887e2524f918e383a895f2f1c2 -> 200
#35 GET /storefront/battlepass/progressiontracks -> 200
#36 GET /referral/player/9b9d2c887e2524f918e383a895f2f1c2/points -> 200

* 17:07:18.963  WS -> /lobby TEXT "type: listIncomingFriendsResponse\nid: friends-5054\ncode: 0\nfriendsId: []"
#37 GET /storefront/battlepass/progressiontracks -> 200

* 17:07:19.288  WS <- /lobby TEXT "type: listOutgoingFriendsRequest\nid: friends-6305"

* 17:07:19.354  WS -> /lobby TEXT "type: listOutgoingFriendsResponse\nid: friends-6305\ncode: 0\nfriendsId: []"
#38 GET /storefront/battlepass/progressiontracks -> 200

* 17:07:19.387  WS <- /lobby TEXT "type: listOfFriendsRequest\nid: friends-3283"

* 17:07:19.463  WS -> /lobby TEXT "type: listOfFriendsResponse\nid: friends-3283\ncode: 0\nfriendsId: []"
#39 GET /storefront/battlepass/progressiontracks -> 200

* 17:07:19.496  WS <- /lobby TEXT "type: setUserStatusRequest\nid: presence-9419\navailability: online\nactivity: eyJhIjoiT2ZmbGluZSIsImNWIjoicmVsZWFzZTIuNC5saXZlLTE1NjQzMC1zaGlwcGluZyIsInBJZCI6IiIsInBRcyI6W10sInBPIjowLCJwUyI6MCwibVBTIjowLCJyayI6MCwicmtQIjowLCJyIjpbXSwiYXZJZCI6IlNsb3RDb3NtZXRpY3M6QVZBVEFSX0FsY2hlbWlzdEhNIiwidCI6W10sImRzSWQiOiIifQ==\n"

* 17:07:19.546  WS -> /lobby TEXT "type: setUserStatusResponse\nid: presence-9419\ncode: 0"
#40 GET /storefront/battlepass/progressiontracks -> 200

* 17:07:19.580  WS <- /lobby TEXT "type: setUserStatusRequest\nid: presence-9055\navailability: online\nactivity: eyJhIjoiT2ZmbGluZSIsImNWIjoicmVsZWFzZTIuNC5saXZlLTE1NjQzMC1zaGlwcGluZyIsInBJZCI6IiIsInBRcyI6W10sInBPIjowLCJwUyI6MCwibVBTIjowLCJyayI6MTIsInJrUCI6MTg1MCwiciI6W3sicSI6InR1dG9yaWFsTmV3IiwicmsiOjEyLCJya1AiOjE4NTB9XSwiYXZJZCI6IlNsb3RDb3NtZXRpY3M6QVZBVEFSX0FsY2hlbWlzdEhNIiwidCI6W10sImRzSWQiOiIifQ==\n"

* 17:07:19.637  WS -> /lobby TEXT "type: setUserStatusResponse\nid: presence-9055\ncode: 0"
#41 GET /storefront/battlepass/progressiontracks -> 200

* 17:07:19.671  WS <- /lobby TEXT ""

* 17:07:19.726  WS <- /lobby TEXT "type: setUserStatusRequest\nid: presence-1535\navailability: online\nactivity: eyJhIjoiT2ZmbGluZSIsImNWIjoicmVsZWFzZTIuNC5saXZlLTE1NjQzMC1zaGlwcGluZyIsInBJZCI6IiIsInBRcyI6W10sInBPIjowLCJwUyI6MCwibVBTIjowLCJyayI6MTIsInJrUCI6MTg1MCwiciI6W3sicSI6InR1dG9yaWFsTmV3IiwicmsiOjEyLCJya1AiOjE4NTB9XSwiYXZJZCI6IlNsb3RDb3NtZXRpY3M6QVZBVEFSX0FsY2hlbWlzdEhNIiwidCI6W10sImRzSWQiOiIifQ==\n"
#42 GET /storefront/battlepass/progressiontracks -> 200

* 17:07:19.754  WS -> /lobby TEXT "type: setUserStatusResponse\nid: presence-1535\ncode: 0"

* 17:07:19.821  WS <- /lobby TEXT "type: friendsStatusRequest\nid: presence-8157"
#43 GET /storefront/battlepass/progressiontracks -> 200
#44 GET /storefront/battlepass/progressiontracks -> 200
#45 GET /storefront/battlepass/progressiontracks -> 200
#46 GET /party/players/9b9d2c887e2524f918e383a895f2f1c2/voice -> 200
#47 GET /storefront/battlepass/progressiontracks -> 200
#48 GET /party/parties/party-9b9d2c887e2524f918e383a895f2f1c2 -> 200
#49 GET /storefront/battlepass/progressiontracks -> 200
#50 POST /party/parties/party-9b9d2c887e2524f918e383a895f2f1c2/members/9b9d2c887e2524f918e383a895f2f1c2/latencies -> 200
#51 GET /mmr/leaderboard -> 200
#52 GET /revival/banner/splash.png -> 200
#53 GET /revival/banner/splash.png -> 200
#54 GET /storefront/battlepass/progressiontracks -> 200

* 17:07:30.861  WS <- /lobby TEXT "type: setUserStatusRequest\nid: presence-6744\navailability: online\nactivity: eyJhIjoiTWVudXMiLCJjViI6InJlbGVhc2UyLjQubGl2ZS0xNTY0MzAtc2hpcHBpbmciLCJwSWQiOiJwYXJ0eS05YjlkMmM4ODdlMjUyNGY5MThlMzgzYTg5NWYyZjFjMiIsInBRcyI6WyJib3RzIl0sInBPIjowLCJwUyI6MSwibVBTIjozLCJyayI6MTIsInJrUCI6MTg1MCwiciI6W3sicSI6InR1dG9yaWFsTmV3IiwicmsiOjEyLCJya1AiOjE4NTB9XSwiYXZJZCI6IlNsb3RDb3NtZXRpY3M6QVZBVEFSX0FsY2hlbWlzdEhNIiwidCI6W10sImRzSWQiOiIifQ==\n"

* 17:07:30.958  WS -> /lobby TEXT "type: setUserStatusResponse\nid: presence-6744\ncode: 0"
#55 GET /storefront/battlepass/progressiontracks -> 200
#56 GET /storefront/battlepass/progressiontracks -> 200
#57 GET /storefront/battlepass/progressiontracks -> 200
#58 GET /storefront/battlepass/progressiontracks -> 200
#59 GET /storefront/battlepass/progressiontracks -> 200
#60 GET /storefront/battlepass/progressiontracks -> 200
#61 GET /storefront/battlepass/progressiontracks -> 200
#62 GET /storefront/battlepass/progressiontracks -> 200
#63 GET /storefront/battlepass/progressiontracks -> 200
#64 GET /storefront/battlepass/progressiontracks -> 200
#65 GET /storefront/battlepass/progressiontracks -> 200
#66 GET /storefront/battlepass/progressiontracks -> 200
#67 GET /storefront/battlepass/progressiontracks -> 200
#68 GET /storefront/battlepass/progressiontracks -> 200
#69 GET /storefront/battlepass/progressiontracks -> 200
#70 GET /storefront/battlepass/progressiontracks -> 200
#71 GET /storefront/battlepass/progressiontracks -> 200
#72 GET /storefront/battlepass/progressiontracks -> 200
#73 GET /storefront/battlepass/progressiontracks -> 200
#74 GET /storefront/battlepass/progressiontracks -> 200
#75 GET /storefront/battlepass/progressiontracks -> 200
#76 GET /storefront/battlepass/progressiontracks -> 200
#77 GET /storefront/battlepass/progressiontracks -> 200
#78 GET /storefront/battlepass/progressiontracks -> 200
#79 GET /storefront/battlepass/progressiontracks -> 200
#80 GET /storefront/battlepass/progressiontracks -> 200
#81 GET /storefront/battlepass/progressiontracks -> 200
#82 GET /storefront/battlepass/progressiontracks -> 200
#83 GET /storefront/battlepass/progressiontracks -> 200
#84 GET /party/players/9b9d2c887e2524f918e383a895f2f1c2/voice -> 200
#85 GET /storefront/battlepass/progressiontracks -> 200
#86 GET /storefront/battlepass/progressiontracks -> 200
#87 GET /storefront/battlepass/progressiontracks -> 200
#88 GET /storefront/battlepass/progressiontracks -> 200
#89 GET /storefront/battlepass/progressiontracks -> 200
#90 GET /storefront/battlepass/progressiontracks -> 200
#91 GET /storefront/battlepass/progressiontracks -> 200
#92 GET /storefront/battlepass/progressiontracks -> 200
#93 GET /storefront/battlepass/progressiontracks -> 200
#94 GET /storefront/battlepass/progressiontracks -> 200
#95 GET /storefront/battlepass/progressiontracks -> 200
#96 GET /storefront/battlepass/progressiontracks -> 200
#97 GET /storefront/battlepass/progressiontracks -> 200
#98 GET /storefront/battlepass/progressiontracks -> 200
#99 GET /storefront/battlepass/progressiontracks -> 200
#100 GET /storefront/battlepass/progressiontracks -> 200
#101 GET /storefront/battlepass/progressiontracks -> 200
#102 GET /storefront/battlepass/progressiontracks -> 200
#103 GET /storefront/battlepass/progressiontracks -> 200
#104 GET /storefront/battlepass/progressiontracks -> 200
#105 GET /storefront/battlepass/progressiontracks -> 200
#106 GET /storefront/battlepass/progressiontracks -> 200
#107 GET /storefront/battlepass/progressiontracks -> 200
#108 GET /storefront/battlepass/progressiontracks -> 200
#109 GET /storefront/battlepass/progressiontracks -> 200
#110 GET /storefront/battlepass/progressiontracks -> 200
#111 GET /storefront/battlepass/progressiontracks -> 200
#112 GET /storefront/battlepass/progressiontracks -> 200
#113 GET /storefront/battlepass/progressiontracks -> 200
#114 GET /storefront/battlepass/progressiontracks -> 200
#115 GET /storefront/battlepass/progressiontracks -> 200
#116 GET /storefront/battlepass/progressiontracks -> 200
#117 GET /storefront/battlepass/progressiontracks -> 200
#118 GET /storefront/battlepass/progressiontracks -> 200
#119 GET /storefront/battlepass/progressiontracks -> 200
#120 GET /storefront/battlepass/progressiontracks -> 200
#121 GET /storefront/battlepass/progressiontracks -> 200
#122 GET /storefront/battlepass/progressiontracks -> 200
#123 GET /storefront/battlepass/progressiontracks -> 200
#124 GET /storefront/battlepass/progressiontracks -> 200
#125 GET /storefront/battlepass/progressiontracks -> 200
#126 GET /storefront/battlepass/progressiontracks -> 200
#127 GET /storefront/battlepass/progressiontracks -> 200
#128 GET /storefront/battlepass/progressiontracks -> 200
#129 GET /storefront/battlepass/progressiontracks -> 200
#130 GET /storefront/battlepass/progressiontracks -> 200
#131 GET /storefront/battlepass/progressiontracks -> 200
#132 GET /storefront/battlepass/progressiontracks -> 200
#133 GET /storefront/battlepass/progressiontracks -> 200
#134 GET /storefront/battlepass/progressiontracks -> 200
#135 GET /storefront/battlepass/progressiontracks -> 200
#136 GET /storefront/battlepass/progressiontracks -> 200
#137 GET /storefront/battlepass/progressiontracks -> 200
#138 GET /storefront/battlepass/progressiontracks -> 200
#139 GET /storefront/battlepass/progressiontracks -> 200
#140 GET /storefront/battlepass/progressiontracks -> 200
#141 GET /storefront/battlepass/progressiontracks -> 200
#142 GET /storefront/battlepass/progressiontracks -> 200
#143 GET /storefront/battlepass/progressiontracks -> 200
#144 GET /storefront/battlepass/progressiontracks -> 200
#145 GET /storefront/battlepass/progressiontracks -> 200
#146 GET /storefront/battlepass/progressiontracks -> 200
#147 GET /storefront/battlepass/progressiontracks -> 200
#148 GET /storefront/battlepass/progressiontracks -> 200
#149 GET /storefront/battlepass/progressiontracks -> 200
#150 GET /storefront/battlepass/progressiontracks -> 200
#151 GET /storefront/battlepass/progressiontracks -> 200
#152 GET /storefront/battlepass/progressiontracks -> 200
#153 GET /storefront/battlepass/progressiontracks -> 200
#154 GET /storefront/battlepass/progressiontracks -> 200
#155 GET /party/players/9b9d2c887e2524f918e383a895f2f1c2/voice -> 200
#156 GET /storefront/battlepass/progressiontracks -> 200
#157 GET /storefront/battlepass/progressiontracks -> 200
#158 GET /storefront/battlepass/progressiontracks -> 200
#159 GET /storefront/battlepass/progressiontracks -> 200
#160 GET /storefront/battlepass/progressiontracks -> 200
#161 GET /storefront/battlepass/progressiontracks -> 200
#162 GET /storefront/battlepass/progressiontracks -> 200
#163 GET /storefront/battlepass/progressiontracks -> 200
#164 GET /storefront/battlepass/progressiontracks -> 200
#165 GET /storefront/battlepass/progressiontracks -> 200
#166 GET /storefront/battlepass/progressiontracks -> 200
#167 GET /storefront/battlepass/progressiontracks -> 200
#168 GET /storefront/battlepass/progressiontracks -> 200
#169 GET /storefront/battlepass/progressiontracks -> 200
#170 GET /storefront/battlepass/progressiontracks -> 200
#171 GET /storefront/battlepass/progressiontracks -> 200
#172 GET /storefront/battlepass/progressiontracks -> 200
#173 GET /storefront/battlepass/progressiontracks -> 200
#174 GET /storefront/battlepass/progressiontracks -> 200
#175 GET /storefront/battlepass/progressiontracks -> 200
#176 GET /storefront/battlepass/progressiontracks -> 200
#177 GET /storefront/battlepass/progressiontracks -> 200
#178 GET /storefront/battlepass/progressiontracks -> 200
#179 GET /storefront/battlepass/progressiontracks -> 200
#180 GET /storefront/battlepass/progressiontracks -> 200
#181 GET /storefront/battlepass/progressiontracks -> 200
#182 GET /storefront/battlepass/progressiontracks -> 200
#183 GET /storefront/battlepass/progressiontracks -> 200
#184 GET /storefront/battlepass/progressiontracks -> 200
#185 GET /storefront/battlepass/progressiontracks -> 200
#186 GET /storefront/battlepass/progressiontracks -> 200
#187 GET /storefront/battlepass/progressiontracks -> 200
#188 GET /storefront/battlepass/progressiontracks -> 200
#189 GET /storefront/battlepass/progressiontracks -> 200
#190 GET /storefront/battlepass/progressiontracks -> 200
#191 GET /storefront/battlepass/progressiontracks -> 200
#192 GET /storefront/battlepass/progressiontracks -> 200
#193 GET /storefront/battlepass/progressiontracks -> 200
#194 GET /storefront/battlepass/progressiontracks -> 200
#195 GET /storefront/battlepass/progressiontracks -> 200
#196 GET /storefront/battlepass/progressiontracks -> 200
#197 GET /storefront/battlepass/progressiontracks -> 200
#198 GET /storefront/battlepass/progressiontracks -> 200
#199 GET /storefront/battlepass/progressiontracks -> 200
#200 GET /storefront/battlepass/progressiontracks -> 200
#201 GET /storefront/battlepass/progressiontracks -> 200
#202 GET /storefront/battlepass/progressiontracks -> 200
#203 GET /storefront/battlepass/progressiontracks -> 200
#204 GET /storefront/battlepass/progressiontracks -> 200
#205 GET /storefront/battlepass/progressiontracks -> 200
#206 GET /storefront/battlepass/progressiontracks -> 200
#207 GET /storefront/battlepass/progressiontracks -> 200
#208 GET /storefront/battlepass/progressiontracks -> 200
#209 GET /storefront/battlepass/progressiontracks -> 200
#210 GET /storefront/battlepass/progressiontracks -> 200
#211 GET /storefront/battlepass/progressiontracks -> 200
#212 GET /storefront/battlepass/progressiontracks -> 200
#213 GET /storefront/battlepass/progressiontracks -> 200
#214 GET /storefront/battlepass/progressiontracks -> 200
#215 GET /storefront/battlepass/progressiontracks -> 200
#216 GET /storefront/battlepass/progressiontracks -> 200
#217 GET /storefront/battlepass/progressiontracks -> 200
#218 GET /storefront/battlepass/progressiontracks -> 200
#219 GET /storefront/battlepass/progressiontracks -> 200
#220 GET /storefront/battlepass/progressiontracks -> 200
#221 GET /storefront/battlepass/progressiontracks -> 200
#222 GET /storefront/battlepass/progressiontracks -> 200
#223 GET /storefront/battlepass/progressiontracks -> 200
#224 GET /storefront/battlepass/progressiontracks -> 200
#225 GET /storefront/battlepass/progressiontracks -> 200
#226 GET /storefront/battlepass/progressiontracks -> 200
#227 GET /storefront/battlepass/progressiontracks -> 200
#228 GET /storefront/battlepass/progressiontracks -> 200
#229 GET /storefront/battlepass/progressiontracks -> 200
#230 GET /storefront/battlepass/progressiontracks -> 200
#231 GET /storefront/battlepass/progressiontracks -> 200
#232 GET /storefront/battlepass/progressiontracks -> 200
#233 GET /storefront/battlepass/progressiontracks -> 200
#234 GET /storefront/battlepass/progressiontracks -> 200
#235 GET /storefront/battlepass/progressiontracks -> 200
#236 GET /storefront/battlepass/progressiontracks -> 200
#237 GET /storefront/battlepass/progressiontracks -> 200
#238 GET /storefront/battlepass/progressiontracks -> 200
#239 GET /storefront/battlepass/progressiontracks -> 200
#240 GET /storefront/battlepass/progressiontracks -> 200
#241 GET /storefront/battlepass/progressiontracks -> 200
#242 GET /storefront/battlepass/progressiontracks -> 200
#243 GET /storefront/battlepass/progressiontracks -> 200
#244 GET /storefront/battlepass/progressiontracks -> 200
#245 GET /storefront/battlepass/progressiontracks -> 200
#246 GET /storefront/battlepass/progressiontracks -> 200
#247 GET /storefront/battlepass/progressiontracks -> 200
#248 GET /storefront/battlepass/progressiontracks -> 200
#249 GET /storefront/battlepass/progressiontracks -> 200
#250 GET /storefront/battlepass/progressiontracks -> 200
#251 GET /storefront/battlepass/progressiontracks -> 200
#252 GET /storefront/battlepass/progressiontracks -> 200
#253 GET /storefront/battlepass/progressiontracks -> 200
#254 GET /storefront/battlepass/progressiontracks -> 200
#255 GET /storefront/battlepass/progressiontracks -> 200
#256 GET /storefront/battlepass/progressiontracks -> 200
#257 GET /storefront/battlepass/progressiontracks -> 200
#258 GET /storefront/battlepass/progressiontracks -> 200
#259 GET /storefront/battlepass/progressiontracks -> 200
#260 GET /storefront/battlepass/progressiontracks -> 200
#261 GET /storefront/battlepass/progressiontracks -> 200
#262 GET /storefront/battlepass/progressiontracks -> 200
#263 GET /storefront/battlepass/progressiontracks -> 200
#264 GET /storefront/battlepass/progressiontracks -> 200
#265 GET /storefront/battlepass/progressiontracks -> 200
#266 GET /storefront/battlepass/progressiontracks -> 200
#267 GET /storefront/battlepass/progressiontracks -> 200
#268 GET /storefront/battlepass/progressiontracks -> 200
#269 GET /storefront/battlepass/progressiontracks -> 200
#270 GET /storefront/battlepass/progressiontracks -> 200
#271 GET /storefront/battlepass/progressiontracks -> 200
#272 GET /storefront/battlepass/progressiontracks -> 200
#273 GET /storefront/battlepass/progressiontracks -> 200
#274 GET /storefront/battlepass/progressiontracks -> 200
#275 GET /storefront/battlepass/progressiontracks -> 200
#276 GET /storefront/battlepass/progressiontracks -> 200
#277 GET /storefront/battlepass/progressiontracks -> 200
#278 GET /storefront/battlepass/progressiontracks -> 200
#279 GET /storefront/battlepass/progressiontracks -> 200
#280 GET /storefront/battlepass/progressiontracks -> 200
#281 GET /storefront/battlepass/progressiontracks -> 200
#282 GET /storefront/battlepass/progressiontracks -> 200
#283 GET /party/players/9b9d2c887e2524f918e383a895f2f1c2/voice -> 200
#284 GET /storefront/battlepass/progressiontracks -> 200
#285 GET /storefront/battlepass/progressiontracks -> 200
#286 GET /storefront/battlepass/progressiontracks -> 200
#287 GET /storefront/battlepass/progressiontracks -> 200
#288 GET /storefront/battlepass/progressiontracks -> 200
#289 GET /storefront/battlepass/progressiontracks -> 200
#290 GET /storefront/battlepass/progressiontracks -> 200
#291 GET /storefront/battlepass/progressiontracks -> 200
#292 GET /storefront/battlepass/progressiontracks -> 200
#293 GET /storefront/battlepass/progressiontracks -> 200
#294 GET /storefront/battlepass/progressiontracks -> 200
#295 GET /storefront/battlepass/progressiontracks -> 200
#296 GET /storefront/battlepass/progressiontracks -> 200
#297 GET /storefront/battlepass/progressiontracks -> 200
#298 GET /storefront/battlepass/progressiontracks -> 200
#299 GET /storefront/battlepass/progressiontracks -> 200
#300 GET /storefront/battlepass/progressiontracks -> 200
#301 GET /storefront/battlepass/progressiontracks -> 200
#302 GET /storefront/battlepass/progressiontracks -> 200
#303 GET /storefront/battlepass/progressiontracks -> 200

* 17:07:48.363  WS -> /notifications/players/9b9d2c887e2524f918e383a895f2f1c2 BINARY hb (proactive 30s keepalive)
#304 GET /storefront/battlepass/progressiontracks -> 200
#305 GET /storefront/battlepass/progressiontracks -> 200
#306 GET /storefront/battlepass/progressiontracks -> 200
#307 GET /storefront/battlepass/progressiontracks -> 200
#308 GET /storefront/battlepass/progressiontracks -> 200
#309 GET /storefront/battlepass/progressiontracks -> 200
#310 GET /storefront/battlepass/progressiontracks -> 200
#311 GET /storefront/battlepass/progressiontracks -> 200
#312 GET /storefront/battlepass/progressiontracks -> 200
#313 GET /storefront/battlepass/progressiontracks -> 200
#314 GET /storefront/battlepass/progressiontracks -> 200
#315 GET /storefront/battlepass/progressiontracks -> 200
#316 GET /storefront/battlepass/progressiontracks -> 200
#317 GET /storefront/battlepass/progressiontracks -> 200
#318 GET /storefront/battlepass/progressiontracks -> 200

* 17:07:49.388  WS <- /lobby TEXT ""
#319 GET /storefront/battlepass/progressiontracks -> 200
#320 GET /storefront/battlepass/progressiontracks -> 200
#321 GET /storefront/battlepass/progressiontracks -> 200
#322 GET /storefront/battlepass/progressiontracks -> 200
#323 GET /storefront/battlepass/progressiontracks -> 200
#324 GET /storefront/battlepass/progressiontracks -> 200
#325 GET /storefront/battlepass/progressiontracks -> 200
#326 GET /storefront/battlepass/progressiontracks -> 200
#327 GET /storefront/battlepass/progressiontracks -> 200
#328 GET /storefront/battlepass/progressiontracks -> 200
#329 GET /storefront/battlepass/progressiontracks -> 200
#330 GET /storefront/battlepass/progressiontracks -> 200
#331 GET /storefront/battlepass/progressiontracks -> 200
#332 GET /storefront/battlepass/progressiontracks -> 200
#333 GET /storefront/battlepass/progressiontracks -> 200
#334 GET /storefront/battlepass/progressiontracks -> 200
#335 GET /storefront/battlepass/progressiontracks -> 200
#336 GET /storefront/battlepass/progressiontracks -> 200
#337 GET /storefront/battlepass/progressiontracks -> 200
#338 GET /storefront/battlepass/progressiontracks -> 200
#339 GET /storefront/battlepass/progressiontracks -> 200
#340 GET /storefront/battlepass/progressiontracks -> 200
#341 GET /storefront/battlepass/progressiontracks -> 200
#342 GET /storefront/battlepass/progressiontracks -> 200
#343 GET /storefront/battlepass/progressiontracks -> 200
#344 GET /storefront/battlepass/progressiontracks -> 200
#345 GET /storefront/battlepass/progressiontracks -> 200
#346 GET /storefront/battlepass/progressiontracks -> 200
#347 GET /storefront/battlepass/progressiontracks -> 200
#348 GET /storefront/battlepass/progressiontracks -> 200
#349 GET /storefront/battlepass/progressiontracks -> 200
#350 GET /storefront/battlepass/progressiontracks -> 200
#351 GET /storefront/battlepass/progressiontracks -> 200
#352 GET /storefront/battlepass/progressiontracks -> 200
#353 GET /storefront/battlepass/progressiontracks -> 200
#354 GET /storefront/battlepass/progressiontracks -> 200
#355 GET /storefront/battlepass/progressiontracks -> 200
#356 GET /storefront/battlepass/progressiontracks -> 200
#357 GET /storefront/battlepass/progressiontracks -> 200
#358 GET /storefront/battlepass/progressiontracks -> 200
#359 GET /storefront/battlepass/progressiontracks -> 200
#360 GET /storefront/battlepass/progressiontracks -> 200
#361 GET /storefront/battlepass/progressiontracks -> 200
#362 GET /storefront/battlepass/progressiontracks -> 200
#363 GET /storefront/battlepass/progressiontracks -> 200
#364 GET /storefront/battlepass/progressiontracks -> 200
#365 GET /storefront/battlepass/progressiontracks -> 200
#366 GET /storefront/battlepass/progressiontracks -> 200
#367 GET /storefront/battlepass/progressiontracks -> 200
#368 GET /storefront/battlepass/progressiontracks -> 200
#369 GET /storefront/battlepass/progressiontracks -> 200
#370 GET /storefront/battlepass/progressiontracks -> 200
#371 GET /storefront/battlepass/progressiontracks -> 200
#372 GET /storefront/battlepass/progressiontracks -> 200
#373 GET /storefront/battlepass/progressiontracks -> 200
#374 GET /storefront/battlepass/progressiontracks -> 200
#375 GET /storefront/battlepass/progressiontracks -> 200
#376 GET /storefront/battlepass/progressiontracks -> 200
#377 GET /storefront/battlepass/progressiontracks -> 200
#378 GET /storefront/battlepass/progressiontracks -> 200
#379 GET /storefront/battlepass/progressiontracks -> 200
#380 GET /storefront/battlepass/progressiontracks -> 200
#381 GET /storefront/battlepass/progressiontracks -> 200
#382 GET /storefront/battlepass/progressiontracks -> 200
#383 GET /storefront/battlepass/progressiontracks -> 200
#384 GET /storefront/battlepass/progressiontracks -> 200
#385 GET /storefront/battlepass/progressiontracks -> 200
#386 GET /storefront/battlepass/progressiontracks -> 200
#387 GET /storefront/battlepass/progressiontracks -> 200
#388 GET /storefront/battlepass/progressiontracks -> 200
#389 GET /storefront/battlepass/progressiontracks -> 200
#390 GET /storefront/battlepass/progressiontracks -> 200
#391 GET /storefront/battlepass/progressiontracks -> 200
#392 GET /storefront/battlepass/progressiontracks -> 200
#393 GET /storefront/battlepass/progressiontracks -> 200
#394 GET /storefront/battlepass/progressiontracks -> 200
#395 GET /storefront/battlepass/progressiontracks -> 200
#396 GET /storefront/battlepass/progressiontracks -> 200
#397 GET /storefront/battlepass/progressiontracks -> 200
#398 GET /storefront/battlepass/progressiontracks -> 200
#399 GET /storefront/battlepass/progressiontracks -> 200
#400 GET /storefront/battlepass/progressiontracks -> 200
#401 GET /storefront/battlepass/progressiontracks -> 200
#402 GET /storefront/battlepass/progressiontracks -> 200
#403 GET /storefront/battlepass/progressiontracks -> 200
#404 GET /storefront/battlepass/progressiontracks -> 200
#405 GET /storefront/battlepass/progressiontracks -> 200
#406 GET /storefront/battlepass/progressiontracks -> 200
#407 GET /storefront/battlepass/progressiontracks -> 200
#408 GET /storefront/battlepass/progressiontracks -> 200
#409 GET /storefront/battlepass/progressiontracks -> 200
#410 GET /storefront/battlepass/progressiontracks -> 200
#411 GET /storefront/battlepass/progressiontracks -> 200
#412 GET /storefront/battlepass/progressiontracks -> 200
#413 GET /storefront/battlepass/progressiontracks -> 200
#414 GET /storefront/battlepass/progressiontracks -> 200
#415 GET /storefront/battlepass/progressiontracks -> 200
#416 GET /storefront/battlepass/progressiontracks -> 200
#417 GET /storefront/battlepass/progressiontracks -> 200
#418 GET /storefront/battlepass/progressiontracks -> 200
#419 GET /storefront/battlepass/progressiontracks -> 200
#420 GET /storefront/battlepass/progressiontracks -> 200
#421 GET /storefront/battlepass/progressiontracks -> 200
#422 GET /storefront/battlepass/progressiontracks -> 200
#423 GET /storefront/battlepass/progressiontracks -> 200
#424 GET /storefront/battlepass/progressiontracks -> 200
#425 GET /storefront/battlepass/progressiontracks -> 200
#426 GET /storefront/battlepass/progressiontracks -> 200
#427 GET /storefront/battlepass/progressiontracks -> 200
#428 GET /storefront/battlepass/progressiontracks -> 200
#429 GET /storefront/battlepass/progressiontracks -> 200
#430 GET /storefront/battlepass/progressiontracks -> 200
#431 GET /storefront/battlepass/progressiontracks -> 200
#432 GET /storefront/battlepass/progressiontracks -> 200
#433 GET /storefront/battlepass/progressiontracks -> 200
#434 GET /storefront/battlepass/progressiontracks -> 200
#435 GET /storefront/battlepass/progressiontracks -> 200
#436 GET /storefront/battlepass/progressiontracks -> 200
#437 GET /storefront/battlepass/progressiontracks -> 200
#438 GET /storefront/battlepass/progressiontracks -> 200
#439 GET /storefront/battlepass/progressiontracks -> 200
#440 GET /storefront/battlepass/progressiontracks -> 200
#441 GET /storefront/battlepass/progressiontracks -> 200
#442 GET /storefront/battlepass/progressiontracks -> 200
#443 GET /storefront/battlepass/progressiontracks -> 200
#444 GET /storefront/battlepass/progressiontracks -> 200
#445 GET /storefront/battlepass/progressiontracks -> 200
#446 GET /storefront/battlepass/progressiontracks -> 200
#447 GET /storefront/battlepass/progressiontracks -> 200
#448 GET /storefront/battlepass/progressiontracks -> 200
#449 GET /configuration/client -> 200
#450 GET /storefront/battlepass/progressiontracks -> 200
#451 GET /content-service/manifest/release2.4.live-156430-shipping -> 200
#452 GET /storefront/battlepass/progressiontracks -> 200
#453 GET /party/matchmaking/info -> 200
#454 GET /storefront/battlepass/progressiontracks -> 200
#455 GET /storefront/battlepass/progressiontracks -> 200
#456 GET /storefront/battlepass/progressiontracks -> 200
#457 GET /storefront/battlepass/progressiontracks -> 200
#458 GET /storefront/battlepass/progressiontracks -> 200
#459 GET /storefront/battlepass/progressiontracks -> 200
#460 GET /storefront/battlepass/progressiontracks -> 200
#461 GET /storefront/battlepass/progressiontracks -> 200
#462 GET /storefront/battlepass/progressiontracks -> 200
#463 GET /storefront/battlepass/progressiontracks -> 200
#464 GET /storefront/battlepass/progressiontracks -> 200
#465 GET /storefront/battlepass/progressiontracks -> 200
#466 GET /storefront/battlepass/progressiontracks -> 200
#467 GET /storefront/battlepass/progressiontracks -> 200
#468 GET /storefront/battlepass/progressiontracks -> 200
#469 GET /storefront/battlepass/progressiontracks -> 200
#470 GET /storefront/battlepass/progressiontracks -> 200
#471 POST /party/parties/party-9b9d2c887e2524f918e383a895f2f1c2/members/9b9d2c887e2524f918e383a895f2f1c2/latencies -> 200
#472 GET /storefront/battlepass/progressiontracks -> 200
#473 GET /storefront/battlepass/progressiontracks -> 200
#474 GET /storefront/battlepass/progressiontracks -> 200
#475 GET /storefront/battlepass/progressiontracks -> 200
#476 GET /storefront/battlepass/progressiontracks -> 200
#477 GET /storefront/battlepass/progressiontracks -> 200
#478 GET /storefront/battlepass/progressiontracks -> 200
#479 GET /storefront/battlepass/progressiontracks -> 200
#480 GET /storefront/battlepass/progressiontracks -> 200
#481 GET /storefront/battlepass/progressiontracks -> 200
#482 GET /storefront/battlepass/progressiontracks -> 200
#483 GET /storefront/battlepass/progressiontracks -> 200
#484 GET /storefront/battlepass/progressiontracks -> 200
#485 GET /storefront/battlepass/progressiontracks -> 200
#486 GET /storefront/battlepass/progressiontracks -> 200
#487 GET /storefront/battlepass/progressiontracks -> 200
#488 GET /storefront/battlepass/progressiontracks -> 200
#489 GET /storefront/battlepass/progressiontracks -> 200
#490 GET /storefront/battlepass/progressiontracks -> 200
#491 GET /storefront/battlepass/progressiontracks -> 200
#492 GET /storefront/battlepass/progressiontracks -> 200
#493 GET /storefront/battlepass/progressiontracks -> 200
#494 GET /storefront/battlepass/progressiontracks -> 200
#495 GET /storefront/battlepass/progressiontracks -> 200
#496 GET /storefront/battlepass/progressiontracks -> 200
#497 GET /storefront/battlepass/progressiontracks -> 200
#498 GET /storefront/battlepass/progressiontracks -> 200
#499 GET /storefront/battlepass/progressiontracks -> 200
#500 GET /storefront/battlepass/progressiontracks -> 200
#501 GET /storefront/battlepass/progressiontracks -> 200
#502 GET /storefront/battlepass/progressiontracks -> 200
#503 GET /storefront/battlepass/progressiontracks -> 200
#504 GET /storefront/battlepass/progressiontracks -> 200
#505 GET /storefront/battlepass/progressiontracks -> 200
#506 GET /storefront/battlepass/progressiontracks -> 200
#507 GET /storefront/battlepass/progressiontracks -> 200
#508 GET /storefront/battlepass/progressiontracks -> 200
#509 GET /storefront/battlepass/progressiontracks -> 200
#510 GET /storefront/battlepass/progressiontracks -> 200
#511 GET /storefront/battlepass/progressiontracks -> 200
#512 GET /storefront/battlepass/progressiontracks -> 200
#513 GET /storefront/battlepass/progressiontracks -> 200
#514 GET /storefront/battlepass/progressiontracks -> 200
#515 GET /storefront/battlepass/progressiontracks -> 200
#516 GET /storefront/battlepass/progressiontracks -> 200
#517 GET /storefront/battlepass/progressiontracks -> 200
#518 GET /storefront/battlepass/progressiontracks -> 200
#519 GET /storefront/battlepass/progressiontracks -> 200
#520 GET /storefront/battlepass/progressiontracks -> 200
#521 GET /storefront/battlepass/progressiontracks -> 200
#522 GET /storefront/battlepass/progressiontracks -> 200
#523 GET /storefront/battlepass/progressiontracks -> 200
#524 GET /storefront/battlepass/progressiontracks -> 200
#525 GET /storefront/battlepass/progressiontracks -> 200
#526 GET /storefront/battlepass/progressiontracks -> 200
#527 GET /storefront/battlepass/progressiontracks -> 200
#528 GET /storefront/battlepass/progressiontracks -> 200
#529 GET /storefront/battlepass/progressiontracks -> 200
#530 GET /party/players/9b9d2c887e2524f918e383a895f2f1c2/voice -> 200
#531 GET /storefront/battlepass/progressiontracks -> 200
#532 GET /storefront/battlepass/progressiontracks -> 200
#533 GET /storefront/battlepass/progressiontracks -> 200
#534 GET /storefront/battlepass/progressiontracks -> 200
#535 GET /storefront/battlepass/progressiontracks -> 200
#536 GET /storefront/battlepass/progressiontracks -> 200
#537 GET /storefront/battlepass/progressiontracks -> 200
#538 GET /storefront/battlepass/progressiontracks -> 200
#539 GET /storefront/battlepass/progressiontracks -> 200
#540 GET /storefront/battlepass/progressiontracks -> 200
#541 GET /storefront/battlepass/progressiontracks -> 200
#542 GET /storefront/battlepass/progressiontracks -> 200
#543 GET /storefront/battlepass/progressiontracks -> 200
#544 GET /storefront/battlepass/progressiontracks -> 200
#545 GET /storefront/battlepass/progressiontracks -> 200
#546 GET /storefront/battlepass/progressiontracks -> 200
#547 GET /storefront/battlepass/progressiontracks -> 200
#548 GET /storefront/battlepass/progressiontracks -> 200
#549 GET /storefront/battlepass/progressiontracks -> 200
#550 GET /storefront/battlepass/progressiontracks -> 200
#551 GET /storefront/battlepass/progressiontracks -> 200
#552 GET /storefront/battlepass/progressiontracks -> 200
#553 GET /storefront/battlepass/progressiontracks -> 200
#554 GET /storefront/battlepass/progressiontracks -> 200
#555 GET /storefront/battlepass/progressiontracks -> 200
#556 GET /storefront/battlepass/progressiontracks -> 200
#557 GET /storefront/battlepass/progressiontracks -> 200
#558 GET /storefront/battlepass/progressiontracks -> 200
#559 GET /storefront/battlepass/progressiontracks -> 200
#560 GET /storefront/battlepass/progressiontracks -> 200
#561 GET /storefront/battlepass/progressiontracks -> 200
#562 GET /storefront/battlepass/progressiontracks -> 200
#563 GET /storefront/battlepass/progressiontracks -> 200
#564 GET /storefront/battlepass/progressiontracks -> 200
#565 GET /storefront/battlepass/progressiontracks -> 200
#566 GET /storefront/battlepass/progressiontracks -> 200
#567 GET /storefront/battlepass/progressiontracks -> 200
#568 GET /storefront/battlepass/progressiontracks -> 200
#569 GET /storefront/battlepass/progressiontracks -> 200
#570 GET /storefront/battlepass/progressiontracks -> 200
#571 GET /storefront/battlepass/progressiontracks -> 200
#572 GET /storefront/battlepass/progressiontracks -> 200
#573 GET /storefront/battlepass/progressiontracks -> 200
#574 GET /storefront/battlepass/progressiontracks -> 200
#575 GET /storefront/battlepass/progressiontracks -> 200
#576 GET /storefront/battlepass/progressiontracks -> 200
#577 GET /storefront/battlepass/progressiontracks -> 200
#578 GET /storefront/battlepass/progressiontracks -> 200
#579 GET /storefront/battlepass/progressiontracks -> 200
#580 GET /storefront/battlepass/progressiontracks -> 200
#581 GET /storefront/battlepass/progressiontracks -> 200
#582 GET /storefront/battlepass/progressiontracks -> 200
#583 GET /storefront/battlepass/progressiontracks -> 200
#584 GET /storefront/battlepass/progressiontracks -> 200
#585 GET /storefront/battlepass/progressiontracks -> 200
#586 GET /storefront/battlepass/progressiontracks -> 200
#587 GET /storefront/battlepass/progressiontracks -> 200
#588 GET /storefront/battlepass/progressiontracks -> 200
#589 GET /storefront/battlepass/progressiontracks -> 200
#590 GET /storefront/battlepass/progressiontracks -> 200
#591 GET /storefront/battlepass/progressiontracks -> 200
#592 GET /storefront/battlepass/progressiontracks -> 200
#593 GET /storefront/battlepass/progressiontracks -> 200
#594 GET /storefront/battlepass/progressiontracks -> 200
#595 GET /storefront/battlepass/progressiontracks -> 200
#596 GET /storefront/battlepass/progressiontracks -> 200
#597 GET /storefront/battlepass/progressiontracks -> 200
#598 GET /storefront/battlepass/progressiontracks -> 200
#599 GET /storefront/battlepass/progressiontracks -> 200
#600 GET /storefront/battlepass/progressiontracks -> 200
#601 GET /storefront/battlepass/progressiontracks -> 200
#602 GET /storefront/battlepass/progressiontracks -> 200
#603 GET /storefront/battlepass/progressiontracks -> 200
#604 GET /storefront/battlepass/progressiontracks -> 200
#605 GET /storefront/battlepass/progressiontracks -> 200
#606 GET /storefront/battlepass/progressiontracks -> 200
#607 GET /storefront/battlepass/progressiontracks -> 200
#608 GET /storefront/battlepass/progressiontracks -> 200
#609 GET /storefront/battlepass/progressiontracks -> 200
#610 GET /storefront/battlepass/progressiontracks -> 200
#611 GET /storefront/battlepass/progressiontracks -> 200
#612 GET /storefront/battlepass/progressiontracks -> 200
#613 GET /storefront/battlepass/progressiontracks -> 200
#614 GET /storefront/battlepass/progressiontracks -> 200
#615 GET /storefront/battlepass/progressiontracks -> 200
#616 GET /storefront/battlepass/progressiontracks -> 200
#617 GET /storefront/battlepass/progressiontracks -> 200
#618 GET /storefront/battlepass/progressiontracks -> 200
#619 GET /storefront/battlepass/progressiontracks -> 200
#620 GET /storefront/battlepass/progressiontracks -> 200
#621 GET /storefront/battlepass/progressiontracks -> 200
#622 GET /storefront/battlepass/progressiontracks -> 200
#623 GET /storefront/battlepass/progressiontracks -> 200
#624 GET /storefront/battlepass/progressiontracks -> 200
#625 GET /storefront/battlepass/progressiontracks -> 200
#626 GET /storefront/battlepass/progressiontracks -> 200
#627 GET /storefront/battlepass/progressiontracks -> 200
#628 GET /storefront/battlepass/progressiontracks -> 200
#629 GET /storefront/battlepass/progressiontracks -> 200
#630 GET /storefront/battlepass/progressiontracks -> 200
#631 GET /storefront/battlepass/progressiontracks -> 200
#632 GET /storefront/battlepass/progressiontracks -> 200
#633 GET /storefront/battlepass/progressiontracks -> 200
#634 GET /storefront/battlepass/progressiontracks -> 200
#635 GET /storefront/battlepass/progressiontracks -> 200
#636 GET /storefront/battlepass/progressiontracks -> 200
#637 GET /storefront/battlepass/progressiontracks -> 200
#638 GET /storefront/battlepass/progressiontracks -> 200
#639 GET /storefront/battlepass/progressiontracks -> 200
#640 GET /storefront/battlepass/progressiontracks -> 200
#641 GET /storefront/battlepass/progressiontracks -> 200
#642 GET /storefront/battlepass/progressiontracks -> 200
#643 GET /storefront/battlepass/progressiontracks -> 200
#644 GET /storefront/battlepass/progressiontracks -> 200
#645 GET /storefront/battlepass/progressiontracks -> 200
#646 GET /storefront/battlepass/progressiontracks -> 200
#647 GET /storefront/battlepass/progressiontracks -> 200
#648 GET /storefront/battlepass/progressiontracks -> 200
#649 GET /storefront/battlepass/progressiontracks -> 200
#650 GET /storefront/battlepass/progressiontracks -> 200
#651 GET /storefront/battlepass/progressiontracks -> 200
#652 GET /storefront/battlepass/progressiontracks -> 200
#653 GET /storefront/battlepass/progressiontracks -> 200
#654 GET /storefront/battlepass/progressiontracks -> 200
#655 GET /storefront/battlepass/progressiontracks -> 200
#656 GET /storefront/battlepass/progressiontracks -> 200
#657 GET /storefront/battlepass/progressiontracks -> 200
#658 GET /storefront/battlepass/progressiontracks -> 200
#659 GET /storefront/battlepass/progressiontracks -> 200
#660 GET /storefront/battlepass/progressiontracks -> 200
#661 GET /storefront/battlepass/progressiontracks -> 200
#662 GET /storefront/battlepass/progressiontracks -> 200
#663 GET /storefront/battlepass/progressiontracks -> 200
#664 GET /storefront/battlepass/progressiontracks -> 200
#665 GET /storefront/battlepass/progressiontracks -> 200
#666 GET /storefront/battlepass/progressiontracks -> 200
#667 GET /storefront/battlepass/progressiontracks -> 200
#668 GET /storefront/battlepass/progressiontracks -> 200
#669 GET /storefront/battlepass/progressiontracks -> 200
#670 GET /storefront/battlepass/progressiontracks -> 200
#671 GET /storefront/battlepass/progressiontracks -> 200
#672 GET /storefront/battlepass/progressiontracks -> 200
#673 GET /storefront/battlepass/progressiontracks -> 200
#674 GET /storefront/battlepass/progressiontracks -> 200
#675 GET /storefront/battlepass/progressiontracks -> 200
#676 GET /storefront/battlepass/progressiontracks -> 200
#677 GET /storefront/battlepass/progressiontracks -> 200
#678 GET /storefront/battlepass/progressiontracks -> 200
#679 GET /storefront/battlepass/progressiontracks -> 200
#680 GET /storefront/battlepass/progressiontracks -> 200
#681 GET /storefront/battlepass/progressiontracks -> 200
#682 GET /storefront/battlepass/progressiontracks -> 200
#683 GET /storefront/battlepass/progressiontracks -> 200
#684 GET /storefront/battlepass/progressiontracks -> 200
#685 GET /storefront/battlepass/progressiontracks -> 200
#686 GET /storefront/battlepass/progressiontracks -> 200
#687 GET /storefront/battlepass/progressiontracks -> 200
#688 GET /storefront/battlepass/progressiontracks -> 200
#689 GET /storefront/battlepass/progressiontracks -> 200
#690 GET /storefront/battlepass/progressiontracks -> 200
#691 GET /storefront/battlepass/progressiontracks -> 200
#692 GET /storefront/battlepass/progressiontracks -> 200
#693 GET /storefront/battlepass/progressiontracks -> 200
#694 GET /storefront/battlepass/progressiontracks -> 200
#695 GET /storefront/battlepass/progressiontracks -> 200
#696 GET /storefront/battlepass/progressiontracks -> 200
#697 GET /storefront/battlepass/progressiontracks -> 200
#698 GET /storefront/battlepass/progressiontracks -> 200
#699 GET /storefront/battlepass/progressiontracks -> 200
#700 GET /storefront/battlepass/progressiontracks -> 200
#701 GET /storefront/battlepass/progressiontracks -> 200
#702 GET /storefront/battlepass/progressiontracks -> 200
#703 GET /storefront/battlepass/progressiontracks -> 200
#704 POST /game-telemetry/v1/protected/events -> 200
#705 GET /storefront/battlepass/progressiontracks -> 200
#706 GET /storefront/battlepass/progressiontracks -> 200
#707 GET /storefront/battlepass/progressiontracks -> 200
#708 GET /storefront/battlepass/progressiontracks -> 200
#709 GET /storefront/battlepass/progressiontracks -> 200
#710 GET /storefront/battlepass/progressiontracks -> 200
#711 GET /storefront/battlepass/progressiontracks -> 200
#712 GET /storefront/battlepass/progressiontracks -> 200
#713 GET /storefront/battlepass/progressiontracks -> 200
#714 GET /storefront/battlepass/progressiontracks -> 200
#715 GET /storefront/battlepass/progressiontracks -> 200
#716 GET /storefront/battlepass/progressiontracks -> 200
#717 GET /storefront/battlepass/progressiontracks -> 200
#718 GET /storefront/battlepass/progressiontracks -> 200
#719 GET /storefront/battlepass/progressiontracks -> 200
#720 GET /storefront/battlepass/progressiontracks -> 200
#721 GET /storefront/battlepass/progressiontracks -> 200
#722 GET /storefront/battlepass/progressiontracks -> 200
#723 GET /storefront/battlepass/progressiontracks -> 200
#724 GET /storefront/battlepass/progressiontracks -> 200
#725 GET /storefront/battlepass/progressiontracks -> 200
#726 GET /storefront/battlepass/progressiontracks -> 200
#727 GET /storefront/battlepass/progressiontracks -> 200
#728 GET /storefront/battlepass/progressiontracks -> 200
#729 GET /storefront/battlepass/progressiontracks -> 200
#730 GET /storefront/battlepass/progressiontracks -> 200
#731 GET /storefront/battlepass/progressiontracks -> 200
#732 GET /storefront/battlepass/progressiontracks -> 200
#733 GET /storefront/battlepass/progressiontracks -> 200
#734 GET /storefront/battlepass/progressiontracks -> 200
#735 GET /storefront/battlepass/progressiontracks -> 200
#736 GET /storefront/battlepass/progressiontracks -> 200
#737 GET /storefront/battlepass/progressiontracks -> 200
#738 GET /storefront/battlepass/progressiontracks -> 200
#739 GET /storefront/battlepass/progressiontracks -> 200

* 17:08:18.394  WS -> /notifications/players/9b9d2c887e2524f918e383a895f2f1c2 BINARY hb (proactive 30s keepalive)
#740 GET /storefront/battlepass/progressiontracks -> 200
#741 GET /storefront/battlepass/progressiontracks -> 200
#742 GET /storefront/battlepass/progressiontracks -> 200
#743 GET /storefront/battlepass/progressiontracks -> 200
#744 GET /storefront/battlepass/progressiontracks -> 200
#745 GET /storefront/battlepass/progressiontracks -> 200
#746 GET /storefront/battlepass/progressiontracks -> 200
#747 GET /storefront/battlepass/progressiontracks -> 200
#748 GET /storefront/battlepass/progressiontracks -> 200
#749 GET /storefront/battlepass/progressiontracks -> 200
#750 GET /storefront/battlepass/progressiontracks -> 200
#751 GET /storefront/battlepass/progressiontracks -> 200
#752 GET /storefront/battlepass/progressiontracks -> 200
#753 GET /storefront/battlepass/progressiontracks -> 200

* 17:08:19.408  WS <- /lobby TEXT ""
#754 GET /storefront/battlepass/progressiontracks -> 200
#755 GET /storefront/battlepass/progressiontracks -> 200
#756 GET /storefront/battlepass/progressiontracks -> 200
#757 GET /storefront/battlepass/progressiontracks -> 200
#758 GET /storefront/battlepass/progressiontracks -> 200
#759 GET /storefront/battlepass/progressiontracks -> 200
#760 GET /storefront/battlepass/progressiontracks -> 200
#761 GET /storefront/battlepass/progressiontracks -> 200
#762 GET /storefront/battlepass/progressiontracks -> 200
#763 GET /storefront/battlepass/progressiontracks -> 200
#764 GET /storefront/battlepass/progressiontracks -> 200
#765 GET /storefront/battlepass/progressiontracks -> 200
#766 GET /storefront/battlepass/progressiontracks -> 200
#767 GET /storefront/battlepass/progressiontracks -> 200
#768 GET /storefront/battlepass/progressiontracks -> 200
#769 GET /storefront/battlepass/progressiontracks -> 200
#770 GET /storefront/battlepass/progressiontracks -> 200
#771 GET /storefront/battlepass/progressiontracks -> 200
#772 GET /storefront/battlepass/progressiontracks -> 200
#773 GET /storefront/battlepass/progressiontracks -> 200
#774 GET /storefront/battlepass/progressiontracks -> 200
#775 GET /storefront/battlepass/progressiontracks -> 200
#776 GET /storefront/battlepass/progressiontracks -> 200
#777 GET /storefront/battlepass/progressiontracks -> 200
#778 GET /storefront/battlepass/progressiontracks -> 200
#779 GET /storefront/battlepass/progressiontracks -> 200
#780 GET /storefront/battlepass/progressiontracks -> 200
#781 GET /storefront/battlepass/progressiontracks -> 200
#782 GET /storefront/battlepass/progressiontracks -> 200
#783 GET /storefront/battlepass/progressiontracks -> 200
#784 GET /storefront/battlepass/progressiontracks -> 200
#785 GET /storefront/battlepass/progressiontracks -> 200
#786 GET /storefront/battlepass/progressiontracks -> 200
#787 GET /storefront/battlepass/progressiontracks -> 200
#788 GET /storefront/battlepass/progressiontracks -> 200
#789 GET /storefront/battlepass/progressiontracks -> 200
#790 GET /storefront/battlepass/progressiontracks -> 200
#791 GET /storefront/battlepass/progressiontracks -> 200
#792 GET /storefront/battlepass/progressiontracks -> 200
#793 GET /storefront/battlepass/progressiontracks -> 200
#794 GET /storefront/battlepass/progressiontracks -> 200
#795 GET /storefront/battlepass/progressiontracks -> 200
#796 GET /storefront/battlepass/progressiontracks -> 200
#797 GET /storefront/battlepass/progressiontracks -> 200
#798 GET /storefront/battlepass/progressiontracks -> 200
#799 GET /storefront/battlepass/progressiontracks -> 200
#800 GET /storefront/battlepass/progressiontracks -> 200
#801 GET /storefront/battlepass/progressiontracks -> 200
#802 GET /storefront/battlepass/progressiontracks -> 200
#803 GET /storefront/battlepass/progressiontracks -> 200
#804 GET /storefront/battlepass/progressiontracks -> 200
#805 GET /storefront/battlepass/progressiontracks -> 200
#806 GET /storefront/battlepass/progressiontracks -> 200
#807 GET /storefront/battlepass/progressiontracks -> 200
#808 GET /storefront/battlepass/progressiontracks -> 200
#809 GET /storefront/battlepass/progressiontracks -> 200
#810 GET /storefront/battlepass/progressiontracks -> 200
#811 GET /storefront/battlepass/progressiontracks -> 200
#812 GET /storefront/battlepass/progressiontracks -> 200

* 17:08:23.493  WS <- /notifications/players/9b9d2c887e2524f918e383a895f2f1c2 BINARY (2 bytes) 6862
#813 GET /storefront/battlepass/progressiontracks -> 200

* 17:08:23.522  WS -> /notifications/players/9b9d2c887e2524f918e383a895f2f1c2 TEXT hb reply {"Resource":"hb","Version":0,"Payload":""}
#814 GET /storefront/battlepass/progressiontracks -> 200
#815 GET /storefront/battlepass/progressiontracks -> 200
#816 GET /storefront/battlepass/progressiontracks -> 200
#817 GET /storefront/battlepass/progressiontracks -> 200
#818 GET /storefront/battlepass/progressiontracks -> 200
#819 GET /storefront/battlepass/progressiontracks -> 200
#820 GET /storefront/battlepass/progressiontracks -> 200
#821 GET /storefront/battlepass/progressiontracks -> 200
#822 GET /storefront/battlepass/progressiontracks -> 200
#823 GET /storefront/battlepass/progressiontracks -> 200
#824 GET /storefront/battlepass/progressiontracks -> 200
#825 GET /storefront/battlepass/progressiontracks -> 200
#826 GET /storefront/battlepass/progressiontracks -> 200
#827 GET /storefront/battlepass/progressiontracks -> 200
#828 GET /storefront/battlepass/progressiontracks -> 200
#829 GET /storefront/battlepass/progressiontracks -> 200
#830 GET /storefront/battlepass/progressiontracks -> 200
#831 GET /storefront/battlepass/progressiontracks -> 200
#832 GET /storefront/battlepass/progressiontracks -> 200
#833 GET /storefront/battlepass/progressiontracks -> 200
#834 GET /storefront/battlepass/progressiontracks -> 200
#835 GET /storefront/battlepass/progressiontracks -> 200
#836 GET /storefront/battlepass/progressiontracks -> 200
#837 GET /storefront/battlepass/progressiontracks -> 200
#838 GET /storefront/battlepass/progressiontracks -> 200
#839 GET /storefront/battlepass/progressiontracks -> 200
#840 GET /storefront/battlepass/progressiontracks -> 200
#841 GET /storefront/battlepass/progressiontracks -> 200
#842 GET /storefront/battlepass/progressiontracks -> 200
#843 GET /storefront/battlepass/progressiontracks -> 200
#844 GET /storefront/battlepass/progressiontracks -> 200
#845 GET /storefront/battlepass/progressiontracks -> 200
#846 GET /storefront/battlepass/progressiontracks -> 200
#847 GET /storefront/battlepass/progressiontracks -> 200
#848 GET /storefront/battlepass/progressiontracks -> 200
#849 GET /storefront/battlepass/progressiontracks -> 200
#850 GET /storefront/battlepass/progressiontracks -> 200
#851 GET /storefront/battlepass/progressiontracks -> 200
#852 GET /storefront/battlepass/progressiontracks -> 200
#853 GET /storefront/battlepass/progressiontracks -> 200
#854 GET /storefront/battlepass/progressiontracks -> 200
#855 GET /storefront/battlepass/progressiontracks -> 200
#856 GET /storefront/battlepass/progressiontracks -> 200
#857 GET /storefront/battlepass/progressiontracks -> 200
#858 GET /storefront/battlepass/progressiontracks -> 200
#859 GET /storefront/battlepass/progressiontracks -> 200
#860 GET /storefront/battlepass/progressiontracks -> 200
#861 GET /storefront/battlepass/progressiontracks -> 200
#862 GET /storefront/battlepass/progressiontracks -> 200
#863 GET /storefront/battlepass/progressiontracks -> 200
#864 GET /storefront/battlepass/progressiontracks -> 200
#865 GET /storefront/battlepass/progressiontracks -> 200
#866 GET /storefront/battlepass/progressiontracks -> 200
#867 GET /storefront/battlepass/progressiontracks -> 200
#868 GET /storefront/battlepass/progressiontracks -> 200
#869 GET /storefront/battlepass/progressiontracks -> 200
#870 GET /storefront/battlepass/progressiontracks -> 200
#871 GET /storefront/battlepass/progressiontracks -> 200
#872 GET /storefront/battlepass/progressiontracks -> 200
#873 GET /storefront/battlepass/progressiontracks -> 200
#874 GET /storefront/battlepass/progressiontracks -> 200
#875 GET /storefront/battlepass/progressiontracks -> 200
#876 GET /storefront/battlepass/progressiontracks -> 200
#877 GET /storefront/battlepass/progressiontracks -> 200
#878 GET /storefront/battlepass/progressiontracks -> 200
#879 GET /storefront/battlepass/progressiontracks -> 200
#880 GET /storefront/battlepass/progressiontracks -> 200
#881 GET /storefront/battlepass/progressiontracks -> 200
#882 GET /storefront/battlepass/progressiontracks -> 200
#883 GET /storefront/battlepass/progressiontracks -> 200
#884 GET /storefront/battlepass/progressiontracks -> 200
#885 GET /configuration/client -> 200
#886 GET /storefront/battlepass/progressiontracks -> 200
#887 GET /content-service/manifest/release2.4.live-156430-shipping -> 200
#888 GET /storefront/battlepass/progressiontracks -> 200
#889 GET /core-game/regions -> 200
#891 GET /storefront/battlepass/progressiontracks -> 200
#890 GET /party/matchmaking/info -> 200
#892 GET /storefront/battlepass/progressiontracks -> 200
#893 GET /storefront/battlepass/progressiontracks -> 200
#894 GET /storefront/battlepass/progressiontracks -> 200
#895 GET /storefront/battlepass/progressiontracks -> 200
#896 GET /storefront/battlepass/progressiontracks -> 200
#897 GET /storefront/battlepass/progressiontracks -> 200
#898 GET /storefront/battlepass/progressiontracks -> 200
#899 GET /storefront/battlepass/progressiontracks -> 200
#900 GET /storefront/battlepass/progressiontracks -> 200
#901 GET /storefront/battlepass/progressiontracks -> 200
#902 GET /storefront/battlepass/progressiontracks -> 200
#903 GET /storefront/battlepass/progressiontracks -> 200
#904 GET /storefront/battlepass/progressiontracks -> 200
#905 GET /storefront/battlepass/progressiontracks -> 200
#906 GET /storefront/battlepass/progressiontracks -> 200
#907 GET /storefront/battlepass/progressiontracks -> 200
#908 GET /storefront/battlepass/progressiontracks -> 200
#909 GET /storefront/battlepass/progressiontracks -> 200
#910 GET /storefront/battlepass/progressiontracks -> 200
#911 POST /party/parties/party-9b9d2c887e2524f918e383a895f2f1c2/members/9b9d2c887e2524f918e383a895f2f1c2/latencies -> 200
#912 GET /storefront/battlepass/progressiontracks -> 200
#913 GET /storefront/battlepass/progressiontracks -> 200
#914 GET /storefront/battlepass/progressiontracks -> 200
#915 GET /storefront/battlepass/progressiontracks -> 200
#916 GET /storefront/battlepass/progressiontracks -> 200
#917 GET /storefront/battlepass/progressiontracks -> 200
#918 GET /storefront/battlepass/progressiontracks -> 200
#919 GET /storefront/battlepass/progressiontracks -> 200
#920 GET /storefront/battlepass/progressiontracks -> 200
#921 GET /storefront/battlepass/progressiontracks -> 200
#922 GET /storefront/battlepass/progressiontracks -> 200
#923 GET /storefront/battlepass/progressiontracks -> 200
#924 GET /storefront/battlepass/progressiontracks -> 200
#925 GET /storefront/battlepass/progressiontracks -> 200
#926 GET /storefront/battlepass/progressiontracks -> 200
#927 GET /storefront/battlepass/progressiontracks -> 200
#928 GET /storefront/battlepass/progressiontracks -> 200
#929 GET /storefront/battlepass/progressiontracks -> 200
#930 GET /storefront/battlepass/progressiontracks -> 200
#931 GET /storefront/battlepass/progressiontracks -> 200
#932 GET /storefront/battlepass/progressiontracks -> 200
#933 GET /storefront/battlepass/progressiontracks -> 200
#934 GET /storefront/battlepass/progressiontracks -> 200
#935 GET /storefront/battlepass/progressiontracks -> 200
#936 GET /storefront/battlepass/progressiontracks -> 200
#937 GET /storefront/battlepass/progressiontracks -> 200
#938 GET /storefront/battlepass/progressiontracks -> 200
#939 GET /storefront/battlepass/progressiontracks -> 200
#940 GET /storefront/battlepass/progressiontracks -> 200
#941 GET /storefront/battlepass/progressiontracks -> 200
#942 GET /storefront/battlepass/progressiontracks -> 200
#943 GET /storefront/battlepass/progressiontracks -> 200
#944 GET /storefront/battlepass/progressiontracks -> 200
#945 GET /storefront/battlepass/progressiontracks -> 200
#946 GET /storefront/battlepass/progressiontracks -> 200
#947 GET /storefront/battlepass/progressiontracks -> 200
#948 GET /storefront/battlepass/progressiontracks -> 200
#949 GET /storefront/battlepass/progressiontracks -> 200
#950 GET /storefront/battlepass/progressiontracks -> 200
#951 GET /storefront/battlepass/progressiontracks -> 200
#952 GET /storefront/battlepass/progressiontracks -> 200
#953 GET /storefront/battlepass/progressiontracks -> 200
#954 GET /storefront/battlepass/progressiontracks -> 200
#955 GET /storefront/battlepass/progressiontracks -> 200
#956 GET /storefront/battlepass/progressiontracks -> 200
#957 GET /storefront/battlepass/progressiontracks -> 200
#958 GET /storefront/battlepass/progressiontracks -> 200
#959 GET /storefront/battlepass/progressiontracks -> 200
#960 GET /storefront/battlepass/progressiontracks -> 200
#961 GET /storefront/battlepass/progressiontracks -> 200
#962 GET /storefront/battlepass/progressiontracks -> 200
#963 GET /storefront/battlepass/progressiontracks -> 200
#964 GET /storefront/battlepass/progressiontracks -> 200
#965 GET /storefront/battlepass/progressiontracks -> 200
#966 GET /storefront/battlepass/progressiontracks -> 200
#967 GET /storefront/battlepass/progressiontracks -> 200
#968 GET /storefront/battlepass/progressiontracks -> 200
#969 GET /storefront/battlepass/progressiontracks -> 200
#970 GET /storefront/battlepass/progressiontracks -> 200
#971 GET /storefront/battlepass/progressiontracks -> 200
#972 GET /storefront/battlepass/progressiontracks -> 200
#973 GET /storefront/battlepass/progressiontracks -> 200
#974 GET /storefront/battlepass/progressiontracks -> 200
#975 GET /storefront/battlepass/progressiontracks -> 200
#976 GET /storefront/battlepass/progressiontracks -> 200
#977 GET /storefront/battlepass/progressiontracks -> 200
#978 GET /storefront/battlepass/progressiontracks -> 200
#979 GET /storefront/battlepass/progressiontracks -> 200
#980 GET /storefront/battlepass/progressiontracks -> 200
#981 GET /storefront/battlepass/progressiontracks -> 200
#982 GET /storefront/battlepass/progressiontracks -> 200
#983 GET /party/players/9b9d2c887e2524f918e383a895f2f1c2/voice -> 200
#984 GET /storefront/battlepass/progressiontracks -> 200
#985 GET /storefront/battlepass/progressiontracks -> 200
#986 GET /storefront/battlepass/progressiontracks -> 200
#987 GET /storefront/battlepass/progressiontracks -> 200
#988 GET /storefront/battlepass/progressiontracks -> 200
#989 GET /storefront/battlepass/progressiontracks -> 200
#990 GET /storefront/battlepass/progressiontracks -> 200
#991 GET /storefront/battlepass/progressiontracks -> 200
#992 GET /storefront/battlepass/progressiontracks -> 200
#993 GET /storefront/battlepass/progressiontracks -> 200
#994 GET /storefront/battlepass/progressiontracks -> 200
#995 GET /storefront/battlepass/progressiontracks -> 200
#996 GET /storefront/battlepass/progressiontracks -> 200
#997 GET /storefront/battlepass/progressiontracks -> 200
#998 GET /storefront/battlepass/progressiontracks -> 200
#999 GET /storefront/battlepass/progressiontracks -> 200
#1000 GET /storefront/battlepass/progressiontracks -> 200
#1001 GET /storefront/battlepass/progressiontracks -> 200
#1002 GET /storefront/battlepass/progressiontracks -> 200
#1003 GET /storefront/battlepass/progressiontracks -> 200
#1004 GET /storefront/battlepass/progressiontracks -> 200
#1005 GET /storefront/battlepass/progressiontracks -> 200
#1006 GET /storefront/battlepass/progressiontracks -> 200
#1007 GET /storefront/battlepass/progressiontracks -> 200
#1008 GET /storefront/battlepass/progressiontracks -> 200
#1009 GET /storefront/battlepass/progressiontracks -> 200
#1010 GET /storefront/battlepass/progressiontracks -> 200
#1011 GET /storefront/battlepass/progressiontracks -> 200
#1012 GET /storefront/battlepass/progressiontracks -> 200
#1013 GET /storefront/battlepass/progressiontracks -> 200
#1014 GET /storefront/battlepass/progressiontracks -> 200
#1015 GET /storefront/battlepass/progressiontracks -> 200
#1016 GET /storefront/battlepass/progressiontracks -> 200
#1017 GET /storefront/battlepass/progressiontracks -> 200
#1018 GET /storefront/battlepass/progressiontracks -> 200
#1019 GET /storefront/battlepass/progressiontracks -> 200
#1020 GET /storefront/battlepass/progressiontracks -> 200
#1021 GET /storefront/battlepass/progressiontracks -> 200
#1022 GET /storefront/battlepass/progressiontracks -> 200
#1023 GET /storefront/battlepass/progressiontracks -> 200
#1024 GET /storefront/battlepass/progressiontracks -> 200
#1025 GET /storefront/battlepass/progressiontracks -> 200
#1026 GET /storefront/battlepass/progressiontracks -> 200
#1027 GET /storefront/battlepass/progressiontracks -> 200
#1028 GET /storefront/battlepass/progressiontracks -> 200
#1029 GET /storefront/battlepass/progressiontracks -> 200
#1030 GET /storefront/battlepass/progressiontracks -> 200
#1031 GET /storefront/battlepass/progressiontracks -> 200
#1032 GET /storefront/battlepass/progressiontracks -> 200
#1033 GET /storefront/battlepass/progressiontracks -> 200
#1034 GET /storefront/battlepass/progressiontracks -> 200
#1035 GET /storefront/battlepass/progressiontracks -> 200
#1036 GET /storefront/battlepass/progressiontracks -> 200
#1037 GET /storefront/battlepass/progressiontracks -> 200
#1038 GET /storefront/battlepass/progressiontracks -> 200
#1039 GET /storefront/battlepass/progressiontracks -> 200
#1040 GET /storefront/battlepass/progressiontracks -> 200
#1041 GET /storefront/battlepass/progressiontracks -> 200
#1042 GET /storefront/battlepass/progressiontracks -> 200
#1043 GET /storefront/battlepass/progressiontracks -> 200
#1044 GET /storefront/battlepass/progressiontracks -> 200
#1045 GET /storefront/battlepass/progressiontracks -> 200
#1046 GET /storefront/battlepass/progressiontracks -> 200
#1047 GET /storefront/battlepass/progressiontracks -> 200
#1048 GET /storefront/battlepass/progressiontracks -> 200
#1049 GET /storefront/battlepass/progressiontracks -> 200
#1050 GET /storefront/battlepass/progressiontracks -> 200
#1051 GET /storefront/battlepass/progressiontracks -> 200
#1052 GET /storefront/battlepass/progressiontracks -> 200
#1053 GET /storefront/battlepass/progressiontracks -> 200
#1054 GET /storefront/battlepass/progressiontracks -> 200
#1055 GET /storefront/battlepass/progressiontracks -> 200
#1056 GET /storefront/battlepass/progressiontracks -> 200
#1057 GET /storefront/battlepass/progressiontracks -> 200
#1058 GET /storefront/battlepass/progressiontracks -> 200
#1059 GET /storefront/battlepass/progressiontracks -> 200
#1060 GET /storefront/battlepass/progressiontracks -> 200
#1061 GET /storefront/battlepass/progressiontracks -> 200
#1062 GET /storefront/battlepass/progressiontracks -> 200
#1063 GET /storefront/battlepass/progressiontracks -> 200
#1064 GET /storefront/battlepass/progressiontracks -> 200
#1065 GET /storefront/battlepass/progressiontracks -> 200
#1066 GET /storefront/battlepass/progressiontracks -> 200
#1067 GET /storefront/battlepass/progressiontracks -> 200
#1068 GET /storefront/battlepass/progressiontracks -> 200
#1069 GET /storefront/battlepass/progressiontracks -> 200
#1070 GET /storefront/battlepass/progressiontracks -> 200
#1071 GET /storefront/battlepass/progressiontracks -> 200
#1072 GET /storefront/battlepass/progressiontracks -> 200
#1073 GET /storefront/battlepass/progressiontracks -> 200
#1074 GET /storefront/battlepass/progressiontracks -> 200
#1075 GET /storefront/battlepass/progressiontracks -> 200
#1076 GET /storefront/battlepass/progressiontracks -> 200
#1077 GET /storefront/battlepass/progressiontracks -> 200
#1078 GET /storefront/battlepass/progressiontracks -> 200
#1079 GET /storefront/battlepass/progressiontracks -> 200
#1080 GET /storefront/battlepass/progressiontracks -> 200
#1081 GET /storefront/battlepass/progressiontracks -> 200
#1082 GET /storefront/battlepass/progressiontracks -> 200
#1083 GET /storefront/battlepass/progressiontracks -> 200
#1084 GET /storefront/battlepass/progressiontracks -> 200
#1085 GET /storefront/battlepass/progressiontracks -> 200
#1086 GET /storefront/battlepass/progressiontracks -> 200
#1087 GET /storefront/battlepass/progressiontracks -> 200
#1088 GET /storefront/battlepass/progressiontracks -> 200
#1089 GET /storefront/battlepass/progressiontracks -> 200
#1090 GET /storefront/battlepass/progressiontracks -> 200
#1091 GET /storefront/battlepass/progressiontracks -> 200
#1092 GET /storefront/battlepass/progressiontracks -> 200
#1093 GET /storefront/battlepass/progressiontracks -> 200
#1094 GET /storefront/battlepass/progressiontracks -> 200
#1095 GET /storefront/battlepass/progressiontracks -> 200
#1096 GET /storefront/battlepass/progressiontracks -> 200
#1097 GET /storefront/battlepass/progressiontracks -> 200
#1098 GET /storefront/battlepass/progressiontracks -> 200
#1099 GET /storefront/battlepass/progressiontracks -> 200
#1100 GET /storefront/battlepass/progressiontracks -> 200
#1101 GET /storefront/battlepass/progressiontracks -> 200
#1102 GET /storefront/battlepass/progressiontracks -> 200
#1103 GET /storefront/battlepass/progressiontracks -> 200
#1104 GET /storefront/battlepass/progressiontracks -> 200
#1105 GET /storefront/battlepass/progressiontracks -> 200
#1106 GET /storefront/battlepass/progressiontracks -> 200
#1107 GET /storefront/battlepass/progressiontracks -> 200
#1108 GET /storefront/battlepass/progressiontracks -> 200
#1109 GET /storefront/battlepass/progressiontracks -> 200
#1110 GET /storefront/battlepass/progressiontracks -> 200
#1111 GET /storefront/battlepass/progressiontracks -> 200
#1112 GET /storefront/battlepass/progressiontracks -> 200
#1113 GET /storefront/battlepass/progressiontracks -> 200
#1114 GET /storefront/battlepass/progressiontracks -> 200
#1115 GET /storefront/battlepass/progressiontracks -> 200
#1116 GET /storefront/battlepass/progressiontracks -> 200
#1117 GET /storefront/battlepass/progressiontracks -> 200
#1118 GET /storefront/battlepass/progressiontracks -> 200
#1119 GET /storefront/battlepass/progressiontracks -> 200
#1120 GET /storefront/battlepass/progressiontracks -> 200
#1121 GET /storefront/battlepass/progressiontracks -> 200
#1122 GET /storefront/battlepass/progressiontracks -> 200
#1123 GET /storefront/battlepass/progressiontracks -> 200
#1124 GET /storefront/battlepass/progressiontracks -> 200
#1125 GET /storefront/battlepass/progressiontracks -> 200
#1126 GET /storefront/battlepass/progressiontracks -> 200
#1127 GET /storefront/battlepass/progressiontracks -> 200
#1128 GET /storefront/battlepass/progressiontracks -> 200
#1129 GET /storefront/battlepass/progressiontracks -> 200
#1130 GET /storefront/battlepass/progressiontracks -> 200
#1131 GET /storefront/battlepass/progressiontracks -> 200
#1132 GET /storefront/battlepass/progressiontracks -> 200
#1133 GET /storefront/battlepass/progressiontracks -> 200
#1134 GET /storefront/battlepass/progressiontracks -> 200
#1135 GET /storefront/battlepass/progressiontracks -> 200
#1136 GET /storefront/battlepass/progressiontracks -> 200
#1137 GET /storefront/battlepass/progressiontracks -> 200
#1138 GET /storefront/battlepass/progressiontracks -> 200
#1139 GET /storefront/battlepass/progressiontracks -> 200
#1140 GET /storefront/battlepass/progressiontracks -> 200
#1141 GET /storefront/battlepass/progressiontracks -> 200
#1142 GET /storefront/battlepass/progressiontracks -> 200
#1143 GET /storefront/battlepass/progressiontracks -> 200
#1144 GET /storefront/battlepass/progressiontracks -> 200
#1145 GET /storefront/battlepass/progressiontracks -> 200
#1146 GET /storefront/battlepass/progressiontracks -> 200
#1147 GET /storefront/battlepass/progressiontracks -> 200
#1148 GET /storefront/battlepass/progressiontracks -> 200
#1149 GET /storefront/battlepass/progressiontracks -> 200
#1150 GET /storefront/battlepass/progressiontracks -> 200
#1151 GET /storefront/battlepass/progressiontracks -> 200
#1152 GET /storefront/battlepass/progressiontracks -> 200
#1153 GET /storefront/battlepass/progressiontracks -> 200
#1154 GET /storefront/battlepass/progressiontracks -> 200
#1155 GET /storefront/battlepass/progressiontracks -> 200
#1156 GET /storefront/battlepass/progressiontracks -> 200
#1157 GET /storefront/battlepass/progressiontracks -> 200
#1158 GET /storefront/battlepass/progressiontracks -> 200
#1159 GET /storefront/battlepass/progressiontracks -> 200
#1160 GET /storefront/battlepass/progressiontracks -> 200
#1161 GET /storefront/battlepass/progressiontracks -> 200
#1162 GET /storefront/battlepass/progressiontracks -> 200
#1163 GET /storefront/battlepass/progressiontracks -> 200
#1164 GET /storefront/battlepass/progressiontracks -> 200
#1165 GET /storefront/battlepass/progressiontracks -> 200
#1166 GET /storefront/battlepass/progressiontracks -> 200
#1167 GET /storefront/battlepass/progressiontracks -> 200
#1168 GET /storefront/battlepass/progressiontracks -> 200
#1169 GET /storefront/battlepass/progressiontracks -> 200
#1170 GET /storefront/battlepass/progressiontracks -> 200
#1171 GET /storefront/battlepass/progressiontracks -> 200
#1172 GET /storefront/battlepass/progressiontracks -> 200
#1173 GET /storefront/battlepass/progressiontracks -> 200
#1174 GET /storefront/battlepass/progressiontracks -> 200
#1175 GET /storefront/battlepass/progressiontracks -> 200
#1176 GET /storefront/battlepass/progressiontracks -> 200
#1177 GET /storefront/battlepass/progressiontracks -> 200
#1178 GET /storefront/battlepass/progressiontracks -> 200
#1179 GET /storefront/battlepass/progressiontracks -> 200
#1180 GET /storefront/battlepass/progressiontracks -> 200
#1181 GET /storefront/battlepass/progressiontracks -> 200
#1182 GET /storefront/battlepass/progressiontracks -> 200
#1183 GET /storefront/battlepass/progressiontracks -> 200
#1184 GET /storefront/battlepass/progressiontracks -> 200
#1185 GET /storefront/battlepass/progressiontracks -> 200
#1186 GET /storefront/battlepass/progressiontracks -> 200
#1187 GET /storefront/battlepass/progressiontracks -> 200
#1188 GET /storefront/battlepass/progressiontracks -> 200
#1189 GET /storefront/battlepass/progressiontracks -> 200
#1190 GET /storefront/battlepass/progressiontracks -> 200
#1191 GET /storefront/battlepass/progressiontracks -> 200
#1192 GET /storefront/battlepass/progressiontracks -> 200
#1193 GET /storefront/battlepass/progressiontracks -> 200
#1194 GET /storefront/battlepass/progressiontracks -> 200
#1195 GET /storefront/battlepass/progressiontracks -> 200
#1196 GET /storefront/battlepass/progressiontracks -> 200
#1197 GET /storefront/battlepass/progressiontracks -> 200
[auto] SETTLE PASSED up=126s ui=2 lob=11
#1198 GET /storefront/battlepass/progressiontracks -> 200
#1199 POST /party/parties/party-9b9d2c887e2524f918e383a895f2f1c2/joinQueue -> 200
[auto] joinQueue -> 200
#1200 GET /storefront/battlepass/progressiontracks -> 200
#1201 GET /core-game/players/9b9d2c887e2524f918e383a895f2f1c2 -> 200
#1202 GET /storefront/battlepass/progressiontracks -> 200
#1203 GET /storefront/battlepass/progressiontracks -> 200
#1204 GET /storefront/battlepass/progressiontracks -> 200

* 17:08:49.434  WS <- /lobby TEXT ""
#1205 GET /storefront/battlepass/progressiontracks -> 200
#1206 GET /storefront/battlepass/progressiontracks -> 200
#1207 GET /storefront/battlepass/progressiontracks -> 200
#1208 GET /storefront/battlepass/progressiontracks -> 200
#1209 GET /storefront/battlepass/progressiontracks -> 200
#1210 GET /storefront/battlepass/progressiontracks -> 200
#1211 GET /storefront/battlepass/progressiontracks -> 200
#1212 GET /storefront/battlepass/progressiontracks -> 200
#1213 GET /storefront/battlepass/progressiontracks -> 200
#1214 GET /storefront/battlepass/progressiontracks -> 200
#1215 GET /storefront/battlepass/progressiontracks -> 200
#1216 GET /storefront/battlepass/progressiontracks -> 200
#1217 GET /storefront/battlepass/progressiontracks -> 200
#1218 GET /storefront/battlepass/progressiontracks -> 200
#1219 GET /storefront/battlepass/progressiontracks -> 200
#1220 GET /storefront/battlepass/progressiontracks -> 200
#1221 GET /storefront/battlepass/progressiontracks -> 200
#1222 GET /storefront/battlepass/progressiontracks -> 200
#1223 GET /storefront/battlepass/progressiontracks -> 200
#1224 GET /storefront/battlepass/progressiontracks -> 200
#1225 GET /storefront/battlepass/progressiontracks -> 200
#1226 GET /storefront/battlepass/progressiontracks -> 200
#1227 GET /storefront/battlepass/progressiontracks -> 200
#1228 GET /storefront/battlepass/progressiontracks -> 200
#1229 GET /storefront/battlepass/progressiontracks -> 200
#1230 GET /storefront/battlepass/progressiontracks -> 200
#1231 GET /storefront/battlepass/progressiontracks -> 200
#1232 GET /storefront/battlepass/progressiontracks -> 200
#1233 GET /storefront/battlepass/progressiontracks -> 200
#1234 GET /storefront/battlepass/progressiontracks -> 200
#1235 GET /storefront/battlepass/progressiontracks -> 200
#1236 GET /storefront/battlepass/progressiontracks -> 200
#1237 GET /storefront/battlepass/progressiontracks -> 200
#1238 GET /storefront/battlepass/progressiontracks -> 200
#1239 GET /storefront/battlepass/progressiontracks -> 200
#1240 GET /storefront/battlepass/progressiontracks -> 200
#1241 GET /storefront/battlepass/progressiontracks -> 200
#1242 GET /storefront/battlepass/progressiontracks -> 200
#1243 GET /storefront/battlepass/progressiontracks -> 200
#1244 GET /storefront/battlepass/progressiontracks -> 200
#1245 GET /storefront/battlepass/progressiontracks -> 200
#1246 GET /storefront/battlepass/progressiontracks -> 200
#1247 GET /storefront/battlepass/progressiontracks -> 200
#1248 GET /storefront/battlepass/progressiontracks -> 200
#1249 GET /storefront/battlepass/progressiontracks -> 200
#1250 GET /storefront/battlepass/progressiontracks -> 200
#1251 GET /storefront/battlepass/progressiontracks -> 200
#1252 GET /storefront/battlepass/progressiontracks -> 200
#1253 GET /storefront/battlepass/progressiontracks -> 200
#1254 GET /storefront/battlepass/progressiontracks -> 200
#1255 GET /storefront/battlepass/progressiontracks -> 200
#1256 GET /storefront/battlepass/progressiontracks -> 200
#1257 GET /core-game/players/9b9d2c887e2524f918e383a895f2f1c2 -> 200
#1258 GET /storefront/battlepass/progressiontracks -> 200
#1259 GET /storefront/battlepass/progressiontracks -> 200
#1260 GET /storefront/battlepass/progressiontracks -> 200

* 17:08:53.572  WS -> /notifications/players/9b9d2c887e2524f918e383a895f2f1c2 BINARY hb (proactive 30s keepalive)
#1261 GET /storefront/battlepass/progressiontracks -> 200
#1262 GET /storefront/battlepass/progressiontracks -> 200
#1263 GET /storefront/battlepass/progressiontracks -> 200
#1264 GET /storefront/battlepass/progressiontracks -> 200
#1265 GET /storefront/battlepass/progressiontracks -> 200
#1266 GET /storefront/battlepass/progressiontracks -> 200
#1267 GET /storefront/battlepass/progressiontracks -> 200
#1268 GET /storefront/battlepass/progressiontracks -> 200
#1269 GET /storefront/battlepass/progressiontracks -> 200
#1270 GET /storefront/battlepass/progressiontracks -> 200
#1271 GET /storefront/battlepass/progressiontracks -> 200
#1272 GET /storefront/battlepass/progressiontracks -> 200
#1273 GET /storefront/battlepass/progressiontracks -> 200
#1274 GET /storefront/battlepass/progressiontracks -> 200
#1275 GET /storefront/battlepass/progressiontracks -> 200
#1276 GET /storefront/battlepass/progressiontracks -> 200
#1277 GET /storefront/battlepass/progressiontracks -> 200
#1278 GET /storefront/battlepass/progressiontracks -> 200
#1279 GET /storefront/battlepass/progressiontracks -> 200
#1280 GET /storefront/battlepass/progressiontracks -> 200
#1281 GET /storefront/battlepass/progressiontracks -> 200
#1282 GET /storefront/battlepass/progressiontracks -> 200
#1283 GET /storefront/battlepass/progressiontracks -> 200
#1284 GET /storefront/battlepass/progressiontracks -> 200
#1285 GET /storefront/battlepass/progressiontracks -> 200
#1286 GET /storefront/battlepass/progressiontracks -> 200
#1287 GET /storefront/battlepass/progressiontracks -> 200
#1288 GET /storefront/battlepass/progressiontracks -> 200
#1289 GET /storefront/battlepass/progressiontracks -> 200
#1290 GET /storefront/battlepass/progressiontracks -> 200
#1291 GET /storefront/battlepass/progressiontracks -> 200
#1292 GET /storefront/battlepass/progressiontracks -> 200
#1293 GET /storefront/battlepass/progressiontracks -> 200
#1294 GET /storefront/battlepass/progressiontracks -> 200
#1295 GET /storefront/battlepass/progressiontracks -> 200
#1296 GET /storefront/battlepass/progressiontracks -> 200
#1297 GET /storefront/battlepass/progressiontracks -> 200
#1298 GET /storefront/battlepass/progressiontracks -> 200
#1299 GET /storefront/battlepass/progressiontracks -> 200
#1300 GET /storefront/battlepass/progressiontracks -> 200
#1301 GET /storefront/battlepass/progressiontracks -> 200
#1302 GET /storefront/battlepass/progressiontracks -> 200
#1303 GET /storefront/battlepass/progressiontracks -> 200
#1304 GET /storefront/battlepass/progressiontracks -> 200
#1305 GET /storefront/battlepass/progressiontracks -> 200
#1306 GET /storefront/battlepass/progressiontracks -> 200
#1307 GET /storefront/battlepass/progressiontracks -> 200
#1308 GET /storefront/battlepass/progressiontracks -> 200
#1309 GET /storefront/battlepass/progressiontracks -> 200
#1310 GET /storefront/battlepass/progressiontracks -> 200

* 17:08:57.117  WS NOTIFY[armqueue] -> /core-game/players/9b9d2c887e2524f918e383a895f2f1c2 {"Resource":"/core-game/players/9b9d2c887e2524f918e383a895f2f1c2","Version":1787522937,"Payload":""}
#1311 GET /storefront/battlepass/progressiontracks -> 200
#1312 GET /core-game/players/9b9d2c887e2524f918e383a895f2f1c2 -> 200
#1313 GET /storefront/battlepass/progressiontracks -> 200
#1314 GET /core-game/matches/match-9b9d2c887e2524f918e383a895f2f1c2 -> 200
#1315 GET /storefront/battlepass/progressiontracks -> 200
#1316 GET /storefront/battlepass/progressiontracks -> 200
#1317 GET /core-game/players/9b9d2c887e2524f918e383a895f2f1c2 -> 200
[auto] ARMED MatchID=match-9b9d2c887e2524f918e383a895f2f1c2
[auto] staging (gft -> fo -> sp)...
#1318 GET /storefront/battlepass/progressiontracks -> 200
[stage] pre-flight: is ags serving an armed match?
#1319 GET /storefront/battlepass/progressiontracks -> 200
#1320 GET /revival/admin/state -> 200
#1321 GET /storefront/battlepass/progressiontracks -> 200
#1322 GET /core-game/players/9b9d2c887e2524f918e383a895f2f1c2 -> 200
[stage]   /core-game/players -> MatchID='match-9b9d2c887e2524f918e383a895f2f1c2' Version=1787522937
[stage] waiting for game process...
[stage] game process -> OK (0s)
[stage] game PID=57016 started=08/23/2026 17:06:42

* 17:08:57.643  WS <- /lobby TEXT "type: setUserStatusRequest\nid: presence-2997\navailability: online\nactivity: eyJhIjoiSW5NYXRjaCIsImNWIjoicmVsZWFzZTIuNC5saXZlLTE1NjQzMC1zaGlwcGluZyIsInBJZCI6InBhcnR5LTliOWQyYzg4N2UyNTI0ZjkxOGUzODNhODk1ZjJmMWMyIiwicFFzIjpbImJvdHMiXSwicE8iOjAsInBTIjoxLCJtUFMiOjMsInJrIjoxMiwicmtQIjoxODUwLCJyIjpbeyJxIjoidHV0b3JpYWxOZXciLCJyayI6MTIsInJrUCI6MTg1MH1dLCJhdklkIjoiU2xvdENvc21ldGljczpBVkFUQVJfQWxjaGVtaXN0SE0iLCJ0IjpbXSwiZHNJZCI6IiJ9\n"
[stage] parked match model (uiready + match fetched + uptime) -> OK (0s)
[stage] uptime=135s

* 17:08:57.725  WS -> /lobby TEXT "type: setUserStatusResponse\nid: presence-2997\ncode: 0"
#1323 GET /storefront/battlepass/progressiontracks -> 200
[stage] >>> inject gft
[stage]     Manual-mapping G:\git\Supervive Revival Project\tools\sigbypass-mod\gft_ready_fix.dll into PID 57016
[stage]       remote image base: 0x29006730000 (size 0x25000)
[stage]       relocations applied (delta 0x28E86730000)
[stage]       import: KERNEL32.dll
[stage]       exception table: 0x17D entries at 0x29006752000 (will RtlAddFunctionTable)
[stage]       DllMain remote-thread exit: 0x1 (DllMain returned BOOL; nonzero = OK)
[stage]       verify: MZ at 0x29006730000 ✓
[stage]     OK: manual-map complete (DllMain returned).
#1324 GET /storefront/battlepass/progressiontracks -> 200
#1325 GET /storefront/battlepass/progressiontracks -> 200
#1326 GET /storefront/battlepass/progressiontracks -> 200
#1327 GET /storefront/battlepass/progressiontracks -> 200
#1328 GET /storefront/battlepass/progressiontracks -> 200
#1329 GET /storefront/battlepass/progressiontracks -> 200
#1330 GET /storefront/battlepass/progressiontracks -> 200
#1331 GET /configuration/client -> 200
#1332 GET /storefront/battlepass/progressiontracks -> 200
#1333 GET /content-service/manifest/release2.4.live-156430-shipping -> 200
#1334 GET /storefront/battlepass/progressiontracks -> 200
#1335 GET /party/matchmaking/info -> 200
#1336 GET /mailbox/config/version -> 200
#1337 GET /storefront/battlepass/progressiontracks -> 200
#1338 GET /storefront/battlepass/progressiontracks -> 200
#1339 GET /storefront/battlepass/progressiontracks -> 200
#1340 GET /storefront/battlepass/progressiontracks -> 200
#1341 GET /storefront/battlepass/progressiontracks -> 200
#1342 GET /storefront/battlepass/progressiontracks -> 200
#1343 GET /storefront/battlepass/progressiontracks -> 200
#1344 GET /storefront/battlepass/progressiontracks -> 200
#1345 GET /storefront/battlepass/progressiontracks -> 200
#1346 GET /storefront/battlepass/progressiontracks -> 200
#1347 GET /storefront/battlepass/progressiontracks -> 200
#1348 GET /storefront/battlepass/progressiontracks -> 200
#1349 GET /storefront/battlepass/progressiontracks -> 200
#1350 GET /storefront/battlepass/progressiontracks -> 200
#1351 GET /storefront/battlepass/progressiontracks -> 200
#1352 GET /storefront/battlepass/progressiontracks -> 200
#1353 GET /storefront/battlepass/progressiontracks -> 200
#1354 GET /storefront/battlepass/progressiontracks -> 200
#1355 GET /storefront/battlepass/progressiontracks -> 200
[stage]     marker -> fk24-stage-s139f1-a1-1-gft.txt
#1356 GET /storefront/battlepass/progressiontracks -> 200
#1357 GET /storefront/battlepass/progressiontracks -> 200
#1358 GET /storefront/battlepass/progressiontracks -> 200
#1359 GET /storefront/battlepass/progressiontracks -> 200
#1360 GET /storefront/battlepass/progressiontracks -> 200
#1361 POST /party/parties/party-9b9d2c887e2524f918e383a895f2f1c2/members/9b9d2c887e2524f918e383a895f2f1c2/latencies -> 200
#1362 GET /storefront/battlepass/progressiontracks -> 200
#1363 GET /storefront/battlepass/progressiontracks -> 200
#1364 GET /storefront/battlepass/progressiontracks -> 200
#1365 GET /storefront/battlepass/progressiontracks -> 200
#1366 GET /storefront/battlepass/progressiontracks -> 200
#1367 GET /storefront/battlepass/progressiontracks -> 200
#1368 GET /storefront/battlepass/progressiontracks -> 200
#1369 GET /storefront/battlepass/progressiontracks -> 200
#1370 GET /storefront/battlepass/progressiontracks -> 200
#1371 GET /storefront/battlepass/progressiontracks -> 200
#1372 GET /storefront/battlepass/progressiontracks -> 200
#1373 GET /storefront/battlepass/progressiontracks -> 200
#1374 GET /storefront/battlepass/progressiontracks -> 200
#1375 GET /storefront/battlepass/progressiontracks -> 200
#1376 GET /storefront/battlepass/progressiontracks -> 200
#1377 GET /storefront/battlepass/progressiontracks -> 200
#1378 GET /storefront/battlepass/progressiontracks -> 200
#1379 GET /storefront/battlepass/progressiontracks -> 200
#1380 GET /storefront/battlepass/progressiontracks -> 200
#1381 GET /storefront/battlepass/progressiontracks -> 200
#1382 GET /storefront/battlepass/progressiontracks -> 200
#1383 GET /storefront/battlepass/progressiontracks -> 200
#1384 GET /storefront/battlepass/progressiontracks -> 200
#1385 GET /storefront/battlepass/progressiontracks -> 200
#1386 GET /storefront/battlepass/progressiontracks -> 200
#1387 GET /storefront/battlepass/progressiontracks -> 200
#1388 GET /storefront/battlepass/progressiontracks -> 200
#1389 GET /storefront/battlepass/progressiontracks -> 200
#1390 GET /storefront/battlepass/progressiontracks -> 200
#1391 GET /storefront/battlepass/progressiontracks -> 200
#1392 GET /storefront/battlepass/progressiontracks -> 200
#1393 GET /storefront/battlepass/progressiontracks -> 200
#1394 GET /storefront/battlepass/progressiontracks -> 200
#1395 GET /storefront/battlepass/progressiontracks -> 200
#1396 GET /storefront/battlepass/progressiontracks -> 200
#1397 GET /storefront/battlepass/progressiontracks -> 200
#1398 GET /storefront/battlepass/progressiontracks -> 200
#1399 GET /storefront/battlepass/progressiontracks -> 200
#1400 GET /storefront/battlepass/progressiontracks -> 200
[stage] force-open DLL: tutorial_launch_fo.dll
[stage]     spacing: 5s since last inject, waiting 15s more (min gap 20s)
#1401 GET /storefront/battlepass/progressiontracks -> 200
#1402 GET /storefront/battlepass/progressiontracks -> 200
#1403 GET /storefront/battlepass/progressiontracks -> 200
#1404 GET /storefront/battlepass/progressiontracks -> 200
#1405 GET /storefront/battlepass/progressiontracks -> 200
#1406 GET /storefront/battlepass/progressiontracks -> 200
#1407 GET /storefront/battlepass/progressiontracks -> 200
#1408 GET /storefront/battlepass/progressiontracks -> 200
#1409 GET /storefront/battlepass/progressiontracks -> 200
#1410 GET /storefront/battlepass/progressiontracks -> 200
#1411 GET /storefront/battlepass/progressiontracks -> 200
#1412 GET /storefront/battlepass/progressiontracks -> 200
#1413 GET /storefront/battlepass/progressiontracks -> 200
#1414 GET /storefront/battlepass/progressiontracks -> 200
#1415 GET /storefront/battlepass/progressiontracks -> 200
#1416 GET /storefront/battlepass/progressiontracks -> 200
#1417 GET /storefront/battlepass/progressiontracks -> 200
#1418 GET /storefront/battlepass/progressiontracks -> 200
#1419 GET /storefront/battlepass/progressiontracks -> 200
#1420 GET /storefront/battlepass/progressiontracks -> 200
#1421 GET /storefront/battlepass/progressiontracks -> 200
#1422 GET /storefront/battlepass/progressiontracks -> 200
#1423 GET /storefront/battlepass/progressiontracks -> 200
#1424 GET /storefront/battlepass/progressiontracks -> 200
#1425 GET /storefront/battlepass/progressiontracks -> 200
#1426 GET /storefront/battlepass/progressiontracks -> 200
#1427 GET /storefront/battlepass/progressiontracks -> 200
#1428 GET /storefront/battlepass/progressiontracks -> 200
#1429 GET /storefront/battlepass/progressiontracks -> 200
#1430 GET /storefront/battlepass/progressiontracks -> 200
#1431 GET /storefront/battlepass/progressiontracks -> 200
#1432 GET /storefront/battlepass/progressiontracks -> 200
#1433 GET /storefront/battlepass/progressiontracks -> 200
#1434 GET /storefront/battlepass/progressiontracks -> 200
#1435 GET /storefront/battlepass/progressiontracks -> 200
#1436 GET /storefront/battlepass/progressiontracks -> 200
#1437 GET /storefront/battlepass/progressiontracks -> 200
#1438 GET /storefront/battlepass/progressiontracks -> 200
#1439 GET /storefront/battlepass/progressiontracks -> 200
#1440 GET /storefront/battlepass/progressiontracks -> 200
#1441 GET /party/players/9b9d2c887e2524f918e383a895f2f1c2/voice -> 200
#1442 GET /storefront/battlepass/progressiontracks -> 200
#1443 GET /storefront/battlepass/progressiontracks -> 200
#1444 GET /storefront/battlepass/progressiontracks -> 200
#1445 GET /storefront/battlepass/progressiontracks -> 200
#1446 GET /storefront/battlepass/progressiontracks -> 200
#1447 GET /storefront/battlepass/progressiontracks -> 200
#1448 GET /storefront/battlepass/progressiontracks -> 200
#1449 GET /storefront/battlepass/progressiontracks -> 200
#1450 GET /storefront/battlepass/progressiontracks -> 200
#1451 GET /storefront/battlepass/progressiontracks -> 200
#1452 GET /storefront/battlepass/progressiontracks -> 200
#1453 GET /storefront/battlepass/progressiontracks -> 200
#1454 GET /storefront/battlepass/progressiontracks -> 200
#1455 GET /storefront/battlepass/progressiontracks -> 200
#1456 GET /storefront/battlepass/progressiontracks -> 200
#1457 GET /storefront/battlepass/progressiontracks -> 200
#1458 GET /storefront/battlepass/progressiontracks -> 200
#1459 GET /storefront/battlepass/progressiontracks -> 200
#1460 GET /storefront/battlepass/progressiontracks -> 200
#1461 GET /storefront/battlepass/progressiontracks -> 200
#1462 GET /storefront/battlepass/progressiontracks -> 200
#1463 GET /storefront/battlepass/progressiontracks -> 200
#1464 GET /storefront/battlepass/progressiontracks -> 200
#1465 GET /storefront/battlepass/progressiontracks -> 200
#1466 GET /storefront/battlepass/progressiontracks -> 200
#1467 GET /storefront/battlepass/progressiontracks -> 200
#1468 GET /storefront/battlepass/progressiontracks -> 200
#1469 GET /storefront/battlepass/progressiontracks -> 200
#1470 GET /storefront/battlepass/progressiontracks -> 200
#1471 GET /storefront/battlepass/progressiontracks -> 200
#1472 GET /storefront/battlepass/progressiontracks -> 200
#1473 GET /storefront/battlepass/progressiontracks -> 200
#1474 GET /storefront/battlepass/progressiontracks -> 200
#1475 GET /storefront/battlepass/progressiontracks -> 200
#1476 GET /storefront/battlepass/progressiontracks -> 200
#1477 GET /storefront/battlepass/progressiontracks -> 200
#1478 GET /storefront/battlepass/progressiontracks -> 200
#1479 GET /storefront/battlepass/progressiontracks -> 200
#1480 GET /storefront/battlepass/progressiontracks -> 200
#1481 GET /storefront/battlepass/progressiontracks -> 200
#1482 GET /storefront/battlepass/progressiontracks -> 200
#1483 GET /storefront/battlepass/progressiontracks -> 200
#1484 GET /storefront/battlepass/progressiontracks -> 200
#1485 GET /storefront/battlepass/progressiontracks -> 200
#1486 GET /storefront/battlepass/progressiontracks -> 200
#1487 GET /storefront/battlepass/progressiontracks -> 200
#1488 GET /storefront/battlepass/progressiontracks -> 200
#1489 GET /storefront/battlepass/progressiontracks -> 200
#1490 GET /storefront/battlepass/progressiontracks -> 200
#1491 GET /storefront/battlepass/progressiontracks -> 200
#1492 GET /storefront/battlepass/progressiontracks -> 200
#1493 GET /storefront/battlepass/progressiontracks -> 200
#1494 GET /storefront/battlepass/progressiontracks -> 200
#1495 GET /storefront/battlepass/progressiontracks -> 200
#1496 GET /storefront/battlepass/progressiontracks -> 200
#1497 GET /storefront/battlepass/progressiontracks -> 200
#1498 GET /storefront/battlepass/progressiontracks -> 200
#1499 GET /storefront/battlepass/progressiontracks -> 200
#1500 GET /storefront/battlepass/progressiontracks -> 200
#1501 GET /storefront/battlepass/progressiontracks -> 200
#1502 GET /storefront/battlepass/progressiontracks -> 200
#1503 GET /storefront/battlepass/progressiontracks -> 200
#1504 GET /storefront/battlepass/progressiontracks -> 200
#1505 GET /storefront/battlepass/progressiontracks -> 200
#1506 GET /storefront/battlepass/progressiontracks -> 200
#1507 GET /storefront/battlepass/progressiontracks -> 200
#1508 GET /storefront/battlepass/progressiontracks -> 200
#1509 GET /storefront/battlepass/progressiontracks -> 200
#1510 GET /storefront/battlepass/progressiontracks -> 200
#1511 GET /storefront/battlepass/progressiontracks -> 200
#1512 GET /storefront/battlepass/progressiontracks -> 200
#1513 GET /storefront/battlepass/progressiontracks -> 200
#1514 GET /storefront/battlepass/progressiontracks -> 200
#1515 GET /storefront/battlepass/progressiontracks -> 200
#1516 GET /storefront/battlepass/progressiontracks -> 200
#1517 GET /storefront/battlepass/progressiontracks -> 200
#1518 GET /storefront/battlepass/progressiontracks -> 200
#1519 GET /storefront/battlepass/progressiontracks -> 200
#1520 GET /storefront/battlepass/progressiontracks -> 200
#1521 GET /storefront/battlepass/progressiontracks -> 200
#1522 GET /storefront/battlepass/progressiontracks -> 200
#1523 GET /storefront/battlepass/progressiontracks -> 200
#1524 GET /storefront/battlepass/progressiontracks -> 200
#1525 GET /storefront/battlepass/progressiontracks -> 200
#1526 GET /storefront/battlepass/progressiontracks -> 200
#1527 GET /storefront/battlepass/progressiontracks -> 200
#1528 GET /storefront/battlepass/progressiontracks -> 200
#1529 GET /storefront/battlepass/progressiontracks -> 200
#1530 GET /storefront/battlepass/progressiontracks -> 200
#1531 GET /storefront/battlepass/progressiontracks -> 200
#1532 GET /storefront/battlepass/progressiontracks -> 200
#1533 GET /storefront/battlepass/progressiontracks -> 200
#1534 GET /storefront/battlepass/progressiontracks -> 200
#1535 GET /storefront/battlepass/progressiontracks -> 200
#1536 GET /storefront/battlepass/progressiontracks -> 200
#1537 GET /storefront/battlepass/progressiontracks -> 200
#1538 GET /storefront/battlepass/progressiontracks -> 200
#1539 GET /storefront/battlepass/progressiontracks -> 200
#1540 GET /storefront/battlepass/progressiontracks -> 200
#1541 GET /storefront/battlepass/progressiontracks -> 200
#1542 GET /storefront/battlepass/progressiontracks -> 200
#1543 GET /storefront/battlepass/progressiontracks -> 200
#1544 GET /storefront/battlepass/progressiontracks -> 200
#1545 GET /storefront/battlepass/progressiontracks -> 200
#1546 GET /storefront/battlepass/progressiontracks -> 200
#1547 GET /storefront/battlepass/progressiontracks -> 200
#1548 GET /storefront/battlepass/progressiontracks -> 200
#1549 GET /storefront/battlepass/progressiontracks -> 200
#1550 GET /storefront/battlepass/progressiontracks -> 200
#1551 GET /storefront/battlepass/progressiontracks -> 200
#1552 GET /storefront/battlepass/progressiontracks -> 200
#1553 GET /storefront/battlepass/progressiontracks -> 200
#1554 GET /storefront/battlepass/progressiontracks -> 200
#1555 GET /storefront/battlepass/progressiontracks -> 200
#1556 GET /storefront/battlepass/progressiontracks -> 200
#1557 GET /storefront/battlepass/progressiontracks -> 200
#1558 GET /storefront/battlepass/progressiontracks -> 200
#1559 GET /storefront/battlepass/progressiontracks -> 200
#1560 GET /storefront/battlepass/progressiontracks -> 200
#1561 GET /storefront/battlepass/progressiontracks -> 200
#1562 GET /storefront/battlepass/progressiontracks -> 200
#1563 GET /storefront/battlepass/progressiontracks -> 200
#1564 GET /storefront/battlepass/progressiontracks -> 200
#1565 GET /storefront/battlepass/progressiontracks -> 200
#1566 GET /storefront/battlepass/progressiontracks -> 200
#1567 GET /storefront/battlepass/progressiontracks -> 200
#1568 GET /storefront/battlepass/progressiontracks -> 200
#1569 GET /storefront/battlepass/progressiontracks -> 200
#1570 GET /storefront/battlepass/progressiontracks -> 200
#1571 GET /storefront/battlepass/progressiontracks -> 200
#1572 GET /storefront/battlepass/progressiontracks -> 200
#1573 GET /storefront/battlepass/progressiontracks -> 200
#1574 GET /storefront/battlepass/progressiontracks -> 200
#1575 GET /storefront/battlepass/progressiontracks -> 200
#1576 GET /storefront/battlepass/progressiontracks -> 200
#1577 GET /storefront/battlepass/progressiontracks -> 200
#1578 GET /storefront/battlepass/progressiontracks -> 200
#1579 GET /storefront/battlepass/progressiontracks -> 200
#1580 GET /storefront/battlepass/progressiontracks -> 200
#1581 GET /storefront/battlepass/progressiontracks -> 200
#1582 GET /storefront/battlepass/progressiontracks -> 200
#1583 GET /storefront/battlepass/progressiontracks -> 200
#1584 GET /storefront/battlepass/progressiontracks -> 200
#1585 GET /storefront/battlepass/progressiontracks -> 200
#1586 GET /storefront/battlepass/progressiontracks -> 200
#1587 GET /storefront/battlepass/progressiontracks -> 200
#1588 GET /storefront/battlepass/progressiontracks -> 200
#1589 GET /storefront/battlepass/progressiontracks -> 200
#1590 GET /storefront/battlepass/progressiontracks -> 200
#1591 GET /storefront/battlepass/progressiontracks -> 200
#1592 GET /storefront/battlepass/progressiontracks -> 200
#1593 GET /storefront/battlepass/progressiontracks -> 200
#1594 GET /storefront/battlepass/progressiontracks -> 200
#1595 GET /storefront/battlepass/progressiontracks -> 200
#1596 GET /storefront/battlepass/progressiontracks -> 200
#1597 GET /storefront/battlepass/progressiontracks -> 200
#1598 GET /storefront/battlepass/progressiontracks -> 200
#1599 GET /storefront/battlepass/progressiontracks -> 200
#1600 GET /storefront/battlepass/progressiontracks -> 200
#1601 GET /storefront/battlepass/progressiontracks -> 200
#1602 GET /storefront/battlepass/progressiontracks -> 200
#1603 GET /storefront/battlepass/progressiontracks -> 200
#1604 GET /storefront/battlepass/progressiontracks -> 200
#1605 POST /game-telemetry/v1/protected/events -> 200
#1606 GET /storefront/battlepass/progressiontracks -> 200
#1607 GET /storefront/battlepass/progressiontracks -> 200
#1608 GET /storefront/battlepass/progressiontracks -> 200
#1609 GET /storefront/battlepass/progressiontracks -> 200
#1610 GET /storefront/battlepass/progressiontracks -> 200
#1611 GET /storefront/battlepass/progressiontracks -> 200
#1612 GET /storefront/battlepass/progressiontracks -> 200
#1613 GET /storefront/battlepass/progressiontracks -> 200
#1614 GET /storefront/battlepass/progressiontracks -> 200
#1615 GET /storefront/battlepass/progressiontracks -> 200
#1616 GET /storefront/battlepass/progressiontracks -> 200
#1617 GET /storefront/battlepass/progressiontracks -> 200
#1618 GET /storefront/battlepass/progressiontracks -> 200
#1619 GET /storefront/battlepass/progressiontracks -> 200
#1620 GET /storefront/battlepass/progressiontracks -> 200
#1621 GET /storefront/battlepass/progressiontracks -> 200
#1622 GET /storefront/battlepass/progressiontracks -> 200
#1623 GET /storefront/battlepass/progressiontracks -> 200
#1624 GET /storefront/battlepass/progressiontracks -> 200
#1625 GET /storefront/battlepass/progressiontracks -> 200
#1626 GET /storefront/battlepass/progressiontracks -> 200
#1627 GET /storefront/battlepass/progressiontracks -> 200
#1628 GET /storefront/battlepass/progressiontracks -> 200
#1629 GET /storefront/battlepass/progressiontracks -> 200
#1630 GET /storefront/battlepass/progressiontracks -> 200
#1631 GET /storefront/battlepass/progressiontracks -> 200
#1632 GET /storefront/battlepass/progressiontracks -> 200
#1633 GET /storefront/battlepass/progressiontracks -> 200
#1634 GET /storefront/battlepass/progressiontracks -> 200
[stage] WARNING - STALE DEPLOYED SHIM: tutorial_launch_fo.dll
           deployed .text fa184b20934cc4b0
           build\   .text e364680f864d19e9
           build.ps1 wrote a newer binary than the one about to be injected.
[stage]            (-AllowStale given; injecting the deployed copy anyway)
[stage] >>> inject fo
[stage]     Manual-mapping G:\git\Supervive Revival Project\tools\sigbypass-mod\tutorial_launch_fo.dll into PID 57016
[stage]       remote image base: 0x28F62E10000 (size 0x2C000)
[stage]       relocations applied (delta 0x28DE2E10000)
[stage]       import: KERNEL32.dll
[stage]       exception table: 0x196 entries at 0x28F62E39000 (will RtlAddFunctionTable)
[stage]       DllMain remote-thread exit: 0x1 (DllMain returned BOOL; nonzero = OK)
[stage]       verify: MZ at 0x28F62E10000 ✓
[stage]     OK: manual-map complete (DllMain returned).
#1635 GET /storefront/battlepass/progressiontracks -> 200
#1636 GET /storefront/battlepass/progressiontracks -> 200
#1637 GET /storefront/battlepass/progressiontracks -> 200
#1638 GET /storefront/battlepass/progressiontracks -> 200
#1639 GET /storefront/battlepass/progressiontracks -> 200
#1640 GET /storefront/battlepass/progressiontracks -> 200
#1641 GET /storefront/battlepass/progressiontracks -> 200
#1642 GET /storefront/battlepass/progressiontracks -> 200
#1643 GET /storefront/battlepass/progressiontracks -> 200
#1644 GET /storefront/battlepass/progressiontracks -> 200
#1645 GET /storefront/battlepass/progressiontracks -> 200
#1646 GET /storefront/battlepass/progressiontracks -> 200

* 17:09:18.484  WS <- /notifications/players/9b9d2c887e2524f918e383a895f2f1c2 BINARY (2 bytes) 6862

* 17:09:18.534  WS -> /notifications/players/9b9d2c887e2524f918e383a895f2f1c2 TEXT hb reply {"Resource":"hb","Version":0,"Payload":""}
#1647 GET /storefront/battlepass/progressiontracks -> 200
#1648 GET /storefront/battlepass/progressiontracks -> 200
#1649 GET /storefront/battlepass/progressiontracks -> 200
#1650 GET /storefront/battlepass/progressiontracks -> 200
#1651 GET /storefront/battlepass/progressiontracks -> 200
#1652 GET /storefront/battlepass/progressiontracks -> 200
#1653 GET /storefront/battlepass/progressiontracks -> 200
#1654 GET /storefront/battlepass/progressiontracks -> 200
#1655 GET /storefront/battlepass/progressiontracks -> 200
#1656 GET /storefront/battlepass/progressiontracks -> 200
#1657 GET /storefront/battlepass/progressiontracks -> 200
#1658 GET /storefront/battlepass/progressiontracks -> 200
#1659 GET /storefront/battlepass/progressiontracks -> 200
#1660 GET /storefront/battlepass/progressiontracks -> 200

* 17:09:19.456  WS <- /lobby TEXT ""
#1661 GET /storefront/battlepass/progressiontracks -> 200
#1662 GET /storefront/battlepass/progressiontracks -> 200
#1663 GET /storefront/battlepass/progressiontracks -> 200
#1664 GET /storefront/battlepass/progressiontracks -> 200
#1665 GET /storefront/battlepass/progressiontracks -> 200
#1666 GET /storefront/battlepass/progressiontracks -> 200
[stage]     marker -> fk24-stage-s139f1-a1-2-fo.txt
#1667 GET /storefront/battlepass/progressiontracks -> 200
#1668 GET /storefront/battlepass/progressiontracks -> 200
#1669 GET /storefront/battlepass/progressiontracks -> 200
#1670 GET /storefront/battlepass/progressiontracks -> 200
#1671 GET /storefront/battlepass/progressiontracks -> 200
#1672 GET /storefront/battlepass/progressiontracks -> 200
#1673 GET /storefront/battlepass/progressiontracks -> 200
#1674 GET /storefront/battlepass/progressiontracks -> 200
#1675 GET /storefront/battlepass/progressiontracks -> 200
#1676 GET /storefront/battlepass/progressiontracks -> 200
#1677 GET /storefront/battlepass/progressiontracks -> 200
#1678 GET /storefront/battlepass/progressiontracks -> 200
#1679 GET /storefront/battlepass/progressiontracks -> 200
#1680 GET /storefront/battlepass/progressiontracks -> 200
#1681 GET /storefront/battlepass/progressiontracks -> 200
#1682 GET /storefront/battlepass/progressiontracks -> 200
#1683 GET /storefront/battlepass/progressiontracks -> 200
#1684 GET /storefront/battlepass/progressiontracks -> 200
#1685 GET /storefront/battlepass/progressiontracks -> 200
#1686 GET /storefront/battlepass/progressiontracks -> 200
#1687 GET /storefront/battlepass/progressiontracks -> 200
[stage] LVL_Tutorial load complete -> OK (9s)
#1688 GET /storefront/battlepass/progressiontracks -> 200
#1689 GET /storefront/battlepass/progressiontracks -> 200
#1690 GET /storefront/battlepass/progressiontracks -> 200
#1691 GET /storefront/battlepass/progressiontracks -> 200

* 17:09:31.070  WS read end /notifications/players/9b9d2c887e2524f918e383a895f2f1c2: read tcp [::1]:8080->[::1]:64801: wsarecv: An existing connection was forcibly closed by the remote host.

* 17:09:31.080  WS read end /lobby: read tcp 127.0.0.1:443->127.0.0.1:64803: wsarecv: An existing connection was forcibly closed by the remote host.

* 17:09:31.096  WS closed /notifications/players/9b9d2c887e2524f918e383a895f2f1c2

* 17:09:31.129  WS closed /lobby
#1692 GET /notifications/players/9b9d2c887e2524f918e383a895f2f1c2 -> 101
#1693 GET /lobby -> 101
[stage]     spacing: 19s since last inject, waiting 1s more (min gap 20s)
[stage] WARNING - STALE DEPLOYED SHIM: tutorial_launch_sp.dll
           deployed .text 4285c0dd22ae9976
           build\   .text ca41af46d5770b4b
           build.ps1 wrote a newer binary than the one about to be injected.
[stage]            (-AllowStale given; injecting the deployed copy anyway)
[stage] >>> inject sp
[stage]     Manual-mapping G:\git\Supervive Revival Project\tools\sigbypass-mod\tutorial_launch_sp.dll into PID 57016
[stage]     FAILED: OpenProcess: The parameter is incorrect. (run elevated?)
[stage]     marker -> fk24-stage-s139f1-a1-3-sp.txt
[stage] SkipProbe: world staged, nothing further injected
[stage] stage complete
[auto] client died while waiting for [SP] done
[auto] attempt 1 did not stage; cycling
[auto] ================ ATTEMPT 2 / 5 ================

[crashdump] 1 pending crash report(s) found -- archiving before launch.
             0854e143-4ffb-46a8-ad75-cb05083e654b.dmp  41,442,096 bytes  8/23/2026 5:09:30 PM
[crashdump]   session log captured  348,202 bytes (authoritative; bundled copy is truncated)
[crashdump]   verified 0854e143-4ffb-46a8-ad75-cb05083e654b.dmp  sha256=D62470D0BD35303A
[crashdump] archived to dumps\crashpad-20260823-170943-s139f1-a2  (1 verified)

[auto] launching...
Building community backend...
Starting community backend (:8080 HTTP + :443 HTTPS)...
Server up; cert chain generated.
#1 GET /revival/missions/progress -> 200
Backend serving HTTP (probe http://127.0.0.1:8080/revival/missions/progress -> 200).
Appending Root CA to game cacert.pem...
Hosts entries added:
  127.0.0.1  accounts.projectloki.theorycraftgames.com
  127.0.0.1  client-config-jx-prod.prodcluster.awsinfra.theorycraftgames.com
bVerifyPeer override already present.
  (Engine.ini set read-only)

[crashdump] 1 pending crash report(s) found -- archiving before launch.
             0854e143-4ffb-46a8-ad75-cb05083e654b.dmp  41,442,096 bytes  8/23/2026 5:09:30 PM
[crashdump]   session log captured  348,202 bytes (authoritative; bundled copy is truncated)
[crashdump]   verified 0854e143-4ffb-46a8-ad75-cb05083e654b.dmp  sha256=D62470D0BD35303A
[crashdump] archived to dumps\crashpad-20260823-170948  (1 verified)

Crash-capture armed: dumps/crash-20260823-170948 (log: docs/crashwatch.out.log)
  idle until the game crashes; then suspends it and dumps before it exits.
Launching SUPERVIVE (PostAuth -> http://localhost:8080)...
[auto] PID=44332 BASE=0x7FF704F00000 started=08/23/2026 17:09:48
#2 GET /configuration/public -> 200
#3 GET /basic/v1/public/misc/time -> 200
#4 POST /iam/v4/oauth/platforms/steam/token -> 200
#5 GET /iam/v3/public/users/me -> 200
#6 POST /postauth/reconcileRoles -> 200
#7 GET /iam/v3/public/inputValidations -> 200
#8 GET /configuration/client -> 200
#9 GET /storefront/battlepass/progressiontracks -> 200
#11 GET /personalization/players/9b9d2c887e2524f918e383a895f2f1c2/clientprofile -> 200
#10 GET /content-service/manifest/release2.4.live-156430-shipping -> 200

* 17:10:14.907  WS connected /notifications/players/9b9d2c887e2524f918e383a895f2f1c2 (subproto="wss") envelope=[""..""]
#12 GET /personalization/players/9b9d2c887e2524f918e383a895f2f1c2 -> 200

* 17:10:14.927  WS connected /lobby (subproto="wss") envelope=["LbS".."LbE"]
#18 GET /progression/players/9b9d2c887e2524f918e383a895f2f1c2 -> 200
#13 POST /discord-api/account/token -> 200
#14 GET /iam/v4/public/namespaces/supervive/users/9b9d2c887e2524f918e383a895f2f1c2 -> 200
#16 GET /player-stats/players/9b9d2c887e2524f918e383a895f2f1c2 -> 200
#15 GET /party/players/9b9d2c887e2524f918e383a895f2f1c2/voice -> 200
#19 GET /referral/player/9b9d2c887e2524f918e383a895f2f1c2 -> 200
#17 GET /storefront/battlepass/progressiontracks -> 200
#21 GET /inventory/free -> 200
#22 GET /storefront/heroes -> 200
#24 GET /match-history/players/9b9d2c887e2524f918e383a895f2f1c2 -> 200
#26 GET /inventory/players/9b9d2c887e2524f918e383a895f2f1c2 -> 200
#23 GET /storefront/wallet/9b9d2c887e2524f918e383a895f2f1c2 -> 200
#25 GET /storefront/real/offers/9b9d2c887e2524f918e383a895f2f1c2 -> 200
#20 GET /progression/players/9b9d2c887e2524f918e383a895f2f1c2/tracks -> 200
#27 GET /storefront/offers/9b9d2c887e2524f918e383a895f2f1c2 -> 200
#28 GET /core-game/players/9b9d2c887e2524f918e383a895f2f1c2 -> 200
#29 GET /core-game/regions -> 200
#30 GET /mmr/player-ratings/9b9d2c887e2524f918e383a895f2f1c2/rank -> 200
#31 GET /party/players/9b9d2c887e2524f918e383a895f2f1c2 -> 200
#32 GET /mailbox/config/version -> 200
#34 GET /party/matchmaking/customGameModes -> 200
#36 GET /storefront/battlepass/progressiontracks -> 200
#35 GET /referral/player/9b9d2c887e2524f918e383a895f2f1c2/points -> 200
#33 GET /party/matchmaking/info -> 200

* 17:10:15.393  WS <- /lobby TEXT "type: listIncomingFriendsRequest\nid: friends-7107"
#37 GET /storefront/battlepass/progressiontracks -> 200

* 17:10:15.565  WS -> /lobby TEXT "type: listIncomingFriendsResponse\nid: friends-7107\ncode: 0\nfriendsId: []"

* 17:10:15.607  WS <- /lobby TEXT "type: listOutgoingFriendsRequest\nid: friends-7913"
#38 GET /storefront/battlepass/progressiontracks -> 200

* 17:10:15.629  WS -> /lobby TEXT "type: listOutgoingFriendsResponse\nid: friends-7913\ncode: 0\nfriendsId: []"

* 17:10:15.671  WS <- /lobby TEXT "type: listOfFriendsRequest\nid: friends-1868"

* 17:10:15.690  WS -> /lobby TEXT "type: listOfFriendsResponse\nid: friends-1868\ncode: 0\nfriendsId: []"
#39 GET /storefront/battlepass/progressiontracks -> 200

* 17:10:15.713  WS <- /lobby TEXT "type: setUserStatusRequest\nid: presence-2094\navailability: online\nactivity: eyJhIjoiT2ZmbGluZSIsImNWIjoicmVsZWFzZTIuNC5saXZlLTE1NjQzMC1zaGlwcGluZyIsInBJZCI6IiIsInBRcyI6W10sInBPIjowLCJwUyI6MCwibVBTIjowLCJyayI6MCwicmtQIjowLCJyIjpbXSwiYXZJZCI6IlNsb3RDb3NtZXRpY3M6QVZBVEFSX0FsY2hlbWlzdEhNIiwidCI6W10sImRzSWQiOiIifQ==\n"

* 17:10:15.754  WS -> /lobby TEXT "type: setUserStatusResponse\nid: presence-2094\ncode: 0"
#40 GET /storefront/battlepass/progressiontracks -> 200
#41 GET /storefront/battlepass/progressiontracks -> 200
#42 GET /storefront/battlepass/progressiontracks -> 200

* 17:10:15.862  WS <- /lobby TEXT "type: setUserStatusRequest\nid: presence-1860\navailability: online\nactivity: eyJhIjoiT2ZmbGluZSIsImNWIjoicmVsZWFzZTIuNC5saXZlLTE1NjQzMC1zaGlwcGluZyIsInBJZCI6IiIsInBRcyI6W10sInBPIjowLCJwUyI6MCwibVBTIjowLCJyayI6MTIsInJrUCI6MTg1MCwiciI6W3sicSI6InR1dG9yaWFsTmV3IiwicmsiOjEyLCJya1AiOjE4NTB9XSwiYXZJZCI6IlNsb3RDb3NtZXRpY3M6QVZBVEFSX0FsY2hlbWlzdEhNIiwidCI6W10sImRzSWQiOiIifQ==\n"

* 17:10:15.881  WS -> /lobby TEXT "type: setUserStatusResponse\nid: presence-1860\ncode: 0"

* 17:10:15.903  WS <- /lobby TEXT ""
#43 GET /storefront/battlepass/progressiontracks -> 200

* 17:10:15.930  WS <- /lobby TEXT "type: friendsStatusRequest\nid: presence-8938"
#44 GET /storefront/battlepass/progressiontracks -> 200
#45 GET /storefront/battlepass/progressiontracks -> 200
#46 GET /storefront/battlepass/progressiontracks -> 200
#47 GET /storefront/battlepass/progressiontracks -> 200
#48 GET /storefront/battlepass/progressiontracks -> 200
#49 GET /storefront/battlepass/progressiontracks -> 200
#50 GET /storefront/battlepass/progressiontracks -> 200
#51 GET /storefront/battlepass/progressiontracks -> 200
#52 GET /storefront/battlepass/progressiontracks -> 200
#53 GET /storefront/battlepass/progressiontracks -> 200
#54 GET /storefront/battlepass/progressiontracks -> 200
#55 GET /party/parties/party-9b9d2c887e2524f918e383a895f2f1c2 -> 200
#56 GET /storefront/battlepass/progressiontracks -> 200
#57 POST /party/parties/party-9b9d2c887e2524f918e383a895f2f1c2/members/9b9d2c887e2524f918e383a895f2f1c2/latencies -> 200
#58 GET /mmr/leaderboard -> 200
#59 GET /storefront/battlepass/progressiontracks -> 200

* 17:10:18.417  WS <- /lobby TEXT "type: setUserStatusRequest\nid: presence-2978\navailability: online\nactivity: eyJhIjoiTWVudXMiLCJjViI6InJlbGVhc2UyLjQubGl2ZS0xNTY0MzAtc2hpcHBpbmciLCJwSWQiOiJwYXJ0eS05YjlkMmM4ODdlMjUyNGY5MThlMzgzYTg5NWYyZjFjMiIsInBRcyI6WyJib3RzIl0sInBPIjowLCJwUyI6MSwibVBTIjozLCJyayI6MTIsInJrUCI6MTg1MCwiciI6W3sicSI6InR1dG9yaWFsTmV3IiwicmsiOjEyLCJya1AiOjE4NTB9XSwiYXZJZCI6IlNsb3RDb3NtZXRpY3M6QVZBVEFSX0FsY2hlbWlzdEhNIiwidCI6W10sImRzSWQiOiIifQ==\n"
#60 GET /party/players/9b9d2c887e2524f918e383a895f2f1c2/voice -> 200
#61 GET /storefront/battlepass/progressiontracks -> 200

* 17:10:18.445  WS -> /lobby TEXT "type: setUserStatusResponse\nid: presence-2978\ncode: 0"
#62 GET /revival/banner/splash.png -> 200
#63 GET /storefront/battlepass/progressiontracks -> 200
#64 GET /storefront/battlepass/progressiontracks -> 200
#65 GET /storefront/battlepass/progressiontracks -> 200
#66 GET /storefront/battlepass/progressiontracks -> 200
#67 GET /storefront/battlepass/progressiontracks -> 200
#68 GET /storefront/battlepass/progressiontracks -> 200
#69 GET /storefront/battlepass/progressiontracks -> 200
#70 GET /storefront/battlepass/progressiontracks -> 200
#71 GET /storefront/battlepass/progressiontracks -> 200
#72 GET /storefront/battlepass/progressiontracks -> 200
#73 GET /storefront/battlepass/progressiontracks -> 200
#74 GET /storefront/battlepass/progressiontracks -> 200
#75 GET /storefront/battlepass/progressiontracks -> 200
#76 GET /storefront/battlepass/progressiontracks -> 200
#77 GET /storefront/battlepass/progressiontracks -> 200
#78 GET /storefront/battlepass/progressiontracks -> 200
#79 GET /storefront/battlepass/progressiontracks -> 200
#80 GET /storefront/battlepass/progressiontracks -> 200
#81 GET /storefront/battlepass/progressiontracks -> 200
#82 GET /storefront/battlepass/progressiontracks -> 200
#83 GET /storefront/battlepass/progressiontracks -> 200
#84 GET /storefront/battlepass/progressiontracks -> 200
#85 GET /storefront/battlepass/progressiontracks -> 200
#86 GET /storefront/battlepass/progressiontracks -> 200
#87 GET /storefront/battlepass/progressiontracks -> 200
#88 GET /storefront/battlepass/progressiontracks -> 200
#89 GET /storefront/battlepass/progressiontracks -> 200
#90 GET /storefront/battlepass/progressiontracks -> 200
#91 GET /storefront/battlepass/progressiontracks -> 200
#92 GET /storefront/battlepass/progressiontracks -> 200
#93 GET /storefront/battlepass/progressiontracks -> 200
#94 GET /storefront/battlepass/progressiontracks -> 200
#95 GET /storefront/battlepass/progressiontracks -> 200
#96 GET /storefront/battlepass/progressiontracks -> 200
#97 GET /storefront/battlepass/progressiontracks -> 200
#98 GET /storefront/battlepass/progressiontracks -> 200
#99 GET /storefront/battlepass/progressiontracks -> 200
#100 GET /storefront/battlepass/progressiontracks -> 200
#101 GET /storefront/battlepass/progressiontracks -> 200
#102 GET /party/players/9b9d2c887e2524f918e383a895f2f1c2/voice -> 200
#103 GET /storefront/battlepass/progressiontracks -> 200
#104 GET /storefront/battlepass/progressiontracks -> 200
#105 GET /storefront/battlepass/progressiontracks -> 200
#106 GET /storefront/battlepass/progressiontracks -> 200
#107 GET /storefront/battlepass/progressiontracks -> 200
#108 GET /storefront/battlepass/progressiontracks -> 200
#109 GET /storefront/battlepass/progressiontracks -> 200
#110 GET /storefront/battlepass/progressiontracks -> 200
#111 GET /storefront/battlepass/progressiontracks -> 200
#112 GET /storefront/battlepass/progressiontracks -> 200
#113 GET /storefront/battlepass/progressiontracks -> 200
#114 GET /storefront/battlepass/progressiontracks -> 200
#115 GET /storefront/battlepass/progressiontracks -> 200
#116 GET /storefront/battlepass/progressiontracks -> 200
#117 GET /storefront/battlepass/progressiontracks -> 200
#118 GET /storefront/battlepass/progressiontracks -> 200
#119 GET /storefront/battlepass/progressiontracks -> 200
#120 GET /storefront/battlepass/progressiontracks -> 200
#121 GET /storefront/battlepass/progressiontracks -> 200
#122 GET /storefront/battlepass/progressiontracks -> 200
#123 GET /storefront/battlepass/progressiontracks -> 200
#124 GET /storefront/battlepass/progressiontracks -> 200
#125 GET /storefront/battlepass/progressiontracks -> 200
#126 GET /storefront/battlepass/progressiontracks -> 200
#127 GET /storefront/battlepass/progressiontracks -> 200
#128 GET /storefront/battlepass/progressiontracks -> 200
#129 GET /storefront/battlepass/progressiontracks -> 200
#130 GET /storefront/battlepass/progressiontracks -> 200
#131 GET /storefront/battlepass/progressiontracks -> 200
#132 GET /storefront/battlepass/progressiontracks -> 200
#133 GET /storefront/battlepass/progressiontracks -> 200
#134 GET /storefront/battlepass/progressiontracks -> 200
#135 GET /storefront/battlepass/progressiontracks -> 200
#136 GET /storefront/battlepass/progressiontracks -> 200
#137 GET /storefront/battlepass/progressiontracks -> 200
#138 GET /storefront/battlepass/progressiontracks -> 200
#139 GET /storefront/battlepass/progressiontracks -> 200
#140 GET /storefront/battlepass/progressiontracks -> 200
#141 GET /storefront/battlepass/progressiontracks -> 200
#142 GET /storefront/battlepass/progressiontracks -> 200
#143 GET /storefront/battlepass/progressiontracks -> 200
#144 GET /storefront/battlepass/progressiontracks -> 200
#145 GET /storefront/battlepass/progressiontracks -> 200
#146 GET /storefront/battlepass/progressiontracks -> 200
#147 GET /storefront/battlepass/progressiontracks -> 200
#148 GET /storefront/battlepass/progressiontracks -> 200
#149 GET /storefront/battlepass/progressiontracks -> 200
#150 GET /storefront/battlepass/progressiontracks -> 200
#151 GET /storefront/battlepass/progressiontracks -> 200
#152 GET /storefront/battlepass/progressiontracks -> 200
#153 GET /storefront/battlepass/progressiontracks -> 200
#154 GET /storefront/battlepass/progressiontracks -> 200
#155 GET /storefront/battlepass/progressiontracks -> 200
#156 GET /storefront/battlepass/progressiontracks -> 200
#157 GET /storefront/battlepass/progressiontracks -> 200
#158 GET /storefront/battlepass/progressiontracks -> 200
#159 GET /storefront/battlepass/progressiontracks -> 200
#160 GET /storefront/battlepass/progressiontracks -> 200
#161 GET /storefront/battlepass/progressiontracks -> 200
#162 GET /storefront/battlepass/progressiontracks -> 200
#163 GET /storefront/battlepass/progressiontracks -> 200
#164 GET /storefront/battlepass/progressiontracks -> 200
#165 GET /storefront/battlepass/progressiontracks -> 200
#166 GET /storefront/battlepass/progressiontracks -> 200
#167 GET /storefront/battlepass/progressiontracks -> 200
#168 GET /storefront/battlepass/progressiontracks -> 200
#169 GET /storefront/battlepass/progressiontracks -> 200
#170 GET /storefront/battlepass/progressiontracks -> 200
#171 GET /storefront/battlepass/progressiontracks -> 200
#172 GET /storefront/battlepass/progressiontracks -> 200
#173 GET /storefront/battlepass/progressiontracks -> 200
#174 GET /storefront/battlepass/progressiontracks -> 200
#175 GET /storefront/battlepass/progressiontracks -> 200
#176 GET /storefront/battlepass/progressiontracks -> 200
#177 GET /storefront/battlepass/progressiontracks -> 200
#178 GET /storefront/battlepass/progressiontracks -> 200
#179 GET /storefront/battlepass/progressiontracks -> 200
#180 GET /storefront/battlepass/progressiontracks -> 200
#181 GET /storefront/battlepass/progressiontracks -> 200
#182 GET /storefront/battlepass/progressiontracks -> 200
#183 GET /party/players/9b9d2c887e2524f918e383a895f2f1c2/voice -> 200
#184 GET /storefront/battlepass/progressiontracks -> 200
#185 GET /storefront/battlepass/progressiontracks -> 200
#186 GET /storefront/battlepass/progressiontracks -> 200
#187 GET /storefront/battlepass/progressiontracks -> 200
#188 GET /storefront/battlepass/progressiontracks -> 200
#189 GET /storefront/battlepass/progressiontracks -> 200
#190 GET /storefront/battlepass/progressiontracks -> 200
#191 GET /storefront/battlepass/progressiontracks -> 200
#192 GET /storefront/battlepass/progressiontracks -> 200
#193 GET /storefront/battlepass/progressiontracks -> 200
#194 GET /storefront/battlepass/progressiontracks -> 200
#195 GET /storefront/battlepass/progressiontracks -> 200
#196 GET /storefront/battlepass/progressiontracks -> 200
#197 GET /storefront/battlepass/progressiontracks -> 200
#198 GET /storefront/battlepass/progressiontracks -> 200
#199 GET /storefront/battlepass/progressiontracks -> 200
#200 GET /storefront/battlepass/progressiontracks -> 200
#201 GET /storefront/battlepass/progressiontracks -> 200
#202 GET /storefront/battlepass/progressiontracks -> 200
#203 GET /storefront/battlepass/progressiontracks -> 200
#204 GET /storefront/battlepass/progressiontracks -> 200
#205 GET /storefront/battlepass/progressiontracks -> 200
#206 GET /storefront/battlepass/progressiontracks -> 200
#207 GET /storefront/battlepass/progressiontracks -> 200
#208 GET /storefront/battlepass/progressiontracks -> 200
#209 GET /storefront/battlepass/progressiontracks -> 200
#210 GET /storefront/battlepass/progressiontracks -> 200
#211 GET /storefront/battlepass/progressiontracks -> 200
#212 GET /storefront/battlepass/progressiontracks -> 200
#213 GET /storefront/battlepass/progressiontracks -> 200
#214 GET /storefront/battlepass/progressiontracks -> 200
#215 GET /storefront/battlepass/progressiontracks -> 200
#216 GET /storefront/battlepass/progressiontracks -> 200
#217 GET /storefront/battlepass/progressiontracks -> 200
#218 GET /storefront/battlepass/progressiontracks -> 200
#219 GET /storefront/battlepass/progressiontracks -> 200
#220 GET /storefront/battlepass/progressiontracks -> 200
#221 GET /storefront/battlepass/progressiontracks -> 200
#222 GET /storefront/battlepass/progressiontracks -> 200
#223 GET /storefront/battlepass/progressiontracks -> 200
#224 GET /storefront/battlepass/progressiontracks -> 200
#225 GET /storefront/battlepass/progressiontracks -> 200
#226 GET /storefront/battlepass/progressiontracks -> 200
#227 GET /storefront/battlepass/progressiontracks -> 200
#228 GET /storefront/battlepass/progressiontracks -> 200
#229 GET /storefront/battlepass/progressiontracks -> 200
#230 GET /storefront/battlepass/progressiontracks -> 200
#231 GET /storefront/battlepass/progressiontracks -> 200
#232 GET /storefront/battlepass/progressiontracks -> 200
#233 GET /storefront/battlepass/progressiontracks -> 200
#234 GET /storefront/battlepass/progressiontracks -> 200
#235 GET /storefront/battlepass/progressiontracks -> 200
#236 GET /storefront/battlepass/progressiontracks -> 200
#237 GET /storefront/battlepass/progressiontracks -> 200
#238 GET /storefront/battlepass/progressiontracks -> 200
#239 GET /storefront/battlepass/progressiontracks -> 200
#240 GET /storefront/battlepass/progressiontracks -> 200
#241 GET /storefront/battlepass/progressiontracks -> 200
#242 GET /storefront/battlepass/progressiontracks -> 200
#243 GET /storefront/battlepass/progressiontracks -> 200
#244 GET /storefront/battlepass/progressiontracks -> 200
#245 GET /storefront/battlepass/progressiontracks -> 200
#246 GET /storefront/battlepass/progressiontracks -> 200
#247 GET /storefront/battlepass/progressiontracks -> 200
#248 GET /storefront/battlepass/progressiontracks -> 200
#249 GET /storefront/battlepass/progressiontracks -> 200
#250 GET /storefront/battlepass/progressiontracks -> 200
#251 GET /storefront/battlepass/progressiontracks -> 200
#252 GET /storefront/battlepass/progressiontracks -> 200
#253 GET /storefront/battlepass/progressiontracks -> 200
#254 GET /storefront/battlepass/progressiontracks -> 200
#255 GET /storefront/battlepass/progressiontracks -> 200
#256 GET /storefront/battlepass/progressiontracks -> 200
#257 GET /storefront/battlepass/progressiontracks -> 200
#258 GET /storefront/battlepass/progressiontracks -> 200
#259 GET /storefront/battlepass/progressiontracks -> 200
#260 GET /storefront/battlepass/progressiontracks -> 200
#261 GET /storefront/battlepass/progressiontracks -> 200
#262 GET /storefront/battlepass/progressiontracks -> 200
#263 GET /storefront/battlepass/progressiontracks -> 200
#264 GET /storefront/battlepass/progressiontracks -> 200
#265 GET /storefront/battlepass/progressiontracks -> 200
#266 GET /storefront/battlepass/progressiontracks -> 200
#267 GET /storefront/battlepass/progressiontracks -> 200
#268 GET /storefront/battlepass/progressiontracks -> 200
#269 GET /storefront/battlepass/progressiontracks -> 200
#270 GET /storefront/battlepass/progressiontracks -> 200
#271 GET /storefront/battlepass/progressiontracks -> 200
#272 GET /storefront/battlepass/progressiontracks -> 200
#273 GET /storefront/battlepass/progressiontracks -> 200
#274 GET /storefront/battlepass/progressiontracks -> 200
#275 GET /storefront/battlepass/progressiontracks -> 200
#276 GET /storefront/battlepass/progressiontracks -> 200
#277 GET /storefront/battlepass/progressiontracks -> 200
#278 GET /storefront/battlepass/progressiontracks -> 200
#279 GET /storefront/battlepass/progressiontracks -> 200
#280 GET /storefront/battlepass/progressiontracks -> 200
#281 GET /storefront/battlepass/progressiontracks -> 200
#282 GET /storefront/battlepass/progressiontracks -> 200
#283 GET /storefront/battlepass/progressiontracks -> 200
#284 GET /storefront/battlepass/progressiontracks -> 200
#285 GET /storefront/battlepass/progressiontracks -> 200
#286 GET /storefront/battlepass/progressiontracks -> 200
#287 GET /storefront/battlepass/progressiontracks -> 200
#288 GET /storefront/battlepass/progressiontracks -> 200
#289 GET /storefront/battlepass/progressiontracks -> 200
#290 GET /storefront/battlepass/progressiontracks -> 200
#291 GET /storefront/battlepass/progressiontracks -> 200
#292 GET /storefront/battlepass/progressiontracks -> 200
#293 GET /storefront/battlepass/progressiontracks -> 200
#294 GET /storefront/battlepass/progressiontracks -> 200
#295 GET /storefront/battlepass/progressiontracks -> 200
#296 GET /storefront/battlepass/progressiontracks -> 200
#297 GET /storefront/battlepass/progressiontracks -> 200
#298 GET /storefront/battlepass/progressiontracks -> 200
#299 GET /storefront/battlepass/progressiontracks -> 200
#300 GET /storefront/battlepass/progressiontracks -> 200
#301 GET /storefront/battlepass/progressiontracks -> 200
#302 GET /storefront/battlepass/progressiontracks -> 200
#303 GET /storefront/battlepass/progressiontracks -> 200
#304 GET /storefront/battlepass/progressiontracks -> 200
#305 GET /storefront/battlepass/progressiontracks -> 200
#306 GET /storefront/battlepass/progressiontracks -> 200
#307 GET /storefront/battlepass/progressiontracks -> 200
#308 GET /storefront/battlepass/progressiontracks -> 200
#309 GET /storefront/battlepass/progressiontracks -> 200
#310 GET /party/players/9b9d2c887e2524f918e383a895f2f1c2/voice -> 200
#311 GET /storefront/battlepass/progressiontracks -> 200
#312 GET /storefront/battlepass/progressiontracks -> 200
#313 GET /storefront/battlepass/progressiontracks -> 200
#314 GET /storefront/battlepass/progressiontracks -> 200
#315 GET /storefront/battlepass/progressiontracks -> 200
#316 GET /storefront/battlepass/progressiontracks -> 200
#317 GET /storefront/battlepass/progressiontracks -> 200
#318 GET /storefront/battlepass/progressiontracks -> 200
#319 GET /storefront/battlepass/progressiontracks -> 200
#320 GET /storefront/battlepass/progressiontracks -> 200
#321 GET /storefront/battlepass/progressiontracks -> 200
#322 GET /storefront/battlepass/progressiontracks -> 200
#323 GET /storefront/battlepass/progressiontracks -> 200
#324 GET /storefront/battlepass/progressiontracks -> 200
#325 GET /storefront/battlepass/progressiontracks -> 200
#326 GET /storefront/battlepass/progressiontracks -> 200
#327 GET /storefront/battlepass/progressiontracks -> 200
#328 GET /storefront/battlepass/progressiontracks -> 200
#329 GET /storefront/battlepass/progressiontracks -> 200
#330 GET /storefront/battlepass/progressiontracks -> 200
#331 GET /storefront/battlepass/progressiontracks -> 200
#332 GET /storefront/battlepass/progressiontracks -> 200
#333 GET /storefront/battlepass/progressiontracks -> 200
#334 GET /storefront/battlepass/progressiontracks -> 200
#335 GET /storefront/battlepass/progressiontracks -> 200
#336 GET /storefront/battlepass/progressiontracks -> 200
#337 GET /storefront/battlepass/progressiontracks -> 200
#338 GET /storefront/battlepass/progressiontracks -> 200
#339 GET /storefront/battlepass/progressiontracks -> 200
#340 GET /storefront/battlepass/progressiontracks -> 200
#341 GET /storefront/battlepass/progressiontracks -> 200
#342 GET /storefront/battlepass/progressiontracks -> 200
#343 GET /storefront/battlepass/progressiontracks -> 200
#344 GET /storefront/battlepass/progressiontracks -> 200
#345 GET /storefront/battlepass/progressiontracks -> 200
#346 GET /storefront/battlepass/progressiontracks -> 200
#347 GET /storefront/battlepass/progressiontracks -> 200
#348 GET /storefront/battlepass/progressiontracks -> 200
#349 GET /storefront/battlepass/progressiontracks -> 200
#350 GET /storefront/battlepass/progressiontracks -> 200
#351 GET /storefront/battlepass/progressiontracks -> 200
#352 GET /storefront/battlepass/progressiontracks -> 200
#353 GET /storefront/battlepass/progressiontracks -> 200
#354 GET /storefront/battlepass/progressiontracks -> 200
#355 GET /storefront/battlepass/progressiontracks -> 200
#356 GET /storefront/battlepass/progressiontracks -> 200
#357 GET /storefront/battlepass/progressiontracks -> 200
#358 GET /storefront/battlepass/progressiontracks -> 200
#359 GET /storefront/battlepass/progressiontracks -> 200
#360 GET /storefront/battlepass/progressiontracks -> 200
#361 GET /storefront/battlepass/progressiontracks -> 200
#362 GET /storefront/battlepass/progressiontracks -> 200
#363 GET /storefront/battlepass/progressiontracks -> 200
#364 GET /storefront/battlepass/progressiontracks -> 200
#365 GET /storefront/battlepass/progressiontracks -> 200
#366 GET /storefront/battlepass/progressiontracks -> 200
#367 GET /storefront/battlepass/progressiontracks -> 200
#368 GET /storefront/battlepass/progressiontracks -> 200
#369 GET /storefront/battlepass/progressiontracks -> 200
#370 GET /storefront/battlepass/progressiontracks -> 200
#371 GET /storefront/battlepass/progressiontracks -> 200
#372 GET /storefront/battlepass/progressiontracks -> 200
#373 GET /storefront/battlepass/progressiontracks -> 200
#374 GET /storefront/battlepass/progressiontracks -> 200
#375 GET /storefront/battlepass/progressiontracks -> 200
#376 GET /storefront/battlepass/progressiontracks -> 200
#377 GET /storefront/battlepass/progressiontracks -> 200
#378 GET /storefront/battlepass/progressiontracks -> 200
#379 GET /storefront/battlepass/progressiontracks -> 200
#380 GET /storefront/battlepass/progressiontracks -> 200
#381 GET /storefront/battlepass/progressiontracks -> 200
#382 GET /storefront/battlepass/progressiontracks -> 200
#383 GET /storefront/battlepass/progressiontracks -> 200
#384 GET /storefront/battlepass/progressiontracks -> 200
#385 GET /storefront/battlepass/progressiontracks -> 200
#386 GET /storefront/battlepass/progressiontracks -> 200
#387 GET /storefront/battlepass/progressiontracks -> 200
#388 GET /storefront/battlepass/progressiontracks -> 200
#389 GET /storefront/battlepass/progressiontracks -> 200
#390 GET /storefront/battlepass/progressiontracks -> 200
#391 GET /storefront/battlepass/progressiontracks -> 200
#392 GET /storefront/battlepass/progressiontracks -> 200
#393 GET /storefront/battlepass/progressiontracks -> 200
#394 GET /storefront/battlepass/progressiontracks -> 200
#395 GET /storefront/battlepass/progressiontracks -> 200
#396 GET /storefront/battlepass/progressiontracks -> 200
#397 GET /storefront/battlepass/progressiontracks -> 200
#398 GET /storefront/battlepass/progressiontracks -> 200
#399 GET /storefront/battlepass/progressiontracks -> 200
#400 GET /storefront/battlepass/progressiontracks -> 200
#401 GET /storefront/battlepass/progressiontracks -> 200
#402 GET /storefront/battlepass/progressiontracks -> 200
#403 GET /storefront/battlepass/progressiontracks -> 200
#404 GET /storefront/battlepass/progressiontracks -> 200
#405 GET /storefront/battlepass/progressiontracks -> 200
#406 GET /storefront/battlepass/progressiontracks -> 200
#407 GET /storefront/battlepass/progressiontracks -> 200
#408 GET /storefront/battlepass/progressiontracks -> 200
#409 GET /storefront/battlepass/progressiontracks -> 200
#410 GET /storefront/battlepass/progressiontracks -> 200
#411 GET /storefront/battlepass/progressiontracks -> 200
#412 GET /storefront/battlepass/progressiontracks -> 200
#413 GET /storefront/battlepass/progressiontracks -> 200
#414 GET /storefront/battlepass/progressiontracks -> 200
#415 GET /storefront/battlepass/progressiontracks -> 200
#416 GET /storefront/battlepass/progressiontracks -> 200
#417 GET /storefront/battlepass/progressiontracks -> 200
#418 GET /storefront/battlepass/progressiontracks -> 200
#419 GET /storefront/battlepass/progressiontracks -> 200
#420 GET /storefront/battlepass/progressiontracks -> 200
#421 GET /storefront/battlepass/progressiontracks -> 200
#422 GET /storefront/battlepass/progressiontracks -> 200
#423 GET /storefront/battlepass/progressiontracks -> 200
#424 GET /storefront/battlepass/progressiontracks -> 200
#425 GET /storefront/battlepass/progressiontracks -> 200
#426 GET /storefront/battlepass/progressiontracks -> 200
#427 GET /storefront/battlepass/progressiontracks -> 200
#428 GET /storefront/battlepass/progressiontracks -> 200
#429 GET /storefront/battlepass/progressiontracks -> 200
#430 GET /storefront/battlepass/progressiontracks -> 200
#431 GET /storefront/battlepass/progressiontracks -> 200
#432 GET /storefront/battlepass/progressiontracks -> 200
#433 GET /storefront/battlepass/progressiontracks -> 200
#434 GET /storefront/battlepass/progressiontracks -> 200
#435 GET /storefront/battlepass/progressiontracks -> 200
#436 GET /storefront/battlepass/progressiontracks -> 200
#437 GET /storefront/battlepass/progressiontracks -> 200
#438 GET /storefront/battlepass/progressiontracks -> 200
#439 GET /storefront/battlepass/progressiontracks -> 200
#440 GET /storefront/battlepass/progressiontracks -> 200
#441 GET /storefront/battlepass/progressiontracks -> 200
#442 GET /storefront/battlepass/progressiontracks -> 200
#443 GET /storefront/battlepass/progressiontracks -> 200
#444 GET /storefront/battlepass/progressiontracks -> 200
#445 GET /storefront/battlepass/progressiontracks -> 200
#446 GET /storefront/battlepass/progressiontracks -> 200
#447 GET /storefront/battlepass/progressiontracks -> 200
#448 GET /storefront/battlepass/progressiontracks -> 200
#449 GET /storefront/battlepass/progressiontracks -> 200
#450 GET /storefront/battlepass/progressiontracks -> 200
#451 GET /storefront/battlepass/progressiontracks -> 200
#452 GET /storefront/battlepass/progressiontracks -> 200
#453 GET /storefront/battlepass/progressiontracks -> 200
#454 GET /storefront/battlepass/progressiontracks -> 200
#455 GET /storefront/battlepass/progressiontracks -> 200
#456 GET /storefront/battlepass/progressiontracks -> 200
#457 GET /storefront/battlepass/progressiontracks -> 200
#458 GET /storefront/battlepass/progressiontracks -> 200
#459 GET /storefront/battlepass/progressiontracks -> 200
#460 GET /storefront/battlepass/progressiontracks -> 200

* 17:10:44.979  WS -> /notifications/players/9b9d2c887e2524f918e383a895f2f1c2 BINARY hb (proactive 30s keepalive)
#461 GET /storefront/battlepass/progressiontracks -> 200
#462 GET /storefront/battlepass/progressiontracks -> 200
#463 GET /storefront/battlepass/progressiontracks -> 200
#464 GET /storefront/battlepass/progressiontracks -> 200
#465 GET /storefront/battlepass/progressiontracks -> 200
#466 GET /storefront/battlepass/progressiontracks -> 200
#467 GET /storefront/battlepass/progressiontracks -> 200
#468 GET /storefront/battlepass/progressiontracks -> 200
#469 GET /storefront/battlepass/progressiontracks -> 200
#470 GET /storefront/battlepass/progressiontracks -> 200
#471 GET /storefront/battlepass/progressiontracks -> 200
#472 GET /storefront/battlepass/progressiontracks -> 200
#473 GET /storefront/battlepass/progressiontracks -> 200
#474 GET /storefront/battlepass/progressiontracks -> 200
#475 GET /storefront/battlepass/progressiontracks -> 200
#476 GET /configuration/client -> 200
#477 GET /storefront/battlepass/progressiontracks -> 200
#478 GET /content-service/manifest/release2.4.live-156430-shipping -> 200
#479 GET /storefront/battlepass/progressiontracks -> 200
#480 GET /party/matchmaking/info -> 200
#481 GET /storefront/battlepass/progressiontracks -> 200
#482 GET /storefront/battlepass/progressiontracks -> 200
#483 GET /storefront/battlepass/progressiontracks -> 200
#484 GET /storefront/battlepass/progressiontracks -> 200

* 17:10:46.397  WS <- /lobby TEXT ""
#485 GET /storefront/battlepass/progressiontracks -> 200
#486 GET /storefront/battlepass/progressiontracks -> 200
#487 GET /storefront/battlepass/progressiontracks -> 200
#488 GET /storefront/battlepass/progressiontracks -> 200
#489 GET /storefront/battlepass/progressiontracks -> 200
#490 POST /party/parties/party-9b9d2c887e2524f918e383a895f2f1c2/members/9b9d2c887e2524f918e383a895f2f1c2/latencies -> 200
#491 GET /storefront/battlepass/progressiontracks -> 200
#492 GET /storefront/battlepass/progressiontracks -> 200
#493 GET /storefront/battlepass/progressiontracks -> 200
#494 GET /storefront/battlepass/progressiontracks -> 200
#495 GET /storefront/battlepass/progressiontracks -> 200
#496 GET /storefront/battlepass/progressiontracks -> 200
#497 GET /storefront/battlepass/progressiontracks -> 200
#498 GET /storefront/battlepass/progressiontracks -> 200
#499 GET /storefront/battlepass/progressiontracks -> 200
#500 GET /storefront/battlepass/progressiontracks -> 200
#501 GET /storefront/battlepass/progressiontracks -> 200
#502 GET /storefront/battlepass/progressiontracks -> 200
#503 GET /storefront/battlepass/progressiontracks -> 200
#504 GET /storefront/battlepass/progressiontracks -> 200
#505 GET /storefront/battlepass/progressiontracks -> 200
#506 GET /storefront/battlepass/progressiontracks -> 200
#507 GET /storefront/battlepass/progressiontracks -> 200
#508 GET /storefront/battlepass/progressiontracks -> 200
#509 GET /storefront/battlepass/progressiontracks -> 200
#510 GET /storefront/battlepass/progressiontracks -> 200
#511 GET /storefront/battlepass/progressiontracks -> 200
#512 GET /storefront/battlepass/progressiontracks -> 200
#513 GET /storefront/battlepass/progressiontracks -> 200
#514 GET /storefront/battlepass/progressiontracks -> 200
#515 GET /storefront/battlepass/progressiontracks -> 200
#516 GET /storefront/battlepass/progressiontracks -> 200
#517 GET /storefront/battlepass/progressiontracks -> 200
#518 GET /storefront/battlepass/progressiontracks -> 200
#519 GET /storefront/battlepass/progressiontracks -> 200
#520 GET /storefront/battlepass/progressiontracks -> 200
#521 GET /storefront/battlepass/progressiontracks -> 200
#522 GET /storefront/battlepass/progressiontracks -> 200
#523 GET /storefront/battlepass/progressiontracks -> 200
#524 GET /storefront/battlepass/progressiontracks -> 200
#525 GET /storefront/battlepass/progressiontracks -> 200
#526 GET /storefront/battlepass/progressiontracks -> 200
#527 GET /storefront/battlepass/progressiontracks -> 200
#528 GET /storefront/battlepass/progressiontracks -> 200
#529 GET /storefront/battlepass/progressiontracks -> 200
#530 GET /storefront/battlepass/progressiontracks -> 200
#531 GET /storefront/battlepass/progressiontracks -> 200
#532 GET /storefront/battlepass/progressiontracks -> 200
#533 GET /storefront/battlepass/progressiontracks -> 200
#534 GET /storefront/battlepass/progressiontracks -> 200
#535 GET /storefront/battlepass/progressiontracks -> 200
#536 GET /storefront/battlepass/progressiontracks -> 200
#537 GET /storefront/battlepass/progressiontracks -> 200
#538 GET /storefront/battlepass/progressiontracks -> 200
#539 GET /storefront/battlepass/progressiontracks -> 200
#540 GET /storefront/battlepass/progressiontracks -> 200
#541 GET /storefront/battlepass/progressiontracks -> 200
#542 GET /storefront/battlepass/progressiontracks -> 200
#543 GET /storefront/battlepass/progressiontracks -> 200
#544 GET /storefront/battlepass/progressiontracks -> 200
#545 GET /storefront/battlepass/progressiontracks -> 200
#546 GET /storefront/battlepass/progressiontracks -> 200
#547 GET /storefront/battlepass/progressiontracks -> 200
#548 GET /storefront/battlepass/progressiontracks -> 200
#549 GET /storefront/battlepass/progressiontracks -> 200
#550 GET /storefront/battlepass/progressiontracks -> 200
#551 GET /storefront/battlepass/progressiontracks -> 200
#552 GET /storefront/battlepass/progressiontracks -> 200
#553 GET /storefront/battlepass/progressiontracks -> 200
#554 GET /storefront/battlepass/progressiontracks -> 200
#555 GET /storefront/battlepass/progressiontracks -> 200
#556 GET /storefront/battlepass/progressiontracks -> 200
#557 GET /storefront/battlepass/progressiontracks -> 200
#558 GET /storefront/battlepass/progressiontracks -> 200
#559 GET /storefront/battlepass/progressiontracks -> 200
#560 GET /storefront/battlepass/progressiontracks -> 200
#561 GET /storefront/battlepass/progressiontracks -> 200
#562 GET /storefront/battlepass/progressiontracks -> 200
#563 GET /storefront/battlepass/progressiontracks -> 200
#564 GET /storefront/battlepass/progressiontracks -> 200
#565 GET /storefront/battlepass/progressiontracks -> 200
#566 GET /storefront/battlepass/progressiontracks -> 200
#567 GET /storefront/battlepass/progressiontracks -> 200
#568 GET /storefront/battlepass/progressiontracks -> 200
#569 GET /party/players/9b9d2c887e2524f918e383a895f2f1c2/voice -> 200
#570 GET /storefront/battlepass/progressiontracks -> 200
#571 GET /storefront/battlepass/progressiontracks -> 200
#572 GET /storefront/battlepass/progressiontracks -> 200
#573 GET /storefront/battlepass/progressiontracks -> 200
#574 GET /storefront/battlepass/progressiontracks -> 200
#575 GET /storefront/battlepass/progressiontracks -> 200
#576 GET /storefront/battlepass/progressiontracks -> 200
#577 GET /storefront/battlepass/progressiontracks -> 200
#578 GET /storefront/battlepass/progressiontracks -> 200
#579 GET /storefront/battlepass/progressiontracks -> 200
#580 GET /storefront/battlepass/progressiontracks -> 200
#581 GET /storefront/battlepass/progressiontracks -> 200
#582 GET /storefront/battlepass/progressiontracks -> 200
#583 GET /storefront/battlepass/progressiontracks -> 200
#584 GET /storefront/battlepass/progressiontracks -> 200
#585 GET /storefront/battlepass/progressiontracks -> 200
#586 GET /storefront/battlepass/progressiontracks -> 200
#587 GET /storefront/battlepass/progressiontracks -> 200
#588 GET /storefront/battlepass/progressiontracks -> 200
#589 GET /storefront/battlepass/progressiontracks -> 200
#590 GET /storefront/battlepass/progressiontracks -> 200
#591 GET /storefront/battlepass/progressiontracks -> 200
#592 GET /storefront/battlepass/progressiontracks -> 200
#593 GET /storefront/battlepass/progressiontracks -> 200
#594 GET /storefront/battlepass/progressiontracks -> 200
#595 GET /storefront/battlepass/progressiontracks -> 200
#596 GET /storefront/battlepass/progressiontracks -> 200
#597 GET /storefront/battlepass/progressiontracks -> 200
#598 GET /storefront/battlepass/progressiontracks -> 200
#599 GET /storefront/battlepass/progressiontracks -> 200
#600 GET /storefront/battlepass/progressiontracks -> 200
#601 GET /storefront/battlepass/progressiontracks -> 200
#602 GET /storefront/battlepass/progressiontracks -> 200
#603 GET /storefront/battlepass/progressiontracks -> 200
#604 GET /storefront/battlepass/progressiontracks -> 200
#605 GET /storefront/battlepass/progressiontracks -> 200
#606 GET /storefront/battlepass/progressiontracks -> 200
#607 GET /storefront/battlepass/progressiontracks -> 200
#608 GET /storefront/battlepass/progressiontracks -> 200
#609 GET /storefront/battlepass/progressiontracks -> 200
#610 GET /storefront/battlepass/progressiontracks -> 200
#611 GET /storefront/battlepass/progressiontracks -> 200
#612 GET /storefront/battlepass/progressiontracks -> 200
#613 GET /storefront/battlepass/progressiontracks -> 200
#614 GET /storefront/battlepass/progressiontracks -> 200
#615 GET /storefront/battlepass/progressiontracks -> 200
#616 GET /storefront/battlepass/progressiontracks -> 200
#617 GET /storefront/battlepass/progressiontracks -> 200
#618 GET /storefront/battlepass/progressiontracks -> 200
#619 GET /storefront/battlepass/progressiontracks -> 200
#620 GET /storefront/battlepass/progressiontracks -> 200
#621 GET /storefront/battlepass/progressiontracks -> 200
#622 GET /storefront/battlepass/progressiontracks -> 200
#623 GET /storefront/battlepass/progressiontracks -> 200
#624 GET /storefront/battlepass/progressiontracks -> 200
#625 GET /storefront/battlepass/progressiontracks -> 200
#626 GET /storefront/battlepass/progressiontracks -> 200
#627 GET /storefront/battlepass/progressiontracks -> 200
#628 GET /storefront/battlepass/progressiontracks -> 200
#629 GET /storefront/battlepass/progressiontracks -> 200
#630 GET /storefront/battlepass/progressiontracks -> 200
#631 GET /storefront/battlepass/progressiontracks -> 200
#632 GET /storefront/battlepass/progressiontracks -> 200
#633 GET /storefront/battlepass/progressiontracks -> 200
#634 GET /storefront/battlepass/progressiontracks -> 200
#635 GET /storefront/battlepass/progressiontracks -> 200
#636 GET /storefront/battlepass/progressiontracks -> 200
#637 GET /storefront/battlepass/progressiontracks -> 200
#638 GET /storefront/battlepass/progressiontracks -> 200
#639 GET /storefront/battlepass/progressiontracks -> 200
#640 GET /storefront/battlepass/progressiontracks -> 200
#641 GET /storefront/battlepass/progressiontracks -> 200
#642 GET /storefront/battlepass/progressiontracks -> 200
#643 GET /storefront/battlepass/progressiontracks -> 200
#644 GET /storefront/battlepass/progressiontracks -> 200
#645 GET /storefront/battlepass/progressiontracks -> 200
#646 GET /storefront/battlepass/progressiontracks -> 200
#647 GET /storefront/battlepass/progressiontracks -> 200
#648 GET /storefront/battlepass/progressiontracks -> 200
#649 GET /storefront/battlepass/progressiontracks -> 200
#650 GET /storefront/battlepass/progressiontracks -> 200
#651 GET /storefront/battlepass/progressiontracks -> 200
#652 GET /storefront/battlepass/progressiontracks -> 200
#653 GET /storefront/battlepass/progressiontracks -> 200
#654 GET /storefront/battlepass/progressiontracks -> 200
#655 GET /storefront/battlepass/progressiontracks -> 200
#656 GET /storefront/battlepass/progressiontracks -> 200
#657 GET /storefront/battlepass/progressiontracks -> 200
#658 GET /storefront/battlepass/progressiontracks -> 200
#659 GET /storefront/battlepass/progressiontracks -> 200
#660 GET /storefront/battlepass/progressiontracks -> 200
#661 GET /storefront/battlepass/progressiontracks -> 200
#662 GET /storefront/battlepass/progressiontracks -> 200
#663 GET /storefront/battlepass/progressiontracks -> 200
#664 GET /storefront/battlepass/progressiontracks -> 200
#665 GET /storefront/battlepass/progressiontracks -> 200
#666 GET /storefront/battlepass/progressiontracks -> 200
#667 GET /storefront/battlepass/progressiontracks -> 200
#668 GET /storefront/battlepass/progressiontracks -> 200
#669 GET /storefront/battlepass/progressiontracks -> 200
#670 GET /storefront/battlepass/progressiontracks -> 200
#671 GET /storefront/battlepass/progressiontracks -> 200
#672 GET /storefront/battlepass/progressiontracks -> 200
#673 GET /storefront/battlepass/progressiontracks -> 200
#674 GET /storefront/battlepass/progressiontracks -> 200
#675 GET /storefront/battlepass/progressiontracks -> 200
#676 GET /storefront/battlepass/progressiontracks -> 200
#677 GET /storefront/battlepass/progressiontracks -> 200
#678 GET /storefront/battlepass/progressiontracks -> 200
#679 GET /storefront/battlepass/progressiontracks -> 200
#680 GET /storefront/battlepass/progressiontracks -> 200
#681 GET /storefront/battlepass/progressiontracks -> 200
#682 GET /storefront/battlepass/progressiontracks -> 200
#683 GET /storefront/battlepass/progressiontracks -> 200
#684 GET /storefront/battlepass/progressiontracks -> 200
#685 GET /storefront/battlepass/progressiontracks -> 200
#686 GET /storefront/battlepass/progressiontracks -> 200
#687 GET /storefront/battlepass/progressiontracks -> 200
#688 GET /storefront/battlepass/progressiontracks -> 200
#689 GET /storefront/battlepass/progressiontracks -> 200
#690 GET /storefront/battlepass/progressiontracks -> 200
#691 GET /storefront/battlepass/progressiontracks -> 200
#692 GET /storefront/battlepass/progressiontracks -> 200
#693 GET /storefront/battlepass/progressiontracks -> 200
#694 GET /storefront/battlepass/progressiontracks -> 200
#695 GET /storefront/battlepass/progressiontracks -> 200
#696 GET /storefront/battlepass/progressiontracks -> 200
#697 GET /storefront/battlepass/progressiontracks -> 200
#698 GET /storefront/battlepass/progressiontracks -> 200
#699 GET /storefront/battlepass/progressiontracks -> 200
#700 GET /storefront/battlepass/progressiontracks -> 200
#701 GET /storefront/battlepass/progressiontracks -> 200
#702 GET /storefront/battlepass/progressiontracks -> 200
#703 GET /storefront/battlepass/progressiontracks -> 200
#704 GET /storefront/battlepass/progressiontracks -> 200
#705 GET /storefront/battlepass/progressiontracks -> 200
#706 GET /storefront/battlepass/progressiontracks -> 200
#707 GET /storefront/battlepass/progressiontracks -> 200
#708 GET /storefront/battlepass/progressiontracks -> 200
#709 GET /storefront/battlepass/progressiontracks -> 200
#710 GET /storefront/battlepass/progressiontracks -> 200
#711 GET /storefront/battlepass/progressiontracks -> 200
#712 GET /storefront/battlepass/progressiontracks -> 200
#713 GET /storefront/battlepass/progressiontracks -> 200
#714 GET /storefront/battlepass/progressiontracks -> 200
#715 GET /storefront/battlepass/progressiontracks -> 200
#716 GET /storefront/battlepass/progressiontracks -> 200
#717 GET /storefront/battlepass/progressiontracks -> 200
#718 GET /storefront/battlepass/progressiontracks -> 200
#719 GET /storefront/battlepass/progressiontracks -> 200
#720 GET /storefront/battlepass/progressiontracks -> 200
#721 GET /storefront/battlepass/progressiontracks -> 200
#722 GET /storefront/battlepass/progressiontracks -> 200
#723 GET /storefront/battlepass/progressiontracks -> 200
#724 GET /storefront/battlepass/progressiontracks -> 200
#725 GET /storefront/battlepass/progressiontracks -> 200
#726 GET /storefront/battlepass/progressiontracks -> 200
#727 GET /storefront/battlepass/progressiontracks -> 200
#728 GET /storefront/battlepass/progressiontracks -> 200
#729 GET /storefront/battlepass/progressiontracks -> 200
#730 GET /storefront/battlepass/progressiontracks -> 200
#731 GET /storefront/battlepass/progressiontracks -> 200
#732 GET /storefront/battlepass/progressiontracks -> 200
#733 GET /storefront/battlepass/progressiontracks -> 200
#734 GET /storefront/battlepass/progressiontracks -> 200
#735 GET /storefront/battlepass/progressiontracks -> 200
#736 GET /storefront/battlepass/progressiontracks -> 200
#737 GET /storefront/battlepass/progressiontracks -> 200
#738 GET /storefront/battlepass/progressiontracks -> 200
#739 GET /storefront/battlepass/progressiontracks -> 200
#740 GET /storefront/battlepass/progressiontracks -> 200
#741 GET /storefront/battlepass/progressiontracks -> 200
#742 GET /storefront/battlepass/progressiontracks -> 200
#743 GET /storefront/battlepass/progressiontracks -> 200
#744 GET /storefront/battlepass/progressiontracks -> 200
#745 GET /storefront/battlepass/progressiontracks -> 200
#746 GET /storefront/battlepass/progressiontracks -> 200
#747 GET /storefront/battlepass/progressiontracks -> 200
#748 GET /storefront/battlepass/progressiontracks -> 200
#749 GET /storefront/battlepass/progressiontracks -> 200
#750 GET /storefront/battlepass/progressiontracks -> 200
#751 GET /storefront/battlepass/progressiontracks -> 200
#752 GET /storefront/battlepass/progressiontracks -> 200
#753 GET /storefront/battlepass/progressiontracks -> 200
#754 GET /storefront/battlepass/progressiontracks -> 200
#755 GET /storefront/battlepass/progressiontracks -> 200
#756 GET /storefront/battlepass/progressiontracks -> 200
#757 GET /storefront/battlepass/progressiontracks -> 200
#758 GET /storefront/battlepass/progressiontracks -> 200
#759 GET /storefront/battlepass/progressiontracks -> 200
#760 GET /storefront/battlepass/progressiontracks -> 200
#761 GET /storefront/battlepass/progressiontracks -> 200
#762 GET /storefront/battlepass/progressiontracks -> 200
#763 GET /storefront/battlepass/progressiontracks -> 200
#764 GET /storefront/battlepass/progressiontracks -> 200
#765 GET /storefront/battlepass/progressiontracks -> 200
#766 GET /storefront/battlepass/progressiontracks -> 200
#767 GET /storefront/battlepass/progressiontracks -> 200
#768 GET /storefront/battlepass/progressiontracks -> 200
#769 GET /storefront/battlepass/progressiontracks -> 200
#770 GET /storefront/battlepass/progressiontracks -> 200
#771 GET /storefront/battlepass/progressiontracks -> 200
#772 GET /storefront/battlepass/progressiontracks -> 200
#773 GET /storefront/battlepass/progressiontracks -> 200
#774 GET /storefront/battlepass/progressiontracks -> 200
#775 GET /storefront/battlepass/progressiontracks -> 200
#776 GET /storefront/battlepass/progressiontracks -> 200
#777 GET /storefront/battlepass/progressiontracks -> 200
#778 GET /storefront/battlepass/progressiontracks -> 200
#779 GET /storefront/battlepass/progressiontracks -> 200
#780 GET /storefront/battlepass/progressiontracks -> 200
#781 GET /storefront/battlepass/progressiontracks -> 200
#782 GET /storefront/battlepass/progressiontracks -> 200
#783 GET /storefront/battlepass/progressiontracks -> 200
#784 GET /storefront/battlepass/progressiontracks -> 200
#785 GET /storefront/battlepass/progressiontracks -> 200
#786 GET /storefront/battlepass/progressiontracks -> 200
#787 GET /storefront/battlepass/progressiontracks -> 200
#788 GET /storefront/battlepass/progressiontracks -> 200
#789 GET /storefront/battlepass/progressiontracks -> 200
#790 GET /storefront/battlepass/progressiontracks -> 200
#791 GET /storefront/battlepass/progressiontracks -> 200
#792 GET /storefront/battlepass/progressiontracks -> 200
#793 GET /storefront/battlepass/progressiontracks -> 200
#794 GET /storefront/battlepass/progressiontracks -> 200
#795 GET /storefront/battlepass/progressiontracks -> 200
#796 GET /storefront/battlepass/progressiontracks -> 200
#797 GET /storefront/battlepass/progressiontracks -> 200
#798 GET /storefront/battlepass/progressiontracks -> 200
#799 GET /storefront/battlepass/progressiontracks -> 200
#800 GET /storefront/battlepass/progressiontracks -> 200
#801 GET /storefront/battlepass/progressiontracks -> 200
#802 GET /storefront/battlepass/progressiontracks -> 200
#803 GET /storefront/battlepass/progressiontracks -> 200
#804 GET /storefront/battlepass/progressiontracks -> 200
#805 GET /storefront/battlepass/progressiontracks -> 200
#806 GET /storefront/battlepass/progressiontracks -> 200
#807 GET /storefront/battlepass/progressiontracks -> 200
#808 GET /storefront/battlepass/progressiontracks -> 200
#809 GET /storefront/battlepass/progressiontracks -> 200
#810 GET /storefront/battlepass/progressiontracks -> 200
#811 GET /storefront/battlepass/progressiontracks -> 200
#812 GET /storefront/battlepass/progressiontracks -> 200
#813 GET /storefront/battlepass/progressiontracks -> 200
#814 GET /storefront/battlepass/progressiontracks -> 200
#815 GET /storefront/battlepass/progressiontracks -> 200
#816 GET /storefront/battlepass/progressiontracks -> 200
#817 GET /storefront/battlepass/progressiontracks -> 200
#818 GET /storefront/battlepass/progressiontracks -> 200
#819 GET /storefront/battlepass/progressiontracks -> 200
#820 GET /storefront/battlepass/progressiontracks -> 200
#821 GET /storefront/battlepass/progressiontracks -> 200
#822 GET /storefront/battlepass/progressiontracks -> 200
#823 GET /storefront/battlepass/progressiontracks -> 200
#824 GET /storefront/battlepass/progressiontracks -> 200
#825 GET /storefront/battlepass/progressiontracks -> 200
#826 GET /storefront/battlepass/progressiontracks -> 200
#827 GET /storefront/battlepass/progressiontracks -> 200
#828 GET /storefront/battlepass/progressiontracks -> 200
#829 GET /storefront/battlepass/progressiontracks -> 200
#830 GET /storefront/battlepass/progressiontracks -> 200
#831 GET /storefront/battlepass/progressiontracks -> 200
#832 GET /storefront/battlepass/progressiontracks -> 200
#833 GET /storefront/battlepass/progressiontracks -> 200
#834 GET /storefront/battlepass/progressiontracks -> 200
#835 GET /storefront/battlepass/progressiontracks -> 200
#836 GET /storefront/battlepass/progressiontracks -> 200
#837 GET /storefront/battlepass/progressiontracks -> 200
#838 GET /storefront/battlepass/progressiontracks -> 200
#839 GET /storefront/battlepass/progressiontracks -> 200
#840 GET /storefront/battlepass/progressiontracks -> 200
#841 GET /storefront/battlepass/progressiontracks -> 200
#842 GET /storefront/battlepass/progressiontracks -> 200
#843 GET /storefront/battlepass/progressiontracks -> 200
#844 GET /storefront/battlepass/progressiontracks -> 200
#845 GET /storefront/battlepass/progressiontracks -> 200
#846 GET /storefront/battlepass/progressiontracks -> 200
#847 GET /storefront/battlepass/progressiontracks -> 200
#848 GET /storefront/battlepass/progressiontracks -> 200
#849 GET /storefront/battlepass/progressiontracks -> 200
#850 GET /storefront/battlepass/progressiontracks -> 200
#851 GET /storefront/battlepass/progressiontracks -> 200
#852 GET /storefront/battlepass/progressiontracks -> 200
#853 GET /storefront/battlepass/progressiontracks -> 200
#854 GET /storefront/battlepass/progressiontracks -> 200
#855 GET /storefront/battlepass/progressiontracks -> 200
#856 GET /storefront/battlepass/progressiontracks -> 200
#857 GET /storefront/battlepass/progressiontracks -> 200
#858 GET /storefront/battlepass/progressiontracks -> 200

* 17:11:11.162  WS <- /notifications/players/9b9d2c887e2524f918e383a895f2f1c2 BINARY (2 bytes) 6862
#859 GET /storefront/battlepass/progressiontracks -> 200

* 17:11:11.192  WS -> /notifications/players/9b9d2c887e2524f918e383a895f2f1c2 TEXT hb reply {"Resource":"hb","Version":0,"Payload":""}
#860 GET /storefront/battlepass/progressiontracks -> 200
#861 GET /storefront/battlepass/progressiontracks -> 200
#862 POST /game-telemetry/v1/protected/events -> 200
#863 GET /storefront/battlepass/progressiontracks -> 200
#864 GET /storefront/battlepass/progressiontracks -> 200
#865 GET /storefront/battlepass/progressiontracks -> 200
#866 GET /storefront/battlepass/progressiontracks -> 200
#867 GET /storefront/battlepass/progressiontracks -> 200
#868 GET /storefront/battlepass/progressiontracks -> 200
#869 GET /storefront/battlepass/progressiontracks -> 200
#870 GET /storefront/battlepass/progressiontracks -> 200
#871 GET /storefront/battlepass/progressiontracks -> 200
#872 GET /storefront/battlepass/progressiontracks -> 200
#873 GET /storefront/battlepass/progressiontracks -> 200
#874 GET /storefront/battlepass/progressiontracks -> 200
#875 GET /storefront/battlepass/progressiontracks -> 200
#876 GET /storefront/battlepass/progressiontracks -> 200
#877 GET /storefront/battlepass/progressiontracks -> 200
#878 GET /storefront/battlepass/progressiontracks -> 200
#879 GET /storefront/battlepass/progressiontracks -> 200
#880 GET /storefront/battlepass/progressiontracks -> 200
#881 GET /storefront/battlepass/progressiontracks -> 200
#882 GET /storefront/battlepass/progressiontracks -> 200
#883 GET /storefront/battlepass/progressiontracks -> 200
#884 GET /storefront/battlepass/progressiontracks -> 200
#885 GET /storefront/battlepass/progressiontracks -> 200
#886 GET /storefront/battlepass/progressiontracks -> 200
#887 GET /storefront/battlepass/progressiontracks -> 200
#888 GET /storefront/battlepass/progressiontracks -> 200
#889 GET /storefront/battlepass/progressiontracks -> 200
#890 GET /storefront/battlepass/progressiontracks -> 200
#891 GET /storefront/battlepass/progressiontracks -> 200
#892 GET /storefront/battlepass/progressiontracks -> 200
#893 GET /storefront/battlepass/progressiontracks -> 200
#894 GET /storefront/battlepass/progressiontracks -> 200
#895 GET /storefront/battlepass/progressiontracks -> 200
#896 GET /storefront/battlepass/progressiontracks -> 200
#897 GET /storefront/battlepass/progressiontracks -> 200
#898 GET /storefront/battlepass/progressiontracks -> 200
#899 GET /storefront/battlepass/progressiontracks -> 200
#900 GET /storefront/battlepass/progressiontracks -> 200
#901 GET /storefront/battlepass/progressiontracks -> 200
#902 GET /storefront/battlepass/progressiontracks -> 200
#903 GET /storefront/battlepass/progressiontracks -> 200
#904 GET /storefront/battlepass/progressiontracks -> 200
#905 GET /storefront/battlepass/progressiontracks -> 200
#906 GET /storefront/battlepass/progressiontracks -> 200
#907 GET /storefront/battlepass/progressiontracks -> 200
#908 GET /storefront/battlepass/progressiontracks -> 200
#909 GET /storefront/battlepass/progressiontracks -> 200
#910 GET /storefront/battlepass/progressiontracks -> 200
#911 GET /storefront/battlepass/progressiontracks -> 200
#912 GET /storefront/battlepass/progressiontracks -> 200
#913 GET /storefront/battlepass/progressiontracks -> 200
#914 GET /storefront/battlepass/progressiontracks -> 200
#915 GET /storefront/battlepass/progressiontracks -> 200
#916 GET /storefront/battlepass/progressiontracks -> 200
#917 GET /storefront/battlepass/progressiontracks -> 200
#918 GET /storefront/battlepass/progressiontracks -> 200
#919 GET /storefront/battlepass/progressiontracks -> 200
#920 GET /storefront/battlepass/progressiontracks -> 200
#921 GET /storefront/battlepass/progressiontracks -> 200
#922 GET /storefront/battlepass/progressiontracks -> 200
#923 GET /storefront/battlepass/progressiontracks -> 200
#924 GET /storefront/battlepass/progressiontracks -> 200
#925 GET /storefront/battlepass/progressiontracks -> 200
#926 GET /storefront/battlepass/progressiontracks -> 200
#927 GET /storefront/battlepass/progressiontracks -> 200
#928 GET /storefront/battlepass/progressiontracks -> 200
#929 GET /storefront/battlepass/progressiontracks -> 200
#930 GET /storefront/battlepass/progressiontracks -> 200
#931 GET /storefront/battlepass/progressiontracks -> 200
#932 GET /configuration/client -> 200
#933 GET /storefront/battlepass/progressiontracks -> 200
#934 GET /content-service/manifest/release2.4.live-156430-shipping -> 200
#935 GET /storefront/battlepass/progressiontracks -> 200
#936 GET /core-game/regions -> 200
#937 GET /party/matchmaking/info -> 200
#938 GET /storefront/battlepass/progressiontracks -> 200
#939 GET /storefront/battlepass/progressiontracks -> 200
#940 GET /storefront/battlepass/progressiontracks -> 200

* 17:11:16.420  WS <- /lobby TEXT ""
#941 GET /storefront/battlepass/progressiontracks -> 200
#942 GET /storefront/battlepass/progressiontracks -> 200
#943 GET /storefront/battlepass/progressiontracks -> 200
#944 GET /storefront/battlepass/progressiontracks -> 200
#945 POST /party/parties/party-9b9d2c887e2524f918e383a895f2f1c2/members/9b9d2c887e2524f918e383a895f2f1c2/latencies -> 200
#946 GET /storefront/battlepass/progressiontracks -> 200
#947 GET /storefront/battlepass/progressiontracks -> 200
#948 GET /storefront/battlepass/progressiontracks -> 200
#949 GET /storefront/battlepass/progressiontracks -> 200
#950 GET /storefront/battlepass/progressiontracks -> 200
#951 GET /storefront/battlepass/progressiontracks -> 200
#952 GET /storefront/battlepass/progressiontracks -> 200
#953 GET /storefront/battlepass/progressiontracks -> 200
#954 GET /storefront/battlepass/progressiontracks -> 200
#955 GET /storefront/battlepass/progressiontracks -> 200
#956 GET /storefront/battlepass/progressiontracks -> 200
#957 GET /storefront/battlepass/progressiontracks -> 200
#958 GET /storefront/battlepass/progressiontracks -> 200
#959 GET /storefront/battlepass/progressiontracks -> 200
#960 GET /storefront/battlepass/progressiontracks -> 200
#961 GET /storefront/battlepass/progressiontracks -> 200
#962 GET /storefront/battlepass/progressiontracks -> 200
#963 GET /storefront/battlepass/progressiontracks -> 200
#964 GET /storefront/battlepass/progressiontracks -> 200
#965 GET /storefront/battlepass/progressiontracks -> 200
#966 GET /storefront/battlepass/progressiontracks -> 200
#967 GET /storefront/battlepass/progressiontracks -> 200
#968 GET /storefront/battlepass/progressiontracks -> 200
#969 GET /storefront/battlepass/progressiontracks -> 200
#970 GET /storefront/battlepass/progressiontracks -> 200
#971 GET /storefront/battlepass/progressiontracks -> 200
#972 GET /storefront/battlepass/progressiontracks -> 200
#973 GET /storefront/battlepass/progressiontracks -> 200
#974 GET /storefront/battlepass/progressiontracks -> 200
#975 GET /storefront/battlepass/progressiontracks -> 200
#976 GET /storefront/battlepass/progressiontracks -> 200
#977 GET /storefront/battlepass/progressiontracks -> 200
#978 GET /storefront/battlepass/progressiontracks -> 200
#979 GET /storefront/battlepass/progressiontracks -> 200
#980 GET /storefront/battlepass/progressiontracks -> 200
#981 GET /storefront/battlepass/progressiontracks -> 200
#982 GET /storefront/battlepass/progressiontracks -> 200
#983 GET /storefront/battlepass/progressiontracks -> 200
#984 GET /storefront/battlepass/progressiontracks -> 200
#985 GET /storefront/battlepass/progressiontracks -> 200
#986 GET /storefront/battlepass/progressiontracks -> 200
#987 GET /storefront/battlepass/progressiontracks -> 200
#988 GET /storefront/battlepass/progressiontracks -> 200
#989 GET /storefront/battlepass/progressiontracks -> 200
#990 GET /storefront/battlepass/progressiontracks -> 200
#991 GET /storefront/battlepass/progressiontracks -> 200
#992 GET /storefront/battlepass/progressiontracks -> 200
#993 GET /storefront/battlepass/progressiontracks -> 200
#994 GET /storefront/battlepass/progressiontracks -> 200
#995 GET /storefront/battlepass/progressiontracks -> 200
#996 GET /storefront/battlepass/progressiontracks -> 200
#997 GET /storefront/battlepass/progressiontracks -> 200
#998 GET /storefront/battlepass/progressiontracks -> 200
#999 GET /storefront/battlepass/progressiontracks -> 200
#1000 GET /storefront/battlepass/progressiontracks -> 200
#1001 GET /storefront/battlepass/progressiontracks -> 200
#1002 GET /storefront/battlepass/progressiontracks -> 200
#1003 GET /storefront/battlepass/progressiontracks -> 200
#1004 GET /storefront/battlepass/progressiontracks -> 200
#1005 GET /storefront/battlepass/progressiontracks -> 200
#1006 GET /storefront/battlepass/progressiontracks -> 200
#1007 GET /storefront/battlepass/progressiontracks -> 200
#1008 GET /storefront/battlepass/progressiontracks -> 200
#1009 GET /storefront/battlepass/progressiontracks -> 200
#1010 GET /storefront/battlepass/progressiontracks -> 200
#1011 GET /storefront/battlepass/progressiontracks -> 200
#1012 GET /storefront/battlepass/progressiontracks -> 200
#1013 GET /storefront/battlepass/progressiontracks -> 200
#1014 GET /storefront/battlepass/progressiontracks -> 200
#1015 GET /storefront/battlepass/progressiontracks -> 200
#1016 GET /storefront/battlepass/progressiontracks -> 200
#1017 GET /storefront/battlepass/progressiontracks -> 200
#1018 GET /storefront/battlepass/progressiontracks -> 200
#1019 GET /storefront/battlepass/progressiontracks -> 200
#1020 GET /storefront/battlepass/progressiontracks -> 200
#1021 GET /storefront/battlepass/progressiontracks -> 200
#1022 GET /storefront/battlepass/progressiontracks -> 200
#1023 GET /storefront/battlepass/progressiontracks -> 200
#1024 GET /storefront/battlepass/progressiontracks -> 200
#1025 GET /storefront/battlepass/progressiontracks -> 200
#1026 GET /storefront/battlepass/progressiontracks -> 200
#1027 GET /storefront/battlepass/progressiontracks -> 200
#1028 GET /storefront/battlepass/progressiontracks -> 200
#1029 GET /storefront/battlepass/progressiontracks -> 200
#1030 GET /storefront/battlepass/progressiontracks -> 200
#1031 GET /storefront/battlepass/progressiontracks -> 200
#1032 GET /storefront/battlepass/progressiontracks -> 200
#1033 GET /party/players/9b9d2c887e2524f918e383a895f2f1c2/voice -> 200
#1034 GET /storefront/battlepass/progressiontracks -> 200
#1035 GET /storefront/battlepass/progressiontracks -> 200
#1036 GET /storefront/battlepass/progressiontracks -> 200
#1037 GET /storefront/battlepass/progressiontracks -> 200
#1038 GET /storefront/battlepass/progressiontracks -> 200
#1039 GET /storefront/battlepass/progressiontracks -> 200
#1040 GET /storefront/battlepass/progressiontracks -> 200
#1041 GET /storefront/battlepass/progressiontracks -> 200
#1042 GET /storefront/battlepass/progressiontracks -> 200
#1043 GET /storefront/battlepass/progressiontracks -> 200
#1044 GET /storefront/battlepass/progressiontracks -> 200
#1045 GET /storefront/battlepass/progressiontracks -> 200
#1046 GET /storefront/battlepass/progressiontracks -> 200
#1047 GET /storefront/battlepass/progressiontracks -> 200
#1048 GET /storefront/battlepass/progressiontracks -> 200
#1049 GET /storefront/battlepass/progressiontracks -> 200
#1050 GET /storefront/battlepass/progressiontracks -> 200
#1051 GET /storefront/battlepass/progressiontracks -> 200
#1052 GET /storefront/battlepass/progressiontracks -> 200
#1053 GET /storefront/battlepass/progressiontracks -> 200
#1054 GET /storefront/battlepass/progressiontracks -> 200
#1055 GET /storefront/battlepass/progressiontracks -> 200
#1056 GET /storefront/battlepass/progressiontracks -> 200
#1057 GET /storefront/battlepass/progressiontracks -> 200
#1058 GET /storefront/battlepass/progressiontracks -> 200
#1059 GET /storefront/battlepass/progressiontracks -> 200
#1060 GET /storefront/battlepass/progressiontracks -> 200
#1061 GET /storefront/battlepass/progressiontracks -> 200
#1062 GET /storefront/battlepass/progressiontracks -> 200
#1063 GET /storefront/battlepass/progressiontracks -> 200
#1064 GET /storefront/battlepass/progressiontracks -> 200
#1065 GET /storefront/battlepass/progressiontracks -> 200
#1066 GET /storefront/battlepass/progressiontracks -> 200
#1067 GET /storefront/battlepass/progressiontracks -> 200
#1068 GET /storefront/battlepass/progressiontracks -> 200
#1069 GET /storefront/battlepass/progressiontracks -> 200
#1070 GET /storefront/battlepass/progressiontracks -> 200
#1071 GET /storefront/battlepass/progressiontracks -> 200
#1072 GET /storefront/battlepass/progressiontracks -> 200
#1073 GET /storefront/battlepass/progressiontracks -> 200
#1074 GET /storefront/battlepass/progressiontracks -> 200
#1075 GET /storefront/battlepass/progressiontracks -> 200
#1076 GET /storefront/battlepass/progressiontracks -> 200
#1077 GET /storefront/battlepass/progressiontracks -> 200
#1078 GET /storefront/battlepass/progressiontracks -> 200
#1079 GET /storefront/battlepass/progressiontracks -> 200
#1080 GET /storefront/battlepass/progressiontracks -> 200
#1081 GET /storefront/battlepass/progressiontracks -> 200
#1082 GET /storefront/battlepass/progressiontracks -> 200
#1083 GET /storefront/battlepass/progressiontracks -> 200
#1084 GET /storefront/battlepass/progressiontracks -> 200
#1085 GET /storefront/battlepass/progressiontracks -> 200
#1086 GET /storefront/battlepass/progressiontracks -> 200
#1087 GET /storefront/battlepass/progressiontracks -> 200
#1088 GET /storefront/battlepass/progressiontracks -> 200
#1089 GET /storefront/battlepass/progressiontracks -> 200
#1090 GET /storefront/battlepass/progressiontracks -> 200
#1091 GET /storefront/battlepass/progressiontracks -> 200
#1092 GET /storefront/battlepass/progressiontracks -> 200
#1093 GET /storefront/battlepass/progressiontracks -> 200
#1094 GET /storefront/battlepass/progressiontracks -> 200
#1095 GET /storefront/battlepass/progressiontracks -> 200
#1096 GET /storefront/battlepass/progressiontracks -> 200
#1097 GET /storefront/battlepass/progressiontracks -> 200
#1098 GET /storefront/battlepass/progressiontracks -> 200
#1099 GET /storefront/battlepass/progressiontracks -> 200
#1100 GET /storefront/battlepass/progressiontracks -> 200
#1101 GET /storefront/battlepass/progressiontracks -> 200
#1102 GET /storefront/battlepass/progressiontracks -> 200
#1103 GET /storefront/battlepass/progressiontracks -> 200
#1104 GET /storefront/battlepass/progressiontracks -> 200
#1105 GET /storefront/battlepass/progressiontracks -> 200
#1106 GET /storefront/battlepass/progressiontracks -> 200
#1107 GET /storefront/battlepass/progressiontracks -> 200
#1108 GET /storefront/battlepass/progressiontracks -> 200
#1109 GET /storefront/battlepass/progressiontracks -> 200
#1110 GET /storefront/battlepass/progressiontracks -> 200
#1111 GET /storefront/battlepass/progressiontracks -> 200
#1112 GET /storefront/battlepass/progressiontracks -> 200
#1113 GET /storefront/battlepass/progressiontracks -> 200
#1114 GET /storefront/battlepass/progressiontracks -> 200
#1115 GET /storefront/battlepass/progressiontracks -> 200
#1116 GET /storefront/battlepass/progressiontracks -> 200
#1117 GET /storefront/battlepass/progressiontracks -> 200
#1118 GET /storefront/battlepass/progressiontracks -> 200
#1119 GET /storefront/battlepass/progressiontracks -> 200
#1120 GET /storefront/battlepass/progressiontracks -> 200
#1121 GET /storefront/battlepass/progressiontracks -> 200
#1122 GET /storefront/battlepass/progressiontracks -> 200
#1123 GET /storefront/battlepass/progressiontracks -> 200
#1124 GET /storefront/battlepass/progressiontracks -> 200
#1125 GET /storefront/battlepass/progressiontracks -> 200
#1126 GET /storefront/battlepass/progressiontracks -> 200
#1127 GET /storefront/battlepass/progressiontracks -> 200
#1128 GET /storefront/battlepass/progressiontracks -> 200
#1129 GET /storefront/battlepass/progressiontracks -> 200
#1130 GET /storefront/battlepass/progressiontracks -> 200
#1131 GET /storefront/battlepass/progressiontracks -> 200
#1132 GET /storefront/battlepass/progressiontracks -> 200
#1133 GET /storefront/battlepass/progressiontracks -> 200
#1134 GET /storefront/battlepass/progressiontracks -> 200
#1135 GET /storefront/battlepass/progressiontracks -> 200
#1136 GET /storefront/battlepass/progressiontracks -> 200
#1137 GET /storefront/battlepass/progressiontracks -> 200
#1138 GET /storefront/battlepass/progressiontracks -> 200
#1139 GET /storefront/battlepass/progressiontracks -> 200
#1140 GET /storefront/battlepass/progressiontracks -> 200
#1141 GET /storefront/battlepass/progressiontracks -> 200
#1142 GET /storefront/battlepass/progressiontracks -> 200
#1143 GET /storefront/battlepass/progressiontracks -> 200
#1144 GET /storefront/battlepass/progressiontracks -> 200
#1145 GET /storefront/battlepass/progressiontracks -> 200
#1146 GET /storefront/battlepass/progressiontracks -> 200
#1147 GET /storefront/battlepass/progressiontracks -> 200
#1148 GET /storefront/battlepass/progressiontracks -> 200
#1149 GET /storefront/battlepass/progressiontracks -> 200
#1150 GET /storefront/battlepass/progressiontracks -> 200
#1151 GET /storefront/battlepass/progressiontracks -> 200
#1152 GET /storefront/battlepass/progressiontracks -> 200
#1153 GET /storefront/battlepass/progressiontracks -> 200
#1154 GET /storefront/battlepass/progressiontracks -> 200
#1155 GET /storefront/battlepass/progressiontracks -> 200
#1156 GET /storefront/battlepass/progressiontracks -> 200
#1157 GET /storefront/battlepass/progressiontracks -> 200
#1158 GET /storefront/battlepass/progressiontracks -> 200
#1159 GET /storefront/battlepass/progressiontracks -> 200
#1160 GET /storefront/battlepass/progressiontracks -> 200
#1161 GET /storefront/battlepass/progressiontracks -> 200
#1162 GET /storefront/battlepass/progressiontracks -> 200
#1163 GET /storefront/battlepass/progressiontracks -> 200
#1164 GET /storefront/battlepass/progressiontracks -> 200
#1165 GET /storefront/battlepass/progressiontracks -> 200
#1166 GET /storefront/battlepass/progressiontracks -> 200
#1167 GET /storefront/battlepass/progressiontracks -> 200
#1168 GET /storefront/battlepass/progressiontracks -> 200
#1169 GET /storefront/battlepass/progressiontracks -> 200
#1170 GET /storefront/battlepass/progressiontracks -> 200
#1171 GET /storefront/battlepass/progressiontracks -> 200
#1172 GET /storefront/battlepass/progressiontracks -> 200
#1173 GET /storefront/battlepass/progressiontracks -> 200
#1174 GET /storefront/battlepass/progressiontracks -> 200
#1175 GET /storefront/battlepass/progressiontracks -> 200
#1176 GET /storefront/battlepass/progressiontracks -> 200
#1177 GET /storefront/battlepass/progressiontracks -> 200
#1178 GET /storefront/battlepass/progressiontracks -> 200
#1179 GET /storefront/battlepass/progressiontracks -> 200
#1180 GET /storefront/battlepass/progressiontracks -> 200
#1181 GET /storefront/battlepass/progressiontracks -> 200
#1182 GET /storefront/battlepass/progressiontracks -> 200
#1183 GET /storefront/battlepass/progressiontracks -> 200
#1184 GET /storefront/battlepass/progressiontracks -> 200
#1185 GET /storefront/battlepass/progressiontracks -> 200
#1186 GET /storefront/battlepass/progressiontracks -> 200
#1187 GET /storefront/battlepass/progressiontracks -> 200
#1188 GET /storefront/battlepass/progressiontracks -> 200
#1189 GET /storefront/battlepass/progressiontracks -> 200
#1190 GET /storefront/battlepass/progressiontracks -> 200
#1191 GET /storefront/battlepass/progressiontracks -> 200
#1192 GET /storefront/battlepass/progressiontracks -> 200
#1193 GET /storefront/battlepass/progressiontracks -> 200
#1194 GET /storefront/battlepass/progressiontracks -> 200
#1195 GET /storefront/battlepass/progressiontracks -> 200
#1196 GET /storefront/battlepass/progressiontracks -> 200
#1197 GET /storefront/battlepass/progressiontracks -> 200
#1198 GET /storefront/battlepass/progressiontracks -> 200
#1199 GET /storefront/battlepass/progressiontracks -> 200
#1200 GET /storefront/battlepass/progressiontracks -> 200
#1201 GET /storefront/battlepass/progressiontracks -> 200
#1202 GET /storefront/battlepass/progressiontracks -> 200
#1203 GET /storefront/battlepass/progressiontracks -> 200
#1204 GET /storefront/battlepass/progressiontracks -> 200
#1205 GET /storefront/battlepass/progressiontracks -> 200
#1206 GET /storefront/battlepass/progressiontracks -> 200
#1207 GET /storefront/battlepass/progressiontracks -> 200
#1208 GET /storefront/battlepass/progressiontracks -> 200
#1209 GET /storefront/battlepass/progressiontracks -> 200
#1210 GET /storefront/battlepass/progressiontracks -> 200
#1211 GET /storefront/battlepass/progressiontracks -> 200
#1212 GET /storefront/battlepass/progressiontracks -> 200
#1213 GET /storefront/battlepass/progressiontracks -> 200
#1214 GET /storefront/battlepass/progressiontracks -> 200
#1215 GET /storefront/battlepass/progressiontracks -> 200
#1216 GET /storefront/battlepass/progressiontracks -> 200
#1217 GET /storefront/battlepass/progressiontracks -> 200
#1218 GET /storefront/battlepass/progressiontracks -> 200
#1219 GET /storefront/battlepass/progressiontracks -> 200
#1220 GET /storefront/battlepass/progressiontracks -> 200
#1221 GET /storefront/battlepass/progressiontracks -> 200
#1222 GET /storefront/battlepass/progressiontracks -> 200
#1223 GET /storefront/battlepass/progressiontracks -> 200
#1224 GET /storefront/battlepass/progressiontracks -> 200
#1225 GET /storefront/battlepass/progressiontracks -> 200
#1226 GET /storefront/battlepass/progressiontracks -> 200
#1227 GET /storefront/battlepass/progressiontracks -> 200
#1228 GET /storefront/battlepass/progressiontracks -> 200
#1229 GET /storefront/battlepass/progressiontracks -> 200
#1230 GET /storefront/battlepass/progressiontracks -> 200
#1231 GET /storefront/battlepass/progressiontracks -> 200
#1232 GET /storefront/battlepass/progressiontracks -> 200
#1233 GET /storefront/battlepass/progressiontracks -> 200
#1234 GET /storefront/battlepass/progressiontracks -> 200
#1235 GET /storefront/battlepass/progressiontracks -> 200
#1236 GET /storefront/battlepass/progressiontracks -> 200
#1237 GET /storefront/battlepass/progressiontracks -> 200
#1238 GET /storefront/battlepass/progressiontracks -> 200
#1239 GET /storefront/battlepass/progressiontracks -> 200
#1240 GET /storefront/battlepass/progressiontracks -> 200
#1241 GET /storefront/battlepass/progressiontracks -> 200
#1242 GET /storefront/battlepass/progressiontracks -> 200
#1243 GET /storefront/battlepass/progressiontracks -> 200
#1244 GET /storefront/battlepass/progressiontracks -> 200
#1245 GET /storefront/battlepass/progressiontracks -> 200
#1246 GET /storefront/battlepass/progressiontracks -> 200
#1247 GET /storefront/battlepass/progressiontracks -> 200
#1248 GET /storefront/battlepass/progressiontracks -> 200
#1249 GET /storefront/battlepass/progressiontracks -> 200
#1250 GET /storefront/battlepass/progressiontracks -> 200
#1251 GET /storefront/battlepass/progressiontracks -> 200
#1252 GET /storefront/battlepass/progressiontracks -> 200
#1253 GET /storefront/battlepass/progressiontracks -> 200
#1254 GET /storefront/battlepass/progressiontracks -> 200
#1255 GET /storefront/battlepass/progressiontracks -> 200
#1256 GET /storefront/battlepass/progressiontracks -> 200
#1257 GET /storefront/battlepass/progressiontracks -> 200
#1258 GET /storefront/battlepass/progressiontracks -> 200
#1259 GET /storefront/battlepass/progressiontracks -> 200
#1260 GET /storefront/battlepass/progressiontracks -> 200
#1261 GET /storefront/battlepass/progressiontracks -> 200
#1262 GET /storefront/battlepass/progressiontracks -> 200
#1263 GET /storefront/battlepass/progressiontracks -> 200
#1264 GET /storefront/battlepass/progressiontracks -> 200
#1265 GET /storefront/battlepass/progressiontracks -> 200
#1266 GET /storefront/battlepass/progressiontracks -> 200
#1267 GET /storefront/battlepass/progressiontracks -> 200
#1268 GET /storefront/battlepass/progressiontracks -> 200
#1269 GET /storefront/battlepass/progressiontracks -> 200
#1270 GET /storefront/battlepass/progressiontracks -> 200
#1271 GET /storefront/battlepass/progressiontracks -> 200
#1272 GET /storefront/battlepass/progressiontracks -> 200
#1273 GET /storefront/battlepass/progressiontracks -> 200
#1274 GET /storefront/battlepass/progressiontracks -> 200
#1275 GET /storefront/battlepass/progressiontracks -> 200
#1276 GET /storefront/battlepass/progressiontracks -> 200
#1277 GET /storefront/battlepass/progressiontracks -> 200
#1278 GET /storefront/battlepass/progressiontracks -> 200
#1279 GET /storefront/battlepass/progressiontracks -> 200
#1280 GET /storefront/battlepass/progressiontracks -> 200
#1281 GET /storefront/battlepass/progressiontracks -> 200
#1282 GET /storefront/battlepass/progressiontracks -> 200
#1283 GET /storefront/battlepass/progressiontracks -> 200
#1284 GET /storefront/battlepass/progressiontracks -> 200
#1285 GET /storefront/battlepass/progressiontracks -> 200
#1286 GET /storefront/battlepass/progressiontracks -> 200
#1287 GET /storefront/battlepass/progressiontracks -> 200
#1288 GET /storefront/battlepass/progressiontracks -> 200
#1289 GET /storefront/battlepass/progressiontracks -> 200
#1290 GET /storefront/battlepass/progressiontracks -> 200
#1291 GET /storefront/battlepass/progressiontracks -> 200
#1292 GET /storefront/battlepass/progressiontracks -> 200
#1293 GET /storefront/battlepass/progressiontracks -> 200
#1294 GET /storefront/battlepass/progressiontracks -> 200
#1295 GET /storefront/battlepass/progressiontracks -> 200
#1296 GET /storefront/battlepass/progressiontracks -> 200
#1297 GET /storefront/battlepass/progressiontracks -> 200
#1298 GET /storefront/battlepass/progressiontracks -> 200
#1299 GET /storefront/battlepass/progressiontracks -> 200
#1300 GET /storefront/battlepass/progressiontracks -> 200
#1301 GET /storefront/battlepass/progressiontracks -> 200
#1302 GET /storefront/battlepass/progressiontracks -> 200
#1303 GET /storefront/battlepass/progressiontracks -> 200
#1304 GET /storefront/battlepass/progressiontracks -> 200
#1305 GET /storefront/battlepass/progressiontracks -> 200

* 17:11:41.242  WS -> /notifications/players/9b9d2c887e2524f918e383a895f2f1c2 BINARY hb (proactive 30s keepalive)
#1306 GET /storefront/battlepass/progressiontracks -> 200
#1307 GET /storefront/battlepass/progressiontracks -> 200
#1308 GET /storefront/battlepass/progressiontracks -> 200
#1309 GET /storefront/battlepass/progressiontracks -> 200
#1310 GET /storefront/battlepass/progressiontracks -> 200
#1311 GET /storefront/battlepass/progressiontracks -> 200
#1312 GET /storefront/battlepass/progressiontracks -> 200
#1313 GET /storefront/battlepass/progressiontracks -> 200
#1314 GET /storefront/battlepass/progressiontracks -> 200
#1315 GET /storefront/battlepass/progressiontracks -> 200
#1316 GET /storefront/battlepass/progressiontracks -> 200
#1317 GET /storefront/battlepass/progressiontracks -> 200
#1318 GET /storefront/battlepass/progressiontracks -> 200
#1319 GET /storefront/battlepass/progressiontracks -> 200
#1320 GET /storefront/battlepass/progressiontracks -> 200
#1321 GET /storefront/battlepass/progressiontracks -> 200
#1322 GET /storefront/battlepass/progressiontracks -> 200
#1323 GET /storefront/battlepass/progressiontracks -> 200
#1324 GET /storefront/battlepass/progressiontracks -> 200
#1325 GET /storefront/battlepass/progressiontracks -> 200
#1326 GET /storefront/battlepass/progressiontracks -> 200
#1327 GET /storefront/battlepass/progressiontracks -> 200
#1328 GET /storefront/battlepass/progressiontracks -> 200
#1329 GET /storefront/battlepass/progressiontracks -> 200
#1330 GET /storefront/battlepass/progressiontracks -> 200
#1331 GET /storefront/battlepass/progressiontracks -> 200
#1332 GET /storefront/battlepass/progressiontracks -> 200
#1333 GET /storefront/battlepass/progressiontracks -> 200
#1334 GET /storefront/battlepass/progressiontracks -> 200
#1335 GET /storefront/battlepass/progressiontracks -> 200
#1336 GET /storefront/battlepass/progressiontracks -> 200
#1337 GET /storefront/battlepass/progressiontracks -> 200
#1338 GET /storefront/battlepass/progressiontracks -> 200
#1339 GET /storefront/battlepass/progressiontracks -> 200
#1340 GET /storefront/battlepass/progressiontracks -> 200
#1341 GET /storefront/battlepass/progressiontracks -> 200
#1342 GET /storefront/battlepass/progressiontracks -> 200
#1343 GET /storefront/battlepass/progressiontracks -> 200
#1344 GET /storefront/battlepass/progressiontracks -> 200
#1345 GET /storefront/battlepass/progressiontracks -> 200
#1346 GET /storefront/battlepass/progressiontracks -> 200
#1347 GET /storefront/battlepass/progressiontracks -> 200
#1348 GET /storefront/battlepass/progressiontracks -> 200
#1349 GET /storefront/battlepass/progressiontracks -> 200
#1350 GET /storefront/battlepass/progressiontracks -> 200
#1351 GET /storefront/battlepass/progressiontracks -> 200
#1352 GET /storefront/battlepass/progressiontracks -> 200
#1353 GET /storefront/battlepass/progressiontracks -> 200
#1354 GET /storefront/battlepass/progressiontracks -> 200
#1355 GET /storefront/battlepass/progressiontracks -> 200
#1356 GET /storefront/battlepass/progressiontracks -> 200
#1357 GET /storefront/battlepass/progressiontracks -> 200
#1358 GET /storefront/battlepass/progressiontracks -> 200
#1359 GET /storefront/battlepass/progressiontracks -> 200
#1360 GET /storefront/battlepass/progressiontracks -> 200
#1361 GET /storefront/battlepass/progressiontracks -> 200
#1362 GET /storefront/battlepass/progressiontracks -> 200
#1363 GET /storefront/battlepass/progressiontracks -> 200
#1364 GET /storefront/battlepass/progressiontracks -> 200
#1365 GET /storefront/battlepass/progressiontracks -> 200
#1366 GET /storefront/battlepass/progressiontracks -> 200
#1367 GET /storefront/battlepass/progressiontracks -> 200
#1368 GET /storefront/battlepass/progressiontracks -> 200
#1369 GET /storefront/battlepass/progressiontracks -> 200
#1370 GET /storefront/battlepass/progressiontracks -> 200
#1371 GET /configuration/client -> 200
#1372 GET /storefront/battlepass/progressiontracks -> 200
#1373 GET /content-service/manifest/release2.4.live-156430-shipping -> 200
#1374 GET /storefront/battlepass/progressiontracks -> 200
#1375 GET /party/matchmaking/info -> 200
#1376 GET /mailbox/config/version -> 200
#1377 GET /storefront/battlepass/progressiontracks -> 200
#1378 GET /storefront/battlepass/progressiontracks -> 200
#1379 GET /storefront/battlepass/progressiontracks -> 200
#1380 GET /storefront/battlepass/progressiontracks -> 200

* 17:11:46.441  WS <- /lobby TEXT ""
#1381 GET /storefront/battlepass/progressiontracks -> 200
#1382 GET /storefront/battlepass/progressiontracks -> 200
#1383 POST /party/parties/party-9b9d2c887e2524f918e383a895f2f1c2/members/9b9d2c887e2524f918e383a895f2f1c2/latencies -> 200
#1384 GET /storefront/battlepass/progressiontracks -> 200
#1385 GET /storefront/battlepass/progressiontracks -> 200
#1386 GET /storefront/battlepass/progressiontracks -> 200
#1387 GET /storefront/battlepass/progressiontracks -> 200
#1388 GET /storefront/battlepass/progressiontracks -> 200
#1389 GET /storefront/battlepass/progressiontracks -> 200
#1390 GET /storefront/battlepass/progressiontracks -> 200
#1391 GET /storefront/battlepass/progressiontracks -> 200
#1392 GET /storefront/battlepass/progressiontracks -> 200
#1393 GET /storefront/battlepass/progressiontracks -> 200
#1394 GET /storefront/battlepass/progressiontracks -> 200
#1395 GET /storefront/battlepass/progressiontracks -> 200
#1396 GET /storefront/battlepass/progressiontracks -> 200
#1397 GET /storefront/battlepass/progressiontracks -> 200
#1398 GET /storefront/battlepass/progressiontracks -> 200
#1399 GET /storefront/battlepass/progressiontracks -> 200
#1400 GET /storefront/battlepass/progressiontracks -> 200
#1401 GET /storefront/battlepass/progressiontracks -> 200
#1402 GET /storefront/battlepass/progressiontracks -> 200
#1403 GET /storefront/battlepass/progressiontracks -> 200
#1404 GET /storefront/battlepass/progressiontracks -> 200
#1405 GET /storefront/battlepass/progressiontracks -> 200
#1406 GET /storefront/battlepass/progressiontracks -> 200
#1407 GET /storefront/battlepass/progressiontracks -> 200
#1408 GET /storefront/battlepass/progressiontracks -> 200
#1409 GET /storefront/battlepass/progressiontracks -> 200
#1410 GET /storefront/battlepass/progressiontracks -> 200
#1411 GET /storefront/battlepass/progressiontracks -> 200
#1412 GET /storefront/battlepass/progressiontracks -> 200
#1413 GET /storefront/battlepass/progressiontracks -> 200
#1414 GET /storefront/battlepass/progressiontracks -> 200
#1415 GET /storefront/battlepass/progressiontracks -> 200
#1416 GET /storefront/battlepass/progressiontracks -> 200
#1417 GET /storefront/battlepass/progressiontracks -> 200
#1418 GET /storefront/battlepass/progressiontracks -> 200
#1419 GET /storefront/battlepass/progressiontracks -> 200
#1420 GET /storefront/battlepass/progressiontracks -> 200
#1421 GET /storefront/battlepass/progressiontracks -> 200
#1422 GET /storefront/battlepass/progressiontracks -> 200
#1423 GET /storefront/battlepass/progressiontracks -> 200
#1424 GET /storefront/battlepass/progressiontracks -> 200
#1425 GET /storefront/battlepass/progressiontracks -> 200
#1426 GET /storefront/battlepass/progressiontracks -> 200
#1427 GET /storefront/battlepass/progressiontracks -> 200
#1428 GET /storefront/battlepass/progressiontracks -> 200
#1429 GET /storefront/battlepass/progressiontracks -> 200
#1430 GET /storefront/battlepass/progressiontracks -> 200
#1431 GET /storefront/battlepass/progressiontracks -> 200
#1432 GET /storefront/battlepass/progressiontracks -> 200
#1433 GET /storefront/battlepass/progressiontracks -> 200
#1434 GET /storefront/battlepass/progressiontracks -> 200
#1435 GET /storefront/battlepass/progressiontracks -> 200
#1436 GET /storefront/battlepass/progressiontracks -> 200
#1437 GET /storefront/battlepass/progressiontracks -> 200
#1438 GET /storefront/battlepass/progressiontracks -> 200
#1439 GET /storefront/battlepass/progressiontracks -> 200
#1440 GET /storefront/battlepass/progressiontracks -> 200
#1441 GET /storefront/battlepass/progressiontracks -> 200
#1442 GET /storefront/battlepass/progressiontracks -> 200
#1443 GET /storefront/battlepass/progressiontracks -> 200
#1444 GET /storefront/battlepass/progressiontracks -> 200
#1445 GET /storefront/battlepass/progressiontracks -> 200
#1446 GET /storefront/battlepass/progressiontracks -> 200
#1447 GET /storefront/battlepass/progressiontracks -> 200
#1448 GET /storefront/battlepass/progressiontracks -> 200
#1449 GET /storefront/battlepass/progressiontracks -> 200
#1450 GET /storefront/battlepass/progressiontracks -> 200
#1451 GET /storefront/battlepass/progressiontracks -> 200
#1452 GET /storefront/battlepass/progressiontracks -> 200
#1453 GET /storefront/battlepass/progressiontracks -> 200
#1454 GET /storefront/battlepass/progressiontracks -> 200
#1455 GET /storefront/battlepass/progressiontracks -> 200
#1456 GET /storefront/battlepass/progressiontracks -> 200
#1457 GET /storefront/battlepass/progressiontracks -> 200
#1458 GET /storefront/battlepass/progressiontracks -> 200
#1459 GET /storefront/battlepass/progressiontracks -> 200
#1460 GET /storefront/battlepass/progressiontracks -> 200
#1461 GET /storefront/battlepass/progressiontracks -> 200
#1462 GET /storefront/battlepass/progressiontracks -> 200
#1463 GET /storefront/battlepass/progressiontracks -> 200
#1464 GET /storefront/battlepass/progressiontracks -> 200
#1465 GET /storefront/battlepass/progressiontracks -> 200
#1466 GET /storefront/battlepass/progressiontracks -> 200
#1467 GET /storefront/battlepass/progressiontracks -> 200
#1468 GET /storefront/battlepass/progressiontracks -> 200
#1469 GET /storefront/battlepass/progressiontracks -> 200
#1470 GET /storefront/battlepass/progressiontracks -> 200
#1471 GET /storefront/battlepass/progressiontracks -> 200
#1472 GET /storefront/battlepass/progressiontracks -> 200
#1473 GET /storefront/battlepass/progressiontracks -> 200
#1474 GET /storefront/battlepass/progressiontracks -> 200
#1475 GET /storefront/battlepass/progressiontracks -> 200
#1476 GET /storefront/battlepass/progressiontracks -> 200
#1477 GET /storefront/battlepass/progressiontracks -> 200
#1478 GET /storefront/battlepass/progressiontracks -> 200
#1479 GET /storefront/battlepass/progressiontracks -> 200
#1480 GET /storefront/battlepass/progressiontracks -> 200
#1481 GET /storefront/battlepass/progressiontracks -> 200
#1482 GET /storefront/battlepass/progressiontracks -> 200
#1483 GET /storefront/battlepass/progressiontracks -> 200
#1484 GET /storefront/battlepass/progressiontracks -> 200
#1485 GET /party/players/9b9d2c887e2524f918e383a895f2f1c2/voice -> 200
#1486 GET /storefront/battlepass/progressiontracks -> 200
#1487 GET /storefront/battlepass/progressiontracks -> 200
#1488 GET /storefront/battlepass/progressiontracks -> 200
#1489 GET /storefront/battlepass/progressiontracks -> 200
#1490 GET /storefront/battlepass/progressiontracks -> 200
#1491 GET /storefront/battlepass/progressiontracks -> 200
#1492 GET /storefront/battlepass/progressiontracks -> 200
#1493 GET /storefront/battlepass/progressiontracks -> 200
#1494 GET /storefront/battlepass/progressiontracks -> 200
#1495 GET /storefront/battlepass/progressiontracks -> 200
#1496 GET /storefront/battlepass/progressiontracks -> 200
#1497 GET /storefront/battlepass/progressiontracks -> 200
#1498 GET /storefront/battlepass/progressiontracks -> 200
#1499 GET /storefront/battlepass/progressiontracks -> 200
#1500 GET /storefront/battlepass/progressiontracks -> 200
#1501 GET /storefront/battlepass/progressiontracks -> 200
#1502 GET /storefront/battlepass/progressiontracks -> 200
#1503 GET /storefront/battlepass/progressiontracks -> 200
#1504 GET /storefront/battlepass/progressiontracks -> 200
#1505 GET /storefront/battlepass/progressiontracks -> 200
#1506 GET /storefront/battlepass/progressiontracks -> 200
#1507 GET /storefront/battlepass/progressiontracks -> 200
#1508 GET /storefront/battlepass/progressiontracks -> 200
#1509 GET /storefront/battlepass/progressiontracks -> 200
#1510 GET /storefront/battlepass/progressiontracks -> 200
#1511 GET /storefront/battlepass/progressiontracks -> 200
#1512 GET /storefront/battlepass/progressiontracks -> 200
#1513 GET /storefront/battlepass/progressiontracks -> 200
[auto] SETTLE PASSED up=127s ui=2 lob=11
#1514 POST /party/parties/party-9b9d2c887e2524f918e383a895f2f1c2/joinQueue -> 200
[auto] joinQueue -> 200
#1515 GET /storefront/battlepass/progressiontracks -> 200
#1516 GET /core-game/players/9b9d2c887e2524f918e383a895f2f1c2 -> 200
#1517 GET /storefront/battlepass/progressiontracks -> 200
#1518 GET /storefront/battlepass/progressiontracks -> 200
#1519 GET /storefront/battlepass/progressiontracks -> 200
#1520 GET /storefront/battlepass/progressiontracks -> 200
#1521 GET /storefront/battlepass/progressiontracks -> 200
#1522 GET /storefront/battlepass/progressiontracks -> 200
#1523 GET /storefront/battlepass/progressiontracks -> 200
#1524 GET /storefront/battlepass/progressiontracks -> 200
#1525 GET /storefront/battlepass/progressiontracks -> 200
#1526 GET /storefront/battlepass/progressiontracks -> 200
#1527 GET /storefront/battlepass/progressiontracks -> 200
#1528 GET /storefront/battlepass/progressiontracks -> 200
#1529 GET /storefront/battlepass/progressiontracks -> 200
#1530 GET /storefront/battlepass/progressiontracks -> 200
#1531 GET /storefront/battlepass/progressiontracks -> 200
#1532 GET /storefront/battlepass/progressiontracks -> 200
#1533 GET /storefront/battlepass/progressiontracks -> 200
#1534 GET /storefront/battlepass/progressiontracks -> 200
#1535 GET /storefront/battlepass/progressiontracks -> 200
#1536 GET /storefront/battlepass/progressiontracks -> 200
#1537 GET /storefront/battlepass/progressiontracks -> 200
#1538 GET /storefront/battlepass/progressiontracks -> 200
#1539 GET /storefront/battlepass/progressiontracks -> 200
#1540 GET /storefront/battlepass/progressiontracks -> 200
#1541 GET /storefront/battlepass/progressiontracks -> 200
#1542 GET /storefront/battlepass/progressiontracks -> 200
#1543 GET /storefront/battlepass/progressiontracks -> 200
#1544 GET /storefront/battlepass/progressiontracks -> 200
#1545 GET /storefront/battlepass/progressiontracks -> 200
#1546 GET /storefront/battlepass/progressiontracks -> 200
#1547 GET /storefront/battlepass/progressiontracks -> 200
#1548 GET /storefront/battlepass/progressiontracks -> 200
#1549 GET /storefront/battlepass/progressiontracks -> 200
#1550 GET /storefront/battlepass/progressiontracks -> 200
#1551 GET /storefront/battlepass/progressiontracks -> 200
#1552 GET /storefront/battlepass/progressiontracks -> 200
#1553 GET /storefront/battlepass/progressiontracks -> 200
#1554 GET /storefront/battlepass/progressiontracks -> 200
#1555 GET /storefront/battlepass/progressiontracks -> 200
#1556 GET /storefront/battlepass/progressiontracks -> 200
#1557 GET /storefront/battlepass/progressiontracks -> 200
#1558 GET /storefront/battlepass/progressiontracks -> 200
#1559 GET /storefront/battlepass/progressiontracks -> 200
#1560 GET /storefront/battlepass/progressiontracks -> 200
#1561 GET /storefront/battlepass/progressiontracks -> 200
#1562 GET /storefront/battlepass/progressiontracks -> 200
#1563 GET /storefront/battlepass/progressiontracks -> 200
#1564 GET /storefront/battlepass/progressiontracks -> 200
#1565 GET /storefront/battlepass/progressiontracks -> 200
#1566 GET /storefront/battlepass/progressiontracks -> 200
#1567 GET /storefront/battlepass/progressiontracks -> 200
#1568 GET /storefront/battlepass/progressiontracks -> 200
#1569 GET /storefront/battlepass/progressiontracks -> 200
#1570 GET /storefront/battlepass/progressiontracks -> 200
#1571 GET /storefront/battlepass/progressiontracks -> 200
#1572 GET /storefront/battlepass/progressiontracks -> 200
#1573 GET /storefront/battlepass/progressiontracks -> 200
#1574 GET /storefront/battlepass/progressiontracks -> 200
#1575 GET /core-game/players/9b9d2c887e2524f918e383a895f2f1c2 -> 200
#1576 GET /storefront/battlepass/progressiontracks -> 200
#1577 GET /storefront/battlepass/progressiontracks -> 200
#1578 GET /storefront/battlepass/progressiontracks -> 200
#1579 GET /storefront/battlepass/progressiontracks -> 200
#1580 GET /storefront/battlepass/progressiontracks -> 200
#1581 GET /storefront/battlepass/progressiontracks -> 200
#1582 GET /storefront/battlepass/progressiontracks -> 200
#1583 GET /storefront/battlepass/progressiontracks -> 200
#1584 GET /storefront/battlepass/progressiontracks -> 200
#1585 GET /storefront/battlepass/progressiontracks -> 200
#1586 GET /storefront/battlepass/progressiontracks -> 200
#1587 GET /storefront/battlepass/progressiontracks -> 200
#1588 GET /storefront/battlepass/progressiontracks -> 200
#1589 GET /storefront/battlepass/progressiontracks -> 200
#1590 GET /storefront/battlepass/progressiontracks -> 200
#1591 GET /storefront/battlepass/progressiontracks -> 200
#1592 GET /storefront/battlepass/progressiontracks -> 200
#1593 GET /storefront/battlepass/progressiontracks -> 200
#1594 GET /storefront/battlepass/progressiontracks -> 200
#1595 GET /storefront/battlepass/progressiontracks -> 200
#1596 GET /storefront/battlepass/progressiontracks -> 200
#1597 GET /storefront/battlepass/progressiontracks -> 200
#1598 GET /storefront/battlepass/progressiontracks -> 200
#1599 GET /storefront/battlepass/progressiontracks -> 200
#1600 GET /storefront/battlepass/progressiontracks -> 200
#1601 GET /storefront/battlepass/progressiontracks -> 200
#1602 GET /storefront/battlepass/progressiontracks -> 200
#1603 GET /storefront/battlepass/progressiontracks -> 200
#1604 GET /storefront/battlepass/progressiontracks -> 200
#1605 GET /storefront/battlepass/progressiontracks -> 200
#1606 GET /storefront/battlepass/progressiontracks -> 200
#1607 GET /storefront/battlepass/progressiontracks -> 200
#1608 GET /storefront/battlepass/progressiontracks -> 200
#1609 GET /storefront/battlepass/progressiontracks -> 200
#1610 GET /storefront/battlepass/progressiontracks -> 200
#1611 GET /storefront/battlepass/progressiontracks -> 200
#1612 GET /storefront/battlepass/progressiontracks -> 200
#1613 GET /storefront/battlepass/progressiontracks -> 200
#1614 GET /storefront/battlepass/progressiontracks -> 200
#1615 GET /storefront/battlepass/progressiontracks -> 200
#1616 GET /storefront/battlepass/progressiontracks -> 200
#1617 GET /storefront/battlepass/progressiontracks -> 200
#1618 GET /storefront/battlepass/progressiontracks -> 200
#1619 GET /storefront/battlepass/progressiontracks -> 200
#1620 GET /storefront/battlepass/progressiontracks -> 200
#1621 GET /storefront/battlepass/progressiontracks -> 200
#1622 GET /storefront/battlepass/progressiontracks -> 200
#1623 GET /storefront/battlepass/progressiontracks -> 200
#1624 GET /storefront/battlepass/progressiontracks -> 200
#1625 GET /storefront/battlepass/progressiontracks -> 200
#1626 GET /storefront/battlepass/progressiontracks -> 200
#1627 GET /storefront/battlepass/progressiontracks -> 200
#1628 GET /storefront/battlepass/progressiontracks -> 200
#1629 GET /storefront/battlepass/progressiontracks -> 200

* 17:12:03.463  WS NOTIFY[armqueue] -> /core-game/players/9b9d2c887e2524f918e383a895f2f1c2 {"Resource":"/core-game/players/9b9d2c887e2524f918e383a895f2f1c2","Version":1787523123,"Payload":""}
#1630 GET /storefront/battlepass/progressiontracks -> 200
#1631 GET /core-game/players/9b9d2c887e2524f918e383a895f2f1c2 -> 200
#1632 GET /storefront/battlepass/progressiontracks -> 200
#1633 GET /core-game/matches/match-9b9d2c887e2524f918e383a895f2f1c2 -> 200
#1634 GET /storefront/battlepass/progressiontracks -> 200
#1635 GET /storefront/battlepass/progressiontracks -> 200
#1636 GET /storefront/battlepass/progressiontracks -> 200
#1637 GET /core-game/players/9b9d2c887e2524f918e383a895f2f1c2 -> 200
[auto] ARMED MatchID=match-9b9d2c887e2524f918e383a895f2f1c2
[auto] staging (gft -> fo -> sp)...
[stage] pre-flight: is ags serving an armed match?
#1638 GET /storefront/battlepass/progressiontracks -> 200
#1639 GET /revival/admin/state -> 200
#1640 GET /core-game/players/9b9d2c887e2524f918e383a895f2f1c2 -> 200
[stage]   /core-game/players -> MatchID='match-9b9d2c887e2524f918e383a895f2f1c2' Version=1787523123
[stage] waiting for game process...
#1641 GET /storefront/battlepass/progressiontracks -> 200
[stage] game process -> OK (0s)
[stage] game PID=44332 started=08/23/2026 17:09:48
[stage] parked match model (uiready + match fetched + uptime) -> OK (0s)
[stage] uptime=135s
[stage] >>> inject gft
[stage]     Manual-mapping G:\git\Supervive Revival Project\tools\sigbypass-mod\gft_ready_fix.dll into PID 44332
[stage]       remote image base: 0x1F37CCE0000 (size 0x25000)
[stage]       relocations applied (delta 0x1F1FCCE0000)
[stage]       import: KERNEL32.dll
[stage]       exception table: 0x17D entries at 0x1F37CD02000 (will RtlAddFunctionTable)
[stage]       DllMain remote-thread exit: 0x1 (DllMain returned BOOL; nonzero = OK)

* 17:12:03.994  WS <- /lobby TEXT "type: setUserStatusRequest\nid: presence-8112\navailability: online\nactivity: eyJhIjoiSW5NYXRjaCIsImNWIjoicmVsZWFzZTIuNC5saXZlLTE1NjQzMC1zaGlwcGluZyIsInBJZCI6InBhcnR5LTliOWQyYzg4N2UyNTI0ZjkxOGUzODNhODk1ZjJmMWMyIiwicFFzIjpbImJvdHMiXSwicE8iOjAsInBTIjoxLCJtUFMiOjMsInJrIjoxMiwicmtQIjoxODUwLCJyIjpbeyJxIjoidHV0b3JpYWxOZXciLCJyayI6MTIsInJrUCI6MTg1MH1dLCJhdklkIjoiU2xvdENvc21ldGljczpBVkFUQVJfQWxjaGVtaXN0SE0iLCJ0IjpbXSwiZHNJZCI6IiJ9\n"
[stage]       verify: MZ at 0x1F37CCE0000 ✓
[stage]     OK: manual-map complete (DllMain returned).

* 17:12:04.013  WS -> /lobby TEXT "type: setUserStatusResponse\nid: presence-8112\ncode: 0"
#1642 GET /storefront/battlepass/progressiontracks -> 200
#1643 GET /storefront/battlepass/progressiontracks -> 200
#1644 GET /storefront/battlepass/progressiontracks -> 200
#1645 GET /storefront/battlepass/progressiontracks -> 200
#1646 GET /storefront/battlepass/progressiontracks -> 200
#1647 GET /storefront/battlepass/progressiontracks -> 200
#1648 GET /storefront/battlepass/progressiontracks -> 200
#1649 GET /storefront/battlepass/progressiontracks -> 200
#1650 GET /storefront/battlepass/progressiontracks -> 200
#1651 GET /storefront/battlepass/progressiontracks -> 200
#1652 GET /storefront/battlepass/progressiontracks -> 200
#1653 GET /storefront/battlepass/progressiontracks -> 200
#1654 GET /storefront/battlepass/progressiontracks -> 200
#1655 GET /storefront/battlepass/progressiontracks -> 200
#1656 GET /storefront/battlepass/progressiontracks -> 200
#1657 GET /storefront/battlepass/progressiontracks -> 200
#1658 GET /storefront/battlepass/progressiontracks -> 200
#1659 GET /storefront/battlepass/progressiontracks -> 200
#1660 GET /storefront/battlepass/progressiontracks -> 200
#1661 GET /storefront/battlepass/progressiontracks -> 200
#1662 GET /storefront/battlepass/progressiontracks -> 200
#1663 GET /storefront/battlepass/progressiontracks -> 200
#1664 GET /storefront/battlepass/progressiontracks -> 200
#1665 GET /storefront/battlepass/progressiontracks -> 200
#1666 GET /storefront/battlepass/progressiontracks -> 200
#1667 GET /storefront/battlepass/progressiontracks -> 200
#1668 GET /storefront/battlepass/progressiontracks -> 200
#1669 GET /storefront/battlepass/progressiontracks -> 200
#1670 GET /storefront/battlepass/progressiontracks -> 200
#1671 GET /storefront/battlepass/progressiontracks -> 200
[stage]     marker -> fk24-stage-s139f1-a2-1-gft.txt
#1672 GET /storefront/battlepass/progressiontracks -> 200
#1673 GET /storefront/battlepass/progressiontracks -> 200

* 17:12:06.171  WS <- /notifications/players/9b9d2c887e2524f918e383a895f2f1c2 BINARY (2 bytes) 6862

* 17:12:06.218  WS -> /notifications/players/9b9d2c887e2524f918e383a895f2f1c2 TEXT hb reply {"Resource":"hb","Version":0,"Payload":""}
#1674 GET /storefront/battlepass/progressiontracks -> 200
#1675 GET /storefront/battlepass/progressiontracks -> 200
#1676 GET /storefront/battlepass/progressiontracks -> 200
#1677 GET /storefront/battlepass/progressiontracks -> 200
#1678 GET /storefront/battlepass/progressiontracks -> 200
#1679 GET /storefront/battlepass/progressiontracks -> 200
#1680 GET /storefront/battlepass/progressiontracks -> 200
#1681 GET /storefront/battlepass/progressiontracks -> 200
#1682 GET /storefront/battlepass/progressiontracks -> 200
#1683 GET /storefront/battlepass/progressiontracks -> 200
#1684 GET /storefront/battlepass/progressiontracks -> 200
#1685 GET /storefront/battlepass/progressiontracks -> 200
#1686 GET /storefront/battlepass/progressiontracks -> 200
#1687 GET /storefront/battlepass/progressiontracks -> 200
#1688 GET /storefront/battlepass/progressiontracks -> 200
#1689 GET /storefront/battlepass/progressiontracks -> 200
#1690 GET /storefront/battlepass/progressiontracks -> 200
#1691 GET /storefront/battlepass/progressiontracks -> 200
#1692 GET /storefront/battlepass/progressiontracks -> 200
#1693 GET /storefront/battlepass/progressiontracks -> 200
#1694 GET /storefront/battlepass/progressiontracks -> 200
#1695 GET /storefront/battlepass/progressiontracks -> 200
#1696 GET /storefront/battlepass/progressiontracks -> 200
#1697 GET /storefront/battlepass/progressiontracks -> 200
#1698 GET /storefront/battlepass/progressiontracks -> 200
#1699 GET /storefront/battlepass/progressiontracks -> 200
#1700 GET /storefront/battlepass/progressiontracks -> 200
#1701 GET /storefront/battlepass/progressiontracks -> 200
#1702 GET /storefront/battlepass/progressiontracks -> 200
#1703 GET /storefront/battlepass/progressiontracks -> 200
#1704 GET /storefront/battlepass/progressiontracks -> 200
#1705 GET /storefront/battlepass/progressiontracks -> 200
#1706 GET /storefront/battlepass/progressiontracks -> 200
#1707 GET /storefront/battlepass/progressiontracks -> 200
#1708 GET /storefront/battlepass/progressiontracks -> 200
#1709 GET /storefront/battlepass/progressiontracks -> 200
#1710 GET /storefront/battlepass/progressiontracks -> 200
#1711 GET /storefront/battlepass/progressiontracks -> 200
#1712 GET /storefront/battlepass/progressiontracks -> 200
#1713 GET /storefront/battlepass/progressiontracks -> 200
#1714 GET /storefront/battlepass/progressiontracks -> 200
#1715 GET /storefront/battlepass/progressiontracks -> 200
#1716 GET /storefront/battlepass/progressiontracks -> 200
#1717 GET /storefront/battlepass/progressiontracks -> 200
#1718 GET /storefront/battlepass/progressiontracks -> 200
[stage] force-open DLL: tutorial_launch_fo.dll
[stage]     spacing: 5s since last inject, waiting 15s more (min gap 20s)
#1719 GET /storefront/battlepass/progressiontracks -> 200
#1720 GET /storefront/battlepass/progressiontracks -> 200
#1721 GET /storefront/battlepass/progressiontracks -> 200
#1722 GET /storefront/battlepass/progressiontracks -> 200
#1723 GET /storefront/battlepass/progressiontracks -> 200
#1724 GET /storefront/battlepass/progressiontracks -> 200
#1725 GET /storefront/battlepass/progressiontracks -> 200
#1726 GET /storefront/battlepass/progressiontracks -> 200
#1727 GET /storefront/battlepass/progressiontracks -> 200
#1728 GET /storefront/battlepass/progressiontracks -> 200
#1729 GET /storefront/battlepass/progressiontracks -> 200
#1730 GET /storefront/battlepass/progressiontracks -> 200
#1731 GET /storefront/battlepass/progressiontracks -> 200
#1732 GET /storefront/battlepass/progressiontracks -> 200
#1733 GET /storefront/battlepass/progressiontracks -> 200
#1734 GET /storefront/battlepass/progressiontracks -> 200
#1735 GET /storefront/battlepass/progressiontracks -> 200
#1736 GET /storefront/battlepass/progressiontracks -> 200
#1737 GET /storefront/battlepass/progressiontracks -> 200
#1738 GET /storefront/battlepass/progressiontracks -> 200
#1739 GET /storefront/battlepass/progressiontracks -> 200
#1740 GET /storefront/battlepass/progressiontracks -> 200
#1741 GET /storefront/battlepass/progressiontracks -> 200
#1742 GET /storefront/battlepass/progressiontracks -> 200
#1743 GET /storefront/battlepass/progressiontracks -> 200
#1744 GET /storefront/battlepass/progressiontracks -> 200
#1745 GET /storefront/battlepass/progressiontracks -> 200
#1746 GET /storefront/battlepass/progressiontracks -> 200
#1747 GET /storefront/battlepass/progressiontracks -> 200
#1748 GET /storefront/battlepass/progressiontracks -> 200
#1749 GET /storefront/battlepass/progressiontracks -> 200
#1750 GET /storefront/battlepass/progressiontracks -> 200
#1751 GET /storefront/battlepass/progressiontracks -> 200
#1752 GET /storefront/battlepass/progressiontracks -> 200
#1753 GET /storefront/battlepass/progressiontracks -> 200
#1754 POST /game-telemetry/v1/protected/events -> 200
#1755 GET /storefront/battlepass/progressiontracks -> 200
#1756 GET /storefront/battlepass/progressiontracks -> 200
#1757 GET /storefront/battlepass/progressiontracks -> 200
#1758 GET /storefront/battlepass/progressiontracks -> 200
#1759 GET /storefront/battlepass/progressiontracks -> 200
#1760 GET /storefront/battlepass/progressiontracks -> 200
#1761 GET /storefront/battlepass/progressiontracks -> 200
#1762 GET /storefront/battlepass/progressiontracks -> 200
#1763 GET /storefront/battlepass/progressiontracks -> 200
#1764 GET /storefront/battlepass/progressiontracks -> 200
#1765 GET /storefront/battlepass/progressiontracks -> 200
#1766 GET /storefront/battlepass/progressiontracks -> 200
#1767 GET /storefront/battlepass/progressiontracks -> 200
#1768 GET /storefront/battlepass/progressiontracks -> 200
#1769 GET /storefront/battlepass/progressiontracks -> 200
#1770 GET /storefront/battlepass/progressiontracks -> 200
#1771 GET /storefront/battlepass/progressiontracks -> 200
#1772 GET /storefront/battlepass/progressiontracks -> 200
#1773 GET /storefront/battlepass/progressiontracks -> 200
#1774 GET /storefront/battlepass/progressiontracks -> 200
#1775 GET /storefront/battlepass/progressiontracks -> 200
#1776 GET /storefront/battlepass/progressiontracks -> 200
#1777 GET /storefront/battlepass/progressiontracks -> 200
#1778 GET /storefront/battlepass/progressiontracks -> 200
#1779 GET /storefront/battlepass/progressiontracks -> 200
#1780 GET /storefront/battlepass/progressiontracks -> 200
#1781 GET /storefront/battlepass/progressiontracks -> 200
#1782 GET /storefront/battlepass/progressiontracks -> 200
#1783 GET /storefront/battlepass/progressiontracks -> 200
#1784 GET /storefront/battlepass/progressiontracks -> 200
#1785 GET /storefront/battlepass/progressiontracks -> 200
#1786 GET /storefront/battlepass/progressiontracks -> 200
#1787 GET /storefront/battlepass/progressiontracks -> 200
#1788 GET /storefront/battlepass/progressiontracks -> 200
#1789 GET /storefront/battlepass/progressiontracks -> 200
#1790 GET /storefront/battlepass/progressiontracks -> 200
#1791 GET /storefront/battlepass/progressiontracks -> 200
#1792 GET /storefront/battlepass/progressiontracks -> 200
#1793 GET /storefront/battlepass/progressiontracks -> 200
#1794 GET /storefront/battlepass/progressiontracks -> 200
#1795 GET /storefront/battlepass/progressiontracks -> 200
#1796 GET /storefront/battlepass/progressiontracks -> 200
#1797 GET /storefront/battlepass/progressiontracks -> 200
#1798 GET /storefront/battlepass/progressiontracks -> 200
#1799 GET /storefront/battlepass/progressiontracks -> 200
#1800 GET /storefront/battlepass/progressiontracks -> 200
#1801 GET /storefront/battlepass/progressiontracks -> 200
#1802 GET /storefront/battlepass/progressiontracks -> 200
#1803 GET /storefront/battlepass/progressiontracks -> 200
#1804 GET /storefront/battlepass/progressiontracks -> 200
#1805 GET /storefront/battlepass/progressiontracks -> 200
#1806 GET /storefront/battlepass/progressiontracks -> 200
#1807 GET /storefront/battlepass/progressiontracks -> 200
#1808 GET /storefront/battlepass/progressiontracks -> 200
#1809 GET /storefront/battlepass/progressiontracks -> 200
#1810 GET /storefront/battlepass/progressiontracks -> 200
#1811 GET /storefront/battlepass/progressiontracks -> 200
#1812 GET /storefront/battlepass/progressiontracks -> 200
#1813 GET /storefront/battlepass/progressiontracks -> 200
#1814 GET /storefront/battlepass/progressiontracks -> 200
#1815 GET /storefront/battlepass/progressiontracks -> 200
#1816 GET /storefront/battlepass/progressiontracks -> 200
#1817 GET /storefront/battlepass/progressiontracks -> 200
#1818 GET /storefront/battlepass/progressiontracks -> 200
#1819 GET /storefront/battlepass/progressiontracks -> 200
#1820 GET /storefront/battlepass/progressiontracks -> 200
#1821 GET /storefront/battlepass/progressiontracks -> 200
#1822 GET /storefront/battlepass/progressiontracks -> 200
#1823 GET /storefront/battlepass/progressiontracks -> 200
#1824 GET /storefront/battlepass/progressiontracks -> 200
#1825 GET /storefront/battlepass/progressiontracks -> 200
#1826 GET /storefront/battlepass/progressiontracks -> 200
#1827 GET /storefront/battlepass/progressiontracks -> 200
#1828 GET /storefront/battlepass/progressiontracks -> 200
#1829 GET /storefront/battlepass/progressiontracks -> 200
#1830 GET /storefront/battlepass/progressiontracks -> 200
#1831 GET /storefront/battlepass/progressiontracks -> 200
#1832 GET /storefront/battlepass/progressiontracks -> 200
#1833 GET /storefront/battlepass/progressiontracks -> 200
#1834 GET /storefront/battlepass/progressiontracks -> 200
#1835 GET /storefront/battlepass/progressiontracks -> 200
#1836 GET /configuration/client -> 200
#1837 GET /storefront/battlepass/progressiontracks -> 200
#1838 GET /content-service/manifest/release2.4.live-156430-shipping -> 200
#1839 GET /storefront/battlepass/progressiontracks -> 200
#1840 GET /core-game/regions -> 200
#1841 GET /party/matchmaking/info -> 200
#1842 GET /storefront/battlepass/progressiontracks -> 200
#1843 GET /storefront/battlepass/progressiontracks -> 200
#1844 GET /storefront/battlepass/progressiontracks -> 200
#1845 GET /storefront/battlepass/progressiontracks -> 200

* 17:12:16.470  WS <- /lobby TEXT ""
#1846 GET /storefront/battlepass/progressiontracks -> 200
#1847 POST /party/parties/party-9b9d2c887e2524f918e383a895f2f1c2/members/9b9d2c887e2524f918e383a895f2f1c2/latencies -> 200
#1848 GET /storefront/battlepass/progressiontracks -> 200
#1849 GET /storefront/battlepass/progressiontracks -> 200
#1850 GET /storefront/battlepass/progressiontracks -> 200
#1851 GET /storefront/battlepass/progressiontracks -> 200
#1852 GET /storefront/battlepass/progressiontracks -> 200
#1853 GET /storefront/battlepass/progressiontracks -> 200
#1854 GET /storefront/battlepass/progressiontracks -> 200
#1855 GET /storefront/battlepass/progressiontracks -> 200
#1856 GET /storefront/battlepass/progressiontracks -> 200
#1857 GET /storefront/battlepass/progressiontracks -> 200
#1858 GET /storefront/battlepass/progressiontracks -> 200
#1859 GET /storefront/battlepass/progressiontracks -> 200
#1860 GET /storefront/battlepass/progressiontracks -> 200
#1861 GET /storefront/battlepass/progressiontracks -> 200
#1862 GET /storefront/battlepass/progressiontracks -> 200
#1863 GET /storefront/battlepass/progressiontracks -> 200
#1864 GET /storefront/battlepass/progressiontracks -> 200
#1865 GET /storefront/battlepass/progressiontracks -> 200
#1866 GET /storefront/battlepass/progressiontracks -> 200
#1867 GET /storefront/battlepass/progressiontracks -> 200
#1868 GET /storefront/battlepass/progressiontracks -> 200
#1869 GET /party/players/9b9d2c887e2524f918e383a895f2f1c2/voice -> 200
#1870 GET /storefront/battlepass/progressiontracks -> 200
#1871 GET /storefront/battlepass/progressiontracks -> 200
#1872 GET /storefront/battlepass/progressiontracks -> 200
#1873 GET /storefront/battlepass/progressiontracks -> 200
#1874 GET /storefront/battlepass/progressiontracks -> 200
#1875 GET /storefront/battlepass/progressiontracks -> 200
#1876 GET /storefront/battlepass/progressiontracks -> 200
#1877 GET /storefront/battlepass/progressiontracks -> 200
#1878 GET /storefront/battlepass/progressiontracks -> 200
#1879 GET /storefront/battlepass/progressiontracks -> 200
#1880 GET /storefront/battlepass/progressiontracks -> 200
#1881 GET /storefront/battlepass/progressiontracks -> 200
#1882 GET /storefront/battlepass/progressiontracks -> 200
#1883 GET /storefront/battlepass/progressiontracks -> 200
#1884 GET /storefront/battlepass/progressiontracks -> 200
#1885 GET /storefront/battlepass/progressiontracks -> 200
#1886 GET /storefront/battlepass/progressiontracks -> 200
#1887 GET /storefront/battlepass/progressiontracks -> 200
#1888 GET /storefront/battlepass/progressiontracks -> 200
#1889 GET /storefront/battlepass/progressiontracks -> 200
#1890 GET /storefront/battlepass/progressiontracks -> 200
#1891 GET /storefront/battlepass/progressiontracks -> 200
#1892 GET /storefront/battlepass/progressiontracks -> 200
#1893 GET /storefront/battlepass/progressiontracks -> 200
#1894 GET /storefront/battlepass/progressiontracks -> 200
#1895 GET /storefront/battlepass/progressiontracks -> 200
#1896 GET /storefront/battlepass/progressiontracks -> 200
#1897 GET /storefront/battlepass/progressiontracks -> 200
#1898 GET /storefront/battlepass/progressiontracks -> 200
#1899 GET /storefront/battlepass/progressiontracks -> 200
#1900 GET /storefront/battlepass/progressiontracks -> 200
#1901 GET /storefront/battlepass/progressiontracks -> 200
#1902 GET /storefront/battlepass/progressiontracks -> 200
#1903 GET /storefront/battlepass/progressiontracks -> 200
#1904 GET /storefront/battlepass/progressiontracks -> 200
#1905 GET /storefront/battlepass/progressiontracks -> 200
#1906 GET /storefront/battlepass/progressiontracks -> 200
#1907 GET /storefront/battlepass/progressiontracks -> 200
#1908 GET /storefront/battlepass/progressiontracks -> 200
#1909 GET /storefront/battlepass/progressiontracks -> 200
#1910 GET /storefront/battlepass/progressiontracks -> 200
#1911 GET /storefront/battlepass/progressiontracks -> 200
#1912 GET /storefront/battlepass/progressiontracks -> 200
#1913 GET /storefront/battlepass/progressiontracks -> 200
#1914 GET /storefront/battlepass/progressiontracks -> 200
#1915 GET /storefront/battlepass/progressiontracks -> 200
#1916 GET /storefront/battlepass/progressiontracks -> 200
#1917 GET /storefront/battlepass/progressiontracks -> 200
#1918 GET /storefront/battlepass/progressiontracks -> 200
#1919 GET /storefront/battlepass/progressiontracks -> 200
#1920 GET /storefront/battlepass/progressiontracks -> 200
#1921 GET /storefront/battlepass/progressiontracks -> 200
#1922 GET /storefront/battlepass/progressiontracks -> 200
#1923 GET /storefront/battlepass/progressiontracks -> 200
#1924 GET /storefront/battlepass/progressiontracks -> 200
#1925 GET /storefront/battlepass/progressiontracks -> 200
#1926 GET /storefront/battlepass/progressiontracks -> 200
#1927 GET /storefront/battlepass/progressiontracks -> 200
#1928 GET /storefront/battlepass/progressiontracks -> 200
#1929 GET /storefront/battlepass/progressiontracks -> 200
#1930 GET /storefront/battlepass/progressiontracks -> 200
#1931 GET /storefront/battlepass/progressiontracks -> 200
#1932 GET /storefront/battlepass/progressiontracks -> 200
#1933 GET /storefront/battlepass/progressiontracks -> 200
#1934 GET /storefront/battlepass/progressiontracks -> 200
#1935 GET /storefront/battlepass/progressiontracks -> 200
#1936 GET /storefront/battlepass/progressiontracks -> 200
#1937 GET /storefront/battlepass/progressiontracks -> 200
#1938 GET /storefront/battlepass/progressiontracks -> 200
#1939 GET /storefront/battlepass/progressiontracks -> 200
#1940 GET /storefront/battlepass/progressiontracks -> 200
#1941 GET /storefront/battlepass/progressiontracks -> 200
#1942 GET /storefront/battlepass/progressiontracks -> 200
#1943 GET /storefront/battlepass/progressiontracks -> 200
#1944 GET /storefront/battlepass/progressiontracks -> 200
#1945 GET /storefront/battlepass/progressiontracks -> 200
#1946 GET /storefront/battlepass/progressiontracks -> 200
#1947 GET /storefront/battlepass/progressiontracks -> 200
#1948 GET /storefront/battlepass/progressiontracks -> 200
#1949 GET /storefront/battlepass/progressiontracks -> 200
[stage] WARNING - STALE DEPLOYED SHIM: tutorial_launch_fo.dll
           deployed .text fa184b20934cc4b0
           build\   .text e364680f864d19e9
           build.ps1 wrote a newer binary than the one about to be injected.
[stage]            (-AllowStale given; injecting the deployed copy anyway)
[stage] >>> inject fo
[stage]     Manual-mapping G:\git\Supervive Revival Project\tools\sigbypass-mod\tutorial_launch_fo.dll into PID 44332
[stage]       remote image base: 0x1F2DE6F0000 (size 0x2C000)
#1950 GET /storefront/battlepass/progressiontracks -> 200
[stage]       relocations applied (delta 0x1F15E6F0000)
[stage]       import: KERNEL32.dll
[stage]       exception table: 0x196 entries at 0x1F2DE719000 (will RtlAddFunctionTable)
[stage]       DllMain remote-thread exit: 0x1 (DllMain returned BOOL; nonzero = OK)
[stage]       verify: MZ at 0x1F2DE6F0000 ✓
[stage]     OK: manual-map complete (DllMain returned).
#1951 GET /storefront/battlepass/progressiontracks -> 200
#1952 GET /storefront/battlepass/progressiontracks -> 200
#1953 GET /storefront/battlepass/progressiontracks -> 200
#1954 GET /storefront/battlepass/progressiontracks -> 200
#1955 GET /party/players/9b9d2c887e2524f918e383a895f2f1c2/voice -> 200
#1956 GET /storefront/battlepass/progressiontracks -> 200
#1957 GET /storefront/battlepass/progressiontracks -> 200
#1958 GET /storefront/battlepass/progressiontracks -> 200
#1959 GET /storefront/battlepass/progressiontracks -> 200
#1960 GET /storefront/battlepass/progressiontracks -> 200
#1961 GET /storefront/battlepass/progressiontracks -> 200
#1962 GET /storefront/battlepass/progressiontracks -> 200
#1963 GET /storefront/battlepass/progressiontracks -> 200
#1964 GET /storefront/battlepass/progressiontracks -> 200
#1965 GET /storefront/battlepass/progressiontracks -> 200
#1966 GET /storefront/battlepass/progressiontracks -> 200
#1967 GET /storefront/battlepass/progressiontracks -> 200
#1968 GET /storefront/battlepass/progressiontracks -> 200
#1969 GET /storefront/battlepass/progressiontracks -> 200
#1970 GET /storefront/battlepass/progressiontracks -> 200
#1971 GET /storefront/battlepass/progressiontracks -> 200
#1972 GET /storefront/battlepass/progressiontracks -> 200
#1973 GET /storefront/battlepass/progressiontracks -> 200
#1974 GET /storefront/battlepass/progressiontracks -> 200
#1975 GET /storefront/battlepass/progressiontracks -> 200
#1976 GET /storefront/battlepass/progressiontracks -> 200
#1977 GET /storefront/battlepass/progressiontracks -> 200
[stage]     marker -> fk24-stage-s139f1-a2-2-fo.txt
#1978 GET /storefront/battlepass/progressiontracks -> 200
#1979 GET /storefront/battlepass/progressiontracks -> 200
#1980 GET /storefront/battlepass/progressiontracks -> 200
#1981 GET /storefront/battlepass/progressiontracks -> 200
#1982 GET /storefront/battlepass/progressiontracks -> 200
#1983 GET /storefront/battlepass/progressiontracks -> 200
#1984 GET /storefront/battlepass/progressiontracks -> 200
#1985 GET /storefront/battlepass/progressiontracks -> 200
#1986 GET /storefront/battlepass/progressiontracks -> 200
#1987 GET /storefront/battlepass/progressiontracks -> 200
#1988 GET /storefront/battlepass/progressiontracks -> 200
#1989 GET /storefront/battlepass/progressiontracks -> 200
#1990 GET /storefront/battlepass/progressiontracks -> 200
#1991 GET /storefront/battlepass/progressiontracks -> 200
#1992 GET /storefront/battlepass/progressiontracks -> 200
#1993 GET /storefront/battlepass/progressiontracks -> 200
#1994 GET /storefront/battlepass/progressiontracks -> 200
#1995 GET /storefront/battlepass/progressiontracks -> 200
#1996 GET /storefront/battlepass/progressiontracks -> 200
#1997 GET /storefront/battlepass/progressiontracks -> 200
#1998 GET /storefront/battlepass/progressiontracks -> 200
#1999 GET /storefront/battlepass/progressiontracks -> 200
#2000 GET /storefront/battlepass/progressiontracks -> 200
#2001 GET /storefront/battlepass/progressiontracks -> 200
#2002 GET /storefront/battlepass/progressiontracks -> 200
#2003 GET /storefront/battlepass/progressiontracks -> 200
#2004 GET /storefront/battlepass/progressiontracks -> 200
#2005 GET /storefront/battlepass/progressiontracks -> 200
#2006 GET /storefront/battlepass/progressiontracks -> 200
#2007 GET /storefront/battlepass/progressiontracks -> 200
#2008 GET /storefront/battlepass/progressiontracks -> 200
#2009 GET /storefront/battlepass/progressiontracks -> 200
#2010 GET /storefront/battlepass/progressiontracks -> 200
[stage] LVL_Tutorial load complete -> OK (9s)
#2011 GET /storefront/battlepass/progressiontracks -> 200
#2012 GET /storefront/battlepass/progressiontracks -> 200
#2013 GET /storefront/battlepass/progressiontracks -> 200
#2014 GET /storefront/battlepass/progressiontracks -> 200
#2015 GET /storefront/battlepass/progressiontracks -> 200
#2016 GET /storefront/battlepass/progressiontracks -> 200
#2017 GET /storefront/battlepass/progressiontracks -> 200
#2018 GET /storefront/battlepass/progressiontracks -> 200
#2019 GET /storefront/battlepass/progressiontracks -> 200
#2020 GET /storefront/battlepass/progressiontracks -> 200
#2021 GET /storefront/battlepass/progressiontracks -> 200
#2022 GET /storefront/battlepass/progressiontracks -> 200
#2023 GET /storefront/battlepass/progressiontracks -> 200
#2024 GET /storefront/battlepass/progressiontracks -> 200
#2025 GET /storefront/battlepass/progressiontracks -> 200

* 17:12:36.259  WS -> /notifications/players/9b9d2c887e2524f918e383a895f2f1c2 BINARY hb (proactive 30s keepalive)
#2026 GET /storefront/battlepass/progressiontracks -> 200
#2027 GET /storefront/battlepass/progressiontracks -> 200
#2028 GET /storefront/battlepass/progressiontracks -> 200
#2029 GET /storefront/battlepass/progressiontracks -> 200
#2030 GET /storefront/battlepass/progressiontracks -> 200
#2031 GET /storefront/battlepass/progressiontracks -> 200
#2032 GET /storefront/battlepass/progressiontracks -> 200
#2033 GET /storefront/battlepass/progressiontracks -> 200
#2034 GET /storefront/battlepass/progressiontracks -> 200
#2035 GET /storefront/battlepass/progressiontracks -> 200
#2036 GET /storefront/battlepass/progressiontracks -> 200
#2037 GET /storefront/battlepass/progressiontracks -> 200
#2038 GET /storefront/battlepass/progressiontracks -> 200
#2039 GET /storefront/battlepass/progressiontracks -> 200
#2040 GET /storefront/battlepass/progressiontracks -> 200
#2041 GET /storefront/battlepass/progressiontracks -> 200
#2042 GET /storefront/battlepass/progressiontracks -> 200
#2043 GET /storefront/battlepass/progressiontracks -> 200
#2044 GET /storefront/battlepass/progressiontracks -> 200
#2045 GET /storefront/battlepass/progressiontracks -> 200
#2046 GET /storefront/battlepass/progressiontracks -> 200
#2047 GET /storefront/battlepass/progressiontracks -> 200
#2048 GET /storefront/battlepass/progressiontracks -> 200
#2049 GET /storefront/battlepass/progressiontracks -> 200
#2050 GET /storefront/battlepass/progressiontracks -> 200
#2051 GET /storefront/battlepass/progressiontracks -> 200
#2052 GET /storefront/battlepass/progressiontracks -> 200
#2053 GET /storefront/battlepass/progressiontracks -> 200
#2054 GET /storefront/battlepass/progressiontracks -> 200
#2055 GET /storefront/battlepass/progressiontracks -> 200
#2056 GET /storefront/battlepass/progressiontracks -> 200
#2057 GET /storefront/battlepass/progressiontracks -> 200
#2058 GET /storefront/battlepass/progressiontracks -> 200
#2059 GET /storefront/battlepass/progressiontracks -> 200
#2060 GET /storefront/battlepass/progressiontracks -> 200
#2061 GET /storefront/battlepass/progressiontracks -> 200
#2062 GET /storefront/battlepass/progressiontracks -> 200
#2063 GET /storefront/battlepass/progressiontracks -> 200
#2064 GET /storefront/battlepass/progressiontracks -> 200
#2065 GET /storefront/battlepass/progressiontracks -> 200
#2066 GET /storefront/battlepass/progressiontracks -> 200
#2067 GET /storefront/battlepass/progressiontracks -> 200
#2068 GET /storefront/battlepass/progressiontracks -> 200
#2069 GET /storefront/battlepass/progressiontracks -> 200
#2070 GET /storefront/battlepass/progressiontracks -> 200
#2071 GET /storefront/battlepass/progressiontracks -> 200
#2072 GET /storefront/battlepass/progressiontracks -> 200
#2073 GET /storefront/battlepass/progressiontracks -> 200
#2074 GET /storefront/battlepass/progressiontracks -> 200
#2075 GET /storefront/battlepass/progressiontracks -> 200
#2076 GET /storefront/battlepass/progressiontracks -> 200
#2077 GET /storefront/battlepass/progressiontracks -> 200
#2078 GET /storefront/battlepass/progressiontracks -> 200
#2079 GET /storefront/battlepass/progressiontracks -> 200
#2080 GET /storefront/battlepass/progressiontracks -> 200
#2081 GET /storefront/battlepass/progressiontracks -> 200
#2082 GET /storefront/battlepass/progressiontracks -> 200
#2083 GET /storefront/battlepass/progressiontracks -> 200
#2084 GET /storefront/battlepass/progressiontracks -> 200
#2085 GET /storefront/battlepass/progressiontracks -> 200
#2086 GET /storefront/battlepass/progressiontracks -> 200
#2087 GET /storefront/battlepass/progressiontracks -> 200
#2088 GET /storefront/battlepass/progressiontracks -> 200
#2089 GET /storefront/battlepass/progressiontracks -> 200
#2090 GET /storefront/battlepass/progressiontracks -> 200
#2091 GET /storefront/battlepass/progressiontracks -> 200
#2092 GET /storefront/battlepass/progressiontracks -> 200
#2093 GET /storefront/battlepass/progressiontracks -> 200
#2094 GET /storefront/battlepass/progressiontracks -> 200
#2095 GET /storefront/battlepass/progressiontracks -> 200
#2096 GET /storefront/battlepass/progressiontracks -> 200
#2097 GET /storefront/battlepass/progressiontracks -> 200
#2098 GET /storefront/battlepass/progressiontracks -> 200
#2099 GET /storefront/battlepass/progressiontracks -> 200
#2100 GET /storefront/battlepass/progressiontracks -> 200
#2101 GET /storefront/battlepass/progressiontracks -> 200
#2102 GET /storefront/battlepass/progressiontracks -> 200
#2103 GET /storefront/battlepass/progressiontracks -> 200
#2104 GET /storefront/battlepass/progressiontracks -> 200
#2105 GET /storefront/battlepass/progressiontracks -> 200
#2106 GET /storefront/battlepass/progressiontracks -> 200
#2107 GET /storefront/battlepass/progressiontracks -> 200
#2108 GET /storefront/battlepass/progressiontracks -> 200
#2109 GET /storefront/battlepass/progressiontracks -> 200
#2110 GET /storefront/battlepass/progressiontracks -> 200
#2111 GET /storefront/battlepass/progressiontracks -> 200
#2112 GET /storefront/battlepass/progressiontracks -> 200
#2113 GET /storefront/battlepass/progressiontracks -> 200
#2114 GET /storefront/battlepass/progressiontracks -> 200
#2115 GET /storefront/battlepass/progressiontracks -> 200
#2116 GET /storefront/battlepass/progressiontracks -> 200
#2117 GET /storefront/battlepass/progressiontracks -> 200
#2118 GET /storefront/battlepass/progressiontracks -> 200
#2119 GET /storefront/battlepass/progressiontracks -> 200
#2120 GET /storefront/battlepass/progressiontracks -> 200
[stage]     spacing: 19s since last inject, waiting 1s more (min gap 20s)
#2121 GET /storefront/battlepass/progressiontracks -> 200
#2122 GET /storefront/battlepass/progressiontracks -> 200
#2123 GET /storefront/battlepass/progressiontracks -> 200
#2124 GET /storefront/battlepass/progressiontracks -> 200
#2125 GET /storefront/battlepass/progressiontracks -> 200
#2126 GET /storefront/battlepass/progressiontracks -> 200
#2127 GET /storefront/battlepass/progressiontracks -> 200
#2128 GET /storefront/battlepass/progressiontracks -> 200
#2129 GET /storefront/battlepass/progressiontracks -> 200
#2130 GET /storefront/battlepass/progressiontracks -> 200
#2131 GET /storefront/battlepass/progressiontracks -> 200
#2132 GET /storefront/battlepass/progressiontracks -> 200
#2133 GET /storefront/battlepass/progressiontracks -> 200
[stage] WARNING - STALE DEPLOYED SHIM: tutorial_launch_sp.dll
           deployed .text 4285c0dd22ae9976
           build\   .text ca41af46d5770b4b
           build.ps1 wrote a newer binary than the one about to be injected.
[stage]            (-AllowStale given; injecting the deployed copy anyway)
[stage] >>> inject sp
[stage]     Manual-mapping G:\git\Supervive Revival Project\tools\sigbypass-mod\tutorial_launch_sp.dll into PID 44332
[stage]       remote image base: 0x1F391E50000 (size 0x36000)
[stage]       relocations applied (delta 0x1F211E50000)
[stage]       import: KERNEL32.dll
#2134 GET /storefront/battlepass/progressiontracks -> 200
[stage]       exception table: 0x1AA entries at 0x1F391E83000 (will RtlAddFunctionTable)
[stage]       DllMain remote-thread exit: 0x1 (DllMain returned BOOL; nonzero = OK)
[stage]       verify: MZ at 0x1F391E50000 ✓
[stage]     OK: manual-map complete (DllMain returned).
#2135 GET /storefront/battlepass/progressiontracks -> 200
#2136 GET /storefront/battlepass/progressiontracks -> 200
#2137 GET /party/players/9b9d2c887e2524f918e383a895f2f1c2/voice -> 200
#2138 GET /storefront/battlepass/progressiontracks -> 200
#2139 GET /storefront/battlepass/progressiontracks -> 200
#2140 GET /storefront/battlepass/progressiontracks -> 200
#2141 GET /storefront/battlepass/progressiontracks -> 200
#2142 GET /storefront/battlepass/progressiontracks -> 200
#2143 GET /storefront/battlepass/progressiontracks -> 200
#2144 GET /storefront/battlepass/progressiontracks -> 200
#2145 GET /storefront/battlepass/progressiontracks -> 200
#2146 GET /storefront/battlepass/progressiontracks -> 200
#2147 GET /storefront/battlepass/progressiontracks -> 200
#2148 GET /storefront/battlepass/progressiontracks -> 200
#2149 GET /storefront/battlepass/progressiontracks -> 200
#2150 GET /storefront/battlepass/progressiontracks -> 200
#2151 GET /storefront/battlepass/progressiontracks -> 200
#2152 GET /storefront/battlepass/progressiontracks -> 200
#2153 GET /storefront/battlepass/progressiontracks -> 200
#2154 GET /storefront/battlepass/progressiontracks -> 200
#2155 GET /storefront/battlepass/progressiontracks -> 200
#2156 GET /storefront/battlepass/progressiontracks -> 200
#2157 GET /storefront/battlepass/progressiontracks -> 200
#2158 GET /storefront/battlepass/progressiontracks -> 200
#2159 GET /storefront/battlepass/progressiontracks -> 200
#2160 GET /storefront/battlepass/progressiontracks -> 200
#2161 GET /storefront/battlepass/progressiontracks -> 200
[stage]     marker -> fk24-stage-s139f1-a2-3-sp.txt
[stage] SkipProbe: world staged, nothing further injected
[stage] stage complete
#2162 GET /storefront/battlepass/progressiontracks -> 200
#2163 GET /storefront/battlepass/progressiontracks -> 200
#2164 GET /storefront/battlepass/progressiontracks -> 200
#2165 GET /storefront/battlepass/progressiontracks -> 200
#2166 GET /storefront/battlepass/progressiontracks -> 200
#2167 GET /storefront/battlepass/progressiontracks -> 200
#2168 GET /storefront/battlepass/progressiontracks -> 200
#2169 GET /storefront/battlepass/progressiontracks -> 200

* 17:12:46.851  WS <- /lobby TEXT ""
#2170 GET /storefront/battlepass/progressiontracks -> 200
#2171 GET /storefront/battlepass/progressiontracks -> 200
#2172 GET /storefront/battlepass/progressiontracks -> 200
#2173 GET /storefront/battlepass/progressiontracks -> 200
#2174 GET /storefront/battlepass/progressiontracks -> 200
#2175 GET /storefront/battlepass/progressiontracks -> 200
#2176 GET /storefront/battlepass/progressiontracks -> 200
#2177 GET /storefront/battlepass/progressiontracks -> 200
#2178 GET /storefront/battlepass/progressiontracks -> 200
#2179 GET /storefront/battlepass/progressiontracks -> 200
#2180 GET /storefront/battlepass/progressiontracks -> 200
#2181 GET /storefront/battlepass/progressiontracks -> 200
#2182 GET /storefront/battlepass/progressiontracks -> 200
#2183 GET /storefront/battlepass/progressiontracks -> 200
#2184 GET /storefront/battlepass/progressiontracks -> 200
#2185 GET /storefront/battlepass/progressiontracks -> 200
#2186 GET /storefront/battlepass/progressiontracks -> 200
#2187 GET /storefront/battlepass/progressiontracks -> 200
#2188 GET /storefront/battlepass/progressiontracks -> 200
#2189 GET /storefront/battlepass/progressiontracks -> 200
#2190 GET /storefront/battlepass/progressiontracks -> 200
#2191 GET /storefront/battlepass/progressiontracks -> 200
#2192 GET /storefront/battlepass/progressiontracks -> 200
#2193 GET /storefront/battlepass/progressiontracks -> 200
#2194 GET /storefront/battlepass/progressiontracks -> 200
#2195 GET /storefront/battlepass/progressiontracks -> 200
#2196 GET /storefront/battlepass/progressiontracks -> 200
#2197 GET /storefront/battlepass/progressiontracks -> 200
#2198 GET /storefront/battlepass/progressiontracks -> 200
#2199 GET /storefront/battlepass/progressiontracks -> 200
#2200 GET /storefront/battlepass/progressiontracks -> 200
#2201 GET /storefront/battlepass/progressiontracks -> 200
#2202 GET /storefront/battlepass/progressiontracks -> 200
#2203 GET /storefront/battlepass/progressiontracks -> 200
#2204 GET /storefront/battlepass/progressiontracks -> 200
#2205 GET /storefront/battlepass/progressiontracks -> 200
#2206 GET /storefront/battlepass/progressiontracks -> 200
#2207 GET /storefront/battlepass/progressiontracks -> 200
#2208 GET /storefront/battlepass/progressiontracks -> 200
#2209 GET /storefront/battlepass/progressiontracks -> 200
#2210 GET /storefront/battlepass/progressiontracks -> 200
#2211 GET /storefront/battlepass/progressiontracks -> 200
#2212 GET /storefront/battlepass/progressiontracks -> 200
#2213 GET /storefront/battlepass/progressiontracks -> 200
#2214 GET /storefront/battlepass/progressiontracks -> 200
#2215 GET /storefront/battlepass/progressiontracks -> 200
#2216 GET /storefront/battlepass/progressiontracks -> 200
#2217 GET /storefront/battlepass/progressiontracks -> 200
#2218 GET /storefront/battlepass/progressiontracks -> 200
#2219 GET /storefront/battlepass/progressiontracks -> 200
#2220 GET /storefront/battlepass/progressiontracks -> 200
#2221 GET /storefront/battlepass/progressiontracks -> 200
#2222 GET /storefront/battlepass/progressiontracks -> 200
#2223 GET /storefront/battlepass/progressiontracks -> 200
#2224 GET /storefront/battlepass/progressiontracks -> 200
#2225 GET /storefront/battlepass/progressiontracks -> 200
#2226 GET /storefront/battlepass/progressiontracks -> 200
#2227 GET /storefront/battlepass/progressiontracks -> 200
#2228 GET /storefront/battlepass/progressiontracks -> 200
#2229 GET /storefront/battlepass/progressiontracks -> 200
#2230 GET /storefront/battlepass/progressiontracks -> 200
#2231 GET /storefront/battlepass/progressiontracks -> 200
#2232 GET /storefront/battlepass/progressiontracks -> 200
#2233 GET /storefront/battlepass/progressiontracks -> 200
#2234 GET /storefront/battlepass/progressiontracks -> 200
#2235 GET /storefront/battlepass/progressiontracks -> 200
#2236 GET /storefront/battlepass/progressiontracks -> 200
#2237 GET /storefront/battlepass/progressiontracks -> 200
#2238 GET /storefront/battlepass/progressiontracks -> 200
#2239 GET /storefront/battlepass/progressiontracks -> 200
#2240 GET /storefront/battlepass/progressiontracks -> 200
#2241 GET /storefront/battlepass/progressiontracks -> 200
#2242 GET /storefront/battlepass/progressiontracks -> 200
#2243 GET /storefront/battlepass/progressiontracks -> 200
#2244 GET /storefront/battlepass/progressiontracks -> 200
#2245 GET /storefront/battlepass/progressiontracks -> 200
#2246 GET /storefront/battlepass/progressiontracks -> 200
#2247 GET /storefront/battlepass/progressiontracks -> 200
#2248 GET /storefront/battlepass/progressiontracks -> 200
#2249 GET /storefront/battlepass/progressiontracks -> 200
#2250 GET /storefront/battlepass/progressiontracks -> 200
#2251 GET /configuration/client -> 200
#2252 GET /storefront/battlepass/progressiontracks -> 200
#2253 GET /content-service/manifest/release2.4.live-156430-shipping -> 200
#2254 GET /storefront/battlepass/progressiontracks -> 200
#2255 GET /party/matchmaking/info -> 200
#2256 GET /storefront/battlepass/progressiontracks -> 200
#2257 GET /storefront/battlepass/progressiontracks -> 200
#2258 GET /storefront/battlepass/progressiontracks -> 200
#2259 GET /storefront/battlepass/progressiontracks -> 200
#2260 POST /party/parties/party-9b9d2c887e2524f918e383a895f2f1c2/members/9b9d2c887e2524f918e383a895f2f1c2/latencies -> 200
#2261 GET /storefront/battlepass/progressiontracks -> 200
#2262 GET /storefront/battlepass/progressiontracks -> 200
#2263 GET /storefront/battlepass/progressiontracks -> 200
#2264 GET /storefront/battlepass/progressiontracks -> 200
#2265 GET /storefront/battlepass/progressiontracks -> 200
#2266 GET /storefront/battlepass/progressiontracks -> 200
#2267 GET /storefront/battlepass/progressiontracks -> 200
#2268 GET /storefront/battlepass/progressiontracks -> 200
#2269 GET /storefront/battlepass/progressiontracks -> 200
#2270 GET /storefront/battlepass/progressiontracks -> 200
#2271 GET /storefront/battlepass/progressiontracks -> 200
#2272 GET /storefront/battlepass/progressiontracks -> 200
#2273 GET /storefront/battlepass/progressiontracks -> 200
#2274 GET /storefront/battlepass/progressiontracks -> 200
#2275 GET /storefront/battlepass/progressiontracks -> 200
#2276 GET /storefront/battlepass/progressiontracks -> 200
#2277 GET /storefront/battlepass/progressiontracks -> 200
#2278 GET /storefront/battlepass/progressiontracks -> 200
#2279 GET /storefront/battlepass/progressiontracks -> 200
#2280 GET /storefront/battlepass/progressiontracks -> 200
#2281 GET /storefront/battlepass/progressiontracks -> 200
#2282 GET /storefront/battlepass/progressiontracks -> 200
#2283 GET /storefront/battlepass/progressiontracks -> 200
#2284 GET /storefront/battlepass/progressiontracks -> 200
#2285 GET /storefront/battlepass/progressiontracks -> 200
#2286 GET /storefront/battlepass/progressiontracks -> 200
#2287 GET /storefront/battlepass/progressiontracks -> 200
#2288 GET /storefront/battlepass/progressiontracks -> 200
#2289 GET /storefront/battlepass/progressiontracks -> 200
#2290 GET /storefront/battlepass/progressiontracks -> 200
#2291 GET /party/players/9b9d2c887e2524f918e383a895f2f1c2/voice -> 200
#2292 GET /storefront/battlepass/progressiontracks -> 200
#2293 GET /storefront/battlepass/progressiontracks -> 200
#2294 GET /storefront/battlepass/progressiontracks -> 200
#2295 GET /storefront/battlepass/progressiontracks -> 200
#2296 GET /storefront/battlepass/progressiontracks -> 200
#2297 GET /storefront/battlepass/progressiontracks -> 200
#2298 GET /storefront/battlepass/progressiontracks -> 200
#2299 GET /storefront/battlepass/progressiontracks -> 200
#2300 GET /storefront/battlepass/progressiontracks -> 200
#2301 GET /storefront/battlepass/progressiontracks -> 200
#2302 GET /storefront/battlepass/progressiontracks -> 200
#2303 GET /storefront/battlepass/progressiontracks -> 200
#2304 GET /storefront/battlepass/progressiontracks -> 200
#2305 GET /storefront/battlepass/progressiontracks -> 200
#2306 GET /storefront/battlepass/progressiontracks -> 200
#2307 GET /storefront/battlepass/progressiontracks -> 200
#2308 GET /storefront/battlepass/progressiontracks -> 200
#2309 GET /storefront/battlepass/progressiontracks -> 200
#2310 GET /storefront/battlepass/progressiontracks -> 200
#2311 GET /storefront/battlepass/progressiontracks -> 200
#2312 GET /storefront/battlepass/progressiontracks -> 200
#2313 GET /storefront/battlepass/progressiontracks -> 200
#2314 GET /storefront/battlepass/progressiontracks -> 200
[auto] [SP] done step=4 observed after 12s
[auto] ***** STAGED OK on attempt 2 *****
[auto] PID=44332  BASE=0x7FF704F00000
#2315 GET /storefront/battlepass/progressiontracks -> 200
#2316 GET /storefront/battlepass/progressiontracks -> 200
#2317 GET /storefront/battlepass/progressiontracks -> 200
#2318 GET /storefront/battlepass/progressiontracks -> 200
#2319 GET /storefront/battlepass/progressiontracks -> 200
#2320 GET /storefront/battlepass/progressiontracks -> 200
#2321 GET /storefront/battlepass/progressiontracks -> 200
#2322 GET /storefront/battlepass/progressiontracks -> 200
#2323 GET /storefront/battlepass/progressiontracks -> 200
#2324 GET /storefront/battlepass/progressiontracks -> 200
#2325 GET /storefront/battlepass/progressiontracks -> 200
#2326 GET /storefront/battlepass/progressiontracks -> 200
#2327 GET /storefront/battlepass/progressiontracks -> 200
#2328 GET /storefront/battlepass/progressiontracks -> 200
#2329 GET /storefront/battlepass/progressiontracks -> 200
#2330 GET /storefront/battlepass/progressiontracks -> 200
#2331 GET /storefront/battlepass/progressiontracks -> 200
#2332 GET /storefront/battlepass/progressiontracks -> 200
#2333 GET /storefront/battlepass/progressiontracks -> 200
#2334 GET /storefront/battlepass/progressiontracks -> 200
#2335 GET /storefront/battlepass/progressiontracks -> 200
#2336 GET /storefront/battlepass/progressiontracks -> 200
#2337 GET /storefront/battlepass/progressiontracks -> 200
#2338 GET /storefront/battlepass/progressiontracks -> 200
#2339 GET /storefront/battlepass/progressiontracks -> 200
#2340 GET /storefront/battlepass/progressiontracks -> 200
#2341 GET /storefront/battlepass/progressiontracks -> 200
#2342 GET /storefront/battlepass/progressiontracks -> 200
#2343 GET /storefront/battlepass/progressiontracks -> 200
#2344 GET /storefront/battlepass/progressiontracks -> 200
#2345 GET /storefront/battlepass/progressiontracks -> 200
#2346 GET /storefront/battlepass/progressiontracks -> 200
#2347 GET /storefront/battlepass/progressiontracks -> 200
#2348 GET /storefront/battlepass/progressiontracks -> 200
#2349 GET /storefront/battlepass/progressiontracks -> 200
#2350 GET /storefront/battlepass/progressiontracks -> 200
#2351 GET /storefront/battlepass/progressiontracks -> 200
#2352 GET /storefront/battlepass/progressiontracks -> 200
#2353 GET /storefront/battlepass/progressiontracks -> 200
#2354 GET /storefront/battlepass/progressiontracks -> 200
#2355 GET /storefront/battlepass/progressiontracks -> 200
#2356 GET /storefront/battlepass/progressiontracks -> 200
#2357 GET /storefront/battlepass/progressiontracks -> 200
#2358 GET /storefront/battlepass/progressiontracks -> 200
#2359 GET /storefront/battlepass/progressiontracks -> 200
#2360 GET /storefront/battlepass/progressiontracks -> 200
#2361 GET /storefront/battlepass/progressiontracks -> 200
#2362 GET /storefront/battlepass/progressiontracks -> 200
#2363 GET /storefront/battlepass/progressiontracks -> 200
#2364 GET /storefront/battlepass/progressiontracks -> 200
#2365 GET /storefront/battlepass/progressiontracks -> 200
#2366 GET /storefront/battlepass/progressiontracks -> 200
#2367 GET /storefront/battlepass/progressiontracks -> 200
#2368 GET /storefront/battlepass/progressiontracks -> 200
#2369 GET /storefront/battlepass/progressiontracks -> 200
#2370 GET /storefront/battlepass/progressiontracks -> 200
#2371 GET /storefront/battlepass/progressiontracks -> 200
#2372 GET /storefront/battlepass/progressiontracks -> 200
#2373 GET /storefront/battlepass/progressiontracks -> 200
#2374 GET /storefront/battlepass/progressiontracks -> 200
#2375 GET /storefront/battlepass/progressiontracks -> 200
#2376 GET /storefront/battlepass/progressiontracks -> 200
#2377 GET /storefront/battlepass/progressiontracks -> 200
#2378 GET /storefront/battlepass/progressiontracks -> 200
#2379 GET /storefront/battlepass/progressiontracks -> 200
#2380 GET /storefront/battlepass/progressiontracks -> 200
#2381 GET /party/players/9b9d2c887e2524f918e383a895f2f1c2/voice -> 200
#2382 GET /storefront/battlepass/progressiontracks -> 200
#2383 GET /storefront/battlepass/progressiontracks -> 200
#2384 GET /storefront/battlepass/progressiontracks -> 200
#2385 GET /storefront/battlepass/progressiontracks -> 200
#2386 GET /storefront/battlepass/progressiontracks -> 200
#2387 GET /storefront/battlepass/progressiontracks -> 200
#2388 GET /storefront/battlepass/progressiontracks -> 200
#2389 GET /storefront/battlepass/progressiontracks -> 200
#2390 GET /storefront/battlepass/progressiontracks -> 200
#2391 GET /storefront/battlepass/progressiontracks -> 200
#2392 GET /storefront/battlepass/progressiontracks -> 200
#2393 GET /storefront/battlepass/progressiontracks -> 200
#2394 GET /storefront/battlepass/progressiontracks -> 200
#2395 GET /storefront/battlepass/progressiontracks -> 200
#2396 GET /storefront/battlepass/progressiontracks -> 200
#2397 GET /storefront/battlepass/progressiontracks -> 200
#2398 GET /storefront/battlepass/progressiontracks -> 200
#2399 GET /storefront/battlepass/progressiontracks -> 200
#2400 GET /storefront/battlepass/progressiontracks -> 200
#2401 GET /storefront/battlepass/progressiontracks -> 200
#2402 GET /storefront/battlepass/progressiontracks -> 200
#2403 GET /storefront/battlepass/progressiontracks -> 200
#2404 GET /storefront/battlepass/progressiontracks -> 200
#2405 GET /storefront/battlepass/progressiontracks -> 200
#2406 GET /storefront/battlepass/progressiontracks -> 200
#2407 GET /storefront/battlepass/progressiontracks -> 200
#2408 GET /storefront/battlepass/progressiontracks -> 200
#2409 GET /storefront/battlepass/progressiontracks -> 200
#2410 GET /storefront/battlepass/progressiontracks -> 200
#2411 GET /storefront/battlepass/progressiontracks -> 200
#2412 GET /storefront/battlepass/progressiontracks -> 200
#2413 GET /storefront/battlepass/progressiontracks -> 200
#2414 GET /storefront/battlepass/progressiontracks -> 200
#2415 GET /storefront/battlepass/progressiontracks -> 200
#2416 GET /storefront/battlepass/progressiontracks -> 200
#2417 GET /storefront/battlepass/progressiontracks -> 200
#2418 GET /storefront/battlepass/progressiontracks -> 200
#2419 GET /storefront/battlepass/progressiontracks -> 200
#2420 GET /storefront/battlepass/progressiontracks -> 200
#2421 GET /storefront/battlepass/progressiontracks -> 200
#2422 GET /storefront/battlepass/progressiontracks -> 200
#2423 GET /storefront/battlepass/progressiontracks -> 200
#2424 GET /storefront/battlepass/progressiontracks -> 200
#2425 GET /storefront/battlepass/progressiontracks -> 200
#2426 GET /storefront/battlepass/progressiontracks -> 200

* 17:13:06.318  WS -> /notifications/players/9b9d2c887e2524f918e383a895f2f1c2 BINARY hb (proactive 30s keepalive)
#2427 GET /storefront/battlepass/progressiontracks -> 200
#2428 GET /storefront/battlepass/progressiontracks -> 200
#2429 GET /storefront/battlepass/progressiontracks -> 200
#2430 GET /storefront/battlepass/progressiontracks -> 200
#2431 GET /storefront/battlepass/progressiontracks -> 200
#2432 GET /storefront/battlepass/progressiontracks -> 200
#2433 GET /storefront/battlepass/progressiontracks -> 200
#2434 GET /storefront/battlepass/progressiontracks -> 200
#2435 GET /storefront/battlepass/progressiontracks -> 200
#2436 GET /storefront/battlepass/progressiontracks -> 200
#2437 GET /storefront/battlepass/progressiontracks -> 200
#2438 GET /storefront/battlepass/progressiontracks -> 200
#2439 GET /storefront/battlepass/progressiontracks -> 200
#2440 GET /storefront/battlepass/progressiontracks -> 200
#2441 GET /storefront/battlepass/progressiontracks -> 200
#2442 GET /storefront/battlepass/progressiontracks -> 200
#2443 GET /storefront/battlepass/progressiontracks -> 200
#2444 GET /storefront/battlepass/progressiontracks -> 200
#2445 GET /storefront/battlepass/progressiontracks -> 200
#2446 GET /storefront/battlepass/progressiontracks -> 200
#2447 GET /storefront/battlepass/progressiontracks -> 200
#2448 GET /storefront/battlepass/progressiontracks -> 200
#2449 GET /storefront/battlepass/progressiontracks -> 200
#2450 GET /storefront/battlepass/progressiontracks -> 200
#2451 GET /storefront/battlepass/progressiontracks -> 200
#2452 GET /storefront/battlepass/progressiontracks -> 200
#2453 GET /storefront/battlepass/progressiontracks -> 200
#2454 GET /storefront/battlepass/progressiontracks -> 200
#2455 GET /storefront/battlepass/progressiontracks -> 200
#2456 GET /storefront/battlepass/progressiontracks -> 200
#2457 GET /storefront/battlepass/progressiontracks -> 200
#2458 GET /storefront/battlepass/progressiontracks -> 200
#2459 GET /storefront/battlepass/progressiontracks -> 200
#2460 GET /storefront/battlepass/progressiontracks -> 200
#2461 GET /storefront/battlepass/progressiontracks -> 200
#2462 GET /storefront/battlepass/progressiontracks -> 200
#2463 GET /storefront/battlepass/progressiontracks -> 200
#2464 GET /storefront/battlepass/progressiontracks -> 200
#2465 GET /storefront/battlepass/progressiontracks -> 200
#2466 GET /storefront/battlepass/progressiontracks -> 200

* 17:13:09.056  WS <- /notifications/players/9b9d2c887e2524f918e383a895f2f1c2 BINARY (2 bytes) 6862
#2467 GET /storefront/battlepass/progressiontracks -> 200

* 17:13:09.088  WS -> /notifications/players/9b9d2c887e2524f918e383a895f2f1c2 TEXT hb reply {"Resource":"hb","Version":0,"Payload":""}
#2468 GET /storefront/battlepass/progressiontracks -> 200
#2469 GET /storefront/battlepass/progressiontracks -> 200
#2470 GET /storefront/battlepass/progressiontracks -> 200
#2471 GET /storefront/battlepass/progressiontracks -> 200
#2472 GET /storefront/battlepass/progressiontracks -> 200
#2473 GET /storefront/battlepass/progressiontracks -> 200
#2474 GET /storefront/battlepass/progressiontracks -> 200
#2475 GET /storefront/battlepass/progressiontracks -> 200
#2476 GET /storefront/battlepass/progressiontracks -> 200
#2477 GET /storefront/battlepass/progressiontracks -> 200
#2478 GET /storefront/battlepass/progressiontracks -> 200
#2479 GET /storefront/battlepass/progressiontracks -> 200
#2480 GET /storefront/battlepass/progressiontracks -> 200
#2481 GET /storefront/battlepass/progressiontracks -> 200
#2482 GET /storefront/battlepass/progressiontracks -> 200
#2483 GET /storefront/battlepass/progressiontracks -> 200
#2484 GET /storefront/battlepass/progressiontracks -> 200
#2485 GET /storefront/battlepass/progressiontracks -> 200
#2486 GET /storefront/battlepass/progressiontracks -> 200
#2487 GET /storefront/battlepass/progressiontracks -> 200
#2488 GET /storefront/battlepass/progressiontracks -> 200
#2489 GET /storefront/battlepass/progressiontracks -> 200
#2490 GET /storefront/battlepass/progressiontracks -> 200
#2491 GET /storefront/battlepass/progressiontracks -> 200
#2492 GET /storefront/battlepass/progressiontracks -> 200
#2493 GET /storefront/battlepass/progressiontracks -> 200
#2494 GET /storefront/battlepass/progressiontracks -> 200
#2495 GET /storefront/battlepass/progressiontracks -> 200
#2496 GET /storefront/battlepass/progressiontracks -> 200
#2497 GET /storefront/battlepass/progressiontracks -> 200
#2498 GET /storefront/battlepass/progressiontracks -> 200
#2499 GET /storefront/battlepass/progressiontracks -> 200
#2500 GET /storefront/battlepass/progressiontracks -> 200
#2501 POST /game-telemetry/v1/protected/events -> 200
#2502 GET /storefront/battlepass/progressiontracks -> 200
#2503 GET /storefront/battlepass/progressiontracks -> 200
#2504 GET /storefront/battlepass/progressiontracks -> 200
#2505 GET /storefront/battlepass/progressiontracks -> 200
#2506 GET /storefront/battlepass/progressiontracks -> 200
#2507 GET /storefront/battlepass/progressiontracks -> 200
#2508 GET /storefront/battlepass/progressiontracks -> 200
#2509 GET /storefront/battlepass/progressiontracks -> 200
#2510 GET /storefront/battlepass/progressiontracks -> 200
#2511 GET /storefront/battlepass/progressiontracks -> 200
#2512 GET /storefront/battlepass/progressiontracks -> 200
#2513 GET /storefront/battlepass/progressiontracks -> 200
#2514 GET /storefront/battlepass/progressiontracks -> 200
#2515 GET /storefront/battlepass/progressiontracks -> 200
#2516 GET /storefront/battlepass/progressiontracks -> 200
#2517 GET /storefront/battlepass/progressiontracks -> 200
#2518 GET /storefront/battlepass/progressiontracks -> 200
#2519 GET /storefront/battlepass/progressiontracks -> 200
#2520 GET /storefront/battlepass/progressiontracks -> 200
#2521 GET /storefront/battlepass/progressiontracks -> 200
#2522 GET /storefront/battlepass/progressiontracks -> 200
#2523 GET /storefront/battlepass/progressiontracks -> 200
#2524 GET /storefront/battlepass/progressiontracks -> 200
#2525 GET /storefront/battlepass/progressiontracks -> 200
#2526 GET /storefront/battlepass/progressiontracks -> 200
#2527 GET /storefront/battlepass/progressiontracks -> 200
#2528 GET /storefront/battlepass/progressiontracks -> 200
#2529 GET /storefront/battlepass/progressiontracks -> 200
#2530 GET /storefront/battlepass/progressiontracks -> 200
#2531 GET /storefront/battlepass/progressiontracks -> 200
#2532 GET /storefront/battlepass/progressiontracks -> 200
#2533 GET /storefront/battlepass/progressiontracks -> 200
#2534 GET /storefront/battlepass/progressiontracks -> 200
#2535 GET /storefront/battlepass/progressiontracks -> 200
#2536 GET /storefront/battlepass/progressiontracks -> 200
#2537 GET /storefront/battlepass/progressiontracks -> 200
#2538 GET /storefront/battlepass/progressiontracks -> 200
#2539 GET /storefront/battlepass/progressiontracks -> 200
#2540 GET /storefront/battlepass/progressiontracks -> 200
#2541 GET /storefront/battlepass/progressiontracks -> 200
#2542 GET /storefront/battlepass/progressiontracks -> 200
#2543 GET /storefront/battlepass/progressiontracks -> 200
#2544 GET /storefront/battlepass/progressiontracks -> 200
#2545 GET /storefront/battlepass/progressiontracks -> 200
#2546 GET /storefront/battlepass/progressiontracks -> 200
#2547 GET /storefront/battlepass/progressiontracks -> 200
#2548 GET /storefront/battlepass/progressiontracks -> 200
#2549 GET /storefront/battlepass/progressiontracks -> 200
#2550 GET /storefront/battlepass/progressiontracks -> 200
#2551 GET /storefront/battlepass/progressiontracks -> 200
#2552 GET /storefront/battlepass/progressiontracks -> 200
#2553 GET /storefront/battlepass/progressiontracks -> 200
#2554 GET /storefront/battlepass/progressiontracks -> 200
#2555 GET /storefront/battlepass/progressiontracks -> 200
#2556 GET /storefront/battlepass/progressiontracks -> 200
#2557 GET /storefront/battlepass/progressiontracks -> 200
#2558 GET /storefront/battlepass/progressiontracks -> 200
#2559 GET /storefront/battlepass/progressiontracks -> 200
#2560 GET /storefront/battlepass/progressiontracks -> 200
#2561 GET /storefront/battlepass/progressiontracks -> 200
#2562 GET /storefront/battlepass/progressiontracks -> 200
#2563 GET /storefront/battlepass/progressiontracks -> 200
#2564 GET /storefront/battlepass/progressiontracks -> 200
#2565 GET /storefront/battlepass/progressiontracks -> 200
#2566 GET /storefront/battlepass/progressiontracks -> 200
#2567 GET /storefront/battlepass/progressiontracks -> 200
#2568 GET /storefront/battlepass/progressiontracks -> 200
#2569 GET /storefront/battlepass/progressiontracks -> 200
#2570 GET /storefront/battlepass/progressiontracks -> 200
#2571 GET /storefront/battlepass/progressiontracks -> 200
#2572 GET /storefront/battlepass/progressiontracks -> 200
#2573 GET /storefront/battlepass/progressiontracks -> 200
#2574 GET /storefront/battlepass/progressiontracks -> 200
#2575 GET /storefront/battlepass/progressiontracks -> 200
#2576 GET /storefront/battlepass/progressiontracks -> 200
#2577 GET /storefront/battlepass/progressiontracks -> 200
#2578 GET /storefront/battlepass/progressiontracks -> 200
#2579 GET /storefront/battlepass/progressiontracks -> 200
#2580 GET /storefront/battlepass/progressiontracks -> 200
#2581 GET /storefront/battlepass/progressiontracks -> 200
#2582 GET /storefront/battlepass/progressiontracks -> 200
#2583 GET /storefront/battlepass/progressiontracks -> 200
#2584 GET /storefront/battlepass/progressiontracks -> 200
#2585 GET /storefront/battlepass/progressiontracks -> 200
#2586 GET /storefront/battlepass/progressiontracks -> 200
#2587 GET /storefront/battlepass/progressiontracks -> 200
#2588 GET /storefront/battlepass/progressiontracks -> 200

* 17:13:17.148  WS <- /lobby TEXT ""
#2589 GET /storefront/battlepass/progressiontracks -> 200
#2590 GET /storefront/battlepass/progressiontracks -> 200
#2591 GET /storefront/battlepass/progressiontracks -> 200
#2592 GET /storefront/battlepass/progressiontracks -> 200
#2593 GET /storefront/battlepass/progressiontracks -> 200
#2594 GET /storefront/battlepass/progressiontracks -> 200
#2595 GET /storefront/battlepass/progressiontracks -> 200
#2596 GET /storefront/battlepass/progressiontracks -> 200
#2597 GET /storefront/battlepass/progressiontracks -> 200
#2598 GET /storefront/battlepass/progressiontracks -> 200
#2599 GET /storefront/battlepass/progressiontracks -> 200
#2600 GET /storefront/battlepass/progressiontracks -> 200
#2601 GET /storefront/battlepass/progressiontracks -> 200
#2602 GET /storefront/battlepass/progressiontracks -> 200
#2603 GET /storefront/battlepass/progressiontracks -> 200
#2604 GET /storefront/battlepass/progressiontracks -> 200
#2605 GET /storefront/battlepass/progressiontracks -> 200
#2606 GET /storefront/battlepass/progressiontracks -> 200
#2607 GET /storefront/battlepass/progressiontracks -> 200
#2608 GET /storefront/battlepass/progressiontracks -> 200
#2609 GET /storefront/battlepass/progressiontracks -> 200
#2610 GET /storefront/battlepass/progressiontracks -> 200
#2611 GET /storefront/battlepass/progressiontracks -> 200
#2612 GET /storefront/battlepass/progressiontracks -> 200
#2613 GET /storefront/battlepass/progressiontracks -> 200
#2614 GET /storefront/battlepass/progressiontracks -> 200
#2615 GET /storefront/battlepass/progressiontracks -> 200
#2616 GET /storefront/battlepass/progressiontracks -> 200
#2617 GET /storefront/battlepass/progressiontracks -> 200
#2618 GET /storefront/battlepass/progressiontracks -> 200
#2619 GET /storefront/battlepass/progressiontracks -> 200
#2620 GET /storefront/battlepass/progressiontracks -> 200
#2621 GET /storefront/battlepass/progressiontracks -> 200
#2622 GET /storefront/battlepass/progressiontracks -> 200
#2623 GET /storefront/battlepass/progressiontracks -> 200
#2624 GET /storefront/battlepass/progressiontracks -> 200
#2625 GET /storefront/battlepass/progressiontracks -> 200
#2626 GET /storefront/battlepass/progressiontracks -> 200
#2627 GET /storefront/battlepass/progressiontracks -> 200
#2628 GET /storefront/battlepass/progressiontracks -> 200
#2629 GET /storefront/battlepass/progressiontracks -> 200
#2630 GET /storefront/battlepass/progressiontracks -> 200
#2631 GET /storefront/battlepass/progressiontracks -> 200
#2632 GET /storefront/battlepass/progressiontracks -> 200
#2633 GET /storefront/battlepass/progressiontracks -> 200
#2634 GET /storefront/battlepass/progressiontracks -> 200
#2635 GET /storefront/battlepass/progressiontracks -> 200
#2636 GET /storefront/battlepass/progressiontracks -> 200
#2637 GET /storefront/battlepass/progressiontracks -> 200
#2638 GET /storefront/battlepass/progressiontracks -> 200
#2639 GET /storefront/battlepass/progressiontracks -> 200
#2640 GET /storefront/battlepass/progressiontracks -> 200
#2641 GET /storefront/battlepass/progressiontracks -> 200
#2642 GET /storefront/battlepass/progressiontracks -> 200
#2643 GET /storefront/battlepass/progressiontracks -> 200
#2644 GET /storefront/battlepass/progressiontracks -> 200
#2645 GET /party/players/9b9d2c887e2524f918e383a895f2f1c2/voice -> 200
#2646 GET /storefront/battlepass/progressiontracks -> 200
#2647 GET /storefront/battlepass/progressiontracks -> 200
#2648 GET /storefront/battlepass/progressiontracks -> 200
#2649 GET /storefront/battlepass/progressiontracks -> 200
#2650 GET /storefront/battlepass/progressiontracks -> 200
#2651 GET /storefront/battlepass/progressiontracks -> 200
#2652 GET /storefront/battlepass/progressiontracks -> 200
#2653 GET /storefront/battlepass/progressiontracks -> 200
#2654 GET /storefront/battlepass/progressiontracks -> 200
#2655 GET /storefront/battlepass/progressiontracks -> 200
#2656 GET /storefront/battlepass/progressiontracks -> 200
#2657 GET /storefront/battlepass/progressiontracks -> 200
#2658 GET /storefront/battlepass/progressiontracks -> 200
#2659 GET /storefront/battlepass/progressiontracks -> 200
#2660 GET /storefront/battlepass/progressiontracks -> 200
#2661 GET /storefront/battlepass/progressiontracks -> 200
#2662 GET /storefront/battlepass/progressiontracks -> 200
#2663 GET /storefront/battlepass/progressiontracks -> 200
#2664 GET /storefront/battlepass/progressiontracks -> 200
#2665 GET /storefront/battlepass/progressiontracks -> 200
#2666 GET /storefront/battlepass/progressiontracks -> 200
#2667 GET /storefront/battlepass/progressiontracks -> 200
#2668 GET /storefront/battlepass/progressiontracks -> 200
#2669 GET /storefront/battlepass/progressiontracks -> 200
#2670 GET /storefront/battlepass/progressiontracks -> 200
#2671 GET /storefront/battlepass/progressiontracks -> 200
#2672 GET /storefront/battlepass/progressiontracks -> 200
#2673 GET /storefront/battlepass/progressiontracks -> 200
#2674 GET /storefront/battlepass/progressiontracks -> 200
#2675 GET /storefront/battlepass/progressiontracks -> 200
#2676 GET /storefront/battlepass/progressiontracks -> 200
#2677 GET /storefront/battlepass/progressiontracks -> 200
#2678 GET /storefront/battlepass/progressiontracks -> 200
#2679 GET /storefront/battlepass/progressiontracks -> 200
#2680 GET /storefront/battlepass/progressiontracks -> 200
#2681 GET /storefront/battlepass/progressiontracks -> 200
#2682 GET /storefront/battlepass/progressiontracks -> 200
#2683 GET /storefront/battlepass/progressiontracks -> 200
#2684 GET /storefront/battlepass/progressiontracks -> 200
#2685 GET /storefront/battlepass/progressiontracks -> 200
#2686 GET /storefront/battlepass/progressiontracks -> 200
#2687 GET /storefront/battlepass/progressiontracks -> 200
#2688 GET /storefront/battlepass/progressiontracks -> 200
#2689 GET /configuration/client -> 200
#2690 GET /storefront/battlepass/progressiontracks -> 200
#2691 GET /content-service/manifest/release2.4.live-156430-shipping -> 200
#2692 GET /storefront/battlepass/progressiontracks -> 200
#2693 GET /party/matchmaking/info -> 200
#2694 GET /core-game/regions -> 200
#2696 GET /storefront/battlepass/progressiontracks -> 200
#2695 GET /mailbox/config/version -> 200
#2697 GET /storefront/battlepass/progressiontracks -> 200
#2698 GET /storefront/battlepass/progressiontracks -> 200
#2699 POST /party/parties/party-9b9d2c887e2524f918e383a895f2f1c2/members/9b9d2c887e2524f918e383a895f2f1c2/latencies -> 200
#2700 GET /storefront/battlepass/progressiontracks -> 200
#2701 GET /storefront/battlepass/progressiontracks -> 200
#2702 GET /storefront/battlepass/progressiontracks -> 200
#2703 GET /storefront/battlepass/progressiontracks -> 200
#2704 GET /storefront/battlepass/progressiontracks -> 200
#2705 GET /storefront/battlepass/progressiontracks -> 200
#2706 GET /storefront/battlepass/progressiontracks -> 200
#2707 GET /storefront/battlepass/progressiontracks -> 200
#2708 GET /storefront/battlepass/progressiontracks -> 200
#2709 GET /storefront/battlepass/progressiontracks -> 200
#2710 GET /storefront/battlepass/progressiontracks -> 200
#2711 GET /storefront/battlepass/progressiontracks -> 200
#2712 GET /storefront/battlepass/progressiontracks -> 200
#2713 GET /storefront/battlepass/progressiontracks -> 200
#2714 GET /storefront/battlepass/progressiontracks -> 200
#2715 GET /storefront/battlepass/progressiontracks -> 200
#2716 GET /storefront/battlepass/progressiontracks -> 200
#2717 GET /storefront/battlepass/progressiontracks -> 200
#2718 GET /storefront/battlepass/progressiontracks -> 200
#2719 GET /storefront/battlepass/progressiontracks -> 200
#2720 GET /storefront/battlepass/progressiontracks -> 200
#2721 GET /storefront/battlepass/progressiontracks -> 200
#2722 GET /storefront/battlepass/progressiontracks -> 200
#2723 GET /storefront/battlepass/progressiontracks -> 200
#2724 GET /storefront/battlepass/progressiontracks -> 200
#2725 GET /storefront/battlepass/progressiontracks -> 200
#2726 GET /storefront/battlepass/progressiontracks -> 200
#2727 GET /storefront/battlepass/progressiontracks -> 200
#2728 GET /storefront/battlepass/progressiontracks -> 200
#2729 GET /storefront/battlepass/progressiontracks -> 200
#2730 GET /storefront/battlepass/progressiontracks -> 200
#2731 GET /storefront/battlepass/progressiontracks -> 200
#2732 GET /storefront/battlepass/progressiontracks -> 200
#2733 GET /storefront/battlepass/progressiontracks -> 200
#2734 GET /storefront/battlepass/progressiontracks -> 200
#2735 GET /storefront/battlepass/progressiontracks -> 200
#2736 GET /storefront/battlepass/progressiontracks -> 200
#2737 GET /storefront/battlepass/progressiontracks -> 200
#2738 GET /storefront/battlepass/progressiontracks -> 200
#2739 GET /storefront/battlepass/progressiontracks -> 200
#2740 GET /storefront/battlepass/progressiontracks -> 200
#2741 GET /storefront/battlepass/progressiontracks -> 200
#2742 GET /storefront/battlepass/progressiontracks -> 200
#2743 GET /storefront/battlepass/progressiontracks -> 200
#2744 GET /storefront/battlepass/progressiontracks -> 200
#2745 GET /storefront/battlepass/progressiontracks -> 200
#2746 GET /storefront/battlepass/progressiontracks -> 200
#2747 GET /storefront/battlepass/progressiontracks -> 200
#2748 GET /party/players/9b9d2c887e2524f918e383a895f2f1c2/voice -> 200
#2749 GET /storefront/battlepass/progressiontracks -> 200
#2750 GET /storefront/battlepass/progressiontracks -> 200
#2751 GET /storefront/battlepass/progressiontracks -> 200
#2752 GET /storefront/battlepass/progressiontracks -> 200
#2753 GET /storefront/battlepass/progressiontracks -> 200
#2754 GET /storefront/battlepass/progressiontracks -> 200
#2755 GET /storefront/battlepass/progressiontracks -> 200
#2756 GET /storefront/battlepass/progressiontracks -> 200
#2757 GET /storefront/battlepass/progressiontracks -> 200
#2758 GET /storefront/battlepass/progressiontracks -> 200
#2759 GET /storefront/battlepass/progressiontracks -> 200
#2760 GET /storefront/battlepass/progressiontracks -> 200
#2761 GET /storefront/battlepass/progressiontracks -> 200
#2762 GET /storefront/battlepass/progressiontracks -> 200
#2763 GET /storefront/battlepass/progressiontracks -> 200
#2764 GET /storefront/battlepass/progressiontracks -> 200
#2765 GET /storefront/battlepass/progressiontracks -> 200
#2766 GET /storefront/battlepass/progressiontracks -> 200
#2767 GET /storefront/battlepass/progressiontracks -> 200
#2768 GET /storefront/battlepass/progressiontracks -> 200
#2769 GET /storefront/battlepass/progressiontracks -> 200
#2770 GET /storefront/battlepass/progressiontracks -> 200
#2771 GET /storefront/battlepass/progressiontracks -> 200
#2772 GET /storefront/battlepass/progressiontracks -> 200
#2773 GET /storefront/battlepass/progressiontracks -> 200
#2774 GET /storefront/battlepass/progressiontracks -> 200
#2775 GET /storefront/battlepass/progressiontracks -> 200
#2776 GET /storefront/battlepass/progressiontracks -> 200
#2777 GET /storefront/battlepass/progressiontracks -> 200
#2778 GET /storefront/battlepass/progressiontracks -> 200
#2779 GET /storefront/battlepass/progressiontracks -> 200
#2780 GET /storefront/battlepass/progressiontracks -> 200
#2781 GET /storefront/battlepass/progressiontracks -> 200
#2782 GET /storefront/battlepass/progressiontracks -> 200
#2783 GET /storefront/battlepass/progressiontracks -> 200
#2784 GET /storefront/battlepass/progressiontracks -> 200
#2785 GET /storefront/battlepass/progressiontracks -> 200
#2786 GET /storefront/battlepass/progressiontracks -> 200
#2787 GET /storefront/battlepass/progressiontracks -> 200
#2788 GET /storefront/battlepass/progressiontracks -> 200
#2789 GET /storefront/battlepass/progressiontracks -> 200
#2790 GET /storefront/battlepass/progressiontracks -> 200
#2791 GET /storefront/battlepass/progressiontracks -> 200
#2792 GET /storefront/battlepass/progressiontracks -> 200
#2793 GET /storefront/battlepass/progressiontracks -> 200
#2794 GET /storefront/battlepass/progressiontracks -> 200
#2795 GET /storefront/battlepass/progressiontracks -> 200
#2796 GET /storefront/battlepass/progressiontracks -> 200
#2797 GET /storefront/battlepass/progressiontracks -> 200
#2798 GET /storefront/battlepass/progressiontracks -> 200
#2799 GET /storefront/battlepass/progressiontracks -> 200
#2800 GET /storefront/battlepass/progressiontracks -> 200
#2801 GET /storefront/battlepass/progressiontracks -> 200
#2802 GET /storefront/battlepass/progressiontracks -> 200
#2803 GET /storefront/battlepass/progressiontracks -> 200
#2804 GET /storefront/battlepass/progressiontracks -> 200
#2805 GET /storefront/battlepass/progressiontracks -> 200
#2806 GET /storefront/battlepass/progressiontracks -> 200
#2807 GET /storefront/battlepass/progressiontracks -> 200
#2808 GET /storefront/battlepass/progressiontracks -> 200
#2809 GET /storefront/battlepass/progressiontracks -> 200
#2810 GET /storefront/battlepass/progressiontracks -> 200
#2811 GET /storefront/battlepass/progressiontracks -> 200
#2812 GET /storefront/battlepass/progressiontracks -> 200
#2813 GET /storefront/battlepass/progressiontracks -> 200
#2814 GET /storefront/battlepass/progressiontracks -> 200
#2815 GET /storefront/battlepass/progressiontracks -> 200
#2816 GET /storefront/battlepass/progressiontracks -> 200
#2817 GET /storefront/battlepass/progressiontracks -> 200
#2818 GET /storefront/battlepass/progressiontracks -> 200
#2819 GET /storefront/battlepass/progressiontracks -> 200
#2820 GET /storefront/battlepass/progressiontracks -> 200
#2821 GET /storefront/battlepass/progressiontracks -> 200
#2822 GET /storefront/battlepass/progressiontracks -> 200
#2823 GET /storefront/battlepass/progressiontracks -> 200
#2824 GET /storefront/battlepass/progressiontracks -> 200
#2825 GET /storefront/battlepass/progressiontracks -> 200
#2826 GET /storefront/battlepass/progressiontracks -> 200
#2827 GET /storefront/battlepass/progressiontracks -> 200
#2828 GET /storefront/battlepass/progressiontracks -> 200
#2829 GET /storefront/battlepass/progressiontracks -> 200
#2830 GET /storefront/battlepass/progressiontracks -> 200
#2831 GET /storefront/battlepass/progressiontracks -> 200
#2832 GET /storefront/battlepass/progressiontracks -> 200
#2833 GET /storefront/battlepass/progressiontracks -> 200
#2834 GET /storefront/battlepass/progressiontracks -> 200
#2835 GET /storefront/battlepass/progressiontracks -> 200
#2836 GET /party/players/9b9d2c887e2524f918e383a895f2f1c2/voice -> 200
#2837 GET /storefront/battlepass/progressiontracks -> 200
#2838 GET /storefront/battlepass/progressiontracks -> 200
#2839 GET /storefront/battlepass/progressiontracks -> 200
#2840 GET /storefront/battlepass/progressiontracks -> 200
#2841 GET /storefront/battlepass/progressiontracks -> 200
#2842 GET /storefront/battlepass/progressiontracks -> 200
#2843 GET /storefront/battlepass/progressiontracks -> 200
#2844 GET /storefront/battlepass/progressiontracks -> 200
#2845 GET /storefront/battlepass/progressiontracks -> 200
#2846 GET /storefront/battlepass/progressiontracks -> 200
#2847 GET /storefront/battlepass/progressiontracks -> 200
#2848 GET /storefront/battlepass/progressiontracks -> 200
#2849 GET /storefront/battlepass/progressiontracks -> 200
#2850 GET /storefront/battlepass/progressiontracks -> 200
#2851 GET /storefront/battlepass/progressiontracks -> 200
#2852 GET /storefront/battlepass/progressiontracks -> 200
#2853 GET /storefront/battlepass/progressiontracks -> 200
#2854 GET /storefront/battlepass/progressiontracks -> 200
#2855 GET /storefront/battlepass/progressiontracks -> 200
#2856 GET /storefront/battlepass/progressiontracks -> 200
#2857 GET /storefront/battlepass/progressiontracks -> 200
#2858 GET /storefront/battlepass/progressiontracks -> 200
#2859 GET /storefront/battlepass/progressiontracks -> 200
#2860 GET /storefront/battlepass/progressiontracks -> 200
#2861 GET /storefront/battlepass/progressiontracks -> 200
#2862 GET /storefront/battlepass/progressiontracks -> 200
#2863 GET /storefront/battlepass/progressiontracks -> 200
#2864 GET /storefront/battlepass/progressiontracks -> 200
#2865 GET /storefront/battlepass/progressiontracks -> 200
#2866 GET /storefront/battlepass/progressiontracks -> 200
#2867 GET /storefront/battlepass/progressiontracks -> 200
#2868 GET /storefront/battlepass/progressiontracks -> 200
#2869 GET /storefront/battlepass/progressiontracks -> 200
#2870 GET /storefront/battlepass/progressiontracks -> 200
#2871 GET /storefront/battlepass/progressiontracks -> 200
#2872 GET /storefront/battlepass/progressiontracks -> 200
#2873 GET /storefront/battlepass/progressiontracks -> 200
#2874 GET /storefront/battlepass/progressiontracks -> 200
#2875 GET /storefront/battlepass/progressiontracks -> 200
#2876 GET /storefront/battlepass/progressiontracks -> 200
#2877 GET /storefront/battlepass/progressiontracks -> 200
#2878 GET /storefront/battlepass/progressiontracks -> 200
#2879 GET /storefront/battlepass/progressiontracks -> 200
#2880 GET /storefront/battlepass/progressiontracks -> 200
#2881 GET /storefront/battlepass/progressiontracks -> 200
#2882 GET /storefront/battlepass/progressiontracks -> 200
#2883 GET /storefront/battlepass/progressiontracks -> 200
#2884 GET /storefront/battlepass/progressiontracks -> 200
#2885 GET /storefront/battlepass/progressiontracks -> 200
#2886 GET /storefront/battlepass/progressiontracks -> 200
#2887 GET /storefront/battlepass/progressiontracks -> 200
#2888 GET /storefront/battlepass/progressiontracks -> 200
#2889 GET /storefront/battlepass/progressiontracks -> 200
#2890 GET /storefront/battlepass/progressiontracks -> 200
#2891 GET /storefront/battlepass/progressiontracks -> 200
#2892 GET /storefront/battlepass/progressiontracks -> 200
#2893 GET /storefront/battlepass/progressiontracks -> 200
#2894 GET /storefront/battlepass/progressiontracks -> 200
#2895 GET /storefront/battlepass/progressiontracks -> 200
#2896 GET /storefront/battlepass/progressiontracks -> 200
#2897 GET /storefront/battlepass/progressiontracks -> 200
#2898 GET /storefront/battlepass/progressiontracks -> 200
#2899 GET /storefront/battlepass/progressiontracks -> 200
#2900 GET /storefront/battlepass/progressiontracks -> 200
#2901 GET /storefront/battlepass/progressiontracks -> 200
#2902 GET /storefront/battlepass/progressiontracks -> 200
#2903 GET /storefront/battlepass/progressiontracks -> 200
#2904 GET /storefront/battlepass/progressiontracks -> 200
#2905 GET /storefront/battlepass/progressiontracks -> 200
#2906 GET /storefront/battlepass/progressiontracks -> 200
#2907 GET /storefront/battlepass/progressiontracks -> 200
#2908 GET /storefront/battlepass/progressiontracks -> 200
#2909 GET /storefront/battlepass/progressiontracks -> 200
#2910 GET /storefront/battlepass/progressiontracks -> 200
#2911 GET /storefront/battlepass/progressiontracks -> 200
#2912 GET /storefront/battlepass/progressiontracks -> 200

* 17:13:39.139  WS -> /notifications/players/9b9d2c887e2524f918e383a895f2f1c2 BINARY hb (proactive 30s keepalive)
#2913 GET /storefront/battlepass/progressiontracks -> 200
#2914 GET /storefront/battlepass/progressiontracks -> 200
#2915 GET /storefront/battlepass/progressiontracks -> 200
#2916 GET /storefront/battlepass/progressiontracks -> 200
#2917 GET /storefront/battlepass/progressiontracks -> 200
#2918 GET /storefront/battlepass/progressiontracks -> 200
#2919 GET /storefront/battlepass/progressiontracks -> 200
#2920 GET /storefront/battlepass/progressiontracks -> 200
#2921 GET /storefront/battlepass/progressiontracks -> 200
#2922 GET /storefront/battlepass/progressiontracks -> 200
#2923 GET /storefront/battlepass/progressiontracks -> 200
#2924 GET /storefront/battlepass/progressiontracks -> 200
#2925 GET /storefront/battlepass/progressiontracks -> 200
#2926 GET /storefront/battlepass/progressiontracks -> 200
#2927 GET /storefront/battlepass/progressiontracks -> 200
#2928 GET /storefront/battlepass/progressiontracks -> 200
#2929 GET /storefront/battlepass/progressiontracks -> 200
#2930 GET /storefront/battlepass/progressiontracks -> 200
#2931 GET /storefront/battlepass/progressiontracks -> 200
#2932 GET /storefront/battlepass/progressiontracks -> 200
#2933 GET /storefront/battlepass/progressiontracks -> 200
#2934 GET /storefront/battlepass/progressiontracks -> 200
#2935 GET /storefront/battlepass/progressiontracks -> 200
#2936 GET /storefront/battlepass/progressiontracks -> 200
#2937 GET /storefront/battlepass/progressiontracks -> 200
#2938 GET /storefront/battlepass/progressiontracks -> 200
#2939 GET /storefront/battlepass/progressiontracks -> 200
#2940 GET /storefront/battlepass/progressiontracks -> 200
#2941 GET /storefront/battlepass/progressiontracks -> 200
#2942 GET /storefront/battlepass/progressiontracks -> 200
#2943 GET /storefront/battlepass/progressiontracks -> 200
#2944 GET /storefront/battlepass/progressiontracks -> 200
#2945 GET /storefront/battlepass/progressiontracks -> 200
#2946 GET /storefront/battlepass/progressiontracks -> 200
#2947 GET /storefront/battlepass/progressiontracks -> 200
#2948 GET /storefront/battlepass/progressiontracks -> 200
#2949 GET /storefront/battlepass/progressiontracks -> 200
#2950 GET /storefront/battlepass/progressiontracks -> 200
#2951 GET /storefront/battlepass/progressiontracks -> 200
#2952 GET /storefront/battlepass/progressiontracks -> 200
#2953 GET /storefront/battlepass/progressiontracks -> 200
#2954 GET /storefront/battlepass/progressiontracks -> 200
#2955 GET /storefront/battlepass/progressiontracks -> 200
#2956 GET /storefront/battlepass/progressiontracks -> 200
#2957 GET /storefront/battlepass/progressiontracks -> 200
#2958 GET /storefront/battlepass/progressiontracks -> 200
#2959 GET /storefront/battlepass/progressiontracks -> 200
#2960 GET /storefront/battlepass/progressiontracks -> 200
#2961 GET /storefront/battlepass/progressiontracks -> 200
#2962 GET /storefront/battlepass/progressiontracks -> 200
#2963 GET /storefront/battlepass/progressiontracks -> 200
#2964 GET /storefront/battlepass/progressiontracks -> 200
#2965 GET /storefront/battlepass/progressiontracks -> 200
#2966 GET /storefront/battlepass/progressiontracks -> 200
#2967 GET /storefront/battlepass/progressiontracks -> 200
#2968 GET /storefront/battlepass/progressiontracks -> 200
#2969 GET /storefront/battlepass/progressiontracks -> 200
#2970 GET /storefront/battlepass/progressiontracks -> 200
#2971 GET /storefront/battlepass/progressiontracks -> 200
#2972 GET /storefront/battlepass/progressiontracks -> 200
#2973 GET /storefront/battlepass/progressiontracks -> 200
#2974 GET /storefront/battlepass/progressiontracks -> 200
#2975 GET /storefront/battlepass/progressiontracks -> 200
#2976 GET /storefront/battlepass/progressiontracks -> 200
#2977 GET /storefront/battlepass/progressiontracks -> 200
#2978 GET /storefront/battlepass/progressiontracks -> 200
#2979 GET /storefront/battlepass/progressiontracks -> 200
#2980 GET /storefront/battlepass/progressiontracks -> 200
#2981 GET /storefront/battlepass/progressiontracks -> 200
#2982 GET /storefront/battlepass/progressiontracks -> 200
#2983 GET /storefront/battlepass/progressiontracks -> 200
#2984 GET /storefront/battlepass/progressiontracks -> 200
#2985 GET /storefront/battlepass/progressiontracks -> 200
#2986 GET /storefront/battlepass/progressiontracks -> 200
#2987 GET /storefront/battlepass/progressiontracks -> 200
#2988 GET /storefront/battlepass/progressiontracks -> 200
#2989 GET /storefront/battlepass/progressiontracks -> 200
#2990 GET /storefront/battlepass/progressiontracks -> 200
#2991 GET /storefront/battlepass/progressiontracks -> 200
#2992 GET /storefront/battlepass/progressiontracks -> 200
#2993 GET /storefront/battlepass/progressiontracks -> 200
#2994 GET /storefront/battlepass/progressiontracks -> 200
#2995 GET /storefront/battlepass/progressiontracks -> 200
#2996 GET /storefront/battlepass/progressiontracks -> 200
#2997 GET /storefront/battlepass/progressiontracks -> 200
#2998 GET /storefront/battlepass/progressiontracks -> 200
#2999 GET /storefront/battlepass/progressiontracks -> 200
#3000 GET /storefront/battlepass/progressiontracks -> 200
#3001 GET /storefront/battlepass/progressiontracks -> 200
#3002 GET /storefront/battlepass/progressiontracks -> 200
#3003 GET /storefront/battlepass/progressiontracks -> 200
#3004 GET /storefront/battlepass/progressiontracks -> 200
#3005 GET /storefront/battlepass/progressiontracks -> 200
#3006 GET /storefront/battlepass/progressiontracks -> 200
#3007 GET /storefront/battlepass/progressiontracks -> 200
#3008 GET /storefront/battlepass/progressiontracks -> 200
#3009 GET /storefront/battlepass/progressiontracks -> 200
#3010 GET /storefront/battlepass/progressiontracks -> 200
#3011 GET /storefront/battlepass/progressiontracks -> 200
#3012 GET /storefront/battlepass/progressiontracks -> 200
#3013 GET /storefront/battlepass/progressiontracks -> 200
#3014 GET /storefront/battlepass/progressiontracks -> 200
#3015 GET /storefront/battlepass/progressiontracks -> 200
#3016 GET /storefront/battlepass/progressiontracks -> 200
#3017 GET /storefront/battlepass/progressiontracks -> 200
#3018 GET /storefront/battlepass/progressiontracks -> 200
#3019 GET /storefront/battlepass/progressiontracks -> 200
#3020 GET /storefront/battlepass/progressiontracks -> 200
#3021 GET /storefront/battlepass/progressiontracks -> 200
#3022 GET /storefront/battlepass/progressiontracks -> 200
#3023 GET /storefront/battlepass/progressiontracks -> 200
#3024 GET /storefront/battlepass/progressiontracks -> 200
#3025 GET /storefront/battlepass/progressiontracks -> 200
#3026 GET /storefront/battlepass/progressiontracks -> 200
#3027 GET /storefront/battlepass/progressiontracks -> 200
#3028 GET /storefront/battlepass/progressiontracks -> 200
#3029 GET /storefront/battlepass/progressiontracks -> 200
#3030 GET /storefront/battlepass/progressiontracks -> 200
#3031 GET /storefront/battlepass/progressiontracks -> 200
#3032 GET /storefront/battlepass/progressiontracks -> 200
#3033 GET /storefront/battlepass/progressiontracks -> 200
#3034 GET /storefront/battlepass/progressiontracks -> 200

* 17:13:47.177  WS <- /lobby TEXT ""
#3035 GET /storefront/battlepass/progressiontracks -> 200
#3036 GET /storefront/battlepass/progressiontracks -> 200
#3037 GET /storefront/battlepass/progressiontracks -> 200
#3038 GET /storefront/battlepass/progressiontracks -> 200
#3039 GET /storefront/battlepass/progressiontracks -> 200
#3040 GET /storefront/battlepass/progressiontracks -> 200
#3041 GET /storefront/battlepass/progressiontracks -> 200
#3042 GET /storefront/battlepass/progressiontracks -> 200
#3043 GET /storefront/battlepass/progressiontracks -> 200
#3044 GET /storefront/battlepass/progressiontracks -> 200
#3045 GET /storefront/battlepass/progressiontracks -> 200
#3046 GET /storefront/battlepass/progressiontracks -> 200
#3047 GET /storefront/battlepass/progressiontracks -> 200
#3048 GET /storefront/battlepass/progressiontracks -> 200
#3049 GET /storefront/battlepass/progressiontracks -> 200
#3050 GET /storefront/battlepass/progressiontracks -> 200
#3051 GET /storefront/battlepass/progressiontracks -> 200
#3052 GET /storefront/battlepass/progressiontracks -> 200
#3053 GET /storefront/battlepass/progressiontracks -> 200
#3054 GET /storefront/battlepass/progressiontracks -> 200
#3055 GET /storefront/battlepass/progressiontracks -> 200
#3056 GET /storefront/battlepass/progressiontracks -> 200
#3057 GET /storefront/battlepass/progressiontracks -> 200
#3058 GET /storefront/battlepass/progressiontracks -> 200
#3059 GET /storefront/battlepass/progressiontracks -> 200
#3060 GET /storefront/battlepass/progressiontracks -> 200
#3061 GET /storefront/battlepass/progressiontracks -> 200
#3062 GET /storefront/battlepass/progressiontracks -> 200
#3063 GET /storefront/battlepass/progressiontracks -> 200
#3064 GET /storefront/battlepass/progressiontracks -> 200
#3065 GET /storefront/battlepass/progressiontracks -> 200
#3066 GET /storefront/battlepass/progressiontracks -> 200
#3067 GET /storefront/battlepass/progressiontracks -> 200
#3068 GET /storefront/battlepass/progressiontracks -> 200
#3069 GET /storefront/battlepass/progressiontracks -> 200
#3070 GET /storefront/battlepass/progressiontracks -> 200
#3071 GET /storefront/battlepass/progressiontracks -> 200
#3072 GET /storefront/battlepass/progressiontracks -> 200
#3073 GET /storefront/battlepass/progressiontracks -> 200
#3074 GET /storefront/battlepass/progressiontracks -> 200
#3075 GET /storefront/battlepass/progressiontracks -> 200
#3076 GET /storefront/battlepass/progressiontracks -> 200
#3077 GET /storefront/battlepass/progressiontracks -> 200
#3078 GET /storefront/battlepass/progressiontracks -> 200
#3079 GET /storefront/battlepass/progressiontracks -> 200
#3080 GET /storefront/battlepass/progressiontracks -> 200
#3081 GET /storefront/battlepass/progressiontracks -> 200
#3082 GET /storefront/battlepass/progressiontracks -> 200
#3083 GET /storefront/battlepass/progressiontracks -> 200
#3084 GET /storefront/battlepass/progressiontracks -> 200
#3085 GET /storefront/battlepass/progressiontracks -> 200
#3086 GET /storefront/battlepass/progressiontracks -> 200
#3087 GET /storefront/battlepass/progressiontracks -> 200
#3088 GET /storefront/battlepass/progressiontracks -> 200
#3089 GET /storefront/battlepass/progressiontracks -> 200
#3090 GET /storefront/battlepass/progressiontracks -> 200
#3091 GET /storefront/battlepass/progressiontracks -> 200
#3092 GET /storefront/battlepass/progressiontracks -> 200
#3093 GET /storefront/battlepass/progressiontracks -> 200
#3094 GET /storefront/battlepass/progressiontracks -> 200
#3095 GET /storefront/battlepass/progressiontracks -> 200
#3096 GET /storefront/battlepass/progressiontracks -> 200
#3097 GET /storefront/battlepass/progressiontracks -> 200
#3098 GET /storefront/battlepass/progressiontracks -> 200
#3099 GET /storefront/battlepass/progressiontracks -> 200
#3100 GET /storefront/battlepass/progressiontracks -> 200
#3101 GET /storefront/battlepass/progressiontracks -> 200
#3102 GET /storefront/battlepass/progressiontracks -> 200
#3103 GET /storefront/battlepass/progressiontracks -> 200
#3104 GET /storefront/battlepass/progressiontracks -> 200
#3105 GET /storefront/battlepass/progressiontracks -> 200
#3106 GET /storefront/battlepass/progressiontracks -> 200
#3107 GET /storefront/battlepass/progressiontracks -> 200
#3108 GET /storefront/battlepass/progressiontracks -> 200
#3109 GET /storefront/battlepass/progressiontracks -> 200
#3110 GET /storefront/battlepass/progressiontracks -> 200
#3111 GET /storefront/battlepass/progressiontracks -> 200
#3112 GET /storefront/battlepass/progressiontracks -> 200
#3113 GET /storefront/battlepass/progressiontracks -> 200
#3114 GET /storefront/battlepass/progressiontracks -> 200
#3115 GET /storefront/battlepass/progressiontracks -> 200
#3116 GET /storefront/battlepass/progressiontracks -> 200
#3117 GET /storefront/battlepass/progressiontracks -> 200
#3118 GET /storefront/battlepass/progressiontracks -> 200
#3119 GET /storefront/battlepass/progressiontracks -> 200
#3120 GET /storefront/battlepass/progressiontracks -> 200
#3121 GET /storefront/battlepass/progressiontracks -> 200
#3122 GET /storefront/battlepass/progressiontracks -> 200
#3123 GET /storefront/battlepass/progressiontracks -> 200
#3124 GET /storefront/battlepass/progressiontracks -> 200
#3125 GET /storefront/battlepass/progressiontracks -> 200
#3126 GET /storefront/battlepass/progressiontracks -> 200
#3127 GET /storefront/battlepass/progressiontracks -> 200
#3128 GET /storefront/battlepass/progressiontracks -> 200
#3129 GET /storefront/battlepass/progressiontracks -> 200
#3130 GET /storefront/battlepass/progressiontracks -> 200
#3131 GET /storefront/battlepass/progressiontracks -> 200
#3132 GET /storefront/battlepass/progressiontracks -> 200
#3133 GET /storefront/battlepass/progressiontracks -> 200
#3134 GET /storefront/battlepass/progressiontracks -> 200
#3135 GET /storefront/battlepass/progressiontracks -> 200
#3136 GET /storefront/battlepass/progressiontracks -> 200
#3137 GET /storefront/battlepass/progressiontracks -> 200
#3138 GET /configuration/client -> 200
#3139 GET /storefront/battlepass/progressiontracks -> 200
#3140 GET /content-service/manifest/release2.4.live-156430-shipping -> 200
#3141 GET /storefront/battlepass/progressiontracks -> 200
#3142 GET /storefront/battlepass/progressiontracks -> 200
#3143 GET /party/matchmaking/info -> 200
#3144 GET /storefront/battlepass/progressiontracks -> 200
#3145 GET /storefront/battlepass/progressiontracks -> 200
#3146 POST /party/parties/party-9b9d2c887e2524f918e383a895f2f1c2/members/9b9d2c887e2524f918e383a895f2f1c2/latencies -> 200
#3147 GET /storefront/battlepass/progressiontracks -> 200
#3148 GET /storefront/battlepass/progressiontracks -> 200
#3149 GET /storefront/battlepass/progressiontracks -> 200
#3150 GET /storefront/battlepass/progressiontracks -> 200
#3151 GET /storefront/battlepass/progressiontracks -> 200
#3152 GET /storefront/battlepass/progressiontracks -> 200
#3153 GET /storefront/battlepass/progressiontracks -> 200
#3154 GET /storefront/battlepass/progressiontracks -> 200
#3155 GET /storefront/battlepass/progressiontracks -> 200
#3156 GET /storefront/battlepass/progressiontracks -> 200
#3157 GET /storefront/battlepass/progressiontracks -> 200
#3158 GET /storefront/battlepass/progressiontracks -> 200
#3159 GET /storefront/battlepass/progressiontracks -> 200
#3160 GET /storefront/battlepass/progressiontracks -> 200
#3161 GET /storefront/battlepass/progressiontracks -> 200
#3162 GET /storefront/battlepass/progressiontracks -> 200
#3163 GET /storefront/battlepass/progressiontracks -> 200
#3164 GET /storefront/battlepass/progressiontracks -> 200
#3165 GET /storefront/battlepass/progressiontracks -> 200
#3166 GET /storefront/battlepass/progressiontracks -> 200
#3167 GET /storefront/battlepass/progressiontracks -> 200
#3168 GET /storefront/battlepass/progressiontracks -> 200
#3169 GET /storefront/battlepass/progressiontracks -> 200
#3170 GET /storefront/battlepass/progressiontracks -> 200
#3171 GET /storefront/battlepass/progressiontracks -> 200
#3172 GET /storefront/battlepass/progressiontracks -> 200
#3173 GET /storefront/battlepass/progressiontracks -> 200
#3174 GET /storefront/battlepass/progressiontracks -> 200
#3175 GET /storefront/battlepass/progressiontracks -> 200
#3176 GET /storefront/battlepass/progressiontracks -> 200
#3177 GET /storefront/battlepass/progressiontracks -> 200
#3178 GET /storefront/battlepass/progressiontracks -> 200
#3179 GET /storefront/battlepass/progressiontracks -> 200
#3180 GET /storefront/battlepass/progressiontracks -> 200
#3181 GET /storefront/battlepass/progressiontracks -> 200
#3182 GET /storefront/battlepass/progressiontracks -> 200
#3183 GET /storefront/battlepass/progressiontracks -> 200
#3184 GET /storefront/battlepass/progressiontracks -> 200
#3185 GET /storefront/battlepass/progressiontracks -> 200
#3186 GET /storefront/battlepass/progressiontracks -> 200
#3187 GET /storefront/battlepass/progressiontracks -> 200
#3188 GET /storefront/battlepass/progressiontracks -> 200
#3189 GET /storefront/battlepass/progressiontracks -> 200
#3190 GET /storefront/battlepass/progressiontracks -> 200
#3191 GET /storefront/battlepass/progressiontracks -> 200
#3192 GET /storefront/battlepass/progressiontracks -> 200
#3193 GET /storefront/battlepass/progressiontracks -> 200
#3194 GET /storefront/battlepass/progressiontracks -> 200
#3195 GET /storefront/battlepass/progressiontracks -> 200
#3196 GET /storefront/battlepass/progressiontracks -> 200
#3197 GET /storefront/battlepass/progressiontracks -> 200
#3198 GET /storefront/battlepass/progressiontracks -> 200
#3199 GET /storefront/battlepass/progressiontracks -> 200
#3200 GET /storefront/battlepass/progressiontracks -> 200
#3201 GET /storefront/battlepass/progressiontracks -> 200
#3202 GET /storefront/battlepass/progressiontracks -> 200
#3203 GET /storefront/battlepass/progressiontracks -> 200
#3204 GET /storefront/battlepass/progressiontracks -> 200
#3205 GET /storefront/battlepass/progressiontracks -> 200
#3206 GET /storefront/battlepass/progressiontracks -> 200
#3207 GET /storefront/battlepass/progressiontracks -> 200
#3208 GET /storefront/battlepass/progressiontracks -> 200
#3209 GET /storefront/battlepass/progressiontracks -> 200
#3210 GET /storefront/battlepass/progressiontracks -> 200
#3211 GET /storefront/battlepass/progressiontracks -> 200
#3212 GET /storefront/battlepass/progressiontracks -> 200
#3213 GET /storefront/battlepass/progressiontracks -> 200
#3214 GET /storefront/battlepass/progressiontracks -> 200
#3215 GET /storefront/battlepass/progressiontracks -> 200
#3216 GET /storefront/battlepass/progressiontracks -> 200
#3217 GET /storefront/battlepass/progressiontracks -> 200
#3218 GET /storefront/battlepass/progressiontracks -> 200
#3219 GET /storefront/battlepass/progressiontracks -> 200
#3220 GET /storefront/battlepass/progressiontracks -> 200
#3221 GET /storefront/battlepass/progressiontracks -> 200
#3222 GET /storefront/battlepass/progressiontracks -> 200
#3223 GET /storefront/battlepass/progressiontracks -> 200
#3224 GET /storefront/battlepass/progressiontracks -> 200
#3225 GET /storefront/battlepass/progressiontracks -> 200
#3226 GET /storefront/battlepass/progressiontracks -> 200
#3227 GET /storefront/battlepass/progressiontracks -> 200
#3228 GET /storefront/battlepass/progressiontracks -> 200
#3229 GET /storefront/battlepass/progressiontracks -> 200
#3230 GET /storefront/battlepass/progressiontracks -> 200
#3231 GET /storefront/battlepass/progressiontracks -> 200
#3232 GET /storefront/battlepass/progressiontracks -> 200
#3233 GET /storefront/battlepass/progressiontracks -> 200
#3234 GET /storefront/battlepass/progressiontracks -> 200
#3235 GET /storefront/battlepass/progressiontracks -> 200
#3236 GET /storefront/battlepass/progressiontracks -> 200
#3237 GET /storefront/battlepass/progressiontracks -> 200
#3238 GET /storefront/battlepass/progressiontracks -> 200
#3239 GET /storefront/battlepass/progressiontracks -> 200
#3240 GET /storefront/battlepass/progressiontracks -> 200
#3241 GET /storefront/battlepass/progressiontracks -> 200
#3242 GET /storefront/battlepass/progressiontracks -> 200
#3243 GET /storefront/battlepass/progressiontracks -> 200
#3244 GET /storefront/battlepass/progressiontracks -> 200
#3245 GET /storefront/battlepass/progressiontracks -> 200
#3246 GET /storefront/battlepass/progressiontracks -> 200
#3247 GET /storefront/battlepass/progressiontracks -> 200
#3248 GET /storefront/battlepass/progressiontracks -> 200
#3249 GET /storefront/battlepass/progressiontracks -> 200
#3250 GET /storefront/battlepass/progressiontracks -> 200
#3251 GET /storefront/battlepass/progressiontracks -> 200
#3252 GET /storefront/battlepass/progressiontracks -> 200
#3253 GET /storefront/battlepass/progressiontracks -> 200
#3254 GET /storefront/battlepass/progressiontracks -> 200
#3255 GET /storefront/battlepass/progressiontracks -> 200
#3256 GET /storefront/battlepass/progressiontracks -> 200
#3257 GET /storefront/battlepass/progressiontracks -> 200
#3258 GET /storefront/battlepass/progressiontracks -> 200
#3259 GET /storefront/battlepass/progressiontracks -> 200
#3260 GET /storefront/battlepass/progressiontracks -> 200
#3261 GET /storefront/battlepass/progressiontracks -> 200
#3262 GET /storefront/battlepass/progressiontracks -> 200
#3263 GET /storefront/battlepass/progressiontracks -> 200
#3264 GET /storefront/battlepass/progressiontracks -> 200
#3265 GET /storefront/battlepass/progressiontracks -> 200
#3266 GET /storefront/battlepass/progressiontracks -> 200
#3267 GET /storefront/battlepass/progressiontracks -> 200
#3268 GET /storefront/battlepass/progressiontracks -> 200
#3269 GET /storefront/battlepass/progressiontracks -> 200
#3270 GET /storefront/battlepass/progressiontracks -> 200
#3271 GET /storefront/battlepass/progressiontracks -> 200
#3272 GET /storefront/battlepass/progressiontracks -> 200
#3273 GET /storefront/battlepass/progressiontracks -> 200
#3274 GET /storefront/battlepass/progressiontracks -> 200
#3275 GET /storefront/battlepass/progressiontracks -> 200
#3276 GET /storefront/battlepass/progressiontracks -> 200
#3277 GET /storefront/battlepass/progressiontracks -> 200
#3278 GET /storefront/battlepass/progressiontracks -> 200
#3279 GET /storefront/battlepass/progressiontracks -> 200
#3280 GET /storefront/battlepass/progressiontracks -> 200
#3281 GET /storefront/battlepass/progressiontracks -> 200
#3282 GET /storefront/battlepass/progressiontracks -> 200
#3283 GET /storefront/battlepass/progressiontracks -> 200
#3284 GET /storefront/battlepass/progressiontracks -> 200
#3285 GET /storefront/battlepass/progressiontracks -> 200
#3286 GET /storefront/battlepass/progressiontracks -> 200
#3287 GET /storefront/battlepass/progressiontracks -> 200

* 17:14:04.045  WS <- /notifications/players/9b9d2c887e2524f918e383a895f2f1c2 BINARY (2 bytes) 6862
#3288 GET /storefront/battlepass/progressiontracks -> 200

* 17:14:04.068  WS -> /notifications/players/9b9d2c887e2524f918e383a895f2f1c2 TEXT hb reply {"Resource":"hb","Version":0,"Payload":""}
#3289 GET /storefront/battlepass/progressiontracks -> 200
#3290 GET /storefront/battlepass/progressiontracks -> 200
#3291 GET /storefront/battlepass/progressiontracks -> 200
#3292 GET /storefront/battlepass/progressiontracks -> 200
#3293 GET /storefront/battlepass/progressiontracks -> 200
#3294 GET /storefront/battlepass/progressiontracks -> 200
#3295 GET /storefront/battlepass/progressiontracks -> 200
#3296 GET /storefront/battlepass/progressiontracks -> 200
#3297 GET /storefront/battlepass/progressiontracks -> 200
#3298 GET /storefront/battlepass/progressiontracks -> 200
#3299 GET /storefront/battlepass/progressiontracks -> 200
#3300 GET /storefront/battlepass/progressiontracks -> 200
#3301 GET /storefront/battlepass/progressiontracks -> 200
#3302 GET /storefront/battlepass/progressiontracks -> 200
#3303 GET /storefront/battlepass/progressiontracks -> 200
#3304 GET /storefront/battlepass/progressiontracks -> 200
#3305 GET /storefront/battlepass/progressiontracks -> 200
#3306 GET /storefront/battlepass/progressiontracks -> 200
#3307 GET /storefront/battlepass/progressiontracks -> 200
#3308 GET /storefront/battlepass/progressiontracks -> 200
#3309 GET /storefront/battlepass/progressiontracks -> 200
#3310 GET /storefront/battlepass/progressiontracks -> 200
#3311 GET /storefront/battlepass/progressiontracks -> 200
#3312 GET /storefront/battlepass/progressiontracks -> 200
#3313 GET /storefront/battlepass/progressiontracks -> 200
#3314 GET /storefront/battlepass/progressiontracks -> 200
#3315 GET /storefront/battlepass/progressiontracks -> 200
#3316 GET /storefront/battlepass/progressiontracks -> 200
#3317 GET /storefront/battlepass/progressiontracks -> 200
#3318 GET /storefront/battlepass/progressiontracks -> 200
#3319 GET /storefront/battlepass/progressiontracks -> 200
#3320 GET /storefront/battlepass/progressiontracks -> 200
#3321 GET /storefront/battlepass/progressiontracks -> 200
#3322 GET /storefront/battlepass/progressiontracks -> 200
#3323 GET /storefront/battlepass/progressiontracks -> 200
#3324 GET /storefront/battlepass/progressiontracks -> 200
#3325 GET /storefront/battlepass/progressiontracks -> 200
#3326 GET /storefront/battlepass/progressiontracks -> 200
#3327 GET /storefront/battlepass/progressiontracks -> 200
#3328 GET /storefront/battlepass/progressiontracks -> 200
#3329 GET /storefront/battlepass/progressiontracks -> 200
#3330 GET /storefront/battlepass/progressiontracks -> 200
#3331 GET /storefront/battlepass/progressiontracks -> 200
#3332 GET /storefront/battlepass/progressiontracks -> 200
#3333 GET /storefront/battlepass/progressiontracks -> 200
#3334 GET /storefront/battlepass/progressiontracks -> 200
#3335 GET /storefront/battlepass/progressiontracks -> 200
#3336 GET /storefront/battlepass/progressiontracks -> 200
#3337 GET /storefront/battlepass/progressiontracks -> 200
#3338 GET /storefront/battlepass/progressiontracks -> 200
#3339 GET /storefront/battlepass/progressiontracks -> 200
#3340 GET /storefront/battlepass/progressiontracks -> 200
#3341 GET /storefront/battlepass/progressiontracks -> 200
#3342 GET /storefront/battlepass/progressiontracks -> 200
#3343 GET /storefront/battlepass/progressiontracks -> 200
#3344 GET /storefront/battlepass/progressiontracks -> 200
#3345 GET /storefront/battlepass/progressiontracks -> 200
#3346 GET /storefront/battlepass/progressiontracks -> 200
#3347 GET /storefront/battlepass/progressiontracks -> 200
#3348 GET /storefront/battlepass/progressiontracks -> 200
#3349 GET /storefront/battlepass/progressiontracks -> 200
#3350 GET /storefront/battlepass/progressiontracks -> 200
#3351 GET /storefront/battlepass/progressiontracks -> 200
#3352 GET /storefront/battlepass/progressiontracks -> 200
#3353 GET /storefront/battlepass/progressiontracks -> 200
#3354 GET /storefront/battlepass/progressiontracks -> 200
#3355 GET /storefront/battlepass/progressiontracks -> 200
#3356 GET /storefront/battlepass/progressiontracks -> 200
#3357 GET /storefront/battlepass/progressiontracks -> 200
#3358 GET /storefront/battlepass/progressiontracks -> 200
#3359 GET /storefront/battlepass/progressiontracks -> 200
#3360 GET /storefront/battlepass/progressiontracks -> 200
#3361 GET /storefront/battlepass/progressiontracks -> 200
#3362 GET /storefront/battlepass/progressiontracks -> 200
#3363 GET /storefront/battlepass/progressiontracks -> 200
#3364 GET /storefront/battlepass/progressiontracks -> 200
#3365 GET /storefront/battlepass/progressiontracks -> 200
#3366 GET /storefront/battlepass/progressiontracks -> 200
#3367 GET /storefront/battlepass/progressiontracks -> 200
#3368 GET /storefront/battlepass/progressiontracks -> 200
#3369 GET /storefront/battlepass/progressiontracks -> 200
#3370 GET /storefront/battlepass/progressiontracks -> 200
#3371 GET /storefront/battlepass/progressiontracks -> 200
#3372 GET /storefront/battlepass/progressiontracks -> 200
#3373 GET /storefront/battlepass/progressiontracks -> 200
#3374 GET /storefront/battlepass/progressiontracks -> 200
#3375 GET /storefront/battlepass/progressiontracks -> 200
#3376 GET /storefront/battlepass/progressiontracks -> 200
#3377 GET /storefront/battlepass/progressiontracks -> 200
#3378 GET /storefront/battlepass/progressiontracks -> 200
#3379 GET /storefront/battlepass/progressiontracks -> 200
#3380 GET /storefront/battlepass/progressiontracks -> 200
#3381 GET /storefront/battlepass/progressiontracks -> 200
#3382 GET /storefront/battlepass/progressiontracks -> 200
#3383 GET /storefront/battlepass/progressiontracks -> 200
#3384 GET /storefront/battlepass/progressiontracks -> 200
#3385 GET /storefront/battlepass/progressiontracks -> 200
#3386 GET /storefront/battlepass/progressiontracks -> 200
#3387 GET /storefront/battlepass/progressiontracks -> 200
#3388 GET /storefront/battlepass/progressiontracks -> 200
#3389 GET /storefront/battlepass/progressiontracks -> 200
#3390 GET /party/players/9b9d2c887e2524f918e383a895f2f1c2/voice -> 200
#3391 GET /storefront/battlepass/progressiontracks -> 200
#3392 GET /storefront/battlepass/progressiontracks -> 200
#3393 GET /storefront/battlepass/progressiontracks -> 200
#3394 GET /storefront/battlepass/progressiontracks -> 200
#3395 GET /storefront/battlepass/progressiontracks -> 200
#3396 POST /game-telemetry/v1/protected/events -> 200
#3397 GET /storefront/battlepass/progressiontracks -> 200
#3398 GET /storefront/battlepass/progressiontracks -> 200
#3399 GET /storefront/battlepass/progressiontracks -> 200
#3400 GET /storefront/battlepass/progressiontracks -> 200
#3401 GET /storefront/battlepass/progressiontracks -> 200
#3402 GET /storefront/battlepass/progressiontracks -> 200
#3403 GET /storefront/battlepass/progressiontracks -> 200
#3404 GET /storefront/battlepass/progressiontracks -> 200
#3405 GET /storefront/battlepass/progressiontracks -> 200
#3406 GET /storefront/battlepass/progressiontracks -> 200
#3407 GET /storefront/battlepass/progressiontracks -> 200
#3408 GET /storefront/battlepass/progressiontracks -> 200
#3409 GET /storefront/battlepass/progressiontracks -> 200
#3410 GET /storefront/battlepass/progressiontracks -> 200
#3411 GET /storefront/battlepass/progressiontracks -> 200
#3412 GET /storefront/battlepass/progressiontracks -> 200
#3413 GET /storefront/battlepass/progressiontracks -> 200
#3414 GET /storefront/battlepass/progressiontracks -> 200
#3415 GET /storefront/battlepass/progressiontracks -> 200
#3416 GET /storefront/battlepass/progressiontracks -> 200
#3417 GET /storefront/battlepass/progressiontracks -> 200
#3418 GET /storefront/battlepass/progressiontracks -> 200
#3419 GET /storefront/battlepass/progressiontracks -> 200
#3420 GET /storefront/battlepass/progressiontracks -> 200
#3421 GET /storefront/battlepass/progressiontracks -> 200
#3422 GET /storefront/battlepass/progressiontracks -> 200
#3423 GET /storefront/battlepass/progressiontracks -> 200
#3424 GET /storefront/battlepass/progressiontracks -> 200
#3425 GET /storefront/battlepass/progressiontracks -> 200
#3426 GET /storefront/battlepass/progressiontracks -> 200
#3427 GET /storefront/battlepass/progressiontracks -> 200
#3428 GET /storefront/battlepass/progressiontracks -> 200
#3429 GET /storefront/battlepass/progressiontracks -> 200
#3430 GET /storefront/battlepass/progressiontracks -> 200
#3431 GET /storefront/battlepass/progressiontracks -> 200
#3432 GET /storefront/battlepass/progressiontracks -> 200
#3433 GET /storefront/battlepass/progressiontracks -> 200
#3434 GET /storefront/battlepass/progressiontracks -> 200
#3435 GET /storefront/battlepass/progressiontracks -> 200
#3436 GET /storefront/battlepass/progressiontracks -> 200
#3437 GET /storefront/battlepass/progressiontracks -> 200
#3438 GET /storefront/battlepass/progressiontracks -> 200
#3439 GET /storefront/battlepass/progressiontracks -> 200
#3440 GET /storefront/battlepass/progressiontracks -> 200
#3441 GET /storefront/battlepass/progressiontracks -> 200
#3442 GET /storefront/battlepass/progressiontracks -> 200
#3443 GET /storefront/battlepass/progressiontracks -> 200
#3444 GET /storefront/battlepass/progressiontracks -> 200
#3445 GET /storefront/battlepass/progressiontracks -> 200
#3446 GET /storefront/battlepass/progressiontracks -> 200
#3447 GET /storefront/battlepass/progressiontracks -> 200
#3448 GET /storefront/battlepass/progressiontracks -> 200
#3449 GET /storefront/battlepass/progressiontracks -> 200
#3450 GET /storefront/battlepass/progressiontracks -> 200
#3451 GET /storefront/battlepass/progressiontracks -> 200
#3452 GET /storefront/battlepass/progressiontracks -> 200
#3453 GET /storefront/battlepass/progressiontracks -> 200
#3454 GET /storefront/battlepass/progressiontracks -> 200
#3455 GET /storefront/battlepass/progressiontracks -> 200
#3456 GET /storefront/battlepass/progressiontracks -> 200
#3457 GET /storefront/battlepass/progressiontracks -> 200
#3458 GET /storefront/battlepass/progressiontracks -> 200
#3459 GET /storefront/battlepass/progressiontracks -> 200
#3460 GET /storefront/battlepass/progressiontracks -> 200
#3461 GET /storefront/battlepass/progressiontracks -> 200
#3462 GET /storefront/battlepass/progressiontracks -> 200
#3463 GET /storefront/battlepass/progressiontracks -> 200
#3464 GET /storefront/battlepass/progressiontracks -> 200
#3465 GET /storefront/battlepass/progressiontracks -> 200
#3466 GET /storefront/battlepass/progressiontracks -> 200
#3467 GET /storefront/battlepass/progressiontracks -> 200
#3468 GET /storefront/battlepass/progressiontracks -> 200
#3469 GET /storefront/battlepass/progressiontracks -> 200
#3470 GET /storefront/battlepass/progressiontracks -> 200
#3471 GET /storefront/battlepass/progressiontracks -> 200
#3472 GET /storefront/battlepass/progressiontracks -> 200
#3473 GET /storefront/battlepass/progressiontracks -> 200
#3474 GET /storefront/battlepass/progressiontracks -> 200
#3475 GET /storefront/battlepass/progressiontracks -> 200
#3476 GET /storefront/battlepass/progressiontracks -> 200
#3477 GET /storefront/battlepass/progressiontracks -> 200
#3478 GET /storefront/battlepass/progressiontracks -> 200
#3479 GET /storefront/battlepass/progressiontracks -> 200

* 17:14:17.190  WS <- /lobby TEXT ""
#3480 GET /storefront/battlepass/progressiontracks -> 200
#3481 GET /storefront/battlepass/progressiontracks -> 200
#3482 GET /storefront/battlepass/progressiontracks -> 200
#3483 GET /storefront/battlepass/progressiontracks -> 200
#3484 GET /storefront/battlepass/progressiontracks -> 200
#3485 GET /storefront/battlepass/progressiontracks -> 200
#3486 GET /storefront/battlepass/progressiontracks -> 200
#3487 GET /storefront/battlepass/progressiontracks -> 200
#3488 GET /storefront/battlepass/progressiontracks -> 200
#3489 GET /storefront/battlepass/progressiontracks -> 200
#3490 GET /storefront/battlepass/progressiontracks -> 200
#3491 GET /storefront/battlepass/progressiontracks -> 200
#3492 GET /storefront/battlepass/progressiontracks -> 200
#3493 GET /storefront/battlepass/progressiontracks -> 200
#3494 GET /storefront/battlepass/progressiontracks -> 200
#3495 GET /storefront/battlepass/progressiontracks -> 200
#3496 GET /storefront/battlepass/progressiontracks -> 200
#3497 GET /storefront/battlepass/progressiontracks -> 200
#3498 GET /storefront/battlepass/progressiontracks -> 200
#3499 GET /storefront/battlepass/progressiontracks -> 200
#3500 GET /storefront/battlepass/progressiontracks -> 200
#3501 GET /storefront/battlepass/progressiontracks -> 200
#3502 GET /storefront/battlepass/progressiontracks -> 200
#3503 GET /storefront/battlepass/progressiontracks -> 200
#3504 GET /storefront/battlepass/progressiontracks -> 200
#3505 GET /storefront/battlepass/progressiontracks -> 200
#3506 GET /storefront/battlepass/progressiontracks -> 200
#3507 GET /storefront/battlepass/progressiontracks -> 200
#3508 GET /storefront/battlepass/progressiontracks -> 200
#3509 GET /storefront/battlepass/progressiontracks -> 200
#3510 GET /storefront/battlepass/progressiontracks -> 200
#3511 GET /storefront/battlepass/progressiontracks -> 200
#3512 GET /storefront/battlepass/progressiontracks -> 200
#3513 GET /storefront/battlepass/progressiontracks -> 200
#3514 GET /storefront/battlepass/progressiontracks -> 200
#3515 GET /storefront/battlepass/progressiontracks -> 200
#3516 GET /storefront/battlepass/progressiontracks -> 200
#3517 GET /storefront/battlepass/progressiontracks -> 200
#3518 GET /storefront/battlepass/progressiontracks -> 200
#3519 GET /storefront/battlepass/progressiontracks -> 200
#3520 GET /storefront/battlepass/progressiontracks -> 200
#3521 GET /storefront/battlepass/progressiontracks -> 200
#3522 GET /storefront/battlepass/progressiontracks -> 200
#3523 GET /storefront/battlepass/progressiontracks -> 200
#3524 GET /storefront/battlepass/progressiontracks -> 200
#3525 GET /storefront/battlepass/progressiontracks -> 200
#3526 GET /storefront/battlepass/progressiontracks -> 200
#3527 GET /storefront/battlepass/progressiontracks -> 200
#3528 GET /storefront/battlepass/progressiontracks -> 200
#3529 GET /storefront/battlepass/progressiontracks -> 200
#3530 GET /storefront/battlepass/progressiontracks -> 200
#3531 GET /storefront/battlepass/progressiontracks -> 200
#3532 GET /storefront/battlepass/progressiontracks -> 200
#3533 GET /storefront/battlepass/progressiontracks -> 200
#3534 GET /storefront/battlepass/progressiontracks -> 200
#3535 GET /storefront/battlepass/progressiontracks -> 200
#3536 GET /storefront/battlepass/progressiontracks -> 200
#3537 GET /storefront/battlepass/progressiontracks -> 200
#3538 GET /storefront/battlepass/progressiontracks -> 200
#3539 GET /storefront/battlepass/progressiontracks -> 200
#3540 GET /storefront/battlepass/progressiontracks -> 200
#3541 GET /storefront/battlepass/progressiontracks -> 200
#3542 GET /storefront/battlepass/progressiontracks -> 200
#3543 GET /storefront/battlepass/progressiontracks -> 200
#3544 GET /storefront/battlepass/progressiontracks -> 200
#3545 GET /storefront/battlepass/progressiontracks -> 200
#3546 GET /storefront/battlepass/progressiontracks -> 200
#3547 GET /storefront/battlepass/progressiontracks -> 200
#3548 GET /storefront/battlepass/progressiontracks -> 200
#3549 GET /storefront/battlepass/progressiontracks -> 200
#3550 GET /storefront/battlepass/progressiontracks -> 200
#3551 GET /storefront/battlepass/progressiontracks -> 200
#3552 GET /storefront/battlepass/progressiontracks -> 200
#3553 GET /storefront/battlepass/progressiontracks -> 200
#3554 GET /storefront/battlepass/progressiontracks -> 200
#3555 GET /storefront/battlepass/progressiontracks -> 200
#3556 GET /storefront/battlepass/progressiontracks -> 200
#3557 GET /storefront/battlepass/progressiontracks -> 200
#3558 GET /storefront/battlepass/progressiontracks -> 200
#3559 GET /storefront/battlepass/progressiontracks -> 200
#3560 GET /storefront/battlepass/progressiontracks -> 200
#3561 GET /storefront/battlepass/progressiontracks -> 200
#3562 GET /storefront/battlepass/progressiontracks -> 200
#3563 GET /storefront/battlepass/progressiontracks -> 200
#3564 GET /storefront/battlepass/progressiontracks -> 200
#3565 GET /storefront/battlepass/progressiontracks -> 200
#3566 GET /storefront/battlepass/progressiontracks -> 200
#3567 GET /storefront/battlepass/progressiontracks -> 200
#3568 GET /storefront/battlepass/progressiontracks -> 200
#3569 GET /storefront/battlepass/progressiontracks -> 200
#3570 GET /storefront/battlepass/progressiontracks -> 200
#3571 GET /storefront/battlepass/progressiontracks -> 200
#3572 GET /storefront/battlepass/progressiontracks -> 200
#3573 GET /storefront/battlepass/progressiontracks -> 200
#3574 GET /storefront/battlepass/progressiontracks -> 200
#3575 GET /storefront/battlepass/progressiontracks -> 200
#3576 GET /storefront/battlepass/progressiontracks -> 200
#3577 GET /storefront/battlepass/progressiontracks -> 200
#3578 GET /storefront/battlepass/progressiontracks -> 200
#3579 GET /storefront/battlepass/progressiontracks -> 200
#3580 GET /storefront/battlepass/progressiontracks -> 200
#3581 GET /configuration/client -> 200
#3582 GET /storefront/battlepass/progressiontracks -> 200
#3583 GET /content-service/manifest/release2.4.live-156430-shipping -> 200
#3584 GET /storefront/battlepass/progressiontracks -> 200
#3585 GET /party/matchmaking/info -> 200
#3586 GET /core-game/regions -> 200
#3587 GET /storefront/battlepass/progressiontracks -> 200
#3588 POST /party/parties/party-9b9d2c887e2524f918e383a895f2f1c2/members/9b9d2c887e2524f918e383a895f2f1c2/latencies -> 200
#3589 GET /storefront/battlepass/progressiontracks -> 200
#3590 GET /storefront/battlepass/progressiontracks -> 200
#3591 GET /storefront/battlepass/progressiontracks -> 200
#3592 GET /storefront/battlepass/progressiontracks -> 200
#3593 GET /storefront/battlepass/progressiontracks -> 200
#3594 GET /storefront/battlepass/progressiontracks -> 200
#3595 GET /storefront/battlepass/progressiontracks -> 200
#3596 GET /storefront/battlepass/progressiontracks -> 200
#3597 GET /storefront/battlepass/progressiontracks -> 200
#3598 GET /storefront/battlepass/progressiontracks -> 200
#3599 GET /storefront/battlepass/progressiontracks -> 200
#3600 GET /storefront/battlepass/progressiontracks -> 200
#3601 GET /storefront/battlepass/progressiontracks -> 200
#3602 GET /storefront/battlepass/progressiontracks -> 200
#3603 GET /storefront/battlepass/progressiontracks -> 200
#3604 GET /storefront/battlepass/progressiontracks -> 200
#3605 GET /storefront/battlepass/progressiontracks -> 200
#3606 GET /storefront/battlepass/progressiontracks -> 200
#3607 GET /storefront/battlepass/progressiontracks -> 200
#3608 GET /storefront/battlepass/progressiontracks -> 200
#3609 GET /storefront/battlepass/progressiontracks -> 200
#3610 GET /storefront/battlepass/progressiontracks -> 200
#3611 GET /storefront/battlepass/progressiontracks -> 200
#3612 GET /storefront/battlepass/progressiontracks -> 200
#3613 GET /storefront/battlepass/progressiontracks -> 200
#3614 GET /storefront/battlepass/progressiontracks -> 200
#3615 GET /storefront/battlepass/progressiontracks -> 200
#3616 GET /storefront/battlepass/progressiontracks -> 200
#3617 GET /storefront/battlepass/progressiontracks -> 200
#3618 GET /storefront/battlepass/progressiontracks -> 200
#3619 GET /storefront/battlepass/progressiontracks -> 200
#3620 GET /storefront/battlepass/progressiontracks -> 200
#3621 GET /storefront/battlepass/progressiontracks -> 200
#3622 GET /storefront/battlepass/progressiontracks -> 200
#3623 GET /storefront/battlepass/progressiontracks -> 200
#3624 GET /storefront/battlepass/progressiontracks -> 200
#3625 GET /storefront/battlepass/progressiontracks -> 200
#3626 GET /storefront/battlepass/progressiontracks -> 200
#3627 GET /storefront/battlepass/progressiontracks -> 200
#3628 GET /storefront/battlepass/progressiontracks -> 200
#3629 GET /storefront/battlepass/progressiontracks -> 200
#3630 GET /storefront/battlepass/progressiontracks -> 200
#3631 GET /storefront/battlepass/progressiontracks -> 200
#3632 GET /storefront/battlepass/progressiontracks -> 200
#3633 GET /storefront/battlepass/progressiontracks -> 200
#3634 GET /storefront/battlepass/progressiontracks -> 200
#3635 GET /storefront/battlepass/progressiontracks -> 200
#3636 GET /storefront/battlepass/progressiontracks -> 200
#3637 GET /storefront/battlepass/progressiontracks -> 200
#3638 GET /storefront/battlepass/progressiontracks -> 200
#3639 GET /storefront/battlepass/progressiontracks -> 200
#3640 GET /storefront/battlepass/progressiontracks -> 200
#3641 GET /storefront/battlepass/progressiontracks -> 200
#3642 GET /storefront/battlepass/progressiontracks -> 200
#3643 GET /storefront/battlepass/progressiontracks -> 200
#3644 GET /storefront/battlepass/progressiontracks -> 200
#3645 GET /storefront/battlepass/progressiontracks -> 200
#3646 GET /storefront/battlepass/progressiontracks -> 200
#3647 GET /storefront/battlepass/progressiontracks -> 200
#3648 GET /storefront/battlepass/progressiontracks -> 200
#3649 GET /storefront/battlepass/progressiontracks -> 200
#3650 GET /storefront/battlepass/progressiontracks -> 200
#3651 GET /storefront/battlepass/progressiontracks -> 200
#3652 GET /storefront/battlepass/progressiontracks -> 200
#3653 GET /storefront/battlepass/progressiontracks -> 200
#3654 GET /storefront/battlepass/progressiontracks -> 200
#3655 GET /storefront/battlepass/progressiontracks -> 200
#3656 GET /storefront/battlepass/progressiontracks -> 200
#3657 GET /storefront/battlepass/progressiontracks -> 200
#3658 GET /storefront/battlepass/progressiontracks -> 200
#3659 GET /storefront/battlepass/progressiontracks -> 200
#3660 GET /storefront/battlepass/progressiontracks -> 200
#3661 GET /storefront/battlepass/progressiontracks -> 200
#3662 GET /storefront/battlepass/progressiontracks -> 200
#3663 GET /storefront/battlepass/progressiontracks -> 200
#3664 GET /storefront/battlepass/progressiontracks -> 200
#3665 GET /storefront/battlepass/progressiontracks -> 200
#3666 GET /storefront/battlepass/progressiontracks -> 200
#3667 GET /storefront/battlepass/progressiontracks -> 200
#3668 GET /storefront/battlepass/progressiontracks -> 200
#3669 GET /storefront/battlepass/progressiontracks -> 200
#3670 GET /storefront/battlepass/progressiontracks -> 200
#3671 GET /storefront/battlepass/progressiontracks -> 200
#3672 GET /storefront/battlepass/progressiontracks -> 200
#3673 GET /storefront/battlepass/progressiontracks -> 200
#3674 GET /storefront/battlepass/progressiontracks -> 200
#3675 GET /storefront/battlepass/progressiontracks -> 200
#3676 GET /storefront/battlepass/progressiontracks -> 200
#3677 GET /storefront/battlepass/progressiontracks -> 200
#3678 GET /storefront/battlepass/progressiontracks -> 200
#3679 GET /storefront/battlepass/progressiontracks -> 200
#3680 GET /storefront/battlepass/progressiontracks -> 200
#3681 GET /storefront/battlepass/progressiontracks -> 200
#3682 GET /storefront/battlepass/progressiontracks -> 200
#3683 GET /storefront/battlepass/progressiontracks -> 200
#3684 GET /storefront/battlepass/progressiontracks -> 200
#3685 GET /storefront/battlepass/progressiontracks -> 200
#3686 GET /storefront/battlepass/progressiontracks -> 200
#3687 GET /storefront/battlepass/progressiontracks -> 200
#3688 GET /storefront/battlepass/progressiontracks -> 200
#3689 GET /storefront/battlepass/progressiontracks -> 200
#3690 GET /storefront/battlepass/progressiontracks -> 200
#3691 GET /storefront/battlepass/progressiontracks -> 200
#3692 GET /storefront/battlepass/progressiontracks -> 200
#3693 GET /storefront/battlepass/progressiontracks -> 200
#3694 GET /storefront/battlepass/progressiontracks -> 200
#3695 GET /storefront/battlepass/progressiontracks -> 200
#3696 GET /storefront/battlepass/progressiontracks -> 200
#3697 GET /storefront/battlepass/progressiontracks -> 200
#3698 GET /storefront/battlepass/progressiontracks -> 200
#3699 GET /storefront/battlepass/progressiontracks -> 200
#3700 GET /storefront/battlepass/progressiontracks -> 200
#3701 GET /storefront/battlepass/progressiontracks -> 200
#3702 GET /storefront/battlepass/progressiontracks -> 200
#3703 GET /storefront/battlepass/progressiontracks -> 200
#3704 GET /storefront/battlepass/progressiontracks -> 200
#3705 GET /storefront/battlepass/progressiontracks -> 200
#3706 GET /storefront/battlepass/progressiontracks -> 200
#3707 GET /storefront/battlepass/progressiontracks -> 200
#3708 GET /storefront/battlepass/progressiontracks -> 200
#3709 GET /storefront/battlepass/progressiontracks -> 200
#3710 GET /storefront/battlepass/progressiontracks -> 200
#3711 GET /storefront/battlepass/progressiontracks -> 200
#3712 GET /storefront/battlepass/progressiontracks -> 200
#3713 GET /storefront/battlepass/progressiontracks -> 200
#3714 GET /storefront/battlepass/progressiontracks -> 200
#3715 GET /storefront/battlepass/progressiontracks -> 200
#3716 GET /storefront/battlepass/progressiontracks -> 200
#3717 GET /storefront/battlepass/progressiontracks -> 200
#3718 GET /storefront/battlepass/progressiontracks -> 200
#3719 GET /storefront/battlepass/progressiontracks -> 200
#3720 GET /storefront/battlepass/progressiontracks -> 200
#3721 GET /storefront/battlepass/progressiontracks -> 200
#3722 GET /storefront/battlepass/progressiontracks -> 200
#3723 GET /storefront/battlepass/progressiontracks -> 200
#3724 GET /storefront/battlepass/progressiontracks -> 200
#3725 GET /storefront/battlepass/progressiontracks -> 200
#3726 GET /storefront/battlepass/progressiontracks -> 200
#3727 GET /storefront/battlepass/progressiontracks -> 200
#3728 GET /storefront/battlepass/progressiontracks -> 200
#3729 GET /storefront/battlepass/progressiontracks -> 200
#3730 GET /storefront/battlepass/progressiontracks -> 200
#3731 GET /storefront/battlepass/progressiontracks -> 200
#3732 GET /storefront/battlepass/progressiontracks -> 200
#3733 GET /storefront/battlepass/progressiontracks -> 200
#3734 GET /storefront/battlepass/progressiontracks -> 200
#3735 GET /storefront/battlepass/progressiontracks -> 200
#3736 GET /storefront/battlepass/progressiontracks -> 200
#3737 GET /storefront/battlepass/progressiontracks -> 200
#3738 GET /storefront/battlepass/progressiontracks -> 200
#3739 GET /storefront/battlepass/progressiontracks -> 200

* 17:14:34.135  WS -> /notifications/players/9b9d2c887e2524f918e383a895f2f1c2 BINARY hb (proactive 30s keepalive)
#3740 GET /storefront/battlepass/progressiontracks -> 200
#3741 GET /storefront/battlepass/progressiontracks -> 200
#3742 GET /storefront/battlepass/progressiontracks -> 200
#3743 GET /storefront/battlepass/progressiontracks -> 200
#3744 GET /storefront/battlepass/progressiontracks -> 200
#3745 GET /storefront/battlepass/progressiontracks -> 200
#3746 GET /storefront/battlepass/progressiontracks -> 200
#3747 GET /storefront/battlepass/progressiontracks -> 200
#3748 GET /storefront/battlepass/progressiontracks -> 200
#3749 GET /storefront/battlepass/progressiontracks -> 200
#3750 GET /storefront/battlepass/progressiontracks -> 200
#3751 GET /storefront/battlepass/progressiontracks -> 200
#3752 GET /storefront/battlepass/progressiontracks -> 200
#3753 GET /storefront/battlepass/progressiontracks -> 200
#3754 GET /storefront/battlepass/progressiontracks -> 200
#3755 GET /storefront/battlepass/progressiontracks -> 200
#3756 GET /storefront/battlepass/progressiontracks -> 200
#3757 GET /storefront/battlepass/progressiontracks -> 200
#3758 GET /storefront/battlepass/progressiontracks -> 200
#3759 GET /storefront/battlepass/progressiontracks -> 200
#3760 GET /storefront/battlepass/progressiontracks -> 200
#3761 GET /storefront/battlepass/progressiontracks -> 200
#3762 GET /storefront/battlepass/progressiontracks -> 200
#3763 GET /storefront/battlepass/progressiontracks -> 200
#3764 GET /storefront/battlepass/progressiontracks -> 200
#3765 GET /storefront/battlepass/progressiontracks -> 200
#3766 GET /storefront/battlepass/progressiontracks -> 200
#3767 GET /storefront/battlepass/progressiontracks -> 200
#3768 GET /storefront/battlepass/progressiontracks -> 200
#3769 GET /storefront/battlepass/progressiontracks -> 200
#3770 GET /storefront/battlepass/progressiontracks -> 200
#3771 GET /storefront/battlepass/progressiontracks -> 200
#3772 GET /storefront/battlepass/progressiontracks -> 200
#3773 GET /storefront/battlepass/progressiontracks -> 200
#3774 GET /storefront/battlepass/progressiontracks -> 200
#3775 GET /storefront/battlepass/progressiontracks -> 200
#3776 GET /storefront/battlepass/progressiontracks -> 200
#3777 GET /storefront/battlepass/progressiontracks -> 200
#3778 GET /storefront/battlepass/progressiontracks -> 200
#3779 GET /storefront/battlepass/progressiontracks -> 200
#3780 GET /storefront/battlepass/progressiontracks -> 200
#3781 GET /storefront/battlepass/progressiontracks -> 200
#3782 GET /storefront/battlepass/progressiontracks -> 200
#3783 GET /storefront/battlepass/progressiontracks -> 200
#3784 GET /storefront/battlepass/progressiontracks -> 200
#3785 GET /storefront/battlepass/progressiontracks -> 200
#3786 GET /storefront/battlepass/progressiontracks -> 200
#3787 GET /storefront/battlepass/progressiontracks -> 200
#3788 GET /storefront/battlepass/progressiontracks -> 200
#3789 GET /storefront/battlepass/progressiontracks -> 200
#3790 GET /storefront/battlepass/progressiontracks -> 200
#3791 GET /storefront/battlepass/progressiontracks -> 200
#3792 GET /storefront/battlepass/progressiontracks -> 200
#3793 GET /storefront/battlepass/progressiontracks -> 200
#3794 GET /storefront/battlepass/progressiontracks -> 200
#3795 GET /storefront/battlepass/progressiontracks -> 200
#3796 GET /storefront/battlepass/progressiontracks -> 200
#3797 GET /storefront/battlepass/progressiontracks -> 200
#3798 GET /storefront/battlepass/progressiontracks -> 200
#3799 GET /storefront/battlepass/progressiontracks -> 200
#3800 GET /storefront/battlepass/progressiontracks -> 200
#3801 GET /storefront/battlepass/progressiontracks -> 200
#3802 GET /storefront/battlepass/progressiontracks -> 200
#3803 GET /storefront/battlepass/progressiontracks -> 200
#3804 GET /storefront/battlepass/progressiontracks -> 200
#3805 GET /storefront/battlepass/progressiontracks -> 200
#3806 GET /storefront/battlepass/progressiontracks -> 200
#3807 GET /storefront/battlepass/progressiontracks -> 200
#3808 GET /storefront/battlepass/progressiontracks -> 200
#3809 GET /storefront/battlepass/progressiontracks -> 200
#3810 GET /storefront/battlepass/progressiontracks -> 200
#3811 GET /storefront/battlepass/progressiontracks -> 200
#3812 GET /storefront/battlepass/progressiontracks -> 200
#3813 GET /storefront/battlepass/progressiontracks -> 200
#3814 GET /storefront/battlepass/progressiontracks -> 200
#3815 GET /storefront/battlepass/progressiontracks -> 200
#3816 GET /storefront/battlepass/progressiontracks -> 200
#3817 GET /storefront/battlepass/progressiontracks -> 200
#3818 GET /storefront/battlepass/progressiontracks -> 200
#3819 GET /storefront/battlepass/progressiontracks -> 200
#3820 GET /storefront/battlepass/progressiontracks -> 200
#3821 GET /storefront/battlepass/progressiontracks -> 200
#3822 GET /storefront/battlepass/progressiontracks -> 200
#3823 GET /storefront/battlepass/progressiontracks -> 200
#3824 GET /storefront/battlepass/progressiontracks -> 200
#3825 GET /storefront/battlepass/progressiontracks -> 200
#3826 GET /storefront/battlepass/progressiontracks -> 200
#3827 GET /storefront/battlepass/progressiontracks -> 200
#3828 GET /storefront/battlepass/progressiontracks -> 200
#3829 GET /storefront/battlepass/progressiontracks -> 200
#3830 GET /storefront/battlepass/progressiontracks -> 200
#3831 GET /storefront/battlepass/progressiontracks -> 200
#3832 GET /storefront/battlepass/progressiontracks -> 200
#3833 GET /storefront/battlepass/progressiontracks -> 200
#3834 GET /storefront/battlepass/progressiontracks -> 200
#3835 GET /storefront/battlepass/progressiontracks -> 200
#3836 GET /storefront/battlepass/progressiontracks -> 200
#3837 GET /storefront/battlepass/progressiontracks -> 200
#3838 GET /storefront/battlepass/progressiontracks -> 200
#3839 GET /storefront/battlepass/progressiontracks -> 200
#3840 GET /storefront/battlepass/progressiontracks -> 200
#3841 GET /storefront/battlepass/progressiontracks -> 200
#3842 GET /storefront/battlepass/progressiontracks -> 200
#3843 GET /storefront/battlepass/progressiontracks -> 200
#3844 GET /storefront/battlepass/progressiontracks -> 200
#3845 GET /storefront/battlepass/progressiontracks -> 200
#3846 GET /storefront/battlepass/progressiontracks -> 200
#3847 GET /storefront/battlepass/progressiontracks -> 200
#3848 GET /storefront/battlepass/progressiontracks -> 200
#3849 GET /storefront/battlepass/progressiontracks -> 200
#3850 GET /storefront/battlepass/progressiontracks -> 200
#3851 GET /storefront/battlepass/progressiontracks -> 200
#3852 GET /storefront/battlepass/progressiontracks -> 200
#3853 GET /storefront/battlepass/progressiontracks -> 200
#3854 GET /storefront/battlepass/progressiontracks -> 200
#3855 GET /storefront/battlepass/progressiontracks -> 200
#3856 GET /party/players/9b9d2c887e2524f918e383a895f2f1c2/voice -> 200
#3857 GET /storefront/battlepass/progressiontracks -> 200
#3858 GET /storefront/battlepass/progressiontracks -> 200
#3859 GET /storefront/battlepass/progressiontracks -> 200
#3860 GET /storefront/battlepass/progressiontracks -> 200
#3861 GET /storefront/battlepass/progressiontracks -> 200
#3862 GET /storefront/battlepass/progressiontracks -> 200
#3863 GET /storefront/battlepass/progressiontracks -> 200
#3864 GET /storefront/battlepass/progressiontracks -> 200
#3865 GET /storefront/battlepass/progressiontracks -> 200
#3866 GET /storefront/battlepass/progressiontracks -> 200
#3867 GET /storefront/battlepass/progressiontracks -> 200
#3868 GET /storefront/battlepass/progressiontracks -> 200
#3869 GET /storefront/battlepass/progressiontracks -> 200
#3870 GET /storefront/battlepass/progressiontracks -> 200
#3871 GET /storefront/battlepass/progressiontracks -> 200
#3872 GET /storefront/battlepass/progressiontracks -> 200
#3873 GET /storefront/battlepass/progressiontracks -> 200
#3874 GET /storefront/battlepass/progressiontracks -> 200
#3875 GET /storefront/battlepass/progressiontracks -> 200
#3876 GET /storefront/battlepass/progressiontracks -> 200
#3877 GET /storefront/battlepass/progressiontracks -> 200
#3878 GET /storefront/battlepass/progressiontracks -> 200
#3879 GET /storefront/battlepass/progressiontracks -> 200
#3880 GET /storefront/battlepass/progressiontracks -> 200
#3881 GET /storefront/battlepass/progressiontracks -> 200
#3882 GET /storefront/battlepass/progressiontracks -> 200
#3883 GET /storefront/battlepass/progressiontracks -> 200
#3884 GET /storefront/battlepass/progressiontracks -> 200
#3885 GET /storefront/battlepass/progressiontracks -> 200
#3886 GET /storefront/battlepass/progressiontracks -> 200
#3887 GET /storefront/battlepass/progressiontracks -> 200
#3888 GET /storefront/battlepass/progressiontracks -> 200
#3889 GET /storefront/battlepass/progressiontracks -> 200
#3890 GET /storefront/battlepass/progressiontracks -> 200
#3891 GET /storefront/battlepass/progressiontracks -> 200
#3892 GET /storefront/battlepass/progressiontracks -> 200
#3893 GET /storefront/battlepass/progressiontracks -> 200
#3894 GET /storefront/battlepass/progressiontracks -> 200
#3895 GET /storefront/battlepass/progressiontracks -> 200
#3896 GET /storefront/battlepass/progressiontracks -> 200
#3897 GET /storefront/battlepass/progressiontracks -> 200
#3898 GET /storefront/battlepass/progressiontracks -> 200
#3899 GET /storefront/battlepass/progressiontracks -> 200
#3900 GET /storefront/battlepass/progressiontracks -> 200
#3901 GET /storefront/battlepass/progressiontracks -> 200
#3902 GET /storefront/battlepass/progressiontracks -> 200
#3903 GET /storefront/battlepass/progressiontracks -> 200
#3904 GET /storefront/battlepass/progressiontracks -> 200
#3905 GET /storefront/battlepass/progressiontracks -> 200
#3906 GET /storefront/battlepass/progressiontracks -> 200
#3907 GET /storefront/battlepass/progressiontracks -> 200
#3908 GET /storefront/battlepass/progressiontracks -> 200
#3909 GET /storefront/battlepass/progressiontracks -> 200
#3910 GET /storefront/battlepass/progressiontracks -> 200
#3911 GET /storefront/battlepass/progressiontracks -> 200
#3912 GET /storefront/battlepass/progressiontracks -> 200
#3913 GET /storefront/battlepass/progressiontracks -> 200
#3914 GET /storefront/battlepass/progressiontracks -> 200
#3915 GET /storefront/battlepass/progressiontracks -> 200
#3916 GET /storefront/battlepass/progressiontracks -> 200
#3917 GET /storefront/battlepass/progressiontracks -> 200
#3918 GET /storefront/battlepass/progressiontracks -> 200
#3919 GET /storefront/battlepass/progressiontracks -> 200
#3920 GET /storefront/battlepass/progressiontracks -> 200
#3921 GET /storefront/battlepass/progressiontracks -> 200
#3922 GET /storefront/battlepass/progressiontracks -> 200
#3923 GET /storefront/battlepass/progressiontracks -> 200
#3924 GET /storefront/battlepass/progressiontracks -> 200
#3925 GET /storefront/battlepass/progressiontracks -> 200
#3926 GET /storefront/battlepass/progressiontracks -> 200
#3927 GET /storefront/battlepass/progressiontracks -> 200
#3928 GET /storefront/battlepass/progressiontracks -> 200
#3929 GET /storefront/battlepass/progressiontracks -> 200
#3930 GET /storefront/battlepass/progressiontracks -> 200
#3931 GET /storefront/battlepass/progressiontracks -> 200
#3932 GET /storefront/battlepass/progressiontracks -> 200
#3933 GET /storefront/battlepass/progressiontracks -> 200
#3934 GET /storefront/battlepass/progressiontracks -> 200

* 17:14:47.191  WS <- /lobby TEXT ""
#3935 GET /storefront/battlepass/progressiontracks -> 200
#3936 GET /storefront/battlepass/progressiontracks -> 200
#3937 GET /storefront/battlepass/progressiontracks -> 200
#3938 GET /storefront/battlepass/progressiontracks -> 200
#3939 GET /storefront/battlepass/progressiontracks -> 200
#3940 GET /storefront/battlepass/progressiontracks -> 200
#3941 GET /storefront/battlepass/progressiontracks -> 200
#3942 GET /storefront/battlepass/progressiontracks -> 200
#3943 GET /storefront/battlepass/progressiontracks -> 200
#3944 GET /storefront/battlepass/progressiontracks -> 200
#3945 GET /storefront/battlepass/progressiontracks -> 200
#3946 GET /storefront/battlepass/progressiontracks -> 200
#3947 GET /storefront/battlepass/progressiontracks -> 200
#3948 GET /storefront/battlepass/progressiontracks -> 200
#3949 GET /storefront/battlepass/progressiontracks -> 200
#3950 GET /storefront/battlepass/progressiontracks -> 200
#3951 GET /storefront/battlepass/progressiontracks -> 200
#3952 GET /storefront/battlepass/progressiontracks -> 200
#3953 GET /storefront/battlepass/progressiontracks -> 200
#3954 GET /storefront/battlepass/progressiontracks -> 200
#3955 GET /storefront/battlepass/progressiontracks -> 200
#3956 GET /storefront/battlepass/progressiontracks -> 200
#3957 GET /storefront/battlepass/progressiontracks -> 200
#3958 GET /storefront/battlepass/progressiontracks -> 200
#3959 GET /storefront/battlepass/progressiontracks -> 200
#3960 GET /storefront/battlepass/progressiontracks -> 200
#3961 GET /storefront/battlepass/progressiontracks -> 200
#3962 GET /storefront/battlepass/progressiontracks -> 200
#3963 GET /storefront/battlepass/progressiontracks -> 200
#3964 GET /storefront/battlepass/progressiontracks -> 200
#3965 GET /storefront/battlepass/progressiontracks -> 200
#3966 GET /storefront/battlepass/progressiontracks -> 200
#3967 GET /storefront/battlepass/progressiontracks -> 200
#3968 GET /storefront/battlepass/progressiontracks -> 200
#3969 GET /storefront/battlepass/progressiontracks -> 200
#3970 GET /storefront/battlepass/progressiontracks -> 200
#3971 GET /storefront/battlepass/progressiontracks -> 200
#3972 GET /storefront/battlepass/progressiontracks -> 200
#3973 GET /storefront/battlepass/progressiontracks -> 200
#3974 GET /storefront/battlepass/progressiontracks -> 200
#3975 GET /storefront/battlepass/progressiontracks -> 200
#3976 GET /storefront/battlepass/progressiontracks -> 200
#3977 GET /storefront/battlepass/progressiontracks -> 200
#3978 GET /storefront/battlepass/progressiontracks -> 200
#3979 GET /storefront/battlepass/progressiontracks -> 200
#3980 GET /storefront/battlepass/progressiontracks -> 200
#3981 GET /storefront/battlepass/progressiontracks -> 200
#3982 GET /storefront/battlepass/progressiontracks -> 200
#3983 GET /storefront/battlepass/progressiontracks -> 200
#3984 GET /storefront/battlepass/progressiontracks -> 200
#3985 GET /storefront/battlepass/progressiontracks -> 200
#3986 GET /storefront/battlepass/progressiontracks -> 200
#3987 GET /storefront/battlepass/progressiontracks -> 200
#3988 GET /storefront/battlepass/progressiontracks -> 200
#3989 GET /storefront/battlepass/progressiontracks -> 200
#3990 GET /storefront/battlepass/progressiontracks -> 200
#3991 GET /storefront/battlepass/progressiontracks -> 200
#3992 GET /storefront/battlepass/progressiontracks -> 200
#3993 GET /storefront/battlepass/progressiontracks -> 200
#3994 GET /storefront/battlepass/progressiontracks -> 200
#3995 GET /storefront/battlepass/progressiontracks -> 200
#3996 GET /storefront/battlepass/progressiontracks -> 200
#3997 GET /storefront/battlepass/progressiontracks -> 200
#3998 GET /storefront/battlepass/progressiontracks -> 200
#3999 GET /storefront/battlepass/progressiontracks -> 200
#4000 GET /storefront/battlepass/progressiontracks -> 200
#4001 GET /storefront/battlepass/progressiontracks -> 200
#4002 GET /storefront/battlepass/progressiontracks -> 200
#4003 GET /storefront/battlepass/progressiontracks -> 200
#4004 GET /storefront/battlepass/progressiontracks -> 200
#4005 GET /storefront/battlepass/progressiontracks -> 200
#4006 GET /storefront/battlepass/progressiontracks -> 200
#4007 GET /storefront/battlepass/progressiontracks -> 200
#4008 GET /storefront/battlepass/progressiontracks -> 200
#4009 GET /storefront/battlepass/progressiontracks -> 200
#4010 GET /storefront/battlepass/progressiontracks -> 200
#4011 GET /storefront/battlepass/progressiontracks -> 200
#4012 GET /storefront/battlepass/progressiontracks -> 200
#4013 GET /storefront/battlepass/progressiontracks -> 200
#4014 GET /storefront/battlepass/progressiontracks -> 200
#4015 GET /storefront/battlepass/progressiontracks -> 200
#4016 GET /storefront/battlepass/progressiontracks -> 200
#4017 GET /storefront/battlepass/progressiontracks -> 200
#4018 GET /storefront/battlepass/progressiontracks -> 200
#4019 GET /storefront/battlepass/progressiontracks -> 200
#4020 GET /storefront/battlepass/progressiontracks -> 200
#4021 GET /storefront/battlepass/progressiontracks -> 200
#4022 GET /storefront/battlepass/progressiontracks -> 200
#4023 GET /storefront/battlepass/progressiontracks -> 200
#4024 GET /storefront/battlepass/progressiontracks -> 200
#4025 GET /storefront/battlepass/progressiontracks -> 200
#4026 GET /storefront/battlepass/progressiontracks -> 200
#4027 GET /storefront/battlepass/progressiontracks -> 200
#4028 GET /storefront/battlepass/progressiontracks -> 200
#4029 GET /storefront/battlepass/progressiontracks -> 200
#4030 GET /storefront/battlepass/progressiontracks -> 200
#4031 GET /storefront/battlepass/progressiontracks -> 200
#4032 GET /storefront/battlepass/progressiontracks -> 200
#4033 GET /configuration/client -> 200
#4034 GET /storefront/battlepass/progressiontracks -> 200
#4035 GET /content-service/manifest/release2.4.live-156430-shipping -> 200
#4036 GET /storefront/battlepass/progressiontracks -> 200
#4037 GET /mailbox/config/version -> 200
#4038 GET /party/matchmaking/info -> 200
#4039 GET /storefront/battlepass/progressiontracks -> 200
#4040 POST /party/parties/party-9b9d2c887e2524f918e383a895f2f1c2/members/9b9d2c887e2524f918e383a895f2f1c2/latencies -> 200
#4041 GET /storefront/battlepass/progressiontracks -> 200
#4042 GET /storefront/battlepass/progressiontracks -> 200
#4043 GET /storefront/battlepass/progressiontracks -> 200
#4044 GET /storefront/battlepass/progressiontracks -> 200
#4045 GET /storefront/battlepass/progressiontracks -> 200
#4046 GET /storefront/battlepass/progressiontracks -> 200
#4047 GET /storefront/battlepass/progressiontracks -> 200
#4048 GET /storefront/battlepass/progressiontracks -> 200
#4049 GET /storefront/battlepass/progressiontracks -> 200
#4050 GET /storefront/battlepass/progressiontracks -> 200
#4051 GET /storefront/battlepass/progressiontracks -> 200
#4052 GET /storefront/battlepass/progressiontracks -> 200
#4053 GET /storefront/battlepass/progressiontracks -> 200
#4054 GET /storefront/battlepass/progressiontracks -> 200
#4055 GET /storefront/battlepass/progressiontracks -> 200
#4056 GET /storefront/battlepass/progressiontracks -> 200
#4057 GET /storefront/battlepass/progressiontracks -> 200
#4058 GET /storefront/battlepass/progressiontracks -> 200
#4059 GET /storefront/battlepass/progressiontracks -> 200
#4060 GET /storefront/battlepass/progressiontracks -> 200
#4061 GET /storefront/battlepass/progressiontracks -> 200
#4062 GET /storefront/battlepass/progressiontracks -> 200
#4063 GET /storefront/battlepass/progressiontracks -> 200
#4064 GET /storefront/battlepass/progressiontracks -> 200
#4065 GET /storefront/battlepass/progressiontracks -> 200
#4066 GET /storefront/battlepass/progressiontracks -> 200
#4067 GET /storefront/battlepass/progressiontracks -> 200
#4068 GET /storefront/battlepass/progressiontracks -> 200
#4069 GET /storefront/battlepass/progressiontracks -> 200
#4070 GET /storefront/battlepass/progressiontracks -> 200
#4071 GET /storefront/battlepass/progressiontracks -> 200
#4072 GET /storefront/battlepass/progressiontracks -> 200
#4073 GET /storefront/battlepass/progressiontracks -> 200
#4074 GET /storefront/battlepass/progressiontracks -> 200
#4075 GET /storefront/battlepass/progressiontracks -> 200
#4076 GET /storefront/battlepass/progressiontracks -> 200
#4077 GET /storefront/battlepass/progressiontracks -> 200
#4078 GET /storefront/battlepass/progressiontracks -> 200
#4079 GET /storefront/battlepass/progressiontracks -> 200
#4080 GET /storefront/battlepass/progressiontracks -> 200
#4081 GET /storefront/battlepass/progressiontracks -> 200
#4082 GET /storefront/battlepass/progressiontracks -> 200
#4083 GET /storefront/battlepass/progressiontracks -> 200
#4084 GET /storefront/battlepass/progressiontracks -> 200
#4085 GET /storefront/battlepass/progressiontracks -> 200
#4086 GET /storefront/battlepass/progressiontracks -> 200
#4087 GET /storefront/battlepass/progressiontracks -> 200
#4088 GET /storefront/battlepass/progressiontracks -> 200
#4089 GET /storefront/battlepass/progressiontracks -> 200
#4090 GET /storefront/battlepass/progressiontracks -> 200
#4091 GET /storefront/battlepass/progressiontracks -> 200
#4092 GET /storefront/battlepass/progressiontracks -> 200
#4093 GET /storefront/battlepass/progressiontracks -> 200
#4094 GET /storefront/battlepass/progressiontracks -> 200
#4095 GET /storefront/battlepass/progressiontracks -> 200
#4096 GET /storefront/battlepass/progressiontracks -> 200
#4097 GET /storefront/battlepass/progressiontracks -> 200
#4098 GET /storefront/battlepass/progressiontracks -> 200
#4099 GET /storefront/battlepass/progressiontracks -> 200
#4100 GET /storefront/battlepass/progressiontracks -> 200
#4101 GET /storefront/battlepass/progressiontracks -> 200
#4102 GET /storefront/battlepass/progressiontracks -> 200
#4103 GET /storefront/battlepass/progressiontracks -> 200
#4104 GET /storefront/battlepass/progressiontracks -> 200
#4105 GET /storefront/battlepass/progressiontracks -> 200
#4106 GET /storefront/battlepass/progressiontracks -> 200
#4107 GET /storefront/battlepass/progressiontracks -> 200
#4108 GET /storefront/battlepass/progressiontracks -> 200
#4109 GET /storefront/battlepass/progressiontracks -> 200
#4110 GET /storefront/battlepass/progressiontracks -> 200
#4111 GET /storefront/battlepass/progressiontracks -> 200
#4112 GET /storefront/battlepass/progressiontracks -> 200
#4113 GET /storefront/battlepass/progressiontracks -> 200

* 17:14:59.043  WS <- /notifications/players/9b9d2c887e2524f918e383a895f2f1c2 BINARY (2 bytes) 6862

* 17:14:59.072  WS -> /notifications/players/9b9d2c887e2524f918e383a895f2f1c2 TEXT hb reply {"Resource":"hb","Version":0,"Payload":""}
#4114 GET /storefront/battlepass/progressiontracks -> 200
#4115 GET /storefront/battlepass/progressiontracks -> 200
#4116 GET /storefront/battlepass/progressiontracks -> 200
#4117 GET /storefront/battlepass/progressiontracks -> 200
#4118 GET /storefront/battlepass/progressiontracks -> 200
#4119 GET /storefront/battlepass/progressiontracks -> 200
#4120 GET /storefront/battlepass/progressiontracks -> 200
#4121 GET /storefront/battlepass/progressiontracks -> 200
#4122 GET /storefront/battlepass/progressiontracks -> 200
#4123 GET /storefront/battlepass/progressiontracks -> 200
#4124 GET /storefront/battlepass/progressiontracks -> 200
#4125 GET /storefront/battlepass/progressiontracks -> 200
#4126 GET /storefront/battlepass/progressiontracks -> 200
#4127 GET /storefront/battlepass/progressiontracks -> 200
#4128 GET /storefront/battlepass/progressiontracks -> 200
#4129 GET /storefront/battlepass/progressiontracks -> 200
#4130 GET /storefront/battlepass/progressiontracks -> 200
#4131 GET /storefront/battlepass/progressiontracks -> 200
#4132 GET /storefront/battlepass/progressiontracks -> 200
#4133 GET /storefront/battlepass/progressiontracks -> 200
#4134 GET /storefront/battlepass/progressiontracks -> 200
#4135 GET /storefront/battlepass/progressiontracks -> 200
#4136 GET /storefront/battlepass/progressiontracks -> 200
#4137 GET /storefront/battlepass/progressiontracks -> 200
#4138 GET /storefront/battlepass/progressiontracks -> 200
#4139 GET /storefront/battlepass/progressiontracks -> 200
#4140 GET /storefront/battlepass/progressiontracks -> 200
#4141 GET /storefront/battlepass/progressiontracks -> 200
#4142 GET /storefront/battlepass/progressiontracks -> 200
#4143 GET /storefront/battlepass/progressiontracks -> 200
#4144 GET /storefront/battlepass/progressiontracks -> 200
#4145 GET /storefront/battlepass/progressiontracks -> 200
#4146 GET /storefront/battlepass/progressiontracks -> 200
#4147 GET /storefront/battlepass/progressiontracks -> 200
#4148 GET /storefront/battlepass/progressiontracks -> 200
#4149 GET /storefront/battlepass/progressiontracks -> 200
#4150 GET /storefront/battlepass/progressiontracks -> 200
#4151 GET /storefront/battlepass/progressiontracks -> 200
#4152 GET /storefront/battlepass/progressiontracks -> 200
#4153 GET /storefront/battlepass/progressiontracks -> 200
#4154 GET /storefront/battlepass/progressiontracks -> 200
#4155 GET /storefront/battlepass/progressiontracks -> 200
#4156 GET /storefront/battlepass/progressiontracks -> 200
#4157 GET /storefront/battlepass/progressiontracks -> 200
#4158 GET /storefront/battlepass/progressiontracks -> 200
#4159 GET /storefront/battlepass/progressiontracks -> 200
#4160 GET /storefront/battlepass/progressiontracks -> 200
#4161 GET /storefront/battlepass/progressiontracks -> 200
#4162 GET /storefront/battlepass/progressiontracks -> 200
#4163 GET /storefront/battlepass/progressiontracks -> 200
#4164 GET /storefront/battlepass/progressiontracks -> 200
#4165 GET /storefront/battlepass/progressiontracks -> 200
#4166 GET /storefront/battlepass/progressiontracks -> 200
#4167 GET /storefront/battlepass/progressiontracks -> 200
#4168 GET /storefront/battlepass/progressiontracks -> 200
#4169 GET /storefront/battlepass/progressiontracks -> 200
#4170 GET /storefront/battlepass/progressiontracks -> 200
#4171 GET /storefront/battlepass/progressiontracks -> 200
#4172 GET /storefront/battlepass/progressiontracks -> 200
#4173 GET /storefront/battlepass/progressiontracks -> 200
#4174 GET /storefront/battlepass/progressiontracks -> 200
#4175 GET /storefront/battlepass/progressiontracks -> 200
#4176 GET /storefront/battlepass/progressiontracks -> 200
#4177 GET /storefront/battlepass/progressiontracks -> 200
#4178 GET /storefront/battlepass/progressiontracks -> 200
#4179 GET /storefront/battlepass/progressiontracks -> 200
#4180 GET /storefront/battlepass/progressiontracks -> 200
#4181 GET /storefront/battlepass/progressiontracks -> 200
#4182 GET /storefront/battlepass/progressiontracks -> 200
#4183 GET /storefront/battlepass/progressiontracks -> 200
#4184 GET /storefront/battlepass/progressiontracks -> 200
#4185 GET /storefront/battlepass/progressiontracks -> 200
#4186 GET /storefront/battlepass/progressiontracks -> 200
#4187 GET /storefront/battlepass/progressiontracks -> 200
#4188 GET /storefront/battlepass/progressiontracks -> 200
#4189 GET /storefront/battlepass/progressiontracks -> 200
#4190 GET /storefront/battlepass/progressiontracks -> 200
#4191 GET /storefront/battlepass/progressiontracks -> 200
#4192 GET /storefront/battlepass/progressiontracks -> 200
#4193 GET /storefront/battlepass/progressiontracks -> 200
#4194 GET /storefront/battlepass/progressiontracks -> 200
#4195 GET /storefront/battlepass/progressiontracks -> 200
#4196 GET /storefront/battlepass/progressiontracks -> 200
#4197 GET /storefront/battlepass/progressiontracks -> 200
#4198 GET /storefront/battlepass/progressiontracks -> 200
#4199 GET /storefront/battlepass/progressiontracks -> 200
#4200 GET /storefront/battlepass/progressiontracks -> 200
#4201 GET /storefront/battlepass/progressiontracks -> 200
#4202 GET /storefront/battlepass/progressiontracks -> 200
#4203 GET /storefront/battlepass/progressiontracks -> 200
#4204 GET /storefront/battlepass/progressiontracks -> 200
#4205 GET /storefront/battlepass/progressiontracks -> 200
#4206 GET /storefront/battlepass/progressiontracks -> 200
#4207 GET /storefront/battlepass/progressiontracks -> 200
#4208 GET /storefront/battlepass/progressiontracks -> 200
#4209 GET /storefront/battlepass/progressiontracks -> 200
#4210 GET /storefront/battlepass/progressiontracks -> 200
#4211 GET /storefront/battlepass/progressiontracks -> 200
#4212 GET /storefront/battlepass/progressiontracks -> 200
#4213 GET /storefront/battlepass/progressiontracks -> 200
#4214 GET /storefront/battlepass/progressiontracks -> 200
#4215 GET /storefront/battlepass/progressiontracks -> 200
#4216 GET /storefront/battlepass/progressiontracks -> 200
#4217 GET /storefront/battlepass/progressiontracks -> 200
#4218 GET /storefront/battlepass/progressiontracks -> 200
#4219 GET /storefront/battlepass/progressiontracks -> 200
#4220 GET /storefront/battlepass/progressiontracks -> 200
#4221 GET /storefront/battlepass/progressiontracks -> 200
#4222 GET /storefront/battlepass/progressiontracks -> 200
#4223 GET /storefront/battlepass/progressiontracks -> 200
#4224 GET /storefront/battlepass/progressiontracks -> 200
#4225 GET /storefront/battlepass/progressiontracks -> 200
#4226 GET /storefront/battlepass/progressiontracks -> 200
#4227 GET /storefront/battlepass/progressiontracks -> 200
#4228 GET /storefront/battlepass/progressiontracks -> 200
#4229 GET /storefront/battlepass/progressiontracks -> 200
#4230 GET /storefront/battlepass/progressiontracks -> 200
#4231 GET /storefront/battlepass/progressiontracks -> 200
#4232 GET /storefront/battlepass/progressiontracks -> 200
#4233 GET /storefront/battlepass/progressiontracks -> 200
#4234 GET /storefront/battlepass/progressiontracks -> 200
#4235 GET /storefront/battlepass/progressiontracks -> 200
#4236 GET /storefront/battlepass/progressiontracks -> 200
#4237 GET /storefront/battlepass/progressiontracks -> 200
#4238 GET /storefront/battlepass/progressiontracks -> 200
#4239 GET /storefront/battlepass/progressiontracks -> 200
#4240 GET /storefront/battlepass/progressiontracks -> 200
#4241 GET /storefront/battlepass/progressiontracks -> 200
#4242 GET /storefront/battlepass/progressiontracks -> 200
#4243 GET /storefront/battlepass/progressiontracks -> 200
#4244 GET /storefront/battlepass/progressiontracks -> 200
#4245 GET /storefront/battlepass/progressiontracks -> 200
#4246 GET /storefront/battlepass/progressiontracks -> 200
#4247 GET /storefront/battlepass/progressiontracks -> 200
#4248 GET /storefront/battlepass/progressiontracks -> 200
#4249 GET /storefront/battlepass/progressiontracks -> 200
#4250 GET /storefront/battlepass/progressiontracks -> 200
#4251 GET /storefront/battlepass/progressiontracks -> 200
#4252 GET /storefront/battlepass/progressiontracks -> 200
#4253 GET /storefront/battlepass/progressiontracks -> 200
#4254 GET /storefront/battlepass/progressiontracks -> 200
#4255 GET /storefront/battlepass/progressiontracks -> 200
#4256 GET /storefront/battlepass/progressiontracks -> 200
#4257 GET /storefront/battlepass/progressiontracks -> 200
#4258 GET /storefront/battlepass/progressiontracks -> 200
#4259 GET /storefront/battlepass/progressiontracks -> 200
#4260 GET /storefront/battlepass/progressiontracks -> 200
#4261 GET /storefront/battlepass/progressiontracks -> 200
#4262 GET /storefront/battlepass/progressiontracks -> 200
#4263 GET /storefront/battlepass/progressiontracks -> 200
#4264 GET /storefront/battlepass/progressiontracks -> 200
#4265 GET /storefront/battlepass/progressiontracks -> 200
#4266 GET /storefront/battlepass/progressiontracks -> 200
#4267 GET /storefront/battlepass/progressiontracks -> 200
#4268 GET /storefront/battlepass/progressiontracks -> 200
#4269 GET /storefront/battlepass/progressiontracks -> 200
#4270 GET /storefront/battlepass/progressiontracks -> 200
#4271 GET /storefront/battlepass/progressiontracks -> 200
#4272 GET /storefront/battlepass/progressiontracks -> 200
#4273 GET /storefront/battlepass/progressiontracks -> 200
#4274 GET /storefront/battlepass/progressiontracks -> 200
#4275 GET /storefront/battlepass/progressiontracks -> 200
#4276 GET /storefront/battlepass/progressiontracks -> 200
#4277 GET /storefront/battlepass/progressiontracks -> 200
#4278 GET /storefront/battlepass/progressiontracks -> 200
#4279 GET /storefront/battlepass/progressiontracks -> 200
#4280 GET /storefront/battlepass/progressiontracks -> 200
#4281 GET /storefront/battlepass/progressiontracks -> 200
#4282 GET /storefront/battlepass/progressiontracks -> 200
#4283 GET /storefront/battlepass/progressiontracks -> 200
#4284 GET /storefront/battlepass/progressiontracks -> 200
#4285 GET /storefront/battlepass/progressiontracks -> 200
#4286 GET /storefront/battlepass/progressiontracks -> 200
#4287 GET /storefront/battlepass/progressiontracks -> 200
#4288 GET /storefront/battlepass/progressiontracks -> 200
#4289 GET /storefront/battlepass/progressiontracks -> 200
#4290 GET /storefront/battlepass/progressiontracks -> 200
#4291 GET /storefront/battlepass/progressiontracks -> 200
#4292 GET /storefront/battlepass/progressiontracks -> 200
#4293 GET /storefront/battlepass/progressiontracks -> 200
#4294 GET /storefront/battlepass/progressiontracks -> 200
#4295 GET /storefront/battlepass/progressiontracks -> 200
#4296 GET /storefront/battlepass/progressiontracks -> 200
#4297 GET /storefront/battlepass/progressiontracks -> 200
#4298 GET /storefront/battlepass/progressiontracks -> 200
#4299 GET /storefront/battlepass/progressiontracks -> 200
#4300 GET /storefront/battlepass/progressiontracks -> 200
#4301 GET /storefront/battlepass/progressiontracks -> 200
#4302 POST /game-telemetry/v1/protected/events -> 200
#4303 GET /storefront/battlepass/progressiontracks -> 200
#4304 GET /storefront/battlepass/progressiontracks -> 200
#4305 GET /storefront/battlepass/progressiontracks -> 200
#4306 GET /storefront/battlepass/progressiontracks -> 200
#4307 GET /storefront/battlepass/progressiontracks -> 200
#4308 GET /storefront/battlepass/progressiontracks -> 200
#4309 GET /storefront/battlepass/progressiontracks -> 200
#4310 GET /storefront/battlepass/progressiontracks -> 200
#4311 GET /storefront/battlepass/progressiontracks -> 200
#4312 GET /storefront/battlepass/progressiontracks -> 200
#4313 GET /storefront/battlepass/progressiontracks -> 200
#4314 GET /storefront/battlepass/progressiontracks -> 200
#4315 GET /storefront/battlepass/progressiontracks -> 200
#4316 GET /storefront/battlepass/progressiontracks -> 200
#4317 GET /storefront/battlepass/progressiontracks -> 200
#4318 GET /storefront/battlepass/progressiontracks -> 200
#4319 GET /storefront/battlepass/progressiontracks -> 200
#4320 GET /storefront/battlepass/progressiontracks -> 200
#4321 GET /storefront/battlepass/progressiontracks -> 200
#4322 GET /storefront/battlepass/progressiontracks -> 200
#4323 GET /storefront/battlepass/progressiontracks -> 200
#4324 GET /storefront/battlepass/progressiontracks -> 200
#4325 GET /storefront/battlepass/progressiontracks -> 200
#4326 GET /storefront/battlepass/progressiontracks -> 200
#4327 GET /storefront/battlepass/progressiontracks -> 200
#4328 GET /storefront/battlepass/progressiontracks -> 200
#4329 GET /storefront/battlepass/progressiontracks -> 200
#4330 GET /storefront/battlepass/progressiontracks -> 200
#4331 GET /storefront/battlepass/progressiontracks -> 200
#4332 GET /storefront/battlepass/progressiontracks -> 200
#4333 GET /storefront/battlepass/progressiontracks -> 200
#4334 GET /storefront/battlepass/progressiontracks -> 200
#4335 GET /storefront/battlepass/progressiontracks -> 200
#4336 GET /storefront/battlepass/progressiontracks -> 200
#4337 GET /storefront/battlepass/progressiontracks -> 200
#4338 GET /storefront/battlepass/progressiontracks -> 200
#4339 GET /storefront/battlepass/progressiontracks -> 200
#4340 GET /storefront/battlepass/progressiontracks -> 200
#4341 GET /storefront/battlepass/progressiontracks -> 200
#4342 GET /storefront/battlepass/progressiontracks -> 200
#4343 GET /storefront/battlepass/progressiontracks -> 200
#4344 GET /storefront/battlepass/progressiontracks -> 200
#4345 GET /storefront/battlepass/progressiontracks -> 200
#4346 GET /storefront/battlepass/progressiontracks -> 200
#4347 GET /storefront/battlepass/progressiontracks -> 200
#4348 GET /storefront/battlepass/progressiontracks -> 200
#4349 GET /storefront/battlepass/progressiontracks -> 200
#4350 GET /storefront/battlepass/progressiontracks -> 200
#4351 GET /storefront/battlepass/progressiontracks -> 200
#4352 GET /storefront/battlepass/progressiontracks -> 200
#4353 GET /storefront/battlepass/progressiontracks -> 200
#4354 GET /storefront/battlepass/progressiontracks -> 200
#4355 GET /storefront/battlepass/progressiontracks -> 200
#4356 GET /storefront/battlepass/progressiontracks -> 200
#4357 GET /storefront/battlepass/progressiontracks -> 200
#4358 GET /storefront/battlepass/progressiontracks -> 200
#4359 GET /storefront/battlepass/progressiontracks -> 200
#4360 GET /storefront/battlepass/progressiontracks -> 200
#4361 GET /storefront/battlepass/progressiontracks -> 200
#4362 GET /storefront/battlepass/progressiontracks -> 200
#4363 GET /storefront/battlepass/progressiontracks -> 200
#4364 GET /storefront/battlepass/progressiontracks -> 200
#4365 GET /storefront/battlepass/progressiontracks -> 200
#4366 GET /storefront/battlepass/progressiontracks -> 200
#4367 GET /storefront/battlepass/progressiontracks -> 200
#4368 GET /storefront/battlepass/progressiontracks -> 200
#4369 GET /storefront/battlepass/progressiontracks -> 200
#4370 GET /storefront/battlepass/progressiontracks -> 200
#4371 GET /storefront/battlepass/progressiontracks -> 200
#4372 GET /storefront/battlepass/progressiontracks -> 200
#4373 GET /party/players/9b9d2c887e2524f918e383a895f2f1c2/voice -> 200
#4374 GET /storefront/battlepass/progressiontracks -> 200
#4375 GET /storefront/battlepass/progressiontracks -> 200
#4376 GET /storefront/battlepass/progressiontracks -> 200
#4377 GET /storefront/battlepass/progressiontracks -> 200
#4378 GET /storefront/battlepass/progressiontracks -> 200
#4379 GET /storefront/battlepass/progressiontracks -> 200
#4380 GET /storefront/battlepass/progressiontracks -> 200
#4381 GET /storefront/battlepass/progressiontracks -> 200
#4382 GET /storefront/battlepass/progressiontracks -> 200
#4383 GET /storefront/battlepass/progressiontracks -> 200
#4384 GET /storefront/battlepass/progressiontracks -> 200
#4385 GET /storefront/battlepass/progressiontracks -> 200
#4386 GET /storefront/battlepass/progressiontracks -> 200
#4387 GET /storefront/battlepass/progressiontracks -> 200
#4388 GET /storefront/battlepass/progressiontracks -> 200
#4389 GET /storefront/battlepass/progressiontracks -> 200
#4390 GET /storefront/battlepass/progressiontracks -> 200
#4391 GET /storefront/battlepass/progressiontracks -> 200

* 17:15:17.176  WS <- /lobby TEXT ""
#4392 GET /storefront/battlepass/progressiontracks -> 200
#4393 GET /storefront/battlepass/progressiontracks -> 200
#4394 GET /storefront/battlepass/progressiontracks -> 200
#4395 GET /storefront/battlepass/progressiontracks -> 200
#4396 GET /storefront/battlepass/progressiontracks -> 200
#4397 GET /storefront/battlepass/progressiontracks -> 200
#4398 GET /storefront/battlepass/progressiontracks -> 200
#4399 GET /storefront/battlepass/progressiontracks -> 200
#4400 GET /storefront/battlepass/progressiontracks -> 200
#4401 GET /storefront/battlepass/progressiontracks -> 200
#4402 GET /storefront/battlepass/progressiontracks -> 200
#4403 GET /storefront/battlepass/progressiontracks -> 200
#4404 GET /storefront/battlepass/progressiontracks -> 200
#4405 GET /storefront/battlepass/progressiontracks -> 200
#4406 GET /storefront/battlepass/progressiontracks -> 200
#4407 GET /storefront/battlepass/progressiontracks -> 200
#4408 GET /storefront/battlepass/progressiontracks -> 200
#4409 GET /storefront/battlepass/progressiontracks -> 200
#4410 GET /storefront/battlepass/progressiontracks -> 200
#4411 GET /storefront/battlepass/progressiontracks -> 200
#4412 GET /storefront/battlepass/progressiontracks -> 200
#4413 GET /storefront/battlepass/progressiontracks -> 200
#4414 GET /storefront/battlepass/progressiontracks -> 200
#4415 GET /storefront/battlepass/progressiontracks -> 200
#4416 GET /storefront/battlepass/progressiontracks -> 200
#4417 GET /storefront/battlepass/progressiontracks -> 200
#4418 GET /storefront/battlepass/progressiontracks -> 200
#4419 GET /storefront/battlepass/progressiontracks -> 200
#4420 GET /storefront/battlepass/progressiontracks -> 200
#4421 GET /storefront/battlepass/progressiontracks -> 200
#4422 GET /storefront/battlepass/progressiontracks -> 200
#4423 GET /storefront/battlepass/progressiontracks -> 200
#4424 GET /storefront/battlepass/progressiontracks -> 200
#4425 GET /storefront/battlepass/progressiontracks -> 200
#4426 GET /storefront/battlepass/progressiontracks -> 200
#4427 GET /storefront/battlepass/progressiontracks -> 200
#4428 GET /storefront/battlepass/progressiontracks -> 200
#4429 GET /storefront/battlepass/progressiontracks -> 200
#4430 GET /storefront/battlepass/progressiontracks -> 200
#4431 GET /storefront/battlepass/progressiontracks -> 200
#4432 GET /storefront/battlepass/progressiontracks -> 200
#4433 GET /storefront/battlepass/progressiontracks -> 200
#4434 GET /storefront/battlepass/progressiontracks -> 200
#4435 GET /storefront/battlepass/progressiontracks -> 200
#4436 GET /storefront/battlepass/progressiontracks -> 200
#4437 GET /storefront/battlepass/progressiontracks -> 200
#4438 GET /storefront/battlepass/progressiontracks -> 200
#4439 GET /storefront/battlepass/progressiontracks -> 200
#4440 GET /storefront/battlepass/progressiontracks -> 200
#4441 GET /storefront/battlepass/progressiontracks -> 200
#4442 GET /storefront/battlepass/progressiontracks -> 200
#4443 GET /storefront/battlepass/progressiontracks -> 200
#4444 GET /storefront/battlepass/progressiontracks -> 200
#4445 GET /storefront/battlepass/progressiontracks -> 200
#4446 GET /storefront/battlepass/progressiontracks -> 200
#4447 GET /storefront/battlepass/progressiontracks -> 200
#4448 GET /storefront/battlepass/progressiontracks -> 200
#4449 GET /storefront/battlepass/progressiontracks -> 200
#4450 GET /storefront/battlepass/progressiontracks -> 200
#4451 GET /storefront/battlepass/progressiontracks -> 200
#4452 GET /storefront/battlepass/progressiontracks -> 200
#4453 GET /storefront/battlepass/progressiontracks -> 200
#4454 GET /storefront/battlepass/progressiontracks -> 200
#4455 GET /storefront/battlepass/progressiontracks -> 200
#4456 GET /storefront/battlepass/progressiontracks -> 200
#4457 GET /storefront/battlepass/progressiontracks -> 200
#4458 GET /storefront/battlepass/progressiontracks -> 200
#4459 GET /storefront/battlepass/progressiontracks -> 200
#4460 GET /storefront/battlepass/progressiontracks -> 200
#4461 GET /storefront/battlepass/progressiontracks -> 200
#4462 GET /storefront/battlepass/progressiontracks -> 200
#4463 GET /storefront/battlepass/progressiontracks -> 200
#4464 GET /storefront/battlepass/progressiontracks -> 200
#4465 GET /storefront/battlepass/progressiontracks -> 200
#4466 GET /storefront/battlepass/progressiontracks -> 200
#4467 GET /storefront/battlepass/progressiontracks -> 200
#4468 GET /storefront/battlepass/progressiontracks -> 200
#4469 GET /storefront/battlepass/progressiontracks -> 200
#4470 GET /storefront/battlepass/progressiontracks -> 200
#4471 GET /storefront/battlepass/progressiontracks -> 200
#4472 GET /storefront/battlepass/progressiontracks -> 200
#4473 GET /storefront/battlepass/progressiontracks -> 200
#4474 GET /storefront/battlepass/progressiontracks -> 200
#4475 GET /storefront/battlepass/progressiontracks -> 200
#4476 GET /storefront/battlepass/progressiontracks -> 200
#4477 GET /storefront/battlepass/progressiontracks -> 200
#4478 GET /storefront/battlepass/progressiontracks -> 200
#4479 GET /storefront/battlepass/progressiontracks -> 200
#4480 GET /storefront/battlepass/progressiontracks -> 200
#4481 GET /storefront/battlepass/progressiontracks -> 200
#4482 GET /storefront/battlepass/progressiontracks -> 200
#4483 GET /storefront/battlepass/progressiontracks -> 200
#4484 GET /storefront/battlepass/progressiontracks -> 200
#4485 GET /storefront/battlepass/progressiontracks -> 200
#4486 GET /storefront/battlepass/progressiontracks -> 200
#4487 GET /storefront/battlepass/progressiontracks -> 200
#4488 GET /storefront/battlepass/progressiontracks -> 200
#4489 GET /storefront/battlepass/progressiontracks -> 200
#4490 GET /storefront/battlepass/progressiontracks -> 200
#4491 GET /storefront/battlepass/progressiontracks -> 200
#4492 GET /storefront/battlepass/progressiontracks -> 200
#4493 GET /storefront/battlepass/progressiontracks -> 200
#4494 GET /storefront/battlepass/progressiontracks -> 200
#4495 GET /storefront/battlepass/progressiontracks -> 200
#4496 GET /storefront/battlepass/progressiontracks -> 200
#4497 GET /storefront/battlepass/progressiontracks -> 200
#4498 GET /storefront/battlepass/progressiontracks -> 200
#4499 GET /storefront/battlepass/progressiontracks -> 200
#4500 GET /storefront/battlepass/progressiontracks -> 200
#4501 GET /configuration/client -> 200
#4502 GET /storefront/battlepass/progressiontracks -> 200
#4503 GET /content-service/manifest/release2.4.live-156430-shipping -> 200
#4504 GET /storefront/battlepass/progressiontracks -> 200
#4505 GET /core-game/regions -> 200
#4506 GET /party/matchmaking/info -> 200
#4507 POST /party/parties/party-9b9d2c887e2524f918e383a895f2f1c2/members/9b9d2c887e2524f918e383a895f2f1c2/latencies -> 200
#4508 GET /storefront/battlepass/progressiontracks -> 200
#4509 GET /storefront/battlepass/progressiontracks -> 200
#4510 GET /storefront/battlepass/progressiontracks -> 200
#4511 GET /storefront/battlepass/progressiontracks -> 200
#4512 GET /storefront/battlepass/progressiontracks -> 200
#4513 GET /storefront/battlepass/progressiontracks -> 200
#4514 GET /storefront/battlepass/progressiontracks -> 200
#4515 GET /storefront/battlepass/progressiontracks -> 200
#4516 GET /storefront/battlepass/progressiontracks -> 200
#4517 GET /storefront/battlepass/progressiontracks -> 200
#4518 GET /storefront/battlepass/progressiontracks -> 200
#4519 GET /storefront/battlepass/progressiontracks -> 200
#4520 GET /storefront/battlepass/progressiontracks -> 200
#4521 GET /storefront/battlepass/progressiontracks -> 200
#4522 GET /storefront/battlepass/progressiontracks -> 200
#4523 GET /storefront/battlepass/progressiontracks -> 200
#4524 GET /storefront/battlepass/progressiontracks -> 200
#4525 GET /storefront/battlepass/progressiontracks -> 200
#4526 GET /storefront/battlepass/progressiontracks -> 200
#4527 GET /storefront/battlepass/progressiontracks -> 200
#4528 GET /storefront/battlepass/progressiontracks -> 200
#4529 GET /storefront/battlepass/progressiontracks -> 200
#4530 GET /storefront/battlepass/progressiontracks -> 200
#4531 GET /storefront/battlepass/progressiontracks -> 200
#4532 GET /storefront/battlepass/progressiontracks -> 200
#4533 GET /storefront/battlepass/progressiontracks -> 200
#4534 GET /storefront/battlepass/progressiontracks -> 200
#4535 GET /storefront/battlepass/progressiontracks -> 200
#4536 GET /storefront/battlepass/progressiontracks -> 200
#4537 GET /storefront/battlepass/progressiontracks -> 200
#4538 GET /storefront/battlepass/progressiontracks -> 200
#4539 GET /storefront/battlepass/progressiontracks -> 200
#4540 GET /storefront/battlepass/progressiontracks -> 200
#4541 GET /storefront/battlepass/progressiontracks -> 200
#4542 GET /storefront/battlepass/progressiontracks -> 200
#4543 GET /storefront/battlepass/progressiontracks -> 200
#4544 GET /storefront/battlepass/progressiontracks -> 200
#4545 GET /storefront/battlepass/progressiontracks -> 200
#4546 GET /storefront/battlepass/progressiontracks -> 200
#4547 GET /storefront/battlepass/progressiontracks -> 200
#4548 GET /storefront/battlepass/progressiontracks -> 200
#4549 GET /storefront/battlepass/progressiontracks -> 200
#4550 GET /storefront/battlepass/progressiontracks -> 200
#4551 GET /storefront/battlepass/progressiontracks -> 200
#4552 GET /storefront/battlepass/progressiontracks -> 200
#4553 GET /storefront/battlepass/progressiontracks -> 200
#4554 GET /storefront/battlepass/progressiontracks -> 200
#4555 GET /storefront/battlepass/progressiontracks -> 200
#4556 GET /storefront/battlepass/progressiontracks -> 200
#4557 GET /storefront/battlepass/progressiontracks -> 200
#4558 GET /storefront/battlepass/progressiontracks -> 200
#4559 GET /storefront/battlepass/progressiontracks -> 200
#4560 GET /storefront/battlepass/progressiontracks -> 200
#4561 GET /storefront/battlepass/progressiontracks -> 200
#4562 GET /storefront/battlepass/progressiontracks -> 200
#4563 GET /storefront/battlepass/progressiontracks -> 200
#4564 GET /storefront/battlepass/progressiontracks -> 200
#4565 GET /storefront/battlepass/progressiontracks -> 200
#4566 GET /storefront/battlepass/progressiontracks -> 200
#4567 GET /storefront/battlepass/progressiontracks -> 200
#4568 GET /storefront/battlepass/progressiontracks -> 200
#4569 GET /storefront/battlepass/progressiontracks -> 200
#4570 GET /storefront/battlepass/progressiontracks -> 200
#4571 GET /storefront/battlepass/progressiontracks -> 200
#4572 GET /storefront/battlepass/progressiontracks -> 200
#4573 GET /storefront/battlepass/progressiontracks -> 200
#4574 GET /storefront/battlepass/progressiontracks -> 200
#4575 GET /storefront/battlepass/progressiontracks -> 200
#4576 GET /storefront/battlepass/progressiontracks -> 200
#4577 GET /storefront/battlepass/progressiontracks -> 200
#4578 GET /storefront/battlepass/progressiontracks -> 200
#4579 GET /storefront/battlepass/progressiontracks -> 200

* 17:15:29.096  WS -> /notifications/players/9b9d2c887e2524f918e383a895f2f1c2 BINARY hb (proactive 30s keepalive)
#4580 GET /storefront/battlepass/progressiontracks -> 200
#4581 GET /storefront/battlepass/progressiontracks -> 200
#4582 GET /storefront/battlepass/progressiontracks -> 200
#4583 GET /storefront/battlepass/progressiontracks -> 200
#4584 GET /storefront/battlepass/progressiontracks -> 200
#4585 GET /storefront/battlepass/progressiontracks -> 200
#4586 GET /storefront/battlepass/progressiontracks -> 200
#4587 GET /storefront/battlepass/progressiontracks -> 200
#4588 GET /storefront/battlepass/progressiontracks -> 200
#4589 GET /storefront/battlepass/progressiontracks -> 200
#4590 GET /storefront/battlepass/progressiontracks -> 200
#4591 GET /storefront/battlepass/progressiontracks -> 200
#4592 GET /storefront/battlepass/progressiontracks -> 200
#4593 GET /storefront/battlepass/progressiontracks -> 200
#4594 GET /storefront/battlepass/progressiontracks -> 200
#4595 GET /storefront/battlepass/progressiontracks -> 200
#4596 GET /storefront/battlepass/progressiontracks -> 200
#4597 GET /storefront/battlepass/progressiontracks -> 200
#4598 GET /storefront/battlepass/progressiontracks -> 200
#4599 GET /storefront/battlepass/progressiontracks -> 200
#4600 GET /storefront/battlepass/progressiontracks -> 200
#4601 GET /storefront/battlepass/progressiontracks -> 200
#4602 GET /storefront/battlepass/progressiontracks -> 200
#4603 GET /storefront/battlepass/progressiontracks -> 200
#4604 GET /storefront/battlepass/progressiontracks -> 200
#4605 GET /storefront/battlepass/progressiontracks -> 200
#4606 GET /storefront/battlepass/progressiontracks -> 200
#4607 GET /storefront/battlepass/progressiontracks -> 200
#4608 GET /storefront/battlepass/progressiontracks -> 200
#4609 GET /storefront/battlepass/progressiontracks -> 200
#4610 GET /storefront/battlepass/progressiontracks -> 200
#4611 GET /storefront/battlepass/progressiontracks -> 200
#4612 GET /storefront/battlepass/progressiontracks -> 200
#4613 GET /storefront/battlepass/progressiontracks -> 200
#4614 GET /storefront/battlepass/progressiontracks -> 200
#4615 GET /storefront/battlepass/progressiontracks -> 200
#4616 GET /storefront/battlepass/progressiontracks -> 200
#4617 GET /storefront/battlepass/progressiontracks -> 200
#4618 GET /storefront/battlepass/progressiontracks -> 200
#4619 GET /storefront/battlepass/progressiontracks -> 200
#4620 GET /storefront/battlepass/progressiontracks -> 200
#4621 GET /storefront/battlepass/progressiontracks -> 200
#4622 GET /storefront/battlepass/progressiontracks -> 200
#4623 GET /storefront/battlepass/progressiontracks -> 200
#4624 GET /storefront/battlepass/progressiontracks -> 200
#4625 GET /storefront/battlepass/progressiontracks -> 200
#4626 GET /storefront/battlepass/progressiontracks -> 200
#4627 GET /storefront/battlepass/progressiontracks -> 200
#4628 GET /storefront/battlepass/progressiontracks -> 200
#4629 GET /storefront/battlepass/progressiontracks -> 200
#4630 GET /storefront/battlepass/progressiontracks -> 200
#4631 GET /storefront/battlepass/progressiontracks -> 200
#4632 GET /storefront/battlepass/progressiontracks -> 200
#4633 GET /storefront/battlepass/progressiontracks -> 200
#4634 GET /storefront/battlepass/progressiontracks -> 200
#4635 GET /storefront/battlepass/progressiontracks -> 200
#4636 GET /storefront/battlepass/progressiontracks -> 200
#4637 GET /storefront/battlepass/progressiontracks -> 200
#4638 GET /storefront/battlepass/progressiontracks -> 200
#4639 GET /storefront/battlepass/progressiontracks -> 200
#4640 GET /storefront/battlepass/progressiontracks -> 200
#4641 GET /storefront/battlepass/progressiontracks -> 200
#4642 GET /storefront/battlepass/progressiontracks -> 200
#4643 GET /storefront/battlepass/progressiontracks -> 200
#4644 GET /storefront/battlepass/progressiontracks -> 200
#4645 GET /storefront/battlepass/progressiontracks -> 200
#4646 GET /storefront/battlepass/progressiontracks -> 200
#4647 GET /storefront/battlepass/progressiontracks -> 200
#4648 GET /storefront/battlepass/progressiontracks -> 200
#4649 GET /storefront/battlepass/progressiontracks -> 200
#4650 GET /storefront/battlepass/progressiontracks -> 200
#4651 GET /storefront/battlepass/progressiontracks -> 200
#4652 GET /storefront/battlepass/progressiontracks -> 200
#4653 GET /storefront/battlepass/progressiontracks -> 200
#4654 GET /storefront/battlepass/progressiontracks -> 200
#4655 GET /storefront/battlepass/progressiontracks -> 200
#4656 GET /storefront/battlepass/progressiontracks -> 200
#4657 GET /storefront/battlepass/progressiontracks -> 200
#4658 GET /storefront/battlepass/progressiontracks -> 200
#4659 GET /storefront/battlepass/progressiontracks -> 200
#4660 GET /storefront/battlepass/progressiontracks -> 200
#4661 GET /storefront/battlepass/progressiontracks -> 200
#4662 GET /storefront/battlepass/progressiontracks -> 200
#4663 GET /storefront/battlepass/progressiontracks -> 200
#4664 GET /storefront/battlepass/progressiontracks -> 200
#4665 GET /storefront/battlepass/progressiontracks -> 200
#4666 GET /storefront/battlepass/progressiontracks -> 200
#4667 GET /storefront/battlepass/progressiontracks -> 200
#4668 GET /storefront/battlepass/progressiontracks -> 200
#4669 GET /storefront/battlepass/progressiontracks -> 200
#4670 GET /storefront/battlepass/progressiontracks -> 200
#4671 GET /storefront/battlepass/progressiontracks -> 200
#4672 GET /storefront/battlepass/progressiontracks -> 200
#4673 GET /storefront/battlepass/progressiontracks -> 200
#4674 GET /storefront/battlepass/progressiontracks -> 200
#4675 GET /storefront/battlepass/progressiontracks -> 200
#4676 GET /storefront/battlepass/progressiontracks -> 200
#4677 GET /storefront/battlepass/progressiontracks -> 200
#4678 GET /storefront/battlepass/progressiontracks -> 200
#4679 GET /storefront/battlepass/progressiontracks -> 200
#4680 GET /storefront/battlepass/progressiontracks -> 200
#4681 GET /storefront/battlepass/progressiontracks -> 200
#4682 GET /storefront/battlepass/progressiontracks -> 200
#4683 GET /storefront/battlepass/progressiontracks -> 200
#4684 GET /storefront/battlepass/progressiontracks -> 200
#4685 GET /storefront/battlepass/progressiontracks -> 200
#4686 GET /storefront/battlepass/progressiontracks -> 200
#4687 GET /storefront/battlepass/progressiontracks -> 200
#4688 GET /storefront/battlepass/progressiontracks -> 200
#4689 GET /storefront/battlepass/progressiontracks -> 200
#4690 GET /storefront/battlepass/progressiontracks -> 200
#4691 GET /storefront/battlepass/progressiontracks -> 200
#4692 GET /storefront/battlepass/progressiontracks -> 200
#4693 GET /storefront/battlepass/progressiontracks -> 200
#4694 GET /storefront/battlepass/progressiontracks -> 200
#4695 GET /storefront/battlepass/progressiontracks -> 200
#4696 GET /storefront/battlepass/progressiontracks -> 200
#4697 GET /storefront/battlepass/progressiontracks -> 200
#4698 GET /storefront/battlepass/progressiontracks -> 200
#4699 GET /storefront/battlepass/progressiontracks -> 200
#4700 GET /storefront/battlepass/progressiontracks -> 200
#4701 GET /storefront/battlepass/progressiontracks -> 200
#4702 GET /storefront/battlepass/progressiontracks -> 200
#4703 GET /storefront/battlepass/progressiontracks -> 200
#4704 GET /storefront/battlepass/progressiontracks -> 200
#4705 GET /storefront/battlepass/progressiontracks -> 200
#4706 GET /storefront/battlepass/progressiontracks -> 200
#4707 GET /storefront/battlepass/progressiontracks -> 200
#4708 GET /storefront/battlepass/progressiontracks -> 200
#4709 GET /storefront/battlepass/progressiontracks -> 200
#4710 GET /storefront/battlepass/progressiontracks -> 200
#4711 GET /storefront/battlepass/progressiontracks -> 200
#4712 GET /storefront/battlepass/progressiontracks -> 200
#4713 GET /storefront/battlepass/progressiontracks -> 200
#4714 GET /storefront/battlepass/progressiontracks -> 200
#4715 GET /storefront/battlepass/progressiontracks -> 200
#4716 GET /storefront/battlepass/progressiontracks -> 200
#4717 GET /storefront/battlepass/progressiontracks -> 200
#4718 GET /storefront/battlepass/progressiontracks -> 200
#4719 GET /storefront/battlepass/progressiontracks -> 200
#4720 GET /storefront/battlepass/progressiontracks -> 200
#4721 GET /storefront/battlepass/progressiontracks -> 200
#4722 GET /storefront/battlepass/progressiontracks -> 200
#4723 GET /storefront/battlepass/progressiontracks -> 200
#4724 GET /storefront/battlepass/progressiontracks -> 200
#4725 GET /storefront/battlepass/progressiontracks -> 200
#4726 GET /storefront/battlepass/progressiontracks -> 200
#4727 GET /storefront/battlepass/progressiontracks -> 200
#4728 GET /storefront/battlepass/progressiontracks -> 200
#4729 GET /storefront/battlepass/progressiontracks -> 200
#4730 GET /storefront/battlepass/progressiontracks -> 200
#4731 GET /storefront/battlepass/progressiontracks -> 200
#4732 GET /storefront/battlepass/progressiontracks -> 200
#4733 GET /storefront/battlepass/progressiontracks -> 200
#4734 GET /storefront/battlepass/progressiontracks -> 200
#4735 GET /storefront/battlepass/progressiontracks -> 200
#4736 GET /storefront/battlepass/progressiontracks -> 200
#4737 GET /storefront/battlepass/progressiontracks -> 200
#4738 GET /storefront/battlepass/progressiontracks -> 200
#4739 GET /storefront/battlepass/progressiontracks -> 200
#4740 GET /storefront/battlepass/progressiontracks -> 200
#4741 GET /storefront/battlepass/progressiontracks -> 200
#4742 GET /storefront/battlepass/progressiontracks -> 200
#4743 GET /storefront/battlepass/progressiontracks -> 200
#4744 GET /storefront/battlepass/progressiontracks -> 200
#4745 GET /storefront/battlepass/progressiontracks -> 200
#4746 GET /storefront/battlepass/progressiontracks -> 200
#4747 GET /storefront/battlepass/progressiontracks -> 200
#4748 GET /storefront/battlepass/progressiontracks -> 200
#4749 GET /storefront/battlepass/progressiontracks -> 200
#4750 GET /storefront/battlepass/progressiontracks -> 200
#4751 GET /storefront/battlepass/progressiontracks -> 200
#4752 GET /storefront/battlepass/progressiontracks -> 200
#4753 GET /storefront/battlepass/progressiontracks -> 200
#4754 GET /storefront/battlepass/progressiontracks -> 200
#4755 GET /storefront/battlepass/progressiontracks -> 200
#4756 GET /storefront/battlepass/progressiontracks -> 200
#4757 GET /storefront/battlepass/progressiontracks -> 200
#4758 GET /storefront/battlepass/progressiontracks -> 200
#4759 GET /storefront/battlepass/progressiontracks -> 200
#4760 GET /storefront/battlepass/progressiontracks -> 200
#4761 GET /storefront/battlepass/progressiontracks -> 200
#4762 GET /storefront/battlepass/progressiontracks -> 200
#4763 GET /storefront/battlepass/progressiontracks -> 200
#4764 GET /storefront/battlepass/progressiontracks -> 200
#4765 GET /storefront/battlepass/progressiontracks -> 200
#4766 GET /storefront/battlepass/progressiontracks -> 200
#4767 GET /storefront/battlepass/progressiontracks -> 200
#4768 GET /storefront/battlepass/progressiontracks -> 200
#4769 GET /storefront/battlepass/progressiontracks -> 200
#4770 GET /storefront/battlepass/progressiontracks -> 200
#4771 GET /storefront/battlepass/progressiontracks -> 200
#4772 GET /storefront/battlepass/progressiontracks -> 200
#4773 GET /storefront/battlepass/progressiontracks -> 200
#4774 GET /storefront/battlepass/progressiontracks -> 200
#4775 GET /storefront/battlepass/progressiontracks -> 200
#4776 GET /storefront/battlepass/progressiontracks -> 200
#4777 GET /storefront/battlepass/progressiontracks -> 200
#4778 GET /storefront/battlepass/progressiontracks -> 200
#4779 GET /storefront/battlepass/progressiontracks -> 200
#4780 GET /storefront/battlepass/progressiontracks -> 200
#4781 GET /storefront/battlepass/progressiontracks -> 200
#4782 GET /storefront/battlepass/progressiontracks -> 200
#4783 GET /storefront/battlepass/progressiontracks -> 200
#4784 GET /storefront/battlepass/progressiontracks -> 200
#4785 GET /storefront/battlepass/progressiontracks -> 200
#4786 GET /storefront/battlepass/progressiontracks -> 200
#4787 GET /storefront/battlepass/progressiontracks -> 200
#4788 GET /storefront/battlepass/progressiontracks -> 200
#4789 GET /storefront/battlepass/progressiontracks -> 200
#4790 GET /storefront/battlepass/progressiontracks -> 200
#4791 GET /storefront/battlepass/progressiontracks -> 200
#4792 GET /storefront/battlepass/progressiontracks -> 200
#4793 GET /storefront/battlepass/progressiontracks -> 200
#4794 GET /storefront/battlepass/progressiontracks -> 200
#4795 GET /storefront/battlepass/progressiontracks -> 200
#4796 GET /storefront/battlepass/progressiontracks -> 200
#4797 GET /storefront/battlepass/progressiontracks -> 200
#4798 GET /storefront/battlepass/progressiontracks -> 200
#4799 GET /storefront/battlepass/progressiontracks -> 200
#4800 GET /storefront/battlepass/progressiontracks -> 200
#4801 GET /storefront/battlepass/progressiontracks -> 200
#4802 GET /storefront/battlepass/progressiontracks -> 200
#4803 GET /storefront/battlepass/progressiontracks -> 200
#4804 GET /storefront/battlepass/progressiontracks -> 200
#4805 GET /storefront/battlepass/progressiontracks -> 200
#4806 GET /storefront/battlepass/progressiontracks -> 200
#4807 GET /storefront/battlepass/progressiontracks -> 200
#4808 GET /storefront/battlepass/progressiontracks -> 200
#4809 GET /storefront/battlepass/progressiontracks -> 200
#4810 GET /storefront/battlepass/progressiontracks -> 200
#4811 GET /storefront/battlepass/progressiontracks -> 200
#4812 GET /storefront/battlepass/progressiontracks -> 200
#4813 GET /storefront/battlepass/progressiontracks -> 200
#4814 GET /storefront/battlepass/progressiontracks -> 200
#4815 GET /storefront/battlepass/progressiontracks -> 200
#4816 GET /storefront/battlepass/progressiontracks -> 200
#4817 GET /storefront/battlepass/progressiontracks -> 200
#4818 GET /storefront/battlepass/progressiontracks -> 200
#4819 GET /storefront/battlepass/progressiontracks -> 200
#4820 GET /storefront/battlepass/progressiontracks -> 200
#4821 GET /storefront/battlepass/progressiontracks -> 200
#4822 GET /storefront/battlepass/progressiontracks -> 200
#4823 GET /storefront/battlepass/progressiontracks -> 200
#4824 GET /storefront/battlepass/progressiontracks -> 200
#4825 GET /storefront/battlepass/progressiontracks -> 200
#4826 GET /storefront/battlepass/progressiontracks -> 200
#4827 GET /storefront/battlepass/progressiontracks -> 200
#4828 GET /storefront/battlepass/progressiontracks -> 200
#4829 GET /party/players/9b9d2c887e2524f918e383a895f2f1c2/voice -> 200
#4830 GET /storefront/battlepass/progressiontracks -> 200
#4831 GET /storefront/battlepass/progressiontracks -> 200
#4832 GET /storefront/battlepass/progressiontracks -> 200
#4833 GET /storefront/battlepass/progressiontracks -> 200
#4834 GET /storefront/battlepass/progressiontracks -> 200

* 17:15:47.238  WS <- /lobby TEXT ""
#4835 GET /storefront/battlepass/progressiontracks -> 200
#4836 GET /storefront/battlepass/progressiontracks -> 200
#4837 GET /storefront/battlepass/progressiontracks -> 200
#4838 GET /storefront/battlepass/progressiontracks -> 200
#4839 GET /storefront/battlepass/progressiontracks -> 200
#4840 GET /storefront/battlepass/progressiontracks -> 200
#4841 GET /storefront/battlepass/progressiontracks -> 200
#4842 GET /storefront/battlepass/progressiontracks -> 200
#4843 GET /storefront/battlepass/progressiontracks -> 200
#4844 GET /storefront/battlepass/progressiontracks -> 200
#4845 GET /storefront/battlepass/progressiontracks -> 200
#4846 GET /storefront/battlepass/progressiontracks -> 200
#4847 GET /storefront/battlepass/progressiontracks -> 200
#4848 GET /storefront/battlepass/progressiontracks -> 200
#4849 GET /storefront/battlepass/progressiontracks -> 200
#4850 GET /storefront/battlepass/progressiontracks -> 200
#4851 GET /storefront/battlepass/progressiontracks -> 200
#4852 GET /storefront/battlepass/progressiontracks -> 200
#4853 GET /storefront/battlepass/progressiontracks -> 200
#4854 GET /storefront/battlepass/progressiontracks -> 200
#4855 GET /storefront/battlepass/progressiontracks -> 200
#4856 GET /storefront/battlepass/progressiontracks -> 200
#4857 GET /storefront/battlepass/progressiontracks -> 200
#4858 GET /storefront/battlepass/progressiontracks -> 200
#4859 GET /storefront/battlepass/progressiontracks -> 200
#4860 GET /storefront/battlepass/progressiontracks -> 200
#4861 GET /storefront/battlepass/progressiontracks -> 200
#4862 GET /storefront/battlepass/progressiontracks -> 200
#4863 GET /storefront/battlepass/progressiontracks -> 200
#4864 GET /storefront/battlepass/progressiontracks -> 200
#4865 GET /storefront/battlepass/progressiontracks -> 200
#4866 GET /storefront/battlepass/progressiontracks -> 200
#4867 GET /storefront/battlepass/progressiontracks -> 200
#4868 GET /storefront/battlepass/progressiontracks -> 200
#4869 GET /storefront/battlepass/progressiontracks -> 200
#4870 GET /storefront/battlepass/progressiontracks -> 200
#4871 GET /storefront/battlepass/progressiontracks -> 200
#4872 GET /storefront/battlepass/progressiontracks -> 200
#4873 GET /storefront/battlepass/progressiontracks -> 200
#4874 GET /storefront/battlepass/progressiontracks -> 200
#4875 GET /storefront/battlepass/progressiontracks -> 200
#4876 GET /storefront/battlepass/progressiontracks -> 200
#4877 GET /storefront/battlepass/progressiontracks -> 200
#4878 GET /storefront/battlepass/progressiontracks -> 200
#4879 GET /storefront/battlepass/progressiontracks -> 200
#4880 GET /storefront/battlepass/progressiontracks -> 200
#4881 GET /storefront/battlepass/progressiontracks -> 200
#4882 GET /storefront/battlepass/progressiontracks -> 200
#4883 GET /storefront/battlepass/progressiontracks -> 200
#4884 GET /storefront/battlepass/progressiontracks -> 200
#4885 GET /storefront/battlepass/progressiontracks -> 200
#4886 GET /storefront/battlepass/progressiontracks -> 200
#4887 GET /storefront/battlepass/progressiontracks -> 200
#4888 GET /storefront/battlepass/progressiontracks -> 200
#4889 GET /storefront/battlepass/progressiontracks -> 200
#4890 GET /storefront/battlepass/progressiontracks -> 200
#4891 GET /storefront/battlepass/progressiontracks -> 200
#4892 GET /storefront/battlepass/progressiontracks -> 200
#4893 GET /storefront/battlepass/progressiontracks -> 200
#4894 GET /storefront/battlepass/progressiontracks -> 200
#4895 GET /storefront/battlepass/progressiontracks -> 200
#4896 GET /storefront/battlepass/progressiontracks -> 200
#4897 GET /storefront/battlepass/progressiontracks -> 200
#4898 GET /storefront/battlepass/progressiontracks -> 200
#4899 GET /storefront/battlepass/progressiontracks -> 200
#4900 GET /storefront/battlepass/progressiontracks -> 200
#4901 GET /storefront/battlepass/progressiontracks -> 200
#4902 GET /storefront/battlepass/progressiontracks -> 200
#4903 GET /storefront/battlepass/progressiontracks -> 200
#4904 GET /storefront/battlepass/progressiontracks -> 200
#4905 GET /storefront/battlepass/progressiontracks -> 200
#4906 GET /storefront/battlepass/progressiontracks -> 200
#4907 GET /storefront/battlepass/progressiontracks -> 200
#4908 GET /storefront/battlepass/progressiontracks -> 200
#4909 GET /storefront/battlepass/progressiontracks -> 200
#4910 GET /storefront/battlepass/progressiontracks -> 200
#4911 GET /storefront/battlepass/progressiontracks -> 200
#4912 GET /storefront/battlepass/progressiontracks -> 200
#4913 GET /storefront/battlepass/progressiontracks -> 200
#4914 GET /storefront/battlepass/progressiontracks -> 200
#4915 GET /storefront/battlepass/progressiontracks -> 200
#4916 GET /storefront/battlepass/progressiontracks -> 200
#4917 GET /storefront/battlepass/progressiontracks -> 200
#4918 GET /storefront/battlepass/progressiontracks -> 200
#4919 GET /storefront/battlepass/progressiontracks -> 200
#4920 GET /storefront/battlepass/progressiontracks -> 200
#4921 GET /storefront/battlepass/progressiontracks -> 200
#4922 GET /storefront/battlepass/progressiontracks -> 200
#4923 GET /storefront/battlepass/progressiontracks -> 200
#4924 GET /storefront/battlepass/progressiontracks -> 200
#4925 GET /storefront/battlepass/progressiontracks -> 200
#4926 GET /storefront/battlepass/progressiontracks -> 200
#4927 GET /storefront/battlepass/progressiontracks -> 200
#4928 GET /configuration/client -> 200
#4929 GET /storefront/battlepass/progressiontracks -> 200
#4930 GET /content-service/manifest/release2.4.live-156430-shipping -> 200
#4931 POST /party/parties/party-9b9d2c887e2524f918e383a895f2f1c2/members/9b9d2c887e2524f918e383a895f2f1c2/latencies -> 200
#4932 GET /storefront/battlepass/progressiontracks -> 200

* 17:15:54.041  WS <- /notifications/players/9b9d2c887e2524f918e383a895f2f1c2 BINARY (2 bytes) 6862
#4933 GET /party/matchmaking/info -> 200

* 17:15:54.084  WS -> /notifications/players/9b9d2c887e2524f918e383a895f2f1c2 TEXT hb reply {"Resource":"hb","Version":0,"Payload":""}
#4934 GET /storefront/battlepass/progressiontracks -> 200
#4935 GET /storefront/battlepass/progressiontracks -> 200
#4936 GET /storefront/battlepass/progressiontracks -> 200
#4937 GET /storefront/battlepass/progressiontracks -> 200
#4938 GET /storefront/battlepass/progressiontracks -> 200
#4939 GET /storefront/battlepass/progressiontracks -> 200
#4940 GET /storefront/battlepass/progressiontracks -> 200
#4941 GET /storefront/battlepass/progressiontracks -> 200
#4942 GET /storefront/battlepass/progressiontracks -> 200
#4943 GET /storefront/battlepass/progressiontracks -> 200
#4944 GET /storefront/battlepass/progressiontracks -> 200
#4945 GET /storefront/battlepass/progressiontracks -> 200
#4946 GET /storefront/battlepass/progressiontracks -> 200
#4947 GET /storefront/battlepass/progressiontracks -> 200
#4948 GET /storefront/battlepass/progressiontracks -> 200
#4949 GET /storefront/battlepass/progressiontracks -> 200
#4950 GET /storefront/battlepass/progressiontracks -> 200
#4951 GET /storefront/battlepass/progressiontracks -> 200
#4952 GET /storefront/battlepass/progressiontracks -> 200
#4953 GET /storefront/battlepass/progressiontracks -> 200
#4954 GET /storefront/battlepass/progressiontracks -> 200
#4955 GET /storefront/battlepass/progressiontracks -> 200
#4956 GET /storefront/battlepass/progressiontracks -> 200
#4957 GET /storefront/battlepass/progressiontracks -> 200
#4958 GET /storefront/battlepass/progressiontracks -> 200
#4959 GET /storefront/battlepass/progressiontracks -> 200
#4960 GET /storefront/battlepass/progressiontracks -> 200
#4961 GET /storefront/battlepass/progressiontracks -> 200
#4962 GET /storefront/battlepass/progressiontracks -> 200
#4963 GET /storefront/battlepass/progressiontracks -> 200
#4964 GET /storefront/battlepass/progressiontracks -> 200
#4965 GET /storefront/battlepass/progressiontracks -> 200
#4966 GET /storefront/battlepass/progressiontracks -> 200
#4967 GET /storefront/battlepass/progressiontracks -> 200
#4968 GET /storefront/battlepass/progressiontracks -> 200
#4969 GET /storefront/battlepass/progressiontracks -> 200
#4970 GET /storefront/battlepass/progressiontracks -> 200
#4971 GET /storefront/battlepass/progressiontracks -> 200
#4972 GET /storefront/battlepass/progressiontracks -> 200
#4973 GET /storefront/battlepass/progressiontracks -> 200
#4974 GET /storefront/battlepass/progressiontracks -> 200
#4975 GET /storefront/battlepass/progressiontracks -> 200
#4976 GET /storefront/battlepass/progressiontracks -> 200
#4977 GET /storefront/battlepass/progressiontracks -> 200
#4978 GET /storefront/battlepass/progressiontracks -> 200
#4979 GET /storefront/battlepass/progressiontracks -> 200
#4980 GET /storefront/battlepass/progressiontracks -> 200
#4981 GET /storefront/battlepass/progressiontracks -> 200
#4982 GET /storefront/battlepass/progressiontracks -> 200
#4983 GET /storefront/battlepass/progressiontracks -> 200
#4984 GET /storefront/battlepass/progressiontracks -> 200
#4985 GET /storefront/battlepass/progressiontracks -> 200
#4986 GET /storefront/battlepass/progressiontracks -> 200
#4987 GET /storefront/battlepass/progressiontracks -> 200
#4988 GET /storefront/battlepass/progressiontracks -> 200
#4989 GET /storefront/battlepass/progressiontracks -> 200
#4990 GET /storefront/battlepass/progressiontracks -> 200
#4991 GET /storefront/battlepass/progressiontracks -> 200
#4992 GET /storefront/battlepass/progressiontracks -> 200
#4993 GET /storefront/battlepass/progressiontracks -> 200
#4994 GET /storefront/battlepass/progressiontracks -> 200
#4995 GET /storefront/battlepass/progressiontracks -> 200
#4996 GET /storefront/battlepass/progressiontracks -> 200
#4997 GET /storefront/battlepass/progressiontracks -> 200
#4998 GET /storefront/battlepass/progressiontracks -> 200
#4999 GET /storefront/battlepass/progressiontracks -> 200
#5000 GET /storefront/battlepass/progressiontracks -> 200
#5001 GET /storefront/battlepass/progressiontracks -> 200
#5002 GET /storefront/battlepass/progressiontracks -> 200
#5003 GET /storefront/battlepass/progressiontracks -> 200
#5004 GET /storefront/battlepass/progressiontracks -> 200
#5005 GET /storefront/battlepass/progressiontracks -> 200
#5006 GET /storefront/battlepass/progressiontracks -> 200
#5007 GET /storefront/battlepass/progressiontracks -> 200
#5008 GET /storefront/battlepass/progressiontracks -> 200
#5009 GET /storefront/battlepass/progressiontracks -> 200
#5010 GET /storefront/battlepass/progressiontracks -> 200
#5011 GET /storefront/battlepass/progressiontracks -> 200
#5012 GET /storefront/battlepass/progressiontracks -> 200
#5013 GET /storefront/battlepass/progressiontracks -> 200
#5014 GET /storefront/battlepass/progressiontracks -> 200
#5015 GET /storefront/battlepass/progressiontracks -> 200
#5016 GET /storefront/battlepass/progressiontracks -> 200
#5017 GET /storefront/battlepass/progressiontracks -> 200
#5018 GET /storefront/battlepass/progressiontracks -> 200
#5019 GET /storefront/battlepass/progressiontracks -> 200
#5020 GET /storefront/battlepass/progressiontracks -> 200
#5021 GET /storefront/battlepass/progressiontracks -> 200
#5022 GET /storefront/battlepass/progressiontracks -> 200
#5023 GET /storefront/battlepass/progressiontracks -> 200
#5024 GET /storefront/battlepass/progressiontracks -> 200
#5025 GET /storefront/battlepass/progressiontracks -> 200
#5026 GET /storefront/battlepass/progressiontracks -> 200
#5027 GET /storefront/battlepass/progressiontracks -> 200
#5028 GET /storefront/battlepass/progressiontracks -> 200
#5029 GET /storefront/battlepass/progressiontracks -> 200
#5030 GET /storefront/battlepass/progressiontracks -> 200
#5031 GET /storefront/battlepass/progressiontracks -> 200
#5032 GET /storefront/battlepass/progressiontracks -> 200
#5033 GET /storefront/battlepass/progressiontracks -> 200
#5034 GET /storefront/battlepass/progressiontracks -> 200
#5035 GET /storefront/battlepass/progressiontracks -> 200
#5036 GET /storefront/battlepass/progressiontracks -> 200
#5037 GET /storefront/battlepass/progressiontracks -> 200
#5038 GET /storefront/battlepass/progressiontracks -> 200
#5039 GET /storefront/battlepass/progressiontracks -> 200
#5040 GET /storefront/battlepass/progressiontracks -> 200
#5041 GET /storefront/battlepass/progressiontracks -> 200
#5042 GET /storefront/battlepass/progressiontracks -> 200
#5043 GET /storefront/battlepass/progressiontracks -> 200
#5044 GET /storefront/battlepass/progressiontracks -> 200
#5045 GET /storefront/battlepass/progressiontracks -> 200
#5046 GET /storefront/battlepass/progressiontracks -> 200
#5047 GET /storefront/battlepass/progressiontracks -> 200
#5048 GET /storefront/battlepass/progressiontracks -> 200
#5049 GET /storefront/battlepass/progressiontracks -> 200
#5050 GET /storefront/battlepass/progressiontracks -> 200
#5051 GET /storefront/battlepass/progressiontracks -> 200
#5052 GET /storefront/battlepass/progressiontracks -> 200
#5053 GET /storefront/battlepass/progressiontracks -> 200
#5054 GET /storefront/battlepass/progressiontracks -> 200
#5055 GET /storefront/battlepass/progressiontracks -> 200
#5056 GET /storefront/battlepass/progressiontracks -> 200
#5057 GET /storefront/battlepass/progressiontracks -> 200
#5058 GET /storefront/battlepass/progressiontracks -> 200
#5059 GET /storefront/battlepass/progressiontracks -> 200
#5060 GET /storefront/battlepass/progressiontracks -> 200
#5061 GET /storefront/battlepass/progressiontracks -> 200
#5062 GET /storefront/battlepass/progressiontracks -> 200
#5063 GET /storefront/battlepass/progressiontracks -> 200
#5064 GET /storefront/battlepass/progressiontracks -> 200
#5065 GET /storefront/battlepass/progressiontracks -> 200
#5066 GET /storefront/battlepass/progressiontracks -> 200
#5067 GET /storefront/battlepass/progressiontracks -> 200
#5068 GET /storefront/battlepass/progressiontracks -> 200
#5069 GET /storefront/battlepass/progressiontracks -> 200
#5070 GET /storefront/battlepass/progressiontracks -> 200
#5071 GET /storefront/battlepass/progressiontracks -> 200
#5072 GET /storefront/battlepass/progressiontracks -> 200
#5073 GET /storefront/battlepass/progressiontracks -> 200
#5074 GET /storefront/battlepass/progressiontracks -> 200
#5075 GET /storefront/battlepass/progressiontracks -> 200
#5076 GET /storefront/battlepass/progressiontracks -> 200
#5077 GET /storefront/battlepass/progressiontracks -> 200
#5078 GET /storefront/battlepass/progressiontracks -> 200
#5079 GET /storefront/battlepass/progressiontracks -> 200
#5080 GET /storefront/battlepass/progressiontracks -> 200
#5081 GET /storefront/battlepass/progressiontracks -> 200
#5082 GET /storefront/battlepass/progressiontracks -> 200
#5083 GET /storefront/battlepass/progressiontracks -> 200
#5084 GET /storefront/battlepass/progressiontracks -> 200
#5085 GET /storefront/battlepass/progressiontracks -> 200
#5086 GET /storefront/battlepass/progressiontracks -> 200
#5087 GET /storefront/battlepass/progressiontracks -> 200
#5088 GET /storefront/battlepass/progressiontracks -> 200
#5089 GET /storefront/battlepass/progressiontracks -> 200
#5090 GET /storefront/battlepass/progressiontracks -> 200
#5091 GET /storefront/battlepass/progressiontracks -> 200
#5092 GET /storefront/battlepass/progressiontracks -> 200
#5093 GET /storefront/battlepass/progressiontracks -> 200
#5094 GET /storefront/battlepass/progressiontracks -> 200
#5095 GET /storefront/battlepass/progressiontracks -> 200
#5096 GET /storefront/battlepass/progressiontracks -> 200
#5097 GET /storefront/battlepass/progressiontracks -> 200
#5098 GET /storefront/battlepass/progressiontracks -> 200
#5099 GET /storefront/battlepass/progressiontracks -> 200
#5100 GET /storefront/battlepass/progressiontracks -> 200
#5101 GET /storefront/battlepass/progressiontracks -> 200
#5102 GET /storefront/battlepass/progressiontracks -> 200
#5103 GET /storefront/battlepass/progressiontracks -> 200
#5104 GET /storefront/battlepass/progressiontracks -> 200
#5105 GET /storefront/battlepass/progressiontracks -> 200
#5106 GET /storefront/battlepass/progressiontracks -> 200
#5107 GET /storefront/battlepass/progressiontracks -> 200
#5108 GET /storefront/battlepass/progressiontracks -> 200
#5109 GET /storefront/battlepass/progressiontracks -> 200
#5110 GET /storefront/battlepass/progressiontracks -> 200
#5111 GET /storefront/battlepass/progressiontracks -> 200
#5112 GET /storefront/battlepass/progressiontracks -> 200
#5113 GET /storefront/battlepass/progressiontracks -> 200
#5114 GET /storefront/battlepass/progressiontracks -> 200
#5115 GET /storefront/battlepass/progressiontracks -> 200
#5116 GET /storefront/battlepass/progressiontracks -> 200
#5117 GET /storefront/battlepass/progressiontracks -> 200
#5118 GET /storefront/battlepass/progressiontracks -> 200
#5119 GET /storefront/battlepass/progressiontracks -> 200
#5120 GET /storefront/battlepass/progressiontracks -> 200
#5121 GET /storefront/battlepass/progressiontracks -> 200
#5122 GET /storefront/battlepass/progressiontracks -> 200
#5123 GET /storefront/battlepass/progressiontracks -> 200
#5124 GET /storefront/battlepass/progressiontracks -> 200
#5125 GET /storefront/battlepass/progressiontracks -> 200
#5126 GET /storefront/battlepass/progressiontracks -> 200
#5127 GET /storefront/battlepass/progressiontracks -> 200
#5128 GET /storefront/battlepass/progressiontracks -> 200
#5129 GET /storefront/battlepass/progressiontracks -> 200
#5130 GET /storefront/battlepass/progressiontracks -> 200
#5131 GET /storefront/battlepass/progressiontracks -> 200
#5132 GET /storefront/battlepass/progressiontracks -> 200
#5133 GET /storefront/battlepass/progressiontracks -> 200
#5134 GET /storefront/battlepass/progressiontracks -> 200
#5135 GET /storefront/battlepass/progressiontracks -> 200
#5136 GET /storefront/battlepass/progressiontracks -> 200
#5137 GET /storefront/battlepass/progressiontracks -> 200
#5138 GET /storefront/battlepass/progressiontracks -> 200
#5139 GET /storefront/battlepass/progressiontracks -> 200
#5140 GET /storefront/battlepass/progressiontracks -> 200
#5141 GET /storefront/battlepass/progressiontracks -> 200
#5142 GET /storefront/battlepass/progressiontracks -> 200
#5143 GET /storefront/battlepass/progressiontracks -> 200
#5144 GET /storefront/battlepass/progressiontracks -> 200
#5145 GET /storefront/battlepass/progressiontracks -> 200
#5146 GET /storefront/battlepass/progressiontracks -> 200
#5147 GET /storefront/battlepass/progressiontracks -> 200
#5148 GET /storefront/battlepass/progressiontracks -> 200
#5149 GET /storefront/battlepass/progressiontracks -> 200
#5150 GET /storefront/battlepass/progressiontracks -> 200
#5151 GET /storefront/battlepass/progressiontracks -> 200
#5152 GET /storefront/battlepass/progressiontracks -> 200
#5153 GET /storefront/battlepass/progressiontracks -> 200
#5154 GET /storefront/battlepass/progressiontracks -> 200
#5155 GET /storefront/battlepass/progressiontracks -> 200
#5156 GET /storefront/battlepass/progressiontracks -> 200
#5157 GET /storefront/battlepass/progressiontracks -> 200
#5158 GET /storefront/battlepass/progressiontracks -> 200
#5159 GET /storefront/battlepass/progressiontracks -> 200
#5160 GET /storefront/battlepass/progressiontracks -> 200
#5161 GET /storefront/battlepass/progressiontracks -> 200
#5162 GET /storefront/battlepass/progressiontracks -> 200
#5163 GET /storefront/battlepass/progressiontracks -> 200
#5164 GET /storefront/battlepass/progressiontracks -> 200
#5165 GET /storefront/battlepass/progressiontracks -> 200
#5166 GET /storefront/battlepass/progressiontracks -> 200
#5167 GET /storefront/battlepass/progressiontracks -> 200
#5168 GET /storefront/battlepass/progressiontracks -> 200
#5169 GET /storefront/battlepass/progressiontracks -> 200
#5170 GET /storefront/battlepass/progressiontracks -> 200
#5171 GET /storefront/battlepass/progressiontracks -> 200
#5172 GET /storefront/battlepass/progressiontracks -> 200
#5173 GET /storefront/battlepass/progressiontracks -> 200
#5174 GET /storefront/battlepass/progressiontracks -> 200
#5175 GET /storefront/battlepass/progressiontracks -> 200
#5176 POST /game-telemetry/v1/protected/events -> 200
#5177 GET /storefront/battlepass/progressiontracks -> 200
#5178 GET /storefront/battlepass/progressiontracks -> 200
#5179 GET /storefront/battlepass/progressiontracks -> 200
#5180 GET /storefront/battlepass/progressiontracks -> 200
#5181 GET /storefront/battlepass/progressiontracks -> 200
#5182 GET /storefront/battlepass/progressiontracks -> 200
#5183 GET /storefront/battlepass/progressiontracks -> 200
#5184 GET /storefront/battlepass/progressiontracks -> 200
#5185 GET /storefront/battlepass/progressiontracks -> 200
#5186 GET /storefront/battlepass/progressiontracks -> 200
#5187 GET /storefront/battlepass/progressiontracks -> 200
#5188 GET /storefront/battlepass/progressiontracks -> 200
#5189 GET /storefront/battlepass/progressiontracks -> 200
#5190 GET /storefront/battlepass/progressiontracks -> 200
#5191 GET /storefront/battlepass/progressiontracks -> 200
#5192 GET /storefront/battlepass/progressiontracks -> 200
#5193 GET /storefront/battlepass/progressiontracks -> 200
#5194 GET /storefront/battlepass/progressiontracks -> 200
#5195 GET /storefront/battlepass/progressiontracks -> 200
#5196 GET /storefront/battlepass/progressiontracks -> 200
#5197 GET /storefront/battlepass/progressiontracks -> 200
#5198 GET /storefront/battlepass/progressiontracks -> 200
#5199 GET /storefront/battlepass/progressiontracks -> 200
#5200 GET /storefront/battlepass/progressiontracks -> 200
#5201 GET /storefront/battlepass/progressiontracks -> 200
#5202 GET /storefront/battlepass/progressiontracks -> 200
#5203 GET /storefront/battlepass/progressiontracks -> 200
#5204 GET /storefront/battlepass/progressiontracks -> 200
#5205 GET /storefront/battlepass/progressiontracks -> 200
#5206 GET /storefront/battlepass/progressiontracks -> 200
#5207 GET /storefront/battlepass/progressiontracks -> 200
#5208 GET /storefront/battlepass/progressiontracks -> 200
#5209 GET /storefront/battlepass/progressiontracks -> 200
#5210 GET /storefront/battlepass/progressiontracks -> 200
#5211 GET /storefront/battlepass/progressiontracks -> 200
#5212 GET /storefront/battlepass/progressiontracks -> 200
#5213 GET /storefront/battlepass/progressiontracks -> 200
#5214 GET /storefront/battlepass/progressiontracks -> 200
#5215 GET /storefront/battlepass/progressiontracks -> 200
#5216 GET /storefront/battlepass/progressiontracks -> 200
#5217 GET /storefront/battlepass/progressiontracks -> 200
#5218 GET /storefront/battlepass/progressiontracks -> 200
#5219 GET /storefront/battlepass/progressiontracks -> 200
#5220 GET /storefront/battlepass/progressiontracks -> 200
#5221 GET /storefront/battlepass/progressiontracks -> 200
#5222 GET /storefront/battlepass/progressiontracks -> 200
#5223 GET /storefront/battlepass/progressiontracks -> 200
#5224 GET /storefront/battlepass/progressiontracks -> 200
#5225 GET /storefront/battlepass/progressiontracks -> 200
#5226 GET /storefront/battlepass/progressiontracks -> 200
#5227 GET /storefront/battlepass/progressiontracks -> 200
#5228 GET /storefront/battlepass/progressiontracks -> 200
#5229 GET /storefront/battlepass/progressiontracks -> 200
#5230 GET /storefront/battlepass/progressiontracks -> 200
#5231 GET /storefront/battlepass/progressiontracks -> 200
#5232 GET /storefront/battlepass/progressiontracks -> 200
#5233 GET /storefront/battlepass/progressiontracks -> 200
#5234 GET /storefront/battlepass/progressiontracks -> 200
#5235 GET /storefront/battlepass/progressiontracks -> 200
#5236 GET /storefront/battlepass/progressiontracks -> 200
#5237 GET /storefront/battlepass/progressiontracks -> 200
#5238 GET /storefront/battlepass/progressiontracks -> 200
#5239 GET /storefront/battlepass/progressiontracks -> 200
#5240 GET /storefront/battlepass/progressiontracks -> 200
#5241 GET /storefront/battlepass/progressiontracks -> 200
#5242 GET /storefront/battlepass/progressiontracks -> 200
#5243 GET /storefront/battlepass/progressiontracks -> 200
#5244 GET /storefront/battlepass/progressiontracks -> 200
#5245 GET /storefront/battlepass/progressiontracks -> 200
#5246 GET /storefront/battlepass/progressiontracks -> 200
#5247 GET /storefront/battlepass/progressiontracks -> 200
#5248 GET /storefront/battlepass/progressiontracks -> 200
#5249 GET /storefront/battlepass/progressiontracks -> 200
#5250 GET /storefront/battlepass/progressiontracks -> 200
#5251 GET /storefront/battlepass/progressiontracks -> 200
#5252 GET /storefront/battlepass/progressiontracks -> 200
#5253 GET /storefront/battlepass/progressiontracks -> 200
#5254 GET /storefront/battlepass/progressiontracks -> 200
#5255 GET /storefront/battlepass/progressiontracks -> 200
#5256 GET /storefront/battlepass/progressiontracks -> 200
#5257 GET /storefront/battlepass/progressiontracks -> 200
#5258 GET /storefront/battlepass/progressiontracks -> 200
#5259 GET /storefront/battlepass/progressiontracks -> 200
#5260 GET /storefront/battlepass/progressiontracks -> 200
#5261 GET /storefront/battlepass/progressiontracks -> 200
#5262 GET /storefront/battlepass/progressiontracks -> 200
#5263 GET /storefront/battlepass/progressiontracks -> 200
#5264 GET /storefront/battlepass/progressiontracks -> 200
#5265 GET /storefront/battlepass/progressiontracks -> 200
#5266 GET /storefront/battlepass/progressiontracks -> 200
#5267 GET /storefront/battlepass/progressiontracks -> 200
#5268 GET /storefront/battlepass/progressiontracks -> 200

* 17:16:17.717  WS <- /lobby TEXT ""
#5269 GET /storefront/battlepass/progressiontracks -> 200
#5270 GET /storefront/battlepass/progressiontracks -> 200
#5271 GET /storefront/battlepass/progressiontracks -> 200
#5272 GET /storefront/battlepass/progressiontracks -> 200
#5273 GET /storefront/battlepass/progressiontracks -> 200
#5274 GET /storefront/battlepass/progressiontracks -> 200
#5275 GET /storefront/battlepass/progressiontracks -> 200
#5276 GET /storefront/battlepass/progressiontracks -> 200
#5277 GET /storefront/battlepass/progressiontracks -> 200
#5278 GET /storefront/battlepass/progressiontracks -> 200
#5279 GET /storefront/battlepass/progressiontracks -> 200
#5280 GET /storefront/battlepass/progressiontracks -> 200
#5281 GET /storefront/battlepass/progressiontracks -> 200
#5282 GET /storefront/battlepass/progressiontracks -> 200
#5283 GET /storefront/battlepass/progressiontracks -> 200
#5284 GET /storefront/battlepass/progressiontracks -> 200
#5285 GET /storefront/battlepass/progressiontracks -> 200
#5286 GET /storefront/battlepass/progressiontracks -> 200
#5287 GET /storefront/battlepass/progressiontracks -> 200
#5288 GET /storefront/battlepass/progressiontracks -> 200
#5289 GET /storefront/battlepass/progressiontracks -> 200
#5290 GET /storefront/battlepass/progressiontracks -> 200
#5291 GET /storefront/battlepass/progressiontracks -> 200
#5292 GET /storefront/battlepass/progressiontracks -> 200
#5293 GET /storefront/battlepass/progressiontracks -> 200
#5294 GET /storefront/battlepass/progressiontracks -> 200
#5295 GET /storefront/battlepass/progressiontracks -> 200
#5296 GET /storefront/battlepass/progressiontracks -> 200
#5297 GET /storefront/battlepass/progressiontracks -> 200
#5298 GET /storefront/battlepass/progressiontracks -> 200
#5299 GET /storefront/battlepass/progressiontracks -> 200
#5300 GET /storefront/battlepass/progressiontracks -> 200
#5301 GET /storefront/battlepass/progressiontracks -> 200
#5302 GET /storefront/battlepass/progressiontracks -> 200
#5303 GET /storefront/battlepass/progressiontracks -> 200
#5304 GET /storefront/battlepass/progressiontracks -> 200
#5305 GET /storefront/battlepass/progressiontracks -> 200
#5306 GET /storefront/battlepass/progressiontracks -> 200
#5307 GET /storefront/battlepass/progressiontracks -> 200
#5308 GET /storefront/battlepass/progressiontracks -> 200
#5309 GET /storefront/battlepass/progressiontracks -> 200
#5310 GET /storefront/battlepass/progressiontracks -> 200
#5311 GET /storefront/battlepass/progressiontracks -> 200
#5312 GET /storefront/battlepass/progressiontracks -> 200
#5313 GET /storefront/battlepass/progressiontracks -> 200
#5314 GET /storefront/battlepass/progressiontracks -> 200
#5315 GET /storefront/battlepass/progressiontracks -> 200
#5316 GET /storefront/battlepass/progressiontracks -> 200
#5317 GET /storefront/battlepass/progressiontracks -> 200
#5318 GET /storefront/battlepass/progressiontracks -> 200
#5319 GET /storefront/battlepass/progressiontracks -> 200
#5320 GET /storefront/battlepass/progressiontracks -> 200
#5321 GET /storefront/battlepass/progressiontracks -> 200
#5322 GET /storefront/battlepass/progressiontracks -> 200
#5323 GET /storefront/battlepass/progressiontracks -> 200
#5324 GET /storefront/battlepass/progressiontracks -> 200
#5325 GET /storefront/battlepass/progressiontracks -> 200
#5326 GET /storefront/battlepass/progressiontracks -> 200
#5327 GET /storefront/battlepass/progressiontracks -> 200
#5328 GET /storefront/battlepass/progressiontracks -> 200
#5329 GET /storefront/battlepass/progressiontracks -> 200
#5330 GET /storefront/battlepass/progressiontracks -> 200
#5331 GET /storefront/battlepass/progressiontracks -> 200
#5332 GET /storefront/battlepass/progressiontracks -> 200
#5333 GET /storefront/battlepass/progressiontracks -> 200
#5334 GET /storefront/battlepass/progressiontracks -> 200
#5335 GET /storefront/battlepass/progressiontracks -> 200
#5336 GET /storefront/battlepass/progressiontracks -> 200
#5337 GET /storefront/battlepass/progressiontracks -> 200
#5338 GET /storefront/battlepass/progressiontracks -> 200
#5339 GET /storefront/battlepass/progressiontracks -> 200
#5340 GET /storefront/battlepass/progressiontracks -> 200
#5341 GET /storefront/battlepass/progressiontracks -> 200
#5342 GET /storefront/battlepass/progressiontracks -> 200
#5343 GET /storefront/battlepass/progressiontracks -> 200
#5344 GET /storefront/battlepass/progressiontracks -> 200
#5345 GET /storefront/battlepass/progressiontracks -> 200
#5346 GET /storefront/battlepass/progressiontracks -> 200
#5347 GET /storefront/battlepass/progressiontracks -> 200
#5348 GET /storefront/battlepass/progressiontracks -> 200
#5349 GET /storefront/battlepass/progressiontracks -> 200
#5350 GET /storefront/battlepass/progressiontracks -> 200
#5351 GET /storefront/battlepass/progressiontracks -> 200
#5352 GET /storefront/battlepass/progressiontracks -> 200
#5353 GET /storefront/battlepass/progressiontracks -> 200
#5354 GET /storefront/battlepass/progressiontracks -> 200
#5355 GET /storefront/battlepass/progressiontracks -> 200
#5356 GET /storefront/battlepass/progressiontracks -> 200
#5357 GET /configuration/client -> 200
#5358 POST /party/parties/party-9b9d2c887e2524f918e383a895f2f1c2/members/9b9d2c887e2524f918e383a895f2f1c2/latencies -> 200
#5359 GET /storefront/battlepass/progressiontracks -> 200
#5360 GET /content-service/manifest/release2.4.live-156430-shipping -> 200
#5361 GET /mailbox/config/version -> 200
#5362 GET /core-game/regions -> 200
#5363 GET /party/matchmaking/info -> 200
#5364 GET /storefront/battlepass/progressiontracks -> 200

* 17:16:24.151  WS -> /notifications/players/9b9d2c887e2524f918e383a895f2f1c2 BINARY hb (proactive 30s keepalive)
#5365 GET /storefront/battlepass/progressiontracks -> 200
#5366 GET /storefront/battlepass/progressiontracks -> 200
#5367 GET /storefront/battlepass/progressiontracks -> 200
#5368 GET /storefront/battlepass/progressiontracks -> 200
#5369 GET /storefront/battlepass/progressiontracks -> 200
#5370 GET /storefront/battlepass/progressiontracks -> 200
#5371 GET /storefront/battlepass/progressiontracks -> 200
#5372 GET /storefront/battlepass/progressiontracks -> 200
#5373 GET /storefront/battlepass/progressiontracks -> 200
#5374 GET /storefront/battlepass/progressiontracks -> 200
#5375 GET /storefront/battlepass/progressiontracks -> 200
#5376 GET /storefront/battlepass/progressiontracks -> 200
#5377 GET /storefront/battlepass/progressiontracks -> 200
#5378 GET /storefront/battlepass/progressiontracks -> 200
#5379 GET /storefront/battlepass/progressiontracks -> 200
#5380 GET /storefront/battlepass/progressiontracks -> 200
#5381 GET /storefront/battlepass/progressiontracks -> 200
#5382 GET /storefront/battlepass/progressiontracks -> 200
#5383 GET /storefront/battlepass/progressiontracks -> 200
#5384 GET /storefront/battlepass/progressiontracks -> 200
#5385 GET /storefront/battlepass/progressiontracks -> 200
#5386 GET /storefront/battlepass/progressiontracks -> 200
#5387 GET /storefront/battlepass/progressiontracks -> 200
#5388 GET /storefront/battlepass/progressiontracks -> 200
#5389 GET /storefront/battlepass/progressiontracks -> 200
#5390 GET /storefront/battlepass/progressiontracks -> 200
#5391 GET /storefront/battlepass/progressiontracks -> 200
#5392 GET /storefront/battlepass/progressiontracks -> 200
#5393 GET /storefront/battlepass/progressiontracks -> 200
#5394 GET /storefront/battlepass/progressiontracks -> 200
#5395 GET /storefront/battlepass/progressiontracks -> 200
#5396 GET /storefront/battlepass/progressiontracks -> 200
#5397 GET /storefront/battlepass/progressiontracks -> 200
#5398 GET /storefront/battlepass/progressiontracks -> 200
#5399 GET /storefront/battlepass/progressiontracks -> 200
#5400 GET /storefront/battlepass/progressiontracks -> 200
#5401 GET /storefront/battlepass/progressiontracks -> 200
#5402 GET /storefront/battlepass/progressiontracks -> 200
#5403 GET /storefront/battlepass/progressiontracks -> 200
#5404 GET /storefront/battlepass/progressiontracks -> 200
#5405 GET /storefront/battlepass/progressiontracks -> 200
#5406 GET /storefront/battlepass/progressiontracks -> 200
#5407 GET /storefront/battlepass/progressiontracks -> 200
#5408 GET /storefront/battlepass/progressiontracks -> 200
#5409 GET /storefront/battlepass/progressiontracks -> 200
#5410 GET /storefront/battlepass/progressiontracks -> 200
#5411 GET /storefront/battlepass/progressiontracks -> 200
#5412 GET /storefront/battlepass/progressiontracks -> 200
#5413 GET /storefront/battlepass/progressiontracks -> 200
#5414 GET /storefront/battlepass/progressiontracks -> 200
#5415 GET /storefront/battlepass/progressiontracks -> 200
#5416 GET /storefront/battlepass/progressiontracks -> 200
#5417 GET /storefront/battlepass/progressiontracks -> 200
#5418 GET /storefront/battlepass/progressiontracks -> 200
#5419 GET /storefront/battlepass/progressiontracks -> 200
#5420 GET /storefront/battlepass/progressiontracks -> 200
#5421 GET /storefront/battlepass/progressiontracks -> 200
#5422 GET /storefront/battlepass/progressiontracks -> 200
#5423 GET /storefront/battlepass/progressiontracks -> 200
#5424 GET /storefront/battlepass/progressiontracks -> 200
#5425 GET /storefront/battlepass/progressiontracks -> 200
#5426 GET /storefront/battlepass/progressiontracks -> 200
#5427 GET /storefront/battlepass/progressiontracks -> 200
#5428 GET /storefront/battlepass/progressiontracks -> 200
#5429 GET /storefront/battlepass/progressiontracks -> 200
#5430 GET /storefront/battlepass/progressiontracks -> 200
#5431 GET /storefront/battlepass/progressiontracks -> 200
#5432 GET /storefront/battlepass/progressiontracks -> 200
#5433 GET /storefront/battlepass/progressiontracks -> 200
#5434 GET /storefront/battlepass/progressiontracks -> 200
#5435 GET /storefront/battlepass/progressiontracks -> 200
#5436 GET /storefront/battlepass/progressiontracks -> 200
#5437 GET /storefront/battlepass/progressiontracks -> 200
#5438 GET /storefront/battlepass/progressiontracks -> 200
#5439 GET /storefront/battlepass/progressiontracks -> 200
#5440 GET /storefront/battlepass/progressiontracks -> 200
#5441 GET /storefront/battlepass/progressiontracks -> 200
#5442 GET /storefront/battlepass/progressiontracks -> 200
#5443 GET /storefront/battlepass/progressiontracks -> 200
#5444 GET /storefront/battlepass/progressiontracks -> 200
#5445 GET /storefront/battlepass/progressiontracks -> 200
#5446 GET /storefront/battlepass/progressiontracks -> 200
#5447 GET /storefront/battlepass/progressiontracks -> 200
#5448 GET /storefront/battlepass/progressiontracks -> 200
#5449 GET /storefront/battlepass/progressiontracks -> 200
#5450 GET /storefront/battlepass/progressiontracks -> 200
#5451 GET /storefront/battlepass/progressiontracks -> 200
#5452 GET /storefront/battlepass/progressiontracks -> 200
#5453 GET /storefront/battlepass/progressiontracks -> 200
#5454 GET /storefront/battlepass/progressiontracks -> 200
#5455 GET /storefront/battlepass/progressiontracks -> 200
#5456 GET /storefront/battlepass/progressiontracks -> 200
#5457 GET /storefront/battlepass/progressiontracks -> 200
#5458 GET /storefront/battlepass/progressiontracks -> 200
#5459 GET /storefront/battlepass/progressiontracks -> 200
#5460 GET /storefront/battlepass/progressiontracks -> 200
#5461 GET /storefront/battlepass/progressiontracks -> 200
#5462 GET /storefront/battlepass/progressiontracks -> 200
#5463 GET /storefront/battlepass/progressiontracks -> 200
#5464 GET /storefront/battlepass/progressiontracks -> 200
#5465 GET /storefront/battlepass/progressiontracks -> 200
#5466 GET /storefront/battlepass/progressiontracks -> 200
#5467 GET /storefront/battlepass/progressiontracks -> 200
#5468 GET /storefront/battlepass/progressiontracks -> 200
#5469 GET /storefront/battlepass/progressiontracks -> 200
#5470 GET /storefront/battlepass/progressiontracks -> 200
#5471 GET /storefront/battlepass/progressiontracks -> 200
#5472 GET /storefront/battlepass/progressiontracks -> 200
#5473 GET /storefront/battlepass/progressiontracks -> 200
#5474 GET /storefront/battlepass/progressiontracks -> 200
#5475 GET /storefront/battlepass/progressiontracks -> 200
#5476 GET /storefront/battlepass/progressiontracks -> 200
#5477 GET /storefront/battlepass/progressiontracks -> 200
#5478 GET /storefront/battlepass/progressiontracks -> 200
#5479 GET /storefront/battlepass/progressiontracks -> 200
#5480 GET /storefront/battlepass/progressiontracks -> 200
#5481 GET /storefront/battlepass/progressiontracks -> 200
#5482 GET /storefront/battlepass/progressiontracks -> 200
#5483 GET /storefront/battlepass/progressiontracks -> 200
#5484 GET /storefront/battlepass/progressiontracks -> 200
#5485 GET /storefront/battlepass/progressiontracks -> 200
#5486 GET /storefront/battlepass/progressiontracks -> 200
#5487 GET /storefront/battlepass/progressiontracks -> 200
#5488 GET /storefront/battlepass/progressiontracks -> 200
#5489 GET /storefront/battlepass/progressiontracks -> 200
#5490 GET /storefront/battlepass/progressiontracks -> 200
#5491 GET /storefront/battlepass/progressiontracks -> 200
#5492 GET /storefront/battlepass/progressiontracks -> 200
#5493 GET /storefront/battlepass/progressiontracks -> 200
#5494 GET /storefront/battlepass/progressiontracks -> 200
#5495 GET /storefront/battlepass/progressiontracks -> 200
#5496 GET /storefront/battlepass/progressiontracks -> 200
#5497 GET /storefront/battlepass/progressiontracks -> 200
#5498 GET /storefront/battlepass/progressiontracks -> 200
#5499 GET /storefront/battlepass/progressiontracks -> 200
#5500 GET /storefront/battlepass/progressiontracks -> 200
#5501 GET /storefront/battlepass/progressiontracks -> 200
#5502 GET /storefront/battlepass/progressiontracks -> 200
#5503 GET /storefront/battlepass/progressiontracks -> 200
#5504 GET /storefront/battlepass/progressiontracks -> 200
#5505 GET /storefront/battlepass/progressiontracks -> 200
#5506 GET /storefront/battlepass/progressiontracks -> 200
#5507 GET /storefront/battlepass/progressiontracks -> 200
#5508 GET /storefront/battlepass/progressiontracks -> 200
#5509 GET /storefront/battlepass/progressiontracks -> 200
#5510 GET /storefront/battlepass/progressiontracks -> 200
#5511 GET /storefront/battlepass/progressiontracks -> 200
#5512 GET /storefront/battlepass/progressiontracks -> 200
#5513 GET /storefront/battlepass/progressiontracks -> 200
#5514 GET /storefront/battlepass/progressiontracks -> 200
#5515 GET /storefront/battlepass/progressiontracks -> 200
#5516 GET /storefront/battlepass/progressiontracks -> 200
#5517 GET /storefront/battlepass/progressiontracks -> 200
#5518 GET /storefront/battlepass/progressiontracks -> 200
#5519 GET /storefront/battlepass/progressiontracks -> 200
#5520 GET /storefront/battlepass/progressiontracks -> 200
#5521 GET /storefront/battlepass/progressiontracks -> 200
#5522 GET /storefront/battlepass/progressiontracks -> 200
#5523 GET /storefront/battlepass/progressiontracks -> 200
#5524 GET /storefront/battlepass/progressiontracks -> 200
#5525 GET /storefront/battlepass/progressiontracks -> 200
#5526 GET /storefront/battlepass/progressiontracks -> 200
#5527 GET /storefront/battlepass/progressiontracks -> 200
#5528 GET /storefront/battlepass/progressiontracks -> 200
#5529 GET /storefront/battlepass/progressiontracks -> 200
#5530 GET /storefront/battlepass/progressiontracks -> 200
#5531 GET /storefront/battlepass/progressiontracks -> 200
#5532 GET /storefront/battlepass/progressiontracks -> 200
#5533 GET /storefront/battlepass/progressiontracks -> 200
#5534 GET /party/players/9b9d2c887e2524f918e383a895f2f1c2/voice -> 200
#5535 GET /storefront/battlepass/progressiontracks -> 200
#5536 GET /storefront/battlepass/progressiontracks -> 200
#5537 GET /storefront/battlepass/progressiontracks -> 200
#5538 GET /storefront/battlepass/progressiontracks -> 200
#5539 GET /storefront/battlepass/progressiontracks -> 200
#5540 GET /storefront/battlepass/progressiontracks -> 200
#5541 GET /storefront/battlepass/progressiontracks -> 200
#5542 GET /storefront/battlepass/progressiontracks -> 200
#5543 GET /storefront/battlepass/progressiontracks -> 200
#5544 GET /storefront/battlepass/progressiontracks -> 200
#5545 GET /storefront/battlepass/progressiontracks -> 200
#5546 GET /storefront/battlepass/progressiontracks -> 200
#5547 GET /storefront/battlepass/progressiontracks -> 200
#5548 GET /storefront/battlepass/progressiontracks -> 200
#5549 GET /storefront/battlepass/progressiontracks -> 200
#5550 GET /storefront/battlepass/progressiontracks -> 200
#5551 GET /storefront/battlepass/progressiontracks -> 200
#5552 GET /storefront/battlepass/progressiontracks -> 200
#5553 GET /storefront/battlepass/progressiontracks -> 200
#5554 GET /storefront/battlepass/progressiontracks -> 200
#5555 GET /storefront/battlepass/progressiontracks -> 200
#5556 GET /storefront/battlepass/progressiontracks -> 200
#5557 GET /storefront/battlepass/progressiontracks -> 200
#5558 GET /storefront/battlepass/progressiontracks -> 200
#5559 GET /storefront/battlepass/progressiontracks -> 200
#5560 GET /storefront/battlepass/progressiontracks -> 200
#5561 GET /storefront/battlepass/progressiontracks -> 200
#5562 GET /storefront/battlepass/progressiontracks -> 200
#5563 GET /storefront/battlepass/progressiontracks -> 200
#5564 GET /storefront/battlepass/progressiontracks -> 200
#5565 GET /storefront/battlepass/progressiontracks -> 200
#5566 GET /storefront/battlepass/progressiontracks -> 200
#5567 GET /storefront/battlepass/progressiontracks -> 200
#5568 GET /storefront/battlepass/progressiontracks -> 200
#5569 GET /storefront/battlepass/progressiontracks -> 200
#5570 GET /storefront/battlepass/progressiontracks -> 200
#5571 GET /storefront/battlepass/progressiontracks -> 200
#5572 GET /storefront/battlepass/progressiontracks -> 200
#5573 GET /storefront/battlepass/progressiontracks -> 200
#5574 GET /storefront/battlepass/progressiontracks -> 200
#5575 GET /storefront/battlepass/progressiontracks -> 200
#5576 GET /storefront/battlepass/progressiontracks -> 200
#5577 GET /storefront/battlepass/progressiontracks -> 200
#5578 GET /storefront/battlepass/progressiontracks -> 200
#5579 GET /storefront/battlepass/progressiontracks -> 200
#5580 GET /storefront/battlepass/progressiontracks -> 200
#5581 GET /storefront/battlepass/progressiontracks -> 200
#5582 GET /storefront/battlepass/progressiontracks -> 200
#5583 GET /storefront/battlepass/progressiontracks -> 200
#5584 GET /storefront/battlepass/progressiontracks -> 200
#5585 GET /storefront/battlepass/progressiontracks -> 200
#5586 GET /storefront/battlepass/progressiontracks -> 200
#5587 GET /storefront/battlepass/progressiontracks -> 200
#5588 GET /storefront/battlepass/progressiontracks -> 200
#5589 GET /storefront/battlepass/progressiontracks -> 200
#5590 GET /storefront/battlepass/progressiontracks -> 200
#5591 GET /storefront/battlepass/progressiontracks -> 200
#5592 GET /storefront/battlepass/progressiontracks -> 200
#5593 GET /storefront/battlepass/progressiontracks -> 200
#5594 GET /storefront/battlepass/progressiontracks -> 200
#5595 GET /storefront/battlepass/progressiontracks -> 200
#5596 GET /storefront/battlepass/progressiontracks -> 200
#5597 GET /storefront/battlepass/progressiontracks -> 200
#5598 GET /storefront/battlepass/progressiontracks -> 200
#5599 GET /storefront/battlepass/progressiontracks -> 200
#5600 GET /storefront/battlepass/progressiontracks -> 200
#5601 GET /storefront/battlepass/progressiontracks -> 200
#5602 GET /storefront/battlepass/progressiontracks -> 200
#5603 GET /storefront/battlepass/progressiontracks -> 200
#5604 GET /storefront/battlepass/progressiontracks -> 200
#5605 GET /storefront/battlepass/progressiontracks -> 200
#5606 GET /storefront/battlepass/progressiontracks -> 200
#5607 GET /storefront/battlepass/progressiontracks -> 200
#5608 GET /storefront/battlepass/progressiontracks -> 200
#5609 GET /storefront/battlepass/progressiontracks -> 200
#5610 GET /storefront/battlepass/progressiontracks -> 200
#5611 GET /storefront/battlepass/progressiontracks -> 200
#5612 GET /storefront/battlepass/progressiontracks -> 200
#5613 GET /storefront/battlepass/progressiontracks -> 200
#5614 GET /storefront/battlepass/progressiontracks -> 200
#5615 GET /storefront/battlepass/progressiontracks -> 200
#5616 GET /storefront/battlepass/progressiontracks -> 200
#5617 GET /storefront/battlepass/progressiontracks -> 200
#5618 GET /storefront/battlepass/progressiontracks -> 200
#5619 GET /storefront/battlepass/progressiontracks -> 200
#5620 GET /storefront/battlepass/progressiontracks -> 200
#5621 GET /storefront/battlepass/progressiontracks -> 200
#5622 GET /storefront/battlepass/progressiontracks -> 200
#5623 GET /storefront/battlepass/progressiontracks -> 200
#5624 GET /storefront/battlepass/progressiontracks -> 200
#5625 GET /storefront/battlepass/progressiontracks -> 200
#5626 GET /storefront/battlepass/progressiontracks -> 200
#5627 GET /storefront/battlepass/progressiontracks -> 200
#5628 GET /storefront/battlepass/progressiontracks -> 200
#5629 GET /storefront/battlepass/progressiontracks -> 200
#5630 GET /storefront/battlepass/progressiontracks -> 200
#5631 GET /storefront/battlepass/progressiontracks -> 200
#5632 GET /storefront/battlepass/progressiontracks -> 200
#5633 GET /storefront/battlepass/progressiontracks -> 200
#5634 GET /storefront/battlepass/progressiontracks -> 200
#5635 GET /storefront/battlepass/progressiontracks -> 200
#5636 GET /storefront/battlepass/progressiontracks -> 200
#5637 GET /storefront/battlepass/progressiontracks -> 200
#5638 GET /storefront/battlepass/progressiontracks -> 200
#5639 GET /storefront/battlepass/progressiontracks -> 200
#5640 GET /storefront/battlepass/progressiontracks -> 200
#5641 GET /storefront/battlepass/progressiontracks -> 200
#5642 GET /storefront/battlepass/progressiontracks -> 200
#5643 GET /storefront/battlepass/progressiontracks -> 200
#5644 GET /storefront/battlepass/progressiontracks -> 200
#5645 GET /storefront/battlepass/progressiontracks -> 200
#5646 GET /storefront/battlepass/progressiontracks -> 200
#5647 GET /storefront/battlepass/progressiontracks -> 200
#5648 GET /storefront/battlepass/progressiontracks -> 200
#5649 GET /storefront/battlepass/progressiontracks -> 200
#5650 GET /storefront/battlepass/progressiontracks -> 200
#5651 GET /storefront/battlepass/progressiontracks -> 200
#5652 GET /storefront/battlepass/progressiontracks -> 200
#5653 GET /storefront/battlepass/progressiontracks -> 200
#5654 GET /storefront/battlepass/progressiontracks -> 200
#5655 GET /storefront/battlepass/progressiontracks -> 200
#5656 GET /storefront/battlepass/progressiontracks -> 200
#5657 GET /storefront/battlepass/progressiontracks -> 200
#5658 GET /storefront/battlepass/progressiontracks -> 200
#5659 GET /storefront/battlepass/progressiontracks -> 200
#5660 GET /storefront/battlepass/progressiontracks -> 200
#5661 GET /storefront/battlepass/progressiontracks -> 200
#5662 GET /storefront/battlepass/progressiontracks -> 200
#5663 GET /storefront/battlepass/progressiontracks -> 200
#5664 GET /storefront/battlepass/progressiontracks -> 200
#5665 GET /storefront/battlepass/progressiontracks -> 200
#5666 GET /storefront/battlepass/progressiontracks -> 200
#5667 GET /storefront/battlepass/progressiontracks -> 200
#5668 GET /storefront/battlepass/progressiontracks -> 200
#5669 GET /storefront/battlepass/progressiontracks -> 200
#5670 GET /storefront/battlepass/progressiontracks -> 200
#5671 GET /storefront/battlepass/progressiontracks -> 200
#5672 GET /storefront/battlepass/progressiontracks -> 200
#5673 GET /storefront/battlepass/progressiontracks -> 200
#5674 GET /storefront/battlepass/progressiontracks -> 200
#5675 GET /storefront/battlepass/progressiontracks -> 200
#5676 GET /storefront/battlepass/progressiontracks -> 200
#5677 GET /storefront/battlepass/progressiontracks -> 200
#5678 GET /storefront/battlepass/progressiontracks -> 200
#5679 GET /storefront/battlepass/progressiontracks -> 200
#5680 GET /storefront/battlepass/progressiontracks -> 200
#5681 GET /storefront/battlepass/progressiontracks -> 200
#5682 GET /storefront/battlepass/progressiontracks -> 200
#5683 GET /storefront/battlepass/progressiontracks -> 200
#5684 GET /storefront/battlepass/progressiontracks -> 200
#5685 GET /storefront/battlepass/progressiontracks -> 200
#5686 GET /storefront/battlepass/progressiontracks -> 200
#5687 GET /storefront/battlepass/progressiontracks -> 200
#5688 GET /storefront/battlepass/progressiontracks -> 200
#5689 GET /storefront/battlepass/progressiontracks -> 200
#5690 GET /storefront/battlepass/progressiontracks -> 200
#5691 GET /storefront/battlepass/progressiontracks -> 200
#5692 GET /storefront/battlepass/progressiontracks -> 200
#5693 GET /storefront/battlepass/progressiontracks -> 200
#5694 GET /storefront/battlepass/progressiontracks -> 200
#5695 GET /storefront/battlepass/progressiontracks -> 200
#5696 GET /storefront/battlepass/progressiontracks -> 200
#5697 GET /storefront/battlepass/progressiontracks -> 200
#5698 GET /storefront/battlepass/progressiontracks -> 200
#5699 GET /storefront/battlepass/progressiontracks -> 200
#5700 GET /storefront/battlepass/progressiontracks -> 200
#5701 GET /storefront/battlepass/progressiontracks -> 200
#5702 GET /storefront/battlepass/progressiontracks -> 200
#5703 GET /storefront/battlepass/progressiontracks -> 200
#5704 GET /storefront/battlepass/progressiontracks -> 200

* 17:16:47.732  WS <- /lobby TEXT ""
#5705 GET /storefront/battlepass/progressiontracks -> 200
#5706 GET /storefront/battlepass/progressiontracks -> 200
#5707 GET /storefront/battlepass/progressiontracks -> 200
#5708 GET /storefront/battlepass/progressiontracks -> 200
#5709 GET /storefront/battlepass/progressiontracks -> 200
#5710 GET /storefront/battlepass/progressiontracks -> 200
#5711 GET /storefront/battlepass/progressiontracks -> 200
#5712 GET /storefront/battlepass/progressiontracks -> 200
#5713 GET /storefront/battlepass/progressiontracks -> 200
#5714 GET /storefront/battlepass/progressiontracks -> 200
#5715 GET /storefront/battlepass/progressiontracks -> 200
#5716 GET /storefront/battlepass/progressiontracks -> 200
#5717 GET /storefront/battlepass/progressiontracks -> 200
#5718 GET /storefront/battlepass/progressiontracks -> 200
#5719 GET /storefront/battlepass/progressiontracks -> 200
#5720 GET /storefront/battlepass/progressiontracks -> 200
#5721 GET /storefront/battlepass/progressiontracks -> 200
#5722 GET /storefront/battlepass/progressiontracks -> 200
#5723 GET /storefront/battlepass/progressiontracks -> 200
#5724 GET /storefront/battlepass/progressiontracks -> 200

* 17:16:49.072  WS <- /notifications/players/9b9d2c887e2524f918e383a895f2f1c2 BINARY (2 bytes) 6862
#5725 GET /storefront/battlepass/progressiontracks -> 200

* 17:16:49.091  WS -> /notifications/players/9b9d2c887e2524f918e383a895f2f1c2 TEXT hb reply {"Resource":"hb","Version":0,"Payload":""}
#5726 GET /storefront/battlepass/progressiontracks -> 200
#5727 GET /storefront/battlepass/progressiontracks -> 200
#5728 GET /storefront/battlepass/progressiontracks -> 200
#5729 GET /storefront/battlepass/progressiontracks -> 200
#5730 GET /storefront/battlepass/progressiontracks -> 200
#5731 GET /storefront/battlepass/progressiontracks -> 200
#5732 GET /storefront/battlepass/progressiontracks -> 200
#5733 GET /storefront/battlepass/progressiontracks -> 200
#5734 GET /storefront/battlepass/progressiontracks -> 200
#5735 GET /storefront/battlepass/progressiontracks -> 200
#5736 GET /storefront/battlepass/progressiontracks -> 200
#5737 GET /storefront/battlepass/progressiontracks -> 200
#5738 GET /storefront/battlepass/progressiontracks -> 200
#5739 GET /storefront/battlepass/progressiontracks -> 200
#5740 GET /storefront/battlepass/progressiontracks -> 200
#5741 GET /storefront/battlepass/progressiontracks -> 200
#5742 GET /storefront/battlepass/progressiontracks -> 200
#5743 GET /storefront/battlepass/progressiontracks -> 200
#5744 GET /storefront/battlepass/progressiontracks -> 200
#5745 GET /storefront/battlepass/progressiontracks -> 200
#5746 GET /storefront/battlepass/progressiontracks -> 200
#5747 GET /storefront/battlepass/progressiontracks -> 200
#5748 GET /storefront/battlepass/progressiontracks -> 200
#5749 GET /storefront/battlepass/progressiontracks -> 200
#5750 GET /storefront/battlepass/progressiontracks -> 200
#5751 GET /storefront/battlepass/progressiontracks -> 200
#5752 GET /storefront/battlepass/progressiontracks -> 200
#5753 GET /storefront/battlepass/progressiontracks -> 200
#5754 GET /storefront/battlepass/progressiontracks -> 200
#5755 GET /storefront/battlepass/progressiontracks -> 200
#5756 GET /storefront/battlepass/progressiontracks -> 200
#5757 GET /storefront/battlepass/progressiontracks -> 200
#5758 GET /storefront/battlepass/progressiontracks -> 200
#5759 GET /storefront/battlepass/progressiontracks -> 200
#5760 GET /storefront/battlepass/progressiontracks -> 200
#5761 GET /storefront/battlepass/progressiontracks -> 200
#5762 GET /storefront/battlepass/progressiontracks -> 200
#5763 GET /storefront/battlepass/progressiontracks -> 200
#5764 GET /storefront/battlepass/progressiontracks -> 200
#5765 GET /storefront/battlepass/progressiontracks -> 200
#5766 GET /storefront/battlepass/progressiontracks -> 200
#5767 GET /storefront/battlepass/progressiontracks -> 200
#5768 GET /storefront/battlepass/progressiontracks -> 200
#5769 GET /storefront/battlepass/progressiontracks -> 200
#5770 GET /storefront/battlepass/progressiontracks -> 200
#5771 GET /storefront/battlepass/progressiontracks -> 200
#5772 GET /storefront/battlepass/progressiontracks -> 200
#5773 GET /storefront/battlepass/progressiontracks -> 200
#5774 GET /storefront/battlepass/progressiontracks -> 200
#5775 GET /storefront/battlepass/progressiontracks -> 200
#5776 GET /storefront/battlepass/progressiontracks -> 200
#5777 GET /storefront/battlepass/progressiontracks -> 200
#5778 GET /storefront/battlepass/progressiontracks -> 200
#5779 GET /storefront/battlepass/progressiontracks -> 200
#5780 GET /storefront/battlepass/progressiontracks -> 200
#5781 GET /storefront/battlepass/progressiontracks -> 200
#5782 GET /storefront/battlepass/progressiontracks -> 200
#5783 GET /storefront/battlepass/progressiontracks -> 200
#5784 GET /storefront/battlepass/progressiontracks -> 200
#5785 GET /storefront/battlepass/progressiontracks -> 200
#5786 GET /storefront/battlepass/progressiontracks -> 200
#5787 GET /storefront/battlepass/progressiontracks -> 200
#5788 GET /storefront/battlepass/progressiontracks -> 200
#5789 GET /storefront/battlepass/progressiontracks -> 200
#5790 GET /storefront/battlepass/progressiontracks -> 200
#5791 GET /storefront/battlepass/progressiontracks -> 200
#5792 GET /storefront/battlepass/progressiontracks -> 200
#5793 GET /storefront/battlepass/progressiontracks -> 200
#5794 GET /storefront/battlepass/progressiontracks -> 200
#5795 GET /storefront/battlepass/progressiontracks -> 200
#5796 GET /storefront/battlepass/progressiontracks -> 200
#5797 GET /storefront/battlepass/progressiontracks -> 200
#5798 GET /storefront/battlepass/progressiontracks -> 200
#5799 GET /storefront/battlepass/progressiontracks -> 200
#5800 GET /storefront/battlepass/progressiontracks -> 200
#5801 GET /storefront/battlepass/progressiontracks -> 200
#5802 GET /storefront/battlepass/progressiontracks -> 200
#5803 GET /storefront/battlepass/progressiontracks -> 200
#5804 GET /storefront/battlepass/progressiontracks -> 200
#5805 GET /storefront/battlepass/progressiontracks -> 200
#5806 GET /storefront/battlepass/progressiontracks -> 200
#5807 GET /storefront/battlepass/progressiontracks -> 200
#5808 POST /party/parties/party-9b9d2c887e2524f918e383a895f2f1c2/members/9b9d2c887e2524f918e383a895f2f1c2/latencies -> 200
#5809 GET /storefront/battlepass/progressiontracks -> 200
#5810 GET /configuration/client -> 200
#5811 GET /storefront/battlepass/progressiontracks -> 200
#5812 GET /content-service/manifest/release2.4.live-156430-shipping -> 200
#5813 GET /storefront/battlepass/progressiontracks -> 200
#5814 GET /party/matchmaking/info -> 200
#5815 GET /storefront/battlepass/progressiontracks -> 200
#5816 GET /storefront/battlepass/progressiontracks -> 200
#5817 GET /storefront/battlepass/progressiontracks -> 200
#5818 GET /storefront/battlepass/progressiontracks -> 200
#5819 GET /storefront/battlepass/progressiontracks -> 200
#5820 GET /storefront/battlepass/progressiontracks -> 200
#5821 GET /storefront/battlepass/progressiontracks -> 200
#5822 GET /storefront/battlepass/progressiontracks -> 200
#5823 GET /storefront/battlepass/progressiontracks -> 200
#5824 GET /storefront/battlepass/progressiontracks -> 200
#5825 GET /storefront/battlepass/progressiontracks -> 200
#5826 GET /storefront/battlepass/progressiontracks -> 200
#5827 GET /storefront/battlepass/progressiontracks -> 200
#5828 GET /storefront/battlepass/progressiontracks -> 200
#5829 GET /storefront/battlepass/progressiontracks -> 200
#5830 GET /storefront/battlepass/progressiontracks -> 200
#5831 GET /storefront/battlepass/progressiontracks -> 200
#5832 GET /storefront/battlepass/progressiontracks -> 200
#5833 GET /storefront/battlepass/progressiontracks -> 200
#5834 GET /storefront/battlepass/progressiontracks -> 200
#5835 GET /storefront/battlepass/progressiontracks -> 200
#5836 GET /storefront/battlepass/progressiontracks -> 200
#5837 GET /storefront/battlepass/progressiontracks -> 200
#5838 GET /storefront/battlepass/progressiontracks -> 200
#5839 GET /storefront/battlepass/progressiontracks -> 200
#5840 GET /storefront/battlepass/progressiontracks -> 200
#5841 GET /storefront/battlepass/progressiontracks -> 200
#5842 GET /storefront/battlepass/progressiontracks -> 200
#5843 GET /storefront/battlepass/progressiontracks -> 200
#5844 GET /storefront/battlepass/progressiontracks -> 200
#5845 GET /storefront/battlepass/progressiontracks -> 200
#5846 GET /storefront/battlepass/progressiontracks -> 200
#5847 GET /storefront/battlepass/progressiontracks -> 200
#5848 GET /storefront/battlepass/progressiontracks -> 200
#5849 GET /storefront/battlepass/progressiontracks -> 200
#5850 GET /storefront/battlepass/progressiontracks -> 200
#5851 GET /storefront/battlepass/progressiontracks -> 200
#5852 GET /storefront/battlepass/progressiontracks -> 200
#5853 GET /storefront/battlepass/progressiontracks -> 200
#5854 GET /storefront/battlepass/progressiontracks -> 200
#5855 GET /storefront/battlepass/progressiontracks -> 200
#5856 GET /storefront/battlepass/progressiontracks -> 200
#5857 GET /storefront/battlepass/progressiontracks -> 200
#5858 GET /storefront/battlepass/progressiontracks -> 200
#5859 GET /storefront/battlepass/progressiontracks -> 200
#5860 GET /storefront/battlepass/progressiontracks -> 200
#5861 GET /storefront/battlepass/progressiontracks -> 200
#5862 GET /storefront/battlepass/progressiontracks -> 200
#5863 GET /storefront/battlepass/progressiontracks -> 200
#5864 GET /storefront/battlepass/progressiontracks -> 200
#5865 GET /storefront/battlepass/progressiontracks -> 200
#5866 GET /storefront/battlepass/progressiontracks -> 200
#5867 GET /storefront/battlepass/progressiontracks -> 200
#5868 GET /storefront/battlepass/progressiontracks -> 200
#5869 GET /storefront/battlepass/progressiontracks -> 200
#5870 GET /storefront/battlepass/progressiontracks -> 200
#5871 GET /storefront/battlepass/progressiontracks -> 200
#5872 GET /storefront/battlepass/progressiontracks -> 200
#5873 GET /storefront/battlepass/progressiontracks -> 200
#5874 GET /storefront/battlepass/progressiontracks -> 200
#5875 GET /storefront/battlepass/progressiontracks -> 200
#5876 GET /storefront/battlepass/progressiontracks -> 200
#5877 GET /storefront/battlepass/progressiontracks -> 200
#5878 GET /storefront/battlepass/progressiontracks -> 200
#5879 GET /storefront/battlepass/progressiontracks -> 200
#5880 GET /storefront/battlepass/progressiontracks -> 200
#5881 GET /storefront/battlepass/progressiontracks -> 200
#5882 GET /storefront/battlepass/progressiontracks -> 200
#5883 GET /storefront/battlepass/progressiontracks -> 200
#5884 GET /storefront/battlepass/progressiontracks -> 200
#5885 GET /storefront/battlepass/progressiontracks -> 200
#5886 GET /storefront/battlepass/progressiontracks -> 200
#5887 GET /storefront/battlepass/progressiontracks -> 200
#5888 GET /storefront/battlepass/progressiontracks -> 200
#5889 GET /storefront/battlepass/progressiontracks -> 200
#5890 GET /storefront/battlepass/progressiontracks -> 200
#5891 GET /storefront/battlepass/progressiontracks -> 200
#5892 GET /storefront/battlepass/progressiontracks -> 200
#5893 GET /storefront/battlepass/progressiontracks -> 200
#5894 GET /storefront/battlepass/progressiontracks -> 200
#5895 GET /storefront/battlepass/progressiontracks -> 200
#5896 GET /storefront/battlepass/progressiontracks -> 200
#5897 GET /storefront/battlepass/progressiontracks -> 200
#5898 GET /storefront/battlepass/progressiontracks -> 200
#5899 GET /storefront/battlepass/progressiontracks -> 200
#5900 GET /storefront/battlepass/progressiontracks -> 200
#5901 GET /storefront/battlepass/progressiontracks -> 200
#5902 GET /storefront/battlepass/progressiontracks -> 200
#5903 GET /storefront/battlepass/progressiontracks -> 200
#5904 GET /storefront/battlepass/progressiontracks -> 200
#5905 GET /storefront/battlepass/progressiontracks -> 200
#5906 GET /storefront/battlepass/progressiontracks -> 200
#5907 GET /storefront/battlepass/progressiontracks -> 200
#5908 GET /storefront/battlepass/progressiontracks -> 200
#5909 GET /storefront/battlepass/progressiontracks -> 200
#5910 GET /storefront/battlepass/progressiontracks -> 200
#5911 GET /storefront/battlepass/progressiontracks -> 200
#5912 GET /storefront/battlepass/progressiontracks -> 200
#5913 GET /storefront/battlepass/progressiontracks -> 200
#5914 GET /storefront/battlepass/progressiontracks -> 200
#5915 GET /storefront/battlepass/progressiontracks -> 200
#5916 GET /storefront/battlepass/progressiontracks -> 200
#5917 GET /storefront/battlepass/progressiontracks -> 200
#5918 GET /storefront/battlepass/progressiontracks -> 200
#5919 GET /storefront/battlepass/progressiontracks -> 200
#5920 GET /storefront/battlepass/progressiontracks -> 200
#5921 GET /storefront/battlepass/progressiontracks -> 200
#5922 GET /storefront/battlepass/progressiontracks -> 200
#5923 GET /storefront/battlepass/progressiontracks -> 200
#5924 GET /storefront/battlepass/progressiontracks -> 200
#5925 GET /storefront/battlepass/progressiontracks -> 200
#5926 GET /storefront/battlepass/progressiontracks -> 200
#5927 GET /storefront/battlepass/progressiontracks -> 200
#5928 GET /storefront/battlepass/progressiontracks -> 200
#5929 GET /storefront/battlepass/progressiontracks -> 200
#5930 GET /storefront/battlepass/progressiontracks -> 200
#5931 GET /storefront/battlepass/progressiontracks -> 200
#5932 GET /storefront/battlepass/progressiontracks -> 200
#5933 GET /storefront/battlepass/progressiontracks -> 200
#5934 GET /storefront/battlepass/progressiontracks -> 200
#5935 GET /storefront/battlepass/progressiontracks -> 200
#5936 GET /storefront/battlepass/progressiontracks -> 200
#5937 GET /storefront/battlepass/progressiontracks -> 200
#5938 GET /storefront/battlepass/progressiontracks -> 200
#5939 GET /storefront/battlepass/progressiontracks -> 200
#5940 GET /storefront/battlepass/progressiontracks -> 200
#5941 GET /storefront/battlepass/progressiontracks -> 200
#5942 GET /storefront/battlepass/progressiontracks -> 200
#5943 GET /storefront/battlepass/progressiontracks -> 200
#5944 GET /storefront/battlepass/progressiontracks -> 200
#5945 GET /storefront/battlepass/progressiontracks -> 200
#5946 GET /storefront/battlepass/progressiontracks -> 200
#5947 GET /storefront/battlepass/progressiontracks -> 200
#5948 GET /storefront/battlepass/progressiontracks -> 200
#5949 GET /storefront/battlepass/progressiontracks -> 200
#5950 GET /storefront/battlepass/progressiontracks -> 200
#5951 GET /storefront/battlepass/progressiontracks -> 200
#5952 GET /storefront/battlepass/progressiontracks -> 200
#5953 GET /storefront/battlepass/progressiontracks -> 200
#5954 GET /storefront/battlepass/progressiontracks -> 200
#5955 GET /storefront/battlepass/progressiontracks -> 200
#5956 GET /storefront/battlepass/progressiontracks -> 200
#5957 GET /storefront/battlepass/progressiontracks -> 200
#5958 GET /storefront/battlepass/progressiontracks -> 200
#5959 GET /storefront/battlepass/progressiontracks -> 200
#5960 GET /storefront/battlepass/progressiontracks -> 200
#5961 GET /storefront/battlepass/progressiontracks -> 200
#5962 GET /storefront/battlepass/progressiontracks -> 200
#5963 GET /storefront/battlepass/progressiontracks -> 200
#5964 GET /storefront/battlepass/progressiontracks -> 200
#5965 GET /storefront/battlepass/progressiontracks -> 200
#5966 GET /storefront/battlepass/progressiontracks -> 200
#5967 GET /storefront/battlepass/progressiontracks -> 200
#5968 GET /storefront/battlepass/progressiontracks -> 200
#5969 GET /storefront/battlepass/progressiontracks -> 200
#5970 GET /storefront/battlepass/progressiontracks -> 200
#5971 GET /storefront/battlepass/progressiontracks -> 200
#5972 GET /storefront/battlepass/progressiontracks -> 200
#5973 GET /storefront/battlepass/progressiontracks -> 200
#5974 GET /storefront/battlepass/progressiontracks -> 200
#5975 GET /storefront/battlepass/progressiontracks -> 200
#5976 GET /storefront/battlepass/progressiontracks -> 200
#5977 GET /storefront/battlepass/progressiontracks -> 200
#5978 GET /storefront/battlepass/progressiontracks -> 200
#5979 GET /storefront/battlepass/progressiontracks -> 200
#5980 GET /storefront/battlepass/progressiontracks -> 200
#5981 GET /storefront/battlepass/progressiontracks -> 200
#5982 GET /storefront/battlepass/progressiontracks -> 200
#5983 GET /storefront/battlepass/progressiontracks -> 200
#5984 GET /storefront/battlepass/progressiontracks -> 200
#5985 GET /storefront/battlepass/progressiontracks -> 200
#5986 GET /storefront/battlepass/progressiontracks -> 200
#5987 GET /storefront/battlepass/progressiontracks -> 200
#5988 GET /storefront/battlepass/progressiontracks -> 200
#5989 GET /storefront/battlepass/progressiontracks -> 200
#5990 GET /storefront/battlepass/progressiontracks -> 200
#5991 GET /storefront/battlepass/progressiontracks -> 200
#5992 GET /storefront/battlepass/progressiontracks -> 200
#5993 GET /storefront/battlepass/progressiontracks -> 200
#5994 GET /storefront/battlepass/progressiontracks -> 200
#5995 GET /storefront/battlepass/progressiontracks -> 200
#5996 GET /storefront/battlepass/progressiontracks -> 200
#5997 GET /storefront/battlepass/progressiontracks -> 200
#5998 GET /storefront/battlepass/progressiontracks -> 200
#5999 GET /storefront/battlepass/progressiontracks -> 200
#6000 GET /storefront/battlepass/progressiontracks -> 200
#6001 GET /storefront/battlepass/progressiontracks -> 200
#6002 GET /storefront/battlepass/progressiontracks -> 200
#6003 GET /storefront/battlepass/progressiontracks -> 200
#6004 GET /storefront/battlepass/progressiontracks -> 200
#6005 GET /storefront/battlepass/progressiontracks -> 200
#6006 GET /storefront/battlepass/progressiontracks -> 200
#6007 GET /storefront/battlepass/progressiontracks -> 200
#6008 GET /storefront/battlepass/progressiontracks -> 200
#6009 GET /storefront/battlepass/progressiontracks -> 200
#6010 GET /storefront/battlepass/progressiontracks -> 200
#6011 GET /storefront/battlepass/progressiontracks -> 200
#6012 GET /storefront/battlepass/progressiontracks -> 200
#6013 GET /storefront/battlepass/progressiontracks -> 200
#6014 GET /storefront/battlepass/progressiontracks -> 200
#6015 GET /storefront/battlepass/progressiontracks -> 200
#6016 GET /storefront/battlepass/progressiontracks -> 200
#6017 GET /storefront/battlepass/progressiontracks -> 200
#6018 GET /storefront/battlepass/progressiontracks -> 200
#6019 GET /storefront/battlepass/progressiontracks -> 200
#6020 GET /storefront/battlepass/progressiontracks -> 200
#6021 GET /storefront/battlepass/progressiontracks -> 200
#6022 GET /storefront/battlepass/progressiontracks -> 200
#6023 GET /party/players/9b9d2c887e2524f918e383a895f2f1c2/voice -> 200
#6024 GET /storefront/battlepass/progressiontracks -> 200
#6025 GET /storefront/battlepass/progressiontracks -> 200
#6026 GET /storefront/battlepass/progressiontracks -> 200
#6027 GET /storefront/battlepass/progressiontracks -> 200
#6028 GET /storefront/battlepass/progressiontracks -> 200
#6029 GET /storefront/battlepass/progressiontracks -> 200
#6030 GET /storefront/battlepass/progressiontracks -> 200
#6031 GET /storefront/battlepass/progressiontracks -> 200
#6032 GET /storefront/battlepass/progressiontracks -> 200
#6033 GET /storefront/battlepass/progressiontracks -> 200
#6034 GET /storefront/battlepass/progressiontracks -> 200
#6035 GET /storefront/battlepass/progressiontracks -> 200
#6036 GET /storefront/battlepass/progressiontracks -> 200
#6037 GET /storefront/battlepass/progressiontracks -> 200
#6038 GET /storefront/battlepass/progressiontracks -> 200
#6039 GET /storefront/battlepass/progressiontracks -> 200
#6040 GET /storefront/battlepass/progressiontracks -> 200
#6041 GET /storefront/battlepass/progressiontracks -> 200
#6042 GET /storefront/battlepass/progressiontracks -> 200
#6043 GET /storefront/battlepass/progressiontracks -> 200
#6044 GET /storefront/battlepass/progressiontracks -> 200
#6045 GET /storefront/battlepass/progressiontracks -> 200
#6046 GET /storefront/battlepass/progressiontracks -> 200
#6047 GET /storefront/battlepass/progressiontracks -> 200
#6048 GET /storefront/battlepass/progressiontracks -> 200
#6049 GET /storefront/battlepass/progressiontracks -> 200
#6050 GET /storefront/battlepass/progressiontracks -> 200
#6051 GET /storefront/battlepass/progressiontracks -> 200
#6052 GET /storefront/battlepass/progressiontracks -> 200
#6053 GET /storefront/battlepass/progressiontracks -> 200
#6054 GET /storefront/battlepass/progressiontracks -> 200
#6055 GET /storefront/battlepass/progressiontracks -> 200
#6056 GET /storefront/battlepass/progressiontracks -> 200
#6057 GET /storefront/battlepass/progressiontracks -> 200
#6058 GET /storefront/battlepass/progressiontracks -> 200
#6059 GET /storefront/battlepass/progressiontracks -> 200
#6060 GET /storefront/battlepass/progressiontracks -> 200
#6061 GET /storefront/battlepass/progressiontracks -> 200
#6062 GET /storefront/battlepass/progressiontracks -> 200
#6063 GET /storefront/battlepass/progressiontracks -> 200
#6064 GET /storefront/battlepass/progressiontracks -> 200
#6065 GET /storefront/battlepass/progressiontracks -> 200
#6066 GET /storefront/battlepass/progressiontracks -> 200
#6067 GET /storefront/battlepass/progressiontracks -> 200
#6068 GET /storefront/battlepass/progressiontracks -> 200
#6069 GET /storefront/battlepass/progressiontracks -> 200
#6070 GET /storefront/battlepass/progressiontracks -> 200
#6071 GET /storefront/battlepass/progressiontracks -> 200
#6072 GET /storefront/battlepass/progressiontracks -> 200
#6073 GET /storefront/battlepass/progressiontracks -> 200
#6074 GET /storefront/battlepass/progressiontracks -> 200
#6075 GET /storefront/battlepass/progressiontracks -> 200
#6076 GET /storefront/battlepass/progressiontracks -> 200
#6077 GET /storefront/battlepass/progressiontracks -> 200
#6078 GET /storefront/battlepass/progressiontracks -> 200
#6079 GET /storefront/battlepass/progressiontracks -> 200
#6080 GET /storefront/battlepass/progressiontracks -> 200
#6081 GET /storefront/battlepass/progressiontracks -> 200
#6082 GET /storefront/battlepass/progressiontracks -> 200
#6083 GET /storefront/battlepass/progressiontracks -> 200
#6084 GET /storefront/battlepass/progressiontracks -> 200
#6085 GET /storefront/battlepass/progressiontracks -> 200
#6086 GET /storefront/battlepass/progressiontracks -> 200
#6087 GET /storefront/battlepass/progressiontracks -> 200
#6088 GET /storefront/battlepass/progressiontracks -> 200
#6089 GET /storefront/battlepass/progressiontracks -> 200
#6090 GET /storefront/battlepass/progressiontracks -> 200
#6091 POST /game-telemetry/v1/protected/events -> 200
#6092 GET /storefront/battlepass/progressiontracks -> 200
#6093 GET /storefront/battlepass/progressiontracks -> 200
#6094 GET /storefront/battlepass/progressiontracks -> 200
#6095 GET /storefront/battlepass/progressiontracks -> 200
#6096 GET /storefront/battlepass/progressiontracks -> 200
#6097 GET /storefront/battlepass/progressiontracks -> 200
#6098 GET /storefront/battlepass/progressiontracks -> 200
#6099 GET /storefront/battlepass/progressiontracks -> 200
#6100 GET /storefront/battlepass/progressiontracks -> 200
#6101 GET /storefront/battlepass/progressiontracks -> 200
#6102 GET /storefront/battlepass/progressiontracks -> 200
#6103 GET /storefront/battlepass/progressiontracks -> 200
#6104 GET /storefront/battlepass/progressiontracks -> 200
#6105 GET /storefront/battlepass/progressiontracks -> 200
#6106 GET /storefront/battlepass/progressiontracks -> 200
#6107 GET /storefront/battlepass/progressiontracks -> 200
#6108 GET /storefront/battlepass/progressiontracks -> 200
#6109 GET /storefront/battlepass/progressiontracks -> 200
#6110 GET /storefront/battlepass/progressiontracks -> 200
#6111 GET /storefront/battlepass/progressiontracks -> 200
#6112 GET /storefront/battlepass/progressiontracks -> 200
#6113 GET /storefront/battlepass/progressiontracks -> 200
#6114 GET /storefront/battlepass/progressiontracks -> 200
#6115 GET /storefront/battlepass/progressiontracks -> 200
#6116 GET /storefront/battlepass/progressiontracks -> 200
#6117 GET /storefront/battlepass/progressiontracks -> 200
#6118 GET /storefront/battlepass/progressiontracks -> 200
#6119 GET /storefront/battlepass/progressiontracks -> 200
#6120 GET /storefront/battlepass/progressiontracks -> 200
#6121 GET /storefront/battlepass/progressiontracks -> 200
#6122 GET /storefront/battlepass/progressiontracks -> 200
#6123 GET /storefront/battlepass/progressiontracks -> 200
#6124 GET /storefront/battlepass/progressiontracks -> 200
#6125 GET /storefront/battlepass/progressiontracks -> 200
#6126 GET /storefront/battlepass/progressiontracks -> 200
#6127 GET /storefront/battlepass/progressiontracks -> 200
#6128 GET /storefront/battlepass/progressiontracks -> 200
#6129 GET /storefront/battlepass/progressiontracks -> 200
#6130 GET /storefront/battlepass/progressiontracks -> 200
#6131 GET /storefront/battlepass/progressiontracks -> 200
#6132 GET /storefront/battlepass/progressiontracks -> 200
#6133 GET /storefront/battlepass/progressiontracks -> 200
#6134 GET /storefront/battlepass/progressiontracks -> 200
#6135 GET /storefront/battlepass/progressiontracks -> 200
#6136 GET /storefront/battlepass/progressiontracks -> 200
#6137 GET /storefront/battlepass/progressiontracks -> 200
#6138 GET /storefront/battlepass/progressiontracks -> 200
#6139 GET /storefront/battlepass/progressiontracks -> 200
#6140 GET /storefront/battlepass/progressiontracks -> 200
#6141 GET /storefront/battlepass/progressiontracks -> 200
#6142 GET /storefront/battlepass/progressiontracks -> 200
#6143 GET /storefront/battlepass/progressiontracks -> 200
#6144 GET /storefront/battlepass/progressiontracks -> 200
#6145 GET /storefront/battlepass/progressiontracks -> 200
#6146 GET /storefront/battlepass/progressiontracks -> 200
#6147 GET /storefront/battlepass/progressiontracks -> 200
#6148 GET /storefront/battlepass/progressiontracks -> 200
#6149 GET /storefront/battlepass/progressiontracks -> 200
#6150 GET /storefront/battlepass/progressiontracks -> 200
#6151 GET /storefront/battlepass/progressiontracks -> 200
#6152 GET /storefront/battlepass/progressiontracks -> 200
#6153 GET /storefront/battlepass/progressiontracks -> 200
#6154 GET /storefront/battlepass/progressiontracks -> 200
#6155 GET /storefront/battlepass/progressiontracks -> 200
#6156 GET /storefront/battlepass/progressiontracks -> 200
#6157 GET /storefront/battlepass/progressiontracks -> 200
#6158 GET /storefront/battlepass/progressiontracks -> 200
#6159 GET /storefront/battlepass/progressiontracks -> 200
#6160 GET /storefront/battlepass/progressiontracks -> 200
#6161 GET /storefront/battlepass/progressiontracks -> 200
#6162 GET /storefront/battlepass/progressiontracks -> 200
#6163 GET /storefront/battlepass/progressiontracks -> 200
#6164 GET /storefront/battlepass/progressiontracks -> 200
#6165 GET /storefront/battlepass/progressiontracks -> 200
#6166 GET /storefront/battlepass/progressiontracks -> 200
#6167 GET /storefront/battlepass/progressiontracks -> 200
#6168 GET /storefront/battlepass/progressiontracks -> 200
#6169 GET /storefront/battlepass/progressiontracks -> 200
#6170 GET /storefront/battlepass/progressiontracks -> 200
#6171 GET /storefront/battlepass/progressiontracks -> 200
#6172 GET /storefront/battlepass/progressiontracks -> 200
#6173 GET /storefront/battlepass/progressiontracks -> 200
#6174 GET /storefront/battlepass/progressiontracks -> 200
#6175 GET /storefront/battlepass/progressiontracks -> 200
#6176 GET /storefront/battlepass/progressiontracks -> 200
#6177 GET /storefront/battlepass/progressiontracks -> 200
#6178 GET /storefront/battlepass/progressiontracks -> 200
#6179 GET /storefront/battlepass/progressiontracks -> 200
#6180 GET /storefront/battlepass/progressiontracks -> 200
#6181 GET /storefront/battlepass/progressiontracks -> 200
#6182 GET /storefront/battlepass/progressiontracks -> 200
#6183 GET /storefront/battlepass/progressiontracks -> 200
#6184 GET /storefront/battlepass/progressiontracks -> 200
#6185 GET /storefront/battlepass/progressiontracks -> 200
#6186 GET /storefront/battlepass/progressiontracks -> 200
#6187 GET /storefront/battlepass/progressiontracks -> 200
#6188 GET /storefront/battlepass/progressiontracks -> 200
#6189 GET /storefront/battlepass/progressiontracks -> 200
#6190 GET /storefront/battlepass/progressiontracks -> 200
#6191 GET /storefront/battlepass/progressiontracks -> 200

* 17:17:18.246  WS <- /lobby TEXT ""
#6192 GET /storefront/battlepass/progressiontracks -> 200
#6193 GET /storefront/battlepass/progressiontracks -> 200
#6194 GET /storefront/battlepass/progressiontracks -> 200
#6195 GET /storefront/battlepass/progressiontracks -> 200
#6196 GET /storefront/battlepass/progressiontracks -> 200
#6197 GET /storefront/battlepass/progressiontracks -> 200
#6198 GET /storefront/battlepass/progressiontracks -> 200
#6199 GET /storefront/battlepass/progressiontracks -> 200
#6200 GET /storefront/battlepass/progressiontracks -> 200
#6201 GET /storefront/battlepass/progressiontracks -> 200
#6202 GET /storefront/battlepass/progressiontracks -> 200
#6203 GET /storefront/battlepass/progressiontracks -> 200
#6204 GET /storefront/battlepass/progressiontracks -> 200

* 17:17:19.134  WS -> /notifications/players/9b9d2c887e2524f918e383a895f2f1c2 BINARY hb (proactive 30s keepalive)
#6205 GET /storefront/battlepass/progressiontracks -> 200
#6206 GET /storefront/battlepass/progressiontracks -> 200
#6207 GET /storefront/battlepass/progressiontracks -> 200
#6208 GET /storefront/battlepass/progressiontracks -> 200
#6209 GET /storefront/battlepass/progressiontracks -> 200
#6210 GET /storefront/battlepass/progressiontracks -> 200
#6211 GET /storefront/battlepass/progressiontracks -> 200
#6212 GET /storefront/battlepass/progressiontracks -> 200
#6213 GET /storefront/battlepass/progressiontracks -> 200
#6214 GET /storefront/battlepass/progressiontracks -> 200
#6215 GET /storefront/battlepass/progressiontracks -> 200
#6216 GET /storefront/battlepass/progressiontracks -> 200
#6217 GET /storefront/battlepass/progressiontracks -> 200
#6218 GET /storefront/battlepass/progressiontracks -> 200
#6219 GET /storefront/battlepass/progressiontracks -> 200
#6220 GET /storefront/battlepass/progressiontracks -> 200
#6221 GET /storefront/battlepass/progressiontracks -> 200
#6222 GET /storefront/battlepass/progressiontracks -> 200
#6223 GET /storefront/battlepass/progressiontracks -> 200
#6224 GET /storefront/battlepass/progressiontracks -> 200
#6225 GET /storefront/battlepass/progressiontracks -> 200
#6226 GET /storefront/battlepass/progressiontracks -> 200
#6227 GET /storefront/battlepass/progressiontracks -> 200
#6228 GET /storefront/battlepass/progressiontracks -> 200
#6229 GET /storefront/battlepass/progressiontracks -> 200
#6230 GET /storefront/battlepass/progressiontracks -> 200
#6231 GET /storefront/battlepass/progressiontracks -> 200
#6232 GET /storefront/battlepass/progressiontracks -> 200
#6233 GET /storefront/battlepass/progressiontracks -> 200
#6234 GET /storefront/battlepass/progressiontracks -> 200
#6235 GET /storefront/battlepass/progressiontracks -> 200
#6236 GET /storefront/battlepass/progressiontracks -> 200
#6237 GET /storefront/battlepass/progressiontracks -> 200
#6238 GET /storefront/battlepass/progressiontracks -> 200
#6239 GET /storefront/battlepass/progressiontracks -> 200
#6240 GET /storefront/battlepass/progressiontracks -> 200
#6241 GET /storefront/battlepass/progressiontracks -> 200
#6242 GET /storefront/battlepass/progressiontracks -> 200
#6243 GET /storefront/battlepass/progressiontracks -> 200
#6244 GET /storefront/battlepass/progressiontracks -> 200
#6245 GET /storefront/battlepass/progressiontracks -> 200
#6246 GET /storefront/battlepass/progressiontracks -> 200
#6247 GET /storefront/battlepass/progressiontracks -> 200
#6248 GET /storefront/battlepass/progressiontracks -> 200
#6249 GET /storefront/battlepass/progressiontracks -> 200
#6250 GET /storefront/battlepass/progressiontracks -> 200
#6251 GET /storefront/battlepass/progressiontracks -> 200
#6252 GET /storefront/battlepass/progressiontracks -> 200
#6253 GET /storefront/battlepass/progressiontracks -> 200
#6254 GET /storefront/battlepass/progressiontracks -> 200
#6255 GET /storefront/battlepass/progressiontracks -> 200
#6256 GET /storefront/battlepass/progressiontracks -> 200
#6257 GET /storefront/battlepass/progressiontracks -> 200
#6258 GET /storefront/battlepass/progressiontracks -> 200
#6259 GET /storefront/battlepass/progressiontracks -> 200
#6260 GET /storefront/battlepass/progressiontracks -> 200
#6261 GET /storefront/battlepass/progressiontracks -> 200
#6262 GET /storefront/battlepass/progressiontracks -> 200
#6263 GET /storefront/battlepass/progressiontracks -> 200
#6264 GET /storefront/battlepass/progressiontracks -> 200
#6265 GET /storefront/battlepass/progressiontracks -> 200
#6266 GET /storefront/battlepass/progressiontracks -> 200
#6267 GET /storefront/battlepass/progressiontracks -> 200
#6268 GET /storefront/battlepass/progressiontracks -> 200
#6269 GET /storefront/battlepass/progressiontracks -> 200
#6270 GET /storefront/battlepass/progressiontracks -> 200
#6271 GET /storefront/battlepass/progressiontracks -> 200
#6272 GET /storefront/battlepass/progressiontracks -> 200
#6273 GET /storefront/battlepass/progressiontracks -> 200
#6274 GET /storefront/battlepass/progressiontracks -> 200
#6275 GET /storefront/battlepass/progressiontracks -> 200
#6276 POST /party/parties/party-9b9d2c887e2524f918e383a895f2f1c2/members/9b9d2c887e2524f918e383a895f2f1c2/latencies -> 200
#6277 GET /storefront/battlepass/progressiontracks -> 200
#6278 GET /storefront/battlepass/progressiontracks -> 200
#6279 GET /configuration/client -> 200
#6280 GET /storefront/battlepass/progressiontracks -> 200
#6281 GET /content-service/manifest/release2.4.live-156430-shipping -> 200
#6282 GET /storefront/battlepass/progressiontracks -> 200
#6283 GET /party/matchmaking/info -> 200
#6285 GET /storefront/battlepass/progressiontracks -> 200
#6284 GET /core-game/regions -> 200
#6286 GET /storefront/battlepass/progressiontracks -> 200
#6287 GET /storefront/battlepass/progressiontracks -> 200
#6288 GET /storefront/battlepass/progressiontracks -> 200
#6289 GET /storefront/battlepass/progressiontracks -> 200
#6290 GET /storefront/battlepass/progressiontracks -> 200
#6291 GET /storefront/battlepass/progressiontracks -> 200
#6292 GET /storefront/battlepass/progressiontracks -> 200
#6293 GET /storefront/battlepass/progressiontracks -> 200
#6294 GET /storefront/battlepass/progressiontracks -> 200
#6295 GET /storefront/battlepass/progressiontracks -> 200
#6296 GET /storefront/battlepass/progressiontracks -> 200
#6297 GET /storefront/battlepass/progressiontracks -> 200
#6298 GET /storefront/battlepass/progressiontracks -> 200
#6299 GET /storefront/battlepass/progressiontracks -> 200
#6300 GET /storefront/battlepass/progressiontracks -> 200
#6301 GET /storefront/battlepass/progressiontracks -> 200
#6302 GET /storefront/battlepass/progressiontracks -> 200
#6303 GET /storefront/battlepass/progressiontracks -> 200
#6304 GET /storefront/battlepass/progressiontracks -> 200
#6305 GET /storefront/battlepass/progressiontracks -> 200
#6306 GET /storefront/battlepass/progressiontracks -> 200
#6307 GET /storefront/battlepass/progressiontracks -> 200
#6308 GET /storefront/battlepass/progressiontracks -> 200
#6309 GET /storefront/battlepass/progressiontracks -> 200
#6310 GET /storefront/battlepass/progressiontracks -> 200
#6311 GET /storefront/battlepass/progressiontracks -> 200
#6312 GET /storefront/battlepass/progressiontracks -> 200
#6313 GET /storefront/battlepass/progressiontracks -> 200
#6314 GET /storefront/battlepass/progressiontracks -> 200
#6315 GET /storefront/battlepass/progressiontracks -> 200
#6316 GET /storefront/battlepass/progressiontracks -> 200
#6317 GET /storefront/battlepass/progressiontracks -> 200
#6318 GET /storefront/battlepass/progressiontracks -> 200
#6319 GET /storefront/battlepass/progressiontracks -> 200
#6320 GET /storefront/battlepass/progressiontracks -> 200
#6321 GET /storefront/battlepass/progressiontracks -> 200
#6322 GET /storefront/battlepass/progressiontracks -> 200
#6323 GET /storefront/battlepass/progressiontracks -> 200
#6324 GET /storefront/battlepass/progressiontracks -> 200
#6325 GET /storefront/battlepass/progressiontracks -> 200
#6326 GET /storefront/battlepass/progressiontracks -> 200
#6327 GET /storefront/battlepass/progressiontracks -> 200
#6328 GET /storefront/battlepass/progressiontracks -> 200
#6329 GET /storefront/battlepass/progressiontracks -> 200
#6330 GET /storefront/battlepass/progressiontracks -> 200
#6331 GET /storefront/battlepass/progressiontracks -> 200
#6332 GET /storefront/battlepass/progressiontracks -> 200
#6333 GET /storefront/battlepass/progressiontracks -> 200
#6334 GET /storefront/battlepass/progressiontracks -> 200
#6335 GET /storefront/battlepass/progressiontracks -> 200
#6336 GET /storefront/battlepass/progressiontracks -> 200
#6337 GET /storefront/battlepass/progressiontracks -> 200
#6338 GET /storefront/battlepass/progressiontracks -> 200
#6339 GET /storefront/battlepass/progressiontracks -> 200
#6340 GET /storefront/battlepass/progressiontracks -> 200
#6341 GET /storefront/battlepass/progressiontracks -> 200
#6342 GET /storefront/battlepass/progressiontracks -> 200
#6343 GET /storefront/battlepass/progressiontracks -> 200
#6344 GET /storefront/battlepass/progressiontracks -> 200
#6345 GET /storefront/battlepass/progressiontracks -> 200
#6346 GET /storefront/battlepass/progressiontracks -> 200
#6347 GET /storefront/battlepass/progressiontracks -> 200
#6348 GET /storefront/battlepass/progressiontracks -> 200
#6349 GET /storefront/battlepass/progressiontracks -> 200
#6350 GET /storefront/battlepass/progressiontracks -> 200
#6351 GET /storefront/battlepass/progressiontracks -> 200
#6352 GET /storefront/battlepass/progressiontracks -> 200
#6353 GET /storefront/battlepass/progressiontracks -> 200
#6354 GET /storefront/battlepass/progressiontracks -> 200
#6355 GET /storefront/battlepass/progressiontracks -> 200
#6356 GET /storefront/battlepass/progressiontracks -> 200
#6357 GET /storefront/battlepass/progressiontracks -> 200
#6358 GET /storefront/battlepass/progressiontracks -> 200
#6359 GET /storefront/battlepass/progressiontracks -> 200
#6360 GET /storefront/battlepass/progressiontracks -> 200
#6361 GET /storefront/battlepass/progressiontracks -> 200
#6362 GET /storefront/battlepass/progressiontracks -> 200
#6363 GET /storefront/battlepass/progressiontracks -> 200
#6364 GET /storefront/battlepass/progressiontracks -> 200
#6365 GET /storefront/battlepass/progressiontracks -> 200
#6366 GET /storefront/battlepass/progressiontracks -> 200
#6367 GET /storefront/battlepass/progressiontracks -> 200
#6368 GET /storefront/battlepass/progressiontracks -> 200
#6369 GET /storefront/battlepass/progressiontracks -> 200
#6370 GET /storefront/battlepass/progressiontracks -> 200
#6371 GET /storefront/battlepass/progressiontracks -> 200
#6372 GET /storefront/battlepass/progressiontracks -> 200
#6373 GET /storefront/battlepass/progressiontracks -> 200
#6374 GET /storefront/battlepass/progressiontracks -> 200
#6375 GET /storefront/battlepass/progressiontracks -> 200
#6376 GET /storefront/battlepass/progressiontracks -> 200
#6377 GET /storefront/battlepass/progressiontracks -> 200
#6378 GET /storefront/battlepass/progressiontracks -> 200
#6379 GET /storefront/battlepass/progressiontracks -> 200
#6380 GET /storefront/battlepass/progressiontracks -> 200
#6381 GET /storefront/battlepass/progressiontracks -> 200
#6382 GET /storefront/battlepass/progressiontracks -> 200
#6383 GET /storefront/battlepass/progressiontracks -> 200
#6384 GET /storefront/battlepass/progressiontracks -> 200
#6385 GET /storefront/battlepass/progressiontracks -> 200
#6386 GET /storefront/battlepass/progressiontracks -> 200
#6387 GET /storefront/battlepass/progressiontracks -> 200
#6388 GET /storefront/battlepass/progressiontracks -> 200
#6389 GET /storefront/battlepass/progressiontracks -> 200
#6390 GET /storefront/battlepass/progressiontracks -> 200
#6391 GET /storefront/battlepass/progressiontracks -> 200
#6392 GET /storefront/battlepass/progressiontracks -> 200
#6393 GET /storefront/battlepass/progressiontracks -> 200
#6394 GET /storefront/battlepass/progressiontracks -> 200
#6395 GET /storefront/battlepass/progressiontracks -> 200
#6396 GET /storefront/battlepass/progressiontracks -> 200
#6397 GET /storefront/battlepass/progressiontracks -> 200
#6398 GET /storefront/battlepass/progressiontracks -> 200
#6399 GET /storefront/battlepass/progressiontracks -> 200
#6400 GET /storefront/battlepass/progressiontracks -> 200
#6401 GET /storefront/battlepass/progressiontracks -> 200
#6402 GET /storefront/battlepass/progressiontracks -> 200
#6403 GET /storefront/battlepass/progressiontracks -> 200
#6404 GET /storefront/battlepass/progressiontracks -> 200
#6405 GET /storefront/battlepass/progressiontracks -> 200
#6406 GET /storefront/battlepass/progressiontracks -> 200
#6407 GET /storefront/battlepass/progressiontracks -> 200
#6408 GET /storefront/battlepass/progressiontracks -> 200
#6409 GET /storefront/battlepass/progressiontracks -> 200
#6410 GET /storefront/battlepass/progressiontracks -> 200
#6411 GET /storefront/battlepass/progressiontracks -> 200
#6412 GET /storefront/battlepass/progressiontracks -> 200
#6413 GET /storefront/battlepass/progressiontracks -> 200
#6414 GET /storefront/battlepass/progressiontracks -> 200
#6415 GET /storefront/battlepass/progressiontracks -> 200
#6416 GET /storefront/battlepass/progressiontracks -> 200
#6417 GET /storefront/battlepass/progressiontracks -> 200
#6418 GET /storefront/battlepass/progressiontracks -> 200
#6419 GET /storefront/battlepass/progressiontracks -> 200
#6420 GET /storefront/battlepass/progressiontracks -> 200
#6421 GET /storefront/battlepass/progressiontracks -> 200
#6422 GET /storefront/battlepass/progressiontracks -> 200
#6423 GET /storefront/battlepass/progressiontracks -> 200
#6424 GET /storefront/battlepass/progressiontracks -> 200
#6425 GET /storefront/battlepass/progressiontracks -> 200
#6426 GET /storefront/battlepass/progressiontracks -> 200
#6427 GET /storefront/battlepass/progressiontracks -> 200
#6428 GET /storefront/battlepass/progressiontracks -> 200
#6429 GET /storefront/battlepass/progressiontracks -> 200
#6430 GET /storefront/battlepass/progressiontracks -> 200
#6431 GET /storefront/battlepass/progressiontracks -> 200
#6432 GET /storefront/battlepass/progressiontracks -> 200
#6433 GET /storefront/battlepass/progressiontracks -> 200
#6434 GET /storefront/battlepass/progressiontracks -> 200
#6435 GET /storefront/battlepass/progressiontracks -> 200
#6436 GET /storefront/battlepass/progressiontracks -> 200
#6437 GET /storefront/battlepass/progressiontracks -> 200
#6438 GET /storefront/battlepass/progressiontracks -> 200
#6439 GET /storefront/battlepass/progressiontracks -> 200
#6440 GET /storefront/battlepass/progressiontracks -> 200
#6441 GET /storefront/battlepass/progressiontracks -> 200
#6442 GET /storefront/battlepass/progressiontracks -> 200
#6443 GET /storefront/battlepass/progressiontracks -> 200
#6444 GET /storefront/battlepass/progressiontracks -> 200
#6445 GET /storefront/battlepass/progressiontracks -> 200
#6446 GET /storefront/battlepass/progressiontracks -> 200
#6447 GET /storefront/battlepass/progressiontracks -> 200
#6448 GET /storefront/battlepass/progressiontracks -> 200
#6449 GET /storefront/battlepass/progressiontracks -> 200
#6450 GET /storefront/battlepass/progressiontracks -> 200
#6451 GET /storefront/battlepass/progressiontracks -> 200
#6452 GET /storefront/battlepass/progressiontracks -> 200
#6453 GET /storefront/battlepass/progressiontracks -> 200
#6454 GET /storefront/battlepass/progressiontracks -> 200
#6455 GET /storefront/battlepass/progressiontracks -> 200
#6456 GET /storefront/battlepass/progressiontracks -> 200
#6457 GET /storefront/battlepass/progressiontracks -> 200
#6458 GET /storefront/battlepass/progressiontracks -> 200
#6459 GET /storefront/battlepass/progressiontracks -> 200
#6460 GET /storefront/battlepass/progressiontracks -> 200
#6461 GET /storefront/battlepass/progressiontracks -> 200
#6462 GET /storefront/battlepass/progressiontracks -> 200
#6463 GET /storefront/battlepass/progressiontracks -> 200
#6464 GET /storefront/battlepass/progressiontracks -> 200
#6465 GET /storefront/battlepass/progressiontracks -> 200
#6466 GET /storefront/battlepass/progressiontracks -> 200
#6467 GET /storefront/battlepass/progressiontracks -> 200
#6468 GET /storefront/battlepass/progressiontracks -> 200
#6469 GET /storefront/battlepass/progressiontracks -> 200
#6470 GET /storefront/battlepass/progressiontracks -> 200
#6471 GET /storefront/battlepass/progressiontracks -> 200
#6472 GET /storefront/battlepass/progressiontracks -> 200
#6473 GET /storefront/battlepass/progressiontracks -> 200
#6474 GET /storefront/battlepass/progressiontracks -> 200
#6475 GET /storefront/battlepass/progressiontracks -> 200
#6476 GET /storefront/battlepass/progressiontracks -> 200
#6477 GET /storefront/battlepass/progressiontracks -> 200
#6478 GET /storefront/battlepass/progressiontracks -> 200
#6479 GET /storefront/battlepass/progressiontracks -> 200
#6480 GET /storefront/battlepass/progressiontracks -> 200
#6481 GET /storefront/battlepass/progressiontracks -> 200
#6482 GET /storefront/battlepass/progressiontracks -> 200
#6483 GET /storefront/battlepass/progressiontracks -> 200
#6484 GET /storefront/battlepass/progressiontracks -> 200
#6485 GET /storefront/battlepass/progressiontracks -> 200
#6486 GET /storefront/battlepass/progressiontracks -> 200
#6487 GET /storefront/battlepass/progressiontracks -> 200
#6488 GET /storefront/battlepass/progressiontracks -> 200
#6489 GET /storefront/battlepass/progressiontracks -> 200
#6490 GET /storefront/battlepass/progressiontracks -> 200
#6491 GET /storefront/battlepass/progressiontracks -> 200
#6492 GET /storefront/battlepass/progressiontracks -> 200
#6493 GET /storefront/battlepass/progressiontracks -> 200
#6494 GET /storefront/battlepass/progressiontracks -> 200
#6495 GET /storefront/battlepass/progressiontracks -> 200
#6496 GET /storefront/battlepass/progressiontracks -> 200
#6497 GET /storefront/battlepass/progressiontracks -> 200
#6498 GET /storefront/battlepass/progressiontracks -> 200
#6499 GET /storefront/battlepass/progressiontracks -> 200
#6500 GET /storefront/battlepass/progressiontracks -> 200
#6501 GET /storefront/battlepass/progressiontracks -> 200
#6502 GET /storefront/battlepass/progressiontracks -> 200
#6503 GET /storefront/battlepass/progressiontracks -> 200
#6504 GET /storefront/battlepass/progressiontracks -> 200
#6505 GET /storefront/battlepass/progressiontracks -> 200
#6506 GET /storefront/battlepass/progressiontracks -> 200
#6507 GET /storefront/battlepass/progressiontracks -> 200
#6508 GET /storefront/battlepass/progressiontracks -> 200
#6509 GET /storefront/battlepass/progressiontracks -> 200
#6510 GET /storefront/battlepass/progressiontracks -> 200
#6511 GET /storefront/battlepass/progressiontracks -> 200
#6512 GET /storefront/battlepass/progressiontracks -> 200
#6513 GET /storefront/battlepass/progressiontracks -> 200
#6514 GET /storefront/battlepass/progressiontracks -> 200
#6515 GET /storefront/battlepass/progressiontracks -> 200
#6516 GET /storefront/battlepass/progressiontracks -> 200
#6517 GET /storefront/battlepass/progressiontracks -> 200
#6518 GET /storefront/battlepass/progressiontracks -> 200
#6519 GET /storefront/battlepass/progressiontracks -> 200
#6520 GET /storefront/battlepass/progressiontracks -> 200
#6521 GET /storefront/battlepass/progressiontracks -> 200
#6522 GET /storefront/battlepass/progressiontracks -> 200
#6523 GET /storefront/battlepass/progressiontracks -> 200
#6524 GET /storefront/battlepass/progressiontracks -> 200
#6525 GET /storefront/battlepass/progressiontracks -> 200
#6526 GET /storefront/battlepass/progressiontracks -> 200
#6527 GET /storefront/battlepass/progressiontracks -> 200
#6528 GET /storefront/battlepass/progressiontracks -> 200
#6529 GET /storefront/battlepass/progressiontracks -> 200
#6530 GET /storefront/battlepass/progressiontracks -> 200
#6531 GET /storefront/battlepass/progressiontracks -> 200
#6532 GET /storefront/battlepass/progressiontracks -> 200
#6533 GET /storefront/battlepass/progressiontracks -> 200
#6534 GET /storefront/battlepass/progressiontracks -> 200
#6535 GET /storefront/battlepass/progressiontracks -> 200
#6536 GET /storefront/battlepass/progressiontracks -> 200
#6537 GET /storefront/battlepass/progressiontracks -> 200
#6538 GET /storefront/battlepass/progressiontracks -> 200
#6539 GET /storefront/battlepass/progressiontracks -> 200
#6540 GET /storefront/battlepass/progressiontracks -> 200
#6541 GET /storefront/battlepass/progressiontracks -> 200
#6542 GET /storefront/battlepass/progressiontracks -> 200
#6543 GET /storefront/battlepass/progressiontracks -> 200
#6544 GET /storefront/battlepass/progressiontracks -> 200
#6545 GET /storefront/battlepass/progressiontracks -> 200
#6546 GET /storefront/battlepass/progressiontracks -> 200
#6547 GET /storefront/battlepass/progressiontracks -> 200
#6548 GET /storefront/battlepass/progressiontracks -> 200
#6549 GET /storefront/battlepass/progressiontracks -> 200
#6550 GET /storefront/battlepass/progressiontracks -> 200
#6551 GET /storefront/battlepass/progressiontracks -> 200
#6552 GET /storefront/battlepass/progressiontracks -> 200
#6553 GET /storefront/battlepass/progressiontracks -> 200
#6554 GET /storefront/battlepass/progressiontracks -> 200
#6555 GET /storefront/battlepass/progressiontracks -> 200
#6556 GET /storefront/battlepass/progressiontracks -> 200
#6557 GET /storefront/battlepass/progressiontracks -> 200
#6558 GET /storefront/battlepass/progressiontracks -> 200
#6559 GET /storefront/battlepass/progressiontracks -> 200
#6560 GET /storefront/battlepass/progressiontracks -> 200
#6561 GET /storefront/battlepass/progressiontracks -> 200
#6562 GET /storefront/battlepass/progressiontracks -> 200
#6563 GET /storefront/battlepass/progressiontracks -> 200
#6564 GET /storefront/battlepass/progressiontracks -> 200
#6565 GET /storefront/battlepass/progressiontracks -> 200
#6566 GET /storefront/battlepass/progressiontracks -> 200
#6567 GET /storefront/battlepass/progressiontracks -> 200
#6568 GET /storefront/battlepass/progressiontracks -> 200
#6569 GET /storefront/battlepass/progressiontracks -> 200
#6570 GET /storefront/battlepass/progressiontracks -> 200
#6571 GET /storefront/battlepass/progressiontracks -> 200
#6572 GET /storefront/battlepass/progressiontracks -> 200
#6573 GET /storefront/battlepass/progressiontracks -> 200
#6574 GET /storefront/battlepass/progressiontracks -> 200

* 17:17:44.082  WS <- /notifications/players/9b9d2c887e2524f918e383a895f2f1c2 BINARY (2 bytes) 6862

* 17:17:44.109  WS -> /notifications/players/9b9d2c887e2524f918e383a895f2f1c2 TEXT hb reply {"Resource":"hb","Version":0,"Payload":""}
#6575 GET /storefront/battlepass/progressiontracks -> 200
#6576 GET /storefront/battlepass/progressiontracks -> 200
#6577 GET /storefront/battlepass/progressiontracks -> 200
#6578 GET /storefront/battlepass/progressiontracks -> 200
#6579 GET /storefront/battlepass/progressiontracks -> 200
#6580 GET /storefront/battlepass/progressiontracks -> 200
#6581 GET /storefront/battlepass/progressiontracks -> 200
#6582 GET /storefront/battlepass/progressiontracks -> 200
#6583 GET /storefront/battlepass/progressiontracks -> 200
#6584 GET /storefront/battlepass/progressiontracks -> 200
#6585 GET /storefront/battlepass/progressiontracks -> 200
#6586 GET /storefront/battlepass/progressiontracks -> 200
#6587 GET /storefront/battlepass/progressiontracks -> 200
#6588 GET /storefront/battlepass/progressiontracks -> 200
#6589 GET /storefront/battlepass/progressiontracks -> 200
#6590 GET /storefront/battlepass/progressiontracks -> 200
#6591 GET /storefront/battlepass/progressiontracks -> 200
#6592 GET /storefront/battlepass/progressiontracks -> 200
#6593 GET /storefront/battlepass/progressiontracks -> 200
#6594 GET /storefront/battlepass/progressiontracks -> 200
#6595 GET /storefront/battlepass/progressiontracks -> 200
#6596 GET /storefront/battlepass/progressiontracks -> 200
#6597 GET /storefront/battlepass/progressiontracks -> 200
#6598 GET /storefront/battlepass/progressiontracks -> 200
#6599 GET /storefront/battlepass/progressiontracks -> 200
#6600 GET /storefront/battlepass/progressiontracks -> 200
#6601 GET /storefront/battlepass/progressiontracks -> 200
#6602 GET /storefront/battlepass/progressiontracks -> 200
#6603 GET /storefront/battlepass/progressiontracks -> 200
#6604 GET /storefront/battlepass/progressiontracks -> 200
#6605 GET /storefront/battlepass/progressiontracks -> 200
#6606 GET /storefront/battlepass/progressiontracks -> 200
#6607 GET /storefront/battlepass/progressiontracks -> 200
#6608 GET /storefront/battlepass/progressiontracks -> 200
#6609 GET /storefront/battlepass/progressiontracks -> 200
#6610 GET /storefront/battlepass/progressiontracks -> 200
#6611 GET /storefront/battlepass/progressiontracks -> 200
#6612 GET /storefront/battlepass/progressiontracks -> 200
#6613 GET /storefront/battlepass/progressiontracks -> 200
#6614 GET /storefront/battlepass/progressiontracks -> 200
#6615 GET /storefront/battlepass/progressiontracks -> 200
#6616 GET /storefront/battlepass/progressiontracks -> 200
#6617 GET /storefront/battlepass/progressiontracks -> 200
#6618 GET /storefront/battlepass/progressiontracks -> 200
#6619 GET /storefront/battlepass/progressiontracks -> 200
#6620 GET /storefront/battlepass/progressiontracks -> 200
#6621 GET /storefront/battlepass/progressiontracks -> 200
#6622 GET /storefront/battlepass/progressiontracks -> 200
#6623 GET /storefront/battlepass/progressiontracks -> 200
#6624 GET /storefront/battlepass/progressiontracks -> 200
#6625 GET /storefront/battlepass/progressiontracks -> 200
#6626 GET /storefront/battlepass/progressiontracks -> 200
#6627 GET /storefront/battlepass/progressiontracks -> 200
#6628 GET /storefront/battlepass/progressiontracks -> 200
#6629 GET /storefront/battlepass/progressiontracks -> 200
#6630 GET /storefront/battlepass/progressiontracks -> 200
#6631 GET /storefront/battlepass/progressiontracks -> 200
#6632 GET /storefront/battlepass/progressiontracks -> 200
#6633 GET /storefront/battlepass/progressiontracks -> 200
#6634 GET /storefront/battlepass/progressiontracks -> 200
#6635 GET /storefront/battlepass/progressiontracks -> 200
#6636 GET /storefront/battlepass/progressiontracks -> 200
#6637 GET /storefront/battlepass/progressiontracks -> 200
#6638 GET /storefront/battlepass/progressiontracks -> 200
#6639 GET /storefront/battlepass/progressiontracks -> 200
#6640 GET /storefront/battlepass/progressiontracks -> 200

* 17:17:48.243  WS <- /lobby TEXT ""
#6641 GET /storefront/battlepass/progressiontracks -> 200
#6642 GET /storefront/battlepass/progressiontracks -> 200
#6643 GET /storefront/battlepass/progressiontracks -> 200
#6644 GET /storefront/battlepass/progressiontracks -> 200
#6645 GET /storefront/battlepass/progressiontracks -> 200
#6646 GET /storefront/battlepass/progressiontracks -> 200
#6647 GET /storefront/battlepass/progressiontracks -> 200
#6648 GET /storefront/battlepass/progressiontracks -> 200
#6649 GET /storefront/battlepass/progressiontracks -> 200
#6650 GET /storefront/battlepass/progressiontracks -> 200
#6651 GET /storefront/battlepass/progressiontracks -> 200
#6652 GET /storefront/battlepass/progressiontracks -> 200
#6653 GET /storefront/battlepass/progressiontracks -> 200
#6654 GET /storefront/battlepass/progressiontracks -> 200
#6655 GET /storefront/battlepass/progressiontracks -> 200
#6656 GET /storefront/battlepass/progressiontracks -> 200
#6657 GET /storefront/battlepass/progressiontracks -> 200
#6658 GET /storefront/battlepass/progressiontracks -> 200
#6659 GET /storefront/battlepass/progressiontracks -> 200
#6660 GET /storefront/battlepass/progressiontracks -> 200
#6661 GET /storefront/battlepass/progressiontracks -> 200
#6662 GET /storefront/battlepass/progressiontracks -> 200
#6663 GET /storefront/battlepass/progressiontracks -> 200
#6664 GET /storefront/battlepass/progressiontracks -> 200
#6665 GET /storefront/battlepass/progressiontracks -> 200
#6666 GET /storefront/battlepass/progressiontracks -> 200
#6667 GET /storefront/battlepass/progressiontracks -> 200
#6668 GET /storefront/battlepass/progressiontracks -> 200
#6669 GET /storefront/battlepass/progressiontracks -> 200
#6670 GET /storefront/battlepass/progressiontracks -> 200
#6671 GET /storefront/battlepass/progressiontracks -> 200
#6672 GET /storefront/battlepass/progressiontracks -> 200
#6673 GET /storefront/battlepass/progressiontracks -> 200
#6674 GET /storefront/battlepass/progressiontracks -> 200
#6675 GET /storefront/battlepass/progressiontracks -> 200
#6676 GET /storefront/battlepass/progressiontracks -> 200
#6677 GET /storefront/battlepass/progressiontracks -> 200
#6678 GET /storefront/battlepass/progressiontracks -> 200
#6679 GET /storefront/battlepass/progressiontracks -> 200
#6680 GET /storefront/battlepass/progressiontracks -> 200
#6681 GET /storefront/battlepass/progressiontracks -> 200
#6682 GET /storefront/battlepass/progressiontracks -> 200
#6683 GET /storefront/battlepass/progressiontracks -> 200
#6684 GET /storefront/battlepass/progressiontracks -> 200
#6685 GET /storefront/battlepass/progressiontracks -> 200
#6686 GET /storefront/battlepass/progressiontracks -> 200
#6687 GET /storefront/battlepass/progressiontracks -> 200
#6688 GET /storefront/battlepass/progressiontracks -> 200
#6689 GET /storefront/battlepass/progressiontracks -> 200
#6690 GET /storefront/battlepass/progressiontracks -> 200
#6691 GET /storefront/battlepass/progressiontracks -> 200
#6692 GET /storefront/battlepass/progressiontracks -> 200
#6693 GET /storefront/battlepass/progressiontracks -> 200
#6694 GET /storefront/battlepass/progressiontracks -> 200
#6695 GET /storefront/battlepass/progressiontracks -> 200
#6696 GET /storefront/battlepass/progressiontracks -> 200
#6697 GET /storefront/battlepass/progressiontracks -> 200
#6698 GET /storefront/battlepass/progressiontracks -> 200
#6699 GET /storefront/battlepass/progressiontracks -> 200
#6700 GET /storefront/battlepass/progressiontracks -> 200
#6701 GET /storefront/battlepass/progressiontracks -> 200
#6702 GET /storefront/battlepass/progressiontracks -> 200
#6703 GET /storefront/battlepass/progressiontracks -> 200
#6704 GET /storefront/battlepass/progressiontracks -> 200
#6705 GET /storefront/battlepass/progressiontracks -> 200
#6706 GET /storefront/battlepass/progressiontracks -> 200
#6707 GET /storefront/battlepass/progressiontracks -> 200
#6708 GET /storefront/battlepass/progressiontracks -> 200
#6709 GET /storefront/battlepass/progressiontracks -> 200
#6710 GET /storefront/battlepass/progressiontracks -> 200
#6711 GET /storefront/battlepass/progressiontracks -> 200
#6712 GET /storefront/battlepass/progressiontracks -> 200
#6713 GET /storefront/battlepass/progressiontracks -> 200
#6714 GET /storefront/battlepass/progressiontracks -> 200
#6715 GET /storefront/battlepass/progressiontracks -> 200
#6716 GET /storefront/battlepass/progressiontracks -> 200
#6717 GET /storefront/battlepass/progressiontracks -> 200
#6718 GET /storefront/battlepass/progressiontracks -> 200
#6719 GET /storefront/battlepass/progressiontracks -> 200
#6720 GET /storefront/battlepass/progressiontracks -> 200
#6721 GET /storefront/battlepass/progressiontracks -> 200
#6722 GET /storefront/battlepass/progressiontracks -> 200
#6723 GET /storefront/battlepass/progressiontracks -> 200
#6724 GET /storefront/battlepass/progressiontracks -> 200
#6725 GET /storefront/battlepass/progressiontracks -> 200
#6726 GET /storefront/battlepass/progressiontracks -> 200
#6727 POST /party/parties/party-9b9d2c887e2524f918e383a895f2f1c2/members/9b9d2c887e2524f918e383a895f2f1c2/latencies -> 200
#6728 GET /storefront/battlepass/progressiontracks -> 200
#6729 GET /storefront/battlepass/progressiontracks -> 200
#6730 GET /storefront/battlepass/progressiontracks -> 200
#6731 GET /configuration/client -> 200
#6732 GET /content-service/manifest/release2.4.live-156430-shipping -> 200
#6733 GET /storefront/battlepass/progressiontracks -> 200
#6734 GET /mailbox/config/version -> 200
#6735 GET /party/matchmaking/info -> 200
#6736 GET /storefront/battlepass/progressiontracks -> 200
#6737 GET /storefront/battlepass/progressiontracks -> 200
#6738 GET /storefront/battlepass/progressiontracks -> 200
#6739 GET /storefront/battlepass/progressiontracks -> 200
#6740 GET /storefront/battlepass/progressiontracks -> 200
#6741 GET /storefront/battlepass/progressiontracks -> 200
#6742 GET /storefront/battlepass/progressiontracks -> 200
#6743 GET /storefront/battlepass/progressiontracks -> 200
#6744 GET /storefront/battlepass/progressiontracks -> 200
#6745 GET /storefront/battlepass/progressiontracks -> 200
#6746 GET /storefront/battlepass/progressiontracks -> 200
#6747 GET /storefront/battlepass/progressiontracks -> 200
#6748 GET /storefront/battlepass/progressiontracks -> 200
#6749 GET /storefront/battlepass/progressiontracks -> 200
#6750 GET /storefront/battlepass/progressiontracks -> 200
#6751 GET /storefront/battlepass/progressiontracks -> 200
#6752 GET /storefront/battlepass/progressiontracks -> 200
#6753 GET /storefront/battlepass/progressiontracks -> 200
#6754 GET /storefront/battlepass/progressiontracks -> 200
#6755 GET /storefront/battlepass/progressiontracks -> 200
#6756 GET /storefront/battlepass/progressiontracks -> 200
#6757 GET /storefront/battlepass/progressiontracks -> 200
#6758 GET /storefront/battlepass/progressiontracks -> 200
#6759 GET /storefront/battlepass/progressiontracks -> 200
#6760 GET /storefront/battlepass/progressiontracks -> 200
#6761 GET /storefront/battlepass/progressiontracks -> 200
#6762 GET /storefront/battlepass/progressiontracks -> 200
#6763 GET /storefront/battlepass/progressiontracks -> 200
#6764 GET /storefront/battlepass/progressiontracks -> 200
#6765 GET /storefront/battlepass/progressiontracks -> 200
#6766 GET /storefront/battlepass/progressiontracks -> 200
#6767 GET /storefront/battlepass/progressiontracks -> 200
#6768 GET /storefront/battlepass/progressiontracks -> 200
#6769 GET /storefront/battlepass/progressiontracks -> 200
#6770 GET /storefront/battlepass/progressiontracks -> 200
#6771 GET /storefront/battlepass/progressiontracks -> 200
#6772 GET /storefront/battlepass/progressiontracks -> 200
#6773 GET /storefront/battlepass/progressiontracks -> 200
#6774 GET /storefront/battlepass/progressiontracks -> 200
#6775 GET /storefront/battlepass/progressiontracks -> 200
#6776 GET /storefront/battlepass/progressiontracks -> 200
#6777 GET /storefront/battlepass/progressiontracks -> 200
#6778 GET /storefront/battlepass/progressiontracks -> 200
#6779 GET /storefront/battlepass/progressiontracks -> 200
#6780 GET /storefront/battlepass/progressiontracks -> 200
#6781 GET /storefront/battlepass/progressiontracks -> 200
#6782 GET /storefront/battlepass/progressiontracks -> 200
#6783 GET /storefront/battlepass/progressiontracks -> 200
#6784 GET /storefront/battlepass/progressiontracks -> 200
#6785 GET /storefront/battlepass/progressiontracks -> 200
#6786 GET /storefront/battlepass/progressiontracks -> 200
#6787 GET /storefront/battlepass/progressiontracks -> 200
#6788 GET /storefront/battlepass/progressiontracks -> 200
#6789 GET /storefront/battlepass/progressiontracks -> 200
#6790 GET /storefront/battlepass/progressiontracks -> 200
#6791 GET /storefront/battlepass/progressiontracks -> 200
#6792 GET /storefront/battlepass/progressiontracks -> 200
#6793 GET /storefront/battlepass/progressiontracks -> 200
#6794 GET /storefront/battlepass/progressiontracks -> 200
#6795 GET /storefront/battlepass/progressiontracks -> 200
#6796 GET /storefront/battlepass/progressiontracks -> 200
#6797 GET /storefront/battlepass/progressiontracks -> 200
#6798 GET /storefront/battlepass/progressiontracks -> 200
#6799 GET /storefront/battlepass/progressiontracks -> 200
#6800 GET /storefront/battlepass/progressiontracks -> 200
#6801 GET /storefront/battlepass/progressiontracks -> 200
#6802 GET /storefront/battlepass/progressiontracks -> 200
#6803 GET /storefront/battlepass/progressiontracks -> 200
#6804 GET /storefront/battlepass/progressiontracks -> 200
#6805 GET /storefront/battlepass/progressiontracks -> 200
#6806 GET /storefront/battlepass/progressiontracks -> 200
#6807 GET /storefront/battlepass/progressiontracks -> 200
#6808 GET /storefront/battlepass/progressiontracks -> 200
#6809 GET /storefront/battlepass/progressiontracks -> 200
#6810 GET /storefront/battlepass/progressiontracks -> 200
#6811 GET /storefront/battlepass/progressiontracks -> 200
#6812 GET /storefront/battlepass/progressiontracks -> 200
#6813 GET /storefront/battlepass/progressiontracks -> 200
#6814 GET /storefront/battlepass/progressiontracks -> 200
#6815 GET /storefront/battlepass/progressiontracks -> 200
#6816 GET /storefront/battlepass/progressiontracks -> 200
#6817 GET /storefront/battlepass/progressiontracks -> 200
#6818 GET /storefront/battlepass/progressiontracks -> 200
#6819 GET /storefront/battlepass/progressiontracks -> 200
#6820 GET /storefront/battlepass/progressiontracks -> 200
#6821 GET /storefront/battlepass/progressiontracks -> 200
#6822 GET /storefront/battlepass/progressiontracks -> 200
#6823 GET /storefront/battlepass/progressiontracks -> 200
#6824 GET /storefront/battlepass/progressiontracks -> 200
#6825 GET /storefront/battlepass/progressiontracks -> 200
#6826 GET /storefront/battlepass/progressiontracks -> 200
#6827 GET /storefront/battlepass/progressiontracks -> 200
#6828 GET /storefront/battlepass/progressiontracks -> 200
#6829 GET /storefront/battlepass/progressiontracks -> 200
#6830 GET /storefront/battlepass/progressiontracks -> 200
#6831 GET /storefront/battlepass/progressiontracks -> 200
#6832 GET /storefront/battlepass/progressiontracks -> 200
#6833 GET /storefront/battlepass/progressiontracks -> 200
#6834 GET /storefront/battlepass/progressiontracks -> 200
#6835 GET /storefront/battlepass/progressiontracks -> 200
#6836 GET /storefront/battlepass/progressiontracks -> 200
#6837 GET /storefront/battlepass/progressiontracks -> 200
#6838 GET /storefront/battlepass/progressiontracks -> 200
#6839 GET /storefront/battlepass/progressiontracks -> 200
#6840 GET /storefront/battlepass/progressiontracks -> 200
#6841 GET /storefront/battlepass/progressiontracks -> 200
#6842 GET /storefront/battlepass/progressiontracks -> 200
#6843 GET /storefront/battlepass/progressiontracks -> 200
#6844 GET /storefront/battlepass/progressiontracks -> 200
#6845 GET /storefront/battlepass/progressiontracks -> 200
#6846 GET /storefront/battlepass/progressiontracks -> 200
#6847 GET /storefront/battlepass/progressiontracks -> 200
#6848 GET /storefront/battlepass/progressiontracks -> 200
#6849 GET /storefront/battlepass/progressiontracks -> 200
#6850 GET /storefront/battlepass/progressiontracks -> 200
#6851 GET /storefront/battlepass/progressiontracks -> 200
#6852 GET /storefront/battlepass/progressiontracks -> 200
#6853 GET /storefront/battlepass/progressiontracks -> 200
#6854 GET /storefront/battlepass/progressiontracks -> 200
#6855 GET /storefront/battlepass/progressiontracks -> 200
#6856 GET /storefront/battlepass/progressiontracks -> 200
#6857 GET /storefront/battlepass/progressiontracks -> 200
#6858 GET /storefront/battlepass/progressiontracks -> 200
#6859 GET /storefront/battlepass/progressiontracks -> 200
#6860 GET /storefront/battlepass/progressiontracks -> 200
#6861 GET /storefront/battlepass/progressiontracks -> 200
#6862 GET /storefront/battlepass/progressiontracks -> 200
#6863 GET /storefront/battlepass/progressiontracks -> 200
#6864 GET /storefront/battlepass/progressiontracks -> 200
#6865 GET /storefront/battlepass/progressiontracks -> 200
#6866 GET /storefront/battlepass/progressiontracks -> 200
#6867 GET /storefront/battlepass/progressiontracks -> 200
#6868 GET /storefront/battlepass/progressiontracks -> 200
#6869 GET /storefront/battlepass/progressiontracks -> 200
#6870 GET /storefront/battlepass/progressiontracks -> 200
#6871 GET /storefront/battlepass/progressiontracks -> 200
#6872 GET /storefront/battlepass/progressiontracks -> 200
#6873 GET /storefront/battlepass/progressiontracks -> 200
#6874 GET /storefront/battlepass/progressiontracks -> 200
#6875 GET /storefront/battlepass/progressiontracks -> 200
#6876 GET /storefront/battlepass/progressiontracks -> 200
#6877 GET /storefront/battlepass/progressiontracks -> 200
#6878 GET /storefront/battlepass/progressiontracks -> 200
#6879 GET /storefront/battlepass/progressiontracks -> 200
#6880 GET /storefront/battlepass/progressiontracks -> 200
#6881 GET /storefront/battlepass/progressiontracks -> 200
#6882 GET /storefront/battlepass/progressiontracks -> 200
#6883 GET /storefront/battlepass/progressiontracks -> 200
#6884 GET /storefront/battlepass/progressiontracks -> 200
#6885 GET /storefront/battlepass/progressiontracks -> 200
#6886 GET /storefront/battlepass/progressiontracks -> 200
#6887 GET /storefront/battlepass/progressiontracks -> 200
#6888 GET /storefront/battlepass/progressiontracks -> 200
#6889 GET /storefront/battlepass/progressiontracks -> 200
#6890 GET /storefront/battlepass/progressiontracks -> 200
#6891 GET /storefront/battlepass/progressiontracks -> 200
#6892 GET /storefront/battlepass/progressiontracks -> 200
#6893 GET /storefront/battlepass/progressiontracks -> 200
#6894 GET /storefront/battlepass/progressiontracks -> 200
#6895 GET /storefront/battlepass/progressiontracks -> 200
#6896 GET /storefront/battlepass/progressiontracks -> 200
#6897 GET /storefront/battlepass/progressiontracks -> 200
#6898 GET /storefront/battlepass/progressiontracks -> 200
#6899 GET /storefront/battlepass/progressiontracks -> 200
#6900 GET /storefront/battlepass/progressiontracks -> 200
#6901 GET /storefront/battlepass/progressiontracks -> 200
#6902 GET /storefront/battlepass/progressiontracks -> 200
#6903 GET /storefront/battlepass/progressiontracks -> 200
#6904 GET /storefront/battlepass/progressiontracks -> 200
#6905 GET /storefront/battlepass/progressiontracks -> 200
#6906 GET /storefront/battlepass/progressiontracks -> 200
#6907 GET /storefront/battlepass/progressiontracks -> 200
#6908 GET /storefront/battlepass/progressiontracks -> 200
#6909 GET /storefront/battlepass/progressiontracks -> 200
#6910 GET /storefront/battlepass/progressiontracks -> 200
#6911 GET /storefront/battlepass/progressiontracks -> 200
#6912 GET /storefront/battlepass/progressiontracks -> 200
#6913 GET /storefront/battlepass/progressiontracks -> 200
#6914 GET /storefront/battlepass/progressiontracks -> 200
#6915 GET /storefront/battlepass/progressiontracks -> 200
#6916 GET /storefront/battlepass/progressiontracks -> 200
#6917 GET /storefront/battlepass/progressiontracks -> 200
#6918 GET /storefront/battlepass/progressiontracks -> 200
#6919 GET /storefront/battlepass/progressiontracks -> 200
#6920 GET /storefront/battlepass/progressiontracks -> 200
#6921 GET /storefront/battlepass/progressiontracks -> 200
#6922 GET /storefront/battlepass/progressiontracks -> 200
#6923 GET /storefront/battlepass/progressiontracks -> 200
#6924 GET /storefront/battlepass/progressiontracks -> 200
#6925 GET /storefront/battlepass/progressiontracks -> 200
#6926 GET /storefront/battlepass/progressiontracks -> 200
#6927 GET /storefront/battlepass/progressiontracks -> 200
#6928 GET /storefront/battlepass/progressiontracks -> 200
#6929 GET /storefront/battlepass/progressiontracks -> 200
#6930 GET /storefront/battlepass/progressiontracks -> 200
#6931 GET /storefront/battlepass/progressiontracks -> 200
#6932 GET /storefront/battlepass/progressiontracks -> 200
#6933 GET /storefront/battlepass/progressiontracks -> 200
#6934 GET /storefront/battlepass/progressiontracks -> 200
#6935 GET /storefront/battlepass/progressiontracks -> 200
#6936 GET /storefront/battlepass/progressiontracks -> 200
#6937 GET /storefront/battlepass/progressiontracks -> 200
#6938 GET /storefront/battlepass/progressiontracks -> 200
#6939 GET /storefront/battlepass/progressiontracks -> 200
#6940 GET /storefront/battlepass/progressiontracks -> 200
#6941 GET /storefront/battlepass/progressiontracks -> 200
#6942 GET /storefront/battlepass/progressiontracks -> 200
#6943 GET /storefront/battlepass/progressiontracks -> 200
#6944 GET /storefront/battlepass/progressiontracks -> 200
#6945 GET /storefront/battlepass/progressiontracks -> 200
#6946 GET /storefront/battlepass/progressiontracks -> 200
#6947 GET /storefront/battlepass/progressiontracks -> 200
#6948 GET /storefront/battlepass/progressiontracks -> 200
#6949 GET /storefront/battlepass/progressiontracks -> 200
#6950 GET /storefront/battlepass/progressiontracks -> 200
#6951 GET /storefront/battlepass/progressiontracks -> 200
#6952 GET /storefront/battlepass/progressiontracks -> 200
#6953 GET /storefront/battlepass/progressiontracks -> 200
#6954 GET /storefront/battlepass/progressiontracks -> 200
#6955 GET /storefront/battlepass/progressiontracks -> 200
#6956 GET /storefront/battlepass/progressiontracks -> 200
#6957 GET /storefront/battlepass/progressiontracks -> 200
#6958 GET /storefront/battlepass/progressiontracks -> 200
#6959 GET /storefront/battlepass/progressiontracks -> 200
#6960 GET /storefront/battlepass/progressiontracks -> 200
#6961 GET /storefront/battlepass/progressiontracks -> 200
#6962 GET /storefront/battlepass/progressiontracks -> 200
#6963 GET /storefront/battlepass/progressiontracks -> 200
#6964 GET /storefront/battlepass/progressiontracks -> 200
#6965 GET /storefront/battlepass/progressiontracks -> 200
#6966 GET /storefront/battlepass/progressiontracks -> 200
#6967 GET /storefront/battlepass/progressiontracks -> 200
#6968 GET /storefront/battlepass/progressiontracks -> 200
#6969 GET /storefront/battlepass/progressiontracks -> 200
#6970 GET /storefront/battlepass/progressiontracks -> 200
#6971 GET /storefront/battlepass/progressiontracks -> 200
#6972 GET /storefront/battlepass/progressiontracks -> 200
#6973 GET /storefront/battlepass/progressiontracks -> 200
#6974 GET /storefront/battlepass/progressiontracks -> 200
#6975 GET /storefront/battlepass/progressiontracks -> 200
#6976 GET /storefront/battlepass/progressiontracks -> 200
#6977 GET /storefront/battlepass/progressiontracks -> 200
#6978 GET /storefront/battlepass/progressiontracks -> 200
#6979 GET /storefront/battlepass/progressiontracks -> 200
#6980 GET /party/players/9b9d2c887e2524f918e383a895f2f1c2/voice -> 200
#6981 GET /storefront/battlepass/progressiontracks -> 200
#6982 GET /storefront/battlepass/progressiontracks -> 200
#6983 GET /storefront/battlepass/progressiontracks -> 200
#6984 GET /storefront/battlepass/progressiontracks -> 200
#6985 GET /storefront/battlepass/progressiontracks -> 200
#6986 POST /game-telemetry/v1/protected/events -> 200
#6987 GET /storefront/battlepass/progressiontracks -> 200
#6988 GET /storefront/battlepass/progressiontracks -> 200
#6989 GET /storefront/battlepass/progressiontracks -> 200
#6990 GET /storefront/battlepass/progressiontracks -> 200
#6991 GET /storefront/battlepass/progressiontracks -> 200
#6992 GET /storefront/battlepass/progressiontracks -> 200
#6993 GET /storefront/battlepass/progressiontracks -> 200
#6994 GET /storefront/battlepass/progressiontracks -> 200
#6995 GET /storefront/battlepass/progressiontracks -> 200
#6996 GET /storefront/battlepass/progressiontracks -> 200
#6997 GET /storefront/battlepass/progressiontracks -> 200
#6998 GET /storefront/battlepass/progressiontracks -> 200
#6999 GET /storefront/battlepass/progressiontracks -> 200
#7000 GET /storefront/battlepass/progressiontracks -> 200
#7001 GET /storefront/battlepass/progressiontracks -> 200
#7002 GET /storefront/battlepass/progressiontracks -> 200
#7003 GET /storefront/battlepass/progressiontracks -> 200
#7004 GET /storefront/battlepass/progressiontracks -> 200
#7005 GET /storefront/battlepass/progressiontracks -> 200
#7006 GET /storefront/battlepass/progressiontracks -> 200
#7007 GET /storefront/battlepass/progressiontracks -> 200
#7008 GET /storefront/battlepass/progressiontracks -> 200
#7009 GET /storefront/battlepass/progressiontracks -> 200
#7010 GET /storefront/battlepass/progressiontracks -> 200
#7011 GET /storefront/battlepass/progressiontracks -> 200
#7012 GET /storefront/battlepass/progressiontracks -> 200
#7013 GET /storefront/battlepass/progressiontracks -> 200
#7014 GET /storefront/battlepass/progressiontracks -> 200
#7015 GET /storefront/battlepass/progressiontracks -> 200
#7016 GET /storefront/battlepass/progressiontracks -> 200
#7017 GET /storefront/battlepass/progressiontracks -> 200
#7018 GET /storefront/battlepass/progressiontracks -> 200
#7019 GET /storefront/battlepass/progressiontracks -> 200
#7020 GET /storefront/battlepass/progressiontracks -> 200
#7021 GET /storefront/battlepass/progressiontracks -> 200
#7022 GET /storefront/battlepass/progressiontracks -> 200
#7023 GET /storefront/battlepass/progressiontracks -> 200
#7024 GET /storefront/battlepass/progressiontracks -> 200
#7025 GET /storefront/battlepass/progressiontracks -> 200
#7026 GET /storefront/battlepass/progressiontracks -> 200
#7027 GET /storefront/battlepass/progressiontracks -> 200

* 17:18:14.134  WS -> /notifications/players/9b9d2c887e2524f918e383a895f2f1c2 BINARY hb (proactive 30s keepalive)
#7028 GET /storefront/battlepass/progressiontracks -> 200
#7029 GET /storefront/battlepass/progressiontracks -> 200
#7030 GET /storefront/battlepass/progressiontracks -> 200
#7031 GET /storefront/battlepass/progressiontracks -> 200
#7032 GET /storefront/battlepass/progressiontracks -> 200
#7033 GET /storefront/battlepass/progressiontracks -> 200
#7034 GET /storefront/battlepass/progressiontracks -> 200
#7035 GET /storefront/battlepass/progressiontracks -> 200
#7036 GET /storefront/battlepass/progressiontracks -> 200
#7037 GET /storefront/battlepass/progressiontracks -> 200
#7038 GET /storefront/battlepass/progressiontracks -> 200
#7039 GET /storefront/battlepass/progressiontracks -> 200
#7040 GET /storefront/battlepass/progressiontracks -> 200
#7041 GET /storefront/battlepass/progressiontracks -> 200
#7042 GET /storefront/battlepass/progressiontracks -> 200
#7043 GET /storefront/battlepass/progressiontracks -> 200
#7044 GET /storefront/battlepass/progressiontracks -> 200
#7045 GET /storefront/battlepass/progressiontracks -> 200
#7046 GET /storefront/battlepass/progressiontracks -> 200
#7047 GET /storefront/battlepass/progressiontracks -> 200
#7048 GET /storefront/battlepass/progressiontracks -> 200
#7049 GET /storefront/battlepass/progressiontracks -> 200
#7050 GET /storefront/battlepass/progressiontracks -> 200
#7051 GET /storefront/battlepass/progressiontracks -> 200
#7052 GET /storefront/battlepass/progressiontracks -> 200
#7053 GET /storefront/battlepass/progressiontracks -> 200
#7054 GET /storefront/battlepass/progressiontracks -> 200
#7055 GET /storefront/battlepass/progressiontracks -> 200
#7056 GET /storefront/battlepass/progressiontracks -> 200
#7057 GET /storefront/battlepass/progressiontracks -> 200
#7058 GET /storefront/battlepass/progressiontracks -> 200
#7059 GET /storefront/battlepass/progressiontracks -> 200
#7060 GET /storefront/battlepass/progressiontracks -> 200
#7061 GET /storefront/battlepass/progressiontracks -> 200
#7062 GET /storefront/battlepass/progressiontracks -> 200
#7063 GET /storefront/battlepass/progressiontracks -> 200
#7064 GET /storefront/battlepass/progressiontracks -> 200
#7065 GET /storefront/battlepass/progressiontracks -> 200
#7066 GET /storefront/battlepass/progressiontracks -> 200
#7067 GET /storefront/battlepass/progressiontracks -> 200
#7068 GET /storefront/battlepass/progressiontracks -> 200
#7069 GET /storefront/battlepass/progressiontracks -> 200
#7070 GET /storefront/battlepass/progressiontracks -> 200
#7071 GET /storefront/battlepass/progressiontracks -> 200
#7072 GET /storefront/battlepass/progressiontracks -> 200
#7073 GET /storefront/battlepass/progressiontracks -> 200
#7074 GET /storefront/battlepass/progressiontracks -> 200
#7075 GET /storefront/battlepass/progressiontracks -> 200
#7076 GET /storefront/battlepass/progressiontracks -> 200
#7077 GET /storefront/battlepass/progressiontracks -> 200
#7078 GET /storefront/battlepass/progressiontracks -> 200
#7079 GET /storefront/battlepass/progressiontracks -> 200
#7080 GET /storefront/battlepass/progressiontracks -> 200
#7081 GET /storefront/battlepass/progressiontracks -> 200
#7082 GET /storefront/battlepass/progressiontracks -> 200
#7083 GET /storefront/battlepass/progressiontracks -> 200
#7084 GET /storefront/battlepass/progressiontracks -> 200
#7085 GET /storefront/battlepass/progressiontracks -> 200
#7086 GET /storefront/battlepass/progressiontracks -> 200
#7087 GET /storefront/battlepass/progressiontracks -> 200
#7088 GET /storefront/battlepass/progressiontracks -> 200

* 17:18:18.247  WS <- /lobby TEXT ""
#7089 GET /storefront/battlepass/progressiontracks -> 200
#7090 GET /storefront/battlepass/progressiontracks -> 200
#7091 GET /storefront/battlepass/progressiontracks -> 200
#7092 GET /storefront/battlepass/progressiontracks -> 200
#7093 GET /storefront/battlepass/progressiontracks -> 200
#7094 GET /storefront/battlepass/progressiontracks -> 200
#7095 GET /storefront/battlepass/progressiontracks -> 200
#7096 GET /storefront/battlepass/progressiontracks -> 200
#7097 GET /storefront/battlepass/progressiontracks -> 200
#7098 GET /storefront/battlepass/progressiontracks -> 200
#7099 GET /storefront/battlepass/progressiontracks -> 200
#7100 GET /storefront/battlepass/progressiontracks -> 200
#7101 GET /storefront/battlepass/progressiontracks -> 200
#7102 GET /storefront/battlepass/progressiontracks -> 200
#7103 GET /storefront/battlepass/progressiontracks -> 200
#7104 GET /storefront/battlepass/progressiontracks -> 200
#7105 GET /storefront/battlepass/progressiontracks -> 200
#7106 GET /storefront/battlepass/progressiontracks -> 200
#7107 GET /storefront/battlepass/progressiontracks -> 200
#7108 GET /storefront/battlepass/progressiontracks -> 200
#7109 GET /storefront/battlepass/progressiontracks -> 200
#7110 GET /storefront/battlepass/progressiontracks -> 200
#7111 GET /storefront/battlepass/progressiontracks -> 200
#7112 GET /storefront/battlepass/progressiontracks -> 200
#7113 GET /storefront/battlepass/progressiontracks -> 200
#7114 GET /storefront/battlepass/progressiontracks -> 200
#7115 GET /storefront/battlepass/progressiontracks -> 200
#7116 GET /storefront/battlepass/progressiontracks -> 200
#7117 GET /storefront/battlepass/progressiontracks -> 200
#7118 GET /storefront/battlepass/progressiontracks -> 200
#7119 GET /storefront/battlepass/progressiontracks -> 200
#7120 GET /storefront/battlepass/progressiontracks -> 200
#7121 GET /storefront/battlepass/progressiontracks -> 200
#7122 GET /storefront/battlepass/progressiontracks -> 200
#7123 GET /storefront/battlepass/progressiontracks -> 200
#7124 GET /storefront/battlepass/progressiontracks -> 200
#7125 GET /storefront/battlepass/progressiontracks -> 200
#7126 GET /storefront/battlepass/progressiontracks -> 200
#7127 GET /storefront/battlepass/progressiontracks -> 200
#7128 GET /storefront/battlepass/progressiontracks -> 200
#7129 GET /storefront/battlepass/progressiontracks -> 200
#7130 GET /storefront/battlepass/progressiontracks -> 200
#7131 GET /storefront/battlepass/progressiontracks -> 200
#7132 GET /storefront/battlepass/progressiontracks -> 200
#7133 GET /storefront/battlepass/progressiontracks -> 200
#7134 GET /storefront/battlepass/progressiontracks -> 200
#7135 GET /storefront/battlepass/progressiontracks -> 200
#7136 GET /storefront/battlepass/progressiontracks -> 200
#7137 GET /storefront/battlepass/progressiontracks -> 200
#7138 GET /storefront/battlepass/progressiontracks -> 200
#7139 GET /storefront/battlepass/progressiontracks -> 200
#7140 GET /storefront/battlepass/progressiontracks -> 200
#7141 GET /storefront/battlepass/progressiontracks -> 200
#7142 GET /storefront/battlepass/progressiontracks -> 200
#7143 GET /storefront/battlepass/progressiontracks -> 200
#7144 GET /storefront/battlepass/progressiontracks -> 200
#7145 GET /storefront/battlepass/progressiontracks -> 200
#7146 GET /storefront/battlepass/progressiontracks -> 200
#7147 GET /storefront/battlepass/progressiontracks -> 200
#7148 GET /storefront/battlepass/progressiontracks -> 200
#7149 GET /storefront/battlepass/progressiontracks -> 200
#7150 GET /storefront/battlepass/progressiontracks -> 200
#7151 GET /storefront/battlepass/progressiontracks -> 200
#7152 GET /storefront/battlepass/progressiontracks -> 200
#7153 GET /storefront/battlepass/progressiontracks -> 200
#7154 GET /storefront/battlepass/progressiontracks -> 200
#7155 GET /storefront/battlepass/progressiontracks -> 200
#7156 GET /storefront/battlepass/progressiontracks -> 200
#7157 GET /storefront/battlepass/progressiontracks -> 200
#7158 GET /storefront/battlepass/progressiontracks -> 200
#7159 GET /storefront/battlepass/progressiontracks -> 200
#7160 GET /storefront/battlepass/progressiontracks -> 200
#7161 GET /storefront/battlepass/progressiontracks -> 200
#7162 GET /storefront/battlepass/progressiontracks -> 200
#7163 GET /storefront/battlepass/progressiontracks -> 200
#7164 GET /storefront/battlepass/progressiontracks -> 200
#7165 GET /storefront/battlepass/progressiontracks -> 200
#7166 GET /storefront/battlepass/progressiontracks -> 200
#7167 GET /storefront/battlepass/progressiontracks -> 200
#7168 GET /storefront/battlepass/progressiontracks -> 200
#7169 GET /storefront/battlepass/progressiontracks -> 200
#7170 POST /party/parties/party-9b9d2c887e2524f918e383a895f2f1c2/members/9b9d2c887e2524f918e383a895f2f1c2/latencies -> 200
#7171 GET /storefront/battlepass/progressiontracks -> 200
#7172 GET /storefront/battlepass/progressiontracks -> 200
#7173 GET /storefront/battlepass/progressiontracks -> 200
#7174 GET /storefront/battlepass/progressiontracks -> 200
#7175 GET /configuration/client -> 200
#7176 GET /storefront/battlepass/progressiontracks -> 200
#7177 GET /content-service/manifest/release2.4.live-156430-shipping -> 200
#7178 GET /storefront/battlepass/progressiontracks -> 200
#7179 GET /storefront/battlepass/progressiontracks -> 200
#7180 GET /core-game/regions -> 200
#7181 GET /party/matchmaking/info -> 200
#7182 GET /storefront/battlepass/progressiontracks -> 200
#7183 GET /storefront/battlepass/progressiontracks -> 200
#7184 GET /storefront/battlepass/progressiontracks -> 200
#7185 GET /storefront/battlepass/progressiontracks -> 200
#7186 GET /storefront/battlepass/progressiontracks -> 200
#7187 GET /storefront/battlepass/progressiontracks -> 200
#7188 GET /storefront/battlepass/progressiontracks -> 200
#7189 GET /storefront/battlepass/progressiontracks -> 200
#7190 GET /storefront/battlepass/progressiontracks -> 200
#7191 GET /storefront/battlepass/progressiontracks -> 200
#7192 GET /storefront/battlepass/progressiontracks -> 200
#7193 GET /storefront/battlepass/progressiontracks -> 200
#7194 GET /storefront/battlepass/progressiontracks -> 200
#7195 GET /storefront/battlepass/progressiontracks -> 200
#7196 GET /storefront/battlepass/progressiontracks -> 200
#7197 GET /storefront/battlepass/progressiontracks -> 200
#7198 GET /storefront/battlepass/progressiontracks -> 200
#7199 GET /storefront/battlepass/progressiontracks -> 200
#7200 GET /storefront/battlepass/progressiontracks -> 200
#7201 GET /storefront/battlepass/progressiontracks -> 200
#7202 GET /storefront/battlepass/progressiontracks -> 200
#7203 GET /storefront/battlepass/progressiontracks -> 200
#7204 GET /storefront/battlepass/progressiontracks -> 200
#7205 GET /storefront/battlepass/progressiontracks -> 200
#7206 GET /storefront/battlepass/progressiontracks -> 200
#7207 GET /storefront/battlepass/progressiontracks -> 200
#7208 GET /storefront/battlepass/progressiontracks -> 200
#7209 GET /storefront/battlepass/progressiontracks -> 200
#7210 GET /storefront/battlepass/progressiontracks -> 200
#7211 GET /storefront/battlepass/progressiontracks -> 200
#7212 GET /storefront/battlepass/progressiontracks -> 200
#7213 GET /storefront/battlepass/progressiontracks -> 200
#7214 GET /storefront/battlepass/progressiontracks -> 200
#7215 GET /storefront/battlepass/progressiontracks -> 200
#7216 GET /storefront/battlepass/progressiontracks -> 200
#7217 GET /storefront/battlepass/progressiontracks -> 200
#7218 GET /storefront/battlepass/progressiontracks -> 200
#7219 GET /storefront/battlepass/progressiontracks -> 200
#7220 GET /storefront/battlepass/progressiontracks -> 200
#7221 GET /storefront/battlepass/progressiontracks -> 200
#7222 GET /storefront/battlepass/progressiontracks -> 200
#7223 GET /storefront/battlepass/progressiontracks -> 200
#7224 GET /storefront/battlepass/progressiontracks -> 200
#7225 GET /storefront/battlepass/progressiontracks -> 200
#7226 GET /storefront/battlepass/progressiontracks -> 200
#7227 GET /storefront/battlepass/progressiontracks -> 200
#7228 GET /storefront/battlepass/progressiontracks -> 200
#7229 GET /storefront/battlepass/progressiontracks -> 200
#7230 GET /storefront/battlepass/progressiontracks -> 200
#7231 GET /storefront/battlepass/progressiontracks -> 200
#7232 GET /storefront/battlepass/progressiontracks -> 200
#7233 GET /storefront/battlepass/progressiontracks -> 200
#7234 GET /storefront/battlepass/progressiontracks -> 200
#7235 GET /storefront/battlepass/progressiontracks -> 200
#7236 GET /storefront/battlepass/progressiontracks -> 200
#7237 GET /storefront/battlepass/progressiontracks -> 200
#7238 GET /storefront/battlepass/progressiontracks -> 200
#7239 GET /storefront/battlepass/progressiontracks -> 200
#7240 GET /storefront/battlepass/progressiontracks -> 200
#7241 GET /storefront/battlepass/progressiontracks -> 200
#7242 GET /storefront/battlepass/progressiontracks -> 200
#7243 GET /storefront/battlepass/progressiontracks -> 200
#7244 GET /storefront/battlepass/progressiontracks -> 200
#7245 GET /storefront/battlepass/progressiontracks -> 200
#7246 GET /storefront/battlepass/progressiontracks -> 200
#7247 GET /storefront/battlepass/progressiontracks -> 200
#7248 GET /storefront/battlepass/progressiontracks -> 200
#7249 GET /storefront/battlepass/progressiontracks -> 200
#7250 GET /storefront/battlepass/progressiontracks -> 200
#7251 GET /storefront/battlepass/progressiontracks -> 200
#7252 GET /storefront/battlepass/progressiontracks -> 200
#7253 GET /storefront/battlepass/progressiontracks -> 200
#7254 GET /storefront/battlepass/progressiontracks -> 200
#7255 GET /storefront/battlepass/progressiontracks -> 200
#7256 GET /storefront/battlepass/progressiontracks -> 200
#7257 GET /storefront/battlepass/progressiontracks -> 200
#7258 GET /storefront/battlepass/progressiontracks -> 200
#7259 GET /storefront/battlepass/progressiontracks -> 200
#7260 GET /storefront/battlepass/progressiontracks -> 200
#7261 GET /storefront/battlepass/progressiontracks -> 200
#7262 GET /storefront/battlepass/progressiontracks -> 200
#7263 GET /storefront/battlepass/progressiontracks -> 200
#7264 GET /storefront/battlepass/progressiontracks -> 200
#7265 GET /storefront/battlepass/progressiontracks -> 200
#7266 GET /storefront/battlepass/progressiontracks -> 200
#7267 GET /storefront/battlepass/progressiontracks -> 200
#7268 GET /storefront/battlepass/progressiontracks -> 200
#7269 GET /storefront/battlepass/progressiontracks -> 200
#7270 GET /storefront/battlepass/progressiontracks -> 200
#7271 GET /storefront/battlepass/progressiontracks -> 200
#7272 GET /storefront/battlepass/progressiontracks -> 200
#7273 GET /storefront/battlepass/progressiontracks -> 200
#7274 GET /storefront/battlepass/progressiontracks -> 200
#7275 GET /storefront/battlepass/progressiontracks -> 200
#7276 GET /storefront/battlepass/progressiontracks -> 200
#7277 GET /storefront/battlepass/progressiontracks -> 200
#7278 GET /storefront/battlepass/progressiontracks -> 200
#7279 GET /storefront/battlepass/progressiontracks -> 200
#7280 GET /storefront/battlepass/progressiontracks -> 200
#7281 GET /storefront/battlepass/progressiontracks -> 200
#7282 GET /storefront/battlepass/progressiontracks -> 200
#7283 GET /storefront/battlepass/progressiontracks -> 200
#7284 GET /storefront/battlepass/progressiontracks -> 200
#7285 GET /storefront/battlepass/progressiontracks -> 200
#7286 GET /storefront/battlepass/progressiontracks -> 200
#7287 GET /storefront/battlepass/progressiontracks -> 200
#7288 GET /storefront/battlepass/progressiontracks -> 200
#7289 GET /storefront/battlepass/progressiontracks -> 200
#7290 GET /storefront/battlepass/progressiontracks -> 200
#7291 GET /storefront/battlepass/progressiontracks -> 200
#7292 GET /storefront/battlepass/progressiontracks -> 200
#7293 GET /storefront/battlepass/progressiontracks -> 200
#7294 GET /storefront/battlepass/progressiontracks -> 200
#7295 GET /storefront/battlepass/progressiontracks -> 200
#7296 GET /storefront/battlepass/progressiontracks -> 200
#7297 GET /storefront/battlepass/progressiontracks -> 200
#7298 GET /storefront/battlepass/progressiontracks -> 200
#7299 GET /storefront/battlepass/progressiontracks -> 200
#7300 GET /storefront/battlepass/progressiontracks -> 200
#7301 GET /storefront/battlepass/progressiontracks -> 200
#7302 GET /storefront/battlepass/progressiontracks -> 200
#7303 GET /storefront/battlepass/progressiontracks -> 200
#7304 GET /storefront/battlepass/progressiontracks -> 200
#7305 GET /storefront/battlepass/progressiontracks -> 200
#7306 GET /storefront/battlepass/progressiontracks -> 200
#7307 GET /storefront/battlepass/progressiontracks -> 200
#7308 GET /storefront/battlepass/progressiontracks -> 200
#7309 GET /storefront/battlepass/progressiontracks -> 200
#7310 GET /storefront/battlepass/progressiontracks -> 200
#7311 GET /storefront/battlepass/progressiontracks -> 200
#7312 GET /storefront/battlepass/progressiontracks -> 200
#7313 GET /storefront/battlepass/progressiontracks -> 200
#7314 GET /storefront/battlepass/progressiontracks -> 200
#7315 GET /storefront/battlepass/progressiontracks -> 200
#7316 GET /storefront/battlepass/progressiontracks -> 200
#7317 GET /storefront/battlepass/progressiontracks -> 200
#7318 GET /storefront/battlepass/progressiontracks -> 200
#7319 GET /storefront/battlepass/progressiontracks -> 200
#7320 GET /storefront/battlepass/progressiontracks -> 200
#7321 GET /storefront/battlepass/progressiontracks -> 200
#7322 GET /storefront/battlepass/progressiontracks -> 200
#7323 GET /storefront/battlepass/progressiontracks -> 200
#7324 GET /storefront/battlepass/progressiontracks -> 200
#7325 GET /storefront/battlepass/progressiontracks -> 200
#7326 GET /storefront/battlepass/progressiontracks -> 200
#7327 GET /storefront/battlepass/progressiontracks -> 200
#7328 GET /storefront/battlepass/progressiontracks -> 200
#7329 GET /storefront/battlepass/progressiontracks -> 200
#7330 GET /storefront/battlepass/progressiontracks -> 200
#7331 GET /storefront/battlepass/progressiontracks -> 200
#7332 GET /storefront/battlepass/progressiontracks -> 200
#7333 GET /storefront/battlepass/progressiontracks -> 200
#7334 GET /storefront/battlepass/progressiontracks -> 200
#7335 GET /storefront/battlepass/progressiontracks -> 200
#7336 GET /storefront/battlepass/progressiontracks -> 200
#7337 GET /storefront/battlepass/progressiontracks -> 200
#7338 GET /storefront/battlepass/progressiontracks -> 200
#7339 GET /storefront/battlepass/progressiontracks -> 200
#7340 GET /storefront/battlepass/progressiontracks -> 200
#7341 GET /storefront/battlepass/progressiontracks -> 200
#7342 GET /storefront/battlepass/progressiontracks -> 200
#7343 GET /storefront/battlepass/progressiontracks -> 200
#7344 GET /storefront/battlepass/progressiontracks -> 200
#7345 GET /storefront/battlepass/progressiontracks -> 200
#7346 GET /storefront/battlepass/progressiontracks -> 200
#7347 GET /storefront/battlepass/progressiontracks -> 200
#7348 GET /storefront/battlepass/progressiontracks -> 200
#7349 GET /storefront/battlepass/progressiontracks -> 200
#7350 GET /storefront/battlepass/progressiontracks -> 200
#7351 GET /storefront/battlepass/progressiontracks -> 200
#7352 GET /storefront/battlepass/progressiontracks -> 200
#7353 GET /storefront/battlepass/progressiontracks -> 200
#7354 GET /storefront/battlepass/progressiontracks -> 200
#7355 GET /storefront/battlepass/progressiontracks -> 200
#7356 GET /storefront/battlepass/progressiontracks -> 200
#7357 GET /storefront/battlepass/progressiontracks -> 200
#7358 GET /storefront/battlepass/progressiontracks -> 200
#7359 GET /storefront/battlepass/progressiontracks -> 200
#7360 GET /storefront/battlepass/progressiontracks -> 200
#7361 GET /storefront/battlepass/progressiontracks -> 200
#7362 GET /storefront/battlepass/progressiontracks -> 200
#7363 GET /storefront/battlepass/progressiontracks -> 200
#7364 GET /storefront/battlepass/progressiontracks -> 200
#7365 GET /storefront/battlepass/progressiontracks -> 200
#7366 GET /storefront/battlepass/progressiontracks -> 200
#7367 GET /storefront/battlepass/progressiontracks -> 200
#7368 GET /storefront/battlepass/progressiontracks -> 200
#7369 GET /storefront/battlepass/progressiontracks -> 200
#7370 GET /storefront/battlepass/progressiontracks -> 200
#7371 GET /storefront/battlepass/progressiontracks -> 200
#7372 GET /storefront/battlepass/progressiontracks -> 200
#7373 GET /storefront/battlepass/progressiontracks -> 200
#7374 GET /storefront/battlepass/progressiontracks -> 200
#7375 GET /storefront/battlepass/progressiontracks -> 200
#7376 GET /storefront/battlepass/progressiontracks -> 200
#7377 GET /storefront/battlepass/progressiontracks -> 200
#7378 GET /storefront/battlepass/progressiontracks -> 200
#7379 GET /storefront/battlepass/progressiontracks -> 200
#7380 GET /storefront/battlepass/progressiontracks -> 200
#7381 GET /storefront/battlepass/progressiontracks -> 200
#7382 GET /storefront/battlepass/progressiontracks -> 200
#7383 GET /storefront/battlepass/progressiontracks -> 200
#7384 GET /storefront/battlepass/progressiontracks -> 200
#7385 GET /storefront/battlepass/progressiontracks -> 200
#7386 GET /storefront/battlepass/progressiontracks -> 200
#7387 GET /storefront/battlepass/progressiontracks -> 200
#7388 GET /storefront/battlepass/progressiontracks -> 200
#7389 GET /storefront/battlepass/progressiontracks -> 200
#7390 GET /storefront/battlepass/progressiontracks -> 200
#7391 GET /storefront/battlepass/progressiontracks -> 200
#7392 GET /storefront/battlepass/progressiontracks -> 200
#7393 GET /storefront/battlepass/progressiontracks -> 200
#7394 GET /storefront/battlepass/progressiontracks -> 200
#7395 GET /storefront/battlepass/progressiontracks -> 200
#7396 GET /storefront/battlepass/progressiontracks -> 200
#7397 GET /storefront/battlepass/progressiontracks -> 200
#7398 GET /storefront/battlepass/progressiontracks -> 200
#7399 GET /storefront/battlepass/progressiontracks -> 200
#7400 GET /storefront/battlepass/progressiontracks -> 200
#7401 GET /storefront/battlepass/progressiontracks -> 200
#7402 GET /storefront/battlepass/progressiontracks -> 200
#7403 GET /storefront/battlepass/progressiontracks -> 200
#7404 GET /storefront/battlepass/progressiontracks -> 200
#7405 GET /storefront/battlepass/progressiontracks -> 200
#7406 GET /storefront/battlepass/progressiontracks -> 200
#7407 GET /storefront/battlepass/progressiontracks -> 200
#7408 GET /storefront/battlepass/progressiontracks -> 200
#7409 GET /storefront/battlepass/progressiontracks -> 200
#7410 GET /storefront/battlepass/progressiontracks -> 200
#7411 GET /storefront/battlepass/progressiontracks -> 200
#7412 GET /storefront/battlepass/progressiontracks -> 200
#7413 GET /storefront/battlepass/progressiontracks -> 200
#7414 GET /storefront/battlepass/progressiontracks -> 200
#7415 GET /storefront/battlepass/progressiontracks -> 200

* 17:18:39.042  WS <- /notifications/players/9b9d2c887e2524f918e383a895f2f1c2 BINARY (2 bytes) 6862

* 17:18:39.071  WS -> /notifications/players/9b9d2c887e2524f918e383a895f2f1c2 TEXT hb reply {"Resource":"hb","Version":0,"Payload":""}
#7416 GET /storefront/battlepass/progressiontracks -> 200
#7417 GET /storefront/battlepass/progressiontracks -> 200
#7418 GET /storefront/battlepass/progressiontracks -> 200
#7419 GET /storefront/battlepass/progressiontracks -> 200
#7420 GET /storefront/battlepass/progressiontracks -> 200
#7421 GET /storefront/battlepass/progressiontracks -> 200
#7422 GET /storefront/battlepass/progressiontracks -> 200
#7423 GET /storefront/battlepass/progressiontracks -> 200
#7424 GET /storefront/battlepass/progressiontracks -> 200
#7425 GET /storefront/battlepass/progressiontracks -> 200
#7426 GET /storefront/battlepass/progressiontracks -> 200
#7427 GET /storefront/battlepass/progressiontracks -> 200
#7428 GET /storefront/battlepass/progressiontracks -> 200
#7429 GET /storefront/battlepass/progressiontracks -> 200
#7430 GET /storefront/battlepass/progressiontracks -> 200
#7431 GET /storefront/battlepass/progressiontracks -> 200
#7432 GET /storefront/battlepass/progressiontracks -> 200
#7433 GET /storefront/battlepass/progressiontracks -> 200
#7434 GET /storefront/battlepass/progressiontracks -> 200
#7435 GET /storefront/battlepass/progressiontracks -> 200
#7436 GET /storefront/battlepass/progressiontracks -> 200
#7437 GET /storefront/battlepass/progressiontracks -> 200
#7438 GET /storefront/battlepass/progressiontracks -> 200
#7439 GET /storefront/battlepass/progressiontracks -> 200
#7440 GET /storefront/battlepass/progressiontracks -> 200
#7441 GET /storefront/battlepass/progressiontracks -> 200
#7442 GET /storefront/battlepass/progressiontracks -> 200
#7443 GET /storefront/battlepass/progressiontracks -> 200
#7444 GET /storefront/battlepass/progressiontracks -> 200
#7445 GET /storefront/battlepass/progressiontracks -> 200
#7446 GET /storefront/battlepass/progressiontracks -> 200
#7447 GET /storefront/battlepass/progressiontracks -> 200
#7448 GET /storefront/battlepass/progressiontracks -> 200
#7449 GET /storefront/battlepass/progressiontracks -> 200
#7450 GET /storefront/battlepass/progressiontracks -> 200
#7451 GET /storefront/battlepass/progressiontracks -> 200
#7452 GET /storefront/battlepass/progressiontracks -> 200
#7453 GET /storefront/battlepass/progressiontracks -> 200
#7454 GET /storefront/battlepass/progressiontracks -> 200
#7455 GET /storefront/battlepass/progressiontracks -> 200
#7456 GET /storefront/battlepass/progressiontracks -> 200
#7457 GET /party/players/9b9d2c887e2524f918e383a895f2f1c2/voice -> 200
#7458 GET /storefront/battlepass/progressiontracks -> 200
#7459 GET /storefront/battlepass/progressiontracks -> 200
#7460 GET /storefront/battlepass/progressiontracks -> 200
#7461 GET /storefront/battlepass/progressiontracks -> 200
#7462 GET /storefront/battlepass/progressiontracks -> 200
#7463 GET /storefront/battlepass/progressiontracks -> 200
#7464 GET /storefront/battlepass/progressiontracks -> 200

* 17:19:01.234  WS <- /lobby TEXT ""
#7465 GET /storefront/battlepass/progressiontracks -> 200
#7466 GET /storefront/battlepass/progressiontracks -> 200
#7467 GET /storefront/battlepass/progressiontracks -> 200
#7468 GET /storefront/battlepass/progressiontracks -> 200
#7469 GET /storefront/battlepass/progressiontracks -> 200
#7470 GET /storefront/battlepass/progressiontracks -> 200
#7471 GET /storefront/battlepass/progressiontracks -> 200
#7472 GET /storefront/battlepass/progressiontracks -> 200
#7473 GET /storefront/battlepass/progressiontracks -> 200
#7474 GET /storefront/battlepass/progressiontracks -> 200
#7475 GET /storefront/battlepass/progressiontracks -> 200
#7476 GET /storefront/battlepass/progressiontracks -> 200
#7477 GET /storefront/battlepass/progressiontracks -> 200
#7478 GET /storefront/battlepass/progressiontracks -> 200
#7479 GET /storefront/battlepass/progressiontracks -> 200
#7480 GET /storefront/battlepass/progressiontracks -> 200
#7481 GET /storefront/battlepass/progressiontracks -> 200
#7482 GET /storefront/battlepass/progressiontracks -> 200
#7483 GET /storefront/battlepass/progressiontracks -> 200
#7484 GET /storefront/battlepass/progressiontracks -> 200
#7485 GET /storefront/battlepass/progressiontracks -> 200
#7486 GET /storefront/battlepass/progressiontracks -> 200
#7487 GET /storefront/battlepass/progressiontracks -> 200
#7488 GET /storefront/battlepass/progressiontracks -> 200
#7489 GET /storefront/battlepass/progressiontracks -> 200
#7490 GET /storefront/battlepass/progressiontracks -> 200
#7491 GET /storefront/battlepass/progressiontracks -> 200
#7492 GET /storefront/battlepass/progressiontracks -> 200
#7493 GET /storefront/battlepass/progressiontracks -> 200
#7494 GET /storefront/battlepass/progressiontracks -> 200
#7495 GET /storefront/battlepass/progressiontracks -> 200
#7496 GET /storefront/battlepass/progressiontracks -> 200
#7497 GET /storefront/battlepass/progressiontracks -> 200
#7498 GET /storefront/battlepass/progressiontracks -> 200
#7499 GET /storefront/battlepass/progressiontracks -> 200
#7500 GET /storefront/battlepass/progressiontracks -> 200
#7501 GET /storefront/battlepass/progressiontracks -> 200
#7502 GET /storefront/battlepass/progressiontracks -> 200
#7503 GET /storefront/battlepass/progressiontracks -> 200
#7504 GET /storefront/battlepass/progressiontracks -> 200
#7505 GET /storefront/battlepass/progressiontracks -> 200
#7506 GET /storefront/battlepass/progressiontracks -> 200
#7507 GET /storefront/battlepass/progressiontracks -> 200
#7508 GET /storefront/battlepass/progressiontracks -> 200
#7509 GET /storefront/battlepass/progressiontracks -> 200
#7510 GET /storefront/battlepass/progressiontracks -> 200
#7511 GET /storefront/battlepass/progressiontracks -> 200
#7512 GET /storefront/battlepass/progressiontracks -> 200
#7513 GET /storefront/battlepass/progressiontracks -> 200
#7514 GET /storefront/battlepass/progressiontracks -> 200
#7515 GET /storefront/battlepass/progressiontracks -> 200
#7516 GET /storefront/battlepass/progressiontracks -> 200
#7517 GET /storefront/battlepass/progressiontracks -> 200
#7518 GET /storefront/battlepass/progressiontracks -> 200
#7519 GET /storefront/battlepass/progressiontracks -> 200
#7520 GET /storefront/battlepass/progressiontracks -> 200
#7521 GET /storefront/battlepass/progressiontracks -> 200
#7522 GET /storefront/battlepass/progressiontracks -> 200
#7523 GET /storefront/battlepass/progressiontracks -> 200
#7524 GET /storefront/battlepass/progressiontracks -> 200
#7525 GET /storefront/battlepass/progressiontracks -> 200
#7526 GET /storefront/battlepass/progressiontracks -> 200
#7527 GET /storefront/battlepass/progressiontracks -> 200
#7528 GET /storefront/battlepass/progressiontracks -> 200
#7529 GET /storefront/battlepass/progressiontracks -> 200
#7530 GET /storefront/battlepass/progressiontracks -> 200
#7531 GET /storefront/battlepass/progressiontracks -> 200
#7532 GET /storefront/battlepass/progressiontracks -> 200
#7533 GET /storefront/battlepass/progressiontracks -> 200
#7534 GET /storefront/battlepass/progressiontracks -> 200
#7535 GET /storefront/battlepass/progressiontracks -> 200
#7536 GET /storefront/battlepass/progressiontracks -> 200
#7537 GET /storefront/battlepass/progressiontracks -> 200
#7538 GET /storefront/battlepass/progressiontracks -> 200
#7539 GET /storefront/battlepass/progressiontracks -> 200
#7540 GET /storefront/battlepass/progressiontracks -> 200
#7541 GET /storefront/battlepass/progressiontracks -> 200
#7542 GET /storefront/battlepass/progressiontracks -> 200
#7543 GET /storefront/battlepass/progressiontracks -> 200
#7544 GET /storefront/battlepass/progressiontracks -> 200
#7545 GET /storefront/battlepass/progressiontracks -> 200
#7546 GET /storefront/battlepass/progressiontracks -> 200
#7547 GET /storefront/battlepass/progressiontracks -> 200
#7548 GET /storefront/battlepass/progressiontracks -> 200
#7549 GET /storefront/battlepass/progressiontracks -> 200
#7550 GET /storefront/battlepass/progressiontracks -> 200
#7551 GET /storefront/battlepass/progressiontracks -> 200
#7552 GET /storefront/battlepass/progressiontracks -> 200
#7553 GET /storefront/battlepass/progressiontracks -> 200
#7554 GET /storefront/battlepass/progressiontracks -> 200
#7555 GET /storefront/battlepass/progressiontracks -> 200
#7556 GET /storefront/battlepass/progressiontracks -> 200
#7557 GET /storefront/battlepass/progressiontracks -> 200
#7558 GET /storefront/battlepass/progressiontracks -> 200
#7559 GET /storefront/battlepass/progressiontracks -> 200
#7560 GET /storefront/battlepass/progressiontracks -> 200
#7561 GET /storefront/battlepass/progressiontracks -> 200
#7562 GET /storefront/battlepass/progressiontracks -> 200
#7563 GET /storefront/battlepass/progressiontracks -> 200
#7564 GET /storefront/battlepass/progressiontracks -> 200
#7565 GET /storefront/battlepass/progressiontracks -> 200
#7566 GET /storefront/battlepass/progressiontracks -> 200
#7567 GET /storefront/battlepass/progressiontracks -> 200
#7568 GET /storefront/battlepass/progressiontracks -> 200
#7569 GET /storefront/battlepass/progressiontracks -> 200
#7570 GET /storefront/battlepass/progressiontracks -> 200
#7571 GET /storefront/battlepass/progressiontracks -> 200
#7572 GET /storefront/battlepass/progressiontracks -> 200
#7573 GET /storefront/battlepass/progressiontracks -> 200
#7574 GET /storefront/battlepass/progressiontracks -> 200
#7575 GET /storefront/battlepass/progressiontracks -> 200
#7576 GET /storefront/battlepass/progressiontracks -> 200
#7577 GET /storefront/battlepass/progressiontracks -> 200
#7578 GET /storefront/battlepass/progressiontracks -> 200
#7579 GET /storefront/battlepass/progressiontracks -> 200
#7580 GET /storefront/battlepass/progressiontracks -> 200
#7581 GET /storefront/battlepass/progressiontracks -> 200

* 17:19:09.097  WS -> /notifications/players/9b9d2c887e2524f918e383a895f2f1c2 BINARY hb (proactive 30s keepalive)
#7582 GET /storefront/battlepass/progressiontracks -> 200
#7583 GET /storefront/battlepass/progressiontracks -> 200
#7584 GET /storefront/battlepass/progressiontracks -> 200
#7585 GET /storefront/battlepass/progressiontracks -> 200
#7586 GET /storefront/battlepass/progressiontracks -> 200
#7587 GET /storefront/battlepass/progressiontracks -> 200
#7588 GET /storefront/battlepass/progressiontracks -> 200
#7589 GET /storefront/battlepass/progressiontracks -> 200
#7590 GET /storefront/battlepass/progressiontracks -> 200
#7591 GET /storefront/battlepass/progressiontracks -> 200
#7592 GET /storefront/battlepass/progressiontracks -> 200
#7593 GET /storefront/battlepass/progressiontracks -> 200
#7594 GET /storefront/battlepass/progressiontracks -> 200
#7595 GET /storefront/battlepass/progressiontracks -> 200
#7596 GET /storefront/battlepass/progressiontracks -> 200
#7597 GET /storefront/battlepass/progressiontracks -> 200
#7598 GET /storefront/battlepass/progressiontracks -> 200
#7599 GET /storefront/battlepass/progressiontracks -> 200
#7600 GET /storefront/battlepass/progressiontracks -> 200
#7601 GET /storefront/battlepass/progressiontracks -> 200
#7602 GET /storefront/battlepass/progressiontracks -> 200
#7603 GET /storefront/battlepass/progressiontracks -> 200
#7604 GET /storefront/battlepass/progressiontracks -> 200
#7605 GET /storefront/battlepass/progressiontracks -> 200
#7606 GET /storefront/battlepass/progressiontracks -> 200
#7607 GET /storefront/battlepass/progressiontracks -> 200
#7608 GET /storefront/battlepass/progressiontracks -> 200
#7609 GET /storefront/battlepass/progressiontracks -> 200
#7610 GET /storefront/battlepass/progressiontracks -> 200
#7611 GET /storefront/battlepass/progressiontracks -> 200
#7612 GET /storefront/battlepass/progressiontracks -> 200
#7613 GET /storefront/battlepass/progressiontracks -> 200
#7614 GET /storefront/battlepass/progressiontracks -> 200
#7615 GET /storefront/battlepass/progressiontracks -> 200
#7616 POST /game-telemetry/v1/protected/events -> 200
#7617 GET /storefront/battlepass/progressiontracks -> 200
#7618 GET /storefront/battlepass/progressiontracks -> 200
#7619 GET /storefront/battlepass/progressiontracks -> 200
#7620 GET /storefront/battlepass/progressiontracks -> 200
#7621 GET /storefront/battlepass/progressiontracks -> 200
#7622 GET /storefront/battlepass/progressiontracks -> 200
#7623 GET /storefront/battlepass/progressiontracks -> 200
#7624 GET /storefront/battlepass/progressiontracks -> 200
#7625 GET /storefront/battlepass/progressiontracks -> 200
#7626 POST /party/parties/party-9b9d2c887e2524f918e383a895f2f1c2/members/9b9d2c887e2524f918e383a895f2f1c2/latencies -> 200
#7627 GET /storefront/battlepass/progressiontracks -> 200
#7628 GET /storefront/battlepass/progressiontracks -> 200
#7629 GET /storefront/battlepass/progressiontracks -> 200
#7630 GET /storefront/battlepass/progressiontracks -> 200
#7631 GET /storefront/battlepass/progressiontracks -> 200
#7632 GET /configuration/client -> 200
#7633 GET /storefront/battlepass/progressiontracks -> 200
#7634 GET /content-service/manifest/release2.4.live-156430-shipping -> 200
#7635 GET /storefront/battlepass/progressiontracks -> 200
#7636 GET /party/matchmaking/info -> 200
#7637 GET /storefront/battlepass/progressiontracks -> 200
#7638 GET /storefront/battlepass/progressiontracks -> 200
#7639 GET /storefront/battlepass/progressiontracks -> 200
#7640 GET /storefront/battlepass/progressiontracks -> 200
#7641 GET /storefront/battlepass/progressiontracks -> 200
#7642 GET /storefront/battlepass/progressiontracks -> 200
#7643 GET /storefront/battlepass/progressiontracks -> 200
#7644 GET /storefront/battlepass/progressiontracks -> 200
#7645 GET /storefront/battlepass/progressiontracks -> 200
#7646 GET /storefront/battlepass/progressiontracks -> 200
#7647 GET /storefront/battlepass/progressiontracks -> 200
#7648 GET /storefront/battlepass/progressiontracks -> 200
#7649 GET /storefront/battlepass/progressiontracks -> 200
#7650 GET /storefront/battlepass/progressiontracks -> 200
#7651 GET /storefront/battlepass/progressiontracks -> 200
#7652 GET /storefront/battlepass/progressiontracks -> 200
#7653 GET /storefront/battlepass/progressiontracks -> 200
#7654 GET /storefront/battlepass/progressiontracks -> 200
#7655 GET /storefront/battlepass/progressiontracks -> 200
#7656 GET /storefront/battlepass/progressiontracks -> 200
#7657 GET /storefront/battlepass/progressiontracks -> 200
#7658 GET /storefront/battlepass/progressiontracks -> 200
#7659 GET /storefront/battlepass/progressiontracks -> 200
#7660 GET /storefront/battlepass/progressiontracks -> 200
#7661 GET /storefront/battlepass/progressiontracks -> 200
#7662 GET /storefront/battlepass/progressiontracks -> 200
#7663 GET /storefront/battlepass/progressiontracks -> 200
#7664 GET /storefront/battlepass/progressiontracks -> 200
#7665 GET /storefront/battlepass/progressiontracks -> 200
#7666 GET /storefront/battlepass/progressiontracks -> 200
#7667 GET /storefront/battlepass/progressiontracks -> 200
#7668 GET /storefront/battlepass/progressiontracks -> 200
#7669 GET /storefront/battlepass/progressiontracks -> 200
#7670 GET /storefront/battlepass/progressiontracks -> 200
#7671 GET /storefront/battlepass/progressiontracks -> 200
#7672 GET /storefront/battlepass/progressiontracks -> 200
#7673 GET /storefront/battlepass/progressiontracks -> 200
#7674 GET /storefront/battlepass/progressiontracks -> 200
#7675 GET /storefront/battlepass/progressiontracks -> 200
#7676 GET /storefront/battlepass/progressiontracks -> 200
#7677 GET /storefront/battlepass/progressiontracks -> 200
#7678 GET /storefront/battlepass/progressiontracks -> 200
#7679 GET /storefront/battlepass/progressiontracks -> 200
#7680 GET /storefront/battlepass/progressiontracks -> 200
#7681 GET /storefront/battlepass/progressiontracks -> 200
#7682 GET /storefront/battlepass/progressiontracks -> 200
#7683 GET /storefront/battlepass/progressiontracks -> 200
#7684 GET /storefront/battlepass/progressiontracks -> 200
#7685 GET /storefront/battlepass/progressiontracks -> 200
#7686 GET /storefront/battlepass/progressiontracks -> 200
#7687 GET /storefront/battlepass/progressiontracks -> 200
#7688 GET /storefront/battlepass/progressiontracks -> 200
#7689 GET /storefront/battlepass/progressiontracks -> 200
#7690 GET /storefront/battlepass/progressiontracks -> 200
#7691 GET /storefront/battlepass/progressiontracks -> 200
#7692 GET /storefront/battlepass/progressiontracks -> 200
#7693 GET /storefront/battlepass/progressiontracks -> 200
#7694 GET /storefront/battlepass/progressiontracks -> 200
#7695 GET /storefront/battlepass/progressiontracks -> 200
#7696 GET /storefront/battlepass/progressiontracks -> 200
#7697 GET /storefront/battlepass/progressiontracks -> 200
#7698 GET /storefront/battlepass/progressiontracks -> 200
#7699 GET /storefront/battlepass/progressiontracks -> 200
#7700 GET /storefront/battlepass/progressiontracks -> 200
#7701 GET /storefront/battlepass/progressiontracks -> 200
#7702 GET /storefront/battlepass/progressiontracks -> 200
#7703 GET /storefront/battlepass/progressiontracks -> 200
#7704 GET /storefront/battlepass/progressiontracks -> 200
#7705 GET /storefront/battlepass/progressiontracks -> 200
#7706 GET /storefront/battlepass/progressiontracks -> 200
#7707 GET /storefront/battlepass/progressiontracks -> 200
#7708 GET /storefront/battlepass/progressiontracks -> 200
#7709 GET /storefront/battlepass/progressiontracks -> 200
#7710 GET /storefront/battlepass/progressiontracks -> 200
#7711 GET /storefront/battlepass/progressiontracks -> 200
#7712 GET /storefront/battlepass/progressiontracks -> 200
#7713 GET /storefront/battlepass/progressiontracks -> 200
#7714 GET /storefront/battlepass/progressiontracks -> 200
#7715 GET /storefront/battlepass/progressiontracks -> 200
#7716 GET /storefront/battlepass/progressiontracks -> 200
#7717 GET /storefront/battlepass/progressiontracks -> 200
#7718 GET /storefront/battlepass/progressiontracks -> 200
#7719 GET /storefront/battlepass/progressiontracks -> 200
#7720 GET /storefront/battlepass/progressiontracks -> 200
#7721 GET /storefront/battlepass/progressiontracks -> 200
#7722 GET /storefront/battlepass/progressiontracks -> 200
#7723 GET /storefront/battlepass/progressiontracks -> 200
#7724 GET /storefront/battlepass/progressiontracks -> 200
#7725 GET /storefront/battlepass/progressiontracks -> 200
#7726 GET /storefront/battlepass/progressiontracks -> 200
#7727 GET /storefront/battlepass/progressiontracks -> 200
#7728 GET /storefront/battlepass/progressiontracks -> 200
#7729 GET /storefront/battlepass/progressiontracks -> 200
#7730 GET /storefront/battlepass/progressiontracks -> 200
#7731 GET /storefront/battlepass/progressiontracks -> 200
#7732 GET /storefront/battlepass/progressiontracks -> 200
#7733 GET /storefront/battlepass/progressiontracks -> 200
#7734 GET /storefront/battlepass/progressiontracks -> 200
#7735 GET /storefront/battlepass/progressiontracks -> 200
#7736 GET /storefront/battlepass/progressiontracks -> 200
#7737 GET /storefront/battlepass/progressiontracks -> 200
#7738 GET /storefront/battlepass/progressiontracks -> 200
#7739 GET /storefront/battlepass/progressiontracks -> 200
#7740 GET /storefront/battlepass/progressiontracks -> 200
#7741 GET /storefront/battlepass/progressiontracks -> 200
#7742 GET /storefront/battlepass/progressiontracks -> 200
#7743 GET /storefront/battlepass/progressiontracks -> 200
#7744 GET /storefront/battlepass/progressiontracks -> 200
#7745 GET /storefront/battlepass/progressiontracks -> 200
#7746 GET /storefront/battlepass/progressiontracks -> 200
#7747 GET /storefront/battlepass/progressiontracks -> 200
#7748 GET /storefront/battlepass/progressiontracks -> 200
#7749 GET /storefront/battlepass/progressiontracks -> 200
#7750 GET /storefront/battlepass/progressiontracks -> 200
#7751 GET /storefront/battlepass/progressiontracks -> 200
#7752 GET /storefront/battlepass/progressiontracks -> 200
#7753 GET /storefront/battlepass/progressiontracks -> 200
#7754 GET /storefront/battlepass/progressiontracks -> 200
#7755 GET /storefront/battlepass/progressiontracks -> 200
#7756 GET /storefront/battlepass/progressiontracks -> 200
#7757 GET /storefront/battlepass/progressiontracks -> 200
#7758 GET /storefront/battlepass/progressiontracks -> 200
#7759 GET /storefront/battlepass/progressiontracks -> 200
#7760 GET /storefront/battlepass/progressiontracks -> 200
#7761 GET /storefront/battlepass/progressiontracks -> 200
#7762 GET /storefront/battlepass/progressiontracks -> 200
#7763 GET /storefront/battlepass/progressiontracks -> 200
#7764 GET /storefront/battlepass/progressiontracks -> 200
#7765 GET /storefront/battlepass/progressiontracks -> 200
#7766 GET /storefront/battlepass/progressiontracks -> 200
#7767 GET /storefront/battlepass/progressiontracks -> 200
#7768 GET /storefront/battlepass/progressiontracks -> 200
#7769 GET /storefront/battlepass/progressiontracks -> 200
#7770 GET /storefront/battlepass/progressiontracks -> 200
#7771 GET /storefront/battlepass/progressiontracks -> 200
#7772 GET /storefront/battlepass/progressiontracks -> 200
#7773 GET /storefront/battlepass/progressiontracks -> 200
#7774 GET /storefront/battlepass/progressiontracks -> 200
#7775 GET /storefront/battlepass/progressiontracks -> 200
#7776 GET /storefront/battlepass/progressiontracks -> 200
#7777 GET /storefront/battlepass/progressiontracks -> 200
#7778 GET /storefront/battlepass/progressiontracks -> 200
#7779 GET /storefront/battlepass/progressiontracks -> 200
#7780 GET /storefront/battlepass/progressiontracks -> 200
#7781 GET /storefront/battlepass/progressiontracks -> 200
#7782 GET /storefront/battlepass/progressiontracks -> 200
#7783 GET /storefront/battlepass/progressiontracks -> 200
#7784 GET /storefront/battlepass/progressiontracks -> 200
#7785 GET /storefront/battlepass/progressiontracks -> 200
#7786 GET /storefront/battlepass/progressiontracks -> 200
#7787 GET /storefront/battlepass/progressiontracks -> 200
#7788 GET /storefront/battlepass/progressiontracks -> 200
#7789 GET /storefront/battlepass/progressiontracks -> 200
#7790 GET /storefront/battlepass/progressiontracks -> 200
#7791 GET /storefront/battlepass/progressiontracks -> 200
#7792 GET /storefront/battlepass/progressiontracks -> 200
#7793 GET /storefront/battlepass/progressiontracks -> 200
#7794 GET /storefront/battlepass/progressiontracks -> 200
#7795 GET /storefront/battlepass/progressiontracks -> 200
#7796 GET /storefront/battlepass/progressiontracks -> 200
#7797 GET /storefront/battlepass/progressiontracks -> 200
#7798 GET /storefront/battlepass/progressiontracks -> 200
#7799 GET /storefront/battlepass/progressiontracks -> 200
#7800 GET /storefront/battlepass/progressiontracks -> 200
#7801 GET /storefront/battlepass/progressiontracks -> 200
#7802 GET /storefront/battlepass/progressiontracks -> 200
#7803 GET /storefront/battlepass/progressiontracks -> 200
#7804 GET /storefront/battlepass/progressiontracks -> 200
#7805 GET /storefront/battlepass/progressiontracks -> 200
#7806 GET /storefront/battlepass/progressiontracks -> 200
#7807 GET /storefront/battlepass/progressiontracks -> 200
#7808 GET /storefront/battlepass/progressiontracks -> 200
#7809 GET /storefront/battlepass/progressiontracks -> 200
#7810 GET /storefront/battlepass/progressiontracks -> 200
#7811 GET /storefront/battlepass/progressiontracks -> 200
#7812 GET /storefront/battlepass/progressiontracks -> 200
#7813 GET /storefront/battlepass/progressiontracks -> 200
#7814 GET /storefront/battlepass/progressiontracks -> 200
#7815 GET /storefront/battlepass/progressiontracks -> 200
#7816 GET /storefront/battlepass/progressiontracks -> 200
#7817 GET /storefront/battlepass/progressiontracks -> 200
#7818 GET /storefront/battlepass/progressiontracks -> 200
#7819 GET /storefront/battlepass/progressiontracks -> 200
#7820 GET /storefront/battlepass/progressiontracks -> 200
#7821 GET /storefront/battlepass/progressiontracks -> 200
#7822 GET /storefront/battlepass/progressiontracks -> 200
#7823 GET /storefront/battlepass/progressiontracks -> 200
#7824 GET /storefront/battlepass/progressiontracks -> 200
#7825 GET /storefront/battlepass/progressiontracks -> 200
#7826 GET /storefront/battlepass/progressiontracks -> 200
#7827 GET /storefront/battlepass/progressiontracks -> 200
#7828 GET /storefront/battlepass/progressiontracks -> 200
#7829 GET /storefront/battlepass/progressiontracks -> 200
#7830 GET /storefront/battlepass/progressiontracks -> 200
#7831 GET /storefront/battlepass/progressiontracks -> 200
#7832 GET /storefront/battlepass/progressiontracks -> 200
#7833 GET /storefront/battlepass/progressiontracks -> 200
#7834 GET /storefront/battlepass/progressiontracks -> 200
#7835 GET /storefront/battlepass/progressiontracks -> 200
#7836 GET /storefront/battlepass/progressiontracks -> 200
#7837 GET /storefront/battlepass/progressiontracks -> 200
#7838 GET /storefront/battlepass/progressiontracks -> 200
#7839 GET /storefront/battlepass/progressiontracks -> 200
#7840 GET /storefront/battlepass/progressiontracks -> 200
#7841 GET /storefront/battlepass/progressiontracks -> 200
#7842 GET /storefront/battlepass/progressiontracks -> 200
#7843 GET /storefront/battlepass/progressiontracks -> 200
#7844 GET /storefront/battlepass/progressiontracks -> 200
#7845 GET /storefront/battlepass/progressiontracks -> 200
#7846 GET /storefront/battlepass/progressiontracks -> 200
#7847 GET /storefront/battlepass/progressiontracks -> 200
#7848 GET /storefront/battlepass/progressiontracks -> 200
#7849 GET /storefront/battlepass/progressiontracks -> 200
#7850 GET /storefront/battlepass/progressiontracks -> 200
#7851 GET /storefront/battlepass/progressiontracks -> 200
#7852 GET /storefront/battlepass/progressiontracks -> 200
#7853 GET /storefront/battlepass/progressiontracks -> 200
#7854 GET /storefront/battlepass/progressiontracks -> 200
#7855 GET /storefront/battlepass/progressiontracks -> 200
#7856 GET /storefront/battlepass/progressiontracks -> 200
#7857 GET /storefront/battlepass/progressiontracks -> 200
#7858 GET /storefront/battlepass/progressiontracks -> 200
#7859 GET /storefront/battlepass/progressiontracks -> 200
#7860 GET /storefront/battlepass/progressiontracks -> 200
#7861 GET /storefront/battlepass/progressiontracks -> 200
#7862 GET /storefront/battlepass/progressiontracks -> 200
#7863 GET /storefront/battlepass/progressiontracks -> 200
#7864 GET /storefront/battlepass/progressiontracks -> 200
#7865 GET /storefront/battlepass/progressiontracks -> 200
#7866 GET /storefront/battlepass/progressiontracks -> 200
#7867 GET /storefront/battlepass/progressiontracks -> 200
#7868 GET /storefront/battlepass/progressiontracks -> 200
#7869 GET /storefront/battlepass/progressiontracks -> 200
#7870 GET /storefront/battlepass/progressiontracks -> 200
#7871 GET /storefront/battlepass/progressiontracks -> 200
#7872 GET /storefront/battlepass/progressiontracks -> 200
#7873 GET /storefront/battlepass/progressiontracks -> 200
#7874 GET /storefront/battlepass/progressiontracks -> 200
#7875 GET /storefront/battlepass/progressiontracks -> 200
#7876 GET /storefront/battlepass/progressiontracks -> 200
#7877 GET /storefront/battlepass/progressiontracks -> 200
#7878 GET /storefront/battlepass/progressiontracks -> 200
#7879 GET /storefront/battlepass/progressiontracks -> 200
#7880 GET /storefront/battlepass/progressiontracks -> 200
#7881 GET /storefront/battlepass/progressiontracks -> 200
#7882 GET /storefront/battlepass/progressiontracks -> 200
#7883 GET /storefront/battlepass/progressiontracks -> 200
#7884 GET /storefront/battlepass/progressiontracks -> 200
#7885 GET /storefront/battlepass/progressiontracks -> 200
#7886 GET /storefront/battlepass/progressiontracks -> 200
#7887 GET /storefront/battlepass/progressiontracks -> 200
#7888 GET /storefront/battlepass/progressiontracks -> 200
#7889 GET /storefront/battlepass/progressiontracks -> 200
#7890 GET /storefront/battlepass/progressiontracks -> 200
#7891 GET /storefront/battlepass/progressiontracks -> 200
#7892 GET /storefront/battlepass/progressiontracks -> 200
#7893 GET /storefront/battlepass/progressiontracks -> 200
#7894 GET /storefront/battlepass/progressiontracks -> 200

* 17:19:31.250  WS <- /lobby TEXT ""
#7895 GET /storefront/battlepass/progressiontracks -> 200
#7896 GET /storefront/battlepass/progressiontracks -> 200
#7897 GET /storefront/battlepass/progressiontracks -> 200
#7898 GET /storefront/battlepass/progressiontracks -> 200
#7899 GET /party/players/9b9d2c887e2524f918e383a895f2f1c2/voice -> 200
#7900 GET /storefront/battlepass/progressiontracks -> 200
#7901 GET /storefront/battlepass/progressiontracks -> 200
#7902 GET /storefront/battlepass/progressiontracks -> 200
#7903 GET /storefront/battlepass/progressiontracks -> 200
#7904 GET /storefront/battlepass/progressiontracks -> 200
#7905 GET /storefront/battlepass/progressiontracks -> 200
#7906 GET /storefront/battlepass/progressiontracks -> 200
#7907 GET /storefront/battlepass/progressiontracks -> 200
#7908 GET /storefront/battlepass/progressiontracks -> 200
#7909 GET /storefront/battlepass/progressiontracks -> 200
#7910 GET /storefront/battlepass/progressiontracks -> 200
#7911 GET /storefront/battlepass/progressiontracks -> 200
#7912 GET /storefront/battlepass/progressiontracks -> 200
#7913 GET /storefront/battlepass/progressiontracks -> 200
#7914 GET /storefront/battlepass/progressiontracks -> 200
#7915 GET /storefront/battlepass/progressiontracks -> 200
#7916 GET /storefront/battlepass/progressiontracks -> 200
#7917 GET /storefront/battlepass/progressiontracks -> 200
#7918 GET /storefront/battlepass/progressiontracks -> 200
#7919 GET /storefront/battlepass/progressiontracks -> 200
#7920 GET /storefront/battlepass/progressiontracks -> 200
#7921 GET /storefront/battlepass/progressiontracks -> 200
#7922 GET /storefront/battlepass/progressiontracks -> 200
#7923 GET /storefront/battlepass/progressiontracks -> 200
#7924 GET /storefront/battlepass/progressiontracks -> 200
#7925 GET /storefront/battlepass/progressiontracks -> 200
#7926 GET /storefront/battlepass/progressiontracks -> 200
#7927 GET /storefront/battlepass/progressiontracks -> 200
#7928 GET /storefront/battlepass/progressiontracks -> 200
#7929 GET /storefront/battlepass/progressiontracks -> 200
#7930 GET /storefront/battlepass/progressiontracks -> 200
#7931 GET /storefront/battlepass/progressiontracks -> 200
#7932 GET /storefront/battlepass/progressiontracks -> 200
#7933 GET /storefront/battlepass/progressiontracks -> 200
#7934 GET /storefront/battlepass/progressiontracks -> 200
#7935 GET /storefront/battlepass/progressiontracks -> 200
#7936 GET /storefront/battlepass/progressiontracks -> 200
#7937 GET /storefront/battlepass/progressiontracks -> 200
#7938 GET /storefront/battlepass/progressiontracks -> 200
#7939 GET /storefront/battlepass/progressiontracks -> 200
#7940 GET /storefront/battlepass/progressiontracks -> 200
#7941 GET /storefront/battlepass/progressiontracks -> 200
#7942 GET /storefront/battlepass/progressiontracks -> 200
#7943 GET /storefront/battlepass/progressiontracks -> 200
#7944 GET /storefront/battlepass/progressiontracks -> 200
#7945 GET /storefront/battlepass/progressiontracks -> 200
#7946 GET /storefront/battlepass/progressiontracks -> 200
#7947 GET /storefront/battlepass/progressiontracks -> 200
#7948 GET /storefront/battlepass/progressiontracks -> 200
#7949 GET /storefront/battlepass/progressiontracks -> 200
#7950 GET /storefront/battlepass/progressiontracks -> 200
#7951 GET /storefront/battlepass/progressiontracks -> 200
#7952 GET /storefront/battlepass/progressiontracks -> 200
#7953 GET /storefront/battlepass/progressiontracks -> 200
#7954 GET /storefront/battlepass/progressiontracks -> 200
#7955 GET /storefront/battlepass/progressiontracks -> 200
#7956 GET /storefront/battlepass/progressiontracks -> 200
#7957 GET /storefront/battlepass/progressiontracks -> 200
#7958 GET /storefront/battlepass/progressiontracks -> 200
#7959 GET /storefront/battlepass/progressiontracks -> 200
#7960 GET /storefront/battlepass/progressiontracks -> 200
#7961 GET /storefront/battlepass/progressiontracks -> 200
#7962 GET /storefront/battlepass/progressiontracks -> 200
#7963 GET /storefront/battlepass/progressiontracks -> 200
#7964 GET /storefront/battlepass/progressiontracks -> 200
#7965 GET /storefront/battlepass/progressiontracks -> 200
#7966 GET /storefront/battlepass/progressiontracks -> 200
#7967 GET /storefront/battlepass/progressiontracks -> 200
#7968 GET /storefront/battlepass/progressiontracks -> 200
#7969 GET /storefront/battlepass/progressiontracks -> 200
#7970 GET /storefront/battlepass/progressiontracks -> 200
#7971 GET /storefront/battlepass/progressiontracks -> 200
#7972 GET /storefront/battlepass/progressiontracks -> 200
#7973 GET /storefront/battlepass/progressiontracks -> 200
#7974 GET /storefront/battlepass/progressiontracks -> 200
#7975 GET /storefront/battlepass/progressiontracks -> 200
#7976 GET /storefront/battlepass/progressiontracks -> 200
#7977 GET /storefront/battlepass/progressiontracks -> 200
#7978 GET /storefront/battlepass/progressiontracks -> 200
#7979 GET /storefront/battlepass/progressiontracks -> 200
#7980 GET /storefront/battlepass/progressiontracks -> 200
#7981 GET /storefront/battlepass/progressiontracks -> 200
#7982 GET /storefront/battlepass/progressiontracks -> 200
#7983 GET /storefront/battlepass/progressiontracks -> 200
#7984 GET /storefront/battlepass/progressiontracks -> 200
#7985 GET /storefront/battlepass/progressiontracks -> 200
#7986 GET /storefront/battlepass/progressiontracks -> 200
#7987 GET /storefront/battlepass/progressiontracks -> 200
#7988 GET /storefront/battlepass/progressiontracks -> 200
#7989 GET /storefront/battlepass/progressiontracks -> 200
#7990 GET /storefront/battlepass/progressiontracks -> 200
#7991 GET /storefront/battlepass/progressiontracks -> 200
#7992 GET /storefront/battlepass/progressiontracks -> 200
#7993 GET /storefront/battlepass/progressiontracks -> 200
#7994 GET /storefront/battlepass/progressiontracks -> 200
#7995 GET /storefront/battlepass/progressiontracks -> 200
#7996 GET /storefront/battlepass/progressiontracks -> 200
#7997 GET /storefront/battlepass/progressiontracks -> 200
#7998 GET /storefront/battlepass/progressiontracks -> 200
#7999 GET /storefront/battlepass/progressiontracks -> 200
#8000 GET /storefront/battlepass/progressiontracks -> 200
#8001 GET /storefront/battlepass/progressiontracks -> 200
#8002 GET /storefront/battlepass/progressiontracks -> 200
#8003 GET /storefront/battlepass/progressiontracks -> 200
#8004 GET /storefront/battlepass/progressiontracks -> 200
#8005 GET /storefront/battlepass/progressiontracks -> 200
#8006 GET /storefront/battlepass/progressiontracks -> 200
#8007 GET /storefront/battlepass/progressiontracks -> 200
#8008 GET /storefront/battlepass/progressiontracks -> 200
#8009 GET /storefront/battlepass/progressiontracks -> 200

* 17:19:39.133  WS -> /notifications/players/9b9d2c887e2524f918e383a895f2f1c2 BINARY hb (proactive 30s keepalive)
#8010 GET /storefront/battlepass/progressiontracks -> 200
#8011 GET /storefront/battlepass/progressiontracks -> 200
#8012 GET /storefront/battlepass/progressiontracks -> 200
#8013 GET /storefront/battlepass/progressiontracks -> 200
#8014 GET /storefront/battlepass/progressiontracks -> 200
#8015 GET /storefront/battlepass/progressiontracks -> 200
#8016 GET /storefront/battlepass/progressiontracks -> 200
#8017 GET /storefront/battlepass/progressiontracks -> 200
#8018 GET /storefront/battlepass/progressiontracks -> 200
#8019 GET /storefront/battlepass/progressiontracks -> 200
#8020 GET /storefront/battlepass/progressiontracks -> 200
#8021 GET /storefront/battlepass/progressiontracks -> 200
#8022 GET /storefront/battlepass/progressiontracks -> 200
#8023 GET /storefront/battlepass/progressiontracks -> 200
#8024 GET /storefront/battlepass/progressiontracks -> 200
#8025 GET /storefront/battlepass/progressiontracks -> 200
#8026 GET /storefront/battlepass/progressiontracks -> 200
#8027 GET /storefront/battlepass/progressiontracks -> 200
#8028 GET /storefront/battlepass/progressiontracks -> 200
#8029 GET /storefront/battlepass/progressiontracks -> 200
#8030 GET /storefront/battlepass/progressiontracks -> 200
#8031 GET /storefront/battlepass/progressiontracks -> 200
#8032 GET /storefront/battlepass/progressiontracks -> 200
#8033 GET /storefront/battlepass/progressiontracks -> 200
#8034 GET /storefront/battlepass/progressiontracks -> 200
#8035 GET /storefront/battlepass/progressiontracks -> 200
#8036 GET /storefront/battlepass/progressiontracks -> 200
#8037 GET /storefront/battlepass/progressiontracks -> 200
#8038 GET /storefront/battlepass/progressiontracks -> 200
#8039 GET /storefront/battlepass/progressiontracks -> 200
#8040 GET /storefront/battlepass/progressiontracks -> 200
#8041 GET /storefront/battlepass/progressiontracks -> 200
#8042 GET /storefront/battlepass/progressiontracks -> 200
#8043 GET /storefront/battlepass/progressiontracks -> 200
#8044 GET /storefront/battlepass/progressiontracks -> 200
#8045 GET /storefront/battlepass/progressiontracks -> 200
#8046 GET /storefront/battlepass/progressiontracks -> 200
#8047 GET /storefront/battlepass/progressiontracks -> 200
#8048 GET /storefront/battlepass/progressiontracks -> 200
#8049 GET /storefront/battlepass/progressiontracks -> 200
#8050 GET /storefront/battlepass/progressiontracks -> 200
#8051 GET /storefront/battlepass/progressiontracks -> 200
#8052 POST /party/parties/party-9b9d2c887e2524f918e383a895f2f1c2/members/9b9d2c887e2524f918e383a895f2f1c2/latencies -> 200
#8053 GET /storefront/battlepass/progressiontracks -> 200
#8054 GET /storefront/battlepass/progressiontracks -> 200
#8055 GET /storefront/battlepass/progressiontracks -> 200
#8056 GET /storefront/battlepass/progressiontracks -> 200
#8057 GET /storefront/battlepass/progressiontracks -> 200
#8058 GET /storefront/battlepass/progressiontracks -> 200
#8059 GET /configuration/client -> 200
#8060 GET /storefront/battlepass/progressiontracks -> 200
#8061 GET /content-service/manifest/release2.4.live-156430-shipping -> 200
#8062 GET /storefront/battlepass/progressiontracks -> 200
#8063 GET /mailbox/config/version -> 200
#8065 GET /core-game/regions -> 200
#8064 GET /party/matchmaking/info -> 200
#8066 GET /storefront/battlepass/progressiontracks -> 200
#8067 GET /storefront/battlepass/progressiontracks -> 200
#8068 GET /storefront/battlepass/progressiontracks -> 200
#8069 GET /storefront/battlepass/progressiontracks -> 200
#8070 GET /storefront/battlepass/progressiontracks -> 200
#8071 GET /storefront/battlepass/progressiontracks -> 200
#8072 GET /storefront/battlepass/progressiontracks -> 200
#8073 GET /storefront/battlepass/progressiontracks -> 200
#8074 GET /storefront/battlepass/progressiontracks -> 200
#8075 GET /storefront/battlepass/progressiontracks -> 200
#8076 GET /storefront/battlepass/progressiontracks -> 200
#8077 GET /storefront/battlepass/progressiontracks -> 200
#8078 GET /storefront/battlepass/progressiontracks -> 200
#8079 GET /storefront/battlepass/progressiontracks -> 200
#8080 GET /storefront/battlepass/progressiontracks -> 200
#8081 GET /storefront/battlepass/progressiontracks -> 200
#8082 GET /storefront/battlepass/progressiontracks -> 200
#8083 GET /storefront/battlepass/progressiontracks -> 200
#8084 GET /storefront/battlepass/progressiontracks -> 200
#8085 GET /storefront/battlepass/progressiontracks -> 200
#8086 GET /storefront/battlepass/progressiontracks -> 200
#8087 GET /storefront/battlepass/progressiontracks -> 200
#8088 GET /storefront/battlepass/progressiontracks -> 200
#8089 GET /storefront/battlepass/progressiontracks -> 200
#8090 GET /storefront/battlepass/progressiontracks -> 200
#8091 GET /storefront/battlepass/progressiontracks -> 200
#8092 GET /storefront/battlepass/progressiontracks -> 200
#8093 GET /storefront/battlepass/progressiontracks -> 200
#8094 GET /storefront/battlepass/progressiontracks -> 200
#8095 GET /storefront/battlepass/progressiontracks -> 200
#8096 GET /storefront/battlepass/progressiontracks -> 200
#8097 GET /storefront/battlepass/progressiontracks -> 200
#8098 GET /storefront/battlepass/progressiontracks -> 200
#8099 GET /storefront/battlepass/progressiontracks -> 200
#8100 GET /storefront/battlepass/progressiontracks -> 200
#8101 GET /storefront/battlepass/progressiontracks -> 200
#8102 GET /storefront/battlepass/progressiontracks -> 200
#8103 GET /storefront/battlepass/progressiontracks -> 200
#8104 GET /storefront/battlepass/progressiontracks -> 200
#8105 GET /storefront/battlepass/progressiontracks -> 200
#8106 GET /storefront/battlepass/progressiontracks -> 200
#8107 GET /storefront/battlepass/progressiontracks -> 200
#8108 GET /storefront/battlepass/progressiontracks -> 200
#8109 GET /storefront/battlepass/progressiontracks -> 200
#8110 GET /storefront/battlepass/progressiontracks -> 200
#8111 GET /storefront/battlepass/progressiontracks -> 200
#8112 GET /storefront/battlepass/progressiontracks -> 200
#8113 GET /storefront/battlepass/progressiontracks -> 200
#8114 GET /storefront/battlepass/progressiontracks -> 200
#8115 GET /storefront/battlepass/progressiontracks -> 200
#8116 GET /storefront/battlepass/progressiontracks -> 200
#8117 GET /storefront/battlepass/progressiontracks -> 200
#8118 GET /storefront/battlepass/progressiontracks -> 200
#8119 GET /storefront/battlepass/progressiontracks -> 200
#8120 GET /storefront/battlepass/progressiontracks -> 200
#8121 GET /storefront/battlepass/progressiontracks -> 200
#8122 GET /storefront/battlepass/progressiontracks -> 200
#8123 GET /storefront/battlepass/progressiontracks -> 200
#8124 GET /storefront/battlepass/progressiontracks -> 200
#8125 GET /storefront/battlepass/progressiontracks -> 200
#8126 GET /storefront/battlepass/progressiontracks -> 200
#8127 GET /storefront/battlepass/progressiontracks -> 200
#8128 GET /storefront/battlepass/progressiontracks -> 200
#8129 GET /storefront/battlepass/progressiontracks -> 200
#8130 GET /storefront/battlepass/progressiontracks -> 200
#8131 GET /storefront/battlepass/progressiontracks -> 200
#8132 GET /storefront/battlepass/progressiontracks -> 200
#8133 GET /storefront/battlepass/progressiontracks -> 200
#8134 GET /storefront/battlepass/progressiontracks -> 200
#8135 GET /storefront/battlepass/progressiontracks -> 200
#8136 GET /storefront/battlepass/progressiontracks -> 200
#8137 GET /storefront/battlepass/progressiontracks -> 200
#8138 GET /storefront/battlepass/progressiontracks -> 200
#8139 GET /storefront/battlepass/progressiontracks -> 200
#8140 GET /storefront/battlepass/progressiontracks -> 200
#8141 GET /storefront/battlepass/progressiontracks -> 200
#8142 GET /storefront/battlepass/progressiontracks -> 200
#8143 GET /storefront/battlepass/progressiontracks -> 200
#8144 GET /storefront/battlepass/progressiontracks -> 200
#8145 GET /storefront/battlepass/progressiontracks -> 200
#8146 GET /storefront/battlepass/progressiontracks -> 200
#8147 GET /storefront/battlepass/progressiontracks -> 200
#8148 GET /storefront/battlepass/progressiontracks -> 200
#8149 GET /storefront/battlepass/progressiontracks -> 200
#8150 GET /storefront/battlepass/progressiontracks -> 200
#8151 GET /storefront/battlepass/progressiontracks -> 200
#8152 GET /storefront/battlepass/progressiontracks -> 200
#8153 GET /storefront/battlepass/progressiontracks -> 200
#8154 GET /storefront/battlepass/progressiontracks -> 200
#8155 GET /storefront/battlepass/progressiontracks -> 200
#8156 GET /storefront/battlepass/progressiontracks -> 200
#8157 GET /storefront/battlepass/progressiontracks -> 200
#8158 GET /storefront/battlepass/progressiontracks -> 200
#8159 GET /storefront/battlepass/progressiontracks -> 200
#8160 GET /storefront/battlepass/progressiontracks -> 200
#8161 GET /storefront/battlepass/progressiontracks -> 200
#8162 GET /storefront/battlepass/progressiontracks -> 200
#8163 GET /storefront/battlepass/progressiontracks -> 200
#8164 GET /storefront/battlepass/progressiontracks -> 200
#8165 GET /storefront/battlepass/progressiontracks -> 200
#8166 GET /storefront/battlepass/progressiontracks -> 200
#8167 GET /storefront/battlepass/progressiontracks -> 200
#8168 GET /storefront/battlepass/progressiontracks -> 200
#8169 GET /storefront/battlepass/progressiontracks -> 200
#8170 GET /storefront/battlepass/progressiontracks -> 200
#8171 GET /storefront/battlepass/progressiontracks -> 200
#8172 GET /storefront/battlepass/progressiontracks -> 200
#8173 GET /storefront/battlepass/progressiontracks -> 200
#8174 GET /storefront/battlepass/progressiontracks -> 200
#8175 GET /storefront/battlepass/progressiontracks -> 200
#8176 GET /storefront/battlepass/progressiontracks -> 200
#8177 GET /storefront/battlepass/progressiontracks -> 200
#8178 GET /storefront/battlepass/progressiontracks -> 200
#8179 GET /storefront/battlepass/progressiontracks -> 200
#8180 GET /storefront/battlepass/progressiontracks -> 200
#8181 GET /storefront/battlepass/progressiontracks -> 200
#8182 GET /storefront/battlepass/progressiontracks -> 200
#8183 GET /storefront/battlepass/progressiontracks -> 200
#8184 GET /storefront/battlepass/progressiontracks -> 200
#8185 GET /storefront/battlepass/progressiontracks -> 200
#8186 GET /storefront/battlepass/progressiontracks -> 200
#8187 GET /storefront/battlepass/progressiontracks -> 200
#8188 GET /storefront/battlepass/progressiontracks -> 200
#8189 GET /storefront/battlepass/progressiontracks -> 200
#8190 GET /storefront/battlepass/progressiontracks -> 200
#8191 GET /storefront/battlepass/progressiontracks -> 200
#8192 GET /storefront/battlepass/progressiontracks -> 200
#8193 GET /storefront/battlepass/progressiontracks -> 200
#8194 GET /storefront/battlepass/progressiontracks -> 200
#8195 GET /storefront/battlepass/progressiontracks -> 200
#8196 GET /storefront/battlepass/progressiontracks -> 200
#8197 GET /storefront/battlepass/progressiontracks -> 200
#8198 GET /storefront/battlepass/progressiontracks -> 200
#8199 GET /storefront/battlepass/progressiontracks -> 200
#8200 GET /storefront/battlepass/progressiontracks -> 200
#8201 GET /storefront/battlepass/progressiontracks -> 200
#8202 GET /storefront/battlepass/progressiontracks -> 200
#8203 GET /storefront/battlepass/progressiontracks -> 200
#8204 GET /storefront/battlepass/progressiontracks -> 200
#8205 GET /storefront/battlepass/progressiontracks -> 200
#8206 GET /storefront/battlepass/progressiontracks -> 200
#8207 GET /storefront/battlepass/progressiontracks -> 200
#8208 GET /storefront/battlepass/progressiontracks -> 200
#8209 GET /storefront/battlepass/progressiontracks -> 200
#8210 GET /storefront/battlepass/progressiontracks -> 200
#8211 GET /storefront/battlepass/progressiontracks -> 200
#8212 GET /storefront/battlepass/progressiontracks -> 200
#8213 GET /storefront/battlepass/progressiontracks -> 200
#8214 GET /storefront/battlepass/progressiontracks -> 200
#8215 GET /storefront/battlepass/progressiontracks -> 200
#8216 GET /storefront/battlepass/progressiontracks -> 200
#8217 GET /storefront/battlepass/progressiontracks -> 200
#8218 GET /storefront/battlepass/progressiontracks -> 200

* 17:19:52.471  WS <- /notifications/players/9b9d2c887e2524f918e383a895f2f1c2 BINARY (2 bytes) 6862

* 17:19:52.493  WS -> /notifications/players/9b9d2c887e2524f918e383a895f2f1c2 TEXT hb reply {"Resource":"hb","Version":0,"Payload":""}
#8219 GET /storefront/battlepass/progressiontracks -> 200
#8220 GET /storefront/battlepass/progressiontracks -> 200
#8221 GET /storefront/battlepass/progressiontracks -> 200
#8222 GET /storefront/battlepass/progressiontracks -> 200
#8223 GET /storefront/battlepass/progressiontracks -> 200
#8224 GET /storefront/battlepass/progressiontracks -> 200
#8225 GET /storefront/battlepass/progressiontracks -> 200
#8226 GET /storefront/battlepass/progressiontracks -> 200
#8227 GET /storefront/battlepass/progressiontracks -> 200
#8228 GET /storefront/battlepass/progressiontracks -> 200
#8229 GET /storefront/battlepass/progressiontracks -> 200
#8230 GET /storefront/battlepass/progressiontracks -> 200
#8231 GET /storefront/battlepass/progressiontracks -> 200
#8232 GET /storefront/battlepass/progressiontracks -> 200
#8233 GET /storefront/battlepass/progressiontracks -> 200
#8234 GET /storefront/battlepass/progressiontracks -> 200
#8235 GET /storefront/battlepass/progressiontracks -> 200
#8236 GET /storefront/battlepass/progressiontracks -> 200
#8237 GET /storefront/battlepass/progressiontracks -> 200
#8238 GET /storefront/battlepass/progressiontracks -> 200
#8239 GET /storefront/battlepass/progressiontracks -> 200
#8240 GET /storefront/battlepass/progressiontracks -> 200
#8241 GET /storefront/battlepass/progressiontracks -> 200
#8242 GET /storefront/battlepass/progressiontracks -> 200
#8243 GET /storefront/battlepass/progressiontracks -> 200
#8244 GET /storefront/battlepass/progressiontracks -> 200
#8245 GET /storefront/battlepass/progressiontracks -> 200
#8246 GET /storefront/battlepass/progressiontracks -> 200
#8247 GET /storefront/battlepass/progressiontracks -> 200
#8248 GET /storefront/battlepass/progressiontracks -> 200
#8249 GET /storefront/battlepass/progressiontracks -> 200
#8250 GET /storefront/battlepass/progressiontracks -> 200
#8251 GET /storefront/battlepass/progressiontracks -> 200
#8252 GET /storefront/battlepass/progressiontracks -> 200
#8253 GET /storefront/battlepass/progressiontracks -> 200
#8254 GET /storefront/battlepass/progressiontracks -> 200
#8255 GET /storefront/battlepass/progressiontracks -> 200
#8256 GET /storefront/battlepass/progressiontracks -> 200
#8257 GET /storefront/battlepass/progressiontracks -> 200
#8258 GET /storefront/battlepass/progressiontracks -> 200
#8259 GET /storefront/battlepass/progressiontracks -> 200
#8260 GET /storefront/battlepass/progressiontracks -> 200
#8261 GET /storefront/battlepass/progressiontracks -> 200
#8262 GET /storefront/battlepass/progressiontracks -> 200
#8263 GET /storefront/battlepass/progressiontracks -> 200
#8264 GET /storefront/battlepass/progressiontracks -> 200
#8265 GET /storefront/battlepass/progressiontracks -> 200
#8266 GET /storefront/battlepass/progressiontracks -> 200
#8267 GET /storefront/battlepass/progressiontracks -> 200
#8268 GET /storefront/battlepass/progressiontracks -> 200
#8269 GET /storefront/battlepass/progressiontracks -> 200
#8270 GET /storefront/battlepass/progressiontracks -> 200
#8271 GET /storefront/battlepass/progressiontracks -> 200
#8272 GET /storefront/battlepass/progressiontracks -> 200
#8273 GET /storefront/battlepass/progressiontracks -> 200
#8274 GET /storefront/battlepass/progressiontracks -> 200
#8275 GET /storefront/battlepass/progressiontracks -> 200
#8276 GET /storefront/battlepass/progressiontracks -> 200
#8277 GET /storefront/battlepass/progressiontracks -> 200
#8278 GET /storefront/battlepass/progressiontracks -> 200
#8279 GET /storefront/battlepass/progressiontracks -> 200
#8280 GET /storefront/battlepass/progressiontracks -> 200
#8281 GET /storefront/battlepass/progressiontracks -> 200
#8282 GET /storefront/battlepass/progressiontracks -> 200
#8283 GET /storefront/battlepass/progressiontracks -> 200
#8284 GET /storefront/battlepass/progressiontracks -> 200
#8285 GET /storefront/battlepass/progressiontracks -> 200
#8286 GET /storefront/battlepass/progressiontracks -> 200
#8287 GET /storefront/battlepass/progressiontracks -> 200
#8288 GET /storefront/battlepass/progressiontracks -> 200
#8289 GET /storefront/battlepass/progressiontracks -> 200
#8290 GET /storefront/battlepass/progressiontracks -> 200
#8291 GET /storefront/battlepass/progressiontracks -> 200
#8292 GET /storefront/battlepass/progressiontracks -> 200
#8293 GET /storefront/battlepass/progressiontracks -> 200
#8294 GET /storefront/battlepass/progressiontracks -> 200
#8295 GET /storefront/battlepass/progressiontracks -> 200
#8296 GET /storefront/battlepass/progressiontracks -> 200
#8297 GET /storefront/battlepass/progressiontracks -> 200
#8298 GET /storefront/battlepass/progressiontracks -> 200
#8299 GET /storefront/battlepass/progressiontracks -> 200
#8300 GET /storefront/battlepass/progressiontracks -> 200
#8301 GET /storefront/battlepass/progressiontracks -> 200
#8302 GET /storefront/battlepass/progressiontracks -> 200
#8303 GET /storefront/battlepass/progressiontracks -> 200
#8304 GET /storefront/battlepass/progressiontracks -> 200
#8305 GET /storefront/battlepass/progressiontracks -> 200
#8306 GET /storefront/battlepass/progressiontracks -> 200
#8307 GET /storefront/battlepass/progressiontracks -> 200
#8308 GET /storefront/battlepass/progressiontracks -> 200
#8309 GET /storefront/battlepass/progressiontracks -> 200
#8310 GET /storefront/battlepass/progressiontracks -> 200
#8311 GET /storefront/battlepass/progressiontracks -> 200
#8312 GET /storefront/battlepass/progressiontracks -> 200
#8313 GET /storefront/battlepass/progressiontracks -> 200
#8314 GET /storefront/battlepass/progressiontracks -> 200
#8315 GET /storefront/battlepass/progressiontracks -> 200
#8316 GET /storefront/battlepass/progressiontracks -> 200
#8317 GET /storefront/battlepass/progressiontracks -> 200
#8318 GET /storefront/battlepass/progressiontracks -> 200
#8319 GET /storefront/battlepass/progressiontracks -> 200
#8320 GET /storefront/battlepass/progressiontracks -> 200
#8321 GET /storefront/battlepass/progressiontracks -> 200
#8322 GET /storefront/battlepass/progressiontracks -> 200
#8323 GET /storefront/battlepass/progressiontracks -> 200
#8324 GET /storefront/battlepass/progressiontracks -> 200
#8325 GET /storefront/battlepass/progressiontracks -> 200
#8326 GET /storefront/battlepass/progressiontracks -> 200
#8327 GET /storefront/battlepass/progressiontracks -> 200
#8328 GET /storefront/battlepass/progressiontracks -> 200
#8329 GET /storefront/battlepass/progressiontracks -> 200
#8330 GET /storefront/battlepass/progressiontracks -> 200
#8331 GET /storefront/battlepass/progressiontracks -> 200
#8332 GET /storefront/battlepass/progressiontracks -> 200
#8333 GET /storefront/battlepass/progressiontracks -> 200
#8334 GET /storefront/battlepass/progressiontracks -> 200
#8335 GET /storefront/battlepass/progressiontracks -> 200
#8336 GET /storefront/battlepass/progressiontracks -> 200
#8337 GET /storefront/battlepass/progressiontracks -> 200
#8338 GET /storefront/battlepass/progressiontracks -> 200
#8339 GET /storefront/battlepass/progressiontracks -> 200
#8340 GET /storefront/battlepass/progressiontracks -> 200
#8341 GET /storefront/battlepass/progressiontracks -> 200
#8342 GET /storefront/battlepass/progressiontracks -> 200
#8343 GET /storefront/battlepass/progressiontracks -> 200
#8344 GET /storefront/battlepass/progressiontracks -> 200
#8345 GET /storefront/battlepass/progressiontracks -> 200
#8346 GET /storefront/battlepass/progressiontracks -> 200
#8347 GET /storefront/battlepass/progressiontracks -> 200
#8348 GET /storefront/battlepass/progressiontracks -> 200
#8349 GET /storefront/battlepass/progressiontracks -> 200
#8350 GET /storefront/battlepass/progressiontracks -> 200
#8351 GET /storefront/battlepass/progressiontracks -> 200
#8352 GET /storefront/battlepass/progressiontracks -> 200
#8353 GET /storefront/battlepass/progressiontracks -> 200
#8354 GET /storefront/battlepass/progressiontracks -> 200
#8355 GET /storefront/battlepass/progressiontracks -> 200
#8356 GET /storefront/battlepass/progressiontracks -> 200

* 17:20:01.241  WS <- /lobby TEXT ""
#8357 GET /storefront/battlepass/progressiontracks -> 200
#8358 GET /storefront/battlepass/progressiontracks -> 200
#8359 GET /storefront/battlepass/progressiontracks -> 200
#8360 GET /storefront/battlepass/progressiontracks -> 200
#8361 GET /storefront/battlepass/progressiontracks -> 200
#8362 GET /storefront/battlepass/progressiontracks -> 200
#8363 GET /storefront/battlepass/progressiontracks -> 200
#8364 GET /storefront/battlepass/progressiontracks -> 200
#8365 GET /storefront/battlepass/progressiontracks -> 200
#8366 GET /storefront/battlepass/progressiontracks -> 200
#8367 GET /storefront/battlepass/progressiontracks -> 200
#8368 GET /storefront/battlepass/progressiontracks -> 200
#8369 GET /storefront/battlepass/progressiontracks -> 200
#8370 GET /storefront/battlepass/progressiontracks -> 200
#8371 GET /storefront/battlepass/progressiontracks -> 200
#8372 GET /storefront/battlepass/progressiontracks -> 200
#8373 GET /storefront/battlepass/progressiontracks -> 200
#8374 GET /storefront/battlepass/progressiontracks -> 200
#8375 GET /storefront/battlepass/progressiontracks -> 200
#8376 GET /storefront/battlepass/progressiontracks -> 200
#8377 GET /storefront/battlepass/progressiontracks -> 200
#8378 GET /storefront/battlepass/progressiontracks -> 200
#8379 GET /storefront/battlepass/progressiontracks -> 200
#8380 GET /storefront/battlepass/progressiontracks -> 200
#8381 GET /storefront/battlepass/progressiontracks -> 200
#8382 GET /storefront/battlepass/progressiontracks -> 200
#8383 GET /storefront/battlepass/progressiontracks -> 200
#8384 GET /storefront/battlepass/progressiontracks -> 200
#8385 GET /storefront/battlepass/progressiontracks -> 200
#8386 GET /storefront/battlepass/progressiontracks -> 200
#8387 GET /storefront/battlepass/progressiontracks -> 200
#8388 GET /storefront/battlepass/progressiontracks -> 200
#8389 GET /storefront/battlepass/progressiontracks -> 200
#8390 GET /storefront/battlepass/progressiontracks -> 200
#8391 GET /storefront/battlepass/progressiontracks -> 200
#8392 GET /storefront/battlepass/progressiontracks -> 200
#8393 GET /storefront/battlepass/progressiontracks -> 200
#8394 GET /storefront/battlepass/progressiontracks -> 200
#8395 GET /storefront/battlepass/progressiontracks -> 200
#8396 GET /storefront/battlepass/progressiontracks -> 200
#8397 GET /storefront/battlepass/progressiontracks -> 200
#8398 GET /storefront/battlepass/progressiontracks -> 200
#8399 GET /storefront/battlepass/progressiontracks -> 200
#8400 GET /storefront/battlepass/progressiontracks -> 200
#8401 GET /storefront/battlepass/progressiontracks -> 200
#8402 GET /storefront/battlepass/progressiontracks -> 200
#8403 GET /storefront/battlepass/progressiontracks -> 200
#8404 GET /storefront/battlepass/progressiontracks -> 200
#8405 GET /storefront/battlepass/progressiontracks -> 200
#8406 GET /storefront/battlepass/progressiontracks -> 200
#8407 GET /storefront/battlepass/progressiontracks -> 200
#8408 GET /storefront/battlepass/progressiontracks -> 200
#8409 GET /storefront/battlepass/progressiontracks -> 200
#8410 GET /storefront/battlepass/progressiontracks -> 200
#8411 GET /storefront/battlepass/progressiontracks -> 200
#8412 GET /storefront/battlepass/progressiontracks -> 200
#8413 GET /storefront/battlepass/progressiontracks -> 200
#8414 GET /storefront/battlepass/progressiontracks -> 200
#8415 GET /storefront/battlepass/progressiontracks -> 200
#8416 GET /storefront/battlepass/progressiontracks -> 200
#8417 GET /storefront/battlepass/progressiontracks -> 200
#8418 GET /storefront/battlepass/progressiontracks -> 200
#8419 GET /storefront/battlepass/progressiontracks -> 200
#8420 GET /storefront/battlepass/progressiontracks -> 200
#8421 GET /storefront/battlepass/progressiontracks -> 200
#8422 GET /storefront/battlepass/progressiontracks -> 200
#8423 GET /storefront/battlepass/progressiontracks -> 200
#8424 GET /storefront/battlepass/progressiontracks -> 200
#8425 GET /storefront/battlepass/progressiontracks -> 200
#8426 GET /storefront/battlepass/progressiontracks -> 200
#8427 GET /storefront/battlepass/progressiontracks -> 200
#8428 GET /storefront/battlepass/progressiontracks -> 200
#8429 GET /storefront/battlepass/progressiontracks -> 200
#8430 GET /storefront/battlepass/progressiontracks -> 200
#8431 GET /storefront/battlepass/progressiontracks -> 200
#8432 GET /storefront/battlepass/progressiontracks -> 200
#8433 GET /storefront/battlepass/progressiontracks -> 200
#8434 GET /storefront/battlepass/progressiontracks -> 200
#8435 GET /storefront/battlepass/progressiontracks -> 200
#8436 GET /storefront/battlepass/progressiontracks -> 200
#8437 GET /storefront/battlepass/progressiontracks -> 200
#8438 GET /storefront/battlepass/progressiontracks -> 200
#8439 GET /storefront/battlepass/progressiontracks -> 200
#8440 GET /storefront/battlepass/progressiontracks -> 200
#8441 GET /storefront/battlepass/progressiontracks -> 200
#8442 GET /storefront/battlepass/progressiontracks -> 200
#8443 GET /storefront/battlepass/progressiontracks -> 200
#8444 GET /storefront/battlepass/progressiontracks -> 200
#8445 GET /storefront/battlepass/progressiontracks -> 200
#8446 GET /storefront/battlepass/progressiontracks -> 200
#8447 GET /storefront/battlepass/progressiontracks -> 200
#8448 GET /storefront/battlepass/progressiontracks -> 200
#8449 GET /storefront/battlepass/progressiontracks -> 200
#8450 GET /storefront/battlepass/progressiontracks -> 200
#8451 GET /storefront/battlepass/progressiontracks -> 200
#8452 GET /storefront/battlepass/progressiontracks -> 200
#8453 GET /storefront/battlepass/progressiontracks -> 200
#8454 GET /storefront/battlepass/progressiontracks -> 200
#8455 GET /storefront/battlepass/progressiontracks -> 200
#8456 GET /storefront/battlepass/progressiontracks -> 200
#8457 GET /storefront/battlepass/progressiontracks -> 200
#8458 GET /storefront/battlepass/progressiontracks -> 200
#8459 GET /storefront/battlepass/progressiontracks -> 200
#8460 GET /storefront/battlepass/progressiontracks -> 200
#8461 GET /storefront/battlepass/progressiontracks -> 200
#8462 GET /storefront/battlepass/progressiontracks -> 200
#8463 GET /storefront/battlepass/progressiontracks -> 200
#8464 GET /storefront/battlepass/progressiontracks -> 200
#8465 GET /storefront/battlepass/progressiontracks -> 200
#8466 GET /storefront/battlepass/progressiontracks -> 200
#8467 GET /storefront/battlepass/progressiontracks -> 200
#8468 GET /storefront/battlepass/progressiontracks -> 200
#8469 GET /storefront/battlepass/progressiontracks -> 200
#8470 GET /storefront/battlepass/progressiontracks -> 200
#8471 GET /storefront/battlepass/progressiontracks -> 200
#8472 GET /storefront/battlepass/progressiontracks -> 200
#8473 GET /storefront/battlepass/progressiontracks -> 200
#8474 GET /storefront/battlepass/progressiontracks -> 200
#8475 GET /storefront/battlepass/progressiontracks -> 200
#8476 GET /storefront/battlepass/progressiontracks -> 200
#8477 GET /storefront/battlepass/progressiontracks -> 200
#8478 GET /storefront/battlepass/progressiontracks -> 200
#8479 GET /storefront/battlepass/progressiontracks -> 200
#8480 GET /storefront/battlepass/progressiontracks -> 200
#8481 GET /storefront/battlepass/progressiontracks -> 200
#8482 GET /storefront/battlepass/progressiontracks -> 200
#8483 GET /storefront/battlepass/progressiontracks -> 200
#8484 GET /storefront/battlepass/progressiontracks -> 200
#8485 GET /storefront/battlepass/progressiontracks -> 200
#8486 GET /storefront/battlepass/progressiontracks -> 200
#8487 GET /storefront/battlepass/progressiontracks -> 200
#8488 GET /storefront/battlepass/progressiontracks -> 200
#8489 GET /storefront/battlepass/progressiontracks -> 200
#8490 GET /storefront/battlepass/progressiontracks -> 200
#8491 GET /storefront/battlepass/progressiontracks -> 200
#8492 GET /storefront/battlepass/progressiontracks -> 200
#8493 GET /storefront/battlepass/progressiontracks -> 200
#8494 GET /storefront/battlepass/progressiontracks -> 200
#8495 GET /storefront/battlepass/progressiontracks -> 200
#8496 GET /storefront/battlepass/progressiontracks -> 200
#8497 GET /storefront/battlepass/progressiontracks -> 200
#8498 GET /storefront/battlepass/progressiontracks -> 200
#8499 GET /storefront/battlepass/progressiontracks -> 200
#8500 GET /storefront/battlepass/progressiontracks -> 200
#8501 GET /storefront/battlepass/progressiontracks -> 200
#8502 GET /storefront/battlepass/progressiontracks -> 200
#8503 GET /storefront/battlepass/progressiontracks -> 200
#8504 GET /storefront/battlepass/progressiontracks -> 200
#8505 GET /storefront/battlepass/progressiontracks -> 200
#8506 GET /storefront/battlepass/progressiontracks -> 200
#8507 GET /storefront/battlepass/progressiontracks -> 200
#8508 GET /storefront/battlepass/progressiontracks -> 200
#8509 GET /storefront/battlepass/progressiontracks -> 200
#8510 GET /storefront/battlepass/progressiontracks -> 200
#8511 GET /storefront/battlepass/progressiontracks -> 200
#8512 GET /storefront/battlepass/progressiontracks -> 200
#8513 POST /game-telemetry/v1/protected/events -> 200
#8514 GET /storefront/battlepass/progressiontracks -> 200
#8515 GET /storefront/battlepass/progressiontracks -> 200
#8516 GET /storefront/battlepass/progressiontracks -> 200
#8517 GET /storefront/battlepass/progressiontracks -> 200
#8518 GET /storefront/battlepass/progressiontracks -> 200
#8519 GET /storefront/battlepass/progressiontracks -> 200
#8520 GET /storefront/battlepass/progressiontracks -> 200
#8521 GET /storefront/battlepass/progressiontracks -> 200
#8522 POST /party/parties/party-9b9d2c887e2524f918e383a895f2f1c2/members/9b9d2c887e2524f918e383a895f2f1c2/latencies -> 200
#8523 GET /storefront/battlepass/progressiontracks -> 200
#8524 GET /storefront/battlepass/progressiontracks -> 200
#8525 GET /storefront/battlepass/progressiontracks -> 200
#8526 GET /storefront/battlepass/progressiontracks -> 200
#8527 GET /storefront/battlepass/progressiontracks -> 200
#8528 GET /storefront/battlepass/progressiontracks -> 200
#8529 GET /storefront/battlepass/progressiontracks -> 200
#8530 GET /configuration/client -> 200
#8531 GET /storefront/battlepass/progressiontracks -> 200
#8532 GET /content-service/manifest/release2.4.live-156430-shipping -> 200
#8533 GET /party/matchmaking/info -> 200
#8534 GET /storefront/battlepass/progressiontracks -> 200
#8535 GET /storefront/battlepass/progressiontracks -> 200
#8536 GET /storefront/battlepass/progressiontracks -> 200
#8537 GET /storefront/battlepass/progressiontracks -> 200
#8538 GET /storefront/battlepass/progressiontracks -> 200
#8539 GET /storefront/battlepass/progressiontracks -> 200
#8540 GET /storefront/battlepass/progressiontracks -> 200
#8541 GET /storefront/battlepass/progressiontracks -> 200
#8542 GET /storefront/battlepass/progressiontracks -> 200
#8543 GET /storefront/battlepass/progressiontracks -> 200
#8544 GET /storefront/battlepass/progressiontracks -> 200
#8545 GET /storefront/battlepass/progressiontracks -> 200
#8546 GET /storefront/battlepass/progressiontracks -> 200
#8547 GET /storefront/battlepass/progressiontracks -> 200
#8548 GET /storefront/battlepass/progressiontracks -> 200
#8549 GET /storefront/battlepass/progressiontracks -> 200
#8550 GET /storefront/battlepass/progressiontracks -> 200
#8551 GET /storefront/battlepass/progressiontracks -> 200
#8552 GET /storefront/battlepass/progressiontracks -> 200
#8553 GET /storefront/battlepass/progressiontracks -> 200
#8554 GET /storefront/battlepass/progressiontracks -> 200
#8555 GET /storefront/battlepass/progressiontracks -> 200
#8556 GET /storefront/battlepass/progressiontracks -> 200
#8557 GET /storefront/battlepass/progressiontracks -> 200
#8558 GET /storefront/battlepass/progressiontracks -> 200
#8559 GET /storefront/battlepass/progressiontracks -> 200
#8560 GET /storefront/battlepass/progressiontracks -> 200
#8561 GET /storefront/battlepass/progressiontracks -> 200
#8562 GET /storefront/battlepass/progressiontracks -> 200
#8563 GET /storefront/battlepass/progressiontracks -> 200
#8564 GET /storefront/battlepass/progressiontracks -> 200
#8565 GET /storefront/battlepass/progressiontracks -> 200
#8566 GET /storefront/battlepass/progressiontracks -> 200
#8567 GET /storefront/battlepass/progressiontracks -> 200
#8568 GET /storefront/battlepass/progressiontracks -> 200
#8569 GET /storefront/battlepass/progressiontracks -> 200
#8570 GET /storefront/battlepass/progressiontracks -> 200
#8571 GET /storefront/battlepass/progressiontracks -> 200
#8572 GET /storefront/battlepass/progressiontracks -> 200
#8573 GET /storefront/battlepass/progressiontracks -> 200
#8574 GET /storefront/battlepass/progressiontracks -> 200
#8575 GET /storefront/battlepass/progressiontracks -> 200
#8576 GET /storefront/battlepass/progressiontracks -> 200
#8577 GET /storefront/battlepass/progressiontracks -> 200
#8578 GET /storefront/battlepass/progressiontracks -> 200
#8579 GET /storefront/battlepass/progressiontracks -> 200
#8580 GET /storefront/battlepass/progressiontracks -> 200
#8581 GET /storefront/battlepass/progressiontracks -> 200
#8582 GET /storefront/battlepass/progressiontracks -> 200
#8583 GET /storefront/battlepass/progressiontracks -> 200
#8584 GET /storefront/battlepass/progressiontracks -> 200
#8585 GET /storefront/battlepass/progressiontracks -> 200
#8586 GET /storefront/battlepass/progressiontracks -> 200
#8587 GET /storefront/battlepass/progressiontracks -> 200
#8588 GET /storefront/battlepass/progressiontracks -> 200
#8589 GET /storefront/battlepass/progressiontracks -> 200
#8590 GET /storefront/battlepass/progressiontracks -> 200
#8591 GET /storefront/battlepass/progressiontracks -> 200
#8592 GET /storefront/battlepass/progressiontracks -> 200
#8593 GET /storefront/battlepass/progressiontracks -> 200
#8594 GET /storefront/battlepass/progressiontracks -> 200
#8595 GET /storefront/battlepass/progressiontracks -> 200
#8596 GET /storefront/battlepass/progressiontracks -> 200
#8597 GET /storefront/battlepass/progressiontracks -> 200
#8598 GET /storefront/battlepass/progressiontracks -> 200
#8599 GET /storefront/battlepass/progressiontracks -> 200
#8600 GET /storefront/battlepass/progressiontracks -> 200
#8601 GET /storefront/battlepass/progressiontracks -> 200
#8602 GET /storefront/battlepass/progressiontracks -> 200
#8603 GET /storefront/battlepass/progressiontracks -> 200
#8604 GET /storefront/battlepass/progressiontracks -> 200
#8605 GET /storefront/battlepass/progressiontracks -> 200
#8606 GET /storefront/battlepass/progressiontracks -> 200
#8607 GET /storefront/battlepass/progressiontracks -> 200
#8608 GET /storefront/battlepass/progressiontracks -> 200
#8609 GET /storefront/battlepass/progressiontracks -> 200
#8610 GET /storefront/battlepass/progressiontracks -> 200
#8611 GET /storefront/battlepass/progressiontracks -> 200
#8612 GET /storefront/battlepass/progressiontracks -> 200
#8613 GET /storefront/battlepass/progressiontracks -> 200
#8614 GET /storefront/battlepass/progressiontracks -> 200
#8615 GET /storefront/battlepass/progressiontracks -> 200
#8616 GET /storefront/battlepass/progressiontracks -> 200
#8617 GET /storefront/battlepass/progressiontracks -> 200
#8618 GET /storefront/battlepass/progressiontracks -> 200
#8619 GET /storefront/battlepass/progressiontracks -> 200
#8620 GET /storefront/battlepass/progressiontracks -> 200
#8621 GET /storefront/battlepass/progressiontracks -> 200
#8622 GET /storefront/battlepass/progressiontracks -> 200
#8623 GET /storefront/battlepass/progressiontracks -> 200
#8624 GET /storefront/battlepass/progressiontracks -> 200
#8625 GET /storefront/battlepass/progressiontracks -> 200
#8626 GET /storefront/battlepass/progressiontracks -> 200
#8627 GET /storefront/battlepass/progressiontracks -> 200
#8628 GET /storefront/battlepass/progressiontracks -> 200
#8629 GET /storefront/battlepass/progressiontracks -> 200
#8630 GET /storefront/battlepass/progressiontracks -> 200
#8631 GET /storefront/battlepass/progressiontracks -> 200
#8632 GET /storefront/battlepass/progressiontracks -> 200
#8633 GET /storefront/battlepass/progressiontracks -> 200
#8634 GET /storefront/battlepass/progressiontracks -> 200
#8635 GET /storefront/battlepass/progressiontracks -> 200
#8636 GET /storefront/battlepass/progressiontracks -> 200
#8637 GET /storefront/battlepass/progressiontracks -> 200
#8638 GET /storefront/battlepass/progressiontracks -> 200
#8639 GET /party/players/9b9d2c887e2524f918e383a895f2f1c2/voice -> 200
#8640 GET /storefront/battlepass/progressiontracks -> 200
#8641 GET /storefront/battlepass/progressiontracks -> 200
#8642 GET /storefront/battlepass/progressiontracks -> 200
#8643 GET /storefront/battlepass/progressiontracks -> 200
#8644 GET /storefront/battlepass/progressiontracks -> 200
#8645 GET /storefront/battlepass/progressiontracks -> 200
#8646 GET /storefront/battlepass/progressiontracks -> 200
#8647 GET /storefront/battlepass/progressiontracks -> 200
#8648 GET /storefront/battlepass/progressiontracks -> 200
#8649 GET /storefront/battlepass/progressiontracks -> 200
#8650 GET /storefront/battlepass/progressiontracks -> 200
#8651 GET /storefront/battlepass/progressiontracks -> 200
#8652 GET /storefront/battlepass/progressiontracks -> 200
#8653 GET /storefront/battlepass/progressiontracks -> 200
#8654 GET /storefront/battlepass/progressiontracks -> 200
#8655 GET /storefront/battlepass/progressiontracks -> 200
#8656 GET /storefront/battlepass/progressiontracks -> 200
#8657 GET /storefront/battlepass/progressiontracks -> 200
#8658 GET /storefront/battlepass/progressiontracks -> 200
#8659 GET /storefront/battlepass/progressiontracks -> 200
#8660 GET /storefront/battlepass/progressiontracks -> 200
#8661 GET /storefront/battlepass/progressiontracks -> 200
#8662 GET /storefront/battlepass/progressiontracks -> 200
#8663 GET /storefront/battlepass/progressiontracks -> 200
#8664 GET /storefront/battlepass/progressiontracks -> 200
#8665 GET /storefront/battlepass/progressiontracks -> 200
#8666 GET /storefront/battlepass/progressiontracks -> 200
#8667 GET /storefront/battlepass/progressiontracks -> 200
#8668 GET /storefront/battlepass/progressiontracks -> 200
#8669 GET /storefront/battlepass/progressiontracks -> 200
#8670 GET /storefront/battlepass/progressiontracks -> 200
#8671 GET /storefront/battlepass/progressiontracks -> 200
#8672 GET /storefront/battlepass/progressiontracks -> 200
#8673 GET /storefront/battlepass/progressiontracks -> 200
#8674 GET /storefront/battlepass/progressiontracks -> 200
#8675 GET /storefront/battlepass/progressiontracks -> 200
#8676 GET /storefront/battlepass/progressiontracks -> 200
#8677 GET /storefront/battlepass/progressiontracks -> 200
#8678 GET /storefront/battlepass/progressiontracks -> 200
#8679 GET /storefront/battlepass/progressiontracks -> 200
#8680 GET /storefront/battlepass/progressiontracks -> 200
#8681 GET /storefront/battlepass/progressiontracks -> 200
#8682 GET /storefront/battlepass/progressiontracks -> 200

* 17:20:22.519  WS -> /notifications/players/9b9d2c887e2524f918e383a895f2f1c2 BINARY hb (proactive 30s keepalive)
#8683 GET /storefront/battlepass/progressiontracks -> 200
#8684 GET /storefront/battlepass/progressiontracks -> 200
#8685 GET /storefront/battlepass/progressiontracks -> 200
#8686 GET /storefront/battlepass/progressiontracks -> 200
#8687 GET /storefront/battlepass/progressiontracks -> 200
#8688 GET /storefront/battlepass/progressiontracks -> 200
#8689 GET /storefront/battlepass/progressiontracks -> 200
#8690 GET /storefront/battlepass/progressiontracks -> 200
#8691 GET /storefront/battlepass/progressiontracks -> 200
#8692 GET /storefront/battlepass/progressiontracks -> 200
#8693 GET /storefront/battlepass/progressiontracks -> 200
#8694 GET /storefront/battlepass/progressiontracks -> 200
#8695 GET /storefront/battlepass/progressiontracks -> 200
#8696 GET /storefront/battlepass/progressiontracks -> 200
#8697 GET /storefront/battlepass/progressiontracks -> 200
#8698 GET /storefront/battlepass/progressiontracks -> 200
#8699 GET /storefront/battlepass/progressiontracks -> 200
#8700 GET /storefront/battlepass/progressiontracks -> 200
#8701 GET /storefront/battlepass/progressiontracks -> 200
#8702 GET /storefront/battlepass/progressiontracks -> 200
#8703 GET /storefront/battlepass/progressiontracks -> 200
#8704 GET /storefront/battlepass/progressiontracks -> 200
#8705 GET /storefront/battlepass/progressiontracks -> 200
#8706 GET /storefront/battlepass/progressiontracks -> 200
#8707 GET /storefront/battlepass/progressiontracks -> 200
#8708 GET /storefront/battlepass/progressiontracks -> 200
#8709 GET /storefront/battlepass/progressiontracks -> 200
#8710 GET /storefront/battlepass/progressiontracks -> 200
#8711 GET /storefront/battlepass/progressiontracks -> 200
#8712 GET /storefront/battlepass/progressiontracks -> 200
#8713 GET /storefront/battlepass/progressiontracks -> 200
#8714 GET /storefront/battlepass/progressiontracks -> 200
#8715 GET /storefront/battlepass/progressiontracks -> 200
#8716 GET /storefront/battlepass/progressiontracks -> 200
#8717 GET /storefront/battlepass/progressiontracks -> 200
#8718 GET /storefront/battlepass/progressiontracks -> 200
#8719 GET /storefront/battlepass/progressiontracks -> 200
#8720 GET /storefront/battlepass/progressiontracks -> 200
#8721 GET /storefront/battlepass/progressiontracks -> 200
#8722 GET /storefront/battlepass/progressiontracks -> 200
#8723 GET /storefront/battlepass/progressiontracks -> 200
#8724 GET /storefront/battlepass/progressiontracks -> 200
#8725 GET /storefront/battlepass/progressiontracks -> 200
#8726 GET /storefront/battlepass/progressiontracks -> 200

* 17:20:36.768  WS read end /lobby: read tcp 127.0.0.1:443->127.0.0.1:65082: wsarecv: An existing connection was forcibly closed by the remote host.

* 17:20:36.769  WS read end /notifications/players/9b9d2c887e2524f918e383a895f2f1c2: read tcp [::1]:8080->[::1]:65080: wsarecv: An existing connection was forcibly closed by the remote host.

* 17:20:36.802  WS closed /lobby

* 17:20:36.835  WS closed /notifications/players/9b9d2c887e2524f918e383a895f2f1c2
#8728 GET /notifications/players/9b9d2c887e2524f918e383a895f2f1c2 -> 101
#8727 GET /lobby -> 101
