module,as_name,ue_name,kind,as_super,ue_super,code_super,decl_order,in_usmap,usmap_schema_idx,prop_name,as_type,usmap_type,uproperty,flags,rep_condition,rep_notify
Airship.LokiAirship,ALokiAirship_AS,LokiAirship_AS,class,ALokiAirship,LokiAirship,/Script/Loki.LokiAirship,0,True,0,BoostTag,FGameplayTag,Struct<GameplayTag>,True,BlueprintReadable|BlueprintWritable|EditableOnDefaults,,False
Airship.LokiAirship,ALokiAirship_AS,LokiAirship_AS,class,ALokiAirship,LokiAirship,/Script/Loki.LokiAirship,1,True,1,GenericCollisionEffect,TSubclassOf<UGameplayEffect@>,ObjectProperty,True,BlueprintReadable|BlueprintWritable|EditableOnDefaults,,False
Airship.LokiAirship,ALokiAirship_AS,LokiAirship_AS,class,ALokiAirship,LokiAirship,/Script/Loki.LokiAirship,2,True,2,MaxHeadOnCollisionAngle,float64,DoubleProperty,True,BlueprintReadable|BlueprintWritable|EditableOnDefaults,,False
Airship.LokiAirship,ALokiAirship_AS,LokiAirship_AS,class,ALokiAirship,LokiAirship,/Script/Loki.LokiAirship,3,True,3,MinGenericCollisionDamage,float64,DoubleProperty,True,BlueprintReadable|BlueprintWritable|EditableOnDefaults,,False
Airship.LokiAirship,ALokiAirship_AS,LokiAirship_AS,class,ALokiAirship,LokiAirship,/Script/Loki.LokiAirship,4,True,4,MaxGenericCollisionDamage,float64,DoubleProperty,True,BlueprintReadable|BlueprintWritable|EditableOnDefaults,,False
Airship.LokiAirship,ALokiAirship_AS,LokiAirship_AS,class,ALokiAirship,LokiAirship,/Script/Loki.LokiAirship,5,True,5,MinGenericCollisionSpeed,float64,DoubleProperty,True,BlueprintReadable|BlueprintWritable|EditableOnDefaults,,False
Airship.LokiAirship,ALokiAirship_AS,LokiAirship_AS,class,ALokiAirship,LokiAirship,/Script/Loki.LokiAirship,6,True,6,MaxGenericCollisionSpeed,float64,DoubleProperty,True,BlueprintReadable|BlueprintWritable|EditableOnDefaults,,False
Airship.LokiAirship,ALokiAirship_AS,LokiAirship_AS,class,ALokiAirship,LokiAirship,/Script/Loki.LokiAirship,7,True,7,AirshipCollisionFrontMultiplier,float64,DoubleProperty,True,BlueprintReadable|BlueprintWritable|EditableOnDefaults,,False
Airship.LokiAirship,ALokiAirship_AS,LokiAirship_AS,class,ALokiAirship,LokiAirship,/Script/Loki.LokiAirship,8,True,8,AirshipCollisionRearMultiplier,float64,DoubleProperty,True,BlueprintReadable|BlueprintWritable|EditableOnDefaults,,False
Airship.LokiAirship,ALokiAirship_AS,LokiAirship_AS,class,ALokiAirship,LokiAirship,/Script/Loki.LokiAirship,9,True,9,RoadkillImpactEffect,TSubclassOf<UGameplayEffect@>,ObjectProperty,True,BlueprintReadable|BlueprintWritable|EditableOnDefaults,,False
Airship.LokiAirship,ALokiAirship_AS,LokiAirship_AS,class,ALokiAirship,LokiAirship,/Script/Loki.LokiAirship,10,True,10,MinRoadkillDamage,float64,DoubleProperty,True,BlueprintReadable|BlueprintWritable|EditableOnDefaults,,False
Airship.LokiAirship,ALokiAirship_AS,LokiAirship_AS,class,ALokiAirship,LokiAirship,/Script/Loki.LokiAirship,11,True,11,MaxRoadkillDamage,float64,DoubleProperty,True,BlueprintReadable|BlueprintWritable|EditableOnDefaults,,False
Airship.LokiAirship,ALokiAirship_AS,LokiAirship_AS,class,ALokiAirship,LokiAirship,/Script/Loki.LokiAirship,12,True,12,RoadkillDamageMinionCoefficient,float64,DoubleProperty,True,BlueprintReadable|BlueprintWritable|EditableOnDefaults,,False
Airship.LokiAirship,ALokiAirship_AS,LokiAirship_AS,class,ALokiAirship,LokiAirship,/Script/Loki.LokiAirship,13,True,13,RoadkillDamageDestructibleCoefficient,float64,DoubleProperty,True,BlueprintReadable|BlueprintWritable|EditableOnDefaults,,False
Airship.LokiAirship,ALokiAirship_AS,LokiAirship_AS,class,ALokiAirship,LokiAirship,/Script/Loki.LokiAirship,14,True,14,MinRoadkillDamageSpeed,float64,DoubleProperty,True,BlueprintReadable|BlueprintWritable|EditableOnDefaults,,False
Airship.LokiAirship,ALokiAirship_AS,LokiAirship_AS,class,ALokiAirship,LokiAirship,/Script/Loki.LokiAirship,15,True,15,MaxRoadkillDamageSpeed,float64,DoubleProperty,True,BlueprintReadable|BlueprintWritable|EditableOnDefaults,,False
Airship.LokiAirship,ALokiAirship_AS,LokiAirship_AS,class,ALokiAirship,LokiAirship,/Script/Loki.LokiAirship,16,True,16,MinRoadkillBoopSpeed,float64,DoubleProperty,True,BlueprintReadable|BlueprintWritable|EditableOnDefaults,,False
Airship.LokiAirship,ALokiAirship_AS,LokiAirship_AS,class,ALokiAirship,LokiAirship,/Script/Loki.LokiAirship,17,True,17,MaxRoadkillBoopSpeed,float64,DoubleProperty,True,BlueprintReadable|BlueprintWritable|EditableOnDefaults,,False
Airship.LokiAirship,ALokiAirship_AS,LokiAirship_AS,class,ALokiAirship,LokiAirship,/Script/Loki.LokiAirship,18,True,18,MinRoadkillBoopForceXY,float64,DoubleProperty,True,BlueprintReadable|BlueprintWritable|EditableOnDefaults,,False
Airship.LokiAirship,ALokiAirship_AS,LokiAirship_AS,class,ALokiAirship,LokiAirship,/Script/Loki.LokiAirship,19,True,19,MaxRoadkillBoopForceXY,float64,DoubleProperty,True,BlueprintReadable|BlueprintWritable|EditableOnDefaults,,False
Airship.LokiAirship,ALokiAirship_AS,LokiAirship_AS,class,ALokiAirship,LokiAirship,/Script/Loki.LokiAirship,20,True,20,MinRoadkillBoopForceZ,float64,DoubleProperty,True,BlueprintReadable|BlueprintWritable|EditableOnDefaults,,False
Airship.LokiAirship,ALokiAirship_AS,LokiAirship_AS,class,ALokiAirship,LokiAirship,/Script/Loki.LokiAirship,21,True,21,MaxRoadkillBoopForceZ,float64,DoubleProperty,True,BlueprintReadable|BlueprintWritable|EditableOnDefaults,,False
Airship.LokiAirship,ALokiAirship_AS,LokiAirship_AS,class,ALokiAirship,LokiAirship,/Script/Loki.LokiAirship,22,True,22,RunningEffect,TSubclassOf<UGameplayEffect@>,ObjectProperty,True,BlueprintReadable|BlueprintWritable|EditableOnDefaults,,False
Airship.LokiAirship,ALokiAirship_AS,LokiAirship_AS,class,ALokiAirship,LokiAirship,/Script/Loki.LokiAirship,23,True,23,NumSecondsOfFuel,float64,DoubleProperty,True,BlueprintReadable|BlueprintWritable|EditableOnDefaults,,False
Airship.LokiAirship,ALokiAirship_AS,LokiAirship_AS,class,ALokiAirship,LokiAirship,/Script/Loki.LokiAirship,24,True,24,NumSecondsOfFuelWhileBoosting,float64,DoubleProperty,True,BlueprintReadable|BlueprintWritable|EditableOnDefaults,,False
Airship.LokiAirship,ALokiAirship_AS,LokiAirship_AS,class,ALokiAirship,LokiAirship,/Script/Loki.LokiAirship,25,True,25,FuelTickInterval,float64,DoubleProperty,True,BlueprintReadable|BlueprintWritable|EditableOnDefaults,,False
Airship.LokiAirship,ALokiAirship_AS,LokiAirship_AS,class,ALokiAirship,LokiAirship,/Script/Loki.LokiAirship,26,True,26,MinEjectionRelativeSpeed,float64,DoubleProperty,True,BlueprintReadable|BlueprintWritable|EditableOnDefaults,,False
Airship.LokiAirship,ALokiAirship_AS,LokiAirship_AS,class,ALokiAirship,LokiAirship,/Script/Loki.LokiAirship,27,False,,NextFuelTickTime,float64,DoubleProperty,False,,,False
Airship.LokiAirship,ALokiAirship_AS,LokiAirship_AS,class,ALokiAirship,LokiAirship,/Script/Loki.LokiAirship,28,True,27,HealthRegenTickInterval,float64,DoubleProperty,True,BlueprintReadable|BlueprintWritable|EditableOnDefaults,,False
Airship.LokiAirship,ALokiAirship_AS,LokiAirship_AS,class,ALokiAirship,LokiAirship,/Script/Loki.LokiAirship,29,False,,NextHealthRegenTickTime,float64,DoubleProperty,False,,,False
Airship.LokiAirship,ALokiAirship_AS,LokiAirship_AS,class,ALokiAirship,LokiAirship,/Script/Loki.LokiAirship,30,True,28,HealthRegenThresholds,TArray<float64>,Array<DoubleProperty>,True,BlueprintReadable|BlueprintWritable|EditableOnDefaults,,False
Airship.LokiAirship,ALokiAirship_AS,LokiAirship_AS,class,ALokiAirship,LokiAirship,/Script/Loki.LokiAirship,31,False,,HealthRegenDamagePhaseEffectHandle,FActiveGameplayEffectHandle,Struct<ActiveGameplayEffectHandle>,False,,,False
Airship.LokiAirship,ALokiAirship_AS,LokiAirship_AS,class,ALokiAirship,LokiAirship,/Script/Loki.LokiAirship,32,True,29,HealthRegenDamagePhaseEffects,TArray<TSubclassOf<UGameplayEffect@>>,Array<ObjectProperty>,True,BlueprintReadable|BlueprintWritable|EditableOnDefaults,,False
Airship.LokiAirship,ALokiAirship_AS,LokiAirship_AS,class,ALokiAirship,LokiAirship,/Script/Loki.LokiAirship,33,True,30,CurrentHealthRegenDamagePhase,int,IntProperty,True,BlueprintReadable|BlueprintWritable|EditableOnDefaults|EditableOnInstance|Transient,,False
Airship.LokiAirship,ALokiAirship_AS,LokiAirship_AS,class,ALokiAirship,LokiAirship,/Script/Loki.LokiAirship,34,False,,LastRoadkillTimes,"TMap<AActor@, float64>","Map<ObjectProperty,DoubleProperty>",False,,,False
Airship.LokiAirship,ALokiAirship_AS,LokiAirship_AS,class,ALokiAirship,LokiAirship,/Script/Loki.LokiAirship,35,False,,LastGenericCollisionTimes,"TMap<AActor@, float64>","Map<ObjectProperty,DoubleProperty>",False,,,False
Armory.LokiPlayerControllerArmoryComponent,ULokiPlayerControllerArmoryComponent,LokiPlayerControllerArmoryComponent,class,ULokiPlayerControllerArmoryComponentBase,LokiPlayerControllerArmoryComponentBase,/Script/Loki.LokiPlayerControllerArmoryComponentBase,0,True,0,RelicSlotName,const FName,NameProperty,True,BlueprintReadable|BlueprintWritable|EditableOnDefaults,,False
Armory.LokiPlayerControllerArmoryComponent,ULokiPlayerControllerArmoryComponent,LokiPlayerControllerArmoryComponent,class,ULokiPlayerControllerArmoryComponentBase,LokiPlayerControllerArmoryComponentBase,/Script/Loki.LokiPlayerControllerArmoryComponentBase,1,True,1,PerkSlotName,const FName,NameProperty,True,BlueprintReadable|BlueprintWritable|EditableOnDefaults,,False
Armory.LokiPlayerControllerArmoryComponent,ULokiPlayerControllerArmoryComponent,LokiPlayerControllerArmoryComponent,class,ULokiPlayerControllerArmoryComponentBase,LokiPlayerControllerArmoryComponentBase,/Script/Loki.LokiPlayerControllerArmoryComponentBase,2,True,2,BootsSlotName,const FName,NameProperty,True,BlueprintReadable|BlueprintWritable|EditableOnDefaults,,False
Armory.LokiPlayerControllerArmoryComponent,ULokiPlayerControllerArmoryComponent,LokiPlayerControllerArmoryComponent,class,ULokiPlayerControllerArmoryComponentBase,LokiPlayerControllerArmoryComponentBase,/Script/Loki.LokiPlayerControllerArmoryComponentBase,3,True,3,bLoadComplete,bool,BoolProperty,True,BlueprintReadable|EditableOnDefaults|EditableOnInstance,,False
Armory.LokiPlayerControllerArmoryComponent,ULokiPlayerControllerArmoryComponent,LokiPlayerControllerArmoryComponent,class,ULokiPlayerControllerArmoryComponentBase,LokiPlayerControllerArmoryComponentBase,/Script/Loki.LokiPlayerControllerArmoryComponentBase,4,True,4,PurchasedKits,TArray<FString>,Array<StrProperty>,True,BlueprintReadable|EditableOnDefaults|EditableOnInstance,,False
Armory.LokiPlayerControllerArmoryComponent,ULokiPlayerControllerArmoryComponent,LokiPlayerControllerArmoryComponent,class,ULokiPlayerControllerArmoryComponentBase,LokiPlayerControllerArmoryComponentBase,/Script/Loki.LokiPlayerControllerArmoryComponentBase,5,True,5,LoadedClasses,TArray<UClass@>,Array<ObjectProperty>,True,EditableOnDefaults|EditableOnInstance|Transient,,False
Armory.LokiPlayerControllerArmoryComponent,ULokiPlayerControllerArmoryComponent,LokiPlayerControllerArmoryComponent,class,ULokiPlayerControllerArmoryComponentBase,LokiPlayerControllerArmoryComponentBase,/Script/Loki.LokiPlayerControllerArmoryComponentBase,6,True,6,DefaultArmory,FPlayerArmory,Struct<PlayerArmory>,True,BlueprintReadable|BlueprintWritable|EditableOnDefaults,,False
Armory.LokiPlayerControllerArmoryComponent,ULokiPlayerControllerArmoryComponent,LokiPlayerControllerArmoryComponent,class,ULokiPlayerControllerArmoryComponentBase,LokiPlayerControllerArmoryComponentBase,/Script/Loki.LokiPlayerControllerArmoryComponentBase,7,True,7,Handle,ULoadAssetHandle@,ObjectProperty,True,EditableOnDefaults|EditableOnInstance,,False
Armory.LokiPlayerControllerArmoryComponent,ULokiPlayerControllerArmoryComponent,LokiPlayerControllerArmoryComponent,class,ULokiPlayerControllerArmoryComponentBase,LokiPlayerControllerArmoryComponentBase,/Script/Loki.LokiPlayerControllerArmoryComponentBase,8,True,8,DisabledItems,TArray<TSubclassOf<AActor@>>,Array<ObjectProperty>,True,BlueprintReadable|BlueprintWritable|EditableOnDefaults|EditableOnInstance|Replicated,0,False
Armory.LokiPlayerControllerArmoryComponent,ULokiPlayerControllerArmoryComponent,LokiPlayerControllerArmoryComponent,class,ULokiPlayerControllerArmoryComponentBase,LokiPlayerControllerArmoryComponentBase,/Script/Loki.LokiPlayerControllerArmoryComponentBase,9,True,9,DisabledItemAssetIDs,TArray<FPrimaryAssetId>,Array<Struct<PrimaryAssetId>>,True,BlueprintReadable|BlueprintWritable|EditableOnDefaults|EditableOnInstance|Replicated,0,False
Armory.LokiPlayerControllerArmoryComponent,ULokiPlayerControllerArmoryComponent,LokiPlayerControllerArmoryComponent,class,ULokiPlayerControllerArmoryComponentBase,LokiPlayerControllerArmoryComponentBase,/Script/Loki.LokiPlayerControllerArmoryComponentBase,10,False,,OnPlayerInitializedHandle,FGameEventListenerHandle,Struct<GameEventListenerHandle>,False,,,False
Armory.LokiPlayerControllerShopSkylandsComponent,ULokiPlayerControllerShopSkylandsComponent,LokiPlayerControllerShopSkylandsComponent,class,UActorComponent,ActorComponent,/Script/Engine.ActorComponent,0,True,0,SaleItem,FLokiShopInventory,Struct<LokiShopInventory>,True,BlueprintReadable|EditableOnDefaults|EditableOnInstance|Replicated,0,True
Armory.LokiPlayerControllerShopSkylandsComponent,ULokiPlayerControllerShopSkylandsComponent,LokiPlayerControllerShopSkylandsComponent,class,UActorComponent,ActorComponent,/Script/Engine.ActorComponent,1,True,1,ShopSaleTable,TSubclassOf<ULokiLootTable@>,ObjectProperty,True,BlueprintReadable|BlueprintWritable|EditableOnDefaults,,False
Armory.LokiPlayerControllerShopSkylandsComponent,ULokiPlayerControllerShopSkylandsComponent,LokiPlayerControllerShopSkylandsComponent,class,UActorComponent,ActorComponent,/Script/Engine.ActorComponent,2,True,2,bPlayAnimation,bool,BoolProperty,True,BlueprintReadable|BlueprintWritable|EditableOnDefaults|EditableOnInstance|Transient,,False
Barracuda.Components.BarracudaJungleCreepComponent,UBarracudaJungleCreepComponent,BarracudaJungleCreepComponent,class,UActorComponent,ActorComponent,/Script/Engine.ActorComponent,0,True,0,UnstuckTeleportTime,float64,DoubleProperty,True,EditableOnDefaults|EditableOnInstance,,False
Barracuda.Components.BarracudaJungleCreepComponent,UBarracudaJungleCreepComponent,BarracudaJungleCreepComponent,class,UActorComponent,ActorComponent,/Script/Engine.ActorComponent,1,True,1,StuckDetectionTime,float64,DoubleProperty,True,BlueprintReadable|BlueprintWritable|EditableOnDefaults|EditableOnInstance,,False
Barracuda.Components.BarracudaLaneComponent,UBarracudaLaneComponent,BarracudaLaneComponent,class,UActorComponent,ActorComponent,/Script/Engine.ActorComponent,0,True,0,LaneIndex,int,IntProperty,True,BlueprintReadable|EditableOnDefaults|EditableOnInstance,,False
Barracuda.Components.BarracudaLaneComponent,UBarracudaLaneComponent,BarracudaLaneComponent,class,UActorComponent,ActorComponent,/Script/Engine.ActorComponent,1,True,1,OnLaneIndexUpdated,FOnLaneIndexUpdated,MulticastDelegateProperty,True,BlueprintReadable|BlueprintWritable|EditableOnDefaults|EditableOnInstance,,False
Barracuda.Components.BarracudaMinionTargetingComponent,UBarracudaMinionTargetingComponent,BarracudaMinionTargetingComponent,class,ULokiMinionTargetingComponent,LokiMinionTargetingComponent,/Script/Loki.LokiMinionTargetingComponent,0,True,0,HighPriorityEnemyCharacter,ALokiCharacter@,ObjectProperty,True,BlueprintReadable|BlueprintWritable|EditableOnDefaults|EditableOnInstance,,False
Barracuda.Components.BarracudaMinionTargetingComponent,UBarracudaMinionTargetingComponent,BarracudaMinionTargetingComponent,class,ULokiMinionTargetingComponent,LokiMinionTargetingComponent,/Script/Loki.LokiMinionTargetingComponent,1,True,1,CurrentTargetEnemy,AActor@,ObjectProperty,True,BlueprintReadable|BlueprintWritable|EditableOnDefaults|EditableOnInstance,,False
Barracuda.Components.BarracudaMinionTargetingComponent,UBarracudaMinionTargetingComponent,BarracudaMinionTargetingComponent,class,ULokiMinionTargetingComponent,LokiMinionTargetingComponent,/Script/Loki.LokiMinionTargetingComponent,2,True,2,ReleaseHighPriorityEnemyTime,float64,DoubleProperty,True,BlueprintReadable|BlueprintWritable|EditableOnDefaults|EditableOnInstance,,False
Barracuda.Components.BarracudaMinionTargetingComponent,UBarracudaMinionTargetingComponent,BarracudaMinionTargetingComponent,class,ULokiMinionTargetingComponent,LokiMinionTargetingComponent,/Script/Loki.LokiMinionTargetingComponent,3,True,3,HighPriorityEnemyMemory,float64,DoubleProperty,True,BlueprintReadable|BlueprintWritable|EditableOnDefaults|EditableOnInstance,,False
Barracuda.Components.BarracudaPlayerStateComponent,UBarracudaPlayerStateComponent,BarracudaPlayerStateComponent,class,UActorComponent,ActorComponent,/Script/Engine.ActorComponent,0,True,0,InternalNextRespawnTime,float64,DoubleProperty,True,BlueprintReadable|BlueprintWritable|EditableOnDefaults|EditableOnInstance|Replicated,0,True
Barracuda.Components.BarracudaPlayerStateComponent,UBarracudaPlayerStateComponent,BarracudaPlayerStateComponent,class,UActorComponent,ActorComponent,/Script/Engine.ActorComponent,1,True,1,OnNextRespawnTimeChanged,FNextRespawnTimeChanged,MulticastDelegateProperty,True,BlueprintReadable|BlueprintWritable|EditableOnDefaults|EditableOnInstance,,False
Barracuda.Components.BarracudaStructureComponent,UBarracudaStructureComponent,BarracudaStructureComponent,class,UActorComponent,ActorComponent,/Script/Engine.ActorComponent,0,True,0,bAttackable,bool,BoolProperty,True,BlueprintReadable|BlueprintWritable|EditableOnDefaults|EditableOnInstance,,False
Barracuda.Components.BarracudaStructureComponent,UBarracudaStructureComponent,BarracudaStructureComponent,class,UActorComponent,ActorComponent,/Script/Engine.ActorComponent,1,True,1,bRespawnLocation,bool,BoolProperty,True,BlueprintReadable|BlueprintWritable|EditableOnDefaults|EditableOnInstance,,False
Barracuda.GameMode.BarracudaGameMode,ABarracudaGameMode,BarracudaGameMode,class,ALokiTowerDefenseGameMode,LokiTowerDefenseGameMode,/Script/Loki.LokiTowerDefenseGameMode,0,True,0,RallyMinionsComponent,UBarracudaRallyMinionsComponent@,ObjectProperty,True,BlueprintReadable|EditableOnDefaults|InstancedReference,,False
Barracuda.GameMode.BarracudaGameMode,ABarracudaGameMode,BarracudaGameMode,class,ALokiTowerDefenseGameMode,LokiTowerDefenseGameMode,/Script/Loki.LokiTowerDefenseGameMode,1,True,1,BarracudaPlayerSpawnerComponent,UBarracudaPlayerSpawnerComponent@,ObjectProperty,True,BlueprintReadable|EditableOnDefaults|InstancedReference,,False
Barracuda.GameMode.BarracudaGameMode,ABarracudaGameMode,BarracudaGameMode,class,ALokiTowerDefenseGameMode,LokiTowerDefenseGameMode,/Script/Loki.LokiTowerDefenseGameMode,2,True,2,MatchStartTime,float32,FloatProperty,True,BlueprintReadable|BlueprintWritable|EditableOnDefaults|EditableOnInstance|Transient,,False
Barracuda.GameMode.BarracudaGameMode,ABarracudaGameMode,BarracudaGameMode,class,ALokiTowerDefenseGameMode,LokiTowerDefenseGameMode,/Script/Loki.LokiTowerDefenseGameMode,3,True,3,GoldLossOnDeath,float32,FloatProperty,True,BlueprintReadable|BlueprintWritable|EditableOnDefaults|EditableOnInstance,,False
Barracuda.GameMode.BarracudaGameMode,ABarracudaGameMode,BarracudaGameMode,class,ALokiTowerDefenseGameMode,LokiTowerDefenseGameMode,/Script/Loki.LokiTowerDefenseGameMode,4,True,4,GoldBountyPerCurrentStreak,TArray<int>,Array<IntProperty>,True,BlueprintReadable|BlueprintWritable|EditableOnDefaults,,False
Barracuda.GameMode.BarracudaGameMode,ABarracudaGameMode,BarracudaGameMode,class,ALokiTowerDefenseGameMode,LokiTowerDefenseGameMode,/Script/Loki.LokiTowerDefenseGameMode,5,True,5,DayNightDuration,float64,DoubleProperty,True,BlueprintReadable|BlueprintWritable|EditableOnDefaults|EditableOnInstance,,False
Barracuda.GameMode.BarracudaGameMode,ABarracudaGameMode,BarracudaGameMode,class,ALokiTowerDefenseGameMode,LokiTowerDefenseGameMode,/Script/Loki.LokiTowerDefenseGameMode,6,True,6,bIsDay,bool,BoolProperty,True,BlueprintReadable|BlueprintWritable|EditableOnDefaults|EditableOnInstance|Transient,,False
Barracuda.GameMode.BarracudaGameMode,ABarracudaGameMode,BarracudaGameMode,class,ALokiTowerDefenseGameMode,LokiTowerDefenseGameMode,/Script/Loki.LokiTowerDefenseGameMode,7,True,7,MinionSplitXPBonuses,TArray<float32>,Array<FloatProperty>,True,BlueprintReadable|BlueprintWritable|EditableOnDefaults|EditableOnInstance,,False
Barracuda.GameMode.BarracudaGameMode,ABarracudaGameMode,BarracudaGameMode,class,ALokiTowerDefenseGameMode,LokiTowerDefenseGameMode,/Script/Loki.LokiTowerDefenseGameMode,8,True,8,MercyHeroKillXPCoefficients,TArray<float32>,Array<FloatProperty>,True,BlueprintReadable|BlueprintWritable|EditableOnDefaults|EditableOnInstance,,False
Barracuda.GameMode.BarracudaGameMode,ABarracudaGameMode,BarracudaGameMode,class,ALokiTowerDefenseGameMode,LokiTowerDefenseGameMode,/Script/Loki.LokiTowerDefenseGameMode,9,True,9,UnderdogHeroKillXPBonusPerLevel,float32,FloatProperty,True,BlueprintReadable|BlueprintWritable|EditableOnDefaults|EditableOnInstance,,False
Barracuda.GameMode.BarracudaGameMode,ABarracudaGameMode,BarracudaGameMode,class,ALokiTowerDefenseGameMode,LokiTowerDefenseGameMode,/Script/Loki.LokiTowerDefenseGameMode,10,True,10,bAnyTowersKilled,bool,BoolProperty,True,BlueprintReadable|BlueprintWritable|EditableOnDefaults|EditableOnInstance|Transient,,False
Barracuda.GameMode.BarracudaGameMode,ABarracudaGameMode,BarracudaGameMode,class,ALokiTowerDefenseGameMode,LokiTowerDefenseGameMode,/Script/Loki.LokiTowerDefenseGameMode,11,True,11,DragonRewards,TArray<TSubclassOf<UGameplayEffect@>>,Array<ObjectProperty>,True,BlueprintReadable|BlueprintWritable|EditableOnDefaults|EditableOnInstance,,False
Barracuda.GameMode.BarracudaGameMode,ABarracudaGameMode,BarracudaGameMode,class,ALokiTowerDefenseGameMode,LokiTowerDefenseGameMode,/Script/Loki.LokiTowerDefenseGameMode,12,True,12,NumDragonsKilled,int,IntProperty,True,BlueprintReadable|BlueprintWritable|EditableOnDefaults|EditableOnInstance|Transient,,False
Barracuda.GameMode.BarracudaGameMode,ABarracudaGameMode,BarracudaGameMode,class,ALokiTowerDefenseGameMode,LokiTowerDefenseGameMode,/Script/Loki.LokiTowerDefenseGameMode,13,True,13,LastKnockedTimeTable,"TMap<ALokiPlayerState@, float64>","Map<ObjectProperty,DoubleProperty>",True,BlueprintReadable|BlueprintWritable|EditableOnDefaults|EditableOnInstance|Transient,,False
Barracuda.GameMode.BarracudaGameMode,ABarracudaGameMode,BarracudaGameMode,class,ALokiTowerDefenseGameMode,LokiTowerDefenseGameMode,/Script/Loki.LokiTowerDefenseGameMode,14,True,14,KnockXPCooldownTime,float64,DoubleProperty,True,BlueprintReadable|EditableOnDefaults,,False
Barracuda.GameMode.BarracudaGameMode,ABarracudaGameMode,BarracudaGameMode,class,ALokiTowerDefenseGameMode,LokiTowerDefenseGameMode,/Script/Loki.LokiTowerDefenseGameMode,15,False,,DragonKilledPilotVO,FGameplayTag,Struct<GameplayTag>,False,,,False
Barracuda.GameMode.BarracudaGameMode,ABarracudaGameMode,BarracudaGameMode,class,ALokiTowerDefenseGameMode,LokiTowerDefenseGameMode,/Script/Loki.LokiTowerDefenseGameMode,16,False,,MomentumBossKilledPilotVO,FGameplayTag,Struct<GameplayTag>,False,,,False
Barracuda.GameMode.BarracudaGameMode,ABarracudaGameMode,BarracudaGameMode,class,ALokiTowerDefenseGameMode,LokiTowerDefenseGameMode,/Script/Loki.LokiTowerDefenseGameMode,17,False,,MomentumBuffEffect,TSubclassOf<UGameplayEffect@>,ObjectProperty,False,,,False
Barracuda.GameMode.BarracudaPlayerSpawnerComponent,UBarracudaPlayerSpawnerComponent,BarracudaPlayerSpawnerComponent,class,UActorComponent,ActorComponent,/Script/Engine.ActorComponent,0,True,0,RespawnTimePerLevel,TArray<float64>,Array<DoubleProperty>,True,BlueprintReadable|BlueprintWritable|EditableOnDefaults,,False
Barracuda.GameMode.BarracudaPlayerSpawnerComponent,UBarracudaPlayerSpawnerComponent,BarracudaPlayerSpawnerComponent,class,UActorComponent,ActorComponent,/Script/Engine.ActorComponent,1,True,1,MatchTimeRespawnCeiling,float64,DoubleProperty,True,BlueprintReadable|BlueprintWritable|EditableOnDefaults,,False
Barracuda.GameMode.BarracudaPlayerSpawnerComponent,UBarracudaPlayerSpawnerComponent,BarracudaPlayerSpawnerComponent,class,UActorComponent,ActorComponent,/Script/Engine.ActorComponent,2,True,2,MatchRespawnTimeFactor,float64,DoubleProperty,True,BlueprintReadable|BlueprintWritable|EditableOnDefaults,,False
Barracuda.GameMode.BarracudaRallyMinionsComponent,UBarracudaRallyMinionsComponent,BarracudaRallyMinionsComponent,class,UActorComponent,ActorComponent,/Script/Engine.ActorComponent,0,True,0,RallyAggroRange,float64,DoubleProperty,True,BlueprintReadable|BlueprintWritable|EditableOnDefaults|EditableOnInstance,,False
Barracuda.GameState.BarracudaGameStateComponent,UBarracudaGameStateComponent,BarracudaGameStateComponent,class,UActorComponent,ActorComponent,/Script/Engine.ActorComponent,0,True,0,NextDayNightSwapTime,float64,DoubleProperty,True,BlueprintReadable|BlueprintWritable|Replicated,0,False
Barracuda.GameState.BarracudaGameStateComponent,UBarracudaGameStateComponent,BarracudaGameStateComponent,class,UActorComponent,ActorComponent,/Script/Engine.ActorComponent,1,True,1,bDayNightTransitionEnabled,bool,BoolProperty,True,BlueprintReadable|BlueprintWritable|EditableOnDefaults|EditableOnInstance|Transient,,False
Barracuda.GameState.BarracudaGameStateComponent,UBarracudaGameStateComponent,BarracudaGameStateComponent,class,UActorComponent,ActorComponent,/Script/Engine.ActorComponent,2,True,2,Structures,TSet<AActor@>,Set<ObjectProperty>,True,BlueprintReadable|BlueprintWritable|Transient,,False
Barracuda.GameState.BarracudaGameStateComponent,UBarracudaGameStateComponent,BarracudaGameStateComponent,class,UActorComponent,ActorComponent,/Script/Engine.ActorComponent,3,True,3,MinionWaypoints,TSet<ABarracudaMinionWaypoint@>,Set<ObjectProperty>,True,BlueprintReadable|BlueprintWritable|Transient,,False
Barracuda.GameState.BarracudaGameStateComponent,UBarracudaGameStateComponent,BarracudaGameStateComponent,class,UActorComponent,ActorComponent,/Script/Engine.ActorComponent,4,True,4,ShopClass,TSubclassOf<ABarracudaShop@>,ObjectProperty,True,BlueprintReadable|BlueprintWritable|EditableOnDefaults,,False
Barracuda.GameState.BarracudaGameStateComponent,UBarracudaGameStateComponent,BarracudaGameStateComponent,class,UActorComponent,ActorComponent,/Script/Engine.ActorComponent,5,True,5,Shop,ABarracudaShop@,ObjectProperty,True,BlueprintReadable|BlueprintWritable|Replicated,0,False
Barracuda.GameState.BarracudaGameStateComponent,UBarracudaGameStateComponent,BarracudaGameStateComponent,class,UActorComponent,ActorComponent,/Script/Engine.ActorComponent,6,True,6,DisabledSpawnerTypes,FGameplayTagContainer,Struct<GameplayTagContainer>,True,BlueprintReadable|EditableOnDefaults|EditableOnInstance|Transient,,False
Barracuda.GameState.BarracudaGameStateComponent,UBarracudaGameStateComponent,BarracudaGameStateComponent,class,UActorComponent,ActorComponent,/Script/Engine.ActorComponent,7,True,7,BarracudaPhases,TArray<FBarracudaPhase>,Array<Struct<BarracudaPhase>>,True,BlueprintReadable|EditableOnDefaults,,False
Barracuda.GameState.BarracudaGameStateComponent,UBarracudaGameStateComponent,BarracudaGameStateComponent,class,UActorComponent,ActorComponent,/Script/Engine.ActorComponent,8,True,8,CurrentPhaseIndex,int,IntProperty,True,BlueprintReadable|EditableOnDefaults|EditableOnInstance|Replicated|Transient,0,True
Barracuda.GameState.BarracudaGameStateComponent,UBarracudaGameStateComponent,BarracudaGameStateComponent,class,UActorComponent,ActorComponent,/Script/Engine.ActorComponent,9,True,9,CurrentPhaseStartTime,float64,DoubleProperty,True,BlueprintReadable|EditableOnDefaults|EditableOnInstance|Replicated|Transient,0,False
Barracuda.GameState.BarracudaGameStateComponent,UBarracudaGameStateComponent,BarracudaGameStateComponent,class,UActorComponent,ActorComponent,/Script/Engine.ActorComponent,10,True,10,TeamKillScores,TArray<int>,Array<IntProperty>,True,BlueprintReadable|BlueprintWritable|EditableOnDefaults|EditableOnInstance|Replicated|Transient,0,True
Barracuda.GameState.BarracudaGameStateComponent,UBarracudaGameStateComponent,BarracudaGameStateComponent,class,UActorComponent,ActorComponent,/Script/Engine.ActorComponent,11,True,11,OnTeamKillsUpdated,FOnTeamKillsUpdated,MulticastDelegateProperty,True,BlueprintReadable|BlueprintWritable|EditableOnDefaults|EditableOnInstance,,False
Barracuda.GameState.BarracudaGameStateComponent,UBarracudaGameStateComponent,BarracudaGameStateComponent,class,UActorComponent,ActorComponent,/Script/Engine.ActorComponent,12,True,12,NumDragonsKilled,int,IntProperty,True,BlueprintReadable|BlueprintWritable|EditableOnDefaults|EditableOnInstance|Replicated,0,True
Barracuda.GameState.BarracudaGameStateComponent,UBarracudaGameStateComponent,BarracudaGameStateComponent,class,UActorComponent,ActorComponent,/Script/Engine.ActorComponent,13,True,13,OnDragonKillsUpdated,FOnDragonKillsUpdated,MulticastDelegateProperty,True,BlueprintReadable|BlueprintWritable|EditableOnDefaults|EditableOnInstance,,False
Barracuda.GameState.BarracudaTeamState_TeamOnly,ABarracudaTeamState_TeamOnly,BarracudaTeamState_TeamOnly,class,ALokiTeamState_TeamOnly,LokiTeamState_TeamOnly,/Script/Loki.LokiTeamState_TeamOnly,0,True,0,SpawnerToSpawnTime,"TMap<ABarracudaMinionSpawner@, float64>","Map<ObjectProperty,DoubleProperty>",True,BlueprintReadable|BlueprintWritable|Transient,,False
Barracuda.Minion.BarracudaLaneMinionConfig,FBarracudaLaneMinionConfig,BarracudaLaneMinionConfig,struct,,,,0,True,0,GenericDamage,float64,DoubleProperty,True,BlueprintReadable|BlueprintWritable|EditableOnDefaults|EditableOnInstance,,False
Barracuda.Minion.BarracudaLaneMinionConfig,FBarracudaLaneMinionConfig,BarracudaLaneMinionConfig,struct,,,,1,True,1,AdditionalTowerDamage,float64,DoubleProperty,True,BlueprintReadable|BlueprintWritable|EditableOnDefaults|EditableOnInstance,,False
Barracuda.Minion.BarracudaLaneMinionConfig,FBarracudaLaneMinionConfig,BarracudaLaneMinionConfig,struct,,,,2,True,2,ProjectileMaxDistance,float64,DoubleProperty,True,BlueprintReadable|BlueprintWritable|EditableOnDefaults|EditableOnInstance,,False
Barracuda.Minion.BarracudaLaneMinionConfig,FBarracudaLaneMinionConfig,BarracudaLaneMinionConfig,struct,,,,3,True,3,ProjectileInitialSpeed,float64,DoubleProperty,True,BlueprintReadable|BlueprintWritable|EditableOnDefaults|EditableOnInstance,,False
Barracuda.Minion.BarracudaLaneMinionConfig,FBarracudaLaneMinionConfig,BarracudaLaneMinionConfig,struct,,,,4,True,4,ProjectileHomingAcceleration,float64,DoubleProperty,True,BlueprintReadable|BlueprintWritable|EditableOnDefaults|EditableOnInstance,,False
Barracuda.Minion.BarracudaMinionRewardComponent,UBarracudaMinionRewardComponent,BarracudaMinionRewardComponent,class,UActorComponent,ActorComponent,/Script/Engine.ActorComponent,0,True,0,GoldRewardMethod,EBarracudaMinionGoldRewardMethod,Enum<EBarracudaMinionGoldRewardMethod:IntProperty>,True,BlueprintReadable|EditableOnDefaults,,False
Barracuda.Minion.BarracudaMinionRewardComponent,UBarracudaMinionRewardComponent,BarracudaMinionRewardComponent,class,UActorComponent,ActorComponent,/Script/Engine.ActorComponent,1,True,1,bGrantLoot,bool,BoolProperty,True,BlueprintReadable,,False
Barracuda.Minion.BarracudaMinionRewardComponent,UBarracudaMinionRewardComponent,BarracudaMinionRewardComponent,class,UActorComponent,ActorComponent,/Script/Engine.ActorComponent,2,True,2,LastHitGoldBonus,int,IntProperty,True,BlueprintReadable|EditableOnDefaults|EditableOnInstance,,False
Barracuda.Minion.Waypoints.BarracudaMinionWaypoint,ABarracudaMinionWaypoint,BarracudaMinionWaypoint,class,AActor,Actor,/Script/Engine.Actor,0,True,0,InitialLaneIndex,int,IntProperty,True,BlueprintReadable|BlueprintWritable|EditableOnDefaults|EditableOnInstance,,False
Barracuda.Minion.Waypoints.BarracudaMinionWaypoint,ABarracudaMinionWaypoint,BarracudaMinionWaypoint,class,AActor,Actor,/Script/Engine.Actor,1,True,1,WaypointTowardTeam0,ABarracudaMinionWaypoint@,ObjectProperty,True,BlueprintReadable|BlueprintWritable|EditableOnDefaults|EditableOnInstance,,False
Barracuda.Minion.Waypoints.BarracudaMinionWaypoint,ABarracudaMinionWaypoint,BarracudaMinionWaypoint,class,AActor,Actor,/Script/Engine.Actor,2,True,2,WaypointTowardTeam1,ABarracudaMinionWaypoint@,ObjectProperty,True,BlueprintReadable|BlueprintWritable|EditableOnDefaults|EditableOnInstance,,False
Barracuda.Minion.Waypoints.BarracudaMinionWaypoint,ABarracudaMinionWaypoint,BarracudaMinionWaypoint,class,AActor,Actor,/Script/Engine.Actor,3,True,3,TriggerComponent,UBoxComponent@,ObjectProperty,True,BlueprintReadable|EditableOnDefaults|EditableOnInstance|InstancedReference,,False
Barracuda.Minion.Waypoints.BarracudaMinionWaypoint,ABarracudaMinionWaypoint,BarracudaMinionWaypoint,class,AActor,Actor,/Script/Engine.Actor,4,True,4,LaneComponent,UBarracudaLaneComponent@,ObjectProperty,True,BlueprintReadable|EditableOnDefaults|InstancedReference,,False
Barracuda.Minion.Waypoints.BarracudaMinionWaypointFollowerComponent,UBarracudaMinionWaypointFollowerComponent,BarracudaMinionWaypointFollowerComponent,class,UActorComponent,ActorComponent,/Script/Engine.ActorComponent,0,True,0,LastWaypointTime,float64,DoubleProperty,True,BlueprintReadable|BlueprintWritable|Transient,,False
Barracuda.Minion.Waypoints.BarracudaMinionWaypointFollowerComponent,UBarracudaMinionWaypointFollowerComponent,BarracudaMinionWaypointFollowerComponent,class,UActorComponent,ActorComponent,/Script/Engine.ActorComponent,1,True,1,bDrawDebug,bool,BoolProperty,True,BlueprintReadable|BlueprintWritable|EditableOnDefaults|EditableOnInstance|Transient,,False
Barracuda.Minion.Waypoints.BarracudaMinionWaypointFollowerComponent,UBarracudaMinionWaypointFollowerComponent,BarracudaMinionWaypointFollowerComponent,class,UActorComponent,ActorComponent,/Script/Engine.ActorComponent,2,True,2,DebugDrawPathDurationWarningThreshold,float64,DoubleProperty,True,BlueprintReadable|BlueprintWritable|EditableOnDefaults|EditableOnInstance,,False
Barracuda.Minion.Waypoints.BarracudaMinionWaypointFollowerComponent,UBarracudaMinionWaypointFollowerComponent,BarracudaMinionWaypointFollowerComponent,class,UActorComponent,ActorComponent,/Script/Engine.ActorComponent,3,True,3,DebugDrawPathDurationErrorThreshold,float64,DoubleProperty,True,BlueprintReadable|BlueprintWritable|EditableOnDefaults|EditableOnInstance,,False
Barracuda.Minion.Waypoints.BarracudaMinionWaypointFollowerComponent,UBarracudaMinionWaypointFollowerComponent,BarracudaMinionWaypointFollowerComponent,class,UActorComponent,ActorComponent,/Script/Engine.ActorComponent,4,True,4,CurrentWaypoint,ABarracudaMinionWaypoint@,ObjectProperty,True,BlueprintReadable|BlueprintWritable|Transient,,False
Barracuda.Minion.Waypoints.BarracudaMinionWaypointFollowerComponent,UBarracudaMinionWaypointFollowerComponent,BarracudaMinionWaypointFollowerComponent,class,UActorComponent,ActorComponent,/Script/Engine.ActorComponent,5,True,5,LastWaypoint,ABarracudaMinionWaypoint@,ObjectProperty,True,BlueprintReadable|BlueprintWritable|Transient,,False
Barracuda.Minion.Waypoints.BarracudaMinionWaypointFollowerComponent,UBarracudaMinionWaypointFollowerComponent,BarracudaMinionWaypointFollowerComponent,class,UActorComponent,ActorComponent,/Script/Engine.ActorComponent,6,True,6,LastCombatTime,float64,DoubleProperty,True,BlueprintReadable|BlueprintWritable|Transient,,False
Barracuda.Minion.Waypoints.BarracudaMinionWaypointFollowerComponent,UBarracudaMinionWaypointFollowerComponent,BarracudaMinionWaypointFollowerComponent,class,UActorComponent,ActorComponent,/Script/Engine.ActorComponent,7,True,7,CachedLocation,FVector,Struct<Vector>,True,BlueprintReadable|BlueprintWritable|Transient,,False
Barracuda.Minion.Waypoints.BarracudaMinionWaypointFollowerComponent,UBarracudaMinionWaypointFollowerComponent,BarracudaMinionWaypointFollowerComponent,class,UActorComponent,ActorComponent,/Script/Engine.ActorComponent,8,True,8,TimeFirstArrivedAtCachedLocation,float64,DoubleProperty,True,BlueprintReadable|BlueprintWritable|Transient,,False
Barracuda.Minion.Waypoints.BTService_UpdateMinionWaypoint,UBTService_BarracudaUpdateMinionWaypoint,BTService_BarracudaUpdateMinionWaypoint,class,UBTService_BlueprintBase,BTService_BlueprintBase,/Script/AIModule.BTService_BlueprintBase,0,True,0,WaypointLocationKey,FBlackboardKeySelector,Struct<BlackboardKeySelector>,True,BlueprintReadable|BlueprintWritable|EditableOnDefaults|EditableOnInstance,,False
Barracuda.Shop.BarracudaShop,UBarracudaShopItemGraphNode,BarracudaShopItemGraphNode,class,UObject,Object,/Script/CoreUObject.Object,0,True,0,Item,TSubclassOf<ALokiBaseItem@>,ObjectProperty,True,BlueprintReadable|BlueprintWritable|EditableOnDefaults|EditableOnInstance,,False
Barracuda.Shop.BarracudaShop,UBarracudaShopItemGraphNode,BarracudaShopItemGraphNode,class,UObject,Object,/Script/CoreUObject.Object,1,True,1,RecipeCost,int,IntProperty,True,BlueprintReadable|BlueprintWritable|EditableOnDefaults|EditableOnInstance,,False
Barracuda.Shop.BarracudaShop,UBarracudaShopItemGraphNode,BarracudaShopItemGraphNode,class,UObject,Object,/Script/CoreUObject.Object,2,True,2,TotalCost,int,IntProperty,True,BlueprintReadable|BlueprintWritable|EditableOnDefaults|EditableOnInstance,,False
Barracuda.Shop.BarracudaShop,UBarracudaShopItemGraphNode,BarracudaShopItemGraphNode,class,UObject,Object,/Script/CoreUObject.Object,3,True,3,Inputs,TArray<UBarracudaShopItemGraphNode@>,Array<ObjectProperty>,True,BlueprintReadable|BlueprintWritable|EditableOnDefaults|EditableOnInstance,,False
Barracuda.Shop.BarracudaShop,UBarracudaShopItemGraphNode,BarracudaShopItemGraphNode,class,UObject,Object,/Script/CoreUObject.Object,4,True,4,Outputs,TSet<UBarracudaShopItemGraphNode@>,Set<ObjectProperty>,True,BlueprintReadable|BlueprintWritable|EditableOnDefaults|EditableOnInstance,,False
Barracuda.Shop.BarracudaShop,UBarracudaShopItemGraphNode,BarracudaShopItemGraphNode,class,UObject,Object,/Script/CoreUObject.Object,5,True,5,bHasTotalCost,bool,BoolProperty,True,BlueprintReadable|BlueprintWritable|EditableOnDefaults|EditableOnInstance,,False
Barracuda.Shop.BarracudaShop,FBarracudaShopPurchasePlan,BarracudaShopPurchasePlan,struct,,,,0,True,0,Gold,int,IntProperty,True,BlueprintReadable|BlueprintWritable|EditableOnDefaults|EditableOnInstance,,False
Barracuda.Shop.BarracudaShop,FBarracudaShopPurchasePlan,BarracudaShopPurchasePlan,struct,,,,1,True,1,ItemsToConsume,TSet<ALokiBaseItem@>,Set<ObjectProperty>,True,BlueprintReadable|BlueprintWritable|EditableOnDefaults|EditableOnInstance,,False
Barracuda.Shop.BarracudaShop,ABarracudaShop,BarracudaShop,class,AActor,Actor,/Script/Engine.Actor,0,True,0,SellValueCoefficient,float64,DoubleProperty,True,BlueprintReadable|EditableOnDefaults|EditableOnInstance,,False
Barracuda.Shop.BarracudaShop,ABarracudaShop,BarracudaShop,class,AActor,Actor,/Script/Engine.Actor,1,True,1,ItemLootTables,TArray<TSubclassOf<ULokiLootTableFull@>>,Array<ObjectProperty>,True,BlueprintReadable|EditableOnDefaults|EditableOnInstance,,False
Barracuda.Shop.BarracudaShop,ABarracudaShop,BarracudaShop,class,AActor,Actor,/Script/Engine.Actor,2,True,2,ItemGraphNodes,"TMap<TSubclassOf<ALokiBaseItem@>, UBarracudaShopItemGraphNode@>","Map<ObjectProperty,ObjectProperty>",True,BlueprintReadable|BlueprintWritable|Transient,,False
Barracuda.Shop.BarracudaShop,ABarracudaShop,BarracudaShop,class,AActor,Actor,/Script/Engine.Actor,3,True,3,ClientNameFilterString,FString,StrProperty,True,BlueprintReadable|BlueprintWritable|Transient,,False
Barracuda.Shop.BarracudaShop,ABarracudaShop,BarracudaShop,class,AActor,Actor,/Script/Engine.Actor,4,True,4,ClientTagFilters,TArray<FGameplayTag>,Array<Struct<GameplayTag>>,True,BlueprintReadable|BlueprintWritable|Transient,,False
Barracuda.Shop.BarracudaShop,ABarracudaShop,BarracudaShop,class,AActor,Actor,/Script/Engine.Actor,5,True,5,ClientCurrentFocus,TSubclassOf<ALokiBaseItem@>,ObjectProperty,True,BlueprintReadable|BlueprintWritable|Transient,,False
Barracuda.Shop.BarracudaShop,ABarracudaShop,BarracudaShop,class,AActor,Actor,/Script/Engine.Actor,6,False,,AllItems,TArray<TSubclassOf<AActor@>>,Array<ObjectProperty>,False,,,False
Barracuda.Shop.BarracudaShop,ABarracudaShop,BarracudaShop,class,AActor,Actor,/Script/Engine.Actor,7,False,,bDebugLogGraph,bool,BoolProperty,False,,,False
Barracuda.Shop.BarracudaShopItemTreeNodeWidget,UBarracudaShopItemTreeNodeWidget,BarracudaShopItemTreeNodeWidget,class,UUserWidget,UserWidget,/Script/UMG.UserWidget,0,True,0,ChildContainer,UPanelWidget@,ObjectProperty,True,BlueprintReadable,,False
Barracuda.Shop.BarracudaShopItemTreeNodeWidget,UBarracudaShopItemTreeNodeWidget,BarracudaShopItemTreeNodeWidget,class,UUserWidget,UserWidget,/Script/UMG.UserWidget,1,True,1,ItemName,UTextBlock@,ObjectProperty,True,BlueprintReadable,,False
Barracuda.Shop.BarracudaShopItemTreeNodeWidget,UBarracudaShopItemTreeNodeWidget,BarracudaShopItemTreeNodeWidget,class,UUserWidget,UserWidget,/Script/UMG.UserWidget,2,True,2,OwnedIndicator,UOverlay@,ObjectProperty,True,BlueprintReadable,,False
Barracuda.Shop.BarracudaShopItemTreeNodeWidget,UBarracudaShopItemTreeNodeWidget,BarracudaShopItemTreeNodeWidget,class,UUserWidget,UserWidget,/Script/UMG.UserWidget,3,True,3,ShopItemWidget,UBarracudaShopItemWidget@,ObjectProperty,True,BlueprintReadable,,False
Barracuda.Shop.BarracudaShopItemTreeNodeWidget,UBarracudaShopItemTreeNodeWidget,BarracudaShopItemTreeNodeWidget,class,UUserWidget,UserWidget,/Script/UMG.UserWidget,4,True,4,DesignTimePrviewInputCount,int,IntProperty,True,BlueprintReadable|BlueprintWritable|EditableOnDefaults|EditableOnInstance,,False
Barracuda.Shop.BarracudaShopItemTreeNodeWidget,UBarracudaShopItemTreeNodeWidget,BarracudaShopItemTreeNodeWidget,class,UUserWidget,UserWidget,/Script/UMG.UserWidget,5,True,5,DesignTimePreviewDepthCount,int,IntProperty,True,BlueprintReadable|BlueprintWritable|EditableOnDefaults|EditableOnInstance,,False
Barracuda.Shop.BarracudaShopItemTreeNodeWidget,UBarracudaShopItemTreeNodeWidget,BarracudaShopItemTreeNodeWidget,class,UUserWidget,UserWidget,/Script/UMG.UserWidget,6,True,6,bDesignTimePreviewOwned,bool,BoolProperty,True,BlueprintReadable|BlueprintWritable|EditableOnDefaults,,False
Barracuda.Shop.BarracudaShopItemTreeNodeWidget,UBarracudaShopItemTreeNodeWidget,BarracudaShopItemTreeNodeWidget,class,UUserWidget,UserWidget,/Script/UMG.UserWidget,7,True,7,ItemClass,TSubclassOf<ALokiBaseItem@>,ObjectProperty,True,BlueprintReadable|BlueprintWritable|EditableOnDefaults|EditableOnInstance|Transient,,False
Barracuda.Shop.BarracudaShopItemTreeNodeWidget,UBarracudaShopItemTreeNodeWidget,BarracudaShopItemTreeNodeWidget,class,UUserWidget,UserWidget,/Script/UMG.UserWidget,8,True,8,Tree,UBarracudaShopItemTreeWidget@,ObjectProperty,True,BlueprintReadable|Transient,,False
Barracuda.Shop.BarracudaShopItemTreeWidget,UBarracudaShopItemTreeWidget,BarracudaShopItemTreeWidget,class,UUserWidget,UserWidget,/Script/UMG.UserWidget,0,True,0,RootNode,UBarracudaShopItemTreeNodeWidget@,ObjectProperty,True,BlueprintReadable,,False
Barracuda.Shop.BarracudaShopItemTreeWidget,UBarracudaShopItemTreeWidget,BarracudaShopItemTreeWidget,class,UUserWidget,UserWidget,/Script/UMG.UserWidget,1,True,1,ItemsToPotentiallyMarkAsOwned,TSet<ALokiBaseItem@>,Set<ObjectProperty>,True,BlueprintReadable|BlueprintWritable|Transient,,False
Barracuda.Shop.BarracudaShopItemWidget,UBarracudaShopItemWidget,BarracudaShopItemWidget,class,UUserWidget,UserWidget,/Script/UMG.UserWidget,0,True,0,ValueType,EBarracudaShopValueType,Enum<EBarracudaShopValueType:IntProperty>,True,BlueprintReadable|BlueprintWritable|EditableOnDefaults|EditableOnInstance,,False
Barracuda.Shop.BarracudaShopItemWidget,UBarracudaShopItemWidget,BarracudaShopItemWidget,class,UUserWidget,UserWidget,/Script/UMG.UserWidget,1,True,1,RepresentedItem,ALokiBaseItem@,ObjectProperty,True,BlueprintReadable|EditableOnDefaults|EditableOnInstance|Transient,,False
Barracuda.Shop.BarraucdaShopFilterWidget,FBarracudaShopTagFilter,BarracudaShopTagFilter,struct,,,,0,True,0,Label,FText,TextProperty,True,BlueprintReadable|BlueprintWritable|EditableOnDefaults|EditableOnInstance,,False
Barracuda.Shop.BarraucdaShopFilterWidget,FBarracudaShopTagFilter,BarracudaShopTagFilter,struct,,,,1,True,1,Tag,FGameplayTag,Struct<GameplayTag>,True,BlueprintReadable|BlueprintWritable|EditableOnDefaults|EditableOnInstance,,False
Barracuda.Shop.BarraucdaShopFilterWidget,FBarracudaShopTagFilter,BarracudaShopTagFilter,struct,,,,2,True,2,RecommendedHeroTag,FGameplayTag,Struct<GameplayTag>,True,BlueprintReadable|BlueprintWritable|EditableOnDefaults|EditableOnInstance,,False
Barracuda.Shop.BarraucdaShopFilterWidget,UBarraucdaShopFilterWidget,BarraucdaShopFilterWidget,class,UUserWidget,UserWidget,/Script/UMG.UserWidget,0,True,0,TagFilters,TArray<FBarracudaShopTagFilter>,Array<Struct<BarracudaShopTagFilter>>,True,BlueprintReadable|EditableOnDefaults|EditableOnInstance,,False
Barracuda.Spawners.BarracudaMinionSpawner,FGametimeToLevel,GametimeToLevel,struct,,,,0,True,0,Gametime,float64,DoubleProperty,True,BlueprintReadable|BlueprintWritable|EditableOnDefaults|EditableOnInstance,,False
Barracuda.Spawners.BarracudaMinionSpawner,FGametimeToLevel,GametimeToLevel,struct,,,,1,True,1,Level,int,IntProperty,True,BlueprintReadable|BlueprintWritable|EditableOnDefaults|EditableOnInstance,,False
Barracuda.Spawners.BarracudaMinionSpawner,FMinionWaveEntry,MinionWaveEntry,struct,,,,0,True,0,MinionClass,TSubclassOf<ALokiMinionCharacter@>,ObjectProperty,True,BlueprintReadable|BlueprintWritable|EditableOnDefaults|EditableOnInstance,,False
Barracuda.Spawners.BarracudaMinionSpawner,FMinionWaveEntry,MinionWaveEntry,struct,,,,1,True,1,Count,int,IntProperty,True,BlueprintReadable|BlueprintWritable|EditableOnDefaults|EditableOnInstance,,False
Barracuda.Spawners.BarracudaMinionSpawner,FMinionWaveEntry,MinionWaveEntry,struct,,,,2,True,2,MinimumMatchTime,int,IntProperty,True,BlueprintReadable|BlueprintWritable|EditableOnDefaults|EditableOnInstance,,False
Barracuda.Spawners.BarracudaMinionSpawner,FMinionWave,MinionWave,struct,,,,0,True,0,Entries,TArray<FMinionWaveEntry>,Array<Struct<MinionWaveEntry>>,True,BlueprintReadable|BlueprintWritable|EditableOnDefaults|EditableOnInstance,,False
Barracuda.Spawners.BarracudaMinionSpawner,ABarracudaMinionSpawner,BarracudaMinionSpawner,class,ALokiActor,LokiActor,/Script/Engine.LokiActor,0,True,0,InitialTeam,int,IntProperty,True,BlueprintReadable|BlueprintWritable|EditableOnDefaults|EditableOnInstance|Replicated,0,False
Barracuda.Spawners.BarracudaMinionSpawner,ABarracudaMinionSpawner,BarracudaMinionSpawner,class,ALokiActor,LokiActor,/Script/Engine.LokiActor,1,True,1,SpawnPeriod,float64,DoubleProperty,True,BlueprintReadable|BlueprintWritable|EditableOnDefaults|EditableOnInstance,,False
Barracuda.Spawners.BarracudaMinionSpawner,ABarracudaMinionSpawner,BarracudaMinionSpawner,class,ALokiActor,LokiActor,/Script/Engine.LokiActor,2,True,2,MinimumBarracudaPhaseType,EBarracudaPhaseType,Enum<EBarracudaPhaseType:IntProperty>,True,BlueprintReadable|BlueprintWritable|EditableOnDefaults|EditableOnInstance,,False
Barracuda.Spawners.BarracudaMinionSpawner,ABarracudaMinionSpawner,BarracudaMinionSpawner,class,ALokiActor,LokiActor,/Script/Engine.LokiActor,3,True,3,InitialSpawnDelay,float64,DoubleProperty,True,BlueprintReadable|BlueprintWritable|EditableOnDefaults|EditableOnInstance,,False
Barracuda.Spawners.BarracudaMinionSpawner,ABarracudaMinionSpawner,BarracudaMinionSpawner,class,ALokiActor,LokiActor,/Script/Engine.LokiActor,4,True,4,bStaggerSpawn,bool,BoolProperty,True,BlueprintReadable|BlueprintWritable|EditableOnDefaults|EditableOnInstance,,False
Barracuda.Spawners.BarracudaMinionSpawner,ABarracudaMinionSpawner,BarracudaMinionSpawner,class,ALokiActor,LokiActor,/Script/Engine.LokiActor,5,True,5,bSpawnAtAveragePlayerLevel,bool,BoolProperty,True,BlueprintReadable|BlueprintWritable|EditableOnDefaults|EditableOnInstance,,False
Barracuda.Spawners.BarracudaMinionSpawner,ABarracudaMinionSpawner,BarracudaMinionSpawner,class,ALokiActor,LokiActor,/Script/Engine.LokiActor,6,True,6,LevelThresholdsByGametime,TArray<FGametimeToLevel>,Array<Struct<GametimeToLevel>>,True,BlueprintReadable|BlueprintWritable|EditableOnDefaults|EditableOnInstance,,False
Barracuda.Spawners.BarracudaMinionSpawner,ABarracudaMinionSpawner,BarracudaMinionSpawner,class,ALokiActor,LokiActor,/Script/Engine.LokiActor,7,True,7,RespawnType,EBarracudaRespawnBehaviorType,Enum<EBarracudaRespawnBehaviorType:IntProperty>,True,BlueprintReadable|BlueprintWritable|EditableOnDefaults|EditableOnInstance|Replicated,0,False
Barracuda.Spawners.BarracudaMinionSpawner,ABarracudaMinionSpawner,BarracudaMinionSpawner,class,ALokiActor,LokiActor,/Script/Engine.LokiActor,8,True,8,Wave,FMinionWave,Struct<MinionWave>,True,BlueprintReadable|BlueprintWritable|EditableOnDefaults|EditableOnInstance,,False
Barracuda.Spawners.BarracudaMinionSpawner,ABarracudaMinionSpawner,BarracudaMinionSpawner,class,ALokiActor,LokiActor,/Script/Engine.LokiActor,9,True,9,bShowTimer,bool,BoolProperty,True,BlueprintReadable|BlueprintWritable|EditableOnDefaults|EditableOnInstance,,False
Barracuda.Spawners.BarracudaMinionSpawner,ABarracudaMinionSpawner,BarracudaMinionSpawner,class,ALokiActor,LokiActor,/Script/Engine.LokiActor,10,True,10,bTimerRequiresVision,bool,BoolProperty,True,BlueprintReadable|BlueprintWritable|EditableOnDefaults|EditableOnInstance,,False
Barracuda.Spawners.BarracudaMinionSpawner,ABarracudaMinionSpawner,BarracudaMinionSpawner,class,ALokiActor,LokiActor,/Script/Engine.LokiActor,11,True,11,bSpawnLoopHasStarted,bool,BoolProperty,True,BlueprintReadable|BlueprintWritable|Replicated|Transient,0,False
Barracuda.Spawners.BarracudaMinionSpawner,ABarracudaMinionSpawner,BarracudaMinionSpawner,class,ALokiActor,LokiActor,/Script/Engine.LokiActor,12,True,12,LastSpawnTime,float64,DoubleProperty,True,BlueprintReadable|BlueprintWritable|Transient,,False
Barracuda.Spawners.BarracudaMinionSpawner,ABarracudaMinionSpawner,BarracudaMinionSpawner,class,ALokiActor,LokiActor,/Script/Engine.LokiActor,13,True,13,SpawnLoopStartTime,float64,DoubleProperty,True,BlueprintReadable|BlueprintWritable|Transient,,False
Barracuda.Spawners.BarracudaMinionSpawner,ABarracudaMinionSpawner,BarracudaMinionSpawner,class,ALokiActor,LokiActor,/Script/Engine.LokiActor,14,True,14,NextSpawnTime,float64,DoubleProperty,True,BlueprintReadable|Transient,,False
Barracuda.Spawners.BarracudaMinionSpawner,ABarracudaMinionSpawner,BarracudaMinionSpawner,class,ALokiActor,LokiActor,/Script/Engine.LokiActor,15,True,15,bHasLivingMinion,bool,BoolProperty,True,BlueprintReadable|Transient,,False
Barracuda.Spawners.BarracudaMinionSpawner,ABarracudaMinionSpawner,BarracudaMinionSpawner,class,ALokiActor,LokiActor,/Script/Engine.LokiActor,16,True,16,CapsuleCollision,UCapsuleComponent@,ObjectProperty,True,BlueprintReadable|EditableOnDefaults|InstancedReference,,False
Barracuda.Spawners.BarracudaMinionSpawner,ABarracudaMinionSpawner,BarracudaMinionSpawner,class,ALokiActor,LokiActor,/Script/Engine.LokiActor,17,True,17,TeamComponent,ULokiTeamComponent@,ObjectProperty,True,BlueprintReadable|EditableOnDefaults|InstancedReference,,False
Barracuda.Spawners.BarracudaMinionSpawner,ABarracudaMinionSpawner,BarracudaMinionSpawner,class,ALokiActor,LokiActor,/Script/Engine.LokiActor,18,True,18,LaneComponent,UBarracudaLaneComponent@,ObjectProperty,True,BlueprintReadable|EditableOnDefaults|InstancedReference,,False
Barracuda.Spawners.BarracudaMinionSpawner,ABarracudaMinionSpawner,BarracudaMinionSpawner,class,ALokiActor,LokiActor,/Script/Engine.LokiActor,19,True,19,MapIconComponent,UMapIconComponent@,ObjectProperty,True,BlueprintReadable|EditableOnDefaults|InstancedReference,,False
Barracuda.Spawners.BarracudaMinionSpawner,ABarracudaMinionSpawner,BarracudaMinionSpawner,class,ALokiActor,LokiActor,/Script/Engine.LokiActor,20,True,20,VisibilityReceiver,UVisibilityReceiver@,ObjectProperty,True,BlueprintReadable|EditableOnDefaults|InstancedReference,,False
Barracuda.Spawners.BarracudaMinionSpawner,ABarracudaMinionSpawner,BarracudaMinionSpawner,class,ALokiActor,LokiActor,/Script/Engine.LokiActor,21,True,21,StartingEffects,TArray<TSubclassOf<UGameplayEffect@>>,Array<ObjectProperty>,True,BlueprintReadable|BlueprintWritable|EditableOnDefaults|EditableOnInstance,,False
Barracuda.Spawners.BarracudaMinionSpawner,ABarracudaMinionSpawner,BarracudaMinionSpawner,class,ALokiActor,LokiActor,/Script/Engine.LokiActor,22,True,22,MinionInstances,TArray<ALokiMinionCharacter@>,Array<ObjectProperty>,True,BlueprintReadable|BlueprintWritable|Transient,,False
Barracuda.Spawners.BarracudaMinionSpawner,ABarracudaMinionSpawner,BarracudaMinionSpawner,class,ALokiActor,LokiActor,/Script/Engine.LokiActor,23,False,,CurrentWaveBufferIndex,int,IntProperty,False,,,False
Barracuda.Spawners.BarracudaMinionSpawner,ABarracudaMinionSpawner,BarracudaMinionSpawner,class,ALokiActor,LokiActor,/Script/Engine.LokiActor,24,False,,WaveBuffer,TArray<TSubclassOf<ALokiMinionCharacter@>>,Array<ObjectProperty>,False,,,False
Barracuda.Spawners.BarracudaMinionSpawner,ABarracudaMinionSpawner,BarracudaMinionSpawner,class,ALokiActor,LokiActor,/Script/Engine.LokiActor,25,True,23,SpawnAudioEvent,UAkAudioEvent@,ObjectProperty,True,BlueprintReadable|EditableOnDefaults|EditableOnInstance,,False
Barracuda.Spawners.BarracudaMinionSpawner,ABarracudaMinionSpawner,BarracudaMinionSpawner,class,ALokiActor,LokiActor,/Script/Engine.LokiActor,26,True,24,SpawnPilotVO,FGameplayTag,Struct<GameplayTag>,True,BlueprintReadable|EditableOnDefaults|EditableOnInstance,,False
Barracuda.Spawners.BarracudaMinionSpawner,ABarracudaMinionSpawner,BarracudaMinionSpawner,class,ALokiActor,LokiActor,/Script/Engine.LokiActor,27,True,25,BarracksDownEffect,TSubclassOf<UGameplayEffect@>,ObjectProperty,True,BlueprintReadable|BlueprintWritable|EditableOnDefaults|EditableOnInstance,,False
Barracuda.Spawners.BarracudaMinionSpawner,ABarracudaMinionSpawner,BarracudaMinionSpawner,class,ALokiActor,LokiActor,/Script/Engine.LokiActor,28,True,26,BarracksClass,TSubclassOf<AActor@>,ObjectProperty,True,BlueprintReadable|BlueprintWritable|EditableOnDefaults|EditableOnInstance,,False
Character.LokiHeroCharacter,ALokiHeroCharacter_AS,LokiHeroCharacter_AS,class,ALokiHeroCharacter,LokiHeroCharacter,/Script/Loki.LokiHeroCharacter,0,True,0,OnBiomeTouchUnlocked,FBiomeTouchUnlockedDelegate,MulticastDelegateProperty,True,BlueprintReadable|BlueprintWritable|EditableOnDefaults|EditableOnInstance,,False
Character.LokiHeroGroundIndicator,ULokiHeroGroundIndicator,LokiHeroGroundIndicator,class,ULokiHeroGroundIndicatorBase,LokiHeroGroundIndicatorBase,/Script/Loki.LokiHeroGroundIndicatorBase,0,True,0,ShadowDecalSize,FVector,Struct<Vector>,True,BlueprintReadable|BlueprintWritable|EditableOnDefaults,,False
Character.LokiHeroGroundIndicator,ULokiHeroGroundIndicator,LokiHeroGroundIndicator,class,ULokiHeroGroundIndicatorBase,LokiHeroGroundIndicatorBase,/Script/Loki.LokiHeroGroundIndicatorBase,1,True,1,ShadowDecalRotation,FRotator,Struct<Rotator>,True,BlueprintReadable|BlueprintWritable|EditableOnDefaults,,False
Character.LokiHeroGroundIndicator,ULokiHeroGroundIndicator,LokiHeroGroundIndicator,class,ULokiHeroGroundIndicatorBase,LokiHeroGroundIndicatorBase,/Script/Loki.LokiHeroGroundIndicatorBase,2,True,2,RingDecalSize,FVector,Struct<Vector>,True,BlueprintReadable|BlueprintWritable|EditableOnDefaults,,False
Character.LokiHeroGroundIndicator,ULokiHeroGroundIndicator,LokiHeroGroundIndicator,class,ULokiHeroGroundIndicatorBase,LokiHeroGroundIndicatorBase,/Script/Loki.LokiHeroGroundIndicatorBase,3,True,3,RingDecalRotation,FRotator,Struct<Rotator>,True,BlueprintReadable|BlueprintWritable|EditableOnDefaults,,False
Content.TemporaryFloor,ATemporaryFloor,TemporaryFloor,class,ALokiTemporaryFloorBase,LokiTemporaryFloorBase,/Script/Loki.LokiTemporaryFloorBase,0,True,0,RootSceneComponent,USceneComponent@,ObjectProperty,True,BlueprintReadable|EditableOnDefaults|InstancedReference,,False
Content.TemporaryFloor,ATemporaryFloor,TemporaryFloor,class,ALokiTemporaryFloorBase,LokiTemporaryFloorBase,/Script/Loki.LokiTemporaryFloorBase,1,True,1,StaticMeshComponent,UStaticMeshComponent@,ObjectProperty,True,BlueprintReadable|EditableOnDefaults|InstancedReference,,False
Content.TemporaryFloor,ATemporaryFloor,TemporaryFloor,class,ALokiTemporaryFloorBase,LokiTemporaryFloorBase,/Script/Loki.LokiTemporaryFloorBase,2,True,2,BackupMantleCollision,UBoxComponent@,ObjectProperty,True,BlueprintReadable|EditableOnDefaults|InstancedReference,,False
Content.TemporaryFloor,ATemporaryFloor,TemporaryFloor,class,ALokiTemporaryFloorBase,LokiTemporaryFloorBase,/Script/Loki.LokiTemporaryFloorBase,3,True,3,bGenerateBackupMantleCollision,bool,BoolProperty,True,BlueprintReadable|BlueprintWritable|EditableOnDefaults,,False
Content.TemporaryFloor,ATemporaryFloor,TemporaryFloor,class,ALokiTemporaryFloorBase,LokiTemporaryFloorBase,/Script/Loki.LokiTemporaryFloorBase,4,True,4,StaticMesh,UStaticMesh@,ObjectProperty,True,BlueprintReadable|BlueprintWritable|EditableOnDefaults|EditableOnInstance,,False
Content.TemporaryFloor,ATemporaryFloor,TemporaryFloor,class,ALokiTemporaryFloorBase,LokiTemporaryFloorBase,/Script/Loki.LokiTemporaryFloorBase,5,True,5,DefaultTriggeredDuration,float64,DoubleProperty,True,BlueprintReadable|BlueprintWritable|EditableOnDefaults,,False
Content.TemporaryFloor,ATemporaryFloor,TemporaryFloor,class,ALokiTemporaryFloorBase,LokiTemporaryFloorBase,/Script/Loki.LokiTemporaryFloorBase,6,True,6,DefaultFadingDuration,float64,DoubleProperty,True,BlueprintReadable|BlueprintWritable|EditableOnDefaults,,False
Content.TemporaryFloor,ATemporaryFloor,TemporaryFloor,class,ALokiTemporaryFloorBase,LokiTemporaryFloorBase,/Script/Loki.LokiTemporaryFloorBase,7,True,7,DefaultDeadDuration,float64,DoubleProperty,True,BlueprintReadable|BlueprintWritable|EditableOnDefaults,,False
Content.TemporaryFloor,ATemporaryFloor,TemporaryFloor,class,ALokiTemporaryFloorBase,LokiTemporaryFloorBase,/Script/Loki.LokiTemporaryFloorBase,8,True,8,DefaultRespawningDuration,float64,DoubleProperty,True,BlueprintReadable|BlueprintWritable|EditableOnDefaults,,False
Content.TemporaryFloor,ATemporaryFloor,TemporaryFloor,class,ALokiTemporaryFloorBase,LokiTemporaryFloorBase,/Script/Loki.LokiTemporaryFloorBase,9,True,9,StateAudioEvents,"TMap<ETemporaryFloorState, UAkAudioEvent@>","Map<Enum<ETemporaryFloorState:IntProperty>,ObjectProperty>",True,BlueprintReadable|BlueprintWritable|EditableOnDefaults,,False
Content.TemporaryFloor,ATemporaryFloor,TemporaryFloor,class,ALokiTemporaryFloorBase,LokiTemporaryFloorBase,/Script/Loki.LokiTemporaryFloorBase,10,True,10,bShowDebug,bool,BoolProperty,True,BlueprintReadable|EditableOnDefaults|EditableOnInstance,,False
Content.TemporaryFloor,ATemporaryFloor,TemporaryFloor,class,ALokiTemporaryFloorBase,LokiTemporaryFloorBase,/Script/Loki.LokiTemporaryFloorBase,11,True,11,LocalState,ETemporaryFloorState,Enum<ETemporaryFloorState:IntProperty>,True,BlueprintReadable|BlueprintWritable|EditableOnDefaults|EditableOnInstance|Transient,,False
Content.TemporaryFloor,ATemporaryFloor,TemporaryFloor,class,ALokiTemporaryFloorBase,LokiTemporaryFloorBase,/Script/Loki.LokiTemporaryFloorBase,12,True,12,LastTriggerTime,float64,DoubleProperty,True,BlueprintReadable|BlueprintWritable|EditableOnDefaults|EditableOnInstance|Replicated|Transient,0,True
Content.TemporaryFloor,ATemporaryFloor,TemporaryFloor,class,ALokiTemporaryFloorBase,LokiTemporaryFloorBase,/Script/Loki.LokiTemporaryFloorBase,13,True,13,LastHeightMapDirtyTime,float64,DoubleProperty,True,BlueprintReadable|BlueprintWritable|EditableOnDefaults|EditableOnInstance|Transient,,False
Content.TemporaryFloor,ATemporaryFloor,TemporaryFloor,class,ALokiTemporaryFloorBase,LokiTemporaryFloorBase,/Script/Loki.LokiTemporaryFloorBase,14,True,14,StateToCumulativeDurationMap,"TMap<ETemporaryFloorState, float64>","Map<Enum<ETemporaryFloorState:IntProperty>,DoubleProperty>",True,BlueprintReadable|BlueprintWritable|EditableOnDefaults|EditableOnInstance|Transient,,False
Content.TemporaryFloor,ATemporaryFloor,TemporaryFloor,class,ALokiTemporaryFloorBase,LokiTemporaryFloorBase,/Script/Loki.LokiTemporaryFloorBase,15,False,,NextUpdateTimerHandle,FTimerHandle,Struct<TimerHandle>,False,,,False
Content.Train.TrainMovableBaseComponent,UTrainMovableBaseComponent,TrainMovableBaseComponent,class,UMovableBaseComponent,MovableBaseComponent,/Script/Engine.MovableBaseComponent,0,True,0,InitialOffset,float64,DoubleProperty,True,BlueprintReadable|BlueprintWritable|EditableOnDefaults|EditableOnInstance|Replicated,0,False
Content.Train.TrainMovableBaseComponent,UTrainMovableBaseComponent,TrainMovableBaseComponent,class,UMovableBaseComponent,MovableBaseComponent,/Script/Engine.MovableBaseComponent,1,True,1,Speed,float64,DoubleProperty,True,BlueprintReadable|BlueprintWritable|EditableOnDefaults|EditableOnInstance|Replicated,0,False
Content.Train.TrainMovableBaseComponent,UTrainMovableBaseComponent,TrainMovableBaseComponent,class,UMovableBaseComponent,MovableBaseComponent,/Script/Engine.MovableBaseComponent,2,True,2,TrackSpline,USplineComponent@,ObjectProperty,True,BlueprintReadable|BlueprintWritable|EditableOnDefaults|EditableOnInstance|Transient,,False
Core.AimingVis.LokiAimingLaser,FLaserTraceResult,LaserTraceResult,struct,,,,0,True,0,bDidHit,bool,BoolProperty,True,,,False
Core.AimingVis.LokiAimingLaser,FLaserTraceResult,LaserTraceResult,struct,,,,1,True,1,HitLocation,FVector,Struct<Vector>,True,,,False
Core.AimingVis.LokiAimingLaser,FLaserTraceResult,LaserTraceResult,struct,,,,2,True,2,HitTime,float64,DoubleProperty,True,,,False
Core.AimingVis.LokiAimingLaser,FLaserTraceResult,LaserTraceResult,struct,,,,3,True,3,HitHeightIndicator,ALokiHeroHeightIndicator@,ObjectProperty,True,,,False
Core.AimingVis.LokiAimingLaser,FAimingLaserSettings,AimingLaserSettings,struct,,,,0,True,0,LaserClass,TSubclassOf<ALokiAimingLaser@>,ObjectProperty,True,BlueprintReadable|BlueprintWritable|EditableOnDefaults|EditableOnInstance,,False
Core.AimingVis.LokiAimingLaser,FAimingLaserSettings,AimingLaserSettings,struct,,,,1,True,1,MaxDistance,float64,DoubleProperty,True,BlueprintReadable|BlueprintWritable|EditableOnDefaults|EditableOnInstance,,False
Core.AimingVis.LokiAimingLaser,FAimingLaserSettings,AimingLaserSettings,struct,,,,2,True,2,bShowTraceHitFlare,bool,BoolProperty,True,BlueprintReadable|BlueprintWritable|EditableOnDefaults|EditableOnInstance,,False
Core.AimingVis.LokiAimingLaser,FAimingLaserSettings,AimingLaserSettings,struct,,,,3,True,3,bLimitLaserToTraceHit,bool,BoolProperty,True,BlueprintReadable|BlueprintWritable|EditableOnDefaults|EditableOnInstance,,False
Core.AimingVis.LokiAimingLaser,FAimingLaserSettings,AimingLaserSettings,struct,,,,4,True,4,bOverrideLimitLaserToCursor,bool,BoolProperty,True,BlueprintReadable|BlueprintWritable|EditableOnDefaults|EditableOnInstance,,False
Core.AimingVis.LokiAimingLaser,FAimingLaserSettings,AimingLaserSettings,struct,,,,5,True,5,bLimitLaserToCursor,bool,BoolProperty,True,BlueprintReadable|BlueprintWritable|EditableOnDefaults|EditableOnInstance,,False
Core.AimingVis.LokiAimingLaser,FAimingLaserSettings,AimingLaserSettings,struct,,,,6,True,6,LaserMaterial,UMaterialInterface@,ObjectProperty,True,BlueprintReadable|BlueprintWritable|EditableOnDefaults|EditableOnInstance,,False
Core.AimingVis.LokiAimingLaser,FAimingLaserSettings,AimingLaserSettings,struct,,,,7,True,7,EndpointMaterial,UMaterialInterface@,ObjectProperty,True,BlueprintReadable|BlueprintWritable|EditableOnDefaults|EditableOnInstance,,False
Core.AimingVis.LokiAimingLaser,FAimingLaserSettings,AimingLaserSettings,struct,,,,8,True,8,HitFlareNiagaraSystem,UNiagaraSystem@,ObjectProperty,True,BlueprintReadable|BlueprintWritable|EditableOnDefaults|EditableOnInstance,,False
Core.AimingVis.LokiAimingLaser,FAimingLaserSettings,AimingLaserSettings,struct,,,,9,True,9,bOverrideBrightness,bool,BoolProperty,True,BlueprintReadable|BlueprintWritable|EditableOnDefaults|EditableOnInstance,,False
Core.AimingVis.LokiAimingLaser,FAimingLaserSettings,AimingLaserSettings,struct,,,,10,True,10,Brightness,float64,DoubleProperty,True,BlueprintReadable|BlueprintWritable|EditableOnDefaults|EditableOnInstance,,False
Core.AimingVis.LokiAimingLaser,FAimingLaserSettings,AimingLaserSettings,struct,,,,11,True,11,bUnconditionallyVisibleWhenActive,bool,BoolProperty,True,BlueprintReadable|BlueprintWritable|EditableOnDefaults|EditableOnInstance,,False
Core.AimingVis.LokiAimingLaser,FAimingLaserSettings,AimingLaserSettings,struct,,,,12,True,12,bIgnoresHeroes,bool,BoolProperty,True,BlueprintReadable|BlueprintWritable|EditableOnDefaults|EditableOnInstance,,False
Core.AimingVis.LokiAimingLaser,FAimingLaserSettings,AimingLaserSettings,struct,,,,13,True,13,bBenefitsFromBonusPrimaryAttackDistance,bool,BoolProperty,True,BlueprintReadable|BlueprintWritable|EditableOnDefaults|EditableOnInstance,,False
Core.AimingVis.LokiAimingLaser,ALokiAimingLaser,LokiAimingLaser,class,AActor,Actor,/Script/Engine.Actor,0,True,0,RootComponent,USceneComponent@,ObjectProperty,True,BlueprintReadable|EditableOnDefaults|InstancedReference,,False
Core.AimingVis.LokiAimingLaser,ALokiAimingLaser,LokiAimingLaser,class,AActor,Actor,/Script/Engine.Actor,1,True,1,LaserEndpoint,UStaticMeshComponent@,ObjectProperty,True,BlueprintReadable|EditableOnDefaults|InstancedReference,,False
Core.AimingVis.LokiAimingLaser,ALokiAimingLaser,LokiAimingLaser,class,AActor,Actor,/Script/Engine.Actor,2,True,2,LaserHitFlare,UNiagaraComponent@,ObjectProperty,True,BlueprintReadable|EditableOnDefaults|InstancedReference,,False
Core.AimingVis.LokiAimingLaser,ALokiAimingLaser,LokiAimingLaser,class,AActor,Actor,/Script/Engine.Actor,3,True,3,LaserProjectilePath,ULokiProjectilePathComponent@,ObjectProperty,True,BlueprintReadable|EditableOnDefaults|InstancedReference,,False
Core.AimingVis.LokiAimingLaser,ALokiAimingLaser,LokiAimingLaser,class,AActor,Actor,/Script/Engine.Actor,4,True,4,OwnerHero,ALokiHeroCharacter@,ObjectProperty,True,BlueprintReadable|EditableOnDefaults|EditableOnInstance,,False
Core.AimingVis.LokiAimingLaser,ALokiAimingLaser,LokiAimingLaser,class,AActor,Actor,/Script/Engine.Actor,5,True,5,OwnerAimingVisComponent,ULokiAimingVisComponentScript@,ObjectProperty,True,BlueprintReadable|EditableOnDefaults|EditableOnInstance,,False
Core.AimingVis.LokiAimingLaser,ALokiAimingLaser,LokiAimingLaser,class,AActor,Actor,/Script/Engine.Actor,6,True,6,CurrentEndPathTime,float64,DoubleProperty,True,BlueprintReadable|EditableOnDefaults|EditableOnInstance,,False
Core.AimingVis.LokiAimingLaser,ALokiAimingLaser,LokiAimingLaser,class,AActor,Actor,/Script/Engine.Actor,7,True,7,CurrentCursorPathTime,float64,DoubleProperty,True,BlueprintReadable|EditableOnDefaults|EditableOnInstance,,False
Core.AimingVis.LokiAimingLaser,ALokiAimingLaser,LokiAimingLaser,class,AActor,Actor,/Script/Engine.Actor,8,True,8,CurrentTraceHitPathTime,float64,DoubleProperty,True,BlueprintReadable|EditableOnDefaults|EditableOnInstance,,False
Core.AimingVis.LokiAimingLaser,ALokiAimingLaser,LokiAimingLaser,class,AActor,Actor,/Script/Engine.Actor,9,True,9,MaxDistance,float64,DoubleProperty,True,BlueprintReadable|BlueprintWritable|EditableOnDefaults|EditableOnInstance,,False
Core.AimingVis.LokiAimingLaser,ALokiAimingLaser,LokiAimingLaser,class,AActor,Actor,/Script/Engine.Actor,10,True,10,ProjectileSourceOffsetDistanceXY,float64,DoubleProperty,True,BlueprintReadable|EditableOnDefaults|EditableOnInstance,,False
Core.AimingVis.LokiAimingLaser,ALokiAimingLaser,LokiAimingLaser,class,AActor,Actor,/Script/Engine.Actor,11,True,11,bShowTraceHitFlare,bool,BoolProperty,True,BlueprintReadable|BlueprintWritable|EditableOnDefaults|EditableOnInstance,,False
Core.AimingVis.LokiAimingLaser,ALokiAimingLaser,LokiAimingLaser,class,AActor,Actor,/Script/Engine.Actor,12,True,12,bLimitLaserToTraceHit,bool,BoolProperty,True,BlueprintReadable|BlueprintWritable|EditableOnDefaults|EditableOnInstance,,False
Core.AimingVis.LokiAimingLaser,ALokiAimingLaser,LokiAimingLaser,class,AActor,Actor,/Script/Engine.Actor,13,True,13,bIgnoresHeroes,bool,BoolProperty,True,BlueprintReadable|BlueprintWritable|EditableOnDefaults|EditableOnInstance,,False
Core.AimingVis.LokiAimingLaser,ALokiAimingLaser,LokiAimingLaser,class,AActor,Actor,/Script/Engine.Actor,14,False,,bLimitLaserToCursorUserSetting,bool,BoolProperty,False,,,False
Core.AimingVis.LokiAimingLaser,ALokiAimingLaser,LokiAimingLaser,class,AActor,Actor,/Script/Engine.Actor,15,False,,bLimitLaserToCursorOverride,bool,BoolProperty,False,,,False
Core.AimingVis.LokiAimingLaser,ALokiAimingLaser,LokiAimingLaser,class,AActor,Actor,/Script/Engine.Actor,16,False,,bLimitLaserToCursorOverrideValue,bool,BoolProperty,False,,,False
Core.AimingVis.LokiAimingLaser,ALokiAimingLaser,LokiAimingLaser,class,AActor,Actor,/Script/Engine.Actor,17,False,,IntersectedHeightIndicator,ALokiHeroHeightIndicator@,ObjectProperty,False,,,False
Core.AimingVis.LokiAimingLaser,ALokiAimingLaser,LokiAimingLaser,class,AActor,Actor,/Script/Engine.Actor,18,False,,OverlapHeightIndicatorRadiusBonus,const float64,DoubleProperty,False,,,False
Core.AimingVis.LokiAimingLaser,ALokiAimingLaser,LokiAimingLaser,class,AActor,Actor,/Script/Engine.Actor,19,True,14,bOverrideDesaturationAndOpacity,bool,BoolProperty,True,BlueprintReadable|BlueprintWritable|EditableOnDefaults|EditableOnInstance,,False
Core.AimingVis.LokiAimingLaser,ALokiAimingLaser,LokiAimingLaser,class,AActor,Actor,/Script/Engine.Actor,20,True,15,bOverrideRangeAndAlphaStep,bool,BoolProperty,True,BlueprintReadable|BlueprintWritable|EditableOnDefaults|EditableOnInstance,,False
Core.AimingVis.LokiAimingLaser,ALokiAimingLaser,LokiAimingLaser,class,AActor,Actor,/Script/Engine.Actor,21,True,16,BehindGeoDottedLinesPerMeter,float64,DoubleProperty,True,BlueprintReadable|BlueprintWritable|EditableOnDefaults,,False
Core.AimingVis.LokiAimingLaser,ALokiAimingLaser,LokiAimingLaser,class,AActor,Actor,/Script/Engine.Actor,22,True,17,ProgressCurve,UCurveFloat@,ObjectProperty,True,BlueprintReadable|BlueprintWritable|EditableOnDefaults|EditableOnInstance,,False
Core.AimingVis.LokiAimingLaser,ALokiAimingLaser,LokiAimingLaser,class,AActor,Actor,/Script/Engine.Actor,23,True,18,bUsesProgressSequence,bool,BoolProperty,True,BlueprintReadable|BlueprintWritable|EditableOnDefaults,,False
Core.AimingVis.LokiAimingLaser,ALokiAimingLaser,LokiAimingLaser,class,AActor,Actor,/Script/Engine.Actor,24,False,,bProgressActive,bool,BoolProperty,False,,,False
Core.AimingVis.LokiAimingLaser,ALokiAimingLaser,LokiAimingLaser,class,AActor,Actor,/Script/Engine.Actor,25,False,,bProgressCurveIsNormalized,bool,BoolProperty,False,,,False
Core.AimingVis.LokiAimingLaser,ALokiAimingLaser,LokiAimingLaser,class,AActor,Actor,/Script/Engine.Actor,26,False,,CurrentProgressCurveDuration,float64,DoubleProperty,False,,,False
Core.AimingVis.LokiAimingLaser,ALokiAimingLaser,LokiAimingLaser,class,AActor,Actor,/Script/Engine.Actor,27,False,,CurrentProgressTime,float64,DoubleProperty,False,,,False
Core.AimingVis.LokiAimingLaser,ALokiAimingLaser,LokiAimingLaser,class,AActor,Actor,/Script/Engine.Actor,28,False,,PrimaryAttackDistance,float64,DoubleProperty,False,,,False
Core.AimingVis.LokiAimingLaser,ALokiAimingLaser,LokiAimingLaser,class,AActor,Actor,/Script/Engine.Actor,29,False,,ExecutingTag,FGameplayTag,Struct<GameplayTag>,False,,,False
Core.AimingVis.LokiAimingLaser,ALokiAimingLaser,LokiAimingLaser,class,AActor,Actor,/Script/Engine.Actor,30,False,,BeingExecutedTag,FGameplayTag,Struct<GameplayTag>,False,,,False
Core.AimingVis.LokiAimingLaser,ALokiAimingLaser,LokiAimingLaser,class,AActor,Actor,/Script/Engine.Actor,31,False,,ExecutionTagsContainer,FGameplayTagContainer,Struct<GameplayTagContainer>,False,,,False
Core.AimingVis.LokiAimingLaser,ALokiAimingLaser,LokiAimingLaser,class,AActor,Actor,/Script/Engine.Actor,32,False,,bInvisibleFromExecute,bool,BoolProperty,False,,,False
Core.AimingVis.LokiAimingLaser,ALokiAimingLaser,LokiAimingLaser,class,AActor,Actor,/Script/Engine.Actor,33,False,,bInvisibleFromOwnerHidden,bool,BoolProperty,False,,,False
Core.AimingVis.LokiAimingLaserRangeMarker,ALokiAimingLaserRangeMarker,LokiAimingLaserRangeMarker,class,ALokiAimingLaser,LokiAimingLaser,/Script/Engine.Actor,0,True,0,RangeMarker,UStaticMeshComponent@,ObjectProperty,True,BlueprintReadable|EditableOnDefaults|InstancedReference,,False
Core.AimingVis.LokiAimingLaserRangeMarker,ALokiAimingLaserRangeMarker,LokiAimingLaserRangeMarker,class,ALokiAimingLaser,LokiAimingLaser,/Script/Engine.Actor,1,True,1,bShowRangeMarkerOnSpawn,bool,BoolProperty,True,BlueprintReadable|BlueprintWritable|EditableOnDefaults,,False
Core.AimingVis.LokiAimingLaserRangeMarker,ALokiAimingLaserRangeMarker,LokiAimingLaserRangeMarker,class,ALokiAimingLaser,LokiAimingLaser,/Script/Engine.Actor,2,True,2,bShowRangeMarker,bool,BoolProperty,True,BlueprintReadable|EditableOnDefaults|EditableOnInstance,,False
Core.AimingVis.LokiAimingLaserRangeMarker,ALokiAimingLaserRangeMarker,LokiAimingLaserRangeMarker,class,ALokiAimingLaser,LokiAimingLaser,/Script/Engine.Actor,3,True,3,MarkerDistance,float64,DoubleProperty,True,BlueprintReadable|EditableOnDefaults|EditableOnInstance,,False
Core.AimingVis.LokiAimingLaserRangeMarker,ALokiAimingLaserRangeMarker,LokiAimingLaserRangeMarker,class,ALokiAimingLaser,LokiAimingLaser,/Script/Engine.Actor,4,False,,bOverrideRangeMarkerDesaturationAndOpacity,bool,BoolProperty,False,,,False
Core.AimingVis.LokiAimingLaserSpreadLines,ALokiAimingLaserSpreadLines,LokiAimingLaserSpreadLines,class,ALokiAimingLaser,LokiAimingLaser,/Script/Engine.Actor,0,True,0,LaserSpreadRoot1,USceneComponent@,ObjectProperty,True,BlueprintReadable|EditableOnDefaults|InstancedReference,,False
Core.AimingVis.LokiAimingLaserSpreadLines,ALokiAimingLaserSpreadLines,LokiAimingLaserSpreadLines,class,ALokiAimingLaser,LokiAimingLaser,/Script/Engine.Actor,1,True,1,LaserSpreadRoot2,USceneComponent@,ObjectProperty,True,BlueprintReadable|EditableOnDefaults|InstancedReference,,False
Core.AimingVis.LokiAimingLaserSpreadLines,ALokiAimingLaserSpreadLines,LokiAimingLaserSpreadLines,class,ALokiAimingLaser,LokiAimingLaser,/Script/Engine.Actor,2,True,2,LaserSpread1,UStaticMeshComponent@,ObjectProperty,True,BlueprintReadable|EditableOnDefaults|InstancedReference,,False
Core.AimingVis.LokiAimingLaserSpreadLines,ALokiAimingLaserSpreadLines,LokiAimingLaserSpreadLines,class,ALokiAimingLaser,LokiAimingLaser,/Script/Engine.Actor,3,True,3,LaserSpread2,UStaticMeshComponent@,ObjectProperty,True,BlueprintReadable|EditableOnDefaults|InstancedReference,,False
Core.AimingVis.LokiAimingLaserSpreadLines,ALokiAimingLaserSpreadLines,LokiAimingLaserSpreadLines,class,ALokiAimingLaser,LokiAimingLaser,/Script/Engine.Actor,4,True,4,bSetSpreadAngleViaBloom,bool,BoolProperty,True,BlueprintReadable|BlueprintWritable|EditableOnDefaults,,False
Core.AimingVis.LokiAimingLaserSpreadLines,ALokiAimingLaserSpreadLines,LokiAimingLaserSpreadLines,class,ALokiAimingLaser,LokiAimingLaser,/Script/Engine.Actor,5,True,5,bInterpolateBloomValue,bool,BoolProperty,True,BlueprintReadable|BlueprintWritable|EditableOnDefaults,,False
Core.AimingVis.LokiAimingLaserSpreadLines,ALokiAimingLaserSpreadLines,LokiAimingLaserSpreadLines,class,ALokiAimingLaser,LokiAimingLaser,/Script/Engine.Actor,6,True,6,InterpolationRampHalfLife,float64,DoubleProperty,True,BlueprintReadable|BlueprintWritable|EditableOnDefaults,,False
Core.AimingVis.LokiAimingLaserSpreadLines,ALokiAimingLaserSpreadLines,LokiAimingLaserSpreadLines,class,ALokiAimingLaser,LokiAimingLaser,/Script/Engine.Actor,7,True,7,NonBloomSpreadAngle,float64,DoubleProperty,True,BlueprintReadable|BlueprintWritable|EditableOnDefaults|EditableOnInstance,,False
Core.AimingVis.LokiAimingLaserSpreadLines,ALokiAimingLaserSpreadLines,LokiAimingLaserSpreadLines,class,ALokiAimingLaser,LokiAimingLaser,/Script/Engine.Actor,8,True,8,HideSpreadLasersAngle,float64,DoubleProperty,True,BlueprintReadable|BlueprintWritable|EditableOnDefaults,,False
Core.AimingVis.LokiAimingLaserSpreadLines,ALokiAimingLaserSpreadLines,LokiAimingLaserSpreadLines,class,ALokiAimingLaser,LokiAimingLaser,/Script/Engine.Actor,9,True,9,DimSpreadLasersAngleWindow,float64,DoubleProperty,True,BlueprintReadable|BlueprintWritable|EditableOnDefaults,,False
Core.AimingVis.LokiAimingLaserSpreadLines,ALokiAimingLaserSpreadLines,LokiAimingLaserSpreadLines,class,ALokiAimingLaser,LokiAimingLaser,/Script/Engine.Actor,10,True,10,LaserOpacityMultWhenSpread,float64,DoubleProperty,True,BlueprintReadable|BlueprintWritable|EditableOnDefaults,,False
Core.AimingVis.LokiAimingLaserSpreadLines,ALokiAimingLaserSpreadLines,LokiAimingLaserSpreadLines,class,ALokiAimingLaser,LokiAimingLaser,/Script/Engine.Actor,11,True,11,LastBloomAngle,float64,DoubleProperty,True,BlueprintReadable|EditableOnDefaults|EditableOnInstance,,False
Core.AimingVis.LokiAimingVisComponent,FLaserScriptOverrides,LaserScriptOverrides,struct,,,,0,True,0,bOverrideDesaturationAndOpacity,bool,BoolProperty,True,BlueprintReadable|BlueprintWritable|EditableOnDefaults|EditableOnInstance,,False
Core.AimingVis.LokiAimingVisComponent,FLaserScriptOverrides,LaserScriptOverrides,struct,,,,1,True,1,bOverrideRangeAndAlphaStep,bool,BoolProperty,True,BlueprintReadable|BlueprintWritable|EditableOnDefaults|EditableOnInstance,,False
Core.AimingVis.LokiAimingVisComponent,ULokiAimingVisComponentScript,LokiAimingVisComponentScript,class,ULokiAimingVisComponent,LokiAimingVisComponent,/Script/Loki.LokiAimingVisComponent,0,True,0,OwnerCharacter,ALokiCharacter@,ObjectProperty,True,BlueprintReadable|EditableOnDefaults|EditableOnInstance,,False
Core.AimingVis.LokiAimingVisComponent,ULokiAimingVisComponentScript,LokiAimingVisComponentScript,class,ULokiAimingVisComponent,LokiAimingVisComponent,/Script/Loki.LokiAimingVisComponent,1,True,1,bHasInitializedClient,bool,BoolProperty,True,BlueprintReadable|EditableOnDefaults|EditableOnInstance|Transient,,False
Core.AimingVis.LokiAimingVisComponent,ULokiAimingVisComponentScript,LokiAimingVisComponentScript,class,ULokiAimingVisComponent,LokiAimingVisComponent,/Script/Loki.LokiAimingVisComponent,2,True,2,bHasInitializedLocalClient,bool,BoolProperty,True,BlueprintReadable|EditableOnDefaults|EditableOnInstance|Transient,,False
Core.AimingVis.LokiAimingVisComponent,ULokiAimingVisComponentScript,LokiAimingVisComponentScript,class,ULokiAimingVisComponent,LokiAimingVisComponent,/Script/Loki.LokiAimingVisComponent,3,True,3,bHeroUsesAimingLaser,bool,BoolProperty,True,BlueprintReadable|BlueprintWritable|EditableOnDefaults,,False
Core.AimingVis.LokiAimingVisComponent,ULokiAimingVisComponentScript,LokiAimingVisComponentScript,class,ULokiAimingVisComponent,LokiAimingVisComponent,/Script/Loki.LokiAimingVisComponent,4,True,4,ClientLaserInstance,ALokiAimingLaser@,ObjectProperty,True,EditableOnDefaults|EditableOnInstance|Transient,,False
Core.AimingVis.LokiAimingVisComponent,ULokiAimingVisComponentScript,LokiAimingVisComponentScript,class,ULokiAimingVisComponent,LokiAimingVisComponent,/Script/Loki.LokiAimingVisComponent,5,True,5,LaserSettings,TArray<FAimingLaserSettings>,Array<Struct<AimingLaserSettings>>,True,BlueprintReadable|BlueprintWritable|EditableOnDefaults,,False
Core.AimingVis.LokiAimingVisComponent,ULokiAimingVisComponentScript,LokiAimingVisComponentScript,class,ULokiAimingVisComponent,LokiAimingVisComponent,/Script/Loki.LokiAimingVisComponent,6,True,6,SpawnLaserSettingsIndex,int,IntProperty,True,BlueprintReadable|BlueprintWritable|EditableOnDefaults,,False
Core.AimingVis.LokiAimingVisComponent,ULokiAimingVisComponentScript,LokiAimingVisComponentScript,class,ULokiAimingVisComponent,LokiAimingVisComponent,/Script/Loki.LokiAimingVisComponent,7,True,7,CurrentLaserSettingsIndex,int,IntProperty,True,BlueprintReadable|EditableOnDefaults|EditableOnInstance,,False
Core.AimingVis.LokiAimingVisComponent,ULokiAimingVisComponentScript,LokiAimingVisComponentScript,class,ULokiAimingVisComponent,LokiAimingVisComponent,/Script/Loki.LokiAimingVisComponent,8,True,8,ReplicatedLaserSettingsIndex,int,IntProperty,True,BlueprintReadable|BlueprintWritable|EditableOnDefaults|EditableOnInstance|Replicated,0,False
Core.AimingVis.HunterSpecific.LokiAimingLaserSpreadLines_HookGuy,ALokiAimingLaserSpreadLines_HookGuy,LokiAimingLaserSpreadLines_HookGuy,class,ALokiAimingLaserSpreadLines,LokiAimingLaserSpreadLines,/Script/Engine.Actor,0,True,0,RangeMin,float64,DoubleProperty,True,BlueprintReadable|BlueprintWritable|EditableOnDefaults|EditableOnInstance,,False
Core.AimingVis.HunterSpecific.LokiAimingLaserSpreadLines_HookGuy,ALokiAimingLaserSpreadLines_HookGuy,LokiAimingLaserSpreadLines_HookGuy,class,ALokiAimingLaserSpreadLines,LokiAimingLaserSpreadLines,/Script/Engine.Actor,1,True,1,RangeMax,float64,DoubleProperty,True,BlueprintReadable|BlueprintWritable|EditableOnDefaults|EditableOnInstance,,False
Core.AimingVis.HunterSpecific.LokiAimingLaserSpreadLines_Ronin,ALokiAimingLaserSpreadLines_Ronin,LokiAimingLaserSpreadLines_Ronin,class,ALokiAimingLaserSpreadLines,LokiAimingLaserSpreadLines,/Script/Engine.Actor,0,True,0,PostAttackVisDuration,float64,DoubleProperty,True,BlueprintReadable|BlueprintWritable|EditableOnDefaults,,False
Core.AimingVis.HunterSpecific.LokiAimingLaserSpreadLines_Ronin,ALokiAimingLaserSpreadLines_Ronin,LokiAimingLaserSpreadLines_Ronin,class,ALokiAimingLaserSpreadLines,LokiAimingLaserSpreadLines,/Script/Engine.Actor,1,True,1,PostAttackVisFadeout,float64,DoubleProperty,True,BlueprintReadable|BlueprintWritable|EditableOnDefaults,,False
Core.AimingVis.HunterSpecific.LokiAimingLaserSpreadLines_Ronin,ALokiAimingLaserSpreadLines_Ronin,LokiAimingLaserSpreadLines_Ronin,class,ALokiAimingLaserSpreadLines,LokiAimingLaserSpreadLines,/Script/Engine.Actor,2,False,,VisTimeRemaining,float64,DoubleProperty,False,,,False
Core.AimingVis.HunterSpecific.LokiAimingLaser_Huntress,ALokiAimingLaser_Huntress,LokiAimingLaser_Huntress,class,ALokiAimingLaserRangeMarker,LokiAimingLaserRangeMarker,/Script/Engine.Actor,0,True,0,ProgressMarker,UStaticMeshComponent@,ObjectProperty,True,BlueprintReadable|EditableOnDefaults|InstancedReference,,False
Core.AimingVis.HunterSpecific.LokiAimingLaser_Huntress,ALokiAimingLaser_Huntress,LokiAimingLaser_Huntress,class,ALokiAimingLaserRangeMarker,LokiAimingLaserRangeMarker,/Script/Engine.Actor,1,False,,bShowProgressMarker,bool,BoolProperty,False,,,False
Core.AimingVis.HunterSpecific.LokiAimingLaser_Huntress,ALokiAimingLaser_Huntress,LokiAimingLaser_Huntress,class,ALokiAimingLaserRangeMarker,LokiAimingLaserRangeMarker,/Script/Engine.Actor,2,False,,ProgressMarkerOriginalScale,float64,DoubleProperty,False,,,False
Core.AimingVis.HunterSpecific.LokiAimingLaser_Huntress,ALokiAimingLaser_Huntress,LokiAimingLaser_Huntress,class,ALokiAimingLaserRangeMarker,LokiAimingLaserRangeMarker,/Script/Engine.Actor,3,True,1,SettingsIndexBase,int,IntProperty,True,BlueprintReadable|BlueprintWritable|EditableOnDefaults,,False
Core.AimingVis.HunterSpecific.LokiAimingLaser_Huntress,ALokiAimingLaser_Huntress,LokiAimingLaser_Huntress,class,ALokiAimingLaserRangeMarker,LokiAimingLaserRangeMarker,/Script/Engine.Actor,4,True,2,SettingsIndexLMB,int,IntProperty,True,BlueprintReadable|BlueprintWritable|EditableOnDefaults,,False
Core.AimingVis.HunterSpecific.LokiAimingLaser_Huntress,ALokiAimingLaser_Huntress,LokiAimingLaser_Huntress,class,ALokiAimingLaserRangeMarker,LokiAimingLaserRangeMarker,/Script/Engine.Actor,5,True,3,LMBRangeMarkerDistance,float64,DoubleProperty,True,BlueprintReadable|BlueprintWritable|EditableOnDefaults,,False
Core.AimingVis.HunterSpecific.LokiAimingLaser_Huntress,ALokiAimingLaser_Huntress,LokiAimingLaser_Huntress,class,ALokiAimingLaserRangeMarker,LokiAimingLaserRangeMarker,/Script/Engine.Actor,6,True,4,ArrowRangeMinGreen,float64,DoubleProperty,True,BlueprintReadable|BlueprintWritable|EditableOnDefaults|EditableOnInstance,,False
Core.AimingVis.HunterSpecific.LokiAimingLaser_Huntress,ALokiAimingLaser_Huntress,LokiAimingLaser_Huntress,class,ALokiAimingLaserRangeMarker,LokiAimingLaserRangeMarker,/Script/Engine.Actor,7,True,5,ArrowRangeMaxGreen,float64,DoubleProperty,True,BlueprintReadable|BlueprintWritable|EditableOnDefaults|EditableOnInstance,,False
Core.AimingVis.HunterSpecific.LokiAimingLaser_Huntress,ALokiAimingLaser_Huntress,LokiAimingLaser_Huntress,class,ALokiAimingLaserRangeMarker,LokiAimingLaserRangeMarker,/Script/Engine.Actor,8,True,6,ArrowRangeMaxBlue,float64,DoubleProperty,True,BlueprintReadable|BlueprintWritable|EditableOnDefaults|EditableOnInstance,,False
Core.AimingVis.HunterSpecific.LokiAimingLaser_Huntress,ALokiAimingLaser_Huntress,LokiAimingLaser_Huntress,class,ALokiAimingLaserRangeMarker,LokiAimingLaserRangeMarker,/Script/Engine.Actor,9,True,7,ArrowRangeMaxBluePerfect,float64,DoubleProperty,True,BlueprintReadable|BlueprintWritable|EditableOnDefaults|EditableOnInstance,,False
Core.AimingVis.HunterSpecific.LokiAimingLaser_Huntress,ALokiAimingLaser_Huntress,LokiAimingLaser_Huntress,class,ALokiAimingLaserRangeMarker,LokiAimingLaserRangeMarker,/Script/Engine.Actor,10,True,8,ArrowPerfectGreenChargeMin,float64,DoubleProperty,True,BlueprintReadable|BlueprintWritable|EditableOnDefaults|EditableOnInstance,,False
Core.AimingVis.HunterSpecific.LokiAimingLaser_Huntress,ALokiAimingLaser_Huntress,LokiAimingLaser_Huntress,class,ALokiAimingLaserRangeMarker,LokiAimingLaserRangeMarker,/Script/Engine.Actor,11,True,9,ArrowPerfectGreenChargeMax,float64,DoubleProperty,True,BlueprintReadable|BlueprintWritable|EditableOnDefaults|EditableOnInstance,,False
Core.AimingVis.HunterSpecific.LokiAimingLaser_Huntress,ALokiAimingLaser_Huntress,LokiAimingLaser_Huntress,class,ALokiAimingLaserRangeMarker,LokiAimingLaserRangeMarker,/Script/Engine.Actor,12,True,10,ArrowStartChargeFrac,float64,DoubleProperty,True,BlueprintReadable|BlueprintWritable|EditableOnDefaults|EditableOnInstance,,False
Core.AimingVis.HunterSpecific.LokiAimingLaser_Huntress,ALokiAimingLaser_Huntress,LokiAimingLaser_Huntress,class,ALokiAimingLaserRangeMarker,LokiAimingLaserRangeMarker,/Script/Engine.Actor,13,True,11,RangeMarkerDimmedMaterial,UMaterialInterface@,ObjectProperty,True,BlueprintReadable|BlueprintWritable|EditableOnDefaults|EditableOnInstance,,False
Core.AimingVis.HunterSpecific.LokiAimingLaser_Huntress,ALokiAimingLaser_Huntress,LokiAimingLaser_Huntress,class,ALokiAimingLaserRangeMarker,LokiAimingLaserRangeMarker,/Script/Engine.Actor,14,True,12,RangeMarkerLitMaterial,UMaterialInterface@,ObjectProperty,True,BlueprintReadable|BlueprintWritable|EditableOnDefaults|EditableOnInstance,,False
Core.AimingVis.HunterSpecific.LokiAimingLaser_Huntress,ALokiAimingLaser_Huntress,LokiAimingLaser_Huntress,class,ALokiAimingLaserRangeMarker,LokiAimingLaserRangeMarker,/Script/Engine.Actor,15,False,,bRangeMarkerDimmed,bool,BoolProperty,False,,,False
Core.AimingVis.HunterSpecific.LokiAimingLaser_Huntress,ALokiAimingLaser_Huntress,LokiAimingLaser_Huntress,class,ALokiAimingLaserRangeMarker,LokiAimingLaserRangeMarker,/Script/Engine.Actor,16,False,,RangeMarkerOriginalScale,float64,DoubleProperty,False,,,False
Core.AimingVis.HunterSpecific.LokiAimingLaser_Huntress,ALokiAimingLaser_Huntress,LokiAimingLaser_Huntress,class,ALokiAimingLaserRangeMarker,LokiAimingLaserRangeMarker,/Script/Engine.Actor,17,True,13,LaserEndpointDimmedMaterial,UMaterialInterface@,ObjectProperty,True,BlueprintReadable|BlueprintWritable|EditableOnDefaults|EditableOnInstance,,False
Core.AimingVis.HunterSpecific.LokiAimingLaser_Huntress,ALokiAimingLaser_Huntress,LokiAimingLaser_Huntress,class,ALokiAimingLaserRangeMarker,LokiAimingLaserRangeMarker,/Script/Engine.Actor,18,True,14,LaserEndpointLitMaterial,UMaterialInterface@,ObjectProperty,True,BlueprintReadable|BlueprintWritable|EditableOnDefaults|EditableOnInstance,,False
Core.AimingVis.HunterSpecific.LokiAimingLaser_Huntress,ALokiAimingLaser_Huntress,LokiAimingLaser_Huntress,class,ALokiAimingLaserRangeMarker,LokiAimingLaserRangeMarker,/Script/Engine.Actor,19,False,,bLaserEndpointDimmed,bool,BoolProperty,False,,,False
Core.AimingVis.HunterSpecific.LokiAimingLaser_Huntress,ALokiAimingLaser_Huntress,LokiAimingLaser_Huntress,class,ALokiAimingLaserRangeMarker,LokiAimingLaserRangeMarker,/Script/Engine.Actor,20,True,15,SettingsIndexRMB,int,IntProperty,True,BlueprintReadable|BlueprintWritable|EditableOnDefaults,,False
Core.AimingVis.HunterSpecific.LokiAimingLaser_Huntress,ALokiAimingLaser_Huntress,LokiAimingLaser_Huntress,class,ALokiAimingLaserRangeMarker,LokiAimingLaserRangeMarker,/Script/Engine.Actor,21,True,16,ImpaleRangeMin,float64,DoubleProperty,True,BlueprintReadable|BlueprintWritable|EditableOnDefaults|EditableOnInstance,,False
Core.AimingVis.HunterSpecific.LokiAimingLaser_Huntress,ALokiAimingLaser_Huntress,LokiAimingLaser_Huntress,class,ALokiAimingLaserRangeMarker,LokiAimingLaserRangeMarker,/Script/Engine.Actor,22,True,17,ImpaleRangeMax,float64,DoubleProperty,True,BlueprintReadable|BlueprintWritable|EditableOnDefaults|EditableOnInstance,,False
Core.AimingVis.HunterSpecific.LokiAimingLaser_Huntress,ALokiAimingLaser_Huntress,LokiAimingLaser_Huntress,class,ALokiAimingLaserRangeMarker,LokiAimingLaserRangeMarker,/Script/Engine.Actor,23,True,18,SettingsIndexUlt,int,IntProperty,True,BlueprintReadable|BlueprintWritable|EditableOnDefaults,,False
Core.AimingVis.HunterSpecific.LokiAimingLaser_Huntress,ALokiAimingLaser_Huntress,LokiAimingLaser_Huntress,class,ALokiAimingLaserRangeMarker,LokiAimingLaserRangeMarker,/Script/Engine.Actor,24,True,19,UltArrowRangeMax,float64,DoubleProperty,True,BlueprintReadable|BlueprintWritable|EditableOnDefaults|EditableOnInstance,,False
Core.AimingVis.HunterSpecific.LokiAimingLaser_Huntress,ALokiAimingLaser_Huntress,LokiAimingLaser_Huntress,class,ALokiAimingLaserRangeMarker,LokiAimingLaserRangeMarker,/Script/Engine.Actor,25,False,,CurrentProgressEndTime,float64,DoubleProperty,False,,,False
Core.AimingVis.HunterSpecific.LokiAimingLaser_Huntress,ALokiAimingLaser_Huntress,LokiAimingLaser_Huntress,class,ALokiAimingLaserRangeMarker,LokiAimingLaserRangeMarker,/Script/Engine.Actor,26,False,,bOriginalLimitLaserToCursor,bool,BoolProperty,False,,,False
Core.AimingVis.HunterSpecific.LokiAimingLaser_Huntress,ALokiAimingLaser_Huntress,LokiAimingLaser_Huntress,class,ALokiAimingLaserRangeMarker,LokiAimingLaserRangeMarker,/Script/Engine.Actor,27,False,,bOriginalLimitLaserToCursorDoFade,bool,BoolProperty,False,,,False
Core.Components.LokiMajorStatusEffectComponent,ULokiMajorStatusEffectComponent_AS,LokiMajorStatusEffectComponent_AS,class,ULokiMajorStatusEffectComponent,LokiMajorStatusEffectComponent,/Script/Loki.LokiMajorStatusEffectComponent,0,True,0,MyCharacter,ALokiCharacter@,ObjectProperty,True,BlueprintReadable|EditableOnDefaults|EditableOnInstance,,False
Core.Components.LokiMajorStatusEffectComponent,ULokiMajorStatusEffectComponent_AS,LokiMajorStatusEffectComponent_AS,class,ULokiMajorStatusEffectComponent,LokiMajorStatusEffectComponent,/Script/Loki.LokiMajorStatusEffectComponent,1,True,1,EffectHandles,"TMap<FGameplayTag, FActiveGameplayEffectHandle>","Map<Struct<GameplayTag>,Struct<ActiveGameplayEffectHandle>>",True,BlueprintReadable|BlueprintWritable|EditableOnDefaults|EditableOnInstance,,False
DayNightController.LokiDayNightController,ALokiDayNightController_AS,LokiDayNightController_AS,class,ALokiDayNightController,LokiDayNightController,/Script/Loki.LokiDayNightController,0,True,0,OnTimelineChanged,FTimelineChangedDelegate,MulticastDelegateProperty,True,BlueprintReadable|BlueprintWritable|EditableOnDefaults|EditableOnInstance,,False
DayNightController.LokiDayNightController,ALokiDayNightController_AS,LokiDayNightController_AS,class,ALokiDayNightController,LokiDayNightController,/Script/Loki.LokiDayNightController,1,True,1,OnDayNightStateChanged,FDayNightStateChangedDelegate,MulticastDelegateProperty,True,BlueprintReadable|BlueprintWritable|EditableOnDefaults|EditableOnInstance,,False
DayNightController.LokiDayNightController,ALokiDayNightController_AS,LokiDayNightController_AS,class,ALokiDayNightController,LokiDayNightController,/Script/Loki.LokiDayNightController,2,True,2,OnDayBegin,FDayBeginDelegate,MulticastDelegateProperty,True,BlueprintReadable|BlueprintWritable|EditableOnDefaults|EditableOnInstance,,False
DayNightController.LokiDayNightController,ALokiDayNightController_AS,LokiDayNightController_AS,class,ALokiDayNightController,LokiDayNightController,/Script/Loki.LokiDayNightController,3,True,3,OnDayEnd,FDayEndDelegate,MulticastDelegateProperty,True,BlueprintReadable|BlueprintWritable|EditableOnDefaults|EditableOnInstance,,False
FFA.Comp_PC_LokiRespawnComponent,UComp_PC_LokiRespawnComponent,Comp_PC_LokiRespawnComponent,class,UActorComponent,ActorComponent,/Script/Engine.ActorComponent,0,True,0,RespawnTimerWidget,TSubclassOf<UUserWidget@>,ObjectProperty,True,BlueprintReadable|BlueprintWritable|EditableOnDefaults|EditableOnInstance,,False
FFA.FFABotSpawner,UFFABotSpawnerComponent,FFABotSpawnerComponent,class,ULokiBotSpawnerComponent,LokiBotSpawnerComponent,/Script/Loki.LokiBotSpawnerComponent,0,True,0,AvailableBots,TArray<FPrimaryAssetId>,Array<Struct<PrimaryAssetId>>,True,BlueprintReadable|BlueprintWritable|EditableOnDefaults|EditableOnInstance,,False
FFA.FFAGameMode,AFFAGameMode,FFAGameMode,class,ALokiDropInGameMode,LokiDropInGameMode,/Script/Loki.LokiDropInGameMode,0,True,0,LevelToGrant,int,IntProperty,True,BlueprintReadable|BlueprintWritable|EditableOnDefaults|EditableOnInstance|Transient,,False
FFA.FFAGameMode,AFFAGameMode,FFAGameMode,class,ALokiDropInGameMode,LokiDropInGameMode,/Script/Loki.LokiDropInGameMode,1,True,1,BandageItem,TSubclassOf<ALokiBaseItem@>,ObjectProperty,True,BlueprintReadable|BlueprintWritable|EditableOnDefaults|EditableOnInstance,,False
FFA.FFAGameMode,AFFAGameMode,FFAGameMode,class,ALokiDropInGameMode,LokiDropInGameMode,/Script/Loki.LokiDropInGameMode,2,True,2,ArmorItem,TSubclassOf<ALokiBaseItem@>,ObjectProperty,True,BlueprintReadable|BlueprintWritable|EditableOnDefaults|EditableOnInstance,,False
FFA.FFAGameMode,AFFAGameMode,FFAGameMode,class,ALokiDropInGameMode,LokiDropInGameMode,/Script/Loki.LokiDropInGameMode,3,True,3,InitializedPlayerStates,TSet<ALokiPlayerState@>,Set<ObjectProperty>,True,BlueprintReadable|EditableOnDefaults|EditableOnInstance,,False
FFA.FFAGameMode,AFFAGameMode,FFAGameMode,class,ALokiDropInGameMode,LokiDropInGameMode,/Script/Loki.LokiDropInGameMode,4,True,4,ConnectedPlayerControllers,TSet<ALokiPlayerController@>,Set<ObjectProperty>,True,BlueprintReadable|BlueprintWritable|EditableOnDefaults|EditableOnInstance,,False
FFA.LokiPlayerRespawnComponent,ULokiPlayerRespawnComponent,LokiPlayerRespawnComponent,class,UActorComponent,ActorComponent,/Script/Engine.ActorComponent,0,True,0,RespawnTime,float64,DoubleProperty,True,BlueprintReadable|BlueprintWritable|EditableOnDefaults|EditableOnInstance|Replicated,0,True
FFA.LokiPlayerRespawnComponent,ULokiPlayerRespawnComponent,LokiPlayerRespawnComponent,class,UActorComponent,ActorComponent,/Script/Engine.ActorComponent,1,True,1,LocalPC,ALokiPlayerController@,ObjectProperty,True,BlueprintReadable|BlueprintWritable|EditableOnDefaults|EditableOnInstance,,False
FFA.LokiPlayerRespawnComponent,ULokiPlayerRespawnComponent,LokiPlayerRespawnComponent,class,UActorComponent,ActorComponent,/Script/Engine.ActorComponent,2,True,2,LocalRespawnTime,float64,DoubleProperty,True,BlueprintReadable|BlueprintWritable|EditableOnDefaults|EditableOnInstance,,False
FFA.LokiPlayerRespawnComponent,ULokiPlayerRespawnComponent,LokiPlayerRespawnComponent,class,UActorComponent,ActorComponent,/Script/Engine.ActorComponent,3,True,3,OnRespawnTimeUpdated,FOnUpdated,MulticastDelegateProperty,True,BlueprintReadable|BlueprintWritable|EditableOnDefaults|EditableOnInstance,,False
FFA.LokiPlayerRespawnComponent,ULokiPlayerRespawnComponent,LokiPlayerRespawnComponent,class,UActorComponent,ActorComponent,/Script/Engine.ActorComponent,4,True,4,InitialSpawnDelay,float64,DoubleProperty,True,BlueprintReadable|BlueprintWritable|EditableOnDefaults|EditableOnInstance,,False
FFA.LokiPlayerRespawnComponent,ULokiPlayerRespawnComponent,LokiPlayerRespawnComponent,class,UActorComponent,ActorComponent,/Script/Engine.ActorComponent,5,True,5,SpawnDelay,float64,DoubleProperty,True,BlueprintReadable|BlueprintWritable|EditableOnDefaults|EditableOnInstance,,False
FFA.LokiPlayerRespawnComponent,ULokiPlayerRespawnComponent,LokiPlayerRespawnComponent,class,UActorComponent,ActorComponent,/Script/Engine.ActorComponent,6,True,6,IsCombatPhase,bool,BoolProperty,True,BlueprintReadable|BlueprintWritable|EditableOnDefaults|EditableOnInstance,,False
FFA.LokiPlayerRespawnComponent,ULokiPlayerRespawnComponent,LokiPlayerRespawnComponent,class,UActorComponent,ActorComponent,/Script/Engine.ActorComponent,7,True,7,bOnlyScheduleRespawnsDuringCombatPhase,bool,BoolProperty,True,BlueprintReadable|BlueprintWritable|EditableOnDefaults,,False
FFA.LokiPlayerRespawnComponent,ULokiPlayerRespawnComponent,LokiPlayerRespawnComponent,class,UActorComponent,ActorComponent,/Script/Engine.ActorComponent,8,True,8,bStartTimerOnlyOnKill,bool,BoolProperty,True,BlueprintReadable|BlueprintWritable|EditableOnDefaults,,False
FFA.LokiRespawnComponent,ULokiRespawnComponent,LokiRespawnComponent,class,UActorComponent,ActorComponent,/Script/Engine.ActorComponent,0,True,0,Starts,TArray<FVector>,Array<Struct<Vector>>,True,BlueprintReadable|BlueprintWritable|EditableOnDefaults|EditableOnInstance,,False
FFA.LokiRespawnComponent,ULokiRespawnComponent,LokiRespawnComponent,class,UActorComponent,ActorComponent,/Script/Engine.ActorComponent,1,True,1,StartIndex,int,IntProperty,True,BlueprintReadable|BlueprintWritable|EditableOnDefaults|EditableOnInstance,,False
FFA.LokiRespawnComponent,ULokiRespawnComponent,LokiRespawnComponent,class,UActorComponent,ActorComponent,/Script/Engine.ActorComponent,2,True,2,BarrierActor,TSubclassOf<AActor@>,ObjectProperty,True,BlueprintReadable|BlueprintWritable|EditableOnDefaults|EditableOnInstance,,False
FFA.LokiRespawnComponent,ULokiRespawnComponent,LokiRespawnComponent,class,UActorComponent,ActorComponent,/Script/Engine.ActorComponent,3,True,3,OnSpawnEffect,TSubclassOf<UGameplayEffect@>,ObjectProperty,True,BlueprintReadable|BlueprintWritable|EditableOnDefaults,,False
FFA.LokiRespawnComponent,ULokiRespawnComponent,LokiRespawnComponent,class,UActorComponent,ActorComponent,/Script/Engine.ActorComponent,4,True,4,NonSpawningBotStates,TSet<ALokiPlayerState@>,Set<ObjectProperty>,True,BlueprintReadable|BlueprintWritable|EditableOnDefaults|EditableOnInstance,,False
FFA.LokiRespawnComponent,ULokiRespawnComponent,LokiRespawnComponent,class,UActorComponent,ActorComponent,/Script/Engine.ActorComponent,5,True,5,HumansBeforeBotDespawn,int,IntProperty,True,BlueprintReadable|BlueprintWritable|EditableOnDefaults|EditableOnInstance,,False
FFA.LokiRespawnComponent,ULokiRespawnComponent,LokiRespawnComponent,class,UActorComponent,ActorComponent,/Script/Engine.ActorComponent,6,True,6,SpawnRadius,float64,DoubleProperty,True,BlueprintReadable|BlueprintWritable|EditableOnDefaults,,False
FFA.LokiRespawnComponent,ULokiRespawnComponent,LokiRespawnComponent,class,UActorComponent,ActorComponent,/Script/Engine.ActorComponent,7,True,7,SpawnIndex,int,IntProperty,True,BlueprintReadable|BlueprintWritable|EditableOnDefaults|EditableOnInstance,,False
FFA.LokiRespawnComponent,ULokiRespawnComponent,LokiRespawnComponent,class,UActorComponent,ActorComponent,/Script/Engine.ActorComponent,8,True,8,HasCreatedPlayerStarts,bool,BoolProperty,True,BlueprintReadable|BlueprintWritable|EditableOnDefaults|EditableOnInstance,,False
FFA.LokiRespawnComponent,ULokiRespawnComponent,LokiRespawnComponent,class,UActorComponent,ActorComponent,/Script/Engine.ActorComponent,9,True,9,OnPlayerStartsCreated,FOnUpdated,MulticastDelegateProperty,True,BlueprintReadable|EditableOnDefaults|EditableOnInstance,,False
FFA.RespawnTimerWidget,URespawnTimerWidget,RespawnTimerWidget,class,UUserWidget,UserWidget,/Script/UMG.UserWidget,0,True,0,PSC,ULokiPlayerRespawnComponent@,ObjectProperty,True,BlueprintReadable|BlueprintWritable|EditableOnDefaults|EditableOnInstance,,False
GameMode.LokiGameMode_ExoticLootComponent,ULokiExoticLootComponent,LokiExoticLootComponent,class,UActorComponent,ActorComponent,/Script/Engine.ActorComponent,0,True,0,DayToLootTable,"TMap<int, TSubclassOf<ULokiLootTable@>>","Map<IntProperty,ObjectProperty>",True,BlueprintReadable|BlueprintWritable|EditableOnDefaults,,False
GameMode.LokiGameMode_ExoticLootComponent,ULokiExoticLootComponent,LokiExoticLootComponent,class,UActorComponent,ActorComponent,/Script/Engine.ActorComponent,1,False,,DayToExotics,"TMap<int, FExoticItemList>","Map<IntProperty,Struct<ExoticItemList>>",False,,,False
GameMode.LokiGameMode_ExoticLootComponent,ULokiExoticLootComponent,LokiExoticLootComponent,class,UActorComponent,ActorComponent,/Script/Engine.ActorComponent,2,False,,RandomSeed,FRandomStream,Struct<RandomStream>,False,,,False
GameMode.LokiGameMode_ExoticLootComponent,FExoticItemList,ExoticItemList,struct,,,,0,True,0,Exotics,TArray<TSubclassOf<AActor@>>,Array<ObjectProperty>,True,,,False
GameMode.DropPhase.LokiDropPhase_PlayerStateComponent,ULokiDropPhase_PlayerStateComponent,LokiDropPhase_PlayerStateComponent,class,ULokiPlayerDropPlaneComponent,LokiPlayerDropPlaneComponent,/Script/Loki.LokiPlayerDropPlaneComponent,0,False,,MaxHeightRange,float64,DoubleProperty,False,,,False
GameMode.DropPhase.LokiDropPhase_PlayerStateComponent,ULokiDropPhase_PlayerStateComponent,LokiDropPhase_PlayerStateComponent,class,ULokiPlayerDropPlaneComponent,LokiPlayerDropPlaneComponent,/Script/Loki.LokiPlayerDropPlaneComponent,1,False,,MinimumTargetLocationMovementSpeed,float64,DoubleProperty,False,,,False
GameMode.DropPhase.LokiDropPhase_PlayerStateComponent,ULokiDropPhase_PlayerStateComponent,LokiDropPhase_PlayerStateComponent,class,ULokiPlayerDropPlaneComponent,LokiPlayerDropPlaneComponent,/Script/Loki.LokiPlayerDropPlaneComponent,2,False,,MaximumTargetLocationMovementSpeed,float64,DoubleProperty,False,,,False
GameMode.DropPhase.LokiDropPhase_PlayerStateComponent,ULokiDropPhase_PlayerStateComponent,LokiDropPhase_PlayerStateComponent,class,ULokiPlayerDropPlaneComponent,LokiPlayerDropPlaneComponent,/Script/Loki.LokiPlayerDropPlaneComponent,3,False,,PodDetachFromLeaderMinTime,float64,DoubleProperty,False,,,False
GameMode.DropPhase.LokiDropPhase_PlayerStateComponent,ULokiDropPhase_PlayerStateComponent,LokiDropPhase_PlayerStateComponent,class,ULokiPlayerDropPlaneComponent,LokiPlayerDropPlaneComponent,/Script/Loki.LokiPlayerDropPlaneComponent,4,False,,PodDetachFromLeaderMaxTime,float64,DoubleProperty,False,,,False
GameMode.DropPhase.LokiDropPhase_PlayerStateComponent,ULokiDropPhase_PlayerStateComponent,LokiDropPhase_PlayerStateComponent,class,ULokiPlayerDropPlaneComponent,LokiPlayerDropPlaneComponent,/Script/Loki.LokiPlayerDropPlaneComponent,5,False,,bDropPhaseControlsDisabled,bool,BoolProperty,False,,,False
GameMode.DropPhase.LokiDropPhase_PlayerStateComponent,ULokiDropPhase_PlayerStateComponent,LokiDropPhase_PlayerStateComponent,class,ULokiPlayerDropPlaneComponent,LokiPlayerDropPlaneComponent,/Script/Loki.LokiPlayerDropPlaneComponent,6,False,,bCanSelectDropLocation,bool,BoolProperty,False,,,False
GameMode.DropPhase.LokiDropPhase_PlayerStateComponent,ULokiDropPhase_PlayerStateComponent,LokiDropPhase_PlayerStateComponent,class,ULokiPlayerDropPlaneComponent,LokiPlayerDropPlaneComponent,/Script/Loki.LokiPlayerDropPlaneComponent,7,False,,TargetMovespeedDelta,float64,DoubleProperty,False,,,False
GameMode.DropPhase.LokiDropPhase_PlayerStateComponent,ULokiDropPhase_PlayerStateComponent,LokiDropPhase_PlayerStateComponent,class,ULokiPlayerDropPlaneComponent,LokiPlayerDropPlaneComponent,/Script/Loki.LokiPlayerDropPlaneComponent,8,False,,NetworkUpdateFrequencey,float64,DoubleProperty,False,,,False
GameMode.DropPhase.LokiDropPhase_PlayerStateComponent,ULokiDropPhase_PlayerStateComponent,LokiDropPhase_PlayerStateComponent,class,ULokiPlayerDropPlaneComponent,LokiPlayerDropPlaneComponent,/Script/Loki.LokiPlayerDropPlaneComponent,9,False,,BufferedDestinationDelta,FVector,Struct<Vector>,False,,,False
GameMode.DropPhase.LokiDropPhase_PlayerStateComponent,ULokiDropPhase_PlayerStateComponent,LokiDropPhase_PlayerStateComponent,class,ULokiPlayerDropPlaneComponent,LokiPlayerDropPlaneComponent,/Script/Loki.LokiPlayerDropPlaneComponent,10,False,,DropPodActor,ALokiDropPod@,ObjectProperty,False,,,False
GameMode.DropPhase.LokiDropPhase_PlayerStateComponent,ULokiDropPhase_PlayerStateComponent,LokiDropPhase_PlayerStateComponent,class,ULokiPlayerDropPlaneComponent,LokiPlayerDropPlaneComponent,/Script/Loki.LokiPlayerDropPlaneComponent,11,False,,PodSteeringEventListenerHanddle,FGameEventListenerHandle,Struct<GameEventListenerHandle>,False,,,False
GameMode.DropPhase.LokiDropPhase_PlayerStateComponent,ULokiDropPhase_PlayerStateComponent,LokiDropPhase_PlayerStateComponent,class,ULokiPlayerDropPlaneComponent,LokiPlayerDropPlaneComponent,/Script/Loki.LokiPlayerDropPlaneComponent,12,False,,bPodSteeringEnabled,bool,BoolProperty,False,,,False
GameMode.DropPhase.LokiDropPhase_PlayerStateComponent,ULokiDropPhase_PlayerStateComponent,LokiDropPhase_PlayerStateComponent,class,ULokiPlayerDropPlaneComponent,LokiPlayerDropPlaneComponent,/Script/Loki.LokiPlayerDropPlaneComponent,13,False,,bPodDetachingEnabled,bool,BoolProperty,False,,,False
GameMode.DropPhase.LokiDropPhase_PlayerStateComponent,ULokiDropPhase_PlayerStateComponent,LokiDropPhase_PlayerStateComponent,class,ULokiPlayerDropPlaneComponent,LokiPlayerDropPlaneComponent,/Script/Loki.LokiPlayerDropPlaneComponent,14,False,,bIgnoreInput,bool,BoolProperty,False,,,False
GameMode.DropPhase.LokiDropPhase_PlayerStateComponent,ULokiDropPhase_PlayerStateComponent,LokiDropPhase_PlayerStateComponent,class,ULokiPlayerDropPlaneComponent,LokiPlayerDropPlaneComponent,/Script/Loki.LokiPlayerDropPlaneComponent,15,False,,bAlwaysUpdateNetwork,bool,BoolProperty,False,,,False
GameMode.DropPhase.LokiDropPhase_PlayerStateComponent,ULokiDropPhase_PlayerStateComponent,LokiDropPhase_PlayerStateComponent,class,ULokiPlayerDropPlaneComponent,LokiPlayerDropPlaneComponent,/Script/Loki.LokiPlayerDropPlaneComponent,16,False,,NetworkUpdateFrequencyTimer,FTimerHandle,Struct<TimerHandle>,False,,,False
GameMode.DropPhase.LokiDropPhase_PlayerStateComponent,ULokiDropPhase_PlayerStateComponent,LokiDropPhase_PlayerStateComponent,class,ULokiPlayerDropPlaneComponent,LokiPlayerDropPlaneComponent,/Script/Loki.LokiPlayerDropPlaneComponent,17,False,,INVALID_MOVEMENT_VALUE,const float64,DoubleProperty,False,,,False
GameMode.DropPhase.LokiDropPhase_PlayerStateComponent,ULokiDropPhase_PlayerStateComponent,LokiDropPhase_PlayerStateComponent,class,ULokiPlayerDropPlaneComponent,LokiPlayerDropPlaneComponent,/Script/Loki.LokiPlayerDropPlaneComponent,18,False,,MovementForwardValue,float64,DoubleProperty,False,,,False
GameMode.DropPhase.LokiDropPhase_PlayerStateComponent,ULokiDropPhase_PlayerStateComponent,LokiDropPhase_PlayerStateComponent,class,ULokiPlayerDropPlaneComponent,LokiPlayerDropPlaneComponent,/Script/Loki.LokiPlayerDropPlaneComponent,19,False,,MovementRightValue,float64,DoubleProperty,False,,,False
GameMode.DropPhase.LokiDropPhase_PlayerStateComponent,ULokiDropPhase_PlayerStateComponent,LokiDropPhase_PlayerStateComponent,class,ULokiPlayerDropPlaneComponent,LokiPlayerDropPlaneComponent,/Script/Loki.LokiPlayerDropPlaneComponent,20,False,,CurrMoveDirection,ELokiMovementInputDirection,Enum<ELokiMovementInputDirection:IntProperty>,False,,,False
GameMode.DropPhase.LokiDropPhase_PlayerStateComponent,ULokiDropPhase_PlayerStateComponent,LokiDropPhase_PlayerStateComponent,class,ULokiPlayerDropPlaneComponent,LokiPlayerDropPlaneComponent,/Script/Loki.LokiPlayerDropPlaneComponent,21,False,,CrewPodDetachStartTime,float64,DoubleProperty,False,,,False
GameMode.DropPhase.LokiDropPhase_PlayerStateComponent,ULokiDropPhase_PlayerStateComponent,LokiDropPhase_PlayerStateComponent,class,ULokiPlayerDropPlaneComponent,LokiPlayerDropPlaneComponent,/Script/Loki.LokiPlayerDropPlaneComponent,22,False,,bPodIsAttachedToLeader,bool,BoolProperty,False,,,False
GameMode.DropPhase.LokiDropPhase_PlayerStateComponent,ULokiDropPhase_PlayerStateComponent,LokiDropPhase_PlayerStateComponent,class,ULokiPlayerDropPlaneComponent,LokiPlayerDropPlaneComponent,/Script/Loki.LokiPlayerDropPlaneComponent,23,False,,DetachInputStartTime,float64,DoubleProperty,False,,,False
GameMode.DropPhase.LokiDropPhase_PlayerStateComponent,ULokiDropPhase_PlayerStateComponent,LokiDropPhase_PlayerStateComponent,class,ULokiPlayerDropPlaneComponent,LokiPlayerDropPlaneComponent,/Script/Loki.LokiPlayerDropPlaneComponent,24,False,,CurrTotalTimeForDetach,float64,DoubleProperty,False,,,False
GameMode.DropPhase.LokiDropPod,FLokiPodDetachData,LokiPodDetachData,struct,,,,0,True,0,PodDetachDirection,FVector,Struct<Vector>,True,BlueprintReadable|BlueprintWritable|EditableOnDefaults|EditableOnInstance,,False
GameMode.DropPhase.LokiDropPod,FLokiPodDetachData,LokiPodDetachData,struct,,,,1,True,1,PodDetachStartLocation,FVector,Struct<Vector>,True,BlueprintReadable|BlueprintWritable|EditableOnDefaults|EditableOnInstance,,False
GameMode.DropPhase.LokiDropPod,FLokiPodDetachData,LokiPodDetachData,struct,,,,2,True,2,LeaderDetachStartLocation,FVector,Struct<Vector>,True,BlueprintReadable|BlueprintWritable|EditableOnDefaults|EditableOnInstance,,False
GameMode.DropPhase.LokiDropPod,FLokiPodDetachData,LokiPodDetachData,struct,,,,3,True,3,CrewDetachState,ELokiCrewPodDetachState,Enum<ELokiCrewPodDetachState:IntProperty>,True,,,False
GameMode.DropPhase.LokiDropPod,FLokiPodDetachData,LokiPodDetachData,struct,,,,4,True,4,MoveDirection,ELokiMovementInputDirection,Enum<ELokiMovementInputDirection:IntProperty>,True,,,False
GameMode.DropPhase.LokiDropPod,ALokiDropPod,LokiDropPod,class,ALokiDropPodBase,LokiDropPodBase,/Script/Loki.LokiDropPodBase,0,True,0,CrewDropPodClass,TSubclassOf<ALokiDropPod@>,ObjectProperty,True,BlueprintReadable|BlueprintWritable|EditableOnDefaults,,False
GameMode.DropPhase.LokiDropPod,ALokiDropPod,LokiDropPod,class,ALokiDropPodBase,LokiDropPodBase,/Script/Loki.LokiDropPodBase,1,True,1,ImpactIndicatorClass,TSubclassOf<ALokiDropPodImpactIndicator@>,ObjectProperty,True,BlueprintReadable|BlueprintWritable|EditableOnDefaults,,False
GameMode.DropPhase.LokiDropPod,ALokiDropPod,LokiDropPod,class,ALokiDropPodBase,LokiDropPodBase,/Script/Loki.LokiDropPodBase,2,True,2,GroundLaserIndicatorClass,TSubclassOf<ALokiDropPodLaser@>,ObjectProperty,True,BlueprintReadable|BlueprintWritable|EditableOnDefaults,,False
GameMode.DropPhase.LokiDropPod,ALokiDropPod,LokiDropPod,class,ALokiDropPodBase,LokiDropPodBase,/Script/Loki.LokiDropPodBase,3,True,3,InitialDropPodSpeed,float64,DoubleProperty,True,BlueprintReadable|BlueprintWritable|EditableOnDefaults,,False
GameMode.DropPhase.LokiDropPod,ALokiDropPod,LokiDropPod,class,ALokiDropPodBase,LokiDropPodBase,/Script/Loki.LokiDropPodBase,4,True,4,IntroSequenceTotalTime,float64,DoubleProperty,True,BlueprintReadable|EditableOnDefaults,,False
GameMode.DropPhase.LokiDropPod,ALokiDropPod,LokiDropPod,class,ALokiDropPodBase,LokiDropPodBase,/Script/Loki.LokiDropPodBase,5,True,5,TotalTimeForPodControls,float64,DoubleProperty,True,BlueprintReadable|EditableOnDefaults,,False
GameMode.DropPhase.LokiDropPod,ALokiDropPod,LokiDropPod,class,ALokiDropPodBase,LokiDropPodBase,/Script/Loki.LokiDropPodBase,6,True,6,OutroSequenceTotalTime,float64,DoubleProperty,True,BlueprintReadable|EditableOnDefaults,,False
GameMode.DropPhase.LokiDropPod,ALokiDropPod,LokiDropPod,class,ALokiDropPodBase,LokiDropPodBase,/Script/Loki.LokiDropPodBase,7,True,7,TotalPodDestructionDelayTime,float64,DoubleProperty,True,BlueprintReadable|EditableOnDefaults,,False
GameMode.DropPhase.LokiDropPod,ALokiDropPod,LokiDropPod,class,ALokiDropPodBase,LokiDropPodBase,/Script/Loki.LokiDropPodBase,8,True,8,OutroDistance,float64,DoubleProperty,True,BlueprintReadable|BlueprintWritable|EditableOnDefaults,,False
GameMode.DropPhase.LokiDropPod,ALokiDropPod,LokiDropPod,class,ALokiDropPodBase,LokiDropPodBase,/Script/Loki.LokiDropPodBase,9,True,9,PodDetachTotalTime,const float64,DoubleProperty,True,BlueprintReadable|BlueprintWritable|EditableOnDefaults,,False
GameMode.DropPhase.LokiDropPod,ALokiDropPod,LokiDropPod,class,ALokiDropPodBase,LokiDropPodBase,/Script/Loki.LokiDropPodBase,10,True,10,PodDetachTotalDistance,const float64,DoubleProperty,True,BlueprintReadable|BlueprintWritable|EditableOnDefaults,,False
GameMode.DropPhase.LokiDropPod,ALokiDropPod,LokiDropPod,class,ALokiDropPodBase,LokiDropPodBase,/Script/Loki.LokiDropPodBase,11,True,11,MaxSteerDistance,float64,DoubleProperty,True,BlueprintReadable|BlueprintWritable|EditableOnDefaults,,False
GameMode.DropPhase.LokiDropPod,ALokiDropPod,LokiDropPod,class,ALokiDropPodBase,LokiDropPodBase,/Script/Loki.LokiDropPodBase,12,True,12,MaxNonLeaderSteerDistance,float64,DoubleProperty,True,BlueprintReadable|BlueprintWritable|EditableOnDefaults,,False
GameMode.DropPhase.LokiDropPod,ALokiDropPod,LokiDropPod,class,ALokiDropPodBase,LokiDropPodBase,/Script/Loki.LokiDropPodBase,13,True,13,IndicatorInterpSpeed,float64,DoubleProperty,True,BlueprintReadable|BlueprintWritable|EditableOnDefaults,,False
GameMode.DropPhase.LokiDropPod,ALokiDropPod,LokiDropPod,class,ALokiDropPodBase,LokiDropPodBase,/Script/Loki.LokiDropPodBase,14,False,,DetachingFromLeaderPodStartTime,float64,DoubleProperty,False,,,False
GameMode.DropPhase.LokiDropPod,ALokiDropPod,LokiDropPod,class,ALokiDropPodBase,LokiDropPodBase,/Script/Loki.LokiDropPodBase,15,True,14,DisplayDropPhaseHiddenActorsHeight,float64,DoubleProperty,True,BlueprintReadable|BlueprintWritable|EditableOnDefaults,,False
GameMode.DropPhase.LokiDropPod,ALokiDropPod,LokiDropPod,class,ALokiDropPodBase,LokiDropPodBase,/Script/Loki.LokiDropPodBase,16,True,15,bIsCrewPod,bool,BoolProperty,True,BlueprintReadable|BlueprintWritable|EditableOnDefaults,,False
GameMode.DropPhase.LokiDropPod,ALokiDropPod,LokiDropPod,class,ALokiDropPodBase,LokiDropPodBase,/Script/Loki.LokiDropPodBase,17,False,,CrewPodBoneName,const FName,NameProperty,False,,,False
GameMode.DropPhase.LokiDropPod,ALokiDropPod,LokiDropPod,class,ALokiDropPodBase,LokiDropPodBase,/Script/Loki.LokiDropPodBase,18,False,,LeaderPodBoneName,const FName,NameProperty,False,,,False
GameMode.DropPhase.LokiDropPod,ALokiDropPod,LokiDropPod,class,ALokiDropPodBase,LokiDropPodBase,/Script/Loki.LokiDropPodBase,19,True,16,bPilotHasPodControl,bool,BoolProperty,True,BlueprintReadable|BlueprintWritable|EditableOnDefaults|EditableOnInstance|Transient,,False
GameMode.DropPhase.LokiDropPod,ALokiDropPod,LokiDropPod,class,ALokiDropPodBase,LokiDropPodBase,/Script/Loki.LokiDropPodBase,20,True,17,bIsTeamLeaderPod,bool,BoolProperty,True,BlueprintReadable|EditableOnDefaults|EditableOnInstance|Replicated|Transient,0,False
GameMode.DropPhase.LokiDropPod,ALokiDropPod,LokiDropPod,class,ALokiDropPodBase,LokiDropPodBase,/Script/Loki.LokiDropPodBase,21,True,18,PodTeamIndex,int,IntProperty,True,BlueprintReadable|EditableOnDefaults|EditableOnInstance|Replicated|Transient,0,False
GameMode.DropPhase.LokiDropPod,ALokiDropPod,LokiDropPod,class,ALokiDropPodBase,LokiDropPodBase,/Script/Loki.LokiDropPodBase,22,True,19,bIsLocalPlayerPilot,bool,BoolProperty,True,BlueprintReadable|EditableOnDefaults|EditableOnInstance|Transient,,False
GameMode.DropPhase.LokiDropPod,ALokiDropPod,LokiDropPod,class,ALokiDropPodBase,LokiDropPodBase,/Script/Loki.LokiDropPodBase,23,True,20,ImpactIndicator,ALokiDropPodImpactIndicator@,ObjectProperty,True,BlueprintReadable|EditableOnDefaults|EditableOnInstance|Replicated|Transient,0,False
GameMode.DropPhase.LokiDropPod,ALokiDropPod,LokiDropPod,class,ALokiDropPodBase,LokiDropPodBase,/Script/Loki.LokiDropPodBase,24,True,21,GroundLaserIndicator,ALokiDropPodLaser@,ObjectProperty,True,BlueprintReadable|EditableOnDefaults|EditableOnInstance|Transient,,False
GameMode.DropPhase.LokiDropPod,ALokiDropPod,LokiDropPod,class,ALokiDropPodBase,LokiDropPodBase,/Script/Loki.LokiDropPodBase,25,True,22,CurrPodDestination,FVector,Struct<Vector>,True,BlueprintReadable|EditableOnDefaults|EditableOnInstance|Replicated|Transient,0,False
GameMode.DropPhase.LokiDropPod,ALokiDropPod,LokiDropPod,class,ALokiDropPodBase,LokiDropPodBase,/Script/Loki.LokiDropPodBase,26,True,23,AttachedCrewPods,TArray<ALokiDropPod@>,Array<ObjectProperty>,True,BlueprintReadable|EditableOnDefaults|EditableOnInstance|Replicated|Transient,0,False
GameMode.DropPhase.LokiDropPod,ALokiDropPod,LokiDropPod,class,ALokiDropPodBase,LokiDropPodBase,/Script/Loki.LokiDropPodBase,27,False,,bSteeringEnabled,bool,BoolProperty,False,,,False
GameMode.DropPhase.LokiDropPod,ALokiDropPod,LokiDropPod,class,ALokiDropPodBase,LokiDropPodBase,/Script/Loki.LokiDropPodBase,28,False,,SteeringStartTime,float64,DoubleProperty,False,,,False
GameMode.DropPhase.LokiDropPod,ALokiDropPod,LokiDropPod,class,ALokiDropPodBase,LokiDropPodBase,/Script/Loki.LokiDropPodBase,29,True,24,LeaderPod,ALokiDropPod@,ObjectProperty,True,BlueprintReadable|BlueprintWritable|EditableOnDefaults|EditableOnInstance|Replicated|Transient,0,True
GameMode.DropPhase.LokiDropPod,ALokiDropPod,LokiDropPod,class,ALokiDropPodBase,LokiDropPodBase,/Script/Loki.LokiDropPodBase,30,False,,bHasStartedGameplay,bool,BoolProperty,False,,,False
GameMode.DropPhase.LokiDropPod,ALokiDropPod,LokiDropPod,class,ALokiDropPodBase,LokiDropPodBase,/Script/Loki.LokiDropPodBase,31,True,25,DetachingCrewPods,TArray<ALokiDropPod@>,Array<ObjectProperty>,True,BlueprintReadable|BlueprintWritable|EditableOnDefaults|EditableOnInstance|Replicated|Transient,0,False
GameMode.DropPhase.LokiDropPod,ALokiDropPod,LokiDropPod,class,ALokiDropPodBase,LokiDropPodBase,/Script/Loki.LokiDropPodBase,32,True,26,AllDetachedCrewPods,TArray<ALokiDropPod@>,Array<ObjectProperty>,True,BlueprintReadable|BlueprintWritable|EditableOnDefaults|EditableOnInstance|Transient,,False
GameMode.DropPhase.LokiDropPod,ALokiDropPod,LokiDropPod,class,ALokiDropPodBase,LokiDropPodBase,/Script/Loki.LokiDropPodBase,33,True,27,PodDetachData,FLokiPodDetachData,Struct<LokiPodDetachData>,True,BlueprintReadable|BlueprintWritable|EditableOnDefaults|EditableOnInstance|Replicated|Transient,0,True
GameMode.DropPhase.LokiDropPod,ALokiDropPod,LokiDropPod,class,ALokiDropPodBase,LokiDropPodBase,/Script/Loki.LokiDropPodBase,34,True,28,PodStateEvent,FGameEvent_OnDropPodStateChanged_PlayerState,Struct<GameEvent_OnDropPodStateChanged_PlayerState>,True,BlueprintReadable|BlueprintWritable|EditableOnDefaults|EditableOnInstance|Replicated|Transient,0,True
GameMode.DropPhase.LokiDropPod,ALokiDropPod,LokiDropPod,class,ALokiDropPodBase,LokiDropPodBase,/Script/Loki.LokiDropPodBase,35,True,29,CrewDetachEvent,FGameEvent_CrewDropPodDetach_PlayerState,Struct<GameEvent_CrewDropPodDetach_PlayerState>,True,BlueprintReadable|BlueprintWritable|EditableOnDefaults|EditableOnInstance|Replicated|Transient,0,True
GameMode.DropPhase.LokiDropPod,ALokiDropPod,LokiDropPod,class,ALokiDropPodBase,LokiDropPodBase,/Script/Loki.LokiDropPodBase,36,True,30,LeaderDetachEvent,FGameEvent_LeaderDropPodDetach_PlayerState,Struct<GameEvent_LeaderDropPodDetach_PlayerState>,True,BlueprintReadable|BlueprintWritable|EditableOnDefaults|EditableOnInstance|Replicated|Transient,0,True
GameMode.DropPhase.LokiDropPod,ALokiDropPod,LokiDropPod,class,ALokiDropPodBase,LokiDropPodBase,/Script/Loki.LokiDropPodBase,37,False,,bIsHidingDropPhaseHiddenActors,bool,BoolProperty,False,,,False
GameMode.DropPhase.LokiDropPod,ALokiDropPod,LokiDropPod,class,ALokiDropPodBase,LokiDropPodBase,/Script/Loki.LokiDropPodBase,38,False,,bPodIsDestroying,bool,BoolProperty,False,,,False
GameMode.DropPhase.LokiDropPod,ALokiDropPod,LokiDropPod,class,ALokiDropPodBase,LokiDropPodBase,/Script/Loki.LokiDropPodBase,39,True,31,CurrentInputDirection,ELokiMovementInputDirection,Enum<ELokiMovementInputDirection:IntProperty>,True,BlueprintReadable|BlueprintWritable|EditableOnDefaults|EditableOnInstance|Replicated|Transient,0,False
GameMode.DropPhase.LokiDropPod,ALokiDropPod,LokiDropPod,class,ALokiDropPodBase,LokiDropPodBase,/Script/Loki.LokiDropPodBase,40,True,32,LastInputDirection,ELokiMovementInputDirection,Enum<ELokiMovementInputDirection:IntProperty>,True,BlueprintReadable|BlueprintWritable|EditableOnDefaults|EditableOnInstance|Transient,,False
GameMode.DropPhase.LokiDropPod,ALokiDropPod,LokiDropPod,class,ALokiDropPodBase,LokiDropPodBase,/Script/Loki.LokiDropPodBase,41,True,33,bReadyForOutro,bool,BoolProperty,True,BlueprintReadable|EditableOnDefaults|EditableOnInstance|Transient,,False
GameMode.DropPhase.LokiDropPod,ALokiDropPod,LokiDropPod,class,ALokiDropPodBase,LokiDropPodBase,/Script/Loki.LokiDropPodBase,42,True,34,OnPodOutroStarted,FOnPodOutroStarted,MulticastDelegateProperty,True,BlueprintReadable|BlueprintWritable|EditableOnDefaults|EditableOnInstance,,False
GameMode.DropPhase.LokiDropPod,ALokiDropPod,LokiDropPod,class,ALokiDropPodBase,LokiDropPodBase,/Script/Loki.LokiDropPodBase,43,True,35,OnLeaderPodHasCrewPodDetached,FOnLeaderPodHasCrewPodDetached,MulticastDelegateProperty,True,BlueprintReadable|BlueprintWritable|EditableOnDefaults|EditableOnInstance,,False
GameMode.DropPhase.LokiDropPod,ALokiDropPod,LokiDropPod,class,ALokiDropPodBase,LokiDropPodBase,/Script/Loki.LokiDropPodBase,44,True,36,OnCrewPodDetached,FOnCrewPodHasDetached,MulticastDelegateProperty,True,BlueprintReadable|BlueprintWritable|EditableOnDefaults|EditableOnInstance,,False
GameMode.DropPhase.LokiDropPod,ALokiDropPod,LokiDropPod,class,ALokiDropPodBase,LokiDropPodBase,/Script/Loki.LokiDropPodBase,45,True,37,OnPodMoveDirectionChanged,FOnPodMoveDirectionChanged,MulticastDelegateProperty,True,BlueprintReadable|BlueprintWritable|EditableOnDefaults|EditableOnInstance,,False
GameMode.DropPhase.LokiDropPod,ALokiDropPod,LokiDropPod,class,ALokiDropPodBase,LokiDropPodBase,/Script/Loki.LokiDropPodBase,46,True,38,PodMeshComponent,USkeletalMeshComponent@,ObjectProperty,True,BlueprintReadable|BlueprintWritable|EditableOnDefaults|EditableOnInstance,,False
GameMode.DropPhase.LokiDropPod,ALokiDropPod,LokiDropPod,class,ALokiDropPodBase,LokiDropPodBase,/Script/Loki.LokiDropPodBase,47,False,,bRetryLeaderPodCameraGlue,bool,BoolProperty,False,,,False
GameMode.DropPhase.LokiDropPod,ALokiDropPod,LokiDropPod,class,ALokiDropPodBase,LokiDropPodBase,/Script/Loki.LokiDropPodBase,48,False,,bRetryCrewPodCameraGlue,bool,BoolProperty,False,,,False
GameMode.DropPhase.LokiDropPod,ALokiDropPod,LokiDropPod,class,ALokiDropPodBase,LokiDropPodBase,/Script/Loki.LokiDropPodBase,49,False,,bRetryCharacterCameraGlue,bool,BoolProperty,False,,,False
GameMode.DropPhase.LokiDropPod,ALokiDropPod,LokiDropPod,class,ALokiDropPodBase,LokiDropPodBase,/Script/Loki.LokiDropPodBase,50,True,39,PlayersToSpawnCrewPodFor,TArray<ALokiPlayerState@>,Array<ObjectProperty>,True,BlueprintReadable|BlueprintWritable|EditableOnDefaults|EditableOnInstance|Transient,,False
GameMode.DropPhase.LokiDropPodImpactIndicator,ALokiDropPodImpactIndicator,LokiDropPodImpactIndicator,class,ALokiActor,LokiActor,/Script/Engine.LokiActor,0,True,0,OwningDropPod,ALokiDropPod@,ObjectProperty,True,BlueprintReadable|EditableOnDefaults|EditableOnInstance|Replicated,0,True
GameMode.DropPhase.LokiDropPodImpactIndicator,ALokiDropPodImpactIndicator,LokiDropPodImpactIndicator,class,ALokiActor,LokiActor,/Script/Engine.LokiActor,1,True,1,OwningPlayerState,ALokiPlayerState@,ObjectProperty,True,BlueprintReadable|EditableOnDefaults|EditableOnInstance|Replicated,0,False
GameMode.DropPhase.LokiDropPodImpactIndicator,ALokiDropPodImpactIndicator,LokiDropPodImpactIndicator,class,ALokiActor,LokiActor,/Script/Engine.LokiActor,2,True,2,LandingRadius,float64,DoubleProperty,True,BlueprintReadable|EditableOnDefaults|EditableOnInstance,,False
GameMode.DropPhase.LokiDropPodImpactIndicator,ALokiDropPodImpactIndicator,LokiDropPodImpactIndicator,class,ALokiActor,LokiActor,/Script/Engine.LokiActor,3,True,3,bIsIndicatorInitialized,bool,BoolProperty,True,BlueprintReadable|BlueprintWritable|EditableOnDefaults|EditableOnInstance,,False
GameMode.DropPhase.LokiDropPodLaser,ALokiDropPodLaser,LokiDropPodLaser,class,ALokiActor,LokiActor,/Script/Engine.LokiActor,0,True,0,OwningDropPod,ALokiDropPod@,ObjectProperty,True,BlueprintReadable|EditableOnDefaults|EditableOnInstance|Replicated,0,False
GameMode.DropPhase.LokiDropShip,ALokiDropShip,LokiDropShip,class,ALokiDropPlane,LokiDropPlane,/Script/Loki.LokiDropPlane,0,True,0,TeamDropPodClass,TSubclassOf<ALokiDropPod@>,ObjectProperty,True,BlueprintReadable|BlueprintWritable|EditableOnDefaults,,False
GameState.LokiGameState,ALokiGameState_AS,LokiGameState_AS,class,ALokiGameState,LokiGameState,/Script/Loki.LokiGameState,0,True,0,UAVComponent,ULokiGameStateUAVComponent@,ObjectProperty,True,BlueprintReadable|EditableOnDefaults|InstancedReference,,False
Interaction.LokiInteractionPlayerComponent,FLokiUsableData,LokiUsableData,struct,,,,0,True,0,Actor,AActor@,ObjectProperty,True,,,False
Interaction.LokiInteractionPlayerComponent,FLokiUsableData,LokiUsableData,struct,,,,1,True,1,OverlapComponent,UPrimitiveComponent@,ObjectProperty,True,,,False
Interaction.LokiInteractionPlayerComponent,FLokiUsableData,LokiUsableData,struct,,,,2,True,2,UsableComponent,ULokiUsableComponent@,ObjectProperty,True,,,False
Interaction.LokiInteractionPlayerComponent,ULokiInteractionPlayerComponent,LokiInteractionPlayerComponent,class,ULokiPlayerInteractionComponent,LokiPlayerInteractionComponent,/Script/Loki.LokiPlayerInteractionComponent,0,False,,CachedLokiPC,ALokiPlayerController@,ObjectProperty,False,,,False
Interaction.LokiInteractionPlayerComponent,ULokiInteractionPlayerComponent,LokiInteractionPlayerComponent,class,ULokiPlayerInteractionComponent,LokiPlayerInteractionComponent,/Script/Loki.LokiPlayerInteractionComponent,1,False,,CachedLokiCharacter,ALokiHeroCharacter@,ObjectProperty,False,,,False
Interaction.LokiInteractionPlayerComponent,ULokiInteractionPlayerComponent,LokiInteractionPlayerComponent,class,ULokiPlayerInteractionComponent,LokiPlayerInteractionComponent,/Script/Loki.LokiPlayerInteractionComponent,2,False,,CachedLokiAbilitySystem,ULokiAbilitySystemComponent@,ObjectProperty,False,,,False
Interaction.LokiInteractionPlayerComponent,ULokiInteractionPlayerComponent,LokiInteractionPlayerComponent,class,ULokiPlayerInteractionComponent,LokiPlayerInteractionComponent,/Script/Loki.LokiPlayerInteractionComponent,3,False,,UsableDetectionComponent,ULokiHeroUsableComponent@,ObjectProperty,False,,,False
Interaction.LokiInteractionPlayerComponent,ULokiInteractionPlayerComponent,LokiInteractionPlayerComponent,class,ULokiPlayerInteractionComponent,LokiPlayerInteractionComponent,/Script/Loki.LokiPlayerInteractionComponent,4,False,,ActiveUsable,FLokiUsableData,Struct<LokiUsableData>,False,,,False
Interaction.LokiInteractionPlayerComponent,ULokiInteractionPlayerComponent,LokiInteractionPlayerComponent,class,ULokiPlayerInteractionComponent,LokiPlayerInteractionComponent,/Script/Loki.LokiPlayerInteractionComponent,5,False,,SelectedUsable,FLokiUsableData,Struct<LokiUsableData>,False,,,False
Interaction.LokiInteractionPlayerComponent,ULokiInteractionPlayerComponent,LokiInteractionPlayerComponent,class,ULokiPlayerInteractionComponent,LokiPlayerInteractionComponent,/Script/Loki.LokiPlayerInteractionComponent,6,False,,HoveredUsable,FLokiUsableData,Struct<LokiUsableData>,False,,,False
Interaction.LokiInteractionPlayerComponent,ULokiInteractionPlayerComponent,LokiInteractionPlayerComponent,class,ULokiPlayerInteractionComponent,LokiPlayerInteractionComponent,/Script/Loki.LokiPlayerInteractionComponent,7,False,,FocusedUsable,FLokiUsableData,Struct<LokiUsableData>,False,,,False
Interaction.LokiInteractionPlayerComponent,ULokiInteractionPlayerComponent,LokiInteractionPlayerComponent,class,ULokiPlayerInteractionComponent,LokiPlayerInteractionComponent,/Script/Loki.LokiPlayerInteractionComponent,8,False,,UsableList,TArray<AActor@>,Array<ObjectProperty>,False,,,False
Interaction.LokiInteractionPlayerComponent,ULokiInteractionPlayerComponent,LokiInteractionPlayerComponent,class,ULokiPlayerInteractionComponent,LokiPlayerInteractionComponent,/Script/Loki.LokiPlayerInteractionComponent,9,False,,bInteractionInputPressed,bool,BoolProperty,False,,,False
Interaction.LokiInteractionPlayerComponent,ULokiInteractionPlayerComponent,LokiInteractionPlayerComponent,class,ULokiPlayerInteractionComponent,LokiPlayerInteractionComponent,/Script/Loki.LokiPlayerInteractionComponent,10,False,,InteractionCooldownStartTime,float64,DoubleProperty,False,,,False
Interaction.LokiInteractionPlayerComponent,ULokiInteractionPlayerComponent,LokiInteractionPlayerComponent,class,ULokiPlayerInteractionComponent,LokiPlayerInteractionComponent,/Script/Loki.LokiPlayerInteractionComponent,11,False,,MinInteractionCooldownTime,float64,DoubleProperty,False,,,False
Interaction.LokiInteractionPlayerComponent,ULokiInteractionPlayerComponent,LokiInteractionPlayerComponent,class,ULokiPlayerInteractionComponent,LokiPlayerInteractionComponent,/Script/Loki.LokiPlayerInteractionComponent,12,False,,bInputHoldInteractionCanProcess,bool,BoolProperty,False,,,False
Interaction.LokiInteractionPlayerComponent,ULokiInteractionPlayerComponent,LokiInteractionPlayerComponent,class,ULokiPlayerInteractionComponent,LokiPlayerInteractionComponent,/Script/Loki.LokiPlayerInteractionComponent,13,False,,bCanProcessBufferedInteraction,bool,BoolProperty,False,,,False
Interaction.LokiInteractionPlayerComponent,ULokiInteractionPlayerComponent,LokiInteractionPlayerComponent,class,ULokiPlayerInteractionComponent,LokiPlayerInteractionComponent,/Script/Loki.LokiPlayerInteractionComponent,14,False,,ProcessInteractionBufferStartTime,float64,DoubleProperty,False,,,False
Interaction.LokiInteractionPlayerComponent,ULokiInteractionPlayerComponent,LokiInteractionPlayerComponent,class,ULokiPlayerInteractionComponent,LokiPlayerInteractionComponent,/Script/Loki.LokiPlayerInteractionComponent,15,False,,MaxProcessBufferedInteractionTime,const float64,DoubleProperty,False,,,False
Interaction.LokiInteractionPlayerComponent,ULokiInteractionPlayerComponent,LokiInteractionPlayerComponent,class,ULokiPlayerInteractionComponent,LokiPlayerInteractionComponent,/Script/Loki.LokiPlayerInteractionComponent,16,False,,bHoveredComponentIsValid,bool,BoolProperty,False,,,False
Interaction.LokiInteractionPlayerComponent,ULokiInteractionPlayerComponent,LokiInteractionPlayerComponent,class,ULokiPlayerInteractionComponent,LokiPlayerInteractionComponent,/Script/Loki.LokiPlayerInteractionComponent,17,False,,bIsSupportingCooldownBuffering,const bool,BoolProperty,False,,,False
Interaction.LokiInteractionPlayerComponent,ULokiInteractionPlayerComponent,LokiInteractionPlayerComponent,class,ULokiPlayerInteractionComponent,LokiPlayerInteractionComponent,/Script/Loki.LokiPlayerInteractionComponent,18,True,0,UsableNotFoundAudio,UAkAudioEvent@,ObjectProperty,True,BlueprintReadable|BlueprintWritable|EditableOnDefaults|EditableOnInstance,,False
Interaction.LokiInteractionPlayerComponent,ULokiInteractionPlayerComponent,LokiInteractionPlayerComponent,class,ULokiPlayerInteractionComponent,LokiPlayerInteractionComponent,/Script/Loki.LokiPlayerInteractionComponent,19,True,1,OnInteractionUsableChanged,FOnInteractionUsableChangedDelegate,MulticastDelegateProperty,True,BlueprintReadable|BlueprintWritable|EditableOnDefaults|EditableOnInstance,,False
Interaction.LokiInteractionPlayerComponent,ULokiInteractionPlayerComponent,LokiInteractionPlayerComponent,class,ULokiPlayerInteractionComponent,LokiPlayerInteractionComponent,/Script/Loki.LokiPlayerInteractionComponent,20,True,2,OnInteractionPressed,FOnInteractionPressedDelegate,MulticastDelegateProperty,True,BlueprintReadable|BlueprintWritable|EditableOnDefaults|EditableOnInstance,,False
Interaction.LokiInteractionPlayerComponent,ULokiInteractionPlayerComponent,LokiInteractionPlayerComponent,class,ULokiPlayerInteractionComponent,LokiPlayerInteractionComponent,/Script/Loki.LokiPlayerInteractionComponent,21,True,3,OnInteractionReleased,FOnInteractionReleasedDelegate,MulticastDelegateProperty,True,BlueprintReadable|BlueprintWritable|EditableOnDefaults|EditableOnInstance,,False
Items.LokiGem,ALokiGem,LokiGem,class,ALokiGemBase,LokiGemBase,/Script/Loki.LokiGemBase,0,True,0,GemCount,int,IntProperty,True,BlueprintReadable|BlueprintWritable|EditableOnDefaults,,False
Items.LokiGem,ALokiGem,LokiGem,class,ALokiGemBase,LokiGemBase,/Script/Loki.LokiGemBase,1,True,1,BonusGemMultiplier,int,IntProperty,True,BlueprintReadable|BlueprintWritable|EditableOnDefaults,,False
Items.LokiGem,ALokiGem,LokiGem,class,ALokiGemBase,LokiGemBase,/Script/Loki.LokiGemBase,2,True,2,GemVacuumTag,FGameplayTag,Struct<GameplayTag>,True,BlueprintReadable|BlueprintWritable|EditableOnDefaults,,False
Items.LokiGem,ALokiGem,LokiGem,class,ALokiGemBase,LokiGemBase,/Script/Loki.LokiGemBase,3,True,3,bIsVaultItem,bool,BoolProperty,True,BlueprintReadable|BlueprintWritable|EditableOnDefaults|EditableOnInstance,,False
Items.LokiGem,ALokiGem,LokiGem,class,ALokiGemBase,LokiGemBase,/Script/Loki.LokiGemBase,4,True,4,HeightToStop,float32,FloatProperty,True,BlueprintReadable|BlueprintWritable|EditableOnDefaults|EditableOnInstance,,False
Items.LokiGem,ALokiGem,LokiGem,class,ALokiGemBase,LokiGemBase,/Script/Loki.LokiGemBase,5,True,5,bIsMoving,bool,BoolProperty,True,BlueprintReadable|BlueprintWritable|EditableOnDefaults|EditableOnInstance|Replicated,0,True
Items.LokiGem,ALokiGem,LokiGem,class,ALokiGemBase,LokiGemBase,/Script/Loki.LokiGemBase,6,True,6,NoPickupTime,float32,FloatProperty,True,BlueprintReadable|BlueprintWritable|EditableOnDefaults,,False
Items.LokiGem,ALokiGem,LokiGem,class,ALokiGemBase,LokiGemBase,/Script/Loki.LokiGemBase,7,True,7,RootSceneComponent,USceneComponent@,ObjectProperty,True,BlueprintReadable|EditableOnDefaults|InstancedReference,,False
Items.LokiGem,ALokiGem,LokiGem,class,ALokiGemBase,LokiGemBase,/Script/Loki.LokiGemBase,8,True,8,SphereCollision,USphereComponent@,ObjectProperty,True,BlueprintReadable|EditableOnDefaults|InstancedReference,,False
Items.LokiGem,ALokiGem,LokiGem,class,ALokiGemBase,LokiGemBase,/Script/Loki.LokiGemBase,9,True,9,VisibilityReceiver,UVisibilityReceiver@,ObjectProperty,True,BlueprintReadable|EditableOnDefaults|InstancedReference,,False
Items.LokiGem,ALokiGem,LokiGem,class,ALokiGemBase,LokiGemBase,/Script/Loki.LokiGemBase,10,True,10,ProjMovementComp,UProjectileMovementComponent@,ObjectProperty,True,BlueprintReadable|EditableOnDefaults|InstancedReference,,False
Items.LokiItemVisualsComponent,ULokiItemVisualsComponent,LokiItemVisualsComponent,class,UActorComponent,ActorComponent,/Script/Engine.ActorComponent,0,False,,RecommendedItems,"TMap<TSubclassOf<ALokiBaseItem@>, bool>","Map<ObjectProperty,BoolProperty>",False,,,False
Items.LokiItemVisualsComponent,ULokiItemVisualsComponent,LokiItemVisualsComponent,class,UActorComponent,ActorComponent,/Script/Engine.ActorComponent,1,False,,PreferredItems,"TMap<TSubclassOf<ALokiBaseItem@>, bool>","Map<ObjectProperty,BoolProperty>",False,,,False
Items.LokiTeamElimBoxComponent,ULokiTeamElimBoxComponent,LokiTeamElimBoxComponent,class,UActorComponent,ActorComponent,/Script/Engine.ActorComponent,0,True,0,InventorySlots,TArray<FName>,Array<NameProperty>,True,BlueprintReadable|BlueprintWritable|EditableOnDefaults,,False
Items.LokiTeamElimBoxComponent,ULokiTeamElimBoxComponent,LokiTeamElimBoxComponent,class,UActorComponent,ActorComponent,/Script/Engine.ActorComponent,1,True,1,TeamElimBoxClass,TSubclassOf<ALokiSearchableBox@>,ObjectProperty,True,BlueprintReadable|BlueprintWritable|EditableOnDefaults,,False
Items.LokiTeamElimBoxComponent,ULokiTeamElimBoxComponent,LokiTeamElimBoxComponent,class,UActorComponent,ActorComponent,/Script/Engine.ActorComponent,2,True,2,GoldDropClass,TSubclassOf<ALokiBaseItem@>,ObjectProperty,True,BlueprintReadable|BlueprintWritable|EditableOnDefaults,,False
Items.LokiTeamElimBoxComponent,ULokiTeamElimBoxComponent,LokiTeamElimBoxComponent,class,UActorComponent,ActorComponent,/Script/Engine.ActorComponent,3,True,3,T0SlotsToDestroy,TArray<FName>,Array<NameProperty>,True,BlueprintReadable|BlueprintWritable|EditableOnDefaults,,False
Items.LokiTeamElimBoxComponent,ULokiTeamElimBoxComponent,LokiTeamElimBoxComponent,class,UActorComponent,ActorComponent,/Script/Engine.ActorComponent,4,True,4,MinimumInsuredGoldValue,int,IntProperty,True,BlueprintReadable|BlueprintWritable|EditableOnDefaults,,False
Items.LokiTeamElimBoxComponent,ULokiTeamElimBoxComponent,LokiTeamElimBoxComponent,class,UActorComponent,ActorComponent,/Script/Engine.ActorComponent,5,False,,TeamIndexToBoxMap,"TMap<int, ALokiSearchableBox@>","Map<IntProperty,ObjectProperty>",False,,,False
Items.LokiTeamElimBoxComponent,ULokiTeamElimBoxComponent,LokiTeamElimBoxComponent,class,UActorComponent,ActorComponent,/Script/Engine.ActorComponent,6,False,,PlayersQueue,TArray<ALokiPlayerState@>,Array<ObjectProperty>,False,,,False
Items.LokiTeamElimBoxComponent,ULokiTeamElimBoxComponent,LokiTeamElimBoxComponent,class,UActorComponent,ActorComponent,/Script/Engine.ActorComponent,7,False,,UpdateTimerHandle,FTimerHandle,Struct<TimerHandle>,False,,,False
Minions.LokiNodePathingComponent,ULokiNodePathingComponent,LokiNodePathingComponent,class,UActorComponent,ActorComponent,/Script/Engine.ActorComponent,0,True,0,PathNodeActors,TArray<AActor@>,Array<ObjectProperty>,True,BlueprintReadable|BlueprintWritable|EditableOnInstance,,False
Minions.LokiNodePathingComponent,ULokiNodePathingComponent,LokiNodePathingComponent,class,UActorComponent,ActorComponent,/Script/Engine.ActorComponent,1,True,1,RotationPrecision,float64,DoubleProperty,True,BlueprintReadable|BlueprintWritable|EditableOnDefaults,,False
Minions.LokiNodePathingComponent,ULokiNodePathingComponent,LokiNodePathingComponent,class,UActorComponent,ActorComponent,/Script/Engine.ActorComponent,2,True,2,CurrNodeActorList,TArray<AActor@>,Array<ObjectProperty>,True,BlueprintReadable|BlueprintWritable|EditableOnDefaults|EditableOnInstance,,False
Minions.LokiNodePathingComponent,ULokiNodePathingComponent,LokiNodePathingComponent,class,UActorComponent,ActorComponent,/Script/Engine.ActorComponent,3,True,3,OwningCharacter,ALokiCharacter@,ObjectProperty,True,BlueprintReadable|BlueprintWritable|EditableOnDefaults|EditableOnInstance,,False
Minions.LokiNodePathingComponent,ULokiNodePathingComponent,LokiNodePathingComponent,class,UActorComponent,ActorComponent,/Script/Engine.ActorComponent,4,True,4,OwningAIController,AAIController@,ObjectProperty,True,BlueprintReadable|BlueprintWritable|EditableOnDefaults|EditableOnInstance,,False
Minions.LokiNodePathingComponent,ULokiNodePathingComponent,LokiNodePathingComponent,class,UActorComponent,ActorComponent,/Script/Engine.ActorComponent,5,True,5,LastPathingActor,AActor@,ObjectProperty,True,BlueprintReadable|BlueprintWritable|EditableOnDefaults|EditableOnInstance,,False
Minions.LokiNodePathingComponent,ULokiNodePathingComponent,LokiNodePathingComponent,class,UActorComponent,ActorComponent,/Script/Engine.ActorComponent,6,True,6,RotateToActor,AActor@,ObjectProperty,True,BlueprintReadable|BlueprintWritable|EditableOnDefaults|EditableOnInstance,,False
MostWanted.LokiGameStateMostWantedComponent,ULokiGameStateMostWantedComponent,LokiGameStateMostWantedComponent,class,UActorComponent,ActorComponent,/Script/Engine.ActorComponent,0,True,0,MostWantedCount,int,IntProperty,True,BlueprintReadable|EditableOnDefaults|EditableOnInstance|Replicated,0,False
MostWanted.LokiGameStateMostWantedComponent,ULokiGameStateMostWantedComponent,LokiGameStateMostWantedComponent,class,UActorComponent,ActorComponent,/Script/Engine.ActorComponent,1,True,1,ActiveMostWantedCount,int,IntProperty,True,BlueprintReadable|EditableOnDefaults|EditableOnInstance|Replicated,0,False
PlayerController.LokiDragCameraComponent,ULokiDragCameraComponent,LokiDragCameraComponent,class,UActorComponent,ActorComponent,/Script/Engine.ActorComponent,0,True,0,MinimumDragDuration,float64,DoubleProperty,True,BlueprintReadable|BlueprintWritable|EditableOnDefaults|EditableOnInstance,,False
PlayerController.LokiDragCameraComponent,ULokiDragCameraComponent,LokiDragCameraComponent,class,UActorComponent,ActorComponent,/Script/Engine.ActorComponent,1,True,1,CameraPickupRadius,float64,DoubleProperty,True,BlueprintReadable|BlueprintWritable|EditableOnDefaults|EditableOnInstance,,False
PlayerController.LokiDragCameraComponent,ULokiDragCameraComponent,LokiDragCameraComponent,class,UActorComponent,ActorComponent,/Script/Engine.ActorComponent,2,True,2,bPanning,bool,BoolProperty,True,BlueprintReadable|BlueprintWritable|EditableOnDefaults|EditableOnInstance|Transient,,False
PlayerController.LokiDragCameraComponent,ULokiDragCameraComponent,LokiDragCameraComponent,class,UActorComponent,ActorComponent,/Script/Engine.ActorComponent,3,True,3,bResetting,bool,BoolProperty,True,BlueprintReadable|BlueprintWritable|EditableOnDefaults|EditableOnInstance|Transient,,False
PlayerController.LokiDragCameraComponent,ULokiDragCameraComponent,LokiDragCameraComponent,class,UActorComponent,ActorComponent,/Script/Engine.ActorComponent,4,True,4,TimePressed,float64,DoubleProperty,True,BlueprintReadable|BlueprintWritable|EditableOnDefaults|EditableOnInstance|Transient,,False
PlayerController.LokiDragCameraComponent,ULokiDragCameraComponent,LokiDragCameraComponent,class,UActorComponent,ActorComponent,/Script/Engine.ActorComponent,5,True,5,CursorScreenLocationWhenPressed,FVector,Struct<Vector>,True,BlueprintReadable|BlueprintWritable|EditableOnDefaults|EditableOnInstance|Transient,,False
PlayerController.LokiDragCameraComponent,ULokiDragCameraComponent,LokiDragCameraComponent,class,UActorComponent,ActorComponent,/Script/Engine.ActorComponent,6,True,6,OffsetThisPress,FVector,Struct<Vector>,True,BlueprintReadable|BlueprintWritable|EditableOnDefaults|EditableOnInstance|Transient,,False
PlayerController.LokiDragCameraComponent,ULokiDragCameraComponent,LokiDragCameraComponent,class,UActorComponent,ActorComponent,/Script/Engine.ActorComponent,7,True,7,CumulativeOffset,FVector,Struct<Vector>,True,BlueprintReadable|BlueprintWritable|EditableOnDefaults|EditableOnInstance|Transient,,False
PlayerController.LokiDragCameraComponent,ULokiDragCameraComponent,LokiDragCameraComponent,class,UActorComponent,ActorComponent,/Script/Engine.ActorComponent,8,True,8,LastPawnLocation,FVector,Struct<Vector>,True,BlueprintReadable|BlueprintWritable|EditableOnDefaults|EditableOnInstance|Transient,,False
PlayerController.LokiPlayerCheats,ALokiPlayerCheats_AS,LokiPlayerCheats_AS,class,ALokiPlayerCheats,LokiPlayerCheats,/Script/Loki.LokiPlayerCheats,0,True,0,CheatDisableHealthRegenEffectClass,TSubclassOf<UGameplayEffect@>,ObjectProperty,True,BlueprintReadable|BlueprintWritable|EditableOnDefaults,,False
PlayerController.LokiPlayerCheats,ALokiPlayerCheats_AS,LokiPlayerCheats_AS,class,ALokiPlayerCheats,LokiPlayerCheats,/Script/Loki.LokiPlayerCheats,1,True,1,CheatDisableHealthRegenEffectHandle,FActiveGameplayEffectHandle,Struct<ActiveGameplayEffectHandle>,True,EditableOnDefaults|EditableOnInstance|Transient,,False
PlayerController.LokiPlayerCheats,ALokiPlayerCheats_AS,LokiPlayerCheats_AS,class,ALokiPlayerCheats,LokiPlayerCheats,/Script/Loki.LokiPlayerCheats,2,True,2,CheatDisableManaRegenEffectClass,TSubclassOf<UGameplayEffect@>,ObjectProperty,True,BlueprintReadable|BlueprintWritable|EditableOnDefaults,,False
PlayerController.LokiPlayerCheats,ALokiPlayerCheats_AS,LokiPlayerCheats_AS,class,ALokiPlayerCheats,LokiPlayerCheats,/Script/Loki.LokiPlayerCheats,3,True,3,CheatDisableManaRegenEffectHandle,FActiveGameplayEffectHandle,Struct<ActiveGameplayEffectHandle>,True,EditableOnDefaults|EditableOnInstance|Transient,,False
PlayerController.LokiPlayerCheats,ALokiPlayerCheats_AS,LokiPlayerCheats_AS,class,ALokiPlayerCheats,LokiPlayerCheats,/Script/Loki.LokiPlayerCheats,4,True,4,AutoJumpStartTime,float64,DoubleProperty,True,BlueprintReadable|BlueprintWritable|EditableOnDefaults|EditableOnInstance,,False
PlayerController.LokiPlayerCheats,ALokiPlayerCheats_AS,LokiPlayerCheats_AS,class,ALokiPlayerCheats,LokiPlayerCheats,/Script/Loki.LokiPlayerCheats,5,True,5,AutoJumpPeriod,float64,DoubleProperty,True,BlueprintReadable|BlueprintWritable|EditableOnDefaults|EditableOnInstance,,False
PlayerController.LokiPlayerCheats,ALokiPlayerCheats_AS,LokiPlayerCheats_AS,class,ALokiPlayerCheats,LokiPlayerCheats,/Script/Loki.LokiPlayerCheats,6,True,6,AutoJumpLastTime,float64,DoubleProperty,True,BlueprintReadable|BlueprintWritable|EditableOnDefaults|EditableOnInstance,,False
PlayerController.LokiPlayerCheats,ALokiPlayerCheats_AS,LokiPlayerCheats_AS,class,ALokiPlayerCheats,LokiPlayerCheats,/Script/Loki.LokiPlayerCheats,7,True,7,AutoJumpPressed,bool,BoolProperty,True,BlueprintReadable|BlueprintWritable|EditableOnDefaults|EditableOnInstance,,False
PlayerController.LokiPlayerCheats,ALokiPlayerCheats_AS,LokiPlayerCheats_AS,class,ALokiPlayerCheats,LokiPlayerCheats,/Script/Loki.LokiPlayerCheats,8,True,8,WispControllerClass,TSubclassOf<AAIController@>,ObjectProperty,True,BlueprintReadable|BlueprintWritable|EditableOnDefaults|EditableOnInstance,,False
PlayerController.LokiPlayerCheats,ALokiPlayerCheats_AS,LokiPlayerCheats_AS,class,ALokiPlayerCheats,LokiPlayerCheats,/Script/Loki.LokiPlayerCheats,9,True,9,WispHeroClass,TSubclassOf<ALokiHeroCharacter@>,ObjectProperty,True,BlueprintReadable|BlueprintWritable|EditableOnDefaults|EditableOnInstance,,False
PlayerController.LokiPlayerController,ALokiPlayerController_AS,LokiPlayerController_AS,class,ALokiPlayerController,LokiPlayerController,/Script/Loki.LokiPlayerController,0,True,0,UAVComponent,ULokiPlayerControllerUAVComponent@,ObjectProperty,True,BlueprintReadable|EditableOnDefaults|InstancedReference,,False
PlayerController.LokiPlayerController,ALokiPlayerController_AS,LokiPlayerController_AS,class,ALokiPlayerController,LokiPlayerController,/Script/Loki.LokiPlayerController,1,True,1,OnSneakPressed,FOnSneakPressedDelegate,MulticastDelegateProperty,True,BlueprintReadable|BlueprintWritable|EditableOnDefaults|EditableOnInstance,,False
PlayerController.LokiPlayerController,ALokiPlayerController_AS,LokiPlayerController_AS,class,ALokiPlayerController,LokiPlayerController,/Script/Loki.LokiPlayerController,2,True,2,OnSneakReleased,FOnSneakReleasedDelegate,MulticastDelegateProperty,True,BlueprintReadable|BlueprintWritable|EditableOnDefaults|EditableOnInstance,,False
PlayerController.LokiPlayerController,ALokiPlayerController_AS,LokiPlayerController_AS,class,ALokiPlayerController,LokiPlayerController,/Script/Loki.LokiPlayerController,3,True,3,OnPracticeRespawnPressed,FOnPracticeRespawnPressedDelegate,MulticastDelegateProperty,True,BlueprintReadable|BlueprintWritable|EditableOnDefaults|EditableOnInstance,,False
UAV.LokiGameStateUAVComponent,ULokiGameStateUAVComponent,LokiGameStateUAVComponent,class,UActorComponent,ActorComponent,/Script/Engine.ActorComponent,0,True,0,PlayerGroupingDistance,float64,DoubleProperty,True,BlueprintReadable|BlueprintWritable|EditableOnDefaults|EditableOnInstance,,False
UAV.LokiGameStateUAVComponent,ULokiGameStateUAVComponent,LokiGameStateUAVComponent,class,UActorComponent,ActorComponent,/Script/Engine.ActorComponent,1,True,1,VaultVisionDistance,float64,DoubleProperty,True,BlueprintReadable|BlueprintWritable|EditableOnDefaults|EditableOnInstance,,False
UAV.LokiGameStateUAVComponent,ULokiGameStateUAVComponent,LokiGameStateUAVComponent,class,UActorComponent,ActorComponent,/Script/Engine.ActorComponent,2,True,2,GlobalAudioActorClass,TSubclassOf<AUAVAudioPlayer@>,ObjectProperty,True,BlueprintReadable|BlueprintWritable|EditableOnDefaults|EditableOnInstance,,False
UAV.LokiGameStateUAVComponent,ULokiGameStateUAVComponent,LokiGameStateUAVComponent,class,UActorComponent,ActorComponent,/Script/Engine.ActorComponent,3,True,3,MarkedTeamGameplayEffectClass,TSubclassOf<UGameplayEffect@>,ObjectProperty,True,BlueprintReadable|BlueprintWritable|EditableOnDefaults|EditableOnInstance,,False
UAV.LokiGameStateUAVComponent,ULokiGameStateUAVComponent,LokiGameStateUAVComponent,class,UActorComponent,ActorComponent,/Script/Engine.ActorComponent,4,True,4,MarkedIndividualGameplayEffectClass,TSubclassOf<UGameplayEffect@>,ObjectProperty,True,BlueprintReadable|BlueprintWritable|EditableOnDefaults|EditableOnInstance,,False
UAV.LokiGameStateUAVComponent,ULokiGameStateUAVComponent,LokiGameStateUAVComponent,class,UActorComponent,ActorComponent,/Script/Engine.ActorComponent,5,True,5,UAVBlockedGameplayCueTag,FGameplayTag,Struct<GameplayTag>,True,BlueprintReadable|BlueprintWritable|EditableOnDefaults|EditableOnInstance,,False
UAV.LokiGameStateUAVComponent,ULokiGameStateUAVComponent,LokiGameStateUAVComponent,class,UActorComponent,ActorComponent,/Script/Engine.ActorComponent,6,False,,DataTag,FGameplayTag,Struct<GameplayTag>,False,,,False
UAV.LokiGameStateUAVComponent,ULokiGameStateUAVComponent,LokiGameStateUAVComponent,class,UActorComponent,ActorComponent,/Script/Engine.ActorComponent,7,False,,UAVImmunityTag,FGameplayTag,Struct<GameplayTag>,False,,,False
UAV.LokiGameStateUAVComponent,ULokiGameStateUAVComponent,LokiGameStateUAVComponent,class,UActorComponent,ActorComponent,/Script/Engine.ActorComponent,8,False,,UAVUpgradedTag,FGameplayTag,Struct<GameplayTag>,False,,,False
UAV.LokiGameStateUAVComponent,ULokiGameStateUAVComponent,LokiGameStateUAVComponent,class,UActorComponent,ActorComponent,/Script/Engine.ActorComponent,9,False,,ActiveUAVs,TArray<FActiveUAV>,Array<Struct<ActiveUAV>>,False,,,False
UAV.LokiGameStateUAVComponent,ULokiGameStateUAVComponent,LokiGameStateUAVComponent,class,UActorComponent,ActorComponent,/Script/Engine.ActorComponent,10,False,,AllVaultItemSpawners,TArray<AVaultItemSpawner@>,Array<ObjectProperty>,False,,,False
UAV.LokiGameStateUAVComponent,ULokiGameStateUAVComponent,LokiGameStateUAVComponent,class,UActorComponent,ActorComponent,/Script/Engine.ActorComponent,11,True,6,NextUAVID,int,IntProperty,True,BlueprintReadable|BlueprintWritable|EditableOnDefaults|EditableOnInstance|Transient,,False
UAV.LokiPlayerControllerUAVComponent,ULokiPlayerControllerUAVComponent,LokiPlayerControllerUAVComponent,class,UActorComponent,ActorComponent,/Script/Engine.ActorComponent,0,True,0,UAVMapActorClass,TSubclassOf<AUAVMapActor@>,ObjectProperty,True,BlueprintReadable|BlueprintWritable|EditableOnDefaults|EditableOnInstance,,False
UAV.LokiPlayerControllerUAVComponent,ULokiPlayerControllerUAVComponent,LokiPlayerControllerUAVComponent,class,UActorComponent,ActorComponent,/Script/Engine.ActorComponent,1,True,1,UAVVaultContentActorClass,TSubclassOf<AUAVVaultContentActor@>,ObjectProperty,True,BlueprintReadable|BlueprintWritable|EditableOnDefaults|EditableOnInstance,,False
UAV.LokiPlayerControllerUAVComponent,ULokiPlayerControllerUAVComponent,LokiPlayerControllerUAVComponent,class,UActorComponent,ActorComponent,/Script/Engine.ActorComponent,2,True,2,UAVActivatedEventNotifyCooldown,float64,DoubleProperty,True,BlueprintReadable|BlueprintWritable|EditableOnDefaults|EditableOnInstance,,False
UAV.LokiPlayerControllerUAVComponent,ULokiPlayerControllerUAVComponent,LokiPlayerControllerUAVComponent,class,UActorComponent,ActorComponent,/Script/Engine.ActorComponent,3,False,,LastEventNotifyTime,float64,DoubleProperty,False,,,False
UAV.LokiPlayerControllerUAVComponent,ULokiPlayerControllerUAVComponent,LokiPlayerControllerUAVComponent,class,UActorComponent,ActorComponent,/Script/Engine.ActorComponent,4,False,,LastRadarID,int,IntProperty,False,,,False
UAV.LokiPlayerControllerUAVComponent,ULokiPlayerControllerUAVComponent,LokiPlayerControllerUAVComponent,class,UActorComponent,ActorComponent,/Script/Engine.ActorComponent,5,False,,LocalRadarPlayers,TArray<FLokiFuzzyPlayerLocationItem>,Array<Struct<LokiFuzzyPlayerLocationItem>>,False,,,False
UAV.LokiPlayerControllerUAVComponent,ULokiPlayerControllerUAVComponent,LokiPlayerControllerUAVComponent,class,UActorComponent,ActorComponent,/Script/Engine.ActorComponent,6,False,,LastRadarPlayer,ALokiPlayerState@,ObjectProperty,False,,,False
UAV.UAVAudioPlayer,AUAVAudioPlayer,UAVAudioPlayer,class,AActor,Actor,/Script/Engine.Actor,0,True,0,ActiveUAVCopy,FActiveUAV,Struct<ActiveUAV>,True,BlueprintReadable|EditableOnDefaults|EditableOnInstance|Replicated,0,True
UAV.UAVMapActor,AUAVMapActor,UAVMapActor,class,AActor,Actor,/Script/Engine.Actor,0,True,0,MyItemID,int,IntProperty,True,BlueprintReadable|BlueprintWritable|EditableOnDefaults|EditableOnInstance|Transient,,False
UAV.UAVStructs,FLokiUAVConfig,LokiUAVConfig,struct,,,,0,True,0,Duration,float64,DoubleProperty,True,BlueprintReadable|BlueprintWritable|EditableOnDefaults|EditableOnInstance,,False
UAV.UAVStructs,FLokiUAVConfig,LokiUAVConfig,struct,,,,1,True,1,InitialDelay,float64,DoubleProperty,True,BlueprintReadable|BlueprintWritable|EditableOnDefaults|EditableOnInstance,,False
UAV.UAVStructs,FLokiUAVConfig,LokiUAVConfig,struct,,,,2,True,2,Period,float64,DoubleProperty,True,BlueprintReadable|BlueprintWritable|EditableOnDefaults|EditableOnInstance,,False
UAV.UAVStructs,FLokiUAVConfig,LokiUAVConfig,struct,,,,3,True,3,BlinkDuration,float64,DoubleProperty,True,BlueprintReadable|BlueprintWritable|EditableOnDefaults|EditableOnInstance,,False
UAV.UAVStructs,FLokiUAVConfig,LokiUAVConfig,struct,,,,4,True,4,bShowIndividuals,bool,BoolProperty,True,BlueprintReadable|BlueprintWritable|EditableOnDefaults|EditableOnInstance,,False
UAV.UAVStructs,FLokiUAVConfig,LokiUAVConfig,struct,,,,5,True,5,bShowTeam,bool,BoolProperty,True,BlueprintReadable|BlueprintWritable|EditableOnDefaults|EditableOnInstance,,False
UAV.UAVStructs,FLokiUAVConfig,LokiUAVConfig,struct,,,,6,True,6,InaccuracyDistance,float64,DoubleProperty,True,BlueprintReadable|BlueprintWritable|EditableOnDefaults|EditableOnInstance,,False
UAV.UAVStructs,FLokiUAVConfig,LokiUAVConfig,struct,,,,7,True,7,bRevealVaults,bool,BoolProperty,True,BlueprintReadable|BlueprintWritable|EditableOnDefaults|EditableOnInstance,,False
UAV.UAVStructs,FLokiUAVConfig,LokiUAVConfig,struct,,,,8,True,8,Radius,float64,DoubleProperty,True,BlueprintReadable|BlueprintWritable|EditableOnDefaults|EditableOnInstance,,False
UAV.UAVStructs,FLokiUAVConfig,LokiUAVConfig,struct,,,,9,True,9,bShowCharacters,bool,BoolProperty,True,BlueprintReadable|BlueprintWritable|EditableOnDefaults|EditableOnInstance,,False
UAV.UAVStructs,FLokiUAVConfig,LokiUAVConfig,struct,,,,10,True,10,bLocalRadar,bool,BoolProperty,True,BlueprintReadable|BlueprintWritable|EditableOnDefaults|EditableOnInstance,,False
UAV.UAVStructs,FActiveUAV,ActiveUAV,struct,,,,0,True,0,bValid,bool,BoolProperty,True,BlueprintReadable|EditableOnDefaults|EditableOnInstance,,False
UAV.UAVStructs,FActiveUAV,ActiveUAV,struct,,,,1,True,1,ID,int,IntProperty,True,BlueprintReadable|EditableOnDefaults|EditableOnInstance,,False
UAV.UAVStructs,FActiveUAV,ActiveUAV,struct,,,,2,True,2,Config,FLokiUAVConfig,Struct<LokiUAVConfig>,True,BlueprintReadable|EditableOnDefaults|EditableOnInstance,,False
UAV.UAVStructs,FActiveUAV,ActiveUAV,struct,,,,3,True,3,StartTime,float64,DoubleProperty,True,BlueprintReadable|EditableOnDefaults|EditableOnInstance,,False
UAV.UAVStructs,FActiveUAV,ActiveUAV,struct,,,,4,True,4,TeamIndex,int,IntProperty,True,BlueprintReadable|EditableOnDefaults|EditableOnInstance,,False
UAV.UAVStructs,FActiveUAV,ActiveUAV,struct,,,,5,True,5,AudioActor,AUAVAudioPlayer@,ObjectProperty,True,BlueprintReadable|EditableOnDefaults|EditableOnInstance,,False
UAV.UAVStructs,FActiveUAV,ActiveUAV,struct,,,,6,True,6,SourceLocation,FVector,Struct<Vector>,True,BlueprintReadable|EditableOnDefaults|EditableOnInstance,,False
UAV.UAVStructs,FActiveUAV,ActiveUAV,struct,,,,7,True,7,PulseCount,int,IntProperty,True,BlueprintReadable|EditableOnDefaults|EditableOnInstance,,False
UAV.UAVStructs,FActiveUAV,ActiveUAV,struct,,,,8,True,8,PlayersDetected,int,IntProperty,True,EditableOnDefaults|EditableOnInstance,,False
UAV.UAVStructs,FUAVCharacterGrouping,UAVCharacterGrouping,struct,,,,0,True,0,Characters,TArray<ALokiCharacter@>,Array<ObjectProperty>,True,,,False
UAV.UAVVaultContentActor,AUAVVaultContentActor,UAVVaultContentActor,class,AActor,Actor,/Script/Engine.Actor,0,True,0,VaultDataItem,FLokiTeamVaultDataItem,Struct<LokiTeamVaultDataItem>,True,BlueprintReadable|EditableOnDefaults|EditableOnInstance,,False
UI.LokiWidgetHighlighterHitTestBlocker,ULokiWidgetHighlighterHitTestBlocker_AS,LokiWidgetHighlighterHitTestBlocker_AS,class,UUserWidget,UserWidget,/Script/UMG.UserWidget,0,True,0,TargetWidget,UWidget@,ObjectProperty,True,BlueprintReadable|BlueprintWritable|EditableOnDefaults|EditableOnInstance,,False
UI.LokiWidgetHighlighterHitTestBlocker,ULokiWidgetHighlighterHitTestBlocker_AS,LokiWidgetHighlighterHitTestBlocker_AS,class,UUserWidget,UserWidget,/Script/UMG.UserWidget,1,True,1,TopBlocker,UOverlay@,ObjectProperty,True,BlueprintReadable,,False
UI.LokiWidgetHighlighterHitTestBlocker,ULokiWidgetHighlighterHitTestBlocker_AS,LokiWidgetHighlighterHitTestBlocker_AS,class,UUserWidget,UserWidget,/Script/UMG.UserWidget,2,True,2,LeftBlocker,UOverlay@,ObjectProperty,True,BlueprintReadable,,False
UI.LokiWidgetHighlighterHitTestBlocker,ULokiWidgetHighlighterHitTestBlocker_AS,LokiWidgetHighlighterHitTestBlocker_AS,class,UUserWidget,UserWidget,/Script/UMG.UserWidget,3,True,3,BottomBlocker,UOverlay@,ObjectProperty,True,BlueprintReadable,,False
UI.LokiWidgetHighlighterHitTestBlocker,ULokiWidgetHighlighterHitTestBlocker_AS,LokiWidgetHighlighterHitTestBlocker_AS,class,UUserWidget,UserWidget,/Script/UMG.UserWidget,4,True,4,RightBlocker,UOverlay@,ObjectProperty,True,BlueprintReadable,,False
UI.LokiWidgetHighlighterHitTestBlocker,ULokiWidgetHighlighterHitTestBlocker_AS,LokiWidgetHighlighterHitTestBlocker_AS,class,UUserWidget,UserWidget,/Script/UMG.UserWidget,5,True,5,bHideBasedOnActivatableParent,bool,BoolProperty,True,BlueprintReadable|BlueprintWritable|EditableOnDefaults|EditableOnInstance,,False
UI.Character.LokiOffscreenTeamIndicatorWidget,ULokiOffscreenTeamIndicatorWidget_AS,LokiOffscreenTeamIndicatorWidget_AS,class,ULokiOffscreenTeamIndicatorWidget,LokiOffscreenTeamIndicatorWidget,/Script/Loki.LokiOffscreenTeamIndicatorWidget,0,False,,Meters,const FText,TextProperty,False,,,False
UI.Character.LokiOffscreenTeamIndicatorWidget,ULokiOffscreenTeamIndicatorWidget_AS,LokiOffscreenTeamIndicatorWidget_AS,class,ULokiOffscreenTeamIndicatorWidget,LokiOffscreenTeamIndicatorWidget,/Script/Loki.LokiOffscreenTeamIndicatorWidget,1,False,,Kilometers,const FText,TextProperty,False,,,False
