
#1 21:50:54.324  GET /revival/loadout
    -> 200  (0s)
    User-Agent: supervive-loadout-shim

* 21:50:54.335  WS connected /lobby (subproto="wss") envelope=["LbS".."LbE"]

* 21:50:54.642  WS connected /notifications/players/9b9d2c887e2524f918e383a895f2f1c2 (subproto="wss") envelope=[""..""]

#10 21:50:54.678  GET /party/players/9b9d2c887e2524f918e383a895f2f1c2?defaultQueue=tutorialNew
    -> 200  (1ms)
    Accept: */*
    X-Theorycraft-Clientversion: release2.4.live-156430-shipping
    Authorization: Bearer eyJhbGciOiJSUzI1NiIsImtpZCI6InN1cGVydml2ZS1yZXZpdmFsLWtleS0xIiwidHlwIjoiSldUIn0.eyJiYW5zIjpbXSwiY2xpZW50X2lkIjoiYmE4ZmI1OWEzNGJiNDgxYWJjYTA4YzQ2YmE0ODgwMjUiLCJjb3VudHJ5IjoiVVMiLCJkaXNwbGF5X25hbWUiOiJSZXZpdmVyIiwiZXhwIjoxNzg2OTI5MjgzLCJpYXQiOjE3ODY4NDI4ODMsImlzX2NvbXBseSI6dHJ1ZSwiamZsZ3MiOjAsIm5hbWVzcGFjZSI6InN1cGVydml2ZSIsIm5iZiI6MTc4Njg0MjgyMywicGVybWlzc2lvbnMiOlt7IkFjdGlvbiI6MTUsIlJlc291cmNlIjoiTkFNRVNQQUNFOnN1cGVydml2ZToqIn0seyJBY3Rpb24iOjE1LCJSZXNvdXJjZSI6IkFETUlOOk5BTUVTUEFDRTpzdXBlcnZpdmU6KiJ9XSwicm9sZXMiOltdLCJzY29wZSI6ImNvbW1lcmNlIGFjY291bnQgc29jaWFsIHB1Ymxpc2hpbmcgYW5hbHl0aWNzIiwic3ViIjoiOWI5ZDJjODg3ZTI1MjRmOTE4ZTM4M2E4OTVmMmYxYzIiLCJ1bmlxdWVEaXNwbGF5TmFtZSI6IlJldml2ZXIjMDAwMSIsInVuaXF1ZV9kaXNwbGF5X25hbWUiOiJSZXZpdmVyIzAwMDEifQ.fv8xRcCKsGH-kO-Yy5UkjIPChaqt0XYnodWf6hdS9uvwgLBx_Gpa6LtecHNO-sBxhNPFiTKP9dX9Vt7yMu-Z2L8x2NIYZSvJXh40Ti4JY4OCIKzNCZ-YroW2-mPGnTu0jObkHPxrOs8nMbQ1S2Hi3HfrJfBHW0DD2Mm_lj8eplsA1NBAf-F9J2DlvHPr9kizT9wglS9ihvwZNO1BzZRUmktpPOIJ9CVv6co8pPXv-Wflq_6jaSTwOMwqVFHrCD8lO4aYOVGBrPvv5hex5JJgstKYqepEYKv8fxQNbyzSoWGDQOqnxcv5hsjkdXZI29YJnzEWQdRhUjt3Y6Bxnjgp-A
    User-Agent: Loki/UE5-CL-0 (http-legacy) Windows/10.0.19045.1.256.64bit

#3 21:50:54.676  GET /referral/player/9b9d2c887e2524f918e383a895f2f1c2
    -> 200  (0s)
    Accept: */*
    X-Theorycraft-Clientversion: release2.4.live-156430-shipping
    Authorization: Bearer eyJhbGciOiJSUzI1NiIsImtpZCI6InN1cGVydml2ZS1yZXZpdmFsLWtleS0xIiwidHlwIjoiSldUIn0.eyJiYW5zIjpbXSwiY2xpZW50X2lkIjoiYmE4ZmI1OWEzNGJiNDgxYWJjYTA4YzQ2YmE0ODgwMjUiLCJjb3VudHJ5IjoiVVMiLCJkaXNwbGF5X25hbWUiOiJSZXZpdmVyIiwiZXhwIjoxNzg2OTI5MjgzLCJpYXQiOjE3ODY4NDI4ODMsImlzX2NvbXBseSI6dHJ1ZSwiamZsZ3MiOjAsIm5hbWVzcGFjZSI6InN1cGVydml2ZSIsIm5iZiI6MTc4Njg0MjgyMywicGVybWlzc2lvbnMiOlt7IkFjdGlvbiI6MTUsIlJlc291cmNlIjoiTkFNRVNQQUNFOnN1cGVydml2ZToqIn0seyJBY3Rpb24iOjE1LCJSZXNvdXJjZSI6IkFETUlOOk5BTUVTUEFDRTpzdXBlcnZpdmU6KiJ9XSwicm9sZXMiOltdLCJzY29wZSI6ImNvbW1lcmNlIGFjY291bnQgc29jaWFsIHB1Ymxpc2hpbmcgYW5hbHl0aWNzIiwic3ViIjoiOWI5ZDJjODg3ZTI1MjRmOTE4ZTM4M2E4OTVmMmYxYzIiLCJ1bmlxdWVEaXNwbGF5TmFtZSI6IlJldml2ZXIjMDAwMSIsInVuaXF1ZV9kaXNwbGF5X25hbWUiOiJSZXZpdmVyIzAwMDEifQ.fv8xRcCKsGH-kO-Yy5UkjIPChaqt0XYnodWf6hdS9uvwgLBx_Gpa6LtecHNO-sBxhNPFiTKP9dX9Vt7yMu-Z2L8x2NIYZSvJXh40Ti4JY4OCIKzNCZ-YroW2-mPGnTu0jObkHPxrOs8nMbQ1S2Hi3HfrJfBHW0DD2Mm_lj8eplsA1NBAf-F9J2DlvHPr9kizT9wglS9ihvwZNO1BzZRUmktpPOIJ9CVv6co8pPXv-Wflq_6jaSTwOMwqVFHrCD8lO4aYOVGBrPvv5hex5JJgstKYqepEYKv8fxQNbyzSoWGDQOqnxcv5hsjkdXZI29YJnzEWQdRhUjt3Y6Bxnjgp-A
    User-Agent: Loki/UE5-CL-0 (http-legacy) Windows/10.0.19045.1.256.64bit

#9 21:50:54.678  GET /core-game/regions
    -> 200  (0s)
    X-Theorycraft-Clientversion: release2.4.live-156430-shipping
    Authorization: Bearer eyJhbGciOiJSUzI1NiIsImtpZCI6InN1cGVydml2ZS1yZXZpdmFsLWtleS0xIiwidHlwIjoiSldUIn0.eyJiYW5zIjpbXSwiY2xpZW50X2lkIjoiYmE4ZmI1OWEzNGJiNDgxYWJjYTA4YzQ2YmE0ODgwMjUiLCJjb3VudHJ5IjoiVVMiLCJkaXNwbGF5X25hbWUiOiJSZXZpdmVyIiwiZXhwIjoxNzg2OTI5MjgzLCJpYXQiOjE3ODY4NDI4ODMsImlzX2NvbXBseSI6dHJ1ZSwiamZsZ3MiOjAsIm5hbWVzcGFjZSI6InN1cGVydml2ZSIsIm5iZiI6MTc4Njg0MjgyMywicGVybWlzc2lvbnMiOlt7IkFjdGlvbiI6MTUsIlJlc291cmNlIjoiTkFNRVNQQUNFOnN1cGVydml2ZToqIn0seyJBY3Rpb24iOjE1LCJSZXNvdXJjZSI6IkFETUlOOk5BTUVTUEFDRTpzdXBlcnZpdmU6KiJ9XSwicm9sZXMiOltdLCJzY29wZSI6ImNvbW1lcmNlIGFjY291bnQgc29jaWFsIHB1Ymxpc2hpbmcgYW5hbHl0aWNzIiwic3ViIjoiOWI5ZDJjODg3ZTI1MjRmOTE4ZTM4M2E4OTVmMmYxYzIiLCJ1bmlxdWVEaXNwbGF5TmFtZSI6IlJldml2ZXIjMDAwMSIsInVuaXF1ZV9kaXNwbGF5X25hbWUiOiJSZXZpdmVyIzAwMDEifQ.fv8xRcCKsGH-kO-Yy5UkjIPChaqt0XYnodWf6hdS9uvwgLBx_Gpa6LtecHNO-sBxhNPFiTKP9dX9Vt7yMu-Z2L8x2NIYZSvJXh40Ti4JY4OCIKzNCZ-YroW2-mPGnTu0jObkHPxrOs8nMbQ1S2Hi3HfrJfBHW0DD2Mm_lj8eplsA1NBAf-F9J2DlvHPr9kizT9wglS9ihvwZNO1BzZRUmktpPOIJ9CVv6co8pPXv-Wflq_6jaSTwOMwqVFHrCD8lO4aYOVGBrPvv5hex5JJgstKYqepEYKv8fxQNbyzSoWGDQOqnxcv5hsjkdXZI29YJnzEWQdRhUjt3Y6Bxnjgp-A
    User-Agent: Loki/UE5-CL-0 (http-legacy) Windows/10.0.19045.1.256.64bit
    Accept: */*

#5 21:50:54.677  GET /inventory/free
    -> 200  (0s)
    Accept: */*
    X-Theorycraft-Clientversion: release2.4.live-156430-shipping
    Authorization: Bearer eyJhbGciOiJSUzI1NiIsImtpZCI6InN1cGVydml2ZS1yZXZpdmFsLWtleS0xIiwidHlwIjoiSldUIn0.eyJiYW5zIjpbXSwiY2xpZW50X2lkIjoiYmE4ZmI1OWEzNGJiNDgxYWJjYTA4YzQ2YmE0ODgwMjUiLCJjb3VudHJ5IjoiVVMiLCJkaXNwbGF5X25hbWUiOiJSZXZpdmVyIiwiZXhwIjoxNzg2OTI5MjgzLCJpYXQiOjE3ODY4NDI4ODMsImlzX2NvbXBseSI6dHJ1ZSwiamZsZ3MiOjAsIm5hbWVzcGFjZSI6InN1cGVydml2ZSIsIm5iZiI6MTc4Njg0MjgyMywicGVybWlzc2lvbnMiOlt7IkFjdGlvbiI6MTUsIlJlc291cmNlIjoiTkFNRVNQQUNFOnN1cGVydml2ZToqIn0seyJBY3Rpb24iOjE1LCJSZXNvdXJjZSI6IkFETUlOOk5BTUVTUEFDRTpzdXBlcnZpdmU6KiJ9XSwicm9sZXMiOltdLCJzY29wZSI6ImNvbW1lcmNlIGFjY291bnQgc29jaWFsIHB1Ymxpc2hpbmcgYW5hbHl0aWNzIiwic3ViIjoiOWI5ZDJjODg3ZTI1MjRmOTE4ZTM4M2E4OTVmMmYxYzIiLCJ1bmlxdWVEaXNwbGF5TmFtZSI6IlJldml2ZXIjMDAwMSIsInVuaXF1ZV9kaXNwbGF5X25hbWUiOiJSZXZpdmVyIzAwMDEifQ.fv8xRcCKsGH-kO-Yy5UkjIPChaqt0XYnodWf6hdS9uvwgLBx_Gpa6LtecHNO-sBxhNPFiTKP9dX9Vt7yMu-Z2L8x2NIYZSvJXh40Ti4JY4OCIKzNCZ-YroW2-mPGnTu0jObkHPxrOs8nMbQ1S2Hi3HfrJfBHW0DD2Mm_lj8eplsA1NBAf-F9J2DlvHPr9kizT9wglS9ihvwZNO1BzZRUmktpPOIJ9CVv6co8pPXv-Wflq_6jaSTwOMwqVFHrCD8lO4aYOVGBrPvv5hex5JJgstKYqepEYKv8fxQNbyzSoWGDQOqnxcv5hsjkdXZI29YJnzEWQdRhUjt3Y6Bxnjgp-A
    User-Agent: Loki/UE5-CL-0 (http-legacy) Windows/10.0.19045.1.256.64bit

#6 21:50:54.678  GET /storefront/heroes
    -> 200  (0s)
    X-Theorycraft-Clientversion: release2.4.live-156430-shipping
    Authorization: Bearer eyJhbGciOiJSUzI1NiIsImtpZCI6InN1cGVydml2ZS1yZXZpdmFsLWtleS0xIiwidHlwIjoiSldUIn0.eyJiYW5zIjpbXSwiY2xpZW50X2lkIjoiYmE4ZmI1OWEzNGJiNDgxYWJjYTA4YzQ2YmE0ODgwMjUiLCJjb3VudHJ5IjoiVVMiLCJkaXNwbGF5X25hbWUiOiJSZXZpdmVyIiwiZXhwIjoxNzg2OTI5MjgzLCJpYXQiOjE3ODY4NDI4ODMsImlzX2NvbXBseSI6dHJ1ZSwiamZsZ3MiOjAsIm5hbWVzcGFjZSI6InN1cGVydml2ZSIsIm5iZiI6MTc4Njg0MjgyMywicGVybWlzc2lvbnMiOlt7IkFjdGlvbiI6MTUsIlJlc291cmNlIjoiTkFNRVNQQUNFOnN1cGVydml2ZToqIn0seyJBY3Rpb24iOjE1LCJSZXNvdXJjZSI6IkFETUlOOk5BTUVTUEFDRTpzdXBlcnZpdmU6KiJ9XSwicm9sZXMiOltdLCJzY29wZSI6ImNvbW1lcmNlIGFjY291bnQgc29jaWFsIHB1Ymxpc2hpbmcgYW5hbHl0aWNzIiwic3ViIjoiOWI5ZDJjODg3ZTI1MjRmOTE4ZTM4M2E4OTVmMmYxYzIiLCJ1bmlxdWVEaXNwbGF5TmFtZSI6IlJldml2ZXIjMDAwMSIsInVuaXF1ZV9kaXNwbGF5X25hbWUiOiJSZXZpdmVyIzAwMDEifQ.fv8xRcCKsGH-kO-Yy5UkjIPChaqt0XYnodWf6hdS9uvwgLBx_Gpa6LtecHNO-sBxhNPFiTKP9dX9Vt7yMu-Z2L8x2NIYZSvJXh40Ti4JY4OCIKzNCZ-YroW2-mPGnTu0jObkHPxrOs8nMbQ1S2Hi3HfrJfBHW0DD2Mm_lj8eplsA1NBAf-F9J2DlvHPr9kizT9wglS9ihvwZNO1BzZRUmktpPOIJ9CVv6co8pPXv-Wflq_6jaSTwOMwqVFHrCD8lO4aYOVGBrPvv5hex5JJgstKYqepEYKv8fxQNbyzSoWGDQOqnxcv5hsjkdXZI29YJnzEWQdRhUjt3Y6Bxnjgp-A
    User-Agent: Loki/UE5-CL-0 (http-legacy) Windows/10.0.19045.1.256.64bit
    Accept: */*

#7 21:50:54.678  GET /match-history/players/9b9d2c887e2524f918e383a895f2f1c2
    -> 200  (0s)
    User-Agent: Loki/UE5-CL-0 (http-legacy) Windows/10.0.19045.1.256.64bit
    Accept: */*
    X-Theorycraft-Clientversion: release2.4.live-156430-shipping
    Authorization: Bearer eyJhbGciOiJSUzI1NiIsImtpZCI6InN1cGVydml2ZS1yZXZpdmFsLWtleS0xIiwidHlwIjoiSldUIn0.eyJiYW5zIjpbXSwiY2xpZW50X2lkIjoiYmE4ZmI1OWEzNGJiNDgxYWJjYTA4YzQ2YmE0ODgwMjUiLCJjb3VudHJ5IjoiVVMiLCJkaXNwbGF5X25hbWUiOiJSZXZpdmVyIiwiZXhwIjoxNzg2OTI5MjgzLCJpYXQiOjE3ODY4NDI4ODMsImlzX2NvbXBseSI6dHJ1ZSwiamZsZ3MiOjAsIm5hbWVzcGFjZSI6InN1cGVydml2ZSIsIm5iZiI6MTc4Njg0MjgyMywicGVybWlzc2lvbnMiOlt7IkFjdGlvbiI6MTUsIlJlc291cmNlIjoiTkFNRVNQQUNFOnN1cGVydml2ZToqIn0seyJBY3Rpb24iOjE1LCJSZXNvdXJjZSI6IkFETUlOOk5BTUVTUEFDRTpzdXBlcnZpdmU6KiJ9XSwicm9sZXMiOltdLCJzY29wZSI6ImNvbW1lcmNlIGFjY291bnQgc29jaWFsIHB1Ymxpc2hpbmcgYW5hbHl0aWNzIiwic3ViIjoiOWI5ZDJjODg3ZTI1MjRmOTE4ZTM4M2E4OTVmMmYxYzIiLCJ1bmlxdWVEaXNwbGF5TmFtZSI6IlJldml2ZXIjMDAwMSIsInVuaXF1ZV9kaXNwbGF5X25hbWUiOiJSZXZpdmVyIzAwMDEifQ.fv8xRcCKsGH-kO-Yy5UkjIPChaqt0XYnodWf6hdS9uvwgLBx_Gpa6LtecHNO-sBxhNPFiTKP9dX9Vt7yMu-Z2L8x2NIYZSvJXh40Ti4JY4OCIKzNCZ-YroW2-mPGnTu0jObkHPxrOs8nMbQ1S2Hi3HfrJfBHW0DD2Mm_lj8eplsA1NBAf-F9J2DlvHPr9kizT9wglS9ihvwZNO1BzZRUmktpPOIJ9CVv6co8pPXv-Wflq_6jaSTwOMwqVFHrCD8lO4aYOVGBrPvv5hex5JJgstKYqepEYKv8fxQNbyzSoWGDQOqnxcv5hsjkdXZI29YJnzEWQdRhUjt3Y6Bxnjgp-A

#8 21:50:54.678  GET /core-game/players/9b9d2c887e2524f918e383a895f2f1c2
    -> 200  (0s)
    User-Agent: Loki/UE5-CL-0 (http-legacy) Windows/10.0.19045.1.256.64bit
    Accept: */*
    X-Theorycraft-Clientversion: release2.4.live-156430-shipping
    Authorization: Bearer eyJhbGciOiJSUzI1NiIsImtpZCI6InN1cGVydml2ZS1yZXZpdmFsLWtleS0xIiwidHlwIjoiSldUIn0.eyJiYW5zIjpbXSwiY2xpZW50X2lkIjoiYmE4ZmI1OWEzNGJiNDgxYWJjYTA4YzQ2YmE0ODgwMjUiLCJjb3VudHJ5IjoiVVMiLCJkaXNwbGF5X25hbWUiOiJSZXZpdmVyIiwiZXhwIjoxNzg2OTI5MjgzLCJpYXQiOjE3ODY4NDI4ODMsImlzX2NvbXBseSI6dHJ1ZSwiamZsZ3MiOjAsIm5hbWVzcGFjZSI6InN1cGVydml2ZSIsIm5iZiI6MTc4Njg0MjgyMywicGVybWlzc2lvbnMiOlt7IkFjdGlvbiI6MTUsIlJlc291cmNlIjoiTkFNRVNQQUNFOnN1cGVydml2ZToqIn0seyJBY3Rpb24iOjE1LCJSZXNvdXJjZSI6IkFETUlOOk5BTUVTUEFDRTpzdXBlcnZpdmU6KiJ9XSwicm9sZXMiOltdLCJzY29wZSI6ImNvbW1lcmNlIGFjY291bnQgc29jaWFsIHB1Ymxpc2hpbmcgYW5hbHl0aWNzIiwic3ViIjoiOWI5ZDJjODg3ZTI1MjRmOTE4ZTM4M2E4OTVmMmYxYzIiLCJ1bmlxdWVEaXNwbGF5TmFtZSI6IlJldml2ZXIjMDAwMSIsInVuaXF1ZV9kaXNwbGF5X25hbWUiOiJSZXZpdmVyIzAwMDEifQ.fv8xRcCKsGH-kO-Yy5UkjIPChaqt0XYnodWf6hdS9uvwgLBx_Gpa6LtecHNO-sBxhNPFiTKP9dX9Vt7yMu-Z2L8x2NIYZSvJXh40Ti4JY4OCIKzNCZ-YroW2-mPGnTu0jObkHPxrOs8nMbQ1S2Hi3HfrJfBHW0DD2Mm_lj8eplsA1NBAf-F9J2DlvHPr9kizT9wglS9ihvwZNO1BzZRUmktpPOIJ9CVv6co8pPXv-Wflq_6jaSTwOMwqVFHrCD8lO4aYOVGBrPvv5hex5JJgstKYqepEYKv8fxQNbyzSoWGDQOqnxcv5hsjkdXZI29YJnzEWQdRhUjt3Y6Bxnjgp-A

#4 21:50:54.676  GET /progression/players/9b9d2c887e2524f918e383a895f2f1c2/tracks
    -> 200  (0s)
    Accept: */*
    X-Theorycraft-Clientversion: release2.4.live-156430-shipping
    Authorization: Bearer eyJhbGciOiJSUzI1NiIsImtpZCI6InN1cGVydml2ZS1yZXZpdmFsLWtleS0xIiwidHlwIjoiSldUIn0.eyJiYW5zIjpbXSwiY2xpZW50X2lkIjoiYmE4ZmI1OWEzNGJiNDgxYWJjYTA4YzQ2YmE0ODgwMjUiLCJjb3VudHJ5IjoiVVMiLCJkaXNwbGF5X25hbWUiOiJSZXZpdmVyIiwiZXhwIjoxNzg2OTI5MjgzLCJpYXQiOjE3ODY4NDI4ODMsImlzX2NvbXBseSI6dHJ1ZSwiamZsZ3MiOjAsIm5hbWVzcGFjZSI6InN1cGVydml2ZSIsIm5iZiI6MTc4Njg0MjgyMywicGVybWlzc2lvbnMiOlt7IkFjdGlvbiI6MTUsIlJlc291cmNlIjoiTkFNRVNQQUNFOnN1cGVydml2ZToqIn0seyJBY3Rpb24iOjE1LCJSZXNvdXJjZSI6IkFETUlOOk5BTUVTUEFDRTpzdXBlcnZpdmU6KiJ9XSwicm9sZXMiOltdLCJzY29wZSI6ImNvbW1lcmNlIGFjY291bnQgc29jaWFsIHB1Ymxpc2hpbmcgYW5hbHl0aWNzIiwic3ViIjoiOWI5ZDJjODg3ZTI1MjRmOTE4ZTM4M2E4OTVmMmYxYzIiLCJ1bmlxdWVEaXNwbGF5TmFtZSI6IlJldml2ZXIjMDAwMSIsInVuaXF1ZV9kaXNwbGF5X25hbWUiOiJSZXZpdmVyIzAwMDEifQ.fv8xRcCKsGH-kO-Yy5UkjIPChaqt0XYnodWf6hdS9uvwgLBx_Gpa6LtecHNO-sBxhNPFiTKP9dX9Vt7yMu-Z2L8x2NIYZSvJXh40Ti4JY4OCIKzNCZ-YroW2-mPGnTu0jObkHPxrOs8nMbQ1S2Hi3HfrJfBHW0DD2Mm_lj8eplsA1NBAf-F9J2DlvHPr9kizT9wglS9ihvwZNO1BzZRUmktpPOIJ9CVv6co8pPXv-Wflq_6jaSTwOMwqVFHrCD8lO4aYOVGBrPvv5hex5JJgstKYqepEYKv8fxQNbyzSoWGDQOqnxcv5hsjkdXZI29YJnzEWQdRhUjt3Y6Bxnjgp-A
    User-Agent: Loki/UE5-CL-0 (http-legacy) Windows/10.0.19045.1.256.64bit

#2 21:50:54.653  GET /revival/loadout
    -> 200  (0s)
    User-Agent: supervive-loadout-shim

* 21:50:54.883  WS <- /lobby TEXT "type: listIncomingFriendsRequest\nid: friends-5808"

#12 21:50:54.680  GET /party/matchmaking/info
    -> 200  (0s)
    User-Agent: Loki/UE5-CL-0 (http-legacy) Windows/10.0.19045.1.256.64bit
    Authorization: Bearer eyJhbGciOiJSUzI1NiIsImtpZCI6InN1cGVydml2ZS1yZXZpdmFsLWtleS0xIiwidHlwIjoiSldUIn0.eyJiYW5zIjpbXSwiY2xpZW50X2lkIjoiYmE4ZmI1OWEzNGJiNDgxYWJjYTA4YzQ2YmE0ODgwMjUiLCJjb3VudHJ5IjoiVVMiLCJkaXNwbGF5X25hbWUiOiJSZXZpdmVyIiwiZXhwIjoxNzg2OTI5MjgzLCJpYXQiOjE3ODY4NDI4ODMsImlzX2NvbXBseSI6dHJ1ZSwiamZsZ3MiOjAsIm5hbWVzcGFjZSI6InN1cGVydml2ZSIsIm5iZiI6MTc4Njg0MjgyMywicGVybWlzc2lvbnMiOlt7IkFjdGlvbiI6MTUsIlJlc291cmNlIjoiTkFNRVNQQUNFOnN1cGVydml2ZToqIn0seyJBY3Rpb24iOjE1LCJSZXNvdXJjZSI6IkFETUlOOk5BTUVTUEFDRTpzdXBlcnZpdmU6KiJ9XSwicm9sZXMiOltdLCJzY29wZSI6ImNvbW1lcmNlIGFjY291bnQgc29jaWFsIHB1Ymxpc2hpbmcgYW5hbHl0aWNzIiwic3ViIjoiOWI5ZDJjODg3ZTI1MjRmOTE4ZTM4M2E4OTVmMmYxYzIiLCJ1bmlxdWVEaXNwbGF5TmFtZSI6IlJldml2ZXIjMDAwMSIsInVuaXF1ZV9kaXNwbGF5X25hbWUiOiJSZXZpdmVyIzAwMDEifQ.fv8xRcCKsGH-kO-Yy5UkjIPChaqt0XYnodWf6hdS9uvwgLBx_Gpa6LtecHNO-sBxhNPFiTKP9dX9Vt7yMu-Z2L8x2NIYZSvJXh40Ti4JY4OCIKzNCZ-YroW2-mPGnTu0jObkHPxrOs8nMbQ1S2Hi3HfrJfBHW0DD2Mm_lj8eplsA1NBAf-F9J2DlvHPr9kizT9wglS9ihvwZNO1BzZRUmktpPOIJ9CVv6co8pPXv-Wflq_6jaSTwOMwqVFHrCD8lO4aYOVGBrPvv5hex5JJgstKYqepEYKv8fxQNbyzSoWGDQOqnxcv5hsjkdXZI29YJnzEWQdRhUjt3Y6Bxnjgp-A
    Accept: */*
    X-Theorycraft-Clientversion: release2.4.live-156430-shipping

#11 21:50:54.679  GET /party/parties/party-9b9d2c887e2524f918e383a895f2f1c2
    -> 200  (0s)
    X-Theorycraft-Clientversion: release2.4.live-156430-shipping
    Authorization: Bearer eyJhbGciOiJSUzI1NiIsImtpZCI6InN1cGVydml2ZS1yZXZpdmFsLWtleS0xIiwidHlwIjoiSldUIn0.eyJiYW5zIjpbXSwiY2xpZW50X2lkIjoiYmE4ZmI1OWEzNGJiNDgxYWJjYTA4YzQ2YmE0ODgwMjUiLCJjb3VudHJ5IjoiVVMiLCJkaXNwbGF5X25hbWUiOiJSZXZpdmVyIiwiZXhwIjoxNzg2OTI5MjgzLCJpYXQiOjE3ODY4NDI4ODMsImlzX2NvbXBseSI6dHJ1ZSwiamZsZ3MiOjAsIm5hbWVzcGFjZSI6InN1cGVydml2ZSIsIm5iZiI6MTc4Njg0MjgyMywicGVybWlzc2lvbnMiOlt7IkFjdGlvbiI6MTUsIlJlc291cmNlIjoiTkFNRVNQQUNFOnN1cGVydml2ZToqIn0seyJBY3Rpb24iOjE1LCJSZXNvdXJjZSI6IkFETUlOOk5BTUVTUEFDRTpzdXBlcnZpdmU6KiJ9XSwicm9sZXMiOltdLCJzY29wZSI6ImNvbW1lcmNlIGFjY291bnQgc29jaWFsIHB1Ymxpc2hpbmcgYW5hbHl0aWNzIiwic3ViIjoiOWI5ZDJjODg3ZTI1MjRmOTE4ZTM4M2E4OTVmMmYxYzIiLCJ1bmlxdWVEaXNwbGF5TmFtZSI6IlJldml2ZXIjMDAwMSIsInVuaXF1ZV9kaXNwbGF5X25hbWUiOiJSZXZpdmVyIzAwMDEifQ.fv8xRcCKsGH-kO-Yy5UkjIPChaqt0XYnodWf6hdS9uvwgLBx_Gpa6LtecHNO-sBxhNPFiTKP9dX9Vt7yMu-Z2L8x2NIYZSvJXh40Ti4JY4OCIKzNCZ-YroW2-mPGnTu0jObkHPxrOs8nMbQ1S2Hi3HfrJfBHW0DD2Mm_lj8eplsA1NBAf-F9J2DlvHPr9kizT9wglS9ihvwZNO1BzZRUmktpPOIJ9CVv6co8pPXv-Wflq_6jaSTwOMwqVFHrCD8lO4aYOVGBrPvv5hex5JJgstKYqepEYKv8fxQNbyzSoWGDQOqnxcv5hsjkdXZI29YJnzEWQdRhUjt3Y6Bxnjgp-A
    User-Agent: Loki/UE5-CL-0 (http-legacy) Windows/10.0.19045.1.256.64bit
    Accept: */*

#13 21:50:54.678  GET /mmr/player-ratings/9b9d2c887e2524f918e383a895f2f1c2/rank
    -> 200  (122ms)
    User-Agent: Loki/UE5-CL-0 (http-legacy) Windows/10.0.19045.1.256.64bit
    Accept: */*
    X-Theorycraft-Clientversion: release2.4.live-156430-shipping
    Authorization: Bearer eyJhbGciOiJSUzI1NiIsImtpZCI6InN1cGVydml2ZS1yZXZpdmFsLWtleS0xIiwidHlwIjoiSldUIn0.eyJiYW5zIjpbXSwiY2xpZW50X2lkIjoiYmE4ZmI1OWEzNGJiNDgxYWJjYTA4YzQ2YmE0ODgwMjUiLCJjb3VudHJ5IjoiVVMiLCJkaXNwbGF5X25hbWUiOiJSZXZpdmVyIiwiZXhwIjoxNzg2OTI5MjgzLCJpYXQiOjE3ODY4NDI4ODMsImlzX2NvbXBseSI6dHJ1ZSwiamZsZ3MiOjAsIm5hbWVzcGFjZSI6InN1cGVydml2ZSIsIm5iZiI6MTc4Njg0MjgyMywicGVybWlzc2lvbnMiOlt7IkFjdGlvbiI6MTUsIlJlc291cmNlIjoiTkFNRVNQQUNFOnN1cGVydml2ZToqIn0seyJBY3Rpb24iOjE1LCJSZXNvdXJjZSI6IkFETUlOOk5BTUVTUEFDRTpzdXBlcnZpdmU6KiJ9XSwicm9sZXMiOltdLCJzY29wZSI6ImNvbW1lcmNlIGFjY291bnQgc29jaWFsIHB1Ymxpc2hpbmcgYW5hbHl0aWNzIiwic3ViIjoiOWI5ZDJjODg3ZTI1MjRmOTE4ZTM4M2E4OTVmMmYxYzIiLCJ1bmlxdWVEaXNwbGF5TmFtZSI6IlJldml2ZXIjMDAwMSIsInVuaXF1ZV9kaXNwbGF5X25hbWUiOiJSZXZpdmVyIzAwMDEifQ.fv8xRcCKsGH-kO-Yy5UkjIPChaqt0XYnodWf6hdS9uvwgLBx_Gpa6LtecHNO-sBxhNPFiTKP9dX9Vt7yMu-Z2L8x2NIYZSvJXh40Ti4JY4OCIKzNCZ-YroW2-mPGnTu0jObkHPxrOs8nMbQ1S2Hi3HfrJfBHW0DD2Mm_lj8eplsA1NBAf-F9J2DlvHPr9kizT9wglS9ihvwZNO1BzZRUmktpPOIJ9CVv6co8pPXv-Wflq_6jaSTwOMwqVFHrCD8lO4aYOVGBrPvv5hex5JJgstKYqepEYKv8fxQNbyzSoWGDQOqnxcv5hsjkdXZI29YJnzEWQdRhUjt3Y6Bxnjgp-A

#14 21:50:54.844  GET /mailbox/config/version
    -> 200  (0s)
    Accept: */*
    X-Theorycraft-Clientversion: release2.4.live-156430-shipping
    Authorization: Bearer eyJhbGciOiJSUzI1NiIsImtpZCI6InN1cGVydml2ZS1yZXZpdmFsLWtleS0xIiwidHlwIjoiSldUIn0.eyJiYW5zIjpbXSwiY2xpZW50X2lkIjoiYmE4ZmI1OWEzNGJiNDgxYWJjYTA4YzQ2YmE0ODgwMjUiLCJjb3VudHJ5IjoiVVMiLCJkaXNwbGF5X25hbWUiOiJSZXZpdmVyIiwiZXhwIjoxNzg2OTI5MjgzLCJpYXQiOjE3ODY4NDI4ODMsImlzX2NvbXBseSI6dHJ1ZSwiamZsZ3MiOjAsIm5hbWVzcGFjZSI6InN1cGVydml2ZSIsIm5iZiI6MTc4Njg0MjgyMywicGVybWlzc2lvbnMiOlt7IkFjdGlvbiI6MTUsIlJlc291cmNlIjoiTkFNRVNQQUNFOnN1cGVydml2ZToqIn0seyJBY3Rpb24iOjE1LCJSZXNvdXJjZSI6IkFETUlOOk5BTUVTUEFDRTpzdXBlcnZpdmU6KiJ9XSwicm9sZXMiOltdLCJzY29wZSI6ImNvbW1lcmNlIGFjY291bnQgc29jaWFsIHB1Ymxpc2hpbmcgYW5hbHl0aWNzIiwic3ViIjoiOWI5ZDJjODg3ZTI1MjRmOTE4ZTM4M2E4OTVmMmYxYzIiLCJ1bmlxdWVEaXNwbGF5TmFtZSI6IlJldml2ZXIjMDAwMSIsInVuaXF1ZV9kaXNwbGF5X25hbWUiOiJSZXZpdmVyIzAwMDEifQ.fv8xRcCKsGH-kO-Yy5UkjIPChaqt0XYnodWf6hdS9uvwgLBx_Gpa6LtecHNO-sBxhNPFiTKP9dX9Vt7yMu-Z2L8x2NIYZSvJXh40Ti4JY4OCIKzNCZ-YroW2-mPGnTu0jObkHPxrOs8nMbQ1S2Hi3HfrJfBHW0DD2Mm_lj8eplsA1NBAf-F9J2DlvHPr9kizT9wglS9ihvwZNO1BzZRUmktpPOIJ9CVv6co8pPXv-Wflq_6jaSTwOMwqVFHrCD8lO4aYOVGBrPvv5hex5JJgstKYqepEYKv8fxQNbyzSoWGDQOqnxcv5hsjkdXZI29YJnzEWQdRhUjt3Y6Bxnjgp-A
    User-Agent: Loki/UE5-CL-0 (http-legacy) Windows/10.0.19045.1.256.64bit

#16 21:50:54.869  GET /party/matchmaking/customGameModes
    -> 200  (0s)
    Accept: */*
    X-Theorycraft-Clientversion: release2.4.live-156430-shipping
    Authorization: Bearer eyJhbGciOiJSUzI1NiIsImtpZCI6InN1cGVydml2ZS1yZXZpdmFsLWtleS0xIiwidHlwIjoiSldUIn0.eyJiYW5zIjpbXSwiY2xpZW50X2lkIjoiYmE4ZmI1OWEzNGJiNDgxYWJjYTA4YzQ2YmE0ODgwMjUiLCJjb3VudHJ5IjoiVVMiLCJkaXNwbGF5X25hbWUiOiJSZXZpdmVyIiwiZXhwIjoxNzg2OTI5MjgzLCJpYXQiOjE3ODY4NDI4ODMsImlzX2NvbXBseSI6dHJ1ZSwiamZsZ3MiOjAsIm5hbWVzcGFjZSI6InN1cGVydml2ZSIsIm5iZiI6MTc4Njg0MjgyMywicGVybWlzc2lvbnMiOlt7IkFjdGlvbiI6MTUsIlJlc291cmNlIjoiTkFNRVNQQUNFOnN1cGVydml2ZToqIn0seyJBY3Rpb24iOjE1LCJSZXNvdXJjZSI6IkFETUlOOk5BTUVTUEFDRTpzdXBlcnZpdmU6KiJ9XSwicm9sZXMiOltdLCJzY29wZSI6ImNvbW1lcmNlIGFjY291bnQgc29jaWFsIHB1Ymxpc2hpbmcgYW5hbHl0aWNzIiwic3ViIjoiOWI5ZDJjODg3ZTI1MjRmOTE4ZTM4M2E4OTVmMmYxYzIiLCJ1bmlxdWVEaXNwbGF5TmFtZSI6IlJldml2ZXIjMDAwMSIsInVuaXF1ZV9kaXNwbGF5X25hbWUiOiJSZXZpdmVyIzAwMDEifQ.fv8xRcCKsGH-kO-Yy5UkjIPChaqt0XYnodWf6hdS9uvwgLBx_Gpa6LtecHNO-sBxhNPFiTKP9dX9Vt7yMu-Z2L8x2NIYZSvJXh40Ti4JY4OCIKzNCZ-YroW2-mPGnTu0jObkHPxrOs8nMbQ1S2Hi3HfrJfBHW0DD2Mm_lj8eplsA1NBAf-F9J2DlvHPr9kizT9wglS9ihvwZNO1BzZRUmktpPOIJ9CVv6co8pPXv-Wflq_6jaSTwOMwqVFHrCD8lO4aYOVGBrPvv5hex5JJgstKYqepEYKv8fxQNbyzSoWGDQOqnxcv5hsjkdXZI29YJnzEWQdRhUjt3Y6Bxnjgp-A
    User-Agent: Loki/UE5-CL-0 (http-legacy) Windows/10.0.19045.1.256.64bit

#15 21:50:54.678  GET /inventory/players/9b9d2c887e2524f918e383a895f2f1c2
    -> 200  (192ms)
    X-Theorycraft-Clientversion: release2.4.live-156430-shipping
    Authorization: Bearer eyJhbGciOiJSUzI1NiIsImtpZCI6InN1cGVydml2ZS1yZXZpdmFsLWtleS0xIiwidHlwIjoiSldUIn0.eyJiYW5zIjpbXSwiY2xpZW50X2lkIjoiYmE4ZmI1OWEzNGJiNDgxYWJjYTA4YzQ2YmE0ODgwMjUiLCJjb3VudHJ5IjoiVVMiLCJkaXNwbGF5X25hbWUiOiJSZXZpdmVyIiwiZXhwIjoxNzg2OTI5MjgzLCJpYXQiOjE3ODY4NDI4ODMsImlzX2NvbXBseSI6dHJ1ZSwiamZsZ3MiOjAsIm5hbWVzcGFjZSI6InN1cGVydml2ZSIsIm5iZiI6MTc4Njg0MjgyMywicGVybWlzc2lvbnMiOlt7IkFjdGlvbiI6MTUsIlJlc291cmNlIjoiTkFNRVNQQUNFOnN1cGVydml2ZToqIn0seyJBY3Rpb24iOjE1LCJSZXNvdXJjZSI6IkFETUlOOk5BTUVTUEFDRTpzdXBlcnZpdmU6KiJ9XSwicm9sZXMiOltdLCJzY29wZSI6ImNvbW1lcmNlIGFjY291bnQgc29jaWFsIHB1Ymxpc2hpbmcgYW5hbHl0aWNzIiwic3ViIjoiOWI5ZDJjODg3ZTI1MjRmOTE4ZTM4M2E4OTVmMmYxYzIiLCJ1bmlxdWVEaXNwbGF5TmFtZSI6IlJldml2ZXIjMDAwMSIsInVuaXF1ZV9kaXNwbGF5X25hbWUiOiJSZXZpdmVyIzAwMDEifQ.fv8xRcCKsGH-kO-Yy5UkjIPChaqt0XYnodWf6hdS9uvwgLBx_Gpa6LtecHNO-sBxhNPFiTKP9dX9Vt7yMu-Z2L8x2NIYZSvJXh40Ti4JY4OCIKzNCZ-YroW2-mPGnTu0jObkHPxrOs8nMbQ1S2Hi3HfrJfBHW0DD2Mm_lj8eplsA1NBAf-F9J2DlvHPr9kizT9wglS9ihvwZNO1BzZRUmktpPOIJ9CVv6co8pPXv-Wflq_6jaSTwOMwqVFHrCD8lO4aYOVGBrPvv5hex5JJgstKYqepEYKv8fxQNbyzSoWGDQOqnxcv5hsjkdXZI29YJnzEWQdRhUjt3Y6Bxnjgp-A
    User-Agent: Loki/UE5-CL-0 (http-legacy) Windows/10.0.19045.1.256.64bit
    Accept: */*

#17 21:50:54.676  GET /progression/players/9b9d2c887e2524f918e383a895f2f1c2
    -> 200  (194ms)
    Accept: */*
    X-Theorycraft-Clientversion: release2.4.live-156430-shipping
    Authorization: Bearer eyJhbGciOiJSUzI1NiIsImtpZCI6InN1cGVydml2ZS1yZXZpdmFsLWtleS0xIiwidHlwIjoiSldUIn0.eyJiYW5zIjpbXSwiY2xpZW50X2lkIjoiYmE4ZmI1OWEzNGJiNDgxYWJjYTA4YzQ2YmE0ODgwMjUiLCJjb3VudHJ5IjoiVVMiLCJkaXNwbGF5X25hbWUiOiJSZXZpdmVyIiwiZXhwIjoxNzg2OTI5MjgzLCJpYXQiOjE3ODY4NDI4ODMsImlzX2NvbXBseSI6dHJ1ZSwiamZsZ3MiOjAsIm5hbWVzcGFjZSI6InN1cGVydml2ZSIsIm5iZiI6MTc4Njg0MjgyMywicGVybWlzc2lvbnMiOlt7IkFjdGlvbiI6MTUsIlJlc291cmNlIjoiTkFNRVNQQUNFOnN1cGVydml2ZToqIn0seyJBY3Rpb24iOjE1LCJSZXNvdXJjZSI6IkFETUlOOk5BTUVTUEFDRTpzdXBlcnZpdmU6KiJ9XSwicm9sZXMiOltdLCJzY29wZSI6ImNvbW1lcmNlIGFjY291bnQgc29jaWFsIHB1Ymxpc2hpbmcgYW5hbHl0aWNzIiwic3ViIjoiOWI5ZDJjODg3ZTI1MjRmOTE4ZTM4M2E4OTVmMmYxYzIiLCJ1bmlxdWVEaXNwbGF5TmFtZSI6IlJldml2ZXIjMDAwMSIsInVuaXF1ZV9kaXNwbGF5X25hbWUiOiJSZXZpdmVyIzAwMDEifQ.fv8xRcCKsGH-kO-Yy5UkjIPChaqt0XYnodWf6hdS9uvwgLBx_Gpa6LtecHNO-sBxhNPFiTKP9dX9Vt7yMu-Z2L8x2NIYZSvJXh40Ti4JY4OCIKzNCZ-YroW2-mPGnTu0jObkHPxrOs8nMbQ1S2Hi3HfrJfBHW0DD2Mm_lj8eplsA1NBAf-F9J2DlvHPr9kizT9wglS9ihvwZNO1BzZRUmktpPOIJ9CVv6co8pPXv-Wflq_6jaSTwOMwqVFHrCD8lO4aYOVGBrPvv5hex5JJgstKYqepEYKv8fxQNbyzSoWGDQOqnxcv5hsjkdXZI29YJnzEWQdRhUjt3Y6Bxnjgp-A
    User-Agent: Loki/UE5-CL-0 (http-legacy) Windows/10.0.19045.1.256.64bit

* 21:50:55.661  WS -> /lobby TEXT "type: listIncomingFriendsResponse\nid: friends-5808\ncode: 0\nfriendsId: []"

#18 21:50:55.036  GET /referral/player/9b9d2c887e2524f918e383a895f2f1c2/points
    -> 200  (0s)
    Accept: */*
    X-Theorycraft-Clientversion: release2.4.live-156430-shipping
    Authorization: Bearer eyJhbGciOiJSUzI1NiIsImtpZCI6InN1cGVydml2ZS1yZXZpdmFsLWtleS0xIiwidHlwIjoiSldUIn0.eyJiYW5zIjpbXSwiY2xpZW50X2lkIjoiYmE4ZmI1OWEzNGJiNDgxYWJjYTA4YzQ2YmE0ODgwMjUiLCJjb3VudHJ5IjoiVVMiLCJkaXNwbGF5X25hbWUiOiJSZXZpdmVyIiwiZXhwIjoxNzg2OTI5MjgzLCJpYXQiOjE3ODY4NDI4ODMsImlzX2NvbXBseSI6dHJ1ZSwiamZsZ3MiOjAsIm5hbWVzcGFjZSI6InN1cGVydml2ZSIsIm5iZiI6MTc4Njg0MjgyMywicGVybWlzc2lvbnMiOlt7IkFjdGlvbiI6MTUsIlJlc291cmNlIjoiTkFNRVNQQUNFOnN1cGVydml2ZToqIn0seyJBY3Rpb24iOjE1LCJSZXNvdXJjZSI6IkFETUlOOk5BTUVTUEFDRTpzdXBlcnZpdmU6KiJ9XSwicm9sZXMiOltdLCJzY29wZSI6ImNvbW1lcmNlIGFjY291bnQgc29jaWFsIHB1Ymxpc2hpbmcgYW5hbHl0aWNzIiwic3ViIjoiOWI5ZDJjODg3ZTI1MjRmOTE4ZTM4M2E4OTVmMmYxYzIiLCJ1bmlxdWVEaXNwbGF5TmFtZSI6IlJldml2ZXIjMDAwMSIsInVuaXF1ZV9kaXNwbGF5X25hbWUiOiJSZXZpdmVyIzAwMDEifQ.fv8xRcCKsGH-kO-Yy5UkjIPChaqt0XYnodWf6hdS9uvwgLBx_Gpa6LtecHNO-sBxhNPFiTKP9dX9Vt7yMu-Z2L8x2NIYZSvJXh40Ti4JY4OCIKzNCZ-YroW2-mPGnTu0jObkHPxrOs8nMbQ1S2Hi3HfrJfBHW0DD2Mm_lj8eplsA1NBAf-F9J2DlvHPr9kizT9wglS9ihvwZNO1BzZRUmktpPOIJ9CVv6co8pPXv-Wflq_6jaSTwOMwqVFHrCD8lO4aYOVGBrPvv5hex5JJgstKYqepEYKv8fxQNbyzSoWGDQOqnxcv5hsjkdXZI29YJnzEWQdRhUjt3Y6Bxnjgp-A
    User-Agent: Loki/UE5-CL-0 (http-legacy) Windows/10.0.19045.1.256.64bit

#19 21:50:55.721  GET /revival/loadout
    -> 200  (0s)
    User-Agent: supervive-loadout-shim

#20 21:50:55.895  POST /party/parties/party-9b9d2c887e2524f918e383a895f2f1c2/refreshRanks
    -> 200  (0s)
    X-Theorycraft-Clientversion: release2.4.live-156430-shipping
    Authorization: Bearer eyJhbGciOiJSUzI1NiIsImtpZCI6InN1cGVydml2ZS1yZXZpdmFsLWtleS0xIiwidHlwIjoiSldUIn0.eyJiYW5zIjpbXSwiY2xpZW50X2lkIjoiYmE4ZmI1OWEzNGJiNDgxYWJjYTA4YzQ2YmE0ODgwMjUiLCJjb3VudHJ5IjoiVVMiLCJkaXNwbGF5X25hbWUiOiJSZXZpdmVyIiwiZXhwIjoxNzg2OTI5MjgzLCJpYXQiOjE3ODY4NDI4ODMsImlzX2NvbXBseSI6dHJ1ZSwiamZsZ3MiOjAsIm5hbWVzcGFjZSI6InN1cGVydml2ZSIsIm5iZiI6MTc4Njg0MjgyMywicGVybWlzc2lvbnMiOlt7IkFjdGlvbiI6MTUsIlJlc291cmNlIjoiTkFNRVNQQUNFOnN1cGVydml2ZToqIn0seyJBY3Rpb24iOjE1LCJSZXNvdXJjZSI6IkFETUlOOk5BTUVTUEFDRTpzdXBlcnZpdmU6KiJ9XSwicm9sZXMiOltdLCJzY29wZSI6ImNvbW1lcmNlIGFjY291bnQgc29jaWFsIHB1Ymxpc2hpbmcgYW5hbHl0aWNzIiwic3ViIjoiOWI5ZDJjODg3ZTI1MjRmOTE4ZTM4M2E4OTVmMmYxYzIiLCJ1bmlxdWVEaXNwbGF5TmFtZSI6IlJldml2ZXIjMDAwMSIsInVuaXF1ZV9kaXNwbGF5X25hbWUiOiJSZXZpdmVyIzAwMDEifQ.fv8xRcCKsGH-kO-Yy5UkjIPChaqt0XYnodWf6hdS9uvwgLBx_Gpa6LtecHNO-sBxhNPFiTKP9dX9Vt7yMu-Z2L8x2NIYZSvJXh40Ti4JY4OCIKzNCZ-YroW2-mPGnTu0jObkHPxrOs8nMbQ1S2Hi3HfrJfBHW0DD2Mm_lj8eplsA1NBAf-F9J2DlvHPr9kizT9wglS9ihvwZNO1BzZRUmktpPOIJ9CVv6co8pPXv-Wflq_6jaSTwOMwqVFHrCD8lO4aYOVGBrPvv5hex5JJgstKYqepEYKv8fxQNbyzSoWGDQOqnxcv5hsjkdXZI29YJnzEWQdRhUjt3Y6Bxnjgp-A
    User-Agent: Loki/UE5-CL-0 (http-legacy) Windows/10.0.19045.1.256.64bit
    Content-Type: application/x-www-form-urlencoded
    Accept: */*

* 21:50:56.286  WS <- /lobby TEXT "type: listOutgoingFriendsRequest\nid: friends-2347"

* 21:50:56.644  WS -> /lobby TEXT "type: listOutgoingFriendsResponse\nid: friends-2347\ncode: 0\nfriendsId: []"

#21 21:50:56.679  GET /revival/loadout
    -> 200  (0s)
    User-Agent: supervive-loadout-shim

* 21:50:56.760  WS <- /lobby TEXT "type: listOfFriendsRequest\nid: friends-3491"

* 21:50:56.877  WS -> /lobby TEXT "type: listOfFriendsResponse\nid: friends-3491\ncode: 0\nfriendsId: []"

#22 21:50:56.971  GET /revival/loadout
    -> 200  (0s)
    User-Agent: supervive-loadout-shim

* 21:50:56.977  WS <- /lobby TEXT "type: setUserStatusRequest\nid: presence-6393\navailability: online\nactivity: eyJhIjoiTWVudXMiLCJjViI6InJlbGVhc2UyLjQubGl2ZS0xNTY0MzAtc2hpcHBpbmciLCJwSWQiOiJwYXJ0eS05YjlkMmM4ODdlMjUyNGY5MThlMzgzYTg5NWYyZjFjMiIsInBRcyI6WyJ0dXRvcmlhbE5ldyJdLCJwTyI6MCwicFMiOjEsIm1QUyI6MywicmsiOjEyLCJya1AiOjE4NTAsInIiOlt7InEiOiJ0dXRvcmlhbE5ldyIsInJrIjoxMiwicmtQIjoxODUwfV0sImF2SWQiOiIiLCJ0IjpbXSwiZHNJZCI6IiJ9\n"

* 21:50:57.169  WS -> /lobby TEXT "type: setUserStatusResponse\nid: presence-6393\ncode: 0"

#23 21:50:57.205  GET /revival/loadout
    -> 200  (0s)
    User-Agent: supervive-loadout-shim

* 21:50:57.246  WS <- /lobby TEXT "type: setUserStatusRequest\nid: presence-2329\navailability: online\nactivity: eyJhIjoiTWVudXMiLCJjViI6InJlbGVhc2UyLjQubGl2ZS0xNTY0MzAtc2hpcHBpbmciLCJwSWQiOiJwYXJ0eS05YjlkMmM4ODdlMjUyNGY5MThlMzgzYTg5NWYyZjFjMiIsInBRcyI6WyJ0dXRvcmlhbE5ldyJdLCJwTyI6MCwicFMiOjEsIm1QUyI6MywicmsiOjEyLCJya1AiOjE4NTAsInIiOlt7InEiOiJ0dXRvcmlhbE5ldyIsInJrIjoxMiwicmtQIjoxODUwfV0sImF2SWQiOiIiLCJ0IjpbXSwiZHNJZCI6IiJ9\n"

* 21:50:57.391  WS -> /lobby TEXT "type: setUserStatusResponse\nid: presence-2329\ncode: 0"

* 21:50:57.461  WS <- /lobby TEXT "type: friendsStatusRequest\nid: presence-3963"

#24 21:50:57.470  GET /revival/loadout
    -> 200  (0s)
    User-Agent: supervive-loadout-shim

#25 21:50:57.740  GET /revival/loadout
    -> 200  (0s)
    User-Agent: supervive-loadout-shim

#26 21:50:57.949  GET /revival/loadout
    -> 200  (0s)
    User-Agent: supervive-loadout-shim

#27 21:50:58.129  GET /revival/loadout
    -> 200  (0s)
    User-Agent: supervive-loadout-shim

#28 21:50:58.324  GET /revival/loadout
    -> 200  (0s)
    User-Agent: supervive-loadout-shim

#29 21:50:58.563  GET /revival/loadout
    -> 200  (0s)
    User-Agent: supervive-loadout-shim

#30 21:50:58.758  GET /revival/loadout
    -> 200  (0s)
    User-Agent: supervive-loadout-shim

#31 21:50:58.962  GET /revival/loadout
    -> 200  (0s)
    User-Agent: supervive-loadout-shim

#32 21:50:59.157  GET /revival/loadout
    -> 200  (0s)
    User-Agent: supervive-loadout-shim

#33 21:50:59.177  GET /mmr/player-ratings/9b9d2c887e2524f918e383a895f2f1c2/rank
    -> 200  (0s)
    User-Agent: s122-verify-NOT-the-game

#34 21:50:59.340  GET /revival/loadout
    -> 200  (0s)
    User-Agent: supervive-loadout-shim

#35 21:50:59.527  GET /revival/loadout
    -> 200  (0s)
    User-Agent: supervive-loadout-shim

#36 21:50:59.724  GET /revival/loadout
    -> 200  (0s)
    User-Agent: supervive-loadout-shim

#37 21:50:59.932  GET /revival/loadout
    -> 200  (0s)
    User-Agent: supervive-loadout-shim

#38 21:51:00.141  GET /revival/loadout
    -> 200  (0s)
    User-Agent: supervive-loadout-shim

#39 21:51:00.331  GET /revival/loadout
    -> 200  (0s)
    User-Agent: supervive-loadout-shim

#40 21:51:00.565  GET /revival/loadout
    -> 200  (0s)
    User-Agent: supervive-loadout-shim

#41 21:51:00.782  GET /revival/loadout
    -> 200  (0s)
    User-Agent: supervive-loadout-shim

#42 21:51:00.973  GET /revival/loadout
    -> 200  (0s)
    User-Agent: supervive-loadout-shim

#43 21:51:01.157  GET /revival/loadout
    -> 200  (0s)
    User-Agent: supervive-loadout-shim

#44 21:51:01.340  GET /revival/loadout
    -> 200  (0s)
    User-Agent: supervive-loadout-shim

#45 21:51:01.545  GET /revival/loadout
    -> 200  (0s)
    User-Agent: supervive-loadout-shim

#46 21:51:01.748  GET /revival/loadout
    -> 200  (0s)
    User-Agent: supervive-loadout-shim

#47 21:51:01.932  GET /revival/loadout
    -> 200  (0s)
    User-Agent: supervive-loadout-shim

#48 21:51:02.114  GET /revival/loadout
    -> 200  (0s)
    User-Agent: supervive-loadout-shim

#49 21:51:02.323  GET /revival/loadout
    -> 200  (0s)
    User-Agent: supervive-loadout-shim

#50 21:51:02.506  GET /revival/loadout
    -> 200  (0s)
    User-Agent: supervive-loadout-shim

#51 21:51:02.690  GET /revival/loadout
    -> 200  (1ms)
    User-Agent: supervive-loadout-shim

#52 21:51:02.872  GET /revival/loadout
    -> 200  (0s)
    User-Agent: supervive-loadout-shim

#53 21:51:03.055  GET /revival/loadout
    -> 200  (1ms)
    User-Agent: supervive-loadout-shim

#54 21:51:03.113  GET /storefront/wallet/9b9d2c887e2524f918e383a895f2f1c2
    -> 200  (0s)
    User-Agent: Loki/UE5-CL-0 (http-legacy) Windows/10.0.19045.1.256.64bit
    Accept: */*
    X-Theorycraft-Clientversion: release2.4.live-156430-shipping
    Authorization: Bearer eyJhbGciOiJSUzI1NiIsImtpZCI6InN1cGVydml2ZS1yZXZpdmFsLWtleS0xIiwidHlwIjoiSldUIn0.eyJiYW5zIjpbXSwiY2xpZW50X2lkIjoiYmE4ZmI1OWEzNGJiNDgxYWJjYTA4YzQ2YmE0ODgwMjUiLCJjb3VudHJ5IjoiVVMiLCJkaXNwbGF5X25hbWUiOiJSZXZpdmVyIiwiZXhwIjoxNzg2OTI5MjgzLCJpYXQiOjE3ODY4NDI4ODMsImlzX2NvbXBseSI6dHJ1ZSwiamZsZ3MiOjAsIm5hbWVzcGFjZSI6InN1cGVydml2ZSIsIm5iZiI6MTc4Njg0MjgyMywicGVybWlzc2lvbnMiOlt7IkFjdGlvbiI6MTUsIlJlc291cmNlIjoiTkFNRVNQQUNFOnN1cGVydml2ZToqIn0seyJBY3Rpb24iOjE1LCJSZXNvdXJjZSI6IkFETUlOOk5BTUVTUEFDRTpzdXBlcnZpdmU6KiJ9XSwicm9sZXMiOltdLCJzY29wZSI6ImNvbW1lcmNlIGFjY291bnQgc29jaWFsIHB1Ymxpc2hpbmcgYW5hbHl0aWNzIiwic3ViIjoiOWI5ZDJjODg3ZTI1MjRmOTE4ZTM4M2E4OTVmMmYxYzIiLCJ1bmlxdWVEaXNwbGF5TmFtZSI6IlJldml2ZXIjMDAwMSIsInVuaXF1ZV9kaXNwbGF5X25hbWUiOiJSZXZpdmVyIzAwMDEifQ.fv8xRcCKsGH-kO-Yy5UkjIPChaqt0XYnodWf6hdS9uvwgLBx_Gpa6LtecHNO-sBxhNPFiTKP9dX9Vt7yMu-Z2L8x2NIYZSvJXh40Ti4JY4OCIKzNCZ-YroW2-mPGnTu0jObkHPxrOs8nMbQ1S2Hi3HfrJfBHW0DD2Mm_lj8eplsA1NBAf-F9J2DlvHPr9kizT9wglS9ihvwZNO1BzZRUmktpPOIJ9CVv6co8pPXv-Wflq_6jaSTwOMwqVFHrCD8lO4aYOVGBrPvv5hex5JJgstKYqepEYKv8fxQNbyzSoWGDQOqnxcv5hsjkdXZI29YJnzEWQdRhUjt3Y6Bxnjgp-A

#55 21:51:03.113  GET /storefront/real/offers/9b9d2c887e2524f918e383a895f2f1c2
    -> 200  (0s)
    X-Theorycraft-Clientversion: release2.4.live-156430-shipping
    Authorization: Bearer eyJhbGciOiJSUzI1NiIsImtpZCI6InN1cGVydml2ZS1yZXZpdmFsLWtleS0xIiwidHlwIjoiSldUIn0.eyJiYW5zIjpbXSwiY2xpZW50X2lkIjoiYmE4ZmI1OWEzNGJiNDgxYWJjYTA4YzQ2YmE0ODgwMjUiLCJjb3VudHJ5IjoiVVMiLCJkaXNwbGF5X25hbWUiOiJSZXZpdmVyIiwiZXhwIjoxNzg2OTI5MjgzLCJpYXQiOjE3ODY4NDI4ODMsImlzX2NvbXBseSI6dHJ1ZSwiamZsZ3MiOjAsIm5hbWVzcGFjZSI6InN1cGVydml2ZSIsIm5iZiI6MTc4Njg0MjgyMywicGVybWlzc2lvbnMiOlt7IkFjdGlvbiI6MTUsIlJlc291cmNlIjoiTkFNRVNQQUNFOnN1cGVydml2ZToqIn0seyJBY3Rpb24iOjE1LCJSZXNvdXJjZSI6IkFETUlOOk5BTUVTUEFDRTpzdXBlcnZpdmU6KiJ9XSwicm9sZXMiOltdLCJzY29wZSI6ImNvbW1lcmNlIGFjY291bnQgc29jaWFsIHB1Ymxpc2hpbmcgYW5hbHl0aWNzIiwic3ViIjoiOWI5ZDJjODg3ZTI1MjRmOTE4ZTM4M2E4OTVmMmYxYzIiLCJ1bmlxdWVEaXNwbGF5TmFtZSI6IlJldml2ZXIjMDAwMSIsInVuaXF1ZV9kaXNwbGF5X25hbWUiOiJSZXZpdmVyIzAwMDEifQ.fv8xRcCKsGH-kO-Yy5UkjIPChaqt0XYnodWf6hdS9uvwgLBx_Gpa6LtecHNO-sBxhNPFiTKP9dX9Vt7yMu-Z2L8x2NIYZSvJXh40Ti4JY4OCIKzNCZ-YroW2-mPGnTu0jObkHPxrOs8nMbQ1S2Hi3HfrJfBHW0DD2Mm_lj8eplsA1NBAf-F9J2DlvHPr9kizT9wglS9ihvwZNO1BzZRUmktpPOIJ9CVv6co8pPXv-Wflq_6jaSTwOMwqVFHrCD8lO4aYOVGBrPvv5hex5JJgstKYqepEYKv8fxQNbyzSoWGDQOqnxcv5hsjkdXZI29YJnzEWQdRhUjt3Y6Bxnjgp-A
    User-Agent: Loki/UE5-CL-0 (http-legacy) Windows/10.0.19045.1.256.64bit
    Accept: */*

#56 21:51:03.245  GET /revival/loadout
    -> 200  (0s)
    User-Agent: supervive-loadout-shim

#57 21:51:03.441  GET /revival/loadout
    -> 200  (0s)
    User-Agent: supervive-loadout-shim

#58 21:51:03.649  GET /revival/loadout
    -> 200  (1ms)
    User-Agent: supervive-loadout-shim

#59 21:51:03.831  GET /revival/loadout
    -> 200  (0s)
    User-Agent: supervive-loadout-shim

#60 21:51:04.082  GET /revival/loadout
    -> 200  (0s)
    User-Agent: supervive-loadout-shim

#61 21:51:04.398  GET /revival/loadout
    -> 200  (0s)
    User-Agent: supervive-loadout-shim

#62 21:51:04.582  GET /revival/loadout
    -> 200  (0s)
    User-Agent: supervive-loadout-shim

#63 21:51:04.784  GET /revival/loadout
    -> 200  (0s)
    User-Agent: supervive-loadout-shim

#64 21:51:04.970  GET /revival/loadout
    -> 200  (0s)
    User-Agent: supervive-loadout-shim

#65 21:51:05.057  POST /party/parties/party-9b9d2c887e2524f918e383a895f2f1c2/members/9b9d2c887e2524f918e383a895f2f1c2/latencies
    -> 200  (0s)
    X-Theorycraft-Clientversion: release2.4.live-156430-shipping
    Authorization: Bearer eyJhbGciOiJSUzI1NiIsImtpZCI6InN1cGVydml2ZS1yZXZpdmFsLWtleS0xIiwidHlwIjoiSldUIn0.eyJiYW5zIjpbXSwiY2xpZW50X2lkIjoiYmE4ZmI1OWEzNGJiNDgxYWJjYTA4YzQ2YmE0ODgwMjUiLCJjb3VudHJ5IjoiVVMiLCJkaXNwbGF5X25hbWUiOiJSZXZpdmVyIiwiZXhwIjoxNzg2OTI5MjgzLCJpYXQiOjE3ODY4NDI4ODMsImlzX2NvbXBseSI6dHJ1ZSwiamZsZ3MiOjAsIm5hbWVzcGFjZSI6InN1cGVydml2ZSIsIm5iZiI6MTc4Njg0MjgyMywicGVybWlzc2lvbnMiOlt7IkFjdGlvbiI6MTUsIlJlc291cmNlIjoiTkFNRVNQQUNFOnN1cGVydml2ZToqIn0seyJBY3Rpb24iOjE1LCJSZXNvdXJjZSI6IkFETUlOOk5BTUVTUEFDRTpzdXBlcnZpdmU6KiJ9XSwicm9sZXMiOltdLCJzY29wZSI6ImNvbW1lcmNlIGFjY291bnQgc29jaWFsIHB1Ymxpc2hpbmcgYW5hbHl0aWNzIiwic3ViIjoiOWI5ZDJjODg3ZTI1MjRmOTE4ZTM4M2E4OTVmMmYxYzIiLCJ1bmlxdWVEaXNwbGF5TmFtZSI6IlJldml2ZXIjMDAwMSIsInVuaXF1ZV9kaXNwbGF5X25hbWUiOiJSZXZpdmVyIzAwMDEifQ.fv8xRcCKsGH-kO-Yy5UkjIPChaqt0XYnodWf6hdS9uvwgLBx_Gpa6LtecHNO-sBxhNPFiTKP9dX9Vt7yMu-Z2L8x2NIYZSvJXh40Ti4JY4OCIKzNCZ-YroW2-mPGnTu0jObkHPxrOs8nMbQ1S2Hi3HfrJfBHW0DD2Mm_lj8eplsA1NBAf-F9J2DlvHPr9kizT9wglS9ihvwZNO1BzZRUmktpPOIJ9CVv6co8pPXv-Wflq_6jaSTwOMwqVFHrCD8lO4aYOVGBrPvv5hex5JJgstKYqepEYKv8fxQNbyzSoWGDQOqnxcv5hsjkdXZI29YJnzEWQdRhUjt3Y6Bxnjgp-A
    Content-Type: application/json
    User-Agent: Loki/UE5-CL-0 (http-legacy) Windows/10.0.19045.1.256.64bit
    Accept: */*
    body: {"latencies":[{"host":"127.0.0.1","region":"us-east-1","route":"default","avgLatency":1}]}

#66 21:51:05.149  GET /revival/loadout
    -> 200  (0s)
    User-Agent: supervive-loadout-shim

#67 21:51:05.335  GET /revival/loadout
    -> 200  (0s)
    User-Agent: supervive-loadout-shim

#68 21:51:05.522  GET /revival/loadout
    -> 200  (0s)
    User-Agent: supervive-loadout-shim

#69 21:51:05.722  GET /revival/loadout
    -> 200  (0s)
    User-Agent: supervive-loadout-shim

#70 21:51:05.904  GET /revival/loadout
    -> 200  (0s)
    User-Agent: supervive-loadout-shim

#71 21:51:06.109  GET /revival/loadout
    -> 200  (0s)
    User-Agent: supervive-loadout-shim

#72 21:51:06.309  GET /revival/loadout
    -> 200  (0s)
    User-Agent: supervive-loadout-shim

#73 21:51:06.505  GET /revival/loadout
    -> 200  (0s)
    User-Agent: supervive-loadout-shim

#74 21:51:06.680  GET /revival/loadout
    -> 200  (0s)
    User-Agent: supervive-loadout-shim

#75 21:51:06.861  GET /revival/loadout
    -> 200  (0s)
    User-Agent: supervive-loadout-shim

#76 21:51:07.046  GET /revival/loadout
    -> 200  (0s)
    User-Agent: supervive-loadout-shim

#77 21:51:07.221  GET /revival/loadout
    -> 200  (0s)
    User-Agent: supervive-loadout-shim

#78 21:51:07.404  GET /revival/loadout
    -> 200  (0s)
    User-Agent: supervive-loadout-shim

#79 21:51:07.579  GET /revival/loadout
    -> 200  (0s)
    User-Agent: supervive-loadout-shim

#80 21:51:07.771  GET /revival/loadout
    -> 200  (0s)
    User-Agent: supervive-loadout-shim

#81 21:51:07.962  GET /revival/loadout
    -> 200  (0s)
    User-Agent: supervive-loadout-shim

#82 21:51:08.150  GET /revival/loadout
    -> 200  (0s)
    User-Agent: supervive-loadout-shim

#83 21:51:08.345  GET /revival/loadout
    -> 200  (0s)
    User-Agent: supervive-loadout-shim

#84 21:51:08.529  GET /revival/loadout
    -> 200  (0s)
    User-Agent: supervive-loadout-shim

#85 21:51:08.718  GET /revival/loadout
    -> 200  (0s)
    User-Agent: supervive-loadout-shim

#86 21:51:08.920  GET /revival/loadout
    -> 200  (0s)
    User-Agent: supervive-loadout-shim

#87 21:51:09.121  GET /revival/loadout
    -> 200  (0s)
    User-Agent: supervive-loadout-shim

#88 21:51:09.296  GET /revival/loadout
    -> 200  (0s)
    User-Agent: supervive-loadout-shim

#89 21:51:09.478  GET /revival/loadout
    -> 200  (0s)
    User-Agent: supervive-loadout-shim

#90 21:51:09.666  GET /revival/loadout
    -> 200  (0s)
    User-Agent: supervive-loadout-shim

#91 21:51:09.862  GET /revival/loadout
    -> 200  (0s)
    User-Agent: supervive-loadout-shim

#92 21:51:10.087  GET /revival/loadout
    -> 200  (0s)
    User-Agent: supervive-loadout-shim

#93 21:51:10.282  GET /revival/loadout
    -> 200  (0s)
    User-Agent: supervive-loadout-shim

#94 21:51:10.479  GET /revival/loadout
    -> 200  (0s)
    User-Agent: supervive-loadout-shim

#95 21:51:10.675  GET /revival/loadout
    -> 200  (0s)
    User-Agent: supervive-loadout-shim

#96 21:51:10.883  GET /revival/loadout
    -> 200  (0s)
    User-Agent: supervive-loadout-shim

#97 21:51:11.179  GET /revival/loadout
    -> 200  (0s)
    User-Agent: supervive-loadout-shim

#98 21:51:11.394  GET /revival/loadout
    -> 200  (0s)
    User-Agent: supervive-loadout-shim

#99 21:51:11.590  GET /revival/loadout
    -> 200  (0s)
    User-Agent: supervive-loadout-shim

#100 21:51:11.788  GET /revival/loadout
    -> 200  (0s)
    User-Agent: supervive-loadout-shim

#101 21:51:11.982  GET /revival/loadout
    -> 200  (0s)
    User-Agent: supervive-loadout-shim

#102 21:51:12.167  GET /revival/loadout
    -> 200  (0s)
    User-Agent: supervive-loadout-shim

#103 21:51:12.352  GET /revival/loadout
    -> 200  (0s)
    User-Agent: supervive-loadout-shim

#104 21:51:12.544  GET /revival/loadout
    -> 200  (0s)
    User-Agent: supervive-loadout-shim

#105 21:51:12.728  GET /revival/loadout
    -> 200  (0s)
    User-Agent: supervive-loadout-shim

#106 21:51:12.955  GET /revival/loadout
    -> 200  (0s)
    User-Agent: supervive-loadout-shim

#107 21:51:13.240  GET /revival/loadout
    -> 200  (0s)
    User-Agent: supervive-loadout-shim

#108 21:51:13.581  GET /revival/loadout
    -> 200  (0s)
    User-Agent: supervive-loadout-shim

#109 21:51:13.773  GET /revival/loadout
    -> 200  (0s)
    User-Agent: supervive-loadout-shim

#110 21:51:13.959  GET /revival/loadout
    -> 200  (0s)
    User-Agent: supervive-loadout-shim

#111 21:51:14.140  GET /revival/loadout
    -> 200  (0s)
    User-Agent: supervive-loadout-shim

#112 21:51:14.349  GET /revival/loadout
    -> 200  (0s)
    User-Agent: supervive-loadout-shim

#113 21:51:14.552  GET /revival/loadout
    -> 200  (0s)
    User-Agent: supervive-loadout-shim

#114 21:51:14.734  GET /revival/loadout
    -> 200  (0s)
    User-Agent: supervive-loadout-shim

#115 21:51:14.939  GET /revival/loadout
    -> 200  (0s)
    User-Agent: supervive-loadout-shim

#116 21:51:15.141  GET /revival/loadout
    -> 200  (0s)
    User-Agent: supervive-loadout-shim

#117 21:51:15.355  GET /revival/loadout
    -> 200  (0s)
    User-Agent: supervive-loadout-shim

#118 21:51:15.793  GET /revival/loadout
    -> 200  (0s)
    User-Agent: supervive-loadout-shim

#119 21:51:15.983  GET /revival/loadout
    -> 200  (0s)
    User-Agent: supervive-loadout-shim

#120 21:51:16.177  GET /revival/loadout
    -> 200  (0s)
    User-Agent: supervive-loadout-shim

#121 21:51:16.422  GET /revival/loadout
    -> 200  (0s)
    User-Agent: supervive-loadout-shim

#122 21:51:16.617  GET /revival/loadout
    -> 200  (0s)
    User-Agent: supervive-loadout-shim

#123 21:51:16.805  GET /revival/loadout
    -> 200  (0s)
    User-Agent: supervive-loadout-shim

#124 21:51:16.987  GET /revival/loadout
    -> 200  (0s)
    User-Agent: supervive-loadout-shim

#125 21:51:17.172  GET /revival/loadout
    -> 200  (0s)
    User-Agent: supervive-loadout-shim

#126 21:51:17.359  GET /revival/loadout
    -> 200  (0s)
    User-Agent: supervive-loadout-shim

#127 21:51:17.571  GET /revival/loadout
    -> 200  (0s)
    User-Agent: supervive-loadout-shim

#128 21:51:17.808  GET /revival/loadout
    -> 200  (0s)
    User-Agent: supervive-loadout-shim

#129 21:51:17.942  GET /party/players/9b9d2c887e2524f918e383a895f2f1c2/voice
    -> 200  (0s)
    Authorization: Bearer eyJhbGciOiJSUzI1NiIsImtpZCI6InN1cGVydml2ZS1yZXZpdmFsLWtleS0xIiwidHlwIjoiSldUIn0.eyJiYW5zIjpbXSwiY2xpZW50X2lkIjoiYmE4ZmI1OWEzNGJiNDgxYWJjYTA4YzQ2YmE0ODgwMjUiLCJjb3VudHJ5IjoiVVMiLCJkaXNwbGF5X25hbWUiOiJSZXZpdmVyIiwiZXhwIjoxNzg2OTI5MjgzLCJpYXQiOjE3ODY4NDI4ODMsImlzX2NvbXBseSI6dHJ1ZSwiamZsZ3MiOjAsIm5hbWVzcGFjZSI6InN1cGVydml2ZSIsIm5iZiI6MTc4Njg0MjgyMywicGVybWlzc2lvbnMiOlt7IkFjdGlvbiI6MTUsIlJlc291cmNlIjoiTkFNRVNQQUNFOnN1cGVydml2ZToqIn0seyJBY3Rpb24iOjE1LCJSZXNvdXJjZSI6IkFETUlOOk5BTUVTUEFDRTpzdXBlcnZpdmU6KiJ9XSwicm9sZXMiOltdLCJzY29wZSI6ImNvbW1lcmNlIGFjY291bnQgc29jaWFsIHB1Ymxpc2hpbmcgYW5hbHl0aWNzIiwic3ViIjoiOWI5ZDJjODg3ZTI1MjRmOTE4ZTM4M2E4OTVmMmYxYzIiLCJ1bmlxdWVEaXNwbGF5TmFtZSI6IlJldml2ZXIjMDAwMSIsInVuaXF1ZV9kaXNwbGF5X25hbWUiOiJSZXZpdmVyIzAwMDEifQ.fv8xRcCKsGH-kO-Yy5UkjIPChaqt0XYnodWf6hdS9uvwgLBx_Gpa6LtecHNO-sBxhNPFiTKP9dX9Vt7yMu-Z2L8x2NIYZSvJXh40Ti4JY4OCIKzNCZ-YroW2-mPGnTu0jObkHPxrOs8nMbQ1S2Hi3HfrJfBHW0DD2Mm_lj8eplsA1NBAf-F9J2DlvHPr9kizT9wglS9ihvwZNO1BzZRUmktpPOIJ9CVv6co8pPXv-Wflq_6jaSTwOMwqVFHrCD8lO4aYOVGBrPvv5hex5JJgstKYqepEYKv8fxQNbyzSoWGDQOqnxcv5hsjkdXZI29YJnzEWQdRhUjt3Y6Bxnjgp-A
    User-Agent: Loki/UE5-CL-0 (http-legacy) Windows/10.0.19045.1.256.64bit
    Accept: */*
    X-Theorycraft-Clientversion: release2.4.live-156430-shipping

#130 21:51:18.023  GET /revival/loadout
    -> 200  (0s)
    User-Agent: supervive-loadout-shim

#131 21:51:18.271  GET /revival/loadout
    -> 200  (0s)
    User-Agent: supervive-loadout-shim

#132 21:51:18.486  GET /revival/loadout
    -> 200  (0s)
    User-Agent: supervive-loadout-shim

#133 21:51:18.702  GET /revival/loadout
    -> 200  (0s)
    User-Agent: supervive-loadout-shim

#134 21:51:18.875  GET /revival/loadout
    -> 200  (0s)
    User-Agent: supervive-loadout-shim

#135 21:51:19.055  GET /revival/loadout
    -> 200  (0s)
    User-Agent: supervive-loadout-shim

#136 21:51:19.269  GET /revival/loadout
    -> 200  (0s)
    User-Agent: supervive-loadout-shim

#137 21:51:19.455  GET /revival/loadout
    -> 200  (0s)
    User-Agent: supervive-loadout-shim

#138 21:51:19.658  GET /revival/loadout
    -> 200  (0s)
    User-Agent: supervive-loadout-shim

#139 21:51:19.854  GET /revival/loadout
    -> 200  (0s)
    User-Agent: supervive-loadout-shim

#140 21:51:20.049  GET /revival/loadout
    -> 200  (0s)
    User-Agent: supervive-loadout-shim

#141 21:51:20.233  GET /revival/loadout
    -> 200  (0s)
    User-Agent: supervive-loadout-shim

#142 21:51:20.412  GET /revival/loadout
    -> 200  (0s)
    User-Agent: supervive-loadout-shim

#143 21:51:20.545  GET /configuration/client?language=en
    -> 200  (0s)
    Accept: */*
    Authorization: Bearer eyJhbGciOiJSUzI1NiIsImtpZCI6InN1cGVydml2ZS1yZXZpdmFsLWtleS0xIiwidHlwIjoiSldUIn0.eyJiYW5zIjpbXSwiY2xpZW50X2lkIjoiYmE4ZmI1OWEzNGJiNDgxYWJjYTA4YzQ2YmE0ODgwMjUiLCJjb3VudHJ5IjoiVVMiLCJkaXNwbGF5X25hbWUiOiJSZXZpdmVyIiwiZXhwIjoxNzg2OTI5MjgzLCJpYXQiOjE3ODY4NDI4ODMsImlzX2NvbXBseSI6dHJ1ZSwiamZsZ3MiOjAsIm5hbWVzcGFjZSI6InN1cGVydml2ZSIsIm5iZiI6MTc4Njg0MjgyMywicGVybWlzc2lvbnMiOlt7IkFjdGlvbiI6MTUsIlJlc291cmNlIjoiTkFNRVNQQUNFOnN1cGVydml2ZToqIn0seyJBY3Rpb24iOjE1LCJSZXNvdXJjZSI6IkFETUlOOk5BTUVTUEFDRTpzdXBlcnZpdmU6KiJ9XSwicm9sZXMiOltdLCJzY29wZSI6ImNvbW1lcmNlIGFjY291bnQgc29jaWFsIHB1Ymxpc2hpbmcgYW5hbHl0aWNzIiwic3ViIjoiOWI5ZDJjODg3ZTI1MjRmOTE4ZTM4M2E4OTVmMmYxYzIiLCJ1bmlxdWVEaXNwbGF5TmFtZSI6IlJldml2ZXIjMDAwMSIsInVuaXF1ZV9kaXNwbGF5X25hbWUiOiJSZXZpdmVyIzAwMDEifQ.fv8xRcCKsGH-kO-Yy5UkjIPChaqt0XYnodWf6hdS9uvwgLBx_Gpa6LtecHNO-sBxhNPFiTKP9dX9Vt7yMu-Z2L8x2NIYZSvJXh40Ti4JY4OCIKzNCZ-YroW2-mPGnTu0jObkHPxrOs8nMbQ1S2Hi3HfrJfBHW0DD2Mm_lj8eplsA1NBAf-F9J2DlvHPr9kizT9wglS9ihvwZNO1BzZRUmktpPOIJ9CVv6co8pPXv-Wflq_6jaSTwOMwqVFHrCD8lO4aYOVGBrPvv5hex5JJgstKYqepEYKv8fxQNbyzSoWGDQOqnxcv5hsjkdXZI29YJnzEWQdRhUjt3Y6Bxnjgp-A
    User-Agent: Loki/UE5-CL-0 (http-legacy) Windows/10.0.19045.1.256.64bit
    X-Theorycraft-Clientversion: release2.4.live-156430-shipping

#144 21:51:20.616  GET /content-service/manifest/release2.4.live-156430-shipping?nonEnabledOnly=true
    -> 200  (0s)
    Accept: */*
    X-Theorycraft-Clientversion: release2.4.live-156430-shipping
    Authorization: Bearer eyJhbGciOiJSUzI1NiIsImtpZCI6InN1cGVydml2ZS1yZXZpdmFsLWtleS0xIiwidHlwIjoiSldUIn0.eyJiYW5zIjpbXSwiY2xpZW50X2lkIjoiYmE4ZmI1OWEzNGJiNDgxYWJjYTA4YzQ2YmE0ODgwMjUiLCJjb3VudHJ5IjoiVVMiLCJkaXNwbGF5X25hbWUiOiJSZXZpdmVyIiwiZXhwIjoxNzg2OTI5MjgzLCJpYXQiOjE3ODY4NDI4ODMsImlzX2NvbXBseSI6dHJ1ZSwiamZsZ3MiOjAsIm5hbWVzcGFjZSI6InN1cGVydml2ZSIsIm5iZiI6MTc4Njg0MjgyMywicGVybWlzc2lvbnMiOlt7IkFjdGlvbiI6MTUsIlJlc291cmNlIjoiTkFNRVNQQUNFOnN1cGVydml2ZToqIn0seyJBY3Rpb24iOjE1LCJSZXNvdXJjZSI6IkFETUlOOk5BTUVTUEFDRTpzdXBlcnZpdmU6KiJ9XSwicm9sZXMiOltdLCJzY29wZSI6ImNvbW1lcmNlIGFjY291bnQgc29jaWFsIHB1Ymxpc2hpbmcgYW5hbHl0aWNzIiwic3ViIjoiOWI5ZDJjODg3ZTI1MjRmOTE4ZTM4M2E4OTVmMmYxYzIiLCJ1bmlxdWVEaXNwbGF5TmFtZSI6IlJldml2ZXIjMDAwMSIsInVuaXF1ZV9kaXNwbGF5X25hbWUiOiJSZXZpdmVyIzAwMDEifQ.fv8xRcCKsGH-kO-Yy5UkjIPChaqt0XYnodWf6hdS9uvwgLBx_Gpa6LtecHNO-sBxhNPFiTKP9dX9Vt7yMu-Z2L8x2NIYZSvJXh40Ti4JY4OCIKzNCZ-YroW2-mPGnTu0jObkHPxrOs8nMbQ1S2Hi3HfrJfBHW0DD2Mm_lj8eplsA1NBAf-F9J2DlvHPr9kizT9wglS9ihvwZNO1BzZRUmktpPOIJ9CVv6co8pPXv-Wflq_6jaSTwOMwqVFHrCD8lO4aYOVGBrPvv5hex5JJgstKYqepEYKv8fxQNbyzSoWGDQOqnxcv5hsjkdXZI29YJnzEWQdRhUjt3Y6Bxnjgp-A
    User-Agent: Loki/UE5-CL-0 (http-legacy) Windows/10.0.19045.1.256.64bit

#145 21:51:20.616  GET /revival/loadout
    -> 200  (0s)
    User-Agent: supervive-loadout-shim

#146 21:51:20.821  GET /revival/loadout
    -> 200  (0s)
    User-Agent: supervive-loadout-shim

#147 21:51:21.109  GET /revival/loadout
    -> 200  (0s)
    User-Agent: supervive-loadout-shim

#148 21:51:21.310  GET /revival/loadout
    -> 200  (0s)
    User-Agent: supervive-loadout-shim

#149 21:51:21.505  GET /revival/loadout
    -> 200  (0s)
    User-Agent: supervive-loadout-shim

#150 21:51:21.694  GET /revival/loadout
    -> 200  (0s)
    User-Agent: supervive-loadout-shim

#151 21:51:21.898  GET /revival/loadout
    -> 200  (0s)
    User-Agent: supervive-loadout-shim

#152 21:51:22.089  GET /revival/loadout
    -> 200  (0s)
    User-Agent: supervive-loadout-shim

#153 21:51:22.290  GET /revival/loadout
    -> 200  (0s)
    User-Agent: supervive-loadout-shim

#154 21:51:22.557  GET /revival/loadout
    -> 200  (0s)
    User-Agent: supervive-loadout-shim

#155 21:51:22.771  GET /revival/loadout
    -> 200  (0s)
    User-Agent: supervive-loadout-shim

#156 21:51:22.958  GET /revival/loadout
    -> 200  (0s)
    User-Agent: supervive-loadout-shim

#157 21:51:23.161  GET /revival/loadout
    -> 200  (0s)
    User-Agent: supervive-loadout-shim

#158 21:51:23.352  GET /revival/loadout
    -> 200  (0s)
    User-Agent: supervive-loadout-shim

#159 21:51:23.552  GET /revival/loadout
    -> 200  (0s)
    User-Agent: supervive-loadout-shim

#160 21:51:23.788  GET /revival/loadout
    -> 200  (0s)
    User-Agent: supervive-loadout-shim

#161 21:51:23.999  GET /revival/loadout
    -> 200  (0s)
    User-Agent: supervive-loadout-shim

#162 21:51:24.196  GET /revival/loadout
    -> 200  (0s)
    User-Agent: supervive-loadout-shim

#163 21:51:24.394  GET /revival/loadout
    -> 200  (0s)
    User-Agent: supervive-loadout-shim

#164 21:51:24.679  GET /revival/loadout
    -> 200  (0s)
    User-Agent: supervive-loadout-shim

#165 21:51:24.693  GET /party/matchmaking/info
    -> 200  (0s)
    X-Theorycraft-Clientversion: release2.4.live-156430-shipping
    Accept: */*
    Authorization: Bearer eyJhbGciOiJSUzI1NiIsImtpZCI6InN1cGVydml2ZS1yZXZpdmFsLWtleS0xIiwidHlwIjoiSldUIn0.eyJiYW5zIjpbXSwiY2xpZW50X2lkIjoiYmE4ZmI1OWEzNGJiNDgxYWJjYTA4YzQ2YmE0ODgwMjUiLCJjb3VudHJ5IjoiVVMiLCJkaXNwbGF5X25hbWUiOiJSZXZpdmVyIiwiZXhwIjoxNzg2OTI5MjgzLCJpYXQiOjE3ODY4NDI4ODMsImlzX2NvbXBseSI6dHJ1ZSwiamZsZ3MiOjAsIm5hbWVzcGFjZSI6InN1cGVydml2ZSIsIm5iZiI6MTc4Njg0MjgyMywicGVybWlzc2lvbnMiOlt7IkFjdGlvbiI6MTUsIlJlc291cmNlIjoiTkFNRVNQQUNFOnN1cGVydml2ZToqIn0seyJBY3Rpb24iOjE1LCJSZXNvdXJjZSI6IkFETUlOOk5BTUVTUEFDRTpzdXBlcnZpdmU6KiJ9XSwicm9sZXMiOltdLCJzY29wZSI6ImNvbW1lcmNlIGFjY291bnQgc29jaWFsIHB1Ymxpc2hpbmcgYW5hbHl0aWNzIiwic3ViIjoiOWI5ZDJjODg3ZTI1MjRmOTE4ZTM4M2E4OTVmMmYxYzIiLCJ1bmlxdWVEaXNwbGF5TmFtZSI6IlJldml2ZXIjMDAwMSIsInVuaXF1ZV9kaXNwbGF5X25hbWUiOiJSZXZpdmVyIzAwMDEifQ.fv8xRcCKsGH-kO-Yy5UkjIPChaqt0XYnodWf6hdS9uvwgLBx_Gpa6LtecHNO-sBxhNPFiTKP9dX9Vt7yMu-Z2L8x2NIYZSvJXh40Ti4JY4OCIKzNCZ-YroW2-mPGnTu0jObkHPxrOs8nMbQ1S2Hi3HfrJfBHW0DD2Mm_lj8eplsA1NBAf-F9J2DlvHPr9kizT9wglS9ihvwZNO1BzZRUmktpPOIJ9CVv6co8pPXv-Wflq_6jaSTwOMwqVFHrCD8lO4aYOVGBrPvv5hex5JJgstKYqepEYKv8fxQNbyzSoWGDQOqnxcv5hsjkdXZI29YJnzEWQdRhUjt3Y6Bxnjgp-A
    User-Agent: Loki/UE5-CL-0 (http-legacy) Windows/10.0.19045.1.256.64bit

#166 21:51:24.865  GET /revival/loadout
    -> 200  (0s)
    User-Agent: supervive-loadout-shim

* 21:51:24.871  WS -> /notifications/players/9b9d2c887e2524f918e383a895f2f1c2 BINARY hb (proactive 30s keepalive)

* 21:51:24.907  WS <- /lobby TEXT ""

#167 21:51:25.053  GET /revival/loadout
    -> 200  (0s)
    User-Agent: supervive-loadout-shim

#168 21:51:25.246  GET /revival/loadout
    -> 200  (0s)
    User-Agent: supervive-loadout-shim

#169 21:51:25.440  GET /revival/loadout
    -> 200  (0s)
    User-Agent: supervive-loadout-shim

#170 21:51:25.640  GET /revival/loadout
    -> 200  (0s)
    User-Agent: supervive-loadout-shim

#171 21:51:25.828  GET /revival/loadout
    -> 200  (0s)
    User-Agent: supervive-loadout-shim

#172 21:51:26.023  GET /revival/loadout
    -> 200  (0s)
    User-Agent: supervive-loadout-shim

#173 21:51:26.219  GET /revival/loadout
    -> 200  (0s)
    User-Agent: supervive-loadout-shim

#174 21:51:26.420  GET /revival/loadout
    -> 200  (0s)
    User-Agent: supervive-loadout-shim

#175 21:51:26.609  GET /revival/loadout
    -> 200  (1ms)
    User-Agent: supervive-loadout-shim

#176 21:51:26.810  GET /revival/loadout
    -> 200  (0s)
    User-Agent: supervive-loadout-shim

#177 21:51:26.999  GET /revival/loadout
    -> 200  (0s)
    User-Agent: supervive-loadout-shim

#178 21:51:27.204  GET /revival/loadout
    -> 200  (0s)
    User-Agent: supervive-loadout-shim

#179 21:51:27.399  GET /revival/loadout
    -> 200  (0s)
    User-Agent: supervive-loadout-shim

#180 21:51:27.623  GET /revival/loadout
    -> 200  (0s)
    User-Agent: supervive-loadout-shim

#181 21:51:27.826  GET /revival/loadout
    -> 200  (0s)
    User-Agent: supervive-loadout-shim

#182 21:51:28.035  GET /revival/loadout
    -> 200  (0s)
    User-Agent: supervive-loadout-shim

#183 21:51:28.218  GET /revival/loadout
    -> 200  (0s)
    User-Agent: supervive-loadout-shim

#184 21:51:28.568  GET /revival/loadout
    -> 200  (0s)
    User-Agent: supervive-loadout-shim

#185 21:51:28.780  GET /revival/loadout
    -> 200  (0s)
    User-Agent: supervive-loadout-shim

#186 21:51:29.001  GET /revival/loadout
    -> 200  (0s)
    User-Agent: supervive-loadout-shim

#187 21:51:29.192  GET /revival/loadout
    -> 200  (0s)
    User-Agent: supervive-loadout-shim

#188 21:51:29.592  GET /revival/loadout
    -> 200  (0s)
    User-Agent: supervive-loadout-shim

#189 21:51:29.817  GET /revival/loadout
    -> 200  (0s)
    User-Agent: supervive-loadout-shim

#190 21:51:30.034  GET /revival/loadout
    -> 200  (0s)
    User-Agent: supervive-loadout-shim

#191 21:51:30.218  GET /revival/loadout
    -> 200  (0s)
    User-Agent: supervive-loadout-shim

#192 21:51:30.416  GET /revival/loadout
    -> 200  (0s)
    User-Agent: supervive-loadout-shim

#193 21:51:30.609  GET /revival/loadout
    -> 200  (0s)
    User-Agent: supervive-loadout-shim

#194 21:51:30.800  GET /revival/loadout
    -> 200  (0s)
    User-Agent: supervive-loadout-shim

#195 21:51:30.992  GET /revival/loadout
    -> 200  (0s)
    User-Agent: supervive-loadout-shim

#196 21:51:31.188  GET /revival/loadout
    -> 200  (0s)
    User-Agent: supervive-loadout-shim

#197 21:51:31.383  GET /revival/loadout
    -> 200  (0s)
    User-Agent: supervive-loadout-shim

#198 21:51:31.575  GET /revival/loadout
    -> 200  (0s)
    User-Agent: supervive-loadout-shim

#199 21:51:31.758  GET /revival/loadout
    -> 200  (0s)
    User-Agent: supervive-loadout-shim

#200 21:51:31.950  GET /revival/loadout
    -> 200  (0s)
    User-Agent: supervive-loadout-shim

#201 21:51:32.143  GET /revival/loadout
    -> 200  (0s)
    User-Agent: supervive-loadout-shim

#202 21:51:32.326  GET /revival/loadout
    -> 200  (0s)
    User-Agent: supervive-loadout-shim

#203 21:51:32.508  GET /revival/loadout
    -> 200  (0s)
    User-Agent: supervive-loadout-shim

#204 21:51:32.691  GET /revival/loadout
    -> 200  (0s)
    User-Agent: supervive-loadout-shim

#205 21:51:32.893  GET /revival/loadout
    -> 200  (0s)
    User-Agent: supervive-loadout-shim

#206 21:51:33.090  GET /revival/loadout
    -> 200  (0s)
    User-Agent: supervive-loadout-shim

#207 21:51:33.300  GET /revival/loadout
    -> 200  (0s)
    User-Agent: supervive-loadout-shim

#208 21:51:33.505  GET /revival/loadout
    -> 200  (0s)
    User-Agent: supervive-loadout-shim

#209 21:51:33.685  GET /revival/loadout
    -> 200  (0s)
    User-Agent: supervive-loadout-shim

#210 21:51:33.902  GET /revival/loadout
    -> 200  (0s)
    User-Agent: supervive-loadout-shim

#211 21:51:35.003  POST /party/parties/party-9b9d2c887e2524f918e383a895f2f1c2/members/9b9d2c887e2524f918e383a895f2f1c2/latencies
    -> 200  (0s)
    Accept: */*
    X-Theorycraft-Clientversion: release2.4.live-156430-shipping
    Authorization: Bearer eyJhbGciOiJSUzI1NiIsImtpZCI6InN1cGVydml2ZS1yZXZpdmFsLWtleS0xIiwidHlwIjoiSldUIn0.eyJiYW5zIjpbXSwiY2xpZW50X2lkIjoiYmE4ZmI1OWEzNGJiNDgxYWJjYTA4YzQ2YmE0ODgwMjUiLCJjb3VudHJ5IjoiVVMiLCJkaXNwbGF5X25hbWUiOiJSZXZpdmVyIiwiZXhwIjoxNzg2OTI5MjgzLCJpYXQiOjE3ODY4NDI4ODMsImlzX2NvbXBseSI6dHJ1ZSwiamZsZ3MiOjAsIm5hbWVzcGFjZSI6InN1cGVydml2ZSIsIm5iZiI6MTc4Njg0MjgyMywicGVybWlzc2lvbnMiOlt7IkFjdGlvbiI6MTUsIlJlc291cmNlIjoiTkFNRVNQQUNFOnN1cGVydml2ZToqIn0seyJBY3Rpb24iOjE1LCJSZXNvdXJjZSI6IkFETUlOOk5BTUVTUEFDRTpzdXBlcnZpdmU6KiJ9XSwicm9sZXMiOltdLCJzY29wZSI6ImNvbW1lcmNlIGFjY291bnQgc29jaWFsIHB1Ymxpc2hpbmcgYW5hbHl0aWNzIiwic3ViIjoiOWI5ZDJjODg3ZTI1MjRmOTE4ZTM4M2E4OTVmMmYxYzIiLCJ1bmlxdWVEaXNwbGF5TmFtZSI6IlJldml2ZXIjMDAwMSIsInVuaXF1ZV9kaXNwbGF5X25hbWUiOiJSZXZpdmVyIzAwMDEifQ.fv8xRcCKsGH-kO-Yy5UkjIPChaqt0XYnodWf6hdS9uvwgLBx_Gpa6LtecHNO-sBxhNPFiTKP9dX9Vt7yMu-Z2L8x2NIYZSvJXh40Ti4JY4OCIKzNCZ-YroW2-mPGnTu0jObkHPxrOs8nMbQ1S2Hi3HfrJfBHW0DD2Mm_lj8eplsA1NBAf-F9J2DlvHPr9kizT9wglS9ihvwZNO1BzZRUmktpPOIJ9CVv6co8pPXv-Wflq_6jaSTwOMwqVFHrCD8lO4aYOVGBrPvv5hex5JJgstKYqepEYKv8fxQNbyzSoWGDQOqnxcv5hsjkdXZI29YJnzEWQdRhUjt3Y6Bxnjgp-A
    Content-Type: application/json
    User-Agent: Loki/UE5-CL-0 (http-legacy) Windows/10.0.19045.1.256.64bit
    body: {"latencies":[{"host":"127.0.0.1","region":"us-east-1","route":"default","avgLatency":0}]}

#212 21:51:35.606  GET /revival/loadout
    -> 200  (0s)
    User-Agent: supervive-loadout-shim

#213 21:51:35.790  GET /revival/loadout
    -> 200  (0s)
    User-Agent: supervive-loadout-shim

#214 21:51:35.977  GET /revival/loadout
    -> 200  (0s)
    User-Agent: supervive-loadout-shim

#215 21:51:36.532  GET /revival/loadout
    -> 200  (0s)
    User-Agent: supervive-loadout-shim

#216 21:51:36.723  GET /revival/loadout
    -> 200  (0s)
    User-Agent: supervive-loadout-shim

#217 21:51:36.920  GET /revival/loadout
    -> 200  (0s)
    User-Agent: supervive-loadout-shim

#218 21:51:37.106  GET /revival/loadout
    -> 200  (0s)
    User-Agent: supervive-loadout-shim

#219 21:51:37.292  GET /revival/loadout
    -> 200  (0s)
    User-Agent: supervive-loadout-shim

#220 21:51:37.473  GET /revival/loadout
    -> 200  (0s)
    User-Agent: supervive-loadout-shim

#221 21:51:37.651  GET /revival/loadout
    -> 200  (0s)
    User-Agent: supervive-loadout-shim

#222 21:51:37.839  GET /revival/loadout
    -> 200  (0s)
    User-Agent: supervive-loadout-shim

#223 21:51:38.043  GET /revival/loadout
    -> 200  (0s)
    User-Agent: supervive-loadout-shim

#224 21:51:38.222  GET /revival/loadout
    -> 200  (0s)
    User-Agent: supervive-loadout-shim

#225 21:51:38.404  GET /revival/loadout
    -> 200  (0s)
    User-Agent: supervive-loadout-shim

#226 21:51:38.576  GET /revival/loadout
    -> 200  (0s)
    User-Agent: supervive-loadout-shim

#227 21:51:38.756  GET /revival/loadout
    -> 200  (0s)
    User-Agent: supervive-loadout-shim

#228 21:51:38.934  GET /revival/loadout
    -> 200  (0s)
    User-Agent: supervive-loadout-shim

#229 21:51:39.109  GET /revival/loadout
    -> 200  (0s)
    User-Agent: supervive-loadout-shim

#230 21:51:39.283  GET /revival/loadout
    -> 200  (0s)
    User-Agent: supervive-loadout-shim

#231 21:51:39.464  GET /revival/loadout
    -> 200  (0s)
    User-Agent: supervive-loadout-shim

#232 21:51:39.655  GET /revival/loadout
    -> 200  (0s)
    User-Agent: supervive-loadout-shim

#233 21:51:39.833  GET /revival/loadout
    -> 200  (0s)
    User-Agent: supervive-loadout-shim

#234 21:51:40.009  GET /revival/loadout
    -> 200  (0s)
    User-Agent: supervive-loadout-shim

#235 21:51:40.183  GET /revival/loadout
    -> 200  (0s)
    User-Agent: supervive-loadout-shim

#236 21:51:40.361  GET /revival/loadout
    -> 200  (0s)
    User-Agent: supervive-loadout-shim

#237 21:51:40.542  GET /revival/loadout
    -> 200  (0s)
    User-Agent: supervive-loadout-shim

#238 21:51:40.725  GET /revival/loadout
    -> 200  (0s)
    User-Agent: supervive-loadout-shim

#239 21:51:40.900  GET /revival/loadout
    -> 200  (0s)
    User-Agent: supervive-loadout-shim

#240 21:51:41.087  GET /revival/loadout
    -> 200  (0s)
    User-Agent: supervive-loadout-shim

#241 21:51:41.268  GET /revival/loadout
    -> 200  (0s)
    User-Agent: supervive-loadout-shim

#242 21:51:41.453  GET /revival/loadout
    -> 200  (0s)
    User-Agent: supervive-loadout-shim

#243 21:51:41.632  GET /revival/loadout
    -> 200  (0s)
    User-Agent: supervive-loadout-shim

#244 21:51:41.685  POST /game-telemetry/v1/protected/events
    -> 200  (0s)
    Content-Type: application/json
    Authorization: Bearer eyJhbGciOiJSUzI1NiIsImtpZCI6InN1cGVydml2ZS1yZXZpdmFsLWtleS0xIiwidHlwIjoiSldUIn0.eyJiYW5zIjpbXSwiY2xpZW50X2lkIjoiYmE4ZmI1OWEzNGJiNDgxYWJjYTA4YzQ2YmE0ODgwMjUiLCJjb3VudHJ5IjoiVVMiLCJkaXNwbGF5X25hbWUiOiJSZXZpdmVyIiwiZXhwIjoxNzg2OTI5MjgzLCJpYXQiOjE3ODY4NDI4ODMsImlzX2NvbXBseSI6dHJ1ZSwiamZsZ3MiOjAsIm5hbWVzcGFjZSI6InN1cGVydml2ZSIsIm5iZiI6MTc4Njg0MjgyMywicGVybWlzc2lvbnMiOlt7IkFjdGlvbiI6MTUsIlJlc291cmNlIjoiTkFNRVNQQUNFOnN1cGVydml2ZToqIn0seyJBY3Rpb24iOjE1LCJSZXNvdXJjZSI6IkFETUlOOk5BTUVTUEFDRTpzdXBlcnZpdmU6KiJ9XSwicm9sZXMiOltdLCJzY29wZSI6ImNvbW1lcmNlIGFjY291bnQgc29jaWFsIHB1Ymxpc2hpbmcgYW5hbHl0aWNzIiwic3ViIjoiOWI5ZDJjODg3ZTI1MjRmOTE4ZTM4M2E4OTVmMmYxYzIiLCJ1bmlxdWVEaXNwbGF5TmFtZSI6IlJldml2ZXIjMDAwMSIsInVuaXF1ZV9kaXNwbGF5X25hbWUiOiJSZXZpdmVyIzAwMDEifQ.fv8xRcCKsGH-kO-Yy5UkjIPChaqt0XYnodWf6hdS9uvwgLBx_Gpa6LtecHNO-sBxhNPFiTKP9dX9Vt7yMu-Z2L8x2NIYZSvJXh40Ti4JY4OCIKzNCZ-YroW2-mPGnTu0jObkHPxrOs8nMbQ1S2Hi3HfrJfBHW0DD2Mm_lj8eplsA1NBAf-F9J2DlvHPr9kizT9wglS9ihvwZNO1BzZRUmktpPOIJ9CVv6co8pPXv-Wflq_6jaSTwOMwqVFHrCD8lO4aYOVGBrPvv5hex5JJgstKYqepEYKv8fxQNbyzSoWGDQOqnxcv5hsjkdXZI29YJnzEWQdRhUjt3Y6Bxnjgp-A
    Accept: application/json
    Game-Client-Version: 1.0.0.0
    User-Agent: Loki/UE5-CL-0 (http-legacy) Windows/10.0.19045.1.256.64bit
    body: [
	{
		"EventNamespace": "loki",
		"EventName": "client_network_samples_snapshot",
		"Payload":
		{
			"sessionId": "96103a7341a019677b2c239ad381e488",
			"PlayerId": "9b9d2c887e2524f918e383a895f2f1c2",
			"timestamp": "2026-08-16T02:50:47.759Z",
			"inAveragePacketLoss": 0,
			"outAveragePacketLoss": 0,
			"HardwareId": "c1795a173f53c6f72e8b0125f11309c6"
		},
		"ClientTimestamp": "2026-08-16T02:51:40.260Z",
		"flightId": "fe0275c749fce947c3902a860f491a1d",
		"DeviceType": "Windows"
	}
]

#245 21:51:41.809  GET /revival/loadout
    -> 200  (0s)
    User-Agent: supervive-loadout-shim

#246 21:51:41.992  GET /revival/loadout
    -> 200  (0s)
    User-Agent: supervive-loadout-shim

#247 21:51:42.180  GET /revival/loadout
    -> 200  (0s)
    User-Agent: supervive-loadout-shim

#248 21:51:42.371  GET /revival/loadout
    -> 200  (0s)
    User-Agent: supervive-loadout-shim

#249 21:51:42.563  GET /revival/loadout
    -> 200  (0s)
    User-Agent: supervive-loadout-shim

#250 21:51:42.767  GET /revival/loadout
    -> 200  (0s)
    User-Agent: supervive-loadout-shim

#251 21:51:42.980  GET /revival/loadout
    -> 200  (0s)
    User-Agent: supervive-loadout-shim

#252 21:51:43.167  GET /revival/loadout
    -> 200  (0s)
    User-Agent: supervive-loadout-shim

#253 21:51:43.350  GET /revival/loadout
    -> 200  (0s)
    User-Agent: supervive-loadout-shim

#254 21:51:43.565  GET /revival/loadout
    -> 200  (0s)
    User-Agent: supervive-loadout-shim

#255 21:51:43.789  GET /revival/loadout
    -> 200  (0s)
    User-Agent: supervive-loadout-shim

#256 21:51:43.983  GET /revival/loadout
    -> 200  (0s)
    User-Agent: supervive-loadout-shim

#257 21:51:44.183  GET /revival/loadout
    -> 200  (0s)
    User-Agent: supervive-loadout-shim

#258 21:51:44.380  GET /revival/loadout
    -> 200  (0s)
    User-Agent: supervive-loadout-shim

#259 21:51:44.565  GET /revival/loadout
    -> 200  (0s)
    User-Agent: supervive-loadout-shim

#260 21:51:44.771  GET /revival/loadout
    -> 200  (0s)
    User-Agent: supervive-loadout-shim

#261 21:51:44.970  GET /revival/loadout
    -> 200  (0s)
    User-Agent: supervive-loadout-shim

#262 21:51:45.171  GET /revival/loadout
    -> 200  (0s)
    User-Agent: supervive-loadout-shim

#263 21:51:45.406  GET /revival/loadout
    -> 200  (0s)
    User-Agent: supervive-loadout-shim

#264 21:51:45.630  GET /revival/loadout
    -> 200  (0s)
    User-Agent: supervive-loadout-shim

#265 21:51:45.830  GET /revival/loadout
    -> 200  (0s)
    User-Agent: supervive-loadout-shim

#266 21:51:46.021  GET /revival/loadout
    -> 200  (0s)
    User-Agent: supervive-loadout-shim

#267 21:51:46.211  GET /revival/loadout
    -> 200  (0s)
    User-Agent: supervive-loadout-shim

#268 21:51:46.395  GET /revival/loadout
    -> 200  (0s)
    User-Agent: supervive-loadout-shim

#269 21:51:46.594  GET /revival/loadout
    -> 200  (1ms)
    User-Agent: supervive-loadout-shim

#270 21:51:46.785  GET /revival/loadout
    -> 200  (0s)
    User-Agent: supervive-loadout-shim

#271 21:51:47.152  GET /revival/loadout
    -> 200  (0s)
    User-Agent: supervive-loadout-shim

#272 21:51:47.348  GET /revival/loadout
    -> 200  (0s)
    User-Agent: supervive-loadout-shim

#273 21:51:47.535  GET /revival/loadout
    -> 200  (0s)
    User-Agent: supervive-loadout-shim

#274 21:51:47.727  GET /revival/loadout
    -> 200  (0s)
    User-Agent: supervive-loadout-shim

#275 21:51:47.910  GET /revival/loadout
    -> 200  (0s)
    User-Agent: supervive-loadout-shim

#276 21:51:48.115  GET /revival/loadout
    -> 200  (0s)
    User-Agent: supervive-loadout-shim

#277 21:51:48.302  GET /revival/loadout
    -> 200  (0s)
    User-Agent: supervive-loadout-shim

#278 21:51:48.494  GET /revival/loadout
    -> 200  (0s)
    User-Agent: supervive-loadout-shim

#279 21:51:48.699  GET /revival/loadout
    -> 200  (0s)
    User-Agent: supervive-loadout-shim

#280 21:51:48.890  GET /revival/loadout
    -> 200  (0s)
    User-Agent: supervive-loadout-shim

#281 21:51:49.090  GET /revival/loadout
    -> 200  (0s)
    User-Agent: supervive-loadout-shim

#282 21:51:49.285  GET /revival/loadout
    -> 200  (0s)
    User-Agent: supervive-loadout-shim

#283 21:51:49.307  GET /party/players/9b9d2c887e2524f918e383a895f2f1c2/voice
    -> 200  (0s)
    Accept: */*
    X-Theorycraft-Clientversion: release2.4.live-156430-shipping
    Authorization: Bearer eyJhbGciOiJSUzI1NiIsImtpZCI6InN1cGVydml2ZS1yZXZpdmFsLWtleS0xIiwidHlwIjoiSldUIn0.eyJiYW5zIjpbXSwiY2xpZW50X2lkIjoiYmE4ZmI1OWEzNGJiNDgxYWJjYTA4YzQ2YmE0ODgwMjUiLCJjb3VudHJ5IjoiVVMiLCJkaXNwbGF5X25hbWUiOiJSZXZpdmVyIiwiZXhwIjoxNzg2OTI5MjgzLCJpYXQiOjE3ODY4NDI4ODMsImlzX2NvbXBseSI6dHJ1ZSwiamZsZ3MiOjAsIm5hbWVzcGFjZSI6InN1cGVydml2ZSIsIm5iZiI6MTc4Njg0MjgyMywicGVybWlzc2lvbnMiOlt7IkFjdGlvbiI6MTUsIlJlc291cmNlIjoiTkFNRVNQQUNFOnN1cGVydml2ZToqIn0seyJBY3Rpb24iOjE1LCJSZXNvdXJjZSI6IkFETUlOOk5BTUVTUEFDRTpzdXBlcnZpdmU6KiJ9XSwicm9sZXMiOltdLCJzY29wZSI6ImNvbW1lcmNlIGFjY291bnQgc29jaWFsIHB1Ymxpc2hpbmcgYW5hbHl0aWNzIiwic3ViIjoiOWI5ZDJjODg3ZTI1MjRmOTE4ZTM4M2E4OTVmMmYxYzIiLCJ1bmlxdWVEaXNwbGF5TmFtZSI6IlJldml2ZXIjMDAwMSIsInVuaXF1ZV9kaXNwbGF5X25hbWUiOiJSZXZpdmVyIzAwMDEifQ.fv8xRcCKsGH-kO-Yy5UkjIPChaqt0XYnodWf6hdS9uvwgLBx_Gpa6LtecHNO-sBxhNPFiTKP9dX9Vt7yMu-Z2L8x2NIYZSvJXh40Ti4JY4OCIKzNCZ-YroW2-mPGnTu0jObkHPxrOs8nMbQ1S2Hi3HfrJfBHW0DD2Mm_lj8eplsA1NBAf-F9J2DlvHPr9kizT9wglS9ihvwZNO1BzZRUmktpPOIJ9CVv6co8pPXv-Wflq_6jaSTwOMwqVFHrCD8lO4aYOVGBrPvv5hex5JJgstKYqepEYKv8fxQNbyzSoWGDQOqnxcv5hsjkdXZI29YJnzEWQdRhUjt3Y6Bxnjgp-A
    User-Agent: Loki/UE5-CL-0 (http-legacy) Windows/10.0.19045.1.256.64bit

#284 21:51:49.477  GET /revival/loadout
    -> 200  (0s)
    User-Agent: supervive-loadout-shim

* 21:51:49.681  WS <- /notifications/players/9b9d2c887e2524f918e383a895f2f1c2 BINARY (2 bytes) 6862

#285 21:51:49.691  GET /revival/loadout
    -> 200  (0s)
    User-Agent: supervive-loadout-shim

* 21:51:49.724  WS -> /notifications/players/9b9d2c887e2524f918e383a895f2f1c2 TEXT hb reply {"Resource":"hb","Version":0,"Payload":""}

#286 21:51:49.940  GET /revival/loadout
    -> 200  (0s)
    User-Agent: supervive-loadout-shim

#287 21:51:50.130  GET /revival/loadout
    -> 200  (0s)
    User-Agent: supervive-loadout-shim

#288 21:51:50.331  GET /revival/loadout
    -> 200  (0s)
    User-Agent: supervive-loadout-shim

#289 21:51:50.519  GET /revival/loadout
    -> 200  (0s)
    User-Agent: supervive-loadout-shim

#290 21:51:50.539  GET /configuration/client?language=en
    -> 200  (0s)
    User-Agent: Loki/UE5-CL-0 (http-legacy) Windows/10.0.19045.1.256.64bit
    X-Theorycraft-Clientversion: release2.4.live-156430-shipping
    Authorization: Bearer eyJhbGciOiJSUzI1NiIsImtpZCI6InN1cGVydml2ZS1yZXZpdmFsLWtleS0xIiwidHlwIjoiSldUIn0.eyJiYW5zIjpbXSwiY2xpZW50X2lkIjoiYmE4ZmI1OWEzNGJiNDgxYWJjYTA4YzQ2YmE0ODgwMjUiLCJjb3VudHJ5IjoiVVMiLCJkaXNwbGF5X25hbWUiOiJSZXZpdmVyIiwiZXhwIjoxNzg2OTI5MjgzLCJpYXQiOjE3ODY4NDI4ODMsImlzX2NvbXBseSI6dHJ1ZSwiamZsZ3MiOjAsIm5hbWVzcGFjZSI6InN1cGVydml2ZSIsIm5iZiI6MTc4Njg0MjgyMywicGVybWlzc2lvbnMiOlt7IkFjdGlvbiI6MTUsIlJlc291cmNlIjoiTkFNRVNQQUNFOnN1cGVydml2ZToqIn0seyJBY3Rpb24iOjE1LCJSZXNvdXJjZSI6IkFETUlOOk5BTUVTUEFDRTpzdXBlcnZpdmU6KiJ9XSwicm9sZXMiOltdLCJzY29wZSI6ImNvbW1lcmNlIGFjY291bnQgc29jaWFsIHB1Ymxpc2hpbmcgYW5hbHl0aWNzIiwic3ViIjoiOWI5ZDJjODg3ZTI1MjRmOTE4ZTM4M2E4OTVmMmYxYzIiLCJ1bmlxdWVEaXNwbGF5TmFtZSI6IlJldml2ZXIjMDAwMSIsInVuaXF1ZV9kaXNwbGF5X25hbWUiOiJSZXZpdmVyIzAwMDEifQ.fv8xRcCKsGH-kO-Yy5UkjIPChaqt0XYnodWf6hdS9uvwgLBx_Gpa6LtecHNO-sBxhNPFiTKP9dX9Vt7yMu-Z2L8x2NIYZSvJXh40Ti4JY4OCIKzNCZ-YroW2-mPGnTu0jObkHPxrOs8nMbQ1S2Hi3HfrJfBHW0DD2Mm_lj8eplsA1NBAf-F9J2DlvHPr9kizT9wglS9ihvwZNO1BzZRUmktpPOIJ9CVv6co8pPXv-Wflq_6jaSTwOMwqVFHrCD8lO4aYOVGBrPvv5hex5JJgstKYqepEYKv8fxQNbyzSoWGDQOqnxcv5hsjkdXZI29YJnzEWQdRhUjt3Y6Bxnjgp-A
    Accept: */*

#291 21:51:50.582  GET /content-service/manifest/release2.4.live-156430-shipping?nonEnabledOnly=true
    -> 200  (0s)
    X-Theorycraft-Clientversion: release2.4.live-156430-shipping
    Authorization: Bearer eyJhbGciOiJSUzI1NiIsImtpZCI6InN1cGVydml2ZS1yZXZpdmFsLWtleS0xIiwidHlwIjoiSldUIn0.eyJiYW5zIjpbXSwiY2xpZW50X2lkIjoiYmE4ZmI1OWEzNGJiNDgxYWJjYTA4YzQ2YmE0ODgwMjUiLCJjb3VudHJ5IjoiVVMiLCJkaXNwbGF5X25hbWUiOiJSZXZpdmVyIiwiZXhwIjoxNzg2OTI5MjgzLCJpYXQiOjE3ODY4NDI4ODMsImlzX2NvbXBseSI6dHJ1ZSwiamZsZ3MiOjAsIm5hbWVzcGFjZSI6InN1cGVydml2ZSIsIm5iZiI6MTc4Njg0MjgyMywicGVybWlzc2lvbnMiOlt7IkFjdGlvbiI6MTUsIlJlc291cmNlIjoiTkFNRVNQQUNFOnN1cGVydml2ZToqIn0seyJBY3Rpb24iOjE1LCJSZXNvdXJjZSI6IkFETUlOOk5BTUVTUEFDRTpzdXBlcnZpdmU6KiJ9XSwicm9sZXMiOltdLCJzY29wZSI6ImNvbW1lcmNlIGFjY291bnQgc29jaWFsIHB1Ymxpc2hpbmcgYW5hbHl0aWNzIiwic3ViIjoiOWI5ZDJjODg3ZTI1MjRmOTE4ZTM4M2E4OTVmMmYxYzIiLCJ1bmlxdWVEaXNwbGF5TmFtZSI6IlJldml2ZXIjMDAwMSIsInVuaXF1ZV9kaXNwbGF5X25hbWUiOiJSZXZpdmVyIzAwMDEifQ.fv8xRcCKsGH-kO-Yy5UkjIPChaqt0XYnodWf6hdS9uvwgLBx_Gpa6LtecHNO-sBxhNPFiTKP9dX9Vt7yMu-Z2L8x2NIYZSvJXh40Ti4JY4OCIKzNCZ-YroW2-mPGnTu0jObkHPxrOs8nMbQ1S2Hi3HfrJfBHW0DD2Mm_lj8eplsA1NBAf-F9J2DlvHPr9kizT9wglS9ihvwZNO1BzZRUmktpPOIJ9CVv6co8pPXv-Wflq_6jaSTwOMwqVFHrCD8lO4aYOVGBrPvv5hex5JJgstKYqepEYKv8fxQNbyzSoWGDQOqnxcv5hsjkdXZI29YJnzEWQdRhUjt3Y6Bxnjgp-A
    User-Agent: Loki/UE5-CL-0 (http-legacy) Windows/10.0.19045.1.256.64bit
    Accept: */*

#292 21:51:50.713  GET /revival/loadout
    -> 200  (0s)
    User-Agent: supervive-loadout-shim

#293 21:51:50.895  GET /revival/loadout
    -> 200  (0s)
    User-Agent: supervive-loadout-shim

#294 21:51:51.093  GET /revival/loadout
    -> 200  (0s)
    User-Agent: supervive-loadout-shim

#295 21:51:51.287  GET /revival/loadout
    -> 200  (0s)
    User-Agent: supervive-loadout-shim

#296 21:51:51.479  GET /revival/loadout
    -> 200  (0s)
    User-Agent: supervive-loadout-shim

#297 21:51:51.681  GET /revival/loadout
    -> 200  (0s)
    User-Agent: supervive-loadout-shim

#298 21:51:51.875  GET /revival/loadout
    -> 200  (0s)
    User-Agent: supervive-loadout-shim

#299 21:51:52.054  GET /revival/loadout
    -> 200  (0s)
    User-Agent: supervive-loadout-shim

#300 21:51:52.233  GET /revival/loadout
    -> 200  (0s)
    User-Agent: supervive-loadout-shim

#301 21:51:52.424  GET /revival/loadout
    -> 200  (0s)
    User-Agent: supervive-loadout-shim

#302 21:51:52.604  GET /revival/loadout
    -> 200  (0s)
    User-Agent: supervive-loadout-shim

#303 21:51:52.808  GET /revival/loadout
    -> 200  (0s)
    User-Agent: supervive-loadout-shim

#304 21:51:53.021  GET /revival/loadout
    -> 200  (0s)
    User-Agent: supervive-loadout-shim

#305 21:51:53.249  GET /revival/loadout
    -> 200  (0s)
    User-Agent: supervive-loadout-shim

#306 21:51:53.441  GET /revival/loadout
    -> 200  (0s)
    User-Agent: supervive-loadout-shim

#307 21:51:53.630  GET /revival/loadout
    -> 200  (0s)
    User-Agent: supervive-loadout-shim

#308 21:51:53.842  GET /revival/loadout
    -> 200  (0s)
    User-Agent: supervive-loadout-shim

#309 21:51:54.030  GET /revival/loadout
    -> 200  (0s)
    User-Agent: supervive-loadout-shim

#310 21:51:54.242  GET /revival/loadout
    -> 200  (0s)
    User-Agent: supervive-loadout-shim

#311 21:51:54.436  GET /revival/loadout
    -> 200  (0s)
    User-Agent: supervive-loadout-shim

#312 21:51:54.637  GET /revival/loadout
    -> 200  (0s)
    User-Agent: supervive-loadout-shim

#313 21:51:54.663  GET /party/matchmaking/info
    -> 200  (0s)
    Accept: */*
    X-Theorycraft-Clientversion: release2.4.live-156430-shipping
    Authorization: Bearer eyJhbGciOiJSUzI1NiIsImtpZCI6InN1cGVydml2ZS1yZXZpdmFsLWtleS0xIiwidHlwIjoiSldUIn0.eyJiYW5zIjpbXSwiY2xpZW50X2lkIjoiYmE4ZmI1OWEzNGJiNDgxYWJjYTA4YzQ2YmE0ODgwMjUiLCJjb3VudHJ5IjoiVVMiLCJkaXNwbGF5X25hbWUiOiJSZXZpdmVyIiwiZXhwIjoxNzg2OTI5MjgzLCJpYXQiOjE3ODY4NDI4ODMsImlzX2NvbXBseSI6dHJ1ZSwiamZsZ3MiOjAsIm5hbWVzcGFjZSI6InN1cGVydml2ZSIsIm5iZiI6MTc4Njg0MjgyMywicGVybWlzc2lvbnMiOlt7IkFjdGlvbiI6MTUsIlJlc291cmNlIjoiTkFNRVNQQUNFOnN1cGVydml2ZToqIn0seyJBY3Rpb24iOjE1LCJSZXNvdXJjZSI6IkFETUlOOk5BTUVTUEFDRTpzdXBlcnZpdmU6KiJ9XSwicm9sZXMiOltdLCJzY29wZSI6ImNvbW1lcmNlIGFjY291bnQgc29jaWFsIHB1Ymxpc2hpbmcgYW5hbHl0aWNzIiwic3ViIjoiOWI5ZDJjODg3ZTI1MjRmOTE4ZTM4M2E4OTVmMmYxYzIiLCJ1bmlxdWVEaXNwbGF5TmFtZSI6IlJldml2ZXIjMDAwMSIsInVuaXF1ZV9kaXNwbGF5X25hbWUiOiJSZXZpdmVyIzAwMDEifQ.fv8xRcCKsGH-kO-Yy5UkjIPChaqt0XYnodWf6hdS9uvwgLBx_Gpa6LtecHNO-sBxhNPFiTKP9dX9Vt7yMu-Z2L8x2NIYZSvJXh40Ti4JY4OCIKzNCZ-YroW2-mPGnTu0jObkHPxrOs8nMbQ1S2Hi3HfrJfBHW0DD2Mm_lj8eplsA1NBAf-F9J2DlvHPr9kizT9wglS9ihvwZNO1BzZRUmktpPOIJ9CVv6co8pPXv-Wflq_6jaSTwOMwqVFHrCD8lO4aYOVGBrPvv5hex5JJgstKYqepEYKv8fxQNbyzSoWGDQOqnxcv5hsjkdXZI29YJnzEWQdRhUjt3Y6Bxnjgp-A
    User-Agent: Loki/UE5-CL-0 (http-legacy) Windows/10.0.19045.1.256.64bit

#314 21:51:54.663  GET /core-game/regions
    -> 200  (0s)
    Accept: */*
    X-Theorycraft-Clientversion: release2.4.live-156430-shipping
    Authorization: Bearer eyJhbGciOiJSUzI1NiIsImtpZCI6InN1cGVydml2ZS1yZXZpdmFsLWtleS0xIiwidHlwIjoiSldUIn0.eyJiYW5zIjpbXSwiY2xpZW50X2lkIjoiYmE4ZmI1OWEzNGJiNDgxYWJjYTA4YzQ2YmE0ODgwMjUiLCJjb3VudHJ5IjoiVVMiLCJkaXNwbGF5X25hbWUiOiJSZXZpdmVyIiwiZXhwIjoxNzg2OTI5MjgzLCJpYXQiOjE3ODY4NDI4ODMsImlzX2NvbXBseSI6dHJ1ZSwiamZsZ3MiOjAsIm5hbWVzcGFjZSI6InN1cGVydml2ZSIsIm5iZiI6MTc4Njg0MjgyMywicGVybWlzc2lvbnMiOlt7IkFjdGlvbiI6MTUsIlJlc291cmNlIjoiTkFNRVNQQUNFOnN1cGVydml2ZToqIn0seyJBY3Rpb24iOjE1LCJSZXNvdXJjZSI6IkFETUlOOk5BTUVTUEFDRTpzdXBlcnZpdmU6KiJ9XSwicm9sZXMiOltdLCJzY29wZSI6ImNvbW1lcmNlIGFjY291bnQgc29jaWFsIHB1Ymxpc2hpbmcgYW5hbHl0aWNzIiwic3ViIjoiOWI5ZDJjODg3ZTI1MjRmOTE4ZTM4M2E4OTVmMmYxYzIiLCJ1bmlxdWVEaXNwbGF5TmFtZSI6IlJldml2ZXIjMDAwMSIsInVuaXF1ZV9kaXNwbGF5X25hbWUiOiJSZXZpdmVyIzAwMDEifQ.fv8xRcCKsGH-kO-Yy5UkjIPChaqt0XYnodWf6hdS9uvwgLBx_Gpa6LtecHNO-sBxhNPFiTKP9dX9Vt7yMu-Z2L8x2NIYZSvJXh40Ti4JY4OCIKzNCZ-YroW2-mPGnTu0jObkHPxrOs8nMbQ1S2Hi3HfrJfBHW0DD2Mm_lj8eplsA1NBAf-F9J2DlvHPr9kizT9wglS9ihvwZNO1BzZRUmktpPOIJ9CVv6co8pPXv-Wflq_6jaSTwOMwqVFHrCD8lO4aYOVGBrPvv5hex5JJgstKYqepEYKv8fxQNbyzSoWGDQOqnxcv5hsjkdXZI29YJnzEWQdRhUjt3Y6Bxnjgp-A
    User-Agent: Loki/UE5-CL-0 (http-legacy) Windows/10.0.19045.1.256.64bit

#315 21:51:54.812  GET /revival/loadout
    -> 200  (1ms)
    User-Agent: supervive-loadout-shim

#316 21:51:55.012  GET /revival/loadout
    -> 200  (0s)
    User-Agent: supervive-loadout-shim

* 21:51:55.032  WS <- /lobby TEXT ""

#317 21:51:55.195  GET /revival/loadout
    -> 200  (0s)
    User-Agent: supervive-loadout-shim

#318 21:51:55.380  GET /revival/loadout
    -> 200  (0s)
    User-Agent: supervive-loadout-shim

#319 21:51:55.578  GET /revival/loadout
    -> 200  (0s)
    User-Agent: supervive-loadout-shim

#320 21:51:55.912  GET /revival/loadout
    -> 200  (0s)
    User-Agent: supervive-loadout-shim

#321 21:51:56.122  GET /revival/loadout
    -> 200  (0s)
    User-Agent: supervive-loadout-shim

#322 21:51:56.308  GET /revival/loadout
    -> 200  (0s)
    User-Agent: supervive-loadout-shim

#323 21:51:56.618  GET /revival/loadout
    -> 200  (0s)
    User-Agent: supervive-loadout-shim

#324 21:51:56.879  GET /revival/loadout
    -> 200  (0s)
    User-Agent: supervive-loadout-shim

#325 21:51:57.124  GET /revival/loadout
    -> 200  (0s)
    User-Agent: supervive-loadout-shim

#326 21:51:57.378  GET /revival/loadout
    -> 200  (0s)
    User-Agent: supervive-loadout-shim

#327 21:51:57.615  GET /revival/loadout
    -> 200  (0s)
    User-Agent: supervive-loadout-shim

#328 21:51:57.823  GET /revival/loadout
    -> 200  (0s)
    User-Agent: supervive-loadout-shim

#329 21:51:58.008  GET /revival/loadout
    -> 200  (0s)
    User-Agent: supervive-loadout-shim

#330 21:51:58.209  GET /revival/loadout
    -> 200  (0s)
    User-Agent: supervive-loadout-shim

#331 21:51:58.413  GET /revival/loadout
    -> 200  (0s)
    User-Agent: supervive-loadout-shim

#332 21:51:58.608  GET /revival/loadout
    -> 200  (0s)
    User-Agent: supervive-loadout-shim

#333 21:51:58.798  GET /revival/loadout
    -> 200  (0s)
    User-Agent: supervive-loadout-shim

#334 21:51:58.987  GET /revival/loadout
    -> 200  (0s)
    User-Agent: supervive-loadout-shim

#335 21:51:59.167  GET /revival/loadout
    -> 200  (0s)
    User-Agent: supervive-loadout-shim

#336 21:51:59.350  GET /revival/loadout
    -> 200  (1ms)
    User-Agent: supervive-loadout-shim

#337 21:51:59.536  GET /revival/loadout
    -> 200  (0s)
    User-Agent: supervive-loadout-shim

#338 21:51:59.718  GET /revival/loadout
    -> 200  (0s)
    User-Agent: supervive-loadout-shim

#339 21:51:59.904  GET /revival/loadout
    -> 200  (0s)
    User-Agent: supervive-loadout-shim

#340 21:52:00.087  GET /revival/loadout
    -> 200  (0s)
    User-Agent: supervive-loadout-shim

#341 21:52:00.270  GET /revival/loadout
    -> 200  (0s)
    User-Agent: supervive-loadout-shim

#342 21:52:00.444  GET /revival/loadout
    -> 200  (0s)
    User-Agent: supervive-loadout-shim

#343 21:52:00.638  GET /revival/loadout
    -> 200  (0s)
    User-Agent: supervive-loadout-shim

#344 21:52:00.823  GET /revival/loadout
    -> 200  (0s)
    User-Agent: supervive-loadout-shim

#345 21:52:01.003  GET /revival/loadout
    -> 200  (0s)
    User-Agent: supervive-loadout-shim

#346 21:52:01.184  GET /revival/loadout
    -> 200  (0s)
    User-Agent: supervive-loadout-shim

#347 21:52:01.371  GET /revival/loadout
    -> 200  (0s)
    User-Agent: supervive-loadout-shim

#348 21:52:01.552  GET /revival/loadout
    -> 200  (0s)
    User-Agent: supervive-loadout-shim

#349 21:52:01.729  GET /revival/loadout
    -> 200  (0s)
    User-Agent: supervive-loadout-shim

#350 21:52:01.952  GET /revival/loadout
    -> 200  (0s)
    User-Agent: supervive-loadout-shim

#351 21:52:02.136  GET /revival/loadout
    -> 200  (0s)
    User-Agent: supervive-loadout-shim

#352 21:52:02.372  GET /revival/loadout
    -> 200  (0s)
    User-Agent: supervive-loadout-shim

#353 21:52:02.581  GET /revival/loadout
    -> 200  (0s)
    User-Agent: supervive-loadout-shim

#354 21:52:02.774  GET /revival/loadout
    -> 200  (0s)
    User-Agent: supervive-loadout-shim

#355 21:52:02.977  GET /revival/loadout
    -> 200  (0s)
    User-Agent: supervive-loadout-shim

#356 21:52:03.163  GET /revival/loadout
    -> 200  (0s)
    User-Agent: supervive-loadout-shim

#357 21:52:03.640  GET /revival/loadout
    -> 200  (0s)
    User-Agent: supervive-loadout-shim

#358 21:52:03.824  GET /revival/loadout
    -> 200  (0s)
    User-Agent: supervive-loadout-shim

#359 21:52:04.010  GET /revival/loadout
    -> 200  (0s)
    User-Agent: supervive-loadout-shim

#360 21:52:04.204  GET /revival/loadout
    -> 200  (0s)
    User-Agent: supervive-loadout-shim

#361 21:52:04.396  GET /revival/loadout
    -> 200  (0s)
    User-Agent: supervive-loadout-shim

#362 21:52:04.590  GET /revival/loadout
    -> 200  (0s)
    User-Agent: supervive-loadout-shim

#363 21:52:04.781  GET /revival/loadout
    -> 200  (0s)
    User-Agent: supervive-loadout-shim

#364 21:52:04.914  POST /party/parties/party-9b9d2c887e2524f918e383a895f2f1c2/members/9b9d2c887e2524f918e383a895f2f1c2/latencies
    -> 200  (0s)
    X-Theorycraft-Clientversion: release2.4.live-156430-shipping
    Authorization: Bearer eyJhbGciOiJSUzI1NiIsImtpZCI6InN1cGVydml2ZS1yZXZpdmFsLWtleS0xIiwidHlwIjoiSldUIn0.eyJiYW5zIjpbXSwiY2xpZW50X2lkIjoiYmE4ZmI1OWEzNGJiNDgxYWJjYTA4YzQ2YmE0ODgwMjUiLCJjb3VudHJ5IjoiVVMiLCJkaXNwbGF5X25hbWUiOiJSZXZpdmVyIiwiZXhwIjoxNzg2OTI5MjgzLCJpYXQiOjE3ODY4NDI4ODMsImlzX2NvbXBseSI6dHJ1ZSwiamZsZ3MiOjAsIm5hbWVzcGFjZSI6InN1cGVydml2ZSIsIm5iZiI6MTc4Njg0MjgyMywicGVybWlzc2lvbnMiOlt7IkFjdGlvbiI6MTUsIlJlc291cmNlIjoiTkFNRVNQQUNFOnN1cGVydml2ZToqIn0seyJBY3Rpb24iOjE1LCJSZXNvdXJjZSI6IkFETUlOOk5BTUVTUEFDRTpzdXBlcnZpdmU6KiJ9XSwicm9sZXMiOltdLCJzY29wZSI6ImNvbW1lcmNlIGFjY291bnQgc29jaWFsIHB1Ymxpc2hpbmcgYW5hbHl0aWNzIiwic3ViIjoiOWI5ZDJjODg3ZTI1MjRmOTE4ZTM4M2E4OTVmMmYxYzIiLCJ1bmlxdWVEaXNwbGF5TmFtZSI6IlJldml2ZXIjMDAwMSIsInVuaXF1ZV9kaXNwbGF5X25hbWUiOiJSZXZpdmVyIzAwMDEifQ.fv8xRcCKsGH-kO-Yy5UkjIPChaqt0XYnodWf6hdS9uvwgLBx_Gpa6LtecHNO-sBxhNPFiTKP9dX9Vt7yMu-Z2L8x2NIYZSvJXh40Ti4JY4OCIKzNCZ-YroW2-mPGnTu0jObkHPxrOs8nMbQ1S2Hi3HfrJfBHW0DD2Mm_lj8eplsA1NBAf-F9J2DlvHPr9kizT9wglS9ihvwZNO1BzZRUmktpPOIJ9CVv6co8pPXv-Wflq_6jaSTwOMwqVFHrCD8lO4aYOVGBrPvv5hex5JJgstKYqepEYKv8fxQNbyzSoWGDQOqnxcv5hsjkdXZI29YJnzEWQdRhUjt3Y6Bxnjgp-A
    Content-Type: application/json
    User-Agent: Loki/UE5-CL-0 (http-legacy) Windows/10.0.19045.1.256.64bit
    Accept: */*
    body: {"latencies":[{"host":"127.0.0.1","region":"us-east-1","route":"default","avgLatency":1}]}

#365 21:52:04.990  GET /revival/loadout
    -> 200  (0s)
    User-Agent: supervive-loadout-shim

#366 21:52:05.181  GET /revival/loadout
    -> 200  (0s)
    User-Agent: supervive-loadout-shim

#367 21:52:05.380  GET /revival/loadout
    -> 200  (0s)
    User-Agent: supervive-loadout-shim

#368 21:52:05.590  GET /revival/loadout
    -> 200  (0s)
    User-Agent: supervive-loadout-shim

#369 21:52:05.831  GET /revival/loadout
    -> 200  (0s)
    User-Agent: supervive-loadout-shim

#370 21:52:06.039  GET /revival/loadout
    -> 200  (0s)
    User-Agent: supervive-loadout-shim

#371 21:52:06.253  GET /revival/loadout
    -> 200  (0s)
    User-Agent: supervive-loadout-shim

#372 21:52:06.456  GET /revival/loadout
    -> 200  (0s)
    User-Agent: supervive-loadout-shim

#373 21:52:06.669  GET /revival/loadout
    -> 200  (0s)
    User-Agent: supervive-loadout-shim

#374 21:52:06.855  GET /revival/loadout
    -> 200  (0s)
    User-Agent: supervive-loadout-shim

#375 21:52:07.076  GET /revival/loadout
    -> 200  (0s)
    User-Agent: supervive-loadout-shim

#376 21:52:07.281  GET /revival/loadout
    -> 200  (0s)
    User-Agent: supervive-loadout-shim

#377 21:52:07.466  GET /revival/loadout
    -> 200  (0s)
    User-Agent: supervive-loadout-shim

#378 21:52:07.657  GET /revival/loadout
    -> 200  (0s)
    User-Agent: supervive-loadout-shim

#379 21:52:07.942  GET /revival/loadout
    -> 200  (0s)
    User-Agent: supervive-loadout-shim

#380 21:52:08.133  GET /revival/loadout
    -> 200  (0s)
    User-Agent: supervive-loadout-shim

#381 21:52:08.323  GET /revival/loadout
    -> 200  (0s)
    User-Agent: supervive-loadout-shim

#382 21:52:08.574  GET /revival/loadout
    -> 200  (0s)
    User-Agent: supervive-loadout-shim

#383 21:52:08.793  GET /revival/loadout
    -> 200  (0s)
    User-Agent: supervive-loadout-shim

#384 21:52:08.793  GET /storefront/offers/9b9d2c887e2524f918e383a895f2f1c2
    -> 200  (16ms)
    X-Theorycraft-Clientversion: release2.4.live-156430-shipping
    Authorization: Bearer eyJhbGciOiJSUzI1NiIsImtpZCI6InN1cGVydml2ZS1yZXZpdmFsLWtleS0xIiwidHlwIjoiSldUIn0.eyJiYW5zIjpbXSwiY2xpZW50X2lkIjoiYmE4ZmI1OWEzNGJiNDgxYWJjYTA4YzQ2YmE0ODgwMjUiLCJjb3VudHJ5IjoiVVMiLCJkaXNwbGF5X25hbWUiOiJSZXZpdmVyIiwiZXhwIjoxNzg2OTI5MjgzLCJpYXQiOjE3ODY4NDI4ODMsImlzX2NvbXBseSI6dHJ1ZSwiamZsZ3MiOjAsIm5hbWVzcGFjZSI6InN1cGVydml2ZSIsIm5iZiI6MTc4Njg0MjgyMywicGVybWlzc2lvbnMiOlt7IkFjdGlvbiI6MTUsIlJlc291cmNlIjoiTkFNRVNQQUNFOnN1cGVydml2ZToqIn0seyJBY3Rpb24iOjE1LCJSZXNvdXJjZSI6IkFETUlOOk5BTUVTUEFDRTpzdXBlcnZpdmU6KiJ9XSwicm9sZXMiOltdLCJzY29wZSI6ImNvbW1lcmNlIGFjY291bnQgc29jaWFsIHB1Ymxpc2hpbmcgYW5hbHl0aWNzIiwic3ViIjoiOWI5ZDJjODg3ZTI1MjRmOTE4ZTM4M2E4OTVmMmYxYzIiLCJ1bmlxdWVEaXNwbGF5TmFtZSI6IlJldml2ZXIjMDAwMSIsInVuaXF1ZV9kaXNwbGF5X25hbWUiOiJSZXZpdmVyIzAwMDEifQ.fv8xRcCKsGH-kO-Yy5UkjIPChaqt0XYnodWf6hdS9uvwgLBx_Gpa6LtecHNO-sBxhNPFiTKP9dX9Vt7yMu-Z2L8x2NIYZSvJXh40Ti4JY4OCIKzNCZ-YroW2-mPGnTu0jObkHPxrOs8nMbQ1S2Hi3HfrJfBHW0DD2Mm_lj8eplsA1NBAf-F9J2DlvHPr9kizT9wglS9ihvwZNO1BzZRUmktpPOIJ9CVv6co8pPXv-Wflq_6jaSTwOMwqVFHrCD8lO4aYOVGBrPvv5hex5JJgstKYqepEYKv8fxQNbyzSoWGDQOqnxcv5hsjkdXZI29YJnzEWQdRhUjt3Y6Bxnjgp-A
    User-Agent: Loki/UE5-CL-0 (http-legacy) Windows/10.0.19045.1.256.64bit
    Accept: */*

#385 21:52:09.051  GET /revival/loadout
    -> 200  (1ms)
    User-Agent: supervive-loadout-shim

#386 21:52:09.331  GET /revival/loadout
    -> 200  (0s)
    User-Agent: supervive-loadout-shim

#387 21:52:09.595  GET /revival/loadout
    -> 200  (0s)
    User-Agent: supervive-loadout-shim

#388 21:52:09.858  GET /revival/loadout
    -> 200  (0s)
    User-Agent: supervive-loadout-shim

#389 21:52:10.084  GET /revival/loadout
    -> 200  (0s)
    User-Agent: supervive-loadout-shim

#390 21:52:10.361  GET /revival/loadout
    -> 200  (0s)
    User-Agent: supervive-loadout-shim

#391 21:52:10.635  GET /revival/loadout
    -> 200  (0s)
    User-Agent: supervive-loadout-shim

#392 21:52:10.916  GET /revival/loadout
    -> 200  (0s)
    User-Agent: supervive-loadout-shim

#393 21:52:11.148  GET /revival/loadout
    -> 200  (0s)
    User-Agent: supervive-loadout-shim

#394 21:52:11.379  GET /revival/loadout
    -> 200  (0s)
    User-Agent: supervive-loadout-shim

#395 21:52:11.629  GET /revival/loadout
    -> 200  (0s)
    User-Agent: supervive-loadout-shim

#396 21:52:11.998  GET /revival/loadout
    -> 200  (0s)
    User-Agent: supervive-loadout-shim

#397 21:52:12.228  GET /revival/loadout
    -> 200  (0s)
    User-Agent: supervive-loadout-shim

#398 21:52:12.423  GET /revival/loadout
    -> 200  (0s)
    User-Agent: supervive-loadout-shim

#399 21:52:12.664  GET /revival/loadout
    -> 200  (0s)
    User-Agent: supervive-loadout-shim

#400 21:52:12.860  GET /revival/loadout
    -> 200  (0s)
    User-Agent: supervive-loadout-shim

#401 21:52:13.065  GET /revival/loadout
    -> 200  (0s)
    User-Agent: supervive-loadout-shim

#402 21:52:13.252  GET /revival/loadout
    -> 200  (0s)
    User-Agent: supervive-loadout-shim

#403 21:52:13.465  GET /revival/loadout
    -> 200  (0s)
    User-Agent: supervive-loadout-shim

#404 21:52:13.675  GET /revival/loadout
    -> 200  (0s)
    User-Agent: supervive-loadout-shim

#405 21:52:13.925  GET /revival/loadout
    -> 200  (0s)
    User-Agent: supervive-loadout-shim

#406 21:52:14.182  GET /revival/loadout
    -> 200  (0s)
    User-Agent: supervive-loadout-shim

#407 21:52:14.448  GET /revival/loadout
    -> 200  (0s)
    User-Agent: supervive-loadout-shim

#408 21:52:14.659  GET /revival/loadout
    -> 200  (0s)
    User-Agent: supervive-loadout-shim

#409 21:52:14.920  GET /revival/loadout
    -> 200  (0s)
    User-Agent: supervive-loadout-shim

#410 21:52:15.138  GET /revival/loadout
    -> 200  (0s)
    User-Agent: supervive-loadout-shim

#411 21:52:15.330  GET /revival/loadout
    -> 200  (0s)
    User-Agent: supervive-loadout-shim

#412 21:52:15.587  GET /revival/loadout
    -> 200  (0s)
    User-Agent: supervive-loadout-shim

#413 21:52:15.856  GET /revival/loadout
    -> 200  (0s)
    User-Agent: supervive-loadout-shim

#414 21:52:16.065  GET /revival/loadout
    -> 200  (0s)
    User-Agent: supervive-loadout-shim

#415 21:52:16.263  GET /revival/loadout
    -> 200  (0s)
    User-Agent: supervive-loadout-shim

#416 21:52:16.454  GET /revival/loadout
    -> 200  (0s)
    User-Agent: supervive-loadout-shim

#417 21:52:16.629  GET /revival/loadout
    -> 200  (0s)
    User-Agent: supervive-loadout-shim

#418 21:52:16.830  GET /revival/loadout
    -> 200  (0s)
    User-Agent: supervive-loadout-shim

#419 21:52:17.025  GET /revival/loadout
    -> 200  (0s)
    User-Agent: supervive-loadout-shim

#420 21:52:17.234  GET /revival/loadout
    -> 200  (0s)
    User-Agent: supervive-loadout-shim

#421 21:52:17.433  GET /revival/loadout
    -> 200  (0s)
    User-Agent: supervive-loadout-shim

#422 21:52:17.625  GET /revival/loadout
    -> 200  (0s)
    User-Agent: supervive-loadout-shim

#423 21:52:18.630  GET /revival/loadout
    -> 200  (0s)
    User-Agent: supervive-loadout-shim

#424 21:52:18.854  GET /revival/loadout
    -> 200  (0s)
    User-Agent: supervive-loadout-shim

#425 21:52:19.071  GET /revival/loadout
    -> 200  (0s)
    User-Agent: supervive-loadout-shim

#426 21:52:19.271  GET /revival/loadout
    -> 200  (0s)
    User-Agent: supervive-loadout-shim

#427 21:52:19.463  GET /revival/loadout
    -> 200  (0s)
    User-Agent: supervive-loadout-shim

#428 21:52:19.650  GET /revival/loadout
    -> 200  (0s)
    User-Agent: supervive-loadout-shim

* 21:52:19.826  WS -> /notifications/players/9b9d2c887e2524f918e383a895f2f1c2 BINARY hb (proactive 30s keepalive)

#429 21:52:19.842  GET /revival/loadout
    -> 200  (0s)
    User-Agent: supervive-loadout-shim

#430 21:52:20.067  GET /revival/loadout
    -> 200  (0s)
    User-Agent: supervive-loadout-shim

#431 21:52:20.251  GET /revival/loadout
    -> 200  (0s)
    User-Agent: supervive-loadout-shim

#432 21:52:20.434  GET /revival/loadout
    -> 200  (0s)
    User-Agent: supervive-loadout-shim

#433 21:52:20.635  GET /revival/loadout
    -> 200  (0s)
    User-Agent: supervive-loadout-shim

#436 21:52:20.657  GET /content-service/manifest/release2.4.live-156430-shipping?nonEnabledOnly=true
    -> 200  (0s)
    Accept: */*
    X-Theorycraft-Clientversion: release2.4.live-156430-shipping
    Authorization: Bearer eyJhbGciOiJSUzI1NiIsImtpZCI6InN1cGVydml2ZS1yZXZpdmFsLWtleS0xIiwidHlwIjoiSldUIn0.eyJiYW5zIjpbXSwiY2xpZW50X2lkIjoiYmE4ZmI1OWEzNGJiNDgxYWJjYTA4YzQ2YmE0ODgwMjUiLCJjb3VudHJ5IjoiVVMiLCJkaXNwbGF5X25hbWUiOiJSZXZpdmVyIiwiZXhwIjoxNzg2OTI5MjgzLCJpYXQiOjE3ODY4NDI4ODMsImlzX2NvbXBseSI6dHJ1ZSwiamZsZ3MiOjAsIm5hbWVzcGFjZSI6InN1cGVydml2ZSIsIm5iZiI6MTc4Njg0MjgyMywicGVybWlzc2lvbnMiOlt7IkFjdGlvbiI6MTUsIlJlc291cmNlIjoiTkFNRVNQQUNFOnN1cGVydml2ZToqIn0seyJBY3Rpb24iOjE1LCJSZXNvdXJjZSI6IkFETUlOOk5BTUVTUEFDRTpzdXBlcnZpdmU6KiJ9XSwicm9sZXMiOltdLCJzY29wZSI6ImNvbW1lcmNlIGFjY291bnQgc29jaWFsIHB1Ymxpc2hpbmcgYW5hbHl0aWNzIiwic3ViIjoiOWI5ZDJjODg3ZTI1MjRmOTE4ZTM4M2E4OTVmMmYxYzIiLCJ1bmlxdWVEaXNwbGF5TmFtZSI6IlJldml2ZXIjMDAwMSIsInVuaXF1ZV9kaXNwbGF5X25hbWUiOiJSZXZpdmVyIzAwMDEifQ.fv8xRcCKsGH-kO-Yy5UkjIPChaqt0XYnodWf6hdS9uvwgLBx_Gpa6LtecHNO-sBxhNPFiTKP9dX9Vt7yMu-Z2L8x2NIYZSvJXh40Ti4JY4OCIKzNCZ-YroW2-mPGnTu0jObkHPxrOs8nMbQ1S2Hi3HfrJfBHW0DD2Mm_lj8eplsA1NBAf-F9J2DlvHPr9kizT9wglS9ihvwZNO1BzZRUmktpPOIJ9CVv6co8pPXv-Wflq_6jaSTwOMwqVFHrCD8lO4aYOVGBrPvv5hex5JJgstKYqepEYKv8fxQNbyzSoWGDQOqnxcv5hsjkdXZI29YJnzEWQdRhUjt3Y6Bxnjgp-A
    User-Agent: Loki/UE5-CL-0 (http-legacy) Windows/10.0.19045.1.256.64bit

#435 21:52:20.638  GET /configuration/client?language=en
    -> 200  (1ms)
    X-Theorycraft-Clientversion: release2.4.live-156430-shipping
    Authorization: Bearer eyJhbGciOiJSUzI1NiIsImtpZCI6InN1cGVydml2ZS1yZXZpdmFsLWtleS0xIiwidHlwIjoiSldUIn0.eyJiYW5zIjpbXSwiY2xpZW50X2lkIjoiYmE4ZmI1OWEzNGJiNDgxYWJjYTA4YzQ2YmE0ODgwMjUiLCJjb3VudHJ5IjoiVVMiLCJkaXNwbGF5X25hbWUiOiJSZXZpdmVyIiwiZXhwIjoxNzg2OTI5MjgzLCJpYXQiOjE3ODY4NDI4ODMsImlzX2NvbXBseSI6dHJ1ZSwiamZsZ3MiOjAsIm5hbWVzcGFjZSI6InN1cGVydml2ZSIsIm5iZiI6MTc4Njg0MjgyMywicGVybWlzc2lvbnMiOlt7IkFjdGlvbiI6MTUsIlJlc291cmNlIjoiTkFNRVNQQUNFOnN1cGVydml2ZToqIn0seyJBY3Rpb24iOjE1LCJSZXNvdXJjZSI6IkFETUlOOk5BTUVTUEFDRTpzdXBlcnZpdmU6KiJ9XSwicm9sZXMiOltdLCJzY29wZSI6ImNvbW1lcmNlIGFjY291bnQgc29jaWFsIHB1Ymxpc2hpbmcgYW5hbHl0aWNzIiwic3ViIjoiOWI5ZDJjODg3ZTI1MjRmOTE4ZTM4M2E4OTVmMmYxYzIiLCJ1bmlxdWVEaXNwbGF5TmFtZSI6IlJldml2ZXIjMDAwMSIsInVuaXF1ZV9kaXNwbGF5X25hbWUiOiJSZXZpdmVyIzAwMDEifQ.fv8xRcCKsGH-kO-Yy5UkjIPChaqt0XYnodWf6hdS9uvwgLBx_Gpa6LtecHNO-sBxhNPFiTKP9dX9Vt7yMu-Z2L8x2NIYZSvJXh40Ti4JY4OCIKzNCZ-YroW2-mPGnTu0jObkHPxrOs8nMbQ1S2Hi3HfrJfBHW0DD2Mm_lj8eplsA1NBAf-F9J2DlvHPr9kizT9wglS9ihvwZNO1BzZRUmktpPOIJ9CVv6co8pPXv-Wflq_6jaSTwOMwqVFHrCD8lO4aYOVGBrPvv5hex5JJgstKYqepEYKv8fxQNbyzSoWGDQOqnxcv5hsjkdXZI29YJnzEWQdRhUjt3Y6Bxnjgp-A
    User-Agent: Loki/UE5-CL-0 (http-legacy) Windows/10.0.19045.1.256.64bit
    Accept: */*

#434 21:52:20.638  GET /party/players/9b9d2c887e2524f918e383a895f2f1c2/voice
    -> 200  (0s)
    Accept: */*
    X-Theorycraft-Clientversion: release2.4.live-156430-shipping
    Authorization: Bearer eyJhbGciOiJSUzI1NiIsImtpZCI6InN1cGVydml2ZS1yZXZpdmFsLWtleS0xIiwidHlwIjoiSldUIn0.eyJiYW5zIjpbXSwiY2xpZW50X2lkIjoiYmE4ZmI1OWEzNGJiNDgxYWJjYTA4YzQ2YmE0ODgwMjUiLCJjb3VudHJ5IjoiVVMiLCJkaXNwbGF5X25hbWUiOiJSZXZpdmVyIiwiZXhwIjoxNzg2OTI5MjgzLCJpYXQiOjE3ODY4NDI4ODMsImlzX2NvbXBseSI6dHJ1ZSwiamZsZ3MiOjAsIm5hbWVzcGFjZSI6InN1cGVydml2ZSIsIm5iZiI6MTc4Njg0MjgyMywicGVybWlzc2lvbnMiOlt7IkFjdGlvbiI6MTUsIlJlc291cmNlIjoiTkFNRVNQQUNFOnN1cGVydml2ZToqIn0seyJBY3Rpb24iOjE1LCJSZXNvdXJjZSI6IkFETUlOOk5BTUVTUEFDRTpzdXBlcnZpdmU6KiJ9XSwicm9sZXMiOltdLCJzY29wZSI6ImNvbW1lcmNlIGFjY291bnQgc29jaWFsIHB1Ymxpc2hpbmcgYW5hbHl0aWNzIiwic3ViIjoiOWI5ZDJjODg3ZTI1MjRmOTE4ZTM4M2E4OTVmMmYxYzIiLCJ1bmlxdWVEaXNwbGF5TmFtZSI6IlJldml2ZXIjMDAwMSIsInVuaXF1ZV9kaXNwbGF5X25hbWUiOiJSZXZpdmVyIzAwMDEifQ.fv8xRcCKsGH-kO-Yy5UkjIPChaqt0XYnodWf6hdS9uvwgLBx_Gpa6LtecHNO-sBxhNPFiTKP9dX9Vt7yMu-Z2L8x2NIYZSvJXh40Ti4JY4OCIKzNCZ-YroW2-mPGnTu0jObkHPxrOs8nMbQ1S2Hi3HfrJfBHW0DD2Mm_lj8eplsA1NBAf-F9J2DlvHPr9kizT9wglS9ihvwZNO1BzZRUmktpPOIJ9CVv6co8pPXv-Wflq_6jaSTwOMwqVFHrCD8lO4aYOVGBrPvv5hex5JJgstKYqepEYKv8fxQNbyzSoWGDQOqnxcv5hsjkdXZI29YJnzEWQdRhUjt3Y6Bxnjgp-A
    User-Agent: Loki/UE5-CL-0 (http-legacy) Windows/10.0.19045.1.256.64bit

#437 21:52:20.826  GET /revival/loadout
    -> 200  (1ms)
    User-Agent: supervive-loadout-shim

#438 21:52:21.057  GET /revival/loadout
    -> 200  (0s)
    User-Agent: supervive-loadout-shim

#439 21:52:21.242  GET /revival/loadout
    -> 200  (0s)
    User-Agent: supervive-loadout-shim

#440 21:52:21.425  GET /revival/loadout
    -> 200  (0s)
    User-Agent: supervive-loadout-shim

#441 21:52:21.617  GET /revival/loadout
    -> 200  (0s)
    User-Agent: supervive-loadout-shim

#442 21:52:21.800  GET /revival/loadout
    -> 200  (0s)
    User-Agent: supervive-loadout-shim

#443 21:52:22.015  GET /revival/loadout
    -> 200  (0s)
    User-Agent: supervive-loadout-shim

#444 21:52:22.202  GET /revival/loadout
    -> 200  (0s)
    User-Agent: supervive-loadout-shim

#445 21:52:22.400  GET /revival/loadout
    -> 200  (0s)
    User-Agent: supervive-loadout-shim

#446 21:52:22.583  GET /revival/loadout
    -> 200  (0s)
    User-Agent: supervive-loadout-shim

#447 21:52:22.994  GET /revival/loadout
    -> 200  (0s)
    User-Agent: supervive-loadout-shim

#448 21:52:23.183  GET /revival/loadout
    -> 200  (0s)
    User-Agent: supervive-loadout-shim

#449 21:52:23.374  GET /revival/loadout
    -> 200  (0s)
    User-Agent: supervive-loadout-shim

#450 21:52:23.566  GET /revival/loadout
    -> 200  (0s)
    User-Agent: supervive-loadout-shim

#451 21:52:23.761  GET /revival/loadout
    -> 200  (0s)
    User-Agent: supervive-loadout-shim

#452 21:52:23.941  GET /revival/loadout
    -> 200  (0s)
    User-Agent: supervive-loadout-shim

#453 21:52:24.132  GET /revival/loadout
    -> 200  (0s)
    User-Agent: supervive-loadout-shim

#454 21:52:24.327  GET /revival/loadout
    -> 200  (0s)
    User-Agent: supervive-loadout-shim

#455 21:52:24.523  GET /revival/loadout
    -> 200  (0s)
    User-Agent: supervive-loadout-shim

#456 21:52:24.707  GET /revival/loadout
    -> 200  (0s)
    User-Agent: supervive-loadout-shim

#458 21:52:24.744  GET /party/matchmaking/info
    -> 200  (0s)
    User-Agent: Loki/UE5-CL-0 (http-legacy) Windows/10.0.19045.1.256.64bit
    Accept: */*
    Authorization: Bearer eyJhbGciOiJSUzI1NiIsImtpZCI6InN1cGVydml2ZS1yZXZpdmFsLWtleS0xIiwidHlwIjoiSldUIn0.eyJiYW5zIjpbXSwiY2xpZW50X2lkIjoiYmE4ZmI1OWEzNGJiNDgxYWJjYTA4YzQ2YmE0ODgwMjUiLCJjb3VudHJ5IjoiVVMiLCJkaXNwbGF5X25hbWUiOiJSZXZpdmVyIiwiZXhwIjoxNzg2OTI5MjgzLCJpYXQiOjE3ODY4NDI4ODMsImlzX2NvbXBseSI6dHJ1ZSwiamZsZ3MiOjAsIm5hbWVzcGFjZSI6InN1cGVydml2ZSIsIm5iZiI6MTc4Njg0MjgyMywicGVybWlzc2lvbnMiOlt7IkFjdGlvbiI6MTUsIlJlc291cmNlIjoiTkFNRVNQQUNFOnN1cGVydml2ZToqIn0seyJBY3Rpb24iOjE1LCJSZXNvdXJjZSI6IkFETUlOOk5BTUVTUEFDRTpzdXBlcnZpdmU6KiJ9XSwicm9sZXMiOltdLCJzY29wZSI6ImNvbW1lcmNlIGFjY291bnQgc29jaWFsIHB1Ymxpc2hpbmcgYW5hbHl0aWNzIiwic3ViIjoiOWI5ZDJjODg3ZTI1MjRmOTE4ZTM4M2E4OTVmMmYxYzIiLCJ1bmlxdWVEaXNwbGF5TmFtZSI6IlJldml2ZXIjMDAwMSIsInVuaXF1ZV9kaXNwbGF5X25hbWUiOiJSZXZpdmVyIzAwMDEifQ.fv8xRcCKsGH-kO-Yy5UkjIPChaqt0XYnodWf6hdS9uvwgLBx_Gpa6LtecHNO-sBxhNPFiTKP9dX9Vt7yMu-Z2L8x2NIYZSvJXh40Ti4JY4OCIKzNCZ-YroW2-mPGnTu0jObkHPxrOs8nMbQ1S2Hi3HfrJfBHW0DD2Mm_lj8eplsA1NBAf-F9J2DlvHPr9kizT9wglS9ihvwZNO1BzZRUmktpPOIJ9CVv6co8pPXv-Wflq_6jaSTwOMwqVFHrCD8lO4aYOVGBrPvv5hex5JJgstKYqepEYKv8fxQNbyzSoWGDQOqnxcv5hsjkdXZI29YJnzEWQdRhUjt3Y6Bxnjgp-A
    X-Theorycraft-Clientversion: release2.4.live-156430-shipping

#457 21:52:24.744  GET /mailbox/config/version
    -> 200  (0s)
    Authorization: Bearer eyJhbGciOiJSUzI1NiIsImtpZCI6InN1cGVydml2ZS1yZXZpdmFsLWtleS0xIiwidHlwIjoiSldUIn0.eyJiYW5zIjpbXSwiY2xpZW50X2lkIjoiYmE4ZmI1OWEzNGJiNDgxYWJjYTA4YzQ2YmE0ODgwMjUiLCJjb3VudHJ5IjoiVVMiLCJkaXNwbGF5X25hbWUiOiJSZXZpdmVyIiwiZXhwIjoxNzg2OTI5MjgzLCJpYXQiOjE3ODY4NDI4ODMsImlzX2NvbXBseSI6dHJ1ZSwiamZsZ3MiOjAsIm5hbWVzcGFjZSI6InN1cGVydml2ZSIsIm5iZiI6MTc4Njg0MjgyMywicGVybWlzc2lvbnMiOlt7IkFjdGlvbiI6MTUsIlJlc291cmNlIjoiTkFNRVNQQUNFOnN1cGVydml2ZToqIn0seyJBY3Rpb24iOjE1LCJSZXNvdXJjZSI6IkFETUlOOk5BTUVTUEFDRTpzdXBlcnZpdmU6KiJ9XSwicm9sZXMiOltdLCJzY29wZSI6ImNvbW1lcmNlIGFjY291bnQgc29jaWFsIHB1Ymxpc2hpbmcgYW5hbHl0aWNzIiwic3ViIjoiOWI5ZDJjODg3ZTI1MjRmOTE4ZTM4M2E4OTVmMmYxYzIiLCJ1bmlxdWVEaXNwbGF5TmFtZSI6IlJldml2ZXIjMDAwMSIsInVuaXF1ZV9kaXNwbGF5X25hbWUiOiJSZXZpdmVyIzAwMDEifQ.fv8xRcCKsGH-kO-Yy5UkjIPChaqt0XYnodWf6hdS9uvwgLBx_Gpa6LtecHNO-sBxhNPFiTKP9dX9Vt7yMu-Z2L8x2NIYZSvJXh40Ti4JY4OCIKzNCZ-YroW2-mPGnTu0jObkHPxrOs8nMbQ1S2Hi3HfrJfBHW0DD2Mm_lj8eplsA1NBAf-F9J2DlvHPr9kizT9wglS9ihvwZNO1BzZRUmktpPOIJ9CVv6co8pPXv-Wflq_6jaSTwOMwqVFHrCD8lO4aYOVGBrPvv5hex5JJgstKYqepEYKv8fxQNbyzSoWGDQOqnxcv5hsjkdXZI29YJnzEWQdRhUjt3Y6Bxnjgp-A
    User-Agent: Loki/UE5-CL-0 (http-legacy) Windows/10.0.19045.1.256.64bit
    Accept: */*
    X-Theorycraft-Clientversion: release2.4.live-156430-shipping

#459 21:52:25.017  GET /revival/loadout
    -> 200  (0s)
    User-Agent: supervive-loadout-shim

#460 21:52:25.267  GET /revival/loadout
    -> 200  (0s)
    User-Agent: supervive-loadout-shim

* 21:52:25.327  WS <- /lobby TEXT ""

#461 21:52:25.479  GET /revival/loadout
    -> 200  (0s)
    User-Agent: supervive-loadout-shim

#462 21:52:25.666  GET /revival/loadout
    -> 200  (0s)
    User-Agent: supervive-loadout-shim

#463 21:52:25.858  GET /revival/loadout
    -> 200  (0s)
    User-Agent: supervive-loadout-shim

#464 21:52:26.063  GET /revival/loadout
    -> 200  (0s)
    User-Agent: supervive-loadout-shim

#465 21:52:26.338  GET /revival/loadout
    -> 200  (0s)
    User-Agent: supervive-loadout-shim

#466 21:52:26.792  GET /revival/loadout
    -> 200  (0s)
    User-Agent: supervive-loadout-shim

#467 21:52:26.996  GET /revival/loadout
    -> 200  (0s)
    User-Agent: supervive-loadout-shim

#468 21:52:27.187  GET /revival/loadout
    -> 200  (1ms)
    User-Agent: supervive-loadout-shim

#469 21:52:27.386  GET /revival/loadout
    -> 200  (0s)
    User-Agent: supervive-loadout-shim

#470 21:52:27.624  GET /revival/loadout
    -> 200  (0s)
    User-Agent: supervive-loadout-shim

#471 21:52:27.854  GET /revival/loadout
    -> 200  (0s)
    User-Agent: supervive-loadout-shim

#472 21:52:28.066  GET /revival/loadout
    -> 200  (0s)
    User-Agent: supervive-loadout-shim

#473 21:52:28.256  GET /revival/loadout
    -> 200  (0s)
    User-Agent: supervive-loadout-shim

#474 21:52:28.448  GET /revival/loadout
    -> 200  (0s)
    User-Agent: supervive-loadout-shim

#475 21:52:28.649  GET /revival/loadout
    -> 200  (0s)
    User-Agent: supervive-loadout-shim

#476 21:52:28.851  GET /revival/loadout
    -> 200  (0s)
    User-Agent: supervive-loadout-shim

#477 21:52:29.049  GET /revival/loadout
    -> 200  (0s)
    User-Agent: supervive-loadout-shim

#478 21:52:29.258  GET /revival/loadout
    -> 200  (0s)
    User-Agent: supervive-loadout-shim

#479 21:52:29.481  GET /revival/loadout
    -> 200  (0s)
    User-Agent: supervive-loadout-shim

#480 21:52:29.722  GET /revival/loadout
    -> 200  (0s)
    User-Agent: supervive-loadout-shim

#481 21:52:29.920  GET /revival/loadout
    -> 200  (0s)
    User-Agent: supervive-loadout-shim

#482 21:52:30.103  GET /revival/loadout
    -> 200  (0s)
    User-Agent: supervive-loadout-shim

#483 21:52:30.345  GET /revival/loadout
    -> 200  (0s)
    User-Agent: supervive-loadout-shim

#484 21:52:30.543  GET /revival/loadout
    -> 200  (0s)
    User-Agent: supervive-loadout-shim

#485 21:52:30.723  GET /revival/loadout
    -> 200  (0s)
    User-Agent: supervive-loadout-shim

#486 21:52:30.901  GET /revival/loadout
    -> 200  (0s)
    User-Agent: supervive-loadout-shim

#487 21:52:31.081  GET /revival/loadout
    -> 200  (0s)
    User-Agent: supervive-loadout-shim

#488 21:52:31.290  GET /revival/loadout
    -> 200  (0s)
    User-Agent: supervive-loadout-shim

#489 21:52:31.470  GET /revival/loadout
    -> 200  (0s)
    User-Agent: supervive-loadout-shim

#490 21:52:31.648  GET /revival/loadout
    -> 200  (0s)
    User-Agent: supervive-loadout-shim

#491 21:52:31.823  GET /revival/loadout
    -> 200  (0s)
    User-Agent: supervive-loadout-shim

#492 21:52:32.021  GET /revival/loadout
    -> 200  (0s)
    User-Agent: supervive-loadout-shim

#493 21:52:32.224  GET /revival/loadout
    -> 200  (0s)
    User-Agent: supervive-loadout-shim

#494 21:52:32.419  GET /revival/loadout
    -> 200  (0s)
    User-Agent: supervive-loadout-shim

#495 21:52:32.772  GET /revival/loadout
    -> 200  (0s)
    User-Agent: supervive-loadout-shim

#496 21:52:32.954  GET /revival/loadout
    -> 200  (0s)
    User-Agent: supervive-loadout-shim

#497 21:52:33.153  GET /revival/loadout
    -> 200  (0s)
    User-Agent: supervive-loadout-shim

#498 21:52:33.349  GET /revival/loadout
    -> 200  (0s)
    User-Agent: supervive-loadout-shim

#499 21:52:33.538  GET /revival/loadout
    -> 200  (0s)
    User-Agent: supervive-loadout-shim

#500 21:52:33.721  GET /revival/loadout
    -> 200  (0s)
    User-Agent: supervive-loadout-shim

#501 21:52:33.902  GET /revival/loadout
    -> 200  (0s)
    User-Agent: supervive-loadout-shim

#502 21:52:34.202  GET /revival/loadout
    -> 200  (0s)
    User-Agent: supervive-loadout-shim

#503 21:52:34.393  GET /revival/loadout
    -> 200  (0s)
    User-Agent: supervive-loadout-shim

#504 21:52:34.586  GET /revival/loadout
    -> 200  (0s)
    User-Agent: supervive-loadout-shim

#505 21:52:34.785  GET /revival/loadout
    -> 200  (0s)
    User-Agent: supervive-loadout-shim

#506 21:52:34.929  POST /party/parties/party-9b9d2c887e2524f918e383a895f2f1c2/members/9b9d2c887e2524f918e383a895f2f1c2/latencies
    -> 200  (0s)
    X-Theorycraft-Clientversion: release2.4.live-156430-shipping
    Authorization: Bearer eyJhbGciOiJSUzI1NiIsImtpZCI6InN1cGVydml2ZS1yZXZpdmFsLWtleS0xIiwidHlwIjoiSldUIn0.eyJiYW5zIjpbXSwiY2xpZW50X2lkIjoiYmE4ZmI1OWEzNGJiNDgxYWJjYTA4YzQ2YmE0ODgwMjUiLCJjb3VudHJ5IjoiVVMiLCJkaXNwbGF5X25hbWUiOiJSZXZpdmVyIiwiZXhwIjoxNzg2OTI5MjgzLCJpYXQiOjE3ODY4NDI4ODMsImlzX2NvbXBseSI6dHJ1ZSwiamZsZ3MiOjAsIm5hbWVzcGFjZSI6InN1cGVydml2ZSIsIm5iZiI6MTc4Njg0MjgyMywicGVybWlzc2lvbnMiOlt7IkFjdGlvbiI6MTUsIlJlc291cmNlIjoiTkFNRVNQQUNFOnN1cGVydml2ZToqIn0seyJBY3Rpb24iOjE1LCJSZXNvdXJjZSI6IkFETUlOOk5BTUVTUEFDRTpzdXBlcnZpdmU6KiJ9XSwicm9sZXMiOltdLCJzY29wZSI6ImNvbW1lcmNlIGFjY291bnQgc29jaWFsIHB1Ymxpc2hpbmcgYW5hbHl0aWNzIiwic3ViIjoiOWI5ZDJjODg3ZTI1MjRmOTE4ZTM4M2E4OTVmMmYxYzIiLCJ1bmlxdWVEaXNwbGF5TmFtZSI6IlJldml2ZXIjMDAwMSIsInVuaXF1ZV9kaXNwbGF5X25hbWUiOiJSZXZpdmVyIzAwMDEifQ.fv8xRcCKsGH-kO-Yy5UkjIPChaqt0XYnodWf6hdS9uvwgLBx_Gpa6LtecHNO-sBxhNPFiTKP9dX9Vt7yMu-Z2L8x2NIYZSvJXh40Ti4JY4OCIKzNCZ-YroW2-mPGnTu0jObkHPxrOs8nMbQ1S2Hi3HfrJfBHW0DD2Mm_lj8eplsA1NBAf-F9J2DlvHPr9kizT9wglS9ihvwZNO1BzZRUmktpPOIJ9CVv6co8pPXv-Wflq_6jaSTwOMwqVFHrCD8lO4aYOVGBrPvv5hex5JJgstKYqepEYKv8fxQNbyzSoWGDQOqnxcv5hsjkdXZI29YJnzEWQdRhUjt3Y6Bxnjgp-A
    Content-Type: application/json
    User-Agent: Loki/UE5-CL-0 (http-legacy) Windows/10.0.19045.1.256.64bit
    Accept: */*
    body: {"latencies":[{"host":"127.0.0.1","region":"us-east-1","route":"default","avgLatency":1}]}

#507 21:52:34.994  GET /revival/loadout
    -> 200  (0s)
    User-Agent: supervive-loadout-shim

#508 21:52:35.184  GET /revival/loadout
    -> 200  (0s)
    User-Agent: supervive-loadout-shim

#509 21:52:35.382  GET /revival/loadout
    -> 200  (0s)
    User-Agent: supervive-loadout-shim

#510 21:52:35.606  GET /revival/loadout
    -> 200  (0s)
    User-Agent: supervive-loadout-shim

#511 21:52:35.839  GET /revival/loadout
    -> 200  (0s)
    User-Agent: supervive-loadout-shim

#512 21:52:36.096  GET /revival/loadout
    -> 200  (0s)
    User-Agent: supervive-loadout-shim

#513 21:52:36.299  GET /revival/loadout
    -> 200  (0s)
    User-Agent: supervive-loadout-shim

#514 21:52:36.476  GET /revival/loadout
    -> 200  (0s)
    User-Agent: supervive-loadout-shim

#515 21:52:36.678  GET /revival/loadout
    -> 200  (0s)
    User-Agent: supervive-loadout-shim

#516 21:52:36.892  GET /revival/loadout
    -> 200  (0s)
    User-Agent: supervive-loadout-shim

#517 21:52:37.078  GET /revival/loadout
    -> 200  (0s)
    User-Agent: supervive-loadout-shim

#518 21:52:37.266  GET /revival/loadout
    -> 200  (0s)
    User-Agent: supervive-loadout-shim

#519 21:52:37.459  GET /revival/loadout
    -> 200  (0s)
    User-Agent: supervive-loadout-shim

#520 21:52:37.650  GET /revival/loadout
    -> 200  (0s)
    User-Agent: supervive-loadout-shim

#521 21:52:37.836  GET /revival/loadout
    -> 200  (0s)
    User-Agent: supervive-loadout-shim

#522 21:52:38.016  GET /revival/loadout
    -> 200  (1ms)
    User-Agent: supervive-loadout-shim

#523 21:52:38.219  GET /revival/loadout
    -> 200  (0s)
    User-Agent: supervive-loadout-shim

#524 21:52:38.399  GET /revival/loadout
    -> 200  (0s)
    User-Agent: supervive-loadout-shim

#525 21:52:38.587  GET /revival/loadout
    -> 200  (0s)
    User-Agent: supervive-loadout-shim

#526 21:52:38.782  GET /revival/loadout
    -> 200  (0s)
    User-Agent: supervive-loadout-shim

#527 21:52:38.975  GET /revival/loadout
    -> 200  (0s)
    User-Agent: supervive-loadout-shim

#528 21:52:39.174  GET /revival/loadout
    -> 200  (0s)
    User-Agent: supervive-loadout-shim

#529 21:52:39.359  GET /revival/loadout
    -> 200  (0s)
    User-Agent: supervive-loadout-shim
