
* 22:04:02.116  WS connected /notifications/players/9b9d2c887e2524f918e383a895f2f1c2 (subproto="wss") envelope=[""..""]

#1 22:04:02.133  GET /party/players/9b9d2c887e2524f918e383a895f2f1c2/voice
    -> 200  (0s)
    X-Theorycraft-Clientversion: release2.4.live-156430-shipping
    Authorization: Bearer eyJhbGciOiJSUzI1NiIsImtpZCI6InN1cGVydml2ZS1yZXZpdmFsLWtleS0xIiwidHlwIjoiSldUIn0.eyJiYW5zIjpbXSwiY2xpZW50X2lkIjoiYmE4ZmI1OWEzNGJiNDgxYWJjYTA4YzQ2YmE0ODgwMjUiLCJjb3VudHJ5IjoiVVMiLCJkaXNwbGF5X25hbWUiOiJSZXZpdmVyIiwiZXhwIjoxNzg2OTI5MjgzLCJpYXQiOjE3ODY4NDI4ODMsImlzX2NvbXBseSI6dHJ1ZSwiamZsZ3MiOjAsIm5hbWVzcGFjZSI6InN1cGVydml2ZSIsIm5iZiI6MTc4Njg0MjgyMywicGVybWlzc2lvbnMiOlt7IkFjdGlvbiI6MTUsIlJlc291cmNlIjoiTkFNRVNQQUNFOnN1cGVydml2ZToqIn0seyJBY3Rpb24iOjE1LCJSZXNvdXJjZSI6IkFETUlOOk5BTUVTUEFDRTpzdXBlcnZpdmU6KiJ9XSwicm9sZXMiOltdLCJzY29wZSI6ImNvbW1lcmNlIGFjY291bnQgc29jaWFsIHB1Ymxpc2hpbmcgYW5hbHl0aWNzIiwic3ViIjoiOWI5ZDJjODg3ZTI1MjRmOTE4ZTM4M2E4OTVmMmYxYzIiLCJ1bmlxdWVEaXNwbGF5TmFtZSI6IlJldml2ZXIjMDAwMSIsInVuaXF1ZV9kaXNwbGF5X25hbWUiOiJSZXZpdmVyIzAwMDEifQ.fv8xRcCKsGH-kO-Yy5UkjIPChaqt0XYnodWf6hdS9uvwgLBx_Gpa6LtecHNO-sBxhNPFiTKP9dX9Vt7yMu-Z2L8x2NIYZSvJXh40Ti4JY4OCIKzNCZ-YroW2-mPGnTu0jObkHPxrOs8nMbQ1S2Hi3HfrJfBHW0DD2Mm_lj8eplsA1NBAf-F9J2DlvHPr9kizT9wglS9ihvwZNO1BzZRUmktpPOIJ9CVv6co8pPXv-Wflq_6jaSTwOMwqVFHrCD8lO4aYOVGBrPvv5hex5JJgstKYqepEYKv8fxQNbyzSoWGDQOqnxcv5hsjkdXZI29YJnzEWQdRhUjt3Y6Bxnjgp-A
    User-Agent: Loki/UE5-CL-0 (http-legacy) Windows/10.0.19045.1.256.64bit
    Accept: */*

#3 22:04:02.172  GET /progression/players/9b9d2c887e2524f918e383a895f2f1c2/tracks
    -> 200  (0s)
    User-Agent: Loki/UE5-CL-0 (http-legacy) Windows/10.0.19045.1.256.64bit
    Accept: */*
    X-Theorycraft-Clientversion: release2.4.live-156430-shipping
    Authorization: Bearer eyJhbGciOiJSUzI1NiIsImtpZCI6InN1cGVydml2ZS1yZXZpdmFsLWtleS0xIiwidHlwIjoiSldUIn0.eyJiYW5zIjpbXSwiY2xpZW50X2lkIjoiYmE4ZmI1OWEzNGJiNDgxYWJjYTA4YzQ2YmE0ODgwMjUiLCJjb3VudHJ5IjoiVVMiLCJkaXNwbGF5X25hbWUiOiJSZXZpdmVyIiwiZXhwIjoxNzg2OTI5MjgzLCJpYXQiOjE3ODY4NDI4ODMsImlzX2NvbXBseSI6dHJ1ZSwiamZsZ3MiOjAsIm5hbWVzcGFjZSI6InN1cGVydml2ZSIsIm5iZiI6MTc4Njg0MjgyMywicGVybWlzc2lvbnMiOlt7IkFjdGlvbiI6MTUsIlJlc291cmNlIjoiTkFNRVNQQUNFOnN1cGVydml2ZToqIn0seyJBY3Rpb24iOjE1LCJSZXNvdXJjZSI6IkFETUlOOk5BTUVTUEFDRTpzdXBlcnZpdmU6KiJ9XSwicm9sZXMiOltdLCJzY29wZSI6ImNvbW1lcmNlIGFjY291bnQgc29jaWFsIHB1Ymxpc2hpbmcgYW5hbHl0aWNzIiwic3ViIjoiOWI5ZDJjODg3ZTI1MjRmOTE4ZTM4M2E4OTVmMmYxYzIiLCJ1bmlxdWVEaXNwbGF5TmFtZSI6IlJldml2ZXIjMDAwMSIsInVuaXF1ZV9kaXNwbGF5X25hbWUiOiJSZXZpdmVyIzAwMDEifQ.fv8xRcCKsGH-kO-Yy5UkjIPChaqt0XYnodWf6hdS9uvwgLBx_Gpa6LtecHNO-sBxhNPFiTKP9dX9Vt7yMu-Z2L8x2NIYZSvJXh40Ti4JY4OCIKzNCZ-YroW2-mPGnTu0jObkHPxrOs8nMbQ1S2Hi3HfrJfBHW0DD2Mm_lj8eplsA1NBAf-F9J2DlvHPr9kizT9wglS9ihvwZNO1BzZRUmktpPOIJ9CVv6co8pPXv-Wflq_6jaSTwOMwqVFHrCD8lO4aYOVGBrPvv5hex5JJgstKYqepEYKv8fxQNbyzSoWGDQOqnxcv5hsjkdXZI29YJnzEWQdRhUjt3Y6Bxnjgp-A

#2 22:04:02.172  GET /referral/player/9b9d2c887e2524f918e383a895f2f1c2
    -> 200  (0s)
    Authorization: Bearer eyJhbGciOiJSUzI1NiIsImtpZCI6InN1cGVydml2ZS1yZXZpdmFsLWtleS0xIiwidHlwIjoiSldUIn0.eyJiYW5zIjpbXSwiY2xpZW50X2lkIjoiYmE4ZmI1OWEzNGJiNDgxYWJjYTA4YzQ2YmE0ODgwMjUiLCJjb3VudHJ5IjoiVVMiLCJkaXNwbGF5X25hbWUiOiJSZXZpdmVyIiwiZXhwIjoxNzg2OTI5MjgzLCJpYXQiOjE3ODY4NDI4ODMsImlzX2NvbXBseSI6dHJ1ZSwiamZsZ3MiOjAsIm5hbWVzcGFjZSI6InN1cGVydml2ZSIsIm5iZiI6MTc4Njg0MjgyMywicGVybWlzc2lvbnMiOlt7IkFjdGlvbiI6MTUsIlJlc291cmNlIjoiTkFNRVNQQUNFOnN1cGVydml2ZToqIn0seyJBY3Rpb24iOjE1LCJSZXNvdXJjZSI6IkFETUlOOk5BTUVTUEFDRTpzdXBlcnZpdmU6KiJ9XSwicm9sZXMiOltdLCJzY29wZSI6ImNvbW1lcmNlIGFjY291bnQgc29jaWFsIHB1Ymxpc2hpbmcgYW5hbHl0aWNzIiwic3ViIjoiOWI5ZDJjODg3ZTI1MjRmOTE4ZTM4M2E4OTVmMmYxYzIiLCJ1bmlxdWVEaXNwbGF5TmFtZSI6IlJldml2ZXIjMDAwMSIsInVuaXF1ZV9kaXNwbGF5X25hbWUiOiJSZXZpdmVyIzAwMDEifQ.fv8xRcCKsGH-kO-Yy5UkjIPChaqt0XYnodWf6hdS9uvwgLBx_Gpa6LtecHNO-sBxhNPFiTKP9dX9Vt7yMu-Z2L8x2NIYZSvJXh40Ti4JY4OCIKzNCZ-YroW2-mPGnTu0jObkHPxrOs8nMbQ1S2Hi3HfrJfBHW0DD2Mm_lj8eplsA1NBAf-F9J2DlvHPr9kizT9wglS9ihvwZNO1BzZRUmktpPOIJ9CVv6co8pPXv-Wflq_6jaSTwOMwqVFHrCD8lO4aYOVGBrPvv5hex5JJgstKYqepEYKv8fxQNbyzSoWGDQOqnxcv5hsjkdXZI29YJnzEWQdRhUjt3Y6Bxnjgp-A
    User-Agent: Loki/UE5-CL-0 (http-legacy) Windows/10.0.19045.1.256.64bit
    Accept: */*
    X-Theorycraft-Clientversion: release2.4.live-156430-shipping

#6 22:04:02.173  GET /core-game/players/9b9d2c887e2524f918e383a895f2f1c2
    -> 200  (0s)
    Accept: */*
    X-Theorycraft-Clientversion: release2.4.live-156430-shipping
    Authorization: Bearer eyJhbGciOiJSUzI1NiIsImtpZCI6InN1cGVydml2ZS1yZXZpdmFsLWtleS0xIiwidHlwIjoiSldUIn0.eyJiYW5zIjpbXSwiY2xpZW50X2lkIjoiYmE4ZmI1OWEzNGJiNDgxYWJjYTA4YzQ2YmE0ODgwMjUiLCJjb3VudHJ5IjoiVVMiLCJkaXNwbGF5X25hbWUiOiJSZXZpdmVyIiwiZXhwIjoxNzg2OTI5MjgzLCJpYXQiOjE3ODY4NDI4ODMsImlzX2NvbXBseSI6dHJ1ZSwiamZsZ3MiOjAsIm5hbWVzcGFjZSI6InN1cGVydml2ZSIsIm5iZiI6MTc4Njg0MjgyMywicGVybWlzc2lvbnMiOlt7IkFjdGlvbiI6MTUsIlJlc291cmNlIjoiTkFNRVNQQUNFOnN1cGVydml2ZToqIn0seyJBY3Rpb24iOjE1LCJSZXNvdXJjZSI6IkFETUlOOk5BTUVTUEFDRTpzdXBlcnZpdmU6KiJ9XSwicm9sZXMiOltdLCJzY29wZSI6ImNvbW1lcmNlIGFjY291bnQgc29jaWFsIHB1Ymxpc2hpbmcgYW5hbHl0aWNzIiwic3ViIjoiOWI5ZDJjODg3ZTI1MjRmOTE4ZTM4M2E4OTVmMmYxYzIiLCJ1bmlxdWVEaXNwbGF5TmFtZSI6IlJldml2ZXIjMDAwMSIsInVuaXF1ZV9kaXNwbGF5X25hbWUiOiJSZXZpdmVyIzAwMDEifQ.fv8xRcCKsGH-kO-Yy5UkjIPChaqt0XYnodWf6hdS9uvwgLBx_Gpa6LtecHNO-sBxhNPFiTKP9dX9Vt7yMu-Z2L8x2NIYZSvJXh40Ti4JY4OCIKzNCZ-YroW2-mPGnTu0jObkHPxrOs8nMbQ1S2Hi3HfrJfBHW0DD2Mm_lj8eplsA1NBAf-F9J2DlvHPr9kizT9wglS9ihvwZNO1BzZRUmktpPOIJ9CVv6co8pPXv-Wflq_6jaSTwOMwqVFHrCD8lO4aYOVGBrPvv5hex5JJgstKYqepEYKv8fxQNbyzSoWGDQOqnxcv5hsjkdXZI29YJnzEWQdRhUjt3Y6Bxnjgp-A
    User-Agent: Loki/UE5-CL-0 (http-legacy) Windows/10.0.19045.1.256.64bit

#7 22:04:02.173  GET /core-game/regions
    -> 200  (1ms)
    User-Agent: Loki/UE5-CL-0 (http-legacy) Windows/10.0.19045.1.256.64bit
    Accept: */*
    X-Theorycraft-Clientversion: release2.4.live-156430-shipping
    Authorization: Bearer eyJhbGciOiJSUzI1NiIsImtpZCI6InN1cGVydml2ZS1yZXZpdmFsLWtleS0xIiwidHlwIjoiSldUIn0.eyJiYW5zIjpbXSwiY2xpZW50X2lkIjoiYmE4ZmI1OWEzNGJiNDgxYWJjYTA4YzQ2YmE0ODgwMjUiLCJjb3VudHJ5IjoiVVMiLCJkaXNwbGF5X25hbWUiOiJSZXZpdmVyIiwiZXhwIjoxNzg2OTI5MjgzLCJpYXQiOjE3ODY4NDI4ODMsImlzX2NvbXBseSI6dHJ1ZSwiamZsZ3MiOjAsIm5hbWVzcGFjZSI6InN1cGVydml2ZSIsIm5iZiI6MTc4Njg0MjgyMywicGVybWlzc2lvbnMiOlt7IkFjdGlvbiI6MTUsIlJlc291cmNlIjoiTkFNRVNQQUNFOnN1cGVydml2ZToqIn0seyJBY3Rpb24iOjE1LCJSZXNvdXJjZSI6IkFETUlOOk5BTUVTUEFDRTpzdXBlcnZpdmU6KiJ9XSwicm9sZXMiOltdLCJzY29wZSI6ImNvbW1lcmNlIGFjY291bnQgc29jaWFsIHB1Ymxpc2hpbmcgYW5hbHl0aWNzIiwic3ViIjoiOWI5ZDJjODg3ZTI1MjRmOTE4ZTM4M2E4OTVmMmYxYzIiLCJ1bmlxdWVEaXNwbGF5TmFtZSI6IlJldml2ZXIjMDAwMSIsInVuaXF1ZV9kaXNwbGF5X25hbWUiOiJSZXZpdmVyIzAwMDEifQ.fv8xRcCKsGH-kO-Yy5UkjIPChaqt0XYnodWf6hdS9uvwgLBx_Gpa6LtecHNO-sBxhNPFiTKP9dX9Vt7yMu-Z2L8x2NIYZSvJXh40Ti4JY4OCIKzNCZ-YroW2-mPGnTu0jObkHPxrOs8nMbQ1S2Hi3HfrJfBHW0DD2Mm_lj8eplsA1NBAf-F9J2DlvHPr9kizT9wglS9ihvwZNO1BzZRUmktpPOIJ9CVv6co8pPXv-Wflq_6jaSTwOMwqVFHrCD8lO4aYOVGBrPvv5hex5JJgstKYqepEYKv8fxQNbyzSoWGDQOqnxcv5hsjkdXZI29YJnzEWQdRhUjt3Y6Bxnjgp-A

#10 22:04:02.178  GET /party/players/9b9d2c887e2524f918e383a895f2f1c2?defaultQueue=tutorialNew
    -> 200  (0s)
    Accept: */*
    X-Theorycraft-Clientversion: release2.4.live-156430-shipping
    Authorization: Bearer eyJhbGciOiJSUzI1NiIsImtpZCI6InN1cGVydml2ZS1yZXZpdmFsLWtleS0xIiwidHlwIjoiSldUIn0.eyJiYW5zIjpbXSwiY2xpZW50X2lkIjoiYmE4ZmI1OWEzNGJiNDgxYWJjYTA4YzQ2YmE0ODgwMjUiLCJjb3VudHJ5IjoiVVMiLCJkaXNwbGF5X25hbWUiOiJSZXZpdmVyIiwiZXhwIjoxNzg2OTI5MjgzLCJpYXQiOjE3ODY4NDI4ODMsImlzX2NvbXBseSI6dHJ1ZSwiamZsZ3MiOjAsIm5hbWVzcGFjZSI6InN1cGVydml2ZSIsIm5iZiI6MTc4Njg0MjgyMywicGVybWlzc2lvbnMiOlt7IkFjdGlvbiI6MTUsIlJlc291cmNlIjoiTkFNRVNQQUNFOnN1cGVydml2ZToqIn0seyJBY3Rpb24iOjE1LCJSZXNvdXJjZSI6IkFETUlOOk5BTUVTUEFDRTpzdXBlcnZpdmU6KiJ9XSwicm9sZXMiOltdLCJzY29wZSI6ImNvbW1lcmNlIGFjY291bnQgc29jaWFsIHB1Ymxpc2hpbmcgYW5hbHl0aWNzIiwic3ViIjoiOWI5ZDJjODg3ZTI1MjRmOTE4ZTM4M2E4OTVmMmYxYzIiLCJ1bmlxdWVEaXNwbGF5TmFtZSI6IlJldml2ZXIjMDAwMSIsInVuaXF1ZV9kaXNwbGF5X25hbWUiOiJSZXZpdmVyIzAwMDEifQ.fv8xRcCKsGH-kO-Yy5UkjIPChaqt0XYnodWf6hdS9uvwgLBx_Gpa6LtecHNO-sBxhNPFiTKP9dX9Vt7yMu-Z2L8x2NIYZSvJXh40Ti4JY4OCIKzNCZ-YroW2-mPGnTu0jObkHPxrOs8nMbQ1S2Hi3HfrJfBHW0DD2Mm_lj8eplsA1NBAf-F9J2DlvHPr9kizT9wglS9ihvwZNO1BzZRUmktpPOIJ9CVv6co8pPXv-Wflq_6jaSTwOMwqVFHrCD8lO4aYOVGBrPvv5hex5JJgstKYqepEYKv8fxQNbyzSoWGDQOqnxcv5hsjkdXZI29YJnzEWQdRhUjt3Y6Bxnjgp-A
    User-Agent: Loki/UE5-CL-0 (http-legacy) Windows/10.0.19045.1.256.64bit

#8 22:04:02.173  GET /inventory/players/9b9d2c887e2524f918e383a895f2f1c2
    -> 200  (2ms)
    Accept: */*
    X-Theorycraft-Clientversion: release2.4.live-156430-shipping
    Authorization: Bearer eyJhbGciOiJSUzI1NiIsImtpZCI6InN1cGVydml2ZS1yZXZpdmFsLWtleS0xIiwidHlwIjoiSldUIn0.eyJiYW5zIjpbXSwiY2xpZW50X2lkIjoiYmE4ZmI1OWEzNGJiNDgxYWJjYTA4YzQ2YmE0ODgwMjUiLCJjb3VudHJ5IjoiVVMiLCJkaXNwbGF5X25hbWUiOiJSZXZpdmVyIiwiZXhwIjoxNzg2OTI5MjgzLCJpYXQiOjE3ODY4NDI4ODMsImlzX2NvbXBseSI6dHJ1ZSwiamZsZ3MiOjAsIm5hbWVzcGFjZSI6InN1cGVydml2ZSIsIm5iZiI6MTc4Njg0MjgyMywicGVybWlzc2lvbnMiOlt7IkFjdGlvbiI6MTUsIlJlc291cmNlIjoiTkFNRVNQQUNFOnN1cGVydml2ZToqIn0seyJBY3Rpb24iOjE1LCJSZXNvdXJjZSI6IkFETUlOOk5BTUVTUEFDRTpzdXBlcnZpdmU6KiJ9XSwicm9sZXMiOltdLCJzY29wZSI6ImNvbW1lcmNlIGFjY291bnQgc29jaWFsIHB1Ymxpc2hpbmcgYW5hbHl0aWNzIiwic3ViIjoiOWI5ZDJjODg3ZTI1MjRmOTE4ZTM4M2E4OTVmMmYxYzIiLCJ1bmlxdWVEaXNwbGF5TmFtZSI6IlJldml2ZXIjMDAwMSIsInVuaXF1ZV9kaXNwbGF5X25hbWUiOiJSZXZpdmVyIzAwMDEifQ.fv8xRcCKsGH-kO-Yy5UkjIPChaqt0XYnodWf6hdS9uvwgLBx_Gpa6LtecHNO-sBxhNPFiTKP9dX9Vt7yMu-Z2L8x2NIYZSvJXh40Ti4JY4OCIKzNCZ-YroW2-mPGnTu0jObkHPxrOs8nMbQ1S2Hi3HfrJfBHW0DD2Mm_lj8eplsA1NBAf-F9J2DlvHPr9kizT9wglS9ihvwZNO1BzZRUmktpPOIJ9CVv6co8pPXv-Wflq_6jaSTwOMwqVFHrCD8lO4aYOVGBrPvv5hex5JJgstKYqepEYKv8fxQNbyzSoWGDQOqnxcv5hsjkdXZI29YJnzEWQdRhUjt3Y6Bxnjgp-A
    User-Agent: Loki/UE5-CL-0 (http-legacy) Windows/10.0.19045.1.256.64bit

#12 22:04:02.178  GET /party/matchmaking/customGameModes
    -> 200  (0s)
    User-Agent: Loki/UE5-CL-0 (http-legacy) Windows/10.0.19045.1.256.64bit
    X-Theorycraft-Clientversion: release2.4.live-156430-shipping
    Authorization: Bearer eyJhbGciOiJSUzI1NiIsImtpZCI6InN1cGVydml2ZS1yZXZpdmFsLWtleS0xIiwidHlwIjoiSldUIn0.eyJiYW5zIjpbXSwiY2xpZW50X2lkIjoiYmE4ZmI1OWEzNGJiNDgxYWJjYTA4YzQ2YmE0ODgwMjUiLCJjb3VudHJ5IjoiVVMiLCJkaXNwbGF5X25hbWUiOiJSZXZpdmVyIiwiZXhwIjoxNzg2OTI5MjgzLCJpYXQiOjE3ODY4NDI4ODMsImlzX2NvbXBseSI6dHJ1ZSwiamZsZ3MiOjAsIm5hbWVzcGFjZSI6InN1cGVydml2ZSIsIm5iZiI6MTc4Njg0MjgyMywicGVybWlzc2lvbnMiOlt7IkFjdGlvbiI6MTUsIlJlc291cmNlIjoiTkFNRVNQQUNFOnN1cGVydml2ZToqIn0seyJBY3Rpb24iOjE1LCJSZXNvdXJjZSI6IkFETUlOOk5BTUVTUEFDRTpzdXBlcnZpdmU6KiJ9XSwicm9sZXMiOltdLCJzY29wZSI6ImNvbW1lcmNlIGFjY291bnQgc29jaWFsIHB1Ymxpc2hpbmcgYW5hbHl0aWNzIiwic3ViIjoiOWI5ZDJjODg3ZTI1MjRmOTE4ZTM4M2E4OTVmMmYxYzIiLCJ1bmlxdWVEaXNwbGF5TmFtZSI6IlJldml2ZXIjMDAwMSIsInVuaXF1ZV9kaXNwbGF5X25hbWUiOiJSZXZpdmVyIzAwMDEifQ.fv8xRcCKsGH-kO-Yy5UkjIPChaqt0XYnodWf6hdS9uvwgLBx_Gpa6LtecHNO-sBxhNPFiTKP9dX9Vt7yMu-Z2L8x2NIYZSvJXh40Ti4JY4OCIKzNCZ-YroW2-mPGnTu0jObkHPxrOs8nMbQ1S2Hi3HfrJfBHW0DD2Mm_lj8eplsA1NBAf-F9J2DlvHPr9kizT9wglS9ihvwZNO1BzZRUmktpPOIJ9CVv6co8pPXv-Wflq_6jaSTwOMwqVFHrCD8lO4aYOVGBrPvv5hex5JJgstKYqepEYKv8fxQNbyzSoWGDQOqnxcv5hsjkdXZI29YJnzEWQdRhUjt3Y6Bxnjgp-A
    Accept: */*

#4 22:04:02.172  GET /inventory/free
    -> 200  (0s)
    Accept: */*
    X-Theorycraft-Clientversion: release2.4.live-156430-shipping
    Authorization: Bearer eyJhbGciOiJSUzI1NiIsImtpZCI6InN1cGVydml2ZS1yZXZpdmFsLWtleS0xIiwidHlwIjoiSldUIn0.eyJiYW5zIjpbXSwiY2xpZW50X2lkIjoiYmE4ZmI1OWEzNGJiNDgxYWJjYTA4YzQ2YmE0ODgwMjUiLCJjb3VudHJ5IjoiVVMiLCJkaXNwbGF5X25hbWUiOiJSZXZpdmVyIiwiZXhwIjoxNzg2OTI5MjgzLCJpYXQiOjE3ODY4NDI4ODMsImlzX2NvbXBseSI6dHJ1ZSwiamZsZ3MiOjAsIm5hbWVzcGFjZSI6InN1cGVydml2ZSIsIm5iZiI6MTc4Njg0MjgyMywicGVybWlzc2lvbnMiOlt7IkFjdGlvbiI6MTUsIlJlc291cmNlIjoiTkFNRVNQQUNFOnN1cGVydml2ZToqIn0seyJBY3Rpb24iOjE1LCJSZXNvdXJjZSI6IkFETUlOOk5BTUVTUEFDRTpzdXBlcnZpdmU6KiJ9XSwicm9sZXMiOltdLCJzY29wZSI6ImNvbW1lcmNlIGFjY291bnQgc29jaWFsIHB1Ymxpc2hpbmcgYW5hbHl0aWNzIiwic3ViIjoiOWI5ZDJjODg3ZTI1MjRmOTE4ZTM4M2E4OTVmMmYxYzIiLCJ1bmlxdWVEaXNwbGF5TmFtZSI6IlJldml2ZXIjMDAwMSIsInVuaXF1ZV9kaXNwbGF5X25hbWUiOiJSZXZpdmVyIzAwMDEifQ.fv8xRcCKsGH-kO-Yy5UkjIPChaqt0XYnodWf6hdS9uvwgLBx_Gpa6LtecHNO-sBxhNPFiTKP9dX9Vt7yMu-Z2L8x2NIYZSvJXh40Ti4JY4OCIKzNCZ-YroW2-mPGnTu0jObkHPxrOs8nMbQ1S2Hi3HfrJfBHW0DD2Mm_lj8eplsA1NBAf-F9J2DlvHPr9kizT9wglS9ihvwZNO1BzZRUmktpPOIJ9CVv6co8pPXv-Wflq_6jaSTwOMwqVFHrCD8lO4aYOVGBrPvv5hex5JJgstKYqepEYKv8fxQNbyzSoWGDQOqnxcv5hsjkdXZI29YJnzEWQdRhUjt3Y6Bxnjgp-A
    User-Agent: Loki/UE5-CL-0 (http-legacy) Windows/10.0.19045.1.256.64bit

#5 22:04:02.173  GET /storefront/heroes
    -> 200  (0s)
    Authorization: Bearer eyJhbGciOiJSUzI1NiIsImtpZCI6InN1cGVydml2ZS1yZXZpdmFsLWtleS0xIiwidHlwIjoiSldUIn0.eyJiYW5zIjpbXSwiY2xpZW50X2lkIjoiYmE4ZmI1OWEzNGJiNDgxYWJjYTA4YzQ2YmE0ODgwMjUiLCJjb3VudHJ5IjoiVVMiLCJkaXNwbGF5X25hbWUiOiJSZXZpdmVyIiwiZXhwIjoxNzg2OTI5MjgzLCJpYXQiOjE3ODY4NDI4ODMsImlzX2NvbXBseSI6dHJ1ZSwiamZsZ3MiOjAsIm5hbWVzcGFjZSI6InN1cGVydml2ZSIsIm5iZiI6MTc4Njg0MjgyMywicGVybWlzc2lvbnMiOlt7IkFjdGlvbiI6MTUsIlJlc291cmNlIjoiTkFNRVNQQUNFOnN1cGVydml2ZToqIn0seyJBY3Rpb24iOjE1LCJSZXNvdXJjZSI6IkFETUlOOk5BTUVTUEFDRTpzdXBlcnZpdmU6KiJ9XSwicm9sZXMiOltdLCJzY29wZSI6ImNvbW1lcmNlIGFjY291bnQgc29jaWFsIHB1Ymxpc2hpbmcgYW5hbHl0aWNzIiwic3ViIjoiOWI5ZDJjODg3ZTI1MjRmOTE4ZTM4M2E4OTVmMmYxYzIiLCJ1bmlxdWVEaXNwbGF5TmFtZSI6IlJldml2ZXIjMDAwMSIsInVuaXF1ZV9kaXNwbGF5X25hbWUiOiJSZXZpdmVyIzAwMDEifQ.fv8xRcCKsGH-kO-Yy5UkjIPChaqt0XYnodWf6hdS9uvwgLBx_Gpa6LtecHNO-sBxhNPFiTKP9dX9Vt7yMu-Z2L8x2NIYZSvJXh40Ti4JY4OCIKzNCZ-YroW2-mPGnTu0jObkHPxrOs8nMbQ1S2Hi3HfrJfBHW0DD2Mm_lj8eplsA1NBAf-F9J2DlvHPr9kizT9wglS9ihvwZNO1BzZRUmktpPOIJ9CVv6co8pPXv-Wflq_6jaSTwOMwqVFHrCD8lO4aYOVGBrPvv5hex5JJgstKYqepEYKv8fxQNbyzSoWGDQOqnxcv5hsjkdXZI29YJnzEWQdRhUjt3Y6Bxnjgp-A
    User-Agent: Loki/UE5-CL-0 (http-legacy) Windows/10.0.19045.1.256.64bit
    Accept: */*
    X-Theorycraft-Clientversion: release2.4.live-156430-shipping

#9 22:04:02.172  GET /progression/players/9b9d2c887e2524f918e383a895f2f1c2
    -> 200  (3ms)
    X-Theorycraft-Clientversion: release2.4.live-156430-shipping
    Authorization: Bearer eyJhbGciOiJSUzI1NiIsImtpZCI6InN1cGVydml2ZS1yZXZpdmFsLWtleS0xIiwidHlwIjoiSldUIn0.eyJiYW5zIjpbXSwiY2xpZW50X2lkIjoiYmE4ZmI1OWEzNGJiNDgxYWJjYTA4YzQ2YmE0ODgwMjUiLCJjb3VudHJ5IjoiVVMiLCJkaXNwbGF5X25hbWUiOiJSZXZpdmVyIiwiZXhwIjoxNzg2OTI5MjgzLCJpYXQiOjE3ODY4NDI4ODMsImlzX2NvbXBseSI6dHJ1ZSwiamZsZ3MiOjAsIm5hbWVzcGFjZSI6InN1cGVydml2ZSIsIm5iZiI6MTc4Njg0MjgyMywicGVybWlzc2lvbnMiOlt7IkFjdGlvbiI6MTUsIlJlc291cmNlIjoiTkFNRVNQQUNFOnN1cGVydml2ZToqIn0seyJBY3Rpb24iOjE1LCJSZXNvdXJjZSI6IkFETUlOOk5BTUVTUEFDRTpzdXBlcnZpdmU6KiJ9XSwicm9sZXMiOltdLCJzY29wZSI6ImNvbW1lcmNlIGFjY291bnQgc29jaWFsIHB1Ymxpc2hpbmcgYW5hbHl0aWNzIiwic3ViIjoiOWI5ZDJjODg3ZTI1MjRmOTE4ZTM4M2E4OTVmMmYxYzIiLCJ1bmlxdWVEaXNwbGF5TmFtZSI6IlJldml2ZXIjMDAwMSIsInVuaXF1ZV9kaXNwbGF5X25hbWUiOiJSZXZpdmVyIzAwMDEifQ.fv8xRcCKsGH-kO-Yy5UkjIPChaqt0XYnodWf6hdS9uvwgLBx_Gpa6LtecHNO-sBxhNPFiTKP9dX9Vt7yMu-Z2L8x2NIYZSvJXh40Ti4JY4OCIKzNCZ-YroW2-mPGnTu0jObkHPxrOs8nMbQ1S2Hi3HfrJfBHW0DD2Mm_lj8eplsA1NBAf-F9J2DlvHPr9kizT9wglS9ihvwZNO1BzZRUmktpPOIJ9CVv6co8pPXv-Wflq_6jaSTwOMwqVFHrCD8lO4aYOVGBrPvv5hex5JJgstKYqepEYKv8fxQNbyzSoWGDQOqnxcv5hsjkdXZI29YJnzEWQdRhUjt3Y6Bxnjgp-A
    User-Agent: Loki/UE5-CL-0 (http-legacy) Windows/10.0.19045.1.256.64bit
    Accept: */*

#13 22:04:02.178  GET /mailbox/config/version
    -> 200  (0s)
    Accept: */*
    X-Theorycraft-Clientversion: release2.4.live-156430-shipping
    Authorization: Bearer eyJhbGciOiJSUzI1NiIsImtpZCI6InN1cGVydml2ZS1yZXZpdmFsLWtleS0xIiwidHlwIjoiSldUIn0.eyJiYW5zIjpbXSwiY2xpZW50X2lkIjoiYmE4ZmI1OWEzNGJiNDgxYWJjYTA4YzQ2YmE0ODgwMjUiLCJjb3VudHJ5IjoiVVMiLCJkaXNwbGF5X25hbWUiOiJSZXZpdmVyIiwiZXhwIjoxNzg2OTI5MjgzLCJpYXQiOjE3ODY4NDI4ODMsImlzX2NvbXBseSI6dHJ1ZSwiamZsZ3MiOjAsIm5hbWVzcGFjZSI6InN1cGVydml2ZSIsIm5iZiI6MTc4Njg0MjgyMywicGVybWlzc2lvbnMiOlt7IkFjdGlvbiI6MTUsIlJlc291cmNlIjoiTkFNRVNQQUNFOnN1cGVydml2ZToqIn0seyJBY3Rpb24iOjE1LCJSZXNvdXJjZSI6IkFETUlOOk5BTUVTUEFDRTpzdXBlcnZpdmU6KiJ9XSwicm9sZXMiOltdLCJzY29wZSI6ImNvbW1lcmNlIGFjY291bnQgc29jaWFsIHB1Ymxpc2hpbmcgYW5hbHl0aWNzIiwic3ViIjoiOWI5ZDJjODg3ZTI1MjRmOTE4ZTM4M2E4OTVmMmYxYzIiLCJ1bmlxdWVEaXNwbGF5TmFtZSI6IlJldml2ZXIjMDAwMSIsInVuaXF1ZV9kaXNwbGF5X25hbWUiOiJSZXZpdmVyIzAwMDEifQ.fv8xRcCKsGH-kO-Yy5UkjIPChaqt0XYnodWf6hdS9uvwgLBx_Gpa6LtecHNO-sBxhNPFiTKP9dX9Vt7yMu-Z2L8x2NIYZSvJXh40Ti4JY4OCIKzNCZ-YroW2-mPGnTu0jObkHPxrOs8nMbQ1S2Hi3HfrJfBHW0DD2Mm_lj8eplsA1NBAf-F9J2DlvHPr9kizT9wglS9ihvwZNO1BzZRUmktpPOIJ9CVv6co8pPXv-Wflq_6jaSTwOMwqVFHrCD8lO4aYOVGBrPvv5hex5JJgstKYqepEYKv8fxQNbyzSoWGDQOqnxcv5hsjkdXZI29YJnzEWQdRhUjt3Y6Bxnjgp-A
    User-Agent: Loki/UE5-CL-0 (http-legacy) Windows/10.0.19045.1.256.64bit

#11 22:04:02.178  GET /party/matchmaking/info
    -> 200  (0s)
    X-Theorycraft-Clientversion: release2.4.live-156430-shipping
    User-Agent: Loki/UE5-CL-0 (http-legacy) Windows/10.0.19045.1.256.64bit
    Accept: */*
    Authorization: Bearer eyJhbGciOiJSUzI1NiIsImtpZCI6InN1cGVydml2ZS1yZXZpdmFsLWtleS0xIiwidHlwIjoiSldUIn0.eyJiYW5zIjpbXSwiY2xpZW50X2lkIjoiYmE4ZmI1OWEzNGJiNDgxYWJjYTA4YzQ2YmE0ODgwMjUiLCJjb3VudHJ5IjoiVVMiLCJkaXNwbGF5X25hbWUiOiJSZXZpdmVyIiwiZXhwIjoxNzg2OTI5MjgzLCJpYXQiOjE3ODY4NDI4ODMsImlzX2NvbXBseSI6dHJ1ZSwiamZsZ3MiOjAsIm5hbWVzcGFjZSI6InN1cGVydml2ZSIsIm5iZiI6MTc4Njg0MjgyMywicGVybWlzc2lvbnMiOlt7IkFjdGlvbiI6MTUsIlJlc291cmNlIjoiTkFNRVNQQUNFOnN1cGVydml2ZToqIn0seyJBY3Rpb24iOjE1LCJSZXNvdXJjZSI6IkFETUlOOk5BTUVTUEFDRTpzdXBlcnZpdmU6KiJ9XSwicm9sZXMiOltdLCJzY29wZSI6ImNvbW1lcmNlIGFjY291bnQgc29jaWFsIHB1Ymxpc2hpbmcgYW5hbHl0aWNzIiwic3ViIjoiOWI5ZDJjODg3ZTI1MjRmOTE4ZTM4M2E4OTVmMmYxYzIiLCJ1bmlxdWVEaXNwbGF5TmFtZSI6IlJldml2ZXIjMDAwMSIsInVuaXF1ZV9kaXNwbGF5X25hbWUiOiJSZXZpdmVyIzAwMDEifQ.fv8xRcCKsGH-kO-Yy5UkjIPChaqt0XYnodWf6hdS9uvwgLBx_Gpa6LtecHNO-sBxhNPFiTKP9dX9Vt7yMu-Z2L8x2NIYZSvJXh40Ti4JY4OCIKzNCZ-YroW2-mPGnTu0jObkHPxrOs8nMbQ1S2Hi3HfrJfBHW0DD2Mm_lj8eplsA1NBAf-F9J2DlvHPr9kizT9wglS9ihvwZNO1BzZRUmktpPOIJ9CVv6co8pPXv-Wflq_6jaSTwOMwqVFHrCD8lO4aYOVGBrPvv5hex5JJgstKYqepEYKv8fxQNbyzSoWGDQOqnxcv5hsjkdXZI29YJnzEWQdRhUjt3Y6Bxnjgp-A

#14 22:04:02.173  GET /match-history/players/9b9d2c887e2524f918e383a895f2f1c2
    -> 200  (0s)
    Accept: */*
    X-Theorycraft-Clientversion: release2.4.live-156430-shipping
    Authorization: Bearer eyJhbGciOiJSUzI1NiIsImtpZCI6InN1cGVydml2ZS1yZXZpdmFsLWtleS0xIiwidHlwIjoiSldUIn0.eyJiYW5zIjpbXSwiY2xpZW50X2lkIjoiYmE4ZmI1OWEzNGJiNDgxYWJjYTA4YzQ2YmE0ODgwMjUiLCJjb3VudHJ5IjoiVVMiLCJkaXNwbGF5X25hbWUiOiJSZXZpdmVyIiwiZXhwIjoxNzg2OTI5MjgzLCJpYXQiOjE3ODY4NDI4ODMsImlzX2NvbXBseSI6dHJ1ZSwiamZsZ3MiOjAsIm5hbWVzcGFjZSI6InN1cGVydml2ZSIsIm5iZiI6MTc4Njg0MjgyMywicGVybWlzc2lvbnMiOlt7IkFjdGlvbiI6MTUsIlJlc291cmNlIjoiTkFNRVNQQUNFOnN1cGVydml2ZToqIn0seyJBY3Rpb24iOjE1LCJSZXNvdXJjZSI6IkFETUlOOk5BTUVTUEFDRTpzdXBlcnZpdmU6KiJ9XSwicm9sZXMiOltdLCJzY29wZSI6ImNvbW1lcmNlIGFjY291bnQgc29jaWFsIHB1Ymxpc2hpbmcgYW5hbHl0aWNzIiwic3ViIjoiOWI5ZDJjODg3ZTI1MjRmOTE4ZTM4M2E4OTVmMmYxYzIiLCJ1bmlxdWVEaXNwbGF5TmFtZSI6IlJldml2ZXIjMDAwMSIsInVuaXF1ZV9kaXNwbGF5X25hbWUiOiJSZXZpdmVyIzAwMDEifQ.fv8xRcCKsGH-kO-Yy5UkjIPChaqt0XYnodWf6hdS9uvwgLBx_Gpa6LtecHNO-sBxhNPFiTKP9dX9Vt7yMu-Z2L8x2NIYZSvJXh40Ti4JY4OCIKzNCZ-YroW2-mPGnTu0jObkHPxrOs8nMbQ1S2Hi3HfrJfBHW0DD2Mm_lj8eplsA1NBAf-F9J2DlvHPr9kizT9wglS9ihvwZNO1BzZRUmktpPOIJ9CVv6co8pPXv-Wflq_6jaSTwOMwqVFHrCD8lO4aYOVGBrPvv5hex5JJgstKYqepEYKv8fxQNbyzSoWGDQOqnxcv5hsjkdXZI29YJnzEWQdRhUjt3Y6Bxnjgp-A
    User-Agent: Loki/UE5-CL-0 (http-legacy) Windows/10.0.19045.1.256.64bit

#15 22:04:02.173  GET /mmr/player-ratings/9b9d2c887e2524f918e383a895f2f1c2/rank
    -> 200  (0s)
    X-Theorycraft-Clientversion: release2.4.live-156430-shipping
    Authorization: Bearer eyJhbGciOiJSUzI1NiIsImtpZCI6InN1cGVydml2ZS1yZXZpdmFsLWtleS0xIiwidHlwIjoiSldUIn0.eyJiYW5zIjpbXSwiY2xpZW50X2lkIjoiYmE4ZmI1OWEzNGJiNDgxYWJjYTA4YzQ2YmE0ODgwMjUiLCJjb3VudHJ5IjoiVVMiLCJkaXNwbGF5X25hbWUiOiJSZXZpdmVyIiwiZXhwIjoxNzg2OTI5MjgzLCJpYXQiOjE3ODY4NDI4ODMsImlzX2NvbXBseSI6dHJ1ZSwiamZsZ3MiOjAsIm5hbWVzcGFjZSI6InN1cGVydml2ZSIsIm5iZiI6MTc4Njg0MjgyMywicGVybWlzc2lvbnMiOlt7IkFjdGlvbiI6MTUsIlJlc291cmNlIjoiTkFNRVNQQUNFOnN1cGVydml2ZToqIn0seyJBY3Rpb24iOjE1LCJSZXNvdXJjZSI6IkFETUlOOk5BTUVTUEFDRTpzdXBlcnZpdmU6KiJ9XSwicm9sZXMiOltdLCJzY29wZSI6ImNvbW1lcmNlIGFjY291bnQgc29jaWFsIHB1Ymxpc2hpbmcgYW5hbHl0aWNzIiwic3ViIjoiOWI5ZDJjODg3ZTI1MjRmOTE4ZTM4M2E4OTVmMmYxYzIiLCJ1bmlxdWVEaXNwbGF5TmFtZSI6IlJldml2ZXIjMDAwMSIsInVuaXF1ZV9kaXNwbGF5X25hbWUiOiJSZXZpdmVyIzAwMDEifQ.fv8xRcCKsGH-kO-Yy5UkjIPChaqt0XYnodWf6hdS9uvwgLBx_Gpa6LtecHNO-sBxhNPFiTKP9dX9Vt7yMu-Z2L8x2NIYZSvJXh40Ti4JY4OCIKzNCZ-YroW2-mPGnTu0jObkHPxrOs8nMbQ1S2Hi3HfrJfBHW0DD2Mm_lj8eplsA1NBAf-F9J2DlvHPr9kizT9wglS9ihvwZNO1BzZRUmktpPOIJ9CVv6co8pPXv-Wflq_6jaSTwOMwqVFHrCD8lO4aYOVGBrPvv5hex5JJgstKYqepEYKv8fxQNbyzSoWGDQOqnxcv5hsjkdXZI29YJnzEWQdRhUjt3Y6Bxnjgp-A
    User-Agent: Loki/UE5-CL-0 (http-legacy) Windows/10.0.19045.1.256.64bit
    Accept: */*

#18 22:04:02.178  GET /party/parties/party-9b9d2c887e2524f918e383a895f2f1c2
    -> 200  (0s)
    Accept: */*
    X-Theorycraft-Clientversion: release2.4.live-156430-shipping
    Authorization: Bearer eyJhbGciOiJSUzI1NiIsImtpZCI6InN1cGVydml2ZS1yZXZpdmFsLWtleS0xIiwidHlwIjoiSldUIn0.eyJiYW5zIjpbXSwiY2xpZW50X2lkIjoiYmE4ZmI1OWEzNGJiNDgxYWJjYTA4YzQ2YmE0ODgwMjUiLCJjb3VudHJ5IjoiVVMiLCJkaXNwbGF5X25hbWUiOiJSZXZpdmVyIiwiZXhwIjoxNzg2OTI5MjgzLCJpYXQiOjE3ODY4NDI4ODMsImlzX2NvbXBseSI6dHJ1ZSwiamZsZ3MiOjAsIm5hbWVzcGFjZSI6InN1cGVydml2ZSIsIm5iZiI6MTc4Njg0MjgyMywicGVybWlzc2lvbnMiOlt7IkFjdGlvbiI6MTUsIlJlc291cmNlIjoiTkFNRVNQQUNFOnN1cGVydml2ZToqIn0seyJBY3Rpb24iOjE1LCJSZXNvdXJjZSI6IkFETUlOOk5BTUVTUEFDRTpzdXBlcnZpdmU6KiJ9XSwicm9sZXMiOltdLCJzY29wZSI6ImNvbW1lcmNlIGFjY291bnQgc29jaWFsIHB1Ymxpc2hpbmcgYW5hbHl0aWNzIiwic3ViIjoiOWI5ZDJjODg3ZTI1MjRmOTE4ZTM4M2E4OTVmMmYxYzIiLCJ1bmlxdWVEaXNwbGF5TmFtZSI6IlJldml2ZXIjMDAwMSIsInVuaXF1ZV9kaXNwbGF5X25hbWUiOiJSZXZpdmVyIzAwMDEifQ.fv8xRcCKsGH-kO-Yy5UkjIPChaqt0XYnodWf6hdS9uvwgLBx_Gpa6LtecHNO-sBxhNPFiTKP9dX9Vt7yMu-Z2L8x2NIYZSvJXh40Ti4JY4OCIKzNCZ-YroW2-mPGnTu0jObkHPxrOs8nMbQ1S2Hi3HfrJfBHW0DD2Mm_lj8eplsA1NBAf-F9J2DlvHPr9kizT9wglS9ihvwZNO1BzZRUmktpPOIJ9CVv6co8pPXv-Wflq_6jaSTwOMwqVFHrCD8lO4aYOVGBrPvv5hex5JJgstKYqepEYKv8fxQNbyzSoWGDQOqnxcv5hsjkdXZI29YJnzEWQdRhUjt3Y6Bxnjgp-A
    User-Agent: Loki/UE5-CL-0 (http-legacy) Windows/10.0.19045.1.256.64bit

#17 22:04:02.269  GET /revival/loadout
    -> 200  (0s)
    User-Agent: supervive-loadout-shim

#16 22:04:02.269  GET /referral/player/9b9d2c887e2524f918e383a895f2f1c2/points
    -> 200  (0s)
    Accept: */*
    X-Theorycraft-Clientversion: release2.4.live-156430-shipping
    Authorization: Bearer eyJhbGciOiJSUzI1NiIsImtpZCI6InN1cGVydml2ZS1yZXZpdmFsLWtleS0xIiwidHlwIjoiSldUIn0.eyJiYW5zIjpbXSwiY2xpZW50X2lkIjoiYmE4ZmI1OWEzNGJiNDgxYWJjYTA4YzQ2YmE0ODgwMjUiLCJjb3VudHJ5IjoiVVMiLCJkaXNwbGF5X25hbWUiOiJSZXZpdmVyIiwiZXhwIjoxNzg2OTI5MjgzLCJpYXQiOjE3ODY4NDI4ODMsImlzX2NvbXBseSI6dHJ1ZSwiamZsZ3MiOjAsIm5hbWVzcGFjZSI6InN1cGVydml2ZSIsIm5iZiI6MTc4Njg0MjgyMywicGVybWlzc2lvbnMiOlt7IkFjdGlvbiI6MTUsIlJlc291cmNlIjoiTkFNRVNQQUNFOnN1cGVydml2ZToqIn0seyJBY3Rpb24iOjE1LCJSZXNvdXJjZSI6IkFETUlOOk5BTUVTUEFDRTpzdXBlcnZpdmU6KiJ9XSwicm9sZXMiOltdLCJzY29wZSI6ImNvbW1lcmNlIGFjY291bnQgc29jaWFsIHB1Ymxpc2hpbmcgYW5hbHl0aWNzIiwic3ViIjoiOWI5ZDJjODg3ZTI1MjRmOTE4ZTM4M2E4OTVmMmYxYzIiLCJ1bmlxdWVEaXNwbGF5TmFtZSI6IlJldml2ZXIjMDAwMSIsInVuaXF1ZV9kaXNwbGF5X25hbWUiOiJSZXZpdmVyIzAwMDEifQ.fv8xRcCKsGH-kO-Yy5UkjIPChaqt0XYnodWf6hdS9uvwgLBx_Gpa6LtecHNO-sBxhNPFiTKP9dX9Vt7yMu-Z2L8x2NIYZSvJXh40Ti4JY4OCIKzNCZ-YroW2-mPGnTu0jObkHPxrOs8nMbQ1S2Hi3HfrJfBHW0DD2Mm_lj8eplsA1NBAf-F9J2DlvHPr9kizT9wglS9ihvwZNO1BzZRUmktpPOIJ9CVv6co8pPXv-Wflq_6jaSTwOMwqVFHrCD8lO4aYOVGBrPvv5hex5JJgstKYqepEYKv8fxQNbyzSoWGDQOqnxcv5hsjkdXZI29YJnzEWQdRhUjt3Y6Bxnjgp-A
    User-Agent: Loki/UE5-CL-0 (http-legacy) Windows/10.0.19045.1.256.64bit

* 22:04:02.554  WS connected /lobby (subproto="wss") envelope=["LbS".."LbE"]

#20 22:04:02.588  POST /party/parties/party-9b9d2c887e2524f918e383a895f2f1c2/refreshRanks
    -> 200  (0s)
    Accept: */*
    X-Theorycraft-Clientversion: release2.4.live-156430-shipping
    Authorization: Bearer eyJhbGciOiJSUzI1NiIsImtpZCI6InN1cGVydml2ZS1yZXZpdmFsLWtleS0xIiwidHlwIjoiSldUIn0.eyJiYW5zIjpbXSwiY2xpZW50X2lkIjoiYmE4ZmI1OWEzNGJiNDgxYWJjYTA4YzQ2YmE0ODgwMjUiLCJjb3VudHJ5IjoiVVMiLCJkaXNwbGF5X25hbWUiOiJSZXZpdmVyIiwiZXhwIjoxNzg2OTI5MjgzLCJpYXQiOjE3ODY4NDI4ODMsImlzX2NvbXBseSI6dHJ1ZSwiamZsZ3MiOjAsIm5hbWVzcGFjZSI6InN1cGVydml2ZSIsIm5iZiI6MTc4Njg0MjgyMywicGVybWlzc2lvbnMiOlt7IkFjdGlvbiI6MTUsIlJlc291cmNlIjoiTkFNRVNQQUNFOnN1cGVydml2ZToqIn0seyJBY3Rpb24iOjE1LCJSZXNvdXJjZSI6IkFETUlOOk5BTUVTUEFDRTpzdXBlcnZpdmU6KiJ9XSwicm9sZXMiOltdLCJzY29wZSI6ImNvbW1lcmNlIGFjY291bnQgc29jaWFsIHB1Ymxpc2hpbmcgYW5hbHl0aWNzIiwic3ViIjoiOWI5ZDJjODg3ZTI1MjRmOTE4ZTM4M2E4OTVmMmYxYzIiLCJ1bmlxdWVEaXNwbGF5TmFtZSI6IlJldml2ZXIjMDAwMSIsInVuaXF1ZV9kaXNwbGF5X25hbWUiOiJSZXZpdmVyIzAwMDEifQ.fv8xRcCKsGH-kO-Yy5UkjIPChaqt0XYnodWf6hdS9uvwgLBx_Gpa6LtecHNO-sBxhNPFiTKP9dX9Vt7yMu-Z2L8x2NIYZSvJXh40Ti4JY4OCIKzNCZ-YroW2-mPGnTu0jObkHPxrOs8nMbQ1S2Hi3HfrJfBHW0DD2Mm_lj8eplsA1NBAf-F9J2DlvHPr9kizT9wglS9ihvwZNO1BzZRUmktpPOIJ9CVv6co8pPXv-Wflq_6jaSTwOMwqVFHrCD8lO4aYOVGBrPvv5hex5JJgstKYqepEYKv8fxQNbyzSoWGDQOqnxcv5hsjkdXZI29YJnzEWQdRhUjt3Y6Bxnjgp-A
    User-Agent: Loki/UE5-CL-0 (http-legacy) Windows/10.0.19045.1.256.64bit
    Content-Type: application/x-www-form-urlencoded

#19 22:04:02.555  POST /party/parties/party-9b9d2c887e2524f918e383a895f2f1c2/setTargetQueues
    -> 200  (0s)
    X-Theorycraft-Clientversion: release2.4.live-156430-shipping
    Authorization: Bearer eyJhbGciOiJSUzI1NiIsImtpZCI6InN1cGVydml2ZS1yZXZpdmFsLWtleS0xIiwidHlwIjoiSldUIn0.eyJiYW5zIjpbXSwiY2xpZW50X2lkIjoiYmE4ZmI1OWEzNGJiNDgxYWJjYTA4YzQ2YmE0ODgwMjUiLCJjb3VudHJ5IjoiVVMiLCJkaXNwbGF5X25hbWUiOiJSZXZpdmVyIiwiZXhwIjoxNzg2OTI5MjgzLCJpYXQiOjE3ODY4NDI4ODMsImlzX2NvbXBseSI6dHJ1ZSwiamZsZ3MiOjAsIm5hbWVzcGFjZSI6InN1cGVydml2ZSIsIm5iZiI6MTc4Njg0MjgyMywicGVybWlzc2lvbnMiOlt7IkFjdGlvbiI6MTUsIlJlc291cmNlIjoiTkFNRVNQQUNFOnN1cGVydml2ZToqIn0seyJBY3Rpb24iOjE1LCJSZXNvdXJjZSI6IkFETUlOOk5BTUVTUEFDRTpzdXBlcnZpdmU6KiJ9XSwicm9sZXMiOltdLCJzY29wZSI6ImNvbW1lcmNlIGFjY291bnQgc29jaWFsIHB1Ymxpc2hpbmcgYW5hbHl0aWNzIiwic3ViIjoiOWI5ZDJjODg3ZTI1MjRmOTE4ZTM4M2E4OTVmMmYxYzIiLCJ1bmlxdWVEaXNwbGF5TmFtZSI6IlJldml2ZXIjMDAwMSIsInVuaXF1ZV9kaXNwbGF5X25hbWUiOiJSZXZpdmVyIzAwMDEifQ.fv8xRcCKsGH-kO-Yy5UkjIPChaqt0XYnodWf6hdS9uvwgLBx_Gpa6LtecHNO-sBxhNPFiTKP9dX9Vt7yMu-Z2L8x2NIYZSvJXh40Ti4JY4OCIKzNCZ-YroW2-mPGnTu0jObkHPxrOs8nMbQ1S2Hi3HfrJfBHW0DD2Mm_lj8eplsA1NBAf-F9J2DlvHPr9kizT9wglS9ihvwZNO1BzZRUmktpPOIJ9CVv6co8pPXv-Wflq_6jaSTwOMwqVFHrCD8lO4aYOVGBrPvv5hex5JJgstKYqepEYKv8fxQNbyzSoWGDQOqnxcv5hsjkdXZI29YJnzEWQdRhUjt3Y6Bxnjgp-A
    Content-Type: application/json
    User-Agent: Loki/UE5-CL-0 (http-legacy) Windows/10.0.19045.1.256.64bit
    Accept: */*
    body: {"queueIds":["tutorialNew-ranked"]}

#21 22:04:02.764  GET /revival/loadout
    -> 200  (0s)
    User-Agent: supervive-loadout-shim

#22 22:04:02.938  GET /revival/loadout
    -> 200  (0s)
    User-Agent: supervive-loadout-shim

* 22:04:02.988  WS <- /lobby TEXT "type: listIncomingFriendsRequest\nid: friends-3627"

* 22:04:03.011  WS -> /lobby TEXT "type: listIncomingFriendsResponse\nid: friends-3627\ncode: 0\nfriendsId: []"

* 22:04:03.036  WS <- /lobby TEXT "type: listOutgoingFriendsRequest\nid: friends-5899"

* 22:04:03.061  WS -> /lobby TEXT "type: listOutgoingFriendsResponse\nid: friends-5899\ncode: 0\nfriendsId: []"

* 22:04:03.086  WS <- /lobby TEXT "type: listOfFriendsRequest\nid: friends-7834"

* 22:04:03.110  WS -> /lobby TEXT "type: listOfFriendsResponse\nid: friends-7834\ncode: 0\nfriendsId: []"

#23 22:04:03.113  GET /revival/loadout
    -> 200  (0s)
    User-Agent: supervive-loadout-shim

#24 22:04:03.314  GET /revival/loadout
    -> 200  (0s)
    User-Agent: supervive-loadout-shim

* 22:04:03.392  WS <- /lobby TEXT "type: setUserStatusRequest\nid: presence-5827\navailability: online\nactivity: eyJhIjoiTWVudXMiLCJjViI6InJlbGVhc2UyLjQubGl2ZS0xNTY0MzAtc2hpcHBpbmciLCJwSWQiOiJwYXJ0eS05YjlkMmM4ODdlMjUyNGY5MThlMzgzYTg5NWYyZjFjMiIsInBRcyI6WyJ0dXRvcmlhbE5ldyJdLCJwTyI6MCwicFMiOjEsIm1QUyI6LTEsInJrIjoxMiwicmtQIjoxODUwLCJyIjpbeyJxIjoidHV0b3JpYWxOZXciLCJyayI6MTIsInJrUCI6MTg1MH1dLCJhdklkIjoiIiwidCI6W10sImRzSWQiOiIifQ==\n"

* 22:04:03.419  WS -> /lobby TEXT "type: setUserStatusResponse\nid: presence-5827\ncode: 0"

* 22:04:03.493  WS <- /lobby TEXT "type: friendsStatusRequest\nid: presence-4567"

#25 22:04:03.503  GET /revival/loadout
    -> 200  (0s)
    User-Agent: supervive-loadout-shim

#26 22:04:03.697  GET /revival/loadout
    -> 200  (0s)
    User-Agent: supervive-loadout-shim

#27 22:04:03.871  GET /revival/loadout
    -> 200  (0s)
    User-Agent: supervive-loadout-shim

#28 22:04:03.907  GET /configuration/client?language=en
    -> 200  (0s)
    User-Agent: Loki/UE5-CL-0 (http-legacy) Windows/10.0.19045.1.256.64bit
    Authorization: Bearer eyJhbGciOiJSUzI1NiIsImtpZCI6InN1cGVydml2ZS1yZXZpdmFsLWtleS0xIiwidHlwIjoiSldUIn0.eyJiYW5zIjpbXSwiY2xpZW50X2lkIjoiYmE4ZmI1OWEzNGJiNDgxYWJjYTA4YzQ2YmE0ODgwMjUiLCJjb3VudHJ5IjoiVVMiLCJkaXNwbGF5X25hbWUiOiJSZXZpdmVyIiwiZXhwIjoxNzg2OTI5MjgzLCJpYXQiOjE3ODY4NDI4ODMsImlzX2NvbXBseSI6dHJ1ZSwiamZsZ3MiOjAsIm5hbWVzcGFjZSI6InN1cGVydml2ZSIsIm5iZiI6MTc4Njg0MjgyMywicGVybWlzc2lvbnMiOlt7IkFjdGlvbiI6MTUsIlJlc291cmNlIjoiTkFNRVNQQUNFOnN1cGVydml2ZToqIn0seyJBY3Rpb24iOjE1LCJSZXNvdXJjZSI6IkFETUlOOk5BTUVTUEFDRTpzdXBlcnZpdmU6KiJ9XSwicm9sZXMiOltdLCJzY29wZSI6ImNvbW1lcmNlIGFjY291bnQgc29jaWFsIHB1Ymxpc2hpbmcgYW5hbHl0aWNzIiwic3ViIjoiOWI5ZDJjODg3ZTI1MjRmOTE4ZTM4M2E4OTVmMmYxYzIiLCJ1bmlxdWVEaXNwbGF5TmFtZSI6IlJldml2ZXIjMDAwMSIsInVuaXF1ZV9kaXNwbGF5X25hbWUiOiJSZXZpdmVyIzAwMDEifQ.fv8xRcCKsGH-kO-Yy5UkjIPChaqt0XYnodWf6hdS9uvwgLBx_Gpa6LtecHNO-sBxhNPFiTKP9dX9Vt7yMu-Z2L8x2NIYZSvJXh40Ti4JY4OCIKzNCZ-YroW2-mPGnTu0jObkHPxrOs8nMbQ1S2Hi3HfrJfBHW0DD2Mm_lj8eplsA1NBAf-F9J2DlvHPr9kizT9wglS9ihvwZNO1BzZRUmktpPOIJ9CVv6co8pPXv-Wflq_6jaSTwOMwqVFHrCD8lO4aYOVGBrPvv5hex5JJgstKYqepEYKv8fxQNbyzSoWGDQOqnxcv5hsjkdXZI29YJnzEWQdRhUjt3Y6Bxnjgp-A
    Accept: */*
    X-Theorycraft-Clientversion: release2.4.live-156430-shipping

#30 22:04:03.926  GET /storefront/real/offers/9b9d2c887e2524f918e383a895f2f1c2
    -> 200  (0s)
    User-Agent: Loki/UE5-CL-0 (http-legacy) Windows/10.0.19045.1.256.64bit
    Accept: */*
    X-Theorycraft-Clientversion: release2.4.live-156430-shipping
    Authorization: Bearer eyJhbGciOiJSUzI1NiIsImtpZCI6InN1cGVydml2ZS1yZXZpdmFsLWtleS0xIiwidHlwIjoiSldUIn0.eyJiYW5zIjpbXSwiY2xpZW50X2lkIjoiYmE4ZmI1OWEzNGJiNDgxYWJjYTA4YzQ2YmE0ODgwMjUiLCJjb3VudHJ5IjoiVVMiLCJkaXNwbGF5X25hbWUiOiJSZXZpdmVyIiwiZXhwIjoxNzg2OTI5MjgzLCJpYXQiOjE3ODY4NDI4ODMsImlzX2NvbXBseSI6dHJ1ZSwiamZsZ3MiOjAsIm5hbWVzcGFjZSI6InN1cGVydml2ZSIsIm5iZiI6MTc4Njg0MjgyMywicGVybWlzc2lvbnMiOlt7IkFjdGlvbiI6MTUsIlJlc291cmNlIjoiTkFNRVNQQUNFOnN1cGVydml2ZToqIn0seyJBY3Rpb24iOjE1LCJSZXNvdXJjZSI6IkFETUlOOk5BTUVTUEFDRTpzdXBlcnZpdmU6KiJ9XSwicm9sZXMiOltdLCJzY29wZSI6ImNvbW1lcmNlIGFjY291bnQgc29jaWFsIHB1Ymxpc2hpbmcgYW5hbHl0aWNzIiwic3ViIjoiOWI5ZDJjODg3ZTI1MjRmOTE4ZTM4M2E4OTVmMmYxYzIiLCJ1bmlxdWVEaXNwbGF5TmFtZSI6IlJldml2ZXIjMDAwMSIsInVuaXF1ZV9kaXNwbGF5X25hbWUiOiJSZXZpdmVyIzAwMDEifQ.fv8xRcCKsGH-kO-Yy5UkjIPChaqt0XYnodWf6hdS9uvwgLBx_Gpa6LtecHNO-sBxhNPFiTKP9dX9Vt7yMu-Z2L8x2NIYZSvJXh40Ti4JY4OCIKzNCZ-YroW2-mPGnTu0jObkHPxrOs8nMbQ1S2Hi3HfrJfBHW0DD2Mm_lj8eplsA1NBAf-F9J2DlvHPr9kizT9wglS9ihvwZNO1BzZRUmktpPOIJ9CVv6co8pPXv-Wflq_6jaSTwOMwqVFHrCD8lO4aYOVGBrPvv5hex5JJgstKYqepEYKv8fxQNbyzSoWGDQOqnxcv5hsjkdXZI29YJnzEWQdRhUjt3Y6Bxnjgp-A

#29 22:04:03.926  GET /storefront/wallet/9b9d2c887e2524f918e383a895f2f1c2
    -> 200  (0s)
    Accept: */*
    X-Theorycraft-Clientversion: release2.4.live-156430-shipping
    Authorization: Bearer eyJhbGciOiJSUzI1NiIsImtpZCI6InN1cGVydml2ZS1yZXZpdmFsLWtleS0xIiwidHlwIjoiSldUIn0.eyJiYW5zIjpbXSwiY2xpZW50X2lkIjoiYmE4ZmI1OWEzNGJiNDgxYWJjYTA4YzQ2YmE0ODgwMjUiLCJjb3VudHJ5IjoiVVMiLCJkaXNwbGF5X25hbWUiOiJSZXZpdmVyIiwiZXhwIjoxNzg2OTI5MjgzLCJpYXQiOjE3ODY4NDI4ODMsImlzX2NvbXBseSI6dHJ1ZSwiamZsZ3MiOjAsIm5hbWVzcGFjZSI6InN1cGVydml2ZSIsIm5iZiI6MTc4Njg0MjgyMywicGVybWlzc2lvbnMiOlt7IkFjdGlvbiI6MTUsIlJlc291cmNlIjoiTkFNRVNQQUNFOnN1cGVydml2ZToqIn0seyJBY3Rpb24iOjE1LCJSZXNvdXJjZSI6IkFETUlOOk5BTUVTUEFDRTpzdXBlcnZpdmU6KiJ9XSwicm9sZXMiOltdLCJzY29wZSI6ImNvbW1lcmNlIGFjY291bnQgc29jaWFsIHB1Ymxpc2hpbmcgYW5hbHl0aWNzIiwic3ViIjoiOWI5ZDJjODg3ZTI1MjRmOTE4ZTM4M2E4OTVmMmYxYzIiLCJ1bmlxdWVEaXNwbGF5TmFtZSI6IlJldml2ZXIjMDAwMSIsInVuaXF1ZV9kaXNwbGF5X25hbWUiOiJSZXZpdmVyIzAwMDEifQ.fv8xRcCKsGH-kO-Yy5UkjIPChaqt0XYnodWf6hdS9uvwgLBx_Gpa6LtecHNO-sBxhNPFiTKP9dX9Vt7yMu-Z2L8x2NIYZSvJXh40Ti4JY4OCIKzNCZ-YroW2-mPGnTu0jObkHPxrOs8nMbQ1S2Hi3HfrJfBHW0DD2Mm_lj8eplsA1NBAf-F9J2DlvHPr9kizT9wglS9ihvwZNO1BzZRUmktpPOIJ9CVv6co8pPXv-Wflq_6jaSTwOMwqVFHrCD8lO4aYOVGBrPvv5hex5JJgstKYqepEYKv8fxQNbyzSoWGDQOqnxcv5hsjkdXZI29YJnzEWQdRhUjt3Y6Bxnjgp-A
    User-Agent: Loki/UE5-CL-0 (http-legacy) Windows/10.0.19045.1.256.64bit

#31 22:04:03.951  GET /content-service/manifest/release2.4.live-156430-shipping?nonEnabledOnly=true
    -> 200  (0s)
    X-Theorycraft-Clientversion: release2.4.live-156430-shipping
    Authorization: Bearer eyJhbGciOiJSUzI1NiIsImtpZCI6InN1cGVydml2ZS1yZXZpdmFsLWtleS0xIiwidHlwIjoiSldUIn0.eyJiYW5zIjpbXSwiY2xpZW50X2lkIjoiYmE4ZmI1OWEzNGJiNDgxYWJjYTA4YzQ2YmE0ODgwMjUiLCJjb3VudHJ5IjoiVVMiLCJkaXNwbGF5X25hbWUiOiJSZXZpdmVyIiwiZXhwIjoxNzg2OTI5MjgzLCJpYXQiOjE3ODY4NDI4ODMsImlzX2NvbXBseSI6dHJ1ZSwiamZsZ3MiOjAsIm5hbWVzcGFjZSI6InN1cGVydml2ZSIsIm5iZiI6MTc4Njg0MjgyMywicGVybWlzc2lvbnMiOlt7IkFjdGlvbiI6MTUsIlJlc291cmNlIjoiTkFNRVNQQUNFOnN1cGVydml2ZToqIn0seyJBY3Rpb24iOjE1LCJSZXNvdXJjZSI6IkFETUlOOk5BTUVTUEFDRTpzdXBlcnZpdmU6KiJ9XSwicm9sZXMiOltdLCJzY29wZSI6ImNvbW1lcmNlIGFjY291bnQgc29jaWFsIHB1Ymxpc2hpbmcgYW5hbHl0aWNzIiwic3ViIjoiOWI5ZDJjODg3ZTI1MjRmOTE4ZTM4M2E4OTVmMmYxYzIiLCJ1bmlxdWVEaXNwbGF5TmFtZSI6IlJldml2ZXIjMDAwMSIsInVuaXF1ZV9kaXNwbGF5X25hbWUiOiJSZXZpdmVyIzAwMDEifQ.fv8xRcCKsGH-kO-Yy5UkjIPChaqt0XYnodWf6hdS9uvwgLBx_Gpa6LtecHNO-sBxhNPFiTKP9dX9Vt7yMu-Z2L8x2NIYZSvJXh40Ti4JY4OCIKzNCZ-YroW2-mPGnTu0jObkHPxrOs8nMbQ1S2Hi3HfrJfBHW0DD2Mm_lj8eplsA1NBAf-F9J2DlvHPr9kizT9wglS9ihvwZNO1BzZRUmktpPOIJ9CVv6co8pPXv-Wflq_6jaSTwOMwqVFHrCD8lO4aYOVGBrPvv5hex5JJgstKYqepEYKv8fxQNbyzSoWGDQOqnxcv5hsjkdXZI29YJnzEWQdRhUjt3Y6Bxnjgp-A
    User-Agent: Loki/UE5-CL-0 (http-legacy) Windows/10.0.19045.1.256.64bit
    Accept: */*

#32 22:04:04.046  GET /revival/loadout
    -> 200  (0s)
    User-Agent: supervive-loadout-shim

#33 22:04:04.230  GET /revival/loadout
    -> 200  (0s)
    User-Agent: supervive-loadout-shim

#34 22:04:04.413  GET /revival/loadout
    -> 200  (0s)
    User-Agent: supervive-loadout-shim

#35 22:04:04.595  GET /revival/loadout
    -> 200  (0s)
    User-Agent: supervive-loadout-shim

#36 22:04:04.780  GET /revival/loadout
    -> 200  (0s)
    User-Agent: supervive-loadout-shim

#37 22:04:04.962  GET /revival/loadout
    -> 200  (0s)
    User-Agent: supervive-loadout-shim

#38 22:04:05.146  GET /revival/loadout
    -> 200  (0s)
    User-Agent: supervive-loadout-shim

#39 22:04:05.330  GET /revival/loadout
    -> 200  (0s)
    User-Agent: supervive-loadout-shim

#40 22:04:05.513  GET /revival/loadout
    -> 200  (0s)
    User-Agent: supervive-loadout-shim

#41 22:04:05.696  GET /revival/loadout
    -> 200  (0s)
    User-Agent: supervive-loadout-shim

#42 22:04:05.880  GET /revival/loadout
    -> 200  (0s)
    User-Agent: supervive-loadout-shim

#43 22:04:05.933  GET /party/matchmaking/info
    -> 200  (0s)
    User-Agent: s122-verify-NOT-the-game

#44 22:04:06.062  GET /revival/loadout
    -> 200  (0s)
    User-Agent: supervive-loadout-shim

#45 22:04:06.246  GET /revival/loadout
    -> 200  (0s)
    User-Agent: supervive-loadout-shim

#46 22:04:06.429  GET /revival/loadout
    -> 200  (0s)
    User-Agent: supervive-loadout-shim

#47 22:04:06.612  GET /revival/loadout
    -> 200  (0s)
    User-Agent: supervive-loadout-shim

#48 22:04:06.796  GET /revival/loadout
    -> 200  (0s)
    User-Agent: supervive-loadout-shim

#49 22:04:06.979  GET /revival/loadout
    -> 200  (0s)
    User-Agent: supervive-loadout-shim

#50 22:04:07.162  GET /revival/loadout
    -> 200  (0s)
    User-Agent: supervive-loadout-shim

#51 22:04:07.346  GET /revival/loadout
    -> 200  (0s)
    User-Agent: supervive-loadout-shim

#52 22:04:07.529  GET /revival/loadout
    -> 200  (0s)
    User-Agent: supervive-loadout-shim

#53 22:04:07.712  GET /revival/loadout
    -> 200  (0s)
    User-Agent: supervive-loadout-shim

#54 22:04:07.895  GET /revival/loadout
    -> 200  (0s)
    User-Agent: supervive-loadout-shim

#55 22:04:08.069  GET /revival/loadout
    -> 200  (0s)
    User-Agent: supervive-loadout-shim

#56 22:04:08.253  GET /revival/loadout
    -> 200  (0s)
    User-Agent: supervive-loadout-shim

#57 22:04:08.436  GET /revival/loadout
    -> 200  (0s)
    User-Agent: supervive-loadout-shim

#58 22:04:08.619  GET /revival/loadout
    -> 200  (0s)
    User-Agent: supervive-loadout-shim

#59 22:04:08.803  GET /revival/loadout
    -> 200  (0s)
    User-Agent: supervive-loadout-shim

#60 22:04:08.986  GET /revival/loadout
    -> 200  (0s)
    User-Agent: supervive-loadout-shim

#61 22:04:09.170  GET /revival/loadout
    -> 200  (0s)
    User-Agent: supervive-loadout-shim

#62 22:04:09.353  GET /revival/loadout
    -> 200  (0s)
    User-Agent: supervive-loadout-shim

#63 22:04:09.536  GET /revival/loadout
    -> 200  (0s)
    User-Agent: supervive-loadout-shim

#64 22:04:09.720  GET /revival/loadout
    -> 200  (0s)
    User-Agent: supervive-loadout-shim

#65 22:04:09.902  GET /revival/loadout
    -> 200  (0s)
    User-Agent: supervive-loadout-shim

#66 22:04:10.086  GET /revival/loadout
    -> 200  (0s)
    User-Agent: supervive-loadout-shim

#67 22:04:10.269  GET /revival/loadout
    -> 200  (0s)
    User-Agent: supervive-loadout-shim

#68 22:04:10.452  GET /revival/loadout
    -> 200  (0s)
    User-Agent: supervive-loadout-shim

#69 22:04:10.635  GET /revival/loadout
    -> 200  (0s)
    User-Agent: supervive-loadout-shim

#70 22:04:10.811  GET /revival/loadout
    -> 200  (0s)
    User-Agent: supervive-loadout-shim

#71 22:04:10.992  GET /revival/loadout
    -> 200  (0s)
    User-Agent: supervive-loadout-shim

#72 22:04:11.177  GET /revival/loadout
    -> 200  (0s)
    User-Agent: supervive-loadout-shim

#73 22:04:11.359  GET /revival/loadout
    -> 200  (0s)
    User-Agent: supervive-loadout-shim

#74 22:04:11.544  GET /revival/loadout
    -> 200  (0s)
    User-Agent: supervive-loadout-shim

#75 22:04:11.727  GET /revival/loadout
    -> 200  (0s)
    User-Agent: supervive-loadout-shim

#76 22:04:11.910  GET /revival/loadout
    -> 200  (0s)
    User-Agent: supervive-loadout-shim

#77 22:04:12.093  GET /revival/loadout
    -> 200  (0s)
    User-Agent: supervive-loadout-shim

#78 22:04:12.276  GET /revival/loadout
    -> 200  (0s)
    User-Agent: supervive-loadout-shim

#79 22:04:12.460  GET /revival/loadout
    -> 200  (0s)
    User-Agent: supervive-loadout-shim

#80 22:04:12.644  GET /revival/loadout
    -> 200  (0s)
    User-Agent: supervive-loadout-shim

#81 22:04:12.826  GET /revival/loadout
    -> 200  (0s)
    User-Agent: supervive-loadout-shim

#82 22:04:13.010  GET /revival/loadout
    -> 200  (0s)
    User-Agent: supervive-loadout-shim

#83 22:04:13.193  GET /revival/loadout
    -> 200  (0s)
    User-Agent: supervive-loadout-shim

#84 22:04:13.376  GET /revival/loadout
    -> 200  (0s)
    User-Agent: supervive-loadout-shim

#85 22:04:13.560  GET /revival/loadout
    -> 200  (0s)
    User-Agent: supervive-loadout-shim

#86 22:04:13.743  GET /revival/loadout
    -> 200  (0s)
    User-Agent: supervive-loadout-shim

#87 22:04:13.926  GET /revival/loadout
    -> 200  (0s)
    User-Agent: supervive-loadout-shim

#88 22:04:14.109  GET /revival/loadout
    -> 200  (0s)
    User-Agent: supervive-loadout-shim

#89 22:04:14.292  GET /revival/loadout
    -> 200  (0s)
    User-Agent: supervive-loadout-shim

#90 22:04:14.476  GET /revival/loadout
    -> 200  (0s)
    User-Agent: supervive-loadout-shim

#91 22:04:14.659  GET /revival/loadout
    -> 200  (0s)
    User-Agent: supervive-loadout-shim

#92 22:04:14.842  GET /revival/loadout
    -> 200  (0s)
    User-Agent: supervive-loadout-shim

#93 22:04:15.025  GET /revival/loadout
    -> 200  (0s)
    User-Agent: supervive-loadout-shim

#94 22:04:15.209  GET /revival/loadout
    -> 200  (0s)
    User-Agent: supervive-loadout-shim

#95 22:04:15.392  GET /revival/loadout
    -> 200  (0s)
    User-Agent: supervive-loadout-shim

#96 22:04:15.574  GET /revival/loadout
    -> 200  (1ms)
    User-Agent: supervive-loadout-shim

#97 22:04:15.767  GET /revival/loadout
    -> 200  (0s)
    User-Agent: supervive-loadout-shim

#98 22:04:15.950  GET /revival/loadout
    -> 200  (0s)
    User-Agent: supervive-loadout-shim

#99 22:04:16.133  GET /revival/loadout
    -> 200  (0s)
    User-Agent: supervive-loadout-shim

#100 22:04:16.245  POST /party/parties/party-9b9d2c887e2524f918e383a895f2f1c2/members/9b9d2c887e2524f918e383a895f2f1c2/latencies
    -> 200  (0s)
    X-Theorycraft-Clientversion: release2.4.live-156430-shipping
    Authorization: Bearer eyJhbGciOiJSUzI1NiIsImtpZCI6InN1cGVydml2ZS1yZXZpdmFsLWtleS0xIiwidHlwIjoiSldUIn0.eyJiYW5zIjpbXSwiY2xpZW50X2lkIjoiYmE4ZmI1OWEzNGJiNDgxYWJjYTA4YzQ2YmE0ODgwMjUiLCJjb3VudHJ5IjoiVVMiLCJkaXNwbGF5X25hbWUiOiJSZXZpdmVyIiwiZXhwIjoxNzg2OTI5MjgzLCJpYXQiOjE3ODY4NDI4ODMsImlzX2NvbXBseSI6dHJ1ZSwiamZsZ3MiOjAsIm5hbWVzcGFjZSI6InN1cGVydml2ZSIsIm5iZiI6MTc4Njg0MjgyMywicGVybWlzc2lvbnMiOlt7IkFjdGlvbiI6MTUsIlJlc291cmNlIjoiTkFNRVNQQUNFOnN1cGVydml2ZToqIn0seyJBY3Rpb24iOjE1LCJSZXNvdXJjZSI6IkFETUlOOk5BTUVTUEFDRTpzdXBlcnZpdmU6KiJ9XSwicm9sZXMiOltdLCJzY29wZSI6ImNvbW1lcmNlIGFjY291bnQgc29jaWFsIHB1Ymxpc2hpbmcgYW5hbHl0aWNzIiwic3ViIjoiOWI5ZDJjODg3ZTI1MjRmOTE4ZTM4M2E4OTVmMmYxYzIiLCJ1bmlxdWVEaXNwbGF5TmFtZSI6IlJldml2ZXIjMDAwMSIsInVuaXF1ZV9kaXNwbGF5X25hbWUiOiJSZXZpdmVyIzAwMDEifQ.fv8xRcCKsGH-kO-Yy5UkjIPChaqt0XYnodWf6hdS9uvwgLBx_Gpa6LtecHNO-sBxhNPFiTKP9dX9Vt7yMu-Z2L8x2NIYZSvJXh40Ti4JY4OCIKzNCZ-YroW2-mPGnTu0jObkHPxrOs8nMbQ1S2Hi3HfrJfBHW0DD2Mm_lj8eplsA1NBAf-F9J2DlvHPr9kizT9wglS9ihvwZNO1BzZRUmktpPOIJ9CVv6co8pPXv-Wflq_6jaSTwOMwqVFHrCD8lO4aYOVGBrPvv5hex5JJgstKYqepEYKv8fxQNbyzSoWGDQOqnxcv5hsjkdXZI29YJnzEWQdRhUjt3Y6Bxnjgp-A
    Content-Type: application/json
    User-Agent: Loki/UE5-CL-0 (http-legacy) Windows/10.0.19045.1.256.64bit
    Accept: */*
    body: {"latencies":[{"host":"127.0.0.1","region":"us-east-1","route":"default","avgLatency":0}]}

#101 22:04:16.317  GET /revival/loadout
    -> 200  (0s)
    User-Agent: supervive-loadout-shim

#102 22:04:16.501  GET /revival/loadout
    -> 200  (0s)
    User-Agent: supervive-loadout-shim

#103 22:04:16.684  GET /revival/loadout
    -> 200  (0s)
    User-Agent: supervive-loadout-shim

#104 22:04:16.866  GET /revival/loadout
    -> 200  (0s)
    User-Agent: supervive-loadout-shim

#105 22:04:17.050  GET /revival/loadout
    -> 200  (0s)
    User-Agent: supervive-loadout-shim

#106 22:04:17.233  GET /revival/loadout
    -> 200  (0s)
    User-Agent: supervive-loadout-shim

#107 22:04:17.417  GET /revival/loadout
    -> 200  (0s)
    User-Agent: supervive-loadout-shim

#108 22:04:17.600  GET /revival/loadout
    -> 200  (0s)
    User-Agent: supervive-loadout-shim

#109 22:04:17.783  GET /revival/loadout
    -> 200  (0s)
    User-Agent: supervive-loadout-shim

#110 22:04:17.966  GET /revival/loadout
    -> 200  (0s)
    User-Agent: supervive-loadout-shim

#111 22:04:18.150  GET /revival/loadout
    -> 200  (0s)
    User-Agent: supervive-loadout-shim

#112 22:04:18.332  GET /revival/loadout
    -> 200  (0s)
    User-Agent: supervive-loadout-shim

#113 22:04:18.516  GET /revival/loadout
    -> 200  (0s)
    User-Agent: supervive-loadout-shim

#114 22:04:18.699  GET /revival/loadout
    -> 200  (0s)
    User-Agent: supervive-loadout-shim

#115 22:04:18.883  GET /revival/loadout
    -> 200  (0s)
    User-Agent: supervive-loadout-shim

#116 22:04:19.066  GET /revival/loadout
    -> 200  (0s)
    User-Agent: supervive-loadout-shim

#117 22:04:19.249  GET /revival/loadout
    -> 200  (0s)
    User-Agent: supervive-loadout-shim

#118 22:04:19.433  GET /revival/loadout
    -> 200  (0s)
    User-Agent: supervive-loadout-shim

#119 22:04:19.615  GET /revival/loadout
    -> 200  (0s)
    User-Agent: supervive-loadout-shim

#120 22:04:19.799  GET /revival/loadout
    -> 200  (0s)
    User-Agent: supervive-loadout-shim

#121 22:04:19.982  GET /revival/loadout
    -> 200  (0s)
    User-Agent: supervive-loadout-shim

#122 22:04:20.165  GET /revival/loadout
    -> 200  (0s)
    User-Agent: supervive-loadout-shim

#123 22:04:20.349  GET /revival/loadout
    -> 200  (0s)
    User-Agent: supervive-loadout-shim

#124 22:04:20.532  GET /revival/loadout
    -> 200  (0s)
    User-Agent: supervive-loadout-shim

#125 22:04:20.716  GET /revival/loadout
    -> 200  (0s)
    User-Agent: supervive-loadout-shim

#126 22:04:20.899  GET /revival/loadout
    -> 200  (0s)
    User-Agent: supervive-loadout-shim

#127 22:04:21.082  GET /revival/loadout
    -> 200  (0s)
    User-Agent: supervive-loadout-shim

#128 22:04:21.257  GET /revival/loadout
    -> 200  (0s)
    User-Agent: supervive-loadout-shim

#129 22:04:21.440  GET /revival/loadout
    -> 200  (0s)
    User-Agent: supervive-loadout-shim

#130 22:04:21.623  GET /revival/loadout
    -> 200  (0s)
    User-Agent: supervive-loadout-shim

#131 22:04:21.806  GET /revival/loadout
    -> 200  (0s)
    User-Agent: supervive-loadout-shim

#132 22:04:21.989  GET /revival/loadout
    -> 200  (0s)
    User-Agent: supervive-loadout-shim

#133 22:04:22.173  GET /revival/loadout
    -> 200  (0s)
    User-Agent: supervive-loadout-shim

#134 22:04:22.356  GET /revival/loadout
    -> 200  (0s)
    User-Agent: supervive-loadout-shim

#135 22:04:22.539  GET /revival/loadout
    -> 200  (0s)
    User-Agent: supervive-loadout-shim

#136 22:04:22.723  GET /revival/loadout
    -> 200  (0s)
    User-Agent: supervive-loadout-shim

#137 22:04:22.906  GET /revival/loadout
    -> 200  (0s)
    User-Agent: supervive-loadout-shim

#138 22:04:23.090  GET /revival/loadout
    -> 200  (0s)
    User-Agent: supervive-loadout-shim

#139 22:04:23.273  GET /revival/loadout
    -> 200  (0s)
    User-Agent: supervive-loadout-shim

#140 22:04:23.456  GET /revival/loadout
    -> 200  (0s)
    User-Agent: supervive-loadout-shim

#141 22:04:23.639  GET /revival/loadout
    -> 200  (0s)
    User-Agent: supervive-loadout-shim

#142 22:04:23.823  GET /revival/loadout
    -> 200  (0s)
    User-Agent: supervive-loadout-shim

#143 22:04:24.005  GET /revival/loadout
    -> 200  (0s)
    User-Agent: supervive-loadout-shim

#144 22:04:24.189  GET /revival/loadout
    -> 200  (0s)
    User-Agent: supervive-loadout-shim

#145 22:04:24.372  GET /revival/loadout
    -> 200  (0s)
    User-Agent: supervive-loadout-shim

#146 22:04:24.556  GET /revival/loadout
    -> 200  (0s)
    User-Agent: supervive-loadout-shim

#147 22:04:24.738  GET /revival/loadout
    -> 200  (0s)
    User-Agent: supervive-loadout-shim

#148 22:04:24.922  GET /revival/loadout
    -> 200  (0s)
    User-Agent: supervive-loadout-shim

#149 22:04:25.105  GET /revival/loadout
    -> 200  (0s)
    User-Agent: supervive-loadout-shim

#150 22:04:25.288  GET /revival/loadout
    -> 200  (0s)
    User-Agent: supervive-loadout-shim

#151 22:04:25.471  GET /revival/loadout
    -> 200  (0s)
    User-Agent: supervive-loadout-shim

#152 22:04:25.654  GET /revival/loadout
    -> 200  (0s)
    User-Agent: supervive-loadout-shim

#153 22:04:25.838  GET /revival/loadout
    -> 200  (0s)
    User-Agent: supervive-loadout-shim

#154 22:04:26.021  GET /revival/loadout
    -> 200  (0s)
    User-Agent: supervive-loadout-shim

#155 22:04:26.205  GET /revival/loadout
    -> 200  (0s)
    User-Agent: supervive-loadout-shim

#156 22:04:26.388  GET /revival/loadout
    -> 200  (0s)
    User-Agent: supervive-loadout-shim

#157 22:04:26.572  GET /revival/loadout
    -> 200  (0s)
    User-Agent: supervive-loadout-shim

#158 22:04:26.746  GET /revival/loadout
    -> 200  (0s)
    User-Agent: supervive-loadout-shim

#159 22:04:26.929  GET /revival/loadout
    -> 200  (0s)
    User-Agent: supervive-loadout-shim

#160 22:04:27.113  GET /revival/loadout
    -> 200  (0s)
    User-Agent: supervive-loadout-shim

#161 22:04:27.296  GET /revival/loadout
    -> 200  (0s)
    User-Agent: supervive-loadout-shim

#162 22:04:27.480  GET /revival/loadout
    -> 200  (0s)
    User-Agent: supervive-loadout-shim

#163 22:04:27.663  GET /revival/loadout
    -> 200  (0s)
    User-Agent: supervive-loadout-shim

#164 22:04:27.845  GET /revival/loadout
    -> 200  (0s)
    User-Agent: supervive-loadout-shim

#165 22:04:28.032  GET /revival/loadout
    -> 200  (0s)
    User-Agent: supervive-loadout-shim

#166 22:04:28.212  GET /revival/loadout
    -> 200  (0s)
    User-Agent: supervive-loadout-shim

#167 22:04:28.395  GET /revival/loadout
    -> 200  (1ms)
    User-Agent: supervive-loadout-shim

#168 22:04:28.579  GET /revival/loadout
    -> 200  (0s)
    User-Agent: supervive-loadout-shim

#169 22:04:28.762  GET /revival/loadout
    -> 200  (0s)
    User-Agent: supervive-loadout-shim

#170 22:04:28.945  GET /revival/loadout
    -> 200  (0s)
    User-Agent: supervive-loadout-shim

#171 22:04:29.128  GET /revival/loadout
    -> 200  (0s)
    User-Agent: supervive-loadout-shim

#172 22:04:29.312  GET /revival/loadout
    -> 200  (0s)
    User-Agent: supervive-loadout-shim

#173 22:04:29.487  GET /revival/loadout
    -> 200  (0s)
    User-Agent: supervive-loadout-shim

#174 22:04:29.670  GET /revival/loadout
    -> 200  (0s)
    User-Agent: supervive-loadout-shim

#175 22:04:29.854  GET /revival/loadout
    -> 200  (0s)
    User-Agent: supervive-loadout-shim

#176 22:04:30.071  GET /revival/loadout
    -> 200  (0s)
    User-Agent: supervive-loadout-shim

#177 22:04:30.257  GET /revival/loadout
    -> 200  (0s)
    User-Agent: supervive-loadout-shim

#178 22:04:30.438  GET /revival/loadout
    -> 200  (0s)
    User-Agent: supervive-loadout-shim

#179 22:04:30.620  GET /revival/loadout
    -> 200  (0s)
    User-Agent: supervive-loadout-shim

#180 22:04:30.803  GET /revival/loadout
    -> 200  (0s)
    User-Agent: supervive-loadout-shim

#181 22:04:30.987  GET /revival/loadout
    -> 200  (0s)
    User-Agent: supervive-loadout-shim

#182 22:04:31.170  GET /revival/loadout
    -> 200  (0s)
    User-Agent: supervive-loadout-shim

#183 22:04:31.353  GET /revival/loadout
    -> 200  (0s)
    User-Agent: supervive-loadout-shim

#184 22:04:31.536  GET /revival/loadout
    -> 200  (0s)
    User-Agent: supervive-loadout-shim

#185 22:04:31.720  GET /revival/loadout
    -> 200  (0s)
    User-Agent: supervive-loadout-shim

#186 22:04:31.902  GET /revival/loadout
    -> 200  (0s)
    User-Agent: supervive-loadout-shim

#187 22:04:32.089  GET /revival/loadout
    -> 200  (1ms)
    User-Agent: supervive-loadout-shim

* 22:04:32.163  WS -> /notifications/players/9b9d2c887e2524f918e383a895f2f1c2 BINARY hb (proactive 30s keepalive)

#188 22:04:32.198  GET /party/matchmaking/info
    -> 200  (0s)
    Accept: */*
    User-Agent: Loki/UE5-CL-0 (http-legacy) Windows/10.0.19045.1.256.64bit
    X-Theorycraft-Clientversion: release2.4.live-156430-shipping
    Authorization: Bearer eyJhbGciOiJSUzI1NiIsImtpZCI6InN1cGVydml2ZS1yZXZpdmFsLWtleS0xIiwidHlwIjoiSldUIn0.eyJiYW5zIjpbXSwiY2xpZW50X2lkIjoiYmE4ZmI1OWEzNGJiNDgxYWJjYTA4YzQ2YmE0ODgwMjUiLCJjb3VudHJ5IjoiVVMiLCJkaXNwbGF5X25hbWUiOiJSZXZpdmVyIiwiZXhwIjoxNzg2OTI5MjgzLCJpYXQiOjE3ODY4NDI4ODMsImlzX2NvbXBseSI6dHJ1ZSwiamZsZ3MiOjAsIm5hbWVzcGFjZSI6InN1cGVydml2ZSIsIm5iZiI6MTc4Njg0MjgyMywicGVybWlzc2lvbnMiOlt7IkFjdGlvbiI6MTUsIlJlc291cmNlIjoiTkFNRVNQQUNFOnN1cGVydml2ZToqIn0seyJBY3Rpb24iOjE1LCJSZXNvdXJjZSI6IkFETUlOOk5BTUVTUEFDRTpzdXBlcnZpdmU6KiJ9XSwicm9sZXMiOltdLCJzY29wZSI6ImNvbW1lcmNlIGFjY291bnQgc29jaWFsIHB1Ymxpc2hpbmcgYW5hbHl0aWNzIiwic3ViIjoiOWI5ZDJjODg3ZTI1MjRmOTE4ZTM4M2E4OTVmMmYxYzIiLCJ1bmlxdWVEaXNwbGF5TmFtZSI6IlJldml2ZXIjMDAwMSIsInVuaXF1ZV9kaXNwbGF5X25hbWUiOiJSZXZpdmVyIzAwMDEifQ.fv8xRcCKsGH-kO-Yy5UkjIPChaqt0XYnodWf6hdS9uvwgLBx_Gpa6LtecHNO-sBxhNPFiTKP9dX9Vt7yMu-Z2L8x2NIYZSvJXh40Ti4JY4OCIKzNCZ-YroW2-mPGnTu0jObkHPxrOs8nMbQ1S2Hi3HfrJfBHW0DD2Mm_lj8eplsA1NBAf-F9J2DlvHPr9kizT9wglS9ihvwZNO1BzZRUmktpPOIJ9CVv6co8pPXv-Wflq_6jaSTwOMwqVFHrCD8lO4aYOVGBrPvv5hex5JJgstKYqepEYKv8fxQNbyzSoWGDQOqnxcv5hsjkdXZI29YJnzEWQdRhUjt3Y6Bxnjgp-A

#189 22:04:32.279  GET /revival/loadout
    -> 200  (0s)
    User-Agent: supervive-loadout-shim

#190 22:04:32.460  GET /revival/loadout
    -> 200  (0s)
    User-Agent: supervive-loadout-shim

#191 22:04:32.643  GET /revival/loadout
    -> 200  (0s)
    User-Agent: supervive-loadout-shim

#192 22:04:32.712  GET /party/players/9b9d2c887e2524f918e383a895f2f1c2/voice
    -> 200  (0s)
    Accept: */*
    X-Theorycraft-Clientversion: release2.4.live-156430-shipping
    Authorization: Bearer eyJhbGciOiJSUzI1NiIsImtpZCI6InN1cGVydml2ZS1yZXZpdmFsLWtleS0xIiwidHlwIjoiSldUIn0.eyJiYW5zIjpbXSwiY2xpZW50X2lkIjoiYmE4ZmI1OWEzNGJiNDgxYWJjYTA4YzQ2YmE0ODgwMjUiLCJjb3VudHJ5IjoiVVMiLCJkaXNwbGF5X25hbWUiOiJSZXZpdmVyIiwiZXhwIjoxNzg2OTI5MjgzLCJpYXQiOjE3ODY4NDI4ODMsImlzX2NvbXBseSI6dHJ1ZSwiamZsZ3MiOjAsIm5hbWVzcGFjZSI6InN1cGVydml2ZSIsIm5iZiI6MTc4Njg0MjgyMywicGVybWlzc2lvbnMiOlt7IkFjdGlvbiI6MTUsIlJlc291cmNlIjoiTkFNRVNQQUNFOnN1cGVydml2ZToqIn0seyJBY3Rpb24iOjE1LCJSZXNvdXJjZSI6IkFETUlOOk5BTUVTUEFDRTpzdXBlcnZpdmU6KiJ9XSwicm9sZXMiOltdLCJzY29wZSI6ImNvbW1lcmNlIGFjY291bnQgc29jaWFsIHB1Ymxpc2hpbmcgYW5hbHl0aWNzIiwic3ViIjoiOWI5ZDJjODg3ZTI1MjRmOTE4ZTM4M2E4OTVmMmYxYzIiLCJ1bmlxdWVEaXNwbGF5TmFtZSI6IlJldml2ZXIjMDAwMSIsInVuaXF1ZV9kaXNwbGF5X25hbWUiOiJSZXZpdmVyIzAwMDEifQ.fv8xRcCKsGH-kO-Yy5UkjIPChaqt0XYnodWf6hdS9uvwgLBx_Gpa6LtecHNO-sBxhNPFiTKP9dX9Vt7yMu-Z2L8x2NIYZSvJXh40Ti4JY4OCIKzNCZ-YroW2-mPGnTu0jObkHPxrOs8nMbQ1S2Hi3HfrJfBHW0DD2Mm_lj8eplsA1NBAf-F9J2DlvHPr9kizT9wglS9ihvwZNO1BzZRUmktpPOIJ9CVv6co8pPXv-Wflq_6jaSTwOMwqVFHrCD8lO4aYOVGBrPvv5hex5JJgstKYqepEYKv8fxQNbyzSoWGDQOqnxcv5hsjkdXZI29YJnzEWQdRhUjt3Y6Bxnjgp-A
    User-Agent: Loki/UE5-CL-0 (http-legacy) Windows/10.0.19045.1.256.64bit

#193 22:04:32.827  GET /revival/loadout
    -> 200  (0s)
    User-Agent: supervive-loadout-shim

#194 22:04:33.010  GET /revival/loadout
    -> 200  (0s)
    User-Agent: supervive-loadout-shim

* 22:04:33.035  WS <- /lobby TEXT ""

#195 22:04:33.194  GET /revival/loadout
    -> 200  (0s)
    User-Agent: supervive-loadout-shim

#196 22:04:33.378  GET /revival/loadout
    -> 200  (0s)
    User-Agent: supervive-loadout-shim

#197 22:04:33.561  GET /revival/loadout
    -> 200  (0s)
    User-Agent: supervive-loadout-shim

#198 22:04:33.744  GET /revival/loadout
    -> 200  (0s)
    User-Agent: supervive-loadout-shim

#199 22:04:33.893  GET /configuration/client?language=en
    -> 200  (0s)
    Accept: */*
    X-Theorycraft-Clientversion: release2.4.live-156430-shipping
    Authorization: Bearer eyJhbGciOiJSUzI1NiIsImtpZCI6InN1cGVydml2ZS1yZXZpdmFsLWtleS0xIiwidHlwIjoiSldUIn0.eyJiYW5zIjpbXSwiY2xpZW50X2lkIjoiYmE4ZmI1OWEzNGJiNDgxYWJjYTA4YzQ2YmE0ODgwMjUiLCJjb3VudHJ5IjoiVVMiLCJkaXNwbGF5X25hbWUiOiJSZXZpdmVyIiwiZXhwIjoxNzg2OTI5MjgzLCJpYXQiOjE3ODY4NDI4ODMsImlzX2NvbXBseSI6dHJ1ZSwiamZsZ3MiOjAsIm5hbWVzcGFjZSI6InN1cGVydml2ZSIsIm5iZiI6MTc4Njg0MjgyMywicGVybWlzc2lvbnMiOlt7IkFjdGlvbiI6MTUsIlJlc291cmNlIjoiTkFNRVNQQUNFOnN1cGVydml2ZToqIn0seyJBY3Rpb24iOjE1LCJSZXNvdXJjZSI6IkFETUlOOk5BTUVTUEFDRTpzdXBlcnZpdmU6KiJ9XSwicm9sZXMiOltdLCJzY29wZSI6ImNvbW1lcmNlIGFjY291bnQgc29jaWFsIHB1Ymxpc2hpbmcgYW5hbHl0aWNzIiwic3ViIjoiOWI5ZDJjODg3ZTI1MjRmOTE4ZTM4M2E4OTVmMmYxYzIiLCJ1bmlxdWVEaXNwbGF5TmFtZSI6IlJldml2ZXIjMDAwMSIsInVuaXF1ZV9kaXNwbGF5X25hbWUiOiJSZXZpdmVyIzAwMDEifQ.fv8xRcCKsGH-kO-Yy5UkjIPChaqt0XYnodWf6hdS9uvwgLBx_Gpa6LtecHNO-sBxhNPFiTKP9dX9Vt7yMu-Z2L8x2NIYZSvJXh40Ti4JY4OCIKzNCZ-YroW2-mPGnTu0jObkHPxrOs8nMbQ1S2Hi3HfrJfBHW0DD2Mm_lj8eplsA1NBAf-F9J2DlvHPr9kizT9wglS9ihvwZNO1BzZRUmktpPOIJ9CVv6co8pPXv-Wflq_6jaSTwOMwqVFHrCD8lO4aYOVGBrPvv5hex5JJgstKYqepEYKv8fxQNbyzSoWGDQOqnxcv5hsjkdXZI29YJnzEWQdRhUjt3Y6Bxnjgp-A
    User-Agent: Loki/UE5-CL-0 (http-legacy) Windows/10.0.19045.1.256.64bit

#200 22:04:33.926  GET /revival/loadout
    -> 200  (0s)
    User-Agent: supervive-loadout-shim

#201 22:04:33.966  GET /content-service/manifest/release2.4.live-156430-shipping?nonEnabledOnly=true
    -> 200  (0s)
    X-Theorycraft-Clientversion: release2.4.live-156430-shipping
    Authorization: Bearer eyJhbGciOiJSUzI1NiIsImtpZCI6InN1cGVydml2ZS1yZXZpdmFsLWtleS0xIiwidHlwIjoiSldUIn0.eyJiYW5zIjpbXSwiY2xpZW50X2lkIjoiYmE4ZmI1OWEzNGJiNDgxYWJjYTA4YzQ2YmE0ODgwMjUiLCJjb3VudHJ5IjoiVVMiLCJkaXNwbGF5X25hbWUiOiJSZXZpdmVyIiwiZXhwIjoxNzg2OTI5MjgzLCJpYXQiOjE3ODY4NDI4ODMsImlzX2NvbXBseSI6dHJ1ZSwiamZsZ3MiOjAsIm5hbWVzcGFjZSI6InN1cGVydml2ZSIsIm5iZiI6MTc4Njg0MjgyMywicGVybWlzc2lvbnMiOlt7IkFjdGlvbiI6MTUsIlJlc291cmNlIjoiTkFNRVNQQUNFOnN1cGVydml2ZToqIn0seyJBY3Rpb24iOjE1LCJSZXNvdXJjZSI6IkFETUlOOk5BTUVTUEFDRTpzdXBlcnZpdmU6KiJ9XSwicm9sZXMiOltdLCJzY29wZSI6ImNvbW1lcmNlIGFjY291bnQgc29jaWFsIHB1Ymxpc2hpbmcgYW5hbHl0aWNzIiwic3ViIjoiOWI5ZDJjODg3ZTI1MjRmOTE4ZTM4M2E4OTVmMmYxYzIiLCJ1bmlxdWVEaXNwbGF5TmFtZSI6IlJldml2ZXIjMDAwMSIsInVuaXF1ZV9kaXNwbGF5X25hbWUiOiJSZXZpdmVyIzAwMDEifQ.fv8xRcCKsGH-kO-Yy5UkjIPChaqt0XYnodWf6hdS9uvwgLBx_Gpa6LtecHNO-sBxhNPFiTKP9dX9Vt7yMu-Z2L8x2NIYZSvJXh40Ti4JY4OCIKzNCZ-YroW2-mPGnTu0jObkHPxrOs8nMbQ1S2Hi3HfrJfBHW0DD2Mm_lj8eplsA1NBAf-F9J2DlvHPr9kizT9wglS9ihvwZNO1BzZRUmktpPOIJ9CVv6co8pPXv-Wflq_6jaSTwOMwqVFHrCD8lO4aYOVGBrPvv5hex5JJgstKYqepEYKv8fxQNbyzSoWGDQOqnxcv5hsjkdXZI29YJnzEWQdRhUjt3Y6Bxnjgp-A
    User-Agent: Loki/UE5-CL-0 (http-legacy) Windows/10.0.19045.1.256.64bit
    Accept: */*

#202 22:04:34.110  GET /revival/loadout
    -> 200  (0s)
    User-Agent: supervive-loadout-shim

#203 22:04:34.294  GET /revival/loadout
    -> 200  (0s)
    User-Agent: supervive-loadout-shim

#204 22:04:34.473  GET /revival/loadout
    -> 200  (0s)
    User-Agent: supervive-loadout-shim

#205 22:04:34.662  GET /revival/loadout
    -> 200  (0s)
    User-Agent: supervive-loadout-shim

#206 22:04:34.835  GET /revival/loadout
    -> 200  (0s)
    User-Agent: supervive-loadout-shim

#207 22:04:35.019  GET /revival/loadout
    -> 200  (0s)
    User-Agent: supervive-loadout-shim

#208 22:04:35.202  GET /revival/loadout
    -> 200  (0s)
    User-Agent: supervive-loadout-shim

#209 22:04:35.390  GET /revival/loadout
    -> 200  (0s)
    User-Agent: supervive-loadout-shim

#210 22:04:35.576  GET /revival/loadout
    -> 200  (0s)
    User-Agent: supervive-loadout-shim

#211 22:04:35.760  GET /revival/loadout
    -> 200  (0s)
    User-Agent: supervive-loadout-shim

#212 22:04:35.943  GET /revival/loadout
    -> 200  (0s)
    User-Agent: supervive-loadout-shim

#213 22:04:36.125  GET /revival/loadout
    -> 200  (0s)
    User-Agent: supervive-loadout-shim

#214 22:04:36.301  GET /revival/loadout
    -> 200  (0s)
    User-Agent: supervive-loadout-shim

#215 22:04:36.485  GET /revival/loadout
    -> 200  (0s)
    User-Agent: supervive-loadout-shim

#216 22:04:36.668  GET /revival/loadout
    -> 200  (0s)
    User-Agent: supervive-loadout-shim

#217 22:04:36.851  GET /revival/loadout
    -> 200  (0s)
    User-Agent: supervive-loadout-shim

#218 22:04:37.034  GET /revival/loadout
    -> 200  (0s)
    User-Agent: supervive-loadout-shim

#219 22:04:37.218  GET /revival/loadout
    -> 200  (0s)
    User-Agent: supervive-loadout-shim

#220 22:04:37.400  GET /revival/loadout
    -> 200  (0s)
    User-Agent: supervive-loadout-shim

#221 22:04:37.583  GET /revival/loadout
    -> 200  (0s)
    User-Agent: supervive-loadout-shim

#222 22:04:37.767  GET /revival/loadout
    -> 200  (0s)
    User-Agent: supervive-loadout-shim

#223 22:04:37.951  GET /revival/loadout
    -> 200  (0s)
    User-Agent: supervive-loadout-shim

#224 22:04:38.133  GET /revival/loadout
    -> 200  (0s)
    User-Agent: supervive-loadout-shim

#225 22:04:38.317  GET /revival/loadout
    -> 200  (0s)
    User-Agent: supervive-loadout-shim

#226 22:04:38.500  GET /revival/loadout
    -> 200  (0s)
    User-Agent: supervive-loadout-shim

#227 22:04:38.684  GET /revival/loadout
    -> 200  (0s)
    User-Agent: supervive-loadout-shim

#228 22:04:38.867  GET /revival/loadout
    -> 200  (0s)
    User-Agent: supervive-loadout-shim

#229 22:04:39.042  GET /revival/loadout
    -> 200  (0s)
    User-Agent: supervive-loadout-shim

#230 22:04:39.233  GET /revival/loadout
    -> 200  (0s)
    User-Agent: supervive-loadout-shim

#231 22:04:39.299  GET /storefront/offers/9b9d2c887e2524f918e383a895f2f1c2
    -> 200  (3ms)
    X-Theorycraft-Clientversion: release2.4.live-156430-shipping
    Authorization: Bearer eyJhbGciOiJSUzI1NiIsImtpZCI6InN1cGVydml2ZS1yZXZpdmFsLWtleS0xIiwidHlwIjoiSldUIn0.eyJiYW5zIjpbXSwiY2xpZW50X2lkIjoiYmE4ZmI1OWEzNGJiNDgxYWJjYTA4YzQ2YmE0ODgwMjUiLCJjb3VudHJ5IjoiVVMiLCJkaXNwbGF5X25hbWUiOiJSZXZpdmVyIiwiZXhwIjoxNzg2OTI5MjgzLCJpYXQiOjE3ODY4NDI4ODMsImlzX2NvbXBseSI6dHJ1ZSwiamZsZ3MiOjAsIm5hbWVzcGFjZSI6InN1cGVydml2ZSIsIm5iZiI6MTc4Njg0MjgyMywicGVybWlzc2lvbnMiOlt7IkFjdGlvbiI6MTUsIlJlc291cmNlIjoiTkFNRVNQQUNFOnN1cGVydml2ZToqIn0seyJBY3Rpb24iOjE1LCJSZXNvdXJjZSI6IkFETUlOOk5BTUVTUEFDRTpzdXBlcnZpdmU6KiJ9XSwicm9sZXMiOltdLCJzY29wZSI6ImNvbW1lcmNlIGFjY291bnQgc29jaWFsIHB1Ymxpc2hpbmcgYW5hbHl0aWNzIiwic3ViIjoiOWI5ZDJjODg3ZTI1MjRmOTE4ZTM4M2E4OTVmMmYxYzIiLCJ1bmlxdWVEaXNwbGF5TmFtZSI6IlJldml2ZXIjMDAwMSIsInVuaXF1ZV9kaXNwbGF5X25hbWUiOiJSZXZpdmVyIzAwMDEifQ.fv8xRcCKsGH-kO-Yy5UkjIPChaqt0XYnodWf6hdS9uvwgLBx_Gpa6LtecHNO-sBxhNPFiTKP9dX9Vt7yMu-Z2L8x2NIYZSvJXh40Ti4JY4OCIKzNCZ-YroW2-mPGnTu0jObkHPxrOs8nMbQ1S2Hi3HfrJfBHW0DD2Mm_lj8eplsA1NBAf-F9J2DlvHPr9kizT9wglS9ihvwZNO1BzZRUmktpPOIJ9CVv6co8pPXv-Wflq_6jaSTwOMwqVFHrCD8lO4aYOVGBrPvv5hex5JJgstKYqepEYKv8fxQNbyzSoWGDQOqnxcv5hsjkdXZI29YJnzEWQdRhUjt3Y6Bxnjgp-A
    User-Agent: Loki/UE5-CL-0 (http-legacy) Windows/10.0.19045.1.256.64bit
    Accept: */*

#232 22:04:39.416  GET /revival/loadout
    -> 200  (0s)
    User-Agent: supervive-loadout-shim

#233 22:04:39.599  GET /revival/loadout
    -> 200  (0s)
    User-Agent: supervive-loadout-shim

#234 22:04:39.787  GET /revival/loadout
    -> 200  (0s)
    User-Agent: supervive-loadout-shim

#235 22:04:39.966  GET /revival/loadout
    -> 200  (0s)
    User-Agent: supervive-loadout-shim

#236 22:04:40.149  GET /revival/loadout
    -> 200  (0s)
    User-Agent: supervive-loadout-shim

#237 22:04:40.324  GET /revival/loadout
    -> 200  (0s)
    User-Agent: supervive-loadout-shim

#238 22:04:40.508  GET /revival/loadout
    -> 200  (0s)
    User-Agent: supervive-loadout-shim

#239 22:04:40.690  GET /revival/loadout
    -> 200  (0s)
    User-Agent: supervive-loadout-shim

#240 22:04:40.874  GET /revival/loadout
    -> 200  (0s)
    User-Agent: supervive-loadout-shim

#241 22:04:41.058  GET /revival/loadout
    -> 200  (0s)
    User-Agent: supervive-loadout-shim

#242 22:04:41.261  GET /revival/loadout
    -> 200  (0s)
    User-Agent: supervive-loadout-shim

#243 22:04:41.450  GET /revival/loadout
    -> 200  (0s)
    User-Agent: supervive-loadout-shim

#244 22:04:41.632  GET /revival/loadout
    -> 200  (0s)
    User-Agent: supervive-loadout-shim

#245 22:04:41.689  POST /game-telemetry/v1/protected/events
    -> 200  (0s)
    Content-Type: application/json
    Authorization: Bearer eyJhbGciOiJSUzI1NiIsImtpZCI6InN1cGVydml2ZS1yZXZpdmFsLWtleS0xIiwidHlwIjoiSldUIn0.eyJiYW5zIjpbXSwiY2xpZW50X2lkIjoiYmE4ZmI1OWEzNGJiNDgxYWJjYTA4YzQ2YmE0ODgwMjUiLCJjb3VudHJ5IjoiVVMiLCJkaXNwbGF5X25hbWUiOiJSZXZpdmVyIiwiZXhwIjoxNzg2OTI5MjgzLCJpYXQiOjE3ODY4NDI4ODMsImlzX2NvbXBseSI6dHJ1ZSwiamZsZ3MiOjAsIm5hbWVzcGFjZSI6InN1cGVydml2ZSIsIm5iZiI6MTc4Njg0MjgyMywicGVybWlzc2lvbnMiOlt7IkFjdGlvbiI6MTUsIlJlc291cmNlIjoiTkFNRVNQQUNFOnN1cGVydml2ZToqIn0seyJBY3Rpb24iOjE1LCJSZXNvdXJjZSI6IkFETUlOOk5BTUVTUEFDRTpzdXBlcnZpdmU6KiJ9XSwicm9sZXMiOltdLCJzY29wZSI6ImNvbW1lcmNlIGFjY291bnQgc29jaWFsIHB1Ymxpc2hpbmcgYW5hbHl0aWNzIiwic3ViIjoiOWI5ZDJjODg3ZTI1MjRmOTE4ZTM4M2E4OTVmMmYxYzIiLCJ1bmlxdWVEaXNwbGF5TmFtZSI6IlJldml2ZXIjMDAwMSIsInVuaXF1ZV9kaXNwbGF5X25hbWUiOiJSZXZpdmVyIzAwMDEifQ.fv8xRcCKsGH-kO-Yy5UkjIPChaqt0XYnodWf6hdS9uvwgLBx_Gpa6LtecHNO-sBxhNPFiTKP9dX9Vt7yMu-Z2L8x2NIYZSvJXh40Ti4JY4OCIKzNCZ-YroW2-mPGnTu0jObkHPxrOs8nMbQ1S2Hi3HfrJfBHW0DD2Mm_lj8eplsA1NBAf-F9J2DlvHPr9kizT9wglS9ihvwZNO1BzZRUmktpPOIJ9CVv6co8pPXv-Wflq_6jaSTwOMwqVFHrCD8lO4aYOVGBrPvv5hex5JJgstKYqepEYKv8fxQNbyzSoWGDQOqnxcv5hsjkdXZI29YJnzEWQdRhUjt3Y6Bxnjgp-A
    User-Agent: Loki/UE5-CL-0 (http-legacy) Windows/10.0.19045.1.256.64bit
    Accept: application/json
    Game-Client-Version: 1.0.0.0
    body: [
	{
		"EventNamespace": "loki",
		"EventName": "client_network_samples_snapshot",
		"Payload":
		{
			"sessionId": "96103a7341a019677b2c239ad381e488",
			"PlayerId": "9b9d2c887e2524f918e383a895f2f1c2",
			"timestamp": "2026-08-16T03:03:47.969Z",
			"inAveragePacketLoss": 0,
			"outAveragePacketLoss": 0,
			"HardwareId": "c1795a173f53c6f72e8b0125f11309c6"
		},
		"ClientTimestamp": "2026-08-16T03:04:40.267Z",
		"flightId": "fe0275c749fce947c3902a860f491a1d",
		"DeviceType": "Windows"
	}
]

#246 22:04:41.815  GET /revival/loadout
    -> 200  (0s)
    User-Agent: supervive-loadout-shim

#247 22:04:41.999  GET /revival/loadout
    -> 200  (0s)
    User-Agent: supervive-loadout-shim

#248 22:04:42.182  GET /revival/loadout
    -> 200  (0s)
    User-Agent: supervive-loadout-shim

#249 22:04:42.366  GET /revival/loadout
    -> 200  (0s)
    User-Agent: supervive-loadout-shim

#250 22:04:42.549  GET /revival/loadout
    -> 200  (0s)
    User-Agent: supervive-loadout-shim

#251 22:04:42.732  GET /revival/loadout
    -> 200  (0s)
    User-Agent: supervive-loadout-shim

#252 22:04:42.915  GET /revival/loadout
    -> 200  (0s)
    User-Agent: supervive-loadout-shim

#253 22:04:43.090  GET /revival/loadout
    -> 200  (0s)
    User-Agent: supervive-loadout-shim

#254 22:04:43.273  GET /revival/loadout
    -> 200  (1ms)
    User-Agent: supervive-loadout-shim

#255 22:04:43.457  GET /revival/loadout
    -> 200  (0s)
    User-Agent: supervive-loadout-shim

#256 22:04:43.640  GET /revival/loadout
    -> 200  (0s)
    User-Agent: supervive-loadout-shim

#257 22:04:43.823  GET /revival/loadout
    -> 200  (0s)
    User-Agent: supervive-loadout-shim

#258 22:04:44.008  GET /revival/loadout
    -> 200  (0s)
    User-Agent: supervive-loadout-shim

#259 22:04:44.190  GET /revival/loadout
    -> 200  (0s)
    User-Agent: supervive-loadout-shim

#260 22:04:44.365  GET /revival/loadout
    -> 200  (0s)
    User-Agent: supervive-loadout-shim

#261 22:04:44.548  GET /revival/loadout
    -> 200  (0s)
    User-Agent: supervive-loadout-shim

#262 22:04:44.731  GET /revival/loadout
    -> 200  (0s)
    User-Agent: supervive-loadout-shim

#263 22:04:44.906  GET /revival/loadout
    -> 200  (0s)
    User-Agent: supervive-loadout-shim

#264 22:04:45.081  GET /revival/loadout
    -> 200  (0s)
    User-Agent: supervive-loadout-shim

#265 22:04:45.256  GET /revival/loadout
    -> 200  (0s)
    User-Agent: supervive-loadout-shim

#266 22:04:45.431  GET /revival/loadout
    -> 200  (0s)
    User-Agent: supervive-loadout-shim

#267 22:04:45.607  GET /revival/loadout
    -> 200  (0s)
    User-Agent: supervive-loadout-shim

#268 22:04:45.781  GET /revival/loadout
    -> 200  (0s)
    User-Agent: supervive-loadout-shim

#269 22:04:45.956  GET /revival/loadout
    -> 200  (0s)
    User-Agent: supervive-loadout-shim

#270 22:04:46.130  GET /revival/loadout
    -> 200  (0s)
    User-Agent: supervive-loadout-shim

#271 22:04:46.155  POST /party/parties/party-9b9d2c887e2524f918e383a895f2f1c2/members/9b9d2c887e2524f918e383a895f2f1c2/latencies
    -> 200  (0s)
    X-Theorycraft-Clientversion: release2.4.live-156430-shipping
    Authorization: Bearer eyJhbGciOiJSUzI1NiIsImtpZCI6InN1cGVydml2ZS1yZXZpdmFsLWtleS0xIiwidHlwIjoiSldUIn0.eyJiYW5zIjpbXSwiY2xpZW50X2lkIjoiYmE4ZmI1OWEzNGJiNDgxYWJjYTA4YzQ2YmE0ODgwMjUiLCJjb3VudHJ5IjoiVVMiLCJkaXNwbGF5X25hbWUiOiJSZXZpdmVyIiwiZXhwIjoxNzg2OTI5MjgzLCJpYXQiOjE3ODY4NDI4ODMsImlzX2NvbXBseSI6dHJ1ZSwiamZsZ3MiOjAsIm5hbWVzcGFjZSI6InN1cGVydml2ZSIsIm5iZiI6MTc4Njg0MjgyMywicGVybWlzc2lvbnMiOlt7IkFjdGlvbiI6MTUsIlJlc291cmNlIjoiTkFNRVNQQUNFOnN1cGVydml2ZToqIn0seyJBY3Rpb24iOjE1LCJSZXNvdXJjZSI6IkFETUlOOk5BTUVTUEFDRTpzdXBlcnZpdmU6KiJ9XSwicm9sZXMiOltdLCJzY29wZSI6ImNvbW1lcmNlIGFjY291bnQgc29jaWFsIHB1Ymxpc2hpbmcgYW5hbHl0aWNzIiwic3ViIjoiOWI5ZDJjODg3ZTI1MjRmOTE4ZTM4M2E4OTVmMmYxYzIiLCJ1bmlxdWVEaXNwbGF5TmFtZSI6IlJldml2ZXIjMDAwMSIsInVuaXF1ZV9kaXNwbGF5X25hbWUiOiJSZXZpdmVyIzAwMDEifQ.fv8xRcCKsGH-kO-Yy5UkjIPChaqt0XYnodWf6hdS9uvwgLBx_Gpa6LtecHNO-sBxhNPFiTKP9dX9Vt7yMu-Z2L8x2NIYZSvJXh40Ti4JY4OCIKzNCZ-YroW2-mPGnTu0jObkHPxrOs8nMbQ1S2Hi3HfrJfBHW0DD2Mm_lj8eplsA1NBAf-F9J2DlvHPr9kizT9wglS9ihvwZNO1BzZRUmktpPOIJ9CVv6co8pPXv-Wflq_6jaSTwOMwqVFHrCD8lO4aYOVGBrPvv5hex5JJgstKYqepEYKv8fxQNbyzSoWGDQOqnxcv5hsjkdXZI29YJnzEWQdRhUjt3Y6Bxnjgp-A
    Content-Type: application/json
    User-Agent: Loki/UE5-CL-0 (http-legacy) Windows/10.0.19045.1.256.64bit
    Accept: */*
    body: {"latencies":[{"host":"127.0.0.1","region":"us-east-1","route":"default","avgLatency":0}]}

#272 22:04:46.306  GET /revival/loadout
    -> 200  (0s)
    User-Agent: supervive-loadout-shim

#273 22:04:46.480  GET /revival/loadout
    -> 200  (0s)
    User-Agent: supervive-loadout-shim

#274 22:04:46.656  GET /revival/loadout
    -> 200  (0s)
    User-Agent: supervive-loadout-shim

#275 22:04:46.830  GET /revival/loadout
    -> 200  (0s)
    User-Agent: supervive-loadout-shim

#276 22:04:47.005  GET /revival/loadout
    -> 200  (0s)
    User-Agent: supervive-loadout-shim

#277 22:04:47.181  GET /revival/loadout
    -> 200  (0s)
    User-Agent: supervive-loadout-shim

#278 22:04:47.355  GET /revival/loadout
    -> 200  (0s)
    User-Agent: supervive-loadout-shim

#279 22:04:47.530  GET /revival/loadout
    -> 200  (0s)
    User-Agent: supervive-loadout-shim

#280 22:04:47.707  GET /revival/loadout
    -> 200  (0s)
    User-Agent: supervive-loadout-shim

#281 22:04:47.880  GET /revival/loadout
    -> 200  (0s)
    User-Agent: supervive-loadout-shim

#282 22:04:48.055  GET /revival/loadout
    -> 200  (0s)
    User-Agent: supervive-loadout-shim

#283 22:04:48.229  GET /revival/loadout
    -> 200  (0s)
    User-Agent: supervive-loadout-shim

#284 22:04:48.405  GET /revival/loadout
    -> 200  (0s)
    User-Agent: supervive-loadout-shim

#285 22:04:48.580  GET /revival/loadout
    -> 200  (0s)
    User-Agent: supervive-loadout-shim

#286 22:04:48.755  GET /revival/loadout
    -> 200  (0s)
    User-Agent: supervive-loadout-shim

#287 22:04:48.930  GET /revival/loadout
    -> 200  (0s)
    User-Agent: supervive-loadout-shim

#288 22:04:49.105  GET /revival/loadout
    -> 200  (0s)
    User-Agent: supervive-loadout-shim

#289 22:04:49.279  GET /revival/loadout
    -> 200  (0s)
    User-Agent: supervive-loadout-shim

#290 22:04:49.454  GET /revival/loadout
    -> 200  (0s)
    User-Agent: supervive-loadout-shim

#291 22:04:49.629  GET /revival/loadout
    -> 200  (0s)
    User-Agent: supervive-loadout-shim

#292 22:04:49.804  GET /revival/loadout
    -> 200  (0s)
    User-Agent: supervive-loadout-shim

#293 22:04:49.979  GET /revival/loadout
    -> 200  (0s)
    User-Agent: supervive-loadout-shim

#294 22:04:50.154  GET /revival/loadout
    -> 200  (0s)
    User-Agent: supervive-loadout-shim

#295 22:04:50.329  GET /revival/loadout
    -> 200  (0s)
    User-Agent: supervive-loadout-shim

#296 22:04:50.504  GET /revival/loadout
    -> 200  (0s)
    User-Agent: supervive-loadout-shim

#297 22:04:50.679  GET /revival/loadout
    -> 200  (0s)
    User-Agent: supervive-loadout-shim

#298 22:04:50.854  GET /revival/loadout
    -> 200  (0s)
    User-Agent: supervive-loadout-shim

#299 22:04:51.029  GET /revival/loadout
    -> 200  (0s)
    User-Agent: supervive-loadout-shim

#300 22:04:51.203  GET /revival/loadout
    -> 200  (0s)
    User-Agent: supervive-loadout-shim

#301 22:04:51.379  GET /revival/loadout
    -> 200  (0s)
    User-Agent: supervive-loadout-shim

#302 22:04:51.554  GET /revival/loadout
    -> 200  (0s)
    User-Agent: supervive-loadout-shim

#303 22:04:51.728  GET /revival/loadout
    -> 200  (0s)
    User-Agent: supervive-loadout-shim

#304 22:04:51.904  GET /revival/loadout
    -> 200  (0s)
    User-Agent: supervive-loadout-shim

#305 22:04:52.079  GET /revival/loadout
    -> 200  (0s)
    User-Agent: supervive-loadout-shim

#306 22:04:52.253  GET /revival/loadout
    -> 200  (0s)
    User-Agent: supervive-loadout-shim

#307 22:04:52.429  GET /revival/loadout
    -> 200  (0s)
    User-Agent: supervive-loadout-shim

#308 22:04:52.603  GET /revival/loadout
    -> 200  (0s)
    User-Agent: supervive-loadout-shim

#309 22:04:52.778  GET /revival/loadout
    -> 200  (0s)
    User-Agent: supervive-loadout-shim

#310 22:04:52.952  GET /revival/loadout
    -> 200  (0s)
    User-Agent: supervive-loadout-shim

#311 22:04:53.128  GET /revival/loadout
    -> 200  (0s)
    User-Agent: supervive-loadout-shim

#312 22:04:53.303  GET /revival/loadout
    -> 200  (0s)
    User-Agent: supervive-loadout-shim

#313 22:04:53.478  GET /revival/loadout
    -> 200  (0s)
    User-Agent: supervive-loadout-shim

#314 22:04:53.653  GET /revival/loadout
    -> 200  (0s)
    User-Agent: supervive-loadout-shim

#315 22:04:53.828  GET /revival/loadout
    -> 200  (0s)
    User-Agent: supervive-loadout-shim

#316 22:04:54.003  GET /revival/loadout
    -> 200  (0s)
    User-Agent: supervive-loadout-shim

#317 22:04:54.178  GET /revival/loadout
    -> 200  (0s)
    User-Agent: supervive-loadout-shim

#318 22:04:54.352  GET /revival/loadout
    -> 200  (0s)
    User-Agent: supervive-loadout-shim

#319 22:04:54.527  GET /revival/loadout
    -> 200  (0s)
    User-Agent: supervive-loadout-shim

#320 22:04:54.703  GET /revival/loadout
    -> 200  (0s)
    User-Agent: supervive-loadout-shim

#321 22:04:54.878  GET /revival/loadout
    -> 200  (0s)
    User-Agent: supervive-loadout-shim

#322 22:04:55.054  GET /revival/loadout
    -> 200  (0s)
    User-Agent: supervive-loadout-shim

#323 22:04:55.228  GET /revival/loadout
    -> 200  (0s)
    User-Agent: supervive-loadout-shim

#324 22:04:55.402  GET /revival/loadout
    -> 200  (0s)
    User-Agent: supervive-loadout-shim

#325 22:04:55.576  GET /revival/loadout
    -> 200  (0s)
    User-Agent: supervive-loadout-shim

#326 22:04:55.752  GET /revival/loadout
    -> 200  (0s)
    User-Agent: supervive-loadout-shim

#327 22:04:55.928  GET /revival/loadout
    -> 200  (0s)
    User-Agent: supervive-loadout-shim

#328 22:04:56.102  GET /revival/loadout
    -> 200  (1ms)
    User-Agent: supervive-loadout-shim

#329 22:04:56.277  GET /revival/loadout
    -> 200  (0s)
    User-Agent: supervive-loadout-shim

#330 22:04:56.452  GET /revival/loadout
    -> 200  (0s)
    User-Agent: supervive-loadout-shim

#331 22:04:56.627  GET /revival/loadout
    -> 200  (0s)
    User-Agent: supervive-loadout-shim

#332 22:04:56.802  GET /revival/loadout
    -> 200  (0s)
    User-Agent: supervive-loadout-shim

#333 22:04:56.985  GET /revival/loadout
    -> 200  (0s)
    User-Agent: supervive-loadout-shim

#334 22:04:57.160  GET /revival/loadout
    -> 200  (0s)
    User-Agent: supervive-loadout-shim

* 22:04:57.170  WS <- /notifications/players/9b9d2c887e2524f918e383a895f2f1c2 BINARY (2 bytes) 6862

* 22:04:57.207  WS -> /notifications/players/9b9d2c887e2524f918e383a895f2f1c2 TEXT hb reply {"Resource":"hb","Version":0,"Payload":""}

#335 22:04:57.335  GET /revival/loadout
    -> 200  (0s)
    User-Agent: supervive-loadout-shim

#336 22:04:57.508  GET /revival/loadout
    -> 200  (0s)
    User-Agent: supervive-loadout-shim

#337 22:04:57.685  GET /revival/loadout
    -> 200  (0s)
    User-Agent: supervive-loadout-shim

#338 22:04:57.860  GET /revival/loadout
    -> 200  (0s)
    User-Agent: supervive-loadout-shim

#339 22:04:58.034  GET /revival/loadout
    -> 200  (0s)
    User-Agent: supervive-loadout-shim

#340 22:04:58.227  GET /revival/loadout
    -> 200  (0s)
    User-Agent: supervive-loadout-shim

#341 22:04:58.408  GET /revival/loadout
    -> 200  (0s)
    User-Agent: supervive-loadout-shim

#342 22:04:58.575  GET /revival/loadout
    -> 200  (0s)
    User-Agent: supervive-loadout-shim

#343 22:04:58.750  GET /revival/loadout
    -> 200  (1ms)
    User-Agent: supervive-loadout-shim

#344 22:04:58.925  GET /revival/loadout
    -> 200  (0s)
    User-Agent: supervive-loadout-shim

#345 22:04:59.101  GET /revival/loadout
    -> 200  (0s)
    User-Agent: supervive-loadout-shim

#346 22:04:59.274  GET /revival/loadout
    -> 200  (0s)
    User-Agent: supervive-loadout-shim

#347 22:04:59.526  GET /revival/loadout
    -> 200  (0s)
    User-Agent: supervive-loadout-shim

#348 22:04:59.700  GET /revival/loadout
    -> 200  (0s)
    User-Agent: supervive-loadout-shim

#349 22:04:59.875  GET /revival/loadout
    -> 200  (0s)
    User-Agent: supervive-loadout-shim

#350 22:05:00.051  GET /revival/loadout
    -> 200  (0s)
    User-Agent: supervive-loadout-shim

#351 22:05:00.225  GET /revival/loadout
    -> 200  (0s)
    User-Agent: supervive-loadout-shim

#352 22:05:00.401  GET /revival/loadout
    -> 200  (0s)
    User-Agent: supervive-loadout-shim

#353 22:05:00.576  GET /revival/loadout
    -> 200  (0s)
    User-Agent: supervive-loadout-shim

#354 22:05:00.750  GET /revival/loadout
    -> 200  (0s)
    User-Agent: supervive-loadout-shim

#355 22:05:00.925  GET /revival/loadout
    -> 200  (0s)
    User-Agent: supervive-loadout-shim

#356 22:05:01.101  GET /revival/loadout
    -> 200  (0s)
    User-Agent: supervive-loadout-shim

#357 22:05:01.276  GET /revival/loadout
    -> 200  (0s)
    User-Agent: supervive-loadout-shim

#358 22:05:01.450  GET /revival/loadout
    -> 200  (0s)
    User-Agent: supervive-loadout-shim

#359 22:05:01.624  GET /revival/loadout
    -> 200  (0s)
    User-Agent: supervive-loadout-shim

#360 22:05:01.801  GET /revival/loadout
    -> 200  (0s)
    User-Agent: supervive-loadout-shim

#361 22:05:01.976  GET /revival/loadout
    -> 200  (0s)
    User-Agent: supervive-loadout-shim

#362 22:05:02.150  GET /revival/loadout
    -> 200  (0s)
    User-Agent: supervive-loadout-shim

#363 22:05:02.178  GET /core-game/regions
    -> 200  (0s)
    Accept: */*
    X-Theorycraft-Clientversion: release2.4.live-156430-shipping
    Authorization: Bearer eyJhbGciOiJSUzI1NiIsImtpZCI6InN1cGVydml2ZS1yZXZpdmFsLWtleS0xIiwidHlwIjoiSldUIn0.eyJiYW5zIjpbXSwiY2xpZW50X2lkIjoiYmE4ZmI1OWEzNGJiNDgxYWJjYTA4YzQ2YmE0ODgwMjUiLCJjb3VudHJ5IjoiVVMiLCJkaXNwbGF5X25hbWUiOiJSZXZpdmVyIiwiZXhwIjoxNzg2OTI5MjgzLCJpYXQiOjE3ODY4NDI4ODMsImlzX2NvbXBseSI6dHJ1ZSwiamZsZ3MiOjAsIm5hbWVzcGFjZSI6InN1cGVydml2ZSIsIm5iZiI6MTc4Njg0MjgyMywicGVybWlzc2lvbnMiOlt7IkFjdGlvbiI6MTUsIlJlc291cmNlIjoiTkFNRVNQQUNFOnN1cGVydml2ZToqIn0seyJBY3Rpb24iOjE1LCJSZXNvdXJjZSI6IkFETUlOOk5BTUVTUEFDRTpzdXBlcnZpdmU6KiJ9XSwicm9sZXMiOltdLCJzY29wZSI6ImNvbW1lcmNlIGFjY291bnQgc29jaWFsIHB1Ymxpc2hpbmcgYW5hbHl0aWNzIiwic3ViIjoiOWI5ZDJjODg3ZTI1MjRmOTE4ZTM4M2E4OTVmMmYxYzIiLCJ1bmlxdWVEaXNwbGF5TmFtZSI6IlJldml2ZXIjMDAwMSIsInVuaXF1ZV9kaXNwbGF5X25hbWUiOiJSZXZpdmVyIzAwMDEifQ.fv8xRcCKsGH-kO-Yy5UkjIPChaqt0XYnodWf6hdS9uvwgLBx_Gpa6LtecHNO-sBxhNPFiTKP9dX9Vt7yMu-Z2L8x2NIYZSvJXh40Ti4JY4OCIKzNCZ-YroW2-mPGnTu0jObkHPxrOs8nMbQ1S2Hi3HfrJfBHW0DD2Mm_lj8eplsA1NBAf-F9J2DlvHPr9kizT9wglS9ihvwZNO1BzZRUmktpPOIJ9CVv6co8pPXv-Wflq_6jaSTwOMwqVFHrCD8lO4aYOVGBrPvv5hex5JJgstKYqepEYKv8fxQNbyzSoWGDQOqnxcv5hsjkdXZI29YJnzEWQdRhUjt3Y6Bxnjgp-A
    User-Agent: Loki/UE5-CL-0 (http-legacy) Windows/10.0.19045.1.256.64bit

#364 22:05:02.178  GET /party/matchmaking/info
    -> 200  (1ms)
    Accept: */*
    User-Agent: Loki/UE5-CL-0 (http-legacy) Windows/10.0.19045.1.256.64bit
    X-Theorycraft-Clientversion: release2.4.live-156430-shipping
    Authorization: Bearer eyJhbGciOiJSUzI1NiIsImtpZCI6InN1cGVydml2ZS1yZXZpdmFsLWtleS0xIiwidHlwIjoiSldUIn0.eyJiYW5zIjpbXSwiY2xpZW50X2lkIjoiYmE4ZmI1OWEzNGJiNDgxYWJjYTA4YzQ2YmE0ODgwMjUiLCJjb3VudHJ5IjoiVVMiLCJkaXNwbGF5X25hbWUiOiJSZXZpdmVyIiwiZXhwIjoxNzg2OTI5MjgzLCJpYXQiOjE3ODY4NDI4ODMsImlzX2NvbXBseSI6dHJ1ZSwiamZsZ3MiOjAsIm5hbWVzcGFjZSI6InN1cGVydml2ZSIsIm5iZiI6MTc4Njg0MjgyMywicGVybWlzc2lvbnMiOlt7IkFjdGlvbiI6MTUsIlJlc291cmNlIjoiTkFNRVNQQUNFOnN1cGVydml2ZToqIn0seyJBY3Rpb24iOjE1LCJSZXNvdXJjZSI6IkFETUlOOk5BTUVTUEFDRTpzdXBlcnZpdmU6KiJ9XSwicm9sZXMiOltdLCJzY29wZSI6ImNvbW1lcmNlIGFjY291bnQgc29jaWFsIHB1Ymxpc2hpbmcgYW5hbHl0aWNzIiwic3ViIjoiOWI5ZDJjODg3ZTI1MjRmOTE4ZTM4M2E4OTVmMmYxYzIiLCJ1bmlxdWVEaXNwbGF5TmFtZSI6IlJldml2ZXIjMDAwMSIsInVuaXF1ZV9kaXNwbGF5X25hbWUiOiJSZXZpdmVyIzAwMDEifQ.fv8xRcCKsGH-kO-Yy5UkjIPChaqt0XYnodWf6hdS9uvwgLBx_Gpa6LtecHNO-sBxhNPFiTKP9dX9Vt7yMu-Z2L8x2NIYZSvJXh40Ti4JY4OCIKzNCZ-YroW2-mPGnTu0jObkHPxrOs8nMbQ1S2Hi3HfrJfBHW0DD2Mm_lj8eplsA1NBAf-F9J2DlvHPr9kizT9wglS9ihvwZNO1BzZRUmktpPOIJ9CVv6co8pPXv-Wflq_6jaSTwOMwqVFHrCD8lO4aYOVGBrPvv5hex5JJgstKYqepEYKv8fxQNbyzSoWGDQOqnxcv5hsjkdXZI29YJnzEWQdRhUjt3Y6Bxnjgp-A

#365 22:05:02.325  GET /revival/loadout
    -> 200  (0s)
    User-Agent: supervive-loadout-shim

#366 22:05:02.510  GET /revival/loadout
    -> 200  (0s)
    User-Agent: supervive-loadout-shim

#367 22:05:02.695  GET /revival/loadout
    -> 200  (0s)
    User-Agent: supervive-loadout-shim

#368 22:05:02.874  GET /revival/loadout
    -> 200  (0s)
    User-Agent: supervive-loadout-shim

#369 22:05:03.049  GET /revival/loadout
    -> 200  (0s)
    User-Agent: supervive-loadout-shim

* 22:05:03.088  WS <- /lobby TEXT ""

#370 22:05:03.225  GET /revival/loadout
    -> 200  (0s)
    User-Agent: supervive-loadout-shim

#371 22:05:03.399  GET /revival/loadout
    -> 200  (0s)
    User-Agent: supervive-loadout-shim

#372 22:05:03.573  GET /revival/loadout
    -> 200  (0s)
    User-Agent: supervive-loadout-shim

#373 22:05:03.750  GET /revival/loadout
    -> 200  (0s)
    User-Agent: supervive-loadout-shim

#374 22:05:03.889  GET /configuration/client?language=en
    -> 200  (0s)
    Authorization: Bearer eyJhbGciOiJSUzI1NiIsImtpZCI6InN1cGVydml2ZS1yZXZpdmFsLWtleS0xIiwidHlwIjoiSldUIn0.eyJiYW5zIjpbXSwiY2xpZW50X2lkIjoiYmE4ZmI1OWEzNGJiNDgxYWJjYTA4YzQ2YmE0ODgwMjUiLCJjb3VudHJ5IjoiVVMiLCJkaXNwbGF5X25hbWUiOiJSZXZpdmVyIiwiZXhwIjoxNzg2OTI5MjgzLCJpYXQiOjE3ODY4NDI4ODMsImlzX2NvbXBseSI6dHJ1ZSwiamZsZ3MiOjAsIm5hbWVzcGFjZSI6InN1cGVydml2ZSIsIm5iZiI6MTc4Njg0MjgyMywicGVybWlzc2lvbnMiOlt7IkFjdGlvbiI6MTUsIlJlc291cmNlIjoiTkFNRVNQQUNFOnN1cGVydml2ZToqIn0seyJBY3Rpb24iOjE1LCJSZXNvdXJjZSI6IkFETUlOOk5BTUVTUEFDRTpzdXBlcnZpdmU6KiJ9XSwicm9sZXMiOltdLCJzY29wZSI6ImNvbW1lcmNlIGFjY291bnQgc29jaWFsIHB1Ymxpc2hpbmcgYW5hbHl0aWNzIiwic3ViIjoiOWI5ZDJjODg3ZTI1MjRmOTE4ZTM4M2E4OTVmMmYxYzIiLCJ1bmlxdWVEaXNwbGF5TmFtZSI6IlJldml2ZXIjMDAwMSIsInVuaXF1ZV9kaXNwbGF5X25hbWUiOiJSZXZpdmVyIzAwMDEifQ.fv8xRcCKsGH-kO-Yy5UkjIPChaqt0XYnodWf6hdS9uvwgLBx_Gpa6LtecHNO-sBxhNPFiTKP9dX9Vt7yMu-Z2L8x2NIYZSvJXh40Ti4JY4OCIKzNCZ-YroW2-mPGnTu0jObkHPxrOs8nMbQ1S2Hi3HfrJfBHW0DD2Mm_lj8eplsA1NBAf-F9J2DlvHPr9kizT9wglS9ihvwZNO1BzZRUmktpPOIJ9CVv6co8pPXv-Wflq_6jaSTwOMwqVFHrCD8lO4aYOVGBrPvv5hex5JJgstKYqepEYKv8fxQNbyzSoWGDQOqnxcv5hsjkdXZI29YJnzEWQdRhUjt3Y6Bxnjgp-A
    User-Agent: Loki/UE5-CL-0 (http-legacy) Windows/10.0.19045.1.256.64bit
    Accept: */*
    X-Theorycraft-Clientversion: release2.4.live-156430-shipping

#375 22:05:03.922  GET /party/players/9b9d2c887e2524f918e383a895f2f1c2/voice
    -> 200  (0s)
    Accept: */*
    X-Theorycraft-Clientversion: release2.4.live-156430-shipping
    Authorization: Bearer eyJhbGciOiJSUzI1NiIsImtpZCI6InN1cGVydml2ZS1yZXZpdmFsLWtleS0xIiwidHlwIjoiSldUIn0.eyJiYW5zIjpbXSwiY2xpZW50X2lkIjoiYmE4ZmI1OWEzNGJiNDgxYWJjYTA4YzQ2YmE0ODgwMjUiLCJjb3VudHJ5IjoiVVMiLCJkaXNwbGF5X25hbWUiOiJSZXZpdmVyIiwiZXhwIjoxNzg2OTI5MjgzLCJpYXQiOjE3ODY4NDI4ODMsImlzX2NvbXBseSI6dHJ1ZSwiamZsZ3MiOjAsIm5hbWVzcGFjZSI6InN1cGVydml2ZSIsIm5iZiI6MTc4Njg0MjgyMywicGVybWlzc2lvbnMiOlt7IkFjdGlvbiI6MTUsIlJlc291cmNlIjoiTkFNRVNQQUNFOnN1cGVydml2ZToqIn0seyJBY3Rpb24iOjE1LCJSZXNvdXJjZSI6IkFETUlOOk5BTUVTUEFDRTpzdXBlcnZpdmU6KiJ9XSwicm9sZXMiOltdLCJzY29wZSI6ImNvbW1lcmNlIGFjY291bnQgc29jaWFsIHB1Ymxpc2hpbmcgYW5hbHl0aWNzIiwic3ViIjoiOWI5ZDJjODg3ZTI1MjRmOTE4ZTM4M2E4OTVmMmYxYzIiLCJ1bmlxdWVEaXNwbGF5TmFtZSI6IlJldml2ZXIjMDAwMSIsInVuaXF1ZV9kaXNwbGF5X25hbWUiOiJSZXZpdmVyIzAwMDEifQ.fv8xRcCKsGH-kO-Yy5UkjIPChaqt0XYnodWf6hdS9uvwgLBx_Gpa6LtecHNO-sBxhNPFiTKP9dX9Vt7yMu-Z2L8x2NIYZSvJXh40Ti4JY4OCIKzNCZ-YroW2-mPGnTu0jObkHPxrOs8nMbQ1S2Hi3HfrJfBHW0DD2Mm_lj8eplsA1NBAf-F9J2DlvHPr9kizT9wglS9ihvwZNO1BzZRUmktpPOIJ9CVv6co8pPXv-Wflq_6jaSTwOMwqVFHrCD8lO4aYOVGBrPvv5hex5JJgstKYqepEYKv8fxQNbyzSoWGDQOqnxcv5hsjkdXZI29YJnzEWQdRhUjt3Y6Bxnjgp-A
    User-Agent: Loki/UE5-CL-0 (http-legacy) Windows/10.0.19045.1.256.64bit

#376 22:05:03.926  GET /revival/loadout
    -> 200  (0s)
    User-Agent: supervive-loadout-shim

#377 22:05:03.932  GET /content-service/manifest/release2.4.live-156430-shipping?nonEnabledOnly=true
    -> 200  (0s)
    Authorization: Bearer eyJhbGciOiJSUzI1NiIsImtpZCI6InN1cGVydml2ZS1yZXZpdmFsLWtleS0xIiwidHlwIjoiSldUIn0.eyJiYW5zIjpbXSwiY2xpZW50X2lkIjoiYmE4ZmI1OWEzNGJiNDgxYWJjYTA4YzQ2YmE0ODgwMjUiLCJjb3VudHJ5IjoiVVMiLCJkaXNwbGF5X25hbWUiOiJSZXZpdmVyIiwiZXhwIjoxNzg2OTI5MjgzLCJpYXQiOjE3ODY4NDI4ODMsImlzX2NvbXBseSI6dHJ1ZSwiamZsZ3MiOjAsIm5hbWVzcGFjZSI6InN1cGVydml2ZSIsIm5iZiI6MTc4Njg0MjgyMywicGVybWlzc2lvbnMiOlt7IkFjdGlvbiI6MTUsIlJlc291cmNlIjoiTkFNRVNQQUNFOnN1cGVydml2ZToqIn0seyJBY3Rpb24iOjE1LCJSZXNvdXJjZSI6IkFETUlOOk5BTUVTUEFDRTpzdXBlcnZpdmU6KiJ9XSwicm9sZXMiOltdLCJzY29wZSI6ImNvbW1lcmNlIGFjY291bnQgc29jaWFsIHB1Ymxpc2hpbmcgYW5hbHl0aWNzIiwic3ViIjoiOWI5ZDJjODg3ZTI1MjRmOTE4ZTM4M2E4OTVmMmYxYzIiLCJ1bmlxdWVEaXNwbGF5TmFtZSI6IlJldml2ZXIjMDAwMSIsInVuaXF1ZV9kaXNwbGF5X25hbWUiOiJSZXZpdmVyIzAwMDEifQ.fv8xRcCKsGH-kO-Yy5UkjIPChaqt0XYnodWf6hdS9uvwgLBx_Gpa6LtecHNO-sBxhNPFiTKP9dX9Vt7yMu-Z2L8x2NIYZSvJXh40Ti4JY4OCIKzNCZ-YroW2-mPGnTu0jObkHPxrOs8nMbQ1S2Hi3HfrJfBHW0DD2Mm_lj8eplsA1NBAf-F9J2DlvHPr9kizT9wglS9ihvwZNO1BzZRUmktpPOIJ9CVv6co8pPXv-Wflq_6jaSTwOMwqVFHrCD8lO4aYOVGBrPvv5hex5JJgstKYqepEYKv8fxQNbyzSoWGDQOqnxcv5hsjkdXZI29YJnzEWQdRhUjt3Y6Bxnjgp-A
    User-Agent: Loki/UE5-CL-0 (http-legacy) Windows/10.0.19045.1.256.64bit
    Accept: */*
    X-Theorycraft-Clientversion: release2.4.live-156430-shipping

#378 22:05:04.124  GET /revival/loadout
    -> 200  (1ms)
    User-Agent: supervive-loadout-shim

#379 22:05:04.299  GET /revival/loadout
    -> 200  (0s)
    User-Agent: supervive-loadout-shim

#380 22:05:04.474  GET /revival/loadout
    -> 200  (0s)
    User-Agent: supervive-loadout-shim

#381 22:05:04.649  GET /revival/loadout
    -> 200  (0s)
    User-Agent: supervive-loadout-shim

#382 22:05:04.824  GET /revival/loadout
    -> 200  (0s)
    User-Agent: supervive-loadout-shim

#383 22:05:04.998  GET /revival/loadout
    -> 200  (0s)
    User-Agent: supervive-loadout-shim

#384 22:05:05.174  GET /revival/loadout
    -> 200  (0s)
    User-Agent: supervive-loadout-shim

#385 22:05:05.348  GET /revival/loadout
    -> 200  (0s)
    User-Agent: supervive-loadout-shim

#386 22:05:05.523  GET /revival/loadout
    -> 200  (0s)
    User-Agent: supervive-loadout-shim

#387 22:05:05.690  GET /revival/loadout
    -> 200  (0s)
    User-Agent: supervive-loadout-shim

#388 22:05:05.865  GET /revival/loadout
    -> 200  (0s)
    User-Agent: supervive-loadout-shim

#389 22:05:06.043  GET /revival/loadout
    -> 200  (0s)
    User-Agent: supervive-loadout-shim

#390 22:05:06.227  GET /revival/loadout
    -> 200  (0s)
    User-Agent: supervive-loadout-shim

#391 22:05:06.407  GET /revival/loadout
    -> 200  (0s)
    User-Agent: supervive-loadout-shim

#392 22:05:06.626  GET /revival/loadout
    -> 200  (0s)
    User-Agent: supervive-loadout-shim

#393 22:05:06.831  GET /revival/loadout
    -> 200  (0s)
    User-Agent: supervive-loadout-shim

#394 22:05:07.010  GET /revival/loadout
    -> 200  (0s)
    User-Agent: supervive-loadout-shim

#395 22:05:07.190  GET /revival/loadout
    -> 200  (0s)
    User-Agent: supervive-loadout-shim

#396 22:05:07.365  GET /revival/loadout
    -> 200  (0s)
    User-Agent: supervive-loadout-shim

#397 22:05:07.539  GET /revival/loadout
    -> 200  (0s)
    User-Agent: supervive-loadout-shim

#398 22:05:07.714  GET /revival/loadout
    -> 200  (0s)
    User-Agent: supervive-loadout-shim

#399 22:05:07.889  GET /revival/loadout
    -> 200  (0s)
    User-Agent: supervive-loadout-shim

#400 22:05:08.064  GET /revival/loadout
    -> 200  (0s)
    User-Agent: supervive-loadout-shim

#401 22:05:08.240  GET /revival/loadout
    -> 200  (0s)
    User-Agent: supervive-loadout-shim

#402 22:05:08.414  GET /revival/loadout
    -> 200  (0s)
    User-Agent: supervive-loadout-shim

#403 22:05:08.588  GET /revival/loadout
    -> 200  (0s)
    User-Agent: supervive-loadout-shim

#404 22:05:08.764  GET /revival/loadout
    -> 200  (0s)
    User-Agent: supervive-loadout-shim

#405 22:05:08.939  GET /revival/loadout
    -> 200  (0s)
    User-Agent: supervive-loadout-shim

#406 22:05:09.113  GET /revival/loadout
    -> 200  (0s)
    User-Agent: supervive-loadout-shim

#407 22:05:09.289  GET /revival/loadout
    -> 200  (0s)
    User-Agent: supervive-loadout-shim

#408 22:05:09.464  GET /revival/loadout
    -> 200  (0s)
    User-Agent: supervive-loadout-shim

#409 22:05:09.638  GET /revival/loadout
    -> 200  (0s)
    User-Agent: supervive-loadout-shim

#410 22:05:09.814  GET /revival/loadout
    -> 200  (0s)
    User-Agent: supervive-loadout-shim

#411 22:05:09.989  GET /revival/loadout
    -> 200  (0s)
    User-Agent: supervive-loadout-shim

#412 22:05:10.164  GET /revival/loadout
    -> 200  (0s)
    User-Agent: supervive-loadout-shim

#413 22:05:10.338  GET /revival/loadout
    -> 200  (0s)
    User-Agent: supervive-loadout-shim

#414 22:05:10.513  GET /revival/loadout
    -> 200  (0s)
    User-Agent: supervive-loadout-shim

#415 22:05:10.697  GET /revival/loadout
    -> 200  (0s)
    User-Agent: supervive-loadout-shim

#416 22:05:10.872  GET /revival/loadout
    -> 200  (0s)
    User-Agent: supervive-loadout-shim

#417 22:05:11.046  GET /revival/loadout
    -> 200  (0s)
    User-Agent: supervive-loadout-shim

#418 22:05:11.221  GET /revival/loadout
    -> 200  (0s)
    User-Agent: supervive-loadout-shim

#419 22:05:11.396  GET /revival/loadout
    -> 200  (0s)
    User-Agent: supervive-loadout-shim

#420 22:05:11.571  GET /revival/loadout
    -> 200  (0s)
    User-Agent: supervive-loadout-shim

#421 22:05:11.746  GET /revival/loadout
    -> 200  (0s)
    User-Agent: supervive-loadout-shim

#422 22:05:11.921  GET /revival/loadout
    -> 200  (0s)
    User-Agent: supervive-loadout-shim

#423 22:05:12.095  GET /revival/loadout
    -> 200  (0s)
    User-Agent: supervive-loadout-shim

#424 22:05:12.272  GET /revival/loadout
    -> 200  (0s)
    User-Agent: supervive-loadout-shim

#425 22:05:12.446  GET /revival/loadout
    -> 200  (0s)
    User-Agent: supervive-loadout-shim

#426 22:05:12.621  GET /revival/loadout
    -> 200  (0s)
    User-Agent: supervive-loadout-shim

#427 22:05:12.796  GET /revival/loadout
    -> 200  (0s)
    User-Agent: supervive-loadout-shim

#428 22:05:12.971  GET /revival/loadout
    -> 200  (0s)
    User-Agent: supervive-loadout-shim

#429 22:05:13.146  GET /revival/loadout
    -> 200  (0s)
    User-Agent: supervive-loadout-shim

#430 22:05:13.320  GET /revival/loadout
    -> 200  (0s)
    User-Agent: supervive-loadout-shim

#431 22:05:13.495  GET /revival/loadout
    -> 200  (0s)
    User-Agent: supervive-loadout-shim

#432 22:05:13.671  GET /revival/loadout
    -> 200  (0s)
    User-Agent: supervive-loadout-shim

#433 22:05:13.845  GET /revival/loadout
    -> 200  (0s)
    User-Agent: supervive-loadout-shim

#434 22:05:14.021  GET /revival/loadout
    -> 200  (0s)
    User-Agent: supervive-loadout-shim

#435 22:05:14.195  GET /revival/loadout
    -> 200  (0s)
    User-Agent: supervive-loadout-shim

#436 22:05:14.369  GET /revival/loadout
    -> 200  (0s)
    User-Agent: supervive-loadout-shim

#437 22:05:14.545  GET /revival/loadout
    -> 200  (0s)
    User-Agent: supervive-loadout-shim

#438 22:05:14.720  GET /revival/loadout
    -> 200  (0s)
    User-Agent: supervive-loadout-shim

#439 22:05:14.893  GET /revival/loadout
    -> 200  (0s)
    User-Agent: supervive-loadout-shim

#440 22:05:15.069  GET /revival/loadout
    -> 200  (0s)
    User-Agent: supervive-loadout-shim

#441 22:05:15.245  GET /revival/loadout
    -> 200  (0s)
    User-Agent: supervive-loadout-shim

#442 22:05:15.412  GET /revival/loadout
    -> 200  (0s)
    User-Agent: supervive-loadout-shim

#443 22:05:15.587  GET /revival/loadout
    -> 200  (0s)
    User-Agent: supervive-loadout-shim

#444 22:05:15.801  GET /revival/loadout
    -> 200  (0s)
    User-Agent: supervive-loadout-shim

#445 22:05:15.979  GET /revival/loadout
    -> 200  (0s)
    User-Agent: supervive-loadout-shim

#446 22:05:16.054  POST /party/parties/party-9b9d2c887e2524f918e383a895f2f1c2/members/9b9d2c887e2524f918e383a895f2f1c2/latencies
    -> 200  (0s)
    X-Theorycraft-Clientversion: release2.4.live-156430-shipping
    Authorization: Bearer eyJhbGciOiJSUzI1NiIsImtpZCI6InN1cGVydml2ZS1yZXZpdmFsLWtleS0xIiwidHlwIjoiSldUIn0.eyJiYW5zIjpbXSwiY2xpZW50X2lkIjoiYmE4ZmI1OWEzNGJiNDgxYWJjYTA4YzQ2YmE0ODgwMjUiLCJjb3VudHJ5IjoiVVMiLCJkaXNwbGF5X25hbWUiOiJSZXZpdmVyIiwiZXhwIjoxNzg2OTI5MjgzLCJpYXQiOjE3ODY4NDI4ODMsImlzX2NvbXBseSI6dHJ1ZSwiamZsZ3MiOjAsIm5hbWVzcGFjZSI6InN1cGVydml2ZSIsIm5iZiI6MTc4Njg0MjgyMywicGVybWlzc2lvbnMiOlt7IkFjdGlvbiI6MTUsIlJlc291cmNlIjoiTkFNRVNQQUNFOnN1cGVydml2ZToqIn0seyJBY3Rpb24iOjE1LCJSZXNvdXJjZSI6IkFETUlOOk5BTUVTUEFDRTpzdXBlcnZpdmU6KiJ9XSwicm9sZXMiOltdLCJzY29wZSI6ImNvbW1lcmNlIGFjY291bnQgc29jaWFsIHB1Ymxpc2hpbmcgYW5hbHl0aWNzIiwic3ViIjoiOWI5ZDJjODg3ZTI1MjRmOTE4ZTM4M2E4OTVmMmYxYzIiLCJ1bmlxdWVEaXNwbGF5TmFtZSI6IlJldml2ZXIjMDAwMSIsInVuaXF1ZV9kaXNwbGF5X25hbWUiOiJSZXZpdmVyIzAwMDEifQ.fv8xRcCKsGH-kO-Yy5UkjIPChaqt0XYnodWf6hdS9uvwgLBx_Gpa6LtecHNO-sBxhNPFiTKP9dX9Vt7yMu-Z2L8x2NIYZSvJXh40Ti4JY4OCIKzNCZ-YroW2-mPGnTu0jObkHPxrOs8nMbQ1S2Hi3HfrJfBHW0DD2Mm_lj8eplsA1NBAf-F9J2DlvHPr9kizT9wglS9ihvwZNO1BzZRUmktpPOIJ9CVv6co8pPXv-Wflq_6jaSTwOMwqVFHrCD8lO4aYOVGBrPvv5hex5JJgstKYqepEYKv8fxQNbyzSoWGDQOqnxcv5hsjkdXZI29YJnzEWQdRhUjt3Y6Bxnjgp-A
    Content-Type: application/json
    User-Agent: Loki/UE5-CL-0 (http-legacy) Windows/10.0.19045.1.256.64bit
    Accept: */*
    body: {"latencies":[{"host":"127.0.0.1","region":"us-east-1","route":"default","avgLatency":0}]}

#447 22:05:16.153  GET /revival/loadout
    -> 200  (0s)
    User-Agent: supervive-loadout-shim

#448 22:05:16.327  GET /revival/loadout
    -> 200  (0s)
    User-Agent: supervive-loadout-shim

#449 22:05:16.503  GET /revival/loadout
    -> 200  (0s)
    User-Agent: supervive-loadout-shim

#450 22:05:16.677  GET /revival/loadout
    -> 200  (0s)
    User-Agent: supervive-loadout-shim

#451 22:05:16.852  GET /revival/loadout
    -> 200  (0s)
    User-Agent: supervive-loadout-shim

#452 22:05:17.028  GET /revival/loadout
    -> 200  (0s)
    User-Agent: supervive-loadout-shim

#453 22:05:17.211  GET /revival/loadout
    -> 200  (0s)
    User-Agent: supervive-loadout-shim

#454 22:05:17.385  GET /revival/loadout
    -> 200  (0s)
    User-Agent: supervive-loadout-shim

#455 22:05:17.561  GET /revival/loadout
    -> 200  (0s)
    User-Agent: supervive-loadout-shim

#456 22:05:17.734  GET /revival/loadout
    -> 200  (0s)
    User-Agent: supervive-loadout-shim

#457 22:05:17.911  GET /revival/loadout
    -> 200  (0s)
    User-Agent: supervive-loadout-shim

#458 22:05:18.085  GET /revival/loadout
    -> 200  (0s)
    User-Agent: supervive-loadout-shim

#459 22:05:18.260  GET /revival/loadout
    -> 200  (0s)
    User-Agent: supervive-loadout-shim

#460 22:05:18.435  GET /revival/loadout
    -> 200  (0s)
    User-Agent: supervive-loadout-shim

#461 22:05:18.610  GET /revival/loadout
    -> 200  (0s)
    User-Agent: supervive-loadout-shim

#462 22:05:18.784  GET /revival/loadout
    -> 200  (0s)
    User-Agent: supervive-loadout-shim

#463 22:05:18.960  GET /revival/loadout
    -> 200  (0s)
    User-Agent: supervive-loadout-shim

#464 22:05:19.134  GET /revival/loadout
    -> 200  (0s)
    User-Agent: supervive-loadout-shim

#465 22:05:19.310  GET /revival/loadout
    -> 200  (0s)
    User-Agent: supervive-loadout-shim

#466 22:05:19.485  GET /revival/loadout
    -> 200  (0s)
    User-Agent: supervive-loadout-shim

#467 22:05:19.660  GET /revival/loadout
    -> 200  (0s)
    User-Agent: supervive-loadout-shim

#468 22:05:19.835  GET /revival/loadout
    -> 200  (0s)
    User-Agent: supervive-loadout-shim

#469 22:05:20.010  GET /revival/loadout
    -> 200  (0s)
    User-Agent: supervive-loadout-shim

#470 22:05:20.185  GET /revival/loadout
    -> 200  (0s)
    User-Agent: supervive-loadout-shim

#471 22:05:20.360  GET /revival/loadout
    -> 200  (0s)
    User-Agent: supervive-loadout-shim

#472 22:05:20.534  GET /revival/loadout
    -> 200  (0s)
    User-Agent: supervive-loadout-shim

#473 22:05:20.709  GET /revival/loadout
    -> 200  (0s)
    User-Agent: supervive-loadout-shim

#474 22:05:20.884  GET /revival/loadout
    -> 200  (0s)
    User-Agent: supervive-loadout-shim

#475 22:05:21.060  GET /revival/loadout
    -> 200  (0s)
    User-Agent: supervive-loadout-shim

#476 22:05:21.234  GET /revival/loadout
    -> 200  (0s)
    User-Agent: supervive-loadout-shim

#477 22:05:21.409  GET /revival/loadout
    -> 200  (0s)
    User-Agent: supervive-loadout-shim

#478 22:05:21.584  GET /revival/loadout
    -> 200  (0s)
    User-Agent: supervive-loadout-shim

#479 22:05:21.759  GET /revival/loadout
    -> 200  (0s)
    User-Agent: supervive-loadout-shim

#480 22:05:21.933  GET /revival/loadout
    -> 200  (0s)
    User-Agent: supervive-loadout-shim

#481 22:05:22.109  GET /revival/loadout
    -> 200  (0s)
    User-Agent: supervive-loadout-shim

#482 22:05:22.284  GET /revival/loadout
    -> 200  (0s)
    User-Agent: supervive-loadout-shim

#483 22:05:22.460  GET /revival/loadout
    -> 200  (0s)
    User-Agent: supervive-loadout-shim

#484 22:05:22.633  GET /revival/loadout
    -> 200  (0s)
    User-Agent: supervive-loadout-shim

#485 22:05:22.809  GET /revival/loadout
    -> 200  (0s)
    User-Agent: supervive-loadout-shim

#486 22:05:22.983  GET /revival/loadout
    -> 200  (0s)
    User-Agent: supervive-loadout-shim

#487 22:05:23.159  GET /revival/loadout
    -> 200  (0s)
    User-Agent: supervive-loadout-shim

#488 22:05:23.332  GET /revival/loadout
    -> 200  (0s)
    User-Agent: supervive-loadout-shim

#489 22:05:23.509  GET /revival/loadout
    -> 200  (0s)
    User-Agent: supervive-loadout-shim

#490 22:05:23.683  GET /revival/loadout
    -> 200  (0s)
    User-Agent: supervive-loadout-shim

#491 22:05:23.858  GET /revival/loadout
    -> 200  (0s)
    User-Agent: supervive-loadout-shim

#492 22:05:24.033  GET /revival/loadout
    -> 200  (0s)
    User-Agent: supervive-loadout-shim

#493 22:05:24.214  GET /revival/loadout
    -> 200  (0s)
    User-Agent: supervive-loadout-shim

#494 22:05:24.392  GET /revival/loadout
    -> 200  (0s)
    User-Agent: supervive-loadout-shim

#495 22:05:24.583  GET /revival/loadout
    -> 200  (0s)
    User-Agent: supervive-loadout-shim

#496 22:05:24.758  GET /revival/loadout
    -> 200  (0s)
    User-Agent: supervive-loadout-shim

#497 22:05:24.933  GET /revival/loadout
    -> 200  (0s)
    User-Agent: supervive-loadout-shim

#498 22:05:25.108  GET /revival/loadout
    -> 200  (0s)
    User-Agent: supervive-loadout-shim

#499 22:05:25.291  GET /revival/loadout
    -> 200  (0s)
    User-Agent: supervive-loadout-shim

#500 22:05:25.465  GET /revival/loadout
    -> 200  (0s)
    User-Agent: supervive-loadout-shim

#501 22:05:25.641  GET /revival/loadout
    -> 200  (0s)
    User-Agent: supervive-loadout-shim

#502 22:05:25.816  GET /revival/loadout
    -> 200  (0s)
    User-Agent: supervive-loadout-shim

#503 22:05:25.990  GET /revival/loadout
    -> 200  (0s)
    User-Agent: supervive-loadout-shim

#504 22:05:26.166  GET /revival/loadout
    -> 200  (0s)
    User-Agent: supervive-loadout-shim

#505 22:05:26.340  GET /revival/loadout
    -> 200  (0s)
    User-Agent: supervive-loadout-shim

#506 22:05:26.515  GET /revival/loadout
    -> 200  (0s)
    User-Agent: supervive-loadout-shim

#507 22:05:26.690  GET /revival/loadout
    -> 200  (0s)
    User-Agent: supervive-loadout-shim

#508 22:05:26.866  GET /revival/loadout
    -> 200  (0s)
    User-Agent: supervive-loadout-shim

#509 22:05:27.041  GET /revival/loadout
    -> 200  (0s)
    User-Agent: supervive-loadout-shim

#510 22:05:27.216  GET /revival/loadout
    -> 200  (0s)
    User-Agent: supervive-loadout-shim

* 22:05:27.233  WS -> /notifications/players/9b9d2c887e2524f918e383a895f2f1c2 BINARY hb (proactive 30s keepalive)

#511 22:05:27.390  GET /revival/loadout
    -> 200  (0s)
    User-Agent: supervive-loadout-shim

#512 22:05:27.564  GET /revival/loadout
    -> 200  (0s)
    User-Agent: supervive-loadout-shim

#513 22:05:27.741  GET /revival/loadout
    -> 200  (0s)
    User-Agent: supervive-loadout-shim

#514 22:05:27.914  GET /revival/loadout
    -> 200  (0s)
    User-Agent: supervive-loadout-shim

#515 22:05:28.082  GET /revival/loadout
    -> 200  (0s)
    User-Agent: supervive-loadout-shim

#516 22:05:28.257  GET /revival/loadout
    -> 200  (0s)
    User-Agent: supervive-loadout-shim

#517 22:05:28.431  GET /revival/loadout
    -> 200  (0s)
    User-Agent: supervive-loadout-shim

#518 22:05:28.606  GET /revival/loadout
    -> 200  (0s)
    User-Agent: supervive-loadout-shim

#519 22:05:28.781  GET /revival/loadout
    -> 200  (0s)
    User-Agent: supervive-loadout-shim

#520 22:05:28.956  GET /revival/loadout
    -> 200  (0s)
    User-Agent: supervive-loadout-shim

#521 22:05:29.132  GET /revival/loadout
    -> 200  (0s)
    User-Agent: supervive-loadout-shim

#522 22:05:29.305  GET /revival/loadout
    -> 200  (0s)
    User-Agent: supervive-loadout-shim

#523 22:05:29.482  GET /revival/loadout
    -> 200  (0s)
    User-Agent: supervive-loadout-shim

#524 22:05:29.654  GET /revival/loadout
    -> 200  (0s)
    User-Agent: supervive-loadout-shim

#525 22:05:29.833  GET /revival/loadout
    -> 200  (0s)
    User-Agent: supervive-loadout-shim

#526 22:05:30.006  GET /revival/loadout
    -> 200  (0s)
    User-Agent: supervive-loadout-shim

#527 22:05:30.181  GET /revival/loadout
    -> 200  (0s)
    User-Agent: supervive-loadout-shim

#528 22:05:30.356  GET /revival/loadout
    -> 200  (0s)
    User-Agent: supervive-loadout-shim

#529 22:05:30.533  GET /revival/loadout
    -> 200  (0s)
    User-Agent: supervive-loadout-shim

#530 22:05:30.746  GET /revival/loadout
    -> 200  (0s)
    User-Agent: supervive-loadout-shim

#531 22:05:30.926  GET /revival/loadout
    -> 200  (0s)
    User-Agent: supervive-loadout-shim

#532 22:05:31.106  GET /revival/loadout
    -> 200  (0s)
    User-Agent: supervive-loadout-shim

#533 22:05:31.281  GET /revival/loadout
    -> 200  (0s)
    User-Agent: supervive-loadout-shim

#534 22:05:31.457  GET /revival/loadout
    -> 200  (2ms)
    User-Agent: supervive-loadout-shim

#535 22:05:31.647  GET /revival/loadout
    -> 200  (0s)
    User-Agent: supervive-loadout-shim

#536 22:05:31.842  GET /revival/loadout
    -> 200  (0s)
    User-Agent: supervive-loadout-shim

#537 22:05:32.022  GET /revival/loadout
    -> 200  (0s)
    User-Agent: supervive-loadout-shim

#538 22:05:32.197  GET /revival/loadout
    -> 200  (0s)
    User-Agent: supervive-loadout-shim

#540 22:05:32.202  GET /party/matchmaking/info
    -> 200  (0s)
    X-Theorycraft-Clientversion: release2.4.live-156430-shipping
    Authorization: Bearer eyJhbGciOiJSUzI1NiIsImtpZCI6InN1cGVydml2ZS1yZXZpdmFsLWtleS0xIiwidHlwIjoiSldUIn0.eyJiYW5zIjpbXSwiY2xpZW50X2lkIjoiYmE4ZmI1OWEzNGJiNDgxYWJjYTA4YzQ2YmE0ODgwMjUiLCJjb3VudHJ5IjoiVVMiLCJkaXNwbGF5X25hbWUiOiJSZXZpdmVyIiwiZXhwIjoxNzg2OTI5MjgzLCJpYXQiOjE3ODY4NDI4ODMsImlzX2NvbXBseSI6dHJ1ZSwiamZsZ3MiOjAsIm5hbWVzcGFjZSI6InN1cGVydml2ZSIsIm5iZiI6MTc4Njg0MjgyMywicGVybWlzc2lvbnMiOlt7IkFjdGlvbiI6MTUsIlJlc291cmNlIjoiTkFNRVNQQUNFOnN1cGVydml2ZToqIn0seyJBY3Rpb24iOjE1LCJSZXNvdXJjZSI6IkFETUlOOk5BTUVTUEFDRTpzdXBlcnZpdmU6KiJ9XSwicm9sZXMiOltdLCJzY29wZSI6ImNvbW1lcmNlIGFjY291bnQgc29jaWFsIHB1Ymxpc2hpbmcgYW5hbHl0aWNzIiwic3ViIjoiOWI5ZDJjODg3ZTI1MjRmOTE4ZTM4M2E4OTVmMmYxYzIiLCJ1bmlxdWVEaXNwbGF5TmFtZSI6IlJldml2ZXIjMDAwMSIsInVuaXF1ZV9kaXNwbGF5X25hbWUiOiJSZXZpdmVyIzAwMDEifQ.fv8xRcCKsGH-kO-Yy5UkjIPChaqt0XYnodWf6hdS9uvwgLBx_Gpa6LtecHNO-sBxhNPFiTKP9dX9Vt7yMu-Z2L8x2NIYZSvJXh40Ti4JY4OCIKzNCZ-YroW2-mPGnTu0jObkHPxrOs8nMbQ1S2Hi3HfrJfBHW0DD2Mm_lj8eplsA1NBAf-F9J2DlvHPr9kizT9wglS9ihvwZNO1BzZRUmktpPOIJ9CVv6co8pPXv-Wflq_6jaSTwOMwqVFHrCD8lO4aYOVGBrPvv5hex5JJgstKYqepEYKv8fxQNbyzSoWGDQOqnxcv5hsjkdXZI29YJnzEWQdRhUjt3Y6Bxnjgp-A
    Accept: */*
    User-Agent: Loki/UE5-CL-0 (http-legacy) Windows/10.0.19045.1.256.64bit

#539 22:05:32.202  GET /mailbox/config/version
    -> 200  (0s)
    Accept: */*
    X-Theorycraft-Clientversion: release2.4.live-156430-shipping
    Authorization: Bearer eyJhbGciOiJSUzI1NiIsImtpZCI6InN1cGVydml2ZS1yZXZpdmFsLWtleS0xIiwidHlwIjoiSldUIn0.eyJiYW5zIjpbXSwiY2xpZW50X2lkIjoiYmE4ZmI1OWEzNGJiNDgxYWJjYTA4YzQ2YmE0ODgwMjUiLCJjb3VudHJ5IjoiVVMiLCJkaXNwbGF5X25hbWUiOiJSZXZpdmVyIiwiZXhwIjoxNzg2OTI5MjgzLCJpYXQiOjE3ODY4NDI4ODMsImlzX2NvbXBseSI6dHJ1ZSwiamZsZ3MiOjAsIm5hbWVzcGFjZSI6InN1cGVydml2ZSIsIm5iZiI6MTc4Njg0MjgyMywicGVybWlzc2lvbnMiOlt7IkFjdGlvbiI6MTUsIlJlc291cmNlIjoiTkFNRVNQQUNFOnN1cGVydml2ZToqIn0seyJBY3Rpb24iOjE1LCJSZXNvdXJjZSI6IkFETUlOOk5BTUVTUEFDRTpzdXBlcnZpdmU6KiJ9XSwicm9sZXMiOltdLCJzY29wZSI6ImNvbW1lcmNlIGFjY291bnQgc29jaWFsIHB1Ymxpc2hpbmcgYW5hbHl0aWNzIiwic3ViIjoiOWI5ZDJjODg3ZTI1MjRmOTE4ZTM4M2E4OTVmMmYxYzIiLCJ1bmlxdWVEaXNwbGF5TmFtZSI6IlJldml2ZXIjMDAwMSIsInVuaXF1ZV9kaXNwbGF5X25hbWUiOiJSZXZpdmVyIzAwMDEifQ.fv8xRcCKsGH-kO-Yy5UkjIPChaqt0XYnodWf6hdS9uvwgLBx_Gpa6LtecHNO-sBxhNPFiTKP9dX9Vt7yMu-Z2L8x2NIYZSvJXh40Ti4JY4OCIKzNCZ-YroW2-mPGnTu0jObkHPxrOs8nMbQ1S2Hi3HfrJfBHW0DD2Mm_lj8eplsA1NBAf-F9J2DlvHPr9kizT9wglS9ihvwZNO1BzZRUmktpPOIJ9CVv6co8pPXv-Wflq_6jaSTwOMwqVFHrCD8lO4aYOVGBrPvv5hex5JJgstKYqepEYKv8fxQNbyzSoWGDQOqnxcv5hsjkdXZI29YJnzEWQdRhUjt3Y6Bxnjgp-A
    User-Agent: Loki/UE5-CL-0 (http-legacy) Windows/10.0.19045.1.256.64bit

#541 22:05:32.372  GET /revival/loadout
    -> 200  (0s)
    User-Agent: supervive-loadout-shim

#542 22:05:32.547  GET /revival/loadout
    -> 200  (0s)
    User-Agent: supervive-loadout-shim

#543 22:05:32.722  GET /revival/loadout
    -> 200  (0s)
    User-Agent: supervive-loadout-shim

#544 22:05:32.896  GET /revival/loadout
    -> 200  (0s)
    User-Agent: supervive-loadout-shim

#545 22:05:33.072  GET /revival/loadout
    -> 200  (0s)
    User-Agent: supervive-loadout-shim

* 22:05:33.243  WS <- /lobby TEXT ""

#546 22:05:33.253  GET /revival/loadout
    -> 200  (0s)
    User-Agent: supervive-loadout-shim

#547 22:05:33.446  GET /revival/loadout
    -> 200  (0s)
    User-Agent: supervive-loadout-shim

#548 22:05:33.621  GET /revival/loadout
    -> 200  (0s)
    User-Agent: supervive-loadout-shim

#549 22:05:33.797  GET /revival/loadout
    -> 200  (0s)
    User-Agent: supervive-loadout-shim

#550 22:05:33.889  GET /configuration/client?language=en
    -> 200  (0s)
    User-Agent: Loki/UE5-CL-0 (http-legacy) Windows/10.0.19045.1.256.64bit
    Accept: */*
    X-Theorycraft-Clientversion: release2.4.live-156430-shipping
    Authorization: Bearer eyJhbGciOiJSUzI1NiIsImtpZCI6InN1cGVydml2ZS1yZXZpdmFsLWtleS0xIiwidHlwIjoiSldUIn0.eyJiYW5zIjpbXSwiY2xpZW50X2lkIjoiYmE4ZmI1OWEzNGJiNDgxYWJjYTA4YzQ2YmE0ODgwMjUiLCJjb3VudHJ5IjoiVVMiLCJkaXNwbGF5X25hbWUiOiJSZXZpdmVyIiwiZXhwIjoxNzg2OTI5MjgzLCJpYXQiOjE3ODY4NDI4ODMsImlzX2NvbXBseSI6dHJ1ZSwiamZsZ3MiOjAsIm5hbWVzcGFjZSI6InN1cGVydml2ZSIsIm5iZiI6MTc4Njg0MjgyMywicGVybWlzc2lvbnMiOlt7IkFjdGlvbiI6MTUsIlJlc291cmNlIjoiTkFNRVNQQUNFOnN1cGVydml2ZToqIn0seyJBY3Rpb24iOjE1LCJSZXNvdXJjZSI6IkFETUlOOk5BTUVTUEFDRTpzdXBlcnZpdmU6KiJ9XSwicm9sZXMiOltdLCJzY29wZSI6ImNvbW1lcmNlIGFjY291bnQgc29jaWFsIHB1Ymxpc2hpbmcgYW5hbHl0aWNzIiwic3ViIjoiOWI5ZDJjODg3ZTI1MjRmOTE4ZTM4M2E4OTVmMmYxYzIiLCJ1bmlxdWVEaXNwbGF5TmFtZSI6IlJldml2ZXIjMDAwMSIsInVuaXF1ZV9kaXNwbGF5X25hbWUiOiJSZXZpdmVyIzAwMDEifQ.fv8xRcCKsGH-kO-Yy5UkjIPChaqt0XYnodWf6hdS9uvwgLBx_Gpa6LtecHNO-sBxhNPFiTKP9dX9Vt7yMu-Z2L8x2NIYZSvJXh40Ti4JY4OCIKzNCZ-YroW2-mPGnTu0jObkHPxrOs8nMbQ1S2Hi3HfrJfBHW0DD2Mm_lj8eplsA1NBAf-F9J2DlvHPr9kizT9wglS9ihvwZNO1BzZRUmktpPOIJ9CVv6co8pPXv-Wflq_6jaSTwOMwqVFHrCD8lO4aYOVGBrPvv5hex5JJgstKYqepEYKv8fxQNbyzSoWGDQOqnxcv5hsjkdXZI29YJnzEWQdRhUjt3Y6Bxnjgp-A

#551 22:05:33.955  GET /content-service/manifest/release2.4.live-156430-shipping?nonEnabledOnly=true
    -> 200  (0s)
    Authorization: Bearer eyJhbGciOiJSUzI1NiIsImtpZCI6InN1cGVydml2ZS1yZXZpdmFsLWtleS0xIiwidHlwIjoiSldUIn0.eyJiYW5zIjpbXSwiY2xpZW50X2lkIjoiYmE4ZmI1OWEzNGJiNDgxYWJjYTA4YzQ2YmE0ODgwMjUiLCJjb3VudHJ5IjoiVVMiLCJkaXNwbGF5X25hbWUiOiJSZXZpdmVyIiwiZXhwIjoxNzg2OTI5MjgzLCJpYXQiOjE3ODY4NDI4ODMsImlzX2NvbXBseSI6dHJ1ZSwiamZsZ3MiOjAsIm5hbWVzcGFjZSI6InN1cGVydml2ZSIsIm5iZiI6MTc4Njg0MjgyMywicGVybWlzc2lvbnMiOlt7IkFjdGlvbiI6MTUsIlJlc291cmNlIjoiTkFNRVNQQUNFOnN1cGVydml2ZToqIn0seyJBY3Rpb24iOjE1LCJSZXNvdXJjZSI6IkFETUlOOk5BTUVTUEFDRTpzdXBlcnZpdmU6KiJ9XSwicm9sZXMiOltdLCJzY29wZSI6ImNvbW1lcmNlIGFjY291bnQgc29jaWFsIHB1Ymxpc2hpbmcgYW5hbHl0aWNzIiwic3ViIjoiOWI5ZDJjODg3ZTI1MjRmOTE4ZTM4M2E4OTVmMmYxYzIiLCJ1bmlxdWVEaXNwbGF5TmFtZSI6IlJldml2ZXIjMDAwMSIsInVuaXF1ZV9kaXNwbGF5X25hbWUiOiJSZXZpdmVyIzAwMDEifQ.fv8xRcCKsGH-kO-Yy5UkjIPChaqt0XYnodWf6hdS9uvwgLBx_Gpa6LtecHNO-sBxhNPFiTKP9dX9Vt7yMu-Z2L8x2NIYZSvJXh40Ti4JY4OCIKzNCZ-YroW2-mPGnTu0jObkHPxrOs8nMbQ1S2Hi3HfrJfBHW0DD2Mm_lj8eplsA1NBAf-F9J2DlvHPr9kizT9wglS9ihvwZNO1BzZRUmktpPOIJ9CVv6co8pPXv-Wflq_6jaSTwOMwqVFHrCD8lO4aYOVGBrPvv5hex5JJgstKYqepEYKv8fxQNbyzSoWGDQOqnxcv5hsjkdXZI29YJnzEWQdRhUjt3Y6Bxnjgp-A
    User-Agent: Loki/UE5-CL-0 (http-legacy) Windows/10.0.19045.1.256.64bit
    Accept: */*
    X-Theorycraft-Clientversion: release2.4.live-156430-shipping

#552 22:05:33.972  GET /revival/loadout
    -> 200  (0s)
    User-Agent: supervive-loadout-shim

#553 22:05:34.154  GET /revival/loadout
    -> 200  (0s)
    User-Agent: supervive-loadout-shim

#554 22:05:34.330  GET /revival/loadout
    -> 200  (0s)
    User-Agent: supervive-loadout-shim

#555 22:05:34.504  GET /revival/loadout
    -> 200  (0s)
    User-Agent: supervive-loadout-shim

#556 22:05:34.680  GET /revival/loadout
    -> 200  (0s)
    User-Agent: supervive-loadout-shim

#557 22:05:34.854  GET /revival/loadout
    -> 200  (0s)
    User-Agent: supervive-loadout-shim

#558 22:05:35.029  GET /revival/loadout
    -> 200  (0s)
    User-Agent: supervive-loadout-shim

#559 22:05:35.131  GET /party/players/9b9d2c887e2524f918e383a895f2f1c2/voice
    -> 200  (1ms)
    X-Theorycraft-Clientversion: release2.4.live-156430-shipping
    Authorization: Bearer eyJhbGciOiJSUzI1NiIsImtpZCI6InN1cGVydml2ZS1yZXZpdmFsLWtleS0xIiwidHlwIjoiSldUIn0.eyJiYW5zIjpbXSwiY2xpZW50X2lkIjoiYmE4ZmI1OWEzNGJiNDgxYWJjYTA4YzQ2YmE0ODgwMjUiLCJjb3VudHJ5IjoiVVMiLCJkaXNwbGF5X25hbWUiOiJSZXZpdmVyIiwiZXhwIjoxNzg2OTI5MjgzLCJpYXQiOjE3ODY4NDI4ODMsImlzX2NvbXBseSI6dHJ1ZSwiamZsZ3MiOjAsIm5hbWVzcGFjZSI6InN1cGVydml2ZSIsIm5iZiI6MTc4Njg0MjgyMywicGVybWlzc2lvbnMiOlt7IkFjdGlvbiI6MTUsIlJlc291cmNlIjoiTkFNRVNQQUNFOnN1cGVydml2ZToqIn0seyJBY3Rpb24iOjE1LCJSZXNvdXJjZSI6IkFETUlOOk5BTUVTUEFDRTpzdXBlcnZpdmU6KiJ9XSwicm9sZXMiOltdLCJzY29wZSI6ImNvbW1lcmNlIGFjY291bnQgc29jaWFsIHB1Ymxpc2hpbmcgYW5hbHl0aWNzIiwic3ViIjoiOWI5ZDJjODg3ZTI1MjRmOTE4ZTM4M2E4OTVmMmYxYzIiLCJ1bmlxdWVEaXNwbGF5TmFtZSI6IlJldml2ZXIjMDAwMSIsInVuaXF1ZV9kaXNwbGF5X25hbWUiOiJSZXZpdmVyIzAwMDEifQ.fv8xRcCKsGH-kO-Yy5UkjIPChaqt0XYnodWf6hdS9uvwgLBx_Gpa6LtecHNO-sBxhNPFiTKP9dX9Vt7yMu-Z2L8x2NIYZSvJXh40Ti4JY4OCIKzNCZ-YroW2-mPGnTu0jObkHPxrOs8nMbQ1S2Hi3HfrJfBHW0DD2Mm_lj8eplsA1NBAf-F9J2DlvHPr9kizT9wglS9ihvwZNO1BzZRUmktpPOIJ9CVv6co8pPXv-Wflq_6jaSTwOMwqVFHrCD8lO4aYOVGBrPvv5hex5JJgstKYqepEYKv8fxQNbyzSoWGDQOqnxcv5hsjkdXZI29YJnzEWQdRhUjt3Y6Bxnjgp-A
    User-Agent: Loki/UE5-CL-0 (http-legacy) Windows/10.0.19045.1.256.64bit
    Accept: */*

#560 22:05:35.204  GET /revival/loadout
    -> 200  (0s)
    User-Agent: supervive-loadout-shim

#561 22:05:35.379  GET /revival/loadout
    -> 200  (0s)
    User-Agent: supervive-loadout-shim

#562 22:05:35.554  GET /revival/loadout
    -> 200  (0s)
    User-Agent: supervive-loadout-shim

#563 22:05:35.721  GET /revival/loadout
    -> 200  (0s)
    User-Agent: supervive-loadout-shim

#564 22:05:35.895  GET /revival/loadout
    -> 200  (0s)
    User-Agent: supervive-loadout-shim

#565 22:05:36.070  GET /revival/loadout
    -> 200  (0s)
    User-Agent: supervive-loadout-shim

#566 22:05:36.244  GET /revival/loadout
    -> 200  (0s)
    User-Agent: supervive-loadout-shim

#567 22:05:36.419  GET /revival/loadout
    -> 200  (0s)
    User-Agent: supervive-loadout-shim

#568 22:05:36.595  GET /revival/loadout
    -> 200  (0s)
    User-Agent: supervive-loadout-shim

#569 22:05:36.770  GET /revival/loadout
    -> 200  (0s)
    User-Agent: supervive-loadout-shim

#570 22:05:36.945  GET /revival/loadout
    -> 200  (0s)
    User-Agent: supervive-loadout-shim

#571 22:05:37.120  GET /revival/loadout
    -> 200  (0s)
    User-Agent: supervive-loadout-shim

#572 22:05:37.293  GET /revival/loadout
    -> 200  (0s)
    User-Agent: supervive-loadout-shim

#573 22:05:37.470  GET /revival/loadout
    -> 200  (0s)
    User-Agent: supervive-loadout-shim

#574 22:05:37.680  GET /revival/loadout
    -> 200  (0s)
    User-Agent: supervive-loadout-shim

#575 22:05:37.871  GET /revival/loadout
    -> 200  (0s)
    User-Agent: supervive-loadout-shim

#576 22:05:38.045  GET /revival/loadout
    -> 200  (0s)
    User-Agent: supervive-loadout-shim

#577 22:05:38.220  GET /revival/loadout
    -> 200  (0s)
    User-Agent: supervive-loadout-shim

#578 22:05:38.394  GET /revival/loadout
    -> 200  (0s)
    User-Agent: supervive-loadout-shim

#579 22:05:38.569  GET /revival/loadout
    -> 200  (0s)
    User-Agent: supervive-loadout-shim

#580 22:05:38.744  GET /revival/loadout
    -> 200  (0s)
    User-Agent: supervive-loadout-shim

#581 22:05:38.920  GET /revival/loadout
    -> 200  (0s)
    User-Agent: supervive-loadout-shim

#582 22:05:39.095  GET /revival/loadout
    -> 200  (0s)
    User-Agent: supervive-loadout-shim

#583 22:05:39.271  GET /revival/loadout
    -> 200  (0s)
    User-Agent: supervive-loadout-shim

#584 22:05:39.444  GET /revival/loadout
    -> 200  (0s)
    User-Agent: supervive-loadout-shim

#585 22:05:39.620  GET /revival/loadout
    -> 200  (0s)
    User-Agent: supervive-loadout-shim

#586 22:05:39.793  GET /revival/loadout
    -> 200  (0s)
    User-Agent: supervive-loadout-shim

#587 22:05:39.969  GET /revival/loadout
    -> 200  (0s)
    User-Agent: supervive-loadout-shim

#588 22:05:40.143  GET /revival/loadout
    -> 200  (0s)
    User-Agent: supervive-loadout-shim

#589 22:05:40.318  GET /revival/loadout
    -> 200  (0s)
    User-Agent: supervive-loadout-shim

#590 22:05:40.493  GET /revival/loadout
    -> 200  (0s)
    User-Agent: supervive-loadout-shim

#591 22:05:40.670  GET /revival/loadout
    -> 200  (0s)
    User-Agent: supervive-loadout-shim

#592 22:05:40.846  GET /revival/loadout
    -> 200  (0s)
    User-Agent: supervive-loadout-shim

#593 22:05:41.019  GET /revival/loadout
    -> 200  (0s)
    User-Agent: supervive-loadout-shim

#594 22:05:41.203  GET /revival/loadout
    -> 200  (0s)
    User-Agent: supervive-loadout-shim

#595 22:05:41.378  GET /revival/loadout
    -> 200  (0s)
    User-Agent: supervive-loadout-shim

#596 22:05:41.551  GET /revival/loadout
    -> 200  (0s)
    User-Agent: supervive-loadout-shim

#597 22:05:41.653  POST /game-telemetry/v1/protected/events
    -> 200  (0s)
    User-Agent: Loki/UE5-CL-0 (http-legacy) Windows/10.0.19045.1.256.64bit
    Content-Type: application/json
    Accept: application/json
    Authorization: Bearer eyJhbGciOiJSUzI1NiIsImtpZCI6InN1cGVydml2ZS1yZXZpdmFsLWtleS0xIiwidHlwIjoiSldUIn0.eyJiYW5zIjpbXSwiY2xpZW50X2lkIjoiYmE4ZmI1OWEzNGJiNDgxYWJjYTA4YzQ2YmE0ODgwMjUiLCJjb3VudHJ5IjoiVVMiLCJkaXNwbGF5X25hbWUiOiJSZXZpdmVyIiwiZXhwIjoxNzg2OTI5MjgzLCJpYXQiOjE3ODY4NDI4ODMsImlzX2NvbXBseSI6dHJ1ZSwiamZsZ3MiOjAsIm5hbWVzcGFjZSI6InN1cGVydml2ZSIsIm5iZiI6MTc4Njg0MjgyMywicGVybWlzc2lvbnMiOlt7IkFjdGlvbiI6MTUsIlJlc291cmNlIjoiTkFNRVNQQUNFOnN1cGVydml2ZToqIn0seyJBY3Rpb24iOjE1LCJSZXNvdXJjZSI6IkFETUlOOk5BTUVTUEFDRTpzdXBlcnZpdmU6KiJ9XSwicm9sZXMiOltdLCJzY29wZSI6ImNvbW1lcmNlIGFjY291bnQgc29jaWFsIHB1Ymxpc2hpbmcgYW5hbHl0aWNzIiwic3ViIjoiOWI5ZDJjODg3ZTI1MjRmOTE4ZTM4M2E4OTVmMmYxYzIiLCJ1bmlxdWVEaXNwbGF5TmFtZSI6IlJldml2ZXIjMDAwMSIsInVuaXF1ZV9kaXNwbGF5X25hbWUiOiJSZXZpdmVyIzAwMDEifQ.fv8xRcCKsGH-kO-Yy5UkjIPChaqt0XYnodWf6hdS9uvwgLBx_Gpa6LtecHNO-sBxhNPFiTKP9dX9Vt7yMu-Z2L8x2NIYZSvJXh40Ti4JY4OCIKzNCZ-YroW2-mPGnTu0jObkHPxrOs8nMbQ1S2Hi3HfrJfBHW0DD2Mm_lj8eplsA1NBAf-F9J2DlvHPr9kizT9wglS9ihvwZNO1BzZRUmktpPOIJ9CVv6co8pPXv-Wflq_6jaSTwOMwqVFHrCD8lO4aYOVGBrPvv5hex5JJgstKYqepEYKv8fxQNbyzSoWGDQOqnxcv5hsjkdXZI29YJnzEWQdRhUjt3Y6Bxnjgp-A
    Game-Client-Version: 1.0.0.0
    body: [
	{
		"EventNamespace": "loki",
		"EventName": "client_network_samples_snapshot",
		"Payload":
		{
			"sessionId": "96103a7341a019677b2c239ad381e488",
			"PlayerId": "9b9d2c887e2524f918e383a895f2f1c2",
			"timestamp": "2026-08-16T03:04:47.993Z",
			"inAveragePacketLoss": 0,
			"outAveragePacketLoss": 0,
			"HardwareId": "c1795a173f53c6f72e8b0125f11309c6"
		},
		"ClientTimestamp": "2026-08-16T03:05:40.267Z",
		"flightId": "fe0275c749fce947c3902a860f491a1d",
		"DeviceType": "Windows"
	}
]

#598 22:05:41.727  GET /revival/loadout
    -> 200  (0s)
    User-Agent: supervive-loadout-shim

#599 22:05:41.902  GET /revival/loadout
    -> 200  (0s)
    User-Agent: supervive-loadout-shim

#600 22:05:42.077  GET /revival/loadout
    -> 200  (0s)
    User-Agent: supervive-loadout-shim

#601 22:05:42.252  GET /revival/loadout
    -> 200  (0s)
    User-Agent: supervive-loadout-shim

#602 22:05:42.426  GET /revival/loadout
    -> 200  (0s)
    User-Agent: supervive-loadout-shim

#603 22:05:42.602  GET /revival/loadout
    -> 200  (0s)
    User-Agent: supervive-loadout-shim

#604 22:05:42.776  GET /revival/loadout
    -> 200  (0s)
    User-Agent: supervive-loadout-shim

#605 22:05:42.951  GET /revival/loadout
    -> 200  (0s)
    User-Agent: supervive-loadout-shim

#606 22:05:43.127  GET /revival/loadout
    -> 200  (0s)
    User-Agent: supervive-loadout-shim

#607 22:05:43.301  GET /revival/loadout
    -> 200  (0s)
    User-Agent: supervive-loadout-shim

#608 22:05:43.476  GET /revival/loadout
    -> 200  (0s)
    User-Agent: supervive-loadout-shim

#609 22:05:43.651  GET /revival/loadout
    -> 200  (0s)
    User-Agent: supervive-loadout-shim

#610 22:05:43.826  GET /revival/loadout
    -> 200  (0s)
    User-Agent: supervive-loadout-shim

#611 22:05:44.001  GET /revival/loadout
    -> 200  (0s)
    User-Agent: supervive-loadout-shim

#612 22:05:44.175  GET /revival/loadout
    -> 200  (0s)
    User-Agent: supervive-loadout-shim

#613 22:05:44.351  GET /revival/loadout
    -> 200  (0s)
    User-Agent: supervive-loadout-shim

#614 22:05:44.527  GET /revival/loadout
    -> 200  (0s)
    User-Agent: supervive-loadout-shim

#615 22:05:44.701  GET /revival/loadout
    -> 200  (0s)
    User-Agent: supervive-loadout-shim

#616 22:05:44.875  GET /revival/loadout
    -> 200  (0s)
    User-Agent: supervive-loadout-shim

#617 22:05:45.050  GET /revival/loadout
    -> 200  (0s)
    User-Agent: supervive-loadout-shim

#618 22:05:45.224  GET /revival/loadout
    -> 200  (0s)
    User-Agent: supervive-loadout-shim

#619 22:05:45.401  GET /revival/loadout
    -> 200  (0s)
    User-Agent: supervive-loadout-shim

#620 22:05:45.575  GET /revival/loadout
    -> 200  (0s)
    User-Agent: supervive-loadout-shim

#621 22:05:45.750  GET /revival/loadout
    -> 200  (0s)
    User-Agent: supervive-loadout-shim

#622 22:05:45.850  POST /party/parties/party-9b9d2c887e2524f918e383a895f2f1c2/members/9b9d2c887e2524f918e383a895f2f1c2/latencies
    -> 200  (0s)
    X-Theorycraft-Clientversion: release2.4.live-156430-shipping
    Authorization: Bearer eyJhbGciOiJSUzI1NiIsImtpZCI6InN1cGVydml2ZS1yZXZpdmFsLWtleS0xIiwidHlwIjoiSldUIn0.eyJiYW5zIjpbXSwiY2xpZW50X2lkIjoiYmE4ZmI1OWEzNGJiNDgxYWJjYTA4YzQ2YmE0ODgwMjUiLCJjb3VudHJ5IjoiVVMiLCJkaXNwbGF5X25hbWUiOiJSZXZpdmVyIiwiZXhwIjoxNzg2OTI5MjgzLCJpYXQiOjE3ODY4NDI4ODMsImlzX2NvbXBseSI6dHJ1ZSwiamZsZ3MiOjAsIm5hbWVzcGFjZSI6InN1cGVydml2ZSIsIm5iZiI6MTc4Njg0MjgyMywicGVybWlzc2lvbnMiOlt7IkFjdGlvbiI6MTUsIlJlc291cmNlIjoiTkFNRVNQQUNFOnN1cGVydml2ZToqIn0seyJBY3Rpb24iOjE1LCJSZXNvdXJjZSI6IkFETUlOOk5BTUVTUEFDRTpzdXBlcnZpdmU6KiJ9XSwicm9sZXMiOltdLCJzY29wZSI6ImNvbW1lcmNlIGFjY291bnQgc29jaWFsIHB1Ymxpc2hpbmcgYW5hbHl0aWNzIiwic3ViIjoiOWI5ZDJjODg3ZTI1MjRmOTE4ZTM4M2E4OTVmMmYxYzIiLCJ1bmlxdWVEaXNwbGF5TmFtZSI6IlJldml2ZXIjMDAwMSIsInVuaXF1ZV9kaXNwbGF5X25hbWUiOiJSZXZpdmVyIzAwMDEifQ.fv8xRcCKsGH-kO-Yy5UkjIPChaqt0XYnodWf6hdS9uvwgLBx_Gpa6LtecHNO-sBxhNPFiTKP9dX9Vt7yMu-Z2L8x2NIYZSvJXh40Ti4JY4OCIKzNCZ-YroW2-mPGnTu0jObkHPxrOs8nMbQ1S2Hi3HfrJfBHW0DD2Mm_lj8eplsA1NBAf-F9J2DlvHPr9kizT9wglS9ihvwZNO1BzZRUmktpPOIJ9CVv6co8pPXv-Wflq_6jaSTwOMwqVFHrCD8lO4aYOVGBrPvv5hex5JJgstKYqepEYKv8fxQNbyzSoWGDQOqnxcv5hsjkdXZI29YJnzEWQdRhUjt3Y6Bxnjgp-A
    Content-Type: application/json
    User-Agent: Loki/UE5-CL-0 (http-legacy) Windows/10.0.19045.1.256.64bit
    Accept: */*
    body: {"latencies":[{"host":"127.0.0.1","region":"us-east-1","route":"default","avgLatency":1}]}

#623 22:05:45.925  GET /revival/loadout
    -> 200  (0s)
    User-Agent: supervive-loadout-shim

#624 22:05:46.100  GET /revival/loadout
    -> 200  (0s)
    User-Agent: supervive-loadout-shim

#625 22:05:46.275  GET /revival/loadout
    -> 200  (0s)
    User-Agent: supervive-loadout-shim

#626 22:05:46.450  GET /revival/loadout
    -> 200  (0s)
    User-Agent: supervive-loadout-shim

#627 22:05:46.625  GET /revival/loadout
    -> 200  (0s)
    User-Agent: supervive-loadout-shim

#628 22:05:46.799  GET /revival/loadout
    -> 200  (0s)
    User-Agent: supervive-loadout-shim

#629 22:05:46.975  GET /revival/loadout
    -> 200  (0s)
    User-Agent: supervive-loadout-shim

#630 22:05:47.150  GET /revival/loadout
    -> 200  (0s)
    User-Agent: supervive-loadout-shim

#631 22:05:47.325  GET /revival/loadout
    -> 200  (0s)
    User-Agent: supervive-loadout-shim

#632 22:05:47.500  GET /revival/loadout
    -> 200  (0s)
    User-Agent: supervive-loadout-shim

#633 22:05:47.674  GET /revival/loadout
    -> 200  (1ms)
    User-Agent: supervive-loadout-shim

#634 22:05:47.850  GET /revival/loadout
    -> 200  (0s)
    User-Agent: supervive-loadout-shim

#635 22:05:48.023  GET /revival/loadout
    -> 200  (0s)
    User-Agent: supervive-loadout-shim

#636 22:05:48.199  GET /revival/loadout
    -> 200  (0s)
    User-Agent: supervive-loadout-shim

#637 22:05:48.374  GET /revival/loadout
    -> 200  (0s)
    User-Agent: supervive-loadout-shim

#638 22:05:48.549  GET /revival/loadout
    -> 200  (0s)
    User-Agent: supervive-loadout-shim

#639 22:05:48.724  GET /revival/loadout
    -> 200  (0s)
    User-Agent: supervive-loadout-shim

#640 22:05:48.899  GET /revival/loadout
    -> 200  (0s)
    User-Agent: supervive-loadout-shim

#641 22:05:49.074  GET /revival/loadout
    -> 200  (1ms)
    User-Agent: supervive-loadout-shim

#642 22:05:49.249  GET /revival/loadout
    -> 200  (0s)
    User-Agent: supervive-loadout-shim

#643 22:05:49.415  GET /revival/loadout
    -> 200  (0s)
    User-Agent: supervive-loadout-shim

#644 22:05:49.590  GET /revival/loadout
    -> 200  (0s)
    User-Agent: supervive-loadout-shim

#645 22:05:49.765  GET /revival/loadout
    -> 200  (0s)
    User-Agent: supervive-loadout-shim

#646 22:05:49.940  GET /revival/loadout
    -> 200  (0s)
    User-Agent: supervive-loadout-shim

#647 22:05:50.114  GET /revival/loadout
    -> 200  (0s)
    User-Agent: supervive-loadout-shim

#648 22:05:50.290  GET /revival/loadout
    -> 200  (0s)
    User-Agent: supervive-loadout-shim

#649 22:05:50.465  GET /revival/loadout
    -> 200  (0s)
    User-Agent: supervive-loadout-shim

#650 22:05:50.695  GET /revival/loadout
    -> 200  (0s)
    User-Agent: supervive-loadout-shim

#651 22:05:50.901  GET /revival/loadout
    -> 200  (0s)
    User-Agent: supervive-loadout-shim

#652 22:05:51.073  GET /revival/loadout
    -> 200  (0s)
    User-Agent: supervive-loadout-shim

#653 22:05:51.248  GET /revival/loadout
    -> 200  (0s)
    User-Agent: supervive-loadout-shim

#654 22:05:51.423  GET /revival/loadout
    -> 200  (0s)
    User-Agent: supervive-loadout-shim

#655 22:05:51.597  GET /revival/loadout
    -> 200  (0s)
    User-Agent: supervive-loadout-shim

#656 22:05:51.773  GET /revival/loadout
    -> 200  (0s)
    User-Agent: supervive-loadout-shim

#657 22:05:51.948  GET /revival/loadout
    -> 200  (0s)
    User-Agent: supervive-loadout-shim

#658 22:05:52.122  GET /revival/loadout
    -> 200  (0s)
    User-Agent: supervive-loadout-shim

* 22:05:52.215  WS <- /notifications/players/9b9d2c887e2524f918e383a895f2f1c2 BINARY (2 bytes) 6862

* 22:05:52.237  WS -> /notifications/players/9b9d2c887e2524f918e383a895f2f1c2 TEXT hb reply {"Resource":"hb","Version":0,"Payload":""}

#659 22:05:52.298  GET /revival/loadout
    -> 200  (0s)
    User-Agent: supervive-loadout-shim

#660 22:05:52.474  GET /revival/loadout
    -> 200  (0s)
    User-Agent: supervive-loadout-shim

#661 22:05:52.648  GET /revival/loadout
    -> 200  (0s)
    User-Agent: supervive-loadout-shim

#662 22:05:52.822  GET /revival/loadout
    -> 200  (0s)
    User-Agent: supervive-loadout-shim

#663 22:05:52.998  GET /revival/loadout
    -> 200  (0s)
    User-Agent: supervive-loadout-shim

#664 22:05:53.171  GET /revival/loadout
    -> 200  (0s)
    User-Agent: supervive-loadout-shim

#665 22:05:53.347  GET /revival/loadout
    -> 200  (0s)
    User-Agent: supervive-loadout-shim

#666 22:05:53.522  GET /revival/loadout
    -> 200  (0s)
    User-Agent: supervive-loadout-shim

#667 22:05:53.697  GET /revival/loadout
    -> 200  (0s)
    User-Agent: supervive-loadout-shim

#668 22:05:53.871  GET /revival/loadout
    -> 200  (0s)
    User-Agent: supervive-loadout-shim

#669 22:05:54.038  GET /revival/loadout
    -> 200  (0s)
    User-Agent: supervive-loadout-shim

#670 22:05:54.213  GET /revival/loadout
    -> 200  (0s)
    User-Agent: supervive-loadout-shim

#671 22:05:54.388  GET /revival/loadout
    -> 200  (0s)
    User-Agent: supervive-loadout-shim

#672 22:05:54.563  GET /revival/loadout
    -> 200  (0s)
    User-Agent: supervive-loadout-shim

#673 22:05:54.739  GET /revival/loadout
    -> 200  (0s)
    User-Agent: supervive-loadout-shim

#674 22:05:54.913  GET /revival/loadout
    -> 200  (0s)
    User-Agent: supervive-loadout-shim

#675 22:05:55.089  GET /revival/loadout
    -> 200  (0s)
    User-Agent: supervive-loadout-shim

#676 22:05:55.263  GET /revival/loadout
    -> 200  (0s)
    User-Agent: supervive-loadout-shim

#677 22:05:55.438  GET /revival/loadout
    -> 200  (0s)
    User-Agent: supervive-loadout-shim

#678 22:05:55.612  GET /revival/loadout
    -> 200  (0s)
    User-Agent: supervive-loadout-shim

#679 22:05:55.788  GET /revival/loadout
    -> 200  (0s)
    User-Agent: supervive-loadout-shim

#680 22:05:55.980  GET /revival/loadout
    -> 200  (0s)
    User-Agent: supervive-loadout-shim

#681 22:05:56.199  GET /revival/loadout
    -> 200  (0s)
    User-Agent: supervive-loadout-shim

#682 22:05:56.371  GET /revival/loadout
    -> 200  (0s)
    User-Agent: supervive-loadout-shim

#683 22:05:56.546  GET /revival/loadout
    -> 200  (0s)
    User-Agent: supervive-loadout-shim

#684 22:05:56.721  GET /revival/loadout
    -> 200  (0s)
    User-Agent: supervive-loadout-shim

#685 22:05:56.895  GET /revival/loadout
    -> 200  (0s)
    User-Agent: supervive-loadout-shim

#686 22:05:57.071  GET /revival/loadout
    -> 200  (0s)
    User-Agent: supervive-loadout-shim

#687 22:05:57.247  GET /revival/loadout
    -> 200  (0s)
    User-Agent: supervive-loadout-shim

#688 22:05:57.421  GET /revival/loadout
    -> 200  (0s)
    User-Agent: supervive-loadout-shim

#689 22:05:57.596  GET /revival/loadout
    -> 200  (0s)
    User-Agent: supervive-loadout-shim

#690 22:05:57.762  GET /revival/loadout
    -> 200  (0s)
    User-Agent: supervive-loadout-shim

#691 22:05:57.937  GET /revival/loadout
    -> 200  (0s)
    User-Agent: supervive-loadout-shim

#692 22:05:58.113  GET /revival/loadout
    -> 200  (0s)
    User-Agent: supervive-loadout-shim

#693 22:05:58.286  GET /revival/loadout
    -> 200  (1ms)
    User-Agent: supervive-loadout-shim

#694 22:05:58.462  GET /revival/loadout
    -> 200  (0s)
    User-Agent: supervive-loadout-shim

#695 22:05:58.637  GET /revival/loadout
    -> 200  (0s)
    User-Agent: supervive-loadout-shim

#696 22:05:58.812  GET /revival/loadout
    -> 200  (0s)
    User-Agent: supervive-loadout-shim

#697 22:05:58.986  GET /revival/loadout
    -> 200  (0s)
    User-Agent: supervive-loadout-shim

#698 22:05:59.162  GET /revival/loadout
    -> 200  (0s)
    User-Agent: supervive-loadout-shim

#699 22:05:59.337  GET /revival/loadout
    -> 200  (0s)
    User-Agent: supervive-loadout-shim

#700 22:05:59.513  GET /revival/loadout
    -> 200  (0s)
    User-Agent: supervive-loadout-shim

#701 22:05:59.695  GET /revival/loadout
    -> 200  (0s)
    User-Agent: supervive-loadout-shim

#702 22:05:59.869  GET /revival/loadout
    -> 200  (0s)
    User-Agent: supervive-loadout-shim

#703 22:06:00.044  GET /revival/loadout
    -> 200  (0s)
    User-Agent: supervive-loadout-shim

#704 22:06:00.219  GET /revival/loadout
    -> 200  (0s)
    User-Agent: supervive-loadout-shim

#705 22:06:00.394  GET /revival/loadout
    -> 200  (0s)
    User-Agent: supervive-loadout-shim

#706 22:06:00.569  GET /revival/loadout
    -> 200  (0s)
    User-Agent: supervive-loadout-shim

#707 22:06:00.745  GET /revival/loadout
    -> 200  (0s)
    User-Agent: supervive-loadout-shim

#708 22:06:00.919  GET /revival/loadout
    -> 200  (0s)
    User-Agent: supervive-loadout-shim

#709 22:06:01.094  GET /revival/loadout
    -> 200  (0s)
    User-Agent: supervive-loadout-shim

#710 22:06:01.278  GET /revival/loadout
    -> 200  (0s)
    User-Agent: supervive-loadout-shim

#711 22:06:01.452  GET /revival/loadout
    -> 200  (0s)
    User-Agent: supervive-loadout-shim

#712 22:06:01.627  GET /revival/loadout
    -> 200  (0s)
    User-Agent: supervive-loadout-shim

#713 22:06:01.802  GET /revival/loadout
    -> 200  (0s)
    User-Agent: supervive-loadout-shim

#714 22:06:01.978  GET /revival/loadout
    -> 200  (0s)
    User-Agent: supervive-loadout-shim

#715 22:06:02.151  GET /revival/loadout
    -> 200  (0s)
    User-Agent: supervive-loadout-shim

#716 22:06:02.223  GET /party/matchmaking/info
    -> 200  (0s)
    Accept: */*
    X-Theorycraft-Clientversion: release2.4.live-156430-shipping
    Authorization: Bearer eyJhbGciOiJSUzI1NiIsImtpZCI6InN1cGVydml2ZS1yZXZpdmFsLWtleS0xIiwidHlwIjoiSldUIn0.eyJiYW5zIjpbXSwiY2xpZW50X2lkIjoiYmE4ZmI1OWEzNGJiNDgxYWJjYTA4YzQ2YmE0ODgwMjUiLCJjb3VudHJ5IjoiVVMiLCJkaXNwbGF5X25hbWUiOiJSZXZpdmVyIiwiZXhwIjoxNzg2OTI5MjgzLCJpYXQiOjE3ODY4NDI4ODMsImlzX2NvbXBseSI6dHJ1ZSwiamZsZ3MiOjAsIm5hbWVzcGFjZSI6InN1cGVydml2ZSIsIm5iZiI6MTc4Njg0MjgyMywicGVybWlzc2lvbnMiOlt7IkFjdGlvbiI6MTUsIlJlc291cmNlIjoiTkFNRVNQQUNFOnN1cGVydml2ZToqIn0seyJBY3Rpb24iOjE1LCJSZXNvdXJjZSI6IkFETUlOOk5BTUVTUEFDRTpzdXBlcnZpdmU6KiJ9XSwicm9sZXMiOltdLCJzY29wZSI6ImNvbW1lcmNlIGFjY291bnQgc29jaWFsIHB1Ymxpc2hpbmcgYW5hbHl0aWNzIiwic3ViIjoiOWI5ZDJjODg3ZTI1MjRmOTE4ZTM4M2E4OTVmMmYxYzIiLCJ1bmlxdWVEaXNwbGF5TmFtZSI6IlJldml2ZXIjMDAwMSIsInVuaXF1ZV9kaXNwbGF5X25hbWUiOiJSZXZpdmVyIzAwMDEifQ.fv8xRcCKsGH-kO-Yy5UkjIPChaqt0XYnodWf6hdS9uvwgLBx_Gpa6LtecHNO-sBxhNPFiTKP9dX9Vt7yMu-Z2L8x2NIYZSvJXh40Ti4JY4OCIKzNCZ-YroW2-mPGnTu0jObkHPxrOs8nMbQ1S2Hi3HfrJfBHW0DD2Mm_lj8eplsA1NBAf-F9J2DlvHPr9kizT9wglS9ihvwZNO1BzZRUmktpPOIJ9CVv6co8pPXv-Wflq_6jaSTwOMwqVFHrCD8lO4aYOVGBrPvv5hex5JJgstKYqepEYKv8fxQNbyzSoWGDQOqnxcv5hsjkdXZI29YJnzEWQdRhUjt3Y6Bxnjgp-A
    User-Agent: Loki/UE5-CL-0 (http-legacy) Windows/10.0.19045.1.256.64bit

#717 22:06:02.223  GET /core-game/regions
    -> 200  (1ms)
    User-Agent: Loki/UE5-CL-0 (http-legacy) Windows/10.0.19045.1.256.64bit
    Accept: */*
    X-Theorycraft-Clientversion: release2.4.live-156430-shipping
    Authorization: Bearer eyJhbGciOiJSUzI1NiIsImtpZCI6InN1cGVydml2ZS1yZXZpdmFsLWtleS0xIiwidHlwIjoiSldUIn0.eyJiYW5zIjpbXSwiY2xpZW50X2lkIjoiYmE4ZmI1OWEzNGJiNDgxYWJjYTA4YzQ2YmE0ODgwMjUiLCJjb3VudHJ5IjoiVVMiLCJkaXNwbGF5X25hbWUiOiJSZXZpdmVyIiwiZXhwIjoxNzg2OTI5MjgzLCJpYXQiOjE3ODY4NDI4ODMsImlzX2NvbXBseSI6dHJ1ZSwiamZsZ3MiOjAsIm5hbWVzcGFjZSI6InN1cGVydml2ZSIsIm5iZiI6MTc4Njg0MjgyMywicGVybWlzc2lvbnMiOlt7IkFjdGlvbiI6MTUsIlJlc291cmNlIjoiTkFNRVNQQUNFOnN1cGVydml2ZToqIn0seyJBY3Rpb24iOjE1LCJSZXNvdXJjZSI6IkFETUlOOk5BTUVTUEFDRTpzdXBlcnZpdmU6KiJ9XSwicm9sZXMiOltdLCJzY29wZSI6ImNvbW1lcmNlIGFjY291bnQgc29jaWFsIHB1Ymxpc2hpbmcgYW5hbHl0aWNzIiwic3ViIjoiOWI5ZDJjODg3ZTI1MjRmOTE4ZTM4M2E4OTVmMmYxYzIiLCJ1bmlxdWVEaXNwbGF5TmFtZSI6IlJldml2ZXIjMDAwMSIsInVuaXF1ZV9kaXNwbGF5X25hbWUiOiJSZXZpdmVyIzAwMDEifQ.fv8xRcCKsGH-kO-Yy5UkjIPChaqt0XYnodWf6hdS9uvwgLBx_Gpa6LtecHNO-sBxhNPFiTKP9dX9Vt7yMu-Z2L8x2NIYZSvJXh40Ti4JY4OCIKzNCZ-YroW2-mPGnTu0jObkHPxrOs8nMbQ1S2Hi3HfrJfBHW0DD2Mm_lj8eplsA1NBAf-F9J2DlvHPr9kizT9wglS9ihvwZNO1BzZRUmktpPOIJ9CVv6co8pPXv-Wflq_6jaSTwOMwqVFHrCD8lO4aYOVGBrPvv5hex5JJgstKYqepEYKv8fxQNbyzSoWGDQOqnxcv5hsjkdXZI29YJnzEWQdRhUjt3Y6Bxnjgp-A

#718 22:06:02.327  GET /revival/loadout
    -> 200  (0s)
    User-Agent: supervive-loadout-shim

#719 22:06:02.502  GET /revival/loadout
    -> 200  (0s)
    User-Agent: supervive-loadout-shim

#720 22:06:02.675  GET /revival/loadout
    -> 200  (0s)
    User-Agent: supervive-loadout-shim

#721 22:06:02.851  GET /revival/loadout
    -> 200  (0s)
    User-Agent: supervive-loadout-shim

#722 22:06:03.026  GET /revival/loadout
    -> 200  (0s)
    User-Agent: supervive-loadout-shim

#723 22:06:03.201  GET /revival/loadout
    -> 200  (0s)
    User-Agent: supervive-loadout-shim

#724 22:06:03.377  GET /revival/loadout
    -> 200  (0s)
    User-Agent: supervive-loadout-shim

* 22:06:03.433  WS <- /lobby TEXT ""

#725 22:06:03.543  GET /revival/loadout
    -> 200  (0s)
    User-Agent: supervive-loadout-shim

#726 22:06:03.718  GET /revival/loadout
    -> 200  (0s)
    User-Agent: supervive-loadout-shim

#727 22:06:03.865  GET /configuration/client?language=en
    -> 200  (0s)
    Accept: */*
    X-Theorycraft-Clientversion: release2.4.live-156430-shipping
    Authorization: Bearer eyJhbGciOiJSUzI1NiIsImtpZCI6InN1cGVydml2ZS1yZXZpdmFsLWtleS0xIiwidHlwIjoiSldUIn0.eyJiYW5zIjpbXSwiY2xpZW50X2lkIjoiYmE4ZmI1OWEzNGJiNDgxYWJjYTA4YzQ2YmE0ODgwMjUiLCJjb3VudHJ5IjoiVVMiLCJkaXNwbGF5X25hbWUiOiJSZXZpdmVyIiwiZXhwIjoxNzg2OTI5MjgzLCJpYXQiOjE3ODY4NDI4ODMsImlzX2NvbXBseSI6dHJ1ZSwiamZsZ3MiOjAsIm5hbWVzcGFjZSI6InN1cGVydml2ZSIsIm5iZiI6MTc4Njg0MjgyMywicGVybWlzc2lvbnMiOlt7IkFjdGlvbiI6MTUsIlJlc291cmNlIjoiTkFNRVNQQUNFOnN1cGVydml2ZToqIn0seyJBY3Rpb24iOjE1LCJSZXNvdXJjZSI6IkFETUlOOk5BTUVTUEFDRTpzdXBlcnZpdmU6KiJ9XSwicm9sZXMiOltdLCJzY29wZSI6ImNvbW1lcmNlIGFjY291bnQgc29jaWFsIHB1Ymxpc2hpbmcgYW5hbHl0aWNzIiwic3ViIjoiOWI5ZDJjODg3ZTI1MjRmOTE4ZTM4M2E4OTVmMmYxYzIiLCJ1bmlxdWVEaXNwbGF5TmFtZSI6IlJldml2ZXIjMDAwMSIsInVuaXF1ZV9kaXNwbGF5X25hbWUiOiJSZXZpdmVyIzAwMDEifQ.fv8xRcCKsGH-kO-Yy5UkjIPChaqt0XYnodWf6hdS9uvwgLBx_Gpa6LtecHNO-sBxhNPFiTKP9dX9Vt7yMu-Z2L8x2NIYZSvJXh40Ti4JY4OCIKzNCZ-YroW2-mPGnTu0jObkHPxrOs8nMbQ1S2Hi3HfrJfBHW0DD2Mm_lj8eplsA1NBAf-F9J2DlvHPr9kizT9wglS9ihvwZNO1BzZRUmktpPOIJ9CVv6co8pPXv-Wflq_6jaSTwOMwqVFHrCD8lO4aYOVGBrPvv5hex5JJgstKYqepEYKv8fxQNbyzSoWGDQOqnxcv5hsjkdXZI29YJnzEWQdRhUjt3Y6Bxnjgp-A
    User-Agent: Loki/UE5-CL-0 (http-legacy) Windows/10.0.19045.1.256.64bit

#728 22:06:03.893  GET /revival/loadout
    -> 200  (0s)
    User-Agent: supervive-loadout-shim

#729 22:06:03.933  GET /content-service/manifest/release2.4.live-156430-shipping?nonEnabledOnly=true
    -> 200  (0s)
    Accept: */*
    X-Theorycraft-Clientversion: release2.4.live-156430-shipping
    Authorization: Bearer eyJhbGciOiJSUzI1NiIsImtpZCI6InN1cGVydml2ZS1yZXZpdmFsLWtleS0xIiwidHlwIjoiSldUIn0.eyJiYW5zIjpbXSwiY2xpZW50X2lkIjoiYmE4ZmI1OWEzNGJiNDgxYWJjYTA4YzQ2YmE0ODgwMjUiLCJjb3VudHJ5IjoiVVMiLCJkaXNwbGF5X25hbWUiOiJSZXZpdmVyIiwiZXhwIjoxNzg2OTI5MjgzLCJpYXQiOjE3ODY4NDI4ODMsImlzX2NvbXBseSI6dHJ1ZSwiamZsZ3MiOjAsIm5hbWVzcGFjZSI6InN1cGVydml2ZSIsIm5iZiI6MTc4Njg0MjgyMywicGVybWlzc2lvbnMiOlt7IkFjdGlvbiI6MTUsIlJlc291cmNlIjoiTkFNRVNQQUNFOnN1cGVydml2ZToqIn0seyJBY3Rpb24iOjE1LCJSZXNvdXJjZSI6IkFETUlOOk5BTUVTUEFDRTpzdXBlcnZpdmU6KiJ9XSwicm9sZXMiOltdLCJzY29wZSI6ImNvbW1lcmNlIGFjY291bnQgc29jaWFsIHB1Ymxpc2hpbmcgYW5hbHl0aWNzIiwic3ViIjoiOWI5ZDJjODg3ZTI1MjRmOTE4ZTM4M2E4OTVmMmYxYzIiLCJ1bmlxdWVEaXNwbGF5TmFtZSI6IlJldml2ZXIjMDAwMSIsInVuaXF1ZV9kaXNwbGF5X25hbWUiOiJSZXZpdmVyIzAwMDEifQ.fv8xRcCKsGH-kO-Yy5UkjIPChaqt0XYnodWf6hdS9uvwgLBx_Gpa6LtecHNO-sBxhNPFiTKP9dX9Vt7yMu-Z2L8x2NIYZSvJXh40Ti4JY4OCIKzNCZ-YroW2-mPGnTu0jObkHPxrOs8nMbQ1S2Hi3HfrJfBHW0DD2Mm_lj8eplsA1NBAf-F9J2DlvHPr9kizT9wglS9ihvwZNO1BzZRUmktpPOIJ9CVv6co8pPXv-Wflq_6jaSTwOMwqVFHrCD8lO4aYOVGBrPvv5hex5JJgstKYqepEYKv8fxQNbyzSoWGDQOqnxcv5hsjkdXZI29YJnzEWQdRhUjt3Y6Bxnjgp-A
    User-Agent: Loki/UE5-CL-0 (http-legacy) Windows/10.0.19045.1.256.64bit

#730 22:06:04.068  GET /revival/loadout
    -> 200  (0s)
    User-Agent: supervive-loadout-shim

#731 22:06:04.243  GET /revival/loadout
    -> 200  (0s)
    User-Agent: supervive-loadout-shim

#732 22:06:04.419  GET /revival/loadout
    -> 200  (0s)
    User-Agent: supervive-loadout-shim

#733 22:06:04.593  GET /revival/loadout
    -> 200  (0s)
    User-Agent: supervive-loadout-shim

#734 22:06:04.768  GET /revival/loadout
    -> 200  (0s)
    User-Agent: supervive-loadout-shim

#735 22:06:04.942  GET /revival/loadout
    -> 200  (0s)
    User-Agent: supervive-loadout-shim

#736 22:06:05.118  GET /revival/loadout
    -> 200  (0s)
    User-Agent: supervive-loadout-shim

#737 22:06:05.293  GET /revival/loadout
    -> 200  (0s)
    User-Agent: supervive-loadout-shim

#738 22:06:05.468  GET /revival/loadout
    -> 200  (0s)
    User-Agent: supervive-loadout-shim

#739 22:06:05.643  GET /revival/loadout
    -> 200  (0s)
    User-Agent: supervive-loadout-shim

#740 22:06:05.817  GET /revival/loadout
    -> 200  (0s)
    User-Agent: supervive-loadout-shim

#741 22:06:05.993  GET /revival/loadout
    -> 200  (0s)
    User-Agent: supervive-loadout-shim

#742 22:06:06.167  GET /revival/loadout
    -> 200  (0s)
    User-Agent: supervive-loadout-shim

#743 22:06:06.342  GET /revival/loadout
    -> 200  (0s)
    User-Agent: supervive-loadout-shim

#744 22:06:06.380  GET /party/players/9b9d2c887e2524f918e383a895f2f1c2/voice
    -> 200  (0s)
    Accept: */*
    X-Theorycraft-Clientversion: release2.4.live-156430-shipping
    Authorization: Bearer eyJhbGciOiJSUzI1NiIsImtpZCI6InN1cGVydml2ZS1yZXZpdmFsLWtleS0xIiwidHlwIjoiSldUIn0.eyJiYW5zIjpbXSwiY2xpZW50X2lkIjoiYmE4ZmI1OWEzNGJiNDgxYWJjYTA4YzQ2YmE0ODgwMjUiLCJjb3VudHJ5IjoiVVMiLCJkaXNwbGF5X25hbWUiOiJSZXZpdmVyIiwiZXhwIjoxNzg2OTI5MjgzLCJpYXQiOjE3ODY4NDI4ODMsImlzX2NvbXBseSI6dHJ1ZSwiamZsZ3MiOjAsIm5hbWVzcGFjZSI6InN1cGVydml2ZSIsIm5iZiI6MTc4Njg0MjgyMywicGVybWlzc2lvbnMiOlt7IkFjdGlvbiI6MTUsIlJlc291cmNlIjoiTkFNRVNQQUNFOnN1cGVydml2ZToqIn0seyJBY3Rpb24iOjE1LCJSZXNvdXJjZSI6IkFETUlOOk5BTUVTUEFDRTpzdXBlcnZpdmU6KiJ9XSwicm9sZXMiOltdLCJzY29wZSI6ImNvbW1lcmNlIGFjY291bnQgc29jaWFsIHB1Ymxpc2hpbmcgYW5hbHl0aWNzIiwic3ViIjoiOWI5ZDJjODg3ZTI1MjRmOTE4ZTM4M2E4OTVmMmYxYzIiLCJ1bmlxdWVEaXNwbGF5TmFtZSI6IlJldml2ZXIjMDAwMSIsInVuaXF1ZV9kaXNwbGF5X25hbWUiOiJSZXZpdmVyIzAwMDEifQ.fv8xRcCKsGH-kO-Yy5UkjIPChaqt0XYnodWf6hdS9uvwgLBx_Gpa6LtecHNO-sBxhNPFiTKP9dX9Vt7yMu-Z2L8x2NIYZSvJXh40Ti4JY4OCIKzNCZ-YroW2-mPGnTu0jObkHPxrOs8nMbQ1S2Hi3HfrJfBHW0DD2Mm_lj8eplsA1NBAf-F9J2DlvHPr9kizT9wglS9ihvwZNO1BzZRUmktpPOIJ9CVv6co8pPXv-Wflq_6jaSTwOMwqVFHrCD8lO4aYOVGBrPvv5hex5JJgstKYqepEYKv8fxQNbyzSoWGDQOqnxcv5hsjkdXZI29YJnzEWQdRhUjt3Y6Bxnjgp-A
    User-Agent: Loki/UE5-CL-0 (http-legacy) Windows/10.0.19045.1.256.64bit

#745 22:06:06.517  GET /revival/loadout
    -> 200  (0s)
    User-Agent: supervive-loadout-shim

#746 22:06:06.692  GET /revival/loadout
    -> 200  (0s)
    User-Agent: supervive-loadout-shim

#747 22:06:06.868  GET /revival/loadout
    -> 200  (0s)
    User-Agent: supervive-loadout-shim

#748 22:06:07.042  GET /revival/loadout
    -> 200  (0s)
    User-Agent: supervive-loadout-shim

#749 22:06:07.209  GET /revival/loadout
    -> 200  (0s)
    User-Agent: supervive-loadout-shim

#750 22:06:07.383  GET /revival/loadout
    -> 200  (0s)
    User-Agent: supervive-loadout-shim

#751 22:06:07.724  GET /revival/loadout
    -> 200  (0s)
    User-Agent: supervive-loadout-shim

#752 22:06:07.899  GET /revival/loadout
    -> 200  (0s)
    User-Agent: supervive-loadout-shim

#753 22:06:08.076  GET /revival/loadout
    -> 200  (0s)
    User-Agent: supervive-loadout-shim

#754 22:06:08.251  GET /revival/loadout
    -> 200  (0s)
    User-Agent: supervive-loadout-shim

#755 22:06:08.424  GET /revival/loadout
    -> 200  (0s)
    User-Agent: supervive-loadout-shim

#756 22:06:08.599  GET /revival/loadout
    -> 200  (0s)
    User-Agent: supervive-loadout-shim

#757 22:06:08.774  GET /revival/loadout
    -> 200  (0s)
    User-Agent: supervive-loadout-shim

#758 22:06:08.941  GET /revival/loadout
    -> 200  (0s)
    User-Agent: supervive-loadout-shim

#759 22:06:09.116  GET /revival/loadout
    -> 200  (0s)
    User-Agent: supervive-loadout-shim

#760 22:06:09.292  GET /revival/loadout
    -> 200  (0s)
    User-Agent: supervive-loadout-shim

#761 22:06:09.466  GET /revival/loadout
    -> 200  (0s)
    User-Agent: supervive-loadout-shim

#762 22:06:09.641  GET /revival/loadout
    -> 200  (0s)
    User-Agent: supervive-loadout-shim

#763 22:06:09.817  GET /revival/loadout
    -> 200  (0s)
    User-Agent: supervive-loadout-shim

#764 22:06:09.992  GET /revival/loadout
    -> 200  (0s)
    User-Agent: supervive-loadout-shim

#765 22:06:10.166  GET /revival/loadout
    -> 200  (0s)
    User-Agent: supervive-loadout-shim

#766 22:06:10.341  GET /revival/loadout
    -> 200  (0s)
    User-Agent: supervive-loadout-shim

#767 22:06:10.516  GET /revival/loadout
    -> 200  (0s)
    User-Agent: supervive-loadout-shim

#768 22:06:10.691  GET /revival/loadout
    -> 200  (0s)
    User-Agent: supervive-loadout-shim

#769 22:06:10.867  GET /revival/loadout
    -> 200  (0s)
    User-Agent: supervive-loadout-shim

#770 22:06:11.040  GET /revival/loadout
    -> 200  (0s)
    User-Agent: supervive-loadout-shim

#771 22:06:11.216  GET /revival/loadout
    -> 200  (0s)
    User-Agent: supervive-loadout-shim

#772 22:06:11.390  GET /revival/loadout
    -> 200  (0s)
    User-Agent: supervive-loadout-shim

#773 22:06:11.565  GET /revival/loadout
    -> 200  (0s)
    User-Agent: supervive-loadout-shim

#774 22:06:11.741  GET /revival/loadout
    -> 200  (0s)
    User-Agent: supervive-loadout-shim

#775 22:06:11.915  GET /revival/loadout
    -> 200  (0s)
    User-Agent: supervive-loadout-shim

#776 22:06:12.089  GET /revival/loadout
    -> 200  (0s)
    User-Agent: supervive-loadout-shim

#777 22:06:12.264  GET /revival/loadout
    -> 200  (0s)
    User-Agent: supervive-loadout-shim

#778 22:06:12.440  GET /revival/loadout
    -> 200  (0s)
    User-Agent: supervive-loadout-shim

#779 22:06:12.615  GET /revival/loadout
    -> 200  (0s)
    User-Agent: supervive-loadout-shim

#780 22:06:12.790  GET /revival/loadout
    -> 200  (0s)
    User-Agent: supervive-loadout-shim

#781 22:06:12.965  GET /revival/loadout
    -> 200  (0s)
    User-Agent: supervive-loadout-shim

#782 22:06:13.131  GET /revival/loadout
    -> 200  (0s)
    User-Agent: supervive-loadout-shim

#783 22:06:13.306  GET /revival/loadout
    -> 200  (0s)
    User-Agent: supervive-loadout-shim

#784 22:06:13.481  GET /revival/loadout
    -> 200  (0s)
    User-Agent: supervive-loadout-shim

#785 22:06:13.656  GET /revival/loadout
    -> 200  (0s)
    User-Agent: supervive-loadout-shim

#786 22:06:13.831  GET /revival/loadout
    -> 200  (0s)
    User-Agent: supervive-loadout-shim

#787 22:06:14.042  GET /revival/loadout
    -> 200  (0s)
    User-Agent: supervive-loadout-shim

#788 22:06:14.221  GET /revival/loadout
    -> 200  (0s)
    User-Agent: supervive-loadout-shim

#789 22:06:14.389  GET /revival/loadout
    -> 200  (0s)
    User-Agent: supervive-loadout-shim

#790 22:06:14.564  GET /revival/loadout
    -> 200  (0s)
    User-Agent: supervive-loadout-shim

#791 22:06:14.739  GET /revival/loadout
    -> 200  (0s)
    User-Agent: supervive-loadout-shim

#792 22:06:14.914  GET /revival/loadout
    -> 200  (0s)
    User-Agent: supervive-loadout-shim

#793 22:06:15.089  GET /revival/loadout
    -> 200  (0s)
    User-Agent: supervive-loadout-shim

#794 22:06:15.266  GET /revival/loadout
    -> 200  (0s)
    User-Agent: supervive-loadout-shim

#795 22:06:15.441  GET /revival/loadout
    -> 200  (0s)
    User-Agent: supervive-loadout-shim

#796 22:06:15.614  GET /revival/loadout
    -> 200  (0s)
    User-Agent: supervive-loadout-shim

#797 22:06:15.789  GET /revival/loadout
    -> 200  (0s)
    User-Agent: supervive-loadout-shim

#798 22:06:15.892  POST /party/parties/party-9b9d2c887e2524f918e383a895f2f1c2/members/9b9d2c887e2524f918e383a895f2f1c2/latencies
    -> 200  (0s)
    Authorization: Bearer eyJhbGciOiJSUzI1NiIsImtpZCI6InN1cGVydml2ZS1yZXZpdmFsLWtleS0xIiwidHlwIjoiSldUIn0.eyJiYW5zIjpbXSwiY2xpZW50X2lkIjoiYmE4ZmI1OWEzNGJiNDgxYWJjYTA4YzQ2YmE0ODgwMjUiLCJjb3VudHJ5IjoiVVMiLCJkaXNwbGF5X25hbWUiOiJSZXZpdmVyIiwiZXhwIjoxNzg2OTI5MjgzLCJpYXQiOjE3ODY4NDI4ODMsImlzX2NvbXBseSI6dHJ1ZSwiamZsZ3MiOjAsIm5hbWVzcGFjZSI6InN1cGVydml2ZSIsIm5iZiI6MTc4Njg0MjgyMywicGVybWlzc2lvbnMiOlt7IkFjdGlvbiI6MTUsIlJlc291cmNlIjoiTkFNRVNQQUNFOnN1cGVydml2ZToqIn0seyJBY3Rpb24iOjE1LCJSZXNvdXJjZSI6IkFETUlOOk5BTUVTUEFDRTpzdXBlcnZpdmU6KiJ9XSwicm9sZXMiOltdLCJzY29wZSI6ImNvbW1lcmNlIGFjY291bnQgc29jaWFsIHB1Ymxpc2hpbmcgYW5hbHl0aWNzIiwic3ViIjoiOWI5ZDJjODg3ZTI1MjRmOTE4ZTM4M2E4OTVmMmYxYzIiLCJ1bmlxdWVEaXNwbGF5TmFtZSI6IlJldml2ZXIjMDAwMSIsInVuaXF1ZV9kaXNwbGF5X25hbWUiOiJSZXZpdmVyIzAwMDEifQ.fv8xRcCKsGH-kO-Yy5UkjIPChaqt0XYnodWf6hdS9uvwgLBx_Gpa6LtecHNO-sBxhNPFiTKP9dX9Vt7yMu-Z2L8x2NIYZSvJXh40Ti4JY4OCIKzNCZ-YroW2-mPGnTu0jObkHPxrOs8nMbQ1S2Hi3HfrJfBHW0DD2Mm_lj8eplsA1NBAf-F9J2DlvHPr9kizT9wglS9ihvwZNO1BzZRUmktpPOIJ9CVv6co8pPXv-Wflq_6jaSTwOMwqVFHrCD8lO4aYOVGBrPvv5hex5JJgstKYqepEYKv8fxQNbyzSoWGDQOqnxcv5hsjkdXZI29YJnzEWQdRhUjt3Y6Bxnjgp-A
    Content-Type: application/json
    User-Agent: Loki/UE5-CL-0 (http-legacy) Windows/10.0.19045.1.256.64bit
    Accept: */*
    X-Theorycraft-Clientversion: release2.4.live-156430-shipping
    body: {"latencies":[{"host":"127.0.0.1","region":"us-east-1","route":"default","avgLatency":0}]}

#799 22:06:15.964  GET /revival/loadout
    -> 200  (0s)
    User-Agent: supervive-loadout-shim

#800 22:06:16.139  GET /revival/loadout
    -> 200  (0s)
    User-Agent: supervive-loadout-shim

#801 22:06:16.313  GET /revival/loadout
    -> 200  (0s)
    User-Agent: supervive-loadout-shim

#802 22:06:16.489  GET /revival/loadout
    -> 200  (0s)
    User-Agent: supervive-loadout-shim

#803 22:06:16.665  GET /revival/loadout
    -> 200  (0s)
    User-Agent: supervive-loadout-shim

#804 22:06:16.839  GET /revival/loadout
    -> 200  (0s)
    User-Agent: supervive-loadout-shim

#805 22:06:17.013  GET /revival/loadout
    -> 200  (0s)
    User-Agent: supervive-loadout-shim

#806 22:06:17.188  GET /revival/loadout
    -> 200  (0s)
    User-Agent: supervive-loadout-shim

#807 22:06:17.363  GET /revival/loadout
    -> 200  (0s)
    User-Agent: supervive-loadout-shim

#808 22:06:17.538  GET /revival/loadout
    -> 200  (0s)
    User-Agent: supervive-loadout-shim

#809 22:06:17.713  GET /revival/loadout
    -> 200  (0s)
    User-Agent: supervive-loadout-shim

#810 22:06:17.889  GET /revival/loadout
    -> 200  (0s)
    User-Agent: supervive-loadout-shim

#811 22:06:18.063  GET /revival/loadout
    -> 200  (0s)
    User-Agent: supervive-loadout-shim

#812 22:06:18.238  GET /revival/loadout
    -> 200  (0s)
    User-Agent: supervive-loadout-shim

#813 22:06:18.413  GET /revival/loadout
    -> 200  (0s)
    User-Agent: supervive-loadout-shim

#814 22:06:18.588  GET /revival/loadout
    -> 200  (0s)
    User-Agent: supervive-loadout-shim

#815 22:06:18.763  GET /revival/loadout
    -> 200  (0s)
    User-Agent: supervive-loadout-shim

#816 22:06:18.938  GET /revival/loadout
    -> 200  (0s)
    User-Agent: supervive-loadout-shim

#817 22:06:19.113  GET /revival/loadout
    -> 200  (0s)
    User-Agent: supervive-loadout-shim

#818 22:06:19.288  GET /revival/loadout
    -> 200  (0s)
    User-Agent: supervive-loadout-shim

#819 22:06:19.462  GET /revival/loadout
    -> 200  (0s)
    User-Agent: supervive-loadout-shim

#820 22:06:19.638  GET /revival/loadout
    -> 200  (0s)
    User-Agent: supervive-loadout-shim

#821 22:06:19.813  GET /revival/loadout
    -> 200  (0s)
    User-Agent: supervive-loadout-shim

#822 22:06:19.988  GET /revival/loadout
    -> 200  (0s)
    User-Agent: supervive-loadout-shim

#823 22:06:20.163  GET /revival/loadout
    -> 200  (0s)
    User-Agent: supervive-loadout-shim

#824 22:06:20.338  GET /revival/loadout
    -> 200  (0s)
    User-Agent: supervive-loadout-shim

#825 22:06:20.512  GET /revival/loadout
    -> 200  (0s)
    User-Agent: supervive-loadout-shim

#826 22:06:20.686  GET /revival/loadout
    -> 200  (0s)
    User-Agent: supervive-loadout-shim

#827 22:06:20.862  GET /revival/loadout
    -> 200  (0s)
    User-Agent: supervive-loadout-shim

#828 22:06:21.037  GET /revival/loadout
    -> 200  (0s)
    User-Agent: supervive-loadout-shim

#829 22:06:21.212  GET /revival/loadout
    -> 200  (0s)
    User-Agent: supervive-loadout-shim

#830 22:06:21.386  GET /revival/loadout
    -> 200  (0s)
    User-Agent: supervive-loadout-shim

#831 22:06:21.562  GET /revival/loadout
    -> 200  (0s)
    User-Agent: supervive-loadout-shim

#832 22:06:21.736  GET /revival/loadout
    -> 200  (0s)
    User-Agent: supervive-loadout-shim

#833 22:06:21.911  GET /revival/loadout
    -> 200  (0s)
    User-Agent: supervive-loadout-shim

#834 22:06:22.078  GET /revival/loadout
    -> 200  (0s)
    User-Agent: supervive-loadout-shim

#835 22:06:22.253  GET /revival/loadout
    -> 200  (0s)
    User-Agent: supervive-loadout-shim

* 22:06:22.262  WS -> /notifications/players/9b9d2c887e2524f918e383a895f2f1c2 BINARY hb (proactive 30s keepalive)

#836 22:06:22.428  GET /revival/loadout
    -> 200  (0s)
    User-Agent: supervive-loadout-shim

#837 22:06:22.594  GET /revival/loadout
    -> 200  (0s)
    User-Agent: supervive-loadout-shim

#838 22:06:22.769  GET /revival/loadout
    -> 200  (0s)
    User-Agent: supervive-loadout-shim

#839 22:06:22.944  GET /revival/loadout
    -> 200  (0s)
    User-Agent: supervive-loadout-shim

#840 22:06:23.119  GET /revival/loadout
    -> 200  (0s)
    User-Agent: supervive-loadout-shim

#841 22:06:23.294  GET /revival/loadout
    -> 200  (0s)
    User-Agent: supervive-loadout-shim

#842 22:06:23.470  GET /revival/loadout
    -> 200  (0s)
    User-Agent: supervive-loadout-shim

#843 22:06:23.644  GET /revival/loadout
    -> 200  (0s)
    User-Agent: supervive-loadout-shim

#844 22:06:23.821  GET /revival/loadout
    -> 200  (0s)
    User-Agent: supervive-loadout-shim

#845 22:06:24.019  GET /revival/loadout
    -> 200  (0s)
    User-Agent: supervive-loadout-shim

#846 22:06:24.193  GET /revival/loadout
    -> 200  (0s)
    User-Agent: supervive-loadout-shim

#847 22:06:24.369  GET /revival/loadout
    -> 200  (0s)
    User-Agent: supervive-loadout-shim

#848 22:06:24.543  GET /revival/loadout
    -> 200  (0s)
    User-Agent: supervive-loadout-shim

#849 22:06:24.719  GET /revival/loadout
    -> 200  (0s)
    User-Agent: supervive-loadout-shim

#850 22:06:24.892  GET /revival/loadout
    -> 200  (0s)
    User-Agent: supervive-loadout-shim

#851 22:06:25.076  GET /revival/loadout
    -> 200  (0s)
    User-Agent: supervive-loadout-shim

#852 22:06:25.252  GET /revival/loadout
    -> 200  (0s)
    User-Agent: supervive-loadout-shim

#853 22:06:25.426  GET /revival/loadout
    -> 200  (0s)
    User-Agent: supervive-loadout-shim

#854 22:06:25.602  GET /revival/loadout
    -> 200  (0s)
    User-Agent: supervive-loadout-shim

#855 22:06:25.777  GET /revival/loadout
    -> 200  (0s)
    User-Agent: supervive-loadout-shim

#856 22:06:25.952  GET /revival/loadout
    -> 200  (0s)
    User-Agent: supervive-loadout-shim

#857 22:06:26.126  GET /revival/loadout
    -> 200  (0s)
    User-Agent: supervive-loadout-shim

#858 22:06:26.301  GET /revival/loadout
    -> 200  (0s)
    User-Agent: supervive-loadout-shim

#859 22:06:26.477  GET /revival/loadout
    -> 200  (0s)
    User-Agent: supervive-loadout-shim

#860 22:06:26.652  GET /revival/loadout
    -> 200  (0s)
    User-Agent: supervive-loadout-shim

#861 22:06:26.826  GET /revival/loadout
    -> 200  (0s)
    User-Agent: supervive-loadout-shim

#862 22:06:27.001  GET /revival/loadout
    -> 200  (0s)
    User-Agent: supervive-loadout-shim

#863 22:06:27.176  GET /revival/loadout
    -> 200  (0s)
    User-Agent: supervive-loadout-shim

#864 22:06:27.352  GET /revival/loadout
    -> 200  (0s)
    User-Agent: supervive-loadout-shim

#865 22:06:27.534  GET /revival/loadout
    -> 200  (0s)
    User-Agent: supervive-loadout-shim

#866 22:06:27.709  GET /revival/loadout
    -> 200  (0s)
    User-Agent: supervive-loadout-shim

#867 22:06:27.884  GET /revival/loadout
    -> 200  (0s)
    User-Agent: supervive-loadout-shim

#868 22:06:28.051  GET /revival/loadout
    -> 200  (0s)
    User-Agent: supervive-loadout-shim

#869 22:06:28.225  GET /revival/loadout
    -> 200  (0s)
    User-Agent: supervive-loadout-shim

#870 22:06:28.401  GET /revival/loadout
    -> 200  (0s)
    User-Agent: supervive-loadout-shim

#871 22:06:28.575  GET /revival/loadout
    -> 200  (0s)
    User-Agent: supervive-loadout-shim

#872 22:06:28.758  GET /revival/loadout
    -> 200  (0s)
    User-Agent: supervive-loadout-shim

#873 22:06:28.933  GET /revival/loadout
    -> 200  (0s)
    User-Agent: supervive-loadout-shim

#874 22:06:29.118  GET /revival/loadout
    -> 200  (0s)
    User-Agent: supervive-loadout-shim

#875 22:06:29.292  GET /revival/loadout
    -> 200  (0s)
    User-Agent: supervive-loadout-shim

#876 22:06:29.458  GET /revival/loadout
    -> 200  (0s)
    User-Agent: supervive-loadout-shim

#877 22:06:29.633  GET /revival/loadout
    -> 200  (0s)
    User-Agent: supervive-loadout-shim

#878 22:06:29.808  GET /revival/loadout
    -> 200  (0s)
    User-Agent: supervive-loadout-shim

#879 22:06:29.983  GET /revival/loadout
    -> 200  (0s)
    User-Agent: supervive-loadout-shim

#880 22:06:30.159  GET /revival/loadout
    -> 200  (0s)
    User-Agent: supervive-loadout-shim

#881 22:06:30.334  GET /revival/loadout
    -> 200  (0s)
    User-Agent: supervive-loadout-shim

#882 22:06:30.508  GET /revival/loadout
    -> 200  (0s)
    User-Agent: supervive-loadout-shim

#883 22:06:30.683  GET /revival/loadout
    -> 200  (0s)
    User-Agent: supervive-loadout-shim

#884 22:06:30.869  GET /revival/loadout
    -> 200  (0s)
    User-Agent: supervive-loadout-shim

#885 22:06:31.043  GET /revival/loadout
    -> 200  (0s)
    User-Agent: supervive-loadout-shim

#886 22:06:31.217  GET /revival/loadout
    -> 200  (0s)
    User-Agent: supervive-loadout-shim

#887 22:06:31.391  GET /revival/loadout
    -> 200  (0s)
    User-Agent: supervive-loadout-shim

#888 22:06:31.575  GET /revival/loadout
    -> 200  (0s)
    User-Agent: supervive-loadout-shim

#889 22:06:31.758  GET /revival/loadout
    -> 200  (0s)
    User-Agent: supervive-loadout-shim

#890 22:06:31.933  GET /revival/loadout
    -> 200  (0s)
    User-Agent: supervive-loadout-shim

#891 22:06:32.132  GET /revival/loadout
    -> 200  (0s)
    User-Agent: supervive-loadout-shim

#892 22:06:32.175  GET /party/matchmaking/info
    -> 200  (0s)
    X-Theorycraft-Clientversion: release2.4.live-156430-shipping
    Authorization: Bearer eyJhbGciOiJSUzI1NiIsImtpZCI6InN1cGVydml2ZS1yZXZpdmFsLWtleS0xIiwidHlwIjoiSldUIn0.eyJiYW5zIjpbXSwiY2xpZW50X2lkIjoiYmE4ZmI1OWEzNGJiNDgxYWJjYTA4YzQ2YmE0ODgwMjUiLCJjb3VudHJ5IjoiVVMiLCJkaXNwbGF5X25hbWUiOiJSZXZpdmVyIiwiZXhwIjoxNzg2OTI5MjgzLCJpYXQiOjE3ODY4NDI4ODMsImlzX2NvbXBseSI6dHJ1ZSwiamZsZ3MiOjAsIm5hbWVzcGFjZSI6InN1cGVydml2ZSIsIm5iZiI6MTc4Njg0MjgyMywicGVybWlzc2lvbnMiOlt7IkFjdGlvbiI6MTUsIlJlc291cmNlIjoiTkFNRVNQQUNFOnN1cGVydml2ZToqIn0seyJBY3Rpb24iOjE1LCJSZXNvdXJjZSI6IkFETUlOOk5BTUVTUEFDRTpzdXBlcnZpdmU6KiJ9XSwicm9sZXMiOltdLCJzY29wZSI6ImNvbW1lcmNlIGFjY291bnQgc29jaWFsIHB1Ymxpc2hpbmcgYW5hbHl0aWNzIiwic3ViIjoiOWI5ZDJjODg3ZTI1MjRmOTE4ZTM4M2E4OTVmMmYxYzIiLCJ1bmlxdWVEaXNwbGF5TmFtZSI6IlJldml2ZXIjMDAwMSIsInVuaXF1ZV9kaXNwbGF5X25hbWUiOiJSZXZpdmVyIzAwMDEifQ.fv8xRcCKsGH-kO-Yy5UkjIPChaqt0XYnodWf6hdS9uvwgLBx_Gpa6LtecHNO-sBxhNPFiTKP9dX9Vt7yMu-Z2L8x2NIYZSvJXh40Ti4JY4OCIKzNCZ-YroW2-mPGnTu0jObkHPxrOs8nMbQ1S2Hi3HfrJfBHW0DD2Mm_lj8eplsA1NBAf-F9J2DlvHPr9kizT9wglS9ihvwZNO1BzZRUmktpPOIJ9CVv6co8pPXv-Wflq_6jaSTwOMwqVFHrCD8lO4aYOVGBrPvv5hex5JJgstKYqepEYKv8fxQNbyzSoWGDQOqnxcv5hsjkdXZI29YJnzEWQdRhUjt3Y6Bxnjgp-A
    User-Agent: Loki/UE5-CL-0 (http-legacy) Windows/10.0.19045.1.256.64bit
    Accept: */*

#893 22:06:32.308  GET /revival/loadout
    -> 200  (0s)
    User-Agent: supervive-loadout-shim

#894 22:06:32.481  GET /revival/loadout
    -> 200  (0s)
    User-Agent: supervive-loadout-shim

#895 22:06:32.658  GET /revival/loadout
    -> 200  (0s)
    User-Agent: supervive-loadout-shim

#896 22:06:32.832  GET /revival/loadout
    -> 200  (0s)
    User-Agent: supervive-loadout-shim

#897 22:06:33.008  GET /revival/loadout
    -> 200  (0s)
    User-Agent: supervive-loadout-shim

#898 22:06:33.174  GET /revival/loadout
    -> 200  (0s)
    User-Agent: supervive-loadout-shim

#899 22:06:33.341  GET /revival/loadout
    -> 200  (0s)
    User-Agent: supervive-loadout-shim

* 22:06:33.481  WS <- /lobby TEXT ""

#900 22:06:33.549  GET /revival/loadout
    -> 200  (0s)
    User-Agent: supervive-loadout-shim

#901 22:06:33.724  GET /revival/loadout
    -> 200  (0s)
    User-Agent: supervive-loadout-shim

#902 22:06:33.889  GET /configuration/client?language=en
    -> 200  (0s)
    Accept: */*
    X-Theorycraft-Clientversion: release2.4.live-156430-shipping
    Authorization: Bearer eyJhbGciOiJSUzI1NiIsImtpZCI6InN1cGVydml2ZS1yZXZpdmFsLWtleS0xIiwidHlwIjoiSldUIn0.eyJiYW5zIjpbXSwiY2xpZW50X2lkIjoiYmE4ZmI1OWEzNGJiNDgxYWJjYTA4YzQ2YmE0ODgwMjUiLCJjb3VudHJ5IjoiVVMiLCJkaXNwbGF5X25hbWUiOiJSZXZpdmVyIiwiZXhwIjoxNzg2OTI5MjgzLCJpYXQiOjE3ODY4NDI4ODMsImlzX2NvbXBseSI6dHJ1ZSwiamZsZ3MiOjAsIm5hbWVzcGFjZSI6InN1cGVydml2ZSIsIm5iZiI6MTc4Njg0MjgyMywicGVybWlzc2lvbnMiOlt7IkFjdGlvbiI6MTUsIlJlc291cmNlIjoiTkFNRVNQQUNFOnN1cGVydml2ZToqIn0seyJBY3Rpb24iOjE1LCJSZXNvdXJjZSI6IkFETUlOOk5BTUVTUEFDRTpzdXBlcnZpdmU6KiJ9XSwicm9sZXMiOltdLCJzY29wZSI6ImNvbW1lcmNlIGFjY291bnQgc29jaWFsIHB1Ymxpc2hpbmcgYW5hbHl0aWNzIiwic3ViIjoiOWI5ZDJjODg3ZTI1MjRmOTE4ZTM4M2E4OTVmMmYxYzIiLCJ1bmlxdWVEaXNwbGF5TmFtZSI6IlJldml2ZXIjMDAwMSIsInVuaXF1ZV9kaXNwbGF5X25hbWUiOiJSZXZpdmVyIzAwMDEifQ.fv8xRcCKsGH-kO-Yy5UkjIPChaqt0XYnodWf6hdS9uvwgLBx_Gpa6LtecHNO-sBxhNPFiTKP9dX9Vt7yMu-Z2L8x2NIYZSvJXh40Ti4JY4OCIKzNCZ-YroW2-mPGnTu0jObkHPxrOs8nMbQ1S2Hi3HfrJfBHW0DD2Mm_lj8eplsA1NBAf-F9J2DlvHPr9kizT9wglS9ihvwZNO1BzZRUmktpPOIJ9CVv6co8pPXv-Wflq_6jaSTwOMwqVFHrCD8lO4aYOVGBrPvv5hex5JJgstKYqepEYKv8fxQNbyzSoWGDQOqnxcv5hsjkdXZI29YJnzEWQdRhUjt3Y6Bxnjgp-A
    User-Agent: Loki/UE5-CL-0 (http-legacy) Windows/10.0.19045.1.256.64bit

#903 22:06:33.899  GET /revival/loadout
    -> 200  (0s)
    User-Agent: supervive-loadout-shim

#904 22:06:33.956  GET /content-service/manifest/release2.4.live-156430-shipping?nonEnabledOnly=true
    -> 200  (0s)
    X-Theorycraft-Clientversion: release2.4.live-156430-shipping
    Authorization: Bearer eyJhbGciOiJSUzI1NiIsImtpZCI6InN1cGVydml2ZS1yZXZpdmFsLWtleS0xIiwidHlwIjoiSldUIn0.eyJiYW5zIjpbXSwiY2xpZW50X2lkIjoiYmE4ZmI1OWEzNGJiNDgxYWJjYTA4YzQ2YmE0ODgwMjUiLCJjb3VudHJ5IjoiVVMiLCJkaXNwbGF5X25hbWUiOiJSZXZpdmVyIiwiZXhwIjoxNzg2OTI5MjgzLCJpYXQiOjE3ODY4NDI4ODMsImlzX2NvbXBseSI6dHJ1ZSwiamZsZ3MiOjAsIm5hbWVzcGFjZSI6InN1cGVydml2ZSIsIm5iZiI6MTc4Njg0MjgyMywicGVybWlzc2lvbnMiOlt7IkFjdGlvbiI6MTUsIlJlc291cmNlIjoiTkFNRVNQQUNFOnN1cGVydml2ZToqIn0seyJBY3Rpb24iOjE1LCJSZXNvdXJjZSI6IkFETUlOOk5BTUVTUEFDRTpzdXBlcnZpdmU6KiJ9XSwicm9sZXMiOltdLCJzY29wZSI6ImNvbW1lcmNlIGFjY291bnQgc29jaWFsIHB1Ymxpc2hpbmcgYW5hbHl0aWNzIiwic3ViIjoiOWI5ZDJjODg3ZTI1MjRmOTE4ZTM4M2E4OTVmMmYxYzIiLCJ1bmlxdWVEaXNwbGF5TmFtZSI6IlJldml2ZXIjMDAwMSIsInVuaXF1ZV9kaXNwbGF5X25hbWUiOiJSZXZpdmVyIzAwMDEifQ.fv8xRcCKsGH-kO-Yy5UkjIPChaqt0XYnodWf6hdS9uvwgLBx_Gpa6LtecHNO-sBxhNPFiTKP9dX9Vt7yMu-Z2L8x2NIYZSvJXh40Ti4JY4OCIKzNCZ-YroW2-mPGnTu0jObkHPxrOs8nMbQ1S2Hi3HfrJfBHW0DD2Mm_lj8eplsA1NBAf-F9J2DlvHPr9kizT9wglS9ihvwZNO1BzZRUmktpPOIJ9CVv6co8pPXv-Wflq_6jaSTwOMwqVFHrCD8lO4aYOVGBrPvv5hex5JJgstKYqepEYKv8fxQNbyzSoWGDQOqnxcv5hsjkdXZI29YJnzEWQdRhUjt3Y6Bxnjgp-A
    User-Agent: Loki/UE5-CL-0 (http-legacy) Windows/10.0.19045.1.256.64bit
    Accept: */*

#905 22:06:34.082  GET /revival/loadout
    -> 200  (0s)
    User-Agent: supervive-loadout-shim

#906 22:06:34.257  GET /revival/loadout
    -> 200  (0s)
    User-Agent: supervive-loadout-shim

#907 22:06:34.431  GET /revival/loadout
    -> 200  (0s)
    User-Agent: supervive-loadout-shim

#908 22:06:34.636  GET /revival/loadout
    -> 200  (0s)
    User-Agent: supervive-loadout-shim

#909 22:06:34.838  GET /revival/loadout
    -> 200  (0s)
    User-Agent: supervive-loadout-shim

#910 22:06:35.015  GET /revival/loadout
    -> 200  (0s)
    User-Agent: supervive-loadout-shim

#911 22:06:35.198  GET /revival/loadout
    -> 200  (0s)
    User-Agent: supervive-loadout-shim

#912 22:06:35.374  GET /revival/loadout
    -> 200  (0s)
    User-Agent: supervive-loadout-shim

#913 22:06:35.548  GET /revival/loadout
    -> 200  (0s)
    User-Agent: supervive-loadout-shim

#914 22:06:35.737  GET /revival/loadout
    -> 200  (0s)
    User-Agent: supervive-loadout-shim

#915 22:06:35.916  GET /revival/loadout
    -> 200  (0s)
    User-Agent: supervive-loadout-shim

#916 22:06:36.090  GET /revival/loadout
    -> 200  (0s)
    User-Agent: supervive-loadout-shim

#917 22:06:36.323  GET /revival/loadout
    -> 200  (0s)
    User-Agent: supervive-loadout-shim

#918 22:06:36.498  GET /revival/loadout
    -> 200  (0s)
    User-Agent: supervive-loadout-shim

#919 22:06:36.681  GET /revival/loadout
    -> 200  (0s)
    User-Agent: supervive-loadout-shim

#920 22:06:36.855  GET /revival/loadout
    -> 200  (0s)
    User-Agent: supervive-loadout-shim

#921 22:06:37.048  GET /revival/loadout
    -> 200  (0s)
    User-Agent: supervive-loadout-shim

#922 22:06:37.223  GET /revival/loadout
    -> 200  (0s)
    User-Agent: supervive-loadout-shim

#923 22:06:37.390  GET /revival/loadout
    -> 200  (0s)
    User-Agent: supervive-loadout-shim

#924 22:06:37.531  GET /party/players/9b9d2c887e2524f918e383a895f2f1c2/voice
    -> 200  (0s)
    Accept: */*
    X-Theorycraft-Clientversion: release2.4.live-156430-shipping
    Authorization: Bearer eyJhbGciOiJSUzI1NiIsImtpZCI6InN1cGVydml2ZS1yZXZpdmFsLWtleS0xIiwidHlwIjoiSldUIn0.eyJiYW5zIjpbXSwiY2xpZW50X2lkIjoiYmE4ZmI1OWEzNGJiNDgxYWJjYTA4YzQ2YmE0ODgwMjUiLCJjb3VudHJ5IjoiVVMiLCJkaXNwbGF5X25hbWUiOiJSZXZpdmVyIiwiZXhwIjoxNzg2OTI5MjgzLCJpYXQiOjE3ODY4NDI4ODMsImlzX2NvbXBseSI6dHJ1ZSwiamZsZ3MiOjAsIm5hbWVzcGFjZSI6InN1cGVydml2ZSIsIm5iZiI6MTc4Njg0MjgyMywicGVybWlzc2lvbnMiOlt7IkFjdGlvbiI6MTUsIlJlc291cmNlIjoiTkFNRVNQQUNFOnN1cGVydml2ZToqIn0seyJBY3Rpb24iOjE1LCJSZXNvdXJjZSI6IkFETUlOOk5BTUVTUEFDRTpzdXBlcnZpdmU6KiJ9XSwicm9sZXMiOltdLCJzY29wZSI6ImNvbW1lcmNlIGFjY291bnQgc29jaWFsIHB1Ymxpc2hpbmcgYW5hbHl0aWNzIiwic3ViIjoiOWI5ZDJjODg3ZTI1MjRmOTE4ZTM4M2E4OTVmMmYxYzIiLCJ1bmlxdWVEaXNwbGF5TmFtZSI6IlJldml2ZXIjMDAwMSIsInVuaXF1ZV9kaXNwbGF5X25hbWUiOiJSZXZpdmVyIzAwMDEifQ.fv8xRcCKsGH-kO-Yy5UkjIPChaqt0XYnodWf6hdS9uvwgLBx_Gpa6LtecHNO-sBxhNPFiTKP9dX9Vt7yMu-Z2L8x2NIYZSvJXh40Ti4JY4OCIKzNCZ-YroW2-mPGnTu0jObkHPxrOs8nMbQ1S2Hi3HfrJfBHW0DD2Mm_lj8eplsA1NBAf-F9J2DlvHPr9kizT9wglS9ihvwZNO1BzZRUmktpPOIJ9CVv6co8pPXv-Wflq_6jaSTwOMwqVFHrCD8lO4aYOVGBrPvv5hex5JJgstKYqepEYKv8fxQNbyzSoWGDQOqnxcv5hsjkdXZI29YJnzEWQdRhUjt3Y6Bxnjgp-A
    User-Agent: Loki/UE5-CL-0 (http-legacy) Windows/10.0.19045.1.256.64bit

#925 22:06:37.614  GET /revival/loadout
    -> 200  (0s)
    User-Agent: supervive-loadout-shim

#926 22:06:37.790  GET /revival/loadout
    -> 200  (0s)
    User-Agent: supervive-loadout-shim

#927 22:06:37.964  GET /revival/loadout
    -> 200  (0s)
    User-Agent: supervive-loadout-shim

#928 22:06:38.147  GET /revival/loadout
    -> 200  (0s)
    User-Agent: supervive-loadout-shim

#929 22:06:38.313  GET /revival/loadout
    -> 200  (0s)
    User-Agent: supervive-loadout-shim

#930 22:06:38.480  GET /revival/loadout
    -> 200  (0s)
    User-Agent: supervive-loadout-shim

#931 22:06:38.654  GET /revival/loadout
    -> 200  (0s)
    User-Agent: supervive-loadout-shim

#932 22:06:38.830  GET /revival/loadout
    -> 200  (0s)
    User-Agent: supervive-loadout-shim

#933 22:06:38.997  GET /revival/loadout
    -> 200  (0s)
    User-Agent: supervive-loadout-shim

#934 22:06:39.172  GET /revival/loadout
    -> 200  (0s)
    User-Agent: supervive-loadout-shim

#935 22:06:39.338  GET /revival/loadout
    -> 200  (0s)
    User-Agent: supervive-loadout-shim

#936 22:06:39.504  GET /revival/loadout
    -> 200  (0s)
    User-Agent: supervive-loadout-shim

#937 22:06:39.680  GET /revival/loadout
    -> 200  (0s)
    User-Agent: supervive-loadout-shim

#938 22:06:39.855  GET /revival/loadout
    -> 200  (0s)
    User-Agent: supervive-loadout-shim

#939 22:06:40.029  GET /revival/loadout
    -> 200  (0s)
    User-Agent: supervive-loadout-shim

#940 22:06:40.195  GET /revival/loadout
    -> 200  (0s)
    User-Agent: supervive-loadout-shim

#941 22:06:40.363  GET /revival/loadout
    -> 200  (0s)
    User-Agent: supervive-loadout-shim

#942 22:06:40.538  GET /revival/loadout
    -> 200  (0s)
    User-Agent: supervive-loadout-shim

#943 22:06:40.724  GET /revival/loadout
    -> 200  (0s)
    User-Agent: supervive-loadout-shim

#944 22:06:40.898  GET /revival/loadout
    -> 200  (0s)
    User-Agent: supervive-loadout-shim

#945 22:06:41.071  GET /revival/loadout
    -> 200  (0s)
    User-Agent: supervive-loadout-shim

#946 22:06:41.246  GET /revival/loadout
    -> 200  (0s)
    User-Agent: supervive-loadout-shim

#947 22:06:41.412  GET /revival/loadout
    -> 200  (0s)
    User-Agent: supervive-loadout-shim

#948 22:06:41.588  GET /revival/loadout
    -> 200  (0s)
    User-Agent: supervive-loadout-shim

#949 22:06:41.668  POST /game-telemetry/v1/protected/events
    -> 200  (0s)
    Accept: application/json
    Authorization: Bearer eyJhbGciOiJSUzI1NiIsImtpZCI6InN1cGVydml2ZS1yZXZpdmFsLWtleS0xIiwidHlwIjoiSldUIn0.eyJiYW5zIjpbXSwiY2xpZW50X2lkIjoiYmE4ZmI1OWEzNGJiNDgxYWJjYTA4YzQ2YmE0ODgwMjUiLCJjb3VudHJ5IjoiVVMiLCJkaXNwbGF5X25hbWUiOiJSZXZpdmVyIiwiZXhwIjoxNzg2OTI5MjgzLCJpYXQiOjE3ODY4NDI4ODMsImlzX2NvbXBseSI6dHJ1ZSwiamZsZ3MiOjAsIm5hbWVzcGFjZSI6InN1cGVydml2ZSIsIm5iZiI6MTc4Njg0MjgyMywicGVybWlzc2lvbnMiOlt7IkFjdGlvbiI6MTUsIlJlc291cmNlIjoiTkFNRVNQQUNFOnN1cGVydml2ZToqIn0seyJBY3Rpb24iOjE1LCJSZXNvdXJjZSI6IkFETUlOOk5BTUVTUEFDRTpzdXBlcnZpdmU6KiJ9XSwicm9sZXMiOltdLCJzY29wZSI6ImNvbW1lcmNlIGFjY291bnQgc29jaWFsIHB1Ymxpc2hpbmcgYW5hbHl0aWNzIiwic3ViIjoiOWI5ZDJjODg3ZTI1MjRmOTE4ZTM4M2E4OTVmMmYxYzIiLCJ1bmlxdWVEaXNwbGF5TmFtZSI6IlJldml2ZXIjMDAwMSIsInVuaXF1ZV9kaXNwbGF5X25hbWUiOiJSZXZpdmVyIzAwMDEifQ.fv8xRcCKsGH-kO-Yy5UkjIPChaqt0XYnodWf6hdS9uvwgLBx_Gpa6LtecHNO-sBxhNPFiTKP9dX9Vt7yMu-Z2L8x2NIYZSvJXh40Ti4JY4OCIKzNCZ-YroW2-mPGnTu0jObkHPxrOs8nMbQ1S2Hi3HfrJfBHW0DD2Mm_lj8eplsA1NBAf-F9J2DlvHPr9kizT9wglS9ihvwZNO1BzZRUmktpPOIJ9CVv6co8pPXv-Wflq_6jaSTwOMwqVFHrCD8lO4aYOVGBrPvv5hex5JJgstKYqepEYKv8fxQNbyzSoWGDQOqnxcv5hsjkdXZI29YJnzEWQdRhUjt3Y6Bxnjgp-A
    Game-Client-Version: 1.0.0.0
    User-Agent: Loki/UE5-CL-0 (http-legacy) Windows/10.0.19045.1.256.64bit
    Content-Type: application/json
    body: [
	{
		"EventNamespace": "loki",
		"EventName": "client_network_samples_snapshot",
		"Payload":
		{
			"sessionId": "96103a7341a019677b2c239ad381e488",
			"PlayerId": "9b9d2c887e2524f918e383a895f2f1c2",
			"timestamp": "2026-08-16T03:05:47.995Z",
			"inAveragePacketLoss": 0,
			"outAveragePacketLoss": 0,
			"HardwareId": "c1795a173f53c6f72e8b0125f11309c6"
		},
		"ClientTimestamp": "2026-08-16T03:06:40.268Z",
		"flightId": "fe0275c749fce947c3902a860f491a1d",
		"DeviceType": "Windows"
	}
]

#950 22:06:41.763  GET /revival/loadout
    -> 200  (0s)
    User-Agent: supervive-loadout-shim

#951 22:06:41.938  GET /revival/loadout
    -> 200  (0s)
    User-Agent: supervive-loadout-shim

#952 22:06:42.113  GET /revival/loadout
    -> 200  (0s)
    User-Agent: supervive-loadout-shim

#953 22:06:42.295  GET /revival/loadout
    -> 200  (0s)
    User-Agent: supervive-loadout-shim

#954 22:06:42.471  GET /revival/loadout
    -> 200  (0s)
    User-Agent: supervive-loadout-shim

#955 22:06:42.646  GET /revival/loadout
    -> 200  (0s)
    User-Agent: supervive-loadout-shim

#956 22:06:42.820  GET /revival/loadout
    -> 200  (0s)
    User-Agent: supervive-loadout-shim

#957 22:06:43.034  GET /revival/loadout
    -> 200  (0s)
    User-Agent: supervive-loadout-shim

#958 22:06:43.204  GET /revival/loadout
    -> 200  (0s)
    User-Agent: supervive-loadout-shim

#959 22:06:43.379  GET /revival/loadout
    -> 200  (0s)
    User-Agent: supervive-loadout-shim

#960 22:06:43.545  GET /revival/loadout
    -> 200  (0s)
    User-Agent: supervive-loadout-shim

#961 22:06:43.720  GET /revival/loadout
    -> 200  (0s)
    User-Agent: supervive-loadout-shim

#962 22:06:43.892  GET /revival/loadout
    -> 200  (0s)
    User-Agent: supervive-loadout-shim

#963 22:06:44.069  GET /revival/loadout
    -> 200  (0s)
    User-Agent: supervive-loadout-shim

#964 22:06:44.236  GET /revival/loadout
    -> 200  (0s)
    User-Agent: supervive-loadout-shim

#965 22:06:44.479  GET /revival/loadout
    -> 200  (0s)
    User-Agent: supervive-loadout-shim

#966 22:06:44.653  GET /revival/loadout
    -> 200  (0s)
    User-Agent: supervive-loadout-shim

#967 22:06:44.835  GET /revival/loadout
    -> 200  (0s)
    User-Agent: supervive-loadout-shim

#968 22:06:45.012  GET /revival/loadout
    -> 200  (0s)
    User-Agent: supervive-loadout-shim

#969 22:06:45.194  GET /revival/loadout
    -> 200  (0s)
    User-Agent: supervive-loadout-shim

#970 22:06:45.370  GET /revival/loadout
    -> 200  (0s)
    User-Agent: supervive-loadout-shim

#971 22:06:45.554  GET /revival/loadout
    -> 200  (0s)
    User-Agent: supervive-loadout-shim

#972 22:06:45.803  POST /party/parties/party-9b9d2c887e2524f918e383a895f2f1c2/members/9b9d2c887e2524f918e383a895f2f1c2/latencies
    -> 200  (0s)
    Accept: */*
    X-Theorycraft-Clientversion: release2.4.live-156430-shipping
    Authorization: Bearer eyJhbGciOiJSUzI1NiIsImtpZCI6InN1cGVydml2ZS1yZXZpdmFsLWtleS0xIiwidHlwIjoiSldUIn0.eyJiYW5zIjpbXSwiY2xpZW50X2lkIjoiYmE4ZmI1OWEzNGJiNDgxYWJjYTA4YzQ2YmE0ODgwMjUiLCJjb3VudHJ5IjoiVVMiLCJkaXNwbGF5X25hbWUiOiJSZXZpdmVyIiwiZXhwIjoxNzg2OTI5MjgzLCJpYXQiOjE3ODY4NDI4ODMsImlzX2NvbXBseSI6dHJ1ZSwiamZsZ3MiOjAsIm5hbWVzcGFjZSI6InN1cGVydml2ZSIsIm5iZiI6MTc4Njg0MjgyMywicGVybWlzc2lvbnMiOlt7IkFjdGlvbiI6MTUsIlJlc291cmNlIjoiTkFNRVNQQUNFOnN1cGVydml2ZToqIn0seyJBY3Rpb24iOjE1LCJSZXNvdXJjZSI6IkFETUlOOk5BTUVTUEFDRTpzdXBlcnZpdmU6KiJ9XSwicm9sZXMiOltdLCJzY29wZSI6ImNvbW1lcmNlIGFjY291bnQgc29jaWFsIHB1Ymxpc2hpbmcgYW5hbHl0aWNzIiwic3ViIjoiOWI5ZDJjODg3ZTI1MjRmOTE4ZTM4M2E4OTVmMmYxYzIiLCJ1bmlxdWVEaXNwbGF5TmFtZSI6IlJldml2ZXIjMDAwMSIsInVuaXF1ZV9kaXNwbGF5X25hbWUiOiJSZXZpdmVyIzAwMDEifQ.fv8xRcCKsGH-kO-Yy5UkjIPChaqt0XYnodWf6hdS9uvwgLBx_Gpa6LtecHNO-sBxhNPFiTKP9dX9Vt7yMu-Z2L8x2NIYZSvJXh40Ti4JY4OCIKzNCZ-YroW2-mPGnTu0jObkHPxrOs8nMbQ1S2Hi3HfrJfBHW0DD2Mm_lj8eplsA1NBAf-F9J2DlvHPr9kizT9wglS9ihvwZNO1BzZRUmktpPOIJ9CVv6co8pPXv-Wflq_6jaSTwOMwqVFHrCD8lO4aYOVGBrPvv5hex5JJgstKYqepEYKv8fxQNbyzSoWGDQOqnxcv5hsjkdXZI29YJnzEWQdRhUjt3Y6Bxnjgp-A
    Content-Type: application/json
    User-Agent: Loki/UE5-CL-0 (http-legacy) Windows/10.0.19045.1.256.64bit
    body: {"latencies":[{"host":"127.0.0.1","region":"us-east-1","route":"default","avgLatency":1}]}

#973 22:06:45.818  GET /revival/loadout
    -> 200  (0s)
    User-Agent: supervive-loadout-shim

#974 22:06:46.002  GET /revival/loadout
    -> 200  (0s)
    User-Agent: supervive-loadout-shim

#975 22:06:46.171  GET /revival/loadout
    -> 200  (0s)
    User-Agent: supervive-loadout-shim

#976 22:06:46.360  GET /revival/loadout
    -> 200  (0s)
    User-Agent: supervive-loadout-shim

#977 22:06:46.532  GET /revival/loadout
    -> 200  (1ms)
    User-Agent: supervive-loadout-shim

#978 22:06:46.710  GET /revival/loadout
    -> 200  (0s)
    User-Agent: supervive-loadout-shim

#979 22:06:46.878  GET /revival/loadout
    -> 200  (0s)
    User-Agent: supervive-loadout-shim

#980 22:06:47.051  GET /revival/loadout
    -> 200  (0s)
    User-Agent: supervive-loadout-shim

* 22:06:47.171  WS <- /notifications/players/9b9d2c887e2524f918e383a895f2f1c2 BINARY (2 bytes) 6862

* 22:06:47.191  WS -> /notifications/players/9b9d2c887e2524f918e383a895f2f1c2 TEXT hb reply {"Resource":"hb","Version":0,"Payload":""}

#981 22:06:47.224  GET /revival/loadout
    -> 200  (0s)
    User-Agent: supervive-loadout-shim

#982 22:06:47.401  GET /revival/loadout
    -> 200  (0s)
    User-Agent: supervive-loadout-shim

#983 22:06:47.577  GET /revival/loadout
    -> 200  (0s)
    User-Agent: supervive-loadout-shim

#984 22:06:47.751  GET /revival/loadout
    -> 200  (0s)
    User-Agent: supervive-loadout-shim

#985 22:06:47.935  GET /revival/loadout
    -> 200  (0s)
    User-Agent: supervive-loadout-shim

#986 22:06:48.117  GET /revival/loadout
    -> 200  (0s)
    User-Agent: supervive-loadout-shim

#987 22:06:48.296  GET /revival/loadout
    -> 200  (1ms)
    User-Agent: supervive-loadout-shim

#988 22:06:48.555  GET /revival/loadout
    -> 200  (0s)
    User-Agent: supervive-loadout-shim

#989 22:06:48.734  GET /revival/loadout
    -> 200  (0s)
    User-Agent: supervive-loadout-shim

#990 22:06:48.910  GET /revival/loadout
    -> 200  (0s)
    User-Agent: supervive-loadout-shim

#991 22:06:49.084  GET /revival/loadout
    -> 200  (0s)
    User-Agent: supervive-loadout-shim

#992 22:06:49.268  GET /revival/loadout
    -> 200  (0s)
    User-Agent: supervive-loadout-shim

#993 22:06:49.443  GET /revival/loadout
    -> 200  (0s)
    User-Agent: supervive-loadout-shim

#994 22:06:49.618  GET /revival/loadout
    -> 200  (0s)
    User-Agent: supervive-loadout-shim

#995 22:06:49.895  GET /revival/loadout
    -> 200  (0s)
    User-Agent: supervive-loadout-shim

#996 22:06:50.078  GET /revival/loadout
    -> 200  (0s)
    User-Agent: supervive-loadout-shim

#997 22:06:50.251  GET /revival/loadout
    -> 200  (0s)
    User-Agent: supervive-loadout-shim

#998 22:06:50.426  GET /revival/loadout
    -> 200  (0s)
    User-Agent: supervive-loadout-shim

#999 22:06:50.617  GET /revival/loadout
    -> 200  (0s)
    User-Agent: supervive-loadout-shim

#1000 22:06:50.793  GET /revival/loadout
    -> 200  (0s)
    User-Agent: supervive-loadout-shim

#1001 22:06:50.967  GET /revival/loadout
    -> 200  (0s)
    User-Agent: supervive-loadout-shim

#1002 22:06:51.143  GET /revival/loadout
    -> 200  (0s)
    User-Agent: supervive-loadout-shim

#1003 22:06:51.364  GET /revival/loadout
    -> 200  (0s)
    User-Agent: supervive-loadout-shim

#1004 22:06:51.535  GET /revival/loadout
    -> 200  (0s)
    User-Agent: supervive-loadout-shim

#1005 22:06:51.727  GET /revival/loadout
    -> 200  (1ms)
    User-Agent: supervive-loadout-shim

#1006 22:06:51.919  GET /revival/loadout
    -> 200  (0s)
    User-Agent: supervive-loadout-shim

#1007 22:06:52.092  GET /revival/loadout
    -> 200  (0s)
    User-Agent: supervive-loadout-shim

#1008 22:06:52.284  GET /revival/loadout
    -> 200  (0s)
    User-Agent: supervive-loadout-shim

#1009 22:06:52.459  GET /revival/loadout
    -> 200  (0s)
    User-Agent: supervive-loadout-shim

#1010 22:06:52.709  GET /revival/loadout
    -> 200  (0s)
    User-Agent: supervive-loadout-shim

#1011 22:06:52.888  GET /revival/loadout
    -> 200  (0s)
    User-Agent: supervive-loadout-shim

#1012 22:06:53.093  GET /revival/loadout
    -> 200  (0s)
    User-Agent: supervive-loadout-shim

#1013 22:06:53.267  GET /revival/loadout
    -> 200  (0s)
    User-Agent: supervive-loadout-shim

#1014 22:06:53.450  GET /revival/loadout
    -> 200  (0s)
    User-Agent: supervive-loadout-shim

#1015 22:06:53.625  GET /revival/loadout
    -> 200  (0s)
    User-Agent: supervive-loadout-shim

#1016 22:06:53.809  GET /revival/loadout
    -> 200  (0s)
    User-Agent: supervive-loadout-shim

#1017 22:06:54.101  GET /revival/loadout
    -> 200  (0s)
    User-Agent: supervive-loadout-shim

#1018 22:06:54.282  GET /revival/loadout
    -> 200  (0s)
    User-Agent: supervive-loadout-shim

#1019 22:06:54.458  GET /revival/loadout
    -> 200  (0s)
    User-Agent: supervive-loadout-shim

#1020 22:06:54.641  GET /revival/loadout
    -> 200  (0s)
    User-Agent: supervive-loadout-shim

#1021 22:06:54.824  GET /revival/loadout
    -> 200  (0s)
    User-Agent: supervive-loadout-shim

#1022 22:06:55.004  GET /revival/loadout
    -> 200  (0s)
    User-Agent: supervive-loadout-shim

#1023 22:06:55.175  GET /revival/loadout
    -> 200  (1ms)
    User-Agent: supervive-loadout-shim

#1024 22:06:55.577  GET /revival/loadout
    -> 200  (0s)
    User-Agent: supervive-loadout-shim

#1025 22:06:55.764  GET /revival/loadout
    -> 200  (0s)
    User-Agent: supervive-loadout-shim

#1026 22:06:55.945  GET /revival/loadout
    -> 200  (0s)
    User-Agent: supervive-loadout-shim

#1027 22:06:56.118  GET /revival/loadout
    -> 200  (0s)
    User-Agent: supervive-loadout-shim

#1028 22:06:56.291  GET /revival/loadout
    -> 200  (0s)
    User-Agent: supervive-loadout-shim

#1029 22:06:56.474  GET /revival/loadout
    -> 200  (0s)
    User-Agent: supervive-loadout-shim

#1030 22:06:56.828  GET /revival/loadout
    -> 200  (0s)
    User-Agent: supervive-loadout-shim

#1031 22:06:57.327  GET /revival/loadout
    -> 200  (0s)
    User-Agent: supervive-loadout-shim

#1032 22:06:57.665  GET /revival/loadout
    -> 200  (0s)
    User-Agent: supervive-loadout-shim

#1033 22:06:57.846  GET /revival/loadout
    -> 200  (0s)
    User-Agent: supervive-loadout-shim

#1034 22:06:58.155  GET /revival/loadout
    -> 200  (0s)
    User-Agent: supervive-loadout-shim

#1035 22:06:58.457  GET /revival/loadout
    -> 200  (0s)
    User-Agent: supervive-loadout-shim

#1036 22:06:58.711  GET /revival/loadout
    -> 200  (0s)
    User-Agent: supervive-loadout-shim

#1037 22:06:59.081  GET /revival/loadout
    -> 200  (0s)
    User-Agent: supervive-loadout-shim

#1038 22:06:59.262  GET /revival/loadout
    -> 200  (0s)
    User-Agent: supervive-loadout-shim

#1039 22:06:59.578  GET /revival/loadout
    -> 200  (0s)
    User-Agent: supervive-loadout-shim

#1040 22:06:59.923  GET /revival/loadout
    -> 200  (0s)
    User-Agent: supervive-loadout-shim

#1041 22:07:00.130  GET /revival/loadout
    -> 200  (0s)
    User-Agent: supervive-loadout-shim

#1042 22:07:00.314  GET /revival/loadout
    -> 200  (0s)
    User-Agent: supervive-loadout-shim

#1043 22:07:00.490  GET /revival/loadout
    -> 200  (0s)
    User-Agent: supervive-loadout-shim

#1044 22:07:00.673  GET /revival/loadout
    -> 200  (0s)
    User-Agent: supervive-loadout-shim

#1045 22:07:01.063  GET /revival/loadout
    -> 200  (0s)
    User-Agent: supervive-loadout-shim

#1046 22:07:01.434  GET /revival/loadout
    -> 200  (0s)
    User-Agent: supervive-loadout-shim

#1047 22:07:01.607  GET /revival/loadout
    -> 200  (0s)
    User-Agent: supervive-loadout-shim

#1048 22:07:01.781  GET /revival/loadout
    -> 200  (0s)
    User-Agent: supervive-loadout-shim

#1049 22:07:01.960  GET /revival/loadout
    -> 200  (0s)
    User-Agent: supervive-loadout-shim

#1050 22:07:02.213  GET /core-game/regions
    -> 200  (0s)
    Accept: */*
    X-Theorycraft-Clientversion: release2.4.live-156430-shipping
    Authorization: Bearer eyJhbGciOiJSUzI1NiIsImtpZCI6InN1cGVydml2ZS1yZXZpdmFsLWtleS0xIiwidHlwIjoiSldUIn0.eyJiYW5zIjpbXSwiY2xpZW50X2lkIjoiYmE4ZmI1OWEzNGJiNDgxYWJjYTA4YzQ2YmE0ODgwMjUiLCJjb3VudHJ5IjoiVVMiLCJkaXNwbGF5X25hbWUiOiJSZXZpdmVyIiwiZXhwIjoxNzg2OTI5MjgzLCJpYXQiOjE3ODY4NDI4ODMsImlzX2NvbXBseSI6dHJ1ZSwiamZsZ3MiOjAsIm5hbWVzcGFjZSI6InN1cGVydml2ZSIsIm5iZiI6MTc4Njg0MjgyMywicGVybWlzc2lvbnMiOlt7IkFjdGlvbiI6MTUsIlJlc291cmNlIjoiTkFNRVNQQUNFOnN1cGVydml2ZToqIn0seyJBY3Rpb24iOjE1LCJSZXNvdXJjZSI6IkFETUlOOk5BTUVTUEFDRTpzdXBlcnZpdmU6KiJ9XSwicm9sZXMiOltdLCJzY29wZSI6ImNvbW1lcmNlIGFjY291bnQgc29jaWFsIHB1Ymxpc2hpbmcgYW5hbHl0aWNzIiwic3ViIjoiOWI5ZDJjODg3ZTI1MjRmOTE4ZTM4M2E4OTVmMmYxYzIiLCJ1bmlxdWVEaXNwbGF5TmFtZSI6IlJldml2ZXIjMDAwMSIsInVuaXF1ZV9kaXNwbGF5X25hbWUiOiJSZXZpdmVyIzAwMDEifQ.fv8xRcCKsGH-kO-Yy5UkjIPChaqt0XYnodWf6hdS9uvwgLBx_Gpa6LtecHNO-sBxhNPFiTKP9dX9Vt7yMu-Z2L8x2NIYZSvJXh40Ti4JY4OCIKzNCZ-YroW2-mPGnTu0jObkHPxrOs8nMbQ1S2Hi3HfrJfBHW0DD2Mm_lj8eplsA1NBAf-F9J2DlvHPr9kizT9wglS9ihvwZNO1BzZRUmktpPOIJ9CVv6co8pPXv-Wflq_6jaSTwOMwqVFHrCD8lO4aYOVGBrPvv5hex5JJgstKYqepEYKv8fxQNbyzSoWGDQOqnxcv5hsjkdXZI29YJnzEWQdRhUjt3Y6Bxnjgp-A
    User-Agent: Loki/UE5-CL-0 (http-legacy) Windows/10.0.19045.1.256.64bit

#1052 22:07:02.213  GET /mailbox/config/version
    -> 200  (46ms)
    Authorization: Bearer eyJhbGciOiJSUzI1NiIsImtpZCI6InN1cGVydml2ZS1yZXZpdmFsLWtleS0xIiwidHlwIjoiSldUIn0.eyJiYW5zIjpbXSwiY2xpZW50X2lkIjoiYmE4ZmI1OWEzNGJiNDgxYWJjYTA4YzQ2YmE0ODgwMjUiLCJjb3VudHJ5IjoiVVMiLCJkaXNwbGF5X25hbWUiOiJSZXZpdmVyIiwiZXhwIjoxNzg2OTI5MjgzLCJpYXQiOjE3ODY4NDI4ODMsImlzX2NvbXBseSI6dHJ1ZSwiamZsZ3MiOjAsIm5hbWVzcGFjZSI6InN1cGVydml2ZSIsIm5iZiI6MTc4Njg0MjgyMywicGVybWlzc2lvbnMiOlt7IkFjdGlvbiI6MTUsIlJlc291cmNlIjoiTkFNRVNQQUNFOnN1cGVydml2ZToqIn0seyJBY3Rpb24iOjE1LCJSZXNvdXJjZSI6IkFETUlOOk5BTUVTUEFDRTpzdXBlcnZpdmU6KiJ9XSwicm9sZXMiOltdLCJzY29wZSI6ImNvbW1lcmNlIGFjY291bnQgc29jaWFsIHB1Ymxpc2hpbmcgYW5hbHl0aWNzIiwic3ViIjoiOWI5ZDJjODg3ZTI1MjRmOTE4ZTM4M2E4OTVmMmYxYzIiLCJ1bmlxdWVEaXNwbGF5TmFtZSI6IlJldml2ZXIjMDAwMSIsInVuaXF1ZV9kaXNwbGF5X25hbWUiOiJSZXZpdmVyIzAwMDEifQ.fv8xRcCKsGH-kO-Yy5UkjIPChaqt0XYnodWf6hdS9uvwgLBx_Gpa6LtecHNO-sBxhNPFiTKP9dX9Vt7yMu-Z2L8x2NIYZSvJXh40Ti4JY4OCIKzNCZ-YroW2-mPGnTu0jObkHPxrOs8nMbQ1S2Hi3HfrJfBHW0DD2Mm_lj8eplsA1NBAf-F9J2DlvHPr9kizT9wglS9ihvwZNO1BzZRUmktpPOIJ9CVv6co8pPXv-Wflq_6jaSTwOMwqVFHrCD8lO4aYOVGBrPvv5hex5JJgstKYqepEYKv8fxQNbyzSoWGDQOqnxcv5hsjkdXZI29YJnzEWQdRhUjt3Y6Bxnjgp-A
    User-Agent: Loki/UE5-CL-0 (http-legacy) Windows/10.0.19045.1.256.64bit
    Accept: */*
    X-Theorycraft-Clientversion: release2.4.live-156430-shipping

#1051 22:07:02.218  GET /party/matchmaking/info
    -> 200  (0s)
    User-Agent: Loki/UE5-CL-0 (http-legacy) Windows/10.0.19045.1.256.64bit
    Accept: */*
    Authorization: Bearer eyJhbGciOiJSUzI1NiIsImtpZCI6InN1cGVydml2ZS1yZXZpdmFsLWtleS0xIiwidHlwIjoiSldUIn0.eyJiYW5zIjpbXSwiY2xpZW50X2lkIjoiYmE4ZmI1OWEzNGJiNDgxYWJjYTA4YzQ2YmE0ODgwMjUiLCJjb3VudHJ5IjoiVVMiLCJkaXNwbGF5X25hbWUiOiJSZXZpdmVyIiwiZXhwIjoxNzg2OTI5MjgzLCJpYXQiOjE3ODY4NDI4ODMsImlzX2NvbXBseSI6dHJ1ZSwiamZsZ3MiOjAsIm5hbWVzcGFjZSI6InN1cGVydml2ZSIsIm5iZiI6MTc4Njg0MjgyMywicGVybWlzc2lvbnMiOlt7IkFjdGlvbiI6MTUsIlJlc291cmNlIjoiTkFNRVNQQUNFOnN1cGVydml2ZToqIn0seyJBY3Rpb24iOjE1LCJSZXNvdXJjZSI6IkFETUlOOk5BTUVTUEFDRTpzdXBlcnZpdmU6KiJ9XSwicm9sZXMiOltdLCJzY29wZSI6ImNvbW1lcmNlIGFjY291bnQgc29jaWFsIHB1Ymxpc2hpbmcgYW5hbHl0aWNzIiwic3ViIjoiOWI5ZDJjODg3ZTI1MjRmOTE4ZTM4M2E4OTVmMmYxYzIiLCJ1bmlxdWVEaXNwbGF5TmFtZSI6IlJldml2ZXIjMDAwMSIsInVuaXF1ZV9kaXNwbGF5X25hbWUiOiJSZXZpdmVyIzAwMDEifQ.fv8xRcCKsGH-kO-Yy5UkjIPChaqt0XYnodWf6hdS9uvwgLBx_Gpa6LtecHNO-sBxhNPFiTKP9dX9Vt7yMu-Z2L8x2NIYZSvJXh40Ti4JY4OCIKzNCZ-YroW2-mPGnTu0jObkHPxrOs8nMbQ1S2Hi3HfrJfBHW0DD2Mm_lj8eplsA1NBAf-F9J2DlvHPr9kizT9wglS9ihvwZNO1BzZRUmktpPOIJ9CVv6co8pPXv-Wflq_6jaSTwOMwqVFHrCD8lO4aYOVGBrPvv5hex5JJgstKYqepEYKv8fxQNbyzSoWGDQOqnxcv5hsjkdXZI29YJnzEWQdRhUjt3Y6Bxnjgp-A
    X-Theorycraft-Clientversion: release2.4.live-156430-shipping

#1053 22:07:02.554  GET /revival/loadout
    -> 200  (0s)
    User-Agent: supervive-loadout-shim

#1054 22:07:02.940  GET /revival/loadout
    -> 200  (0s)
    User-Agent: supervive-loadout-shim

#1055 22:07:03.121  GET /revival/loadout
    -> 200  (0s)
    User-Agent: supervive-loadout-shim

#1056 22:07:03.297  GET /revival/loadout
    -> 200  (0s)
    User-Agent: supervive-loadout-shim

* 22:07:03.658  WS <- /lobby TEXT ""

#1057 22:07:03.932  GET /configuration/client?language=en
    -> 200  (0s)
    X-Theorycraft-Clientversion: release2.4.live-156430-shipping
    Authorization: Bearer eyJhbGciOiJSUzI1NiIsImtpZCI6InN1cGVydml2ZS1yZXZpdmFsLWtleS0xIiwidHlwIjoiSldUIn0.eyJiYW5zIjpbXSwiY2xpZW50X2lkIjoiYmE4ZmI1OWEzNGJiNDgxYWJjYTA4YzQ2YmE0ODgwMjUiLCJjb3VudHJ5IjoiVVMiLCJkaXNwbGF5X25hbWUiOiJSZXZpdmVyIiwiZXhwIjoxNzg2OTI5MjgzLCJpYXQiOjE3ODY4NDI4ODMsImlzX2NvbXBseSI6dHJ1ZSwiamZsZ3MiOjAsIm5hbWVzcGFjZSI6InN1cGVydml2ZSIsIm5iZiI6MTc4Njg0MjgyMywicGVybWlzc2lvbnMiOlt7IkFjdGlvbiI6MTUsIlJlc291cmNlIjoiTkFNRVNQQUNFOnN1cGVydml2ZToqIn0seyJBY3Rpb24iOjE1LCJSZXNvdXJjZSI6IkFETUlOOk5BTUVTUEFDRTpzdXBlcnZpdmU6KiJ9XSwicm9sZXMiOltdLCJzY29wZSI6ImNvbW1lcmNlIGFjY291bnQgc29jaWFsIHB1Ymxpc2hpbmcgYW5hbHl0aWNzIiwic3ViIjoiOWI5ZDJjODg3ZTI1MjRmOTE4ZTM4M2E4OTVmMmYxYzIiLCJ1bmlxdWVEaXNwbGF5TmFtZSI6IlJldml2ZXIjMDAwMSIsInVuaXF1ZV9kaXNwbGF5X25hbWUiOiJSZXZpdmVyIzAwMDEifQ.fv8xRcCKsGH-kO-Yy5UkjIPChaqt0XYnodWf6hdS9uvwgLBx_Gpa6LtecHNO-sBxhNPFiTKP9dX9Vt7yMu-Z2L8x2NIYZSvJXh40Ti4JY4OCIKzNCZ-YroW2-mPGnTu0jObkHPxrOs8nMbQ1S2Hi3HfrJfBHW0DD2Mm_lj8eplsA1NBAf-F9J2DlvHPr9kizT9wglS9ihvwZNO1BzZRUmktpPOIJ9CVv6co8pPXv-Wflq_6jaSTwOMwqVFHrCD8lO4aYOVGBrPvv5hex5JJgstKYqepEYKv8fxQNbyzSoWGDQOqnxcv5hsjkdXZI29YJnzEWQdRhUjt3Y6Bxnjgp-A
    User-Agent: Loki/UE5-CL-0 (http-legacy) Windows/10.0.19045.1.256.64bit
    Accept: */*

#1058 22:07:03.950  GET /content-service/manifest/release2.4.live-156430-shipping?nonEnabledOnly=true
    -> 200  (0s)
    X-Theorycraft-Clientversion: release2.4.live-156430-shipping
    Authorization: Bearer eyJhbGciOiJSUzI1NiIsImtpZCI6InN1cGVydml2ZS1yZXZpdmFsLWtleS0xIiwidHlwIjoiSldUIn0.eyJiYW5zIjpbXSwiY2xpZW50X2lkIjoiYmE4ZmI1OWEzNGJiNDgxYWJjYTA4YzQ2YmE0ODgwMjUiLCJjb3VudHJ5IjoiVVMiLCJkaXNwbGF5X25hbWUiOiJSZXZpdmVyIiwiZXhwIjoxNzg2OTI5MjgzLCJpYXQiOjE3ODY4NDI4ODMsImlzX2NvbXBseSI6dHJ1ZSwiamZsZ3MiOjAsIm5hbWVzcGFjZSI6InN1cGVydml2ZSIsIm5iZiI6MTc4Njg0MjgyMywicGVybWlzc2lvbnMiOlt7IkFjdGlvbiI6MTUsIlJlc291cmNlIjoiTkFNRVNQQUNFOnN1cGVydml2ZToqIn0seyJBY3Rpb24iOjE1LCJSZXNvdXJjZSI6IkFETUlOOk5BTUVTUEFDRTpzdXBlcnZpdmU6KiJ9XSwicm9sZXMiOltdLCJzY29wZSI6ImNvbW1lcmNlIGFjY291bnQgc29jaWFsIHB1Ymxpc2hpbmcgYW5hbHl0aWNzIiwic3ViIjoiOWI5ZDJjODg3ZTI1MjRmOTE4ZTM4M2E4OTVmMmYxYzIiLCJ1bmlxdWVEaXNwbGF5TmFtZSI6IlJldml2ZXIjMDAwMSIsInVuaXF1ZV9kaXNwbGF5X25hbWUiOiJSZXZpdmVyIzAwMDEifQ.fv8xRcCKsGH-kO-Yy5UkjIPChaqt0XYnodWf6hdS9uvwgLBx_Gpa6LtecHNO-sBxhNPFiTKP9dX9Vt7yMu-Z2L8x2NIYZSvJXh40Ti4JY4OCIKzNCZ-YroW2-mPGnTu0jObkHPxrOs8nMbQ1S2Hi3HfrJfBHW0DD2Mm_lj8eplsA1NBAf-F9J2DlvHPr9kizT9wglS9ihvwZNO1BzZRUmktpPOIJ9CVv6co8pPXv-Wflq_6jaSTwOMwqVFHrCD8lO4aYOVGBrPvv5hex5JJgstKYqepEYKv8fxQNbyzSoWGDQOqnxcv5hsjkdXZI29YJnzEWQdRhUjt3Y6Bxnjgp-A
    User-Agent: Loki/UE5-CL-0 (http-legacy) Windows/10.0.19045.1.256.64bit
    Accept: */*

#1059 22:07:03.971  GET /revival/loadout
    -> 200  (0s)
    User-Agent: supervive-loadout-shim

#1060 22:07:04.153  GET /revival/loadout
    -> 200  (0s)
    User-Agent: supervive-loadout-shim

#1061 22:07:04.329  GET /revival/loadout
    -> 200  (0s)
    User-Agent: supervive-loadout-shim

#1062 22:07:04.503  GET /revival/loadout
    -> 200  (0s)
    User-Agent: supervive-loadout-shim

#1063 22:07:04.679  GET /revival/loadout
    -> 200  (0s)
    User-Agent: supervive-loadout-shim

#1064 22:07:05.162  GET /revival/loadout
    -> 200  (0s)
    User-Agent: supervive-loadout-shim

#1065 22:07:05.329  GET /revival/loadout
    -> 200  (0s)
    User-Agent: supervive-loadout-shim

#1066 22:07:05.504  GET /revival/loadout
    -> 200  (0s)
    User-Agent: supervive-loadout-shim

#1067 22:07:05.680  GET /revival/loadout
    -> 200  (1ms)
    User-Agent: supervive-loadout-shim

#1068 22:07:05.853  GET /revival/loadout
    -> 200  (0s)
    User-Agent: supervive-loadout-shim

#1069 22:07:06.028  GET /revival/loadout
    -> 200  (0s)
    User-Agent: supervive-loadout-shim

#1070 22:07:06.595  GET /revival/loadout
    -> 200  (0s)
    User-Agent: supervive-loadout-shim

#1071 22:07:06.760  GET /revival/loadout
    -> 200  (0s)
    User-Agent: supervive-loadout-shim

#1072 22:07:06.938  GET /revival/loadout
    -> 200  (0s)
    User-Agent: supervive-loadout-shim

#1073 22:07:07.111  GET /revival/loadout
    -> 200  (0s)
    User-Agent: supervive-loadout-shim

#1074 22:07:07.291  GET /revival/loadout
    -> 200  (0s)
    User-Agent: supervive-loadout-shim

#1075 22:07:07.621  GET /revival/loadout
    -> 200  (0s)
    User-Agent: supervive-loadout-shim

#1076 22:07:08.017  GET /revival/loadout
    -> 200  (0s)
    User-Agent: supervive-loadout-shim

#1077 22:07:08.256  GET /revival/loadout
    -> 200  (0s)
    User-Agent: supervive-loadout-shim

#1078 22:07:08.514  GET /revival/loadout
    -> 200  (1ms)
    User-Agent: supervive-loadout-shim

#1079 22:07:08.704  GET /revival/loadout
    -> 200  (0s)
    User-Agent: supervive-loadout-shim

#1080 22:07:08.727  GET /party/players/9b9d2c887e2524f918e383a895f2f1c2/voice
    -> 200  (0s)
    Accept: */*
    X-Theorycraft-Clientversion: release2.4.live-156430-shipping
    Authorization: Bearer eyJhbGciOiJSUzI1NiIsImtpZCI6InN1cGVydml2ZS1yZXZpdmFsLWtleS0xIiwidHlwIjoiSldUIn0.eyJiYW5zIjpbXSwiY2xpZW50X2lkIjoiYmE4ZmI1OWEzNGJiNDgxYWJjYTA4YzQ2YmE0ODgwMjUiLCJjb3VudHJ5IjoiVVMiLCJkaXNwbGF5X25hbWUiOiJSZXZpdmVyIiwiZXhwIjoxNzg2OTI5MjgzLCJpYXQiOjE3ODY4NDI4ODMsImlzX2NvbXBseSI6dHJ1ZSwiamZsZ3MiOjAsIm5hbWVzcGFjZSI6InN1cGVydml2ZSIsIm5iZiI6MTc4Njg0MjgyMywicGVybWlzc2lvbnMiOlt7IkFjdGlvbiI6MTUsIlJlc291cmNlIjoiTkFNRVNQQUNFOnN1cGVydml2ZToqIn0seyJBY3Rpb24iOjE1LCJSZXNvdXJjZSI6IkFETUlOOk5BTUVTUEFDRTpzdXBlcnZpdmU6KiJ9XSwicm9sZXMiOltdLCJzY29wZSI6ImNvbW1lcmNlIGFjY291bnQgc29jaWFsIHB1Ymxpc2hpbmcgYW5hbHl0aWNzIiwic3ViIjoiOWI5ZDJjODg3ZTI1MjRmOTE4ZTM4M2E4OTVmMmYxYzIiLCJ1bmlxdWVEaXNwbGF5TmFtZSI6IlJldml2ZXIjMDAwMSIsInVuaXF1ZV9kaXNwbGF5X25hbWUiOiJSZXZpdmVyIzAwMDEifQ.fv8xRcCKsGH-kO-Yy5UkjIPChaqt0XYnodWf6hdS9uvwgLBx_Gpa6LtecHNO-sBxhNPFiTKP9dX9Vt7yMu-Z2L8x2NIYZSvJXh40Ti4JY4OCIKzNCZ-YroW2-mPGnTu0jObkHPxrOs8nMbQ1S2Hi3HfrJfBHW0DD2Mm_lj8eplsA1NBAf-F9J2DlvHPr9kizT9wglS9ihvwZNO1BzZRUmktpPOIJ9CVv6co8pPXv-Wflq_6jaSTwOMwqVFHrCD8lO4aYOVGBrPvv5hex5JJgstKYqepEYKv8fxQNbyzSoWGDQOqnxcv5hsjkdXZI29YJnzEWQdRhUjt3Y6Bxnjgp-A
    User-Agent: Loki/UE5-CL-0 (http-legacy) Windows/10.0.19045.1.256.64bit

#1081 22:07:08.932  GET /revival/loadout
    -> 200  (0s)
    User-Agent: supervive-loadout-shim

#1082 22:07:09.469  GET /revival/loadout
    -> 200  (0s)
    User-Agent: supervive-loadout-shim

#1083 22:07:09.649  GET /revival/loadout
    -> 200  (0s)
    User-Agent: supervive-loadout-shim

#1084 22:07:09.849  GET /revival/loadout
    -> 200  (0s)
    User-Agent: supervive-loadout-shim

#1085 22:07:10.029  GET /revival/loadout
    -> 200  (0s)
    User-Agent: supervive-loadout-shim

#1086 22:07:10.209  GET /revival/loadout
    -> 200  (0s)
    User-Agent: supervive-loadout-shim

#1087 22:07:10.628  GET /revival/loadout
    -> 200  (0s)
    User-Agent: supervive-loadout-shim

#1088 22:07:10.849  GET /revival/loadout
    -> 200  (0s)
    User-Agent: supervive-loadout-shim

#1089 22:07:11.028  GET /revival/loadout
    -> 200  (0s)
    User-Agent: supervive-loadout-shim

#1090 22:07:11.202  GET /revival/loadout
    -> 200  (0s)
    User-Agent: supervive-loadout-shim

#1091 22:07:11.378  GET /revival/loadout
    -> 200  (0s)
    User-Agent: supervive-loadout-shim

#1092 22:07:11.553  GET /revival/loadout
    -> 200  (0s)
    User-Agent: supervive-loadout-shim

#1093 22:07:11.905  GET /revival/loadout
    -> 200  (0s)
    User-Agent: supervive-loadout-shim

#1094 22:07:12.076  GET /revival/loadout
    -> 200  (0s)
    User-Agent: supervive-loadout-shim

#1095 22:07:12.251  GET /revival/loadout
    -> 200  (0s)
    User-Agent: supervive-loadout-shim

#1096 22:07:12.425  GET /revival/loadout
    -> 200  (0s)
    User-Agent: supervive-loadout-shim

#1097 22:07:12.613  GET /revival/loadout
    -> 200  (0s)
    User-Agent: supervive-loadout-shim

#1098 22:07:12.792  GET /revival/loadout
    -> 200  (0s)
    User-Agent: supervive-loadout-shim

#1099 22:07:13.009  GET /revival/loadout
    -> 200  (0s)
    User-Agent: supervive-loadout-shim

#1100 22:07:13.283  GET /revival/loadout
    -> 200  (0s)
    User-Agent: supervive-loadout-shim

#1101 22:07:13.455  GET /revival/loadout
    -> 200  (0s)
    User-Agent: supervive-loadout-shim

#1102 22:07:13.634  GET /revival/loadout
    -> 200  (0s)
    User-Agent: supervive-loadout-shim

#1103 22:07:13.809  GET /revival/loadout
    -> 200  (0s)
    User-Agent: supervive-loadout-shim

#1104 22:07:13.983  GET /revival/loadout
    -> 200  (0s)
    User-Agent: supervive-loadout-shim

#1105 22:07:14.159  GET /revival/loadout
    -> 200  (0s)
    User-Agent: supervive-loadout-shim

#1106 22:07:14.505  GET /revival/loadout
    -> 200  (0s)
    User-Agent: supervive-loadout-shim

#1107 22:07:14.675  GET /revival/loadout
    -> 200  (0s)
    User-Agent: supervive-loadout-shim

#1108 22:07:14.850  GET /revival/loadout
    -> 200  (0s)
    User-Agent: supervive-loadout-shim

#1109 22:07:15.024  GET /revival/loadout
    -> 200  (0s)
    User-Agent: supervive-loadout-shim

#1110 22:07:15.200  GET /revival/loadout
    -> 200  (0s)
    User-Agent: supervive-loadout-shim

#1111 22:07:15.376  GET /revival/loadout
    -> 200  (0s)
    User-Agent: supervive-loadout-shim

#1112 22:07:15.549  GET /revival/loadout
    -> 200  (0s)
    User-Agent: supervive-loadout-shim

#1113 22:07:15.744  POST /party/parties/party-9b9d2c887e2524f918e383a895f2f1c2/members/9b9d2c887e2524f918e383a895f2f1c2/latencies
    -> 200  (0s)
    X-Theorycraft-Clientversion: release2.4.live-156430-shipping
    Authorization: Bearer eyJhbGciOiJSUzI1NiIsImtpZCI6InN1cGVydml2ZS1yZXZpdmFsLWtleS0xIiwidHlwIjoiSldUIn0.eyJiYW5zIjpbXSwiY2xpZW50X2lkIjoiYmE4ZmI1OWEzNGJiNDgxYWJjYTA4YzQ2YmE0ODgwMjUiLCJjb3VudHJ5IjoiVVMiLCJkaXNwbGF5X25hbWUiOiJSZXZpdmVyIiwiZXhwIjoxNzg2OTI5MjgzLCJpYXQiOjE3ODY4NDI4ODMsImlzX2NvbXBseSI6dHJ1ZSwiamZsZ3MiOjAsIm5hbWVzcGFjZSI6InN1cGVydml2ZSIsIm5iZiI6MTc4Njg0MjgyMywicGVybWlzc2lvbnMiOlt7IkFjdGlvbiI6MTUsIlJlc291cmNlIjoiTkFNRVNQQUNFOnN1cGVydml2ZToqIn0seyJBY3Rpb24iOjE1LCJSZXNvdXJjZSI6IkFETUlOOk5BTUVTUEFDRTpzdXBlcnZpdmU6KiJ9XSwicm9sZXMiOltdLCJzY29wZSI6ImNvbW1lcmNlIGFjY291bnQgc29jaWFsIHB1Ymxpc2hpbmcgYW5hbHl0aWNzIiwic3ViIjoiOWI5ZDJjODg3ZTI1MjRmOTE4ZTM4M2E4OTVmMmYxYzIiLCJ1bmlxdWVEaXNwbGF5TmFtZSI6IlJldml2ZXIjMDAwMSIsInVuaXF1ZV9kaXNwbGF5X25hbWUiOiJSZXZpdmVyIzAwMDEifQ.fv8xRcCKsGH-kO-Yy5UkjIPChaqt0XYnodWf6hdS9uvwgLBx_Gpa6LtecHNO-sBxhNPFiTKP9dX9Vt7yMu-Z2L8x2NIYZSvJXh40Ti4JY4OCIKzNCZ-YroW2-mPGnTu0jObkHPxrOs8nMbQ1S2Hi3HfrJfBHW0DD2Mm_lj8eplsA1NBAf-F9J2DlvHPr9kizT9wglS9ihvwZNO1BzZRUmktpPOIJ9CVv6co8pPXv-Wflq_6jaSTwOMwqVFHrCD8lO4aYOVGBrPvv5hex5JJgstKYqepEYKv8fxQNbyzSoWGDQOqnxcv5hsjkdXZI29YJnzEWQdRhUjt3Y6Bxnjgp-A
    Content-Type: application/json
    User-Agent: Loki/UE5-CL-0 (http-legacy) Windows/10.0.19045.1.256.64bit
    Accept: */*
    body: {"latencies":[{"host":"127.0.0.1","region":"us-east-1","route":"default","avgLatency":1}]}

#1114 22:07:15.932  GET /revival/loadout
    -> 200  (0s)
    User-Agent: supervive-loadout-shim

#1115 22:07:16.108  GET /revival/loadout
    -> 200  (0s)
    User-Agent: supervive-loadout-shim

#1116 22:07:16.283  GET /revival/loadout
    -> 200  (0s)
    User-Agent: supervive-loadout-shim

#1117 22:07:16.459  GET /revival/loadout
    -> 200  (0s)
    User-Agent: supervive-loadout-shim

#1118 22:07:16.632  GET /revival/loadout
    -> 200  (0s)
    User-Agent: supervive-loadout-shim

#1119 22:07:16.808  GET /revival/loadout
    -> 200  (0s)
    User-Agent: supervive-loadout-shim

#1120 22:07:16.982  GET /revival/loadout
    -> 200  (0s)
    User-Agent: supervive-loadout-shim

* 22:07:17.217  WS -> /notifications/players/9b9d2c887e2524f918e383a895f2f1c2 BINARY hb (proactive 30s keepalive)

#1121 22:07:17.266  GET /revival/loadout
    -> 200  (0s)
    User-Agent: supervive-loadout-shim

#1122 22:07:17.441  GET /revival/loadout
    -> 200  (0s)
    User-Agent: supervive-loadout-shim

#1123 22:07:17.615  GET /revival/loadout
    -> 200  (1ms)
    User-Agent: supervive-loadout-shim

#1124 22:07:17.791  GET /revival/loadout
    -> 200  (0s)
    User-Agent: supervive-loadout-shim

#1125 22:07:17.965  GET /revival/loadout
    -> 200  (0s)
    User-Agent: supervive-loadout-shim

#1126 22:07:18.141  GET /revival/loadout
    -> 200  (0s)
    User-Agent: supervive-loadout-shim

#1127 22:07:18.314  GET /revival/loadout
    -> 200  (0s)
    User-Agent: supervive-loadout-shim

#1128 22:07:18.613  GET /revival/loadout
    -> 200  (0s)
    User-Agent: supervive-loadout-shim

#1129 22:07:18.782  GET /revival/loadout
    -> 200  (0s)
    User-Agent: supervive-loadout-shim

#1130 22:07:18.956  GET /revival/loadout
    -> 200  (0s)
    User-Agent: supervive-loadout-shim

#1131 22:07:19.132  GET /revival/loadout
    -> 200  (0s)
    User-Agent: supervive-loadout-shim

#1132 22:07:19.307  GET /revival/loadout
    -> 200  (0s)
    User-Agent: supervive-loadout-shim

#1133 22:07:19.484  GET /revival/loadout
    -> 200  (0s)
    User-Agent: supervive-loadout-shim

#1134 22:07:19.659  GET /revival/loadout
    -> 200  (0s)
    User-Agent: supervive-loadout-shim

#1135 22:07:19.957  GET /revival/loadout
    -> 200  (0s)
    User-Agent: supervive-loadout-shim

#1136 22:07:20.141  GET /revival/loadout
    -> 200  (0s)
    User-Agent: supervive-loadout-shim

#1137 22:07:20.314  GET /revival/loadout
    -> 200  (0s)
    User-Agent: supervive-loadout-shim

#1138 22:07:20.490  GET /revival/loadout
    -> 200  (0s)
    User-Agent: supervive-loadout-shim

#1139 22:07:20.665  GET /revival/loadout
    -> 200  (0s)
    User-Agent: supervive-loadout-shim

#1140 22:07:20.839  GET /revival/loadout
    -> 200  (0s)
    User-Agent: supervive-loadout-shim

#1141 22:07:21.014  GET /revival/loadout
    -> 200  (0s)
    User-Agent: supervive-loadout-shim

#1142 22:07:21.323  GET /revival/loadout
    -> 200  (0s)
    User-Agent: supervive-loadout-shim

#1143 22:07:21.489  GET /revival/loadout
    -> 200  (0s)
    User-Agent: supervive-loadout-shim

#1144 22:07:21.664  GET /revival/loadout
    -> 200  (0s)
    User-Agent: supervive-loadout-shim

#1145 22:07:21.838  GET /revival/loadout
    -> 200  (0s)
    User-Agent: supervive-loadout-shim

#1146 22:07:22.013  GET /revival/loadout
    -> 200  (0s)
    User-Agent: supervive-loadout-shim

#1147 22:07:22.189  GET /revival/loadout
    -> 200  (0s)
    User-Agent: supervive-loadout-shim

#1148 22:07:22.365  GET /revival/loadout
    -> 200  (0s)
    User-Agent: supervive-loadout-shim

#1149 22:07:22.630  GET /revival/loadout
    -> 200  (0s)
    User-Agent: supervive-loadout-shim

#1150 22:07:22.806  GET /revival/loadout
    -> 200  (0s)
    User-Agent: supervive-loadout-shim

#1151 22:07:22.979  GET /revival/loadout
    -> 200  (0s)
    User-Agent: supervive-loadout-shim

#1152 22:07:23.155  GET /revival/loadout
    -> 200  (0s)
    User-Agent: supervive-loadout-shim

#1153 22:07:23.330  GET /revival/loadout
    -> 200  (0s)
    User-Agent: supervive-loadout-shim

#1154 22:07:23.505  GET /revival/loadout
    -> 200  (0s)
    User-Agent: supervive-loadout-shim

#1155 22:07:23.680  GET /revival/loadout
    -> 200  (0s)
    User-Agent: supervive-loadout-shim

#1156 22:07:23.892  GET /revival/loadout
    -> 200  (0s)
    User-Agent: supervive-loadout-shim

#1157 22:07:24.063  GET /revival/loadout
    -> 200  (0s)
    User-Agent: supervive-loadout-shim

#1158 22:07:24.239  GET /revival/loadout
    -> 200  (0s)
    User-Agent: supervive-loadout-shim

#1159 22:07:24.507  GET /revival/loadout
    -> 200  (0s)
    User-Agent: supervive-loadout-shim

#1160 22:07:24.688  GET /revival/loadout
    -> 200  (0s)
    User-Agent: supervive-loadout-shim

#1161 22:07:24.864  GET /revival/loadout
    -> 200  (0s)
    User-Agent: supervive-loadout-shim

#1162 22:07:25.038  GET /revival/loadout
    -> 200  (0s)
    User-Agent: supervive-loadout-shim

#1163 22:07:25.213  GET /revival/loadout
    -> 200  (0s)
    User-Agent: supervive-loadout-shim

#1164 22:07:25.380  GET /revival/loadout
    -> 200  (0s)
    User-Agent: supervive-loadout-shim

#1165 22:07:25.554  GET /revival/loadout
    -> 200  (0s)
    User-Agent: supervive-loadout-shim

#1166 22:07:25.730  GET /revival/loadout
    -> 200  (0s)
    User-Agent: supervive-loadout-shim

#1167 22:07:25.904  GET /revival/loadout
    -> 200  (0s)
    User-Agent: supervive-loadout-shim

#1168 22:07:26.079  GET /revival/loadout
    -> 200  (0s)
    User-Agent: supervive-loadout-shim

#1169 22:07:26.254  GET /revival/loadout
    -> 200  (0s)
    User-Agent: supervive-loadout-shim

#1170 22:07:26.429  GET /revival/loadout
    -> 200  (0s)
    User-Agent: supervive-loadout-shim

#1171 22:07:26.675  GET /revival/loadout
    -> 200  (0s)
    User-Agent: supervive-loadout-shim

#1172 22:07:26.854  GET /revival/loadout
    -> 200  (0s)
    User-Agent: supervive-loadout-shim

#1173 22:07:27.034  GET /revival/loadout
    -> 200  (0s)
    User-Agent: supervive-loadout-shim

#1174 22:07:27.208  GET /revival/loadout
    -> 200  (0s)
    User-Agent: supervive-loadout-shim

#1175 22:07:27.391  GET /revival/loadout
    -> 200  (0s)
    User-Agent: supervive-loadout-shim

#1176 22:07:27.571  GET /revival/loadout
    -> 200  (0s)
    User-Agent: supervive-loadout-shim

#1177 22:07:27.745  GET /revival/loadout
    -> 200  (0s)
    User-Agent: supervive-loadout-shim

#1178 22:07:27.944  GET /revival/loadout
    -> 200  (0s)
    User-Agent: supervive-loadout-shim

#1179 22:07:28.163  GET /revival/loadout
    -> 200  (0s)
    User-Agent: supervive-loadout-shim

#1180 22:07:28.336  GET /revival/loadout
    -> 200  (0s)
    User-Agent: supervive-loadout-shim

#1181 22:07:28.512  GET /revival/loadout
    -> 200  (0s)
    User-Agent: supervive-loadout-shim

#1182 22:07:28.686  GET /revival/loadout
    -> 200  (0s)
    User-Agent: supervive-loadout-shim

#1183 22:07:28.862  GET /revival/loadout
    -> 200  (0s)
    User-Agent: supervive-loadout-shim

#1184 22:07:29.036  GET /revival/loadout
    -> 200  (0s)
    User-Agent: supervive-loadout-shim

#1185 22:07:29.211  GET /revival/loadout
    -> 200  (0s)
    User-Agent: supervive-loadout-shim

#1186 22:07:29.378  GET /revival/loadout
    -> 200  (0s)
    User-Agent: supervive-loadout-shim

#1187 22:07:29.554  GET /revival/loadout
    -> 200  (0s)
    User-Agent: supervive-loadout-shim

#1188 22:07:29.727  GET /revival/loadout
    -> 200  (0s)
    User-Agent: supervive-loadout-shim

#1189 22:07:29.903  GET /revival/loadout
    -> 200  (0s)
    User-Agent: supervive-loadout-shim

#1190 22:07:30.077  GET /revival/loadout
    -> 200  (0s)
    User-Agent: supervive-loadout-shim

#1191 22:07:30.252  GET /revival/loadout
    -> 200  (0s)
    User-Agent: supervive-loadout-shim

#1192 22:07:30.427  GET /revival/loadout
    -> 200  (0s)
    User-Agent: supervive-loadout-shim

#1193 22:07:30.603  GET /revival/loadout
    -> 200  (0s)
    User-Agent: supervive-loadout-shim

#1194 22:07:30.780  GET /revival/loadout
    -> 200  (0s)
    User-Agent: supervive-loadout-shim

#1195 22:07:30.958  GET /revival/loadout
    -> 200  (0s)
    User-Agent: supervive-loadout-shim

#1196 22:07:31.135  GET /revival/loadout
    -> 200  (0s)
    User-Agent: supervive-loadout-shim

#1197 22:07:31.302  GET /revival/loadout
    -> 200  (0s)
    User-Agent: supervive-loadout-shim

#1198 22:07:31.477  GET /revival/loadout
    -> 200  (0s)
    User-Agent: supervive-loadout-shim

#1199 22:07:31.645  GET /revival/loadout
    -> 200  (0s)
    User-Agent: supervive-loadout-shim

#1200 22:07:31.819  GET /revival/loadout
    -> 200  (0s)
    User-Agent: supervive-loadout-shim

#1201 22:07:31.985  GET /revival/loadout
    -> 200  (0s)
    User-Agent: supervive-loadout-shim

#1202 22:07:32.160  GET /revival/loadout
    -> 200  (0s)
    User-Agent: supervive-loadout-shim

#1203 22:07:32.207  GET /party/matchmaking/info
    -> 200  (0s)
    Authorization: Bearer eyJhbGciOiJSUzI1NiIsImtpZCI6InN1cGVydml2ZS1yZXZpdmFsLWtleS0xIiwidHlwIjoiSldUIn0.eyJiYW5zIjpbXSwiY2xpZW50X2lkIjoiYmE4ZmI1OWEzNGJiNDgxYWJjYTA4YzQ2YmE0ODgwMjUiLCJjb3VudHJ5IjoiVVMiLCJkaXNwbGF5X25hbWUiOiJSZXZpdmVyIiwiZXhwIjoxNzg2OTI5MjgzLCJpYXQiOjE3ODY4NDI4ODMsImlzX2NvbXBseSI6dHJ1ZSwiamZsZ3MiOjAsIm5hbWVzcGFjZSI6InN1cGVydml2ZSIsIm5iZiI6MTc4Njg0MjgyMywicGVybWlzc2lvbnMiOlt7IkFjdGlvbiI6MTUsIlJlc291cmNlIjoiTkFNRVNQQUNFOnN1cGVydml2ZToqIn0seyJBY3Rpb24iOjE1LCJSZXNvdXJjZSI6IkFETUlOOk5BTUVTUEFDRTpzdXBlcnZpdmU6KiJ9XSwicm9sZXMiOltdLCJzY29wZSI6ImNvbW1lcmNlIGFjY291bnQgc29jaWFsIHB1Ymxpc2hpbmcgYW5hbHl0aWNzIiwic3ViIjoiOWI5ZDJjODg3ZTI1MjRmOTE4ZTM4M2E4OTVmMmYxYzIiLCJ1bmlxdWVEaXNwbGF5TmFtZSI6IlJldml2ZXIjMDAwMSIsInVuaXF1ZV9kaXNwbGF5X25hbWUiOiJSZXZpdmVyIzAwMDEifQ.fv8xRcCKsGH-kO-Yy5UkjIPChaqt0XYnodWf6hdS9uvwgLBx_Gpa6LtecHNO-sBxhNPFiTKP9dX9Vt7yMu-Z2L8x2NIYZSvJXh40Ti4JY4OCIKzNCZ-YroW2-mPGnTu0jObkHPxrOs8nMbQ1S2Hi3HfrJfBHW0DD2Mm_lj8eplsA1NBAf-F9J2DlvHPr9kizT9wglS9ihvwZNO1BzZRUmktpPOIJ9CVv6co8pPXv-Wflq_6jaSTwOMwqVFHrCD8lO4aYOVGBrPvv5hex5JJgstKYqepEYKv8fxQNbyzSoWGDQOqnxcv5hsjkdXZI29YJnzEWQdRhUjt3Y6Bxnjgp-A
    Accept: */*
    X-Theorycraft-Clientversion: release2.4.live-156430-shipping
    User-Agent: Loki/UE5-CL-0 (http-legacy) Windows/10.0.19045.1.256.64bit

#1204 22:07:32.328  GET /revival/loadout
    -> 200  (0s)
    User-Agent: supervive-loadout-shim

#1205 22:07:32.495  GET /revival/loadout
    -> 200  (0s)
    User-Agent: supervive-loadout-shim

#1206 22:07:32.668  GET /revival/loadout
    -> 200  (0s)
    User-Agent: supervive-loadout-shim

#1207 22:07:32.920  GET /revival/loadout
    -> 200  (0s)
    User-Agent: supervive-loadout-shim

#1208 22:07:33.097  GET /revival/loadout
    -> 200  (0s)
    User-Agent: supervive-loadout-shim

#1209 22:07:33.269  GET /revival/loadout
    -> 200  (0s)
    User-Agent: supervive-loadout-shim

#1210 22:07:33.483  GET /revival/loadout
    -> 200  (0s)
    User-Agent: supervive-loadout-shim

#1211 22:07:33.661  GET /revival/loadout
    -> 200  (0s)
    User-Agent: supervive-loadout-shim

#1212 22:07:33.826  GET /revival/loadout
    -> 200  (0s)
    User-Agent: supervive-loadout-shim

#1213 22:07:33.859  GET /configuration/client?language=en
    -> 200  (0s)
    Accept: */*
    X-Theorycraft-Clientversion: release2.4.live-156430-shipping
    User-Agent: Loki/UE5-CL-0 (http-legacy) Windows/10.0.19045.1.256.64bit
    Authorization: Bearer eyJhbGciOiJSUzI1NiIsImtpZCI6InN1cGVydml2ZS1yZXZpdmFsLWtleS0xIiwidHlwIjoiSldUIn0.eyJiYW5zIjpbXSwiY2xpZW50X2lkIjoiYmE4ZmI1OWEzNGJiNDgxYWJjYTA4YzQ2YmE0ODgwMjUiLCJjb3VudHJ5IjoiVVMiLCJkaXNwbGF5X25hbWUiOiJSZXZpdmVyIiwiZXhwIjoxNzg2OTI5MjgzLCJpYXQiOjE3ODY4NDI4ODMsImlzX2NvbXBseSI6dHJ1ZSwiamZsZ3MiOjAsIm5hbWVzcGFjZSI6InN1cGVydml2ZSIsIm5iZiI6MTc4Njg0MjgyMywicGVybWlzc2lvbnMiOlt7IkFjdGlvbiI6MTUsIlJlc291cmNlIjoiTkFNRVNQQUNFOnN1cGVydml2ZToqIn0seyJBY3Rpb24iOjE1LCJSZXNvdXJjZSI6IkFETUlOOk5BTUVTUEFDRTpzdXBlcnZpdmU6KiJ9XSwicm9sZXMiOltdLCJzY29wZSI6ImNvbW1lcmNlIGFjY291bnQgc29jaWFsIHB1Ymxpc2hpbmcgYW5hbHl0aWNzIiwic3ViIjoiOWI5ZDJjODg3ZTI1MjRmOTE4ZTM4M2E4OTVmMmYxYzIiLCJ1bmlxdWVEaXNwbGF5TmFtZSI6IlJldml2ZXIjMDAwMSIsInVuaXF1ZV9kaXNwbGF5X25hbWUiOiJSZXZpdmVyIzAwMDEifQ.fv8xRcCKsGH-kO-Yy5UkjIPChaqt0XYnodWf6hdS9uvwgLBx_Gpa6LtecHNO-sBxhNPFiTKP9dX9Vt7yMu-Z2L8x2NIYZSvJXh40Ti4JY4OCIKzNCZ-YroW2-mPGnTu0jObkHPxrOs8nMbQ1S2Hi3HfrJfBHW0DD2Mm_lj8eplsA1NBAf-F9J2DlvHPr9kizT9wglS9ihvwZNO1BzZRUmktpPOIJ9CVv6co8pPXv-Wflq_6jaSTwOMwqVFHrCD8lO4aYOVGBrPvv5hex5JJgstKYqepEYKv8fxQNbyzSoWGDQOqnxcv5hsjkdXZI29YJnzEWQdRhUjt3Y6Bxnjgp-A

* 22:07:33.894  WS <- /lobby TEXT ""

#1214 22:07:33.926  GET /content-service/manifest/release2.4.live-156430-shipping?nonEnabledOnly=true
    -> 200  (0s)
    X-Theorycraft-Clientversion: release2.4.live-156430-shipping
    Authorization: Bearer eyJhbGciOiJSUzI1NiIsImtpZCI6InN1cGVydml2ZS1yZXZpdmFsLWtleS0xIiwidHlwIjoiSldUIn0.eyJiYW5zIjpbXSwiY2xpZW50X2lkIjoiYmE4ZmI1OWEzNGJiNDgxYWJjYTA4YzQ2YmE0ODgwMjUiLCJjb3VudHJ5IjoiVVMiLCJkaXNwbGF5X25hbWUiOiJSZXZpdmVyIiwiZXhwIjoxNzg2OTI5MjgzLCJpYXQiOjE3ODY4NDI4ODMsImlzX2NvbXBseSI6dHJ1ZSwiamZsZ3MiOjAsIm5hbWVzcGFjZSI6InN1cGVydml2ZSIsIm5iZiI6MTc4Njg0MjgyMywicGVybWlzc2lvbnMiOlt7IkFjdGlvbiI6MTUsIlJlc291cmNlIjoiTkFNRVNQQUNFOnN1cGVydml2ZToqIn0seyJBY3Rpb24iOjE1LCJSZXNvdXJjZSI6IkFETUlOOk5BTUVTUEFDRTpzdXBlcnZpdmU6KiJ9XSwicm9sZXMiOltdLCJzY29wZSI6ImNvbW1lcmNlIGFjY291bnQgc29jaWFsIHB1Ymxpc2hpbmcgYW5hbHl0aWNzIiwic3ViIjoiOWI5ZDJjODg3ZTI1MjRmOTE4ZTM4M2E4OTVmMmYxYzIiLCJ1bmlxdWVEaXNwbGF5TmFtZSI6IlJldml2ZXIjMDAwMSIsInVuaXF1ZV9kaXNwbGF5X25hbWUiOiJSZXZpdmVyIzAwMDEifQ.fv8xRcCKsGH-kO-Yy5UkjIPChaqt0XYnodWf6hdS9uvwgLBx_Gpa6LtecHNO-sBxhNPFiTKP9dX9Vt7yMu-Z2L8x2NIYZSvJXh40Ti4JY4OCIKzNCZ-YroW2-mPGnTu0jObkHPxrOs8nMbQ1S2Hi3HfrJfBHW0DD2Mm_lj8eplsA1NBAf-F9J2DlvHPr9kizT9wglS9ihvwZNO1BzZRUmktpPOIJ9CVv6co8pPXv-Wflq_6jaSTwOMwqVFHrCD8lO4aYOVGBrPvv5hex5JJgstKYqepEYKv8fxQNbyzSoWGDQOqnxcv5hsjkdXZI29YJnzEWQdRhUjt3Y6Bxnjgp-A
    User-Agent: Loki/UE5-CL-0 (http-legacy) Windows/10.0.19045.1.256.64bit
    Accept: */*

#1215 22:07:34.001  GET /revival/loadout
    -> 200  (0s)
    User-Agent: supervive-loadout-shim

#1216 22:07:34.175  GET /revival/loadout
    -> 200  (0s)
    User-Agent: supervive-loadout-shim

#1217 22:07:34.344  GET /revival/loadout
    -> 200  (0s)
    User-Agent: supervive-loadout-shim

#1218 22:07:34.518  GET /revival/loadout
    -> 200  (0s)
    User-Agent: supervive-loadout-shim

#1219 22:07:34.684  GET /revival/loadout
    -> 200  (0s)
    User-Agent: supervive-loadout-shim

#1220 22:07:34.859  GET /revival/loadout
    -> 200  (0s)
    User-Agent: supervive-loadout-shim

#1221 22:07:35.025  GET /revival/loadout
    -> 200  (0s)
    User-Agent: supervive-loadout-shim

#1222 22:07:35.200  GET /revival/loadout
    -> 200  (0s)
    User-Agent: supervive-loadout-shim

#1223 22:07:35.367  GET /revival/loadout
    -> 200  (0s)
    User-Agent: supervive-loadout-shim

#1224 22:07:35.541  GET /revival/loadout
    -> 200  (0s)
    User-Agent: supervive-loadout-shim

#1225 22:07:35.718  GET /revival/loadout
    -> 200  (0s)
    User-Agent: supervive-loadout-shim

#1226 22:07:35.884  GET /revival/loadout
    -> 200  (0s)
    User-Agent: supervive-loadout-shim

#1227 22:07:36.051  GET /revival/loadout
    -> 200  (0s)
    User-Agent: supervive-loadout-shim

#1228 22:07:36.217  GET /revival/loadout
    -> 200  (0s)
    User-Agent: supervive-loadout-shim

#1229 22:07:36.391  GET /revival/loadout
    -> 200  (0s)
    User-Agent: supervive-loadout-shim

#1230 22:07:36.558  GET /revival/loadout
    -> 200  (0s)
    User-Agent: supervive-loadout-shim

#1231 22:07:36.734  GET /revival/loadout
    -> 200  (0s)
    User-Agent: supervive-loadout-shim

#1232 22:07:36.900  GET /revival/loadout
    -> 200  (0s)
    User-Agent: supervive-loadout-shim

#1233 22:07:37.075  GET /revival/loadout
    -> 200  (0s)
    User-Agent: supervive-loadout-shim

#1234 22:07:37.242  GET /revival/loadout
    -> 200  (0s)
    User-Agent: supervive-loadout-shim

#1235 22:07:37.416  GET /revival/loadout
    -> 200  (0s)
    User-Agent: supervive-loadout-shim

#1236 22:07:37.584  GET /revival/loadout
    -> 200  (0s)
    User-Agent: supervive-loadout-shim

#1237 22:07:37.758  GET /revival/loadout
    -> 200  (0s)
    User-Agent: supervive-loadout-shim

#1238 22:07:37.926  GET /revival/loadout
    -> 200  (0s)
    User-Agent: supervive-loadout-shim

#1239 22:07:38.100  GET /revival/loadout
    -> 200  (0s)
    User-Agent: supervive-loadout-shim

#1240 22:07:38.307  GET /revival/loadout
    -> 200  (0s)
    User-Agent: supervive-loadout-shim

#1241 22:07:38.487  GET /revival/loadout
    -> 200  (0s)
    User-Agent: supervive-loadout-shim

#1242 22:07:38.670  GET /revival/loadout
    -> 200  (0s)
    User-Agent: supervive-loadout-shim

#1243 22:07:38.844  GET /revival/loadout
    -> 200  (0s)
    User-Agent: supervive-loadout-shim

#1244 22:07:39.014  GET /revival/loadout
    -> 200  (0s)
    User-Agent: supervive-loadout-shim

#1245 22:07:39.182  GET /revival/loadout
    -> 200  (0s)
    User-Agent: supervive-loadout-shim

#1246 22:07:39.357  GET /revival/loadout
    -> 200  (0s)
    User-Agent: supervive-loadout-shim

#1247 22:07:39.524  GET /revival/loadout
    -> 200  (0s)
    User-Agent: supervive-loadout-shim

#1248 22:07:39.700  GET /revival/loadout
    -> 200  (0s)
    User-Agent: supervive-loadout-shim

#1249 22:07:39.865  GET /revival/loadout
    -> 200  (0s)
    User-Agent: supervive-loadout-shim

#1250 22:07:40.040  GET /revival/loadout
    -> 200  (0s)
    User-Agent: supervive-loadout-shim

#1251 22:07:40.207  GET /revival/loadout
    -> 200  (0s)
    User-Agent: supervive-loadout-shim

#1252 22:07:40.382  GET /revival/loadout
    -> 200  (0s)
    User-Agent: supervive-loadout-shim

#1253 22:07:40.395  GET /party/players/9b9d2c887e2524f918e383a895f2f1c2/voice
    -> 200  (0s)
    Accept: */*
    X-Theorycraft-Clientversion: release2.4.live-156430-shipping
    Authorization: Bearer eyJhbGciOiJSUzI1NiIsImtpZCI6InN1cGVydml2ZS1yZXZpdmFsLWtleS0xIiwidHlwIjoiSldUIn0.eyJiYW5zIjpbXSwiY2xpZW50X2lkIjoiYmE4ZmI1OWEzNGJiNDgxYWJjYTA4YzQ2YmE0ODgwMjUiLCJjb3VudHJ5IjoiVVMiLCJkaXNwbGF5X25hbWUiOiJSZXZpdmVyIiwiZXhwIjoxNzg2OTI5MjgzLCJpYXQiOjE3ODY4NDI4ODMsImlzX2NvbXBseSI6dHJ1ZSwiamZsZ3MiOjAsIm5hbWVzcGFjZSI6InN1cGVydml2ZSIsIm5iZiI6MTc4Njg0MjgyMywicGVybWlzc2lvbnMiOlt7IkFjdGlvbiI6MTUsIlJlc291cmNlIjoiTkFNRVNQQUNFOnN1cGVydml2ZToqIn0seyJBY3Rpb24iOjE1LCJSZXNvdXJjZSI6IkFETUlOOk5BTUVTUEFDRTpzdXBlcnZpdmU6KiJ9XSwicm9sZXMiOltdLCJzY29wZSI6ImNvbW1lcmNlIGFjY291bnQgc29jaWFsIHB1Ymxpc2hpbmcgYW5hbHl0aWNzIiwic3ViIjoiOWI5ZDJjODg3ZTI1MjRmOTE4ZTM4M2E4OTVmMmYxYzIiLCJ1bmlxdWVEaXNwbGF5TmFtZSI6IlJldml2ZXIjMDAwMSIsInVuaXF1ZV9kaXNwbGF5X25hbWUiOiJSZXZpdmVyIzAwMDEifQ.fv8xRcCKsGH-kO-Yy5UkjIPChaqt0XYnodWf6hdS9uvwgLBx_Gpa6LtecHNO-sBxhNPFiTKP9dX9Vt7yMu-Z2L8x2NIYZSvJXh40Ti4JY4OCIKzNCZ-YroW2-mPGnTu0jObkHPxrOs8nMbQ1S2Hi3HfrJfBHW0DD2Mm_lj8eplsA1NBAf-F9J2DlvHPr9kizT9wglS9ihvwZNO1BzZRUmktpPOIJ9CVv6co8pPXv-Wflq_6jaSTwOMwqVFHrCD8lO4aYOVGBrPvv5hex5JJgstKYqepEYKv8fxQNbyzSoWGDQOqnxcv5hsjkdXZI29YJnzEWQdRhUjt3Y6Bxnjgp-A
    User-Agent: Loki/UE5-CL-0 (http-legacy) Windows/10.0.19045.1.256.64bit

#1254 22:07:40.549  GET /revival/loadout
    -> 200  (0s)
    User-Agent: supervive-loadout-shim

#1255 22:07:40.723  GET /revival/loadout
    -> 200  (0s)
    User-Agent: supervive-loadout-shim

#1256 22:07:40.890  GET /revival/loadout
    -> 200  (0s)
    User-Agent: supervive-loadout-shim

#1257 22:07:41.064  GET /revival/loadout
    -> 200  (0s)
    User-Agent: supervive-loadout-shim

#1258 22:07:41.232  GET /revival/loadout
    -> 200  (0s)
    User-Agent: supervive-loadout-shim

#1259 22:07:41.398  GET /revival/loadout
    -> 200  (0s)
    User-Agent: supervive-loadout-shim

#1260 22:07:41.573  GET /revival/loadout
    -> 200  (0s)
    User-Agent: supervive-loadout-shim

#1261 22:07:41.688  POST /game-telemetry/v1/protected/events
    -> 200  (0s)
    User-Agent: Loki/UE5-CL-0 (http-legacy) Windows/10.0.19045.1.256.64bit
    Content-Type: application/json
    Accept: application/json
    Authorization: Bearer eyJhbGciOiJSUzI1NiIsImtpZCI6InN1cGVydml2ZS1yZXZpdmFsLWtleS0xIiwidHlwIjoiSldUIn0.eyJiYW5zIjpbXSwiY2xpZW50X2lkIjoiYmE4ZmI1OWEzNGJiNDgxYWJjYTA4YzQ2YmE0ODgwMjUiLCJjb3VudHJ5IjoiVVMiLCJkaXNwbGF5X25hbWUiOiJSZXZpdmVyIiwiZXhwIjoxNzg2OTI5MjgzLCJpYXQiOjE3ODY4NDI4ODMsImlzX2NvbXBseSI6dHJ1ZSwiamZsZ3MiOjAsIm5hbWVzcGFjZSI6InN1cGVydml2ZSIsIm5iZiI6MTc4Njg0MjgyMywicGVybWlzc2lvbnMiOlt7IkFjdGlvbiI6MTUsIlJlc291cmNlIjoiTkFNRVNQQUNFOnN1cGVydml2ZToqIn0seyJBY3Rpb24iOjE1LCJSZXNvdXJjZSI6IkFETUlOOk5BTUVTUEFDRTpzdXBlcnZpdmU6KiJ9XSwicm9sZXMiOltdLCJzY29wZSI6ImNvbW1lcmNlIGFjY291bnQgc29jaWFsIHB1Ymxpc2hpbmcgYW5hbHl0aWNzIiwic3ViIjoiOWI5ZDJjODg3ZTI1MjRmOTE4ZTM4M2E4OTVmMmYxYzIiLCJ1bmlxdWVEaXNwbGF5TmFtZSI6IlJldml2ZXIjMDAwMSIsInVuaXF1ZV9kaXNwbGF5X25hbWUiOiJSZXZpdmVyIzAwMDEifQ.fv8xRcCKsGH-kO-Yy5UkjIPChaqt0XYnodWf6hdS9uvwgLBx_Gpa6LtecHNO-sBxhNPFiTKP9dX9Vt7yMu-Z2L8x2NIYZSvJXh40Ti4JY4OCIKzNCZ-YroW2-mPGnTu0jObkHPxrOs8nMbQ1S2Hi3HfrJfBHW0DD2Mm_lj8eplsA1NBAf-F9J2DlvHPr9kizT9wglS9ihvwZNO1BzZRUmktpPOIJ9CVv6co8pPXv-Wflq_6jaSTwOMwqVFHrCD8lO4aYOVGBrPvv5hex5JJgstKYqepEYKv8fxQNbyzSoWGDQOqnxcv5hsjkdXZI29YJnzEWQdRhUjt3Y6Bxnjgp-A
    Game-Client-Version: 1.0.0.0
    body: [
	{
		"EventNamespace": "loki",
		"EventName": "client_network_samples_snapshot",
		"Payload":
		{
			"sessionId": "96103a7341a019677b2c239ad381e488",
			"PlayerId": "9b9d2c887e2524f918e383a895f2f1c2",
			"timestamp": "2026-08-16T03:06:48.005Z",
			"inAveragePacketLoss": 0,
			"outAveragePacketLoss": 0,
			"HardwareId": "c1795a173f53c6f72e8b0125f11309c6"
		},
		"ClientTimestamp": "2026-08-16T03:07:40.268Z",
		"flightId": "fe0275c749fce947c3902a860f491a1d",
		"DeviceType": "Windows"
	}
]

#1262 22:07:41.740  GET /revival/loadout
    -> 200  (0s)
    User-Agent: supervive-loadout-shim

#1263 22:07:41.906  GET /revival/loadout
    -> 200  (0s)
    User-Agent: supervive-loadout-shim

#1264 22:07:42.081  GET /revival/loadout
    -> 200  (0s)
    User-Agent: supervive-loadout-shim

* 22:07:42.207  WS <- /notifications/players/9b9d2c887e2524f918e383a895f2f1c2 BINARY (2 bytes) 6862

* 22:07:42.229  WS -> /notifications/players/9b9d2c887e2524f918e383a895f2f1c2 TEXT hb reply {"Resource":"hb","Version":0,"Payload":""}

#1265 22:07:42.248  GET /revival/loadout
    -> 200  (0s)
    User-Agent: supervive-loadout-shim

#1266 22:07:42.423  GET /revival/loadout
    -> 200  (0s)
    User-Agent: supervive-loadout-shim

#1267 22:07:42.590  GET /revival/loadout
    -> 200  (0s)
    User-Agent: supervive-loadout-shim

#1268 22:07:42.764  GET /revival/loadout
    -> 200  (0s)
    User-Agent: supervive-loadout-shim

#1269 22:07:42.931  GET /revival/loadout
    -> 200  (0s)
    User-Agent: supervive-loadout-shim

#1270 22:07:43.105  GET /revival/loadout
    -> 200  (0s)
    User-Agent: supervive-loadout-shim

#1271 22:07:43.274  GET /revival/loadout
    -> 200  (1ms)
    User-Agent: supervive-loadout-shim

#1272 22:07:43.447  GET /revival/loadout
    -> 200  (0s)
    User-Agent: supervive-loadout-shim

#1273 22:07:43.613  GET /revival/loadout
    -> 200  (0s)
    User-Agent: supervive-loadout-shim

#1274 22:07:43.789  GET /revival/loadout
    -> 200  (0s)
    User-Agent: supervive-loadout-shim

#1275 22:07:43.955  GET /revival/loadout
    -> 200  (0s)
    User-Agent: supervive-loadout-shim

#1276 22:07:44.130  GET /revival/loadout
    -> 200  (0s)
    User-Agent: supervive-loadout-shim

#1277 22:07:44.297  GET /revival/loadout
    -> 200  (0s)
    User-Agent: supervive-loadout-shim

#1278 22:07:44.472  GET /revival/loadout
    -> 200  (0s)
    User-Agent: supervive-loadout-shim

#1279 22:07:44.639  GET /revival/loadout
    -> 200  (0s)
    User-Agent: supervive-loadout-shim

#1280 22:07:44.813  GET /revival/loadout
    -> 200  (1ms)
    User-Agent: supervive-loadout-shim

#1281 22:07:44.979  GET /revival/loadout
    -> 200  (0s)
    User-Agent: supervive-loadout-shim

#1282 22:07:45.154  GET /revival/loadout
    -> 200  (0s)
    User-Agent: supervive-loadout-shim

#1283 22:07:45.322  GET /revival/loadout
    -> 200  (0s)
    User-Agent: supervive-loadout-shim

#1284 22:07:45.497  GET /revival/loadout
    -> 200  (0s)
    User-Agent: supervive-loadout-shim

#1285 22:07:45.681  POST /party/parties/party-9b9d2c887e2524f918e383a895f2f1c2/members/9b9d2c887e2524f918e383a895f2f1c2/latencies
    -> 200  (0s)
    X-Theorycraft-Clientversion: release2.4.live-156430-shipping
    Authorization: Bearer eyJhbGciOiJSUzI1NiIsImtpZCI6InN1cGVydml2ZS1yZXZpdmFsLWtleS0xIiwidHlwIjoiSldUIn0.eyJiYW5zIjpbXSwiY2xpZW50X2lkIjoiYmE4ZmI1OWEzNGJiNDgxYWJjYTA4YzQ2YmE0ODgwMjUiLCJjb3VudHJ5IjoiVVMiLCJkaXNwbGF5X25hbWUiOiJSZXZpdmVyIiwiZXhwIjoxNzg2OTI5MjgzLCJpYXQiOjE3ODY4NDI4ODMsImlzX2NvbXBseSI6dHJ1ZSwiamZsZ3MiOjAsIm5hbWVzcGFjZSI6InN1cGVydml2ZSIsIm5iZiI6MTc4Njg0MjgyMywicGVybWlzc2lvbnMiOlt7IkFjdGlvbiI6MTUsIlJlc291cmNlIjoiTkFNRVNQQUNFOnN1cGVydml2ZToqIn0seyJBY3Rpb24iOjE1LCJSZXNvdXJjZSI6IkFETUlOOk5BTUVTUEFDRTpzdXBlcnZpdmU6KiJ9XSwicm9sZXMiOltdLCJzY29wZSI6ImNvbW1lcmNlIGFjY291bnQgc29jaWFsIHB1Ymxpc2hpbmcgYW5hbHl0aWNzIiwic3ViIjoiOWI5ZDJjODg3ZTI1MjRmOTE4ZTM4M2E4OTVmMmYxYzIiLCJ1bmlxdWVEaXNwbGF5TmFtZSI6IlJldml2ZXIjMDAwMSIsInVuaXF1ZV9kaXNwbGF5X25hbWUiOiJSZXZpdmVyIzAwMDEifQ.fv8xRcCKsGH-kO-Yy5UkjIPChaqt0XYnodWf6hdS9uvwgLBx_Gpa6LtecHNO-sBxhNPFiTKP9dX9Vt7yMu-Z2L8x2NIYZSvJXh40Ti4JY4OCIKzNCZ-YroW2-mPGnTu0jObkHPxrOs8nMbQ1S2Hi3HfrJfBHW0DD2Mm_lj8eplsA1NBAf-F9J2DlvHPr9kizT9wglS9ihvwZNO1BzZRUmktpPOIJ9CVv6co8pPXv-Wflq_6jaSTwOMwqVFHrCD8lO4aYOVGBrPvv5hex5JJgstKYqepEYKv8fxQNbyzSoWGDQOqnxcv5hsjkdXZI29YJnzEWQdRhUjt3Y6Bxnjgp-A
    Content-Type: application/json
    User-Agent: Loki/UE5-CL-0 (http-legacy) Windows/10.0.19045.1.256.64bit
    Accept: */*
    body: {"latencies":[{"host":"127.0.0.1","region":"us-east-1","route":"default","avgLatency":1}]}

#1286 22:07:45.682  GET /revival/loadout
    -> 200  (0s)
    User-Agent: supervive-loadout-shim

#1287 22:07:45.880  GET /revival/loadout
    -> 200  (0s)
    User-Agent: supervive-loadout-shim

#1288 22:07:46.047  GET /revival/loadout
    -> 200  (0s)
    User-Agent: supervive-loadout-shim

#1289 22:07:46.221  GET /revival/loadout
    -> 200  (0s)
    User-Agent: supervive-loadout-shim

#1290 22:07:46.394  GET /revival/loadout
    -> 200  (0s)
    User-Agent: supervive-loadout-shim

#1291 22:07:46.572  GET /revival/loadout
    -> 200  (0s)
    User-Agent: supervive-loadout-shim

#1292 22:07:46.738  GET /revival/loadout
    -> 200  (0s)
    User-Agent: supervive-loadout-shim

#1293 22:07:46.913  GET /revival/loadout
    -> 200  (0s)
    User-Agent: supervive-loadout-shim

#1294 22:07:47.104  GET /revival/loadout
    -> 200  (0s)
    User-Agent: supervive-loadout-shim

#1295 22:07:47.288  GET /revival/loadout
    -> 200  (0s)
    User-Agent: supervive-loadout-shim

#1296 22:07:47.467  GET /revival/loadout
    -> 200  (0s)
    User-Agent: supervive-loadout-shim

#1297 22:07:47.646  GET /revival/loadout
    -> 200  (0s)
    User-Agent: supervive-loadout-shim

#1298 22:07:47.831  GET /revival/loadout
    -> 200  (0s)
    User-Agent: supervive-loadout-shim

#1299 22:07:48.006  GET /revival/loadout
    -> 200  (0s)
    User-Agent: supervive-loadout-shim

#1300 22:07:48.179  GET /revival/loadout
    -> 200  (0s)
    User-Agent: supervive-loadout-shim

#1301 22:07:48.354  GET /revival/loadout
    -> 200  (0s)
    User-Agent: supervive-loadout-shim

#1302 22:07:48.527  GET /revival/loadout
    -> 200  (0s)
    User-Agent: supervive-loadout-shim

#1303 22:07:48.718  GET /revival/loadout
    -> 200  (0s)
    User-Agent: supervive-loadout-shim

#1304 22:07:49.016  GET /revival/loadout
    -> 200  (0s)
    User-Agent: supervive-loadout-shim

#1305 22:07:49.195  GET /revival/loadout
    -> 200  (0s)
    User-Agent: supervive-loadout-shim

#1306 22:07:49.374  GET /revival/loadout
    -> 200  (0s)
    User-Agent: supervive-loadout-shim

#1307 22:07:49.555  GET /revival/loadout
    -> 200  (0s)
    User-Agent: supervive-loadout-shim

#1308 22:07:49.724  GET /revival/loadout
    -> 200  (0s)
    User-Agent: supervive-loadout-shim

#1309 22:07:49.895  GET /revival/loadout
    -> 200  (0s)
    User-Agent: supervive-loadout-shim

#1310 22:07:50.070  GET /revival/loadout
    -> 200  (0s)
    User-Agent: supervive-loadout-shim

#1311 22:07:50.236  GET /revival/loadout
    -> 200  (0s)
    User-Agent: supervive-loadout-shim

#1312 22:07:50.411  GET /revival/loadout
    -> 200  (0s)
    User-Agent: supervive-loadout-shim

#1313 22:07:50.578  GET /revival/loadout
    -> 200  (0s)
    User-Agent: supervive-loadout-shim

#1314 22:07:50.753  GET /revival/loadout
    -> 200  (0s)
    User-Agent: supervive-loadout-shim

#1315 22:07:50.920  GET /revival/loadout
    -> 200  (0s)
    User-Agent: supervive-loadout-shim

#1316 22:07:51.094  GET /revival/loadout
    -> 200  (0s)
    User-Agent: supervive-loadout-shim

#1317 22:07:51.262  GET /revival/loadout
    -> 200  (0s)
    User-Agent: supervive-loadout-shim

#1318 22:07:51.437  GET /revival/loadout
    -> 200  (0s)
    User-Agent: supervive-loadout-shim

#1319 22:07:51.611  GET /revival/loadout
    -> 200  (0s)
    User-Agent: supervive-loadout-shim

#1320 22:07:51.786  GET /revival/loadout
    -> 200  (0s)
    User-Agent: supervive-loadout-shim

#1321 22:07:51.953  GET /revival/loadout
    -> 200  (0s)
    User-Agent: supervive-loadout-shim

#1322 22:07:52.127  GET /revival/loadout
    -> 200  (0s)
    User-Agent: supervive-loadout-shim

#1323 22:07:52.294  GET /revival/loadout
    -> 200  (0s)
    User-Agent: supervive-loadout-shim

#1324 22:07:52.470  GET /revival/loadout
    -> 200  (0s)
    User-Agent: supervive-loadout-shim

#1325 22:07:52.637  GET /revival/loadout
    -> 200  (0s)
    User-Agent: supervive-loadout-shim

#1326 22:07:52.811  GET /revival/loadout
    -> 200  (0s)
    User-Agent: supervive-loadout-shim

#1327 22:07:52.978  GET /revival/loadout
    -> 200  (0s)
    User-Agent: supervive-loadout-shim

#1328 22:07:53.151  GET /revival/loadout
    -> 200  (0s)
    User-Agent: supervive-loadout-shim

#1329 22:07:53.320  GET /revival/loadout
    -> 200  (0s)
    User-Agent: supervive-loadout-shim

#1330 22:07:53.493  GET /revival/loadout
    -> 200  (0s)
    User-Agent: supervive-loadout-shim

#1331 22:07:53.661  GET /revival/loadout
    -> 200  (0s)
    User-Agent: supervive-loadout-shim

#1332 22:07:53.834  GET /revival/loadout
    -> 200  (0s)
    User-Agent: supervive-loadout-shim

#1333 22:07:54.002  GET /revival/loadout
    -> 200  (0s)
    User-Agent: supervive-loadout-shim

#1334 22:07:54.177  GET /revival/loadout
    -> 200  (0s)
    User-Agent: supervive-loadout-shim

#1335 22:07:54.344  GET /revival/loadout
    -> 200  (0s)
    User-Agent: supervive-loadout-shim

#1336 22:07:54.587  GET /revival/loadout
    -> 200  (0s)
    User-Agent: supervive-loadout-shim

#1337 22:07:54.779  GET /revival/loadout
    -> 200  (0s)
    User-Agent: supervive-loadout-shim

#1338 22:07:54.952  GET /revival/loadout
    -> 200  (0s)
    User-Agent: supervive-loadout-shim

#1339 22:07:55.119  GET /revival/loadout
    -> 200  (0s)
    User-Agent: supervive-loadout-shim

#1340 22:07:55.285  GET /revival/loadout
    -> 200  (0s)
    User-Agent: supervive-loadout-shim

#1341 22:07:55.460  GET /revival/loadout
    -> 200  (0s)
    User-Agent: supervive-loadout-shim

#1342 22:07:55.635  GET /revival/loadout
    -> 200  (0s)
    User-Agent: supervive-loadout-shim

#1343 22:07:55.810  GET /revival/loadout
    -> 200  (0s)
    User-Agent: supervive-loadout-shim

#1344 22:07:55.985  GET /revival/loadout
    -> 200  (0s)
    User-Agent: supervive-loadout-shim

#1345 22:07:56.160  GET /revival/loadout
    -> 200  (0s)
    User-Agent: supervive-loadout-shim

#1346 22:07:56.334  GET /revival/loadout
    -> 200  (0s)
    User-Agent: supervive-loadout-shim

#1347 22:07:56.510  GET /revival/loadout
    -> 200  (0s)
    User-Agent: supervive-loadout-shim

#1348 22:07:56.684  GET /revival/loadout
    -> 200  (0s)
    User-Agent: supervive-loadout-shim

#1349 22:07:56.859  GET /revival/loadout
    -> 200  (0s)
    User-Agent: supervive-loadout-shim

#1350 22:07:57.034  GET /revival/loadout
    -> 200  (0s)
    User-Agent: supervive-loadout-shim

#1351 22:07:57.216  GET /revival/loadout
    -> 200  (1ms)
    User-Agent: supervive-loadout-shim

#1352 22:07:57.392  GET /revival/loadout
    -> 200  (0s)
    User-Agent: supervive-loadout-shim

#1353 22:07:57.575  GET /revival/loadout
    -> 200  (0s)
    User-Agent: supervive-loadout-shim

#1354 22:07:57.751  GET /revival/loadout
    -> 200  (0s)
    User-Agent: supervive-loadout-shim

#1355 22:07:57.934  GET /revival/loadout
    -> 200  (0s)
    User-Agent: supervive-loadout-shim

#1356 22:07:58.108  GET /revival/loadout
    -> 200  (0s)
    User-Agent: supervive-loadout-shim

#1357 22:07:58.297  GET /revival/loadout
    -> 200  (0s)
    User-Agent: supervive-loadout-shim

#1358 22:07:58.474  GET /revival/loadout
    -> 200  (0s)
    User-Agent: supervive-loadout-shim

#1359 22:07:58.658  GET /revival/loadout
    -> 200  (0s)
    User-Agent: supervive-loadout-shim

#1360 22:07:58.834  GET /revival/loadout
    -> 200  (0s)
    User-Agent: supervive-loadout-shim

#1361 22:07:59.017  GET /revival/loadout
    -> 200  (0s)
    User-Agent: supervive-loadout-shim

#1362 22:07:59.191  GET /revival/loadout
    -> 200  (0s)
    User-Agent: supervive-loadout-shim

#1363 22:07:59.366  GET /revival/loadout
    -> 200  (0s)
    User-Agent: supervive-loadout-shim

#1364 22:07:59.542  GET /revival/loadout
    -> 200  (0s)
    User-Agent: supervive-loadout-shim

#1365 22:07:59.715  GET /revival/loadout
    -> 200  (0s)
    User-Agent: supervive-loadout-shim

#1366 22:07:59.892  GET /revival/loadout
    -> 200  (0s)
    User-Agent: supervive-loadout-shim

#1367 22:08:00.066  GET /revival/loadout
    -> 200  (0s)
    User-Agent: supervive-loadout-shim

#1368 22:08:00.241  GET /revival/loadout
    -> 200  (0s)
    User-Agent: supervive-loadout-shim

#1369 22:08:00.415  GET /revival/loadout
    -> 200  (0s)
    User-Agent: supervive-loadout-shim

#1370 22:08:00.590  GET /revival/loadout
    -> 200  (0s)
    User-Agent: supervive-loadout-shim

#1371 22:08:00.757  GET /revival/loadout
    -> 200  (0s)
    User-Agent: supervive-loadout-shim

#1372 22:08:00.933  GET /revival/loadout
    -> 200  (0s)
    User-Agent: supervive-loadout-shim

#1373 22:08:01.107  GET /revival/loadout
    -> 200  (0s)
    User-Agent: supervive-loadout-shim

#1374 22:08:01.291  GET /revival/loadout
    -> 200  (0s)
    User-Agent: supervive-loadout-shim

#1375 22:08:01.474  GET /revival/loadout
    -> 200  (0s)
    User-Agent: supervive-loadout-shim

#1376 22:08:01.650  GET /revival/loadout
    -> 200  (0s)
    User-Agent: supervive-loadout-shim

#1377 22:08:01.832  GET /revival/loadout
    -> 200  (0s)
    User-Agent: supervive-loadout-shim

#1378 22:08:02.007  GET /revival/loadout
    -> 200  (0s)
    User-Agent: supervive-loadout-shim

#1379 22:08:02.190  GET /revival/loadout
    -> 200  (0s)
    User-Agent: supervive-loadout-shim

#1381 22:08:02.191  GET /core-game/regions
    -> 200  (0s)
    Accept: */*
    X-Theorycraft-Clientversion: release2.4.live-156430-shipping
    Authorization: Bearer eyJhbGciOiJSUzI1NiIsImtpZCI6InN1cGVydml2ZS1yZXZpdmFsLWtleS0xIiwidHlwIjoiSldUIn0.eyJiYW5zIjpbXSwiY2xpZW50X2lkIjoiYmE4ZmI1OWEzNGJiNDgxYWJjYTA4YzQ2YmE0ODgwMjUiLCJjb3VudHJ5IjoiVVMiLCJkaXNwbGF5X25hbWUiOiJSZXZpdmVyIiwiZXhwIjoxNzg2OTI5MjgzLCJpYXQiOjE3ODY4NDI4ODMsImlzX2NvbXBseSI6dHJ1ZSwiamZsZ3MiOjAsIm5hbWVzcGFjZSI6InN1cGVydml2ZSIsIm5iZiI6MTc4Njg0MjgyMywicGVybWlzc2lvbnMiOlt7IkFjdGlvbiI6MTUsIlJlc291cmNlIjoiTkFNRVNQQUNFOnN1cGVydml2ZToqIn0seyJBY3Rpb24iOjE1LCJSZXNvdXJjZSI6IkFETUlOOk5BTUVTUEFDRTpzdXBlcnZpdmU6KiJ9XSwicm9sZXMiOltdLCJzY29wZSI6ImNvbW1lcmNlIGFjY291bnQgc29jaWFsIHB1Ymxpc2hpbmcgYW5hbHl0aWNzIiwic3ViIjoiOWI5ZDJjODg3ZTI1MjRmOTE4ZTM4M2E4OTVmMmYxYzIiLCJ1bmlxdWVEaXNwbGF5TmFtZSI6IlJldml2ZXIjMDAwMSIsInVuaXF1ZV9kaXNwbGF5X25hbWUiOiJSZXZpdmVyIzAwMDEifQ.fv8xRcCKsGH-kO-Yy5UkjIPChaqt0XYnodWf6hdS9uvwgLBx_Gpa6LtecHNO-sBxhNPFiTKP9dX9Vt7yMu-Z2L8x2NIYZSvJXh40Ti4JY4OCIKzNCZ-YroW2-mPGnTu0jObkHPxrOs8nMbQ1S2Hi3HfrJfBHW0DD2Mm_lj8eplsA1NBAf-F9J2DlvHPr9kizT9wglS9ihvwZNO1BzZRUmktpPOIJ9CVv6co8pPXv-Wflq_6jaSTwOMwqVFHrCD8lO4aYOVGBrPvv5hex5JJgstKYqepEYKv8fxQNbyzSoWGDQOqnxcv5hsjkdXZI29YJnzEWQdRhUjt3Y6Bxnjgp-A
    User-Agent: Loki/UE5-CL-0 (http-legacy) Windows/10.0.19045.1.256.64bit

#1380 22:08:02.191  GET /party/matchmaking/info
    -> 200  (0s)
    X-Theorycraft-Clientversion: release2.4.live-156430-shipping
    Accept: */*
    Authorization: Bearer eyJhbGciOiJSUzI1NiIsImtpZCI6InN1cGVydml2ZS1yZXZpdmFsLWtleS0xIiwidHlwIjoiSldUIn0.eyJiYW5zIjpbXSwiY2xpZW50X2lkIjoiYmE4ZmI1OWEzNGJiNDgxYWJjYTA4YzQ2YmE0ODgwMjUiLCJjb3VudHJ5IjoiVVMiLCJkaXNwbGF5X25hbWUiOiJSZXZpdmVyIiwiZXhwIjoxNzg2OTI5MjgzLCJpYXQiOjE3ODY4NDI4ODMsImlzX2NvbXBseSI6dHJ1ZSwiamZsZ3MiOjAsIm5hbWVzcGFjZSI6InN1cGVydml2ZSIsIm5iZiI6MTc4Njg0MjgyMywicGVybWlzc2lvbnMiOlt7IkFjdGlvbiI6MTUsIlJlc291cmNlIjoiTkFNRVNQQUNFOnN1cGVydml2ZToqIn0seyJBY3Rpb24iOjE1LCJSZXNvdXJjZSI6IkFETUlOOk5BTUVTUEFDRTpzdXBlcnZpdmU6KiJ9XSwicm9sZXMiOltdLCJzY29wZSI6ImNvbW1lcmNlIGFjY291bnQgc29jaWFsIHB1Ymxpc2hpbmcgYW5hbHl0aWNzIiwic3ViIjoiOWI5ZDJjODg3ZTI1MjRmOTE4ZTM4M2E4OTVmMmYxYzIiLCJ1bmlxdWVEaXNwbGF5TmFtZSI6IlJldml2ZXIjMDAwMSIsInVuaXF1ZV9kaXNwbGF5X25hbWUiOiJSZXZpdmVyIzAwMDEifQ.fv8xRcCKsGH-kO-Yy5UkjIPChaqt0XYnodWf6hdS9uvwgLBx_Gpa6LtecHNO-sBxhNPFiTKP9dX9Vt7yMu-Z2L8x2NIYZSvJXh40Ti4JY4OCIKzNCZ-YroW2-mPGnTu0jObkHPxrOs8nMbQ1S2Hi3HfrJfBHW0DD2Mm_lj8eplsA1NBAf-F9J2DlvHPr9kizT9wglS9ihvwZNO1BzZRUmktpPOIJ9CVv6co8pPXv-Wflq_6jaSTwOMwqVFHrCD8lO4aYOVGBrPvv5hex5JJgstKYqepEYKv8fxQNbyzSoWGDQOqnxcv5hsjkdXZI29YJnzEWQdRhUjt3Y6Bxnjgp-A
    User-Agent: Loki/UE5-CL-0 (http-legacy) Windows/10.0.19045.1.256.64bit

#1382 22:08:02.367  GET /revival/loadout
    -> 200  (0s)
    User-Agent: supervive-loadout-shim

#1383 22:08:02.541  GET /revival/loadout
    -> 200  (0s)
    User-Agent: supervive-loadout-shim

#1384 22:08:02.722  GET /revival/loadout
    -> 200  (0s)
    User-Agent: supervive-loadout-shim

#1385 22:08:02.899  GET /revival/loadout
    -> 200  (0s)
    User-Agent: supervive-loadout-shim

#1386 22:08:03.082  GET /revival/loadout
    -> 200  (0s)
    User-Agent: supervive-loadout-shim

#1387 22:08:03.258  GET /revival/loadout
    -> 200  (0s)
    User-Agent: supervive-loadout-shim

#1388 22:08:03.506  GET /revival/loadout
    -> 200  (0s)
    User-Agent: supervive-loadout-shim

#1389 22:08:03.682  GET /revival/loadout
    -> 200  (0s)
    User-Agent: supervive-loadout-shim

#1390 22:08:03.865  GET /revival/loadout
    -> 200  (0s)
    User-Agent: supervive-loadout-shim

#1391 22:08:03.892  GET /configuration/client?language=en
    -> 200  (0s)
    X-Theorycraft-Clientversion: release2.4.live-156430-shipping
    Authorization: Bearer eyJhbGciOiJSUzI1NiIsImtpZCI6InN1cGVydml2ZS1yZXZpdmFsLWtleS0xIiwidHlwIjoiSldUIn0.eyJiYW5zIjpbXSwiY2xpZW50X2lkIjoiYmE4ZmI1OWEzNGJiNDgxYWJjYTA4YzQ2YmE0ODgwMjUiLCJjb3VudHJ5IjoiVVMiLCJkaXNwbGF5X25hbWUiOiJSZXZpdmVyIiwiZXhwIjoxNzg2OTI5MjgzLCJpYXQiOjE3ODY4NDI4ODMsImlzX2NvbXBseSI6dHJ1ZSwiamZsZ3MiOjAsIm5hbWVzcGFjZSI6InN1cGVydml2ZSIsIm5iZiI6MTc4Njg0MjgyMywicGVybWlzc2lvbnMiOlt7IkFjdGlvbiI6MTUsIlJlc291cmNlIjoiTkFNRVNQQUNFOnN1cGVydml2ZToqIn0seyJBY3Rpb24iOjE1LCJSZXNvdXJjZSI6IkFETUlOOk5BTUVTUEFDRTpzdXBlcnZpdmU6KiJ9XSwicm9sZXMiOltdLCJzY29wZSI6ImNvbW1lcmNlIGFjY291bnQgc29jaWFsIHB1Ymxpc2hpbmcgYW5hbHl0aWNzIiwic3ViIjoiOWI5ZDJjODg3ZTI1MjRmOTE4ZTM4M2E4OTVmMmYxYzIiLCJ1bmlxdWVEaXNwbGF5TmFtZSI6IlJldml2ZXIjMDAwMSIsInVuaXF1ZV9kaXNwbGF5X25hbWUiOiJSZXZpdmVyIzAwMDEifQ.fv8xRcCKsGH-kO-Yy5UkjIPChaqt0XYnodWf6hdS9uvwgLBx_Gpa6LtecHNO-sBxhNPFiTKP9dX9Vt7yMu-Z2L8x2NIYZSvJXh40Ti4JY4OCIKzNCZ-YroW2-mPGnTu0jObkHPxrOs8nMbQ1S2Hi3HfrJfBHW0DD2Mm_lj8eplsA1NBAf-F9J2DlvHPr9kizT9wglS9ihvwZNO1BzZRUmktpPOIJ9CVv6co8pPXv-Wflq_6jaSTwOMwqVFHrCD8lO4aYOVGBrPvv5hex5JJgstKYqepEYKv8fxQNbyzSoWGDQOqnxcv5hsjkdXZI29YJnzEWQdRhUjt3Y6Bxnjgp-A
    Accept: */*
    User-Agent: Loki/UE5-CL-0 (http-legacy) Windows/10.0.19045.1.256.64bit

#1392 22:08:03.963  GET /content-service/manifest/release2.4.live-156430-shipping?nonEnabledOnly=true
    -> 200  (0s)
    Authorization: Bearer eyJhbGciOiJSUzI1NiIsImtpZCI6InN1cGVydml2ZS1yZXZpdmFsLWtleS0xIiwidHlwIjoiSldUIn0.eyJiYW5zIjpbXSwiY2xpZW50X2lkIjoiYmE4ZmI1OWEzNGJiNDgxYWJjYTA4YzQ2YmE0ODgwMjUiLCJjb3VudHJ5IjoiVVMiLCJkaXNwbGF5X25hbWUiOiJSZXZpdmVyIiwiZXhwIjoxNzg2OTI5MjgzLCJpYXQiOjE3ODY4NDI4ODMsImlzX2NvbXBseSI6dHJ1ZSwiamZsZ3MiOjAsIm5hbWVzcGFjZSI6InN1cGVydml2ZSIsIm5iZiI6MTc4Njg0MjgyMywicGVybWlzc2lvbnMiOlt7IkFjdGlvbiI6MTUsIlJlc291cmNlIjoiTkFNRVNQQUNFOnN1cGVydml2ZToqIn0seyJBY3Rpb24iOjE1LCJSZXNvdXJjZSI6IkFETUlOOk5BTUVTUEFDRTpzdXBlcnZpdmU6KiJ9XSwicm9sZXMiOltdLCJzY29wZSI6ImNvbW1lcmNlIGFjY291bnQgc29jaWFsIHB1Ymxpc2hpbmcgYW5hbHl0aWNzIiwic3ViIjoiOWI5ZDJjODg3ZTI1MjRmOTE4ZTM4M2E4OTVmMmYxYzIiLCJ1bmlxdWVEaXNwbGF5TmFtZSI6IlJldml2ZXIjMDAwMSIsInVuaXF1ZV9kaXNwbGF5X25hbWUiOiJSZXZpdmVyIzAwMDEifQ.fv8xRcCKsGH-kO-Yy5UkjIPChaqt0XYnodWf6hdS9uvwgLBx_Gpa6LtecHNO-sBxhNPFiTKP9dX9Vt7yMu-Z2L8x2NIYZSvJXh40Ti4JY4OCIKzNCZ-YroW2-mPGnTu0jObkHPxrOs8nMbQ1S2Hi3HfrJfBHW0DD2Mm_lj8eplsA1NBAf-F9J2DlvHPr9kizT9wglS9ihvwZNO1BzZRUmktpPOIJ9CVv6co8pPXv-Wflq_6jaSTwOMwqVFHrCD8lO4aYOVGBrPvv5hex5JJgstKYqepEYKv8fxQNbyzSoWGDQOqnxcv5hsjkdXZI29YJnzEWQdRhUjt3Y6Bxnjgp-A
    User-Agent: Loki/UE5-CL-0 (http-legacy) Windows/10.0.19045.1.256.64bit
    Accept: */*
    X-Theorycraft-Clientversion: release2.4.live-156430-shipping

#1393 22:08:04.040  GET /revival/loadout
    -> 200  (0s)
    User-Agent: supervive-loadout-shim

* 22:08:04.057  WS <- /lobby TEXT ""

#1394 22:08:04.223  GET /revival/loadout
    -> 200  (0s)
    User-Agent: supervive-loadout-shim

#1395 22:08:04.406  GET /revival/loadout
    -> 200  (0s)
    User-Agent: supervive-loadout-shim

#1396 22:08:04.581  GET /revival/loadout
    -> 200  (0s)
    User-Agent: supervive-loadout-shim

#1397 22:08:04.764  GET /revival/loadout
    -> 200  (0s)
    User-Agent: supervive-loadout-shim

#1398 22:08:04.941  GET /revival/loadout
    -> 200  (0s)
    User-Agent: supervive-loadout-shim

#1399 22:08:05.120  GET /revival/loadout
    -> 200  (0s)
    User-Agent: supervive-loadout-shim

#1400 22:08:05.298  GET /revival/loadout
    -> 200  (0s)
    User-Agent: supervive-loadout-shim

#1401 22:08:05.473  GET /revival/loadout
    -> 200  (0s)
    User-Agent: supervive-loadout-shim

#1402 22:08:05.648  GET /revival/loadout
    -> 200  (0s)
    User-Agent: supervive-loadout-shim

#1403 22:08:05.829  GET /revival/loadout
    -> 200  (0s)
    User-Agent: supervive-loadout-shim

#1404 22:08:06.006  GET /revival/loadout
    -> 200  (0s)
    User-Agent: supervive-loadout-shim

#1405 22:08:06.181  GET /revival/loadout
    -> 200  (0s)
    User-Agent: supervive-loadout-shim

#1406 22:08:06.360  GET /revival/loadout
    -> 200  (0s)
    User-Agent: supervive-loadout-shim

#1407 22:08:06.542  GET /revival/loadout
    -> 200  (0s)
    User-Agent: supervive-loadout-shim

#1408 22:08:06.713  GET /revival/loadout
    -> 200  (0s)
    User-Agent: supervive-loadout-shim

#1409 22:08:06.889  GET /revival/loadout
    -> 200  (0s)
    User-Agent: supervive-loadout-shim

#1410 22:08:07.064  GET /revival/loadout
    -> 200  (0s)
    User-Agent: supervive-loadout-shim

#1411 22:08:07.239  GET /revival/loadout
    -> 200  (0s)
    User-Agent: supervive-loadout-shim

#1412 22:08:07.422  GET /revival/loadout
    -> 200  (0s)
    User-Agent: supervive-loadout-shim

#1413 22:08:07.613  GET /revival/loadout
    -> 200  (0s)
    User-Agent: supervive-loadout-shim

#1414 22:08:07.780  GET /revival/loadout
    -> 200  (0s)
    User-Agent: supervive-loadout-shim

#1415 22:08:07.963  GET /revival/loadout
    -> 200  (0s)
    User-Agent: supervive-loadout-shim

#1416 22:08:08.139  GET /revival/loadout
    -> 200  (0s)
    User-Agent: supervive-loadout-shim

#1417 22:08:08.313  GET /revival/loadout
    -> 200  (0s)
    User-Agent: supervive-loadout-shim

#1418 22:08:08.488  GET /revival/loadout
    -> 200  (0s)
    User-Agent: supervive-loadout-shim

#1419 22:08:08.663  GET /revival/loadout
    -> 200  (0s)
    User-Agent: supervive-loadout-shim

#1420 22:08:08.839  GET /revival/loadout
    -> 200  (0s)
    User-Agent: supervive-loadout-shim

#1421 22:08:09.013  GET /revival/loadout
    -> 200  (0s)
    User-Agent: supervive-loadout-shim

#1422 22:08:09.188  GET /revival/loadout
    -> 200  (0s)
    User-Agent: supervive-loadout-shim

#1423 22:08:09.363  GET /revival/loadout
    -> 200  (0s)
    User-Agent: supervive-loadout-shim

#1424 22:08:09.538  GET /revival/loadout
    -> 200  (0s)
    User-Agent: supervive-loadout-shim

#1425 22:08:09.712  GET /revival/loadout
    -> 200  (0s)
    User-Agent: supervive-loadout-shim

#1426 22:08:09.888  GET /revival/loadout
    -> 200  (0s)
    User-Agent: supervive-loadout-shim

#1427 22:08:10.071  GET /revival/loadout
    -> 200  (0s)
    User-Agent: supervive-loadout-shim

#1428 22:08:10.296  GET /revival/loadout
    -> 200  (0s)
    User-Agent: supervive-loadout-shim

#1429 22:08:10.478  GET /revival/loadout
    -> 200  (0s)
    User-Agent: supervive-loadout-shim

#1430 22:08:10.653  GET /revival/loadout
    -> 200  (0s)
    User-Agent: supervive-loadout-shim

#1431 22:08:10.838  GET /revival/loadout
    -> 200  (0s)
    User-Agent: supervive-loadout-shim

#1432 22:08:11.012  GET /revival/loadout
    -> 200  (0s)
    User-Agent: supervive-loadout-shim

#1433 22:08:11.195  GET /revival/loadout
    -> 200  (0s)
    User-Agent: supervive-loadout-shim

#1434 22:08:11.370  GET /revival/loadout
    -> 200  (0s)
    User-Agent: supervive-loadout-shim

#1435 22:08:11.553  GET /revival/loadout
    -> 200  (0s)
    User-Agent: supervive-loadout-shim

#1436 22:08:11.652  GET /party/players/9b9d2c887e2524f918e383a895f2f1c2/voice
    -> 200  (0s)
    User-Agent: Loki/UE5-CL-0 (http-legacy) Windows/10.0.19045.1.256.64bit
    Accept: */*
    X-Theorycraft-Clientversion: release2.4.live-156430-shipping
    Authorization: Bearer eyJhbGciOiJSUzI1NiIsImtpZCI6InN1cGVydml2ZS1yZXZpdmFsLWtleS0xIiwidHlwIjoiSldUIn0.eyJiYW5zIjpbXSwiY2xpZW50X2lkIjoiYmE4ZmI1OWEzNGJiNDgxYWJjYTA4YzQ2YmE0ODgwMjUiLCJjb3VudHJ5IjoiVVMiLCJkaXNwbGF5X25hbWUiOiJSZXZpdmVyIiwiZXhwIjoxNzg2OTI5MjgzLCJpYXQiOjE3ODY4NDI4ODMsImlzX2NvbXBseSI6dHJ1ZSwiamZsZ3MiOjAsIm5hbWVzcGFjZSI6InN1cGVydml2ZSIsIm5iZiI6MTc4Njg0MjgyMywicGVybWlzc2lvbnMiOlt7IkFjdGlvbiI6MTUsIlJlc291cmNlIjoiTkFNRVNQQUNFOnN1cGVydml2ZToqIn0seyJBY3Rpb24iOjE1LCJSZXNvdXJjZSI6IkFETUlOOk5BTUVTUEFDRTpzdXBlcnZpdmU6KiJ9XSwicm9sZXMiOltdLCJzY29wZSI6ImNvbW1lcmNlIGFjY291bnQgc29jaWFsIHB1Ymxpc2hpbmcgYW5hbHl0aWNzIiwic3ViIjoiOWI5ZDJjODg3ZTI1MjRmOTE4ZTM4M2E4OTVmMmYxYzIiLCJ1bmlxdWVEaXNwbGF5TmFtZSI6IlJldml2ZXIjMDAwMSIsInVuaXF1ZV9kaXNwbGF5X25hbWUiOiJSZXZpdmVyIzAwMDEifQ.fv8xRcCKsGH-kO-Yy5UkjIPChaqt0XYnodWf6hdS9uvwgLBx_Gpa6LtecHNO-sBxhNPFiTKP9dX9Vt7yMu-Z2L8x2NIYZSvJXh40Ti4JY4OCIKzNCZ-YroW2-mPGnTu0jObkHPxrOs8nMbQ1S2Hi3HfrJfBHW0DD2Mm_lj8eplsA1NBAf-F9J2DlvHPr9kizT9wglS9ihvwZNO1BzZRUmktpPOIJ9CVv6co8pPXv-Wflq_6jaSTwOMwqVFHrCD8lO4aYOVGBrPvv5hex5JJgstKYqepEYKv8fxQNbyzSoWGDQOqnxcv5hsjkdXZI29YJnzEWQdRhUjt3Y6Bxnjgp-A

#1437 22:08:11.729  GET /revival/loadout
    -> 200  (0s)
    User-Agent: supervive-loadout-shim

#1438 22:08:11.903  GET /revival/loadout
    -> 200  (0s)
    User-Agent: supervive-loadout-shim

#1439 22:08:12.087  GET /revival/loadout
    -> 200  (0s)
    User-Agent: supervive-loadout-shim

* 22:08:12.246  WS -> /notifications/players/9b9d2c887e2524f918e383a895f2f1c2 BINARY hb (proactive 30s keepalive)

#1440 22:08:12.261  GET /revival/loadout
    -> 200  (0s)
    User-Agent: supervive-loadout-shim

#1441 22:08:12.453  GET /revival/loadout
    -> 200  (0s)
    User-Agent: supervive-loadout-shim

#1442 22:08:12.637  GET /revival/loadout
    -> 200  (0s)
    User-Agent: supervive-loadout-shim

#1443 22:08:12.812  GET /revival/loadout
    -> 200  (0s)
    User-Agent: supervive-loadout-shim

#1444 22:08:13.020  GET /revival/loadout
    -> 200  (0s)
    User-Agent: supervive-loadout-shim

#1445 22:08:13.204  GET /revival/loadout
    -> 200  (0s)
    User-Agent: supervive-loadout-shim

#1446 22:08:13.379  GET /revival/loadout
    -> 200  (0s)
    User-Agent: supervive-loadout-shim

#1447 22:08:13.561  GET /revival/loadout
    -> 200  (0s)
    User-Agent: supervive-loadout-shim

#1448 22:08:13.735  GET /revival/loadout
    -> 200  (0s)
    User-Agent: supervive-loadout-shim

#1449 22:08:13.920  GET /revival/loadout
    -> 200  (0s)
    User-Agent: supervive-loadout-shim

#1450 22:08:14.095  GET /revival/loadout
    -> 200  (0s)
    User-Agent: supervive-loadout-shim

#1451 22:08:14.278  GET /revival/loadout
    -> 200  (0s)
    User-Agent: supervive-loadout-shim

#1452 22:08:14.444  GET /revival/loadout
    -> 200  (0s)
    User-Agent: supervive-loadout-shim

#1453 22:08:14.627  GET /revival/loadout
    -> 200  (0s)
    User-Agent: supervive-loadout-shim

#1454 22:08:14.802  GET /revival/loadout
    -> 200  (0s)
    User-Agent: supervive-loadout-shim

#1455 22:08:14.985  GET /revival/loadout
    -> 200  (0s)
    User-Agent: supervive-loadout-shim

#1456 22:08:15.161  GET /revival/loadout
    -> 200  (0s)
    User-Agent: supervive-loadout-shim

#1457 22:08:15.344  GET /revival/loadout
    -> 200  (0s)
    User-Agent: supervive-loadout-shim

#1458 22:08:15.519  GET /revival/loadout
    -> 200  (0s)
    User-Agent: supervive-loadout-shim

#1459 22:08:15.592  POST /party/parties/party-9b9d2c887e2524f918e383a895f2f1c2/members/9b9d2c887e2524f918e383a895f2f1c2/latencies
    -> 200  (0s)
    Content-Type: application/json
    User-Agent: Loki/UE5-CL-0 (http-legacy) Windows/10.0.19045.1.256.64bit
    Accept: */*
    X-Theorycraft-Clientversion: release2.4.live-156430-shipping
    Authorization: Bearer eyJhbGciOiJSUzI1NiIsImtpZCI6InN1cGVydml2ZS1yZXZpdmFsLWtleS0xIiwidHlwIjoiSldUIn0.eyJiYW5zIjpbXSwiY2xpZW50X2lkIjoiYmE4ZmI1OWEzNGJiNDgxYWJjYTA4YzQ2YmE0ODgwMjUiLCJjb3VudHJ5IjoiVVMiLCJkaXNwbGF5X25hbWUiOiJSZXZpdmVyIiwiZXhwIjoxNzg2OTI5MjgzLCJpYXQiOjE3ODY4NDI4ODMsImlzX2NvbXBseSI6dHJ1ZSwiamZsZ3MiOjAsIm5hbWVzcGFjZSI6InN1cGVydml2ZSIsIm5iZiI6MTc4Njg0MjgyMywicGVybWlzc2lvbnMiOlt7IkFjdGlvbiI6MTUsIlJlc291cmNlIjoiTkFNRVNQQUNFOnN1cGVydml2ZToqIn0seyJBY3Rpb24iOjE1LCJSZXNvdXJjZSI6IkFETUlOOk5BTUVTUEFDRTpzdXBlcnZpdmU6KiJ9XSwicm9sZXMiOltdLCJzY29wZSI6ImNvbW1lcmNlIGFjY291bnQgc29jaWFsIHB1Ymxpc2hpbmcgYW5hbHl0aWNzIiwic3ViIjoiOWI5ZDJjODg3ZTI1MjRmOTE4ZTM4M2E4OTVmMmYxYzIiLCJ1bmlxdWVEaXNwbGF5TmFtZSI6IlJldml2ZXIjMDAwMSIsInVuaXF1ZV9kaXNwbGF5X25hbWUiOiJSZXZpdmVyIzAwMDEifQ.fv8xRcCKsGH-kO-Yy5UkjIPChaqt0XYnodWf6hdS9uvwgLBx_Gpa6LtecHNO-sBxhNPFiTKP9dX9Vt7yMu-Z2L8x2NIYZSvJXh40Ti4JY4OCIKzNCZ-YroW2-mPGnTu0jObkHPxrOs8nMbQ1S2Hi3HfrJfBHW0DD2Mm_lj8eplsA1NBAf-F9J2DlvHPr9kizT9wglS9ihvwZNO1BzZRUmktpPOIJ9CVv6co8pPXv-Wflq_6jaSTwOMwqVFHrCD8lO4aYOVGBrPvv5hex5JJgstKYqepEYKv8fxQNbyzSoWGDQOqnxcv5hsjkdXZI29YJnzEWQdRhUjt3Y6Bxnjgp-A
    body: {"latencies":[{"host":"127.0.0.1","region":"us-east-1","route":"default","avgLatency":0}]}

#1460 22:08:15.710  GET /revival/loadout
    -> 200  (0s)
    User-Agent: supervive-loadout-shim

#1461 22:08:15.893  GET /revival/loadout
    -> 200  (0s)
    User-Agent: supervive-loadout-shim

#1462 22:08:16.068  GET /revival/loadout
    -> 200  (0s)
    User-Agent: supervive-loadout-shim

#1463 22:08:16.252  GET /revival/loadout
    -> 200  (0s)
    User-Agent: supervive-loadout-shim

#1464 22:08:16.427  GET /revival/loadout
    -> 200  (0s)
    User-Agent: supervive-loadout-shim

#1465 22:08:16.610  GET /revival/loadout
    -> 200  (0s)
    User-Agent: supervive-loadout-shim

#1466 22:08:16.785  GET /revival/loadout
    -> 200  (0s)
    User-Agent: supervive-loadout-shim

#1467 22:08:16.967  GET /revival/loadout
    -> 200  (0s)
    User-Agent: supervive-loadout-shim

#1468 22:08:17.134  GET /revival/loadout
    -> 200  (0s)
    User-Agent: supervive-loadout-shim

#1469 22:08:17.318  GET /revival/loadout
    -> 200  (0s)
    User-Agent: supervive-loadout-shim

#1470 22:08:17.493  GET /revival/loadout
    -> 200  (0s)
    User-Agent: supervive-loadout-shim

#1471 22:08:17.676  GET /revival/loadout
    -> 200  (0s)
    User-Agent: supervive-loadout-shim

#1472 22:08:17.851  GET /revival/loadout
    -> 200  (0s)
    User-Agent: supervive-loadout-shim

#1473 22:08:18.034  GET /revival/loadout
    -> 200  (0s)
    User-Agent: supervive-loadout-shim

#1474 22:08:18.201  GET /revival/loadout
    -> 200  (0s)
    User-Agent: supervive-loadout-shim

#1475 22:08:18.375  GET /revival/loadout
    -> 200  (0s)
    User-Agent: supervive-loadout-shim

#1476 22:08:18.543  GET /revival/loadout
    -> 200  (0s)
    User-Agent: supervive-loadout-shim

#1477 22:08:18.717  GET /revival/loadout
    -> 200  (0s)
    User-Agent: supervive-loadout-shim

#1478 22:08:18.905  GET /revival/loadout
    -> 200  (0s)
    User-Agent: supervive-loadout-shim

#1479 22:08:19.104  GET /revival/loadout
    -> 200  (0s)
    User-Agent: supervive-loadout-shim

#1480 22:08:19.277  GET /revival/loadout
    -> 200  (0s)
    User-Agent: supervive-loadout-shim

#1481 22:08:19.443  GET /revival/loadout
    -> 200  (0s)
    User-Agent: supervive-loadout-shim

#1482 22:08:19.618  GET /revival/loadout
    -> 200  (0s)
    User-Agent: supervive-loadout-shim

#1483 22:08:19.793  GET /revival/loadout
    -> 200  (0s)
    User-Agent: supervive-loadout-shim

#1484 22:08:19.980  GET /revival/loadout
    -> 200  (0s)
    User-Agent: supervive-loadout-shim

#1485 22:08:20.151  GET /revival/loadout
    -> 200  (0s)
    User-Agent: supervive-loadout-shim

#1486 22:08:20.334  GET /revival/loadout
    -> 200  (0s)
    User-Agent: supervive-loadout-shim

#1487 22:08:20.514  GET /revival/loadout
    -> 200  (0s)
    User-Agent: supervive-loadout-shim

#1488 22:08:20.701  GET /revival/loadout
    -> 200  (0s)
    User-Agent: supervive-loadout-shim

#1489 22:08:20.877  GET /revival/loadout
    -> 200  (0s)
    User-Agent: supervive-loadout-shim

#1490 22:08:21.059  GET /revival/loadout
    -> 200  (1ms)
    User-Agent: supervive-loadout-shim

#1491 22:08:21.234  GET /revival/loadout
    -> 200  (0s)
    User-Agent: supervive-loadout-shim

#1492 22:08:21.419  GET /revival/loadout
    -> 200  (0s)
    User-Agent: supervive-loadout-shim

#1493 22:08:21.592  GET /revival/loadout
    -> 200  (0s)
    User-Agent: supervive-loadout-shim

#1494 22:08:21.766  GET /revival/loadout
    -> 200  (0s)
    User-Agent: supervive-loadout-shim

#1495 22:08:21.942  GET /revival/loadout
    -> 200  (0s)
    User-Agent: supervive-loadout-shim

#1496 22:08:22.209  GET /revival/loadout
    -> 200  (1ms)
    User-Agent: supervive-loadout-shim

#1497 22:08:22.383  GET /revival/loadout
    -> 200  (0s)
    User-Agent: supervive-loadout-shim

#1498 22:08:22.575  GET /revival/loadout
    -> 200  (0s)
    User-Agent: supervive-loadout-shim

#1499 22:08:22.758  GET /revival/loadout
    -> 200  (0s)
    User-Agent: supervive-loadout-shim

#1500 22:08:22.934  GET /revival/loadout
    -> 200  (0s)
    User-Agent: supervive-loadout-shim

#1501 22:08:23.120  GET /revival/loadout
    -> 200  (0s)
    User-Agent: supervive-loadout-shim

#1502 22:08:23.300  GET /revival/loadout
    -> 200  (0s)
    User-Agent: supervive-loadout-shim

#1503 22:08:23.477  GET /revival/loadout
    -> 200  (0s)
    User-Agent: supervive-loadout-shim

#1504 22:08:23.657  GET /revival/loadout
    -> 200  (0s)
    User-Agent: supervive-loadout-shim

#1505 22:08:23.832  GET /revival/loadout
    -> 200  (0s)
    User-Agent: supervive-loadout-shim

#1506 22:08:24.008  GET /revival/loadout
    -> 200  (0s)
    User-Agent: supervive-loadout-shim

#1507 22:08:24.183  GET /revival/loadout
    -> 200  (0s)
    User-Agent: supervive-loadout-shim

#1508 22:08:24.365  GET /revival/loadout
    -> 200  (0s)
    User-Agent: supervive-loadout-shim

#1509 22:08:24.543  GET /revival/loadout
    -> 200  (0s)
    User-Agent: supervive-loadout-shim

#1510 22:08:24.725  GET /revival/loadout
    -> 200  (0s)
    User-Agent: supervive-loadout-shim

#1511 22:08:24.938  GET /revival/loadout
    -> 200  (0s)
    User-Agent: supervive-loadout-shim

#1512 22:08:25.135  GET /revival/loadout
    -> 200  (0s)
    User-Agent: supervive-loadout-shim

#1513 22:08:25.317  GET /revival/loadout
    -> 200  (0s)
    User-Agent: supervive-loadout-shim

#1514 22:08:25.500  GET /revival/loadout
    -> 200  (0s)
    User-Agent: supervive-loadout-shim

#1515 22:08:25.675  GET /revival/loadout
    -> 200  (0s)
    User-Agent: supervive-loadout-shim

#1516 22:08:25.859  GET /revival/loadout
    -> 200  (0s)
    User-Agent: supervive-loadout-shim

#1517 22:08:26.032  GET /revival/loadout
    -> 200  (0s)
    User-Agent: supervive-loadout-shim

#1518 22:08:26.216  GET /revival/loadout
    -> 200  (0s)
    User-Agent: supervive-loadout-shim

#1519 22:08:26.390  GET /revival/loadout
    -> 200  (0s)
    User-Agent: supervive-loadout-shim

#1520 22:08:26.573  GET /revival/loadout
    -> 200  (0s)
    User-Agent: supervive-loadout-shim

#1521 22:08:26.740  GET /revival/loadout
    -> 200  (0s)
    User-Agent: supervive-loadout-shim

#1522 22:08:26.923  GET /revival/loadout
    -> 200  (0s)
    User-Agent: supervive-loadout-shim

#1523 22:08:27.097  GET /revival/loadout
    -> 200  (0s)
    User-Agent: supervive-loadout-shim

#1524 22:08:27.281  GET /revival/loadout
    -> 200  (0s)
    User-Agent: supervive-loadout-shim

#1525 22:08:27.457  GET /revival/loadout
    -> 200  (0s)
    User-Agent: supervive-loadout-shim

#1526 22:08:27.639  GET /revival/loadout
    -> 200  (0s)
    User-Agent: supervive-loadout-shim

#1527 22:08:27.814  GET /revival/loadout
    -> 200  (0s)
    User-Agent: supervive-loadout-shim

#1528 22:08:27.990  GET /revival/loadout
    -> 200  (0s)
    User-Agent: supervive-loadout-shim

#1529 22:08:28.163  GET /revival/loadout
    -> 200  (0s)
    User-Agent: supervive-loadout-shim

#1530 22:08:28.347  GET /revival/loadout
    -> 200  (1ms)
    User-Agent: supervive-loadout-shim

#1531 22:08:28.522  GET /revival/loadout
    -> 200  (0s)
    User-Agent: supervive-loadout-shim

#1532 22:08:28.706  GET /revival/loadout
    -> 200  (0s)
    User-Agent: supervive-loadout-shim

#1533 22:08:28.880  GET /revival/loadout
    -> 200  (0s)
    User-Agent: supervive-loadout-shim

#1534 22:08:29.064  GET /revival/loadout
    -> 200  (0s)
    User-Agent: supervive-loadout-shim

#1535 22:08:29.240  GET /revival/loadout
    -> 200  (0s)
    User-Agent: supervive-loadout-shim

#1536 22:08:29.406  GET /revival/loadout
    -> 200  (0s)
    User-Agent: supervive-loadout-shim

#1537 22:08:29.580  GET /revival/loadout
    -> 200  (0s)
    User-Agent: supervive-loadout-shim

#1538 22:08:29.755  GET /revival/loadout
    -> 200  (0s)
    User-Agent: supervive-loadout-shim

#1539 22:08:29.932  GET /revival/loadout
    -> 200  (0s)
    User-Agent: supervive-loadout-shim

#1540 22:08:30.105  GET /revival/loadout
    -> 200  (0s)
    User-Agent: supervive-loadout-shim

#1541 22:08:30.280  GET /revival/loadout
    -> 200  (0s)
    User-Agent: supervive-loadout-shim

#1542 22:08:30.456  GET /revival/loadout
    -> 200  (0s)
    User-Agent: supervive-loadout-shim

#1543 22:08:30.631  GET /revival/loadout
    -> 200  (0s)
    User-Agent: supervive-loadout-shim

#1544 22:08:30.806  GET /revival/loadout
    -> 200  (0s)
    User-Agent: supervive-loadout-shim

#1545 22:08:30.981  GET /revival/loadout
    -> 200  (0s)
    User-Agent: supervive-loadout-shim

#1546 22:08:31.154  GET /revival/loadout
    -> 200  (0s)
    User-Agent: supervive-loadout-shim

#1547 22:08:31.151  GET /player-stats/players/9b9d2c887e2524f918e383a895f2f1c2
    -> 200  (10ms)
    Accept: */*
    X-Theorycraft-Clientversion: release2.4.live-156430-shipping
    Authorization: Bearer eyJhbGciOiJSUzI1NiIsImtpZCI6InN1cGVydml2ZS1yZXZpdmFsLWtleS0xIiwidHlwIjoiSldUIn0.eyJiYW5zIjpbXSwiY2xpZW50X2lkIjoiYmE4ZmI1OWEzNGJiNDgxYWJjYTA4YzQ2YmE0ODgwMjUiLCJjb3VudHJ5IjoiVVMiLCJkaXNwbGF5X25hbWUiOiJSZXZpdmVyIiwiZXhwIjoxNzg2OTI5MjgzLCJpYXQiOjE3ODY4NDI4ODMsImlzX2NvbXBseSI6dHJ1ZSwiamZsZ3MiOjAsIm5hbWVzcGFjZSI6InN1cGVydml2ZSIsIm5iZiI6MTc4Njg0MjgyMywicGVybWlzc2lvbnMiOlt7IkFjdGlvbiI6MTUsIlJlc291cmNlIjoiTkFNRVNQQUNFOnN1cGVydml2ZToqIn0seyJBY3Rpb24iOjE1LCJSZXNvdXJjZSI6IkFETUlOOk5BTUVTUEFDRTpzdXBlcnZpdmU6KiJ9XSwicm9sZXMiOltdLCJzY29wZSI6ImNvbW1lcmNlIGFjY291bnQgc29jaWFsIHB1Ymxpc2hpbmcgYW5hbHl0aWNzIiwic3ViIjoiOWI5ZDJjODg3ZTI1MjRmOTE4ZTM4M2E4OTVmMmYxYzIiLCJ1bmlxdWVEaXNwbGF5TmFtZSI6IlJldml2ZXIjMDAwMSIsInVuaXF1ZV9kaXNwbGF5X25hbWUiOiJSZXZpdmVyIzAwMDEifQ.fv8xRcCKsGH-kO-Yy5UkjIPChaqt0XYnodWf6hdS9uvwgLBx_Gpa6LtecHNO-sBxhNPFiTKP9dX9Vt7yMu-Z2L8x2NIYZSvJXh40Ti4JY4OCIKzNCZ-YroW2-mPGnTu0jObkHPxrOs8nMbQ1S2Hi3HfrJfBHW0DD2Mm_lj8eplsA1NBAf-F9J2DlvHPr9kizT9wglS9ihvwZNO1BzZRUmktpPOIJ9CVv6co8pPXv-Wflq_6jaSTwOMwqVFHrCD8lO4aYOVGBrPvv5hex5JJgstKYqepEYKv8fxQNbyzSoWGDQOqnxcv5hsjkdXZI29YJnzEWQdRhUjt3Y6Bxnjgp-A
    User-Agent: Loki/UE5-CL-0 (http-legacy) Windows/10.0.19045.1.256.64bit

#1548 22:08:31.330  GET /revival/loadout
    -> 200  (0s)
    User-Agent: supervive-loadout-shim

#1549 22:08:31.507  GET /revival/loadout
    -> 200  (0s)
    User-Agent: supervive-loadout-shim

#1550 22:08:31.680  GET /revival/loadout
    -> 200  (0s)
    User-Agent: supervive-loadout-shim

#1551 22:08:31.855  GET /revival/loadout
    -> 200  (0s)
    User-Agent: supervive-loadout-shim

#1552 22:08:32.047  GET /revival/loadout
    -> 200  (1ms)
    User-Agent: supervive-loadout-shim

#1553 22:08:32.189  GET /mailbox/config/version
    -> 200  (0s)
    Accept: */*
    X-Theorycraft-Clientversion: release2.4.live-156430-shipping
    Authorization: Bearer eyJhbGciOiJSUzI1NiIsImtpZCI6InN1cGVydml2ZS1yZXZpdmFsLWtleS0xIiwidHlwIjoiSldUIn0.eyJiYW5zIjpbXSwiY2xpZW50X2lkIjoiYmE4ZmI1OWEzNGJiNDgxYWJjYTA4YzQ2YmE0ODgwMjUiLCJjb3VudHJ5IjoiVVMiLCJkaXNwbGF5X25hbWUiOiJSZXZpdmVyIiwiZXhwIjoxNzg2OTI5MjgzLCJpYXQiOjE3ODY4NDI4ODMsImlzX2NvbXBseSI6dHJ1ZSwiamZsZ3MiOjAsIm5hbWVzcGFjZSI6InN1cGVydml2ZSIsIm5iZiI6MTc4Njg0MjgyMywicGVybWlzc2lvbnMiOlt7IkFjdGlvbiI6MTUsIlJlc291cmNlIjoiTkFNRVNQQUNFOnN1cGVydml2ZToqIn0seyJBY3Rpb24iOjE1LCJSZXNvdXJjZSI6IkFETUlOOk5BTUVTUEFDRTpzdXBlcnZpdmU6KiJ9XSwicm9sZXMiOltdLCJzY29wZSI6ImNvbW1lcmNlIGFjY291bnQgc29jaWFsIHB1Ymxpc2hpbmcgYW5hbHl0aWNzIiwic3ViIjoiOWI5ZDJjODg3ZTI1MjRmOTE4ZTM4M2E4OTVmMmYxYzIiLCJ1bmlxdWVEaXNwbGF5TmFtZSI6IlJldml2ZXIjMDAwMSIsInVuaXF1ZV9kaXNwbGF5X25hbWUiOiJSZXZpdmVyIzAwMDEifQ.fv8xRcCKsGH-kO-Yy5UkjIPChaqt0XYnodWf6hdS9uvwgLBx_Gpa6LtecHNO-sBxhNPFiTKP9dX9Vt7yMu-Z2L8x2NIYZSvJXh40Ti4JY4OCIKzNCZ-YroW2-mPGnTu0jObkHPxrOs8nMbQ1S2Hi3HfrJfBHW0DD2Mm_lj8eplsA1NBAf-F9J2DlvHPr9kizT9wglS9ihvwZNO1BzZRUmktpPOIJ9CVv6co8pPXv-Wflq_6jaSTwOMwqVFHrCD8lO4aYOVGBrPvv5hex5JJgstKYqepEYKv8fxQNbyzSoWGDQOqnxcv5hsjkdXZI29YJnzEWQdRhUjt3Y6Bxnjgp-A
    User-Agent: Loki/UE5-CL-0 (http-legacy) Windows/10.0.19045.1.256.64bit

#1554 22:08:32.189  GET /party/matchmaking/info
    -> 200  (1ms)
    Accept: */*
    Authorization: Bearer eyJhbGciOiJSUzI1NiIsImtpZCI6InN1cGVydml2ZS1yZXZpdmFsLWtleS0xIiwidHlwIjoiSldUIn0.eyJiYW5zIjpbXSwiY2xpZW50X2lkIjoiYmE4ZmI1OWEzNGJiNDgxYWJjYTA4YzQ2YmE0ODgwMjUiLCJjb3VudHJ5IjoiVVMiLCJkaXNwbGF5X25hbWUiOiJSZXZpdmVyIiwiZXhwIjoxNzg2OTI5MjgzLCJpYXQiOjE3ODY4NDI4ODMsImlzX2NvbXBseSI6dHJ1ZSwiamZsZ3MiOjAsIm5hbWVzcGFjZSI6InN1cGVydml2ZSIsIm5iZiI6MTc4Njg0MjgyMywicGVybWlzc2lvbnMiOlt7IkFjdGlvbiI6MTUsIlJlc291cmNlIjoiTkFNRVNQQUNFOnN1cGVydml2ZToqIn0seyJBY3Rpb24iOjE1LCJSZXNvdXJjZSI6IkFETUlOOk5BTUVTUEFDRTpzdXBlcnZpdmU6KiJ9XSwicm9sZXMiOltdLCJzY29wZSI6ImNvbW1lcmNlIGFjY291bnQgc29jaWFsIHB1Ymxpc2hpbmcgYW5hbHl0aWNzIiwic3ViIjoiOWI5ZDJjODg3ZTI1MjRmOTE4ZTM4M2E4OTVmMmYxYzIiLCJ1bmlxdWVEaXNwbGF5TmFtZSI6IlJldml2ZXIjMDAwMSIsInVuaXF1ZV9kaXNwbGF5X25hbWUiOiJSZXZpdmVyIzAwMDEifQ.fv8xRcCKsGH-kO-Yy5UkjIPChaqt0XYnodWf6hdS9uvwgLBx_Gpa6LtecHNO-sBxhNPFiTKP9dX9Vt7yMu-Z2L8x2NIYZSvJXh40Ti4JY4OCIKzNCZ-YroW2-mPGnTu0jObkHPxrOs8nMbQ1S2Hi3HfrJfBHW0DD2Mm_lj8eplsA1NBAf-F9J2DlvHPr9kizT9wglS9ihvwZNO1BzZRUmktpPOIJ9CVv6co8pPXv-Wflq_6jaSTwOMwqVFHrCD8lO4aYOVGBrPvv5hex5JJgstKYqepEYKv8fxQNbyzSoWGDQOqnxcv5hsjkdXZI29YJnzEWQdRhUjt3Y6Bxnjgp-A
    X-Theorycraft-Clientversion: release2.4.live-156430-shipping
    User-Agent: Loki/UE5-CL-0 (http-legacy) Windows/10.0.19045.1.256.64bit

#1555 22:08:32.222  GET /revival/loadout
    -> 200  (0s)
    User-Agent: supervive-loadout-shim

#1556 22:08:32.413  GET /revival/loadout
    -> 200  (0s)
    User-Agent: supervive-loadout-shim

#1557 22:08:32.588  GET /revival/loadout
    -> 200  (0s)
    User-Agent: supervive-loadout-shim

#1558 22:08:32.762  GET /revival/loadout
    -> 200  (1ms)
    User-Agent: supervive-loadout-shim

#1559 22:08:32.938  GET /revival/loadout
    -> 200  (0s)
    User-Agent: supervive-loadout-shim

#1560 22:08:33.159  GET /revival/loadout
    -> 200  (0s)
    User-Agent: supervive-loadout-shim

#1561 22:08:33.343  GET /revival/loadout
    -> 200  (0s)
    User-Agent: supervive-loadout-shim

#1562 22:08:33.520  GET /revival/loadout
    -> 200  (0s)
    User-Agent: supervive-loadout-shim

#1563 22:08:33.696  GET /revival/loadout
    -> 200  (0s)
    User-Agent: supervive-loadout-shim

#1564 22:08:33.867  GET /configuration/client?language=en
    -> 200  (0s)
    Authorization: Bearer eyJhbGciOiJSUzI1NiIsImtpZCI6InN1cGVydml2ZS1yZXZpdmFsLWtleS0xIiwidHlwIjoiSldUIn0.eyJiYW5zIjpbXSwiY2xpZW50X2lkIjoiYmE4ZmI1OWEzNGJiNDgxYWJjYTA4YzQ2YmE0ODgwMjUiLCJjb3VudHJ5IjoiVVMiLCJkaXNwbGF5X25hbWUiOiJSZXZpdmVyIiwiZXhwIjoxNzg2OTI5MjgzLCJpYXQiOjE3ODY4NDI4ODMsImlzX2NvbXBseSI6dHJ1ZSwiamZsZ3MiOjAsIm5hbWVzcGFjZSI6InN1cGVydml2ZSIsIm5iZiI6MTc4Njg0MjgyMywicGVybWlzc2lvbnMiOlt7IkFjdGlvbiI6MTUsIlJlc291cmNlIjoiTkFNRVNQQUNFOnN1cGVydml2ZToqIn0seyJBY3Rpb24iOjE1LCJSZXNvdXJjZSI6IkFETUlOOk5BTUVTUEFDRTpzdXBlcnZpdmU6KiJ9XSwicm9sZXMiOltdLCJzY29wZSI6ImNvbW1lcmNlIGFjY291bnQgc29jaWFsIHB1Ymxpc2hpbmcgYW5hbHl0aWNzIiwic3ViIjoiOWI5ZDJjODg3ZTI1MjRmOTE4ZTM4M2E4OTVmMmYxYzIiLCJ1bmlxdWVEaXNwbGF5TmFtZSI6IlJldml2ZXIjMDAwMSIsInVuaXF1ZV9kaXNwbGF5X25hbWUiOiJSZXZpdmVyIzAwMDEifQ.fv8xRcCKsGH-kO-Yy5UkjIPChaqt0XYnodWf6hdS9uvwgLBx_Gpa6LtecHNO-sBxhNPFiTKP9dX9Vt7yMu-Z2L8x2NIYZSvJXh40Ti4JY4OCIKzNCZ-YroW2-mPGnTu0jObkHPxrOs8nMbQ1S2Hi3HfrJfBHW0DD2Mm_lj8eplsA1NBAf-F9J2DlvHPr9kizT9wglS9ihvwZNO1BzZRUmktpPOIJ9CVv6co8pPXv-Wflq_6jaSTwOMwqVFHrCD8lO4aYOVGBrPvv5hex5JJgstKYqepEYKv8fxQNbyzSoWGDQOqnxcv5hsjkdXZI29YJnzEWQdRhUjt3Y6Bxnjgp-A
    User-Agent: Loki/UE5-CL-0 (http-legacy) Windows/10.0.19045.1.256.64bit
    Accept: */*
    X-Theorycraft-Clientversion: release2.4.live-156430-shipping

#1565 22:08:33.870  GET /revival/loadout
    -> 200  (0s)
    User-Agent: supervive-loadout-shim

#1566 22:08:33.942  GET /content-service/manifest/release2.4.live-156430-shipping?nonEnabledOnly=true
    -> 200  (0s)
    X-Theorycraft-Clientversion: release2.4.live-156430-shipping
    Authorization: Bearer eyJhbGciOiJSUzI1NiIsImtpZCI6InN1cGVydml2ZS1yZXZpdmFsLWtleS0xIiwidHlwIjoiSldUIn0.eyJiYW5zIjpbXSwiY2xpZW50X2lkIjoiYmE4ZmI1OWEzNGJiNDgxYWJjYTA4YzQ2YmE0ODgwMjUiLCJjb3VudHJ5IjoiVVMiLCJkaXNwbGF5X25hbWUiOiJSZXZpdmVyIiwiZXhwIjoxNzg2OTI5MjgzLCJpYXQiOjE3ODY4NDI4ODMsImlzX2NvbXBseSI6dHJ1ZSwiamZsZ3MiOjAsIm5hbWVzcGFjZSI6InN1cGVydml2ZSIsIm5iZiI6MTc4Njg0MjgyMywicGVybWlzc2lvbnMiOlt7IkFjdGlvbiI6MTUsIlJlc291cmNlIjoiTkFNRVNQQUNFOnN1cGVydml2ZToqIn0seyJBY3Rpb24iOjE1LCJSZXNvdXJjZSI6IkFETUlOOk5BTUVTUEFDRTpzdXBlcnZpdmU6KiJ9XSwicm9sZXMiOltdLCJzY29wZSI6ImNvbW1lcmNlIGFjY291bnQgc29jaWFsIHB1Ymxpc2hpbmcgYW5hbHl0aWNzIiwic3ViIjoiOWI5ZDJjODg3ZTI1MjRmOTE4ZTM4M2E4OTVmMmYxYzIiLCJ1bmlxdWVEaXNwbGF5TmFtZSI6IlJldml2ZXIjMDAwMSIsInVuaXF1ZV9kaXNwbGF5X25hbWUiOiJSZXZpdmVyIzAwMDEifQ.fv8xRcCKsGH-kO-Yy5UkjIPChaqt0XYnodWf6hdS9uvwgLBx_Gpa6LtecHNO-sBxhNPFiTKP9dX9Vt7yMu-Z2L8x2NIYZSvJXh40Ti4JY4OCIKzNCZ-YroW2-mPGnTu0jObkHPxrOs8nMbQ1S2Hi3HfrJfBHW0DD2Mm_lj8eplsA1NBAf-F9J2DlvHPr9kizT9wglS9ihvwZNO1BzZRUmktpPOIJ9CVv6co8pPXv-Wflq_6jaSTwOMwqVFHrCD8lO4aYOVGBrPvv5hex5JJgstKYqepEYKv8fxQNbyzSoWGDQOqnxcv5hsjkdXZI29YJnzEWQdRhUjt3Y6Bxnjgp-A
    User-Agent: Loki/UE5-CL-0 (http-legacy) Windows/10.0.19045.1.256.64bit
    Accept: */*

#1567 22:08:34.079  GET /revival/loadout
    -> 200  (0s)
    User-Agent: supervive-loadout-shim

* 22:08:34.243  WS <- /lobby TEXT ""

#1568 22:08:34.254  GET /revival/loadout
    -> 200  (0s)
    User-Agent: supervive-loadout-shim

#1569 22:08:34.454  GET /revival/loadout
    -> 200  (0s)
    User-Agent: supervive-loadout-shim

#1570 22:08:34.637  GET /revival/loadout
    -> 200  (0s)
    User-Agent: supervive-loadout-shim

#1571 22:08:34.812  GET /revival/loadout
    -> 200  (0s)
    User-Agent: supervive-loadout-shim

#1572 22:08:34.995  GET /revival/loadout
    -> 200  (0s)
    User-Agent: supervive-loadout-shim

#1573 22:08:35.170  GET /revival/loadout
    -> 200  (1ms)
    User-Agent: supervive-loadout-shim

#1574 22:08:35.354  GET /revival/loadout
    -> 200  (0s)
    User-Agent: supervive-loadout-shim

#1575 22:08:35.529  GET /revival/loadout
    -> 200  (0s)
    User-Agent: supervive-loadout-shim

#1576 22:08:35.713  GET /revival/loadout
    -> 200  (0s)
    User-Agent: supervive-loadout-shim

#1577 22:08:35.893  GET /revival/loadout
    -> 200  (0s)
    User-Agent: supervive-loadout-shim

#1578 22:08:36.078  GET /revival/loadout
    -> 200  (0s)
    User-Agent: supervive-loadout-shim

#1579 22:08:36.243  GET /revival/loadout
    -> 200  (1ms)
    User-Agent: supervive-loadout-shim

#1580 22:08:36.428  GET /revival/loadout
    -> 200  (0s)
    User-Agent: supervive-loadout-shim

#1581 22:08:36.603  GET /revival/loadout
    -> 200  (0s)
    User-Agent: supervive-loadout-shim

#1582 22:08:36.785  GET /revival/loadout
    -> 200  (0s)
    User-Agent: supervive-loadout-shim

#1583 22:08:36.977  GET /revival/loadout
    -> 200  (0s)
    User-Agent: supervive-loadout-shim

#1584 22:08:37.161  GET /revival/loadout
    -> 200  (0s)
    User-Agent: supervive-loadout-shim

* 22:08:37.206  WS <- /notifications/players/9b9d2c887e2524f918e383a895f2f1c2 BINARY (2 bytes) 6862

* 22:08:37.234  WS -> /notifications/players/9b9d2c887e2524f918e383a895f2f1c2 TEXT hb reply {"Resource":"hb","Version":0,"Payload":""}

#1585 22:08:37.343  GET /revival/loadout
    -> 200  (1ms)
    User-Agent: supervive-loadout-shim

#1586 22:08:37.519  GET /revival/loadout
    -> 200  (0s)
    User-Agent: supervive-loadout-shim

#1587 22:08:37.702  GET /revival/loadout
    -> 200  (0s)
    User-Agent: supervive-loadout-shim

#1588 22:08:37.885  GET /revival/loadout
    -> 200  (0s)
    User-Agent: supervive-loadout-shim

#1589 22:08:38.069  GET /revival/loadout
    -> 200  (0s)
    User-Agent: supervive-loadout-shim

#1590 22:08:38.252  GET /revival/loadout
    -> 200  (0s)
    User-Agent: supervive-loadout-shim

#1591 22:08:38.435  GET /revival/loadout
    -> 200  (0s)
    User-Agent: supervive-loadout-shim

#1592 22:08:38.618  GET /revival/loadout
    -> 200  (0s)
    User-Agent: supervive-loadout-shim

#1593 22:08:38.817  GET /revival/loadout
    -> 200  (0s)
    User-Agent: supervive-loadout-shim

#1594 22:08:38.993  GET /revival/loadout
    -> 200  (0s)
    User-Agent: supervive-loadout-shim

#1595 22:08:39.169  GET /revival/loadout
    -> 200  (0s)
    User-Agent: supervive-loadout-shim

#1596 22:08:39.352  GET /revival/loadout
    -> 200  (0s)
    User-Agent: supervive-loadout-shim

#1597 22:08:39.536  GET /revival/loadout
    -> 200  (0s)
    User-Agent: supervive-loadout-shim

#1598 22:08:39.728  GET /revival/loadout
    -> 200  (0s)
    User-Agent: supervive-loadout-shim

#1599 22:08:39.915  GET /revival/loadout
    -> 200  (0s)
    User-Agent: supervive-loadout-shim

#1600 22:08:40.105  GET /revival/loadout
    -> 200  (0s)
    User-Agent: supervive-loadout-shim

#1601 22:08:40.287  GET /revival/loadout
    -> 200  (0s)
    User-Agent: supervive-loadout-shim

#1602 22:08:40.480  GET /revival/loadout
    -> 200  (0s)
    User-Agent: supervive-loadout-shim

#1603 22:08:40.663  GET /revival/loadout
    -> 200  (0s)
    User-Agent: supervive-loadout-shim

#1604 22:08:40.847  GET /revival/loadout
    -> 200  (0s)
    User-Agent: supervive-loadout-shim

#1605 22:08:41.026  GET /revival/loadout
    -> 200  (0s)
    User-Agent: supervive-loadout-shim

#1606 22:08:41.282  GET /revival/loadout
    -> 200  (0s)
    User-Agent: supervive-loadout-shim

#1607 22:08:41.482  GET /revival/loadout
    -> 200  (0s)
    User-Agent: supervive-loadout-shim

#1608 22:08:41.660  GET /revival/loadout
    -> 200  (0s)
    User-Agent: supervive-loadout-shim

#1609 22:08:41.683  POST /game-telemetry/v1/protected/events
    -> 200  (0s)
    Accept: application/json
    Game-Client-Version: 1.0.0.0
    User-Agent: Loki/UE5-CL-0 (http-legacy) Windows/10.0.19045.1.256.64bit
    Authorization: Bearer eyJhbGciOiJSUzI1NiIsImtpZCI6InN1cGVydml2ZS1yZXZpdmFsLWtleS0xIiwidHlwIjoiSldUIn0.eyJiYW5zIjpbXSwiY2xpZW50X2lkIjoiYmE4ZmI1OWEzNGJiNDgxYWJjYTA4YzQ2YmE0ODgwMjUiLCJjb3VudHJ5IjoiVVMiLCJkaXNwbGF5X25hbWUiOiJSZXZpdmVyIiwiZXhwIjoxNzg2OTI5MjgzLCJpYXQiOjE3ODY4NDI4ODMsImlzX2NvbXBseSI6dHJ1ZSwiamZsZ3MiOjAsIm5hbWVzcGFjZSI6InN1cGVydml2ZSIsIm5iZiI6MTc4Njg0MjgyMywicGVybWlzc2lvbnMiOlt7IkFjdGlvbiI6MTUsIlJlc291cmNlIjoiTkFNRVNQQUNFOnN1cGVydml2ZToqIn0seyJBY3Rpb24iOjE1LCJSZXNvdXJjZSI6IkFETUlOOk5BTUVTUEFDRTpzdXBlcnZpdmU6KiJ9XSwicm9sZXMiOltdLCJzY29wZSI6ImNvbW1lcmNlIGFjY291bnQgc29jaWFsIHB1Ymxpc2hpbmcgYW5hbHl0aWNzIiwic3ViIjoiOWI5ZDJjODg3ZTI1MjRmOTE4ZTM4M2E4OTVmMmYxYzIiLCJ1bmlxdWVEaXNwbGF5TmFtZSI6IlJldml2ZXIjMDAwMSIsInVuaXF1ZV9kaXNwbGF5X25hbWUiOiJSZXZpdmVyIzAwMDEifQ.fv8xRcCKsGH-kO-Yy5UkjIPChaqt0XYnodWf6hdS9uvwgLBx_Gpa6LtecHNO-sBxhNPFiTKP9dX9Vt7yMu-Z2L8x2NIYZSvJXh40Ti4JY4OCIKzNCZ-YroW2-mPGnTu0jObkHPxrOs8nMbQ1S2Hi3HfrJfBHW0DD2Mm_lj8eplsA1NBAf-F9J2DlvHPr9kizT9wglS9ihvwZNO1BzZRUmktpPOIJ9CVv6co8pPXv-Wflq_6jaSTwOMwqVFHrCD8lO4aYOVGBrPvv5hex5JJgstKYqepEYKv8fxQNbyzSoWGDQOqnxcv5hsjkdXZI29YJnzEWQdRhUjt3Y6Bxnjgp-A
    Content-Type: application/json
    body: [
	{
		"EventNamespace": "loki",
		"EventName": "client_network_samples_snapshot",
		"Payload":
		{
			"sessionId": "96103a7341a019677b2c239ad381e488",
			"PlayerId": "9b9d2c887e2524f918e383a895f2f1c2",
			"timestamp": "2026-08-16T03:07:48.019Z",
			"inAveragePacketLoss": 0,
			"outAveragePacketLoss": 0,
			"HardwareId": "c1795a173f53c6f72e8b0125f11309c6"
		},
		"ClientTimestamp": "2026-08-16T03:08:40.268Z",
		"flightId": "fe0275c749fce947c3902a860f491a1d",
		"DeviceType": "Windows"
	}
]

#1610 22:08:41.845  GET /revival/loadout
    -> 200  (0s)
    User-Agent: supervive-loadout-shim

#1611 22:08:42.025  GET /revival/loadout
    -> 200  (0s)
    User-Agent: supervive-loadout-shim

#1612 22:08:42.200  GET /revival/loadout
    -> 200  (0s)
    User-Agent: supervive-loadout-shim

#1613 22:08:42.394  GET /revival/loadout
    -> 200  (0s)
    User-Agent: supervive-loadout-shim

#1614 22:08:42.576  GET /revival/loadout
    -> 200  (0s)
    User-Agent: supervive-loadout-shim

#1615 22:08:42.761  GET /revival/loadout
    -> 200  (0s)
    User-Agent: supervive-loadout-shim

#1616 22:08:42.867  GET /party/players/9b9d2c887e2524f918e383a895f2f1c2/voice
    -> 200  (0s)
    Accept: */*
    X-Theorycraft-Clientversion: release2.4.live-156430-shipping
    Authorization: Bearer eyJhbGciOiJSUzI1NiIsImtpZCI6InN1cGVydml2ZS1yZXZpdmFsLWtleS0xIiwidHlwIjoiSldUIn0.eyJiYW5zIjpbXSwiY2xpZW50X2lkIjoiYmE4ZmI1OWEzNGJiNDgxYWJjYTA4YzQ2YmE0ODgwMjUiLCJjb3VudHJ5IjoiVVMiLCJkaXNwbGF5X25hbWUiOiJSZXZpdmVyIiwiZXhwIjoxNzg2OTI5MjgzLCJpYXQiOjE3ODY4NDI4ODMsImlzX2NvbXBseSI6dHJ1ZSwiamZsZ3MiOjAsIm5hbWVzcGFjZSI6InN1cGVydml2ZSIsIm5iZiI6MTc4Njg0MjgyMywicGVybWlzc2lvbnMiOlt7IkFjdGlvbiI6MTUsIlJlc291cmNlIjoiTkFNRVNQQUNFOnN1cGVydml2ZToqIn0seyJBY3Rpb24iOjE1LCJSZXNvdXJjZSI6IkFETUlOOk5BTUVTUEFDRTpzdXBlcnZpdmU6KiJ9XSwicm9sZXMiOltdLCJzY29wZSI6ImNvbW1lcmNlIGFjY291bnQgc29jaWFsIHB1Ymxpc2hpbmcgYW5hbHl0aWNzIiwic3ViIjoiOWI5ZDJjODg3ZTI1MjRmOTE4ZTM4M2E4OTVmMmYxYzIiLCJ1bmlxdWVEaXNwbGF5TmFtZSI6IlJldml2ZXIjMDAwMSIsInVuaXF1ZV9kaXNwbGF5X25hbWUiOiJSZXZpdmVyIzAwMDEifQ.fv8xRcCKsGH-kO-Yy5UkjIPChaqt0XYnodWf6hdS9uvwgLBx_Gpa6LtecHNO-sBxhNPFiTKP9dX9Vt7yMu-Z2L8x2NIYZSvJXh40Ti4JY4OCIKzNCZ-YroW2-mPGnTu0jObkHPxrOs8nMbQ1S2Hi3HfrJfBHW0DD2Mm_lj8eplsA1NBAf-F9J2DlvHPr9kizT9wglS9ihvwZNO1BzZRUmktpPOIJ9CVv6co8pPXv-Wflq_6jaSTwOMwqVFHrCD8lO4aYOVGBrPvv5hex5JJgstKYqepEYKv8fxQNbyzSoWGDQOqnxcv5hsjkdXZI29YJnzEWQdRhUjt3Y6Bxnjgp-A
    User-Agent: Loki/UE5-CL-0 (http-legacy) Windows/10.0.19045.1.256.64bit

#1617 22:08:43.003  GET /revival/loadout
    -> 200  (0s)
    User-Agent: supervive-loadout-shim

#1618 22:08:43.186  GET /revival/loadout
    -> 200  (0s)
    User-Agent: supervive-loadout-shim

#1619 22:08:43.380  GET /revival/loadout
    -> 200  (0s)
    User-Agent: supervive-loadout-shim

#1620 22:08:43.573  GET /revival/loadout
    -> 200  (0s)
    User-Agent: supervive-loadout-shim

#1621 22:08:43.762  GET /revival/loadout
    -> 200  (0s)
    User-Agent: supervive-loadout-shim

#1622 22:08:43.944  GET /revival/loadout
    -> 200  (0s)
    User-Agent: supervive-loadout-shim

#1623 22:08:44.144  GET /revival/loadout
    -> 200  (0s)
    User-Agent: supervive-loadout-shim

#1624 22:08:44.337  GET /revival/loadout
    -> 200  (0s)
    User-Agent: supervive-loadout-shim

#1625 22:08:44.533  GET /revival/loadout
    -> 200  (0s)
    User-Agent: supervive-loadout-shim

#1626 22:08:44.733  GET /revival/loadout
    -> 200  (0s)
    User-Agent: supervive-loadout-shim

#1627 22:08:44.920  GET /revival/loadout
    -> 200  (0s)
    User-Agent: supervive-loadout-shim

#1628 22:08:45.099  GET /revival/loadout
    -> 200  (0s)
    User-Agent: supervive-loadout-shim

#1629 22:08:45.286  GET /revival/loadout
    -> 200  (0s)
    User-Agent: supervive-loadout-shim

#1630 22:08:45.456  POST /party/parties/party-9b9d2c887e2524f918e383a895f2f1c2/members/9b9d2c887e2524f918e383a895f2f1c2/latencies
    -> 200  (0s)
    User-Agent: Loki/UE5-CL-0 (http-legacy) Windows/10.0.19045.1.256.64bit
    Accept: */*
    X-Theorycraft-Clientversion: release2.4.live-156430-shipping
    Authorization: Bearer eyJhbGciOiJSUzI1NiIsImtpZCI6InN1cGVydml2ZS1yZXZpdmFsLWtleS0xIiwidHlwIjoiSldUIn0.eyJiYW5zIjpbXSwiY2xpZW50X2lkIjoiYmE4ZmI1OWEzNGJiNDgxYWJjYTA4YzQ2YmE0ODgwMjUiLCJjb3VudHJ5IjoiVVMiLCJkaXNwbGF5X25hbWUiOiJSZXZpdmVyIiwiZXhwIjoxNzg2OTI5MjgzLCJpYXQiOjE3ODY4NDI4ODMsImlzX2NvbXBseSI6dHJ1ZSwiamZsZ3MiOjAsIm5hbWVzcGFjZSI6InN1cGVydml2ZSIsIm5iZiI6MTc4Njg0MjgyMywicGVybWlzc2lvbnMiOlt7IkFjdGlvbiI6MTUsIlJlc291cmNlIjoiTkFNRVNQQUNFOnN1cGVydml2ZToqIn0seyJBY3Rpb24iOjE1LCJSZXNvdXJjZSI6IkFETUlOOk5BTUVTUEFDRTpzdXBlcnZpdmU6KiJ9XSwicm9sZXMiOltdLCJzY29wZSI6ImNvbW1lcmNlIGFjY291bnQgc29jaWFsIHB1Ymxpc2hpbmcgYW5hbHl0aWNzIiwic3ViIjoiOWI5ZDJjODg3ZTI1MjRmOTE4ZTM4M2E4OTVmMmYxYzIiLCJ1bmlxdWVEaXNwbGF5TmFtZSI6IlJldml2ZXIjMDAwMSIsInVuaXF1ZV9kaXNwbGF5X25hbWUiOiJSZXZpdmVyIzAwMDEifQ.fv8xRcCKsGH-kO-Yy5UkjIPChaqt0XYnodWf6hdS9uvwgLBx_Gpa6LtecHNO-sBxhNPFiTKP9dX9Vt7yMu-Z2L8x2NIYZSvJXh40Ti4JY4OCIKzNCZ-YroW2-mPGnTu0jObkHPxrOs8nMbQ1S2Hi3HfrJfBHW0DD2Mm_lj8eplsA1NBAf-F9J2DlvHPr9kizT9wglS9ihvwZNO1BzZRUmktpPOIJ9CVv6co8pPXv-Wflq_6jaSTwOMwqVFHrCD8lO4aYOVGBrPvv5hex5JJgstKYqepEYKv8fxQNbyzSoWGDQOqnxcv5hsjkdXZI29YJnzEWQdRhUjt3Y6Bxnjgp-A
    Content-Type: application/json
    body: {"latencies":[{"host":"127.0.0.1","region":"us-east-1","route":"default","avgLatency":0}]}

#1631 22:08:45.468  GET /revival/loadout
    -> 200  (0s)
    User-Agent: supervive-loadout-shim

#1632 22:08:45.859  GET /revival/loadout
    -> 200  (0s)
    User-Agent: supervive-loadout-shim

#1633 22:08:46.174  GET /revival/loadout
    -> 200  (0s)
    User-Agent: supervive-loadout-shim

#1634 22:08:46.410  GET /revival/loadout
    -> 200  (0s)
    User-Agent: supervive-loadout-shim

#1635 22:08:46.611  GET /revival/loadout
    -> 200  (0s)
    User-Agent: supervive-loadout-shim

#1636 22:08:46.796  GET /revival/loadout
    -> 200  (0s)
    User-Agent: supervive-loadout-shim

#1637 22:08:46.981  GET /revival/loadout
    -> 200  (0s)
    User-Agent: supervive-loadout-shim

#1638 22:08:47.216  GET /revival/loadout
    -> 200  (0s)
    User-Agent: supervive-loadout-shim

#1639 22:08:47.423  GET /revival/loadout
    -> 200  (1ms)
    User-Agent: supervive-loadout-shim

#1640 22:08:47.618  GET /revival/loadout
    -> 200  (0s)
    User-Agent: supervive-loadout-shim

#1641 22:08:47.799  GET /revival/loadout
    -> 200  (0s)
    User-Agent: supervive-loadout-shim

#1642 22:08:47.985  GET /revival/loadout
    -> 200  (0s)
    User-Agent: supervive-loadout-shim

#1643 22:08:48.165  GET /revival/loadout
    -> 200  (0s)
    User-Agent: supervive-loadout-shim

#1644 22:08:48.351  GET /revival/loadout
    -> 200  (0s)
    User-Agent: supervive-loadout-shim

#1645 22:08:48.531  GET /revival/loadout
    -> 200  (0s)
    User-Agent: supervive-loadout-shim

#1646 22:08:48.717  GET /revival/loadout
    -> 200  (0s)
    User-Agent: supervive-loadout-shim

#1647 22:08:48.919  GET /revival/loadout
    -> 200  (0s)
    User-Agent: supervive-loadout-shim

#1648 22:08:49.101  GET /revival/loadout
    -> 200  (0s)
    User-Agent: supervive-loadout-shim

#1649 22:08:49.302  GET /revival/loadout
    -> 200  (0s)
    User-Agent: supervive-loadout-shim

#1650 22:08:49.487  GET /revival/loadout
    -> 200  (0s)
    User-Agent: supervive-loadout-shim

#1651 22:08:49.679  GET /revival/loadout
    -> 200  (0s)
    User-Agent: supervive-loadout-shim

#1652 22:08:49.872  GET /revival/loadout
    -> 200  (0s)
    User-Agent: supervive-loadout-shim

#1653 22:08:50.057  GET /revival/loadout
    -> 200  (0s)
    User-Agent: supervive-loadout-shim

#1654 22:08:50.263  GET /revival/loadout
    -> 200  (0s)
    User-Agent: supervive-loadout-shim

#1655 22:08:50.475  GET /revival/loadout
    -> 200  (0s)
    User-Agent: supervive-loadout-shim

#1656 22:08:50.655  GET /revival/loadout
    -> 200  (0s)
    User-Agent: supervive-loadout-shim

#1657 22:08:50.839  GET /revival/loadout
    -> 200  (0s)
    User-Agent: supervive-loadout-shim

#1658 22:08:51.022  GET /revival/loadout
    -> 200  (0s)
    User-Agent: supervive-loadout-shim

#1659 22:08:51.208  GET /revival/loadout
    -> 200  (0s)
    User-Agent: supervive-loadout-shim

#1660 22:08:51.394  GET /revival/loadout
    -> 200  (0s)
    User-Agent: supervive-loadout-shim

#1661 22:08:51.578  GET /revival/loadout
    -> 200  (0s)
    User-Agent: supervive-loadout-shim

#1662 22:08:51.761  GET /revival/loadout
    -> 200  (0s)
    User-Agent: supervive-loadout-shim

#1663 22:08:51.941  GET /revival/loadout
    -> 200  (0s)
    User-Agent: supervive-loadout-shim

#1664 22:08:52.129  GET /revival/loadout
    -> 200  (0s)
    User-Agent: supervive-loadout-shim

#1665 22:08:52.319  GET /revival/loadout
    -> 200  (0s)
    User-Agent: supervive-loadout-shim

#1666 22:08:52.519  GET /revival/loadout
    -> 200  (1ms)
    User-Agent: supervive-loadout-shim

#1667 22:08:52.712  GET /revival/loadout
    -> 200  (0s)
    User-Agent: supervive-loadout-shim

#1668 22:08:52.931  GET /revival/loadout
    -> 200  (0s)
    User-Agent: supervive-loadout-shim

#1669 22:08:53.165  GET /revival/loadout
    -> 200  (0s)
    User-Agent: supervive-loadout-shim

#1670 22:08:53.347  GET /revival/loadout
    -> 200  (0s)
    User-Agent: supervive-loadout-shim

#1671 22:08:53.532  GET /revival/loadout
    -> 200  (0s)
    User-Agent: supervive-loadout-shim

#1672 22:08:53.715  GET /revival/loadout
    -> 200  (0s)
    User-Agent: supervive-loadout-shim

#1673 22:08:53.897  GET /revival/loadout
    -> 200  (0s)
    User-Agent: supervive-loadout-shim

#1674 22:08:54.079  GET /revival/loadout
    -> 200  (0s)
    User-Agent: supervive-loadout-shim

#1675 22:08:54.264  GET /revival/loadout
    -> 200  (0s)
    User-Agent: supervive-loadout-shim

#1676 22:08:54.503  GET /revival/loadout
    -> 200  (0s)
    User-Agent: supervive-loadout-shim

#1677 22:08:54.690  GET /revival/loadout
    -> 200  (0s)
    User-Agent: supervive-loadout-shim

#1678 22:08:54.894  GET /revival/loadout
    -> 200  (0s)
    User-Agent: supervive-loadout-shim

#1679 22:08:55.134  GET /revival/loadout
    -> 200  (0s)
    User-Agent: supervive-loadout-shim

#1680 22:08:55.319  GET /revival/loadout
    -> 200  (0s)
    User-Agent: supervive-loadout-shim

#1681 22:08:55.530  GET /revival/loadout
    -> 200  (0s)
    User-Agent: supervive-loadout-shim

#1682 22:08:55.713  GET /revival/loadout
    -> 200  (0s)
    User-Agent: supervive-loadout-shim

#1683 22:08:55.923  GET /revival/loadout
    -> 200  (0s)
    User-Agent: supervive-loadout-shim

#1684 22:08:56.105  GET /revival/loadout
    -> 200  (0s)
    User-Agent: supervive-loadout-shim

#1685 22:08:56.304  GET /revival/loadout
    -> 200  (0s)
    User-Agent: supervive-loadout-shim

#1686 22:08:56.498  GET /revival/loadout
    -> 200  (0s)
    User-Agent: supervive-loadout-shim

#1687 22:08:56.680  GET /revival/loadout
    -> 200  (0s)
    User-Agent: supervive-loadout-shim

#1688 22:08:56.862  GET /revival/loadout
    -> 200  (0s)
    User-Agent: supervive-loadout-shim

#1689 22:08:57.045  GET /revival/loadout
    -> 200  (0s)
    User-Agent: supervive-loadout-shim

#1690 22:08:57.228  GET /revival/loadout
    -> 200  (0s)
    User-Agent: supervive-loadout-shim

#1691 22:08:57.411  GET /revival/loadout
    -> 200  (0s)
    User-Agent: supervive-loadout-shim

#1692 22:08:57.595  GET /revival/loadout
    -> 200  (0s)
    User-Agent: supervive-loadout-shim

#1693 22:08:57.778  GET /revival/loadout
    -> 200  (0s)
    User-Agent: supervive-loadout-shim

#1694 22:08:57.961  GET /revival/loadout
    -> 200  (0s)
    User-Agent: supervive-loadout-shim

#1695 22:08:58.145  GET /revival/loadout
    -> 200  (0s)
    User-Agent: supervive-loadout-shim

#1696 22:08:58.328  GET /revival/loadout
    -> 200  (0s)
    User-Agent: supervive-loadout-shim

#1697 22:08:58.511  GET /revival/loadout
    -> 200  (0s)
    User-Agent: supervive-loadout-shim

#1698 22:08:58.693  GET /revival/loadout
    -> 200  (1ms)
    User-Agent: supervive-loadout-shim

#1699 22:08:58.878  GET /revival/loadout
    -> 200  (0s)
    User-Agent: supervive-loadout-shim

#1700 22:08:59.061  GET /revival/loadout
    -> 200  (0s)
    User-Agent: supervive-loadout-shim

#1701 22:08:59.244  GET /revival/loadout
    -> 200  (0s)
    User-Agent: supervive-loadout-shim

#1702 22:08:59.420  GET /revival/loadout
    -> 200  (0s)
    User-Agent: supervive-loadout-shim

#1703 22:08:59.603  GET /revival/loadout
    -> 200  (0s)
    User-Agent: supervive-loadout-shim

#1704 22:08:59.787  GET /revival/loadout
    -> 200  (0s)
    User-Agent: supervive-loadout-shim

#1705 22:08:59.969  GET /revival/loadout
    -> 200  (0s)
    User-Agent: supervive-loadout-shim

#1706 22:09:00.152  GET /revival/loadout
    -> 200  (0s)
    User-Agent: supervive-loadout-shim

#1707 22:09:00.335  GET /revival/loadout
    -> 200  (0s)
    User-Agent: supervive-loadout-shim

#1708 22:09:00.519  GET /revival/loadout
    -> 200  (0s)
    User-Agent: supervive-loadout-shim

#1709 22:09:00.702  GET /revival/loadout
    -> 200  (0s)
    User-Agent: supervive-loadout-shim

#1710 22:09:00.885  GET /revival/loadout
    -> 200  (0s)
    User-Agent: supervive-loadout-shim

#1711 22:09:01.129  GET /revival/loadout
    -> 200  (0s)
    User-Agent: supervive-loadout-shim

#1712 22:09:01.364  GET /revival/loadout
    -> 200  (0s)
    User-Agent: supervive-loadout-shim

#1713 22:09:01.543  GET /revival/loadout
    -> 200  (0s)
    User-Agent: supervive-loadout-shim

#1714 22:09:01.727  GET /revival/loadout
    -> 200  (0s)
    User-Agent: supervive-loadout-shim

#1715 22:09:01.910  GET /revival/loadout
    -> 200  (0s)
    User-Agent: supervive-loadout-shim

#1716 22:09:02.093  GET /revival/loadout
    -> 200  (0s)
    User-Agent: supervive-loadout-shim

#1717 22:09:02.230  GET /core-game/regions
    -> 200  (0s)
    X-Theorycraft-Clientversion: release2.4.live-156430-shipping
    Authorization: Bearer eyJhbGciOiJSUzI1NiIsImtpZCI6InN1cGVydml2ZS1yZXZpdmFsLWtleS0xIiwidHlwIjoiSldUIn0.eyJiYW5zIjpbXSwiY2xpZW50X2lkIjoiYmE4ZmI1OWEzNGJiNDgxYWJjYTA4YzQ2YmE0ODgwMjUiLCJjb3VudHJ5IjoiVVMiLCJkaXNwbGF5X25hbWUiOiJSZXZpdmVyIiwiZXhwIjoxNzg2OTI5MjgzLCJpYXQiOjE3ODY4NDI4ODMsImlzX2NvbXBseSI6dHJ1ZSwiamZsZ3MiOjAsIm5hbWVzcGFjZSI6InN1cGVydml2ZSIsIm5iZiI6MTc4Njg0MjgyMywicGVybWlzc2lvbnMiOlt7IkFjdGlvbiI6MTUsIlJlc291cmNlIjoiTkFNRVNQQUNFOnN1cGVydml2ZToqIn0seyJBY3Rpb24iOjE1LCJSZXNvdXJjZSI6IkFETUlOOk5BTUVTUEFDRTpzdXBlcnZpdmU6KiJ9XSwicm9sZXMiOltdLCJzY29wZSI6ImNvbW1lcmNlIGFjY291bnQgc29jaWFsIHB1Ymxpc2hpbmcgYW5hbHl0aWNzIiwic3ViIjoiOWI5ZDJjODg3ZTI1MjRmOTE4ZTM4M2E4OTVmMmYxYzIiLCJ1bmlxdWVEaXNwbGF5TmFtZSI6IlJldml2ZXIjMDAwMSIsInVuaXF1ZV9kaXNwbGF5X25hbWUiOiJSZXZpdmVyIzAwMDEifQ.fv8xRcCKsGH-kO-Yy5UkjIPChaqt0XYnodWf6hdS9uvwgLBx_Gpa6LtecHNO-sBxhNPFiTKP9dX9Vt7yMu-Z2L8x2NIYZSvJXh40Ti4JY4OCIKzNCZ-YroW2-mPGnTu0jObkHPxrOs8nMbQ1S2Hi3HfrJfBHW0DD2Mm_lj8eplsA1NBAf-F9J2DlvHPr9kizT9wglS9ihvwZNO1BzZRUmktpPOIJ9CVv6co8pPXv-Wflq_6jaSTwOMwqVFHrCD8lO4aYOVGBrPvv5hex5JJgstKYqepEYKv8fxQNbyzSoWGDQOqnxcv5hsjkdXZI29YJnzEWQdRhUjt3Y6Bxnjgp-A
    User-Agent: Loki/UE5-CL-0 (http-legacy) Windows/10.0.19045.1.256.64bit
    Accept: */*

#1718 22:09:02.230  GET /party/matchmaking/info
    -> 200  (0s)
    X-Theorycraft-Clientversion: release2.4.live-156430-shipping
    Authorization: Bearer eyJhbGciOiJSUzI1NiIsImtpZCI6InN1cGVydml2ZS1yZXZpdmFsLWtleS0xIiwidHlwIjoiSldUIn0.eyJiYW5zIjpbXSwiY2xpZW50X2lkIjoiYmE4ZmI1OWEzNGJiNDgxYWJjYTA4YzQ2YmE0ODgwMjUiLCJjb3VudHJ5IjoiVVMiLCJkaXNwbGF5X25hbWUiOiJSZXZpdmVyIiwiZXhwIjoxNzg2OTI5MjgzLCJpYXQiOjE3ODY4NDI4ODMsImlzX2NvbXBseSI6dHJ1ZSwiamZsZ3MiOjAsIm5hbWVzcGFjZSI6InN1cGVydml2ZSIsIm5iZiI6MTc4Njg0MjgyMywicGVybWlzc2lvbnMiOlt7IkFjdGlvbiI6MTUsIlJlc291cmNlIjoiTkFNRVNQQUNFOnN1cGVydml2ZToqIn0seyJBY3Rpb24iOjE1LCJSZXNvdXJjZSI6IkFETUlOOk5BTUVTUEFDRTpzdXBlcnZpdmU6KiJ9XSwicm9sZXMiOltdLCJzY29wZSI6ImNvbW1lcmNlIGFjY291bnQgc29jaWFsIHB1Ymxpc2hpbmcgYW5hbHl0aWNzIiwic3ViIjoiOWI5ZDJjODg3ZTI1MjRmOTE4ZTM4M2E4OTVmMmYxYzIiLCJ1bmlxdWVEaXNwbGF5TmFtZSI6IlJldml2ZXIjMDAwMSIsInVuaXF1ZV9kaXNwbGF5X25hbWUiOiJSZXZpdmVyIzAwMDEifQ.fv8xRcCKsGH-kO-Yy5UkjIPChaqt0XYnodWf6hdS9uvwgLBx_Gpa6LtecHNO-sBxhNPFiTKP9dX9Vt7yMu-Z2L8x2NIYZSvJXh40Ti4JY4OCIKzNCZ-YroW2-mPGnTu0jObkHPxrOs8nMbQ1S2Hi3HfrJfBHW0DD2Mm_lj8eplsA1NBAf-F9J2DlvHPr9kizT9wglS9ihvwZNO1BzZRUmktpPOIJ9CVv6co8pPXv-Wflq_6jaSTwOMwqVFHrCD8lO4aYOVGBrPvv5hex5JJgstKYqepEYKv8fxQNbyzSoWGDQOqnxcv5hsjkdXZI29YJnzEWQdRhUjt3Y6Bxnjgp-A
    User-Agent: Loki/UE5-CL-0 (http-legacy) Windows/10.0.19045.1.256.64bit
    Accept: */*

#1719 22:09:02.278  GET /revival/loadout
    -> 200  (0s)
    User-Agent: supervive-loadout-shim

#1720 22:09:02.462  GET /revival/loadout
    -> 200  (0s)
    User-Agent: supervive-loadout-shim

#1721 22:09:02.650  GET /revival/loadout
    -> 200  (0s)
    User-Agent: supervive-loadout-shim

#1722 22:09:02.834  GET /revival/loadout
    -> 200  (0s)
    User-Agent: supervive-loadout-shim

#1723 22:09:03.018  GET /revival/loadout
    -> 200  (0s)
    User-Agent: supervive-loadout-shim

#1724 22:09:03.201  GET /revival/loadout
    -> 200  (0s)
    User-Agent: supervive-loadout-shim

#1725 22:09:03.384  GET /revival/loadout
    -> 200  (0s)
    User-Agent: supervive-loadout-shim

#1726 22:09:03.568  GET /revival/loadout
    -> 200  (0s)
    User-Agent: supervive-loadout-shim

#1727 22:09:03.751  GET /revival/loadout
    -> 200  (0s)
    User-Agent: supervive-loadout-shim

#1728 22:09:03.875  GET /configuration/client?language=en
    -> 200  (0s)
    X-Theorycraft-Clientversion: release2.4.live-156430-shipping
    Authorization: Bearer eyJhbGciOiJSUzI1NiIsImtpZCI6InN1cGVydml2ZS1yZXZpdmFsLWtleS0xIiwidHlwIjoiSldUIn0.eyJiYW5zIjpbXSwiY2xpZW50X2lkIjoiYmE4ZmI1OWEzNGJiNDgxYWJjYTA4YzQ2YmE0ODgwMjUiLCJjb3VudHJ5IjoiVVMiLCJkaXNwbGF5X25hbWUiOiJSZXZpdmVyIiwiZXhwIjoxNzg2OTI5MjgzLCJpYXQiOjE3ODY4NDI4ODMsImlzX2NvbXBseSI6dHJ1ZSwiamZsZ3MiOjAsIm5hbWVzcGFjZSI6InN1cGVydml2ZSIsIm5iZiI6MTc4Njg0MjgyMywicGVybWlzc2lvbnMiOlt7IkFjdGlvbiI6MTUsIlJlc291cmNlIjoiTkFNRVNQQUNFOnN1cGVydml2ZToqIn0seyJBY3Rpb24iOjE1LCJSZXNvdXJjZSI6IkFETUlOOk5BTUVTUEFDRTpzdXBlcnZpdmU6KiJ9XSwicm9sZXMiOltdLCJzY29wZSI6ImNvbW1lcmNlIGFjY291bnQgc29jaWFsIHB1Ymxpc2hpbmcgYW5hbHl0aWNzIiwic3ViIjoiOWI5ZDJjODg3ZTI1MjRmOTE4ZTM4M2E4OTVmMmYxYzIiLCJ1bmlxdWVEaXNwbGF5TmFtZSI6IlJldml2ZXIjMDAwMSIsInVuaXF1ZV9kaXNwbGF5X25hbWUiOiJSZXZpdmVyIzAwMDEifQ.fv8xRcCKsGH-kO-Yy5UkjIPChaqt0XYnodWf6hdS9uvwgLBx_Gpa6LtecHNO-sBxhNPFiTKP9dX9Vt7yMu-Z2L8x2NIYZSvJXh40Ti4JY4OCIKzNCZ-YroW2-mPGnTu0jObkHPxrOs8nMbQ1S2Hi3HfrJfBHW0DD2Mm_lj8eplsA1NBAf-F9J2DlvHPr9kizT9wglS9ihvwZNO1BzZRUmktpPOIJ9CVv6co8pPXv-Wflq_6jaSTwOMwqVFHrCD8lO4aYOVGBrPvv5hex5JJgstKYqepEYKv8fxQNbyzSoWGDQOqnxcv5hsjkdXZI29YJnzEWQdRhUjt3Y6Bxnjgp-A
    User-Agent: Loki/UE5-CL-0 (http-legacy) Windows/10.0.19045.1.256.64bit
    Accept: */*

#1729 22:09:03.942  GET /revival/loadout
    -> 200  (0s)
    User-Agent: supervive-loadout-shim

#1730 22:09:03.949  GET /content-service/manifest/release2.4.live-156430-shipping?nonEnabledOnly=true
    -> 200  (0s)
    Accept: */*
    X-Theorycraft-Clientversion: release2.4.live-156430-shipping
    Authorization: Bearer eyJhbGciOiJSUzI1NiIsImtpZCI6InN1cGVydml2ZS1yZXZpdmFsLWtleS0xIiwidHlwIjoiSldUIn0.eyJiYW5zIjpbXSwiY2xpZW50X2lkIjoiYmE4ZmI1OWEzNGJiNDgxYWJjYTA4YzQ2YmE0ODgwMjUiLCJjb3VudHJ5IjoiVVMiLCJkaXNwbGF5X25hbWUiOiJSZXZpdmVyIiwiZXhwIjoxNzg2OTI5MjgzLCJpYXQiOjE3ODY4NDI4ODMsImlzX2NvbXBseSI6dHJ1ZSwiamZsZ3MiOjAsIm5hbWVzcGFjZSI6InN1cGVydml2ZSIsIm5iZiI6MTc4Njg0MjgyMywicGVybWlzc2lvbnMiOlt7IkFjdGlvbiI6MTUsIlJlc291cmNlIjoiTkFNRVNQQUNFOnN1cGVydml2ZToqIn0seyJBY3Rpb24iOjE1LCJSZXNvdXJjZSI6IkFETUlOOk5BTUVTUEFDRTpzdXBlcnZpdmU6KiJ9XSwicm9sZXMiOltdLCJzY29wZSI6ImNvbW1lcmNlIGFjY291bnQgc29jaWFsIHB1Ymxpc2hpbmcgYW5hbHl0aWNzIiwic3ViIjoiOWI5ZDJjODg3ZTI1MjRmOTE4ZTM4M2E4OTVmMmYxYzIiLCJ1bmlxdWVEaXNwbGF5TmFtZSI6IlJldml2ZXIjMDAwMSIsInVuaXF1ZV9kaXNwbGF5X25hbWUiOiJSZXZpdmVyIzAwMDEifQ.fv8xRcCKsGH-kO-Yy5UkjIPChaqt0XYnodWf6hdS9uvwgLBx_Gpa6LtecHNO-sBxhNPFiTKP9dX9Vt7yMu-Z2L8x2NIYZSvJXh40Ti4JY4OCIKzNCZ-YroW2-mPGnTu0jObkHPxrOs8nMbQ1S2Hi3HfrJfBHW0DD2Mm_lj8eplsA1NBAf-F9J2DlvHPr9kizT9wglS9ihvwZNO1BzZRUmktpPOIJ9CVv6co8pPXv-Wflq_6jaSTwOMwqVFHrCD8lO4aYOVGBrPvv5hex5JJgstKYqepEYKv8fxQNbyzSoWGDQOqnxcv5hsjkdXZI29YJnzEWQdRhUjt3Y6Bxnjgp-A
    User-Agent: Loki/UE5-CL-0 (http-legacy) Windows/10.0.19045.1.256.64bit

#1731 22:09:04.126  GET /revival/loadout
    -> 200  (0s)
    User-Agent: supervive-loadout-shim

#1732 22:09:04.309  GET /revival/loadout
    -> 200  (0s)
    User-Agent: supervive-loadout-shim

#1733 22:09:04.493  GET /revival/loadout
    -> 200  (0s)
    User-Agent: supervive-loadout-shim

* 22:09:04.585  WS <- /lobby TEXT ""

#1734 22:09:04.676  GET /revival/loadout
    -> 200  (0s)
    User-Agent: supervive-loadout-shim

#1735 22:09:04.858  GET /revival/loadout
    -> 200  (0s)
    User-Agent: supervive-loadout-shim

#1736 22:09:05.041  GET /revival/loadout
    -> 200  (0s)
    User-Agent: supervive-loadout-shim

#1737 22:09:05.225  GET /revival/loadout
    -> 200  (0s)
    User-Agent: supervive-loadout-shim

#1738 22:09:05.409  GET /revival/loadout
    -> 200  (0s)
    User-Agent: supervive-loadout-shim

#1739 22:09:05.592  GET /revival/loadout
    -> 200  (0s)
    User-Agent: supervive-loadout-shim

#1740 22:09:05.775  GET /revival/loadout
    -> 200  (0s)
    User-Agent: supervive-loadout-shim

#1741 22:09:05.959  GET /revival/loadout
    -> 200  (0s)
    User-Agent: supervive-loadout-shim

#1742 22:09:06.142  GET /revival/loadout
    -> 200  (0s)
    User-Agent: supervive-loadout-shim

#1743 22:09:06.325  GET /revival/loadout
    -> 200  (0s)
    User-Agent: supervive-loadout-shim

#1744 22:09:06.509  GET /revival/loadout
    -> 200  (0s)
    User-Agent: supervive-loadout-shim

#1745 22:09:06.691  GET /revival/loadout
    -> 200  (0s)
    User-Agent: supervive-loadout-shim

#1746 22:09:06.874  GET /revival/loadout
    -> 200  (0s)
    User-Agent: supervive-loadout-shim

#1747 22:09:07.058  GET /revival/loadout
    -> 200  (0s)
    User-Agent: supervive-loadout-shim

#1748 22:09:07.242  GET /revival/loadout
    -> 200  (0s)
    User-Agent: supervive-loadout-shim

* 22:09:07.259  WS -> /notifications/players/9b9d2c887e2524f918e383a895f2f1c2 BINARY hb (proactive 30s keepalive)

#1749 22:09:07.426  GET /revival/loadout
    -> 200  (0s)
    User-Agent: supervive-loadout-shim

#1750 22:09:07.599  GET /revival/loadout
    -> 200  (0s)
    User-Agent: supervive-loadout-shim

#1751 22:09:07.784  GET /revival/loadout
    -> 200  (0s)
    User-Agent: supervive-loadout-shim

#1752 22:09:07.967  GET /revival/loadout
    -> 200  (0s)
    User-Agent: supervive-loadout-shim

#1753 22:09:08.150  GET /revival/loadout
    -> 200  (0s)
    User-Agent: supervive-loadout-shim

#1754 22:09:08.333  GET /revival/loadout
    -> 200  (0s)
    User-Agent: supervive-loadout-shim

#1755 22:09:08.516  GET /revival/loadout
    -> 200  (0s)
    User-Agent: supervive-loadout-shim

#1756 22:09:08.699  GET /revival/loadout
    -> 200  (0s)
    User-Agent: supervive-loadout-shim

#1757 22:09:08.882  GET /revival/loadout
    -> 200  (0s)
    User-Agent: supervive-loadout-shim

#1758 22:09:09.065  GET /revival/loadout
    -> 200  (0s)
    User-Agent: supervive-loadout-shim

#1759 22:09:09.249  GET /revival/loadout
    -> 200  (0s)
    User-Agent: supervive-loadout-shim

#1760 22:09:09.432  GET /revival/loadout
    -> 200  (0s)
    User-Agent: supervive-loadout-shim

#1761 22:09:09.616  GET /revival/loadout
    -> 200  (0s)
    User-Agent: supervive-loadout-shim

#1762 22:09:09.799  GET /revival/loadout
    -> 200  (0s)
    User-Agent: supervive-loadout-shim

#1763 22:09:09.990  GET /revival/loadout
    -> 200  (0s)
    User-Agent: supervive-loadout-shim

#1764 22:09:10.174  GET /revival/loadout
    -> 200  (0s)
    User-Agent: supervive-loadout-shim

#1765 22:09:10.386  GET /revival/loadout
    -> 200  (0s)
    User-Agent: supervive-loadout-shim

#1766 22:09:10.568  GET /revival/loadout
    -> 200  (0s)
    User-Agent: supervive-loadout-shim

#1767 22:09:10.748  GET /revival/loadout
    -> 200  (0s)
    User-Agent: supervive-loadout-shim

#1768 22:09:10.952  GET /revival/loadout
    -> 200  (0s)
    User-Agent: supervive-loadout-shim

#1769 22:09:11.140  GET /revival/loadout
    -> 200  (0s)
    User-Agent: supervive-loadout-shim

#1770 22:09:11.323  GET /revival/loadout
    -> 200  (0s)
    User-Agent: supervive-loadout-shim

#1771 22:09:11.508  GET /revival/loadout
    -> 200  (1ms)
    User-Agent: supervive-loadout-shim

#1772 22:09:11.689  GET /revival/loadout
    -> 200  (0s)
    User-Agent: supervive-loadout-shim

#1773 22:09:11.876  GET /revival/loadout
    -> 200  (0s)
    User-Agent: supervive-loadout-shim

#1774 22:09:12.056  GET /revival/loadout
    -> 200  (0s)
    User-Agent: supervive-loadout-shim

#1775 22:09:12.240  GET /revival/loadout
    -> 200  (0s)
    User-Agent: supervive-loadout-shim

#1776 22:09:12.424  GET /revival/loadout
    -> 200  (0s)
    User-Agent: supervive-loadout-shim

#1777 22:09:12.606  GET /revival/loadout
    -> 200  (0s)
    User-Agent: supervive-loadout-shim

#1778 22:09:12.790  GET /revival/loadout
    -> 200  (0s)
    User-Agent: supervive-loadout-shim

#1779 22:09:12.973  GET /revival/loadout
    -> 200  (0s)
    User-Agent: supervive-loadout-shim

#1780 22:09:13.156  GET /revival/loadout
    -> 200  (0s)
    User-Agent: supervive-loadout-shim

#1781 22:09:13.339  GET /revival/loadout
    -> 200  (0s)
    User-Agent: supervive-loadout-shim

#1782 22:09:13.524  GET /revival/loadout
    -> 200  (0s)
    User-Agent: supervive-loadout-shim

#1783 22:09:13.706  GET /revival/loadout
    -> 200  (0s)
    User-Agent: supervive-loadout-shim

#1784 22:09:13.890  GET /revival/loadout
    -> 200  (0s)
    User-Agent: supervive-loadout-shim

#1785 22:09:14.074  GET /revival/loadout
    -> 200  (0s)
    User-Agent: supervive-loadout-shim

#1786 22:09:14.222  GET /party/players/9b9d2c887e2524f918e383a895f2f1c2/voice
    -> 200  (1ms)
    X-Theorycraft-Clientversion: release2.4.live-156430-shipping
    Authorization: Bearer eyJhbGciOiJSUzI1NiIsImtpZCI6InN1cGVydml2ZS1yZXZpdmFsLWtleS0xIiwidHlwIjoiSldUIn0.eyJiYW5zIjpbXSwiY2xpZW50X2lkIjoiYmE4ZmI1OWEzNGJiNDgxYWJjYTA4YzQ2YmE0ODgwMjUiLCJjb3VudHJ5IjoiVVMiLCJkaXNwbGF5X25hbWUiOiJSZXZpdmVyIiwiZXhwIjoxNzg2OTI5MjgzLCJpYXQiOjE3ODY4NDI4ODMsImlzX2NvbXBseSI6dHJ1ZSwiamZsZ3MiOjAsIm5hbWVzcGFjZSI6InN1cGVydml2ZSIsIm5iZiI6MTc4Njg0MjgyMywicGVybWlzc2lvbnMiOlt7IkFjdGlvbiI6MTUsIlJlc291cmNlIjoiTkFNRVNQQUNFOnN1cGVydml2ZToqIn0seyJBY3Rpb24iOjE1LCJSZXNvdXJjZSI6IkFETUlOOk5BTUVTUEFDRTpzdXBlcnZpdmU6KiJ9XSwicm9sZXMiOltdLCJzY29wZSI6ImNvbW1lcmNlIGFjY291bnQgc29jaWFsIHB1Ymxpc2hpbmcgYW5hbHl0aWNzIiwic3ViIjoiOWI5ZDJjODg3ZTI1MjRmOTE4ZTM4M2E4OTVmMmYxYzIiLCJ1bmlxdWVEaXNwbGF5TmFtZSI6IlJldml2ZXIjMDAwMSIsInVuaXF1ZV9kaXNwbGF5X25hbWUiOiJSZXZpdmVyIzAwMDEifQ.fv8xRcCKsGH-kO-Yy5UkjIPChaqt0XYnodWf6hdS9uvwgLBx_Gpa6LtecHNO-sBxhNPFiTKP9dX9Vt7yMu-Z2L8x2NIYZSvJXh40Ti4JY4OCIKzNCZ-YroW2-mPGnTu0jObkHPxrOs8nMbQ1S2Hi3HfrJfBHW0DD2Mm_lj8eplsA1NBAf-F9J2DlvHPr9kizT9wglS9ihvwZNO1BzZRUmktpPOIJ9CVv6co8pPXv-Wflq_6jaSTwOMwqVFHrCD8lO4aYOVGBrPvv5hex5JJgstKYqepEYKv8fxQNbyzSoWGDQOqnxcv5hsjkdXZI29YJnzEWQdRhUjt3Y6Bxnjgp-A
    User-Agent: Loki/UE5-CL-0 (http-legacy) Windows/10.0.19045.1.256.64bit
    Accept: */*

#1787 22:09:14.261  GET /revival/loadout
    -> 200  (0s)
    User-Agent: supervive-loadout-shim

#1788 22:09:14.440  GET /revival/loadout
    -> 200  (0s)
    User-Agent: supervive-loadout-shim

#1789 22:09:14.631  GET /revival/loadout
    -> 200  (0s)
    User-Agent: supervive-loadout-shim

#1790 22:09:14.816  GET /revival/loadout
    -> 200  (0s)
    User-Agent: supervive-loadout-shim

#1791 22:09:15.001  GET /revival/loadout
    -> 200  (0s)
    User-Agent: supervive-loadout-shim

#1792 22:09:15.180  GET /revival/loadout
    -> 200  (0s)
    User-Agent: supervive-loadout-shim

#1793 22:09:15.294  POST /party/parties/party-9b9d2c887e2524f918e383a895f2f1c2/members/9b9d2c887e2524f918e383a895f2f1c2/latencies
    -> 200  (0s)
    Accept: */*
    X-Theorycraft-Clientversion: release2.4.live-156430-shipping
    Authorization: Bearer eyJhbGciOiJSUzI1NiIsImtpZCI6InN1cGVydml2ZS1yZXZpdmFsLWtleS0xIiwidHlwIjoiSldUIn0.eyJiYW5zIjpbXSwiY2xpZW50X2lkIjoiYmE4ZmI1OWEzNGJiNDgxYWJjYTA4YzQ2YmE0ODgwMjUiLCJjb3VudHJ5IjoiVVMiLCJkaXNwbGF5X25hbWUiOiJSZXZpdmVyIiwiZXhwIjoxNzg2OTI5MjgzLCJpYXQiOjE3ODY4NDI4ODMsImlzX2NvbXBseSI6dHJ1ZSwiamZsZ3MiOjAsIm5hbWVzcGFjZSI6InN1cGVydml2ZSIsIm5iZiI6MTc4Njg0MjgyMywicGVybWlzc2lvbnMiOlt7IkFjdGlvbiI6MTUsIlJlc291cmNlIjoiTkFNRVNQQUNFOnN1cGVydml2ZToqIn0seyJBY3Rpb24iOjE1LCJSZXNvdXJjZSI6IkFETUlOOk5BTUVTUEFDRTpzdXBlcnZpdmU6KiJ9XSwicm9sZXMiOltdLCJzY29wZSI6ImNvbW1lcmNlIGFjY291bnQgc29jaWFsIHB1Ymxpc2hpbmcgYW5hbHl0aWNzIiwic3ViIjoiOWI5ZDJjODg3ZTI1MjRmOTE4ZTM4M2E4OTVmMmYxYzIiLCJ1bmlxdWVEaXNwbGF5TmFtZSI6IlJldml2ZXIjMDAwMSIsInVuaXF1ZV9kaXNwbGF5X25hbWUiOiJSZXZpdmVyIzAwMDEifQ.fv8xRcCKsGH-kO-Yy5UkjIPChaqt0XYnodWf6hdS9uvwgLBx_Gpa6LtecHNO-sBxhNPFiTKP9dX9Vt7yMu-Z2L8x2NIYZSvJXh40Ti4JY4OCIKzNCZ-YroW2-mPGnTu0jObkHPxrOs8nMbQ1S2Hi3HfrJfBHW0DD2Mm_lj8eplsA1NBAf-F9J2DlvHPr9kizT9wglS9ihvwZNO1BzZRUmktpPOIJ9CVv6co8pPXv-Wflq_6jaSTwOMwqVFHrCD8lO4aYOVGBrPvv5hex5JJgstKYqepEYKv8fxQNbyzSoWGDQOqnxcv5hsjkdXZI29YJnzEWQdRhUjt3Y6Bxnjgp-A
    Content-Type: application/json
    User-Agent: Loki/UE5-CL-0 (http-legacy) Windows/10.0.19045.1.256.64bit
    body: {"latencies":[{"host":"127.0.0.1","region":"us-east-1","route":"default","avgLatency":1}]}

#1794 22:09:15.364  GET /revival/loadout
    -> 200  (0s)
    User-Agent: supervive-loadout-shim

#1795 22:09:15.547  GET /revival/loadout
    -> 200  (1ms)
    User-Agent: supervive-loadout-shim

#1796 22:09:15.730  GET /revival/loadout
    -> 200  (0s)
    User-Agent: supervive-loadout-shim

#1797 22:09:15.914  GET /revival/loadout
    -> 200  (0s)
    User-Agent: supervive-loadout-shim

#1798 22:09:16.096  GET /revival/loadout
    -> 200  (0s)
    User-Agent: supervive-loadout-shim

#1799 22:09:16.279  GET /revival/loadout
    -> 200  (0s)
    User-Agent: supervive-loadout-shim

#1800 22:09:16.466  GET /revival/loadout
    -> 200  (0s)
    User-Agent: supervive-loadout-shim

#1801 22:09:16.649  GET /revival/loadout
    -> 200  (0s)
    User-Agent: supervive-loadout-shim

#1802 22:09:16.833  GET /revival/loadout
    -> 200  (0s)
    User-Agent: supervive-loadout-shim

#1803 22:09:17.022  GET /revival/loadout
    -> 200  (0s)
    User-Agent: supervive-loadout-shim

#1804 22:09:17.195  GET /revival/loadout
    -> 200  (0s)
    User-Agent: supervive-loadout-shim

#1805 22:09:17.379  GET /revival/loadout
    -> 200  (0s)
    User-Agent: supervive-loadout-shim

#1806 22:09:17.562  GET /revival/loadout
    -> 200  (0s)
    User-Agent: supervive-loadout-shim

#1807 22:09:17.745  GET /revival/loadout
    -> 200  (0s)
    User-Agent: supervive-loadout-shim

#1808 22:09:17.929  GET /revival/loadout
    -> 200  (0s)
    User-Agent: supervive-loadout-shim

#1809 22:09:18.112  GET /revival/loadout
    -> 200  (0s)
    User-Agent: supervive-loadout-shim

#1810 22:09:18.295  GET /revival/loadout
    -> 200  (0s)
    User-Agent: supervive-loadout-shim

#1811 22:09:18.547  GET /revival/loadout
    -> 200  (0s)
    User-Agent: supervive-loadout-shim

#1812 22:09:18.732  GET /revival/loadout
    -> 200  (0s)
    User-Agent: supervive-loadout-shim

#1813 22:09:18.912  GET /revival/loadout
    -> 200  (0s)
    User-Agent: supervive-loadout-shim

#1814 22:09:19.106  GET /revival/loadout
    -> 200  (0s)
    User-Agent: supervive-loadout-shim

#1815 22:09:19.287  GET /revival/loadout
    -> 200  (0s)
    User-Agent: supervive-loadout-shim

#1816 22:09:19.471  GET /revival/loadout
    -> 200  (0s)
    User-Agent: supervive-loadout-shim

#1817 22:09:19.644  GET /revival/loadout
    -> 200  (0s)
    User-Agent: supervive-loadout-shim

#1818 22:09:19.820  GET /revival/loadout
    -> 200  (0s)
    User-Agent: supervive-loadout-shim

#1819 22:09:20.002  GET /revival/loadout
    -> 200  (0s)
    User-Agent: supervive-loadout-shim

#1820 22:09:20.186  GET /revival/loadout
    -> 200  (0s)
    User-Agent: supervive-loadout-shim

#1821 22:09:20.371  GET /revival/loadout
    -> 200  (0s)
    User-Agent: supervive-loadout-shim

#1822 22:09:20.553  GET /revival/loadout
    -> 200  (0s)
    User-Agent: supervive-loadout-shim

#1823 22:09:20.744  GET /revival/loadout
    -> 200  (0s)
    User-Agent: supervive-loadout-shim

#1824 22:09:20.931  GET /revival/loadout
    -> 200  (0s)
    User-Agent: supervive-loadout-shim

#1825 22:09:21.112  GET /revival/loadout
    -> 200  (0s)
    User-Agent: supervive-loadout-shim

#1826 22:09:21.303  GET /revival/loadout
    -> 200  (0s)
    User-Agent: supervive-loadout-shim

#1827 22:09:21.486  GET /revival/loadout
    -> 200  (0s)
    User-Agent: supervive-loadout-shim

#1828 22:09:21.670  GET /revival/loadout
    -> 200  (0s)
    User-Agent: supervive-loadout-shim

#1829 22:09:21.853  GET /revival/loadout
    -> 200  (0s)
    User-Agent: supervive-loadout-shim

#1830 22:09:22.035  GET /revival/loadout
    -> 200  (0s)
    User-Agent: supervive-loadout-shim

#1831 22:09:22.219  GET /revival/loadout
    -> 200  (0s)
    User-Agent: supervive-loadout-shim

#1832 22:09:22.410  GET /revival/loadout
    -> 200  (0s)
    User-Agent: supervive-loadout-shim

#1833 22:09:22.585  GET /revival/loadout
    -> 200  (0s)
    User-Agent: supervive-loadout-shim

#1834 22:09:22.769  GET /revival/loadout
    -> 200  (0s)
    User-Agent: supervive-loadout-shim

#1835 22:09:22.953  GET /revival/loadout
    -> 200  (0s)
    User-Agent: supervive-loadout-shim

#1836 22:09:23.144  GET /revival/loadout
    -> 200  (0s)
    User-Agent: supervive-loadout-shim

#1837 22:09:23.327  GET /revival/loadout
    -> 200  (0s)
    User-Agent: supervive-loadout-shim

#1838 22:09:23.519  GET /revival/loadout
    -> 200  (0s)
    User-Agent: supervive-loadout-shim

#1839 22:09:23.702  GET /revival/loadout
    -> 200  (0s)
    User-Agent: supervive-loadout-shim

#1840 22:09:23.885  GET /revival/loadout
    -> 200  (0s)
    User-Agent: supervive-loadout-shim

#1841 22:09:24.068  GET /revival/loadout
    -> 200  (0s)
    User-Agent: supervive-loadout-shim

#1842 22:09:24.254  GET /revival/loadout
    -> 200  (0s)
    User-Agent: supervive-loadout-shim

#1843 22:09:24.436  GET /revival/loadout
    -> 200  (0s)
    User-Agent: supervive-loadout-shim

#1844 22:09:24.619  GET /revival/loadout
    -> 200  (1ms)
    User-Agent: supervive-loadout-shim

#1845 22:09:24.802  GET /revival/loadout
    -> 200  (0s)
    User-Agent: supervive-loadout-shim

#1846 22:09:24.993  GET /revival/loadout
    -> 200  (0s)
    User-Agent: supervive-loadout-shim

#1847 22:09:25.192  GET /revival/loadout
    -> 200  (0s)
    User-Agent: supervive-loadout-shim

#1848 22:09:25.402  GET /revival/loadout
    -> 200  (0s)
    User-Agent: supervive-loadout-shim

#1849 22:09:25.613  GET /revival/loadout
    -> 200  (0s)
    User-Agent: supervive-loadout-shim

#1850 22:09:25.791  GET /revival/loadout
    -> 200  (0s)
    User-Agent: supervive-loadout-shim

#1851 22:09:25.994  GET /revival/loadout
    -> 200  (0s)
    User-Agent: supervive-loadout-shim

#1852 22:09:26.184  GET /revival/loadout
    -> 200  (0s)
    User-Agent: supervive-loadout-shim

#1853 22:09:26.494  GET /revival/loadout
    -> 200  (0s)
    User-Agent: supervive-loadout-shim

#1854 22:09:26.731  GET /revival/loadout
    -> 200  (0s)
    User-Agent: supervive-loadout-shim

#1855 22:09:26.947  GET /revival/loadout
    -> 200  (0s)
    User-Agent: supervive-loadout-shim

#1856 22:09:27.156  GET /revival/loadout
    -> 200  (0s)
    User-Agent: supervive-loadout-shim

#1857 22:09:27.391  GET /revival/loadout
    -> 200  (0s)
    User-Agent: supervive-loadout-shim

#1858 22:09:27.577  GET /revival/loadout
    -> 200  (0s)
    User-Agent: supervive-loadout-shim

#1859 22:09:27.762  GET /revival/loadout
    -> 200  (0s)
    User-Agent: supervive-loadout-shim

#1860 22:09:27.986  GET /revival/loadout
    -> 200  (0s)
    User-Agent: supervive-loadout-shim

#1861 22:09:28.169  GET /revival/loadout
    -> 200  (0s)
    User-Agent: supervive-loadout-shim

#1862 22:09:28.468  GET /revival/loadout
    -> 200  (0s)
    User-Agent: supervive-loadout-shim

#1863 22:09:28.652  GET /revival/loadout
    -> 200  (0s)
    User-Agent: supervive-loadout-shim

#1864 22:09:28.835  GET /revival/loadout
    -> 200  (0s)
    User-Agent: supervive-loadout-shim

#1865 22:09:29.020  GET /revival/loadout
    -> 200  (0s)
    User-Agent: supervive-loadout-shim

#1866 22:09:29.199  GET /revival/loadout
    -> 200  (0s)
    User-Agent: supervive-loadout-shim

#1867 22:09:29.375  GET /revival/loadout
    -> 200  (0s)
    User-Agent: supervive-loadout-shim

#1868 22:09:29.550  GET /revival/loadout
    -> 200  (0s)
    User-Agent: supervive-loadout-shim

#1869 22:09:29.734  GET /revival/loadout
    -> 200  (0s)
    User-Agent: supervive-loadout-shim

#1870 22:09:29.916  GET /revival/loadout
    -> 200  (0s)
    User-Agent: supervive-loadout-shim

#1871 22:09:30.092  GET /revival/loadout
    -> 200  (0s)
    User-Agent: supervive-loadout-shim

#1872 22:09:30.278  GET /revival/loadout
    -> 200  (0s)
    User-Agent: supervive-loadout-shim

#1873 22:09:30.475  GET /revival/loadout
    -> 200  (0s)
    User-Agent: supervive-loadout-shim

#1874 22:09:30.692  GET /revival/loadout
    -> 200  (0s)
    User-Agent: supervive-loadout-shim

#1875 22:09:30.878  GET /revival/loadout
    -> 200  (0s)
    User-Agent: supervive-loadout-shim

#1876 22:09:31.139  GET /revival/loadout
    -> 200  (0s)
    User-Agent: supervive-loadout-shim

#1877 22:09:31.400  GET /revival/loadout
    -> 200  (0s)
    User-Agent: supervive-loadout-shim

#1878 22:09:31.651  GET /revival/loadout
    -> 200  (0s)
    User-Agent: supervive-loadout-shim

#1879 22:09:31.914  GET /revival/loadout
    -> 200  (0s)
    User-Agent: supervive-loadout-shim

* 22:09:32.171  WS <- /notifications/players/9b9d2c887e2524f918e383a895f2f1c2 BINARY (2 bytes) 6862

#1881 22:09:32.223  GET /revival/loadout
    -> 200  (0s)
    User-Agent: supervive-loadout-shim

#1880 22:09:32.171  GET /party/matchmaking/info
    -> 200  (0s)
    Accept: */*
    Authorization: Bearer eyJhbGciOiJSUzI1NiIsImtpZCI6InN1cGVydml2ZS1yZXZpdmFsLWtleS0xIiwidHlwIjoiSldUIn0.eyJiYW5zIjpbXSwiY2xpZW50X2lkIjoiYmE4ZmI1OWEzNGJiNDgxYWJjYTA4YzQ2YmE0ODgwMjUiLCJjb3VudHJ5IjoiVVMiLCJkaXNwbGF5X25hbWUiOiJSZXZpdmVyIiwiZXhwIjoxNzg2OTI5MjgzLCJpYXQiOjE3ODY4NDI4ODMsImlzX2NvbXBseSI6dHJ1ZSwiamZsZ3MiOjAsIm5hbWVzcGFjZSI6InN1cGVydml2ZSIsIm5iZiI6MTc4Njg0MjgyMywicGVybWlzc2lvbnMiOlt7IkFjdGlvbiI6MTUsIlJlc291cmNlIjoiTkFNRVNQQUNFOnN1cGVydml2ZToqIn0seyJBY3Rpb24iOjE1LCJSZXNvdXJjZSI6IkFETUlOOk5BTUVTUEFDRTpzdXBlcnZpdmU6KiJ9XSwicm9sZXMiOltdLCJzY29wZSI6ImNvbW1lcmNlIGFjY291bnQgc29jaWFsIHB1Ymxpc2hpbmcgYW5hbHl0aWNzIiwic3ViIjoiOWI5ZDJjODg3ZTI1MjRmOTE4ZTM4M2E4OTVmMmYxYzIiLCJ1bmlxdWVEaXNwbGF5TmFtZSI6IlJldml2ZXIjMDAwMSIsInVuaXF1ZV9kaXNwbGF5X25hbWUiOiJSZXZpdmVyIzAwMDEifQ.fv8xRcCKsGH-kO-Yy5UkjIPChaqt0XYnodWf6hdS9uvwgLBx_Gpa6LtecHNO-sBxhNPFiTKP9dX9Vt7yMu-Z2L8x2NIYZSvJXh40Ti4JY4OCIKzNCZ-YroW2-mPGnTu0jObkHPxrOs8nMbQ1S2Hi3HfrJfBHW0DD2Mm_lj8eplsA1NBAf-F9J2DlvHPr9kizT9wglS9ihvwZNO1BzZRUmktpPOIJ9CVv6co8pPXv-Wflq_6jaSTwOMwqVFHrCD8lO4aYOVGBrPvv5hex5JJgstKYqepEYKv8fxQNbyzSoWGDQOqnxcv5hsjkdXZI29YJnzEWQdRhUjt3Y6Bxnjgp-A
    X-Theorycraft-Clientversion: release2.4.live-156430-shipping
    User-Agent: Loki/UE5-CL-0 (http-legacy) Windows/10.0.19045.1.256.64bit

* 22:09:32.549  WS -> /notifications/players/9b9d2c887e2524f918e383a895f2f1c2 TEXT hb reply {"Resource":"hb","Version":0,"Payload":""}

#1882 22:09:32.728  GET /revival/loadout
    -> 200  (1ms)
    User-Agent: supervive-loadout-shim

#1883 22:09:32.925  GET /revival/loadout
    -> 200  (0s)
    User-Agent: supervive-loadout-shim

#1884 22:09:33.139  GET /revival/loadout
    -> 200  (0s)
    User-Agent: supervive-loadout-shim

#1885 22:09:33.344  GET /revival/loadout
    -> 200  (0s)
    User-Agent: supervive-loadout-shim

#1886 22:09:33.647  GET /revival/loadout
    -> 200  (0s)
    User-Agent: supervive-loadout-shim

#1887 22:09:33.857  GET /revival/loadout
    -> 200  (0s)
    User-Agent: supervive-loadout-shim

#1888 22:09:33.887  GET /configuration/client?language=en
    -> 200  (0s)
    Accept: */*
    X-Theorycraft-Clientversion: release2.4.live-156430-shipping
    User-Agent: Loki/UE5-CL-0 (http-legacy) Windows/10.0.19045.1.256.64bit
    Authorization: Bearer eyJhbGciOiJSUzI1NiIsImtpZCI6InN1cGVydml2ZS1yZXZpdmFsLWtleS0xIiwidHlwIjoiSldUIn0.eyJiYW5zIjpbXSwiY2xpZW50X2lkIjoiYmE4ZmI1OWEzNGJiNDgxYWJjYTA4YzQ2YmE0ODgwMjUiLCJjb3VudHJ5IjoiVVMiLCJkaXNwbGF5X25hbWUiOiJSZXZpdmVyIiwiZXhwIjoxNzg2OTI5MjgzLCJpYXQiOjE3ODY4NDI4ODMsImlzX2NvbXBseSI6dHJ1ZSwiamZsZ3MiOjAsIm5hbWVzcGFjZSI6InN1cGVydml2ZSIsIm5iZiI6MTc4Njg0MjgyMywicGVybWlzc2lvbnMiOlt7IkFjdGlvbiI6MTUsIlJlc291cmNlIjoiTkFNRVNQQUNFOnN1cGVydml2ZToqIn0seyJBY3Rpb24iOjE1LCJSZXNvdXJjZSI6IkFETUlOOk5BTUVTUEFDRTpzdXBlcnZpdmU6KiJ9XSwicm9sZXMiOltdLCJzY29wZSI6ImNvbW1lcmNlIGFjY291bnQgc29jaWFsIHB1Ymxpc2hpbmcgYW5hbHl0aWNzIiwic3ViIjoiOWI5ZDJjODg3ZTI1MjRmOTE4ZTM4M2E4OTVmMmYxYzIiLCJ1bmlxdWVEaXNwbGF5TmFtZSI6IlJldml2ZXIjMDAwMSIsInVuaXF1ZV9kaXNwbGF5X25hbWUiOiJSZXZpdmVyIzAwMDEifQ.fv8xRcCKsGH-kO-Yy5UkjIPChaqt0XYnodWf6hdS9uvwgLBx_Gpa6LtecHNO-sBxhNPFiTKP9dX9Vt7yMu-Z2L8x2NIYZSvJXh40Ti4JY4OCIKzNCZ-YroW2-mPGnTu0jObkHPxrOs8nMbQ1S2Hi3HfrJfBHW0DD2Mm_lj8eplsA1NBAf-F9J2DlvHPr9kizT9wglS9ihvwZNO1BzZRUmktpPOIJ9CVv6co8pPXv-Wflq_6jaSTwOMwqVFHrCD8lO4aYOVGBrPvv5hex5JJgstKYqepEYKv8fxQNbyzSoWGDQOqnxcv5hsjkdXZI29YJnzEWQdRhUjt3Y6Bxnjgp-A

#1889 22:09:33.922  GET /content-service/manifest/release2.4.live-156430-shipping?nonEnabledOnly=true
    -> 200  (0s)
    X-Theorycraft-Clientversion: release2.4.live-156430-shipping
    Authorization: Bearer eyJhbGciOiJSUzI1NiIsImtpZCI6InN1cGVydml2ZS1yZXZpdmFsLWtleS0xIiwidHlwIjoiSldUIn0.eyJiYW5zIjpbXSwiY2xpZW50X2lkIjoiYmE4ZmI1OWEzNGJiNDgxYWJjYTA4YzQ2YmE0ODgwMjUiLCJjb3VudHJ5IjoiVVMiLCJkaXNwbGF5X25hbWUiOiJSZXZpdmVyIiwiZXhwIjoxNzg2OTI5MjgzLCJpYXQiOjE3ODY4NDI4ODMsImlzX2NvbXBseSI6dHJ1ZSwiamZsZ3MiOjAsIm5hbWVzcGFjZSI6InN1cGVydml2ZSIsIm5iZiI6MTc4Njg0MjgyMywicGVybWlzc2lvbnMiOlt7IkFjdGlvbiI6MTUsIlJlc291cmNlIjoiTkFNRVNQQUNFOnN1cGVydml2ZToqIn0seyJBY3Rpb24iOjE1LCJSZXNvdXJjZSI6IkFETUlOOk5BTUVTUEFDRTpzdXBlcnZpdmU6KiJ9XSwicm9sZXMiOltdLCJzY29wZSI6ImNvbW1lcmNlIGFjY291bnQgc29jaWFsIHB1Ymxpc2hpbmcgYW5hbHl0aWNzIiwic3ViIjoiOWI5ZDJjODg3ZTI1MjRmOTE4ZTM4M2E4OTVmMmYxYzIiLCJ1bmlxdWVEaXNwbGF5TmFtZSI6IlJldml2ZXIjMDAwMSIsInVuaXF1ZV9kaXNwbGF5X25hbWUiOiJSZXZpdmVyIzAwMDEifQ.fv8xRcCKsGH-kO-Yy5UkjIPChaqt0XYnodWf6hdS9uvwgLBx_Gpa6LtecHNO-sBxhNPFiTKP9dX9Vt7yMu-Z2L8x2NIYZSvJXh40Ti4JY4OCIKzNCZ-YroW2-mPGnTu0jObkHPxrOs8nMbQ1S2Hi3HfrJfBHW0DD2Mm_lj8eplsA1NBAf-F9J2DlvHPr9kizT9wglS9ihvwZNO1BzZRUmktpPOIJ9CVv6co8pPXv-Wflq_6jaSTwOMwqVFHrCD8lO4aYOVGBrPvv5hex5JJgstKYqepEYKv8fxQNbyzSoWGDQOqnxcv5hsjkdXZI29YJnzEWQdRhUjt3Y6Bxnjgp-A
    User-Agent: Loki/UE5-CL-0 (http-legacy) Windows/10.0.19045.1.256.64bit
    Accept: */*

#1890 22:09:34.050  GET /revival/loadout
    -> 200  (0s)
    User-Agent: supervive-loadout-shim

#1891 22:09:34.232  GET /revival/loadout
    -> 200  (0s)
    User-Agent: supervive-loadout-shim

#1892 22:09:34.418  GET /revival/loadout
    -> 200  (0s)
    User-Agent: supervive-loadout-shim

#1893 22:09:34.621  GET /revival/loadout
    -> 200  (1ms)
    User-Agent: supervive-loadout-shim

* 22:09:34.775  WS <- /lobby TEXT ""

#1894 22:09:34.865  GET /revival/loadout
    -> 200  (0s)
    User-Agent: supervive-loadout-shim

#1895 22:09:35.068  GET /revival/loadout
    -> 200  (0s)
    User-Agent: supervive-loadout-shim

#1896 22:09:35.241  GET /revival/loadout
    -> 200  (0s)
    User-Agent: supervive-loadout-shim

#1897 22:09:35.422  GET /revival/loadout
    -> 200  (0s)
    User-Agent: supervive-loadout-shim

#1898 22:09:35.606  GET /revival/loadout
    -> 200  (0s)
    User-Agent: supervive-loadout-shim

#1899 22:09:35.780  GET /revival/loadout
    -> 200  (0s)
    User-Agent: supervive-loadout-shim

#1900 22:09:35.956  GET /revival/loadout
    -> 200  (0s)
    User-Agent: supervive-loadout-shim

#1901 22:09:36.220  GET /revival/loadout
    -> 200  (0s)
    User-Agent: supervive-loadout-shim

#1902 22:09:36.430  GET /revival/loadout
    -> 200  (1ms)
    User-Agent: supervive-loadout-shim

#1903 22:09:36.619  GET /revival/loadout
    -> 200  (0s)
    User-Agent: supervive-loadout-shim

#1904 22:09:36.829  GET /revival/loadout
    -> 200  (0s)
    User-Agent: supervive-loadout-shim

#1905 22:09:37.024  GET /revival/loadout
    -> 200  (0s)
    User-Agent: supervive-loadout-shim

#1906 22:09:37.235  GET /revival/loadout
    -> 200  (0s)
    User-Agent: supervive-loadout-shim

#1907 22:09:37.422  GET /revival/loadout
    -> 200  (0s)
    User-Agent: supervive-loadout-shim

#1908 22:09:37.651  GET /revival/loadout
    -> 200  (0s)
    User-Agent: supervive-loadout-shim

#1909 22:09:38.025  GET /revival/loadout
    -> 200  (0s)
    User-Agent: supervive-loadout-shim

#1910 22:09:38.210  GET /revival/loadout
    -> 200  (0s)
    User-Agent: supervive-loadout-shim

#1911 22:09:38.401  GET /revival/loadout
    -> 200  (0s)
    User-Agent: supervive-loadout-shim

#1912 22:09:38.607  GET /revival/loadout
    -> 200  (0s)
    User-Agent: supervive-loadout-shim

#1913 22:09:38.784  GET /revival/loadout
    -> 200  (0s)
    User-Agent: supervive-loadout-shim

#1914 22:09:39.108  GET /revival/loadout
    -> 200  (0s)
    User-Agent: supervive-loadout-shim

#1915 22:09:39.279  GET /revival/loadout
    -> 200  (0s)
    User-Agent: supervive-loadout-shim

#1916 22:09:39.493  GET /revival/loadout
    -> 200  (0s)
    User-Agent: supervive-loadout-shim

#1917 22:09:39.676  GET /revival/loadout
    -> 200  (0s)
    User-Agent: supervive-loadout-shim

#1918 22:09:39.873  GET /revival/loadout
    -> 200  (0s)
    User-Agent: supervive-loadout-shim

#1919 22:09:40.053  GET /revival/loadout
    -> 200  (0s)
    User-Agent: supervive-loadout-shim

#1920 22:09:40.271  GET /revival/loadout
    -> 200  (0s)
    User-Agent: supervive-loadout-shim

#1921 22:09:40.554  GET /revival/loadout
    -> 200  (0s)
    User-Agent: supervive-loadout-shim

#1922 22:09:40.753  GET /revival/loadout
    -> 200  (0s)
    User-Agent: supervive-loadout-shim

#1923 22:09:40.934  GET /revival/loadout
    -> 200  (0s)
    User-Agent: supervive-loadout-shim

#1924 22:09:41.119  GET /revival/loadout
    -> 200  (0s)
    User-Agent: supervive-loadout-shim

#1925 22:09:41.301  GET /revival/loadout
    -> 200  (0s)
    User-Agent: supervive-loadout-shim

#1926 22:09:41.508  GET /revival/loadout
    -> 200  (0s)
    User-Agent: supervive-loadout-shim

#1927 22:09:41.693  POST /game-telemetry/v1/protected/events
    -> 200  (0s)
    Content-Type: application/json
    Authorization: Bearer eyJhbGciOiJSUzI1NiIsImtpZCI6InN1cGVydml2ZS1yZXZpdmFsLWtleS0xIiwidHlwIjoiSldUIn0.eyJiYW5zIjpbXSwiY2xpZW50X2lkIjoiYmE4ZmI1OWEzNGJiNDgxYWJjYTA4YzQ2YmE0ODgwMjUiLCJjb3VudHJ5IjoiVVMiLCJkaXNwbGF5X25hbWUiOiJSZXZpdmVyIiwiZXhwIjoxNzg2OTI5MjgzLCJpYXQiOjE3ODY4NDI4ODMsImlzX2NvbXBseSI6dHJ1ZSwiamZsZ3MiOjAsIm5hbWVzcGFjZSI6InN1cGVydml2ZSIsIm5iZiI6MTc4Njg0MjgyMywicGVybWlzc2lvbnMiOlt7IkFjdGlvbiI6MTUsIlJlc291cmNlIjoiTkFNRVNQQUNFOnN1cGVydml2ZToqIn0seyJBY3Rpb24iOjE1LCJSZXNvdXJjZSI6IkFETUlOOk5BTUVTUEFDRTpzdXBlcnZpdmU6KiJ9XSwicm9sZXMiOltdLCJzY29wZSI6ImNvbW1lcmNlIGFjY291bnQgc29jaWFsIHB1Ymxpc2hpbmcgYW5hbHl0aWNzIiwic3ViIjoiOWI5ZDJjODg3ZTI1MjRmOTE4ZTM4M2E4OTVmMmYxYzIiLCJ1bmlxdWVEaXNwbGF5TmFtZSI6IlJldml2ZXIjMDAwMSIsInVuaXF1ZV9kaXNwbGF5X25hbWUiOiJSZXZpdmVyIzAwMDEifQ.fv8xRcCKsGH-kO-Yy5UkjIPChaqt0XYnodWf6hdS9uvwgLBx_Gpa6LtecHNO-sBxhNPFiTKP9dX9Vt7yMu-Z2L8x2NIYZSvJXh40Ti4JY4OCIKzNCZ-YroW2-mPGnTu0jObkHPxrOs8nMbQ1S2Hi3HfrJfBHW0DD2Mm_lj8eplsA1NBAf-F9J2DlvHPr9kizT9wglS9ihvwZNO1BzZRUmktpPOIJ9CVv6co8pPXv-Wflq_6jaSTwOMwqVFHrCD8lO4aYOVGBrPvv5hex5JJgstKYqepEYKv8fxQNbyzSoWGDQOqnxcv5hsjkdXZI29YJnzEWQdRhUjt3Y6Bxnjgp-A
    User-Agent: Loki/UE5-CL-0 (http-legacy) Windows/10.0.19045.1.256.64bit
    Accept: application/json
    Game-Client-Version: 1.0.0.0
    body: [
	{
		"EventNamespace": "loki",
		"EventName": "client_network_samples_snapshot",
		"Payload":
		{
			"sessionId": "96103a7341a019677b2c239ad381e488",
			"PlayerId": "9b9d2c887e2524f918e383a895f2f1c2",
			"timestamp": "2026-08-16T03:08:48.051Z",
			"inAveragePacketLoss": 0,
			"outAveragePacketLoss": 0,
			"HardwareId": "c1795a173f53c6f72e8b0125f11309c6"
		},
		"ClientTimestamp": "2026-08-16T03:09:40.269Z",
		"flightId": "fe0275c749fce947c3902a860f491a1d",
		"DeviceType": "Windows"
	}
]

#1928 22:09:41.708  GET /revival/loadout
    -> 200  (0s)
    User-Agent: supervive-loadout-shim

#1929 22:09:41.921  GET /revival/loadout
    -> 200  (0s)
    User-Agent: supervive-loadout-shim

#1930 22:09:42.112  GET /revival/loadout
    -> 200  (0s)
    User-Agent: supervive-loadout-shim

#1931 22:09:42.300  GET /revival/loadout
    -> 200  (0s)
    User-Agent: supervive-loadout-shim

#1932 22:09:42.483  GET /revival/loadout
    -> 200  (1ms)
    User-Agent: supervive-loadout-shim

#1933 22:09:42.672  GET /revival/loadout
    -> 200  (0s)
    User-Agent: supervive-loadout-shim

#1934 22:09:42.853  GET /revival/loadout
    -> 200  (0s)
    User-Agent: supervive-loadout-shim

#1935 22:09:43.031  GET /revival/loadout
    -> 200  (0s)
    User-Agent: supervive-loadout-shim

#1936 22:09:43.265  GET /revival/loadout
    -> 200  (0s)
    User-Agent: supervive-loadout-shim

#1937 22:09:43.452  GET /revival/loadout
    -> 200  (1ms)
    User-Agent: supervive-loadout-shim

#1938 22:09:43.650  GET /revival/loadout
    -> 200  (0s)
    User-Agent: supervive-loadout-shim

#1939 22:09:43.843  GET /revival/loadout
    -> 200  (0s)
    User-Agent: supervive-loadout-shim

#1940 22:09:44.030  GET /revival/loadout
    -> 200  (0s)
    User-Agent: supervive-loadout-shim

#1941 22:09:44.224  GET /revival/loadout
    -> 200  (1ms)
    User-Agent: supervive-loadout-shim

#1942 22:09:44.413  GET /revival/loadout
    -> 200  (0s)
    User-Agent: supervive-loadout-shim

#1943 22:09:44.627  GET /revival/loadout
    -> 200  (0s)
    User-Agent: supervive-loadout-shim

#1944 22:09:44.815  GET /revival/loadout
    -> 200  (0s)
    User-Agent: supervive-loadout-shim

#1945 22:09:45.025  GET /revival/loadout
    -> 200  (0s)
    User-Agent: supervive-loadout-shim

#1946 22:09:45.218  GET /revival/loadout
    -> 200  (0s)
    User-Agent: supervive-loadout-shim

#1947 22:09:45.371  POST /party/parties/party-9b9d2c887e2524f918e383a895f2f1c2/members/9b9d2c887e2524f918e383a895f2f1c2/latencies
    -> 200  (0s)
    User-Agent: Loki/UE5-CL-0 (http-legacy) Windows/10.0.19045.1.256.64bit
    Accept: */*
    X-Theorycraft-Clientversion: release2.4.live-156430-shipping
    Authorization: Bearer eyJhbGciOiJSUzI1NiIsImtpZCI6InN1cGVydml2ZS1yZXZpdmFsLWtleS0xIiwidHlwIjoiSldUIn0.eyJiYW5zIjpbXSwiY2xpZW50X2lkIjoiYmE4ZmI1OWEzNGJiNDgxYWJjYTA4YzQ2YmE0ODgwMjUiLCJjb3VudHJ5IjoiVVMiLCJkaXNwbGF5X25hbWUiOiJSZXZpdmVyIiwiZXhwIjoxNzg2OTI5MjgzLCJpYXQiOjE3ODY4NDI4ODMsImlzX2NvbXBseSI6dHJ1ZSwiamZsZ3MiOjAsIm5hbWVzcGFjZSI6InN1cGVydml2ZSIsIm5iZiI6MTc4Njg0MjgyMywicGVybWlzc2lvbnMiOlt7IkFjdGlvbiI6MTUsIlJlc291cmNlIjoiTkFNRVNQQUNFOnN1cGVydml2ZToqIn0seyJBY3Rpb24iOjE1LCJSZXNvdXJjZSI6IkFETUlOOk5BTUVTUEFDRTpzdXBlcnZpdmU6KiJ9XSwicm9sZXMiOltdLCJzY29wZSI6ImNvbW1lcmNlIGFjY291bnQgc29jaWFsIHB1Ymxpc2hpbmcgYW5hbHl0aWNzIiwic3ViIjoiOWI5ZDJjODg3ZTI1MjRmOTE4ZTM4M2E4OTVmMmYxYzIiLCJ1bmlxdWVEaXNwbGF5TmFtZSI6IlJldml2ZXIjMDAwMSIsInVuaXF1ZV9kaXNwbGF5X25hbWUiOiJSZXZpdmVyIzAwMDEifQ.fv8xRcCKsGH-kO-Yy5UkjIPChaqt0XYnodWf6hdS9uvwgLBx_Gpa6LtecHNO-sBxhNPFiTKP9dX9Vt7yMu-Z2L8x2NIYZSvJXh40Ti4JY4OCIKzNCZ-YroW2-mPGnTu0jObkHPxrOs8nMbQ1S2Hi3HfrJfBHW0DD2Mm_lj8eplsA1NBAf-F9J2DlvHPr9kizT9wglS9ihvwZNO1BzZRUmktpPOIJ9CVv6co8pPXv-Wflq_6jaSTwOMwqVFHrCD8lO4aYOVGBrPvv5hex5JJgstKYqepEYKv8fxQNbyzSoWGDQOqnxcv5hsjkdXZI29YJnzEWQdRhUjt3Y6Bxnjgp-A
    Content-Type: application/json
    body: {"latencies":[{"host":"127.0.0.1","region":"us-east-1","route":"default","avgLatency":8}]}

#1948 22:09:45.436  GET /revival/loadout
    -> 200  (0s)
    User-Agent: supervive-loadout-shim

#1949 22:09:45.636  GET /party/players/9b9d2c887e2524f918e383a895f2f1c2/voice
    -> 200  (0s)
    Accept: */*
    X-Theorycraft-Clientversion: release2.4.live-156430-shipping
    Authorization: Bearer eyJhbGciOiJSUzI1NiIsImtpZCI6InN1cGVydml2ZS1yZXZpdmFsLWtleS0xIiwidHlwIjoiSldUIn0.eyJiYW5zIjpbXSwiY2xpZW50X2lkIjoiYmE4ZmI1OWEzNGJiNDgxYWJjYTA4YzQ2YmE0ODgwMjUiLCJjb3VudHJ5IjoiVVMiLCJkaXNwbGF5X25hbWUiOiJSZXZpdmVyIiwiZXhwIjoxNzg2OTI5MjgzLCJpYXQiOjE3ODY4NDI4ODMsImlzX2NvbXBseSI6dHJ1ZSwiamZsZ3MiOjAsIm5hbWVzcGFjZSI6InN1cGVydml2ZSIsIm5iZiI6MTc4Njg0MjgyMywicGVybWlzc2lvbnMiOlt7IkFjdGlvbiI6MTUsIlJlc291cmNlIjoiTkFNRVNQQUNFOnN1cGVydml2ZToqIn0seyJBY3Rpb24iOjE1LCJSZXNvdXJjZSI6IkFETUlOOk5BTUVTUEFDRTpzdXBlcnZpdmU6KiJ9XSwicm9sZXMiOltdLCJzY29wZSI6ImNvbW1lcmNlIGFjY291bnQgc29jaWFsIHB1Ymxpc2hpbmcgYW5hbHl0aWNzIiwic3ViIjoiOWI5ZDJjODg3ZTI1MjRmOTE4ZTM4M2E4OTVmMmYxYzIiLCJ1bmlxdWVEaXNwbGF5TmFtZSI6IlJldml2ZXIjMDAwMSIsInVuaXF1ZV9kaXNwbGF5X25hbWUiOiJSZXZpdmVyIzAwMDEifQ.fv8xRcCKsGH-kO-Yy5UkjIPChaqt0XYnodWf6hdS9uvwgLBx_Gpa6LtecHNO-sBxhNPFiTKP9dX9Vt7yMu-Z2L8x2NIYZSvJXh40Ti4JY4OCIKzNCZ-YroW2-mPGnTu0jObkHPxrOs8nMbQ1S2Hi3HfrJfBHW0DD2Mm_lj8eplsA1NBAf-F9J2DlvHPr9kizT9wglS9ihvwZNO1BzZRUmktpPOIJ9CVv6co8pPXv-Wflq_6jaSTwOMwqVFHrCD8lO4aYOVGBrPvv5hex5JJgstKYqepEYKv8fxQNbyzSoWGDQOqnxcv5hsjkdXZI29YJnzEWQdRhUjt3Y6Bxnjgp-A
    User-Agent: Loki/UE5-CL-0 (http-legacy) Windows/10.0.19045.1.256.64bit

#1950 22:09:45.786  GET /revival/loadout
    -> 200  (0s)
    User-Agent: supervive-loadout-shim

#1951 22:09:46.105  GET /revival/loadout
    -> 200  (0s)
    User-Agent: supervive-loadout-shim

#1952 22:09:46.446  GET /revival/loadout
    -> 200  (0s)
    User-Agent: supervive-loadout-shim

#1953 22:09:46.892  GET /revival/loadout
    -> 200  (0s)
    User-Agent: supervive-loadout-shim

#1954 22:09:47.171  GET /revival/loadout
    -> 200  (0s)
    User-Agent: supervive-loadout-shim

#1955 22:09:47.427  GET /revival/loadout
    -> 200  (0s)
    User-Agent: supervive-loadout-shim

#1956 22:09:47.614  GET /revival/loadout
    -> 200  (0s)
    User-Agent: supervive-loadout-shim

#1957 22:09:47.931  GET /revival/loadout
    -> 200  (0s)
    User-Agent: supervive-loadout-shim

#1958 22:09:48.155  GET /revival/loadout
    -> 200  (0s)
    User-Agent: supervive-loadout-shim

#1959 22:09:48.370  GET /revival/loadout
    -> 200  (0s)
    User-Agent: supervive-loadout-shim

#1960 22:09:48.677  GET /revival/loadout
    -> 200  (0s)
    User-Agent: supervive-loadout-shim

#1961 22:09:48.894  GET /revival/loadout
    -> 200  (1ms)
    User-Agent: supervive-loadout-shim

#1962 22:09:49.095  GET /revival/loadout
    -> 200  (0s)
    User-Agent: supervive-loadout-shim

#1963 22:09:49.374  GET /revival/loadout
    -> 200  (0s)
    User-Agent: supervive-loadout-shim

#1964 22:09:49.618  GET /revival/loadout
    -> 200  (0s)
    User-Agent: supervive-loadout-shim

#1965 22:09:49.904  GET /revival/loadout
    -> 200  (0s)
    User-Agent: supervive-loadout-shim

#1966 22:09:50.100  GET /revival/loadout
    -> 200  (0s)
    User-Agent: supervive-loadout-shim

#1967 22:09:50.284  GET /revival/loadout
    -> 200  (0s)
    User-Agent: supervive-loadout-shim

#1968 22:09:50.459  GET /revival/loadout
    -> 200  (0s)
    User-Agent: supervive-loadout-shim

#1969 22:09:50.642  GET /revival/loadout
    -> 200  (0s)
    User-Agent: supervive-loadout-shim

#1970 22:09:50.843  GET /revival/loadout
    -> 200  (0s)
    User-Agent: supervive-loadout-shim

#1971 22:09:51.050  GET /revival/loadout
    -> 200  (0s)
    User-Agent: supervive-loadout-shim

#1972 22:09:51.328  GET /revival/loadout
    -> 200  (0s)
    User-Agent: supervive-loadout-shim

#1973 22:09:51.524  GET /revival/loadout
    -> 200  (0s)
    User-Agent: supervive-loadout-shim

#1974 22:09:51.707  GET /revival/loadout
    -> 200  (0s)
    User-Agent: supervive-loadout-shim

#1975 22:09:51.893  GET /revival/loadout
    -> 200  (0s)
    User-Agent: supervive-loadout-shim

#1976 22:09:52.072  GET /revival/loadout
    -> 200  (0s)
    User-Agent: supervive-loadout-shim

#1977 22:09:52.257  GET /revival/loadout
    -> 200  (0s)
    User-Agent: supervive-loadout-shim

#1978 22:09:52.449  GET /revival/loadout
    -> 200  (0s)
    User-Agent: supervive-loadout-shim

#1979 22:09:52.742  GET /revival/loadout
    -> 200  (0s)
    User-Agent: supervive-loadout-shim

#1980 22:09:52.949  GET /revival/loadout
    -> 200  (0s)
    User-Agent: supervive-loadout-shim

#1981 22:09:53.137  GET /revival/loadout
    -> 200  (0s)
    User-Agent: supervive-loadout-shim

#1982 22:09:53.332  GET /revival/loadout
    -> 200  (0s)
    User-Agent: supervive-loadout-shim

#1983 22:09:53.517  GET /revival/loadout
    -> 200  (0s)
    User-Agent: supervive-loadout-shim

#1984 22:09:53.709  GET /revival/loadout
    -> 200  (0s)
    User-Agent: supervive-loadout-shim

#1985 22:09:54.060  GET /revival/loadout
    -> 200  (0s)
    User-Agent: supervive-loadout-shim

#1986 22:09:54.255  GET /revival/loadout
    -> 200  (0s)
    User-Agent: supervive-loadout-shim

#1987 22:09:54.440  GET /revival/loadout
    -> 200  (0s)
    User-Agent: supervive-loadout-shim

#1988 22:09:54.625  GET /revival/loadout
    -> 200  (0s)
    User-Agent: supervive-loadout-shim

#1989 22:09:54.830  GET /revival/loadout
    -> 200  (0s)
    User-Agent: supervive-loadout-shim

#1990 22:09:55.112  GET /revival/loadout
    -> 200  (0s)
    User-Agent: supervive-loadout-shim

#1991 22:09:55.378  GET /revival/loadout
    -> 200  (0s)
    User-Agent: supervive-loadout-shim

#1992 22:09:55.565  GET /revival/loadout
    -> 200  (0s)
    User-Agent: supervive-loadout-shim

#1993 22:09:55.781  GET /revival/loadout
    -> 200  (0s)
    User-Agent: supervive-loadout-shim

#1994 22:09:56.033  GET /revival/loadout
    -> 200  (0s)
    User-Agent: supervive-loadout-shim

#1995 22:09:56.670  GET /revival/loadout
    -> 200  (0s)
    User-Agent: supervive-loadout-shim

#1996 22:09:56.898  GET /revival/loadout
    -> 200  (0s)
    User-Agent: supervive-loadout-shim

#1997 22:09:57.099  GET /revival/loadout
    -> 200  (0s)
    User-Agent: supervive-loadout-shim

#1998 22:09:57.287  GET /revival/loadout
    -> 200  (0s)
    User-Agent: supervive-loadout-shim

#1999 22:09:57.471  GET /revival/loadout
    -> 200  (0s)
    User-Agent: supervive-loadout-shim

#2000 22:09:57.651  GET /revival/loadout
    -> 200  (0s)
    User-Agent: supervive-loadout-shim

#2001 22:09:57.822  GET /revival/loadout
    -> 200  (0s)
    User-Agent: supervive-loadout-shim

#2002 22:09:58.116  GET /revival/loadout
    -> 200  (0s)
    User-Agent: supervive-loadout-shim

#2003 22:09:58.291  GET /revival/loadout
    -> 200  (0s)
    User-Agent: supervive-loadout-shim

#2004 22:09:58.489  GET /revival/loadout
    -> 200  (0s)
    User-Agent: supervive-loadout-shim

#2005 22:09:58.702  GET /revival/loadout
    -> 200  (0s)
    User-Agent: supervive-loadout-shim

#2006 22:09:58.881  GET /revival/loadout
    -> 200  (0s)
    User-Agent: supervive-loadout-shim

#2007 22:09:59.077  GET /revival/loadout
    -> 200  (0s)
    User-Agent: supervive-loadout-shim

#2008 22:09:59.275  GET /revival/loadout
    -> 200  (0s)
    User-Agent: supervive-loadout-shim

#2009 22:09:59.613  GET /revival/loadout
    -> 200  (0s)
    User-Agent: supervive-loadout-shim

#2010 22:09:59.823  GET /revival/loadout
    -> 200  (0s)
    User-Agent: supervive-loadout-shim

#2011 22:10:00.030  GET /revival/loadout
    -> 200  (0s)
    User-Agent: supervive-loadout-shim

#2012 22:10:00.231  GET /revival/loadout
    -> 200  (0s)
    User-Agent: supervive-loadout-shim

#2013 22:10:00.541  GET /revival/loadout
    -> 200  (0s)
    User-Agent: supervive-loadout-shim

#2014 22:10:00.868  GET /revival/loadout
    -> 200  (0s)
    User-Agent: supervive-loadout-shim

#2015 22:10:01.053  GET /revival/loadout
    -> 200  (0s)
    User-Agent: supervive-loadout-shim

#2016 22:10:01.251  GET /revival/loadout
    -> 200  (0s)
    User-Agent: supervive-loadout-shim

#2017 22:10:01.434  GET /revival/loadout
    -> 200  (0s)
    User-Agent: supervive-loadout-shim

#2018 22:10:01.640  GET /revival/loadout
    -> 200  (0s)
    User-Agent: supervive-loadout-shim

#2019 22:10:01.821  GET /revival/loadout
    -> 200  (0s)
    User-Agent: supervive-loadout-shim

#2020 22:10:02.123  GET /revival/loadout
    -> 200  (0s)
    User-Agent: supervive-loadout-shim

#2022 22:10:02.213  GET /mailbox/config/version
    -> 200  (0s)
    X-Theorycraft-Clientversion: release2.4.live-156430-shipping
    Authorization: Bearer eyJhbGciOiJSUzI1NiIsImtpZCI6InN1cGVydml2ZS1yZXZpdmFsLWtleS0xIiwidHlwIjoiSldUIn0.eyJiYW5zIjpbXSwiY2xpZW50X2lkIjoiYmE4ZmI1OWEzNGJiNDgxYWJjYTA4YzQ2YmE0ODgwMjUiLCJjb3VudHJ5IjoiVVMiLCJkaXNwbGF5X25hbWUiOiJSZXZpdmVyIiwiZXhwIjoxNzg2OTI5MjgzLCJpYXQiOjE3ODY4NDI4ODMsImlzX2NvbXBseSI6dHJ1ZSwiamZsZ3MiOjAsIm5hbWVzcGFjZSI6InN1cGVydml2ZSIsIm5iZiI6MTc4Njg0MjgyMywicGVybWlzc2lvbnMiOlt7IkFjdGlvbiI6MTUsIlJlc291cmNlIjoiTkFNRVNQQUNFOnN1cGVydml2ZToqIn0seyJBY3Rpb24iOjE1LCJSZXNvdXJjZSI6IkFETUlOOk5BTUVTUEFDRTpzdXBlcnZpdmU6KiJ9XSwicm9sZXMiOltdLCJzY29wZSI6ImNvbW1lcmNlIGFjY291bnQgc29jaWFsIHB1Ymxpc2hpbmcgYW5hbHl0aWNzIiwic3ViIjoiOWI5ZDJjODg3ZTI1MjRmOTE4ZTM4M2E4OTVmMmYxYzIiLCJ1bmlxdWVEaXNwbGF5TmFtZSI6IlJldml2ZXIjMDAwMSIsInVuaXF1ZV9kaXNwbGF5X25hbWUiOiJSZXZpdmVyIzAwMDEifQ.fv8xRcCKsGH-kO-Yy5UkjIPChaqt0XYnodWf6hdS9uvwgLBx_Gpa6LtecHNO-sBxhNPFiTKP9dX9Vt7yMu-Z2L8x2NIYZSvJXh40Ti4JY4OCIKzNCZ-YroW2-mPGnTu0jObkHPxrOs8nMbQ1S2Hi3HfrJfBHW0DD2Mm_lj8eplsA1NBAf-F9J2DlvHPr9kizT9wglS9ihvwZNO1BzZRUmktpPOIJ9CVv6co8pPXv-Wflq_6jaSTwOMwqVFHrCD8lO4aYOVGBrPvv5hex5JJgstKYqepEYKv8fxQNbyzSoWGDQOqnxcv5hsjkdXZI29YJnzEWQdRhUjt3Y6Bxnjgp-A
    User-Agent: Loki/UE5-CL-0 (http-legacy) Windows/10.0.19045.1.256.64bit
    Accept: */*

#2021 22:10:02.213  GET /party/matchmaking/info
    -> 200  (0s)
    Accept: */*
    X-Theorycraft-Clientversion: release2.4.live-156430-shipping
    Authorization: Bearer eyJhbGciOiJSUzI1NiIsImtpZCI6InN1cGVydml2ZS1yZXZpdmFsLWtleS0xIiwidHlwIjoiSldUIn0.eyJiYW5zIjpbXSwiY2xpZW50X2lkIjoiYmE4ZmI1OWEzNGJiNDgxYWJjYTA4YzQ2YmE0ODgwMjUiLCJjb3VudHJ5IjoiVVMiLCJkaXNwbGF5X25hbWUiOiJSZXZpdmVyIiwiZXhwIjoxNzg2OTI5MjgzLCJpYXQiOjE3ODY4NDI4ODMsImlzX2NvbXBseSI6dHJ1ZSwiamZsZ3MiOjAsIm5hbWVzcGFjZSI6InN1cGVydml2ZSIsIm5iZiI6MTc4Njg0MjgyMywicGVybWlzc2lvbnMiOlt7IkFjdGlvbiI6MTUsIlJlc291cmNlIjoiTkFNRVNQQUNFOnN1cGVydml2ZToqIn0seyJBY3Rpb24iOjE1LCJSZXNvdXJjZSI6IkFETUlOOk5BTUVTUEFDRTpzdXBlcnZpdmU6KiJ9XSwicm9sZXMiOltdLCJzY29wZSI6ImNvbW1lcmNlIGFjY291bnQgc29jaWFsIHB1Ymxpc2hpbmcgYW5hbHl0aWNzIiwic3ViIjoiOWI5ZDJjODg3ZTI1MjRmOTE4ZTM4M2E4OTVmMmYxYzIiLCJ1bmlxdWVEaXNwbGF5TmFtZSI6IlJldml2ZXIjMDAwMSIsInVuaXF1ZV9kaXNwbGF5X25hbWUiOiJSZXZpdmVyIzAwMDEifQ.fv8xRcCKsGH-kO-Yy5UkjIPChaqt0XYnodWf6hdS9uvwgLBx_Gpa6LtecHNO-sBxhNPFiTKP9dX9Vt7yMu-Z2L8x2NIYZSvJXh40Ti4JY4OCIKzNCZ-YroW2-mPGnTu0jObkHPxrOs8nMbQ1S2Hi3HfrJfBHW0DD2Mm_lj8eplsA1NBAf-F9J2DlvHPr9kizT9wglS9ihvwZNO1BzZRUmktpPOIJ9CVv6co8pPXv-Wflq_6jaSTwOMwqVFHrCD8lO4aYOVGBrPvv5hex5JJgstKYqepEYKv8fxQNbyzSoWGDQOqnxcv5hsjkdXZI29YJnzEWQdRhUjt3Y6Bxnjgp-A
    User-Agent: Loki/UE5-CL-0 (http-legacy) Windows/10.0.19045.1.256.64bit

#2023 22:10:02.218  GET /core-game/regions
    -> 200  (0s)
    User-Agent: Loki/UE5-CL-0 (http-legacy) Windows/10.0.19045.1.256.64bit
    Accept: */*
    X-Theorycraft-Clientversion: release2.4.live-156430-shipping
    Authorization: Bearer eyJhbGciOiJSUzI1NiIsImtpZCI6InN1cGVydml2ZS1yZXZpdmFsLWtleS0xIiwidHlwIjoiSldUIn0.eyJiYW5zIjpbXSwiY2xpZW50X2lkIjoiYmE4ZmI1OWEzNGJiNDgxYWJjYTA4YzQ2YmE0ODgwMjUiLCJjb3VudHJ5IjoiVVMiLCJkaXNwbGF5X25hbWUiOiJSZXZpdmVyIiwiZXhwIjoxNzg2OTI5MjgzLCJpYXQiOjE3ODY4NDI4ODMsImlzX2NvbXBseSI6dHJ1ZSwiamZsZ3MiOjAsIm5hbWVzcGFjZSI6InN1cGVydml2ZSIsIm5iZiI6MTc4Njg0MjgyMywicGVybWlzc2lvbnMiOlt7IkFjdGlvbiI6MTUsIlJlc291cmNlIjoiTkFNRVNQQUNFOnN1cGVydml2ZToqIn0seyJBY3Rpb24iOjE1LCJSZXNvdXJjZSI6IkFETUlOOk5BTUVTUEFDRTpzdXBlcnZpdmU6KiJ9XSwicm9sZXMiOltdLCJzY29wZSI6ImNvbW1lcmNlIGFjY291bnQgc29jaWFsIHB1Ymxpc2hpbmcgYW5hbHl0aWNzIiwic3ViIjoiOWI5ZDJjODg3ZTI1MjRmOTE4ZTM4M2E4OTVmMmYxYzIiLCJ1bmlxdWVEaXNwbGF5TmFtZSI6IlJldml2ZXIjMDAwMSIsInVuaXF1ZV9kaXNwbGF5X25hbWUiOiJSZXZpdmVyIzAwMDEifQ.fv8xRcCKsGH-kO-Yy5UkjIPChaqt0XYnodWf6hdS9uvwgLBx_Gpa6LtecHNO-sBxhNPFiTKP9dX9Vt7yMu-Z2L8x2NIYZSvJXh40Ti4JY4OCIKzNCZ-YroW2-mPGnTu0jObkHPxrOs8nMbQ1S2Hi3HfrJfBHW0DD2Mm_lj8eplsA1NBAf-F9J2DlvHPr9kizT9wglS9ihvwZNO1BzZRUmktpPOIJ9CVv6co8pPXv-Wflq_6jaSTwOMwqVFHrCD8lO4aYOVGBrPvv5hex5JJgstKYqepEYKv8fxQNbyzSoWGDQOqnxcv5hsjkdXZI29YJnzEWQdRhUjt3Y6Bxnjgp-A

#2024 22:10:02.396  GET /revival/loadout
    -> 200  (0s)
    User-Agent: supervive-loadout-shim

#2025 22:10:02.590  GET /revival/loadout
    -> 200  (0s)
    User-Agent: supervive-loadout-shim

* 22:10:02.642  WS -> /notifications/players/9b9d2c887e2524f918e383a895f2f1c2 BINARY hb (proactive 30s keepalive)

#2026 22:10:02.789  GET /revival/loadout
    -> 200  (0s)
    User-Agent: supervive-loadout-shim

#2027 22:10:02.976  GET /revival/loadout
    -> 200  (0s)
    User-Agent: supervive-loadout-shim

#2028 22:10:03.191  GET /revival/loadout
    -> 200  (0s)
    User-Agent: supervive-loadout-shim

#2029 22:10:03.514  GET /revival/loadout
    -> 200  (0s)
    User-Agent: supervive-loadout-shim

#2030 22:10:03.818  GET /revival/loadout
    -> 200  (0s)
    User-Agent: supervive-loadout-shim

#2031 22:10:03.899  GET /configuration/client?language=en
    -> 200  (1ms)
    Accept: */*
    X-Theorycraft-Clientversion: release2.4.live-156430-shipping
    Authorization: Bearer eyJhbGciOiJSUzI1NiIsImtpZCI6InN1cGVydml2ZS1yZXZpdmFsLWtleS0xIiwidHlwIjoiSldUIn0.eyJiYW5zIjpbXSwiY2xpZW50X2lkIjoiYmE4ZmI1OWEzNGJiNDgxYWJjYTA4YzQ2YmE0ODgwMjUiLCJjb3VudHJ5IjoiVVMiLCJkaXNwbGF5X25hbWUiOiJSZXZpdmVyIiwiZXhwIjoxNzg2OTI5MjgzLCJpYXQiOjE3ODY4NDI4ODMsImlzX2NvbXBseSI6dHJ1ZSwiamZsZ3MiOjAsIm5hbWVzcGFjZSI6InN1cGVydml2ZSIsIm5iZiI6MTc4Njg0MjgyMywicGVybWlzc2lvbnMiOlt7IkFjdGlvbiI6MTUsIlJlc291cmNlIjoiTkFNRVNQQUNFOnN1cGVydml2ZToqIn0seyJBY3Rpb24iOjE1LCJSZXNvdXJjZSI6IkFETUlOOk5BTUVTUEFDRTpzdXBlcnZpdmU6KiJ9XSwicm9sZXMiOltdLCJzY29wZSI6ImNvbW1lcmNlIGFjY291bnQgc29jaWFsIHB1Ymxpc2hpbmcgYW5hbHl0aWNzIiwic3ViIjoiOWI5ZDJjODg3ZTI1MjRmOTE4ZTM4M2E4OTVmMmYxYzIiLCJ1bmlxdWVEaXNwbGF5TmFtZSI6IlJldml2ZXIjMDAwMSIsInVuaXF1ZV9kaXNwbGF5X25hbWUiOiJSZXZpdmVyIzAwMDEifQ.fv8xRcCKsGH-kO-Yy5UkjIPChaqt0XYnodWf6hdS9uvwgLBx_Gpa6LtecHNO-sBxhNPFiTKP9dX9Vt7yMu-Z2L8x2NIYZSvJXh40Ti4JY4OCIKzNCZ-YroW2-mPGnTu0jObkHPxrOs8nMbQ1S2Hi3HfrJfBHW0DD2Mm_lj8eplsA1NBAf-F9J2DlvHPr9kizT9wglS9ihvwZNO1BzZRUmktpPOIJ9CVv6co8pPXv-Wflq_6jaSTwOMwqVFHrCD8lO4aYOVGBrPvv5hex5JJgstKYqepEYKv8fxQNbyzSoWGDQOqnxcv5hsjkdXZI29YJnzEWQdRhUjt3Y6Bxnjgp-A
    User-Agent: Loki/UE5-CL-0 (http-legacy) Windows/10.0.19045.1.256.64bit

#2032 22:10:03.933  GET /content-service/manifest/release2.4.live-156430-shipping?nonEnabledOnly=true
    -> 200  (0s)
    X-Theorycraft-Clientversion: release2.4.live-156430-shipping
    Authorization: Bearer eyJhbGciOiJSUzI1NiIsImtpZCI6InN1cGVydml2ZS1yZXZpdmFsLWtleS0xIiwidHlwIjoiSldUIn0.eyJiYW5zIjpbXSwiY2xpZW50X2lkIjoiYmE4ZmI1OWEzNGJiNDgxYWJjYTA4YzQ2YmE0ODgwMjUiLCJjb3VudHJ5IjoiVVMiLCJkaXNwbGF5X25hbWUiOiJSZXZpdmVyIiwiZXhwIjoxNzg2OTI5MjgzLCJpYXQiOjE3ODY4NDI4ODMsImlzX2NvbXBseSI6dHJ1ZSwiamZsZ3MiOjAsIm5hbWVzcGFjZSI6InN1cGVydml2ZSIsIm5iZiI6MTc4Njg0MjgyMywicGVybWlzc2lvbnMiOlt7IkFjdGlvbiI6MTUsIlJlc291cmNlIjoiTkFNRVNQQUNFOnN1cGVydml2ZToqIn0seyJBY3Rpb24iOjE1LCJSZXNvdXJjZSI6IkFETUlOOk5BTUVTUEFDRTpzdXBlcnZpdmU6KiJ9XSwicm9sZXMiOltdLCJzY29wZSI6ImNvbW1lcmNlIGFjY291bnQgc29jaWFsIHB1Ymxpc2hpbmcgYW5hbHl0aWNzIiwic3ViIjoiOWI5ZDJjODg3ZTI1MjRmOTE4ZTM4M2E4OTVmMmYxYzIiLCJ1bmlxdWVEaXNwbGF5TmFtZSI6IlJldml2ZXIjMDAwMSIsInVuaXF1ZV9kaXNwbGF5X25hbWUiOiJSZXZpdmVyIzAwMDEifQ.fv8xRcCKsGH-kO-Yy5UkjIPChaqt0XYnodWf6hdS9uvwgLBx_Gpa6LtecHNO-sBxhNPFiTKP9dX9Vt7yMu-Z2L8x2NIYZSvJXh40Ti4JY4OCIKzNCZ-YroW2-mPGnTu0jObkHPxrOs8nMbQ1S2Hi3HfrJfBHW0DD2Mm_lj8eplsA1NBAf-F9J2DlvHPr9kizT9wglS9ihvwZNO1BzZRUmktpPOIJ9CVv6co8pPXv-Wflq_6jaSTwOMwqVFHrCD8lO4aYOVGBrPvv5hex5JJgstKYqepEYKv8fxQNbyzSoWGDQOqnxcv5hsjkdXZI29YJnzEWQdRhUjt3Y6Bxnjgp-A
    User-Agent: Loki/UE5-CL-0 (http-legacy) Windows/10.0.19045.1.256.64bit
    Accept: */*

#2033 22:10:04.040  GET /revival/loadout
    -> 200  (0s)
    User-Agent: supervive-loadout-shim

#2034 22:10:04.242  GET /revival/loadout
    -> 200  (0s)
    User-Agent: supervive-loadout-shim

#2035 22:10:04.447  GET /revival/loadout
    -> 200  (0s)
    User-Agent: supervive-loadout-shim

#2036 22:10:04.636  GET /revival/loadout
    -> 200  (0s)
    User-Agent: supervive-loadout-shim

#2037 22:10:04.991  GET /revival/loadout
    -> 200  (0s)
    User-Agent: supervive-loadout-shim

* 22:10:05.125  WS <- /lobby TEXT ""

#2038 22:10:05.181  GET /revival/loadout
    -> 200  (0s)
    User-Agent: supervive-loadout-shim

#2039 22:10:05.395  GET /revival/loadout
    -> 200  (1ms)
    User-Agent: supervive-loadout-shim

#2040 22:10:05.632  GET /revival/loadout
    -> 200  (0s)
    User-Agent: supervive-loadout-shim

#2041 22:10:05.821  GET /revival/loadout
    -> 200  (0s)
    User-Agent: supervive-loadout-shim

#2042 22:10:06.057  GET /revival/loadout
    -> 200  (0s)
    User-Agent: supervive-loadout-shim

#2043 22:10:06.395  GET /revival/loadout
    -> 200  (0s)
    User-Agent: supervive-loadout-shim

#2044 22:10:06.614  GET /revival/loadout
    -> 200  (0s)
    User-Agent: supervive-loadout-shim

#2045 22:10:06.880  GET /revival/loadout
    -> 200  (0s)
    User-Agent: supervive-loadout-shim

#2046 22:10:07.080  GET /revival/loadout
    -> 200  (0s)
    User-Agent: supervive-loadout-shim

#2047 22:10:07.322  GET /revival/loadout
    -> 200  (0s)
    User-Agent: supervive-loadout-shim

#2048 22:10:07.603  GET /revival/loadout
    -> 200  (0s)
    User-Agent: supervive-loadout-shim

#2049 22:10:08.012  GET /revival/loadout
    -> 200  (0s)
    User-Agent: supervive-loadout-shim

#2050 22:10:08.240  GET /revival/loadout
    -> 200  (0s)
    User-Agent: supervive-loadout-shim

#2051 22:10:08.448  GET /revival/loadout
    -> 200  (0s)
    User-Agent: supervive-loadout-shim

#2052 22:10:08.679  GET /revival/loadout
    -> 200  (0s)
    User-Agent: supervive-loadout-shim

#2053 22:10:09.090  GET /revival/loadout
    -> 200  (0s)
    User-Agent: supervive-loadout-shim

#2054 22:10:09.353  GET /revival/loadout
    -> 200  (0s)
    User-Agent: supervive-loadout-shim

#2055 22:10:09.619  GET /revival/loadout
    -> 200  (0s)
    User-Agent: supervive-loadout-shim

#2056 22:10:09.803  GET /revival/loadout
    -> 200  (0s)
    User-Agent: supervive-loadout-shim

#2057 22:10:10.004  GET /revival/loadout
    -> 200  (0s)
    User-Agent: supervive-loadout-shim

#2058 22:10:10.311  GET /revival/loadout
    -> 200  (0s)
    User-Agent: supervive-loadout-shim

#2059 22:10:10.871  GET /revival/loadout
    -> 200  (0s)
    User-Agent: supervive-loadout-shim

#2060 22:10:11.369  GET /revival/loadout
    -> 200  (0s)
    User-Agent: supervive-loadout-shim

#2061 22:10:11.737  GET /revival/loadout
    -> 200  (0s)
    User-Agent: supervive-loadout-shim

#2062 22:10:12.322  GET /revival/loadout
    -> 200  (0s)
    User-Agent: supervive-loadout-shim

#2063 22:10:12.791  GET /revival/loadout
    -> 200  (0s)
    User-Agent: supervive-loadout-shim

#2064 22:10:13.202  GET /revival/loadout
    -> 200  (0s)
    User-Agent: supervive-loadout-shim

#2065 22:10:13.521  GET /revival/loadout
    -> 200  (0s)
    User-Agent: supervive-loadout-shim

#2066 22:10:13.872  GET /revival/loadout
    -> 200  (0s)
    User-Agent: supervive-loadout-shim

#2067 22:10:14.232  GET /revival/loadout
    -> 200  (0s)
    User-Agent: supervive-loadout-shim

#2068 22:10:14.601  GET /revival/loadout
    -> 200  (0s)
    User-Agent: supervive-loadout-shim

#2069 22:10:14.935  GET /revival/loadout
    -> 200  (0s)
    User-Agent: supervive-loadout-shim

#2070 22:10:15.207  POST /party/parties/party-9b9d2c887e2524f918e383a895f2f1c2/members/9b9d2c887e2524f918e383a895f2f1c2/latencies
    -> 200  (0s)
    X-Theorycraft-Clientversion: release2.4.live-156430-shipping
    Authorization: Bearer eyJhbGciOiJSUzI1NiIsImtpZCI6InN1cGVydml2ZS1yZXZpdmFsLWtleS0xIiwidHlwIjoiSldUIn0.eyJiYW5zIjpbXSwiY2xpZW50X2lkIjoiYmE4ZmI1OWEzNGJiNDgxYWJjYTA4YzQ2YmE0ODgwMjUiLCJjb3VudHJ5IjoiVVMiLCJkaXNwbGF5X25hbWUiOiJSZXZpdmVyIiwiZXhwIjoxNzg2OTI5MjgzLCJpYXQiOjE3ODY4NDI4ODMsImlzX2NvbXBseSI6dHJ1ZSwiamZsZ3MiOjAsIm5hbWVzcGFjZSI6InN1cGVydml2ZSIsIm5iZiI6MTc4Njg0MjgyMywicGVybWlzc2lvbnMiOlt7IkFjdGlvbiI6MTUsIlJlc291cmNlIjoiTkFNRVNQQUNFOnN1cGVydml2ZToqIn0seyJBY3Rpb24iOjE1LCJSZXNvdXJjZSI6IkFETUlOOk5BTUVTUEFDRTpzdXBlcnZpdmU6KiJ9XSwicm9sZXMiOltdLCJzY29wZSI6ImNvbW1lcmNlIGFjY291bnQgc29jaWFsIHB1Ymxpc2hpbmcgYW5hbHl0aWNzIiwic3ViIjoiOWI5ZDJjODg3ZTI1MjRmOTE4ZTM4M2E4OTVmMmYxYzIiLCJ1bmlxdWVEaXNwbGF5TmFtZSI6IlJldml2ZXIjMDAwMSIsInVuaXF1ZV9kaXNwbGF5X25hbWUiOiJSZXZpdmVyIzAwMDEifQ.fv8xRcCKsGH-kO-Yy5UkjIPChaqt0XYnodWf6hdS9uvwgLBx_Gpa6LtecHNO-sBxhNPFiTKP9dX9Vt7yMu-Z2L8x2NIYZSvJXh40Ti4JY4OCIKzNCZ-YroW2-mPGnTu0jObkHPxrOs8nMbQ1S2Hi3HfrJfBHW0DD2Mm_lj8eplsA1NBAf-F9J2DlvHPr9kizT9wglS9ihvwZNO1BzZRUmktpPOIJ9CVv6co8pPXv-Wflq_6jaSTwOMwqVFHrCD8lO4aYOVGBrPvv5hex5JJgstKYqepEYKv8fxQNbyzSoWGDQOqnxcv5hsjkdXZI29YJnzEWQdRhUjt3Y6Bxnjgp-A
    Content-Type: application/json
    User-Agent: Loki/UE5-CL-0 (http-legacy) Windows/10.0.19045.1.256.64bit
    Accept: */*
    body: {"latencies":[{"host":"127.0.0.1","region":"us-east-1","route":"default","avgLatency":0}]}

#2071 22:10:15.270  GET /revival/loadout
    -> 200  (0s)
    User-Agent: supervive-loadout-shim

#2072 22:10:15.587  GET /revival/loadout
    -> 200  (0s)
    User-Agent: supervive-loadout-shim

#2073 22:10:16.028  GET /revival/loadout
    -> 200  (0s)
    User-Agent: supervive-loadout-shim

#2074 22:10:16.339  GET /revival/loadout
    -> 200  (0s)
    User-Agent: supervive-loadout-shim

#2075 22:10:16.715  GET /revival/loadout
    -> 200  (0s)
    User-Agent: supervive-loadout-shim

#2076 22:10:17.170  GET /revival/loadout
    -> 200  (0s)
    User-Agent: supervive-loadout-shim

#2077 22:10:17.332  GET /party/players/9b9d2c887e2524f918e383a895f2f1c2/voice
    -> 200  (0s)
    Authorization: Bearer eyJhbGciOiJSUzI1NiIsImtpZCI6InN1cGVydml2ZS1yZXZpdmFsLWtleS0xIiwidHlwIjoiSldUIn0.eyJiYW5zIjpbXSwiY2xpZW50X2lkIjoiYmE4ZmI1OWEzNGJiNDgxYWJjYTA4YzQ2YmE0ODgwMjUiLCJjb3VudHJ5IjoiVVMiLCJkaXNwbGF5X25hbWUiOiJSZXZpdmVyIiwiZXhwIjoxNzg2OTI5MjgzLCJpYXQiOjE3ODY4NDI4ODMsImlzX2NvbXBseSI6dHJ1ZSwiamZsZ3MiOjAsIm5hbWVzcGFjZSI6InN1cGVydml2ZSIsIm5iZiI6MTc4Njg0MjgyMywicGVybWlzc2lvbnMiOlt7IkFjdGlvbiI6MTUsIlJlc291cmNlIjoiTkFNRVNQQUNFOnN1cGVydml2ZToqIn0seyJBY3Rpb24iOjE1LCJSZXNvdXJjZSI6IkFETUlOOk5BTUVTUEFDRTpzdXBlcnZpdmU6KiJ9XSwicm9sZXMiOltdLCJzY29wZSI6ImNvbW1lcmNlIGFjY291bnQgc29jaWFsIHB1Ymxpc2hpbmcgYW5hbHl0aWNzIiwic3ViIjoiOWI5ZDJjODg3ZTI1MjRmOTE4ZTM4M2E4OTVmMmYxYzIiLCJ1bmlxdWVEaXNwbGF5TmFtZSI6IlJldml2ZXIjMDAwMSIsInVuaXF1ZV9kaXNwbGF5X25hbWUiOiJSZXZpdmVyIzAwMDEifQ.fv8xRcCKsGH-kO-Yy5UkjIPChaqt0XYnodWf6hdS9uvwgLBx_Gpa6LtecHNO-sBxhNPFiTKP9dX9Vt7yMu-Z2L8x2NIYZSvJXh40Ti4JY4OCIKzNCZ-YroW2-mPGnTu0jObkHPxrOs8nMbQ1S2Hi3HfrJfBHW0DD2Mm_lj8eplsA1NBAf-F9J2DlvHPr9kizT9wglS9ihvwZNO1BzZRUmktpPOIJ9CVv6co8pPXv-Wflq_6jaSTwOMwqVFHrCD8lO4aYOVGBrPvv5hex5JJgstKYqepEYKv8fxQNbyzSoWGDQOqnxcv5hsjkdXZI29YJnzEWQdRhUjt3Y6Bxnjgp-A
    User-Agent: Loki/UE5-CL-0 (http-legacy) Windows/10.0.19045.1.256.64bit
    Accept: */*
    X-Theorycraft-Clientversion: release2.4.live-156430-shipping

#2078 22:10:17.522  GET /revival/loadout
    -> 200  (0s)
    User-Agent: supervive-loadout-shim

#2079 22:10:17.831  GET /revival/loadout
    -> 200  (0s)
    User-Agent: supervive-loadout-shim

#2080 22:10:18.435  GET /revival/loadout
    -> 200  (0s)
    User-Agent: supervive-loadout-shim

#2081 22:10:23.004  GET /revival/loadout
    -> 200  (0s)
    User-Agent: supervive-loadout-shim

#2082 22:10:23.342  GET /revival/loadout
    -> 200  (0s)
    User-Agent: supervive-loadout-shim

#2083 22:10:23.687  GET /revival/loadout
    -> 200  (0s)
    User-Agent: supervive-loadout-shim

#2084 22:10:23.933  GET /revival/loadout
    -> 200  (0s)
    User-Agent: supervive-loadout-shim

#2085 22:10:24.145  GET /revival/loadout
    -> 200  (0s)
    User-Agent: supervive-loadout-shim

#2086 22:10:24.535  GET /revival/loadout
    -> 200  (0s)
    User-Agent: supervive-loadout-shim

#2087 22:10:24.837  GET /revival/loadout
    -> 200  (0s)
    User-Agent: supervive-loadout-shim

#2088 22:10:25.025  GET /revival/loadout
    -> 200  (0s)
    User-Agent: supervive-loadout-shim

#2089 22:10:25.243  GET /revival/loadout
    -> 200  (0s)
    User-Agent: supervive-loadout-shim

#2090 22:10:25.479  GET /revival/loadout
    -> 200  (0s)
    User-Agent: supervive-loadout-shim

#2091 22:10:25.844  GET /revival/loadout
    -> 200  (0s)
    User-Agent: supervive-loadout-shim

#2092 22:10:26.121  GET /revival/loadout
    -> 200  (0s)
    User-Agent: supervive-loadout-shim

#2093 22:10:26.321  GET /revival/loadout
    -> 200  (0s)
    User-Agent: supervive-loadout-shim

#2094 22:10:26.563  GET /revival/loadout
    -> 200  (0s)
    User-Agent: supervive-loadout-shim

#2095 22:10:26.771  GET /revival/loadout
    -> 200  (0s)
    User-Agent: supervive-loadout-shim

#2096 22:10:27.088  GET /revival/loadout
    -> 200  (0s)
    User-Agent: supervive-loadout-shim

* 22:10:27.210  WS <- /notifications/players/9b9d2c887e2524f918e383a895f2f1c2 BINARY (2 bytes) 6862

* 22:10:27.305  WS -> /notifications/players/9b9d2c887e2524f918e383a895f2f1c2 TEXT hb reply {"Resource":"hb","Version":0,"Payload":""}

#2097 22:10:27.394  GET /revival/loadout
    -> 200  (0s)
    User-Agent: supervive-loadout-shim

#2098 22:10:27.636  GET /revival/loadout
    -> 200  (0s)
    User-Agent: supervive-loadout-shim

#2099 22:10:27.857  GET /revival/loadout
    -> 200  (0s)
    User-Agent: supervive-loadout-shim

#2100 22:10:28.089  GET /revival/loadout
    -> 200  (0s)
    User-Agent: supervive-loadout-shim

#2101 22:10:28.967  GET /revival/loadout
    -> 200  (0s)
    User-Agent: supervive-loadout-shim

#2102 22:10:29.318  GET /revival/loadout
    -> 200  (0s)
    User-Agent: supervive-loadout-shim

#2103 22:10:29.999  GET /revival/loadout
    -> 200  (0s)
    User-Agent: supervive-loadout-shim

#2104 22:10:30.358  GET /revival/loadout
    -> 200  (0s)
    User-Agent: supervive-loadout-shim

#2105 22:10:30.607  GET /revival/loadout
    -> 200  (0s)
    User-Agent: supervive-loadout-shim

#2106 22:10:30.810  GET /revival/loadout
    -> 200  (0s)
    User-Agent: supervive-loadout-shim

#2107 22:10:31.085  GET /revival/loadout
    -> 200  (0s)
    User-Agent: supervive-loadout-shim

#2108 22:10:31.331  GET /revival/loadout
    -> 200  (0s)
    User-Agent: supervive-loadout-shim

#2109 22:10:31.564  GET /revival/loadout
    -> 200  (0s)
    User-Agent: supervive-loadout-shim

#2110 22:10:31.801  GET /revival/loadout
    -> 200  (0s)
    User-Agent: supervive-loadout-shim

#2111 22:10:32.087  GET /revival/loadout
    -> 200  (0s)
    User-Agent: supervive-loadout-shim

#2112 22:10:32.239  GET /party/matchmaking/info
    -> 200  (0s)
    Accept: */*
    X-Theorycraft-Clientversion: release2.4.live-156430-shipping
    Authorization: Bearer eyJhbGciOiJSUzI1NiIsImtpZCI6InN1cGVydml2ZS1yZXZpdmFsLWtleS0xIiwidHlwIjoiSldUIn0.eyJiYW5zIjpbXSwiY2xpZW50X2lkIjoiYmE4ZmI1OWEzNGJiNDgxYWJjYTA4YzQ2YmE0ODgwMjUiLCJjb3VudHJ5IjoiVVMiLCJkaXNwbGF5X25hbWUiOiJSZXZpdmVyIiwiZXhwIjoxNzg2OTI5MjgzLCJpYXQiOjE3ODY4NDI4ODMsImlzX2NvbXBseSI6dHJ1ZSwiamZsZ3MiOjAsIm5hbWVzcGFjZSI6InN1cGVydml2ZSIsIm5iZiI6MTc4Njg0MjgyMywicGVybWlzc2lvbnMiOlt7IkFjdGlvbiI6MTUsIlJlc291cmNlIjoiTkFNRVNQQUNFOnN1cGVydml2ZToqIn0seyJBY3Rpb24iOjE1LCJSZXNvdXJjZSI6IkFETUlOOk5BTUVTUEFDRTpzdXBlcnZpdmU6KiJ9XSwicm9sZXMiOltdLCJzY29wZSI6ImNvbW1lcmNlIGFjY291bnQgc29jaWFsIHB1Ymxpc2hpbmcgYW5hbHl0aWNzIiwic3ViIjoiOWI5ZDJjODg3ZTI1MjRmOTE4ZTM4M2E4OTVmMmYxYzIiLCJ1bmlxdWVEaXNwbGF5TmFtZSI6IlJldml2ZXIjMDAwMSIsInVuaXF1ZV9kaXNwbGF5X25hbWUiOiJSZXZpdmVyIzAwMDEifQ.fv8xRcCKsGH-kO-Yy5UkjIPChaqt0XYnodWf6hdS9uvwgLBx_Gpa6LtecHNO-sBxhNPFiTKP9dX9Vt7yMu-Z2L8x2NIYZSvJXh40Ti4JY4OCIKzNCZ-YroW2-mPGnTu0jObkHPxrOs8nMbQ1S2Hi3HfrJfBHW0DD2Mm_lj8eplsA1NBAf-F9J2DlvHPr9kizT9wglS9ihvwZNO1BzZRUmktpPOIJ9CVv6co8pPXv-Wflq_6jaSTwOMwqVFHrCD8lO4aYOVGBrPvv5hex5JJgstKYqepEYKv8fxQNbyzSoWGDQOqnxcv5hsjkdXZI29YJnzEWQdRhUjt3Y6Bxnjgp-A
    User-Agent: Loki/UE5-CL-0 (http-legacy) Windows/10.0.19045.1.256.64bit

#2113 22:10:32.322  GET /revival/loadout
    -> 200  (0s)
    User-Agent: supervive-loadout-shim

#2114 22:10:32.633  GET /revival/loadout
    -> 200  (0s)
    User-Agent: supervive-loadout-shim

#2115 22:10:32.883  GET /revival/loadout
    -> 200  (0s)
    User-Agent: supervive-loadout-shim

#2116 22:10:33.067  GET /revival/loadout
    -> 200  (0s)
    User-Agent: supervive-loadout-shim

#2117 22:10:33.267  GET /revival/loadout
    -> 200  (0s)
    User-Agent: supervive-loadout-shim

#2118 22:10:33.473  GET /revival/loadout
    -> 200  (1ms)
    User-Agent: supervive-loadout-shim

#2119 22:10:33.716  GET /revival/loadout
    -> 200  (0s)
    User-Agent: supervive-loadout-shim

#2120 22:10:33.884  GET /configuration/client?language=en
    -> 200  (1ms)
    Authorization: Bearer eyJhbGciOiJSUzI1NiIsImtpZCI6InN1cGVydml2ZS1yZXZpdmFsLWtleS0xIiwidHlwIjoiSldUIn0.eyJiYW5zIjpbXSwiY2xpZW50X2lkIjoiYmE4ZmI1OWEzNGJiNDgxYWJjYTA4YzQ2YmE0ODgwMjUiLCJjb3VudHJ5IjoiVVMiLCJkaXNwbGF5X25hbWUiOiJSZXZpdmVyIiwiZXhwIjoxNzg2OTI5MjgzLCJpYXQiOjE3ODY4NDI4ODMsImlzX2NvbXBseSI6dHJ1ZSwiamZsZ3MiOjAsIm5hbWVzcGFjZSI6InN1cGVydml2ZSIsIm5iZiI6MTc4Njg0MjgyMywicGVybWlzc2lvbnMiOlt7IkFjdGlvbiI6MTUsIlJlc291cmNlIjoiTkFNRVNQQUNFOnN1cGVydml2ZToqIn0seyJBY3Rpb24iOjE1LCJSZXNvdXJjZSI6IkFETUlOOk5BTUVTUEFDRTpzdXBlcnZpdmU6KiJ9XSwicm9sZXMiOltdLCJzY29wZSI6ImNvbW1lcmNlIGFjY291bnQgc29jaWFsIHB1Ymxpc2hpbmcgYW5hbHl0aWNzIiwic3ViIjoiOWI5ZDJjODg3ZTI1MjRmOTE4ZTM4M2E4OTVmMmYxYzIiLCJ1bmlxdWVEaXNwbGF5TmFtZSI6IlJldml2ZXIjMDAwMSIsInVuaXF1ZV9kaXNwbGF5X25hbWUiOiJSZXZpdmVyIzAwMDEifQ.fv8xRcCKsGH-kO-Yy5UkjIPChaqt0XYnodWf6hdS9uvwgLBx_Gpa6LtecHNO-sBxhNPFiTKP9dX9Vt7yMu-Z2L8x2NIYZSvJXh40Ti4JY4OCIKzNCZ-YroW2-mPGnTu0jObkHPxrOs8nMbQ1S2Hi3HfrJfBHW0DD2Mm_lj8eplsA1NBAf-F9J2DlvHPr9kizT9wglS9ihvwZNO1BzZRUmktpPOIJ9CVv6co8pPXv-Wflq_6jaSTwOMwqVFHrCD8lO4aYOVGBrPvv5hex5JJgstKYqepEYKv8fxQNbyzSoWGDQOqnxcv5hsjkdXZI29YJnzEWQdRhUjt3Y6Bxnjgp-A
    Accept: */*
    X-Theorycraft-Clientversion: release2.4.live-156430-shipping
    User-Agent: Loki/UE5-CL-0 (http-legacy) Windows/10.0.19045.1.256.64bit

#2121 22:10:33.924  GET /content-service/manifest/release2.4.live-156430-shipping?nonEnabledOnly=true
    -> 200  (0s)
    X-Theorycraft-Clientversion: release2.4.live-156430-shipping
    Authorization: Bearer eyJhbGciOiJSUzI1NiIsImtpZCI6InN1cGVydml2ZS1yZXZpdmFsLWtleS0xIiwidHlwIjoiSldUIn0.eyJiYW5zIjpbXSwiY2xpZW50X2lkIjoiYmE4ZmI1OWEzNGJiNDgxYWJjYTA4YzQ2YmE0ODgwMjUiLCJjb3VudHJ5IjoiVVMiLCJkaXNwbGF5X25hbWUiOiJSZXZpdmVyIiwiZXhwIjoxNzg2OTI5MjgzLCJpYXQiOjE3ODY4NDI4ODMsImlzX2NvbXBseSI6dHJ1ZSwiamZsZ3MiOjAsIm5hbWVzcGFjZSI6InN1cGVydml2ZSIsIm5iZiI6MTc4Njg0MjgyMywicGVybWlzc2lvbnMiOlt7IkFjdGlvbiI6MTUsIlJlc291cmNlIjoiTkFNRVNQQUNFOnN1cGVydml2ZToqIn0seyJBY3Rpb24iOjE1LCJSZXNvdXJjZSI6IkFETUlOOk5BTUVTUEFDRTpzdXBlcnZpdmU6KiJ9XSwicm9sZXMiOltdLCJzY29wZSI6ImNvbW1lcmNlIGFjY291bnQgc29jaWFsIHB1Ymxpc2hpbmcgYW5hbHl0aWNzIiwic3ViIjoiOWI5ZDJjODg3ZTI1MjRmOTE4ZTM4M2E4OTVmMmYxYzIiLCJ1bmlxdWVEaXNwbGF5TmFtZSI6IlJldml2ZXIjMDAwMSIsInVuaXF1ZV9kaXNwbGF5X25hbWUiOiJSZXZpdmVyIzAwMDEifQ.fv8xRcCKsGH-kO-Yy5UkjIPChaqt0XYnodWf6hdS9uvwgLBx_Gpa6LtecHNO-sBxhNPFiTKP9dX9Vt7yMu-Z2L8x2NIYZSvJXh40Ti4JY4OCIKzNCZ-YroW2-mPGnTu0jObkHPxrOs8nMbQ1S2Hi3HfrJfBHW0DD2Mm_lj8eplsA1NBAf-F9J2DlvHPr9kizT9wglS9ihvwZNO1BzZRUmktpPOIJ9CVv6co8pPXv-Wflq_6jaSTwOMwqVFHrCD8lO4aYOVGBrPvv5hex5JJgstKYqepEYKv8fxQNbyzSoWGDQOqnxcv5hsjkdXZI29YJnzEWQdRhUjt3Y6Bxnjgp-A
    User-Agent: Loki/UE5-CL-0 (http-legacy) Windows/10.0.19045.1.256.64bit
    Accept: */*

#2122 22:10:34.181  GET /revival/loadout
    -> 200  (0s)
    User-Agent: supervive-loadout-shim

#2123 22:10:34.480  GET /revival/loadout
    -> 200  (0s)
    User-Agent: supervive-loadout-shim

#2124 22:10:34.772  GET /revival/loadout
    -> 200  (0s)
    User-Agent: supervive-loadout-shim

#2125 22:10:35.093  GET /revival/loadout
    -> 200  (0s)
    User-Agent: supervive-loadout-shim

* 22:10:35.305  WS <- /lobby TEXT ""

#2126 22:10:35.363  GET /revival/loadout
    -> 200  (0s)
    User-Agent: supervive-loadout-shim

#2127 22:10:35.656  GET /revival/loadout
    -> 200  (0s)
    User-Agent: supervive-loadout-shim

#2128 22:10:36.154  GET /revival/loadout
    -> 200  (0s)
    User-Agent: supervive-loadout-shim

#2129 22:10:36.488  GET /revival/loadout
    -> 200  (0s)
    User-Agent: supervive-loadout-shim

#2130 22:10:36.746  GET /revival/loadout
    -> 200  (1ms)
    User-Agent: supervive-loadout-shim

#2131 22:10:37.204  GET /revival/loadout
    -> 200  (0s)
    User-Agent: supervive-loadout-shim

#2132 22:10:37.443  GET /revival/loadout
    -> 200  (0s)
    User-Agent: supervive-loadout-shim

#2133 22:10:37.653  GET /revival/loadout
    -> 200  (0s)
    User-Agent: supervive-loadout-shim

#2134 22:10:37.916  GET /revival/loadout
    -> 200  (0s)
    User-Agent: supervive-loadout-shim

#2135 22:10:38.362  GET /revival/loadout
    -> 200  (0s)
    User-Agent: supervive-loadout-shim

#2136 22:10:38.704  GET /revival/loadout
    -> 200  (0s)
    User-Agent: supervive-loadout-shim

#2137 22:10:38.911  GET /revival/loadout
    -> 200  (0s)
    User-Agent: supervive-loadout-shim

#2138 22:10:39.114  GET /revival/loadout
    -> 200  (0s)
    User-Agent: supervive-loadout-shim

#2139 22:10:40.011  GET /revival/loadout
    -> 200  (0s)
    User-Agent: supervive-loadout-shim

#2140 22:10:40.214  GET /revival/loadout
    -> 200  (0s)
    User-Agent: supervive-loadout-shim

#2141 22:10:40.411  GET /revival/loadout
    -> 200  (0s)
    User-Agent: supervive-loadout-shim

#2142 22:10:40.969  GET /revival/loadout
    -> 200  (0s)
    User-Agent: supervive-loadout-shim

#2143 22:10:41.164  GET /revival/loadout
    -> 200  (0s)
    User-Agent: supervive-loadout-shim

#2144 22:10:41.399  GET /revival/loadout
    -> 200  (0s)
    User-Agent: supervive-loadout-shim

#2145 22:10:41.585  GET /revival/loadout
    -> 200  (0s)
    User-Agent: supervive-loadout-shim

#2146 22:10:41.710  POST /game-telemetry/v1/protected/events
    -> 200  (0s)
    Content-Type: application/json
    Accept: application/json
    Authorization: Bearer eyJhbGciOiJSUzI1NiIsImtpZCI6InN1cGVydml2ZS1yZXZpdmFsLWtleS0xIiwidHlwIjoiSldUIn0.eyJiYW5zIjpbXSwiY2xpZW50X2lkIjoiYmE4ZmI1OWEzNGJiNDgxYWJjYTA4YzQ2YmE0ODgwMjUiLCJjb3VudHJ5IjoiVVMiLCJkaXNwbGF5X25hbWUiOiJSZXZpdmVyIiwiZXhwIjoxNzg2OTI5MjgzLCJpYXQiOjE3ODY4NDI4ODMsImlzX2NvbXBseSI6dHJ1ZSwiamZsZ3MiOjAsIm5hbWVzcGFjZSI6InN1cGVydml2ZSIsIm5iZiI6MTc4Njg0MjgyMywicGVybWlzc2lvbnMiOlt7IkFjdGlvbiI6MTUsIlJlc291cmNlIjoiTkFNRVNQQUNFOnN1cGVydml2ZToqIn0seyJBY3Rpb24iOjE1LCJSZXNvdXJjZSI6IkFETUlOOk5BTUVTUEFDRTpzdXBlcnZpdmU6KiJ9XSwicm9sZXMiOltdLCJzY29wZSI6ImNvbW1lcmNlIGFjY291bnQgc29jaWFsIHB1Ymxpc2hpbmcgYW5hbHl0aWNzIiwic3ViIjoiOWI5ZDJjODg3ZTI1MjRmOTE4ZTM4M2E4OTVmMmYxYzIiLCJ1bmlxdWVEaXNwbGF5TmFtZSI6IlJldml2ZXIjMDAwMSIsInVuaXF1ZV9kaXNwbGF5X25hbWUiOiJSZXZpdmVyIzAwMDEifQ.fv8xRcCKsGH-kO-Yy5UkjIPChaqt0XYnodWf6hdS9uvwgLBx_Gpa6LtecHNO-sBxhNPFiTKP9dX9Vt7yMu-Z2L8x2NIYZSvJXh40Ti4JY4OCIKzNCZ-YroW2-mPGnTu0jObkHPxrOs8nMbQ1S2Hi3HfrJfBHW0DD2Mm_lj8eplsA1NBAf-F9J2DlvHPr9kizT9wglS9ihvwZNO1BzZRUmktpPOIJ9CVv6co8pPXv-Wflq_6jaSTwOMwqVFHrCD8lO4aYOVGBrPvv5hex5JJgstKYqepEYKv8fxQNbyzSoWGDQOqnxcv5hsjkdXZI29YJnzEWQdRhUjt3Y6Bxnjgp-A
    User-Agent: Loki/UE5-CL-0 (http-legacy) Windows/10.0.19045.1.256.64bit
    Game-Client-Version: 1.0.0.0
    body: [
	{
		"EventNamespace": "loki",
		"EventName": "client_network_samples_snapshot",
		"Payload":
		{
			"sessionId": "96103a7341a019677b2c239ad381e488",
			"PlayerId": "9b9d2c887e2524f918e383a895f2f1c2",
			"timestamp": "2026-08-16T03:09:48.053Z",
			"inAveragePacketLoss": 0,
			"outAveragePacketLoss": 0,
			"HardwareId": "c1795a173f53c6f72e8b0125f11309c6"
		},
		"ClientTimestamp": "2026-08-16T03:10:40.269Z",
		"flightId": "fe0275c749fce947c3902a860f491a1d",
		"DeviceType": "Windows"
	}
]

#2147 22:10:41.773  GET /revival/loadout
    -> 200  (0s)
    User-Agent: supervive-loadout-shim

#2148 22:10:42.022  GET /revival/loadout
    -> 200  (0s)
    User-Agent: supervive-loadout-shim

#2149 22:10:42.297  GET /revival/loadout
    -> 200  (0s)
    User-Agent: supervive-loadout-shim

#2150 22:10:42.539  GET /revival/loadout
    -> 200  (0s)
    User-Agent: supervive-loadout-shim

#2151 22:10:42.756  GET /revival/loadout
    -> 200  (0s)
    User-Agent: supervive-loadout-shim

#2152 22:10:43.006  GET /revival/loadout
    -> 200  (0s)
    User-Agent: supervive-loadout-shim

#2153 22:10:43.225  GET /revival/loadout
    -> 200  (0s)
    User-Agent: supervive-loadout-shim

#2154 22:10:43.606  GET /revival/loadout
    -> 200  (0s)
    User-Agent: supervive-loadout-shim

#2155 22:10:43.830  GET /revival/loadout
    -> 200  (0s)
    User-Agent: supervive-loadout-shim

#2156 22:10:44.013  GET /revival/loadout
    -> 200  (0s)
    User-Agent: supervive-loadout-shim

#2157 22:10:44.204  GET /revival/loadout
    -> 200  (0s)
    User-Agent: supervive-loadout-shim

#2158 22:10:44.413  GET /revival/loadout
    -> 200  (0s)
    User-Agent: supervive-loadout-shim

#2159 22:10:44.610  GET /revival/loadout
    -> 200  (0s)
    User-Agent: supervive-loadout-shim

#2160 22:10:44.969  GET /revival/loadout
    -> 200  (0s)
    User-Agent: supervive-loadout-shim

#2161 22:10:45.130  POST /party/parties/party-9b9d2c887e2524f918e383a895f2f1c2/members/9b9d2c887e2524f918e383a895f2f1c2/latencies
    -> 200  (0s)
    User-Agent: Loki/UE5-CL-0 (http-legacy) Windows/10.0.19045.1.256.64bit
    Accept: */*
    X-Theorycraft-Clientversion: release2.4.live-156430-shipping
    Authorization: Bearer eyJhbGciOiJSUzI1NiIsImtpZCI6InN1cGVydml2ZS1yZXZpdmFsLWtleS0xIiwidHlwIjoiSldUIn0.eyJiYW5zIjpbXSwiY2xpZW50X2lkIjoiYmE4ZmI1OWEzNGJiNDgxYWJjYTA4YzQ2YmE0ODgwMjUiLCJjb3VudHJ5IjoiVVMiLCJkaXNwbGF5X25hbWUiOiJSZXZpdmVyIiwiZXhwIjoxNzg2OTI5MjgzLCJpYXQiOjE3ODY4NDI4ODMsImlzX2NvbXBseSI6dHJ1ZSwiamZsZ3MiOjAsIm5hbWVzcGFjZSI6InN1cGVydml2ZSIsIm5iZiI6MTc4Njg0MjgyMywicGVybWlzc2lvbnMiOlt7IkFjdGlvbiI6MTUsIlJlc291cmNlIjoiTkFNRVNQQUNFOnN1cGVydml2ZToqIn0seyJBY3Rpb24iOjE1LCJSZXNvdXJjZSI6IkFETUlOOk5BTUVTUEFDRTpzdXBlcnZpdmU6KiJ9XSwicm9sZXMiOltdLCJzY29wZSI6ImNvbW1lcmNlIGFjY291bnQgc29jaWFsIHB1Ymxpc2hpbmcgYW5hbHl0aWNzIiwic3ViIjoiOWI5ZDJjODg3ZTI1MjRmOTE4ZTM4M2E4OTVmMmYxYzIiLCJ1bmlxdWVEaXNwbGF5TmFtZSI6IlJldml2ZXIjMDAwMSIsInVuaXF1ZV9kaXNwbGF5X25hbWUiOiJSZXZpdmVyIzAwMDEifQ.fv8xRcCKsGH-kO-Yy5UkjIPChaqt0XYnodWf6hdS9uvwgLBx_Gpa6LtecHNO-sBxhNPFiTKP9dX9Vt7yMu-Z2L8x2NIYZSvJXh40Ti4JY4OCIKzNCZ-YroW2-mPGnTu0jObkHPxrOs8nMbQ1S2Hi3HfrJfBHW0DD2Mm_lj8eplsA1NBAf-F9J2DlvHPr9kizT9wglS9ihvwZNO1BzZRUmktpPOIJ9CVv6co8pPXv-Wflq_6jaSTwOMwqVFHrCD8lO4aYOVGBrPvv5hex5JJgstKYqepEYKv8fxQNbyzSoWGDQOqnxcv5hsjkdXZI29YJnzEWQdRhUjt3Y6Bxnjgp-A
    Content-Type: application/json
    body: {"latencies":[{"host":"127.0.0.1","region":"us-east-1","route":"default","avgLatency":1}]}

#2162 22:10:45.227  GET /revival/loadout
    -> 200  (0s)
    User-Agent: supervive-loadout-shim

#2163 22:10:45.443  GET /revival/loadout
    -> 200  (0s)
    User-Agent: supervive-loadout-shim

#2164 22:10:45.672  GET /revival/loadout
    -> 200  (0s)
    User-Agent: supervive-loadout-shim

#2165 22:10:45.862  GET /revival/loadout
    -> 200  (0s)
    User-Agent: supervive-loadout-shim

#2166 22:10:46.141  GET /revival/loadout
    -> 200  (0s)
    User-Agent: supervive-loadout-shim

#2167 22:10:46.362  GET /revival/loadout
    -> 200  (0s)
    User-Agent: supervive-loadout-shim

#2168 22:10:46.571  GET /revival/loadout
    -> 200  (0s)
    User-Agent: supervive-loadout-shim

#2169 22:10:46.771  GET /revival/loadout
    -> 200  (0s)
    User-Agent: supervive-loadout-shim

#2170 22:10:46.970  GET /revival/loadout
    -> 200  (0s)
    User-Agent: supervive-loadout-shim

#2171 22:10:47.151  GET /revival/loadout
    -> 200  (0s)
    User-Agent: supervive-loadout-shim

#2172 22:10:47.370  GET /revival/loadout
    -> 200  (0s)
    User-Agent: supervive-loadout-shim

#2173 22:10:47.662  GET /revival/loadout
    -> 200  (0s)
    User-Agent: supervive-loadout-shim

#2174 22:10:47.856  GET /revival/loadout
    -> 200  (1ms)
    User-Agent: supervive-loadout-shim

#2175 22:10:48.038  GET /revival/loadout
    -> 200  (0s)
    User-Agent: supervive-loadout-shim

#2176 22:10:48.212  GET /revival/loadout
    -> 200  (0s)
    User-Agent: supervive-loadout-shim

#2177 22:10:48.413  GET /revival/loadout
    -> 200  (0s)
    User-Agent: supervive-loadout-shim

#2178 22:10:48.621  GET /revival/loadout
    -> 200  (0s)
    User-Agent: supervive-loadout-shim

#2179 22:10:48.651  GET /party/players/9b9d2c887e2524f918e383a895f2f1c2/voice
    -> 200  (0s)
    Accept: */*
    X-Theorycraft-Clientversion: release2.4.live-156430-shipping
    Authorization: Bearer eyJhbGciOiJSUzI1NiIsImtpZCI6InN1cGVydml2ZS1yZXZpdmFsLWtleS0xIiwidHlwIjoiSldUIn0.eyJiYW5zIjpbXSwiY2xpZW50X2lkIjoiYmE4ZmI1OWEzNGJiNDgxYWJjYTA4YzQ2YmE0ODgwMjUiLCJjb3VudHJ5IjoiVVMiLCJkaXNwbGF5X25hbWUiOiJSZXZpdmVyIiwiZXhwIjoxNzg2OTI5MjgzLCJpYXQiOjE3ODY4NDI4ODMsImlzX2NvbXBseSI6dHJ1ZSwiamZsZ3MiOjAsIm5hbWVzcGFjZSI6InN1cGVydml2ZSIsIm5iZiI6MTc4Njg0MjgyMywicGVybWlzc2lvbnMiOlt7IkFjdGlvbiI6MTUsIlJlc291cmNlIjoiTkFNRVNQQUNFOnN1cGVydml2ZToqIn0seyJBY3Rpb24iOjE1LCJSZXNvdXJjZSI6IkFETUlOOk5BTUVTUEFDRTpzdXBlcnZpdmU6KiJ9XSwicm9sZXMiOltdLCJzY29wZSI6ImNvbW1lcmNlIGFjY291bnQgc29jaWFsIHB1Ymxpc2hpbmcgYW5hbHl0aWNzIiwic3ViIjoiOWI5ZDJjODg3ZTI1MjRmOTE4ZTM4M2E4OTVmMmYxYzIiLCJ1bmlxdWVEaXNwbGF5TmFtZSI6IlJldml2ZXIjMDAwMSIsInVuaXF1ZV9kaXNwbGF5X25hbWUiOiJSZXZpdmVyIzAwMDEifQ.fv8xRcCKsGH-kO-Yy5UkjIPChaqt0XYnodWf6hdS9uvwgLBx_Gpa6LtecHNO-sBxhNPFiTKP9dX9Vt7yMu-Z2L8x2NIYZSvJXh40Ti4JY4OCIKzNCZ-YroW2-mPGnTu0jObkHPxrOs8nMbQ1S2Hi3HfrJfBHW0DD2Mm_lj8eplsA1NBAf-F9J2DlvHPr9kizT9wglS9ihvwZNO1BzZRUmktpPOIJ9CVv6co8pPXv-Wflq_6jaSTwOMwqVFHrCD8lO4aYOVGBrPvv5hex5JJgstKYqepEYKv8fxQNbyzSoWGDQOqnxcv5hsjkdXZI29YJnzEWQdRhUjt3Y6Bxnjgp-A
    User-Agent: Loki/UE5-CL-0 (http-legacy) Windows/10.0.19045.1.256.64bit

#2180 22:10:48.914  GET /revival/loadout
    -> 200  (0s)
    User-Agent: supervive-loadout-shim

#2181 22:10:49.123  GET /revival/loadout
    -> 200  (0s)
    User-Agent: supervive-loadout-shim

#2182 22:10:49.323  GET /revival/loadout
    -> 200  (0s)
    User-Agent: supervive-loadout-shim

#2183 22:10:49.498  GET /revival/loadout
    -> 200  (0s)
    User-Agent: supervive-loadout-shim

#2184 22:10:49.682  GET /revival/loadout
    -> 200  (0s)
    User-Agent: supervive-loadout-shim

#2185 22:10:49.880  GET /revival/loadout
    -> 200  (0s)
    User-Agent: supervive-loadout-shim

#2186 22:10:50.099  GET /revival/loadout
    -> 200  (0s)
    User-Agent: supervive-loadout-shim

#2187 22:10:50.439  GET /revival/loadout
    -> 200  (0s)
    User-Agent: supervive-loadout-shim

#2188 22:10:50.687  GET /revival/loadout
    -> 200  (0s)
    User-Agent: supervive-loadout-shim

#2189 22:10:50.916  GET /revival/loadout
    -> 200  (0s)
    User-Agent: supervive-loadout-shim

#2190 22:10:51.171  GET /revival/loadout
    -> 200  (0s)
    User-Agent: supervive-loadout-shim

#2191 22:10:51.450  GET /revival/loadout
    -> 200  (0s)
    User-Agent: supervive-loadout-shim

#2192 22:10:51.786  GET /revival/loadout
    -> 200  (0s)
    User-Agent: supervive-loadout-shim

#2193 22:10:51.973  GET /revival/loadout
    -> 200  (0s)
    User-Agent: supervive-loadout-shim

#2194 22:10:52.168  GET /revival/loadout
    -> 200  (0s)
    User-Agent: supervive-loadout-shim

#2195 22:10:52.390  GET /revival/loadout
    -> 200  (0s)
    User-Agent: supervive-loadout-shim

#2196 22:10:52.573  GET /revival/loadout
    -> 200  (0s)
    User-Agent: supervive-loadout-shim

#2197 22:10:52.765  GET /revival/loadout
    -> 200  (0s)
    User-Agent: supervive-loadout-shim

#2198 22:10:52.981  GET /revival/loadout
    -> 200  (0s)
    User-Agent: supervive-loadout-shim

#2199 22:10:53.182  GET /revival/loadout
    -> 200  (0s)
    User-Agent: supervive-loadout-shim

#2200 22:10:53.385  GET /revival/loadout
    -> 200  (0s)
    User-Agent: supervive-loadout-shim

#2201 22:10:53.592  GET /revival/loadout
    -> 200  (0s)
    User-Agent: supervive-loadout-shim

#2202 22:10:53.801  GET /revival/loadout
    -> 200  (0s)
    User-Agent: supervive-loadout-shim

#2203 22:10:54.007  GET /revival/loadout
    -> 200  (0s)
    User-Agent: supervive-loadout-shim

#2204 22:10:54.228  GET /revival/loadout
    -> 200  (0s)
    User-Agent: supervive-loadout-shim

#2205 22:10:54.450  GET /revival/loadout
    -> 200  (0s)
    User-Agent: supervive-loadout-shim

#2206 22:10:54.654  GET /revival/loadout
    -> 200  (0s)
    User-Agent: supervive-loadout-shim

#2207 22:10:54.851  GET /revival/loadout
    -> 200  (0s)
    User-Agent: supervive-loadout-shim

#2208 22:10:55.057  GET /revival/loadout
    -> 200  (0s)
    User-Agent: supervive-loadout-shim

#2209 22:10:55.267  GET /revival/loadout
    -> 200  (0s)
    User-Agent: supervive-loadout-shim

#2210 22:10:55.475  GET /revival/loadout
    -> 200  (0s)
    User-Agent: supervive-loadout-shim

#2211 22:10:55.705  GET /revival/loadout
    -> 200  (0s)
    User-Agent: supervive-loadout-shim

#2212 22:10:55.904  GET /revival/loadout
    -> 200  (0s)
    User-Agent: supervive-loadout-shim

#2213 22:10:56.123  GET /revival/loadout
    -> 200  (0s)
    User-Agent: supervive-loadout-shim

#2214 22:10:56.428  GET /revival/loadout
    -> 200  (0s)
    User-Agent: supervive-loadout-shim

#2215 22:10:56.664  GET /revival/loadout
    -> 200  (0s)
    User-Agent: supervive-loadout-shim

#2216 22:10:56.899  GET /revival/loadout
    -> 200  (0s)
    User-Agent: supervive-loadout-shim

#2217 22:10:57.225  GET /revival/loadout
    -> 200  (0s)
    User-Agent: supervive-loadout-shim

* 22:10:57.348  WS -> /notifications/players/9b9d2c887e2524f918e383a895f2f1c2 BINARY hb (proactive 30s keepalive)

#2218 22:10:57.455  GET /revival/loadout
    -> 200  (0s)
    User-Agent: supervive-loadout-shim

#2219 22:10:57.938  GET /revival/loadout
    -> 200  (0s)
    User-Agent: supervive-loadout-shim

#2220 22:10:58.407  GET /revival/loadout
    -> 200  (0s)
    User-Agent: supervive-loadout-shim

#2221 22:10:58.656  GET /revival/loadout
    -> 200  (0s)
    User-Agent: supervive-loadout-shim

#2222 22:10:58.881  GET /revival/loadout
    -> 200  (0s)
    User-Agent: supervive-loadout-shim

#2223 22:10:59.093  GET /revival/loadout
    -> 200  (0s)
    User-Agent: supervive-loadout-shim

#2224 22:10:59.287  GET /revival/loadout
    -> 200  (0s)
    User-Agent: supervive-loadout-shim

#2225 22:10:59.473  GET /revival/loadout
    -> 200  (0s)
    User-Agent: supervive-loadout-shim

#2226 22:10:59.718  GET /revival/loadout
    -> 200  (0s)
    User-Agent: supervive-loadout-shim

#2227 22:10:59.896  GET /revival/loadout
    -> 200  (0s)
    User-Agent: supervive-loadout-shim

#2228 22:11:00.089  GET /revival/loadout
    -> 200  (0s)
    User-Agent: supervive-loadout-shim

#2229 22:11:00.290  GET /revival/loadout
    -> 200  (0s)
    User-Agent: supervive-loadout-shim

#2230 22:11:00.954  GET /revival/loadout
    -> 200  (0s)
    User-Agent: supervive-loadout-shim

#2231 22:11:01.191  GET /revival/loadout
    -> 200  (0s)
    User-Agent: supervive-loadout-shim

#2232 22:11:01.429  GET /revival/loadout
    -> 200  (0s)
    User-Agent: supervive-loadout-shim

#2233 22:11:01.612  GET /revival/loadout
    -> 200  (0s)
    User-Agent: supervive-loadout-shim

#2234 22:11:01.809  GET /revival/loadout
    -> 200  (0s)
    User-Agent: supervive-loadout-shim

#2235 22:11:02.003  GET /revival/loadout
    -> 200  (0s)
    User-Agent: supervive-loadout-shim

#2236 22:11:02.188  GET /revival/loadout
    -> 200  (1ms)
    User-Agent: supervive-loadout-shim

#2237 22:11:02.211  GET /party/matchmaking/info
    -> 200  (0s)
    Accept: */*
    X-Theorycraft-Clientversion: release2.4.live-156430-shipping
    Authorization: Bearer eyJhbGciOiJSUzI1NiIsImtpZCI6InN1cGVydml2ZS1yZXZpdmFsLWtleS0xIiwidHlwIjoiSldUIn0.eyJiYW5zIjpbXSwiY2xpZW50X2lkIjoiYmE4ZmI1OWEzNGJiNDgxYWJjYTA4YzQ2YmE0ODgwMjUiLCJjb3VudHJ5IjoiVVMiLCJkaXNwbGF5X25hbWUiOiJSZXZpdmVyIiwiZXhwIjoxNzg2OTI5MjgzLCJpYXQiOjE3ODY4NDI4ODMsImlzX2NvbXBseSI6dHJ1ZSwiamZsZ3MiOjAsIm5hbWVzcGFjZSI6InN1cGVydml2ZSIsIm5iZiI6MTc4Njg0MjgyMywicGVybWlzc2lvbnMiOlt7IkFjdGlvbiI6MTUsIlJlc291cmNlIjoiTkFNRVNQQUNFOnN1cGVydml2ZToqIn0seyJBY3Rpb24iOjE1LCJSZXNvdXJjZSI6IkFETUlOOk5BTUVTUEFDRTpzdXBlcnZpdmU6KiJ9XSwicm9sZXMiOltdLCJzY29wZSI6ImNvbW1lcmNlIGFjY291bnQgc29jaWFsIHB1Ymxpc2hpbmcgYW5hbHl0aWNzIiwic3ViIjoiOWI5ZDJjODg3ZTI1MjRmOTE4ZTM4M2E4OTVmMmYxYzIiLCJ1bmlxdWVEaXNwbGF5TmFtZSI6IlJldml2ZXIjMDAwMSIsInVuaXF1ZV9kaXNwbGF5X25hbWUiOiJSZXZpdmVyIzAwMDEifQ.fv8xRcCKsGH-kO-Yy5UkjIPChaqt0XYnodWf6hdS9uvwgLBx_Gpa6LtecHNO-sBxhNPFiTKP9dX9Vt7yMu-Z2L8x2NIYZSvJXh40Ti4JY4OCIKzNCZ-YroW2-mPGnTu0jObkHPxrOs8nMbQ1S2Hi3HfrJfBHW0DD2Mm_lj8eplsA1NBAf-F9J2DlvHPr9kizT9wglS9ihvwZNO1BzZRUmktpPOIJ9CVv6co8pPXv-Wflq_6jaSTwOMwqVFHrCD8lO4aYOVGBrPvv5hex5JJgstKYqepEYKv8fxQNbyzSoWGDQOqnxcv5hsjkdXZI29YJnzEWQdRhUjt3Y6Bxnjgp-A
    User-Agent: Loki/UE5-CL-0 (http-legacy) Windows/10.0.19045.1.256.64bit

#2238 22:11:02.211  GET /core-game/regions
    -> 200  (1ms)
    Authorization: Bearer eyJhbGciOiJSUzI1NiIsImtpZCI6InN1cGVydml2ZS1yZXZpdmFsLWtleS0xIiwidHlwIjoiSldUIn0.eyJiYW5zIjpbXSwiY2xpZW50X2lkIjoiYmE4ZmI1OWEzNGJiNDgxYWJjYTA4YzQ2YmE0ODgwMjUiLCJjb3VudHJ5IjoiVVMiLCJkaXNwbGF5X25hbWUiOiJSZXZpdmVyIiwiZXhwIjoxNzg2OTI5MjgzLCJpYXQiOjE3ODY4NDI4ODMsImlzX2NvbXBseSI6dHJ1ZSwiamZsZ3MiOjAsIm5hbWVzcGFjZSI6InN1cGVydml2ZSIsIm5iZiI6MTc4Njg0MjgyMywicGVybWlzc2lvbnMiOlt7IkFjdGlvbiI6MTUsIlJlc291cmNlIjoiTkFNRVNQQUNFOnN1cGVydml2ZToqIn0seyJBY3Rpb24iOjE1LCJSZXNvdXJjZSI6IkFETUlOOk5BTUVTUEFDRTpzdXBlcnZpdmU6KiJ9XSwicm9sZXMiOltdLCJzY29wZSI6ImNvbW1lcmNlIGFjY291bnQgc29jaWFsIHB1Ymxpc2hpbmcgYW5hbHl0aWNzIiwic3ViIjoiOWI5ZDJjODg3ZTI1MjRmOTE4ZTM4M2E4OTVmMmYxYzIiLCJ1bmlxdWVEaXNwbGF5TmFtZSI6IlJldml2ZXIjMDAwMSIsInVuaXF1ZV9kaXNwbGF5X25hbWUiOiJSZXZpdmVyIzAwMDEifQ.fv8xRcCKsGH-kO-Yy5UkjIPChaqt0XYnodWf6hdS9uvwgLBx_Gpa6LtecHNO-sBxhNPFiTKP9dX9Vt7yMu-Z2L8x2NIYZSvJXh40Ti4JY4OCIKzNCZ-YroW2-mPGnTu0jObkHPxrOs8nMbQ1S2Hi3HfrJfBHW0DD2Mm_lj8eplsA1NBAf-F9J2DlvHPr9kizT9wglS9ihvwZNO1BzZRUmktpPOIJ9CVv6co8pPXv-Wflq_6jaSTwOMwqVFHrCD8lO4aYOVGBrPvv5hex5JJgstKYqepEYKv8fxQNbyzSoWGDQOqnxcv5hsjkdXZI29YJnzEWQdRhUjt3Y6Bxnjgp-A
    User-Agent: Loki/UE5-CL-0 (http-legacy) Windows/10.0.19045.1.256.64bit
    Accept: */*
    X-Theorycraft-Clientversion: release2.4.live-156430-shipping

#2239 22:11:02.407  GET /revival/loadout
    -> 200  (0s)
    User-Agent: supervive-loadout-shim

#2240 22:11:02.670  GET /revival/loadout
    -> 200  (0s)
    User-Agent: supervive-loadout-shim

#2241 22:11:02.923  GET /revival/loadout
    -> 200  (0s)
    User-Agent: supervive-loadout-shim

#2242 22:11:03.153  GET /revival/loadout
    -> 200  (0s)
    User-Agent: supervive-loadout-shim

#2243 22:11:03.362  GET /revival/loadout
    -> 200  (0s)
    User-Agent: supervive-loadout-shim

#2244 22:11:03.548  GET /revival/loadout
    -> 200  (0s)
    User-Agent: supervive-loadout-shim

#2245 22:11:04.372  GET /revival/loadout
    -> 200  (0s)
    User-Agent: supervive-loadout-shim

#2246 22:11:04.459  GET /content-service/manifest/release2.4.live-156430-shipping?nonEnabledOnly=true
    -> 200  (0s)
    Accept: */*
    X-Theorycraft-Clientversion: release2.4.live-156430-shipping
    Authorization: Bearer eyJhbGciOiJSUzI1NiIsImtpZCI6InN1cGVydml2ZS1yZXZpdmFsLWtleS0xIiwidHlwIjoiSldUIn0.eyJiYW5zIjpbXSwiY2xpZW50X2lkIjoiYmE4ZmI1OWEzNGJiNDgxYWJjYTA4YzQ2YmE0ODgwMjUiLCJjb3VudHJ5IjoiVVMiLCJkaXNwbGF5X25hbWUiOiJSZXZpdmVyIiwiZXhwIjoxNzg2OTI5MjgzLCJpYXQiOjE3ODY4NDI4ODMsImlzX2NvbXBseSI6dHJ1ZSwiamZsZ3MiOjAsIm5hbWVzcGFjZSI6InN1cGVydml2ZSIsIm5iZiI6MTc4Njg0MjgyMywicGVybWlzc2lvbnMiOlt7IkFjdGlvbiI6MTUsIlJlc291cmNlIjoiTkFNRVNQQUNFOnN1cGVydml2ZToqIn0seyJBY3Rpb24iOjE1LCJSZXNvdXJjZSI6IkFETUlOOk5BTUVTUEFDRTpzdXBlcnZpdmU6KiJ9XSwicm9sZXMiOltdLCJzY29wZSI6ImNvbW1lcmNlIGFjY291bnQgc29jaWFsIHB1Ymxpc2hpbmcgYW5hbHl0aWNzIiwic3ViIjoiOWI5ZDJjODg3ZTI1MjRmOTE4ZTM4M2E4OTVmMmYxYzIiLCJ1bmlxdWVEaXNwbGF5TmFtZSI6IlJldml2ZXIjMDAwMSIsInVuaXF1ZV9kaXNwbGF5X25hbWUiOiJSZXZpdmVyIzAwMDEifQ.fv8xRcCKsGH-kO-Yy5UkjIPChaqt0XYnodWf6hdS9uvwgLBx_Gpa6LtecHNO-sBxhNPFiTKP9dX9Vt7yMu-Z2L8x2NIYZSvJXh40Ti4JY4OCIKzNCZ-YroW2-mPGnTu0jObkHPxrOs8nMbQ1S2Hi3HfrJfBHW0DD2Mm_lj8eplsA1NBAf-F9J2DlvHPr9kizT9wglS9ihvwZNO1BzZRUmktpPOIJ9CVv6co8pPXv-Wflq_6jaSTwOMwqVFHrCD8lO4aYOVGBrPvv5hex5JJgstKYqepEYKv8fxQNbyzSoWGDQOqnxcv5hsjkdXZI29YJnzEWQdRhUjt3Y6Bxnjgp-A
    User-Agent: Loki/UE5-CL-0 (http-legacy) Windows/10.0.19045.1.256.64bit

#2247 22:11:04.462  GET /configuration/client?language=en
    -> 200  (0s)
    Authorization: Bearer eyJhbGciOiJSUzI1NiIsImtpZCI6InN1cGVydml2ZS1yZXZpdmFsLWtleS0xIiwidHlwIjoiSldUIn0.eyJiYW5zIjpbXSwiY2xpZW50X2lkIjoiYmE4ZmI1OWEzNGJiNDgxYWJjYTA4YzQ2YmE0ODgwMjUiLCJjb3VudHJ5IjoiVVMiLCJkaXNwbGF5X25hbWUiOiJSZXZpdmVyIiwiZXhwIjoxNzg2OTI5MjgzLCJpYXQiOjE3ODY4NDI4ODMsImlzX2NvbXBseSI6dHJ1ZSwiamZsZ3MiOjAsIm5hbWVzcGFjZSI6InN1cGVydml2ZSIsIm5iZiI6MTc4Njg0MjgyMywicGVybWlzc2lvbnMiOlt7IkFjdGlvbiI6MTUsIlJlc291cmNlIjoiTkFNRVNQQUNFOnN1cGVydml2ZToqIn0seyJBY3Rpb24iOjE1LCJSZXNvdXJjZSI6IkFETUlOOk5BTUVTUEFDRTpzdXBlcnZpdmU6KiJ9XSwicm9sZXMiOltdLCJzY29wZSI6ImNvbW1lcmNlIGFjY291bnQgc29jaWFsIHB1Ymxpc2hpbmcgYW5hbHl0aWNzIiwic3ViIjoiOWI5ZDJjODg3ZTI1MjRmOTE4ZTM4M2E4OTVmMmYxYzIiLCJ1bmlxdWVEaXNwbGF5TmFtZSI6IlJldml2ZXIjMDAwMSIsInVuaXF1ZV9kaXNwbGF5X25hbWUiOiJSZXZpdmVyIzAwMDEifQ.fv8xRcCKsGH-kO-Yy5UkjIPChaqt0XYnodWf6hdS9uvwgLBx_Gpa6LtecHNO-sBxhNPFiTKP9dX9Vt7yMu-Z2L8x2NIYZSvJXh40Ti4JY4OCIKzNCZ-YroW2-mPGnTu0jObkHPxrOs8nMbQ1S2Hi3HfrJfBHW0DD2Mm_lj8eplsA1NBAf-F9J2DlvHPr9kizT9wglS9ihvwZNO1BzZRUmktpPOIJ9CVv6co8pPXv-Wflq_6jaSTwOMwqVFHrCD8lO4aYOVGBrPvv5hex5JJgstKYqepEYKv8fxQNbyzSoWGDQOqnxcv5hsjkdXZI29YJnzEWQdRhUjt3Y6Bxnjgp-A
    Accept: */*
    User-Agent: Loki/UE5-CL-0 (http-legacy) Windows/10.0.19045.1.256.64bit
    X-Theorycraft-Clientversion: release2.4.live-156430-shipping

#2248 22:11:04.813  GET /revival/loadout
    -> 200  (1ms)
    User-Agent: supervive-loadout-shim

#2249 22:11:05.188  GET /revival/loadout
    -> 200  (0s)
    User-Agent: supervive-loadout-shim

* 22:11:05.452  WS <- /lobby TEXT ""

#2250 22:11:05.454  GET /revival/loadout
    -> 200  (0s)
    User-Agent: supervive-loadout-shim

#2251 22:11:05.760  GET /revival/loadout
    -> 200  (0s)
    User-Agent: supervive-loadout-shim

#2252 22:11:05.962  GET /revival/loadout
    -> 200  (0s)
    User-Agent: supervive-loadout-shim

#2253 22:11:06.215  GET /revival/loadout
    -> 200  (0s)
    User-Agent: supervive-loadout-shim

#2254 22:11:06.437  GET /revival/loadout
    -> 200  (0s)
    User-Agent: supervive-loadout-shim

#2255 22:11:06.671  GET /revival/loadout
    -> 200  (0s)
    User-Agent: supervive-loadout-shim

#2256 22:11:06.933  GET /revival/loadout
    -> 200  (0s)
    User-Agent: supervive-loadout-shim

#2257 22:11:07.148  GET /revival/loadout
    -> 200  (0s)
    User-Agent: supervive-loadout-shim

#2258 22:11:07.388  GET /revival/loadout
    -> 200  (0s)
    User-Agent: supervive-loadout-shim

#2259 22:11:07.588  GET /revival/loadout
    -> 200  (0s)
    User-Agent: supervive-loadout-shim

#2260 22:11:07.795  GET /revival/loadout
    -> 200  (0s)
    User-Agent: supervive-loadout-shim

#2261 22:11:07.984  GET /revival/loadout
    -> 200  (0s)
    User-Agent: supervive-loadout-shim

#2262 22:11:08.201  GET /revival/loadout
    -> 200  (0s)
    User-Agent: supervive-loadout-shim

#2263 22:11:08.394  GET /revival/loadout
    -> 200  (0s)
    User-Agent: supervive-loadout-shim

#2264 22:11:08.613  GET /revival/loadout
    -> 200  (0s)
    User-Agent: supervive-loadout-shim

#2265 22:11:08.829  GET /revival/loadout
    -> 200  (0s)
    User-Agent: supervive-loadout-shim

#2266 22:11:09.036  GET /revival/loadout
    -> 200  (0s)
    User-Agent: supervive-loadout-shim

#2267 22:11:09.234  GET /revival/loadout
    -> 200  (0s)
    User-Agent: supervive-loadout-shim

#2268 22:11:09.450  GET /revival/loadout
    -> 200  (0s)
    User-Agent: supervive-loadout-shim

#2269 22:11:09.659  GET /revival/loadout
    -> 200  (0s)
    User-Agent: supervive-loadout-shim

#2270 22:11:09.874  GET /revival/loadout
    -> 200  (0s)
    User-Agent: supervive-loadout-shim

#2271 22:11:10.066  GET /revival/loadout
    -> 200  (0s)
    User-Agent: supervive-loadout-shim

#2272 22:11:10.267  GET /revival/loadout
    -> 200  (0s)
    User-Agent: supervive-loadout-shim

#2273 22:11:10.483  GET /revival/loadout
    -> 200  (0s)
    User-Agent: supervive-loadout-shim

#2274 22:11:10.717  GET /revival/loadout
    -> 200  (0s)
    User-Agent: supervive-loadout-shim

#2275 22:11:10.918  GET /revival/loadout
    -> 200  (0s)
    User-Agent: supervive-loadout-shim

#2276 22:11:11.108  GET /revival/loadout
    -> 200  (0s)
    User-Agent: supervive-loadout-shim

#2277 22:11:11.308  GET /revival/loadout
    -> 200  (0s)
    User-Agent: supervive-loadout-shim

#2278 22:11:11.517  GET /revival/loadout
    -> 200  (0s)
    User-Agent: supervive-loadout-shim

#2279 22:11:11.720  GET /revival/loadout
    -> 200  (0s)
    User-Agent: supervive-loadout-shim

#2280 22:11:11.915  GET /revival/loadout
    -> 200  (0s)
    User-Agent: supervive-loadout-shim

#2281 22:11:12.108  GET /revival/loadout
    -> 200  (0s)
    User-Agent: supervive-loadout-shim

#2282 22:11:12.329  GET /revival/loadout
    -> 200  (0s)
    User-Agent: supervive-loadout-shim

#2283 22:11:12.542  GET /revival/loadout
    -> 200  (0s)
    User-Agent: supervive-loadout-shim

#2284 22:11:12.759  GET /revival/loadout
    -> 200  (0s)
    User-Agent: supervive-loadout-shim

#2285 22:11:12.973  GET /revival/loadout
    -> 200  (0s)
    User-Agent: supervive-loadout-shim

#2286 22:11:13.156  GET /revival/loadout
    -> 200  (0s)
    User-Agent: supervive-loadout-shim

#2287 22:11:13.366  GET /revival/loadout
    -> 200  (0s)
    User-Agent: supervive-loadout-shim

#2288 22:11:13.581  GET /revival/loadout
    -> 200  (0s)
    User-Agent: supervive-loadout-shim

#2289 22:11:13.774  GET /revival/loadout
    -> 200  (0s)
    User-Agent: supervive-loadout-shim

#2290 22:11:13.998  GET /revival/loadout
    -> 200  (0s)
    User-Agent: supervive-loadout-shim

#2291 22:11:14.276  GET /revival/loadout
    -> 200  (0s)
    User-Agent: supervive-loadout-shim

#2292 22:11:14.473  GET /revival/loadout
    -> 200  (0s)
    User-Agent: supervive-loadout-shim

#2293 22:11:14.666  GET /revival/loadout
    -> 200  (0s)
    User-Agent: supervive-loadout-shim

#2294 22:11:14.880  GET /revival/loadout
    -> 200  (0s)
    User-Agent: supervive-loadout-shim

#2295 22:11:15.106  GET /revival/loadout
    -> 200  (0s)
    User-Agent: supervive-loadout-shim

#2296 22:11:15.278  POST /party/parties/party-9b9d2c887e2524f918e383a895f2f1c2/members/9b9d2c887e2524f918e383a895f2f1c2/latencies
    -> 200  (1ms)
    Accept: */*
    X-Theorycraft-Clientversion: release2.4.live-156430-shipping
    Authorization: Bearer eyJhbGciOiJSUzI1NiIsImtpZCI6InN1cGVydml2ZS1yZXZpdmFsLWtleS0xIiwidHlwIjoiSldUIn0.eyJiYW5zIjpbXSwiY2xpZW50X2lkIjoiYmE4ZmI1OWEzNGJiNDgxYWJjYTA4YzQ2YmE0ODgwMjUiLCJjb3VudHJ5IjoiVVMiLCJkaXNwbGF5X25hbWUiOiJSZXZpdmVyIiwiZXhwIjoxNzg2OTI5MjgzLCJpYXQiOjE3ODY4NDI4ODMsImlzX2NvbXBseSI6dHJ1ZSwiamZsZ3MiOjAsIm5hbWVzcGFjZSI6InN1cGVydml2ZSIsIm5iZiI6MTc4Njg0MjgyMywicGVybWlzc2lvbnMiOlt7IkFjdGlvbiI6MTUsIlJlc291cmNlIjoiTkFNRVNQQUNFOnN1cGVydml2ZToqIn0seyJBY3Rpb24iOjE1LCJSZXNvdXJjZSI6IkFETUlOOk5BTUVTUEFDRTpzdXBlcnZpdmU6KiJ9XSwicm9sZXMiOltdLCJzY29wZSI6ImNvbW1lcmNlIGFjY291bnQgc29jaWFsIHB1Ymxpc2hpbmcgYW5hbHl0aWNzIiwic3ViIjoiOWI5ZDJjODg3ZTI1MjRmOTE4ZTM4M2E4OTVmMmYxYzIiLCJ1bmlxdWVEaXNwbGF5TmFtZSI6IlJldml2ZXIjMDAwMSIsInVuaXF1ZV9kaXNwbGF5X25hbWUiOiJSZXZpdmVyIzAwMDEifQ.fv8xRcCKsGH-kO-Yy5UkjIPChaqt0XYnodWf6hdS9uvwgLBx_Gpa6LtecHNO-sBxhNPFiTKP9dX9Vt7yMu-Z2L8x2NIYZSvJXh40Ti4JY4OCIKzNCZ-YroW2-mPGnTu0jObkHPxrOs8nMbQ1S2Hi3HfrJfBHW0DD2Mm_lj8eplsA1NBAf-F9J2DlvHPr9kizT9wglS9ihvwZNO1BzZRUmktpPOIJ9CVv6co8pPXv-Wflq_6jaSTwOMwqVFHrCD8lO4aYOVGBrPvv5hex5JJgstKYqepEYKv8fxQNbyzSoWGDQOqnxcv5hsjkdXZI29YJnzEWQdRhUjt3Y6Bxnjgp-A
    Content-Type: application/json
    User-Agent: Loki/UE5-CL-0 (http-legacy) Windows/10.0.19045.1.256.64bit
    body: {"latencies":[{"host":"127.0.0.1","region":"us-east-1","route":"default","avgLatency":0}]}

#2297 22:11:15.323  GET /revival/loadout
    -> 200  (0s)
    User-Agent: supervive-loadout-shim

#2298 22:11:15.593  GET /revival/loadout
    -> 200  (0s)
    User-Agent: supervive-loadout-shim

#2299 22:11:15.798  GET /revival/loadout
    -> 200  (0s)
    User-Agent: supervive-loadout-shim

#2300 22:11:16.006  GET /revival/loadout
    -> 200  (0s)
    User-Agent: supervive-loadout-shim

#2301 22:11:16.226  GET /revival/loadout
    -> 200  (0s)
    User-Agent: supervive-loadout-shim

#2302 22:11:16.447  GET /revival/loadout
    -> 200  (0s)
    User-Agent: supervive-loadout-shim

#2303 22:11:16.672  GET /revival/loadout
    -> 200  (0s)
    User-Agent: supervive-loadout-shim

#2304 22:11:16.881  GET /revival/loadout
    -> 200  (0s)
    User-Agent: supervive-loadout-shim

#2305 22:11:17.098  GET /revival/loadout
    -> 200  (0s)
    User-Agent: supervive-loadout-shim

#2306 22:11:17.314  GET /revival/loadout
    -> 200  (0s)
    User-Agent: supervive-loadout-shim

#2307 22:11:17.523  GET /revival/loadout
    -> 200  (0s)
    User-Agent: supervive-loadout-shim

#2308 22:11:17.713  GET /revival/loadout
    -> 200  (0s)
    User-Agent: supervive-loadout-shim

#2309 22:11:18.076  GET /revival/loadout
    -> 200  (0s)
    User-Agent: supervive-loadout-shim

#2310 22:11:18.281  GET /revival/loadout
    -> 200  (0s)
    User-Agent: supervive-loadout-shim

#2311 22:11:18.513  GET /revival/loadout
    -> 200  (0s)
    User-Agent: supervive-loadout-shim

#2312 22:11:18.722  GET /revival/loadout
    -> 200  (0s)
    User-Agent: supervive-loadout-shim

#2313 22:11:18.927  GET /revival/loadout
    -> 200  (0s)
    User-Agent: supervive-loadout-shim

#2314 22:11:19.141  GET /revival/loadout
    -> 200  (0s)
    User-Agent: supervive-loadout-shim

#2315 22:11:19.346  GET /revival/loadout
    -> 200  (0s)
    User-Agent: supervive-loadout-shim

#2316 22:11:19.550  GET /revival/loadout
    -> 200  (0s)
    User-Agent: supervive-loadout-shim

#2317 22:11:19.758  GET /revival/loadout
    -> 200  (0s)
    User-Agent: supervive-loadout-shim

#2318 22:11:19.971  GET /revival/loadout
    -> 200  (0s)
    User-Agent: supervive-loadout-shim

#2319 22:11:20.128  GET /party/players/9b9d2c887e2524f918e383a895f2f1c2/voice
    -> 200  (0s)
    Accept: */*
    X-Theorycraft-Clientversion: release2.4.live-156430-shipping
    Authorization: Bearer eyJhbGciOiJSUzI1NiIsImtpZCI6InN1cGVydml2ZS1yZXZpdmFsLWtleS0xIiwidHlwIjoiSldUIn0.eyJiYW5zIjpbXSwiY2xpZW50X2lkIjoiYmE4ZmI1OWEzNGJiNDgxYWJjYTA4YzQ2YmE0ODgwMjUiLCJjb3VudHJ5IjoiVVMiLCJkaXNwbGF5X25hbWUiOiJSZXZpdmVyIiwiZXhwIjoxNzg2OTI5MjgzLCJpYXQiOjE3ODY4NDI4ODMsImlzX2NvbXBseSI6dHJ1ZSwiamZsZ3MiOjAsIm5hbWVzcGFjZSI6InN1cGVydml2ZSIsIm5iZiI6MTc4Njg0MjgyMywicGVybWlzc2lvbnMiOlt7IkFjdGlvbiI6MTUsIlJlc291cmNlIjoiTkFNRVNQQUNFOnN1cGVydml2ZToqIn0seyJBY3Rpb24iOjE1LCJSZXNvdXJjZSI6IkFETUlOOk5BTUVTUEFDRTpzdXBlcnZpdmU6KiJ9XSwicm9sZXMiOltdLCJzY29wZSI6ImNvbW1lcmNlIGFjY291bnQgc29jaWFsIHB1Ymxpc2hpbmcgYW5hbHl0aWNzIiwic3ViIjoiOWI5ZDJjODg3ZTI1MjRmOTE4ZTM4M2E4OTVmMmYxYzIiLCJ1bmlxdWVEaXNwbGF5TmFtZSI6IlJldml2ZXIjMDAwMSIsInVuaXF1ZV9kaXNwbGF5X25hbWUiOiJSZXZpdmVyIzAwMDEifQ.fv8xRcCKsGH-kO-Yy5UkjIPChaqt0XYnodWf6hdS9uvwgLBx_Gpa6LtecHNO-sBxhNPFiTKP9dX9Vt7yMu-Z2L8x2NIYZSvJXh40Ti4JY4OCIKzNCZ-YroW2-mPGnTu0jObkHPxrOs8nMbQ1S2Hi3HfrJfBHW0DD2Mm_lj8eplsA1NBAf-F9J2DlvHPr9kizT9wglS9ihvwZNO1BzZRUmktpPOIJ9CVv6co8pPXv-Wflq_6jaSTwOMwqVFHrCD8lO4aYOVGBrPvv5hex5JJgstKYqepEYKv8fxQNbyzSoWGDQOqnxcv5hsjkdXZI29YJnzEWQdRhUjt3Y6Bxnjgp-A
    User-Agent: Loki/UE5-CL-0 (http-legacy) Windows/10.0.19045.1.256.64bit

#2320 22:11:20.180  GET /revival/loadout
    -> 200  (0s)
    User-Agent: supervive-loadout-shim

#2321 22:11:20.414  GET /revival/loadout
    -> 200  (0s)
    User-Agent: supervive-loadout-shim

#2322 22:11:20.634  GET /revival/loadout
    -> 200  (0s)
    User-Agent: supervive-loadout-shim

#2323 22:11:20.868  GET /revival/loadout
    -> 200  (0s)
    User-Agent: supervive-loadout-shim

#2324 22:11:21.077  GET /revival/loadout
    -> 200  (0s)
    User-Agent: supervive-loadout-shim

#2325 22:11:21.288  GET /revival/loadout
    -> 200  (0s)
    User-Agent: supervive-loadout-shim

#2326 22:11:21.513  GET /revival/loadout
    -> 200  (0s)
    User-Agent: supervive-loadout-shim

#2327 22:11:21.734  GET /revival/loadout
    -> 200  (0s)
    User-Agent: supervive-loadout-shim

#2328 22:11:21.954  GET /revival/loadout
    -> 200  (0s)
    User-Agent: supervive-loadout-shim

#2329 22:11:22.191  GET /revival/loadout
    -> 200  (0s)
    User-Agent: supervive-loadout-shim

#2330 22:11:22.474  GET /revival/loadout
    -> 200  (0s)
    User-Agent: supervive-loadout-shim

* 22:11:22.480  WS <- /notifications/players/9b9d2c887e2524f918e383a895f2f1c2 BINARY (2 bytes) 6862

* 22:11:22.648  WS -> /notifications/players/9b9d2c887e2524f918e383a895f2f1c2 TEXT hb reply {"Resource":"hb","Version":0,"Payload":""}

#2331 22:11:22.720  GET /revival/loadout
    -> 200  (0s)
    User-Agent: supervive-loadout-shim

#2332 22:11:22.954  GET /revival/loadout
    -> 200  (0s)
    User-Agent: supervive-loadout-shim

#2333 22:11:23.163  GET /revival/loadout
    -> 200  (0s)
    User-Agent: supervive-loadout-shim

#2334 22:11:23.391  GET /revival/loadout
    -> 200  (0s)
    User-Agent: supervive-loadout-shim

#2335 22:11:23.673  GET /revival/loadout
    -> 200  (0s)
    User-Agent: supervive-loadout-shim

#2336 22:11:24.357  GET /revival/loadout
    -> 200  (0s)
    User-Agent: supervive-loadout-shim

#2337 22:11:24.635  GET /revival/loadout
    -> 200  (0s)
    User-Agent: supervive-loadout-shim

#2338 22:11:24.898  GET /revival/loadout
    -> 200  (0s)
    User-Agent: supervive-loadout-shim

#2339 22:11:25.105  GET /revival/loadout
    -> 200  (0s)
    User-Agent: supervive-loadout-shim

#2340 22:11:25.323  GET /revival/loadout
    -> 200  (0s)
    User-Agent: supervive-loadout-shim

#2341 22:11:25.590  GET /revival/loadout
    -> 200  (0s)
    User-Agent: supervive-loadout-shim

#2342 22:11:25.808  GET /revival/loadout
    -> 200  (0s)
    User-Agent: supervive-loadout-shim

#2343 22:11:26.019  GET /revival/loadout
    -> 200  (0s)
    User-Agent: supervive-loadout-shim

#2344 22:11:26.235  GET /revival/loadout
    -> 200  (0s)
    User-Agent: supervive-loadout-shim

#2345 22:11:26.485  GET /revival/loadout
    -> 200  (0s)
    User-Agent: supervive-loadout-shim

#2346 22:11:26.718  GET /revival/loadout
    -> 200  (0s)
    User-Agent: supervive-loadout-shim

#2347 22:11:27.051  GET /revival/loadout
    -> 200  (0s)
    User-Agent: supervive-loadout-shim

#2348 22:11:27.320  GET /revival/loadout
    -> 200  (0s)
    User-Agent: supervive-loadout-shim

#2349 22:11:27.731  GET /revival/loadout
    -> 200  (0s)
    User-Agent: supervive-loadout-shim

#2350 22:11:28.004  GET /revival/loadout
    -> 200  (0s)
    User-Agent: supervive-loadout-shim

#2351 22:11:28.274  GET /revival/loadout
    -> 200  (0s)
    User-Agent: supervive-loadout-shim

#2352 22:11:28.547  GET /revival/loadout
    -> 200  (0s)
    User-Agent: supervive-loadout-shim

#2353 22:11:28.827  GET /revival/loadout
    -> 200  (0s)
    User-Agent: supervive-loadout-shim

#2354 22:11:29.114  GET /revival/loadout
    -> 200  (0s)
    User-Agent: supervive-loadout-shim

#2355 22:11:29.435  GET /revival/loadout
    -> 200  (0s)
    User-Agent: supervive-loadout-shim

#2356 22:11:29.669  GET /revival/loadout
    -> 200  (0s)
    User-Agent: supervive-loadout-shim

#2357 22:11:29.943  GET /revival/loadout
    -> 200  (0s)
    User-Agent: supervive-loadout-shim

#2358 22:11:30.218  GET /revival/loadout
    -> 200  (0s)
    User-Agent: supervive-loadout-shim

#2359 22:11:30.542  GET /revival/loadout
    -> 200  (0s)
    User-Agent: supervive-loadout-shim

#2360 22:11:30.834  GET /revival/loadout
    -> 200  (0s)
    User-Agent: supervive-loadout-shim

#2361 22:11:32.222  GET /revival/loadout
    -> 200  (0s)
    User-Agent: supervive-loadout-shim

#2363 22:11:32.419  GET /party/matchmaking/info
    -> 200  (0s)
    Authorization: Bearer eyJhbGciOiJSUzI1NiIsImtpZCI6InN1cGVydml2ZS1yZXZpdmFsLWtleS0xIiwidHlwIjoiSldUIn0.eyJiYW5zIjpbXSwiY2xpZW50X2lkIjoiYmE4ZmI1OWEzNGJiNDgxYWJjYTA4YzQ2YmE0ODgwMjUiLCJjb3VudHJ5IjoiVVMiLCJkaXNwbGF5X25hbWUiOiJSZXZpdmVyIiwiZXhwIjoxNzg2OTI5MjgzLCJpYXQiOjE3ODY4NDI4ODMsImlzX2NvbXBseSI6dHJ1ZSwiamZsZ3MiOjAsIm5hbWVzcGFjZSI6InN1cGVydml2ZSIsIm5iZiI6MTc4Njg0MjgyMywicGVybWlzc2lvbnMiOlt7IkFjdGlvbiI6MTUsIlJlc291cmNlIjoiTkFNRVNQQUNFOnN1cGVydml2ZToqIn0seyJBY3Rpb24iOjE1LCJSZXNvdXJjZSI6IkFETUlOOk5BTUVTUEFDRTpzdXBlcnZpdmU6KiJ9XSwicm9sZXMiOltdLCJzY29wZSI6ImNvbW1lcmNlIGFjY291bnQgc29jaWFsIHB1Ymxpc2hpbmcgYW5hbHl0aWNzIiwic3ViIjoiOWI5ZDJjODg3ZTI1MjRmOTE4ZTM4M2E4OTVmMmYxYzIiLCJ1bmlxdWVEaXNwbGF5TmFtZSI6IlJldml2ZXIjMDAwMSIsInVuaXF1ZV9kaXNwbGF5X25hbWUiOiJSZXZpdmVyIzAwMDEifQ.fv8xRcCKsGH-kO-Yy5UkjIPChaqt0XYnodWf6hdS9uvwgLBx_Gpa6LtecHNO-sBxhNPFiTKP9dX9Vt7yMu-Z2L8x2NIYZSvJXh40Ti4JY4OCIKzNCZ-YroW2-mPGnTu0jObkHPxrOs8nMbQ1S2Hi3HfrJfBHW0DD2Mm_lj8eplsA1NBAf-F9J2DlvHPr9kizT9wglS9ihvwZNO1BzZRUmktpPOIJ9CVv6co8pPXv-Wflq_6jaSTwOMwqVFHrCD8lO4aYOVGBrPvv5hex5JJgstKYqepEYKv8fxQNbyzSoWGDQOqnxcv5hsjkdXZI29YJnzEWQdRhUjt3Y6Bxnjgp-A
    User-Agent: Loki/UE5-CL-0 (http-legacy) Windows/10.0.19045.1.256.64bit
    Accept: */*
    X-Theorycraft-Clientversion: release2.4.live-156430-shipping

#2362 22:11:32.419  GET /mailbox/config/version
    -> 200  (0s)
    Accept: */*
    X-Theorycraft-Clientversion: release2.4.live-156430-shipping
    Authorization: Bearer eyJhbGciOiJSUzI1NiIsImtpZCI6InN1cGVydml2ZS1yZXZpdmFsLWtleS0xIiwidHlwIjoiSldUIn0.eyJiYW5zIjpbXSwiY2xpZW50X2lkIjoiYmE4ZmI1OWEzNGJiNDgxYWJjYTA4YzQ2YmE0ODgwMjUiLCJjb3VudHJ5IjoiVVMiLCJkaXNwbGF5X25hbWUiOiJSZXZpdmVyIiwiZXhwIjoxNzg2OTI5MjgzLCJpYXQiOjE3ODY4NDI4ODMsImlzX2NvbXBseSI6dHJ1ZSwiamZsZ3MiOjAsIm5hbWVzcGFjZSI6InN1cGVydml2ZSIsIm5iZiI6MTc4Njg0MjgyMywicGVybWlzc2lvbnMiOlt7IkFjdGlvbiI6MTUsIlJlc291cmNlIjoiTkFNRVNQQUNFOnN1cGVydml2ZToqIn0seyJBY3Rpb24iOjE1LCJSZXNvdXJjZSI6IkFETUlOOk5BTUVTUEFDRTpzdXBlcnZpdmU6KiJ9XSwicm9sZXMiOltdLCJzY29wZSI6ImNvbW1lcmNlIGFjY291bnQgc29jaWFsIHB1Ymxpc2hpbmcgYW5hbHl0aWNzIiwic3ViIjoiOWI5ZDJjODg3ZTI1MjRmOTE4ZTM4M2E4OTVmMmYxYzIiLCJ1bmlxdWVEaXNwbGF5TmFtZSI6IlJldml2ZXIjMDAwMSIsInVuaXF1ZV9kaXNwbGF5X25hbWUiOiJSZXZpdmVyIzAwMDEifQ.fv8xRcCKsGH-kO-Yy5UkjIPChaqt0XYnodWf6hdS9uvwgLBx_Gpa6LtecHNO-sBxhNPFiTKP9dX9Vt7yMu-Z2L8x2NIYZSvJXh40Ti4JY4OCIKzNCZ-YroW2-mPGnTu0jObkHPxrOs8nMbQ1S2Hi3HfrJfBHW0DD2Mm_lj8eplsA1NBAf-F9J2DlvHPr9kizT9wglS9ihvwZNO1BzZRUmktpPOIJ9CVv6co8pPXv-Wflq_6jaSTwOMwqVFHrCD8lO4aYOVGBrPvv5hex5JJgstKYqepEYKv8fxQNbyzSoWGDQOqnxcv5hsjkdXZI29YJnzEWQdRhUjt3Y6Bxnjgp-A
    User-Agent: Loki/UE5-CL-0 (http-legacy) Windows/10.0.19045.1.256.64bit

#2364 22:11:33.014  GET /revival/loadout
    -> 200  (0s)
    User-Agent: supervive-loadout-shim

#2365 22:11:33.275  GET /revival/loadout
    -> 200  (0s)
    User-Agent: supervive-loadout-shim

#2366 22:11:33.480  GET /revival/loadout
    -> 200  (0s)
    User-Agent: supervive-loadout-shim

#2367 22:11:33.710  GET /revival/loadout
    -> 200  (0s)
    User-Agent: supervive-loadout-shim

#2368 22:11:33.919  GET /revival/loadout
    -> 200  (0s)
    User-Agent: supervive-loadout-shim

#2369 22:11:34.117  GET /configuration/client?language=en
    -> 200  (0s)
    User-Agent: Loki/UE5-CL-0 (http-legacy) Windows/10.0.19045.1.256.64bit
    Accept: */*
    X-Theorycraft-Clientversion: release2.4.live-156430-shipping
    Authorization: Bearer eyJhbGciOiJSUzI1NiIsImtpZCI6InN1cGVydml2ZS1yZXZpdmFsLWtleS0xIiwidHlwIjoiSldUIn0.eyJiYW5zIjpbXSwiY2xpZW50X2lkIjoiYmE4ZmI1OWEzNGJiNDgxYWJjYTA4YzQ2YmE0ODgwMjUiLCJjb3VudHJ5IjoiVVMiLCJkaXNwbGF5X25hbWUiOiJSZXZpdmVyIiwiZXhwIjoxNzg2OTI5MjgzLCJpYXQiOjE3ODY4NDI4ODMsImlzX2NvbXBseSI6dHJ1ZSwiamZsZ3MiOjAsIm5hbWVzcGFjZSI6InN1cGVydml2ZSIsIm5iZiI6MTc4Njg0MjgyMywicGVybWlzc2lvbnMiOlt7IkFjdGlvbiI6MTUsIlJlc291cmNlIjoiTkFNRVNQQUNFOnN1cGVydml2ZToqIn0seyJBY3Rpb24iOjE1LCJSZXNvdXJjZSI6IkFETUlOOk5BTUVTUEFDRTpzdXBlcnZpdmU6KiJ9XSwicm9sZXMiOltdLCJzY29wZSI6ImNvbW1lcmNlIGFjY291bnQgc29jaWFsIHB1Ymxpc2hpbmcgYW5hbHl0aWNzIiwic3ViIjoiOWI5ZDJjODg3ZTI1MjRmOTE4ZTM4M2E4OTVmMmYxYzIiLCJ1bmlxdWVEaXNwbGF5TmFtZSI6IlJldml2ZXIjMDAwMSIsInVuaXF1ZV9kaXNwbGF5X25hbWUiOiJSZXZpdmVyIzAwMDEifQ.fv8xRcCKsGH-kO-Yy5UkjIPChaqt0XYnodWf6hdS9uvwgLBx_Gpa6LtecHNO-sBxhNPFiTKP9dX9Vt7yMu-Z2L8x2NIYZSvJXh40Ti4JY4OCIKzNCZ-YroW2-mPGnTu0jObkHPxrOs8nMbQ1S2Hi3HfrJfBHW0DD2Mm_lj8eplsA1NBAf-F9J2DlvHPr9kizT9wglS9ihvwZNO1BzZRUmktpPOIJ9CVv6co8pPXv-Wflq_6jaSTwOMwqVFHrCD8lO4aYOVGBrPvv5hex5JJgstKYqepEYKv8fxQNbyzSoWGDQOqnxcv5hsjkdXZI29YJnzEWQdRhUjt3Y6Bxnjgp-A

* 22:11:35.802  WS <- /lobby TEXT ""

#2370 22:11:34.171  GET /content-service/manifest/release2.4.live-156430-shipping?nonEnabledOnly=true
    -> 200  (0s)
    Authorization: Bearer eyJhbGciOiJSUzI1NiIsImtpZCI6InN1cGVydml2ZS1yZXZpdmFsLWtleS0xIiwidHlwIjoiSldUIn0.eyJiYW5zIjpbXSwiY2xpZW50X2lkIjoiYmE4ZmI1OWEzNGJiNDgxYWJjYTA4YzQ2YmE0ODgwMjUiLCJjb3VudHJ5IjoiVVMiLCJkaXNwbGF5X25hbWUiOiJSZXZpdmVyIiwiZXhwIjoxNzg2OTI5MjgzLCJpYXQiOjE3ODY4NDI4ODMsImlzX2NvbXBseSI6dHJ1ZSwiamZsZ3MiOjAsIm5hbWVzcGFjZSI6InN1cGVydml2ZSIsIm5iZiI6MTc4Njg0MjgyMywicGVybWlzc2lvbnMiOlt7IkFjdGlvbiI6MTUsIlJlc291cmNlIjoiTkFNRVNQQUNFOnN1cGVydml2ZToqIn0seyJBY3Rpb24iOjE1LCJSZXNvdXJjZSI6IkFETUlOOk5BTUVTUEFDRTpzdXBlcnZpdmU6KiJ9XSwicm9sZXMiOltdLCJzY29wZSI6ImNvbW1lcmNlIGFjY291bnQgc29jaWFsIHB1Ymxpc2hpbmcgYW5hbHl0aWNzIiwic3ViIjoiOWI5ZDJjODg3ZTI1MjRmOTE4ZTM4M2E4OTVmMmYxYzIiLCJ1bmlxdWVEaXNwbGF5TmFtZSI6IlJldml2ZXIjMDAwMSIsInVuaXF1ZV9kaXNwbGF5X25hbWUiOiJSZXZpdmVyIzAwMDEifQ.fv8xRcCKsGH-kO-Yy5UkjIPChaqt0XYnodWf6hdS9uvwgLBx_Gpa6LtecHNO-sBxhNPFiTKP9dX9Vt7yMu-Z2L8x2NIYZSvJXh40Ti4JY4OCIKzNCZ-YroW2-mPGnTu0jObkHPxrOs8nMbQ1S2Hi3HfrJfBHW0DD2Mm_lj8eplsA1NBAf-F9J2DlvHPr9kizT9wglS9ihvwZNO1BzZRUmktpPOIJ9CVv6co8pPXv-Wflq_6jaSTwOMwqVFHrCD8lO4aYOVGBrPvv5hex5JJgstKYqepEYKv8fxQNbyzSoWGDQOqnxcv5hsjkdXZI29YJnzEWQdRhUjt3Y6Bxnjgp-A
    User-Agent: Loki/UE5-CL-0 (http-legacy) Windows/10.0.19045.1.256.64bit
    Accept: */*
    X-Theorycraft-Clientversion: release2.4.live-156430-shipping

#2371 22:11:38.391  GET /revival/loadout
    -> 200  (0s)
    User-Agent: supervive-loadout-shim

#2372 22:11:38.748  GET /revival/loadout
    -> 200  (0s)
    User-Agent: supervive-loadout-shim

#2373 22:11:39.006  GET /revival/loadout
    -> 200  (0s)
    User-Agent: supervive-loadout-shim

#2374 22:11:39.231  GET /revival/loadout
    -> 200  (0s)
    User-Agent: supervive-loadout-shim

#2375 22:11:39.450  GET /revival/loadout
    -> 200  (0s)
    User-Agent: supervive-loadout-shim

#2376 22:11:39.693  GET /revival/loadout
    -> 200  (0s)
    User-Agent: supervive-loadout-shim

#2377 22:11:39.928  GET /revival/loadout
    -> 200  (0s)
    User-Agent: supervive-loadout-shim

#2378 22:11:40.146  GET /revival/loadout
    -> 200  (0s)
    User-Agent: supervive-loadout-shim

#2379 22:11:40.394  GET /revival/loadout
    -> 200  (0s)
    User-Agent: supervive-loadout-shim

#2380 22:11:40.646  GET /revival/loadout
    -> 200  (0s)
    User-Agent: supervive-loadout-shim

#2381 22:11:40.890  GET /revival/loadout
    -> 200  (0s)
    User-Agent: supervive-loadout-shim

#2382 22:11:41.094  GET /revival/loadout
    -> 200  (0s)
    User-Agent: supervive-loadout-shim

#2383 22:11:41.339  GET /revival/loadout
    -> 200  (0s)
    User-Agent: supervive-loadout-shim

#2384 22:11:41.583  GET /revival/loadout
    -> 200  (0s)
    User-Agent: supervive-loadout-shim

#2385 22:11:41.694  POST /game-telemetry/v1/protected/events
    -> 200  (0s)
    Accept: application/json
    Authorization: Bearer eyJhbGciOiJSUzI1NiIsImtpZCI6InN1cGVydml2ZS1yZXZpdmFsLWtleS0xIiwidHlwIjoiSldUIn0.eyJiYW5zIjpbXSwiY2xpZW50X2lkIjoiYmE4ZmI1OWEzNGJiNDgxYWJjYTA4YzQ2YmE0ODgwMjUiLCJjb3VudHJ5IjoiVVMiLCJkaXNwbGF5X25hbWUiOiJSZXZpdmVyIiwiZXhwIjoxNzg2OTI5MjgzLCJpYXQiOjE3ODY4NDI4ODMsImlzX2NvbXBseSI6dHJ1ZSwiamZsZ3MiOjAsIm5hbWVzcGFjZSI6InN1cGVydml2ZSIsIm5iZiI6MTc4Njg0MjgyMywicGVybWlzc2lvbnMiOlt7IkFjdGlvbiI6MTUsIlJlc291cmNlIjoiTkFNRVNQQUNFOnN1cGVydml2ZToqIn0seyJBY3Rpb24iOjE1LCJSZXNvdXJjZSI6IkFETUlOOk5BTUVTUEFDRTpzdXBlcnZpdmU6KiJ9XSwicm9sZXMiOltdLCJzY29wZSI6ImNvbW1lcmNlIGFjY291bnQgc29jaWFsIHB1Ymxpc2hpbmcgYW5hbHl0aWNzIiwic3ViIjoiOWI5ZDJjODg3ZTI1MjRmOTE4ZTM4M2E4OTVmMmYxYzIiLCJ1bmlxdWVEaXNwbGF5TmFtZSI6IlJldml2ZXIjMDAwMSIsInVuaXF1ZV9kaXNwbGF5X25hbWUiOiJSZXZpdmVyIzAwMDEifQ.fv8xRcCKsGH-kO-Yy5UkjIPChaqt0XYnodWf6hdS9uvwgLBx_Gpa6LtecHNO-sBxhNPFiTKP9dX9Vt7yMu-Z2L8x2NIYZSvJXh40Ti4JY4OCIKzNCZ-YroW2-mPGnTu0jObkHPxrOs8nMbQ1S2Hi3HfrJfBHW0DD2Mm_lj8eplsA1NBAf-F9J2DlvHPr9kizT9wglS9ihvwZNO1BzZRUmktpPOIJ9CVv6co8pPXv-Wflq_6jaSTwOMwqVFHrCD8lO4aYOVGBrPvv5hex5JJgstKYqepEYKv8fxQNbyzSoWGDQOqnxcv5hsjkdXZI29YJnzEWQdRhUjt3Y6Bxnjgp-A
    Content-Type: application/json
    Game-Client-Version: 1.0.0.0
    User-Agent: Loki/UE5-CL-0 (http-legacy) Windows/10.0.19045.1.256.64bit
    body: [
	{
		"EventNamespace": "loki",
		"EventName": "client_network_samples_snapshot",
		"Payload":
		{
			"sessionId": "96103a7341a019677b2c239ad381e488",
			"PlayerId": "9b9d2c887e2524f918e383a895f2f1c2",
			"timestamp": "2026-08-16T03:10:48.081Z",
			"inAveragePacketLoss": 0,
			"outAveragePacketLoss": 0,
			"HardwareId": "c1795a173f53c6f72e8b0125f11309c6"
		},
		"ClientTimestamp": "2026-08-16T03:11:40.269Z",
		"flightId": "fe0275c749fce947c3902a860f491a1d",
		"DeviceType": "Windows"
	}
]

#2386 22:11:41.842  GET /revival/loadout
    -> 200  (0s)
    User-Agent: supervive-loadout-shim

#2387 22:11:42.081  GET /revival/loadout
    -> 200  (0s)
    User-Agent: supervive-loadout-shim

#2388 22:11:42.323  GET /revival/loadout
    -> 200  (0s)
    User-Agent: supervive-loadout-shim

#2389 22:11:42.605  GET /revival/loadout
    -> 200  (0s)
    User-Agent: supervive-loadout-shim

#2390 22:11:42.823  GET /revival/loadout
    -> 200  (0s)
    User-Agent: supervive-loadout-shim

#2391 22:11:43.058  GET /revival/loadout
    -> 200  (0s)
    User-Agent: supervive-loadout-shim

#2392 22:11:43.292  GET /revival/loadout
    -> 200  (0s)
    User-Agent: supervive-loadout-shim

#2393 22:11:43.511  GET /revival/loadout
    -> 200  (0s)
    User-Agent: supervive-loadout-shim

#2394 22:11:43.802  GET /revival/loadout
    -> 200  (0s)
    User-Agent: supervive-loadout-shim

#2395 22:11:44.035  GET /revival/loadout
    -> 200  (0s)
    User-Agent: supervive-loadout-shim

#2396 22:11:44.285  GET /revival/loadout
    -> 200  (0s)
    User-Agent: supervive-loadout-shim

#2397 22:11:44.538  GET /revival/loadout
    -> 200  (0s)
    User-Agent: supervive-loadout-shim

#2398 22:11:44.765  GET /revival/loadout
    -> 200  (0s)
    User-Agent: supervive-loadout-shim

#2399 22:11:44.970  GET /revival/loadout
    -> 200  (0s)
    User-Agent: supervive-loadout-shim

#2400 22:11:45.219  POST /party/parties/party-9b9d2c887e2524f918e383a895f2f1c2/members/9b9d2c887e2524f918e383a895f2f1c2/latencies
    -> 200  (0s)
    X-Theorycraft-Clientversion: release2.4.live-156430-shipping
    Authorization: Bearer eyJhbGciOiJSUzI1NiIsImtpZCI6InN1cGVydml2ZS1yZXZpdmFsLWtleS0xIiwidHlwIjoiSldUIn0.eyJiYW5zIjpbXSwiY2xpZW50X2lkIjoiYmE4ZmI1OWEzNGJiNDgxYWJjYTA4YzQ2YmE0ODgwMjUiLCJjb3VudHJ5IjoiVVMiLCJkaXNwbGF5X25hbWUiOiJSZXZpdmVyIiwiZXhwIjoxNzg2OTI5MjgzLCJpYXQiOjE3ODY4NDI4ODMsImlzX2NvbXBseSI6dHJ1ZSwiamZsZ3MiOjAsIm5hbWVzcGFjZSI6InN1cGVydml2ZSIsIm5iZiI6MTc4Njg0MjgyMywicGVybWlzc2lvbnMiOlt7IkFjdGlvbiI6MTUsIlJlc291cmNlIjoiTkFNRVNQQUNFOnN1cGVydml2ZToqIn0seyJBY3Rpb24iOjE1LCJSZXNvdXJjZSI6IkFETUlOOk5BTUVTUEFDRTpzdXBlcnZpdmU6KiJ9XSwicm9sZXMiOltdLCJzY29wZSI6ImNvbW1lcmNlIGFjY291bnQgc29jaWFsIHB1Ymxpc2hpbmcgYW5hbHl0aWNzIiwic3ViIjoiOWI5ZDJjODg3ZTI1MjRmOTE4ZTM4M2E4OTVmMmYxYzIiLCJ1bmlxdWVEaXNwbGF5TmFtZSI6IlJldml2ZXIjMDAwMSIsInVuaXF1ZV9kaXNwbGF5X25hbWUiOiJSZXZpdmVyIzAwMDEifQ.fv8xRcCKsGH-kO-Yy5UkjIPChaqt0XYnodWf6hdS9uvwgLBx_Gpa6LtecHNO-sBxhNPFiTKP9dX9Vt7yMu-Z2L8x2NIYZSvJXh40Ti4JY4OCIKzNCZ-YroW2-mPGnTu0jObkHPxrOs8nMbQ1S2Hi3HfrJfBHW0DD2Mm_lj8eplsA1NBAf-F9J2DlvHPr9kizT9wglS9ihvwZNO1BzZRUmktpPOIJ9CVv6co8pPXv-Wflq_6jaSTwOMwqVFHrCD8lO4aYOVGBrPvv5hex5JJgstKYqepEYKv8fxQNbyzSoWGDQOqnxcv5hsjkdXZI29YJnzEWQdRhUjt3Y6Bxnjgp-A
    Content-Type: application/json
    User-Agent: Loki/UE5-CL-0 (http-legacy) Windows/10.0.19045.1.256.64bit
    Accept: */*
    body: {"latencies":[{"host":"127.0.0.1","region":"us-east-1","route":"default","avgLatency":1}]}

#2401 22:11:45.375  GET /revival/loadout
    -> 200  (0s)
    User-Agent: supervive-loadout-shim

#2402 22:11:45.591  GET /revival/loadout
    -> 200  (0s)
    User-Agent: supervive-loadout-shim

#2403 22:11:45.900  GET /revival/loadout
    -> 200  (0s)
    User-Agent: supervive-loadout-shim

#2404 22:11:46.241  GET /revival/loadout
    -> 200  (0s)
    User-Agent: supervive-loadout-shim

#2405 22:11:46.488  GET /revival/loadout
    -> 200  (1ms)
    User-Agent: supervive-loadout-shim

#2406 22:11:46.747  GET /revival/loadout
    -> 200  (0s)
    User-Agent: supervive-loadout-shim

#2407 22:11:47.091  GET /revival/loadout
    -> 200  (0s)
    User-Agent: supervive-loadout-shim

#2408 22:11:47.338  GET /revival/loadout
    -> 200  (0s)
    User-Agent: supervive-loadout-shim

#2409 22:11:47.569  GET /revival/loadout
    -> 200  (0s)
    User-Agent: supervive-loadout-shim

#2410 22:11:47.803  GET /revival/loadout
    -> 200  (0s)
    User-Agent: supervive-loadout-shim

#2411 22:11:48.033  GET /revival/loadout
    -> 200  (0s)
    User-Agent: supervive-loadout-shim

#2412 22:11:48.262  GET /revival/loadout
    -> 200  (0s)
    User-Agent: supervive-loadout-shim

#2413 22:11:48.829  GET /revival/loadout
    -> 200  (0s)
    User-Agent: supervive-loadout-shim

#2414 22:11:49.289  GET /revival/loadout
    -> 200  (0s)
    User-Agent: supervive-loadout-shim

#2415 22:11:49.552  GET /revival/loadout
    -> 200  (0s)
    User-Agent: supervive-loadout-shim

#2416 22:11:50.049  GET /revival/loadout
    -> 200  (0s)
    User-Agent: supervive-loadout-shim

#2417 22:11:50.307  GET /revival/loadout
    -> 200  (0s)
    User-Agent: supervive-loadout-shim

#2418 22:11:51.559  GET /revival/loadout
    -> 200  (0s)
    User-Agent: supervive-loadout-shim

#2419 22:11:52.405  GET /revival/loadout
    -> 200  (0s)
    User-Agent: supervive-loadout-shim

#2420 22:11:52.601  GET /party/players/9b9d2c887e2524f918e383a895f2f1c2/voice
    -> 200  (1ms)
    X-Theorycraft-Clientversion: release2.4.live-156430-shipping
    Authorization: Bearer eyJhbGciOiJSUzI1NiIsImtpZCI6InN1cGVydml2ZS1yZXZpdmFsLWtleS0xIiwidHlwIjoiSldUIn0.eyJiYW5zIjpbXSwiY2xpZW50X2lkIjoiYmE4ZmI1OWEzNGJiNDgxYWJjYTA4YzQ2YmE0ODgwMjUiLCJjb3VudHJ5IjoiVVMiLCJkaXNwbGF5X25hbWUiOiJSZXZpdmVyIiwiZXhwIjoxNzg2OTI5MjgzLCJpYXQiOjE3ODY4NDI4ODMsImlzX2NvbXBseSI6dHJ1ZSwiamZsZ3MiOjAsIm5hbWVzcGFjZSI6InN1cGVydml2ZSIsIm5iZiI6MTc4Njg0MjgyMywicGVybWlzc2lvbnMiOlt7IkFjdGlvbiI6MTUsIlJlc291cmNlIjoiTkFNRVNQQUNFOnN1cGVydml2ZToqIn0seyJBY3Rpb24iOjE1LCJSZXNvdXJjZSI6IkFETUlOOk5BTUVTUEFDRTpzdXBlcnZpdmU6KiJ9XSwicm9sZXMiOltdLCJzY29wZSI6ImNvbW1lcmNlIGFjY291bnQgc29jaWFsIHB1Ymxpc2hpbmcgYW5hbHl0aWNzIiwic3ViIjoiOWI5ZDJjODg3ZTI1MjRmOTE4ZTM4M2E4OTVmMmYxYzIiLCJ1bmlxdWVEaXNwbGF5TmFtZSI6IlJldml2ZXIjMDAwMSIsInVuaXF1ZV9kaXNwbGF5X25hbWUiOiJSZXZpdmVyIzAwMDEifQ.fv8xRcCKsGH-kO-Yy5UkjIPChaqt0XYnodWf6hdS9uvwgLBx_Gpa6LtecHNO-sBxhNPFiTKP9dX9Vt7yMu-Z2L8x2NIYZSvJXh40Ti4JY4OCIKzNCZ-YroW2-mPGnTu0jObkHPxrOs8nMbQ1S2Hi3HfrJfBHW0DD2Mm_lj8eplsA1NBAf-F9J2DlvHPr9kizT9wglS9ihvwZNO1BzZRUmktpPOIJ9CVv6co8pPXv-Wflq_6jaSTwOMwqVFHrCD8lO4aYOVGBrPvv5hex5JJgstKYqepEYKv8fxQNbyzSoWGDQOqnxcv5hsjkdXZI29YJnzEWQdRhUjt3Y6Bxnjgp-A
    User-Agent: Loki/UE5-CL-0 (http-legacy) Windows/10.0.19045.1.256.64bit
    Accept: */*

#2421 22:11:52.734  GET /revival/loadout
    -> 200  (0s)
    User-Agent: supervive-loadout-shim

* 22:11:52.762  WS -> /notifications/players/9b9d2c887e2524f918e383a895f2f1c2 BINARY hb (proactive 30s keepalive)

#2422 22:11:53.074  GET /revival/loadout
    -> 200  (0s)
    User-Agent: supervive-loadout-shim

#2423 22:11:53.300  GET /revival/loadout
    -> 200  (0s)
    User-Agent: supervive-loadout-shim

#2424 22:11:53.533  GET /revival/loadout
    -> 200  (0s)
    User-Agent: supervive-loadout-shim

#2425 22:11:53.757  GET /revival/loadout
    -> 200  (0s)
    User-Agent: supervive-loadout-shim

#2426 22:11:53.975  GET /revival/loadout
    -> 200  (0s)
    User-Agent: supervive-loadout-shim

#2427 22:11:54.206  GET /revival/loadout
    -> 200  (0s)
    User-Agent: supervive-loadout-shim

#2428 22:11:54.423  GET /revival/loadout
    -> 200  (0s)
    User-Agent: supervive-loadout-shim

#2429 22:11:54.708  GET /revival/loadout
    -> 200  (0s)
    User-Agent: supervive-loadout-shim

#2430 22:11:54.946  GET /revival/loadout
    -> 200  (0s)
    User-Agent: supervive-loadout-shim

#2431 22:11:55.185  GET /revival/loadout
    -> 200  (0s)
    User-Agent: supervive-loadout-shim

#2432 22:11:55.405  GET /revival/loadout
    -> 200  (0s)
    User-Agent: supervive-loadout-shim

#2433 22:11:55.678  GET /revival/loadout
    -> 200  (0s)
    User-Agent: supervive-loadout-shim

#2434 22:11:55.924  GET /revival/loadout
    -> 200  (0s)
    User-Agent: supervive-loadout-shim

#2435 22:11:56.156  GET /revival/loadout
    -> 200  (0s)
    User-Agent: supervive-loadout-shim

#2436 22:11:56.461  GET /revival/loadout
    -> 200  (0s)
    User-Agent: supervive-loadout-shim

#2437 22:11:56.716  GET /revival/loadout
    -> 200  (0s)
    User-Agent: supervive-loadout-shim

#2438 22:11:56.991  GET /revival/loadout
    -> 200  (0s)
    User-Agent: supervive-loadout-shim

#2439 22:11:57.016  GET /progression/players/9b9d2c887e2524f918e383a895f2f1c2
    -> 200  (76ms)
    User-Agent: s122-verify-NOT-the-game

#2440 22:11:57.230  GET /revival/loadout
    -> 200  (0s)
    User-Agent: supervive-loadout-shim

#2441 22:11:57.464  GET /revival/loadout
    -> 200  (0s)
    User-Agent: supervive-loadout-shim

#2442 22:11:57.683  GET /revival/loadout
    -> 200  (0s)
    User-Agent: supervive-loadout-shim

#2443 22:11:57.928  GET /revival/loadout
    -> 200  (0s)
    User-Agent: supervive-loadout-shim

#2444 22:11:58.152  GET /revival/loadout
    -> 200  (0s)
    User-Agent: supervive-loadout-shim

#2445 22:11:58.358  GET /revival/loadout
    -> 200  (0s)
    User-Agent: supervive-loadout-shim

#2446 22:11:58.574  GET /revival/loadout
    -> 200  (0s)
    User-Agent: supervive-loadout-shim

#2447 22:11:58.802  GET /revival/loadout
    -> 200  (0s)
    User-Agent: supervive-loadout-shim

#2448 22:11:59.049  GET /revival/loadout
    -> 200  (0s)
    User-Agent: supervive-loadout-shim

#2449 22:11:59.292  GET /revival/loadout
    -> 200  (0s)
    User-Agent: supervive-loadout-shim

#2450 22:11:59.494  GET /revival/loadout
    -> 200  (0s)
    User-Agent: supervive-loadout-shim

#2451 22:11:59.717  GET /revival/loadout
    -> 200  (0s)
    User-Agent: supervive-loadout-shim

#2452 22:11:59.940  GET /revival/loadout
    -> 200  (0s)
    User-Agent: supervive-loadout-shim

#2453 22:12:00.168  GET /revival/loadout
    -> 200  (1ms)
    User-Agent: supervive-loadout-shim

#2454 22:12:00.399  GET /revival/loadout
    -> 200  (0s)
    User-Agent: supervive-loadout-shim

#2455 22:12:00.697  GET /revival/loadout
    -> 200  (0s)
    User-Agent: supervive-loadout-shim

#2456 22:12:01.082  GET /revival/loadout
    -> 200  (0s)
    User-Agent: supervive-loadout-shim

#2457 22:12:01.330  GET /revival/loadout
    -> 200  (0s)
    User-Agent: supervive-loadout-shim

#2458 22:12:02.066  GET /revival/loadout
    -> 200  (0s)
    User-Agent: supervive-loadout-shim

#2459 22:12:04.920  GET /party/matchmaking/info
    -> 200  (1ms)
    Accept: */*
    X-Theorycraft-Clientversion: release2.4.live-156430-shipping
    Authorization: Bearer eyJhbGciOiJSUzI1NiIsImtpZCI6InN1cGVydml2ZS1yZXZpdmFsLWtleS0xIiwidHlwIjoiSldUIn0.eyJiYW5zIjpbXSwiY2xpZW50X2lkIjoiYmE4ZmI1OWEzNGJiNDgxYWJjYTA4YzQ2YmE0ODgwMjUiLCJjb3VudHJ5IjoiVVMiLCJkaXNwbGF5X25hbWUiOiJSZXZpdmVyIiwiZXhwIjoxNzg2OTI5MjgzLCJpYXQiOjE3ODY4NDI4ODMsImlzX2NvbXBseSI6dHJ1ZSwiamZsZ3MiOjAsIm5hbWVzcGFjZSI6InN1cGVydml2ZSIsIm5iZiI6MTc4Njg0MjgyMywicGVybWlzc2lvbnMiOlt7IkFjdGlvbiI6MTUsIlJlc291cmNlIjoiTkFNRVNQQUNFOnN1cGVydml2ZToqIn0seyJBY3Rpb24iOjE1LCJSZXNvdXJjZSI6IkFETUlOOk5BTUVTUEFDRTpzdXBlcnZpdmU6KiJ9XSwicm9sZXMiOltdLCJzY29wZSI6ImNvbW1lcmNlIGFjY291bnQgc29jaWFsIHB1Ymxpc2hpbmcgYW5hbHl0aWNzIiwic3ViIjoiOWI5ZDJjODg3ZTI1MjRmOTE4ZTM4M2E4OTVmMmYxYzIiLCJ1bmlxdWVEaXNwbGF5TmFtZSI6IlJldml2ZXIjMDAwMSIsInVuaXF1ZV9kaXNwbGF5X25hbWUiOiJSZXZpdmVyIzAwMDEifQ.fv8xRcCKsGH-kO-Yy5UkjIPChaqt0XYnodWf6hdS9uvwgLBx_Gpa6LtecHNO-sBxhNPFiTKP9dX9Vt7yMu-Z2L8x2NIYZSvJXh40Ti4JY4OCIKzNCZ-YroW2-mPGnTu0jObkHPxrOs8nMbQ1S2Hi3HfrJfBHW0DD2Mm_lj8eplsA1NBAf-F9J2DlvHPr9kizT9wglS9ihvwZNO1BzZRUmktpPOIJ9CVv6co8pPXv-Wflq_6jaSTwOMwqVFHrCD8lO4aYOVGBrPvv5hex5JJgstKYqepEYKv8fxQNbyzSoWGDQOqnxcv5hsjkdXZI29YJnzEWQdRhUjt3Y6Bxnjgp-A
    User-Agent: Loki/UE5-CL-0 (http-legacy) Windows/10.0.19045.1.256.64bit

#2460 22:12:04.924  GET /core-game/regions
    -> 200  (0s)
    User-Agent: Loki/UE5-CL-0 (http-legacy) Windows/10.0.19045.1.256.64bit
    Accept: */*
    X-Theorycraft-Clientversion: release2.4.live-156430-shipping
    Authorization: Bearer eyJhbGciOiJSUzI1NiIsImtpZCI6InN1cGVydml2ZS1yZXZpdmFsLWtleS0xIiwidHlwIjoiSldUIn0.eyJiYW5zIjpbXSwiY2xpZW50X2lkIjoiYmE4ZmI1OWEzNGJiNDgxYWJjYTA4YzQ2YmE0ODgwMjUiLCJjb3VudHJ5IjoiVVMiLCJkaXNwbGF5X25hbWUiOiJSZXZpdmVyIiwiZXhwIjoxNzg2OTI5MjgzLCJpYXQiOjE3ODY4NDI4ODMsImlzX2NvbXBseSI6dHJ1ZSwiamZsZ3MiOjAsIm5hbWVzcGFjZSI6InN1cGVydml2ZSIsIm5iZiI6MTc4Njg0MjgyMywicGVybWlzc2lvbnMiOlt7IkFjdGlvbiI6MTUsIlJlc291cmNlIjoiTkFNRVNQQUNFOnN1cGVydml2ZToqIn0seyJBY3Rpb24iOjE1LCJSZXNvdXJjZSI6IkFETUlOOk5BTUVTUEFDRTpzdXBlcnZpdmU6KiJ9XSwicm9sZXMiOltdLCJzY29wZSI6ImNvbW1lcmNlIGFjY291bnQgc29jaWFsIHB1Ymxpc2hpbmcgYW5hbHl0aWNzIiwic3ViIjoiOWI5ZDJjODg3ZTI1MjRmOTE4ZTM4M2E4OTVmMmYxYzIiLCJ1bmlxdWVEaXNwbGF5TmFtZSI6IlJldml2ZXIjMDAwMSIsInVuaXF1ZV9kaXNwbGF5X25hbWUiOiJSZXZpdmVyIzAwMDEifQ.fv8xRcCKsGH-kO-Yy5UkjIPChaqt0XYnodWf6hdS9uvwgLBx_Gpa6LtecHNO-sBxhNPFiTKP9dX9Vt7yMu-Z2L8x2NIYZSvJXh40Ti4JY4OCIKzNCZ-YroW2-mPGnTu0jObkHPxrOs8nMbQ1S2Hi3HfrJfBHW0DD2Mm_lj8eplsA1NBAf-F9J2DlvHPr9kizT9wglS9ihvwZNO1BzZRUmktpPOIJ9CVv6co8pPXv-Wflq_6jaSTwOMwqVFHrCD8lO4aYOVGBrPvv5hex5JJgstKYqepEYKv8fxQNbyzSoWGDQOqnxcv5hsjkdXZI29YJnzEWQdRhUjt3Y6Bxnjgp-A

#2461 22:12:04.924  GET /revival/loadout
    -> 200  (0s)
    User-Agent: supervive-loadout-shim

#2462 22:12:06.354  GET /revival/loadout
    -> 200  (0s)
    User-Agent: supervive-loadout-shim

* 22:12:06.534  WS <- /lobby TEXT ""

#2463 22:12:06.654  GET /revival/loadout
    -> 200  (0s)
    User-Agent: supervive-loadout-shim

#2464 22:12:06.654  GET /configuration/client?language=en
    -> 200  (0s)
    Accept: */*
    Authorization: Bearer eyJhbGciOiJSUzI1NiIsImtpZCI6InN1cGVydml2ZS1yZXZpdmFsLWtleS0xIiwidHlwIjoiSldUIn0.eyJiYW5zIjpbXSwiY2xpZW50X2lkIjoiYmE4ZmI1OWEzNGJiNDgxYWJjYTA4YzQ2YmE0ODgwMjUiLCJjb3VudHJ5IjoiVVMiLCJkaXNwbGF5X25hbWUiOiJSZXZpdmVyIiwiZXhwIjoxNzg2OTI5MjgzLCJpYXQiOjE3ODY4NDI4ODMsImlzX2NvbXBseSI6dHJ1ZSwiamZsZ3MiOjAsIm5hbWVzcGFjZSI6InN1cGVydml2ZSIsIm5iZiI6MTc4Njg0MjgyMywicGVybWlzc2lvbnMiOlt7IkFjdGlvbiI6MTUsIlJlc291cmNlIjoiTkFNRVNQQUNFOnN1cGVydml2ZToqIn0seyJBY3Rpb24iOjE1LCJSZXNvdXJjZSI6IkFETUlOOk5BTUVTUEFDRTpzdXBlcnZpdmU6KiJ9XSwicm9sZXMiOltdLCJzY29wZSI6ImNvbW1lcmNlIGFjY291bnQgc29jaWFsIHB1Ymxpc2hpbmcgYW5hbHl0aWNzIiwic3ViIjoiOWI5ZDJjODg3ZTI1MjRmOTE4ZTM4M2E4OTVmMmYxYzIiLCJ1bmlxdWVEaXNwbGF5TmFtZSI6IlJldml2ZXIjMDAwMSIsInVuaXF1ZV9kaXNwbGF5X25hbWUiOiJSZXZpdmVyIzAwMDEifQ.fv8xRcCKsGH-kO-Yy5UkjIPChaqt0XYnodWf6hdS9uvwgLBx_Gpa6LtecHNO-sBxhNPFiTKP9dX9Vt7yMu-Z2L8x2NIYZSvJXh40Ti4JY4OCIKzNCZ-YroW2-mPGnTu0jObkHPxrOs8nMbQ1S2Hi3HfrJfBHW0DD2Mm_lj8eplsA1NBAf-F9J2DlvHPr9kizT9wglS9ihvwZNO1BzZRUmktpPOIJ9CVv6co8pPXv-Wflq_6jaSTwOMwqVFHrCD8lO4aYOVGBrPvv5hex5JJgstKYqepEYKv8fxQNbyzSoWGDQOqnxcv5hsjkdXZI29YJnzEWQdRhUjt3Y6Bxnjgp-A
    User-Agent: Loki/UE5-CL-0 (http-legacy) Windows/10.0.19045.1.256.64bit
    X-Theorycraft-Clientversion: release2.4.live-156430-shipping

#2465 22:12:06.832  GET /content-service/manifest/release2.4.live-156430-shipping?nonEnabledOnly=true
    -> 200  (0s)
    Accept: */*
    X-Theorycraft-Clientversion: release2.4.live-156430-shipping
    Authorization: Bearer eyJhbGciOiJSUzI1NiIsImtpZCI6InN1cGVydml2ZS1yZXZpdmFsLWtleS0xIiwidHlwIjoiSldUIn0.eyJiYW5zIjpbXSwiY2xpZW50X2lkIjoiYmE4ZmI1OWEzNGJiNDgxYWJjYTA4YzQ2YmE0ODgwMjUiLCJjb3VudHJ5IjoiVVMiLCJkaXNwbGF5X25hbWUiOiJSZXZpdmVyIiwiZXhwIjoxNzg2OTI5MjgzLCJpYXQiOjE3ODY4NDI4ODMsImlzX2NvbXBseSI6dHJ1ZSwiamZsZ3MiOjAsIm5hbWVzcGFjZSI6InN1cGVydml2ZSIsIm5iZiI6MTc4Njg0MjgyMywicGVybWlzc2lvbnMiOlt7IkFjdGlvbiI6MTUsIlJlc291cmNlIjoiTkFNRVNQQUNFOnN1cGVydml2ZToqIn0seyJBY3Rpb24iOjE1LCJSZXNvdXJjZSI6IkFETUlOOk5BTUVTUEFDRTpzdXBlcnZpdmU6KiJ9XSwicm9sZXMiOltdLCJzY29wZSI6ImNvbW1lcmNlIGFjY291bnQgc29jaWFsIHB1Ymxpc2hpbmcgYW5hbHl0aWNzIiwic3ViIjoiOWI5ZDJjODg3ZTI1MjRmOTE4ZTM4M2E4OTVmMmYxYzIiLCJ1bmlxdWVEaXNwbGF5TmFtZSI6IlJldml2ZXIjMDAwMSIsInVuaXF1ZV9kaXNwbGF5X25hbWUiOiJSZXZpdmVyIzAwMDEifQ.fv8xRcCKsGH-kO-Yy5UkjIPChaqt0XYnodWf6hdS9uvwgLBx_Gpa6LtecHNO-sBxhNPFiTKP9dX9Vt7yMu-Z2L8x2NIYZSvJXh40Ti4JY4OCIKzNCZ-YroW2-mPGnTu0jObkHPxrOs8nMbQ1S2Hi3HfrJfBHW0DD2Mm_lj8eplsA1NBAf-F9J2DlvHPr9kizT9wglS9ihvwZNO1BzZRUmktpPOIJ9CVv6co8pPXv-Wflq_6jaSTwOMwqVFHrCD8lO4aYOVGBrPvv5hex5JJgstKYqepEYKv8fxQNbyzSoWGDQOqnxcv5hsjkdXZI29YJnzEWQdRhUjt3Y6Bxnjgp-A
    User-Agent: Loki/UE5-CL-0 (http-legacy) Windows/10.0.19045.1.256.64bit

#2466 22:12:07.012  GET /revival/loadout
    -> 200  (0s)
    User-Agent: supervive-loadout-shim

#2467 22:12:07.321  GET /revival/loadout
    -> 200  (0s)
    User-Agent: supervive-loadout-shim

#2468 22:12:07.948  GET /revival/loadout
    -> 200  (0s)
    User-Agent: supervive-loadout-shim

#2469 22:12:08.367  GET /revival/loadout
    -> 200  (0s)
    User-Agent: supervive-loadout-shim

#2470 22:12:09.282  GET /revival/loadout
    -> 200  (1ms)
    User-Agent: supervive-loadout-shim

#2471 22:12:09.650  GET /revival/loadout
    -> 200  (0s)
    User-Agent: supervive-loadout-shim

#2472 22:12:09.969  GET /revival/loadout
    -> 200  (1ms)
    User-Agent: supervive-loadout-shim

#2473 22:12:10.195  GET /revival/loadout
    -> 200  (0s)
    User-Agent: supervive-loadout-shim

#2474 22:12:10.428  GET /revival/loadout
    -> 200  (0s)
    User-Agent: supervive-loadout-shim

#2475 22:12:10.665  GET /revival/loadout
    -> 200  (0s)
    User-Agent: supervive-loadout-shim

#2476 22:12:10.904  GET /revival/loadout
    -> 200  (0s)
    User-Agent: supervive-loadout-shim

#2477 22:12:11.144  GET /revival/loadout
    -> 200  (0s)
    User-Agent: supervive-loadout-shim

#2478 22:12:11.434  GET /revival/loadout
    -> 200  (0s)
    User-Agent: supervive-loadout-shim

#2479 22:12:11.629  GET /revival/loadout
    -> 200  (0s)
    User-Agent: supervive-loadout-shim

#2480 22:12:11.830  GET /revival/loadout
    -> 200  (0s)
    User-Agent: supervive-loadout-shim

#2481 22:12:12.049  GET /revival/loadout
    -> 200  (0s)
    User-Agent: supervive-loadout-shim

#2482 22:12:12.260  GET /revival/loadout
    -> 200  (0s)
    User-Agent: supervive-loadout-shim

#2483 22:12:12.462  GET /revival/loadout
    -> 200  (0s)
    User-Agent: supervive-loadout-shim

#2484 22:12:12.655  GET /revival/loadout
    -> 200  (0s)
    User-Agent: supervive-loadout-shim

#2485 22:12:12.876  GET /revival/loadout
    -> 200  (0s)
    User-Agent: supervive-loadout-shim

#2486 22:12:13.061  GET /revival/loadout
    -> 200  (0s)
    User-Agent: supervive-loadout-shim

#2487 22:12:13.252  GET /revival/loadout
    -> 200  (0s)
    User-Agent: supervive-loadout-shim

#2488 22:12:13.434  GET /revival/loadout
    -> 200  (0s)
    User-Agent: supervive-loadout-shim

#2489 22:12:13.620  GET /revival/loadout
    -> 200  (0s)
    User-Agent: supervive-loadout-shim

#2490 22:12:13.810  GET /revival/loadout
    -> 200  (0s)
    User-Agent: supervive-loadout-shim

#2491 22:12:14.012  GET /revival/loadout
    -> 200  (0s)
    User-Agent: supervive-loadout-shim

#2492 22:12:14.197  GET /revival/loadout
    -> 200  (0s)
    User-Agent: supervive-loadout-shim

#2493 22:12:14.429  GET /revival/loadout
    -> 200  (0s)
    User-Agent: supervive-loadout-shim

#2494 22:12:14.686  GET /revival/loadout
    -> 200  (0s)
    User-Agent: supervive-loadout-shim

#2495 22:12:14.882  GET /revival/loadout
    -> 200  (0s)
    User-Agent: supervive-loadout-shim

#2496 22:12:15.070  GET /revival/loadout
    -> 200  (0s)
    User-Agent: supervive-loadout-shim

#2497 22:12:15.253  GET /revival/loadout
    -> 200  (0s)
    User-Agent: supervive-loadout-shim

#2498 22:12:15.441  GET /revival/loadout
    -> 200  (0s)
    User-Agent: supervive-loadout-shim

#2499 22:12:15.651  GET /revival/loadout
    -> 200  (0s)
    User-Agent: supervive-loadout-shim

#2500 22:12:15.845  GET /revival/loadout
    -> 200  (0s)
    User-Agent: supervive-loadout-shim

#2501 22:12:16.034  GET /revival/loadout
    -> 200  (0s)
    User-Agent: supervive-loadout-shim

#2502 22:12:16.233  GET /revival/loadout
    -> 200  (0s)
    User-Agent: supervive-loadout-shim

#2503 22:12:16.426  GET /revival/loadout
    -> 200  (0s)
    User-Agent: supervive-loadout-shim

#2504 22:12:16.625  GET /revival/loadout
    -> 200  (0s)
    User-Agent: supervive-loadout-shim

#2505 22:12:16.811  GET /revival/loadout
    -> 200  (0s)
    User-Agent: supervive-loadout-shim

#2506 22:12:17.019  GET /revival/loadout
    -> 200  (0s)
    User-Agent: supervive-loadout-shim

#2507 22:12:17.208  GET /revival/loadout
    -> 200  (0s)
    User-Agent: supervive-loadout-shim

#2508 22:12:17.408  GET /revival/loadout
    -> 200  (0s)
    User-Agent: supervive-loadout-shim

#2509 22:12:17.617  GET /revival/loadout
    -> 200  (0s)
    User-Agent: supervive-loadout-shim

#2510 22:12:17.618  POST /party/parties/party-9b9d2c887e2524f918e383a895f2f1c2/members/9b9d2c887e2524f918e383a895f2f1c2/latencies
    -> 200  (0s)
    Accept: */*
    X-Theorycraft-Clientversion: release2.4.live-156430-shipping
    Authorization: Bearer eyJhbGciOiJSUzI1NiIsImtpZCI6InN1cGVydml2ZS1yZXZpdmFsLWtleS0xIiwidHlwIjoiSldUIn0.eyJiYW5zIjpbXSwiY2xpZW50X2lkIjoiYmE4ZmI1OWEzNGJiNDgxYWJjYTA4YzQ2YmE0ODgwMjUiLCJjb3VudHJ5IjoiVVMiLCJkaXNwbGF5X25hbWUiOiJSZXZpdmVyIiwiZXhwIjoxNzg2OTI5MjgzLCJpYXQiOjE3ODY4NDI4ODMsImlzX2NvbXBseSI6dHJ1ZSwiamZsZ3MiOjAsIm5hbWVzcGFjZSI6InN1cGVydml2ZSIsIm5iZiI6MTc4Njg0MjgyMywicGVybWlzc2lvbnMiOlt7IkFjdGlvbiI6MTUsIlJlc291cmNlIjoiTkFNRVNQQUNFOnN1cGVydml2ZToqIn0seyJBY3Rpb24iOjE1LCJSZXNvdXJjZSI6IkFETUlOOk5BTUVTUEFDRTpzdXBlcnZpdmU6KiJ9XSwicm9sZXMiOltdLCJzY29wZSI6ImNvbW1lcmNlIGFjY291bnQgc29jaWFsIHB1Ymxpc2hpbmcgYW5hbHl0aWNzIiwic3ViIjoiOWI5ZDJjODg3ZTI1MjRmOTE4ZTM4M2E4OTVmMmYxYzIiLCJ1bmlxdWVEaXNwbGF5TmFtZSI6IlJldml2ZXIjMDAwMSIsInVuaXF1ZV9kaXNwbGF5X25hbWUiOiJSZXZpdmVyIzAwMDEifQ.fv8xRcCKsGH-kO-Yy5UkjIPChaqt0XYnodWf6hdS9uvwgLBx_Gpa6LtecHNO-sBxhNPFiTKP9dX9Vt7yMu-Z2L8x2NIYZSvJXh40Ti4JY4OCIKzNCZ-YroW2-mPGnTu0jObkHPxrOs8nMbQ1S2Hi3HfrJfBHW0DD2Mm_lj8eplsA1NBAf-F9J2DlvHPr9kizT9wglS9ihvwZNO1BzZRUmktpPOIJ9CVv6co8pPXv-Wflq_6jaSTwOMwqVFHrCD8lO4aYOVGBrPvv5hex5JJgstKYqepEYKv8fxQNbyzSoWGDQOqnxcv5hsjkdXZI29YJnzEWQdRhUjt3Y6Bxnjgp-A
    Content-Type: application/json
    User-Agent: Loki/UE5-CL-0 (http-legacy) Windows/10.0.19045.1.256.64bit
    body: {"latencies":[{"host":"127.0.0.1","region":"us-east-1","route":"default","avgLatency":0}]}

#2511 22:12:17.809  GET /revival/loadout
    -> 200  (0s)
    User-Agent: supervive-loadout-shim

#2512 22:12:17.992  GET /revival/loadout
    -> 200  (0s)
    User-Agent: supervive-loadout-shim

#2513 22:12:18.199  GET /revival/loadout
    -> 200  (0s)
    User-Agent: supervive-loadout-shim

#2514 22:12:18.399  GET /revival/loadout
    -> 200  (0s)
    User-Agent: supervive-loadout-shim

#2515 22:12:18.599  GET /revival/loadout
    -> 200  (0s)
    User-Agent: supervive-loadout-shim

#2516 22:12:18.824  GET /revival/loadout
    -> 200  (0s)
    User-Agent: supervive-loadout-shim

#2517 22:12:19.027  GET /revival/loadout
    -> 200  (0s)
    User-Agent: supervive-loadout-shim

#2518 22:12:19.253  GET /revival/loadout
    -> 200  (0s)
    User-Agent: supervive-loadout-shim

#2519 22:12:19.450  GET /revival/loadout
    -> 200  (0s)
    User-Agent: supervive-loadout-shim

#2520 22:12:19.665  GET /revival/loadout
    -> 200  (0s)
    User-Agent: supervive-loadout-shim

#2521 22:12:19.883  GET /revival/loadout
    -> 200  (0s)
    User-Agent: supervive-loadout-shim

* 22:12:19.941  WS <- /notifications/players/9b9d2c887e2524f918e383a895f2f1c2 BINARY (2 bytes) 6862

* 22:12:20.004  WS -> /notifications/players/9b9d2c887e2524f918e383a895f2f1c2 TEXT hb reply {"Resource":"hb","Version":0,"Payload":""}

#2522 22:12:20.082  GET /revival/loadout
    -> 200  (0s)
    User-Agent: supervive-loadout-shim

#2523 22:12:20.291  GET /revival/loadout
    -> 200  (0s)
    User-Agent: supervive-loadout-shim

#2524 22:12:20.499  GET /revival/loadout
    -> 200  (0s)
    User-Agent: supervive-loadout-shim

#2525 22:12:20.690  GET /revival/loadout
    -> 200  (0s)
    User-Agent: supervive-loadout-shim

#2526 22:12:20.882  GET /revival/loadout
    -> 200  (0s)
    User-Agent: supervive-loadout-shim

#2527 22:12:21.082  GET /revival/loadout
    -> 200  (0s)
    User-Agent: supervive-loadout-shim

#2528 22:12:21.273  GET /revival/loadout
    -> 200  (0s)
    User-Agent: supervive-loadout-shim

#2529 22:12:21.482  GET /revival/loadout
    -> 200  (0s)
    User-Agent: supervive-loadout-shim

#2530 22:12:21.682  GET /revival/loadout
    -> 200  (0s)
    User-Agent: supervive-loadout-shim

#2531 22:12:21.882  GET /revival/loadout
    -> 200  (0s)
    User-Agent: supervive-loadout-shim

#2532 22:12:22.082  GET /revival/loadout
    -> 200  (0s)
    User-Agent: supervive-loadout-shim

#2533 22:12:22.293  GET /revival/loadout
    -> 200  (0s)
    User-Agent: supervive-loadout-shim

#2534 22:12:22.490  GET /revival/loadout
    -> 200  (0s)
    User-Agent: supervive-loadout-shim

#2535 22:12:22.698  GET /revival/loadout
    -> 200  (0s)
    User-Agent: supervive-loadout-shim

#2536 22:12:22.914  GET /revival/loadout
    -> 200  (0s)
    User-Agent: supervive-loadout-shim

#2537 22:12:23.115  GET /revival/loadout
    -> 200  (0s)
    User-Agent: supervive-loadout-shim

#2538 22:12:23.331  GET /revival/loadout
    -> 200  (0s)
    User-Agent: supervive-loadout-shim

#2539 22:12:23.532  GET /revival/loadout
    -> 200  (0s)
    User-Agent: supervive-loadout-shim

#2540 22:12:23.733  GET /revival/loadout
    -> 200  (0s)
    User-Agent: supervive-loadout-shim

#2541 22:12:23.931  GET /revival/loadout
    -> 200  (0s)
    User-Agent: supervive-loadout-shim

#2542 22:12:24.131  GET /revival/loadout
    -> 200  (0s)
    User-Agent: supervive-loadout-shim

#2543 22:12:24.386  GET /revival/loadout
    -> 200  (0s)
    User-Agent: supervive-loadout-shim

#2544 22:12:24.614  GET /revival/loadout
    -> 200  (0s)
    User-Agent: supervive-loadout-shim

#2545 22:12:24.838  GET /revival/loadout
    -> 200  (0s)
    User-Agent: supervive-loadout-shim

#2546 22:12:25.033  GET /revival/loadout
    -> 200  (0s)
    User-Agent: supervive-loadout-shim

#2547 22:12:25.246  GET /revival/loadout
    -> 200  (0s)
    User-Agent: supervive-loadout-shim

#2548 22:12:25.396  GET /party/players/9b9d2c887e2524f918e383a895f2f1c2/voice
    -> 200  (0s)
    Accept: */*
    X-Theorycraft-Clientversion: release2.4.live-156430-shipping
    Authorization: Bearer eyJhbGciOiJSUzI1NiIsImtpZCI6InN1cGVydml2ZS1yZXZpdmFsLWtleS0xIiwidHlwIjoiSldUIn0.eyJiYW5zIjpbXSwiY2xpZW50X2lkIjoiYmE4ZmI1OWEzNGJiNDgxYWJjYTA4YzQ2YmE0ODgwMjUiLCJjb3VudHJ5IjoiVVMiLCJkaXNwbGF5X25hbWUiOiJSZXZpdmVyIiwiZXhwIjoxNzg2OTI5MjgzLCJpYXQiOjE3ODY4NDI4ODMsImlzX2NvbXBseSI6dHJ1ZSwiamZsZ3MiOjAsIm5hbWVzcGFjZSI6InN1cGVydml2ZSIsIm5iZiI6MTc4Njg0MjgyMywicGVybWlzc2lvbnMiOlt7IkFjdGlvbiI6MTUsIlJlc291cmNlIjoiTkFNRVNQQUNFOnN1cGVydml2ZToqIn0seyJBY3Rpb24iOjE1LCJSZXNvdXJjZSI6IkFETUlOOk5BTUVTUEFDRTpzdXBlcnZpdmU6KiJ9XSwicm9sZXMiOltdLCJzY29wZSI6ImNvbW1lcmNlIGFjY291bnQgc29jaWFsIHB1Ymxpc2hpbmcgYW5hbHl0aWNzIiwic3ViIjoiOWI5ZDJjODg3ZTI1MjRmOTE4ZTM4M2E4OTVmMmYxYzIiLCJ1bmlxdWVEaXNwbGF5TmFtZSI6IlJldml2ZXIjMDAwMSIsInVuaXF1ZV9kaXNwbGF5X25hbWUiOiJSZXZpdmVyIzAwMDEifQ.fv8xRcCKsGH-kO-Yy5UkjIPChaqt0XYnodWf6hdS9uvwgLBx_Gpa6LtecHNO-sBxhNPFiTKP9dX9Vt7yMu-Z2L8x2NIYZSvJXh40Ti4JY4OCIKzNCZ-YroW2-mPGnTu0jObkHPxrOs8nMbQ1S2Hi3HfrJfBHW0DD2Mm_lj8eplsA1NBAf-F9J2DlvHPr9kizT9wglS9ihvwZNO1BzZRUmktpPOIJ9CVv6co8pPXv-Wflq_6jaSTwOMwqVFHrCD8lO4aYOVGBrPvv5hex5JJgstKYqepEYKv8fxQNbyzSoWGDQOqnxcv5hsjkdXZI29YJnzEWQdRhUjt3Y6Bxnjgp-A
    User-Agent: Loki/UE5-CL-0 (http-legacy) Windows/10.0.19045.1.256.64bit

#2549 22:12:25.447  GET /revival/loadout
    -> 200  (0s)
    User-Agent: supervive-loadout-shim

#2550 22:12:25.680  GET /revival/loadout
    -> 200  (0s)
    User-Agent: supervive-loadout-shim

#2551 22:12:25.881  GET /revival/loadout
    -> 200  (0s)
    User-Agent: supervive-loadout-shim

#2552 22:12:26.080  GET /revival/loadout
    -> 200  (0s)
    User-Agent: supervive-loadout-shim

#2553 22:12:26.304  GET /revival/loadout
    -> 200  (0s)
    User-Agent: supervive-loadout-shim

#2554 22:12:26.505  GET /revival/loadout
    -> 200  (0s)
    User-Agent: supervive-loadout-shim

#2555 22:12:26.705  GET /revival/loadout
    -> 200  (0s)
    User-Agent: supervive-loadout-shim

#2556 22:12:26.922  GET /revival/loadout
    -> 200  (0s)
    User-Agent: supervive-loadout-shim

#2557 22:12:27.130  GET /revival/loadout
    -> 200  (0s)
    User-Agent: supervive-loadout-shim

#2558 22:12:27.338  GET /revival/loadout
    -> 200  (0s)
    User-Agent: supervive-loadout-shim

#2559 22:12:27.546  GET /revival/loadout
    -> 200  (0s)
    User-Agent: supervive-loadout-shim

#2560 22:12:27.732  GET /revival/loadout
    -> 200  (0s)
    User-Agent: supervive-loadout-shim

#2561 22:12:27.921  GET /revival/loadout
    -> 200  (0s)
    User-Agent: supervive-loadout-shim

#2562 22:12:28.137  GET /revival/loadout
    -> 200  (0s)
    User-Agent: supervive-loadout-shim

#2563 22:12:28.355  GET /revival/loadout
    -> 200  (0s)
    User-Agent: supervive-loadout-shim

#2564 22:12:28.563  GET /revival/loadout
    -> 200  (0s)
    User-Agent: supervive-loadout-shim

#2565 22:12:28.762  GET /revival/loadout
    -> 200  (0s)
    User-Agent: supervive-loadout-shim

#2566 22:12:28.962  GET /revival/loadout
    -> 200  (0s)
    User-Agent: supervive-loadout-shim

#2567 22:12:29.161  GET /revival/loadout
    -> 200  (0s)
    User-Agent: supervive-loadout-shim

#2568 22:12:29.354  GET /revival/loadout
    -> 200  (0s)
    User-Agent: supervive-loadout-shim

#2569 22:12:29.562  GET /revival/loadout
    -> 200  (0s)
    User-Agent: supervive-loadout-shim

#2570 22:12:29.753  GET /revival/loadout
    -> 200  (0s)
    User-Agent: supervive-loadout-shim

#2571 22:12:29.953  GET /revival/loadout
    -> 200  (0s)
    User-Agent: supervive-loadout-shim

#2572 22:12:30.154  GET /revival/loadout
    -> 200  (0s)
    User-Agent: supervive-loadout-shim

#2573 22:12:30.362  GET /revival/loadout
    -> 200  (0s)
    User-Agent: supervive-loadout-shim

#2574 22:12:30.564  GET /revival/loadout
    -> 200  (0s)
    User-Agent: supervive-loadout-shim

#2575 22:12:30.762  GET /revival/loadout
    -> 200  (0s)
    User-Agent: supervive-loadout-shim

#2576 22:12:30.962  GET /revival/loadout
    -> 200  (0s)
    User-Agent: supervive-loadout-shim

#2577 22:12:31.156  GET /revival/loadout
    -> 200  (0s)
    User-Agent: supervive-loadout-shim

#2578 22:12:31.353  GET /revival/loadout
    -> 200  (0s)
    User-Agent: supervive-loadout-shim

#2579 22:12:31.544  GET /revival/loadout
    -> 200  (0s)
    User-Agent: supervive-loadout-shim

#2580 22:12:31.744  GET /revival/loadout
    -> 200  (0s)
    User-Agent: supervive-loadout-shim

#2581 22:12:31.955  GET /revival/loadout
    -> 200  (0s)
    User-Agent: supervive-loadout-shim

#2582 22:12:32.144  GET /revival/loadout
    -> 200  (0s)
    User-Agent: supervive-loadout-shim

#2583 22:12:32.328  GET /revival/loadout
    -> 200  (0s)
    User-Agent: supervive-loadout-shim

#2584 22:12:32.511  GET /revival/loadout
    -> 200  (0s)
    User-Agent: supervive-loadout-shim

#2585 22:12:32.707  GET /revival/loadout
    -> 200  (0s)
    User-Agent: supervive-loadout-shim

#2586 22:12:32.905  GET /revival/loadout
    -> 200  (0s)
    User-Agent: supervive-loadout-shim

#2587 22:12:33.305  GET /revival/loadout
    -> 200  (0s)
    User-Agent: supervive-loadout-shim

#2588 22:12:33.535  GET /revival/loadout
    -> 200  (0s)
    User-Agent: supervive-loadout-shim

#2589 22:12:33.727  GET /revival/loadout
    -> 200  (0s)
    User-Agent: supervive-loadout-shim

#2590 22:12:33.922  GET /revival/loadout
    -> 200  (0s)
    User-Agent: supervive-loadout-shim

#2591 22:12:34.134  GET /revival/loadout
    -> 200  (0s)
    User-Agent: supervive-loadout-shim

#2592 22:12:34.327  GET /revival/loadout
    -> 200  (0s)
    User-Agent: supervive-loadout-shim

#2593 22:12:34.531  GET /revival/loadout
    -> 200  (0s)
    User-Agent: supervive-loadout-shim

#2594 22:12:34.735  GET /revival/loadout
    -> 200  (0s)
    User-Agent: supervive-loadout-shim

#2595 22:12:34.923  GET /party/matchmaking/info
    -> 200  (0s)
    X-Theorycraft-Clientversion: release2.4.live-156430-shipping
    Authorization: Bearer eyJhbGciOiJSUzI1NiIsImtpZCI6InN1cGVydml2ZS1yZXZpdmFsLWtleS0xIiwidHlwIjoiSldUIn0.eyJiYW5zIjpbXSwiY2xpZW50X2lkIjoiYmE4ZmI1OWEzNGJiNDgxYWJjYTA4YzQ2YmE0ODgwMjUiLCJjb3VudHJ5IjoiVVMiLCJkaXNwbGF5X25hbWUiOiJSZXZpdmVyIiwiZXhwIjoxNzg2OTI5MjgzLCJpYXQiOjE3ODY4NDI4ODMsImlzX2NvbXBseSI6dHJ1ZSwiamZsZ3MiOjAsIm5hbWVzcGFjZSI6InN1cGVydml2ZSIsIm5iZiI6MTc4Njg0MjgyMywicGVybWlzc2lvbnMiOlt7IkFjdGlvbiI6MTUsIlJlc291cmNlIjoiTkFNRVNQQUNFOnN1cGVydml2ZToqIn0seyJBY3Rpb24iOjE1LCJSZXNvdXJjZSI6IkFETUlOOk5BTUVTUEFDRTpzdXBlcnZpdmU6KiJ9XSwicm9sZXMiOltdLCJzY29wZSI6ImNvbW1lcmNlIGFjY291bnQgc29jaWFsIHB1Ymxpc2hpbmcgYW5hbHl0aWNzIiwic3ViIjoiOWI5ZDJjODg3ZTI1MjRmOTE4ZTM4M2E4OTVmMmYxYzIiLCJ1bmlxdWVEaXNwbGF5TmFtZSI6IlJldml2ZXIjMDAwMSIsInVuaXF1ZV9kaXNwbGF5X25hbWUiOiJSZXZpdmVyIzAwMDEifQ.fv8xRcCKsGH-kO-Yy5UkjIPChaqt0XYnodWf6hdS9uvwgLBx_Gpa6LtecHNO-sBxhNPFiTKP9dX9Vt7yMu-Z2L8x2NIYZSvJXh40Ti4JY4OCIKzNCZ-YroW2-mPGnTu0jObkHPxrOs8nMbQ1S2Hi3HfrJfBHW0DD2Mm_lj8eplsA1NBAf-F9J2DlvHPr9kizT9wglS9ihvwZNO1BzZRUmktpPOIJ9CVv6co8pPXv-Wflq_6jaSTwOMwqVFHrCD8lO4aYOVGBrPvv5hex5JJgstKYqepEYKv8fxQNbyzSoWGDQOqnxcv5hsjkdXZI29YJnzEWQdRhUjt3Y6Bxnjgp-A
    User-Agent: Loki/UE5-CL-0 (http-legacy) Windows/10.0.19045.1.256.64bit
    Accept: */*

#2596 22:12:34.926  GET /revival/loadout
    -> 200  (0s)
    User-Agent: supervive-loadout-shim

#2597 22:12:35.199  GET /revival/loadout
    -> 200  (0s)
    User-Agent: supervive-loadout-shim

#2598 22:12:35.401  GET /revival/loadout
    -> 200  (0s)
    User-Agent: supervive-loadout-shim

#2599 22:12:35.619  GET /revival/loadout
    -> 200  (0s)
    User-Agent: supervive-loadout-shim

#2600 22:12:35.819  GET /revival/loadout
    -> 200  (0s)
    User-Agent: supervive-loadout-shim

#2601 22:12:36.018  GET /revival/loadout
    -> 200  (0s)
    User-Agent: supervive-loadout-shim

#2602 22:12:36.218  GET /revival/loadout
    -> 200  (0s)
    User-Agent: supervive-loadout-shim

#2603 22:12:36.419  GET /revival/loadout
    -> 200  (0s)
    User-Agent: supervive-loadout-shim

* 22:12:36.440  WS <- /lobby TEXT ""

#2604 22:12:36.609  GET /revival/loadout
    -> 200  (0s)
    User-Agent: supervive-loadout-shim

#2605 22:12:36.627  GET /configuration/client?language=en
    -> 200  (0s)
    User-Agent: Loki/UE5-CL-0 (http-legacy) Windows/10.0.19045.1.256.64bit
    Accept: */*
    Authorization: Bearer eyJhbGciOiJSUzI1NiIsImtpZCI6InN1cGVydml2ZS1yZXZpdmFsLWtleS0xIiwidHlwIjoiSldUIn0.eyJiYW5zIjpbXSwiY2xpZW50X2lkIjoiYmE4ZmI1OWEzNGJiNDgxYWJjYTA4YzQ2YmE0ODgwMjUiLCJjb3VudHJ5IjoiVVMiLCJkaXNwbGF5X25hbWUiOiJSZXZpdmVyIiwiZXhwIjoxNzg2OTI5MjgzLCJpYXQiOjE3ODY4NDI4ODMsImlzX2NvbXBseSI6dHJ1ZSwiamZsZ3MiOjAsIm5hbWVzcGFjZSI6InN1cGVydml2ZSIsIm5iZiI6MTc4Njg0MjgyMywicGVybWlzc2lvbnMiOlt7IkFjdGlvbiI6MTUsIlJlc291cmNlIjoiTkFNRVNQQUNFOnN1cGVydml2ZToqIn0seyJBY3Rpb24iOjE1LCJSZXNvdXJjZSI6IkFETUlOOk5BTUVTUEFDRTpzdXBlcnZpdmU6KiJ9XSwicm9sZXMiOltdLCJzY29wZSI6ImNvbW1lcmNlIGFjY291bnQgc29jaWFsIHB1Ymxpc2hpbmcgYW5hbHl0aWNzIiwic3ViIjoiOWI5ZDJjODg3ZTI1MjRmOTE4ZTM4M2E4OTVmMmYxYzIiLCJ1bmlxdWVEaXNwbGF5TmFtZSI6IlJldml2ZXIjMDAwMSIsInVuaXF1ZV9kaXNwbGF5X25hbWUiOiJSZXZpdmVyIzAwMDEifQ.fv8xRcCKsGH-kO-Yy5UkjIPChaqt0XYnodWf6hdS9uvwgLBx_Gpa6LtecHNO-sBxhNPFiTKP9dX9Vt7yMu-Z2L8x2NIYZSvJXh40Ti4JY4OCIKzNCZ-YroW2-mPGnTu0jObkHPxrOs8nMbQ1S2Hi3HfrJfBHW0DD2Mm_lj8eplsA1NBAf-F9J2DlvHPr9kizT9wglS9ihvwZNO1BzZRUmktpPOIJ9CVv6co8pPXv-Wflq_6jaSTwOMwqVFHrCD8lO4aYOVGBrPvv5hex5JJgstKYqepEYKv8fxQNbyzSoWGDQOqnxcv5hsjkdXZI29YJnzEWQdRhUjt3Y6Bxnjgp-A
    X-Theorycraft-Clientversion: release2.4.live-156430-shipping

#2606 22:12:36.681  GET /content-service/manifest/release2.4.live-156430-shipping?nonEnabledOnly=true
    -> 200  (0s)
    X-Theorycraft-Clientversion: release2.4.live-156430-shipping
    Authorization: Bearer eyJhbGciOiJSUzI1NiIsImtpZCI6InN1cGVydml2ZS1yZXZpdmFsLWtleS0xIiwidHlwIjoiSldUIn0.eyJiYW5zIjpbXSwiY2xpZW50X2lkIjoiYmE4ZmI1OWEzNGJiNDgxYWJjYTA4YzQ2YmE0ODgwMjUiLCJjb3VudHJ5IjoiVVMiLCJkaXNwbGF5X25hbWUiOiJSZXZpdmVyIiwiZXhwIjoxNzg2OTI5MjgzLCJpYXQiOjE3ODY4NDI4ODMsImlzX2NvbXBseSI6dHJ1ZSwiamZsZ3MiOjAsIm5hbWVzcGFjZSI6InN1cGVydml2ZSIsIm5iZiI6MTc4Njg0MjgyMywicGVybWlzc2lvbnMiOlt7IkFjdGlvbiI6MTUsIlJlc291cmNlIjoiTkFNRVNQQUNFOnN1cGVydml2ZToqIn0seyJBY3Rpb24iOjE1LCJSZXNvdXJjZSI6IkFETUlOOk5BTUVTUEFDRTpzdXBlcnZpdmU6KiJ9XSwicm9sZXMiOltdLCJzY29wZSI6ImNvbW1lcmNlIGFjY291bnQgc29jaWFsIHB1Ymxpc2hpbmcgYW5hbHl0aWNzIiwic3ViIjoiOWI5ZDJjODg3ZTI1MjRmOTE4ZTM4M2E4OTVmMmYxYzIiLCJ1bmlxdWVEaXNwbGF5TmFtZSI6IlJldml2ZXIjMDAwMSIsInVuaXF1ZV9kaXNwbGF5X25hbWUiOiJSZXZpdmVyIzAwMDEifQ.fv8xRcCKsGH-kO-Yy5UkjIPChaqt0XYnodWf6hdS9uvwgLBx_Gpa6LtecHNO-sBxhNPFiTKP9dX9Vt7yMu-Z2L8x2NIYZSvJXh40Ti4JY4OCIKzNCZ-YroW2-mPGnTu0jObkHPxrOs8nMbQ1S2Hi3HfrJfBHW0DD2Mm_lj8eplsA1NBAf-F9J2DlvHPr9kizT9wglS9ihvwZNO1BzZRUmktpPOIJ9CVv6co8pPXv-Wflq_6jaSTwOMwqVFHrCD8lO4aYOVGBrPvv5hex5JJgstKYqepEYKv8fxQNbyzSoWGDQOqnxcv5hsjkdXZI29YJnzEWQdRhUjt3Y6Bxnjgp-A
    User-Agent: Loki/UE5-CL-0 (http-legacy) Windows/10.0.19045.1.256.64bit
    Accept: */*

#2607 22:12:36.859  GET /revival/loadout
    -> 200  (0s)
    User-Agent: supervive-loadout-shim

#2608 22:12:37.056  GET /revival/loadout
    -> 200  (1ms)
    User-Agent: supervive-loadout-shim

#2609 22:12:37.254  GET /revival/loadout
    -> 200  (0s)
    User-Agent: supervive-loadout-shim

#2610 22:12:37.451  GET /revival/loadout
    -> 200  (0s)
    User-Agent: supervive-loadout-shim

#2611 22:12:37.667  GET /revival/loadout
    -> 200  (0s)
    User-Agent: supervive-loadout-shim

#2612 22:12:37.892  GET /revival/loadout
    -> 200  (0s)
    User-Agent: supervive-loadout-shim

#2613 22:12:38.083  GET /revival/loadout
    -> 200  (0s)
    User-Agent: supervive-loadout-shim

#2614 22:12:38.292  GET /revival/loadout
    -> 200  (0s)
    User-Agent: supervive-loadout-shim

#2615 22:12:38.509  GET /revival/loadout
    -> 200  (0s)
    User-Agent: supervive-loadout-shim

#2616 22:12:38.700  GET /revival/loadout
    -> 200  (0s)
    User-Agent: supervive-loadout-shim

#2617 22:12:38.897  GET /revival/loadout
    -> 200  (0s)
    User-Agent: supervive-loadout-shim

#2618 22:12:39.099  GET /revival/loadout
    -> 200  (0s)
    User-Agent: supervive-loadout-shim

#2619 22:12:39.332  GET /revival/loadout
    -> 200  (0s)
    User-Agent: supervive-loadout-shim

#2620 22:12:39.545  GET /revival/loadout
    -> 200  (0s)
    User-Agent: supervive-loadout-shim

#2621 22:12:39.766  GET /revival/loadout
    -> 200  (0s)
    User-Agent: supervive-loadout-shim

#2622 22:12:40.058  GET /revival/loadout
    -> 200  (0s)
    User-Agent: supervive-loadout-shim

#2623 22:12:40.269  GET /revival/loadout
    -> 200  (0s)
    User-Agent: supervive-loadout-shim

#2624 22:12:40.629  GET /revival/loadout
    -> 200  (0s)
    User-Agent: supervive-loadout-shim

#2625 22:12:40.979  GET /revival/loadout
    -> 200  (0s)
    User-Agent: supervive-loadout-shim

#2626 22:12:41.192  GET /revival/loadout
    -> 200  (0s)
    User-Agent: supervive-loadout-shim

#2627 22:12:41.424  GET /revival/loadout
    -> 200  (0s)
    User-Agent: supervive-loadout-shim

#2628 22:12:41.616  GET /revival/loadout
    -> 200  (0s)
    User-Agent: supervive-loadout-shim

#2629 22:12:41.674  POST /game-telemetry/v1/protected/events
    -> 200  (0s)
    Content-Type: application/json
    Accept: application/json
    Game-Client-Version: 1.0.0.0
    User-Agent: Loki/UE5-CL-0 (http-legacy) Windows/10.0.19045.1.256.64bit
    Authorization: Bearer eyJhbGciOiJSUzI1NiIsImtpZCI6InN1cGVydml2ZS1yZXZpdmFsLWtleS0xIiwidHlwIjoiSldUIn0.eyJiYW5zIjpbXSwiY2xpZW50X2lkIjoiYmE4ZmI1OWEzNGJiNDgxYWJjYTA4YzQ2YmE0ODgwMjUiLCJjb3VudHJ5IjoiVVMiLCJkaXNwbGF5X25hbWUiOiJSZXZpdmVyIiwiZXhwIjoxNzg2OTI5MjgzLCJpYXQiOjE3ODY4NDI4ODMsImlzX2NvbXBseSI6dHJ1ZSwiamZsZ3MiOjAsIm5hbWVzcGFjZSI6InN1cGVydml2ZSIsIm5iZiI6MTc4Njg0MjgyMywicGVybWlzc2lvbnMiOlt7IkFjdGlvbiI6MTUsIlJlc291cmNlIjoiTkFNRVNQQUNFOnN1cGVydml2ZToqIn0seyJBY3Rpb24iOjE1LCJSZXNvdXJjZSI6IkFETUlOOk5BTUVTUEFDRTpzdXBlcnZpdmU6KiJ9XSwicm9sZXMiOltdLCJzY29wZSI6ImNvbW1lcmNlIGFjY291bnQgc29jaWFsIHB1Ymxpc2hpbmcgYW5hbHl0aWNzIiwic3ViIjoiOWI5ZDJjODg3ZTI1MjRmOTE4ZTM4M2E4OTVmMmYxYzIiLCJ1bmlxdWVEaXNwbGF5TmFtZSI6IlJldml2ZXIjMDAwMSIsInVuaXF1ZV9kaXNwbGF5X25hbWUiOiJSZXZpdmVyIzAwMDEifQ.fv8xRcCKsGH-kO-Yy5UkjIPChaqt0XYnodWf6hdS9uvwgLBx_Gpa6LtecHNO-sBxhNPFiTKP9dX9Vt7yMu-Z2L8x2NIYZSvJXh40Ti4JY4OCIKzNCZ-YroW2-mPGnTu0jObkHPxrOs8nMbQ1S2Hi3HfrJfBHW0DD2Mm_lj8eplsA1NBAf-F9J2DlvHPr9kizT9wglS9ihvwZNO1BzZRUmktpPOIJ9CVv6co8pPXv-Wflq_6jaSTwOMwqVFHrCD8lO4aYOVGBrPvv5hex5JJgstKYqepEYKv8fxQNbyzSoWGDQOqnxcv5hsjkdXZI29YJnzEWQdRhUjt3Y6Bxnjgp-A
    body: [
	{
		"EventNamespace": "loki",
		"EventName": "client_network_samples_snapshot",
		"Payload":
		{
			"sessionId": "96103a7341a019677b2c239ad381e488",
			"PlayerId": "9b9d2c887e2524f918e383a895f2f1c2",
			"timestamp": "2026-08-16T03:11:48.090Z",
			"inAveragePacketLoss": 0,
			"outAveragePacketLoss": 0,
			"HardwareId": "c1795a173f53c6f72e8b0125f11309c6"
		},
		"ClientTimestamp": "2026-08-16T03:12:40.270Z",
		"flightId": "fe0275c749fce947c3902a860f491a1d",
		"DeviceType": "Windows"
	}
]

#2630 22:12:41.824  GET /revival/loadout
    -> 200  (0s)
    User-Agent: supervive-loadout-shim

#2631 22:12:42.024  GET /revival/loadout
    -> 200  (0s)
    User-Agent: supervive-loadout-shim

#2632 22:12:42.223  GET /revival/loadout
    -> 200  (0s)
    User-Agent: supervive-loadout-shim

#2633 22:12:42.424  GET /revival/loadout
    -> 200  (0s)
    User-Agent: supervive-loadout-shim

#2634 22:12:42.615  GET /revival/loadout
    -> 200  (0s)
    User-Agent: supervive-loadout-shim

#2635 22:12:42.834  GET /revival/loadout
    -> 200  (0s)
    User-Agent: supervive-loadout-shim

#2636 22:12:43.039  GET /revival/loadout
    -> 200  (0s)
    User-Agent: supervive-loadout-shim

#2637 22:12:43.248  GET /revival/loadout
    -> 200  (0s)
    User-Agent: supervive-loadout-shim

#2638 22:12:43.449  GET /revival/loadout
    -> 200  (0s)
    User-Agent: supervive-loadout-shim

#2639 22:12:43.648  GET /revival/loadout
    -> 200  (0s)
    User-Agent: supervive-loadout-shim

#2640 22:12:43.840  GET /revival/loadout
    -> 200  (0s)
    User-Agent: supervive-loadout-shim

#2641 22:12:44.039  GET /revival/loadout
    -> 200  (0s)
    User-Agent: supervive-loadout-shim

#2642 22:12:44.222  GET /revival/loadout
    -> 200  (0s)
    User-Agent: supervive-loadout-shim

#2643 22:12:44.423  GET /revival/loadout
    -> 200  (0s)
    User-Agent: supervive-loadout-shim

#2644 22:12:44.631  GET /revival/loadout
    -> 200  (0s)
    User-Agent: supervive-loadout-shim

#2645 22:12:44.831  GET /revival/loadout
    -> 200  (0s)
    User-Agent: supervive-loadout-shim

#2646 22:12:45.057  GET /revival/loadout
    -> 200  (0s)
    User-Agent: supervive-loadout-shim

#2647 22:12:45.247  GET /revival/loadout
    -> 200  (1ms)
    User-Agent: supervive-loadout-shim

#2648 22:12:45.431  GET /revival/loadout
    -> 200  (0s)
    User-Agent: supervive-loadout-shim

#2649 22:12:45.623  GET /revival/loadout
    -> 200  (0s)
    User-Agent: supervive-loadout-shim

#2650 22:12:45.824  GET /revival/loadout
    -> 200  (0s)
    User-Agent: supervive-loadout-shim

#2651 22:12:46.014  GET /revival/loadout
    -> 200  (0s)
    User-Agent: supervive-loadout-shim

#2652 22:12:46.197  GET /revival/loadout
    -> 200  (0s)
    User-Agent: supervive-loadout-shim

#2653 22:12:46.405  GET /revival/loadout
    -> 200  (0s)
    User-Agent: supervive-loadout-shim

#2654 22:12:46.598  GET /revival/loadout
    -> 200  (0s)
    User-Agent: supervive-loadout-shim

#2655 22:12:46.801  GET /revival/loadout
    -> 200  (0s)
    User-Agent: supervive-loadout-shim

#2656 22:12:46.988  GET /revival/loadout
    -> 200  (0s)
    User-Agent: supervive-loadout-shim

#2657 22:12:47.188  GET /revival/loadout
    -> 200  (0s)
    User-Agent: supervive-loadout-shim

#2658 22:12:47.380  GET /revival/loadout
    -> 200  (0s)
    User-Agent: supervive-loadout-shim

#2659 22:12:47.535  POST /party/parties/party-9b9d2c887e2524f918e383a895f2f1c2/members/9b9d2c887e2524f918e383a895f2f1c2/latencies
    -> 200  (0s)
    Accept: */*
    X-Theorycraft-Clientversion: release2.4.live-156430-shipping
    Authorization: Bearer eyJhbGciOiJSUzI1NiIsImtpZCI6InN1cGVydml2ZS1yZXZpdmFsLWtleS0xIiwidHlwIjoiSldUIn0.eyJiYW5zIjpbXSwiY2xpZW50X2lkIjoiYmE4ZmI1OWEzNGJiNDgxYWJjYTA4YzQ2YmE0ODgwMjUiLCJjb3VudHJ5IjoiVVMiLCJkaXNwbGF5X25hbWUiOiJSZXZpdmVyIiwiZXhwIjoxNzg2OTI5MjgzLCJpYXQiOjE3ODY4NDI4ODMsImlzX2NvbXBseSI6dHJ1ZSwiamZsZ3MiOjAsIm5hbWVzcGFjZSI6InN1cGVydml2ZSIsIm5iZiI6MTc4Njg0MjgyMywicGVybWlzc2lvbnMiOlt7IkFjdGlvbiI6MTUsIlJlc291cmNlIjoiTkFNRVNQQUNFOnN1cGVydml2ZToqIn0seyJBY3Rpb24iOjE1LCJSZXNvdXJjZSI6IkFETUlOOk5BTUVTUEFDRTpzdXBlcnZpdmU6KiJ9XSwicm9sZXMiOltdLCJzY29wZSI6ImNvbW1lcmNlIGFjY291bnQgc29jaWFsIHB1Ymxpc2hpbmcgYW5hbHl0aWNzIiwic3ViIjoiOWI5ZDJjODg3ZTI1MjRmOTE4ZTM4M2E4OTVmMmYxYzIiLCJ1bmlxdWVEaXNwbGF5TmFtZSI6IlJldml2ZXIjMDAwMSIsInVuaXF1ZV9kaXNwbGF5X25hbWUiOiJSZXZpdmVyIzAwMDEifQ.fv8xRcCKsGH-kO-Yy5UkjIPChaqt0XYnodWf6hdS9uvwgLBx_Gpa6LtecHNO-sBxhNPFiTKP9dX9Vt7yMu-Z2L8x2NIYZSvJXh40Ti4JY4OCIKzNCZ-YroW2-mPGnTu0jObkHPxrOs8nMbQ1S2Hi3HfrJfBHW0DD2Mm_lj8eplsA1NBAf-F9J2DlvHPr9kizT9wglS9ihvwZNO1BzZRUmktpPOIJ9CVv6co8pPXv-Wflq_6jaSTwOMwqVFHrCD8lO4aYOVGBrPvv5hex5JJgstKYqepEYKv8fxQNbyzSoWGDQOqnxcv5hsjkdXZI29YJnzEWQdRhUjt3Y6Bxnjgp-A
    Content-Type: application/json
    User-Agent: Loki/UE5-CL-0 (http-legacy) Windows/10.0.19045.1.256.64bit
    body: {"latencies":[{"host":"127.0.0.1","region":"us-east-1","route":"default","avgLatency":0}]}

#2660 22:12:47.559  GET /revival/loadout
    -> 200  (0s)
    User-Agent: supervive-loadout-shim

#2661 22:12:47.742  GET /revival/loadout
    -> 200  (0s)
    User-Agent: supervive-loadout-shim

#2662 22:12:47.933  GET /revival/loadout
    -> 200  (0s)
    User-Agent: supervive-loadout-shim

#2663 22:12:48.109  GET /revival/loadout
    -> 200  (0s)
    User-Agent: supervive-loadout-shim

#2664 22:12:48.318  GET /revival/loadout
    -> 200  (0s)
    User-Agent: supervive-loadout-shim

#2665 22:12:48.500  GET /revival/loadout
    -> 200  (0s)
    User-Agent: supervive-loadout-shim

#2666 22:12:48.684  GET /revival/loadout
    -> 200  (0s)
    User-Agent: supervive-loadout-shim

#2667 22:12:48.883  GET /revival/loadout
    -> 200  (0s)
    User-Agent: supervive-loadout-shim

#2668 22:12:49.058  GET /revival/loadout
    -> 200  (0s)
    User-Agent: supervive-loadout-shim

#2669 22:12:49.250  GET /revival/loadout
    -> 200  (0s)
    User-Agent: supervive-loadout-shim

#2670 22:12:49.442  GET /revival/loadout
    -> 200  (0s)
    User-Agent: supervive-loadout-shim

#2671 22:12:49.645  GET /revival/loadout
    -> 200  (0s)
    User-Agent: supervive-loadout-shim

#2672 22:12:49.848  GET /revival/loadout
    -> 200  (0s)
    User-Agent: supervive-loadout-shim

#2673 22:12:50.032  GET /revival/loadout
    -> 200  (0s)
    User-Agent: supervive-loadout-shim

* 22:12:50.075  WS -> /notifications/players/9b9d2c887e2524f918e383a895f2f1c2 BINARY hb (proactive 30s keepalive)

#2674 22:12:50.225  GET /revival/loadout
    -> 200  (0s)
    User-Agent: supervive-loadout-shim

#2675 22:12:50.432  GET /revival/loadout
    -> 200  (0s)
    User-Agent: supervive-loadout-shim

#2676 22:12:50.617  GET /revival/loadout
    -> 200  (0s)
    User-Agent: supervive-loadout-shim

#2677 22:12:50.799  GET /revival/loadout
    -> 200  (0s)
    User-Agent: supervive-loadout-shim

#2678 22:12:50.982  GET /revival/loadout
    -> 200  (0s)
    User-Agent: supervive-loadout-shim

#2679 22:12:51.165  GET /revival/loadout
    -> 200  (0s)
    User-Agent: supervive-loadout-shim

#2680 22:12:51.351  GET /revival/loadout
    -> 200  (0s)
    User-Agent: supervive-loadout-shim

#2681 22:12:51.540  GET /revival/loadout
    -> 200  (0s)
    User-Agent: supervive-loadout-shim

#2682 22:12:51.732  GET /revival/loadout
    -> 200  (0s)
    User-Agent: supervive-loadout-shim

#2683 22:12:51.927  GET /revival/loadout
    -> 200  (0s)
    User-Agent: supervive-loadout-shim

#2684 22:12:52.129  GET /revival/loadout
    -> 200  (0s)
    User-Agent: supervive-loadout-shim

#2685 22:12:52.337  GET /revival/loadout
    -> 200  (0s)
    User-Agent: supervive-loadout-shim

#2686 22:12:52.526  GET /revival/loadout
    -> 200  (1ms)
    User-Agent: supervive-loadout-shim

#2687 22:12:52.781  GET /revival/loadout
    -> 200  (0s)
    User-Agent: supervive-loadout-shim

#2688 22:12:53.012  GET /revival/loadout
    -> 200  (0s)
    User-Agent: supervive-loadout-shim

#2689 22:12:53.199  GET /revival/loadout
    -> 200  (0s)
    User-Agent: supervive-loadout-shim

#2690 22:12:53.389  GET /revival/loadout
    -> 200  (0s)
    User-Agent: supervive-loadout-shim

#2691 22:12:53.595  GET /revival/loadout
    -> 200  (0s)
    User-Agent: supervive-loadout-shim

#2692 22:12:53.805  GET /revival/loadout
    -> 200  (0s)
    User-Agent: supervive-loadout-shim

#2693 22:12:54.002  GET /revival/loadout
    -> 200  (0s)
    User-Agent: supervive-loadout-shim

#2694 22:12:54.190  GET /revival/loadout
    -> 200  (0s)
    User-Agent: supervive-loadout-shim

#2695 22:12:54.428  GET /revival/loadout
    -> 200  (0s)
    User-Agent: supervive-loadout-shim

#2696 22:12:54.654  GET /revival/loadout
    -> 200  (0s)
    User-Agent: supervive-loadout-shim

#2697 22:12:54.844  GET /revival/loadout
    -> 200  (0s)
    User-Agent: supervive-loadout-shim

#2698 22:12:55.030  GET /revival/loadout
    -> 200  (0s)
    User-Agent: supervive-loadout-shim

#2699 22:12:55.224  GET /revival/loadout
    -> 200  (0s)
    User-Agent: supervive-loadout-shim

#2700 22:12:55.414  GET /revival/loadout
    -> 200  (0s)
    User-Agent: supervive-loadout-shim

#2701 22:12:55.630  GET /revival/loadout
    -> 200  (0s)
    User-Agent: supervive-loadout-shim

#2702 22:12:55.839  GET /revival/loadout
    -> 200  (0s)
    User-Agent: supervive-loadout-shim

#2703 22:12:56.030  GET /revival/loadout
    -> 200  (0s)
    User-Agent: supervive-loadout-shim

#2704 22:12:56.214  GET /revival/loadout
    -> 200  (0s)
    User-Agent: supervive-loadout-shim

#2705 22:12:56.414  GET /revival/loadout
    -> 200  (0s)
    User-Agent: supervive-loadout-shim

#2706 22:12:56.617  GET /party/players/9b9d2c887e2524f918e383a895f2f1c2/voice
    -> 200  (0s)
    Accept: */*
    X-Theorycraft-Clientversion: release2.4.live-156430-shipping
    Authorization: Bearer eyJhbGciOiJSUzI1NiIsImtpZCI6InN1cGVydml2ZS1yZXZpdmFsLWtleS0xIiwidHlwIjoiSldUIn0.eyJiYW5zIjpbXSwiY2xpZW50X2lkIjoiYmE4ZmI1OWEzNGJiNDgxYWJjYTA4YzQ2YmE0ODgwMjUiLCJjb3VudHJ5IjoiVVMiLCJkaXNwbGF5X25hbWUiOiJSZXZpdmVyIiwiZXhwIjoxNzg2OTI5MjgzLCJpYXQiOjE3ODY4NDI4ODMsImlzX2NvbXBseSI6dHJ1ZSwiamZsZ3MiOjAsIm5hbWVzcGFjZSI6InN1cGVydml2ZSIsIm5iZiI6MTc4Njg0MjgyMywicGVybWlzc2lvbnMiOlt7IkFjdGlvbiI6MTUsIlJlc291cmNlIjoiTkFNRVNQQUNFOnN1cGVydml2ZToqIn0seyJBY3Rpb24iOjE1LCJSZXNvdXJjZSI6IkFETUlOOk5BTUVTUEFDRTpzdXBlcnZpdmU6KiJ9XSwicm9sZXMiOltdLCJzY29wZSI6ImNvbW1lcmNlIGFjY291bnQgc29jaWFsIHB1Ymxpc2hpbmcgYW5hbHl0aWNzIiwic3ViIjoiOWI5ZDJjODg3ZTI1MjRmOTE4ZTM4M2E4OTVmMmYxYzIiLCJ1bmlxdWVEaXNwbGF5TmFtZSI6IlJldml2ZXIjMDAwMSIsInVuaXF1ZV9kaXNwbGF5X25hbWUiOiJSZXZpdmVyIzAwMDEifQ.fv8xRcCKsGH-kO-Yy5UkjIPChaqt0XYnodWf6hdS9uvwgLBx_Gpa6LtecHNO-sBxhNPFiTKP9dX9Vt7yMu-Z2L8x2NIYZSvJXh40Ti4JY4OCIKzNCZ-YroW2-mPGnTu0jObkHPxrOs8nMbQ1S2Hi3HfrJfBHW0DD2Mm_lj8eplsA1NBAf-F9J2DlvHPr9kizT9wglS9ihvwZNO1BzZRUmktpPOIJ9CVv6co8pPXv-Wflq_6jaSTwOMwqVFHrCD8lO4aYOVGBrPvv5hex5JJgstKYqepEYKv8fxQNbyzSoWGDQOqnxcv5hsjkdXZI29YJnzEWQdRhUjt3Y6Bxnjgp-A
    User-Agent: Loki/UE5-CL-0 (http-legacy) Windows/10.0.19045.1.256.64bit

#2707 22:12:56.622  GET /revival/loadout
    -> 200  (0s)
    User-Agent: supervive-loadout-shim

#2708 22:12:56.838  GET /revival/loadout
    -> 200  (0s)
    User-Agent: supervive-loadout-shim

#2709 22:12:57.022  GET /revival/loadout
    -> 200  (0s)
    User-Agent: supervive-loadout-shim

#2710 22:12:57.213  GET /revival/loadout
    -> 200  (0s)
    User-Agent: supervive-loadout-shim

#2711 22:12:57.438  GET /revival/loadout
    -> 200  (0s)
    User-Agent: supervive-loadout-shim

#2712 22:12:57.646  GET /revival/loadout
    -> 200  (1ms)
    User-Agent: supervive-loadout-shim

#2713 22:12:57.838  GET /revival/loadout
    -> 200  (0s)
    User-Agent: supervive-loadout-shim

#2714 22:12:58.030  GET /revival/loadout
    -> 200  (0s)
    User-Agent: supervive-loadout-shim

#2715 22:12:58.213  GET /revival/loadout
    -> 200  (0s)
    User-Agent: supervive-loadout-shim

#2716 22:12:58.412  GET /revival/loadout
    -> 200  (0s)
    User-Agent: supervive-loadout-shim

#2717 22:12:58.615  GET /revival/loadout
    -> 200  (0s)
    User-Agent: supervive-loadout-shim

#2718 22:12:58.814  GET /revival/loadout
    -> 200  (0s)
    User-Agent: supervive-loadout-shim

#2719 22:12:59.029  GET /revival/loadout
    -> 200  (0s)
    User-Agent: supervive-loadout-shim

#2720 22:12:59.213  GET /revival/loadout
    -> 200  (0s)
    User-Agent: supervive-loadout-shim

#2721 22:12:59.420  GET /revival/loadout
    -> 200  (0s)
    User-Agent: supervive-loadout-shim

#2722 22:12:59.604  GET /revival/loadout
    -> 200  (0s)
    User-Agent: supervive-loadout-shim

#2723 22:12:59.785  GET /revival/loadout
    -> 200  (1ms)
    User-Agent: supervive-loadout-shim

#2724 22:12:59.979  GET /revival/loadout
    -> 200  (0s)
    User-Agent: supervive-loadout-shim

#2725 22:13:00.170  GET /revival/loadout
    -> 200  (0s)
    User-Agent: supervive-loadout-shim

#2726 22:13:00.403  GET /revival/loadout
    -> 200  (0s)
    User-Agent: supervive-loadout-shim

#2727 22:13:00.586  GET /revival/loadout
    -> 200  (0s)
    User-Agent: supervive-loadout-shim

#2728 22:13:00.787  GET /revival/loadout
    -> 200  (0s)
    User-Agent: supervive-loadout-shim

#2729 22:13:00.979  GET /revival/loadout
    -> 200  (1ms)
    User-Agent: supervive-loadout-shim

#2730 22:13:01.162  GET /revival/loadout
    -> 200  (0s)
    User-Agent: supervive-loadout-shim

#2731 22:13:01.345  GET /revival/loadout
    -> 200  (0s)
    User-Agent: supervive-loadout-shim

#2732 22:13:01.520  GET /revival/loadout
    -> 200  (0s)
    User-Agent: supervive-loadout-shim

#2733 22:13:01.728  GET /revival/loadout
    -> 200  (0s)
    User-Agent: supervive-loadout-shim

#2734 22:13:01.920  GET /revival/loadout
    -> 200  (0s)
    User-Agent: supervive-loadout-shim

#2735 22:13:02.119  GET /revival/loadout
    -> 200  (0s)
    User-Agent: supervive-loadout-shim

#2736 22:13:02.345  GET /revival/loadout
    -> 200  (0s)
    User-Agent: supervive-loadout-shim

#2737 22:13:02.536  GET /revival/loadout
    -> 200  (0s)
    User-Agent: supervive-loadout-shim

#2738 22:13:02.712  GET /revival/loadout
    -> 200  (0s)
    User-Agent: supervive-loadout-shim

#2739 22:13:02.903  GET /revival/loadout
    -> 200  (0s)
    User-Agent: supervive-loadout-shim

#2740 22:13:03.091  GET /revival/loadout
    -> 200  (0s)
    User-Agent: supervive-loadout-shim

#2741 22:13:03.343  GET /revival/loadout
    -> 200  (0s)
    User-Agent: supervive-loadout-shim

#2742 22:13:03.544  GET /revival/loadout
    -> 200  (0s)
    User-Agent: supervive-loadout-shim

#2743 22:13:03.727  GET /revival/loadout
    -> 200  (0s)
    User-Agent: supervive-loadout-shim

#2744 22:13:03.911  GET /revival/loadout
    -> 200  (0s)
    User-Agent: supervive-loadout-shim

#2745 22:13:04.142  GET /revival/loadout
    -> 200  (0s)
    User-Agent: supervive-loadout-shim

#2746 22:13:04.319  GET /revival/loadout
    -> 200  (0s)
    User-Agent: supervive-loadout-shim

#2747 22:13:04.502  GET /revival/loadout
    -> 200  (0s)
    User-Agent: supervive-loadout-shim

#2748 22:13:04.725  GET /revival/loadout
    -> 200  (0s)
    User-Agent: supervive-loadout-shim

#2749 22:13:04.913  GET /revival/loadout
    -> 200  (0s)
    User-Agent: supervive-loadout-shim

#2750 22:13:04.942  GET /party/matchmaking/info
    -> 200  (0s)
    Accept: */*
    User-Agent: Loki/UE5-CL-0 (http-legacy) Windows/10.0.19045.1.256.64bit
    X-Theorycraft-Clientversion: release2.4.live-156430-shipping
    Authorization: Bearer eyJhbGciOiJSUzI1NiIsImtpZCI6InN1cGVydml2ZS1yZXZpdmFsLWtleS0xIiwidHlwIjoiSldUIn0.eyJiYW5zIjpbXSwiY2xpZW50X2lkIjoiYmE4ZmI1OWEzNGJiNDgxYWJjYTA4YzQ2YmE0ODgwMjUiLCJjb3VudHJ5IjoiVVMiLCJkaXNwbGF5X25hbWUiOiJSZXZpdmVyIiwiZXhwIjoxNzg2OTI5MjgzLCJpYXQiOjE3ODY4NDI4ODMsImlzX2NvbXBseSI6dHJ1ZSwiamZsZ3MiOjAsIm5hbWVzcGFjZSI6InN1cGVydml2ZSIsIm5iZiI6MTc4Njg0MjgyMywicGVybWlzc2lvbnMiOlt7IkFjdGlvbiI6MTUsIlJlc291cmNlIjoiTkFNRVNQQUNFOnN1cGVydml2ZToqIn0seyJBY3Rpb24iOjE1LCJSZXNvdXJjZSI6IkFETUlOOk5BTUVTUEFDRTpzdXBlcnZpdmU6KiJ9XSwicm9sZXMiOltdLCJzY29wZSI6ImNvbW1lcmNlIGFjY291bnQgc29jaWFsIHB1Ymxpc2hpbmcgYW5hbHl0aWNzIiwic3ViIjoiOWI5ZDJjODg3ZTI1MjRmOTE4ZTM4M2E4OTVmMmYxYzIiLCJ1bmlxdWVEaXNwbGF5TmFtZSI6IlJldml2ZXIjMDAwMSIsInVuaXF1ZV9kaXNwbGF5X25hbWUiOiJSZXZpdmVyIzAwMDEifQ.fv8xRcCKsGH-kO-Yy5UkjIPChaqt0XYnodWf6hdS9uvwgLBx_Gpa6LtecHNO-sBxhNPFiTKP9dX9Vt7yMu-Z2L8x2NIYZSvJXh40Ti4JY4OCIKzNCZ-YroW2-mPGnTu0jObkHPxrOs8nMbQ1S2Hi3HfrJfBHW0DD2Mm_lj8eplsA1NBAf-F9J2DlvHPr9kizT9wglS9ihvwZNO1BzZRUmktpPOIJ9CVv6co8pPXv-Wflq_6jaSTwOMwqVFHrCD8lO4aYOVGBrPvv5hex5JJgstKYqepEYKv8fxQNbyzSoWGDQOqnxcv5hsjkdXZI29YJnzEWQdRhUjt3Y6Bxnjgp-A

#2751 22:13:04.942  GET /core-game/regions
    -> 200  (0s)
    Accept: */*
    X-Theorycraft-Clientversion: release2.4.live-156430-shipping
    Authorization: Bearer eyJhbGciOiJSUzI1NiIsImtpZCI6InN1cGVydml2ZS1yZXZpdmFsLWtleS0xIiwidHlwIjoiSldUIn0.eyJiYW5zIjpbXSwiY2xpZW50X2lkIjoiYmE4ZmI1OWEzNGJiNDgxYWJjYTA4YzQ2YmE0ODgwMjUiLCJjb3VudHJ5IjoiVVMiLCJkaXNwbGF5X25hbWUiOiJSZXZpdmVyIiwiZXhwIjoxNzg2OTI5MjgzLCJpYXQiOjE3ODY4NDI4ODMsImlzX2NvbXBseSI6dHJ1ZSwiamZsZ3MiOjAsIm5hbWVzcGFjZSI6InN1cGVydml2ZSIsIm5iZiI6MTc4Njg0MjgyMywicGVybWlzc2lvbnMiOlt7IkFjdGlvbiI6MTUsIlJlc291cmNlIjoiTkFNRVNQQUNFOnN1cGVydml2ZToqIn0seyJBY3Rpb24iOjE1LCJSZXNvdXJjZSI6IkFETUlOOk5BTUVTUEFDRTpzdXBlcnZpdmU6KiJ9XSwicm9sZXMiOltdLCJzY29wZSI6ImNvbW1lcmNlIGFjY291bnQgc29jaWFsIHB1Ymxpc2hpbmcgYW5hbHl0aWNzIiwic3ViIjoiOWI5ZDJjODg3ZTI1MjRmOTE4ZTM4M2E4OTVmMmYxYzIiLCJ1bmlxdWVEaXNwbGF5TmFtZSI6IlJldml2ZXIjMDAwMSIsInVuaXF1ZV9kaXNwbGF5X25hbWUiOiJSZXZpdmVyIzAwMDEifQ.fv8xRcCKsGH-kO-Yy5UkjIPChaqt0XYnodWf6hdS9uvwgLBx_Gpa6LtecHNO-sBxhNPFiTKP9dX9Vt7yMu-Z2L8x2NIYZSvJXh40Ti4JY4OCIKzNCZ-YroW2-mPGnTu0jObkHPxrOs8nMbQ1S2Hi3HfrJfBHW0DD2Mm_lj8eplsA1NBAf-F9J2DlvHPr9kizT9wglS9ihvwZNO1BzZRUmktpPOIJ9CVv6co8pPXv-Wflq_6jaSTwOMwqVFHrCD8lO4aYOVGBrPvv5hex5JJgstKYqepEYKv8fxQNbyzSoWGDQOqnxcv5hsjkdXZI29YJnzEWQdRhUjt3Y6Bxnjgp-A
    User-Agent: Loki/UE5-CL-0 (http-legacy) Windows/10.0.19045.1.256.64bit

#2752 22:13:04.948  GET /mailbox/config/version
    -> 200  (0s)
    Accept: */*
    X-Theorycraft-Clientversion: release2.4.live-156430-shipping
    Authorization: Bearer eyJhbGciOiJSUzI1NiIsImtpZCI6InN1cGVydml2ZS1yZXZpdmFsLWtleS0xIiwidHlwIjoiSldUIn0.eyJiYW5zIjpbXSwiY2xpZW50X2lkIjoiYmE4ZmI1OWEzNGJiNDgxYWJjYTA4YzQ2YmE0ODgwMjUiLCJjb3VudHJ5IjoiVVMiLCJkaXNwbGF5X25hbWUiOiJSZXZpdmVyIiwiZXhwIjoxNzg2OTI5MjgzLCJpYXQiOjE3ODY4NDI4ODMsImlzX2NvbXBseSI6dHJ1ZSwiamZsZ3MiOjAsIm5hbWVzcGFjZSI6InN1cGVydml2ZSIsIm5iZiI6MTc4Njg0MjgyMywicGVybWlzc2lvbnMiOlt7IkFjdGlvbiI6MTUsIlJlc291cmNlIjoiTkFNRVNQQUNFOnN1cGVydml2ZToqIn0seyJBY3Rpb24iOjE1LCJSZXNvdXJjZSI6IkFETUlOOk5BTUVTUEFDRTpzdXBlcnZpdmU6KiJ9XSwicm9sZXMiOltdLCJzY29wZSI6ImNvbW1lcmNlIGFjY291bnQgc29jaWFsIHB1Ymxpc2hpbmcgYW5hbHl0aWNzIiwic3ViIjoiOWI5ZDJjODg3ZTI1MjRmOTE4ZTM4M2E4OTVmMmYxYzIiLCJ1bmlxdWVEaXNwbGF5TmFtZSI6IlJldml2ZXIjMDAwMSIsInVuaXF1ZV9kaXNwbGF5X25hbWUiOiJSZXZpdmVyIzAwMDEifQ.fv8xRcCKsGH-kO-Yy5UkjIPChaqt0XYnodWf6hdS9uvwgLBx_Gpa6LtecHNO-sBxhNPFiTKP9dX9Vt7yMu-Z2L8x2NIYZSvJXh40Ti4JY4OCIKzNCZ-YroW2-mPGnTu0jObkHPxrOs8nMbQ1S2Hi3HfrJfBHW0DD2Mm_lj8eplsA1NBAf-F9J2DlvHPr9kizT9wglS9ihvwZNO1BzZRUmktpPOIJ9CVv6co8pPXv-Wflq_6jaSTwOMwqVFHrCD8lO4aYOVGBrPvv5hex5JJgstKYqepEYKv8fxQNbyzSoWGDQOqnxcv5hsjkdXZI29YJnzEWQdRhUjt3Y6Bxnjgp-A
    User-Agent: Loki/UE5-CL-0 (http-legacy) Windows/10.0.19045.1.256.64bit

#2753 22:13:05.099  GET /revival/loadout
    -> 200  (0s)
    User-Agent: supervive-loadout-shim

#2754 22:13:05.335  GET /revival/loadout
    -> 200  (0s)
    User-Agent: supervive-loadout-shim

#2755 22:13:05.538  GET /revival/loadout
    -> 200  (0s)
    User-Agent: supervive-loadout-shim

#2756 22:13:05.753  GET /revival/loadout
    -> 200  (0s)
    User-Agent: supervive-loadout-shim

#2757 22:13:05.935  GET /revival/loadout
    -> 200  (0s)
    User-Agent: supervive-loadout-shim

#2758 22:13:06.135  GET /revival/loadout
    -> 200  (0s)
    User-Agent: supervive-loadout-shim

#2759 22:13:06.322  GET /revival/loadout
    -> 200  (1ms)
    User-Agent: supervive-loadout-shim

#2760 22:13:06.519  GET /revival/loadout
    -> 200  (0s)
    User-Agent: supervive-loadout-shim

* 22:13:06.520  WS <- /lobby TEXT ""

#2761 22:13:06.647  GET /configuration/client?language=en
    -> 200  (1ms)
    Accept: */*
    X-Theorycraft-Clientversion: release2.4.live-156430-shipping
    Authorization: Bearer eyJhbGciOiJSUzI1NiIsImtpZCI6InN1cGVydml2ZS1yZXZpdmFsLWtleS0xIiwidHlwIjoiSldUIn0.eyJiYW5zIjpbXSwiY2xpZW50X2lkIjoiYmE4ZmI1OWEzNGJiNDgxYWJjYTA4YzQ2YmE0ODgwMjUiLCJjb3VudHJ5IjoiVVMiLCJkaXNwbGF5X25hbWUiOiJSZXZpdmVyIiwiZXhwIjoxNzg2OTI5MjgzLCJpYXQiOjE3ODY4NDI4ODMsImlzX2NvbXBseSI6dHJ1ZSwiamZsZ3MiOjAsIm5hbWVzcGFjZSI6InN1cGVydml2ZSIsIm5iZiI6MTc4Njg0MjgyMywicGVybWlzc2lvbnMiOlt7IkFjdGlvbiI6MTUsIlJlc291cmNlIjoiTkFNRVNQQUNFOnN1cGVydml2ZToqIn0seyJBY3Rpb24iOjE1LCJSZXNvdXJjZSI6IkFETUlOOk5BTUVTUEFDRTpzdXBlcnZpdmU6KiJ9XSwicm9sZXMiOltdLCJzY29wZSI6ImNvbW1lcmNlIGFjY291bnQgc29jaWFsIHB1Ymxpc2hpbmcgYW5hbHl0aWNzIiwic3ViIjoiOWI5ZDJjODg3ZTI1MjRmOTE4ZTM4M2E4OTVmMmYxYzIiLCJ1bmlxdWVEaXNwbGF5TmFtZSI6IlJldml2ZXIjMDAwMSIsInVuaXF1ZV9kaXNwbGF5X25hbWUiOiJSZXZpdmVyIzAwMDEifQ.fv8xRcCKsGH-kO-Yy5UkjIPChaqt0XYnodWf6hdS9uvwgLBx_Gpa6LtecHNO-sBxhNPFiTKP9dX9Vt7yMu-Z2L8x2NIYZSvJXh40Ti4JY4OCIKzNCZ-YroW2-mPGnTu0jObkHPxrOs8nMbQ1S2Hi3HfrJfBHW0DD2Mm_lj8eplsA1NBAf-F9J2DlvHPr9kizT9wglS9ihvwZNO1BzZRUmktpPOIJ9CVv6co8pPXv-Wflq_6jaSTwOMwqVFHrCD8lO4aYOVGBrPvv5hex5JJgstKYqepEYKv8fxQNbyzSoWGDQOqnxcv5hsjkdXZI29YJnzEWQdRhUjt3Y6Bxnjgp-A
    User-Agent: Loki/UE5-CL-0 (http-legacy) Windows/10.0.19045.1.256.64bit

#2762 22:13:06.678  GET /content-service/manifest/release2.4.live-156430-shipping?nonEnabledOnly=true
    -> 200  (0s)
    User-Agent: Loki/UE5-CL-0 (http-legacy) Windows/10.0.19045.1.256.64bit
    Accept: */*
    X-Theorycraft-Clientversion: release2.4.live-156430-shipping
    Authorization: Bearer eyJhbGciOiJSUzI1NiIsImtpZCI6InN1cGVydml2ZS1yZXZpdmFsLWtleS0xIiwidHlwIjoiSldUIn0.eyJiYW5zIjpbXSwiY2xpZW50X2lkIjoiYmE4ZmI1OWEzNGJiNDgxYWJjYTA4YzQ2YmE0ODgwMjUiLCJjb3VudHJ5IjoiVVMiLCJkaXNwbGF5X25hbWUiOiJSZXZpdmVyIiwiZXhwIjoxNzg2OTI5MjgzLCJpYXQiOjE3ODY4NDI4ODMsImlzX2NvbXBseSI6dHJ1ZSwiamZsZ3MiOjAsIm5hbWVzcGFjZSI6InN1cGVydml2ZSIsIm5iZiI6MTc4Njg0MjgyMywicGVybWlzc2lvbnMiOlt7IkFjdGlvbiI6MTUsIlJlc291cmNlIjoiTkFNRVNQQUNFOnN1cGVydml2ZToqIn0seyJBY3Rpb24iOjE1LCJSZXNvdXJjZSI6IkFETUlOOk5BTUVTUEFDRTpzdXBlcnZpdmU6KiJ9XSwicm9sZXMiOltdLCJzY29wZSI6ImNvbW1lcmNlIGFjY291bnQgc29jaWFsIHB1Ymxpc2hpbmcgYW5hbHl0aWNzIiwic3ViIjoiOWI5ZDJjODg3ZTI1MjRmOTE4ZTM4M2E4OTVmMmYxYzIiLCJ1bmlxdWVEaXNwbGF5TmFtZSI6IlJldml2ZXIjMDAwMSIsInVuaXF1ZV9kaXNwbGF5X25hbWUiOiJSZXZpdmVyIzAwMDEifQ.fv8xRcCKsGH-kO-Yy5UkjIPChaqt0XYnodWf6hdS9uvwgLBx_Gpa6LtecHNO-sBxhNPFiTKP9dX9Vt7yMu-Z2L8x2NIYZSvJXh40Ti4JY4OCIKzNCZ-YroW2-mPGnTu0jObkHPxrOs8nMbQ1S2Hi3HfrJfBHW0DD2Mm_lj8eplsA1NBAf-F9J2DlvHPr9kizT9wglS9ihvwZNO1BzZRUmktpPOIJ9CVv6co8pPXv-Wflq_6jaSTwOMwqVFHrCD8lO4aYOVGBrPvv5hex5JJgstKYqepEYKv8fxQNbyzSoWGDQOqnxcv5hsjkdXZI29YJnzEWQdRhUjt3Y6Bxnjgp-A

#2763 22:13:06.704  GET /revival/loadout
    -> 200  (0s)
    User-Agent: supervive-loadout-shim

#2764 22:13:06.924  GET /revival/loadout
    -> 200  (0s)
    User-Agent: supervive-loadout-shim

#2765 22:13:07.141  GET /revival/loadout
    -> 200  (0s)
    User-Agent: supervive-loadout-shim

#2766 22:13:07.351  GET /revival/loadout
    -> 200  (0s)
    User-Agent: supervive-loadout-shim

#2767 22:13:07.563  GET /revival/loadout
    -> 200  (0s)
    User-Agent: supervive-loadout-shim

#2768 22:13:07.746  GET /revival/loadout
    -> 200  (1ms)
    User-Agent: supervive-loadout-shim

#2769 22:13:07.948  GET /revival/loadout
    -> 200  (0s)
    User-Agent: supervive-loadout-shim

#2770 22:13:08.154  GET /revival/loadout
    -> 200  (0s)
    User-Agent: supervive-loadout-shim

#2771 22:13:08.359  GET /revival/loadout
    -> 200  (0s)
    User-Agent: supervive-loadout-shim

#2772 22:13:08.543  GET /revival/loadout
    -> 200  (0s)
    User-Agent: supervive-loadout-shim

#2773 22:13:08.780  GET /revival/loadout
    -> 200  (0s)
    User-Agent: supervive-loadout-shim

#2774 22:13:08.959  GET /revival/loadout
    -> 200  (0s)
    User-Agent: supervive-loadout-shim

#2775 22:13:09.137  GET /revival/loadout
    -> 200  (0s)
    User-Agent: supervive-loadout-shim

#2776 22:13:09.317  GET /revival/loadout
    -> 200  (0s)
    User-Agent: supervive-loadout-shim

#2777 22:13:09.500  GET /revival/loadout
    -> 200  (0s)
    User-Agent: supervive-loadout-shim

#2778 22:13:09.679  GET /revival/loadout
    -> 200  (0s)
    User-Agent: supervive-loadout-shim

#2779 22:13:09.860  GET /revival/loadout
    -> 200  (0s)
    User-Agent: supervive-loadout-shim

#2780 22:13:10.058  GET /revival/loadout
    -> 200  (0s)
    User-Agent: supervive-loadout-shim

#2781 22:13:10.237  GET /revival/loadout
    -> 200  (0s)
    User-Agent: supervive-loadout-shim

#2782 22:13:10.421  GET /revival/loadout
    -> 200  (0s)
    User-Agent: supervive-loadout-shim

#2783 22:13:10.608  GET /revival/loadout
    -> 200  (0s)
    User-Agent: supervive-loadout-shim

#2784 22:13:10.789  GET /revival/loadout
    -> 200  (0s)
    User-Agent: supervive-loadout-shim

#2785 22:13:11.005  GET /revival/loadout
    -> 200  (0s)
    User-Agent: supervive-loadout-shim

#2786 22:13:11.200  GET /revival/loadout
    -> 200  (0s)
    User-Agent: supervive-loadout-shim

#2787 22:13:11.400  GET /revival/loadout
    -> 200  (0s)
    User-Agent: supervive-loadout-shim

#2788 22:13:11.579  GET /revival/loadout
    -> 200  (0s)
    User-Agent: supervive-loadout-shim

#2789 22:13:11.772  GET /revival/loadout
    -> 200  (0s)
    User-Agent: supervive-loadout-shim

#2790 22:13:11.962  GET /revival/loadout
    -> 200  (0s)
    User-Agent: supervive-loadout-shim

#2791 22:13:12.147  GET /revival/loadout
    -> 200  (0s)
    User-Agent: supervive-loadout-shim

#2792 22:13:12.337  GET /revival/loadout
    -> 200  (0s)
    User-Agent: supervive-loadout-shim

#2793 22:13:12.521  GET /revival/loadout
    -> 200  (0s)
    User-Agent: supervive-loadout-shim

#2794 22:13:12.710  GET /revival/loadout
    -> 200  (0s)
    User-Agent: supervive-loadout-shim

#2795 22:13:12.896  GET /revival/loadout
    -> 200  (0s)
    User-Agent: supervive-loadout-shim

#2796 22:13:13.085  GET /revival/loadout
    -> 200  (0s)
    User-Agent: supervive-loadout-shim

#2797 22:13:13.274  GET /revival/loadout
    -> 200  (0s)
    User-Agent: supervive-loadout-shim

#2798 22:13:13.462  GET /revival/loadout
    -> 200  (0s)
    User-Agent: supervive-loadout-shim

#2799 22:13:13.654  GET /revival/loadout
    -> 200  (0s)
    User-Agent: supervive-loadout-shim

#2800 22:13:13.854  GET /revival/loadout
    -> 200  (0s)
    User-Agent: supervive-loadout-shim

#2801 22:13:14.040  GET /revival/loadout
    -> 200  (0s)
    User-Agent: supervive-loadout-shim

#2802 22:13:14.215  GET /revival/loadout
    -> 200  (0s)
    User-Agent: supervive-loadout-shim

#2803 22:13:14.424  GET /revival/loadout
    -> 200  (0s)
    User-Agent: supervive-loadout-shim

#2804 22:13:14.670  GET /revival/loadout
    -> 200  (0s)
    User-Agent: supervive-loadout-shim

#2805 22:13:14.863  GET /revival/loadout
    -> 200  (0s)
    User-Agent: supervive-loadout-shim

* 22:13:14.923  WS <- /notifications/players/9b9d2c887e2524f918e383a895f2f1c2 BINARY (2 bytes) 6862

* 22:13:14.967  WS -> /notifications/players/9b9d2c887e2524f918e383a895f2f1c2 TEXT hb reply {"Resource":"hb","Version":0,"Payload":""}

#2806 22:13:15.054  GET /revival/loadout
    -> 200  (0s)
    User-Agent: supervive-loadout-shim

#2807 22:13:15.236  GET /revival/loadout
    -> 200  (0s)
    User-Agent: supervive-loadout-shim

#2808 22:13:15.419  GET /revival/loadout
    -> 200  (0s)
    User-Agent: supervive-loadout-shim

#2809 22:13:15.611  GET /revival/loadout
    -> 200  (0s)
    User-Agent: supervive-loadout-shim

#2810 22:13:15.802  GET /revival/loadout
    -> 200  (0s)
    User-Agent: supervive-loadout-shim

#2811 22:13:15.995  GET /revival/loadout
    -> 200  (0s)
    User-Agent: supervive-loadout-shim

#2812 22:13:16.195  GET /revival/loadout
    -> 200  (0s)
    User-Agent: supervive-loadout-shim

#2813 22:13:16.388  GET /revival/loadout
    -> 200  (0s)
    User-Agent: supervive-loadout-shim

#2814 22:13:16.577  GET /revival/loadout
    -> 200  (0s)
    User-Agent: supervive-loadout-shim

#2815 22:13:16.777  GET /revival/loadout
    -> 200  (0s)
    User-Agent: supervive-loadout-shim

#2816 22:13:16.978  GET /revival/loadout
    -> 200  (0s)
    User-Agent: supervive-loadout-shim

#2817 22:13:17.160  GET /revival/loadout
    -> 200  (0s)
    User-Agent: supervive-loadout-shim

#2818 22:13:17.352  GET /revival/loadout
    -> 200  (0s)
    User-Agent: supervive-loadout-shim

#2819 22:13:17.448  POST /party/parties/party-9b9d2c887e2524f918e383a895f2f1c2/members/9b9d2c887e2524f918e383a895f2f1c2/latencies
    -> 200  (0s)
    Authorization: Bearer eyJhbGciOiJSUzI1NiIsImtpZCI6InN1cGVydml2ZS1yZXZpdmFsLWtleS0xIiwidHlwIjoiSldUIn0.eyJiYW5zIjpbXSwiY2xpZW50X2lkIjoiYmE4ZmI1OWEzNGJiNDgxYWJjYTA4YzQ2YmE0ODgwMjUiLCJjb3VudHJ5IjoiVVMiLCJkaXNwbGF5X25hbWUiOiJSZXZpdmVyIiwiZXhwIjoxNzg2OTI5MjgzLCJpYXQiOjE3ODY4NDI4ODMsImlzX2NvbXBseSI6dHJ1ZSwiamZsZ3MiOjAsIm5hbWVzcGFjZSI6InN1cGVydml2ZSIsIm5iZiI6MTc4Njg0MjgyMywicGVybWlzc2lvbnMiOlt7IkFjdGlvbiI6MTUsIlJlc291cmNlIjoiTkFNRVNQQUNFOnN1cGVydml2ZToqIn0seyJBY3Rpb24iOjE1LCJSZXNvdXJjZSI6IkFETUlOOk5BTUVTUEFDRTpzdXBlcnZpdmU6KiJ9XSwicm9sZXMiOltdLCJzY29wZSI6ImNvbW1lcmNlIGFjY291bnQgc29jaWFsIHB1Ymxpc2hpbmcgYW5hbHl0aWNzIiwic3ViIjoiOWI5ZDJjODg3ZTI1MjRmOTE4ZTM4M2E4OTVmMmYxYzIiLCJ1bmlxdWVEaXNwbGF5TmFtZSI6IlJldml2ZXIjMDAwMSIsInVuaXF1ZV9kaXNwbGF5X25hbWUiOiJSZXZpdmVyIzAwMDEifQ.fv8xRcCKsGH-kO-Yy5UkjIPChaqt0XYnodWf6hdS9uvwgLBx_Gpa6LtecHNO-sBxhNPFiTKP9dX9Vt7yMu-Z2L8x2NIYZSvJXh40Ti4JY4OCIKzNCZ-YroW2-mPGnTu0jObkHPxrOs8nMbQ1S2Hi3HfrJfBHW0DD2Mm_lj8eplsA1NBAf-F9J2DlvHPr9kizT9wglS9ihvwZNO1BzZRUmktpPOIJ9CVv6co8pPXv-Wflq_6jaSTwOMwqVFHrCD8lO4aYOVGBrPvv5hex5JJgstKYqepEYKv8fxQNbyzSoWGDQOqnxcv5hsjkdXZI29YJnzEWQdRhUjt3Y6Bxnjgp-A
    Content-Type: application/json
    User-Agent: Loki/UE5-CL-0 (http-legacy) Windows/10.0.19045.1.256.64bit
    Accept: */*
    X-Theorycraft-Clientversion: release2.4.live-156430-shipping
    body: {"latencies":[{"host":"127.0.0.1","region":"us-east-1","route":"default","avgLatency":1}]}

#2820 22:13:17.543  GET /revival/loadout
    -> 200  (0s)
    User-Agent: supervive-loadout-shim

#2821 22:13:17.735  GET /revival/loadout
    -> 200  (0s)
    User-Agent: supervive-loadout-shim

#2822 22:13:17.928  GET /revival/loadout
    -> 200  (0s)
    User-Agent: supervive-loadout-shim

#2823 22:13:18.142  GET /revival/loadout
    -> 200  (1ms)
    User-Agent: supervive-loadout-shim

#2824 22:13:18.335  GET /revival/loadout
    -> 200  (0s)
    User-Agent: supervive-loadout-shim

#2825 22:13:18.543  GET /revival/loadout
    -> 200  (0s)
    User-Agent: supervive-loadout-shim

#2826 22:13:18.735  GET /revival/loadout
    -> 200  (0s)
    User-Agent: supervive-loadout-shim

#2827 22:13:18.918  GET /revival/loadout
    -> 200  (0s)
    User-Agent: supervive-loadout-shim

#2828 22:13:19.119  GET /revival/loadout
    -> 200  (0s)
    User-Agent: supervive-loadout-shim

#2829 22:13:19.301  GET /revival/loadout
    -> 200  (0s)
    User-Agent: supervive-loadout-shim

#2830 22:13:19.502  GET /revival/loadout
    -> 200  (0s)
    User-Agent: supervive-loadout-shim

#2831 22:13:19.718  GET /revival/loadout
    -> 200  (0s)
    User-Agent: supervive-loadout-shim

#2832 22:13:19.935  GET /revival/loadout
    -> 200  (0s)
    User-Agent: supervive-loadout-shim

#2833 22:13:20.135  GET /revival/loadout
    -> 200  (0s)
    User-Agent: supervive-loadout-shim

#2834 22:13:20.329  GET /revival/loadout
    -> 200  (0s)
    User-Agent: supervive-loadout-shim

#2835 22:13:20.505  GET /revival/loadout
    -> 200  (0s)
    User-Agent: supervive-loadout-shim

#2836 22:13:20.680  GET /revival/loadout
    -> 200  (0s)
    User-Agent: supervive-loadout-shim

#2837 22:13:20.854  GET /revival/loadout
    -> 200  (0s)
    User-Agent: supervive-loadout-shim

#2838 22:13:21.045  GET /revival/loadout
    -> 200  (0s)
    User-Agent: supervive-loadout-shim

#2839 22:13:21.221  GET /revival/loadout
    -> 200  (0s)
    User-Agent: supervive-loadout-shim

#2840 22:13:21.398  GET /revival/loadout
    -> 200  (0s)
    User-Agent: supervive-loadout-shim

#2841 22:13:21.573  GET /revival/loadout
    -> 200  (0s)
    User-Agent: supervive-loadout-shim

#2842 22:13:21.746  GET /revival/loadout
    -> 200  (0s)
    User-Agent: supervive-loadout-shim

#2843 22:13:21.923  GET /revival/loadout
    -> 200  (0s)
    User-Agent: supervive-loadout-shim

#2844 22:13:22.096  GET /revival/loadout
    -> 200  (0s)
    User-Agent: supervive-loadout-shim

#2845 22:13:22.273  GET /revival/loadout
    -> 200  (0s)
    User-Agent: supervive-loadout-shim

#2846 22:13:22.445  GET /revival/loadout
    -> 200  (0s)
    User-Agent: supervive-loadout-shim

#2847 22:13:22.623  GET /revival/loadout
    -> 200  (0s)
    User-Agent: supervive-loadout-shim

#2848 22:13:22.799  GET /revival/loadout
    -> 200  (0s)
    User-Agent: supervive-loadout-shim

#2849 22:13:22.999  GET /revival/loadout
    -> 200  (0s)
    User-Agent: supervive-loadout-shim

#2850 22:13:23.174  GET /revival/loadout
    -> 200  (0s)
    User-Agent: supervive-loadout-shim

#2851 22:13:23.354  GET /revival/loadout
    -> 200  (0s)
    User-Agent: supervive-loadout-shim

#2852 22:13:23.529  GET /revival/loadout
    -> 200  (0s)
    User-Agent: supervive-loadout-shim

#2853 22:13:23.738  GET /revival/loadout
    -> 200  (0s)
    User-Agent: supervive-loadout-shim

#2854 22:13:23.933  GET /revival/loadout
    -> 200  (0s)
    User-Agent: supervive-loadout-shim

#2855 22:13:24.120  GET /revival/loadout
    -> 200  (0s)
    User-Agent: supervive-loadout-shim

#2856 22:13:24.303  GET /revival/loadout
    -> 200  (0s)
    User-Agent: supervive-loadout-shim

#2857 22:13:24.488  GET /revival/loadout
    -> 200  (0s)
    User-Agent: supervive-loadout-shim

#2858 22:13:24.675  GET /revival/loadout
    -> 200  (0s)
    User-Agent: supervive-loadout-shim

#2859 22:13:24.867  GET /revival/loadout
    -> 200  (0s)
    User-Agent: supervive-loadout-shim

#2860 22:13:25.058  GET /revival/loadout
    -> 200  (0s)
    User-Agent: supervive-loadout-shim

#2861 22:13:25.249  GET /revival/loadout
    -> 200  (0s)
    User-Agent: supervive-loadout-shim

#2862 22:13:25.433  GET /revival/loadout
    -> 200  (0s)
    User-Agent: supervive-loadout-shim

#2863 22:13:25.659  GET /revival/loadout
    -> 200  (0s)
    User-Agent: supervive-loadout-shim

#2864 22:13:25.859  GET /revival/loadout
    -> 200  (0s)
    User-Agent: supervive-loadout-shim

#2865 22:13:26.050  GET /revival/loadout
    -> 200  (0s)
    User-Agent: supervive-loadout-shim

#2866 22:13:26.240  GET /revival/loadout
    -> 200  (0s)
    User-Agent: supervive-loadout-shim

#2867 22:13:26.432  GET /revival/loadout
    -> 200  (0s)
    User-Agent: supervive-loadout-shim

#2868 22:13:26.616  GET /revival/loadout
    -> 200  (0s)
    User-Agent: supervive-loadout-shim

#2869 22:13:26.798  GET /revival/loadout
    -> 200  (1ms)
    User-Agent: supervive-loadout-shim

#2870 22:13:26.988  GET /revival/loadout
    -> 200  (0s)
    User-Agent: supervive-loadout-shim

#2871 22:13:27.174  GET /revival/loadout
    -> 200  (0s)
    User-Agent: supervive-loadout-shim

#2872 22:13:27.365  GET /revival/loadout
    -> 200  (0s)
    User-Agent: supervive-loadout-shim

#2873 22:13:27.569  GET /revival/loadout
    -> 200  (0s)
    User-Agent: supervive-loadout-shim

#2874 22:13:27.756  GET /revival/loadout
    -> 200  (0s)
    User-Agent: supervive-loadout-shim

#2875 22:13:27.935  GET /revival/loadout
    -> 200  (0s)
    User-Agent: supervive-loadout-shim

#2876 22:13:27.981  GET /party/players/9b9d2c887e2524f918e383a895f2f1c2/voice
    -> 200  (0s)
    Accept: */*
    X-Theorycraft-Clientversion: release2.4.live-156430-shipping
    Authorization: Bearer eyJhbGciOiJSUzI1NiIsImtpZCI6InN1cGVydml2ZS1yZXZpdmFsLWtleS0xIiwidHlwIjoiSldUIn0.eyJiYW5zIjpbXSwiY2xpZW50X2lkIjoiYmE4ZmI1OWEzNGJiNDgxYWJjYTA4YzQ2YmE0ODgwMjUiLCJjb3VudHJ5IjoiVVMiLCJkaXNwbGF5X25hbWUiOiJSZXZpdmVyIiwiZXhwIjoxNzg2OTI5MjgzLCJpYXQiOjE3ODY4NDI4ODMsImlzX2NvbXBseSI6dHJ1ZSwiamZsZ3MiOjAsIm5hbWVzcGFjZSI6InN1cGVydml2ZSIsIm5iZiI6MTc4Njg0MjgyMywicGVybWlzc2lvbnMiOlt7IkFjdGlvbiI6MTUsIlJlc291cmNlIjoiTkFNRVNQQUNFOnN1cGVydml2ZToqIn0seyJBY3Rpb24iOjE1LCJSZXNvdXJjZSI6IkFETUlOOk5BTUVTUEFDRTpzdXBlcnZpdmU6KiJ9XSwicm9sZXMiOltdLCJzY29wZSI6ImNvbW1lcmNlIGFjY291bnQgc29jaWFsIHB1Ymxpc2hpbmcgYW5hbHl0aWNzIiwic3ViIjoiOWI5ZDJjODg3ZTI1MjRmOTE4ZTM4M2E4OTVmMmYxYzIiLCJ1bmlxdWVEaXNwbGF5TmFtZSI6IlJldml2ZXIjMDAwMSIsInVuaXF1ZV9kaXNwbGF5X25hbWUiOiJSZXZpdmVyIzAwMDEifQ.fv8xRcCKsGH-kO-Yy5UkjIPChaqt0XYnodWf6hdS9uvwgLBx_Gpa6LtecHNO-sBxhNPFiTKP9dX9Vt7yMu-Z2L8x2NIYZSvJXh40Ti4JY4OCIKzNCZ-YroW2-mPGnTu0jObkHPxrOs8nMbQ1S2Hi3HfrJfBHW0DD2Mm_lj8eplsA1NBAf-F9J2DlvHPr9kizT9wglS9ihvwZNO1BzZRUmktpPOIJ9CVv6co8pPXv-Wflq_6jaSTwOMwqVFHrCD8lO4aYOVGBrPvv5hex5JJgstKYqepEYKv8fxQNbyzSoWGDQOqnxcv5hsjkdXZI29YJnzEWQdRhUjt3Y6Bxnjgp-A
    User-Agent: Loki/UE5-CL-0 (http-legacy) Windows/10.0.19045.1.256.64bit

#2877 22:13:28.121  GET /revival/loadout
    -> 200  (0s)
    User-Agent: supervive-loadout-shim

#2878 22:13:28.305  GET /revival/loadout
    -> 200  (0s)
    User-Agent: supervive-loadout-shim

#2879 22:13:28.509  GET /revival/loadout
    -> 200  (0s)
    User-Agent: supervive-loadout-shim

#2880 22:13:28.693  GET /revival/loadout
    -> 200  (0s)
    User-Agent: supervive-loadout-shim

#2881 22:13:28.878  GET /revival/loadout
    -> 200  (0s)
    User-Agent: supervive-loadout-shim

#2882 22:13:29.059  GET /revival/loadout
    -> 200  (0s)
    User-Agent: supervive-loadout-shim

#2883 22:13:29.234  GET /revival/loadout
    -> 200  (0s)
    User-Agent: supervive-loadout-shim

#2884 22:13:29.418  GET /revival/loadout
    -> 200  (1ms)
    User-Agent: supervive-loadout-shim

#2885 22:13:29.595  GET /revival/loadout
    -> 200  (0s)
    User-Agent: supervive-loadout-shim

#2886 22:13:29.767  GET /revival/loadout
    -> 200  (0s)
    User-Agent: supervive-loadout-shim

#2887 22:13:29.952  GET /revival/loadout
    -> 200  (0s)
    User-Agent: supervive-loadout-shim

#2888 22:13:30.126  GET /revival/loadout
    -> 200  (0s)
    User-Agent: supervive-loadout-shim

#2889 22:13:30.312  GET /revival/loadout
    -> 200  (0s)
    User-Agent: supervive-loadout-shim

#2890 22:13:30.492  GET /revival/loadout
    -> 200  (0s)
    User-Agent: supervive-loadout-shim

#2891 22:13:30.668  GET /revival/loadout
    -> 200  (0s)
    User-Agent: supervive-loadout-shim

#2892 22:13:30.845  GET /revival/loadout
    -> 200  (0s)
    User-Agent: supervive-loadout-shim

#2893 22:13:31.073  GET /revival/loadout
    -> 200  (0s)
    User-Agent: supervive-loadout-shim

#2894 22:13:31.259  GET /revival/loadout
    -> 200  (0s)
    User-Agent: supervive-loadout-shim

#2895 22:13:31.442  GET /revival/loadout
    -> 200  (0s)
    User-Agent: supervive-loadout-shim

#2896 22:13:31.655  GET /revival/loadout
    -> 200  (0s)
    User-Agent: supervive-loadout-shim

#2897 22:13:31.850  GET /revival/loadout
    -> 200  (0s)
    User-Agent: supervive-loadout-shim

#2898 22:13:32.038  GET /revival/loadout
    -> 200  (0s)
    User-Agent: supervive-loadout-shim

#2899 22:13:32.234  GET /revival/loadout
    -> 200  (0s)
    User-Agent: supervive-loadout-shim

#2900 22:13:32.434  GET /revival/loadout
    -> 200  (0s)
    User-Agent: supervive-loadout-shim

#2901 22:13:32.619  GET /revival/loadout
    -> 200  (0s)
    User-Agent: supervive-loadout-shim

#2902 22:13:32.809  GET /revival/loadout
    -> 200  (0s)
    User-Agent: supervive-loadout-shim

#2903 22:13:33.001  GET /revival/loadout
    -> 200  (0s)
    User-Agent: supervive-loadout-shim

#2904 22:13:33.179  GET /revival/loadout
    -> 200  (0s)
    User-Agent: supervive-loadout-shim

#2905 22:13:33.358  GET /revival/loadout
    -> 200  (0s)
    User-Agent: supervive-loadout-shim

#2906 22:13:33.542  GET /revival/loadout
    -> 200  (0s)
    User-Agent: supervive-loadout-shim

#2907 22:13:33.734  GET /revival/loadout
    -> 200  (0s)
    User-Agent: supervive-loadout-shim

#2908 22:13:33.911  GET /revival/loadout
    -> 200  (0s)
    User-Agent: supervive-loadout-shim

#2909 22:13:34.138  GET /revival/loadout
    -> 200  (0s)
    User-Agent: supervive-loadout-shim

#2910 22:13:34.322  GET /revival/loadout
    -> 200  (0s)
    User-Agent: supervive-loadout-shim

#2911 22:13:34.516  GET /revival/loadout
    -> 200  (0s)
    User-Agent: supervive-loadout-shim

#2912 22:13:34.723  GET /revival/loadout
    -> 200  (0s)
    User-Agent: supervive-loadout-shim

#2913 22:13:34.899  GET /revival/loadout
    -> 200  (0s)
    User-Agent: supervive-loadout-shim

#2914 22:13:34.946  GET /party/matchmaking/info
    -> 200  (0s)
    Accept: */*
    Authorization: Bearer eyJhbGciOiJSUzI1NiIsImtpZCI6InN1cGVydml2ZS1yZXZpdmFsLWtleS0xIiwidHlwIjoiSldUIn0.eyJiYW5zIjpbXSwiY2xpZW50X2lkIjoiYmE4ZmI1OWEzNGJiNDgxYWJjYTA4YzQ2YmE0ODgwMjUiLCJjb3VudHJ5IjoiVVMiLCJkaXNwbGF5X25hbWUiOiJSZXZpdmVyIiwiZXhwIjoxNzg2OTI5MjgzLCJpYXQiOjE3ODY4NDI4ODMsImlzX2NvbXBseSI6dHJ1ZSwiamZsZ3MiOjAsIm5hbWVzcGFjZSI6InN1cGVydml2ZSIsIm5iZiI6MTc4Njg0MjgyMywicGVybWlzc2lvbnMiOlt7IkFjdGlvbiI6MTUsIlJlc291cmNlIjoiTkFNRVNQQUNFOnN1cGVydml2ZToqIn0seyJBY3Rpb24iOjE1LCJSZXNvdXJjZSI6IkFETUlOOk5BTUVTUEFDRTpzdXBlcnZpdmU6KiJ9XSwicm9sZXMiOltdLCJzY29wZSI6ImNvbW1lcmNlIGFjY291bnQgc29jaWFsIHB1Ymxpc2hpbmcgYW5hbHl0aWNzIiwic3ViIjoiOWI5ZDJjODg3ZTI1MjRmOTE4ZTM4M2E4OTVmMmYxYzIiLCJ1bmlxdWVEaXNwbGF5TmFtZSI6IlJldml2ZXIjMDAwMSIsInVuaXF1ZV9kaXNwbGF5X25hbWUiOiJSZXZpdmVyIzAwMDEifQ.fv8xRcCKsGH-kO-Yy5UkjIPChaqt0XYnodWf6hdS9uvwgLBx_Gpa6LtecHNO-sBxhNPFiTKP9dX9Vt7yMu-Z2L8x2NIYZSvJXh40Ti4JY4OCIKzNCZ-YroW2-mPGnTu0jObkHPxrOs8nMbQ1S2Hi3HfrJfBHW0DD2Mm_lj8eplsA1NBAf-F9J2DlvHPr9kizT9wglS9ihvwZNO1BzZRUmktpPOIJ9CVv6co8pPXv-Wflq_6jaSTwOMwqVFHrCD8lO4aYOVGBrPvv5hex5JJgstKYqepEYKv8fxQNbyzSoWGDQOqnxcv5hsjkdXZI29YJnzEWQdRhUjt3Y6Bxnjgp-A
    X-Theorycraft-Clientversion: release2.4.live-156430-shipping
    User-Agent: Loki/UE5-CL-0 (http-legacy) Windows/10.0.19045.1.256.64bit

#2915 22:13:35.104  GET /revival/loadout
    -> 200  (0s)
    User-Agent: supervive-loadout-shim

#2916 22:13:35.282  GET /revival/loadout
    -> 200  (0s)
    User-Agent: supervive-loadout-shim

#2917 22:13:35.460  GET /revival/loadout
    -> 200  (0s)
    User-Agent: supervive-loadout-shim

#2918 22:13:35.637  GET /revival/loadout
    -> 200  (0s)
    User-Agent: supervive-loadout-shim

#2919 22:13:35.829  GET /revival/loadout
    -> 200  (0s)
    User-Agent: supervive-loadout-shim

#2920 22:13:36.023  GET /revival/loadout
    -> 200  (0s)
    User-Agent: supervive-loadout-shim

#2921 22:13:36.212  GET /revival/loadout
    -> 200  (0s)
    User-Agent: supervive-loadout-shim

#2922 22:13:36.393  GET /revival/loadout
    -> 200  (0s)
    User-Agent: supervive-loadout-shim

* 22:13:36.577  WS <- /lobby TEXT ""

#2923 22:13:36.588  GET /revival/loadout
    -> 200  (0s)
    User-Agent: supervive-loadout-shim

#2924 22:13:36.595  GET /configuration/client?language=en
    -> 200  (0s)
    Accept: */*
    X-Theorycraft-Clientversion: release2.4.live-156430-shipping
    Authorization: Bearer eyJhbGciOiJSUzI1NiIsImtpZCI6InN1cGVydml2ZS1yZXZpdmFsLWtleS0xIiwidHlwIjoiSldUIn0.eyJiYW5zIjpbXSwiY2xpZW50X2lkIjoiYmE4ZmI1OWEzNGJiNDgxYWJjYTA4YzQ2YmE0ODgwMjUiLCJjb3VudHJ5IjoiVVMiLCJkaXNwbGF5X25hbWUiOiJSZXZpdmVyIiwiZXhwIjoxNzg2OTI5MjgzLCJpYXQiOjE3ODY4NDI4ODMsImlzX2NvbXBseSI6dHJ1ZSwiamZsZ3MiOjAsIm5hbWVzcGFjZSI6InN1cGVydml2ZSIsIm5iZiI6MTc4Njg0MjgyMywicGVybWlzc2lvbnMiOlt7IkFjdGlvbiI6MTUsIlJlc291cmNlIjoiTkFNRVNQQUNFOnN1cGVydml2ZToqIn0seyJBY3Rpb24iOjE1LCJSZXNvdXJjZSI6IkFETUlOOk5BTUVTUEFDRTpzdXBlcnZpdmU6KiJ9XSwicm9sZXMiOltdLCJzY29wZSI6ImNvbW1lcmNlIGFjY291bnQgc29jaWFsIHB1Ymxpc2hpbmcgYW5hbHl0aWNzIiwic3ViIjoiOWI5ZDJjODg3ZTI1MjRmOTE4ZTM4M2E4OTVmMmYxYzIiLCJ1bmlxdWVEaXNwbGF5TmFtZSI6IlJldml2ZXIjMDAwMSIsInVuaXF1ZV9kaXNwbGF5X25hbWUiOiJSZXZpdmVyIzAwMDEifQ.fv8xRcCKsGH-kO-Yy5UkjIPChaqt0XYnodWf6hdS9uvwgLBx_Gpa6LtecHNO-sBxhNPFiTKP9dX9Vt7yMu-Z2L8x2NIYZSvJXh40Ti4JY4OCIKzNCZ-YroW2-mPGnTu0jObkHPxrOs8nMbQ1S2Hi3HfrJfBHW0DD2Mm_lj8eplsA1NBAf-F9J2DlvHPr9kizT9wglS9ihvwZNO1BzZRUmktpPOIJ9CVv6co8pPXv-Wflq_6jaSTwOMwqVFHrCD8lO4aYOVGBrPvv5hex5JJgstKYqepEYKv8fxQNbyzSoWGDQOqnxcv5hsjkdXZI29YJnzEWQdRhUjt3Y6Bxnjgp-A
    User-Agent: Loki/UE5-CL-0 (http-legacy) Windows/10.0.19045.1.256.64bit

#2925 22:13:36.659  GET /content-service/manifest/release2.4.live-156430-shipping?nonEnabledOnly=true
    -> 200  (0s)
    Accept: */*
    X-Theorycraft-Clientversion: release2.4.live-156430-shipping
    Authorization: Bearer eyJhbGciOiJSUzI1NiIsImtpZCI6InN1cGVydml2ZS1yZXZpdmFsLWtleS0xIiwidHlwIjoiSldUIn0.eyJiYW5zIjpbXSwiY2xpZW50X2lkIjoiYmE4ZmI1OWEzNGJiNDgxYWJjYTA4YzQ2YmE0ODgwMjUiLCJjb3VudHJ5IjoiVVMiLCJkaXNwbGF5X25hbWUiOiJSZXZpdmVyIiwiZXhwIjoxNzg2OTI5MjgzLCJpYXQiOjE3ODY4NDI4ODMsImlzX2NvbXBseSI6dHJ1ZSwiamZsZ3MiOjAsIm5hbWVzcGFjZSI6InN1cGVydml2ZSIsIm5iZiI6MTc4Njg0MjgyMywicGVybWlzc2lvbnMiOlt7IkFjdGlvbiI6MTUsIlJlc291cmNlIjoiTkFNRVNQQUNFOnN1cGVydml2ZToqIn0seyJBY3Rpb24iOjE1LCJSZXNvdXJjZSI6IkFETUlOOk5BTUVTUEFDRTpzdXBlcnZpdmU6KiJ9XSwicm9sZXMiOltdLCJzY29wZSI6ImNvbW1lcmNlIGFjY291bnQgc29jaWFsIHB1Ymxpc2hpbmcgYW5hbHl0aWNzIiwic3ViIjoiOWI5ZDJjODg3ZTI1MjRmOTE4ZTM4M2E4OTVmMmYxYzIiLCJ1bmlxdWVEaXNwbGF5TmFtZSI6IlJldml2ZXIjMDAwMSIsInVuaXF1ZV9kaXNwbGF5X25hbWUiOiJSZXZpdmVyIzAwMDEifQ.fv8xRcCKsGH-kO-Yy5UkjIPChaqt0XYnodWf6hdS9uvwgLBx_Gpa6LtecHNO-sBxhNPFiTKP9dX9Vt7yMu-Z2L8x2NIYZSvJXh40Ti4JY4OCIKzNCZ-YroW2-mPGnTu0jObkHPxrOs8nMbQ1S2Hi3HfrJfBHW0DD2Mm_lj8eplsA1NBAf-F9J2DlvHPr9kizT9wglS9ihvwZNO1BzZRUmktpPOIJ9CVv6co8pPXv-Wflq_6jaSTwOMwqVFHrCD8lO4aYOVGBrPvv5hex5JJgstKYqepEYKv8fxQNbyzSoWGDQOqnxcv5hsjkdXZI29YJnzEWQdRhUjt3Y6Bxnjgp-A
    User-Agent: Loki/UE5-CL-0 (http-legacy) Windows/10.0.19045.1.256.64bit

#2926 22:13:36.802  GET /revival/loadout
    -> 200  (0s)
    User-Agent: supervive-loadout-shim

#2927 22:13:36.982  GET /revival/loadout
    -> 200  (0s)
    User-Agent: supervive-loadout-shim

#2928 22:13:37.160  GET /revival/loadout
    -> 200  (0s)
    User-Agent: supervive-loadout-shim

#2929 22:13:37.348  GET /revival/loadout
    -> 200  (0s)
    User-Agent: supervive-loadout-shim

#2930 22:13:37.563  GET /revival/loadout
    -> 200  (0s)
    User-Agent: supervive-loadout-shim

#2931 22:13:37.740  GET /revival/loadout
    -> 200  (0s)
    User-Agent: supervive-loadout-shim

#2932 22:13:37.919  GET /revival/loadout
    -> 200  (0s)
    User-Agent: supervive-loadout-shim

#2933 22:13:38.101  GET /revival/loadout
    -> 200  (0s)
    User-Agent: supervive-loadout-shim

#2934 22:13:38.282  GET /revival/loadout
    -> 200  (0s)
    User-Agent: supervive-loadout-shim

#2935 22:13:38.520  GET /revival/loadout
    -> 200  (0s)
    User-Agent: supervive-loadout-shim

#2936 22:13:38.712  GET /revival/loadout
    -> 200  (0s)
    User-Agent: supervive-loadout-shim

#2937 22:13:38.921  GET /revival/loadout
    -> 200  (1ms)
    User-Agent: supervive-loadout-shim

#2938 22:13:39.120  GET /revival/loadout
    -> 200  (0s)
    User-Agent: supervive-loadout-shim

#2939 22:13:39.298  GET /revival/loadout
    -> 200  (0s)
    User-Agent: supervive-loadout-shim

#2940 22:13:39.498  GET /revival/loadout
    -> 200  (0s)
    User-Agent: supervive-loadout-shim

#2941 22:13:39.680  GET /revival/loadout
    -> 200  (0s)
    User-Agent: supervive-loadout-shim

#2942 22:13:39.864  GET /revival/loadout
    -> 200  (0s)
    User-Agent: supervive-loadout-shim

#2943 22:13:40.053  GET /revival/loadout
    -> 200  (0s)
    User-Agent: supervive-loadout-shim

#2944 22:13:40.274  GET /revival/loadout
    -> 200  (0s)
    User-Agent: supervive-loadout-shim

#2945 22:13:40.455  GET /revival/loadout
    -> 200  (0s)
    User-Agent: supervive-loadout-shim

#2946 22:13:40.629  GET /revival/loadout
    -> 200  (0s)
    User-Agent: supervive-loadout-shim

#2947 22:13:40.813  GET /revival/loadout
    -> 200  (0s)
    User-Agent: supervive-loadout-shim

#2948 22:13:40.989  GET /revival/loadout
    -> 200  (0s)
    User-Agent: supervive-loadout-shim

#2949 22:13:41.165  GET /revival/loadout
    -> 200  (0s)
    User-Agent: supervive-loadout-shim

#2950 22:13:41.364  GET /revival/loadout
    -> 200  (0s)
    User-Agent: supervive-loadout-shim

#2951 22:13:41.539  GET /revival/loadout
    -> 200  (0s)
    User-Agent: supervive-loadout-shim

#2952 22:13:41.681  POST /game-telemetry/v1/protected/events
    -> 200  (0s)
    Content-Type: application/json
    Accept: application/json
    Authorization: Bearer eyJhbGciOiJSUzI1NiIsImtpZCI6InN1cGVydml2ZS1yZXZpdmFsLWtleS0xIiwidHlwIjoiSldUIn0.eyJiYW5zIjpbXSwiY2xpZW50X2lkIjoiYmE4ZmI1OWEzNGJiNDgxYWJjYTA4YzQ2YmE0ODgwMjUiLCJjb3VudHJ5IjoiVVMiLCJkaXNwbGF5X25hbWUiOiJSZXZpdmVyIiwiZXhwIjoxNzg2OTI5MjgzLCJpYXQiOjE3ODY4NDI4ODMsImlzX2NvbXBseSI6dHJ1ZSwiamZsZ3MiOjAsIm5hbWVzcGFjZSI6InN1cGVydml2ZSIsIm5iZiI6MTc4Njg0MjgyMywicGVybWlzc2lvbnMiOlt7IkFjdGlvbiI6MTUsIlJlc291cmNlIjoiTkFNRVNQQUNFOnN1cGVydml2ZToqIn0seyJBY3Rpb24iOjE1LCJSZXNvdXJjZSI6IkFETUlOOk5BTUVTUEFDRTpzdXBlcnZpdmU6KiJ9XSwicm9sZXMiOltdLCJzY29wZSI6ImNvbW1lcmNlIGFjY291bnQgc29jaWFsIHB1Ymxpc2hpbmcgYW5hbHl0aWNzIiwic3ViIjoiOWI5ZDJjODg3ZTI1MjRmOTE4ZTM4M2E4OTVmMmYxYzIiLCJ1bmlxdWVEaXNwbGF5TmFtZSI6IlJldml2ZXIjMDAwMSIsInVuaXF1ZV9kaXNwbGF5X25hbWUiOiJSZXZpdmVyIzAwMDEifQ.fv8xRcCKsGH-kO-Yy5UkjIPChaqt0XYnodWf6hdS9uvwgLBx_Gpa6LtecHNO-sBxhNPFiTKP9dX9Vt7yMu-Z2L8x2NIYZSvJXh40Ti4JY4OCIKzNCZ-YroW2-mPGnTu0jObkHPxrOs8nMbQ1S2Hi3HfrJfBHW0DD2Mm_lj8eplsA1NBAf-F9J2DlvHPr9kizT9wglS9ihvwZNO1BzZRUmktpPOIJ9CVv6co8pPXv-Wflq_6jaSTwOMwqVFHrCD8lO4aYOVGBrPvv5hex5JJgstKYqepEYKv8fxQNbyzSoWGDQOqnxcv5hsjkdXZI29YJnzEWQdRhUjt3Y6Bxnjgp-A
    Game-Client-Version: 1.0.0.0
    User-Agent: Loki/UE5-CL-0 (http-legacy) Windows/10.0.19045.1.256.64bit
    body: [
	{
		"EventNamespace": "loki",
		"EventName": "client_network_samples_snapshot",
		"Payload":
		{
			"sessionId": "96103a7341a019677b2c239ad381e488",
			"PlayerId": "9b9d2c887e2524f918e383a895f2f1c2",
			"timestamp": "2026-08-16T03:12:48.116Z",
			"inAveragePacketLoss": 0,
			"outAveragePacketLoss": 0,
			"HardwareId": "c1795a173f53c6f72e8b0125f11309c6"
		},
		"ClientTimestamp": "2026-08-16T03:13:40.270Z",
		"flightId": "fe0275c749fce947c3902a860f491a1d",
		"DeviceType": "Windows"
	}
]

#2953 22:13:41.720  GET /revival/loadout
    -> 200  (0s)
    User-Agent: supervive-loadout-shim

#2954 22:13:41.897  GET /revival/loadout
    -> 200  (0s)
    User-Agent: supervive-loadout-shim

#2955 22:13:42.071  GET /revival/loadout
    -> 200  (0s)
    User-Agent: supervive-loadout-shim

#2956 22:13:42.250  GET /revival/loadout
    -> 200  (0s)
    User-Agent: supervive-loadout-shim

#2957 22:13:42.439  GET /revival/loadout
    -> 200  (0s)
    User-Agent: supervive-loadout-shim

#2958 22:13:42.638  GET /revival/loadout
    -> 200  (0s)
    User-Agent: supervive-loadout-shim

#2959 22:13:42.812  GET /revival/loadout
    -> 200  (0s)
    User-Agent: supervive-loadout-shim

#2960 22:13:42.988  GET /revival/loadout
    -> 200  (0s)
    User-Agent: supervive-loadout-shim

#2961 22:13:43.163  GET /revival/loadout
    -> 200  (0s)
    User-Agent: supervive-loadout-shim

#2962 22:13:43.338  GET /revival/loadout
    -> 200  (0s)
    User-Agent: supervive-loadout-shim

#2963 22:13:43.513  GET /revival/loadout
    -> 200  (0s)
    User-Agent: supervive-loadout-shim

#2964 22:13:43.696  GET /revival/loadout
    -> 200  (0s)
    User-Agent: supervive-loadout-shim

#2965 22:13:43.870  GET /revival/loadout
    -> 200  (0s)
    User-Agent: supervive-loadout-shim

#2966 22:13:44.064  GET /revival/loadout
    -> 200  (0s)
    User-Agent: supervive-loadout-shim

#2967 22:13:44.239  GET /revival/loadout
    -> 200  (0s)
    User-Agent: supervive-loadout-shim

#2968 22:13:44.413  GET /revival/loadout
    -> 200  (0s)
    User-Agent: supervive-loadout-shim

#2969 22:13:44.604  GET /revival/loadout
    -> 200  (0s)
    User-Agent: supervive-loadout-shim

#2970 22:13:44.779  GET /revival/loadout
    -> 200  (0s)
    User-Agent: supervive-loadout-shim

#2971 22:13:44.954  GET /revival/loadout
    -> 200  (0s)
    User-Agent: supervive-loadout-shim

* 22:13:45.018  WS -> /notifications/players/9b9d2c887e2524f918e383a895f2f1c2 BINARY hb (proactive 30s keepalive)

#2972 22:13:45.137  GET /revival/loadout
    -> 200  (0s)
    User-Agent: supervive-loadout-shim

#2973 22:13:45.312  GET /revival/loadout
    -> 200  (0s)
    User-Agent: supervive-loadout-shim

#2974 22:13:45.488  GET /revival/loadout
    -> 200  (0s)
    User-Agent: supervive-loadout-shim

#2975 22:13:45.678  GET /revival/loadout
    -> 200  (0s)
    User-Agent: supervive-loadout-shim

#2976 22:13:45.862  GET /revival/loadout
    -> 200  (0s)
    User-Agent: supervive-loadout-shim

#2977 22:13:46.036  GET /revival/loadout
    -> 200  (0s)
    User-Agent: supervive-loadout-shim

#2978 22:13:46.253  GET /revival/loadout
    -> 200  (0s)
    User-Agent: supervive-loadout-shim

#2979 22:13:46.428  GET /revival/loadout
    -> 200  (0s)
    User-Agent: supervive-loadout-shim

#2980 22:13:46.612  GET /revival/loadout
    -> 200  (0s)
    User-Agent: supervive-loadout-shim

#2981 22:13:46.804  GET /revival/loadout
    -> 200  (0s)
    User-Agent: supervive-loadout-shim

#2982 22:13:46.978  GET /revival/loadout
    -> 200  (0s)
    User-Agent: supervive-loadout-shim

#2983 22:13:47.195  GET /revival/loadout
    -> 200  (0s)
    User-Agent: supervive-loadout-shim

#2984 22:13:47.347  POST /party/parties/party-9b9d2c887e2524f918e383a895f2f1c2/members/9b9d2c887e2524f918e383a895f2f1c2/latencies
    -> 200  (0s)
    Content-Type: application/json
    User-Agent: Loki/UE5-CL-0 (http-legacy) Windows/10.0.19045.1.256.64bit
    Accept: */*
    X-Theorycraft-Clientversion: release2.4.live-156430-shipping
    Authorization: Bearer eyJhbGciOiJSUzI1NiIsImtpZCI6InN1cGVydml2ZS1yZXZpdmFsLWtleS0xIiwidHlwIjoiSldUIn0.eyJiYW5zIjpbXSwiY2xpZW50X2lkIjoiYmE4ZmI1OWEzNGJiNDgxYWJjYTA4YzQ2YmE0ODgwMjUiLCJjb3VudHJ5IjoiVVMiLCJkaXNwbGF5X25hbWUiOiJSZXZpdmVyIiwiZXhwIjoxNzg2OTI5MjgzLCJpYXQiOjE3ODY4NDI4ODMsImlzX2NvbXBseSI6dHJ1ZSwiamZsZ3MiOjAsIm5hbWVzcGFjZSI6InN1cGVydml2ZSIsIm5iZiI6MTc4Njg0MjgyMywicGVybWlzc2lvbnMiOlt7IkFjdGlvbiI6MTUsIlJlc291cmNlIjoiTkFNRVNQQUNFOnN1cGVydml2ZToqIn0seyJBY3Rpb24iOjE1LCJSZXNvdXJjZSI6IkFETUlOOk5BTUVTUEFDRTpzdXBlcnZpdmU6KiJ9XSwicm9sZXMiOltdLCJzY29wZSI6ImNvbW1lcmNlIGFjY291bnQgc29jaWFsIHB1Ymxpc2hpbmcgYW5hbHl0aWNzIiwic3ViIjoiOWI5ZDJjODg3ZTI1MjRmOTE4ZTM4M2E4OTVmMmYxYzIiLCJ1bmlxdWVEaXNwbGF5TmFtZSI6IlJldml2ZXIjMDAwMSIsInVuaXF1ZV9kaXNwbGF5X25hbWUiOiJSZXZpdmVyIzAwMDEifQ.fv8xRcCKsGH-kO-Yy5UkjIPChaqt0XYnodWf6hdS9uvwgLBx_Gpa6LtecHNO-sBxhNPFiTKP9dX9Vt7yMu-Z2L8x2NIYZSvJXh40Ti4JY4OCIKzNCZ-YroW2-mPGnTu0jObkHPxrOs8nMbQ1S2Hi3HfrJfBHW0DD2Mm_lj8eplsA1NBAf-F9J2DlvHPr9kizT9wglS9ihvwZNO1BzZRUmktpPOIJ9CVv6co8pPXv-Wflq_6jaSTwOMwqVFHrCD8lO4aYOVGBrPvv5hex5JJgstKYqepEYKv8fxQNbyzSoWGDQOqnxcv5hsjkdXZI29YJnzEWQdRhUjt3Y6Bxnjgp-A
    body: {"latencies":[{"host":"127.0.0.1","region":"us-east-1","route":"default","avgLatency":0}]}

#2985 22:13:47.379  GET /revival/loadout
    -> 200  (0s)
    User-Agent: supervive-loadout-shim

#2986 22:13:47.568  GET /revival/loadout
    -> 200  (0s)
    User-Agent: supervive-loadout-shim

#2987 22:13:47.744  GET /revival/loadout
    -> 200  (0s)
    User-Agent: supervive-loadout-shim

#2988 22:13:47.938  GET /revival/loadout
    -> 200  (0s)
    User-Agent: supervive-loadout-shim

#2989 22:13:48.111  GET /revival/loadout
    -> 200  (0s)
    User-Agent: supervive-loadout-shim

#2990 22:13:48.311  GET /revival/loadout
    -> 200  (0s)
    User-Agent: supervive-loadout-shim

#2991 22:13:48.485  GET /revival/loadout
    -> 200  (0s)
    User-Agent: supervive-loadout-shim

#2992 22:13:48.668  GET /revival/loadout
    -> 200  (0s)
    User-Agent: supervive-loadout-shim

#2993 22:13:48.871  GET /revival/loadout
    -> 200  (0s)
    User-Agent: supervive-loadout-shim

#2994 22:13:49.043  GET /revival/loadout
    -> 200  (0s)
    User-Agent: supervive-loadout-shim

#2995 22:13:49.222  GET /revival/loadout
    -> 200  (0s)
    User-Agent: supervive-loadout-shim

#2996 22:13:49.420  GET /revival/loadout
    -> 200  (0s)
    User-Agent: supervive-loadout-shim

#2997 22:13:49.619  GET /revival/loadout
    -> 200  (0s)
    User-Agent: supervive-loadout-shim

#2998 22:13:49.812  GET /revival/loadout
    -> 200  (0s)
    User-Agent: supervive-loadout-shim

#2999 22:13:49.994  GET /revival/loadout
    -> 200  (0s)
    User-Agent: supervive-loadout-shim

#3000 22:13:50.177  GET /revival/loadout
    -> 200  (0s)
    User-Agent: supervive-loadout-shim

#3001 22:13:50.364  GET /revival/loadout
    -> 200  (0s)
    User-Agent: supervive-loadout-shim

#3002 22:13:50.545  GET /revival/loadout
    -> 200  (0s)
    User-Agent: supervive-loadout-shim

#3003 22:13:50.731  GET /revival/loadout
    -> 200  (0s)
    User-Agent: supervive-loadout-shim

#3004 22:13:50.915  GET /revival/loadout
    -> 200  (0s)
    User-Agent: supervive-loadout-shim

#3005 22:13:51.115  GET /revival/loadout
    -> 200  (0s)
    User-Agent: supervive-loadout-shim

#3006 22:13:51.310  GET /revival/loadout
    -> 200  (0s)
    User-Agent: supervive-loadout-shim

#3007 22:13:51.493  GET /revival/loadout
    -> 200  (0s)
    User-Agent: supervive-loadout-shim

#3008 22:13:51.681  GET /revival/loadout
    -> 200  (0s)
    User-Agent: supervive-loadout-shim

#3009 22:13:51.865  GET /revival/loadout
    -> 200  (0s)
    User-Agent: supervive-loadout-shim

#3010 22:13:52.050  GET /revival/loadout
    -> 200  (0s)
    User-Agent: supervive-loadout-shim

#3011 22:13:52.228  GET /revival/loadout
    -> 200  (0s)
    User-Agent: supervive-loadout-shim

#3012 22:13:52.441  GET /revival/loadout
    -> 200  (0s)
    User-Agent: supervive-loadout-shim

#3013 22:13:52.648  GET /revival/loadout
    -> 200  (0s)
    User-Agent: supervive-loadout-shim

#3014 22:13:52.826  GET /revival/loadout
    -> 200  (0s)
    User-Agent: supervive-loadout-shim

#3015 22:13:53.002  GET /revival/loadout
    -> 200  (0s)
    User-Agent: supervive-loadout-shim

#3016 22:13:53.187  GET /revival/loadout
    -> 200  (0s)
    User-Agent: supervive-loadout-shim

#3017 22:13:53.359  GET /revival/loadout
    -> 200  (0s)
    User-Agent: supervive-loadout-shim

#3018 22:13:53.559  GET /revival/loadout
    -> 200  (0s)
    User-Agent: supervive-loadout-shim

#3019 22:13:53.752  GET /revival/loadout
    -> 200  (0s)
    User-Agent: supervive-loadout-shim

#3020 22:13:53.926  GET /revival/loadout
    -> 200  (0s)
    User-Agent: supervive-loadout-shim

#3021 22:13:54.101  GET /revival/loadout
    -> 200  (0s)
    User-Agent: supervive-loadout-shim

#3022 22:13:54.287  GET /revival/loadout
    -> 200  (0s)
    User-Agent: supervive-loadout-shim

#3023 22:13:54.565  GET /revival/loadout
    -> 200  (0s)
    User-Agent: supervive-loadout-shim

#3024 22:13:54.750  GET /revival/loadout
    -> 200  (0s)
    User-Agent: supervive-loadout-shim

#3025 22:13:54.928  GET /revival/loadout
    -> 200  (0s)
    User-Agent: supervive-loadout-shim

#3026 22:13:55.110  GET /revival/loadout
    -> 200  (0s)
    User-Agent: supervive-loadout-shim

#3027 22:13:55.289  GET /revival/loadout
    -> 200  (0s)
    User-Agent: supervive-loadout-shim

#3028 22:13:55.482  GET /revival/loadout
    -> 200  (0s)
    User-Agent: supervive-loadout-shim

#3029 22:13:55.691  GET /revival/loadout
    -> 200  (0s)
    User-Agent: supervive-loadout-shim

#3030 22:13:55.904  GET /revival/loadout
    -> 200  (1ms)
    User-Agent: supervive-loadout-shim

#3031 22:13:56.121  GET /revival/loadout
    -> 200  (0s)
    User-Agent: supervive-loadout-shim

#3032 22:13:56.338  GET /revival/loadout
    -> 200  (0s)
    User-Agent: supervive-loadout-shim

#3033 22:13:56.664  GET /revival/loadout
    -> 200  (0s)
    User-Agent: supervive-loadout-shim

#3034 22:13:56.905  GET /revival/loadout
    -> 200  (0s)
    User-Agent: supervive-loadout-shim

#3035 22:13:57.165  GET /revival/loadout
    -> 200  (0s)
    User-Agent: supervive-loadout-shim

#3036 22:13:57.408  GET /revival/loadout
    -> 200  (0s)
    User-Agent: supervive-loadout-shim

#3037 22:13:57.647  GET /revival/loadout
    -> 200  (0s)
    User-Agent: supervive-loadout-shim

#3038 22:13:57.899  GET /revival/loadout
    -> 200  (0s)
    User-Agent: supervive-loadout-shim

#3039 22:13:58.099  GET /revival/loadout
    -> 200  (0s)
    User-Agent: supervive-loadout-shim

#3040 22:13:58.308  GET /revival/loadout
    -> 200  (0s)
    User-Agent: supervive-loadout-shim

#3041 22:13:58.491  GET /revival/loadout
    -> 200  (0s)
    User-Agent: supervive-loadout-shim

#3042 22:13:58.665  GET /revival/loadout
    -> 200  (0s)
    User-Agent: supervive-loadout-shim

#3043 22:13:58.867  GET /revival/loadout
    -> 200  (0s)
    User-Agent: supervive-loadout-shim

#3044 22:13:59.049  GET /revival/loadout
    -> 200  (0s)
    User-Agent: supervive-loadout-shim

#3045 22:13:59.283  GET /revival/loadout
    -> 200  (0s)
    User-Agent: supervive-loadout-shim

#3046 22:13:59.313  GET /party/players/9b9d2c887e2524f918e383a895f2f1c2/voice
    -> 200  (0s)
    Authorization: Bearer eyJhbGciOiJSUzI1NiIsImtpZCI6InN1cGVydml2ZS1yZXZpdmFsLWtleS0xIiwidHlwIjoiSldUIn0.eyJiYW5zIjpbXSwiY2xpZW50X2lkIjoiYmE4ZmI1OWEzNGJiNDgxYWJjYTA4YzQ2YmE0ODgwMjUiLCJjb3VudHJ5IjoiVVMiLCJkaXNwbGF5X25hbWUiOiJSZXZpdmVyIiwiZXhwIjoxNzg2OTI5MjgzLCJpYXQiOjE3ODY4NDI4ODMsImlzX2NvbXBseSI6dHJ1ZSwiamZsZ3MiOjAsIm5hbWVzcGFjZSI6InN1cGVydml2ZSIsIm5iZiI6MTc4Njg0MjgyMywicGVybWlzc2lvbnMiOlt7IkFjdGlvbiI6MTUsIlJlc291cmNlIjoiTkFNRVNQQUNFOnN1cGVydml2ZToqIn0seyJBY3Rpb24iOjE1LCJSZXNvdXJjZSI6IkFETUlOOk5BTUVTUEFDRTpzdXBlcnZpdmU6KiJ9XSwicm9sZXMiOltdLCJzY29wZSI6ImNvbW1lcmNlIGFjY291bnQgc29jaWFsIHB1Ymxpc2hpbmcgYW5hbHl0aWNzIiwic3ViIjoiOWI5ZDJjODg3ZTI1MjRmOTE4ZTM4M2E4OTVmMmYxYzIiLCJ1bmlxdWVEaXNwbGF5TmFtZSI6IlJldml2ZXIjMDAwMSIsInVuaXF1ZV9kaXNwbGF5X25hbWUiOiJSZXZpdmVyIzAwMDEifQ.fv8xRcCKsGH-kO-Yy5UkjIPChaqt0XYnodWf6hdS9uvwgLBx_Gpa6LtecHNO-sBxhNPFiTKP9dX9Vt7yMu-Z2L8x2NIYZSvJXh40Ti4JY4OCIKzNCZ-YroW2-mPGnTu0jObkHPxrOs8nMbQ1S2Hi3HfrJfBHW0DD2Mm_lj8eplsA1NBAf-F9J2DlvHPr9kizT9wglS9ihvwZNO1BzZRUmktpPOIJ9CVv6co8pPXv-Wflq_6jaSTwOMwqVFHrCD8lO4aYOVGBrPvv5hex5JJgstKYqepEYKv8fxQNbyzSoWGDQOqnxcv5hsjkdXZI29YJnzEWQdRhUjt3Y6Bxnjgp-A
    User-Agent: Loki/UE5-CL-0 (http-legacy) Windows/10.0.19045.1.256.64bit
    Accept: */*
    X-Theorycraft-Clientversion: release2.4.live-156430-shipping

#3047 22:13:59.538  GET /revival/loadout
    -> 200  (0s)
    User-Agent: supervive-loadout-shim

#3048 22:13:59.720  GET /revival/loadout
    -> 200  (0s)
    User-Agent: supervive-loadout-shim

#3049 22:13:59.920  GET /revival/loadout
    -> 200  (0s)
    User-Agent: supervive-loadout-shim

#3050 22:14:00.149  GET /revival/loadout
    -> 200  (0s)
    User-Agent: supervive-loadout-shim

#3051 22:14:00.344  GET /revival/loadout
    -> 200  (0s)
    User-Agent: supervive-loadout-shim

#3052 22:14:00.547  GET /revival/loadout
    -> 200  (0s)
    User-Agent: supervive-loadout-shim

#3053 22:14:00.731  GET /revival/loadout
    -> 200  (0s)
    User-Agent: supervive-loadout-shim

#3054 22:14:00.914  GET /revival/loadout
    -> 200  (0s)
    User-Agent: supervive-loadout-shim

#3055 22:14:01.134  GET /revival/loadout
    -> 200  (0s)
    User-Agent: supervive-loadout-shim

#3056 22:14:01.321  GET /revival/loadout
    -> 200  (0s)
    User-Agent: supervive-loadout-shim

#3057 22:14:01.509  GET /revival/loadout
    -> 200  (0s)
    User-Agent: supervive-loadout-shim

#3058 22:14:01.697  GET /revival/loadout
    -> 200  (0s)
    User-Agent: supervive-loadout-shim

#3059 22:14:01.880  GET /revival/loadout
    -> 200  (0s)
    User-Agent: supervive-loadout-shim

#3060 22:14:02.067  GET /revival/loadout
    -> 200  (0s)
    User-Agent: supervive-loadout-shim

#3061 22:14:02.259  GET /revival/loadout
    -> 200  (0s)
    User-Agent: supervive-loadout-shim

#3062 22:14:02.453  GET /revival/loadout
    -> 200  (0s)
    User-Agent: supervive-loadout-shim

#3063 22:14:02.644  GET /revival/loadout
    -> 200  (0s)
    User-Agent: supervive-loadout-shim

#3064 22:14:02.818  GET /revival/loadout
    -> 200  (0s)
    User-Agent: supervive-loadout-shim

#3065 22:14:03.015  GET /revival/loadout
    -> 200  (0s)
    User-Agent: supervive-loadout-shim

#3066 22:14:03.233  GET /revival/loadout
    -> 200  (0s)
    User-Agent: supervive-loadout-shim

#3067 22:14:03.435  GET /revival/loadout
    -> 200  (0s)
    User-Agent: supervive-loadout-shim

#3068 22:14:03.615  GET /revival/loadout
    -> 200  (0s)
    User-Agent: supervive-loadout-shim

#3069 22:14:03.792  GET /revival/loadout
    -> 200  (0s)
    User-Agent: supervive-loadout-shim

#3070 22:14:03.982  GET /revival/loadout
    -> 200  (0s)
    User-Agent: supervive-loadout-shim

#3071 22:14:04.210  GET /revival/loadout
    -> 200  (0s)
    User-Agent: supervive-loadout-shim

#3072 22:14:04.393  GET /revival/loadout
    -> 200  (0s)
    User-Agent: supervive-loadout-shim

#3073 22:14:04.578  GET /revival/loadout
    -> 200  (0s)
    User-Agent: supervive-loadout-shim

#3074 22:14:04.774  GET /revival/loadout
    -> 200  (0s)
    User-Agent: supervive-loadout-shim

#3075 22:14:04.969  GET /party/matchmaking/info
    -> 200  (1ms)
    X-Theorycraft-Clientversion: release2.4.live-156430-shipping
    Accept: */*
    Authorization: Bearer eyJhbGciOiJSUzI1NiIsImtpZCI6InN1cGVydml2ZS1yZXZpdmFsLWtleS0xIiwidHlwIjoiSldUIn0.eyJiYW5zIjpbXSwiY2xpZW50X2lkIjoiYmE4ZmI1OWEzNGJiNDgxYWJjYTA4YzQ2YmE0ODgwMjUiLCJjb3VudHJ5IjoiVVMiLCJkaXNwbGF5X25hbWUiOiJSZXZpdmVyIiwiZXhwIjoxNzg2OTI5MjgzLCJpYXQiOjE3ODY4NDI4ODMsImlzX2NvbXBseSI6dHJ1ZSwiamZsZ3MiOjAsIm5hbWVzcGFjZSI6InN1cGVydml2ZSIsIm5iZiI6MTc4Njg0MjgyMywicGVybWlzc2lvbnMiOlt7IkFjdGlvbiI6MTUsIlJlc291cmNlIjoiTkFNRVNQQUNFOnN1cGVydml2ZToqIn0seyJBY3Rpb24iOjE1LCJSZXNvdXJjZSI6IkFETUlOOk5BTUVTUEFDRTpzdXBlcnZpdmU6KiJ9XSwicm9sZXMiOltdLCJzY29wZSI6ImNvbW1lcmNlIGFjY291bnQgc29jaWFsIHB1Ymxpc2hpbmcgYW5hbHl0aWNzIiwic3ViIjoiOWI5ZDJjODg3ZTI1MjRmOTE4ZTM4M2E4OTVmMmYxYzIiLCJ1bmlxdWVEaXNwbGF5TmFtZSI6IlJldml2ZXIjMDAwMSIsInVuaXF1ZV9kaXNwbGF5X25hbWUiOiJSZXZpdmVyIzAwMDEifQ.fv8xRcCKsGH-kO-Yy5UkjIPChaqt0XYnodWf6hdS9uvwgLBx_Gpa6LtecHNO-sBxhNPFiTKP9dX9Vt7yMu-Z2L8x2NIYZSvJXh40Ti4JY4OCIKzNCZ-YroW2-mPGnTu0jObkHPxrOs8nMbQ1S2Hi3HfrJfBHW0DD2Mm_lj8eplsA1NBAf-F9J2DlvHPr9kizT9wglS9ihvwZNO1BzZRUmktpPOIJ9CVv6co8pPXv-Wflq_6jaSTwOMwqVFHrCD8lO4aYOVGBrPvv5hex5JJgstKYqepEYKv8fxQNbyzSoWGDQOqnxcv5hsjkdXZI29YJnzEWQdRhUjt3Y6Bxnjgp-A
    User-Agent: Loki/UE5-CL-0 (http-legacy) Windows/10.0.19045.1.256.64bit

#3076 22:14:04.975  GET /core-game/regions
    -> 200  (0s)
    Authorization: Bearer eyJhbGciOiJSUzI1NiIsImtpZCI6InN1cGVydml2ZS1yZXZpdmFsLWtleS0xIiwidHlwIjoiSldUIn0.eyJiYW5zIjpbXSwiY2xpZW50X2lkIjoiYmE4ZmI1OWEzNGJiNDgxYWJjYTA4YzQ2YmE0ODgwMjUiLCJjb3VudHJ5IjoiVVMiLCJkaXNwbGF5X25hbWUiOiJSZXZpdmVyIiwiZXhwIjoxNzg2OTI5MjgzLCJpYXQiOjE3ODY4NDI4ODMsImlzX2NvbXBseSI6dHJ1ZSwiamZsZ3MiOjAsIm5hbWVzcGFjZSI6InN1cGVydml2ZSIsIm5iZiI6MTc4Njg0MjgyMywicGVybWlzc2lvbnMiOlt7IkFjdGlvbiI6MTUsIlJlc291cmNlIjoiTkFNRVNQQUNFOnN1cGVydml2ZToqIn0seyJBY3Rpb24iOjE1LCJSZXNvdXJjZSI6IkFETUlOOk5BTUVTUEFDRTpzdXBlcnZpdmU6KiJ9XSwicm9sZXMiOltdLCJzY29wZSI6ImNvbW1lcmNlIGFjY291bnQgc29jaWFsIHB1Ymxpc2hpbmcgYW5hbHl0aWNzIiwic3ViIjoiOWI5ZDJjODg3ZTI1MjRmOTE4ZTM4M2E4OTVmMmYxYzIiLCJ1bmlxdWVEaXNwbGF5TmFtZSI6IlJldml2ZXIjMDAwMSIsInVuaXF1ZV9kaXNwbGF5X25hbWUiOiJSZXZpdmVyIzAwMDEifQ.fv8xRcCKsGH-kO-Yy5UkjIPChaqt0XYnodWf6hdS9uvwgLBx_Gpa6LtecHNO-sBxhNPFiTKP9dX9Vt7yMu-Z2L8x2NIYZSvJXh40Ti4JY4OCIKzNCZ-YroW2-mPGnTu0jObkHPxrOs8nMbQ1S2Hi3HfrJfBHW0DD2Mm_lj8eplsA1NBAf-F9J2DlvHPr9kizT9wglS9ihvwZNO1BzZRUmktpPOIJ9CVv6co8pPXv-Wflq_6jaSTwOMwqVFHrCD8lO4aYOVGBrPvv5hex5JJgstKYqepEYKv8fxQNbyzSoWGDQOqnxcv5hsjkdXZI29YJnzEWQdRhUjt3Y6Bxnjgp-A
    User-Agent: Loki/UE5-CL-0 (http-legacy) Windows/10.0.19045.1.256.64bit
    Accept: */*
    X-Theorycraft-Clientversion: release2.4.live-156430-shipping

#3078 22:14:04.994  GET /storefront/heroes
    -> 200  (0s)
    Accept: */*
    X-Theorycraft-Clientversion: release2.4.live-156430-shipping
    Authorization: Bearer eyJhbGciOiJSUzI1NiIsImtpZCI6InN1cGVydml2ZS1yZXZpdmFsLWtleS0xIiwidHlwIjoiSldUIn0.eyJiYW5zIjpbXSwiY2xpZW50X2lkIjoiYmE4ZmI1OWEzNGJiNDgxYWJjYTA4YzQ2YmE0ODgwMjUiLCJjb3VudHJ5IjoiVVMiLCJkaXNwbGF5X25hbWUiOiJSZXZpdmVyIiwiZXhwIjoxNzg2OTI5MjgzLCJpYXQiOjE3ODY4NDI4ODMsImlzX2NvbXBseSI6dHJ1ZSwiamZsZ3MiOjAsIm5hbWVzcGFjZSI6InN1cGVydml2ZSIsIm5iZiI6MTc4Njg0MjgyMywicGVybWlzc2lvbnMiOlt7IkFjdGlvbiI6MTUsIlJlc291cmNlIjoiTkFNRVNQQUNFOnN1cGVydml2ZToqIn0seyJBY3Rpb24iOjE1LCJSZXNvdXJjZSI6IkFETUlOOk5BTUVTUEFDRTpzdXBlcnZpdmU6KiJ9XSwicm9sZXMiOltdLCJzY29wZSI6ImNvbW1lcmNlIGFjY291bnQgc29jaWFsIHB1Ymxpc2hpbmcgYW5hbHl0aWNzIiwic3ViIjoiOWI5ZDJjODg3ZTI1MjRmOTE4ZTM4M2E4OTVmMmYxYzIiLCJ1bmlxdWVEaXNwbGF5TmFtZSI6IlJldml2ZXIjMDAwMSIsInVuaXF1ZV9kaXNwbGF5X25hbWUiOiJSZXZpdmVyIzAwMDEifQ.fv8xRcCKsGH-kO-Yy5UkjIPChaqt0XYnodWf6hdS9uvwgLBx_Gpa6LtecHNO-sBxhNPFiTKP9dX9Vt7yMu-Z2L8x2NIYZSvJXh40Ti4JY4OCIKzNCZ-YroW2-mPGnTu0jObkHPxrOs8nMbQ1S2Hi3HfrJfBHW0DD2Mm_lj8eplsA1NBAf-F9J2DlvHPr9kizT9wglS9ihvwZNO1BzZRUmktpPOIJ9CVv6co8pPXv-Wflq_6jaSTwOMwqVFHrCD8lO4aYOVGBrPvv5hex5JJgstKYqepEYKv8fxQNbyzSoWGDQOqnxcv5hsjkdXZI29YJnzEWQdRhUjt3Y6Bxnjgp-A
    User-Agent: Loki/UE5-CL-0 (http-legacy) Windows/10.0.19045.1.256.64bit

#3077 22:14:04.985  GET /revival/loadout
    -> 200  (0s)
    User-Agent: supervive-loadout-shim

#3079 22:14:05.472  GET /revival/loadout
    -> 200  (0s)
    User-Agent: supervive-loadout-shim

#3080 22:14:05.713  GET /revival/loadout
    -> 200  (0s)
    User-Agent: supervive-loadout-shim

#3081 22:14:05.910  GET /revival/loadout
    -> 200  (0s)
    User-Agent: supervive-loadout-shim

#3082 22:14:06.102  GET /revival/loadout
    -> 200  (0s)
    User-Agent: supervive-loadout-shim

#3083 22:14:06.304  GET /revival/loadout
    -> 200  (0s)
    User-Agent: supervive-loadout-shim

#3084 22:14:06.586  GET /revival/loadout
    -> 200  (0s)
    User-Agent: supervive-loadout-shim

* 22:14:06.737  WS <- /lobby TEXT ""

#3085 22:14:06.739  GET /content-service/manifest/release2.4.live-156430-shipping?nonEnabledOnly=true
    -> 200  (0s)
    Accept: */*
    X-Theorycraft-Clientversion: release2.4.live-156430-shipping
    Authorization: Bearer eyJhbGciOiJSUzI1NiIsImtpZCI6InN1cGVydml2ZS1yZXZpdmFsLWtleS0xIiwidHlwIjoiSldUIn0.eyJiYW5zIjpbXSwiY2xpZW50X2lkIjoiYmE4ZmI1OWEzNGJiNDgxYWJjYTA4YzQ2YmE0ODgwMjUiLCJjb3VudHJ5IjoiVVMiLCJkaXNwbGF5X25hbWUiOiJSZXZpdmVyIiwiZXhwIjoxNzg2OTI5MjgzLCJpYXQiOjE3ODY4NDI4ODMsImlzX2NvbXBseSI6dHJ1ZSwiamZsZ3MiOjAsIm5hbWVzcGFjZSI6InN1cGVydml2ZSIsIm5iZiI6MTc4Njg0MjgyMywicGVybWlzc2lvbnMiOlt7IkFjdGlvbiI6MTUsIlJlc291cmNlIjoiTkFNRVNQQUNFOnN1cGVydml2ZToqIn0seyJBY3Rpb24iOjE1LCJSZXNvdXJjZSI6IkFETUlOOk5BTUVTUEFDRTpzdXBlcnZpdmU6KiJ9XSwicm9sZXMiOltdLCJzY29wZSI6ImNvbW1lcmNlIGFjY291bnQgc29jaWFsIHB1Ymxpc2hpbmcgYW5hbHl0aWNzIiwic3ViIjoiOWI5ZDJjODg3ZTI1MjRmOTE4ZTM4M2E4OTVmMmYxYzIiLCJ1bmlxdWVEaXNwbGF5TmFtZSI6IlJldml2ZXIjMDAwMSIsInVuaXF1ZV9kaXNwbGF5X25hbWUiOiJSZXZpdmVyIzAwMDEifQ.fv8xRcCKsGH-kO-Yy5UkjIPChaqt0XYnodWf6hdS9uvwgLBx_Gpa6LtecHNO-sBxhNPFiTKP9dX9Vt7yMu-Z2L8x2NIYZSvJXh40Ti4JY4OCIKzNCZ-YroW2-mPGnTu0jObkHPxrOs8nMbQ1S2Hi3HfrJfBHW0DD2Mm_lj8eplsA1NBAf-F9J2DlvHPr9kizT9wglS9ihvwZNO1BzZRUmktpPOIJ9CVv6co8pPXv-Wflq_6jaSTwOMwqVFHrCD8lO4aYOVGBrPvv5hex5JJgstKYqepEYKv8fxQNbyzSoWGDQOqnxcv5hsjkdXZI29YJnzEWQdRhUjt3Y6Bxnjgp-A
    User-Agent: Loki/UE5-CL-0 (http-legacy) Windows/10.0.19045.1.256.64bit

#3087 22:14:06.798  GET /revival/loadout
    -> 200  (0s)
    User-Agent: supervive-loadout-shim

#3086 22:14:06.749  GET /configuration/client?language=en
    -> 200  (1ms)
    Authorization: Bearer eyJhbGciOiJSUzI1NiIsImtpZCI6InN1cGVydml2ZS1yZXZpdmFsLWtleS0xIiwidHlwIjoiSldUIn0.eyJiYW5zIjpbXSwiY2xpZW50X2lkIjoiYmE4ZmI1OWEzNGJiNDgxYWJjYTA4YzQ2YmE0ODgwMjUiLCJjb3VudHJ5IjoiVVMiLCJkaXNwbGF5X25hbWUiOiJSZXZpdmVyIiwiZXhwIjoxNzg2OTI5MjgzLCJpYXQiOjE3ODY4NDI4ODMsImlzX2NvbXBseSI6dHJ1ZSwiamZsZ3MiOjAsIm5hbWVzcGFjZSI6InN1cGVydml2ZSIsIm5iZiI6MTc4Njg0MjgyMywicGVybWlzc2lvbnMiOlt7IkFjdGlvbiI6MTUsIlJlc291cmNlIjoiTkFNRVNQQUNFOnN1cGVydml2ZToqIn0seyJBY3Rpb24iOjE1LCJSZXNvdXJjZSI6IkFETUlOOk5BTUVTUEFDRTpzdXBlcnZpdmU6KiJ9XSwicm9sZXMiOltdLCJzY29wZSI6ImNvbW1lcmNlIGFjY291bnQgc29jaWFsIHB1Ymxpc2hpbmcgYW5hbHl0aWNzIiwic3ViIjoiOWI5ZDJjODg3ZTI1MjRmOTE4ZTM4M2E4OTVmMmYxYzIiLCJ1bmlxdWVEaXNwbGF5TmFtZSI6IlJldml2ZXIjMDAwMSIsInVuaXF1ZV9kaXNwbGF5X25hbWUiOiJSZXZpdmVyIzAwMDEifQ.fv8xRcCKsGH-kO-Yy5UkjIPChaqt0XYnodWf6hdS9uvwgLBx_Gpa6LtecHNO-sBxhNPFiTKP9dX9Vt7yMu-Z2L8x2NIYZSvJXh40Ti4JY4OCIKzNCZ-YroW2-mPGnTu0jObkHPxrOs8nMbQ1S2Hi3HfrJfBHW0DD2Mm_lj8eplsA1NBAf-F9J2DlvHPr9kizT9wglS9ihvwZNO1BzZRUmktpPOIJ9CVv6co8pPXv-Wflq_6jaSTwOMwqVFHrCD8lO4aYOVGBrPvv5hex5JJgstKYqepEYKv8fxQNbyzSoWGDQOqnxcv5hsjkdXZI29YJnzEWQdRhUjt3Y6Bxnjgp-A
    Accept: */*
    X-Theorycraft-Clientversion: release2.4.live-156430-shipping
    User-Agent: Loki/UE5-CL-0 (http-legacy) Windows/10.0.19045.1.256.64bit

#3088 22:14:07.185  GET /revival/loadout
    -> 200  (0s)
    User-Agent: supervive-loadout-shim

#3089 22:14:07.378  GET /revival/loadout
    -> 200  (0s)
    User-Agent: supervive-loadout-shim

#3090 22:14:07.598  GET /revival/loadout
    -> 200  (0s)
    User-Agent: supervive-loadout-shim

#3091 22:14:07.811  GET /revival/loadout
    -> 200  (0s)
    User-Agent: supervive-loadout-shim

#3092 22:14:08.005  GET /revival/loadout
    -> 200  (0s)
    User-Agent: supervive-loadout-shim

#3093 22:14:08.214  GET /revival/loadout
    -> 200  (0s)
    User-Agent: supervive-loadout-shim

#3094 22:14:08.414  GET /revival/loadout
    -> 200  (0s)
    User-Agent: supervive-loadout-shim

#3095 22:14:08.612  GET /revival/loadout
    -> 200  (0s)
    User-Agent: supervive-loadout-shim

#3096 22:14:08.910  GET /revival/loadout
    -> 200  (0s)
    User-Agent: supervive-loadout-shim

#3097 22:14:09.113  GET /revival/loadout
    -> 200  (0s)
    User-Agent: supervive-loadout-shim

#3098 22:14:09.361  GET /revival/loadout
    -> 200  (0s)
    User-Agent: supervive-loadout-shim

#3099 22:14:09.594  GET /revival/loadout
    -> 200  (0s)
    User-Agent: supervive-loadout-shim

#3100 22:14:09.839  GET /revival/loadout
    -> 200  (1ms)
    User-Agent: supervive-loadout-shim

* 22:14:09.943  WS <- /notifications/players/9b9d2c887e2524f918e383a895f2f1c2 BINARY (2 bytes) 6862

* 22:14:10.002  WS -> /notifications/players/9b9d2c887e2524f918e383a895f2f1c2 TEXT hb reply {"Resource":"hb","Version":0,"Payload":""}

#3101 22:14:10.077  GET /revival/loadout
    -> 200  (0s)
    User-Agent: supervive-loadout-shim

#3102 22:14:10.278  GET /revival/loadout
    -> 200  (0s)
    User-Agent: supervive-loadout-shim

#3103 22:14:10.484  GET /revival/loadout
    -> 200  (0s)
    User-Agent: supervive-loadout-shim

#3104 22:14:10.685  GET /revival/loadout
    -> 200  (0s)
    User-Agent: supervive-loadout-shim

#3105 22:14:11.668  GET /revival/loadout
    -> 200  (0s)
    User-Agent: supervive-loadout-shim

#3106 22:14:11.900  GET /revival/loadout
    -> 200  (0s)
    User-Agent: supervive-loadout-shim

#3107 22:14:12.111  GET /revival/loadout
    -> 200  (0s)
    User-Agent: supervive-loadout-shim

#3108 22:14:12.347  GET /revival/loadout
    -> 200  (0s)
    User-Agent: supervive-loadout-shim

#3109 22:14:12.577  GET /revival/loadout
    -> 200  (0s)
    User-Agent: supervive-loadout-shim

#3110 22:14:12.815  GET /revival/loadout
    -> 200  (0s)
    User-Agent: supervive-loadout-shim

#3111 22:14:13.025  GET /revival/loadout
    -> 200  (0s)
    User-Agent: supervive-loadout-shim

#3112 22:14:13.221  GET /revival/loadout
    -> 200  (0s)
    User-Agent: supervive-loadout-shim

#3113 22:14:13.451  GET /revival/loadout
    -> 200  (0s)
    User-Agent: supervive-loadout-shim

#3114 22:14:13.691  GET /revival/loadout
    -> 200  (0s)
    User-Agent: supervive-loadout-shim

#3115 22:14:13.901  GET /revival/loadout
    -> 200  (0s)
    User-Agent: supervive-loadout-shim

#3116 22:14:14.094  GET /revival/loadout
    -> 200  (0s)
    User-Agent: supervive-loadout-shim

#3117 22:14:14.303  GET /revival/loadout
    -> 200  (0s)
    User-Agent: supervive-loadout-shim

#3118 22:14:14.505  GET /revival/loadout
    -> 200  (0s)
    User-Agent: supervive-loadout-shim

#3119 22:14:14.749  GET /revival/loadout
    -> 200  (0s)
    User-Agent: supervive-loadout-shim

#3120 22:14:14.993  GET /revival/loadout
    -> 200  (0s)
    User-Agent: supervive-loadout-shim

#3121 22:14:15.189  GET /revival/loadout
    -> 200  (0s)
    User-Agent: supervive-loadout-shim

#3122 22:14:15.386  GET /revival/loadout
    -> 200  (0s)
    User-Agent: supervive-loadout-shim

#3123 22:14:15.596  GET /revival/loadout
    -> 200  (0s)
    User-Agent: supervive-loadout-shim

#3124 22:14:15.796  GET /revival/loadout
    -> 200  (1ms)
    User-Agent: supervive-loadout-shim

#3125 22:14:16.032  GET /revival/loadout
    -> 200  (0s)
    User-Agent: supervive-loadout-shim

#3126 22:14:16.226  GET /revival/loadout
    -> 200  (0s)
    User-Agent: supervive-loadout-shim

#3127 22:14:16.429  GET /revival/loadout
    -> 200  (0s)
    User-Agent: supervive-loadout-shim

#3128 22:14:16.647  GET /revival/loadout
    -> 200  (0s)
    User-Agent: supervive-loadout-shim

#3129 22:14:16.875  GET /revival/loadout
    -> 200  (0s)
    User-Agent: supervive-loadout-shim

#3130 22:14:17.082  GET /revival/loadout
    -> 200  (0s)
    User-Agent: supervive-loadout-shim

#3131 22:14:17.275  GET /revival/loadout
    -> 200  (0s)
    User-Agent: supervive-loadout-shim

#3132 22:14:17.309  POST /party/parties/party-9b9d2c887e2524f918e383a895f2f1c2/members/9b9d2c887e2524f918e383a895f2f1c2/latencies
    -> 200  (0s)
    Accept: */*
    X-Theorycraft-Clientversion: release2.4.live-156430-shipping
    Authorization: Bearer eyJhbGciOiJSUzI1NiIsImtpZCI6InN1cGVydml2ZS1yZXZpdmFsLWtleS0xIiwidHlwIjoiSldUIn0.eyJiYW5zIjpbXSwiY2xpZW50X2lkIjoiYmE4ZmI1OWEzNGJiNDgxYWJjYTA4YzQ2YmE0ODgwMjUiLCJjb3VudHJ5IjoiVVMiLCJkaXNwbGF5X25hbWUiOiJSZXZpdmVyIiwiZXhwIjoxNzg2OTI5MjgzLCJpYXQiOjE3ODY4NDI4ODMsImlzX2NvbXBseSI6dHJ1ZSwiamZsZ3MiOjAsIm5hbWVzcGFjZSI6InN1cGVydml2ZSIsIm5iZiI6MTc4Njg0MjgyMywicGVybWlzc2lvbnMiOlt7IkFjdGlvbiI6MTUsIlJlc291cmNlIjoiTkFNRVNQQUNFOnN1cGVydml2ZToqIn0seyJBY3Rpb24iOjE1LCJSZXNvdXJjZSI6IkFETUlOOk5BTUVTUEFDRTpzdXBlcnZpdmU6KiJ9XSwicm9sZXMiOltdLCJzY29wZSI6ImNvbW1lcmNlIGFjY291bnQgc29jaWFsIHB1Ymxpc2hpbmcgYW5hbHl0aWNzIiwic3ViIjoiOWI5ZDJjODg3ZTI1MjRmOTE4ZTM4M2E4OTVmMmYxYzIiLCJ1bmlxdWVEaXNwbGF5TmFtZSI6IlJldml2ZXIjMDAwMSIsInVuaXF1ZV9kaXNwbGF5X25hbWUiOiJSZXZpdmVyIzAwMDEifQ.fv8xRcCKsGH-kO-Yy5UkjIPChaqt0XYnodWf6hdS9uvwgLBx_Gpa6LtecHNO-sBxhNPFiTKP9dX9Vt7yMu-Z2L8x2NIYZSvJXh40Ti4JY4OCIKzNCZ-YroW2-mPGnTu0jObkHPxrOs8nMbQ1S2Hi3HfrJfBHW0DD2Mm_lj8eplsA1NBAf-F9J2DlvHPr9kizT9wglS9ihvwZNO1BzZRUmktpPOIJ9CVv6co8pPXv-Wflq_6jaSTwOMwqVFHrCD8lO4aYOVGBrPvv5hex5JJgstKYqepEYKv8fxQNbyzSoWGDQOqnxcv5hsjkdXZI29YJnzEWQdRhUjt3Y6Bxnjgp-A
    Content-Type: application/json
    User-Agent: Loki/UE5-CL-0 (http-legacy) Windows/10.0.19045.1.256.64bit
    body: {"latencies":[{"host":"127.0.0.1","region":"us-east-1","route":"default","avgLatency":1}]}

#3133 22:14:17.484  GET /revival/loadout
    -> 200  (0s)
    User-Agent: supervive-loadout-shim

#3134 22:14:17.704  GET /revival/loadout
    -> 200  (0s)
    User-Agent: supervive-loadout-shim

#3135 22:14:17.913  GET /revival/loadout
    -> 200  (0s)
    User-Agent: supervive-loadout-shim

#3136 22:14:18.115  GET /revival/loadout
    -> 200  (0s)
    User-Agent: supervive-loadout-shim

#3137 22:14:18.325  GET /revival/loadout
    -> 200  (0s)
    User-Agent: supervive-loadout-shim

#3138 22:14:18.525  GET /revival/loadout
    -> 200  (0s)
    User-Agent: supervive-loadout-shim

#3139 22:14:18.740  GET /revival/loadout
    -> 200  (0s)
    User-Agent: supervive-loadout-shim

#3140 22:14:18.960  GET /revival/loadout
    -> 200  (0s)
    User-Agent: supervive-loadout-shim

#3141 22:14:19.163  GET /revival/loadout
    -> 200  (1ms)
    User-Agent: supervive-loadout-shim

#3142 22:14:19.371  GET /revival/loadout
    -> 200  (0s)
    User-Agent: supervive-loadout-shim

#3143 22:14:19.571  GET /revival/loadout
    -> 200  (0s)
    User-Agent: supervive-loadout-shim

#3144 22:14:19.783  GET /revival/loadout
    -> 200  (0s)
    User-Agent: supervive-loadout-shim

#3145 22:14:19.983  GET /revival/loadout
    -> 200  (0s)
    User-Agent: supervive-loadout-shim

#3146 22:14:20.200  GET /revival/loadout
    -> 200  (0s)
    User-Agent: supervive-loadout-shim

#3147 22:14:20.408  GET /revival/loadout
    -> 200  (0s)
    User-Agent: supervive-loadout-shim

#3148 22:14:20.640  GET /revival/loadout
    -> 200  (0s)
    User-Agent: supervive-loadout-shim

#3149 22:14:20.849  GET /revival/loadout
    -> 200  (0s)
    User-Agent: supervive-loadout-shim

#3150 22:14:21.069  GET /revival/loadout
    -> 200  (0s)
    User-Agent: supervive-loadout-shim

#3151 22:14:21.280  GET /revival/loadout
    -> 200  (0s)
    User-Agent: supervive-loadout-shim

#3152 22:14:21.482  GET /revival/loadout
    -> 200  (0s)
    User-Agent: supervive-loadout-shim

#3153 22:14:21.686  GET /revival/loadout
    -> 200  (0s)
    User-Agent: supervive-loadout-shim

#3154 22:14:21.891  GET /revival/loadout
    -> 200  (0s)
    User-Agent: supervive-loadout-shim

#3155 22:14:22.099  GET /revival/loadout
    -> 200  (0s)
    User-Agent: supervive-loadout-shim

#3156 22:14:22.299  GET /revival/loadout
    -> 200  (0s)
    User-Agent: supervive-loadout-shim

#3157 22:14:22.490  GET /revival/loadout
    -> 200  (0s)
    User-Agent: supervive-loadout-shim

#3158 22:14:22.689  GET /revival/loadout
    -> 200  (0s)
    User-Agent: supervive-loadout-shim

#3159 22:14:22.890  GET /revival/loadout
    -> 200  (0s)
    User-Agent: supervive-loadout-shim

#3160 22:14:23.085  GET /revival/loadout
    -> 200  (1ms)
    User-Agent: supervive-loadout-shim

#3161 22:14:23.272  GET /revival/loadout
    -> 200  (0s)
    User-Agent: supervive-loadout-shim

#3162 22:14:23.474  GET /revival/loadout
    -> 200  (0s)
    User-Agent: supervive-loadout-shim

#3163 22:14:23.665  GET /revival/loadout
    -> 200  (0s)
    User-Agent: supervive-loadout-shim

#3164 22:14:23.877  GET /revival/loadout
    -> 200  (0s)
    User-Agent: supervive-loadout-shim

#3165 22:14:24.064  GET /revival/loadout
    -> 200  (0s)
    User-Agent: supervive-loadout-shim

#3166 22:14:24.272  GET /revival/loadout
    -> 200  (0s)
    User-Agent: supervive-loadout-shim

#3167 22:14:24.499  GET /revival/loadout
    -> 200  (0s)
    User-Agent: supervive-loadout-shim

#3168 22:14:24.709  GET /revival/loadout
    -> 200  (0s)
    User-Agent: supervive-loadout-shim

#3169 22:14:24.925  GET /revival/loadout
    -> 200  (0s)
    User-Agent: supervive-loadout-shim

#3170 22:14:25.114  GET /revival/loadout
    -> 200  (0s)
    User-Agent: supervive-loadout-shim

#3171 22:14:25.333  GET /revival/loadout
    -> 200  (0s)
    User-Agent: supervive-loadout-shim

#3172 22:14:25.551  GET /revival/loadout
    -> 200  (0s)
    User-Agent: supervive-loadout-shim

#3173 22:14:25.747  GET /revival/loadout
    -> 200  (0s)
    User-Agent: supervive-loadout-shim

#3174 22:14:25.959  GET /revival/loadout
    -> 200  (0s)
    User-Agent: supervive-loadout-shim

#3175 22:14:26.155  GET /revival/loadout
    -> 200  (0s)
    User-Agent: supervive-loadout-shim

#3176 22:14:26.355  GET /revival/loadout
    -> 200  (0s)
    User-Agent: supervive-loadout-shim

#3177 22:14:26.589  GET /revival/loadout
    -> 200  (0s)
    User-Agent: supervive-loadout-shim

#3178 22:14:26.779  GET /revival/loadout
    -> 200  (0s)
    User-Agent: supervive-loadout-shim

#3179 22:14:27.056  GET /revival/loadout
    -> 200  (0s)
    User-Agent: supervive-loadout-shim

#3180 22:14:27.399  GET /revival/loadout
    -> 200  (0s)
    User-Agent: supervive-loadout-shim

#3181 22:14:27.744  GET /revival/loadout
    -> 200  (0s)
    User-Agent: supervive-loadout-shim

#3182 22:14:28.107  GET /revival/loadout
    -> 200  (0s)
    User-Agent: supervive-loadout-shim

#3183 22:14:28.478  GET /revival/loadout
    -> 200  (0s)
    User-Agent: supervive-loadout-shim

#3184 22:14:28.869  GET /revival/loadout
    -> 200  (0s)
    User-Agent: supervive-loadout-shim

#3185 22:14:29.289  GET /revival/loadout
    -> 200  (0s)
    User-Agent: supervive-loadout-shim

#3186 22:14:29.609  GET /revival/loadout
    -> 200  (0s)
    User-Agent: supervive-loadout-shim

#3187 22:14:29.911  GET /revival/loadout
    -> 200  (0s)
    User-Agent: supervive-loadout-shim

#3188 22:14:30.224  GET /revival/loadout
    -> 200  (0s)
    User-Agent: supervive-loadout-shim

#3189 22:14:30.517  GET /revival/loadout
    -> 200  (0s)
    User-Agent: supervive-loadout-shim

#3190 22:14:30.782  GET /revival/loadout
    -> 200  (0s)
    User-Agent: supervive-loadout-shim

#3191 22:14:31.062  GET /revival/loadout
    -> 200  (0s)
    User-Agent: supervive-loadout-shim

#3192 22:14:31.167  GET /party/players/9b9d2c887e2524f918e383a895f2f1c2/voice
    -> 200  (0s)
    X-Theorycraft-Clientversion: release2.4.live-156430-shipping
    Authorization: Bearer eyJhbGciOiJSUzI1NiIsImtpZCI6InN1cGVydml2ZS1yZXZpdmFsLWtleS0xIiwidHlwIjoiSldUIn0.eyJiYW5zIjpbXSwiY2xpZW50X2lkIjoiYmE4ZmI1OWEzNGJiNDgxYWJjYTA4YzQ2YmE0ODgwMjUiLCJjb3VudHJ5IjoiVVMiLCJkaXNwbGF5X25hbWUiOiJSZXZpdmVyIiwiZXhwIjoxNzg2OTI5MjgzLCJpYXQiOjE3ODY4NDI4ODMsImlzX2NvbXBseSI6dHJ1ZSwiamZsZ3MiOjAsIm5hbWVzcGFjZSI6InN1cGVydml2ZSIsIm5iZiI6MTc4Njg0MjgyMywicGVybWlzc2lvbnMiOlt7IkFjdGlvbiI6MTUsIlJlc291cmNlIjoiTkFNRVNQQUNFOnN1cGVydml2ZToqIn0seyJBY3Rpb24iOjE1LCJSZXNvdXJjZSI6IkFETUlOOk5BTUVTUEFDRTpzdXBlcnZpdmU6KiJ9XSwicm9sZXMiOltdLCJzY29wZSI6ImNvbW1lcmNlIGFjY291bnQgc29jaWFsIHB1Ymxpc2hpbmcgYW5hbHl0aWNzIiwic3ViIjoiOWI5ZDJjODg3ZTI1MjRmOTE4ZTM4M2E4OTVmMmYxYzIiLCJ1bmlxdWVEaXNwbGF5TmFtZSI6IlJldml2ZXIjMDAwMSIsInVuaXF1ZV9kaXNwbGF5X25hbWUiOiJSZXZpdmVyIzAwMDEifQ.fv8xRcCKsGH-kO-Yy5UkjIPChaqt0XYnodWf6hdS9uvwgLBx_Gpa6LtecHNO-sBxhNPFiTKP9dX9Vt7yMu-Z2L8x2NIYZSvJXh40Ti4JY4OCIKzNCZ-YroW2-mPGnTu0jObkHPxrOs8nMbQ1S2Hi3HfrJfBHW0DD2Mm_lj8eplsA1NBAf-F9J2DlvHPr9kizT9wglS9ihvwZNO1BzZRUmktpPOIJ9CVv6co8pPXv-Wflq_6jaSTwOMwqVFHrCD8lO4aYOVGBrPvv5hex5JJgstKYqepEYKv8fxQNbyzSoWGDQOqnxcv5hsjkdXZI29YJnzEWQdRhUjt3Y6Bxnjgp-A
    User-Agent: Loki/UE5-CL-0 (http-legacy) Windows/10.0.19045.1.256.64bit
    Accept: */*

#3193 22:14:31.339  GET /revival/loadout
    -> 200  (0s)
    User-Agent: supervive-loadout-shim

#3194 22:14:31.606  GET /revival/loadout
    -> 200  (0s)
    User-Agent: supervive-loadout-shim

#3195 22:14:31.886  GET /revival/loadout
    -> 200  (0s)
    User-Agent: supervive-loadout-shim

#3196 22:14:32.189  GET /revival/loadout
    -> 200  (0s)
    User-Agent: supervive-loadout-shim

#3197 22:14:32.452  GET /revival/loadout
    -> 200  (0s)
    User-Agent: supervive-loadout-shim

#3198 22:14:32.753  GET /revival/loadout
    -> 200  (0s)
    User-Agent: supervive-loadout-shim

#3199 22:14:33.053  GET /revival/loadout
    -> 200  (0s)
    User-Agent: supervive-loadout-shim

#3200 22:14:33.311  GET /revival/loadout
    -> 200  (0s)
    User-Agent: supervive-loadout-shim

#3201 22:14:33.635  GET /revival/loadout
    -> 200  (0s)
    User-Agent: supervive-loadout-shim

#3202 22:14:33.927  GET /revival/loadout
    -> 200  (0s)
    User-Agent: supervive-loadout-shim

#3203 22:14:34.302  GET /revival/loadout
    -> 200  (0s)
    User-Agent: supervive-loadout-shim

#3204 22:14:34.594  GET /revival/loadout
    -> 200  (0s)
    User-Agent: supervive-loadout-shim

#3205 22:14:34.941  GET /revival/loadout
    -> 200  (0s)
    User-Agent: supervive-loadout-shim

#3206 22:14:35.123  GET /mailbox/config/version
    -> 200  (0s)
    Accept: */*
    X-Theorycraft-Clientversion: release2.4.live-156430-shipping
    Authorization: Bearer eyJhbGciOiJSUzI1NiIsImtpZCI6InN1cGVydml2ZS1yZXZpdmFsLWtleS0xIiwidHlwIjoiSldUIn0.eyJiYW5zIjpbXSwiY2xpZW50X2lkIjoiYmE4ZmI1OWEzNGJiNDgxYWJjYTA4YzQ2YmE0ODgwMjUiLCJjb3VudHJ5IjoiVVMiLCJkaXNwbGF5X25hbWUiOiJSZXZpdmVyIiwiZXhwIjoxNzg2OTI5MjgzLCJpYXQiOjE3ODY4NDI4ODMsImlzX2NvbXBseSI6dHJ1ZSwiamZsZ3MiOjAsIm5hbWVzcGFjZSI6InN1cGVydml2ZSIsIm5iZiI6MTc4Njg0MjgyMywicGVybWlzc2lvbnMiOlt7IkFjdGlvbiI6MTUsIlJlc291cmNlIjoiTkFNRVNQQUNFOnN1cGVydml2ZToqIn0seyJBY3Rpb24iOjE1LCJSZXNvdXJjZSI6IkFETUlOOk5BTUVTUEFDRTpzdXBlcnZpdmU6KiJ9XSwicm9sZXMiOltdLCJzY29wZSI6ImNvbW1lcmNlIGFjY291bnQgc29jaWFsIHB1Ymxpc2hpbmcgYW5hbHl0aWNzIiwic3ViIjoiOWI5ZDJjODg3ZTI1MjRmOTE4ZTM4M2E4OTVmMmYxYzIiLCJ1bmlxdWVEaXNwbGF5TmFtZSI6IlJldml2ZXIjMDAwMSIsInVuaXF1ZV9kaXNwbGF5X25hbWUiOiJSZXZpdmVyIzAwMDEifQ.fv8xRcCKsGH-kO-Yy5UkjIPChaqt0XYnodWf6hdS9uvwgLBx_Gpa6LtecHNO-sBxhNPFiTKP9dX9Vt7yMu-Z2L8x2NIYZSvJXh40Ti4JY4OCIKzNCZ-YroW2-mPGnTu0jObkHPxrOs8nMbQ1S2Hi3HfrJfBHW0DD2Mm_lj8eplsA1NBAf-F9J2DlvHPr9kizT9wglS9ihvwZNO1BzZRUmktpPOIJ9CVv6co8pPXv-Wflq_6jaSTwOMwqVFHrCD8lO4aYOVGBrPvv5hex5JJgstKYqepEYKv8fxQNbyzSoWGDQOqnxcv5hsjkdXZI29YJnzEWQdRhUjt3Y6Bxnjgp-A
    User-Agent: Loki/UE5-CL-0 (http-legacy) Windows/10.0.19045.1.256.64bit

#3207 22:14:35.123  GET /party/matchmaking/info
    -> 200  (0s)
    Accept: */*
    X-Theorycraft-Clientversion: release2.4.live-156430-shipping
    Authorization: Bearer eyJhbGciOiJSUzI1NiIsImtpZCI6InN1cGVydml2ZS1yZXZpdmFsLWtleS0xIiwidHlwIjoiSldUIn0.eyJiYW5zIjpbXSwiY2xpZW50X2lkIjoiYmE4ZmI1OWEzNGJiNDgxYWJjYTA4YzQ2YmE0ODgwMjUiLCJjb3VudHJ5IjoiVVMiLCJkaXNwbGF5X25hbWUiOiJSZXZpdmVyIiwiZXhwIjoxNzg2OTI5MjgzLCJpYXQiOjE3ODY4NDI4ODMsImlzX2NvbXBseSI6dHJ1ZSwiamZsZ3MiOjAsIm5hbWVzcGFjZSI6InN1cGVydml2ZSIsIm5iZiI6MTc4Njg0MjgyMywicGVybWlzc2lvbnMiOlt7IkFjdGlvbiI6MTUsIlJlc291cmNlIjoiTkFNRVNQQUNFOnN1cGVydml2ZToqIn0seyJBY3Rpb24iOjE1LCJSZXNvdXJjZSI6IkFETUlOOk5BTUVTUEFDRTpzdXBlcnZpdmU6KiJ9XSwicm9sZXMiOltdLCJzY29wZSI6ImNvbW1lcmNlIGFjY291bnQgc29jaWFsIHB1Ymxpc2hpbmcgYW5hbHl0aWNzIiwic3ViIjoiOWI5ZDJjODg3ZTI1MjRmOTE4ZTM4M2E4OTVmMmYxYzIiLCJ1bmlxdWVEaXNwbGF5TmFtZSI6IlJldml2ZXIjMDAwMSIsInVuaXF1ZV9kaXNwbGF5X25hbWUiOiJSZXZpdmVyIzAwMDEifQ.fv8xRcCKsGH-kO-Yy5UkjIPChaqt0XYnodWf6hdS9uvwgLBx_Gpa6LtecHNO-sBxhNPFiTKP9dX9Vt7yMu-Z2L8x2NIYZSvJXh40Ti4JY4OCIKzNCZ-YroW2-mPGnTu0jObkHPxrOs8nMbQ1S2Hi3HfrJfBHW0DD2Mm_lj8eplsA1NBAf-F9J2DlvHPr9kizT9wglS9ihvwZNO1BzZRUmktpPOIJ9CVv6co8pPXv-Wflq_6jaSTwOMwqVFHrCD8lO4aYOVGBrPvv5hex5JJgstKYqepEYKv8fxQNbyzSoWGDQOqnxcv5hsjkdXZI29YJnzEWQdRhUjt3Y6Bxnjgp-A
    User-Agent: Loki/UE5-CL-0 (http-legacy) Windows/10.0.19045.1.256.64bit

#3208 22:14:35.227  GET /revival/loadout
    -> 200  (0s)
    User-Agent: supervive-loadout-shim

#3209 22:14:35.748  GET /revival/loadout
    -> 200  (0s)
    User-Agent: supervive-loadout-shim

#3210 22:14:36.073  GET /revival/loadout
    -> 200  (0s)
    User-Agent: supervive-loadout-shim

#3211 22:14:36.400  GET /revival/loadout
    -> 200  (0s)
    User-Agent: supervive-loadout-shim

#3212 22:14:36.663  GET /revival/loadout
    -> 200  (0s)
    User-Agent: supervive-loadout-shim

#3214 22:14:36.859  GET /content-service/manifest/release2.4.live-156430-shipping?nonEnabledOnly=true
    -> 200  (0s)
    User-Agent: Loki/UE5-CL-0 (http-legacy) Windows/10.0.19045.1.256.64bit
    Accept: */*
    X-Theorycraft-Clientversion: release2.4.live-156430-shipping
    Authorization: Bearer eyJhbGciOiJSUzI1NiIsImtpZCI6InN1cGVydml2ZS1yZXZpdmFsLWtleS0xIiwidHlwIjoiSldUIn0.eyJiYW5zIjpbXSwiY2xpZW50X2lkIjoiYmE4ZmI1OWEzNGJiNDgxYWJjYTA4YzQ2YmE0ODgwMjUiLCJjb3VudHJ5IjoiVVMiLCJkaXNwbGF5X25hbWUiOiJSZXZpdmVyIiwiZXhwIjoxNzg2OTI5MjgzLCJpYXQiOjE3ODY4NDI4ODMsImlzX2NvbXBseSI6dHJ1ZSwiamZsZ3MiOjAsIm5hbWVzcGFjZSI6InN1cGVydml2ZSIsIm5iZiI6MTc4Njg0MjgyMywicGVybWlzc2lvbnMiOlt7IkFjdGlvbiI6MTUsIlJlc291cmNlIjoiTkFNRVNQQUNFOnN1cGVydml2ZToqIn0seyJBY3Rpb24iOjE1LCJSZXNvdXJjZSI6IkFETUlOOk5BTUVTUEFDRTpzdXBlcnZpdmU6KiJ9XSwicm9sZXMiOltdLCJzY29wZSI6ImNvbW1lcmNlIGFjY291bnQgc29jaWFsIHB1Ymxpc2hpbmcgYW5hbHl0aWNzIiwic3ViIjoiOWI5ZDJjODg3ZTI1MjRmOTE4ZTM4M2E4OTVmMmYxYzIiLCJ1bmlxdWVEaXNwbGF5TmFtZSI6IlJldml2ZXIjMDAwMSIsInVuaXF1ZV9kaXNwbGF5X25hbWUiOiJSZXZpdmVyIzAwMDEifQ.fv8xRcCKsGH-kO-Yy5UkjIPChaqt0XYnodWf6hdS9uvwgLBx_Gpa6LtecHNO-sBxhNPFiTKP9dX9Vt7yMu-Z2L8x2NIYZSvJXh40Ti4JY4OCIKzNCZ-YroW2-mPGnTu0jObkHPxrOs8nMbQ1S2Hi3HfrJfBHW0DD2Mm_lj8eplsA1NBAf-F9J2DlvHPr9kizT9wglS9ihvwZNO1BzZRUmktpPOIJ9CVv6co8pPXv-Wflq_6jaSTwOMwqVFHrCD8lO4aYOVGBrPvv5hex5JJgstKYqepEYKv8fxQNbyzSoWGDQOqnxcv5hsjkdXZI29YJnzEWQdRhUjt3Y6Bxnjgp-A

#3213 22:14:36.804  GET /configuration/client?language=en
    -> 200  (0s)
    X-Theorycraft-Clientversion: release2.4.live-156430-shipping
    Authorization: Bearer eyJhbGciOiJSUzI1NiIsImtpZCI6InN1cGVydml2ZS1yZXZpdmFsLWtleS0xIiwidHlwIjoiSldUIn0.eyJiYW5zIjpbXSwiY2xpZW50X2lkIjoiYmE4ZmI1OWEzNGJiNDgxYWJjYTA4YzQ2YmE0ODgwMjUiLCJjb3VudHJ5IjoiVVMiLCJkaXNwbGF5X25hbWUiOiJSZXZpdmVyIiwiZXhwIjoxNzg2OTI5MjgzLCJpYXQiOjE3ODY4NDI4ODMsImlzX2NvbXBseSI6dHJ1ZSwiamZsZ3MiOjAsIm5hbWVzcGFjZSI6InN1cGVydml2ZSIsIm5iZiI6MTc4Njg0MjgyMywicGVybWlzc2lvbnMiOlt7IkFjdGlvbiI6MTUsIlJlc291cmNlIjoiTkFNRVNQQUNFOnN1cGVydml2ZToqIn0seyJBY3Rpb24iOjE1LCJSZXNvdXJjZSI6IkFETUlOOk5BTUVTUEFDRTpzdXBlcnZpdmU6KiJ9XSwicm9sZXMiOltdLCJzY29wZSI6ImNvbW1lcmNlIGFjY291bnQgc29jaWFsIHB1Ymxpc2hpbmcgYW5hbHl0aWNzIiwic3ViIjoiOWI5ZDJjODg3ZTI1MjRmOTE4ZTM4M2E4OTVmMmYxYzIiLCJ1bmlxdWVEaXNwbGF5TmFtZSI6IlJldml2ZXIjMDAwMSIsInVuaXF1ZV9kaXNwbGF5X25hbWUiOiJSZXZpdmVyIzAwMDEifQ.fv8xRcCKsGH-kO-Yy5UkjIPChaqt0XYnodWf6hdS9uvwgLBx_Gpa6LtecHNO-sBxhNPFiTKP9dX9Vt7yMu-Z2L8x2NIYZSvJXh40Ti4JY4OCIKzNCZ-YroW2-mPGnTu0jObkHPxrOs8nMbQ1S2Hi3HfrJfBHW0DD2Mm_lj8eplsA1NBAf-F9J2DlvHPr9kizT9wglS9ihvwZNO1BzZRUmktpPOIJ9CVv6co8pPXv-Wflq_6jaSTwOMwqVFHrCD8lO4aYOVGBrPvv5hex5JJgstKYqepEYKv8fxQNbyzSoWGDQOqnxcv5hsjkdXZI29YJnzEWQdRhUjt3Y6Bxnjgp-A
    Accept: */*
    User-Agent: Loki/UE5-CL-0 (http-legacy) Windows/10.0.19045.1.256.64bit

* 22:14:37.004  WS <- /lobby TEXT ""

#3215 22:14:37.072  GET /revival/loadout
    -> 200  (0s)
    User-Agent: supervive-loadout-shim

#3216 22:14:37.554  GET /revival/loadout
    -> 200  (0s)
    User-Agent: supervive-loadout-shim

#3217 22:14:37.939  GET /revival/loadout
    -> 200  (0s)
    User-Agent: supervive-loadout-shim

#3218 22:14:38.300  GET /revival/loadout
    -> 200  (0s)
    User-Agent: supervive-loadout-shim

#3219 22:14:38.554  GET /revival/loadout
    -> 200  (0s)
    User-Agent: supervive-loadout-shim

#3220 22:14:38.906  GET /revival/loadout
    -> 200  (0s)
    User-Agent: supervive-loadout-shim

#3221 22:14:39.280  GET /revival/loadout
    -> 200  (0s)
    User-Agent: supervive-loadout-shim

#3222 22:14:39.860  GET /revival/loadout
    -> 200  (0s)
    User-Agent: supervive-loadout-shim

* 22:14:40.044  WS -> /notifications/players/9b9d2c887e2524f918e383a895f2f1c2 BINARY hb (proactive 30s keepalive)

#3223 22:14:40.280  GET /revival/loadout
    -> 200  (0s)
    User-Agent: supervive-loadout-shim

#3224 22:14:40.522  GET /revival/loadout
    -> 200  (0s)
    User-Agent: supervive-loadout-shim

#3225 22:14:40.938  GET /revival/loadout
    -> 200  (0s)
    User-Agent: supervive-loadout-shim

#3226 22:14:41.279  GET /revival/loadout
    -> 200  (0s)
    User-Agent: supervive-loadout-shim

#3227 22:14:41.682  POST /game-telemetry/v1/protected/events
    -> 200  (0s)
    Game-Client-Version: 1.0.0.0
    User-Agent: Loki/UE5-CL-0 (http-legacy) Windows/10.0.19045.1.256.64bit
    Content-Type: application/json
    Accept: application/json
    Authorization: Bearer eyJhbGciOiJSUzI1NiIsImtpZCI6InN1cGVydml2ZS1yZXZpdmFsLWtleS0xIiwidHlwIjoiSldUIn0.eyJiYW5zIjpbXSwiY2xpZW50X2lkIjoiYmE4ZmI1OWEzNGJiNDgxYWJjYTA4YzQ2YmE0ODgwMjUiLCJjb3VudHJ5IjoiVVMiLCJkaXNwbGF5X25hbWUiOiJSZXZpdmVyIiwiZXhwIjoxNzg2OTI5MjgzLCJpYXQiOjE3ODY4NDI4ODMsImlzX2NvbXBseSI6dHJ1ZSwiamZsZ3MiOjAsIm5hbWVzcGFjZSI6InN1cGVydml2ZSIsIm5iZiI6MTc4Njg0MjgyMywicGVybWlzc2lvbnMiOlt7IkFjdGlvbiI6MTUsIlJlc291cmNlIjoiTkFNRVNQQUNFOnN1cGVydml2ZToqIn0seyJBY3Rpb24iOjE1LCJSZXNvdXJjZSI6IkFETUlOOk5BTUVTUEFDRTpzdXBlcnZpdmU6KiJ9XSwicm9sZXMiOltdLCJzY29wZSI6ImNvbW1lcmNlIGFjY291bnQgc29jaWFsIHB1Ymxpc2hpbmcgYW5hbHl0aWNzIiwic3ViIjoiOWI5ZDJjODg3ZTI1MjRmOTE4ZTM4M2E4OTVmMmYxYzIiLCJ1bmlxdWVEaXNwbGF5TmFtZSI6IlJldml2ZXIjMDAwMSIsInVuaXF1ZV9kaXNwbGF5X25hbWUiOiJSZXZpdmVyIzAwMDEifQ.fv8xRcCKsGH-kO-Yy5UkjIPChaqt0XYnodWf6hdS9uvwgLBx_Gpa6LtecHNO-sBxhNPFiTKP9dX9Vt7yMu-Z2L8x2NIYZSvJXh40Ti4JY4OCIKzNCZ-YroW2-mPGnTu0jObkHPxrOs8nMbQ1S2Hi3HfrJfBHW0DD2Mm_lj8eplsA1NBAf-F9J2DlvHPr9kizT9wglS9ihvwZNO1BzZRUmktpPOIJ9CVv6co8pPXv-Wflq_6jaSTwOMwqVFHrCD8lO4aYOVGBrPvv5hex5JJgstKYqepEYKv8fxQNbyzSoWGDQOqnxcv5hsjkdXZI29YJnzEWQdRhUjt3Y6Bxnjgp-A
    body: [
	{
		"EventNamespace": "loki",
		"EventName": "client_network_samples_snapshot",
		"Payload":
		{
			"sessionId": "96103a7341a019677b2c239ad381e488",
			"PlayerId": "9b9d2c887e2524f918e383a895f2f1c2",
			"timestamp": "2026-08-16T03:13:48.139Z",
			"inAveragePacketLoss": 0,
			"outAveragePacketLoss": 0,
			"HardwareId": "c1795a173f53c6f72e8b0125f11309c6"
		},
		"ClientTimestamp": "2026-08-16T03:14:40.270Z",
		"flightId": "fe0275c749fce947c3902a860f491a1d",
		"DeviceType": "Windows"
	}
]

#3228 22:14:41.720  GET /revival/loadout
    -> 200  (0s)
    User-Agent: supervive-loadout-shim

#3229 22:14:42.229  GET /revival/loadout
    -> 200  (0s)
    User-Agent: supervive-loadout-shim

#3230 22:14:42.663  GET /revival/loadout
    -> 200  (0s)
    User-Agent: supervive-loadout-shim

#3231 22:14:43.098  GET /revival/loadout
    -> 200  (0s)
    User-Agent: supervive-loadout-shim

#3232 22:14:43.545  GET /revival/loadout
    -> 200  (0s)
    User-Agent: supervive-loadout-shim

#3233 22:14:43.820  GET /revival/loadout
    -> 200  (0s)
    User-Agent: supervive-loadout-shim

#3234 22:14:44.279  GET /revival/loadout
    -> 200  (0s)
    User-Agent: supervive-loadout-shim

#3235 22:14:44.549  GET /revival/loadout
    -> 200  (0s)
    User-Agent: supervive-loadout-shim

#3236 22:14:44.969  GET /revival/loadout
    -> 200  (0s)
    User-Agent: supervive-loadout-shim

#3237 22:14:45.169  GET /revival/loadout
    -> 200  (0s)
    User-Agent: supervive-loadout-shim

#3238 22:14:45.665  GET /revival/loadout
    -> 200  (0s)
    User-Agent: supervive-loadout-shim

#3239 22:14:45.912  GET /revival/loadout
    -> 200  (0s)
    User-Agent: supervive-loadout-shim

#3240 22:14:46.358  GET /revival/loadout
    -> 200  (0s)
    User-Agent: supervive-loadout-shim

#3241 22:14:46.817  GET /revival/loadout
    -> 200  (0s)
    User-Agent: supervive-loadout-shim

#3242 22:14:47.044  GET /revival/loadout
    -> 200  (0s)
    User-Agent: supervive-loadout-shim

#3243 22:14:47.258  GET /revival/loadout
    -> 200  (0s)
    User-Agent: supervive-loadout-shim

#3244 22:14:47.379  POST /party/parties/party-9b9d2c887e2524f918e383a895f2f1c2/members/9b9d2c887e2524f918e383a895f2f1c2/latencies
    -> 200  (0s)
    Authorization: Bearer eyJhbGciOiJSUzI1NiIsImtpZCI6InN1cGVydml2ZS1yZXZpdmFsLWtleS0xIiwidHlwIjoiSldUIn0.eyJiYW5zIjpbXSwiY2xpZW50X2lkIjoiYmE4ZmI1OWEzNGJiNDgxYWJjYTA4YzQ2YmE0ODgwMjUiLCJjb3VudHJ5IjoiVVMiLCJkaXNwbGF5X25hbWUiOiJSZXZpdmVyIiwiZXhwIjoxNzg2OTI5MjgzLCJpYXQiOjE3ODY4NDI4ODMsImlzX2NvbXBseSI6dHJ1ZSwiamZsZ3MiOjAsIm5hbWVzcGFjZSI6InN1cGVydml2ZSIsIm5iZiI6MTc4Njg0MjgyMywicGVybWlzc2lvbnMiOlt7IkFjdGlvbiI6MTUsIlJlc291cmNlIjoiTkFNRVNQQUNFOnN1cGVydml2ZToqIn0seyJBY3Rpb24iOjE1LCJSZXNvdXJjZSI6IkFETUlOOk5BTUVTUEFDRTpzdXBlcnZpdmU6KiJ9XSwicm9sZXMiOltdLCJzY29wZSI6ImNvbW1lcmNlIGFjY291bnQgc29jaWFsIHB1Ymxpc2hpbmcgYW5hbHl0aWNzIiwic3ViIjoiOWI5ZDJjODg3ZTI1MjRmOTE4ZTM4M2E4OTVmMmYxYzIiLCJ1bmlxdWVEaXNwbGF5TmFtZSI6IlJldml2ZXIjMDAwMSIsInVuaXF1ZV9kaXNwbGF5X25hbWUiOiJSZXZpdmVyIzAwMDEifQ.fv8xRcCKsGH-kO-Yy5UkjIPChaqt0XYnodWf6hdS9uvwgLBx_Gpa6LtecHNO-sBxhNPFiTKP9dX9Vt7yMu-Z2L8x2NIYZSvJXh40Ti4JY4OCIKzNCZ-YroW2-mPGnTu0jObkHPxrOs8nMbQ1S2Hi3HfrJfBHW0DD2Mm_lj8eplsA1NBAf-F9J2DlvHPr9kizT9wglS9ihvwZNO1BzZRUmktpPOIJ9CVv6co8pPXv-Wflq_6jaSTwOMwqVFHrCD8lO4aYOVGBrPvv5hex5JJgstKYqepEYKv8fxQNbyzSoWGDQOqnxcv5hsjkdXZI29YJnzEWQdRhUjt3Y6Bxnjgp-A
    Content-Type: application/json
    User-Agent: Loki/UE5-CL-0 (http-legacy) Windows/10.0.19045.1.256.64bit
    Accept: */*
    X-Theorycraft-Clientversion: release2.4.live-156430-shipping
    body: {"latencies":[{"host":"127.0.0.1","region":"us-east-1","route":"default","avgLatency":1}]}

#3245 22:14:47.462  GET /revival/loadout
    -> 200  (0s)
    User-Agent: supervive-loadout-shim

#3246 22:14:47.669  GET /revival/loadout
    -> 200  (0s)
    User-Agent: supervive-loadout-shim

#3247 22:14:47.877  GET /revival/loadout
    -> 200  (0s)
    User-Agent: supervive-loadout-shim

#3248 22:14:48.078  GET /revival/loadout
    -> 200  (0s)
    User-Agent: supervive-loadout-shim

#3249 22:14:48.293  GET /revival/loadout
    -> 200  (0s)
    User-Agent: supervive-loadout-shim

#3250 22:14:48.519  GET /revival/loadout
    -> 200  (0s)
    User-Agent: supervive-loadout-shim

#3251 22:14:48.759  GET /revival/loadout
    -> 200  (0s)
    User-Agent: supervive-loadout-shim

#3252 22:14:49.002  GET /revival/loadout
    -> 200  (0s)
    User-Agent: supervive-loadout-shim

#3253 22:14:49.259  GET /revival/loadout
    -> 200  (0s)
    User-Agent: supervive-loadout-shim

#3254 22:14:49.504  GET /revival/loadout
    -> 200  (0s)
    User-Agent: supervive-loadout-shim

#3255 22:14:49.735  GET /revival/loadout
    -> 200  (0s)
    User-Agent: supervive-loadout-shim

#3256 22:14:50.211  GET /revival/loadout
    -> 200  (0s)
    User-Agent: supervive-loadout-shim

#3257 22:14:50.440  GET /revival/loadout
    -> 200  (0s)
    User-Agent: supervive-loadout-shim

#3258 22:14:50.672  GET /revival/loadout
    -> 200  (0s)
    User-Agent: supervive-loadout-shim

#3259 22:14:50.901  GET /revival/loadout
    -> 200  (0s)
    User-Agent: supervive-loadout-shim

#3260 22:14:51.116  GET /revival/loadout
    -> 200  (0s)
    User-Agent: supervive-loadout-shim

#3261 22:14:51.334  GET /revival/loadout
    -> 200  (0s)
    User-Agent: supervive-loadout-shim

#3262 22:14:51.551  GET /revival/loadout
    -> 200  (0s)
    User-Agent: supervive-loadout-shim

#3263 22:14:51.783  GET /revival/loadout
    -> 200  (0s)
    User-Agent: supervive-loadout-shim

#3264 22:14:52.013  GET /revival/loadout
    -> 200  (0s)
    User-Agent: supervive-loadout-shim

#3265 22:14:52.225  GET /revival/loadout
    -> 200  (0s)
    User-Agent: supervive-loadout-shim

#3266 22:14:52.447  GET /revival/loadout
    -> 200  (0s)
    User-Agent: supervive-loadout-shim

#3267 22:14:52.725  GET /revival/loadout
    -> 200  (0s)
    User-Agent: supervive-loadout-shim

#3268 22:14:52.949  GET /revival/loadout
    -> 200  (0s)
    User-Agent: supervive-loadout-shim

#3269 22:14:53.174  GET /revival/loadout
    -> 200  (0s)
    User-Agent: supervive-loadout-shim

#3270 22:14:53.650  GET /revival/loadout
    -> 200  (0s)
    User-Agent: supervive-loadout-shim

#3271 22:14:54.235  GET /revival/loadout
    -> 200  (0s)
    User-Agent: supervive-loadout-shim

#3272 22:14:54.481  GET /revival/loadout
    -> 200  (0s)
    User-Agent: supervive-loadout-shim

#3273 22:14:54.799  GET /revival/loadout
    -> 200  (0s)
    User-Agent: supervive-loadout-shim

#3274 22:14:55.024  GET /revival/loadout
    -> 200  (1ms)
    User-Agent: supervive-loadout-shim

#3275 22:14:55.248  GET /revival/loadout
    -> 200  (0s)
    User-Agent: supervive-loadout-shim

#3276 22:14:55.468  GET /revival/loadout
    -> 200  (0s)
    User-Agent: supervive-loadout-shim

#3277 22:14:55.841  GET /revival/loadout
    -> 200  (0s)
    User-Agent: supervive-loadout-shim

#3278 22:14:56.096  GET /revival/loadout
    -> 200  (0s)
    User-Agent: supervive-loadout-shim

#3279 22:14:56.353  GET /revival/loadout
    -> 200  (0s)
    User-Agent: supervive-loadout-shim

#3280 22:14:56.616  GET /revival/loadout
    -> 200  (0s)
    User-Agent: supervive-loadout-shim

#3281 22:14:56.913  GET /revival/loadout
    -> 200  (0s)
    User-Agent: supervive-loadout-shim

#3282 22:14:57.143  GET /revival/loadout
    -> 200  (0s)
    User-Agent: supervive-loadout-shim

#3283 22:14:57.442  GET /revival/loadout
    -> 200  (0s)
    User-Agent: supervive-loadout-shim

#3284 22:14:57.648  GET /revival/loadout
    -> 200  (0s)
    User-Agent: supervive-loadout-shim

#3285 22:14:57.890  GET /revival/loadout
    -> 200  (0s)
    User-Agent: supervive-loadout-shim

#3286 22:14:58.083  GET /revival/loadout
    -> 200  (0s)
    User-Agent: supervive-loadout-shim

#3287 22:14:58.373  GET /revival/loadout
    -> 200  (0s)
    User-Agent: supervive-loadout-shim

#3288 22:14:58.655  GET /revival/loadout
    -> 200  (0s)
    User-Agent: supervive-loadout-shim

#3289 22:14:58.876  GET /revival/loadout
    -> 200  (0s)
    User-Agent: supervive-loadout-shim

#3290 22:14:59.114  GET /revival/loadout
    -> 200  (0s)
    User-Agent: supervive-loadout-shim

#3291 22:14:59.356  GET /revival/loadout
    -> 200  (0s)
    User-Agent: supervive-loadout-shim

#3292 22:14:59.588  GET /revival/loadout
    -> 200  (0s)
    User-Agent: supervive-loadout-shim

#3293 22:14:59.847  GET /revival/loadout
    -> 200  (0s)
    User-Agent: supervive-loadout-shim

#3294 22:15:00.123  GET /revival/loadout
    -> 200  (0s)
    User-Agent: supervive-loadout-shim

#3295 22:15:01.018  GET /revival/loadout
    -> 200  (0s)
    User-Agent: supervive-loadout-shim

#3296 22:15:01.272  GET /revival/loadout
    -> 200  (0s)
    User-Agent: supervive-loadout-shim

#3297 22:15:01.539  GET /revival/loadout
    -> 200  (0s)
    User-Agent: supervive-loadout-shim

#3298 22:15:01.802  GET /revival/loadout
    -> 200  (0s)
    User-Agent: supervive-loadout-shim

#3299 22:15:02.058  GET /revival/loadout
    -> 200  (1ms)
    User-Agent: supervive-loadout-shim

#3300 22:15:02.358  GET /revival/loadout
    -> 200  (0s)
    User-Agent: supervive-loadout-shim

#3301 22:15:02.443  GET /party/players/9b9d2c887e2524f918e383a895f2f1c2/voice
    -> 200  (0s)
    Accept: */*
    X-Theorycraft-Clientversion: release2.4.live-156430-shipping
    Authorization: Bearer eyJhbGciOiJSUzI1NiIsImtpZCI6InN1cGVydml2ZS1yZXZpdmFsLWtleS0xIiwidHlwIjoiSldUIn0.eyJiYW5zIjpbXSwiY2xpZW50X2lkIjoiYmE4ZmI1OWEzNGJiNDgxYWJjYTA4YzQ2YmE0ODgwMjUiLCJjb3VudHJ5IjoiVVMiLCJkaXNwbGF5X25hbWUiOiJSZXZpdmVyIiwiZXhwIjoxNzg2OTI5MjgzLCJpYXQiOjE3ODY4NDI4ODMsImlzX2NvbXBseSI6dHJ1ZSwiamZsZ3MiOjAsIm5hbWVzcGFjZSI6InN1cGVydml2ZSIsIm5iZiI6MTc4Njg0MjgyMywicGVybWlzc2lvbnMiOlt7IkFjdGlvbiI6MTUsIlJlc291cmNlIjoiTkFNRVNQQUNFOnN1cGVydml2ZToqIn0seyJBY3Rpb24iOjE1LCJSZXNvdXJjZSI6IkFETUlOOk5BTUVTUEFDRTpzdXBlcnZpdmU6KiJ9XSwicm9sZXMiOltdLCJzY29wZSI6ImNvbW1lcmNlIGFjY291bnQgc29jaWFsIHB1Ymxpc2hpbmcgYW5hbHl0aWNzIiwic3ViIjoiOWI5ZDJjODg3ZTI1MjRmOTE4ZTM4M2E4OTVmMmYxYzIiLCJ1bmlxdWVEaXNwbGF5TmFtZSI6IlJldml2ZXIjMDAwMSIsInVuaXF1ZV9kaXNwbGF5X25hbWUiOiJSZXZpdmVyIzAwMDEifQ.fv8xRcCKsGH-kO-Yy5UkjIPChaqt0XYnodWf6hdS9uvwgLBx_Gpa6LtecHNO-sBxhNPFiTKP9dX9Vt7yMu-Z2L8x2NIYZSvJXh40Ti4JY4OCIKzNCZ-YroW2-mPGnTu0jObkHPxrOs8nMbQ1S2Hi3HfrJfBHW0DD2Mm_lj8eplsA1NBAf-F9J2DlvHPr9kizT9wglS9ihvwZNO1BzZRUmktpPOIJ9CVv6co8pPXv-Wflq_6jaSTwOMwqVFHrCD8lO4aYOVGBrPvv5hex5JJgstKYqepEYKv8fxQNbyzSoWGDQOqnxcv5hsjkdXZI29YJnzEWQdRhUjt3Y6Bxnjgp-A
    User-Agent: Loki/UE5-CL-0 (http-legacy) Windows/10.0.19045.1.256.64bit

#3302 22:15:02.594  GET /revival/loadout
    -> 200  (0s)
    User-Agent: supervive-loadout-shim

#3303 22:15:02.813  GET /revival/loadout
    -> 200  (0s)
    User-Agent: supervive-loadout-shim

#3304 22:15:03.063  GET /revival/loadout
    -> 200  (0s)
    User-Agent: supervive-loadout-shim

#3305 22:15:03.312  GET /revival/loadout
    -> 200  (0s)
    User-Agent: supervive-loadout-shim

* 22:15:05.103  WS <- /notifications/players/9b9d2c887e2524f918e383a895f2f1c2 BINARY (2 bytes) 6862

#3306 22:15:05.113  GET /core-game/regions
    -> 200  (0s)
    Authorization: Bearer eyJhbGciOiJSUzI1NiIsImtpZCI6InN1cGVydml2ZS1yZXZpdmFsLWtleS0xIiwidHlwIjoiSldUIn0.eyJiYW5zIjpbXSwiY2xpZW50X2lkIjoiYmE4ZmI1OWEzNGJiNDgxYWJjYTA4YzQ2YmE0ODgwMjUiLCJjb3VudHJ5IjoiVVMiLCJkaXNwbGF5X25hbWUiOiJSZXZpdmVyIiwiZXhwIjoxNzg2OTI5MjgzLCJpYXQiOjE3ODY4NDI4ODMsImlzX2NvbXBseSI6dHJ1ZSwiamZsZ3MiOjAsIm5hbWVzcGFjZSI6InN1cGVydml2ZSIsIm5iZiI6MTc4Njg0MjgyMywicGVybWlzc2lvbnMiOlt7IkFjdGlvbiI6MTUsIlJlc291cmNlIjoiTkFNRVNQQUNFOnN1cGVydml2ZToqIn0seyJBY3Rpb24iOjE1LCJSZXNvdXJjZSI6IkFETUlOOk5BTUVTUEFDRTpzdXBlcnZpdmU6KiJ9XSwicm9sZXMiOltdLCJzY29wZSI6ImNvbW1lcmNlIGFjY291bnQgc29jaWFsIHB1Ymxpc2hpbmcgYW5hbHl0aWNzIiwic3ViIjoiOWI5ZDJjODg3ZTI1MjRmOTE4ZTM4M2E4OTVmMmYxYzIiLCJ1bmlxdWVEaXNwbGF5TmFtZSI6IlJldml2ZXIjMDAwMSIsInVuaXF1ZV9kaXNwbGF5X25hbWUiOiJSZXZpdmVyIzAwMDEifQ.fv8xRcCKsGH-kO-Yy5UkjIPChaqt0XYnodWf6hdS9uvwgLBx_Gpa6LtecHNO-sBxhNPFiTKP9dX9Vt7yMu-Z2L8x2NIYZSvJXh40Ti4JY4OCIKzNCZ-YroW2-mPGnTu0jObkHPxrOs8nMbQ1S2Hi3HfrJfBHW0DD2Mm_lj8eplsA1NBAf-F9J2DlvHPr9kizT9wglS9ihvwZNO1BzZRUmktpPOIJ9CVv6co8pPXv-Wflq_6jaSTwOMwqVFHrCD8lO4aYOVGBrPvv5hex5JJgstKYqepEYKv8fxQNbyzSoWGDQOqnxcv5hsjkdXZI29YJnzEWQdRhUjt3Y6Bxnjgp-A
    User-Agent: Loki/UE5-CL-0 (http-legacy) Windows/10.0.19045.1.256.64bit
    Accept: */*
    X-Theorycraft-Clientversion: release2.4.live-156430-shipping

#3307 22:15:05.113  GET /party/matchmaking/info
    -> 200  (0s)
    X-Theorycraft-Clientversion: release2.4.live-156430-shipping
    Authorization: Bearer eyJhbGciOiJSUzI1NiIsImtpZCI6InN1cGVydml2ZS1yZXZpdmFsLWtleS0xIiwidHlwIjoiSldUIn0.eyJiYW5zIjpbXSwiY2xpZW50X2lkIjoiYmE4ZmI1OWEzNGJiNDgxYWJjYTA4YzQ2YmE0ODgwMjUiLCJjb3VudHJ5IjoiVVMiLCJkaXNwbGF5X25hbWUiOiJSZXZpdmVyIiwiZXhwIjoxNzg2OTI5MjgzLCJpYXQiOjE3ODY4NDI4ODMsImlzX2NvbXBseSI6dHJ1ZSwiamZsZ3MiOjAsIm5hbWVzcGFjZSI6InN1cGVydml2ZSIsIm5iZiI6MTc4Njg0MjgyMywicGVybWlzc2lvbnMiOlt7IkFjdGlvbiI6MTUsIlJlc291cmNlIjoiTkFNRVNQQUNFOnN1cGVydml2ZToqIn0seyJBY3Rpb24iOjE1LCJSZXNvdXJjZSI6IkFETUlOOk5BTUVTUEFDRTpzdXBlcnZpdmU6KiJ9XSwicm9sZXMiOltdLCJzY29wZSI6ImNvbW1lcmNlIGFjY291bnQgc29jaWFsIHB1Ymxpc2hpbmcgYW5hbHl0aWNzIiwic3ViIjoiOWI5ZDJjODg3ZTI1MjRmOTE4ZTM4M2E4OTVmMmYxYzIiLCJ1bmlxdWVEaXNwbGF5TmFtZSI6IlJldml2ZXIjMDAwMSIsInVuaXF1ZV9kaXNwbGF5X25hbWUiOiJSZXZpdmVyIzAwMDEifQ.fv8xRcCKsGH-kO-Yy5UkjIPChaqt0XYnodWf6hdS9uvwgLBx_Gpa6LtecHNO-sBxhNPFiTKP9dX9Vt7yMu-Z2L8x2NIYZSvJXh40Ti4JY4OCIKzNCZ-YroW2-mPGnTu0jObkHPxrOs8nMbQ1S2Hi3HfrJfBHW0DD2Mm_lj8eplsA1NBAf-F9J2DlvHPr9kizT9wglS9ihvwZNO1BzZRUmktpPOIJ9CVv6co8pPXv-Wflq_6jaSTwOMwqVFHrCD8lO4aYOVGBrPvv5hex5JJgstKYqepEYKv8fxQNbyzSoWGDQOqnxcv5hsjkdXZI29YJnzEWQdRhUjt3Y6Bxnjgp-A
    User-Agent: Loki/UE5-CL-0 (http-legacy) Windows/10.0.19045.1.256.64bit
    Accept: */*

* 22:15:05.155  WS -> /notifications/players/9b9d2c887e2524f918e383a895f2f1c2 TEXT hb reply {"Resource":"hb","Version":0,"Payload":""}

#3308 22:15:05.241  GET /revival/loadout
    -> 200  (0s)
    User-Agent: supervive-loadout-shim

#3309 22:15:05.474  GET /revival/loadout
    -> 200  (0s)
    User-Agent: supervive-loadout-shim

#3310 22:15:05.673  GET /revival/loadout
    -> 200  (0s)
    User-Agent: supervive-loadout-shim

#3311 22:15:05.870  GET /revival/loadout
    -> 200  (0s)
    User-Agent: supervive-loadout-shim

#3312 22:15:06.138  GET /revival/loadout
    -> 200  (0s)
    User-Agent: supervive-loadout-shim

#3313 22:15:06.346  GET /revival/loadout
    -> 200  (0s)
    User-Agent: supervive-loadout-shim

#3314 22:15:06.528  GET /revival/loadout
    -> 200  (0s)
    User-Agent: supervive-loadout-shim

#3315 22:15:06.740  GET /revival/loadout
    -> 200  (0s)
    User-Agent: supervive-loadout-shim

#3316 22:15:06.833  GET /configuration/client?language=en
    -> 200  (0s)
    X-Theorycraft-Clientversion: release2.4.live-156430-shipping
    User-Agent: Loki/UE5-CL-0 (http-legacy) Windows/10.0.19045.1.256.64bit
    Accept: */*
    Authorization: Bearer eyJhbGciOiJSUzI1NiIsImtpZCI6InN1cGVydml2ZS1yZXZpdmFsLWtleS0xIiwidHlwIjoiSldUIn0.eyJiYW5zIjpbXSwiY2xpZW50X2lkIjoiYmE4ZmI1OWEzNGJiNDgxYWJjYTA4YzQ2YmE0ODgwMjUiLCJjb3VudHJ5IjoiVVMiLCJkaXNwbGF5X25hbWUiOiJSZXZpdmVyIiwiZXhwIjoxNzg2OTI5MjgzLCJpYXQiOjE3ODY4NDI4ODMsImlzX2NvbXBseSI6dHJ1ZSwiamZsZ3MiOjAsIm5hbWVzcGFjZSI6InN1cGVydml2ZSIsIm5iZiI6MTc4Njg0MjgyMywicGVybWlzc2lvbnMiOlt7IkFjdGlvbiI6MTUsIlJlc291cmNlIjoiTkFNRVNQQUNFOnN1cGVydml2ZToqIn0seyJBY3Rpb24iOjE1LCJSZXNvdXJjZSI6IkFETUlOOk5BTUVTUEFDRTpzdXBlcnZpdmU6KiJ9XSwicm9sZXMiOltdLCJzY29wZSI6ImNvbW1lcmNlIGFjY291bnQgc29jaWFsIHB1Ymxpc2hpbmcgYW5hbHl0aWNzIiwic3ViIjoiOWI5ZDJjODg3ZTI1MjRmOTE4ZTM4M2E4OTVmMmYxYzIiLCJ1bmlxdWVEaXNwbGF5TmFtZSI6IlJldml2ZXIjMDAwMSIsInVuaXF1ZV9kaXNwbGF5X25hbWUiOiJSZXZpdmVyIzAwMDEifQ.fv8xRcCKsGH-kO-Yy5UkjIPChaqt0XYnodWf6hdS9uvwgLBx_Gpa6LtecHNO-sBxhNPFiTKP9dX9Vt7yMu-Z2L8x2NIYZSvJXh40Ti4JY4OCIKzNCZ-YroW2-mPGnTu0jObkHPxrOs8nMbQ1S2Hi3HfrJfBHW0DD2Mm_lj8eplsA1NBAf-F9J2DlvHPr9kizT9wglS9ihvwZNO1BzZRUmktpPOIJ9CVv6co8pPXv-Wflq_6jaSTwOMwqVFHrCD8lO4aYOVGBrPvv5hex5JJgstKYqepEYKv8fxQNbyzSoWGDQOqnxcv5hsjkdXZI29YJnzEWQdRhUjt3Y6Bxnjgp-A

#3317 22:15:06.870  GET /content-service/manifest/release2.4.live-156430-shipping?nonEnabledOnly=true
    -> 200  (0s)
    X-Theorycraft-Clientversion: release2.4.live-156430-shipping
    Authorization: Bearer eyJhbGciOiJSUzI1NiIsImtpZCI6InN1cGVydml2ZS1yZXZpdmFsLWtleS0xIiwidHlwIjoiSldUIn0.eyJiYW5zIjpbXSwiY2xpZW50X2lkIjoiYmE4ZmI1OWEzNGJiNDgxYWJjYTA4YzQ2YmE0ODgwMjUiLCJjb3VudHJ5IjoiVVMiLCJkaXNwbGF5X25hbWUiOiJSZXZpdmVyIiwiZXhwIjoxNzg2OTI5MjgzLCJpYXQiOjE3ODY4NDI4ODMsImlzX2NvbXBseSI6dHJ1ZSwiamZsZ3MiOjAsIm5hbWVzcGFjZSI6InN1cGVydml2ZSIsIm5iZiI6MTc4Njg0MjgyMywicGVybWlzc2lvbnMiOlt7IkFjdGlvbiI6MTUsIlJlc291cmNlIjoiTkFNRVNQQUNFOnN1cGVydml2ZToqIn0seyJBY3Rpb24iOjE1LCJSZXNvdXJjZSI6IkFETUlOOk5BTUVTUEFDRTpzdXBlcnZpdmU6KiJ9XSwicm9sZXMiOltdLCJzY29wZSI6ImNvbW1lcmNlIGFjY291bnQgc29jaWFsIHB1Ymxpc2hpbmcgYW5hbHl0aWNzIiwic3ViIjoiOWI5ZDJjODg3ZTI1MjRmOTE4ZTM4M2E4OTVmMmYxYzIiLCJ1bmlxdWVEaXNwbGF5TmFtZSI6IlJldml2ZXIjMDAwMSIsInVuaXF1ZV9kaXNwbGF5X25hbWUiOiJSZXZpdmVyIzAwMDEifQ.fv8xRcCKsGH-kO-Yy5UkjIPChaqt0XYnodWf6hdS9uvwgLBx_Gpa6LtecHNO-sBxhNPFiTKP9dX9Vt7yMu-Z2L8x2NIYZSvJXh40Ti4JY4OCIKzNCZ-YroW2-mPGnTu0jObkHPxrOs8nMbQ1S2Hi3HfrJfBHW0DD2Mm_lj8eplsA1NBAf-F9J2DlvHPr9kizT9wglS9ihvwZNO1BzZRUmktpPOIJ9CVv6co8pPXv-Wflq_6jaSTwOMwqVFHrCD8lO4aYOVGBrPvv5hex5JJgstKYqepEYKv8fxQNbyzSoWGDQOqnxcv5hsjkdXZI29YJnzEWQdRhUjt3Y6Bxnjgp-A
    User-Agent: Loki/UE5-CL-0 (http-legacy) Windows/10.0.19045.1.256.64bit
    Accept: */*

#3318 22:15:06.940  GET /revival/loadout
    -> 200  (0s)
    User-Agent: supervive-loadout-shim

* 22:15:07.084  WS <- /lobby TEXT ""

#3319 22:15:07.139  GET /revival/loadout
    -> 200  (0s)
    User-Agent: supervive-loadout-shim

#3320 22:15:07.339  GET /revival/loadout
    -> 200  (0s)
    User-Agent: supervive-loadout-shim

#3321 22:15:07.531  GET /revival/loadout
    -> 200  (0s)
    User-Agent: supervive-loadout-shim

#3322 22:15:07.748  GET /revival/loadout
    -> 200  (0s)
    User-Agent: supervive-loadout-shim

#3323 22:15:07.954  GET /revival/loadout
    -> 200  (0s)
    User-Agent: supervive-loadout-shim

#3324 22:15:08.148  GET /revival/loadout
    -> 200  (0s)
    User-Agent: supervive-loadout-shim

#3325 22:15:08.403  GET /revival/loadout
    -> 200  (0s)
    User-Agent: supervive-loadout-shim

#3326 22:15:08.628  GET /revival/loadout
    -> 200  (0s)
    User-Agent: supervive-loadout-shim

#3327 22:15:08.841  GET /revival/loadout
    -> 200  (0s)
    User-Agent: supervive-loadout-shim

#3328 22:15:09.032  GET /revival/loadout
    -> 200  (0s)
    User-Agent: supervive-loadout-shim

#3329 22:15:09.273  GET /revival/loadout
    -> 200  (0s)
    User-Agent: supervive-loadout-shim

#3330 22:15:09.460  GET /revival/loadout
    -> 200  (0s)
    User-Agent: supervive-loadout-shim

#3331 22:15:09.660  GET /revival/loadout
    -> 200  (0s)
    User-Agent: supervive-loadout-shim

#3332 22:15:09.840  GET /revival/loadout
    -> 200  (0s)
    User-Agent: supervive-loadout-shim

#3333 22:15:10.055  GET /revival/loadout
    -> 200  (0s)
    User-Agent: supervive-loadout-shim

#3334 22:15:10.239  GET /revival/loadout
    -> 200  (0s)
    User-Agent: supervive-loadout-shim

#3335 22:15:10.439  GET /revival/loadout
    -> 200  (0s)
    User-Agent: supervive-loadout-shim

#3336 22:15:10.627  GET /revival/loadout
    -> 200  (0s)
    User-Agent: supervive-loadout-shim

#3337 22:15:10.812  GET /revival/loadout
    -> 200  (1ms)
    User-Agent: supervive-loadout-shim

#3338 22:15:11.008  GET /revival/loadout
    -> 200  (0s)
    User-Agent: supervive-loadout-shim

#3339 22:15:11.193  GET /revival/loadout
    -> 200  (0s)
    User-Agent: supervive-loadout-shim

#3340 22:15:11.400  GET /revival/loadout
    -> 200  (0s)
    User-Agent: supervive-loadout-shim

#3341 22:15:11.608  GET /revival/loadout
    -> 200  (0s)
    User-Agent: supervive-loadout-shim

#3342 22:15:11.805  GET /revival/loadout
    -> 200  (0s)
    User-Agent: supervive-loadout-shim

#3343 22:15:12.013  GET /revival/loadout
    -> 200  (0s)
    User-Agent: supervive-loadout-shim

#3344 22:15:12.188  GET /revival/loadout
    -> 200  (0s)
    User-Agent: supervive-loadout-shim

#3345 22:15:12.410  GET /revival/loadout
    -> 200  (0s)
    User-Agent: supervive-loadout-shim

#3346 22:15:12.621  GET /revival/loadout
    -> 200  (0s)
    User-Agent: supervive-loadout-shim

#3347 22:15:12.836  GET /revival/loadout
    -> 200  (1ms)
    User-Agent: supervive-loadout-shim

#3348 22:15:13.073  GET /revival/loadout
    -> 200  (0s)
    User-Agent: supervive-loadout-shim

#3349 22:15:13.458  GET /revival/loadout
    -> 200  (0s)
    User-Agent: supervive-loadout-shim

#3350 22:15:13.667  GET /revival/loadout
    -> 200  (0s)
    User-Agent: supervive-loadout-shim

#3351 22:15:13.857  GET /revival/loadout
    -> 200  (0s)
    User-Agent: supervive-loadout-shim

#3352 22:15:14.065  GET /revival/loadout
    -> 200  (0s)
    User-Agent: supervive-loadout-shim

#3353 22:15:14.275  GET /revival/loadout
    -> 200  (0s)
    User-Agent: supervive-loadout-shim

#3354 22:15:14.520  GET /revival/loadout
    -> 200  (0s)
    User-Agent: supervive-loadout-shim

#3355 22:15:14.722  GET /revival/loadout
    -> 200  (0s)
    User-Agent: supervive-loadout-shim

#3356 22:15:14.949  GET /revival/loadout
    -> 200  (0s)
    User-Agent: supervive-loadout-shim

#3357 22:15:15.168  GET /revival/loadout
    -> 200  (1ms)
    User-Agent: supervive-loadout-shim

#3358 22:15:15.404  GET /revival/loadout
    -> 200  (0s)
    User-Agent: supervive-loadout-shim

#3359 22:15:15.620  GET /revival/loadout
    -> 200  (0s)
    User-Agent: supervive-loadout-shim

#3360 22:15:15.832  GET /revival/loadout
    -> 200  (0s)
    User-Agent: supervive-loadout-shim

#3361 22:15:16.017  GET /revival/loadout
    -> 200  (0s)
    User-Agent: supervive-loadout-shim

#3362 22:15:16.235  GET /revival/loadout
    -> 200  (0s)
    User-Agent: supervive-loadout-shim

#3363 22:15:16.433  GET /revival/loadout
    -> 200  (0s)
    User-Agent: supervive-loadout-shim
