source,kind,artifact_id,crash_guid,report_uuid,report_is_primary,report_archive_count,archive_label,label_says_death,crash_type,seconds_since_start,time_of_crash_utc,time_of_crash_local,log_route,path,xml_present,parse_status,crash_reporter_messages,execution_guid,crash_version,process_id,is_ensure,is_stall,is_assert,is_requesting_exit,crash_dump_mode,is_stuck,stuck_thread_id,crash_trigger,platform_callback_result,error_message,exception_code,fault_address,assert_file,assert_line,engine_version,build_version,build_configuration,engine_mode,executable_name,game_name,platform_full_name,base_dir,machine_id,login_id,epic_account_id,command_line,time_of_crash_ticks,xml_mtime_local,time_vs_mtime_delta_s,pcallstack_hash,pcallstack_nframes,pcallstack_ngame,game_module_base,game_rva_chain,game_rva_chain3,frame0_module,frame0_abs,callstack_text,callstack_modules,callstack_has_game,callstack_has_runtime,thread_count,crashed_thread_id,crashed_thread_name,gamethread_id,thread_names,xml_module_count,xml_module_unparsed,xml_module_basenames,mem_used_physical,mem_avail_physical,mem_peak_used_physical,mem_total_physical,mem_used_virtual,mem_is_oom,mem_oom_alloc_size,num_cores,cpu_brand,gpu_brand,rhi_name,rhi_adapter,replication_model,num_clients,app_has_focus,sentry_build_version,sentry_build_cl,sentry_bp_script_stack,minidump_present,minidump_bytes,md_module_count,md_module_status,unwind_status,dir_files,dir_file_count,rhi_breadcrumb_files,rhi_breadcrumbs,log_present,log_filename,log_bytes,log_lines,log_first_ts,log_last_ts,log_span_s,log_loadmap_count,log_last_map,log_maps,log_crashpad_handoff,log_sentry_beforecrash,log_fatal_error,log_app_error,log_lvl_tutorial,log_gft_not_ready,log_forceopen_tutorial_url,mk_SP,mk_PL,mk_FO,mk_ANIM,mk_VTG,mk_GCW,mk_GFT,mk_KANIMREF,mk_MISS,mk_BP,marker_tags_found,archive_archived_at,archive_reports_declared,archive_trigger,archive_source_dir,report_archives,crashpad_client_id,crashpad_last_crash_utc,crashpad_metadata_status,crashpad_state,crashpad_upload_attempts,crashpad_created_utc,crashpad_last_upload_utc,sentry_event_id,sentry_event_id_from_event,sentry_timestamp_utc,sentry_level,command_line_len,breadcrumb_count,breadcrumb_maps,breadcrumb_last_map,session_log_present,session_log_bytes,session_log_crashpad_handoff,session_log_sentry_beforecrash,session_log_last_ts
uecc,crash,UECC-Windows-01D0E2D74E693FA9D0FE37AE047D129D_0000,UECC-Windows-01D0E2D74E693FA9D0FE37AE047D129D_0000,,,,,,Crash,24,2026-07-01T05:18:23.220,2026-07-01T00:18:23.220,menu-login,C:\Users\eastr\AppData\Local\SUPERVIVE\Saved\Crashes\UECC-Windows-01D0E2D74E693FA9D0FE37AE047D129D_0000,1,ok,Attended,5B6AAFD24BB6585ECE8C8BA01244DEEE,3,25704,false,false,false,false,0,,,0,0,Unhandled Exception: EXCEPTION_ACCESS_VIOLATION reading address 0x00000001e3010020,EXCEPTION_ACCESS_VIOLATION,0x00000001e3010020,,,5.4.3-0+UE5,UE5-CL-0,Shipping,Game,SUPERVIVE-Win64-Shipping,UE-Loki,Win64 [Windows 10 (22H2) [10.0.19045.7417]  64b],G:/git/GAME BACKUPS FOR REVERSE ENGINEERING/SUPERVIVE/Loki/Binaries/Win64/,59F469C3478E646FCCEBD5AF455483B1,59f469c3478e646fccebd5af455483b1,215f7d50a3644f0480b74790eb09ea82,CommandLineRemoved,639184799032200000,2026-07-01T00:18:23.318,-0.098,1B0A51B8030E418556A839D2A71A0235914411CB,12,11,0x7FF682A80000,fe1746 351e77f 354cb86 3542b78 1206c94 1208035 1208950 1208d24 1214449 115ed67 115c4b1,fe1746 351e77f 354cb86,SUPERVIVE-Win64-Shipping,0x7FF683A61746,SUPERVIVE_Win64_Shipping,SUPERVIVE_Win64_Shipping,1,0,54,65844,FAsyncLoadingThread,64368,AudioMixerNullCallbackThread;AudioMixerRenderThread(1);Background Worker #10;Background Worker #11;Background Worker #12;Background Worker #13;Background Worker #2;Background Worker #3;Background Worker #4;Background Worker #5;Background Worker #6;Background Worker #7;Background Worker #8;Background Worker #9;BackgroundThreadPool #0;BackgroundThreadPool #1;Client Analytics Event Thread;Electra::ExecAsync;FAsyncLoadingThread;FAsyncPurge;FAsyncWriter_Loki;FHeartBeatThread;FMediaTicker;FMessageBus.DefaultBus.Router;Foreground Worker #0;Foreground Worker #1;GameThread;HttpManagerThread;IOThreadPool #0;IOThreadPool #1;IOThreadPool #2;IOThreadPool #3;IoDispatcher;IoService;LibwebsocketsThread;OnlineAsyncTaskThreadNull DefaultInstance(1);OnlineAsyncTaskThreadSteam DefaultInstance;OutputDeviceRedirector;PSOPrecompilePool #0;PSOPrecompilePool #1;PSOPrecompilePool #2;PSOPrecompilePool #3;PSOPrecompilePool #4;PSOPrecompilePool #5;PSOPrecompilePool #6;PSOPrecompilePool #7;PSOPrecompilePool #8;PSOP...[truncated; full text in the JSON],21,0,D3D12Core.dll;GFSDK_Aftermath_Lib.x64.dll;GfnRuntimeSdk.dll;OpenColorIO_2_3.dll;SUPERVIVE-Win64-Shipping.exe;chrome_elf.dll;d3dcompiler_47.dll;dbghelp.dll;discord_partner_sdk.dll;libEGL.dll;libGLESv2.dll;libcef.dll;libogg_64.dll;libvorbis_64.dll;libvorbisfile_64.dll;preloader.dll;runtime.dll;steam_api64.dll;xaudio2_9redist.dll,0,0,0,51481124864,0,0,0,8,AMD Ryzen 7 3800XT 8-Core Processor,NVIDIA GeForce RTX 4090,D3D12,NVIDIA GeForce RTX 4090,,0,true,release2.4.live-156430-shipping,156430,None,1,13730427,217,ok,ok,CrashContext.runtime-xml;CrashReportClient.ini;Loki.log;UEMinidump.dmp,4,0,,1,Loki.log,254530,1951,2026.07.01-05.17.58:067,2026.07.01-05.18.22:119,24.052,3,/Game/Loki/Maps/LVL_Login,/Game/Loki/Maps/LVL_Login;/Game/Loki/Maps/LobbyV2/LVL_LobbyV2_Persistent;/Game/Loki/Maps/LVL_Login,0,0,0,0,0,0,0,0,0,0,0,0,0,0,0,0,0,,,,,,,,,,,,,,,,,,,,,,,,,,
uecc,crash,UECC-Windows-0313276C47E192B4C8978C919443FD9D_0000,UECC-Windows-0313276C47E192B4C8978C919443FD9D_0000,,,,,,Crash,201,2026-07-26T07:24:52.772,2026-07-26T02:24:52.772,tutorial,C:\Users\eastr\AppData\Local\SUPERVIVE\Saved\Crashes\UECC-Windows-0313276C47E192B4C8978C919443FD9D_0000,1,ok,Attended,A6C838B54C5AD3E2954C809C9838DDAD,3,35168,false,false,false,false,0,,,0,0,Unhandled Exception: EXCEPTION_ACCESS_VIOLATION 0x000002549be0ce00,EXCEPTION_ACCESS_VIOLATION,0x000002549be0ce00,,,5.4.3-0+UE5,UE5-CL-0,Shipping,Game,SUPERVIVE-Win64-Shipping,UE-Loki,Win64 [Windows 10 (22H2) [10.0.19045.7548]  64b],G:/git/GAME BACKUPS FOR REVERSE ENGINEERING/SUPERVIVE/Loki/Binaries/Win64/,59F469C3478E646FCCEBD5AF455483B1,59f469c3478e646fccebd5af455483b1,215f7d50a3644f0480b74790eb09ea82,CommandLineRemoved,639206474927720000,2026-07-26T02:24:52.870,-0.099,F83BC9D244687845FA4E88A0600BDB26C9F7F689,15,13,0x7FF6E7D30000,3495973 3405f13 3691a72 3691704 367b462 f84697 f873b3 f8b2be f9d9bc f87040 100c334 115ed67 115c4b1,3495973 3405f13 3691a72,mdnsNSP,0x2549BE0CE00,SUPERVIVE_Win64_Shipping,SUPERVIVE_Win64_Shipping,1,0,54,3312,Background Worker #5,21248,AudioMixerNullCallbackThread;AudioMixerRenderThread(1);Background Worker #10;Background Worker #11;Background Worker #12;Background Worker #13;Background Worker #2;Background Worker #3;Background Worker #4;Background Worker #5;Background Worker #6;Background Worker #7;Background Worker #8;Background Worker #9;BackgroundThreadPool #0;BackgroundThreadPool #1;Client Analytics Event Thread;Electra::ExecAsync;FAsyncLoadingThread;FAsyncPurge;FAsyncWriter_Loki;FHeartBeatThread;FMediaTicker;FMessageBus.DefaultBus.Router;Foreground Worker #0;Foreground Worker #1;GameThread;HttpManagerThread;IOThreadPool #0;IOThreadPool #1;IOThreadPool #2;IOThreadPool #3;IoDispatcher;IoService;LibwebsocketsThread;OnlineAsyncTaskThreadNull DefaultInstance(1);OnlineAsyncTaskThreadSteam DefaultInstance;OutputDeviceRedirector;PSOPrecompilePool #0;PSOPrecompilePool #1;PSOPrecompilePool #2;PSOPrecompilePool #3;PSOPrecompilePool #4;PSOPrecompilePool #5;PSOPrecompilePool #6;PSOPrecompilePool #7;PSOPrecompilePool #8;PSOP...[truncated; full text in the JSON],21,0,D3D12Core.dll;GFSDK_Aftermath_Lib.x64.dll;GfnRuntimeSdk.dll;OpenColorIO_2_3.dll;SUPERVIVE-Win64-Shipping.exe;chrome_elf.dll;d3dcompiler_47.dll;dbghelp.dll;discord_partner_sdk.dll;libEGL.dll;libGLESv2.dll;libcef.dll;libogg_64.dll;libvorbis_64.dll;libvorbisfile_64.dll;preloader.dll;runtime.dll;steam_api64.dll;xaudio2_9redist.dll,0,0,0,51481124864,0,0,0,8,AMD Ryzen 7 3800XT 8-Core Processor,NVIDIA GeForce RTX 4090,D3D12,NVIDIA GeForce RTX 4090,,,true,release2.4.live-156430-shipping,156430,None,1,13945869,217,ok,ok,CrashContext.runtime-xml;CrashReportClient.ini;Loki.log;UEMinidump.dmp,4,0,,1,Loki.log,12194312,86132,2026.07.26-07.21.30:260,2026.07.26-07.24.51:386,201.126,3,/Game/Loki/Maps/Tutorial/LVL_Tutorial,/Game/Loki/Maps/LVL_Login;/Game/Loki/Maps/LobbyV2/LVL_LobbyV2_Persistent;/Game/Loki/Maps/Tutorial/LVL_Tutorial,0,0,0,0,1330,83056,2,0,0,0,0,0,0,0,0,0,0,,,,,,,,,,,,,,,,,,,,,,,,,,
uecc,crash,UECC-Windows-063228F64323E5B9106BA1A9A7B04EB4_0000,UECC-Windows-063228F64323E5B9106BA1A9A7B04EB4_0000,,,,,,Crash,194,2026-07-26T07:19:13.446,2026-07-26T02:19:13.446,tutorial,C:\Users\eastr\AppData\Local\SUPERVIVE\Saved\Crashes\UECC-Windows-063228F64323E5B9106BA1A9A7B04EB4_0000,1,ok,Attended,DB505477419DB3F2B2FA61BBF3957BBF,3,39988,false,false,false,false,0,,,0,0,Unhandled Exception: EXCEPTION_ACCESS_VIOLATION reading address 0xffffffffffffffff,EXCEPTION_ACCESS_VIOLATION,0xffffffffffffffff,,,5.4.3-0+UE5,UE5-CL-0,Shipping,Game,SUPERVIVE-Win64-Shipping,UE-Loki,Win64 [Windows 10 (22H2) [10.0.19045.7548]  64b],G:/git/GAME BACKUPS FOR REVERSE ENGINEERING/SUPERVIVE/Loki/Binaries/Win64/,59F469C3478E646FCCEBD5AF455483B1,59f469c3478e646fccebd5af455483b1,215f7d50a3644f0480b74790eb09ea82,CommandLineRemoved,639206471534460000,2026-07-26T02:19:13.549,-0.103,193C20C7E8EECC8327DF279F9091E4E9C712F25F,14,13,0x7FF6E7D30000,349596d 3405f13 3691a72 3691704 367b462 f84697 f873b3 f8b2be f9d9bc f87040 100c334 115ed67 115c4b1,349596d 3405f13 3691a72,SUPERVIVE-Win64-Shipping,0x7FF6EB1C596D,SUPERVIVE_Win64_Shipping,SUPERVIVE_Win64_Shipping,1,0,54,15976,Foreground Worker #1,16236,AudioMixerNullCallbackThread;AudioMixerRenderThread(1);Background Worker #10;Background Worker #11;Background Worker #12;Background Worker #13;Background Worker #2;Background Worker #3;Background Worker #4;Background Worker #5;Background Worker #6;Background Worker #7;Background Worker #8;Background Worker #9;BackgroundThreadPool #0;BackgroundThreadPool #1;Client Analytics Event Thread;Electra::ExecAsync;FAsyncLoadingThread;FAsyncPurge;FAsyncWriter_Loki;FHeartBeatThread;FMediaTicker;FMessageBus.DefaultBus.Router;Foreground Worker #0;Foreground Worker #1;GameThread;HttpManagerThread;IOThreadPool #0;IOThreadPool #1;IOThreadPool #2;IOThreadPool #3;IoDispatcher;IoService;LibwebsocketsThread;OnlineAsyncTaskThreadNull DefaultInstance(1);OnlineAsyncTaskThreadSteam DefaultInstance;OutputDeviceRedirector;PSOPrecompilePool #0;PSOPrecompilePool #1;PSOPrecompilePool #2;PSOPrecompilePool #3;PSOPrecompilePool #4;PSOPrecompilePool #5;PSOPrecompilePool #6;PSOPrecompilePool #7;PSOPrecompilePool #8;PSOP...[truncated; full text in the JSON],21,0,D3D12Core.dll;GFSDK_Aftermath_Lib.x64.dll;GfnRuntimeSdk.dll;OpenColorIO_2_3.dll;SUPERVIVE-Win64-Shipping.exe;chrome_elf.dll;d3dcompiler_47.dll;dbghelp.dll;discord_partner_sdk.dll;libEGL.dll;libGLESv2.dll;libcef.dll;libogg_64.dll;libvorbis_64.dll;libvorbisfile_64.dll;preloader.dll;runtime.dll;steam_api64.dll;xaudio2_9redist.dll,0,0,0,51481124864,0,0,0,8,AMD Ryzen 7 3800XT 8-Core Processor,NVIDIA GeForce RTX 4090,D3D12,NVIDIA GeForce RTX 4090,,,true,release2.4.live-156430-shipping,156430,None,1,13672214,217,ok,ok,CrashContext.runtime-xml;CrashReportClient.ini;Loki.log;UEMinidump.dmp,4,0,,1,Loki.log,12158410,85764,2026.07.26-07.15.57:870,2026.07.26-07.19.12:066,194.196,3,/Game/Loki/Maps/Tutorial/LVL_Tutorial,/Game/Loki/Maps/LVL_Login;/Game/Loki/Maps/LobbyV2/LVL_LobbyV2_Persistent;/Game/Loki/Maps/Tutorial/LVL_Tutorial,0,0,0,0,1458,82658,2,0,0,0,0,0,0,0,0,0,0,,,,,,,,,,,,,,,,,,,,,,,,,,
uecc,degenerate,UECC-Windows-064CE1374269B76E7578919C8597B47A_0000,UECC-Windows-064CE1374269B76E7578919C8597B47A_0000,,,,,,Crash,0,,,,C:\Users\eastr\AppData\Local\SUPERVIVE\Saved\Crashes\UECC-Windows-064CE1374269B76E7578919C8597B47A_0000,1,ok,Attended,33715691469261911B6F61A2E78B2C62,3,24748,false,false,false,false,0,,,0,0,Unhandled Exception: EXCEPTION_ACCESS_VIOLATION 0x00007ffb9ee00001,EXCEPTION_ACCESS_VIOLATION,0x00007ffb9ee00001,,,5.4.3-0+UE5,UE5-CL-0,Shipping,Game,SUPERVIVE-Win64-Shipping,UE-Loki,WindowsClient,G:/git/GAME BACKUPS FOR REVERSE ENGINEERING/SUPERVIVE/Loki/Binaries/Win64/,59F469C3478E646FCCEBD5AF455483B1,59f469c3478e646fccebd5af455483b1,215f7d50a3644f0480b74790eb09ea82,-ini:Engine:[/Script/AccelByteUe4Sdk.AccelByteSettings]:BaseUrl=http://localhost:8080 -ini:Engine:[/Script/AccelByteUe4Sdk.AccelByteSettings]:IamServerUrl=http://localhost:8080/iam -ini:Engine:[/Script/AccelByteUe4Sdk.AccelByteSettings]:PlatformServerUrl=http://localhost:8080/platform -ini:Engine:[/Script/AccelByteUe4Sdk.AccelByteSettings]:BasicServerUrl=http://localhost:8080/basic -ini:Engine:[/Script/AccelByteUe4Sdk.AccelByteSettings]:LobbyServerUrl=ws://localhost:8080/lobby/ -ini:Engine:[/Script/Loki.LokiGameProjectSettings]:ProdPostAuthURL=http://localhost:8080 -ini:Engine:[/Script/Loki.LokiGameProjectSettings]:ProdClientConfigURL=http://localhost:8080 -ini:Game:[/Script/Loki.LokiGameProjectSettings]:ProdPostAuthURL=http://localhost:8080 -ini:Game:[/Script/Loki.LokiGameProjectSettings]:ProdClientConfigURL=http://localhost:8080 -log,,2026-06-26T01:24:50.722,,DA39A3EE5E6B4B0D3255BFEF95601890AFD80709,2,0,,,,ntdll,0x7FFB9EE00001,,,0,0,45,,,46972,Background Worker #10;Background Worker #11;Background Worker #12;Background Worker #13;Background Worker #2;Background Worker #3;Background Worker #4;Background Worker #5;Background Worker #6;Background Worker #7;Background Worker #8;Background Worker #9;BackgroundThreadPool #0;BackgroundThreadPool #1;FAsyncWriter_Loki;FChunkCacheWorker;FHeartBeatThread;FMediaTicker;Foreground Worker #0;Foreground Worker #1;GameThread;HttpManagerThread;IOThreadPool #0;IOThreadPool #1;IOThreadPool #2;IOThreadPool #3;IoDispatcher;IoService;OnlineAsyncTaskThreadNull DefaultInstance(1);OutputDeviceRedirector,0,0,,0,0,0,51481124864,0,0,0,8,AMD Ryzen 7 3800XT 8-Core Processor,NVIDIA GeForce RTX 4090,,,,,,,,,1,0,,zero-byte,os-only,CrashContext.runtime-xml;CrashReportClient.ini;UEMinidump.dmp,3,0,,0,,,,,,,,,,,,,,,,,,,,,,,,,,,,,,,,,,,,,,,,,,,,,,,,,,,,
uecc,crash,UECC-Windows-065519B546619DD6E5BD9A9CAFEB7373_0000,UECC-Windows-065519B546619DD6E5BD9A9CAFEB7373_0000,,,,,,Assert,49,2026-07-11T02:43:43.811,2026-07-10T21:43:43.811,tutorial-attempted,C:\Users\eastr\AppData\Local\SUPERVIVE\Saved\Crashes\UECC-Windows-065519B546619DD6E5BD9A9CAFEB7373_0000,1,ok,Attended,FCE6853E4204CF40C7C3659ED29DBBB9,3,97452,false,false,true,false,0,,,0,0,Fatal error: [File:C:\TheoryCraft\build-staging\Engine\Source\Runtime\Engine\Private\UnrealEngine.cpp] [Line: 15551] Couldn't spawn player: ALokiGameMode::Login failed to Login,,,UnrealEngine.cpp,15551,5.4.3-0+UE5,UE5-CL-0,Shipping,Game,SUPERVIVE-Win64-Shipping,UE-Loki,Win64 [Windows 10 (22H2) [10.0.19045.7417]  64b],G:/git/GAME BACKUPS FOR REVERSE ENGINEERING/SUPERVIVE/Loki/Binaries/Win64/,59F469C3478E646FCCEBD5AF455483B1,59f469c3478e646fccebd5af455483b1,215f7d50a3644f0480b74790eb09ea82,CommandLineRemoved,639193346238110000,2026-07-10T21:43:43.908,-0.098,D5ABA8A5577B609F8D98EADFA8C5BA62E267B0EE,11,10,0x7FF6B54F0000,3ee9cf5 3ec5faf 3efb466 37f8b73 4028924 403005f 40300da 4030f6c 4039696 751ef62,3ee9cf5 3ec5faf 3efb466,SUPERVIVE-Win64-Shipping,0x7FF6B93D9CF5,,,0,0,54,61296,GameThread,61296,AudioMixerNullCallbackThread;AudioMixerRenderThread(1);Background Worker #10;Background Worker #11;Background Worker #12;Background Worker #13;Background Worker #2;Background Worker #3;Background Worker #4;Background Worker #5;Background Worker #6;Background Worker #7;Background Worker #8;Background Worker #9;BackgroundThreadPool #0;BackgroundThreadPool #1;Client Analytics Event Thread;Electra::ExecAsync;FAsyncLoadingThread;FAsyncPurge;FAsyncWriter_Loki;FHeartBeatThread;FMediaTicker;FMessageBus.DefaultBus.Router;Foreground Worker #0;Foreground Worker #1;GameThread;HttpManagerThread;IOThreadPool #0;IOThreadPool #1;IOThreadPool #2;IOThreadPool #3;IoDispatcher;IoService;LibwebsocketsThread;OnlineAsyncTaskThreadNull DefaultInstance(1);OnlineAsyncTaskThreadSteam DefaultInstance;OutputDeviceRedirector;PSOPrecompilePool #0;PSOPrecompilePool #1;PSOPrecompilePool #2;PSOPrecompilePool #3;PSOPrecompilePool #4;PSOPrecompilePool #5;PSOPrecompilePool #6;PSOPrecompilePool #7;PSOPrecompilePool #8;PSOP...[truncated; full text in the JSON],21,0,D3D12Core.dll;GFSDK_Aftermath_Lib.x64.dll;GfnRuntimeSdk.dll;OpenColorIO_2_3.dll;SUPERVIVE-Win64-Shipping.exe;chrome_elf.dll;d3dcompiler_47.dll;dbghelp.dll;discord_partner_sdk.dll;libEGL.dll;libGLESv2.dll;libcef.dll;libogg_64.dll;libvorbis_64.dll;libvorbisfile_64.dll;preloader.dll;runtime.dll;steam_api64.dll;xaudio2_9redist.dll,5836972032,25103097856,5897224192,51481124864,7856005120,0,0,8,AMD Ryzen 7 3800XT 8-Core Processor,NVIDIA GeForce RTX 4090,D3D12,NVIDIA GeForce RTX 4090,,,false,release2.4.live-156430-shipping,156430,None,1,13937947,217,ok,ok,CrashContext.runtime-xml;CrashReportClient.ini;Loki.log;UEMinidump.dmp,4,0,,1,Loki.log,328137,2550,2026.07.11-02.42.51:312,2026.07.11-02.43.42:641,51.329,2,/Game/Loki/Maps/LobbyV2/LVL_LobbyV2_Persistent,/Game/Loki/Maps/LVL_Login;/Game/Loki/Maps/LobbyV2/LVL_LobbyV2_Persistent,0,0,1,1,11,0,2,0,0,0,0,0,0,0,0,0,0,,,,,,,,,,,,,,,,,,,,,,,,,,
uecc,crash,UECC-Windows-0AA94D3D4A49BBA7C8C68DB99900C81F_0000,UECC-Windows-0AA94D3D4A49BBA7C8C68DB99900C81F_0000,,,,,,Crash,56,2026-07-07T05:13:05.401,2026-07-07T00:13:05.401,menu-login,C:\Users\eastr\AppData\Local\SUPERVIVE\Saved\Crashes\UECC-Windows-0AA94D3D4A49BBA7C8C68DB99900C81F_0000,1,ok,Attended,A4C7779944188610FE5ABAB14603B285,3,73776,false,false,false,false,0,,,0,0,Unhandled Exception: EXCEPTION_ACCESS_VIOLATION reading address 0x0000000300000b33,EXCEPTION_ACCESS_VIOLATION,0x0000000300000b33,,,5.4.3-0+UE5,UE5-CL-0,Shipping,Game,SUPERVIVE-Win64-Shipping,UE-Loki,Win64 [Windows 10 (22H2) [10.0.19045.7417]  64b],G:/git/GAME BACKUPS FOR REVERSE ENGINEERING/SUPERVIVE/Loki/Binaries/Win64/,59F469C3478E646FCCEBD5AF455483B1,59f469c3478e646fccebd5af455483b1,215f7d50a3644f0480b74790eb09ea82,CommandLineRemoved,639189979854010000,2026-07-07T00:13:05.549,-0.149,75559F96DA21B625407D55B667F82E71B1526CB7,15,14,0x7FF6B54F0000,fa4a53 3f4f7e1 39c9029 3f73d7c 3f5a125 3ee9a76 3efb653 37f8b73 4028924 403005f 40300da 4030f6c 4039696 751ef62,fa4a53 3f4f7e1 39c9029,SUPERVIVE-Win64-Shipping,0x7FF6B6494A53,SUPERVIVE_Win64_Shipping,SUPERVIVE_Win64_Shipping,1,0,54,32296,GameThread,32296,AudioMixerNullCallbackThread;AudioMixerRenderThread(1);Background Worker #10;Background Worker #11;Background Worker #12;Background Worker #13;Background Worker #2;Background Worker #3;Background Worker #4;Background Worker #5;Background Worker #6;Background Worker #7;Background Worker #8;Background Worker #9;BackgroundThreadPool #0;BackgroundThreadPool #1;Client Analytics Event Thread;Electra::ExecAsync;FAsyncLoadingThread;FAsyncPurge;FAsyncWriter_Loki;FHeartBeatThread;FMediaTicker;FMessageBus.DefaultBus.Router;Foreground Worker #0;Foreground Worker #1;GameThread;HttpManagerThread;IOThreadPool #0;IOThreadPool #1;IOThreadPool #2;IOThreadPool #3;IoDispatcher;IoService;LibwebsocketsThread;OnlineAsyncTaskThreadNull DefaultInstance(1);OnlineAsyncTaskThreadSteam DefaultInstance;OutputDeviceRedirector;PSOPrecompilePool #0;PSOPrecompilePool #1;PSOPrecompilePool #2;PSOPrecompilePool #3;PSOPrecompilePool #4;PSOPrecompilePool #5;PSOPrecompilePool #6;PSOPrecompilePool #7;PSOPrecompilePool #8;PSOP...[truncated; full text in the JSON],21,0,D3D12Core.dll;GFSDK_Aftermath_Lib.x64.dll;GfnRuntimeSdk.dll;OpenColorIO_2_3.dll;SUPERVIVE-Win64-Shipping.exe;chrome_elf.dll;d3dcompiler_47.dll;dbghelp.dll;discord_partner_sdk.dll;libEGL.dll;libGLESv2.dll;libcef.dll;libogg_64.dll;libvorbis_64.dll;libvorbisfile_64.dll;preloader.dll;runtime.dll;steam_api64.dll;xaudio2_9redist.dll,0,0,0,51481124864,0,0,0,8,AMD Ryzen 7 3800XT 8-Core Processor,NVIDIA GeForce RTX 4090,D3D12,NVIDIA GeForce RTX 4090,Generic,0,true,release2.4.live-156430-shipping,156430,None,1,13933486,217,ok,ok,CrashContext.runtime-xml;CrashReportClient.ini;Loki.log;UEMinidump.dmp,4,0,,1,Loki.log,266599,2007,2026.07.07-05.12.07:756,2026.07.07-05.13.03:172,55.416,3,/Game/Loki/Maps/LVL_Login,/Game/Loki/Maps/LVL_Login;/Game/Loki/Maps/LobbyV2/LVL_LobbyV2_Persistent;/Game/Loki/Maps/LVL_Login,0,0,0,0,0,0,0,0,0,0,0,0,0,0,0,0,0,,,,,,,,,,,,,,,,,,,,,,,,,,
uecc,crash,UECC-Windows-0D8A97084A665710D1D69FA674EB2645_0000,UECC-Windows-0D8A97084A665710D1D69FA674EB2645_0000,,,,,,Crash,71,2026-06-28T22:55:25.254,2026-06-28T17:55:25.254,menu-lobby,C:\Users\eastr\AppData\Local\SUPERVIVE\Saved\Crashes\UECC-Windows-0D8A97084A665710D1D69FA674EB2645_0000,1,ok,Attended,A42C3EE941C485E54793CAA3973B2194,3,34276,false,false,false,false,0,,,0,0,Unhandled Exception: EXCEPTION_ACCESS_VIOLATION reading address 0xffffffffffffffff,EXCEPTION_ACCESS_VIOLATION,0xffffffffffffffff,,,5.4.3-0+UE5,UE5-CL-0,Shipping,Game,SUPERVIVE-Win64-Shipping,UE-Loki,Win64 [Windows 10 (22H2) [10.0.19045.7417]  64b],G:/git/GAME BACKUPS FOR REVERSE ENGINEERING/SUPERVIVE/Loki/Binaries/Win64/,59F469C3478E646FCCEBD5AF455483B1,59f469c3478e646fccebd5af455483b1,215f7d50a3644f0480b74790eb09ea82,CommandLineRemoved,639182841252540000,2026-06-28T17:55:25.348,-0.095,CB0CDE2D62A51F4956AB500A19F4F283402BFC31,27,17,0x7FF65F6D0000,2044473 2050085 2050001 1758d46 175c0e0 175bb3f 5796e09 1ea7e2c 3efa127 39c77ec 37f8b8c 4028924 403005f 40300da 4030f6c 4039696 751ef62,2044473 2050085 2050001,SUPERVIVE-Win64-Shipping,0x7FF661714473,SUPERVIVE_Win64_Shipping,SUPERVIVE_Win64_Shipping,1,0,54,26324,GameThread,26324,AudioMixerNullCallbackThread;AudioMixerRenderThread(1);Background Worker #10;Background Worker #11;Background Worker #12;Background Worker #13;Background Worker #2;Background Worker #3;Background Worker #4;Background Worker #5;Background Worker #6;Background Worker #7;Background Worker #8;Background Worker #9;BackgroundThreadPool #0;BackgroundThreadPool #1;Client Analytics Event Thread;Electra::ExecAsync;FAsyncLoadingThread;FAsyncPurge;FAsyncWriter_Loki;FHeartBeatThread;FMediaTicker;FMessageBus.DefaultBus.Router;Foreground Worker #0;Foreground Worker #1;GameThread;HttpManagerThread;IOThreadPool #0;IOThreadPool #1;IOThreadPool #2;IOThreadPool #3;IoDispatcher;IoService;LibwebsocketsThread;OnlineAsyncTaskThreadNull DefaultInstance(1);OnlineAsyncTaskThreadSteam DefaultInstance;OutputDeviceRedirector;PSOPrecompilePool #0;PSOPrecompilePool #1;PSOPrecompilePool #2;PSOPrecompilePool #3;PSOPrecompilePool #4;PSOPrecompilePool #5;PSOPrecompilePool #6;PSOPrecompilePool #7;PSOPrecompilePool #8;PSOP...[truncated; full text in the JSON],21,0,D3D12Core.dll;GFSDK_Aftermath_Lib.x64.dll;GfnRuntimeSdk.dll;OpenColorIO_2_3.dll;SUPERVIVE-Win64-Shipping.exe;chrome_elf.dll;d3dcompiler_47.dll;dbghelp.dll;discord_partner_sdk.dll;libEGL.dll;libGLESv2.dll;libcef.dll;libogg_64.dll;libvorbis_64.dll;libvorbisfile_64.dll;preloader.dll;runtime.dll;steam_api64.dll;xaudio2_9redist.dll,0,0,0,51481124864,0,0,0,8,AMD Ryzen 7 3800XT 8-Core Processor,NVIDIA GeForce RTX 4090,D3D12,NVIDIA GeForce RTX 4090,,,true,release2.4.live-156430-shipping,156430,None,1,13902787,217,ok,ok,CrashContext.runtime-xml;CrashReportClient.ini;Loki.log;UEMinidump.dmp,4,0,,1,Loki.log,307968,2377,2026.06.28-22.54.13:131,2026.06.28-22.55.23:638,70.507,2,/Game/Loki/Maps/LobbyV2/LVL_LobbyV2_Persistent,/Game/Loki/Maps/LVL_Login;/Game/Loki/Maps/LobbyV2/LVL_LobbyV2_Persistent,0,0,0,0,0,0,0,0,0,0,0,0,0,0,0,0,0,,,,,,,,,,,,,,,,,,,,,,,,,,
uecc,crash,UECC-Windows-10CF9C874C05E6B45714FA8698086EE6_0000,UECC-Windows-10CF9C874C05E6B45714FA8698086EE6_0000,,,,,,Crash,84,2026-07-11T22:44:39.194,2026-07-11T17:44:39.194,tutorial,C:\Users\eastr\AppData\Local\SUPERVIVE\Saved\Crashes\UECC-Windows-10CF9C874C05E6B45714FA8698086EE6_0000,1,ok,Attended,5AC2BFBA4EB9896F3979E2B6A5686C27,3,46368,false,false,false,false,0,,,0,0,Unhandled Exception: EXCEPTION_ACCESS_VIOLATION reading address 0x0000000000000000,EXCEPTION_ACCESS_VIOLATION,0x0000000000000000,,,5.4.3-0+UE5,UE5-CL-0,Shipping,Game,SUPERVIVE-Win64-Shipping,UE-Loki,Win64 [Windows 10 (22H2) [10.0.19045.7417]  64b],G:/git/GAME BACKUPS FOR REVERSE ENGINEERING/SUPERVIVE/Loki/Binaries/Win64/,59F469C3478E646FCCEBD5AF455483B1,59f469c3478e646fccebd5af455483b1,215f7d50a3644f0480b74790eb09ea82,CommandLineRemoved,639194066791940000,2026-07-11T17:44:39.293,-0.099,E8E15E681522B43A5F254700076013CDF54A86FB,31,25,0x7FF6B54F0000,13455d0 1345511 feca12 1225fd6 13453a5 341721b 36a1aa3 36a1bdc 36a412b 36a339a 35aa803 3ed1a7f 3ed8642 f96a8e f9ce6a 3eeedd4 3ef3e65 39c76c6 37f8b8c 4028924 403005f 40300da 4030f6c 4039696 751ef62,13455d0 1345511 feca12,SUPERVIVE-Win64-Shipping,0x7FF6B68355D0,SUPERVIVE_Win64_Shipping,SUPERVIVE_Win64_Shipping,1,0,54,78504,GameThread,78504,AudioMixerNullCallbackThread;AudioMixerRenderThread(1);Background Worker #10;Background Worker #11;Background Worker #12;Background Worker #13;Background Worker #2;Background Worker #3;Background Worker #4;Background Worker #5;Background Worker #6;Background Worker #7;Background Worker #8;Background Worker #9;BackgroundThreadPool #0;BackgroundThreadPool #1;Client Analytics Event Thread;Electra::ExecAsync;FAsyncLoadingThread;FAsyncPurge;FAsyncWriter_Loki;FHeartBeatThread;FMediaTicker;FMessageBus.DefaultBus.Router;Foreground Worker #0;Foreground Worker #1;GameThread;HttpManagerThread;IOThreadPool #0;IOThreadPool #1;IOThreadPool #2;IOThreadPool #3;IoDispatcher;IoService;LibwebsocketsThread;OnlineAsyncTaskThreadNull DefaultInstance(1);OnlineAsyncTaskThreadSteam DefaultInstance;OutputDeviceRedirector;PSOPrecompilePool #0;PSOPrecompilePool #1;PSOPrecompilePool #2;PSOPrecompilePool #3;PSOPrecompilePool #4;PSOPrecompilePool #5;PSOPrecompilePool #6;PSOPrecompilePool #7;PSOPrecompilePool #8;PSOP...[truncated; full text in the JSON],21,0,D3D12Core.dll;GFSDK_Aftermath_Lib.x64.dll;GfnRuntimeSdk.dll;OpenColorIO_2_3.dll;SUPERVIVE-Win64-Shipping.exe;chrome_elf.dll;d3dcompiler_47.dll;dbghelp.dll;discord_partner_sdk.dll;libEGL.dll;libGLESv2.dll;libcef.dll;libogg_64.dll;libvorbis_64.dll;libvorbisfile_64.dll;preloader.dll;runtime.dll;steam_api64.dll;xaudio2_9redist.dll,0,0,0,51481124864,0,0,0,8,AMD Ryzen 7 3800XT 8-Core Processor,NVIDIA GeForce RTX 4090,D3D12,NVIDIA GeForce RTX 4090,,,false,release2.4.live-156430-shipping,156430,None,1,13884168,217,ok,ok,CrashContext.runtime-xml;CrashReportClient.ini;Loki.log;UEMinidump.dmp,4,0,,1,Loki.log,2432202,17052,2026.07.11-22.43.14:859,2026.07.11-22.44.38:010,83.151,3,/Game/Loki/Maps/Tutorial/LVL_Tutorial,/Game/Loki/Maps/LVL_Login;/Game/Loki/Maps/LobbyV2/LVL_LobbyV2_Persistent;/Game/Loki/Maps/Tutorial/LVL_Tutorial,0,0,0,0,704,14302,2,0,0,0,0,0,0,0,0,0,0,,,,,,,,,,,,,,,,,,,,,,,,,,
uecc,crash,UECC-Windows-10E228F340143D108670C5888646E7F8_0000,UECC-Windows-10E228F340143D108670C5888646E7F8_0000,,,,,,Assert,53,2026-07-09T07:42:17.387,2026-07-09T02:42:17.387,tutorial-attempted,C:\Users\eastr\AppData\Local\SUPERVIVE\Saved\Crashes\UECC-Windows-10E228F340143D108670C5888646E7F8_0000,1,ok,Attended,8286D7B24A5C617316FF98B941191669,3,41568,false,false,true,false,0,,,0,0,Fatal error: [File:C:\TheoryCraft\build-staging\Engine\Source\Runtime\Engine\Private\UnrealEngine.cpp] [Line: 15551] Couldn't spawn player: ALokiGameMode::Login failed to Login,,,UnrealEngine.cpp,15551,5.4.3-0+UE5,UE5-CL-0,Shipping,Game,SUPERVIVE-Win64-Shipping,UE-Loki,Win64 [Windows 10 (22H2) [10.0.19045.7417]  64b],G:/git/GAME BACKUPS FOR REVERSE ENGINEERING/SUPERVIVE/Loki/Binaries/Win64/,59F469C3478E646FCCEBD5AF455483B1,59f469c3478e646fccebd5af455483b1,215f7d50a3644f0480b74790eb09ea82,CommandLineRemoved,639191797373870000,2026-07-09T02:42:17.520,-0.133,D5ABA8A5577B609F8D98EADFA8C5BA62E267B0EE,11,10,0x7FF6B54F0000,3ee9cf5 3ec5faf 3efb466 37f8b73 4028924 403005f 40300da 4030f6c 4039696 751ef62,3ee9cf5 3ec5faf 3efb466,SUPERVIVE-Win64-Shipping,0x7FF6B93D9CF5,,,0,0,54,26368,GameThread,26368,AudioMixerNullCallbackThread;AudioMixerRenderThread(1);Background Worker #10;Background Worker #11;Background Worker #12;Background Worker #13;Background Worker #2;Background Worker #3;Background Worker #4;Background Worker #5;Background Worker #6;Background Worker #7;Background Worker #8;Background Worker #9;BackgroundThreadPool #0;BackgroundThreadPool #1;Client Analytics Event Thread;Electra::ExecAsync;FAsyncLoadingThread;FAsyncPurge;FAsyncWriter_Loki;FHeartBeatThread;FMediaTicker;FMessageBus.DefaultBus.Router;Foreground Worker #0;Foreground Worker #1;GameThread;HttpManagerThread;IOThreadPool #0;IOThreadPool #1;IOThreadPool #2;IOThreadPool #3;IoDispatcher;IoService;LibwebsocketsThread;OnlineAsyncTaskThreadNull DefaultInstance(1);OnlineAsyncTaskThreadSteam DefaultInstance;OutputDeviceRedirector;PSOPrecompilePool #0;PSOPrecompilePool #1;PSOPrecompilePool #2;PSOPrecompilePool #3;PSOPrecompilePool #4;PSOPrecompilePool #5;PSOPrecompilePool #6;PSOPrecompilePool #7;PSOPrecompilePool #8;PSOP...[truncated; full text in the JSON],21,0,D3D12Core.dll;GFSDK_Aftermath_Lib.x64.dll;GfnRuntimeSdk.dll;OpenColorIO_2_3.dll;SUPERVIVE-Win64-Shipping.exe;chrome_elf.dll;d3dcompiler_47.dll;dbghelp.dll;discord_partner_sdk.dll;libEGL.dll;libGLESv2.dll;libcef.dll;libogg_64.dll;libvorbis_64.dll;libvorbisfile_64.dll;preloader.dll;runtime.dll;steam_api64.dll;xaudio2_9redist.dll,6397882368,21318520832,6457503744,51481124864,7555313664,0,0,8,AMD Ryzen 7 3800XT 8-Core Processor,NVIDIA GeForce RTX 4090,D3D12,NVIDIA GeForce RTX 4090,,,true,release2.4.live-156430-shipping,156430,None,1,13694247,217,ok,ok,CrashContext.runtime-xml;CrashReportClient.ini;Loki.log;UEMinidump.dmp,4,0,,1,Loki.log,317865,2497,2026.07.09-07.41.21:334,2026.07.09-07.42.16:168,54.834,2,/Game/Loki/Maps/LobbyV2/LVL_LobbyV2_Persistent,/Game/Loki/Maps/LVL_Login;/Game/Loki/Maps/LobbyV2/LVL_LobbyV2_Persistent,0,0,1,1,12,0,0,0,0,0,0,0,0,0,0,0,0,,,,,,,,,,,,,,,,,,,,,,,,,,
uecc,crash,UECC-Windows-13493884432CD3BCDC7D758C7D29555E_0000,UECC-Windows-13493884432CD3BCDC7D758C7D29555E_0000,,,,,,Crash,29,2026-07-01T06:14:39.222,2026-07-01T01:14:39.222,menu-login,C:\Users\eastr\AppData\Local\SUPERVIVE\Saved\Crashes\UECC-Windows-13493884432CD3BCDC7D758C7D29555E_0000,1,ok,Attended,64BED0CC4A34EB7790883C8A0163690E,3,60012,false,false,false,false,0,,,0,0,Unhandled Exception: EXCEPTION_ACCESS_VIOLATION reading address 0x0000000000000028,EXCEPTION_ACCESS_VIOLATION,0x0000000000000028,,,5.4.3-0+UE5,UE5-CL-0,Shipping,Game,SUPERVIVE-Win64-Shipping,UE-Loki,Win64 [Windows 10 (22H2) [10.0.19045.7417]  64b],G:/git/GAME BACKUPS FOR REVERSE ENGINEERING/SUPERVIVE/Loki/Binaries/Win64/,59F469C3478E646FCCEBD5AF455483B1,59f469c3478e646fccebd5af455483b1,215f7d50a3644f0480b74790eb09ea82,CommandLineRemoved,639184832792220000,2026-07-01T01:14:39.328,-0.107,4FBEBE7580073F0B51151D230CF8D92766C335DF,13,12,0x7FF682A80000,296f591 296f247 2973685 29c99ee 2aef879 2af41ca 2aefd3f f8aba3 f96a8e 2b91aab 115ed67 115c4b1,296f591 296f247 2973685,SUPERVIVE-Win64-Shipping,0x7FF6853EF591,SUPERVIVE_Win64_Shipping,SUPERVIVE_Win64_Shipping,1,0,54,44492,RHIThread,57116,AudioMixerNullCallbackThread;AudioMixerRenderThread(1);Background Worker #10;Background Worker #11;Background Worker #12;Background Worker #13;Background Worker #2;Background Worker #3;Background Worker #4;Background Worker #5;Background Worker #6;Background Worker #7;Background Worker #8;Background Worker #9;BackgroundThreadPool #0;BackgroundThreadPool #1;Client Analytics Event Thread;Electra::ExecAsync;FAsyncLoadingThread;FAsyncPurge;FAsyncWriter_Loki;FHeartBeatThread;FMediaTicker;FMessageBus.DefaultBus.Router;Foreground Worker #0;Foreground Worker #1;GameThread;HttpManagerThread;IOThreadPool #0;IOThreadPool #1;IOThreadPool #2;IOThreadPool #3;IoDispatcher;IoService;LibwebsocketsThread;OnlineAsyncTaskThreadNull DefaultInstance(1);OnlineAsyncTaskThreadSteam DefaultInstance;OutputDeviceRedirector;PSOPrecompilePool #0;PSOPrecompilePool #1;PSOPrecompilePool #2;PSOPrecompilePool #3;PSOPrecompilePool #4;PSOPrecompilePool #5;PSOPrecompilePool #6;PSOPrecompilePool #7;PSOPrecompilePool #8;PSOP...[truncated; full text in the JSON],21,0,D3D12Core.dll;GFSDK_Aftermath_Lib.x64.dll;GfnRuntimeSdk.dll;OpenColorIO_2_3.dll;SUPERVIVE-Win64-Shipping.exe;chrome_elf.dll;d3dcompiler_47.dll;dbghelp.dll;discord_partner_sdk.dll;libEGL.dll;libGLESv2.dll;libcef.dll;libogg_64.dll;libvorbis_64.dll;libvorbisfile_64.dll;preloader.dll;runtime.dll;steam_api64.dll;xaudio2_9redist.dll,0,0,0,51481124864,0,0,0,8,AMD Ryzen 7 3800XT 8-Core Processor,NVIDIA GeForce RTX 4090,D3D12,NVIDIA GeForce RTX 4090,Generic,0,true,release2.4.live-156430-shipping,156430,None,1,13966736,217,ok,ok,Breadcrumbs_RHIThread_0.txt;CrashContext.runtime-xml;CrashReportClient.ini;Loki.log;UEMinidump.dmp,5,1,Breadcrumbs 'RHIThread' | Context 1/2 | 	00 FRDGBuilder_Execute |,1,Loki.log,264219,1987,2026.07.01-06.14.08:647,2026.07.01-06.14.37:803,29.156,3,/Game/Loki/Maps/LVL_Login,/Game/Loki/Maps/LVL_Login;/Game/Loki/Maps/LobbyV2/LVL_LobbyV2_Persistent;/Game/Loki/Maps/LVL_Login,0,0,0,0,0,0,0,0,0,0,0,0,0,0,0,0,0,,,,,,,,,,,,,,,,,,,,,,,,,,
uecc,crash,UECC-Windows-154E12A544CB32178D5064BDC41CC296_0000,UECC-Windows-154E12A544CB32178D5064BDC41CC296_0000,,,,,,Crash,194,2026-07-26T09:14:35.362,2026-07-26T04:14:35.362,tutorial,C:\Users\eastr\AppData\Local\SUPERVIVE\Saved\Crashes\UECC-Windows-154E12A544CB32178D5064BDC41CC296_0000,1,ok,Attended,CC8F5C964ED5482F86D80C8E8AE37024,3,19836,false,false,false,false,0,,,0,0,Unhandled Exception: EXCEPTION_ACCESS_VIOLATION 0x0000000000000000,EXCEPTION_ACCESS_VIOLATION,0x0000000000000000,,,5.4.3-0+UE5,UE5-CL-0,Shipping,Game,SUPERVIVE-Win64-Shipping,UE-Loki,Win64 [Windows 10 (22H2) [10.0.19045.7548]  64b],G:/git/GAME BACKUPS FOR REVERSE ENGINEERING/SUPERVIVE/Loki/Binaries/Win64/,59F469C3478E646FCCEBD5AF455483B1,59f469c3478e646fccebd5af455483b1,215f7d50a3644f0480b74790eb09ea82,CommandLineRemoved,639206540753620000,2026-07-26T04:14:35.468,-0.107,,0,0,,,,,,SUPERVIVE_Win64_Shipping,SUPERVIVE_Win64_Shipping,1,0,54,41096,Foreground Worker #0,18120,AudioMixerNullCallbackThread;AudioMixerRenderThread(1);Background Worker #10;Background Worker #11;Background Worker #12;Background Worker #13;Background Worker #2;Background Worker #3;Background Worker #4;Background Worker #5;Background Worker #6;Background Worker #7;Background Worker #8;Background Worker #9;BackgroundThreadPool #0;BackgroundThreadPool #1;Client Analytics Event Thread;Electra::ExecAsync;FAsyncLoadingThread;FAsyncPurge;FAsyncWriter_Loki;FHeartBeatThread;FMediaTicker;FMessageBus.DefaultBus.Router;Foreground Worker #0;Foreground Worker #1;GameThread;HttpManagerThread;IOThreadPool #0;IOThreadPool #1;IOThreadPool #2;IOThreadPool #3;IoDispatcher;IoService;LibwebsocketsThread;OnlineAsyncTaskThreadNull DefaultInstance(1);OnlineAsyncTaskThreadSteam DefaultInstance;OutputDeviceRedirector;PSOPrecompilePool #0;PSOPrecompilePool #1;PSOPrecompilePool #2;PSOPrecompilePool #3;PSOPrecompilePool #4;PSOPrecompilePool #5;PSOPrecompilePool #6;PSOPrecompilePool #7;PSOPrecompilePool #8;PSOP...[truncated; full text in the JSON],21,0,D3D12Core.dll;GFSDK_Aftermath_Lib.x64.dll;GfnRuntimeSdk.dll;OpenColorIO_2_3.dll;SUPERVIVE-Win64-Shipping.exe;chrome_elf.dll;d3dcompiler_47.dll;dbghelp.dll;discord_partner_sdk.dll;libEGL.dll;libGLESv2.dll;libcef.dll;libogg_64.dll;libvorbis_64.dll;libvorbisfile_64.dll;preloader.dll;runtime.dll;steam_api64.dll;xaudio2_9redist.dll,0,0,0,51481124864,0,0,0,8,AMD Ryzen 7 3800XT 8-Core Processor,NVIDIA GeForce RTX 4090,D3D12,NVIDIA GeForce RTX 4090,,,false,release2.4.live-156430-shipping,156430,None,1,13941125,217,ok,absent,CrashContext.runtime-xml;CrashReportClient.ini;Loki.log;UEMinidump.dmp,4,0,,1,Loki.log,1891437,12989,2026.07.26-09.11.20:216,2026.07.26-09.14.34:202,193.986,3,/Game/Loki/Maps/Tutorial/LVL_Tutorial,/Game/Loki/Maps/LVL_Login;/Game/Loki/Maps/LobbyV2/LVL_LobbyV2_Persistent;/Game/Loki/Maps/Tutorial/LVL_Tutorial,0,0,0,0,1328,9922,2,0,0,0,0,0,0,0,0,0,0,,,,,,,,,,,,,,,,,,,,,,,,,,
uecc,crash,UECC-Windows-166396E24F5A36C5727032B196D739EA_0000,UECC-Windows-166396E24F5A36C5727032B196D739EA_0000,,,,,,Crash,2550,2026-08-04T03:49:21.655,2026-08-03T22:49:21.655,tutorial,C:\Users\eastr\AppData\Local\SUPERVIVE\Saved\Crashes\UECC-Windows-166396E24F5A36C5727032B196D739EA_0000,1,ok,Attended,918AE65840697441EC0BBAADBBEB7A6E,3,38832,false,false,false,false,0,,,0,0,Unhandled Exception: 0x80000004,0x80000004,0x80000004,,,5.4.3-0+UE5,UE5-CL-0,Shipping,Game,SUPERVIVE-Win64-Shipping,UE-Loki,Win64 [Windows 10 (22H2) [10.0.19045.7548]  64b],G:/git/GAME BACKUPS FOR REVERSE ENGINEERING/SUPERVIVE/Loki/Binaries/Win64/,59F469C3478E646FCCEBD5AF455483B1,59f469c3478e646fccebd5af455483b1,215f7d50a3644f0480b74790eb09ea82,CommandLineRemoved,639214121616550000,2026-08-03T22:49:21.965,-0.311,9492917422986D86959FAEA393928B3CE784D2C8,31,23,0x7FF6EAA10000,feca12 1225fd6 13453a5 341721b 36a1aa3 36a1bdc 36a412b 36a339a 35aa803 3ed1a7f 3ed8642 f96a8e f9ce6a 3eeedd4 3ef3e65 39c76c6 37f8b8c 4028924 403005f 40300da 4030f6c 4039696 751ef62,feca12 1225fd6 13453a5,mdnsNSP,0x1A4A469C1A3,SUPERVIVE_Win64_Shipping,SUPERVIVE_Win64_Shipping,1,0,54,23640,GameThread,23640,AudioMixerNullCallbackThread;AudioMixerRenderThread(1);Background Worker #10;Background Worker #11;Background Worker #12;Background Worker #13;Background Worker #2;Background Worker #3;Background Worker #4;Background Worker #5;Background Worker #6;Background Worker #7;Background Worker #8;Background Worker #9;BackgroundThreadPool #0;BackgroundThreadPool #1;Client Analytics Event Thread;Electra::ExecAsync;FAsyncLoadingThread;FAsyncPurge;FAsyncWriter_Loki;FHeartBeatThread;FMediaTicker;FMessageBus.DefaultBus.Router;Foreground Worker #0;Foreground Worker #1;GameThread;HttpManagerThread;IOThreadPool #0;IOThreadPool #1;IOThreadPool #2;IOThreadPool #3;IoDispatcher;IoService;LibwebsocketsThread;OnlineAsyncTaskThreadNull DefaultInstance(1);OnlineAsyncTaskThreadSteam DefaultInstance;OutputDeviceRedirector;PSOPrecompilePool #0;PSOPrecompilePool #1;PSOPrecompilePool #2;PSOPrecompilePool #3;PSOPrecompilePool #4;PSOPrecompilePool #5;PSOPrecompilePool #6;PSOPrecompilePool #7;PSOPrecompilePool #8;PSOP...[truncated; full text in the JSON],21,0,D3D12Core.dll;GFSDK_Aftermath_Lib.x64.dll;GfnRuntimeSdk.dll;OpenColorIO_2_3.dll;SUPERVIVE-Win64-Shipping.exe;chrome_elf.dll;d3dcompiler_47.dll;dbghelp.dll;discord_partner_sdk.dll;libEGL.dll;libGLESv2.dll;libcef.dll;libogg_64.dll;libvorbis_64.dll;libvorbisfile_64.dll;preloader.dll;runtime.dll;steam_api64.dll;xaudio2_9redist.dll,0,0,0,51481124864,0,0,0,8,AMD Ryzen 7 3800XT 8-Core Processor,NVIDIA GeForce RTX 4090,D3D12,NVIDIA GeForce RTX 4090,,0,false,release2.4.live-156430-shipping,156430,None,1,13786871,222,ok,ok,CrashContext.runtime-xml;CrashReportClient.ini;Loki.log;UEMinidump.dmp,4,0,,1,Loki.log,3643785,22725,2026.08.04-03.06.21:198,2026.08.04-03.49.09:746,2568.548,7,/Game/Loki/Maps/Tutorial/LVL_Tutorial,/Game/Loki/Maps/LVL_Login;/Game/Loki/Maps/LobbyV2/LVL_LobbyV2_Persistent;/Game/Loki/Maps/Tutorial/LVL_Tutorial;/Game/Loki/Maps/LobbyV2/LVL_LobbyV2_Persistent;/Game/Loki/Maps/LVL_Login;/Game/Loki/Maps/LobbyV2/LVL_LobbyV2_Persistent;/Game/Loki/Maps/Tutorial/LVL_Tutorial,0,0,0,0,727,17630,4,0,0,0,0,0,0,0,0,0,0,,,,,,,,,,,,,,,,,,,,,,,,,,
uecc,crash,UECC-Windows-1F6F4DA742F90DD51B5992BCF210678F_0000,UECC-Windows-1F6F4DA742F90DD51B5992BCF210678F_0000,,,,,,Assert,13,2026-07-11T21:41:44.057,2026-07-11T16:41:44.057,tutorial-attempted,C:\Users\eastr\AppData\Local\SUPERVIVE\Saved\Crashes\UECC-Windows-1F6F4DA742F90DD51B5992BCF210678F_0000,1,ok,Attended,D76C978E48455CAB14C3108449FC9E46,3,35296,false,false,true,false,0,,,0,0,Fatal error: [File:C:\TheoryCraft\build-staging\Engine\Source\Runtime\Engine\Private\UnrealEngine.cpp] [Line: 15551] Couldn't spawn player: ALokiGameMode::Login failed to Login,,,UnrealEngine.cpp,15551,5.4.3-0+UE5,UE5-CL-0,Shipping,Game,SUPERVIVE-Win64-Shipping,UE-Loki,Win64 [Windows 10 (22H2) [10.0.19045.7417]  64b],G:/git/GAME BACKUPS FOR REVERSE ENGINEERING/SUPERVIVE/Loki/Binaries/Win64/,59F469C3478E646FCCEBD5AF455483B1,59f469c3478e646fccebd5af455483b1,215f7d50a3644f0480b74790eb09ea82,CommandLineRemoved,639194029040570000,2026-07-11T16:41:44.154,-0.097,D5ABA8A5577B609F8D98EADFA8C5BA62E267B0EE,11,10,0x7FF6B54F0000,3ee9cf5 3ec5faf 3efb466 37f8b73 4028924 403005f 40300da 4030f6c 4039696 751ef62,3ee9cf5 3ec5faf 3efb466,SUPERVIVE-Win64-Shipping,0x7FF6B93D9CF5,,,0,0,56,95052,GameThread,95052,AudioMixerNullCallbackThread;AudioMixerRenderThread(1);Background Worker #10;Background Worker #11;Background Worker #12;Background Worker #13;Background Worker #2;Background Worker #3;Background Worker #4;Background Worker #5;Background Worker #6;Background Worker #7;Background Worker #8;Background Worker #9;BackgroundThreadPool #0;BackgroundThreadPool #1;Client Analytics Event Thread;Electra::ExecAsync;FAsyncLoadingThread;FAsyncPurge;FAsyncWriter_Loki;FChunkCacheWorker;FHeartBeatThread;FMediaTicker;FMessageBus.DefaultBus.Router;Foreground Worker #0;Foreground Worker #1;GameThread;HttpManagerThread;IOThreadPool #0;IOThreadPool #1;IOThreadPool #2;IOThreadPool #3;IoDispatcher;IoService;LibwebsocketsThread;OnlineAsyncTaskThreadNull DefaultInstance(1);OnlineAsyncTaskThreadSteam DefaultInstance;OutputDeviceRedirector;PSOPrecompilePool #0;PSOPrecompilePool #1;PSOPrecompilePool #2;PSOPrecompilePool #3;PSOPrecompilePool #4;PSOPrecompilePool #5;PSOPrecompilePool #6;PSOPrecompilePool #7;PSOPrec...[truncated; full text in the JSON],21,0,D3D12Core.dll;GFSDK_Aftermath_Lib.x64.dll;GfnRuntimeSdk.dll;OpenColorIO_2_3.dll;SUPERVIVE-Win64-Shipping.exe;chrome_elf.dll;d3dcompiler_47.dll;dbghelp.dll;discord_partner_sdk.dll;libEGL.dll;libGLESv2.dll;libcef.dll;libogg_64.dll;libvorbis_64.dll;libvorbisfile_64.dll;preloader.dll;runtime.dll;steam_api64.dll;xaudio2_9redist.dll,5547196416,22463819776,5617139712,51481124864,5874495488,0,0,8,AMD Ryzen 7 3800XT 8-Core Processor,NVIDIA GeForce RTX 4090,D3D12,NVIDIA GeForce RTX 4090,,,true,release2.4.live-156430-shipping,156430,None,1,13743833,217,ok,ok,CrashContext.runtime-xml;CrashReportClient.ini;Loki.log;UEMinidump.dmp,4,0,,1,Loki.log,231383,1866,2026.07.11-21.41.28:396,2026.07.11-21.41.42:681,14.285,1,/Game/Loki/Maps/LVL_Login,/Game/Loki/Maps/LVL_Login,0,0,1,1,11,0,2,0,0,0,0,0,0,0,0,0,0,,,,,,,,,,,,,,,,,,,,,,,,,,
uecc,crash,UECC-Windows-20FE42F74AB3D0DC5287449475383D47_0000,UECC-Windows-20FE42F74AB3D0DC5287449475383D47_0000,,,,,,Crash,45,2026-07-01T05:20:19.811,2026-07-01T00:20:19.811,menu-login,C:\Users\eastr\AppData\Local\SUPERVIVE\Saved\Crashes\UECC-Windows-20FE42F74AB3D0DC5287449475383D47_0000,1,ok,Attended,F26E523E40BE85CB53FA129882B4224A,3,74480,false,false,false,false,0,,,0,0,Unhandled Exception: EXCEPTION_ACCESS_VIOLATION reading address 0x00000001e3010020,EXCEPTION_ACCESS_VIOLATION,0x00000001e3010020,,,5.4.3-0+UE5,UE5-CL-0,Shipping,Game,SUPERVIVE-Win64-Shipping,UE-Loki,Win64 [Windows 10 (22H2) [10.0.19045.7417]  64b],G:/git/GAME BACKUPS FOR REVERSE ENGINEERING/SUPERVIVE/Loki/Binaries/Win64/,59F469C3478E646FCCEBD5AF455483B1,59f469c3478e646fccebd5af455483b1,215f7d50a3644f0480b74790eb09ea82,CommandLineRemoved,639184800198110000,2026-07-01T00:20:19.902,-0.092,AC48B9B4B1290C6EB055E25C9A4F18E119CC4872,27,26,0x7FF682A80000,fe1746 2b8e7c5 2b8ebe8 2b8e17e 2b804b9 12158f2 120c6d9 120bf7e 120c6c3 120bf7e 120c6c3 120bf7e 120c6c3 120bf7e 120c6c3 120bf7e 120c6c3 120bf7e 120c6c3 120bf7e 120c6c3 120bf7e 1204e25 12143e3 115ed67 115c4b1,fe1746 2b8e7c5 2b8ebe8,SUPERVIVE-Win64-Shipping,0x7FF683A61746,"SUPERVIVE_Win64_Shipping
SUPERVIVE_Win64_Shipping",SUPERVIVE_Win64_Shipping;SUPERVIVE_Win64_Shipping,1,0,54,68168,FAsyncLoadingThread,60268,AudioMixerNullCallbackThread;AudioMixerRenderThread(1);Background Worker #10;Background Worker #11;Background Worker #12;Background Worker #13;Background Worker #2;Background Worker #3;Background Worker #4;Background Worker #5;Background Worker #6;Background Worker #7;Background Worker #8;Background Worker #9;BackgroundThreadPool #0;BackgroundThreadPool #1;Client Analytics Event Thread;Electra::ExecAsync;FAsyncLoadingThread;FAsyncPurge;FAsyncWriter_Loki;FHeartBeatThread;FMediaTicker;FMessageBus.DefaultBus.Router;Foreground Worker #0;Foreground Worker #1;GameThread;HttpManagerThread;IOThreadPool #0;IOThreadPool #1;IOThreadPool #2;IOThreadPool #3;IoDispatcher;IoService;LibwebsocketsThread;OnlineAsyncTaskThreadNull DefaultInstance(1);OnlineAsyncTaskThreadSteam DefaultInstance;OutputDeviceRedirector;PSOPrecompilePool #0;PSOPrecompilePool #1;PSOPrecompilePool #2;PSOPrecompilePool #3;PSOPrecompilePool #4;PSOPrecompilePool #5;PSOPrecompilePool #6;PSOPrecompilePool #7;PSOPrecompilePool #8;PSOP...[truncated; full text in the JSON],21,0,D3D12Core.dll;GFSDK_Aftermath_Lib.x64.dll;GfnRuntimeSdk.dll;OpenColorIO_2_3.dll;SUPERVIVE-Win64-Shipping.exe;chrome_elf.dll;d3dcompiler_47.dll;dbghelp.dll;discord_partner_sdk.dll;libEGL.dll;libGLESv2.dll;libcef.dll;libogg_64.dll;libvorbis_64.dll;libvorbisfile_64.dll;preloader.dll;runtime.dll;steam_api64.dll;xaudio2_9redist.dll,0,0,0,51481124864,0,0,0,8,AMD Ryzen 7 3800XT 8-Core Processor,NVIDIA GeForce RTX 4090,D3D12,NVIDIA GeForce RTX 4090,Generic,0,true,release2.4.live-156430-shipping,156430,None,1,13845929,217,ok,ok,CrashContext.runtime-xml;CrashReportClient.ini;Loki.log;UEMinidump.dmp,4,0,,1,Loki.log,282670,2146,2026.07.01-05.19.33:583,2026.07.01-05.20.18:714,45.131,5,/Game/Loki/Maps/LVL_Login,/Game/Loki/Maps/LVL_Login;/Game/Loki/Maps/LobbyV2/LVL_LobbyV2_Persistent;/Game/Loki/Maps/LVL_Login;/Game/Loki/Maps/LobbyV2/LVL_LobbyV2_Persistent;/Game/Loki/Maps/LVL_Login,0,0,0,0,0,0,0,0,0,0,0,0,0,0,0,0,0,,,,,,,,,,,,,,,,,,,,,,,,,,
uecc,crash,UECC-Windows-214ABC67441210DC6126BFAB2962EF27_0000,UECC-Windows-214ABC67441210DC6126BFAB2962EF27_0000,,,,,,Crash,18,2026-07-01T01:55:02.072,2026-06-30T20:55:02.072,menu-login,C:\Users\eastr\AppData\Local\SUPERVIVE\Saved\Crashes\UECC-Windows-214ABC67441210DC6126BFAB2962EF27_0000,1,ok,Attended,2048CD264C98279751B29E84DDFE2E77,3,41824,false,false,false,false,0,,,0,0,Unhandled Exception: EXCEPTION_ACCESS_VIOLATION writing address 0x00007ff68a21c9e8,EXCEPTION_ACCESS_VIOLATION,0x00007ff68a21c9e8,,,5.4.3-0+UE5,UE5-CL-0,Shipping,Game,SUPERVIVE-Win64-Shipping,UE-Loki,Win64 [Windows 10 (22H2) [10.0.19045.7417]  64b],G:/git/GAME BACKUPS FOR REVERSE ENGINEERING/SUPERVIVE/Loki/Binaries/Win64/,59F469C3478E646FCCEBD5AF455483B1,59f469c3478e646fccebd5af455483b1,215f7d50a3644f0480b74790eb09ea82,CommandLineRemoved,639184677020720000,2026-06-30T20:55:02.168,-0.097,62D7D56A83A326D1FDD68531BE0B0DD813DD555A,12,11,0x7FF682A80000,207d11d 29d7a26 2aef45d 2af4de2 2af41ca 2aefd3f f8aba3 f96a8e 2b91aab 115ed67 115c4b1,207d11d 29d7a26 2aef45d,SUPERVIVE-Win64-Shipping,0x7FF684AFD11D,SUPERVIVE_Win64_Shipping,SUPERVIVE_Win64_Shipping,1,0,55,18312,RHIThread,50380,AudioMixerNullCallbackThread;AudioMixerRenderThread(1);Background Worker #10;Background Worker #11;Background Worker #12;Background Worker #13;Background Worker #2;Background Worker #3;Background Worker #4;Background Worker #5;Background Worker #6;Background Worker #7;Background Worker #8;Background Worker #9;BackgroundThreadPool #0;BackgroundThreadPool #1;Client Analytics Event Thread;Electra::ExecAsync;FAsyncLoadingThread;FAsyncPurge;FAsyncWriter_Loki;FChunkCacheWorker;FHeartBeatThread;FMediaTicker;FMessageBus.DefaultBus.Router;Foreground Worker #0;Foreground Worker #1;GameThread;HttpManagerThread;IOThreadPool #0;IOThreadPool #1;IOThreadPool #2;IOThreadPool #3;IoDispatcher;IoService;LibwebsocketsThread;OnlineAsyncTaskThreadNull DefaultInstance(1);OnlineAsyncTaskThreadSteam DefaultInstance;OutputDeviceRedirector;PSOPrecompilePool #0;PSOPrecompilePool #1;PSOPrecompilePool #2;PSOPrecompilePool #3;PSOPrecompilePool #4;PSOPrecompilePool #5;PSOPrecompilePool #6;PSOPrecompilePool #7;PSOPrec...[truncated; full text in the JSON],21,0,D3D12Core.dll;GFSDK_Aftermath_Lib.x64.dll;GfnRuntimeSdk.dll;OpenColorIO_2_3.dll;SUPERVIVE-Win64-Shipping.exe;chrome_elf.dll;d3dcompiler_47.dll;dbghelp.dll;discord_partner_sdk.dll;libEGL.dll;libGLESv2.dll;libcef.dll;libogg_64.dll;libvorbis_64.dll;libvorbisfile_64.dll;preloader.dll;runtime.dll;steam_api64.dll;xaudio2_9redist.dll,0,0,0,51481124864,0,0,0,8,AMD Ryzen 7 3800XT 8-Core Processor,NVIDIA GeForce RTX 4090,D3D12,NVIDIA GeForce RTX 4090,,0,false,release2.4.live-156430-shipping,156430,None,1,13953791,217,ok,ok,Breadcrumbs_RHIThread_0.txt;CrashContext.runtime-xml;CrashReportClient.ini;Loki.log;UEMinidump.dmp,5,1,Breadcrumbs 'RHIThread' |,1,Loki.log,247668,1926,2026.07.01-01.54.43:532,2026.07.01-01.55.00:908,17.376,3,/Game/Loki/Maps/LVL_Login,/Game/Loki/Maps/LVL_Login;/Game/Loki/Maps/LobbyV2/LVL_LobbyV2_Persistent;/Game/Loki/Maps/LVL_Login,0,0,0,0,0,0,0,0,0,0,0,0,0,0,0,0,0,,,,,,,,,,,,,,,,,,,,,,,,,,
uecc,crash,UECC-Windows-280CF4C147EC7A94D06748880B4FDBCA_0000,UECC-Windows-280CF4C147EC7A94D06748880B4FDBCA_0000,,,,,,Assert,810,2026-07-09T08:10:18.662,2026-07-09T03:10:18.662,tutorial-attempted,C:\Users\eastr\AppData\Local\SUPERVIVE\Saved\Crashes\UECC-Windows-280CF4C147EC7A94D06748880B4FDBCA_0000,1,ok,Attended,2362E54D429A35D3682E889EB5FC1890,3,98456,false,false,true,false,0,,,0,0,Fatal error: [File:C:\TheoryCraft\build-staging\Engine\Source\Runtime\Engine\Private\UnrealEngine.cpp] [Line: 15551] Couldn't spawn player: ALokiGameMode::Login failed to Login,,,UnrealEngine.cpp,15551,5.4.3-0+UE5,UE5-CL-0,Shipping,Game,SUPERVIVE-Win64-Shipping,UE-Loki,Win64 [Windows 10 (22H2) [10.0.19045.7417]  64b],G:/git/GAME BACKUPS FOR REVERSE ENGINEERING/SUPERVIVE/Loki/Binaries/Win64/,59F469C3478E646FCCEBD5AF455483B1,59f469c3478e646fccebd5af455483b1,215f7d50a3644f0480b74790eb09ea82,CommandLineRemoved,639191814186620000,2026-07-09T03:10:18.791,-0.129,D5ABA8A5577B609F8D98EADFA8C5BA62E267B0EE,11,10,0x7FF6B54F0000,3ee9cf5 3ec5faf 3efb466 37f8b73 4028924 403005f 40300da 4030f6c 4039696 751ef62,3ee9cf5 3ec5faf 3efb466,SUPERVIVE-Win64-Shipping,0x7FF6B93D9CF5,,,0,0,54,53460,GameThread,53460,AudioMixerNullCallbackThread;AudioMixerRenderThread(1);Background Worker #10;Background Worker #11;Background Worker #12;Background Worker #13;Background Worker #2;Background Worker #3;Background Worker #4;Background Worker #5;Background Worker #6;Background Worker #7;Background Worker #8;Background Worker #9;BackgroundThreadPool #0;BackgroundThreadPool #1;Client Analytics Event Thread;Electra::ExecAsync;FAsyncLoadingThread;FAsyncPurge;FAsyncWriter_Loki;FHeartBeatThread;FMediaTicker;FMessageBus.DefaultBus.Router;Foreground Worker #0;Foreground Worker #1;GameThread;HttpManagerThread;IOThreadPool #0;IOThreadPool #1;IOThreadPool #2;IOThreadPool #3;IoDispatcher;IoService;LibwebsocketsThread;OnlineAsyncTaskThreadNull DefaultInstance(1);OnlineAsyncTaskThreadSteam DefaultInstance;OutputDeviceRedirector;PSOPrecompilePool #0;PSOPrecompilePool #1;PSOPrecompilePool #2;PSOPrecompilePool #3;PSOPrecompilePool #4;PSOPrecompilePool #5;PSOPrecompilePool #6;PSOPrecompilePool #7;PSOPrecompilePool #8;PSOP...[truncated; full text in the JSON],21,0,D3D12Core.dll;GFSDK_Aftermath_Lib.x64.dll;GfnRuntimeSdk.dll;OpenColorIO_2_3.dll;SUPERVIVE-Win64-Shipping.exe;chrome_elf.dll;d3dcompiler_47.dll;dbghelp.dll;discord_partner_sdk.dll;libEGL.dll;libGLESv2.dll;libcef.dll;libogg_64.dll;libvorbis_64.dll;libvorbisfile_64.dll;preloader.dll;runtime.dll;steam_api64.dll;xaudio2_9redist.dll,2093248512,26759397376,6367334400,51481124864,7581315072,0,0,8,AMD Ryzen 7 3800XT 8-Core Processor,NVIDIA GeForce RTX 4090,D3D12,NVIDIA GeForce RTX 4090,,,false,release2.4.live-156430-shipping,156430,None,1,13628712,217,ok,ok,CrashContext.runtime-xml;CrashReportClient.ini;Loki.log;UEMinidump.dmp,4,0,,1,Loki.log,515604,2910,2026.07.09-07.56.44:867,2026.07.09-08.10.17:472,812.605,2,/Game/Loki/Maps/LobbyV2/LVL_LobbyV2_Persistent,/Game/Loki/Maps/LVL_Login;/Game/Loki/Maps/LobbyV2/LVL_LobbyV2_Persistent,0,0,1,1,11,0,2,0,0,0,0,0,0,0,0,0,0,,,,,,,,,,,,,,,,,,,,,,,,,,
uecc,crash,UECC-Windows-298DDD37462D8C151F826FA5E4180E3B_0000,UECC-Windows-298DDD37462D8C151F826FA5E4180E3B_0000,,,,,,Crash,0,2026-07-20T02:05:50.069,2026-07-19T21:05:50.069,unknown,C:\Users\eastr\AppData\Local\SUPERVIVE\Saved\Crashes\UECC-Windows-298DDD37462D8C151F826FA5E4180E3B_0000,1,ok,Attended,46E9533D4663A5AFFFEC04B8C7C1787C,3,30700,false,false,false,false,0,,,0,0,Unhandled Exception: EXCEPTION_ACCESS_VIOLATION reading address 0x000001c9a0561000,EXCEPTION_ACCESS_VIOLATION,0x000001c9a0561000,,,5.4.3-0+UE5,UE5-CL-0,Shipping,Game,SUPERVIVE-Win64-Shipping,UE-Loki,Win64 [Windows 10 (22H2) [10.0.19045.7417]  64b],G:/git/GAME BACKUPS FOR REVERSE ENGINEERING/SUPERVIVE/Loki/Binaries/Win64/,59F469C3478E646FCCEBD5AF455483B1,59f469c3478e646fccebd5af455483b1,215f7d50a3644f0480b74790eb09ea82,CommandLineRemoved,639201099500690000,2026-07-19T21:05:50.160,-0.091,DA39A3EE5E6B4B0D3255BFEF95601890AFD80709,2,0,,,,mdnsNSP,0x1C9C9A0205D,"kernel32
ntdll",kernel32;ntdll,0,0,43,,,53388,Background Worker #10;Background Worker #11;Background Worker #12;Background Worker #13;Background Worker #2;Background Worker #3;Background Worker #4;Background Worker #5;Background Worker #6;Background Worker #7;Background Worker #8;Background Worker #9;BackgroundThreadPool #0;BackgroundThreadPool #1;FAsyncWriter_Loki;FChunkCacheWorker;FHeartBeatThread;FMediaTicker;Foreground Worker #0;Foreground Worker #1;GameThread;HttpManagerThread;IOThreadPool #0;IOThreadPool #1;IOThreadPool #2;IOThreadPool #3;OnlineAsyncTaskThreadNull DefaultInstance(1);OutputDeviceRedirector,7,0,D3D12Core.dll;GFSDK_Aftermath_Lib.x64.dll;OpenColorIO_2_3.dll;SUPERVIVE-Win64-Shipping.exe;dbghelp.dll;preloader.dll;runtime.dll,0,0,0,51481124864,0,0,0,8,AMD Ryzen 7 3800XT 8-Core Processor,NVIDIA GeForce RTX 4090,,,,,,,,,1,13006907,102,ok,os-only,CrashContext.runtime-xml;CrashReportClient.ini;Loki.log;UEMinidump.dmp,4,0,,1,Loki.log,50557,594,2026.07.20-02.05.46:598,2026.07.20-02.05.47:744,1.146,0,,,0,0,0,0,0,0,0,0,0,0,0,0,0,0,0,0,0,,,,,,,,,,,,,,,,,,,,,,,,,,
uecc,crash,UECC-Windows-2E23C60344354678623A14923481A769_0000,UECC-Windows-2E23C60344354678623A14923481A769_0000,,,,,,Assert,28,2026-06-30T01:44:39.820,2026-06-29T20:44:39.820,menu-login,C:\Users\eastr\AppData\Local\SUPERVIVE\Saved\Crashes\UECC-Windows-2E23C60344354678623A14923481A769_0000,1,ok,Attended,31D5682F45FC36553422EAB141902AAE,3,41292,false,false,true,false,0,,,0,0,Fatal error: [File:C:\TheoryCraft\build-staging\Engine\Source\Runtime\Core\Private\HAL\MallocBinned2.cpp] [Line: 1322] FMallocBinned2 Attempt to realloc an unrecognized block 0000024462770000 canary == 0x0 != 0xe3,,,MallocBinned2.cpp,1322,5.4.3-0+UE5,UE5-CL-0,Shipping,Game,SUPERVIVE-Win64-Shipping,UE-Loki,Win64 [Windows 10 (22H2) [10.0.19045.7417]  64b],G:/git/GAME BACKUPS FOR REVERSE ENGINEERING/SUPERVIVE/Loki/Binaries/Win64/,59F469C3478E646FCCEBD5AF455483B1,59f469c3478e646fccebd5af455483b1,215f7d50a3644f0480b74790eb09ea82,CommandLineRemoved,639183806798200000,2026-06-29T20:44:39.908,-0.088,B3106F52D687D419AAB80614FAFCD3A3444E67FB,13,12,0x7FF682A80000,fe0148 ff933e 32bcbee 3ec6312 3efb466 37f8b73 4028924 403005f 40300da 4030f6c 4039696 751ef62,fe0148 ff933e 32bcbee,SUPERVIVE-Win64-Shipping,0x7FF683A60148,,,0,0,54,60408,GameThread,60408,AudioMixerNullCallbackThread;AudioMixerRenderThread(1);Background Worker #10;Background Worker #11;Background Worker #12;Background Worker #13;Background Worker #2;Background Worker #3;Background Worker #4;Background Worker #5;Background Worker #6;Background Worker #7;Background Worker #8;Background Worker #9;BackgroundThreadPool #0;BackgroundThreadPool #1;Client Analytics Event Thread;Electra::ExecAsync;FAsyncLoadingThread;FAsyncPurge;FAsyncWriter_Loki;FHeartBeatThread;FMediaTicker;FMessageBus.DefaultBus.Router;Foreground Worker #0;Foreground Worker #1;GameThread;HttpManagerThread;IOThreadPool #0;IOThreadPool #1;IOThreadPool #2;IOThreadPool #3;IoDispatcher;IoService;LibwebsocketsThread;OnlineAsyncTaskThreadNull DefaultInstance(1);OnlineAsyncTaskThreadSteam DefaultInstance;OutputDeviceRedirector;PSOPrecompilePool #0;PSOPrecompilePool #1;PSOPrecompilePool #2;PSOPrecompilePool #3;PSOPrecompilePool #4;PSOPrecompilePool #5;PSOPrecompilePool #6;PSOPrecompilePool #7;PSOPrecompilePool #8;PSOP...[truncated; full text in the JSON],21,0,D3D12Core.dll;GFSDK_Aftermath_Lib.x64.dll;GfnRuntimeSdk.dll;OpenColorIO_2_3.dll;SUPERVIVE-Win64-Shipping.exe;chrome_elf.dll;d3dcompiler_47.dll;dbghelp.dll;discord_partner_sdk.dll;libEGL.dll;libGLESv2.dll;libcef.dll;libogg_64.dll;libvorbis_64.dll;libvorbisfile_64.dll;preloader.dll;runtime.dll;steam_api64.dll;xaudio2_9redist.dll,2962960384,22706999296,2965848064,51481124864,3010678784,0,0,8,AMD Ryzen 7 3800XT 8-Core Processor,NVIDIA GeForce RTX 4090,D3D12,NVIDIA GeForce RTX 4090,Generic,0,false,release2.4.live-156430-shipping,156430,None,1,13987543,217,ok,ok,CrashContext.runtime-xml;CrashReportClient.ini;Loki.log;UEMinidump.dmp,4,0,,1,Loki.log,214906,1777,2026.06.30-01.44.10:559,2026.06.30-01.44.37:977,27.418,1,/Game/Loki/Maps/LVL_Login,/Game/Loki/Maps/LVL_Login,0,0,1,1,0,0,0,0,0,0,0,0,0,0,0,0,0,,,,,,,,,,,,,,,,,,,,,,,,,,
uecc,crash,UECC-Windows-3051E59B471D6183439DC4A9BC95C4A0_0000,UECC-Windows-3051E59B471D6183439DC4A9BC95C4A0_0000,,,,,,Crash,240,2026-07-11T19:25:34.449,2026-07-11T14:25:34.449,tutorial-attempted,C:\Users\eastr\AppData\Local\SUPERVIVE\Saved\Crashes\UECC-Windows-3051E59B471D6183439DC4A9BC95C4A0_0000,1,ok,Attended,92184E004579F6C13F1DD79BEAED533B,3,34112,false,false,false,false,0,true,65204,0,0,Unhandled Exception: EXCEPTION_ACCESS_VIOLATION 0x00007ff6bd575ee0,EXCEPTION_ACCESS_VIOLATION,0x00007ff6bd575ee0,,,5.4.3-0+UE5,UE5-CL-0,Shipping,Game,SUPERVIVE-Win64-Shipping,UE-Loki,Win64 [Windows 10 (22H2) [10.0.19045.7417]  64b],G:/git/GAME BACKUPS FOR REVERSE ENGINEERING/SUPERVIVE/Loki/Binaries/Win64/,59F469C3478E646FCCEBD5AF455483B1,59f469c3478e646fccebd5af455483b1,215f7d50a3644f0480b74790eb09ea82,CommandLineRemoved,639193947344490000,2026-07-11T14:25:34.550,-0.101,C568E285AECFFF0FDC960382B56DB4083133DAF0,17,16,0x7FF6B54F0000,8085ee0 12c3879 129d281 1239996 1243d97 3efc722 3ee8edb 3ec5faf 3efb466 37f8b73 4028924 403005f 40300da 4030f6c 4039696 751ef62,8085ee0 12c3879 129d281,SUPERVIVE-Win64-Shipping,0x7FF6BD575EE0,"SUPERVIVE_Win64_Shipping
SUPERVIVE_Win64_Shipping",SUPERVIVE_Win64_Shipping;SUPERVIVE_Win64_Shipping,1,0,54,65204,GameThread,65204,AudioMixerNullCallbackThread;AudioMixerRenderThread(1);Background Worker #10;Background Worker #11;Background Worker #12;Background Worker #13;Background Worker #2;Background Worker #3;Background Worker #4;Background Worker #5;Background Worker #6;Background Worker #7;Background Worker #8;Background Worker #9;BackgroundThreadPool #0;BackgroundThreadPool #1;Client Analytics Event Thread;Electra::ExecAsync;FAsyncLoadingThread;FAsyncPurge;FAsyncWriter_Loki;FHeartBeatThread;FMediaTicker;FMessageBus.DefaultBus.Router;Foreground Worker #0;Foreground Worker #1;GameThread;HttpManagerThread;IOThreadPool #0;IOThreadPool #1;IOThreadPool #2;IOThreadPool #3;IoDispatcher;IoService;LibwebsocketsThread;OnlineAsyncTaskThreadNull DefaultInstance(1);OnlineAsyncTaskThreadSteam DefaultInstance;OutputDeviceRedirector;PSOPrecompilePool #0;PSOPrecompilePool #1;PSOPrecompilePool #2;PSOPrecompilePool #3;PSOPrecompilePool #4;PSOPrecompilePool #5;PSOPrecompilePool #6;PSOPrecompilePool #7;PSOPrecompilePool #8;PSOP...[truncated; full text in the JSON],21,0,D3D12Core.dll;GFSDK_Aftermath_Lib.x64.dll;GfnRuntimeSdk.dll;OpenColorIO_2_3.dll;SUPERVIVE-Win64-Shipping.exe;chrome_elf.dll;d3dcompiler_47.dll;dbghelp.dll;discord_partner_sdk.dll;libEGL.dll;libGLESv2.dll;libcef.dll;libogg_64.dll;libvorbis_64.dll;libvorbisfile_64.dll;preloader.dll;runtime.dll;steam_api64.dll;xaudio2_9redist.dll,0,0,0,51481124864,0,0,0,8,AMD Ryzen 7 3800XT 8-Core Processor,NVIDIA GeForce RTX 4090,D3D12,NVIDIA GeForce RTX 4090,,,true,release2.4.live-156430-shipping,156430,None,1,13892289,217,ok,ok,CrashContext.runtime-xml;CrashReportClient.ini;Loki.log;UEMinidump.dmp,4,0,,1,Loki.log,373974,2620,2026.07.11-19.21.32:512,2026.07.11-19.25.32:975,240.463,2,/Game/Loki/Maps/LobbyV2/LVL_LobbyV2_Persistent,/Game/Loki/Maps/LVL_Login;/Game/Loki/Maps/LobbyV2/LVL_LobbyV2_Persistent,0,0,0,0,2,0,2,0,0,0,0,0,0,0,0,0,0,,,,,,,,,,,,,,,,,,,,,,,,,,
uecc,crash,UECC-Windows-3C91DC0849A3BA12E2CEF085672B01B1_0000,UECC-Windows-3C91DC0849A3BA12E2CEF085672B01B1_0000,,,,,,Crash,41,2026-07-07T06:32:16.827,2026-07-07T01:32:16.827,menu-lobby,C:\Users\eastr\AppData\Local\SUPERVIVE\Saved\Crashes\UECC-Windows-3C91DC0849A3BA12E2CEF085672B01B1_0000,1,ok,Attended,56F011E040BE4AF4D6709CB8206BE162,3,64796,false,false,false,false,0,,,0,0,Unhandled Exception: EXCEPTION_ACCESS_VIOLATION reading address 0x0000000000000000,EXCEPTION_ACCESS_VIOLATION,0x0000000000000000,,,5.4.3-0+UE5,UE5-CL-0,Shipping,Game,SUPERVIVE-Win64-Shipping,UE-Loki,Win64 [Windows 10 (22H2) [10.0.19045.7417]  64b],G:/git/GAME BACKUPS FOR REVERSE ENGINEERING/SUPERVIVE/Loki/Binaries/Win64/,59F469C3478E646FCCEBD5AF455483B1,59f469c3478e646fccebd5af455483b1,215f7d50a3644f0480b74790eb09ea82,CommandLineRemoved,639190027368270000,2026-07-07T01:32:16.955,-0.129,05452AC1AEB46FBF0D989052EA4D1566CA4EF30E,18,17,0x7FF6B54F0000,5782f29 57a6145 1770c08 177f885 177b5ba 178cc22 fa8275 fb2123 fa4cdc fa822f fb2123 40292dc 403005f 40300da 4030f6c 4039696 751ef62,5782f29 57a6145 1770c08,SUPERVIVE-Win64-Shipping,0x7FF6BAC72F29,"SUPERVIVE_Win64_Shipping
SUPERVIVE_Win64_Shipping
runtime
SUPERVIVE_Win64_Shipping
SUPERVIVE_Win64_Shipping",SUPERVIVE_Win64_Shipping;SUPERVIVE_Win64_Shipping;runtime;SUPERVIVE_Win64_Shipping;SUPERVIVE_Win64_Shipping,1,1,54,68372,GameThread,68372,AudioMixerNullCallbackThread;AudioMixerRenderThread(1);Background Worker #10;Background Worker #11;Background Worker #12;Background Worker #13;Background Worker #2;Background Worker #3;Background Worker #4;Background Worker #5;Background Worker #6;Background Worker #7;Background Worker #8;Background Worker #9;BackgroundThreadPool #0;BackgroundThreadPool #1;Client Analytics Event Thread;Electra::ExecAsync;FAsyncLoadingThread;FAsyncPurge;FAsyncWriter_Loki;FHeartBeatThread;FMediaTicker;FMessageBus.DefaultBus.Router;Foreground Worker #0;Foreground Worker #1;GameThread;HttpManagerThread;IOThreadPool #0;IOThreadPool #1;IOThreadPool #2;IOThreadPool #3;IoDispatcher;IoService;LibwebsocketsThread;OnlineAsyncTaskThreadNull DefaultInstance(1);OnlineAsyncTaskThreadSteam DefaultInstance;OutputDeviceRedirector;PSOPrecompilePool #0;PSOPrecompilePool #1;PSOPrecompilePool #2;PSOPrecompilePool #3;PSOPrecompilePool #4;PSOPrecompilePool #5;PSOPrecompilePool #6;PSOPrecompilePool #7;PSOPrecompilePool #8;PSOP...[truncated; full text in the JSON],21,0,D3D12Core.dll;GFSDK_Aftermath_Lib.x64.dll;GfnRuntimeSdk.dll;OpenColorIO_2_3.dll;SUPERVIVE-Win64-Shipping.exe;chrome_elf.dll;d3dcompiler_47.dll;dbghelp.dll;discord_partner_sdk.dll;libEGL.dll;libGLESv2.dll;libcef.dll;libogg_64.dll;libvorbis_64.dll;libvorbisfile_64.dll;preloader.dll;runtime.dll;steam_api64.dll;xaudio2_9redist.dll,0,0,0,51481124864,0,0,0,8,AMD Ryzen 7 3800XT 8-Core Processor,NVIDIA GeForce RTX 4090,D3D12,NVIDIA GeForce RTX 4090,Generic,0,true,release2.4.live-156430-shipping,156430,None,1,13920043,217,ok,ok,CrashContext.runtime-xml;CrashReportClient.ini;Loki.log;UEMinidump.dmp,4,0,,1,Loki.log,267462,2015,2026.07.07-06.31.34:441,2026.07.07-06.32.15:286,40.845,4,/Game/Loki/Maps/LobbyV2/LVL_LobbyV2_Persistent,/Game/Loki/Maps/LVL_Login;/Game/Loki/Maps/LobbyV2/LVL_LobbyV2_Persistent;/Game/Loki/Maps/LVL_Login;/Game/Loki/Maps/LobbyV2/LVL_LobbyV2_Persistent,0,0,0,0,0,0,0,0,0,0,0,0,0,0,0,0,0,,,,,,,,,,,,,,,,,,,,,,,,,,
uecc,crash,UECC-Windows-3EF4049A4F1DDA192FFCF39B9D4E0000_0000,UECC-Windows-3EF4049A4F1DDA192FFCF39B9D4E0000_0000,,,,,,Crash,8403,2026-07-11T05:55:22.548,2026-07-11T00:55:22.548,menu-lobby,C:\Users\eastr\AppData\Local\SUPERVIVE\Saved\Crashes\UECC-Windows-3EF4049A4F1DDA192FFCF39B9D4E0000_0000,1,ok,Attended,2AE69A934AE8E776EF21B999FBE94EF0,3,49816,false,false,false,true,0,,,0,0,Unhandled Exception: EXCEPTION_ACCESS_VIOLATION reading address 0x0000000000000000,EXCEPTION_ACCESS_VIOLATION,0x0000000000000000,,,5.4.3-0+UE5,UE5-CL-0,Shipping,Game,SUPERVIVE-Win64-Shipping,UE-Loki,Win64 [Windows 10 (22H2) [10.0.19045.7417]  64b],G:/git/GAME BACKUPS FOR REVERSE ENGINEERING/SUPERVIVE/Loki/Binaries/Win64/,59F469C3478E646FCCEBD5AF455483B1,59f469c3478e646fccebd5af455483b1,215f7d50a3644f0480b74790eb09ea82,CommandLineRemoved,639193461225480000,2026-07-11T00:55:22.643,-0.095,50A9FDF3493981BD1B7491EC5AB982F055D624AE,21,20,0x7FF6B54F0000,107d500 122642f 12204d5 1205748 511fe12 511fc0f 511f6bb 511faa0 510b257 51011de 5100518 352a0d2 108834d 106c57f f8b2be f9d9bc f87040 100c334 115ed67 115c4b1,107d500 122642f 12204d5,SUPERVIVE-Win64-Shipping,0x7FF6B656D500,"SUPERVIVE_Win64_Shipping
SUPERVIVE_Win64_Shipping",SUPERVIVE_Win64_Shipping;SUPERVIVE_Win64_Shipping,1,0,54,108412,Foreground Worker #1,106568,@;Background Worker #10;Background Worker #11;Background Worker #12;Background Worker #13;Background Worker #2;Background Worker #3;Background Worker #4;Background Worker #5;Background Worker #6;Background Worker #7;Background Worker #8;Background Worker #9;BackgroundThreadPool #0;BackgroundThreadPool #1;Electra::ExecAsync;FAsyncWriter_Loki;FHeartBeatThread;FMediaTicker;Foreground Worker #0;Foreground Worker #1;GameThread;HttpManagerThread;LibwebsocketsThread;OnlineAsyncTaskThreadNull DefaultInstance(1);OnlineAsyncTaskThreadSteam DefaultInstance;OutputDeviceRedirector;PSOPrecompilePool #0;PSOPrecompilePool #1;PSOPrecompilePool #2;PSOPrecompilePool #3;PSOPrecompilePool #4;PSOPrecompilePool #5;PSOPrecompilePool #6;PSOPrecompilePool #7;PSOPrecompilePool #8;PSOPrecompilePool #9;RHIInterruptThread;RHISubmissionThread;RHIThread,20,0,D3D12Core.dll;GFSDK_Aftermath_Lib.x64.dll;OpenColorIO_2_3.dll;SUPERVIVE-Win64-Shipping.exe;chrome_elf.dll;d3dcompiler_47.dll;dbghelp.dll;discord_partner_sdk.dll;libEGL.dll;libGLESv2.dll;libcef.dll;libogg_64.dll;libvorbis_64.dll;libvorbisfile_64.dll;preloader.dll;runtime.dll;steam_api64.dll;xaudio2_9redist.dll,0,0,0,51481124864,0,0,0,8,AMD Ryzen 7 3800XT 8-Core Processor,NVIDIA GeForce RTX 4090,D3D12,NVIDIA GeForce RTX 4090,,,false,release2.4.live-156430-shipping,156430,,1,13775743,215,ok,ok,CrashContext.runtime-xml;CrashReportClient.ini;Loki.log;UEMinidump.dmp,4,0,,1,Loki.log,2692446,8330,2026.07.11-03.35.17:062,2026.07.11-05.55.21:324,8404.262,2,/Game/Loki/Maps/LobbyV2/LVL_LobbyV2_Persistent,/Game/Loki/Maps/LVL_Login;/Game/Loki/Maps/LobbyV2/LVL_LobbyV2_Persistent,0,0,0,0,0,0,0,0,0,0,0,0,0,0,0,0,0,,,,,,,,,,,,,,,,,,,,,,,,,,
uecc,crash,UECC-Windows-45B3486E4DD3481E45B93FBDD60DB784_0000,UECC-Windows-45B3486E4DD3481E45B93FBDD60DB784_0000,,,,,,Crash,25,2026-06-30T06:05:54.900,2026-06-30T01:05:54.900,menu-login,C:\Users\eastr\AppData\Local\SUPERVIVE\Saved\Crashes\UECC-Windows-45B3486E4DD3481E45B93FBDD60DB784_0000,1,ok,Attended,4BE0F7E045AE294EB71E9A97ACEE9132,3,61852,false,false,false,false,0,,,0,0,Unhandled Exception: EXCEPTION_ACCESS_VIOLATION reading address 0x0000000900000000,EXCEPTION_ACCESS_VIOLATION,0x0000000900000000,,,5.4.3-0+UE5,UE5-CL-0,Shipping,Game,SUPERVIVE-Win64-Shipping,UE-Loki,Win64 [Windows 10 (22H2) [10.0.19045.7417]  64b],G:/git/GAME BACKUPS FOR REVERSE ENGINEERING/SUPERVIVE/Loki/Binaries/Win64/,59F469C3478E646FCCEBD5AF455483B1,59f469c3478e646fccebd5af455483b1,215f7d50a3644f0480b74790eb09ea82,CommandLineRemoved,639183963549000000,2026-06-30T01:05:55.012,-0.112,010513B6411B9FB45EDFBBFB675F0A2B9DA0BF11,14,13,0x7FF682A80000,fe1746 296f4c1 296f247 2973685 29c99ee 2aef879 2af41ca 2aefd3f f8aba3 f96a8e 2b91aab 115ed67 115c4b1,fe1746 296f4c1 296f247,SUPERVIVE-Win64-Shipping,0x7FF683A61746,"SUPERVIVE_Win64_Shipping
SUPERVIVE_Win64_Shipping",SUPERVIVE_Win64_Shipping;SUPERVIVE_Win64_Shipping,1,0,54,64636,RHIThread,61588,AudioMixerNullCallbackThread;AudioMixerRenderThread(1);Background Worker #10;Background Worker #11;Background Worker #12;Background Worker #13;Background Worker #2;Background Worker #3;Background Worker #4;Background Worker #5;Background Worker #6;Background Worker #7;Background Worker #8;Background Worker #9;BackgroundThreadPool #0;BackgroundThreadPool #1;Client Analytics Event Thread;Electra::ExecAsync;FAsyncLoadingThread;FAsyncPurge;FAsyncWriter_Loki;FHeartBeatThread;FMediaTicker;FMessageBus.DefaultBus.Router;Foreground Worker #0;Foreground Worker #1;GameThread;HttpManagerThread;IOThreadPool #0;IOThreadPool #1;IOThreadPool #2;IOThreadPool #3;IoDispatcher;IoService;LibwebsocketsThread;OnlineAsyncTaskThreadNull DefaultInstance(1);OnlineAsyncTaskThreadSteam DefaultInstance;OutputDeviceRedirector;PSOPrecompilePool #0;PSOPrecompilePool #1;PSOPrecompilePool #2;PSOPrecompilePool #3;PSOPrecompilePool #4;PSOPrecompilePool #5;PSOPrecompilePool #6;PSOPrecompilePool #7;PSOPrecompilePool #8;PSOP...[truncated; full text in the JSON],21,0,D3D12Core.dll;GFSDK_Aftermath_Lib.x64.dll;GfnRuntimeSdk.dll;OpenColorIO_2_3.dll;SUPERVIVE-Win64-Shipping.exe;chrome_elf.dll;d3dcompiler_47.dll;dbghelp.dll;discord_partner_sdk.dll;libEGL.dll;libGLESv2.dll;libcef.dll;libogg_64.dll;libvorbis_64.dll;libvorbisfile_64.dll;preloader.dll;runtime.dll;steam_api64.dll;xaudio2_9redist.dll,0,0,0,51481124864,0,0,0,8,AMD Ryzen 7 3800XT 8-Core Processor,NVIDIA GeForce RTX 4090,D3D12,NVIDIA GeForce RTX 4090,,0,false,release2.4.live-156430-shipping,156430,None,1,14000674,217,ok,ok,Breadcrumbs_RHIThread_0.txt;CrashContext.runtime-xml;CrashReportClient.ini;Loki.log;UEMinidump.dmp,5,1,Breadcrumbs 'RHIThread' |,1,Loki.log,243645,1864,2026.06.30-06.05.29:305,2026.06.30-06.05.53:323,24.018,1,/Game/Loki/Maps/LVL_Login,/Game/Loki/Maps/LVL_Login,0,0,0,0,0,0,0,0,0,0,0,0,0,0,0,0,0,,,,,,,,,,,,,,,,,,,,,,,,,,
uecc,crash,UECC-Windows-45C234614370814266F9EFB620065AFF_0000,UECC-Windows-45C234614370814266F9EFB620065AFF_0000,,,,,,Crash,3216,2026-07-19T08:08:46.576,2026-07-19T03:08:46.576,menu-lobby,C:\Users\eastr\AppData\Local\SUPERVIVE\Saved\Crashes\UECC-Windows-45C234614370814266F9EFB620065AFF_0000,1,ok,Attended,D54725CF4F05AD41E9F38E812C1E0642,3,22672,false,false,false,true,0,,,0,0,Unhandled Exception: EXCEPTION_ACCESS_VIOLATION reading address 0x0000000000000000,EXCEPTION_ACCESS_VIOLATION,0x0000000000000000,,,5.4.3-0+UE5,UE5-CL-0,Shipping,Game,SUPERVIVE-Win64-Shipping,UE-Loki,Win64 [Windows 10 (22H2) [10.0.19045.7417]  64b],G:/git/GAME BACKUPS FOR REVERSE ENGINEERING/SUPERVIVE/Loki/Binaries/Win64/,59F469C3478E646FCCEBD5AF455483B1,59f469c3478e646fccebd5af455483b1,215f7d50a3644f0480b74790eb09ea82,CommandLineRemoved,639200453265760000,2026-07-19T03:08:47.035,-0.459,50A9FDF3493981BD1B7491EC5AB982F055D624AE,21,20,0x7FF6AF000000,107d500 122642f 12204d5 1205748 511fe12 511fc0f 511f6bb 511faa0 510b257 51011de 5100518 352a0d2 108834d 106c57f f8b2be f9d9bc f87040 100c334 115ed67 115c4b1,107d500 122642f 12204d5,SUPERVIVE-Win64-Shipping,0x7FF6B007D500,"SUPERVIVE_Win64_Shipping
SUPERVIVE_Win64_Shipping",SUPERVIVE_Win64_Shipping;SUPERVIVE_Win64_Shipping,1,0,54,15308,Foreground Worker #0,78496,@;Background Worker #10;Background Worker #11;Background Worker #12;Background Worker #13;Background Worker #2;Background Worker #3;Background Worker #4;Background Worker #5;Background Worker #6;Background Worker #7;Background Worker #8;Background Worker #9;BackgroundThreadPool #0;BackgroundThreadPool #1;Electra::ExecAsync;FAsyncWriter_Loki;FHeartBeatThread;FMediaTicker;Foreground Worker #0;Foreground Worker #1;GameThread;HttpManagerThread;OnlineAsyncTaskThreadNull DefaultInstance(1);OnlineAsyncTaskThreadSteam DefaultInstance;OutputDeviceRedirector;PSOPrecompilePool #0;PSOPrecompilePool #1;PSOPrecompilePool #2;PSOPrecompilePool #3;PSOPrecompilePool #4;PSOPrecompilePool #5;PSOPrecompilePool #6;PSOPrecompilePool #7;PSOPrecompilePool #8;PSOPrecompilePool #9;RHIInterruptThread;RHISubmissionThread;RHIThread,20,0,D3D12Core.dll;GFSDK_Aftermath_Lib.x64.dll;OpenColorIO_2_3.dll;SUPERVIVE-Win64-Shipping.exe;chrome_elf.dll;d3dcompiler_47.dll;dbghelp.dll;discord_partner_sdk.dll;libEGL.dll;libGLESv2.dll;libcef.dll;libogg_64.dll;libvorbis_64.dll;libvorbisfile_64.dll;preloader.dll;runtime.dll;steam_api64.dll;xaudio2_9redist.dll,0,0,0,51481124864,0,0,0,8,AMD Ryzen 7 3800XT 8-Core Processor,NVIDIA GeForce RTX 4090,D3D12,NVIDIA GeForce RTX 4090,,,false,release2.4.live-156430-shipping,156430,,1,13869895,218,ok,ok,CrashContext.runtime-xml;CrashReportClient.ini;Loki.log;UEMinidump.dmp,4,0,,1,Loki.log,1455519,6140,2026.07.19-07.15.00:570,2026.07.19-08.08.40:575,3220.005,2,/Game/Loki/Maps/LobbyV2/LVL_LobbyV2_Persistent,/Game/Loki/Maps/LVL_Login;/Game/Loki/Maps/LobbyV2/LVL_LobbyV2_Persistent,0,0,0,0,0,0,0,0,0,0,0,0,0,0,0,0,0,,,,,,,,,,,,,,,,,,,,,,,,,,
uecc,crash,UECC-Windows-471B48854CEC956E332B40B06F47FF5E_0000,UECC-Windows-471B48854CEC956E332B40B06F47FF5E_0000,,,,,,Crash,60,2026-07-12T17:39:37.261,2026-07-12T12:39:37.261,tutorial,C:\Users\eastr\AppData\Local\SUPERVIVE\Saved\Crashes\UECC-Windows-471B48854CEC956E332B40B06F47FF5E_0000,1,ok,Attended,6EF2152943D22400FBB4F6A725CB49A0,3,84808,false,false,false,false,0,,,0,0,Unhandled Exception: EXCEPTION_ACCESS_VIOLATION reading address 0x0000000000000000,EXCEPTION_ACCESS_VIOLATION,0x0000000000000000,,,5.4.3-0+UE5,UE5-CL-0,Shipping,Game,SUPERVIVE-Win64-Shipping,UE-Loki,Win64 [Windows 10 (22H2) [10.0.19045.7417]  64b],G:/git/GAME BACKUPS FOR REVERSE ENGINEERING/SUPERVIVE/Loki/Binaries/Win64/,59F469C3478E646FCCEBD5AF455483B1,59f469c3478e646fccebd5af455483b1,215f7d50a3644f0480b74790eb09ea82,CommandLineRemoved,639194747772610000,2026-07-12T12:39:37.356,-0.095,62CFEE1A30095B493D1FC8D3E4A06078FC39D614,33,27,0x7FF6B54F0000,560f8ae 5609210 560127c 5457270 feca12 1225fd6 13453a5 341721b 36a1aa3 36a1bdc 36a412b 36a339a 35aa803 3ed1a7f 3ed8642 f96a8e f9ce6a 3eeedd4 3ef3e65 39c76c6 37f8b8c 4028924 403005f 40300da 4030f6c 4039696 751ef62,560f8ae 5609210 560127c,SUPERVIVE-Win64-Shipping,0x7FF6BAAFF8AE,SUPERVIVE_Win64_Shipping,SUPERVIVE_Win64_Shipping,1,0,54,53956,GameThread,53956,AudioMixerNullCallbackThread;AudioMixerRenderThread(1);Background Worker #10;Background Worker #11;Background Worker #12;Background Worker #13;Background Worker #2;Background Worker #3;Background Worker #4;Background Worker #5;Background Worker #6;Background Worker #7;Background Worker #8;Background Worker #9;BackgroundThreadPool #0;BackgroundThreadPool #1;Client Analytics Event Thread;Electra::ExecAsync;FAsyncLoadingThread;FAsyncPurge;FAsyncWriter_Loki;FHeartBeatThread;FMediaTicker;FMessageBus.DefaultBus.Router;Foreground Worker #0;Foreground Worker #1;GameThread;HttpManagerThread;IOThreadPool #0;IOThreadPool #1;IOThreadPool #2;IOThreadPool #3;IoDispatcher;IoService;LibwebsocketsThread;OnlineAsyncTaskThreadNull DefaultInstance(1);OnlineAsyncTaskThreadSteam DefaultInstance;OutputDeviceRedirector;PSOPrecompilePool #0;PSOPrecompilePool #1;PSOPrecompilePool #2;PSOPrecompilePool #3;PSOPrecompilePool #4;PSOPrecompilePool #5;PSOPrecompilePool #6;PSOPrecompilePool #7;PSOPrecompilePool #8;PSOP...[truncated; full text in the JSON],21,0,D3D12Core.dll;GFSDK_Aftermath_Lib.x64.dll;GfnRuntimeSdk.dll;OpenColorIO_2_3.dll;SUPERVIVE-Win64-Shipping.exe;chrome_elf.dll;d3dcompiler_47.dll;dbghelp.dll;discord_partner_sdk.dll;libEGL.dll;libGLESv2.dll;libcef.dll;libogg_64.dll;libvorbis_64.dll;libvorbisfile_64.dll;preloader.dll;runtime.dll;steam_api64.dll;xaudio2_9redist.dll,0,0,0,51481124864,0,0,0,8,AMD Ryzen 7 3800XT 8-Core Processor,NVIDIA GeForce RTX 4090,D3D12,NVIDIA GeForce RTX 4090,,,false,release2.4.live-156430-shipping,156430,None,1,13705424,217,ok,ok,CrashContext.runtime-xml;CrashReportClient.ini;Loki.log;UEMinidump.dmp,4,0,,1,Loki.log,2177833,15267,2026.07.12-17.38.36:841,2026.07.12-17.39.35:919,59.078,3,/Game/Loki/Maps/Tutorial/LVL_Tutorial,/Game/Loki/Maps/LVL_Login;/Game/Loki/Maps/LobbyV2/LVL_LobbyV2_Persistent;/Game/Loki/Maps/Tutorial/LVL_Tutorial,0,0,0,0,705,12528,2,0,0,0,0,0,0,0,0,0,0,,,,,,,,,,,,,,,,,,,,,,,,,,
uecc,degenerate,UECC-Windows-4875FA894AC07B47C08AFFB5BDBE5946_0000,UECC-Windows-4875FA894AC07B47C08AFFB5BDBE5946_0000,,,,,,Crash,0,,,,C:\Users\eastr\AppData\Local\SUPERVIVE\Saved\Crashes\UECC-Windows-4875FA894AC07B47C08AFFB5BDBE5946_0000,1,ok,Attended,FB65B72D409B7DCCC31FEBBA1F9D8FDF,3,50932,false,false,false,false,0,,,0,0,Unhandled Exception: EXCEPTION_ACCESS_VIOLATION reading address 0x0000014ae5dde000,EXCEPTION_ACCESS_VIOLATION,0x0000014ae5dde000,,,5.4.3-0+UE5,UE5-CL-0,Shipping,Game,SUPERVIVE-Win64-Shipping,UE-Loki,WindowsClient,G:/git/GAME BACKUPS FOR REVERSE ENGINEERING/SUPERVIVE/Loki/Binaries/Win64/,59F469C3478E646FCCEBD5AF455483B1,59f469c3478e646fccebd5af455483b1,215f7d50a3644f0480b74790eb09ea82,-ini:Engine:[/Script/AccelByteUe4Sdk.AccelByteSettings]:BaseUrl=http://localhost:8080 -ini:Engine:[/Script/AccelByteUe4Sdk.AccelByteSettings]:IamServerUrl=http://localhost:8080/iam -ini:Engine:[/Script/AccelByteUe4Sdk.AccelByteSettings]:PlatformServerUrl=http://localhost:8080/platform -ini:Engine:[/Script/AccelByteUe4Sdk.AccelByteSettings]:BasicServerUrl=http://localhost:8080/basic -ini:Engine:[/Script/AccelByteUe4Sdk.AccelByteSettings]:LobbyServerUrl=ws://localhost:8080/lobby/ -ini:Engine:[/Script/Loki.LokiGameProjectSettings]:ProdPostAuthURL=http://localhost:8080 -ini:Engine:[/Script/Loki.LokiGameProjectSettings]:ProdClientConfigURL=http://localhost:8080 -ini:Game:[/Script/Loki.LokiGameProjectSettings]:ProdPostAuthURL=http://localhost:8080 -ini:Game:[/Script/Loki.LokiGameProjectSettings]:ProdClientConfigURL=http://localhost:8080 -log,,2026-08-04T23:05:01.733,,DA39A3EE5E6B4B0D3255BFEF95601890AFD80709,2,0,,,,mdnsNSP,0x14ABA79205D,,,0,0,43,,,49812,Background Worker #10;Background Worker #11;Background Worker #12;Background Worker #13;Background Worker #2;Background Worker #3;Background Worker #4;Background Worker #5;Background Worker #6;Background Worker #7;Background Worker #8;Background Worker #9;BackgroundThreadPool #0;BackgroundThreadPool #1;FAsyncWriter_Loki;FChunkCacheWorker;FHeartBeatThread;FMediaTicker;Foreground Worker #0;Foreground Worker #1;GameThread;HttpManagerThread;IOThreadPool #0;IOThreadPool #1;IOThreadPool #2;IOThreadPool #3;OnlineAsyncTaskThreadNull DefaultInstance(1);OutputDeviceRedirector,0,0,,0,0,0,51481124864,0,0,0,8,AMD Ryzen 7 3800XT 8-Core Processor,NVIDIA GeForce RTX 4090,,,,,,,,,1,0,,zero-byte,os-only,CrashContext.runtime-xml;CrashReportClient.ini;UEMinidump.dmp,3,0,,0,,,,,,,,,,,,,,,,,,,,,,,,,,,,,,,,,,,,,,,,,,,,,,,,,,,,
uecc,crash,UECC-Windows-49BFA2A9450C1B4904530E9EF913F842_0000,UECC-Windows-49BFA2A9450C1B4904530E9EF913F842_0000,,,,,,Assert,107,2026-07-11T02:11:07.918,2026-07-10T21:11:07.918,tutorial-attempted,C:\Users\eastr\AppData\Local\SUPERVIVE\Saved\Crashes\UECC-Windows-49BFA2A9450C1B4904530E9EF913F842_0000,1,ok,Attended,9FDA17DC47AE7CC3D8C5B08E1D32F9DF,3,34256,false,false,true,false,0,,,0,0,Fatal error: [File:C:\TheoryCraft\build-staging\Engine\Source\Runtime\Engine\Private\UnrealEngine.cpp] [Line: 15551] Couldn't spawn player: ALokiGameMode::Login failed to Login,,,UnrealEngine.cpp,15551,5.4.3-0+UE5,UE5-CL-0,Shipping,Game,SUPERVIVE-Win64-Shipping,UE-Loki,Win64 [Windows 10 (22H2) [10.0.19045.7417]  64b],G:/git/GAME BACKUPS FOR REVERSE ENGINEERING/SUPERVIVE/Loki/Binaries/Win64/,59F469C3478E646FCCEBD5AF455483B1,59f469c3478e646fccebd5af455483b1,215f7d50a3644f0480b74790eb09ea82,CommandLineRemoved,639193326679180000,2026-07-10T21:11:08.086,-0.168,D5ABA8A5577B609F8D98EADFA8C5BA62E267B0EE,11,10,0x7FF6B54F0000,3ee9cf5 3ec5faf 3efb466 37f8b73 4028924 403005f 40300da 4030f6c 4039696 751ef62,3ee9cf5 3ec5faf 3efb466,SUPERVIVE-Win64-Shipping,0x7FF6B93D9CF5,,,0,0,54,99128,GameThread,99128,AudioMixerNullCallbackThread;AudioMixerRenderThread(1);Background Worker #10;Background Worker #11;Background Worker #12;Background Worker #13;Background Worker #2;Background Worker #3;Background Worker #4;Background Worker #5;Background Worker #6;Background Worker #7;Background Worker #8;Background Worker #9;BackgroundThreadPool #0;BackgroundThreadPool #1;Client Analytics Event Thread;Electra::ExecAsync;FAsyncLoadingThread;FAsyncPurge;FAsyncWriter_Loki;FHeartBeatThread;FMediaTicker;FMessageBus.DefaultBus.Router;Foreground Worker #0;Foreground Worker #1;GameThread;HttpManagerThread;IOThreadPool #0;IOThreadPool #1;IOThreadPool #2;IOThreadPool #3;IoDispatcher;IoService;LibwebsocketsThread;OnlineAsyncTaskThreadNull DefaultInstance(1);OnlineAsyncTaskThreadSteam DefaultInstance;OutputDeviceRedirector;PSOPrecompilePool #0;PSOPrecompilePool #1;PSOPrecompilePool #2;PSOPrecompilePool #3;PSOPrecompilePool #4;PSOPrecompilePool #5;PSOPrecompilePool #6;PSOPrecompilePool #7;PSOPrecompilePool #8;PSOP...[truncated; full text in the JSON],21,0,D3D12Core.dll;GFSDK_Aftermath_Lib.x64.dll;GfnRuntimeSdk.dll;OpenColorIO_2_3.dll;SUPERVIVE-Win64-Shipping.exe;chrome_elf.dll;d3dcompiler_47.dll;dbghelp.dll;discord_partner_sdk.dll;libEGL.dll;libGLESv2.dll;libcef.dll;libogg_64.dll;libvorbis_64.dll;libvorbisfile_64.dll;preloader.dll;runtime.dll;steam_api64.dll;xaudio2_9redist.dll,5804564480,21030072320,5864628224,51481124864,7795707904,0,0,8,AMD Ryzen 7 3800XT 8-Core Processor,NVIDIA GeForce RTX 4090,D3D12,NVIDIA GeForce RTX 4090,,,true,release2.4.live-156430-shipping,156430,None,1,13642186,217,ok,ok,CrashContext.runtime-xml;CrashReportClient.ini;Loki.log;UEMinidump.dmp,4,0,,1,Loki.log,336409,2569,2026.07.11-02.09.18:458,2026.07.11-02.11.06:768,108.31,2,/Game/Loki/Maps/LobbyV2/LVL_LobbyV2_Persistent,/Game/Loki/Maps/LVL_Login;/Game/Loki/Maps/LobbyV2/LVL_LobbyV2_Persistent,0,0,1,1,11,0,2,0,0,0,0,0,0,0,0,0,0,,,,,,,,,,,,,,,,,,,,,,,,,,
uecc,crash,UECC-Windows-4BC8B9694F2C1A6A188CB8A9E01956AB_0000,UECC-Windows-4BC8B9694F2C1A6A188CB8A9E01956AB_0000,,,,,,Crash,0,2026-08-04T23:18:10.211,2026-08-04T18:18:10.211,unknown,C:\Users\eastr\AppData\Local\SUPERVIVE\Saved\Crashes\UECC-Windows-4BC8B9694F2C1A6A188CB8A9E01956AB_0000,1,ok,Attended,C3B3522646FC4692809BFD9A28DD62CE,3,37620,false,false,false,false,0,,,0,0,Unhandled Exception: EXCEPTION_ACCESS_VIOLATION reading address 0x000001ee1b420000,EXCEPTION_ACCESS_VIOLATION,0x000001ee1b420000,,,5.4.3-0+UE5,UE5-CL-0,Shipping,Game,SUPERVIVE-Win64-Shipping,UE-Loki,Win64 [Windows 10 (22H2) [10.0.19045.7548]  64b],G:/git/GAME BACKUPS FOR REVERSE ENGINEERING/SUPERVIVE/Loki/Binaries/Win64/,59F469C3478E646FCCEBD5AF455483B1,59f469c3478e646fccebd5af455483b1,215f7d50a3644f0480b74790eb09ea82,CommandLineRemoved,639214822902110000,2026-08-04T18:18:10.328,-0.117,DA39A3EE5E6B4B0D3255BFEF95601890AFD80709,2,0,,,,mdnsNSP,0x1ED96B0205D,"kernel32
ntdll",kernel32;ntdll,0,0,60,,,20436,Background Worker #10;Background Worker #11;Background Worker #12;Background Worker #13;Background Worker #2;Background Worker #3;Background Worker #4;Background Worker #5;Background Worker #6;Background Worker #7;Background Worker #8;Background Worker #9;BackgroundThreadPool #0;BackgroundThreadPool #1;FAsyncWriter_Loki;FChunkCacheWorker;FHeartBeatThread;FMediaTicker;Foreground Worker #0;Foreground Worker #1;GameThread;HttpManagerThread;IOThreadPool #0;IOThreadPool #1;IOThreadPool #2;IOThreadPool #3;IoDispatcher;IoService;OnlineAsyncTaskThreadNull DefaultInstance(1);OutputDeviceRedirector;PSOPrecompilePool #0;PSOPrecompilePool #1;PSOPrecompilePool #2;PSOPrecompilePool #3;PSOPrecompilePool #4;PSOPrecompilePool #5;PSOPrecompilePool #6;PSOPrecompilePool #7;PSOPrecompilePool #8;PSOPrecompilePool #9;RHIInterruptThread;RHISubmissionThread;RHIThread;RTHeartBeat 0;RenderThread 0,17,0,D3D12Core.dll;GFSDK_Aftermath_Lib.x64.dll;GfnRuntimeSdk.dll;OpenColorIO_2_3.dll;SUPERVIVE-Win64-Shipping.exe;chrome_elf.dll;d3dcompiler_47.dll;dbghelp.dll;discord_partner_sdk.dll;libEGL.dll;libGLESv2.dll;libcef.dll;preloader.dll;runtime.dll;steam_api64.dll,0,0,0,51481124864,0,0,0,8,AMD Ryzen 7 3800XT 8-Core Processor,NVIDIA GeForce RTX 4090,D3D12,NVIDIA GeForce RTX 4090,,,,,,,1,13410758,202,ok,os-only,CrashContext.runtime-xml;CrashReportClient.ini;Loki.log;UEMinidump.dmp,4,0,,1,Loki.log,86703,865,2026.08.04-23.17.59:388,2026.08.04-23.18.04:830,5.442,0,,,0,0,0,0,0,0,0,0,0,0,0,0,0,0,0,0,0,,,,,,,,,,,,,,,,,,,,,,,,,,
uecc,crash,UECC-Windows-558FB74841F0592E6A618E8999BF420D_0000,UECC-Windows-558FB74841F0592E6A618E8999BF420D_0000,,,,,,Crash,25,2026-07-01T01:52:27.142,2026-06-30T20:52:27.142,menu-login,C:\Users\eastr\AppData\Local\SUPERVIVE\Saved\Crashes\UECC-Windows-558FB74841F0592E6A618E8999BF420D_0000,1,ok,Attended,2F3C7B6D41D9CE788B4E17A291F2BDBD,3,52048,false,false,false,false,0,,,0,0,Unhandled Exception: EXCEPTION_ACCESS_VIOLATION reading address 0x0000000000000160,EXCEPTION_ACCESS_VIOLATION,0x0000000000000160,,,5.4.3-0+UE5,UE5-CL-0,Shipping,Game,SUPERVIVE-Win64-Shipping,UE-Loki,Win64 [Windows 10 (22H2) [10.0.19045.7417]  64b],G:/git/GAME BACKUPS FOR REVERSE ENGINEERING/SUPERVIVE/Loki/Binaries/Win64/,59F469C3478E646FCCEBD5AF455483B1,59f469c3478e646fccebd5af455483b1,215f7d50a3644f0480b74790eb09ea82,CommandLineRemoved,639184675471420000,2026-06-30T20:52:27.241,-0.1,29DE7FD547E24787C61F8E440F90C38C5157B255,81,80,0x7FF682A80000,3ec456a 3eee906 35be574 35b817c 35b80b5 338cb01 35b8403 51792c6 517f2b2 51a0b5f 516581e 1225fd6 13433b2 1344822 1345608 13429e8 13495b0 1345608 1345511 1225fd6 13453a5 4c4878f 4c48045 4c4fbaa 3123f95 3123ab9 315bffd 3123bee 3123ab9 3143b52 4c56a88 3123bee 30debb5 310237d 3123bee 3123ab9 315bffd 3123bee 3101e61 3123bee 30df46f 310440b 3123bee 30deef2 31037dd 3123bee 3123ab9 315bffd 3123bee 3123ab9 30623df 309426c 3123bee 3123ab9 315bffd 4c55b76 3123bee 3123ab9 30609b6 3060cbf 314342c 3169943 1225fd6 13433b2 1344822 1345608 1345511 1225fd6 13453a5 33962f2 39c818d 39bb51e 39c77cc 37f8b8c 4028924 403005f 40300da 4030f6c 4039696 751ef62,3ec456a 3eee906 35be574,SUPERVIVE-Win64-Shipping,0x7FF68694456A,SUPERVIVE_Win64_Shipping,SUPERVIVE_Win64_Shipping,1,0,54,70360,GameThread,70360,AudioMixerNullCallbackThread;AudioMixerRenderThread(1);Background Worker #10;Background Worker #11;Background Worker #12;Background Worker #13;Background Worker #2;Background Worker #3;Background Worker #4;Background Worker #5;Background Worker #6;Background Worker #7;Background Worker #8;Background Worker #9;BackgroundThreadPool #0;BackgroundThreadPool #1;Client Analytics Event Thread;Electra::ExecAsync;FAsyncLoadingThread;FAsyncPurge;FAsyncWriter_Loki;FHeartBeatThread;FMediaTicker;FMessageBus.DefaultBus.Router;Foreground Worker #0;Foreground Worker #1;GameThread;HttpManagerThread;IOThreadPool #0;IOThreadPool #1;IOThreadPool #2;IOThreadPool #3;IoDispatcher;IoService;LibwebsocketsThread;OnlineAsyncTaskThreadNull DefaultInstance(1);OnlineAsyncTaskThreadSteam DefaultInstance;OutputDeviceRedirector;PSOPrecompilePool #0;PSOPrecompilePool #1;PSOPrecompilePool #2;PSOPrecompilePool #3;PSOPrecompilePool #4;PSOPrecompilePool #5;PSOPrecompilePool #6;PSOPrecompilePool #7;PSOPrecompilePool #8;PSOP...[truncated; full text in the JSON],21,0,D3D12Core.dll;GFSDK_Aftermath_Lib.x64.dll;GfnRuntimeSdk.dll;OpenColorIO_2_3.dll;SUPERVIVE-Win64-Shipping.exe;chrome_elf.dll;d3dcompiler_47.dll;dbghelp.dll;discord_partner_sdk.dll;libEGL.dll;libGLESv2.dll;libcef.dll;libogg_64.dll;libvorbis_64.dll;libvorbisfile_64.dll;preloader.dll;runtime.dll;steam_api64.dll;xaudio2_9redist.dll,0,0,0,51481124864,0,0,0,8,AMD Ryzen 7 3800XT 8-Core Processor,NVIDIA GeForce RTX 4090,D3D12,NVIDIA GeForce RTX 4090,,0,,release2.4.live-156430-shipping,156430,None,1,14064933,217,ok,ok,CrashContext.runtime-xml;CrashReportClient.ini;Loki.log;UEMinidump.dmp,4,0,,1,Loki.log,261961,1995,2026.07.01-01.52.00:676,2026.07.01-01.52.25:930,25.254,3,/Game/Loki/Maps/LVL_Login,/Game/Loki/Maps/LVL_Login;/Game/Loki/Maps/LobbyV2/LVL_LobbyV2_Persistent;/Game/Loki/Maps/LVL_Login,0,0,0,0,0,0,0,0,0,0,0,0,0,0,0,0,0,,,,,,,,,,,,,,,,,,,,,,,,,,
uecc,crash,UECC-Windows-5CAD7A204B2BFFDB3CAA7785515EC4A1_0000,UECC-Windows-5CAD7A204B2BFFDB3CAA7785515EC4A1_0000,,,,,,Crash,259,2026-06-27T08:59:12.391,2026-06-27T03:59:12.391,menu-lobby,C:\Users\eastr\AppData\Local\SUPERVIVE\Saved\Crashes\UECC-Windows-5CAD7A204B2BFFDB3CAA7785515EC4A1_0000,1,ok,Attended,1D902C3E43BABF99DD2ED0A2CCA06570,3,9684,false,false,false,true,0,,,0,0,Unhandled Exception: EXCEPTION_ACCESS_VIOLATION reading address 0x0000000000000000,EXCEPTION_ACCESS_VIOLATION,0x0000000000000000,,,5.4.3-0+UE5,UE5-CL-0,Shipping,Game,SUPERVIVE-Win64-Shipping,UE-Loki,Win64 [Windows 10 (22H2) [10.0.19045.7417]  64b],G:/git/GAME BACKUPS FOR REVERSE ENGINEERING/SUPERVIVE/Loki/Binaries/Win64/,59F469C3478E646FCCEBD5AF455483B1,59f469c3478e646fccebd5af455483b1,215f7d50a3644f0480b74790eb09ea82,CommandLineRemoved,639181475523910000,2026-06-27T03:59:12.639,-0.248,50A9FDF3493981BD1B7491EC5AB982F055D624AE,21,20,0x7FF73DBF0000,107d500 122642f 12204d5 1205748 511fe12 511fc0f 511f6bb 511faa0 510b257 51011de 5100518 352a0d2 108834d 106c57f f8b2be f9d9bc f87040 100c334 115ed67 115c4b1,107d500 122642f 12204d5,SUPERVIVE-Win64-Shipping,0x7FF73EC6D500,"SUPERVIVE_Win64_Shipping
SUPERVIVE_Win64_Shipping",SUPERVIVE_Win64_Shipping;SUPERVIVE_Win64_Shipping,1,0,54,50120,Foreground Worker #0,35988,@;Background Worker #10;Background Worker #11;Background Worker #12;Background Worker #13;Background Worker #2;Background Worker #3;Background Worker #4;Background Worker #5;Background Worker #6;Background Worker #7;Background Worker #8;Background Worker #9;BackgroundThreadPool #0;BackgroundThreadPool #1;Electra::ExecAsync;FAsyncWriter_Loki;FHeartBeatThread;FMediaTicker;Foreground Worker #0;Foreground Worker #1;GameThread;HttpManagerThread;OnlineAsyncTaskThreadNull DefaultInstance(1);OnlineAsyncTaskThreadSteam DefaultInstance;OutputDeviceRedirector;PSOPrecompilePool #0;PSOPrecompilePool #1;PSOPrecompilePool #2;PSOPrecompilePool #3;PSOPrecompilePool #4;PSOPrecompilePool #5;PSOPrecompilePool #6;PSOPrecompilePool #7;PSOPrecompilePool #8;PSOPrecompilePool #9;RHIInterruptThread;RHISubmissionThread;RHIThread,20,0,D3D12Core.dll;GFSDK_Aftermath_Lib.x64.dll;OpenColorIO_2_3.dll;SUPERVIVE-Win64-Shipping.exe;chrome_elf.dll;d3dcompiler_47.dll;dbghelp.dll;discord_partner_sdk.dll;libEGL.dll;libGLESv2.dll;libcef.dll;libogg_64.dll;libvorbis_64.dll;libvorbisfile_64.dll;preloader.dll;runtime.dll;steam_api64.dll;xaudio2_9redist.dll,0,0,0,51481124864,0,0,0,8,AMD Ryzen 7 3800XT 8-Core Processor,NVIDIA GeForce RTX 4090,D3D12,NVIDIA GeForce RTX 4090,,,true,release2.4.live-156430-shipping,156430,,1,13378063,214,ok,ok,CrashContext.runtime-xml;CrashReportClient.ini;Loki.log;UEMinidump.dmp,4,0,,1,Loki.log,420462,3095,2026.06.27-08.54.50:153,2026.06.27-08.59.09:739,259.586,2,/Game/Loki/Maps/LobbyV2/LVL_LobbyV2_Persistent,/Game/Loki/Maps/LVL_Login;/Game/Loki/Maps/LobbyV2/LVL_LobbyV2_Persistent,0,0,0,0,0,0,0,0,0,0,0,0,0,0,0,0,0,,,,,,,,,,,,,,,,,,,,,,,,,,
uecc,crash,UECC-Windows-61C555514049B0CFBA3880B3C71D3A41_0000,UECC-Windows-61C555514049B0CFBA3880B3C71D3A41_0000,,,,,,Crash,0,2026-07-10T21:28:13.355,2026-07-10T16:28:13.355,unknown,C:\Users\eastr\AppData\Local\SUPERVIVE\Saved\Crashes\UECC-Windows-61C555514049B0CFBA3880B3C71D3A41_0000,1,ok,Attended,B8802D2940F00674F96F31BEBCEF559B,3,82148,false,false,false,false,0,,,0,0,Unhandled Exception: EXCEPTION_ACCESS_VIOLATION 0x00007ff8f0400001,EXCEPTION_ACCESS_VIOLATION,0x00007ff8f0400001,,,5.4.3-0+UE5,UE5-CL-0,Shipping,Game,SUPERVIVE-Win64-Shipping,UE-Loki,Win64 [Windows 10 (22H2) [10.0.19045.7417]  64b],G:/git/GAME BACKUPS FOR REVERSE ENGINEERING/SUPERVIVE/Loki/Binaries/Win64/,59F469C3478E646FCCEBD5AF455483B1,59f469c3478e646fccebd5af455483b1,215f7d50a3644f0480b74790eb09ea82,CommandLineRemoved,639193156933550000,2026-07-10T16:28:13.395,-0.04,DA39A3EE5E6B4B0D3255BFEF95601890AFD80709,2,0,,,,ntdll,0x7FF8F0400001,"runtime_7ff8f0400000
kernel32
ntdll",runtime_7ff8f0400000;kernel32;ntdll,0,1,60,,,3316,Background Worker #10;Background Worker #11;Background Worker #12;Background Worker #13;Background Worker #2;Background Worker #3;Background Worker #4;Background Worker #5;Background Worker #6;Background Worker #7;Background Worker #8;Background Worker #9;BackgroundThreadPool #0;BackgroundThreadPool #1;FAsyncWriter_Loki;FChunkCacheWorker;FHeartBeatThread;FMediaTicker;Foreground Worker #0;Foreground Worker #1;GameThread;HttpManagerThread;IOThreadPool #0;IOThreadPool #1;IOThreadPool #2;IOThreadPool #3;IoDispatcher;IoService;OnlineAsyncTaskThreadNull DefaultInstance(1);OutputDeviceRedirector;PSOPrecompilePool #0;PSOPrecompilePool #1;PSOPrecompilePool #2;PSOPrecompilePool #3;PSOPrecompilePool #4;PSOPrecompilePool #5;PSOPrecompilePool #6;PSOPrecompilePool #7;PSOPrecompilePool #8;PSOPrecompilePool #9;RHIInterruptThread;RHISubmissionThread;RHIThread;RTHeartBeat 0;RenderThread 0,9,0,D3D12Core.dll;GFSDK_Aftermath_Lib.x64.dll;OpenColorIO_2_3.dll;SUPERVIVE-Win64-Shipping.exe;dbghelp.dll;preloader.dll;runtime.dll;steam_api64.dll,0,0,0,51481124864,0,0,0,8,AMD Ryzen 7 3800XT 8-Core Processor,NVIDIA GeForce RTX 4090,D3D12,NVIDIA GeForce RTX 4090,,,,,,,1,13631799,115,ok,os-only,CrashContext.runtime-xml;CrashReportClient.ini;Loki.log;UEMinidump.dmp,4,0,,1,Loki.log,85920,859,2026.07.10-21.28.08:948,2026.07.10-21.28.11:814,2.866,0,,,0,0,0,0,0,0,0,0,0,0,0,0,0,0,0,0,0,,,,,,,,,,,,,,,,,,,,,,,,,,
uecc,degenerate,UECC-Windows-62C094F1420AFB08EF158DA9B85398C1_0000,UECC-Windows-62C094F1420AFB08EF158DA9B85398C1_0000,,,,,,Crash,0,,,,C:\Users\eastr\AppData\Local\SUPERVIVE\Saved\Crashes\UECC-Windows-62C094F1420AFB08EF158DA9B85398C1_0000,1,ok,Attended,09616B3643F416E9675B25A9AB16EFCE,3,26940,false,false,false,false,0,,,0,0,Unhandled Exception: EXCEPTION_ACCESS_VIOLATION 0x00007ff8f0400001,EXCEPTION_ACCESS_VIOLATION,0x00007ff8f0400001,,,5.4.3-0+UE5,UE5-CL-0,Shipping,Game,SUPERVIVE-Win64-Shipping,UE-Loki,WindowsClient,G:/git/GAME BACKUPS FOR REVERSE ENGINEERING/SUPERVIVE/Loki/Binaries/Win64/,59F469C3478E646FCCEBD5AF455483B1,59f469c3478e646fccebd5af455483b1,215f7d50a3644f0480b74790eb09ea82,-ini:Engine:[/Script/AccelByteUe4Sdk.AccelByteSettings]:BaseUrl=http://localhost:8080 -ini:Engine:[/Script/AccelByteUe4Sdk.AccelByteSettings]:IamServerUrl=http://localhost:8080/iam -ini:Engine:[/Script/AccelByteUe4Sdk.AccelByteSettings]:PlatformServerUrl=http://localhost:8080/platform -ini:Engine:[/Script/AccelByteUe4Sdk.AccelByteSettings]:BasicServerUrl=http://localhost:8080/basic -ini:Engine:[/Script/AccelByteUe4Sdk.AccelByteSettings]:LobbyServerUrl=ws://localhost:8080/lobby/ -ini:Engine:[/Script/Loki.LokiGameProjectSettings]:ProdPostAuthURL=http://localhost:8080 -ini:Engine:[/Script/Loki.LokiGameProjectSettings]:ProdClientConfigURL=http://localhost:8080 -ini:Game:[/Script/Loki.LokiGameProjectSettings]:ProdPostAuthURL=http://localhost:8080 -ini:Game:[/Script/Loki.LokiGameProjectSettings]:ProdClientConfigURL=http://localhost:8080 -log,,2026-07-09T02:00:50.546,,DA39A3EE5E6B4B0D3255BFEF95601890AFD80709,2,0,,,,ntdll,0x7FF8F0400001,,,0,0,43,,,86368,Background Worker #10;Background Worker #11;Background Worker #12;Background Worker #13;Background Worker #2;Background Worker #3;Background Worker #4;Background Worker #5;Background Worker #6;Background Worker #7;Background Worker #8;Background Worker #9;BackgroundThreadPool #0;BackgroundThreadPool #1;FAsyncWriter_Loki;FChunkCacheWorker;FHeartBeatThread;FMediaTicker;Foreground Worker #0;Foreground Worker #1;GameThread;HttpManagerThread;IOThreadPool #0;IOThreadPool #1;IOThreadPool #2;IOThreadPool #3;OnlineAsyncTaskThreadNull DefaultInstance(1);OutputDeviceRedirector,0,0,,0,0,0,51481124864,0,0,0,8,AMD Ryzen 7 3800XT 8-Core Processor,NVIDIA GeForce RTX 4090,,,,,,,,,1,0,,zero-byte,os-only,CrashContext.runtime-xml;CrashReportClient.ini;UEMinidump.dmp,3,0,,0,,,,,,,,,,,,,,,,,,,,,,,,,,,,,,,,,,,,,,,,,,,,,,,,,,,,
uecc,degenerate,UECC-Windows-63AD699C495EAB218AE2ED8B650BD10F_0000,UECC-Windows-63AD699C495EAB218AE2ED8B650BD10F_0000,,,,,,Crash,0,,,,C:\Users\eastr\AppData\Local\SUPERVIVE\Saved\Crashes\UECC-Windows-63AD699C495EAB218AE2ED8B650BD10F_0000,1,ok,Attended,790B0FAC48F387F1582B72A35B0D9FB1,3,21892,false,false,false,false,0,,,0,0,Unhandled Exception: EXCEPTION_ACCESS_VIOLATION 0x00007ff8f0400001,EXCEPTION_ACCESS_VIOLATION,0x00007ff8f0400001,,,5.4.3-0+UE5,UE5-CL-0,Shipping,Game,SUPERVIVE-Win64-Shipping,UE-Loki,WindowsClient,G:/git/GAME BACKUPS FOR REVERSE ENGINEERING/SUPERVIVE/Loki/Binaries/Win64/,59F469C3478E646FCCEBD5AF455483B1,59f469c3478e646fccebd5af455483b1,215f7d50a3644f0480b74790eb09ea82,-ini:Engine:[/Script/AccelByteUe4Sdk.AccelByteSettings]:BaseUrl=http://localhost:8080 -ini:Engine:[/Script/AccelByteUe4Sdk.AccelByteSettings]:IamServerUrl=http://localhost:8080/iam -ini:Engine:[/Script/AccelByteUe4Sdk.AccelByteSettings]:PlatformServerUrl=http://localhost:8080/platform -ini:Engine:[/Script/AccelByteUe4Sdk.AccelByteSettings]:BasicServerUrl=http://localhost:8080/basic -ini:Engine:[/Script/AccelByteUe4Sdk.AccelByteSettings]:LobbyServerUrl=ws://localhost:8080/lobby/ -ini:Engine:[/Script/Loki.LokiGameProjectSettings]:ProdPostAuthURL=http://localhost:8080 -ini:Engine:[/Script/Loki.LokiGameProjectSettings]:ProdClientConfigURL=http://localhost:8080 -ini:Game:[/Script/Loki.LokiGameProjectSettings]:ProdPostAuthURL=http://localhost:8080 -ini:Game:[/Script/Loki.LokiGameProjectSettings]:ProdClientConfigURL=http://localhost:8080 -log,,2026-07-08T22:05:26.821,,DA39A3EE5E6B4B0D3255BFEF95601890AFD80709,2,0,,,,ntdll,0x7FF8F0400001,,,0,0,62,,,41884,Background Worker #10;Background Worker #11;Background Worker #12;Background Worker #13;Background Worker #2;Background Worker #3;Background Worker #4;Background Worker #5;Background Worker #6;Background Worker #7;Background Worker #8;Background Worker #9;BackgroundThreadPool #0;BackgroundThreadPool #1;Electra::ExecAsync;FAsyncWriter_Loki;FChunkCacheWorker;FHeartBeatThread;FMediaTicker;FMessageBus.DefaultBus.Router;Foreground Worker #0;Foreground Worker #1;GameThread;HttpManagerThread;IOThreadPool #0;IOThreadPool #1;IOThreadPool #2;IOThreadPool #3;IoDispatcher;IoService;OnlineAsyncTaskThreadNull DefaultInstance(1);OutputDeviceRedirector;PSOPrecompilePool #0;PSOPrecompilePool #1;PSOPrecompilePool #2;PSOPrecompilePool #3;PSOPrecompilePool #4;PSOPrecompilePool #5;PSOPrecompilePool #6;PSOPrecompilePool #7;PSOPrecompilePool #8;PSOPrecompilePool #9;RHIInterruptThread;RHISubmissionThread;RHIThread;RTHeartBeat 0;RenderThread 0,0,0,,0,0,0,51481124864,0,0,0,8,AMD Ryzen 7 3800XT 8-Core Processor,NVIDIA GeForce RTX 4090,D3D12,NVIDIA GeForce RTX 4090,,,,,,,1,0,,zero-byte,os-only,CrashContext.runtime-xml;CrashReportClient.ini;UEMinidump.dmp,3,0,,0,,,,,,,,,,,,,,,,,,,,,,,,,,,,,,,,,,,,,,,,,,,,,,,,,,,,
uecc,crash,UECC-Windows-64A6BCAC4D1304033682A0814F93FD83_0000,UECC-Windows-64A6BCAC4D1304033682A0814F93FD83_0000,,,,,,Crash,251,2026-06-26T08:42:39.565,2026-06-26T03:42:39.565,menu-lobby,C:\Users\eastr\AppData\Local\SUPERVIVE\Saved\Crashes\UECC-Windows-64A6BCAC4D1304033682A0814F93FD83_0000,1,ok,Attended,6D47F9EA47D4BF5ECC795789E5479BB1,3,36152,false,false,false,true,0,,,0,0,Unhandled Exception: EXCEPTION_ACCESS_VIOLATION reading address 0x0000000000000000,EXCEPTION_ACCESS_VIOLATION,0x0000000000000000,,,5.4.3-0+UE5,UE5-CL-0,Shipping,Game,SUPERVIVE-Win64-Shipping,UE-Loki,Win64 [Windows 10 (22H2) [10.0.19045.7417]  64b],G:/git/GAME BACKUPS FOR REVERSE ENGINEERING/SUPERVIVE/Loki/Binaries/Win64/,59F469C3478E646FCCEBD5AF455483B1,59f469c3478e646fccebd5af455483b1,215f7d50a3644f0480b74790eb09ea82,CommandLineRemoved,639180601595650000,2026-06-26T03:42:39.699,-0.134,50A9FDF3493981BD1B7491EC5AB982F055D624AE,21,20,0x7FF73DBF0000,107d500 122642f 12204d5 1205748 511fe12 511fc0f 511f6bb 511faa0 510b257 51011de 5100518 352a0d2 108834d 106c57f f8b2be f9d9bc f87040 100c334 115ed67 115c4b1,107d500 122642f 12204d5,SUPERVIVE-Win64-Shipping,0x7FF73EC6D500,"SUPERVIVE_Win64_Shipping
SUPERVIVE_Win64_Shipping",SUPERVIVE_Win64_Shipping;SUPERVIVE_Win64_Shipping,1,0,54,43072,Foreground Worker #1,13096,@;Background Worker #10;Background Worker #11;Background Worker #12;Background Worker #13;Background Worker #2;Background Worker #3;Background Worker #4;Background Worker #5;Background Worker #6;Background Worker #7;Background Worker #8;Background Worker #9;BackgroundThreadPool #0;BackgroundThreadPool #1;Electra::ExecAsync;FAsyncWriter_Loki;FHeartBeatThread;FMediaTicker;Foreground Worker #0;Foreground Worker #1;GameThread;HttpManagerThread;OnlineAsyncTaskThreadNull DefaultInstance(1);OnlineAsyncTaskThreadSteam DefaultInstance;OutputDeviceRedirector;PSOPrecompilePool #0;PSOPrecompilePool #1;PSOPrecompilePool #2;PSOPrecompilePool #3;PSOPrecompilePool #4;PSOPrecompilePool #5;PSOPrecompilePool #6;PSOPrecompilePool #7;PSOPrecompilePool #8;PSOPrecompilePool #9;RHIInterruptThread;RHISubmissionThread;RHIThread,20,0,D3D12Core.dll;GFSDK_Aftermath_Lib.x64.dll;OpenColorIO_2_3.dll;SUPERVIVE-Win64-Shipping.exe;chrome_elf.dll;d3dcompiler_47.dll;dbghelp.dll;discord_partner_sdk.dll;libEGL.dll;libGLESv2.dll;libcef.dll;libogg_64.dll;libvorbis_64.dll;libvorbisfile_64.dll;preloader.dll;runtime.dll;steam_api64.dll;xaudio2_9redist.dll,0,0,0,51481124864,0,0,0,8,AMD Ryzen 7 3800XT 8-Core Processor,NVIDIA GeForce RTX 4090,D3D12,NVIDIA GeForce RTX 4090,,,true,release2.4.live-156430-shipping,156430,,1,13620031,214,ok,ok,CrashContext.runtime-xml;CrashReportClient.ini;Loki.log;UEMinidump.dmp,4,0,,1,Loki.log,355748,2514,2026.06.26-08.38.26:152,2026.06.26-08.42.38:044,251.892,2,/Game/Loki/Maps/LobbyV2/LVL_LobbyV2_Persistent,/Game/Loki/Maps/LVL_Login;/Game/Loki/Maps/LobbyV2/LVL_LobbyV2_Persistent,0,0,0,0,0,0,0,0,0,0,0,0,0,0,0,0,0,,,,,,,,,,,,,,,,,,,,,,,,,,
uecc,crash,UECC-Windows-6557E96C43872D11E3629A81EFBFDC37_0000,UECC-Windows-6557E96C43872D11E3629A81EFBFDC37_0000,,,,,,Assert,55,2026-07-11T19:40:23.366,2026-07-11T14:40:23.366,tutorial-attempted,C:\Users\eastr\AppData\Local\SUPERVIVE\Saved\Crashes\UECC-Windows-6557E96C43872D11E3629A81EFBFDC37_0000,1,ok,Attended,03688E584317F66ADDA15D807C3DF72B,3,46300,false,false,true,false,0,,,0,0,Fatal error: [File:C:\TheoryCraft\build-staging\Engine\Source\Runtime\Engine\Private\UnrealEngine.cpp] [Line: 15551] Couldn't spawn player: PlayerState is null,,,UnrealEngine.cpp,15551,5.4.3-0+UE5,UE5-CL-0,Shipping,Game,SUPERVIVE-Win64-Shipping,UE-Loki,Win64 [Windows 10 (22H2) [10.0.19045.7417]  64b],G:/git/GAME BACKUPS FOR REVERSE ENGINEERING/SUPERVIVE/Loki/Binaries/Win64/,59F469C3478E646FCCEBD5AF455483B1,59f469c3478e646fccebd5af455483b1,215f7d50a3644f0480b74790eb09ea82,CommandLineRemoved,639193956233660000,2026-07-11T14:40:23.460,-0.094,D5ABA8A5577B609F8D98EADFA8C5BA62E267B0EE,11,10,0x7FF6B54F0000,3ee9cf5 3ec5faf 3efb466 37f8b73 4028924 403005f 40300da 4030f6c 4039696 751ef62,3ee9cf5 3ec5faf 3efb466,SUPERVIVE-Win64-Shipping,0x7FF6B93D9CF5,,,0,0,54,95424,GameThread,95424,AudioMixerNullCallbackThread;AudioMixerRenderThread(1);Background Worker #10;Background Worker #11;Background Worker #12;Background Worker #13;Background Worker #2;Background Worker #3;Background Worker #4;Background Worker #5;Background Worker #6;Background Worker #7;Background Worker #8;Background Worker #9;BackgroundThreadPool #0;BackgroundThreadPool #1;Client Analytics Event Thread;Electra::ExecAsync;FAsyncLoadingThread;FAsyncPurge;FAsyncWriter_Loki;FHeartBeatThread;FMediaTicker;FMessageBus.DefaultBus.Router;Foreground Worker #0;Foreground Worker #1;GameThread;HttpManagerThread;IOThreadPool #0;IOThreadPool #1;IOThreadPool #2;IOThreadPool #3;IoDispatcher;IoService;LibwebsocketsThread;OnlineAsyncTaskThreadNull DefaultInstance(1);OnlineAsyncTaskThreadSteam DefaultInstance;OutputDeviceRedirector;PSOPrecompilePool #0;PSOPrecompilePool #1;PSOPrecompilePool #2;PSOPrecompilePool #3;PSOPrecompilePool #4;PSOPrecompilePool #5;PSOPrecompilePool #6;PSOPrecompilePool #7;PSOPrecompilePool #8;PSOP...[truncated; full text in the JSON],21,0,D3D12Core.dll;GFSDK_Aftermath_Lib.x64.dll;GfnRuntimeSdk.dll;OpenColorIO_2_3.dll;SUPERVIVE-Win64-Shipping.exe;chrome_elf.dll;d3dcompiler_47.dll;dbghelp.dll;discord_partner_sdk.dll;libEGL.dll;libGLESv2.dll;libcef.dll;libogg_64.dll;libvorbis_64.dll;libvorbisfile_64.dll;preloader.dll;runtime.dll;steam_api64.dll;xaudio2_9redist.dll,5800439808,22407188480,5859958784,51481124864,7124303872,0,0,8,AMD Ryzen 7 3800XT 8-Core Processor,NVIDIA GeForce RTX 4090,D3D12,NVIDIA GeForce RTX 4090,,,,release2.4.live-156430-shipping,156430,None,1,13938918,217,ok,ok,CrashContext.runtime-xml;CrashReportClient.ini;Loki.log;UEMinidump.dmp,4,0,,1,Loki.log,307019,2409,2026.07.11-19.39.24:891,2026.07.11-19.40.22:017,57.126,2,/Game/Loki/Maps/LobbyV2/LVL_LobbyV2_Persistent,/Game/Loki/Maps/LVL_Login;/Game/Loki/Maps/LobbyV2/LVL_LobbyV2_Persistent,0,0,1,1,11,0,2,0,0,0,0,0,0,0,0,0,0,,,,,,,,,,,,,,,,,,,,,,,,,,
uecc,crash,UECC-Windows-65F4745A40DE395C1821E4BF1AF37610_0000,UECC-Windows-65F4745A40DE395C1821E4BF1AF37610_0000,,,,,,Assert,278,2026-07-17T09:17:06.056,2026-07-17T04:17:06.056,tutorial-attempted,C:\Users\eastr\AppData\Local\SUPERVIVE\Saved\Crashes\UECC-Windows-65F4745A40DE395C1821E4BF1AF37610_0000,1,ok,Attended,0FAC225E4579DCCEE5F1B5A2982A1F3D,3,29544,false,false,true,false,0,,,0,0,Fatal error: [File:C:\TheoryCraft\build-staging\Engine\Source\Runtime\Core\Private\HAL\MallocBinned2.cpp] [Line: 1322] FMallocBinned2 Attempt to realloc an unrecognized block 00007FF6B6EC0000 canary == 0xb2 != 0xe3,,,MallocBinned2.cpp,1322,5.4.3-0+UE5,UE5-CL-0,Shipping,Game,SUPERVIVE-Win64-Shipping,UE-Loki,Win64 [Windows 10 (22H2) [10.0.19045.7417]  64b],G:/git/GAME BACKUPS FOR REVERSE ENGINEERING/SUPERVIVE/Loki/Binaries/Win64/,59F469C3478E646FCCEBD5AF455483B1,59f469c3478e646fccebd5af455483b1,215f7d50a3644f0480b74790eb09ea82,CommandLineRemoved,639198766260560000,2026-07-17T04:17:06.187,-0.131,8572B8886D83CB9C7DD4D56832381FF4A4B51BFD,17,16,0x7FF6AF000000,fe0148 ff933e 269ddae 269ffc1 26ae954 3d27157 252f9a4 2c54ecf 2c570b0 2b71444 2b81812 f96a8e 2b914a1 2b91b07 115ed67 115c4b1,fe0148 ff933e 269ddae,SUPERVIVE-Win64-Shipping,0x7FF6AFFE0148,,,0,0,54,44744,RenderThread 0,52780,AudioMixerNullCallbackThread;AudioMixerRenderThread(1);Background Worker #10;Background Worker #11;Background Worker #12;Background Worker #13;Background Worker #2;Background Worker #3;Background Worker #4;Background Worker #5;Background Worker #6;Background Worker #7;Background Worker #8;Background Worker #9;BackgroundThreadPool #0;BackgroundThreadPool #1;Client Analytics Event Thread;Electra::ExecAsync;FAsyncLoadingThread;FAsyncPurge;FAsyncWriter_Loki;FHeartBeatThread;FMediaTicker;FMessageBus.DefaultBus.Router;Foreground Worker #0;Foreground Worker #1;GameThread;HttpManagerThread;IOThreadPool #0;IOThreadPool #1;IOThreadPool #2;IOThreadPool #3;IoDispatcher;IoService;LibwebsocketsThread;OnlineAsyncTaskThreadNull DefaultInstance(1);OnlineAsyncTaskThreadSteam DefaultInstance;OutputDeviceRedirector;PSOPrecompilePool #0;PSOPrecompilePool #1;PSOPrecompilePool #2;PSOPrecompilePool #3;PSOPrecompilePool #4;PSOPrecompilePool #5;PSOPrecompilePool #6;PSOPrecompilePool #7;PSOPrecompilePool #8;PSOP...[truncated; full text in the JSON],21,0,D3D12Core.dll;GFSDK_Aftermath_Lib.x64.dll;GfnRuntimeSdk.dll;OpenColorIO_2_3.dll;SUPERVIVE-Win64-Shipping.exe;chrome_elf.dll;d3dcompiler_47.dll;dbghelp.dll;discord_partner_sdk.dll;libEGL.dll;libGLESv2.dll;libcef.dll;libogg_64.dll;libvorbis_64.dll;libvorbisfile_64.dll;preloader.dll;runtime.dll;steam_api64.dll;xaudio2_9redist.dll,1457520640,23914491904,5860446208,51481124864,7783841792,0,0,8,AMD Ryzen 7 3800XT 8-Core Processor,NVIDIA GeForce RTX 4090,D3D12,NVIDIA GeForce RTX 4090,,0,true,release2.4.live-156430-shipping,156430,None,1,13670831,217,ok,ok,CrashContext.runtime-xml;CrashReportClient.ini;Loki.log;UEMinidump.dmp,4,0,,1,Loki.log,7686185,54692,2026.07.17-09.12.26:284,2026.07.17-09.17.04:337,278.053,4,/Game/Loki/Maps/LobbyV2/LVL_LobbyV2_Persistent,/Game/Loki/Maps/LVL_Login;/Game/Loki/Maps/Tutorial/LVL_Tutorial;/Game/Loki/Maps/LVL_Login;/Game/Loki/Maps/LobbyV2/LVL_LobbyV2_Persistent,0,0,1,1,18,51996,0,0,0,0,0,0,0,0,0,0,0,,,,,,,,,,,,,,,,,,,,,,,,,,
uecc,crash,UECC-Windows-6845C7514B0BDF2E2BE681B2FC4B38AD_0000,UECC-Windows-6845C7514B0BDF2E2BE681B2FC4B38AD_0000,,,,,,Crash,3983,2026-06-29T02:55:19.123,2026-06-28T21:55:19.123,menu-lobby,C:\Users\eastr\AppData\Local\SUPERVIVE\Saved\Crashes\UECC-Windows-6845C7514B0BDF2E2BE681B2FC4B38AD_0000,1,ok,Attended,967379294033F2042DFBBFB7DBE11897,3,39100,false,false,false,false,0,,,0,0,Unhandled Exception: EXCEPTION_ACCESS_VIOLATION reading address 0x0000000000000008,EXCEPTION_ACCESS_VIOLATION,0x0000000000000008,,,5.4.3-0+UE5,UE5-CL-0,Shipping,Game,SUPERVIVE-Win64-Shipping,UE-Loki,Win64 [Windows 10 (22H2) [10.0.19045.7417]  64b],G:/git/GAME BACKUPS FOR REVERSE ENGINEERING/SUPERVIVE/Loki/Binaries/Win64/,59F469C3478E646FCCEBD5AF455483B1,59f469c3478e646fccebd5af455483b1,215f7d50a3644f0480b74790eb09ea82,CommandLineRemoved,639182985191230000,2026-06-28T21:55:19.712,-0.59,0FDB5C48C9F07B727F1C72C2F89441FD1AF45C57,25,15,0x7FF65F6D0000,34d693d 1758d46 175c0e0 175bb3f 5796e09 1ea7e2c 3efa127 39c77ec 37f8b8c 4028924 403005f 40300da 4030f6c 4039696 751ef62,34d693d 1758d46 175c0e0,SUPERVIVE-Win64-Shipping,0x7FF662BA693D,SUPERVIVE_Win64_Shipping,SUPERVIVE_Win64_Shipping,1,0,54,36396,GameThread,36396,AudioMixerNullCallbackThread;AudioMixerRenderThread(1);Background Worker #10;Background Worker #11;Background Worker #12;Background Worker #13;Background Worker #2;Background Worker #3;Background Worker #4;Background Worker #5;Background Worker #6;Background Worker #7;Background Worker #8;Background Worker #9;BackgroundThreadPool #0;BackgroundThreadPool #1;Client Analytics Event Thread;Electra::ExecAsync;FAsyncLoadingThread;FAsyncPurge;FAsyncWriter_Loki;FHeartBeatThread;FMediaTicker;FMessageBus.DefaultBus.Router;Foreground Worker #0;Foreground Worker #1;GameThread;HttpManagerThread;IOThreadPool #0;IOThreadPool #1;IOThreadPool #2;IOThreadPool #3;IoDispatcher;IoService;LibwebsocketsThread;OnlineAsyncTaskThreadNull DefaultInstance(1);OnlineAsyncTaskThreadSteam DefaultInstance;OutputDeviceRedirector;PSOPrecompilePool #0;PSOPrecompilePool #1;PSOPrecompilePool #2;PSOPrecompilePool #3;PSOPrecompilePool #4;PSOPrecompilePool #5;PSOPrecompilePool #6;PSOPrecompilePool #7;PSOPrecompilePool #8;PSOP...[truncated; full text in the JSON],21,0,D3D12Core.dll;GFSDK_Aftermath_Lib.x64.dll;GfnRuntimeSdk.dll;OpenColorIO_2_3.dll;SUPERVIVE-Win64-Shipping.exe;chrome_elf.dll;d3dcompiler_47.dll;dbghelp.dll;discord_partner_sdk.dll;libEGL.dll;libGLESv2.dll;libcef.dll;libogg_64.dll;libvorbis_64.dll;libvorbisfile_64.dll;preloader.dll;runtime.dll;steam_api64.dll;xaudio2_9redist.dll,0,0,0,51481124864,0,0,0,8,AMD Ryzen 7 3800XT 8-Core Processor,NVIDIA GeForce RTX 4090,D3D12,NVIDIA GeForce RTX 4090,,,true,release2.4.live-156430-shipping,156430,None,1,13918397,217,ok,ok,CrashContext.runtime-xml;CrashReportClient.ini;Loki.log;UEMinidump.dmp,4,0,,1,Loki.log,1460304,5456,2026.06.29-01.48.53:674,2026.06.29-02.55.16:050,3982.376,2,/Game/Loki/Maps/LobbyV2/LVL_LobbyV2_Persistent,/Game/Loki/Maps/LVL_Login;/Game/Loki/Maps/LobbyV2/LVL_LobbyV2_Persistent,0,0,0,0,0,0,0,0,0,0,0,0,0,0,0,0,0,,,,,,,,,,,,,,,,,,,,,,,,,,
uecc,crash,UECC-Windows-694D1F2141A0FD81D3FD0799752BF81F_0000,UECC-Windows-694D1F2141A0FD81D3FD0799752BF81F_0000,,,,,,Crash,30,2026-07-01T02:33:11.034,2026-06-30T21:33:11.034,menu-login,C:\Users\eastr\AppData\Local\SUPERVIVE\Saved\Crashes\UECC-Windows-694D1F2141A0FD81D3FD0799752BF81F_0000,1,ok,Attended,AD1296834C9BFBB451D6B68C8650379E,3,64888,false,false,false,false,0,,,0,0,Unhandled Exception: EXCEPTION_ACCESS_VIOLATION reading address 0x00000001e3010020,EXCEPTION_ACCESS_VIOLATION,0x00000001e3010020,,,5.4.3-0+UE5,UE5-CL-0,Shipping,Game,SUPERVIVE-Win64-Shipping,UE-Loki,Win64 [Windows 10 (22H2) [10.0.19045.7417]  64b],G:/git/GAME BACKUPS FOR REVERSE ENGINEERING/SUPERVIVE/Loki/Binaries/Win64/,59F469C3478E646FCCEBD5AF455483B1,59f469c3478e646fccebd5af455483b1,215f7d50a3644f0480b74790eb09ea82,CommandLineRemoved,639184699910340000,2026-06-30T21:33:11.127,-0.093,AC48B9B4B1290C6EB055E25C9A4F18E119CC4872,27,26,0x7FF682A80000,fe1746 2b8e7c5 2b8ebe8 2b8e17e 2b804b9 12158f2 120c6d9 120bf7e 120c6c3 120bf7e 120c6c3 120bf7e 120c6c3 120bf7e 120c6c3 120bf7e 120c6c3 120bf7e 120c6c3 120bf7e 120c6c3 120bf7e 1204e25 12143e3 115ed67 115c4b1,fe1746 2b8e7c5 2b8ebe8,SUPERVIVE-Win64-Shipping,0x7FF683A61746,"SUPERVIVE_Win64_Shipping
SUPERVIVE_Win64_Shipping",SUPERVIVE_Win64_Shipping;SUPERVIVE_Win64_Shipping,1,0,54,62712,FAsyncLoadingThread,42664,AudioMixerNullCallbackThread;AudioMixerRenderThread(1);Background Worker #10;Background Worker #11;Background Worker #12;Background Worker #13;Background Worker #2;Background Worker #3;Background Worker #4;Background Worker #5;Background Worker #6;Background Worker #7;Background Worker #8;Background Worker #9;BackgroundThreadPool #0;BackgroundThreadPool #1;Client Analytics Event Thread;Electra::ExecAsync;FAsyncLoadingThread;FAsyncPurge;FAsyncWriter_Loki;FHeartBeatThread;FMediaTicker;FMessageBus.DefaultBus.Router;Foreground Worker #0;Foreground Worker #1;GameThread;HttpManagerThread;IOThreadPool #0;IOThreadPool #1;IOThreadPool #2;IOThreadPool #3;IoDispatcher;IoService;LibwebsocketsThread;OnlineAsyncTaskThreadNull DefaultInstance(1);OnlineAsyncTaskThreadSteam DefaultInstance;OutputDeviceRedirector;PSOPrecompilePool #0;PSOPrecompilePool #1;PSOPrecompilePool #2;PSOPrecompilePool #3;PSOPrecompilePool #4;PSOPrecompilePool #5;PSOPrecompilePool #6;PSOPrecompilePool #7;PSOPrecompilePool #8;PSOP...[truncated; full text in the JSON],21,0,D3D12Core.dll;GFSDK_Aftermath_Lib.x64.dll;GfnRuntimeSdk.dll;OpenColorIO_2_3.dll;SUPERVIVE-Win64-Shipping.exe;chrome_elf.dll;d3dcompiler_47.dll;dbghelp.dll;discord_partner_sdk.dll;libEGL.dll;libGLESv2.dll;libcef.dll;libogg_64.dll;libvorbis_64.dll;libvorbisfile_64.dll;preloader.dll;runtime.dll;steam_api64.dll;xaudio2_9redist.dll,0,0,0,51481124864,0,0,0,8,AMD Ryzen 7 3800XT 8-Core Processor,NVIDIA GeForce RTX 4090,D3D12,NVIDIA GeForce RTX 4090,Generic,0,true,release2.4.live-156430-shipping,156430,None,1,13755866,217,ok,ok,CrashContext.runtime-xml;CrashReportClient.ini;Loki.log;UEMinidump.dmp,4,0,,1,Loki.log,267500,2013,2026.07.01-02.32.39:661,2026.07.01-02.33.09:951,30.29,3,/Game/Loki/Maps/LVL_Login,/Game/Loki/Maps/LVL_Login;/Game/Loki/Maps/LobbyV2/LVL_LobbyV2_Persistent;/Game/Loki/Maps/LVL_Login,0,0,0,0,0,0,0,0,0,0,0,0,0,0,0,0,0,,,,,,,,,,,,,,,,,,,,,,,,,,
uecc,crash,UECC-Windows-6AA0F21742DAA9B51911F986D410C6F4_0000,UECC-Windows-6AA0F21742DAA9B51911F986D410C6F4_0000,,,,,,Crash,42387,2026-06-27T08:23:05.616,2026-06-27T03:23:05.616,menu-lobby,C:\Users\eastr\AppData\Local\SUPERVIVE\Saved\Crashes\UECC-Windows-6AA0F21742DAA9B51911F986D410C6F4_0000,1,ok,Attended,63C101EE417797C2A53F1E93E9A723C8,3,2860,false,false,false,true,0,,,0,0,Unhandled Exception: EXCEPTION_ACCESS_VIOLATION reading address 0x0000000000000000,EXCEPTION_ACCESS_VIOLATION,0x0000000000000000,,,5.4.3-0+UE5,UE5-CL-0,Shipping,Game,SUPERVIVE-Win64-Shipping,UE-Loki,Win64 [Windows 10 (22H2) [10.0.19045.7417]  64b],G:/git/GAME BACKUPS FOR REVERSE ENGINEERING/SUPERVIVE/Loki/Binaries/Win64/,59F469C3478E646FCCEBD5AF455483B1,59f469c3478e646fccebd5af455483b1,215f7d50a3644f0480b74790eb09ea82,CommandLineRemoved,639181453856160000,2026-06-27T03:23:06.193,-0.577,50A9FDF3493981BD1B7491EC5AB982F055D624AE,21,20,0x7FF73DBF0000,107d500 122642f 12204d5 1205748 511fe12 511fc0f 511f6bb 511faa0 510b257 51011de 5100518 352a0d2 108834d 106c57f f8b2be f9d9bc f87040 100c334 115ed67 115c4b1,107d500 122642f 12204d5,SUPERVIVE-Win64-Shipping,0x7FF73EC6D500,"SUPERVIVE_Win64_Shipping
SUPERVIVE_Win64_Shipping",SUPERVIVE_Win64_Shipping;SUPERVIVE_Win64_Shipping,1,0,54,35656,Foreground Worker #1,7124,@;Background Worker #10;Background Worker #11;Background Worker #12;Background Worker #13;Background Worker #2;Background Worker #3;Background Worker #4;Background Worker #5;Background Worker #6;Background Worker #7;Background Worker #8;Background Worker #9;BackgroundThreadPool #0;BackgroundThreadPool #1;Electra::ExecAsync;FAsyncWriter_Loki;FHeartBeatThread;FMediaTicker;Foreground Worker #0;Foreground Worker #1;GameThread;HttpManagerThread;OnlineAsyncTaskThreadNull DefaultInstance(1);OnlineAsyncTaskThreadSteam DefaultInstance;OutputDeviceRedirector;PSOPrecompilePool #0;PSOPrecompilePool #1;PSOPrecompilePool #2;PSOPrecompilePool #3;PSOPrecompilePool #4;PSOPrecompilePool #5;PSOPrecompilePool #6;PSOPrecompilePool #7;PSOPrecompilePool #8;PSOPrecompilePool #9;RHIInterruptThread;RHISubmissionThread;RHIThread,20,0,D3D12Core.dll;GFSDK_Aftermath_Lib.x64.dll;OpenColorIO_2_3.dll;SUPERVIVE-Win64-Shipping.exe;chrome_elf.dll;d3dcompiler_47.dll;dbghelp.dll;discord_partner_sdk.dll;libEGL.dll;libGLESv2.dll;libcef.dll;libogg_64.dll;libvorbis_64.dll;libvorbisfile_64.dll;preloader.dll;runtime.dll;steam_api64.dll;xaudio2_9redist.dll,0,0,0,51481124864,0,0,0,8,AMD Ryzen 7 3800XT 8-Core Processor,NVIDIA GeForce RTX 4090,D3D12,NVIDIA GeForce RTX 4090,,,true,release2.4.live-156430-shipping,156430,,1,13675145,214,ok,ok,CrashContext.runtime-xml;CrashReportClient.ini;Loki.log;UEMinidump.dmp,4,0,,1,Loki.log,12790416,35023,2026.06.26-20.36.27:424,2026.06.27-08.23.00:016,42392.592,2,/Game/Loki/Maps/LobbyV2/LVL_LobbyV2_Persistent,/Game/Loki/Maps/LVL_Login;/Game/Loki/Maps/LobbyV2/LVL_LobbyV2_Persistent,0,0,0,0,0,0,0,0,0,0,0,0,0,0,0,0,0,,,,,,,,,,,,,,,,,,,,,,,,,,
uecc,crash,UECC-Windows-6C2B7E2842EAD7E692BB2CB1C577CEE1_0000,UECC-Windows-6C2B7E2842EAD7E692BB2CB1C577CEE1_0000,,,,,,Assert,33,2026-07-11T03:15:27.874,2026-07-10T22:15:27.874,tutorial-attempted,C:\Users\eastr\AppData\Local\SUPERVIVE\Saved\Crashes\UECC-Windows-6C2B7E2842EAD7E692BB2CB1C577CEE1_0000,1,ok,Attended,B3A90E8245B6778E825A43A32851A09F,3,27024,false,false,true,false,0,,,0,0,Fatal error: [File:C:\TheoryCraft\build-staging\Engine\Source\Runtime\Engine\Private\UnrealEngine.cpp] [Line: 15551] Couldn't spawn player: PlayerState is null,,,UnrealEngine.cpp,15551,5.4.3-0+UE5,UE5-CL-0,Shipping,Game,SUPERVIVE-Win64-Shipping,UE-Loki,Win64 [Windows 10 (22H2) [10.0.19045.7417]  64b],G:/git/GAME BACKUPS FOR REVERSE ENGINEERING/SUPERVIVE/Loki/Binaries/Win64/,59F469C3478E646FCCEBD5AF455483B1,59f469c3478e646fccebd5af455483b1,215f7d50a3644f0480b74790eb09ea82,CommandLineRemoved,639193365278740000,2026-07-10T22:15:27.969,-0.095,D5ABA8A5577B609F8D98EADFA8C5BA62E267B0EE,11,10,0x7FF6B54F0000,3ee9cf5 3ec5faf 3efb466 37f8b73 4028924 403005f 40300da 4030f6c 4039696 751ef62,3ee9cf5 3ec5faf 3efb466,SUPERVIVE-Win64-Shipping,0x7FF6B93D9CF5,,,0,0,54,82432,GameThread,82432,AudioMixerNullCallbackThread;AudioMixerRenderThread(1);Background Worker #10;Background Worker #11;Background Worker #12;Background Worker #13;Background Worker #2;Background Worker #3;Background Worker #4;Background Worker #5;Background Worker #6;Background Worker #7;Background Worker #8;Background Worker #9;BackgroundThreadPool #0;BackgroundThreadPool #1;Client Analytics Event Thread;Electra::ExecAsync;FAsyncLoadingThread;FAsyncPurge;FAsyncWriter_Loki;FHeartBeatThread;FMediaTicker;FMessageBus.DefaultBus.Router;Foreground Worker #0;Foreground Worker #1;GameThread;HttpManagerThread;IOThreadPool #0;IOThreadPool #1;IOThreadPool #2;IOThreadPool #3;IoDispatcher;IoService;LibwebsocketsThread;OnlineAsyncTaskThreadNull DefaultInstance(1);OnlineAsyncTaskThreadSteam DefaultInstance;OutputDeviceRedirector;PSOPrecompilePool #0;PSOPrecompilePool #1;PSOPrecompilePool #2;PSOPrecompilePool #3;PSOPrecompilePool #4;PSOPrecompilePool #5;PSOPrecompilePool #6;PSOPrecompilePool #7;PSOPrecompilePool #8;PSOP...[truncated; full text in the JSON],21,0,D3D12Core.dll;GFSDK_Aftermath_Lib.x64.dll;GfnRuntimeSdk.dll;OpenColorIO_2_3.dll;SUPERVIVE-Win64-Shipping.exe;chrome_elf.dll;d3dcompiler_47.dll;dbghelp.dll;discord_partner_sdk.dll;libEGL.dll;libGLESv2.dll;libcef.dll;libogg_64.dll;libvorbis_64.dll;libvorbisfile_64.dll;preloader.dll;runtime.dll;steam_api64.dll;xaudio2_9redist.dll,5800017920,25102974976,5860495360,51481124864,7840948224,0,0,8,AMD Ryzen 7 3800XT 8-Core Processor,NVIDIA GeForce RTX 4090,D3D12,NVIDIA GeForce RTX 4090,,,true,release2.4.live-156430-shipping,156430,None,1,13907273,217,ok,ok,CrashContext.runtime-xml;CrashReportClient.ini;Loki.log;UEMinidump.dmp,4,0,,1,Loki.log,317789,2521,2026.07.11-03.14.52:239,2026.07.11-03.15.26:710,34.471,2,/Game/Loki/Maps/LobbyV2/LVL_LobbyV2_Persistent,/Game/Loki/Maps/LVL_Login;/Game/Loki/Maps/LobbyV2/LVL_LobbyV2_Persistent,0,0,1,1,11,0,2,0,0,0,0,0,0,0,0,0,0,,,,,,,,,,,,,,,,,,,,,,,,,,
uecc,crash,UECC-Windows-6D587A6F4FB14B24FCB9F7B4A53C1EAC_0000,UECC-Windows-6D587A6F4FB14B24FCB9F7B4A53C1EAC_0000,,,,,,Crash,0,2026-08-05T03:57:14.037,2026-08-04T22:57:14.037,unknown,C:\Users\eastr\AppData\Local\SUPERVIVE\Saved\Crashes\UECC-Windows-6D587A6F4FB14B24FCB9F7B4A53C1EAC_0000,1,ok,Attended,566838224AFC56D78E34D5BFB8BF52E8,3,43124,false,false,false,false,0,,,0,0,Unhandled Exception: EXCEPTION_ACCESS_VIOLATION reading address 0x000001b508660000,EXCEPTION_ACCESS_VIOLATION,0x000001b508660000,,,5.4.3-0+UE5,UE5-CL-0,Shipping,Game,SUPERVIVE-Win64-Shipping,UE-Loki,Win64 [Windows 10 (22H2) [10.0.19045.7548]  64b],G:/git/GAME BACKUPS FOR REVERSE ENGINEERING/SUPERVIVE/Loki/Binaries/Win64/,59F469C3478E646FCCEBD5AF455483B1,59f469c3478e646fccebd5af455483b1,215f7d50a3644f0480b74790eb09ea82,CommandLineRemoved,639214990340370000,2026-08-04T22:57:14.117,-0.08,DA39A3EE5E6B4B0D3255BFEF95601890AFD80709,2,0,,,,mdnsNSP,0x1B5528B205D,"kernel32
ntdll",kernel32;ntdll,0,0,43,,,32916,Background Worker #10;Background Worker #11;Background Worker #12;Background Worker #13;Background Worker #2;Background Worker #3;Background Worker #4;Background Worker #5;Background Worker #6;Background Worker #7;Background Worker #8;Background Worker #9;BackgroundThreadPool #0;BackgroundThreadPool #1;FAsyncWriter_Loki;FChunkCacheWorker;FHeartBeatThread;FMediaTicker;Foreground Worker #0;Foreground Worker #1;GameThread;HttpManagerThread;IOThreadPool #0;IOThreadPool #1;IOThreadPool #2;IOThreadPool #3;OnlineAsyncTaskThreadNull DefaultInstance(1);OutputDeviceRedirector,8,0,D3D12Core.dll;GFSDK_Aftermath_Lib.x64.dll;OpenColorIO_2_3.dll;SUPERVIVE-Win64-Shipping.exe;dbghelp.dll;preloader.dll;runtime.dll,0,0,0,51481124864,0,0,0,8,AMD Ryzen 7 3800XT 8-Core Processor,NVIDIA GeForce RTX 4090,,,,,,,,,1,13168769,105,ok,os-only,CrashContext.runtime-xml;CrashReportClient.ini;Loki.log;UEMinidump.dmp,4,0,,1,Loki.log,50407,594,2026.08.05-03.57.10:321,2026.08.05-03.57.11:386,1.065,0,,,0,0,0,0,0,0,0,0,0,0,0,0,0,0,0,0,0,,,,,,,,,,,,,,,,,,,,,,,,,,
uecc,crash,UECC-Windows-74AFD44244BBD09E981690A396DCE73C_0000,UECC-Windows-74AFD44244BBD09E981690A396DCE73C_0000,,,,,,Crash,33,2026-07-01T01:46:44.018,2026-06-30T20:46:44.018,menu-login,C:\Users\eastr\AppData\Local\SUPERVIVE\Saved\Crashes\UECC-Windows-74AFD44244BBD09E981690A396DCE73C_0000,1,ok,Attended,8857C4374CC3C3DA8C840BB304EBC962,3,65172,false,false,false,false,0,,,0,0,Unhandled Exception: EXCEPTION_ACCESS_VIOLATION writing address 0x00007ff68a21c9e8,EXCEPTION_ACCESS_VIOLATION,0x00007ff68a21c9e8,,,5.4.3-0+UE5,UE5-CL-0,Shipping,Game,SUPERVIVE-Win64-Shipping,UE-Loki,Win64 [Windows 10 (22H2) [10.0.19045.7417]  64b],G:/git/GAME BACKUPS FOR REVERSE ENGINEERING/SUPERVIVE/Loki/Binaries/Win64/,59F469C3478E646FCCEBD5AF455483B1,59f469c3478e646fccebd5af455483b1,215f7d50a3644f0480b74790eb09ea82,CommandLineRemoved,639184672040180000,2026-06-30T20:46:44.457,-0.44,62D7D56A83A326D1FDD68531BE0B0DD813DD555A,12,11,0x7FF682A80000,207d11d 29d7a26 2aef45d 2af4de2 2af41ca 2aefd3f f8aba3 f96a8e 2b91aab 115ed67 115c4b1,207d11d 29d7a26 2aef45d,SUPERVIVE-Win64-Shipping,0x7FF684AFD11D,SUPERVIVE_Win64_Shipping,SUPERVIVE_Win64_Shipping,1,0,54,24752,RHIThread,58276,AudioMixerNullCallbackThread;AudioMixerRenderThread(1);Background Worker #10;Background Worker #11;Background Worker #12;Background Worker #13;Background Worker #2;Background Worker #3;Background Worker #4;Background Worker #5;Background Worker #6;Background Worker #7;Background Worker #8;Background Worker #9;BackgroundThreadPool #0;BackgroundThreadPool #1;Client Analytics Event Thread;Electra::ExecAsync;FAsyncLoadingThread;FAsyncPurge;FAsyncWriter_Loki;FHeartBeatThread;FMediaTicker;FMessageBus.DefaultBus.Router;Foreground Worker #0;Foreground Worker #1;GameThread;HttpManagerThread;IOThreadPool #0;IOThreadPool #1;IOThreadPool #2;IOThreadPool #3;IoDispatcher;IoService;LibwebsocketsThread;OnlineAsyncTaskThreadNull DefaultInstance(1);OnlineAsyncTaskThreadSteam DefaultInstance;OutputDeviceRedirector;PSOPrecompilePool #0;PSOPrecompilePool #1;PSOPrecompilePool #2;PSOPrecompilePool #3;PSOPrecompilePool #4;PSOPrecompilePool #5;PSOPrecompilePool #6;PSOPrecompilePool #7;PSOPrecompilePool #8;PSOP...[truncated; full text in the JSON],21,0,D3D12Core.dll;GFSDK_Aftermath_Lib.x64.dll;GfnRuntimeSdk.dll;OpenColorIO_2_3.dll;SUPERVIVE-Win64-Shipping.exe;chrome_elf.dll;d3dcompiler_47.dll;dbghelp.dll;discord_partner_sdk.dll;libEGL.dll;libGLESv2.dll;libcef.dll;libogg_64.dll;libvorbis_64.dll;libvorbisfile_64.dll;preloader.dll;runtime.dll;steam_api64.dll;xaudio2_9redist.dll,0,0,0,51481124864,0,0,0,8,AMD Ryzen 7 3800XT 8-Core Processor,NVIDIA GeForce RTX 4090,D3D12,NVIDIA GeForce RTX 4090,,0,false,release2.4.live-156430-shipping,156430,None,1,13939998,217,ok,ok,Breadcrumbs_RHIThread_0.txt;CrashContext.runtime-xml;CrashReportClient.ini;Loki.log;UEMinidump.dmp,5,1,Breadcrumbs 'RHIThread' |,1,Loki.log,285990,2127,2026.07.01-01.46.09:938,2026.07.01-01.46.42:178,32.24,5,/Game/Loki/Maps/LVL_Login,/Game/Loki/Maps/LVL_Login;/Game/Loki/Maps/LobbyV2/LVL_LobbyV2_Persistent;/Game/Loki/Maps/LVL_Login;/Game/Loki/Maps/LobbyV2/LVL_LobbyV2_Persistent;/Game/Loki/Maps/LVL_Login,0,0,0,0,0,0,0,0,0,0,0,0,0,0,0,0,0,,,,,,,,,,,,,,,,,,,,,,,,,,
uecc,crash,UECC-Windows-75ACE427490B7C7517B048A21E162E66_0000,UECC-Windows-75ACE427490B7C7517B048A21E162E66_0000,,,,,,Assert,14,2026-06-30T02:16:54.619,2026-06-29T21:16:54.619,menu-login,C:\Users\eastr\AppData\Local\SUPERVIVE\Saved\Crashes\UECC-Windows-75ACE427490B7C7517B048A21E162E66_0000,1,ok,Attended,92D813B0419601BDF280B99D305B4E89,3,40324,false,false,true,false,0,,,0,0,Fatal error: [File:C:\TheoryCraft\build-staging\Engine\Source\Runtime\Core\Private\HAL\MallocBinned2.cpp] [Line: 1322] FMallocBinned2 Attempt to realloc an unrecognized block 000001B063AB0000 canary == 0x0 != 0xe3,,,MallocBinned2.cpp,1322,5.4.3-0+UE5,UE5-CL-0,Shipping,Game,SUPERVIVE-Win64-Shipping,UE-Loki,Win64 [Windows 10 (22H2) [10.0.19045.7417]  64b],G:/git/GAME BACKUPS FOR REVERSE ENGINEERING/SUPERVIVE/Loki/Binaries/Win64/,59F469C3478E646FCCEBD5AF455483B1,59f469c3478e646fccebd5af455483b1,215f7d50a3644f0480b74790eb09ea82,CommandLineRemoved,639183826146190000,2026-06-29T21:16:54.707,-0.089,B3106F52D687D419AAB80614FAFCD3A3444E67FB,13,12,0x7FF682A80000,fe0148 ff933e 32bcbee 3ec6312 3efb466 37f8b73 4028924 403005f 40300da 4030f6c 4039696 751ef62,fe0148 ff933e 32bcbee,SUPERVIVE-Win64-Shipping,0x7FF683A60148,,,0,0,55,47284,GameThread,47284,AudioMixerNullCallbackThread;AudioMixerRenderThread(1);Background Worker #10;Background Worker #11;Background Worker #12;Background Worker #13;Background Worker #2;Background Worker #3;Background Worker #4;Background Worker #5;Background Worker #6;Background Worker #7;Background Worker #8;Background Worker #9;BackgroundThreadPool #0;BackgroundThreadPool #1;Client Analytics Event Thread;Electra::ExecAsync;FAsyncLoadingThread;FAsyncPurge;FAsyncWriter_Loki;FChunkCacheWorker;FHeartBeatThread;FMediaTicker;FMessageBus.DefaultBus.Router;Foreground Worker #0;Foreground Worker #1;GameThread;HttpManagerThread;IOThreadPool #0;IOThreadPool #1;IOThreadPool #2;IOThreadPool #3;IoDispatcher;IoService;LibwebsocketsThread;OnlineAsyncTaskThreadNull DefaultInstance(1);OnlineAsyncTaskThreadSteam DefaultInstance;OutputDeviceRedirector;PSOPrecompilePool #0;PSOPrecompilePool #1;PSOPrecompilePool #2;PSOPrecompilePool #3;PSOPrecompilePool #4;PSOPrecompilePool #5;PSOPrecompilePool #6;PSOPrecompilePool #7;PSOPrec...[truncated; full text in the JSON],21,0,D3D12Core.dll;GFSDK_Aftermath_Lib.x64.dll;GfnRuntimeSdk.dll;OpenColorIO_2_3.dll;SUPERVIVE-Win64-Shipping.exe;chrome_elf.dll;d3dcompiler_47.dll;dbghelp.dll;discord_partner_sdk.dll;libEGL.dll;libGLESv2.dll;libcef.dll;libogg_64.dll;libvorbis_64.dll;libvorbisfile_64.dll;preloader.dll;runtime.dll;steam_api64.dll;xaudio2_9redist.dll,4291723264,22356369408,4292751360,51481124864,4321038336,0,0,8,AMD Ryzen 7 3800XT 8-Core Processor,NVIDIA GeForce RTX 4090,D3D12,NVIDIA GeForce RTX 4090,Generic,0,true,release2.4.live-156430-shipping,156430,None,1,13689644,217,ok,ok,CrashContext.runtime-xml;CrashReportClient.ini;Loki.log;UEMinidump.dmp,4,0,,1,Loki.log,218442,1789,2026.06.30-02.16.39:173,2026.06.30-02.16.53:496,14.323,1,/Game/Loki/Maps/LVL_Login,/Game/Loki/Maps/LVL_Login,0,0,1,1,0,0,0,0,0,0,0,0,0,0,0,0,0,,,,,,,,,,,,,,,,,,,,,,,,,,
uecc,crash,UECC-Windows-7AE9830F497A53DAC0CFF48F528FAE09_0000,UECC-Windows-7AE9830F497A53DAC0CFF48F528FAE09_0000,,,,,,Crash,31,2026-07-02T14:17:12.806,2026-07-02T09:17:12.806,menu-lobby,C:\Users\eastr\AppData\Local\SUPERVIVE\Saved\Crashes\UECC-Windows-7AE9830F497A53DAC0CFF48F528FAE09_0000,1,ok,Attended,3EB7061B40CA7F52663E8488B64198E1,3,46388,false,false,false,false,0,,,0,0,Unhandled Exception: EXCEPTION_ACCESS_VIOLATION reading address 0x0000000000000028,EXCEPTION_ACCESS_VIOLATION,0x0000000000000028,,,5.4.3-0+UE5,UE5-CL-0,Shipping,Game,SUPERVIVE-Win64-Shipping,UE-Loki,Win64 [Windows 10 (22H2) [10.0.19045.7417]  64b],G:/git/GAME BACKUPS FOR REVERSE ENGINEERING/SUPERVIVE/Loki/Binaries/Win64/,59F469C3478E646FCCEBD5AF455483B1,59f469c3478e646fccebd5af455483b1,215f7d50a3644f0480b74790eb09ea82,CommandLineRemoved,639185986328060000,2026-07-02T09:17:12.916,-0.11,4FBEBE7580073F0B51151D230CF8D92766C335DF,13,12,0x7FF682A80000,296f591 296f247 2973685 29c99ee 2aef879 2af41ca 2aefd3f f8aba3 f96a8e 2b91aab 115ed67 115c4b1,296f591 296f247 2973685,SUPERVIVE-Win64-Shipping,0x7FF6853EF591,SUPERVIVE_Win64_Shipping,SUPERVIVE_Win64_Shipping,1,0,54,26220,RHIThread,47524,AudioMixerNullCallbackThread;AudioMixerRenderThread(1);Background Worker #10;Background Worker #11;Background Worker #12;Background Worker #13;Background Worker #2;Background Worker #3;Background Worker #4;Background Worker #5;Background Worker #6;Background Worker #7;Background Worker #8;Background Worker #9;BackgroundThreadPool #0;BackgroundThreadPool #1;Client Analytics Event Thread;Electra::ExecAsync;FAsyncLoadingThread;FAsyncPurge;FAsyncWriter_Loki;FHeartBeatThread;FMediaTicker;FMessageBus.DefaultBus.Router;Foreground Worker #0;Foreground Worker #1;GameThread;HttpManagerThread;IOThreadPool #0;IOThreadPool #1;IOThreadPool #2;IOThreadPool #3;IoDispatcher;IoService;LibwebsocketsThread;OnlineAsyncTaskThreadNull DefaultInstance(1);OnlineAsyncTaskThreadSteam DefaultInstance;OutputDeviceRedirector;PSOPrecompilePool #0;PSOPrecompilePool #1;PSOPrecompilePool #2;PSOPrecompilePool #3;PSOPrecompilePool #4;PSOPrecompilePool #5;PSOPrecompilePool #6;PSOPrecompilePool #7;PSOPrecompilePool #8;PSOP...[truncated; full text in the JSON],21,0,D3D12Core.dll;GFSDK_Aftermath_Lib.x64.dll;GfnRuntimeSdk.dll;OpenColorIO_2_3.dll;SUPERVIVE-Win64-Shipping.exe;chrome_elf.dll;d3dcompiler_47.dll;dbghelp.dll;discord_partner_sdk.dll;libEGL.dll;libGLESv2.dll;libcef.dll;libogg_64.dll;libvorbis_64.dll;libvorbisfile_64.dll;preloader.dll;runtime.dll;steam_api64.dll;xaudio2_9redist.dll,0,0,0,51481124864,0,0,0,8,AMD Ryzen 7 3800XT 8-Core Processor,NVIDIA GeForce RTX 4090,D3D12,NVIDIA GeForce RTX 4090,Generic,0,true,release2.4.live-156430-shipping,156430,None,1,13722385,217,ok,ok,Breadcrumbs_RHIThread_0.txt;CrashContext.runtime-xml;CrashReportClient.ini;Loki.log;UEMinidump.dmp,5,1,Breadcrumbs 'RHIThread' | Context 1/2 | 	00 FRDGBuilder_Execute |,1,Loki.log,267370,2016,2026.07.02-14.16.40:225,2026.07.02-14.17.11:300,31.075,4,/Game/Loki/Maps/LobbyV2/LVL_LobbyV2_Persistent,/Game/Loki/Maps/LVL_Login;/Game/Loki/Maps/LobbyV2/LVL_LobbyV2_Persistent;/Game/Loki/Maps/LVL_Login;/Game/Loki/Maps/LobbyV2/LVL_LobbyV2_Persistent,0,0,0,0,0,0,0,0,0,0,0,0,0,0,0,0,0,,,,,,,,,,,,,,,,,,,,,,,,,,
uecc,crash,UECC-Windows-7C51644F4CDD6B0F14B78D9153539BEA_0000,UECC-Windows-7C51644F4CDD6B0F14B78D9153539BEA_0000,,,,,,Crash,22,2026-06-30T20:03:54.393,2026-06-30T15:03:54.393,menu-login,C:\Users\eastr\AppData\Local\SUPERVIVE\Saved\Crashes\UECC-Windows-7C51644F4CDD6B0F14B78D9153539BEA_0000,1,ok,Attended,1ED8675A4435FAE8E49955ADD79D7F0D,3,56524,false,false,false,false,0,true,30972,0,0,Unhandled Exception: EXCEPTION_ACCESS_VIOLATION reading address 0x0000000000000000,EXCEPTION_ACCESS_VIOLATION,0x0000000000000000,,,5.4.3-0+UE5,UE5-CL-0,Shipping,Game,SUPERVIVE-Win64-Shipping,UE-Loki,Win64 [Windows 10 (22H2) [10.0.19045.7417]  64b],G:/git/GAME BACKUPS FOR REVERSE ENGINEERING/SUPERVIVE/Loki/Binaries/Win64/,59F469C3478E646FCCEBD5AF455483B1,59f469c3478e646fccebd5af455483b1,215f7d50a3644f0480b74790eb09ea82,CommandLineRemoved,639184466343930000,2026-06-30T15:03:54.519,-0.126,DA5F18296EAC806A0E2C7E6DB9C71B77264A912D,18,17,0x7FF682A80000,5784619 57a64c5 1770c08 177f885 177b5ba 178cc22 fa8275 fb2123 fa4cdc fa822f fb2123 40292dc 403005f 40300da 4030f6c 4039696 751ef62,5784619 57a64c5 1770c08,SUPERVIVE-Win64-Shipping,0x7FF688204619,"SUPERVIVE_Win64_Shipping
SUPERVIVE_Win64_Shipping
runtime
SUPERVIVE_Win64_Shipping
SUPERVIVE_Win64_Shipping",SUPERVIVE_Win64_Shipping;SUPERVIVE_Win64_Shipping;runtime;SUPERVIVE_Win64_Shipping;SUPERVIVE_Win64_Shipping,1,1,54,30972,GameThread,30972,AudioMixerNullCallbackThread;AudioMixerRenderThread(1);Background Worker #10;Background Worker #11;Background Worker #12;Background Worker #13;Background Worker #2;Background Worker #3;Background Worker #4;Background Worker #5;Background Worker #6;Background Worker #7;Background Worker #8;Background Worker #9;BackgroundThreadPool #0;BackgroundThreadPool #1;Client Analytics Event Thread;Electra::ExecAsync;FAsyncLoadingThread;FAsyncPurge;FAsyncWriter_Loki;FHeartBeatThread;FMediaTicker;FMessageBus.DefaultBus.Router;Foreground Worker #0;Foreground Worker #1;GameThread;HttpManagerThread;IOThreadPool #0;IOThreadPool #1;IOThreadPool #2;IOThreadPool #3;IoDispatcher;IoService;LibwebsocketsThread;OnlineAsyncTaskThreadNull DefaultInstance(1);OnlineAsyncTaskThreadSteam DefaultInstance;OutputDeviceRedirector;PSOPrecompilePool #0;PSOPrecompilePool #1;PSOPrecompilePool #2;PSOPrecompilePool #3;PSOPrecompilePool #4;PSOPrecompilePool #5;PSOPrecompilePool #6;PSOPrecompilePool #7;PSOPrecompilePool #8;PSOP...[truncated; full text in the JSON],21,0,D3D12Core.dll;GFSDK_Aftermath_Lib.x64.dll;GfnRuntimeSdk.dll;OpenColorIO_2_3.dll;SUPERVIVE-Win64-Shipping.exe;chrome_elf.dll;d3dcompiler_47.dll;dbghelp.dll;discord_partner_sdk.dll;libEGL.dll;libGLESv2.dll;libcef.dll;libogg_64.dll;libvorbis_64.dll;libvorbisfile_64.dll;preloader.dll;runtime.dll;steam_api64.dll;xaudio2_9redist.dll,0,0,0,51481124864,0,0,0,8,AMD Ryzen 7 3800XT 8-Core Processor,NVIDIA GeForce RTX 4090,D3D12,NVIDIA GeForce RTX 4090,,0,,release2.4.live-156430-shipping,156430,None,1,13673181,217,ok,ok,CrashContext.runtime-xml;CrashReportClient.ini;Loki.log;UEMinidump.dmp,4,0,,1,Loki.log,247303,1879,2026.06.30-20.03.30:060,2026.06.30-20.03.52:544,22.484,1,/Game/Loki/Maps/LVL_Login,/Game/Loki/Maps/LVL_Login,0,0,0,0,0,0,0,0,0,0,0,0,0,0,0,0,0,,,,,,,,,,,,,,,,,,,,,,,,,,
uecc,crash,UECC-Windows-7CA4222D402D8CEFE327799B410574B4_0000,UECC-Windows-7CA4222D402D8CEFE327799B410574B4_0000,,,,,,Assert,277,2026-07-09T07:14:14.207,2026-07-09T02:14:14.207,tutorial-attempted,C:\Users\eastr\AppData\Local\SUPERVIVE\Saved\Crashes\UECC-Windows-7CA4222D402D8CEFE327799B410574B4_0000,1,ok,Attended,F31AD7BA42B8882B7B03AB879D378994,3,68556,false,false,true,false,0,,,0,0,Fatal error: [File:C:\TheoryCraft\build-staging\Engine\Source\Runtime\Engine\Private\UnrealEngine.cpp] [Line: 15551] Couldn't spawn player: ALokiGameMode::Login failed to Login,,,UnrealEngine.cpp,15551,5.4.3-0+UE5,UE5-CL-0,Shipping,Game,SUPERVIVE-Win64-Shipping,UE-Loki,Win64 [Windows 10 (22H2) [10.0.19045.7417]  64b],G:/git/GAME BACKUPS FOR REVERSE ENGINEERING/SUPERVIVE/Loki/Binaries/Win64/,59F469C3478E646FCCEBD5AF455483B1,59f469c3478e646fccebd5af455483b1,215f7d50a3644f0480b74790eb09ea82,CommandLineRemoved,639191780542070000,2026-07-09T02:14:14.404,-0.198,D5ABA8A5577B609F8D98EADFA8C5BA62E267B0EE,11,10,0x7FF6B54F0000,3ee9cf5 3ec5faf 3efb466 37f8b73 4028924 403005f 40300da 4030f6c 4039696 751ef62,3ee9cf5 3ec5faf 3efb466,SUPERVIVE-Win64-Shipping,0x7FF6B93D9CF5,,,0,0,54,79544,GameThread,79544,AudioMixerNullCallbackThread;AudioMixerRenderThread(1);Background Worker #10;Background Worker #11;Background Worker #12;Background Worker #13;Background Worker #2;Background Worker #3;Background Worker #4;Background Worker #5;Background Worker #6;Background Worker #7;Background Worker #8;Background Worker #9;BackgroundThreadPool #0;BackgroundThreadPool #1;Client Analytics Event Thread;Electra::ExecAsync;FAsyncLoadingThread;FAsyncPurge;FAsyncWriter_Loki;FHeartBeatThread;FMediaTicker;FMessageBus.DefaultBus.Router;Foreground Worker #0;Foreground Worker #1;GameThread;HttpManagerThread;IOThreadPool #0;IOThreadPool #1;IOThreadPool #2;IOThreadPool #3;IoDispatcher;IoService;LibwebsocketsThread;OnlineAsyncTaskThreadNull DefaultInstance(1);OnlineAsyncTaskThreadSteam DefaultInstance;OutputDeviceRedirector;PSOPrecompilePool #0;PSOPrecompilePool #1;PSOPrecompilePool #2;PSOPrecompilePool #3;PSOPrecompilePool #4;PSOPrecompilePool #5;PSOPrecompilePool #6;PSOPrecompilePool #7;PSOPrecompilePool #8;PSOP...[truncated; full text in the JSON],21,0,D3D12Core.dll;GFSDK_Aftermath_Lib.x64.dll;GfnRuntimeSdk.dll;OpenColorIO_2_3.dll;SUPERVIVE-Win64-Shipping.exe;chrome_elf.dll;d3dcompiler_47.dll;dbghelp.dll;discord_partner_sdk.dll;libEGL.dll;libGLESv2.dll;libcef.dll;libogg_64.dll;libvorbis_64.dll;libvorbisfile_64.dll;preloader.dll;runtime.dll;steam_api64.dll;xaudio2_9redist.dll,2440536064,22749765632,6070587392,51481124864,7696527360,0,0,8,AMD Ryzen 7 3800XT 8-Core Processor,NVIDIA GeForce RTX 4090,D3D12,NVIDIA GeForce RTX 4090,,,false,release2.4.live-156430-shipping,156430,None,1,14902292,218,ok,ok,CrashContext.runtime-xml;CrashReportClient.ini;Loki.log;UEMinidump.dmp,4,0,,1,Loki.log,372671,2601,2026.07.09-07.09.30:795,2026.07.09-07.14.11:500,280.705,2,/Game/Loki/Maps/LobbyV2/LVL_LobbyV2_Persistent,/Game/Loki/Maps/LVL_Login;/Game/Loki/Maps/LobbyV2/LVL_LobbyV2_Persistent,0,0,1,1,11,0,0,0,0,0,0,0,0,0,0,0,0,,,,,,,,,,,,,,,,,,,,,,,,,,
uecc,crash,UECC-Windows-7E6FDF974F655E383E5FAD99500869C5_0000,UECC-Windows-7E6FDF974F655E383E5FAD99500869C5_0000,,,,,,Crash,173,2026-07-26T09:39:24.906,2026-07-26T04:39:24.906,tutorial,C:\Users\eastr\AppData\Local\SUPERVIVE\Saved\Crashes\UECC-Windows-7E6FDF974F655E383E5FAD99500869C5_0000,1,ok,Attended,8A9517AE4C45285791F9EDA91EC145F2,3,22832,false,false,false,false,0,,,0,0,Unhandled Exception: EXCEPTION_ACCESS_VIOLATION reading address 0x0000000000000700,EXCEPTION_ACCESS_VIOLATION,0x0000000000000700,,,5.4.3-0+UE5,UE5-CL-0,Shipping,Game,SUPERVIVE-Win64-Shipping,UE-Loki,Win64 [Windows 10 (22H2) [10.0.19045.7548]  64b],G:/git/GAME BACKUPS FOR REVERSE ENGINEERING/SUPERVIVE/Loki/Binaries/Win64/,59F469C3478E646FCCEBD5AF455483B1,59f469c3478e646fccebd5af455483b1,215f7d50a3644f0480b74790eb09ea82,CommandLineRemoved,639206555649060000,2026-07-26T04:39:25.046,-0.141,A92CFEEE6BC060216A7DB3C6CA191BF7C10B4CDB,13,12,0x7FF6E7D30000,3c5dc52 3c5d255 3c34b22 3c596b3 39c7884 37f8b8c 4028924 403005f 40300da 4030f6c 4039696 751ef62,3c5dc52 3c5d255 3c34b22,SUPERVIVE-Win64-Shipping,0x7FF6EB98DC52,"SUPERVIVE_Win64_Shipping
SUPERVIVE_Win64_Shipping
SUPERVIVE_Win64_Shipping",SUPERVIVE_Win64_Shipping;SUPERVIVE_Win64_Shipping;SUPERVIVE_Win64_Shipping,1,0,54,6660,GameThread,6660,AudioMixerNullCallbackThread;AudioMixerRenderThread(1);Background Worker #10;Background Worker #11;Background Worker #12;Background Worker #13;Background Worker #2;Background Worker #3;Background Worker #4;Background Worker #5;Background Worker #6;Background Worker #7;Background Worker #8;Background Worker #9;BackgroundThreadPool #0;BackgroundThreadPool #1;Client Analytics Event Thread;Electra::ExecAsync;FAsyncLoadingThread;FAsyncPurge;FAsyncWriter_Loki;FHeartBeatThread;FMediaTicker;FMessageBus.DefaultBus.Router;Foreground Worker #0;Foreground Worker #1;GameThread;HttpManagerThread;IOThreadPool #0;IOThreadPool #1;IOThreadPool #2;IOThreadPool #3;IoDispatcher;IoService;LibwebsocketsThread;OnlineAsyncTaskThreadNull DefaultInstance(1);OnlineAsyncTaskThreadSteam DefaultInstance;OutputDeviceRedirector;PSOPrecompilePool #0;PSOPrecompilePool #1;PSOPrecompilePool #2;PSOPrecompilePool #3;PSOPrecompilePool #4;PSOPrecompilePool #5;PSOPrecompilePool #6;PSOPrecompilePool #7;PSOPrecompilePool #8;PSOP...[truncated; full text in the JSON],21,0,D3D12Core.dll;GFSDK_Aftermath_Lib.x64.dll;GfnRuntimeSdk.dll;OpenColorIO_2_3.dll;SUPERVIVE-Win64-Shipping.exe;chrome_elf.dll;d3dcompiler_47.dll;dbghelp.dll;discord_partner_sdk.dll;libEGL.dll;libGLESv2.dll;libcef.dll;libogg_64.dll;libvorbis_64.dll;libvorbisfile_64.dll;preloader.dll;runtime.dll;steam_api64.dll;xaudio2_9redist.dll,0,0,0,51481124864,0,0,0,8,AMD Ryzen 7 3800XT 8-Core Processor,NVIDIA GeForce RTX 4090,D3D12,NVIDIA GeForce RTX 4090,,,false,release2.4.live-156430-shipping,156430,None,1,13691386,217,ok,ok,CrashContext.runtime-xml;CrashReportClient.ini;Loki.log;UEMinidump.dmp,4,0,,1,Loki.log,8000757,56656,2026.07.26-09.36.28:111,2026.07.26-09.39.23:393,175.282,3,/Game/Loki/Maps/Tutorial/LVL_Tutorial,/Game/Loki/Maps/LVL_Login;/Game/Loki/Maps/LobbyV2/LVL_LobbyV2_Persistent;/Game/Loki/Maps/Tutorial/LVL_Tutorial,0,0,0,0,704,53818,2,0,0,0,0,0,0,0,0,0,0,,,,,,,,,,,,,,,,,,,,,,,,,,
uecc,crash,UECC-Windows-838C7D984314FC29C224F0AE1DE1ABFA_0000,UECC-Windows-838C7D984314FC29C224F0AE1DE1ABFA_0000,,,,,,Crash,259,2026-07-12T06:56:29.984,2026-07-12T01:56:29.984,tutorial,C:\Users\eastr\AppData\Local\SUPERVIVE\Saved\Crashes\UECC-Windows-838C7D984314FC29C224F0AE1DE1ABFA_0000,1,ok,Attended,ECAE264C4BF6EEBDB3A7C5B8F361C72E,3,16740,false,false,false,false,0,true,78216,0,0,Unhandled Exception: EXCEPTION_ACCESS_VIOLATION reading address 0x0000000000000000,EXCEPTION_ACCESS_VIOLATION,0x0000000000000000,,,5.4.3-0+UE5,UE5-CL-0,Shipping,Game,SUPERVIVE-Win64-Shipping,UE-Loki,Win64 [Windows 10 (22H2) [10.0.19045.7417]  64b],G:/git/GAME BACKUPS FOR REVERSE ENGINEERING/SUPERVIVE/Loki/Binaries/Win64/,59F469C3478E646FCCEBD5AF455483B1,59f469c3478e646fccebd5af455483b1,215f7d50a3644f0480b74790eb09ea82,CommandLineRemoved,639194361899840000,2026-07-12T01:56:30.092,-0.109,178A9A42BF058DC868A4A5EFD71643A0FAF7BAA6,31,25,0x7FF6B54F0000,1345ff8 534c16e feca12 1225fd6 13453a5 341721b 36a1aa3 36a1bdc 36a412b 36a339a 35aa803 3ed1a7f 3ed8642 f96a8e f9ce6a 3eeedd4 3ef3e65 39c76c6 37f8b8c 4028924 403005f 40300da 4030f6c 4039696 751ef62,1345ff8 534c16e feca12,SUPERVIVE-Win64-Shipping,0x7FF6B6835FF8,"SUPERVIVE_Win64_Shipping
SUPERVIVE_Win64_Shipping
runtime",SUPERVIVE_Win64_Shipping;SUPERVIVE_Win64_Shipping;runtime,1,1,54,78216,GameThread,78216,AudioMixerNullCallbackThread;AudioMixerRenderThread(1);Background Worker #10;Background Worker #11;Background Worker #12;Background Worker #13;Background Worker #2;Background Worker #3;Background Worker #4;Background Worker #5;Background Worker #6;Background Worker #7;Background Worker #8;Background Worker #9;BackgroundThreadPool #0;BackgroundThreadPool #1;Client Analytics Event Thread;Electra::ExecAsync;FAsyncLoadingThread;FAsyncPurge;FAsyncWriter_Loki;FHeartBeatThread;FMediaTicker;FMessageBus.DefaultBus.Router;Foreground Worker #0;Foreground Worker #1;GameThread;HttpManagerThread;IOThreadPool #0;IOThreadPool #1;IOThreadPool #2;IOThreadPool #3;IoDispatcher;IoService;LibwebsocketsThread;OnlineAsyncTaskThreadNull DefaultInstance(1);OnlineAsyncTaskThreadSteam DefaultInstance;OutputDeviceRedirector;PSOPrecompilePool #0;PSOPrecompilePool #1;PSOPrecompilePool #2;PSOPrecompilePool #3;PSOPrecompilePool #4;PSOPrecompilePool #5;PSOPrecompilePool #6;PSOPrecompilePool #7;PSOPrecompilePool #8;PSOP...[truncated; full text in the JSON],21,0,D3D12Core.dll;GFSDK_Aftermath_Lib.x64.dll;GfnRuntimeSdk.dll;OpenColorIO_2_3.dll;SUPERVIVE-Win64-Shipping.exe;chrome_elf.dll;d3dcompiler_47.dll;dbghelp.dll;discord_partner_sdk.dll;libEGL.dll;libGLESv2.dll;libcef.dll;libogg_64.dll;libvorbis_64.dll;libvorbisfile_64.dll;preloader.dll;runtime.dll;steam_api64.dll;xaudio2_9redist.dll,0,0,0,51481124864,0,0,0,8,AMD Ryzen 7 3800XT 8-Core Processor,NVIDIA GeForce RTX 4090,D3D12,NVIDIA GeForce RTX 4090,,,true,release2.4.live-156430-shipping,156430,None,1,13902840,217,ok,ok,CrashContext.runtime-xml;CrashReportClient.ini;Loki.log;UEMinidump.dmp,4,0,,1,Loki.log,55924254,393139,2026.07.12-06.52.09:540,2026.07.12-06.56.28:793,259.253,3,/Game/Loki/Maps/Tutorial/LVL_Tutorial,/Game/Loki/Maps/LVL_Login;/Game/Loki/Maps/LobbyV2/LVL_LobbyV2_Persistent;/Game/Loki/Maps/Tutorial/LVL_Tutorial,0,0,0,0,708,390350,2,0,0,0,0,0,0,0,0,0,0,,,,,,,,,,,,,,,,,,,,,,,,,,
uecc,degenerate,UECC-Windows-83E3410A4E6EA6C10784CC8A1C54D985_0000,UECC-Windows-83E3410A4E6EA6C10784CC8A1C54D985_0000,,,,,,Crash,0,,,,C:\Users\eastr\AppData\Local\SUPERVIVE\Saved\Crashes\UECC-Windows-83E3410A4E6EA6C10784CC8A1C54D985_0000,1,ok,Attended,E9E064F24EBCE0C27FA215ADFF2926D0,3,108204,false,false,false,false,0,,,0,0,Unhandled Exception: EXCEPTION_ACCESS_VIOLATION reading address 0x0000027e8de40000,EXCEPTION_ACCESS_VIOLATION,0x0000027e8de40000,,,5.4.3-0+UE5,UE5-CL-0,Shipping,Game,SUPERVIVE-Win64-Shipping,UE-Loki,WindowsClient,G:/git/GAME BACKUPS FOR REVERSE ENGINEERING/SUPERVIVE/Loki/Binaries/Win64/,59F469C3478E646FCCEBD5AF455483B1,59f469c3478e646fccebd5af455483b1,215f7d50a3644f0480b74790eb09ea82,-ini:Engine:[/Script/AccelByteUe4Sdk.AccelByteSettings]:BaseUrl=http://localhost:8080 -ini:Engine:[/Script/AccelByteUe4Sdk.AccelByteSettings]:IamServerUrl=http://localhost:8080/iam -ini:Engine:[/Script/AccelByteUe4Sdk.AccelByteSettings]:PlatformServerUrl=http://localhost:8080/platform -ini:Engine:[/Script/AccelByteUe4Sdk.AccelByteSettings]:BasicServerUrl=http://localhost:8080/basic -ini:Engine:[/Script/AccelByteUe4Sdk.AccelByteSettings]:LobbyServerUrl=ws://localhost:8080/lobby/ -ini:Engine:[/Script/Loki.LokiGameProjectSettings]:ProdPostAuthURL=http://localhost:8080 -ini:Engine:[/Script/Loki.LokiGameProjectSettings]:ProdClientConfigURL=http://localhost:8080 -ini:Game:[/Script/Loki.LokiGameProjectSettings]:ProdPostAuthURL=http://localhost:8080 -ini:Game:[/Script/Loki.LokiGameProjectSettings]:ProdClientConfigURL=http://localhost:8080 -log,,2026-07-10T15:24:09.460,,DA39A3EE5E6B4B0D3255BFEF95601890AFD80709,2,0,,,,mdnsNSP,0x27E490E205D,,,0,0,60,,,12312,Background Worker #10;Background Worker #11;Background Worker #12;Background Worker #13;Background Worker #2;Background Worker #3;Background Worker #4;Background Worker #5;Background Worker #6;Background Worker #7;Background Worker #8;Background Worker #9;BackgroundThreadPool #0;BackgroundThreadPool #1;FAsyncWriter_Loki;FChunkCacheWorker;FHeartBeatThread;FMediaTicker;Foreground Worker #0;Foreground Worker #1;GameThread;HttpManagerThread;IOThreadPool #0;IOThreadPool #1;IOThreadPool #2;IOThreadPool #3;IoDispatcher;IoService;OnlineAsyncTaskThreadNull DefaultInstance(1);OutputDeviceRedirector;PSOPrecompilePool #0;PSOPrecompilePool #1;PSOPrecompilePool #2;PSOPrecompilePool #3;PSOPrecompilePool #4;PSOPrecompilePool #5;PSOPrecompilePool #6;PSOPrecompilePool #7;PSOPrecompilePool #8;PSOPrecompilePool #9;RHIInterruptThread;RHISubmissionThread;RHIThread;RTHeartBeat 0;RenderThread 0,0,0,,0,0,0,51481124864,0,0,0,8,AMD Ryzen 7 3800XT 8-Core Processor,NVIDIA GeForce RTX 4090,D3D12,NVIDIA GeForce RTX 4090,,,,,,,1,0,,zero-byte,os-only,CrashContext.runtime-xml;CrashReportClient.ini;UEMinidump.dmp,3,0,,0,,,,,,,,,,,,,,,,,,,,,,,,,,,,,,,,,,,,,,,,,,,,,,,,,,,,
uecc,crash,UECC-Windows-844A28464EBA92F39C30048162EDA529_0000,UECC-Windows-844A28464EBA92F39C30048162EDA529_0000,,,,,,Assert,288,2026-07-11T19:32:43.116,2026-07-11T14:32:43.116,tutorial-attempted,C:\Users\eastr\AppData\Local\SUPERVIVE\Saved\Crashes\UECC-Windows-844A28464EBA92F39C30048162EDA529_0000,1,ok,Attended,C39A98CA43B89C70421EF799FF13123A,3,80916,false,false,true,false,0,,,0,0,Fatal error: [File:C:\TheoryCraft\build-staging\Engine\Source\Runtime\Engine\Private\UnrealEngine.cpp] [Line: 15551] Couldn't spawn player: PlayerState is null,,,UnrealEngine.cpp,15551,5.4.3-0+UE5,UE5-CL-0,Shipping,Game,SUPERVIVE-Win64-Shipping,UE-Loki,Win64 [Windows 10 (22H2) [10.0.19045.7417]  64b],G:/git/GAME BACKUPS FOR REVERSE ENGINEERING/SUPERVIVE/Loki/Binaries/Win64/,59F469C3478E646FCCEBD5AF455483B1,59f469c3478e646fccebd5af455483b1,215f7d50a3644f0480b74790eb09ea82,CommandLineRemoved,639193951631160000,2026-07-11T14:32:43.217,-0.101,D5ABA8A5577B609F8D98EADFA8C5BA62E267B0EE,11,10,0x7FF6B54F0000,3ee9cf5 3ec5faf 3efb466 37f8b73 4028924 403005f 40300da 4030f6c 4039696 751ef62,3ee9cf5 3ec5faf 3efb466,SUPERVIVE-Win64-Shipping,0x7FF6B93D9CF5,,,0,0,54,105284,GameThread,105284,AudioMixerNullCallbackThread;AudioMixerRenderThread(1);Background Worker #10;Background Worker #11;Background Worker #12;Background Worker #13;Background Worker #2;Background Worker #3;Background Worker #4;Background Worker #5;Background Worker #6;Background Worker #7;Background Worker #8;Background Worker #9;BackgroundThreadPool #0;BackgroundThreadPool #1;Client Analytics Event Thread;Electra::ExecAsync;FAsyncLoadingThread;FAsyncPurge;FAsyncWriter_Loki;FHeartBeatThread;FMediaTicker;FMessageBus.DefaultBus.Router;Foreground Worker #0;Foreground Worker #1;GameThread;HttpManagerThread;IOThreadPool #0;IOThreadPool #1;IOThreadPool #2;IOThreadPool #3;IoDispatcher;IoService;LibwebsocketsThread;OnlineAsyncTaskThreadNull DefaultInstance(1);OnlineAsyncTaskThreadSteam DefaultInstance;OutputDeviceRedirector;PSOPrecompilePool #0;PSOPrecompilePool #1;PSOPrecompilePool #2;PSOPrecompilePool #3;PSOPrecompilePool #4;PSOPrecompilePool #5;PSOPrecompilePool #6;PSOPrecompilePool #7;PSOPrecompilePool #8;PSOP...[truncated; full text in the JSON],21,0,D3D12Core.dll;GFSDK_Aftermath_Lib.x64.dll;GfnRuntimeSdk.dll;OpenColorIO_2_3.dll;SUPERVIVE-Win64-Shipping.exe;chrome_elf.dll;d3dcompiler_47.dll;dbghelp.dll;discord_partner_sdk.dll;libEGL.dll;libGLESv2.dll;libcef.dll;libogg_64.dll;libvorbis_64.dll;libvorbisfile_64.dll;preloader.dll;runtime.dll;steam_api64.dll;xaudio2_9redist.dll,2053509120,25469513728,5713567744,51481124864,7144898560,0,0,8,AMD Ryzen 7 3800XT 8-Core Processor,NVIDIA GeForce RTX 4090,D3D12,NVIDIA GeForce RTX 4090,,,true,release2.4.live-156430-shipping,156430,None,1,13904990,217,ok,ok,CrashContext.runtime-xml;CrashReportClient.ini;Loki.log;UEMinidump.dmp,4,0,,1,Loki.log,388527,2694,2026.07.11-19.27.51:702,2026.07.11-19.32.41:703,290.001,2,/Game/Loki/Maps/LobbyV2/LVL_LobbyV2_Persistent,/Game/Loki/Maps/LVL_Login;/Game/Loki/Maps/LobbyV2/LVL_LobbyV2_Persistent,0,0,1,1,11,0,2,0,0,0,0,0,0,0,0,0,0,,,,,,,,,,,,,,,,,,,,,,,,,,
uecc,degenerate,UECC-Windows-858B6F07479DB1B45F1B07B72F98427B_0000,UECC-Windows-858B6F07479DB1B45F1B07B72F98427B_0000,,,,,,Crash,0,,,,C:\Users\eastr\AppData\Local\SUPERVIVE\Saved\Crashes\UECC-Windows-858B6F07479DB1B45F1B07B72F98427B_0000,1,ok,Attended,2627AFA5445E4976D911E8A3768658C6,3,59220,false,false,false,false,0,,,0,0,Unhandled Exception: EXCEPTION_ACCESS_VIOLATION reading address 0x0000022c26245000,EXCEPTION_ACCESS_VIOLATION,0x0000022c26245000,,,5.4.3-0+UE5,UE5-CL-0,Shipping,Game,SUPERVIVE-Win64-Shipping,UE-Loki,WindowsClient,G:/git/GAME BACKUPS FOR REVERSE ENGINEERING/SUPERVIVE/Loki/Binaries/Win64/,59F469C3478E646FCCEBD5AF455483B1,59f469c3478e646fccebd5af455483b1,215f7d50a3644f0480b74790eb09ea82,-ini:Engine:[/Script/AccelByteUe4Sdk.AccelByteSettings]:BaseUrl=http://localhost:8080 -ini:Engine:[/Script/AccelByteUe4Sdk.AccelByteSettings]:IamServerUrl=http://localhost:8080/iam -ini:Engine:[/Script/AccelByteUe4Sdk.AccelByteSettings]:PlatformServerUrl=http://localhost:8080/platform -ini:Engine:[/Script/AccelByteUe4Sdk.AccelByteSettings]:BasicServerUrl=http://localhost:8080/basic -ini:Engine:[/Script/AccelByteUe4Sdk.AccelByteSettings]:LobbyServerUrl=ws://localhost:8080/lobby/ -ini:Engine:[/Script/Loki.LokiGameProjectSettings]:ProdPostAuthURL=http://localhost:8080 -ini:Engine:[/Script/Loki.LokiGameProjectSettings]:ProdClientConfigURL=http://localhost:8080 -ini:Game:[/Script/Loki.LokiGameProjectSettings]:ProdPostAuthURL=http://localhost:8080 -ini:Game:[/Script/Loki.LokiGameProjectSettings]:ProdClientConfigURL=http://localhost:8080 -log,,2026-07-10T16:41:43.596,,DA39A3EE5E6B4B0D3255BFEF95601890AFD80709,2,0,,,,mdnsNSP,0x22C761D205D,,,0,0,43,,,73264,Background Worker #10;Background Worker #11;Background Worker #12;Background Worker #13;Background Worker #2;Background Worker #3;Background Worker #4;Background Worker #5;Background Worker #6;Background Worker #7;Background Worker #8;Background Worker #9;BackgroundThreadPool #0;BackgroundThreadPool #1;FAsyncWriter_Loki;FChunkCacheWorker;FHeartBeatThread;FMediaTicker;Foreground Worker #0;Foreground Worker #1;GameThread;HttpManagerThread;IOThreadPool #0;IOThreadPool #1;IOThreadPool #2;IOThreadPool #3;OnlineAsyncTaskThreadNull DefaultInstance(1);OutputDeviceRedirector,0,0,,0,0,0,51481124864,0,0,0,8,AMD Ryzen 7 3800XT 8-Core Processor,NVIDIA GeForce RTX 4090,,,,,,,,,1,0,,zero-byte,os-only,CrashContext.runtime-xml;CrashReportClient.ini;UEMinidump.dmp,3,0,,0,,,,,,,,,,,,,,,,,,,,,,,,,,,,,,,,,,,,,,,,,,,,,,,,,,,,
uecc,crash,UECC-Windows-8C3ECC714EBF9A48B589F2B498B3827A_0000,UECC-Windows-8C3ECC714EBF9A48B589F2B498B3827A_0000,,,,,,Crash,0,2026-07-09T02:19:40.538,2026-07-08T21:19:40.538,unknown,C:\Users\eastr\AppData\Local\SUPERVIVE\Saved\Crashes\UECC-Windows-8C3ECC714EBF9A48B589F2B498B3827A_0000,1,ok,Attended,89A963174160936F6235B1B4DE537B35,3,98380,false,false,false,false,0,,,0,0,Unhandled Exception: EXCEPTION_ACCESS_VIOLATION reading address 0x00000185232a2000,EXCEPTION_ACCESS_VIOLATION,0x00000185232a2000,,,5.4.3-0+UE5,UE5-CL-0,Shipping,Game,SUPERVIVE-Win64-Shipping,UE-Loki,Win64 [Windows 10 (22H2) [10.0.19045.7417]  64b],G:/git/GAME BACKUPS FOR REVERSE ENGINEERING/SUPERVIVE/Loki/Binaries/Win64/,59F469C3478E646FCCEBD5AF455483B1,59f469c3478e646fccebd5af455483b1,215f7d50a3644f0480b74790eb09ea82,CommandLineRemoved,639191603805380000,2026-07-08T21:19:40.622,-0.084,DA39A3EE5E6B4B0D3255BFEF95601890AFD80709,2,0,,,,mdnsNSP,0x1856CA8205D,"kernel32
ntdll",kernel32;ntdll,0,0,43,,,46676,Background Worker #10;Background Worker #11;Background Worker #12;Background Worker #13;Background Worker #2;Background Worker #3;Background Worker #4;Background Worker #5;Background Worker #6;Background Worker #7;Background Worker #8;Background Worker #9;BackgroundThreadPool #0;BackgroundThreadPool #1;FAsyncWriter_Loki;FChunkCacheWorker;FHeartBeatThread;FMediaTicker;Foreground Worker #0;Foreground Worker #1;GameThread;HttpManagerThread;IOThreadPool #0;IOThreadPool #1;IOThreadPool #2;IOThreadPool #3;OnlineAsyncTaskThreadNull DefaultInstance(1);OutputDeviceRedirector,7,0,D3D12Core.dll;GFSDK_Aftermath_Lib.x64.dll;OpenColorIO_2_3.dll;SUPERVIVE-Win64-Shipping.exe;dbghelp.dll;preloader.dll;runtime.dll,0,0,0,51481124864,0,0,0,8,AMD Ryzen 7 3800XT 8-Core Processor,NVIDIA GeForce RTX 4090,,,,,,,,,1,13083973,92,ok,os-only,CrashContext.runtime-xml;CrashReportClient.ini;Loki.log;UEMinidump.dmp,4,0,,1,Loki.log,50407,594,2026.07.09-02.19.36:226,2026.07.09-02.19.38:103,1.877,0,,,0,0,0,0,0,0,0,0,0,0,0,0,0,0,0,0,0,,,,,,,,,,,,,,,,,,,,,,,,,,
uecc,crash,UECC-Windows-8F0E05BF44D2C173BF310D8C0E780153_0000,UECC-Windows-8F0E05BF44D2C173BF310D8C0E780153_0000,,,,,,Crash,196,2026-07-26T07:11:46.857,2026-07-26T02:11:46.857,tutorial,C:\Users\eastr\AppData\Local\SUPERVIVE\Saved\Crashes\UECC-Windows-8F0E05BF44D2C173BF310D8C0E780153_0000,1,ok,Attended,ED58DFD44734185904365DB5E166AAFD,3,34144,false,false,false,false,0,,,0,0,Unhandled Exception: EXCEPTION_ACCESS_VIOLATION reading address 0x0000000000000044,EXCEPTION_ACCESS_VIOLATION,0x0000000000000044,,,5.4.3-0+UE5,UE5-CL-0,Shipping,Game,SUPERVIVE-Win64-Shipping,UE-Loki,Win64 [Windows 10 (22H2) [10.0.19045.7548]  64b],G:/git/GAME BACKUPS FOR REVERSE ENGINEERING/SUPERVIVE/Loki/Binaries/Win64/,59F469C3478E646FCCEBD5AF455483B1,59f469c3478e646fccebd5af455483b1,215f7d50a3644f0480b74790eb09ea82,CommandLineRemoved,639206467068570000,2026-07-26T02:11:46.972,-0.115,6D91E5A0A4092BFB4A3861793A428E13C443C8B8,16,15,0x7FF6E7D30000,34713aa 3496da2 34178ba 3405efc 3691a72 3691704 367b462 f84697 f873b3 f8b2be f9d9bc f87040 100c334 115ed67 115c4b1,34713aa 3496da2 34178ba,SUPERVIVE-Win64-Shipping,0x7FF6EB1A13AA,SUPERVIVE_Win64_Shipping,SUPERVIVE_Win64_Shipping,1,0,54,33840,Foreground Worker #1,44056,AudioMixerNullCallbackThread;AudioMixerRenderThread(1);Background Worker #10;Background Worker #11;Background Worker #12;Background Worker #13;Background Worker #2;Background Worker #3;Background Worker #4;Background Worker #5;Background Worker #6;Background Worker #7;Background Worker #8;Background Worker #9;BackgroundThreadPool #0;BackgroundThreadPool #1;Client Analytics Event Thread;Electra::ExecAsync;FAsyncLoadingThread;FAsyncPurge;FAsyncWriter_Loki;FHeartBeatThread;FMediaTicker;FMessageBus.DefaultBus.Router;Foreground Worker #0;Foreground Worker #1;GameThread;HttpManagerThread;IOThreadPool #0;IOThreadPool #1;IOThreadPool #2;IOThreadPool #3;IoDispatcher;IoService;LibwebsocketsThread;OnlineAsyncTaskThreadNull DefaultInstance(1);OnlineAsyncTaskThreadSteam DefaultInstance;OutputDeviceRedirector;PSOPrecompilePool #0;PSOPrecompilePool #1;PSOPrecompilePool #2;PSOPrecompilePool #3;PSOPrecompilePool #4;PSOPrecompilePool #5;PSOPrecompilePool #6;PSOPrecompilePool #7;PSOPrecompilePool #8;PSOP...[truncated; full text in the JSON],21,0,D3D12Core.dll;GFSDK_Aftermath_Lib.x64.dll;GfnRuntimeSdk.dll;OpenColorIO_2_3.dll;SUPERVIVE-Win64-Shipping.exe;chrome_elf.dll;d3dcompiler_47.dll;dbghelp.dll;discord_partner_sdk.dll;libEGL.dll;libGLESv2.dll;libcef.dll;libogg_64.dll;libvorbis_64.dll;libvorbisfile_64.dll;preloader.dll;runtime.dll;steam_api64.dll;xaudio2_9redist.dll,0,0,0,51481124864,0,0,0,8,AMD Ryzen 7 3800XT 8-Core Processor,NVIDIA GeForce RTX 4090,D3D12,NVIDIA GeForce RTX 4090,,,true,release2.4.live-156430-shipping,156430,None,1,13922725,217,ok,ok,CrashContext.runtime-xml;CrashReportClient.ini;Loki.log;UEMinidump.dmp,4,0,,1,Loki.log,12043846,85142,2026.07.26-07.08.30:361,2026.07.26-07.11.45:474,195.113,3,/Game/Loki/Maps/Tutorial/LVL_Tutorial,/Game/Loki/Maps/LVL_Login;/Game/Loki/Maps/LobbyV2/LVL_LobbyV2_Persistent;/Game/Loki/Maps/Tutorial/LVL_Tutorial,0,0,0,0,1226,82096,2,0,0,0,0,0,0,0,0,0,0,,,,,,,,,,,,,,,,,,,,,,,,,,
uecc,crash,UECC-Windows-904ED124429008C01E3C64B0128C22C9_0000,UECC-Windows-904ED124429008C01E3C64B0128C22C9_0000,,,,,,Assert,15,2026-06-30T01:45:21.598,2026-06-29T20:45:21.598,menu-login,C:\Users\eastr\AppData\Local\SUPERVIVE\Saved\Crashes\UECC-Windows-904ED124429008C01E3C64B0128C22C9_0000,1,ok,Attended,F6114C0F45696B24698018A3A2F8B5D7,3,66364,false,false,true,false,0,,,0,0,Fatal error: [File:C:\TheoryCraft\build-staging\Engine\Source\Runtime\Core\Private\HAL\MallocBinned2.cpp] [Line: 1322] FMallocBinned2 Attempt to realloc an unrecognized block 000001D737920000 canary == 0x0 != 0xe3,,,MallocBinned2.cpp,1322,5.4.3-0+UE5,UE5-CL-0,Shipping,Game,SUPERVIVE-Win64-Shipping,UE-Loki,Win64 [Windows 10 (22H2) [10.0.19045.7417]  64b],G:/git/GAME BACKUPS FOR REVERSE ENGINEERING/SUPERVIVE/Loki/Binaries/Win64/,59F469C3478E646FCCEBD5AF455483B1,59f469c3478e646fccebd5af455483b1,215f7d50a3644f0480b74790eb09ea82,CommandLineRemoved,639183807215980000,2026-06-29T20:45:21.692,-0.094,B3106F52D687D419AAB80614FAFCD3A3444E67FB,13,12,0x7FF682A80000,fe0148 ff933e 32bcbee 3ec6312 3efb466 37f8b73 4028924 403005f 40300da 4030f6c 4039696 751ef62,fe0148 ff933e 32bcbee,SUPERVIVE-Win64-Shipping,0x7FF683A60148,,,0,0,54,60420,GameThread,60420,AudioMixerNullCallbackThread;AudioMixerRenderThread(1);Background Worker #10;Background Worker #11;Background Worker #12;Background Worker #13;Background Worker #2;Background Worker #3;Background Worker #4;Background Worker #5;Background Worker #6;Background Worker #7;Background Worker #8;Background Worker #9;BackgroundThreadPool #0;BackgroundThreadPool #1;Client Analytics Event Thread;Electra::ExecAsync;FAsyncLoadingThread;FAsyncPurge;FAsyncWriter_Loki;FHeartBeatThread;FMediaTicker;FMessageBus.DefaultBus.Router;Foreground Worker #0;Foreground Worker #1;GameThread;HttpManagerThread;IOThreadPool #0;IOThreadPool #1;IOThreadPool #2;IOThreadPool #3;IoDispatcher;IoService;LibwebsocketsThread;OnlineAsyncTaskThreadNull DefaultInstance(1);OnlineAsyncTaskThreadSteam DefaultInstance;OutputDeviceRedirector;PSOPrecompilePool #0;PSOPrecompilePool #1;PSOPrecompilePool #2;PSOPrecompilePool #3;PSOPrecompilePool #4;PSOPrecompilePool #5;PSOPrecompilePool #6;PSOPrecompilePool #7;PSOPrecompilePool #8;PSOP...[truncated; full text in the JSON],21,0,D3D12Core.dll;GFSDK_Aftermath_Lib.x64.dll;GfnRuntimeSdk.dll;OpenColorIO_2_3.dll;SUPERVIVE-Win64-Shipping.exe;chrome_elf.dll;d3dcompiler_47.dll;dbghelp.dll;discord_partner_sdk.dll;libEGL.dll;libGLESv2.dll;libcef.dll;libogg_64.dll;libvorbis_64.dll;libvorbisfile_64.dll;preloader.dll;runtime.dll;steam_api64.dll;xaudio2_9redist.dll,3432083456,21587193856,3550806016,51481124864,3490283520,0,0,8,AMD Ryzen 7 3800XT 8-Core Processor,NVIDIA GeForce RTX 4090,D3D12,NVIDIA GeForce RTX 4090,Generic,0,false,release2.4.live-156430-shipping,156430,None,1,13727971,217,ok,ok,CrashContext.runtime-xml;CrashReportClient.ini;Loki.log;UEMinidump.dmp,4,0,,1,Loki.log,212435,1774,2026.06.30-01.45.05:898,2026.06.30-01.45.20:383,14.485,1,/Game/Loki/Maps/LVL_Login,/Game/Loki/Maps/LVL_Login,0,0,1,1,0,0,0,0,0,0,0,0,0,0,0,0,0,,,,,,,,,,,,,,,,,,,,,,,,,,
uecc,crash,UECC-Windows-9273A8144DCC5E6BD0A6C69274682E66_0000,UECC-Windows-9273A8144DCC5E6BD0A6C69274682E66_0000,,,,,,Assert,30,2026-07-11T02:47:43.057,2026-07-10T21:47:43.057,tutorial-attempted,C:\Users\eastr\AppData\Local\SUPERVIVE\Saved\Crashes\UECC-Windows-9273A8144DCC5E6BD0A6C69274682E66_0000,1,ok,Attended,4870454046191FC9E1B370A22E422DAA,3,75088,false,false,true,false,0,,,0,0,Fatal error: [File:C:\TheoryCraft\build-staging\Engine\Source\Runtime\Engine\Private\UnrealEngine.cpp] [Line: 15551] Couldn't spawn player: ALokiGameMode::Login failed to Login,,,UnrealEngine.cpp,15551,5.4.3-0+UE5,UE5-CL-0,Shipping,Game,SUPERVIVE-Win64-Shipping,UE-Loki,Win64 [Windows 10 (22H2) [10.0.19045.7417]  64b],G:/git/GAME BACKUPS FOR REVERSE ENGINEERING/SUPERVIVE/Loki/Binaries/Win64/,59F469C3478E646FCCEBD5AF455483B1,59f469c3478e646fccebd5af455483b1,215f7d50a3644f0480b74790eb09ea82,CommandLineRemoved,639193348630570000,2026-07-10T21:47:43.159,-0.103,D5ABA8A5577B609F8D98EADFA8C5BA62E267B0EE,11,10,0x7FF6B54F0000,3ee9cf5 3ec5faf 3efb466 37f8b73 4028924 403005f 40300da 4030f6c 4039696 751ef62,3ee9cf5 3ec5faf 3efb466,SUPERVIVE-Win64-Shipping,0x7FF6B93D9CF5,,,0,0,54,104580,GameThread,104580,AudioMixerNullCallbackThread;AudioMixerRenderThread(1);Background Worker #10;Background Worker #11;Background Worker #12;Background Worker #13;Background Worker #2;Background Worker #3;Background Worker #4;Background Worker #5;Background Worker #6;Background Worker #7;Background Worker #8;Background Worker #9;BackgroundThreadPool #0;BackgroundThreadPool #1;Client Analytics Event Thread;Electra::ExecAsync;FAsyncLoadingThread;FAsyncPurge;FAsyncWriter_Loki;FHeartBeatThread;FMediaTicker;FMessageBus.DefaultBus.Router;Foreground Worker #0;Foreground Worker #1;GameThread;HttpManagerThread;IOThreadPool #0;IOThreadPool #1;IOThreadPool #2;IOThreadPool #3;IoDispatcher;IoService;LibwebsocketsThread;OnlineAsyncTaskThreadNull DefaultInstance(1);OnlineAsyncTaskThreadSteam DefaultInstance;OutputDeviceRedirector;PSOPrecompilePool #0;PSOPrecompilePool #1;PSOPrecompilePool #2;PSOPrecompilePool #3;PSOPrecompilePool #4;PSOPrecompilePool #5;PSOPrecompilePool #6;PSOPrecompilePool #7;PSOPrecompilePool #8;PSOP...[truncated; full text in the JSON],21,0,D3D12Core.dll;GFSDK_Aftermath_Lib.x64.dll;GfnRuntimeSdk.dll;OpenColorIO_2_3.dll;SUPERVIVE-Win64-Shipping.exe;chrome_elf.dll;d3dcompiler_47.dll;dbghelp.dll;discord_partner_sdk.dll;libEGL.dll;libGLESv2.dll;libcef.dll;libogg_64.dll;libvorbis_64.dll;libvorbisfile_64.dll;preloader.dll;runtime.dll;steam_api64.dll;xaudio2_9redist.dll,5799759872,24710569984,5860425728,51481124864,7836033024,0,0,8,AMD Ryzen 7 3800XT 8-Core Processor,NVIDIA GeForce RTX 4090,D3D12,NVIDIA GeForce RTX 4090,,,false,release2.4.live-156430-shipping,156430,None,1,13943827,217,ok,ok,CrashContext.runtime-xml;CrashReportClient.ini;Loki.log;UEMinidump.dmp,4,0,,1,Loki.log,317215,2519,2026.07.11-02.47.05:767,2026.07.11-02.47.41:848,36.081,2,/Game/Loki/Maps/LobbyV2/LVL_LobbyV2_Persistent,/Game/Loki/Maps/LVL_Login;/Game/Loki/Maps/LobbyV2/LVL_LobbyV2_Persistent,0,0,1,1,11,0,2,0,0,0,0,0,0,0,0,0,0,,,,,,,,,,,,,,,,,,,,,,,,,,
uecc,crash,UECC-Windows-9605A1664EA5B524E5DFDD93F82E1411_0000,UECC-Windows-9605A1664EA5B524E5DFDD93F82E1411_0000,,,,,,Crash,43,2026-07-01T05:22:52.316,2026-07-01T00:22:52.316,menu-login,C:\Users\eastr\AppData\Local\SUPERVIVE\Saved\Crashes\UECC-Windows-9605A1664EA5B524E5DFDD93F82E1411_0000,1,ok,Attended,B44E55444474F923258E76BD47D68400,3,26544,false,false,false,false,0,,,0,0,Unhandled Exception: EXCEPTION_ACCESS_VIOLATION reading address 0x0000000900000000,EXCEPTION_ACCESS_VIOLATION,0x0000000900000000,,,5.4.3-0+UE5,UE5-CL-0,Shipping,Game,SUPERVIVE-Win64-Shipping,UE-Loki,Win64 [Windows 10 (22H2) [10.0.19045.7417]  64b],G:/git/GAME BACKUPS FOR REVERSE ENGINEERING/SUPERVIVE/Loki/Binaries/Win64/,59F469C3478E646FCCEBD5AF455483B1,59f469c3478e646fccebd5af455483b1,215f7d50a3644f0480b74790eb09ea82,CommandLineRemoved,639184801723160000,2026-07-01T00:22:52.411,-0.096,E224051AE3B3CDE2352A3387C7C758391F64EEF4,17,16,0x7FF682A80000,fe24ee faf9e8 f99359 2ba5155 2b9c549 2576a72 2590a59 2b47821 108834d 106c57f f8b2be f9d9bc f87040 100c334 115ed67 115c4b1,fe24ee faf9e8 f99359,SUPERVIVE-Win64-Shipping,0x7FF683A624EE,SUPERVIVE_Win64_Shipping,SUPERVIVE_Win64_Shipping,1,0,54,46840,Background Worker #10,43596,AudioMixerNullCallbackThread;AudioMixerRenderThread(1);Background Worker #10;Background Worker #11;Background Worker #12;Background Worker #13;Background Worker #2;Background Worker #3;Background Worker #4;Background Worker #5;Background Worker #6;Background Worker #7;Background Worker #8;Background Worker #9;BackgroundThreadPool #0;BackgroundThreadPool #1;Client Analytics Event Thread;Electra::ExecAsync;FAsyncLoadingThread;FAsyncPurge;FAsyncWriter_Loki;FHeartBeatThread;FMediaTicker;FMessageBus.DefaultBus.Router;Foreground Worker #0;Foreground Worker #1;GameThread;HttpManagerThread;IOThreadPool #0;IOThreadPool #1;IOThreadPool #2;IOThreadPool #3;IoDispatcher;IoService;LibwebsocketsThread;OnlineAsyncTaskThreadNull DefaultInstance(1);OnlineAsyncTaskThreadSteam DefaultInstance;OutputDeviceRedirector;PSOPrecompilePool #0;PSOPrecompilePool #1;PSOPrecompilePool #2;PSOPrecompilePool #3;PSOPrecompilePool #4;PSOPrecompilePool #5;PSOPrecompilePool #6;PSOPrecompilePool #7;PSOPrecompilePool #8;PSOP...[truncated; full text in the JSON],21,0,D3D12Core.dll;GFSDK_Aftermath_Lib.x64.dll;GfnRuntimeSdk.dll;OpenColorIO_2_3.dll;SUPERVIVE-Win64-Shipping.exe;chrome_elf.dll;d3dcompiler_47.dll;dbghelp.dll;discord_partner_sdk.dll;libEGL.dll;libGLESv2.dll;libcef.dll;libogg_64.dll;libvorbis_64.dll;libvorbisfile_64.dll;preloader.dll;runtime.dll;steam_api64.dll;xaudio2_9redist.dll,0,0,0,51481124864,0,0,0,8,AMD Ryzen 7 3800XT 8-Core Processor,NVIDIA GeForce RTX 4090,D3D12,NVIDIA GeForce RTX 4090,,0,true,release2.4.live-156430-shipping,156430,None,1,13944177,217,ok,ok,Breadcrumbs_RHIThread_0.txt;CrashContext.runtime-xml;CrashReportClient.ini;Loki.log;UEMinidump.dmp,5,1,Breadcrumbs 'RHIThread' | Context 1/2 | 	00 FRDGBuilder_Execute | 	01 Scene | 	02 Scene |,1,Loki.log,279413,2118,2026.07.01-05.22.08:690,2026.07.01-05.22.47:661,38.971,5,/Game/Loki/Maps/LVL_Login,/Game/Loki/Maps/LVL_Login;/Game/Loki/Maps/LobbyV2/LVL_LobbyV2_Persistent;/Game/Loki/Maps/LVL_Login;/Game/Loki/Maps/LobbyV2/LVL_LobbyV2_Persistent;/Game/Loki/Maps/LVL_Login,0,0,0,0,0,0,0,0,0,0,0,0,0,0,0,0,0,,,,,,,,,,,,,,,,,,,,,,,,,,
uecc,crash,UECC-Windows-980F69E94DCDC0D315C37398BE501B00_0000,UECC-Windows-980F69E94DCDC0D315C37398BE501B00_0000,,,,,,Assert,264,2026-07-11T03:28:08.330,2026-07-10T22:28:08.330,tutorial-attempted,C:\Users\eastr\AppData\Local\SUPERVIVE\Saved\Crashes\UECC-Windows-980F69E94DCDC0D315C37398BE501B00_0000,1,ok,Attended,8883013F45721AFD7DA49E95428BCCAD,3,47700,false,false,true,false,0,,,0,0,Fatal error: [File:C:\TheoryCraft\build-staging\Engine\Source\Runtime\Engine\Private\UnrealEngine.cpp] [Line: 15551] Couldn't spawn player: PlayerState is null,,,UnrealEngine.cpp,15551,5.4.3-0+UE5,UE5-CL-0,Shipping,Game,SUPERVIVE-Win64-Shipping,UE-Loki,Win64 [Windows 10 (22H2) [10.0.19045.7417]  64b],G:/git/GAME BACKUPS FOR REVERSE ENGINEERING/SUPERVIVE/Loki/Binaries/Win64/,59F469C3478E646FCCEBD5AF455483B1,59f469c3478e646fccebd5af455483b1,215f7d50a3644f0480b74790eb09ea82,CommandLineRemoved,639193372883300000,2026-07-10T22:28:08.425,-0.096,D5ABA8A5577B609F8D98EADFA8C5BA62E267B0EE,11,10,0x7FF6B54F0000,3ee9cf5 3ec5faf 3efb466 37f8b73 4028924 403005f 40300da 4030f6c 4039696 751ef62,3ee9cf5 3ec5faf 3efb466,SUPERVIVE-Win64-Shipping,0x7FF6B93D9CF5,,,0,0,54,79544,GameThread,79544,AudioMixerNullCallbackThread;AudioMixerRenderThread(1);Background Worker #10;Background Worker #11;Background Worker #12;Background Worker #13;Background Worker #2;Background Worker #3;Background Worker #4;Background Worker #5;Background Worker #6;Background Worker #7;Background Worker #8;Background Worker #9;BackgroundThreadPool #0;BackgroundThreadPool #1;Client Analytics Event Thread;Electra::ExecAsync;FAsyncLoadingThread;FAsyncPurge;FAsyncWriter_Loki;FHeartBeatThread;FMediaTicker;FMessageBus.DefaultBus.Router;Foreground Worker #0;Foreground Worker #1;GameThread;HttpManagerThread;IOThreadPool #0;IOThreadPool #1;IOThreadPool #2;IOThreadPool #3;IoDispatcher;IoService;LibwebsocketsThread;OnlineAsyncTaskThreadNull DefaultInstance(1);OnlineAsyncTaskThreadSteam DefaultInstance;OutputDeviceRedirector;PSOPrecompilePool #0;PSOPrecompilePool #1;PSOPrecompilePool #2;PSOPrecompilePool #3;PSOPrecompilePool #4;PSOPrecompilePool #5;PSOPrecompilePool #6;PSOPrecompilePool #7;PSOPrecompilePool #8;PSOP...[truncated; full text in the JSON],21,0,D3D12Core.dll;GFSDK_Aftermath_Lib.x64.dll;GfnRuntimeSdk.dll;OpenColorIO_2_3.dll;SUPERVIVE-Win64-Shipping.exe;chrome_elf.dll;d3dcompiler_47.dll;dbghelp.dll;discord_partner_sdk.dll;libEGL.dll;libGLESv2.dll;libcef.dll;libogg_64.dll;libvorbis_64.dll;libvorbisfile_64.dll;preloader.dll;runtime.dll;steam_api64.dll;xaudio2_9redist.dll,2058493952,28672290816,5714984960,51481124864,7908184064,0,0,8,AMD Ryzen 7 3800XT 8-Core Processor,NVIDIA GeForce RTX 4090,D3D12,NVIDIA GeForce RTX 4090,,,false,release2.4.live-156430-shipping,156430,None,1,13905598,217,ok,ok,CrashContext.runtime-xml;CrashReportClient.ini;Loki.log;UEMinidump.dmp,4,0,,1,Loki.log,387968,2690,2026.07.11-03.23.41:490,2026.07.11-03.28.06:998,265.508,2,/Game/Loki/Maps/LobbyV2/LVL_LobbyV2_Persistent,/Game/Loki/Maps/LVL_Login;/Game/Loki/Maps/LobbyV2/LVL_LobbyV2_Persistent,0,0,1,1,11,0,2,0,0,0,0,0,0,0,0,0,0,,,,,,,,,,,,,,,,,,,,,,,,,,
uecc,crash,UECC-Windows-98C5085946BE678E21D80AA0CB3B6FC8_0000,UECC-Windows-98C5085946BE678E21D80AA0CB3B6FC8_0000,,,,,,Assert,654,2026-07-11T03:11:58.430,2026-07-10T22:11:58.430,tutorial-attempted,C:\Users\eastr\AppData\Local\SUPERVIVE\Saved\Crashes\UECC-Windows-98C5085946BE678E21D80AA0CB3B6FC8_0000,1,ok,Attended,0274DE274FA04B1D56700D835E674A9C,3,35100,false,false,true,false,0,,,0,0,Fatal error: [File:C:\TheoryCraft\build-staging\Engine\Source\Runtime\Engine\Private\UnrealEngine.cpp] [Line: 15551] Couldn't spawn player: PlayerState is null,,,UnrealEngine.cpp,15551,5.4.3-0+UE5,UE5-CL-0,Shipping,Game,SUPERVIVE-Win64-Shipping,UE-Loki,Win64 [Windows 10 (22H2) [10.0.19045.7417]  64b],G:/git/GAME BACKUPS FOR REVERSE ENGINEERING/SUPERVIVE/Loki/Binaries/Win64/,59F469C3478E646FCCEBD5AF455483B1,59f469c3478e646fccebd5af455483b1,215f7d50a3644f0480b74790eb09ea82,CommandLineRemoved,639193363184300000,2026-07-10T22:11:58.525,-0.096,D5ABA8A5577B609F8D98EADFA8C5BA62E267B0EE,11,10,0x7FF6B54F0000,3ee9cf5 3ec5faf 3efb466 37f8b73 4028924 403005f 40300da 4030f6c 4039696 751ef62,3ee9cf5 3ec5faf 3efb466,SUPERVIVE-Win64-Shipping,0x7FF6B93D9CF5,,,0,0,54,99668,GameThread,99668,AudioMixerNullCallbackThread;AudioMixerRenderThread(1);Background Worker #10;Background Worker #11;Background Worker #12;Background Worker #13;Background Worker #2;Background Worker #3;Background Worker #4;Background Worker #5;Background Worker #6;Background Worker #7;Background Worker #8;Background Worker #9;BackgroundThreadPool #0;BackgroundThreadPool #1;Client Analytics Event Thread;Electra::ExecAsync;FAsyncLoadingThread;FAsyncPurge;FAsyncWriter_Loki;FHeartBeatThread;FMediaTicker;FMessageBus.DefaultBus.Router;Foreground Worker #0;Foreground Worker #1;GameThread;HttpManagerThread;IOThreadPool #0;IOThreadPool #1;IOThreadPool #2;IOThreadPool #3;IoDispatcher;IoService;LibwebsocketsThread;OnlineAsyncTaskThreadNull DefaultInstance(1);OnlineAsyncTaskThreadSteam DefaultInstance;OutputDeviceRedirector;PSOPrecompilePool #0;PSOPrecompilePool #1;PSOPrecompilePool #2;PSOPrecompilePool #3;PSOPrecompilePool #4;PSOPrecompilePool #5;PSOPrecompilePool #6;PSOPrecompilePool #7;PSOPrecompilePool #8;PSOP...[truncated; full text in the JSON],21,0,D3D12Core.dll;GFSDK_Aftermath_Lib.x64.dll;GfnRuntimeSdk.dll;OpenColorIO_2_3.dll;SUPERVIVE-Win64-Shipping.exe;chrome_elf.dll;d3dcompiler_47.dll;dbghelp.dll;discord_partner_sdk.dll;libEGL.dll;libGLESv2.dll;libcef.dll;libogg_64.dll;libvorbis_64.dll;libvorbisfile_64.dll;preloader.dll;runtime.dll;steam_api64.dll;xaudio2_9redist.dll,2036985856,28696666112,8572895232,51481124864,7870029824,0,0,8,AMD Ryzen 7 3800XT 8-Core Processor,NVIDIA GeForce RTX 4090,D3D12,NVIDIA GeForce RTX 4090,,,false,release2.4.live-156430-shipping,156430,None,1,13650893,217,ok,ok,CrashContext.runtime-xml;CrashReportClient.ini;Loki.log;UEMinidump.dmp,4,0,,1,Loki.log,491809,2935,2026.07.11-03.01.01:751,2026.07.11-03.11.57:297,655.546,2,/Game/Loki/Maps/LobbyV2/LVL_LobbyV2_Persistent,/Game/Loki/Maps/LVL_Login;/Game/Loki/Maps/LobbyV2/LVL_LobbyV2_Persistent,0,0,1,1,11,0,2,0,0,0,0,0,0,0,0,0,0,,,,,,,,,,,,,,,,,,,,,,,,,,
uecc,crash,UECC-Windows-9B00C58844AD45B5CE9A0FB09C146ECA_0000,UECC-Windows-9B00C58844AD45B5CE9A0FB09C146ECA_0000,,,,,,Crash,30,2026-07-01T07:25:05.947,2026-07-01T02:25:05.947,menu-login,C:\Users\eastr\AppData\Local\SUPERVIVE\Saved\Crashes\UECC-Windows-9B00C58844AD45B5CE9A0FB09C146ECA_0000,1,ok,Attended,F24FF2E14F448914147463823FFB3600,3,45664,false,false,false,false,0,,,0,0,Unhandled Exception: EXCEPTION_ACCESS_VIOLATION reading address 0x00000001e3010020,EXCEPTION_ACCESS_VIOLATION,0x00000001e3010020,,,5.4.3-0+UE5,UE5-CL-0,Shipping,Game,SUPERVIVE-Win64-Shipping,UE-Loki,Win64 [Windows 10 (22H2) [10.0.19045.7417]  64b],G:/git/GAME BACKUPS FOR REVERSE ENGINEERING/SUPERVIVE/Loki/Binaries/Win64/,59F469C3478E646FCCEBD5AF455483B1,59f469c3478e646fccebd5af455483b1,215f7d50a3644f0480b74790eb09ea82,CommandLineRemoved,639184875059470000,2026-07-01T02:25:06.043,-0.097,AC48B9B4B1290C6EB055E25C9A4F18E119CC4872,27,26,0x7FF682A80000,fe1746 2b8e7c5 2b8ebe8 2b8e17e 2b804b9 12158f2 120c6d9 120bf7e 120c6c3 120bf7e 120c6c3 120bf7e 120c6c3 120bf7e 120c6c3 120bf7e 120c6c3 120bf7e 120c6c3 120bf7e 120c6c3 120bf7e 1204e25 12143e3 115ed67 115c4b1,fe1746 2b8e7c5 2b8ebe8,SUPERVIVE-Win64-Shipping,0x7FF683A61746,"SUPERVIVE_Win64_Shipping
SUPERVIVE_Win64_Shipping",SUPERVIVE_Win64_Shipping;SUPERVIVE_Win64_Shipping,1,0,54,55788,FAsyncLoadingThread,73256,AudioMixerNullCallbackThread;AudioMixerRenderThread(1);Background Worker #10;Background Worker #11;Background Worker #12;Background Worker #13;Background Worker #2;Background Worker #3;Background Worker #4;Background Worker #5;Background Worker #6;Background Worker #7;Background Worker #8;Background Worker #9;BackgroundThreadPool #0;BackgroundThreadPool #1;Client Analytics Event Thread;Electra::ExecAsync;FAsyncLoadingThread;FAsyncPurge;FAsyncWriter_Loki;FHeartBeatThread;FMediaTicker;FMessageBus.DefaultBus.Router;Foreground Worker #0;Foreground Worker #1;GameThread;HttpManagerThread;IOThreadPool #0;IOThreadPool #1;IOThreadPool #2;IOThreadPool #3;IoDispatcher;IoService;LibwebsocketsThread;OnlineAsyncTaskThreadNull DefaultInstance(1);OnlineAsyncTaskThreadSteam DefaultInstance;OutputDeviceRedirector;PSOPrecompilePool #0;PSOPrecompilePool #1;PSOPrecompilePool #2;PSOPrecompilePool #3;PSOPrecompilePool #4;PSOPrecompilePool #5;PSOPrecompilePool #6;PSOPrecompilePool #7;PSOPrecompilePool #8;PSOP...[truncated; full text in the JSON],21,0,D3D12Core.dll;GFSDK_Aftermath_Lib.x64.dll;GfnRuntimeSdk.dll;OpenColorIO_2_3.dll;SUPERVIVE-Win64-Shipping.exe;chrome_elf.dll;d3dcompiler_47.dll;dbghelp.dll;discord_partner_sdk.dll;libEGL.dll;libGLESv2.dll;libcef.dll;libogg_64.dll;libvorbis_64.dll;libvorbisfile_64.dll;preloader.dll;runtime.dll;steam_api64.dll;xaudio2_9redist.dll,0,0,0,51481124864,0,0,0,8,AMD Ryzen 7 3800XT 8-Core Processor,NVIDIA GeForce RTX 4090,D3D12,NVIDIA GeForce RTX 4090,Generic,0,true,release2.4.live-156430-shipping,156430,None,1,13982992,217,ok,ok,CrashContext.runtime-xml;CrashReportClient.ini;Loki.log;UEMinidump.dmp,4,0,,1,Loki.log,265873,2003,2026.07.01-07.24.34:462,2026.07.01-07.25.04:798,30.336,3,/Game/Loki/Maps/LVL_Login,/Game/Loki/Maps/LVL_Login;/Game/Loki/Maps/LobbyV2/LVL_LobbyV2_Persistent;/Game/Loki/Maps/LVL_Login,0,0,0,0,0,0,0,0,0,0,0,0,0,0,0,0,0,,,,,,,,,,,,,,,,,,,,,,,,,,
uecc,crash,UECC-Windows-9B9F374C4FD2AAFB6943549E3192B74F_0000,UECC-Windows-9B9F374C4FD2AAFB6943549E3192B74F_0000,,,,,,Assert,33,2026-07-11T02:54:03.020,2026-07-10T21:54:03.020,tutorial-attempted,C:\Users\eastr\AppData\Local\SUPERVIVE\Saved\Crashes\UECC-Windows-9B9F374C4FD2AAFB6943549E3192B74F_0000,1,ok,Attended,730F04894DA59592D9EBCFADDD14073E,3,96888,false,false,true,false,0,,,0,0,Fatal error: [File:C:\TheoryCraft\build-staging\Engine\Source\Runtime\Engine\Private\UnrealEngine.cpp] [Line: 15551] Couldn't spawn player: ALokiGameMode::Login failed to Login,,,UnrealEngine.cpp,15551,5.4.3-0+UE5,UE5-CL-0,Shipping,Game,SUPERVIVE-Win64-Shipping,UE-Loki,Win64 [Windows 10 (22H2) [10.0.19045.7417]  64b],G:/git/GAME BACKUPS FOR REVERSE ENGINEERING/SUPERVIVE/Loki/Binaries/Win64/,59F469C3478E646FCCEBD5AF455483B1,59f469c3478e646fccebd5af455483b1,215f7d50a3644f0480b74790eb09ea82,CommandLineRemoved,639193352430200000,2026-07-10T21:54:03.123,-0.104,D5ABA8A5577B609F8D98EADFA8C5BA62E267B0EE,11,10,0x7FF6B54F0000,3ee9cf5 3ec5faf 3efb466 37f8b73 4028924 403005f 40300da 4030f6c 4039696 751ef62,3ee9cf5 3ec5faf 3efb466,SUPERVIVE-Win64-Shipping,0x7FF6B93D9CF5,,,0,0,54,4376,GameThread,4376,AudioMixerNullCallbackThread;AudioMixerRenderThread(1);Background Worker #10;Background Worker #11;Background Worker #12;Background Worker #13;Background Worker #2;Background Worker #3;Background Worker #4;Background Worker #5;Background Worker #6;Background Worker #7;Background Worker #8;Background Worker #9;BackgroundThreadPool #0;BackgroundThreadPool #1;Client Analytics Event Thread;Electra::ExecAsync;FAsyncLoadingThread;FAsyncPurge;FAsyncWriter_Loki;FHeartBeatThread;FMediaTicker;FMessageBus.DefaultBus.Router;Foreground Worker #0;Foreground Worker #1;GameThread;HttpManagerThread;IOThreadPool #0;IOThreadPool #1;IOThreadPool #2;IOThreadPool #3;IoDispatcher;IoService;LibwebsocketsThread;OnlineAsyncTaskThreadNull DefaultInstance(1);OnlineAsyncTaskThreadSteam DefaultInstance;OutputDeviceRedirector;PSOPrecompilePool #0;PSOPrecompilePool #1;PSOPrecompilePool #2;PSOPrecompilePool #3;PSOPrecompilePool #4;PSOPrecompilePool #5;PSOPrecompilePool #6;PSOPrecompilePool #7;PSOPrecompilePool #8;PSOP...[truncated; full text in the JSON],21,0,D3D12Core.dll;GFSDK_Aftermath_Lib.x64.dll;GfnRuntimeSdk.dll;OpenColorIO_2_3.dll;SUPERVIVE-Win64-Shipping.exe;chrome_elf.dll;d3dcompiler_47.dll;dbghelp.dll;discord_partner_sdk.dll;libEGL.dll;libGLESv2.dll;libcef.dll;libogg_64.dll;libvorbis_64.dll;libvorbisfile_64.dll;preloader.dll;runtime.dll;steam_api64.dll;xaudio2_9redist.dll,5796925440,24703471616,5845237760,51481124864,7786196992,0,0,8,AMD Ryzen 7 3800XT 8-Core Processor,NVIDIA GeForce RTX 4090,D3D12,NVIDIA GeForce RTX 4090,,,false,release2.4.live-156430-shipping,156430,None,1,13675957,217,ok,ok,CrashContext.runtime-xml;CrashReportClient.ini;Loki.log;UEMinidump.dmp,4,0,,1,Loki.log,298387,2393,2026.07.11-02.53.27:537,2026.07.11-02.54.01:853,34.316,2,/Game/Loki/Maps/LobbyV2/LVL_LobbyV2_Persistent,/Game/Loki/Maps/LVL_Login;/Game/Loki/Maps/LobbyV2/LVL_LobbyV2_Persistent,0,0,1,1,11,0,2,0,0,0,0,0,0,0,0,0,0,,,,,,,,,,,,,,,,,,,,,,,,,,
uecc,crash,UECC-Windows-A15041E942D2549748BE729C6EA2F272_0000,UECC-Windows-A15041E942D2549748BE729C6EA2F272_0000,,,,,,Crash,3334,2026-07-11T22:39:10.170,2026-07-11T17:39:10.170,tutorial,C:\Users\eastr\AppData\Local\SUPERVIVE\Saved\Crashes\UECC-Windows-A15041E942D2549748BE729C6EA2F272_0000,1,ok,Attended,35C0A06F4C7BB2E6A17CCA969D89C8CF,3,62600,false,false,false,false,0,,,0,0,Unhandled Exception: EXCEPTION_ACCESS_VIOLATION reading address 0x0000000000000000,EXCEPTION_ACCESS_VIOLATION,0x0000000000000000,,,5.4.3-0+UE5,UE5-CL-0,Shipping,Game,SUPERVIVE-Win64-Shipping,UE-Loki,Win64 [Windows 10 (22H2) [10.0.19045.7417]  64b],G:/git/GAME BACKUPS FOR REVERSE ENGINEERING/SUPERVIVE/Loki/Binaries/Win64/,59F469C3478E646FCCEBD5AF455483B1,59f469c3478e646fccebd5af455483b1,215f7d50a3644f0480b74790eb09ea82,CommandLineRemoved,639194063501700000,2026-07-11T17:39:10.264,-0.095,E8E15E681522B43A5F254700076013CDF54A86FB,31,25,0x7FF6B54F0000,13455d0 1345511 feca12 1225fd6 13453a5 341721b 36a1aa3 36a1bdc 36a412b 36a339a 35aa803 3ed1a7f 3ed8642 f96a8e f9ce6a 3eeedd4 3ef3e65 39c76c6 37f8b8c 4028924 403005f 40300da 4030f6c 4039696 751ef62,13455d0 1345511 feca12,SUPERVIVE-Win64-Shipping,0x7FF6B68355D0,SUPERVIVE_Win64_Shipping,SUPERVIVE_Win64_Shipping,1,0,54,80564,GameThread,80564,AudioMixerNullCallbackThread;AudioMixerRenderThread(1);Background Worker #10;Background Worker #11;Background Worker #12;Background Worker #13;Background Worker #2;Background Worker #3;Background Worker #4;Background Worker #5;Background Worker #6;Background Worker #7;Background Worker #8;Background Worker #9;BackgroundThreadPool #0;BackgroundThreadPool #1;Client Analytics Event Thread;Electra::ExecAsync;FAsyncLoadingThread;FAsyncPurge;FAsyncWriter_Loki;FHeartBeatThread;FMediaTicker;FMessageBus.DefaultBus.Router;Foreground Worker #0;Foreground Worker #1;GameThread;HttpManagerThread;IOThreadPool #0;IOThreadPool #1;IOThreadPool #2;IOThreadPool #3;IoDispatcher;IoService;LibwebsocketsThread;OnlineAsyncTaskThreadNull DefaultInstance(1);OnlineAsyncTaskThreadSteam DefaultInstance;OutputDeviceRedirector;PSOPrecompilePool #0;PSOPrecompilePool #1;PSOPrecompilePool #2;PSOPrecompilePool #3;PSOPrecompilePool #4;PSOPrecompilePool #5;PSOPrecompilePool #6;PSOPrecompilePool #7;PSOPrecompilePool #8;PSOP...[truncated; full text in the JSON],21,0,D3D12Core.dll;GFSDK_Aftermath_Lib.x64.dll;GfnRuntimeSdk.dll;OpenColorIO_2_3.dll;SUPERVIVE-Win64-Shipping.exe;chrome_elf.dll;d3dcompiler_47.dll;dbghelp.dll;discord_partner_sdk.dll;libEGL.dll;libGLESv2.dll;libcef.dll;libogg_64.dll;libvorbis_64.dll;libvorbisfile_64.dll;preloader.dll;runtime.dll;steam_api64.dll;xaudio2_9redist.dll,0,0,0,51481124864,0,0,0,8,AMD Ryzen 7 3800XT 8-Core Processor,NVIDIA GeForce RTX 4090,D3D12,NVIDIA GeForce RTX 4090,,,false,release2.4.live-156430-shipping,156430,None,1,13683058,217,ok,ok,CrashContext.runtime-xml;CrashReportClient.ini;Loki.log;UEMinidump.dmp,4,0,,1,Loki.log,742762856,5221701,2026.07.11-21.43.34:256,2026.07.11-22.39.08:605,3334.349,3,/Game/Loki/Maps/Tutorial/LVL_Tutorial,/Game/Loki/Maps/LVL_Login;/Game/Loki/Maps/LobbyV2/LVL_LobbyV2_Persistent;/Game/Loki/Maps/Tutorial/LVL_Tutorial,0,0,0,0,748,5218274,2,0,0,0,0,0,0,0,0,0,0,,,,,,,,,,,,,,,,,,,,,,,,,,
uecc,crash,UECC-Windows-A55704B34C1FEC44B24CEF914DB86146_0000,UECC-Windows-A55704B34C1FEC44B24CEF914DB86146_0000,,,,,,Crash,0,2026-07-19T08:40:10.545,2026-07-19T03:40:10.545,unknown,C:\Users\eastr\AppData\Local\SUPERVIVE\Saved\Crashes\UECC-Windows-A55704B34C1FEC44B24CEF914DB86146_0000,1,ok,Attended,8661A95B4766B6D360BDC7A0F4B1B9D9,3,29724,false,false,false,false,0,,,0,0,Unhandled Exception: EXCEPTION_ACCESS_VIOLATION 0x00007ff90e000001,EXCEPTION_ACCESS_VIOLATION,0x00007ff90e000001,,,5.4.3-0+UE5,UE5-CL-0,Shipping,Game,SUPERVIVE-Win64-Shipping,UE-Loki,Win64 [Windows 10 (22H2) [10.0.19045.7417]  64b],G:/git/GAME BACKUPS FOR REVERSE ENGINEERING/SUPERVIVE/Loki/Binaries/Win64/,59F469C3478E646FCCEBD5AF455483B1,59f469c3478e646fccebd5af455483b1,215f7d50a3644f0480b74790eb09ea82,CommandLineRemoved,639200472105450000,2026-07-19T03:40:10.589,-0.044,DA39A3EE5E6B4B0D3255BFEF95601890AFD80709,2,0,,,,ntdll,0x7FF90E000001,"runtime
kernel32
ntdll",runtime;kernel32;ntdll,0,1,45,,,32288,Background Worker #10;Background Worker #11;Background Worker #12;Background Worker #13;Background Worker #2;Background Worker #3;Background Worker #4;Background Worker #5;Background Worker #6;Background Worker #7;Background Worker #8;Background Worker #9;BackgroundThreadPool #0;BackgroundThreadPool #1;FAsyncWriter_Loki;FChunkCacheWorker;FHeartBeatThread;FMediaTicker;Foreground Worker #0;Foreground Worker #1;GameThread;HttpManagerThread;IOThreadPool #0;IOThreadPool #1;IOThreadPool #2;IOThreadPool #3;IoDispatcher;IoService;OnlineAsyncTaskThreadNull DefaultInstance(1);OutputDeviceRedirector,7,0,D3D12Core.dll;GFSDK_Aftermath_Lib.x64.dll;OpenColorIO_2_3.dll;SUPERVIVE-Win64-Shipping.exe;dbghelp.dll;preloader.dll;runtime.dll,0,0,0,51481124864,0,0,0,8,AMD Ryzen 7 3800XT 8-Core Processor,NVIDIA GeForce RTX 4090,,,,,,,,,1,13264110,112,ok,os-only,CrashContext.runtime-xml;CrashReportClient.ini;Loki.log;UEMinidump.dmp,4,0,,1,Loki.log,59506,692,2026.07.19-08.40.06:432,2026.07.19-08.40.09:261,2.829,0,,,0,0,0,0,0,0,0,0,0,0,0,0,0,0,0,0,0,,,,,,,,,,,,,,,,,,,,,,,,,,
uecc,crash,UECC-Windows-A84A3CA048FE5A48E3A7ECAE8F3AD18F_0000,UECC-Windows-A84A3CA048FE5A48E3A7ECAE8F3AD18F_0000,,,,,,Crash,32,2026-07-01T20:04:29.948,2026-07-01T15:04:29.948,menu-lobby,C:\Users\eastr\AppData\Local\SUPERVIVE\Saved\Crashes\UECC-Windows-A84A3CA048FE5A48E3A7ECAE8F3AD18F_0000,1,ok,Attended,5FF150794235E3645CE756BB8F37A0C0,3,33676,false,false,false,false,0,,,0,0,Unhandled Exception: EXCEPTION_ACCESS_VIOLATION reading address 0x00000001e3010020,EXCEPTION_ACCESS_VIOLATION,0x00000001e3010020,,,5.4.3-0+UE5,UE5-CL-0,Shipping,Game,SUPERVIVE-Win64-Shipping,UE-Loki,Win64 [Windows 10 (22H2) [10.0.19045.7417]  64b],G:/git/GAME BACKUPS FOR REVERSE ENGINEERING/SUPERVIVE/Loki/Binaries/Win64/,59F469C3478E646FCCEBD5AF455483B1,59f469c3478e646fccebd5af455483b1,215f7d50a3644f0480b74790eb09ea82,CommandLineRemoved,639185330699480000,2026-07-01T15:04:30.283,-0.335,17A4A5FA87EDE3112919CE199B41C0E37F34B385,22,19,0x7FF682A80000,fd1754 3a8df10 12c38b9 1256ac4 1257292 12399ac 1243d97 3efc722 3ee8edb 3ec643a fafbca 3efb466 37f8b73 4028924 403005f 40300da 4030f6c 4039696 751ef62,fd1754 3a8df10 12c38b9,SUPERVIVE-Win64-Shipping,0x7FF683A51754,SUPERVIVE_Win64_Shipping,SUPERVIVE_Win64_Shipping,1,0,54,74348,GameThread,74348,AudioMixerNullCallbackThread;AudioMixerRenderThread(1);Background Worker #10;Background Worker #11;Background Worker #12;Background Worker #13;Background Worker #2;Background Worker #3;Background Worker #4;Background Worker #5;Background Worker #6;Background Worker #7;Background Worker #8;Background Worker #9;BackgroundThreadPool #0;BackgroundThreadPool #1;Client Analytics Event Thread;Electra::ExecAsync;FAsyncLoadingThread;FAsyncPurge;FAsyncWriter_Loki;FHeartBeatThread;FMediaTicker;FMessageBus.DefaultBus.Router;Foreground Worker #0;Foreground Worker #1;GameThread;HttpManagerThread;IOThreadPool #0;IOThreadPool #1;IOThreadPool #2;IOThreadPool #3;IoDispatcher;IoService;LibwebsocketsThread;OnlineAsyncTaskThreadNull DefaultInstance(1);OnlineAsyncTaskThreadSteam DefaultInstance;OutputDeviceRedirector;PSOPrecompilePool #0;PSOPrecompilePool #1;PSOPrecompilePool #2;PSOPrecompilePool #3;PSOPrecompilePool #4;PSOPrecompilePool #5;PSOPrecompilePool #6;PSOPrecompilePool #7;PSOPrecompilePool #8;PSOP...[truncated; full text in the JSON],21,0,D3D12Core.dll;GFSDK_Aftermath_Lib.x64.dll;GfnRuntimeSdk.dll;OpenColorIO_2_3.dll;SUPERVIVE-Win64-Shipping.exe;chrome_elf.dll;d3dcompiler_47.dll;dbghelp.dll;discord_partner_sdk.dll;libEGL.dll;libGLESv2.dll;libcef.dll;libogg_64.dll;libvorbis_64.dll;libvorbisfile_64.dll;preloader.dll;runtime.dll;steam_api64.dll;xaudio2_9redist.dll,0,0,0,51481124864,0,0,0,8,AMD Ryzen 7 3800XT 8-Core Processor,NVIDIA GeForce RTX 4090,D3D12,NVIDIA GeForce RTX 4090,,0,true,release2.4.live-156430-shipping,156430,None,1,13927328,217,ok,ok,CrashContext.runtime-xml;CrashReportClient.ini;Loki.log;UEMinidump.dmp,4,0,,1,Loki.log,269035,2026,2026.07.01-20.03.56:671,2026.07.01-20.04.28:170,31.499,4,/Game/Loki/Maps/LobbyV2/LVL_LobbyV2_Persistent,/Game/Loki/Maps/LVL_Login;/Game/Loki/Maps/LobbyV2/LVL_LobbyV2_Persistent;/Game/Loki/Maps/LVL_Login;/Game/Loki/Maps/LobbyV2/LVL_LobbyV2_Persistent,0,0,0,0,0,0,0,0,0,0,0,0,0,0,0,0,0,,,,,,,,,,,,,,,,,,,,,,,,,,
uecc,crash,UECC-Windows-AABE886D4D98F9C7C5134FBE549F185B_0000,UECC-Windows-AABE886D4D98F9C7C5134FBE549F185B_0000,,,,,,Crash,185,2026-07-26T06:44:54.617,2026-07-26T01:44:54.617,tutorial,C:\Users\eastr\AppData\Local\SUPERVIVE\Saved\Crashes\UECC-Windows-AABE886D4D98F9C7C5134FBE549F185B_0000,1,ok,Attended,F7563367419965C0F1936AB97801DEEF,3,9620,false,false,false,false,0,,,0,0,Unhandled Exception: EXCEPTION_ACCESS_VIOLATION reading address 0xffffffffffffffff,EXCEPTION_ACCESS_VIOLATION,0xffffffffffffffff,,,5.4.3-0+UE5,UE5-CL-0,Shipping,Game,SUPERVIVE-Win64-Shipping,UE-Loki,Win64 [Windows 10 (22H2) [10.0.19045.7548]  64b],G:/git/GAME BACKUPS FOR REVERSE ENGINEERING/SUPERVIVE/Loki/Binaries/Win64/,59F469C3478E646FCCEBD5AF455483B1,59f469c3478e646fccebd5af455483b1,215f7d50a3644f0480b74790eb09ea82,CommandLineRemoved,639206450946170000,2026-07-26T01:44:54.772,-0.155,6EFAC0070AD4F68D939B78D7B0B80F71F97B9165,13,12,0x7FF6E7D30000,12c7e2d 3c2adb9 3c34b0c 3c596b3 39c7884 37f8b8c 4028924 403005f 40300da 4030f6c 4039696 751ef62,12c7e2d 3c2adb9 3c34b0c,SUPERVIVE-Win64-Shipping,0x7FF6E8FF7E2D,SUPERVIVE_Win64_Shipping,SUPERVIVE_Win64_Shipping,1,0,54,42348,GameThread,42348,AudioMixerNullCallbackThread;AudioMixerRenderThread(1);Background Worker #10;Background Worker #11;Background Worker #12;Background Worker #13;Background Worker #2;Background Worker #3;Background Worker #4;Background Worker #5;Background Worker #6;Background Worker #7;Background Worker #8;Background Worker #9;BackgroundThreadPool #0;BackgroundThreadPool #1;Client Analytics Event Thread;Electra::ExecAsync;FAsyncLoadingThread;FAsyncPurge;FAsyncWriter_Loki;FHeartBeatThread;FMediaTicker;FMessageBus.DefaultBus.Router;Foreground Worker #0;Foreground Worker #1;GameThread;HttpManagerThread;IOThreadPool #0;IOThreadPool #1;IOThreadPool #2;IOThreadPool #3;IoDispatcher;IoService;LibwebsocketsThread;OnlineAsyncTaskThreadNull DefaultInstance(1);OnlineAsyncTaskThreadSteam DefaultInstance;OutputDeviceRedirector;PSOPrecompilePool #0;PSOPrecompilePool #1;PSOPrecompilePool #2;PSOPrecompilePool #3;PSOPrecompilePool #4;PSOPrecompilePool #5;PSOPrecompilePool #6;PSOPrecompilePool #7;PSOPrecompilePool #8;PSOP...[truncated; full text in the JSON],21,0,D3D12Core.dll;GFSDK_Aftermath_Lib.x64.dll;GfnRuntimeSdk.dll;OpenColorIO_2_3.dll;SUPERVIVE-Win64-Shipping.exe;chrome_elf.dll;d3dcompiler_47.dll;dbghelp.dll;discord_partner_sdk.dll;libEGL.dll;libGLESv2.dll;libcef.dll;libogg_64.dll;libvorbis_64.dll;libvorbisfile_64.dll;preloader.dll;runtime.dll;steam_api64.dll;xaudio2_9redist.dll,0,0,0,51481124864,0,0,0,8,AMD Ryzen 7 3800XT 8-Core Processor,NVIDIA GeForce RTX 4090,D3D12,NVIDIA GeForce RTX 4090,,,true,release2.4.live-156430-shipping,156430,None,1,13920799,217,ok,ok,CrashContext.runtime-xml;CrashReportClient.ini;Loki.log;UEMinidump.dmp,4,0,,1,Loki.log,12113415,85905,2026.07.26-06.41.47:301,2026.07.26-06.44.52:843,185.542,3,/Game/Loki/Maps/Tutorial/LVL_Tutorial,/Game/Loki/Maps/LVL_Login;/Game/Loki/Maps/LobbyV2/LVL_LobbyV2_Persistent;/Game/Loki/Maps/Tutorial/LVL_Tutorial,0,0,0,0,769,83080,2,0,0,0,0,0,0,0,0,0,0,,,,,,,,,,,,,,,,,,,,,,,,,,
uecc,crash,UECC-Windows-AFFB7A1441EEA979D3D46DAE1A3E032E_0000,UECC-Windows-AFFB7A1441EEA979D3D46DAE1A3E032E_0000,,,,,,Crash,24,2026-07-01T02:21:10.244,2026-06-30T21:21:10.244,menu-login,C:\Users\eastr\AppData\Local\SUPERVIVE\Saved\Crashes\UECC-Windows-AFFB7A1441EEA979D3D46DAE1A3E032E_0000,1,ok,Attended,2BC69E3D4792C21DB44E72A74D1E6688,3,52188,false,false,false,false,0,,,0,0,Unhandled Exception: EXCEPTION_ACCESS_VIOLATION writing address 0x0000000900000008,EXCEPTION_ACCESS_VIOLATION,0x0000000900000008,,,5.4.3-0+UE5,UE5-CL-0,Shipping,Game,SUPERVIVE-Win64-Shipping,UE-Loki,Win64 [Windows 10 (22H2) [10.0.19045.7417]  64b],G:/git/GAME BACKUPS FOR REVERSE ENGINEERING/SUPERVIVE/Loki/Binaries/Win64/,59F469C3478E646FCCEBD5AF455483B1,59f469c3478e646fccebd5af455483b1,215f7d50a3644f0480b74790eb09ea82,CommandLineRemoved,639184692702440000,2026-06-30T21:21:10.336,-0.093,62D7D56A83A326D1FDD68531BE0B0DD813DD555A,12,11,0x7FF682A80000,207d11d 29d7a26 2aef45d 2af4de2 2af41ca 2aefd3f f8aba3 f96a8e 2b91aab 115ed67 115c4b1,207d11d 29d7a26 2aef45d,SUPERVIVE-Win64-Shipping,0x7FF684AFD11D,SUPERVIVE_Win64_Shipping,SUPERVIVE_Win64_Shipping,1,0,54,62420,RHIThread,53644,AudioMixerNullCallbackThread;AudioMixerRenderThread(1);Background Worker #10;Background Worker #11;Background Worker #12;Background Worker #13;Background Worker #2;Background Worker #3;Background Worker #4;Background Worker #5;Background Worker #6;Background Worker #7;Background Worker #8;Background Worker #9;BackgroundThreadPool #0;BackgroundThreadPool #1;Client Analytics Event Thread;Electra::ExecAsync;FAsyncLoadingThread;FAsyncPurge;FAsyncWriter_Loki;FHeartBeatThread;FMediaTicker;FMessageBus.DefaultBus.Router;Foreground Worker #0;Foreground Worker #1;GameThread;HttpManagerThread;IOThreadPool #0;IOThreadPool #1;IOThreadPool #2;IOThreadPool #3;IoDispatcher;IoService;LibwebsocketsThread;OnlineAsyncTaskThreadNull DefaultInstance(1);OnlineAsyncTaskThreadSteam DefaultInstance;OutputDeviceRedirector;PSOPrecompilePool #0;PSOPrecompilePool #1;PSOPrecompilePool #2;PSOPrecompilePool #3;PSOPrecompilePool #4;PSOPrecompilePool #5;PSOPrecompilePool #6;PSOPrecompilePool #7;PSOPrecompilePool #8;PSOP...[truncated; full text in the JSON],21,0,D3D12Core.dll;GFSDK_Aftermath_Lib.x64.dll;GfnRuntimeSdk.dll;OpenColorIO_2_3.dll;SUPERVIVE-Win64-Shipping.exe;chrome_elf.dll;d3dcompiler_47.dll;dbghelp.dll;discord_partner_sdk.dll;libEGL.dll;libGLESv2.dll;libcef.dll;libogg_64.dll;libvorbis_64.dll;libvorbisfile_64.dll;preloader.dll;runtime.dll;steam_api64.dll;xaudio2_9redist.dll,0,0,0,51481124864,0,0,0,8,AMD Ryzen 7 3800XT 8-Core Processor,NVIDIA GeForce RTX 4090,D3D12,NVIDIA GeForce RTX 4090,,0,true,release2.4.live-156430-shipping,156430,None,1,13731912,217,ok,ok,Breadcrumbs_RHIThread_0.txt;CrashContext.runtime-xml;CrashReportClient.ini;Loki.log;UEMinidump.dmp,5,1,Breadcrumbs 'RHIThread' |,1,Loki.log,254847,1959,2026.07.01-02.20.45:107,2026.07.01-02.21.09:152,24.045,3,/Game/Loki/Maps/LVL_Login,/Game/Loki/Maps/LVL_Login;/Game/Loki/Maps/LobbyV2/LVL_LobbyV2_Persistent;/Game/Loki/Maps/LVL_Login,0,0,0,0,0,0,0,0,0,0,0,0,0,0,0,0,0,,,,,,,,,,,,,,,,,,,,,,,,,,
uecc,crash,UECC-Windows-B61ED1A7433CAB7A7DA757A08D9D18A3_0000,UECC-Windows-B61ED1A7433CAB7A7DA757A08D9D18A3_0000,,,,,,Crash,194,2026-07-24T19:45:34.962,2026-07-24T14:45:34.962,tutorial,C:\Users\eastr\AppData\Local\SUPERVIVE\Saved\Crashes\UECC-Windows-B61ED1A7433CAB7A7DA757A08D9D18A3_0000,1,ok,Attended,F7089DB9478317803EFE65A164A6AD06,3,39808,false,false,false,false,0,,,0,0,Unhandled Exception: EXCEPTION_ACCESS_VIOLATION reading address 0x0000000001000040,EXCEPTION_ACCESS_VIOLATION,0x0000000001000040,,,5.4.3-0+UE5,UE5-CL-0,Shipping,Game,SUPERVIVE-Win64-Shipping,UE-Loki,Win64 [Windows 10 (22H2) [10.0.19045.7548]  64b],G:/git/GAME BACKUPS FOR REVERSE ENGINEERING/SUPERVIVE/Loki/Binaries/Win64/,59F469C3478E646FCCEBD5AF455483B1,59f469c3478e646fccebd5af455483b1,215f7d50a3644f0480b74790eb09ea82,CommandLineRemoved,639205191349620000,2026-07-24T14:45:35.140,-0.179,6EFAC0070AD4F68D939B78D7B0B80F71F97B9165,13,12,0x7FF6E7D30000,12c7e2d 3c2adb9 3c34b0c 3c596b3 39c7884 37f8b8c 4028924 403005f 40300da 4030f6c 4039696 751ef62,12c7e2d 3c2adb9 3c34b0c,SUPERVIVE-Win64-Shipping,0x7FF6E8FF7E2D,SUPERVIVE_Win64_Shipping,SUPERVIVE_Win64_Shipping,1,0,54,38188,GameThread,38188,AudioMixerNullCallbackThread;AudioMixerRenderThread(1);Background Worker #10;Background Worker #11;Background Worker #12;Background Worker #13;Background Worker #2;Background Worker #3;Background Worker #4;Background Worker #5;Background Worker #6;Background Worker #7;Background Worker #8;Background Worker #9;BackgroundThreadPool #0;BackgroundThreadPool #1;Client Analytics Event Thread;Electra::ExecAsync;FAsyncLoadingThread;FAsyncPurge;FAsyncWriter_Loki;FHeartBeatThread;FMediaTicker;FMessageBus.DefaultBus.Router;Foreground Worker #0;Foreground Worker #1;GameThread;HttpManagerThread;IOThreadPool #0;IOThreadPool #1;IOThreadPool #2;IOThreadPool #3;IoDispatcher;IoService;LibwebsocketsThread;OnlineAsyncTaskThreadNull DefaultInstance(1);OnlineAsyncTaskThreadSteam DefaultInstance;OutputDeviceRedirector;PSOPrecompilePool #0;PSOPrecompilePool #1;PSOPrecompilePool #2;PSOPrecompilePool #3;PSOPrecompilePool #4;PSOPrecompilePool #5;PSOPrecompilePool #6;PSOPrecompilePool #7;PSOPrecompilePool #8;PSOP...[truncated; full text in the JSON],21,0,D3D12Core.dll;GFSDK_Aftermath_Lib.x64.dll;GfnRuntimeSdk.dll;OpenColorIO_2_3.dll;SUPERVIVE-Win64-Shipping.exe;chrome_elf.dll;d3dcompiler_47.dll;dbghelp.dll;discord_partner_sdk.dll;libEGL.dll;libGLESv2.dll;libcef.dll;libogg_64.dll;libvorbis_64.dll;libvorbisfile_64.dll;preloader.dll;runtime.dll;steam_api64.dll;xaudio2_9redist.dll,0,0,0,51481124864,0,0,0,8,AMD Ryzen 7 3800XT 8-Core Processor,NVIDIA GeForce RTX 4090,D3D12,NVIDIA GeForce RTX 4090,,,false,release2.4.live-156430-shipping,156430,None,1,13913503,217,ok,ok,CrashContext.runtime-xml;CrashReportClient.ini;Loki.log;UEMinidump.dmp,4,0,,1,Loki.log,2501412,17392,2026.07.24-19.42.19:331,2026.07.24-19.45.33:117,193.786,3,/Game/Loki/Maps/Tutorial/LVL_Tutorial,/Game/Loki/Maps/LVL_Login;/Game/Loki/Maps/LobbyV2/LVL_LobbyV2_Persistent;/Game/Loki/Maps/Tutorial/LVL_Tutorial,0,0,0,0,704,14468,2,0,0,0,0,0,0,0,0,0,0,,,,,,,,,,,,,,,,,,,,,,,,,,
uecc,crash,UECC-Windows-B84A06614599445E764A7797D051EB21_0000,UECC-Windows-B84A06614599445E764A7797D051EB21_0000,,,,,,Crash,0,2026-07-10T19:48:43.289,2026-07-10T14:48:43.289,unknown,C:\Users\eastr\AppData\Local\SUPERVIVE\Saved\Crashes\UECC-Windows-B84A06614599445E764A7797D051EB21_0000,1,ok,Attended,C55999E946866EE4EA8B9685715EE231,3,45068,false,false,false,false,0,,,0,0,Unhandled Exception: EXCEPTION_ACCESS_VIOLATION reading address 0x000002680b350000,EXCEPTION_ACCESS_VIOLATION,0x000002680b350000,,,5.4.3-0+UE5,UE5-CL-0,Shipping,Game,SUPERVIVE-Win64-Shipping,UE-Loki,Win64 [Windows 10 (22H2) [10.0.19045.7417]  64b],G:/git/GAME BACKUPS FOR REVERSE ENGINEERING/SUPERVIVE/Loki/Binaries/Win64/,59F469C3478E646FCCEBD5AF455483B1,59f469c3478e646fccebd5af455483b1,215f7d50a3644f0480b74790eb09ea82,CommandLineRemoved,639193097232890000,2026-07-10T14:48:43.376,-0.088,DA39A3EE5E6B4B0D3255BFEF95601890AFD80709,2,0,,,,mdnsNSP,0x267E7A9205D,"kernel32
ntdll",kernel32;ntdll,0,0,60,,,19364,Background Worker #10;Background Worker #11;Background Worker #12;Background Worker #13;Background Worker #2;Background Worker #3;Background Worker #4;Background Worker #5;Background Worker #6;Background Worker #7;Background Worker #8;Background Worker #9;BackgroundThreadPool #0;BackgroundThreadPool #1;FAsyncWriter_Loki;FChunkCacheWorker;FHeartBeatThread;FMediaTicker;Foreground Worker #0;Foreground Worker #1;GameThread;HttpManagerThread;IOThreadPool #0;IOThreadPool #1;IOThreadPool #2;IOThreadPool #3;IoDispatcher;IoService;OnlineAsyncTaskThreadNull DefaultInstance(1);OutputDeviceRedirector;PSOPrecompilePool #0;PSOPrecompilePool #1;PSOPrecompilePool #2;PSOPrecompilePool #3;PSOPrecompilePool #4;PSOPrecompilePool #5;PSOPrecompilePool #6;PSOPrecompilePool #7;PSOPrecompilePool #8;PSOPrecompilePool #9;RHIInterruptThread;RHISubmissionThread;RHIThread;RTHeartBeat 0;RenderThread 0,9,0,D3D12Core.dll;GFSDK_Aftermath_Lib.x64.dll;OpenColorIO_2_3.dll;SUPERVIVE-Win64-Shipping.exe;dbghelp.dll;preloader.dll;runtime.dll;steam_api64.dll,0,0,0,51481124864,0,0,0,8,AMD Ryzen 7 3800XT 8-Core Processor,NVIDIA GeForce RTX 4090,D3D12,NVIDIA GeForce RTX 4090,,,,,,,1,13355187,145,ok,os-only,CrashContext.runtime-xml;CrashReportClient.ini;Loki.log;UEMinidump.dmp,4,0,,1,Loki.log,86706,865,2026.07.10-19.48.37:902,2026.07.10-19.48.41:177,3.275,0,,,0,0,0,0,0,0,0,0,0,0,0,0,0,0,0,0,0,,,,,,,,,,,,,,,,,,,,,,,,,,
uecc,crash,UECC-Windows-B859EEE94828B61F3AE38DAD959EF2EA_0000,UECC-Windows-B859EEE94828B61F3AE38DAD959EF2EA_0000,,,,,,Crash,15,2026-07-04T01:18:26.341,2026-07-03T20:18:26.341,menu-lobby,C:\Users\eastr\AppData\Local\SUPERVIVE\Saved\Crashes\UECC-Windows-B859EEE94828B61F3AE38DAD959EF2EA_0000,1,ok,Attended,0569510C4352E84F229D43ACA5B36135,3,72276,false,false,false,false,0,,,0,0,Unhandled Exception: EXCEPTION_ACCESS_VIOLATION 0x00007ff706bf0000,EXCEPTION_ACCESS_VIOLATION,0x00007ff706bf0000,,,5.4.3-0+UE5,UE5-CL-0,Shipping,Game,SUPERVIVE-Win64-Shipping,UE-Loki,Win64 [Windows 10 (22H2) [10.0.19045.7417]  64b],G:/git/GAME BACKUPS FOR REVERSE ENGINEERING/SUPERVIVE/Loki/Binaries/Win64/,59F469C3478E646FCCEBD5AF455483B1,59f469c3478e646fccebd5af455483b1,215f7d50a3644f0480b74790eb09ea82,CommandLineRemoved,639187247063410000,2026-07-03T20:18:26.500,-0.159,AA52BC650B72AF716E212560011E4C2688BA1F7A,99,99,0x7FF682A80000,84170000 562ea56 52aa668 13491bc 1345608 13429e8 13497bc 1344822 1345608 13429e8 13495b0 1345608 13429e8 13497bc 1345608 13429e8 13495b0 1345608 1345511 1225fd6 13453a5 314fb10 4c4fbaa 3123f95 30dfd77 31064d5 3123bee 30df46f 310440b 3123bee 30debb5 310237d 3123bee 3123ab9 30623df 309426c 3123bee 3123ab9 315bffd 3123bee 3123ab9 3143b52 4c56a88 3123bee 30debb5 310237d 3123bee 30dfd77 31064d5 3123bee 30debb5 310237d 3123bee 3123ab9 315bffd 4c55b76 3123bee 3123ab9 3143b52 4c56a88 3123bee 3123ab9 3143b52 4c56a88 3123bee 3123ab9 30623df 309426c 3123bee 3123ab9 315bffd 4c55b76 3123bee 3123ab9 3143b52 4c56a88 3123bee 3123ab9 315bffd 4c55b76 3123bee 3123ab9 3143b52 4c56a88 3123bee 3123ab9 30623df 309426c 3123bee 3123ab9 315bffd 3123bee 30debb5 310237d 3123bee 3123ab9 30623df 309426c 3123bee,84170000 562ea56 52aa668,SUPERVIVE-Win64-Shipping,0x7FF706BF0000,"SUPERVIVE_Win64_Shipping
SUPERVIVE_Win64_Shipping
SUPERVIVE_Win64_Shipping
SUPERVIVE_Win64_Shipping
SUPERVIVE_Win64_Shipping",SUPERVIVE_Win64_Shipping;SUPERVIVE_Win64_Shipping;SUPERVIVE_Win64_Shipping;SUPERVIVE_Win64_Shipping;SUPERVIVE_Win64_Shipping,1,0,56,34776,GameThread,34776,AudioMixerNullCallbackThread;AudioMixerRenderThread(1);Background Worker #10;Background Worker #11;Background Worker #12;Background Worker #13;Background Worker #2;Background Worker #3;Background Worker #4;Background Worker #5;Background Worker #6;Background Worker #7;Background Worker #8;Background Worker #9;BackgroundThreadPool #0;BackgroundThreadPool #1;Client Analytics Event Thread;Electra::ExecAsync;FAsyncLoadingThread;FAsyncPurge;FAsyncWriter_Loki;FChunkCacheWorker;FHeartBeatThread;FMediaTicker;FMessageBus.DefaultBus.Router;Foreground Worker #0;Foreground Worker #1;GameThread;HttpManagerThread;IOThreadPool #0;IOThreadPool #1;IOThreadPool #2;IOThreadPool #3;IoDispatcher;IoService;LibwebsocketsThread;OnlineAsyncTaskThreadNull DefaultInstance(1);OnlineAsyncTaskThreadSteam DefaultInstance;OutputDeviceRedirector;PSOPrecompilePool #0;PSOPrecompilePool #1;PSOPrecompilePool #2;PSOPrecompilePool #3;PSOPrecompilePool #4;PSOPrecompilePool #5;PSOPrecompilePool #6;PSOPrecompilePool #7;PSOPrec...[truncated; full text in the JSON],21,0,D3D12Core.dll;GFSDK_Aftermath_Lib.x64.dll;GfnRuntimeSdk.dll;OpenColorIO_2_3.dll;SUPERVIVE-Win64-Shipping.exe;chrome_elf.dll;d3dcompiler_47.dll;dbghelp.dll;discord_partner_sdk.dll;libEGL.dll;libGLESv2.dll;libcef.dll;libogg_64.dll;libvorbis_64.dll;libvorbisfile_64.dll;preloader.dll;runtime.dll;steam_api64.dll;xaudio2_9redist.dll,0,0,0,51481124864,0,0,0,8,AMD Ryzen 7 3800XT 8-Core Processor,NVIDIA GeForce RTX 4090,D3D12,NVIDIA GeForce RTX 4090,,,true,release2.4.live-156430-shipping,156430,None,1,14345590,217,ok,ok,CrashContext.runtime-xml;CrashReportClient.ini;Loki.log;UEMinidump.dmp,4,0,,1,Loki.log,250221,2148,2026.07.04-01.18.08:760,2026.07.04-01.18.24:562,15.802,2,/Game/Loki/Maps/LobbyV2/LVL_LobbyV2_Persistent,/Game/Loki/Maps/LVL_Login;/Game/Loki/Maps/LobbyV2/LVL_LobbyV2_Persistent,0,0,0,0,0,0,0,0,0,0,0,0,0,0,0,0,0,,,,,,,,,,,,,,,,,,,,,,,,,,
uecc,crash,UECC-Windows-BE345EC241F29F24108182B2730F8A7C_0000,UECC-Windows-BE345EC241F29F24108182B2730F8A7C_0000,,,,,,Crash,175,2026-07-26T09:29:11.440,2026-07-26T04:29:11.440,tutorial,C:\Users\eastr\AppData\Local\SUPERVIVE\Saved\Crashes\UECC-Windows-BE345EC241F29F24108182B2730F8A7C_0000,1,ok,Attended,C75263874492917A9D2C539C8BC94348,3,41712,false,false,false,false,0,,,0,0,Unhandled Exception: EXCEPTION_ACCESS_VIOLATION reading address 0x0000000000000700,EXCEPTION_ACCESS_VIOLATION,0x0000000000000700,,,5.4.3-0+UE5,UE5-CL-0,Shipping,Game,SUPERVIVE-Win64-Shipping,UE-Loki,Win64 [Windows 10 (22H2) [10.0.19045.7548]  64b],G:/git/GAME BACKUPS FOR REVERSE ENGINEERING/SUPERVIVE/Loki/Binaries/Win64/,59F469C3478E646FCCEBD5AF455483B1,59f469c3478e646fccebd5af455483b1,215f7d50a3644f0480b74790eb09ea82,CommandLineRemoved,639206549514400000,2026-07-26T04:29:11.626,-0.186,A92CFEEE6BC060216A7DB3C6CA191BF7C10B4CDB,13,12,0x7FF6E7D30000,3c5dc52 3c5d255 3c34b22 3c596b3 39c7884 37f8b8c 4028924 403005f 40300da 4030f6c 4039696 751ef62,3c5dc52 3c5d255 3c34b22,SUPERVIVE-Win64-Shipping,0x7FF6EB98DC52,"SUPERVIVE_Win64_Shipping
SUPERVIVE_Win64_Shipping
SUPERVIVE_Win64_Shipping",SUPERVIVE_Win64_Shipping;SUPERVIVE_Win64_Shipping;SUPERVIVE_Win64_Shipping,1,0,54,12748,GameThread,12748,AudioMixerNullCallbackThread;AudioMixerRenderThread(1);Background Worker #10;Background Worker #11;Background Worker #12;Background Worker #13;Background Worker #2;Background Worker #3;Background Worker #4;Background Worker #5;Background Worker #6;Background Worker #7;Background Worker #8;Background Worker #9;BackgroundThreadPool #0;BackgroundThreadPool #1;Client Analytics Event Thread;Electra::ExecAsync;FAsyncLoadingThread;FAsyncPurge;FAsyncWriter_Loki;FHeartBeatThread;FMediaTicker;FMessageBus.DefaultBus.Router;Foreground Worker #0;Foreground Worker #1;GameThread;HttpManagerThread;IOThreadPool #0;IOThreadPool #1;IOThreadPool #2;IOThreadPool #3;IoDispatcher;IoService;LibwebsocketsThread;OnlineAsyncTaskThreadNull DefaultInstance(1);OnlineAsyncTaskThreadSteam DefaultInstance;OutputDeviceRedirector;PSOPrecompilePool #0;PSOPrecompilePool #1;PSOPrecompilePool #2;PSOPrecompilePool #3;PSOPrecompilePool #4;PSOPrecompilePool #5;PSOPrecompilePool #6;PSOPrecompilePool #7;PSOPrecompilePool #8;PSOP...[truncated; full text in the JSON],21,0,D3D12Core.dll;GFSDK_Aftermath_Lib.x64.dll;GfnRuntimeSdk.dll;OpenColorIO_2_3.dll;SUPERVIVE-Win64-Shipping.exe;chrome_elf.dll;d3dcompiler_47.dll;dbghelp.dll;discord_partner_sdk.dll;libEGL.dll;libGLESv2.dll;libcef.dll;libogg_64.dll;libvorbis_64.dll;libvorbisfile_64.dll;preloader.dll;runtime.dll;steam_api64.dll;xaudio2_9redist.dll,0,0,0,51481124864,0,0,0,8,AMD Ryzen 7 3800XT 8-Core Processor,NVIDIA GeForce RTX 4090,D3D12,NVIDIA GeForce RTX 4090,,,false,release2.4.live-156430-shipping,156430,None,1,13680796,217,ok,ok,CrashContext.runtime-xml;CrashReportClient.ini;Loki.log;UEMinidump.dmp,4,0,,1,Loki.log,1499764,10279,2026.07.26-09.26.12:184,2026.07.26-09.29.09:708,177.524,3,/Game/Loki/Maps/Tutorial/LVL_Tutorial,/Game/Loki/Maps/LVL_Login;/Game/Loki/Maps/LobbyV2/LVL_LobbyV2_Persistent;/Game/Loki/Maps/Tutorial/LVL_Tutorial,0,0,0,0,704,7364,2,0,0,0,0,0,0,0,0,0,0,,,,,,,,,,,,,,,,,,,,,,,,,,
uecc,crash,UECC-Windows-BFA9A28841B4F5603A179388FBB6FBE0_0000,UECC-Windows-BFA9A28841B4F5603A179388FBB6FBE0_0000,,,,,,Crash,17,2026-06-30T20:42:10.624,2026-06-30T15:42:10.624,menu-login,C:\Users\eastr\AppData\Local\SUPERVIVE\Saved\Crashes\UECC-Windows-BFA9A28841B4F5603A179388FBB6FBE0_0000,1,ok,Attended,7A7BA63741EA27626D2EF586A32F56BB,3,64832,false,false,false,false,0,,,0,0,Unhandled Exception: EXCEPTION_ACCESS_VIOLATION reading address 0x0000000900000000,EXCEPTION_ACCESS_VIOLATION,0x0000000900000000,,,5.4.3-0+UE5,UE5-CL-0,Shipping,Game,SUPERVIVE-Win64-Shipping,UE-Loki,Win64 [Windows 10 (22H2) [10.0.19045.7417]  64b],G:/git/GAME BACKUPS FOR REVERSE ENGINEERING/SUPERVIVE/Loki/Binaries/Win64/,59F469C3478E646FCCEBD5AF455483B1,59f469c3478e646fccebd5af455483b1,215f7d50a3644f0480b74790eb09ea82,CommandLineRemoved,639184489306240000,2026-06-30T15:42:11.115,-0.491,F23A0DA395B5FDE33EE8C4C9D2A3C9A614171CB4,15,14,0x7FF682A80000,fe24ee faf9e8 f9894d 2977e40 2af49d2 2af41ca 2aefca8 2af41ca 2aefd3f f8aba3 f96a8e 2b91aab 115ed67 115c4b1,fe24ee faf9e8 f9894d,SUPERVIVE-Win64-Shipping,0x7FF683A624EE,SUPERVIVE_Win64_Shipping,SUPERVIVE_Win64_Shipping,1,0,54,63768,RHIThread,61956,AudioMixerNullCallbackThread;AudioMixerRenderThread(1);Background Worker #10;Background Worker #11;Background Worker #12;Background Worker #13;Background Worker #2;Background Worker #3;Background Worker #4;Background Worker #5;Background Worker #6;Background Worker #7;Background Worker #8;Background Worker #9;BackgroundThreadPool #0;BackgroundThreadPool #1;Client Analytics Event Thread;Electra::ExecAsync;FAsyncLoadingThread;FAsyncPurge;FAsyncWriter_Loki;FHeartBeatThread;FMediaTicker;FMessageBus.DefaultBus.Router;Foreground Worker #0;Foreground Worker #1;GameThread;HttpManagerThread;IOThreadPool #0;IOThreadPool #1;IOThreadPool #2;IOThreadPool #3;IoDispatcher;IoService;LibwebsocketsThread;OnlineAsyncTaskThreadNull DefaultInstance(1);OnlineAsyncTaskThreadSteam DefaultInstance;OutputDeviceRedirector;PSOPrecompilePool #0;PSOPrecompilePool #1;PSOPrecompilePool #2;PSOPrecompilePool #3;PSOPrecompilePool #4;PSOPrecompilePool #5;PSOPrecompilePool #6;PSOPrecompilePool #7;PSOPrecompilePool #8;PSOP...[truncated; full text in the JSON],21,0,D3D12Core.dll;GFSDK_Aftermath_Lib.x64.dll;GfnRuntimeSdk.dll;OpenColorIO_2_3.dll;SUPERVIVE-Win64-Shipping.exe;chrome_elf.dll;d3dcompiler_47.dll;dbghelp.dll;discord_partner_sdk.dll;libEGL.dll;libGLESv2.dll;libcef.dll;libogg_64.dll;libvorbis_64.dll;libvorbisfile_64.dll;preloader.dll;runtime.dll;steam_api64.dll;xaudio2_9redist.dll,0,0,0,51481124864,0,0,0,8,AMD Ryzen 7 3800XT 8-Core Processor,NVIDIA GeForce RTX 4090,D3D12,NVIDIA GeForce RTX 4090,,0,,release2.4.live-156430-shipping,156430,None,1,13987242,217,ok,ok,Breadcrumbs_RHIThread_0.txt;Breadcrumbs_RHIThread_1.txt;CrashContext.runtime-xml;CrashReportClient.ini;Loki.log;UEMinidump.dmp,6,2,Breadcrumbs 'RHIThread' | || Breadcrumbs 'RHIThread' | Context 1/2 | 	00 FRDGBuilder_Execute |,1,Loki.log,233776,1816,2026.06.30-20.41.52:607,2026.06.30-20.42.08:466,15.859,1,/Game/Loki/Maps/LVL_Login,/Game/Loki/Maps/LVL_Login,0,0,0,0,0,0,0,0,0,0,0,0,0,0,0,0,0,,,,,,,,,,,,,,,,,,,,,,,,,,
uecc,crash,UECC-Windows-C13252F54B25E4F01E922BB3933A2971_0000,UECC-Windows-C13252F54B25E4F01E922BB3933A2971_0000,,,,,,Crash,258,2026-08-05T07:28:34.642,2026-08-05T02:28:34.642,tutorial,C:\Users\eastr\AppData\Local\SUPERVIVE\Saved\Crashes\UECC-Windows-C13252F54B25E4F01E922BB3933A2971_0000,1,ok,Attended,AFE6D71F4DE4F9C56E6F188DE81B4503,3,49792,false,false,false,false,0,,,0,0,Unhandled Exception: EXCEPTION_ACCESS_VIOLATION reading address 0xffffffffffffffff,EXCEPTION_ACCESS_VIOLATION,0xffffffffffffffff,,,5.4.3-0+UE5,UE5-CL-0,Shipping,Game,SUPERVIVE-Win64-Shipping,UE-Loki,Win64 [Windows 10 (22H2) [10.0.19045.7548]  64b],G:/git/GAME BACKUPS FOR REVERSE ENGINEERING/SUPERVIVE/Loki/Binaries/Win64/,59F469C3478E646FCCEBD5AF455483B1,59f469c3478e646fccebd5af455483b1,215f7d50a3644f0480b74790eb09ea82,CommandLineRemoved,639215117146420000,2026-08-05T02:28:34.982,-0.341,193C20C7E8EECC8327DF279F9091E4E9C712F25F,14,13,0x7FF681610000,349596d 3405f13 3691a72 3691704 367b462 f84697 f873b3 f8b2be f9d9bc f87040 100c334 115ed67 115c4b1,349596d 3405f13 3691a72,SUPERVIVE-Win64-Shipping,0x7FF684AA596D,SUPERVIVE_Win64_Shipping,SUPERVIVE_Win64_Shipping,1,0,55,17920,Foreground Worker #0,16184,AudioMixerNullCallbackThread;AudioMixerRenderThread(1);Background Worker #10;Background Worker #11;Background Worker #12;Background Worker #13;Background Worker #2;Background Worker #3;Background Worker #4;Background Worker #5;Background Worker #6;Background Worker #7;Background Worker #8;Background Worker #9;BackgroundThreadPool #0;BackgroundThreadPool #1;Client Analytics Event Thread;Electra::ExecAsync;FAsyncLoadingThread;FAsyncPurge;FAsyncWriter_Loki;FChunkCacheWorker;FHeartBeatThread;FMediaTicker;FMessageBus.DefaultBus.Router;Foreground Worker #0;Foreground Worker #1;GameThread;HttpManagerThread;IOThreadPool #0;IOThreadPool #1;IOThreadPool #2;IOThreadPool #3;IoDispatcher;IoService;LibwebsocketsThread;OnlineAsyncTaskThreadNull DefaultInstance(1);OnlineAsyncTaskThreadSteam DefaultInstance;OutputDeviceRedirector;PSOPrecompilePool #0;PSOPrecompilePool #1;PSOPrecompilePool #2;PSOPrecompilePool #3;PSOPrecompilePool #4;PSOPrecompilePool #5;PSOPrecompilePool #6;PSOPrecompilePool #7;PSOPrec...[truncated; full text in the JSON],21,0,D3D12Core.dll;GFSDK_Aftermath_Lib.x64.dll;GfnRuntimeSdk.dll;OpenColorIO_2_3.dll;SUPERVIVE-Win64-Shipping.exe;chrome_elf.dll;d3dcompiler_47.dll;dbghelp.dll;discord_partner_sdk.dll;libEGL.dll;libGLESv2.dll;libcef.dll;libogg_64.dll;libvorbis_64.dll;libvorbisfile_64.dll;preloader.dll;runtime.dll;steam_api64.dll;xaudio2_9redist.dll,0,0,0,51481124864,0,0,0,8,AMD Ryzen 7 3800XT 8-Core Processor,NVIDIA GeForce RTX 4090,D3D12,NVIDIA GeForce RTX 4090,,,false,release2.4.live-156430-shipping,156430,None,1,13949897,223,ok,ok,CrashContext.runtime-xml;CrashReportClient.ini;Loki.log;UEMinidump.dmp,4,0,,1,Loki.log,2422074,16931,2026.08.05-07.26.14:100,2026.08.05-07.28.27:173,133.073,3,/Game/Loki/Maps/Tutorial/LVL_Tutorial,/Game/Loki/Maps/LVL_Login;/Game/Loki/Maps/LobbyV2/LVL_LobbyV2_Persistent;/Game/Loki/Maps/Tutorial/LVL_Tutorial,0,0,0,0,1130,13902,2,0,0,0,0,0,0,0,0,0,0,,,,,,,,,,,,,,,,,,,,,,,,,,
uecc,crash,UECC-Windows-C82D616945ADA2E59A3DA399CE1B8BCE_0000,UECC-Windows-C82D616945ADA2E59A3DA399CE1B8BCE_0000,,,,,,Assert,184,2026-07-11T19:15:58.346,2026-07-11T14:15:58.346,tutorial,C:\Users\eastr\AppData\Local\SUPERVIVE\Saved\Crashes\UECC-Windows-C82D616945ADA2E59A3DA399CE1B8BCE_0000,1,ok,Attended,F2FF77754905A5FE7CF2BCA272A5D9F8,3,82452,false,false,true,false,0,true,95740,0,0,Fatal error: [File:C:\TheoryCraft\build-staging\Engine\Source\Runtime\Engine\Private\UnrealEngine.cpp] [Line: 15551] Couldn't spawn player: PlayerState is null,,,UnrealEngine.cpp,15551,5.4.3-0+UE5,UE5-CL-0,Shipping,Game,SUPERVIVE-Win64-Shipping,UE-Loki,Win64 [Windows 10 (22H2) [10.0.19045.7417]  64b],G:/git/GAME BACKUPS FOR REVERSE ENGINEERING/SUPERVIVE/Loki/Binaries/Win64/,59F469C3478E646FCCEBD5AF455483B1,59f469c3478e646fccebd5af455483b1,215f7d50a3644f0480b74790eb09ea82,CommandLineRemoved,639193941583460000,2026-07-11T14:15:58.895,-0.549,D5ABA8A5577B609F8D98EADFA8C5BA62E267B0EE,11,10,0x7FF6B54F0000,3ee9cf5 3ec5faf 3efb466 37f8b73 4028924 403005f 40300da 4030f6c 4039696 751ef62,3ee9cf5 3ec5faf 3efb466,SUPERVIVE-Win64-Shipping,0x7FF6B93D9CF5,,,0,0,54,95740,GameThread,95740,AudioMixerNullCallbackThread;AudioMixerRenderThread(1);Background Worker #10;Background Worker #11;Background Worker #12;Background Worker #13;Background Worker #2;Background Worker #3;Background Worker #4;Background Worker #5;Background Worker #6;Background Worker #7;Background Worker #8;Background Worker #9;BackgroundThreadPool #0;BackgroundThreadPool #1;Client Analytics Event Thread;Electra::ExecAsync;FAsyncLoadingThread;FAsyncPurge;FAsyncWriter_Loki;FHeartBeatThread;FMediaTicker;FMessageBus.DefaultBus.Router;Foreground Worker #0;Foreground Worker #1;GameThread;HttpManagerThread;IOThreadPool #0;IOThreadPool #1;IOThreadPool #2;IOThreadPool #3;IoDispatcher;IoService;LibwebsocketsThread;OnlineAsyncTaskThreadNull DefaultInstance(1);OnlineAsyncTaskThreadSteam DefaultInstance;OutputDeviceRedirector;PSOPrecompilePool #0;PSOPrecompilePool #1;PSOPrecompilePool #2;PSOPrecompilePool #3;PSOPrecompilePool #4;PSOPrecompilePool #5;PSOPrecompilePool #6;PSOPrecompilePool #7;PSOPrecompilePool #8;PSOP...[truncated; full text in the JSON],21,0,D3D12Core.dll;GFSDK_Aftermath_Lib.x64.dll;GfnRuntimeSdk.dll;OpenColorIO_2_3.dll;SUPERVIVE-Win64-Shipping.exe;chrome_elf.dll;d3dcompiler_47.dll;dbghelp.dll;discord_partner_sdk.dll;libEGL.dll;libGLESv2.dll;libcef.dll;libogg_64.dll;libvorbis_64.dll;libvorbisfile_64.dll;preloader.dll;runtime.dll;steam_api64.dll;xaudio2_9redist.dll,1984229376,25885769728,5862895616,51481124864,6723948544,0,0,8,AMD Ryzen 7 3800XT 8-Core Processor,NVIDIA GeForce RTX 4090,D3D12,NVIDIA GeForce RTX 4090,,,false,release2.4.live-156430-shipping,156430,None,1,13909355,217,ok,ok,CrashContext.runtime-xml;CrashReportClient.ini;Loki.log;UEMinidump.dmp,4,0,,1,Loki.log,369661,2685,2026.07.11-19.12.50:216,2026.07.11-19.15.56:759,186.543,3,/Game/Loki/Maps/Tutorial/LVL_Tutorial,/Game/Loki/Maps/LVL_Login;/Game/Loki/Maps/LobbyV2/LVL_LobbyV2_Persistent;/Game/Loki/Maps/Tutorial/LVL_Tutorial,0,0,1,1,30,0,2,0,0,0,0,0,0,0,0,0,0,,,,,,,,,,,,,,,,,,,,,,,,,,
uecc,crash,UECC-Windows-C949E23F469873E8F70406AC11F29D6E_0000,UECC-Windows-C949E23F469873E8F70406AC11F29D6E_0000,,,,,,Assert,90,2026-07-11T02:05:25.684,2026-07-10T21:05:25.684,tutorial-attempted,C:\Users\eastr\AppData\Local\SUPERVIVE\Saved\Crashes\UECC-Windows-C949E23F469873E8F70406AC11F29D6E_0000,1,ok,Attended,F55E82734EAD47D4B41B45908C78DDAA,3,86968,false,false,true,false,0,,,0,0,Fatal error: [File:C:\TheoryCraft\build-staging\Engine\Source\Runtime\Engine\Private\UnrealEngine.cpp] [Line: 15551] Couldn't spawn player: ALokiGameMode::Login failed to Login,,,UnrealEngine.cpp,15551,5.4.3-0+UE5,UE5-CL-0,Shipping,Game,SUPERVIVE-Win64-Shipping,UE-Loki,Win64 [Windows 10 (22H2) [10.0.19045.7417]  64b],G:/git/GAME BACKUPS FOR REVERSE ENGINEERING/SUPERVIVE/Loki/Binaries/Win64/,59F469C3478E646FCCEBD5AF455483B1,59f469c3478e646fccebd5af455483b1,215f7d50a3644f0480b74790eb09ea82,CommandLineRemoved,639193323256840000,2026-07-10T21:05:25.791,-0.107,D5ABA8A5577B609F8D98EADFA8C5BA62E267B0EE,11,10,0x7FF6B54F0000,3ee9cf5 3ec5faf 3efb466 37f8b73 4028924 403005f 40300da 4030f6c 4039696 751ef62,3ee9cf5 3ec5faf 3efb466,SUPERVIVE-Win64-Shipping,0x7FF6B93D9CF5,,,0,0,54,33296,GameThread,33296,AudioMixerNullCallbackThread;AudioMixerRenderThread(1);Background Worker #10;Background Worker #11;Background Worker #12;Background Worker #13;Background Worker #2;Background Worker #3;Background Worker #4;Background Worker #5;Background Worker #6;Background Worker #7;Background Worker #8;Background Worker #9;BackgroundThreadPool #0;BackgroundThreadPool #1;Client Analytics Event Thread;Electra::ExecAsync;FAsyncLoadingThread;FAsyncPurge;FAsyncWriter_Loki;FHeartBeatThread;FMediaTicker;FMessageBus.DefaultBus.Router;Foreground Worker #0;Foreground Worker #1;GameThread;HttpManagerThread;IOThreadPool #0;IOThreadPool #1;IOThreadPool #2;IOThreadPool #3;IoDispatcher;IoService;LibwebsocketsThread;OnlineAsyncTaskThreadNull DefaultInstance(1);OnlineAsyncTaskThreadSteam DefaultInstance;OutputDeviceRedirector;PSOPrecompilePool #0;PSOPrecompilePool #1;PSOPrecompilePool #2;PSOPrecompilePool #3;PSOPrecompilePool #4;PSOPrecompilePool #5;PSOPrecompilePool #6;PSOPrecompilePool #7;PSOPrecompilePool #8;PSOP...[truncated; full text in the JSON],21,0,D3D12Core.dll;GFSDK_Aftermath_Lib.x64.dll;GfnRuntimeSdk.dll;OpenColorIO_2_3.dll;SUPERVIVE-Win64-Shipping.exe;chrome_elf.dll;d3dcompiler_47.dll;dbghelp.dll;discord_partner_sdk.dll;libEGL.dll;libGLESv2.dll;libcef.dll;libogg_64.dll;libvorbis_64.dll;libvorbisfile_64.dll;preloader.dll;runtime.dll;steam_api64.dll;xaudio2_9redist.dll,5792006144,21262655488,5851316224,51481124864,7811219456,0,0,8,AMD Ryzen 7 3800XT 8-Core Processor,NVIDIA GeForce RTX 4090,D3D12,NVIDIA GeForce RTX 4090,,,false,release2.4.live-156430-shipping,156430,None,1,13645108,217,ok,ok,CrashContext.runtime-xml;CrashReportClient.ini;Loki.log;UEMinidump.dmp,4,0,,1,Loki.log,333848,2532,2026.07.11-02.03.52:257,2026.07.11-02.05.24:315,92.058,2,/Game/Loki/Maps/LobbyV2/LVL_LobbyV2_Persistent,/Game/Loki/Maps/LVL_Login;/Game/Loki/Maps/LobbyV2/LVL_LobbyV2_Persistent,0,0,1,1,11,0,2,0,0,0,0,0,0,0,0,0,0,,,,,,,,,,,,,,,,,,,,,,,,,,
uecc,crash,UECC-Windows-CD25F03548DDDB07DF4EDDB77F005D2D_0000,UECC-Windows-CD25F03548DDDB07DF4EDDB77F005D2D_0000,,,,,,Crash,46,2026-07-02T04:07:36.721,2026-07-01T23:07:36.721,menu-login,C:\Users\eastr\AppData\Local\SUPERVIVE\Saved\Crashes\UECC-Windows-CD25F03548DDDB07DF4EDDB77F005D2D_0000,1,ok,Attended,71501DCA48C8496A7506C790631AF724,3,72256,false,false,false,false,0,,,0,0,Unhandled Exception: EXCEPTION_ACCESS_VIOLATION writing address 0x00007ff68a1258d0,EXCEPTION_ACCESS_VIOLATION,0x00007ff68a1258d0,,,5.4.3-0+UE5,UE5-CL-0,Shipping,Game,SUPERVIVE-Win64-Shipping,UE-Loki,Win64 [Windows 10 (22H2) [10.0.19045.7417]  64b],G:/git/GAME BACKUPS FOR REVERSE ENGINEERING/SUPERVIVE/Loki/Binaries/Win64/,59F469C3478E646FCCEBD5AF455483B1,59f469c3478e646fccebd5af455483b1,215f7d50a3644f0480b74790eb09ea82,CommandLineRemoved,639185620567210000,2026-07-01T23:07:37.273,-0.553,62D7D56A83A326D1FDD68531BE0B0DD813DD555A,12,11,0x7FF682A80000,207d11d 29d7a26 2aef45d 2af4de2 2af41ca 2aefd3f f8aba3 f96a8e 2b91aab 115ed67 115c4b1,207d11d 29d7a26 2aef45d,SUPERVIVE-Win64-Shipping,0x7FF684AFD11D,SUPERVIVE_Win64_Shipping,SUPERVIVE_Win64_Shipping,1,0,54,4984,RHIThread,56988,AudioMixerNullCallbackThread;AudioMixerRenderThread(1);Background Worker #10;Background Worker #11;Background Worker #12;Background Worker #13;Background Worker #2;Background Worker #3;Background Worker #4;Background Worker #5;Background Worker #6;Background Worker #7;Background Worker #8;Background Worker #9;BackgroundThreadPool #0;BackgroundThreadPool #1;Client Analytics Event Thread;Electra::ExecAsync;FAsyncLoadingThread;FAsyncPurge;FAsyncWriter_Loki;FHeartBeatThread;FMediaTicker;FMessageBus.DefaultBus.Router;Foreground Worker #0;Foreground Worker #1;GameThread;HttpManagerThread;IOThreadPool #0;IOThreadPool #1;IOThreadPool #2;IOThreadPool #3;IoDispatcher;IoService;LibwebsocketsThread;OnlineAsyncTaskThreadNull DefaultInstance(1);OnlineAsyncTaskThreadSteam DefaultInstance;OutputDeviceRedirector;PSOPrecompilePool #0;PSOPrecompilePool #1;PSOPrecompilePool #2;PSOPrecompilePool #3;PSOPrecompilePool #4;PSOPrecompilePool #5;PSOPrecompilePool #6;PSOPrecompilePool #7;PSOPrecompilePool #8;PSOP...[truncated; full text in the JSON],21,0,D3D12Core.dll;GFSDK_Aftermath_Lib.x64.dll;GfnRuntimeSdk.dll;OpenColorIO_2_3.dll;SUPERVIVE-Win64-Shipping.exe;chrome_elf.dll;d3dcompiler_47.dll;dbghelp.dll;discord_partner_sdk.dll;libEGL.dll;libGLESv2.dll;libcef.dll;libogg_64.dll;libvorbis_64.dll;libvorbisfile_64.dll;preloader.dll;runtime.dll;steam_api64.dll;xaudio2_9redist.dll,0,0,0,51481124864,0,0,0,8,AMD Ryzen 7 3800XT 8-Core Processor,NVIDIA GeForce RTX 4090,D3D12,NVIDIA GeForce RTX 4090,,0,true,release2.4.live-156430-shipping,156430,None,1,13922721,217,ok,ok,Breadcrumbs_RHIThread_0.txt;CrashContext.runtime-xml;CrashReportClient.ini;Loki.log;UEMinidump.dmp,5,1,Breadcrumbs 'RHIThread' |,1,Loki.log,265164,1933,2026.07.02-04.06.48:686,2026.07.02-04.07.35:419,46.733,3,/Game/Loki/Maps/LVL_Login,/Game/Loki/Maps/LVL_Login;/Game/Loki/Maps/LobbyV2/LVL_LobbyV2_Persistent;/Game/Loki/Maps/LVL_Login,0,0,0,0,0,0,0,0,0,0,0,0,0,0,0,0,0,,,,,,,,,,,,,,,,,,,,,,,,,,
uecc,crash,UECC-Windows-CF785C424F9434774148F9AF7C6F122C_0000,UECC-Windows-CF785C424F9434774148F9AF7C6F122C_0000,,,,,,Assert,16,2026-06-30T02:59:21.670,2026-06-29T21:59:21.670,menu-login,C:\Users\eastr\AppData\Local\SUPERVIVE\Saved\Crashes\UECC-Windows-CF785C424F9434774148F9AF7C6F122C_0000,1,ok,Attended,BBA2E32A41F578567167069D141470B1,3,45304,false,false,true,false,0,,,0,0,Fatal error: [File:C:\TheoryCraft\build-staging\Engine\Source\Runtime\Core\Private\HAL\MallocBinned2.cpp] [Line: 1322] FMallocBinned2 Attempt to realloc an unrecognized block 000002B1B8AA0000 canary == 0x0 != 0xe3,,,MallocBinned2.cpp,1322,5.4.3-0+UE5,UE5-CL-0,Shipping,Game,SUPERVIVE-Win64-Shipping,UE-Loki,Win64 [Windows 10 (22H2) [10.0.19045.7417]  64b],G:/git/GAME BACKUPS FOR REVERSE ENGINEERING/SUPERVIVE/Loki/Binaries/Win64/,59F469C3478E646FCCEBD5AF455483B1,59f469c3478e646fccebd5af455483b1,215f7d50a3644f0480b74790eb09ea82,CommandLineRemoved,639183851616700000,2026-06-29T21:59:21.829,-0.159,78620DA920BE9D47D3438D309C859970587F0937,16,13,0x7FF682A80000,fe0148 ff933e 32bcbee 3ec6312 fafbca 3efb466 37f8b73 4028924 403005f 40300da 4030f6c 4039696 751ef62,fe0148 ff933e 32bcbee,SUPERVIVE-Win64-Shipping,0x7FF683A60148,,,0,0,54,13300,GameThread,13300,AudioMixerNullCallbackThread;AudioMixerRenderThread(1);Background Worker #10;Background Worker #11;Background Worker #12;Background Worker #13;Background Worker #2;Background Worker #3;Background Worker #4;Background Worker #5;Background Worker #6;Background Worker #7;Background Worker #8;Background Worker #9;BackgroundThreadPool #0;BackgroundThreadPool #1;Client Analytics Event Thread;Electra::ExecAsync;FAsyncLoadingThread;FAsyncPurge;FAsyncWriter_Loki;FHeartBeatThread;FMediaTicker;FMessageBus.DefaultBus.Router;Foreground Worker #0;Foreground Worker #1;GameThread;HttpManagerThread;IOThreadPool #0;IOThreadPool #1;IOThreadPool #2;IOThreadPool #3;IoDispatcher;IoService;LibwebsocketsThread;OnlineAsyncTaskThreadNull DefaultInstance(1);OnlineAsyncTaskThreadSteam DefaultInstance;OutputDeviceRedirector;PSOPrecompilePool #0;PSOPrecompilePool #1;PSOPrecompilePool #2;PSOPrecompilePool #3;PSOPrecompilePool #4;PSOPrecompilePool #5;PSOPrecompilePool #6;PSOPrecompilePool #7;PSOPrecompilePool #8;PSOP...[truncated; full text in the JSON],21,0,D3D12Core.dll;GFSDK_Aftermath_Lib.x64.dll;GfnRuntimeSdk.dll;OpenColorIO_2_3.dll;SUPERVIVE-Win64-Shipping.exe;chrome_elf.dll;d3dcompiler_47.dll;dbghelp.dll;discord_partner_sdk.dll;libEGL.dll;libGLESv2.dll;libcef.dll;libogg_64.dll;libvorbis_64.dll;libvorbisfile_64.dll;preloader.dll;runtime.dll;steam_api64.dll;xaudio2_9redist.dll,4311351296,19977715712,4342009856,51481124864,4408365056,0,0,8,AMD Ryzen 7 3800XT 8-Core Processor,NVIDIA GeForce RTX 4090,D3D12,NVIDIA GeForce RTX 4090,Generic,0,false,release2.4.live-156430-shipping,156430,None,1,13992527,217,ok,ok,CrashContext.runtime-xml;CrashReportClient.ini;Loki.log;UEMinidump.dmp,4,0,,1,Loki.log,211057,1779,2026.06.30-02.59.00:862,2026.06.30-02.59.16:598,15.736,1,/Game/Loki/Maps/LVL_Login,/Game/Loki/Maps/LVL_Login,0,0,1,1,0,0,0,0,0,0,0,0,0,0,0,0,0,,,,,,,,,,,,,,,,,,,,,,,,,,
uecc,crash,UECC-Windows-D06CC55E4D5F89435DB8F6BFC05647E4_0000,UECC-Windows-D06CC55E4D5F89435DB8F6BFC05647E4_0000,,,,,,Crash,30,2026-07-01T20:10:10.926,2026-07-01T15:10:10.926,menu-login,C:\Users\eastr\AppData\Local\SUPERVIVE\Saved\Crashes\UECC-Windows-D06CC55E4D5F89435DB8F6BFC05647E4_0000,1,ok,Attended,5F0C0BD8420C6C0024222FAE7B330C4D,3,71232,false,false,false,false,0,,,0,0,Unhandled Exception: EXCEPTION_ACCESS_VIOLATION writing address 0x00007ff68a55b368,EXCEPTION_ACCESS_VIOLATION,0x00007ff68a55b368,,,5.4.3-0+UE5,UE5-CL-0,Shipping,Game,SUPERVIVE-Win64-Shipping,UE-Loki,Win64 [Windows 10 (22H2) [10.0.19045.7417]  64b],G:/git/GAME BACKUPS FOR REVERSE ENGINEERING/SUPERVIVE/Loki/Binaries/Win64/,59F469C3478E646FCCEBD5AF455483B1,59f469c3478e646fccebd5af455483b1,215f7d50a3644f0480b74790eb09ea82,CommandLineRemoved,639185334109260000,2026-07-01T15:10:11.023,-0.098,771B16831B5A288D9965304142173931609EADE1,19,18,0x7FF682A80000,2976ff0 2984f45 2983c27 29838be 29ccd3e 2980f07 2981434 297795d 21bdcfe 2af41ca 2aefca8 2af41ca 2aefd3f f8aba3 f96a8e 2b91aab 115ed67 115c4b1,2976ff0 2984f45 2983c27,SUPERVIVE-Win64-Shipping,0x7FF6853F6FF0,SUPERVIVE_Win64_Shipping,SUPERVIVE_Win64_Shipping,1,0,54,27360,RHIThread,22820,AudioMixerNullCallbackThread;AudioMixerRenderThread(1);Background Worker #10;Background Worker #11;Background Worker #12;Background Worker #13;Background Worker #2;Background Worker #3;Background Worker #4;Background Worker #5;Background Worker #6;Background Worker #7;Background Worker #8;Background Worker #9;BackgroundThreadPool #0;BackgroundThreadPool #1;Client Analytics Event Thread;Electra::ExecAsync;FAsyncLoadingThread;FAsyncPurge;FAsyncWriter_Loki;FHeartBeatThread;FMediaTicker;FMessageBus.DefaultBus.Router;Foreground Worker #0;Foreground Worker #1;GameThread;HttpManagerThread;IOThreadPool #0;IOThreadPool #1;IOThreadPool #2;IOThreadPool #3;IoDispatcher;IoService;LibwebsocketsThread;OnlineAsyncTaskThreadNull DefaultInstance(1);OnlineAsyncTaskThreadSteam DefaultInstance;OutputDeviceRedirector;PSOPrecompilePool #0;PSOPrecompilePool #1;PSOPrecompilePool #2;PSOPrecompilePool #3;PSOPrecompilePool #4;PSOPrecompilePool #5;PSOPrecompilePool #6;PSOPrecompilePool #7;PSOPrecompilePool #8;PSOP...[truncated; full text in the JSON],21,0,D3D12Core.dll;GFSDK_Aftermath_Lib.x64.dll;GfnRuntimeSdk.dll;OpenColorIO_2_3.dll;SUPERVIVE-Win64-Shipping.exe;chrome_elf.dll;d3dcompiler_47.dll;dbghelp.dll;discord_partner_sdk.dll;libEGL.dll;libGLESv2.dll;libcef.dll;libogg_64.dll;libvorbis_64.dll;libvorbisfile_64.dll;preloader.dll;runtime.dll;steam_api64.dll;xaudio2_9redist.dll,0,0,0,51481124864,0,0,0,8,AMD Ryzen 7 3800XT 8-Core Processor,NVIDIA GeForce RTX 4090,D3D12,NVIDIA GeForce RTX 4090,Generic,0,true,release2.4.live-156430-shipping,156430,None,1,13732083,217,ok,ok,Breadcrumbs_RHIThread_0.txt;Breadcrumbs_RHIThread_1.txt;CrashContext.runtime-xml;CrashReportClient.ini;Loki.log;UEMinidump.dmp,6,2,Breadcrumbs 'RHIThread' | Context 1/2 | 	00 FRDGBuilder_Execute | 	01 Scene | 	02 Scene | || Breadcrumbs 'RHIThread' | Context 1/2 | 	00 FRDGBuilder_Execute | 	01 Scene | 	02 Scene | 	03 PostProcessing | 	04 Bloom |,1,Loki.log,266418,2002,2026.07.01-20.09.39:619,2026.07.01-20.10.09:839,30.22,3,/Game/Loki/Maps/LVL_Login,/Game/Loki/Maps/LVL_Login;/Game/Loki/Maps/LobbyV2/LVL_LobbyV2_Persistent;/Game/Loki/Maps/LVL_Login,0,0,0,0,0,0,0,0,0,0,0,0,0,0,0,0,0,,,,,,,,,,,,,,,,,,,,,,,,,,
uecc,crash,UECC-Windows-DC4A30AB45E2DCF9010F6BB1820B64C6_0000,UECC-Windows-DC4A30AB45E2DCF9010F6BB1820B64C6_0000,,,,,,Crash,659,2026-07-11T23:08:44.784,2026-07-11T18:08:44.784,tutorial,C:\Users\eastr\AppData\Local\SUPERVIVE\Saved\Crashes\UECC-Windows-DC4A30AB45E2DCF9010F6BB1820B64C6_0000,1,ok,Attended,74A95066484BED08315EFFA0BA42F841,3,86712,false,false,false,false,0,true,61856,0,0,Unhandled Exception: EXCEPTION_ACCESS_VIOLATION reading address 0x0000000000000000,EXCEPTION_ACCESS_VIOLATION,0x0000000000000000,,,5.4.3-0+UE5,UE5-CL-0,Shipping,Game,SUPERVIVE-Win64-Shipping,UE-Loki,Win64 [Windows 10 (22H2) [10.0.19045.7417]  64b],G:/git/GAME BACKUPS FOR REVERSE ENGINEERING/SUPERVIVE/Loki/Binaries/Win64/,59F469C3478E646FCCEBD5AF455483B1,59f469c3478e646fccebd5af455483b1,215f7d50a3644f0480b74790eb09ea82,CommandLineRemoved,639194081247840000,2026-07-11T18:08:44.897,-0.114,74C7442120C5A2FD72C0BE68B3A66C7884209DC7,31,25,0x7FF6B54F0000,1345ff8 37fefe3 feca12 1225fd6 13453a5 341721b 36a1aa3 36a1bdc 36a412b 36a339a 35aa803 3ed1a7f 3ed8642 f96a8e f9ce6a 3eeedd4 3ef3e65 39c76c6 37f8b8c 4028924 403005f 40300da 4030f6c 4039696 751ef62,1345ff8 37fefe3 feca12,SUPERVIVE-Win64-Shipping,0x7FF6B6835FF8,"SUPERVIVE_Win64_Shipping
SUPERVIVE_Win64_Shipping",SUPERVIVE_Win64_Shipping;SUPERVIVE_Win64_Shipping,1,0,54,61856,GameThread,61856,AudioMixerNullCallbackThread;AudioMixerRenderThread(1);Background Worker #10;Background Worker #11;Background Worker #12;Background Worker #13;Background Worker #2;Background Worker #3;Background Worker #4;Background Worker #5;Background Worker #6;Background Worker #7;Background Worker #8;Background Worker #9;BackgroundThreadPool #0;BackgroundThreadPool #1;Client Analytics Event Thread;Electra::ExecAsync;FAsyncLoadingThread;FAsyncPurge;FAsyncWriter_Loki;FHeartBeatThread;FMediaTicker;FMessageBus.DefaultBus.Router;Foreground Worker #0;Foreground Worker #1;GameThread;HttpManagerThread;IOThreadPool #0;IOThreadPool #1;IOThreadPool #2;IOThreadPool #3;IoDispatcher;IoService;LibwebsocketsThread;OnlineAsyncTaskThreadNull DefaultInstance(1);OnlineAsyncTaskThreadSteam DefaultInstance;OutputDeviceRedirector;PSOPrecompilePool #0;PSOPrecompilePool #1;PSOPrecompilePool #2;PSOPrecompilePool #3;PSOPrecompilePool #4;PSOPrecompilePool #5;PSOPrecompilePool #6;PSOPrecompilePool #7;PSOPrecompilePool #8;PSOP...[truncated; full text in the JSON],21,0,D3D12Core.dll;GFSDK_Aftermath_Lib.x64.dll;GfnRuntimeSdk.dll;OpenColorIO_2_3.dll;SUPERVIVE-Win64-Shipping.exe;chrome_elf.dll;d3dcompiler_47.dll;dbghelp.dll;discord_partner_sdk.dll;libEGL.dll;libGLESv2.dll;libcef.dll;libogg_64.dll;libvorbis_64.dll;libvorbisfile_64.dll;preloader.dll;runtime.dll;steam_api64.dll;xaudio2_9redist.dll,0,0,0,51481124864,0,0,0,8,AMD Ryzen 7 3800XT 8-Core Processor,NVIDIA GeForce RTX 4090,D3D12,NVIDIA GeForce RTX 4090,,,true,release2.4.live-156430-shipping,156430,None,1,13930823,217,ok,ok,CrashContext.runtime-xml;CrashReportClient.ini;Loki.log;UEMinidump.dmp,4,0,,1,Loki.log,48737504,341203,2026.07.11-22.57.43:738,2026.07.11-23.08.43:547,659.809,3,/Game/Loki/Maps/Tutorial/LVL_Tutorial,/Game/Loki/Maps/LVL_Login;/Game/Loki/Maps/LobbyV2/LVL_LobbyV2_Persistent;/Game/Loki/Maps/Tutorial/LVL_Tutorial,0,0,0,0,705,338060,2,0,0,0,0,0,0,0,0,0,0,,,,,,,,,,,,,,,,,,,,,,,,,,
uecc,crash,UECC-Windows-DE11FBBB430F8DFBB6B882814B05F397_0000,UECC-Windows-DE11FBBB430F8DFBB6B882814B05F397_0000,,,,,,Assert,834,2026-07-11T02:32:22.894,2026-07-10T21:32:22.894,tutorial-attempted,C:\Users\eastr\AppData\Local\SUPERVIVE\Saved\Crashes\UECC-Windows-DE11FBBB430F8DFBB6B882814B05F397_0000,1,ok,Attended,8DB45E0E4F125DC21CDA438E4384404C,3,80792,false,false,true,false,0,,,0,0,Fatal error: [File:C:\TheoryCraft\build-staging\Engine\Source\Runtime\Engine\Private\UnrealEngine.cpp] [Line: 15551] Couldn't spawn player: ALokiGameMode::Login failed to Login,,,UnrealEngine.cpp,15551,5.4.3-0+UE5,UE5-CL-0,Shipping,Game,SUPERVIVE-Win64-Shipping,UE-Loki,Win64 [Windows 10 (22H2) [10.0.19045.7417]  64b],G:/git/GAME BACKUPS FOR REVERSE ENGINEERING/SUPERVIVE/Loki/Binaries/Win64/,59F469C3478E646FCCEBD5AF455483B1,59f469c3478e646fccebd5af455483b1,215f7d50a3644f0480b74790eb09ea82,CommandLineRemoved,639193339428940000,2026-07-10T21:32:22.989,-0.096,D5ABA8A5577B609F8D98EADFA8C5BA62E267B0EE,11,10,0x7FF6B54F0000,3ee9cf5 3ec5faf 3efb466 37f8b73 4028924 403005f 40300da 4030f6c 4039696 751ef62,3ee9cf5 3ec5faf 3efb466,SUPERVIVE-Win64-Shipping,0x7FF6B93D9CF5,,,0,0,54,79640,GameThread,79640,AudioMixerNullCallbackThread;AudioMixerRenderThread(1);Background Worker #10;Background Worker #11;Background Worker #12;Background Worker #13;Background Worker #2;Background Worker #3;Background Worker #4;Background Worker #5;Background Worker #6;Background Worker #7;Background Worker #8;Background Worker #9;BackgroundThreadPool #0;BackgroundThreadPool #1;Client Analytics Event Thread;Electra::ExecAsync;FAsyncLoadingThread;FAsyncPurge;FAsyncWriter_Loki;FHeartBeatThread;FMediaTicker;FMessageBus.DefaultBus.Router;Foreground Worker #0;Foreground Worker #1;GameThread;HttpManagerThread;IOThreadPool #0;IOThreadPool #1;IOThreadPool #2;IOThreadPool #3;IoDispatcher;IoService;LibwebsocketsThread;OnlineAsyncTaskThreadNull DefaultInstance(1);OnlineAsyncTaskThreadSteam DefaultInstance;OutputDeviceRedirector;PSOPrecompilePool #0;PSOPrecompilePool #1;PSOPrecompilePool #2;PSOPrecompilePool #3;PSOPrecompilePool #4;PSOPrecompilePool #5;PSOPrecompilePool #6;PSOPrecompilePool #7;PSOPrecompilePool #8;PSOP...[truncated; full text in the JSON],21,0,D3D12Core.dll;GFSDK_Aftermath_Lib.x64.dll;GfnRuntimeSdk.dll;OpenColorIO_2_3.dll;SUPERVIVE-Win64-Shipping.exe;chrome_elf.dll;d3dcompiler_47.dll;dbghelp.dll;discord_partner_sdk.dll;libEGL.dll;libGLESv2.dll;libcef.dll;libogg_64.dll;libvorbis_64.dll;libvorbisfile_64.dll;preloader.dll;runtime.dll;steam_api64.dll;xaudio2_9redist.dll,2041683968,28385419264,8632360960,51481124864,7910625280,0,0,8,AMD Ryzen 7 3800XT 8-Core Processor,NVIDIA GeForce RTX 4090,D3D12,NVIDIA GeForce RTX 4090,,,false,release2.4.live-156430-shipping,156430,None,1,13868920,217,ok,ok,CrashContext.runtime-xml;CrashReportClient.ini;Loki.log;UEMinidump.dmp,4,0,,1,Loki.log,544346,3060,2026.07.11-02.18.26:323,2026.07.11-02.32.21:708,835.385,2,/Game/Loki/Maps/LobbyV2/LVL_LobbyV2_Persistent,/Game/Loki/Maps/LVL_Login;/Game/Loki/Maps/LobbyV2/LVL_LobbyV2_Persistent,0,0,1,1,11,0,2,0,0,0,0,0,0,0,0,0,0,,,,,,,,,,,,,,,,,,,,,,,,,,
uecc,crash,UECC-Windows-DE62E243476030767E1AF5B1F8660B20_0000,UECC-Windows-DE62E243476030767E1AF5B1F8660B20_0000,,,,,,Crash,663,2026-06-27T20:48:57.046,2026-06-27T15:48:57.046,menu-lobby,C:\Users\eastr\AppData\Local\SUPERVIVE\Saved\Crashes\UECC-Windows-DE62E243476030767E1AF5B1F8660B20_0000,1,ok,Attended,0A655E4A4560B4D3487118861C4741B6,3,41100,false,false,false,true,0,,,0,0,Unhandled Exception: EXCEPTION_ACCESS_VIOLATION reading address 0x0000000000000000,EXCEPTION_ACCESS_VIOLATION,0x0000000000000000,,,5.4.3-0+UE5,UE5-CL-0,Shipping,Game,SUPERVIVE-Win64-Shipping,UE-Loki,Win64 [Windows 10 (22H2) [10.0.19045.7417]  64b],G:/git/GAME BACKUPS FOR REVERSE ENGINEERING/SUPERVIVE/Loki/Binaries/Win64/,59F469C3478E646FCCEBD5AF455483B1,59f469c3478e646fccebd5af455483b1,215f7d50a3644f0480b74790eb09ea82,CommandLineRemoved,639181901370460000,2026-06-27T15:48:57.133,-0.088,50A9FDF3493981BD1B7491EC5AB982F055D624AE,21,20,0x7FF73DBF0000,107d500 122642f 12204d5 1205748 511fe12 511fc0f 511f6bb 511faa0 510b257 51011de 5100518 352a0d2 108834d 106c57f f8b2be f9d9bc f87040 100c334 115ed67 115c4b1,107d500 122642f 12204d5,SUPERVIVE-Win64-Shipping,0x7FF73EC6D500,"SUPERVIVE_Win64_Shipping
SUPERVIVE_Win64_Shipping",SUPERVIVE_Win64_Shipping;SUPERVIVE_Win64_Shipping,1,0,54,37708,Foreground Worker #1,61968,@;Background Worker #10;Background Worker #11;Background Worker #12;Background Worker #13;Background Worker #2;Background Worker #3;Background Worker #4;Background Worker #5;Background Worker #6;Background Worker #7;Background Worker #8;Background Worker #9;BackgroundThreadPool #0;BackgroundThreadPool #1;Electra::ExecAsync;FAsyncWriter_Loki;FHeartBeatThread;FMediaTicker;Foreground Worker #0;Foreground Worker #1;GameThread;HttpManagerThread;OnlineAsyncTaskThreadNull DefaultInstance(1);OnlineAsyncTaskThreadSteam DefaultInstance;OutputDeviceRedirector;PSOPrecompilePool #0;PSOPrecompilePool #1;PSOPrecompilePool #2;PSOPrecompilePool #3;PSOPrecompilePool #4;PSOPrecompilePool #5;PSOPrecompilePool #6;PSOPrecompilePool #7;PSOPrecompilePool #8;PSOPrecompilePool #9;RHIInterruptThread;RHISubmissionThread;RHIThread,16,0,D3D12Core.dll;GFSDK_Aftermath_Lib.x64.dll;OpenColorIO_2_3.dll;SUPERVIVE-Win64-Shipping.exe;chrome_elf.dll;dbghelp.dll;discord_partner_sdk.dll;libcef.dll;libogg_64.dll;libvorbis_64.dll;libvorbisfile_64.dll;preloader.dll;runtime.dll;steam_api64.dll;xaudio2_9redist.dll,0,0,0,51481124864,0,0,0,8,AMD Ryzen 7 3800XT 8-Core Processor,NVIDIA GeForce RTX 4090,D3D12,NVIDIA GeForce RTX 4090,,,true,release2.4.live-156430-shipping,156430,,1,13595187,210,ok,ok,CrashContext.runtime-xml;CrashReportClient.ini;Loki.log;UEMinidump.dmp,4,0,,1,Loki.log,472256,2817,2026.06.27-20.37.51:330,2026.06.27-20.48.55:953,664.623,2,/Game/Loki/Maps/LobbyV2/LVL_LobbyV2_Persistent,/Game/Loki/Maps/LVL_Login;/Game/Loki/Maps/LobbyV2/LVL_LobbyV2_Persistent,0,0,0,0,0,0,0,0,0,0,0,0,0,0,0,0,0,,,,,,,,,,,,,,,,,,,,,,,,,,
uecc,crash,UECC-Windows-E7323D144A436F0CFA24068659F9B0EA_0000,UECC-Windows-E7323D144A436F0CFA24068659F9B0EA_0000,,,,,,Crash,677,2026-07-12T06:46:01.538,2026-07-12T01:46:01.538,tutorial,C:\Users\eastr\AppData\Local\SUPERVIVE\Saved\Crashes\UECC-Windows-E7323D144A436F0CFA24068659F9B0EA_0000,1,ok,Attended,B33C12C041700E93D178D58A96C49C83,3,57360,false,false,false,false,0,,,0,0,Unhandled Exception: EXCEPTION_ACCESS_VIOLATION reading address 0x0000000000000000,EXCEPTION_ACCESS_VIOLATION,0x0000000000000000,,,5.4.3-0+UE5,UE5-CL-0,Shipping,Game,SUPERVIVE-Win64-Shipping,UE-Loki,Win64 [Windows 10 (22H2) [10.0.19045.7417]  64b],G:/git/GAME BACKUPS FOR REVERSE ENGINEERING/SUPERVIVE/Loki/Binaries/Win64/,59F469C3478E646FCCEBD5AF455483B1,59f469c3478e646fccebd5af455483b1,215f7d50a3644f0480b74790eb09ea82,CommandLineRemoved,639194355615380000,2026-07-12T01:46:01.639,-0.102,62CFEE1A30095B493D1FC8D3E4A06078FC39D614,33,27,0x7FF6B54F0000,560f8ae 5609210 560127c 5457270 feca12 1225fd6 13453a5 341721b 36a1aa3 36a1bdc 36a412b 36a339a 35aa803 3ed1a7f 3ed8642 f96a8e f9ce6a 3eeedd4 3ef3e65 39c76c6 37f8b8c 4028924 403005f 40300da 4030f6c 4039696 751ef62,560f8ae 5609210 560127c,SUPERVIVE-Win64-Shipping,0x7FF6BAAFF8AE,SUPERVIVE_Win64_Shipping,SUPERVIVE_Win64_Shipping,1,0,54,90260,GameThread,90260,AudioMixerNullCallbackThread;AudioMixerRenderThread(1);Background Worker #10;Background Worker #11;Background Worker #12;Background Worker #13;Background Worker #2;Background Worker #3;Background Worker #4;Background Worker #5;Background Worker #6;Background Worker #7;Background Worker #8;Background Worker #9;BackgroundThreadPool #0;BackgroundThreadPool #1;Client Analytics Event Thread;Electra::ExecAsync;FAsyncLoadingThread;FAsyncPurge;FAsyncWriter_Loki;FHeartBeatThread;FMediaTicker;FMessageBus.DefaultBus.Router;Foreground Worker #0;Foreground Worker #1;GameThread;HttpManagerThread;IOThreadPool #0;IOThreadPool #1;IOThreadPool #2;IOThreadPool #3;IoDispatcher;IoService;LibwebsocketsThread;OnlineAsyncTaskThreadNull DefaultInstance(1);OnlineAsyncTaskThreadSteam DefaultInstance;OutputDeviceRedirector;PSOPrecompilePool #0;PSOPrecompilePool #1;PSOPrecompilePool #2;PSOPrecompilePool #3;PSOPrecompilePool #4;PSOPrecompilePool #5;PSOPrecompilePool #6;PSOPrecompilePool #7;PSOPrecompilePool #8;PSOP...[truncated; full text in the JSON],21,0,D3D12Core.dll;GFSDK_Aftermath_Lib.x64.dll;GfnRuntimeSdk.dll;OpenColorIO_2_3.dll;SUPERVIVE-Win64-Shipping.exe;chrome_elf.dll;d3dcompiler_47.dll;dbghelp.dll;discord_partner_sdk.dll;libEGL.dll;libGLESv2.dll;libcef.dll;libogg_64.dll;libvorbis_64.dll;libvorbisfile_64.dll;preloader.dll;runtime.dll;steam_api64.dll;xaudio2_9redist.dll,0,0,0,51481124864,0,0,0,8,AMD Ryzen 7 3800XT 8-Core Processor,NVIDIA GeForce RTX 4090,D3D12,NVIDIA GeForce RTX 4090,,,true,release2.4.live-156430-shipping,156430,None,1,13864243,217,ok,ok,CrashContext.runtime-xml;CrashReportClient.ini;Loki.log;UEMinidump.dmp,4,0,,1,Loki.log,8483733,59564,2026.07.12-06.34.42:316,2026.07.12-06.46.00:194,677.878,3,/Game/Loki/Maps/Tutorial/LVL_Tutorial,/Game/Loki/Maps/LVL_Login;/Game/Loki/Maps/LobbyV2/LVL_LobbyV2_Persistent;/Game/Loki/Maps/Tutorial/LVL_Tutorial,0,0,0,0,704,56688,2,0,0,0,0,0,0,0,0,0,0,,,,,,,,,,,,,,,,,,,,,,,,,,
uecc,crash,UECC-Windows-E754B50E414F64FE7D876E9723E69CA3_0000,UECC-Windows-E754B50E414F64FE7D876E9723E69CA3_0000,,,,,,Crash,21,2026-06-30T20:24:33.530,2026-06-30T15:24:33.530,menu-login,C:\Users\eastr\AppData\Local\SUPERVIVE\Saved\Crashes\UECC-Windows-E754B50E414F64FE7D876E9723E69CA3_0000,1,ok,Attended,08533F514BD1751A2491ABA0CFA4CAFA,3,55800,false,false,false,false,0,,,0,0,Unhandled Exception: EXCEPTION_ACCESS_VIOLATION reading address 0x0000000000000020,EXCEPTION_ACCESS_VIOLATION,0x0000000000000020,,,5.4.3-0+UE5,UE5-CL-0,Shipping,Game,SUPERVIVE-Win64-Shipping,UE-Loki,Win64 [Windows 10 (22H2) [10.0.19045.7417]  64b],G:/git/GAME BACKUPS FOR REVERSE ENGINEERING/SUPERVIVE/Loki/Binaries/Win64/,59F469C3478E646FCCEBD5AF455483B1,59f469c3478e646fccebd5af455483b1,215f7d50a3644f0480b74790eb09ea82,CommandLineRemoved,639184478735300000,2026-06-30T15:24:33.622,-0.092,5718508A3535E4995C9782072A911BB59DADACBA,8,7,0x7FF682A80000,fa2d31 fb1fe6 17826c5 1783780 178747f 115ed67 115c4b1,fa2d31 fb1fe6 17826c5,SUPERVIVE-Win64-Shipping,0x7FF683A22D31,SUPERVIVE_Win64_Shipping,SUPERVIVE_Win64_Shipping,1,0,54,17584,HttpManagerThread,40632,AudioMixerNullCallbackThread;AudioMixerRenderThread(1);Background Worker #10;Background Worker #11;Background Worker #12;Background Worker #13;Background Worker #2;Background Worker #3;Background Worker #4;Background Worker #5;Background Worker #6;Background Worker #7;Background Worker #8;Background Worker #9;BackgroundThreadPool #0;BackgroundThreadPool #1;Client Analytics Event Thread;Electra::ExecAsync;FAsyncLoadingThread;FAsyncPurge;FAsyncWriter_Loki;FHeartBeatThread;FMediaTicker;FMessageBus.DefaultBus.Router;Foreground Worker #0;Foreground Worker #1;GameThread;HttpManagerThread;IOThreadPool #0;IOThreadPool #1;IOThreadPool #2;IOThreadPool #3;IoDispatcher;IoService;LibwebsocketsThread;OnlineAsyncTaskThreadNull DefaultInstance(1);OnlineAsyncTaskThreadSteam DefaultInstance;OutputDeviceRedirector;PSOPrecompilePool #0;PSOPrecompilePool #1;PSOPrecompilePool #2;PSOPrecompilePool #3;PSOPrecompilePool #4;PSOPrecompilePool #5;PSOPrecompilePool #6;PSOPrecompilePool #7;PSOPrecompilePool #8;PSOP...[truncated; full text in the JSON],21,0,D3D12Core.dll;GFSDK_Aftermath_Lib.x64.dll;GfnRuntimeSdk.dll;OpenColorIO_2_3.dll;SUPERVIVE-Win64-Shipping.exe;chrome_elf.dll;d3dcompiler_47.dll;dbghelp.dll;discord_partner_sdk.dll;libEGL.dll;libGLESv2.dll;libcef.dll;libogg_64.dll;libvorbis_64.dll;libvorbisfile_64.dll;preloader.dll;runtime.dll;steam_api64.dll;xaudio2_9redist.dll,0,0,0,51481124864,0,0,0,8,AMD Ryzen 7 3800XT 8-Core Processor,NVIDIA GeForce RTX 4090,D3D12,NVIDIA GeForce RTX 4090,Generic,0,true,release2.4.live-156430-shipping,156430,None,1,13763734,217,ok,ok,CrashContext.runtime-xml;CrashReportClient.ini;Loki.log;UEMinidump.dmp,4,0,,1,Loki.log,244731,1873,2026.06.30-20.24.11:410,2026.06.30-20.24.32:333,20.923,1,/Game/Loki/Maps/LVL_Login,/Game/Loki/Maps/LVL_Login,0,0,0,0,0,0,0,0,0,0,0,0,0,0,0,0,0,,,,,,,,,,,,,,,,,,,,,,,,,,
uecc,crash,UECC-Windows-E88547884A587C7449A41B941DC9F017_0000,UECC-Windows-E88547884A587C7449A41B941DC9F017_0000,,,,,,Crash,45,2026-06-30T21:57:38.386,2026-06-30T16:57:38.386,menu-login,C:\Users\eastr\AppData\Local\SUPERVIVE\Saved\Crashes\UECC-Windows-E88547884A587C7449A41B941DC9F017_0000,1,ok,Attended,9D75144D4029403570D011A29D52E6CA,3,16824,false,false,false,false,0,,,0,0,Unhandled Exception: EXCEPTION_ACCESS_VIOLATION writing address 0x00007ff683a75318,EXCEPTION_ACCESS_VIOLATION,0x00007ff683a75318,,,5.4.3-0+UE5,UE5-CL-0,Shipping,Game,SUPERVIVE-Win64-Shipping,UE-Loki,Win64 [Windows 10 (22H2) [10.0.19045.7417]  64b],G:/git/GAME BACKUPS FOR REVERSE ENGINEERING/SUPERVIVE/Loki/Binaries/Win64/,59F469C3478E646FCCEBD5AF455483B1,59f469c3478e646fccebd5af455483b1,215f7d50a3644f0480b74790eb09ea82,CommandLineRemoved,639184534583860000,2026-06-30T16:57:38.472,-0.087,53A52CCD661AC0D0DD2D7AD090C47FB6A2A9045D,99,99,0x7FF682A80000,16767a3 174cd22 171b724 174c7c4 171c28e 14f3a7a 1500f51 1500dd1 1500f19 1503e55 16ec840 1500ee5 1500dd1 1500f19 1500dd1 1500f19 1500dd1 1500f19 1500dd1 1500f19 1500dd1 1500f19 1500dd1 1500f19 1500dd1 1500f19 1500dd1 1500f19 1500dd1 1500f19 1500dd1 1500f19 1500dd1 1500f19 1500dd1 1500f19 1500dd1 1500f19 1500dd1 1500f19 1500dd1 1500f19 1500dd1 1500f19 1500dd1 1500f19 1500dd1 1500f19 1500dd1 1500f19 1500dd1 1500f19 1500dd1 1500f19 1500dd1 1500f19 1500dd1 1500f19 1500dd1 1500f19 1503e55 16ec840 1500ee5 1500dd1 1500f19 1500dd1 1500f19 1500dd1 1500f19 1500dd1 1500f19 1500dd1 1500f19 1500dd1 1500f19 1500dd1 1500f19 1500dd1 1500f19 1500dc1 1500f19 1500dd1 1500f19 1500dd1 1500f19 1500dd1 1500f19 1500dd1 1500f19 1500dd1 1500f19 1503e55 15b1170 15a10ec 15b1625 15c2262 15c2066 4028d08 403005f,16767a3 174cd22 171b724,SUPERVIVE-Win64-Shipping,0x7FF6840F67A3,"SUPERVIVE_Win64_Shipping
runtime",SUPERVIVE_Win64_Shipping;runtime,1,1,54,33644,GameThread,33644,AudioMixerNullCallbackThread;AudioMixerRenderThread(1);Background Worker #10;Background Worker #11;Background Worker #12;Background Worker #13;Background Worker #2;Background Worker #3;Background Worker #4;Background Worker #5;Background Worker #6;Background Worker #7;Background Worker #8;Background Worker #9;BackgroundThreadPool #0;BackgroundThreadPool #1;Client Analytics Event Thread;Electra::ExecAsync;FAsyncLoadingThread;FAsyncPurge;FAsyncWriter_Loki;FHeartBeatThread;FMediaTicker;FMessageBus.DefaultBus.Router;Foreground Worker #0;Foreground Worker #1;GameThread;HttpManagerThread;IOThreadPool #0;IOThreadPool #1;IOThreadPool #2;IOThreadPool #3;IoDispatcher;IoService;LibwebsocketsThread;OnlineAsyncTaskThreadNull DefaultInstance(1);OnlineAsyncTaskThreadSteam DefaultInstance;OutputDeviceRedirector;PSOPrecompilePool #0;PSOPrecompilePool #1;PSOPrecompilePool #2;PSOPrecompilePool #3;PSOPrecompilePool #4;PSOPrecompilePool #5;PSOPrecompilePool #6;PSOPrecompilePool #7;PSOPrecompilePool #8;PSOP...[truncated; full text in the JSON],21,0,D3D12Core.dll;GFSDK_Aftermath_Lib.x64.dll;GfnRuntimeSdk.dll;OpenColorIO_2_3.dll;SUPERVIVE-Win64-Shipping.exe;chrome_elf.dll;d3dcompiler_47.dll;dbghelp.dll;discord_partner_sdk.dll;libEGL.dll;libGLESv2.dll;libcef.dll;libogg_64.dll;libvorbis_64.dll;libvorbisfile_64.dll;preloader.dll;runtime.dll;steam_api64.dll;xaudio2_9redist.dll,0,0,0,51481124864,0,0,0,8,AMD Ryzen 7 3800XT 8-Core Processor,NVIDIA GeForce RTX 4090,D3D12,NVIDIA GeForce RTX 4090,,0,,release2.4.live-156430-shipping,156430,None,1,13758699,217,ok,ok,CrashContext.runtime-xml;CrashReportClient.ini;Loki.log;UEMinidump.dmp,4,0,,1,Loki.log,259276,1886,2026.06.30-21.56.52:652,2026.06.30-21.57.37:308,44.656,1,/Game/Loki/Maps/LVL_Login,/Game/Loki/Maps/LVL_Login,0,0,0,0,0,0,0,0,0,0,0,0,0,0,0,0,0,,,,,,,,,,,,,,,,,,,,,,,,,,
uecc,degenerate,UECC-Windows-EBFECFE74D1F5009F2BE7BB40A163C79_0000,UECC-Windows-EBFECFE74D1F5009F2BE7BB40A163C79_0000,,,,,,Crash,0,,,,C:\Users\eastr\AppData\Local\SUPERVIVE\Saved\Crashes\UECC-Windows-EBFECFE74D1F5009F2BE7BB40A163C79_0000,1,ok,Attended,35CB1BA1428927D46DA2B489AC183831,3,98624,false,false,false,false,0,,,0,0,Unhandled Exception: EXCEPTION_ACCESS_VIOLATION reading address 0x0000020ac365b000,EXCEPTION_ACCESS_VIOLATION,0x0000020ac365b000,,,5.4.3-0+UE5,UE5-CL-0,Shipping,Game,SUPERVIVE-Win64-Shipping,UE-Loki,WindowsClient,G:/git/GAME BACKUPS FOR REVERSE ENGINEERING/SUPERVIVE/Loki/Binaries/Win64/,59F469C3478E646FCCEBD5AF455483B1,59f469c3478e646fccebd5af455483b1,215f7d50a3644f0480b74790eb09ea82,-ini:Engine:[/Script/AccelByteUe4Sdk.AccelByteSettings]:BaseUrl=http://localhost:8080 -ini:Engine:[/Script/AccelByteUe4Sdk.AccelByteSettings]:IamServerUrl=http://localhost:8080/iam -ini:Engine:[/Script/AccelByteUe4Sdk.AccelByteSettings]:PlatformServerUrl=http://localhost:8080/platform -ini:Engine:[/Script/AccelByteUe4Sdk.AccelByteSettings]:BasicServerUrl=http://localhost:8080/basic -ini:Engine:[/Script/AccelByteUe4Sdk.AccelByteSettings]:LobbyServerUrl=ws://localhost:8080/lobby/ -ini:Engine:[/Script/Loki.LokiGameProjectSettings]:ProdPostAuthURL=http://localhost:8080 -ini:Engine:[/Script/Loki.LokiGameProjectSettings]:ProdClientConfigURL=http://localhost:8080 -ini:Game:[/Script/Loki.LokiGameProjectSettings]:ProdPostAuthURL=http://localhost:8080 -ini:Game:[/Script/Loki.LokiGameProjectSettings]:ProdClientConfigURL=http://localhost:8080 -log,,2026-07-10T16:28:43.578,,DA39A3EE5E6B4B0D3255BFEF95601890AFD80709,2,0,,,,mdnsNSP,0x20A9632205D,,,0,0,43,,,87880,Background Worker #10;Background Worker #11;Background Worker #12;Background Worker #13;Background Worker #2;Background Worker #3;Background Worker #4;Background Worker #5;Background Worker #6;Background Worker #7;Background Worker #8;Background Worker #9;BackgroundThreadPool #0;BackgroundThreadPool #1;FAsyncWriter_Loki;FChunkCacheWorker;FHeartBeatThread;FMediaTicker;Foreground Worker #0;Foreground Worker #1;GameThread;HttpManagerThread;IOThreadPool #0;IOThreadPool #1;IOThreadPool #2;IOThreadPool #3;OnlineAsyncTaskThreadNull DefaultInstance(1);OutputDeviceRedirector,0,0,,0,0,0,51481124864,0,0,0,8,AMD Ryzen 7 3800XT 8-Core Processor,NVIDIA GeForce RTX 4090,,,,,,,,,1,0,,zero-byte,os-only,CrashContext.runtime-xml;CrashReportClient.ini;UEMinidump.dmp,3,0,,0,,,,,,,,,,,,,,,,,,,,,,,,,,,,,,,,,,,,,,,,,,,,,,,,,,,,
uecc,crash,UECC-Windows-ED23376540E7F45D2D20DBB6F88A07C0_0000,UECC-Windows-ED23376540E7F45D2D20DBB6F88A07C0_0000,,,,,,Assert,14,2026-06-30T02:15:53.678,2026-06-29T21:15:53.678,menu-login,C:\Users\eastr\AppData\Local\SUPERVIVE\Saved\Crashes\UECC-Windows-ED23376540E7F45D2D20DBB6F88A07C0_0000,1,ok,Attended,553D71D04764E94A24724693C3EE940F,3,52260,false,false,true,false,0,,,0,0,Fatal error: [File:C:\TheoryCraft\build-staging\Engine\Source\Runtime\Core\Private\HAL\MallocBinned2.cpp] [Line: 1322] FMallocBinned2 Attempt to realloc an unrecognized block 000002B775360000 canary == 0x0 != 0xe3,,,MallocBinned2.cpp,1322,5.4.3-0+UE5,UE5-CL-0,Shipping,Game,SUPERVIVE-Win64-Shipping,UE-Loki,Win64 [Windows 10 (22H2) [10.0.19045.7417]  64b],G:/git/GAME BACKUPS FOR REVERSE ENGINEERING/SUPERVIVE/Loki/Binaries/Win64/,59F469C3478E646FCCEBD5AF455483B1,59f469c3478e646fccebd5af455483b1,215f7d50a3644f0480b74790eb09ea82,CommandLineRemoved,639183825536780000,2026-06-29T21:15:53.768,-0.09,B3106F52D687D419AAB80614FAFCD3A3444E67FB,13,12,0x7FF682A80000,fe0148 ff933e 32bcbee 3ec6312 3efb466 37f8b73 4028924 403005f 40300da 4030f6c 4039696 751ef62,fe0148 ff933e 32bcbee,SUPERVIVE-Win64-Shipping,0x7FF683A60148,,,0,0,56,36480,GameThread,36480,AudioMixerNullCallbackThread;AudioMixerRenderThread(1);Background Worker #10;Background Worker #11;Background Worker #12;Background Worker #13;Background Worker #2;Background Worker #3;Background Worker #4;Background Worker #5;Background Worker #6;Background Worker #7;Background Worker #8;Background Worker #9;BackgroundThreadPool #0;BackgroundThreadPool #1;Client Analytics Event Thread;Electra::ExecAsync;FAsyncLoadingThread;FAsyncPurge;FAsyncWriter_Loki;FChunkCacheWorker;FHeartBeatThread;FMediaTicker;FMessageBus.DefaultBus.Router;Foreground Worker #0;Foreground Worker #1;GameThread;HttpManagerThread;IOThreadPool #0;IOThreadPool #1;IOThreadPool #2;IOThreadPool #3;IoDispatcher;IoService;LibwebsocketsThread;OnlineAsyncTaskThreadNull DefaultInstance(1);OnlineAsyncTaskThreadSteam DefaultInstance;OutputDeviceRedirector;PSOPrecompilePool #0;PSOPrecompilePool #1;PSOPrecompilePool #2;PSOPrecompilePool #3;PSOPrecompilePool #4;PSOPrecompilePool #5;PSOPrecompilePool #6;PSOPrecompilePool #7;PSOPrec...[truncated; full text in the JSON],21,0,D3D12Core.dll;GFSDK_Aftermath_Lib.x64.dll;GfnRuntimeSdk.dll;OpenColorIO_2_3.dll;SUPERVIVE-Win64-Shipping.exe;chrome_elf.dll;d3dcompiler_47.dll;dbghelp.dll;discord_partner_sdk.dll;libEGL.dll;libGLESv2.dll;libcef.dll;libogg_64.dll;libvorbis_64.dll;libvorbisfile_64.dll;preloader.dll;runtime.dll;steam_api64.dll;xaudio2_9redist.dll,4280193024,22929399808,4280197120,51481124864,4347191296,0,0,8,AMD Ryzen 7 3800XT 8-Core Processor,NVIDIA GeForce RTX 4090,D3D12,NVIDIA GeForce RTX 4090,Generic,0,,release2.4.live-156430-shipping,156430,None,1,13741830,217,ok,ok,CrashContext.runtime-xml;CrashReportClient.ini;Loki.log;UEMinidump.dmp,4,0,,1,Loki.log,215097,1749,2026.06.30-02.15.38:242,2026.06.30-02.15.52:567,14.325,1,/Game/Loki/Maps/LVL_Login,/Game/Loki/Maps/LVL_Login,0,0,1,1,0,0,0,0,0,0,0,0,0,0,0,0,0,,,,,,,,,,,,,,,,,,,,,,,,,,
uecc,crash,UECC-Windows-EE95146A4D0F6CACEF54F3B8FD6A3F17_0000,UECC-Windows-EE95146A4D0F6CACEF54F3B8FD6A3F17_0000,,,,,,Crash,195,2026-07-26T09:09:27.351,2026-07-26T04:09:27.351,tutorial,C:\Users\eastr\AppData\Local\SUPERVIVE\Saved\Crashes\UECC-Windows-EE95146A4D0F6CACEF54F3B8FD6A3F17_0000,1,ok,Attended,213FB0314E6C568082A686A1F3E016FE,3,32264,false,false,false,false,0,,,0,0,Unhandled Exception: EXCEPTION_ACCESS_VIOLATION 0x00000245775fb200,EXCEPTION_ACCESS_VIOLATION,0x00000245775fb200,,,5.4.3-0+UE5,UE5-CL-0,Shipping,Game,SUPERVIVE-Win64-Shipping,UE-Loki,Win64 [Windows 10 (22H2) [10.0.19045.7548]  64b],G:/git/GAME BACKUPS FOR REVERSE ENGINEERING/SUPERVIVE/Loki/Binaries/Win64/,59F469C3478E646FCCEBD5AF455483B1,59f469c3478e646fccebd5af455483b1,215f7d50a3644f0480b74790eb09ea82,CommandLineRemoved,639206537673510000,2026-07-26T04:09:27.446,-0.096,F83BC9D244687845FA4E88A0600BDB26C9F7F689,15,13,0x7FF6E7D30000,3495973 3405f13 3691a72 3691704 367b462 f84697 f873b3 f8b2be f9d9bc f87040 100c334 115ed67 115c4b1,3495973 3405f13 3691a72,mdnsNSP,0x245775FB200,SUPERVIVE_Win64_Shipping,SUPERVIVE_Win64_Shipping,1,0,54,39324,Foreground Worker #1,42752,AudioMixerNullCallbackThread;AudioMixerRenderThread(1);Background Worker #10;Background Worker #11;Background Worker #12;Background Worker #13;Background Worker #2;Background Worker #3;Background Worker #4;Background Worker #5;Background Worker #6;Background Worker #7;Background Worker #8;Background Worker #9;BackgroundThreadPool #0;BackgroundThreadPool #1;Client Analytics Event Thread;Electra::ExecAsync;FAsyncLoadingThread;FAsyncPurge;FAsyncWriter_Loki;FHeartBeatThread;FMediaTicker;FMessageBus.DefaultBus.Router;Foreground Worker #0;Foreground Worker #1;GameThread;HttpManagerThread;IOThreadPool #0;IOThreadPool #1;IOThreadPool #2;IOThreadPool #3;IoDispatcher;IoService;LibwebsocketsThread;OnlineAsyncTaskThreadNull DefaultInstance(1);OnlineAsyncTaskThreadSteam DefaultInstance;OutputDeviceRedirector;PSOPrecompilePool #0;PSOPrecompilePool #1;PSOPrecompilePool #2;PSOPrecompilePool #3;PSOPrecompilePool #4;PSOPrecompilePool #5;PSOPrecompilePool #6;PSOPrecompilePool #7;PSOPrecompilePool #8;PSOP...[truncated; full text in the JSON],21,0,D3D12Core.dll;GFSDK_Aftermath_Lib.x64.dll;GfnRuntimeSdk.dll;OpenColorIO_2_3.dll;SUPERVIVE-Win64-Shipping.exe;chrome_elf.dll;d3dcompiler_47.dll;dbghelp.dll;discord_partner_sdk.dll;libEGL.dll;libGLESv2.dll;libcef.dll;libogg_64.dll;libvorbis_64.dll;libvorbisfile_64.dll;preloader.dll;runtime.dll;steam_api64.dll;xaudio2_9redist.dll,0,0,0,51481124864,0,0,0,8,AMD Ryzen 7 3800XT 8-Core Processor,NVIDIA GeForce RTX 4090,D3D12,NVIDIA GeForce RTX 4090,,,false,release2.4.live-156430-shipping,156430,None,1,13942094,217,ok,ok,CrashContext.runtime-xml;CrashReportClient.ini;Loki.log;UEMinidump.dmp,4,0,,1,Loki.log,1930136,13273,2026.07.26-09.06.12:259,2026.07.26-09.09.26:172,193.913,3,/Game/Loki/Maps/Tutorial/LVL_Tutorial,/Game/Loki/Maps/LVL_Login;/Game/Loki/Maps/LobbyV2/LVL_LobbyV2_Persistent;/Game/Loki/Maps/Tutorial/LVL_Tutorial,0,0,0,0,1328,10204,2,0,0,0,0,0,0,0,0,0,0,,,,,,,,,,,,,,,,,,,,,,,,,,
uecc,crash,UECC-Windows-EF11C5B343B7E4CEED0E82AB07D74BD7_0000,UECC-Windows-EF11C5B343B7E4CEED0E82AB07D74BD7_0000,,,,,,Assert,45,2026-07-11T02:12:55.136,2026-07-10T21:12:55.136,tutorial-attempted,C:\Users\eastr\AppData\Local\SUPERVIVE\Saved\Crashes\UECC-Windows-EF11C5B343B7E4CEED0E82AB07D74BD7_0000,1,ok,Attended,DDD0F7BD4EBC39E4B271698B595D930B,3,65008,false,false,true,false,0,true,69888,0,0,Fatal error: [File:C:\TheoryCraft\build-staging\Engine\Source\Runtime\Engine\Private\UnrealEngine.cpp] [Line: 15551] Couldn't spawn player: ALokiGameMode::Login failed to Login,,,UnrealEngine.cpp,15551,5.4.3-0+UE5,UE5-CL-0,Shipping,Game,SUPERVIVE-Win64-Shipping,UE-Loki,Win64 [Windows 10 (22H2) [10.0.19045.7417]  64b],G:/git/GAME BACKUPS FOR REVERSE ENGINEERING/SUPERVIVE/Loki/Binaries/Win64/,59F469C3478E646FCCEBD5AF455483B1,59f469c3478e646fccebd5af455483b1,215f7d50a3644f0480b74790eb09ea82,CommandLineRemoved,639193327751360000,2026-07-10T21:12:55.273,-0.137,D5ABA8A5577B609F8D98EADFA8C5BA62E267B0EE,11,10,0x7FF6B54F0000,3ee9cf5 3ec5faf 3efb466 37f8b73 4028924 403005f 40300da 4030f6c 4039696 751ef62,3ee9cf5 3ec5faf 3efb466,SUPERVIVE-Win64-Shipping,0x7FF6B93D9CF5,,,0,0,56,69888,GameThread,69888,AudioMixerNullCallbackThread;AudioMixerRenderThread(1);Background Worker #10;Background Worker #11;Background Worker #12;Background Worker #13;Background Worker #2;Background Worker #3;Background Worker #4;Background Worker #5;Background Worker #6;Background Worker #7;Background Worker #8;Background Worker #9;BackgroundThreadPool #0;BackgroundThreadPool #1;Client Analytics Event Thread;Electra::ExecAsync;FAsyncLoadingThread;FAsyncPurge;FAsyncWriter_Loki;FChunkCacheWorker;FHeartBeatThread;FMediaTicker;FMessageBus.DefaultBus.Router;Foreground Worker #0;Foreground Worker #1;GameThread;HttpManagerThread;IOThreadPool #0;IOThreadPool #1;IOThreadPool #2;IOThreadPool #3;IoDispatcher;IoService;LibwebsocketsThread;OnlineAsyncTaskThreadNull DefaultInstance(1);OnlineAsyncTaskThreadSteam DefaultInstance;OutputDeviceRedirector;PSOPrecompilePool #0;PSOPrecompilePool #1;PSOPrecompilePool #2;PSOPrecompilePool #3;PSOPrecompilePool #4;PSOPrecompilePool #5;PSOPrecompilePool #6;PSOPrecompilePool #7;PSOPrec...[truncated; full text in the JSON],21,0,D3D12Core.dll;GFSDK_Aftermath_Lib.x64.dll;GfnRuntimeSdk.dll;OpenColorIO_2_3.dll;SUPERVIVE-Win64-Shipping.exe;chrome_elf.dll;d3dcompiler_47.dll;dbghelp.dll;discord_partner_sdk.dll;libEGL.dll;libGLESv2.dll;libcef.dll;libogg_64.dll;libvorbis_64.dll;libvorbisfile_64.dll;preloader.dll;runtime.dll;steam_api64.dll;xaudio2_9redist.dll,5830778880,20701057024,5909413888,51481124864,7858069504,0,0,8,AMD Ryzen 7 3800XT 8-Core Processor,NVIDIA GeForce RTX 4090,D3D12,NVIDIA GeForce RTX 4090,,,true,release2.4.live-156430-shipping,156430,None,1,13933464,217,ok,ok,CrashContext.runtime-xml;CrashReportClient.ini;Loki.log;UEMinidump.dmp,4,0,,1,Loki.log,318717,2524,2026.07.11-02.12.07:494,2026.07.11-02.12.53:939,46.445,2,/Game/Loki/Maps/LobbyV2/LVL_LobbyV2_Persistent,/Game/Loki/Maps/LVL_Login;/Game/Loki/Maps/LobbyV2/LVL_LobbyV2_Persistent,0,0,1,1,11,0,2,0,0,0,0,0,0,0,0,0,0,,,,,,,,,,,,,,,,,,,,,,,,,,
uecc,crash,UECC-Windows-F42EF3224A443DA2FE00F390477DC4F4_0000,UECC-Windows-F42EF3224A443DA2FE00F390477DC4F4_0000,,,,,,Crash,30,2026-07-01T02:15:42.928,2026-06-30T21:15:42.928,menu-login,C:\Users\eastr\AppData\Local\SUPERVIVE\Saved\Crashes\UECC-Windows-F42EF3224A443DA2FE00F390477DC4F4_0000,1,ok,Attended,A843D44A4700EE6282D7458A1AD7031B,3,29644,false,false,false,false,0,,,0,0,Unhandled Exception: EXCEPTION_ACCESS_VIOLATION reading address 0x00000001e3010020,EXCEPTION_ACCESS_VIOLATION,0x00000001e3010020,,,5.4.3-0+UE5,UE5-CL-0,Shipping,Game,SUPERVIVE-Win64-Shipping,UE-Loki,Win64 [Windows 10 (22H2) [10.0.19045.7417]  64b],G:/git/GAME BACKUPS FOR REVERSE ENGINEERING/SUPERVIVE/Loki/Binaries/Win64/,59F469C3478E646FCCEBD5AF455483B1,59f469c3478e646fccebd5af455483b1,215f7d50a3644f0480b74790eb09ea82,CommandLineRemoved,639184689429280000,2026-06-30T21:15:43.019,-0.091,AC48B9B4B1290C6EB055E25C9A4F18E119CC4872,27,26,0x7FF682A80000,fe1746 2b8e7c5 2b8ebe8 2b8e17e 2b804b9 12158f2 120c6d9 120bf7e 120c6c3 120bf7e 120c6c3 120bf7e 120c6c3 120bf7e 120c6c3 120bf7e 120c6c3 120bf7e 120c6c3 120bf7e 120c6c3 120bf7e 1204e25 12143e3 115ed67 115c4b1,fe1746 2b8e7c5 2b8ebe8,SUPERVIVE-Win64-Shipping,0x7FF683A61746,"SUPERVIVE_Win64_Shipping
SUPERVIVE_Win64_Shipping",SUPERVIVE_Win64_Shipping;SUPERVIVE_Win64_Shipping,1,0,54,24572,FAsyncLoadingThread,62136,AudioMixerNullCallbackThread;AudioMixerRenderThread(1);Background Worker #10;Background Worker #11;Background Worker #12;Background Worker #13;Background Worker #2;Background Worker #3;Background Worker #4;Background Worker #5;Background Worker #6;Background Worker #7;Background Worker #8;Background Worker #9;BackgroundThreadPool #0;BackgroundThreadPool #1;Client Analytics Event Thread;Electra::ExecAsync;FAsyncLoadingThread;FAsyncPurge;FAsyncWriter_Loki;FHeartBeatThread;FMediaTicker;FMessageBus.DefaultBus.Router;Foreground Worker #0;Foreground Worker #1;GameThread;HttpManagerThread;IOThreadPool #0;IOThreadPool #1;IOThreadPool #2;IOThreadPool #3;IoDispatcher;IoService;LibwebsocketsThread;OnlineAsyncTaskThreadNull DefaultInstance(1);OnlineAsyncTaskThreadSteam DefaultInstance;OutputDeviceRedirector;PSOPrecompilePool #0;PSOPrecompilePool #1;PSOPrecompilePool #2;PSOPrecompilePool #3;PSOPrecompilePool #4;PSOPrecompilePool #5;PSOPrecompilePool #6;PSOPrecompilePool #7;PSOPrecompilePool #8;PSOP...[truncated; full text in the JSON],21,0,D3D12Core.dll;GFSDK_Aftermath_Lib.x64.dll;GfnRuntimeSdk.dll;OpenColorIO_2_3.dll;SUPERVIVE-Win64-Shipping.exe;chrome_elf.dll;d3dcompiler_47.dll;dbghelp.dll;discord_partner_sdk.dll;libEGL.dll;libGLESv2.dll;libcef.dll;libogg_64.dll;libvorbis_64.dll;libvorbisfile_64.dll;preloader.dll;runtime.dll;steam_api64.dll;xaudio2_9redist.dll,0,0,0,51481124864,0,0,0,8,AMD Ryzen 7 3800XT 8-Core Processor,NVIDIA GeForce RTX 4090,D3D12,NVIDIA GeForce RTX 4090,Generic,0,true,release2.4.live-156430-shipping,156430,None,1,13992445,217,ok,ok,CrashContext.runtime-xml;CrashReportClient.ini;Loki.log;UEMinidump.dmp,4,0,,1,Loki.log,273351,2042,2026.07.01-02.15.11:308,2026.07.01-02.15.41:720,30.412,3,/Game/Loki/Maps/LVL_Login,/Game/Loki/Maps/LVL_Login;/Game/Loki/Maps/LobbyV2/LVL_LobbyV2_Persistent;/Game/Loki/Maps/LVL_Login,0,0,0,0,0,0,0,0,0,0,0,0,0,0,0,0,0,,,,,,,,,,,,,,,,,,,,,,,,,,
uecc,crash,UECC-Windows-F59A2A2D4C0311E55AA2C0B70EDF6B9E_0000,UECC-Windows-F59A2A2D4C0311E55AA2C0B70EDF6B9E_0000,,,,,,Assert,15,2026-06-30T00:16:09.837,2026-06-29T19:16:09.837,menu-login,C:\Users\eastr\AppData\Local\SUPERVIVE\Saved\Crashes\UECC-Windows-F59A2A2D4C0311E55AA2C0B70EDF6B9E_0000,1,ok,Attended,F74CB3714BC4BC0B85AA49AA2792BEDD,3,55052,false,false,true,false,0,,,0,0,Fatal error: [File:C:\TheoryCraft\build-staging\Engine\Source\Runtime\Core\Private\HAL\MallocBinned2.cpp] [Line: 1322] FMallocBinned2 Attempt to realloc an unrecognized block 0000015D9E220000 canary == 0x0 != 0xe3,,,MallocBinned2.cpp,1322,5.4.3-0+UE5,UE5-CL-0,Shipping,Game,SUPERVIVE-Win64-Shipping,UE-Loki,Win64 [Windows 10 (22H2) [10.0.19045.7417]  64b],G:/git/GAME BACKUPS FOR REVERSE ENGINEERING/SUPERVIVE/Loki/Binaries/Win64/,59F469C3478E646FCCEBD5AF455483B1,59f469c3478e646fccebd5af455483b1,215f7d50a3644f0480b74790eb09ea82,CommandLineRemoved,639183753698370000,2026-06-29T19:16:09.971,-0.134,B3106F52D687D419AAB80614FAFCD3A3444E67FB,13,12,0x7FF67E4A0000,fe0148 ff933e 32bcbee 3ec6312 3efb466 37f8b73 4028924 403005f 40300da 4030f6c 4039696 751ef62,fe0148 ff933e 32bcbee,SUPERVIVE-Win64-Shipping,0x7FF67F480148,,,0,0,54,54764,GameThread,54764,AudioMixerNullCallbackThread;AudioMixerRenderThread(1);Background Worker #10;Background Worker #11;Background Worker #12;Background Worker #13;Background Worker #2;Background Worker #3;Background Worker #4;Background Worker #5;Background Worker #6;Background Worker #7;Background Worker #8;Background Worker #9;BackgroundThreadPool #0;BackgroundThreadPool #1;Client Analytics Event Thread;Electra::ExecAsync;FAsyncLoadingThread;FAsyncPurge;FAsyncWriter_Loki;FHeartBeatThread;FMediaTicker;FMessageBus.DefaultBus.Router;Foreground Worker #0;Foreground Worker #1;GameThread;HttpManagerThread;IOThreadPool #0;IOThreadPool #1;IOThreadPool #2;IOThreadPool #3;IoDispatcher;IoService;LibwebsocketsThread;OnlineAsyncTaskThreadNull DefaultInstance(1);OnlineAsyncTaskThreadSteam DefaultInstance;OutputDeviceRedirector;PSOPrecompilePool #0;PSOPrecompilePool #1;PSOPrecompilePool #2;PSOPrecompilePool #3;PSOPrecompilePool #4;PSOPrecompilePool #5;PSOPrecompilePool #6;PSOPrecompilePool #7;PSOPrecompilePool #8;PSOP...[truncated; full text in the JSON],21,0,D3D12Core.dll;GFSDK_Aftermath_Lib.x64.dll;GfnRuntimeSdk.dll;OpenColorIO_2_3.dll;SUPERVIVE-Win64-Shipping.exe;chrome_elf.dll;d3dcompiler_47.dll;dbghelp.dll;discord_partner_sdk.dll;libEGL.dll;libGLESv2.dll;libcef.dll;libogg_64.dll;libvorbis_64.dll;libvorbisfile_64.dll;preloader.dll;runtime.dll;steam_api64.dll;xaudio2_9redist.dll,4298956800,23967285248,4304490496,51481124864,4336222208,0,0,8,AMD Ryzen 7 3800XT 8-Core Processor,NVIDIA GeForce RTX 4090,D3D12,NVIDIA GeForce RTX 4090,Generic,0,true,release2.4.live-156430-shipping,156430,None,1,13718542,217,ok,ok,CrashContext.runtime-xml;CrashReportClient.ini;Loki.log;UEMinidump.dmp,4,0,,1,Loki.log,217274,1785,2026.06.30-00.15.53:802,2026.06.30-00.16.08:150,14.348,1,/Game/Loki/Maps/LVL_Login,/Game/Loki/Maps/LVL_Login,0,0,1,1,0,0,0,0,0,0,0,0,0,0,0,0,0,,,,,,,,,,,,,,,,,,,,,,,,,,
uecc,crash,UECC-Windows-F86B2A5B40089D21DFF70FA7847EBB4E_0000,UECC-Windows-F86B2A5B40089D21DFF70FA7847EBB4E_0000,,,,,,Crash,952,2026-06-26T03:42:06.779,2026-06-25T22:42:06.779,menu-lobby,C:\Users\eastr\AppData\Local\SUPERVIVE\Saved\Crashes\UECC-Windows-F86B2A5B40089D21DFF70FA7847EBB4E_0000,1,ok,Attended,F887283744FF3ACA48D77486A6AC9ECC,3,30700,false,false,false,true,0,,,0,0,Unhandled Exception: EXCEPTION_ACCESS_VIOLATION reading address 0x0000000000000000,EXCEPTION_ACCESS_VIOLATION,0x0000000000000000,,,5.4.3-0+UE5,UE5-CL-0,Shipping,Game,SUPERVIVE-Win64-Shipping,UE-Loki,Win64 [Windows 10 (22H2) [10.0.19045.7417]  64b],G:/git/GAME BACKUPS FOR REVERSE ENGINEERING/SUPERVIVE/Loki/Binaries/Win64/,59F469C3478E646FCCEBD5AF455483B1,59f469c3478e646fccebd5af455483b1,215f7d50a3644f0480b74790eb09ea82,CommandLineRemoved,639180421267790000,2026-06-25T22:42:07.346,-0.568,50A9FDF3493981BD1B7491EC5AB982F055D624AE,21,20,0x7FF73DBF0000,107d500 122642f 12204d5 1205748 511fe12 511fc0f 511f6bb 511faa0 510b257 51011de 5100518 352a0d2 108834d 106c57f f8b2be f9d9bc f87040 100c334 115ed67 115c4b1,107d500 122642f 12204d5,SUPERVIVE-Win64-Shipping,0x7FF73EC6D500,"SUPERVIVE_Win64_Shipping
SUPERVIVE_Win64_Shipping",SUPERVIVE_Win64_Shipping;SUPERVIVE_Win64_Shipping,1,0,54,21428,Foreground Worker #1,1460,@;Background Worker #10;Background Worker #11;Background Worker #12;Background Worker #13;Background Worker #2;Background Worker #3;Background Worker #4;Background Worker #5;Background Worker #6;Background Worker #7;Background Worker #8;Background Worker #9;BackgroundThreadPool #0;BackgroundThreadPool #1;Electra::ExecAsync;FAsyncWriter_Loki_2;FHeartBeatThread;FMediaTicker;Foreground Worker #0;Foreground Worker #1;GameThread;HttpManagerThread;LibwebsocketsThread;OnlineAsyncTaskThreadNull DefaultInstance(1);OnlineAsyncTaskThreadSteam DefaultInstance;OutputDeviceRedirector;PSOPrecompilePool #0;PSOPrecompilePool #1;PSOPrecompilePool #2;PSOPrecompilePool #3;PSOPrecompilePool #4;PSOPrecompilePool #5;PSOPrecompilePool #6;PSOPrecompilePool #7;PSOPrecompilePool #8;PSOPrecompilePool #9;RHIInterruptThread;RHISubmissionThread;RHIThread,21,0,D3D12Core.dll;GFSDK_Aftermath_Lib.x64.dll;GfnRuntimeSdk.dll;OpenColorIO_2_3.dll;SUPERVIVE-Win64-Shipping.exe;chrome_elf.dll;d3dcompiler_47.dll;dbghelp.dll;discord_partner_sdk.dll;libEGL.dll;libGLESv2.dll;libcef.dll;libogg_64.dll;libvorbis_64.dll;libvorbisfile_64.dll;preloader.dll;runtime.dll;steam_api64.dll;xaudio2_9redist.dll,0,0,0,51481124864,0,0,0,8,AMD Ryzen 7 3800XT 8-Core Processor,NVIDIA GeForce RTX 4090,D3D12,NVIDIA GeForce RTX 4090,,,true,release2.4.live-156430-shipping,156430,,1,13653571,217,ok,ok,CrashContext.runtime-xml;CrashReportClient.ini;Loki_2.log;UEMinidump.dmp,4,0,,1,Loki_2.log,565566,3108,2026.06.26-03.26.10:993,2026.06.26-03.42.04:100,953.107,2,/Game/Loki/Maps/LobbyV2/LVL_LobbyV2_Persistent,/Game/Loki/Maps/LVL_Login;/Game/Loki/Maps/LobbyV2/LVL_LobbyV2_Persistent,0,0,0,0,0,0,0,0,0,0,0,0,0,0,0,0,0,,,,,,,,,,,,,,,,,,,,,,,,,,
uecc,crash,UECC-Windows-FE95FB0A4D579B8F464CDBB239B1D541_0000,UECC-Windows-FE95FB0A4D579B8F464CDBB239B1D541_0000,,,,,,Crash,80,2026-06-28T23:11:55.117,2026-06-28T18:11:55.117,menu-lobby,C:\Users\eastr\AppData\Local\SUPERVIVE\Saved\Crashes\UECC-Windows-FE95FB0A4D579B8F464CDBB239B1D541_0000,1,ok,Attended,7583D69B4208226CD6D0239CF1011D60,3,17608,false,false,false,false,0,,,0,0,Unhandled Exception: EXCEPTION_ACCESS_VIOLATION reading address 0x0000000000000701,EXCEPTION_ACCESS_VIOLATION,0x0000000000000701,,,5.4.3-0+UE5,UE5-CL-0,Shipping,Game,SUPERVIVE-Win64-Shipping,UE-Loki,Win64 [Windows 10 (22H2) [10.0.19045.7417]  64b],G:/git/GAME BACKUPS FOR REVERSE ENGINEERING/SUPERVIVE/Loki/Binaries/Win64/,59F469C3478E646FCCEBD5AF455483B1,59f469c3478e646fccebd5af455483b1,215f7d50a3644f0480b74790eb09ea82,CommandLineRemoved,639182851151170000,2026-06-28T18:11:55.232,-0.116,7109765DB434100376DD5BCC9B5E418F06FAB477,99,99,0x7FF65F6D0000,203656a 2040696 2048a8e 203cbdb 2058c9c 2053b69 fe22ed fe2f86 10f9a39 142eeee 1426aba 142e5cf 143fcd3 1440916 1444ec3 1444de1 164001c 165a2c4 1665e95 16a7cac 1698dbe 169b034 169ef6d 16c0742 16c0654 171b7b8 174c7c4 171c28e 14f3a7a 1500f51 1500dd1 1500f19 1500dd1 1500f19 1500dd1 1500f19 1500dd1 1500f19 1500dd1 1500f19 1500dd1 1500f19 1500dd1 1500f19 1500dd1 1500f19 1500dd1 1500f19 1500dd1 1500f19 1500dd1 1500f19 1500dd1 1500f19 1500dd1 1500f19 1500dd1 1500f19 1500dd1 1500f19 1500dd1 1500f19 1500dd1 1500f19 1500dd1 1500f19 1500dd1 1500f19 1500dd1 1500f19 1500dd1 1500f19 1500dd1 1500f19 1500dd1 1500f19 1500dd1 1500f19 1500dd1 1500f19 1500dd1 1500f19 1500dd1 1500f19 1500dd1 1500f19 1500dd1 1500f19 1500dd1 1500f19 1500dd1 1500f19 1503e55 16ec840 1500ee5 1500dd1 1500f19 1500dd1 1500f19,203656a 2040696 2048a8e,SUPERVIVE-Win64-Shipping,0x7FF66170656A,SUPERVIVE_Win64_Shipping,SUPERVIVE_Win64_Shipping,1,0,54,28648,GameThread,28648,AudioMixerNullCallbackThread;AudioMixerRenderThread(1);Background Worker #10;Background Worker #11;Background Worker #12;Background Worker #13;Background Worker #2;Background Worker #3;Background Worker #4;Background Worker #5;Background Worker #6;Background Worker #7;Background Worker #8;Background Worker #9;BackgroundThreadPool #0;BackgroundThreadPool #1;Client Analytics Event Thread;Electra::ExecAsync;FAsyncLoadingThread;FAsyncPurge;FAsyncWriter_Loki;FHeartBeatThread;FMediaTicker;FMessageBus.DefaultBus.Router;Foreground Worker #0;Foreground Worker #1;GameThread;HttpManagerThread;IOThreadPool #0;IOThreadPool #1;IOThreadPool #2;IOThreadPool #3;IoDispatcher;IoService;LibwebsocketsThread;OnlineAsyncTaskThreadNull DefaultInstance(1);OnlineAsyncTaskThreadSteam DefaultInstance;OutputDeviceRedirector;PSOPrecompilePool #0;PSOPrecompilePool #1;PSOPrecompilePool #2;PSOPrecompilePool #3;PSOPrecompilePool #4;PSOPrecompilePool #5;PSOPrecompilePool #6;PSOPrecompilePool #7;PSOPrecompilePool #8;PSOP...[truncated; full text in the JSON],21,0,D3D12Core.dll;GFSDK_Aftermath_Lib.x64.dll;GfnRuntimeSdk.dll;OpenColorIO_2_3.dll;SUPERVIVE-Win64-Shipping.exe;chrome_elf.dll;d3dcompiler_47.dll;dbghelp.dll;discord_partner_sdk.dll;libEGL.dll;libGLESv2.dll;libcef.dll;libogg_64.dll;libvorbis_64.dll;libvorbisfile_64.dll;preloader.dll;runtime.dll;steam_api64.dll;xaudio2_9redist.dll,0,0,0,51481124864,0,0,0,8,AMD Ryzen 7 3800XT 8-Core Processor,NVIDIA GeForce RTX 4090,D3D12,NVIDIA GeForce RTX 4090,,,true,release2.4.live-156430-shipping,156430,None,1,13794931,217,ok,ok,CrashContext.runtime-xml;CrashReportClient.ini;Loki.log;UEMinidump.dmp,4,0,,1,Loki.log,297863,2276,2026.06.28-23.10.34:309,2026.06.28-23.11.54:003,79.694,2,/Game/Loki/Maps/LobbyV2/LVL_LobbyV2_Persistent,/Game/Loki/Maps/LVL_Login;/Game/Loki/Maps/LobbyV2/LVL_LobbyV2_Persistent,0,0,0,0,0,0,0,0,0,0,0,0,0,0,0,0,0,,,,,,,,,,,,,,,,,,,,,,,,,,
uecc,crash,UECC-Windows-FED1F95245D6D5F093C1D4B93FE860CA_0000,UECC-Windows-FED1F95245D6D5F093C1D4B93FE860CA_0000,,,,,,Crash,572,2026-08-04T06:57:53.568,2026-08-04T01:57:53.568,tutorial,C:\Users\eastr\AppData\Local\SUPERVIVE\Saved\Crashes\UECC-Windows-FED1F95245D6D5F093C1D4B93FE860CA_0000,1,ok,Attended,742E57B34538D8C25780279D90387F70,3,13968,false,false,false,false,0,,,0,0,Unhandled Exception: EXCEPTION_ACCESS_VIOLATION writing address 0x000002bd733eaee0,EXCEPTION_ACCESS_VIOLATION,0x000002bd733eaee0,,,5.4.3-0+UE5,UE5-CL-0,Shipping,Game,SUPERVIVE-Win64-Shipping,UE-Loki,Win64 [Windows 10 (22H2) [10.0.19045.7548]  64b],G:/git/GAME BACKUPS FOR REVERSE ENGINEERING/SUPERVIVE/Loki/Binaries/Win64/,59F469C3478E646FCCEBD5AF455483B1,59f469c3478e646fccebd5af455483b1,215f7d50a3644f0480b74790eb09ea82,CommandLineRemoved,639214234735680000,2026-08-04T01:57:54.335,-0.767,9492917422986D86959FAEA393928B3CE784D2C8,31,23,0x7FF6EAA10000,feca12 1225fd6 13453a5 341721b 36a1aa3 36a1bdc 36a412b 36a339a 35aa803 3ed1a7f 3ed8642 f96a8e f9ce6a 3eeedd4 3ef3e65 39c76c6 37f8b8c 4028924 403005f 40300da 4030f6c 4039696 751ef62,feca12 1225fd6 13453a5,mdnsNSP,0x2BC61F9C09A,SUPERVIVE_Win64_Shipping,SUPERVIVE_Win64_Shipping,1,0,54,33172,GameThread,33172,AudioMixerNullCallbackThread;AudioMixerRenderThread(1);Background Worker #10;Background Worker #11;Background Worker #12;Background Worker #13;Background Worker #2;Background Worker #3;Background Worker #4;Background Worker #5;Background Worker #6;Background Worker #7;Background Worker #8;Background Worker #9;BackgroundThreadPool #0;BackgroundThreadPool #1;Client Analytics Event Thread;Electra::ExecAsync;FAsyncLoadingThread;FAsyncPurge;FAsyncWriter_Loki;FHeartBeatThread;FMediaTicker;FMessageBus.DefaultBus.Router;Foreground Worker #0;Foreground Worker #1;GameThread;HttpManagerThread;IOThreadPool #0;IOThreadPool #1;IOThreadPool #2;IOThreadPool #3;IoDispatcher;IoService;LibwebsocketsThread;OnlineAsyncTaskThreadNull DefaultInstance(1);OnlineAsyncTaskThreadSteam DefaultInstance;OutputDeviceRedirector;PSOPrecompilePool #0;PSOPrecompilePool #1;PSOPrecompilePool #2;PSOPrecompilePool #3;PSOPrecompilePool #4;PSOPrecompilePool #5;PSOPrecompilePool #6;PSOPrecompilePool #7;PSOPrecompilePool #8;PSOP...[truncated; full text in the JSON],21,0,D3D12Core.dll;GFSDK_Aftermath_Lib.x64.dll;GfnRuntimeSdk.dll;OpenColorIO_2_3.dll;SUPERVIVE-Win64-Shipping.exe;chrome_elf.dll;d3dcompiler_47.dll;dbghelp.dll;discord_partner_sdk.dll;libEGL.dll;libGLESv2.dll;libcef.dll;libogg_64.dll;libvorbis_64.dll;libvorbisfile_64.dll;preloader.dll;runtime.dll;steam_api64.dll;xaudio2_9redist.dll,0,0,0,51481124864,0,0,0,8,AMD Ryzen 7 3800XT 8-Core Processor,NVIDIA GeForce RTX 4090,D3D12,NVIDIA GeForce RTX 4090,,,false,release2.4.live-156430-shipping,156430,None,1,13731630,222,ok,ok,CrashContext.runtime-xml;CrashReportClient.ini;Loki.log;UEMinidump.dmp,4,0,,1,Loki.log,11010422,77434,2026.08.04-06.47.56:587,2026.08.04-06.57.42:685,586.098,3,/Game/Loki/Maps/Tutorial/LVL_Tutorial,/Game/Loki/Maps/LVL_Login;/Game/Loki/Maps/LobbyV2/LVL_LobbyV2_Persistent;/Game/Loki/Maps/Tutorial/LVL_Tutorial,0,0,0,0,706,74272,2,0,0,0,0,0,0,0,0,0,0,,,,,,,,,,,,,,,,,,,,,,,,,,
uecc,crash,UECC-Windows-FF9CF62342E3891A63CDC5BC4ED8786E_0000,UECC-Windows-FF9CF62342E3891A63CDC5BC4ED8786E_0000,,,,,,Crash,195,2026-07-26T06:50:53.754,2026-07-26T01:50:53.754,tutorial,C:\Users\eastr\AppData\Local\SUPERVIVE\Saved\Crashes\UECC-Windows-FF9CF62342E3891A63CDC5BC4ED8786E_0000,1,ok,Attended,102C35E54027C267EF80C196483AFF5B,3,17220,false,false,false,false,0,,,0,0,Unhandled Exception: EXCEPTION_ACCESS_VIOLATION 0x000001cbe83cd400,EXCEPTION_ACCESS_VIOLATION,0x000001cbe83cd400,,,5.4.3-0+UE5,UE5-CL-0,Shipping,Game,SUPERVIVE-Win64-Shipping,UE-Loki,Win64 [Windows 10 (22H2) [10.0.19045.7548]  64b],G:/git/GAME BACKUPS FOR REVERSE ENGINEERING/SUPERVIVE/Loki/Binaries/Win64/,59F469C3478E646FCCEBD5AF455483B1,59f469c3478e646fccebd5af455483b1,215f7d50a3644f0480b74790eb09ea82,CommandLineRemoved,639206454537540000,2026-07-26T01:50:53.863,-0.11,F83BC9D244687845FA4E88A0600BDB26C9F7F689,15,13,0x7FF6E7D30000,3495973 3405f13 3691a72 3691704 367b462 f84697 f873b3 f8b2be f9d9bc f87040 100c334 115ed67 115c4b1,3495973 3405f13 3691a72,mdnsNSP,0x1CBE83CD400,SUPERVIVE_Win64_Shipping,SUPERVIVE_Win64_Shipping,1,0,54,30164,Background Worker #5,20888,AudioMixerNullCallbackThread;AudioMixerRenderThread(1);Background Worker #10;Background Worker #11;Background Worker #12;Background Worker #13;Background Worker #2;Background Worker #3;Background Worker #4;Background Worker #5;Background Worker #6;Background Worker #7;Background Worker #8;Background Worker #9;BackgroundThreadPool #0;BackgroundThreadPool #1;Client Analytics Event Thread;Electra::ExecAsync;FAsyncLoadingThread;FAsyncPurge;FAsyncWriter_Loki;FHeartBeatThread;FMediaTicker;FMessageBus.DefaultBus.Router;Foreground Worker #0;Foreground Worker #1;GameThread;HttpManagerThread;IOThreadPool #0;IOThreadPool #1;IOThreadPool #2;IOThreadPool #3;IoDispatcher;IoService;LibwebsocketsThread;OnlineAsyncTaskThreadNull DefaultInstance(1);OnlineAsyncTaskThreadSteam DefaultInstance;OutputDeviceRedirector;PSOPrecompilePool #0;PSOPrecompilePool #1;PSOPrecompilePool #2;PSOPrecompilePool #3;PSOPrecompilePool #4;PSOPrecompilePool #5;PSOPrecompilePool #6;PSOPrecompilePool #7;PSOPrecompilePool #8;PSOP...[truncated; full text in the JSON],21,0,D3D12Core.dll;GFSDK_Aftermath_Lib.x64.dll;GfnRuntimeSdk.dll;OpenColorIO_2_3.dll;SUPERVIVE-Win64-Shipping.exe;chrome_elf.dll;d3dcompiler_47.dll;dbghelp.dll;discord_partner_sdk.dll;libEGL.dll;libGLESv2.dll;libcef.dll;libogg_64.dll;libvorbis_64.dll;libvorbisfile_64.dll;preloader.dll;runtime.dll;steam_api64.dll;xaudio2_9redist.dll,0,0,0,51481124864,0,0,0,8,AMD Ryzen 7 3800XT 8-Core Processor,NVIDIA GeForce RTX 4090,D3D12,NVIDIA GeForce RTX 4090,,,true,release2.4.live-156430-shipping,156430,None,1,13750616,217,ok,ok,CrashContext.runtime-xml;CrashReportClient.ini;Loki.log;UEMinidump.dmp,4,0,,1,Loki.log,12162679,85773,2026.07.26-06.47.38:377,2026.07.26-06.50.52:538,194.161,3,/Game/Loki/Maps/Tutorial/LVL_Tutorial,/Game/Loki/Maps/LVL_Login;/Game/Loki/Maps/LobbyV2/LVL_LobbyV2_Persistent;/Game/Loki/Maps/Tutorial/LVL_Tutorial,0,0,0,0,1492,82662,2,0,0,0,0,0,0,0,0,0,0,,,,,,,,,,,,,,,,,,,,,,,,,,
uecc,degenerate,_0000,_0000,,,,,,Crash,0,,,unknown,C:\Users\eastr\AppData\Local\SUPERVIVE\Saved\Crashes\_0000,1,ok,,2728BF6448AA96BB5BB607A99217B254,3,0,false,false,false,false,0,,,0,0,Unhandled Exception: EXCEPTION_ACCESS_VIOLATION reading address 0x00007ff6823657d0,EXCEPTION_ACCESS_VIOLATION,0x00007ff6823657d0,,,,,,,,UE-Loki,,,,,,,,2026-06-29T18:45:55.683,,DA39A3EE5E6B4B0D3255BFEF95601890AFD80709,2,0,,,,Unknown,0x2C5D0641C47,,,0,0,18,,,32420,FChunkCacheWorker;FHeartBeatThread;GameThread,0,0,,0,0,0,51481124864,0,0,0,0,,,,,,,,,,,1,0,,zero-byte,os-only,CrashContext.runtime-xml;Loki.log;UEMinidump.dmp,3,0,,1,Loki.log,509,7,,,,0,,,0,0,0,0,0,0,0,0,0,0,0,0,0,0,0,0,0,,,,,,,,,,,,,,,,,,,,,,,,,,
crashpad,crash,crashpad-20260804-151455-s109-positive-control/41cdafa3-ceff-4d83-8d11-69fa9b75b54a,UECC-Windows-EE05D2854EA1B732FA93E090DE045227,41cdafa3-ceff-4d83-8d11-69fa9b75b54a,1,3,s109-positive-control,0,Crash,491,2026-08-04T19:10:26.573000Z,2026-08-04T14:10:26.573,tutorial,G:\git\Supervive Revival Project\dumps\crashpad-20260804-151455-s109-positive-control,,ok,,,,24700,false,false,false,,,,,,,,,,,,5.4.3-0,release2.4.live-156430-shipping,Shipping,Game,SUPERVIVE-Win64-Shipping,UE-Loki,,G:/git/GAME BACKUPS FOR REVERSE ENGINEERING/SUPERVIVE/Loki/Binaries/Win64/,,,,-ini:Engine:[/Script/AccelByteUe4Sdk.AccelByteSettings]:BaseUrl=http://localhost:8080 -ini:Engine:[/Script/AccelByteUe4Sdk.AccelByteSettings]:IamServerUrl=http://localhost:8080/iam -ini:Engine:[/Script/AccelByteUe4Sdk.AccelByteSettings]:PlatformServerUrl=http://localhost:8080/platform -ini:Engine:[/Script/AccelByteUe4Sdk.AccelByteSettings]:BasicServerUrl=http://localhost:8080/basic -ini:Engine:[/Script/AccelByteUe4Sdk.AccelByteSettings]:LobbyServerUrl=ws://localhost:8080/lobby/ -ini:Engine:[/Script/Loki.LokiGameProjectSettings]:ProdPostAuthURL=http://localhost:8080 -ini:Engine:[/Script/Loki.LokiGameProjectSettings]:ProdClientConfigURL=http://localhost:8080 -ini:Game:[/Script/Loki.LokiGameProjectSettings]:ProdPostAuthURL=http://localhost:8080 -ini:Game:[/Script/Loki.LokiGameProjectSettings]:ProdClientConfigURL=http://localhost:8080 -log,,2026-08-04T14:10:27.721,,,,,,,,,,,,,,,0,,,,,,,,,,,,,,,AMD Ryzen 7 3800XT 8-Core Processor,NVIDIA GeForce RTX 4090,,,,,,release2.4.live-156430-shipping,156430,,1,43804912,221,ok,,Loki.log;__sentry-breadcrumb1;__sentry-breadcrumb2;__sentry-event,4,0,,1,Loki.log,7409557,52490,2026.08.04-19.02.15:420,2026.08.04-19.10.26:579,491.159,3,/Game/Loki/Maps/Tutorial/LVL_Tutorial,/Game/Loki/Maps/LVL_Login;/Game/Loki/Maps/LobbyV2/LVL_LobbyV2_Persistent;/Game/Loki/Maps/Tutorial/LVL_Tutorial,0,1,0,0,1074,49384,2,0,0,0,0,0,0,0,0,0,0,,2026-08-04T15:14:56.0166893-05:00,1  verified=1  failed=0,archive-crashdumps.ps1 (pre-launch sweep),G:\git\GAME BACKUPS FOR REVERSE ENGINEERING\SUPERVIVE\Loki\.sentry-native,crashpad-20260804-151455-s109-positive-control;crashpad-20260804-163837;crashpad-20260804-163838-postexit,38329c00-8411-4469-88c1-3864d94e25db,2026-08-04T19:10:26.633000Z,"ok(v1,n=1)",pending,1,2026-08-04T19:10:27,2026-08-04T19:10:29,041de361-5d80-49b3-898a-91c174799b3a,041de361-5d80-49b3-898a-91c174799b3a,2026-08-04T19:10:26.573000Z,fatal,847,3,LVL_Login;LVL_LobbyV2_Persistent;LVL_Tutorial,LVL_Tutorial,1,7412142,1,1,2026.08.04-19.10.26:685
crashpad,crash,crashpad-20260804-163837/41cdafa3-ceff-4d83-8d11-69fa9b75b54a,UECC-Windows-EE05D2854EA1B732FA93E090DE045227,41cdafa3-ceff-4d83-8d11-69fa9b75b54a,0,3,,0,Crash,491,2026-08-04T19:10:26.573000Z,2026-08-04T14:10:26.573,tutorial,G:\git\Supervive Revival Project\dumps\crashpad-20260804-163837,,ok,,,,24700,false,false,false,,,,,,,,,,,,5.4.3-0,release2.4.live-156430-shipping,Shipping,Game,SUPERVIVE-Win64-Shipping,UE-Loki,,G:/git/GAME BACKUPS FOR REVERSE ENGINEERING/SUPERVIVE/Loki/Binaries/Win64/,,,,-ini:Engine:[/Script/AccelByteUe4Sdk.AccelByteSettings]:BaseUrl=http://localhost:8080 -ini:Engine:[/Script/AccelByteUe4Sdk.AccelByteSettings]:IamServerUrl=http://localhost:8080/iam -ini:Engine:[/Script/AccelByteUe4Sdk.AccelByteSettings]:PlatformServerUrl=http://localhost:8080/platform -ini:Engine:[/Script/AccelByteUe4Sdk.AccelByteSettings]:BasicServerUrl=http://localhost:8080/basic -ini:Engine:[/Script/AccelByteUe4Sdk.AccelByteSettings]:LobbyServerUrl=ws://localhost:8080/lobby/ -ini:Engine:[/Script/Loki.LokiGameProjectSettings]:ProdPostAuthURL=http://localhost:8080 -ini:Engine:[/Script/Loki.LokiGameProjectSettings]:ProdClientConfigURL=http://localhost:8080 -ini:Game:[/Script/Loki.LokiGameProjectSettings]:ProdPostAuthURL=http://localhost:8080 -ini:Game:[/Script/Loki.LokiGameProjectSettings]:ProdClientConfigURL=http://localhost:8080 -log,,2026-08-04T14:10:27.721,,,,,,,,,,,,,,,0,,,,,,,,,,,,,,,AMD Ryzen 7 3800XT 8-Core Processor,NVIDIA GeForce RTX 4090,,,,,,release2.4.live-156430-shipping,156430,,1,43804912,221,ok,,Loki.log;__sentry-breadcrumb1;__sentry-breadcrumb2;__sentry-event,4,0,,1,Loki.log,7409557,52490,2026.08.04-19.02.15:420,2026.08.04-19.10.26:579,491.159,3,/Game/Loki/Maps/Tutorial/LVL_Tutorial,/Game/Loki/Maps/LVL_Login;/Game/Loki/Maps/LobbyV2/LVL_LobbyV2_Persistent;/Game/Loki/Maps/Tutorial/LVL_Tutorial,0,1,0,0,1074,49384,2,0,0,0,0,0,0,0,0,0,0,,2026-08-04T16:38:37.9454953-05:00,1  verified=1  failed=0,archive-crashdumps.ps1 (pre-launch sweep),G:\git\GAME BACKUPS FOR REVERSE ENGINEERING\SUPERVIVE\Loki\.sentry-native,crashpad-20260804-151455-s109-positive-control;crashpad-20260804-163837;crashpad-20260804-163838-postexit,38329c00-8411-4469-88c1-3864d94e25db,2026-08-04T19:10:26.633000Z,"ok(v1,n=1)",pending,1,2026-08-04T19:10:27,2026-08-04T19:10:29,041de361-5d80-49b3-898a-91c174799b3a,041de361-5d80-49b3-898a-91c174799b3a,2026-08-04T19:10:26.573000Z,fatal,847,3,LVL_Login;LVL_LobbyV2_Persistent;LVL_Tutorial,LVL_Tutorial,1,7412142,1,1,2026.08.04-19.10.26:685
crashpad,crash,crashpad-20260804-163838-postexit/41cdafa3-ceff-4d83-8d11-69fa9b75b54a,UECC-Windows-EE05D2854EA1B732FA93E090DE045227,41cdafa3-ceff-4d83-8d11-69fa9b75b54a,0,3,postexit,0,Crash,491,2026-08-04T19:10:26.573000Z,2026-08-04T14:10:26.573,tutorial,G:\git\Supervive Revival Project\dumps\crashpad-20260804-163838-postexit,,ok,,,,24700,false,false,false,,,,,,,,,,,,5.4.3-0,release2.4.live-156430-shipping,Shipping,Game,SUPERVIVE-Win64-Shipping,UE-Loki,,G:/git/GAME BACKUPS FOR REVERSE ENGINEERING/SUPERVIVE/Loki/Binaries/Win64/,,,,-ini:Engine:[/Script/AccelByteUe4Sdk.AccelByteSettings]:BaseUrl=http://localhost:8080 -ini:Engine:[/Script/AccelByteUe4Sdk.AccelByteSettings]:IamServerUrl=http://localhost:8080/iam -ini:Engine:[/Script/AccelByteUe4Sdk.AccelByteSettings]:PlatformServerUrl=http://localhost:8080/platform -ini:Engine:[/Script/AccelByteUe4Sdk.AccelByteSettings]:BasicServerUrl=http://localhost:8080/basic -ini:Engine:[/Script/AccelByteUe4Sdk.AccelByteSettings]:LobbyServerUrl=ws://localhost:8080/lobby/ -ini:Engine:[/Script/Loki.LokiGameProjectSettings]:ProdPostAuthURL=http://localhost:8080 -ini:Engine:[/Script/Loki.LokiGameProjectSettings]:ProdClientConfigURL=http://localhost:8080 -ini:Game:[/Script/Loki.LokiGameProjectSettings]:ProdPostAuthURL=http://localhost:8080 -ini:Game:[/Script/Loki.LokiGameProjectSettings]:ProdClientConfigURL=http://localhost:8080 -log,,2026-08-04T14:10:27.721,,,,,,,,,,,,,,,0,,,,,,,,,,,,,,,AMD Ryzen 7 3800XT 8-Core Processor,NVIDIA GeForce RTX 4090,,,,,,release2.4.live-156430-shipping,156430,,1,43804912,221,ok,,Loki.log;__sentry-breadcrumb1;__sentry-breadcrumb2;__sentry-event,4,0,,1,Loki.log,7409557,52490,2026.08.04-19.02.15:420,2026.08.04-19.10.26:579,491.159,3,/Game/Loki/Maps/Tutorial/LVL_Tutorial,/Game/Loki/Maps/LVL_Login;/Game/Loki/Maps/LobbyV2/LVL_LobbyV2_Persistent;/Game/Loki/Maps/Tutorial/LVL_Tutorial,0,1,0,0,1074,49384,2,0,0,0,0,0,0,0,0,0,0,,2026-08-04T16:38:38.1784949-05:00,1  verified=1  failed=0,archive-crashdumps.ps1 (pre-launch sweep),G:\git\GAME BACKUPS FOR REVERSE ENGINEERING\SUPERVIVE\Loki\.sentry-native,crashpad-20260804-151455-s109-positive-control;crashpad-20260804-163837;crashpad-20260804-163838-postexit,38329c00-8411-4469-88c1-3864d94e25db,2026-08-04T19:10:26.633000Z,"ok(v1,n=1)",pending,1,2026-08-04T19:10:27,2026-08-04T19:10:29,041de361-5d80-49b3-898a-91c174799b3a,041de361-5d80-49b3-898a-91c174799b3a,2026-08-04T19:10:26.573000Z,fatal,847,3,LVL_Login;LVL_LobbyV2_Persistent;LVL_Tutorial,LVL_Tutorial,1,7412142,1,1,2026.08.04-19.10.26:685
crashpad,crash,crashpad-20260804-181909-shimrun2-DEATH/3e17e732-dd9f-4174-a291-66e9c3f036fc,UECC-Windows-8122CEAE46859077EF153FAB46767887,3e17e732-dd9f-4174-a291-66e9c3f036fc,1,4,shimrun2-DEATH,1,Crash,0,2026-08-04T23:18:59.834000Z,2026-08-04T18:18:59.834,unknown,G:\git\Supervive Revival Project\dumps\crashpad-20260804-181909-shimrun2-DEATH,,ok,,,,4388,false,false,false,,,,,,,,,,,,5.4.3-0,,Shipping,Game,SUPERVIVE-Win64-Shipping,UE-Loki,,G:/git/GAME BACKUPS FOR REVERSE ENGINEERING/SUPERVIVE/Loki/Binaries/Win64/,,,,-ini:Engine:[/Script/AccelByteUe4Sdk.AccelByteSettings]:BaseUrl=http://localhost:8080 -ini:Engine:[/Script/AccelByteUe4Sdk.AccelByteSettings]:IamServerUrl=http://localhost:8080/iam -ini:Engine:[/Script/AccelByteUe4Sdk.AccelByteSettings]:PlatformServerUrl=http://localhost:8080/platform -ini:Engine:[/Script/AccelByteUe4Sdk.AccelByteSettings]:BasicServerUrl=http://localhost:8080/basic -ini:Engine:[/Script/AccelByteUe4Sdk.AccelByteSettings]:LobbyServerUrl=ws://localhost:8080/lobby/ -ini:Engine:[/Script/Loki.LokiGameProjectSettings]:ProdPostAuthURL=http://localhost:8080 -ini:Engine:[/Script/Loki.LokiGameProjectSettings]:ProdClientConfigURL=http://localhost:8080 -ini:Game:[/Script/Loki.LokiGameProjectSettings]:ProdPostAuthURL=http://localhost:8080 -ini:Game:[/Script/Loki.LokiGameProjectSettings]:ProdClientConfigURL=http://localhost:8080 -log,,2026-08-04T18:19:00.412,,,,,,,,,,,,,,,0,,,,,,,,,,,,,,,,,,,,,,,,,1,5420624,185,ok,,Loki.log;__sentry-breadcrumb1;__sentry-breadcrumb2;__sentry-event,4,0,,1,Loki.log,133231,1110,2026.08.04-23.18.43:154,2026.08.04-23.18.59:853,16.699,0,,,0,1,0,0,0,0,0,0,0,0,0,0,0,0,0,0,0,,2026-08-04T18:19:09.7497580-05:00,1  verified=1  failed=0,archive-crashdumps.ps1 (pre-launch sweep),G:\git\GAME BACKUPS FOR REVERSE ENGINEERING\SUPERVIVE\Loki\.sentry-native,crashpad-20260804-181909-shimrun2-DEATH;crashpad-20260804-181915;crashpad-20260804-182004-shimrun3-DEATH;crashpad-20260804-185216,38329c00-8411-4469-88c1-3864d94e25db,2026-08-04T23:18:59.867000Z,"ok(v1,n=1)",pending,1,2026-08-04T23:19:00,2026-08-04T23:19:00,9b7cc5c6-c2c2-4834-e4da-4a170e2feefb,9b7cc5c6-c2c2-4834-e4da-4a170e2feefb,2026-08-04T23:18:59.834000Z,fatal,847,0,,,1,133744,1,1,2026.08.04-23.18.59:868
crashpad,crash,crashpad-20260804-181915/3e17e732-dd9f-4174-a291-66e9c3f036fc,UECC-Windows-8122CEAE46859077EF153FAB46767887,3e17e732-dd9f-4174-a291-66e9c3f036fc,0,4,,0,Crash,0,2026-08-04T23:18:59.834000Z,2026-08-04T18:18:59.834,unknown,G:\git\Supervive Revival Project\dumps\crashpad-20260804-181915,,ok,,,,4388,false,false,false,,,,,,,,,,,,5.4.3-0,,Shipping,Game,SUPERVIVE-Win64-Shipping,UE-Loki,,G:/git/GAME BACKUPS FOR REVERSE ENGINEERING/SUPERVIVE/Loki/Binaries/Win64/,,,,-ini:Engine:[/Script/AccelByteUe4Sdk.AccelByteSettings]:BaseUrl=http://localhost:8080 -ini:Engine:[/Script/AccelByteUe4Sdk.AccelByteSettings]:IamServerUrl=http://localhost:8080/iam -ini:Engine:[/Script/AccelByteUe4Sdk.AccelByteSettings]:PlatformServerUrl=http://localhost:8080/platform -ini:Engine:[/Script/AccelByteUe4Sdk.AccelByteSettings]:BasicServerUrl=http://localhost:8080/basic -ini:Engine:[/Script/AccelByteUe4Sdk.AccelByteSettings]:LobbyServerUrl=ws://localhost:8080/lobby/ -ini:Engine:[/Script/Loki.LokiGameProjectSettings]:ProdPostAuthURL=http://localhost:8080 -ini:Engine:[/Script/Loki.LokiGameProjectSettings]:ProdClientConfigURL=http://localhost:8080 -ini:Game:[/Script/Loki.LokiGameProjectSettings]:ProdPostAuthURL=http://localhost:8080 -ini:Game:[/Script/Loki.LokiGameProjectSettings]:ProdClientConfigURL=http://localhost:8080 -log,,2026-08-04T18:19:00.412,,,,,,,,,,,,,,,0,,,,,,,,,,,,,,,,,,,,,,,,,1,5420624,185,ok,,Loki.log;__sentry-breadcrumb1;__sentry-breadcrumb2;__sentry-event,4,0,,1,Loki.log,133231,1110,2026.08.04-23.18.43:154,2026.08.04-23.18.59:853,16.699,0,,,0,1,0,0,0,0,0,0,0,0,0,0,0,0,0,0,0,,2026-08-04T18:19:15.1512013-05:00,1  verified=1  failed=0,archive-crashdumps.ps1 (pre-launch sweep),G:\git\GAME BACKUPS FOR REVERSE ENGINEERING\SUPERVIVE\Loki\.sentry-native,crashpad-20260804-181909-shimrun2-DEATH;crashpad-20260804-181915;crashpad-20260804-182004-shimrun3-DEATH;crashpad-20260804-185216,38329c00-8411-4469-88c1-3864d94e25db,2026-08-04T23:18:59.867000Z,"ok(v1,n=1)",pending,1,2026-08-04T23:19:00,2026-08-04T23:19:00,9b7cc5c6-c2c2-4834-e4da-4a170e2feefb,9b7cc5c6-c2c2-4834-e4da-4a170e2feefb,2026-08-04T23:18:59.834000Z,fatal,847,0,,,1,133744,1,1,2026.08.04-23.18.59:868
crashpad,crash,crashpad-20260804-182004-shimrun3-DEATH/3e17e732-dd9f-4174-a291-66e9c3f036fc,,3e17e732-dd9f-4174-a291-66e9c3f036fc,0,4,shimrun3-DEATH,1,,,2026-08-04T23:19:00,2026-08-04T18:19:00.000,,G:\git\Supervive Revival Project\dumps\crashpad-20260804-182004-shimrun3-DEATH,,ok,,,,,,,,,,,,,,,,,,,,,,,,,,,,,,,,2026-08-04T18:19:00.412,,,,,,,,,,,,,,,,,,,,,,,,,,,,,,,,,,,,,,,,1,5420624,185,ok,,,0,0,,0,,,,,,,,,,,,,,,,,,,,,,,,,,,,2026-08-04T18:20:04.2590053-05:00,2  verified=2  failed=0,archive-crashdumps.ps1 (pre-launch sweep),G:\git\GAME BACKUPS FOR REVERSE ENGINEERING\SUPERVIVE\Loki\.sentry-native,crashpad-20260804-181909-shimrun2-DEATH;crashpad-20260804-181915;crashpad-20260804-182004-shimrun3-DEATH;crashpad-20260804-185216,38329c00-8411-4469-88c1-3864d94e25db,2026-08-04T23:19:52.131000Z,"ok(v1,n=2)",pending,1,2026-08-04T23:19:00,2026-08-04T23:19:00,9b7cc5c6-c2c2-4834-e4da-4a170e2feefb,,,,0,0,,,1,260225,1,1,2026.08.04-23.19.52:132
crashpad,crash,crashpad-20260804-182004-shimrun3-DEATH/590cfd83-b140-479b-8bbb-6b77c1cf7efb,UECC-Windows-3905983148DAC75C16BC9BBDDE4E7578,590cfd83-b140-479b-8bbb-6b77c1cf7efb,1,2,shimrun3-DEATH,1,Crash,34,2026-08-04T23:19:52.116000Z,2026-08-04T18:19:52.116,menu-lobby,G:\git\Supervive Revival Project\dumps\crashpad-20260804-182004-shimrun3-DEATH,,ok,,,,18000,false,false,false,,,,,,,,,,,,5.4.3-0,release2.4.live-156430-shipping,Shipping,Game,SUPERVIVE-Win64-Shipping,UE-Loki,,G:/git/GAME BACKUPS FOR REVERSE ENGINEERING/SUPERVIVE/Loki/Binaries/Win64/,,,,-ini:Engine:[/Script/AccelByteUe4Sdk.AccelByteSettings]:BaseUrl=http://localhost:8080 -ini:Engine:[/Script/AccelByteUe4Sdk.AccelByteSettings]:IamServerUrl=http://localhost:8080/iam -ini:Engine:[/Script/AccelByteUe4Sdk.AccelByteSettings]:PlatformServerUrl=http://localhost:8080/platform -ini:Engine:[/Script/AccelByteUe4Sdk.AccelByteSettings]:BasicServerUrl=http://localhost:8080/basic -ini:Engine:[/Script/AccelByteUe4Sdk.AccelByteSettings]:LobbyServerUrl=ws://localhost:8080/lobby/ -ini:Engine:[/Script/Loki.LokiGameProjectSettings]:ProdPostAuthURL=http://localhost:8080 -ini:Engine:[/Script/Loki.LokiGameProjectSettings]:ProdClientConfigURL=http://localhost:8080 -ini:Game:[/Script/Loki.LokiGameProjectSettings]:ProdPostAuthURL=http://localhost:8080 -ini:Game:[/Script/Loki.LokiGameProjectSettings]:ProdClientConfigURL=http://localhost:8080 -log,,2026-08-04T18:19:53.310,,,,,,,,,,,,,,,0,,,,,,,,,,,,,,,AMD Ryzen 7 3800XT 8-Core Processor,NVIDIA GeForce RTX 4090,,,,,,release2.4.live-156430-shipping,156430,,1,43740912,220,ok,,Loki.log;__sentry-breadcrumb1;__sentry-breadcrumb2;__sentry-event,4,0,,1,Loki.log,259890,2192,2026.08.04-23.19.18:190,2026.08.04-23.19.52:119,33.929,2,/Game/Loki/Maps/LobbyV2/LVL_LobbyV2_Persistent,/Game/Loki/Maps/LVL_Login;/Game/Loki/Maps/LobbyV2/LVL_LobbyV2_Persistent,0,1,0,0,0,0,0,0,0,0,0,0,0,0,0,0,0,,2026-08-04T18:20:04.2590053-05:00,2  verified=2  failed=0,archive-crashdumps.ps1 (pre-launch sweep),G:\git\GAME BACKUPS FOR REVERSE ENGINEERING\SUPERVIVE\Loki\.sentry-native,crashpad-20260804-182004-shimrun3-DEATH;crashpad-20260804-185216,38329c00-8411-4469-88c1-3864d94e25db,2026-08-04T23:19:52.131000Z,"ok(v1,n=2)",pending,1,2026-08-04T23:19:53,2026-08-04T23:19:54,71124a39-dcb9-44e3-a697-108ea4fcf0d4,71124a39-dcb9-44e3-a697-108ea4fcf0d4,2026-08-04T23:19:52.116000Z,fatal,847,2,LVL_Login;LVL_LobbyV2_Persistent,LVL_LobbyV2_Persistent,1,260225,1,1,2026.08.04-23.19.52:132
crashpad,crash,crashpad-20260804-185216/3e17e732-dd9f-4174-a291-66e9c3f036fc,,3e17e732-dd9f-4174-a291-66e9c3f036fc,0,4,,0,,,2026-08-04T23:19:00,2026-08-04T18:19:00.000,,G:\git\Supervive Revival Project\dumps\crashpad-20260804-185216,,ok,,,,,,,,,,,,,,,,,,,,,,,,,,,,,,,,2026-08-04T18:19:00.412,,,,,,,,,,,,,,,,,,,,,,,,,,,,,,,,,,,,,,,,1,5420624,185,ok,,,0,0,,0,,,,,,,,,,,,,,,,,,,,,,,,,,,,2026-08-04T18:52:17.0755032-05:00,2  verified=2  failed=0,archive-crashdumps.ps1 (pre-launch sweep),G:\git\GAME BACKUPS FOR REVERSE ENGINEERING\SUPERVIVE\Loki\.sentry-native,crashpad-20260804-181909-shimrun2-DEATH;crashpad-20260804-181915;crashpad-20260804-182004-shimrun3-DEATH;crashpad-20260804-185216,38329c00-8411-4469-88c1-3864d94e25db,2026-08-04T23:19:52.131000Z,"ok(v1,n=2)",pending,1,2026-08-04T23:19:00,2026-08-04T23:19:00,9b7cc5c6-c2c2-4834-e4da-4a170e2feefb,,,,0,0,,,1,260225,1,1,2026.08.04-23.19.52:132
crashpad,crash,crashpad-20260804-185216/590cfd83-b140-479b-8bbb-6b77c1cf7efb,UECC-Windows-3905983148DAC75C16BC9BBDDE4E7578,590cfd83-b140-479b-8bbb-6b77c1cf7efb,0,2,,0,Crash,34,2026-08-04T23:19:52.116000Z,2026-08-04T18:19:52.116,menu-lobby,G:\git\Supervive Revival Project\dumps\crashpad-20260804-185216,,ok,,,,18000,false,false,false,,,,,,,,,,,,5.4.3-0,release2.4.live-156430-shipping,Shipping,Game,SUPERVIVE-Win64-Shipping,UE-Loki,,G:/git/GAME BACKUPS FOR REVERSE ENGINEERING/SUPERVIVE/Loki/Binaries/Win64/,,,,-ini:Engine:[/Script/AccelByteUe4Sdk.AccelByteSettings]:BaseUrl=http://localhost:8080 -ini:Engine:[/Script/AccelByteUe4Sdk.AccelByteSettings]:IamServerUrl=http://localhost:8080/iam -ini:Engine:[/Script/AccelByteUe4Sdk.AccelByteSettings]:PlatformServerUrl=http://localhost:8080/platform -ini:Engine:[/Script/AccelByteUe4Sdk.AccelByteSettings]:BasicServerUrl=http://localhost:8080/basic -ini:Engine:[/Script/AccelByteUe4Sdk.AccelByteSettings]:LobbyServerUrl=ws://localhost:8080/lobby/ -ini:Engine:[/Script/Loki.LokiGameProjectSettings]:ProdPostAuthURL=http://localhost:8080 -ini:Engine:[/Script/Loki.LokiGameProjectSettings]:ProdClientConfigURL=http://localhost:8080 -ini:Game:[/Script/Loki.LokiGameProjectSettings]:ProdPostAuthURL=http://localhost:8080 -ini:Game:[/Script/Loki.LokiGameProjectSettings]:ProdClientConfigURL=http://localhost:8080 -log,,2026-08-04T18:19:53.310,,,,,,,,,,,,,,,0,,,,,,,,,,,,,,,AMD Ryzen 7 3800XT 8-Core Processor,NVIDIA GeForce RTX 4090,,,,,,release2.4.live-156430-shipping,156430,,1,43740912,220,ok,,Loki.log;__sentry-breadcrumb1;__sentry-breadcrumb2;__sentry-event,4,0,,1,Loki.log,259890,2192,2026.08.04-23.19.18:190,2026.08.04-23.19.52:119,33.929,2,/Game/Loki/Maps/LobbyV2/LVL_LobbyV2_Persistent,/Game/Loki/Maps/LVL_Login;/Game/Loki/Maps/LobbyV2/LVL_LobbyV2_Persistent,0,1,0,0,0,0,0,0,0,0,0,0,0,0,0,0,0,,2026-08-04T18:52:17.0755032-05:00,2  verified=2  failed=0,archive-crashdumps.ps1 (pre-launch sweep),G:\git\GAME BACKUPS FOR REVERSE ENGINEERING\SUPERVIVE\Loki\.sentry-native,crashpad-20260804-182004-shimrun3-DEATH;crashpad-20260804-185216,38329c00-8411-4469-88c1-3864d94e25db,2026-08-04T23:19:52.131000Z,"ok(v1,n=2)",pending,1,2026-08-04T23:19:53,2026-08-04T23:19:54,71124a39-dcb9-44e3-a697-108ea4fcf0d4,71124a39-dcb9-44e3-a697-108ea4fcf0d4,2026-08-04T23:19:52.116000Z,fatal,847,2,LVL_Login;LVL_LobbyV2_Persistent,LVL_LobbyV2_Persistent,1,260225,1,1,2026.08.04-23.19.52:132
crashpad,crash,crashpad-20260804-210459-pi1run3-DEATH/673de738-afc8-49e1-99d0-7ce0bda6f536,UECC-Windows-CD53CACB40308EE0A5FA57A1DAD0F8B4,673de738-afc8-49e1-99d0-7ce0bda6f536,1,2,pi1run3-DEATH,1,Crash,51,2026-08-05T02:04:49.393000Z,2026-08-04T21:04:49.393,menu-login,G:\git\Supervive Revival Project\dumps\crashpad-20260804-210459-pi1run3-DEATH,,ok,,,,24580,false,false,false,,,,,,,,,,,,5.4.3-0,release2.4.live-156430-shipping,Shipping,Game,SUPERVIVE-Win64-Shipping,UE-Loki,,G:/git/GAME BACKUPS FOR REVERSE ENGINEERING/SUPERVIVE/Loki/Binaries/Win64/,,,,-ini:Engine:[/Script/AccelByteUe4Sdk.AccelByteSettings]:BaseUrl=http://localhost:8080 -ini:Engine:[/Script/AccelByteUe4Sdk.AccelByteSettings]:IamServerUrl=http://localhost:8080/iam -ini:Engine:[/Script/AccelByteUe4Sdk.AccelByteSettings]:PlatformServerUrl=http://localhost:8080/platform -ini:Engine:[/Script/AccelByteUe4Sdk.AccelByteSettings]:BasicServerUrl=http://localhost:8080/basic -ini:Engine:[/Script/AccelByteUe4Sdk.AccelByteSettings]:LobbyServerUrl=ws://localhost:8080/lobby/ -ini:Engine:[/Script/Loki.LokiGameProjectSettings]:ProdPostAuthURL=http://localhost:8080 -ini:Engine:[/Script/Loki.LokiGameProjectSettings]:ProdClientConfigURL=http://localhost:8080 -ini:Game:[/Script/Loki.LokiGameProjectSettings]:ProdPostAuthURL=http://localhost:8080 -ini:Game:[/Script/Loki.LokiGameProjectSettings]:ProdClientConfigURL=http://localhost:8080 -log,,2026-08-04T21:04:50.084,,,,,,,,,,,,,,,0,,,,,,,,,,,,,,,AMD Ryzen 7 3800XT 8-Core Processor,NVIDIA GeForce RTX 4090,,,,,,release2.4.live-156430-shipping,156430,,1,43385024,220,ok,,Loki.log;__sentry-breadcrumb1;__sentry-breadcrumb2;__sentry-event,4,0,,1,Loki.log,208832,1759,2026.08.05-02.04.32:575,2026.08.05-02.04.49:406,16.831,1,/Game/Loki/Maps/LVL_Login,/Game/Loki/Maps/LVL_Login,0,1,0,0,0,0,0,0,0,0,0,0,0,0,0,0,0,,2026-08-04T21:04:59.8361529-05:00,1  verified=1  failed=0,archive-crashdumps.ps1 (pre-launch sweep),G:\git\GAME BACKUPS FOR REVERSE ENGINEERING\SUPERVIVE\Loki\.sentry-native,crashpad-20260804-210459-pi1run3-DEATH;crashpad-20260804-211019,38329c00-8411-4469-88c1-3864d94e25db,2026-08-05T02:04:49.418000Z,"ok(v1,n=1)",pending,1,2026-08-05T02:04:50,2026-08-05T02:04:50,4ba7de9b-cb47-4f6a-0855-e91207718ebd,4ba7de9b-cb47-4f6a-0855-e91207718ebd,2026-08-05T02:04:49.393000Z,fatal,847,1,LVL_Login,LVL_Login,1,209167,1,1,2026.08.05-02.04.49:419
crashpad,crash,crashpad-20260804-211019/673de738-afc8-49e1-99d0-7ce0bda6f536,UECC-Windows-CD53CACB40308EE0A5FA57A1DAD0F8B4,673de738-afc8-49e1-99d0-7ce0bda6f536,0,2,,0,Crash,51,2026-08-05T02:04:49.393000Z,2026-08-04T21:04:49.393,menu-login,G:\git\Supervive Revival Project\dumps\crashpad-20260804-211019,,ok,,,,24580,false,false,false,,,,,,,,,,,,5.4.3-0,release2.4.live-156430-shipping,Shipping,Game,SUPERVIVE-Win64-Shipping,UE-Loki,,G:/git/GAME BACKUPS FOR REVERSE ENGINEERING/SUPERVIVE/Loki/Binaries/Win64/,,,,-ini:Engine:[/Script/AccelByteUe4Sdk.AccelByteSettings]:BaseUrl=http://localhost:8080 -ini:Engine:[/Script/AccelByteUe4Sdk.AccelByteSettings]:IamServerUrl=http://localhost:8080/iam -ini:Engine:[/Script/AccelByteUe4Sdk.AccelByteSettings]:PlatformServerUrl=http://localhost:8080/platform -ini:Engine:[/Script/AccelByteUe4Sdk.AccelByteSettings]:BasicServerUrl=http://localhost:8080/basic -ini:Engine:[/Script/AccelByteUe4Sdk.AccelByteSettings]:LobbyServerUrl=ws://localhost:8080/lobby/ -ini:Engine:[/Script/Loki.LokiGameProjectSettings]:ProdPostAuthURL=http://localhost:8080 -ini:Engine:[/Script/Loki.LokiGameProjectSettings]:ProdClientConfigURL=http://localhost:8080 -ini:Game:[/Script/Loki.LokiGameProjectSettings]:ProdPostAuthURL=http://localhost:8080 -ini:Game:[/Script/Loki.LokiGameProjectSettings]:ProdClientConfigURL=http://localhost:8080 -log,,2026-08-04T21:04:50.084,,,,,,,,,,,,,,,0,,,,,,,,,,,,,,,AMD Ryzen 7 3800XT 8-Core Processor,NVIDIA GeForce RTX 4090,,,,,,release2.4.live-156430-shipping,156430,,1,43385024,220,ok,,Loki.log;__sentry-breadcrumb1;__sentry-breadcrumb2;__sentry-event,4,0,,1,Loki.log,208832,1759,2026.08.05-02.04.32:575,2026.08.05-02.04.49:406,16.831,1,/Game/Loki/Maps/LVL_Login,/Game/Loki/Maps/LVL_Login,0,1,0,0,0,0,0,0,0,0,0,0,0,0,0,0,0,,2026-08-04T21:10:19.9234155-05:00,1  verified=1  failed=0,archive-crashdumps.ps1 (pre-launch sweep),G:\git\GAME BACKUPS FOR REVERSE ENGINEERING\SUPERVIVE\Loki\.sentry-native,crashpad-20260804-210459-pi1run3-DEATH;crashpad-20260804-211019,38329c00-8411-4469-88c1-3864d94e25db,2026-08-05T02:04:49.418000Z,"ok(v1,n=1)",pending,1,2026-08-05T02:04:50,2026-08-05T02:04:50,4ba7de9b-cb47-4f6a-0855-e91207718ebd,4ba7de9b-cb47-4f6a-0855-e91207718ebd,2026-08-05T02:04:49.393000Z,fatal,847,1,LVL_Login,LVL_Login,1,209167,1,1,2026.08.05-02.04.49:419
crashpad,crash,crashpad-20260804-230329-sub-NoMissions-1-DEATH/e7d14df5-ddfb-4f74-902c-29acae9bb0ab,UECC-Windows-F999914A49AE15D4A011B18C0012B47A,e7d14df5-ddfb-4f74-902c-29acae9bb0ab,1,2,sub-NoMissions-1-DEATH,1,Crash,29,2026-08-05T04:03:16.174000Z,2026-08-04T23:03:16.174,menu-login,G:\git\Supervive Revival Project\dumps\crashpad-20260804-230329-sub-NoMissions-1-DEATH,,ok,,,,40264,false,false,false,,,,,,,,,,,,5.4.3-0,release2.4.live-156430-shipping,Shipping,Game,SUPERVIVE-Win64-Shipping,UE-Loki,,G:/git/GAME BACKUPS FOR REVERSE ENGINEERING/SUPERVIVE/Loki/Binaries/Win64/,,,,-ini:Engine:[/Script/AccelByteUe4Sdk.AccelByteSettings]:BaseUrl=http://localhost:8080 -ini:Engine:[/Script/AccelByteUe4Sdk.AccelByteSettings]:IamServerUrl=http://localhost:8080/iam -ini:Engine:[/Script/AccelByteUe4Sdk.AccelByteSettings]:PlatformServerUrl=http://localhost:8080/platform -ini:Engine:[/Script/AccelByteUe4Sdk.AccelByteSettings]:BasicServerUrl=http://localhost:8080/basic -ini:Engine:[/Script/AccelByteUe4Sdk.AccelByteSettings]:LobbyServerUrl=ws://localhost:8080/lobby/ -ini:Engine:[/Script/Loki.LokiGameProjectSettings]:ProdPostAuthURL=http://localhost:8080 -ini:Engine:[/Script/Loki.LokiGameProjectSettings]:ProdClientConfigURL=http://localhost:8080 -ini:Game:[/Script/Loki.LokiGameProjectSettings]:ProdPostAuthURL=http://localhost:8080 -ini:Game:[/Script/Loki.LokiGameProjectSettings]:ProdClientConfigURL=http://localhost:8080 -log,,2026-08-04T23:03:16.783,,,,,,,,,,,,,,,0,,,,,,,,,,,,,,,AMD Ryzen 7 3800XT 8-Core Processor,NVIDIA GeForce RTX 4090,,,,,,release2.4.live-156430-shipping,156430,,1,43312080,220,ok,,Loki.log;__sentry-breadcrumb1;__sentry-breadcrumb2;__sentry-event,4,0,,1,Loki.log,208832,1759,2026.08.05-04.03.01:528,2026.08.05-04.03.16:179,14.651,1,/Game/Loki/Maps/LVL_Login,/Game/Loki/Maps/LVL_Login,0,1,0,0,0,0,0,0,0,0,0,0,0,0,0,0,0,,2026-08-04T23:03:29.2622993-05:00,1  verified=1  failed=0,archive-crashdumps.ps1 (pre-launch sweep),G:\git\GAME BACKUPS FOR REVERSE ENGINEERING\SUPERVIVE\Loki\.sentry-native,crashpad-20260804-230329-sub-NoMissions-1-DEATH;crashpad-20260804-230334,38329c00-8411-4469-88c1-3864d94e25db,2026-08-05T04:03:16.191000Z,"ok(v1,n=1)",pending,1,2026-08-05T04:03:16,2026-08-05T04:03:17,c37c9b22-8dd6-4154-6e04-ac56b3cfdbd5,c37c9b22-8dd6-4154-6e04-ac56b3cfdbd5,2026-08-05T04:03:16.174000Z,fatal,847,1,LVL_Login,LVL_Login,1,209167,1,1,2026.08.05-04.03.16:191
crashpad,crash,crashpad-20260804-230334/e7d14df5-ddfb-4f74-902c-29acae9bb0ab,UECC-Windows-F999914A49AE15D4A011B18C0012B47A,e7d14df5-ddfb-4f74-902c-29acae9bb0ab,0,2,,0,Crash,29,2026-08-05T04:03:16.174000Z,2026-08-04T23:03:16.174,menu-login,G:\git\Supervive Revival Project\dumps\crashpad-20260804-230334,,ok,,,,40264,false,false,false,,,,,,,,,,,,5.4.3-0,release2.4.live-156430-shipping,Shipping,Game,SUPERVIVE-Win64-Shipping,UE-Loki,,G:/git/GAME BACKUPS FOR REVERSE ENGINEERING/SUPERVIVE/Loki/Binaries/Win64/,,,,-ini:Engine:[/Script/AccelByteUe4Sdk.AccelByteSettings]:BaseUrl=http://localhost:8080 -ini:Engine:[/Script/AccelByteUe4Sdk.AccelByteSettings]:IamServerUrl=http://localhost:8080/iam -ini:Engine:[/Script/AccelByteUe4Sdk.AccelByteSettings]:PlatformServerUrl=http://localhost:8080/platform -ini:Engine:[/Script/AccelByteUe4Sdk.AccelByteSettings]:BasicServerUrl=http://localhost:8080/basic -ini:Engine:[/Script/AccelByteUe4Sdk.AccelByteSettings]:LobbyServerUrl=ws://localhost:8080/lobby/ -ini:Engine:[/Script/Loki.LokiGameProjectSettings]:ProdPostAuthURL=http://localhost:8080 -ini:Engine:[/Script/Loki.LokiGameProjectSettings]:ProdClientConfigURL=http://localhost:8080 -ini:Game:[/Script/Loki.LokiGameProjectSettings]:ProdPostAuthURL=http://localhost:8080 -ini:Game:[/Script/Loki.LokiGameProjectSettings]:ProdClientConfigURL=http://localhost:8080 -log,,2026-08-04T23:03:16.783,,,,,,,,,,,,,,,0,,,,,,,,,,,,,,,AMD Ryzen 7 3800XT 8-Core Processor,NVIDIA GeForce RTX 4090,,,,,,release2.4.live-156430-shipping,156430,,1,43312080,220,ok,,Loki.log;__sentry-breadcrumb1;__sentry-breadcrumb2;__sentry-event,4,0,,1,Loki.log,208832,1759,2026.08.05-04.03.01:528,2026.08.05-04.03.16:179,14.651,1,/Game/Loki/Maps/LVL_Login,/Game/Loki/Maps/LVL_Login,0,1,0,0,0,0,0,0,0,0,0,0,0,0,0,0,0,,2026-08-04T23:03:34.6238665-05:00,1  verified=1  failed=0,archive-crashdumps.ps1 (pre-launch sweep),G:\git\GAME BACKUPS FOR REVERSE ENGINEERING\SUPERVIVE\Loki\.sentry-native,crashpad-20260804-230329-sub-NoMissions-1-DEATH;crashpad-20260804-230334,38329c00-8411-4469-88c1-3864d94e25db,2026-08-05T04:03:16.191000Z,"ok(v1,n=1)",pending,1,2026-08-05T04:03:16,2026-08-05T04:03:17,c37c9b22-8dd6-4154-6e04-ac56b3cfdbd5,c37c9b22-8dd6-4154-6e04-ac56b3cfdbd5,2026-08-05T04:03:16.174000Z,fatal,847,1,LVL_Login,LVL_Login,1,209167,1,1,2026.08.05-04.03.16:191
crashpad,crash,crashpad-20260804-230408-sub-NoMissions-2-DEATH/5e4cce11-0836-4b55-96ed-a5aef4d21aae,UECC-Windows-BCDABEF747E6BFEBE4021681C2FBCD34,5e4cce11-0836-4b55-96ed-a5aef4d21aae,1,2,sub-NoMissions-2-DEATH,1,Crash,16,2026-08-05T04:03:53.986000Z,2026-08-04T23:03:53.986,menu-login,G:\git\Supervive Revival Project\dumps\crashpad-20260804-230408-sub-NoMissions-2-DEATH,,ok,,,,33480,false,false,false,,,,,,,,,,,,5.4.3-0,release2.4.live-156430-shipping,Shipping,Game,SUPERVIVE-Win64-Shipping,UE-Loki,,G:/git/GAME BACKUPS FOR REVERSE ENGINEERING/SUPERVIVE/Loki/Binaries/Win64/,,,,-ini:Engine:[/Script/AccelByteUe4Sdk.AccelByteSettings]:BaseUrl=http://localhost:8080 -ini:Engine:[/Script/AccelByteUe4Sdk.AccelByteSettings]:IamServerUrl=http://localhost:8080/iam -ini:Engine:[/Script/AccelByteUe4Sdk.AccelByteSettings]:PlatformServerUrl=http://localhost:8080/platform -ini:Engine:[/Script/AccelByteUe4Sdk.AccelByteSettings]:BasicServerUrl=http://localhost:8080/basic -ini:Engine:[/Script/AccelByteUe4Sdk.AccelByteSettings]:LobbyServerUrl=ws://localhost:8080/lobby/ -ini:Engine:[/Script/Loki.LokiGameProjectSettings]:ProdPostAuthURL=http://localhost:8080 -ini:Engine:[/Script/Loki.LokiGameProjectSettings]:ProdClientConfigURL=http://localhost:8080 -ini:Game:[/Script/Loki.LokiGameProjectSettings]:ProdPostAuthURL=http://localhost:8080 -ini:Game:[/Script/Loki.LokiGameProjectSettings]:ProdClientConfigURL=http://localhost:8080 -log,,2026-08-04T23:03:54.646,,,,,,,,,,,,,,,0,,,,,,,,,,,,,,,AMD Ryzen 7 3800XT 8-Core Processor,NVIDIA GeForce RTX 4090,,,,,,release2.4.live-156430-shipping,156430,,1,43450944,220,ok,,Loki.log;__sentry-breadcrumb1;__sentry-breadcrumb2;__sentry-event,4,0,,1,Loki.log,223760,1802,2026.08.05-04.03.37:066,2026.08.05-04.03.53:992,16.926,1,/Game/Loki/Maps/LVL_Login,/Game/Loki/Maps/LVL_Login,0,1,0,0,0,0,0,0,0,0,0,0,0,0,0,0,0,,2026-08-04T23:04:08.4244236-05:00,1  verified=1  failed=0,archive-crashdumps.ps1 (pre-launch sweep),G:\git\GAME BACKUPS FOR REVERSE ENGINEERING\SUPERVIVE\Loki\.sentry-native,crashpad-20260804-230408-sub-NoMissions-2-DEATH;crashpad-20260804-230413,38329c00-8411-4469-88c1-3864d94e25db,2026-08-05T04:03:54.004000Z,"ok(v1,n=1)",pending,1,2026-08-05T04:03:54,2026-08-05T04:03:55,1d113a6f-c908-4930-066c-8a84556e3b6e,1d113a6f-c908-4930-066c-8a84556e3b6e,2026-08-05T04:03:53.986000Z,fatal,847,1,LVL_Login,LVL_Login,1,224095,1,1,2026.08.05-04.03.54:004
crashpad,crash,crashpad-20260804-230413/5e4cce11-0836-4b55-96ed-a5aef4d21aae,UECC-Windows-BCDABEF747E6BFEBE4021681C2FBCD34,5e4cce11-0836-4b55-96ed-a5aef4d21aae,0,2,,0,Crash,16,2026-08-05T04:03:53.986000Z,2026-08-04T23:03:53.986,menu-login,G:\git\Supervive Revival Project\dumps\crashpad-20260804-230413,,ok,,,,33480,false,false,false,,,,,,,,,,,,5.4.3-0,release2.4.live-156430-shipping,Shipping,Game,SUPERVIVE-Win64-Shipping,UE-Loki,,G:/git/GAME BACKUPS FOR REVERSE ENGINEERING/SUPERVIVE/Loki/Binaries/Win64/,,,,-ini:Engine:[/Script/AccelByteUe4Sdk.AccelByteSettings]:BaseUrl=http://localhost:8080 -ini:Engine:[/Script/AccelByteUe4Sdk.AccelByteSettings]:IamServerUrl=http://localhost:8080/iam -ini:Engine:[/Script/AccelByteUe4Sdk.AccelByteSettings]:PlatformServerUrl=http://localhost:8080/platform -ini:Engine:[/Script/AccelByteUe4Sdk.AccelByteSettings]:BasicServerUrl=http://localhost:8080/basic -ini:Engine:[/Script/AccelByteUe4Sdk.AccelByteSettings]:LobbyServerUrl=ws://localhost:8080/lobby/ -ini:Engine:[/Script/Loki.LokiGameProjectSettings]:ProdPostAuthURL=http://localhost:8080 -ini:Engine:[/Script/Loki.LokiGameProjectSettings]:ProdClientConfigURL=http://localhost:8080 -ini:Game:[/Script/Loki.LokiGameProjectSettings]:ProdPostAuthURL=http://localhost:8080 -ini:Game:[/Script/Loki.LokiGameProjectSettings]:ProdClientConfigURL=http://localhost:8080 -log,,2026-08-04T23:03:54.646,,,,,,,,,,,,,,,0,,,,,,,,,,,,,,,AMD Ryzen 7 3800XT 8-Core Processor,NVIDIA GeForce RTX 4090,,,,,,release2.4.live-156430-shipping,156430,,1,43450944,220,ok,,Loki.log;__sentry-breadcrumb1;__sentry-breadcrumb2;__sentry-event,4,0,,1,Loki.log,223760,1802,2026.08.05-04.03.37:066,2026.08.05-04.03.53:992,16.926,1,/Game/Loki/Maps/LVL_Login,/Game/Loki/Maps/LVL_Login,0,1,0,0,0,0,0,0,0,0,0,0,0,0,0,0,0,,2026-08-04T23:04:13.9327855-05:00,1  verified=1  failed=0,archive-crashdumps.ps1 (pre-launch sweep),G:\git\GAME BACKUPS FOR REVERSE ENGINEERING\SUPERVIVE\Loki\.sentry-native,crashpad-20260804-230408-sub-NoMissions-2-DEATH;crashpad-20260804-230413,38329c00-8411-4469-88c1-3864d94e25db,2026-08-05T04:03:54.004000Z,"ok(v1,n=1)",pending,1,2026-08-05T04:03:54,2026-08-05T04:03:55,1d113a6f-c908-4930-066c-8a84556e3b6e,1d113a6f-c908-4930-066c-8a84556e3b6e,2026-08-05T04:03:53.986000Z,fatal,847,1,LVL_Login,LVL_Login,1,224095,1,1,2026.08.05-04.03.54:004
crashpad,crash,crashpad-20260804-230452-sub-NoMissions-3-DEATH/d9a2e984-8d4e-46f1-9177-90a668fa926e,UECC-Windows-CD14347B4E38A447FE051CBD7A4B37CD,d9a2e984-8d4e-46f1-9177-90a668fa926e,1,3,sub-NoMissions-3-DEATH,1,Crash,0,2026-08-05T04:04:43.406000Z,2026-08-04T23:04:43.406,menu-login,G:\git\Supervive Revival Project\dumps\crashpad-20260804-230452-sub-NoMissions-3-DEATH,,ok,,,,44428,false,false,false,,,,,,,,,,,,5.4.3-0,release2.4.live-156430-shipping,Shipping,Game,SUPERVIVE-Win64-Shipping,UE-Loki,,G:/git/GAME BACKUPS FOR REVERSE ENGINEERING/SUPERVIVE/Loki/Binaries/Win64/,,,,-ini:Engine:[/Script/AccelByteUe4Sdk.AccelByteSettings]:BaseUrl=http://localhost:8080 -ini:Engine:[/Script/AccelByteUe4Sdk.AccelByteSettings]:IamServerUrl=http://localhost:8080/iam -ini:Engine:[/Script/AccelByteUe4Sdk.AccelByteSettings]:PlatformServerUrl=http://localhost:8080/platform -ini:Engine:[/Script/AccelByteUe4Sdk.AccelByteSettings]:BasicServerUrl=http://localhost:8080/basic -ini:Engine:[/Script/AccelByteUe4Sdk.AccelByteSettings]:LobbyServerUrl=ws://localhost:8080/lobby/ -ini:Engine:[/Script/Loki.LokiGameProjectSettings]:ProdPostAuthURL=http://localhost:8080 -ini:Engine:[/Script/Loki.LokiGameProjectSettings]:ProdClientConfigURL=http://localhost:8080 -ini:Game:[/Script/Loki.LokiGameProjectSettings]:ProdPostAuthURL=http://localhost:8080 -ini:Game:[/Script/Loki.LokiGameProjectSettings]:ProdClientConfigURL=http://localhost:8080 -log,,2026-08-04T23:04:44.005,,,,,,,,,,,,,,,0,,,,,,,,,,,,,,,AMD Ryzen 7 3800XT 8-Core Processor,NVIDIA GeForce RTX 4090,,,,,,release2.4.live-156430-shipping,156430,,1,42958384,210,ok,,Loki.log;__sentry-breadcrumb1;__sentry-breadcrumb2;__sentry-event,4,0,,1,Loki.log,166444,1465,2026.08.05-04.04.35:366,2026.08.05-04.04.43:409,8.043,1,/Game/Loki/Maps/LVL_Login,/Game/Loki/Maps/LVL_Login,0,1,0,0,0,0,0,0,0,0,0,0,0,0,0,0,0,,2026-08-04T23:04:52.7757185-05:00,1  verified=1  failed=0,archive-crashdumps.ps1 (pre-launch sweep),G:\git\GAME BACKUPS FOR REVERSE ENGINEERING\SUPERVIVE\Loki\.sentry-native,crashpad-20260804-230452-sub-NoMissions-3-DEATH;crashpad-20260804-230458;crashpad-20260804-231015,38329c00-8411-4469-88c1-3864d94e25db,2026-08-05T04:04:43.423000Z,"ok(v1,n=1)",pending,1,2026-08-05T04:04:44,2026-08-05T04:04:44,cc4e5e11-744b-43e4-ed41-e8f32978911e,cc4e5e11-744b-43e4-ed41-e8f32978911e,2026-08-05T04:04:43.406000Z,fatal,847,1,LVL_Login,LVL_Login,1,166779,1,1,2026.08.05-04.04.43:423
crashpad,crash,crashpad-20260804-230458/d9a2e984-8d4e-46f1-9177-90a668fa926e,UECC-Windows-CD14347B4E38A447FE051CBD7A4B37CD,d9a2e984-8d4e-46f1-9177-90a668fa926e,0,3,,0,Crash,0,2026-08-05T04:04:43.406000Z,2026-08-04T23:04:43.406,menu-login,G:\git\Supervive Revival Project\dumps\crashpad-20260804-230458,,ok,,,,44428,false,false,false,,,,,,,,,,,,5.4.3-0,release2.4.live-156430-shipping,Shipping,Game,SUPERVIVE-Win64-Shipping,UE-Loki,,G:/git/GAME BACKUPS FOR REVERSE ENGINEERING/SUPERVIVE/Loki/Binaries/Win64/,,,,-ini:Engine:[/Script/AccelByteUe4Sdk.AccelByteSettings]:BaseUrl=http://localhost:8080 -ini:Engine:[/Script/AccelByteUe4Sdk.AccelByteSettings]:IamServerUrl=http://localhost:8080/iam -ini:Engine:[/Script/AccelByteUe4Sdk.AccelByteSettings]:PlatformServerUrl=http://localhost:8080/platform -ini:Engine:[/Script/AccelByteUe4Sdk.AccelByteSettings]:BasicServerUrl=http://localhost:8080/basic -ini:Engine:[/Script/AccelByteUe4Sdk.AccelByteSettings]:LobbyServerUrl=ws://localhost:8080/lobby/ -ini:Engine:[/Script/Loki.LokiGameProjectSettings]:ProdPostAuthURL=http://localhost:8080 -ini:Engine:[/Script/Loki.LokiGameProjectSettings]:ProdClientConfigURL=http://localhost:8080 -ini:Game:[/Script/Loki.LokiGameProjectSettings]:ProdPostAuthURL=http://localhost:8080 -ini:Game:[/Script/Loki.LokiGameProjectSettings]:ProdClientConfigURL=http://localhost:8080 -log,,2026-08-04T23:04:44.005,,,,,,,,,,,,,,,0,,,,,,,,,,,,,,,AMD Ryzen 7 3800XT 8-Core Processor,NVIDIA GeForce RTX 4090,,,,,,release2.4.live-156430-shipping,156430,,1,42958384,210,ok,,Loki.log;__sentry-breadcrumb1;__sentry-breadcrumb2;__sentry-event,4,0,,1,Loki.log,166444,1465,2026.08.05-04.04.35:366,2026.08.05-04.04.43:409,8.043,1,/Game/Loki/Maps/LVL_Login,/Game/Loki/Maps/LVL_Login,0,1,0,0,0,0,0,0,0,0,0,0,0,0,0,0,0,,2026-08-04T23:04:58.3575813-05:00,1  verified=1  failed=0,archive-crashdumps.ps1 (pre-launch sweep),G:\git\GAME BACKUPS FOR REVERSE ENGINEERING\SUPERVIVE\Loki\.sentry-native,crashpad-20260804-230452-sub-NoMissions-3-DEATH;crashpad-20260804-230458;crashpad-20260804-231015,38329c00-8411-4469-88c1-3864d94e25db,2026-08-05T04:04:43.423000Z,"ok(v1,n=1)",pending,1,2026-08-05T04:04:44,2026-08-05T04:04:44,cc4e5e11-744b-43e4-ed41-e8f32978911e,cc4e5e11-744b-43e4-ed41-e8f32978911e,2026-08-05T04:04:43.406000Z,fatal,847,1,LVL_Login,LVL_Login,1,166779,1,1,2026.08.05-04.04.43:423
crashpad,crash,crashpad-20260804-231015/d9a2e984-8d4e-46f1-9177-90a668fa926e,UECC-Windows-CD14347B4E38A447FE051CBD7A4B37CD,d9a2e984-8d4e-46f1-9177-90a668fa926e,0,3,,0,Crash,0,2026-08-05T04:04:43.406000Z,2026-08-04T23:04:43.406,menu-login,G:\git\Supervive Revival Project\dumps\crashpad-20260804-231015,,ok,,,,44428,false,false,false,,,,,,,,,,,,5.4.3-0,release2.4.live-156430-shipping,Shipping,Game,SUPERVIVE-Win64-Shipping,UE-Loki,,G:/git/GAME BACKUPS FOR REVERSE ENGINEERING/SUPERVIVE/Loki/Binaries/Win64/,,,,-ini:Engine:[/Script/AccelByteUe4Sdk.AccelByteSettings]:BaseUrl=http://localhost:8080 -ini:Engine:[/Script/AccelByteUe4Sdk.AccelByteSettings]:IamServerUrl=http://localhost:8080/iam -ini:Engine:[/Script/AccelByteUe4Sdk.AccelByteSettings]:PlatformServerUrl=http://localhost:8080/platform -ini:Engine:[/Script/AccelByteUe4Sdk.AccelByteSettings]:BasicServerUrl=http://localhost:8080/basic -ini:Engine:[/Script/AccelByteUe4Sdk.AccelByteSettings]:LobbyServerUrl=ws://localhost:8080/lobby/ -ini:Engine:[/Script/Loki.LokiGameProjectSettings]:ProdPostAuthURL=http://localhost:8080 -ini:Engine:[/Script/Loki.LokiGameProjectSettings]:ProdClientConfigURL=http://localhost:8080 -ini:Game:[/Script/Loki.LokiGameProjectSettings]:ProdPostAuthURL=http://localhost:8080 -ini:Game:[/Script/Loki.LokiGameProjectSettings]:ProdClientConfigURL=http://localhost:8080 -log,,2026-08-04T23:04:44.005,,,,,,,,,,,,,,,0,,,,,,,,,,,,,,,AMD Ryzen 7 3800XT 8-Core Processor,NVIDIA GeForce RTX 4090,,,,,,release2.4.live-156430-shipping,156430,,1,42958384,210,ok,,Loki.log;__sentry-breadcrumb1;__sentry-breadcrumb2;__sentry-event,4,0,,1,Loki.log,166444,1465,2026.08.05-04.04.35:366,2026.08.05-04.04.43:409,8.043,1,/Game/Loki/Maps/LVL_Login,/Game/Loki/Maps/LVL_Login,0,1,0,0,0,0,0,0,0,0,0,0,0,0,0,0,0,,2026-08-04T23:10:15.8434397-05:00,1  verified=1  failed=0,archive-crashdumps.ps1 (pre-launch sweep),G:\git\GAME BACKUPS FOR REVERSE ENGINEERING\SUPERVIVE\Loki\.sentry-native,crashpad-20260804-230452-sub-NoMissions-3-DEATH;crashpad-20260804-230458;crashpad-20260804-231015,38329c00-8411-4469-88c1-3864d94e25db,2026-08-05T04:04:43.423000Z,"ok(v1,n=1)",pending,1,2026-08-05T04:04:44,2026-08-05T04:04:44,cc4e5e11-744b-43e4-ed41-e8f32978911e,cc4e5e11-744b-43e4-ed41-e8f32978911e,2026-08-05T04:04:43.406000Z,fatal,847,1,LVL_Login,LVL_Login,1,49254,0,0,2026.08.05-04.05.00:898
crashpad,crash,crashpad-20260804-231115-sub-NoPasses-2-DEATH/2b109408-47f6-4626-8f10-dea53209e8dd,UECC-Windows-3BC12EFD4DBB379AFC2EA88F10C41EB2,2b109408-47f6-4626-8f10-dea53209e8dd,1,2,sub-NoPasses-2-DEATH,1,Crash,43,2026-08-05T04:11:01.169000Z,2026-08-04T23:11:01.169,menu-lobby,G:\git\Supervive Revival Project\dumps\crashpad-20260804-231115-sub-NoPasses-2-DEATH,,ok,,,,34668,false,false,false,,,,,,,,,,,,5.4.3-0,release2.4.live-156430-shipping,Shipping,Game,SUPERVIVE-Win64-Shipping,UE-Loki,,G:/git/GAME BACKUPS FOR REVERSE ENGINEERING/SUPERVIVE/Loki/Binaries/Win64/,,,,-ini:Engine:[/Script/AccelByteUe4Sdk.AccelByteSettings]:BaseUrl=http://localhost:8080 -ini:Engine:[/Script/AccelByteUe4Sdk.AccelByteSettings]:IamServerUrl=http://localhost:8080/iam -ini:Engine:[/Script/AccelByteUe4Sdk.AccelByteSettings]:PlatformServerUrl=http://localhost:8080/platform -ini:Engine:[/Script/AccelByteUe4Sdk.AccelByteSettings]:BasicServerUrl=http://localhost:8080/basic -ini:Engine:[/Script/AccelByteUe4Sdk.AccelByteSettings]:LobbyServerUrl=ws://localhost:8080/lobby/ -ini:Engine:[/Script/Loki.LokiGameProjectSettings]:ProdPostAuthURL=http://localhost:8080 -ini:Engine:[/Script/Loki.LokiGameProjectSettings]:ProdClientConfigURL=http://localhost:8080 -ini:Game:[/Script/Loki.LokiGameProjectSettings]:ProdPostAuthURL=http://localhost:8080 -ini:Game:[/Script/Loki.LokiGameProjectSettings]:ProdClientConfigURL=http://localhost:8080 -log,,2026-08-04T23:11:01.958,,,,,,,,,,,,,,,0,,,,,,,,,,,,,,,AMD Ryzen 7 3800XT 8-Core Processor,NVIDIA GeForce RTX 4090,,,,,,release2.4.live-156430-shipping,156430,,1,41424784,220,ok,,Loki.log;__sentry-breadcrumb1;__sentry-breadcrumb2;__sentry-event,4,0,,1,Loki.log,264034,2212,2026.08.05-04.10.37:487,2026.08.05-04.11.01:179,23.692,2,/Game/Loki/Maps/LobbyV2/LVL_LobbyV2_Persistent,/Game/Loki/Maps/LVL_Login;/Game/Loki/Maps/LobbyV2/LVL_LobbyV2_Persistent,0,1,0,0,0,0,0,0,0,0,0,0,0,0,0,0,0,,2026-08-04T23:11:15.3292660-05:00,1  verified=1  failed=0,archive-crashdumps.ps1 (pre-launch sweep),G:\git\GAME BACKUPS FOR REVERSE ENGINEERING\SUPERVIVE\Loki\.sentry-native,crashpad-20260804-231115-sub-NoPasses-2-DEATH;crashpad-20260804-231120,38329c00-8411-4469-88c1-3864d94e25db,2026-08-05T04:11:01.192000Z,"ok(v1,n=1)",pending,1,2026-08-05T04:11:01,2026-08-05T04:11:02,0bfa3c36-9af0-4c91-e2dc-915d59e81085,0bfa3c36-9af0-4c91-e2dc-915d59e81085,2026-08-05T04:11:01.169000Z,fatal,847,2,LVL_Login;LVL_LobbyV2_Persistent,LVL_LobbyV2_Persistent,1,264369,1,1,2026.08.05-04.11.01:192
crashpad,crash,crashpad-20260804-231120/2b109408-47f6-4626-8f10-dea53209e8dd,UECC-Windows-3BC12EFD4DBB379AFC2EA88F10C41EB2,2b109408-47f6-4626-8f10-dea53209e8dd,0,2,,0,Crash,43,2026-08-05T04:11:01.169000Z,2026-08-04T23:11:01.169,menu-lobby,G:\git\Supervive Revival Project\dumps\crashpad-20260804-231120,,ok,,,,34668,false,false,false,,,,,,,,,,,,5.4.3-0,release2.4.live-156430-shipping,Shipping,Game,SUPERVIVE-Win64-Shipping,UE-Loki,,G:/git/GAME BACKUPS FOR REVERSE ENGINEERING/SUPERVIVE/Loki/Binaries/Win64/,,,,-ini:Engine:[/Script/AccelByteUe4Sdk.AccelByteSettings]:BaseUrl=http://localhost:8080 -ini:Engine:[/Script/AccelByteUe4Sdk.AccelByteSettings]:IamServerUrl=http://localhost:8080/iam -ini:Engine:[/Script/AccelByteUe4Sdk.AccelByteSettings]:PlatformServerUrl=http://localhost:8080/platform -ini:Engine:[/Script/AccelByteUe4Sdk.AccelByteSettings]:BasicServerUrl=http://localhost:8080/basic -ini:Engine:[/Script/AccelByteUe4Sdk.AccelByteSettings]:LobbyServerUrl=ws://localhost:8080/lobby/ -ini:Engine:[/Script/Loki.LokiGameProjectSettings]:ProdPostAuthURL=http://localhost:8080 -ini:Engine:[/Script/Loki.LokiGameProjectSettings]:ProdClientConfigURL=http://localhost:8080 -ini:Game:[/Script/Loki.LokiGameProjectSettings]:ProdPostAuthURL=http://localhost:8080 -ini:Game:[/Script/Loki.LokiGameProjectSettings]:ProdClientConfigURL=http://localhost:8080 -log,,2026-08-04T23:11:01.958,,,,,,,,,,,,,,,0,,,,,,,,,,,,,,,AMD Ryzen 7 3800XT 8-Core Processor,NVIDIA GeForce RTX 4090,,,,,,release2.4.live-156430-shipping,156430,,1,41424784,220,ok,,Loki.log;__sentry-breadcrumb1;__sentry-breadcrumb2;__sentry-event,4,0,,1,Loki.log,264034,2212,2026.08.05-04.10.37:487,2026.08.05-04.11.01:179,23.692,2,/Game/Loki/Maps/LobbyV2/LVL_LobbyV2_Persistent,/Game/Loki/Maps/LVL_Login;/Game/Loki/Maps/LobbyV2/LVL_LobbyV2_Persistent,0,1,0,0,0,0,0,0,0,0,0,0,0,0,0,0,0,,2026-08-04T23:11:20.8729815-05:00,1  verified=1  failed=0,archive-crashdumps.ps1 (pre-launch sweep),G:\git\GAME BACKUPS FOR REVERSE ENGINEERING\SUPERVIVE\Loki\.sentry-native,crashpad-20260804-231115-sub-NoPasses-2-DEATH;crashpad-20260804-231120,38329c00-8411-4469-88c1-3864d94e25db,2026-08-05T04:11:01.192000Z,"ok(v1,n=1)",pending,1,2026-08-05T04:11:01,2026-08-05T04:11:02,0bfa3c36-9af0-4c91-e2dc-915d59e81085,0bfa3c36-9af0-4c91-e2dc-915d59e81085,2026-08-05T04:11:01.169000Z,fatal,847,2,LVL_Login;LVL_LobbyV2_Persistent,LVL_LobbyV2_Persistent,1,264369,1,1,2026.08.05-04.11.01:192
crashpad,crash,crashpad-20260805-010927-knee-g30-2-DEATH/3fa0b7d3-0b5b-4867-a766-650f55db596b,UECC-Windows-76753FBC4F42AE339E438AB8B5DB04D9,3fa0b7d3-0b5b-4867-a766-650f55db596b,1,2,knee-g30-2-DEATH,1,Crash,17,2026-08-05T06:09:17.765000Z,2026-08-05T01:09:17.765,menu-login,G:\git\Supervive Revival Project\dumps\crashpad-20260805-010927-knee-g30-2-DEATH,,ok,,,,14160,false,false,false,,,,,,,,,,,,5.4.3-0,release2.4.live-156430-shipping,Shipping,Game,SUPERVIVE-Win64-Shipping,UE-Loki,,G:/git/GAME BACKUPS FOR REVERSE ENGINEERING/SUPERVIVE/Loki/Binaries/Win64/,,,,-ini:Engine:[/Script/AccelByteUe4Sdk.AccelByteSettings]:BaseUrl=http://localhost:8080 -ini:Engine:[/Script/AccelByteUe4Sdk.AccelByteSettings]:IamServerUrl=http://localhost:8080/iam -ini:Engine:[/Script/AccelByteUe4Sdk.AccelByteSettings]:PlatformServerUrl=http://localhost:8080/platform -ini:Engine:[/Script/AccelByteUe4Sdk.AccelByteSettings]:BasicServerUrl=http://localhost:8080/basic -ini:Engine:[/Script/AccelByteUe4Sdk.AccelByteSettings]:LobbyServerUrl=ws://localhost:8080/lobby/ -ini:Engine:[/Script/Loki.LokiGameProjectSettings]:ProdPostAuthURL=http://localhost:8080 -ini:Engine:[/Script/Loki.LokiGameProjectSettings]:ProdClientConfigURL=http://localhost:8080 -ini:Game:[/Script/Loki.LokiGameProjectSettings]:ProdPostAuthURL=http://localhost:8080 -ini:Game:[/Script/Loki.LokiGameProjectSettings]:ProdClientConfigURL=http://localhost:8080 -log,,2026-08-05T01:09:18.698,,,,,,,,,,,,,,,0,,,,,,,,,,,,,,,AMD Ryzen 7 3800XT 8-Core Processor,NVIDIA GeForce RTX 4090,,,,,,release2.4.live-156430-shipping,156430,,1,40901888,220,ok,,Loki.log;__sentry-breadcrumb1;__sentry-breadcrumb2;__sentry-event,4,0,,1,Loki.log,208847,1757,2026.08.05-06.09.02:242,2026.08.05-06.09.17:793,15.551,1,/Game/Loki/Maps/LVL_Login,/Game/Loki/Maps/LVL_Login,0,1,0,0,0,0,0,0,0,0,0,0,0,0,0,0,0,,2026-08-05T01:09:28.3533459-05:00,1  verified=1  failed=0,archive-crashdumps.ps1 (pre-launch sweep),G:\git\GAME BACKUPS FOR REVERSE ENGINEERING\SUPERVIVE\Loki\.sentry-native,crashpad-20260805-010927-knee-g30-2-DEATH;crashpad-20260805-010934,38329c00-8411-4469-88c1-3864d94e25db,2026-08-05T06:09:17.815000Z,"ok(v1,n=1)",pending,1,2026-08-05T06:09:18,2026-08-05T06:09:19,77734b78-521b-419f-6d04-a0d641b3af24,77734b78-521b-419f-6d04-a0d641b3af24,2026-08-05T06:09:17.765000Z,fatal,847,1,LVL_Login,LVL_Login,1,209182,1,1,2026.08.05-06.09.17:816
crashpad,crash,crashpad-20260805-010934/3fa0b7d3-0b5b-4867-a766-650f55db596b,UECC-Windows-76753FBC4F42AE339E438AB8B5DB04D9,3fa0b7d3-0b5b-4867-a766-650f55db596b,0,2,,0,Crash,17,2026-08-05T06:09:17.765000Z,2026-08-05T01:09:17.765,menu-login,G:\git\Supervive Revival Project\dumps\crashpad-20260805-010934,,ok,,,,14160,false,false,false,,,,,,,,,,,,5.4.3-0,release2.4.live-156430-shipping,Shipping,Game,SUPERVIVE-Win64-Shipping,UE-Loki,,G:/git/GAME BACKUPS FOR REVERSE ENGINEERING/SUPERVIVE/Loki/Binaries/Win64/,,,,-ini:Engine:[/Script/AccelByteUe4Sdk.AccelByteSettings]:BaseUrl=http://localhost:8080 -ini:Engine:[/Script/AccelByteUe4Sdk.AccelByteSettings]:IamServerUrl=http://localhost:8080/iam -ini:Engine:[/Script/AccelByteUe4Sdk.AccelByteSettings]:PlatformServerUrl=http://localhost:8080/platform -ini:Engine:[/Script/AccelByteUe4Sdk.AccelByteSettings]:BasicServerUrl=http://localhost:8080/basic -ini:Engine:[/Script/AccelByteUe4Sdk.AccelByteSettings]:LobbyServerUrl=ws://localhost:8080/lobby/ -ini:Engine:[/Script/Loki.LokiGameProjectSettings]:ProdPostAuthURL=http://localhost:8080 -ini:Engine:[/Script/Loki.LokiGameProjectSettings]:ProdClientConfigURL=http://localhost:8080 -ini:Game:[/Script/Loki.LokiGameProjectSettings]:ProdPostAuthURL=http://localhost:8080 -ini:Game:[/Script/Loki.LokiGameProjectSettings]:ProdClientConfigURL=http://localhost:8080 -log,,2026-08-05T01:09:18.698,,,,,,,,,,,,,,,0,,,,,,,,,,,,,,,AMD Ryzen 7 3800XT 8-Core Processor,NVIDIA GeForce RTX 4090,,,,,,release2.4.live-156430-shipping,156430,,1,40901888,220,ok,,Loki.log;__sentry-breadcrumb1;__sentry-breadcrumb2;__sentry-event,4,0,,1,Loki.log,208847,1757,2026.08.05-06.09.02:242,2026.08.05-06.09.17:793,15.551,1,/Game/Loki/Maps/LVL_Login,/Game/Loki/Maps/LVL_Login,0,1,0,0,0,0,0,0,0,0,0,0,0,0,0,0,0,,2026-08-05T01:09:34.2113430-05:00,1  verified=1  failed=0,archive-crashdumps.ps1 (pre-launch sweep),G:\git\GAME BACKUPS FOR REVERSE ENGINEERING\SUPERVIVE\Loki\.sentry-native,crashpad-20260805-010927-knee-g30-2-DEATH;crashpad-20260805-010934,38329c00-8411-4469-88c1-3864d94e25db,2026-08-05T06:09:17.815000Z,"ok(v1,n=1)",pending,1,2026-08-05T06:09:18,2026-08-05T06:09:19,77734b78-521b-419f-6d04-a0d641b3af24,77734b78-521b-419f-6d04-a0d641b3af24,2026-08-05T06:09:17.765000Z,fatal,847,1,LVL_Login,LVL_Login,1,209182,1,1,2026.08.05-06.09.17:816
crashpad,crash,crashpad-20260805-011023-knee-g30-3-DEATH/40d6100a-b98a-4cd7-a3d0-d729ef326f3c,UECC-Windows-69C0FA9A4FE8CCA0EE03F5B4E50987AB,40d6100a-b98a-4cd7-a3d0-d729ef326f3c,1,2,knee-g30-3-DEATH,1,Crash,34,2026-08-05T06:10:10.585000Z,2026-08-05T01:10:10.585,menu-login,G:\git\Supervive Revival Project\dumps\crashpad-20260805-011023-knee-g30-3-DEATH,,ok,,,,49096,false,false,false,,,,,,,,,,,,5.4.3-0,release2.4.live-156430-shipping,Shipping,Game,SUPERVIVE-Win64-Shipping,UE-Loki,,G:/git/GAME BACKUPS FOR REVERSE ENGINEERING/SUPERVIVE/Loki/Binaries/Win64/,,,,-ini:Engine:[/Script/AccelByteUe4Sdk.AccelByteSettings]:BaseUrl=http://localhost:8080 -ini:Engine:[/Script/AccelByteUe4Sdk.AccelByteSettings]:IamServerUrl=http://localhost:8080/iam -ini:Engine:[/Script/AccelByteUe4Sdk.AccelByteSettings]:PlatformServerUrl=http://localhost:8080/platform -ini:Engine:[/Script/AccelByteUe4Sdk.AccelByteSettings]:BasicServerUrl=http://localhost:8080/basic -ini:Engine:[/Script/AccelByteUe4Sdk.AccelByteSettings]:LobbyServerUrl=ws://localhost:8080/lobby/ -ini:Engine:[/Script/Loki.LokiGameProjectSettings]:ProdPostAuthURL=http://localhost:8080 -ini:Engine:[/Script/Loki.LokiGameProjectSettings]:ProdClientConfigURL=http://localhost:8080 -ini:Game:[/Script/Loki.LokiGameProjectSettings]:ProdPostAuthURL=http://localhost:8080 -ini:Game:[/Script/Loki.LokiGameProjectSettings]:ProdClientConfigURL=http://localhost:8080 -log,,2026-08-05T01:10:11.401,,,,,,,,,,,,,,,0,,,,,,,,,,,,,,,AMD Ryzen 7 3800XT 8-Core Processor,NVIDIA GeForce RTX 4090,,,,,,release2.4.live-156430-shipping,156430,,1,43250128,220,ok,,Loki.log;__sentry-breadcrumb1;__sentry-breadcrumb2;__sentry-event,4,0,,1,Loki.log,201867,1752,2026.08.05-06.09.55:843,2026.08.05-06.10.10:588,14.745,1,/Game/Loki/Maps/LVL_Login,/Game/Loki/Maps/LVL_Login,0,1,0,0,0,0,0,0,0,0,0,0,0,0,0,0,0,,2026-08-05T01:10:23.4956109-05:00,1  verified=1  failed=0,archive-crashdumps.ps1 (pre-launch sweep),G:\git\GAME BACKUPS FOR REVERSE ENGINEERING\SUPERVIVE\Loki\.sentry-native,crashpad-20260805-011023-knee-g30-3-DEATH;crashpad-20260805-011028,38329c00-8411-4469-88c1-3864d94e25db,2026-08-05T06:10:10.600000Z,"ok(v1,n=1)",pending,1,2026-08-05T06:10:11,2026-08-05T06:10:12,eab19f07-e01a-48be-824a-3a604490ea09,eab19f07-e01a-48be-824a-3a604490ea09,2026-08-05T06:10:10.585000Z,fatal,847,1,LVL_Login,LVL_Login,1,202202,1,1,2026.08.05-06.10.10:601
crashpad,crash,crashpad-20260805-011028/40d6100a-b98a-4cd7-a3d0-d729ef326f3c,UECC-Windows-69C0FA9A4FE8CCA0EE03F5B4E50987AB,40d6100a-b98a-4cd7-a3d0-d729ef326f3c,0,2,,0,Crash,34,2026-08-05T06:10:10.585000Z,2026-08-05T01:10:10.585,menu-login,G:\git\Supervive Revival Project\dumps\crashpad-20260805-011028,,ok,,,,49096,false,false,false,,,,,,,,,,,,5.4.3-0,release2.4.live-156430-shipping,Shipping,Game,SUPERVIVE-Win64-Shipping,UE-Loki,,G:/git/GAME BACKUPS FOR REVERSE ENGINEERING/SUPERVIVE/Loki/Binaries/Win64/,,,,-ini:Engine:[/Script/AccelByteUe4Sdk.AccelByteSettings]:BaseUrl=http://localhost:8080 -ini:Engine:[/Script/AccelByteUe4Sdk.AccelByteSettings]:IamServerUrl=http://localhost:8080/iam -ini:Engine:[/Script/AccelByteUe4Sdk.AccelByteSettings]:PlatformServerUrl=http://localhost:8080/platform -ini:Engine:[/Script/AccelByteUe4Sdk.AccelByteSettings]:BasicServerUrl=http://localhost:8080/basic -ini:Engine:[/Script/AccelByteUe4Sdk.AccelByteSettings]:LobbyServerUrl=ws://localhost:8080/lobby/ -ini:Engine:[/Script/Loki.LokiGameProjectSettings]:ProdPostAuthURL=http://localhost:8080 -ini:Engine:[/Script/Loki.LokiGameProjectSettings]:ProdClientConfigURL=http://localhost:8080 -ini:Game:[/Script/Loki.LokiGameProjectSettings]:ProdPostAuthURL=http://localhost:8080 -ini:Game:[/Script/Loki.LokiGameProjectSettings]:ProdClientConfigURL=http://localhost:8080 -log,,2026-08-05T01:10:11.401,,,,,,,,,,,,,,,0,,,,,,,,,,,,,,,AMD Ryzen 7 3800XT 8-Core Processor,NVIDIA GeForce RTX 4090,,,,,,release2.4.live-156430-shipping,156430,,1,43250128,220,ok,,Loki.log;__sentry-breadcrumb1;__sentry-breadcrumb2;__sentry-event,4,0,,1,Loki.log,201867,1752,2026.08.05-06.09.55:843,2026.08.05-06.10.10:588,14.745,1,/Game/Loki/Maps/LVL_Login,/Game/Loki/Maps/LVL_Login,0,1,0,0,0,0,0,0,0,0,0,0,0,0,0,0,0,,2026-08-05T01:10:29.0294773-05:00,1  verified=1  failed=0,archive-crashdumps.ps1 (pre-launch sweep),G:\git\GAME BACKUPS FOR REVERSE ENGINEERING\SUPERVIVE\Loki\.sentry-native,crashpad-20260805-011023-knee-g30-3-DEATH;crashpad-20260805-011028,38329c00-8411-4469-88c1-3864d94e25db,2026-08-05T06:10:10.600000Z,"ok(v1,n=1)",pending,1,2026-08-05T06:10:11,2026-08-05T06:10:12,eab19f07-e01a-48be-824a-3a604490ea09,eab19f07-e01a-48be-824a-3a604490ea09,2026-08-05T06:10:10.585000Z,fatal,847,1,LVL_Login,LVL_Login,1,202202,1,1,2026.08.05-06.10.10:601
crashpad,crash,crashpad-20260805-014523-tut1-DEATH/89a0d1aa-2c67-45ef-8acd-55e9142634e4,UECC-Windows-085DB55140340D5D9B470E9CB77CAABB,89a0d1aa-2c67-45ef-8acd-55e9142634e4,1,2,tut1-DEATH,1,Crash,524,2026-08-05T06:45:12.612000Z,2026-08-05T01:45:12.612,tutorial,G:\git\Supervive Revival Project\dumps\crashpad-20260805-014523-tut1-DEATH,,ok,,,,30772,false,false,false,,,,,,,,,,,,5.4.3-0,release2.4.live-156430-shipping,Shipping,Game,SUPERVIVE-Win64-Shipping,UE-Loki,,G:/git/GAME BACKUPS FOR REVERSE ENGINEERING/SUPERVIVE/Loki/Binaries/Win64/,,,,-ini:Engine:[/Script/AccelByteUe4Sdk.AccelByteSettings]:BaseUrl=http://localhost:8080 -ini:Engine:[/Script/AccelByteUe4Sdk.AccelByteSettings]:IamServerUrl=http://localhost:8080/iam -ini:Engine:[/Script/AccelByteUe4Sdk.AccelByteSettings]:PlatformServerUrl=http://localhost:8080/platform -ini:Engine:[/Script/AccelByteUe4Sdk.AccelByteSettings]:BasicServerUrl=http://localhost:8080/basic -ini:Engine:[/Script/AccelByteUe4Sdk.AccelByteSettings]:LobbyServerUrl=ws://localhost:8080/lobby/ -ini:Engine:[/Script/Loki.LokiGameProjectSettings]:ProdPostAuthURL=http://localhost:8080 -ini:Engine:[/Script/Loki.LokiGameProjectSettings]:ProdClientConfigURL=http://localhost:8080 -ini:Game:[/Script/Loki.LokiGameProjectSettings]:ProdPostAuthURL=http://localhost:8080 -ini:Game:[/Script/Loki.LokiGameProjectSettings]:ProdClientConfigURL=http://localhost:8080 -log,,2026-08-05T01:45:13.693,,,,,,,,,,,,,,,0,,,,,,,,,,,,,,,AMD Ryzen 7 3800XT 8-Core Processor,NVIDIA GeForce RTX 4090,,,,,,release2.4.live-156430-shipping,156430,,1,43683536,221,ok,,Loki.log;__sentry-breadcrumb1;__sentry-breadcrumb2;__sentry-event,4,0,,1,Loki.log,9496952,67194,2026.08.05-06.37.07:498,2026.08.05-06.45.12:617,485.119,3,/Game/Loki/Maps/Tutorial/LVL_Tutorial,/Game/Loki/Maps/LVL_Login;/Game/Loki/Maps/LobbyV2/LVL_LobbyV2_Persistent;/Game/Loki/Maps/Tutorial/LVL_Tutorial,0,1,0,0,1162,64062,2,0,0,0,0,0,0,0,0,0,0,,2026-08-05T01:45:24.2752153-05:00,1  verified=1  failed=0,archive-crashdumps.ps1 (pre-launch sweep),G:\git\GAME BACKUPS FOR REVERSE ENGINEERING\SUPERVIVE\Loki\.sentry-native,crashpad-20260805-014523-tut1-DEATH;crashpad-20260805-014535,38329c00-8411-4469-88c1-3864d94e25db,2026-08-05T06:45:12.631000Z,"ok(v1,n=1)",pending,1,2026-08-05T06:45:13,2026-08-05T06:45:14,f3e03b2e-5772-4e86-3578-b4f1d673c51f,f3e03b2e-5772-4e86-3578-b4f1d673c51f,2026-08-05T06:45:12.612000Z,fatal,847,3,LVL_Login;LVL_LobbyV2_Persistent;LVL_Tutorial,LVL_Tutorial,1,9497577,1,1,2026.08.05-06.45.12:641
crashpad,crash,crashpad-20260805-014535/89a0d1aa-2c67-45ef-8acd-55e9142634e4,UECC-Windows-085DB55140340D5D9B470E9CB77CAABB,89a0d1aa-2c67-45ef-8acd-55e9142634e4,0,2,,0,Crash,524,2026-08-05T06:45:12.612000Z,2026-08-05T01:45:12.612,tutorial,G:\git\Supervive Revival Project\dumps\crashpad-20260805-014535,,ok,,,,30772,false,false,false,,,,,,,,,,,,5.4.3-0,release2.4.live-156430-shipping,Shipping,Game,SUPERVIVE-Win64-Shipping,UE-Loki,,G:/git/GAME BACKUPS FOR REVERSE ENGINEERING/SUPERVIVE/Loki/Binaries/Win64/,,,,-ini:Engine:[/Script/AccelByteUe4Sdk.AccelByteSettings]:BaseUrl=http://localhost:8080 -ini:Engine:[/Script/AccelByteUe4Sdk.AccelByteSettings]:IamServerUrl=http://localhost:8080/iam -ini:Engine:[/Script/AccelByteUe4Sdk.AccelByteSettings]:PlatformServerUrl=http://localhost:8080/platform -ini:Engine:[/Script/AccelByteUe4Sdk.AccelByteSettings]:BasicServerUrl=http://localhost:8080/basic -ini:Engine:[/Script/AccelByteUe4Sdk.AccelByteSettings]:LobbyServerUrl=ws://localhost:8080/lobby/ -ini:Engine:[/Script/Loki.LokiGameProjectSettings]:ProdPostAuthURL=http://localhost:8080 -ini:Engine:[/Script/Loki.LokiGameProjectSettings]:ProdClientConfigURL=http://localhost:8080 -ini:Game:[/Script/Loki.LokiGameProjectSettings]:ProdPostAuthURL=http://localhost:8080 -ini:Game:[/Script/Loki.LokiGameProjectSettings]:ProdClientConfigURL=http://localhost:8080 -log,,2026-08-05T01:45:13.693,,,,,,,,,,,,,,,0,,,,,,,,,,,,,,,AMD Ryzen 7 3800XT 8-Core Processor,NVIDIA GeForce RTX 4090,,,,,,release2.4.live-156430-shipping,156430,,1,43683536,221,ok,,Loki.log;__sentry-breadcrumb1;__sentry-breadcrumb2;__sentry-event,4,0,,1,Loki.log,9496952,67194,2026.08.05-06.37.07:498,2026.08.05-06.45.12:617,485.119,3,/Game/Loki/Maps/Tutorial/LVL_Tutorial,/Game/Loki/Maps/LVL_Login;/Game/Loki/Maps/LobbyV2/LVL_LobbyV2_Persistent;/Game/Loki/Maps/Tutorial/LVL_Tutorial,0,1,0,0,1162,64062,2,0,0,0,0,0,0,0,0,0,0,,2026-08-05T01:45:35.9043015-05:00,1  verified=1  failed=0,archive-crashdumps.ps1 (pre-launch sweep),G:\git\GAME BACKUPS FOR REVERSE ENGINEERING\SUPERVIVE\Loki\.sentry-native,crashpad-20260805-014523-tut1-DEATH;crashpad-20260805-014535,38329c00-8411-4469-88c1-3864d94e25db,2026-08-05T06:45:12.631000Z,"ok(v1,n=1)",pending,1,2026-08-05T06:45:13,2026-08-05T06:45:14,f3e03b2e-5772-4e86-3578-b4f1d673c51f,f3e03b2e-5772-4e86-3578-b4f1d673c51f,2026-08-05T06:45:12.612000Z,fatal,847,3,LVL_Login;LVL_LobbyV2_Persistent;LVL_Tutorial,LVL_Tutorial,1,9497577,1,1,2026.08.05-06.45.12:641
crashpad,crash,crashpad-20260805-020141-tut3-NOSTAGE/85f158bd-ad51-433d-9727-1c672418e735,UECC-Windows-D6ABE7D1401EBCF60F9E79805402B428,85f158bd-ad51-433d-9727-1c672418e735,1,2,tut3-NOSTAGE,0,Crash,156,2026-08-05T06:58:43.553000Z,2026-08-05T01:58:43.553,tutorial-attempted,G:\git\Supervive Revival Project\dumps\crashpad-20260805-020141-tut3-NOSTAGE,,ok,,,,52404,false,false,false,,,,,,,,,,,,5.4.3-0,release2.4.live-156430-shipping,Shipping,Game,SUPERVIVE-Win64-Shipping,UE-Loki,,G:/git/GAME BACKUPS FOR REVERSE ENGINEERING/SUPERVIVE/Loki/Binaries/Win64/,,,,-ini:Engine:[/Script/AccelByteUe4Sdk.AccelByteSettings]:BaseUrl=http://localhost:8080 -ini:Engine:[/Script/AccelByteUe4Sdk.AccelByteSettings]:IamServerUrl=http://localhost:8080/iam -ini:Engine:[/Script/AccelByteUe4Sdk.AccelByteSettings]:PlatformServerUrl=http://localhost:8080/platform -ini:Engine:[/Script/AccelByteUe4Sdk.AccelByteSettings]:BasicServerUrl=http://localhost:8080/basic -ini:Engine:[/Script/AccelByteUe4Sdk.AccelByteSettings]:LobbyServerUrl=ws://localhost:8080/lobby/ -ini:Engine:[/Script/Loki.LokiGameProjectSettings]:ProdPostAuthURL=http://localhost:8080 -ini:Engine:[/Script/Loki.LokiGameProjectSettings]:ProdClientConfigURL=http://localhost:8080 -ini:Game:[/Script/Loki.LokiGameProjectSettings]:ProdPostAuthURL=http://localhost:8080 -ini:Game:[/Script/Loki.LokiGameProjectSettings]:ProdClientConfigURL=http://localhost:8080 -log,,2026-08-05T01:58:45.037,,,,,,,,,,,,,,,0,,,,,,,,,,,,,,,AMD Ryzen 7 3800XT 8-Core Processor,NVIDIA GeForce RTX 4090,,,,,,release2.4.live-156430-shipping,156430,,1,44346416,220,ok,,Loki.log;__sentry-breadcrumb1;__sentry-breadcrumb2;__sentry-event,4,0,,1,Loki.log,261918,2214,2026.08.05-06.56.02:484,2026.08.05-06.58.43:559,161.075,2,/Game/Loki/Maps/LobbyV2/LVL_LobbyV2_Persistent,/Game/Loki/Maps/LVL_Login;/Game/Loki/Maps/LobbyV2/LVL_LobbyV2_Persistent,0,1,0,0,1,0,1,0,0,0,0,0,0,0,0,0,0,,2026-08-05T02:01:41.2270340-05:00,1  verified=1  failed=0,archive-crashdumps.ps1 (pre-launch sweep),G:\git\GAME BACKUPS FOR REVERSE ENGINEERING\SUPERVIVE\Loki\.sentry-native,crashpad-20260805-020141-tut3-NOSTAGE;crashpad-20260805-020152,38329c00-8411-4469-88c1-3864d94e25db,2026-08-05T06:58:43.572000Z,"ok(v1,n=1)",pending,1,2026-08-05T06:58:45,2026-08-05T06:58:45,3aff0c34-0950-43dc-d1f5-7e5d9ef868be,3aff0c34-0950-43dc-d1f5-7e5d9ef868be,2026-08-05T06:58:43.553000Z,fatal,847,2,LVL_Login;LVL_LobbyV2_Persistent,LVL_LobbyV2_Persistent,1,262253,1,1,2026.08.05-06.58.43:573
crashpad,crash,crashpad-20260805-020152/85f158bd-ad51-433d-9727-1c672418e735,UECC-Windows-D6ABE7D1401EBCF60F9E79805402B428,85f158bd-ad51-433d-9727-1c672418e735,0,2,,0,Crash,156,2026-08-05T06:58:43.553000Z,2026-08-05T01:58:43.553,tutorial-attempted,G:\git\Supervive Revival Project\dumps\crashpad-20260805-020152,,ok,,,,52404,false,false,false,,,,,,,,,,,,5.4.3-0,release2.4.live-156430-shipping,Shipping,Game,SUPERVIVE-Win64-Shipping,UE-Loki,,G:/git/GAME BACKUPS FOR REVERSE ENGINEERING/SUPERVIVE/Loki/Binaries/Win64/,,,,-ini:Engine:[/Script/AccelByteUe4Sdk.AccelByteSettings]:BaseUrl=http://localhost:8080 -ini:Engine:[/Script/AccelByteUe4Sdk.AccelByteSettings]:IamServerUrl=http://localhost:8080/iam -ini:Engine:[/Script/AccelByteUe4Sdk.AccelByteSettings]:PlatformServerUrl=http://localhost:8080/platform -ini:Engine:[/Script/AccelByteUe4Sdk.AccelByteSettings]:BasicServerUrl=http://localhost:8080/basic -ini:Engine:[/Script/AccelByteUe4Sdk.AccelByteSettings]:LobbyServerUrl=ws://localhost:8080/lobby/ -ini:Engine:[/Script/Loki.LokiGameProjectSettings]:ProdPostAuthURL=http://localhost:8080 -ini:Engine:[/Script/Loki.LokiGameProjectSettings]:ProdClientConfigURL=http://localhost:8080 -ini:Game:[/Script/Loki.LokiGameProjectSettings]:ProdPostAuthURL=http://localhost:8080 -ini:Game:[/Script/Loki.LokiGameProjectSettings]:ProdClientConfigURL=http://localhost:8080 -log,,2026-08-05T01:58:45.037,,,,,,,,,,,,,,,0,,,,,,,,,,,,,,,AMD Ryzen 7 3800XT 8-Core Processor,NVIDIA GeForce RTX 4090,,,,,,release2.4.live-156430-shipping,156430,,1,44346416,220,ok,,Loki.log;__sentry-breadcrumb1;__sentry-breadcrumb2;__sentry-event,4,0,,1,Loki.log,261918,2214,2026.08.05-06.56.02:484,2026.08.05-06.58.43:559,161.075,2,/Game/Loki/Maps/LobbyV2/LVL_LobbyV2_Persistent,/Game/Loki/Maps/LVL_Login;/Game/Loki/Maps/LobbyV2/LVL_LobbyV2_Persistent,0,1,0,0,1,0,1,0,0,0,0,0,0,0,0,0,0,,2026-08-05T02:01:52.2505301-05:00,1  verified=1  failed=0,archive-crashdumps.ps1 (pre-launch sweep),G:\git\GAME BACKUPS FOR REVERSE ENGINEERING\SUPERVIVE\Loki\.sentry-native,crashpad-20260805-020141-tut3-NOSTAGE;crashpad-20260805-020152,38329c00-8411-4469-88c1-3864d94e25db,2026-08-05T06:58:43.572000Z,"ok(v1,n=1)",pending,1,2026-08-05T06:58:45,2026-08-05T06:58:45,3aff0c34-0950-43dc-d1f5-7e5d9ef868be,3aff0c34-0950-43dc-d1f5-7e5d9ef868be,2026-08-05T06:58:43.553000Z,fatal,847,2,LVL_Login;LVL_LobbyV2_Persistent,LVL_LobbyV2_Persistent,1,262253,1,1,2026.08.05-06.58.43:573
crashpad,crash,crashpad-20260805-020627-tut4-DEATH/e744eeea-ecca-461f-b5a4-2db8ff45a3df,UECC-Windows-172DE7454ACE4B6888F68491C38A8942,e744eeea-ecca-461f-b5a4-2db8ff45a3df,1,2,tut4-DEATH,1,Crash,259,2026-08-05T07:06:13.529000Z,2026-08-05T02:06:13.529,tutorial,G:\git\Supervive Revival Project\dumps\crashpad-20260805-020627-tut4-DEATH,,ok,,,,40396,false,false,false,,,,,,,,,,,,5.4.3-0,release2.4.live-156430-shipping,Shipping,Game,SUPERVIVE-Win64-Shipping,UE-Loki,,G:/git/GAME BACKUPS FOR REVERSE ENGINEERING/SUPERVIVE/Loki/Binaries/Win64/,,,,-ini:Engine:[/Script/AccelByteUe4Sdk.AccelByteSettings]:BaseUrl=http://localhost:8080 -ini:Engine:[/Script/AccelByteUe4Sdk.AccelByteSettings]:IamServerUrl=http://localhost:8080/iam -ini:Engine:[/Script/AccelByteUe4Sdk.AccelByteSettings]:PlatformServerUrl=http://localhost:8080/platform -ini:Engine:[/Script/AccelByteUe4Sdk.AccelByteSettings]:BasicServerUrl=http://localhost:8080/basic -ini:Engine:[/Script/AccelByteUe4Sdk.AccelByteSettings]:LobbyServerUrl=ws://localhost:8080/lobby/ -ini:Engine:[/Script/Loki.LokiGameProjectSettings]:ProdPostAuthURL=http://localhost:8080 -ini:Engine:[/Script/Loki.LokiGameProjectSettings]:ProdClientConfigURL=http://localhost:8080 -ini:Game:[/Script/Loki.LokiGameProjectSettings]:ProdPostAuthURL=http://localhost:8080 -ini:Game:[/Script/Loki.LokiGameProjectSettings]:ProdClientConfigURL=http://localhost:8080 -log,,2026-08-05T02:06:14.316,,,,,,,,,,,,,,,1942076998,,,,,,,,,,,,,,,AMD Ryzen 7 3800XT 8-Core Processor,NVIDIA GeForce RTX 4090,,,,,,release2.4.live-156430-shipping,156430,,1,43780736,221,ok,,Loki.log;__sentry-breadcrumb1;__sentry-breadcrumb2;__sentry-event,4,0,,1,Loki.log,2448505,16808,2026.08.05-07.03.44:703,2026.08.05-07.06.13:543,148.84,3,/Game/Loki/Maps/Tutorial/LVL_Tutorial,/Game/Loki/Maps/LVL_Login;/Game/Loki/Maps/LobbyV2/LVL_LobbyV2_Persistent;/Game/Loki/Maps/Tutorial/LVL_Tutorial,0,1,0,0,1218,13670,2,0,0,0,0,0,0,0,0,0,0,,2026-08-05T02:06:27.3658519-05:00,1  verified=1  failed=0,archive-crashdumps.ps1 (pre-launch sweep),G:\git\GAME BACKUPS FOR REVERSE ENGINEERING\SUPERVIVE\Loki\.sentry-native,crashpad-20260805-020627-tut4-DEATH;crashpad-20260805-021852,38329c00-8411-4469-88c1-3864d94e25db,2026-08-05T07:06:13.559000Z,"ok(v1,n=1)",pending,1,2026-08-05T07:06:14,2026-08-05T07:06:15,597eea46-8356-4a35-1d30-370796ca4c0e,597eea46-8356-4a35-1d30-370796ca4c0e,2026-08-05T07:06:13.529000Z,fatal,847,3,LVL_Login;LVL_LobbyV2_Persistent;LVL_Tutorial,LVL_Tutorial,1,2449116,1,1,2026.08.05-07.06.13:560
crashpad,crash,crashpad-20260805-021852/e744eeea-ecca-461f-b5a4-2db8ff45a3df,UECC-Windows-172DE7454ACE4B6888F68491C38A8942,e744eeea-ecca-461f-b5a4-2db8ff45a3df,0,2,,0,Crash,259,2026-08-05T07:06:13.529000Z,2026-08-05T02:06:13.529,tutorial,G:\git\Supervive Revival Project\dumps\crashpad-20260805-021852,,ok,,,,40396,false,false,false,,,,,,,,,,,,5.4.3-0,release2.4.live-156430-shipping,Shipping,Game,SUPERVIVE-Win64-Shipping,UE-Loki,,G:/git/GAME BACKUPS FOR REVERSE ENGINEERING/SUPERVIVE/Loki/Binaries/Win64/,,,,-ini:Engine:[/Script/AccelByteUe4Sdk.AccelByteSettings]:BaseUrl=http://localhost:8080 -ini:Engine:[/Script/AccelByteUe4Sdk.AccelByteSettings]:IamServerUrl=http://localhost:8080/iam -ini:Engine:[/Script/AccelByteUe4Sdk.AccelByteSettings]:PlatformServerUrl=http://localhost:8080/platform -ini:Engine:[/Script/AccelByteUe4Sdk.AccelByteSettings]:BasicServerUrl=http://localhost:8080/basic -ini:Engine:[/Script/AccelByteUe4Sdk.AccelByteSettings]:LobbyServerUrl=ws://localhost:8080/lobby/ -ini:Engine:[/Script/Loki.LokiGameProjectSettings]:ProdPostAuthURL=http://localhost:8080 -ini:Engine:[/Script/Loki.LokiGameProjectSettings]:ProdClientConfigURL=http://localhost:8080 -ini:Game:[/Script/Loki.LokiGameProjectSettings]:ProdPostAuthURL=http://localhost:8080 -ini:Game:[/Script/Loki.LokiGameProjectSettings]:ProdClientConfigURL=http://localhost:8080 -log,,2026-08-05T02:06:14.316,,,,,,,,,,,,,,,1942076998,,,,,,,,,,,,,,,AMD Ryzen 7 3800XT 8-Core Processor,NVIDIA GeForce RTX 4090,,,,,,release2.4.live-156430-shipping,156430,,1,43780736,221,ok,,Loki.log;__sentry-breadcrumb1;__sentry-breadcrumb2;__sentry-event,4,0,,1,Loki.log,2448505,16808,2026.08.05-07.03.44:703,2026.08.05-07.06.13:543,148.84,3,/Game/Loki/Maps/Tutorial/LVL_Tutorial,/Game/Loki/Maps/LVL_Login;/Game/Loki/Maps/LobbyV2/LVL_LobbyV2_Persistent;/Game/Loki/Maps/Tutorial/LVL_Tutorial,0,1,0,0,1218,13670,2,0,0,0,0,0,0,0,0,0,0,,2026-08-05T02:18:52.2383317-05:00,1  verified=1  failed=0,archive-crashdumps.ps1 (pre-launch sweep),G:\git\GAME BACKUPS FOR REVERSE ENGINEERING\SUPERVIVE\Loki\.sentry-native,crashpad-20260805-020627-tut4-DEATH;crashpad-20260805-021852,38329c00-8411-4469-88c1-3864d94e25db,2026-08-05T07:06:13.559000Z,"ok(v1,n=1)",pending,1,2026-08-05T07:06:14,2026-08-05T07:06:15,597eea46-8356-4a35-1d30-370796ca4c0e,597eea46-8356-4a35-1d30-370796ca4c0e,2026-08-05T07:06:13.529000Z,fatal,847,3,LVL_Login;LVL_LobbyV2_Persistent;LVL_Tutorial,LVL_Tutorial,1,2449116,1,1,2026.08.05-07.06.13:560
crashpad,crash,crashpad-20260805-022400-tuta1-DEATH/f6b5e184-a62a-4965-9f65-12bb7b232809,UECC-Windows-F64933044CB0A38A8D0C71982697E9CD,f6b5e184-a62a-4965-9f65-12bb7b232809,1,2,tuta1-DEATH,1,Crash,295,2026-08-05T07:23:49.532000Z,2026-08-05T02:23:49.532,tutorial,G:\git\Supervive Revival Project\dumps\crashpad-20260805-022400-tuta1-DEATH,,ok,,,,42216,false,false,false,,,,,,,,,,,,5.4.3-0,release2.4.live-156430-shipping,Shipping,Game,SUPERVIVE-Win64-Shipping,UE-Loki,,G:/git/GAME BACKUPS FOR REVERSE ENGINEERING/SUPERVIVE/Loki/Binaries/Win64/,,,,-ini:Engine:[/Script/AccelByteUe4Sdk.AccelByteSettings]:BaseUrl=http://localhost:8080 -ini:Engine:[/Script/AccelByteUe4Sdk.AccelByteSettings]:IamServerUrl=http://localhost:8080/iam -ini:Engine:[/Script/AccelByteUe4Sdk.AccelByteSettings]:PlatformServerUrl=http://localhost:8080/platform -ini:Engine:[/Script/AccelByteUe4Sdk.AccelByteSettings]:BasicServerUrl=http://localhost:8080/basic -ini:Engine:[/Script/AccelByteUe4Sdk.AccelByteSettings]:LobbyServerUrl=ws://localhost:8080/lobby/ -ini:Engine:[/Script/Loki.LokiGameProjectSettings]:ProdPostAuthURL=http://localhost:8080 -ini:Engine:[/Script/Loki.LokiGameProjectSettings]:ProdClientConfigURL=http://localhost:8080 -ini:Game:[/Script/Loki.LokiGameProjectSettings]:ProdPostAuthURL=http://localhost:8080 -ini:Game:[/Script/Loki.LokiGameProjectSettings]:ProdClientConfigURL=http://localhost:8080 -log,,2026-08-05T02:23:50.475,,,,,,,,,,,,,,,0,,,,,,,,,,,,,,,AMD Ryzen 7 3800XT 8-Core Processor,NVIDIA GeForce RTX 4090,,,,,,release2.4.live-156430-shipping,156430,,1,43693344,221,ok,,Loki.log;__sentry-breadcrumb1;__sentry-breadcrumb2;__sentry-event,4,0,,1,Loki.log,5406624,37689,2026.08.05-07.20.29:739,2026.08.05-07.23.49:542,199.803,3,/Game/Loki/Maps/Tutorial/LVL_Tutorial,/Game/Loki/Maps/LVL_Login;/Game/Loki/Maps/LobbyV2/LVL_LobbyV2_Persistent;/Game/Loki/Maps/Tutorial/LVL_Tutorial,0,1,0,0,1130,34534,2,0,0,0,0,0,0,0,0,0,0,,2026-08-05T02:24:01.0411794-05:00,1  verified=1  failed=0,archive-crashdumps.ps1 (pre-launch sweep),G:\git\GAME BACKUPS FOR REVERSE ENGINEERING\SUPERVIVE\Loki\.sentry-native,crashpad-20260805-022400-tuta1-DEATH;crashpad-20260805-022406,38329c00-8411-4469-88c1-3864d94e25db,2026-08-05T07:23:49.555000Z,"ok(v1,n=1)",pending,1,2026-08-05T07:23:50,2026-08-05T07:23:51,8b0dc37f-6d9f-46aa-e896-1811fdb55ea9,8b0dc37f-6d9f-46aa-e896-1811fdb55ea9,2026-08-05T07:23:49.532000Z,fatal,847,3,LVL_Login;LVL_LobbyV2_Persistent;LVL_Tutorial,LVL_Tutorial,1,5406959,1,1,2026.08.05-07.23.49:556
crashpad,crash,crashpad-20260805-022406/f6b5e184-a62a-4965-9f65-12bb7b232809,UECC-Windows-F64933044CB0A38A8D0C71982697E9CD,f6b5e184-a62a-4965-9f65-12bb7b232809,0,2,,0,Crash,295,2026-08-05T07:23:49.532000Z,2026-08-05T02:23:49.532,tutorial,G:\git\Supervive Revival Project\dumps\crashpad-20260805-022406,,ok,,,,42216,false,false,false,,,,,,,,,,,,5.4.3-0,release2.4.live-156430-shipping,Shipping,Game,SUPERVIVE-Win64-Shipping,UE-Loki,,G:/git/GAME BACKUPS FOR REVERSE ENGINEERING/SUPERVIVE/Loki/Binaries/Win64/,,,,-ini:Engine:[/Script/AccelByteUe4Sdk.AccelByteSettings]:BaseUrl=http://localhost:8080 -ini:Engine:[/Script/AccelByteUe4Sdk.AccelByteSettings]:IamServerUrl=http://localhost:8080/iam -ini:Engine:[/Script/AccelByteUe4Sdk.AccelByteSettings]:PlatformServerUrl=http://localhost:8080/platform -ini:Engine:[/Script/AccelByteUe4Sdk.AccelByteSettings]:BasicServerUrl=http://localhost:8080/basic -ini:Engine:[/Script/AccelByteUe4Sdk.AccelByteSettings]:LobbyServerUrl=ws://localhost:8080/lobby/ -ini:Engine:[/Script/Loki.LokiGameProjectSettings]:ProdPostAuthURL=http://localhost:8080 -ini:Engine:[/Script/Loki.LokiGameProjectSettings]:ProdClientConfigURL=http://localhost:8080 -ini:Game:[/Script/Loki.LokiGameProjectSettings]:ProdPostAuthURL=http://localhost:8080 -ini:Game:[/Script/Loki.LokiGameProjectSettings]:ProdClientConfigURL=http://localhost:8080 -log,,2026-08-05T02:23:50.475,,,,,,,,,,,,,,,0,,,,,,,,,,,,,,,AMD Ryzen 7 3800XT 8-Core Processor,NVIDIA GeForce RTX 4090,,,,,,release2.4.live-156430-shipping,156430,,1,43693344,221,ok,,Loki.log;__sentry-breadcrumb1;__sentry-breadcrumb2;__sentry-event,4,0,,1,Loki.log,5406624,37689,2026.08.05-07.20.29:739,2026.08.05-07.23.49:542,199.803,3,/Game/Loki/Maps/Tutorial/LVL_Tutorial,/Game/Loki/Maps/LVL_Login;/Game/Loki/Maps/LobbyV2/LVL_LobbyV2_Persistent;/Game/Loki/Maps/Tutorial/LVL_Tutorial,0,1,0,0,1130,34534,2,0,0,0,0,0,0,0,0,0,0,,2026-08-05T02:24:06.5886686-05:00,1  verified=1  failed=0,archive-crashdumps.ps1 (pre-launch sweep),G:\git\GAME BACKUPS FOR REVERSE ENGINEERING\SUPERVIVE\Loki\.sentry-native,crashpad-20260805-022400-tuta1-DEATH;crashpad-20260805-022406,38329c00-8411-4469-88c1-3864d94e25db,2026-08-05T07:23:49.555000Z,"ok(v1,n=1)",pending,1,2026-08-05T07:23:50,2026-08-05T07:23:51,8b0dc37f-6d9f-46aa-e896-1811fdb55ea9,8b0dc37f-6d9f-46aa-e896-1811fdb55ea9,2026-08-05T07:23:49.532000Z,fatal,847,3,LVL_Login;LVL_LobbyV2_Persistent;LVL_Tutorial,LVL_Tutorial,1,5406959,1,1,2026.08.05-07.23.49:556
crashpad,crash,crashpad-20260805-023322-tuta3-DEATH/1fa9d51c-5eef-447e-9753-a0939f3392a1,UECC-Windows-C8537B7D411E1977F7977CA8E9435FE7,1fa9d51c-5eef-447e-9753-a0939f3392a1,1,2,tuta3-DEATH,1,Crash,263,2026-08-05T07:33:10.697000Z,2026-08-05T02:33:10.697,tutorial,G:\git\Supervive Revival Project\dumps\crashpad-20260805-023322-tuta3-DEATH,,ok,,,,42192,false,false,false,,,,,,,,,,,,5.4.3-0,release2.4.live-156430-shipping,Shipping,Game,SUPERVIVE-Win64-Shipping,UE-Loki,,G:/git/GAME BACKUPS FOR REVERSE ENGINEERING/SUPERVIVE/Loki/Binaries/Win64/,,,,-ini:Engine:[/Script/AccelByteUe4Sdk.AccelByteSettings]:BaseUrl=http://localhost:8080 -ini:Engine:[/Script/AccelByteUe4Sdk.AccelByteSettings]:IamServerUrl=http://localhost:8080/iam -ini:Engine:[/Script/AccelByteUe4Sdk.AccelByteSettings]:PlatformServerUrl=http://localhost:8080/platform -ini:Engine:[/Script/AccelByteUe4Sdk.AccelByteSettings]:BasicServerUrl=http://localhost:8080/basic -ini:Engine:[/Script/AccelByteUe4Sdk.AccelByteSettings]:LobbyServerUrl=ws://localhost:8080/lobby/ -ini:Engine:[/Script/Loki.LokiGameProjectSettings]:ProdPostAuthURL=http://localhost:8080 -ini:Engine:[/Script/Loki.LokiGameProjectSettings]:ProdClientConfigURL=http://localhost:8080 -ini:Game:[/Script/Loki.LokiGameProjectSettings]:ProdPostAuthURL=http://localhost:8080 -ini:Game:[/Script/Loki.LokiGameProjectSettings]:ProdClientConfigURL=http://localhost:8080 -log,,2026-08-05T02:33:11.454,,,,,,,,,,,,,,,-1584202117,,,,,,,,,,,,,,,AMD Ryzen 7 3800XT 8-Core Processor,NVIDIA GeForce RTX 4090,,,,,,release2.4.live-156430-shipping,156430,,1,43776016,221,ok,,Loki.log;__sentry-breadcrumb1;__sentry-breadcrumb2;__sentry-event,4,0,,1,Loki.log,2279712,15474,2026.08.05-07.28.47:841,2026.08.05-07.33.10:708,262.867,3,/Game/Loki/Maps/Tutorial/LVL_Tutorial,/Game/Loki/Maps/LVL_Login;/Game/Loki/Maps/LobbyV2/LVL_LobbyV2_Persistent;/Game/Loki/Maps/Tutorial/LVL_Tutorial,0,1,0,0,1098,12268,2,0,0,0,0,0,0,0,0,0,0,,2026-08-05T02:33:22.4165894-05:00,1  verified=1  failed=0,archive-crashdumps.ps1 (pre-launch sweep),G:\git\GAME BACKUPS FOR REVERSE ENGINEERING\SUPERVIVE\Loki\.sentry-native,crashpad-20260805-023322-tuta3-DEATH;crashpad-20260805-025025,38329c00-8411-4469-88c1-3864d94e25db,2026-08-05T07:33:10.720000Z,"ok(v1,n=1)",pending,1,2026-08-05T07:33:11,2026-08-05T07:33:12,35cae663-58f9-4172-1cc1-04c0bfae07b3,35cae663-58f9-4172-1cc1-04c0bfae07b3,2026-08-05T07:33:10.697000Z,fatal,847,3,LVL_Login;LVL_LobbyV2_Persistent;LVL_Tutorial,LVL_Tutorial,1,2280323,1,1,2026.08.05-07.33.10:721
crashpad,crash,crashpad-20260805-025025/1fa9d51c-5eef-447e-9753-a0939f3392a1,UECC-Windows-C8537B7D411E1977F7977CA8E9435FE7,1fa9d51c-5eef-447e-9753-a0939f3392a1,0,2,,0,Crash,263,2026-08-05T07:33:10.697000Z,2026-08-05T02:33:10.697,tutorial,G:\git\Supervive Revival Project\dumps\crashpad-20260805-025025,,ok,,,,42192,false,false,false,,,,,,,,,,,,5.4.3-0,release2.4.live-156430-shipping,Shipping,Game,SUPERVIVE-Win64-Shipping,UE-Loki,,G:/git/GAME BACKUPS FOR REVERSE ENGINEERING/SUPERVIVE/Loki/Binaries/Win64/,,,,-ini:Engine:[/Script/AccelByteUe4Sdk.AccelByteSettings]:BaseUrl=http://localhost:8080 -ini:Engine:[/Script/AccelByteUe4Sdk.AccelByteSettings]:IamServerUrl=http://localhost:8080/iam -ini:Engine:[/Script/AccelByteUe4Sdk.AccelByteSettings]:PlatformServerUrl=http://localhost:8080/platform -ini:Engine:[/Script/AccelByteUe4Sdk.AccelByteSettings]:BasicServerUrl=http://localhost:8080/basic -ini:Engine:[/Script/AccelByteUe4Sdk.AccelByteSettings]:LobbyServerUrl=ws://localhost:8080/lobby/ -ini:Engine:[/Script/Loki.LokiGameProjectSettings]:ProdPostAuthURL=http://localhost:8080 -ini:Engine:[/Script/Loki.LokiGameProjectSettings]:ProdClientConfigURL=http://localhost:8080 -ini:Game:[/Script/Loki.LokiGameProjectSettings]:ProdPostAuthURL=http://localhost:8080 -ini:Game:[/Script/Loki.LokiGameProjectSettings]:ProdClientConfigURL=http://localhost:8080 -log,,2026-08-05T02:33:11.454,,,,,,,,,,,,,,,-1584202117,,,,,,,,,,,,,,,AMD Ryzen 7 3800XT 8-Core Processor,NVIDIA GeForce RTX 4090,,,,,,release2.4.live-156430-shipping,156430,,1,43776016,221,ok,,Loki.log;__sentry-breadcrumb1;__sentry-breadcrumb2;__sentry-event,4,0,,1,Loki.log,2279712,15474,2026.08.05-07.28.47:841,2026.08.05-07.33.10:708,262.867,3,/Game/Loki/Maps/Tutorial/LVL_Tutorial,/Game/Loki/Maps/LVL_Login;/Game/Loki/Maps/LobbyV2/LVL_LobbyV2_Persistent;/Game/Loki/Maps/Tutorial/LVL_Tutorial,0,1,0,0,1098,12268,2,0,0,0,0,0,0,0,0,0,0,,2026-08-05T02:50:25.4080727-05:00,1  verified=1  failed=0,archive-crashdumps.ps1 (pre-launch sweep),G:\git\GAME BACKUPS FOR REVERSE ENGINEERING\SUPERVIVE\Loki\.sentry-native,crashpad-20260805-023322-tuta3-DEATH;crashpad-20260805-025025,38329c00-8411-4469-88c1-3864d94e25db,2026-08-05T07:33:10.720000Z,"ok(v1,n=1)",pending,1,2026-08-05T07:33:11,2026-08-05T07:33:12,35cae663-58f9-4172-1cc1-04c0bfae07b3,35cae663-58f9-4172-1cc1-04c0bfae07b3,2026-08-05T07:33:10.697000Z,fatal,847,3,LVL_Login;LVL_LobbyV2_Persistent;LVL_Tutorial,LVL_Tutorial,1,2280323,1,1,2026.08.05-07.33.10:721
crashpad,crash,crashpad-20260805-025508-tutr1-DEATH/b726dea8-4bbe-4f54-8a79-3bc6bf111496,UECC-Windows-9C4954874885DD96AD4D0A875B8BB1DC,b726dea8-4bbe-4f54-8a79-3bc6bf111496,1,2,tutr1-DEATH,1,Crash,267,2026-08-05T07:54:54.698000Z,2026-08-05T02:54:54.698,tutorial,G:\git\Supervive Revival Project\dumps\crashpad-20260805-025508-tutr1-DEATH,,ok,,,,21140,false,false,false,,,,,,,,,,,,5.4.3-0,release2.4.live-156430-shipping,Shipping,Game,SUPERVIVE-Win64-Shipping,UE-Loki,,G:/git/GAME BACKUPS FOR REVERSE ENGINEERING/SUPERVIVE/Loki/Binaries/Win64/,,,,-ini:Engine:[/Script/AccelByteUe4Sdk.AccelByteSettings]:BaseUrl=http://localhost:8080 -ini:Engine:[/Script/AccelByteUe4Sdk.AccelByteSettings]:IamServerUrl=http://localhost:8080/iam -ini:Engine:[/Script/AccelByteUe4Sdk.AccelByteSettings]:PlatformServerUrl=http://localhost:8080/platform -ini:Engine:[/Script/AccelByteUe4Sdk.AccelByteSettings]:BasicServerUrl=http://localhost:8080/basic -ini:Engine:[/Script/AccelByteUe4Sdk.AccelByteSettings]:LobbyServerUrl=ws://localhost:8080/lobby/ -ini:Engine:[/Script/Loki.LokiGameProjectSettings]:ProdPostAuthURL=http://localhost:8080 -ini:Engine:[/Script/Loki.LokiGameProjectSettings]:ProdClientConfigURL=http://localhost:8080 -ini:Game:[/Script/Loki.LokiGameProjectSettings]:ProdPostAuthURL=http://localhost:8080 -ini:Game:[/Script/Loki.LokiGameProjectSettings]:ProdClientConfigURL=http://localhost:8080 -log,,2026-08-05T02:54:55.438,,,,,,,,,,,,,,,0,,,,,,,,,,,,,,,AMD Ryzen 7 3800XT 8-Core Processor,NVIDIA GeForce RTX 4090,,,,,,release2.4.live-156430-shipping,156430,,1,43752112,221,ok,,Loki.log;__sentry-breadcrumb1;__sentry-breadcrumb2;__sentry-event,4,0,,1,Loki.log,2710685,18630,2026.08.05-07.52.02:856,2026.08.05-07.54.54:709,171.853,3,/Game/Loki/Maps/Tutorial/LVL_Tutorial,/Game/Loki/Maps/LVL_Login;/Game/Loki/Maps/LobbyV2/LVL_LobbyV2_Persistent;/Game/Loki/Maps/Tutorial/LVL_Tutorial,0,1,0,0,1478,15474,2,0,0,0,0,0,0,0,0,0,0,,2026-08-05T02:55:08.7724947-05:00,1  verified=1  failed=0,archive-crashdumps.ps1 (pre-launch sweep),G:\git\GAME BACKUPS FOR REVERSE ENGINEERING\SUPERVIVE\Loki\.sentry-native,crashpad-20260805-025508-tutr1-DEATH;crashpad-20260805-025514,38329c00-8411-4469-88c1-3864d94e25db,2026-08-05T07:54:54.721000Z,"ok(v1,n=1)",pending,1,2026-08-05T07:54:55,2026-08-05T07:54:56,1f43c650-d862-49fb-8979-61d7533322a5,1f43c650-d862-49fb-8979-61d7533322a5,2026-08-05T07:54:54.698000Z,fatal,847,3,LVL_Login;LVL_LobbyV2_Persistent;LVL_Tutorial,LVL_Tutorial,1,2710685,0,1,2026.08.05-07.54.54:709
crashpad,crash,crashpad-20260805-025514/b726dea8-4bbe-4f54-8a79-3bc6bf111496,UECC-Windows-9C4954874885DD96AD4D0A875B8BB1DC,b726dea8-4bbe-4f54-8a79-3bc6bf111496,0,2,,0,Crash,267,2026-08-05T07:54:54.698000Z,2026-08-05T02:54:54.698,tutorial,G:\git\Supervive Revival Project\dumps\crashpad-20260805-025514,,ok,,,,21140,false,false,false,,,,,,,,,,,,5.4.3-0,release2.4.live-156430-shipping,Shipping,Game,SUPERVIVE-Win64-Shipping,UE-Loki,,G:/git/GAME BACKUPS FOR REVERSE ENGINEERING/SUPERVIVE/Loki/Binaries/Win64/,,,,-ini:Engine:[/Script/AccelByteUe4Sdk.AccelByteSettings]:BaseUrl=http://localhost:8080 -ini:Engine:[/Script/AccelByteUe4Sdk.AccelByteSettings]:IamServerUrl=http://localhost:8080/iam -ini:Engine:[/Script/AccelByteUe4Sdk.AccelByteSettings]:PlatformServerUrl=http://localhost:8080/platform -ini:Engine:[/Script/AccelByteUe4Sdk.AccelByteSettings]:BasicServerUrl=http://localhost:8080/basic -ini:Engine:[/Script/AccelByteUe4Sdk.AccelByteSettings]:LobbyServerUrl=ws://localhost:8080/lobby/ -ini:Engine:[/Script/Loki.LokiGameProjectSettings]:ProdPostAuthURL=http://localhost:8080 -ini:Engine:[/Script/Loki.LokiGameProjectSettings]:ProdClientConfigURL=http://localhost:8080 -ini:Game:[/Script/Loki.LokiGameProjectSettings]:ProdPostAuthURL=http://localhost:8080 -ini:Game:[/Script/Loki.LokiGameProjectSettings]:ProdClientConfigURL=http://localhost:8080 -log,,2026-08-05T02:54:55.438,,,,,,,,,,,,,,,0,,,,,,,,,,,,,,,AMD Ryzen 7 3800XT 8-Core Processor,NVIDIA GeForce RTX 4090,,,,,,release2.4.live-156430-shipping,156430,,1,43752112,221,ok,,Loki.log;__sentry-breadcrumb1;__sentry-breadcrumb2;__sentry-event,4,0,,1,Loki.log,2710685,18630,2026.08.05-07.52.02:856,2026.08.05-07.54.54:709,171.853,3,/Game/Loki/Maps/Tutorial/LVL_Tutorial,/Game/Loki/Maps/LVL_Login;/Game/Loki/Maps/LobbyV2/LVL_LobbyV2_Persistent;/Game/Loki/Maps/Tutorial/LVL_Tutorial,0,1,0,0,1478,15474,2,0,0,0,0,0,0,0,0,0,0,,2026-08-05T02:55:14.3476363-05:00,1  verified=1  failed=0,archive-crashdumps.ps1 (pre-launch sweep),G:\git\GAME BACKUPS FOR REVERSE ENGINEERING\SUPERVIVE\Loki\.sentry-native,crashpad-20260805-025508-tutr1-DEATH;crashpad-20260805-025514,38329c00-8411-4469-88c1-3864d94e25db,2026-08-05T07:54:54.721000Z,"ok(v1,n=1)",pending,1,2026-08-05T07:54:55,2026-08-05T07:54:56,1f43c650-d862-49fb-8979-61d7533322a5,1f43c650-d862-49fb-8979-61d7533322a5,2026-08-05T07:54:54.698000Z,fatal,847,3,LVL_Login;LVL_LobbyV2_Persistent;LVL_Tutorial,LVL_Tutorial,1,2710685,0,1,2026.08.05-07.54.54:709
crashpad,crash,crashpad-20260805-030027/45b740e8-67a3-401c-b530-21ce9760ee3e,UECC-Windows-6103A44340E05CEBA4147F860406C6D5,45b740e8-67a3-401c-b530-21ce9760ee3e,1,1,,0,Crash,160,2026-08-05T07:58:03.738000Z,2026-08-05T02:58:03.738,tutorial,G:\git\Supervive Revival Project\dumps\crashpad-20260805-030027,,ok,,,,47940,false,false,false,,,,,,,,,,,,5.4.3-0,release2.4.live-156430-shipping,Shipping,Game,SUPERVIVE-Win64-Shipping,UE-Loki,,G:/git/GAME BACKUPS FOR REVERSE ENGINEERING/SUPERVIVE/Loki/Binaries/Win64/,,,,-ini:Engine:[/Script/AccelByteUe4Sdk.AccelByteSettings]:BaseUrl=http://localhost:8080 -ini:Engine:[/Script/AccelByteUe4Sdk.AccelByteSettings]:IamServerUrl=http://localhost:8080/iam -ini:Engine:[/Script/AccelByteUe4Sdk.AccelByteSettings]:PlatformServerUrl=http://localhost:8080/platform -ini:Engine:[/Script/AccelByteUe4Sdk.AccelByteSettings]:BasicServerUrl=http://localhost:8080/basic -ini:Engine:[/Script/AccelByteUe4Sdk.AccelByteSettings]:LobbyServerUrl=ws://localhost:8080/lobby/ -ini:Engine:[/Script/Loki.LokiGameProjectSettings]:ProdPostAuthURL=http://localhost:8080 -ini:Engine:[/Script/Loki.LokiGameProjectSettings]:ProdClientConfigURL=http://localhost:8080 -ini:Game:[/Script/Loki.LokiGameProjectSettings]:ProdPostAuthURL=http://localhost:8080 -ini:Game:[/Script/Loki.LokiGameProjectSettings]:ProdClientConfigURL=http://localhost:8080 -log,,2026-08-05T02:58:04.718,,,,,,,,,,,,,,,0,,,,,,,,,,,,,,,AMD Ryzen 7 3800XT 8-Core Processor,NVIDIA GeForce RTX 4090,,,,,,release2.4.live-156430-shipping,156430,,1,43609888,220,ok,,Loki.log;__sentry-breadcrumb1;__sentry-breadcrumb2;__sentry-event,4,0,,1,Loki.log,289252,2381,2026.08.05-07.57.18:817,2026.08.05-07.58.03:747,44.93,3,/Game/Loki/Maps/Tutorial/LVL_Tutorial,/Game/Loki/Maps/LVL_Login;/Game/Loki/Maps/LobbyV2/LVL_LobbyV2_Persistent;/Game/Loki/Maps/Tutorial/LVL_Tutorial,0,1,0,0,16,14,2,0,0,0,0,0,0,0,0,0,0,,2026-08-05T03:00:27.3155373-05:00,1  verified=1  failed=0,archive-crashdumps.ps1 (pre-launch sweep),G:\git\GAME BACKUPS FOR REVERSE ENGINEERING\SUPERVIVE\Loki\.sentry-native,crashpad-20260805-030027,38329c00-8411-4469-88c1-3864d94e25db,2026-08-05T07:58:03.762000Z,"ok(v1,n=1)",pending,1,2026-08-05T07:58:04,2026-08-05T07:58:05,2305ada0-4e9c-4874-5abb-fec366c03b96,2305ada0-4e9c-4874-5abb-fec366c03b96,2026-08-05T07:58:03.738000Z,fatal,847,3,LVL_Login;LVL_LobbyV2_Persistent;LVL_Tutorial,LVL_Tutorial,1,289587,1,1,2026.08.05-07.58.03:763
crashpad,crash,crashpad-20260805-030527-tutr3-DEATH/c9a85003-95c5-4ae8-86b4-918e2d6c66c2,UECC-Windows-95B6269743FC16C2A2A2D3AC42FA46C4,c9a85003-95c5-4ae8-86b4-918e2d6c66c2,1,2,tutr3-DEATH,1,Crash,283,2026-08-05T08:05:12.526000Z,2026-08-05T03:05:12.526,tutorial,G:\git\Supervive Revival Project\dumps\crashpad-20260805-030527-tutr3-DEATH,,ok,,,,42124,false,false,false,,,,,,,,,,,,5.4.3-0,release2.4.live-156430-shipping,Shipping,Game,SUPERVIVE-Win64-Shipping,UE-Loki,,G:/git/GAME BACKUPS FOR REVERSE ENGINEERING/SUPERVIVE/Loki/Binaries/Win64/,,,,-ini:Engine:[/Script/AccelByteUe4Sdk.AccelByteSettings]:BaseUrl=http://localhost:8080 -ini:Engine:[/Script/AccelByteUe4Sdk.AccelByteSettings]:IamServerUrl=http://localhost:8080/iam -ini:Engine:[/Script/AccelByteUe4Sdk.AccelByteSettings]:PlatformServerUrl=http://localhost:8080/platform -ini:Engine:[/Script/AccelByteUe4Sdk.AccelByteSettings]:BasicServerUrl=http://localhost:8080/basic -ini:Engine:[/Script/AccelByteUe4Sdk.AccelByteSettings]:LobbyServerUrl=ws://localhost:8080/lobby/ -ini:Engine:[/Script/Loki.LokiGameProjectSettings]:ProdPostAuthURL=http://localhost:8080 -ini:Engine:[/Script/Loki.LokiGameProjectSettings]:ProdClientConfigURL=http://localhost:8080 -ini:Game:[/Script/Loki.LokiGameProjectSettings]:ProdPostAuthURL=http://localhost:8080 -ini:Game:[/Script/Loki.LokiGameProjectSettings]:ProdClientConfigURL=http://localhost:8080 -log,,2026-08-05T03:05:13.540,,,,,,,,,,,,,,,1442853831,,,,,,,,,,,,,,,AMD Ryzen 7 3800XT 8-Core Processor,NVIDIA GeForce RTX 4090,,,,,,release2.4.live-156430-shipping,156430,,1,43810800,221,ok,,Loki.log;__sentry-breadcrumb1;__sentry-breadcrumb2;__sentry-event,4,0,,1,Loki.log,2327607,15979,2026.08.05-08.00.29:753,2026.08.05-08.05.12:531,282.778,3,/Game/Loki/Maps/Tutorial/LVL_Tutorial,/Game/Loki/Maps/LVL_Login;/Game/Loki/Maps/LobbyV2/LVL_LobbyV2_Persistent;/Game/Loki/Maps/Tutorial/LVL_Tutorial,0,1,0,0,1470,12826,2,0,0,0,0,0,0,0,0,0,0,,2026-08-05T03:05:27.7696152-05:00,1  verified=1  failed=0,archive-crashdumps.ps1 (pre-launch sweep),G:\git\GAME BACKUPS FOR REVERSE ENGINEERING\SUPERVIVE\Loki\.sentry-native,crashpad-20260805-030527-tutr3-DEATH;crashpad-20260805-031232,38329c00-8411-4469-88c1-3864d94e25db,2026-08-05T08:05:12.544000Z,"ok(v1,n=1)",pending,1,2026-08-05T08:05:13,2026-08-05T08:05:14,05b0dfcf-f682-49ea-b746-dbbb54ce72bd,05b0dfcf-f682-49ea-b746-dbbb54ce72bd,2026-08-05T08:05:12.526000Z,fatal,847,3,LVL_Login;LVL_LobbyV2_Persistent;LVL_Tutorial,LVL_Tutorial,1,2327942,1,1,2026.08.05-08.05.12:545
crashpad,crash,crashpad-20260805-031232/c9a85003-95c5-4ae8-86b4-918e2d6c66c2,UECC-Windows-95B6269743FC16C2A2A2D3AC42FA46C4,c9a85003-95c5-4ae8-86b4-918e2d6c66c2,0,2,,0,Crash,283,2026-08-05T08:05:12.526000Z,2026-08-05T03:05:12.526,tutorial,G:\git\Supervive Revival Project\dumps\crashpad-20260805-031232,,ok,,,,42124,false,false,false,,,,,,,,,,,,5.4.3-0,release2.4.live-156430-shipping,Shipping,Game,SUPERVIVE-Win64-Shipping,UE-Loki,,G:/git/GAME BACKUPS FOR REVERSE ENGINEERING/SUPERVIVE/Loki/Binaries/Win64/,,,,-ini:Engine:[/Script/AccelByteUe4Sdk.AccelByteSettings]:BaseUrl=http://localhost:8080 -ini:Engine:[/Script/AccelByteUe4Sdk.AccelByteSettings]:IamServerUrl=http://localhost:8080/iam -ini:Engine:[/Script/AccelByteUe4Sdk.AccelByteSettings]:PlatformServerUrl=http://localhost:8080/platform -ini:Engine:[/Script/AccelByteUe4Sdk.AccelByteSettings]:BasicServerUrl=http://localhost:8080/basic -ini:Engine:[/Script/AccelByteUe4Sdk.AccelByteSettings]:LobbyServerUrl=ws://localhost:8080/lobby/ -ini:Engine:[/Script/Loki.LokiGameProjectSettings]:ProdPostAuthURL=http://localhost:8080 -ini:Engine:[/Script/Loki.LokiGameProjectSettings]:ProdClientConfigURL=http://localhost:8080 -ini:Game:[/Script/Loki.LokiGameProjectSettings]:ProdPostAuthURL=http://localhost:8080 -ini:Game:[/Script/Loki.LokiGameProjectSettings]:ProdClientConfigURL=http://localhost:8080 -log,,2026-08-05T03:05:13.540,,,,,,,,,,,,,,,1442853831,,,,,,,,,,,,,,,AMD Ryzen 7 3800XT 8-Core Processor,NVIDIA GeForce RTX 4090,,,,,,release2.4.live-156430-shipping,156430,,1,43810800,221,ok,,Loki.log;__sentry-breadcrumb1;__sentry-breadcrumb2;__sentry-event,4,0,,1,Loki.log,2327607,15979,2026.08.05-08.00.29:753,2026.08.05-08.05.12:531,282.778,3,/Game/Loki/Maps/Tutorial/LVL_Tutorial,/Game/Loki/Maps/LVL_Login;/Game/Loki/Maps/LobbyV2/LVL_LobbyV2_Persistent;/Game/Loki/Maps/Tutorial/LVL_Tutorial,0,1,0,0,1470,12826,2,0,0,0,0,0,0,0,0,0,0,,2026-08-05T03:12:32.8145691-05:00,1  verified=1  failed=0,archive-crashdumps.ps1 (pre-launch sweep),G:\git\GAME BACKUPS FOR REVERSE ENGINEERING\SUPERVIVE\Loki\.sentry-native,crashpad-20260805-030527-tutr3-DEATH;crashpad-20260805-031232,38329c00-8411-4469-88c1-3864d94e25db,2026-08-05T08:05:12.544000Z,"ok(v1,n=1)",pending,1,2026-08-05T08:05:13,2026-08-05T08:05:14,05b0dfcf-f682-49ea-b746-dbbb54ce72bd,05b0dfcf-f682-49ea-b746-dbbb54ce72bd,2026-08-05T08:05:12.526000Z,fatal,847,3,LVL_Login;LVL_LobbyV2_Persistent;LVL_Tutorial,LVL_Tutorial,1,2327942,1,1,2026.08.05-08.05.12:545
crashpad,crash,crashpad-20260805-143222-s110itemwatch/b869ecda-0839-49e3-afad-da4159dcc675,UECC-Windows-268A47DB4AD635EE92E27EA492B38C73,b869ecda-0839-49e3-afad-da4159dcc675,1,2,s110itemwatch,0,Crash,432,2026-08-05T19:28:09.085000Z,2026-08-05T14:28:09.085,tutorial,G:\git\Supervive Revival Project\dumps\crashpad-20260805-143222-s110itemwatch,,ok,,,,48092,false,false,false,,,,,,,,,,,,5.4.3-0,release2.4.live-156430-shipping,Shipping,Game,SUPERVIVE-Win64-Shipping,UE-Loki,,G:/git/GAME BACKUPS FOR REVERSE ENGINEERING/SUPERVIVE/Loki/Binaries/Win64/,,,,-ini:Engine:[/Script/AccelByteUe4Sdk.AccelByteSettings]:BaseUrl=http://localhost:8080 -ini:Engine:[/Script/AccelByteUe4Sdk.AccelByteSettings]:IamServerUrl=http://localhost:8080/iam -ini:Engine:[/Script/AccelByteUe4Sdk.AccelByteSettings]:PlatformServerUrl=http://localhost:8080/platform -ini:Engine:[/Script/AccelByteUe4Sdk.AccelByteSettings]:BasicServerUrl=http://localhost:8080/basic -ini:Engine:[/Script/AccelByteUe4Sdk.AccelByteSettings]:LobbyServerUrl=ws://localhost:8080/lobby/ -ini:Engine:[/Script/Loki.LokiGameProjectSettings]:ProdPostAuthURL=http://localhost:8080 -ini:Engine:[/Script/Loki.LokiGameProjectSettings]:ProdClientConfigURL=http://localhost:8080 -ini:Game:[/Script/Loki.LokiGameProjectSettings]:ProdPostAuthURL=http://localhost:8080 -ini:Game:[/Script/Loki.LokiGameProjectSettings]:ProdClientConfigURL=http://localhost:8080 -log,,2026-08-05T14:28:10.204,,,,,,,,,,,,,,,0,,,,,,,,,,,,,,,AMD Ryzen 7 3800XT 8-Core Processor,NVIDIA GeForce RTX 4090,,,,,,release2.4.live-156430-shipping,156430,,1,41642480,221,ok,,Loki.log;__sentry-breadcrumb1;__sentry-breadcrumb2;__sentry-event,4,0,,1,Loki.log,17136457,120761,2026.08.05-19.20.58:127,2026.08.05-19.28.09:097,430.97,3,/Game/Loki/Maps/Tutorial/LVL_Tutorial,/Game/Loki/Maps/LVL_Login;/Game/Loki/Maps/LobbyV2/LVL_LobbyV2_Persistent;/Game/Loki/Maps/Tutorial/LVL_Tutorial,0,1,0,0,1158,117462,2,0,0,0,0,0,0,0,0,0,0,,2026-08-05T14:32:22.4551344-05:00,1  verified=1  failed=0,archive-crashdumps.ps1 (pre-launch sweep),G:\git\GAME BACKUPS FOR REVERSE ENGINEERING\SUPERVIVE\Loki\.sentry-native,crashpad-20260805-143222-s110itemwatch;crashpad-20260805-173230,38329c00-8411-4469-88c1-3864d94e25db,2026-08-05T19:28:09.109000Z,"ok(v1,n=1)",pending,1,2026-08-05T19:28:10,2026-08-05T19:28:11,e98b09bd-5509-4238-653b-3408fc9b660a,e98b09bd-5509-4238-653b-3408fc9b660a,2026-08-05T19:28:09.085000Z,fatal,847,3,LVL_Login;LVL_LobbyV2_Persistent;LVL_Tutorial,LVL_Tutorial,1,17139870,1,1,2026.08.05-19.28.09:231
crashpad,crash,crashpad-20260805-173230/b869ecda-0839-49e3-afad-da4159dcc675,UECC-Windows-268A47DB4AD635EE92E27EA492B38C73,b869ecda-0839-49e3-afad-da4159dcc675,0,2,,0,Crash,432,2026-08-05T19:28:09.085000Z,2026-08-05T14:28:09.085,tutorial,G:\git\Supervive Revival Project\dumps\crashpad-20260805-173230,,ok,,,,48092,false,false,false,,,,,,,,,,,,5.4.3-0,release2.4.live-156430-shipping,Shipping,Game,SUPERVIVE-Win64-Shipping,UE-Loki,,G:/git/GAME BACKUPS FOR REVERSE ENGINEERING/SUPERVIVE/Loki/Binaries/Win64/,,,,-ini:Engine:[/Script/AccelByteUe4Sdk.AccelByteSettings]:BaseUrl=http://localhost:8080 -ini:Engine:[/Script/AccelByteUe4Sdk.AccelByteSettings]:IamServerUrl=http://localhost:8080/iam -ini:Engine:[/Script/AccelByteUe4Sdk.AccelByteSettings]:PlatformServerUrl=http://localhost:8080/platform -ini:Engine:[/Script/AccelByteUe4Sdk.AccelByteSettings]:BasicServerUrl=http://localhost:8080/basic -ini:Engine:[/Script/AccelByteUe4Sdk.AccelByteSettings]:LobbyServerUrl=ws://localhost:8080/lobby/ -ini:Engine:[/Script/Loki.LokiGameProjectSettings]:ProdPostAuthURL=http://localhost:8080 -ini:Engine:[/Script/Loki.LokiGameProjectSettings]:ProdClientConfigURL=http://localhost:8080 -ini:Game:[/Script/Loki.LokiGameProjectSettings]:ProdPostAuthURL=http://localhost:8080 -ini:Game:[/Script/Loki.LokiGameProjectSettings]:ProdClientConfigURL=http://localhost:8080 -log,,2026-08-05T14:28:10.204,,,,,,,,,,,,,,,0,,,,,,,,,,,,,,,AMD Ryzen 7 3800XT 8-Core Processor,NVIDIA GeForce RTX 4090,,,,,,release2.4.live-156430-shipping,156430,,1,41642480,221,ok,,Loki.log;__sentry-breadcrumb1;__sentry-breadcrumb2;__sentry-event,4,0,,1,Loki.log,17136457,120761,2026.08.05-19.20.58:127,2026.08.05-19.28.09:097,430.97,3,/Game/Loki/Maps/Tutorial/LVL_Tutorial,/Game/Loki/Maps/LVL_Login;/Game/Loki/Maps/LobbyV2/LVL_LobbyV2_Persistent;/Game/Loki/Maps/Tutorial/LVL_Tutorial,0,1,0,0,1158,117462,2,0,0,0,0,0,0,0,0,0,0,,2026-08-05T17:32:31.0499966-05:00,1  verified=1  failed=0,archive-crashdumps.ps1 (pre-launch sweep),G:\git\GAME BACKUPS FOR REVERSE ENGINEERING\SUPERVIVE\Loki\.sentry-native,crashpad-20260805-143222-s110itemwatch;crashpad-20260805-173230,38329c00-8411-4469-88c1-3864d94e25db,2026-08-05T19:28:09.109000Z,"ok(v1,n=1)",pending,1,2026-08-05T19:28:10,2026-08-05T19:28:11,e98b09bd-5509-4238-653b-3408fc9b660a,e98b09bd-5509-4238-653b-3408fc9b660a,2026-08-05T19:28:09.085000Z,fatal,847,3,LVL_Login;LVL_LobbyV2_Persistent;LVL_Tutorial,LVL_Tutorial,1,17139870,1,1,2026.08.05-19.28.09:231
crashpad,crash,crashpad-20260805-173814-phase2-nostage/e0d14d37-b8b6-4612-baa4-fc75d36f9113,UECC-Windows-92D7D8FD4780CAC485D4119384D34294,e0d14d37-b8b6-4612-baa4-fc75d36f9113,1,2,phase2-nostage,0,Crash,87,2026-08-05T22:34:53.259000Z,2026-08-05T17:34:53.259,tutorial-attempted,G:\git\Supervive Revival Project\dumps\crashpad-20260805-173814-phase2-nostage,,ok,,,,35328,false,false,false,,,,,,,,,,,,5.4.3-0,release2.4.live-156430-shipping,Shipping,Game,SUPERVIVE-Win64-Shipping,UE-Loki,,G:/git/GAME BACKUPS FOR REVERSE ENGINEERING/SUPERVIVE/Loki/Binaries/Win64/,,,,-ini:Engine:[/Script/AccelByteUe4Sdk.AccelByteSettings]:BaseUrl=http://localhost:8080 -ini:Engine:[/Script/AccelByteUe4Sdk.AccelByteSettings]:IamServerUrl=http://localhost:8080/iam -ini:Engine:[/Script/AccelByteUe4Sdk.AccelByteSettings]:PlatformServerUrl=http://localhost:8080/platform -ini:Engine:[/Script/AccelByteUe4Sdk.AccelByteSettings]:BasicServerUrl=http://localhost:8080/basic -ini:Engine:[/Script/AccelByteUe4Sdk.AccelByteSettings]:LobbyServerUrl=ws://localhost:8080/lobby/ -ini:Engine:[/Script/Loki.LokiGameProjectSettings]:ProdPostAuthURL=http://localhost:8080 -ini:Engine:[/Script/Loki.LokiGameProjectSettings]:ProdClientConfigURL=http://localhost:8080 -ini:Game:[/Script/Loki.LokiGameProjectSettings]:ProdPostAuthURL=http://localhost:8080 -ini:Game:[/Script/Loki.LokiGameProjectSettings]:ProdClientConfigURL=http://localhost:8080 -log,,2026-08-05T17:34:54.252,,,,,,,,,,,,,,,16,,,,,,,,,,,,,,,AMD Ryzen 7 3800XT 8-Core Processor,NVIDIA GeForce RTX 4090,,,,,,release2.4.live-156430-shipping,156430,,1,41497664,220,ok,,Loki.log;__sentry-breadcrumb1;__sentry-breadcrumb2;__sentry-event,4,0,,1,Loki.log,277024,2321,2026.08.05-22.33.24:070,2026.08.05-22.34.53:275,89.205,2,/Game/Loki/Maps/LobbyV2/LVL_LobbyV2_Persistent,/Game/Loki/Maps/LVL_Login;/Game/Loki/Maps/LobbyV2/LVL_LobbyV2_Persistent,0,1,0,0,2,0,2,0,0,0,0,0,0,0,0,0,0,,2026-08-05T17:38:14.8209417-05:00,1  verified=1  failed=0,archive-crashdumps.ps1 (pre-launch sweep),G:\git\GAME BACKUPS FOR REVERSE ENGINEERING\SUPERVIVE\Loki\.sentry-native,crashpad-20260805-173814-phase2-nostage;crashpad-20260805-173820,38329c00-8411-4469-88c1-3864d94e25db,2026-08-05T22:34:53.293000Z,"ok(v1,n=1)",pending,1,2026-08-05T22:34:54,2026-08-05T22:34:54,ad5c52ad-fe5d-4d78-3950-99783482f802,ad5c52ad-fe5d-4d78-3950-99783482f802,2026-08-05T22:34:53.259000Z,fatal,847,2,LVL_Login;LVL_LobbyV2_Persistent,LVL_LobbyV2_Persistent,1,277359,1,1,2026.08.05-22.34.53:300
crashpad,crash,crashpad-20260805-173820/e0d14d37-b8b6-4612-baa4-fc75d36f9113,UECC-Windows-92D7D8FD4780CAC485D4119384D34294,e0d14d37-b8b6-4612-baa4-fc75d36f9113,0,2,,0,Crash,87,2026-08-05T22:34:53.259000Z,2026-08-05T17:34:53.259,tutorial-attempted,G:\git\Supervive Revival Project\dumps\crashpad-20260805-173820,,ok,,,,35328,false,false,false,,,,,,,,,,,,5.4.3-0,release2.4.live-156430-shipping,Shipping,Game,SUPERVIVE-Win64-Shipping,UE-Loki,,G:/git/GAME BACKUPS FOR REVERSE ENGINEERING/SUPERVIVE/Loki/Binaries/Win64/,,,,-ini:Engine:[/Script/AccelByteUe4Sdk.AccelByteSettings]:BaseUrl=http://localhost:8080 -ini:Engine:[/Script/AccelByteUe4Sdk.AccelByteSettings]:IamServerUrl=http://localhost:8080/iam -ini:Engine:[/Script/AccelByteUe4Sdk.AccelByteSettings]:PlatformServerUrl=http://localhost:8080/platform -ini:Engine:[/Script/AccelByteUe4Sdk.AccelByteSettings]:BasicServerUrl=http://localhost:8080/basic -ini:Engine:[/Script/AccelByteUe4Sdk.AccelByteSettings]:LobbyServerUrl=ws://localhost:8080/lobby/ -ini:Engine:[/Script/Loki.LokiGameProjectSettings]:ProdPostAuthURL=http://localhost:8080 -ini:Engine:[/Script/Loki.LokiGameProjectSettings]:ProdClientConfigURL=http://localhost:8080 -ini:Game:[/Script/Loki.LokiGameProjectSettings]:ProdPostAuthURL=http://localhost:8080 -ini:Game:[/Script/Loki.LokiGameProjectSettings]:ProdClientConfigURL=http://localhost:8080 -log,,2026-08-05T17:34:54.252,,,,,,,,,,,,,,,16,,,,,,,,,,,,,,,AMD Ryzen 7 3800XT 8-Core Processor,NVIDIA GeForce RTX 4090,,,,,,release2.4.live-156430-shipping,156430,,1,41497664,220,ok,,Loki.log;__sentry-breadcrumb1;__sentry-breadcrumb2;__sentry-event,4,0,,1,Loki.log,277024,2321,2026.08.05-22.33.24:070,2026.08.05-22.34.53:275,89.205,2,/Game/Loki/Maps/LobbyV2/LVL_LobbyV2_Persistent,/Game/Loki/Maps/LVL_Login;/Game/Loki/Maps/LobbyV2/LVL_LobbyV2_Persistent,0,1,0,0,2,0,2,0,0,0,0,0,0,0,0,0,0,,2026-08-05T17:38:20.5683525-05:00,1  verified=1  failed=0,archive-crashdumps.ps1 (pre-launch sweep),G:\git\GAME BACKUPS FOR REVERSE ENGINEERING\SUPERVIVE\Loki\.sentry-native,crashpad-20260805-173814-phase2-nostage;crashpad-20260805-173820,38329c00-8411-4469-88c1-3864d94e25db,2026-08-05T22:34:53.293000Z,"ok(v1,n=1)",pending,1,2026-08-05T22:34:54,2026-08-05T22:34:54,ad5c52ad-fe5d-4d78-3950-99783482f802,ad5c52ad-fe5d-4d78-3950-99783482f802,2026-08-05T22:34:53.259000Z,fatal,847,2,LVL_Login;LVL_LobbyV2_Persistent,LVL_LobbyV2_Persistent,1,277359,1,1,2026.08.05-22.34.53:300
crashpad,crash,crashpad-20260805-174425-phase2b-void/f350db65-12ce-4ce1-b8be-a7565eb59828,UECC-Windows-2D8E1A1543C472D8800D90AF9AD94D58,f350db65-12ce-4ce1-b8be-a7565eb59828,1,2,phase2b-void,0,Crash,290,2026-08-05T22:43:17.823000Z,2026-08-05T17:43:17.823,tutorial,G:\git\Supervive Revival Project\dumps\crashpad-20260805-174425-phase2b-void,,ok,,,,23240,false,false,false,,,,,,,,,,,,5.4.3-0,release2.4.live-156430-shipping,Shipping,Game,SUPERVIVE-Win64-Shipping,UE-Loki,,G:/git/GAME BACKUPS FOR REVERSE ENGINEERING/SUPERVIVE/Loki/Binaries/Win64/,,,,-ini:Engine:[/Script/AccelByteUe4Sdk.AccelByteSettings]:BaseUrl=http://localhost:8080 -ini:Engine:[/Script/AccelByteUe4Sdk.AccelByteSettings]:IamServerUrl=http://localhost:8080/iam -ini:Engine:[/Script/AccelByteUe4Sdk.AccelByteSettings]:PlatformServerUrl=http://localhost:8080/platform -ini:Engine:[/Script/AccelByteUe4Sdk.AccelByteSettings]:BasicServerUrl=http://localhost:8080/basic -ini:Engine:[/Script/AccelByteUe4Sdk.AccelByteSettings]:LobbyServerUrl=ws://localhost:8080/lobby/ -ini:Engine:[/Script/Loki.LokiGameProjectSettings]:ProdPostAuthURL=http://localhost:8080 -ini:Engine:[/Script/Loki.LokiGameProjectSettings]:ProdClientConfigURL=http://localhost:8080 -ini:Game:[/Script/Loki.LokiGameProjectSettings]:ProdPostAuthURL=http://localhost:8080 -ini:Game:[/Script/Loki.LokiGameProjectSettings]:ProdClientConfigURL=http://localhost:8080 -log,,2026-08-05T17:43:18.664,,,,,,,,,,,,,,,0,,,,,,,,,,,,,,,AMD Ryzen 7 3800XT 8-Core Processor,NVIDIA GeForce RTX 4090,,,,,,release2.4.live-156430-shipping,156430,,1,41569744,220,ok,,Loki.log;__sentry-breadcrumb1;__sentry-breadcrumb2;__sentry-event,4,0,,1,Loki.log,2436836,17180,2026.08.05-22.38.31:593,2026.08.05-22.43.17:833,286.24,3,/Game/Loki/Maps/Tutorial/LVL_Tutorial,/Game/Loki/Maps/LVL_Login;/Game/Loki/Maps/LobbyV2/LVL_LobbyV2_Persistent;/Game/Loki/Maps/Tutorial/LVL_Tutorial,0,1,0,0,704,14338,2,0,0,0,0,0,0,0,0,0,0,,2026-08-05T17:44:25.9830057-05:00,1  verified=1  failed=0,archive-crashdumps.ps1 (pre-launch sweep),G:\git\GAME BACKUPS FOR REVERSE ENGINEERING\SUPERVIVE\Loki\.sentry-native,crashpad-20260805-174425-phase2b-void;crashpad-20260805-174431,38329c00-8411-4469-88c1-3864d94e25db,2026-08-05T22:43:17.845000Z,"ok(v1,n=1)",pending,1,2026-08-05T22:43:18,2026-08-05T22:43:19,72f7deae-3b8b-4c68-ec81-585134328e53,72f7deae-3b8b-4c68-ec81-585134328e53,2026-08-05T22:43:17.823000Z,fatal,847,3,LVL_Login;LVL_LobbyV2_Persistent;LVL_Tutorial,LVL_Tutorial,1,2437171,1,1,2026.08.05-22.43.17:846
crashpad,crash,crashpad-20260805-174431/f350db65-12ce-4ce1-b8be-a7565eb59828,UECC-Windows-2D8E1A1543C472D8800D90AF9AD94D58,f350db65-12ce-4ce1-b8be-a7565eb59828,0,2,,0,Crash,290,2026-08-05T22:43:17.823000Z,2026-08-05T17:43:17.823,tutorial,G:\git\Supervive Revival Project\dumps\crashpad-20260805-174431,,ok,,,,23240,false,false,false,,,,,,,,,,,,5.4.3-0,release2.4.live-156430-shipping,Shipping,Game,SUPERVIVE-Win64-Shipping,UE-Loki,,G:/git/GAME BACKUPS FOR REVERSE ENGINEERING/SUPERVIVE/Loki/Binaries/Win64/,,,,-ini:Engine:[/Script/AccelByteUe4Sdk.AccelByteSettings]:BaseUrl=http://localhost:8080 -ini:Engine:[/Script/AccelByteUe4Sdk.AccelByteSettings]:IamServerUrl=http://localhost:8080/iam -ini:Engine:[/Script/AccelByteUe4Sdk.AccelByteSettings]:PlatformServerUrl=http://localhost:8080/platform -ini:Engine:[/Script/AccelByteUe4Sdk.AccelByteSettings]:BasicServerUrl=http://localhost:8080/basic -ini:Engine:[/Script/AccelByteUe4Sdk.AccelByteSettings]:LobbyServerUrl=ws://localhost:8080/lobby/ -ini:Engine:[/Script/Loki.LokiGameProjectSettings]:ProdPostAuthURL=http://localhost:8080 -ini:Engine:[/Script/Loki.LokiGameProjectSettings]:ProdClientConfigURL=http://localhost:8080 -ini:Game:[/Script/Loki.LokiGameProjectSettings]:ProdPostAuthURL=http://localhost:8080 -ini:Game:[/Script/Loki.LokiGameProjectSettings]:ProdClientConfigURL=http://localhost:8080 -log,,2026-08-05T17:43:18.664,,,,,,,,,,,,,,,0,,,,,,,,,,,,,,,AMD Ryzen 7 3800XT 8-Core Processor,NVIDIA GeForce RTX 4090,,,,,,release2.4.live-156430-shipping,156430,,1,41569744,220,ok,,Loki.log;__sentry-breadcrumb1;__sentry-breadcrumb2;__sentry-event,4,0,,1,Loki.log,2436836,17180,2026.08.05-22.38.31:593,2026.08.05-22.43.17:833,286.24,3,/Game/Loki/Maps/Tutorial/LVL_Tutorial,/Game/Loki/Maps/LVL_Login;/Game/Loki/Maps/LobbyV2/LVL_LobbyV2_Persistent;/Game/Loki/Maps/Tutorial/LVL_Tutorial,0,1,0,0,704,14338,2,0,0,0,0,0,0,0,0,0,0,,2026-08-05T17:44:31.7151384-05:00,1  verified=1  failed=0,archive-crashdumps.ps1 (pre-launch sweep),G:\git\GAME BACKUPS FOR REVERSE ENGINEERING\SUPERVIVE\Loki\.sentry-native,crashpad-20260805-174425-phase2b-void;crashpad-20260805-174431,38329c00-8411-4469-88c1-3864d94e25db,2026-08-05T22:43:17.845000Z,"ok(v1,n=1)",pending,1,2026-08-05T22:43:18,2026-08-05T22:43:19,72f7deae-3b8b-4c68-ec81-585134328e53,72f7deae-3b8b-4c68-ec81-585134328e53,2026-08-05T22:43:17.823000Z,fatal,847,3,LVL_Login;LVL_LobbyV2_Persistent;LVL_Tutorial,LVL_Tutorial,1,2437171,1,1,2026.08.05-22.43.17:846
crashpad,crash,crashpad-20260805-182113-animref-SUCCESS/2432183f-4889-49ae-a673-da14cb8f617c,UECC-Windows-FBBC83004BA79FA2D3593FA740F6C41A,2432183f-4889-49ae-a673-da14cb8f617c,1,2,animref-SUCCESS,0,Crash,336,2026-08-05T23:19:43.351000Z,2026-08-05T18:19:43.351,tutorial,G:\git\Supervive Revival Project\dumps\crashpad-20260805-182113-animref-SUCCESS,,ok,,,,18536,false,false,false,,,,,,,,,,,,5.4.3-0,release2.4.live-156430-shipping,Shipping,Game,SUPERVIVE-Win64-Shipping,UE-Loki,,G:/git/GAME BACKUPS FOR REVERSE ENGINEERING/SUPERVIVE/Loki/Binaries/Win64/,,,,-ini:Engine:[/Script/AccelByteUe4Sdk.AccelByteSettings]:BaseUrl=http://localhost:8080 -ini:Engine:[/Script/AccelByteUe4Sdk.AccelByteSettings]:IamServerUrl=http://localhost:8080/iam -ini:Engine:[/Script/AccelByteUe4Sdk.AccelByteSettings]:PlatformServerUrl=http://localhost:8080/platform -ini:Engine:[/Script/AccelByteUe4Sdk.AccelByteSettings]:BasicServerUrl=http://localhost:8080/basic -ini:Engine:[/Script/AccelByteUe4Sdk.AccelByteSettings]:LobbyServerUrl=ws://localhost:8080/lobby/ -ini:Engine:[/Script/Loki.LokiGameProjectSettings]:ProdPostAuthURL=http://localhost:8080 -ini:Engine:[/Script/Loki.LokiGameProjectSettings]:ProdClientConfigURL=http://localhost:8080 -ini:Game:[/Script/Loki.LokiGameProjectSettings]:ProdPostAuthURL=http://localhost:8080 -ini:Game:[/Script/Loki.LokiGameProjectSettings]:ProdClientConfigURL=http://localhost:8080 -log,,2026-08-05T18:19:44.492,,,,,,,,,,,,,,,0,,,,,,,,,,,,,,,AMD Ryzen 7 3800XT 8-Core Processor,NVIDIA GeForce RTX 4090,,,,,,release2.4.live-156430-shipping,156430,,1,43740464,221,ok,,Loki.log;__sentry-breadcrumb1;__sentry-breadcrumb2;__sentry-event,4,0,,1,Loki.log,3130979,21978,2026.08.05-23.14.17:092,2026.08.05-23.19.43:363,326.271,3,/Game/Loki/Maps/Tutorial/LVL_Tutorial,/Game/Loki/Maps/LVL_Login;/Game/Loki/Maps/LobbyV2/LVL_LobbyV2_Persistent;/Game/Loki/Maps/Tutorial/LVL_Tutorial,0,1,0,0,1146,18892,2,0,0,0,0,0,0,0,0,0,0,,2026-08-05T18:21:13.6623473-05:00,1  verified=1  failed=0,archive-crashdumps.ps1 (pre-launch sweep),G:\git\GAME BACKUPS FOR REVERSE ENGINEERING\SUPERVIVE\Loki\.sentry-native,crashpad-20260805-182113-animref-SUCCESS;crashpad-20260805-184433,38329c00-8411-4469-88c1-3864d94e25db,2026-08-05T23:19:43.376000Z,"ok(v1,n=1)",pending,1,2026-08-05T23:19:44,2026-08-05T23:19:45,db8dba4a-0209-483a-0ccf-7f525dacca42,db8dba4a-0209-483a-0ccf-7f525dacca42,2026-08-05T23:19:43.351000Z,fatal,847,3,LVL_Login;LVL_LobbyV2_Persistent;LVL_Tutorial,LVL_Tutorial,1,3131236,0,1,2026.08.05-23.19.43:376
crashpad,crash,crashpad-20260805-184433/2432183f-4889-49ae-a673-da14cb8f617c,UECC-Windows-FBBC83004BA79FA2D3593FA740F6C41A,2432183f-4889-49ae-a673-da14cb8f617c,0,2,,0,Crash,336,2026-08-05T23:19:43.351000Z,2026-08-05T18:19:43.351,tutorial,G:\git\Supervive Revival Project\dumps\crashpad-20260805-184433,,ok,,,,18536,false,false,false,,,,,,,,,,,,5.4.3-0,release2.4.live-156430-shipping,Shipping,Game,SUPERVIVE-Win64-Shipping,UE-Loki,,G:/git/GAME BACKUPS FOR REVERSE ENGINEERING/SUPERVIVE/Loki/Binaries/Win64/,,,,-ini:Engine:[/Script/AccelByteUe4Sdk.AccelByteSettings]:BaseUrl=http://localhost:8080 -ini:Engine:[/Script/AccelByteUe4Sdk.AccelByteSettings]:IamServerUrl=http://localhost:8080/iam -ini:Engine:[/Script/AccelByteUe4Sdk.AccelByteSettings]:PlatformServerUrl=http://localhost:8080/platform -ini:Engine:[/Script/AccelByteUe4Sdk.AccelByteSettings]:BasicServerUrl=http://localhost:8080/basic -ini:Engine:[/Script/AccelByteUe4Sdk.AccelByteSettings]:LobbyServerUrl=ws://localhost:8080/lobby/ -ini:Engine:[/Script/Loki.LokiGameProjectSettings]:ProdPostAuthURL=http://localhost:8080 -ini:Engine:[/Script/Loki.LokiGameProjectSettings]:ProdClientConfigURL=http://localhost:8080 -ini:Game:[/Script/Loki.LokiGameProjectSettings]:ProdPostAuthURL=http://localhost:8080 -ini:Game:[/Script/Loki.LokiGameProjectSettings]:ProdClientConfigURL=http://localhost:8080 -log,,2026-08-05T18:19:44.492,,,,,,,,,,,,,,,0,,,,,,,,,,,,,,,AMD Ryzen 7 3800XT 8-Core Processor,NVIDIA GeForce RTX 4090,,,,,,release2.4.live-156430-shipping,156430,,1,43740464,221,ok,,Loki.log;__sentry-breadcrumb1;__sentry-breadcrumb2;__sentry-event,4,0,,1,Loki.log,3130979,21978,2026.08.05-23.14.17:092,2026.08.05-23.19.43:363,326.271,3,/Game/Loki/Maps/Tutorial/LVL_Tutorial,/Game/Loki/Maps/LVL_Login;/Game/Loki/Maps/LobbyV2/LVL_LobbyV2_Persistent;/Game/Loki/Maps/Tutorial/LVL_Tutorial,0,1,0,0,1146,18892,2,0,0,0,0,0,0,0,0,0,0,,2026-08-05T18:44:34.2459985-05:00,1  verified=1  failed=0,archive-crashdumps.ps1 (pre-launch sweep),G:\git\GAME BACKUPS FOR REVERSE ENGINEERING\SUPERVIVE\Loki\.sentry-native,crashpad-20260805-182113-animref-SUCCESS;crashpad-20260805-184433,38329c00-8411-4469-88c1-3864d94e25db,2026-08-05T23:19:43.376000Z,"ok(v1,n=1)",pending,1,2026-08-05T23:19:44,2026-08-05T23:19:45,db8dba4a-0209-483a-0ccf-7f525dacca42,db8dba4a-0209-483a-0ccf-7f525dacca42,2026-08-05T23:19:43.351000Z,fatal,847,3,LVL_Login;LVL_LobbyV2_Persistent;LVL_Tutorial,LVL_Tutorial,1,3131236,0,1,2026.08.05-23.19.43:376
