ags/game stopped

=== Launch S155 flight 2 ===
Building community backend...
Starting community backend (:8080 HTTP + :443 HTTPS)...
Server up; cert chain generated.
#1 GET /revival/missions/progress -> 200
Backend serving HTTP (probe http://127.0.0.1:8080/revival/missions/progress -> 200).
Appending Root CA to game cacert.pem...
Hosts entries added:
  127.0.0.1  accounts.projectloki.theorycraftgames.com
  127.0.0.1  client-config-jx-prod.prodcluster.awsinfra.theorycraftgames.com
bVerifyPeer override already present.
  (Engine.ini set read-only)
[crashdump] no pending crash reports to archive (and no crashpad handoff in Loki.log).
Crash-capture armed: dumps/crash-20260908-174411 (log: docs/crashwatch.out.log)
  idle until the game crashes; then suspends it and dumps before it exits.
Launching SUPERVIVE (PostAuth -> http://localhost:8080)...
LogIoDispatcher: Display: Reading toc: ../../../Loki/Content/Paks/global.utoc
LogIoDispatcher: Display: Toc signature hash: 6709D97A0C606F95DA1A17081E4BBB2079C25138
LogIoDispatcher: Display: Mounting container '../../../Loki/Content/Paks/global.utoc' in location slot 0
LogPakFile: Display: Initialized I/O dispatcher file backend. Mounted the global container: ../../../Loki/Content/Paks/global.utoc
LogPakFile: Display: Found Pak file ../../../Loki/Content/Paks/pakchunk0_s9-WindowsClient.pak attempting to mount.
LogPakFile: Display: Mounting pak file ../../../Loki/Content/Paks/pakchunk0_s9-WindowsClient.pak.
LogIoDispatcher: Display: Reading toc: ../../../Loki/Content/Paks/pakchunk0_s9-WindowsClient.utoc
LogIoDispatcher: Display: Toc signature hash: 9E91FE73F51FA79B9EFD04C5EC902B93377968AA
LogIoDispatcher: Display: Mounting container '../../../Loki/Content/Paks/pakchunk0_s9-WindowsClient.utoc' in location slot 0
LogPakFile: Display: Mounted IoStore container "../../../Loki/Content/Paks/pakchunk0_s9-WindowsClient.utoc"
LogPakFile: Display: Mounted Pak file '../../../Loki/Content/Paks/pakchunk0_s9-WindowsClient.pak', mount point: '/'
LogPakFile: Display: Found Pak file ../../../Loki/Content/Paks/pakchunk0_s8-WindowsClient.pak attempting to mount.
LogPakFile: Display: Mounting pak file ../../../Loki/Content/Paks/pakchunk0_s8-WindowsClient.pak.
LogIoDispatcher: Display: Reading toc: ../../../Loki/Content/Paks/pakchunk0_s8-WindowsClient.utoc
LogIoDispatcher: Display: Toc signature hash: 29E51C9F8F0B853B4F683528B71084A306CC7450
LogIoDispatcher: Display: Mounting container '../../../Loki/Content/Paks/pakchunk0_s8-WindowsClient.utoc' in location slot 0
LogPakFile: Display: Mounted IoStore container "../../../Loki/Content/Paks/pakchunk0_s8-WindowsClient.utoc"
LogPakFile: Display: Mounted Pak file '../../../Loki/Content/Paks/pakchunk0_s8-WindowsClient.pak', mount point: '/'
LogPakFile: Display: Found Pak file ../../../Loki/Content/Paks/pakchunk0_s7-WindowsClient.pak attempting to mount.
LogPakFile: Display: Mounting pak file ../../../Loki/Content/Paks/pakchunk0_s7-WindowsClient.pak.
LogIoDispatcher: Display: Reading toc: ../../../Loki/Content/Paks/pakchunk0_s7-WindowsClient.utoc
LogIoDispatcher: Display: Toc signature hash: C2CBCFBEA2930104DDEB9545E65A373DBB08A0CB
LogIoDispatcher: Display: Mounting container '../../../Loki/Content/Paks/pakchunk0_s7-WindowsClient.utoc' in location slot 0
LogPakFile: Display: Mounted IoStore container "../../../Loki/Content/Paks/pakchunk0_s7-WindowsClient.utoc"
LogPakFile: Display: Mounted Pak file '../../../Loki/Content/Paks/pakchunk0_s7-WindowsClient.pak', mount point: '/'
LogPakFile: Display: Found Pak file ../../../Loki/Content/Paks/pakchunk0_s6-WindowsClient.pak attempting to mount.
LogPakFile: Display: Mounting pak file ../../../Loki/Content/Paks/pakchunk0_s6-WindowsClient.pak.
LogIoDispatcher: Display: Reading toc: ../../../Loki/Content/Paks/pakchunk0_s6-WindowsClient.utoc
LogIoDispatcher: Display: Toc signature hash: 66413AD92E0B002A60BF0332D0C2F47188F345B4
LogIoDispatcher: Display: Mounting container '../../../Loki/Content/Paks/pakchunk0_s6-WindowsClient.utoc' in location slot 0
LogPakFile: Display: Mounted IoStore container "../../../Loki/Content/Paks/pakchunk0_s6-WindowsClient.utoc"
LogPakFile: Display: Mounted Pak file '../../../Loki/Content/Paks/pakchunk0_s6-WindowsClient.pak', mount point: '/'
LogPakFile: Display: Found Pak file ../../../Loki/Content/Paks/pakchunk0_s5-WindowsClient.pak attempting to mount.
LogPakFile: Display: Mounting pak file ../../../Loki/Content/Paks/pakchunk0_s5-WindowsClient.pak.
LogIoDispatcher: Display: Reading toc: ../../../Loki/Content/Paks/pakchunk0_s5-WindowsClient.utoc
LogIoDispatcher: Display: Toc signature hash: 96FA4145642275F65DC17A74D32FD3588E1FB37B
LogIoDispatcher: Display: Mounting container '../../../Loki/Content/Paks/pakchunk0_s5-WindowsClient.utoc' in location slot 0
LogPakFile: Display: Mounted IoStore container "../../../Loki/Content/Paks/pakchunk0_s5-WindowsClient.utoc"
LogPakFile: Display: Mounted Pak file '../../../Loki/Content/Paks/pakchunk0_s5-WindowsClient.pak', mount point: '/'
LogPakFile: Display: Found Pak file ../../../Loki/Content/Paks/pakchunk0_s4-WindowsClient.pak attempting to mount.
LogPakFile: Display: Mounting pak file ../../../Loki/Content/Paks/pakchunk0_s4-WindowsClient.pak.
LogIoDispatcher: Display: Reading toc: ../../../Loki/Content/Paks/pakchunk0_s4-WindowsClient.utoc
LogIoDispatcher: Display: Toc signature hash: 93D43002105EEB7CDA9EB596A793DA483CBAFC85
LogIoDispatcher: Display: Mounting container '../../../Loki/Content/Paks/pakchunk0_s4-WindowsClient.utoc' in location slot 0
LogPakFile: Display: Mounted IoStore container "../../../Loki/Content/Paks/pakchunk0_s4-WindowsClient.utoc"
LogPakFile: Display: Mounted Pak file '../../../Loki/Content/Paks/pakchunk0_s4-WindowsClient.pak', mount point: '/'
LogPakFile: Display: Found Pak file ../../../Loki/Content/Paks/pakchunk0_s3-WindowsClient.pak attempting to mount.
LogPakFile: Display: Mounting pak file ../../../Loki/Content/Paks/pakchunk0_s3-WindowsClient.pak.
LogIoDispatcher: Display: Reading toc: ../../../Loki/Content/Paks/pakchunk0_s3-WindowsClient.utoc
LogIoDispatcher: Display: Toc signature hash: C0FD66BD6978E52297932E5A7C4A3AE695420303
LogIoDispatcher: Display: Mounting container '../../../Loki/Content/Paks/pakchunk0_s3-WindowsClient.utoc' in location slot 0
LogPakFile: Display: Mounted IoStore container "../../../Loki/Content/Paks/pakchunk0_s3-WindowsClient.utoc"
LogPakFile: Display: Mounted Pak file '../../../Loki/Content/Paks/pakchunk0_s3-WindowsClient.pak', mount point: '/'
LogPakFile: Display: Found Pak file ../../../Loki/Content/Paks/pakchunk0_s2-WindowsClient.pak attempting to mount.
LogPakFile: Display: Mounting pak file ../../../Loki/Content/Paks/pakchunk0_s2-WindowsClient.pak.
LogIoDispatcher: Display: Reading toc: ../../../Loki/Content/Paks/pakchunk0_s2-WindowsClient.utoc
LogIoDispatcher: Display: Toc signature hash: DBDF2F8B6BBF4D297CBAAC46BB6B009584051499
LogIoDispatcher: Display: Mounting container '../../../Loki/Content/Paks/pakchunk0_s2-WindowsClient.utoc' in location slot 0
LogPakFile: Display: Mounted IoStore container "../../../Loki/Content/Paks/pakchunk0_s2-WindowsClient.utoc"
LogPakFile: Display: Mounted Pak file '../../../Loki/Content/Paks/pakchunk0_s2-WindowsClient.pak', mount point: '/'
LogPakFile: Display: Found Pak file ../../../Loki/Content/Paks/pakchunk0_s15-WindowsClient.pak attempting to mount.
LogPakFile: Display: Mounting pak file ../../../Loki/Content/Paks/pakchunk0_s15-WindowsClient.pak.
LogIoDispatcher: Display: Reading toc: ../../../Loki/Content/Paks/pakchunk0_s15-WindowsClient.utoc
LogIoDispatcher: Display: Toc signature hash: 590B5B647F0922BE274F933F48F77ECE4FF082EF
LogIoDispatcher: Display: Mounting container '../../../Loki/Content/Paks/pakchunk0_s15-WindowsClient.utoc' in location slot 0
LogPakFile: Display: Mounted IoStore container "../../../Loki/Content/Paks/pakchunk0_s15-WindowsClient.utoc"
LogPakFile: Display: Mounted Pak file '../../../Loki/Content/Paks/pakchunk0_s15-WindowsClient.pak', mount point: '/'
LogPakFile: Display: Found Pak file ../../../Loki/Content/Paks/pakchunk0_s14-WindowsClient.pak attempting to mount.
LogPakFile: Display: Mounting pak file ../../../Loki/Content/Paks/pakchunk0_s14-WindowsClient.pak.
LogIoDispatcher: Display: Reading toc: ../../../Loki/Content/Paks/pakchunk0_s14-WindowsClient.utoc
LogIoDispatcher: Display: Toc signature hash: 18BF491C85E4C76574DF2ACF69DFD31D593810D1
LogIoDispatcher: Display: Mounting container '../../../Loki/Content/Paks/pakchunk0_s14-WindowsClient.utoc' in location slot 0
LogPakFile: Display: Mounted IoStore container "../../../Loki/Content/Paks/pakchunk0_s14-WindowsClient.utoc"
LogPakFile: Display: Mounted Pak file '../../../Loki/Content/Paks/pakchunk0_s14-WindowsClient.pak', mount point: '/'
LogPakFile: Display: Found Pak file ../../../Loki/Content/Paks/pakchunk0_s13-WindowsClient.pak attempting to mount.
LogPakFile: Display: Mounting pak file ../../../Loki/Content/Paks/pakchunk0_s13-WindowsClient.pak.
LogIoDispatcher: Display: Reading toc: ../../../Loki/Content/Paks/pakchunk0_s13-WindowsClient.utoc
LogIoDispatcher: Display: Toc signature hash: D7C4759563D60285A358F70DFA47489666442C4D
LogIoDispatcher: Display: Mounting container '../../../Loki/Content/Paks/pakchunk0_s13-WindowsClient.utoc' in location slot 0
LogPakFile: Display: Mounted IoStore container "../../../Loki/Content/Paks/pakchunk0_s13-WindowsClient.utoc"
LogPakFile: Display: Mounted Pak file '../../../Loki/Content/Paks/pakchunk0_s13-WindowsClient.pak', mount point: '/'
LogPakFile: Display: Found Pak file ../../../Loki/Content/Paks/pakchunk0_s12-WindowsClient.pak attempting to mount.
LogPakFile: Display: Mounting pak file ../../../Loki/Content/Paks/pakchunk0_s12-WindowsClient.pak.
LogIoDispatcher: Display: Reading toc: ../../../Loki/Content/Paks/pakchunk0_s12-WindowsClient.utoc
LogIoDispatcher: Display: Toc signature hash: 6318D0E39F049AC21CA88ABEA076BB2A7267AC20
LogIoDispatcher: Display: Mounting container '../../../Loki/Content/Paks/pakchunk0_s12-WindowsClient.utoc' in location slot 0
LogPakFile: Display: Mounted IoStore container "../../../Loki/Content/Paks/pakchunk0_s12-WindowsClient.utoc"
LogPakFile: Display: Mounted Pak file '../../../Loki/Content/Paks/pakchunk0_s12-WindowsClient.pak', mount point: '/'
LogPakFile: Display: Found Pak file ../../../Loki/Content/Paks/pakchunk0_s11-WindowsClient.pak attempting to mount.
LogPakFile: Display: Mounting pak file ../../../Loki/Content/Paks/pakchunk0_s11-WindowsClient.pak.
LogIoDispatcher: Display: Reading toc: ../../../Loki/Content/Paks/pakchunk0_s11-WindowsClient.utoc
LogIoDispatcher: Display: Toc signature hash: DA1FDE713671C45AA4027A163448472463C5F21E
LogIoDispatcher: Display: Mounting container '../../../Loki/Content/Paks/pakchunk0_s11-WindowsClient.utoc' in location slot 0
LogPakFile: Display: Mounted IoStore container "../../../Loki/Content/Paks/pakchunk0_s11-WindowsClient.utoc"
LogPakFile: Display: Mounted Pak file '../../../Loki/Content/Paks/pakchunk0_s11-WindowsClient.pak', mount point: '../../../Loki/Content/Loki/UI/Fonts/'
LogPakFile: Display: Found Pak file ../../../Loki/Content/Paks/pakchunk0_s10-WindowsClient.pak attempting to mount.
LogPakFile: Display: Mounting pak file ../../../Loki/Content/Paks/pakchunk0_s10-WindowsClient.pak.
LogIoDispatcher: Display: Reading toc: ../../../Loki/Content/Paks/pakchunk0_s10-WindowsClient.utoc
LogIoDispatcher: Display: Toc signature hash: 4B620821F63D7A4B2664EA189186FBB03B444EA8
LogIoDispatcher: Display: Mounting container '../../../Loki/Content/Paks/pakchunk0_s10-WindowsClient.utoc' in location slot 0
LogPakFile: Display: Mounted IoStore container "../../../Loki/Content/Paks/pakchunk0_s10-WindowsClient.utoc"
LogPakFile: Display: Mounted Pak file '../../../Loki/Content/Paks/pakchunk0_s10-WindowsClient.pak', mount point: '/'
LogPakFile: Display: Found Pak file ../../../Loki/Content/Paks/pakchunk0_s1-WindowsClient.pak attempting to mount.
LogPakFile: Display: Mounting pak file ../../../Loki/Content/Paks/pakchunk0_s1-WindowsClient.pak.
LogIoDispatcher: Display: Reading toc: ../../../Loki/Content/Paks/pakchunk0_s1-WindowsClient.utoc
LogIoDispatcher: Display: Toc signature hash: E9F3D2C935AF17B2E42EB8FE0FA4213160E26FE5
LogIoDispatcher: Display: Mounting container '../../../Loki/Content/Paks/pakchunk0_s1-WindowsClient.utoc' in location slot 0
LogPakFile: Display: Mounted IoStore container "../../../Loki/Content/Paks/pakchunk0_s1-WindowsClient.utoc"
LogPakFile: Display: Mounted Pak file '../../../Loki/Content/Paks/pakchunk0_s1-WindowsClient.pak', mount point: '/'
LogPakFile: Display: Found Pak file ../../../Loki/Content/Paks/pakchunk0-WindowsClient.pak attempting to mount.
LogPakFile: Display: Mounting pak file ../../../Loki/Content/Paks/pakchunk0-WindowsClient.pak.
LogIoDispatcher: Display: Reading toc: ../../../Loki/Content/Paks/pakchunk0-WindowsClient.utoc
LogIoDispatcher: Display: Toc signature hash: 444F784573B50335020F676060F69EA60C28A579
LogIoDispatcher: Display: Mounting container '../../../Loki/Content/Paks/pakchunk0-WindowsClient.utoc' in location slot 0
LogPakFile: Display: Mounted IoStore container "../../../Loki/Content/Paks/pakchunk0-WindowsClient.utoc"
LogPakFile: Display: Mounted Pak file '../../../Loki/Content/Paks/pakchunk0-WindowsClient.pak', mount point: '../../../'
LogStreaming: Display: AsyncLoading2 - Created: Event Driven Loader: false, Async Loading Thread: true, Async Post Load: true
LogStreaming: Display: AsyncLoading2 - Initialized
LogHAL: Display: Platform has ~ 48 GB [51481124864 / 68719476736 / 48], which maps to Largest [LargestMinGB=32, LargerMinGB=12, DefaultMinGB=8, SmallerMinGB=6, SmallestMinGB=0)
LogD3D12RHI: Display: Creating D3D12 RHI with Max Feature Level SM6
LogD3D12RHI: Display: Not using pipeline state disk cache per r.D3D12.PSO.DiskCache=0
LogD3D12RHI: Display: Not using driver-optimized pipeline state disk cache per r.D3D12.PSO.DriverOptimizedDiskCache=0
LogShaderLibrary: Display: Using IoDispatcher for shader code library Global. Total 5064 unique shaders.
LogShaderLibrary: Display: Cooked Context: Using Shared Shader Library Global
LogShaderLibrary: Display: Logical shader library 'Global' has been created as a monolithic library
LogShaderLibrary: Display: Tried to open shader library 'Paper2D', but could not find it (only tried to open it as a monolithic library).
LogShaderLibrary: Display: Tried to open shader library 'ControlRig', but could not find it (only tried to open it as a monolithic library).
LogShaderLibrary: Display: Tried to open shader library 'OpenColorIO', but could not find it (only tried to open it as a monolithic library).
LogShaderLibrary: Display: Tried to open shader library 'ConcertSyncClient', but could not find it (only tried to open it as a monolithic library).
LogShaderLibrary: Display: Tried to open shader library 'MeshLODToolset', but could not find it (only tried to open it as a monolithic library).
LogShaderLibrary: Display: Tried to open shader library 'IKRig', but could not find it (only tried to open it as a monolithic library).
LogShaderLibrary: Display: Tried to open shader library 'StaticMeshEditorModeling', but could not find it (only tried to open it as a monolithic library).
LogShaderLibrary: Display: Tried to open shader library 'AnimationSharing', but could not find it (only tried to open it as a monolithic library).
LogShaderLibrary: Display: Tried to open shader library 'SkeletalMeshModelingTools', but could not find it (only tried to open it as a monolithic library).
LogShaderLibrary: Display: Tried to open shader library 'DeformerGraph', but could not find it (only tried to open it as a monolithic library).
LogShaderLibrary: Display: Tried to open shader library 'ChaosClothEditor', but could not find it (only tried to open it as a monolithic library).
LogShaderLibrary: Display: Tried to open shader library 'ChaosSolverPlugin', but could not find it (only tried to open it as a monolithic library).
LogShaderLibrary: Display: Tried to open shader library 'ModelingToolsEditorMode', but could not find it (only tried to open it as a monolithic library).
LogShaderLibrary: Display: Tried to open shader library 'FullBodyIK', but could not find it (only tried to open it as a monolithic library).
LogShaderLibrary: Display: Tried to open shader library 'ACLPlugin', but could not find it (only tried to open it as a monolithic library).
LogShaderLibrary: Display: Tried to open shader library 'GeometryFlow', but could not find it (only tried to open it as a monolithic library).
LogShaderLibrary: Display: Tried to open shader library 'SequencerScripting', but could not find it (only tried to open it as a monolithic library).
LogShaderLibrary: Display: Tried to open shader library 'Dataflow', but could not find it (only tried to open it as a monolithic library).
LogShaderLibrary: Display: Tried to open shader library 'PCGGeometryScriptInterop', but could not find it (only tried to open it as a monolithic library).
LogShaderLibrary: Display: Tried to open shader library 'ConsoleVariables', but could not find it (only tried to open it as a monolithic library).
LogShaderLibrary: Display: Tried to open shader library 'BlueprintHeaderView', but could not find it (only tried to open it as a monolithic library).
LogShaderLibrary: Display: Tried to open shader library 'PCG', but could not find it (only tried to open it as a monolithic library).
LogShaderLibrary: Display: Tried to open shader library 'ChaosNiagara', but could not find it (only tried to open it as a monolithic library).
LogShaderLibrary: Display: Tried to open shader library 'ChaosCaching', but could not find it (only tried to open it as a monolithic library).
LogShaderLibrary: Display: Tried to open shader library 'GeometryMode', but could not find it (only tried to open it as a monolithic library).
LogShaderLibrary: Display: Tried to open shader library 'UVEditor', but could not find it (only tried to open it as a monolithic library).
LogShaderLibrary: Display: Tried to open shader library 'GeometryScripting', but could not find it (only tried to open it as a monolithic library).
LogShaderLibrary: Display: Tried to open shader library 'CommonUI', but could not find it (only tried to open it as a monolithic library).
LogShaderLibrary: Display: Tried to open shader library 'RigVM', but could not find it (only tried to open it as a monolithic library).
LogShaderLibrary: Display: Tried to open shader library 'Substance', but could not find it (only tried to open it as a monolithic library).
LogShaderLibrary: Display: Tried to open shader library 'WebBrowserWidget', but could not find it (only tried to open it as a monolithic library).
LogShaderLibrary: Display: Tried to open shader library 'NiagaraUIRenderer', but could not find it (only tried to open it as a monolithic library).
LogShaderLibrary: Display: Tried to open shader library 'HDRIBackdrop', but could not find it (only tried to open it as a monolithic library).
LogShaderLibrary: Display: Tried to open shader library 'GameplayCameras', but could not find it (only tried to open it as a monolithic library).
LogShaderLibrary: Display: Tried to open shader library 'GeometryProcessing', but could not find it (only tried to open it as a monolithic library).
LogShaderLibrary: Display: Tried to open shader library 'LokiFogOfWar', but could not find it (only tried to open it as a monolithic library).
LogShaderLibrary: Display: Tried to open shader library 'DebugFunctionLibrary', but could not find it (only tried to open it as a monolithic library).
LogShaderLibrary: Display: Tried to open shader library 'PythonAutomationTest', but could not find it (only tried to open it as a monolithic library).
LogShaderLibrary: Display: Tried to open shader library 'HairModelingToolset', but could not find it (only tried to open it as a monolithic library).
LogShaderLibrary: Display: Tried to open shader library 'LokiWinter', but could not find it (only tried to open it as a monolithic library).
LogShaderLibrary: Display: Tried to open shader library 'DiscordPartnerSDK', but could not find it (only tried to open it as a monolithic library).
LogShaderLibrary: Display: Tried to open shader library 'LowEntryExtStdLib', but could not find it (only tried to open it as a monolithic library).
LogShaderLibrary: Display: Tried to open shader library 'ThumbnailGenerator', but could not find it (only tried to open it as a monolithic library).
LogShaderLibrary: Display: Tried to open shader library 'Tox', but could not find it (only tried to open it as a monolithic library).
LogShaderLibrary: Display: Tried to open shader library 'GeometryCollectionPlugin', but could not find it (only tried to open it as a monolithic library).
LogShaderLibrary: Display: Tried to open shader library 'HairStrands', but could not find it (only tried to open it as a monolithic library).
LogShaderLibrary: Display: Tried to open shader library 'TraceUtilities', but could not find it (only tried to open it as a monolithic library).
LogShaderLibrary: Display: Tried to open shader library 'Takes', but could not find it (only tried to open it as a monolithic library).
LogShaderLibrary: Display: Tried to open shader library 'Landmass', but could not find it (only tried to open it as a monolithic library).
LogShaderLibrary: Display: Tried to open shader library 'MovieRenderPipeline', but could not find it (only tried to open it as a monolithic library).
LogShaderLibrary: Display: Tried to open shader library 'MeshModelingToolsetExp', but could not find it (only tried to open it as a monolithic library).
LogShaderLibrary: Display: Tried to open shader library 'Wwise', but could not find it (only tried to open it as a monolithic library).
LogShaderLibrary: Display: Tried to open shader library 'MORT', but could not find it (only tried to open it as a monolithic library).
LogShaderLibrary: Display: Tried to open shader library 'PythonScriptPlugin', but could not find it (only tried to open it as a monolithic library).
LogShaderLibrary: Display: Tried to open shader library 'MinimapPlugin', but could not find it (only tried to open it as a monolithic library).
LogShaderLibrary: Display: Tried to open shader library 'MeshModelingToolset', but could not find it (only tried to open it as a monolithic library).
LogShaderLibrary: Display: Tried to open shader library 'CascadeToNiagaraConverter', but could not find it (only tried to open it as a monolithic library).
LogShaderLibrary: Display: Tried to open shader library 'Volumetrics', but could not find it (only tried to open it as a monolithic library).
LogShaderLibrary: Display: Tried to open shader library 'NvidiaGfn', but could not find it (only tried to open it as a monolithic library).
LogShaderLibrary: Display: Tried to open shader library 'Niagara', but could not find it (only tried to open it as a monolithic library).
LogShaderLibrary: Display: Tried to open shader library 'SplineArea', but could not find it (only tried to open it as a monolithic library).
LogShaderLibrary: Display: Tried to open shader library 'Paper2D', but could not find it (only tried to open it as a monolithic library).
LogShaderLibrary: Display: Tried to open shader library 'ACLPlugin', but could not find it (only tried to open it as a monolithic library).
LogShaderLibrary: Display: Tried to open shader library 'ControlRig', but could not find it (only tried to open it as a monolithic library).
LogShaderLibrary: Display: Tried to open shader library 'DeformerGraph', but could not find it (only tried to open it as a monolithic library).
LogShaderLibrary: Display: Tried to open shader library 'IKRig', but could not find it (only tried to open it as a monolithic library).
LogShaderLibrary: Display: Tried to open shader library 'GameplayCameras', but could not find it (only tried to open it as a monolithic library).
LogShaderLibrary: Display: Tried to open shader library 'OpenColorIO', but could not find it (only tried to open it as a monolithic library).
LogShaderLibrary: Display: Tried to open shader library 'AnimationSharing', but could not find it (only tried to open it as a monolithic library).
LogShaderLibrary: Display: Tried to open shader library 'ConcertSyncClient', but could not find it (only tried to open it as a monolithic library).
LogShaderLibrary: Display: Tried to open shader library 'BlueprintHeaderView', but could not find it (only tried to open it as a monolithic library).
LogShaderLibrary: Display: Tried to open shader library 'ConsoleVariables', but could not find it (only tried to open it as a monolithic library).
LogShaderLibrary: Display: Tried to open shader library 'GeometryMode', but could not find it (only tried to open it as a monolithic library).
LogShaderLibrary: Display: Tried to open shader library 'MeshLODToolset', but could not find it (only tried to open it as a monolithic library).
LogShaderLibrary: Display: Tried to open shader library 'ModelingToolsEditorMode', but could not find it (only tried to open it as a monolithic library).
LogShaderLibrary: Display: Tried to open shader library 'StaticMeshEditorModeling', but could not find it (only tried to open it as a monolithic library).
LogShaderLibrary: Display: Tried to open shader library 'UVEditor', but could not find it (only tried to open it as a monolithic library).
LogShaderLibrary: Display: Tried to open shader library 'SkeletalMeshModelingTools', but could not find it (only tried to open it as a monolithic library).
LogShaderLibrary: Display: Tried to open shader library 'ChaosCaching', but could not find it (only tried to open it as a monolithic library).
LogShaderLibrary: Display: Tried to open shader library 'ChaosClothEditor', but could not find it (only tried to open it as a monolithic library).
LogShaderLibrary: Display: Tried to open shader library 'ChaosNiagara', but could not find it (only tried to open it as a monolithic library).
LogShaderLibrary: Display: Tried to open shader library 'ChaosSolverPlugin', but could not find it (only tried to open it as a monolithic library).
LogShaderLibrary: Display: Tried to open shader library 'Dataflow', but could not find it (only tried to open it as a monolithic library).
LogShaderLibrary: Display: Tried to open shader library 'FullBodyIK', but could not find it (only tried to open it as a monolithic library).
LogShaderLibrary: Display: Tried to open shader library 'GeometryCollectionPlugin', but could not find it (only tried to open it as a monolithic library).
LogShaderLibrary: Display: Tried to open shader library 'GeometryFlow', but could not find it (only tried to open it as a monolithic library).
LogShaderLibrary: Display: Tried to open shader library 'HairModelingToolset', but could not find it (only tried to open it as a monolithic library).
LogShaderLibrary: Display: Tried to open shader library 'Landmass', but could not find it (only tried to open it as a monolithic library).
LogShaderLibrary: Display: Tried to open shader library 'MeshModelingToolsetExp', but could not find it (only tried to open it as a monolithic library).
LogShaderLibrary: Display: Tried to open shader library 'PythonScriptPlugin', but could not find it (only tried to open it as a monolithic library).
LogShaderLibrary: Display: Tried to open shader library 'Volumetrics', but could not find it (only tried to open it as a monolithic library).
LogShaderLibrary: Display: Tried to open shader library 'CascadeToNiagaraConverter', but could not find it (only tried to open it as a monolithic library).
LogShaderLibrary: Display: Tried to open shader library 'Niagara', but could not find it (only tried to open it as a monolithic library).
LogShaderLibrary: Display: Tried to open shader library 'LokiFogOfWar', but could not find it (only tried to open it as a monolithic library).
LogShaderLibrary: Display: Tried to open shader library 'MovieRenderPipeline', but could not find it (only tried to open it as a monolithic library).
LogShaderLibrary: Display: Tried to open shader library 'SequencerScripting', but could not find it (only tried to open it as a monolithic library).
LogShaderLibrary: Display: Tried to open shader library 'NiagaraUIRenderer', but could not find it (only tried to open it as a monolithic library).
LogShaderLibrary: Display: Tried to open shader library 'PCGGeometryScriptInterop', but could not find it (only tried to open it as a monolithic library).
LogShaderLibrary: Display: Tried to open shader library 'PCG', but could not find it (only tried to open it as a monolithic library).
LogShaderLibrary: Display: Tried to open shader library 'CommonUI', but could not find it (only tried to open it as a monolithic library).
LogShaderLibrary: Display: Tried to open shader library 'GeometryProcessing', but could not find it (only tried to open it as a monolithic library).
LogShaderLibrary: Display: Tried to open shader library 'GeometryScripting', but could not find it (only tried to open it as a monolithic library).
LogShaderLibrary: Display: Tried to open shader library 'HDRIBackdrop', but could not find it (only tried to open it as a monolithic library).
LogShaderLibrary: Display: Tried to open shader library 'HairStrands', but could not find it (only tried to open it as a monolithic library).
LogShaderLibrary: Display: Tried to open shader library 'MeshModelingToolset', but could not find it (only tried to open it as a monolithic library).
LogShaderLibrary: Display: Tried to open shader library 'RigVM', but could not find it (only tried to open it as a monolithic library).
LogShaderLibrary: Display: Tried to open shader library 'Substance', but could not find it (only tried to open it as a monolithic library).
LogShaderLibrary: Display: Tried to open shader library 'WebBrowserWidget', but could not find it (only tried to open it as a monolithic library).
LogShaderLibrary: Display: Tried to open shader library 'PythonAutomationTest', but could not find it (only tried to open it as a monolithic library).
LogShaderLibrary: Display: Tried to open shader library 'ThumbnailGenerator', but could not find it (only tried to open it as a monolithic library).
LogShaderLibrary: Display: Tried to open shader library 'TraceUtilities', but could not find it (only tried to open it as a monolithic library).
LogShaderLibrary: Display: Tried to open shader library 'Takes', but could not find it (only tried to open it as a monolithic library).
LogShaderLibrary: Display: Tried to open shader library 'Wwise', but could not find it (only tried to open it as a monolithic library).
LogShaderLibrary: Display: Tried to open shader library 'DebugFunctionLibrary', but could not find it (only tried to open it as a monolithic library).
LogShaderLibrary: Display: Tried to open shader library 'DiscordPartnerSDK', but could not find it (only tried to open it as a monolithic library).
LogShaderLibrary: Display: Tried to open shader library 'LowEntryExtStdLib', but could not find it (only tried to open it as a monolithic library).
LogShaderLibrary: Display: Tried to open shader library 'MORT', but could not find it (only tried to open it as a monolithic library).
LogShaderLibrary: Display: Tried to open shader library 'MinimapPlugin', but could not find it (only tried to open it as a monolithic library).
LogShaderLibrary: Display: Tried to open shader library 'NvidiaGfn', but could not find it (only tried to open it as a monolithic library).
LogShaderLibrary: Display: Tried to open shader library 'SplineArea', but could not find it (only tried to open it as a monolithic library).
LogShaderLibrary: Display: Tried to open shader library 'Tox', but could not find it (only tried to open it as a monolithic library).
LogShaderLibrary: Display: Using IoDispatcher for shader code library Loki_Chunk0. Total 69770 unique shaders.
LogShaderLibrary: Display: Cooked Context: Using Shared Shader Library Loki_Chunk0
LogShaderLibrary: Display: Logical shader library 'Loki' has been created, components 1
LogRHI: Display: FPipelineCacheFile[Loki] opened Loki, filename Loki, guid 9105826F4A98E24D0F77C59D24922090. 
LogRHI: Display: FShaderPipelineCache starting pipeline cache 'Loki' and enqueued 19487 tasks for precompile. (cache contains 19487, 19487 eligible, 0 had missing shaders. 0 already compiled). BatchSize 50 and BatchTime 16.000000.
LogRHI: Display: FPipelineCacheFile User cache [key:Loki_usr] opened 'Loki'=1, filename Loki, guid C2004D274765A37AFA50D790A4C9A0FC. 
LogShaderLibrary: Display: Tried to open again shader library 'Loki', but could not find new components for it (existing components: 1).
LogStreaming: Display: FlushAsyncLoading(1): 1 QueuedPackages, 0 AsyncPackages
LogTextureEncodingSettings: Display: Texture Encode Speed: Final (cook).
LogTextureEncodingSettings: Display: Oodle Texture Encode Speed settings: Fast: RDO Off Lambda=0, Effort=Normal Final: RDO Off Lambda=0, Effort=Normal
LogTextureEncodingSettings: Display: Shared linear texture encoding: Disabled
LogActorPooling: Display: Adding /Game/Loki/Characters/Heroes/Alchemist/Abilities/CinnabarBomb/BP_Alchemist_CinnabarBomb_Proj.BP_Alchemist_CinnabarBomb_Proj_C to list of poolable actors.
LogActorPooling: Display: Adding /Game/Loki/Characters/Heroes/Alchemist/Abilities/LMB/BP_Alchemist_RocketArrow.BP_Alchemist_RocketArrow_C to list of poolable actors.
LogActorPooling: Display: Adding /Game/Loki/Characters/Heroes/Alchemist/BP_HERO_Alchemist.BP_HERO_Alchemist_C to list of poolable actors.
LogActorPooling: Display: Adding /Game/Loki/Characters/Heroes/Assault/Abilities/AssaultRifle/BP_HERO_Assault_AssaultRifle_Projectile_V2.BP_HERO_Assault_AssaultRifle_Projectile_V2_C to list of poolable actors.
LogActorPooling: Display: Adding /Game/Loki/Characters/Heroes/Assault/BP_HERO_Assault.BP_HERO_Assault_C to list of poolable actors.
LogActorPooling: Display: Adding /Game/Loki/Characters/Heroes/Assault/Cosmetics/Default/AssaultRifle/BP_Assault_AssaultRifle_ProjectileCosmetics.BP_Assault_AssaultRifle_ProjectileCosmetics_C to list of poolable actors.
LogActorPooling: Display: Adding /Game/Loki/Characters/Heroes/Assault/Cosmetics/SpaceMarine/Abilities/AssaultRifle/BP_Assault_SpaceMarine_AssaultRifle_ProjectileCosmetics.BP_Assault_SpaceMarine_AssaultRifle_ProjectileCosmetics_C to list of poolable actors.
LogActorPooling: Display: Adding /Game/Loki/Characters/Heroes/Assault/Cosmetics/SpaceMarine/Chromas/BLA/Abilities/AssaultRifle/BP_Assault_SPACE_BLA_AssaultRifle_ProjectileCosmetics.BP_Assault_SPACE_BLA_AssaultRifle_ProjectileCosmetics_C to list of poolable actors.
LogActorPooling: Display: Adding /Game/Loki/Characters/Heroes/Assault/Cosmetics/SpaceMarine/Chromas/CRI/Abilities/AssaultRifle/BP_Assault_SpaceMarine_CRI_AssaultRifle_ProjectileCosmetics.BP_Assault_SpaceMarine_CRI_AssaultRifle_ProjectileCosmetics_C to list of poolable actors.
LogActorPooling: Display: Adding /Game/Loki/Characters/Heroes/Assault/Cosmetics/SpaceMarine/Chromas/SYN/Abilities/AssaultRifle/BP_Assault_SPACE_SYN_AssaultRifle_ProjectileCosmetics.BP_Assault_SPACE_SYN_AssaultRifle_ProjectileCosmetics_C to list of poolable actors.
LogActorPooling: Display: Adding /Game/Loki/Characters/Heroes/BacklineHealer/BP_HERO_BacklineHealer.BP_HERO_BacklineHealer_C to list of poolable actors.
LogActorPooling: Display: Adding /Game/Loki/Characters/Heroes/Beebo/Abilities/C4/BP_Beebo_C4_Minion.BP_Beebo_C4_Minion_C to list of poolable actors.
LogActorPooling: Display: Adding /Game/Loki/Characters/Heroes/Beebo/BP_HERO_Beebo.BP_HERO_Beebo_C to list of poolable actors.
LogActorPooling: Display: Adding /Game/Loki/Characters/Heroes/BountyHunter/Abilities/LMB/BP_BountyHunter_Proj_LazerDeagle.BP_BountyHunter_Proj_LazerDeagle_C to list of poolable actors.
LogActorPooling: Display: Adding /Game/Loki/Characters/Heroes/BountyHunter/Abilities/RMB_Disable/BP_BountyHunter_Disable_proj.BP_BountyHunter_Disable_proj_C to list of poolable actors.
LogActorPooling: Display: Adding /Game/Loki/Characters/Heroes/BountyHunter/BP_HERO_BountyHunter.BP_HERO_BountyHunter_C to list of poolable actors.
LogActorPooling: Display: Adding /Game/Loki/Characters/Heroes/BountyHunter/Cosmetics/Default/Abilities/LMB/BP_BountyHunter_LazerDeagle_Default.BP_BountyHunter_LazerDeagle_Default_C to list of poolable actors.
LogActorPooling: Display: Adding /Game/Loki/Characters/Heroes/BountyHunter/Cosmetics/Default/Abilities/RMB_Disable/BP_BountyHunter_Disable_Cosmetic_Default.BP_BountyHunter_Disable_Cosmetic_Default_C to list of poolable actors.
LogActorPooling: Display: Adding /Game/Loki/Characters/Heroes/BurstCaster/BP_HERO_BurstCaster.BP_HERO_BurstCaster_C to list of poolable actors.
LogActorPooling: Display: Adding /Game/Loki/Characters/Heroes/Earthtank/Abilities/QuickStone/BP_EarthTank_QuickStone_Large.BP_EarthTank_QuickStone_Large_C to list of poolable actors.
LogActorPooling: Display: Adding /Game/Loki/Characters/Heroes/Earthtank/Abilities/QuickStone/BP_EarthTank_QuickStone_Small.BP_EarthTank_QuickStone_Small_C to list of poolable actors.
LogActorPooling: Display: Adding /Game/Loki/Characters/Heroes/Earthtank/Abilities/RockTwo/BP_EarthTank_CreateRock_Projectile.BP_EarthTank_CreateRock_Projectile_C to list of poolable actors.
LogActorPooling: Display: Adding /Game/Loki/Characters/Heroes/Earthtank/BP_HERO_Earthtank.BP_HERO_Earthtank_C to list of poolable actors.
LogActorPooling: Display: Adding /Game/Loki/Characters/Heroes/FarShot/Abilities/ScoutRifle/BP_FarShot_Blaster.BP_FarShot_Blaster_C to list of poolable actors.
LogActorPooling: Display: Adding /Game/Loki/Characters/Heroes/FarShot/Abilities/ScoutRifle/BP_FarShot_Blaster_Charged_Empowered.BP_FarShot_Blaster_Charged_Empowered_C to list of poolable actors.
LogActorPooling: Display: Adding /Game/Loki/Characters/Heroes/FarShot/Abilities/UltEmpowerment/BP_UnstablePortal_Farshot.BP_UnstablePortal_Farshot_C to list of poolable actors.
LogActorPooling: Display: Adding /Game/Loki/Characters/Heroes/FarShot/BP_HERO_FarShot.BP_HERO_FarShot_C to list of poolable actors.
LogActorPooling: Display: Adding /Game/Loki/Characters/Heroes/FireFox/Abilities/FireBolt/BP_FireBolt_Projectile.BP_FireBolt_Projectile_C to list of poolable actors.
LogActorPooling: Display: Adding /Game/Loki/Characters/Heroes/FireFox/Abilities/FireBolt/Talents/ChargeupRMB/BP_FireBolt_Projectile_Chargeup.BP_FireBolt_Projectile_Chargeup_C to list of poolable actors.
LogActorPooling: Display: Adding /Game/Loki/Characters/Heroes/FireFox/Abilities/Flamethrower/BP_Flamethrower_Projectile_EmpoweredV2.BP_Flamethrower_Projectile_EmpoweredV2_C to list of poolable actors.
LogActorPooling: Display: Adding /Game/Loki/Characters/Heroes/FireFox/BP_HERO_FireFox.BP_HERO_FireFox_C to list of poolable actors.
LogActorPooling: Display: Adding /Game/Loki/Characters/Heroes/FireFox/Cosmetics/Default/Abilities/Flamethrower/BP_Firefox_Flamethrower_Projectile_Cosmetic_Default.BP_Firefox_Flamethrower_Projectile_Cosmetic_Default_C to list of poolable actors.
LogActorPooling: Display: Adding /Game/Loki/Characters/Heroes/Flex/Abilities/BasicAttack/BP_Flex_Blaster.BP_Flex_Blaster_C to list of poolable actors.
LogActorPooling: Display: Adding /Game/Loki/Characters/Heroes/Flex/BP_HERO_Flex.BP_HERO_Flex_C to list of poolable actors.
LogActorPooling: Display: Adding /Game/Loki/Characters/Heroes/Flex/Cosmetics/Default/Abilities/BasicAttack/BP_Flex_Blaster_ProjectileCosmetics_Default.BP_Flex_Blaster_ProjectileCosmetics_Default_C to list of poolable actors.
LogActorPooling: Display: Adding /Game/Loki/Characters/Heroes/Flex/Cosmetics/Demoness/Abilities/BasicAttack/BP_Flex_Blaster_ProjectileCosmetics_Demoness.BP_Flex_Blaster_ProjectileCosmetics_Demoness_C to list of poolable actors.
LogActorPooling: Display: Adding /Game/Loki/Characters/Heroes/Flex/Cosmetics/Demoness/Chromas/INF/Abilities/BasicAttack/BP_Flex_DEMON_INF_Blaster_ProjectileCosmetics.BP_Flex_DEMON_INF_Blaster_ProjectileCosmetics_C to list of poolable actors.
LogActorPooling: Display: Adding /Game/Loki/Characters/Heroes/Flex/Cosmetics/Demoness/Chromas/PLA/Abilities/BasicAttack/BP_Flex_DEMON_PLA_Blaster_ProjectileCosmetics.BP_Flex_DEMON_PLA_Blaster_ProjectileCosmetics_C to list of poolable actors.
LogActorPooling: Display: Adding /Game/Loki/Characters/Heroes/Flex/Cosmetics/Demoness/Chromas/PRI/Abilities/BasicAttack/BP_Flex_DEMON_PRI_Blaster_ProjectileCosmetics.BP_Flex_DEMON_PRI_Blaster_ProjectileCosmetics_C to list of poolable actors.
LogActorPooling: Display: Adding /Game/Loki/Characters/Heroes/Freeze/Abilities/IceDart/BP_IceDart_Projectile.BP_IceDart_Projectile_C to list of poolable actors.
LogActorPooling: Display: Adding /Game/Loki/Characters/Heroes/Freeze/Abilities/IceDart/BP_IceDart_Projectile_Skating.BP_IceDart_Projectile_Skating_C to list of poolable actors.
LogActorPooling: Display: Adding /Game/Loki/Characters/Heroes/Freeze/Abilities/IceDart/BP_IceDart_ProjectileBig.BP_IceDart_ProjectileBig_C to list of poolable actors.
LogActorPooling: Display: Adding /Game/Loki/Characters/Heroes/Freeze/Abilities/IceDart/BP_IceDart_ProjectileBig_Skating.BP_IceDart_ProjectileBig_Skating_C to list of poolable actors.
LogActorPooling: Display: Adding /Game/Loki/Characters/Heroes/Freeze/BP_HERO_Freeze.BP_HERO_Freeze_C to list of poolable actors.
LogActorPooling: Display: Adding /Game/Loki/Characters/Heroes/Freeze/Cosmetics/BrideOfSwords/Abilities/IceDart/BP_Freeze_IceDart_Empowered_ProjectileCosmetics_BrideOfSwords.BP_Freeze_IceDart_Empowered_ProjectileCosmetics_BrideOfSwords_C to list of poolable actors.
LogActorPooling: Display: Adding /Game/Loki/Characters/Heroes/Freeze/Cosmetics/BrideOfSwords/Abilities/IceDart/BP_Freeze_IceDart_Empowered_Skating_ProjectileCosmetics_BrideOfSwords.BP_Freeze_IceDart_Empowered_Skating_ProjectileCosmetics_BrideOfSwords_C to list of poolable actors.
LogActorPooling: Display: Adding /Game/Loki/Characters/Heroes/Freeze/Cosmetics/BrideOfSwords/Abilities/IceDart/BP_Freeze_IceDart_ProjectileCosmetics_BrideOfSwords.BP_Freeze_IceDart_ProjectileCosmetics_BrideOfSwords_C to list of poolable actors.
LogActorPooling: Display: Adding /Game/Loki/Characters/Heroes/Freeze/Cosmetics/BrideOfSwords/Abilities/IceDart/BP_Freeze_IceDart_Skating_ProjectileCosmetics_BrideOfSwords.BP_Freeze_IceDart_Skating_ProjectileCosmetics_BrideOfSwords_C to list of poolable actors.
LogActorPooling: Display: Adding /Game/Loki/Characters/Heroes/Freeze/Cosmetics/BrideOfSwords/Chromas/BRI/Abilities/IceDart/BP_Freeze_IceDart_Empowered_ProjectileCosmetics_BRIDE_BRI.BP_Freeze_IceDart_Empowered_ProjectileCosmetics_BRIDE_BRI_C to list of poolable actors.
LogActorPooling: Display: Adding /Game/Loki/Characters/Heroes/Freeze/Cosmetics/BrideOfSwords/Chromas/BRI/Abilities/IceDart/BP_Freeze_IceDart_Empowered_Skating_ProjectileCosmetics_BRIDE_BRI.BP_Freeze_IceDart_Empowered_Skating_ProjectileCosmetics_BRIDE_BRI_C to list of poolable actors.
LogActorPooling: Display: Adding /Game/Loki/Characters/Heroes/Freeze/Cosmetics/BrideOfSwords/Chromas/BRI/Abilities/IceDart/BP_Freeze_IceDart_ProjectileCosmetics_BRIDE_BRI.BP_Freeze_IceDart_ProjectileCosmetics_BRIDE_BRI_C to list of poolable actors.
LogActorPooling: Display: Adding /Game/Loki/Characters/Heroes/Freeze/Cosmetics/BrideOfSwords/Chromas/BRI/Abilities/IceDart/BP_Freeze_IceDart_Skating_ProjectileCosmetics_BRIDE_BRI.BP_Freeze_IceDart_Skating_ProjectileCosmetics_BRIDE_BRI_C to list of poolable actors.
LogActorPooling: Display: Adding /Game/Loki/Characters/Heroes/Freeze/Cosmetics/BrideOfSwords/Chromas/ROY/Abilities/IceDart/BP_Freeze_IceDart_Empowered_ProjectileCosmetics_BRIDE_ROY.BP_Freeze_IceDart_Empowered_ProjectileCosmetics_BRIDE_ROY_C to list of poolable actors.
LogActorPooling: Display: Adding /Game/Loki/Characters/Heroes/Freeze/Cosmetics/BrideOfSwords/Chromas/ROY/Abilities/IceDart/BP_Freeze_IceDart_Empowered_Skating_ProjectileCosmetics_BRIDE_ROY.BP_Freeze_IceDart_Empowered_Skating_ProjectileCosmetics_BRIDE_ROY_C to list of poolable actors.
LogActorPooling: Display: Adding /Game/Loki/Characters/Heroes/Freeze/Cosmetics/BrideOfSwords/Chromas/ROY/Abilities/IceDart/BP_Freeze_IceDart_ProjectileCosmetics_BRIDE_ROY.BP_Freeze_IceDart_ProjectileCosmetics_BRIDE_ROY_C to list of poolable actors.
LogActorPooling: Display: Adding /Game/Loki/Characters/Heroes/Freeze/Cosmetics/BrideOfSwords/Chromas/ROY/Abilities/IceDart/BP_Freeze_IceDart_Skating_ProjectileCosmetics_BRIDE_ROY.BP_Freeze_IceDart_Skating_ProjectileCosmetics_BRIDE_ROY_C to list of poolable actors.
LogActorPooling: Display: Adding /Game/Loki/Characters/Heroes/Freeze/Cosmetics/BrideOfSwords/Chromas/UNH/Abilities/IceDart/BP_Freeze_IceDart_Empowered_ProjectileCosmetics_BRIDE_UNH.BP_Freeze_IceDart_Empowered_ProjectileCosmetics_BRIDE_UNH_C to list of poolable actors.
LogActorPooling: Display: Adding /Game/Loki/Characters/Heroes/Freeze/Cosmetics/BrideOfSwords/Chromas/UNH/Abilities/IceDart/BP_Freeze_IceDart_Empowered_Skating_ProjectileCosmetics_BRIDE_UNH.BP_Freeze_IceDart_Empowered_Skating_ProjectileCosmetics_BRIDE_UNH_C to list of poolable actors.
LogActorPooling: Display: Adding /Game/Loki/Characters/Heroes/Freeze/Cosmetics/BrideOfSwords/Chromas/UNH/Abilities/IceDart/BP_Freeze_IceDart_ProjectileCosmetics_BRIDE_UNH.BP_Freeze_IceDart_ProjectileCosmetics_BRIDE_UNH_C to list of poolable actors.
LogActorPooling: Display: Adding /Game/Loki/Characters/Heroes/Freeze/Cosmetics/BrideOfSwords/Chromas/UNH/Abilities/IceDart/BP_Freeze_IceDart_Skating_ProjectileCosmetics_BRIDE_UNH.BP_Freeze_IceDart_Skating_ProjectileCosmetics_BRIDE_UNH_C to list of poolable actors.
LogActorPooling: Display: Adding /Game/Loki/Characters/Heroes/Freeze/Cosmetics/Default/Abilities/IceDart/BP_Freeze_IceDart_Empowered_ProjectileCosmetics_Default.BP_Freeze_IceDart_Empowered_ProjectileCosmetics_Default_C to list of poolable actors.
LogActorPooling: Display: Adding /Game/Loki/Characters/Heroes/Freeze/Cosmetics/Default/Abilities/IceDart/BP_Freeze_IceDart_Empowered_Skating_ProjectileCosmetics_Default.BP_Freeze_IceDart_Empowered_Skating_ProjectileCosmetics_Default_C to list of poolable actors.
LogActorPooling: Display: Adding /Game/Loki/Characters/Heroes/Freeze/Cosmetics/Default/Abilities/IceDart/BP_Freeze_IceDart_ProjectileCosmetics_Default.BP_Freeze_IceDart_ProjectileCosmetics_Default_C to list of poolable actors.
LogActorPooling: Display: Adding /Game/Loki/Characters/Heroes/Freeze/Cosmetics/Default/Abilities/IceDart/BP_Freeze_IceDart_Skating_ProjectileCosmetics_Default.BP_Freeze_IceDart_Skating_ProjectileCosmetics_Default_C to list of poolable actors.
LogActorPooling: Display: Adding /Game/Loki/Characters/Heroes/Gunner/Abilities/Minigun/BP_Gunner_Minigun_Projectile.BP_Gunner_Minigun_Projectile_C to list of poolable actors.
LogActorPooling: Display: Adding /Game/Loki/Characters/Heroes/Gunner/Abilities/Minigun/BP_Gunner_Minigun_ProjectileCosmetics_Default.BP_Gunner_Minigun_ProjectileCosmetics_Default_C to list of poolable actors.
LogActorPooling: Display: Adding /Game/Loki/Characters/Heroes/Gunner/Abilities/Minigun/BP_Gunner_Minigun_Siege_ProjectileCosmetics_Default.BP_Gunner_Minigun_Siege_ProjectileCosmetics_Default_C to list of poolable actors.
LogActorPooling: Display: Adding /Game/Loki/Characters/Heroes/Gunner/Abilities/Minigun/BP_HERO_Gunner_Minigun_SiegeProjectile.BP_HERO_Gunner_Minigun_SiegeProjectile_C to list of poolable actors.
LogActorPooling: Display: Adding /Game/Loki/Characters/Heroes/HookGuy/Abilities/HookGuyChargeBlast/BP_HookGuy_ChargeBlast_ProjectileV2.BP_HookGuy_ChargeBlast_ProjectileV2_C to list of poolable actors.
LogActorPooling: Display: Adding /Game/Loki/Characters/Heroes/HookGuy/Abilities/Shotgun/BP_HERO_HookGuy_Shotgun_CloseRange_ProjectileV2.BP_HERO_HookGuy_Shotgun_CloseRange_ProjectileV2_C to list of poolable actors.
LogActorPooling: Display: Adding /Game/Loki/Characters/Heroes/HookGuy/Abilities/Shotgun/BP_HERO_HookGuy_Shotgun_CloseRange_ProjectileV2_CenterShot.BP_HERO_HookGuy_Shotgun_CloseRange_ProjectileV2_CenterShot_C to list of poolable actors.
LogActorPooling: Display: Adding /Game/Loki/Characters/Heroes/HookGuy/BP_Hero_HookGuy.BP_Hero_HookGuy_C to list of poolable actors.
LogActorPooling: Display: Adding /Game/Loki/Characters/Heroes/HookGuy/Cosmetics/Cyberpunk/Abilities/HookGuyChargeBlast/BP_HookGuy_ChargeBlast_TrailActor_Cyberpunk.BP_HookGuy_ChargeBlast_TrailActor_Cyberpunk_C to list of poolable actors.
LogActorPooling: Display: Adding /Game/Loki/Characters/Heroes/HookGuy/Cosmetics/Cyberpunk/Abilities/Shotgun/BP_HookGuy_Cyberpunk_LMB_Trail.BP_HookGuy_Cyberpunk_LMB_Trail_C to list of poolable actors.
LogActorPooling: Display: Adding /Game/Loki/Characters/Heroes/HookGuy/Cosmetics/Cyberpunk/Abilities/Shotgun/BP_HookGuy_Shotgun_CenterShot_Cosmetics_Cyberpunk.BP_HookGuy_Shotgun_CenterShot_Cosmetics_Cyberpunk_C to list of poolable actors.
LogActorPooling: Display: Adding /Game/Loki/Characters/Heroes/HookGuy/Cosmetics/Cyberpunk/Abilities/Shotgun/BP_HookGuy_Shotgun_Cosmetics_Cyberpunk.BP_HookGuy_Shotgun_Cosmetics_Cyberpunk_C to list of poolable actors.
LogActorPooling: Display: Adding /Game/Loki/Characters/Heroes/HookGuy/Cosmetics/Cyberpunk/Chromas/Bane/Abilities/HookGuyChargeBlast/BP_HookGuy_ChargeBlast_TrailActor_BaneCyberpunk.BP_HookGuy_ChargeBlast_TrailActor_BaneCyberpunk_C to list of poolable actors.
LogActorPooling: Display: Adding /Game/Loki/Characters/Heroes/HookGuy/Cosmetics/Cyberpunk/Chromas/NightOwl/Abilities/HookGuyChargeBlast/BP_HookGuy_ChargeBlast_TrailActor_NightOwlCyberpunk.BP_HookGuy_ChargeBlast_TrailActor_NightOwlCyberpunk_C to list of poolable actors.
LogActorPooling: Display: Adding /Game/Loki/Characters/Heroes/HookGuy/Cosmetics/Cyberpunk/Chromas/Rainbow/Abilities/HookGuyChargeBlast/BP_HookGuy_ChargeBlast_TrailActor_RainbowCyberpunk.BP_HookGuy_ChargeBlast_TrailActor_RainbowCyberpunk_C to list of poolable actors.
LogActorPooling: Display: Adding /Game/Loki/Characters/Heroes/HookGuy/Cosmetics/Default/Abilities/HookGuyChargeBlast/BP_HookGuy_ChargeBlast_TrailActor_Default.BP_HookGuy_ChargeBlast_TrailActor_Default_C to list of poolable actors.
LogActorPooling: Display: Adding /Game/Loki/Characters/Heroes/HookGuy/Cosmetics/Default/Abilities/Shotgun/BP_HookGuy_Shotgun_Cosmetics_CenterShot_Default.BP_HookGuy_Shotgun_Cosmetics_CenterShot_Default_C to list of poolable actors.
LogActorPooling: Display: Adding /Game/Loki/Characters/Heroes/HookGuy/Cosmetics/Default/Abilities/Shotgun/BP_HookGuy_Shotgun_Cosmetics_Default.BP_HookGuy_Shotgun_Cosmetics_Default_C to list of poolable actors.
LogActorPooling: Display: Adding /Game/Loki/Characters/Heroes/HookGuy/Cosmetics/Oni/Abilities/HookGuyChargeBlast/BP_HookGuy_ChargeBlast_TrailActor_Oni.BP_HookGuy_ChargeBlast_TrailActor_Oni_C to list of poolable actors.
LogActorPooling: Display: Adding /Game/Loki/Characters/Heroes/HookGuy/Cosmetics/Oni/Chromas/Ghostly/Abilities/HookGuyChargeBlast/BP_HookGuy_ChargeBlast_TrailActor_GhostlyOni.BP_HookGuy_ChargeBlast_TrailActor_GhostlyOni_C to list of poolable actors.
LogActorPooling: Display: Adding /Game/Loki/Characters/Heroes/HookGuy/Cosmetics/Oni/Chromas/Luxurious/Abilities/HookGuyChargeBlast/BP_HookGuy_ChargeBlast_TrailActor_LuxuriousOni.BP_HookGuy_ChargeBlast_TrailActor_LuxuriousOni_C to list of poolable actors.
LogActorPooling: Display: Adding /Game/Loki/Characters/Heroes/HookGuy/Cosmetics/Oni/Chromas/Mystic/Abilities/HookGuyChargeBlast/BP_HookGuy_ChargeBlast_TrailActor_MysticOni.BP_HookGuy_ChargeBlast_TrailActor_MysticOni_C to list of poolable actors.
LogActorPooling: Display: Adding /Game/Loki/Characters/Heroes/Huntress/BP_HERO_Huntress.BP_HERO_Huntress_C to list of poolable actors.
LogActorPooling: Display: Adding /Game/Loki/Characters/Heroes/Reaper/BP_HERO_Reaper.BP_HERO_Reaper_C to list of poolable actors.
LogActorPooling: Display: Adding /Game/Loki/Characters/Heroes/ResHealer/Abilities/MoonShot/BP_ResHealer_Moon_ProjectileV2.BP_ResHealer_Moon_ProjectileV2_C to list of poolable actors.
LogActorPooling: Display: Adding /Game/Loki/Characters/Heroes/ResHealer/Abilities/MoonShot/BP_ResHealer_Moon_ProjectileV2_Pistol.BP_ResHealer_Moon_ProjectileV2_Pistol_C to list of poolable actors.
LogActorPooling: Display: Adding /Game/Loki/Characters/Heroes/ResHealer/Abilities/MoonShot/BP_ResHealer_MoonEmpowered_Projectile.BP_ResHealer_MoonEmpowered_Projectile_C to list of poolable actors.
LogActorPooling: Display: Adding /Game/Loki/Characters/Heroes/ResHealer/Abilities/MoonShot/BP_ResHealer_Sun_ProjectileV2.BP_ResHealer_Sun_ProjectileV2_C to list of poolable actors.
LogActorPooling: Display: Adding /Game/Loki/Characters/Heroes/ResHealer/BP_HERO_ResHealer.BP_HERO_ResHealer_C to list of poolable actors.
LogActorPooling: Display: Adding /Game/Loki/Characters/Heroes/ResHealer/Cosmetics/Default/Abilities/MoonShot/BP_ResHealer_Moon_ProjectileCosmetics_Default.BP_ResHealer_Moon_ProjectileCosmetics_Default_C to list of poolable actors.
LogActorPooling: Display: Adding /Game/Loki/Characters/Heroes/ResHealer/Cosmetics/Default/Abilities/MoonShot/BP_ResHealer_MoonEmpowered_ProjectileCosmetics_Default.BP_ResHealer_MoonEmpowered_ProjectileCosmetics_Default_C to list of poolable actors.
LogActorPooling: Display: Adding /Game/Loki/Characters/Heroes/ResHealer/Cosmetics/Default/Abilities/MoonShot/BP_ResHealer_Sun_ProjectileCosmetics_Default.BP_ResHealer_Sun_ProjectileCosmetics_Default_C to list of poolable actors.
LogActorPooling: Display: Adding /Game/Loki/Characters/Heroes/ResHealer/Cosmetics/GuardianAngel/Abilities/MoonShot/BP_ResHealer_Moon_ProjectileCosmetics_GuardianAngel.BP_ResHealer_Moon_ProjectileCosmetics_GuardianAngel_C to list of poolable actors.
LogActorPooling: Display: Adding /Game/Loki/Characters/Heroes/ResHealer/Cosmetics/GuardianAngel/Abilities/MoonShot/BP_ResHealer_MoonEmpowered_ProjectileCosmetics_GuardianAngel.BP_ResHealer_MoonEmpowered_ProjectileCosmetics_GuardianAngel_C to list of poolable actors.
LogActorPooling: Display: Adding /Game/Loki/Characters/Heroes/ResHealer/Cosmetics/GuardianAngel/Abilities/MoonShot/BP_ResHealer_Sun_ProjectileCosmetics_GuardianAngel.BP_ResHealer_Sun_ProjectileCosmetics_GuardianAngel_C to list of poolable actors.
LogActorPooling: Display: Adding /Game/Loki/Characters/Heroes/ResHealer/Cosmetics/GuardianAngel/Chromas/Moonlight/Abilities/MoonShot/BP_ResHealer_Moon_ProjectileCosmetics_MoonLightGuardianAngel.BP_ResHealer_Moon_ProjectileCosmetics_MoonLightGuardianAngel_C to list of poolable actors.
LogActorPooling: Display: Adding /Game/Loki/Characters/Heroes/ResHealer/Cosmetics/GuardianAngel/Chromas/Moonlight/Abilities/MoonShot/BP_ResHealer_Sun_ProjectileCosmetics_MoonLightGuardianAngel.BP_ResHealer_Sun_ProjectileCosmetics_MoonLightGuardianAngel_C to list of poolable actors.
LogActorPooling: Display: Adding /Game/Loki/Characters/Heroes/ResHealer/Cosmetics/GuardianAngel/Chromas/Shrouded/Abilities/MoonShot/BP_ResHealer_Moon_ProjectileCosmetics_ShroudedGuardianAngel.BP_ResHealer_Moon_ProjectileCosmetics_ShroudedGuardianAngel_C to list of poolable actors.
LogActorPooling: Display: Adding /Game/Loki/Characters/Heroes/ResHealer/Cosmetics/GuardianAngel/Chromas/Shrouded/Abilities/MoonShot/BP_ResHealer_MoonEmpowered_ProjectileCosmetics_ShroudedGuardianAngel.BP_ResHealer_MoonEmpowered_ProjectileCosmetics_ShroudedGuardianAngel_C to list of poolable actors.
LogActorPooling: Display: Adding /Game/Loki/Characters/Heroes/ResHealer/Cosmetics/GuardianAngel/Chromas/Shrouded/Abilities/MoonShot/BP_ResHealer_Sun_ProjectileCosmetics_ShroudedGuardianAngel.BP_ResHealer_Sun_ProjectileCosmetics_ShroudedGuardianAngel_C to list of poolable actors.
LogActorPooling: Display: Adding /Game/Loki/Characters/Heroes/ResHealer/Cosmetics/GuardianAngel/Chromas/XGuardian/Abilities/MoonShot/BP_ResHealer_Moon_ProjectileCosmetics_XGuardianGuardianAngel.BP_ResHealer_Moon_ProjectileCosmetics_XGuardianGuardianAngel_C to list of poolable actors.
LogActorPooling: Display: Adding /Game/Loki/Characters/Heroes/ResHealer/Cosmetics/GuardianAngel/Chromas/XGuardian/Abilities/MoonShot/BP_ResHealer_MoonEmpowered_ProjectileCosmetics_XGuardianGuardianAngel.BP_ResHealer_MoonEmpowered_ProjectileCosmetics_XGuardianGuardianAngel_C to list of poolable actors.
LogActorPooling: Display: Adding /Game/Loki/Characters/Heroes/ResHealer/Cosmetics/GuardianAngel/Chromas/XGuardian/Abilities/MoonShot/BP_ResHealer_Sun_ProjectileCosmetics_XGuardianGuardianAngel.BP_ResHealer_Sun_ProjectileCosmetics_XGuardianGuardianAngel_C to list of poolable actors.
LogActorPooling: Display: Adding /Game/Loki/Characters/Heroes/RocketJumper/Abilities/Rocket/BP_RocketJumper_RocketProjectile.BP_RocketJumper_RocketProjectile_C to list of poolable actors.
LogActorPooling: Display: Adding /Game/Loki/Characters/Heroes/RocketJumper/Abilities/Rocket_BasicAttack/BP_RocketJumper_Rocket_BasicAttack.BP_RocketJumper_Rocket_BasicAttack_C to list of poolable actors.
LogActorPooling: Display: Adding /Game/Loki/Characters/Heroes/RocketJumper/Abilities/Rocket_BasicAttack/BP_RocketJumper_Rocket_BasicAttack_Big.BP_RocketJumper_Rocket_BasicAttack_Big_C to list of poolable actors.
LogActorPooling: Display: Adding /Game/Loki/Characters/Heroes/RocketJumper/Abilities/RocketJump/BP_RocketJumper_RocketJump_Projectile.BP_RocketJumper_RocketJump_Projectile_C to list of poolable actors.
LogActorPooling: Display: Adding /Game/Loki/Characters/Heroes/RocketJumper/BP_HERO_RocketJumper.BP_HERO_RocketJumper_C to list of poolable actors.
LogActorPooling: Display: Adding /Game/Loki/Characters/Heroes/Ronin/BP_HERO_Ronin.BP_HERO_Ronin_C to list of poolable actors.
LogActorPooling: Display: Adding /Game/Loki/Characters/Heroes/Shared/Abilities/BP_LokiBaseProjectileTrail.BP_LokiBaseProjectileTrail_C to list of poolable actors.
LogActorPooling: Display: Adding /Game/Loki/Characters/Heroes/ShieldBot/BP_HERO_ShieldBot.BP_HERO_ShieldBot_C to list of poolable actors.
LogActorPooling: Display: Adding /Game/Loki/Characters/Heroes/Sniper/Abilities/SniperShot/BP_SniperShot_ProjectileCosmetics_Default.BP_SniperShot_ProjectileCosmetics_Default_C to list of poolable actors.
LogActorPooling: Display: Adding /Game/Loki/Characters/Heroes/Sniper/BP_HERO_Sniper.BP_HERO_Sniper_C to list of poolable actors.
LogActorPooling: Display: Adding /Game/Loki/Characters/Heroes/Sniper/Cosmetics/Phoenix/Abilities/SniperShot/BP_SniperShot_ProjectileCosmetics_Phoenix.BP_SniperShot_ProjectileCosmetics_Phoenix_C to list of poolable actors.
LogActorPooling: Display: Adding /Game/Loki/Characters/Heroes/Stalker/Abilities/FlashDagger/BP_Stalker_ThrowingKnife_ProjectileV2.BP_Stalker_ThrowingKnife_ProjectileV2_C to list of poolable actors.
LogActorPooling: Display: Adding /Game/Loki/Characters/Heroes/Stalker/Abilities/StalkerTeleport/Projectile/BP_Stalker_Teleport_Projectile.BP_Stalker_Teleport_Projectile_C to list of poolable actors.
LogActorPooling: Display: Adding /Game/Loki/Characters/Heroes/Stalker/BP_Hero_Stalker.BP_Hero_Stalker_C to list of poolable actors.
LogActorPooling: Display: Adding /Game/Loki/Characters/Heroes/Storm/BP_Hero_Storm.BP_Hero_Storm_C to list of poolable actors.
LogActorPooling: Display: Adding /Game/Loki/Characters/Heroes/Succubus/Abilities/Succubus_LMB/BP_Succubus_Blaster.BP_Succubus_Blaster_C to list of poolable actors.
LogActorPooling: Display: Adding /Game/Loki/Characters/Heroes/Succubus/Abilities/Succubus_LMB/BP_Succubus_Blaster_Targeted.BP_Succubus_Blaster_Targeted_C to list of poolable actors.
LogActorPooling: Display: Adding /Game/Loki/Characters/Heroes/Succubus/BP_HERO_Succubus.BP_HERO_Succubus_C to list of poolable actors.
LogActorPooling: Display: Adding /Game/Loki/Characters/Heroes/Void/Abilities/LostSoul/BP_LostSoul_Heavy_ProjectileV2.BP_LostSoul_Heavy_ProjectileV2_C to list of poolable actors.
LogActorPooling: Display: Adding /Game/Loki/Characters/Heroes/Void/Abilities/LostSoul/BP_LostSoul_Heavy_ProjectileV2_Charged.BP_LostSoul_Heavy_ProjectileV2_Charged_C to list of poolable actors.
LogActorPooling: Display: Adding /Game/Loki/Characters/Heroes/Void/BP_HERO_Void.BP_HERO_Void_C to list of poolable actors.
LogActorPooling: Display: Adding /Game/Loki/Characters/Heroes/Wukong/Abilities/Clone/BP_Minion_Wukong_Clone.BP_Minion_Wukong_Clone_C to list of poolable actors.
LogActorPooling: Display: Adding /Game/Loki/Characters/Heroes/Wukong/BP_HERO_Wukong.BP_HERO_Wukong_C to list of poolable actors.
LogActorPooling: Display: Adding /Game/Loki/Characters/Minions/_Core/VFX/LastHitBoss/BP_LastHitBoss_Vacuum.BP_LastHitBoss_Vacuum_C to list of poolable actors.
LogActorPooling: Display: Adding /Game/Loki/Characters/Minions/BombBoss/Abilities/Mortar/Bomber_MultiMortar_LobbedProjectile.Bomber_MultiMortar_LobbedProjectile_C to list of poolable actors.
LogActorPooling: Display: Adding /Game/Loki/Characters/Minions/BombBoss/Abilities/Mortar/Bomber_MultiMortar_LobbedProjectile_Secondary.Bomber_MultiMortar_LobbedProjectile_Secondary_C to list of poolable actors.
LogActorPooling: Display: Adding /Game/Loki/Characters/Minions/BombBoss/Abilities/Mortar/Bomber_MultiMortar_LobbedProjectile_Tertiary.Bomber_MultiMortar_LobbedProjectile_Tertiary_C to list of poolable actors.
LogActorPooling: Display: Adding /Game/Loki/Characters/Minions/Charger/BP_Minion_Charger.BP_Minion_Charger_C to list of poolable actors.
LogActorPooling: Display: Adding /Game/Loki/Characters/Minions/Charger/BP_Minion_Charger_BrushBoar.BP_Minion_Charger_BrushBoar_C to list of poolable actors.
LogActorPooling: Display: Adding /Game/Loki/Characters/Minions/Charger/BP_Minion_ChargerBoss.BP_Minion_ChargerBoss_C to list of poolable actors.
LogActorPooling: Display: Adding /Game/Loki/Characters/Minions/Charger/Ice/BP_Minion_Charger_Ice.BP_Minion_Charger_Ice_C to list of poolable actors.
LogActorPooling: Display: Adding /Game/Loki/Characters/Minions/FireGrunt/BP_Grunt_EMP_Ball.BP_Grunt_EMP_Ball_C to list of poolable actors.
LogActorPooling: Display: Adding /Game/Loki/Characters/Minions/KaijuAxeLeader/Abilities/LeapAttack/BP_KaijuAxeLeader_SmashProjectile.BP_KaijuAxeLeader_SmashProjectile_C to list of poolable actors.
LogActorPooling: Display: Adding /Game/Loki/Characters/Minions/KaijuCaster/Zoner/BP_KaijuCaster_Zoner_LobbedProjectile.BP_KaijuCaster_Zoner_LobbedProjectile_C to list of poolable actors.
LogActorPooling: Display: Adding /Game/Loki/Characters/Minions/KaijuCaster/Zoner/BP_Molotov_Projectile.BP_Molotov_Projectile_C to list of poolable actors.
LogActorPooling: Display: Adding /Game/Loki/Characters/Minions/KaijuHealer/BP_Minion_KaijuHealer.BP_Minion_KaijuHealer_C to list of poolable actors.
LogActorPooling: Display: Adding /Game/Loki/Characters/Minions/KaijuSniper/BP_Minion_Sniper_SniperShot_ProjectileV2.BP_Minion_Sniper_SniperShot_ProjectileV2_C to list of poolable actors.
LogActorPooling: Display: Adding /Game/Loki/Characters/Minions/StoneBasilisk/Abilities/Tremor/BP_HomingRock_Projectile.BP_HomingRock_Projectile_C to list of poolable actors.
LogActorPooling: Display: Adding /Game/Loki/Characters/Minions/StoneBasilisk/Abilities/Tremor/BP_Tremor_Projectile.BP_Tremor_Projectile_C to list of poolable actors.
LogActorPooling: Display: Adding /Game/Loki/Characters/Minions/TownGuard/BP_TownGuard_Projectile_2.BP_TownGuard_Projectile_2_C to list of poolable actors.
LogActorPooling: Display: Adding /Game/Loki/Characters/Minions/WaveMaker/Abilities/Wavemaker/BP_Wavemaker_Projectile.BP_Wavemaker_Projectile_C to list of poolable actors.
LogActorPooling: Display: Adding /Game/Loki/Characters/Shared/Abilities/Execute/BP_ExecuteCamera.BP_ExecuteCamera_C to list of poolable actors.
LogActorPooling: Display: Adding /Game/Loki/Core/AimingVis/HeightIndicator/BP_HeroHeightIndicator.BP_HeroHeightIndicator_C to list of poolable actors.
LogActorPooling: Display: Adding /Game/Loki/Core/Characters/BP_LokiHeroCharacter.BP_LokiHeroCharacter_C to list of poolable actors.
LogActorPooling: Display: Adding /Game/Loki/Core/Characters/BP_LokiHeroCharacter_Code.BP_LokiHeroCharacter_Code_C to list of poolable actors.
LogActorPooling: Display: Adding /Game/Loki/Core/Components/BP_DamageNumbersContainer.BP_DamageNumbersContainer_C to list of poolable actors.
LogActorPooling: Display: Adding /Game/Loki/Core/Components/BP_DamageNumbersContainer_Unattached.BP_DamageNumbersContainer_Unattached_C to list of poolable actors.
LogActorPooling: Display: Adding /Game/Loki/Core/GameModes/Barracuda/Minions/BP_Minion_Charger_Barracuda.BP_Minion_Charger_Barracuda_C to list of poolable actors.
LogActorPooling: Display: Adding /Game/Loki/Core/GameModes/Barracuda/Minions/Megaboar/BP_Charger_Boss_Barracuda.BP_Charger_Boss_Barracuda_C to list of poolable actors.
LogActorPooling: Display: Adding /Game/Loki/Core/GameModes/Objectives/Tutorial/Basics/BP_DropPod_Tutorial.BP_DropPod_Tutorial_C to list of poolable actors.
LogActorPooling: Display: Adding /Game/Loki/Core/Maps/BP_MinimapEventMarker.BP_MinimapEventMarker_C to list of poolable actors.
LogActorPooling: Display: Adding /Game/Loki/Core/Maps/BP_MinimapEventTimer.BP_MinimapEventTimer_C to list of poolable actors.
LogActorPooling: Display: Adding /Game/Loki/Environment/DropPlane/DropPod/BP_DropPod.BP_DropPod_C to list of poolable actors.
LogActorPooling: Display: Adding /Game/Loki/Environment/DropPlane/DropPod/BP_DropPod_Child.BP_DropPod_Child_C to list of poolable actors.
LogActorPooling: Display: Adding /Game/Loki/Items/ActiveItems/BeeboBoomBox/BP_Beebo_Boombox_Projectile.BP_Beebo_Boombox_Projectile_C to list of poolable actors.
LogActorPooling: Display: Adding /Game/Loki/Items/ActiveItems/DimensionalTunnel/BP_DimensionalTunnel.BP_DimensionalTunnel_C to list of poolable actors.
LogActorPooling: Display: Adding /Game/Loki/Items/Equipment/Weapons/Weapon_GenericUpgradeScrap/BP_GoldPile_VacuumProjectile_Tutorial.BP_GoldPile_VacuumProjectile_Tutorial_C to list of poolable actors.
LogActorPooling: Display: Adding /Game/Loki/Items/Equipment/Weapons/Weapon_GenericUpgradeScrap/BP_UpgradeScrap_VacuumProjectile.BP_UpgradeScrap_VacuumProjectile_C to list of poolable actors.
LogActorPooling: Display: Adding /Game/Loki/Items/Gems/BP_GemPickup_10_VacuumProjectile.BP_GemPickup_10_VacuumProjectile_C to list of poolable actors.
LogActorPooling: Display: Adding /Game/Loki/Items/Gems/BP_GemPickup_50_VacuumProjectile.BP_GemPickup_50_VacuumProjectile_C to list of poolable actors.
LogActorPooling: Display: Adding /Game/Loki/Items/Gems/BP_GemPickup_VacuumProjectile.BP_GemPickup_VacuumProjectile_C to list of poolable actors.
LogActorPooling: Display: Adding /Game/Loki/Items/Gems/BP_GemV2.BP_GemV2_C to list of poolable actors.
LogActorPooling: Display: Adding /Game/Loki/Items/Gems/BP_GemV2_10.BP_GemV2_10_C to list of poolable actors.
LogActorPooling: Display: Adding /Game/Loki/Items/Gems/BP_GemV2_50.BP_GemV2_50_C to list of poolable actors.
LogActorPooling: Display: Adding /Game/Loki/Items/Gems/BP_GemV2_10_DelayedPickup.BP_GemV2_10_DelayedPickup_C to list of poolable actors.
LogActorPooling: Display: Adding /Game/Loki/Items/Gems/BP_GemV2_DelayedPickup.BP_GemV2_DelayedPickup_C to list of poolable actors.
LogActorPooling: Display: Adding /Game/Loki/Items/HeroShard/BP_ITEM_HeroShard.BP_ITEM_HeroShard_C to list of poolable actors.
LogActorPooling: Display: Adding /Game/Loki/UI/Widgets/Gameplay/Cursor/BP_Cursor_AbilityFeedback.BP_Cursor_AbilityFeedback_C to list of poolable actors.
LogActorPooling: Display: Adding /Game/Loki/UI/Widgets/Gameplay/FloatingText/BP_InWorld_XPNumbers.BP_InWorld_XPNumbers_C to list of poolable actors.
LogLokiHeightMap: Display: [<Unknown>][Default__LokiHeightMap] HeightMap Constructor Called
LogLokiHeightMap: Display: [<Unknown>][Default__LokiBuiltHeightMap] HeightMap Constructor Called
LogLokiHeightMap: Display: [<Unknown>][Default__LokiJitHeightMap] HeightMap Constructor Called
LogLokiHeightMap: Display: [<Unknown>][Default__LokiNullHeightMap] HeightMap Constructor Called
LogAudioCaptureCore: Display: No Audio Capture implementations found. Audio input will be silent.
LogAudioCaptureCore: Display: No Audio Capture implementations found. Audio input will be silent.
LogWwiseSoundEngine: Display: Loading Wwise SoundEngine 2024.1.3 (Integration 2024.1)
LogAkAudio: Display: Wwise(R) SDK Version 2024.1.3 Build 8749 [Release(StaticCRT)]. (C) 2006-2025. Audiokinetic Inc. All rights reserved.
LogSteamShared: Display: Loading Steam SDK 1.57
Angelscript: Warning: Using fully precompiled scripts. Hot reloading is disabled for this run.
Angelscript: Warning: Delete PrecompiledScript.Cache or run with -as-development-mode flag to enable hot reload.
LogStreaming: Display: AsyncLoading2 - NotifyRegistrationComplete: Registered 38651 public script object entries (1041.80 KB)
LogStreaming: Display: AsyncLoading2 - Thread Started: true, IsInitialLoad: false
LogGameFeatures: Display: Creating GameFeaturePlugin StateMachine using Identifier:LokiWinter.uplugin from PluginURL:file:../../../Loki/Plugins/GameFeatures/LokiWinter/LokiWinter.uplugin
LogShaderLibrary: Display: Opening a chunked shader library for plugin 'LokiWinter' is ignored. Chunked libraries for plugins are not supported.
LogShaderLibrary: Display: Tried to open shader library 'LokiWinter', but could not find it (only tried to open it as a monolithic library).
LogGameFeatures: Display: Game feature 'LokiWinter' loaded successfully. Ending state: Registered, [Registered, Active]
LogAudio: Display: Initializing Audio Device Manager...
LogAudio: Display: Loading Default Audio Settings Objects...
LogAudio: Display: No default SoundConcurrencyObject specified (or failed to load).
LogAudio: Display: Registering Engine Module Parameter Interfaces...
LogAudio: Display: AudioInfo: 'OPUS' Registered
LogAudioDebug: Display: Lib vorbis DLL was dynamically loaded.
LogAudio: Display: AudioInfo: 'OGG' Registered
LogAudio: Display: AudioInfo: 'ADPCM' Registered
LogAudio: Display: AudioInfo: 'PCM' Registered
LogAudio: Display: AudioInfo: 'BINKA' Registered
LogAudio: Display: AudioInfo: 'RADA' Registered
LogAudio: Display: Audio Device Manager Initialized
LogAudio: Display: Creating Audio Device:                 Id: 1, Scope: Shared, Realtime: True
LogAudioMixer: Display: Audio Mixer Platform Settings:
LogAudioMixer: Display: 	Sample Rate:						  48000
LogAudioMixer: Display: 	Callback Buffer Frame Size Requested: 1024
LogAudioMixer: Display: 	Callback Buffer Frame Size To Use:	  1024
LogAudioMixer: Display: 	Number of buffers to queue:			  1
LogAudioMixer: Display: 	Max Channels (voices):				  32
LogAudioMixer: Display: 	Number of Async Source Workers:		  4
LogAudio: Display: AudioDevice MaxSources: 32
LogAudio: Display: Audio Spatialization Plugin: None (built-in).
LogAudio: Display: Audio Reverb Plugin: None (built-in).
LogAudio: Display: Audio Occlusion Plugin: None (built-in).
LogAudioMixer: Display: Initializing audio mixer using platform API: 'XAudio2'
LogAudioMixer: Display: Using Audio Hardware Device Speakers (FxSound Audio Enhancer)
LogAudioMixer: Display: Initializing Sound Submixes...
LogAudioMixer: Display: Creating Master Submix 'MasterSubmixDefault'
LogAudioMixer: Display: Creating Master Submix 'MasterReverbSubmixDefault'
LogAudioMixer: Display: Output buffers initialized: Frames=1024, Channels=8, Samples=8192, InstanceID=1
LogAudioMixer: Display: Starting AudioMixerPlatformInterface::RunInternal(), InstanceID=1
LogAudioMixer: Display: FMixerPlatformXAudio2::SubmitBuffer() called for the first time. InstanceID=1
LogLokiGameInstance: Warning: Using Sentry: Yes
LogLokiGameInstance: Warning: initializing game instance for client
LogAccelByte: Warning: "Client ID" is not configured yet.
Check DefaultEngine.ini or Edit/ProjectSettings/Plugins/
LogAccelByte: Warning: "Namespace" is not configured yet.
Check DefaultEngine.ini or Edit/ProjectSettings/Plugins/
LogAccelByte: Warning: "Base URL" is not configured yet.
Check DefaultEngine.ini or Edit/ProjectSettings/Plugins/
#2 GET /configuration/public -> 200
LogAudio: Display: Audio Device (ID: 1) registered with world 'Untitled'.
LogUIActionRouter: Display: Found 1 derived classes when attemping to create action router (CommonUIActionRouterBase)
LogUIActionRouter: Display: Found 0 derived classes when attemping to create action router (LokiCommonUIActionRouterBase)
LogInit: Display: Game Engine Initialized.
LogInit: Display: Starting Game.
LogStreaming: Display: 0.116 ms for processing 280 objects in RemoveUnreachableObjects(Queued=0, Async=0). Removed 1 (2522->2521) packages and 205 (5899->5694) public exports.
LogAudio: Display: Audio Device unregistered from world 'None'.
LogAudio: Display: Audio Device (ID: 1) registered with world 'LVL_Login'.
LogGameState: Display: Lazily creating actor pool manager of type Class /Script/Engine.ActorPoolManager
LogLokiGameState: Display: Entering game state BP_LoginGameState_C_2147482279
LogViewport: Display: Viewport MouseLockMode Changed, DoNotLock -> LockAlways
LogViewport: Display: Viewport HideCursorDuringCapture Changed, False -> True
LogViewport: Display: Viewport MouseCaptureMode Changed, NoCapture -> CaptureDuringMouseDown
LogViewport: Display: Viewport MouseCaptureMode Changed, CaptureDuringMouseDown -> NoCapture
LogLokiPlayerState: Warning: [UIREADY] ALokiBaseController::BeginPlay (0.00)
#3 GET /basic/v1/public/misc/time -> 200
LogRHI: Display: ShaderPipelineCache: Paused Batching. 1
LogRHI: Display: ShaderPipelineCache: Resumed Batching. 0
LogRHI: Display: ShaderPipelineCache: Batching Resumed.
LogInit: Display: Engine is initialized. Leaving FEngineLoop::Init()
LogLokiPlayerState: Warning: [UIREADY] ALokiBaseController::TryUIReady (0.03)
LogLokiPlayerState: Warning: [UIREADY] ALokiBaseController::TryUIReady SUCCESS (0.03)
LogOnline: Warning: STEAM: Failed to obtain steam user stats, user: JohnGotti@TheMob.org [0x1100001013F6048] has no stats entries
LogUIActionRouter: Display: Applying input config for leaf-most node [WBP_UI_Login_Screen_Default]
LogUIActionRouter: Display: UIInputConfig being changed. bForceRefresh: 1
LogUIActionRouter: Display: 	InputMode: Previous (None), New (ECommonInputMode::Menu)
LogViewport: Display: Viewport HideCursorDuringCapture Changed, True -> False
LogViewport: Display: Viewport MouseLockMode Changed, LockAlways -> DoNotLock
LogUIActionRouter: Display: [User 0] Focused desired target Button_SteamLogin
LogLokiLoginManager: Warning: No command line argument for a launcher login method found
LogOnline: Warning: STEAM: Failed to obtain steam user stats, user: JohnGotti@TheMob.org [0x1100001013F6048] has no stats entries
#4 POST /iam/v4/oauth/platforms/steam/token -> 200
LogStreaming: Display: FlushAsyncLoading(1145): 1 QueuedPackages, 0 AsyncPackages
#5 GET /iam/v3/public/users/me -> 200
#6 POST /postauth/reconcileRoles -> 200
#7 GET /configuration/client -> 200
LogTox: Display: Creating ToxModManager
#8 GET /iam/v3/public/inputValidations -> 200
LogBattlepassHeroUnlocker: Warning: Failed to get hero token amount
#10 GET /content-service/manifest/release2.4.live-156430-shipping -> 200
#11 GET /personalization/players/9b9d2c887e2524f918e383a895f2f1c2/clientprofile -> 200
LogArmoryManager: Display: last seen account level update [0]
#9 GET /storefront/battlepass/progressiontracks -> 200
#12 GET /personalization/players/9b9d2c887e2524f918e383a895f2f1c2 -> 200

* 17:44:39.742  WS connected /notifications/players/9b9d2c887e2524f918e383a895f2f1c2 (subproto="wss") envelope=[""..""]

* 17:44:39.750  WS connected /lobby (subproto="wss") envelope=["LbS".."LbE"]
#13 GET /player-stats/players/9b9d2c887e2524f918e383a895f2f1c2 -> 200
#14 POST /discord-api/account/token -> 200
#18 GET /party/players/9b9d2c887e2524f918e383a895f2f1c2/voice -> 200
#15 GET /referral/player/9b9d2c887e2524f918e383a895f2f1c2 -> 200
LogPartyManager: Warning: skipping set referral code, player not in party
#16 GET /progression/players/9b9d2c887e2524f918e383a895f2f1c2/tracks -> 200
#17 GET /inventory/free -> 200
#20 GET /storefront/wallet/9b9d2c887e2524f918e383a895f2f1c2 -> 200
LogBattlepassHeroUnlocker: Warning: Failed to get hero token amount
#19 GET /storefront/heroes -> 200
#21 GET /storefront/real/offers/9b9d2c887e2524f918e383a895f2f1c2 -> 200
#22 GET /inventory/players/9b9d2c887e2524f918e383a895f2f1c2 -> 200
#25 GET /match-history/players/9b9d2c887e2524f918e383a895f2f1c2 -> 200
#24 GET /progression/players/9b9d2c887e2524f918e383a895f2f1c2 -> 200
#27 GET /party/players/9b9d2c887e2524f918e383a895f2f1c2 -> 200
#26 GET /mmr/player-ratings/9b9d2c887e2524f918e383a895f2f1c2/rank -> 200
LogBattlepassHeroUnlocker: Warning: Failed to get hero token amount
#28 GET /party/matchmaking/info -> 200
#23 GET /storefront/offers/9b9d2c887e2524f918e383a895f2f1c2 -> 200

* 17:44:40.252  WS <- /lobby TEXT "type: listIncomingFriendsRequest\nid: friends-7772"
#29 GET /party/matchmaking/customGameModes -> 200
#30 GET /iam/v4/public/namespaces/supervive/users/9b9d2c887e2524f918e383a895f2f1c2 -> 200
#32 GET /core-game/players/9b9d2c887e2524f918e383a895f2f1c2 -> 200
#34 GET /referral/player/9b9d2c887e2524f918e383a895f2f1c2/points -> 200
#33 GET /core-game/regions -> 200
LogLatencyManager: Display: Creating new latency measurer for us-east-1 default
#35 GET /storefront/battlepass/progressiontracks -> 200
#31 GET /mailbox/config/version -> 200

* 17:44:40.508  WS -> /lobby TEXT "type: listIncomingFriendsResponse\nid: friends-7772\ncode: 0\nfriendsId: []"
#38 GET /party/parties/party-9b9d2c887e2524f918e383a895f2f1c2 -> 200
#36 GET /core-game/matches/match-9b9d2c887e2524f918e383a895f2f1c2 -> 200
VivoxCore: Warning: req_account_anonymous_login failed for 20127:Access Token Service Unavailable
LogLokiEndOfGameManager: Warning: Could not battlepass progress without match XP
LogLokiEndOfGameManager: Warning: Could not battlepass progress without match XP
#37 GET /storefront/battlepass/progressiontracks -> 200

* 17:44:40.767  WS <- /lobby TEXT "type: listOutgoingFriendsRequest\nid: friends-9767"

* 17:44:40.899  WS -> /lobby TEXT "type: listOutgoingFriendsResponse\nid: friends-9767\ncode: 0\nfriendsId: []"
LogStreaming: Display: FlushAsyncLoading(): 0 QueuedPackages, 521 AsyncPackages
#39 GET /storefront/battlepass/progressiontracks -> 200

* 17:44:40.941  WS <- /lobby TEXT "type: listOfFriendsRequest\nid: friends-8841"
#40 POST /party/parties/party-9b9d2c887e2524f918e383a895f2f1c2/members/9b9d2c887e2524f918e383a895f2f1c2/latencies -> 200

* 17:44:41.074  WS -> /lobby TEXT "type: listOfFriendsResponse\nid: friends-8841\ncode: 0\nfriendsId: []"

* 17:44:41.198  WS <- /lobby TEXT "type: setUserStatusRequest\nid: presence-4054\navailability: online\nactivity: eyJhIjoiT2ZmbGluZSIsImNWIjoicmVsZWFzZTIuNC5saXZlLTE1NjQzMC1zaGlwcGluZyIsInBJZCI6IiIsInBRcyI6W10sInBPIjowLCJwUyI6MCwibVBTIjowLCJyayI6MCwicmtQIjowLCJyIjpbXSwiYXZJZCI6IlNsb3RDb3NtZXRpY3M6QVZBVEFSX0FsY2hlbWlzdEhNIiwidCI6W10sImRzSWQiOiIifQ==\n"

* 17:44:41.216  WS -> /lobby TEXT "type: setUserStatusResponse\nid: presence-4054\ncode: 0"

* 17:44:41.258  WS <- /lobby TEXT ""

* 17:44:41.291  WS <- /lobby TEXT "type: setUserStatusRequest\nid: presence-1381\navailability: online\nactivity: eyJhIjoiT2ZmbGluZSIsImNWIjoicmVsZWFzZTIuNC5saXZlLTE1NjQzMC1zaGlwcGluZyIsInBJZCI6IiIsInBRcyI6W10sInBPIjowLCJwUyI6MCwibVBTIjowLCJyayI6MTIsInJrUCI6MTg1MCwiciI6W3sicSI6InR1dG9yaWFsTmV3IiwicmsiOjEyLCJya1AiOjE4NTB9XSwiYXZJZCI6IlNsb3RDb3NtZXRpY3M6QVZBVEFSX0FsY2hlbWlzdEhNIiwidCI6W10sImRzSWQiOiIifQ==\n"

* 17:44:41.324  WS -> /lobby TEXT "type: setUserStatusResponse\nid: presence-1381\ncode: 0"
LogLokiHUDLayout: Display: Start Dismantling WidgetTree (WBP_UI_Login_RootV2_C_2147482245)
LogLokiHUDLayout: Display: End Dismantling WidgetTree (WBP_UI_Login_RootV2_C_2147482245) 88
LogAbilitySystem: Warning: AddGameplayCueData_Internal called for [GameplayCue.Ability.Heal.GenericHealthbarConst,/Game/Loki/Core/VFX/Abilities/Heal_Generic/GC_Heal_constant_generic.GC_Heal_constant_generic_C] when it already existed [GameplayCue.Ability.Heal.GenericHealthbarConst,/Game/Loki/Core/VFX/Antiheal/GC_Antiheal_Healthbar.GC_Antiheal_Healthbar_C]. Skipping.
LogAbilitySystem: Warning: AddGameplayCueData_Internal called for [GameplayCue.State.Slowed.General,/Game/Loki/Characters/Shared/Cues/Slowed/GC_StateSlowed.GC_StateSlowed_C] when it already existed [GameplayCue.State.Slowed.General,/Game/Loki/Characters/Shared/Cues/Slowed/GC_StateSlowed_Firefox.GC_StateSlowed_Firefox_C]. Skipping.
LogAbilitySystem: Warning: AddGameplayCueData_Internal called for [GameplayCue.Event.Tau.RifleReady,/Game/Loki/Characters/Heroes/Sniper/GC_Sniper_SniperShot_RifleReady.GC_Sniper_SniperShot_RifleReady_C] when it already existed [GameplayCue.Event.Tau.RifleReady,/Game/Loki/Characters/Heroes/Sniper/Abilities/SniperShot/GC_DMR_Ready_Persist.GC_DMR_Ready_Persist_C]. Skipping.
LogAbilitySystem: Warning: AddGameplayCueData_Internal called for [GameplayCue.State.Grounded.Flex,/Game/Loki/Characters/Heroes/Flex/Cosmetics/Demoness/Abilities/Trickshot/GC_Grounded_Flex_Demoness.GC_Grounded_Flex_Demoness_C] when it already existed [GameplayCue.State.Grounded.Flex,/Game/Loki/Characters/Heroes/Flex/Cosmetics/Default/Abilities/Trickshot/GC_Grounded_Flex.GC_Grounded_Flex_C]. Skipping.
LogAbilitySystem: Warning: AddGameplayCueData_Internal called for [GameplayCue.State.Grounded.Flex,/Game/Loki/Characters/Heroes/Flex/Cosmetics/Demoness/Chromas/INF/Abilities/Trickshot/GC_Flex_ARCHD_INF_Grounded.GC_Flex_ARCHD_INF_Grounded_C] when it already existed [GameplayCue.State.Grounded.Flex,/Game/Loki/Characters/Heroes/Flex/Cosmetics/Default/Abilities/Trickshot/GC_Grounded_Flex.GC_Grounded_Flex_C]. Skipping.
LogAbilitySystem: Warning: AddGameplayCueData_Internal called for [GameplayCue.State.Grounded.Flex,/Game/Loki/Characters/Heroes/Flex/Cosmetics/Demoness/Chromas/PLA/Abilities/Trickshot/GC_Flex_ARCHD_PLA_Grounded.GC_Flex_ARCHD_PLA_Grounded_C] when it already existed [GameplayCue.State.Grounded.Flex,/Game/Loki/Characters/Heroes/Flex/Cosmetics/Default/Abilities/Trickshot/GC_Grounded_Flex.GC_Grounded_Flex_C]. Skipping.
LogAbilitySystem: Warning: AddGameplayCueData_Internal called for [GameplayCue.State.Grounded.Flex,/Game/Loki/Characters/Heroes/Flex/Cosmetics/Demoness/Chromas/PRI/Abilities/Trickshot/GC_Flex_ARCHD_PRI_Grounded.GC_Flex_ARCHD_PRI_Grounded_C] when it already existed [GameplayCue.State.Grounded.Flex,/Game/Loki/Characters/Heroes/Flex/Cosmetics/Default/Abilities/Trickshot/GC_Grounded_Flex.GC_Grounded_Flex_C]. Skipping.
LogAbilitySystem: Warning: AddGameplayCueData_Internal called for [GameplayCue.Ability.Assault.RPGEpic.AnimCast,/Game/Loki/Characters/Heroes/Assault/Cosmetics/SpaceMarine/Abilities/MiniNuke/GC_Assault_SpaceMarine_MiniNuke_Cast.GC_Assault_SpaceMarine_MiniNuke_Cast_C] when it already existed [GameplayCue.Ability.Assault.RPGEpic.AnimCast,/Game/Loki/Characters/Heroes/Assault/Cosmetics/Default/MiniNuke/GC_Assault_MiniNuke_Cast.GC_Assault_MiniNuke_Cast_C]. Skipping.
LogAbilitySystem: Warning: AddGameplayCueData_Internal called for [GameplayCue.Ability.Assault.RPGEpic.AnimCast,/Game/Loki/Characters/Heroes/Assault/Cosmetics/SpaceMarine/Chromas/CRI/Abilities/MiniNuke/GC_Assault_SpaceMarine_CRI_MiniNuke_Cast.GC_Assault_SpaceMarine_CRI_MiniNuke_Cast_C] when it already existed [GameplayCue.Ability.Assault.RPGEpic.AnimCast,/Game/Loki/Characters/Heroes/Assault/Cosmetics/Default/MiniNuke/GC_Assault_MiniNuke_Cast.GC_Assault_MiniNuke_Cast_C]. Skipping.
LogAbilitySystem: Warning: AddGameplayCueData_Internal called for [GameplayCue.Ability.Beebo.SlingShot.Ice.Explosion,/Game/Loki/Characters/Heroes/Beebo/Abilities/SlingShot/Ice/GC_Beebo_Ice_Explosion_AoE.GC_Beebo_Ice_Explosion_AoE_C] when it already existed [GameplayCue.Ability.Beebo.SlingShot.Ice.Explosion,/Game/Loki/Characters/Heroes/Beebo/Abilities/SlingShot/Ice/GC_Beebo_Bomb_TimeOut.GC_Beebo_Bomb_TimeOut_C]. Skipping.
LogAbilitySystem: Warning: AddGameplayCueData_Internal called for [GameplayCue.Ability.Assault.Beam.OffCooldown.BaseCosmetic,/Game/Loki/Characters/Heroes/BurstCaster/Abilities/Ult/GC_LaserUlt_OffCooldown.GC_LaserUlt_OffCooldown_C] when it already existed [GameplayCue.Ability.Assault.Beam.OffCooldown.BaseCosmetic,/Game/Loki/Characters/Heroes/Assault/Abilities/BeamUlt/GC_BeamUlt_OffCooldown.GC_BeamUlt_OffCooldown_C]. Skipping.
LogAbilitySystem: Warning: AddGameplayCueData_Internal called for [GameplayCue.Weapon.OnAbilityHit.RefundMana,/Game/Loki/Core/LevelingPassives/OnAbilityHitManaBack/GC_OnAbilityHit_RefundMana.GC_OnAbilityHit_RefundMana_C] when it already existed [GameplayCue.Weapon.OnAbilityHit.RefundMana,/Game/Loki/Core/LevelingPassives/OnActivatePowerRefundCD/GC_OnPowerActivateRefundCD.GC_OnPowerActivateRefundCD_C]. Skipping.
LogAbilitySystem: Warning: AddGameplayCueData_Internal called for [GameplayCue.Ability.Stalker.Combo.Sheen.StalkerDefault,/Game/Loki/Characters/Heroes/Stalker/Cosmetics/Default/Abilities/StalkerLMB/GC_Stalker_Default_Sheen_Instant.GC_Stalker_Default_Sheen_Instant_C] when it already existed [GameplayCue.Ability.Stalker.Combo.Sheen.StalkerDefault,/Game/Loki/Characters/Heroes/Stalker/Cosmetics/Default/VFX/LMB/GC_Stalker_Sheen_Instant_Default.GC_Stalker_Sheen_Instant_Default_C]. Skipping.
LogAbilitySystem: Warning: AddGameplayCueData_Internal called for [GameplayCue.Ability.Stalker.AirSlash.Spin.StalkerDefault,/Game/Loki/Characters/Heroes/Stalker/Cosmetics/Default/Abilities/AirSlash/GC_Stalker_Default_AirSlash_Spin.GC_Stalker_Default_AirSlash_Spin_C] when it already existed [GameplayCue.Ability.Stalker.AirSlash.Spin.StalkerDefault,/Game/Loki/Characters/Heroes/Stalker/Cosmetics/Default/VFX/Q/GC_AirSlash_Spin_Default.GC_AirSlash_Spin_Default_C]. Skipping.
LogAbilitySystem: Warning: AddGameplayCueData_Internal called for [GameplayCue.Ability.ActionJump,/Game/Loki/Characters/Heroes/Sniper/Cosmetics/Phoenix/Abilities/SniperShot/GC_Sniper_LMB_Impact_SniperPhoenix.GC_Sniper_LMB_Impact_SniperPhoenix_C] when it already existed [GameplayCue.Ability.ActionJump,/Game/Loki/Characters/Shared/Abilities/ChargeJump/GC_ActionJump.GC_ActionJump_C]. Skipping.
LogAbilitySystem: Warning: AddGameplayCueData_Internal called for [GameplayCue.Ability.ShieldBot.DashAttack.OffCooldown.ShieldBot_SanctuarySentinel_SAC,/Game/Loki/Characters/Heroes/ShieldBot/Cosmetics/SANCT/Chromas/SAC/Abilities/RMB/ActiveShield/GC_ShieldBot_SANCT_SAC_DashAttack_OffCooldown_Cosmetic_Default.GC_ShieldBot_SANCT_SAC_DashAttack_OffCooldown_Cosmetic_Default_C] when it already existed [GameplayCue.Ability.ShieldBot.DashAttack.OffCooldown.ShieldBot_SanctuarySentinel_SAC,/Game/Loki/Characters/Heroes/ShieldBot/Cosmetics/SANCT/Chromas/SAC/Abilities/RMB/ShieldBash/GC_ShieldBot_SANCT_SAC_DashAttack_OffCooldown.GC_ShieldBot_SANCT_SAC_DashAttack_OffCooldown_C]. Skipping.
LogAbilitySystem: Warning: AddGameplayCueData_Internal called for [GameplayCue.Ability.ShieldBot.DashAttack.OffCooldown.ShieldBot_SanctuarySentinel_NIG,/Game/Loki/Characters/Heroes/ShieldBot/Cosmetics/SANCT/Chromas/NIG/Abilities/RMB/ActiveShield/GC_ShieldBot_SANCT_NIG_DashAttack_OffCooldown_Cosmetic_Default.GC_ShieldBot_SANCT_NIG_DashAttack_OffCooldown_Cosmetic_Default_C] when it already existed [GameplayCue.Ability.ShieldBot.DashAttack.OffCooldown.ShieldBot_SanctuarySentinel_NIG,/Game/Loki/Characters/Heroes/ShieldBot/Cosmetics/SANCT/Chromas/NIG/Abilities/RMB/ShieldBash/GC_ShieldBot_SANCT_NIG_DashAttack_OffCooldown.GC_ShieldBot_SANCT_NIG_DashAttack_OffCooldown_C]. Skipping.
LogAbilitySystem: Warning: AddGameplayCueData_Internal called for [GameplayCue.Ability.ShieldBot.DashAttack.OffCooldown.ShieldBot_SanctuarySentinel_FIE,/Game/Loki/Characters/Heroes/ShieldBot/Cosmetics/SANCT/Chromas/FIE/Abilities/RMB/ActiveShield/GC_ShieldBot_SANCT_FIE_DashAttack_OffCooldown_Cosmetic_Default.GC_ShieldBot_SANCT_FIE_DashAttack_OffCooldown_Cosmetic_Default_C] when it already existed [GameplayCue.Ability.ShieldBot.DashAttack.OffCooldown.ShieldBot_SanctuarySentinel_FIE,/Game/Loki/Characters/Heroes/ShieldBot/Cosmetics/SANCT/Chromas/FIE/Abilities/RMB/ShieldBash/GC_ShieldBot_SANCT_FIE_DashAttack_OffCooldown.GC_ShieldBot_SANCT_FIE_DashAttack_OffCooldown_C]. Skipping.
LogAbilitySystem: Warning: AddGameplayCueData_Internal called for [GameplayCue.Ability.ShieldBot.DashAttack.OffCooldown.ShieldBot_SanctuarySentinel,/Game/Loki/Characters/Heroes/ShieldBot/Cosmetics/SANCT/Abilities/RMB/ActiveShield/GC_ShieldBot_SANCT_DashAttack_OffCooldown_Cosmetic_Default.GC_ShieldBot_SANCT_DashAttack_OffCooldown_Cosmetic_Default_C] when it already existed [GameplayCue.Ability.ShieldBot.DashAttack.OffCooldown.ShieldBot_SanctuarySentinel,/Game/Loki/Characters/Heroes/ShieldBot/Cosmetics/SANCT/Abilities/RMB/ShieldBash/GC_ShieldBot_SANCT_DashAttack_OffCooldown.GC_ShieldBot_SANCT_DashAttack_OffCooldown_C]. Skipping.
LogAbilitySystem: Warning: AddGameplayCueData_Internal called for [GameplayCue.Ability.Flash.OffCD,/Game/Loki/Characters/Heroes/Shared/Abilities/Flash/GC_Instant_HasFlash.GC_Instant_HasFlash_C] when it already existed [GameplayCue.Ability.Flash.OffCD,/Game/Loki/Characters/Heroes/Shared/Abilities/Flash/GC_HasFlash.GC_HasFlash_C]. Skipping.
LogAbilitySystem: Warning: AddGameplayCueData_Internal called for [GameplayCue.Ability.Hook.Impact.HookGuyHellknight,/Game/Loki/Characters/Heroes/HookGuy/Cosmetics/HellKnight/Chromas/HolyKnight/Abilities/Hook/GC_HookGuy_Hook_Impact_HellKnight_HOL.GC_HookGuy_Hook_Impact_HellKnight_HOL_C] when it already existed [GameplayCue.Ability.Hook.Impact.HookGuyHellknight,/Game/Loki/Characters/Heroes/HookGuy/Cosmetics/HellKnight/Chromas/LUX/Abilities/Hook/GC_HookGuy_Hook_Impact_HellKnight_LUX.GC_HookGuy_Hook_Impact_HellKnight_LUX_C]. Skipping.
LogAbilitySystem: Warning: AddGameplayCueData_Internal called for [GameplayCue.Ability.Hook.Impact.HookGuyHellknight,/Game/Loki/Characters/Heroes/HookGuy/Cosmetics/HellKnight/Chromas/DeathKnight/Abilities/Hook/GC_HookGuy_Hook_Impact_HellKnight_DEA.GC_HookGuy_Hook_Impact_HellKnight_DEA_C] when it already existed [GameplayCue.Ability.Hook.Impact.HookGuyHellknight,/Game/Loki/Characters/Heroes/HookGuy/Cosmetics/HellKnight/Chromas/LUX/Abilities/Hook/GC_HookGuy_Hook_Impact_HellKnight_LUX.GC_HookGuy_Hook_Impact_HellKnight_LUX_C]. Skipping.
LogAbilitySystem: Warning: AddGameplayCueData_Internal called for [GameplayCue.Ability.Hook.Impact.HookGuyHellknight,/Game/Loki/Characters/Heroes/HookGuy/Cosmetics/HellKnight/Chromas/BrimstoneKnight/Abilities/Hook/GC_HookGuy_Hook_Impact_HellKnight_BRI.GC_HookGuy_Hook_Impact_HellKnight_BRI_C] when it already existed [GameplayCue.Ability.Hook.Impact.HookGuyHellknight,/Game/Loki/Characters/Heroes/HookGuy/Cosmetics/HellKnight/Chromas/LUX/Abilities/Hook/GC_HookGuy_Hook_Impact_HellKnight_LUX.GC_HookGuy_Hook_Impact_HellKnight_LUX_C]. Skipping.
LogAbilitySystem: Warning: AddGameplayCueData_Internal called for [GameplayCue.Ability.Hook.Impact.HookGuyHellknight,/Game/Loki/Characters/Heroes/HookGuy/Cosmetics/HellKnight/Abilities/Hook/GC_HookGuy_Hook_Impact_HellKnight.GC_HookGuy_Hook_Impact_HellKnight_C] when it already existed [GameplayCue.Ability.Hook.Impact.HookGuyHellknight,/Game/Loki/Characters/Heroes/HookGuy/Cosmetics/HellKnight/Chromas/LUX/Abilities/Hook/GC_HookGuy_Hook_Impact_HellKnight_LUX.GC_HookGuy_Hook_Impact_HellKnight_LUX_C]. Skipping.
LogAbilitySystem: Warning: AddGameplayCueData_Internal called for [GameplayCue.Ability.HookGuy.ChargeBlast.Fire,/Game/Loki/Characters/Heroes/HookGuy/Abilities/HookGuyChargeBlast/GC_HookGuy_ChargeBlast_Fire.GC_HookGuy_ChargeBlast_Fire_C] when it already existed [GameplayCue.Ability.HookGuy.ChargeBlast.Fire,/Game/Loki/Characters/Heroes/HookGuy/Abilities/HookGuyChargeBlast/GC_HookGuy_ChargeBlast_Fire_BaseCosmetic.GC_HookGuy_ChargeBlast_Fire_BaseCosmetic_C]. Skipping.
LogLokiGameState: Display: Exiting game state BP_LoginGameState_C_2147482279
LogStreaming: Display: 0.053 ms for processing 1902 objects in RemoveUnreachableObjects(Queued=0, Async=0). Removed 69 (3116->3047) packages and 356 (7652->7296) public exports.
LogAudio: Display: Audio Device unregistered from world 'None'.
LogAudio: Display: Audio Device (ID: 1) registered with world 'LVL_LobbyV2_Persistent'.
LogGameState: Display: Lazily creating actor pool manager of type Class /Script/Engine.ActorPoolManager
LogLokiGameState: Display: Entering game state BP_MainMenuGameState_C_2147479921
LogBlueprintLogLibrary: Warning: Could not find default camera. Setting default camera to 
LogActor: Warning: BP_LokiShipComputer_C /Game/Loki/Maps/LobbyV2/LVL_LobbyV2_Persistent.LVL_LobbyV2_Persistent:PersistentLevel.BP_LokiShipComputer_C_2147479827 has natively added scene component(s), but none of them were set as the actor's RootComponent - picking one arbitrarily
LogViewport: Display: Viewport MouseLockMode Changed, DoNotLock -> LockAlways
LogViewport: Display: Viewport HideCursorDuringCapture Changed, False -> True
LogViewport: Display: Viewport MouseCaptureMode Changed, NoCapture -> CaptureDuringMouseDown
LogViewport: Display: Viewport MouseCaptureMode Changed, CaptureDuringMouseDown -> NoCapture
LogLokiPlayerState: Warning: [UIREADY] ALokiBaseController::BeginPlay (0.00)
LogStringTable: Warning: Failed to find string table entry for '/Game/Loki/UI/Widgets/FrontEnd/MainMenu/Party/Latency/ST_ServerLocations.ST_ServerLocations' ''. Did you forget to add a string table redirector?
LogStringTable: Warning: Failed to find string table entry for '/Game/Loki/UI/Widgets/FrontEnd/MainMenu/Monetization/Shared/ST_Cosmetics_Categories.ST_Cosmetics_Categories' 'none'. Did you forget to add a string table redirector?
LogStreamableManager: Display: RequestAsyncLoad() called with empty or only null assets!
LogStreamableManager: Display: RequestAsyncLoad() called with empty or only null assets!
LogStreamableManager: Display: RequestAsyncLoad() called with empty or only null assets!
LogStreamableManager: Display: RequestAsyncLoad() called with empty or only null assets!
LogStreamableManager: Display: RequestAsyncLoad() called with empty or only null assets!
LogStreamableManager: Display: RequestAsyncLoad() called with empty or only null assets!
LogStreamableManager: Display: RequestAsyncLoad() called with empty or only null assets!
LogStreamableManager: Display: RequestAsyncLoad() called with empty or only null assets!
LogAssetManager: Warning: Invalid Primary Asset Type : ChangeBundleStateForPrimaryAssets failed to find NameData
#41 GET /mmr/leaderboard -> 200
LogLokiPlayerState: Warning: [UIREADY] ALokiBaseController::TryUIReady (0.03)
LogLokiPlayerState: Warning: [UIREADY] ALokiBaseController::TryUIReady SUCCESS (0.03)
LogUIActionRouter: Display: Applying input config for leaf-most node [UI_CoreGameScreenRoot]
LogUIActionRouter: Display: UIInputConfig being changed. bForceRefresh: 1
LogUIActionRouter: Display: 	InputMode: Previous (None), New (ECommonInputMode::All)
LogViewport: Display: Viewport HideCursorDuringCapture Changed, True -> False
LogViewport: Display: Viewport MouseLockMode Changed, LockAlways -> DoNotLock
LogUIActionRouter: Display: [User 0] No focus target for leaf-most node [UI_CoreGameScreenRoot], and the widget isn't focusable - focusing the game viewport.
#42 GET /revival/banner/splash.png -> 200
#43 GET /revival/banner/splash.png -> 200
#44 GET /storefront/battlepass/progressiontracks -> 200

* 17:44:47.539  WS <- /lobby TEXT "type: setUserStatusRequest\nid: presence-3210\navailability: online\nactivity: eyJhIjoiSW5NYXRjaCIsImNWIjoicmVsZWFzZTIuNC5saXZlLTE1NjQzMC1zaGlwcGluZyIsInBJZCI6InBhcnR5LTliOWQyYzg4N2UyNTI0ZjkxOGUzODNhODk1ZjJmMWMyIiwicFFzIjpbImJvdHMiXSwicE8iOjAsInBTIjoxLCJtUFMiOjMsInJrIjoxMiwicmtQIjoxODUwLCJyIjpbeyJxIjoidHV0b3JpYWxOZXciLCJyayI6MTIsInJrUCI6MTg1MH1dLCJhdklkIjoiU2xvdENvc21ldGljczpBVkFUQVJfQWxjaGVtaXN0SE0iLCJ0IjpbXSwiZHNJZCI6IiJ9\n"

* 17:44:47.563  WS -> /lobby TEXT "type: setUserStatusResponse\nid: presence-3210\ncode: 0"
LogRenderTargetPool: Warning: r.RenderTargetPoolMin exceeded 1035/1000 MB (ok in editor, bad on fixed memory platform)
#45 GET /storefront/battlepass/progressiontracks -> 200

* 17:44:47.587  WS <- /lobby TEXT "type: friendsStatusRequest\nid: presence-2715"
#46 GET /storefront/battlepass/progressiontracks -> 200
#47 GET /storefront/battlepass/progressiontracks -> 200
#48 GET /storefront/battlepass/progressiontracks -> 200
#49 GET /storefront/battlepass/progressiontracks -> 200
#50 GET /storefront/battlepass/progressiontracks -> 200
#51 GET /storefront/battlepass/progressiontracks -> 200
#52 GET /party/players/9b9d2c887e2524f918e383a895f2f1c2/voice -> 200
#53 GET /storefront/battlepass/progressiontracks -> 200
#54 GET /storefront/battlepass/progressiontracks -> 200
#55 GET /storefront/battlepass/progressiontracks -> 200
#56 GET /storefront/battlepass/progressiontracks -> 200
#57 GET /storefront/battlepass/progressiontracks -> 200
#58 GET /storefront/battlepass/progressiontracks -> 200
#59 GET /storefront/battlepass/progressiontracks -> 200
#60 GET /storefront/battlepass/progressiontracks -> 200
#61 GET /storefront/battlepass/progressiontracks -> 200
#62 GET /storefront/battlepass/progressiontracks -> 200
#63 GET /storefront/battlepass/progressiontracks -> 200
#64 GET /storefront/battlepass/progressiontracks -> 200
#65 GET /storefront/battlepass/progressiontracks -> 200
VivoxCore: Warning: req_account_anonymous_login failed for 20127:Access Token Service Unavailable
#66 GET /storefront/battlepass/progressiontracks -> 200
#67 GET /revival/admin/state -> 200
#68 GET /storefront/battlepass/progressiontracks -> 200
#69 GET /core-game/players/9b9d2c887e2524f918e383a895f2f1c2 -> 200
#70 GET /storefront/battlepass/progressiontracks -> 200
#71 GET /storefront/battlepass/progressiontracks -> 200
#72 GET /storefront/battlepass/progressiontracks -> 200
#73 GET /storefront/battlepass/progressiontracks -> 200
#74 GET /storefront/battlepass/progressiontracks -> 200
#75 GET /storefront/battlepass/progressiontracks -> 200
#76 GET /storefront/battlepass/progressiontracks -> 200
#77 GET /storefront/battlepass/progressiontracks -> 200
#78 GET /storefront/battlepass/progressiontracks -> 200
LogRHI: Warning: FShaderPipelineCache Loki completed 19487 tasks in 3.66s (28.41s wall time since intial open).
LogRHI: Display: FShaderPipelineCache starting pipeline cache 'Loki_usr' and enqueued 37 tasks for precompile. (cache contains 7841, 3648 eligible, 3611 had missing shaders. 0 already compiled). BatchSize 744 and BatchTime 16.000000.
#79 GET /storefront/battlepass/progressiontracks -> 200
#80 GET /storefront/battlepass/progressiontracks -> 200
LogRHI: Warning: FShaderPipelineCache Loki_usr completed 37 tasks in 0.00s (0.09s wall time since intial open).
#81 GET /storefront/battlepass/progressiontracks -> 200
#82 GET /storefront/battlepass/progressiontracks -> 200
#83 GET /storefront/battlepass/progressiontracks -> 200
#84 GET /storefront/battlepass/progressiontracks -> 200
#85 GET /storefront/battlepass/progressiontracks -> 200
#86 GET /storefront/battlepass/progressiontracks -> 200
#87 GET /storefront/battlepass/progressiontracks -> 200
#88 GET /storefront/battlepass/progressiontracks -> 200
#89 GET /storefront/battlepass/progressiontracks -> 200
#90 GET /storefront/battlepass/progressiontracks -> 200
LogTexture: Error: Loading non-streamed mips from an external bulk file.  This is not desireable.  File 32b20fb18c381e2c00000002
#91 GET /storefront/battlepass/progressiontracks -> 200
#92 GET /storefront/battlepass/progressiontracks -> 200
#93 GET /storefront/battlepass/progressiontracks -> 200
#94 GET /storefront/battlepass/progressiontracks -> 200
#95 GET /party/players/9b9d2c887e2524f918e383a895f2f1c2/voice -> 200
#96 GET /storefront/battlepass/progressiontracks -> 200
#97 GET /storefront/battlepass/progressiontracks -> 200
#98 GET /storefront/battlepass/progressiontracks -> 200
#99 GET /storefront/battlepass/progressiontracks -> 200
#100 GET /storefront/battlepass/progressiontracks -> 200
#101 GET /storefront/battlepass/progressiontracks -> 200
#102 GET /storefront/battlepass/progressiontracks -> 200
#103 GET /storefront/battlepass/progressiontracks -> 200
#104 GET /storefront/battlepass/progressiontracks -> 200
#105 GET /storefront/battlepass/progressiontracks -> 200
#106 GET /storefront/battlepass/progressiontracks -> 200
#107 GET /storefront/battlepass/progressiontracks -> 200
#108 GET /storefront/battlepass/progressiontracks -> 200
#109 GET /storefront/battlepass/progressiontracks -> 200
#110 GET /storefront/battlepass/progressiontracks -> 200
#111 GET /storefront/battlepass/progressiontracks -> 200
#112 GET /storefront/battlepass/progressiontracks -> 200
#113 GET /storefront/battlepass/progressiontracks -> 200
#114 GET /storefront/battlepass/progressiontracks -> 200
#115 GET /storefront/battlepass/progressiontracks -> 200
#116 GET /storefront/battlepass/progressiontracks -> 200
VivoxCore: Warning: req_account_anonymous_login failed for 20127:Access Token Service Unavailable
#117 GET /storefront/battlepass/progressiontracks -> 200
#118 GET /storefront/battlepass/progressiontracks -> 200
#119 GET /storefront/battlepass/progressiontracks -> 200
#120 GET /storefront/battlepass/progressiontracks -> 200
#121 GET /storefront/battlepass/progressiontracks -> 200
#122 GET /storefront/battlepass/progressiontracks -> 200
#123 GET /storefront/battlepass/progressiontracks -> 200
#124 GET /storefront/battlepass/progressiontracks -> 200
#125 GET /storefront/battlepass/progressiontracks -> 200
#126 GET /storefront/battlepass/progressiontracks -> 200
#127 GET /storefront/battlepass/progressiontracks -> 200
#128 GET /storefront/battlepass/progressiontracks -> 200
#129 GET /storefront/battlepass/progressiontracks -> 200
#130 GET /storefront/battlepass/progressiontracks -> 200
#131 GET /storefront/battlepass/progressiontracks -> 200
#132 GET /storefront/battlepass/progressiontracks -> 200
#133 GET /storefront/battlepass/progressiontracks -> 200
#134 GET /storefront/battlepass/progressiontracks -> 200
#135 GET /storefront/battlepass/progressiontracks -> 200
#136 GET /storefront/battlepass/progressiontracks -> 200
#137 GET /storefront/battlepass/progressiontracks -> 200
#138 GET /storefront/battlepass/progressiontracks -> 200
#139 GET /storefront/battlepass/progressiontracks -> 200
#140 GET /storefront/battlepass/progressiontracks -> 200
#141 GET /storefront/battlepass/progressiontracks -> 200
#142 GET /storefront/battlepass/progressiontracks -> 200
#143 GET /storefront/battlepass/progressiontracks -> 200
#144 GET /storefront/battlepass/progressiontracks -> 200
#145 GET /storefront/battlepass/progressiontracks -> 200
#146 GET /storefront/battlepass/progressiontracks -> 200
#147 GET /storefront/battlepass/progressiontracks -> 200
#148 GET /storefront/battlepass/progressiontracks -> 200
#149 GET /storefront/battlepass/progressiontracks -> 200
#150 GET /storefront/battlepass/progressiontracks -> 200
#151 GET /storefront/battlepass/progressiontracks -> 200
#152 GET /storefront/battlepass/progressiontracks -> 200
#153 GET /storefront/battlepass/progressiontracks -> 200
#154 GET /storefront/battlepass/progressiontracks -> 200
#155 GET /storefront/battlepass/progressiontracks -> 200
#156 GET /storefront/battlepass/progressiontracks -> 200
#157 GET /storefront/battlepass/progressiontracks -> 200
#158 GET /storefront/battlepass/progressiontracks -> 200
#159 GET /storefront/battlepass/progressiontracks -> 200
#160 GET /storefront/battlepass/progressiontracks -> 200
#161 GET /storefront/battlepass/progressiontracks -> 200
#162 GET /storefront/battlepass/progressiontracks -> 200
#163 GET /storefront/battlepass/progressiontracks -> 200
#164 GET /storefront/battlepass/progressiontracks -> 200
#165 GET /storefront/battlepass/progressiontracks -> 200
#166 GET /storefront/battlepass/progressiontracks -> 200
#167 GET /storefront/battlepass/progressiontracks -> 200
#168 GET /storefront/battlepass/progressiontracks -> 200
#169 GET /storefront/battlepass/progressiontracks -> 200
#170 GET /storefront/battlepass/progressiontracks -> 200
#171 GET /storefront/battlepass/progressiontracks -> 200
#172 GET /storefront/battlepass/progressiontracks -> 200
#173 GET /storefront/battlepass/progressiontracks -> 200
#174 GET /storefront/battlepass/progressiontracks -> 200
#175 GET /storefront/battlepass/progressiontracks -> 200
#176 GET /party/players/9b9d2c887e2524f918e383a895f2f1c2/voice -> 200
#177 GET /storefront/battlepass/progressiontracks -> 200
#178 GET /storefront/battlepass/progressiontracks -> 200
#179 GET /storefront/battlepass/progressiontracks -> 200
#180 GET /storefront/battlepass/progressiontracks -> 200
#181 GET /storefront/battlepass/progressiontracks -> 200
#182 GET /storefront/battlepass/progressiontracks -> 200
#183 GET /storefront/battlepass/progressiontracks -> 200
LogSkeletalMesh: Display: OnRegister[/Game/Loki/Characters/Heroes/Ronin/Modeling/Default/SK_Ronin_Default.SK_Ronin_Default]: [ClothingSimulationFactoryNv] is currently unable to provide a fully functional simulation for each of this SkeletalMesh's clothing assets.
LogSkeletalMesh: Display: OnRegister[/Game/Loki/Characters/Heroes/Ronin/Modeling/Default/SK_Ronin_Default.SK_Ronin_Default]: The ClothingSimulationFactory property will now be automatically updated to use the most functional simulation that can be found.
#184 GET /storefront/battlepass/progressiontracks -> 200
#185 GET /storefront/battlepass/progressiontracks -> 200
#186 GET /storefront/battlepass/progressiontracks -> 200
#187 GET /storefront/battlepass/progressiontracks -> 200
#188 GET /storefront/battlepass/progressiontracks -> 200
#189 GET /storefront/battlepass/progressiontracks -> 200
VivoxCore: Warning: req_account_anonymous_login failed for 20127:Access Token Service Unavailable
#190 GET /storefront/battlepass/progressiontracks -> 200
#191 GET /storefront/battlepass/progressiontracks -> 200
#192 GET /storefront/battlepass/progressiontracks -> 200
#193 GET /storefront/battlepass/progressiontracks -> 200
#194 GET /storefront/battlepass/progressiontracks -> 200
#195 GET /storefront/battlepass/progressiontracks -> 200
#196 GET /storefront/battlepass/progressiontracks -> 200
#197 GET /storefront/battlepass/progressiontracks -> 200
#198 GET /storefront/battlepass/progressiontracks -> 200
#199 GET /storefront/battlepass/progressiontracks -> 200
#200 GET /storefront/battlepass/progressiontracks -> 200
#201 GET /storefront/battlepass/progressiontracks -> 200
#202 GET /storefront/battlepass/progressiontracks -> 200
#203 GET /storefront/battlepass/progressiontracks -> 200
#204 GET /storefront/battlepass/progressiontracks -> 200
#205 GET /storefront/battlepass/progressiontracks -> 200
#206 GET /storefront/battlepass/progressiontracks -> 200
#207 GET /storefront/battlepass/progressiontracks -> 200
#208 GET /storefront/battlepass/progressiontracks -> 200
#209 GET /storefront/battlepass/progressiontracks -> 200
#210 GET /storefront/battlepass/progressiontracks -> 200
#211 GET /storefront/battlepass/progressiontracks -> 200
#212 GET /storefront/battlepass/progressiontracks -> 200
#213 GET /storefront/battlepass/progressiontracks -> 200
#214 GET /storefront/battlepass/progressiontracks -> 200
#215 GET /storefront/battlepass/progressiontracks -> 200
#216 GET /storefront/battlepass/progressiontracks -> 200
#217 GET /storefront/battlepass/progressiontracks -> 200
#218 GET /storefront/battlepass/progressiontracks -> 200
#219 GET /storefront/battlepass/progressiontracks -> 200
#220 GET /storefront/battlepass/progressiontracks -> 200
#221 GET /storefront/battlepass/progressiontracks -> 200
#222 GET /storefront/battlepass/progressiontracks -> 200
#223 GET /storefront/battlepass/progressiontracks -> 200
#224 GET /storefront/battlepass/progressiontracks -> 200
#225 GET /storefront/battlepass/progressiontracks -> 200
#226 GET /storefront/battlepass/progressiontracks -> 200
#227 GET /storefront/battlepass/progressiontracks -> 200
#228 GET /storefront/battlepass/progressiontracks -> 200
#229 GET /storefront/battlepass/progressiontracks -> 200
#230 GET /storefront/battlepass/progressiontracks -> 200
#231 GET /storefront/battlepass/progressiontracks -> 200
#232 GET /storefront/battlepass/progressiontracks -> 200
#233 GET /storefront/battlepass/progressiontracks -> 200
#234 GET /storefront/battlepass/progressiontracks -> 200
#235 GET /storefront/battlepass/progressiontracks -> 200
#236 GET /storefront/battlepass/progressiontracks -> 200
#237 GET /storefront/battlepass/progressiontracks -> 200
#238 GET /storefront/battlepass/progressiontracks -> 200
#239 GET /storefront/battlepass/progressiontracks -> 200
#240 GET /storefront/battlepass/progressiontracks -> 200
#241 GET /storefront/battlepass/progressiontracks -> 200
#242 GET /storefront/battlepass/progressiontracks -> 200
#243 GET /storefront/battlepass/progressiontracks -> 200
#244 GET /storefront/battlepass/progressiontracks -> 200
#245 GET /storefront/battlepass/progressiontracks -> 200
#246 GET /storefront/battlepass/progressiontracks -> 200
#247 GET /storefront/battlepass/progressiontracks -> 200
#248 GET /storefront/battlepass/progressiontracks -> 200
#249 GET /party/players/9b9d2c887e2524f918e383a895f2f1c2/voice -> 200
#250 GET /storefront/battlepass/progressiontracks -> 200
#251 GET /storefront/battlepass/progressiontracks -> 200
#252 GET /storefront/battlepass/progressiontracks -> 200
#253 GET /storefront/battlepass/progressiontracks -> 200
#254 GET /storefront/battlepass/progressiontracks -> 200
#255 GET /storefront/battlepass/progressiontracks -> 200
#256 GET /storefront/battlepass/progressiontracks -> 200
#257 GET /storefront/battlepass/progressiontracks -> 200
#258 GET /storefront/battlepass/progressiontracks -> 200
#259 GET /storefront/battlepass/progressiontracks -> 200
#260 GET /storefront/battlepass/progressiontracks -> 200
#261 GET /storefront/battlepass/progressiontracks -> 200
#262 GET /storefront/battlepass/progressiontracks -> 200
#263 GET /storefront/battlepass/progressiontracks -> 200
#264 GET /storefront/battlepass/progressiontracks -> 200
#265 GET /storefront/battlepass/progressiontracks -> 200
VivoxCore: Warning: req_account_anonymous_login failed for 20127:Access Token Service Unavailable
#266 GET /storefront/battlepass/progressiontracks -> 200
#267 GET /storefront/battlepass/progressiontracks -> 200
#268 GET /storefront/battlepass/progressiontracks -> 200
#269 GET /storefront/battlepass/progressiontracks -> 200
#270 GET /storefront/battlepass/progressiontracks -> 200
#271 GET /storefront/battlepass/progressiontracks -> 200
#272 GET /storefront/battlepass/progressiontracks -> 200
#273 GET /storefront/battlepass/progressiontracks -> 200
#274 GET /storefront/battlepass/progressiontracks -> 200
#275 GET /storefront/battlepass/progressiontracks -> 200
#276 GET /storefront/battlepass/progressiontracks -> 200
#277 GET /storefront/battlepass/progressiontracks -> 200
#278 GET /storefront/battlepass/progressiontracks -> 200
#279 GET /storefront/battlepass/progressiontracks -> 200
#280 GET /storefront/battlepass/progressiontracks -> 200
#281 GET /storefront/battlepass/progressiontracks -> 200
#282 GET /storefront/battlepass/progressiontracks -> 200
#283 GET /storefront/battlepass/progressiontracks -> 200
#284 GET /storefront/battlepass/progressiontracks -> 200
#285 GET /storefront/battlepass/progressiontracks -> 200
#286 GET /storefront/battlepass/progressiontracks -> 200
#287 GET /storefront/battlepass/progressiontracks -> 200
#288 GET /storefront/battlepass/progressiontracks -> 200
#289 GET /storefront/battlepass/progressiontracks -> 200
#290 GET /storefront/battlepass/progressiontracks -> 200
#291 GET /storefront/battlepass/progressiontracks -> 200
#292 GET /storefront/battlepass/progressiontracks -> 200
#293 GET /storefront/battlepass/progressiontracks -> 200
#294 GET /storefront/battlepass/progressiontracks -> 200
#295 GET /storefront/battlepass/progressiontracks -> 200
#296 GET /storefront/battlepass/progressiontracks -> 200
#297 GET /storefront/battlepass/progressiontracks -> 200
#298 GET /storefront/battlepass/progressiontracks -> 200
#299 GET /storefront/battlepass/progressiontracks -> 200
#300 GET /storefront/battlepass/progressiontracks -> 200
#301 GET /storefront/battlepass/progressiontracks -> 200
#302 GET /storefront/battlepass/progressiontracks -> 200
#303 GET /storefront/battlepass/progressiontracks -> 200
#304 GET /storefront/battlepass/progressiontracks -> 200
#305 GET /storefront/battlepass/progressiontracks -> 200
#306 GET /storefront/battlepass/progressiontracks -> 200
#307 GET /party/players/9b9d2c887e2524f918e383a895f2f1c2/voice -> 200
#308 GET /storefront/battlepass/progressiontracks -> 200
#309 GET /storefront/battlepass/progressiontracks -> 200
#310 GET /storefront/battlepass/progressiontracks -> 200
#311 GET /storefront/battlepass/progressiontracks -> 200
#312 GET /storefront/battlepass/progressiontracks -> 200
#313 GET /storefront/battlepass/progressiontracks -> 200
#314 GET /storefront/battlepass/progressiontracks -> 200
#315 GET /storefront/battlepass/progressiontracks -> 200
#316 GET /storefront/battlepass/progressiontracks -> 200
#317 GET /storefront/battlepass/progressiontracks -> 200
#318 GET /storefront/battlepass/progressiontracks -> 200
#319 GET /storefront/battlepass/progressiontracks -> 200
VivoxCore: Warning: req_account_anonymous_login failed for 20127:Access Token Service Unavailable
#320 GET /storefront/battlepass/progressiontracks -> 200
#321 GET /storefront/battlepass/progressiontracks -> 200
#322 GET /storefront/battlepass/progressiontracks -> 200
#323 GET /storefront/battlepass/progressiontracks -> 200
#324 GET /storefront/battlepass/progressiontracks -> 200
#325 GET /storefront/battlepass/progressiontracks -> 200
#326 GET /storefront/battlepass/progressiontracks -> 200
#327 GET /storefront/battlepass/progressiontracks -> 200
#328 GET /storefront/battlepass/progressiontracks -> 200
#329 GET /storefront/battlepass/progressiontracks -> 200
#330 GET /storefront/battlepass/progressiontracks -> 200
#331 GET /storefront/battlepass/progressiontracks -> 200
#332 GET /storefront/battlepass/progressiontracks -> 200
#333 GET /storefront/battlepass/progressiontracks -> 200
#334 GET /storefront/battlepass/progressiontracks -> 200
#335 GET /storefront/battlepass/progressiontracks -> 200
#336 GET /storefront/battlepass/progressiontracks -> 200
#337 GET /storefront/battlepass/progressiontracks -> 200
#338 GET /storefront/battlepass/progressiontracks -> 200
#339 GET /storefront/battlepass/progressiontracks -> 200
#340 GET /storefront/battlepass/progressiontracks -> 200
#341 GET /storefront/battlepass/progressiontracks -> 200
#342 GET /storefront/battlepass/progressiontracks -> 200
#343 GET /storefront/battlepass/progressiontracks -> 200
#344 GET /storefront/battlepass/progressiontracks -> 200
#345 GET /storefront/battlepass/progressiontracks -> 200
#346 GET /storefront/battlepass/progressiontracks -> 200
#347 GET /storefront/battlepass/progressiontracks -> 200
#348 GET /storefront/battlepass/progressiontracks -> 200
#349 GET /storefront/battlepass/progressiontracks -> 200
#350 GET /storefront/battlepass/progressiontracks -> 200
#351 GET /storefront/battlepass/progressiontracks -> 200
#352 GET /storefront/battlepass/progressiontracks -> 200
#353 GET /storefront/battlepass/progressiontracks -> 200
#354 GET /storefront/battlepass/progressiontracks -> 200
#355 GET /storefront/battlepass/progressiontracks -> 200
#356 GET /storefront/battlepass/progressiontracks -> 200
#357 GET /storefront/battlepass/progressiontracks -> 200
#358 GET /storefront/battlepass/progressiontracks -> 200
#359 GET /storefront/battlepass/progressiontracks -> 200
#360 GET /storefront/battlepass/progressiontracks -> 200
#361 GET /storefront/battlepass/progressiontracks -> 200
#362 GET /storefront/battlepass/progressiontracks -> 200

* 17:45:09.950  WS -> /notifications/players/9b9d2c887e2524f918e383a895f2f1c2 BINARY hb (proactive 30s keepalive)
#363 GET /storefront/battlepass/progressiontracks -> 200
#364 GET /storefront/battlepass/progressiontracks -> 200
#365 GET /storefront/battlepass/progressiontracks -> 200
#366 GET /storefront/battlepass/progressiontracks -> 200
#367 GET /storefront/battlepass/progressiontracks -> 200
#368 GET /storefront/battlepass/progressiontracks -> 200
#369 GET /storefront/battlepass/progressiontracks -> 200
#370 GET /storefront/battlepass/progressiontracks -> 200
#371 GET /storefront/battlepass/progressiontracks -> 200
#372 GET /storefront/battlepass/progressiontracks -> 200
#373 GET /storefront/battlepass/progressiontracks -> 200
#374 GET /storefront/battlepass/progressiontracks -> 200
#375 GET /storefront/battlepass/progressiontracks -> 200

* 17:45:10.763  WS <- /lobby TEXT ""
#376 GET /storefront/battlepass/progressiontracks -> 200
#377 GET /storefront/battlepass/progressiontracks -> 200
#378 GET /storefront/battlepass/progressiontracks -> 200
#379 GET /storefront/battlepass/progressiontracks -> 200
#380 GET /storefront/battlepass/progressiontracks -> 200
#381 GET /storefront/battlepass/progressiontracks -> 200
#382 GET /storefront/battlepass/progressiontracks -> 200
#383 GET /storefront/battlepass/progressiontracks -> 200
#384 GET /storefront/battlepass/progressiontracks -> 200
#385 GET /storefront/battlepass/progressiontracks -> 200
#386 GET /storefront/battlepass/progressiontracks -> 200
#387 GET /storefront/battlepass/progressiontracks -> 200
#388 GET /storefront/battlepass/progressiontracks -> 200
#389 GET /storefront/battlepass/progressiontracks -> 200
#390 GET /storefront/battlepass/progressiontracks -> 200
#391 GET /storefront/battlepass/progressiontracks -> 200
#392 GET /storefront/battlepass/progressiontracks -> 200
#393 GET /storefront/battlepass/progressiontracks -> 200
#394 GET /storefront/battlepass/progressiontracks -> 200
#395 GET /storefront/battlepass/progressiontracks -> 200
#396 GET /storefront/battlepass/progressiontracks -> 200
#397 GET /storefront/battlepass/progressiontracks -> 200
#398 GET /storefront/battlepass/progressiontracks -> 200
#399 GET /storefront/battlepass/progressiontracks -> 200
#400 GET /storefront/battlepass/progressiontracks -> 200
#401 GET /storefront/battlepass/progressiontracks -> 200
#402 GET /storefront/battlepass/progressiontracks -> 200
#403 GET /storefront/battlepass/progressiontracks -> 200
#404 GET /storefront/battlepass/progressiontracks -> 200
#405 GET /storefront/battlepass/progressiontracks -> 200
#406 GET /storefront/battlepass/progressiontracks -> 200
#407 GET /storefront/battlepass/progressiontracks -> 200
#408 GET /storefront/battlepass/progressiontracks -> 200
#409 GET /storefront/battlepass/progressiontracks -> 200
#410 GET /storefront/battlepass/progressiontracks -> 200
#411 GET /storefront/battlepass/progressiontracks -> 200
#412 GET /storefront/battlepass/progressiontracks -> 200
#413 GET /storefront/battlepass/progressiontracks -> 200
#414 GET /storefront/battlepass/progressiontracks -> 200
#415 GET /storefront/battlepass/progressiontracks -> 200
#416 GET /storefront/battlepass/progressiontracks -> 200
#417 GET /storefront/battlepass/progressiontracks -> 200
#418 GET /storefront/battlepass/progressiontracks -> 200
#419 GET /storefront/battlepass/progressiontracks -> 200
#420 GET /storefront/battlepass/progressiontracks -> 200
#421 GET /storefront/battlepass/progressiontracks -> 200
#422 GET /storefront/battlepass/progressiontracks -> 200
#423 GET /storefront/battlepass/progressiontracks -> 200
#424 GET /storefront/battlepass/progressiontracks -> 200
#425 GET /storefront/battlepass/progressiontracks -> 200
#426 GET /storefront/battlepass/progressiontracks -> 200
#427 GET /storefront/battlepass/progressiontracks -> 200
#428 GET /storefront/battlepass/progressiontracks -> 200
#429 GET /storefront/battlepass/progressiontracks -> 200
#430 GET /storefront/battlepass/progressiontracks -> 200
#431 GET /storefront/battlepass/progressiontracks -> 200
#432 GET /storefront/battlepass/progressiontracks -> 200
#433 GET /storefront/battlepass/progressiontracks -> 200
#434 GET /storefront/battlepass/progressiontracks -> 200
#435 GET /storefront/battlepass/progressiontracks -> 200
#436 GET /storefront/battlepass/progressiontracks -> 200
#437 GET /storefront/battlepass/progressiontracks -> 200
#438 GET /storefront/battlepass/progressiontracks -> 200
#439 GET /storefront/battlepass/progressiontracks -> 200
#440 GET /storefront/battlepass/progressiontracks -> 200
#441 GET /storefront/battlepass/progressiontracks -> 200
#442 GET /storefront/battlepass/progressiontracks -> 200
#443 GET /storefront/battlepass/progressiontracks -> 200
#444 GET /storefront/battlepass/progressiontracks -> 200
#445 GET /storefront/battlepass/progressiontracks -> 200
#446 GET /storefront/battlepass/progressiontracks -> 200
#447 GET /storefront/battlepass/progressiontracks -> 200
#448 GET /storefront/battlepass/progressiontracks -> 200
#449 GET /storefront/battlepass/progressiontracks -> 200
#450 GET /configuration/client -> 200
#451 GET /storefront/battlepass/progressiontracks -> 200
#452 GET /content-service/manifest/release2.4.live-156430-shipping -> 200
#454 GET /storefront/battlepass/progressiontracks -> 200
#453 GET /party/matchmaking/info -> 200
#455 GET /storefront/battlepass/progressiontracks -> 200
#456 GET /storefront/battlepass/progressiontracks -> 200
#457 GET /storefront/battlepass/progressiontracks -> 200
#458 GET /storefront/battlepass/progressiontracks -> 200
#459 GET /storefront/battlepass/progressiontracks -> 200
#460 GET /storefront/battlepass/progressiontracks -> 200
#461 GET /storefront/battlepass/progressiontracks -> 200
#462 GET /storefront/battlepass/progressiontracks -> 200
#463 GET /storefront/battlepass/progressiontracks -> 200
#464 GET /storefront/battlepass/progressiontracks -> 200
#465 GET /storefront/battlepass/progressiontracks -> 200
#466 GET /storefront/battlepass/progressiontracks -> 200
#467 GET /storefront/battlepass/progressiontracks -> 200
#468 GET /storefront/battlepass/progressiontracks -> 200
#469 GET /storefront/battlepass/progressiontracks -> 200
#470 GET /storefront/battlepass/progressiontracks -> 200
#471 GET /storefront/battlepass/progressiontracks -> 200
#472 GET /storefront/battlepass/progressiontracks -> 200
#473 POST /party/parties/party-9b9d2c887e2524f918e383a895f2f1c2/members/9b9d2c887e2524f918e383a895f2f1c2/latencies -> 200
#474 GET /storefront/battlepass/progressiontracks -> 200
#475 GET /storefront/battlepass/progressiontracks -> 200
#476 GET /storefront/battlepass/progressiontracks -> 200
#477 GET /storefront/battlepass/progressiontracks -> 200
#478 GET /storefront/battlepass/progressiontracks -> 200
#479 GET /storefront/battlepass/progressiontracks -> 200
#480 GET /storefront/battlepass/progressiontracks -> 200
#481 GET /storefront/battlepass/progressiontracks -> 200
#482 GET /storefront/battlepass/progressiontracks -> 200
#483 GET /storefront/battlepass/progressiontracks -> 200
#484 GET /storefront/battlepass/progressiontracks -> 200
#485 GET /storefront/battlepass/progressiontracks -> 200
#486 GET /storefront/battlepass/progressiontracks -> 200
#487 GET /storefront/battlepass/progressiontracks -> 200
#488 GET /storefront/battlepass/progressiontracks -> 200
#489 GET /storefront/battlepass/progressiontracks -> 200
#490 GET /storefront/battlepass/progressiontracks -> 200
#491 GET /storefront/battlepass/progressiontracks -> 200
#492 GET /storefront/battlepass/progressiontracks -> 200
#493 GET /storefront/battlepass/progressiontracks -> 200
#494 GET /storefront/battlepass/progressiontracks -> 200
#495 GET /storefront/battlepass/progressiontracks -> 200
#496 GET /storefront/battlepass/progressiontracks -> 200
#497 GET /storefront/battlepass/progressiontracks -> 200
#498 GET /storefront/battlepass/progressiontracks -> 200
#499 GET /storefront/battlepass/progressiontracks -> 200
#500 GET /storefront/battlepass/progressiontracks -> 200
#501 GET /storefront/battlepass/progressiontracks -> 200
#502 GET /storefront/battlepass/progressiontracks -> 200
#503 GET /storefront/battlepass/progressiontracks -> 200
#504 GET /storefront/battlepass/progressiontracks -> 200
#505 GET /storefront/battlepass/progressiontracks -> 200
#506 GET /storefront/battlepass/progressiontracks -> 200
#507 GET /storefront/battlepass/progressiontracks -> 200
#508 GET /storefront/battlepass/progressiontracks -> 200
#509 GET /storefront/battlepass/progressiontracks -> 200
#510 GET /storefront/battlepass/progressiontracks -> 200
#511 GET /storefront/battlepass/progressiontracks -> 200
#512 GET /storefront/battlepass/progressiontracks -> 200
#513 GET /storefront/battlepass/progressiontracks -> 200
#514 GET /storefront/battlepass/progressiontracks -> 200
#515 GET /storefront/battlepass/progressiontracks -> 200
#516 GET /storefront/battlepass/progressiontracks -> 200
#517 GET /storefront/battlepass/progressiontracks -> 200
#518 GET /storefront/battlepass/progressiontracks -> 200
#519 GET /storefront/battlepass/progressiontracks -> 200
#520 GET /storefront/battlepass/progressiontracks -> 200
#521 GET /storefront/battlepass/progressiontracks -> 200
#522 GET /storefront/battlepass/progressiontracks -> 200
#523 GET /storefront/battlepass/progressiontracks -> 200
#524 GET /storefront/battlepass/progressiontracks -> 200
#525 GET /storefront/battlepass/progressiontracks -> 200
#526 GET /storefront/battlepass/progressiontracks -> 200
#527 GET /storefront/battlepass/progressiontracks -> 200
#528 GET /storefront/battlepass/progressiontracks -> 200
#529 GET /storefront/battlepass/progressiontracks -> 200
#530 GET /storefront/battlepass/progressiontracks -> 200
#531 GET /storefront/battlepass/progressiontracks -> 200
#532 GET /storefront/battlepass/progressiontracks -> 200
#533 GET /storefront/battlepass/progressiontracks -> 200
#534 GET /storefront/battlepass/progressiontracks -> 200
#535 GET /storefront/battlepass/progressiontracks -> 200
#536 GET /storefront/battlepass/progressiontracks -> 200
#537 GET /storefront/battlepass/progressiontracks -> 200
#538 GET /storefront/battlepass/progressiontracks -> 200
#539 GET /storefront/battlepass/progressiontracks -> 200
#540 GET /storefront/battlepass/progressiontracks -> 200
#541 GET /storefront/battlepass/progressiontracks -> 200
#542 GET /storefront/battlepass/progressiontracks -> 200
#543 GET /storefront/battlepass/progressiontracks -> 200
#544 GET /storefront/battlepass/progressiontracks -> 200
#545 GET /storefront/battlepass/progressiontracks -> 200
#546 GET /storefront/battlepass/progressiontracks -> 200
#547 GET /party/players/9b9d2c887e2524f918e383a895f2f1c2/voice -> 200
#548 GET /storefront/battlepass/progressiontracks -> 200
#549 GET /storefront/battlepass/progressiontracks -> 200
#550 GET /storefront/battlepass/progressiontracks -> 200
#551 GET /storefront/battlepass/progressiontracks -> 200
#552 GET /storefront/battlepass/progressiontracks -> 200
#553 GET /storefront/battlepass/progressiontracks -> 200
#554 GET /storefront/battlepass/progressiontracks -> 200
#555 GET /storefront/battlepass/progressiontracks -> 200
#556 GET /storefront/battlepass/progressiontracks -> 200
#557 GET /storefront/battlepass/progressiontracks -> 200
#558 GET /storefront/battlepass/progressiontracks -> 200
#559 GET /storefront/battlepass/progressiontracks -> 200
#560 GET /storefront/battlepass/progressiontracks -> 200
#561 GET /storefront/battlepass/progressiontracks -> 200
VivoxCore: Warning: req_account_anonymous_login failed for 20127:Access Token Service Unavailable
#562 GET /storefront/battlepass/progressiontracks -> 200
#563 GET /storefront/battlepass/progressiontracks -> 200
#564 GET /storefront/battlepass/progressiontracks -> 200
#565 GET /storefront/battlepass/progressiontracks -> 200
#566 GET /storefront/battlepass/progressiontracks -> 200
#567 GET /storefront/battlepass/progressiontracks -> 200
#568 GET /storefront/battlepass/progressiontracks -> 200
#569 GET /storefront/battlepass/progressiontracks -> 200
#570 GET /storefront/battlepass/progressiontracks -> 200
#571 GET /storefront/battlepass/progressiontracks -> 200
#572 GET /storefront/battlepass/progressiontracks -> 200
#573 GET /storefront/battlepass/progressiontracks -> 200
#574 GET /storefront/battlepass/progressiontracks -> 200
#575 GET /storefront/battlepass/progressiontracks -> 200
#576 GET /storefront/battlepass/progressiontracks -> 200
#577 GET /storefront/battlepass/progressiontracks -> 200
#578 GET /storefront/battlepass/progressiontracks -> 200
#579 GET /storefront/battlepass/progressiontracks -> 200
#580 GET /storefront/battlepass/progressiontracks -> 200
#581 GET /storefront/battlepass/progressiontracks -> 200
#582 GET /storefront/battlepass/progressiontracks -> 200
#583 GET /storefront/battlepass/progressiontracks -> 200
#584 GET /storefront/battlepass/progressiontracks -> 200
#585 GET /storefront/battlepass/progressiontracks -> 200
#586 GET /storefront/battlepass/progressiontracks -> 200
#587 GET /storefront/battlepass/progressiontracks -> 200
#588 GET /storefront/battlepass/progressiontracks -> 200
#589 GET /storefront/battlepass/progressiontracks -> 200
#590 GET /storefront/battlepass/progressiontracks -> 200
#591 GET /storefront/battlepass/progressiontracks -> 200
#592 GET /storefront/battlepass/progressiontracks -> 200
#593 GET /storefront/battlepass/progressiontracks -> 200
#594 GET /storefront/battlepass/progressiontracks -> 200
#595 GET /storefront/battlepass/progressiontracks -> 200
#596 GET /storefront/battlepass/progressiontracks -> 200
#597 GET /storefront/battlepass/progressiontracks -> 200
#598 GET /storefront/battlepass/progressiontracks -> 200
#599 GET /storefront/battlepass/progressiontracks -> 200
#600 GET /storefront/battlepass/progressiontracks -> 200
#601 GET /storefront/battlepass/progressiontracks -> 200
#602 GET /storefront/battlepass/progressiontracks -> 200
#603 GET /storefront/battlepass/progressiontracks -> 200
#604 GET /storefront/battlepass/progressiontracks -> 200
#605 GET /storefront/battlepass/progressiontracks -> 200
#606 GET /storefront/battlepass/progressiontracks -> 200
#607 GET /storefront/battlepass/progressiontracks -> 200
#608 GET /storefront/battlepass/progressiontracks -> 200
#609 GET /storefront/battlepass/progressiontracks -> 200
#610 GET /storefront/battlepass/progressiontracks -> 200
#611 GET /storefront/battlepass/progressiontracks -> 200
#612 GET /storefront/battlepass/progressiontracks -> 200
#613 GET /storefront/battlepass/progressiontracks -> 200
#614 GET /storefront/battlepass/progressiontracks -> 200
#615 GET /storefront/battlepass/progressiontracks -> 200
#616 GET /storefront/battlepass/progressiontracks -> 200
#617 GET /storefront/battlepass/progressiontracks -> 200
#618 GET /storefront/battlepass/progressiontracks -> 200
#619 GET /storefront/battlepass/progressiontracks -> 200
#620 GET /storefront/battlepass/progressiontracks -> 200
#621 GET /storefront/battlepass/progressiontracks -> 200
#622 GET /storefront/battlepass/progressiontracks -> 200
#623 GET /storefront/battlepass/progressiontracks -> 200
#624 GET /storefront/battlepass/progressiontracks -> 200
#625 GET /storefront/battlepass/progressiontracks -> 200
#626 GET /storefront/battlepass/progressiontracks -> 200
#627 GET /storefront/battlepass/progressiontracks -> 200
#628 GET /storefront/battlepass/progressiontracks -> 200
#629 GET /storefront/battlepass/progressiontracks -> 200
#630 GET /storefront/battlepass/progressiontracks -> 200
#631 GET /storefront/battlepass/progressiontracks -> 200
#632 GET /storefront/battlepass/progressiontracks -> 200
#633 GET /storefront/battlepass/progressiontracks -> 200
#634 GET /storefront/battlepass/progressiontracks -> 200
#635 GET /storefront/battlepass/progressiontracks -> 200
#636 GET /storefront/battlepass/progressiontracks -> 200
#637 GET /storefront/battlepass/progressiontracks -> 200
#638 GET /storefront/battlepass/progressiontracks -> 200
#639 GET /storefront/battlepass/progressiontracks -> 200
#640 GET /storefront/battlepass/progressiontracks -> 200
#641 GET /storefront/battlepass/progressiontracks -> 200
#642 GET /storefront/battlepass/progressiontracks -> 200
#643 GET /storefront/battlepass/progressiontracks -> 200
#644 GET /storefront/battlepass/progressiontracks -> 200
#645 GET /storefront/battlepass/progressiontracks -> 200
#646 GET /storefront/battlepass/progressiontracks -> 200
#647 GET /storefront/battlepass/progressiontracks -> 200
#648 GET /storefront/battlepass/progressiontracks -> 200
#649 GET /storefront/battlepass/progressiontracks -> 200
#650 GET /storefront/battlepass/progressiontracks -> 200
#651 GET /storefront/battlepass/progressiontracks -> 200
#652 GET /storefront/battlepass/progressiontracks -> 200
#653 GET /storefront/battlepass/progressiontracks -> 200
#654 GET /storefront/battlepass/progressiontracks -> 200
#655 GET /storefront/battlepass/progressiontracks -> 200
#656 GET /storefront/battlepass/progressiontracks -> 200
#657 GET /storefront/battlepass/progressiontracks -> 200
#658 GET /storefront/battlepass/progressiontracks -> 200
#659 GET /storefront/battlepass/progressiontracks -> 200
#660 GET /storefront/battlepass/progressiontracks -> 200
#661 GET /storefront/battlepass/progressiontracks -> 200
#662 GET /storefront/battlepass/progressiontracks -> 200
#663 GET /storefront/battlepass/progressiontracks -> 200
#664 GET /storefront/battlepass/progressiontracks -> 200
#665 GET /storefront/battlepass/progressiontracks -> 200
#666 GET /storefront/battlepass/progressiontracks -> 200
#667 GET /storefront/battlepass/progressiontracks -> 200
#668 GET /storefront/battlepass/progressiontracks -> 200
#669 GET /storefront/battlepass/progressiontracks -> 200
#670 GET /storefront/battlepass/progressiontracks -> 200
#671 GET /storefront/battlepass/progressiontracks -> 200
#672 GET /storefront/battlepass/progressiontracks -> 200
#673 GET /storefront/battlepass/progressiontracks -> 200
#674 GET /storefront/battlepass/progressiontracks -> 200
#675 GET /storefront/battlepass/progressiontracks -> 200
#676 GET /storefront/battlepass/progressiontracks -> 200
#677 GET /storefront/battlepass/progressiontracks -> 200
#678 GET /storefront/battlepass/progressiontracks -> 200
#679 GET /storefront/battlepass/progressiontracks -> 200
#680 GET /storefront/battlepass/progressiontracks -> 200
#681 GET /storefront/battlepass/progressiontracks -> 200
#682 GET /storefront/battlepass/progressiontracks -> 200
#683 GET /storefront/battlepass/progressiontracks -> 200
#684 GET /storefront/battlepass/progressiontracks -> 200
#685 GET /storefront/battlepass/progressiontracks -> 200
#686 GET /storefront/battlepass/progressiontracks -> 200
#687 GET /storefront/battlepass/progressiontracks -> 200
#688 GET /storefront/battlepass/progressiontracks -> 200
#689 GET /storefront/battlepass/progressiontracks -> 200
#690 GET /storefront/battlepass/progressiontracks -> 200
#691 GET /storefront/battlepass/progressiontracks -> 200
#692 GET /storefront/battlepass/progressiontracks -> 200
#693 GET /storefront/battlepass/progressiontracks -> 200
#694 GET /storefront/battlepass/progressiontracks -> 200
#695 GET /storefront/battlepass/progressiontracks -> 200
#696 GET /storefront/battlepass/progressiontracks -> 200
#697 GET /storefront/battlepass/progressiontracks -> 200
#698 GET /storefront/battlepass/progressiontracks -> 200
#699 GET /storefront/battlepass/progressiontracks -> 200
#700 GET /storefront/battlepass/progressiontracks -> 200
#701 GET /storefront/battlepass/progressiontracks -> 200
#702 GET /storefront/battlepass/progressiontracks -> 200
#703 GET /storefront/battlepass/progressiontracks -> 200
#704 GET /storefront/battlepass/progressiontracks -> 200
#705 GET /storefront/battlepass/progressiontracks -> 200
#706 GET /storefront/battlepass/progressiontracks -> 200
#707 GET /storefront/battlepass/progressiontracks -> 200
#708 GET /storefront/battlepass/progressiontracks -> 200
#709 GET /storefront/battlepass/progressiontracks -> 200
#710 GET /storefront/battlepass/progressiontracks -> 200
#711 GET /storefront/battlepass/progressiontracks -> 200
#712 GET /storefront/battlepass/progressiontracks -> 200
#713 GET /storefront/battlepass/progressiontracks -> 200
#714 GET /storefront/battlepass/progressiontracks -> 200
#715 GET /storefront/battlepass/progressiontracks -> 200
#716 GET /storefront/battlepass/progressiontracks -> 200
#717 GET /storefront/battlepass/progressiontracks -> 200
#718 GET /storefront/battlepass/progressiontracks -> 200
#719 GET /storefront/battlepass/progressiontracks -> 200
#720 GET /storefront/battlepass/progressiontracks -> 200
#721 GET /storefront/battlepass/progressiontracks -> 200
#722 GET /storefront/battlepass/progressiontracks -> 200
#723 GET /storefront/battlepass/progressiontracks -> 200
#724 GET /storefront/battlepass/progressiontracks -> 200
#725 GET /storefront/battlepass/progressiontracks -> 200
#726 GET /storefront/battlepass/progressiontracks -> 200
#727 GET /storefront/battlepass/progressiontracks -> 200
#728 GET /storefront/battlepass/progressiontracks -> 200
#729 GET /storefront/battlepass/progressiontracks -> 200
#730 GET /storefront/battlepass/progressiontracks -> 200
#731 GET /storefront/battlepass/progressiontracks -> 200
#732 GET /storefront/battlepass/progressiontracks -> 200
#733 GET /storefront/battlepass/progressiontracks -> 200
#734 GET /storefront/battlepass/progressiontracks -> 200
#735 GET /storefront/battlepass/progressiontracks -> 200
#736 GET /storefront/battlepass/progressiontracks -> 200
#737 GET /storefront/battlepass/progressiontracks -> 200
#738 GET /storefront/battlepass/progressiontracks -> 200
#739 GET /storefront/battlepass/progressiontracks -> 200
#740 GET /storefront/battlepass/progressiontracks -> 200
#741 GET /storefront/battlepass/progressiontracks -> 200
#742 GET /storefront/battlepass/progressiontracks -> 200
#743 GET /storefront/battlepass/progressiontracks -> 200
#744 GET /storefront/battlepass/progressiontracks -> 200
#745 GET /storefront/battlepass/progressiontracks -> 200
#746 GET /storefront/battlepass/progressiontracks -> 200
#747 GET /storefront/battlepass/progressiontracks -> 200
#748 GET /storefront/battlepass/progressiontracks -> 200
#749 GET /storefront/battlepass/progressiontracks -> 200
#750 GET /storefront/battlepass/progressiontracks -> 200
#751 GET /storefront/battlepass/progressiontracks -> 200
#752 GET /storefront/battlepass/progressiontracks -> 200
#753 GET /storefront/battlepass/progressiontracks -> 200
#754 GET /storefront/battlepass/progressiontracks -> 200
#755 GET /storefront/battlepass/progressiontracks -> 200
#756 GET /storefront/battlepass/progressiontracks -> 200
#757 GET /storefront/battlepass/progressiontracks -> 200
#758 GET /storefront/battlepass/progressiontracks -> 200
#759 GET /storefront/battlepass/progressiontracks -> 200
#760 GET /storefront/battlepass/progressiontracks -> 200
#761 GET /storefront/battlepass/progressiontracks -> 200
#762 GET /storefront/battlepass/progressiontracks -> 200
#763 GET /storefront/battlepass/progressiontracks -> 200
#764 GET /storefront/battlepass/progressiontracks -> 200
#765 GET /storefront/battlepass/progressiontracks -> 200
#766 GET /storefront/battlepass/progressiontracks -> 200
#767 GET /storefront/battlepass/progressiontracks -> 200
#768 GET /storefront/battlepass/progressiontracks -> 200
#769 GET /storefront/battlepass/progressiontracks -> 200
#770 GET /storefront/battlepass/progressiontracks -> 200
#771 GET /storefront/battlepass/progressiontracks -> 200
#772 POST /game-telemetry/v1/protected/events -> 200
#773 GET /storefront/battlepass/progressiontracks -> 200
#774 GET /party/players/9b9d2c887e2524f918e383a895f2f1c2/voice -> 200
#775 GET /storefront/battlepass/progressiontracks -> 200
#776 GET /storefront/battlepass/progressiontracks -> 200
#777 GET /storefront/battlepass/progressiontracks -> 200
#778 GET /storefront/battlepass/progressiontracks -> 200
#779 GET /storefront/battlepass/progressiontracks -> 200
#780 GET /storefront/battlepass/progressiontracks -> 200
#781 GET /storefront/battlepass/progressiontracks -> 200
#782 GET /storefront/battlepass/progressiontracks -> 200
#783 GET /storefront/battlepass/progressiontracks -> 200
#784 GET /storefront/battlepass/progressiontracks -> 200
#785 GET /storefront/battlepass/progressiontracks -> 200
#786 GET /storefront/battlepass/progressiontracks -> 200
#787 GET /storefront/battlepass/progressiontracks -> 200
#788 GET /storefront/battlepass/progressiontracks -> 200
#789 GET /storefront/battlepass/progressiontracks -> 200
#790 GET /storefront/battlepass/progressiontracks -> 200
#791 GET /storefront/battlepass/progressiontracks -> 200
#792 GET /storefront/battlepass/progressiontracks -> 200
#793 GET /storefront/battlepass/progressiontracks -> 200
#794 GET /storefront/battlepass/progressiontracks -> 200
#795 GET /storefront/battlepass/progressiontracks -> 200
#796 GET /storefront/battlepass/progressiontracks -> 200
#797 GET /storefront/battlepass/progressiontracks -> 200
#798 GET /storefront/battlepass/progressiontracks -> 200
#799 GET /storefront/battlepass/progressiontracks -> 200
#800 GET /storefront/battlepass/progressiontracks -> 200
#801 GET /storefront/battlepass/progressiontracks -> 200
#802 GET /storefront/battlepass/progressiontracks -> 200
#803 GET /storefront/battlepass/progressiontracks -> 200
LogStreaming: Display: 0.907 ms for processing 13383 objects in RemoveUnreachableObjects(Queued=0, Async=0). Removed 1456 (12388->10932) packages and 6935 (49929->42994) public exports.
#804 GET /storefront/battlepass/progressiontracks -> 200
#805 GET /storefront/battlepass/progressiontracks -> 200
#806 GET /storefront/battlepass/progressiontracks -> 200
#807 GET /storefront/battlepass/progressiontracks -> 200
#808 GET /storefront/battlepass/progressiontracks -> 200
#809 GET /storefront/battlepass/progressiontracks -> 200
#810 GET /storefront/battlepass/progressiontracks -> 200
#811 GET /storefront/battlepass/progressiontracks -> 200
#812 GET /storefront/battlepass/progressiontracks -> 200
#813 GET /storefront/battlepass/progressiontracks -> 200
#814 GET /storefront/battlepass/progressiontracks -> 200
#815 GET /storefront/battlepass/progressiontracks -> 200
#816 GET /storefront/battlepass/progressiontracks -> 200

* 17:45:39.981  WS -> /notifications/players/9b9d2c887e2524f918e383a895f2f1c2 BINARY hb (proactive 30s keepalive)
#817 GET /storefront/battlepass/progressiontracks -> 200
#818 GET /storefront/battlepass/progressiontracks -> 200
#819 GET /storefront/battlepass/progressiontracks -> 200
#820 GET /storefront/battlepass/progressiontracks -> 200
#821 GET /storefront/battlepass/progressiontracks -> 200
#822 GET /storefront/battlepass/progressiontracks -> 200
#823 GET /storefront/battlepass/progressiontracks -> 200
#824 GET /storefront/battlepass/progressiontracks -> 200
#825 GET /storefront/battlepass/progressiontracks -> 200
#826 GET /storefront/battlepass/progressiontracks -> 200
#827 GET /storefront/battlepass/progressiontracks -> 200
#828 GET /storefront/battlepass/progressiontracks -> 200

* 17:45:40.809  WS <- /lobby TEXT ""
#829 GET /storefront/battlepass/progressiontracks -> 200

* 17:45:40.909  WS <- /notifications/players/9b9d2c887e2524f918e383a895f2f1c2 BINARY (2 bytes) 6862
#830 GET /storefront/battlepass/progressiontracks -> 200

* 17:45:40.944  WS -> /notifications/players/9b9d2c887e2524f918e383a895f2f1c2 TEXT hb reply {"Resource":"hb","Version":0,"Payload":""}
#831 GET /storefront/battlepass/progressiontracks -> 200
#832 GET /storefront/battlepass/progressiontracks -> 200
#833 GET /storefront/battlepass/progressiontracks -> 200
#834 GET /storefront/battlepass/progressiontracks -> 200
#835 GET /storefront/battlepass/progressiontracks -> 200
#836 GET /storefront/battlepass/progressiontracks -> 200
#837 GET /storefront/battlepass/progressiontracks -> 200
#838 GET /storefront/battlepass/progressiontracks -> 200
#839 GET /storefront/battlepass/progressiontracks -> 200
#840 GET /storefront/battlepass/progressiontracks -> 200
#841 GET /storefront/battlepass/progressiontracks -> 200
#842 GET /storefront/battlepass/progressiontracks -> 200
#843 GET /storefront/battlepass/progressiontracks -> 200
#844 GET /storefront/battlepass/progressiontracks -> 200
#845 GET /storefront/battlepass/progressiontracks -> 200
#846 GET /storefront/battlepass/progressiontracks -> 200
#847 GET /storefront/battlepass/progressiontracks -> 200
#848 GET /storefront/battlepass/progressiontracks -> 200
#849 GET /storefront/battlepass/progressiontracks -> 200
#850 GET /storefront/battlepass/progressiontracks -> 200
#851 GET /storefront/battlepass/progressiontracks -> 200
#852 GET /storefront/battlepass/progressiontracks -> 200
#853 GET /storefront/battlepass/progressiontracks -> 200
#854 GET /storefront/battlepass/progressiontracks -> 200
#855 GET /storefront/battlepass/progressiontracks -> 200
#856 GET /storefront/battlepass/progressiontracks -> 200
#857 GET /storefront/battlepass/progressiontracks -> 200
#858 GET /storefront/battlepass/progressiontracks -> 200
#859 GET /storefront/battlepass/progressiontracks -> 200
#860 GET /storefront/battlepass/progressiontracks -> 200
#861 GET /storefront/battlepass/progressiontracks -> 200
#862 GET /storefront/battlepass/progressiontracks -> 200
#863 GET /storefront/battlepass/progressiontracks -> 200
#864 GET /storefront/battlepass/progressiontracks -> 200
#865 GET /storefront/battlepass/progressiontracks -> 200
#866 GET /storefront/battlepass/progressiontracks -> 200
#867 GET /storefront/battlepass/progressiontracks -> 200
#868 GET /storefront/battlepass/progressiontracks -> 200
#869 GET /storefront/battlepass/progressiontracks -> 200
#870 GET /storefront/battlepass/progressiontracks -> 200
#871 GET /storefront/battlepass/progressiontracks -> 200
#872 GET /storefront/battlepass/progressiontracks -> 200
#873 GET /storefront/battlepass/progressiontracks -> 200
#874 GET /storefront/battlepass/progressiontracks -> 200
#875 GET /storefront/battlepass/progressiontracks -> 200
#876 GET /storefront/battlepass/progressiontracks -> 200
#877 GET /storefront/battlepass/progressiontracks -> 200
#878 GET /storefront/battlepass/progressiontracks -> 200
#879 GET /storefront/battlepass/progressiontracks -> 200
#880 GET /storefront/battlepass/progressiontracks -> 200
#881 GET /storefront/battlepass/progressiontracks -> 200
#882 GET /storefront/battlepass/progressiontracks -> 200
#883 GET /storefront/battlepass/progressiontracks -> 200
#884 GET /storefront/battlepass/progressiontracks -> 200
#885 GET /storefront/battlepass/progressiontracks -> 200
#886 GET /storefront/battlepass/progressiontracks -> 200
#887 GET /storefront/battlepass/progressiontracks -> 200
#888 GET /storefront/battlepass/progressiontracks -> 200
#889 GET /storefront/battlepass/progressiontracks -> 200
#890 GET /storefront/battlepass/progressiontracks -> 200
#891 GET /storefront/battlepass/progressiontracks -> 200
#892 GET /storefront/battlepass/progressiontracks -> 200
#893 GET /storefront/battlepass/progressiontracks -> 200
#894 GET /configuration/client -> 200
#895 GET /storefront/battlepass/progressiontracks -> 200
#896 GET /content-service/manifest/release2.4.live-156430-shipping -> 200
#898 GET /party/matchmaking/info -> 200
#897 GET /storefront/battlepass/progressiontracks -> 200
#899 GET /core-game/regions -> 200
#900 GET /storefront/battlepass/progressiontracks -> 200
#901 GET /storefront/battlepass/progressiontracks -> 200
#902 GET /storefront/battlepass/progressiontracks -> 200
#903 GET /storefront/battlepass/progressiontracks -> 200
#904 GET /storefront/battlepass/progressiontracks -> 200
#905 GET /storefront/battlepass/progressiontracks -> 200
#906 GET /storefront/battlepass/progressiontracks -> 200
#907 GET /storefront/battlepass/progressiontracks -> 200
#908 GET /storefront/battlepass/progressiontracks -> 200
#909 GET /storefront/battlepass/progressiontracks -> 200
#910 GET /storefront/battlepass/progressiontracks -> 200
#911 GET /storefront/battlepass/progressiontracks -> 200
#912 GET /storefront/battlepass/progressiontracks -> 200
#913 GET /storefront/battlepass/progressiontracks -> 200
#914 GET /storefront/battlepass/progressiontracks -> 200
#915 GET /storefront/battlepass/progressiontracks -> 200
#916 GET /storefront/battlepass/progressiontracks -> 200
#917 GET /storefront/battlepass/progressiontracks -> 200
#918 GET /storefront/battlepass/progressiontracks -> 200
#919 POST /party/parties/party-9b9d2c887e2524f918e383a895f2f1c2/members/9b9d2c887e2524f918e383a895f2f1c2/latencies -> 200
#920 GET /storefront/battlepass/progressiontracks -> 200
#921 GET /storefront/battlepass/progressiontracks -> 200
#922 GET /storefront/battlepass/progressiontracks -> 200
#923 GET /storefront/battlepass/progressiontracks -> 200
#924 GET /storefront/battlepass/progressiontracks -> 200
#925 GET /storefront/battlepass/progressiontracks -> 200
#926 GET /storefront/battlepass/progressiontracks -> 200
#927 GET /storefront/battlepass/progressiontracks -> 200
#928 GET /storefront/battlepass/progressiontracks -> 200
#929 GET /storefront/battlepass/progressiontracks -> 200
#930 GET /storefront/battlepass/progressiontracks -> 200
#931 GET /storefront/battlepass/progressiontracks -> 200
#932 GET /storefront/battlepass/progressiontracks -> 200
#933 GET /storefront/battlepass/progressiontracks -> 200
#934 GET /storefront/battlepass/progressiontracks -> 200
#935 GET /storefront/battlepass/progressiontracks -> 200
#936 GET /storefront/battlepass/progressiontracks -> 200
#937 GET /storefront/battlepass/progressiontracks -> 200
#938 GET /storefront/battlepass/progressiontracks -> 200
#939 GET /storefront/battlepass/progressiontracks -> 200
#940 GET /storefront/battlepass/progressiontracks -> 200
#941 GET /storefront/battlepass/progressiontracks -> 200
#942 GET /storefront/battlepass/progressiontracks -> 200
#943 GET /storefront/battlepass/progressiontracks -> 200
#944 GET /storefront/battlepass/progressiontracks -> 200
#945 GET /storefront/battlepass/progressiontracks -> 200
#946 GET /storefront/battlepass/progressiontracks -> 200
#947 GET /storefront/battlepass/progressiontracks -> 200
#948 GET /storefront/battlepass/progressiontracks -> 200
#949 GET /storefront/battlepass/progressiontracks -> 200
#950 GET /storefront/battlepass/progressiontracks -> 200
#951 GET /storefront/battlepass/progressiontracks -> 200
#952 GET /storefront/battlepass/progressiontracks -> 200
#953 GET /storefront/battlepass/progressiontracks -> 200
#954 GET /storefront/battlepass/progressiontracks -> 200
#955 GET /storefront/battlepass/progressiontracks -> 200
#956 GET /storefront/battlepass/progressiontracks -> 200
#957 GET /storefront/battlepass/progressiontracks -> 200
#958 GET /storefront/battlepass/progressiontracks -> 200
#959 GET /storefront/battlepass/progressiontracks -> 200
#960 GET /storefront/battlepass/progressiontracks -> 200
#961 GET /storefront/battlepass/progressiontracks -> 200
#962 GET /storefront/battlepass/progressiontracks -> 200
#963 GET /storefront/battlepass/progressiontracks -> 200
#964 GET /storefront/battlepass/progressiontracks -> 200
#965 GET /storefront/battlepass/progressiontracks -> 200
#966 GET /storefront/battlepass/progressiontracks -> 200
#967 GET /storefront/battlepass/progressiontracks -> 200
#968 GET /storefront/battlepass/progressiontracks -> 200
#969 GET /storefront/battlepass/progressiontracks -> 200
#970 GET /storefront/battlepass/progressiontracks -> 200
#971 GET /storefront/battlepass/progressiontracks -> 200
#972 GET /storefront/battlepass/progressiontracks -> 200
#973 GET /storefront/battlepass/progressiontracks -> 200
#974 GET /storefront/battlepass/progressiontracks -> 200
#975 GET /storefront/battlepass/progressiontracks -> 200
#976 GET /storefront/battlepass/progressiontracks -> 200
#977 GET /storefront/battlepass/progressiontracks -> 200
#978 GET /storefront/battlepass/progressiontracks -> 200
#979 GET /storefront/battlepass/progressiontracks -> 200
#980 GET /storefront/battlepass/progressiontracks -> 200
#981 GET /storefront/battlepass/progressiontracks -> 200
#982 GET /storefront/battlepass/progressiontracks -> 200
#983 GET /storefront/battlepass/progressiontracks -> 200
#984 GET /storefront/battlepass/progressiontracks -> 200
#985 GET /storefront/battlepass/progressiontracks -> 200
#986 GET /storefront/battlepass/progressiontracks -> 200
#987 GET /storefront/battlepass/progressiontracks -> 200
#988 GET /storefront/battlepass/progressiontracks -> 200
#989 GET /storefront/battlepass/progressiontracks -> 200
#990 GET /storefront/battlepass/progressiontracks -> 200
#991 GET /storefront/battlepass/progressiontracks -> 200
#992 GET /storefront/battlepass/progressiontracks -> 200
#993 GET /storefront/battlepass/progressiontracks -> 200
#994 GET /storefront/battlepass/progressiontracks -> 200
#995 GET /storefront/battlepass/progressiontracks -> 200
#996 GET /storefront/battlepass/progressiontracks -> 200
#997 GET /storefront/battlepass/progressiontracks -> 200
#998 GET /storefront/battlepass/progressiontracks -> 200
#999 GET /storefront/battlepass/progressiontracks -> 200
#1000 GET /storefront/battlepass/progressiontracks -> 200
#1001 GET /storefront/battlepass/progressiontracks -> 200
#1002 GET /storefront/battlepass/progressiontracks -> 200
#1003 GET /storefront/battlepass/progressiontracks -> 200
#1004 GET /storefront/battlepass/progressiontracks -> 200
#1005 GET /storefront/battlepass/progressiontracks -> 200
#1006 GET /storefront/battlepass/progressiontracks -> 200
#1007 GET /storefront/battlepass/progressiontracks -> 200
#1008 GET /storefront/battlepass/progressiontracks -> 200
#1009 GET /storefront/battlepass/progressiontracks -> 200
#1010 GET /storefront/battlepass/progressiontracks -> 200
#1011 GET /storefront/battlepass/progressiontracks -> 200
#1012 GET /storefront/battlepass/progressiontracks -> 200
#1013 GET /storefront/battlepass/progressiontracks -> 200
#1014 GET /storefront/battlepass/progressiontracks -> 200
#1015 GET /storefront/battlepass/progressiontracks -> 200
#1016 GET /storefront/battlepass/progressiontracks -> 200
#1017 GET /storefront/battlepass/progressiontracks -> 200
#1018 GET /storefront/battlepass/progressiontracks -> 200
#1019 GET /storefront/battlepass/progressiontracks -> 200
#1020 GET /storefront/battlepass/progressiontracks -> 200
#1021 GET /storefront/battlepass/progressiontracks -> 200
#1022 GET /storefront/battlepass/progressiontracks -> 200
#1023 GET /storefront/battlepass/progressiontracks -> 200
#1024 GET /storefront/battlepass/progressiontracks -> 200
#1025 GET /storefront/battlepass/progressiontracks -> 200
#1026 GET /storefront/battlepass/progressiontracks -> 200
#1027 GET /storefront/battlepass/progressiontracks -> 200
#1028 GET /storefront/battlepass/progressiontracks -> 200
#1029 GET /storefront/battlepass/progressiontracks -> 200
#1030 GET /storefront/battlepass/progressiontracks -> 200
#1031 GET /storefront/battlepass/progressiontracks -> 200
#1032 GET /storefront/battlepass/progressiontracks -> 200
#1033 GET /storefront/battlepass/progressiontracks -> 200
#1034 GET /storefront/battlepass/progressiontracks -> 200
#1035 GET /storefront/battlepass/progressiontracks -> 200
#1036 GET /storefront/battlepass/progressiontracks -> 200
#1037 GET /storefront/battlepass/progressiontracks -> 200
#1038 GET /storefront/battlepass/progressiontracks -> 200
#1039 GET /storefront/battlepass/progressiontracks -> 200
#1040 GET /storefront/battlepass/progressiontracks -> 200
#1041 GET /storefront/battlepass/progressiontracks -> 200
#1042 GET /storefront/battlepass/progressiontracks -> 200
#1043 GET /storefront/battlepass/progressiontracks -> 200
#1044 GET /storefront/battlepass/progressiontracks -> 200
#1045 GET /storefront/battlepass/progressiontracks -> 200
#1046 GET /storefront/battlepass/progressiontracks -> 200
#1047 GET /storefront/battlepass/progressiontracks -> 200
#1048 GET /storefront/battlepass/progressiontracks -> 200
#1049 GET /storefront/battlepass/progressiontracks -> 200
#1050 GET /storefront/battlepass/progressiontracks -> 200
#1051 GET /storefront/battlepass/progressiontracks -> 200
#1052 GET /storefront/battlepass/progressiontracks -> 200
#1053 GET /storefront/battlepass/progressiontracks -> 200
#1054 GET /storefront/battlepass/progressiontracks -> 200
#1055 GET /storefront/battlepass/progressiontracks -> 200
#1056 GET /storefront/battlepass/progressiontracks -> 200
#1057 GET /storefront/battlepass/progressiontracks -> 200
#1058 GET /storefront/battlepass/progressiontracks -> 200
#1059 GET /storefront/battlepass/progressiontracks -> 200
#1060 GET /storefront/battlepass/progressiontracks -> 200
#1061 GET /storefront/battlepass/progressiontracks -> 200
#1062 GET /storefront/battlepass/progressiontracks -> 200
#1063 GET /storefront/battlepass/progressiontracks -> 200
#1064 GET /storefront/battlepass/progressiontracks -> 200
#1065 GET /storefront/battlepass/progressiontracks -> 200
#1066 GET /storefront/battlepass/progressiontracks -> 200
#1067 GET /storefront/battlepass/progressiontracks -> 200
#1068 GET /storefront/battlepass/progressiontracks -> 200
#1069 GET /storefront/battlepass/progressiontracks -> 200
#1070 GET /storefront/battlepass/progressiontracks -> 200
#1071 GET /storefront/battlepass/progressiontracks -> 200
#1072 GET /storefront/battlepass/progressiontracks -> 200
#1073 GET /storefront/battlepass/progressiontracks -> 200
#1074 GET /storefront/battlepass/progressiontracks -> 200
#1075 GET /storefront/battlepass/progressiontracks -> 200
#1076 GET /storefront/battlepass/progressiontracks -> 200
#1077 GET /storefront/battlepass/progressiontracks -> 200
#1078 GET /storefront/battlepass/progressiontracks -> 200
#1079 GET /storefront/battlepass/progressiontracks -> 200
#1080 GET /storefront/battlepass/progressiontracks -> 200
#1081 GET /storefront/battlepass/progressiontracks -> 200
#1082 GET /storefront/battlepass/progressiontracks -> 200
#1083 GET /storefront/battlepass/progressiontracks -> 200
#1084 GET /storefront/battlepass/progressiontracks -> 200
#1085 GET /storefront/battlepass/progressiontracks -> 200
#1086 GET /storefront/battlepass/progressiontracks -> 200
#1087 GET /storefront/battlepass/progressiontracks -> 200
#1088 GET /storefront/battlepass/progressiontracks -> 200
#1089 GET /storefront/battlepass/progressiontracks -> 200
#1090 GET /storefront/battlepass/progressiontracks -> 200
#1091 GET /storefront/battlepass/progressiontracks -> 200
#1092 GET /storefront/battlepass/progressiontracks -> 200
#1093 GET /storefront/battlepass/progressiontracks -> 200
#1094 GET /storefront/battlepass/progressiontracks -> 200
#1095 GET /storefront/battlepass/progressiontracks -> 200
#1096 GET /storefront/battlepass/progressiontracks -> 200
#1097 GET /storefront/battlepass/progressiontracks -> 200
#1098 GET /storefront/battlepass/progressiontracks -> 200
#1099 GET /storefront/battlepass/progressiontracks -> 200
#1100 GET /storefront/battlepass/progressiontracks -> 200
#1101 GET /storefront/battlepass/progressiontracks -> 200
#1102 GET /storefront/battlepass/progressiontracks -> 200
#1103 GET /storefront/battlepass/progressiontracks -> 200
#1104 GET /storefront/battlepass/progressiontracks -> 200
#1105 GET /storefront/battlepass/progressiontracks -> 200
#1106 GET /storefront/battlepass/progressiontracks -> 200
#1107 GET /storefront/battlepass/progressiontracks -> 200
#1108 GET /storefront/battlepass/progressiontracks -> 200
#1109 GET /storefront/battlepass/progressiontracks -> 200
#1110 GET /storefront/battlepass/progressiontracks -> 200
#1111 GET /storefront/battlepass/progressiontracks -> 200
#1112 GET /storefront/battlepass/progressiontracks -> 200
#1113 GET /storefront/battlepass/progressiontracks -> 200
#1114 GET /storefront/battlepass/progressiontracks -> 200
#1115 GET /storefront/battlepass/progressiontracks -> 200
#1116 GET /storefront/battlepass/progressiontracks -> 200
#1117 GET /storefront/battlepass/progressiontracks -> 200
#1118 GET /storefront/battlepass/progressiontracks -> 200
#1119 GET /storefront/battlepass/progressiontracks -> 200
#1120 GET /storefront/battlepass/progressiontracks -> 200
#1121 GET /storefront/battlepass/progressiontracks -> 200
#1122 GET /storefront/battlepass/progressiontracks -> 200
#1123 GET /storefront/battlepass/progressiontracks -> 200
#1124 GET /storefront/battlepass/progressiontracks -> 200
#1125 GET /storefront/battlepass/progressiontracks -> 200
#1126 GET /storefront/battlepass/progressiontracks -> 200
#1127 GET /storefront/battlepass/progressiontracks -> 200
#1128 GET /storefront/battlepass/progressiontracks -> 200
#1129 GET /storefront/battlepass/progressiontracks -> 200
#1130 GET /storefront/battlepass/progressiontracks -> 200
#1131 GET /storefront/battlepass/progressiontracks -> 200
#1132 GET /storefront/battlepass/progressiontracks -> 200
#1133 GET /storefront/battlepass/progressiontracks -> 200
#1134 GET /storefront/battlepass/progressiontracks -> 200
#1135 GET /storefront/battlepass/progressiontracks -> 200
#1136 GET /storefront/battlepass/progressiontracks -> 200
#1137 GET /storefront/battlepass/progressiontracks -> 200
#1138 GET /storefront/battlepass/progressiontracks -> 200
#1139 GET /storefront/battlepass/progressiontracks -> 200
#1140 GET /storefront/battlepass/progressiontracks -> 200
#1141 GET /storefront/battlepass/progressiontracks -> 200
#1142 GET /storefront/battlepass/progressiontracks -> 200
#1143 GET /storefront/battlepass/progressiontracks -> 200
#1144 GET /storefront/battlepass/progressiontracks -> 200
#1145 GET /storefront/battlepass/progressiontracks -> 200
#1146 GET /storefront/battlepass/progressiontracks -> 200
#1147 GET /storefront/battlepass/progressiontracks -> 200
#1148 GET /storefront/battlepass/progressiontracks -> 200
#1149 GET /storefront/battlepass/progressiontracks -> 200
#1150 GET /storefront/battlepass/progressiontracks -> 200
#1151 GET /storefront/battlepass/progressiontracks -> 200
#1152 GET /storefront/battlepass/progressiontracks -> 200
#1153 GET /storefront/battlepass/progressiontracks -> 200
#1154 GET /storefront/battlepass/progressiontracks -> 200
#1155 GET /storefront/battlepass/progressiontracks -> 200
#1156 GET /storefront/battlepass/progressiontracks -> 200
#1157 GET /storefront/battlepass/progressiontracks -> 200
#1158 GET /storefront/battlepass/progressiontracks -> 200
#1159 GET /storefront/battlepass/progressiontracks -> 200
#1160 GET /storefront/battlepass/progressiontracks -> 200
#1161 GET /storefront/battlepass/progressiontracks -> 200
#1162 GET /storefront/battlepass/progressiontracks -> 200
#1163 GET /storefront/battlepass/progressiontracks -> 200
#1164 GET /storefront/battlepass/progressiontracks -> 200
#1165 GET /storefront/battlepass/progressiontracks -> 200
#1166 GET /storefront/battlepass/progressiontracks -> 200
#1167 GET /storefront/battlepass/progressiontracks -> 200
#1168 GET /storefront/battlepass/progressiontracks -> 200
#1169 GET /storefront/battlepass/progressiontracks -> 200
#1170 GET /storefront/battlepass/progressiontracks -> 200
#1171 GET /storefront/battlepass/progressiontracks -> 200
#1172 GET /storefront/battlepass/progressiontracks -> 200
#1173 GET /storefront/battlepass/progressiontracks -> 200
#1174 GET /storefront/battlepass/progressiontracks -> 200
#1175 GET /storefront/battlepass/progressiontracks -> 200
#1176 GET /storefront/battlepass/progressiontracks -> 200
#1177 GET /storefront/battlepass/progressiontracks -> 200
#1178 GET /storefront/battlepass/progressiontracks -> 200
#1179 GET /storefront/battlepass/progressiontracks -> 200
#1180 GET /storefront/battlepass/progressiontracks -> 200
#1181 GET /storefront/battlepass/progressiontracks -> 200
#1182 GET /storefront/battlepass/progressiontracks -> 200
#1183 GET /storefront/battlepass/progressiontracks -> 200
#1184 GET /storefront/battlepass/progressiontracks -> 200
#1185 GET /storefront/battlepass/progressiontracks -> 200
#1186 GET /storefront/battlepass/progressiontracks -> 200
#1187 GET /storefront/battlepass/progressiontracks -> 200
#1188 GET /storefront/battlepass/progressiontracks -> 200
#1189 GET /storefront/battlepass/progressiontracks -> 200
#1190 GET /storefront/battlepass/progressiontracks -> 200
#1191 GET /storefront/battlepass/progressiontracks -> 200
#1192 GET /storefront/battlepass/progressiontracks -> 200
#1193 GET /storefront/battlepass/progressiontracks -> 200
#1194 GET /storefront/battlepass/progressiontracks -> 200
#1195 GET /storefront/battlepass/progressiontracks -> 200
#1196 GET /storefront/battlepass/progressiontracks -> 200
#1197 GET /storefront/battlepass/progressiontracks -> 200
#1198 GET /storefront/battlepass/progressiontracks -> 200
#1199 GET /storefront/battlepass/progressiontracks -> 200
#1200 GET /storefront/battlepass/progressiontracks -> 200
#1201 GET /storefront/battlepass/progressiontracks -> 200
#1202 GET /storefront/battlepass/progressiontracks -> 200
#1203 GET /storefront/battlepass/progressiontracks -> 200
#1204 GET /storefront/battlepass/progressiontracks -> 200
#1205 GET /storefront/battlepass/progressiontracks -> 200
#1206 GET /storefront/battlepass/progressiontracks -> 200
#1207 GET /storefront/battlepass/progressiontracks -> 200
#1208 GET /storefront/battlepass/progressiontracks -> 200
#1209 GET /storefront/battlepass/progressiontracks -> 200
#1210 GET /storefront/battlepass/progressiontracks -> 200
#1211 GET /storefront/battlepass/progressiontracks -> 200
#1212 GET /storefront/battlepass/progressiontracks -> 200
#1213 GET /storefront/battlepass/progressiontracks -> 200
#1214 GET /storefront/battlepass/progressiontracks -> 200
#1215 GET /storefront/battlepass/progressiontracks -> 200
#1216 GET /storefront/battlepass/progressiontracks -> 200
#1217 GET /storefront/battlepass/progressiontracks -> 200
#1218 GET /storefront/battlepass/progressiontracks -> 200
#1219 GET /storefront/battlepass/progressiontracks -> 200
#1220 GET /storefront/battlepass/progressiontracks -> 200
#1221 GET /storefront/battlepass/progressiontracks -> 200
#1222 GET /storefront/battlepass/progressiontracks -> 200
#1223 GET /storefront/battlepass/progressiontracks -> 200
#1224 GET /storefront/battlepass/progressiontracks -> 200
#1225 GET /storefront/battlepass/progressiontracks -> 200
#1226 GET /storefront/battlepass/progressiontracks -> 200
#1227 GET /storefront/battlepass/progressiontracks -> 200
#1228 GET /storefront/battlepass/progressiontracks -> 200
#1229 GET /storefront/battlepass/progressiontracks -> 200
#1230 GET /storefront/battlepass/progressiontracks -> 200
#1231 GET /storefront/battlepass/progressiontracks -> 200
#1232 GET /storefront/battlepass/progressiontracks -> 200
#1233 GET /storefront/battlepass/progressiontracks -> 200
#1234 GET /storefront/battlepass/progressiontracks -> 200
#1235 GET /storefront/battlepass/progressiontracks -> 200
#1236 GET /storefront/battlepass/progressiontracks -> 200
#1237 GET /storefront/battlepass/progressiontracks -> 200
#1238 GET /storefront/battlepass/progressiontracks -> 200
#1239 GET /storefront/battlepass/progressiontracks -> 200
#1240 GET /storefront/battlepass/progressiontracks -> 200
#1241 GET /storefront/battlepass/progressiontracks -> 200
#1242 GET /storefront/battlepass/progressiontracks -> 200
#1243 GET /storefront/battlepass/progressiontracks -> 200
#1244 GET /storefront/battlepass/progressiontracks -> 200
#1245 GET /storefront/battlepass/progressiontracks -> 200
#1246 GET /storefront/battlepass/progressiontracks -> 200
#1247 GET /storefront/battlepass/progressiontracks -> 200
#1248 GET /storefront/battlepass/progressiontracks -> 200
#1249 GET /storefront/battlepass/progressiontracks -> 200
#1250 GET /storefront/battlepass/progressiontracks -> 200
#1251 GET /storefront/battlepass/progressiontracks -> 200
#1252 GET /storefront/battlepass/progressiontracks -> 200
#1253 GET /storefront/battlepass/progressiontracks -> 200
#1254 GET /storefront/battlepass/progressiontracks -> 200
#1255 GET /storefront/battlepass/progressiontracks -> 200
#1256 GET /storefront/battlepass/progressiontracks -> 200
#1257 GET /storefront/battlepass/progressiontracks -> 200
#1258 GET /storefront/battlepass/progressiontracks -> 200
#1259 GET /storefront/battlepass/progressiontracks -> 200
#1260 GET /storefront/battlepass/progressiontracks -> 200
#1261 GET /storefront/battlepass/progressiontracks -> 200
#1262 GET /storefront/battlepass/progressiontracks -> 200
#1263 GET /storefront/battlepass/progressiontracks -> 200
#1264 GET /storefront/battlepass/progressiontracks -> 200
#1265 GET /storefront/battlepass/progressiontracks -> 200
#1266 GET /storefront/battlepass/progressiontracks -> 200
#1267 GET /storefront/battlepass/progressiontracks -> 200
#1268 GET /storefront/battlepass/progressiontracks -> 200

* 17:46:10.803  WS <- /lobby TEXT ""
#1269 GET /storefront/battlepass/progressiontracks -> 200
#1270 GET /storefront/battlepass/progressiontracks -> 200
#1271 GET /storefront/battlepass/progressiontracks -> 200

* 17:46:11.019  WS -> /notifications/players/9b9d2c887e2524f918e383a895f2f1c2 BINARY hb (proactive 30s keepalive)
#1272 GET /storefront/battlepass/progressiontracks -> 200
#1273 GET /storefront/battlepass/progressiontracks -> 200
#1274 GET /storefront/battlepass/progressiontracks -> 200
#1275 GET /storefront/battlepass/progressiontracks -> 200
#1276 GET /storefront/battlepass/progressiontracks -> 200
#1277 GET /storefront/battlepass/progressiontracks -> 200
#1278 GET /storefront/battlepass/progressiontracks -> 200
#1279 GET /storefront/battlepass/progressiontracks -> 200
#1280 GET /storefront/battlepass/progressiontracks -> 200
#1281 GET /storefront/battlepass/progressiontracks -> 200
#1282 GET /storefront/battlepass/progressiontracks -> 200
#1283 GET /storefront/battlepass/progressiontracks -> 200
#1284 GET /storefront/battlepass/progressiontracks -> 200
#1285 GET /storefront/battlepass/progressiontracks -> 200
#1286 GET /storefront/battlepass/progressiontracks -> 200
#1287 GET /storefront/battlepass/progressiontracks -> 200
#1288 GET /storefront/battlepass/progressiontracks -> 200
#1289 GET /storefront/battlepass/progressiontracks -> 200
#1290 GET /storefront/battlepass/progressiontracks -> 200
#1291 GET /storefront/battlepass/progressiontracks -> 200
#1292 GET /storefront/battlepass/progressiontracks -> 200
#1293 GET /storefront/battlepass/progressiontracks -> 200
#1294 GET /storefront/battlepass/progressiontracks -> 200
#1295 GET /storefront/battlepass/progressiontracks -> 200
#1296 GET /storefront/battlepass/progressiontracks -> 200
#1297 GET /storefront/battlepass/progressiontracks -> 200
#1298 GET /storefront/battlepass/progressiontracks -> 200
#1299 GET /storefront/battlepass/progressiontracks -> 200
#1300 GET /storefront/battlepass/progressiontracks -> 200
#1301 GET /storefront/battlepass/progressiontracks -> 200
#1302 GET /storefront/battlepass/progressiontracks -> 200
#1303 GET /storefront/battlepass/progressiontracks -> 200
#1304 GET /storefront/battlepass/progressiontracks -> 200
#1305 GET /storefront/battlepass/progressiontracks -> 200
#1306 GET /storefront/battlepass/progressiontracks -> 200
#1307 GET /storefront/battlepass/progressiontracks -> 200
#1308 GET /storefront/battlepass/progressiontracks -> 200
#1309 GET /storefront/battlepass/progressiontracks -> 200
#1310 GET /storefront/battlepass/progressiontracks -> 200
#1311 GET /storefront/battlepass/progressiontracks -> 200
#1312 GET /storefront/battlepass/progressiontracks -> 200
#1313 GET /storefront/battlepass/progressiontracks -> 200
#1314 GET /storefront/battlepass/progressiontracks -> 200
#1315 GET /storefront/battlepass/progressiontracks -> 200
#1316 GET /storefront/battlepass/progressiontracks -> 200
#1317 GET /storefront/battlepass/progressiontracks -> 200
#1318 GET /storefront/battlepass/progressiontracks -> 200
#1319 GET /storefront/battlepass/progressiontracks -> 200
#1320 GET /storefront/battlepass/progressiontracks -> 200
#1321 GET /storefront/battlepass/progressiontracks -> 200
#1322 GET /storefront/battlepass/progressiontracks -> 200
#1323 GET /storefront/battlepass/progressiontracks -> 200
#1324 GET /storefront/battlepass/progressiontracks -> 200
#1325 GET /storefront/battlepass/progressiontracks -> 200
#1326 GET /storefront/battlepass/progressiontracks -> 200
#1327 GET /storefront/battlepass/progressiontracks -> 200
#1328 GET /storefront/battlepass/progressiontracks -> 200
#1329 GET /storefront/battlepass/progressiontracks -> 200
#1330 GET /storefront/battlepass/progressiontracks -> 200
#1331 GET /storefront/battlepass/progressiontracks -> 200
#1332 GET /storefront/battlepass/progressiontracks -> 200
#1333 GET /storefront/battlepass/progressiontracks -> 200
#1334 GET /storefront/battlepass/progressiontracks -> 200
#1335 GET /storefront/battlepass/progressiontracks -> 200
#1336 GET /storefront/battlepass/progressiontracks -> 200
#1337 GET /storefront/battlepass/progressiontracks -> 200
#1338 GET /storefront/battlepass/progressiontracks -> 200
#1339 GET /storefront/battlepass/progressiontracks -> 200
#1340 GET /storefront/battlepass/progressiontracks -> 200
#1341 GET /storefront/battlepass/progressiontracks -> 200
#1342 GET /storefront/battlepass/progressiontracks -> 200
#1343 GET /configuration/client -> 200
#1344 GET /storefront/battlepass/progressiontracks -> 200
#1345 GET /content-service/manifest/release2.4.live-156430-shipping -> 200
#1347 GET /party/matchmaking/info -> 200
#1346 GET /mailbox/config/version -> 200
#1348 GET /storefront/battlepass/progressiontracks -> 200
#1349 GET /storefront/battlepass/progressiontracks -> 200
#1350 GET /storefront/battlepass/progressiontracks -> 200
#1351 GET /storefront/battlepass/progressiontracks -> 200
#1352 GET /storefront/battlepass/progressiontracks -> 200
#1353 GET /storefront/battlepass/progressiontracks -> 200
#1354 GET /storefront/battlepass/progressiontracks -> 200
#1355 GET /storefront/battlepass/progressiontracks -> 200
#1356 GET /storefront/battlepass/progressiontracks -> 200
#1357 GET /storefront/battlepass/progressiontracks -> 200
#1358 GET /storefront/battlepass/progressiontracks -> 200
#1359 GET /storefront/battlepass/progressiontracks -> 200
#1360 GET /storefront/battlepass/progressiontracks -> 200
#1361 GET /storefront/battlepass/progressiontracks -> 200
#1362 GET /storefront/battlepass/progressiontracks -> 200
#1363 GET /storefront/battlepass/progressiontracks -> 200
#1364 GET /storefront/battlepass/progressiontracks -> 200
#1365 GET /storefront/battlepass/progressiontracks -> 200
#1366 GET /storefront/battlepass/progressiontracks -> 200
#1367 GET /storefront/battlepass/progressiontracks -> 200
#1368 GET /storefront/battlepass/progressiontracks -> 200
#1369 GET /storefront/battlepass/progressiontracks -> 200
#1370 GET /storefront/battlepass/progressiontracks -> 200
#1371 POST /party/parties/party-9b9d2c887e2524f918e383a895f2f1c2/members/9b9d2c887e2524f918e383a895f2f1c2/latencies -> 200
#1372 GET /storefront/battlepass/progressiontracks -> 200
#1373 GET /storefront/battlepass/progressiontracks -> 200
#1374 GET /storefront/battlepass/progressiontracks -> 200
#1375 GET /storefront/battlepass/progressiontracks -> 200
#1376 GET /storefront/battlepass/progressiontracks -> 200
#1377 GET /storefront/battlepass/progressiontracks -> 200
#1378 GET /storefront/battlepass/progressiontracks -> 200
#1379 GET /storefront/battlepass/progressiontracks -> 200
#1380 GET /storefront/battlepass/progressiontracks -> 200
#1381 GET /storefront/battlepass/progressiontracks -> 200
#1382 GET /storefront/battlepass/progressiontracks -> 200
#1383 GET /storefront/battlepass/progressiontracks -> 200
#1384 GET /storefront/battlepass/progressiontracks -> 200
#1385 GET /storefront/battlepass/progressiontracks -> 200
#1386 GET /storefront/battlepass/progressiontracks -> 200
#1387 GET /storefront/battlepass/progressiontracks -> 200
#1388 GET /storefront/battlepass/progressiontracks -> 200
#1389 GET /storefront/battlepass/progressiontracks -> 200
#1390 GET /storefront/battlepass/progressiontracks -> 200
#1391 GET /storefront/battlepass/progressiontracks -> 200
#1392 GET /storefront/battlepass/progressiontracks -> 200
#1393 GET /storefront/battlepass/progressiontracks -> 200
#1394 GET /storefront/battlepass/progressiontracks -> 200
#1395 GET /storefront/battlepass/progressiontracks -> 200
#1396 GET /storefront/battlepass/progressiontracks -> 200
#1397 GET /storefront/battlepass/progressiontracks -> 200
#1398 GET /storefront/battlepass/progressiontracks -> 200
#1399 GET /storefront/battlepass/progressiontracks -> 200
#1400 GET /storefront/battlepass/progressiontracks -> 200
#1401 GET /storefront/battlepass/progressiontracks -> 200
#1402 GET /storefront/battlepass/progressiontracks -> 200
#1403 GET /storefront/battlepass/progressiontracks -> 200
#1404 GET /storefront/battlepass/progressiontracks -> 200
#1405 GET /storefront/battlepass/progressiontracks -> 200
#1406 GET /storefront/battlepass/progressiontracks -> 200
#1407 GET /storefront/battlepass/progressiontracks -> 200
#1408 GET /storefront/battlepass/progressiontracks -> 200
#1409 GET /storefront/battlepass/progressiontracks -> 200
#1410 GET /storefront/battlepass/progressiontracks -> 200
#1411 GET /storefront/battlepass/progressiontracks -> 200
#1412 GET /storefront/battlepass/progressiontracks -> 200
#1413 GET /storefront/battlepass/progressiontracks -> 200
#1414 GET /storefront/battlepass/progressiontracks -> 200
#1415 GET /storefront/battlepass/progressiontracks -> 200
#1416 GET /storefront/battlepass/progressiontracks -> 200
#1417 GET /storefront/battlepass/progressiontracks -> 200
#1418 GET /storefront/battlepass/progressiontracks -> 200
#1419 GET /storefront/battlepass/progressiontracks -> 200
#1420 GET /storefront/battlepass/progressiontracks -> 200
#1421 GET /storefront/battlepass/progressiontracks -> 200
#1422 GET /storefront/battlepass/progressiontracks -> 200
#1423 GET /storefront/battlepass/progressiontracks -> 200
#1424 GET /storefront/battlepass/progressiontracks -> 200
#1425 GET /storefront/battlepass/progressiontracks -> 200
#1426 GET /storefront/battlepass/progressiontracks -> 200
#1427 GET /storefront/battlepass/progressiontracks -> 200
#1428 GET /storefront/battlepass/progressiontracks -> 200
#1429 GET /storefront/battlepass/progressiontracks -> 200
#1430 GET /storefront/battlepass/progressiontracks -> 200
#1431 GET /storefront/battlepass/progressiontracks -> 200
#1432 GET /storefront/battlepass/progressiontracks -> 200
#1433 GET /storefront/battlepass/progressiontracks -> 200
#1434 GET /storefront/battlepass/progressiontracks -> 200
#1435 GET /storefront/battlepass/progressiontracks -> 200
#1436 GET /storefront/battlepass/progressiontracks -> 200
#1437 GET /storefront/battlepass/progressiontracks -> 200
#1438 GET /storefront/battlepass/progressiontracks -> 200
#1439 GET /storefront/battlepass/progressiontracks -> 200
#1440 GET /storefront/battlepass/progressiontracks -> 200
#1441 GET /storefront/battlepass/progressiontracks -> 200
#1442 GET /storefront/battlepass/progressiontracks -> 200
#1443 GET /storefront/battlepass/progressiontracks -> 200
#1444 GET /storefront/battlepass/progressiontracks -> 200
#1445 GET /storefront/battlepass/progressiontracks -> 200
#1446 GET /storefront/battlepass/progressiontracks -> 200
#1447 GET /storefront/battlepass/progressiontracks -> 200
#1448 GET /storefront/battlepass/progressiontracks -> 200
#1449 GET /storefront/battlepass/progressiontracks -> 200
#1450 GET /storefront/battlepass/progressiontracks -> 200
#1451 GET /storefront/battlepass/progressiontracks -> 200
#1452 GET /storefront/battlepass/progressiontracks -> 200
#1453 GET /storefront/battlepass/progressiontracks -> 200
#1454 GET /storefront/battlepass/progressiontracks -> 200
#1455 GET /storefront/battlepass/progressiontracks -> 200
#1456 GET /storefront/battlepass/progressiontracks -> 200
#1457 GET /storefront/battlepass/progressiontracks -> 200
#1458 GET /storefront/battlepass/progressiontracks -> 200
#1459 GET /storefront/battlepass/progressiontracks -> 200
#1460 GET /storefront/battlepass/progressiontracks -> 200
#1461 GET /storefront/battlepass/progressiontracks -> 200
#1462 GET /storefront/battlepass/progressiontracks -> 200
#1463 GET /storefront/battlepass/progressiontracks -> 200
#1464 GET /storefront/battlepass/progressiontracks -> 200
#1465 GET /storefront/battlepass/progressiontracks -> 200
#1466 GET /storefront/battlepass/progressiontracks -> 200
#1467 GET /storefront/battlepass/progressiontracks -> 200
#1468 GET /storefront/battlepass/progressiontracks -> 200
#1469 GET /storefront/battlepass/progressiontracks -> 200
#1470 GET /storefront/battlepass/progressiontracks -> 200
#1471 GET /storefront/battlepass/progressiontracks -> 200
#1472 GET /storefront/battlepass/progressiontracks -> 200
#1473 GET /storefront/battlepass/progressiontracks -> 200
#1474 GET /storefront/battlepass/progressiontracks -> 200
#1475 GET /storefront/battlepass/progressiontracks -> 200
#1476 GET /storefront/battlepass/progressiontracks -> 200
#1477 GET /storefront/battlepass/progressiontracks -> 200
#1478 GET /storefront/battlepass/progressiontracks -> 200
#1479 GET /storefront/battlepass/progressiontracks -> 200
#1480 GET /storefront/battlepass/progressiontracks -> 200
#1481 GET /storefront/battlepass/progressiontracks -> 200
#1482 GET /storefront/battlepass/progressiontracks -> 200
#1483 GET /storefront/battlepass/progressiontracks -> 200
#1484 GET /storefront/battlepass/progressiontracks -> 200
#1485 GET /storefront/battlepass/progressiontracks -> 200
#1486 GET /storefront/battlepass/progressiontracks -> 200
#1487 GET /storefront/battlepass/progressiontracks -> 200
#1488 GET /storefront/battlepass/progressiontracks -> 200
#1489 GET /storefront/battlepass/progressiontracks -> 200
#1490 GET /storefront/battlepass/progressiontracks -> 200
#1491 GET /storefront/battlepass/progressiontracks -> 200
#1492 GET /storefront/battlepass/progressiontracks -> 200
#1493 GET /storefront/battlepass/progressiontracks -> 200
#1494 GET /storefront/battlepass/progressiontracks -> 200
#1495 GET /storefront/battlepass/progressiontracks -> 200
#1496 GET /storefront/battlepass/progressiontracks -> 200
#1497 GET /storefront/battlepass/progressiontracks -> 200
#1498 GET /storefront/battlepass/progressiontracks -> 200
#1499 GET /storefront/battlepass/progressiontracks -> 200
#1500 GET /storefront/battlepass/progressiontracks -> 200
#1501 GET /storefront/battlepass/progressiontracks -> 200
#1502 GET /storefront/battlepass/progressiontracks -> 200
#1503 GET /storefront/battlepass/progressiontracks -> 200
#1504 GET /storefront/battlepass/progressiontracks -> 200
#1505 GET /storefront/battlepass/progressiontracks -> 200
LogLokiHUDLayout: Display: Start Dismantling WidgetTree (WBP_UI_MainMenu_RootV2_C_2147479808)
LogLokiHUDLayout: Display: End Dismantling WidgetTree (WBP_UI_MainMenu_RootV2_C_2147479808) 1061
LogLokiGameState: Display: Exiting game state BP_MainMenuGameState_C_2147479921
LogStreaming: Display: 9.289 ms for processing 124013 objects in RemoveUnreachableObjects(Queued=0, Async=0). Removed 7802 (10932->3130) packages and 35587 (42994->7407) public exports.
LogAudio: Display: Audio Device unregistered from world 'None'.
LogStreaming: Display: FlushAsyncLoading(2073): 1 QueuedPackages, 0 AsyncPackages
LogLokiHeightMap: Display: [<Unknown>][LokiBuiltHeightMap_UAID_60CF84A053C7D85D02_2003327722] HeightMap Constructor Called
LogTexture: Error: Loading non-streamed mips from an external bulk file.  This is not desireable.  File 32b20fb18c381e2c00000002
LogLokiHeightMap: Display: [LVL_Tutorial][LokiBuiltHeightMap_UAID_60CF84A053C7D85D02_2003327722] HeightMap PostLoad Deserializing 83076 Cells
LogLokiHeightMap: Display: [LVL_Tutorial][LokiBuiltHeightMap_UAID_60CF84A053C7D85D02_2003327722] ALokiBuiltHeightMap::DeserializeCells CellCount: 83076
LogAudio: Display: Audio Device (ID: 1) registered with world 'LVL_Tutorial'.
LogWorldPartition: Display: WorldPartition initialize started...
LogWorldPartition: Display: WorldPartition initialize took 1.078 ms
LogNavigation: Warning: Recreating dtNavMesh instance due mismatch in number of bytes required to store serialized maxTiles (117056, 17 bits) vs calculated maxtiles (7192, 13 bits)
LogNavigation: Warning: Recreating dtNavMesh instance due mismatch in number of bytes required to store serialized maxTiles (117056, 17 bits) vs calculated maxtiles (7192, 13 bits)
LogNavigationDataBuild: Display:    ANavigationData::RebuildAll load time: 0.00s
LogNavigationDataBuild: Display:    ANavigationData::RebuildAll load time: 0.00s
LogNavigationDataBuild: Display:    ANavigationData::RebuildAll load time: 0.00s
LogGameState: Display: Lazily creating actor pool manager of type Class /Script/Loki.LokiActorPoolManager
LogLokiHeightMap: Display: [LVL_Tutorial][LokiBuiltHeightMap_UAID_60CF84A053C7D85D02_2003327722] HeightMap Status: Config: {Resolution: 50.000000, AbyssThreshold: -200.000000, KernelSize: 5, Iterations: 3}, Bounds: {-5750.000000, -5749.999996, 9250.000001, 7999.999998, 1}, Cells: {301 X 276 = 83076}
LogLokiGameState: Display: Registering Built Height Map (LokiBuiltHeightMap_UAID_60CF84A053C7D85D02_2003327722) (bValid = 1)
LogLokiGameModeInitializer: Display: Transitioning from Starting to Starting
LogLokiPlayerState: Warning: [UIREADY] ALokiBaseController::BeginPlay (0.00)
LogLokiTimeline: Warning: ignoring update with old update index (current 0 new 0)
LogLokiVision: Warning: VisGrid unable to accomodate default GridResolution - trying 1000
LogLokiVision: Warning: VisGrid unable to accomodate default GridResolution - trying 2000
LogLokiGameState: Display: Entering game state BP_LokiGameState_Tutorial_C_2147471672
LogActorPooling: Display: UActorPoolManager::PrimePools : Feature is not enabled, skipping.
LogLokiGameState: Display: [ALokiGameState::BeginPlay] Default HeightMapType: Built
LogActor: Warning: BP_LokiShipComputer_C /Game/Loki/Maps/Tutorial/LVL_Tutorial.LVL_Tutorial:PersistentLevel.BP_LokiShipComputer_C_2147471621 has natively added scene component(s), but none of them were set as the actor's RootComponent - picking one arbitrarily
LogLokiGameModeInitializer: Display: Transitioning from Starting to Priming
LogLokiGameMode: Display: Client is ready to play.
LogLokiGameMode: Display: UNKNOWN is ready to play.
LogLokiPlayerState: Warning: [UIREADY] ALokiBaseController::TryUIReady (0.03)
LogLokiPlayerState: Warning: [UIREADY] ALokiBaseController::TryUIReady SUCCESS (0.03)
#1506 POST /game-telemetry/v1/protected/events -> 200
#1507 GET /storefront/battlepass/progressiontracks -> 200
LogLokiGameModeInitializer: Display: Transitioning from Priming to MemoryReport
LogLokiGameModeInitializer: Display: Transitioning from MemoryReport to WaitingForClientsReady
#1508 GET /storefront/battlepass/progressiontracks -> 200
LogLokiGameModeInitializer: Display: Transitioning from WaitingForClientsReady to Finished
#1509 GET /storefront/battlepass/progressiontracks -> 200
#1510 GET /storefront/battlepass/progressiontracks -> 200
#1511 GET /storefront/battlepass/progressiontracks -> 200
#1512 GET /storefront/battlepass/progressiontracks -> 200
#1513 GET /storefront/battlepass/progressiontracks -> 200
#1514 GET /storefront/battlepass/progressiontracks -> 200
#1515 GET /storefront/battlepass/progressiontracks -> 200
#1516 GET /storefront/battlepass/progressiontracks -> 200
#1517 GET /storefront/battlepass/progressiontracks -> 200
#1518 GET /storefront/battlepass/progressiontracks -> 200
#1519 GET /storefront/battlepass/progressiontracks -> 200
#1520 GET /storefront/battlepass/progressiontracks -> 200
LogNavigationDataBuild: Display:    FRecastNavMeshGenerator::ProcessTileTasksAndGetUpdatedTiles build time: 8.00s
LogNavigationDataBuild: Display:    FRecastNavMeshGenerator::ProcessTileTasksAndGetUpdatedTiles build time: 8.00s
#1521 GET /storefront/battlepass/progressiontracks -> 200
#1522 GET /storefront/battlepass/progressiontracks -> 200
#1523 GET /storefront/battlepass/progressiontracks -> 200
#1524 GET /storefront/battlepass/progressiontracks -> 200
#1525 GET /storefront/battlepass/progressiontracks -> 200
#1526 GET /storefront/battlepass/progressiontracks -> 200
#1527 GET /storefront/battlepass/progressiontracks -> 200
#1528 GET /storefront/battlepass/progressiontracks -> 200
#1529 GET /storefront/battlepass/progressiontracks -> 200
LogNavigationDirtyArea: Warning: Adding an oversized dirty area: From: Addition to navoctree | Object: StaticMeshComponent /Game/Loki/Maps/Tutorial/LVL_Tutorial/_Generated_/79HXRVSQGW8PGNLOV45TU2HRU.LVL_Tutorial:PersistentLevel.StaticMeshActor_UAID_047C16730311E06902_1079193826.StaticMeshComponent0  | Element's owner: StaticMeshActor /Game/Loki/Maps/Tutorial/LVL_Tutorial/_Generated_/79HXRVSQGW8PGNLOV45TU2HRU.LVL_Tutorial:PersistentLevel.StaticMeshActor_UAID_047C16730311E06902_1079193826 | Bounds: X=8050.327 Y=6890.305 | Threshold: 1000.00
#1530 GET /storefront/battlepass/progressiontracks -> 200
LogNavigationDirtyArea: Warning: Adding an oversized dirty area: From: Addition to navoctree | Object: StaticMeshComponent /Game/Loki/Maps/Tutorial/LVL_Tutorial/_Generated_/BOZ28TB0GE56F7BVJC8BGBGDY.LVL_Tutorial:PersistentLevel.StaticMeshActor_UAID_7C507962E179846802_1827191559.StaticMeshComponent0  | Element's owner: StaticMeshActor /Game/Loki/Maps/Tutorial/LVL_Tutorial/_Generated_/BOZ28TB0GE56F7BVJC8BGBGDY.LVL_Tutorial:PersistentLevel.StaticMeshActor_UAID_7C507962E179846802_1827191559 | Bounds: X=1045.710 Y=1498.325 | Threshold: 1000.00
LogNavigationDirtyArea: Warning: Adding an oversized dirty area: From: Addition to navoctree | Object: StaticMeshComponent /Game/Loki/Maps/Tutorial/LVL_Tutorial/_Generated_/BOZ28TB0GE56F7BVJC8BGBGDY.LVL_Tutorial:PersistentLevel.StaticMeshActor_UAID_7C507962E179846802_1860736561.StaticMeshComponent0  | Element's owner: StaticMeshActor /Game/Loki/Maps/Tutorial/LVL_Tutorial/_Generated_/BOZ28TB0GE56F7BVJC8BGBGDY.LVL_Tutorial:PersistentLevel.StaticMeshActor_UAID_7C507962E179846802_1860736561 | Bounds: X=1360.597 Y=1478.918 | Threshold: 1000.00
LogNavigationDirtyArea: Warning: Adding an oversized dirty area: From: Addition to navoctree | Object: StaticMeshComponent /Game/Loki/Maps/Tutorial/LVL_Tutorial/_Generated_/BOZ28TB0GE56F7BVJC8BGBGDY.LVL_Tutorial:PersistentLevel.StaticMeshActor_UAID_7C507962E179846802_1872132562.StaticMeshComponent0  | Element's owner: StaticMeshActor /Game/Loki/Maps/Tutorial/LVL_Tutorial/_Generated_/BOZ28TB0GE56F7BVJC8BGBGDY.LVL_Tutorial:PersistentLevel.StaticMeshActor_UAID_7C507962E179846802_1872132562 | Bounds: X=1333.225 Y=747.122 | Threshold: 1000.00
LogNavigationDirtyArea: Warning: Adding an oversized dirty area: From: Addition to navoctree | Object: StaticMeshComponent /Game/Loki/Maps/Tutorial/LVL_Tutorial/_Generated_/BOZ28TB0GE56F7BVJC8BGBGDY.LVL_Tutorial:PersistentLevel.StaticMeshActor_UAID_7C507962E179A46102_1893381939.StaticMeshComponent0  | Element's owner: StaticMeshActor /Game/Loki/Maps/Tutorial/LVL_Tutorial/_Generated_/BOZ28TB0GE56F7BVJC8BGBGDY.LVL_Tutorial:PersistentLevel.StaticMeshActor_UAID_7C507962E179A46102_1893381939 | Bounds: X=4762.626 Y=5031.882 | Threshold: 1000.00
LogNavigationDirtyArea: Warning: Adding an oversized dirty area: From: Addition to navoctree | Object: StaticMeshComponent /Game/Loki/Maps/Tutorial/LVL_Tutorial/_Generated_/BOZ28TB0GE56F7BVJC8BGBGDY.LVL_Tutorial:PersistentLevel.StaticMeshActor_UAID_7C507962E179A46102_1882687938.StaticMeshComponent0  | Element's owner: StaticMeshActor /Game/Loki/Maps/Tutorial/LVL_Tutorial/_Generated_/BOZ28TB0GE56F7BVJC8BGBGDY.LVL_Tutorial:PersistentLevel.StaticMeshActor_UAID_7C507962E179A46102_1882687938 | Bounds: X=3169.936 Y=2703.929 | Threshold: 1000.00
LogNavigationDirtyArea: Warning: Adding an oversized dirty area: From: Addition to navoctree | Object: StaticMeshComponent /Game/Loki/Maps/Tutorial/LVL_Tutorial/_Generated_/BOZ28TB0GE56F7BVJC8BGBGDY.LVL_Tutorial:PersistentLevel.StaticMeshActor_UAID_7C507962E179846802_1851768560.StaticMeshComponent0  | Element's owner: StaticMeshActor /Game/Loki/Maps/Tutorial/LVL_Tutorial/_Generated_/BOZ28TB0GE56F7BVJC8BGBGDY.LVL_Tutorial:PersistentLevel.StaticMeshActor_UAID_7C507962E179846802_1851768560 | Bounds: X=1465.696 Y=1187.829 | Threshold: 1000.00
LogNavigationDirtyArea: Warning: Adding an oversized dirty area: From: Addition to navoctree | Object: StaticMeshComponent /Game/Loki/Maps/Tutorial/LVL_Tutorial/_Generated_/BOB0V3LGLZ3W831TO2QWY16L8.LVL_Tutorial:PersistentLevel.StaticMeshActor_UAID_7C507962E179A46102_1856818936.StaticMeshComponent0  | Element's owner: StaticMeshActor /Game/Loki/Maps/Tutorial/LVL_Tutorial/_Generated_/BOB0V3LGLZ3W831TO2QWY16L8.LVL_Tutorial:PersistentLevel.StaticMeshActor_UAID_7C507962E179A46102_1856818936 | Bounds: X=3205.183 Y=2115.759 | Threshold: 1000.00
LogNavigationDirtyArea: Warning: Adding an oversized dirty area: From: Addition to navoctree | Object: StaticMeshComponent /Game/Loki/Maps/Tutorial/LVL_Tutorial/_Generated_/BOB0V3LGLZ3W831TO2QWY16L8.LVL_Tutorial:PersistentLevel.StaticMeshActor_UAID_7C507962E179A46102_1840619935.StaticMeshComponent0  | Element's owner: StaticMeshActor /Game/Loki/Maps/Tutorial/LVL_Tutorial/_Generated_/BOB0V3LGLZ3W831TO2QWY16L8.LVL_Tutorial:PersistentLevel.StaticMeshActor_UAID_7C507962E179A46102_1840619935 | Bounds: X=2687.719 Y=3389.989 | Threshold: 1000.00
LogNavigationDirtyArea: Warning: Adding an oversized dirty area: From: Addition to navoctree | Object: StaticMeshComponent /Game/Loki/Maps/Tutorial/LVL_Tutorial/_Generated_/BOB0V3LGLZ3W831TO2QWY16L8.LVL_Tutorial:PersistentLevel.StaticMeshActor_UAID_7C507962E179A46102_1829546934.StaticMeshComponent0  | Element's owner: StaticMeshActor /Game/Loki/Maps/Tutorial/LVL_Tutorial/_Generated_/BOB0V3LGLZ3W831TO2QWY16L8.LVL_Tutorial:PersistentLevel.StaticMeshActor_UAID_7C507962E179A46102_1829546934 | Bounds: X=3205.183 Y=2115.759 | Threshold: 1000.00
LogNavigationDirtyArea: Warning: Adding an oversized dirty area: From: Addition to navoctree | Object: StaticMeshComponent /Game/Loki/Maps/Tutorial/LVL_Tutorial/_Generated_/B5IFBCZJ08RZX4W5699VZG1HR.LVL_Tutorial:PersistentLevel.StaticMeshActor_UAID_7C507962E179A46102_1865795937.StaticMeshComponent0  | Element's owner: StaticMeshActor /Game/Loki/Maps/Tutorial/LVL_Tutorial/_Generated_/B5IFBCZJ08RZX4W5699VZG1HR.LVL_Tutorial:PersistentLevel.StaticMeshActor_UAID_7C507962E179A46102_1865795937 | Bounds: X=3000.655 Y=2194.542 | Threshold: 1000.00
LogNavigationDirtyArea: Warning: Adding an oversized dirty area: From: Addition to navoctree | Object: StaticMeshComponent /Game/Loki/Maps/Tutorial/LVL_Tutorial/_Generated_/379F26X7K50IDQ4KJUPTXNXFV.LVL_Tutorial:PersistentLevel.StaticMeshActor_UAID_7C507962E179846802_1710476557.StaticMeshComponent0  | Element's owner: StaticMeshActor /Game/Loki/Maps/Tutorial/LVL_Tutorial/_Generated_/379F26X7K50IDQ4KJUPTXNXFV.LVL_Tutorial:PersistentLevel.StaticMeshActor_UAID_7C507962E179846802_1710476557 | Bounds: X=2775.965 Y=2195.002 | Threshold: 1000.00
LogNavigationDirtyArea: Warning: Adding an oversized dirty area: From: Addition to navoctree | Object: StaticMeshComponent /Game/Loki/Maps/Tutorial/LVL_Tutorial/_Generated_/379F26X7K50IDQ4KJUPTXNXFV.LVL_Tutorial:PersistentLevel.StaticMeshActor_UAID_047C167303112D6A02_2067494355.StaticMeshComponent0  | Element's owner: StaticMeshActor /Game/Loki/Maps/Tutorial/LVL_Tutorial/_Generated_/379F26X7K50IDQ4KJUPTXNXFV.LVL_Tutorial:PersistentLevel.StaticMeshActor_UAID_047C167303112D6A02_2067494355 | Bounds: X=1303.282 Y=1319.465 | Threshold: 1000.00
LogNavigationDirtyArea: Warning: Adding an oversized dirty area: From: Addition to navoctree | Object: StaticMeshComponent /Game/Loki/Maps/Tutorial/LVL_Tutorial/_Generated_/379F26X7K50IDQ4KJUPTXNXFV.LVL_Tutorial:PersistentLevel.StaticMeshActor_UAID_047C167303112D6A02_1996318354.StaticMeshComponent0  | Element's owner: StaticMeshActor /Game/Loki/Maps/Tutorial/LVL_Tutorial/_Generated_/379F26X7K50IDQ4KJUPTXNXFV.LVL_Tutorial:PersistentLevel.StaticMeshActor_UAID_047C167303112D6A02_1996318354 | Bounds: X=1066.518 Y=854.686 | Threshold: 1000.00
LogNavigationDirtyArea: Warning: Adding an oversized dirty area: From: Addition to navoctree | Object: StaticMeshComponent /Game/Loki/Maps/Tutorial/LVL_Tutorial/_Generated_/379F26X7K50IDQ4KJUPTXNXFV.LVL_Tutorial:PersistentLevel.StaticMeshActor_UAID_7C507962E179ED6102_1811964745.StaticMeshComponent0  | Element's owner: StaticMeshActor /Game/Loki/Maps/Tutorial/LVL_Tutorial/_Generated_/379F26X7K50IDQ4KJUPTXNXFV.LVL_Tutorial:PersistentLevel.StaticMeshActor_UAID_7C507962E179ED6102_1811964745 | Bounds: X=3394.790 Y=2763.679 | Threshold: 1000.00
LogNavigationDirtyArea: Warning: Adding an oversized dirty area: From: Addition to navoctree | Object: StaticMeshComponent /Game/Loki/Maps/Tutorial/LVL_Tutorial/_Generated_/379F26X7K50IDQ4KJUPTXNXFV.LVL_Tutorial:PersistentLevel.StaticMeshActor_UAID_7C507962E179ED6102_1796815744.StaticMeshComponent0  | Element's owner: StaticMeshActor /Game/Loki/Maps/Tutorial/LVL_Tutorial/_Generated_/379F26X7K50IDQ4KJUPTXNXFV.LVL_Tutorial:PersistentLevel.StaticMeshActor_UAID_7C507962E179ED6102_1796815744 | Bounds: X=3394.790 Y=2763.679 | Threshold: 1000.00
#1531 GET /storefront/battlepass/progressiontracks -> 200
LogNavigationDirtyArea: Warning: Adding an oversized dirty area: From: Addition to navoctree | Object: StaticMeshComponent /Game/Loki/Maps/Tutorial/LVL_Tutorial/_Generated_/4UMY8J87WY5QWSCNU9VWJHQ35.LVL_Tutorial:PersistentLevel.StaticMeshActor_UAID_7C507962E179A46102_1813566933.StaticMeshComponent0  | Element's owner: StaticMeshActor /Game/Loki/Maps/Tutorial/LVL_Tutorial/_Generated_/4UMY8J87WY5QWSCNU9VWJHQ35.LVL_Tutorial:PersistentLevel.StaticMeshActor_UAID_7C507962E179A46102_1813566933 | Bounds: X=3205.183 Y=2115.759 | Threshold: 1000.00
LogNavigationDirtyArea: Warning: Adding an oversized dirty area: From: Addition to navoctree | Object: StaticMeshComponent /Game/Loki/Maps/Tutorial/LVL_Tutorial/_Generated_/4UMY8J87WY5QWSCNU9VWJHQ35.LVL_Tutorial:PersistentLevel.StaticMeshActor_UAID_7C507962E179DB6802_1093132901.StaticMeshComponent0  | Element's owner: StaticMeshActor /Game/Loki/Maps/Tutorial/LVL_Tutorial/_Generated_/4UMY8J87WY5QWSCNU9VWJHQ35.LVL_Tutorial:PersistentLevel.StaticMeshActor_UAID_7C507962E179DB6802_1093132901 | Bounds: X=612.898 Y=1037.216 | Threshold: 1000.00
LogNavigationDirtyArea: Warning: Adding an oversized dirty area: From: Addition to navoctree | Object: StaticMeshComponent /Game/Loki/Maps/Tutorial/LVL_Tutorial/_Generated_/4UMY8J87WY5QWSCNU9VWJHQ35.LVL_Tutorial:PersistentLevel.StaticMeshActor_UAID_7C507962E179856802_1209721747.StaticMeshComponent0  | Element's owner: StaticMeshActor /Game/Loki/Maps/Tutorial/LVL_Tutorial/_Generated_/4UMY8J87WY5QWSCNU9VWJHQ35.LVL_Tutorial:PersistentLevel.StaticMeshActor_UAID_7C507962E179856802_1209721747 | Bounds: X=1146.911 Y=1439.151 | Threshold: 1000.00
LogNavigationDirtyArea: Warning: Adding an oversized dirty area: From: Addition to navoctree | Object: StaticMeshComponent /Game/Loki/Maps/Tutorial/LVL_Tutorial/_Generated_/4UMY8J87WY5QWSCNU9VWJHQ35.LVL_Tutorial:PersistentLevel.StaticMeshActor_UAID_7C507962E1794C6102_1948009436.StaticMeshComponent0  | Element's owner: StaticMeshActor /Game/Loki/Maps/Tutorial/LVL_Tutorial/_Generated_/4UMY8J87WY5QWSCNU9VWJHQ35.LVL_Tutorial:PersistentLevel.StaticMeshActor_UAID_7C507962E1794C6102_1948009436 | Bounds: X=2138.163 Y=2178.065 | Threshold: 1000.00
LogNavigationDirtyArea: Warning: Adding an oversized dirty area: From: Addition to navoctree | Object: SplineMeshComponent /Game/Loki/Maps/Tutorial/LVL_Tutorial/_Generated_/4UMY8J87WY5QWSCNU9VWJHQ35.LVL_Tutorial:PersistentLevel.BP_SY_AbyssRock_Cliff_C_UAID_7C507962E1794C6102_1812511429.NODE_AddSplineMeshComponent-0  | Element's owner: BP_SY_AbyssRock_Cliff_C /Game/Loki/Maps/Tutorial/LVL_Tutorial/_Generated_/4UMY8J87WY5QWSCNU9VWJHQ35.LVL_Tutorial:PersistentLevel.BP_SY_AbyssRock_Cliff_C_UAID_7C507962E1794C6102_1812511429 | Bounds: X=1493.364 Y=1353.945 | Threshold: 1000.00
LogNavigationDirtyArea: Warning: Adding an oversized dirty area: From: Addition to navoctree | Object: SplineMeshComponent /Game/Loki/Maps/Tutorial/LVL_Tutorial/_Generated_/4UMY8J87WY5QWSCNU9VWJHQ35.LVL_Tutorial:PersistentLevel.BP_SY_AbyssRock_Cliff_C_UAID_7C507962E1794C6102_1812511429.NODE_AddSplineMeshComponent-0_0  | Element's owner: BP_SY_AbyssRock_Cliff_C /Game/Loki/Maps/Tutorial/LVL_Tutorial/_Generated_/4UMY8J87WY5QWSCNU9VWJHQ35.LVL_Tutorial:PersistentLevel.BP_SY_AbyssRock_Cliff_C_UAID_7C507962E1794C6102_1812511429 | Bounds: X=1080.704 Y=1087.378 | Threshold: 1000.00
LogNavigationDirtyArea: Warning: Adding an oversized dirty area: From: Addition to navoctree | Object: SplineMeshComponent /Game/Loki/Maps/Tutorial/LVL_Tutorial/_Generated_/4UMY8J87WY5QWSCNU9VWJHQ35.LVL_Tutorial:PersistentLevel.BP_SY_AbyssRock_Cliff_C_UAID_7C507962E1794C6102_1812511429.NODE_AddSplineMeshComponent-0_1  | Element's owner: BP_SY_AbyssRock_Cliff_C /Game/Loki/Maps/Tutorial/LVL_Tutorial/_Generated_/4UMY8J87WY5QWSCNU9VWJHQ35.LVL_Tutorial:PersistentLevel.BP_SY_AbyssRock_Cliff_C_UAID_7C507962E1794C6102_1812511429 | Bounds: X=1369.372 Y=1300.384 | Threshold: 1000.00
LogNavigationDirtyArea: Warning: Adding an oversized dirty area: From: Addition to navoctree | Object: StaticMeshComponent /Game/Loki/Maps/Tutorial/LVL_Tutorial/_Generated_/4UMY8J87WY5QWSCNU9VWJHQ35.LVL_Tutorial:PersistentLevel.StaticMeshActor_UAID_7C507962E179856802_1250166749.StaticMeshComponent0  | Element's owner: StaticMeshActor /Game/Loki/Maps/Tutorial/LVL_Tutorial/_Generated_/4UMY8J87WY5QWSCNU9VWJHQ35.LVL_Tutorial:PersistentLevel.StaticMeshActor_UAID_7C507962E179856802_1250166749 | Bounds: X=952.880 Y=1305.391 | Threshold: 1000.00
LogNavigationDirtyArea: Warning: Adding an oversized dirty area: From: Addition to navoctree | Object: StaticMeshComponent /Game/Loki/Maps/Tutorial/LVL_Tutorial/_Generated_/4UMY8J87WY5QWSCNU9VWJHQ35.LVL_Tutorial:PersistentLevel.StaticMeshActor_UAID_7C507962E179506102_2029298180.StaticMeshComponent0  | Element's owner: StaticMeshActor /Game/Loki/Maps/Tutorial/LVL_Tutorial/_Generated_/4UMY8J87WY5QWSCNU9VWJHQ35.LVL_Tutorial:PersistentLevel.StaticMeshActor_UAID_7C507962E179506102_2029298180 | Bounds: X=937.447 Y=1037.724 | Threshold: 1000.00
LogNavigationDirtyArea: Warning: Adding an oversized dirty area: From: Addition to navoctree | Object: StaticMeshComponent /Game/Loki/Maps/Tutorial/LVL_Tutorial/_Generated_/4UMY8J87WY5QWSCNU9VWJHQ35.LVL_Tutorial:PersistentLevel.StaticMeshActor_UAID_7C507962E1794C6102_1926452434.StaticMeshComponent0  | Element's owner: StaticMeshActor /Game/Loki/Maps/Tutorial/LVL_Tutorial/_Generated_/4UMY8J87WY5QWSCNU9VWJHQ35.LVL_Tutorial:PersistentLevel.StaticMeshActor_UAID_7C507962E1794C6102_1926452434 | Bounds: X=2538.226 Y=2544.650 | Threshold: 1000.00
LogNavigationDirtyArea: Warning: Adding an oversized dirty area: From: Addition to navoctree | Object: SplineMeshComponent /Game/Loki/Maps/Tutorial/LVL_Tutorial/_Generated_/4UMY8J87WY5QWSCNU9VWJHQ35.LVL_Tutorial:PersistentLevel.BP_SY_AbyssRock_Cliff_C_UAID_7C507962E179486102_2032432630.NODE_AddSplineMeshComponent-0  | Element's owner: BP_SY_AbyssRock_Cliff_C /Game/Loki/Maps/Tutorial/LVL_Tutorial/_Generated_/4UMY8J87WY5QWSCNU9VWJHQ35.LVL_Tutorial:PersistentLevel.BP_SY_AbyssRock_Cliff_C_UAID_7C507962E179486102_2032432630 | Bounds: X=635.008 Y=1019.853 | Threshold: 1000.00
LogNavigationDirtyArea: Warning: Adding an oversized dirty area: From: Addition to navoctree | Object: SplineMeshComponent /Game/Loki/Maps/Tutorial/LVL_Tutorial/_Generated_/4UMY8J87WY5QWSCNU9VWJHQ35.LVL_Tutorial:PersistentLevel.BP_SY_AbyssRock_Cliff_C_UAID_7C507962E179486102_2032432630.NODE_AddSplineMeshComponent-0_0  | Element's owner: BP_SY_AbyssRock_Cliff_C /Game/Loki/Maps/Tutorial/LVL_Tutorial/_Generated_/4UMY8J87WY5QWSCNU9VWJHQ35.LVL_Tutorial:PersistentLevel.BP_SY_AbyssRock_Cliff_C_UAID_7C507962E179486102_2032432630 | Bounds: X=526.154 Y=1018.848 | Threshold: 1000.00
LogNavigationDirtyArea: Warning: Adding an oversized dirty area: From: Addition to navoctree | Object: SplineMeshComponent /Game/Loki/Maps/Tutorial/LVL_Tutorial/_Generated_/4UMY8J87WY5QWSCNU9VWJHQ35.LVL_Tutorial:PersistentLevel.BP_SY_AbyssRock_Cliff_C_UAID_7C507962E179486102_2056473631.NODE_AddSplineMeshComponent-0  | Element's owner: BP_SY_AbyssRock_Cliff_C /Game/Loki/Maps/Tutorial/LVL_Tutorial/_Generated_/4UMY8J87WY5QWSCNU9VWJHQ35.LVL_Tutorial:PersistentLevel.BP_SY_AbyssRock_Cliff_C_UAID_7C507962E179486102_2056473631 | Bounds: X=725.284 Y=1089.245 | Threshold: 1000.00
LogNavigationDirtyArea: Warning: Adding an oversized dirty area: From: Addition to navoctree | Object: SplineMeshComponent /Game/Loki/Maps/Tutorial/LVL_Tutorial/_Generated_/4UMY8J87WY5QWSCNU9VWJHQ35.LVL_Tutorial:PersistentLevel.BP_SY_AbyssRock_Cliff_C_UAID_7C507962E179486102_2056473631.NODE_AddSplineMeshComponent-0_1  | Element's owner: BP_SY_AbyssRock_Cliff_C /Game/Loki/Maps/Tutorial/LVL_Tutorial/_Generated_/4UMY8J87WY5QWSCNU9VWJHQ35.LVL_Tutorial:PersistentLevel.BP_SY_AbyssRock_Cliff_C_UAID_7C507962E179486102_2056473631 | Bounds: X=1148.392 Y=1003.427 | Threshold: 1000.00
LogNavigationDirtyArea: Warning: Adding an oversized dirty area: From: Addition to navoctree | Object: SplineMeshComponent /Game/Loki/Maps/Tutorial/LVL_Tutorial/_Generated_/4UMY8J87WY5QWSCNU9VWJHQ35.LVL_Tutorial:PersistentLevel.BP_SY_AbyssRock_Cliff_C_UAID_7C507962E179486102_2056473631.NODE_AddSplineMeshComponent-0_2  | Element's owner: BP_SY_AbyssRock_Cliff_C /Game/Loki/Maps/Tutorial/LVL_Tutorial/_Generated_/4UMY8J87WY5QWSCNU9VWJHQ35.LVL_Tutorial:PersistentLevel.BP_SY_AbyssRock_Cliff_C_UAID_7C507962E179486102_2056473631 | Bounds: X=940.935 Y=1064.242 | Threshold: 1000.00
#1532 GET /storefront/battlepass/progressiontracks -> 200
LogNavigationDirtyArea: Warning: Adding an oversized dirty area: From: Addition to navoctree | Object: StaticMeshComponent /Game/Loki/Maps/Tutorial/LVL_Tutorial/_Generated_/4UMY8J87WY5QWSCNU9VWJHQ35.LVL_Tutorial:PersistentLevel.StaticMeshActor_UAID_7C507962E179DB6802_1098397902.StaticMeshComponent0  | Element's owner: StaticMeshActor /Game/Loki/Maps/Tutorial/LVL_Tutorial/_Generated_/4UMY8J87WY5QWSCNU9VWJHQ35.LVL_Tutorial:PersistentLevel.StaticMeshActor_UAID_7C507962E179DB6802_1098397902 | Bounds: X=447.639 Y=1006.382 | Threshold: 1000.00
LogNavigationDirtyArea: Warning: Adding an oversized dirty area: From: Addition to navoctree | Object: StaticMeshComponent /Game/Loki/Maps/Tutorial/LVL_Tutorial/_Generated_/0VQMW789KRJV3RRLNF852H6TF.LVL_Tutorial:PersistentLevel.StaticMeshActor_UAID_7C507962E179456802_2037173510.StaticMeshComponent0  | Element's owner: StaticMeshActor /Game/Loki/Maps/Tutorial/LVL_Tutorial/_Generated_/0VQMW789KRJV3RRLNF852H6TF.LVL_Tutorial:PersistentLevel.StaticMeshActor_UAID_7C507962E179456802_2037173510 | Bounds: X=987.287 Y=1312.914 | Threshold: 1000.00
LogNavigationDirtyArea: Warning: Adding an oversized dirty area: From: Addition to navoctree | Object: StaticMeshComponent /Game/Loki/Maps/Tutorial/LVL_Tutorial/_Generated_/0VQMW789KRJV3RRLNF852H6TF.LVL_Tutorial:PersistentLevel.StaticMeshActor_UAID_7C507962E179FB6102_1254506400.StaticMeshComponent0  | Element's owner: StaticMeshActor /Game/Loki/Maps/Tutorial/LVL_Tutorial/_Generated_/0VQMW789KRJV3RRLNF852H6TF.LVL_Tutorial:PersistentLevel.StaticMeshActor_UAID_7C507962E179FB6102_1254506400 | Bounds: X=1069.200 Y=903.489 | Threshold: 1000.00
LogNavigationDirtyArea: Warning: Adding an oversized dirty area: From: Addition to navoctree | Object: StaticMeshComponent /Game/Loki/Maps/Tutorial/LVL_Tutorial/_Generated_/0VQMW789KRJV3RRLNF852H6TF.LVL_Tutorial:PersistentLevel.StaticMeshActor_UAID_7C507962E179846802_1973079565.StaticMeshComponent0  | Element's owner: StaticMeshActor /Game/Loki/Maps/Tutorial/LVL_Tutorial/_Generated_/0VQMW789KRJV3RRLNF852H6TF.LVL_Tutorial:PersistentLevel.StaticMeshActor_UAID_7C507962E179846802_1973079565 | Bounds: X=871.164 Y=1130.095 | Threshold: 1000.00
LogNavigationDirtyArea: Warning: Adding an oversized dirty area: From: Addition to navoctree | Object: SplineMeshComponent /Game/Loki/Maps/Tutorial/LVL_Tutorial/_Generated_/0VQMW789KRJV3RRLNF852H6TF.LVL_Tutorial:PersistentLevel.BP_SY_AbyssRock_Cliff_C_UAID_047C16730311FD5502_1180218787.NODE_AddSplineMeshComponent-0  | Element's owner: BP_SY_AbyssRock_Cliff_C /Game/Loki/Maps/Tutorial/LVL_Tutorial/_Generated_/0VQMW789KRJV3RRLNF852H6TF.LVL_Tutorial:PersistentLevel.BP_SY_AbyssRock_Cliff_C_UAID_047C16730311FD5502_1180218787 | Bounds: X=978.227 Y=1191.036 | Threshold: 1000.00
LogNavigationDirtyArea: Warning: Adding an oversized dirty area: From: Addition to navoctree | Object: SplineMeshComponent /Game/Loki/Maps/Tutorial/LVL_Tutorial/_Generated_/0VQMW789KRJV3RRLNF852H6TF.LVL_Tutorial:PersistentLevel.BP_SY_AbyssRock_Cliff_C_UAID_047C16730311FD5502_1180218787.NODE_AddSplineMeshComponent-0_0  | Element's owner: BP_SY_AbyssRock_Cliff_C /Game/Loki/Maps/Tutorial/LVL_Tutorial/_Generated_/0VQMW789KRJV3RRLNF852H6TF.LVL_Tutorial:PersistentLevel.BP_SY_AbyssRock_Cliff_C_UAID_047C16730311FD5502_1180218787 | Bounds: X=1057.264 Y=892.247 | Threshold: 1000.00
LogNavigationDirtyArea: Warning: Adding an oversized dirty area: From: Addition to navoctree | Object: SplineMeshComponent /Game/Loki/Maps/Tutorial/LVL_Tutorial/_Generated_/0VQMW789KRJV3RRLNF852H6TF.LVL_Tutorial:PersistentLevel.BP_SY_AbyssRock_Cliff_C_UAID_047C16730311FD5502_1180218787.NODE_AddSplineMeshComponent-0_1  | Element's owner: BP_SY_AbyssRock_Cliff_C /Game/Loki/Maps/Tutorial/LVL_Tutorial/_Generated_/0VQMW789KRJV3RRLNF852H6TF.LVL_Tutorial:PersistentLevel.BP_SY_AbyssRock_Cliff_C_UAID_047C16730311FD5502_1180218787 | Bounds: X=1031.267 Y=1179.893 | Threshold: 1000.00
LogNavigationDirtyArea: Warning: Adding an oversized dirty area: From: Addition to navoctree | Object: SplineMeshComponent /Game/Loki/Maps/Tutorial/LVL_Tutorial/_Generated_/0VQMW789KRJV3RRLNF852H6TF.LVL_Tutorial:PersistentLevel.BP_SY_AbyssRock_Cliff_C_UAID_047C16730311FD5502_1180218787.NODE_AddSplineMeshComponent-0_2  | Element's owner: BP_SY_AbyssRock_Cliff_C /Game/Loki/Maps/Tutorial/LVL_Tutorial/_Generated_/0VQMW789KRJV3RRLNF852H6TF.LVL_Tutorial:PersistentLevel.BP_SY_AbyssRock_Cliff_C_UAID_047C16730311FD5502_1180218787 | Bounds: X=1123.116 Y=1208.173 | Threshold: 1000.00
LogNavigationDirtyArea: Warning: Adding an oversized dirty area: From: Addition to navoctree | Object: SplineMeshComponent /Game/Loki/Maps/Tutorial/LVL_Tutorial/_Generated_/0VQMW789KRJV3RRLNF852H6TF.LVL_Tutorial:PersistentLevel.BP_SY_AbyssRock_Cliff_C_UAID_047C16730311FD5502_1180218787.NODE_AddSplineMeshComponent-0_3  | Element's owner: BP_SY_AbyssRock_Cliff_C /Game/Loki/Maps/Tutorial/LVL_Tutorial/_Generated_/0VQMW789KRJV3RRLNF852H6TF.LVL_Tutorial:PersistentLevel.BP_SY_AbyssRock_Cliff_C_UAID_047C16730311FD5502_1180218787 | Bounds: X=1447.441 Y=1398.525 | Threshold: 1000.00
LogNavigationDirtyArea: Warning: Adding an oversized dirty area: From: Addition to navoctree | Object: StaticMeshComponent /Game/Loki/Maps/Tutorial/LVL_Tutorial/_Generated_/0VQMW789KRJV3RRLNF852H6TF.LVL_Tutorial:PersistentLevel.StaticMeshActor_UAID_7C507962E179516102_1367882381.StaticMeshComponent0  | Element's owner: StaticMeshActor /Game/Loki/Maps/Tutorial/LVL_Tutorial/_Generated_/0VQMW789KRJV3RRLNF852H6TF.LVL_Tutorial:PersistentLevel.StaticMeshActor_UAID_7C507962E179516102_1367882381 | Bounds: X=1707.095 Y=1762.836 | Threshold: 1000.00
LogNavigationDirtyArea: Warning: Adding an oversized dirty area: From: Addition to navoctree | Object: StaticMeshComponent /Game/Loki/Maps/Tutorial/LVL_Tutorial/_Generated_/0VQMW789KRJV3RRLNF852H6TF.LVL_Tutorial:PersistentLevel.StaticMeshActor_UAID_7C507962E179FC6102_1241400617.StaticMeshComponent0  | Element's owner: StaticMeshActor /Game/Loki/Maps/Tutorial/LVL_Tutorial/_Generated_/0VQMW789KRJV3RRLNF852H6TF.LVL_Tutorial:PersistentLevel.StaticMeshActor_UAID_7C507962E179FC6102_1241400617 | Bounds: X=997.683 Y=1037.863 | Threshold: 1000.00
LogNavigationDirtyArea: Warning: Adding an oversized dirty area: From: Addition to navoctree | Object: SplineMeshComponent /Game/Loki/Maps/Tutorial/LVL_Tutorial/_Generated_/0VQMW789KRJV3RRLNF852H6TF.LVL_Tutorial:PersistentLevel.BP_SY_AbyssRock_Cliff_C_UAID_7C507962E1794C6102_1887147432.NODE_AddSplineMeshComponent-0  | Element's owner: BP_SY_AbyssRock_Cliff_C /Game/Loki/Maps/Tutorial/LVL_Tutorial/_Generated_/0VQMW789KRJV3RRLNF852H6TF.LVL_Tutorial:PersistentLevel.BP_SY_AbyssRock_Cliff_C_UAID_7C507962E1794C6102_1887147432 | Bounds: X=1386.799 Y=1284.790 | Threshold: 1000.00
LogNavigationDirtyArea: Warning: Adding an oversized dirty area: From: Addition to navoctree | Object: SplineMeshComponent /Game/Loki/Maps/Tutorial/LVL_Tutorial/_Generated_/0VQMW789KRJV3RRLNF852H6TF.LVL_Tutorial:PersistentLevel.BP_SY_AbyssRock_Cliff_C_UAID_7C507962E1794C6102_1887147432.NODE_AddSplineMeshComponent-0_0  | Element's owner: BP_SY_AbyssRock_Cliff_C /Game/Loki/Maps/Tutorial/LVL_Tutorial/_Generated_/0VQMW789KRJV3RRLNF852H6TF.LVL_Tutorial:PersistentLevel.BP_SY_AbyssRock_Cliff_C_UAID_7C507962E1794C6102_1887147432 | Bounds: X=1437.612 Y=1254.605 | Threshold: 1000.00
LogNavigationDirtyArea: Warning: Adding an oversized dirty area: From: Addition to navoctree | Object: SplineMeshComponent /Game/Loki/Maps/Tutorial/LVL_Tutorial/_Generated_/0VQMW789KRJV3RRLNF852H6TF.LVL_Tutorial:PersistentLevel.BP_SY_AbyssRock_Cliff_C_UAID_7C507962E1794C6102_1887147432.NODE_AddSplineMeshComponent-0_1  | Element's owner: BP_SY_AbyssRock_Cliff_C /Game/Loki/Maps/Tutorial/LVL_Tutorial/_Generated_/0VQMW789KRJV3RRLNF852H6TF.LVL_Tutorial:PersistentLevel.BP_SY_AbyssRock_Cliff_C_UAID_7C507962E1794C6102_1887147432 | Bounds: X=1152.479 Y=1217.732 | Threshold: 1000.00
LogNavigationDirtyArea: Warning: Adding an oversized dirty area: From: Addition to navoctree | Object: StaticMeshComponent /Game/Loki/Maps/Tutorial/LVL_Tutorial/_Generated_/0VQMW789KRJV3RRLNF852H6TF.LVL_Tutorial:PersistentLevel.StaticMeshActor_UAID_7C507962E179516102_1377817382.StaticMeshComponent0  | Element's owner: StaticMeshActor /Game/Loki/Maps/Tutorial/LVL_Tutorial/_Generated_/0VQMW789KRJV3RRLNF852H6TF.LVL_Tutorial:PersistentLevel.StaticMeshActor_UAID_7C507962E179516102_1377817382 | Bounds: X=2040.859 Y=2025.920 | Threshold: 1000.00
LogNavigationDirtyArea: Warning: Adding an oversized dirty area: From: Addition to navoctree | Object: StaticMeshComponent /Game/Loki/Maps/Tutorial/LVL_Tutorial/_Generated_/4H6LZYMJJNW823H2GX533SSXB.LVL_Tutorial:PersistentLevel.StaticMeshActor_UAID_7C507962E179FB6102_1550102408.StaticMeshComponent0  | Element's owner: StaticMeshActor /Game/Loki/Maps/Tutorial/LVL_Tutorial/_Generated_/4H6LZYMJJNW823H2GX533SSXB.LVL_Tutorial:PersistentLevel.StaticMeshActor_UAID_7C507962E179FB6102_1550102408 | Bounds: X=1039.808 Y=1091.242 | Threshold: 1000.00
LogNavigationDirtyArea: Warning: Adding an oversized dirty area: From: Addition to navoctree | Object: SplineMeshComponent /Game/Loki/Maps/Tutorial/LVL_Tutorial/_Generated_/4H6LZYMJJNW823H2GX533SSXB.LVL_Tutorial:PersistentLevel.BP_SY_AbyssRock_Cliff_C_UAID_7C507962E179506102_1711210154.NODE_AddSplineMeshComponent-0  | Element's owner: BP_SY_AbyssRock_Cliff_C /Game/Loki/Maps/Tutorial/LVL_Tutorial/_Generated_/4H6LZYMJJNW823H2GX533SSXB.LVL_Tutorial:PersistentLevel.BP_SY_AbyssRock_Cliff_C_UAID_7C507962E179506102_1711210154 | Bounds: X=1238.002 Y=1062.032 | Threshold: 1000.00
LogNavigationDirtyArea: Warning: Adding an oversized dirty area: From: Addition to navoctree | Object: SplineMeshComponent /Game/Loki/Maps/Tutorial/LVL_Tutorial/_Generated_/4H6LZYMJJNW823H2GX533SSXB.LVL_Tutorial:PersistentLevel.BP_SY_AbyssRock_Cliff_C_UAID_7C507962E179506102_1711210154.NODE_AddSplineMeshComponent-0_0  | Element's owner: BP_SY_AbyssRock_Cliff_C /Game/Loki/Maps/Tutorial/LVL_Tutorial/_Generated_/4H6LZYMJJNW823H2GX533SSXB.LVL_Tutorial:PersistentLevel.BP_SY_AbyssRock_Cliff_C_UAID_7C507962E179506102_1711210154 | Bounds: X=1194.605 Y=1036.958 | Threshold: 1000.00
LogNavigationDirtyArea: Warning: Adding an oversized dirty area: From: Addition to navoctree | Object: SplineMeshComponent /Game/Loki/Maps/Tutorial/LVL_Tutorial/_Generated_/4H6LZYMJJNW823H2GX533SSXB.LVL_Tutorial:PersistentLevel.BP_SY_AbyssRock_Cliff_C_UAID_7C507962E179506102_1711210154.NODE_AddSplineMeshComponent-0_1  | Element's owner: BP_SY_AbyssRock_Cliff_C /Game/Loki/Maps/Tutorial/LVL_Tutorial/_Generated_/4H6LZYMJJNW823H2GX533SSXB.LVL_Tutorial:PersistentLevel.BP_SY_AbyssRock_Cliff_C_UAID_7C507962E179506102_1711210154 | Bounds: X=1177.842 Y=1046.394 | Threshold: 1000.00
LogNavigationDirtyArea: Warning: Adding an oversized dirty area: From: Addition to navoctree | Object: SplineMeshComponent /Game/Loki/Maps/Tutorial/LVL_Tutorial/_Generated_/4H6LZYMJJNW823H2GX533SSXB.LVL_Tutorial:PersistentLevel.BP_SY_AbyssRock_Cliff_C_UAID_7C507962E179506102_1711210154.NODE_AddSplineMeshComponent-0_2  | Element's owner: BP_SY_AbyssRock_Cliff_C /Game/Loki/Maps/Tutorial/LVL_Tutorial/_Generated_/4H6LZYMJJNW823H2GX533SSXB.LVL_Tutorial:PersistentLevel.BP_SY_AbyssRock_Cliff_C_UAID_7C507962E179506102_1711210154 | Bounds: X=949.560 Y=1070.497 | Threshold: 1000.00
LogNavigationDirtyArea: Warning: Adding an oversized dirty area: From: Addition to navoctree | Object: SplineMeshComponent /Game/Loki/Maps/Tutorial/LVL_Tutorial/_Generated_/4H6LZYMJJNW823H2GX533SSXB.LVL_Tutorial:PersistentLevel.BP_SY_AbyssRock_Cliff_C_UAID_7C507962E179506102_1711210154.NODE_AddSplineMeshComponent-0_3  | Element's owner: BP_SY_AbyssRock_Cliff_C /Game/Loki/Maps/Tutorial/LVL_Tutorial/_Generated_/4H6LZYMJJNW823H2GX533SSXB.LVL_Tutorial:PersistentLevel.BP_SY_AbyssRock_Cliff_C_UAID_7C507962E179506102_1711210154 | Bounds: X=1381.089 Y=1434.335 | Threshold: 1000.00
LogNavigationDirtyArea: Warning: Adding an oversized dirty area: From: Addition to navoctree | Object: SplineMeshComponent /Game/Loki/Maps/Tutorial/LVL_Tutorial/_Generated_/4H6LZYMJJNW823H2GX533SSXB.LVL_Tutorial:PersistentLevel.BP_SY_AbyssRock_Cliff_C_UAID_7C507962E179506102_1711210154.NODE_AddSplineMeshComponent-0_4  | Element's owner: BP_SY_AbyssRock_Cliff_C /Game/Loki/Maps/Tutorial/LVL_Tutorial/_Generated_/4H6LZYMJJNW823H2GX533SSXB.LVL_Tutorial:PersistentLevel.BP_SY_AbyssRock_Cliff_C_UAID_7C507962E179506102_1711210154 | Bounds: X=1360.882 Y=1427.520 | Threshold: 1000.00
LogNavigationDirtyArea: Warning: Adding an oversized dirty area: From: Addition to navoctree | Object: SplineMeshComponent /Game/Loki/Maps/Tutorial/LVL_Tutorial/_Generated_/4H6LZYMJJNW823H2GX533SSXB.LVL_Tutorial:PersistentLevel.BP_SY_AbyssRock_Cliff_C_UAID_7C507962E179506102_1711210154.NODE_AddSplineMeshComponent-0_5  | Element's owner: BP_SY_AbyssRock_Cliff_C /Game/Loki/Maps/Tutorial/LVL_Tutorial/_Generated_/4H6LZYMJJNW823H2GX533SSXB.LVL_Tutorial:PersistentLevel.BP_SY_AbyssRock_Cliff_C_UAID_7C507962E179506102_1711210154 | Bounds: X=952.039 Y=1006.170 | Threshold: 1000.00
LogNavigationDirtyArea: Warning: Adding an oversized dirty area: From: Addition to navoctree | Object: StaticMeshComponent /Game/Loki/Maps/Tutorial/LVL_Tutorial/_Generated_/4H6LZYMJJNW823H2GX533SSXB.LVL_Tutorial:PersistentLevel.StaticMeshActor_UAID_7C507962E179DA6802_2121570723.StaticMeshComponent0  | Element's owner: StaticMeshActor /Game/Loki/Maps/Tutorial/LVL_Tutorial/_Generated_/4H6LZYMJJNW823H2GX533SSXB.LVL_Tutorial:PersistentLevel.StaticMeshActor_UAID_7C507962E179DA6802_2121570723 | Bounds: X=926.956 Y=1612.742 | Threshold: 1000.00
LogNavigationDirtyArea: Warning: Adding an oversized dirty area: From: Addition to navoctree | Object: SplineMeshComponent /Game/Loki/Maps/Tutorial/LVL_Tutorial/_Generated_/4H6LZYMJJNW823H2GX533SSXB.LVL_Tutorial:PersistentLevel.BP_SY_AbyssRock_Cliff_C_UAID_7C507962E179A26102_2102216514.NODE_AddSplineMeshComponent-0  | Element's owner: BP_SY_AbyssRock_Cliff_C /Game/Loki/Maps/Tutorial/LVL_Tutorial/_Generated_/4H6LZYMJJNW823H2GX533SSXB.LVL_Tutorial:PersistentLevel.BP_SY_AbyssRock_Cliff_C_UAID_7C507962E179A26102_2102216514 | Bounds: X=1184.417 Y=1131.490 | Threshold: 1000.00
LogNavigationDirtyArea: Warning: Adding an oversized dirty area: From: Addition to navoctree | Object: SplineMeshComponent /Game/Loki/Maps/Tutorial/LVL_Tutorial/_Generated_/4H6LZYMJJNW823H2GX533SSXB.LVL_Tutorial:PersistentLevel.BP_SY_AbyssRock_Cliff_C_UAID_7C507962E179A26102_2102216514.NODE_AddSplineMeshComponent-0_0  | Element's owner: BP_SY_AbyssRock_Cliff_C /Game/Loki/Maps/Tutorial/LVL_Tutorial/_Generated_/4H6LZYMJJNW823H2GX533SSXB.LVL_Tutorial:PersistentLevel.BP_SY_AbyssRock_Cliff_C_UAID_7C507962E179A26102_2102216514 | Bounds: X=1241.806 Y=1056.512 | Threshold: 1000.00
LogNavigationDirtyArea: Warning: Adding an oversized dirty area: From: Addition to navoctree | Object: SplineMeshComponent /Game/Loki/Maps/Tutorial/LVL_Tutorial/_Generated_/4H6LZYMJJNW823H2GX533SSXB.LVL_Tutorial:PersistentLevel.BP_SY_AbyssRock_Cliff_C_UAID_7C507962E179A26102_2102216514.NODE_AddSplineMeshComponent-0_1  | Element's owner: BP_SY_AbyssRock_Cliff_C /Game/Loki/Maps/Tutorial/LVL_Tutorial/_Generated_/4H6LZYMJJNW823H2GX533SSXB.LVL_Tutorial:PersistentLevel.BP_SY_AbyssRock_Cliff_C_UAID_7C507962E179A26102_2102216514 | Bounds: X=1259.633 Y=1193.260 | Threshold: 1000.00
LogNavigationDirtyArea: Warning: Adding an oversized dirty area: From: Addition to navoctree | Object: SplineMeshComponent /Game/Loki/Maps/Tutorial/LVL_Tutorial/_Generated_/4H6LZYMJJNW823H2GX533SSXB.LVL_Tutorial:PersistentLevel.BP_SY_AbyssRock_Cliff_C_UAID_7C507962E179A26102_2102216514.NODE_AddSplineMeshComponent-0_2  | Element's owner: BP_SY_AbyssRock_Cliff_C /Game/Loki/Maps/Tutorial/LVL_Tutorial/_Generated_/4H6LZYMJJNW823H2GX533SSXB.LVL_Tutorial:PersistentLevel.BP_SY_AbyssRock_Cliff_C_UAID_7C507962E179A26102_2102216514 | Bounds: X=1257.416 Y=1099.983 | Threshold: 1000.00
LogNavigationDirtyArea: Warning: Adding an oversized dirty area: From: Addition to navoctree | Object: SplineMeshComponent /Game/Loki/Maps/Tutorial/LVL_Tutorial/_Generated_/4H6LZYMJJNW823H2GX533SSXB.LVL_Tutorial:PersistentLevel.BP_SY_AbyssRock_Cliff_C_UAID_7C507962E179A26102_2102216514.NODE_AddSplineMeshComponent-0_3  | Element's owner: BP_SY_AbyssRock_Cliff_C /Game/Loki/Maps/Tutorial/LVL_Tutorial/_Generated_/4H6LZYMJJNW823H2GX533SSXB.LVL_Tutorial:PersistentLevel.BP_SY_AbyssRock_Cliff_C_UAID_7C507962E179A26102_2102216514 | Bounds: X=964.538 Y=1008.790 | Threshold: 1000.00
LogNavigationDirtyArea: Warning: Adding an oversized dirty area: From: Addition to navoctree | Object: SplineMeshComponent /Game/Loki/Maps/Tutorial/LVL_Tutorial/_Generated_/5P2IGBNJBKOZDLGGIO87H38AB.LVL_Tutorial:PersistentLevel.BP_SY_AbyssRock_Cliff_C_UAID_7C507962E179A36102_1988174696.NODE_AddSplineMeshComponent-0  | Element's owner: BP_SY_AbyssRock_Cliff_C /Game/Loki/Maps/Tutorial/LVL_Tutorial/_Generated_/5P2IGBNJBKOZDLGGIO87H38AB.LVL_Tutorial:PersistentLevel.BP_SY_AbyssRock_Cliff_C_UAID_7C507962E179A36102_1988174696 | Bounds: X=1236.905 Y=1231.431 | Threshold: 1000.00
LogNavigationDirtyArea: Warning: Adding an oversized dirty area: From: Addition to navoctree | Object: SplineMeshComponent /Game/Loki/Maps/Tutorial/LVL_Tutorial/_Generated_/5P2IGBNJBKOZDLGGIO87H38AB.LVL_Tutorial:PersistentLevel.BP_SY_AbyssRock_Cliff_C_UAID_7C507962E179A36102_1988174696.NODE_AddSplineMeshComponent-0_0  | Element's owner: BP_SY_AbyssRock_Cliff_C /Game/Loki/Maps/Tutorial/LVL_Tutorial/_Generated_/5P2IGBNJBKOZDLGGIO87H38AB.LVL_Tutorial:PersistentLevel.BP_SY_AbyssRock_Cliff_C_UAID_7C507962E179A36102_1988174696 | Bounds: X=1205.054 Y=1208.348 | Threshold: 1000.00
LogNavigationDirtyArea: Warning: Adding an oversized dirty area: From: Addition to navoctree | Object: SplineMeshComponent /Game/Loki/Maps/Tutorial/LVL_Tutorial/_Generated_/5P2IGBNJBKOZDLGGIO87H38AB.LVL_Tutorial:PersistentLevel.BP_SY_AbyssRock_Cliff_C_UAID_7C507962E179A36102_1988174696.NODE_AddSplineMeshComponent-0_1  | Element's owner: BP_SY_AbyssRock_Cliff_C /Game/Loki/Maps/Tutorial/LVL_Tutorial/_Generated_/5P2IGBNJBKOZDLGGIO87H38AB.LVL_Tutorial:PersistentLevel.BP_SY_AbyssRock_Cliff_C_UAID_7C507962E179A36102_1988174696 | Bounds: X=1521.224 Y=1516.611 | Threshold: 1000.00
LogNavigationDirtyArea: Warning: Adding an oversized dirty area: From: Addition to navoctree | Object: SplineMeshComponent /Game/Loki/Maps/Tutorial/LVL_Tutorial/_Generated_/5P2IGBNJBKOZDLGGIO87H38AB.LVL_Tutorial:PersistentLevel.BP_SY_AbyssRock_Cliff_C_UAID_7C507962E179A36102_1988174696.NODE_AddSplineMeshComponent-0_2  | Element's owner: BP_SY_AbyssRock_Cliff_C /Game/Loki/Maps/Tutorial/LVL_Tutorial/_Generated_/5P2IGBNJBKOZDLGGIO87H38AB.LVL_Tutorial:PersistentLevel.BP_SY_AbyssRock_Cliff_C_UAID_7C507962E179A36102_1988174696 | Bounds: X=1185.900 Y=1190.420 | Threshold: 1000.00
LogNavigationDirtyArea: Warning: Adding an oversized dirty area: From: Addition to navoctree | Object: StaticMeshComponent /Game/Loki/Maps/Tutorial/LVL_Tutorial/_Generated_/5P2IGBNJBKOZDLGGIO87H38AB.LVL_Tutorial:PersistentLevel.StaticMeshActor_UAID_7C507962E179DB6802_1198583906.StaticMeshComponent0  | Element's owner: StaticMeshActor /Game/Loki/Maps/Tutorial/LVL_Tutorial/_Generated_/5P2IGBNJBKOZDLGGIO87H38AB.LVL_Tutorial:PersistentLevel.StaticMeshActor_UAID_7C507962E179DB6802_1198583906 | Bounds: X=859.028 Y=1103.725 | Threshold: 1000.00
LogNavigationDirtyArea: Warning: Adding an oversized dirty area: From: Addition to navoctree | Object: StaticMeshComponent /Game/Loki/Maps/Tutorial/LVL_Tutorial/_Generated_/5P2IGBNJBKOZDLGGIO87H38AB.LVL_Tutorial:PersistentLevel.StaticMeshActor_UAID_7C507962E179FB6102_1898865418.StaticMeshComponent0  | Element's owner: StaticMeshActor /Game/Loki/Maps/Tutorial/LVL_Tutorial/_Generated_/5P2IGBNJBKOZDLGGIO87H38AB.LVL_Tutorial:PersistentLevel.StaticMeshActor_UAID_7C507962E179FB6102_1898865418 | Bounds: X=1054.632 Y=1059.149 | Threshold: 1000.00
LogNavigationDirtyArea: Warning: Adding an oversized dirty area: From: Addition to navoctree | Object: StaticMeshComponent /Game/Loki/Maps/Tutorial/LVL_Tutorial/_Generated_/5P2IGBNJBKOZDLGGIO87H38AB.LVL_Tutorial:PersistentLevel.StaticMeshActor_UAID_7C507962E1794C6102_1943372435.StaticMeshComponent0  | Element's owner: StaticMeshActor /Game/Loki/Maps/Tutorial/LVL_Tutorial/_Generated_/5P2IGBNJBKOZDLGGIO87H38AB.LVL_Tutorial:PersistentLevel.StaticMeshActor_UAID_7C507962E1794C6102_1943372435 | Bounds: X=2288.069 Y=2320.182 | Threshold: 1000.00
LogNavigationDirtyArea: Warning: Adding an oversized dirty area: From: Addition to navoctree | Object: SplineMeshComponent /Game/Loki/Maps/Tutorial/LVL_Tutorial/_Generated_/5P2IGBNJBKOZDLGGIO87H38AB.LVL_Tutorial:PersistentLevel.BP_SY_AbyssRock_Cliff_C_UAID_7C507962E179A36102_2078920706.NODE_AddSplineMeshComponent-0  | Element's owner: BP_SY_AbyssRock_Cliff_C /Game/Loki/Maps/Tutorial/LVL_Tutorial/_Generated_/5P2IGBNJBKOZDLGGIO87H38AB.LVL_Tutorial:PersistentLevel.BP_SY_AbyssRock_Cliff_C_UAID_7C507962E179A36102_2078920706 | Bounds: X=1552.369 Y=1555.975 | Threshold: 1000.00
LogNavigationDirtyArea: Warning: Adding an oversized dirty area: From: Addition to navoctree | Object: SplineMeshComponent /Game/Loki/Maps/Tutorial/LVL_Tutorial/_Generated_/5P2IGBNJBKOZDLGGIO87H38AB.LVL_Tutorial:PersistentLevel.BP_SY_AbyssRock_Cliff_C_UAID_7C507962E179A36102_2078920706.NODE_AddSplineMeshComponent-0_0  | Element's owner: BP_SY_AbyssRock_Cliff_C /Game/Loki/Maps/Tutorial/LVL_Tutorial/_Generated_/5P2IGBNJBKOZDLGGIO87H38AB.LVL_Tutorial:PersistentLevel.BP_SY_AbyssRock_Cliff_C_UAID_7C507962E179A36102_2078920706 | Bounds: X=1410.935 Y=1429.064 | Threshold: 1000.00
LogNavigationDirtyArea: Warning: Adding an oversized dirty area: From: Addition to navoctree | Object: SplineMeshComponent /Game/Loki/Maps/Tutorial/LVL_Tutorial/_Generated_/5P2IGBNJBKOZDLGGIO87H38AB.LVL_Tutorial:PersistentLevel.BP_SY_AbyssRock_Cliff_C_UAID_7C507962E179A36102_2078920706.NODE_AddSplineMeshComponent-0_1  | Element's owner: BP_SY_AbyssRock_Cliff_C /Game/Loki/Maps/Tutorial/LVL_Tutorial/_Generated_/5P2IGBNJBKOZDLGGIO87H38AB.LVL_Tutorial:PersistentLevel.BP_SY_AbyssRock_Cliff_C_UAID_7C507962E179A36102_2078920706 | Bounds: X=1314.935 Y=1313.672 | Threshold: 1000.00
LogNavigationDirtyArea: Warning: Adding an oversized dirty area: From: Addition to navoctree | Object: SplineMeshComponent /Game/Loki/Maps/Tutorial/LVL_Tutorial/_Generated_/5P2IGBNJBKOZDLGGIO87H38AB.LVL_Tutorial:PersistentLevel.BP_SY_AbyssRock_Cliff_C_UAID_7C507962E179A36102_2078920706.NODE_AddSplineMeshComponent-0_2  | Element's owner: BP_SY_AbyssRock_Cliff_C /Game/Loki/Maps/Tutorial/LVL_Tutorial/_Generated_/5P2IGBNJBKOZDLGGIO87H38AB.LVL_Tutorial:PersistentLevel.BP_SY_AbyssRock_Cliff_C_UAID_7C507962E179A36102_2078920706 | Bounds: X=1165.315 Y=1157.166 | Threshold: 1000.00
LogNavigationDirtyArea: Warning: Adding an oversized dirty area: From: Addition to navoctree | Object: StaticMeshComponent /Game/Loki/Maps/Tutorial/LVL_Tutorial/_Generated_/1H2T3XG2JQGSNJ6C8D47Z4831.LVL_Tutorial:PersistentLevel.StaticMeshActor_UAID_7C507962E179AE6102_1151259942.StaticMeshComponent0  | Element's owner: StaticMeshActor /Game/Loki/Maps/Tutorial/LVL_Tutorial/_Generated_/1H2T3XG2JQGSNJ6C8D47Z4831.LVL_Tutorial:PersistentLevel.StaticMeshActor_UAID_7C507962E179AE6102_1151259942 | Bounds: X=2949.489 Y=3179.176 | Threshold: 1000.00
LogNavigationDirtyArea: Warning: Adding an oversized dirty area: From: Addition to navoctree | Object: StaticMeshComponent /Game/Loki/Maps/Tutorial/LVL_Tutorial/_Generated_/1H2T3XG2JQGSNJ6C8D47Z4831.LVL_Tutorial:PersistentLevel.StaticMeshActor_UAID_7C507962E179AE6102_1151296943.StaticMeshComponent0  | Element's owner: StaticMeshActor /Game/Loki/Maps/Tutorial/LVL_Tutorial/_Generated_/1H2T3XG2JQGSNJ6C8D47Z4831.LVL_Tutorial:PersistentLevel.StaticMeshActor_UAID_7C507962E179AE6102_1151296943 | Bounds: X=2949.489 Y=3179.176 | Threshold: 1000.00
LogNavigationDirtyArea: Warning: Adding an oversized dirty area: From: Addition to navoctree | Object: StaticMeshComponent /Game/Loki/Maps/Tutorial/LVL_Tutorial/_Generated_/8MV1GEEXVW5SWSIETYF3TULVQ.LVL_Tutorial:PersistentLevel.StaticMeshActor_UAID_7C507962E179FC6102_1077720601.StaticMeshComponent0  | Element's owner: StaticMeshActor /Game/Loki/Maps/Tutorial/LVL_Tutorial/_Generated_/8MV1GEEXVW5SWSIETYF3TULVQ.LVL_Tutorial:PersistentLevel.StaticMeshActor_UAID_7C507962E179FC6102_1077720601 | Bounds: X=1041.532 Y=1005.881 | Threshold: 1000.00
#1533 GET /storefront/battlepass/progressiontracks -> 200
LogNavigationDirtyArea: Warning: Adding an oversized dirty area: From: Addition to navoctree | Object: StaticMeshComponent /Game/Loki/Maps/Tutorial/LVL_Tutorial/_Generated_/8MV1GEEXVW5SWSIETYF3TULVQ.LVL_Tutorial:PersistentLevel.StaticMeshActor_UAID_7C507962E179FB6102_2139626424.StaticMeshComponent0  | Element's owner: StaticMeshActor /Game/Loki/Maps/Tutorial/LVL_Tutorial/_Generated_/8MV1GEEXVW5SWSIETYF3TULVQ.LVL_Tutorial:PersistentLevel.StaticMeshActor_UAID_7C507962E179FB6102_2139626424 | Bounds: X=1041.532 Y=1005.881 | Threshold: 1000.00
LogNavigationDirtyArea: Warning: Adding an oversized dirty area: From: Addition to navoctree | Object: SplineMeshComponent /Game/Loki/Maps/Tutorial/LVL_Tutorial/_Generated_/8MV1GEEXVW5SWSIETYF3TULVQ.LVL_Tutorial:PersistentLevel.BP_SY_AbyssRock_Cliff_C_UAID_7C507962E179486102_2058456632.NODE_AddSplineMeshComponent-0  | Element's owner: BP_SY_AbyssRock_Cliff_C /Game/Loki/Maps/Tutorial/LVL_Tutorial/_Generated_/8MV1GEEXVW5SWSIETYF3TULVQ.LVL_Tutorial:PersistentLevel.BP_SY_AbyssRock_Cliff_C_UAID_7C507962E179486102_2058456632 | Bounds: X=1000.704 Y=703.093 | Threshold: 1000.00
LogNavigationDirtyArea: Warning: Adding an oversized dirty area: From: Addition to navoctree | Object: SplineMeshComponent /Game/Loki/Maps/Tutorial/LVL_Tutorial/_Generated_/8MV1GEEXVW5SWSIETYF3TULVQ.LVL_Tutorial:PersistentLevel.BP_SY_AbyssRock_Cliff_C_UAID_7C507962E179486102_2058456632.NODE_AddSplineMeshComponent-0_0  | Element's owner: BP_SY_AbyssRock_Cliff_C /Game/Loki/Maps/Tutorial/LVL_Tutorial/_Generated_/8MV1GEEXVW5SWSIETYF3TULVQ.LVL_Tutorial:PersistentLevel.BP_SY_AbyssRock_Cliff_C_UAID_7C507962E179486102_2058456632 | Bounds: X=1063.962 Y=648.579 | Threshold: 1000.00
LogNavigationDirtyArea: Warning: Adding an oversized dirty area: From: Addition to navoctree | Object: SplineMeshComponent /Game/Loki/Maps/Tutorial/LVL_Tutorial/_Generated_/8MV1GEEXVW5SWSIETYF3TULVQ.LVL_Tutorial:PersistentLevel.BP_SY_AbyssRock_Cliff_C_UAID_7C507962E179486102_2058456632.NODE_AddSplineMeshComponent-0_1  | Element's owner: BP_SY_AbyssRock_Cliff_C /Game/Loki/Maps/Tutorial/LVL_Tutorial/_Generated_/8MV1GEEXVW5SWSIETYF3TULVQ.LVL_Tutorial:PersistentLevel.BP_SY_AbyssRock_Cliff_C_UAID_7C507962E179486102_2058456632 | Bounds: X=1014.473 Y=574.296 | Threshold: 1000.00
LogNavigationDirtyArea: Warning: Adding an oversized dirty area: From: Addition to navoctree | Object: StaticMeshComponent /Game/Loki/Maps/Tutorial/LVL_Tutorial/_Generated_/8MV1GEEXVW5SWSIETYF3TULVQ.LVL_Tutorial:PersistentLevel.StaticMeshActor_UAID_7C507962E179FB6102_1693280412.StaticMeshComponent0  | Element's owner: StaticMeshActor /Game/Loki/Maps/Tutorial/LVL_Tutorial/_Generated_/8MV1GEEXVW5SWSIETYF3TULVQ.LVL_Tutorial:PersistentLevel.StaticMeshActor_UAID_7C507962E179FB6102_1693280412 | Bounds: X=1016.781 Y=1219.165 | Threshold: 1000.00
LogNavigationDirtyArea: Warning: Adding an oversized dirty area: From: Addition to navoctree | Object: SplineMeshComponent /Game/Loki/Maps/Tutorial/LVL_Tutorial/_Generated_/88PEX9KO0BRM732WC5GV1KVH2.LVL_Tutorial:PersistentLevel.BP_SY_AbyssRock_Cliff_C_UAID_7C507962E179A46102_1120673889.NODE_AddSplineMeshComponent-0  | Element's owner: BP_SY_AbyssRock_Cliff_C /Game/Loki/Maps/Tutorial/LVL_Tutorial/_Generated_/88PEX9KO0BRM732WC5GV1KVH2.LVL_Tutorial:PersistentLevel.BP_SY_AbyssRock_Cliff_C_UAID_7C507962E179A46102_1120673889 | Bounds: X=1465.722 Y=1461.077 | Threshold: 1000.00
LogNavigationDirtyArea: Warning: Adding an oversized dirty area: From: Addition to navoctree | Object: SplineMeshComponent /Game/Loki/Maps/Tutorial/LVL_Tutorial/_Generated_/88PEX9KO0BRM732WC5GV1KVH2.LVL_Tutorial:PersistentLevel.BP_SY_AbyssRock_Cliff_C_UAID_7C507962E179A46102_1120673889.NODE_AddSplineMeshComponent-0_0  | Element's owner: BP_SY_AbyssRock_Cliff_C /Game/Loki/Maps/Tutorial/LVL_Tutorial/_Generated_/88PEX9KO0BRM732WC5GV1KVH2.LVL_Tutorial:PersistentLevel.BP_SY_AbyssRock_Cliff_C_UAID_7C507962E179A46102_1120673889 | Bounds: X=1078.256 Y=1086.834 | Threshold: 1000.00
LogNavigationDirtyArea: Warning: Adding an oversized dirty area: From: Addition to navoctree | Object: SplineMeshComponent /Game/Loki/Maps/Tutorial/LVL_Tutorial/_Generated_/88PEX9KO0BRM732WC5GV1KVH2.LVL_Tutorial:PersistentLevel.BP_SY_AbyssRock_Cliff_C_UAID_7C507962E179A46102_1120673889.NODE_AddSplineMeshComponent-0_1  | Element's owner: BP_SY_AbyssRock_Cliff_C /Game/Loki/Maps/Tutorial/LVL_Tutorial/_Generated_/88PEX9KO0BRM732WC5GV1KVH2.LVL_Tutorial:PersistentLevel.BP_SY_AbyssRock_Cliff_C_UAID_7C507962E179A46102_1120673889 | Bounds: X=1163.439 Y=1156.826 | Threshold: 1000.00
LogNavigationDirtyArea: Warning: Adding an oversized dirty area: From: Addition to navoctree | Object: StaticMeshComponent /Game/Loki/Maps/Tutorial/LVL_Tutorial/_Generated_/88PEX9KO0BRM732WC5GV1KVH2.LVL_Tutorial:PersistentLevel.StaticMeshActor_UAID_7C507962E179DB6802_1125822904.StaticMeshComponent0  | Element's owner: StaticMeshActor /Game/Loki/Maps/Tutorial/LVL_Tutorial/_Generated_/88PEX9KO0BRM732WC5GV1KVH2.LVL_Tutorial:PersistentLevel.StaticMeshActor_UAID_7C507962E179DB6802_1125822904 | Bounds: X=1112.321 Y=1107.243 | Threshold: 1000.00
LogNavigationDirtyArea: Warning: Adding an oversized dirty area: From: Addition to navoctree | Object: SplineMeshComponent /Game/Loki/Maps/Tutorial/LVL_Tutorial/_Generated_/88PEX9KO0BRM732WC5GV1KVH2.LVL_Tutorial:PersistentLevel.BP_SY_AbyssRock_Cliff_C_UAID_7C507962E179A46102_1090165888.NODE_AddSplineMeshComponent-0  | Element's owner: BP_SY_AbyssRock_Cliff_C /Game/Loki/Maps/Tutorial/LVL_Tutorial/_Generated_/88PEX9KO0BRM732WC5GV1KVH2.LVL_Tutorial:PersistentLevel.BP_SY_AbyssRock_Cliff_C_UAID_7C507962E179A46102_1090165888 | Bounds: X=1280.806 Y=1269.070 | Threshold: 1000.00
LogNavigationDirtyArea: Warning: Adding an oversized dirty area: From: Addition to navoctree | Object: SplineMeshComponent /Game/Loki/Maps/Tutorial/LVL_Tutorial/_Generated_/88PEX9KO0BRM732WC5GV1KVH2.LVL_Tutorial:PersistentLevel.BP_SY_AbyssRock_Cliff_C_UAID_7C507962E179A46102_1090165888.NODE_AddSplineMeshComponent-0_0  | Element's owner: BP_SY_AbyssRock_Cliff_C /Game/Loki/Maps/Tutorial/LVL_Tutorial/_Generated_/88PEX9KO0BRM732WC5GV1KVH2.LVL_Tutorial:PersistentLevel.BP_SY_AbyssRock_Cliff_C_UAID_7C507962E179A46102_1090165888 | Bounds: X=1309.663 Y=1317.822 | Threshold: 1000.00
LogNavigationDirtyArea: Warning: Adding an oversized dirty area: From: Addition to navoctree | Object: SplineMeshComponent /Game/Loki/Maps/Tutorial/LVL_Tutorial/_Generated_/88PEX9KO0BRM732WC5GV1KVH2.LVL_Tutorial:PersistentLevel.BP_SY_AbyssRock_Cliff_C_UAID_7C507962E179A46102_1090165888.NODE_AddSplineMeshComponent-0_1  | Element's owner: BP_SY_AbyssRock_Cliff_C /Game/Loki/Maps/Tutorial/LVL_Tutorial/_Generated_/88PEX9KO0BRM732WC5GV1KVH2.LVL_Tutorial:PersistentLevel.BP_SY_AbyssRock_Cliff_C_UAID_7C507962E179A46102_1090165888 | Bounds: X=1293.880 Y=1303.538 | Threshold: 1000.00
LogNavigationDirtyArea: Warning: Adding an oversized dirty area: From: Addition to navoctree | Object: SplineMeshComponent /Game/Loki/Maps/Tutorial/LVL_Tutorial/_Generated_/88PEX9KO0BRM732WC5GV1KVH2.LVL_Tutorial:PersistentLevel.BP_SY_AbyssRock_Cliff_C_UAID_7C507962E179A46102_1090165888.NODE_AddSplineMeshComponent-0_2  | Element's owner: BP_SY_AbyssRock_Cliff_C /Game/Loki/Maps/Tutorial/LVL_Tutorial/_Generated_/88PEX9KO0BRM732WC5GV1KVH2.LVL_Tutorial:PersistentLevel.BP_SY_AbyssRock_Cliff_C_UAID_7C507962E179A46102_1090165888 | Bounds: X=1011.126 Y=1006.044 | Threshold: 1000.00
#1534 GET /storefront/battlepass/progressiontracks -> 200
#1535 GET /storefront/battlepass/progressiontracks -> 200
#1536 GET /storefront/battlepass/progressiontracks -> 200
#1537 GET /storefront/battlepass/progressiontracks -> 200
LogNavigationDirtyArea: Warning: Adding an oversized dirty area: From: Addition to navoctree | Object: StaticMeshComponent /Game/Loki/Maps/Tutorial/LVL_Tutorial/_Generated_/7RIX526TFEUI1FEXSTBOEY4TL.LVL_Tutorial:PersistentLevel.StaticMeshActor_UAID_7C507962E179566102_1137446277.StaticMeshComponent0  | Element's owner: StaticMeshActor /Game/Loki/Maps/Tutorial/LVL_Tutorial/_Generated_/7RIX526TFEUI1FEXSTBOEY4TL.LVL_Tutorial:PersistentLevel.StaticMeshActor_UAID_7C507962E179566102_1137446277 | Bounds: X=4423.407 Y=3859.628 | Threshold: 1000.00
#1538 GET /storefront/battlepass/progressiontracks -> 200
#1539 GET /storefront/battlepass/progressiontracks -> 200
#1540 GET /storefront/battlepass/progressiontracks -> 200
#1541 GET /storefront/battlepass/progressiontracks -> 200
#1542 GET /storefront/battlepass/progressiontracks -> 200
#1543 GET /storefront/battlepass/progressiontracks -> 200
#1544 GET /storefront/battlepass/progressiontracks -> 200
#1545 GET /storefront/battlepass/progressiontracks -> 200
#1546 GET /storefront/battlepass/progressiontracks -> 200
LogNavigationDirtyArea: Warning: Adding an oversized dirty area: From: Addition to navoctree | Object: StaticMeshComponent /Game/Loki/Maps/Tutorial/LVL_Tutorial/_Generated_/54LEEJP3XVCRIXTJXF7MOA1JZ.LVL_Tutorial:PersistentLevel.StaticMeshActor_UAID_7C507962E179AE6102_1581477981.StaticMeshComponent0  | Element's owner: StaticMeshActor /Game/Loki/Maps/Tutorial/LVL_Tutorial/_Generated_/54LEEJP3XVCRIXTJXF7MOA1JZ.LVL_Tutorial:PersistentLevel.StaticMeshActor_UAID_7C507962E179AE6102_1581477981 | Bounds: X=988.711 Y=1000.824 | Threshold: 1000.00
LogNavigationDirtyArea: Warning: Adding an oversized dirty area: From: Addition to navoctree | Object: StaticMeshComponent /Game/Loki/Maps/Tutorial/LVL_Tutorial/_Generated_/54LEEJP3XVCRIXTJXF7MOA1JZ.LVL_Tutorial:PersistentLevel.StaticMeshActor_UAID_7C507962E179F86102_1763551824.StaticMeshComponent0  | Element's owner: StaticMeshActor /Game/Loki/Maps/Tutorial/LVL_Tutorial/_Generated_/54LEEJP3XVCRIXTJXF7MOA1JZ.LVL_Tutorial:PersistentLevel.StaticMeshActor_UAID_7C507962E179F86102_1763551824 | Bounds: X=1862.261 Y=1685.727 | Threshold: 1000.00
LogNavigationDirtyArea: Warning: Adding an oversized dirty area: From: Addition to navoctree | Object: StaticMeshComponent /Game/Loki/Maps/Tutorial/LVL_Tutorial/_Generated_/54LEEJP3XVCRIXTJXF7MOA1JZ.LVL_Tutorial:PersistentLevel.StaticMeshActor_UAID_7C507962E179AD6102_1992698752.StaticMeshComponent0  | Element's owner: StaticMeshActor /Game/Loki/Maps/Tutorial/LVL_Tutorial/_Generated_/54LEEJP3XVCRIXTJXF7MOA1JZ.LVL_Tutorial:PersistentLevel.StaticMeshActor_UAID_7C507962E179AD6102_1992698752 | Bounds: X=423.910 Y=1034.803 | Threshold: 1000.00
#1547 GET /storefront/battlepass/progressiontracks -> 200
#1548 GET /storefront/battlepass/progressiontracks -> 200
#1549 GET /storefront/battlepass/progressiontracks -> 200
LogNavigationDirtyArea: Warning: Adding an oversized dirty area: From: Addition to navoctree | Object: StaticMeshComponent /Game/Loki/Maps/Tutorial/LVL_Tutorial/_Generated_/74PW30LY5ICDSUHKLZOYZWQDC.LVL_Tutorial:PersistentLevel.StaticMeshActor_UAID_7C507962E179A36102_2025483698.StaticMeshComponent0  | Element's owner: StaticMeshActor /Game/Loki/Maps/Tutorial/LVL_Tutorial/_Generated_/74PW30LY5ICDSUHKLZOYZWQDC.LVL_Tutorial:PersistentLevel.StaticMeshActor_UAID_7C507962E179A36102_2025483698 | Bounds: X=1130.811 Y=1124.630 | Threshold: 1000.00
LogNavigationDirtyArea: Warning: Adding an oversized dirty area: From: Addition to navoctree | Object: StaticMeshComponent /Game/Loki/Maps/Tutorial/LVL_Tutorial/_Generated_/74PW30LY5ICDSUHKLZOYZWQDC.LVL_Tutorial:PersistentLevel.StaticMeshActor_UAID_047C16730311FD5502_1180239803.StaticMeshComponent0  | Element's owner: StaticMeshActor /Game/Loki/Maps/Tutorial/LVL_Tutorial/_Generated_/74PW30LY5ICDSUHKLZOYZWQDC.LVL_Tutorial:PersistentLevel.StaticMeshActor_UAID_047C16730311FD5502_1180239803 | Bounds: X=1012.924 Y=1107.470 | Threshold: 1000.00
LogNavigationDirtyArea: Warning: Adding an oversized dirty area: From: Addition to navoctree | Object: StaticMeshComponent /Game/Loki/Maps/Tutorial/LVL_Tutorial/_Generated_/74PW30LY5ICDSUHKLZOYZWQDC.LVL_Tutorial:PersistentLevel.StaticMeshActor_UAID_7C507962E179A36102_2014574697.StaticMeshComponent0  | Element's owner: StaticMeshActor /Game/Loki/Maps/Tutorial/LVL_Tutorial/_Generated_/74PW30LY5ICDSUHKLZOYZWQDC.LVL_Tutorial:PersistentLevel.StaticMeshActor_UAID_7C507962E179A36102_2014574697 | Bounds: X=1130.811 Y=1124.629 | Threshold: 1000.00
LogNavigationDirtyArea: Warning: Adding an oversized dirty area: From: Addition to navoctree | Object: StaticMeshComponent /Game/Loki/Maps/Tutorial/LVL_Tutorial/_Generated_/DYF8XQTRJH14MONB3ZZN2HALC.LVL_Tutorial:PersistentLevel.StaticMeshActor_UAID_7C507962E179A76102_1557162583.StaticMeshComponent0  | Element's owner: StaticMeshActor /Game/Loki/Maps/Tutorial/LVL_Tutorial/_Generated_/DYF8XQTRJH14MONB3ZZN2HALC.LVL_Tutorial:PersistentLevel.StaticMeshActor_UAID_7C507962E179A76102_1557162583 | Bounds: X=1087.129 Y=430.063 | Threshold: 1000.00
LogNavigationDirtyArea: Warning: Adding an oversized dirty area: From: Addition to navoctree | Object: StaticMeshComponent /Game/Loki/Maps/Tutorial/LVL_Tutorial/_Generated_/DYF8XQTRJH14MONB3ZZN2HALC.LVL_Tutorial:PersistentLevel.StaticMeshActor_UAID_7C507962E1798E6302_2146776078.StaticMeshComponent0  | Element's owner: StaticMeshActor /Game/Loki/Maps/Tutorial/LVL_Tutorial/_Generated_/DYF8XQTRJH14MONB3ZZN2HALC.LVL_Tutorial:PersistentLevel.StaticMeshActor_UAID_7C507962E1798E6302_2146776078 | Bounds: X=1257.986 Y=1126.523 | Threshold: 1000.00
LogNavigationDirtyArea: Warning: Adding an oversized dirty area: From: Addition to navoctree | Object: StaticMeshComponent /Game/Loki/Maps/Tutorial/LVL_Tutorial/_Generated_/DYF8XQTRJH14MONB3ZZN2HALC.LVL_Tutorial:PersistentLevel.StaticMeshActor_UAID_7C507962E179506102_2029279161.StaticMeshComponent0  | Element's owner: StaticMeshActor /Game/Loki/Maps/Tutorial/LVL_Tutorial/_Generated_/DYF8XQTRJH14MONB3ZZN2HALC.LVL_Tutorial:PersistentLevel.StaticMeshActor_UAID_7C507962E179506102_2029279161 | Bounds: X=1119.988 Y=1128.261 | Threshold: 1000.00
LogNavigationDirtyArea: Warning: Adding an oversized dirty area: From: Addition to navoctree | Object: StaticMeshComponent /Game/Loki/Maps/Tutorial/LVL_Tutorial/_Generated_/DYF8XQTRJH14MONB3ZZN2HALC.LVL_Tutorial:PersistentLevel.StaticMeshActor_UAID_7C507962E179157502_1123008746.StaticMeshComponent0  | Element's owner: StaticMeshActor /Game/Loki/Maps/Tutorial/LVL_Tutorial/_Generated_/DYF8XQTRJH14MONB3ZZN2HALC.LVL_Tutorial:PersistentLevel.StaticMeshActor_UAID_7C507962E179157502_1123008746 | Bounds: X=1099.062 Y=1173.282 | Threshold: 1000.00
#1550 GET /storefront/battlepass/progressiontracks -> 200
#1551 GET /storefront/battlepass/progressiontracks -> 200
LogNavigationDirtyArea: Warning: Adding an oversized dirty area: From: Addition to navoctree | Object: BP_BotNavLink_C /Game/Loki/Maps/Tutorial/LVL_Tutorial/_Generated_/2BO4TDK55UTV5W1GVXZY2VV7F.LVL_Tutorial:PersistentLevel.BP_BotNavLink_C_UAID_047C16730311E35802_1131527390  | Element's owner: Level /Game/Loki/Maps/Tutorial/LVL_Tutorial/_Generated_/2BO4TDK55UTV5W1GVXZY2VV7F.LVL_Tutorial:PersistentLevel | Bounds: X=1220.000 Y=150.000 | Threshold: 1000.00
#1552 GET /storefront/battlepass/progressiontracks -> 200
#1553 GET /storefront/battlepass/progressiontracks -> 200
#1554 GET /storefront/battlepass/progressiontracks -> 200
LogNavigationDirtyArea: Warning: Adding an oversized dirty area: From: Addition to navoctree | Object: StaticMeshComponent /Game/Loki/Maps/Tutorial/LVL_Tutorial/_Generated_/94IFKA2814N80IIPY8AKLO724.LVL_Tutorial:PersistentLevel.StaticMeshActor_UAID_7C507962E179A76102_1231236576.StaticMeshComponent0  | Element's owner: StaticMeshActor /Game/Loki/Maps/Tutorial/LVL_Tutorial/_Generated_/94IFKA2814N80IIPY8AKLO724.LVL_Tutorial:PersistentLevel.StaticMeshActor_UAID_7C507962E179A76102_1231236576 | Bounds: X=1136.234 Y=645.027 | Threshold: 1000.00
LogNavigationDirtyArea: Warning: Adding an oversized dirty area: From: Addition to navoctree | Object: StaticMeshComponent /Game/Loki/Maps/Tutorial/LVL_Tutorial/_Generated_/94IFKA2814N80IIPY8AKLO724.LVL_Tutorial:PersistentLevel.StaticMeshActor_UAID_7C507962E179A76102_1708239588.StaticMeshComponent0  | Element's owner: StaticMeshActor /Game/Loki/Maps/Tutorial/LVL_Tutorial/_Generated_/94IFKA2814N80IIPY8AKLO724.LVL_Tutorial:PersistentLevel.StaticMeshActor_UAID_7C507962E179A76102_1708239588 | Bounds: X=4249.378 Y=7334.747 | Threshold: 1000.00
LogNavigationDirtyArea: Warning: Adding an oversized dirty area: From: Addition to navoctree | Object: BP_BotNavLink_C /Game/Loki/Maps/Tutorial/LVL_Tutorial/_Generated_/94IFKA2814N80IIPY8AKLO724.LVL_Tutorial:PersistentLevel.BP_BotNavLink_C_UAID_047C16730311E35802_1212224398  | Element's owner: Level /Game/Loki/Maps/Tutorial/LVL_Tutorial/_Generated_/94IFKA2814N80IIPY8AKLO724.LVL_Tutorial:PersistentLevel | Bounds: X=1460.000 Y=850.000 | Threshold: 1000.00
LogNavigationDirtyArea: Warning: Adding an oversized dirty area: From: Addition to navoctree | Object: NavModifierVolume /Game/Loki/Maps/Tutorial/LVL_Tutorial/_Generated_/94IFKA2814N80IIPY8AKLO724.LVL_Tutorial:PersistentLevel.NavModifierVolume_UAID_047C16730311846402_1429618338  | Element's owner: Level /Game/Loki/Maps/Tutorial/LVL_Tutorial/_Generated_/94IFKA2814N80IIPY8AKLO724.LVL_Tutorial:PersistentLevel | Bounds: X=1077.278 Y=1085.158 | Threshold: 1000.00
LogNavigationDirtyArea: Warning: Adding an oversized dirty area: From: Addition to navoctree | Object: StaticMeshComponent /Game/Loki/Maps/Tutorial/LVL_Tutorial/_Generated_/94IFKA2814N80IIPY8AKLO724.LVL_Tutorial:PersistentLevel.StaticMeshActor_UAID_7C507962E179A76102_1463075581.StaticMeshComponent0  | Element's owner: StaticMeshActor /Game/Loki/Maps/Tutorial/LVL_Tutorial/_Generated_/94IFKA2814N80IIPY8AKLO724.LVL_Tutorial:PersistentLevel.StaticMeshActor_UAID_7C507962E179A76102_1463075581 | Bounds: X=1293.035 Y=1000.899 | Threshold: 1000.00
LogNavigationDirtyArea: Warning: Adding an oversized dirty area: From: Addition to navoctree | Object: BP_BotNavLink_C /Game/Loki/Maps/Tutorial/LVL_Tutorial/_Generated_/94IFKA2814N80IIPY8AKLO724.LVL_Tutorial:PersistentLevel.BP_BotNavLink_C_UAID_047C16730311E35802_1202296397  | Element's owner: Level /Game/Loki/Maps/Tutorial/LVL_Tutorial/_Generated_/94IFKA2814N80IIPY8AKLO724.LVL_Tutorial:PersistentLevel | Bounds: X=1330.000 Y=180.000 | Threshold: 1000.00
LogNavigationDirtyArea: Warning: Adding an oversized dirty area: From: Addition to navoctree | Object: NavModifierVolume /Game/Loki/Maps/Tutorial/LVL_Tutorial/_Generated_/94IFKA2814N80IIPY8AKLO724.LVL_Tutorial:PersistentLevel.NavModifierVolume_UAID_047C167303113C7502_1310753610  | Element's owner: Level /Game/Loki/Maps/Tutorial/LVL_Tutorial/_Generated_/94IFKA2814N80IIPY8AKLO724.LVL_Tutorial:PersistentLevel | Bounds: X=981.907 Y=1050.599 | Threshold: 1000.00
LogNavigationDirtyArea: Warning: Adding an oversized dirty area: From: Addition to navoctree | Object: StaticMeshComponent /Game/Loki/Maps/Tutorial/LVL_Tutorial/_Generated_/94IFKA2814N80IIPY8AKLO724.LVL_Tutorial:PersistentLevel.StaticMeshActor_UAID_7C507962E179A76102_1449516580.StaticMeshComponent0  | Element's owner: StaticMeshActor /Game/Loki/Maps/Tutorial/LVL_Tutorial/_Generated_/94IFKA2814N80IIPY8AKLO724.LVL_Tutorial:PersistentLevel.StaticMeshActor_UAID_7C507962E179A76102_1449516580 | Bounds: X=1504.174 Y=375.384 | Threshold: 1000.00
LogNavigationDirtyArea: Warning: Adding an oversized dirty area: From: Addition to navoctree | Object: StaticMeshComponent /Game/Loki/Maps/Tutorial/LVL_Tutorial/_Generated_/94IFKA2814N80IIPY8AKLO724.LVL_Tutorial:PersistentLevel.StaticMeshActor_UAID_7C507962E1798E6302_1898149066.StaticMeshComponent0  | Element's owner: StaticMeshActor /Game/Loki/Maps/Tutorial/LVL_Tutorial/_Generated_/94IFKA2814N80IIPY8AKLO724.LVL_Tutorial:PersistentLevel.StaticMeshActor_UAID_7C507962E1798E6302_1898149066 | Bounds: X=870.424 Y=1018.371 | Threshold: 1000.00

* 17:46:41.041  WS -> /notifications/players/9b9d2c887e2524f918e383a895f2f1c2 BINARY hb (proactive 30s keepalive)

* 17:46:41.057  WS <- /lobby TEXT ""
#1555 GET /storefront/battlepass/progressiontracks -> 200
LogNavigationDirtyArea: Warning: Adding an oversized dirty area: From: Addition to navoctree | Object: StaticMeshComponent /Game/Loki/Maps/Tutorial/LVL_Tutorial/_Generated_/5FNT6400DEC2AA7BX49VWW1BF.LVL_Tutorial:PersistentLevel.StaticMeshActor_UAID_7C507962E179A36102_1889640691.StaticMeshComponent0  | Element's owner: StaticMeshActor /Game/Loki/Maps/Tutorial/LVL_Tutorial/_Generated_/5FNT6400DEC2AA7BX49VWW1BF.LVL_Tutorial:PersistentLevel.StaticMeshActor_UAID_7C507962E179A36102_1889640691 | Bounds: X=1254.517 Y=1287.639 | Threshold: 1000.00
LogNavigationDirtyArea: Warning: Adding an oversized dirty area: From: Addition to navoctree | Object: SplineMeshComponent /Game/Loki/Maps/Tutorial/LVL_Tutorial/_Generated_/5FNT6400DEC2AA7BX49VWW1BF.LVL_Tutorial:PersistentLevel.BP_SY_AbyssRock_Cliff_C_UAID_047C16730311FD5502_1180396919.NODE_AddSplineMeshComponent-0  | Element's owner: BP_SY_AbyssRock_Cliff_C /Game/Loki/Maps/Tutorial/LVL_Tutorial/_Generated_/5FNT6400DEC2AA7BX49VWW1BF.LVL_Tutorial:PersistentLevel.BP_SY_AbyssRock_Cliff_C_UAID_047C16730311FD5502_1180396919 | Bounds: X=1076.790 Y=1091.379 | Threshold: 1000.00
LogNavigationDirtyArea: Warning: Adding an oversized dirty area: From: Addition to navoctree | Object: StaticMeshComponent /Game/Loki/Maps/Tutorial/LVL_Tutorial/_Generated_/5FNT6400DEC2AA7BX49VWW1BF.LVL_Tutorial:PersistentLevel.StaticMeshActor_UAID_7C507962E179516102_1313842379.StaticMeshComponent0  | Element's owner: StaticMeshActor /Game/Loki/Maps/Tutorial/LVL_Tutorial/_Generated_/5FNT6400DEC2AA7BX49VWW1BF.LVL_Tutorial:PersistentLevel.StaticMeshActor_UAID_7C507962E179516102_1313842379 | Bounds: X=1213.825 Y=1242.039 | Threshold: 1000.00
LogNavigationDirtyArea: Warning: Adding an oversized dirty area: From: Addition to navoctree | Object: StaticMeshComponent /Game/Loki/Maps/Tutorial/LVL_Tutorial/_Generated_/5FNT6400DEC2AA7BX49VWW1BF.LVL_Tutorial:PersistentLevel.StaticMeshActor_UAID_7C507962E179A46102_1662180921.StaticMeshComponent0  | Element's owner: StaticMeshActor /Game/Loki/Maps/Tutorial/LVL_Tutorial/_Generated_/5FNT6400DEC2AA7BX49VWW1BF.LVL_Tutorial:PersistentLevel.StaticMeshActor_UAID_7C507962E179A46102_1662180921 | Bounds: X=853.245 Y=1000.217 | Threshold: 1000.00
LogNavigationDirtyArea: Warning: Adding an oversized dirty area: From: Addition to navoctree | Object: StaticMeshComponent /Game/Loki/Maps/Tutorial/LVL_Tutorial/_Generated_/5FNT6400DEC2AA7BX49VWW1BF.LVL_Tutorial:PersistentLevel.StaticMeshActor_UAID_7C507962E179516102_1356675380.StaticMeshComponent0  | Element's owner: StaticMeshActor /Game/Loki/Maps/Tutorial/LVL_Tutorial/_Generated_/5FNT6400DEC2AA7BX49VWW1BF.LVL_Tutorial:PersistentLevel.StaticMeshActor_UAID_7C507962E179516102_1356675380 | Bounds: X=1374.757 Y=1395.783 | Threshold: 1000.00
LogNavigationDirtyArea: Warning: Adding an oversized dirty area: From: Addition to navoctree | Object: StaticMeshComponent /Game/Loki/Maps/Tutorial/LVL_Tutorial/_Generated_/5FNT6400DEC2AA7BX49VWW1BF.LVL_Tutorial:PersistentLevel.StaticMeshActor_UAID_7C507962E179AD6102_2024227753.StaticMeshComponent0  | Element's owner: StaticMeshActor /Game/Loki/Maps/Tutorial/LVL_Tutorial/_Generated_/5FNT6400DEC2AA7BX49VWW1BF.LVL_Tutorial:PersistentLevel.StaticMeshActor_UAID_7C507962E179AD6102_2024227753 | Bounds: X=1050.069 Y=1084.016 | Threshold: 1000.00
#1556 GET /storefront/battlepass/progressiontracks -> 200
LogNavigationDirtyArea: Warning: Adding an oversized dirty area: From: Addition to navoctree | Object: StaticMeshComponent /Game/Loki/Maps/Tutorial/LVL_Tutorial/_Generated_/A84ZGZPA6O7Y5EIU1XW2S39S5.LVL_Tutorial:PersistentLevel.StaticMeshActor_UAID_047C16730311FD5502_1180234797.StaticMeshComponent0  | Element's owner: StaticMeshActor /Game/Loki/Maps/Tutorial/LVL_Tutorial/_Generated_/A84ZGZPA6O7Y5EIU1XW2S39S5.LVL_Tutorial:PersistentLevel.StaticMeshActor_UAID_047C16730311FD5502_1180234797 | Bounds: X=1012.924 Y=1107.470 | Threshold: 1000.00
LogNavigationDirtyArea: Warning: Adding an oversized dirty area: From: Addition to navoctree | Object: BP_BotNavLink_C /Game/Loki/Maps/Tutorial/LVL_Tutorial/_Generated_/EZ2EUU4C9F4UPURAJW2WHZQC4.LVL_Tutorial:PersistentLevel.BP_BotNavLink_C_UAID_047C16730311E35802_1154090393  | Element's owner: Level /Game/Loki/Maps/Tutorial/LVL_Tutorial/_Generated_/EZ2EUU4C9F4UPURAJW2WHZQC4.LVL_Tutorial:PersistentLevel | Bounds: X=1156.000 Y=357.673 | Threshold: 1000.00
LogNavigationDirtyArea: Warning: Adding an oversized dirty area: From: Addition to navoctree | Object: StaticMeshComponent /Game/Loki/Maps/Tutorial/LVL_Tutorial/_Generated_/EZ2EUU4C9F4UPURAJW2WHZQC4.LVL_Tutorial:PersistentLevel.StaticMeshActor_UAID_7C507962E179EC6102_1129420552.StaticMeshComponent0  | Element's owner: StaticMeshActor /Game/Loki/Maps/Tutorial/LVL_Tutorial/_Generated_/EZ2EUU4C9F4UPURAJW2WHZQC4.LVL_Tutorial:PersistentLevel.StaticMeshActor_UAID_7C507962E179EC6102_1129420552 | Bounds: X=1587.142 Y=803.016 | Threshold: 1000.00
#1557 GET /storefront/battlepass/progressiontracks -> 200
LogNavigationDirtyArea: Warning: Adding an oversized dirty area: From: Addition to navoctree | Object: StaticMeshComponent /Game/Loki/Maps/Tutorial/LVL_Tutorial/_Generated_/EDLTS6FS98MFFYCA99O2FAUGM.LVL_Tutorial:PersistentLevel.StaticMeshActor_UAID_7C507962E179CD5F02_1940758093.StaticMeshComponent0  | Element's owner: StaticMeshActor /Game/Loki/Maps/Tutorial/LVL_Tutorial/_Generated_/EDLTS6FS98MFFYCA99O2FAUGM.LVL_Tutorial:PersistentLevel.StaticMeshActor_UAID_7C507962E179CD5F02_1940758093 | Bounds: X=944.175 Y=1260.020 | Threshold: 1000.00
LogNavigationDirtyArea: Warning: Adding an oversized dirty area: From: Addition to navoctree | Object: StaticMeshComponent /Game/Loki/Maps/Tutorial/LVL_Tutorial/_Generated_/EDLTS6FS98MFFYCA99O2FAUGM.LVL_Tutorial:PersistentLevel.StaticMeshActor_UAID_7C507962E1794C6102_1785435428.StaticMeshComponent0  | Element's owner: StaticMeshActor /Game/Loki/Maps/Tutorial/LVL_Tutorial/_Generated_/EDLTS6FS98MFFYCA99O2FAUGM.LVL_Tutorial:PersistentLevel.StaticMeshActor_UAID_7C507962E1794C6102_1785435428 | Bounds: X=1272.951 Y=1245.959 | Threshold: 1000.00
LogNavigationDirtyArea: Warning: Adding an oversized dirty area: From: Addition to navoctree | Object: SplineMeshComponent /Game/Loki/Maps/Tutorial/LVL_Tutorial/_Generated_/EDLTS6FS98MFFYCA99O2FAUGM.LVL_Tutorial:PersistentLevel.BP_SY_AbyssRock_Cliff_C_UAID_7C507962E179506102_1186848153.NODE_AddSplineMeshComponent-0  | Element's owner: BP_SY_AbyssRock_Cliff_C /Game/Loki/Maps/Tutorial/LVL_Tutorial/_Generated_/EDLTS6FS98MFFYCA99O2FAUGM.LVL_Tutorial:PersistentLevel.BP_SY_AbyssRock_Cliff_C_UAID_7C507962E179506102_1186848153 | Bounds: X=1696.701 Y=1481.324 | Threshold: 1000.00
LogNavigationDirtyArea: Warning: Adding an oversized dirty area: From: Addition to navoctree | Object: SplineMeshComponent /Game/Loki/Maps/Tutorial/LVL_Tutorial/_Generated_/EDLTS6FS98MFFYCA99O2FAUGM.LVL_Tutorial:PersistentLevel.BP_SY_AbyssRock_Cliff_C_UAID_7C507962E179506102_1186848153.NODE_AddSplineMeshComponent-0_0  | Element's owner: BP_SY_AbyssRock_Cliff_C /Game/Loki/Maps/Tutorial/LVL_Tutorial/_Generated_/EDLTS6FS98MFFYCA99O2FAUGM.LVL_Tutorial:PersistentLevel.BP_SY_AbyssRock_Cliff_C_UAID_7C507962E179506102_1186848153 | Bounds: X=1364.396 Y=1151.859 | Threshold: 1000.00
#1558 GET /storefront/battlepass/progressiontracks -> 200
LogStreaming: Display: 1.074 ms for processing 6735 objects in RemoveUnreachableObjects(Queued=0, Async=0). Removed 683 (15316->14633) packages and 5455 (59006->53551) public exports.
#1559 GET /storefront/battlepass/progressiontracks -> 200
LogNavigationDirtyArea: Warning: Adding an oversized dirty area: From: Addition to navoctree | Object: SplineMeshComponent /Game/Loki/Maps/Tutorial/LVL_Tutorial/_Generated_/8ONSJJP9D5KLJ76BVXWKURIR4.LVL_Tutorial:PersistentLevel.BP_SY_AbyssRock_Cliff_C_UAID_7C507962E179506102_1170441152.NODE_AddSplineMeshComponent-0  | Element's owner: BP_SY_AbyssRock_Cliff_C /Game/Loki/Maps/Tutorial/LVL_Tutorial/_Generated_/8ONSJJP9D5KLJ76BVXWKURIR4.LVL_Tutorial:PersistentLevel.BP_SY_AbyssRock_Cliff_C_UAID_7C507962E179506102_1170441152 | Bounds: X=1028.639 Y=1112.697 | Threshold: 1000.00
LogNavigationDirtyArea: Warning: Adding an oversized dirty area: From: Addition to navoctree | Object: StaticMeshComponent /Game/Loki/Maps/Tutorial/LVL_Tutorial/_Generated_/8ONSJJP9D5KLJ76BVXWKURIR4.LVL_Tutorial:PersistentLevel.StaticMeshActor_UAID_7C507962E179566102_1175121278.StaticMeshComponent0  | Element's owner: StaticMeshActor /Game/Loki/Maps/Tutorial/LVL_Tutorial/_Generated_/8ONSJJP9D5KLJ76BVXWKURIR4.LVL_Tutorial:PersistentLevel.StaticMeshActor_UAID_7C507962E179566102_1175121278 | Bounds: X=1272.951 Y=1245.959 | Threshold: 1000.00
LogNavigationDirtyArea: Warning: Adding an oversized dirty area: From: Addition to navoctree | Object: StaticMeshComponent /Game/Loki/Maps/Tutorial/LVL_Tutorial/_Generated_/8ONSJJP9D5KLJ76BVXWKURIR4.LVL_Tutorial:PersistentLevel.StaticMeshActor_UAID_7C507962E1794D6102_1935815617.StaticMeshComponent0  | Element's owner: StaticMeshActor /Game/Loki/Maps/Tutorial/LVL_Tutorial/_Generated_/8ONSJJP9D5KLJ76BVXWKURIR4.LVL_Tutorial:PersistentLevel.StaticMeshActor_UAID_7C507962E1794D6102_1935815617 | Bounds: X=1159.800 Y=1164.264 | Threshold: 1000.00
#1560 GET /storefront/battlepass/progressiontracks -> 200
LogNavigationDirtyArea: Warning: Adding an oversized dirty area: From: Addition to navoctree | Object: StaticMeshComponent /Game/Loki/Maps/Tutorial/LVL_Tutorial/_Generated_/B0TNCU8VALXP4YZMF130RVWT3.LVL_Tutorial:PersistentLevel.StaticMeshActor_UAID_7C507962E179596102_2106540892.StaticMeshComponent0  | Element's owner: StaticMeshActor /Game/Loki/Maps/Tutorial/LVL_Tutorial/_Generated_/B0TNCU8VALXP4YZMF130RVWT3.LVL_Tutorial:PersistentLevel.StaticMeshActor_UAID_7C507962E179596102_2106540892 | Bounds: X=1249.948 Y=1213.803 | Threshold: 1000.00
LogNavigationDirtyArea: Warning: Adding an oversized dirty area: From: Addition to navoctree | Object: StaticMeshComponent /Game/Loki/Maps/Tutorial/LVL_Tutorial/_Generated_/B0TNCU8VALXP4YZMF130RVWT3.LVL_Tutorial:PersistentLevel.StaticMeshActor_UAID_7C507962E179596102_2113067893.StaticMeshComponent0  | Element's owner: StaticMeshActor /Game/Loki/Maps/Tutorial/LVL_Tutorial/_Generated_/B0TNCU8VALXP4YZMF130RVWT3.LVL_Tutorial:PersistentLevel.StaticMeshActor_UAID_7C507962E179596102_2113067893 | Bounds: X=1287.063 Y=1251.860 | Threshold: 1000.00
LogNavigationDirtyArea: Warning: Adding an oversized dirty area: From: Addition to navoctree | Object: StaticMeshComponent /Game/Loki/Maps/Tutorial/LVL_Tutorial/_Generated_/B0TNCU8VALXP4YZMF130RVWT3.LVL_Tutorial:PersistentLevel.StaticMeshActor_UAID_7C507962E179CD5F02_2114751097.StaticMeshComponent0  | Element's owner: StaticMeshActor /Game/Loki/Maps/Tutorial/LVL_Tutorial/_Generated_/B0TNCU8VALXP4YZMF130RVWT3.LVL_Tutorial:PersistentLevel.StaticMeshActor_UAID_7C507962E179CD5F02_2114751097 | Bounds: X=1293.217 Y=1198.460 | Threshold: 1000.00
LogNavigationDirtyArea: Warning: Adding an oversized dirty area: From: Addition to navoctree | Object: StaticMeshComponent /Game/Loki/Maps/Tutorial/LVL_Tutorial/_Generated_/BGN36D5NE554E8YRJ4US89QE8.LVL_Tutorial:PersistentLevel.StaticMeshActor_UAID_7C507962E179A86102_1828498808.StaticMeshComponent0  | Element's owner: StaticMeshActor /Game/Loki/Maps/Tutorial/LVL_Tutorial/_Generated_/BGN36D5NE554E8YRJ4US89QE8.LVL_Tutorial:PersistentLevel.StaticMeshActor_UAID_7C507962E179A86102_1828498808 | Bounds: X=1672.801 Y=1588.734 | Threshold: 1000.00
LogNavigationDirtyArea: Warning: Adding an oversized dirty area: From: Addition to navoctree | Object: StaticMeshComponent /Game/Loki/Maps/Tutorial/LVL_Tutorial/_Generated_/BGN36D5NE554E8YRJ4US89QE8.LVL_Tutorial:PersistentLevel.StaticMeshActor_UAID_7C507962E179A86102_1785621807.StaticMeshComponent0  | Element's owner: StaticMeshActor /Game/Loki/Maps/Tutorial/LVL_Tutorial/_Generated_/BGN36D5NE554E8YRJ4US89QE8.LVL_Tutorial:PersistentLevel.StaticMeshActor_UAID_7C507962E179A86102_1785621807 | Bounds: X=1078.612 Y=404.354 | Threshold: 1000.00
LogNavigationDirtyArea: Warning: Adding an oversized dirty area: From: Addition to navoctree | Object: StaticMeshComponent /Game/Loki/Maps/Tutorial/LVL_Tutorial/_Generated_/BGN36D5NE554E8YRJ4US89QE8.LVL_Tutorial:PersistentLevel.StaticMeshActor_UAID_7C507962E179A96102_1473961001.StaticMeshComponent0  | Element's owner: StaticMeshActor /Game/Loki/Maps/Tutorial/LVL_Tutorial/_Generated_/BGN36D5NE554E8YRJ4US89QE8.LVL_Tutorial:PersistentLevel.StaticMeshActor_UAID_7C507962E179A96102_1473961001 | Bounds: X=2474.368 Y=2520.137 | Threshold: 1000.00
LogNavigationDirtyArea: Warning: Adding an oversized dirty area: From: Addition to navoctree | Object: StaticMeshComponent /Game/Loki/Maps/Tutorial/LVL_Tutorial/_Generated_/BGN36D5NE554E8YRJ4US89QE8.LVL_Tutorial:PersistentLevel.StaticMeshActor_UAID_7C507962E179A96102_1644376009.StaticMeshComponent0  | Element's owner: StaticMeshActor /Game/Loki/Maps/Tutorial/LVL_Tutorial/_Generated_/BGN36D5NE554E8YRJ4US89QE8.LVL_Tutorial:PersistentLevel.StaticMeshActor_UAID_7C507962E179A96102_1644376009 | Bounds: X=1478.965 Y=1095.864 | Threshold: 1000.00
LogNavigationDirtyArea: Warning: Adding an oversized dirty area: From: Addition to navoctree | Object: StaticMeshComponent /Game/Loki/Maps/Tutorial/LVL_Tutorial/_Generated_/BGN36D5NE554E8YRJ4US89QE8.LVL_Tutorial:PersistentLevel.StaticMeshActor_UAID_047C16730311AC6502_1513476430.StaticMeshComponent0  | Element's owner: StaticMeshActor /Game/Loki/Maps/Tutorial/LVL_Tutorial/_Generated_/BGN36D5NE554E8YRJ4US89QE8.LVL_Tutorial:PersistentLevel.StaticMeshActor_UAID_047C16730311AC6502_1513476430 | Bounds: X=1010.968 Y=1036.359 | Threshold: 1000.00
LogNavigationDirtyArea: Warning: Adding an oversized dirty area: From: Addition to navoctree | Object: StaticMeshComponent /Game/Loki/Maps/Tutorial/LVL_Tutorial/_Generated_/BGN36D5NE554E8YRJ4US89QE8.LVL_Tutorial:PersistentLevel.StaticMeshActor_UAID_7C507962E179A96102_1414444997.StaticMeshComponent0  | Element's owner: StaticMeshActor /Game/Loki/Maps/Tutorial/LVL_Tutorial/_Generated_/BGN36D5NE554E8YRJ4US89QE8.LVL_Tutorial:PersistentLevel.StaticMeshActor_UAID_7C507962E179A96102_1414444997 | Bounds: X=1109.290 Y=727.182 | Threshold: 1000.00
#1561 GET /storefront/battlepass/progressiontracks -> 200
#1562 GET /storefront/battlepass/progressiontracks -> 200
LogNavigationDirtyArea: Warning: Adding an oversized dirty area: From: Addition to navoctree | Object: StaticMeshComponent /Game/Loki/Maps/Tutorial/LVL_Tutorial/_Generated_/1PF079E48L5BDG31YV9OM5OB2.LVL_Tutorial:PersistentLevel.StaticMeshActor_UAID_7C507962E179DB6802_1370527907.StaticMeshComponent0  | Element's owner: StaticMeshActor /Game/Loki/Maps/Tutorial/LVL_Tutorial/_Generated_/1PF079E48L5BDG31YV9OM5OB2.LVL_Tutorial:PersistentLevel.StaticMeshActor_UAID_7C507962E179DB6802_1370527907 | Bounds: X=1627.825 Y=1660.104 | Threshold: 1000.00
LogNavigationDirtyArea: Warning: Adding an oversized dirty area: From: Addition to navoctree | Object: StaticMeshComponent /Game/Loki/Maps/Tutorial/LVL_Tutorial/_Generated_/1PF079E48L5BDG31YV9OM5OB2.LVL_Tutorial:PersistentLevel.StaticMeshActor_UAID_047C16730311BC6502_1886889242.StaticMeshComponent0  | Element's owner: StaticMeshActor /Game/Loki/Maps/Tutorial/LVL_Tutorial/_Generated_/1PF079E48L5BDG31YV9OM5OB2.LVL_Tutorial:PersistentLevel.StaticMeshActor_UAID_047C16730311BC6502_1886889242 | Bounds: X=1058.873 Y=1052.073 | Threshold: 1000.00
LogNavigationDirtyArea: Warning: Adding an oversized dirty area: From: Addition to navoctree | Object: SplineMeshComponent /Game/Loki/Maps/Tutorial/LVL_Tutorial/_Generated_/BB2W9S46Y5W3QEZYXINUX9JWY.LVL_Tutorial:PersistentLevel.BP_SY_AbyssRock_Cliff_C_UAID_7C507962E1794D6102_1909757616.NODE_AddSplineMeshComponent-0  | Element's owner: BP_SY_AbyssRock_Cliff_C /Game/Loki/Maps/Tutorial/LVL_Tutorial/_Generated_/BB2W9S46Y5W3QEZYXINUX9JWY.LVL_Tutorial:PersistentLevel.BP_SY_AbyssRock_Cliff_C_UAID_7C507962E1794D6102_1909757616 | Bounds: X=1225.573 Y=635.198 | Threshold: 1000.00
LogNavigationDirtyArea: Warning: Adding an oversized dirty area: From: Addition to navoctree | Object: StaticMeshComponent /Game/Loki/Maps/Tutorial/LVL_Tutorial/_Generated_/BB2W9S46Y5W3QEZYXINUX9JWY.LVL_Tutorial:PersistentLevel.StaticMeshActor_UAID_7C507962E1794D6102_1662787613.StaticMeshComponent0  | Element's owner: StaticMeshActor /Game/Loki/Maps/Tutorial/LVL_Tutorial/_Generated_/BB2W9S46Y5W3QEZYXINUX9JWY.LVL_Tutorial:PersistentLevel.StaticMeshActor_UAID_7C507962E1794D6102_1662787613 | Bounds: X=1140.721 Y=1109.022 | Threshold: 1000.00
LogNavigationDirtyArea: Warning: Adding an oversized dirty area: From: Addition to navoctree | Object: StaticMeshComponent /Game/Loki/Maps/Tutorial/LVL_Tutorial/_Generated_/EVMJSUYZTYJHLY4WMHAQVSN1W.LVL_Tutorial:PersistentLevel.StaticMeshActor_UAID_7C507962E179586102_1540027695.StaticMeshComponent0  | Element's owner: StaticMeshActor /Game/Loki/Maps/Tutorial/LVL_Tutorial/_Generated_/EVMJSUYZTYJHLY4WMHAQVSN1W.LVL_Tutorial:PersistentLevel.StaticMeshActor_UAID_7C507962E179586102_1540027695 | Bounds: X=3452.040 Y=1101.811 | Threshold: 1000.00
#1563 GET /storefront/battlepass/progressiontracks -> 200
#1564 GET /storefront/battlepass/progressiontracks -> 200
#1565 GET /storefront/battlepass/progressiontracks -> 200
#1566 GET /storefront/battlepass/progressiontracks -> 200
LogNavigationDirtyArea: Warning: Adding an oversized dirty area: From: Addition to navoctree | Object: StaticMeshComponent /Game/Loki/Maps/Tutorial/LVL_Tutorial/_Generated_/86G5U47H7SFIAC775GK4CGN6Y.LVL_Tutorial:PersistentLevel.StaticMeshActor_UAID_7C507962E179DB6802_1745953919.StaticMeshComponent0  | Element's owner: StaticMeshActor /Game/Loki/Maps/Tutorial/LVL_Tutorial/_Generated_/86G5U47H7SFIAC775GK4CGN6Y.LVL_Tutorial:PersistentLevel.StaticMeshActor_UAID_7C507962E179DB6802_1745953919 | Bounds: X=1212.764 Y=579.294 | Threshold: 1000.00
LogNavigationDirtyArea: Warning: Adding an oversized dirty area: From: Addition to navoctree | Object: StaticMeshComponent /Game/Loki/Maps/Tutorial/LVL_Tutorial/_Generated_/86G5U47H7SFIAC775GK4CGN6Y.LVL_Tutorial:PersistentLevel.StaticMeshActor_UAID_047C16730311E16902_1790887010.StaticMeshComponent0  | Element's owner: StaticMeshActor /Game/Loki/Maps/Tutorial/LVL_Tutorial/_Generated_/86G5U47H7SFIAC775GK4CGN6Y.LVL_Tutorial:PersistentLevel.StaticMeshActor_UAID_047C16730311E16902_1790887010 | Bounds: X=942.457 Y=1079.460 | Threshold: 1000.00
LogNavigationDirtyArea: Warning: Adding an oversized dirty area: From: Addition to navoctree | Object: StaticMeshComponent /Game/Loki/Maps/Tutorial/LVL_Tutorial/_Generated_/86G5U47H7SFIAC775GK4CGN6Y.LVL_Tutorial:PersistentLevel.StaticMeshActor_UAID_7C507962E179A96102_1637035008.StaticMeshComponent0  | Element's owner: StaticMeshActor /Game/Loki/Maps/Tutorial/LVL_Tutorial/_Generated_/86G5U47H7SFIAC775GK4CGN6Y.LVL_Tutorial:PersistentLevel.StaticMeshActor_UAID_7C507962E179A96102_1637035008 | Bounds: X=1437.404 Y=1030.517 | Threshold: 1000.00
LogNavigationDirtyArea: Warning: Adding an oversized dirty area: From: Addition to navoctree | Object: StaticMeshComponent /Game/Loki/Maps/Tutorial/LVL_Tutorial/_Generated_/86G5U47H7SFIAC775GK4CGN6Y.LVL_Tutorial:PersistentLevel.StaticMeshActor_UAID_047C16730311536602_2010067055.StaticMeshComponent0  | Element's owner: StaticMeshActor /Game/Loki/Maps/Tutorial/LVL_Tutorial/_Generated_/86G5U47H7SFIAC775GK4CGN6Y.LVL_Tutorial:PersistentLevel.StaticMeshActor_UAID_047C16730311536602_2010067055 | Bounds: X=962.577 Y=1038.390 | Threshold: 1000.00
LogNavigationDirtyArea: Warning: Adding an oversized dirty area: From: Addition to navoctree | Object: StaticMeshComponent /Game/Loki/Maps/Tutorial/LVL_Tutorial/_Generated_/86G5U47H7SFIAC775GK4CGN6Y.LVL_Tutorial:PersistentLevel.StaticMeshActor_UAID_047C16730311AC6502_1495529429.StaticMeshComponent0  | Element's owner: StaticMeshActor /Game/Loki/Maps/Tutorial/LVL_Tutorial/_Generated_/86G5U47H7SFIAC775GK4CGN6Y.LVL_Tutorial:PersistentLevel.StaticMeshActor_UAID_047C16730311AC6502_1495529429 | Bounds: X=1293.290 Y=1232.436 | Threshold: 1000.00
LogNavigationDirtyArea: Warning: Adding an oversized dirty area: From: Addition to navoctree | Object: StaticMeshComponent /Game/Loki/Maps/Tutorial/LVL_Tutorial/_Generated_/86G5U47H7SFIAC775GK4CGN6Y.LVL_Tutorial:PersistentLevel.StaticMeshActor_UAID_047C16730311B66502_1700470192.StaticMeshComponent0  | Element's owner: StaticMeshActor /Game/Loki/Maps/Tutorial/LVL_Tutorial/_Generated_/86G5U47H7SFIAC775GK4CGN6Y.LVL_Tutorial:PersistentLevel.StaticMeshActor_UAID_047C16730311B66502_1700470192 | Bounds: X=1437.404 Y=1030.517 | Threshold: 1000.00
LogNavigationDirtyArea: Warning: Adding an oversized dirty area: From: Addition to navoctree | Object: StaticMeshComponent /Game/Loki/Maps/Tutorial/LVL_Tutorial/_Generated_/86G5U47H7SFIAC775GK4CGN6Y.LVL_Tutorial:PersistentLevel.StaticMeshActor_UAID_7C507962E179A76102_2133929615.StaticMeshComponent0  | Element's owner: StaticMeshActor /Game/Loki/Maps/Tutorial/LVL_Tutorial/_Generated_/86G5U47H7SFIAC775GK4CGN6Y.LVL_Tutorial:PersistentLevel.StaticMeshActor_UAID_7C507962E179A76102_2133929615 | Bounds: X=1103.220 Y=959.318 | Threshold: 1000.00
LogNavigationDirtyArea: Warning: Adding an oversized dirty area: From: Addition to navoctree | Object: StaticMeshComponent /Game/Loki/Maps/Tutorial/LVL_Tutorial/_Generated_/86G5U47H7SFIAC775GK4CGN6Y.LVL_Tutorial:PersistentLevel.StaticMeshActor_UAID_047C16730311BE6502_2072218597.StaticMeshComponent0  | Element's owner: StaticMeshActor /Game/Loki/Maps/Tutorial/LVL_Tutorial/_Generated_/86G5U47H7SFIAC775GK4CGN6Y.LVL_Tutorial:PersistentLevel.StaticMeshActor_UAID_047C16730311BE6502_2072218597 | Bounds: X=942.457 Y=1079.460 | Threshold: 1000.00
#1567 GET /storefront/battlepass/progressiontracks -> 200
#1568 GET /storefront/battlepass/progressiontracks -> 200
LogNavigationDirtyArea: Warning: Adding an oversized dirty area: From: Addition to navoctree | Object: StaticMeshComponent /Game/Loki/Maps/Tutorial/LVL_Tutorial/_Generated_/DO8FBNKWDQ4XC5E0IHHW1G4WG.LVL_Tutorial:PersistentLevel.StaticMeshActor_UAID_7C507962E1794C6102_1162353345.StaticMeshComponent0  | Element's owner: StaticMeshActor /Game/Loki/Maps/Tutorial/LVL_Tutorial/_Generated_/DO8FBNKWDQ4XC5E0IHHW1G4WG.LVL_Tutorial:PersistentLevel.StaticMeshActor_UAID_7C507962E1794C6102_1162353345 | Bounds: X=1021.899 Y=1013.800 | Threshold: 1000.00
LogNavigationDirtyArea: Warning: Adding an oversized dirty area: From: Addition to navoctree | Object: StaticMeshComponent /Game/Loki/Maps/Tutorial/LVL_Tutorial/_Generated_/DO8FBNKWDQ4XC5E0IHHW1G4WG.LVL_Tutorial:PersistentLevel.StaticMeshActor_UAID_7C507962E1794C6102_1571824417.StaticMeshComponent0  | Element's owner: StaticMeshActor /Game/Loki/Maps/Tutorial/LVL_Tutorial/_Generated_/DO8FBNKWDQ4XC5E0IHHW1G4WG.LVL_Tutorial:PersistentLevel.StaticMeshActor_UAID_7C507962E1794C6102_1571824417 | Bounds: X=1509.238 Y=1497.031 | Threshold: 1000.00
#1569 GET /storefront/battlepass/progressiontracks -> 200
#1570 GET /storefront/battlepass/progressiontracks -> 200
#1571 GET /storefront/battlepass/progressiontracks -> 200
LogNavigationDirtyArea: Warning: Adding an oversized dirty area: From: Addition to navoctree | Object: StaticMeshComponent /Game/Loki/Maps/Tutorial/LVL_Tutorial/_Generated_/2QNWGTGOOMEES7XALTTNGJ5TS.LVL_Tutorial:PersistentLevel.StaticMeshActor_UAID_7C507962E179AA6102_1103413190.StaticMeshComponent0  | Element's owner: StaticMeshActor /Game/Loki/Maps/Tutorial/LVL_Tutorial/_Generated_/2QNWGTGOOMEES7XALTTNGJ5TS.LVL_Tutorial:PersistentLevel.StaticMeshActor_UAID_7C507962E179AA6102_1103413190 | Bounds: X=1644.607 Y=1419.818 | Threshold: 1000.00
LogNavigationDirtyArea: Warning: Adding an oversized dirty area: From: Addition to navoctree | Object: StaticMeshComponent /Game/Loki/Maps/Tutorial/LVL_Tutorial/_Generated_/2QNWGTGOOMEES7XALTTNGJ5TS.LVL_Tutorial:PersistentLevel.StaticMeshActor_UAID_7C507962E179AA6102_1182849195.StaticMeshComponent0  | Element's owner: StaticMeshActor /Game/Loki/Maps/Tutorial/LVL_Tutorial/_Generated_/2QNWGTGOOMEES7XALTTNGJ5TS.LVL_Tutorial:PersistentLevel.StaticMeshActor_UAID_7C507962E179AA6102_1182849195 | Bounds: X=1562.092 Y=1274.604 | Threshold: 1000.00
LogNavigationDirtyArea: Warning: Adding an oversized dirty area: From: Addition to navoctree | Object: StaticMeshComponent /Game/Loki/Maps/Tutorial/LVL_Tutorial/_Generated_/2QNWGTGOOMEES7XALTTNGJ5TS.LVL_Tutorial:PersistentLevel.StaticMeshActor_UAID_7C507962E179AA6102_1143987193.StaticMeshComponent0  | Element's owner: StaticMeshActor /Game/Loki/Maps/Tutorial/LVL_Tutorial/_Generated_/2QNWGTGOOMEES7XALTTNGJ5TS.LVL_Tutorial:PersistentLevel.StaticMeshActor_UAID_7C507962E179AA6102_1143987193 | Bounds: X=1407.265 Y=984.902 | Threshold: 1000.00
#1572 GET /storefront/battlepass/progressiontracks -> 200
LogNavigationDirtyArea: Warning: Adding an oversized dirty area: From: Addition to navoctree | Object: StaticMeshComponent /Game/Loki/Maps/Tutorial/LVL_Tutorial/_Generated_/2QNWGTGOOMEES7XALTTNGJ5TS.LVL_Tutorial:PersistentLevel.StaticMeshActor_UAID_7C507962E179AA6102_1167335194.StaticMeshComponent0  | Element's owner: StaticMeshActor /Game/Loki/Maps/Tutorial/LVL_Tutorial/_Generated_/2QNWGTGOOMEES7XALTTNGJ5TS.LVL_Tutorial:PersistentLevel.StaticMeshActor_UAID_7C507962E179AA6102_1167335194 | Bounds: X=1864.813 Y=1376.843 | Threshold: 1000.00
LogNavigationDirtyArea: Warning: Adding an oversized dirty area: From: Addition to navoctree | Object: StaticMeshComponent /Game/Loki/Maps/Tutorial/LVL_Tutorial/_Generated_/2QNWGTGOOMEES7XALTTNGJ5TS.LVL_Tutorial:PersistentLevel.StaticMeshActor_UAID_7C507962E179AA6102_1139025192.StaticMeshComponent0  | Element's owner: StaticMeshActor /Game/Loki/Maps/Tutorial/LVL_Tutorial/_Generated_/2QNWGTGOOMEES7XALTTNGJ5TS.LVL_Tutorial:PersistentLevel.StaticMeshActor_UAID_7C507962E179AA6102_1139025192 | Bounds: X=1625.142 Y=1661.550 | Threshold: 1000.00
#1573 GET /storefront/battlepass/progressiontracks -> 200
#1574 GET /storefront/battlepass/progressiontracks -> 200
#1575 GET /storefront/battlepass/progressiontracks -> 200
LogNavigationDirtyArea: Warning: Adding an oversized dirty area: From: Addition to navoctree | Object: StaticMeshComponent /Game/Loki/Maps/Tutorial/LVL_Tutorial/_Generated_/34LHU5B6KD9WLX0DBR12BWXFW.LVL_Tutorial:PersistentLevel.StaticMeshActor_UAID_7C507962E179A56102_1913586136.StaticMeshComponent0  | Element's owner: StaticMeshActor /Game/Loki/Maps/Tutorial/LVL_Tutorial/_Generated_/34LHU5B6KD9WLX0DBR12BWXFW.LVL_Tutorial:PersistentLevel.StaticMeshActor_UAID_7C507962E179A56102_1913586136 | Bounds: X=1394.855 Y=1414.735 | Threshold: 1000.00
LogNavigationDirtyArea: Warning: Adding an oversized dirty area: From: Addition to navoctree | Object: StaticMeshComponent /Game/Loki/Maps/Tutorial/LVL_Tutorial/_Generated_/5QEHODG8QIMMQOEKQBJBNJCYY.LVL_Tutorial:PersistentLevel.StaticMeshActor_UAID_7C507962E179EC6102_1239419555.StaticMeshComponent0  | Element's owner: StaticMeshActor /Game/Loki/Maps/Tutorial/LVL_Tutorial/_Generated_/5QEHODG8QIMMQOEKQBJBNJCYY.LVL_Tutorial:PersistentLevel.StaticMeshActor_UAID_7C507962E179EC6102_1239419555 | Bounds: X=1263.662 Y=1575.062 | Threshold: 1000.00
LogNavigationDirtyArea: Warning: Adding an oversized dirty area: From: Addition to navoctree | Object: StaticMeshComponent /Game/Loki/Maps/Tutorial/LVL_Tutorial/_Generated_/5QEHODG8QIMMQOEKQBJBNJCYY.LVL_Tutorial:PersistentLevel.StaticMeshActor_UAID_7C507962E179AA6102_1126214191.StaticMeshComponent0  | Element's owner: StaticMeshActor /Game/Loki/Maps/Tutorial/LVL_Tutorial/_Generated_/5QEHODG8QIMMQOEKQBJBNJCYY.LVL_Tutorial:PersistentLevel.StaticMeshActor_UAID_7C507962E179AA6102_1126214191 | Bounds: X=1546.079 Y=1209.713 | Threshold: 1000.00
LogNavigationDirtyArea: Warning: Adding an oversized dirty area: From: Addition to navoctree | Object: NavModifierVolume /Game/Loki/Maps/Tutorial/LVL_Tutorial/_Generated_/F1FCDYJXSGLV8YQ8MG4FR48JV.LVL_Tutorial:PersistentLevel.NavModifierVolume_UAID_047C16730311FC6702_1921695631  | Element's owner: Level /Game/Loki/Maps/Tutorial/LVL_Tutorial/_Generated_/F1FCDYJXSGLV8YQ8MG4FR48JV.LVL_Tutorial:PersistentLevel | Bounds: X=999.694 Y=1025.191 | Threshold: 1000.00
LogNavigationDirtyArea: Warning: Adding an oversized dirty area: From: Addition to navoctree | Object: StaticMeshComponent /Game/Loki/Maps/Tutorial/LVL_Tutorial/_Generated_/F1FCDYJXSGLV8YQ8MG4FR48JV.LVL_Tutorial:PersistentLevel.StaticMeshActor_UAID_7C507962E179AE6102_1581476980.StaticMeshComponent0  | Element's owner: StaticMeshActor /Game/Loki/Maps/Tutorial/LVL_Tutorial/_Generated_/F1FCDYJXSGLV8YQ8MG4FR48JV.LVL_Tutorial:PersistentLevel.StaticMeshActor_UAID_7C507962E179AE6102_1581476980 | Bounds: X=1019.422 Y=811.888 | Threshold: 1000.00
LogNavigationDirtyArea: Warning: Adding an oversized dirty area: From: Addition to navoctree | Object: StaticMeshComponent /Game/Loki/Maps/Tutorial/LVL_Tutorial/_Generated_/F1FCDYJXSGLV8YQ8MG4FR48JV.LVL_Tutorial:PersistentLevel.StaticMeshActor_UAID_7C507962E179AE6102_1581475979.StaticMeshComponent0  | Element's owner: StaticMeshActor /Game/Loki/Maps/Tutorial/LVL_Tutorial/_Generated_/F1FCDYJXSGLV8YQ8MG4FR48JV.LVL_Tutorial:PersistentLevel.StaticMeshActor_UAID_7C507962E179AE6102_1581475979 | Bounds: X=1043.711 Y=504.665 | Threshold: 1000.00
#1576 GET /storefront/battlepass/progressiontracks -> 200
#1577 GET /storefront/battlepass/progressiontracks -> 200
LogNavigationDirtyArea: Warning: Adding an oversized dirty area: From: Addition to navoctree | Object: StaticMeshComponent /Game/Loki/Maps/Tutorial/LVL_Tutorial/_Generated_/CS1HKTG4F4Z1B0S4EN9OJ5OY7.LVL_Tutorial:PersistentLevel.StaticMeshActor_UAID_7C507962E179506102_2029316198.StaticMeshComponent0  | Element's owner: StaticMeshActor /Game/Loki/Maps/Tutorial/LVL_Tutorial/_Generated_/CS1HKTG4F4Z1B0S4EN9OJ5OY7.LVL_Tutorial:PersistentLevel.StaticMeshActor_UAID_7C507962E179506102_2029316198 | Bounds: X=1122.358 Y=1439.979 | Threshold: 1000.00
LogNavigationDirtyArea: Warning: Adding an oversized dirty area: From: Addition to navoctree | Object: StaticMeshComponent /Game/Loki/Maps/Tutorial/LVL_Tutorial/_Generated_/CS1HKTG4F4Z1B0S4EN9OJ5OY7.LVL_Tutorial:PersistentLevel.StaticMeshActor_UAID_7C507962E179556102_2038559093.StaticMeshComponent0  | Element's owner: StaticMeshActor /Game/Loki/Maps/Tutorial/LVL_Tutorial/_Generated_/CS1HKTG4F4Z1B0S4EN9OJ5OY7.LVL_Tutorial:PersistentLevel.StaticMeshActor_UAID_7C507962E179556102_2038559093 | Bounds: X=1430.439 Y=1411.578 | Threshold: 1000.00
LogNavigationDirtyArea: Warning: Adding an oversized dirty area: From: Addition to navoctree | Object: StaticMeshComponent /Game/Loki/Maps/Tutorial/LVL_Tutorial/_Generated_/1K41T1EK9BFN6U6OM5WB6NV5D.LVL_Tutorial:PersistentLevel.StaticMeshActor_UAID_047C16730311D97302_1580046130.StaticMeshComponent0  | Element's owner: StaticMeshActor /Game/Loki/Maps/Tutorial/LVL_Tutorial/_Generated_/1K41T1EK9BFN6U6OM5WB6NV5D.LVL_Tutorial:PersistentLevel.StaticMeshActor_UAID_047C16730311D97302_1580046130 | Bounds: X=1435.296 Y=1649.935 | Threshold: 1000.00
LogNavigationDirtyArea: Warning: Adding an oversized dirty area: From: Addition to navoctree | Object: BP_BotNavLink_C /Game/Loki/Maps/Tutorial/LVL_Tutorial/_Generated_/DGNONLNR04Q3TKTAFHB1A6Q34.LVL_Tutorial:PersistentLevel.BP_BotNavLink_C_UAID_047C16730311FD6702_1518896808  | Element's owner: Level /Game/Loki/Maps/Tutorial/LVL_Tutorial/_Generated_/DGNONLNR04Q3TKTAFHB1A6Q34.LVL_Tutorial:PersistentLevel | Bounds: X=1105.000 Y=355.000 | Threshold: 1000.00
#1578 GET /storefront/battlepass/progressiontracks -> 200
LogNavigationDirtyArea: Warning: Adding an oversized dirty area: From: Addition to navoctree | Object: StaticMeshComponent /Game/Loki/Maps/Tutorial/LVL_Tutorial/_Generated_/45KT0ZERLGH58247PARBHF5K8.LVL_Tutorial:PersistentLevel.StaticMeshActor_UAID_7C507962E1794D6102_1667885614.StaticMeshComponent0  | Element's owner: StaticMeshActor /Game/Loki/Maps/Tutorial/LVL_Tutorial/_Generated_/45KT0ZERLGH58247PARBHF5K8.LVL_Tutorial:PersistentLevel.StaticMeshActor_UAID_7C507962E1794D6102_1667885614 | Bounds: X=1347.200 Y=1323.558 | Threshold: 1000.00
LogNavigationDirtyArea: Warning: Adding an oversized dirty area: From: Addition to navoctree | Object: StaticMeshComponent /Game/Loki/Maps/Tutorial/LVL_Tutorial/_Generated_/45KT0ZERLGH58247PARBHF5K8.LVL_Tutorial:PersistentLevel.StaticMeshActor_UAID_7C507962E1799D6102_2101479594.StaticMeshComponent0  | Element's owner: StaticMeshActor /Game/Loki/Maps/Tutorial/LVL_Tutorial/_Generated_/45KT0ZERLGH58247PARBHF5K8.LVL_Tutorial:PersistentLevel.StaticMeshActor_UAID_7C507962E1799D6102_2101479594 | Bounds: X=849.361 Y=1323.174 | Threshold: 1000.00
LogNavigationDirtyArea: Warning: Adding an oversized dirty area: From: Addition to navoctree | Object: StaticMeshComponent /Game/Loki/Maps/Tutorial/LVL_Tutorial/_Generated_/45KT0ZERLGH58247PARBHF5K8.LVL_Tutorial:PersistentLevel.StaticMeshActor_UAID_7C507962E1794D6102_1674900615.StaticMeshComponent0  | Element's owner: StaticMeshActor /Game/Loki/Maps/Tutorial/LVL_Tutorial/_Generated_/45KT0ZERLGH58247PARBHF5K8.LVL_Tutorial:PersistentLevel.StaticMeshActor_UAID_7C507962E1794D6102_1674900615 | Bounds: X=1521.459 Y=1530.889 | Threshold: 1000.00
#1579 GET /storefront/battlepass/progressiontracks -> 200
LogNavigationDirtyArea: Warning: Adding an oversized dirty area: From: Addition to navoctree | Object: StaticMeshComponent /Game/Loki/Maps/Tutorial/LVL_Tutorial/_Generated_/6VEMJBF3ISWD2239FELV3WAFJ.LVL_Tutorial:PersistentLevel.StaticMeshActor_UAID_7C507962E179A46102_1295677894.StaticMeshComponent0  | Element's owner: StaticMeshActor /Game/Loki/Maps/Tutorial/LVL_Tutorial/_Generated_/6VEMJBF3ISWD2239FELV3WAFJ.LVL_Tutorial:PersistentLevel.StaticMeshActor_UAID_7C507962E179A46102_1295677894 | Bounds: X=1555.759 Y=1558.385 | Threshold: 1000.00
LogNavigationDirtyArea: Warning: Adding an oversized dirty area: From: Addition to navoctree | Object: StaticMeshComponent /Game/Loki/Maps/Tutorial/LVL_Tutorial/_Generated_/6VEMJBF3ISWD2239FELV3WAFJ.LVL_Tutorial:PersistentLevel.StaticMeshActor_UAID_7C507962E179A56102_1646500127.StaticMeshComponent0  | Element's owner: StaticMeshActor /Game/Loki/Maps/Tutorial/LVL_Tutorial/_Generated_/6VEMJBF3ISWD2239FELV3WAFJ.LVL_Tutorial:PersistentLevel.StaticMeshActor_UAID_7C507962E179A56102_1646500127 | Bounds: X=1528.670 Y=1518.915 | Threshold: 1000.00
LogNavigationDirtyArea: Warning: Adding an oversized dirty area: From: Addition to navoctree | Object: StaticMeshComponent /Game/Loki/Maps/Tutorial/LVL_Tutorial/_Generated_/6VEMJBF3ISWD2239FELV3WAFJ.LVL_Tutorial:PersistentLevel.StaticMeshActor_UAID_7C507962E179A46102_1145609890.StaticMeshComponent0  | Element's owner: StaticMeshActor /Game/Loki/Maps/Tutorial/LVL_Tutorial/_Generated_/6VEMJBF3ISWD2239FELV3WAFJ.LVL_Tutorial:PersistentLevel.StaticMeshActor_UAID_7C507962E179A46102_1145609890 | Bounds: X=1499.062 Y=1511.062 | Threshold: 1000.00
LogNavigationDirtyArea: Warning: Adding an oversized dirty area: From: Addition to navoctree | Object: StaticMeshComponent /Game/Loki/Maps/Tutorial/LVL_Tutorial/_Generated_/6VEMJBF3ISWD2239FELV3WAFJ.LVL_Tutorial:PersistentLevel.StaticMeshActor_UAID_7C507962E179A56102_1638203126.StaticMeshComponent0  | Element's owner: StaticMeshActor /Game/Loki/Maps/Tutorial/LVL_Tutorial/_Generated_/6VEMJBF3ISWD2239FELV3WAFJ.LVL_Tutorial:PersistentLevel.StaticMeshActor_UAID_7C507962E179A56102_1638203126 | Bounds: X=1555.865 Y=1551.942 | Threshold: 1000.00
LogNavigationDirtyArea: Warning: Adding an oversized dirty area: From: Addition to navoctree | Object: StaticMeshComponent /Game/Loki/Maps/Tutorial/LVL_Tutorial/_Generated_/4L3BT1BUTDZZ02SGW2PYJW1EF.LVL_Tutorial:PersistentLevel.StaticMeshActor_UAID_7C507962E179EE6102_1264424954.StaticMeshComponent0  | Element's owner: StaticMeshActor /Game/Loki/Maps/Tutorial/LVL_Tutorial/_Generated_/4L3BT1BUTDZZ02SGW2PYJW1EF.LVL_Tutorial:PersistentLevel.StaticMeshActor_UAID_7C507962E179EE6102_1264424954 | Bounds: X=2725.039 Y=2416.522 | Threshold: 1000.00
#1580 GET /storefront/battlepass/progressiontracks -> 200
#1581 GET /storefront/battlepass/progressiontracks -> 200
#1582 GET /storefront/battlepass/progressiontracks -> 200
LogNavigationDirtyArea: Warning: Adding an oversized dirty area: From: Addition to navoctree | Object: StaticMeshComponent /Game/Loki/Maps/Tutorial/LVL_Tutorial/_Generated_/0P831IJYF2PG8CKB3C1R66PL1.LVL_Tutorial:PersistentLevel.StaticMeshActor_UAID_7C507962E179A46102_1177151891.StaticMeshComponent0  | Element's owner: StaticMeshActor /Game/Loki/Maps/Tutorial/LVL_Tutorial/_Generated_/0P831IJYF2PG8CKB3C1R66PL1.LVL_Tutorial:PersistentLevel.StaticMeshActor_UAID_7C507962E179A46102_1177151891 | Bounds: X=1427.987 Y=1445.783 | Threshold: 1000.00
#1583 GET /storefront/battlepass/progressiontracks -> 200
#1584 GET /storefront/battlepass/progressiontracks -> 200
#1585 GET /storefront/battlepass/progressiontracks -> 200
#1586 GET /storefront/battlepass/progressiontracks -> 200
#1587 GET /storefront/battlepass/progressiontracks -> 200
#1588 GET /storefront/battlepass/progressiontracks -> 200
#1589 GET /storefront/battlepass/progressiontracks -> 200
#1590 GET /storefront/battlepass/progressiontracks -> 200
#1591 GET /storefront/battlepass/progressiontracks -> 200
#1592 GET /storefront/battlepass/progressiontracks -> 200
#1593 GET /storefront/battlepass/progressiontracks -> 200
#1594 GET /storefront/battlepass/progressiontracks -> 200
#1595 GET /storefront/battlepass/progressiontracks -> 200
#1596 GET /storefront/battlepass/progressiontracks -> 200
#1597 GET /storefront/battlepass/progressiontracks -> 200
#1598 GET /storefront/battlepass/progressiontracks -> 200
#1599 GET /storefront/battlepass/progressiontracks -> 200
#1600 GET /storefront/battlepass/progressiontracks -> 200
#1601 GET /storefront/battlepass/progressiontracks -> 200
#1602 GET /storefront/battlepass/progressiontracks -> 200
#1603 GET /storefront/battlepass/progressiontracks -> 200
#1604 GET /storefront/battlepass/progressiontracks -> 200
#1605 GET /storefront/battlepass/progressiontracks -> 200
#1606 GET /storefront/battlepass/progressiontracks -> 200
#1607 GET /storefront/battlepass/progressiontracks -> 200
#1608 GET /storefront/battlepass/progressiontracks -> 200
#1609 GET /storefront/battlepass/progressiontracks -> 200
#1610 GET /storefront/battlepass/progressiontracks -> 200
#1611 GET /storefront/battlepass/progressiontracks -> 200
#1612 GET /storefront/battlepass/progressiontracks -> 200
#1613 GET /storefront/battlepass/progressiontracks -> 200
#1614 GET /storefront/battlepass/progressiontracks -> 200

* 17:46:45.448  WS <- /notifications/players/9b9d2c887e2524f918e383a895f2f1c2 BINARY (2 bytes) 6862

* 17:46:45.494  WS -> /notifications/players/9b9d2c887e2524f918e383a895f2f1c2 TEXT hb reply {"Resource":"hb","Version":0,"Payload":""}
#1615 GET /storefront/battlepass/progressiontracks -> 200
#1616 GET /storefront/battlepass/progressiontracks -> 200
#1617 GET /storefront/battlepass/progressiontracks -> 200
#1618 GET /storefront/battlepass/progressiontracks -> 200
#1619 GET /storefront/battlepass/progressiontracks -> 200
#1620 GET /storefront/battlepass/progressiontracks -> 200
#1621 GET /storefront/battlepass/progressiontracks -> 200
#1622 GET /storefront/battlepass/progressiontracks -> 200
#1623 GET /storefront/battlepass/progressiontracks -> 200
#1624 GET /storefront/battlepass/progressiontracks -> 200
#1625 GET /storefront/battlepass/progressiontracks -> 200
#1626 GET /storefront/battlepass/progressiontracks -> 200
#1627 GET /storefront/battlepass/progressiontracks -> 200
#1628 GET /storefront/battlepass/progressiontracks -> 200
#1629 GET /storefront/battlepass/progressiontracks -> 200
#1630 GET /storefront/battlepass/progressiontracks -> 200
#1631 GET /storefront/battlepass/progressiontracks -> 200
#1632 GET /storefront/battlepass/progressiontracks -> 200
#1633 GET /storefront/battlepass/progressiontracks -> 200
#1634 GET /storefront/battlepass/progressiontracks -> 200
#1635 GET /storefront/battlepass/progressiontracks -> 200
#1636 GET /storefront/battlepass/progressiontracks -> 200
#1637 GET /storefront/battlepass/progressiontracks -> 200
#1638 GET /storefront/battlepass/progressiontracks -> 200
#1639 GET /storefront/battlepass/progressiontracks -> 200
#1640 GET /storefront/battlepass/progressiontracks -> 200
#1641 GET /storefront/battlepass/progressiontracks -> 200
#1642 GET /storefront/battlepass/progressiontracks -> 200
#1643 GET /storefront/battlepass/progressiontracks -> 200
#1644 GET /storefront/battlepass/progressiontracks -> 200
#1645 GET /storefront/battlepass/progressiontracks -> 200
#1646 GET /storefront/battlepass/progressiontracks -> 200
#1647 GET /storefront/battlepass/progressiontracks -> 200
#1648 GET /storefront/battlepass/progressiontracks -> 200
#1649 GET /storefront/battlepass/progressiontracks -> 200
#1650 GET /storefront/battlepass/progressiontracks -> 200
#1651 GET /storefront/battlepass/progressiontracks -> 200
#1652 GET /storefront/battlepass/progressiontracks -> 200
#1653 GET /storefront/battlepass/progressiontracks -> 200
#1654 GET /storefront/battlepass/progressiontracks -> 200
#1655 GET /storefront/battlepass/progressiontracks -> 200
#1656 GET /storefront/battlepass/progressiontracks -> 200
#1657 GET /storefront/battlepass/progressiontracks -> 200
#1658 GET /storefront/battlepass/progressiontracks -> 200
#1659 GET /storefront/battlepass/progressiontracks -> 200
#1660 GET /storefront/battlepass/progressiontracks -> 200
#1661 GET /storefront/battlepass/progressiontracks -> 200
#1662 GET /storefront/battlepass/progressiontracks -> 200
#1663 GET /storefront/battlepass/progressiontracks -> 200
#1664 GET /storefront/battlepass/progressiontracks -> 200
#1665 GET /storefront/battlepass/progressiontracks -> 200
#1666 GET /storefront/battlepass/progressiontracks -> 200
#1667 GET /storefront/battlepass/progressiontracks -> 200
#1668 GET /storefront/battlepass/progressiontracks -> 200
#1669 GET /storefront/battlepass/progressiontracks -> 200
#1670 GET /storefront/battlepass/progressiontracks -> 200
#1671 GET /storefront/battlepass/progressiontracks -> 200
#1672 GET /storefront/battlepass/progressiontracks -> 200
#1673 GET /storefront/battlepass/progressiontracks -> 200
#1674 GET /storefront/battlepass/progressiontracks -> 200
#1675 GET /storefront/battlepass/progressiontracks -> 200
#1676 GET /storefront/battlepass/progressiontracks -> 200
#1677 GET /storefront/battlepass/progressiontracks -> 200
#1678 GET /storefront/battlepass/progressiontracks -> 200
#1679 GET /storefront/battlepass/progressiontracks -> 200
#1680 GET /storefront/battlepass/progressiontracks -> 200
#1681 GET /storefront/battlepass/progressiontracks -> 200
#1682 GET /storefront/battlepass/progressiontracks -> 200
#1683 GET /storefront/battlepass/progressiontracks -> 200
#1684 GET /storefront/battlepass/progressiontracks -> 200
#1685 GET /storefront/battlepass/progressiontracks -> 200
#1686 GET /storefront/battlepass/progressiontracks -> 200
#1687 GET /storefront/battlepass/progressiontracks -> 200
#1688 GET /storefront/battlepass/progressiontracks -> 200
#1689 GET /storefront/battlepass/progressiontracks -> 200
#1690 GET /storefront/battlepass/progressiontracks -> 200
#1691 GET /storefront/battlepass/progressiontracks -> 200
#1692 GET /storefront/battlepass/progressiontracks -> 200
#1693 GET /storefront/battlepass/progressiontracks -> 200
#1694 GET /storefront/battlepass/progressiontracks -> 200
#1695 GET /storefront/battlepass/progressiontracks -> 200
#1696 GET /storefront/battlepass/progressiontracks -> 200
#1697 GET /storefront/battlepass/progressiontracks -> 200
#1698 GET /storefront/battlepass/progressiontracks -> 200
#1699 GET /storefront/battlepass/progressiontracks -> 200
#1700 GET /storefront/battlepass/progressiontracks -> 200
#1701 GET /storefront/battlepass/progressiontracks -> 200
#1702 GET /storefront/battlepass/progressiontracks -> 200
#1703 GET /storefront/battlepass/progressiontracks -> 200
#1704 GET /storefront/battlepass/progressiontracks -> 200
#1705 GET /storefront/battlepass/progressiontracks -> 200
#1706 GET /storefront/battlepass/progressiontracks -> 200
#1707 GET /storefront/battlepass/progressiontracks -> 200
#1708 GET /storefront/battlepass/progressiontracks -> 200
#1709 GET /storefront/battlepass/progressiontracks -> 200
#1710 GET /storefront/battlepass/progressiontracks -> 200
#1711 GET /storefront/battlepass/progressiontracks -> 200
#1712 GET /storefront/battlepass/progressiontracks -> 200
#1713 GET /storefront/battlepass/progressiontracks -> 200
#1714 GET /storefront/battlepass/progressiontracks -> 200
#1715 GET /storefront/battlepass/progressiontracks -> 200
#1716 GET /storefront/battlepass/progressiontracks -> 200
#1717 GET /storefront/battlepass/progressiontracks -> 200
#1718 GET /storefront/battlepass/progressiontracks -> 200
#1719 GET /storefront/battlepass/progressiontracks -> 200
#1720 GET /storefront/battlepass/progressiontracks -> 200
#1721 GET /storefront/battlepass/progressiontracks -> 200
#1722 GET /storefront/battlepass/progressiontracks -> 200
#1723 GET /storefront/battlepass/progressiontracks -> 200
#1724 GET /storefront/battlepass/progressiontracks -> 200
#1725 GET /storefront/battlepass/progressiontracks -> 200
#1726 GET /storefront/battlepass/progressiontracks -> 200
#1727 GET /storefront/battlepass/progressiontracks -> 200
#1728 GET /storefront/battlepass/progressiontracks -> 200
#1729 GET /storefront/battlepass/progressiontracks -> 200
#1730 GET /storefront/battlepass/progressiontracks -> 200
#1731 GET /storefront/battlepass/progressiontracks -> 200
#1732 GET /storefront/battlepass/progressiontracks -> 200
#1733 GET /storefront/battlepass/progressiontracks -> 200
#1734 GET /storefront/battlepass/progressiontracks -> 200
#1735 GET /storefront/battlepass/progressiontracks -> 200
#1736 GET /storefront/battlepass/progressiontracks -> 200
#1737 GET /storefront/battlepass/progressiontracks -> 200
#1738 GET /storefront/battlepass/progressiontracks -> 200
#1739 GET /storefront/battlepass/progressiontracks -> 200
#1740 GET /storefront/battlepass/progressiontracks -> 200
#1741 GET /storefront/battlepass/progressiontracks -> 200
#1742 GET /storefront/battlepass/progressiontracks -> 200
#1743 GET /storefront/battlepass/progressiontracks -> 200
#1744 GET /storefront/battlepass/progressiontracks -> 200
#1745 GET /storefront/battlepass/progressiontracks -> 200
#1746 GET /storefront/battlepass/progressiontracks -> 200
#1747 GET /storefront/battlepass/progressiontracks -> 200
#1748 GET /configuration/client -> 200
#1749 GET /storefront/battlepass/progressiontracks -> 200
#1750 GET /core-game/regions -> 200
#1751 GET /content-service/manifest/release2.4.live-156430-shipping -> 200
#1752 GET /storefront/battlepass/progressiontracks -> 200
#1753 GET /party/matchmaking/info -> 200
#1754 GET /storefront/battlepass/progressiontracks -> 200
#1755 GET /storefront/battlepass/progressiontracks -> 200
#1756 GET /storefront/battlepass/progressiontracks -> 200
#1757 GET /storefront/battlepass/progressiontracks -> 200
#1758 GET /storefront/battlepass/progressiontracks -> 200
#1759 GET /storefront/battlepass/progressiontracks -> 200
#1760 GET /storefront/battlepass/progressiontracks -> 200
#1761 GET /storefront/battlepass/progressiontracks -> 200
#1762 GET /storefront/battlepass/progressiontracks -> 200
#1763 GET /storefront/battlepass/progressiontracks -> 200
#1764 GET /storefront/battlepass/progressiontracks -> 200
#1765 GET /storefront/battlepass/progressiontracks -> 200
#1766 GET /storefront/battlepass/progressiontracks -> 200
#1767 GET /storefront/battlepass/progressiontracks -> 200
#1768 GET /storefront/battlepass/progressiontracks -> 200
#1769 GET /storefront/battlepass/progressiontracks -> 200
#1770 GET /storefront/battlepass/progressiontracks -> 200
#1771 GET /storefront/battlepass/progressiontracks -> 200
#1772 GET /storefront/battlepass/progressiontracks -> 200
#1773 GET /storefront/battlepass/progressiontracks -> 200
#1774 GET /storefront/battlepass/progressiontracks -> 200
#1775 GET /storefront/battlepass/progressiontracks -> 200
#1776 GET /storefront/battlepass/progressiontracks -> 200
#1777 GET /storefront/battlepass/progressiontracks -> 200
#1778 GET /storefront/battlepass/progressiontracks -> 200
#1779 GET /storefront/battlepass/progressiontracks -> 200
#1780 GET /storefront/battlepass/progressiontracks -> 200
#1781 GET /storefront/battlepass/progressiontracks -> 200
#1782 POST /party/parties/party-9b9d2c887e2524f918e383a895f2f1c2/members/9b9d2c887e2524f918e383a895f2f1c2/latencies -> 200
#1783 GET /storefront/battlepass/progressiontracks -> 200
#1784 GET /storefront/battlepass/progressiontracks -> 200
#1785 GET /storefront/battlepass/progressiontracks -> 200
#1786 GET /storefront/battlepass/progressiontracks -> 200
#1787 GET /storefront/battlepass/progressiontracks -> 200
#1788 GET /storefront/battlepass/progressiontracks -> 200
#1789 GET /storefront/battlepass/progressiontracks -> 200
#1790 GET /storefront/battlepass/progressiontracks -> 200
#1791 GET /storefront/battlepass/progressiontracks -> 200
#1792 GET /storefront/battlepass/progressiontracks -> 200
#1793 GET /storefront/battlepass/progressiontracks -> 200
#1794 GET /storefront/battlepass/progressiontracks -> 200
#1795 GET /storefront/battlepass/progressiontracks -> 200
#1796 GET /storefront/battlepass/progressiontracks -> 200
#1797 GET /storefront/battlepass/progressiontracks -> 200
#1798 GET /storefront/battlepass/progressiontracks -> 200
#1799 GET /storefront/battlepass/progressiontracks -> 200
#1800 GET /storefront/battlepass/progressiontracks -> 200
#1801 GET /storefront/battlepass/progressiontracks -> 200
#1802 GET /storefront/battlepass/progressiontracks -> 200
#1803 GET /storefront/battlepass/progressiontracks -> 200
#1804 GET /storefront/battlepass/progressiontracks -> 200
#1805 GET /storefront/battlepass/progressiontracks -> 200
#1806 GET /storefront/battlepass/progressiontracks -> 200
#1807 GET /storefront/battlepass/progressiontracks -> 200
#1808 GET /storefront/battlepass/progressiontracks -> 200
#1809 GET /storefront/battlepass/progressiontracks -> 200
#1810 GET /storefront/battlepass/progressiontracks -> 200
#1811 GET /storefront/battlepass/progressiontracks -> 200
#1812 GET /storefront/battlepass/progressiontracks -> 200
#1813 GET /storefront/battlepass/progressiontracks -> 200
#1814 GET /storefront/battlepass/progressiontracks -> 200
#1815 GET /storefront/battlepass/progressiontracks -> 200
#1816 GET /storefront/battlepass/progressiontracks -> 200
#1817 GET /storefront/battlepass/progressiontracks -> 200
#1818 GET /storefront/battlepass/progressiontracks -> 200
#1819 GET /storefront/battlepass/progressiontracks -> 200
#1820 GET /storefront/battlepass/progressiontracks -> 200
#1821 GET /storefront/battlepass/progressiontracks -> 200
#1822 GET /storefront/battlepass/progressiontracks -> 200
#1823 GET /storefront/battlepass/progressiontracks -> 200
#1824 GET /storefront/battlepass/progressiontracks -> 200
#1825 GET /storefront/battlepass/progressiontracks -> 200
#1826 GET /storefront/battlepass/progressiontracks -> 200
#1827 GET /storefront/battlepass/progressiontracks -> 200
#1828 GET /storefront/battlepass/progressiontracks -> 200
#1829 GET /storefront/battlepass/progressiontracks -> 200
#1830 GET /storefront/battlepass/progressiontracks -> 200
#1831 GET /storefront/battlepass/progressiontracks -> 200
#1832 GET /storefront/battlepass/progressiontracks -> 200
#1833 GET /storefront/battlepass/progressiontracks -> 200
#1834 GET /storefront/battlepass/progressiontracks -> 200
#1835 GET /storefront/battlepass/progressiontracks -> 200
#1836 GET /storefront/battlepass/progressiontracks -> 200
#1837 GET /storefront/battlepass/progressiontracks -> 200
#1838 GET /storefront/battlepass/progressiontracks -> 200
#1839 GET /storefront/battlepass/progressiontracks -> 200
#1840 GET /storefront/battlepass/progressiontracks -> 200
#1841 GET /storefront/battlepass/progressiontracks -> 200
#1842 GET /storefront/battlepass/progressiontracks -> 200
#1843 GET /storefront/battlepass/progressiontracks -> 200
#1844 GET /storefront/battlepass/progressiontracks -> 200
#1845 GET /storefront/battlepass/progressiontracks -> 200
#1846 GET /storefront/battlepass/progressiontracks -> 200
#1847 GET /storefront/battlepass/progressiontracks -> 200
#1848 GET /storefront/battlepass/progressiontracks -> 200
#1849 GET /storefront/battlepass/progressiontracks -> 200
#1850 GET /storefront/battlepass/progressiontracks -> 200
#1851 GET /storefront/battlepass/progressiontracks -> 200
#1852 GET /storefront/battlepass/progressiontracks -> 200
#1853 GET /storefront/battlepass/progressiontracks -> 200
#1854 GET /storefront/battlepass/progressiontracks -> 200
#1855 GET /storefront/battlepass/progressiontracks -> 200
#1856 GET /storefront/battlepass/progressiontracks -> 200
#1857 GET /storefront/battlepass/progressiontracks -> 200
#1858 GET /storefront/battlepass/progressiontracks -> 200
#1859 GET /storefront/battlepass/progressiontracks -> 200
#1860 GET /storefront/battlepass/progressiontracks -> 200
#1861 GET /storefront/battlepass/progressiontracks -> 200
#1862 GET /storefront/battlepass/progressiontracks -> 200
#1863 GET /storefront/battlepass/progressiontracks -> 200
#1864 GET /storefront/battlepass/progressiontracks -> 200
#1865 GET /storefront/battlepass/progressiontracks -> 200
#1866 GET /storefront/battlepass/progressiontracks -> 200
#1867 GET /storefront/battlepass/progressiontracks -> 200
#1868 GET /storefront/battlepass/progressiontracks -> 200
#1869 GET /storefront/battlepass/progressiontracks -> 200
#1870 GET /storefront/battlepass/progressiontracks -> 200
#1871 GET /storefront/battlepass/progressiontracks -> 200
#1872 GET /storefront/battlepass/progressiontracks -> 200
#1873 GET /storefront/battlepass/progressiontracks -> 200
#1874 GET /storefront/battlepass/progressiontracks -> 200
#1875 GET /storefront/battlepass/progressiontracks -> 200
#1876 GET /storefront/battlepass/progressiontracks -> 200
#1877 GET /storefront/battlepass/progressiontracks -> 200
#1878 GET /storefront/battlepass/progressiontracks -> 200
#1879 GET /storefront/battlepass/progressiontracks -> 200
#1880 GET /storefront/battlepass/progressiontracks -> 200
#1881 GET /storefront/battlepass/progressiontracks -> 200
#1882 GET /storefront/battlepass/progressiontracks -> 200
#1883 GET /storefront/battlepass/progressiontracks -> 200
#1884 GET /storefront/battlepass/progressiontracks -> 200
#1885 GET /storefront/battlepass/progressiontracks -> 200
#1886 GET /storefront/battlepass/progressiontracks -> 200
#1887 GET /storefront/battlepass/progressiontracks -> 200
#1888 GET /storefront/battlepass/progressiontracks -> 200
#1889 GET /storefront/battlepass/progressiontracks -> 200
#1890 GET /storefront/battlepass/progressiontracks -> 200
#1891 GET /storefront/battlepass/progressiontracks -> 200
#1892 GET /storefront/battlepass/progressiontracks -> 200
#1893 GET /storefront/battlepass/progressiontracks -> 200
#1894 GET /storefront/battlepass/progressiontracks -> 200
#1895 GET /storefront/battlepass/progressiontracks -> 200
#1896 GET /storefront/battlepass/progressiontracks -> 200
#1897 GET /storefront/battlepass/progressiontracks -> 200
#1898 GET /storefront/battlepass/progressiontracks -> 200
#1899 GET /storefront/battlepass/progressiontracks -> 200
#1900 GET /storefront/battlepass/progressiontracks -> 200
#1901 GET /storefront/battlepass/progressiontracks -> 200
#1902 GET /storefront/battlepass/progressiontracks -> 200
#1903 GET /storefront/battlepass/progressiontracks -> 200
#1904 GET /storefront/battlepass/progressiontracks -> 200
#1905 GET /storefront/battlepass/progressiontracks -> 200
#1906 GET /storefront/battlepass/progressiontracks -> 200
#1907 GET /storefront/battlepass/progressiontracks -> 200
#1908 GET /storefront/battlepass/progressiontracks -> 200
#1909 GET /storefront/battlepass/progressiontracks -> 200
#1910 GET /storefront/battlepass/progressiontracks -> 200
#1911 GET /storefront/battlepass/progressiontracks -> 200
#1912 GET /storefront/battlepass/progressiontracks -> 200
#1913 GET /storefront/battlepass/progressiontracks -> 200
#1914 GET /storefront/battlepass/progressiontracks -> 200

* 17:47:11.228  WS <- /lobby TEXT ""
#1915 GET /storefront/battlepass/progressiontracks -> 200
#1916 GET /storefront/battlepass/progressiontracks -> 200
#1917 GET /storefront/battlepass/progressiontracks -> 200
#1918 GET /storefront/battlepass/progressiontracks -> 200
#1919 GET /storefront/battlepass/progressiontracks -> 200
#1920 GET /storefront/battlepass/progressiontracks -> 200
#1921 GET /storefront/battlepass/progressiontracks -> 200
#1922 GET /storefront/battlepass/progressiontracks -> 200
#1923 GET /storefront/battlepass/progressiontracks -> 200
#1924 GET /storefront/battlepass/progressiontracks -> 200
#1925 GET /storefront/battlepass/progressiontracks -> 200
#1926 GET /storefront/battlepass/progressiontracks -> 200
#1927 GET /storefront/battlepass/progressiontracks -> 200
#1928 GET /storefront/battlepass/progressiontracks -> 200

* 17:47:15.519  WS -> /notifications/players/9b9d2c887e2524f918e383a895f2f1c2 BINARY hb (proactive 30s keepalive)
#1929 GET /storefront/battlepass/progressiontracks -> 200
#1930 POST /game-telemetry/v1/protected/events -> 200

* 17:47:41.394  WS <- /lobby TEXT ""
#1931 GET /storefront/battlepass/progressiontracks -> 200
#1932 GET /storefront/battlepass/progressiontracks -> 200
#1933 GET /storefront/battlepass/progressiontracks -> 200
#1934 GET /storefront/battlepass/progressiontracks -> 200
#1935 GET /storefront/battlepass/progressiontracks -> 200
#1936 GET /storefront/battlepass/progressiontracks -> 200
#1937 GET /storefront/battlepass/progressiontracks -> 200
#1938 GET /storefront/battlepass/progressiontracks -> 200
#1939 GET /storefront/battlepass/progressiontracks -> 200
#1940 GET /storefront/battlepass/progressiontracks -> 200
#1941 GET /storefront/battlepass/progressiontracks -> 200
#1942 GET /storefront/battlepass/progressiontracks -> 200
#1943 GET /storefront/battlepass/progressiontracks -> 200
#1944 GET /storefront/battlepass/progressiontracks -> 200
#1945 GET /storefront/battlepass/progressiontracks -> 200
#1946 GET /storefront/battlepass/progressiontracks -> 200
LogStreaming: Display: 0.209 ms for processing 174 objects in RemoveUnreachableObjects(Queued=0, Async=0). Removed 3 (14801->14798) packages and 69 (54099->54030) public exports.
#1947 GET /storefront/battlepass/progressiontracks -> 200
#1948 GET /storefront/battlepass/progressiontracks -> 200
#1949 GET /storefront/battlepass/progressiontracks -> 200
#1950 GET /storefront/battlepass/progressiontracks -> 200
#1951 GET /storefront/battlepass/progressiontracks -> 200
#1952 GET /storefront/battlepass/progressiontracks -> 200
#1953 GET /storefront/battlepass/progressiontracks -> 200
#1954 GET /storefront/battlepass/progressiontracks -> 200
#1955 GET /storefront/battlepass/progressiontracks -> 200
#1956 GET /storefront/battlepass/progressiontracks -> 200
#1957 GET /storefront/battlepass/progressiontracks -> 200
#1958 GET /storefront/battlepass/progressiontracks -> 200
#1959 GET /storefront/battlepass/progressiontracks -> 200
#1960 GET /storefront/battlepass/progressiontracks -> 200
#1961 GET /storefront/battlepass/progressiontracks -> 200
#1962 GET /storefront/battlepass/progressiontracks -> 200
#1963 GET /storefront/battlepass/progressiontracks -> 200
#1964 GET /storefront/battlepass/progressiontracks -> 200
#1965 GET /storefront/battlepass/progressiontracks -> 200
#1966 GET /storefront/battlepass/progressiontracks -> 200
#1967 GET /storefront/battlepass/progressiontracks -> 200
#1968 GET /storefront/battlepass/progressiontracks -> 200
#1969 GET /storefront/battlepass/progressiontracks -> 200
#1970 GET /storefront/battlepass/progressiontracks -> 200
#1971 GET /storefront/battlepass/progressiontracks -> 200
#1972 GET /storefront/battlepass/progressiontracks -> 200
#1973 GET /storefront/battlepass/progressiontracks -> 200
#1974 GET /storefront/battlepass/progressiontracks -> 200
#1975 GET /storefront/battlepass/progressiontracks -> 200
#1976 GET /storefront/battlepass/progressiontracks -> 200
#1977 GET /storefront/battlepass/progressiontracks -> 200
#1978 GET /storefront/battlepass/progressiontracks -> 200
#1979 GET /storefront/battlepass/progressiontracks -> 200
#1980 GET /storefront/battlepass/progressiontracks -> 200
#1981 GET /storefront/battlepass/progressiontracks -> 200
#1982 GET /storefront/battlepass/progressiontracks -> 200
#1983 GET /storefront/battlepass/progressiontracks -> 200
#1984 GET /storefront/battlepass/progressiontracks -> 200
#1985 GET /storefront/battlepass/progressiontracks -> 200
#1986 GET /storefront/battlepass/progressiontracks -> 200
#1987 GET /storefront/battlepass/progressiontracks -> 200
#1988 GET /storefront/battlepass/progressiontracks -> 200
#1989 GET /storefront/battlepass/progressiontracks -> 200

* 17:47:45.542  WS -> /notifications/players/9b9d2c887e2524f918e383a895f2f1c2 BINARY hb (proactive 30s keepalive)
#1990 GET /storefront/battlepass/progressiontracks -> 200
#1991 GET /storefront/battlepass/progressiontracks -> 200
#1992 GET /storefront/battlepass/progressiontracks -> 200
#1993 GET /storefront/battlepass/progressiontracks -> 200
#1994 GET /storefront/battlepass/progressiontracks -> 200
#1995 GET /storefront/battlepass/progressiontracks -> 200
#1996 GET /storefront/battlepass/progressiontracks -> 200
#1997 GET /storefront/battlepass/progressiontracks -> 200
#1998 GET /storefront/battlepass/progressiontracks -> 200
#1999 GET /storefront/battlepass/progressiontracks -> 200
#2000 GET /storefront/battlepass/progressiontracks -> 200
#2001 GET /storefront/battlepass/progressiontracks -> 200
#2002 GET /storefront/battlepass/progressiontracks -> 200
#2003 GET /storefront/battlepass/progressiontracks -> 200
#2004 GET /storefront/battlepass/progressiontracks -> 200
#2005 GET /storefront/battlepass/progressiontracks -> 200
#2006 GET /storefront/battlepass/progressiontracks -> 200
#2007 GET /storefront/battlepass/progressiontracks -> 200
#2008 GET /storefront/battlepass/progressiontracks -> 200
#2009 GET /storefront/battlepass/progressiontracks -> 200
#2010 GET /storefront/battlepass/progressiontracks -> 200
#2011 GET /storefront/battlepass/progressiontracks -> 200
#2012 GET /storefront/battlepass/progressiontracks -> 200
#2013 GET /storefront/battlepass/progressiontracks -> 200
#2014 GET /storefront/battlepass/progressiontracks -> 200
#2015 GET /storefront/battlepass/progressiontracks -> 200
#2016 GET /storefront/battlepass/progressiontracks -> 200
#2017 GET /storefront/battlepass/progressiontracks -> 200
#2018 GET /storefront/battlepass/progressiontracks -> 200
#2019 GET /storefront/battlepass/progressiontracks -> 200
#2020 GET /storefront/battlepass/progressiontracks -> 200
#2021 GET /storefront/battlepass/progressiontracks -> 200
#2022 GET /storefront/battlepass/progressiontracks -> 200
#2023 GET /storefront/battlepass/progressiontracks -> 200
#2024 GET /storefront/battlepass/progressiontracks -> 200
#2025 GET /storefront/battlepass/progressiontracks -> 200
#2026 GET /storefront/battlepass/progressiontracks -> 200
#2027 GET /storefront/battlepass/progressiontracks -> 200
#2028 GET /storefront/battlepass/progressiontracks -> 200
#2029 GET /storefront/battlepass/progressiontracks -> 200
#2030 GET /storefront/battlepass/progressiontracks -> 200
#2031 GET /storefront/battlepass/progressiontracks -> 200
#2032 GET /storefront/battlepass/progressiontracks -> 200
#2033 GET /storefront/battlepass/progressiontracks -> 200
#2034 GET /storefront/battlepass/progressiontracks -> 200
#2035 GET /storefront/battlepass/progressiontracks -> 200
#2036 GET /storefront/battlepass/progressiontracks -> 200
#2037 GET /storefront/battlepass/progressiontracks -> 200
#2038 GET /storefront/battlepass/progressiontracks -> 200
#2039 GET /storefront/battlepass/progressiontracks -> 200
#2040 GET /storefront/battlepass/progressiontracks -> 200
#2041 GET /storefront/battlepass/progressiontracks -> 200
#2042 GET /storefront/battlepass/progressiontracks -> 200
#2043 GET /storefront/battlepass/progressiontracks -> 200
#2044 GET /storefront/battlepass/progressiontracks -> 200
#2045 GET /storefront/battlepass/progressiontracks -> 200
#2046 GET /storefront/battlepass/progressiontracks -> 200
#2047 GET /storefront/battlepass/progressiontracks -> 200
#2048 GET /storefront/battlepass/progressiontracks -> 200
#2049 GET /storefront/battlepass/progressiontracks -> 200
#2050 GET /storefront/battlepass/progressiontracks -> 200
#2051 GET /storefront/battlepass/progressiontracks -> 200
#2052 GET /storefront/battlepass/progressiontracks -> 200
#2053 GET /storefront/battlepass/progressiontracks -> 200
#2054 GET /storefront/battlepass/progressiontracks -> 200
#2055 GET /storefront/battlepass/progressiontracks -> 200
#2056 GET /storefront/battlepass/progressiontracks -> 200
#2057 GET /storefront/battlepass/progressiontracks -> 200
#2058 GET /storefront/battlepass/progressiontracks -> 200
#2059 GET /storefront/battlepass/progressiontracks -> 200
#2060 GET /storefront/battlepass/progressiontracks -> 200
#2061 GET /storefront/battlepass/progressiontracks -> 200
#2062 GET /storefront/battlepass/progressiontracks -> 200
#2063 GET /storefront/battlepass/progressiontracks -> 200
#2064 GET /storefront/battlepass/progressiontracks -> 200
#2065 GET /storefront/battlepass/progressiontracks -> 200
#2066 GET /storefront/battlepass/progressiontracks -> 200
#2067 GET /storefront/battlepass/progressiontracks -> 200
#2068 GET /storefront/battlepass/progressiontracks -> 200
#2069 GET /storefront/battlepass/progressiontracks -> 200
#2070 GET /storefront/battlepass/progressiontracks -> 200
#2071 GET /storefront/battlepass/progressiontracks -> 200
#2072 GET /storefront/battlepass/progressiontracks -> 200
#2073 GET /storefront/battlepass/progressiontracks -> 200
#2074 GET /storefront/battlepass/progressiontracks -> 200
#2075 GET /storefront/battlepass/progressiontracks -> 200
#2076 GET /storefront/battlepass/progressiontracks -> 200
#2077 GET /storefront/battlepass/progressiontracks -> 200
#2078 GET /storefront/battlepass/progressiontracks -> 200
#2079 GET /storefront/battlepass/progressiontracks -> 200
#2080 GET /storefront/battlepass/progressiontracks -> 200
#2081 GET /storefront/battlepass/progressiontracks -> 200
#2082 GET /storefront/battlepass/progressiontracks -> 200
#2083 GET /storefront/battlepass/progressiontracks -> 200
#2084 GET /storefront/battlepass/progressiontracks -> 200
#2085 GET /storefront/battlepass/progressiontracks -> 200
#2086 GET /storefront/battlepass/progressiontracks -> 200
#2087 GET /storefront/battlepass/progressiontracks -> 200
#2088 GET /storefront/battlepass/progressiontracks -> 200
#2089 GET /storefront/battlepass/progressiontracks -> 200
#2090 GET /storefront/battlepass/progressiontracks -> 200
#2091 GET /storefront/battlepass/progressiontracks -> 200
#2092 GET /storefront/battlepass/progressiontracks -> 200
#2093 GET /storefront/battlepass/progressiontracks -> 200
#2094 GET /storefront/battlepass/progressiontracks -> 200
#2095 GET /storefront/battlepass/progressiontracks -> 200
#2096 GET /storefront/battlepass/progressiontracks -> 200
#2097 GET /storefront/battlepass/progressiontracks -> 200
#2098 GET /storefront/battlepass/progressiontracks -> 200
#2099 GET /storefront/battlepass/progressiontracks -> 200
#2100 GET /storefront/battlepass/progressiontracks -> 200
#2101 GET /storefront/battlepass/progressiontracks -> 200
#2102 GET /storefront/battlepass/progressiontracks -> 200
#2103 GET /storefront/battlepass/progressiontracks -> 200
#2104 GET /storefront/battlepass/progressiontracks -> 200
#2105 GET /storefront/battlepass/progressiontracks -> 200
#2106 GET /storefront/battlepass/progressiontracks -> 200
#2107 GET /storefront/battlepass/progressiontracks -> 200
#2108 GET /storefront/battlepass/progressiontracks -> 200
#2109 GET /storefront/battlepass/progressiontracks -> 200
#2110 GET /storefront/battlepass/progressiontracks -> 200
#2111 GET /storefront/battlepass/progressiontracks -> 200
#2112 GET /storefront/battlepass/progressiontracks -> 200
#2113 GET /storefront/battlepass/progressiontracks -> 200
#2114 GET /storefront/battlepass/progressiontracks -> 200
#2115 GET /storefront/battlepass/progressiontracks -> 200
#2116 GET /storefront/battlepass/progressiontracks -> 200
#2117 GET /storefront/battlepass/progressiontracks -> 200
#2118 GET /storefront/battlepass/progressiontracks -> 200
#2119 GET /storefront/battlepass/progressiontracks -> 200
#2120 GET /storefront/battlepass/progressiontracks -> 200
#2121 GET /storefront/battlepass/progressiontracks -> 200
#2122 GET /storefront/battlepass/progressiontracks -> 200
#2123 GET /storefront/battlepass/progressiontracks -> 200
#2124 GET /storefront/battlepass/progressiontracks -> 200
#2125 GET /storefront/battlepass/progressiontracks -> 200
#2126 GET /storefront/battlepass/progressiontracks -> 200
#2127 GET /storefront/battlepass/progressiontracks -> 200
#2128 GET /storefront/battlepass/progressiontracks -> 200
#2129 GET /storefront/battlepass/progressiontracks -> 200
#2130 GET /storefront/battlepass/progressiontracks -> 200
#2131 GET /storefront/battlepass/progressiontracks -> 200
#2132 GET /storefront/battlepass/progressiontracks -> 200
#2133 GET /storefront/battlepass/progressiontracks -> 200
#2134 GET /storefront/battlepass/progressiontracks -> 200
#2135 GET /storefront/battlepass/progressiontracks -> 200
#2136 GET /storefront/battlepass/progressiontracks -> 200
#2137 GET /storefront/battlepass/progressiontracks -> 200
#2138 GET /storefront/battlepass/progressiontracks -> 200
#2139 GET /storefront/battlepass/progressiontracks -> 200
#2140 GET /storefront/battlepass/progressiontracks -> 200
#2141 GET /storefront/battlepass/progressiontracks -> 200
#2142 GET /storefront/battlepass/progressiontracks -> 200
#2143 GET /storefront/battlepass/progressiontracks -> 200
#2144 GET /storefront/battlepass/progressiontracks -> 200
#2145 GET /storefront/battlepass/progressiontracks -> 200
#2146 GET /storefront/battlepass/progressiontracks -> 200
#2147 GET /storefront/battlepass/progressiontracks -> 200
#2148 GET /storefront/battlepass/progressiontracks -> 200
#2149 GET /storefront/battlepass/progressiontracks -> 200
#2150 GET /storefront/battlepass/progressiontracks -> 200
#2151 GET /storefront/battlepass/progressiontracks -> 200
#2152 GET /storefront/battlepass/progressiontracks -> 200
#2153 GET /configuration/client -> 200
#2154 GET /storefront/battlepass/progressiontracks -> 200
#2155 GET /content-service/manifest/release2.4.live-156430-shipping -> 200
#2157 GET /storefront/battlepass/progressiontracks -> 200
#2156 GET /party/matchmaking/info -> 200
#2158 GET /storefront/battlepass/progressiontracks -> 200
#2159 GET /storefront/battlepass/progressiontracks -> 200
#2160 GET /storefront/battlepass/progressiontracks -> 200
#2161 GET /storefront/battlepass/progressiontracks -> 200
#2162 GET /storefront/battlepass/progressiontracks -> 200
#2163 GET /storefront/battlepass/progressiontracks -> 200
#2164 GET /storefront/battlepass/progressiontracks -> 200
#2165 GET /storefront/battlepass/progressiontracks -> 200
#2166 GET /storefront/battlepass/progressiontracks -> 200
#2167 GET /storefront/battlepass/progressiontracks -> 200
#2168 GET /storefront/battlepass/progressiontracks -> 200
#2169 GET /storefront/battlepass/progressiontracks -> 200
#2170 GET /storefront/battlepass/progressiontracks -> 200
#2171 GET /storefront/battlepass/progressiontracks -> 200
#2172 GET /storefront/battlepass/progressiontracks -> 200
#2173 GET /storefront/battlepass/progressiontracks -> 200
#2174 GET /storefront/battlepass/progressiontracks -> 200
#2175 GET /storefront/battlepass/progressiontracks -> 200
#2176 GET /storefront/battlepass/progressiontracks -> 200
#2177 GET /storefront/battlepass/progressiontracks -> 200
#2178 GET /storefront/battlepass/progressiontracks -> 200
#2179 GET /storefront/battlepass/progressiontracks -> 200
#2180 GET /storefront/battlepass/progressiontracks -> 200
#2181 GET /storefront/battlepass/progressiontracks -> 200
#2182 GET /storefront/battlepass/progressiontracks -> 200
#2183 GET /storefront/battlepass/progressiontracks -> 200
#2184 GET /storefront/battlepass/progressiontracks -> 200
#2185 GET /storefront/battlepass/progressiontracks -> 200
#2186 POST /party/parties/party-9b9d2c887e2524f918e383a895f2f1c2/members/9b9d2c887e2524f918e383a895f2f1c2/latencies -> 200
#2187 GET /storefront/battlepass/progressiontracks -> 200
#2188 GET /storefront/battlepass/progressiontracks -> 200
#2189 GET /storefront/battlepass/progressiontracks -> 200
#2190 GET /storefront/battlepass/progressiontracks -> 200
#2191 GET /storefront/battlepass/progressiontracks -> 200
#2192 GET /storefront/battlepass/progressiontracks -> 200
#2193 GET /storefront/battlepass/progressiontracks -> 200
#2194 GET /storefront/battlepass/progressiontracks -> 200
#2195 GET /storefront/battlepass/progressiontracks -> 200
#2196 GET /storefront/battlepass/progressiontracks -> 200
#2197 GET /storefront/battlepass/progressiontracks -> 200
#2198 GET /storefront/battlepass/progressiontracks -> 200
#2199 GET /storefront/battlepass/progressiontracks -> 200
#2200 GET /storefront/battlepass/progressiontracks -> 200
#2201 GET /storefront/battlepass/progressiontracks -> 200
#2202 GET /storefront/battlepass/progressiontracks -> 200
#2203 GET /storefront/battlepass/progressiontracks -> 200
#2204 GET /storefront/battlepass/progressiontracks -> 200
#2205 GET /storefront/battlepass/progressiontracks -> 200
#2206 GET /storefront/battlepass/progressiontracks -> 200
#2207 GET /storefront/battlepass/progressiontracks -> 200
#2208 GET /storefront/battlepass/progressiontracks -> 200
#2209 GET /storefront/battlepass/progressiontracks -> 200
#2210 GET /storefront/battlepass/progressiontracks -> 200
#2211 GET /storefront/battlepass/progressiontracks -> 200
#2212 GET /storefront/battlepass/progressiontracks -> 200
#2213 GET /storefront/battlepass/progressiontracks -> 200
#2214 GET /storefront/battlepass/progressiontracks -> 200
#2215 GET /storefront/battlepass/progressiontracks -> 200
#2216 GET /storefront/battlepass/progressiontracks -> 200
#2217 GET /storefront/battlepass/progressiontracks -> 200
#2218 GET /storefront/battlepass/progressiontracks -> 200
#2219 GET /storefront/battlepass/progressiontracks -> 200
#2220 GET /storefront/battlepass/progressiontracks -> 200
#2221 GET /storefront/battlepass/progressiontracks -> 200
#2222 GET /storefront/battlepass/progressiontracks -> 200
#2223 GET /storefront/battlepass/progressiontracks -> 200
#2224 GET /storefront/battlepass/progressiontracks -> 200
#2225 GET /storefront/battlepass/progressiontracks -> 200
#2226 GET /storefront/battlepass/progressiontracks -> 200
#2227 GET /storefront/battlepass/progressiontracks -> 200
#2228 GET /storefront/battlepass/progressiontracks -> 200
#2229 GET /storefront/battlepass/progressiontracks -> 200
#2230 GET /storefront/battlepass/progressiontracks -> 200
#2231 GET /storefront/battlepass/progressiontracks -> 200
#2232 GET /storefront/battlepass/progressiontracks -> 200
#2233 GET /storefront/battlepass/progressiontracks -> 200
#2234 GET /storefront/battlepass/progressiontracks -> 200
#2235 GET /storefront/battlepass/progressiontracks -> 200
#2236 GET /storefront/battlepass/progressiontracks -> 200
#2237 GET /storefront/battlepass/progressiontracks -> 200
#2238 GET /storefront/battlepass/progressiontracks -> 200
#2239 GET /storefront/battlepass/progressiontracks -> 200
#2240 GET /storefront/battlepass/progressiontracks -> 200
#2241 GET /storefront/battlepass/progressiontracks -> 200
#2242 GET /storefront/battlepass/progressiontracks -> 200
#2243 GET /storefront/battlepass/progressiontracks -> 200
#2244 GET /storefront/battlepass/progressiontracks -> 200
#2245 GET /storefront/battlepass/progressiontracks -> 200
#2246 GET /storefront/battlepass/progressiontracks -> 200
#2247 GET /storefront/battlepass/progressiontracks -> 200
#2248 GET /storefront/battlepass/progressiontracks -> 200
#2249 GET /storefront/battlepass/progressiontracks -> 200
#2250 GET /storefront/battlepass/progressiontracks -> 200
#2251 GET /storefront/battlepass/progressiontracks -> 200
#2252 GET /storefront/battlepass/progressiontracks -> 200
#2253 GET /storefront/battlepass/progressiontracks -> 200
#2254 GET /storefront/battlepass/progressiontracks -> 200
#2255 GET /storefront/battlepass/progressiontracks -> 200
#2256 GET /storefront/battlepass/progressiontracks -> 200
#2257 GET /storefront/battlepass/progressiontracks -> 200
#2258 GET /storefront/battlepass/progressiontracks -> 200
#2259 GET /storefront/battlepass/progressiontracks -> 200
#2260 GET /storefront/battlepass/progressiontracks -> 200
#2261 GET /storefront/battlepass/progressiontracks -> 200
#2262 GET /storefront/battlepass/progressiontracks -> 200
#2263 GET /storefront/battlepass/progressiontracks -> 200
#2264 GET /storefront/battlepass/progressiontracks -> 200
#2265 GET /storefront/battlepass/progressiontracks -> 200
#2266 GET /storefront/battlepass/progressiontracks -> 200
#2267 GET /storefront/battlepass/progressiontracks -> 200
#2268 GET /storefront/battlepass/progressiontracks -> 200
#2269 GET /storefront/battlepass/progressiontracks -> 200
#2270 GET /storefront/battlepass/progressiontracks -> 200
#2271 GET /storefront/battlepass/progressiontracks -> 200
#2272 GET /storefront/battlepass/progressiontracks -> 200
#2273 GET /storefront/battlepass/progressiontracks -> 200
#2274 GET /storefront/battlepass/progressiontracks -> 200
#2275 GET /storefront/battlepass/progressiontracks -> 200
#2276 GET /storefront/battlepass/progressiontracks -> 200
#2277 GET /storefront/battlepass/progressiontracks -> 200
#2278 GET /storefront/battlepass/progressiontracks -> 200
#2279 GET /storefront/battlepass/progressiontracks -> 200
#2280 GET /storefront/battlepass/progressiontracks -> 200
#2281 GET /storefront/battlepass/progressiontracks -> 200
#2282 GET /storefront/battlepass/progressiontracks -> 200
#2283 GET /storefront/battlepass/progressiontracks -> 200
#2284 GET /storefront/battlepass/progressiontracks -> 200
#2285 GET /storefront/battlepass/progressiontracks -> 200
#2286 GET /storefront/battlepass/progressiontracks -> 200
#2287 GET /storefront/battlepass/progressiontracks -> 200
#2288 GET /storefront/battlepass/progressiontracks -> 200
#2289 GET /storefront/battlepass/progressiontracks -> 200
#2290 GET /storefront/battlepass/progressiontracks -> 200
#2291 GET /storefront/battlepass/progressiontracks -> 200
#2292 GET /storefront/battlepass/progressiontracks -> 200
#2293 GET /storefront/battlepass/progressiontracks -> 200
#2294 GET /storefront/battlepass/progressiontracks -> 200
#2295 GET /storefront/battlepass/progressiontracks -> 200
#2296 GET /storefront/battlepass/progressiontracks -> 200
#2297 GET /storefront/battlepass/progressiontracks -> 200
#2298 GET /storefront/battlepass/progressiontracks -> 200
#2299 GET /storefront/battlepass/progressiontracks -> 200
#2300 GET /storefront/battlepass/progressiontracks -> 200
#2301 GET /storefront/battlepass/progressiontracks -> 200
#2302 GET /storefront/battlepass/progressiontracks -> 200
#2303 GET /storefront/battlepass/progressiontracks -> 200
#2304 GET /storefront/battlepass/progressiontracks -> 200
#2305 GET /storefront/battlepass/progressiontracks -> 200
#2306 GET /storefront/battlepass/progressiontracks -> 200
#2307 GET /storefront/battlepass/progressiontracks -> 200
#2308 GET /storefront/battlepass/progressiontracks -> 200
#2309 GET /storefront/battlepass/progressiontracks -> 200
#2310 GET /storefront/battlepass/progressiontracks -> 200
#2311 GET /storefront/battlepass/progressiontracks -> 200
#2312 GET /storefront/battlepass/progressiontracks -> 200
#2313 GET /storefront/battlepass/progressiontracks -> 200
#2314 GET /storefront/battlepass/progressiontracks -> 200
#2315 GET /storefront/battlepass/progressiontracks -> 200
#2316 GET /storefront/battlepass/progressiontracks -> 200
#2317 GET /storefront/battlepass/progressiontracks -> 200
#2318 GET /storefront/battlepass/progressiontracks -> 200
#2319 GET /storefront/battlepass/progressiontracks -> 200
#2320 GET /storefront/battlepass/progressiontracks -> 200
#2321 GET /storefront/battlepass/progressiontracks -> 200
#2322 GET /storefront/battlepass/progressiontracks -> 200
#2323 GET /storefront/battlepass/progressiontracks -> 200
#2324 GET /storefront/battlepass/progressiontracks -> 200
#2325 GET /storefront/battlepass/progressiontracks -> 200
#2326 GET /storefront/battlepass/progressiontracks -> 200
#2327 GET /storefront/battlepass/progressiontracks -> 200
#2328 GET /storefront/battlepass/progressiontracks -> 200
#2329 GET /storefront/battlepass/progressiontracks -> 200
#2330 GET /storefront/battlepass/progressiontracks -> 200
#2331 GET /storefront/battlepass/progressiontracks -> 200
#2332 GET /storefront/battlepass/progressiontracks -> 200
#2333 GET /storefront/battlepass/progressiontracks -> 200
#2334 GET /storefront/battlepass/progressiontracks -> 200
#2335 GET /storefront/battlepass/progressiontracks -> 200
#2336 GET /storefront/battlepass/progressiontracks -> 200
#2337 GET /storefront/battlepass/progressiontracks -> 200
#2338 GET /storefront/battlepass/progressiontracks -> 200
#2339 GET /storefront/battlepass/progressiontracks -> 200
#2340 GET /storefront/battlepass/progressiontracks -> 200
#2341 GET /storefront/battlepass/progressiontracks -> 200
#2342 GET /storefront/battlepass/progressiontracks -> 200
#2343 GET /storefront/battlepass/progressiontracks -> 200
#2344 GET /storefront/battlepass/progressiontracks -> 200
#2345 GET /storefront/battlepass/progressiontracks -> 200
#2346 GET /storefront/battlepass/progressiontracks -> 200
#2347 GET /storefront/battlepass/progressiontracks -> 200
#2348 GET /storefront/battlepass/progressiontracks -> 200
#2349 GET /storefront/battlepass/progressiontracks -> 200
#2350 GET /storefront/battlepass/progressiontracks -> 200
#2351 GET /storefront/battlepass/progressiontracks -> 200
#2352 GET /storefront/battlepass/progressiontracks -> 200
#2353 GET /storefront/battlepass/progressiontracks -> 200
#2354 GET /storefront/battlepass/progressiontracks -> 200
#2355 GET /storefront/battlepass/progressiontracks -> 200
#2356 GET /storefront/battlepass/progressiontracks -> 200
#2357 GET /storefront/battlepass/progressiontracks -> 200
#2358 GET /storefront/battlepass/progressiontracks -> 200
#2359 GET /storefront/battlepass/progressiontracks -> 200
#2360 GET /storefront/battlepass/progressiontracks -> 200
#2361 GET /storefront/battlepass/progressiontracks -> 200
#2362 GET /storefront/battlepass/progressiontracks -> 200
#2363 GET /storefront/battlepass/progressiontracks -> 200
#2364 GET /storefront/battlepass/progressiontracks -> 200
#2365 GET /storefront/battlepass/progressiontracks -> 200
#2366 GET /storefront/battlepass/progressiontracks -> 200
#2367 GET /storefront/battlepass/progressiontracks -> 200
#2368 GET /storefront/battlepass/progressiontracks -> 200
#2369 GET /storefront/battlepass/progressiontracks -> 200
#2370 GET /storefront/battlepass/progressiontracks -> 200
#2371 GET /storefront/battlepass/progressiontracks -> 200
#2372 GET /storefront/battlepass/progressiontracks -> 200
#2373 GET /storefront/battlepass/progressiontracks -> 200
#2374 GET /storefront/battlepass/progressiontracks -> 200
#2375 GET /storefront/battlepass/progressiontracks -> 200
#2376 GET /storefront/battlepass/progressiontracks -> 200
#2377 GET /storefront/battlepass/progressiontracks -> 200
#2378 GET /storefront/battlepass/progressiontracks -> 200
#2379 GET /storefront/battlepass/progressiontracks -> 200
#2380 GET /storefront/battlepass/progressiontracks -> 200

* 17:48:11.396  WS <- /lobby TEXT ""
#2381 GET /storefront/battlepass/progressiontracks -> 200
#2382 GET /storefront/battlepass/progressiontracks -> 200
#2383 GET /storefront/battlepass/progressiontracks -> 200

* 17:48:11.664  WS <- /notifications/players/9b9d2c887e2524f918e383a895f2f1c2 BINARY (2 bytes) 6862
#2384 GET /storefront/battlepass/progressiontracks -> 200

* 17:48:11.695  WS -> /notifications/players/9b9d2c887e2524f918e383a895f2f1c2 TEXT hb reply {"Resource":"hb","Version":0,"Payload":""}
#2385 GET /storefront/battlepass/progressiontracks -> 200
#2386 GET /storefront/battlepass/progressiontracks -> 200
#2387 GET /storefront/battlepass/progressiontracks -> 200
#2388 GET /storefront/battlepass/progressiontracks -> 200
#2389 GET /storefront/battlepass/progressiontracks -> 200
#2390 GET /storefront/battlepass/progressiontracks -> 200
#2391 GET /storefront/battlepass/progressiontracks -> 200
#2392 GET /storefront/battlepass/progressiontracks -> 200
#2393 GET /storefront/battlepass/progressiontracks -> 200
#2394 GET /storefront/battlepass/progressiontracks -> 200
#2395 GET /storefront/battlepass/progressiontracks -> 200
#2396 GET /storefront/battlepass/progressiontracks -> 200
#2397 GET /storefront/battlepass/progressiontracks -> 200
#2398 GET /storefront/battlepass/progressiontracks -> 200
#2399 GET /storefront/battlepass/progressiontracks -> 200
#2400 GET /storefront/battlepass/progressiontracks -> 200
#2401 GET /storefront/battlepass/progressiontracks -> 200
#2402 GET /storefront/battlepass/progressiontracks -> 200
#2403 GET /storefront/battlepass/progressiontracks -> 200
#2404 GET /storefront/battlepass/progressiontracks -> 200
#2405 GET /storefront/battlepass/progressiontracks -> 200
#2406 GET /storefront/battlepass/progressiontracks -> 200
#2407 GET /storefront/battlepass/progressiontracks -> 200
#2408 GET /storefront/battlepass/progressiontracks -> 200
#2409 GET /storefront/battlepass/progressiontracks -> 200
#2410 GET /storefront/battlepass/progressiontracks -> 200
#2411 GET /storefront/battlepass/progressiontracks -> 200
#2412 GET /storefront/battlepass/progressiontracks -> 200
#2413 GET /storefront/battlepass/progressiontracks -> 200
#2414 GET /storefront/battlepass/progressiontracks -> 200
#2415 GET /storefront/battlepass/progressiontracks -> 200
#2416 GET /storefront/battlepass/progressiontracks -> 200
#2417 GET /storefront/battlepass/progressiontracks -> 200
#2418 GET /storefront/battlepass/progressiontracks -> 200
#2419 GET /storefront/battlepass/progressiontracks -> 200
#2420 GET /storefront/battlepass/progressiontracks -> 200
#2421 GET /storefront/battlepass/progressiontracks -> 200
#2422 GET /storefront/battlepass/progressiontracks -> 200
#2423 GET /storefront/battlepass/progressiontracks -> 200
#2424 GET /storefront/battlepass/progressiontracks -> 200
#2425 GET /storefront/battlepass/progressiontracks -> 200
#2426 GET /storefront/battlepass/progressiontracks -> 200
#2427 GET /storefront/battlepass/progressiontracks -> 200
#2428 GET /storefront/battlepass/progressiontracks -> 200
#2429 GET /storefront/battlepass/progressiontracks -> 200
#2430 GET /storefront/battlepass/progressiontracks -> 200
#2431 GET /storefront/battlepass/progressiontracks -> 200
#2432 GET /storefront/battlepass/progressiontracks -> 200
#2433 GET /storefront/battlepass/progressiontracks -> 200
#2434 GET /storefront/battlepass/progressiontracks -> 200
#2435 GET /storefront/battlepass/progressiontracks -> 200
#2436 GET /storefront/battlepass/progressiontracks -> 200
#2437 GET /storefront/battlepass/progressiontracks -> 200
#2438 GET /storefront/battlepass/progressiontracks -> 200
#2439 GET /storefront/battlepass/progressiontracks -> 200
#2440 GET /storefront/battlepass/progressiontracks -> 200
#2441 GET /storefront/battlepass/progressiontracks -> 200
#2442 GET /storefront/battlepass/progressiontracks -> 200
#2443 GET /storefront/battlepass/progressiontracks -> 200
#2444 GET /storefront/battlepass/progressiontracks -> 200
#2445 GET /storefront/battlepass/progressiontracks -> 200
#2446 GET /storefront/battlepass/progressiontracks -> 200
#2447 GET /storefront/battlepass/progressiontracks -> 200
#2448 GET /storefront/battlepass/progressiontracks -> 200
#2449 GET /storefront/battlepass/progressiontracks -> 200
#2450 GET /storefront/battlepass/progressiontracks -> 200
#2451 GET /storefront/battlepass/progressiontracks -> 200
#2452 GET /storefront/battlepass/progressiontracks -> 200
#2453 GET /storefront/battlepass/progressiontracks -> 200
#2454 GET /storefront/battlepass/progressiontracks -> 200
#2455 GET /storefront/battlepass/progressiontracks -> 200
#2456 GET /storefront/battlepass/progressiontracks -> 200
#2457 GET /storefront/battlepass/progressiontracks -> 200
#2458 GET /storefront/battlepass/progressiontracks -> 200
#2459 GET /storefront/battlepass/progressiontracks -> 200
#2460 GET /storefront/battlepass/progressiontracks -> 200
#2461 GET /storefront/battlepass/progressiontracks -> 200
#2462 GET /storefront/battlepass/progressiontracks -> 200
#2463 GET /storefront/battlepass/progressiontracks -> 200
#2464 GET /storefront/battlepass/progressiontracks -> 200
#2465 GET /storefront/battlepass/progressiontracks -> 200
#2466 GET /storefront/battlepass/progressiontracks -> 200
#2467 GET /storefront/battlepass/progressiontracks -> 200
#2468 GET /storefront/battlepass/progressiontracks -> 200
#2469 GET /storefront/battlepass/progressiontracks -> 200
#2470 GET /storefront/battlepass/progressiontracks -> 200
#2471 GET /storefront/battlepass/progressiontracks -> 200
#2472 GET /storefront/battlepass/progressiontracks -> 200
#2473 GET /storefront/battlepass/progressiontracks -> 200
#2474 GET /storefront/battlepass/progressiontracks -> 200
#2475 GET /storefront/battlepass/progressiontracks -> 200
#2476 GET /storefront/battlepass/progressiontracks -> 200
#2477 GET /storefront/battlepass/progressiontracks -> 200
#2478 GET /storefront/battlepass/progressiontracks -> 200
#2479 GET /storefront/battlepass/progressiontracks -> 200
#2480 GET /storefront/battlepass/progressiontracks -> 200
#2481 GET /storefront/battlepass/progressiontracks -> 200
#2482 GET /storefront/battlepass/progressiontracks -> 200
#2483 GET /storefront/battlepass/progressiontracks -> 200
#2484 GET /storefront/battlepass/progressiontracks -> 200
#2485 GET /storefront/battlepass/progressiontracks -> 200
#2486 GET /storefront/battlepass/progressiontracks -> 200
#2487 GET /storefront/battlepass/progressiontracks -> 200
#2488 GET /storefront/battlepass/progressiontracks -> 200
#2489 GET /storefront/battlepass/progressiontracks -> 200
#2490 GET /storefront/battlepass/progressiontracks -> 200
#2491 GET /storefront/battlepass/progressiontracks -> 200
#2492 GET /storefront/battlepass/progressiontracks -> 200
#2493 GET /storefront/battlepass/progressiontracks -> 200
#2494 GET /storefront/battlepass/progressiontracks -> 200
#2495 GET /storefront/battlepass/progressiontracks -> 200
#2496 GET /storefront/battlepass/progressiontracks -> 200
#2497 GET /storefront/battlepass/progressiontracks -> 200
#2498 GET /storefront/battlepass/progressiontracks -> 200
#2499 GET /storefront/battlepass/progressiontracks -> 200
#2500 GET /storefront/battlepass/progressiontracks -> 200
#2501 GET /storefront/battlepass/progressiontracks -> 200
#2502 GET /storefront/battlepass/progressiontracks -> 200
#2503 GET /storefront/battlepass/progressiontracks -> 200
#2504 GET /storefront/battlepass/progressiontracks -> 200
#2505 GET /storefront/battlepass/progressiontracks -> 200
#2506 GET /storefront/battlepass/progressiontracks -> 200
#2507 GET /storefront/battlepass/progressiontracks -> 200
#2508 GET /storefront/battlepass/progressiontracks -> 200
#2509 GET /storefront/battlepass/progressiontracks -> 200
#2510 GET /storefront/battlepass/progressiontracks -> 200
#2511 GET /storefront/battlepass/progressiontracks -> 200
#2512 GET /storefront/battlepass/progressiontracks -> 200
#2513 GET /storefront/battlepass/progressiontracks -> 200
#2514 GET /storefront/battlepass/progressiontracks -> 200
#2515 GET /storefront/battlepass/progressiontracks -> 200
#2516 GET /storefront/battlepass/progressiontracks -> 200
#2517 GET /storefront/battlepass/progressiontracks -> 200
#2518 GET /storefront/battlepass/progressiontracks -> 200
#2519 GET /storefront/battlepass/progressiontracks -> 200
#2520 GET /storefront/battlepass/progressiontracks -> 200
#2521 GET /storefront/battlepass/progressiontracks -> 200
#2522 GET /storefront/battlepass/progressiontracks -> 200
#2523 GET /storefront/battlepass/progressiontracks -> 200
#2524 GET /storefront/battlepass/progressiontracks -> 200
#2525 GET /storefront/battlepass/progressiontracks -> 200
#2526 GET /storefront/battlepass/progressiontracks -> 200
#2527 GET /storefront/battlepass/progressiontracks -> 200
#2528 GET /storefront/battlepass/progressiontracks -> 200
#2529 GET /storefront/battlepass/progressiontracks -> 200
#2530 GET /storefront/battlepass/progressiontracks -> 200
#2531 GET /storefront/battlepass/progressiontracks -> 200
#2532 GET /storefront/battlepass/progressiontracks -> 200
#2533 GET /storefront/battlepass/progressiontracks -> 200
#2534 GET /storefront/battlepass/progressiontracks -> 200
#2535 GET /storefront/battlepass/progressiontracks -> 200
#2536 GET /storefront/battlepass/progressiontracks -> 200
#2537 GET /storefront/battlepass/progressiontracks -> 200
#2538 GET /storefront/battlepass/progressiontracks -> 200
#2539 GET /storefront/battlepass/progressiontracks -> 200
#2540 GET /storefront/battlepass/progressiontracks -> 200
#2541 GET /storefront/battlepass/progressiontracks -> 200
#2542 GET /storefront/battlepass/progressiontracks -> 200
#2543 GET /storefront/battlepass/progressiontracks -> 200
#2544 GET /storefront/battlepass/progressiontracks -> 200
#2545 GET /storefront/battlepass/progressiontracks -> 200
#2546 GET /storefront/battlepass/progressiontracks -> 200
#2547 GET /storefront/battlepass/progressiontracks -> 200
#2548 GET /storefront/battlepass/progressiontracks -> 200
#2549 GET /storefront/battlepass/progressiontracks -> 200
#2550 GET /storefront/battlepass/progressiontracks -> 200
#2551 GET /storefront/battlepass/progressiontracks -> 200
#2552 GET /storefront/battlepass/progressiontracks -> 200
#2553 GET /storefront/battlepass/progressiontracks -> 200
#2554 GET /storefront/battlepass/progressiontracks -> 200
#2555 GET /storefront/battlepass/progressiontracks -> 200
#2556 GET /storefront/battlepass/progressiontracks -> 200
#2557 GET /storefront/battlepass/progressiontracks -> 200
#2558 GET /storefront/battlepass/progressiontracks -> 200
#2559 GET /storefront/battlepass/progressiontracks -> 200
#2560 GET /storefront/battlepass/progressiontracks -> 200
