t_s,kind,tag,idx,item_obj,item_flags,item_cluster,item_serial,obj_vt,obj_flags,obj_idx,obj_class,obj_name,gcalive,note
0.032,sweep,,,,,,,,,,,,,live=52376 free=5704 reachbit=None bit30=75.1
0.285,sweep,,,,,,,,,,,,,live=52376 free=5704 reachbit=None bit30=75.1
0.538,sweep,,,,,,,,,,,,,live=52376 free=5704 reachbit=None bit30=75.1
0.790,sweep,,,,,,,,,,,,,live=52376 free=5704 reachbit=None bit30=75.1
1.042,sweep,,,,,,,,,,,,,live=52376 free=5704 reachbit=None bit30=75.1
1.294,sweep,,,,,,,,,,,,,live=52376 free=5704 reachbit=None bit30=75.1
1.546,sweep,,,,,,,,,,,,,live=52376 free=5704 reachbit=None bit30=75.1
1.799,sweep,,,,,,,,,,,,,live=52376 free=5704 reachbit=None bit30=75.1
2.051,sweep,,,,,,,,,,,,,live=52376 free=5704 reachbit=None bit30=75.1
2.303,sweep,,,,,,,,,,,,,live=52376 free=5704 reachbit=None bit30=75.1
2.555,sweep,,,,,,,,,,,,,live=52376 free=5704 reachbit=None bit30=75.1
2.806,sweep,,,,,,,,,,,,,live=52376 free=5704 reachbit=None bit30=75.1
3.059,sweep,,,,,,,,,,,,,live=52376 free=5704 reachbit=None bit30=75.1
3.310,sweep,,,,,,,,,,,,,live=52376 free=5704 reachbit=None bit30=75.1
3.562,sweep,,,,,,,,,,,,,live=52384 free=5704 reachbit=None bit30=75.1
3.815,sweep,,,,,,,,,,,,,live=52400 free=5704 reachbit=None bit30=75.0
4.068,sweep,,,,,,,,,,,,,live=73848 free=5704 reachbit=1 bit30=53.2
4.320,sweep,,,,,,,,,,,,,live=85096 free=5704 reachbit=1 bit30=46.2
4.574,sweep,,,,,,,,,,,,,live=86232 free=5704 reachbit=1 bit30=45.6
4.827,sweep,,,,,,,,,,,,,live=112864 free=5704 reachbit=1 bit30=34.8
5.081,sweep,,,,,,,,,,,,,live=128128 free=5704 reachbit=1 bit30=30.7
5.336,sweep,,,,,,,,,,,,,live=155536 free=5704 reachbit=1 bit30=25.3
5.590,sweep,,,,,,,,,,,,,live=177176 free=5704 reachbit=1 bit30=22.2
5.843,sweep,,,,,,,,,,,,,live=182272 free=5704 reachbit=1 bit30=21.6
6.096,sweep,,,,,,,,,,,,,live=183376 free=5704 reachbit=1 bit30=21.4
6.349,sweep,,,,,,,,,,,,,live=183376 free=5704 reachbit=1 bit30=21.4
6.602,sweep,,,,,,,,,,,,,live=183376 free=5704 reachbit=1 bit30=21.4
6.855,sweep,,,,,,,,,,,,,live=183384 free=5704 reachbit=1 bit30=21.4
7.109,sweep,,,,,,,,,,,,,live=183384 free=5704 reachbit=1 bit30=21.4
7.361,sweep,,,,,,,,,,,,,live=183416 free=5704 reachbit=1 bit30=21.4
7.614,sweep,,,,,,,,,,,,,live=183440 free=5704 reachbit=1 bit30=21.4
7.866,sweep,,,,,,,,,,,,,live=183440 free=5704 reachbit=1 bit30=21.4
8.120,sweep,,,,,,,,,,,,,live=183448 free=5704 reachbit=1 bit30=21.4
8.372,sweep,,,,,,,,,,,,,live=183456 free=5704 reachbit=1 bit30=21.4
8.625,sweep,,,,,,,,,,,,,live=183464 free=5704 reachbit=1 bit30=21.4
8.877,sweep,,,,,,,,,,,,,live=183488 free=5704 reachbit=1 bit30=21.4
9.130,sweep,,,,,,,,,,,,,live=183488 free=5704 reachbit=1 bit30=21.4
9.384,sweep,,,,,,,,,,,,,live=183488 free=5704 reachbit=1 bit30=21.4
9.638,sweep,,,,,,,,,,,,,live=183496 free=5704 reachbit=1 bit30=21.4
9.891,sweep,,,,,,,,,,,,,live=183496 free=5704 reachbit=1 bit30=21.4
10.143,sweep,,,,,,,,,,,,,live=183504 free=5704 reachbit=1 bit30=21.4
10.396,sweep,,,,,,,,,,,,,live=183512 free=5704 reachbit=1 bit30=21.4
10.648,sweep,,,,,,,,,,,,,live=183512 free=5704 reachbit=1 bit30=21.4
10.900,sweep,,,,,,,,,,,,,live=183512 free=5704 reachbit=1 bit30=21.4
11.154,sweep,,,,,,,,,,,,,live=183512 free=5704 reachbit=1 bit30=21.4
11.408,sweep,,,,,,,,,,,,,live=183520 free=5704 reachbit=1 bit30=21.4
11.661,sweep,,,,,,,,,,,,,live=183528 free=5704 reachbit=1 bit30=21.4
11.913,sweep,,,,,,,,,,,,,live=183528 free=5704 reachbit=1 bit30=21.4
12.167,sweep,,,,,,,,,,,,,live=183536 free=5704 reachbit=1 bit30=21.4
12.419,sweep,,,,,,,,,,,,,live=183536 free=5704 reachbit=1 bit30=21.4
12.671,sweep,,,,,,,,,,,,,live=183936 free=5704 reachbit=1 bit30=21.4
12.924,sweep,,,,,,,,,,,,,live=184480 free=5704 reachbit=1 bit30=21.3
13.177,sweep,,,,,,,,,,,,,live=184480 free=5704 reachbit=1 bit30=21.3
13.429,sweep,,,,,,,,,,,,,live=184480 free=5704 reachbit=1 bit30=21.3
13.683,sweep,,,,,,,,,,,,,live=184480 free=5704 reachbit=1 bit30=21.3
13.936,sweep,,,,,,,,,,,,,live=184480 free=5704 reachbit=1 bit30=21.3
14.187,sweep,,,,,,,,,,,,,live=184480 free=5704 reachbit=1 bit30=21.3
14.439,sweep,,,,,,,,,,,,,live=184480 free=5704 reachbit=1 bit30=21.3
14.693,sweep,,,,,,,,,,,,,live=184480 free=5704 reachbit=1 bit30=21.3
14.945,sweep,,,,,,,,,,,,,live=184480 free=5704 reachbit=1 bit30=21.3
15.198,sweep,,,,,,,,,,,,,live=184480 free=5704 reachbit=1 bit30=21.3
15.450,sweep,,,,,,,,,,,,,live=184480 free=5704 reachbit=1 bit30=21.3
15.703,sweep,,,,,,,,,,,,,live=184480 free=5704 reachbit=1 bit30=21.3
15.956,sweep,,,,,,,,,,,,,live=184480 free=5704 reachbit=1 bit30=21.3
16.208,sweep,,,,,,,,,,,,,live=184480 free=5704 reachbit=1 bit30=21.3
16.462,sweep,,,,,,,,,,,,,live=184480 free=5704 reachbit=1 bit30=21.3
16.715,sweep,,,,,,,,,,,,,live=184480 free=5704 reachbit=1 bit30=21.3
16.968,sweep,,,,,,,,,,,,,live=184480 free=5704 reachbit=1 bit30=21.3
17.221,sweep,,,,,,,,,,,,,live=184480 free=5704 reachbit=1 bit30=21.3
17.474,sweep,,,,,,,,,,,,,live=184480 free=5704 reachbit=1 bit30=21.3
17.727,sweep,,,,,,,,,,,,,live=184480 free=5704 reachbit=1 bit30=21.3
17.980,sweep,,,,,,,,,,,,,live=184480 free=5704 reachbit=1 bit30=21.3
18.234,sweep,,,,,,,,,,,,,live=184480 free=5704 reachbit=1 bit30=21.3
18.487,sweep,,,,,,,,,,,,,live=184480 free=5704 reachbit=1 bit30=21.3
18.739,sweep,,,,,,,,,,,,,live=184480 free=5704 reachbit=1 bit30=21.3
18.992,sweep,,,,,,,,,,,,,live=184480 free=5704 reachbit=1 bit30=21.3
19.245,sweep,,,,,,,,,,,,,live=184480 free=5704 reachbit=1 bit30=21.3
19.499,sweep,,,,,,,,,,,,,live=184480 free=5704 reachbit=1 bit30=21.3
19.753,sweep,,,,,,,,,,,,,live=184480 free=5704 reachbit=1 bit30=21.3
20.006,sweep,,,,,,,,,,,,,live=184480 free=5704 reachbit=1 bit30=21.3
20.260,sweep,,,,,,,,,,,,,live=184480 free=5704 reachbit=1 bit30=21.3
20.512,sweep,,,,,,,,,,,,,live=184480 free=5704 reachbit=1 bit30=21.3
20.764,sweep,,,,,,,,,,,,,live=184480 free=5704 reachbit=1 bit30=21.3
21.017,sweep,,,,,,,,,,,,,live=184480 free=5704 reachbit=1 bit30=21.3
21.269,sweep,,,,,,,,,,,,,live=184480 free=5704 reachbit=1 bit30=21.3
21.523,sweep,,,,,,,,,,,,,live=184480 free=5704 reachbit=1 bit30=21.3
21.776,sweep,,,,,,,,,,,,,live=184480 free=5704 reachbit=1 bit30=21.3
22.030,sweep,,,,,,,,,,,,,live=184480 free=5704 reachbit=1 bit30=21.3
22.283,sweep,,,,,,,,,,,,,live=184480 free=5704 reachbit=1 bit30=21.3
22.537,sweep,,,,,,,,,,,,,live=184480 free=5704 reachbit=1 bit30=21.3
22.789,sweep,,,,,,,,,,,,,live=184480 free=5704 reachbit=1 bit30=21.3
23.042,sweep,,,,,,,,,,,,,live=184480 free=5704 reachbit=1 bit30=21.3
23.293,sweep,,,,,,,,,,,,,live=184480 free=5704 reachbit=1 bit30=21.3
23.547,sweep,,,,,,,,,,,,,live=184480 free=5704 reachbit=1 bit30=21.3
23.800,sweep,,,,,,,,,,,,,live=184480 free=5704 reachbit=1 bit30=21.3
24.053,sweep,,,,,,,,,,,,,live=184480 free=5704 reachbit=1 bit30=21.3
24.306,sweep,,,,,,,,,,,,,live=184480 free=5704 reachbit=1 bit30=21.3
24.558,sweep,,,,,,,,,,,,,live=184480 free=5704 reachbit=1 bit30=21.3
24.811,sweep,,,,,,,,,,,,,live=184480 free=5704 reachbit=1 bit30=21.3
25.063,sweep,,,,,,,,,,,,,live=184480 free=5704 reachbit=1 bit30=21.3
25.316,sweep,,,,,,,,,,,,,live=184480 free=5704 reachbit=1 bit30=21.3
25.569,sweep,,,,,,,,,,,,,live=184480 free=5704 reachbit=1 bit30=21.3
25.822,sweep,,,,,,,,,,,,,live=184480 free=5704 reachbit=1 bit30=21.3
26.074,sweep,,,,,,,,,,,,,live=184480 free=5704 reachbit=1 bit30=21.3
26.326,sweep,,,,,,,,,,,,,live=184480 free=5704 reachbit=1 bit30=21.3
26.579,sweep,,,,,,,,,,,,,live=184480 free=5704 reachbit=1 bit30=21.3
26.833,sweep,,,,,,,,,,,,,live=184480 free=5704 reachbit=1 bit30=21.3
27.086,sweep,,,,,,,,,,,,,live=184480 free=5704 reachbit=1 bit30=21.3
27.338,sweep,,,,,,,,,,,,,live=184480 free=5704 reachbit=1 bit30=21.3
27.590,sweep,,,,,,,,,,,,,live=184480 free=5704 reachbit=1 bit30=21.3
27.849,sweep,,,,,,,,,,,,,live=184480 free=5704 reachbit=1 bit30=21.3
28.101,sweep,,,,,,,,,,,,,live=184480 free=5704 reachbit=1 bit30=21.3
28.355,sweep,,,,,,,,,,,,,live=184480 free=5704 reachbit=1 bit30=21.3
28.610,sweep,,,,,,,,,,,,,live=184480 free=5704 reachbit=1 bit30=21.3
28.864,sweep,,,,,,,,,,,,,live=184480 free=5704 reachbit=1 bit30=21.3
29.118,sweep,,,,,,,,,,,,,live=184480 free=5704 reachbit=1 bit30=21.3
29.370,sweep,,,,,,,,,,,,,live=184480 free=5704 reachbit=1 bit30=21.3
29.622,sweep,,,,,,,,,,,,,live=184480 free=5704 reachbit=1 bit30=21.3
29.875,sweep,,,,,,,,,,,,,live=184480 free=5704 reachbit=1 bit30=21.3
30.128,sweep,,,,,,,,,,,,,live=184480 free=5704 reachbit=1 bit30=21.3
30.380,sweep,,,,,,,,,,,,,live=185144 free=5704 reachbit=1 bit30=21.2
30.633,sweep,,,,,,,,,,,,,live=185144 free=5704 reachbit=1 bit30=21.2
30.886,sweep,,,,,,,,,,,,,live=185144 free=5704 reachbit=1 bit30=21.2
31.140,sweep,,,,,,,,,,,,,live=185144 free=5704 reachbit=1 bit30=21.2
31.392,sweep,,,,,,,,,,,,,live=185144 free=5704 reachbit=1 bit30=21.2
31.647,sweep,,,,,,,,,,,,,live=185144 free=5704 reachbit=1 bit30=21.2
31.900,sweep,,,,,,,,,,,,,live=185144 free=5704 reachbit=1 bit30=21.2
32.153,sweep,,,,,,,,,,,,,live=185144 free=5704 reachbit=1 bit30=21.2
32.405,sweep,,,,,,,,,,,,,live=185144 free=5704 reachbit=1 bit30=21.2
32.658,sweep,,,,,,,,,,,,,live=185144 free=5704 reachbit=1 bit30=21.2
32.911,sweep,,,,,,,,,,,,,live=185144 free=5704 reachbit=1 bit30=21.2
33.163,sweep,,,,,,,,,,,,,live=185144 free=5704 reachbit=1 bit30=21.2
33.416,sweep,,,,,,,,,,,,,live=185144 free=5704 reachbit=1 bit30=21.2
33.669,sweep,,,,,,,,,,,,,live=185144 free=5704 reachbit=1 bit30=21.2
33.921,sweep,,,,,,,,,,,,,live=185144 free=5704 reachbit=1 bit30=21.2
34.173,sweep,,,,,,,,,,,,,live=185144 free=5704 reachbit=1 bit30=21.2
34.427,sweep,,,,,,,,,,,,,live=185144 free=5704 reachbit=1 bit30=21.2
34.679,sweep,,,,,,,,,,,,,live=185144 free=5704 reachbit=1 bit30=21.2
34.933,sweep,,,,,,,,,,,,,live=185144 free=5704 reachbit=1 bit30=21.2
35.185,sweep,,,,,,,,,,,,,live=185144 free=5704 reachbit=1 bit30=21.2
35.438,sweep,,,,,,,,,,,,,live=185144 free=5704 reachbit=1 bit30=21.2
35.691,sweep,,,,,,,,,,,,,live=185144 free=5704 reachbit=1 bit30=21.2
35.944,sweep,,,,,,,,,,,,,live=185144 free=5704 reachbit=1 bit30=21.2
36.198,sweep,,,,,,,,,,,,,live=185144 free=5704 reachbit=1 bit30=21.2
36.449,sweep,,,,,,,,,,,,,live=185144 free=5704 reachbit=1 bit30=21.2
36.702,sweep,,,,,,,,,,,,,live=185144 free=5704 reachbit=1 bit30=21.2
36.954,sweep,,,,,,,,,,,,,live=185144 free=5704 reachbit=1 bit30=21.2
37.208,sweep,,,,,,,,,,,,,live=185144 free=5704 reachbit=1 bit30=21.2
37.459,sweep,,,,,,,,,,,,,live=185144 free=5704 reachbit=1 bit30=21.2
37.712,sweep,,,,,,,,,,,,,live=185144 free=5704 reachbit=1 bit30=21.2
37.965,sweep,,,,,,,,,,,,,live=185144 free=5704 reachbit=1 bit30=21.2
38.218,sweep,,,,,,,,,,,,,live=185144 free=5704 reachbit=1 bit30=21.2
38.471,sweep,,,,,,,,,,,,,live=185144 free=5704 reachbit=1 bit30=21.2
38.724,sweep,,,,,,,,,,,,,live=185144 free=5704 reachbit=1 bit30=21.2
38.977,sweep,,,,,,,,,,,,,live=185144 free=5704 reachbit=1 bit30=21.2
39.230,sweep,,,,,,,,,,,,,live=185144 free=5704 reachbit=1 bit30=21.2
39.483,sweep,,,,,,,,,,,,,live=185144 free=5704 reachbit=1 bit30=21.2
39.736,sweep,,,,,,,,,,,,,live=185144 free=5704 reachbit=1 bit30=21.2
39.988,sweep,,,,,,,,,,,,,live=185144 free=5704 reachbit=1 bit30=21.2
40.240,sweep,,,,,,,,,,,,,live=185144 free=5704 reachbit=1 bit30=21.2
40.491,sweep,,,,,,,,,,,,,live=185144 free=5704 reachbit=1 bit30=21.2
40.744,sweep,,,,,,,,,,,,,live=185144 free=5704 reachbit=1 bit30=21.2
40.998,sweep,,,,,,,,,,,,,live=185144 free=5704 reachbit=1 bit30=21.2
41.250,sweep,,,,,,,,,,,,,live=185144 free=5704 reachbit=1 bit30=21.2
41.503,sweep,,,,,,,,,,,,,live=185144 free=5704 reachbit=1 bit30=21.2
41.756,sweep,,,,,,,,,,,,,live=185144 free=5704 reachbit=1 bit30=21.2
42.008,sweep,,,,,,,,,,,,,live=185144 free=5704 reachbit=1 bit30=21.2
42.260,sweep,,,,,,,,,,,,,live=185144 free=5704 reachbit=1 bit30=21.2
42.512,sweep,,,,,,,,,,,,,live=185144 free=5704 reachbit=1 bit30=21.2
42.765,sweep,,,,,,,,,,,,,live=185144 free=5704 reachbit=1 bit30=21.2
43.018,sweep,,,,,,,,,,,,,live=185144 free=5704 reachbit=1 bit30=21.2
43.271,sweep,,,,,,,,,,,,,live=185144 free=5704 reachbit=1 bit30=21.2
43.523,sweep,,,,,,,,,,,,,live=185144 free=5704 reachbit=1 bit30=21.2
43.775,sweep,,,,,,,,,,,,,live=185144 free=5704 reachbit=1 bit30=21.2
44.028,sweep,,,,,,,,,,,,,live=185144 free=5704 reachbit=1 bit30=21.2
44.281,sweep,,,,,,,,,,,,,live=185144 free=5704 reachbit=1 bit30=21.2
44.535,sweep,,,,,,,,,,,,,live=185144 free=5704 reachbit=1 bit30=21.2
44.788,sweep,,,,,,,,,,,,,live=185144 free=5704 reachbit=1 bit30=21.2
45.042,sweep,,,,,,,,,,,,,live=185144 free=5704 reachbit=1 bit30=21.2
45.293,sweep,,,,,,,,,,,,,live=185144 free=5704 reachbit=1 bit30=21.2
45.546,sweep,,,,,,,,,,,,,live=185144 free=5704 reachbit=1 bit30=21.2
45.799,sweep,,,,,,,,,,,,,live=185144 free=5704 reachbit=1 bit30=21.2
46.054,sweep,,,,,,,,,,,,,live=185144 free=5704 reachbit=1 bit30=21.2
46.306,sweep,,,,,,,,,,,,,live=185144 free=5704 reachbit=1 bit30=21.2
46.559,sweep,,,,,,,,,,,,,live=185144 free=5704 reachbit=1 bit30=21.2
46.812,sweep,,,,,,,,,,,,,live=185144 free=5704 reachbit=1 bit30=21.2
47.065,sweep,,,,,,,,,,,,,live=185144 free=5704 reachbit=1 bit30=21.2
47.317,sweep,,,,,,,,,,,,,live=185144 free=5704 reachbit=1 bit30=21.2
47.569,sweep,,,,,,,,,,,,,live=185144 free=5704 reachbit=1 bit30=21.2
47.821,sweep,,,,,,,,,,,,,live=185144 free=5704 reachbit=1 bit30=21.2
48.074,sweep,,,,,,,,,,,,,live=185144 free=5704 reachbit=1 bit30=21.2
48.326,sweep,,,,,,,,,,,,,live=185144 free=5704 reachbit=1 bit30=21.2
48.578,sweep,,,,,,,,,,,,,live=185144 free=5704 reachbit=1 bit30=21.2
48.830,sweep,,,,,,,,,,,,,live=185144 free=5704 reachbit=1 bit30=21.2
49.082,sweep,,,,,,,,,,,,,live=185144 free=5704 reachbit=1 bit30=21.2
49.335,sweep,,,,,,,,,,,,,live=185144 free=5704 reachbit=1 bit30=21.2
49.589,sweep,,,,,,,,,,,,,live=185144 free=5704 reachbit=1 bit30=21.2
49.841,sweep,,,,,,,,,,,,,live=185144 free=5704 reachbit=1 bit30=21.2
50.092,sweep,,,,,,,,,,,,,live=185144 free=5704 reachbit=1 bit30=21.2
50.345,sweep,,,,,,,,,,,,,live=185144 free=5704 reachbit=1 bit30=21.2
50.599,sweep,,,,,,,,,,,,,live=185144 free=5704 reachbit=1 bit30=21.2
50.850,sweep,,,,,,,,,,,,,live=185144 free=5704 reachbit=1 bit30=21.2
51.103,sweep,,,,,,,,,,,,,live=185144 free=5704 reachbit=1 bit30=21.2
51.355,sweep,,,,,,,,,,,,,live=185144 free=5704 reachbit=1 bit30=21.2
51.606,sweep,,,,,,,,,,,,,live=185144 free=5704 reachbit=1 bit30=21.2
51.858,sweep,,,,,,,,,,,,,live=185144 free=5704 reachbit=1 bit30=21.2
52.110,sweep,,,,,,,,,,,,,live=185144 free=5704 reachbit=1 bit30=21.2
52.361,sweep,,,,,,,,,,,,,live=185144 free=5704 reachbit=1 bit30=21.2
52.615,sweep,,,,,,,,,,,,,live=185144 free=5704 reachbit=1 bit30=21.2
52.868,sweep,,,,,,,,,,,,,live=185144 free=5704 reachbit=1 bit30=21.2
53.121,sweep,,,,,,,,,,,,,live=185144 free=5704 reachbit=1 bit30=21.2
53.373,sweep,,,,,,,,,,,,,live=185144 free=5704 reachbit=1 bit30=21.2
53.625,sweep,,,,,,,,,,,,,live=185144 free=5704 reachbit=1 bit30=21.2
53.877,sweep,,,,,,,,,,,,,live=185144 free=5704 reachbit=1 bit30=21.2
54.129,sweep,,,,,,,,,,,,,live=185144 free=5704 reachbit=1 bit30=21.2
54.382,sweep,,,,,,,,,,,,,live=185144 free=5704 reachbit=1 bit30=21.2
54.635,sweep,,,,,,,,,,,,,live=185144 free=5704 reachbit=1 bit30=21.2
54.887,sweep,,,,,,,,,,,,,live=185144 free=5704 reachbit=1 bit30=21.2
55.139,sweep,,,,,,,,,,,,,live=185144 free=5704 reachbit=1 bit30=21.2
55.390,sweep,,,,,,,,,,,,,live=185144 free=5704 reachbit=1 bit30=21.2
55.643,sweep,,,,,,,,,,,,,live=185144 free=5704 reachbit=1 bit30=21.2
55.895,sweep,,,,,,,,,,,,,live=185144 free=5704 reachbit=1 bit30=21.2
56.147,sweep,,,,,,,,,,,,,live=185144 free=5704 reachbit=1 bit30=21.2
56.399,sweep,,,,,,,,,,,,,live=185144 free=5704 reachbit=1 bit30=21.2
56.652,sweep,,,,,,,,,,,,,live=185144 free=5704 reachbit=1 bit30=21.2
56.905,sweep,,,,,,,,,,,,,live=185144 free=5704 reachbit=1 bit30=21.2
57.158,sweep,,,,,,,,,,,,,live=185144 free=5704 reachbit=1 bit30=21.2
57.409,sweep,,,,,,,,,,,,,live=185144 free=5704 reachbit=1 bit30=21.2
57.661,sweep,,,,,,,,,,,,,live=185144 free=5704 reachbit=1 bit30=21.2
57.913,sweep,,,,,,,,,,,,,live=185144 free=5704 reachbit=1 bit30=21.2
58.168,sweep,,,,,,,,,,,,,live=185144 free=5704 reachbit=0 bit30=21.2
58.420,sweep,,,,,,,,,,,,,live=185144 free=5704 reachbit=0 bit30=21.2
58.672,sweep,,,,,,,,,,,,,live=185144 free=5704 reachbit=0 bit30=21.2
58.925,sweep,,,,,,,,,,,,,live=185144 free=5704 reachbit=0 bit30=21.2
59.178,sweep,,,,,,,,,,,,,live=185144 free=5704 reachbit=0 bit30=21.2
59.431,sweep,,,,,,,,,,,,,live=183080 free=7768 reachbit=0 bit30=21.5
59.682,sweep,,,,,,,,,,,,,live=179048 free=11800 reachbit=0 bit30=22.0
59.935,sweep,,,,,,,,,,,,,live=177384 free=13464 reachbit=0 bit30=22.2
60.187,sweep,,,,,,,,,,,,,live=177384 free=13464 reachbit=0 bit30=22.2
60.440,sweep,,,,,,,,,,,,,live=177392 free=13456 reachbit=0 bit30=22.2
60.693,sweep,,,,,,,,,,,,,live=177392 free=13456 reachbit=0 bit30=22.2
60.947,sweep,,,,,,,,,,,,,live=177392 free=13456 reachbit=0 bit30=22.2
61.200,sweep,,,,,,,,,,,,,live=177392 free=13456 reachbit=0 bit30=22.2
61.452,sweep,,,,,,,,,,,,,live=177392 free=13456 reachbit=0 bit30=22.2
61.705,sweep,,,,,,,,,,,,,live=177392 free=13456 reachbit=0 bit30=22.2
61.956,sweep,,,,,,,,,,,,,live=177392 free=13456 reachbit=0 bit30=22.2
62.209,sweep,,,,,,,,,,,,,live=177392 free=13456 reachbit=0 bit30=22.2
62.463,sweep,,,,,,,,,,,,,live=177392 free=13456 reachbit=0 bit30=22.2
62.715,sweep,,,,,,,,,,,,,live=177392 free=13456 reachbit=0 bit30=22.2
62.968,sweep,,,,,,,,,,,,,live=177392 free=13456 reachbit=0 bit30=22.2
63.220,sweep,,,,,,,,,,,,,live=177392 free=13456 reachbit=0 bit30=22.2
63.472,sweep,,,,,,,,,,,,,live=177392 free=13456 reachbit=0 bit30=22.2
63.723,sweep,,,,,,,,,,,,,live=177392 free=13456 reachbit=0 bit30=22.2
63.975,sweep,,,,,,,,,,,,,live=177392 free=13456 reachbit=0 bit30=22.2
64.228,sweep,,,,,,,,,,,,,live=177392 free=13456 reachbit=0 bit30=22.2
64.481,sweep,,,,,,,,,,,,,live=177392 free=13456 reachbit=0 bit30=22.2
64.734,sweep,,,,,,,,,,,,,live=177392 free=13456 reachbit=0 bit30=22.2
64.987,sweep,,,,,,,,,,,,,live=177392 free=13456 reachbit=0 bit30=22.2
65.240,sweep,,,,,,,,,,,,,live=177392 free=13456 reachbit=0 bit30=22.2
65.493,sweep,,,,,,,,,,,,,live=177392 free=13456 reachbit=0 bit30=22.2
65.747,sweep,,,,,,,,,,,,,live=177392 free=13456 reachbit=0 bit30=22.2
65.999,sweep,,,,,,,,,,,,,live=177392 free=13456 reachbit=0 bit30=22.2
66.252,sweep,,,,,,,,,,,,,live=177392 free=13456 reachbit=0 bit30=22.2
66.505,sweep,,,,,,,,,,,,,live=177392 free=13456 reachbit=0 bit30=22.2
66.757,sweep,,,,,,,,,,,,,live=177392 free=13456 reachbit=0 bit30=22.2
67.008,sweep,,,,,,,,,,,,,live=177392 free=13456 reachbit=0 bit30=22.2
67.260,sweep,,,,,,,,,,,,,live=177392 free=13456 reachbit=0 bit30=22.2
67.512,sweep,,,,,,,,,,,,,live=177392 free=13456 reachbit=0 bit30=22.2
67.764,sweep,,,,,,,,,,,,,live=177392 free=13456 reachbit=0 bit30=22.2
68.016,sweep,,,,,,,,,,,,,live=177392 free=13456 reachbit=0 bit30=22.2
68.268,sweep,,,,,,,,,,,,,live=177392 free=13456 reachbit=0 bit30=22.2
68.521,sweep,,,,,,,,,,,,,live=177392 free=13456 reachbit=0 bit30=22.2
68.774,sweep,,,,,,,,,,,,,live=177392 free=13456 reachbit=0 bit30=22.2
69.026,sweep,,,,,,,,,,,,,live=177392 free=13456 reachbit=0 bit30=22.2
69.279,sweep,,,,,,,,,,,,,live=177392 free=13456 reachbit=0 bit30=22.2
69.530,sweep,,,,,,,,,,,,,live=177392 free=13456 reachbit=0 bit30=22.2
69.782,sweep,,,,,,,,,,,,,live=177392 free=13456 reachbit=0 bit30=22.2
70.036,sweep,,,,,,,,,,,,,live=177392 free=13456 reachbit=0 bit30=22.2
70.289,sweep,,,,,,,,,,,,,live=177392 free=13456 reachbit=0 bit30=22.2
70.541,sweep,,,,,,,,,,,,,live=177392 free=13456 reachbit=0 bit30=22.2
70.794,sweep,,,,,,,,,,,,,live=177392 free=13456 reachbit=0 bit30=22.2
71.047,sweep,,,,,,,,,,,,,live=177392 free=13456 reachbit=0 bit30=22.2
71.299,sweep,,,,,,,,,,,,,live=177392 free=13456 reachbit=0 bit30=22.2
71.552,sweep,,,,,,,,,,,,,live=177392 free=13456 reachbit=0 bit30=22.2
71.805,sweep,,,,,,,,,,,,,live=177392 free=13456 reachbit=0 bit30=22.2
72.058,sweep,,,,,,,,,,,,,live=177392 free=13456 reachbit=0 bit30=22.2
72.309,sweep,,,,,,,,,,,,,live=177392 free=13456 reachbit=0 bit30=22.2
72.561,sweep,,,,,,,,,,,,,live=177392 free=13456 reachbit=0 bit30=22.2
72.814,sweep,,,,,,,,,,,,,live=177392 free=13456 reachbit=0 bit30=22.2
73.067,sweep,,,,,,,,,,,,,live=177392 free=13456 reachbit=0 bit30=22.2
73.320,sweep,,,,,,,,,,,,,live=177392 free=13456 reachbit=0 bit30=22.2
73.573,sweep,,,,,,,,,,,,,live=177392 free=13456 reachbit=0 bit30=22.2
73.826,sweep,,,,,,,,,,,,,live=177392 free=13456 reachbit=0 bit30=22.2
74.079,sweep,,,,,,,,,,,,,live=177392 free=13456 reachbit=0 bit30=22.2
74.332,sweep,,,,,,,,,,,,,live=177392 free=13456 reachbit=0 bit30=22.2
74.584,sweep,,,,,,,,,,,,,live=177392 free=13456 reachbit=0 bit30=22.2
74.836,sweep,,,,,,,,,,,,,live=177392 free=13456 reachbit=0 bit30=22.2
75.089,sweep,,,,,,,,,,,,,live=177392 free=13456 reachbit=0 bit30=22.2
75.341,sweep,,,,,,,,,,,,,live=177392 free=13456 reachbit=0 bit30=22.2
75.593,sweep,,,,,,,,,,,,,live=177392 free=13456 reachbit=0 bit30=22.2
75.846,sweep,,,,,,,,,,,,,live=177392 free=13456 reachbit=0 bit30=22.2
76.097,sweep,,,,,,,,,,,,,live=177392 free=13456 reachbit=0 bit30=22.2
76.349,sweep,,,,,,,,,,,,,live=177392 free=13456 reachbit=0 bit30=22.2
76.601,sweep,,,,,,,,,,,,,live=177392 free=13456 reachbit=0 bit30=22.2
76.854,sweep,,,,,,,,,,,,,live=177392 free=13456 reachbit=0 bit30=22.2
77.106,sweep,,,,,,,,,,,,,live=177392 free=13456 reachbit=0 bit30=22.2
77.358,sweep,,,,,,,,,,,,,live=177392 free=13456 reachbit=0 bit30=22.2
77.610,sweep,,,,,,,,,,,,,live=177392 free=13456 reachbit=0 bit30=22.2
77.863,sweep,,,,,,,,,,,,,live=177392 free=13456 reachbit=0 bit30=22.2
78.117,sweep,,,,,,,,,,,,,live=177392 free=13456 reachbit=0 bit30=22.2
78.369,sweep,,,,,,,,,,,,,live=177392 free=13456 reachbit=0 bit30=22.2
78.621,sweep,,,,,,,,,,,,,live=177392 free=13456 reachbit=0 bit30=22.2
78.873,sweep,,,,,,,,,,,,,live=177392 free=13456 reachbit=0 bit30=22.2
79.125,sweep,,,,,,,,,,,,,live=177392 free=13456 reachbit=0 bit30=22.2
79.379,sweep,,,,,,,,,,,,,live=177392 free=13456 reachbit=0 bit30=22.2
79.631,sweep,,,,,,,,,,,,,live=177392 free=13456 reachbit=0 bit30=22.2
79.882,sweep,,,,,,,,,,,,,live=177392 free=13456 reachbit=0 bit30=22.2
80.134,sweep,,,,,,,,,,,,,live=177392 free=13456 reachbit=0 bit30=22.2
80.388,sweep,,,,,,,,,,,,,live=177392 free=13456 reachbit=0 bit30=22.2
80.639,sweep,,,,,,,,,,,,,live=177392 free=13456 reachbit=0 bit30=22.2
80.892,sweep,,,,,,,,,,,,,live=177392 free=13456 reachbit=0 bit30=22.2
81.145,sweep,,,,,,,,,,,,,live=177392 free=13456 reachbit=0 bit30=22.2
81.397,sweep,,,,,,,,,,,,,live=177392 free=13456 reachbit=0 bit30=22.2
81.649,sweep,,,,,,,,,,,,,live=177392 free=13456 reachbit=0 bit30=22.2
81.901,sweep,,,,,,,,,,,,,live=177392 free=13456 reachbit=0 bit30=22.2
82.153,sweep,,,,,,,,,,,,,live=177392 free=13456 reachbit=0 bit30=22.2
82.406,sweep,,,,,,,,,,,,,live=177392 free=13456 reachbit=0 bit30=22.2
82.658,sweep,,,,,,,,,,,,,live=177392 free=13456 reachbit=0 bit30=22.2
82.909,sweep,,,,,,,,,,,,,live=177392 free=13456 reachbit=0 bit30=22.2
83.162,sweep,,,,,,,,,,,,,live=177392 free=13456 reachbit=0 bit30=22.2
83.413,sweep,,,,,,,,,,,,,live=177392 free=13456 reachbit=0 bit30=22.2
83.666,sweep,,,,,,,,,,,,,live=177392 free=13456 reachbit=0 bit30=22.2
83.919,sweep,,,,,,,,,,,,,live=177392 free=13456 reachbit=0 bit30=22.2
84.172,sweep,,,,,,,,,,,,,live=177392 free=13456 reachbit=0 bit30=22.2
84.424,sweep,,,,,,,,,,,,,live=177392 free=13456 reachbit=0 bit30=22.2
84.676,sweep,,,,,,,,,,,,,live=177392 free=13456 reachbit=0 bit30=22.2
84.928,sweep,,,,,,,,,,,,,live=177392 free=13456 reachbit=0 bit30=22.2
85.181,sweep,,,,,,,,,,,,,live=177392 free=13456 reachbit=0 bit30=22.2
85.433,sweep,,,,,,,,,,,,,live=177392 free=13456 reachbit=0 bit30=22.2
85.685,sweep,,,,,,,,,,,,,live=177392 free=13456 reachbit=0 bit30=22.2
85.938,sweep,,,,,,,,,,,,,live=177392 free=13456 reachbit=0 bit30=22.2
86.190,sweep,,,,,,,,,,,,,live=177392 free=13456 reachbit=0 bit30=22.2
86.443,sweep,,,,,,,,,,,,,live=177392 free=13456 reachbit=0 bit30=22.2
86.697,sweep,,,,,,,,,,,,,live=177392 free=13456 reachbit=0 bit30=22.2
86.949,sweep,,,,,,,,,,,,,live=177392 free=13456 reachbit=0 bit30=22.2
87.203,sweep,,,,,,,,,,,,,live=177392 free=13456 reachbit=0 bit30=22.2
87.456,sweep,,,,,,,,,,,,,live=177392 free=13456 reachbit=0 bit30=22.2
87.709,sweep,,,,,,,,,,,,,live=177392 free=13456 reachbit=0 bit30=22.2
87.962,sweep,,,,,,,,,,,,,live=177392 free=13456 reachbit=0 bit30=22.2
88.215,sweep,,,,,,,,,,,,,live=177392 free=13456 reachbit=0 bit30=22.2
88.467,sweep,,,,,,,,,,,,,live=177392 free=13456 reachbit=0 bit30=22.2
88.720,sweep,,,,,,,,,,,,,live=177392 free=13456 reachbit=0 bit30=22.2
88.973,sweep,,,,,,,,,,,,,live=177392 free=13456 reachbit=0 bit30=22.2
89.225,sweep,,,,,,,,,,,,,live=177392 free=13456 reachbit=0 bit30=22.2
89.477,sweep,,,,,,,,,,,,,live=177392 free=13456 reachbit=0 bit30=22.2
89.730,sweep,,,,,,,,,,,,,live=177392 free=13456 reachbit=0 bit30=22.2
89.983,sweep,,,,,,,,,,,,,live=177392 free=13456 reachbit=0 bit30=22.2
90.236,sweep,,,,,,,,,,,,,live=177392 free=13456 reachbit=0 bit30=22.2
90.488,sweep,,,,,,,,,,,,,live=177400 free=13448 reachbit=0 bit30=22.2
90.740,sweep,,,,,,,,,,,,,live=177400 free=13448 reachbit=0 bit30=22.2
90.992,sweep,,,,,,,,,,,,,live=177400 free=13448 reachbit=0 bit30=22.2
91.245,sweep,,,,,,,,,,,,,live=177400 free=13448 reachbit=0 bit30=22.2
91.497,sweep,,,,,,,,,,,,,live=177400 free=13448 reachbit=0 bit30=22.2
91.749,sweep,,,,,,,,,,,,,live=177400 free=13448 reachbit=0 bit30=22.2
92.002,sweep,,,,,,,,,,,,,live=177400 free=13448 reachbit=0 bit30=22.2
92.256,sweep,,,,,,,,,,,,,live=177400 free=13448 reachbit=0 bit30=22.2
92.508,sweep,,,,,,,,,,,,,live=177400 free=13448 reachbit=0 bit30=22.2
92.760,sweep,,,,,,,,,,,,,live=177400 free=13448 reachbit=0 bit30=22.2
93.014,sweep,,,,,,,,,,,,,live=177400 free=13448 reachbit=0 bit30=22.2
93.267,sweep,,,,,,,,,,,,,live=177400 free=13448 reachbit=0 bit30=22.2
93.519,sweep,,,,,,,,,,,,,live=177400 free=13448 reachbit=0 bit30=22.2
93.770,sweep,,,,,,,,,,,,,live=177400 free=13448 reachbit=0 bit30=22.2
94.022,sweep,,,,,,,,,,,,,live=177400 free=13448 reachbit=0 bit30=22.2
94.274,sweep,,,,,,,,,,,,,live=177400 free=13448 reachbit=0 bit30=22.2
94.528,sweep,,,,,,,,,,,,,live=177400 free=13448 reachbit=0 bit30=22.2
94.780,sweep,,,,,,,,,,,,,live=177400 free=13448 reachbit=0 bit30=22.2
95.033,sweep,,,,,,,,,,,,,live=177400 free=13448 reachbit=0 bit30=22.2
95.286,sweep,,,,,,,,,,,,,live=177400 free=13448 reachbit=0 bit30=22.2
95.540,sweep,,,,,,,,,,,,,live=177400 free=13448 reachbit=0 bit30=22.2
95.793,sweep,,,,,,,,,,,,,live=177400 free=13448 reachbit=0 bit30=22.2
96.046,sweep,,,,,,,,,,,,,live=177400 free=13448 reachbit=0 bit30=22.2
96.300,sweep,,,,,,,,,,,,,live=177400 free=13448 reachbit=0 bit30=22.2
96.553,sweep,,,,,,,,,,,,,live=177400 free=13448 reachbit=0 bit30=22.2
96.805,sweep,,,,,,,,,,,,,live=177400 free=13448 reachbit=0 bit30=22.2
97.057,sweep,,,,,,,,,,,,,live=177400 free=13448 reachbit=0 bit30=22.2
97.309,sweep,,,,,,,,,,,,,live=177400 free=13448 reachbit=0 bit30=22.2
97.560,sweep,,,,,,,,,,,,,live=177400 free=13448 reachbit=0 bit30=22.2
97.812,sweep,,,,,,,,,,,,,live=177400 free=13448 reachbit=0 bit30=22.2
98.066,sweep,,,,,,,,,,,,,live=177400 free=13448 reachbit=0 bit30=22.2
98.319,sweep,,,,,,,,,,,,,live=177400 free=13448 reachbit=0 bit30=22.2
98.571,sweep,,,,,,,,,,,,,live=177400 free=13448 reachbit=0 bit30=22.2
98.826,sweep,,,,,,,,,,,,,live=177400 free=13448 reachbit=0 bit30=22.2
99.078,sweep,,,,,,,,,,,,,live=177400 free=13448 reachbit=0 bit30=22.2
99.330,sweep,,,,,,,,,,,,,live=177400 free=13448 reachbit=0 bit30=22.2
99.583,sweep,,,,,,,,,,,,,live=177400 free=13448 reachbit=0 bit30=22.2
99.835,sweep,,,,,,,,,,,,,live=177400 free=13448 reachbit=0 bit30=22.2
100.088,sweep,,,,,,,,,,,,,live=177400 free=13448 reachbit=0 bit30=22.2
100.340,sweep,,,,,,,,,,,,,live=177400 free=13448 reachbit=0 bit30=22.2
100.594,sweep,,,,,,,,,,,,,live=177400 free=13448 reachbit=0 bit30=22.2
100.847,sweep,,,,,,,,,,,,,live=177400 free=13448 reachbit=0 bit30=22.2
101.099,sweep,,,,,,,,,,,,,live=177400 free=13448 reachbit=0 bit30=22.2
101.352,sweep,,,,,,,,,,,,,live=177400 free=13448 reachbit=0 bit30=22.2
101.605,sweep,,,,,,,,,,,,,live=177400 free=13448 reachbit=0 bit30=22.2
101.857,sweep,,,,,,,,,,,,,live=177400 free=13448 reachbit=0 bit30=22.2
102.109,sweep,,,,,,,,,,,,,live=177400 free=13448 reachbit=0 bit30=22.2
102.362,sweep,,,,,,,,,,,,,live=177400 free=13448 reachbit=0 bit30=22.2
102.614,sweep,,,,,,,,,,,,,live=177400 free=13448 reachbit=0 bit30=22.2
102.866,sweep,,,,,,,,,,,,,live=177400 free=13448 reachbit=0 bit30=22.2
103.119,sweep,,,,,,,,,,,,,live=177400 free=13448 reachbit=0 bit30=22.2
103.372,sweep,,,,,,,,,,,,,live=177400 free=13448 reachbit=0 bit30=22.2
103.625,sweep,,,,,,,,,,,,,live=177400 free=13448 reachbit=0 bit30=22.2
103.877,sweep,,,,,,,,,,,,,live=177400 free=13448 reachbit=0 bit30=22.2
104.130,sweep,,,,,,,,,,,,,live=177400 free=13448 reachbit=0 bit30=22.2
104.383,sweep,,,,,,,,,,,,,live=177400 free=13448 reachbit=0 bit30=22.2
104.636,sweep,,,,,,,,,,,,,live=177400 free=13448 reachbit=0 bit30=22.2
104.889,sweep,,,,,,,,,,,,,live=177400 free=13448 reachbit=0 bit30=22.2
105.141,sweep,,,,,,,,,,,,,live=177400 free=13448 reachbit=0 bit30=22.2
105.393,sweep,,,,,,,,,,,,,live=177400 free=13448 reachbit=0 bit30=22.2
105.646,sweep,,,,,,,,,,,,,live=177400 free=13448 reachbit=0 bit30=22.2
105.900,sweep,,,,,,,,,,,,,live=177400 free=13448 reachbit=0 bit30=22.2
106.154,sweep,,,,,,,,,,,,,live=177400 free=13448 reachbit=0 bit30=22.2
106.405,sweep,,,,,,,,,,,,,live=177400 free=13448 reachbit=0 bit30=22.2
106.656,sweep,,,,,,,,,,,,,live=177400 free=13448 reachbit=0 bit30=22.2
106.909,sweep,,,,,,,,,,,,,live=177400 free=13448 reachbit=0 bit30=22.2
107.161,sweep,,,,,,,,,,,,,live=177400 free=13448 reachbit=0 bit30=22.2
107.414,sweep,,,,,,,,,,,,,live=177400 free=13448 reachbit=0 bit30=22.2
107.667,sweep,,,,,,,,,,,,,live=177400 free=13448 reachbit=0 bit30=22.2
107.918,sweep,,,,,,,,,,,,,live=177400 free=13448 reachbit=0 bit30=22.2
108.171,sweep,,,,,,,,,,,,,live=177400 free=13448 reachbit=0 bit30=22.2
108.423,sweep,,,,,,,,,,,,,live=177400 free=13448 reachbit=0 bit30=22.2
108.676,sweep,,,,,,,,,,,,,live=177400 free=13448 reachbit=0 bit30=22.2
108.929,sweep,,,,,,,,,,,,,live=177400 free=13448 reachbit=0 bit30=22.2
109.181,sweep,,,,,,,,,,,,,live=177400 free=13448 reachbit=0 bit30=22.2
109.434,sweep,,,,,,,,,,,,,live=177400 free=13448 reachbit=0 bit30=22.2
109.687,sweep,,,,,,,,,,,,,live=177400 free=13448 reachbit=0 bit30=22.2
109.939,sweep,,,,,,,,,,,,,live=177400 free=13448 reachbit=0 bit30=22.2
110.191,sweep,,,,,,,,,,,,,live=177400 free=13448 reachbit=0 bit30=22.2
110.442,sweep,,,,,,,,,,,,,live=177400 free=13448 reachbit=0 bit30=22.2
110.694,sweep,,,,,,,,,,,,,live=177400 free=13448 reachbit=0 bit30=22.2
110.947,sweep,,,,,,,,,,,,,live=177400 free=13448 reachbit=0 bit30=22.2
111.199,sweep,,,,,,,,,,,,,live=177400 free=13448 reachbit=0 bit30=22.2
111.453,sweep,,,,,,,,,,,,,live=177400 free=13448 reachbit=0 bit30=22.2
111.705,sweep,,,,,,,,,,,,,live=177400 free=13448 reachbit=0 bit30=22.2
111.957,sweep,,,,,,,,,,,,,live=177400 free=13448 reachbit=0 bit30=22.2
112.210,sweep,,,,,,,,,,,,,live=177400 free=13448 reachbit=0 bit30=22.2
112.462,sweep,,,,,,,,,,,,,live=177400 free=13448 reachbit=0 bit30=22.2
112.715,sweep,,,,,,,,,,,,,live=177400 free=13448 reachbit=0 bit30=22.2
112.968,sweep,,,,,,,,,,,,,live=177400 free=13448 reachbit=0 bit30=22.2
113.219,sweep,,,,,,,,,,,,,live=177400 free=13448 reachbit=0 bit30=22.2
113.471,sweep,,,,,,,,,,,,,live=177400 free=13448 reachbit=0 bit30=22.2
113.724,sweep,,,,,,,,,,,,,live=177400 free=13448 reachbit=0 bit30=22.2
113.978,sweep,,,,,,,,,,,,,live=177400 free=13448 reachbit=0 bit30=22.2
114.231,sweep,,,,,,,,,,,,,live=177400 free=13448 reachbit=0 bit30=22.2
114.484,sweep,,,,,,,,,,,,,live=177400 free=13448 reachbit=0 bit30=22.2
114.735,sweep,,,,,,,,,,,,,live=177400 free=13448 reachbit=0 bit30=22.2
114.988,sweep,,,,,,,,,,,,,live=177400 free=13448 reachbit=0 bit30=22.2
115.239,sweep,,,,,,,,,,,,,live=177400 free=13448 reachbit=0 bit30=22.2
115.492,sweep,,,,,,,,,,,,,live=177400 free=13448 reachbit=0 bit30=22.2
115.745,sweep,,,,,,,,,,,,,live=177400 free=13448 reachbit=0 bit30=22.2
115.997,sweep,,,,,,,,,,,,,live=177400 free=13448 reachbit=0 bit30=22.2
116.249,sweep,,,,,,,,,,,,,live=177400 free=13448 reachbit=0 bit30=22.2
116.502,sweep,,,,,,,,,,,,,live=177400 free=13448 reachbit=0 bit30=22.2
116.754,sweep,,,,,,,,,,,,,live=177400 free=13448 reachbit=0 bit30=22.2
117.006,sweep,,,,,,,,,,,,,live=177400 free=13448 reachbit=0 bit30=22.2
117.258,sweep,,,,,,,,,,,,,live=177400 free=13448 reachbit=0 bit30=22.2
117.512,sweep,,,,,,,,,,,,,live=177400 free=13448 reachbit=0 bit30=22.2
117.764,sweep,,,,,,,,,,,,,live=177400 free=13448 reachbit=0 bit30=22.2
118.017,sweep,,,,,,,,,,,,,live=177400 free=13448 reachbit=0 bit30=22.2
118.269,sweep,,,,,,,,,,,,,live=177400 free=13448 reachbit=0 bit30=22.2
118.521,sweep,,,,,,,,,,,,,live=177400 free=13448 reachbit=0 bit30=22.2
118.774,sweep,,,,,,,,,,,,,live=177400 free=13448 reachbit=0 bit30=22.2
119.026,sweep,,,,,,,,,,,,,live=177400 free=13448 reachbit=0 bit30=22.2
119.278,sweep,,,,,,,,,,,,,live=177400 free=13448 reachbit=2 bit30=22.2
119.532,sweep,,,,,,,,,,,,,live=177384 free=13464 reachbit=2 bit30=22.2
119.784,sweep,,,,,,,,,,,,,live=177384 free=13464 reachbit=2 bit30=22.2
120.036,sweep,,,,,,,,,,,,,live=177384 free=13464 reachbit=2 bit30=22.2
120.289,sweep,,,,,,,,,,,,,live=177384 free=13464 reachbit=2 bit30=22.2
120.541,sweep,,,,,,,,,,,,,live=177392 free=13456 reachbit=2 bit30=22.2
120.792,sweep,,,,,,,,,,,,,live=177392 free=13456 reachbit=2 bit30=22.2
121.045,sweep,,,,,,,,,,,,,live=177392 free=13456 reachbit=2 bit30=22.2
121.298,sweep,,,,,,,,,,,,,live=177392 free=13456 reachbit=2 bit30=22.2
121.550,sweep,,,,,,,,,,,,,live=177392 free=13456 reachbit=2 bit30=22.2
121.803,sweep,,,,,,,,,,,,,live=177392 free=13456 reachbit=2 bit30=22.2
122.056,sweep,,,,,,,,,,,,,live=177392 free=13456 reachbit=2 bit30=22.2
122.308,sweep,,,,,,,,,,,,,live=177392 free=13456 reachbit=2 bit30=22.2
122.561,sweep,,,,,,,,,,,,,live=177392 free=13456 reachbit=2 bit30=22.2
122.813,sweep,,,,,,,,,,,,,live=177392 free=13456 reachbit=2 bit30=22.2
123.065,sweep,,,,,,,,,,,,,live=177392 free=13456 reachbit=2 bit30=22.2
123.317,sweep,,,,,,,,,,,,,live=177392 free=13456 reachbit=2 bit30=22.2
123.570,sweep,,,,,,,,,,,,,live=177392 free=13456 reachbit=2 bit30=22.2
123.823,sweep,,,,,,,,,,,,,live=177392 free=13456 reachbit=2 bit30=22.2
124.076,sweep,,,,,,,,,,,,,live=177392 free=13456 reachbit=2 bit30=22.2
124.329,sweep,,,,,,,,,,,,,live=177392 free=13456 reachbit=2 bit30=22.2
124.581,sweep,,,,,,,,,,,,,live=177392 free=13456 reachbit=2 bit30=22.2
124.836,sweep,,,,,,,,,,,,,live=177392 free=13456 reachbit=2 bit30=22.2
125.089,sweep,,,,,,,,,,,,,live=177392 free=13456 reachbit=2 bit30=22.2
125.341,sweep,,,,,,,,,,,,,live=177392 free=13456 reachbit=2 bit30=22.2
125.593,sweep,,,,,,,,,,,,,live=177392 free=13456 reachbit=2 bit30=22.2
125.847,sweep,,,,,,,,,,,,,live=177392 free=13456 reachbit=2 bit30=22.2
126.099,sweep,,,,,,,,,,,,,live=177392 free=13456 reachbit=2 bit30=22.2
126.352,sweep,,,,,,,,,,,,,live=177392 free=13456 reachbit=2 bit30=22.2
126.605,sweep,,,,,,,,,,,,,live=177392 free=13456 reachbit=2 bit30=22.2
126.859,sweep,,,,,,,,,,,,,live=177392 free=13456 reachbit=2 bit30=22.2
127.111,sweep,,,,,,,,,,,,,live=177392 free=13456 reachbit=2 bit30=22.2
127.363,sweep,,,,,,,,,,,,,live=177392 free=13456 reachbit=2 bit30=22.2
127.617,sweep,,,,,,,,,,,,,live=177392 free=13456 reachbit=2 bit30=22.2
127.868,sweep,,,,,,,,,,,,,live=177392 free=13456 reachbit=2 bit30=22.2
128.119,sweep,,,,,,,,,,,,,live=177392 free=13456 reachbit=2 bit30=22.2
128.372,sweep,,,,,,,,,,,,,live=177392 free=13456 reachbit=2 bit30=22.2
128.626,sweep,,,,,,,,,,,,,live=177392 free=13456 reachbit=2 bit30=22.2
128.878,sweep,,,,,,,,,,,,,live=177392 free=13456 reachbit=2 bit30=22.2
129.129,sweep,,,,,,,,,,,,,live=177392 free=13456 reachbit=2 bit30=22.2
129.382,sweep,,,,,,,,,,,,,live=177392 free=13456 reachbit=2 bit30=22.2
129.635,sweep,,,,,,,,,,,,,live=177392 free=13456 reachbit=2 bit30=22.2
129.887,sweep,,,,,,,,,,,,,live=177392 free=13456 reachbit=2 bit30=22.2
130.139,sweep,,,,,,,,,,,,,live=177392 free=13456 reachbit=2 bit30=22.2
130.392,sweep,,,,,,,,,,,,,live=177392 free=13456 reachbit=2 bit30=22.2
130.644,sweep,,,,,,,,,,,,,live=177392 free=13456 reachbit=2 bit30=22.2
130.898,sweep,,,,,,,,,,,,,live=177392 free=13456 reachbit=2 bit30=22.2
131.150,sweep,,,,,,,,,,,,,live=177392 free=13456 reachbit=2 bit30=22.2
131.404,sweep,,,,,,,,,,,,,live=177392 free=13456 reachbit=2 bit30=22.2
131.657,sweep,,,,,,,,,,,,,live=177392 free=13456 reachbit=2 bit30=22.2
131.910,sweep,,,,,,,,,,,,,live=177392 free=13456 reachbit=2 bit30=22.2
132.162,sweep,,,,,,,,,,,,,live=177392 free=13456 reachbit=2 bit30=22.2
132.414,sweep,,,,,,,,,,,,,live=177392 free=13456 reachbit=2 bit30=22.2
132.667,sweep,,,,,,,,,,,,,live=177392 free=13456 reachbit=2 bit30=22.2
132.919,sweep,,,,,,,,,,,,,live=177392 free=13456 reachbit=2 bit30=22.2
133.172,sweep,,,,,,,,,,,,,live=177392 free=13456 reachbit=2 bit30=22.2
133.424,sweep,,,,,,,,,,,,,live=177392 free=13456 reachbit=2 bit30=22.2
133.678,sweep,,,,,,,,,,,,,live=177392 free=13456 reachbit=2 bit30=22.2
133.930,sweep,,,,,,,,,,,,,live=177392 free=13456 reachbit=2 bit30=22.2
134.184,sweep,,,,,,,,,,,,,live=177392 free=13456 reachbit=2 bit30=22.2
134.435,sweep,,,,,,,,,,,,,live=177392 free=13456 reachbit=2 bit30=22.2
134.688,sweep,,,,,,,,,,,,,live=177392 free=13456 reachbit=2 bit30=22.2
134.940,sweep,,,,,,,,,,,,,live=177392 free=13456 reachbit=2 bit30=22.2
135.193,sweep,,,,,,,,,,,,,live=177392 free=13456 reachbit=2 bit30=22.2
135.444,sweep,,,,,,,,,,,,,live=177392 free=13456 reachbit=2 bit30=22.2
135.698,sweep,,,,,,,,,,,,,live=177392 free=13456 reachbit=2 bit30=22.2
135.949,sweep,,,,,,,,,,,,,live=177392 free=13456 reachbit=2 bit30=22.2
136.202,sweep,,,,,,,,,,,,,live=177392 free=13456 reachbit=2 bit30=22.2
136.454,sweep,,,,,,,,,,,,,live=177392 free=13456 reachbit=2 bit30=22.2
136.706,sweep,,,,,,,,,,,,,live=177392 free=13456 reachbit=2 bit30=22.2
136.958,sweep,,,,,,,,,,,,,live=177392 free=13456 reachbit=2 bit30=22.2
137.210,sweep,,,,,,,,,,,,,live=177392 free=13456 reachbit=2 bit30=22.2
137.463,sweep,,,,,,,,,,,,,live=177392 free=13456 reachbit=2 bit30=22.2
137.715,sweep,,,,,,,,,,,,,live=177392 free=13456 reachbit=2 bit30=22.2
137.968,sweep,,,,,,,,,,,,,live=177392 free=13456 reachbit=2 bit30=22.2
138.222,sweep,,,,,,,,,,,,,live=177392 free=13456 reachbit=2 bit30=22.2
138.475,sweep,,,,,,,,,,,,,live=177392 free=13456 reachbit=2 bit30=22.2
138.727,sweep,,,,,,,,,,,,,live=177392 free=13456 reachbit=2 bit30=22.2
138.978,sweep,,,,,,,,,,,,,live=177392 free=13456 reachbit=2 bit30=22.2
139.231,sweep,,,,,,,,,,,,,live=177392 free=13456 reachbit=2 bit30=22.2
139.484,sweep,,,,,,,,,,,,,live=177392 free=13456 reachbit=2 bit30=22.2
139.737,sweep,,,,,,,,,,,,,live=177392 free=13456 reachbit=2 bit30=22.2
139.989,sweep,,,,,,,,,,,,,live=177392 free=13456 reachbit=2 bit30=22.2
140.242,sweep,,,,,,,,,,,,,live=177392 free=13456 reachbit=2 bit30=22.2
140.494,sweep,,,,,,,,,,,,,live=177392 free=13456 reachbit=2 bit30=22.2
140.746,sweep,,,,,,,,,,,,,live=177392 free=13456 reachbit=2 bit30=22.2
140.997,sweep,,,,,,,,,,,,,live=177392 free=13456 reachbit=2 bit30=22.2
141.250,sweep,,,,,,,,,,,,,live=177392 free=13456 reachbit=2 bit30=22.2
141.502,sweep,,,,,,,,,,,,,live=177392 free=13456 reachbit=2 bit30=22.2
141.755,sweep,,,,,,,,,,,,,live=177392 free=13456 reachbit=2 bit30=22.2
142.008,sweep,,,,,,,,,,,,,live=177392 free=13456 reachbit=2 bit30=22.2
142.260,sweep,,,,,,,,,,,,,live=177392 free=13456 reachbit=2 bit30=22.2
142.513,sweep,,,,,,,,,,,,,live=177392 free=13456 reachbit=2 bit30=22.2
142.765,sweep,,,,,,,,,,,,,live=177392 free=13456 reachbit=2 bit30=22.2
143.018,sweep,,,,,,,,,,,,,live=177392 free=13456 reachbit=2 bit30=22.2
143.270,sweep,,,,,,,,,,,,,live=177392 free=13456 reachbit=2 bit30=22.2
143.523,sweep,,,,,,,,,,,,,live=177392 free=13456 reachbit=2 bit30=22.2
143.776,sweep,,,,,,,,,,,,,live=177392 free=13456 reachbit=2 bit30=22.2
144.029,sweep,,,,,,,,,,,,,live=177392 free=13456 reachbit=2 bit30=22.2
144.282,sweep,,,,,,,,,,,,,live=177392 free=13456 reachbit=2 bit30=22.2
144.534,sweep,,,,,,,,,,,,,live=177392 free=13456 reachbit=2 bit30=22.2
144.787,sweep,,,,,,,,,,,,,live=177392 free=13456 reachbit=2 bit30=22.2
145.040,sweep,,,,,,,,,,,,,live=177392 free=13456 reachbit=2 bit30=22.2
145.292,sweep,,,,,,,,,,,,,live=177392 free=13456 reachbit=2 bit30=22.2
145.546,sweep,,,,,,,,,,,,,live=177392 free=13456 reachbit=2 bit30=22.2
145.798,sweep,,,,,,,,,,,,,live=177392 free=13456 reachbit=2 bit30=22.2
146.050,sweep,,,,,,,,,,,,,live=177392 free=13456 reachbit=2 bit30=22.2
146.304,sweep,,,,,,,,,,,,,live=177392 free=13456 reachbit=2 bit30=22.2
146.557,sweep,,,,,,,,,,,,,live=177392 free=13456 reachbit=2 bit30=22.2
146.809,sweep,,,,,,,,,,,,,live=177392 free=13456 reachbit=2 bit30=22.2
147.061,sweep,,,,,,,,,,,,,live=177392 free=13456 reachbit=2 bit30=22.2
147.314,sweep,,,,,,,,,,,,,live=177392 free=13456 reachbit=2 bit30=22.2
147.566,sweep,,,,,,,,,,,,,live=177400 free=13448 reachbit=2 bit30=22.2
147.819,sweep,,,,,,,,,,,,,live=177400 free=13448 reachbit=2 bit30=22.2
148.070,sweep,,,,,,,,,,,,,live=54792 free=136056 reachbit=2 bit30=71.8
148.324,sweep,,,,,,,,,,,,,live=64672 free=126176 reachbit=2 bit30=60.8
148.577,sweep,,,,,,,,,,,,,live=79232 free=111616 reachbit=1 bit30=49.6
148.829,sweep,,,,,,,,,,,,,live=100232 free=90616 reachbit=1 bit30=39.2
149.083,sweep,,,,,,,,,,,,,live=115944 free=74904 reachbit=1 bit30=33.9
149.336,sweep,,,,,,,,,,,,,live=119872 free=70976 reachbit=1 bit30=32.8
149.589,sweep,,,,,,,,,,,,,live=119880 free=70968 reachbit=1 bit30=32.8
149.842,sweep,,,,,,,,,,,,,live=119944 free=70904 reachbit=1 bit30=32.8
150.096,sweep,,,,,,,,,,,,,live=120064 free=70784 reachbit=1 bit30=32.7
150.349,sweep,,,,,,,,,,,,,live=120064 free=70784 reachbit=1 bit30=32.7
150.601,sweep,,,,,,,,,,,,,live=120064 free=70784 reachbit=1 bit30=32.7
150.853,sweep,,,,,,,,,,,,,live=120064 free=70784 reachbit=1 bit30=32.7
151.105,sweep,,,,,,,,,,,,,live=120064 free=70784 reachbit=1 bit30=32.7
151.357,sweep,,,,,,,,,,,,,live=120064 free=70784 reachbit=1 bit30=32.7
151.609,sweep,,,,,,,,,,,,,live=120064 free=70784 reachbit=1 bit30=32.7
151.864,sweep,,,,,,,,,,,,,live=120064 free=70784 reachbit=1 bit30=32.7
152.115,sweep,,,,,,,,,,,,,live=120064 free=70784 reachbit=1 bit30=32.7
152.369,sweep,,,,,,,,,,,,,live=120064 free=70784 reachbit=1 bit30=32.7
152.622,sweep,,,,,,,,,,,,,live=120064 free=70784 reachbit=1 bit30=32.7
152.876,sweep,,,,,,,,,,,,,live=120064 free=70784 reachbit=1 bit30=32.7
153.127,sweep,,,,,,,,,,,,,live=120064 free=70784 reachbit=1 bit30=32.7
153.381,sweep,,,,,,,,,,,,,live=120064 free=70784 reachbit=1 bit30=32.7
153.635,sweep,,,,,,,,,,,,,live=120160 free=70688 reachbit=1 bit30=32.7
153.887,sweep,,,,,,,,,,,,,live=123960 free=66888 reachbit=1 bit30=31.7
154.139,sweep,,,,,,,,,,,,,live=132136 free=58712 reachbit=1 bit30=29.8
154.391,sweep,,,,,,,,,,,,,live=140848 free=50000 reachbit=1 bit30=27.9
154.645,sweep,,,,,,,,,,,,,live=145816 free=45032 reachbit=1 bit30=27.0
154.898,sweep,,,,,,,,,,,,,live=145840 free=45008 reachbit=1 bit30=27.0
155.150,sweep,,,,,,,,,,,,,live=145848 free=45000 reachbit=1 bit30=27.0
155.402,sweep,,,,,,,,,,,,,live=145848 free=45000 reachbit=1 bit30=27.0
155.655,sweep,,,,,,,,,,,,,live=145848 free=45000 reachbit=1 bit30=27.0
155.908,sweep,,,,,,,,,,,,,live=145848 free=45000 reachbit=1 bit30=27.0
156.160,sweep,,,,,,,,,,,,,live=145848 free=45000 reachbit=1 bit30=27.0
156.413,sweep,,,,,,,,,,,,,live=145848 free=45000 reachbit=1 bit30=27.0
156.665,sweep,,,,,,,,,,,,,live=145848 free=45000 reachbit=1 bit30=27.0
156.919,sweep,,,,,,,,,,,,,live=149736 free=41112 reachbit=1 bit30=26.3
157.172,sweep,,,,,,,,,,,,,live=150544 free=40304 reachbit=1 bit30=26.1
157.425,sweep,,,,,,,,,,,,,live=155072 free=35776 reachbit=1 bit30=25.4
157.678,sweep,,,,,,,,,,,,,live=157368 free=33480 reachbit=1 bit30=25.0
157.951,sweep,,,,,,,,,,,,,live=157488 free=33360 reachbit=1 bit30=25.0
158.204,sweep,,,,,,,,,,,,,live=157600 free=33248 reachbit=1 bit30=24.9
158.457,sweep,,,,,,,,,,,,,live=157640 free=33208 reachbit=1 bit30=24.9
158.710,sweep,,,,,,,,,,,,,live=157688 free=33160 reachbit=1 bit30=24.9
158.963,sweep,,,,,,,,,,,,,live=157728 free=33120 reachbit=1 bit30=24.9
159.215,sweep,,,,,,,,,,,,,live=157760 free=33088 reachbit=1 bit30=24.9
159.468,sweep,,,,,,,,,,,,,live=157800 free=33048 reachbit=1 bit30=24.9
159.721,sweep,,,,,,,,,,,,,live=157800 free=33048 reachbit=1 bit30=24.9
159.974,sweep,,,,,,,,,,,,,live=157800 free=33048 reachbit=1 bit30=24.9
160.227,sweep,,,,,,,,,,,,,live=157800 free=33048 reachbit=1 bit30=24.9
160.479,sweep,,,,,,,,,,,,,live=157800 free=33048 reachbit=1 bit30=24.9
160.731,sweep,,,,,,,,,,,,,live=157800 free=33048 reachbit=1 bit30=24.9
160.983,sweep,,,,,,,,,,,,,live=157800 free=33048 reachbit=1 bit30=24.9
161.235,sweep,,,,,,,,,,,,,live=157800 free=33048 reachbit=1 bit30=24.9
161.487,sweep,,,,,,,,,,,,,live=157800 free=33048 reachbit=1 bit30=24.9
161.741,sweep,,,,,,,,,,,,,live=157800 free=33048 reachbit=1 bit30=24.9
161.995,sweep,,,,,,,,,,,,,live=157800 free=33048 reachbit=1 bit30=24.9
162.246,sweep,,,,,,,,,,,,,live=157800 free=33048 reachbit=1 bit30=24.9
162.499,sweep,,,,,,,,,,,,,live=157800 free=33048 reachbit=1 bit30=24.9
162.751,sweep,,,,,,,,,,,,,live=157800 free=33048 reachbit=1 bit30=24.9
163.003,sweep,,,,,,,,,,,,,live=157800 free=33048 reachbit=1 bit30=24.9
163.255,sweep,,,,,,,,,,,,,live=157800 free=33048 reachbit=1 bit30=24.9
163.507,sweep,,,,,,,,,,,,,live=157800 free=33048 reachbit=1 bit30=24.9
163.759,sweep,,,,,,,,,,,,,live=157800 free=33048 reachbit=1 bit30=24.9
164.013,sweep,,,,,,,,,,,,,live=157800 free=33048 reachbit=1 bit30=24.9
164.265,sweep,,,,,,,,,,,,,live=157800 free=33048 reachbit=1 bit30=24.9
164.518,sweep,,,,,,,,,,,,,live=157800 free=33048 reachbit=1 bit30=24.9
164.771,sweep,,,,,,,,,,,,,live=157800 free=33048 reachbit=1 bit30=24.9
165.022,sweep,,,,,,,,,,,,,live=157800 free=33048 reachbit=1 bit30=24.9
165.276,sweep,,,,,,,,,,,,,live=157800 free=33048 reachbit=1 bit30=24.9
165.528,sweep,,,,,,,,,,,,,live=157800 free=33048 reachbit=1 bit30=24.9
165.781,sweep,,,,,,,,,,,,,live=157800 free=33048 reachbit=1 bit30=24.9
166.034,sweep,,,,,,,,,,,,,live=157800 free=33048 reachbit=1 bit30=24.9
166.286,sweep,,,,,,,,,,,,,live=157800 free=33048 reachbit=1 bit30=24.9
166.541,sweep,,,,,,,,,,,,,live=157800 free=33048 reachbit=1 bit30=24.9
166.793,sweep,,,,,,,,,,,,,live=157800 free=33048 reachbit=1 bit30=24.9
167.045,sweep,,,,,,,,,,,,,live=157800 free=33048 reachbit=1 bit30=24.9
167.297,sweep,,,,,,,,,,,,,live=157800 free=33048 reachbit=1 bit30=24.9
167.549,sweep,,,,,,,,,,,,,live=157800 free=33048 reachbit=1 bit30=24.9
167.803,sweep,,,,,,,,,,,,,live=157800 free=33048 reachbit=1 bit30=24.9
168.054,sweep,,,,,,,,,,,,,live=157800 free=33048 reachbit=1 bit30=24.9
168.307,sweep,,,,,,,,,,,,,live=157800 free=33048 reachbit=1 bit30=24.9
168.560,sweep,,,,,,,,,,,,,live=157800 free=33048 reachbit=1 bit30=24.9
168.813,sweep,,,,,,,,,,,,,live=157800 free=33048 reachbit=1 bit30=24.9
169.066,sweep,,,,,,,,,,,,,live=157800 free=33048 reachbit=1 bit30=24.9
169.319,sweep,,,,,,,,,,,,,live=157800 free=33048 reachbit=1 bit30=24.9
169.572,sweep,,,,,,,,,,,,,live=157800 free=33048 reachbit=1 bit30=24.9
169.825,sweep,,,,,,,,,,,,,live=157800 free=33048 reachbit=1 bit30=24.9
170.079,sweep,,,,,,,,,,,,,live=157800 free=33048 reachbit=1 bit30=24.9
170.333,sweep,,,,,,,,,,,,,live=157800 free=33048 reachbit=1 bit30=24.9
170.586,sweep,,,,,,,,,,,,,live=157800 free=33048 reachbit=1 bit30=24.9
170.838,sweep,,,,,,,,,,,,,live=157800 free=33048 reachbit=1 bit30=24.9
171.092,sweep,,,,,,,,,,,,,live=157800 free=33048 reachbit=1 bit30=24.9
171.345,sweep,,,,,,,,,,,,,live=157800 free=33048 reachbit=1 bit30=24.9
171.597,sweep,,,,,,,,,,,,,live=157800 free=33048 reachbit=1 bit30=24.9
171.850,sweep,,,,,,,,,,,,,live=157800 free=33048 reachbit=1 bit30=24.9
172.102,sweep,,,,,,,,,,,,,live=157800 free=33048 reachbit=1 bit30=24.9
172.354,sweep,,,,,,,,,,,,,live=157800 free=33048 reachbit=1 bit30=24.9
172.606,sweep,,,,,,,,,,,,,live=157800 free=33048 reachbit=1 bit30=24.9
172.858,sweep,,,,,,,,,,,,,live=157800 free=33048 reachbit=1 bit30=24.9
173.110,sweep,,,,,,,,,,,,,live=157800 free=33048 reachbit=1 bit30=24.9
173.362,sweep,,,,,,,,,,,,,live=157800 free=33048 reachbit=1 bit30=24.9
173.616,sweep,,,,,,,,,,,,,live=157800 free=33048 reachbit=1 bit30=24.9
173.868,sweep,,,,,,,,,,,,,live=157800 free=33048 reachbit=1 bit30=24.9
174.120,sweep,,,,,,,,,,,,,live=157800 free=33048 reachbit=1 bit30=24.9
174.372,sweep,,,,,,,,,,,,,live=157800 free=33048 reachbit=1 bit30=24.9
174.625,sweep,,,,,,,,,,,,,live=157800 free=33048 reachbit=1 bit30=24.9
174.878,sweep,,,,,,,,,,,,,live=157800 free=33048 reachbit=1 bit30=24.9
175.130,sweep,,,,,,,,,,,,,live=158296 free=32552 reachbit=1 bit30=24.8
175.384,sweep,,,,,,,,,,,,,live=158304 free=32544 reachbit=1 bit30=24.8
175.636,sweep,,,,,,,,,,,,,live=158304 free=32544 reachbit=1 bit30=24.8
175.888,sweep,,,,,,,,,,,,,live=158304 free=32544 reachbit=1 bit30=24.8
176.139,sweep,,,,,,,,,,,,,live=158304 free=32544 reachbit=1 bit30=24.8
176.392,sweep,,,,,,,,,,,,,live=158304 free=32544 reachbit=1 bit30=24.8
176.644,sweep,,,,,,,,,,,,,live=158304 free=32544 reachbit=1 bit30=24.8
176.898,sweep,,,,,,,,,,,,,live=158304 free=32544 reachbit=1 bit30=24.8
177.152,sweep,,,,,,,,,,,,,live=158304 free=32544 reachbit=1 bit30=24.8
177.403,sweep,,,,,,,,,,,,,live=158344 free=32504 reachbit=1 bit30=24.8
177.656,sweep,,,,,,,,,,,,,live=158344 free=32504 reachbit=1 bit30=24.8
177.909,sweep,,,,,,,,,,,,,live=158344 free=32504 reachbit=1 bit30=24.8
178.161,sweep,,,,,,,,,,,,,live=158344 free=32504 reachbit=1 bit30=24.8
178.413,sweep,,,,,,,,,,,,,live=158344 free=32504 reachbit=1 bit30=24.8
178.667,sweep,,,,,,,,,,,,,live=158344 free=32504 reachbit=1 bit30=24.8
178.920,sweep,,,,,,,,,,,,,live=158344 free=32504 reachbit=1 bit30=24.8
179.173,sweep,,,,,,,,,,,,,live=158344 free=32504 reachbit=1 bit30=24.8
179.425,sweep,,,,,,,,,,,,,live=158344 free=32504 reachbit=1 bit30=24.8
179.678,sweep,,,,,,,,,,,,,live=158344 free=32504 reachbit=1 bit30=24.8
179.929,sweep,,,,,,,,,,,,,live=158344 free=32504 reachbit=1 bit30=24.8
180.184,sweep,,,,,,,,,,,,,live=158344 free=32504 reachbit=1 bit30=24.8
180.436,sweep,,,,,,,,,,,,,live=158344 free=32504 reachbit=0 bit30=24.8
180.688,sweep,,,,,,,,,,,,,live=158344 free=32504 reachbit=0 bit30=24.8
180.942,sweep,,,,,,,,,,,,,live=156640 free=34208 reachbit=0 bit30=25.1
181.195,sweep,,,,,,,,,,,,,live=151360 free=39488 reachbit=0 bit30=26.0
181.446,sweep,,,,,,,,,,,,,live=151360 free=39488 reachbit=0 bit30=26.0
181.699,sweep,,,,,,,,,,,,,live=151360 free=39488 reachbit=0 bit30=26.0
181.950,sweep,,,,,,,,,,,,,live=151360 free=39488 reachbit=0 bit30=26.0
182.204,sweep,,,,,,,,,,,,,live=151360 free=39488 reachbit=0 bit30=26.0
182.455,sweep,,,,,,,,,,,,,live=151360 free=39488 reachbit=0 bit30=26.0
182.708,sweep,,,,,,,,,,,,,live=151360 free=39488 reachbit=0 bit30=26.0
182.960,sweep,,,,,,,,,,,,,live=151360 free=39488 reachbit=0 bit30=26.0
183.213,sweep,,,,,,,,,,,,,live=151360 free=39488 reachbit=0 bit30=26.0
183.465,sweep,,,,,,,,,,,,,live=151360 free=39488 reachbit=0 bit30=26.0
183.717,sweep,,,,,,,,,,,,,live=151360 free=39488 reachbit=0 bit30=26.0
183.969,sweep,,,,,,,,,,,,,live=151360 free=39488 reachbit=0 bit30=26.0
184.221,sweep,,,,,,,,,,,,,live=151360 free=39488 reachbit=0 bit30=26.0
184.473,sweep,,,,,,,,,,,,,live=151360 free=39488 reachbit=0 bit30=26.0
184.724,sweep,,,,,,,,,,,,,live=151360 free=39488 reachbit=0 bit30=26.0
184.977,sweep,,,,,,,,,,,,,live=151360 free=39488 reachbit=0 bit30=26.0
185.230,sweep,,,,,,,,,,,,,live=151360 free=39488 reachbit=0 bit30=26.0
185.483,sweep,,,,,,,,,,,,,live=151360 free=39488 reachbit=0 bit30=26.0
185.735,sweep,,,,,,,,,,,,,live=151360 free=39488 reachbit=0 bit30=26.0
185.987,sweep,,,,,,,,,,,,,live=151360 free=39488 reachbit=0 bit30=26.0
186.239,sweep,,,,,,,,,,,,,live=151360 free=39488 reachbit=0 bit30=26.0
186.491,sweep,,,,,,,,,,,,,live=151360 free=39488 reachbit=0 bit30=26.0
186.745,sweep,,,,,,,,,,,,,live=151360 free=39488 reachbit=0 bit30=26.0
186.997,sweep,,,,,,,,,,,,,live=151360 free=39488 reachbit=0 bit30=26.0
187.250,sweep,,,,,,,,,,,,,live=151360 free=39488 reachbit=0 bit30=26.0
187.503,sweep,,,,,,,,,,,,,live=151360 free=39488 reachbit=0 bit30=26.0
187.755,sweep,,,,,,,,,,,,,live=151360 free=39488 reachbit=0 bit30=26.0
188.010,sweep,,,,,,,,,,,,,live=151360 free=39488 reachbit=0 bit30=26.0
188.263,sweep,,,,,,,,,,,,,live=151360 free=39488 reachbit=0 bit30=26.0
188.516,sweep,,,,,,,,,,,,,live=151360 free=39488 reachbit=0 bit30=26.0
188.769,sweep,,,,,,,,,,,,,live=151360 free=39488 reachbit=0 bit30=26.0
189.020,sweep,,,,,,,,,,,,,live=151360 free=39488 reachbit=0 bit30=26.0
189.274,sweep,,,,,,,,,,,,,live=151360 free=39488 reachbit=0 bit30=26.0
189.528,sweep,,,,,,,,,,,,,live=151360 free=39488 reachbit=0 bit30=26.0
189.780,sweep,,,,,,,,,,,,,live=151360 free=39488 reachbit=0 bit30=26.0
190.033,sweep,,,,,,,,,,,,,live=151360 free=39488 reachbit=0 bit30=26.0
190.286,sweep,,,,,,,,,,,,,live=151360 free=39488 reachbit=0 bit30=26.0
190.539,sweep,,,,,,,,,,,,,live=151360 free=39488 reachbit=0 bit30=26.0
190.792,sweep,,,,,,,,,,,,,live=151360 free=39488 reachbit=0 bit30=26.0
191.045,sweep,,,,,,,,,,,,,live=151360 free=39488 reachbit=0 bit30=26.0
191.297,sweep,,,,,,,,,,,,,live=151360 free=39488 reachbit=0 bit30=26.0
191.549,sweep,,,,,,,,,,,,,live=151360 free=39488 reachbit=0 bit30=26.0
191.801,sweep,,,,,,,,,,,,,live=151360 free=39488 reachbit=0 bit30=26.0
192.053,sweep,,,,,,,,,,,,,live=151360 free=39488 reachbit=0 bit30=26.0
192.307,sweep,,,,,,,,,,,,,live=151360 free=39488 reachbit=0 bit30=26.0
192.559,sweep,,,,,,,,,,,,,live=151360 free=39488 reachbit=0 bit30=26.0
192.812,sweep,,,,,,,,,,,,,live=151360 free=39488 reachbit=0 bit30=26.0
193.066,sweep,,,,,,,,,,,,,live=151360 free=39488 reachbit=0 bit30=26.0
193.319,sweep,,,,,,,,,,,,,live=151360 free=39488 reachbit=0 bit30=26.0
193.571,sweep,,,,,,,,,,,,,live=151360 free=39488 reachbit=0 bit30=26.0
193.823,sweep,,,,,,,,,,,,,live=151360 free=39488 reachbit=0 bit30=26.0
194.076,sweep,,,,,,,,,,,,,live=151360 free=39488 reachbit=0 bit30=26.0
194.328,sweep,,,,,,,,,,,,,live=151360 free=39488 reachbit=0 bit30=26.0
194.580,sweep,,,,,,,,,,,,,live=151360 free=39488 reachbit=0 bit30=26.0
194.833,sweep,,,,,,,,,,,,,live=151360 free=39488 reachbit=0 bit30=26.0
195.085,sweep,,,,,,,,,,,,,live=151360 free=39488 reachbit=0 bit30=26.0
195.336,sweep,,,,,,,,,,,,,live=151360 free=39488 reachbit=0 bit30=26.0
195.589,sweep,,,,,,,,,,,,,live=151360 free=39488 reachbit=0 bit30=26.0
195.841,sweep,,,,,,,,,,,,,live=151360 free=39488 reachbit=0 bit30=26.0
196.094,sweep,,,,,,,,,,,,,live=151360 free=39488 reachbit=0 bit30=26.0
196.346,sweep,,,,,,,,,,,,,live=151360 free=39488 reachbit=0 bit30=26.0
196.598,sweep,,,,,,,,,,,,,live=151360 free=39488 reachbit=0 bit30=26.0
196.850,sweep,,,,,,,,,,,,,live=151360 free=39488 reachbit=0 bit30=26.0
197.102,sweep,,,,,,,,,,,,,live=151360 free=39488 reachbit=0 bit30=26.0
197.355,sweep,,,,,,,,,,,,,live=151360 free=39488 reachbit=0 bit30=26.0
197.607,sweep,,,,,,,,,,,,,live=151360 free=39488 reachbit=0 bit30=26.0
197.859,sweep,,,,,,,,,,,,,live=151360 free=39488 reachbit=0 bit30=26.0
198.112,sweep,,,,,,,,,,,,,live=151360 free=39488 reachbit=0 bit30=26.0
198.364,sweep,,,,,,,,,,,,,live=151360 free=39488 reachbit=0 bit30=26.0
198.617,sweep,,,,,,,,,,,,,live=151360 free=39488 reachbit=0 bit30=26.0
198.869,sweep,,,,,,,,,,,,,live=151360 free=39488 reachbit=0 bit30=26.0
199.122,sweep,,,,,,,,,,,,,live=151360 free=39488 reachbit=0 bit30=26.0
199.376,sweep,,,,,,,,,,,,,live=151360 free=39488 reachbit=0 bit30=26.0
199.629,sweep,,,,,,,,,,,,,live=151360 free=39488 reachbit=0 bit30=26.0
199.882,sweep,,,,,,,,,,,,,live=151360 free=39488 reachbit=0 bit30=26.0
200.135,sweep,,,,,,,,,,,,,live=151360 free=39488 reachbit=0 bit30=26.0
200.391,sweep,,,,,,,,,,,,,live=151360 free=39488 reachbit=0 bit30=26.0
200.645,sweep,,,,,,,,,,,,,live=151360 free=39488 reachbit=0 bit30=26.0
200.898,sweep,,,,,,,,,,,,,live=151360 free=39488 reachbit=0 bit30=26.0
201.152,sweep,,,,,,,,,,,,,live=151360 free=39488 reachbit=0 bit30=26.0
201.403,sweep,,,,,,,,,,,,,live=151360 free=39488 reachbit=0 bit30=26.0
201.656,sweep,,,,,,,,,,,,,live=151360 free=39488 reachbit=0 bit30=26.0
201.909,sweep,,,,,,,,,,,,,live=151360 free=39488 reachbit=0 bit30=26.0
202.162,sweep,,,,,,,,,,,,,live=151360 free=39488 reachbit=0 bit30=26.0
202.415,sweep,,,,,,,,,,,,,live=151360 free=39488 reachbit=0 bit30=26.0
202.667,sweep,,,,,,,,,,,,,live=151360 free=39488 reachbit=0 bit30=26.0
202.919,sweep,,,,,,,,,,,,,live=151360 free=39488 reachbit=0 bit30=26.0
203.170,sweep,,,,,,,,,,,,,live=151360 free=39488 reachbit=0 bit30=26.0
203.423,sweep,,,,,,,,,,,,,live=151360 free=39488 reachbit=0 bit30=26.0
203.675,sweep,,,,,,,,,,,,,live=151360 free=39488 reachbit=0 bit30=26.0
203.927,sweep,,,,,,,,,,,,,live=151360 free=39488 reachbit=0 bit30=26.0
204.179,sweep,,,,,,,,,,,,,live=151360 free=39488 reachbit=0 bit30=26.0
204.432,sweep,,,,,,,,,,,,,live=151360 free=39488 reachbit=0 bit30=26.0
204.685,sweep,,,,,,,,,,,,,live=151360 free=39488 reachbit=0 bit30=26.0
204.939,sweep,,,,,,,,,,,,,live=151360 free=39488 reachbit=0 bit30=26.0
205.191,sweep,,,,,,,,,,,,,live=151360 free=39488 reachbit=0 bit30=26.0
205.444,sweep,,,,,,,,,,,,,live=151360 free=39488 reachbit=0 bit30=26.0
205.697,sweep,,,,,,,,,,,,,live=151360 free=39488 reachbit=0 bit30=26.0
205.949,sweep,,,,,,,,,,,,,live=151360 free=39488 reachbit=0 bit30=26.0
206.202,sweep,,,,,,,,,,,,,live=151360 free=39488 reachbit=0 bit30=26.0
206.455,sweep,,,,,,,,,,,,,live=151360 free=39488 reachbit=0 bit30=26.0
206.707,sweep,,,,,,,,,,,,,live=151360 free=39488 reachbit=0 bit30=26.0
206.959,sweep,,,,,,,,,,,,,live=151360 free=39488 reachbit=0 bit30=26.0
207.212,sweep,,,,,,,,,,,,,live=151360 free=39488 reachbit=0 bit30=26.0
207.465,sweep,,,,,,,,,,,,,live=151360 free=39488 reachbit=0 bit30=26.0
207.718,sweep,,,,,,,,,,,,,live=151360 free=39488 reachbit=0 bit30=26.0
207.970,sweep,,,,,,,,,,,,,live=151360 free=39488 reachbit=0 bit30=26.0
208.223,sweep,,,,,,,,,,,,,live=151360 free=39488 reachbit=0 bit30=26.0
208.475,sweep,,,,,,,,,,,,,live=151360 free=39488 reachbit=0 bit30=26.0
208.727,sweep,,,,,,,,,,,,,live=151360 free=39488 reachbit=0 bit30=26.0
208.980,sweep,,,,,,,,,,,,,live=151360 free=39488 reachbit=0 bit30=26.0
209.233,sweep,,,,,,,,,,,,,live=151360 free=39488 reachbit=0 bit30=26.0
209.485,sweep,,,,,,,,,,,,,live=151360 free=39488 reachbit=0 bit30=26.0
209.738,sweep,,,,,,,,,,,,,live=151360 free=39488 reachbit=0 bit30=26.0
209.990,sweep,,,,,,,,,,,,,live=151360 free=39488 reachbit=0 bit30=26.0
210.243,sweep,,,,,,,,,,,,,live=151360 free=39488 reachbit=0 bit30=26.0
210.496,sweep,,,,,,,,,,,,,live=151360 free=39488 reachbit=0 bit30=26.0
210.749,sweep,,,,,,,,,,,,,live=151360 free=39488 reachbit=0 bit30=26.0
211.001,sweep,,,,,,,,,,,,,live=151360 free=39488 reachbit=0 bit30=26.0
211.253,sweep,,,,,,,,,,,,,live=151360 free=39488 reachbit=0 bit30=26.0
211.506,sweep,,,,,,,,,,,,,live=151360 free=39488 reachbit=0 bit30=26.0
211.758,sweep,,,,,,,,,,,,,live=151360 free=39488 reachbit=0 bit30=26.0
212.010,sweep,,,,,,,,,,,,,live=151360 free=39488 reachbit=0 bit30=26.0
212.262,sweep,,,,,,,,,,,,,live=151360 free=39488 reachbit=0 bit30=26.0
212.514,sweep,,,,,,,,,,,,,live=151360 free=39488 reachbit=0 bit30=26.0
212.768,sweep,,,,,,,,,,,,,live=151360 free=39488 reachbit=0 bit30=26.0
213.020,sweep,,,,,,,,,,,,,live=151360 free=39488 reachbit=0 bit30=26.0
213.273,sweep,,,,,,,,,,,,,live=151360 free=39488 reachbit=0 bit30=26.0
213.524,sweep,,,,,,,,,,,,,live=151360 free=39488 reachbit=0 bit30=26.0
213.777,sweep,,,,,,,,,,,,,live=151360 free=39488 reachbit=0 bit30=26.0
214.029,sweep,,,,,,,,,,,,,live=151360 free=39488 reachbit=0 bit30=26.0
214.282,sweep,,,,,,,,,,,,,live=151360 free=39488 reachbit=0 bit30=26.0
214.534,sweep,,,,,,,,,,,,,live=151360 free=39488 reachbit=0 bit30=26.0
214.787,sweep,,,,,,,,,,,,,live=151360 free=39488 reachbit=0 bit30=26.0
215.039,sweep,,,,,,,,,,,,,live=151360 free=39488 reachbit=0 bit30=26.0
215.291,sweep,,,,,,,,,,,,,live=151360 free=39488 reachbit=0 bit30=26.0
215.543,sweep,,,,,,,,,,,,,live=151360 free=39488 reachbit=0 bit30=26.0
215.795,sweep,,,,,,,,,,,,,live=151360 free=39488 reachbit=0 bit30=26.0
216.047,sweep,,,,,,,,,,,,,live=151360 free=39488 reachbit=0 bit30=26.0
216.300,sweep,,,,,,,,,,,,,live=151360 free=39488 reachbit=0 bit30=26.0
216.552,sweep,,,,,,,,,,,,,live=151360 free=39488 reachbit=0 bit30=26.0
216.804,sweep,,,,,,,,,,,,,live=151360 free=39488 reachbit=0 bit30=26.0
217.057,sweep,,,,,,,,,,,,,live=151360 free=39488 reachbit=0 bit30=26.0
217.310,sweep,,,,,,,,,,,,,live=151360 free=39488 reachbit=0 bit30=26.0
217.563,sweep,,,,,,,,,,,,,live=151360 free=39488 reachbit=0 bit30=26.0
217.815,sweep,,,,,,,,,,,,,live=151360 free=39488 reachbit=0 bit30=26.0
218.066,sweep,,,,,,,,,,,,,live=151360 free=39488 reachbit=0 bit30=26.0
218.319,sweep,,,,,,,,,,,,,live=151360 free=39488 reachbit=0 bit30=26.0
218.572,sweep,,,,,,,,,,,,,live=151360 free=39488 reachbit=0 bit30=26.0
218.824,sweep,,,,,,,,,,,,,live=151360 free=39488 reachbit=0 bit30=26.0
219.077,sweep,,,,,,,,,,,,,live=151360 free=39488 reachbit=0 bit30=26.0
219.330,sweep,,,,,,,,,,,,,live=151360 free=39488 reachbit=0 bit30=26.0
219.583,sweep,,,,,,,,,,,,,live=151360 free=39488 reachbit=0 bit30=26.0
219.834,sweep,,,,,,,,,,,,,live=151360 free=39488 reachbit=0 bit30=26.0
220.088,sweep,,,,,,,,,,,,,live=151360 free=39488 reachbit=0 bit30=26.0
220.342,sweep,,,,,,,,,,,,,live=151360 free=39488 reachbit=0 bit30=26.0
220.599,sweep,,,,,,,,,,,,,live=151360 free=39488 reachbit=0 bit30=26.0
220.850,sweep,,,,,,,,,,,,,live=151360 free=39488 reachbit=0 bit30=26.0
221.103,sweep,,,,,,,,,,,,,live=151360 free=39488 reachbit=0 bit30=26.0
221.356,sweep,,,,,,,,,,,,,live=151360 free=39488 reachbit=0 bit30=26.0
221.608,sweep,,,,,,,,,,,,,live=151360 free=39488 reachbit=0 bit30=26.0
221.861,sweep,,,,,,,,,,,,,live=151360 free=39488 reachbit=0 bit30=26.0
222.113,sweep,,,,,,,,,,,,,live=151360 free=39488 reachbit=0 bit30=26.0
222.365,sweep,,,,,,,,,,,,,live=151360 free=39488 reachbit=0 bit30=26.0
222.617,sweep,,,,,,,,,,,,,live=151360 free=39488 reachbit=0 bit30=26.0
222.869,sweep,,,,,,,,,,,,,live=151360 free=39488 reachbit=0 bit30=26.0
223.121,sweep,,,,,,,,,,,,,live=151360 free=39488 reachbit=0 bit30=26.0
223.374,sweep,,,,,,,,,,,,,live=151360 free=39488 reachbit=0 bit30=26.0
223.626,sweep,,,,,,,,,,,,,live=151360 free=39488 reachbit=0 bit30=26.0
223.879,sweep,,,,,,,,,,,,,live=151360 free=39488 reachbit=0 bit30=26.0
224.133,sweep,,,,,,,,,,,,,live=151360 free=39488 reachbit=0 bit30=26.0
224.386,sweep,,,,,,,,,,,,,live=151360 free=39488 reachbit=0 bit30=26.0
224.639,sweep,,,,,,,,,,,,,live=151360 free=39488 reachbit=0 bit30=26.0
224.892,sweep,,,,,,,,,,,,,live=151360 free=39488 reachbit=0 bit30=26.0
225.145,sweep,,,,,,,,,,,,,live=151360 free=39488 reachbit=0 bit30=26.0
225.398,sweep,,,,,,,,,,,,,live=151384 free=39464 reachbit=0 bit30=26.0
225.694,sweep,,,,,,,,,,,,,live=151384 free=39464 reachbit=0 bit30=26.0
225.947,sweep,,,,,,,,,,,,,live=151384 free=39464 reachbit=0 bit30=26.0
226.199,sweep,,,,,,,,,,,,,live=151384 free=39464 reachbit=0 bit30=26.0
226.350,target,BlueprintGeneratedClass/BP_Ronin_DefaultSKMeshComponent_C#189889,189889,0x1DE3990EC50,40000001,0,63942,0x7FF6895A2EC8,00280009,189889,0x1DC78529980,983742,1,
226.450,sweep,,,,,,,,,,,,,live=151392 free=39456 reachbit=0 bit30=26.0
226.705,sweep,,,,,,,,,,,,,live=151392 free=39456 reachbit=0 bit30=26.0
226.958,sweep,,,,,,,,,,,,,live=151392 free=39456 reachbit=0 bit30=26.0
227.211,sweep,,,,,,,,,,,,,live=151392 free=39456 reachbit=0 bit30=26.0
227.464,sweep,,,,,,,,,,,,,live=151392 free=39456 reachbit=0 bit30=26.0
227.717,sweep,,,,,,,,,,,,,live=151392 free=39456 reachbit=0 bit30=26.0
227.968,sweep,,,,,,,,,,,,,live=151392 free=39456 reachbit=0 bit30=26.0
228.219,sweep,,,,,,,,,,,,,live=151392 free=39456 reachbit=0 bit30=26.0
228.472,target,BP_Ronin_DefaultSKMeshComponent_C/BP_Ronin_DefaultSKMeshComponent_C#189875,189875,0x1DCEBB189E0,40000001,0,63944,0x7FF689603C88,00000000,189875,0x1DE3990EC50,983742,1,
228.472,sweep,,,,,,,,,,,,,live=151392 free=39456 reachbit=0 bit30=26.0
228.726,sweep,,,,,,,,,,,,,live=151392 free=39456 reachbit=0 bit30=26.0
228.978,sweep,,,,,,,,,,,,,live=151392 free=39456 reachbit=0 bit30=26.0
229.230,sweep,,,,,,,,,,,,,live=151392 free=39456 reachbit=0 bit30=26.0
229.483,sweep,,,,,,,,,,,,,live=151392 free=39456 reachbit=0 bit30=26.0
229.736,sweep,,,,,,,,,,,,,live=151392 free=39456 reachbit=0 bit30=26.0
229.989,sweep,,,,,,,,,,,,,live=151392 free=39456 reachbit=0 bit30=26.0
230.241,sweep,,,,,,,,,,,,,live=151392 free=39456 reachbit=0 bit30=26.0
230.495,sweep,,,,,,,,,,,,,live=151392 free=39456 reachbit=0 bit30=26.0
230.746,sweep,,,,,,,,,,,,,live=151392 free=39456 reachbit=0 bit30=26.0
230.999,sweep,,,,,,,,,,,,,live=151392 free=39456 reachbit=0 bit30=26.0
231.251,sweep,,,,,,,,,,,,,live=151392 free=39456 reachbit=0 bit30=26.0
231.503,sweep,,,,,,,,,,,,,live=151392 free=39456 reachbit=0 bit30=26.0
231.756,sweep,,,,,,,,,,,,,live=151392 free=39456 reachbit=0 bit30=26.0
232.011,sweep,,,,,,,,,,,,,live=151392 free=39456 reachbit=0 bit30=26.0
232.263,sweep,,,,,,,,,,,,,live=151392 free=39456 reachbit=0 bit30=26.0
232.515,sweep,,,,,,,,,,,,,live=151392 free=39456 reachbit=0 bit30=26.0
232.767,sweep,,,,,,,,,,,,,live=151392 free=39456 reachbit=0 bit30=26.0
233.020,sweep,,,,,,,,,,,,,live=151392 free=39456 reachbit=0 bit30=26.0
233.273,sweep,,,,,,,,,,,,,live=151392 free=39456 reachbit=0 bit30=26.0
233.526,sweep,,,,,,,,,,,,,live=151392 free=39456 reachbit=0 bit30=26.0
233.780,sweep,,,,,,,,,,,,,live=151392 free=39456 reachbit=0 bit30=26.0
234.033,sweep,,,,,,,,,,,,,live=151392 free=39456 reachbit=0 bit30=26.0
234.287,sweep,,,,,,,,,,,,,live=151392 free=39456 reachbit=0 bit30=26.0
234.539,sweep,,,,,,,,,,,,,live=151392 free=39456 reachbit=0 bit30=26.0
234.792,sweep,,,,,,,,,,,,,live=151392 free=39456 reachbit=0 bit30=26.0
235.044,sweep,,,,,,,,,,,,,live=151392 free=39456 reachbit=0 bit30=26.0
235.297,sweep,,,,,,,,,,,,,live=151392 free=39456 reachbit=0 bit30=26.0
235.550,sweep,,,,,,,,,,,,,live=151392 free=39456 reachbit=0 bit30=26.0
235.803,sweep,,,,,,,,,,,,,live=151392 free=39456 reachbit=0 bit30=26.0
236.056,sweep,,,,,,,,,,,,,live=151392 free=39456 reachbit=0 bit30=26.0
236.308,sweep,,,,,,,,,,,,,live=151392 free=39456 reachbit=0 bit30=26.0
236.563,sweep,,,,,,,,,,,,,live=151392 free=39456 reachbit=0 bit30=26.0
236.816,sweep,,,,,,,,,,,,,live=151392 free=39456 reachbit=0 bit30=26.0
237.067,sweep,,,,,,,,,,,,,live=151392 free=39456 reachbit=0 bit30=26.0
237.318,sweep,,,,,,,,,,,,,live=151392 free=39456 reachbit=0 bit30=26.0
237.571,sweep,,,,,,,,,,,,,live=151392 free=39456 reachbit=0 bit30=26.0
237.824,sweep,,,,,,,,,,,,,live=151400 free=39448 reachbit=0 bit30=26.0
238.076,sweep,,,,,,,,,,,,,live=151400 free=39448 reachbit=0 bit30=26.0
238.329,sweep,,,,,,,,,,,,,live=151400 free=39448 reachbit=0 bit30=26.0
238.581,sweep,,,,,,,,,,,,,live=151400 free=39448 reachbit=0 bit30=26.0
238.732,target,AnimSequence/A_Ronin_Movement_OutOfCombat_N#189822,189822,0x1DD63D3DC00,40000001,0,63959,0x7FF689560680,0028000B,189822,0x1DC78628D00,2065434,1,
238.833,sweep,,,,,,,,,,,,,live=151408 free=39440 reachbit=0 bit30=26.0
239.093,sweep,,,,,,,,,,,,,live=151408 free=39440 reachbit=0 bit30=26.0
239.347,sweep,,,,,,,,,,,,,live=151408 free=39440 reachbit=0 bit30=26.0
239.599,sweep,,,,,,,,,,,,,live=151408 free=39440 reachbit=0 bit30=26.0
239.852,sweep,,,,,,,,,,,,,live=151408 free=39440 reachbit=0 bit30=26.0
240.104,sweep,,,,,,,,,,,,,live=151408 free=39440 reachbit=0 bit30=26.0
240.356,sweep,,,,,,,,,,,,,live=151408 free=39440 reachbit=0 bit30=26.0
240.609,sweep,,,,,,,,,,,,,live=151408 free=39440 reachbit=0 bit30=26.0
240.861,sweep,,,,,,,,,,,,,live=151408 free=39440 reachbit=0 bit30=26.0
241.114,sweep,,,,,,,,,,,,,live=151408 free=39440 reachbit=0 bit30=26.0
241.366,sweep,,,,,,,,,,,,,live=151408 free=39440 reachbit=0 bit30=26.0
241.619,target,BlueprintGeneratedClass/BP_Ronin_DefaultSKMeshComponent_C#189889,189889,0x1DE3990EC50,40000004,0,63942,0x7FF6895A2EC8,00280009,189889,0x1DC78529980,983742,1,
241.619,target,BP_Ronin_DefaultSKMeshComponent_C/BP_Ronin_DefaultSKMeshComponent_C#189875,189875,0x1DCEBB189E0,40000004,0,63944,0x7FF689603C88,00000000,189875,0x1DE3990EC50,983742,1,
241.619,target,AnimSequence/A_Ronin_Cosmetic_HeroSelect_Breathe#189848,189848,0x1DCE6F92000,40000004,0,63957,0x7FF689560680,0028000B,189848,0x1DC78628D00,2283591,1,
241.619,target,AnimSingleNodeInstance/AnimSingleNodeInstance#189852,189852,0x1DDF1E5E080,40000004,0,0,0x7FF6895707D8,00000040,189852,0x1DC78628800,200493,1,
241.619,sweep,,,,,,,,,,,,,live=151408 free=39440 reachbit=2 bit30=26.0
241.871,sweep,,,,,,,,,,,,,live=151408 free=39440 reachbit=2 bit30=26.0
242.123,sweep,,,,,,,,,,,,,live=151408 free=39440 reachbit=2 bit30=26.0
242.376,sweep,,,,,,,,,,,,,live=151408 free=39440 reachbit=2 bit30=26.0
242.628,sweep,,,,,,,,,,,,,live=151408 free=39440 reachbit=2 bit30=26.0
242.881,sweep,,,,,,,,,,,,,live=151408 free=39440 reachbit=2 bit30=26.0
243.133,sweep,,,,,,,,,,,,,live=151408 free=39440 reachbit=2 bit30=26.0
243.386,sweep,,,,,,,,,,,,,live=151408 free=39440 reachbit=2 bit30=26.0
243.638,sweep,,,,,,,,,,,,,live=151408 free=39440 reachbit=2 bit30=26.0
243.891,sweep,,,,,,,,,,,,,live=151408 free=39440 reachbit=2 bit30=26.0
244.144,sweep,,,,,,,,,,,,,live=151408 free=39440 reachbit=2 bit30=26.0
244.194,target,AnimSingleNodeInstance/AnimSingleNodeInstance#189873,189873,0x1DDF292C100,40000001,0,0,0x7FF6895707D8,00008040,189873,0x1DC78628800,0,0,
244.194,target,AnimSequence/A_Ronin_Movement_OutOfCombat_N#189822,189822,0x1DD63D3DC00,40000001,0,63959,0x7FF689560680,0028800B,189822,0x1DC78628D00,0,0,
244.397,target,AnimSequence/A_Ronin_Movement_OutOfCombat_N#189822,189822,0x1DD63D3DC00,40000001,0,0,0x7FF689560680,0029800B,189822,0x1DC78628D00,0,0,
244.397,sweep,,,,,,,,,,,,,live=151160 free=39688 reachbit=2 bit30=26.0
244.649,sweep,,,,,,,,,,,,,live=149664 free=41184 reachbit=2 bit30=26.3
244.902,sweep,,,,,,,,,,,,,live=147320 free=43528 reachbit=2 bit30=26.7
244.953,target,AnimSingleNodeInstance/AnimSingleNodeInstance#189873,189873,0x0,00000000,0,0,0x1DCE5D00BE0,00000000,189873,0x1DC78628800,0,0,
244.953,target,AnimSequence/A_Ronin_Movement_OutOfCombat_N#189822,189822,0x0,00000000,0,0,0x1DE39155A00,00000000,189822,0x1DC78628D00,0,0,
245.155,sweep,,,,,,,,,,,,,live=147256 free=43592 reachbit=2 bit30=26.7
245.407,sweep,,,,,,,,,,,,,live=147256 free=43592 reachbit=2 bit30=26.7
245.659,sweep,,,,,,,,,,,,,live=147256 free=43592 reachbit=2 bit30=26.7
245.911,sweep,,,,,,,,,,,,,live=147256 free=43592 reachbit=2 bit30=26.7
246.163,sweep,,,,,,,,,,,,,live=147256 free=43592 reachbit=2 bit30=26.7
246.415,sweep,,,,,,,,,,,,,live=147256 free=43592 reachbit=2 bit30=26.7
246.667,sweep,,,,,,,,,,,,,live=147256 free=43592 reachbit=2 bit30=26.7
246.919,sweep,,,,,,,,,,,,,live=147256 free=43592 reachbit=2 bit30=26.7
247.172,sweep,,,,,,,,,,,,,live=147256 free=43592 reachbit=2 bit30=26.7
247.425,sweep,,,,,,,,,,,,,live=147256 free=43592 reachbit=2 bit30=26.7
247.678,sweep,,,,,,,,,,,,,live=147256 free=43592 reachbit=2 bit30=26.7
247.929,sweep,,,,,,,,,,,,,live=147256 free=43592 reachbit=2 bit30=26.7
248.182,sweep,,,,,,,,,,,,,live=147256 free=43592 reachbit=2 bit30=26.7
248.435,sweep,,,,,,,,,,,,,live=147256 free=43592 reachbit=2 bit30=26.7
248.688,sweep,,,,,,,,,,,,,live=147256 free=43592 reachbit=2 bit30=26.7
248.940,sweep,,,,,,,,,,,,,live=147256 free=43592 reachbit=2 bit30=26.7
249.192,sweep,,,,,,,,,,,,,live=147256 free=43592 reachbit=2 bit30=26.7
249.444,sweep,,,,,,,,,,,,,live=147256 free=43592 reachbit=2 bit30=26.7
249.697,sweep,,,,,,,,,,,,,live=147256 free=43592 reachbit=2 bit30=26.7
249.949,sweep,,,,,,,,,,,,,live=147256 free=43592 reachbit=2 bit30=26.7
250.199,sweep,,,,,,,,,,,,,live=147256 free=43592 reachbit=2 bit30=26.7
250.451,sweep,,,,,,,,,,,,,live=147256 free=43592 reachbit=2 bit30=26.7
250.704,sweep,,,,,,,,,,,,,live=147256 free=43592 reachbit=2 bit30=26.7
250.957,sweep,,,,,,,,,,,,,live=147256 free=43592 reachbit=2 bit30=26.7
251.210,sweep,,,,,,,,,,,,,live=147256 free=43592 reachbit=2 bit30=26.7
251.463,sweep,,,,,,,,,,,,,live=147256 free=43592 reachbit=2 bit30=26.7
251.716,sweep,,,,,,,,,,,,,live=147256 free=43592 reachbit=2 bit30=26.7
251.968,sweep,,,,,,,,,,,,,live=147256 free=43592 reachbit=2 bit30=26.7
252.220,sweep,,,,,,,,,,,,,live=147256 free=43592 reachbit=2 bit30=26.7
252.472,sweep,,,,,,,,,,,,,live=147256 free=43592 reachbit=2 bit30=26.7
252.726,sweep,,,,,,,,,,,,,live=147256 free=43592 reachbit=2 bit30=26.7
252.977,sweep,,,,,,,,,,,,,live=147256 free=43592 reachbit=2 bit30=26.7
253.232,sweep,,,,,,,,,,,,,live=147256 free=43592 reachbit=2 bit30=26.7
253.486,sweep,,,,,,,,,,,,,live=147256 free=43592 reachbit=2 bit30=26.7
253.738,sweep,,,,,,,,,,,,,live=147256 free=43592 reachbit=2 bit30=26.7
253.992,sweep,,,,,,,,,,,,,live=147256 free=43592 reachbit=2 bit30=26.7
254.245,sweep,,,,,,,,,,,,,live=147256 free=43592 reachbit=2 bit30=26.7
254.499,sweep,,,,,,,,,,,,,live=147256 free=43592 reachbit=2 bit30=26.7
254.751,sweep,,,,,,,,,,,,,live=147256 free=43592 reachbit=2 bit30=26.7
255.004,sweep,,,,,,,,,,,,,live=147256 free=43592 reachbit=2 bit30=26.7
255.257,sweep,,,,,,,,,,,,,live=147256 free=43592 reachbit=2 bit30=26.7
255.509,target,AnimSingleNodeInstance/AnimSingleNodeInstance#189873,189873,0x1DCF5DBC020,00000004,0,64163,0x1E31503F0,000001DD,2084738516,0xC0AF99E99A9445C0,1,0,
255.509,sweep,,,,,,,,,,,,,live=147256 free=43592 reachbit=2 bit30=26.7
255.560,target,AnimSequence/A_Ronin_Movement_OutOfCombat_N#189822,189822,0x1DCF5DBA4C0,00000004,0,64167,0x1DE39155A00,00000000,0,0x4,29885440,0,
255.762,sweep,,,,,,,,,,,,,live=147256 free=43592 reachbit=2 bit30=26.7
256.015,sweep,,,,,,,,,,,,,live=147256 free=43592 reachbit=2 bit30=26.7
256.268,sweep,,,,,,,,,,,,,live=147256 free=43592 reachbit=2 bit30=26.7
256.520,sweep,,,,,,,,,,,,,live=147264 free=43584 reachbit=2 bit30=26.7
256.772,sweep,,,,,,,,,,,,,live=147264 free=43584 reachbit=2 bit30=26.7
257.024,sweep,,,,,,,,,,,,,live=147264 free=43584 reachbit=2 bit30=26.7
257.279,sweep,,,,,,,,,,,,,live=147264 free=43584 reachbit=2 bit30=26.7
257.531,sweep,,,,,,,,,,,,,live=147264 free=43584 reachbit=2 bit30=26.7
257.784,sweep,,,,,,,,,,,,,live=147264 free=43584 reachbit=2 bit30=26.7
258.038,sweep,,,,,,,,,,,,,live=147264 free=43584 reachbit=2 bit30=26.7
258.291,sweep,,,,,,,,,,,,,live=147264 free=43584 reachbit=2 bit30=26.7
258.543,sweep,,,,,,,,,,,,,live=147264 free=43584 reachbit=2 bit30=26.7
258.796,sweep,,,,,,,,,,,,,live=147264 free=43584 reachbit=2 bit30=26.7
259.049,sweep,,,,,,,,,,,,,live=147264 free=43584 reachbit=2 bit30=26.7
259.302,sweep,,,,,,,,,,,,,live=147264 free=43584 reachbit=2 bit30=26.7
259.557,sweep,,,,,,,,,,,,,live=147264 free=43584 reachbit=2 bit30=26.7
259.809,sweep,,,,,,,,,,,,,live=147312 free=43536 reachbit=2 bit30=26.7
260.063,sweep,,,,,,,,,,,,,live=147312 free=43536 reachbit=2 bit30=26.7
260.315,sweep,,,,,,,,,,,,,live=147312 free=43536 reachbit=2 bit30=26.7
260.576,sweep,,,,,,,,,,,,,live=147312 free=43536 reachbit=2 bit30=26.7
260.830,sweep,,,,,,,,,,,,,live=147312 free=43536 reachbit=2 bit30=26.7
261.085,sweep,,,,,,,,,,,,,live=147312 free=43536 reachbit=2 bit30=26.7
261.337,sweep,,,,,,,,,,,,,live=147312 free=43536 reachbit=2 bit30=26.7
261.591,sweep,,,,,,,,,,,,,live=147312 free=43536 reachbit=2 bit30=26.7
261.844,sweep,,,,,,,,,,,,,live=147312 free=43536 reachbit=2 bit30=26.7
262.098,sweep,,,,,,,,,,,,,live=147328 free=43520 reachbit=2 bit30=26.7
262.350,sweep,,,,,,,,,,,,,live=147376 free=43472 reachbit=2 bit30=26.7
262.602,sweep,,,,,,,,,,,,,live=147376 free=43472 reachbit=2 bit30=26.7
262.855,sweep,,,,,,,,,,,,,live=147408 free=43440 reachbit=2 bit30=26.7
263.107,sweep,,,,,,,,,,,,,live=149000 free=41848 reachbit=2 bit30=26.4
263.359,sweep,,,,,,,,,,,,,live=149016 free=41832 reachbit=2 bit30=26.4
263.613,sweep,,,,,,,,,,,,,live=149032 free=41816 reachbit=2 bit30=26.4
263.866,sweep,,,,,,,,,,,,,live=149032 free=41816 reachbit=2 bit30=26.4
264.118,sweep,,,,,,,,,,,,,live=149032 free=41816 reachbit=2 bit30=26.4
264.371,sweep,,,,,,,,,,,,,live=149032 free=41816 reachbit=2 bit30=26.4
264.624,sweep,,,,,,,,,,,,,live=149032 free=41816 reachbit=2 bit30=26.4
264.875,sweep,,,,,,,,,,,,,live=149032 free=41816 reachbit=2 bit30=26.4
265.126,sweep,,,,,,,,,,,,,live=149032 free=41816 reachbit=2 bit30=26.4
265.379,sweep,,,,,,,,,,,,,live=149032 free=41816 reachbit=2 bit30=26.4
265.631,sweep,,,,,,,,,,,,,live=149032 free=41816 reachbit=2 bit30=26.4
265.883,sweep,,,,,,,,,,,,,live=149032 free=41816 reachbit=2 bit30=26.4
266.136,sweep,,,,,,,,,,,,,live=149032 free=41816 reachbit=2 bit30=26.4
266.389,sweep,,,,,,,,,,,,,live=149032 free=41816 reachbit=2 bit30=26.4
266.643,sweep,,,,,,,,,,,,,live=149032 free=41816 reachbit=2 bit30=26.4
266.896,sweep,,,,,,,,,,,,,live=149032 free=41816 reachbit=2 bit30=26.4
267.148,sweep,,,,,,,,,,,,,live=149032 free=41816 reachbit=2 bit30=26.4
267.400,sweep,,,,,,,,,,,,,live=149032 free=41816 reachbit=2 bit30=26.4
267.652,sweep,,,,,,,,,,,,,live=149032 free=41816 reachbit=2 bit30=26.4
267.905,sweep,,,,,,,,,,,,,live=149032 free=41816 reachbit=2 bit30=26.4
268.157,sweep,,,,,,,,,,,,,live=149032 free=41816 reachbit=2 bit30=26.4
268.409,sweep,,,,,,,,,,,,,live=149032 free=41816 reachbit=2 bit30=26.4
268.663,sweep,,,,,,,,,,,,,live=149032 free=41816 reachbit=2 bit30=26.4
268.915,sweep,,,,,,,,,,,,,live=149032 free=41816 reachbit=2 bit30=26.4
269.168,sweep,,,,,,,,,,,,,live=149032 free=41816 reachbit=2 bit30=26.4
269.421,sweep,,,,,,,,,,,,,live=149032 free=41816 reachbit=2 bit30=26.4
269.674,sweep,,,,,,,,,,,,,live=149032 free=41816 reachbit=2 bit30=26.4
269.928,sweep,,,,,,,,,,,,,live=149032 free=41816 reachbit=2 bit30=26.4
270.179,sweep,,,,,,,,,,,,,live=149032 free=41816 reachbit=2 bit30=26.4
270.431,sweep,,,,,,,,,,,,,live=149032 free=41816 reachbit=2 bit30=26.4
270.684,sweep,,,,,,,,,,,,,live=149032 free=41816 reachbit=2 bit30=26.4
270.936,sweep,,,,,,,,,,,,,live=149032 free=41816 reachbit=2 bit30=26.4
271.188,sweep,,,,,,,,,,,,,live=149032 free=41816 reachbit=2 bit30=26.4
271.441,sweep,,,,,,,,,,,,,live=149032 free=41816 reachbit=2 bit30=26.4
271.694,sweep,,,,,,,,,,,,,live=149032 free=41816 reachbit=2 bit30=26.4
271.946,sweep,,,,,,,,,,,,,live=149032 free=41816 reachbit=2 bit30=26.4
272.199,sweep,,,,,,,,,,,,,live=149032 free=41816 reachbit=2 bit30=26.4
272.451,sweep,,,,,,,,,,,,,live=149032 free=41816 reachbit=2 bit30=26.4
272.704,sweep,,,,,,,,,,,,,live=149032 free=41816 reachbit=2 bit30=26.4
272.957,sweep,,,,,,,,,,,,,live=149032 free=41816 reachbit=2 bit30=26.4
273.209,sweep,,,,,,,,,,,,,live=149032 free=41816 reachbit=2 bit30=26.4
273.462,sweep,,,,,,,,,,,,,live=149032 free=41816 reachbit=2 bit30=26.4
273.716,sweep,,,,,,,,,,,,,live=149032 free=41816 reachbit=2 bit30=26.4
273.970,sweep,,,,,,,,,,,,,live=149032 free=41816 reachbit=2 bit30=26.4
274.221,sweep,,,,,,,,,,,,,live=149032 free=41816 reachbit=2 bit30=26.4
274.473,sweep,,,,,,,,,,,,,live=149032 free=41816 reachbit=2 bit30=26.4
274.725,sweep,,,,,,,,,,,,,live=149032 free=41816 reachbit=2 bit30=26.4
274.976,sweep,,,,,,,,,,,,,live=149032 free=41816 reachbit=2 bit30=26.4
275.228,sweep,,,,,,,,,,,,,live=149032 free=41816 reachbit=2 bit30=26.4
275.481,sweep,,,,,,,,,,,,,live=149032 free=41816 reachbit=2 bit30=26.4
275.733,sweep,,,,,,,,,,,,,live=149032 free=41816 reachbit=2 bit30=26.4
275.987,sweep,,,,,,,,,,,,,live=149032 free=41816 reachbit=2 bit30=26.4
276.243,sweep,,,,,,,,,,,,,live=149032 free=41816 reachbit=2 bit30=26.4
276.497,sweep,,,,,,,,,,,,,live=149032 free=41816 reachbit=2 bit30=26.4
276.751,sweep,,,,,,,,,,,,,live=149032 free=41816 reachbit=2 bit30=26.4
277.004,sweep,,,,,,,,,,,,,live=149032 free=41816 reachbit=2 bit30=26.4
277.258,sweep,,,,,,,,,,,,,live=149032 free=41816 reachbit=2 bit30=26.4
277.511,sweep,,,,,,,,,,,,,live=149032 free=41816 reachbit=2 bit30=26.4
277.764,sweep,,,,,,,,,,,,,live=149032 free=41816 reachbit=2 bit30=26.4
278.016,sweep,,,,,,,,,,,,,live=149032 free=41816 reachbit=2 bit30=26.4
278.269,sweep,,,,,,,,,,,,,live=149032 free=41816 reachbit=2 bit30=26.4
278.522,sweep,,,,,,,,,,,,,live=149032 free=41816 reachbit=2 bit30=26.4
278.775,sweep,,,,,,,,,,,,,live=149032 free=41816 reachbit=2 bit30=26.4
279.028,sweep,,,,,,,,,,,,,live=149032 free=41816 reachbit=2 bit30=26.4
279.280,sweep,,,,,,,,,,,,,live=149032 free=41816 reachbit=2 bit30=26.4
279.532,sweep,,,,,,,,,,,,,live=149032 free=41816 reachbit=2 bit30=26.4
279.786,sweep,,,,,,,,,,,,,live=149032 free=41816 reachbit=2 bit30=26.4
280.038,sweep,,,,,,,,,,,,,live=149032 free=41816 reachbit=2 bit30=26.4
280.292,sweep,,,,,,,,,,,,,live=149032 free=41816 reachbit=2 bit30=26.4
280.545,sweep,,,,,,,,,,,,,live=149032 free=41816 reachbit=2 bit30=26.4
280.797,sweep,,,,,,,,,,,,,live=149032 free=41816 reachbit=2 bit30=26.4
281.050,sweep,,,,,,,,,,,,,live=149032 free=41816 reachbit=2 bit30=26.4
281.302,sweep,,,,,,,,,,,,,live=149032 free=41816 reachbit=2 bit30=26.4
281.555,sweep,,,,,,,,,,,,,live=149032 free=41816 reachbit=2 bit30=26.4
281.807,sweep,,,,,,,,,,,,,live=149032 free=41816 reachbit=2 bit30=26.4
282.059,sweep,,,,,,,,,,,,,live=149032 free=41816 reachbit=2 bit30=26.4
282.313,sweep,,,,,,,,,,,,,live=149032 free=41816 reachbit=2 bit30=26.4
282.565,sweep,,,,,,,,,,,,,live=149032 free=41816 reachbit=2 bit30=26.4
282.818,sweep,,,,,,,,,,,,,live=149032 free=41816 reachbit=2 bit30=26.4
283.070,sweep,,,,,,,,,,,,,live=149032 free=41816 reachbit=2 bit30=26.4
283.322,sweep,,,,,,,,,,,,,live=149032 free=41816 reachbit=2 bit30=26.4
283.575,sweep,,,,,,,,,,,,,live=149032 free=41816 reachbit=2 bit30=26.4
283.827,sweep,,,,,,,,,,,,,live=149032 free=41816 reachbit=2 bit30=26.4
284.080,sweep,,,,,,,,,,,,,live=149032 free=41816 reachbit=2 bit30=26.4
284.332,sweep,,,,,,,,,,,,,live=149032 free=41816 reachbit=2 bit30=26.4
284.584,sweep,,,,,,,,,,,,,live=149032 free=41816 reachbit=2 bit30=26.4
284.837,sweep,,,,,,,,,,,,,live=149032 free=41816 reachbit=2 bit30=26.4
285.090,sweep,,,,,,,,,,,,,live=149032 free=41816 reachbit=2 bit30=26.4
285.343,sweep,,,,,,,,,,,,,live=149032 free=41816 reachbit=2 bit30=26.4
285.596,sweep,,,,,,,,,,,,,live=149032 free=41816 reachbit=2 bit30=26.4
285.849,sweep,,,,,,,,,,,,,live=149032 free=41816 reachbit=2 bit30=26.4
286.101,sweep,,,,,,,,,,,,,live=149032 free=41816 reachbit=2 bit30=26.4
286.352,sweep,,,,,,,,,,,,,live=149032 free=41816 reachbit=2 bit30=26.4
286.605,sweep,,,,,,,,,,,,,live=149032 free=41816 reachbit=2 bit30=26.4
286.859,sweep,,,,,,,,,,,,,live=149032 free=41816 reachbit=2 bit30=26.4
287.111,sweep,,,,,,,,,,,,,live=149032 free=41816 reachbit=2 bit30=26.4
287.364,sweep,,,,,,,,,,,,,live=149032 free=41816 reachbit=2 bit30=26.4
287.616,sweep,,,,,,,,,,,,,live=149032 free=41816 reachbit=2 bit30=26.4
287.869,sweep,,,,,,,,,,,,,live=149032 free=41816 reachbit=2 bit30=26.4
288.121,sweep,,,,,,,,,,,,,live=149032 free=41816 reachbit=2 bit30=26.4
288.373,sweep,,,,,,,,,,,,,live=149032 free=41816 reachbit=2 bit30=26.4
288.626,sweep,,,,,,,,,,,,,live=149032 free=41816 reachbit=2 bit30=26.4
288.879,sweep,,,,,,,,,,,,,live=149032 free=41816 reachbit=2 bit30=26.4
289.133,sweep,,,,,,,,,,,,,live=149032 free=41816 reachbit=2 bit30=26.4
289.386,sweep,,,,,,,,,,,,,live=149032 free=41816 reachbit=2 bit30=26.4
289.639,sweep,,,,,,,,,,,,,live=149032 free=41816 reachbit=2 bit30=26.4
289.890,sweep,,,,,,,,,,,,,live=149032 free=41816 reachbit=2 bit30=26.4
290.142,sweep,,,,,,,,,,,,,live=149032 free=41816 reachbit=2 bit30=26.4
290.395,sweep,,,,,,,,,,,,,live=149032 free=41816 reachbit=2 bit30=26.4
290.647,sweep,,,,,,,,,,,,,live=149032 free=41816 reachbit=2 bit30=26.4
290.900,sweep,,,,,,,,,,,,,live=149032 free=41816 reachbit=2 bit30=26.4
291.153,sweep,,,,,,,,,,,,,live=149032 free=41816 reachbit=2 bit30=26.4
291.405,sweep,,,,,,,,,,,,,live=149032 free=41816 reachbit=2 bit30=26.4
291.659,sweep,,,,,,,,,,,,,live=149032 free=41816 reachbit=2 bit30=26.4
291.912,sweep,,,,,,,,,,,,,live=149032 free=41816 reachbit=2 bit30=26.4
292.164,sweep,,,,,,,,,,,,,live=149032 free=41816 reachbit=2 bit30=26.4
292.416,sweep,,,,,,,,,,,,,live=149032 free=41816 reachbit=2 bit30=26.4
292.667,sweep,,,,,,,,,,,,,live=149032 free=41816 reachbit=2 bit30=26.4
292.920,sweep,,,,,,,,,,,,,live=149032 free=41816 reachbit=2 bit30=26.4
293.172,sweep,,,,,,,,,,,,,live=149032 free=41816 reachbit=2 bit30=26.4
293.425,sweep,,,,,,,,,,,,,live=149032 free=41816 reachbit=2 bit30=26.4
293.678,sweep,,,,,,,,,,,,,live=149032 free=41816 reachbit=2 bit30=26.4
293.930,sweep,,,,,,,,,,,,,live=149032 free=41816 reachbit=2 bit30=26.4
294.181,sweep,,,,,,,,,,,,,live=149032 free=41816 reachbit=2 bit30=26.4
294.434,sweep,,,,,,,,,,,,,live=149032 free=41816 reachbit=2 bit30=26.4
294.686,sweep,,,,,,,,,,,,,live=149032 free=41816 reachbit=2 bit30=26.4
294.938,sweep,,,,,,,,,,,,,live=149032 free=41816 reachbit=2 bit30=26.4
295.190,sweep,,,,,,,,,,,,,live=149032 free=41816 reachbit=2 bit30=26.4
295.443,sweep,,,,,,,,,,,,,live=149032 free=41816 reachbit=2 bit30=26.4
295.695,sweep,,,,,,,,,,,,,live=149032 free=41816 reachbit=2 bit30=26.4
295.947,sweep,,,,,,,,,,,,,live=149032 free=41816 reachbit=2 bit30=26.4
296.200,sweep,,,,,,,,,,,,,live=149032 free=41816 reachbit=2 bit30=26.4
296.453,sweep,,,,,,,,,,,,,live=149032 free=41816 reachbit=2 bit30=26.4
296.705,sweep,,,,,,,,,,,,,live=149032 free=41816 reachbit=2 bit30=26.4
296.959,sweep,,,,,,,,,,,,,live=149032 free=41816 reachbit=2 bit30=26.4
297.211,sweep,,,,,,,,,,,,,live=149032 free=41816 reachbit=2 bit30=26.4
297.464,sweep,,,,,,,,,,,,,live=149032 free=41816 reachbit=2 bit30=26.4
297.716,sweep,,,,,,,,,,,,,live=149032 free=41816 reachbit=2 bit30=26.4
297.969,sweep,,,,,,,,,,,,,live=149032 free=41816 reachbit=2 bit30=26.4
298.222,sweep,,,,,,,,,,,,,live=149032 free=41816 reachbit=2 bit30=26.4
298.475,sweep,,,,,,,,,,,,,live=149032 free=41816 reachbit=2 bit30=26.4
298.728,sweep,,,,,,,,,,,,,live=149032 free=41816 reachbit=2 bit30=26.4
298.980,sweep,,,,,,,,,,,,,live=149032 free=41816 reachbit=2 bit30=26.4
299.233,sweep,,,,,,,,,,,,,live=149032 free=41816 reachbit=2 bit30=26.4
299.486,sweep,,,,,,,,,,,,,live=149032 free=41816 reachbit=2 bit30=26.4
299.737,sweep,,,,,,,,,,,,,live=149032 free=41816 reachbit=2 bit30=26.4
299.990,sweep,,,,,,,,,,,,,live=149032 free=41816 reachbit=2 bit30=26.4
300.243,sweep,,,,,,,,,,,,,live=149032 free=41816 reachbit=2 bit30=26.4
300.495,sweep,,,,,,,,,,,,,live=149032 free=41816 reachbit=2 bit30=26.4
300.748,sweep,,,,,,,,,,,,,live=149032 free=41816 reachbit=2 bit30=26.4
301.001,sweep,,,,,,,,,,,,,live=149032 free=41816 reachbit=2 bit30=26.4
301.252,sweep,,,,,,,,,,,,,live=149032 free=41816 reachbit=2 bit30=26.4
301.506,sweep,,,,,,,,,,,,,live=149032 free=41816 reachbit=2 bit30=26.4
301.759,sweep,,,,,,,,,,,,,live=149032 free=41816 reachbit=2 bit30=26.4
302.012,sweep,,,,,,,,,,,,,live=149032 free=41816 reachbit=2 bit30=26.4
302.263,sweep,,,,,,,,,,,,,live=149032 free=41816 reachbit=2 bit30=26.4
302.515,sweep,,,,,,,,,,,,,live=149032 free=41816 reachbit=2 bit30=26.4
302.717,target,BlueprintGeneratedClass/BP_Ronin_DefaultSKMeshComponent_C#189889,189889,0x1DE3990EC50,40000002,0,63942,0x7FF6895A2EC8,00280009,189889,0x1DC78529980,983742,1,
302.717,target,BP_Ronin_DefaultSKMeshComponent_C/BP_Ronin_DefaultSKMeshComponent_C#189875,189875,0x1DCEBB189E0,40000002,0,63944,0x7FF689603C88,00000000,189875,0x1DE3990EC50,983742,1,
302.717,target,AnimSequence/A_Ronin_Cosmetic_HeroSelect_Breathe#189848,189848,0x1DCE6F92000,40000002,0,63957,0x7FF689560680,0028000B,189848,0x1DC78628D00,2283591,1,
302.717,target,AnimSingleNodeInstance/AnimSingleNodeInstance#189852,189852,0x1DDF1E5E080,40000002,0,0,0x7FF6895707D8,00000040,189852,0x1DC78628800,200493,1,
302.717,target,AnimSingleNodeInstance/AnimSingleNodeInstance#189873,189873,0x1DCF5DBC020,00000002,0,64163,0x1E31503F0,000001DD,2084738516,0xC0AF99E99A9445C0,1,0,
302.717,target,AnimSequence/A_Ronin_Movement_OutOfCombat_N#189822,189822,0x1DCF5DBA4C0,00000002,0,64167,0x1DD81551A00,00000000,0,0x4,29885440,0,
302.768,sweep,,,,,,,,,,,,,live=149032 free=41816 reachbit=1 bit30=26.4
303.020,sweep,,,,,,,,,,,,,live=147776 free=43072 reachbit=1 bit30=26.6
303.273,sweep,,,,,,,,,,,,,live=147776 free=43072 reachbit=1 bit30=26.6
303.526,sweep,,,,,,,,,,,,,live=147776 free=43072 reachbit=1 bit30=26.6
303.778,sweep,,,,,,,,,,,,,live=147776 free=43072 reachbit=1 bit30=26.6
304.030,sweep,,,,,,,,,,,,,live=147776 free=43072 reachbit=1 bit30=26.6
304.283,sweep,,,,,,,,,,,,,live=147776 free=43072 reachbit=1 bit30=26.6
304.534,sweep,,,,,,,,,,,,,live=147776 free=43072 reachbit=1 bit30=26.6
304.787,sweep,,,,,,,,,,,,,live=147776 free=43072 reachbit=1 bit30=26.6
305.038,sweep,,,,,,,,,,,,,live=147776 free=43072 reachbit=1 bit30=26.6
305.291,sweep,,,,,,,,,,,,,live=147776 free=43072 reachbit=1 bit30=26.6
305.543,sweep,,,,,,,,,,,,,live=147776 free=43072 reachbit=1 bit30=26.6
305.795,sweep,,,,,,,,,,,,,live=147776 free=43072 reachbit=1 bit30=26.6
306.048,sweep,,,,,,,,,,,,,live=147776 free=43072 reachbit=1 bit30=26.6
306.299,sweep,,,,,,,,,,,,,live=147776 free=43072 reachbit=1 bit30=26.6
306.552,sweep,,,,,,,,,,,,,live=147776 free=43072 reachbit=1 bit30=26.6
306.804,sweep,,,,,,,,,,,,,live=147776 free=43072 reachbit=1 bit30=26.6
307.056,sweep,,,,,,,,,,,,,live=147776 free=43072 reachbit=1 bit30=26.6
307.308,sweep,,,,,,,,,,,,,live=147776 free=43072 reachbit=1 bit30=26.6
307.560,sweep,,,,,,,,,,,,,live=147776 free=43072 reachbit=1 bit30=26.6
307.812,sweep,,,,,,,,,,,,,live=147776 free=43072 reachbit=1 bit30=26.6
308.064,sweep,,,,,,,,,,,,,live=147776 free=43072 reachbit=1 bit30=26.6
308.316,sweep,,,,,,,,,,,,,live=147776 free=43072 reachbit=1 bit30=26.6
308.568,sweep,,,,,,,,,,,,,live=147776 free=43072 reachbit=1 bit30=26.6
308.820,sweep,,,,,,,,,,,,,live=147776 free=43072 reachbit=1 bit30=26.6
309.072,sweep,,,,,,,,,,,,,live=147776 free=43072 reachbit=1 bit30=26.6
309.324,sweep,,,,,,,,,,,,,live=147776 free=43072 reachbit=1 bit30=26.6
309.578,sweep,,,,,,,,,,,,,live=147776 free=43072 reachbit=1 bit30=26.6
309.835,sweep,,,,,,,,,,,,,live=147776 free=43072 reachbit=1 bit30=26.6
310.089,sweep,,,,,,,,,,,,,live=147776 free=43072 reachbit=1 bit30=26.6
310.342,sweep,,,,,,,,,,,,,live=147776 free=43072 reachbit=1 bit30=26.6
310.594,sweep,,,,,,,,,,,,,live=147776 free=43072 reachbit=1 bit30=26.6
310.846,sweep,,,,,,,,,,,,,live=147776 free=43072 reachbit=1 bit30=26.6
311.100,sweep,,,,,,,,,,,,,live=147776 free=43072 reachbit=1 bit30=26.6
311.353,sweep,,,,,,,,,,,,,live=147776 free=43072 reachbit=1 bit30=26.6
311.606,sweep,,,,,,,,,,,,,live=147776 free=43072 reachbit=1 bit30=26.6
311.860,sweep,,,,,,,,,,,,,live=147776 free=43072 reachbit=1 bit30=26.6
312.112,sweep,,,,,,,,,,,,,live=147776 free=43072 reachbit=1 bit30=26.6
312.364,sweep,,,,,,,,,,,,,live=147776 free=43072 reachbit=1 bit30=26.6
312.616,sweep,,,,,,,,,,,,,live=147776 free=43072 reachbit=1 bit30=26.6
312.868,sweep,,,,,,,,,,,,,live=147776 free=43072 reachbit=1 bit30=26.6
313.122,sweep,,,,,,,,,,,,,live=147776 free=43072 reachbit=1 bit30=26.6
313.374,sweep,,,,,,,,,,,,,live=147776 free=43072 reachbit=1 bit30=26.6
313.627,sweep,,,,,,,,,,,,,live=147776 free=43072 reachbit=1 bit30=26.6
313.882,sweep,,,,,,,,,,,,,live=147776 free=43072 reachbit=1 bit30=26.6
314.134,sweep,,,,,,,,,,,,,live=147776 free=43072 reachbit=1 bit30=26.6
314.388,sweep,,,,,,,,,,,,,live=147776 free=43072 reachbit=1 bit30=26.6
314.641,sweep,,,,,,,,,,,,,live=147776 free=43072 reachbit=1 bit30=26.6
314.895,sweep,,,,,,,,,,,,,live=147776 free=43072 reachbit=1 bit30=26.6
315.149,sweep,,,,,,,,,,,,,live=147776 free=43072 reachbit=1 bit30=26.6
315.401,sweep,,,,,,,,,,,,,live=147776 free=43072 reachbit=1 bit30=26.6
315.654,sweep,,,,,,,,,,,,,live=147776 free=43072 reachbit=1 bit30=26.6
315.908,sweep,,,,,,,,,,,,,live=147776 free=43072 reachbit=1 bit30=26.6
316.160,sweep,,,,,,,,,,,,,live=147776 free=43072 reachbit=1 bit30=26.6
316.413,sweep,,,,,,,,,,,,,live=147776 free=43072 reachbit=1 bit30=26.6
316.666,sweep,,,,,,,,,,,,,live=147776 free=43072 reachbit=1 bit30=26.6
316.919,sweep,,,,,,,,,,,,,live=147776 free=43072 reachbit=1 bit30=26.6
317.172,sweep,,,,,,,,,,,,,live=147776 free=43072 reachbit=1 bit30=26.6
317.425,sweep,,,,,,,,,,,,,live=147776 free=43072 reachbit=1 bit30=26.6
317.677,sweep,,,,,,,,,,,,,live=147776 free=43072 reachbit=1 bit30=26.6
317.930,sweep,,,,,,,,,,,,,live=147776 free=43072 reachbit=1 bit30=26.6
318.183,sweep,,,,,,,,,,,,,live=147776 free=43072 reachbit=1 bit30=26.6
318.436,sweep,,,,,,,,,,,,,live=147776 free=43072 reachbit=1 bit30=26.6
318.688,sweep,,,,,,,,,,,,,live=147776 free=43072 reachbit=1 bit30=26.6
318.940,sweep,,,,,,,,,,,,,live=147776 free=43072 reachbit=1 bit30=26.6
319.193,sweep,,,,,,,,,,,,,live=147776 free=43072 reachbit=1 bit30=26.6
319.447,sweep,,,,,,,,,,,,,live=147776 free=43072 reachbit=1 bit30=26.6
319.700,sweep,,,,,,,,,,,,,live=147776 free=43072 reachbit=1 bit30=26.6
319.952,sweep,,,,,,,,,,,,,live=147776 free=43072 reachbit=1 bit30=26.6
320.204,sweep,,,,,,,,,,,,,live=147776 free=43072 reachbit=1 bit30=26.6
320.456,sweep,,,,,,,,,,,,,live=147776 free=43072 reachbit=1 bit30=26.6
320.709,sweep,,,,,,,,,,,,,live=147776 free=43072 reachbit=1 bit30=26.6
320.962,sweep,,,,,,,,,,,,,live=147776 free=43072 reachbit=1 bit30=26.6
321.215,sweep,,,,,,,,,,,,,live=147776 free=43072 reachbit=1 bit30=26.6
321.468,sweep,,,,,,,,,,,,,live=147776 free=43072 reachbit=1 bit30=26.6
321.721,sweep,,,,,,,,,,,,,live=147776 free=43072 reachbit=1 bit30=26.6
321.974,sweep,,,,,,,,,,,,,live=147776 free=43072 reachbit=1 bit30=26.6
322.226,sweep,,,,,,,,,,,,,live=147776 free=43072 reachbit=1 bit30=26.6
322.479,sweep,,,,,,,,,,,,,live=147776 free=43072 reachbit=1 bit30=26.6
322.731,sweep,,,,,,,,,,,,,live=147776 free=43072 reachbit=1 bit30=26.6
322.983,sweep,,,,,,,,,,,,,live=147776 free=43072 reachbit=1 bit30=26.6
323.235,sweep,,,,,,,,,,,,,live=147776 free=43072 reachbit=1 bit30=26.6
323.489,sweep,,,,,,,,,,,,,live=147776 free=43072 reachbit=1 bit30=26.6
323.741,sweep,,,,,,,,,,,,,live=147776 free=43072 reachbit=1 bit30=26.6
323.994,sweep,,,,,,,,,,,,,live=147776 free=43072 reachbit=1 bit30=26.6
324.246,sweep,,,,,,,,,,,,,live=147776 free=43072 reachbit=1 bit30=26.6
324.498,sweep,,,,,,,,,,,,,live=147776 free=43072 reachbit=1 bit30=26.6
324.751,sweep,,,,,,,,,,,,,live=147776 free=43072 reachbit=1 bit30=26.6
325.004,sweep,,,,,,,,,,,,,live=147776 free=43072 reachbit=1 bit30=26.6
325.257,sweep,,,,,,,,,,,,,live=147776 free=43072 reachbit=1 bit30=26.6
325.509,sweep,,,,,,,,,,,,,live=147776 free=43072 reachbit=1 bit30=26.6
325.762,sweep,,,,,,,,,,,,,live=147776 free=43072 reachbit=1 bit30=26.6
326.014,sweep,,,,,,,,,,,,,live=147776 free=43072 reachbit=1 bit30=26.6
326.268,sweep,,,,,,,,,,,,,live=147776 free=43072 reachbit=1 bit30=26.6
326.522,sweep,,,,,,,,,,,,,live=147776 free=43072 reachbit=1 bit30=26.6
326.774,sweep,,,,,,,,,,,,,live=147776 free=43072 reachbit=1 bit30=26.6
327.025,sweep,,,,,,,,,,,,,live=147776 free=43072 reachbit=1 bit30=26.6
327.278,sweep,,,,,,,,,,,,,live=147776 free=43072 reachbit=1 bit30=26.6
327.531,sweep,,,,,,,,,,,,,live=147776 free=43072 reachbit=1 bit30=26.6
327.783,sweep,,,,,,,,,,,,,live=147776 free=43072 reachbit=1 bit30=26.6
328.035,sweep,,,,,,,,,,,,,live=147776 free=43072 reachbit=1 bit30=26.6
328.288,sweep,,,,,,,,,,,,,live=147776 free=43072 reachbit=1 bit30=26.6
328.541,sweep,,,,,,,,,,,,,live=147776 free=43072 reachbit=1 bit30=26.6
328.794,sweep,,,,,,,,,,,,,live=147776 free=43072 reachbit=1 bit30=26.6
329.047,sweep,,,,,,,,,,,,,live=147776 free=43072 reachbit=1 bit30=26.6
329.298,sweep,,,,,,,,,,,,,live=147776 free=43072 reachbit=1 bit30=26.6
329.549,sweep,,,,,,,,,,,,,live=147776 free=43072 reachbit=1 bit30=26.6
329.803,sweep,,,,,,,,,,,,,live=147776 free=43072 reachbit=1 bit30=26.6
330.056,sweep,,,,,,,,,,,,,live=147776 free=43072 reachbit=1 bit30=26.6
330.308,sweep,,,,,,,,,,,,,live=147776 free=43072 reachbit=1 bit30=26.6
330.560,sweep,,,,,,,,,,,,,live=147776 free=43072 reachbit=1 bit30=26.6
330.813,sweep,,,,,,,,,,,,,live=147776 free=43072 reachbit=1 bit30=26.6
331.066,sweep,,,,,,,,,,,,,live=147776 free=43072 reachbit=1 bit30=26.6
331.318,sweep,,,,,,,,,,,,,live=147776 free=43072 reachbit=1 bit30=26.6
331.574,sweep,,,,,,,,,,,,,live=147776 free=43072 reachbit=1 bit30=26.6
331.827,sweep,,,,,,,,,,,,,live=147776 free=43072 reachbit=1 bit30=26.6
332.080,sweep,,,,,,,,,,,,,live=147776 free=43072 reachbit=1 bit30=26.6
332.334,sweep,,,,,,,,,,,,,live=147776 free=43072 reachbit=1 bit30=26.6
332.587,sweep,,,,,,,,,,,,,live=147776 free=43072 reachbit=1 bit30=26.6
332.840,sweep,,,,,,,,,,,,,live=147776 free=43072 reachbit=1 bit30=26.6
333.093,sweep,,,,,,,,,,,,,live=147776 free=43072 reachbit=1 bit30=26.6
333.346,sweep,,,,,,,,,,,,,live=147776 free=43072 reachbit=1 bit30=26.6
333.598,sweep,,,,,,,,,,,,,live=147776 free=43072 reachbit=1 bit30=26.6
333.851,sweep,,,,,,,,,,,,,live=147776 free=43072 reachbit=1 bit30=26.6
334.104,sweep,,,,,,,,,,,,,live=147776 free=43072 reachbit=1 bit30=26.6
334.357,sweep,,,,,,,,,,,,,live=147776 free=43072 reachbit=1 bit30=26.6
334.611,sweep,,,,,,,,,,,,,live=147776 free=43072 reachbit=1 bit30=26.6
334.865,sweep,,,,,,,,,,,,,live=147776 free=43072 reachbit=1 bit30=26.6
335.117,sweep,,,,,,,,,,,,,live=147776 free=43072 reachbit=1 bit30=26.6
335.370,sweep,,,,,,,,,,,,,live=147776 free=43072 reachbit=1 bit30=26.6
335.623,sweep,,,,,,,,,,,,,live=147776 free=43072 reachbit=1 bit30=26.6
335.874,sweep,,,,,,,,,,,,,live=147776 free=43072 reachbit=1 bit30=26.6
336.127,sweep,,,,,,,,,,,,,live=147776 free=43072 reachbit=1 bit30=26.6
336.380,sweep,,,,,,,,,,,,,live=147776 free=43072 reachbit=1 bit30=26.6
336.631,sweep,,,,,,,,,,,,,live=147776 free=43072 reachbit=1 bit30=26.6
336.885,sweep,,,,,,,,,,,,,live=147776 free=43072 reachbit=1 bit30=26.6
337.137,sweep,,,,,,,,,,,,,live=147776 free=43072 reachbit=1 bit30=26.6
337.390,sweep,,,,,,,,,,,,,live=147776 free=43072 reachbit=1 bit30=26.6
337.642,sweep,,,,,,,,,,,,,live=147776 free=43072 reachbit=1 bit30=26.6
337.894,sweep,,,,,,,,,,,,,live=147776 free=43072 reachbit=1 bit30=26.6
338.146,sweep,,,,,,,,,,,,,live=147776 free=43072 reachbit=1 bit30=26.6
338.399,sweep,,,,,,,,,,,,,live=147776 free=43072 reachbit=1 bit30=26.6
338.651,sweep,,,,,,,,,,,,,live=147776 free=43072 reachbit=1 bit30=26.6
338.904,sweep,,,,,,,,,,,,,live=147776 free=43072 reachbit=1 bit30=26.6
339.156,sweep,,,,,,,,,,,,,live=147776 free=43072 reachbit=1 bit30=26.6
339.409,sweep,,,,,,,,,,,,,live=147776 free=43072 reachbit=1 bit30=26.6
339.663,sweep,,,,,,,,,,,,,live=147776 free=43072 reachbit=1 bit30=26.6
339.916,sweep,,,,,,,,,,,,,live=147776 free=43072 reachbit=1 bit30=26.6
340.169,sweep,,,,,,,,,,,,,live=147776 free=43072 reachbit=1 bit30=26.6
340.421,sweep,,,,,,,,,,,,,live=147776 free=43072 reachbit=1 bit30=26.6
340.673,sweep,,,,,,,,,,,,,live=147776 free=43072 reachbit=1 bit30=26.6
340.925,sweep,,,,,,,,,,,,,live=147776 free=43072 reachbit=1 bit30=26.6
341.177,sweep,,,,,,,,,,,,,live=147776 free=43072 reachbit=1 bit30=26.6
341.429,sweep,,,,,,,,,,,,,live=147776 free=43072 reachbit=1 bit30=26.6
341.682,sweep,,,,,,,,,,,,,live=147776 free=43072 reachbit=1 bit30=26.6
341.935,sweep,,,,,,,,,,,,,live=147776 free=43072 reachbit=1 bit30=26.6
342.188,sweep,,,,,,,,,,,,,live=147776 free=43072 reachbit=1 bit30=26.6
342.440,sweep,,,,,,,,,,,,,live=147776 free=43072 reachbit=1 bit30=26.6
342.694,sweep,,,,,,,,,,,,,live=147776 free=43072 reachbit=1 bit30=26.6
342.947,sweep,,,,,,,,,,,,,live=147776 free=43072 reachbit=1 bit30=26.6
343.200,sweep,,,,,,,,,,,,,live=147776 free=43072 reachbit=1 bit30=26.6
343.452,sweep,,,,,,,,,,,,,live=147776 free=43072 reachbit=1 bit30=26.6
343.705,sweep,,,,,,,,,,,,,live=147776 free=43072 reachbit=1 bit30=26.6
343.959,sweep,,,,,,,,,,,,,live=147776 free=43072 reachbit=1 bit30=26.6
344.211,sweep,,,,,,,,,,,,,live=147776 free=43072 reachbit=1 bit30=26.6
344.463,sweep,,,,,,,,,,,,,live=147776 free=43072 reachbit=1 bit30=26.6
344.715,sweep,,,,,,,,,,,,,live=147776 free=43072 reachbit=1 bit30=26.6
344.968,sweep,,,,,,,,,,,,,live=147776 free=43072 reachbit=1 bit30=26.6
345.221,sweep,,,,,,,,,,,,,live=147776 free=43072 reachbit=1 bit30=26.6
345.474,sweep,,,,,,,,,,,,,live=147776 free=43072 reachbit=1 bit30=26.6
345.727,sweep,,,,,,,,,,,,,live=147776 free=43072 reachbit=1 bit30=26.6
345.979,sweep,,,,,,,,,,,,,live=147776 free=43072 reachbit=1 bit30=26.6
346.231,sweep,,,,,,,,,,,,,live=147776 free=43072 reachbit=1 bit30=26.6
346.483,sweep,,,,,,,,,,,,,live=147776 free=43072 reachbit=1 bit30=26.6
346.736,sweep,,,,,,,,,,,,,live=147776 free=43072 reachbit=1 bit30=26.6
346.988,sweep,,,,,,,,,,,,,live=147776 free=43072 reachbit=1 bit30=26.6
347.241,sweep,,,,,,,,,,,,,live=147776 free=43072 reachbit=1 bit30=26.6
347.494,sweep,,,,,,,,,,,,,live=147776 free=43072 reachbit=1 bit30=26.6
347.746,sweep,,,,,,,,,,,,,live=147776 free=43072 reachbit=1 bit30=26.6
347.999,sweep,,,,,,,,,,,,,live=147776 free=43072 reachbit=1 bit30=26.6
348.251,sweep,,,,,,,,,,,,,live=147776 free=43072 reachbit=1 bit30=26.6
348.504,sweep,,,,,,,,,,,,,live=147776 free=43072 reachbit=1 bit30=26.6
348.757,sweep,,,,,,,,,,,,,live=147776 free=43072 reachbit=1 bit30=26.6
349.009,sweep,,,,,,,,,,,,,live=147776 free=43072 reachbit=1 bit30=26.6
349.262,sweep,,,,,,,,,,,,,live=147776 free=43072 reachbit=1 bit30=26.6
349.514,sweep,,,,,,,,,,,,,live=147776 free=43072 reachbit=1 bit30=26.6
349.766,sweep,,,,,,,,,,,,,live=147776 free=43072 reachbit=1 bit30=26.6
350.019,sweep,,,,,,,,,,,,,live=147776 free=43072 reachbit=1 bit30=26.6
350.271,sweep,,,,,,,,,,,,,live=147776 free=43072 reachbit=1 bit30=26.6
350.524,sweep,,,,,,,,,,,,,live=147776 free=43072 reachbit=1 bit30=26.6
350.776,sweep,,,,,,,,,,,,,live=147776 free=43072 reachbit=1 bit30=26.6
351.028,sweep,,,,,,,,,,,,,live=147776 free=43072 reachbit=1 bit30=26.6
351.279,sweep,,,,,,,,,,,,,live=147776 free=43072 reachbit=1 bit30=26.6
351.533,sweep,,,,,,,,,,,,,live=147776 free=43072 reachbit=1 bit30=26.6
351.785,sweep,,,,,,,,,,,,,live=147776 free=43072 reachbit=1 bit30=26.6
352.038,sweep,,,,,,,,,,,,,live=147776 free=43072 reachbit=1 bit30=26.6
352.289,sweep,,,,,,,,,,,,,live=147776 free=43072 reachbit=1 bit30=26.6
352.542,sweep,,,,,,,,,,,,,live=147776 free=43072 reachbit=1 bit30=26.6
352.795,sweep,,,,,,,,,,,,,live=147776 free=43072 reachbit=1 bit30=26.6
353.049,sweep,,,,,,,,,,,,,live=147776 free=43072 reachbit=1 bit30=26.6
353.301,sweep,,,,,,,,,,,,,live=147776 free=43072 reachbit=1 bit30=26.6
353.554,sweep,,,,,,,,,,,,,live=147776 free=43072 reachbit=1 bit30=26.6
353.806,sweep,,,,,,,,,,,,,live=147776 free=43072 reachbit=1 bit30=26.6
354.058,sweep,,,,,,,,,,,,,live=147776 free=43072 reachbit=1 bit30=26.6
354.310,sweep,,,,,,,,,,,,,live=147776 free=43072 reachbit=1 bit30=26.6
354.562,sweep,,,,,,,,,,,,,live=147776 free=43072 reachbit=1 bit30=26.6
354.815,sweep,,,,,,,,,,,,,live=147776 free=43072 reachbit=1 bit30=26.6
355.067,sweep,,,,,,,,,,,,,live=147776 free=43072 reachbit=1 bit30=26.6
355.319,sweep,,,,,,,,,,,,,live=147776 free=43072 reachbit=1 bit30=26.6
355.571,sweep,,,,,,,,,,,,,live=147776 free=43072 reachbit=1 bit30=26.6
355.825,sweep,,,,,,,,,,,,,live=147776 free=43072 reachbit=1 bit30=26.6
356.076,sweep,,,,,,,,,,,,,live=147776 free=43072 reachbit=1 bit30=26.6
356.329,sweep,,,,,,,,,,,,,live=147776 free=43072 reachbit=1 bit30=26.6
356.582,sweep,,,,,,,,,,,,,live=147776 free=43072 reachbit=1 bit30=26.6
356.835,sweep,,,,,,,,,,,,,live=147776 free=43072 reachbit=1 bit30=26.6
357.088,sweep,,,,,,,,,,,,,live=147776 free=43072 reachbit=1 bit30=26.6
357.339,sweep,,,,,,,,,,,,,live=147776 free=43072 reachbit=1 bit30=26.6
357.594,sweep,,,,,,,,,,,,,live=147776 free=43072 reachbit=1 bit30=26.6
357.847,sweep,,,,,,,,,,,,,live=147776 free=43072 reachbit=1 bit30=26.6
358.100,sweep,,,,,,,,,,,,,live=147776 free=43072 reachbit=1 bit30=26.6
358.353,sweep,,,,,,,,,,,,,live=147776 free=43072 reachbit=1 bit30=26.6
358.607,sweep,,,,,,,,,,,,,live=147776 free=43072 reachbit=1 bit30=26.6
358.858,sweep,,,,,,,,,,,,,live=147776 free=43072 reachbit=1 bit30=26.6
359.111,sweep,,,,,,,,,,,,,live=147776 free=43072 reachbit=1 bit30=26.6
359.363,sweep,,,,,,,,,,,,,live=147776 free=43072 reachbit=1 bit30=26.6
359.616,sweep,,,,,,,,,,,,,live=147776 free=43072 reachbit=1 bit30=26.6
359.868,sweep,,,,,,,,,,,,,live=147776 free=43072 reachbit=1 bit30=26.6
360.121,sweep,,,,,,,,,,,,,live=147776 free=43072 reachbit=1 bit30=26.6
360.375,sweep,,,,,,,,,,,,,live=147776 free=43072 reachbit=1 bit30=26.6
360.628,sweep,,,,,,,,,,,,,live=147776 free=43072 reachbit=1 bit30=26.6
360.880,sweep,,,,,,,,,,,,,live=147776 free=43072 reachbit=1 bit30=26.6
361.133,sweep,,,,,,,,,,,,,live=147776 free=43072 reachbit=1 bit30=26.6
361.386,sweep,,,,,,,,,,,,,live=147776 free=43072 reachbit=1 bit30=26.6
361.638,sweep,,,,,,,,,,,,,live=147776 free=43072 reachbit=1 bit30=26.6
361.889,sweep,,,,,,,,,,,,,live=147776 free=43072 reachbit=1 bit30=26.6
362.141,sweep,,,,,,,,,,,,,live=147776 free=43072 reachbit=1 bit30=26.6
362.395,sweep,,,,,,,,,,,,,live=147776 free=43072 reachbit=1 bit30=26.6
362.648,sweep,,,,,,,,,,,,,live=147776 free=43072 reachbit=1 bit30=26.6
362.901,sweep,,,,,,,,,,,,,live=147776 free=43072 reachbit=1 bit30=26.6
363.153,sweep,,,,,,,,,,,,,live=147776 free=43072 reachbit=1 bit30=26.6
363.406,sweep,,,,,,,,,,,,,live=147776 free=43072 reachbit=1 bit30=26.6
363.658,sweep,,,,,,,,,,,,,live=147776 free=43072 reachbit=1 bit30=26.6
363.809,target,BlueprintGeneratedClass/BP_Ronin_DefaultSKMeshComponent_C#189889,189889,0x1DE3990EC50,40000001,0,63942,0x7FF6895A2EC8,00280009,189889,0x1DC78529980,983742,1,
363.809,target,BP_Ronin_DefaultSKMeshComponent_C/BP_Ronin_DefaultSKMeshComponent_C#189875,189875,0x1DCEBB189E0,40000001,0,63944,0x7FF689603C88,00000000,189875,0x1DE3990EC50,983742,1,
363.809,target,AnimSequence/A_Ronin_Cosmetic_HeroSelect_Breathe#189848,189848,0x1DCE6F92000,40000001,0,63957,0x7FF689560680,0028000B,189848,0x1DC78628D00,2283591,1,
363.809,target,AnimSingleNodeInstance/AnimSingleNodeInstance#189852,189852,0x1DDF1E5E080,40000001,0,0,0x7FF6895707D8,00000040,189852,0x1DC78628800,200493,1,
363.809,target,AnimSingleNodeInstance/AnimSingleNodeInstance#189873,189873,0x1DCF5DBC020,00000001,0,64163,0x1E31503F0,000001DD,2084738516,0xC0AF99E99A9445C0,1,0,
363.809,target,AnimSequence/A_Ronin_Movement_OutOfCombat_N#189822,189822,0x1DCF5DBA4C0,00000001,0,64167,0x1DD81559C00,00000000,0,0x4,29885440,0,
363.910,sweep,,,,,,,,,,,,,live=147776 free=43072 reachbit=0 bit30=26.6
364.163,sweep,,,,,,,,,,,,,live=147776 free=43072 reachbit=0 bit30=26.6
364.416,sweep,,,,,,,,,,,,,live=147776 free=43072 reachbit=0 bit30=26.6
364.668,sweep,,,,,,,,,,,,,live=147776 free=43072 reachbit=0 bit30=26.6
364.920,sweep,,,,,,,,,,,,,live=147776 free=43072 reachbit=0 bit30=26.6
365.172,sweep,,,,,,,,,,,,,live=147776 free=43072 reachbit=0 bit30=26.6
365.426,sweep,,,,,,,,,,,,,live=147776 free=43072 reachbit=0 bit30=26.6
365.679,sweep,,,,,,,,,,,,,live=147776 free=43072 reachbit=0 bit30=26.6
365.930,sweep,,,,,,,,,,,,,live=147776 free=43072 reachbit=0 bit30=26.6
366.183,sweep,,,,,,,,,,,,,live=147776 free=43072 reachbit=0 bit30=26.6
366.436,sweep,,,,,,,,,,,,,live=147776 free=43072 reachbit=0 bit30=26.6
366.689,sweep,,,,,,,,,,,,,live=147776 free=43072 reachbit=0 bit30=26.6
366.941,sweep,,,,,,,,,,,,,live=147776 free=43072 reachbit=0 bit30=26.6
367.194,sweep,,,,,,,,,,,,,live=147776 free=43072 reachbit=0 bit30=26.6
367.446,sweep,,,,,,,,,,,,,live=147776 free=43072 reachbit=0 bit30=26.6
367.698,sweep,,,,,,,,,,,,,live=147776 free=43072 reachbit=0 bit30=26.6
367.951,sweep,,,,,,,,,,,,,live=147776 free=43072 reachbit=0 bit30=26.6
368.203,sweep,,,,,,,,,,,,,live=147776 free=43072 reachbit=0 bit30=26.6
368.455,sweep,,,,,,,,,,,,,live=147776 free=43072 reachbit=0 bit30=26.6
368.707,sweep,,,,,,,,,,,,,live=147776 free=43072 reachbit=0 bit30=26.6
368.960,sweep,,,,,,,,,,,,,live=147776 free=43072 reachbit=0 bit30=26.6
369.211,sweep,,,,,,,,,,,,,live=147776 free=43072 reachbit=0 bit30=26.6
369.463,sweep,,,,,,,,,,,,,live=147776 free=43072 reachbit=0 bit30=26.6
369.716,sweep,,,,,,,,,,,,,live=147776 free=43072 reachbit=0 bit30=26.6
369.969,sweep,,,,,,,,,,,,,live=147776 free=43072 reachbit=0 bit30=26.6
370.222,sweep,,,,,,,,,,,,,live=147776 free=43072 reachbit=0 bit30=26.6
370.474,sweep,,,,,,,,,,,,,live=147776 free=43072 reachbit=0 bit30=26.6
370.726,sweep,,,,,,,,,,,,,live=147776 free=43072 reachbit=0 bit30=26.6
370.979,sweep,,,,,,,,,,,,,live=147776 free=43072 reachbit=0 bit30=26.6
371.232,sweep,,,,,,,,,,,,,live=147776 free=43072 reachbit=0 bit30=26.6
371.485,sweep,,,,,,,,,,,,,live=147776 free=43072 reachbit=0 bit30=26.6
371.738,sweep,,,,,,,,,,,,,live=147776 free=43072 reachbit=0 bit30=26.6
371.990,sweep,,,,,,,,,,,,,live=147776 free=43072 reachbit=0 bit30=26.6
372.242,sweep,,,,,,,,,,,,,live=147776 free=43072 reachbit=0 bit30=26.6
372.494,sweep,,,,,,,,,,,,,live=147776 free=43072 reachbit=0 bit30=26.6
372.746,sweep,,,,,,,,,,,,,live=147776 free=43072 reachbit=0 bit30=26.6
372.999,sweep,,,,,,,,,,,,,live=147776 free=43072 reachbit=0 bit30=26.6
373.252,sweep,,,,,,,,,,,,,live=147776 free=43072 reachbit=0 bit30=26.6
373.504,sweep,,,,,,,,,,,,,live=147776 free=43072 reachbit=0 bit30=26.6
373.756,sweep,,,,,,,,,,,,,live=147776 free=43072 reachbit=0 bit30=26.6
374.009,sweep,,,,,,,,,,,,,live=147776 free=43072 reachbit=0 bit30=26.6
374.261,sweep,,,,,,,,,,,,,live=147776 free=43072 reachbit=0 bit30=26.6
374.515,sweep,,,,,,,,,,,,,live=147776 free=43072 reachbit=0 bit30=26.6
374.767,sweep,,,,,,,,,,,,,live=147776 free=43072 reachbit=0 bit30=26.6
375.019,sweep,,,,,,,,,,,,,live=147776 free=43072 reachbit=0 bit30=26.6
375.271,sweep,,,,,,,,,,,,,live=147776 free=43072 reachbit=0 bit30=26.6
375.524,sweep,,,,,,,,,,,,,live=147776 free=43072 reachbit=0 bit30=26.6
375.775,sweep,,,,,,,,,,,,,live=147776 free=43072 reachbit=0 bit30=26.6
376.028,sweep,,,,,,,,,,,,,live=147776 free=43072 reachbit=0 bit30=26.6
376.281,sweep,,,,,,,,,,,,,live=147776 free=43072 reachbit=0 bit30=26.6
376.535,sweep,,,,,,,,,,,,,live=147776 free=43072 reachbit=0 bit30=26.6
376.787,sweep,,,,,,,,,,,,,live=147776 free=43072 reachbit=0 bit30=26.6
377.040,sweep,,,,,,,,,,,,,live=147776 free=43072 reachbit=0 bit30=26.6
377.292,sweep,,,,,,,,,,,,,live=147776 free=43072 reachbit=0 bit30=26.6
377.546,sweep,,,,,,,,,,,,,live=147776 free=43072 reachbit=0 bit30=26.6
377.797,sweep,,,,,,,,,,,,,live=147776 free=43072 reachbit=0 bit30=26.6
378.049,sweep,,,,,,,,,,,,,live=147776 free=43072 reachbit=0 bit30=26.6
378.301,sweep,,,,,,,,,,,,,live=147776 free=43072 reachbit=0 bit30=26.6
378.554,sweep,,,,,,,,,,,,,live=147776 free=43072 reachbit=0 bit30=26.6
378.807,sweep,,,,,,,,,,,,,live=147776 free=43072 reachbit=0 bit30=26.6
379.059,sweep,,,,,,,,,,,,,live=147776 free=43072 reachbit=0 bit30=26.6
379.312,sweep,,,,,,,,,,,,,live=147776 free=43072 reachbit=0 bit30=26.6
379.565,sweep,,,,,,,,,,,,,live=147776 free=43072 reachbit=0 bit30=26.6
379.817,sweep,,,,,,,,,,,,,live=147776 free=43072 reachbit=0 bit30=26.6
380.069,sweep,,,,,,,,,,,,,live=147776 free=43072 reachbit=0 bit30=26.6
380.323,sweep,,,,,,,,,,,,,live=147776 free=43072 reachbit=0 bit30=26.6
380.575,sweep,,,,,,,,,,,,,live=147776 free=43072 reachbit=0 bit30=26.6
380.826,sweep,,,,,,,,,,,,,live=147776 free=43072 reachbit=0 bit30=26.6
381.078,sweep,,,,,,,,,,,,,live=147776 free=43072 reachbit=0 bit30=26.6
381.330,sweep,,,,,,,,,,,,,live=147776 free=43072 reachbit=0 bit30=26.6
381.582,sweep,,,,,,,,,,,,,live=147776 free=43072 reachbit=0 bit30=26.6
381.836,sweep,,,,,,,,,,,,,live=147776 free=43072 reachbit=0 bit30=26.6
382.089,sweep,,,,,,,,,,,,,live=147776 free=43072 reachbit=0 bit30=26.6
382.341,sweep,,,,,,,,,,,,,live=147776 free=43072 reachbit=0 bit30=26.6
382.594,sweep,,,,,,,,,,,,,live=147776 free=43072 reachbit=0 bit30=26.6
382.845,sweep,,,,,,,,,,,,,live=147776 free=43072 reachbit=0 bit30=26.6
383.098,sweep,,,,,,,,,,,,,live=147776 free=43072 reachbit=0 bit30=26.6
383.350,sweep,,,,,,,,,,,,,live=147776 free=43072 reachbit=0 bit30=26.6
383.604,sweep,,,,,,,,,,,,,live=147776 free=43072 reachbit=0 bit30=26.6
383.857,sweep,,,,,,,,,,,,,live=147776 free=43072 reachbit=0 bit30=26.6
384.110,sweep,,,,,,,,,,,,,live=147776 free=43072 reachbit=0 bit30=26.6
384.362,sweep,,,,,,,,,,,,,live=147776 free=43072 reachbit=0 bit30=26.6
384.616,sweep,,,,,,,,,,,,,live=147776 free=43072 reachbit=0 bit30=26.6
384.868,sweep,,,,,,,,,,,,,live=147776 free=43072 reachbit=0 bit30=26.6
385.119,sweep,,,,,,,,,,,,,live=147776 free=43072 reachbit=0 bit30=26.6
385.371,sweep,,,,,,,,,,,,,live=147776 free=43072 reachbit=0 bit30=26.6
385.623,sweep,,,,,,,,,,,,,live=147776 free=43072 reachbit=0 bit30=26.6
385.876,sweep,,,,,,,,,,,,,live=147776 free=43072 reachbit=0 bit30=26.6
386.129,sweep,,,,,,,,,,,,,live=147776 free=43072 reachbit=0 bit30=26.6
386.382,sweep,,,,,,,,,,,,,live=147776 free=43072 reachbit=0 bit30=26.6
386.635,sweep,,,,,,,,,,,,,live=147776 free=43072 reachbit=0 bit30=26.6
386.887,sweep,,,,,,,,,,,,,live=147776 free=43072 reachbit=0 bit30=26.6
387.140,sweep,,,,,,,,,,,,,live=147776 free=43072 reachbit=0 bit30=26.6
387.392,sweep,,,,,,,,,,,,,live=147776 free=43072 reachbit=0 bit30=26.6
387.644,sweep,,,,,,,,,,,,,live=147776 free=43072 reachbit=0 bit30=26.6
387.898,sweep,,,,,,,,,,,,,live=147776 free=43072 reachbit=0 bit30=26.6
388.151,sweep,,,,,,,,,,,,,live=147776 free=43072 reachbit=0 bit30=26.6
388.403,sweep,,,,,,,,,,,,,live=147776 free=43072 reachbit=0 bit30=26.6
388.654,sweep,,,,,,,,,,,,,live=147776 free=43072 reachbit=0 bit30=26.6
388.907,sweep,,,,,,,,,,,,,live=147776 free=43072 reachbit=0 bit30=26.6
389.160,sweep,,,,,,,,,,,,,live=147776 free=43072 reachbit=0 bit30=26.6
389.411,sweep,,,,,,,,,,,,,live=147776 free=43072 reachbit=0 bit30=26.6
389.663,sweep,,,,,,,,,,,,,live=147776 free=43072 reachbit=0 bit30=26.6
389.915,sweep,,,,,,,,,,,,,live=147776 free=43072 reachbit=0 bit30=26.6
390.168,sweep,,,,,,,,,,,,,live=147776 free=43072 reachbit=0 bit30=26.6
390.420,sweep,,,,,,,,,,,,,live=147776 free=43072 reachbit=0 bit30=26.6
390.673,sweep,,,,,,,,,,,,,live=147776 free=43072 reachbit=0 bit30=26.6
390.926,sweep,,,,,,,,,,,,,live=147776 free=43072 reachbit=0 bit30=26.6
391.178,sweep,,,,,,,,,,,,,live=147776 free=43072 reachbit=0 bit30=26.6
391.430,sweep,,,,,,,,,,,,,live=147776 free=43072 reachbit=0 bit30=26.6
391.683,sweep,,,,,,,,,,,,,live=147776 free=43072 reachbit=0 bit30=26.6
391.935,sweep,,,,,,,,,,,,,live=147776 free=43072 reachbit=0 bit30=26.6
392.189,sweep,,,,,,,,,,,,,live=147776 free=43072 reachbit=0 bit30=26.6
392.441,sweep,,,,,,,,,,,,,live=147776 free=43072 reachbit=0 bit30=26.6
392.694,sweep,,,,,,,,,,,,,live=147776 free=43072 reachbit=0 bit30=26.6
392.945,sweep,,,,,,,,,,,,,live=147776 free=43072 reachbit=0 bit30=26.6
393.197,sweep,,,,,,,,,,,,,live=147776 free=43072 reachbit=0 bit30=26.6
393.451,sweep,,,,,,,,,,,,,live=147776 free=43072 reachbit=0 bit30=26.6
393.703,sweep,,,,,,,,,,,,,live=147776 free=43072 reachbit=0 bit30=26.6
393.955,sweep,,,,,,,,,,,,,live=147776 free=43072 reachbit=0 bit30=26.6
394.207,sweep,,,,,,,,,,,,,live=147776 free=43072 reachbit=0 bit30=26.6
394.459,sweep,,,,,,,,,,,,,live=147776 free=43072 reachbit=0 bit30=26.6
394.712,sweep,,,,,,,,,,,,,live=147776 free=43072 reachbit=0 bit30=26.6
394.965,sweep,,,,,,,,,,,,,live=147776 free=43072 reachbit=0 bit30=26.6
395.217,sweep,,,,,,,,,,,,,live=147776 free=43072 reachbit=0 bit30=26.6
395.470,sweep,,,,,,,,,,,,,live=147776 free=43072 reachbit=0 bit30=26.6
395.724,sweep,,,,,,,,,,,,,live=147776 free=43072 reachbit=0 bit30=26.6
395.977,sweep,,,,,,,,,,,,,live=147776 free=43072 reachbit=0 bit30=26.6
396.228,sweep,,,,,,,,,,,,,live=147776 free=43072 reachbit=0 bit30=26.6
396.493,sweep,,,,,,,,,,,,,live=147776 free=43072 reachbit=0 bit30=26.6
396.762,sweep,,,,,,,,,,,,,live=147776 free=43072 reachbit=0 bit30=26.6
397.014,sweep,,,,,,,,,,,,,live=147776 free=43072 reachbit=0 bit30=26.6
397.266,sweep,,,,,,,,,,,,,live=147776 free=43072 reachbit=0 bit30=26.6
397.519,sweep,,,,,,,,,,,,,live=147776 free=43072 reachbit=0 bit30=26.6
397.770,sweep,,,,,,,,,,,,,live=147776 free=43072 reachbit=0 bit30=26.6
398.022,sweep,,,,,,,,,,,,,live=147776 free=43072 reachbit=0 bit30=26.6
398.275,sweep,,,,,,,,,,,,,live=147776 free=43072 reachbit=0 bit30=26.6
398.528,sweep,,,,,,,,,,,,,live=147776 free=43072 reachbit=0 bit30=26.6
398.781,sweep,,,,,,,,,,,,,live=147776 free=43072 reachbit=0 bit30=26.6
399.035,sweep,,,,,,,,,,,,,live=147776 free=43072 reachbit=0 bit30=26.6
399.288,sweep,,,,,,,,,,,,,live=147776 free=43072 reachbit=0 bit30=26.6
399.541,sweep,,,,,,,,,,,,,live=147776 free=43072 reachbit=0 bit30=26.6
399.794,sweep,,,,,,,,,,,,,live=147776 free=43072 reachbit=0 bit30=26.6
400.045,sweep,,,,,,,,,,,,,live=147776 free=43072 reachbit=0 bit30=26.6
400.298,sweep,,,,,,,,,,,,,live=147776 free=43072 reachbit=0 bit30=26.6
400.551,sweep,,,,,,,,,,,,,live=147776 free=43072 reachbit=0 bit30=26.6
400.803,sweep,,,,,,,,,,,,,live=147776 free=43072 reachbit=0 bit30=26.6
401.055,sweep,,,,,,,,,,,,,live=147776 free=43072 reachbit=0 bit30=26.6
