t_s,kind,tag,idx,item_obj,item_flags,item_cluster,item_serial,obj_vt,obj_flags,obj_idx,obj_class,obj_name,gcalive,note
0.018,sweep,,,,,,,,,,,,,live=185144 free=5704 reachbit=1 bit30=21.2
0.271,sweep,,,,,,,,,,,,,live=185144 free=5704 reachbit=1 bit30=21.2
0.523,sweep,,,,,,,,,,,,,live=185144 free=5704 reachbit=1 bit30=21.2
0.776,sweep,,,,,,,,,,,,,live=185144 free=5704 reachbit=1 bit30=21.2
1.027,sweep,,,,,,,,,,,,,live=185144 free=5704 reachbit=1 bit30=21.2
1.281,sweep,,,,,,,,,,,,,live=185144 free=5704 reachbit=0 bit30=21.2
1.532,sweep,,,,,,,,,,,,,live=180960 free=9888 reachbit=0 bit30=21.7
1.783,sweep,,,,,,,,,,,,,live=177336 free=13512 reachbit=0 bit30=22.2
2.036,sweep,,,,,,,,,,,,,live=177336 free=13512 reachbit=0 bit30=22.2
2.290,sweep,,,,,,,,,,,,,live=177336 free=13512 reachbit=0 bit30=22.2
2.542,sweep,,,,,,,,,,,,,live=177336 free=13512 reachbit=0 bit30=22.2
2.795,sweep,,,,,,,,,,,,,live=177336 free=13512 reachbit=0 bit30=22.2
3.048,sweep,,,,,,,,,,,,,live=177344 free=13504 reachbit=0 bit30=22.2
3.301,sweep,,,,,,,,,,,,,live=177344 free=13504 reachbit=0 bit30=22.2
3.554,sweep,,,,,,,,,,,,,live=177344 free=13504 reachbit=0 bit30=22.2
3.807,sweep,,,,,,,,,,,,,live=177344 free=13504 reachbit=0 bit30=22.2
4.059,sweep,,,,,,,,,,,,,live=177344 free=13504 reachbit=0 bit30=22.2
4.312,sweep,,,,,,,,,,,,,live=177344 free=13504 reachbit=0 bit30=22.2
4.563,sweep,,,,,,,,,,,,,live=177344 free=13504 reachbit=0 bit30=22.2
4.815,sweep,,,,,,,,,,,,,live=177344 free=13504 reachbit=0 bit30=22.2
5.066,sweep,,,,,,,,,,,,,live=177344 free=13504 reachbit=0 bit30=22.2
5.319,sweep,,,,,,,,,,,,,live=177344 free=13504 reachbit=0 bit30=22.2
5.571,sweep,,,,,,,,,,,,,live=177344 free=13504 reachbit=0 bit30=22.2
5.823,sweep,,,,,,,,,,,,,live=177344 free=13504 reachbit=0 bit30=22.2
6.075,sweep,,,,,,,,,,,,,live=177344 free=13504 reachbit=0 bit30=22.2
6.330,sweep,,,,,,,,,,,,,live=177344 free=13504 reachbit=0 bit30=22.2
6.582,sweep,,,,,,,,,,,,,live=177344 free=13504 reachbit=0 bit30=22.2
6.836,sweep,,,,,,,,,,,,,live=177344 free=13504 reachbit=0 bit30=22.2
7.088,sweep,,,,,,,,,,,,,live=177344 free=13504 reachbit=0 bit30=22.2
7.340,sweep,,,,,,,,,,,,,live=177344 free=13504 reachbit=0 bit30=22.2
7.592,sweep,,,,,,,,,,,,,live=177344 free=13504 reachbit=0 bit30=22.2
7.844,sweep,,,,,,,,,,,,,live=177344 free=13504 reachbit=0 bit30=22.2
8.096,sweep,,,,,,,,,,,,,live=177344 free=13504 reachbit=0 bit30=22.2
8.348,sweep,,,,,,,,,,,,,live=177344 free=13504 reachbit=0 bit30=22.2
8.601,sweep,,,,,,,,,,,,,live=177344 free=13504 reachbit=0 bit30=22.2
8.853,sweep,,,,,,,,,,,,,live=177344 free=13504 reachbit=0 bit30=22.2
9.106,sweep,,,,,,,,,,,,,live=177344 free=13504 reachbit=0 bit30=22.2
9.358,sweep,,,,,,,,,,,,,live=177344 free=13504 reachbit=0 bit30=22.2
9.611,sweep,,,,,,,,,,,,,live=177344 free=13504 reachbit=0 bit30=22.2
9.863,sweep,,,,,,,,,,,,,live=177344 free=13504 reachbit=0 bit30=22.2
10.116,sweep,,,,,,,,,,,,,live=177344 free=13504 reachbit=0 bit30=22.2
10.370,sweep,,,,,,,,,,,,,live=177344 free=13504 reachbit=0 bit30=22.2
10.623,sweep,,,,,,,,,,,,,live=177344 free=13504 reachbit=0 bit30=22.2
10.875,sweep,,,,,,,,,,,,,live=177344 free=13504 reachbit=0 bit30=22.2
11.129,sweep,,,,,,,,,,,,,live=177344 free=13504 reachbit=0 bit30=22.2
11.381,sweep,,,,,,,,,,,,,live=177344 free=13504 reachbit=0 bit30=22.2
11.633,sweep,,,,,,,,,,,,,live=177344 free=13504 reachbit=0 bit30=22.2
11.885,sweep,,,,,,,,,,,,,live=177344 free=13504 reachbit=0 bit30=22.2
12.136,sweep,,,,,,,,,,,,,live=177344 free=13504 reachbit=0 bit30=22.2
12.389,sweep,,,,,,,,,,,,,live=177344 free=13504 reachbit=0 bit30=22.2
12.642,sweep,,,,,,,,,,,,,live=177344 free=13504 reachbit=0 bit30=22.2
12.894,sweep,,,,,,,,,,,,,live=177344 free=13504 reachbit=0 bit30=22.2
13.146,sweep,,,,,,,,,,,,,live=177344 free=13504 reachbit=0 bit30=22.2
13.399,sweep,,,,,,,,,,,,,live=177344 free=13504 reachbit=0 bit30=22.2
13.652,sweep,,,,,,,,,,,,,live=177344 free=13504 reachbit=0 bit30=22.2
13.905,sweep,,,,,,,,,,,,,live=177344 free=13504 reachbit=0 bit30=22.2
14.157,sweep,,,,,,,,,,,,,live=177344 free=13504 reachbit=0 bit30=22.2
14.410,sweep,,,,,,,,,,,,,live=177344 free=13504 reachbit=0 bit30=22.2
14.664,sweep,,,,,,,,,,,,,live=177344 free=13504 reachbit=0 bit30=22.2
14.917,sweep,,,,,,,,,,,,,live=177344 free=13504 reachbit=0 bit30=22.2
15.170,sweep,,,,,,,,,,,,,live=177344 free=13504 reachbit=0 bit30=22.2
15.422,sweep,,,,,,,,,,,,,live=177344 free=13504 reachbit=0 bit30=22.2
15.675,sweep,,,,,,,,,,,,,live=177344 free=13504 reachbit=0 bit30=22.2
15.928,sweep,,,,,,,,,,,,,live=177344 free=13504 reachbit=0 bit30=22.2
16.181,sweep,,,,,,,,,,,,,live=177344 free=13504 reachbit=0 bit30=22.2
16.433,sweep,,,,,,,,,,,,,live=177344 free=13504 reachbit=0 bit30=22.2
16.685,sweep,,,,,,,,,,,,,live=177344 free=13504 reachbit=0 bit30=22.2
16.937,sweep,,,,,,,,,,,,,live=177344 free=13504 reachbit=0 bit30=22.2
17.190,sweep,,,,,,,,,,,,,live=177344 free=13504 reachbit=0 bit30=22.2
17.442,sweep,,,,,,,,,,,,,live=177344 free=13504 reachbit=0 bit30=22.2
17.695,sweep,,,,,,,,,,,,,live=177344 free=13504 reachbit=0 bit30=22.2
17.948,sweep,,,,,,,,,,,,,live=177344 free=13504 reachbit=0 bit30=22.2
18.200,sweep,,,,,,,,,,,,,live=177344 free=13504 reachbit=0 bit30=22.2
18.453,sweep,,,,,,,,,,,,,live=177344 free=13504 reachbit=0 bit30=22.2
18.706,sweep,,,,,,,,,,,,,live=177344 free=13504 reachbit=0 bit30=22.2
18.960,sweep,,,,,,,,,,,,,live=177344 free=13504 reachbit=0 bit30=22.2
19.213,sweep,,,,,,,,,,,,,live=177344 free=13504 reachbit=0 bit30=22.2
19.464,sweep,,,,,,,,,,,,,live=177344 free=13504 reachbit=0 bit30=22.2
19.717,sweep,,,,,,,,,,,,,live=177344 free=13504 reachbit=0 bit30=22.2
19.969,sweep,,,,,,,,,,,,,live=177344 free=13504 reachbit=0 bit30=22.2
20.222,sweep,,,,,,,,,,,,,live=177344 free=13504 reachbit=0 bit30=22.2
20.476,sweep,,,,,,,,,,,,,live=177344 free=13504 reachbit=0 bit30=22.2
20.728,sweep,,,,,,,,,,,,,live=177344 free=13504 reachbit=0 bit30=22.2
20.981,sweep,,,,,,,,,,,,,live=177344 free=13504 reachbit=0 bit30=22.2
21.234,sweep,,,,,,,,,,,,,live=177344 free=13504 reachbit=0 bit30=22.2
21.487,sweep,,,,,,,,,,,,,live=177344 free=13504 reachbit=0 bit30=22.2
21.740,sweep,,,,,,,,,,,,,live=177344 free=13504 reachbit=0 bit30=22.2
21.992,sweep,,,,,,,,,,,,,live=177344 free=13504 reachbit=0 bit30=22.2
22.245,sweep,,,,,,,,,,,,,live=177344 free=13504 reachbit=0 bit30=22.2
22.499,sweep,,,,,,,,,,,,,live=177344 free=13504 reachbit=0 bit30=22.2
22.751,sweep,,,,,,,,,,,,,live=177344 free=13504 reachbit=0 bit30=22.2
23.003,sweep,,,,,,,,,,,,,live=177344 free=13504 reachbit=0 bit30=22.2
23.256,sweep,,,,,,,,,,,,,live=177344 free=13504 reachbit=0 bit30=22.2
23.509,sweep,,,,,,,,,,,,,live=177344 free=13504 reachbit=0 bit30=22.2
23.761,sweep,,,,,,,,,,,,,live=177344 free=13504 reachbit=0 bit30=22.2
24.014,sweep,,,,,,,,,,,,,live=177344 free=13504 reachbit=0 bit30=22.2
24.266,sweep,,,,,,,,,,,,,live=177344 free=13504 reachbit=0 bit30=22.2
24.518,sweep,,,,,,,,,,,,,live=177344 free=13504 reachbit=0 bit30=22.2
24.770,sweep,,,,,,,,,,,,,live=177344 free=13504 reachbit=0 bit30=22.2
25.023,sweep,,,,,,,,,,,,,live=177344 free=13504 reachbit=0 bit30=22.2
25.277,sweep,,,,,,,,,,,,,live=177344 free=13504 reachbit=0 bit30=22.2
25.530,sweep,,,,,,,,,,,,,live=177344 free=13504 reachbit=0 bit30=22.2
25.784,sweep,,,,,,,,,,,,,live=177344 free=13504 reachbit=0 bit30=22.2
26.036,sweep,,,,,,,,,,,,,live=177344 free=13504 reachbit=0 bit30=22.2
26.289,sweep,,,,,,,,,,,,,live=177344 free=13504 reachbit=0 bit30=22.2
26.541,sweep,,,,,,,,,,,,,live=177344 free=13504 reachbit=0 bit30=22.2
26.795,sweep,,,,,,,,,,,,,live=177344 free=13504 reachbit=0 bit30=22.2
27.049,sweep,,,,,,,,,,,,,live=177344 free=13504 reachbit=0 bit30=22.2
27.302,sweep,,,,,,,,,,,,,live=177344 free=13504 reachbit=0 bit30=22.2
27.555,sweep,,,,,,,,,,,,,live=177344 free=13504 reachbit=0 bit30=22.2
27.808,sweep,,,,,,,,,,,,,live=177344 free=13504 reachbit=0 bit30=22.2
28.060,sweep,,,,,,,,,,,,,live=177344 free=13504 reachbit=0 bit30=22.2
28.312,sweep,,,,,,,,,,,,,live=177344 free=13504 reachbit=0 bit30=22.2
28.564,sweep,,,,,,,,,,,,,live=177344 free=13504 reachbit=0 bit30=22.2
28.816,sweep,,,,,,,,,,,,,live=177344 free=13504 reachbit=0 bit30=22.2
29.069,sweep,,,,,,,,,,,,,live=177344 free=13504 reachbit=0 bit30=22.2
29.322,sweep,,,,,,,,,,,,,live=177344 free=13504 reachbit=0 bit30=22.2
29.575,sweep,,,,,,,,,,,,,live=177344 free=13504 reachbit=0 bit30=22.2
29.826,sweep,,,,,,,,,,,,,live=177344 free=13504 reachbit=0 bit30=22.2
30.079,sweep,,,,,,,,,,,,,live=177344 free=13504 reachbit=0 bit30=22.2
30.332,sweep,,,,,,,,,,,,,live=177344 free=13504 reachbit=0 bit30=22.2
30.584,sweep,,,,,,,,,,,,,live=177344 free=13504 reachbit=0 bit30=22.2
30.837,sweep,,,,,,,,,,,,,live=177344 free=13504 reachbit=0 bit30=22.2
31.089,sweep,,,,,,,,,,,,,live=177344 free=13504 reachbit=0 bit30=22.2
31.343,sweep,,,,,,,,,,,,,live=177344 free=13504 reachbit=0 bit30=22.2
31.597,sweep,,,,,,,,,,,,,live=177344 free=13504 reachbit=0 bit30=22.2
31.850,sweep,,,,,,,,,,,,,live=177344 free=13504 reachbit=0 bit30=22.2
32.103,sweep,,,,,,,,,,,,,live=177344 free=13504 reachbit=0 bit30=22.2
32.357,sweep,,,,,,,,,,,,,live=177344 free=13504 reachbit=0 bit30=22.2
32.610,sweep,,,,,,,,,,,,,live=177344 free=13504 reachbit=0 bit30=22.2
32.863,sweep,,,,,,,,,,,,,live=177344 free=13504 reachbit=0 bit30=22.2
33.116,sweep,,,,,,,,,,,,,live=177352 free=13496 reachbit=0 bit30=22.2
33.369,sweep,,,,,,,,,,,,,live=177352 free=13496 reachbit=0 bit30=22.2
33.622,sweep,,,,,,,,,,,,,live=177352 free=13496 reachbit=0 bit30=22.2
33.874,sweep,,,,,,,,,,,,,live=177352 free=13496 reachbit=0 bit30=22.2
34.126,sweep,,,,,,,,,,,,,live=177352 free=13496 reachbit=0 bit30=22.2
34.378,sweep,,,,,,,,,,,,,live=177352 free=13496 reachbit=0 bit30=22.2
34.631,sweep,,,,,,,,,,,,,live=177352 free=13496 reachbit=0 bit30=22.2
34.884,sweep,,,,,,,,,,,,,live=177352 free=13496 reachbit=0 bit30=22.2
35.136,sweep,,,,,,,,,,,,,live=177352 free=13496 reachbit=0 bit30=22.2
35.390,sweep,,,,,,,,,,,,,live=177352 free=13496 reachbit=0 bit30=22.2
35.643,sweep,,,,,,,,,,,,,live=177352 free=13496 reachbit=0 bit30=22.2
35.896,sweep,,,,,,,,,,,,,live=177352 free=13496 reachbit=0 bit30=22.2
36.149,sweep,,,,,,,,,,,,,live=177352 free=13496 reachbit=0 bit30=22.2
36.402,sweep,,,,,,,,,,,,,live=177352 free=13496 reachbit=0 bit30=22.2
36.655,sweep,,,,,,,,,,,,,live=177352 free=13496 reachbit=0 bit30=22.2
36.908,sweep,,,,,,,,,,,,,live=177352 free=13496 reachbit=0 bit30=22.2
37.161,sweep,,,,,,,,,,,,,live=177352 free=13496 reachbit=0 bit30=22.2
37.414,sweep,,,,,,,,,,,,,live=177352 free=13496 reachbit=0 bit30=22.2
37.667,sweep,,,,,,,,,,,,,live=177352 free=13496 reachbit=0 bit30=22.2
37.921,sweep,,,,,,,,,,,,,live=177352 free=13496 reachbit=0 bit30=22.2
38.172,sweep,,,,,,,,,,,,,live=177352 free=13496 reachbit=0 bit30=22.2
38.425,sweep,,,,,,,,,,,,,live=177352 free=13496 reachbit=0 bit30=22.2
38.677,sweep,,,,,,,,,,,,,live=177352 free=13496 reachbit=0 bit30=22.2
38.930,sweep,,,,,,,,,,,,,live=177352 free=13496 reachbit=0 bit30=22.2
39.183,sweep,,,,,,,,,,,,,live=177352 free=13496 reachbit=0 bit30=22.2
39.436,sweep,,,,,,,,,,,,,live=177352 free=13496 reachbit=0 bit30=22.2
39.689,sweep,,,,,,,,,,,,,live=177352 free=13496 reachbit=0 bit30=22.2
39.942,sweep,,,,,,,,,,,,,live=177352 free=13496 reachbit=0 bit30=22.2
40.194,sweep,,,,,,,,,,,,,live=177352 free=13496 reachbit=0 bit30=22.2
40.447,sweep,,,,,,,,,,,,,live=177352 free=13496 reachbit=0 bit30=22.2
40.700,sweep,,,,,,,,,,,,,live=177352 free=13496 reachbit=0 bit30=22.2
40.953,sweep,,,,,,,,,,,,,live=177352 free=13496 reachbit=0 bit30=22.2
41.206,sweep,,,,,,,,,,,,,live=177352 free=13496 reachbit=0 bit30=22.2
41.458,sweep,,,,,,,,,,,,,live=177352 free=13496 reachbit=0 bit30=22.2
41.711,sweep,,,,,,,,,,,,,live=177352 free=13496 reachbit=0 bit30=22.2
41.964,sweep,,,,,,,,,,,,,live=177352 free=13496 reachbit=0 bit30=22.2
42.215,sweep,,,,,,,,,,,,,live=177352 free=13496 reachbit=0 bit30=22.2
42.469,sweep,,,,,,,,,,,,,live=177352 free=13496 reachbit=0 bit30=22.2
42.722,sweep,,,,,,,,,,,,,live=177352 free=13496 reachbit=0 bit30=22.2
42.974,sweep,,,,,,,,,,,,,live=177352 free=13496 reachbit=0 bit30=22.2
43.226,sweep,,,,,,,,,,,,,live=177352 free=13496 reachbit=0 bit30=22.2
43.479,sweep,,,,,,,,,,,,,live=177352 free=13496 reachbit=0 bit30=22.2
43.731,sweep,,,,,,,,,,,,,live=177352 free=13496 reachbit=0 bit30=22.2
43.985,sweep,,,,,,,,,,,,,live=177352 free=13496 reachbit=0 bit30=22.2
44.237,sweep,,,,,,,,,,,,,live=177352 free=13496 reachbit=0 bit30=22.2
44.490,sweep,,,,,,,,,,,,,live=177352 free=13496 reachbit=0 bit30=22.2
44.742,sweep,,,,,,,,,,,,,live=177352 free=13496 reachbit=0 bit30=22.2
44.995,sweep,,,,,,,,,,,,,live=177352 free=13496 reachbit=0 bit30=22.2
45.247,sweep,,,,,,,,,,,,,live=177352 free=13496 reachbit=0 bit30=22.2
45.500,sweep,,,,,,,,,,,,,live=177352 free=13496 reachbit=0 bit30=22.2
45.752,sweep,,,,,,,,,,,,,live=177352 free=13496 reachbit=0 bit30=22.2
46.005,sweep,,,,,,,,,,,,,live=177352 free=13496 reachbit=0 bit30=22.2
46.257,sweep,,,,,,,,,,,,,live=177352 free=13496 reachbit=0 bit30=22.2
46.510,sweep,,,,,,,,,,,,,live=177352 free=13496 reachbit=0 bit30=22.2
46.763,sweep,,,,,,,,,,,,,live=177352 free=13496 reachbit=0 bit30=22.2
47.016,sweep,,,,,,,,,,,,,live=177352 free=13496 reachbit=0 bit30=22.2
47.270,sweep,,,,,,,,,,,,,live=177352 free=13496 reachbit=0 bit30=22.2
47.522,sweep,,,,,,,,,,,,,live=177352 free=13496 reachbit=0 bit30=22.2
47.775,sweep,,,,,,,,,,,,,live=177352 free=13496 reachbit=0 bit30=22.2
48.028,sweep,,,,,,,,,,,,,live=177352 free=13496 reachbit=0 bit30=22.2
48.282,sweep,,,,,,,,,,,,,live=177352 free=13496 reachbit=0 bit30=22.2
48.535,sweep,,,,,,,,,,,,,live=177352 free=13496 reachbit=0 bit30=22.2
48.787,sweep,,,,,,,,,,,,,live=177352 free=13496 reachbit=0 bit30=22.2
49.040,sweep,,,,,,,,,,,,,live=177352 free=13496 reachbit=0 bit30=22.2
49.293,sweep,,,,,,,,,,,,,live=177352 free=13496 reachbit=0 bit30=22.2
49.546,sweep,,,,,,,,,,,,,live=177352 free=13496 reachbit=0 bit30=22.2
49.799,sweep,,,,,,,,,,,,,live=177352 free=13496 reachbit=0 bit30=22.2
50.053,sweep,,,,,,,,,,,,,live=177352 free=13496 reachbit=0 bit30=22.2
50.304,sweep,,,,,,,,,,,,,live=177352 free=13496 reachbit=0 bit30=22.2
50.558,sweep,,,,,,,,,,,,,live=177352 free=13496 reachbit=0 bit30=22.2
50.811,sweep,,,,,,,,,,,,,live=177352 free=13496 reachbit=0 bit30=22.2
51.063,sweep,,,,,,,,,,,,,live=177352 free=13496 reachbit=0 bit30=22.2
51.316,sweep,,,,,,,,,,,,,live=177352 free=13496 reachbit=0 bit30=22.2
51.568,sweep,,,,,,,,,,,,,live=177352 free=13496 reachbit=0 bit30=22.2
51.822,sweep,,,,,,,,,,,,,live=177352 free=13496 reachbit=0 bit30=22.2
52.075,sweep,,,,,,,,,,,,,live=177352 free=13496 reachbit=0 bit30=22.2
52.327,sweep,,,,,,,,,,,,,live=177352 free=13496 reachbit=0 bit30=22.2
52.581,sweep,,,,,,,,,,,,,live=177352 free=13496 reachbit=0 bit30=22.2
52.833,sweep,,,,,,,,,,,,,live=177352 free=13496 reachbit=0 bit30=22.2
53.088,sweep,,,,,,,,,,,,,live=177352 free=13496 reachbit=0 bit30=22.2
53.339,sweep,,,,,,,,,,,,,live=177352 free=13496 reachbit=0 bit30=22.2
53.592,sweep,,,,,,,,,,,,,live=177352 free=13496 reachbit=0 bit30=22.2
53.845,sweep,,,,,,,,,,,,,live=177352 free=13496 reachbit=0 bit30=22.2
54.098,sweep,,,,,,,,,,,,,live=177352 free=13496 reachbit=0 bit30=22.2
54.352,sweep,,,,,,,,,,,,,live=177352 free=13496 reachbit=0 bit30=22.2
54.604,sweep,,,,,,,,,,,,,live=177352 free=13496 reachbit=0 bit30=22.2
54.857,sweep,,,,,,,,,,,,,live=177352 free=13496 reachbit=0 bit30=22.2
55.111,sweep,,,,,,,,,,,,,live=177352 free=13496 reachbit=0 bit30=22.2
55.362,sweep,,,,,,,,,,,,,live=177352 free=13496 reachbit=0 bit30=22.2
55.614,sweep,,,,,,,,,,,,,live=177352 free=13496 reachbit=0 bit30=22.2
55.867,sweep,,,,,,,,,,,,,live=177352 free=13496 reachbit=0 bit30=22.2
56.119,sweep,,,,,,,,,,,,,live=177352 free=13496 reachbit=0 bit30=22.2
56.372,sweep,,,,,,,,,,,,,live=177352 free=13496 reachbit=0 bit30=22.2
56.624,sweep,,,,,,,,,,,,,live=177352 free=13496 reachbit=0 bit30=22.2
56.877,sweep,,,,,,,,,,,,,live=177352 free=13496 reachbit=0 bit30=22.2
57.129,sweep,,,,,,,,,,,,,live=177352 free=13496 reachbit=0 bit30=22.2
57.381,sweep,,,,,,,,,,,,,live=177352 free=13496 reachbit=0 bit30=22.2
57.634,sweep,,,,,,,,,,,,,live=177352 free=13496 reachbit=0 bit30=22.2
57.888,sweep,,,,,,,,,,,,,live=177352 free=13496 reachbit=0 bit30=22.2
58.140,sweep,,,,,,,,,,,,,live=177352 free=13496 reachbit=0 bit30=22.2
58.393,sweep,,,,,,,,,,,,,live=177352 free=13496 reachbit=0 bit30=22.2
58.645,sweep,,,,,,,,,,,,,live=177352 free=13496 reachbit=0 bit30=22.2
58.898,sweep,,,,,,,,,,,,,live=177352 free=13496 reachbit=0 bit30=22.2
59.150,sweep,,,,,,,,,,,,,live=177352 free=13496 reachbit=0 bit30=22.2
59.402,sweep,,,,,,,,,,,,,live=177352 free=13496 reachbit=0 bit30=22.2
59.654,sweep,,,,,,,,,,,,,live=177352 free=13496 reachbit=0 bit30=22.2
59.907,sweep,,,,,,,,,,,,,live=177352 free=13496 reachbit=0 bit30=22.2
60.160,sweep,,,,,,,,,,,,,live=177352 free=13496 reachbit=0 bit30=22.2
60.413,sweep,,,,,,,,,,,,,live=177352 free=13496 reachbit=0 bit30=22.2
60.665,sweep,,,,,,,,,,,,,live=177352 free=13496 reachbit=0 bit30=22.2
60.918,sweep,,,,,,,,,,,,,live=177352 free=13496 reachbit=0 bit30=22.2
61.171,sweep,,,,,,,,,,,,,live=177352 free=13496 reachbit=0 bit30=22.2
61.423,sweep,,,,,,,,,,,,,live=177352 free=13496 reachbit=0 bit30=22.2
61.676,sweep,,,,,,,,,,,,,live=177352 free=13496 reachbit=0 bit30=22.2
61.929,sweep,,,,,,,,,,,,,live=177352 free=13496 reachbit=0 bit30=22.2
62.182,sweep,,,,,,,,,,,,,live=177352 free=13496 reachbit=0 bit30=22.2
62.435,sweep,,,,,,,,,,,,,live=177336 free=13512 reachbit=2 bit30=22.2
62.686,sweep,,,,,,,,,,,,,live=177336 free=13512 reachbit=2 bit30=22.2
62.939,sweep,,,,,,,,,,,,,live=177336 free=13512 reachbit=2 bit30=22.2
63.191,sweep,,,,,,,,,,,,,live=177344 free=13504 reachbit=2 bit30=22.2
63.443,sweep,,,,,,,,,,,,,live=177344 free=13504 reachbit=2 bit30=22.2
63.696,sweep,,,,,,,,,,,,,live=177344 free=13504 reachbit=2 bit30=22.2
63.948,sweep,,,,,,,,,,,,,live=177344 free=13504 reachbit=2 bit30=22.2
64.201,sweep,,,,,,,,,,,,,live=177344 free=13504 reachbit=2 bit30=22.2
64.454,sweep,,,,,,,,,,,,,live=177344 free=13504 reachbit=2 bit30=22.2
64.707,sweep,,,,,,,,,,,,,live=177344 free=13504 reachbit=2 bit30=22.2
64.960,sweep,,,,,,,,,,,,,live=177344 free=13504 reachbit=2 bit30=22.2
65.214,sweep,,,,,,,,,,,,,live=177344 free=13504 reachbit=2 bit30=22.2
65.466,sweep,,,,,,,,,,,,,live=177344 free=13504 reachbit=2 bit30=22.2
65.719,sweep,,,,,,,,,,,,,live=177344 free=13504 reachbit=2 bit30=22.2
65.974,sweep,,,,,,,,,,,,,live=177344 free=13504 reachbit=2 bit30=22.2
66.226,sweep,,,,,,,,,,,,,live=177344 free=13504 reachbit=2 bit30=22.2
66.479,sweep,,,,,,,,,,,,,live=177344 free=13504 reachbit=2 bit30=22.2
66.732,sweep,,,,,,,,,,,,,live=177344 free=13504 reachbit=2 bit30=22.2
66.985,sweep,,,,,,,,,,,,,live=177344 free=13504 reachbit=2 bit30=22.2
67.237,sweep,,,,,,,,,,,,,live=177344 free=13504 reachbit=2 bit30=22.2
67.490,sweep,,,,,,,,,,,,,live=177344 free=13504 reachbit=2 bit30=22.2
67.742,sweep,,,,,,,,,,,,,live=177344 free=13504 reachbit=2 bit30=22.2
67.994,sweep,,,,,,,,,,,,,live=177344 free=13504 reachbit=2 bit30=22.2
68.247,sweep,,,,,,,,,,,,,live=177344 free=13504 reachbit=2 bit30=22.2
68.499,sweep,,,,,,,,,,,,,live=177344 free=13504 reachbit=2 bit30=22.2
68.752,sweep,,,,,,,,,,,,,live=177344 free=13504 reachbit=2 bit30=22.2
69.004,sweep,,,,,,,,,,,,,live=177344 free=13504 reachbit=2 bit30=22.2
69.256,sweep,,,,,,,,,,,,,live=177344 free=13504 reachbit=2 bit30=22.2
69.509,sweep,,,,,,,,,,,,,live=177344 free=13504 reachbit=2 bit30=22.2
69.763,sweep,,,,,,,,,,,,,live=177344 free=13504 reachbit=2 bit30=22.2
70.017,sweep,,,,,,,,,,,,,live=177344 free=13504 reachbit=2 bit30=22.2
70.269,sweep,,,,,,,,,,,,,live=177344 free=13504 reachbit=2 bit30=22.2
70.521,sweep,,,,,,,,,,,,,live=177344 free=13504 reachbit=2 bit30=22.2
70.775,sweep,,,,,,,,,,,,,live=177344 free=13504 reachbit=2 bit30=22.2
71.028,sweep,,,,,,,,,,,,,live=177344 free=13504 reachbit=2 bit30=22.2
71.282,sweep,,,,,,,,,,,,,live=177344 free=13504 reachbit=2 bit30=22.2
71.534,sweep,,,,,,,,,,,,,live=177344 free=13504 reachbit=2 bit30=22.2
71.786,sweep,,,,,,,,,,,,,live=177344 free=13504 reachbit=2 bit30=22.2
72.039,sweep,,,,,,,,,,,,,live=177344 free=13504 reachbit=2 bit30=22.2
72.291,sweep,,,,,,,,,,,,,live=177344 free=13504 reachbit=2 bit30=22.2
72.544,sweep,,,,,,,,,,,,,live=177344 free=13504 reachbit=2 bit30=22.2
72.796,sweep,,,,,,,,,,,,,live=177344 free=13504 reachbit=2 bit30=22.2
73.048,sweep,,,,,,,,,,,,,live=177344 free=13504 reachbit=2 bit30=22.2
73.300,sweep,,,,,,,,,,,,,live=177344 free=13504 reachbit=2 bit30=22.2
73.553,sweep,,,,,,,,,,,,,live=177344 free=13504 reachbit=2 bit30=22.2
73.805,sweep,,,,,,,,,,,,,live=177344 free=13504 reachbit=2 bit30=22.2
74.060,sweep,,,,,,,,,,,,,live=177344 free=13504 reachbit=2 bit30=22.2
74.313,sweep,,,,,,,,,,,,,live=177344 free=13504 reachbit=2 bit30=22.2
74.566,sweep,,,,,,,,,,,,,live=177344 free=13504 reachbit=2 bit30=22.2
74.820,sweep,,,,,,,,,,,,,live=177344 free=13504 reachbit=2 bit30=22.2
75.073,sweep,,,,,,,,,,,,,live=177344 free=13504 reachbit=2 bit30=22.2
75.326,sweep,,,,,,,,,,,,,live=177344 free=13504 reachbit=2 bit30=22.2
75.579,sweep,,,,,,,,,,,,,live=177344 free=13504 reachbit=2 bit30=22.2
75.832,sweep,,,,,,,,,,,,,live=177344 free=13504 reachbit=2 bit30=22.2
76.085,sweep,,,,,,,,,,,,,live=177344 free=13504 reachbit=2 bit30=22.2
76.337,sweep,,,,,,,,,,,,,live=177344 free=13504 reachbit=2 bit30=22.2
76.590,sweep,,,,,,,,,,,,,live=177344 free=13504 reachbit=2 bit30=22.2
76.844,sweep,,,,,,,,,,,,,live=177344 free=13504 reachbit=2 bit30=22.2
77.095,sweep,,,,,,,,,,,,,live=177344 free=13504 reachbit=2 bit30=22.2
77.348,sweep,,,,,,,,,,,,,live=177344 free=13504 reachbit=2 bit30=22.2
77.601,sweep,,,,,,,,,,,,,live=177344 free=13504 reachbit=2 bit30=22.2
77.853,sweep,,,,,,,,,,,,,live=177344 free=13504 reachbit=2 bit30=22.2
78.106,sweep,,,,,,,,,,,,,live=177344 free=13504 reachbit=2 bit30=22.2
78.358,sweep,,,,,,,,,,,,,live=177344 free=13504 reachbit=2 bit30=22.2
78.611,sweep,,,,,,,,,,,,,live=177344 free=13504 reachbit=2 bit30=22.2
78.864,sweep,,,,,,,,,,,,,live=177344 free=13504 reachbit=2 bit30=22.2
79.116,sweep,,,,,,,,,,,,,live=177344 free=13504 reachbit=2 bit30=22.2
79.369,sweep,,,,,,,,,,,,,live=177344 free=13504 reachbit=2 bit30=22.2
79.622,sweep,,,,,,,,,,,,,live=177344 free=13504 reachbit=2 bit30=22.2
79.873,sweep,,,,,,,,,,,,,live=177344 free=13504 reachbit=2 bit30=22.2
80.125,sweep,,,,,,,,,,,,,live=177344 free=13504 reachbit=2 bit30=22.2
80.378,sweep,,,,,,,,,,,,,live=177344 free=13504 reachbit=2 bit30=22.2
80.630,sweep,,,,,,,,,,,,,live=177344 free=13504 reachbit=2 bit30=22.2
80.883,sweep,,,,,,,,,,,,,live=177344 free=13504 reachbit=2 bit30=22.2
81.135,sweep,,,,,,,,,,,,,live=177344 free=13504 reachbit=2 bit30=22.2
81.387,sweep,,,,,,,,,,,,,live=177344 free=13504 reachbit=2 bit30=22.2
81.640,sweep,,,,,,,,,,,,,live=177344 free=13504 reachbit=2 bit30=22.2
81.893,sweep,,,,,,,,,,,,,live=177344 free=13504 reachbit=2 bit30=22.2
82.145,sweep,,,,,,,,,,,,,live=177344 free=13504 reachbit=2 bit30=22.2
82.398,sweep,,,,,,,,,,,,,live=177344 free=13504 reachbit=2 bit30=22.2
82.651,sweep,,,,,,,,,,,,,live=177344 free=13504 reachbit=2 bit30=22.2
82.904,sweep,,,,,,,,,,,,,live=177344 free=13504 reachbit=2 bit30=22.2
83.155,sweep,,,,,,,,,,,,,live=177344 free=13504 reachbit=2 bit30=22.2
83.410,sweep,,,,,,,,,,,,,live=177344 free=13504 reachbit=2 bit30=22.2
83.662,sweep,,,,,,,,,,,,,live=177344 free=13504 reachbit=2 bit30=22.2
83.914,sweep,,,,,,,,,,,,,live=177344 free=13504 reachbit=2 bit30=22.2
84.167,sweep,,,,,,,,,,,,,live=177344 free=13504 reachbit=2 bit30=22.2
84.418,sweep,,,,,,,,,,,,,live=177344 free=13504 reachbit=2 bit30=22.2
84.671,sweep,,,,,,,,,,,,,live=177344 free=13504 reachbit=2 bit30=22.2
84.924,sweep,,,,,,,,,,,,,live=177344 free=13504 reachbit=2 bit30=22.2
85.177,sweep,,,,,,,,,,,,,live=177344 free=13504 reachbit=2 bit30=22.2
85.429,sweep,,,,,,,,,,,,,live=177344 free=13504 reachbit=2 bit30=22.2
85.681,sweep,,,,,,,,,,,,,live=177344 free=13504 reachbit=2 bit30=22.2
85.934,sweep,,,,,,,,,,,,,live=177344 free=13504 reachbit=2 bit30=22.2
86.188,sweep,,,,,,,,,,,,,live=177344 free=13504 reachbit=2 bit30=22.2
86.441,sweep,,,,,,,,,,,,,live=177344 free=13504 reachbit=2 bit30=22.2
86.693,sweep,,,,,,,,,,,,,live=177344 free=13504 reachbit=2 bit30=22.2
86.946,sweep,,,,,,,,,,,,,live=177344 free=13504 reachbit=2 bit30=22.2
87.199,sweep,,,,,,,,,,,,,live=177344 free=13504 reachbit=2 bit30=22.2
87.451,sweep,,,,,,,,,,,,,live=177344 free=13504 reachbit=2 bit30=22.2
87.704,sweep,,,,,,,,,,,,,live=177344 free=13504 reachbit=2 bit30=22.2
87.957,sweep,,,,,,,,,,,,,live=177344 free=13504 reachbit=2 bit30=22.2
88.211,sweep,,,,,,,,,,,,,live=177344 free=13504 reachbit=2 bit30=22.2
88.464,sweep,,,,,,,,,,,,,live=177344 free=13504 reachbit=2 bit30=22.2
88.717,sweep,,,,,,,,,,,,,live=177344 free=13504 reachbit=2 bit30=22.2
88.970,sweep,,,,,,,,,,,,,live=177344 free=13504 reachbit=2 bit30=22.2
89.223,sweep,,,,,,,,,,,,,live=177344 free=13504 reachbit=2 bit30=22.2
89.475,sweep,,,,,,,,,,,,,live=177344 free=13504 reachbit=2 bit30=22.2
89.729,sweep,,,,,,,,,,,,,live=177344 free=13504 reachbit=2 bit30=22.2
89.982,sweep,,,,,,,,,,,,,live=177344 free=13504 reachbit=2 bit30=22.2
90.240,sweep,,,,,,,,,,,,,live=177344 free=13504 reachbit=2 bit30=22.2
90.493,sweep,,,,,,,,,,,,,live=177344 free=13504 reachbit=2 bit30=22.2
90.745,sweep,,,,,,,,,,,,,live=177344 free=13504 reachbit=2 bit30=22.2
90.997,sweep,,,,,,,,,,,,,live=177344 free=13504 reachbit=2 bit30=22.2
91.250,sweep,,,,,,,,,,,,,live=177344 free=13504 reachbit=2 bit30=22.2
91.502,sweep,,,,,,,,,,,,,live=177344 free=13504 reachbit=2 bit30=22.2
91.755,sweep,,,,,,,,,,,,,live=177344 free=13504 reachbit=2 bit30=22.2
92.008,sweep,,,,,,,,,,,,,live=177344 free=13504 reachbit=2 bit30=22.2
92.261,sweep,,,,,,,,,,,,,live=177344 free=13504 reachbit=2 bit30=22.2
92.513,sweep,,,,,,,,,,,,,live=177344 free=13504 reachbit=2 bit30=22.2
92.765,sweep,,,,,,,,,,,,,live=177344 free=13504 reachbit=2 bit30=22.2
93.017,sweep,,,,,,,,,,,,,live=177344 free=13504 reachbit=2 bit30=22.2
93.270,sweep,,,,,,,,,,,,,live=177352 free=13496 reachbit=2 bit30=22.2
93.522,sweep,,,,,,,,,,,,,live=177352 free=13496 reachbit=2 bit30=22.2
93.773,sweep,,,,,,,,,,,,,live=177352 free=13496 reachbit=2 bit30=22.2
94.026,sweep,,,,,,,,,,,,,live=177352 free=13496 reachbit=2 bit30=22.2
94.276,sweep,,,,,,,,,,,,,live=177352 free=13496 reachbit=2 bit30=22.2
94.529,sweep,,,,,,,,,,,,,live=177352 free=13496 reachbit=2 bit30=22.2
94.781,sweep,,,,,,,,,,,,,live=177352 free=13496 reachbit=2 bit30=22.2
95.034,sweep,,,,,,,,,,,,,live=177352 free=13496 reachbit=2 bit30=22.2
95.286,sweep,,,,,,,,,,,,,live=177352 free=13496 reachbit=2 bit30=22.2
95.538,sweep,,,,,,,,,,,,,live=177352 free=13496 reachbit=2 bit30=22.2
95.790,sweep,,,,,,,,,,,,,live=177352 free=13496 reachbit=2 bit30=22.2
96.043,sweep,,,,,,,,,,,,,live=177352 free=13496 reachbit=2 bit30=22.2
96.296,sweep,,,,,,,,,,,,,live=177352 free=13496 reachbit=2 bit30=22.2
96.550,sweep,,,,,,,,,,,,,live=177352 free=13496 reachbit=2 bit30=22.2
96.803,sweep,,,,,,,,,,,,,live=177352 free=13496 reachbit=2 bit30=22.2
97.055,sweep,,,,,,,,,,,,,live=177352 free=13496 reachbit=2 bit30=22.2
97.308,sweep,,,,,,,,,,,,,live=177352 free=13496 reachbit=2 bit30=22.2
97.559,sweep,,,,,,,,,,,,,live=177352 free=13496 reachbit=2 bit30=22.2
97.812,sweep,,,,,,,,,,,,,live=177352 free=13496 reachbit=2 bit30=22.2
98.064,sweep,,,,,,,,,,,,,live=177352 free=13496 reachbit=2 bit30=22.2
98.317,sweep,,,,,,,,,,,,,live=177352 free=13496 reachbit=2 bit30=22.2
98.569,sweep,,,,,,,,,,,,,live=177352 free=13496 reachbit=2 bit30=22.2
98.821,sweep,,,,,,,,,,,,,live=177352 free=13496 reachbit=2 bit30=22.2
99.074,sweep,,,,,,,,,,,,,live=177352 free=13496 reachbit=2 bit30=22.2
99.326,sweep,,,,,,,,,,,,,live=177352 free=13496 reachbit=2 bit30=22.2
99.578,sweep,,,,,,,,,,,,,live=177352 free=13496 reachbit=2 bit30=22.2
99.832,sweep,,,,,,,,,,,,,live=177352 free=13496 reachbit=2 bit30=22.2
100.084,sweep,,,,,,,,,,,,,live=177352 free=13496 reachbit=2 bit30=22.2
100.335,sweep,,,,,,,,,,,,,live=177352 free=13496 reachbit=2 bit30=22.2
100.588,sweep,,,,,,,,,,,,,live=177352 free=13496 reachbit=2 bit30=22.2
100.841,sweep,,,,,,,,,,,,,live=177352 free=13496 reachbit=2 bit30=22.2
101.093,sweep,,,,,,,,,,,,,live=177352 free=13496 reachbit=2 bit30=22.2
101.345,sweep,,,,,,,,,,,,,live=177352 free=13496 reachbit=2 bit30=22.2
101.598,sweep,,,,,,,,,,,,,live=177352 free=13496 reachbit=2 bit30=22.2
101.851,sweep,,,,,,,,,,,,,live=177352 free=13496 reachbit=2 bit30=22.2
102.103,sweep,,,,,,,,,,,,,live=177352 free=13496 reachbit=2 bit30=22.2
102.356,sweep,,,,,,,,,,,,,live=177352 free=13496 reachbit=2 bit30=22.2
102.609,sweep,,,,,,,,,,,,,live=177352 free=13496 reachbit=2 bit30=22.2
102.863,sweep,,,,,,,,,,,,,live=177352 free=13496 reachbit=2 bit30=22.2
103.115,sweep,,,,,,,,,,,,,live=177352 free=13496 reachbit=2 bit30=22.2
103.369,sweep,,,,,,,,,,,,,live=177352 free=13496 reachbit=2 bit30=22.2
103.622,sweep,,,,,,,,,,,,,live=177352 free=13496 reachbit=2 bit30=22.2
103.874,sweep,,,,,,,,,,,,,live=177352 free=13496 reachbit=2 bit30=22.2
104.127,sweep,,,,,,,,,,,,,live=177352 free=13496 reachbit=2 bit30=22.2
104.379,sweep,,,,,,,,,,,,,live=177352 free=13496 reachbit=2 bit30=22.2
104.632,sweep,,,,,,,,,,,,,live=177352 free=13496 reachbit=2 bit30=22.2
104.885,sweep,,,,,,,,,,,,,live=177352 free=13496 reachbit=2 bit30=22.2
105.136,sweep,,,,,,,,,,,,,live=177352 free=13496 reachbit=2 bit30=22.2
105.388,sweep,,,,,,,,,,,,,live=177352 free=13496 reachbit=2 bit30=22.2
105.642,sweep,,,,,,,,,,,,,live=177352 free=13496 reachbit=2 bit30=22.2
105.894,sweep,,,,,,,,,,,,,live=177352 free=13496 reachbit=2 bit30=22.2
106.148,sweep,,,,,,,,,,,,,live=177352 free=13496 reachbit=2 bit30=22.2
106.401,sweep,,,,,,,,,,,,,live=177352 free=13496 reachbit=2 bit30=22.2
106.654,sweep,,,,,,,,,,,,,live=177352 free=13496 reachbit=2 bit30=22.2
106.906,sweep,,,,,,,,,,,,,live=177352 free=13496 reachbit=2 bit30=22.2
107.159,sweep,,,,,,,,,,,,,live=177352 free=13496 reachbit=2 bit30=22.2
107.412,sweep,,,,,,,,,,,,,live=177352 free=13496 reachbit=2 bit30=22.2
107.665,sweep,,,,,,,,,,,,,live=177352 free=13496 reachbit=2 bit30=22.2
107.917,sweep,,,,,,,,,,,,,live=177352 free=13496 reachbit=2 bit30=22.2
108.169,sweep,,,,,,,,,,,,,live=177352 free=13496 reachbit=2 bit30=22.2
108.422,sweep,,,,,,,,,,,,,live=177352 free=13496 reachbit=2 bit30=22.2
108.674,sweep,,,,,,,,,,,,,live=177352 free=13496 reachbit=2 bit30=22.2
108.928,sweep,,,,,,,,,,,,,live=177352 free=13496 reachbit=2 bit30=22.2
109.180,sweep,,,,,,,,,,,,,live=177352 free=13496 reachbit=2 bit30=22.2
109.433,sweep,,,,,,,,,,,,,live=177352 free=13496 reachbit=2 bit30=22.2
109.685,sweep,,,,,,,,,,,,,live=177352 free=13496 reachbit=2 bit30=22.2
109.938,sweep,,,,,,,,,,,,,live=177352 free=13496 reachbit=2 bit30=22.2
110.190,sweep,,,,,,,,,,,,,live=177352 free=13496 reachbit=2 bit30=22.2
110.442,sweep,,,,,,,,,,,,,live=177352 free=13496 reachbit=2 bit30=22.2
110.694,sweep,,,,,,,,,,,,,live=177352 free=13496 reachbit=2 bit30=22.2
110.947,sweep,,,,,,,,,,,,,live=177352 free=13496 reachbit=2 bit30=22.2
111.199,sweep,,,,,,,,,,,,,live=177352 free=13496 reachbit=2 bit30=22.2
111.452,sweep,,,,,,,,,,,,,live=177352 free=13496 reachbit=2 bit30=22.2
111.705,sweep,,,,,,,,,,,,,live=177352 free=13496 reachbit=2 bit30=22.2
111.957,sweep,,,,,,,,,,,,,live=177352 free=13496 reachbit=2 bit30=22.2
112.210,sweep,,,,,,,,,,,,,live=177352 free=13496 reachbit=2 bit30=22.2
112.463,sweep,,,,,,,,,,,,,live=177352 free=13496 reachbit=2 bit30=22.2
112.715,sweep,,,,,,,,,,,,,live=177352 free=13496 reachbit=2 bit30=22.2
112.969,sweep,,,,,,,,,,,,,live=177352 free=13496 reachbit=2 bit30=22.2
113.223,sweep,,,,,,,,,,,,,live=177352 free=13496 reachbit=2 bit30=22.2
113.475,sweep,,,,,,,,,,,,,live=177352 free=13496 reachbit=2 bit30=22.2
113.728,sweep,,,,,,,,,,,,,live=177352 free=13496 reachbit=2 bit30=22.2
113.979,sweep,,,,,,,,,,,,,live=177352 free=13496 reachbit=2 bit30=22.2
114.232,sweep,,,,,,,,,,,,,live=177352 free=13496 reachbit=2 bit30=22.2
114.484,sweep,,,,,,,,,,,,,live=177352 free=13496 reachbit=2 bit30=22.2
114.735,sweep,,,,,,,,,,,,,live=177352 free=13496 reachbit=2 bit30=22.2
114.987,sweep,,,,,,,,,,,,,live=177352 free=13496 reachbit=2 bit30=22.2
115.240,sweep,,,,,,,,,,,,,live=177352 free=13496 reachbit=2 bit30=22.2
115.492,sweep,,,,,,,,,,,,,live=177352 free=13496 reachbit=2 bit30=22.2
115.745,sweep,,,,,,,,,,,,,live=177352 free=13496 reachbit=2 bit30=22.2
115.998,sweep,,,,,,,,,,,,,live=177352 free=13496 reachbit=2 bit30=22.2
116.250,sweep,,,,,,,,,,,,,live=177352 free=13496 reachbit=2 bit30=22.2
116.501,sweep,,,,,,,,,,,,,live=177352 free=13496 reachbit=2 bit30=22.2
116.753,sweep,,,,,,,,,,,,,live=177352 free=13496 reachbit=2 bit30=22.2
117.006,sweep,,,,,,,,,,,,,live=177352 free=13496 reachbit=2 bit30=22.2
117.258,sweep,,,,,,,,,,,,,live=177352 free=13496 reachbit=2 bit30=22.2
117.511,sweep,,,,,,,,,,,,,live=177352 free=13496 reachbit=2 bit30=22.2
117.763,sweep,,,,,,,,,,,,,live=177352 free=13496 reachbit=2 bit30=22.2
118.016,sweep,,,,,,,,,,,,,live=177352 free=13496 reachbit=2 bit30=22.2
118.268,sweep,,,,,,,,,,,,,live=177352 free=13496 reachbit=2 bit30=22.2
118.520,sweep,,,,,,,,,,,,,live=177352 free=13496 reachbit=2 bit30=22.2
118.774,sweep,,,,,,,,,,,,,live=177352 free=13496 reachbit=2 bit30=22.2
119.026,sweep,,,,,,,,,,,,,live=177352 free=13496 reachbit=2 bit30=22.2
119.278,sweep,,,,,,,,,,,,,live=177352 free=13496 reachbit=2 bit30=22.2
119.530,sweep,,,,,,,,,,,,,live=177352 free=13496 reachbit=2 bit30=22.2
119.782,sweep,,,,,,,,,,,,,live=177352 free=13496 reachbit=2 bit30=22.2
120.034,sweep,,,,,,,,,,,,,live=177352 free=13496 reachbit=2 bit30=22.2
120.286,sweep,,,,,,,,,,,,,live=177352 free=13496 reachbit=2 bit30=22.2
120.539,sweep,,,,,,,,,,,,,live=177352 free=13496 reachbit=2 bit30=22.2
120.791,sweep,,,,,,,,,,,,,live=177352 free=13496 reachbit=2 bit30=22.2
121.043,sweep,,,,,,,,,,,,,live=177352 free=13496 reachbit=2 bit30=22.2
121.296,sweep,,,,,,,,,,,,,live=177352 free=13496 reachbit=2 bit30=22.2
121.549,sweep,,,,,,,,,,,,,live=177352 free=13496 reachbit=2 bit30=22.2
121.801,sweep,,,,,,,,,,,,,live=177352 free=13496 reachbit=2 bit30=22.2
122.053,sweep,,,,,,,,,,,,,live=177352 free=13496 reachbit=2 bit30=22.2
122.305,sweep,,,,,,,,,,,,,live=177352 free=13496 reachbit=2 bit30=22.2
122.557,sweep,,,,,,,,,,,,,live=177352 free=13496 reachbit=2 bit30=22.2
122.811,sweep,,,,,,,,,,,,,live=177352 free=13496 reachbit=2 bit30=22.2
123.064,sweep,,,,,,,,,,,,,live=177352 free=13496 reachbit=2 bit30=22.2
123.315,sweep,,,,,,,,,,,,,live=177352 free=13496 reachbit=2 bit30=22.2
123.568,sweep,,,,,,,,,,,,,live=177336 free=13512 reachbit=1 bit30=22.2
123.821,sweep,,,,,,,,,,,,,live=177336 free=13512 reachbit=1 bit30=22.2
124.074,sweep,,,,,,,,,,,,,live=177336 free=13512 reachbit=1 bit30=22.2
124.327,sweep,,,,,,,,,,,,,live=177336 free=13512 reachbit=1 bit30=22.2
124.581,sweep,,,,,,,,,,,,,live=177336 free=13512 reachbit=1 bit30=22.2
124.833,sweep,,,,,,,,,,,,,live=177336 free=13512 reachbit=1 bit30=22.2
125.087,sweep,,,,,,,,,,,,,live=177336 free=13512 reachbit=1 bit30=22.2
125.339,sweep,,,,,,,,,,,,,live=177336 free=13512 reachbit=1 bit30=22.2
125.593,sweep,,,,,,,,,,,,,live=177336 free=13512 reachbit=1 bit30=22.2
125.845,sweep,,,,,,,,,,,,,live=177336 free=13512 reachbit=1 bit30=22.2
126.097,sweep,,,,,,,,,,,,,live=177336 free=13512 reachbit=1 bit30=22.2
126.350,sweep,,,,,,,,,,,,,live=177336 free=13512 reachbit=1 bit30=22.2
126.603,sweep,,,,,,,,,,,,,live=177336 free=13512 reachbit=1 bit30=22.2
126.856,sweep,,,,,,,,,,,,,live=177336 free=13512 reachbit=1 bit30=22.2
127.109,sweep,,,,,,,,,,,,,live=177336 free=13512 reachbit=1 bit30=22.2
127.361,sweep,,,,,,,,,,,,,live=177336 free=13512 reachbit=1 bit30=22.2
127.614,sweep,,,,,,,,,,,,,live=177336 free=13512 reachbit=1 bit30=22.2
127.868,sweep,,,,,,,,,,,,,live=177336 free=13512 reachbit=1 bit30=22.2
128.121,sweep,,,,,,,,,,,,,live=177336 free=13512 reachbit=1 bit30=22.2
128.375,sweep,,,,,,,,,,,,,live=177336 free=13512 reachbit=1 bit30=22.2
128.629,sweep,,,,,,,,,,,,,live=177336 free=13512 reachbit=1 bit30=22.2
128.883,sweep,,,,,,,,,,,,,live=177336 free=13512 reachbit=1 bit30=22.2
129.136,sweep,,,,,,,,,,,,,live=177336 free=13512 reachbit=1 bit30=22.2
129.389,sweep,,,,,,,,,,,,,live=177336 free=13512 reachbit=1 bit30=22.2
129.640,sweep,,,,,,,,,,,,,live=177336 free=13512 reachbit=1 bit30=22.2
129.894,sweep,,,,,,,,,,,,,live=177336 free=13512 reachbit=1 bit30=22.2
130.147,sweep,,,,,,,,,,,,,live=177336 free=13512 reachbit=1 bit30=22.2
130.400,sweep,,,,,,,,,,,,,live=177336 free=13512 reachbit=1 bit30=22.2
130.652,sweep,,,,,,,,,,,,,live=177336 free=13512 reachbit=1 bit30=22.2
130.905,sweep,,,,,,,,,,,,,live=177336 free=13512 reachbit=1 bit30=22.2
131.158,sweep,,,,,,,,,,,,,live=177336 free=13512 reachbit=1 bit30=22.2
131.410,sweep,,,,,,,,,,,,,live=177336 free=13512 reachbit=1 bit30=22.2
131.663,sweep,,,,,,,,,,,,,live=177336 free=13512 reachbit=1 bit30=22.2
131.914,sweep,,,,,,,,,,,,,live=177336 free=13512 reachbit=1 bit30=22.2
132.167,sweep,,,,,,,,,,,,,live=177336 free=13512 reachbit=1 bit30=22.2
132.419,sweep,,,,,,,,,,,,,live=177336 free=13512 reachbit=1 bit30=22.2
132.671,sweep,,,,,,,,,,,,,live=177336 free=13512 reachbit=1 bit30=22.2
132.923,sweep,,,,,,,,,,,,,live=177336 free=13512 reachbit=1 bit30=22.2
133.175,sweep,,,,,,,,,,,,,live=177336 free=13512 reachbit=1 bit30=22.2
133.429,sweep,,,,,,,,,,,,,live=177336 free=13512 reachbit=1 bit30=22.2
133.683,sweep,,,,,,,,,,,,,live=177336 free=13512 reachbit=1 bit30=22.2
133.937,sweep,,,,,,,,,,,,,live=177336 free=13512 reachbit=1 bit30=22.2
134.190,sweep,,,,,,,,,,,,,live=177336 free=13512 reachbit=1 bit30=22.2
134.443,sweep,,,,,,,,,,,,,live=177336 free=13512 reachbit=1 bit30=22.2
134.695,sweep,,,,,,,,,,,,,live=177336 free=13512 reachbit=1 bit30=22.2
134.947,sweep,,,,,,,,,,,,,live=177336 free=13512 reachbit=1 bit30=22.2
135.200,sweep,,,,,,,,,,,,,live=177336 free=13512 reachbit=1 bit30=22.2
135.453,sweep,,,,,,,,,,,,,live=177336 free=13512 reachbit=1 bit30=22.2
135.705,sweep,,,,,,,,,,,,,live=177336 free=13512 reachbit=1 bit30=22.2
135.957,sweep,,,,,,,,,,,,,live=177336 free=13512 reachbit=1 bit30=22.2
136.210,sweep,,,,,,,,,,,,,live=177336 free=13512 reachbit=1 bit30=22.2
136.463,sweep,,,,,,,,,,,,,live=177336 free=13512 reachbit=1 bit30=22.2
136.715,sweep,,,,,,,,,,,,,live=177336 free=13512 reachbit=1 bit30=22.2
136.969,sweep,,,,,,,,,,,,,live=177336 free=13512 reachbit=1 bit30=22.2
137.222,sweep,,,,,,,,,,,,,live=177336 free=13512 reachbit=1 bit30=22.2
137.475,sweep,,,,,,,,,,,,,live=177336 free=13512 reachbit=1 bit30=22.2
137.728,sweep,,,,,,,,,,,,,live=177336 free=13512 reachbit=1 bit30=22.2
137.979,sweep,,,,,,,,,,,,,live=177336 free=13512 reachbit=1 bit30=22.2
138.232,sweep,,,,,,,,,,,,,live=177336 free=13512 reachbit=1 bit30=22.2
138.484,sweep,,,,,,,,,,,,,live=177336 free=13512 reachbit=1 bit30=22.2
138.737,sweep,,,,,,,,,,,,,live=177336 free=13512 reachbit=1 bit30=22.2
138.991,sweep,,,,,,,,,,,,,live=177336 free=13512 reachbit=1 bit30=22.2
139.244,sweep,,,,,,,,,,,,,live=177336 free=13512 reachbit=1 bit30=22.2
139.497,sweep,,,,,,,,,,,,,live=177336 free=13512 reachbit=1 bit30=22.2
139.749,sweep,,,,,,,,,,,,,live=177336 free=13512 reachbit=1 bit30=22.2
140.005,sweep,,,,,,,,,,,,,live=177336 free=13512 reachbit=1 bit30=22.2
140.258,sweep,,,,,,,,,,,,,live=177336 free=13512 reachbit=1 bit30=22.2
140.512,sweep,,,,,,,,,,,,,live=177336 free=13512 reachbit=1 bit30=22.2
140.764,sweep,,,,,,,,,,,,,live=177336 free=13512 reachbit=1 bit30=22.2
141.017,sweep,,,,,,,,,,,,,live=177336 free=13512 reachbit=1 bit30=22.2
141.268,sweep,,,,,,,,,,,,,live=177336 free=13512 reachbit=1 bit30=22.2
141.521,sweep,,,,,,,,,,,,,live=177336 free=13512 reachbit=1 bit30=22.2
141.774,sweep,,,,,,,,,,,,,live=177336 free=13512 reachbit=1 bit30=22.2
142.025,sweep,,,,,,,,,,,,,live=177336 free=13512 reachbit=1 bit30=22.2
142.278,sweep,,,,,,,,,,,,,live=177336 free=13512 reachbit=1 bit30=22.2
142.533,sweep,,,,,,,,,,,,,live=177336 free=13512 reachbit=1 bit30=22.2
142.786,sweep,,,,,,,,,,,,,live=177336 free=13512 reachbit=1 bit30=22.2
143.038,sweep,,,,,,,,,,,,,live=177336 free=13512 reachbit=1 bit30=22.2
143.291,sweep,,,,,,,,,,,,,live=177336 free=13512 reachbit=1 bit30=22.2
143.543,sweep,,,,,,,,,,,,,live=177336 free=13512 reachbit=1 bit30=22.2
143.795,sweep,,,,,,,,,,,,,live=177336 free=13512 reachbit=1 bit30=22.2
144.047,sweep,,,,,,,,,,,,,live=177336 free=13512 reachbit=1 bit30=22.2
144.300,sweep,,,,,,,,,,,,,live=177336 free=13512 reachbit=1 bit30=22.2
144.553,sweep,,,,,,,,,,,,,live=177336 free=13512 reachbit=1 bit30=22.2
144.805,sweep,,,,,,,,,,,,,live=177336 free=13512 reachbit=1 bit30=22.2
145.058,sweep,,,,,,,,,,,,,live=177336 free=13512 reachbit=1 bit30=22.2
145.311,sweep,,,,,,,,,,,,,live=177336 free=13512 reachbit=1 bit30=22.2
145.565,sweep,,,,,,,,,,,,,live=177336 free=13512 reachbit=1 bit30=22.2
145.817,sweep,,,,,,,,,,,,,live=177336 free=13512 reachbit=1 bit30=22.2
146.070,sweep,,,,,,,,,,,,,live=177336 free=13512 reachbit=1 bit30=22.2
146.322,sweep,,,,,,,,,,,,,live=177336 free=13512 reachbit=1 bit30=22.2
146.574,sweep,,,,,,,,,,,,,live=177336 free=13512 reachbit=1 bit30=22.2
146.827,sweep,,,,,,,,,,,,,live=177336 free=13512 reachbit=1 bit30=22.2
147.079,sweep,,,,,,,,,,,,,live=177336 free=13512 reachbit=1 bit30=22.2
147.331,sweep,,,,,,,,,,,,,live=177336 free=13512 reachbit=1 bit30=22.2
147.584,sweep,,,,,,,,,,,,,live=177336 free=13512 reachbit=1 bit30=22.2
147.836,sweep,,,,,,,,,,,,,live=177336 free=13512 reachbit=1 bit30=22.2
148.088,sweep,,,,,,,,,,,,,live=177336 free=13512 reachbit=1 bit30=22.2
148.340,sweep,,,,,,,,,,,,,live=177336 free=13512 reachbit=1 bit30=22.2
148.593,sweep,,,,,,,,,,,,,live=177336 free=13512 reachbit=1 bit30=22.2
148.846,sweep,,,,,,,,,,,,,live=177336 free=13512 reachbit=1 bit30=22.2
149.098,sweep,,,,,,,,,,,,,live=177336 free=13512 reachbit=1 bit30=22.2
149.350,sweep,,,,,,,,,,,,,live=177336 free=13512 reachbit=1 bit30=22.2
149.602,sweep,,,,,,,,,,,,,live=177336 free=13512 reachbit=1 bit30=22.2
149.856,sweep,,,,,,,,,,,,,live=177336 free=13512 reachbit=1 bit30=22.2
150.108,sweep,,,,,,,,,,,,,live=177336 free=13512 reachbit=1 bit30=22.2
150.361,sweep,,,,,,,,,,,,,live=177336 free=13512 reachbit=1 bit30=22.2
150.613,sweep,,,,,,,,,,,,,live=177336 free=13512 reachbit=1 bit30=22.2
150.867,sweep,,,,,,,,,,,,,live=177336 free=13512 reachbit=1 bit30=22.2
151.118,sweep,,,,,,,,,,,,,live=177344 free=13504 reachbit=1 bit30=22.2
151.371,sweep,,,,,,,,,,,,,live=53016 free=137832 reachbit=1 bit30=74.2
151.623,sweep,,,,,,,,,,,,,live=60872 free=129976 reachbit=1 bit30=64.6
151.876,sweep,,,,,,,,,,,,,live=74792 free=116056 reachbit=0 bit30=52.6
152.129,sweep,,,,,,,,,,,,,live=93224 free=97624 reachbit=0 bit30=42.2
152.381,sweep,,,,,,,,,,,,,live=110840 free=80008 reachbit=0 bit30=35.5
152.633,sweep,,,,,,,,,,,,,live=119816 free=71032 reachbit=0 bit30=32.8
152.886,sweep,,,,,,,,,,,,,live=119816 free=71032 reachbit=0 bit30=32.8
153.140,sweep,,,,,,,,,,,,,live=119824 free=71024 reachbit=0 bit30=32.8
153.393,sweep,,,,,,,,,,,,,live=119888 free=70960 reachbit=0 bit30=32.8
153.645,sweep,,,,,,,,,,,,,live=120016 free=70832 reachbit=0 bit30=32.8
153.898,sweep,,,,,,,,,,,,,live=120016 free=70832 reachbit=0 bit30=32.8
154.151,sweep,,,,,,,,,,,,,live=120016 free=70832 reachbit=0 bit30=32.8
154.403,sweep,,,,,,,,,,,,,live=120016 free=70832 reachbit=0 bit30=32.8
154.656,sweep,,,,,,,,,,,,,live=120016 free=70832 reachbit=0 bit30=32.8
154.909,sweep,,,,,,,,,,,,,live=120016 free=70832 reachbit=0 bit30=32.8
155.161,sweep,,,,,,,,,,,,,live=120016 free=70832 reachbit=0 bit30=32.8
155.413,sweep,,,,,,,,,,,,,live=120016 free=70832 reachbit=0 bit30=32.8
155.664,sweep,,,,,,,,,,,,,live=120016 free=70832 reachbit=0 bit30=32.8
155.916,sweep,,,,,,,,,,,,,live=120016 free=70832 reachbit=0 bit30=32.8
156.170,sweep,,,,,,,,,,,,,live=120016 free=70832 reachbit=0 bit30=32.8
156.424,sweep,,,,,,,,,,,,,live=120016 free=70832 reachbit=0 bit30=32.8
156.676,sweep,,,,,,,,,,,,,live=120016 free=70832 reachbit=0 bit30=32.8
156.930,sweep,,,,,,,,,,,,,live=120016 free=70832 reachbit=0 bit30=32.8
157.181,sweep,,,,,,,,,,,,,live=120120 free=70728 reachbit=0 bit30=32.7
157.433,sweep,,,,,,,,,,,,,live=121744 free=69104 reachbit=0 bit30=32.3
157.685,sweep,,,,,,,,,,,,,live=126400 free=64448 reachbit=0 bit30=31.1
157.938,sweep,,,,,,,,,,,,,live=128848 free=62000 reachbit=0 bit30=30.5
158.193,sweep,,,,,,,,,,,,,live=132800 free=58048 reachbit=0 bit30=29.6
158.446,sweep,,,,,,,,,,,,,live=136616 free=54232 reachbit=0 bit30=28.8
158.698,sweep,,,,,,,,,,,,,live=141304 free=49544 reachbit=0 bit30=27.8
158.952,sweep,,,,,,,,,,,,,live=143880 free=46968 reachbit=0 bit30=27.3
159.205,sweep,,,,,,,,,,,,,live=145720 free=45128 reachbit=0 bit30=27.0
159.459,sweep,,,,,,,,,,,,,live=145744 free=45104 reachbit=0 bit30=27.0
159.712,sweep,,,,,,,,,,,,,live=145752 free=45096 reachbit=0 bit30=27.0
159.963,sweep,,,,,,,,,,,,,live=145752 free=45096 reachbit=0 bit30=27.0
160.217,sweep,,,,,,,,,,,,,live=145752 free=45096 reachbit=0 bit30=27.0
160.470,sweep,,,,,,,,,,,,,live=145752 free=45096 reachbit=0 bit30=27.0
160.722,sweep,,,,,,,,,,,,,live=145752 free=45096 reachbit=0 bit30=27.0
160.975,sweep,,,,,,,,,,,,,live=145752 free=45096 reachbit=0 bit30=27.0
161.228,sweep,,,,,,,,,,,,,live=145784 free=45064 reachbit=0 bit30=27.0
161.481,sweep,,,,,,,,,,,,,live=146408 free=44440 reachbit=0 bit30=26.9
161.733,sweep,,,,,,,,,,,,,live=146672 free=44176 reachbit=0 bit30=26.8
161.987,sweep,,,,,,,,,,,,,live=147872 free=42976 reachbit=0 bit30=26.6
162.241,sweep,,,,,,,,,,,,,live=149480 free=41368 reachbit=0 bit30=26.3
162.492,sweep,,,,,,,,,,,,,live=150352 free=40496 reachbit=0 bit30=26.2
162.749,sweep,,,,,,,,,,,,,live=151544 free=39304 reachbit=0 bit30=25.9
163.001,sweep,,,,,,,,,,,,,live=155296 free=35552 reachbit=0 bit30=25.3
163.255,sweep,,,,,,,,,,,,,live=157512 free=33336 reachbit=0 bit30=25.0
163.507,sweep,,,,,,,,,,,,,live=157672 free=33176 reachbit=0 bit30=24.9
163.760,sweep,,,,,,,,,,,,,live=157672 free=33176 reachbit=0 bit30=24.9
164.013,sweep,,,,,,,,,,,,,live=157672 free=33176 reachbit=0 bit30=24.9
164.265,sweep,,,,,,,,,,,,,live=157672 free=33176 reachbit=0 bit30=24.9
164.517,sweep,,,,,,,,,,,,,live=157672 free=33176 reachbit=0 bit30=24.9
164.770,sweep,,,,,,,,,,,,,live=157672 free=33176 reachbit=0 bit30=24.9
165.024,sweep,,,,,,,,,,,,,live=157672 free=33176 reachbit=0 bit30=24.9
165.277,sweep,,,,,,,,,,,,,live=157672 free=33176 reachbit=0 bit30=24.9
165.530,sweep,,,,,,,,,,,,,live=157672 free=33176 reachbit=0 bit30=24.9
165.784,sweep,,,,,,,,,,,,,live=157672 free=33176 reachbit=0 bit30=24.9
166.037,sweep,,,,,,,,,,,,,live=157672 free=33176 reachbit=0 bit30=24.9
166.290,sweep,,,,,,,,,,,,,live=157672 free=33176 reachbit=0 bit30=24.9
166.543,sweep,,,,,,,,,,,,,live=157672 free=33176 reachbit=0 bit30=24.9
166.795,sweep,,,,,,,,,,,,,live=157672 free=33176 reachbit=0 bit30=24.9
167.048,sweep,,,,,,,,,,,,,live=157672 free=33176 reachbit=0 bit30=24.9
167.301,sweep,,,,,,,,,,,,,live=157672 free=33176 reachbit=0 bit30=24.9
167.553,sweep,,,,,,,,,,,,,live=157672 free=33176 reachbit=0 bit30=24.9
167.805,sweep,,,,,,,,,,,,,live=157672 free=33176 reachbit=0 bit30=24.9
168.057,sweep,,,,,,,,,,,,,live=157672 free=33176 reachbit=0 bit30=24.9
168.311,sweep,,,,,,,,,,,,,live=157672 free=33176 reachbit=0 bit30=24.9
168.565,sweep,,,,,,,,,,,,,live=157672 free=33176 reachbit=0 bit30=24.9
168.820,sweep,,,,,,,,,,,,,live=157672 free=33176 reachbit=0 bit30=24.9
169.074,sweep,,,,,,,,,,,,,live=157672 free=33176 reachbit=0 bit30=24.9
169.329,sweep,,,,,,,,,,,,,live=157672 free=33176 reachbit=0 bit30=24.9
169.582,sweep,,,,,,,,,,,,,live=157672 free=33176 reachbit=0 bit30=24.9
169.834,sweep,,,,,,,,,,,,,live=157672 free=33176 reachbit=0 bit30=24.9
170.086,sweep,,,,,,,,,,,,,live=157672 free=33176 reachbit=0 bit30=24.9
170.339,sweep,,,,,,,,,,,,,live=157672 free=33176 reachbit=0 bit30=24.9
170.592,sweep,,,,,,,,,,,,,live=157672 free=33176 reachbit=0 bit30=24.9
170.844,sweep,,,,,,,,,,,,,live=157672 free=33176 reachbit=0 bit30=24.9
171.100,sweep,,,,,,,,,,,,,live=157672 free=33176 reachbit=0 bit30=24.9
171.354,sweep,,,,,,,,,,,,,live=157672 free=33176 reachbit=0 bit30=24.9
171.610,sweep,,,,,,,,,,,,,live=157672 free=33176 reachbit=0 bit30=24.9
171.868,sweep,,,,,,,,,,,,,live=157672 free=33176 reachbit=0 bit30=24.9
172.121,sweep,,,,,,,,,,,,,live=157672 free=33176 reachbit=0 bit30=24.9
172.375,sweep,,,,,,,,,,,,,live=157672 free=33176 reachbit=0 bit30=24.9
172.629,sweep,,,,,,,,,,,,,live=157672 free=33176 reachbit=0 bit30=24.9
172.882,sweep,,,,,,,,,,,,,live=157672 free=33176 reachbit=0 bit30=24.9
173.135,sweep,,,,,,,,,,,,,live=157672 free=33176 reachbit=0 bit30=24.9
173.389,sweep,,,,,,,,,,,,,live=157672 free=33176 reachbit=0 bit30=24.9
173.644,sweep,,,,,,,,,,,,,live=157672 free=33176 reachbit=0 bit30=24.9
173.896,sweep,,,,,,,,,,,,,live=157672 free=33176 reachbit=0 bit30=24.9
174.151,sweep,,,,,,,,,,,,,live=157672 free=33176 reachbit=0 bit30=24.9
174.407,sweep,,,,,,,,,,,,,live=157672 free=33176 reachbit=0 bit30=24.9
174.661,sweep,,,,,,,,,,,,,live=157672 free=33176 reachbit=0 bit30=24.9
174.914,sweep,,,,,,,,,,,,,live=157672 free=33176 reachbit=0 bit30=24.9
175.167,sweep,,,,,,,,,,,,,live=157672 free=33176 reachbit=0 bit30=24.9
175.421,sweep,,,,,,,,,,,,,live=157672 free=33176 reachbit=0 bit30=24.9
175.675,sweep,,,,,,,,,,,,,live=157672 free=33176 reachbit=0 bit30=24.9
175.943,sweep,,,,,,,,,,,,,live=157672 free=33176 reachbit=0 bit30=24.9
176.198,sweep,,,,,,,,,,,,,live=157672 free=33176 reachbit=0 bit30=24.9
176.455,sweep,,,,,,,,,,,,,live=157672 free=33176 reachbit=0 bit30=24.9
176.709,sweep,,,,,,,,,,,,,live=157672 free=33176 reachbit=0 bit30=24.9
176.963,sweep,,,,,,,,,,,,,live=157672 free=33176 reachbit=0 bit30=24.9
177.216,sweep,,,,,,,,,,,,,live=157672 free=33176 reachbit=0 bit30=24.9
177.469,sweep,,,,,,,,,,,,,live=157672 free=33176 reachbit=0 bit30=24.9
177.723,sweep,,,,,,,,,,,,,live=157672 free=33176 reachbit=0 bit30=24.9
177.976,sweep,,,,,,,,,,,,,live=157672 free=33176 reachbit=0 bit30=24.9
178.230,sweep,,,,,,,,,,,,,live=157672 free=33176 reachbit=0 bit30=24.9
178.484,sweep,,,,,,,,,,,,,live=157672 free=33176 reachbit=0 bit30=24.9
178.737,sweep,,,,,,,,,,,,,live=157672 free=33176 reachbit=0 bit30=24.9
178.991,sweep,,,,,,,,,,,,,live=157672 free=33176 reachbit=0 bit30=24.9
179.243,sweep,,,,,,,,,,,,,live=157672 free=33176 reachbit=0 bit30=24.9
179.495,sweep,,,,,,,,,,,,,live=157672 free=33176 reachbit=0 bit30=24.9
179.748,sweep,,,,,,,,,,,,,live=157672 free=33176 reachbit=0 bit30=24.9
180.001,sweep,,,,,,,,,,,,,live=157672 free=33176 reachbit=0 bit30=24.9
180.254,sweep,,,,,,,,,,,,,live=157672 free=33176 reachbit=0 bit30=24.9
180.507,sweep,,,,,,,,,,,,,live=157672 free=33176 reachbit=0 bit30=24.9
180.761,sweep,,,,,,,,,,,,,live=157672 free=33176 reachbit=0 bit30=24.9
181.015,sweep,,,,,,,,,,,,,live=157672 free=33176 reachbit=0 bit30=24.9
181.269,sweep,,,,,,,,,,,,,live=157672 free=33176 reachbit=0 bit30=24.9
181.522,sweep,,,,,,,,,,,,,live=157672 free=33176 reachbit=0 bit30=24.9
181.774,sweep,,,,,,,,,,,,,live=157672 free=33176 reachbit=0 bit30=24.9
182.027,sweep,,,,,,,,,,,,,live=158176 free=32672 reachbit=0 bit30=24.9
182.280,sweep,,,,,,,,,,,,,live=158176 free=32672 reachbit=0 bit30=24.9
182.533,sweep,,,,,,,,,,,,,live=158176 free=32672 reachbit=0 bit30=24.9
182.786,sweep,,,,,,,,,,,,,live=158176 free=32672 reachbit=0 bit30=24.9
183.040,sweep,,,,,,,,,,,,,live=158176 free=32672 reachbit=0 bit30=24.9
183.293,sweep,,,,,,,,,,,,,live=158176 free=32672 reachbit=0 bit30=24.9
183.545,sweep,,,,,,,,,,,,,live=158176 free=32672 reachbit=0 bit30=24.9
183.796,sweep,,,,,,,,,,,,,live=158176 free=32672 reachbit=0 bit30=24.9
184.048,sweep,,,,,,,,,,,,,live=158216 free=32632 reachbit=0 bit30=24.9
184.300,sweep,,,,,,,,,,,,,live=158216 free=32632 reachbit=0 bit30=24.9
184.552,sweep,,,,,,,,,,,,,live=153800 free=37048 reachbit=2 bit30=25.6
184.805,sweep,,,,,,,,,,,,,live=150832 free=40016 reachbit=2 bit30=26.1
185.059,sweep,,,,,,,,,,,,,live=150832 free=40016 reachbit=2 bit30=26.1
185.311,sweep,,,,,,,,,,,,,live=150832 free=40016 reachbit=2 bit30=26.1
185.564,sweep,,,,,,,,,,,,,live=150832 free=40016 reachbit=2 bit30=26.1
185.817,sweep,,,,,,,,,,,,,live=150832 free=40016 reachbit=2 bit30=26.1
186.070,sweep,,,,,,,,,,,,,live=150832 free=40016 reachbit=2 bit30=26.1
186.323,sweep,,,,,,,,,,,,,live=150832 free=40016 reachbit=2 bit30=26.1
186.578,sweep,,,,,,,,,,,,,live=150832 free=40016 reachbit=2 bit30=26.1
186.830,sweep,,,,,,,,,,,,,live=150832 free=40016 reachbit=2 bit30=26.1
187.083,sweep,,,,,,,,,,,,,live=150832 free=40016 reachbit=2 bit30=26.1
187.335,sweep,,,,,,,,,,,,,live=150832 free=40016 reachbit=2 bit30=26.1
187.589,sweep,,,,,,,,,,,,,live=150832 free=40016 reachbit=2 bit30=26.1
187.841,sweep,,,,,,,,,,,,,live=150832 free=40016 reachbit=2 bit30=26.1
188.095,sweep,,,,,,,,,,,,,live=150832 free=40016 reachbit=2 bit30=26.1
188.350,sweep,,,,,,,,,,,,,live=150832 free=40016 reachbit=2 bit30=26.1
188.601,sweep,,,,,,,,,,,,,live=150832 free=40016 reachbit=2 bit30=26.1
188.854,sweep,,,,,,,,,,,,,live=150832 free=40016 reachbit=2 bit30=26.1
189.107,sweep,,,,,,,,,,,,,live=150832 free=40016 reachbit=2 bit30=26.1
189.360,sweep,,,,,,,,,,,,,live=150832 free=40016 reachbit=2 bit30=26.1
189.612,sweep,,,,,,,,,,,,,live=150832 free=40016 reachbit=2 bit30=26.1
189.863,sweep,,,,,,,,,,,,,live=150832 free=40016 reachbit=2 bit30=26.1
190.118,sweep,,,,,,,,,,,,,live=150832 free=40016 reachbit=2 bit30=26.1
190.371,sweep,,,,,,,,,,,,,live=150832 free=40016 reachbit=2 bit30=26.1
190.625,sweep,,,,,,,,,,,,,live=150832 free=40016 reachbit=2 bit30=26.1
190.878,sweep,,,,,,,,,,,,,live=150832 free=40016 reachbit=2 bit30=26.1
191.130,sweep,,,,,,,,,,,,,live=150832 free=40016 reachbit=2 bit30=26.1
191.382,sweep,,,,,,,,,,,,,live=150832 free=40016 reachbit=2 bit30=26.1
191.636,sweep,,,,,,,,,,,,,live=150832 free=40016 reachbit=2 bit30=26.1
191.890,sweep,,,,,,,,,,,,,live=150832 free=40016 reachbit=2 bit30=26.1
192.143,sweep,,,,,,,,,,,,,live=150832 free=40016 reachbit=2 bit30=26.1
192.396,sweep,,,,,,,,,,,,,live=150832 free=40016 reachbit=2 bit30=26.1
192.648,sweep,,,,,,,,,,,,,live=150832 free=40016 reachbit=2 bit30=26.1
192.903,sweep,,,,,,,,,,,,,live=150832 free=40016 reachbit=2 bit30=26.1
193.156,sweep,,,,,,,,,,,,,live=150832 free=40016 reachbit=2 bit30=26.1
193.410,sweep,,,,,,,,,,,,,live=150832 free=40016 reachbit=2 bit30=26.1
193.664,sweep,,,,,,,,,,,,,live=150832 free=40016 reachbit=2 bit30=26.1
193.918,sweep,,,,,,,,,,,,,live=150832 free=40016 reachbit=2 bit30=26.1
194.173,sweep,,,,,,,,,,,,,live=150832 free=40016 reachbit=2 bit30=26.1
194.424,sweep,,,,,,,,,,,,,live=150832 free=40016 reachbit=2 bit30=26.1
194.677,sweep,,,,,,,,,,,,,live=150832 free=40016 reachbit=2 bit30=26.1
194.930,sweep,,,,,,,,,,,,,live=150832 free=40016 reachbit=2 bit30=26.1
195.184,sweep,,,,,,,,,,,,,live=150832 free=40016 reachbit=2 bit30=26.1
195.436,sweep,,,,,,,,,,,,,live=150832 free=40016 reachbit=2 bit30=26.1
195.690,sweep,,,,,,,,,,,,,live=150832 free=40016 reachbit=2 bit30=26.1
195.942,sweep,,,,,,,,,,,,,live=150832 free=40016 reachbit=2 bit30=26.1
196.193,sweep,,,,,,,,,,,,,live=150832 free=40016 reachbit=2 bit30=26.1
196.447,sweep,,,,,,,,,,,,,live=150832 free=40016 reachbit=2 bit30=26.1
196.702,sweep,,,,,,,,,,,,,live=150832 free=40016 reachbit=2 bit30=26.1
196.954,sweep,,,,,,,,,,,,,live=150832 free=40016 reachbit=2 bit30=26.1
197.207,sweep,,,,,,,,,,,,,live=150832 free=40016 reachbit=2 bit30=26.1
197.462,sweep,,,,,,,,,,,,,live=150832 free=40016 reachbit=2 bit30=26.1
197.714,sweep,,,,,,,,,,,,,live=150832 free=40016 reachbit=2 bit30=26.1
197.969,sweep,,,,,,,,,,,,,live=150832 free=40016 reachbit=2 bit30=26.1
198.222,sweep,,,,,,,,,,,,,live=150832 free=40016 reachbit=2 bit30=26.1
198.485,sweep,,,,,,,,,,,,,live=150832 free=40016 reachbit=2 bit30=26.1
198.740,sweep,,,,,,,,,,,,,live=150832 free=40016 reachbit=2 bit30=26.1
198.999,sweep,,,,,,,,,,,,,live=150832 free=40016 reachbit=2 bit30=26.1
199.256,sweep,,,,,,,,,,,,,live=150832 free=40016 reachbit=2 bit30=26.1
199.516,sweep,,,,,,,,,,,,,live=150832 free=40016 reachbit=2 bit30=26.1
199.771,sweep,,,,,,,,,,,,,live=150832 free=40016 reachbit=2 bit30=26.1
200.025,sweep,,,,,,,,,,,,,live=150832 free=40016 reachbit=2 bit30=26.1
200.278,sweep,,,,,,,,,,,,,live=150832 free=40016 reachbit=2 bit30=26.1
200.531,sweep,,,,,,,,,,,,,live=150832 free=40016 reachbit=2 bit30=26.1
200.784,sweep,,,,,,,,,,,,,live=150832 free=40016 reachbit=2 bit30=26.1
201.038,sweep,,,,,,,,,,,,,live=150832 free=40016 reachbit=2 bit30=26.1
201.292,sweep,,,,,,,,,,,,,live=150832 free=40016 reachbit=2 bit30=26.1
201.544,sweep,,,,,,,,,,,,,live=150832 free=40016 reachbit=2 bit30=26.1
201.797,sweep,,,,,,,,,,,,,live=150832 free=40016 reachbit=2 bit30=26.1
202.049,sweep,,,,,,,,,,,,,live=150832 free=40016 reachbit=2 bit30=26.1
202.303,sweep,,,,,,,,,,,,,live=150832 free=40016 reachbit=2 bit30=26.1
202.557,sweep,,,,,,,,,,,,,live=150832 free=40016 reachbit=2 bit30=26.1
202.811,sweep,,,,,,,,,,,,,live=150832 free=40016 reachbit=2 bit30=26.1
203.063,sweep,,,,,,,,,,,,,live=150832 free=40016 reachbit=2 bit30=26.1
203.316,sweep,,,,,,,,,,,,,live=150832 free=40016 reachbit=2 bit30=26.1
203.569,sweep,,,,,,,,,,,,,live=150832 free=40016 reachbit=2 bit30=26.1
203.824,sweep,,,,,,,,,,,,,live=150832 free=40016 reachbit=2 bit30=26.1
204.078,sweep,,,,,,,,,,,,,live=150832 free=40016 reachbit=2 bit30=26.1
204.331,sweep,,,,,,,,,,,,,live=150832 free=40016 reachbit=2 bit30=26.1
204.583,sweep,,,,,,,,,,,,,live=150832 free=40016 reachbit=2 bit30=26.1
204.836,sweep,,,,,,,,,,,,,live=150832 free=40016 reachbit=2 bit30=26.1
205.089,sweep,,,,,,,,,,,,,live=150832 free=40016 reachbit=2 bit30=26.1
205.342,sweep,,,,,,,,,,,,,live=150832 free=40016 reachbit=2 bit30=26.1
205.594,sweep,,,,,,,,,,,,,live=150832 free=40016 reachbit=2 bit30=26.1
205.848,sweep,,,,,,,,,,,,,live=150832 free=40016 reachbit=2 bit30=26.1
206.102,sweep,,,,,,,,,,,,,live=150832 free=40016 reachbit=2 bit30=26.1
206.356,sweep,,,,,,,,,,,,,live=150832 free=40016 reachbit=2 bit30=26.1
206.610,sweep,,,,,,,,,,,,,live=150832 free=40016 reachbit=2 bit30=26.1
206.863,sweep,,,,,,,,,,,,,live=150832 free=40016 reachbit=2 bit30=26.1
207.116,sweep,,,,,,,,,,,,,live=150832 free=40016 reachbit=2 bit30=26.1
207.369,sweep,,,,,,,,,,,,,live=150832 free=40016 reachbit=2 bit30=26.1
207.624,sweep,,,,,,,,,,,,,live=150832 free=40016 reachbit=2 bit30=26.1
207.876,sweep,,,,,,,,,,,,,live=150832 free=40016 reachbit=2 bit30=26.1
208.129,sweep,,,,,,,,,,,,,live=150832 free=40016 reachbit=2 bit30=26.1
208.383,sweep,,,,,,,,,,,,,live=150832 free=40016 reachbit=2 bit30=26.1
208.636,sweep,,,,,,,,,,,,,live=150832 free=40016 reachbit=2 bit30=26.1
208.890,sweep,,,,,,,,,,,,,live=150832 free=40016 reachbit=2 bit30=26.1
209.145,sweep,,,,,,,,,,,,,live=150832 free=40016 reachbit=2 bit30=26.1
209.397,sweep,,,,,,,,,,,,,live=150832 free=40016 reachbit=2 bit30=26.1
209.652,sweep,,,,,,,,,,,,,live=150832 free=40016 reachbit=2 bit30=26.1
209.905,sweep,,,,,,,,,,,,,live=150832 free=40016 reachbit=2 bit30=26.1
210.158,sweep,,,,,,,,,,,,,live=150832 free=40016 reachbit=2 bit30=26.1
210.416,sweep,,,,,,,,,,,,,live=150832 free=40016 reachbit=2 bit30=26.1
210.668,sweep,,,,,,,,,,,,,live=150832 free=40016 reachbit=2 bit30=26.1
210.921,sweep,,,,,,,,,,,,,live=150832 free=40016 reachbit=2 bit30=26.1
211.173,sweep,,,,,,,,,,,,,live=150832 free=40016 reachbit=2 bit30=26.1
211.426,sweep,,,,,,,,,,,,,live=150832 free=40016 reachbit=2 bit30=26.1
211.678,sweep,,,,,,,,,,,,,live=150832 free=40016 reachbit=2 bit30=26.1
211.931,sweep,,,,,,,,,,,,,live=150832 free=40016 reachbit=2 bit30=26.1
212.183,sweep,,,,,,,,,,,,,live=150832 free=40016 reachbit=2 bit30=26.1
212.437,sweep,,,,,,,,,,,,,live=150832 free=40016 reachbit=2 bit30=26.1
212.692,sweep,,,,,,,,,,,,,live=150832 free=40016 reachbit=2 bit30=26.1
212.945,sweep,,,,,,,,,,,,,live=150832 free=40016 reachbit=2 bit30=26.1
213.198,sweep,,,,,,,,,,,,,live=150832 free=40016 reachbit=2 bit30=26.1
213.452,sweep,,,,,,,,,,,,,live=150832 free=40016 reachbit=2 bit30=26.1
213.704,sweep,,,,,,,,,,,,,live=150832 free=40016 reachbit=2 bit30=26.1
213.958,sweep,,,,,,,,,,,,,live=150832 free=40016 reachbit=2 bit30=26.1
214.212,sweep,,,,,,,,,,,,,live=150832 free=40016 reachbit=2 bit30=26.1
214.465,sweep,,,,,,,,,,,,,live=150832 free=40016 reachbit=2 bit30=26.1
214.718,sweep,,,,,,,,,,,,,live=150832 free=40016 reachbit=2 bit30=26.1
214.971,sweep,,,,,,,,,,,,,live=150832 free=40016 reachbit=2 bit30=26.1
215.225,sweep,,,,,,,,,,,,,live=150832 free=40016 reachbit=2 bit30=26.1
215.479,sweep,,,,,,,,,,,,,live=150832 free=40016 reachbit=2 bit30=26.1
215.732,sweep,,,,,,,,,,,,,live=150832 free=40016 reachbit=2 bit30=26.1
215.985,sweep,,,,,,,,,,,,,live=150832 free=40016 reachbit=2 bit30=26.1
216.238,sweep,,,,,,,,,,,,,live=150832 free=40016 reachbit=2 bit30=26.1
216.491,sweep,,,,,,,,,,,,,live=150832 free=40016 reachbit=2 bit30=26.1
216.744,sweep,,,,,,,,,,,,,live=150832 free=40016 reachbit=2 bit30=26.1
216.997,sweep,,,,,,,,,,,,,live=150832 free=40016 reachbit=2 bit30=26.1
217.250,sweep,,,,,,,,,,,,,live=150832 free=40016 reachbit=2 bit30=26.1
217.502,sweep,,,,,,,,,,,,,live=150832 free=40016 reachbit=2 bit30=26.1
217.757,sweep,,,,,,,,,,,,,live=150832 free=40016 reachbit=2 bit30=26.1
218.010,sweep,,,,,,,,,,,,,live=150832 free=40016 reachbit=2 bit30=26.1
218.263,sweep,,,,,,,,,,,,,live=150832 free=40016 reachbit=2 bit30=26.1
218.517,sweep,,,,,,,,,,,,,live=150832 free=40016 reachbit=2 bit30=26.1
218.770,sweep,,,,,,,,,,,,,live=150832 free=40016 reachbit=2 bit30=26.1
219.023,sweep,,,,,,,,,,,,,live=150832 free=40016 reachbit=2 bit30=26.1
219.275,sweep,,,,,,,,,,,,,live=150832 free=40016 reachbit=2 bit30=26.1
219.528,sweep,,,,,,,,,,,,,live=150832 free=40016 reachbit=2 bit30=26.1
219.780,sweep,,,,,,,,,,,,,live=150832 free=40016 reachbit=2 bit30=26.1
220.033,sweep,,,,,,,,,,,,,live=150832 free=40016 reachbit=2 bit30=26.1
220.288,sweep,,,,,,,,,,,,,live=150832 free=40016 reachbit=2 bit30=26.1
220.542,sweep,,,,,,,,,,,,,live=150832 free=40016 reachbit=2 bit30=26.1
220.797,sweep,,,,,,,,,,,,,live=150832 free=40016 reachbit=2 bit30=26.1
221.050,sweep,,,,,,,,,,,,,live=150832 free=40016 reachbit=2 bit30=26.1
221.302,sweep,,,,,,,,,,,,,live=150832 free=40016 reachbit=2 bit30=26.1
221.555,sweep,,,,,,,,,,,,,live=150832 free=40016 reachbit=2 bit30=26.1
221.810,sweep,,,,,,,,,,,,,live=150832 free=40016 reachbit=2 bit30=26.1
222.063,sweep,,,,,,,,,,,,,live=150832 free=40016 reachbit=2 bit30=26.1
222.315,sweep,,,,,,,,,,,,,live=150832 free=40016 reachbit=2 bit30=26.1
222.570,sweep,,,,,,,,,,,,,live=150832 free=40016 reachbit=2 bit30=26.1
222.823,sweep,,,,,,,,,,,,,live=150832 free=40016 reachbit=2 bit30=26.1
223.077,sweep,,,,,,,,,,,,,live=150832 free=40016 reachbit=2 bit30=26.1
223.329,sweep,,,,,,,,,,,,,live=150832 free=40016 reachbit=2 bit30=26.1
223.583,sweep,,,,,,,,,,,,,live=150832 free=40016 reachbit=2 bit30=26.1
223.836,sweep,,,,,,,,,,,,,live=150832 free=40016 reachbit=2 bit30=26.1
224.088,sweep,,,,,,,,,,,,,live=150832 free=40016 reachbit=2 bit30=26.1
224.342,sweep,,,,,,,,,,,,,live=150832 free=40016 reachbit=2 bit30=26.1
224.594,sweep,,,,,,,,,,,,,live=150832 free=40016 reachbit=2 bit30=26.1
224.846,sweep,,,,,,,,,,,,,live=150832 free=40016 reachbit=2 bit30=26.1
225.099,sweep,,,,,,,,,,,,,live=150832 free=40016 reachbit=2 bit30=26.1
225.352,sweep,,,,,,,,,,,,,live=150832 free=40016 reachbit=2 bit30=26.1
225.605,sweep,,,,,,,,,,,,,live=150832 free=40016 reachbit=2 bit30=26.1
225.861,sweep,,,,,,,,,,,,,live=150832 free=40016 reachbit=2 bit30=26.1
226.113,sweep,,,,,,,,,,,,,live=150832 free=40016 reachbit=2 bit30=26.1
226.367,sweep,,,,,,,,,,,,,live=150832 free=40016 reachbit=2 bit30=26.1
226.621,sweep,,,,,,,,,,,,,live=150832 free=40016 reachbit=2 bit30=26.1
226.876,sweep,,,,,,,,,,,,,live=150832 free=40016 reachbit=2 bit30=26.1
227.128,sweep,,,,,,,,,,,,,live=150832 free=40016 reachbit=2 bit30=26.1
227.381,sweep,,,,,,,,,,,,,live=150832 free=40016 reachbit=2 bit30=26.1
227.633,sweep,,,,,,,,,,,,,live=150832 free=40016 reachbit=2 bit30=26.1
227.887,sweep,,,,,,,,,,,,,live=150832 free=40016 reachbit=2 bit30=26.1
228.141,sweep,,,,,,,,,,,,,live=150832 free=40016 reachbit=2 bit30=26.1
228.393,sweep,,,,,,,,,,,,,live=150832 free=40016 reachbit=2 bit30=26.1
228.646,sweep,,,,,,,,,,,,,live=150832 free=40016 reachbit=2 bit30=26.1
228.899,sweep,,,,,,,,,,,,,live=150832 free=40016 reachbit=2 bit30=26.1
229.152,sweep,,,,,,,,,,,,,live=150832 free=40016 reachbit=2 bit30=26.1
229.405,sweep,,,,,,,,,,,,,live=150832 free=40016 reachbit=2 bit30=26.1
229.658,sweep,,,,,,,,,,,,,live=150832 free=40016 reachbit=2 bit30=26.1
229.912,sweep,,,,,,,,,,,,,live=150832 free=40016 reachbit=2 bit30=26.1
230.166,sweep,,,,,,,,,,,,,live=150832 free=40016 reachbit=2 bit30=26.1
230.420,sweep,,,,,,,,,,,,,live=150832 free=40016 reachbit=2 bit30=26.1
230.672,sweep,,,,,,,,,,,,,live=150832 free=40016 reachbit=2 bit30=26.1
230.923,sweep,,,,,,,,,,,,,live=150832 free=40016 reachbit=2 bit30=26.1
231.175,sweep,,,,,,,,,,,,,live=150832 free=40016 reachbit=2 bit30=26.1
231.429,sweep,,,,,,,,,,,,,live=150832 free=40016 reachbit=2 bit30=26.1
231.682,sweep,,,,,,,,,,,,,live=150832 free=40016 reachbit=2 bit30=26.1
231.933,sweep,,,,,,,,,,,,,live=150832 free=40016 reachbit=2 bit30=26.1
232.185,sweep,,,,,,,,,,,,,live=150832 free=40016 reachbit=2 bit30=26.1
232.439,sweep,,,,,,,,,,,,,live=150832 free=40016 reachbit=2 bit30=26.1
232.690,sweep,,,,,,,,,,,,,live=150832 free=40016 reachbit=2 bit30=26.1
232.943,sweep,,,,,,,,,,,,,live=150832 free=40016 reachbit=2 bit30=26.1
233.197,sweep,,,,,,,,,,,,,live=150832 free=40016 reachbit=2 bit30=26.1
233.451,sweep,,,,,,,,,,,,,live=150832 free=40016 reachbit=2 bit30=26.1
233.703,sweep,,,,,,,,,,,,,live=150832 free=40016 reachbit=2 bit30=26.1
233.956,sweep,,,,,,,,,,,,,live=150832 free=40016 reachbit=2 bit30=26.1
234.208,sweep,,,,,,,,,,,,,live=150832 free=40016 reachbit=2 bit30=26.1
234.461,sweep,,,,,,,,,,,,,live=150832 free=40016 reachbit=2 bit30=26.1
234.712,sweep,,,,,,,,,,,,,live=150832 free=40016 reachbit=2 bit30=26.1
234.964,sweep,,,,,,,,,,,,,live=150832 free=40016 reachbit=2 bit30=26.1
235.218,sweep,,,,,,,,,,,,,live=150832 free=40016 reachbit=2 bit30=26.1
235.471,sweep,,,,,,,,,,,,,live=150832 free=40016 reachbit=2 bit30=26.1
235.723,sweep,,,,,,,,,,,,,live=150832 free=40016 reachbit=2 bit30=26.1
235.977,sweep,,,,,,,,,,,,,live=150832 free=40016 reachbit=2 bit30=26.1
236.228,sweep,,,,,,,,,,,,,live=150832 free=40016 reachbit=2 bit30=26.1
236.481,sweep,,,,,,,,,,,,,live=150840 free=40008 reachbit=2 bit30=26.1
236.733,sweep,,,,,,,,,,,,,live=150856 free=39992 reachbit=2 bit30=26.1
237.002,sweep,,,,,,,,,,,,,live=150856 free=39992 reachbit=2 bit30=26.1
237.254,sweep,,,,,,,,,,,,,live=150856 free=39992 reachbit=2 bit30=26.1
237.506,sweep,,,,,,,,,,,,,live=150856 free=39992 reachbit=2 bit30=26.1
237.557,target,BlueprintGeneratedClass/BP_Ronin_DefaultSKMeshComponent_C#189885,189885,0x21787703F10,40000004,0,63922,0x7FF6895A2EC8,00280009,189885,0x216707D9980,976953,1,
237.760,sweep,,,,,,,,,,,,,live=150864 free=39984 reachbit=2 bit30=26.1
238.052,sweep,,,,,,,,,,,,,live=150864 free=39984 reachbit=2 bit30=26.1
238.304,sweep,,,,,,,,,,,,,live=150864 free=39984 reachbit=2 bit30=26.1
238.556,sweep,,,,,,,,,,,,,live=150864 free=39984 reachbit=2 bit30=26.1
238.706,target,AnimSequence/A_Ronin_Cosmetic_HeroSelect_Breathe#189847,189847,0x2178A353A00,40000004,0,63937,0x7FF689560680,0028000B,189847,0x21673B38D00,2275416,1,
238.807,sweep,,,,,,,,,,,,,live=150864 free=39984 reachbit=2 bit30=26.1
239.059,sweep,,,,,,,,,,,,,live=150864 free=39984 reachbit=2 bit30=26.1
239.311,sweep,,,,,,,,,,,,,live=150864 free=39984 reachbit=2 bit30=26.1
239.564,target,BP_Ronin_DefaultSKMeshComponent_C/BP_Ronin_DefaultSKMeshComponent_C#189870,189870,0x2162D0FB140,40000004,0,63924,0x7FF689603C88,00000000,189870,0x21787703F10,976953,1,
239.564,sweep,,,,,,,,,,,,,live=150864 free=39984 reachbit=2 bit30=26.1
239.816,sweep,,,,,,,,,,,,,live=150864 free=39984 reachbit=2 bit30=26.1
240.068,sweep,,,,,,,,,,,,,live=150864 free=39984 reachbit=2 bit30=26.1
240.320,sweep,,,,,,,,,,,,,live=150864 free=39984 reachbit=2 bit30=26.1
240.573,sweep,,,,,,,,,,,,,live=150864 free=39984 reachbit=2 bit30=26.1
240.825,sweep,,,,,,,,,,,,,live=150864 free=39984 reachbit=2 bit30=26.1
241.077,sweep,,,,,,,,,,,,,live=150864 free=39984 reachbit=2 bit30=26.1
241.329,sweep,,,,,,,,,,,,,live=150864 free=39984 reachbit=2 bit30=26.1
241.583,sweep,,,,,,,,,,,,,live=150864 free=39984 reachbit=2 bit30=26.1
241.836,sweep,,,,,,,,,,,,,live=150864 free=39984 reachbit=2 bit30=26.1
242.088,sweep,,,,,,,,,,,,,live=150864 free=39984 reachbit=2 bit30=26.1
242.340,sweep,,,,,,,,,,,,,live=150864 free=39984 reachbit=2 bit30=26.1
242.593,sweep,,,,,,,,,,,,,live=150864 free=39984 reachbit=2 bit30=26.1
242.844,sweep,,,,,,,,,,,,,live=150864 free=39984 reachbit=2 bit30=26.1
243.097,sweep,,,,,,,,,,,,,live=150864 free=39984 reachbit=2 bit30=26.1
243.349,sweep,,,,,,,,,,,,,live=150864 free=39984 reachbit=2 bit30=26.1
243.602,sweep,,,,,,,,,,,,,live=150864 free=39984 reachbit=2 bit30=26.1
243.853,sweep,,,,,,,,,,,,,live=150864 free=39984 reachbit=2 bit30=26.1
244.104,sweep,,,,,,,,,,,,,live=150864 free=39984 reachbit=2 bit30=26.1
244.356,sweep,,,,,,,,,,,,,live=150864 free=39984 reachbit=2 bit30=26.1
244.610,sweep,,,,,,,,,,,,,live=150864 free=39984 reachbit=2 bit30=26.1
244.862,sweep,,,,,,,,,,,,,live=150864 free=39984 reachbit=2 bit30=26.1
245.113,sweep,,,,,,,,,,,,,live=150864 free=39984 reachbit=2 bit30=26.1
245.365,sweep,,,,,,,,,,,,,live=150864 free=39984 reachbit=2 bit30=26.1
245.617,sweep,,,,,,,,,,,,,live=150864 free=39984 reachbit=2 bit30=26.1
245.872,sweep,,,,,,,,,,,,,live=150864 free=39984 reachbit=2 bit30=26.1
246.124,sweep,,,,,,,,,,,,,live=150864 free=39984 reachbit=2 bit30=26.1
246.375,sweep,,,,,,,,,,,,,live=150864 free=39984 reachbit=2 bit30=26.1
246.628,sweep,,,,,,,,,,,,,live=150864 free=39984 reachbit=2 bit30=26.1
246.883,sweep,,,,,,,,,,,,,live=150864 free=39984 reachbit=2 bit30=26.1
247.135,sweep,,,,,,,,,,,,,live=150864 free=39984 reachbit=2 bit30=26.1
247.389,sweep,,,,,,,,,,,,,live=150864 free=39984 reachbit=2 bit30=26.1
247.641,sweep,,,,,,,,,,,,,live=150864 free=39984 reachbit=2 bit30=26.1
247.893,sweep,,,,,,,,,,,,,live=150864 free=39984 reachbit=2 bit30=26.1
248.145,sweep,,,,,,,,,,,,,live=150864 free=39984 reachbit=2 bit30=26.1
248.398,sweep,,,,,,,,,,,,,live=150872 free=39976 reachbit=2 bit30=26.1
248.690,sweep,,,,,,,,,,,,,live=150872 free=39976 reachbit=2 bit30=26.1
248.942,sweep,,,,,,,,,,,,,live=150872 free=39976 reachbit=2 bit30=26.1
249.194,target,AnimSequence/A_Ronin_Movement_OutOfCombat_N#189822,189822,0x21785F7DC00,40000004,0,63939,0x7FF689560680,0028000B,189822,0x21673B38D00,2056833,1,
249.194,sweep,,,,,,,,,,,,,live=150872 free=39976 reachbit=2 bit30=26.1
249.397,target,BlueprintGeneratedClass/BP_Ronin_DefaultSKMeshComponent_C#189885,189885,0x21787703F10,40000002,0,63922,0x7FF6895A2EC8,00280009,189885,0x216707D9980,976953,1,
249.397,target,BP_Ronin_DefaultSKMeshComponent_C/BP_Ronin_DefaultSKMeshComponent_C#189870,189870,0x2162D0FB140,40000002,0,63924,0x7FF689603C88,00000000,189870,0x21787703F10,976953,1,
249.397,target,AnimSequence/A_Ronin_Cosmetic_HeroSelect_Breathe#189847,189847,0x2178A353A00,40000002,0,63937,0x7FF689560680,0028000B,189847,0x21673B38D00,2275416,1,
249.397,target,AnimSingleNodeInstance/AnimSingleNodeInstance#189850,189850,0x217FBB8C4F0,40000002,0,0,0x7FF6895707D8,00000040,189850,0x21673B38800,201153,1,
249.448,target,AnimSingleNodeInstance/AnimSingleNodeInstance#189868,189868,0x217FB969D90,40000004,0,0,0x7FF6895707D8,00018040,189868,0x21673B38800,0,0,
249.448,target,AnimSequence/A_Ronin_Movement_OutOfCombat_N#189822,189822,0x21785F7DC00,40000004,0,0,0x7FF689560680,0029800B,189822,0x21673B38D00,0,0,
249.448,sweep,,,,,,,,,,,,,live=150872 free=39976 reachbit=1 bit30=26.1
249.499,target,AnimSingleNodeInstance/AnimSingleNodeInstance#189868,189868,0x0,00000000,0,0,0x2178777EC50,00000000,189868,0x21673B38800,0,0,
249.499,target,AnimSequence/A_Ronin_Movement_OutOfCombat_N#189822,189822,0x0,00000000,0,0,0x217FA4FE800,00000000,189822,0x21673B38D00,0,0,
249.702,sweep,,,,,,,,,,,,,live=150872 free=39976 reachbit=1 bit30=26.1
249.955,sweep,,,,,,,,,,,,,live=150872 free=39976 reachbit=1 bit30=26.1
250.208,sweep,,,,,,,,,,,,,live=150872 free=39976 reachbit=1 bit30=26.1
250.461,sweep,,,,,,,,,,,,,live=150872 free=39976 reachbit=1 bit30=26.1
250.713,sweep,,,,,,,,,,,,,live=150872 free=39976 reachbit=1 bit30=26.1
250.967,sweep,,,,,,,,,,,,,live=150872 free=39976 reachbit=1 bit30=26.1
251.219,sweep,,,,,,,,,,,,,live=150872 free=39976 reachbit=1 bit30=26.1
251.472,sweep,,,,,,,,,,,,,live=150872 free=39976 reachbit=1 bit30=26.1
251.724,sweep,,,,,,,,,,,,,live=150872 free=39976 reachbit=1 bit30=26.1
251.977,sweep,,,,,,,,,,,,,live=150872 free=39976 reachbit=1 bit30=26.1
252.229,sweep,,,,,,,,,,,,,live=150872 free=39976 reachbit=1 bit30=26.1
252.483,sweep,,,,,,,,,,,,,live=150872 free=39976 reachbit=1 bit30=26.1
252.735,sweep,,,,,,,,,,,,,live=150872 free=39976 reachbit=1 bit30=26.1
252.988,sweep,,,,,,,,,,,,,live=150872 free=39976 reachbit=1 bit30=26.1
253.241,sweep,,,,,,,,,,,,,live=150872 free=39976 reachbit=1 bit30=26.1
253.494,sweep,,,,,,,,,,,,,live=150872 free=39976 reachbit=1 bit30=26.1
253.747,sweep,,,,,,,,,,,,,live=150872 free=39976 reachbit=1 bit30=26.1
254.001,sweep,,,,,,,,,,,,,live=150872 free=39976 reachbit=1 bit30=26.1
254.254,sweep,,,,,,,,,,,,,live=150872 free=39976 reachbit=1 bit30=26.1
254.507,sweep,,,,,,,,,,,,,live=150872 free=39976 reachbit=1 bit30=26.1
254.760,sweep,,,,,,,,,,,,,live=150872 free=39976 reachbit=1 bit30=26.1
255.013,sweep,,,,,,,,,,,,,live=150872 free=39976 reachbit=1 bit30=26.1
255.266,sweep,,,,,,,,,,,,,live=150872 free=39976 reachbit=1 bit30=26.1
255.519,sweep,,,,,,,,,,,,,live=150872 free=39976 reachbit=1 bit30=26.1
255.771,sweep,,,,,,,,,,,,,live=150872 free=39976 reachbit=1 bit30=26.1
256.023,sweep,,,,,,,,,,,,,live=150872 free=39976 reachbit=1 bit30=26.1
256.276,sweep,,,,,,,,,,,,,live=150872 free=39976 reachbit=1 bit30=26.1
256.529,sweep,,,,,,,,,,,,,live=150872 free=39976 reachbit=1 bit30=26.1
256.782,sweep,,,,,,,,,,,,,live=150872 free=39976 reachbit=1 bit30=26.1
257.034,sweep,,,,,,,,,,,,,live=150872 free=39976 reachbit=1 bit30=26.1
257.286,sweep,,,,,,,,,,,,,live=150872 free=39976 reachbit=1 bit30=26.1
257.540,sweep,,,,,,,,,,,,,live=150872 free=39976 reachbit=1 bit30=26.1
257.792,sweep,,,,,,,,,,,,,live=150872 free=39976 reachbit=1 bit30=26.1
258.044,sweep,,,,,,,,,,,,,live=150872 free=39976 reachbit=1 bit30=26.1
258.297,sweep,,,,,,,,,,,,,live=150872 free=39976 reachbit=1 bit30=26.1
258.551,sweep,,,,,,,,,,,,,live=150872 free=39976 reachbit=1 bit30=26.1
258.804,sweep,,,,,,,,,,,,,live=150872 free=39976 reachbit=1 bit30=26.1
259.057,sweep,,,,,,,,,,,,,live=150872 free=39976 reachbit=1 bit30=26.1
259.310,sweep,,,,,,,,,,,,,live=150872 free=39976 reachbit=1 bit30=26.1
259.562,sweep,,,,,,,,,,,,,live=150872 free=39976 reachbit=1 bit30=26.1
259.815,sweep,,,,,,,,,,,,,live=150872 free=39976 reachbit=1 bit30=26.1
260.067,sweep,,,,,,,,,,,,,live=150872 free=39976 reachbit=1 bit30=26.1
260.321,sweep,,,,,,,,,,,,,live=150872 free=39976 reachbit=1 bit30=26.1
260.573,sweep,,,,,,,,,,,,,live=150872 free=39976 reachbit=1 bit30=26.1
260.825,sweep,,,,,,,,,,,,,live=150872 free=39976 reachbit=1 bit30=26.1
261.077,sweep,,,,,,,,,,,,,live=150872 free=39976 reachbit=1 bit30=26.1
261.328,sweep,,,,,,,,,,,,,live=150872 free=39976 reachbit=1 bit30=26.1
261.581,sweep,,,,,,,,,,,,,live=150872 free=39976 reachbit=1 bit30=26.1
261.834,sweep,,,,,,,,,,,,,live=150872 free=39976 reachbit=1 bit30=26.1
262.085,sweep,,,,,,,,,,,,,live=150872 free=39976 reachbit=1 bit30=26.1
262.338,sweep,,,,,,,,,,,,,live=150872 free=39976 reachbit=1 bit30=26.1
262.591,sweep,,,,,,,,,,,,,live=150872 free=39976 reachbit=1 bit30=26.1
262.844,sweep,,,,,,,,,,,,,live=150872 free=39976 reachbit=1 bit30=26.1
263.096,sweep,,,,,,,,,,,,,live=150872 free=39976 reachbit=1 bit30=26.1
263.350,sweep,,,,,,,,,,,,,live=150872 free=39976 reachbit=1 bit30=26.1
263.602,sweep,,,,,,,,,,,,,live=150872 free=39976 reachbit=1 bit30=26.1
263.854,sweep,,,,,,,,,,,,,live=150872 free=39976 reachbit=1 bit30=26.1
264.107,sweep,,,,,,,,,,,,,live=150872 free=39976 reachbit=1 bit30=26.1
264.359,sweep,,,,,,,,,,,,,live=150872 free=39976 reachbit=1 bit30=26.1
264.611,sweep,,,,,,,,,,,,,live=150872 free=39976 reachbit=1 bit30=26.1
264.863,sweep,,,,,,,,,,,,,live=150872 free=39976 reachbit=1 bit30=26.1
265.116,sweep,,,,,,,,,,,,,live=150872 free=39976 reachbit=1 bit30=26.1
265.368,sweep,,,,,,,,,,,,,live=150872 free=39976 reachbit=1 bit30=26.1
265.619,sweep,,,,,,,,,,,,,live=150872 free=39976 reachbit=1 bit30=26.1
265.872,sweep,,,,,,,,,,,,,live=150872 free=39976 reachbit=1 bit30=26.1
266.124,sweep,,,,,,,,,,,,,live=150872 free=39976 reachbit=1 bit30=26.1
266.376,sweep,,,,,,,,,,,,,live=150872 free=39976 reachbit=1 bit30=26.1
266.629,sweep,,,,,,,,,,,,,live=150872 free=39976 reachbit=1 bit30=26.1
266.882,sweep,,,,,,,,,,,,,live=150872 free=39976 reachbit=1 bit30=26.1
267.136,sweep,,,,,,,,,,,,,live=150872 free=39976 reachbit=1 bit30=26.1
267.389,sweep,,,,,,,,,,,,,live=150872 free=39976 reachbit=1 bit30=26.1
267.642,sweep,,,,,,,,,,,,,live=150872 free=39976 reachbit=1 bit30=26.1
267.895,sweep,,,,,,,,,,,,,live=150872 free=39976 reachbit=1 bit30=26.1
268.148,sweep,,,,,,,,,,,,,live=150872 free=39976 reachbit=1 bit30=26.1
268.401,sweep,,,,,,,,,,,,,live=150872 free=39976 reachbit=1 bit30=26.1
268.653,sweep,,,,,,,,,,,,,live=150872 free=39976 reachbit=1 bit30=26.1
268.906,sweep,,,,,,,,,,,,,live=150872 free=39976 reachbit=1 bit30=26.1
269.158,sweep,,,,,,,,,,,,,live=150872 free=39976 reachbit=1 bit30=26.1
269.259,target,AnimSingleNodeInstance/AnimSingleNodeInstance#189868,189868,0x217AD62DB80,00000002,0,64045,0x21629024AE0,00000000,2300593544,0x217FB969DB8,5373953,0,
269.309,target,AnimSequence/A_Ronin_Movement_OutOfCombat_N#189822,189822,0x2177B6BDB80,00000002,0,64049,0x2166A457E00,00000000,2,0xFFFFFFFE,0,0,
269.409,sweep,,,,,,,,,,,,,live=150872 free=39976 reachbit=1 bit30=26.1
269.661,sweep,,,,,,,,,,,,,live=150872 free=39976 reachbit=1 bit30=26.1
269.913,sweep,,,,,,,,,,,,,live=150872 free=39976 reachbit=1 bit30=26.1
270.166,sweep,,,,,,,,,,,,,live=150872 free=39976 reachbit=1 bit30=26.1
270.417,sweep,,,,,,,,,,,,,live=150872 free=39976 reachbit=1 bit30=26.1
270.670,sweep,,,,,,,,,,,,,live=150872 free=39976 reachbit=1 bit30=26.1
270.924,sweep,,,,,,,,,,,,,live=150872 free=39976 reachbit=1 bit30=26.1
271.177,sweep,,,,,,,,,,,,,live=150872 free=39976 reachbit=1 bit30=26.1
271.431,sweep,,,,,,,,,,,,,live=150872 free=39976 reachbit=1 bit30=26.1
271.683,sweep,,,,,,,,,,,,,live=150872 free=39976 reachbit=1 bit30=26.1
271.935,sweep,,,,,,,,,,,,,live=150872 free=39976 reachbit=1 bit30=26.1
272.188,sweep,,,,,,,,,,,,,live=150872 free=39976 reachbit=1 bit30=26.1
272.443,sweep,,,,,,,,,,,,,live=150872 free=39976 reachbit=1 bit30=26.1
272.695,sweep,,,,,,,,,,,,,live=150872 free=39976 reachbit=1 bit30=26.1
272.948,sweep,,,,,,,,,,,,,live=150872 free=39976 reachbit=1 bit30=26.1
273.200,sweep,,,,,,,,,,,,,live=150872 free=39976 reachbit=1 bit30=26.1
273.453,sweep,,,,,,,,,,,,,live=150872 free=39976 reachbit=1 bit30=26.1
273.707,sweep,,,,,,,,,,,,,live=150872 free=39976 reachbit=1 bit30=26.1
273.960,sweep,,,,,,,,,,,,,live=150872 free=39976 reachbit=1 bit30=26.1
274.213,sweep,,,,,,,,,,,,,live=150872 free=39976 reachbit=1 bit30=26.1
274.467,sweep,,,,,,,,,,,,,live=150872 free=39976 reachbit=1 bit30=26.1
274.719,sweep,,,,,,,,,,,,,live=150872 free=39976 reachbit=1 bit30=26.1
274.972,sweep,,,,,,,,,,,,,live=150872 free=39976 reachbit=1 bit30=26.1
275.224,sweep,,,,,,,,,,,,,live=150872 free=39976 reachbit=1 bit30=26.1
275.476,sweep,,,,,,,,,,,,,live=150872 free=39976 reachbit=1 bit30=26.1
275.729,sweep,,,,,,,,,,,,,live=150872 free=39976 reachbit=1 bit30=26.1
275.982,sweep,,,,,,,,,,,,,live=150872 free=39976 reachbit=1 bit30=26.1
276.233,sweep,,,,,,,,,,,,,live=150872 free=39976 reachbit=1 bit30=26.1
276.484,sweep,,,,,,,,,,,,,live=150872 free=39976 reachbit=1 bit30=26.1
276.736,sweep,,,,,,,,,,,,,live=150872 free=39976 reachbit=1 bit30=26.1
276.988,sweep,,,,,,,,,,,,,live=150872 free=39976 reachbit=1 bit30=26.1
277.240,sweep,,,,,,,,,,,,,live=150872 free=39976 reachbit=1 bit30=26.1
277.492,sweep,,,,,,,,,,,,,live=150872 free=39976 reachbit=1 bit30=26.1
277.744,sweep,,,,,,,,,,,,,live=150872 free=39976 reachbit=1 bit30=26.1
277.996,sweep,,,,,,,,,,,,,live=150872 free=39976 reachbit=1 bit30=26.1
278.249,sweep,,,,,,,,,,,,,live=150872 free=39976 reachbit=1 bit30=26.1
278.501,sweep,,,,,,,,,,,,,live=150872 free=39976 reachbit=1 bit30=26.1
278.753,sweep,,,,,,,,,,,,,live=150872 free=39976 reachbit=1 bit30=26.1
279.006,sweep,,,,,,,,,,,,,live=150872 free=39976 reachbit=1 bit30=26.1
279.257,sweep,,,,,,,,,,,,,live=150872 free=39976 reachbit=1 bit30=26.1
279.510,sweep,,,,,,,,,,,,,live=150872 free=39976 reachbit=1 bit30=26.1
279.763,sweep,,,,,,,,,,,,,live=150872 free=39976 reachbit=1 bit30=26.1
280.016,sweep,,,,,,,,,,,,,live=150872 free=39976 reachbit=1 bit30=26.1
280.267,sweep,,,,,,,,,,,,,live=150872 free=39976 reachbit=1 bit30=26.1
280.521,sweep,,,,,,,,,,,,,live=150872 free=39976 reachbit=1 bit30=26.1
280.773,sweep,,,,,,,,,,,,,live=150872 free=39976 reachbit=1 bit30=26.1
281.026,sweep,,,,,,,,,,,,,live=150872 free=39976 reachbit=1 bit30=26.1
281.278,sweep,,,,,,,,,,,,,live=150872 free=39976 reachbit=1 bit30=26.1
281.530,sweep,,,,,,,,,,,,,live=150872 free=39976 reachbit=1 bit30=26.1
281.782,sweep,,,,,,,,,,,,,live=150872 free=39976 reachbit=1 bit30=26.1
282.035,sweep,,,,,,,,,,,,,live=150872 free=39976 reachbit=1 bit30=26.1
282.288,sweep,,,,,,,,,,,,,live=150872 free=39976 reachbit=1 bit30=26.1
282.540,sweep,,,,,,,,,,,,,live=150872 free=39976 reachbit=1 bit30=26.1
282.793,sweep,,,,,,,,,,,,,live=150872 free=39976 reachbit=1 bit30=26.1
283.046,sweep,,,,,,,,,,,,,live=150872 free=39976 reachbit=1 bit30=26.1
283.299,sweep,,,,,,,,,,,,,live=150872 free=39976 reachbit=1 bit30=26.1
283.553,sweep,,,,,,,,,,,,,live=150872 free=39976 reachbit=1 bit30=26.1
283.805,sweep,,,,,,,,,,,,,live=150872 free=39976 reachbit=1 bit30=26.1
284.057,sweep,,,,,,,,,,,,,live=150872 free=39976 reachbit=1 bit30=26.1
284.310,sweep,,,,,,,,,,,,,live=150872 free=39976 reachbit=1 bit30=26.1
284.563,sweep,,,,,,,,,,,,,live=150872 free=39976 reachbit=1 bit30=26.1
284.816,sweep,,,,,,,,,,,,,live=150872 free=39976 reachbit=1 bit30=26.1
285.070,sweep,,,,,,,,,,,,,live=150872 free=39976 reachbit=1 bit30=26.1
285.323,sweep,,,,,,,,,,,,,live=150872 free=39976 reachbit=1 bit30=26.1
285.574,sweep,,,,,,,,,,,,,live=150872 free=39976 reachbit=1 bit30=26.1
285.826,sweep,,,,,,,,,,,,,live=150872 free=39976 reachbit=1 bit30=26.1
286.079,sweep,,,,,,,,,,,,,live=150872 free=39976 reachbit=1 bit30=26.1
286.332,sweep,,,,,,,,,,,,,live=150872 free=39976 reachbit=1 bit30=26.1
286.584,sweep,,,,,,,,,,,,,live=150872 free=39976 reachbit=1 bit30=26.1
286.838,sweep,,,,,,,,,,,,,live=150872 free=39976 reachbit=1 bit30=26.1
287.091,sweep,,,,,,,,,,,,,live=150872 free=39976 reachbit=1 bit30=26.1
287.345,sweep,,,,,,,,,,,,,live=150872 free=39976 reachbit=1 bit30=26.1
287.598,sweep,,,,,,,,,,,,,live=150872 free=39976 reachbit=1 bit30=26.1
287.849,sweep,,,,,,,,,,,,,live=150872 free=39976 reachbit=1 bit30=26.1
288.102,sweep,,,,,,,,,,,,,live=150872 free=39976 reachbit=1 bit30=26.1
288.354,sweep,,,,,,,,,,,,,live=150872 free=39976 reachbit=1 bit30=26.1
288.607,sweep,,,,,,,,,,,,,live=150872 free=39976 reachbit=1 bit30=26.1
288.858,sweep,,,,,,,,,,,,,live=150872 free=39976 reachbit=1 bit30=26.1
289.110,sweep,,,,,,,,,,,,,live=150872 free=39976 reachbit=1 bit30=26.1
289.363,sweep,,,,,,,,,,,,,live=150872 free=39976 reachbit=1 bit30=26.1
289.616,sweep,,,,,,,,,,,,,live=150872 free=39976 reachbit=1 bit30=26.1
289.868,sweep,,,,,,,,,,,,,live=150872 free=39976 reachbit=1 bit30=26.1
290.121,sweep,,,,,,,,,,,,,live=150872 free=39976 reachbit=1 bit30=26.1
290.374,sweep,,,,,,,,,,,,,live=150872 free=39976 reachbit=1 bit30=26.1
290.625,sweep,,,,,,,,,,,,,live=150872 free=39976 reachbit=1 bit30=26.1
290.878,sweep,,,,,,,,,,,,,live=150872 free=39976 reachbit=1 bit30=26.1
291.131,sweep,,,,,,,,,,,,,live=150872 free=39976 reachbit=1 bit30=26.1
291.385,sweep,,,,,,,,,,,,,live=150872 free=39976 reachbit=1 bit30=26.1
291.638,sweep,,,,,,,,,,,,,live=150872 free=39976 reachbit=1 bit30=26.1
291.891,sweep,,,,,,,,,,,,,live=150872 free=39976 reachbit=1 bit30=26.1
292.143,sweep,,,,,,,,,,,,,live=150872 free=39976 reachbit=1 bit30=26.1
292.395,sweep,,,,,,,,,,,,,live=150872 free=39976 reachbit=1 bit30=26.1
292.648,sweep,,,,,,,,,,,,,live=150872 free=39976 reachbit=1 bit30=26.1
292.901,sweep,,,,,,,,,,,,,live=150872 free=39976 reachbit=1 bit30=26.1
293.152,sweep,,,,,,,,,,,,,live=150872 free=39976 reachbit=1 bit30=26.1
293.405,sweep,,,,,,,,,,,,,live=150872 free=39976 reachbit=1 bit30=26.1
293.658,sweep,,,,,,,,,,,,,live=150872 free=39976 reachbit=1 bit30=26.1
293.910,sweep,,,,,,,,,,,,,live=150872 free=39976 reachbit=1 bit30=26.1
294.162,sweep,,,,,,,,,,,,,live=150872 free=39976 reachbit=1 bit30=26.1
294.416,sweep,,,,,,,,,,,,,live=150872 free=39976 reachbit=1 bit30=26.1
294.669,sweep,,,,,,,,,,,,,live=150872 free=39976 reachbit=1 bit30=26.1
294.922,sweep,,,,,,,,,,,,,live=150872 free=39976 reachbit=1 bit30=26.1
295.175,sweep,,,,,,,,,,,,,live=150872 free=39976 reachbit=1 bit30=26.1
295.428,sweep,,,,,,,,,,,,,live=150872 free=39976 reachbit=1 bit30=26.1
295.681,sweep,,,,,,,,,,,,,live=150872 free=39976 reachbit=1 bit30=26.1
295.933,sweep,,,,,,,,,,,,,live=150872 free=39976 reachbit=1 bit30=26.1
296.186,sweep,,,,,,,,,,,,,live=150872 free=39976 reachbit=1 bit30=26.1
296.439,sweep,,,,,,,,,,,,,live=150872 free=39976 reachbit=1 bit30=26.1
296.691,sweep,,,,,,,,,,,,,live=150872 free=39976 reachbit=1 bit30=26.1
296.944,sweep,,,,,,,,,,,,,live=150872 free=39976 reachbit=1 bit30=26.1
297.198,sweep,,,,,,,,,,,,,live=150872 free=39976 reachbit=1 bit30=26.1
297.452,sweep,,,,,,,,,,,,,live=150872 free=39976 reachbit=1 bit30=26.1
297.704,sweep,,,,,,,,,,,,,live=150872 free=39976 reachbit=1 bit30=26.1
297.957,sweep,,,,,,,,,,,,,live=150872 free=39976 reachbit=1 bit30=26.1
298.210,sweep,,,,,,,,,,,,,live=150872 free=39976 reachbit=1 bit30=26.1
298.463,sweep,,,,,,,,,,,,,live=150872 free=39976 reachbit=1 bit30=26.1
298.716,sweep,,,,,,,,,,,,,live=150872 free=39976 reachbit=1 bit30=26.1
298.969,sweep,,,,,,,,,,,,,live=150872 free=39976 reachbit=1 bit30=26.1
299.222,sweep,,,,,,,,,,,,,live=150872 free=39976 reachbit=1 bit30=26.1
299.474,sweep,,,,,,,,,,,,,live=150872 free=39976 reachbit=1 bit30=26.1
299.725,sweep,,,,,,,,,,,,,live=150872 free=39976 reachbit=1 bit30=26.1
299.977,sweep,,,,,,,,,,,,,live=150872 free=39976 reachbit=1 bit30=26.1
300.228,sweep,,,,,,,,,,,,,live=150872 free=39976 reachbit=1 bit30=26.1
300.481,sweep,,,,,,,,,,,,,live=150872 free=39976 reachbit=1 bit30=26.1
300.733,sweep,,,,,,,,,,,,,live=150872 free=39976 reachbit=1 bit30=26.1
300.987,sweep,,,,,,,,,,,,,live=150872 free=39976 reachbit=1 bit30=26.1
301.240,sweep,,,,,,,,,,,,,live=150872 free=39976 reachbit=1 bit30=26.1
301.493,sweep,,,,,,,,,,,,,live=150872 free=39976 reachbit=1 bit30=26.1
301.745,sweep,,,,,,,,,,,,,live=150872 free=39976 reachbit=1 bit30=26.1
301.999,sweep,,,,,,,,,,,,,live=150872 free=39976 reachbit=1 bit30=26.1
302.252,sweep,,,,,,,,,,,,,live=150872 free=39976 reachbit=1 bit30=26.1
302.502,sweep,,,,,,,,,,,,,live=150872 free=39976 reachbit=1 bit30=26.1
302.754,sweep,,,,,,,,,,,,,live=150872 free=39976 reachbit=1 bit30=26.1
303.008,sweep,,,,,,,,,,,,,live=150872 free=39976 reachbit=1 bit30=26.1
303.260,sweep,,,,,,,,,,,,,live=150872 free=39976 reachbit=1 bit30=26.1
303.512,sweep,,,,,,,,,,,,,live=150872 free=39976 reachbit=1 bit30=26.1
303.765,sweep,,,,,,,,,,,,,live=150872 free=39976 reachbit=1 bit30=26.1
304.020,sweep,,,,,,,,,,,,,live=150872 free=39976 reachbit=1 bit30=26.1
304.273,sweep,,,,,,,,,,,,,live=150872 free=39976 reachbit=1 bit30=26.1
304.525,sweep,,,,,,,,,,,,,live=150872 free=39976 reachbit=1 bit30=26.1
304.778,sweep,,,,,,,,,,,,,live=150872 free=39976 reachbit=1 bit30=26.1
305.030,sweep,,,,,,,,,,,,,live=150872 free=39976 reachbit=1 bit30=26.1
305.283,sweep,,,,,,,,,,,,,live=150872 free=39976 reachbit=1 bit30=26.1
305.534,sweep,,,,,,,,,,,,,live=150872 free=39976 reachbit=1 bit30=26.1
305.787,sweep,,,,,,,,,,,,,live=150872 free=39976 reachbit=1 bit30=26.1
306.040,sweep,,,,,,,,,,,,,live=150872 free=39976 reachbit=1 bit30=26.1
306.294,sweep,,,,,,,,,,,,,live=150872 free=39976 reachbit=1 bit30=26.1
306.548,sweep,,,,,,,,,,,,,live=150872 free=39976 reachbit=1 bit30=26.1
306.801,sweep,,,,,,,,,,,,,live=150872 free=39976 reachbit=1 bit30=26.1
307.055,sweep,,,,,,,,,,,,,live=150872 free=39976 reachbit=1 bit30=26.1
307.307,sweep,,,,,,,,,,,,,live=150872 free=39976 reachbit=1 bit30=26.1
307.559,sweep,,,,,,,,,,,,,live=150872 free=39976 reachbit=1 bit30=26.1
307.813,sweep,,,,,,,,,,,,,live=150872 free=39976 reachbit=1 bit30=26.1
308.066,sweep,,,,,,,,,,,,,live=150872 free=39976 reachbit=1 bit30=26.1
308.318,sweep,,,,,,,,,,,,,live=150872 free=39976 reachbit=1 bit30=26.1
308.571,sweep,,,,,,,,,,,,,live=150872 free=39976 reachbit=1 bit30=26.1
308.824,sweep,,,,,,,,,,,,,live=150872 free=39976 reachbit=1 bit30=26.1
309.076,sweep,,,,,,,,,,,,,live=150872 free=39976 reachbit=1 bit30=26.1
309.329,sweep,,,,,,,,,,,,,live=150872 free=39976 reachbit=1 bit30=26.1
309.581,sweep,,,,,,,,,,,,,live=150872 free=39976 reachbit=1 bit30=26.1
309.833,sweep,,,,,,,,,,,,,live=150872 free=39976 reachbit=1 bit30=26.1
310.085,sweep,,,,,,,,,,,,,live=150872 free=39976 reachbit=1 bit30=26.1
310.338,sweep,,,,,,,,,,,,,live=150872 free=39976 reachbit=1 bit30=26.1
310.490,target,BlueprintGeneratedClass/BP_Ronin_DefaultSKMeshComponent_C#189885,189885,0x21787703F10,40000001,0,63922,0x7FF6895A2EC8,00280009,189885,0x216707D9980,976953,1,
310.490,target,BP_Ronin_DefaultSKMeshComponent_C/BP_Ronin_DefaultSKMeshComponent_C#189870,189870,0x2162D0FB140,40000001,0,63924,0x7FF689603C88,00000000,189870,0x21787703F10,976953,1,
310.490,target,AnimSequence/A_Ronin_Cosmetic_HeroSelect_Breathe#189847,189847,0x2178A353A00,40000001,0,63937,0x7FF689560680,0028000B,189847,0x21673B38D00,2275416,1,
310.490,target,AnimSingleNodeInstance/AnimSingleNodeInstance#189850,189850,0x217FBB8C4F0,40000001,0,0,0x7FF6895707D8,00000040,189850,0x21673B38800,201153,1,
310.490,target,AnimSingleNodeInstance/AnimSingleNodeInstance#189868,189868,0x217AD62DB80,00000001,0,64045,0x21629024AE0,00000000,2300593544,0x217FB969DB8,5373953,0,
310.490,target,AnimSequence/A_Ronin_Movement_OutOfCombat_N#189822,189822,0x2177B6BDB80,00000001,0,64049,0x217FD569A00,00000000,2,0xFFFFFFFE,0,0,
310.590,sweep,,,,,,,,,,,,,live=150872 free=39976 reachbit=0 bit30=26.1
310.844,sweep,,,,,,,,,,,,,live=150872 free=39976 reachbit=0 bit30=26.1
311.097,sweep,,,,,,,,,,,,,live=150872 free=39976 reachbit=0 bit30=26.1
311.348,sweep,,,,,,,,,,,,,live=148728 free=42120 reachbit=0 bit30=26.4
311.600,sweep,,,,,,,,,,,,,live=147440 free=43408 reachbit=0 bit30=26.7
311.852,sweep,,,,,,,,,,,,,live=147440 free=43408 reachbit=0 bit30=26.7
312.105,sweep,,,,,,,,,,,,,live=147440 free=43408 reachbit=0 bit30=26.7
312.358,sweep,,,,,,,,,,,,,live=147440 free=43408 reachbit=0 bit30=26.7
312.610,sweep,,,,,,,,,,,,,live=147440 free=43408 reachbit=0 bit30=26.7
312.864,sweep,,,,,,,,,,,,,live=147440 free=43408 reachbit=0 bit30=26.7
313.116,sweep,,,,,,,,,,,,,live=147440 free=43408 reachbit=0 bit30=26.7
313.369,sweep,,,,,,,,,,,,,live=147440 free=43408 reachbit=0 bit30=26.7
313.622,sweep,,,,,,,,,,,,,live=147440 free=43408 reachbit=0 bit30=26.7
313.874,sweep,,,,,,,,,,,,,live=147440 free=43408 reachbit=0 bit30=26.7
314.127,sweep,,,,,,,,,,,,,live=147440 free=43408 reachbit=0 bit30=26.7
314.379,sweep,,,,,,,,,,,,,live=147440 free=43408 reachbit=0 bit30=26.7
314.632,sweep,,,,,,,,,,,,,live=147440 free=43408 reachbit=0 bit30=26.7
314.884,sweep,,,,,,,,,,,,,live=147440 free=43408 reachbit=0 bit30=26.7
315.136,sweep,,,,,,,,,,,,,live=147440 free=43408 reachbit=0 bit30=26.7
315.390,sweep,,,,,,,,,,,,,live=147440 free=43408 reachbit=0 bit30=26.7
315.642,sweep,,,,,,,,,,,,,live=147440 free=43408 reachbit=0 bit30=26.7
315.896,sweep,,,,,,,,,,,,,live=147440 free=43408 reachbit=0 bit30=26.7
316.150,sweep,,,,,,,,,,,,,live=147440 free=43408 reachbit=0 bit30=26.7
316.402,sweep,,,,,,,,,,,,,live=147440 free=43408 reachbit=0 bit30=26.7
316.654,sweep,,,,,,,,,,,,,live=147440 free=43408 reachbit=0 bit30=26.7
316.907,sweep,,,,,,,,,,,,,live=147440 free=43408 reachbit=0 bit30=26.7
317.159,sweep,,,,,,,,,,,,,live=147440 free=43408 reachbit=0 bit30=26.7
317.411,sweep,,,,,,,,,,,,,live=147440 free=43408 reachbit=0 bit30=26.7
317.662,sweep,,,,,,,,,,,,,live=147440 free=43408 reachbit=0 bit30=26.7
317.915,sweep,,,,,,,,,,,,,live=147440 free=43408 reachbit=0 bit30=26.7
318.169,sweep,,,,,,,,,,,,,live=147440 free=43408 reachbit=0 bit30=26.7
318.421,sweep,,,,,,,,,,,,,live=147440 free=43408 reachbit=0 bit30=26.7
318.674,sweep,,,,,,,,,,,,,live=147440 free=43408 reachbit=0 bit30=26.7
318.927,sweep,,,,,,,,,,,,,live=147440 free=43408 reachbit=0 bit30=26.7
319.180,sweep,,,,,,,,,,,,,live=147440 free=43408 reachbit=0 bit30=26.7
319.433,sweep,,,,,,,,,,,,,live=147440 free=43408 reachbit=0 bit30=26.7
319.685,sweep,,,,,,,,,,,,,live=147440 free=43408 reachbit=0 bit30=26.7
319.938,sweep,,,,,,,,,,,,,live=147440 free=43408 reachbit=0 bit30=26.7
320.190,sweep,,,,,,,,,,,,,live=147440 free=43408 reachbit=0 bit30=26.7
320.441,sweep,,,,,,,,,,,,,live=147440 free=43408 reachbit=0 bit30=26.7
320.694,sweep,,,,,,,,,,,,,live=147440 free=43408 reachbit=0 bit30=26.7
320.947,sweep,,,,,,,,,,,,,live=147440 free=43408 reachbit=0 bit30=26.7
321.199,sweep,,,,,,,,,,,,,live=147440 free=43408 reachbit=0 bit30=26.7
321.451,sweep,,,,,,,,,,,,,live=147440 free=43408 reachbit=0 bit30=26.7
321.703,sweep,,,,,,,,,,,,,live=147440 free=43408 reachbit=0 bit30=26.7
321.956,sweep,,,,,,,,,,,,,live=147440 free=43408 reachbit=0 bit30=26.7
322.209,sweep,,,,,,,,,,,,,live=147440 free=43408 reachbit=0 bit30=26.7
322.462,sweep,,,,,,,,,,,,,live=147440 free=43408 reachbit=0 bit30=26.7
322.714,sweep,,,,,,,,,,,,,live=147440 free=43408 reachbit=0 bit30=26.7
322.966,sweep,,,,,,,,,,,,,live=147440 free=43408 reachbit=0 bit30=26.7
323.220,sweep,,,,,,,,,,,,,live=147440 free=43408 reachbit=0 bit30=26.7
323.472,sweep,,,,,,,,,,,,,live=147440 free=43408 reachbit=0 bit30=26.7
323.724,sweep,,,,,,,,,,,,,live=147440 free=43408 reachbit=0 bit30=26.7
323.976,sweep,,,,,,,,,,,,,live=147440 free=43408 reachbit=0 bit30=26.7
324.228,sweep,,,,,,,,,,,,,live=147440 free=43408 reachbit=0 bit30=26.7
324.480,sweep,,,,,,,,,,,,,live=147440 free=43408 reachbit=0 bit30=26.7
324.732,sweep,,,,,,,,,,,,,live=147440 free=43408 reachbit=0 bit30=26.7
324.984,sweep,,,,,,,,,,,,,live=147440 free=43408 reachbit=0 bit30=26.7
325.237,sweep,,,,,,,,,,,,,live=147440 free=43408 reachbit=0 bit30=26.7
325.490,sweep,,,,,,,,,,,,,live=147440 free=43408 reachbit=0 bit30=26.7
325.742,sweep,,,,,,,,,,,,,live=147440 free=43408 reachbit=0 bit30=26.7
325.994,sweep,,,,,,,,,,,,,live=147440 free=43408 reachbit=0 bit30=26.7
326.247,sweep,,,,,,,,,,,,,live=147440 free=43408 reachbit=0 bit30=26.7
326.500,sweep,,,,,,,,,,,,,live=147440 free=43408 reachbit=0 bit30=26.7
326.752,sweep,,,,,,,,,,,,,live=147440 free=43408 reachbit=0 bit30=26.7
327.004,sweep,,,,,,,,,,,,,live=147440 free=43408 reachbit=0 bit30=26.7
327.256,sweep,,,,,,,,,,,,,live=147440 free=43408 reachbit=0 bit30=26.7
327.508,sweep,,,,,,,,,,,,,live=147440 free=43408 reachbit=0 bit30=26.7
327.761,sweep,,,,,,,,,,,,,live=147440 free=43408 reachbit=0 bit30=26.7
328.013,sweep,,,,,,,,,,,,,live=147440 free=43408 reachbit=0 bit30=26.7
328.265,sweep,,,,,,,,,,,,,live=147440 free=43408 reachbit=0 bit30=26.7
328.518,sweep,,,,,,,,,,,,,live=147440 free=43408 reachbit=0 bit30=26.7
328.770,sweep,,,,,,,,,,,,,live=147440 free=43408 reachbit=0 bit30=26.7
329.022,sweep,,,,,,,,,,,,,live=147440 free=43408 reachbit=0 bit30=26.7
329.274,sweep,,,,,,,,,,,,,live=147440 free=43408 reachbit=0 bit30=26.7
329.527,sweep,,,,,,,,,,,,,live=147440 free=43408 reachbit=0 bit30=26.7
329.780,sweep,,,,,,,,,,,,,live=147440 free=43408 reachbit=0 bit30=26.7
330.032,sweep,,,,,,,,,,,,,live=147440 free=43408 reachbit=0 bit30=26.7
330.283,sweep,,,,,,,,,,,,,live=147440 free=43408 reachbit=0 bit30=26.7
330.536,sweep,,,,,,,,,,,,,live=147440 free=43408 reachbit=0 bit30=26.7
330.789,sweep,,,,,,,,,,,,,live=147440 free=43408 reachbit=0 bit30=26.7
331.042,sweep,,,,,,,,,,,,,live=147440 free=43408 reachbit=0 bit30=26.7
331.294,sweep,,,,,,,,,,,,,live=147440 free=43408 reachbit=0 bit30=26.7
331.547,sweep,,,,,,,,,,,,,live=147440 free=43408 reachbit=0 bit30=26.7
331.800,sweep,,,,,,,,,,,,,live=147440 free=43408 reachbit=0 bit30=26.7
332.053,sweep,,,,,,,,,,,,,live=147440 free=43408 reachbit=0 bit30=26.7
332.306,sweep,,,,,,,,,,,,,live=147440 free=43408 reachbit=0 bit30=26.7
332.560,sweep,,,,,,,,,,,,,live=147440 free=43408 reachbit=0 bit30=26.7
332.812,sweep,,,,,,,,,,,,,live=147440 free=43408 reachbit=0 bit30=26.7
333.064,sweep,,,,,,,,,,,,,live=147440 free=43408 reachbit=0 bit30=26.7
333.316,sweep,,,,,,,,,,,,,live=147440 free=43408 reachbit=0 bit30=26.7
333.570,sweep,,,,,,,,,,,,,live=147440 free=43408 reachbit=0 bit30=26.7
333.821,sweep,,,,,,,,,,,,,live=147440 free=43408 reachbit=0 bit30=26.7
334.075,sweep,,,,,,,,,,,,,live=147440 free=43408 reachbit=0 bit30=26.7
334.328,sweep,,,,,,,,,,,,,live=147440 free=43408 reachbit=0 bit30=26.7
334.580,sweep,,,,,,,,,,,,,live=147440 free=43408 reachbit=0 bit30=26.7
334.833,sweep,,,,,,,,,,,,,live=147440 free=43408 reachbit=0 bit30=26.7
335.085,sweep,,,,,,,,,,,,,live=147440 free=43408 reachbit=0 bit30=26.7
335.338,sweep,,,,,,,,,,,,,live=147440 free=43408 reachbit=0 bit30=26.7
335.589,sweep,,,,,,,,,,,,,live=147440 free=43408 reachbit=0 bit30=26.7
335.842,sweep,,,,,,,,,,,,,live=147440 free=43408 reachbit=0 bit30=26.7
336.094,sweep,,,,,,,,,,,,,live=147440 free=43408 reachbit=0 bit30=26.7
336.347,sweep,,,,,,,,,,,,,live=147440 free=43408 reachbit=0 bit30=26.7
336.599,sweep,,,,,,,,,,,,,live=147440 free=43408 reachbit=0 bit30=26.7
336.852,sweep,,,,,,,,,,,,,live=147440 free=43408 reachbit=0 bit30=26.7
337.104,sweep,,,,,,,,,,,,,live=147440 free=43408 reachbit=0 bit30=26.7
337.355,sweep,,,,,,,,,,,,,live=147440 free=43408 reachbit=0 bit30=26.7
337.607,sweep,,,,,,,,,,,,,live=147440 free=43408 reachbit=0 bit30=26.7
337.859,sweep,,,,,,,,,,,,,live=147440 free=43408 reachbit=0 bit30=26.7
338.112,sweep,,,,,,,,,,,,,live=147440 free=43408 reachbit=0 bit30=26.7
338.363,sweep,,,,,,,,,,,,,live=147440 free=43408 reachbit=0 bit30=26.7
338.615,sweep,,,,,,,,,,,,,live=147440 free=43408 reachbit=0 bit30=26.7
338.868,sweep,,,,,,,,,,,,,live=147440 free=43408 reachbit=0 bit30=26.7
339.121,sweep,,,,,,,,,,,,,live=147440 free=43408 reachbit=0 bit30=26.7
339.373,sweep,,,,,,,,,,,,,live=147440 free=43408 reachbit=0 bit30=26.7
339.625,sweep,,,,,,,,,,,,,live=147440 free=43408 reachbit=0 bit30=26.7
339.878,sweep,,,,,,,,,,,,,live=147440 free=43408 reachbit=0 bit30=26.7
340.131,sweep,,,,,,,,,,,,,live=147440 free=43408 reachbit=0 bit30=26.7
340.384,sweep,,,,,,,,,,,,,live=147440 free=43408 reachbit=0 bit30=26.7
340.637,sweep,,,,,,,,,,,,,live=147440 free=43408 reachbit=0 bit30=26.7
340.889,sweep,,,,,,,,,,,,,live=147440 free=43408 reachbit=0 bit30=26.7
341.142,sweep,,,,,,,,,,,,,live=147440 free=43408 reachbit=0 bit30=26.7
341.395,sweep,,,,,,,,,,,,,live=147440 free=43408 reachbit=0 bit30=26.7
341.649,sweep,,,,,,,,,,,,,live=147440 free=43408 reachbit=0 bit30=26.7
341.902,sweep,,,,,,,,,,,,,live=147440 free=43408 reachbit=0 bit30=26.7
342.155,sweep,,,,,,,,,,,,,live=147440 free=43408 reachbit=0 bit30=26.7
342.407,sweep,,,,,,,,,,,,,live=147440 free=43408 reachbit=0 bit30=26.7
342.659,sweep,,,,,,,,,,,,,live=147440 free=43408 reachbit=0 bit30=26.7
342.911,sweep,,,,,,,,,,,,,live=147440 free=43408 reachbit=0 bit30=26.7
343.163,sweep,,,,,,,,,,,,,live=147440 free=43408 reachbit=0 bit30=26.7
343.415,sweep,,,,,,,,,,,,,live=147440 free=43408 reachbit=0 bit30=26.7
343.668,sweep,,,,,,,,,,,,,live=147440 free=43408 reachbit=0 bit30=26.7
343.921,sweep,,,,,,,,,,,,,live=147440 free=43408 reachbit=0 bit30=26.7
344.173,sweep,,,,,,,,,,,,,live=147440 free=43408 reachbit=0 bit30=26.7
344.424,sweep,,,,,,,,,,,,,live=147440 free=43408 reachbit=0 bit30=26.7
344.675,sweep,,,,,,,,,,,,,live=147440 free=43408 reachbit=0 bit30=26.7
344.928,sweep,,,,,,,,,,,,,live=147440 free=43408 reachbit=0 bit30=26.7
345.179,sweep,,,,,,,,,,,,,live=147440 free=43408 reachbit=0 bit30=26.7
345.432,sweep,,,,,,,,,,,,,live=147440 free=43408 reachbit=0 bit30=26.7
345.683,sweep,,,,,,,,,,,,,live=147440 free=43408 reachbit=0 bit30=26.7
345.936,sweep,,,,,,,,,,,,,live=147440 free=43408 reachbit=0 bit30=26.7
346.189,sweep,,,,,,,,,,,,,live=147440 free=43408 reachbit=0 bit30=26.7
346.441,sweep,,,,,,,,,,,,,live=147440 free=43408 reachbit=0 bit30=26.7
346.693,sweep,,,,,,,,,,,,,live=147440 free=43408 reachbit=0 bit30=26.7
346.946,sweep,,,,,,,,,,,,,live=147440 free=43408 reachbit=0 bit30=26.7
347.198,sweep,,,,,,,,,,,,,live=147440 free=43408 reachbit=0 bit30=26.7
347.451,sweep,,,,,,,,,,,,,live=147440 free=43408 reachbit=0 bit30=26.7
347.703,sweep,,,,,,,,,,,,,live=147440 free=43408 reachbit=0 bit30=26.7
347.956,sweep,,,,,,,,,,,,,live=147440 free=43408 reachbit=0 bit30=26.7
348.208,sweep,,,,,,,,,,,,,live=147440 free=43408 reachbit=0 bit30=26.7
348.460,sweep,,,,,,,,,,,,,live=147440 free=43408 reachbit=0 bit30=26.7
348.712,sweep,,,,,,,,,,,,,live=147440 free=43408 reachbit=0 bit30=26.7
348.964,sweep,,,,,,,,,,,,,live=147440 free=43408 reachbit=0 bit30=26.7
349.216,sweep,,,,,,,,,,,,,live=147440 free=43408 reachbit=0 bit30=26.7
349.469,sweep,,,,,,,,,,,,,live=147440 free=43408 reachbit=0 bit30=26.7
349.722,sweep,,,,,,,,,,,,,live=147440 free=43408 reachbit=0 bit30=26.7
349.974,sweep,,,,,,,,,,,,,live=147440 free=43408 reachbit=0 bit30=26.7
350.227,sweep,,,,,,,,,,,,,live=147440 free=43408 reachbit=0 bit30=26.7
350.480,sweep,,,,,,,,,,,,,live=147440 free=43408 reachbit=0 bit30=26.7
350.733,sweep,,,,,,,,,,,,,live=147440 free=43408 reachbit=0 bit30=26.7
350.986,sweep,,,,,,,,,,,,,live=147440 free=43408 reachbit=0 bit30=26.7
351.239,sweep,,,,,,,,,,,,,live=147440 free=43408 reachbit=0 bit30=26.7
351.491,sweep,,,,,,,,,,,,,live=147440 free=43408 reachbit=0 bit30=26.7
351.743,sweep,,,,,,,,,,,,,live=147440 free=43408 reachbit=0 bit30=26.7
351.995,sweep,,,,,,,,,,,,,live=147440 free=43408 reachbit=0 bit30=26.7
352.249,sweep,,,,,,,,,,,,,live=147440 free=43408 reachbit=0 bit30=26.7
352.500,sweep,,,,,,,,,,,,,live=147440 free=43408 reachbit=0 bit30=26.7
352.753,sweep,,,,,,,,,,,,,live=147440 free=43408 reachbit=0 bit30=26.7
353.006,sweep,,,,,,,,,,,,,live=147440 free=43408 reachbit=0 bit30=26.7
353.258,sweep,,,,,,,,,,,,,live=147440 free=43408 reachbit=0 bit30=26.7
353.511,sweep,,,,,,,,,,,,,live=147440 free=43408 reachbit=0 bit30=26.7
353.763,sweep,,,,,,,,,,,,,live=147440 free=43408 reachbit=0 bit30=26.7
354.015,sweep,,,,,,,,,,,,,live=147440 free=43408 reachbit=0 bit30=26.7
354.268,sweep,,,,,,,,,,,,,live=147440 free=43408 reachbit=0 bit30=26.7
354.521,sweep,,,,,,,,,,,,,live=147440 free=43408 reachbit=0 bit30=26.7
354.772,sweep,,,,,,,,,,,,,live=147440 free=43408 reachbit=0 bit30=26.7
355.024,sweep,,,,,,,,,,,,,live=147440 free=43408 reachbit=0 bit30=26.7
355.275,sweep,,,,,,,,,,,,,live=147440 free=43408 reachbit=0 bit30=26.7
355.528,sweep,,,,,,,,,,,,,live=147440 free=43408 reachbit=0 bit30=26.7
355.780,sweep,,,,,,,,,,,,,live=147440 free=43408 reachbit=0 bit30=26.7
356.033,sweep,,,,,,,,,,,,,live=147440 free=43408 reachbit=0 bit30=26.7
356.286,sweep,,,,,,,,,,,,,live=147440 free=43408 reachbit=0 bit30=26.7
356.538,sweep,,,,,,,,,,,,,live=147440 free=43408 reachbit=0 bit30=26.7
356.792,sweep,,,,,,,,,,,,,live=147440 free=43408 reachbit=0 bit30=26.7
357.043,sweep,,,,,,,,,,,,,live=147440 free=43408 reachbit=0 bit30=26.7
357.295,sweep,,,,,,,,,,,,,live=147440 free=43408 reachbit=0 bit30=26.7
357.547,sweep,,,,,,,,,,,,,live=147440 free=43408 reachbit=0 bit30=26.7
357.800,sweep,,,,,,,,,,,,,live=147440 free=43408 reachbit=0 bit30=26.7
358.053,sweep,,,,,,,,,,,,,live=147440 free=43408 reachbit=0 bit30=26.7
358.306,sweep,,,,,,,,,,,,,live=147440 free=43408 reachbit=0 bit30=26.7
358.559,sweep,,,,,,,,,,,,,live=147440 free=43408 reachbit=0 bit30=26.7
358.810,sweep,,,,,,,,,,,,,live=147440 free=43408 reachbit=0 bit30=26.7
359.063,sweep,,,,,,,,,,,,,live=147440 free=43408 reachbit=0 bit30=26.7
359.314,sweep,,,,,,,,,,,,,live=147440 free=43408 reachbit=0 bit30=26.7
359.567,sweep,,,,,,,,,,,,,live=147440 free=43408 reachbit=0 bit30=26.7
359.820,sweep,,,,,,,,,,,,,live=147440 free=43408 reachbit=0 bit30=26.7
360.072,sweep,,,,,,,,,,,,,live=147440 free=43408 reachbit=0 bit30=26.7
360.324,sweep,,,,,,,,,,,,,live=147440 free=43408 reachbit=0 bit30=26.7
360.575,sweep,,,,,,,,,,,,,live=147440 free=43408 reachbit=0 bit30=26.7
360.828,sweep,,,,,,,,,,,,,live=147440 free=43408 reachbit=0 bit30=26.7
361.079,sweep,,,,,,,,,,,,,live=147440 free=43408 reachbit=0 bit30=26.7
361.332,sweep,,,,,,,,,,,,,live=147440 free=43408 reachbit=0 bit30=26.7
361.583,sweep,,,,,,,,,,,,,live=147440 free=43408 reachbit=0 bit30=26.7
361.837,sweep,,,,,,,,,,,,,live=147440 free=43408 reachbit=0 bit30=26.7
362.091,sweep,,,,,,,,,,,,,live=147440 free=43408 reachbit=0 bit30=26.7
362.345,sweep,,,,,,,,,,,,,live=147440 free=43408 reachbit=0 bit30=26.7
362.597,sweep,,,,,,,,,,,,,live=147440 free=43408 reachbit=0 bit30=26.7
