t_s,kind,tag,idx,item_obj,item_flags,item_cluster,item_serial,obj_vt,obj_flags,obj_idx,obj_class,obj_name,gcalive,note
0.002,sweep,,,,,,,,,,,,,live=38496 free=6504 reachbit=None bit30=14.2
0.255,sweep,,,,,,,,,,,,,live=38504 free=6496 reachbit=None bit30=14.2
0.510,sweep,,,,,,,,,,,,,live=38504 free=6496 reachbit=None bit30=14.2
0.765,sweep,,,,,,,,,,,,,live=38504 free=6496 reachbit=None bit30=14.2
1.019,sweep,,,,,,,,,,,,,live=38504 free=6496 reachbit=None bit30=14.2
1.274,sweep,,,,,,,,,,,,,live=39296 free=5704 reachbit=None bit30=99.9
1.527,sweep,,,,,,,,,,,,,live=39376 free=5704 reachbit=None bit30=99.8
1.781,sweep,,,,,,,,,,,,,live=40592 free=5704 reachbit=None bit30=96.8
2.037,sweep,,,,,,,,,,,,,live=47840 free=5704 reachbit=None bit30=82.2
2.291,sweep,,,,,,,,,,,,,live=49624 free=5704 reachbit=None bit30=79.2
2.544,sweep,,,,,,,,,,,,,live=50464 free=5704 reachbit=None bit30=77.9
2.798,sweep,,,,,,,,,,,,,live=50464 free=5704 reachbit=None bit30=77.9
3.052,sweep,,,,,,,,,,,,,live=50464 free=5704 reachbit=None bit30=77.9
3.306,sweep,,,,,,,,,,,,,live=50464 free=5704 reachbit=None bit30=77.9
3.558,sweep,,,,,,,,,,,,,live=50464 free=5704 reachbit=None bit30=77.9
3.811,sweep,,,,,,,,,,,,,live=50464 free=5704 reachbit=None bit30=77.9
4.064,sweep,,,,,,,,,,,,,live=50464 free=5704 reachbit=None bit30=77.9
4.317,sweep,,,,,,,,,,,,,live=50464 free=5704 reachbit=None bit30=77.9
4.570,sweep,,,,,,,,,,,,,live=51352 free=5704 reachbit=None bit30=76.6
4.825,sweep,,,,,,,,,,,,,live=51376 free=5704 reachbit=None bit30=76.5
5.079,sweep,,,,,,,,,,,,,live=51384 free=5704 reachbit=None bit30=76.5
5.334,sweep,,,,,,,,,,,,,live=51392 free=5704 reachbit=None bit30=76.5
5.587,sweep,,,,,,,,,,,,,live=51392 free=5704 reachbit=None bit30=76.5
5.839,sweep,,,,,,,,,,,,,live=51392 free=5704 reachbit=None bit30=76.5
6.092,sweep,,,,,,,,,,,,,live=51392 free=5704 reachbit=None bit30=76.5
6.345,sweep,,,,,,,,,,,,,live=52376 free=5704 reachbit=None bit30=75.1
6.597,sweep,,,,,,,,,,,,,live=52376 free=5704 reachbit=None bit30=75.1
6.849,sweep,,,,,,,,,,,,,live=52376 free=5704 reachbit=None bit30=75.1
7.102,sweep,,,,,,,,,,,,,live=52376 free=5704 reachbit=None bit30=75.1
7.355,sweep,,,,,,,,,,,,,live=52376 free=5704 reachbit=None bit30=75.1
7.607,sweep,,,,,,,,,,,,,live=52376 free=5704 reachbit=None bit30=75.1
7.859,sweep,,,,,,,,,,,,,live=52376 free=5704 reachbit=None bit30=75.1
8.111,sweep,,,,,,,,,,,,,live=52376 free=5704 reachbit=None bit30=75.1
8.362,sweep,,,,,,,,,,,,,live=52376 free=5704 reachbit=None bit30=75.1
8.615,sweep,,,,,,,,,,,,,live=52376 free=5704 reachbit=None bit30=75.1
8.868,sweep,,,,,,,,,,,,,live=52376 free=5704 reachbit=None bit30=75.1
9.119,sweep,,,,,,,,,,,,,live=52376 free=5704 reachbit=None bit30=75.1
9.372,sweep,,,,,,,,,,,,,live=52376 free=5704 reachbit=None bit30=75.1
9.626,sweep,,,,,,,,,,,,,live=52376 free=5704 reachbit=None bit30=75.1
9.878,sweep,,,,,,,,,,,,,live=52376 free=5704 reachbit=None bit30=75.1
10.130,sweep,,,,,,,,,,,,,live=52376 free=5704 reachbit=None bit30=75.1
10.382,sweep,,,,,,,,,,,,,live=52376 free=5704 reachbit=None bit30=75.1
10.650,sweep,,,,,,,,,,,,,live=52384 free=5704 reachbit=None bit30=75.1
10.905,sweep,,,,,,,,,,,,,live=52384 free=5704 reachbit=None bit30=75.1
11.158,sweep,,,,,,,,,,,,,live=63080 free=5704 reachbit=None bit30=62.3
11.410,sweep,,,,,,,,,,,,,live=82784 free=5704 reachbit=1 bit30=47.5
11.666,sweep,,,,,,,,,,,,,live=85160 free=5704 reachbit=1 bit30=46.2
11.919,sweep,,,,,,,,,,,,,live=102704 free=5704 reachbit=1 bit30=38.3
12.175,sweep,,,,,,,,,,,,,live=123192 free=5704 reachbit=1 bit30=31.9
12.428,sweep,,,,,,,,,,,,,live=154888 free=5704 reachbit=1 bit30=25.4
12.680,sweep,,,,,,,,,,,,,live=179504 free=5704 reachbit=1 bit30=21.9
12.932,sweep,,,,,,,,,,,,,live=182408 free=5704 reachbit=1 bit30=21.6
13.186,sweep,,,,,,,,,,,,,live=183376 free=5704 reachbit=1 bit30=21.4
13.438,sweep,,,,,,,,,,,,,live=183384 free=5704 reachbit=1 bit30=21.4
13.691,sweep,,,,,,,,,,,,,live=183440 free=5704 reachbit=1 bit30=21.4
13.944,sweep,,,,,,,,,,,,,live=183456 free=5704 reachbit=1 bit30=21.4
14.197,sweep,,,,,,,,,,,,,live=183496 free=5704 reachbit=1 bit30=21.4
14.449,sweep,,,,,,,,,,,,,live=183512 free=5704 reachbit=1 bit30=21.4
14.702,sweep,,,,,,,,,,,,,live=183528 free=5704 reachbit=1 bit30=21.4
14.954,sweep,,,,,,,,,,,,,live=184448 free=5704 reachbit=1 bit30=21.3
15.207,sweep,,,,,,,,,,,,,live=184480 free=5704 reachbit=1 bit30=21.3
15.460,sweep,,,,,,,,,,,,,live=184480 free=5704 reachbit=1 bit30=21.3
15.714,sweep,,,,,,,,,,,,,live=184480 free=5704 reachbit=1 bit30=21.3
15.967,sweep,,,,,,,,,,,,,live=184480 free=5704 reachbit=1 bit30=21.3
16.220,sweep,,,,,,,,,,,,,live=184480 free=5704 reachbit=1 bit30=21.3
16.473,sweep,,,,,,,,,,,,,live=184480 free=5704 reachbit=1 bit30=21.3
16.725,sweep,,,,,,,,,,,,,live=184480 free=5704 reachbit=1 bit30=21.3
16.977,sweep,,,,,,,,,,,,,live=184480 free=5704 reachbit=1 bit30=21.3
17.230,sweep,,,,,,,,,,,,,live=184480 free=5704 reachbit=1 bit30=21.3
17.482,sweep,,,,,,,,,,,,,live=184480 free=5704 reachbit=1 bit30=21.3
17.735,sweep,,,,,,,,,,,,,live=184480 free=5704 reachbit=1 bit30=21.3
17.989,sweep,,,,,,,,,,,,,live=184480 free=5704 reachbit=1 bit30=21.3
18.241,sweep,,,,,,,,,,,,,live=184480 free=5704 reachbit=1 bit30=21.3
18.493,sweep,,,,,,,,,,,,,live=184480 free=5704 reachbit=1 bit30=21.3
18.746,sweep,,,,,,,,,,,,,live=184480 free=5704 reachbit=1 bit30=21.3
18.997,sweep,,,,,,,,,,,,,live=184480 free=5704 reachbit=1 bit30=21.3
19.250,sweep,,,,,,,,,,,,,live=184480 free=5704 reachbit=1 bit30=21.3
19.503,sweep,,,,,,,,,,,,,live=184480 free=5704 reachbit=1 bit30=21.3
19.756,sweep,,,,,,,,,,,,,live=184480 free=5704 reachbit=1 bit30=21.3
20.009,sweep,,,,,,,,,,,,,live=184480 free=5704 reachbit=1 bit30=21.3
20.261,sweep,,,,,,,,,,,,,live=184480 free=5704 reachbit=1 bit30=21.3
20.514,sweep,,,,,,,,,,,,,live=184480 free=5704 reachbit=1 bit30=21.3
20.765,sweep,,,,,,,,,,,,,live=184480 free=5704 reachbit=1 bit30=21.3
21.019,sweep,,,,,,,,,,,,,live=184480 free=5704 reachbit=1 bit30=21.3
21.272,sweep,,,,,,,,,,,,,live=184480 free=5704 reachbit=1 bit30=21.3
21.525,sweep,,,,,,,,,,,,,live=184480 free=5704 reachbit=1 bit30=21.3
21.778,sweep,,,,,,,,,,,,,live=184480 free=5704 reachbit=1 bit30=21.3
22.030,sweep,,,,,,,,,,,,,live=184480 free=5704 reachbit=1 bit30=21.3
22.282,sweep,,,,,,,,,,,,,live=184480 free=5704 reachbit=1 bit30=21.3
22.534,sweep,,,,,,,,,,,,,live=184480 free=5704 reachbit=1 bit30=21.3
22.787,sweep,,,,,,,,,,,,,live=184480 free=5704 reachbit=1 bit30=21.3
23.040,sweep,,,,,,,,,,,,,live=184480 free=5704 reachbit=1 bit30=21.3
23.293,sweep,,,,,,,,,,,,,live=184480 free=5704 reachbit=1 bit30=21.3
23.544,sweep,,,,,,,,,,,,,live=184480 free=5704 reachbit=1 bit30=21.3
23.796,sweep,,,,,,,,,,,,,live=184480 free=5704 reachbit=1 bit30=21.3
24.049,sweep,,,,,,,,,,,,,live=184480 free=5704 reachbit=1 bit30=21.3
24.303,sweep,,,,,,,,,,,,,live=184480 free=5704 reachbit=1 bit30=21.3
24.555,sweep,,,,,,,,,,,,,live=184480 free=5704 reachbit=1 bit30=21.3
24.807,sweep,,,,,,,,,,,,,live=184480 free=5704 reachbit=1 bit30=21.3
25.059,sweep,,,,,,,,,,,,,live=184480 free=5704 reachbit=1 bit30=21.3
25.312,sweep,,,,,,,,,,,,,live=184480 free=5704 reachbit=1 bit30=21.3
25.565,sweep,,,,,,,,,,,,,live=184480 free=5704 reachbit=1 bit30=21.3
25.819,sweep,,,,,,,,,,,,,live=184480 free=5704 reachbit=1 bit30=21.3
26.072,sweep,,,,,,,,,,,,,live=184480 free=5704 reachbit=1 bit30=21.3
26.326,sweep,,,,,,,,,,,,,live=184480 free=5704 reachbit=1 bit30=21.3
26.578,sweep,,,,,,,,,,,,,live=184480 free=5704 reachbit=1 bit30=21.3
26.830,sweep,,,,,,,,,,,,,live=184480 free=5704 reachbit=1 bit30=21.3
27.082,sweep,,,,,,,,,,,,,live=184480 free=5704 reachbit=1 bit30=21.3
27.334,sweep,,,,,,,,,,,,,live=184480 free=5704 reachbit=1 bit30=21.3
27.586,sweep,,,,,,,,,,,,,live=184480 free=5704 reachbit=1 bit30=21.3
27.839,sweep,,,,,,,,,,,,,live=184480 free=5704 reachbit=1 bit30=21.3
28.090,sweep,,,,,,,,,,,,,live=184480 free=5704 reachbit=1 bit30=21.3
28.342,sweep,,,,,,,,,,,,,live=184480 free=5704 reachbit=1 bit30=21.3
28.593,sweep,,,,,,,,,,,,,live=184480 free=5704 reachbit=1 bit30=21.3
28.845,sweep,,,,,,,,,,,,,live=184480 free=5704 reachbit=1 bit30=21.3
29.097,sweep,,,,,,,,,,,,,live=184480 free=5704 reachbit=1 bit30=21.3
29.351,sweep,,,,,,,,,,,,,live=184480 free=5704 reachbit=1 bit30=21.3
29.604,sweep,,,,,,,,,,,,,live=184480 free=5704 reachbit=1 bit30=21.3
29.856,sweep,,,,,,,,,,,,,live=184480 free=5704 reachbit=1 bit30=21.3
30.107,sweep,,,,,,,,,,,,,live=184480 free=5704 reachbit=1 bit30=21.3
30.359,sweep,,,,,,,,,,,,,live=184480 free=5704 reachbit=1 bit30=21.3
30.612,sweep,,,,,,,,,,,,,live=184480 free=5704 reachbit=1 bit30=21.3
30.863,sweep,,,,,,,,,,,,,live=184480 free=5704 reachbit=1 bit30=21.3
31.116,sweep,,,,,,,,,,,,,live=184480 free=5704 reachbit=1 bit30=21.3
31.368,sweep,,,,,,,,,,,,,live=184480 free=5704 reachbit=1 bit30=21.3
31.620,sweep,,,,,,,,,,,,,live=184480 free=5704 reachbit=1 bit30=21.3
31.872,sweep,,,,,,,,,,,,,live=184480 free=5704 reachbit=1 bit30=21.3
32.125,sweep,,,,,,,,,,,,,live=184480 free=5704 reachbit=1 bit30=21.3
32.378,sweep,,,,,,,,,,,,,live=184480 free=5704 reachbit=1 bit30=21.3
32.632,sweep,,,,,,,,,,,,,live=184480 free=5704 reachbit=1 bit30=21.3
32.885,sweep,,,,,,,,,,,,,live=184480 free=5704 reachbit=1 bit30=21.3
33.137,sweep,,,,,,,,,,,,,live=184480 free=5704 reachbit=1 bit30=21.3
33.390,sweep,,,,,,,,,,,,,live=184480 free=5704 reachbit=1 bit30=21.3
33.642,sweep,,,,,,,,,,,,,live=184480 free=5704 reachbit=1 bit30=21.3
33.894,sweep,,,,,,,,,,,,,live=184480 free=5704 reachbit=1 bit30=21.3
34.148,sweep,,,,,,,,,,,,,live=184480 free=5704 reachbit=1 bit30=21.3
34.400,sweep,,,,,,,,,,,,,live=184480 free=5704 reachbit=1 bit30=21.3
34.653,sweep,,,,,,,,,,,,,live=184480 free=5704 reachbit=1 bit30=21.3
34.906,sweep,,,,,,,,,,,,,live=184480 free=5704 reachbit=1 bit30=21.3
35.158,sweep,,,,,,,,,,,,,live=184480 free=5704 reachbit=1 bit30=21.3
35.409,sweep,,,,,,,,,,,,,live=184480 free=5704 reachbit=1 bit30=21.3
35.663,sweep,,,,,,,,,,,,,live=184480 free=5704 reachbit=1 bit30=21.3
35.916,sweep,,,,,,,,,,,,,live=184480 free=5704 reachbit=1 bit30=21.3
36.169,sweep,,,,,,,,,,,,,live=184480 free=5704 reachbit=1 bit30=21.3
36.422,sweep,,,,,,,,,,,,,live=184480 free=5704 reachbit=1 bit30=21.3
36.675,sweep,,,,,,,,,,,,,live=184480 free=5704 reachbit=1 bit30=21.3
36.926,sweep,,,,,,,,,,,,,live=184480 free=5704 reachbit=1 bit30=21.3
37.180,sweep,,,,,,,,,,,,,live=184480 free=5704 reachbit=1 bit30=21.3
37.432,sweep,,,,,,,,,,,,,live=184600 free=5704 reachbit=1 bit30=21.3
37.686,sweep,,,,,,,,,,,,,live=185144 free=5704 reachbit=1 bit30=21.2
37.938,sweep,,,,,,,,,,,,,live=185144 free=5704 reachbit=1 bit30=21.2
38.191,sweep,,,,,,,,,,,,,live=185144 free=5704 reachbit=1 bit30=21.2
38.443,sweep,,,,,,,,,,,,,live=185144 free=5704 reachbit=1 bit30=21.2
38.695,sweep,,,,,,,,,,,,,live=185144 free=5704 reachbit=1 bit30=21.2
38.947,sweep,,,,,,,,,,,,,live=185144 free=5704 reachbit=1 bit30=21.2
39.199,sweep,,,,,,,,,,,,,live=185144 free=5704 reachbit=1 bit30=21.2
39.451,sweep,,,,,,,,,,,,,live=185144 free=5704 reachbit=1 bit30=21.2
39.703,sweep,,,,,,,,,,,,,live=185144 free=5704 reachbit=1 bit30=21.2
39.956,sweep,,,,,,,,,,,,,live=185144 free=5704 reachbit=1 bit30=21.2
40.208,sweep,,,,,,,,,,,,,live=185144 free=5704 reachbit=1 bit30=21.2
40.460,sweep,,,,,,,,,,,,,live=185144 free=5704 reachbit=1 bit30=21.2
40.712,sweep,,,,,,,,,,,,,live=185144 free=5704 reachbit=1 bit30=21.2
40.965,sweep,,,,,,,,,,,,,live=185144 free=5704 reachbit=1 bit30=21.2
41.217,sweep,,,,,,,,,,,,,live=185144 free=5704 reachbit=1 bit30=21.2
41.470,sweep,,,,,,,,,,,,,live=185144 free=5704 reachbit=1 bit30=21.2
41.722,sweep,,,,,,,,,,,,,live=185144 free=5704 reachbit=1 bit30=21.2
41.975,sweep,,,,,,,,,,,,,live=185144 free=5704 reachbit=1 bit30=21.2
42.227,sweep,,,,,,,,,,,,,live=185144 free=5704 reachbit=1 bit30=21.2
42.478,sweep,,,,,,,,,,,,,live=185144 free=5704 reachbit=1 bit30=21.2
42.731,sweep,,,,,,,,,,,,,live=185144 free=5704 reachbit=1 bit30=21.2
42.983,sweep,,,,,,,,,,,,,live=185144 free=5704 reachbit=1 bit30=21.2
43.235,sweep,,,,,,,,,,,,,live=185144 free=5704 reachbit=1 bit30=21.2
43.487,sweep,,,,,,,,,,,,,live=185144 free=5704 reachbit=1 bit30=21.2
43.739,sweep,,,,,,,,,,,,,live=185144 free=5704 reachbit=1 bit30=21.2
43.991,sweep,,,,,,,,,,,,,live=185144 free=5704 reachbit=1 bit30=21.2
44.245,sweep,,,,,,,,,,,,,live=185144 free=5704 reachbit=1 bit30=21.2
44.497,sweep,,,,,,,,,,,,,live=185144 free=5704 reachbit=1 bit30=21.2
44.749,sweep,,,,,,,,,,,,,live=185144 free=5704 reachbit=1 bit30=21.2
45.001,sweep,,,,,,,,,,,,,live=185144 free=5704 reachbit=1 bit30=21.2
45.254,sweep,,,,,,,,,,,,,live=185144 free=5704 reachbit=1 bit30=21.2
45.506,sweep,,,,,,,,,,,,,live=185144 free=5704 reachbit=1 bit30=21.2
45.759,sweep,,,,,,,,,,,,,live=185144 free=5704 reachbit=1 bit30=21.2
46.013,sweep,,,,,,,,,,,,,live=185144 free=5704 reachbit=1 bit30=21.2
46.267,sweep,,,,,,,,,,,,,live=185144 free=5704 reachbit=1 bit30=21.2
46.518,sweep,,,,,,,,,,,,,live=185144 free=5704 reachbit=1 bit30=21.2
46.771,sweep,,,,,,,,,,,,,live=185144 free=5704 reachbit=1 bit30=21.2
47.023,sweep,,,,,,,,,,,,,live=185144 free=5704 reachbit=1 bit30=21.2
47.275,sweep,,,,,,,,,,,,,live=185144 free=5704 reachbit=1 bit30=21.2
47.527,sweep,,,,,,,,,,,,,live=185144 free=5704 reachbit=1 bit30=21.2
47.779,sweep,,,,,,,,,,,,,live=185144 free=5704 reachbit=1 bit30=21.2
48.031,sweep,,,,,,,,,,,,,live=185144 free=5704 reachbit=1 bit30=21.2
48.284,sweep,,,,,,,,,,,,,live=185144 free=5704 reachbit=1 bit30=21.2
48.537,sweep,,,,,,,,,,,,,live=185144 free=5704 reachbit=1 bit30=21.2
48.789,sweep,,,,,,,,,,,,,live=185144 free=5704 reachbit=1 bit30=21.2
49.042,sweep,,,,,,,,,,,,,live=185144 free=5704 reachbit=1 bit30=21.2
49.294,sweep,,,,,,,,,,,,,live=185144 free=5704 reachbit=1 bit30=21.2
49.546,sweep,,,,,,,,,,,,,live=185144 free=5704 reachbit=1 bit30=21.2
49.798,sweep,,,,,,,,,,,,,live=185144 free=5704 reachbit=1 bit30=21.2
50.050,sweep,,,,,,,,,,,,,live=185144 free=5704 reachbit=1 bit30=21.2
50.303,sweep,,,,,,,,,,,,,live=185144 free=5704 reachbit=1 bit30=21.2
50.555,sweep,,,,,,,,,,,,,live=185144 free=5704 reachbit=1 bit30=21.2
50.807,sweep,,,,,,,,,,,,,live=185144 free=5704 reachbit=1 bit30=21.2
51.058,sweep,,,,,,,,,,,,,live=185144 free=5704 reachbit=1 bit30=21.2
51.310,sweep,,,,,,,,,,,,,live=185144 free=5704 reachbit=1 bit30=21.2
51.562,sweep,,,,,,,,,,,,,live=185144 free=5704 reachbit=1 bit30=21.2
51.815,sweep,,,,,,,,,,,,,live=185144 free=5704 reachbit=1 bit30=21.2
52.067,sweep,,,,,,,,,,,,,live=185144 free=5704 reachbit=1 bit30=21.2
52.319,sweep,,,,,,,,,,,,,live=185144 free=5704 reachbit=1 bit30=21.2
52.572,sweep,,,,,,,,,,,,,live=185144 free=5704 reachbit=1 bit30=21.2
52.824,sweep,,,,,,,,,,,,,live=185144 free=5704 reachbit=1 bit30=21.2
53.077,sweep,,,,,,,,,,,,,live=185144 free=5704 reachbit=1 bit30=21.2
53.329,sweep,,,,,,,,,,,,,live=185144 free=5704 reachbit=1 bit30=21.2
53.582,sweep,,,,,,,,,,,,,live=185144 free=5704 reachbit=1 bit30=21.2
53.836,sweep,,,,,,,,,,,,,live=185144 free=5704 reachbit=1 bit30=21.2
54.087,sweep,,,,,,,,,,,,,live=185144 free=5704 reachbit=1 bit30=21.2
54.339,sweep,,,,,,,,,,,,,live=185144 free=5704 reachbit=1 bit30=21.2
54.591,sweep,,,,,,,,,,,,,live=185144 free=5704 reachbit=1 bit30=21.2
54.844,sweep,,,,,,,,,,,,,live=185144 free=5704 reachbit=1 bit30=21.2
55.096,sweep,,,,,,,,,,,,,live=185144 free=5704 reachbit=1 bit30=21.2
55.347,sweep,,,,,,,,,,,,,live=185144 free=5704 reachbit=1 bit30=21.2
55.599,sweep,,,,,,,,,,,,,live=185144 free=5704 reachbit=1 bit30=21.2
55.852,sweep,,,,,,,,,,,,,live=185144 free=5704 reachbit=1 bit30=21.2
56.105,sweep,,,,,,,,,,,,,live=185144 free=5704 reachbit=1 bit30=21.2
56.357,sweep,,,,,,,,,,,,,live=185144 free=5704 reachbit=1 bit30=21.2
56.610,sweep,,,,,,,,,,,,,live=185144 free=5704 reachbit=1 bit30=21.2
56.861,sweep,,,,,,,,,,,,,live=185144 free=5704 reachbit=1 bit30=21.2
57.114,sweep,,,,,,,,,,,,,live=185144 free=5704 reachbit=1 bit30=21.2
57.367,sweep,,,,,,,,,,,,,live=185144 free=5704 reachbit=1 bit30=21.2
57.620,sweep,,,,,,,,,,,,,live=185144 free=5704 reachbit=1 bit30=21.2
57.872,sweep,,,,,,,,,,,,,live=185144 free=5704 reachbit=1 bit30=21.2
58.125,sweep,,,,,,,,,,,,,live=185144 free=5704 reachbit=1 bit30=21.2
58.378,sweep,,,,,,,,,,,,,live=185144 free=5704 reachbit=1 bit30=21.2
58.630,sweep,,,,,,,,,,,,,live=185144 free=5704 reachbit=1 bit30=21.2
58.882,sweep,,,,,,,,,,,,,live=185144 free=5704 reachbit=1 bit30=21.2
59.135,sweep,,,,,,,,,,,,,live=185144 free=5704 reachbit=1 bit30=21.2
59.387,sweep,,,,,,,,,,,,,live=185144 free=5704 reachbit=1 bit30=21.2
59.641,sweep,,,,,,,,,,,,,live=185144 free=5704 reachbit=1 bit30=21.2
59.895,sweep,,,,,,,,,,,,,live=185144 free=5704 reachbit=1 bit30=21.2
60.147,sweep,,,,,,,,,,,,,live=185144 free=5704 reachbit=1 bit30=21.2
60.399,sweep,,,,,,,,,,,,,live=185144 free=5704 reachbit=1 bit30=21.2
60.651,sweep,,,,,,,,,,,,,live=185144 free=5704 reachbit=1 bit30=21.2
60.905,sweep,,,,,,,,,,,,,live=185144 free=5704 reachbit=1 bit30=21.2
61.157,sweep,,,,,,,,,,,,,live=185144 free=5704 reachbit=1 bit30=21.2
61.410,sweep,,,,,,,,,,,,,live=185144 free=5704 reachbit=1 bit30=21.2
61.662,sweep,,,,,,,,,,,,,live=185144 free=5704 reachbit=1 bit30=21.2
61.915,sweep,,,,,,,,,,,,,live=185144 free=5704 reachbit=1 bit30=21.2
62.167,sweep,,,,,,,,,,,,,live=185144 free=5704 reachbit=1 bit30=21.2
62.419,sweep,,,,,,,,,,,,,live=185144 free=5704 reachbit=1 bit30=21.2
62.673,sweep,,,,,,,,,,,,,live=185144 free=5704 reachbit=1 bit30=21.2
62.927,sweep,,,,,,,,,,,,,live=185144 free=5704 reachbit=1 bit30=21.2
63.180,sweep,,,,,,,,,,,,,live=185144 free=5704 reachbit=1 bit30=21.2
63.432,sweep,,,,,,,,,,,,,live=185144 free=5704 reachbit=1 bit30=21.2
63.687,sweep,,,,,,,,,,,,,live=185144 free=5704 reachbit=1 bit30=21.2
63.940,sweep,,,,,,,,,,,,,live=185144 free=5704 reachbit=1 bit30=21.2
64.193,sweep,,,,,,,,,,,,,live=185144 free=5704 reachbit=1 bit30=21.2
64.446,sweep,,,,,,,,,,,,,live=185144 free=5704 reachbit=1 bit30=21.2
64.698,sweep,,,,,,,,,,,,,live=185144 free=5704 reachbit=1 bit30=21.2
64.950,sweep,,,,,,,,,,,,,live=185144 free=5704 reachbit=1 bit30=21.2
65.203,sweep,,,,,,,,,,,,,live=185144 free=5704 reachbit=1 bit30=21.2
65.456,sweep,,,,,,,,,,,,,live=185144 free=5704 reachbit=1 bit30=21.2
65.709,sweep,,,,,,,,,,,,,live=185144 free=5704 reachbit=0 bit30=21.2
65.963,sweep,,,,,,,,,,,,,live=177296 free=13552 reachbit=0 bit30=22.2
66.216,sweep,,,,,,,,,,,,,live=177296 free=13552 reachbit=0 bit30=22.2
66.467,sweep,,,,,,,,,,,,,live=177296 free=13552 reachbit=0 bit30=22.2
66.719,sweep,,,,,,,,,,,,,live=177296 free=13552 reachbit=0 bit30=22.2
66.970,sweep,,,,,,,,,,,,,live=177296 free=13552 reachbit=0 bit30=22.2
67.224,sweep,,,,,,,,,,,,,live=177296 free=13552 reachbit=0 bit30=22.2
67.475,sweep,,,,,,,,,,,,,live=177296 free=13552 reachbit=0 bit30=22.2
67.727,sweep,,,,,,,,,,,,,live=177304 free=13544 reachbit=0 bit30=22.2
67.981,sweep,,,,,,,,,,,,,live=177304 free=13544 reachbit=0 bit30=22.2
68.234,sweep,,,,,,,,,,,,,live=177304 free=13544 reachbit=0 bit30=22.2
68.486,sweep,,,,,,,,,,,,,live=177304 free=13544 reachbit=0 bit30=22.2
68.738,sweep,,,,,,,,,,,,,live=177304 free=13544 reachbit=0 bit30=22.2
68.991,sweep,,,,,,,,,,,,,live=177304 free=13544 reachbit=0 bit30=22.2
69.244,sweep,,,,,,,,,,,,,live=177304 free=13544 reachbit=0 bit30=22.2
69.496,sweep,,,,,,,,,,,,,live=177304 free=13544 reachbit=0 bit30=22.2
69.750,sweep,,,,,,,,,,,,,live=177304 free=13544 reachbit=0 bit30=22.2
70.003,sweep,,,,,,,,,,,,,live=177304 free=13544 reachbit=0 bit30=22.2
70.257,sweep,,,,,,,,,,,,,live=177304 free=13544 reachbit=0 bit30=22.2
70.510,sweep,,,,,,,,,,,,,live=177304 free=13544 reachbit=0 bit30=22.2
70.762,sweep,,,,,,,,,,,,,live=177304 free=13544 reachbit=0 bit30=22.2
71.014,sweep,,,,,,,,,,,,,live=177304 free=13544 reachbit=0 bit30=22.2
71.265,sweep,,,,,,,,,,,,,live=177304 free=13544 reachbit=0 bit30=22.2
71.518,sweep,,,,,,,,,,,,,live=177304 free=13544 reachbit=0 bit30=22.2
71.771,sweep,,,,,,,,,,,,,live=177304 free=13544 reachbit=0 bit30=22.2
72.023,sweep,,,,,,,,,,,,,live=177304 free=13544 reachbit=0 bit30=22.2
72.275,sweep,,,,,,,,,,,,,live=177304 free=13544 reachbit=0 bit30=22.2
72.527,sweep,,,,,,,,,,,,,live=177304 free=13544 reachbit=0 bit30=22.2
72.781,sweep,,,,,,,,,,,,,live=177304 free=13544 reachbit=0 bit30=22.2
73.034,sweep,,,,,,,,,,,,,live=177304 free=13544 reachbit=0 bit30=22.2
73.287,sweep,,,,,,,,,,,,,live=177304 free=13544 reachbit=0 bit30=22.2
73.539,sweep,,,,,,,,,,,,,live=177304 free=13544 reachbit=0 bit30=22.2
73.791,sweep,,,,,,,,,,,,,live=177304 free=13544 reachbit=0 bit30=22.2
74.045,sweep,,,,,,,,,,,,,live=177304 free=13544 reachbit=0 bit30=22.2
74.298,sweep,,,,,,,,,,,,,live=177304 free=13544 reachbit=0 bit30=22.2
74.551,sweep,,,,,,,,,,,,,live=177304 free=13544 reachbit=0 bit30=22.2
74.803,sweep,,,,,,,,,,,,,live=177304 free=13544 reachbit=0 bit30=22.2
75.055,sweep,,,,,,,,,,,,,live=177304 free=13544 reachbit=0 bit30=22.2
75.307,sweep,,,,,,,,,,,,,live=177304 free=13544 reachbit=0 bit30=22.2
75.559,sweep,,,,,,,,,,,,,live=177304 free=13544 reachbit=0 bit30=22.2
75.812,sweep,,,,,,,,,,,,,live=177304 free=13544 reachbit=0 bit30=22.2
76.066,sweep,,,,,,,,,,,,,live=177304 free=13544 reachbit=0 bit30=22.2
76.317,sweep,,,,,,,,,,,,,live=177304 free=13544 reachbit=0 bit30=22.2
76.570,sweep,,,,,,,,,,,,,live=177304 free=13544 reachbit=0 bit30=22.2
76.823,sweep,,,,,,,,,,,,,live=177304 free=13544 reachbit=0 bit30=22.2
77.075,sweep,,,,,,,,,,,,,live=177304 free=13544 reachbit=0 bit30=22.2
77.326,sweep,,,,,,,,,,,,,live=177304 free=13544 reachbit=0 bit30=22.2
77.578,sweep,,,,,,,,,,,,,live=177304 free=13544 reachbit=0 bit30=22.2
77.830,sweep,,,,,,,,,,,,,live=177304 free=13544 reachbit=0 bit30=22.2
78.083,sweep,,,,,,,,,,,,,live=177304 free=13544 reachbit=0 bit30=22.2
78.337,sweep,,,,,,,,,,,,,live=177304 free=13544 reachbit=0 bit30=22.2
78.590,sweep,,,,,,,,,,,,,live=177304 free=13544 reachbit=0 bit30=22.2
78.843,sweep,,,,,,,,,,,,,live=177304 free=13544 reachbit=0 bit30=22.2
79.096,sweep,,,,,,,,,,,,,live=177304 free=13544 reachbit=0 bit30=22.2
79.348,sweep,,,,,,,,,,,,,live=177304 free=13544 reachbit=0 bit30=22.2
79.600,sweep,,,,,,,,,,,,,live=177304 free=13544 reachbit=0 bit30=22.2
79.853,sweep,,,,,,,,,,,,,live=177304 free=13544 reachbit=0 bit30=22.2
80.107,sweep,,,,,,,,,,,,,live=177304 free=13544 reachbit=0 bit30=22.2
80.358,sweep,,,,,,,,,,,,,live=177304 free=13544 reachbit=0 bit30=22.2
80.611,sweep,,,,,,,,,,,,,live=177304 free=13544 reachbit=0 bit30=22.2
80.863,sweep,,,,,,,,,,,,,live=177304 free=13544 reachbit=0 bit30=22.2
81.116,sweep,,,,,,,,,,,,,live=177304 free=13544 reachbit=0 bit30=22.2
81.367,sweep,,,,,,,,,,,,,live=177304 free=13544 reachbit=0 bit30=22.2
81.620,sweep,,,,,,,,,,,,,live=177304 free=13544 reachbit=0 bit30=22.2
81.873,sweep,,,,,,,,,,,,,live=177304 free=13544 reachbit=0 bit30=22.2
82.124,sweep,,,,,,,,,,,,,live=177304 free=13544 reachbit=0 bit30=22.2
82.377,sweep,,,,,,,,,,,,,live=177304 free=13544 reachbit=0 bit30=22.2
82.630,sweep,,,,,,,,,,,,,live=177304 free=13544 reachbit=0 bit30=22.2
82.882,sweep,,,,,,,,,,,,,live=177304 free=13544 reachbit=0 bit30=22.2
83.134,sweep,,,,,,,,,,,,,live=177304 free=13544 reachbit=0 bit30=22.2
83.387,sweep,,,,,,,,,,,,,live=177304 free=13544 reachbit=0 bit30=22.2
83.639,sweep,,,,,,,,,,,,,live=177304 free=13544 reachbit=0 bit30=22.2
83.890,sweep,,,,,,,,,,,,,live=177304 free=13544 reachbit=0 bit30=22.2
84.144,sweep,,,,,,,,,,,,,live=177304 free=13544 reachbit=0 bit30=22.2
84.396,sweep,,,,,,,,,,,,,live=177304 free=13544 reachbit=0 bit30=22.2
84.648,sweep,,,,,,,,,,,,,live=177304 free=13544 reachbit=0 bit30=22.2
84.902,sweep,,,,,,,,,,,,,live=177304 free=13544 reachbit=0 bit30=22.2
85.155,sweep,,,,,,,,,,,,,live=177304 free=13544 reachbit=0 bit30=22.2
85.408,sweep,,,,,,,,,,,,,live=177304 free=13544 reachbit=0 bit30=22.2
85.660,sweep,,,,,,,,,,,,,live=177304 free=13544 reachbit=0 bit30=22.2
85.913,sweep,,,,,,,,,,,,,live=177304 free=13544 reachbit=0 bit30=22.2
86.168,sweep,,,,,,,,,,,,,live=177304 free=13544 reachbit=0 bit30=22.2
86.424,sweep,,,,,,,,,,,,,live=177304 free=13544 reachbit=0 bit30=22.2
86.675,sweep,,,,,,,,,,,,,live=177304 free=13544 reachbit=0 bit30=22.2
86.927,sweep,,,,,,,,,,,,,live=177304 free=13544 reachbit=0 bit30=22.2
87.180,sweep,,,,,,,,,,,,,live=177304 free=13544 reachbit=0 bit30=22.2
87.432,sweep,,,,,,,,,,,,,live=177304 free=13544 reachbit=0 bit30=22.2
87.685,sweep,,,,,,,,,,,,,live=177304 free=13544 reachbit=0 bit30=22.2
87.936,sweep,,,,,,,,,,,,,live=177304 free=13544 reachbit=0 bit30=22.2
88.188,sweep,,,,,,,,,,,,,live=177304 free=13544 reachbit=0 bit30=22.2
88.441,sweep,,,,,,,,,,,,,live=177304 free=13544 reachbit=0 bit30=22.2
88.692,sweep,,,,,,,,,,,,,live=177304 free=13544 reachbit=0 bit30=22.2
88.946,sweep,,,,,,,,,,,,,live=177304 free=13544 reachbit=0 bit30=22.2
89.198,sweep,,,,,,,,,,,,,live=177304 free=13544 reachbit=0 bit30=22.2
89.451,sweep,,,,,,,,,,,,,live=177304 free=13544 reachbit=0 bit30=22.2
89.704,sweep,,,,,,,,,,,,,live=177304 free=13544 reachbit=0 bit30=22.2
89.957,sweep,,,,,,,,,,,,,live=177304 free=13544 reachbit=0 bit30=22.2
90.209,sweep,,,,,,,,,,,,,live=177304 free=13544 reachbit=0 bit30=22.2
90.461,sweep,,,,,,,,,,,,,live=177304 free=13544 reachbit=0 bit30=22.2
90.714,sweep,,,,,,,,,,,,,live=177304 free=13544 reachbit=0 bit30=22.2
90.967,sweep,,,,,,,,,,,,,live=177304 free=13544 reachbit=0 bit30=22.2
91.220,sweep,,,,,,,,,,,,,live=177304 free=13544 reachbit=0 bit30=22.2
91.474,sweep,,,,,,,,,,,,,live=177304 free=13544 reachbit=0 bit30=22.2
91.726,sweep,,,,,,,,,,,,,live=177304 free=13544 reachbit=0 bit30=22.2
91.979,sweep,,,,,,,,,,,,,live=177304 free=13544 reachbit=0 bit30=22.2
92.232,sweep,,,,,,,,,,,,,live=177304 free=13544 reachbit=0 bit30=22.2
92.485,sweep,,,,,,,,,,,,,live=177304 free=13544 reachbit=0 bit30=22.2
92.737,sweep,,,,,,,,,,,,,live=177304 free=13544 reachbit=0 bit30=22.2
92.990,sweep,,,,,,,,,,,,,live=177304 free=13544 reachbit=0 bit30=22.2
93.243,sweep,,,,,,,,,,,,,live=177304 free=13544 reachbit=0 bit30=22.2
93.495,sweep,,,,,,,,,,,,,live=177304 free=13544 reachbit=0 bit30=22.2
93.749,sweep,,,,,,,,,,,,,live=177304 free=13544 reachbit=0 bit30=22.2
94.004,sweep,,,,,,,,,,,,,live=177304 free=13544 reachbit=0 bit30=22.2
94.257,sweep,,,,,,,,,,,,,live=177304 free=13544 reachbit=0 bit30=22.2
94.510,sweep,,,,,,,,,,,,,live=177304 free=13544 reachbit=0 bit30=22.2
94.763,sweep,,,,,,,,,,,,,live=177304 free=13544 reachbit=0 bit30=22.2
95.015,sweep,,,,,,,,,,,,,live=177304 free=13544 reachbit=0 bit30=22.2
95.267,sweep,,,,,,,,,,,,,live=177304 free=13544 reachbit=0 bit30=22.2
95.520,sweep,,,,,,,,,,,,,live=177304 free=13544 reachbit=0 bit30=22.2
95.773,sweep,,,,,,,,,,,,,live=177304 free=13544 reachbit=0 bit30=22.2
96.025,sweep,,,,,,,,,,,,,live=177304 free=13544 reachbit=0 bit30=22.2
96.278,sweep,,,,,,,,,,,,,live=177304 free=13544 reachbit=0 bit30=22.2
96.531,sweep,,,,,,,,,,,,,live=177304 free=13544 reachbit=0 bit30=22.2
96.785,sweep,,,,,,,,,,,,,live=177304 free=13544 reachbit=0 bit30=22.2
97.037,sweep,,,,,,,,,,,,,live=177304 free=13544 reachbit=0 bit30=22.2
97.289,sweep,,,,,,,,,,,,,live=177304 free=13544 reachbit=0 bit30=22.2
97.540,sweep,,,,,,,,,,,,,live=177312 free=13536 reachbit=0 bit30=22.2
97.792,sweep,,,,,,,,,,,,,live=177312 free=13536 reachbit=0 bit30=22.2
98.045,sweep,,,,,,,,,,,,,live=177312 free=13536 reachbit=0 bit30=22.2
98.297,sweep,,,,,,,,,,,,,live=177312 free=13536 reachbit=0 bit30=22.2
98.550,sweep,,,,,,,,,,,,,live=177312 free=13536 reachbit=0 bit30=22.2
98.802,sweep,,,,,,,,,,,,,live=177312 free=13536 reachbit=0 bit30=22.2
99.056,sweep,,,,,,,,,,,,,live=177312 free=13536 reachbit=0 bit30=22.2
99.307,sweep,,,,,,,,,,,,,live=177312 free=13536 reachbit=0 bit30=22.2
99.559,sweep,,,,,,,,,,,,,live=177312 free=13536 reachbit=0 bit30=22.2
99.811,sweep,,,,,,,,,,,,,live=177312 free=13536 reachbit=0 bit30=22.2
100.064,sweep,,,,,,,,,,,,,live=177312 free=13536 reachbit=0 bit30=22.2
100.316,sweep,,,,,,,,,,,,,live=177312 free=13536 reachbit=0 bit30=22.2
100.568,sweep,,,,,,,,,,,,,live=177312 free=13536 reachbit=0 bit30=22.2
100.820,sweep,,,,,,,,,,,,,live=177312 free=13536 reachbit=0 bit30=22.2
101.072,sweep,,,,,,,,,,,,,live=177312 free=13536 reachbit=0 bit30=22.2
101.325,sweep,,,,,,,,,,,,,live=177312 free=13536 reachbit=0 bit30=22.2
101.577,sweep,,,,,,,,,,,,,live=177312 free=13536 reachbit=0 bit30=22.2
101.830,sweep,,,,,,,,,,,,,live=177312 free=13536 reachbit=0 bit30=22.2
102.083,sweep,,,,,,,,,,,,,live=177312 free=13536 reachbit=0 bit30=22.2
102.336,sweep,,,,,,,,,,,,,live=177312 free=13536 reachbit=0 bit30=22.2
102.589,sweep,,,,,,,,,,,,,live=177312 free=13536 reachbit=0 bit30=22.2
102.842,sweep,,,,,,,,,,,,,live=177312 free=13536 reachbit=0 bit30=22.2
103.094,sweep,,,,,,,,,,,,,live=177312 free=13536 reachbit=0 bit30=22.2
103.347,sweep,,,,,,,,,,,,,live=177312 free=13536 reachbit=0 bit30=22.2
103.600,sweep,,,,,,,,,,,,,live=177312 free=13536 reachbit=0 bit30=22.2
103.853,sweep,,,,,,,,,,,,,live=177312 free=13536 reachbit=0 bit30=22.2
104.106,sweep,,,,,,,,,,,,,live=177312 free=13536 reachbit=0 bit30=22.2
104.358,sweep,,,,,,,,,,,,,live=177312 free=13536 reachbit=0 bit30=22.2
104.612,sweep,,,,,,,,,,,,,live=177312 free=13536 reachbit=0 bit30=22.2
104.865,sweep,,,,,,,,,,,,,live=177312 free=13536 reachbit=0 bit30=22.2
105.117,sweep,,,,,,,,,,,,,live=177312 free=13536 reachbit=0 bit30=22.2
105.370,sweep,,,,,,,,,,,,,live=177312 free=13536 reachbit=0 bit30=22.2
105.621,sweep,,,,,,,,,,,,,live=177312 free=13536 reachbit=0 bit30=22.2
105.873,sweep,,,,,,,,,,,,,live=177312 free=13536 reachbit=0 bit30=22.2
106.125,sweep,,,,,,,,,,,,,live=177312 free=13536 reachbit=0 bit30=22.2
106.377,sweep,,,,,,,,,,,,,live=177312 free=13536 reachbit=0 bit30=22.2
106.630,sweep,,,,,,,,,,,,,live=177312 free=13536 reachbit=0 bit30=22.2
106.882,sweep,,,,,,,,,,,,,live=177312 free=13536 reachbit=0 bit30=22.2
107.136,sweep,,,,,,,,,,,,,live=177312 free=13536 reachbit=0 bit30=22.2
107.387,sweep,,,,,,,,,,,,,live=177312 free=13536 reachbit=0 bit30=22.2
107.638,sweep,,,,,,,,,,,,,live=177312 free=13536 reachbit=0 bit30=22.2
107.891,sweep,,,,,,,,,,,,,live=177312 free=13536 reachbit=0 bit30=22.2
108.144,sweep,,,,,,,,,,,,,live=177312 free=13536 reachbit=0 bit30=22.2
108.396,sweep,,,,,,,,,,,,,live=177312 free=13536 reachbit=0 bit30=22.2
108.648,sweep,,,,,,,,,,,,,live=177312 free=13536 reachbit=0 bit30=22.2
108.900,sweep,,,,,,,,,,,,,live=177312 free=13536 reachbit=0 bit30=22.2
109.153,sweep,,,,,,,,,,,,,live=177312 free=13536 reachbit=0 bit30=22.2
109.406,sweep,,,,,,,,,,,,,live=177312 free=13536 reachbit=0 bit30=22.2
109.657,sweep,,,,,,,,,,,,,live=177312 free=13536 reachbit=0 bit30=22.2
109.910,sweep,,,,,,,,,,,,,live=177312 free=13536 reachbit=0 bit30=22.2
110.164,sweep,,,,,,,,,,,,,live=177312 free=13536 reachbit=0 bit30=22.2
110.416,sweep,,,,,,,,,,,,,live=177312 free=13536 reachbit=0 bit30=22.2
110.669,sweep,,,,,,,,,,,,,live=177312 free=13536 reachbit=0 bit30=22.2
110.922,sweep,,,,,,,,,,,,,live=177312 free=13536 reachbit=0 bit30=22.2
111.174,sweep,,,,,,,,,,,,,live=177312 free=13536 reachbit=0 bit30=22.2
111.427,sweep,,,,,,,,,,,,,live=177312 free=13536 reachbit=0 bit30=22.2
111.679,sweep,,,,,,,,,,,,,live=177312 free=13536 reachbit=0 bit30=22.2
111.931,sweep,,,,,,,,,,,,,live=177312 free=13536 reachbit=0 bit30=22.2
112.185,sweep,,,,,,,,,,,,,live=177312 free=13536 reachbit=0 bit30=22.2
112.437,sweep,,,,,,,,,,,,,live=177312 free=13536 reachbit=0 bit30=22.2
112.689,sweep,,,,,,,,,,,,,live=177312 free=13536 reachbit=0 bit30=22.2
112.941,sweep,,,,,,,,,,,,,live=177312 free=13536 reachbit=0 bit30=22.2
113.193,sweep,,,,,,,,,,,,,live=177312 free=13536 reachbit=0 bit30=22.2
113.445,sweep,,,,,,,,,,,,,live=177312 free=13536 reachbit=0 bit30=22.2
113.697,sweep,,,,,,,,,,,,,live=177312 free=13536 reachbit=0 bit30=22.2
113.950,sweep,,,,,,,,,,,,,live=177312 free=13536 reachbit=0 bit30=22.2
114.203,sweep,,,,,,,,,,,,,live=177312 free=13536 reachbit=0 bit30=22.2
114.455,sweep,,,,,,,,,,,,,live=177312 free=13536 reachbit=0 bit30=22.2
114.707,sweep,,,,,,,,,,,,,live=177312 free=13536 reachbit=0 bit30=22.2
114.960,sweep,,,,,,,,,,,,,live=177312 free=13536 reachbit=0 bit30=22.2
115.213,sweep,,,,,,,,,,,,,live=177312 free=13536 reachbit=0 bit30=22.2
115.466,sweep,,,,,,,,,,,,,live=177312 free=13536 reachbit=0 bit30=22.2
115.719,sweep,,,,,,,,,,,,,live=177312 free=13536 reachbit=0 bit30=22.2
115.972,sweep,,,,,,,,,,,,,live=177312 free=13536 reachbit=0 bit30=22.2
116.225,sweep,,,,,,,,,,,,,live=177312 free=13536 reachbit=0 bit30=22.2
116.477,sweep,,,,,,,,,,,,,live=177312 free=13536 reachbit=0 bit30=22.2
116.730,sweep,,,,,,,,,,,,,live=177312 free=13536 reachbit=0 bit30=22.2
116.982,sweep,,,,,,,,,,,,,live=177312 free=13536 reachbit=0 bit30=22.2
117.234,sweep,,,,,,,,,,,,,live=177312 free=13536 reachbit=0 bit30=22.2
117.486,sweep,,,,,,,,,,,,,live=177312 free=13536 reachbit=0 bit30=22.2
117.739,sweep,,,,,,,,,,,,,live=177312 free=13536 reachbit=0 bit30=22.2
117.992,sweep,,,,,,,,,,,,,live=177312 free=13536 reachbit=0 bit30=22.2
118.245,sweep,,,,,,,,,,,,,live=177312 free=13536 reachbit=0 bit30=22.2
118.497,sweep,,,,,,,,,,,,,live=177312 free=13536 reachbit=0 bit30=22.2
118.751,sweep,,,,,,,,,,,,,live=177312 free=13536 reachbit=0 bit30=22.2
119.003,sweep,,,,,,,,,,,,,live=177312 free=13536 reachbit=0 bit30=22.2
119.255,sweep,,,,,,,,,,,,,live=177312 free=13536 reachbit=0 bit30=22.2
119.506,sweep,,,,,,,,,,,,,live=177312 free=13536 reachbit=0 bit30=22.2
119.759,sweep,,,,,,,,,,,,,live=177312 free=13536 reachbit=0 bit30=22.2
120.011,sweep,,,,,,,,,,,,,live=177312 free=13536 reachbit=0 bit30=22.2
120.264,sweep,,,,,,,,,,,,,live=177312 free=13536 reachbit=0 bit30=22.2
120.516,sweep,,,,,,,,,,,,,live=177312 free=13536 reachbit=0 bit30=22.2
120.768,sweep,,,,,,,,,,,,,live=177312 free=13536 reachbit=0 bit30=22.2
121.020,sweep,,,,,,,,,,,,,live=177312 free=13536 reachbit=0 bit30=22.2
121.272,sweep,,,,,,,,,,,,,live=177312 free=13536 reachbit=0 bit30=22.2
121.524,sweep,,,,,,,,,,,,,live=177312 free=13536 reachbit=0 bit30=22.2
121.777,sweep,,,,,,,,,,,,,live=177312 free=13536 reachbit=0 bit30=22.2
122.029,sweep,,,,,,,,,,,,,live=177312 free=13536 reachbit=0 bit30=22.2
122.282,sweep,,,,,,,,,,,,,live=177312 free=13536 reachbit=0 bit30=22.2
122.534,sweep,,,,,,,,,,,,,live=177312 free=13536 reachbit=0 bit30=22.2
122.787,sweep,,,,,,,,,,,,,live=177312 free=13536 reachbit=0 bit30=22.2
123.040,sweep,,,,,,,,,,,,,live=177312 free=13536 reachbit=0 bit30=22.2
123.293,sweep,,,,,,,,,,,,,live=177312 free=13536 reachbit=0 bit30=22.2
123.545,sweep,,,,,,,,,,,,,live=177312 free=13536 reachbit=0 bit30=22.2
123.797,sweep,,,,,,,,,,,,,live=177312 free=13536 reachbit=0 bit30=22.2
124.048,sweep,,,,,,,,,,,,,live=177312 free=13536 reachbit=0 bit30=22.2
124.301,sweep,,,,,,,,,,,,,live=177312 free=13536 reachbit=0 bit30=22.2
124.554,sweep,,,,,,,,,,,,,live=177312 free=13536 reachbit=0 bit30=22.2
124.806,sweep,,,,,,,,,,,,,live=177312 free=13536 reachbit=0 bit30=22.2
125.058,sweep,,,,,,,,,,,,,live=177312 free=13536 reachbit=0 bit30=22.2
125.312,sweep,,,,,,,,,,,,,live=177312 free=13536 reachbit=0 bit30=22.2
125.566,sweep,,,,,,,,,,,,,live=177312 free=13536 reachbit=0 bit30=22.2
125.818,sweep,,,,,,,,,,,,,live=177312 free=13536 reachbit=0 bit30=22.2
126.071,sweep,,,,,,,,,,,,,live=177312 free=13536 reachbit=0 bit30=22.2
126.323,sweep,,,,,,,,,,,,,live=177312 free=13536 reachbit=0 bit30=22.2
126.576,sweep,,,,,,,,,,,,,live=177312 free=13536 reachbit=0 bit30=22.2
126.827,sweep,,,,,,,,,,,,,live=177296 free=13552 reachbit=2 bit30=22.2
127.079,sweep,,,,,,,,,,,,,live=177296 free=13552 reachbit=2 bit30=22.2
127.333,sweep,,,,,,,,,,,,,live=177296 free=13552 reachbit=2 bit30=22.2
127.587,sweep,,,,,,,,,,,,,live=177304 free=13544 reachbit=2 bit30=22.2
127.839,sweep,,,,,,,,,,,,,live=177304 free=13544 reachbit=2 bit30=22.2
128.093,sweep,,,,,,,,,,,,,live=177304 free=13544 reachbit=2 bit30=22.2
128.347,sweep,,,,,,,,,,,,,live=177304 free=13544 reachbit=2 bit30=22.2
128.599,sweep,,,,,,,,,,,,,live=177304 free=13544 reachbit=2 bit30=22.2
128.852,sweep,,,,,,,,,,,,,live=177304 free=13544 reachbit=2 bit30=22.2
129.104,sweep,,,,,,,,,,,,,live=177304 free=13544 reachbit=2 bit30=22.2
129.356,sweep,,,,,,,,,,,,,live=177304 free=13544 reachbit=2 bit30=22.2
129.608,sweep,,,,,,,,,,,,,live=177304 free=13544 reachbit=2 bit30=22.2
129.860,sweep,,,,,,,,,,,,,live=177304 free=13544 reachbit=2 bit30=22.2
130.113,sweep,,,,,,,,,,,,,live=177304 free=13544 reachbit=2 bit30=22.2
130.367,sweep,,,,,,,,,,,,,live=177304 free=13544 reachbit=2 bit30=22.2
130.620,sweep,,,,,,,,,,,,,live=177304 free=13544 reachbit=2 bit30=22.2
130.873,sweep,,,,,,,,,,,,,live=177304 free=13544 reachbit=2 bit30=22.2
131.125,sweep,,,,,,,,,,,,,live=177304 free=13544 reachbit=2 bit30=22.2
131.376,sweep,,,,,,,,,,,,,live=177304 free=13544 reachbit=2 bit30=22.2
131.629,sweep,,,,,,,,,,,,,live=177304 free=13544 reachbit=2 bit30=22.2
131.881,sweep,,,,,,,,,,,,,live=177304 free=13544 reachbit=2 bit30=22.2
132.133,sweep,,,,,,,,,,,,,live=177304 free=13544 reachbit=2 bit30=22.2
132.386,sweep,,,,,,,,,,,,,live=177304 free=13544 reachbit=2 bit30=22.2
132.639,sweep,,,,,,,,,,,,,live=177304 free=13544 reachbit=2 bit30=22.2
132.891,sweep,,,,,,,,,,,,,live=177304 free=13544 reachbit=2 bit30=22.2
133.145,sweep,,,,,,,,,,,,,live=177304 free=13544 reachbit=2 bit30=22.2
133.397,sweep,,,,,,,,,,,,,live=177304 free=13544 reachbit=2 bit30=22.2
133.649,sweep,,,,,,,,,,,,,live=177304 free=13544 reachbit=2 bit30=22.2
133.902,sweep,,,,,,,,,,,,,live=177304 free=13544 reachbit=2 bit30=22.2
134.155,sweep,,,,,,,,,,,,,live=177304 free=13544 reachbit=2 bit30=22.2
134.407,sweep,,,,,,,,,,,,,live=177304 free=13544 reachbit=2 bit30=22.2
134.661,sweep,,,,,,,,,,,,,live=177304 free=13544 reachbit=2 bit30=22.2
134.914,sweep,,,,,,,,,,,,,live=177304 free=13544 reachbit=2 bit30=22.2
135.167,sweep,,,,,,,,,,,,,live=177304 free=13544 reachbit=2 bit30=22.2
135.421,sweep,,,,,,,,,,,,,live=177304 free=13544 reachbit=2 bit30=22.2
135.673,sweep,,,,,,,,,,,,,live=177304 free=13544 reachbit=2 bit30=22.2
135.926,sweep,,,,,,,,,,,,,live=177304 free=13544 reachbit=2 bit30=22.2
136.179,sweep,,,,,,,,,,,,,live=177304 free=13544 reachbit=2 bit30=22.2
136.432,sweep,,,,,,,,,,,,,live=177304 free=13544 reachbit=2 bit30=22.2
136.686,sweep,,,,,,,,,,,,,live=177304 free=13544 reachbit=2 bit30=22.2
136.939,sweep,,,,,,,,,,,,,live=177304 free=13544 reachbit=2 bit30=22.2
137.192,sweep,,,,,,,,,,,,,live=177304 free=13544 reachbit=2 bit30=22.2
137.444,sweep,,,,,,,,,,,,,live=177304 free=13544 reachbit=2 bit30=22.2
137.696,sweep,,,,,,,,,,,,,live=177304 free=13544 reachbit=2 bit30=22.2
137.949,sweep,,,,,,,,,,,,,live=177304 free=13544 reachbit=2 bit30=22.2
138.201,sweep,,,,,,,,,,,,,live=177304 free=13544 reachbit=2 bit30=22.2
138.453,sweep,,,,,,,,,,,,,live=177304 free=13544 reachbit=2 bit30=22.2
138.706,sweep,,,,,,,,,,,,,live=177304 free=13544 reachbit=2 bit30=22.2
138.959,sweep,,,,,,,,,,,,,live=177304 free=13544 reachbit=2 bit30=22.2
139.210,sweep,,,,,,,,,,,,,live=177304 free=13544 reachbit=2 bit30=22.2
139.463,sweep,,,,,,,,,,,,,live=177304 free=13544 reachbit=2 bit30=22.2
139.715,sweep,,,,,,,,,,,,,live=177304 free=13544 reachbit=2 bit30=22.2
139.966,sweep,,,,,,,,,,,,,live=177304 free=13544 reachbit=2 bit30=22.2
140.218,sweep,,,,,,,,,,,,,live=177304 free=13544 reachbit=2 bit30=22.2
140.471,sweep,,,,,,,,,,,,,live=177304 free=13544 reachbit=2 bit30=22.2
140.722,sweep,,,,,,,,,,,,,live=177304 free=13544 reachbit=2 bit30=22.2
140.976,sweep,,,,,,,,,,,,,live=177304 free=13544 reachbit=2 bit30=22.2
141.228,sweep,,,,,,,,,,,,,live=177304 free=13544 reachbit=2 bit30=22.2
141.481,sweep,,,,,,,,,,,,,live=177304 free=13544 reachbit=2 bit30=22.2
141.734,sweep,,,,,,,,,,,,,live=177304 free=13544 reachbit=2 bit30=22.2
141.985,sweep,,,,,,,,,,,,,live=177304 free=13544 reachbit=2 bit30=22.2
142.238,sweep,,,,,,,,,,,,,live=177304 free=13544 reachbit=2 bit30=22.2
142.490,sweep,,,,,,,,,,,,,live=177304 free=13544 reachbit=2 bit30=22.2
142.743,sweep,,,,,,,,,,,,,live=177304 free=13544 reachbit=2 bit30=22.2
142.996,sweep,,,,,,,,,,,,,live=177304 free=13544 reachbit=2 bit30=22.2
143.249,sweep,,,,,,,,,,,,,live=177304 free=13544 reachbit=2 bit30=22.2
143.503,sweep,,,,,,,,,,,,,live=177304 free=13544 reachbit=2 bit30=22.2
143.756,sweep,,,,,,,,,,,,,live=177304 free=13544 reachbit=2 bit30=22.2
144.008,sweep,,,,,,,,,,,,,live=177304 free=13544 reachbit=2 bit30=22.2
144.262,sweep,,,,,,,,,,,,,live=177304 free=13544 reachbit=2 bit30=22.2
144.513,sweep,,,,,,,,,,,,,live=177304 free=13544 reachbit=2 bit30=22.2
144.765,sweep,,,,,,,,,,,,,live=177304 free=13544 reachbit=2 bit30=22.2
145.018,sweep,,,,,,,,,,,,,live=177304 free=13544 reachbit=2 bit30=22.2
145.270,sweep,,,,,,,,,,,,,live=177304 free=13544 reachbit=2 bit30=22.2
145.522,sweep,,,,,,,,,,,,,live=177304 free=13544 reachbit=2 bit30=22.2
145.776,sweep,,,,,,,,,,,,,live=177304 free=13544 reachbit=2 bit30=22.2
146.028,sweep,,,,,,,,,,,,,live=177304 free=13544 reachbit=2 bit30=22.2
146.280,sweep,,,,,,,,,,,,,live=177304 free=13544 reachbit=2 bit30=22.2
146.532,sweep,,,,,,,,,,,,,live=177304 free=13544 reachbit=2 bit30=22.2
146.784,sweep,,,,,,,,,,,,,live=177304 free=13544 reachbit=2 bit30=22.2
147.036,sweep,,,,,,,,,,,,,live=177304 free=13544 reachbit=2 bit30=22.2
147.288,sweep,,,,,,,,,,,,,live=177304 free=13544 reachbit=2 bit30=22.2
147.540,sweep,,,,,,,,,,,,,live=177304 free=13544 reachbit=2 bit30=22.2
147.792,sweep,,,,,,,,,,,,,live=177304 free=13544 reachbit=2 bit30=22.2
148.044,sweep,,,,,,,,,,,,,live=177304 free=13544 reachbit=2 bit30=22.2
148.297,sweep,,,,,,,,,,,,,live=177304 free=13544 reachbit=2 bit30=22.2
148.549,sweep,,,,,,,,,,,,,live=177304 free=13544 reachbit=2 bit30=22.2
148.801,sweep,,,,,,,,,,,,,live=177304 free=13544 reachbit=2 bit30=22.2
149.053,sweep,,,,,,,,,,,,,live=177304 free=13544 reachbit=2 bit30=22.2
149.304,sweep,,,,,,,,,,,,,live=177304 free=13544 reachbit=2 bit30=22.2
149.557,sweep,,,,,,,,,,,,,live=177304 free=13544 reachbit=2 bit30=22.2
149.810,sweep,,,,,,,,,,,,,live=177304 free=13544 reachbit=2 bit30=22.2
150.064,sweep,,,,,,,,,,,,,live=177304 free=13544 reachbit=2 bit30=22.2
150.316,sweep,,,,,,,,,,,,,live=177304 free=13544 reachbit=2 bit30=22.2
150.567,sweep,,,,,,,,,,,,,live=177304 free=13544 reachbit=2 bit30=22.2
150.820,sweep,,,,,,,,,,,,,live=177304 free=13544 reachbit=2 bit30=22.2
151.072,sweep,,,,,,,,,,,,,live=177304 free=13544 reachbit=2 bit30=22.2
151.324,sweep,,,,,,,,,,,,,live=177304 free=13544 reachbit=2 bit30=22.2
151.576,sweep,,,,,,,,,,,,,live=177304 free=13544 reachbit=2 bit30=22.2
151.827,sweep,,,,,,,,,,,,,live=177304 free=13544 reachbit=2 bit30=22.2
152.081,sweep,,,,,,,,,,,,,live=177304 free=13544 reachbit=2 bit30=22.2
152.334,sweep,,,,,,,,,,,,,live=177304 free=13544 reachbit=2 bit30=22.2
152.586,sweep,,,,,,,,,,,,,live=177304 free=13544 reachbit=2 bit30=22.2
152.839,sweep,,,,,,,,,,,,,live=177304 free=13544 reachbit=2 bit30=22.2
153.091,sweep,,,,,,,,,,,,,live=177304 free=13544 reachbit=2 bit30=22.2
153.343,sweep,,,,,,,,,,,,,live=177304 free=13544 reachbit=2 bit30=22.2
153.596,sweep,,,,,,,,,,,,,live=177304 free=13544 reachbit=2 bit30=22.2
153.847,sweep,,,,,,,,,,,,,live=177304 free=13544 reachbit=2 bit30=22.2
154.100,sweep,,,,,,,,,,,,,live=177304 free=13544 reachbit=2 bit30=22.2
154.354,sweep,,,,,,,,,,,,,live=177304 free=13544 reachbit=2 bit30=22.2
154.607,sweep,,,,,,,,,,,,,live=177304 free=13544 reachbit=2 bit30=22.2
154.859,sweep,,,,,,,,,,,,,live=177304 free=13544 reachbit=2 bit30=22.2
155.112,sweep,,,,,,,,,,,,,live=177304 free=13544 reachbit=2 bit30=22.2
155.365,sweep,,,,,,,,,,,,,live=177304 free=13544 reachbit=2 bit30=22.2
155.617,sweep,,,,,,,,,,,,,live=177304 free=13544 reachbit=2 bit30=22.2
155.869,sweep,,,,,,,,,,,,,live=177304 free=13544 reachbit=2 bit30=22.2
156.122,sweep,,,,,,,,,,,,,live=177304 free=13544 reachbit=2 bit30=22.2
156.376,sweep,,,,,,,,,,,,,live=177312 free=13536 reachbit=2 bit30=22.2
156.627,sweep,,,,,,,,,,,,,live=53816 free=137032 reachbit=2 bit30=73.1
156.879,sweep,,,,,,,,,,,,,live=67880 free=122968 reachbit=1 bit30=57.9
157.131,sweep,,,,,,,,,,,,,live=90224 free=100624 reachbit=1 bit30=43.6
157.383,sweep,,,,,,,,,,,,,live=111168 free=79680 reachbit=1 bit30=35.4
157.636,sweep,,,,,,,,,,,,,live=119840 free=71008 reachbit=1 bit30=32.8
157.889,sweep,,,,,,,,,,,,,live=119856 free=70992 reachbit=1 bit30=32.8
158.143,sweep,,,,,,,,,,,,,live=119896 free=70952 reachbit=1 bit30=32.8
158.396,sweep,,,,,,,,,,,,,live=120024 free=70824 reachbit=1 bit30=32.8
158.647,sweep,,,,,,,,,,,,,live=120024 free=70824 reachbit=1 bit30=32.8
158.900,sweep,,,,,,,,,,,,,live=120024 free=70824 reachbit=1 bit30=32.8
159.152,sweep,,,,,,,,,,,,,live=120024 free=70824 reachbit=1 bit30=32.8
159.404,sweep,,,,,,,,,,,,,live=120024 free=70824 reachbit=1 bit30=32.8
159.655,sweep,,,,,,,,,,,,,live=120024 free=70824 reachbit=1 bit30=32.8
159.907,sweep,,,,,,,,,,,,,live=120024 free=70824 reachbit=1 bit30=32.8
160.160,sweep,,,,,,,,,,,,,live=120024 free=70824 reachbit=1 bit30=32.8
160.414,sweep,,,,,,,,,,,,,live=120024 free=70824 reachbit=1 bit30=32.8
160.667,sweep,,,,,,,,,,,,,live=120024 free=70824 reachbit=1 bit30=32.8
160.919,sweep,,,,,,,,,,,,,live=120024 free=70824 reachbit=1 bit30=32.8
161.172,sweep,,,,,,,,,,,,,live=120024 free=70824 reachbit=1 bit30=32.8
161.424,sweep,,,,,,,,,,,,,live=120024 free=70824 reachbit=1 bit30=32.8
161.676,sweep,,,,,,,,,,,,,live=120128 free=70720 reachbit=1 bit30=32.7
161.928,sweep,,,,,,,,,,,,,live=128928 free=61920 reachbit=1 bit30=30.5
162.182,sweep,,,,,,,,,,,,,live=140528 free=50320 reachbit=1 bit30=28.0
162.436,sweep,,,,,,,,,,,,,live=145776 free=45072 reachbit=1 bit30=27.0
162.687,sweep,,,,,,,,,,,,,live=145800 free=45048 reachbit=1 bit30=27.0
162.940,sweep,,,,,,,,,,,,,live=145808 free=45040 reachbit=1 bit30=27.0
163.192,sweep,,,,,,,,,,,,,live=145808 free=45040 reachbit=1 bit30=27.0
163.444,sweep,,,,,,,,,,,,,live=145808 free=45040 reachbit=1 bit30=27.0
163.697,sweep,,,,,,,,,,,,,live=145808 free=45040 reachbit=1 bit30=27.0
163.949,sweep,,,,,,,,,,,,,live=145808 free=45040 reachbit=1 bit30=27.0
164.201,sweep,,,,,,,,,,,,,live=145808 free=45040 reachbit=1 bit30=27.0
164.454,sweep,,,,,,,,,,,,,live=146816 free=44032 reachbit=1 bit30=26.8
164.708,sweep,,,,,,,,,,,,,live=152784 free=38064 reachbit=1 bit30=25.7
164.961,sweep,,,,,,,,,,,,,live=157448 free=33400 reachbit=1 bit30=25.0
165.215,sweep,,,,,,,,,,,,,live=157736 free=33112 reachbit=1 bit30=24.9
165.468,sweep,,,,,,,,,,,,,live=157736 free=33112 reachbit=1 bit30=24.9
165.723,sweep,,,,,,,,,,,,,live=157736 free=33112 reachbit=1 bit30=24.9
165.976,sweep,,,,,,,,,,,,,live=157736 free=33112 reachbit=1 bit30=24.9
166.228,sweep,,,,,,,,,,,,,live=157736 free=33112 reachbit=1 bit30=24.9
166.480,sweep,,,,,,,,,,,,,live=157736 free=33112 reachbit=1 bit30=24.9
166.734,sweep,,,,,,,,,,,,,live=157736 free=33112 reachbit=1 bit30=24.9
166.986,sweep,,,,,,,,,,,,,live=157736 free=33112 reachbit=1 bit30=24.9
167.239,sweep,,,,,,,,,,,,,live=157736 free=33112 reachbit=1 bit30=24.9
167.492,sweep,,,,,,,,,,,,,live=157736 free=33112 reachbit=1 bit30=24.9
167.744,sweep,,,,,,,,,,,,,live=157736 free=33112 reachbit=1 bit30=24.9
167.997,sweep,,,,,,,,,,,,,live=157736 free=33112 reachbit=1 bit30=24.9
168.250,sweep,,,,,,,,,,,,,live=157736 free=33112 reachbit=1 bit30=24.9
168.504,sweep,,,,,,,,,,,,,live=157736 free=33112 reachbit=1 bit30=24.9
168.756,sweep,,,,,,,,,,,,,live=157736 free=33112 reachbit=1 bit30=24.9
169.009,sweep,,,,,,,,,,,,,live=157736 free=33112 reachbit=1 bit30=24.9
169.260,sweep,,,,,,,,,,,,,live=157736 free=33112 reachbit=1 bit30=24.9
169.513,sweep,,,,,,,,,,,,,live=157736 free=33112 reachbit=1 bit30=24.9
169.766,sweep,,,,,,,,,,,,,live=157736 free=33112 reachbit=1 bit30=24.9
170.018,sweep,,,,,,,,,,,,,live=157736 free=33112 reachbit=1 bit30=24.9
170.269,sweep,,,,,,,,,,,,,live=157736 free=33112 reachbit=1 bit30=24.9
170.522,sweep,,,,,,,,,,,,,live=157736 free=33112 reachbit=1 bit30=24.9
170.776,sweep,,,,,,,,,,,,,live=157736 free=33112 reachbit=1 bit30=24.9
171.028,sweep,,,,,,,,,,,,,live=157736 free=33112 reachbit=1 bit30=24.9
171.282,sweep,,,,,,,,,,,,,live=157736 free=33112 reachbit=1 bit30=24.9
171.534,sweep,,,,,,,,,,,,,live=157736 free=33112 reachbit=1 bit30=24.9
171.787,sweep,,,,,,,,,,,,,live=157736 free=33112 reachbit=1 bit30=24.9
172.039,sweep,,,,,,,,,,,,,live=157736 free=33112 reachbit=1 bit30=24.9
172.292,sweep,,,,,,,,,,,,,live=157736 free=33112 reachbit=1 bit30=24.9
172.546,sweep,,,,,,,,,,,,,live=157736 free=33112 reachbit=1 bit30=24.9
172.799,sweep,,,,,,,,,,,,,live=157736 free=33112 reachbit=1 bit30=24.9
173.052,sweep,,,,,,,,,,,,,live=157736 free=33112 reachbit=1 bit30=24.9
173.305,sweep,,,,,,,,,,,,,live=157736 free=33112 reachbit=1 bit30=24.9
173.559,sweep,,,,,,,,,,,,,live=157736 free=33112 reachbit=1 bit30=24.9
173.812,sweep,,,,,,,,,,,,,live=157736 free=33112 reachbit=1 bit30=24.9
174.065,sweep,,,,,,,,,,,,,live=157736 free=33112 reachbit=1 bit30=24.9
174.317,sweep,,,,,,,,,,,,,live=157736 free=33112 reachbit=1 bit30=24.9
174.569,sweep,,,,,,,,,,,,,live=157736 free=33112 reachbit=1 bit30=24.9
174.822,sweep,,,,,,,,,,,,,live=157736 free=33112 reachbit=1 bit30=24.9
175.076,sweep,,,,,,,,,,,,,live=157736 free=33112 reachbit=1 bit30=24.9
175.328,sweep,,,,,,,,,,,,,live=157736 free=33112 reachbit=1 bit30=24.9
175.580,sweep,,,,,,,,,,,,,live=157736 free=33112 reachbit=1 bit30=24.9
175.833,sweep,,,,,,,,,,,,,live=157736 free=33112 reachbit=1 bit30=24.9
176.085,sweep,,,,,,,,,,,,,live=157736 free=33112 reachbit=1 bit30=24.9
176.338,sweep,,,,,,,,,,,,,live=157736 free=33112 reachbit=1 bit30=24.9
176.591,sweep,,,,,,,,,,,,,live=157736 free=33112 reachbit=1 bit30=24.9
176.846,sweep,,,,,,,,,,,,,live=157736 free=33112 reachbit=1 bit30=24.9
177.099,sweep,,,,,,,,,,,,,live=157736 free=33112 reachbit=1 bit30=24.9
177.352,sweep,,,,,,,,,,,,,live=157736 free=33112 reachbit=1 bit30=24.9
177.605,sweep,,,,,,,,,,,,,live=157736 free=33112 reachbit=1 bit30=24.9
177.858,sweep,,,,,,,,,,,,,live=157736 free=33112 reachbit=1 bit30=24.9
178.111,sweep,,,,,,,,,,,,,live=157736 free=33112 reachbit=1 bit30=24.9
178.364,sweep,,,,,,,,,,,,,live=157736 free=33112 reachbit=1 bit30=24.9
178.616,sweep,,,,,,,,,,,,,live=157736 free=33112 reachbit=1 bit30=24.9
178.870,sweep,,,,,,,,,,,,,live=157736 free=33112 reachbit=1 bit30=24.9
179.123,sweep,,,,,,,,,,,,,live=157736 free=33112 reachbit=1 bit30=24.9
179.376,sweep,,,,,,,,,,,,,live=157736 free=33112 reachbit=1 bit30=24.9
179.628,sweep,,,,,,,,,,,,,live=157736 free=33112 reachbit=1 bit30=24.9
179.881,sweep,,,,,,,,,,,,,live=157736 free=33112 reachbit=1 bit30=24.9
180.134,sweep,,,,,,,,,,,,,live=157736 free=33112 reachbit=1 bit30=24.9
180.387,sweep,,,,,,,,,,,,,live=157736 free=33112 reachbit=1 bit30=24.9
180.639,sweep,,,,,,,,,,,,,live=157736 free=33112 reachbit=1 bit30=24.9
180.891,sweep,,,,,,,,,,,,,live=157736 free=33112 reachbit=1 bit30=24.9
181.145,sweep,,,,,,,,,,,,,live=157736 free=33112 reachbit=1 bit30=24.9
181.398,sweep,,,,,,,,,,,,,live=157736 free=33112 reachbit=1 bit30=24.9
181.653,sweep,,,,,,,,,,,,,live=157736 free=33112 reachbit=1 bit30=24.9
181.906,sweep,,,,,,,,,,,,,live=157736 free=33112 reachbit=1 bit30=24.9
182.158,sweep,,,,,,,,,,,,,live=157736 free=33112 reachbit=1 bit30=24.9
182.412,sweep,,,,,,,,,,,,,live=157736 free=33112 reachbit=1 bit30=24.9
182.665,sweep,,,,,,,,,,,,,live=157736 free=33112 reachbit=1 bit30=24.9
182.918,sweep,,,,,,,,,,,,,live=157736 free=33112 reachbit=1 bit30=24.9
183.170,sweep,,,,,,,,,,,,,live=157736 free=33112 reachbit=1 bit30=24.9
183.424,sweep,,,,,,,,,,,,,live=157736 free=33112 reachbit=1 bit30=24.9
183.677,sweep,,,,,,,,,,,,,live=157736 free=33112 reachbit=1 bit30=24.9
183.929,sweep,,,,,,,,,,,,,live=157736 free=33112 reachbit=1 bit30=24.9
184.184,sweep,,,,,,,,,,,,,live=157736 free=33112 reachbit=1 bit30=24.9
184.437,sweep,,,,,,,,,,,,,live=157736 free=33112 reachbit=1 bit30=24.9
184.690,sweep,,,,,,,,,,,,,live=157736 free=33112 reachbit=1 bit30=24.9
184.942,sweep,,,,,,,,,,,,,live=157736 free=33112 reachbit=1 bit30=24.9
185.194,sweep,,,,,,,,,,,,,live=157736 free=33112 reachbit=1 bit30=24.9
185.446,sweep,,,,,,,,,,,,,live=158240 free=32608 reachbit=1 bit30=24.8
185.698,sweep,,,,,,,,,,,,,live=158240 free=32608 reachbit=1 bit30=24.8
185.950,sweep,,,,,,,,,,,,,live=158240 free=32608 reachbit=1 bit30=24.8
186.202,sweep,,,,,,,,,,,,,live=158240 free=32608 reachbit=1 bit30=24.8
186.455,sweep,,,,,,,,,,,,,live=158240 free=32608 reachbit=1 bit30=24.8
186.708,sweep,,,,,,,,,,,,,live=158240 free=32608 reachbit=1 bit30=24.8
186.960,sweep,,,,,,,,,,,,,live=158240 free=32608 reachbit=1 bit30=24.8
187.212,sweep,,,,,,,,,,,,,live=158240 free=32608 reachbit=1 bit30=24.8
187.462,sweep,,,,,,,,,,,,,live=158280 free=32568 reachbit=1 bit30=24.8
187.714,sweep,,,,,,,,,,,,,live=158280 free=32568 reachbit=0 bit30=24.8
187.967,sweep,,,,,,,,,,,,,live=151080 free=39768 reachbit=0 bit30=26.0
188.220,sweep,,,,,,,,,,,,,live=151080 free=39768 reachbit=0 bit30=26.0
188.473,sweep,,,,,,,,,,,,,live=151080 free=39768 reachbit=0 bit30=26.0
188.725,sweep,,,,,,,,,,,,,live=151080 free=39768 reachbit=0 bit30=26.0
188.979,sweep,,,,,,,,,,,,,live=151080 free=39768 reachbit=0 bit30=26.0
189.232,sweep,,,,,,,,,,,,,live=151080 free=39768 reachbit=0 bit30=26.0
189.486,sweep,,,,,,,,,,,,,live=151080 free=39768 reachbit=0 bit30=26.0
189.738,sweep,,,,,,,,,,,,,live=151080 free=39768 reachbit=0 bit30=26.0
189.992,sweep,,,,,,,,,,,,,live=151080 free=39768 reachbit=0 bit30=26.0
190.245,sweep,,,,,,,,,,,,,live=151080 free=39768 reachbit=0 bit30=26.0
190.498,sweep,,,,,,,,,,,,,live=151080 free=39768 reachbit=0 bit30=26.0
190.751,sweep,,,,,,,,,,,,,live=151080 free=39768 reachbit=0 bit30=26.0
191.004,sweep,,,,,,,,,,,,,live=151080 free=39768 reachbit=0 bit30=26.0
191.257,sweep,,,,,,,,,,,,,live=151080 free=39768 reachbit=0 bit30=26.0
191.509,sweep,,,,,,,,,,,,,live=151080 free=39768 reachbit=0 bit30=26.0
191.761,sweep,,,,,,,,,,,,,live=151080 free=39768 reachbit=0 bit30=26.0
192.014,sweep,,,,,,,,,,,,,live=151080 free=39768 reachbit=0 bit30=26.0
192.266,sweep,,,,,,,,,,,,,live=151080 free=39768 reachbit=0 bit30=26.0
192.518,sweep,,,,,,,,,,,,,live=151080 free=39768 reachbit=0 bit30=26.0
192.771,sweep,,,,,,,,,,,,,live=151080 free=39768 reachbit=0 bit30=26.0
193.024,sweep,,,,,,,,,,,,,live=151080 free=39768 reachbit=0 bit30=26.0
193.276,sweep,,,,,,,,,,,,,live=151080 free=39768 reachbit=0 bit30=26.0
193.529,sweep,,,,,,,,,,,,,live=151080 free=39768 reachbit=0 bit30=26.0
193.781,sweep,,,,,,,,,,,,,live=151080 free=39768 reachbit=0 bit30=26.0
194.035,sweep,,,,,,,,,,,,,live=151080 free=39768 reachbit=0 bit30=26.0
194.288,sweep,,,,,,,,,,,,,live=151080 free=39768 reachbit=0 bit30=26.0
194.541,sweep,,,,,,,,,,,,,live=151080 free=39768 reachbit=0 bit30=26.0
194.795,sweep,,,,,,,,,,,,,live=151080 free=39768 reachbit=0 bit30=26.0
195.047,sweep,,,,,,,,,,,,,live=151080 free=39768 reachbit=0 bit30=26.0
195.299,sweep,,,,,,,,,,,,,live=151080 free=39768 reachbit=0 bit30=26.0
195.552,sweep,,,,,,,,,,,,,live=151080 free=39768 reachbit=0 bit30=26.0
195.804,sweep,,,,,,,,,,,,,live=151080 free=39768 reachbit=0 bit30=26.0
196.057,sweep,,,,,,,,,,,,,live=151080 free=39768 reachbit=0 bit30=26.0
196.309,sweep,,,,,,,,,,,,,live=151080 free=39768 reachbit=0 bit30=26.0
196.561,sweep,,,,,,,,,,,,,live=151080 free=39768 reachbit=0 bit30=26.0
196.814,sweep,,,,,,,,,,,,,live=151080 free=39768 reachbit=0 bit30=26.0
197.065,sweep,,,,,,,,,,,,,live=151080 free=39768 reachbit=0 bit30=26.0
197.318,sweep,,,,,,,,,,,,,live=151080 free=39768 reachbit=0 bit30=26.0
197.571,sweep,,,,,,,,,,,,,live=151080 free=39768 reachbit=0 bit30=26.0
197.824,sweep,,,,,,,,,,,,,live=151080 free=39768 reachbit=0 bit30=26.0
198.076,sweep,,,,,,,,,,,,,live=151080 free=39768 reachbit=0 bit30=26.0
198.328,sweep,,,,,,,,,,,,,live=151080 free=39768 reachbit=0 bit30=26.0
198.583,sweep,,,,,,,,,,,,,live=151080 free=39768 reachbit=0 bit30=26.0
198.836,sweep,,,,,,,,,,,,,live=151080 free=39768 reachbit=0 bit30=26.0
199.089,sweep,,,,,,,,,,,,,live=151080 free=39768 reachbit=0 bit30=26.0
199.341,sweep,,,,,,,,,,,,,live=151080 free=39768 reachbit=0 bit30=26.0
199.594,sweep,,,,,,,,,,,,,live=151080 free=39768 reachbit=0 bit30=26.0
199.847,sweep,,,,,,,,,,,,,live=151080 free=39768 reachbit=0 bit30=26.0
200.098,sweep,,,,,,,,,,,,,live=151080 free=39768 reachbit=0 bit30=26.0
200.351,sweep,,,,,,,,,,,,,live=151080 free=39768 reachbit=0 bit30=26.0
200.604,sweep,,,,,,,,,,,,,live=151080 free=39768 reachbit=0 bit30=26.0
200.857,sweep,,,,,,,,,,,,,live=151080 free=39768 reachbit=0 bit30=26.0
201.110,sweep,,,,,,,,,,,,,live=151080 free=39768 reachbit=0 bit30=26.0
201.363,sweep,,,,,,,,,,,,,live=151080 free=39768 reachbit=0 bit30=26.0
201.616,sweep,,,,,,,,,,,,,live=151080 free=39768 reachbit=0 bit30=26.0
201.869,sweep,,,,,,,,,,,,,live=151080 free=39768 reachbit=0 bit30=26.0
202.123,sweep,,,,,,,,,,,,,live=151080 free=39768 reachbit=0 bit30=26.0
202.376,sweep,,,,,,,,,,,,,live=151080 free=39768 reachbit=0 bit30=26.0
202.629,sweep,,,,,,,,,,,,,live=151080 free=39768 reachbit=0 bit30=26.0
202.882,sweep,,,,,,,,,,,,,live=151080 free=39768 reachbit=0 bit30=26.0
203.134,sweep,,,,,,,,,,,,,live=151080 free=39768 reachbit=0 bit30=26.0
203.385,sweep,,,,,,,,,,,,,live=151080 free=39768 reachbit=0 bit30=26.0
203.638,sweep,,,,,,,,,,,,,live=151080 free=39768 reachbit=0 bit30=26.0
203.891,sweep,,,,,,,,,,,,,live=151080 free=39768 reachbit=0 bit30=26.0
204.143,sweep,,,,,,,,,,,,,live=151080 free=39768 reachbit=0 bit30=26.0
204.395,sweep,,,,,,,,,,,,,live=151080 free=39768 reachbit=0 bit30=26.0
204.648,sweep,,,,,,,,,,,,,live=151080 free=39768 reachbit=0 bit30=26.0
204.901,sweep,,,,,,,,,,,,,live=151080 free=39768 reachbit=0 bit30=26.0
205.153,sweep,,,,,,,,,,,,,live=151080 free=39768 reachbit=0 bit30=26.0
205.406,sweep,,,,,,,,,,,,,live=151080 free=39768 reachbit=0 bit30=26.0
205.658,sweep,,,,,,,,,,,,,live=151080 free=39768 reachbit=0 bit30=26.0
205.911,sweep,,,,,,,,,,,,,live=151080 free=39768 reachbit=0 bit30=26.0
206.165,sweep,,,,,,,,,,,,,live=151080 free=39768 reachbit=0 bit30=26.0
206.417,sweep,,,,,,,,,,,,,live=151080 free=39768 reachbit=0 bit30=26.0
206.670,sweep,,,,,,,,,,,,,live=151080 free=39768 reachbit=0 bit30=26.0
206.923,sweep,,,,,,,,,,,,,live=151080 free=39768 reachbit=0 bit30=26.0
207.178,sweep,,,,,,,,,,,,,live=151080 free=39768 reachbit=0 bit30=26.0
207.430,sweep,,,,,,,,,,,,,live=151080 free=39768 reachbit=0 bit30=26.0
207.684,sweep,,,,,,,,,,,,,live=151080 free=39768 reachbit=0 bit30=26.0
207.936,sweep,,,,,,,,,,,,,live=151080 free=39768 reachbit=0 bit30=26.0
208.189,sweep,,,,,,,,,,,,,live=151080 free=39768 reachbit=0 bit30=26.0
208.441,sweep,,,,,,,,,,,,,live=151080 free=39768 reachbit=0 bit30=26.0
208.695,sweep,,,,,,,,,,,,,live=151080 free=39768 reachbit=0 bit30=26.0
208.947,sweep,,,,,,,,,,,,,live=151080 free=39768 reachbit=0 bit30=26.0
209.202,sweep,,,,,,,,,,,,,live=151080 free=39768 reachbit=0 bit30=26.0
209.455,sweep,,,,,,,,,,,,,live=151080 free=39768 reachbit=0 bit30=26.0
209.708,sweep,,,,,,,,,,,,,live=151080 free=39768 reachbit=0 bit30=26.0
209.961,sweep,,,,,,,,,,,,,live=151080 free=39768 reachbit=0 bit30=26.0
210.213,sweep,,,,,,,,,,,,,live=151080 free=39768 reachbit=0 bit30=26.0
210.466,sweep,,,,,,,,,,,,,live=151080 free=39768 reachbit=0 bit30=26.0
210.719,sweep,,,,,,,,,,,,,live=151080 free=39768 reachbit=0 bit30=26.0
210.972,sweep,,,,,,,,,,,,,live=151080 free=39768 reachbit=0 bit30=26.0
211.224,sweep,,,,,,,,,,,,,live=151080 free=39768 reachbit=0 bit30=26.0
211.476,sweep,,,,,,,,,,,,,live=151080 free=39768 reachbit=0 bit30=26.0
211.729,sweep,,,,,,,,,,,,,live=151080 free=39768 reachbit=0 bit30=26.0
211.981,sweep,,,,,,,,,,,,,live=151080 free=39768 reachbit=0 bit30=26.0
212.234,sweep,,,,,,,,,,,,,live=151080 free=39768 reachbit=0 bit30=26.0
212.487,sweep,,,,,,,,,,,,,live=151080 free=39768 reachbit=0 bit30=26.0
212.739,sweep,,,,,,,,,,,,,live=151080 free=39768 reachbit=0 bit30=26.0
212.990,sweep,,,,,,,,,,,,,live=151080 free=39768 reachbit=0 bit30=26.0
213.243,sweep,,,,,,,,,,,,,live=151080 free=39768 reachbit=0 bit30=26.0
213.496,sweep,,,,,,,,,,,,,live=151080 free=39768 reachbit=0 bit30=26.0
213.749,sweep,,,,,,,,,,,,,live=151080 free=39768 reachbit=0 bit30=26.0
214.003,sweep,,,,,,,,,,,,,live=151080 free=39768 reachbit=0 bit30=26.0
214.256,sweep,,,,,,,,,,,,,live=151080 free=39768 reachbit=0 bit30=26.0
214.510,sweep,,,,,,,,,,,,,live=151080 free=39768 reachbit=0 bit30=26.0
214.763,sweep,,,,,,,,,,,,,live=151080 free=39768 reachbit=0 bit30=26.0
215.016,sweep,,,,,,,,,,,,,live=151080 free=39768 reachbit=0 bit30=26.0
215.269,sweep,,,,,,,,,,,,,live=151080 free=39768 reachbit=0 bit30=26.0
215.521,sweep,,,,,,,,,,,,,live=151080 free=39768 reachbit=0 bit30=26.0
215.773,sweep,,,,,,,,,,,,,live=151080 free=39768 reachbit=0 bit30=26.0
216.027,sweep,,,,,,,,,,,,,live=151080 free=39768 reachbit=0 bit30=26.0
216.280,sweep,,,,,,,,,,,,,live=151080 free=39768 reachbit=0 bit30=26.0
216.534,sweep,,,,,,,,,,,,,live=151080 free=39768 reachbit=0 bit30=26.0
216.787,sweep,,,,,,,,,,,,,live=151080 free=39768 reachbit=0 bit30=26.0
217.041,sweep,,,,,,,,,,,,,live=151080 free=39768 reachbit=0 bit30=26.0
217.295,sweep,,,,,,,,,,,,,live=151080 free=39768 reachbit=0 bit30=26.0
217.548,sweep,,,,,,,,,,,,,live=151080 free=39768 reachbit=0 bit30=26.0
217.802,sweep,,,,,,,,,,,,,live=151080 free=39768 reachbit=0 bit30=26.0
218.054,sweep,,,,,,,,,,,,,live=151080 free=39768 reachbit=0 bit30=26.0
218.307,sweep,,,,,,,,,,,,,live=151080 free=39768 reachbit=0 bit30=26.0
218.560,sweep,,,,,,,,,,,,,live=151080 free=39768 reachbit=0 bit30=26.0
218.813,sweep,,,,,,,,,,,,,live=151080 free=39768 reachbit=0 bit30=26.0
219.066,sweep,,,,,,,,,,,,,live=151080 free=39768 reachbit=0 bit30=26.0
219.320,sweep,,,,,,,,,,,,,live=151080 free=39768 reachbit=0 bit30=26.0
219.574,sweep,,,,,,,,,,,,,live=151080 free=39768 reachbit=0 bit30=26.0
219.828,sweep,,,,,,,,,,,,,live=151080 free=39768 reachbit=0 bit30=26.0
220.082,sweep,,,,,,,,,,,,,live=151080 free=39768 reachbit=0 bit30=26.0
220.336,sweep,,,,,,,,,,,,,live=151080 free=39768 reachbit=0 bit30=26.0
220.591,sweep,,,,,,,,,,,,,live=151080 free=39768 reachbit=0 bit30=26.0
220.844,sweep,,,,,,,,,,,,,live=151080 free=39768 reachbit=0 bit30=26.0
221.098,sweep,,,,,,,,,,,,,live=151080 free=39768 reachbit=0 bit30=26.0
221.350,sweep,,,,,,,,,,,,,live=151080 free=39768 reachbit=0 bit30=26.0
221.603,sweep,,,,,,,,,,,,,live=151080 free=39768 reachbit=0 bit30=26.0
221.855,sweep,,,,,,,,,,,,,live=151080 free=39768 reachbit=0 bit30=26.0
222.108,sweep,,,,,,,,,,,,,live=151080 free=39768 reachbit=0 bit30=26.0
222.360,sweep,,,,,,,,,,,,,live=151080 free=39768 reachbit=0 bit30=26.0
222.613,sweep,,,,,,,,,,,,,live=151080 free=39768 reachbit=0 bit30=26.0
222.867,sweep,,,,,,,,,,,,,live=151080 free=39768 reachbit=0 bit30=26.0
223.120,sweep,,,,,,,,,,,,,live=151080 free=39768 reachbit=0 bit30=26.0
223.372,sweep,,,,,,,,,,,,,live=151080 free=39768 reachbit=0 bit30=26.0
223.625,sweep,,,,,,,,,,,,,live=151080 free=39768 reachbit=0 bit30=26.0
223.879,sweep,,,,,,,,,,,,,live=151080 free=39768 reachbit=0 bit30=26.0
224.132,sweep,,,,,,,,,,,,,live=151080 free=39768 reachbit=0 bit30=26.0
224.385,sweep,,,,,,,,,,,,,live=151080 free=39768 reachbit=0 bit30=26.0
224.637,sweep,,,,,,,,,,,,,live=151080 free=39768 reachbit=0 bit30=26.0
224.890,sweep,,,,,,,,,,,,,live=151080 free=39768 reachbit=0 bit30=26.0
225.144,sweep,,,,,,,,,,,,,live=151080 free=39768 reachbit=0 bit30=26.0
225.397,sweep,,,,,,,,,,,,,live=151080 free=39768 reachbit=0 bit30=26.0
225.650,sweep,,,,,,,,,,,,,live=151080 free=39768 reachbit=0 bit30=26.0
225.902,sweep,,,,,,,,,,,,,live=151080 free=39768 reachbit=0 bit30=26.0
226.155,sweep,,,,,,,,,,,,,live=151080 free=39768 reachbit=0 bit30=26.0
226.407,sweep,,,,,,,,,,,,,live=151080 free=39768 reachbit=0 bit30=26.0
226.659,sweep,,,,,,,,,,,,,live=151080 free=39768 reachbit=0 bit30=26.0
226.914,sweep,,,,,,,,,,,,,live=151080 free=39768 reachbit=0 bit30=26.0
227.167,sweep,,,,,,,,,,,,,live=151080 free=39768 reachbit=0 bit30=26.0
227.419,sweep,,,,,,,,,,,,,live=151080 free=39768 reachbit=0 bit30=26.0
227.673,sweep,,,,,,,,,,,,,live=151080 free=39768 reachbit=0 bit30=26.0
227.925,sweep,,,,,,,,,,,,,live=151080 free=39768 reachbit=0 bit30=26.0
228.178,sweep,,,,,,,,,,,,,live=151080 free=39768 reachbit=0 bit30=26.0
228.431,sweep,,,,,,,,,,,,,live=151080 free=39768 reachbit=0 bit30=26.0
228.683,sweep,,,,,,,,,,,,,live=151080 free=39768 reachbit=0 bit30=26.0
228.936,sweep,,,,,,,,,,,,,live=151080 free=39768 reachbit=0 bit30=26.0
229.188,sweep,,,,,,,,,,,,,live=151080 free=39768 reachbit=0 bit30=26.0
229.441,sweep,,,,,,,,,,,,,live=151080 free=39768 reachbit=0 bit30=26.0
229.694,sweep,,,,,,,,,,,,,live=151080 free=39768 reachbit=0 bit30=26.0
229.947,sweep,,,,,,,,,,,,,live=151080 free=39768 reachbit=0 bit30=26.0
230.200,sweep,,,,,,,,,,,,,live=151080 free=39768 reachbit=0 bit30=26.0
230.454,sweep,,,,,,,,,,,,,live=151080 free=39768 reachbit=0 bit30=26.0
230.707,sweep,,,,,,,,,,,,,live=151080 free=39768 reachbit=0 bit30=26.0
230.959,sweep,,,,,,,,,,,,,live=151080 free=39768 reachbit=0 bit30=26.0
231.212,sweep,,,,,,,,,,,,,live=151080 free=39768 reachbit=0 bit30=26.0
231.465,sweep,,,,,,,,,,,,,live=151080 free=39768 reachbit=0 bit30=26.0
231.718,sweep,,,,,,,,,,,,,live=151080 free=39768 reachbit=0 bit30=26.0
231.971,sweep,,,,,,,,,,,,,live=151080 free=39768 reachbit=0 bit30=26.0
232.222,sweep,,,,,,,,,,,,,live=151080 free=39768 reachbit=0 bit30=26.0
232.475,sweep,,,,,,,,,,,,,live=151080 free=39768 reachbit=0 bit30=26.0
232.727,sweep,,,,,,,,,,,,,live=151080 free=39768 reachbit=0 bit30=26.0
232.980,sweep,,,,,,,,,,,,,live=151080 free=39768 reachbit=0 bit30=26.0
233.233,sweep,,,,,,,,,,,,,live=151080 free=39768 reachbit=0 bit30=26.0
233.487,sweep,,,,,,,,,,,,,live=151080 free=39768 reachbit=0 bit30=26.0
233.740,sweep,,,,,,,,,,,,,live=151080 free=39768 reachbit=0 bit30=26.0
233.994,sweep,,,,,,,,,,,,,live=151080 free=39768 reachbit=0 bit30=26.0
234.246,sweep,,,,,,,,,,,,,live=151080 free=39768 reachbit=0 bit30=26.0
234.500,sweep,,,,,,,,,,,,,live=151080 free=39768 reachbit=0 bit30=26.0
234.753,sweep,,,,,,,,,,,,,live=151080 free=39768 reachbit=0 bit30=26.0
235.006,sweep,,,,,,,,,,,,,live=151080 free=39768 reachbit=0 bit30=26.0
235.258,sweep,,,,,,,,,,,,,live=151080 free=39768 reachbit=0 bit30=26.0
235.511,sweep,,,,,,,,,,,,,live=151080 free=39768 reachbit=0 bit30=26.0
235.763,sweep,,,,,,,,,,,,,live=151080 free=39768 reachbit=0 bit30=26.0
236.016,sweep,,,,,,,,,,,,,live=151080 free=39768 reachbit=0 bit30=26.0
236.269,sweep,,,,,,,,,,,,,live=151080 free=39768 reachbit=0 bit30=26.0
236.522,sweep,,,,,,,,,,,,,live=151080 free=39768 reachbit=0 bit30=26.0
236.775,sweep,,,,,,,,,,,,,live=151080 free=39768 reachbit=0 bit30=26.0
237.028,sweep,,,,,,,,,,,,,live=151080 free=39768 reachbit=0 bit30=26.0
237.280,sweep,,,,,,,,,,,,,live=151080 free=39768 reachbit=0 bit30=26.0
237.534,sweep,,,,,,,,,,,,,live=151080 free=39768 reachbit=0 bit30=26.0
237.785,sweep,,,,,,,,,,,,,live=151080 free=39768 reachbit=0 bit30=26.0
238.039,sweep,,,,,,,,,,,,,live=151080 free=39768 reachbit=0 bit30=26.0
238.293,sweep,,,,,,,,,,,,,live=151080 free=39768 reachbit=0 bit30=26.0
238.546,sweep,,,,,,,,,,,,,live=151080 free=39768 reachbit=0 bit30=26.0
238.798,sweep,,,,,,,,,,,,,live=151080 free=39768 reachbit=0 bit30=26.0
239.050,sweep,,,,,,,,,,,,,live=151080 free=39768 reachbit=0 bit30=26.0
239.301,sweep,,,,,,,,,,,,,live=151080 free=39768 reachbit=0 bit30=26.0
239.554,sweep,,,,,,,,,,,,,live=151080 free=39768 reachbit=0 bit30=26.0
239.808,sweep,,,,,,,,,,,,,live=151080 free=39768 reachbit=0 bit30=26.0
240.060,sweep,,,,,,,,,,,,,live=151080 free=39768 reachbit=0 bit30=26.0
240.313,sweep,,,,,,,,,,,,,live=151080 free=39768 reachbit=0 bit30=26.0
240.567,sweep,,,,,,,,,,,,,live=151080 free=39768 reachbit=0 bit30=26.0
240.820,sweep,,,,,,,,,,,,,live=151080 free=39768 reachbit=0 bit30=26.0
241.073,sweep,,,,,,,,,,,,,live=151080 free=39768 reachbit=0 bit30=26.0
241.326,sweep,,,,,,,,,,,,,live=151080 free=39768 reachbit=0 bit30=26.0
241.578,sweep,,,,,,,,,,,,,live=151080 free=39768 reachbit=0 bit30=26.0
241.832,sweep,,,,,,,,,,,,,live=151080 free=39768 reachbit=0 bit30=26.0
242.086,sweep,,,,,,,,,,,,,live=151080 free=39768 reachbit=0 bit30=26.0
242.338,sweep,,,,,,,,,,,,,live=151080 free=39768 reachbit=0 bit30=26.0
242.590,sweep,,,,,,,,,,,,,live=151080 free=39768 reachbit=0 bit30=26.0
242.844,sweep,,,,,,,,,,,,,live=151080 free=39768 reachbit=0 bit30=26.0
243.098,sweep,,,,,,,,,,,,,live=151080 free=39768 reachbit=0 bit30=26.0
243.352,sweep,,,,,,,,,,,,,live=151080 free=39768 reachbit=0 bit30=26.0
243.605,sweep,,,,,,,,,,,,,live=151080 free=39768 reachbit=0 bit30=26.0
243.857,sweep,,,,,,,,,,,,,live=151080 free=39768 reachbit=0 bit30=26.0
244.111,sweep,,,,,,,,,,,,,live=151080 free=39768 reachbit=0 bit30=26.0
244.365,sweep,,,,,,,,,,,,,live=151080 free=39768 reachbit=0 bit30=26.0
244.617,sweep,,,,,,,,,,,,,live=151080 free=39768 reachbit=0 bit30=26.0
244.872,sweep,,,,,,,,,,,,,live=151080 free=39768 reachbit=0 bit30=26.0
245.125,sweep,,,,,,,,,,,,,live=151080 free=39768 reachbit=0 bit30=26.0
245.379,sweep,,,,,,,,,,,,,live=151080 free=39768 reachbit=0 bit30=26.0
245.632,sweep,,,,,,,,,,,,,live=151080 free=39768 reachbit=0 bit30=26.0
245.885,sweep,,,,,,,,,,,,,live=151080 free=39768 reachbit=0 bit30=26.0
246.138,sweep,,,,,,,,,,,,,live=151080 free=39768 reachbit=0 bit30=26.0
246.390,sweep,,,,,,,,,,,,,live=151080 free=39768 reachbit=0 bit30=26.0
246.643,sweep,,,,,,,,,,,,,live=151080 free=39768 reachbit=0 bit30=26.0
246.896,sweep,,,,,,,,,,,,,live=151080 free=39768 reachbit=0 bit30=26.0
247.148,sweep,,,,,,,,,,,,,live=151080 free=39768 reachbit=0 bit30=26.0
247.400,sweep,,,,,,,,,,,,,live=151080 free=39768 reachbit=0 bit30=26.0
247.652,sweep,,,,,,,,,,,,,live=151080 free=39768 reachbit=0 bit30=26.0
247.905,sweep,,,,,,,,,,,,,live=151080 free=39768 reachbit=0 bit30=26.0
248.158,sweep,,,,,,,,,,,,,live=151080 free=39768 reachbit=0 bit30=26.0
248.411,sweep,,,,,,,,,,,,,live=151080 free=39768 reachbit=0 bit30=26.0
248.663,sweep,,,,,,,,,,,,,live=151080 free=39768 reachbit=0 bit30=26.0
248.918,sweep,,,,,,,,,,,,,live=151080 free=39768 reachbit=2 bit30=26.0
249.171,sweep,,,,,,,,,,,,,live=151080 free=39768 reachbit=2 bit30=26.0
249.425,sweep,,,,,,,,,,,,,live=151080 free=39768 reachbit=2 bit30=26.0
249.678,sweep,,,,,,,,,,,,,live=151080 free=39768 reachbit=2 bit30=26.0
249.931,sweep,,,,,,,,,,,,,live=151080 free=39768 reachbit=2 bit30=26.0
250.185,sweep,,,,,,,,,,,,,live=151080 free=39768 reachbit=2 bit30=26.0
250.437,sweep,,,,,,,,,,,,,live=151080 free=39768 reachbit=2 bit30=26.0
250.692,sweep,,,,,,,,,,,,,live=151080 free=39768 reachbit=2 bit30=26.0
250.945,sweep,,,,,,,,,,,,,live=151080 free=39768 reachbit=2 bit30=26.0
251.197,sweep,,,,,,,,,,,,,live=151080 free=39768 reachbit=2 bit30=26.0
251.448,sweep,,,,,,,,,,,,,live=151080 free=39768 reachbit=2 bit30=26.0
251.703,sweep,,,,,,,,,,,,,live=151080 free=39768 reachbit=2 bit30=26.0
251.955,sweep,,,,,,,,,,,,,live=151080 free=39768 reachbit=2 bit30=26.0
252.209,sweep,,,,,,,,,,,,,live=151080 free=39768 reachbit=2 bit30=26.0
252.461,sweep,,,,,,,,,,,,,live=151080 free=39768 reachbit=2 bit30=26.0
252.713,sweep,,,,,,,,,,,,,live=151080 free=39768 reachbit=2 bit30=26.0
252.965,sweep,,,,,,,,,,,,,live=151080 free=39768 reachbit=2 bit30=26.0
253.218,sweep,,,,,,,,,,,,,live=151080 free=39768 reachbit=2 bit30=26.0
253.470,sweep,,,,,,,,,,,,,live=151080 free=39768 reachbit=2 bit30=26.0
253.723,sweep,,,,,,,,,,,,,live=151080 free=39768 reachbit=2 bit30=26.0
253.976,sweep,,,,,,,,,,,,,live=151080 free=39768 reachbit=2 bit30=26.0
254.228,sweep,,,,,,,,,,,,,live=151080 free=39768 reachbit=2 bit30=26.0
254.483,sweep,,,,,,,,,,,,,live=151080 free=39768 reachbit=2 bit30=26.0
254.735,sweep,,,,,,,,,,,,,live=151080 free=39768 reachbit=2 bit30=26.0
254.988,sweep,,,,,,,,,,,,,live=151080 free=39768 reachbit=2 bit30=26.0
255.241,sweep,,,,,,,,,,,,,live=151080 free=39768 reachbit=2 bit30=26.0
255.495,sweep,,,,,,,,,,,,,live=151080 free=39768 reachbit=2 bit30=26.0
255.748,sweep,,,,,,,,,,,,,live=151080 free=39768 reachbit=2 bit30=26.0
256.001,sweep,,,,,,,,,,,,,live=151080 free=39768 reachbit=2 bit30=26.0
256.254,sweep,,,,,,,,,,,,,live=151080 free=39768 reachbit=2 bit30=26.0
256.508,sweep,,,,,,,,,,,,,live=151080 free=39768 reachbit=2 bit30=26.0
256.759,sweep,,,,,,,,,,,,,live=151080 free=39768 reachbit=2 bit30=26.0
257.012,sweep,,,,,,,,,,,,,live=151080 free=39768 reachbit=2 bit30=26.0
257.282,sweep,,,,,,,,,,,,,live=151080 free=39768 reachbit=2 bit30=26.0
257.536,sweep,,,,,,,,,,,,,live=151080 free=39768 reachbit=2 bit30=26.0
257.789,sweep,,,,,,,,,,,,,live=151080 free=39768 reachbit=2 bit30=26.0
258.043,sweep,,,,,,,,,,,,,live=151080 free=39768 reachbit=2 bit30=26.0
258.295,sweep,,,,,,,,,,,,,live=151080 free=39768 reachbit=2 bit30=26.0
258.549,sweep,,,,,,,,,,,,,live=151080 free=39768 reachbit=2 bit30=26.0
258.801,sweep,,,,,,,,,,,,,live=151080 free=39768 reachbit=2 bit30=26.0
259.056,sweep,,,,,,,,,,,,,live=151080 free=39768 reachbit=2 bit30=26.0
259.308,sweep,,,,,,,,,,,,,live=151080 free=39768 reachbit=2 bit30=26.0
259.563,sweep,,,,,,,,,,,,,live=151080 free=39768 reachbit=2 bit30=26.0
259.815,sweep,,,,,,,,,,,,,live=151080 free=39768 reachbit=2 bit30=26.0
260.068,sweep,,,,,,,,,,,,,live=151080 free=39768 reachbit=2 bit30=26.0
260.321,sweep,,,,,,,,,,,,,live=151080 free=39768 reachbit=2 bit30=26.0
260.575,sweep,,,,,,,,,,,,,live=151080 free=39768 reachbit=2 bit30=26.0
260.827,sweep,,,,,,,,,,,,,live=151080 free=39768 reachbit=2 bit30=26.0
261.080,sweep,,,,,,,,,,,,,live=151080 free=39768 reachbit=2 bit30=26.0
261.333,sweep,,,,,,,,,,,,,live=151080 free=39768 reachbit=2 bit30=26.0
261.586,sweep,,,,,,,,,,,,,live=151080 free=39768 reachbit=2 bit30=26.0
261.838,sweep,,,,,,,,,,,,,live=151080 free=39768 reachbit=2 bit30=26.0
262.090,sweep,,,,,,,,,,,,,live=151080 free=39768 reachbit=2 bit30=26.0
262.343,sweep,,,,,,,,,,,,,live=151080 free=39768 reachbit=2 bit30=26.0
262.597,sweep,,,,,,,,,,,,,live=151080 free=39768 reachbit=2 bit30=26.0
262.849,sweep,,,,,,,,,,,,,live=151080 free=39768 reachbit=2 bit30=26.0
263.101,sweep,,,,,,,,,,,,,live=151080 free=39768 reachbit=2 bit30=26.0
263.356,sweep,,,,,,,,,,,,,live=151080 free=39768 reachbit=2 bit30=26.0
263.607,sweep,,,,,,,,,,,,,live=151080 free=39768 reachbit=2 bit30=26.0
263.860,sweep,,,,,,,,,,,,,live=151080 free=39768 reachbit=2 bit30=26.0
264.113,sweep,,,,,,,,,,,,,live=151080 free=39768 reachbit=2 bit30=26.0
264.365,sweep,,,,,,,,,,,,,live=151080 free=39768 reachbit=2 bit30=26.0
264.618,sweep,,,,,,,,,,,,,live=151080 free=39768 reachbit=2 bit30=26.0
264.872,sweep,,,,,,,,,,,,,live=151088 free=39760 reachbit=2 bit30=26.0
265.123,sweep,,,,,,,,,,,,,live=151112 free=39736 reachbit=2 bit30=26.0
265.404,sweep,,,,,,,,,,,,,live=151112 free=39736 reachbit=2 bit30=26.0
265.656,sweep,,,,,,,,,,,,,live=151112 free=39736 reachbit=2 bit30=26.0
265.909,sweep,,,,,,,,,,,,,live=151112 free=39736 reachbit=2 bit30=26.0
265.959,target,BlueprintGeneratedClass/BP_Ronin_DefaultSKMeshComponent_C#189895,189895,0x1FCF5A513C0,40000004,0,63930,0x7FF6895A2EC8,00280009,189895,0x1FB7DBF9980,989463,1,
266.161,sweep,,,,,,,,,,,,,live=151120 free=39728 reachbit=2 bit30=26.0
266.441,sweep,,,,,,,,,,,,,live=151120 free=39728 reachbit=2 bit30=26.0
266.695,sweep,,,,,,,,,,,,,live=151120 free=39728 reachbit=2 bit30=26.0
266.947,target,AnimSequence/A_Ronin_Cosmetic_HeroSelect_Breathe#189858,189858,0x1FBC0D45E00,40000004,0,63945,0x7FF689560680,0028000B,189858,0x1FB7DCF8D00,2287176,1,
266.947,sweep,,,,,,,,,,,,,live=151120 free=39728 reachbit=2 bit30=26.0
267.200,sweep,,,,,,,,,,,,,live=151120 free=39728 reachbit=2 bit30=26.0
267.452,sweep,,,,,,,,,,,,,live=151120 free=39728 reachbit=2 bit30=26.0
267.704,sweep,,,,,,,,,,,,,live=151120 free=39728 reachbit=2 bit30=26.0
267.755,target,BP_Ronin_DefaultSKMeshComponent_C/BP_Ronin_DefaultSKMeshComponent_C#189884,189884,0x1FB3A65B140,40000004,0,63932,0x7FF689603C88,00000000,189884,0x1FCF5A513C0,989463,1,
267.958,sweep,,,,,,,,,,,,,live=151120 free=39728 reachbit=2 bit30=26.0
268.211,sweep,,,,,,,,,,,,,live=151120 free=39728 reachbit=2 bit30=26.0
268.464,sweep,,,,,,,,,,,,,live=151120 free=39728 reachbit=2 bit30=26.0
268.718,sweep,,,,,,,,,,,,,live=151120 free=39728 reachbit=2 bit30=26.0
268.972,sweep,,,,,,,,,,,,,live=151120 free=39728 reachbit=2 bit30=26.0
269.227,sweep,,,,,,,,,,,,,live=151120 free=39728 reachbit=2 bit30=26.0
269.479,sweep,,,,,,,,,,,,,live=151120 free=39728 reachbit=2 bit30=26.0
269.732,sweep,,,,,,,,,,,,,live=151120 free=39728 reachbit=2 bit30=26.0
269.983,sweep,,,,,,,,,,,,,live=151120 free=39728 reachbit=2 bit30=26.0
270.236,sweep,,,,,,,,,,,,,live=151120 free=39728 reachbit=2 bit30=26.0
270.487,sweep,,,,,,,,,,,,,live=151120 free=39728 reachbit=2 bit30=26.0
270.740,sweep,,,,,,,,,,,,,live=151120 free=39728 reachbit=2 bit30=26.0
270.992,sweep,,,,,,,,,,,,,live=151120 free=39728 reachbit=2 bit30=26.0
271.245,sweep,,,,,,,,,,,,,live=151120 free=39728 reachbit=2 bit30=26.0
271.498,sweep,,,,,,,,,,,,,live=151120 free=39728 reachbit=2 bit30=26.0
271.750,sweep,,,,,,,,,,,,,live=151120 free=39728 reachbit=2 bit30=26.0
272.004,sweep,,,,,,,,,,,,,live=151120 free=39728 reachbit=2 bit30=26.0
272.256,sweep,,,,,,,,,,,,,live=151120 free=39728 reachbit=2 bit30=26.0
272.507,sweep,,,,,,,,,,,,,live=151120 free=39728 reachbit=2 bit30=26.0
272.761,sweep,,,,,,,,,,,,,live=151120 free=39728 reachbit=2 bit30=26.0
273.016,sweep,,,,,,,,,,,,,live=151120 free=39728 reachbit=2 bit30=26.0
273.268,sweep,,,,,,,,,,,,,live=151120 free=39728 reachbit=2 bit30=26.0
273.519,sweep,,,,,,,,,,,,,live=151120 free=39728 reachbit=2 bit30=26.0
273.773,sweep,,,,,,,,,,,,,live=151120 free=39728 reachbit=2 bit30=26.0
274.026,sweep,,,,,,,,,,,,,live=151120 free=39728 reachbit=2 bit30=26.0
274.279,sweep,,,,,,,,,,,,,live=151120 free=39728 reachbit=2 bit30=26.0
274.531,sweep,,,,,,,,,,,,,live=151120 free=39728 reachbit=2 bit30=26.0
274.784,sweep,,,,,,,,,,,,,live=151120 free=39728 reachbit=2 bit30=26.0
275.039,sweep,,,,,,,,,,,,,live=151120 free=39728 reachbit=2 bit30=26.0
275.293,sweep,,,,,,,,,,,,,live=151120 free=39728 reachbit=2 bit30=26.0
275.547,sweep,,,,,,,,,,,,,live=151120 free=39728 reachbit=2 bit30=26.0
275.800,sweep,,,,,,,,,,,,,live=151120 free=39728 reachbit=2 bit30=26.0
276.053,sweep,,,,,,,,,,,,,live=151120 free=39728 reachbit=2 bit30=26.0
276.307,sweep,,,,,,,,,,,,,live=151136 free=39712 reachbit=2 bit30=26.0
276.584,sweep,,,,,,,,,,,,,live=151136 free=39712 reachbit=2 bit30=26.0
276.838,sweep,,,,,,,,,,,,,live=151136 free=39712 reachbit=2 bit30=26.0
277.089,target,AnimSequence/A_Ronin_Movement_OutOfCombat_N#189822,189822,0x1FC8C311400,40000004,0,63947,0x7FF689560680,0028000B,189822,0x1FB7DCF8D00,2069178,1,
277.089,sweep,,,,,,,,,,,,,live=151136 free=39712 reachbit=2 bit30=26.0
277.342,sweep,,,,,,,,,,,,,live=151144 free=39704 reachbit=2 bit30=26.0
277.596,sweep,,,,,,,,,,,,,live=151144 free=39704 reachbit=2 bit30=26.0
277.848,sweep,,,,,,,,,,,,,live=151144 free=39704 reachbit=2 bit30=26.0
278.101,sweep,,,,,,,,,,,,,live=151144 free=39704 reachbit=2 bit30=26.0
278.354,sweep,,,,,,,,,,,,,live=151144 free=39704 reachbit=2 bit30=26.0
278.606,sweep,,,,,,,,,,,,,live=151144 free=39704 reachbit=2 bit30=26.0
278.859,sweep,,,,,,,,,,,,,live=151144 free=39704 reachbit=2 bit30=26.0
279.110,sweep,,,,,,,,,,,,,live=151144 free=39704 reachbit=2 bit30=26.0
279.362,sweep,,,,,,,,,,,,,live=151144 free=39704 reachbit=2 bit30=26.0
279.614,sweep,,,,,,,,,,,,,live=151144 free=39704 reachbit=2 bit30=26.0
279.867,sweep,,,,,,,,,,,,,live=151144 free=39704 reachbit=2 bit30=26.0
280.119,sweep,,,,,,,,,,,,,live=151144 free=39704 reachbit=2 bit30=26.0
280.371,sweep,,,,,,,,,,,,,live=151144 free=39704 reachbit=2 bit30=26.0
280.625,sweep,,,,,,,,,,,,,live=151144 free=39704 reachbit=2 bit30=26.0
280.878,sweep,,,,,,,,,,,,,live=151144 free=39704 reachbit=2 bit30=26.0
281.131,sweep,,,,,,,,,,,,,live=151144 free=39704 reachbit=2 bit30=26.0
281.385,sweep,,,,,,,,,,,,,live=151144 free=39704 reachbit=2 bit30=26.0
281.639,sweep,,,,,,,,,,,,,live=151144 free=39704 reachbit=2 bit30=26.0
281.893,sweep,,,,,,,,,,,,,live=151144 free=39704 reachbit=2 bit30=26.0
282.144,sweep,,,,,,,,,,,,,live=151144 free=39704 reachbit=2 bit30=26.0
282.398,sweep,,,,,,,,,,,,,live=151144 free=39704 reachbit=2 bit30=26.0
282.650,sweep,,,,,,,,,,,,,live=151144 free=39704 reachbit=2 bit30=26.0
282.901,sweep,,,,,,,,,,,,,live=151144 free=39704 reachbit=2 bit30=26.0
283.153,sweep,,,,,,,,,,,,,live=151144 free=39704 reachbit=2 bit30=26.0
283.406,sweep,,,,,,,,,,,,,live=151144 free=39704 reachbit=2 bit30=26.0
283.657,sweep,,,,,,,,,,,,,live=151144 free=39704 reachbit=2 bit30=26.0
283.910,sweep,,,,,,,,,,,,,live=151144 free=39704 reachbit=2 bit30=26.0
284.162,sweep,,,,,,,,,,,,,live=151144 free=39704 reachbit=2 bit30=26.0
284.414,sweep,,,,,,,,,,,,,live=151144 free=39704 reachbit=2 bit30=26.0
284.667,sweep,,,,,,,,,,,,,live=151144 free=39704 reachbit=2 bit30=26.0
284.919,sweep,,,,,,,,,,,,,live=151144 free=39704 reachbit=2 bit30=26.0
285.172,sweep,,,,,,,,,,,,,live=151144 free=39704 reachbit=2 bit30=26.0
285.424,sweep,,,,,,,,,,,,,live=151144 free=39704 reachbit=2 bit30=26.0
285.679,sweep,,,,,,,,,,,,,live=151144 free=39704 reachbit=2 bit30=26.0
285.932,sweep,,,,,,,,,,,,,live=151144 free=39704 reachbit=2 bit30=26.0
286.184,sweep,,,,,,,,,,,,,live=151144 free=39704 reachbit=2 bit30=26.0
286.436,sweep,,,,,,,,,,,,,live=151144 free=39704 reachbit=2 bit30=26.0
286.688,sweep,,,,,,,,,,,,,live=151144 free=39704 reachbit=2 bit30=26.0
286.943,sweep,,,,,,,,,,,,,live=151144 free=39704 reachbit=2 bit30=26.0
287.195,sweep,,,,,,,,,,,,,live=151144 free=39704 reachbit=2 bit30=26.0
287.448,sweep,,,,,,,,,,,,,live=151144 free=39704 reachbit=2 bit30=26.0
287.699,sweep,,,,,,,,,,,,,live=151144 free=39704 reachbit=2 bit30=26.0
287.952,sweep,,,,,,,,,,,,,live=151144 free=39704 reachbit=2 bit30=26.0
288.205,sweep,,,,,,,,,,,,,live=151144 free=39704 reachbit=2 bit30=26.0
288.457,sweep,,,,,,,,,,,,,live=151144 free=39704 reachbit=2 bit30=26.0
288.710,sweep,,,,,,,,,,,,,live=151144 free=39704 reachbit=2 bit30=26.0
288.964,sweep,,,,,,,,,,,,,live=151144 free=39704 reachbit=2 bit30=26.0
289.217,sweep,,,,,,,,,,,,,live=151144 free=39704 reachbit=2 bit30=26.0
289.471,sweep,,,,,,,,,,,,,live=151144 free=39704 reachbit=2 bit30=26.0
289.724,sweep,,,,,,,,,,,,,live=151144 free=39704 reachbit=2 bit30=26.0
289.976,sweep,,,,,,,,,,,,,live=151144 free=39704 reachbit=2 bit30=26.0
290.229,sweep,,,,,,,,,,,,,live=151144 free=39704 reachbit=2 bit30=26.0
290.481,sweep,,,,,,,,,,,,,live=151144 free=39704 reachbit=2 bit30=26.0
290.733,sweep,,,,,,,,,,,,,live=151144 free=39704 reachbit=2 bit30=26.0
290.987,sweep,,,,,,,,,,,,,live=151144 free=39704 reachbit=2 bit30=26.0
291.240,sweep,,,,,,,,,,,,,live=151144 free=39704 reachbit=2 bit30=26.0
291.492,sweep,,,,,,,,,,,,,live=151144 free=39704 reachbit=2 bit30=26.0
291.745,sweep,,,,,,,,,,,,,live=151144 free=39704 reachbit=2 bit30=26.0
291.997,sweep,,,,,,,,,,,,,live=151144 free=39704 reachbit=2 bit30=26.0
292.249,sweep,,,,,,,,,,,,,live=151144 free=39704 reachbit=2 bit30=26.0
292.502,sweep,,,,,,,,,,,,,live=151144 free=39704 reachbit=2 bit30=26.0
292.754,sweep,,,,,,,,,,,,,live=151144 free=39704 reachbit=2 bit30=26.0
293.006,sweep,,,,,,,,,,,,,live=151144 free=39704 reachbit=2 bit30=26.0
293.259,sweep,,,,,,,,,,,,,live=151144 free=39704 reachbit=2 bit30=26.0
293.511,sweep,,,,,,,,,,,,,live=151144 free=39704 reachbit=2 bit30=26.0
293.764,sweep,,,,,,,,,,,,,live=151144 free=39704 reachbit=2 bit30=26.0
294.016,sweep,,,,,,,,,,,,,live=151144 free=39704 reachbit=2 bit30=26.0
294.266,sweep,,,,,,,,,,,,,live=151144 free=39704 reachbit=2 bit30=26.0
294.518,sweep,,,,,,,,,,,,,live=151144 free=39704 reachbit=2 bit30=26.0
294.771,sweep,,,,,,,,,,,,,live=151144 free=39704 reachbit=2 bit30=26.0
295.023,sweep,,,,,,,,,,,,,live=151144 free=39704 reachbit=2 bit30=26.0
295.275,sweep,,,,,,,,,,,,,live=151144 free=39704 reachbit=2 bit30=26.0
295.528,sweep,,,,,,,,,,,,,live=151144 free=39704 reachbit=2 bit30=26.0
295.780,sweep,,,,,,,,,,,,,live=151144 free=39704 reachbit=2 bit30=26.0
296.033,sweep,,,,,,,,,,,,,live=151144 free=39704 reachbit=2 bit30=26.0
296.287,sweep,,,,,,,,,,,,,live=151144 free=39704 reachbit=2 bit30=26.0
296.541,sweep,,,,,,,,,,,,,live=151144 free=39704 reachbit=2 bit30=26.0
296.793,sweep,,,,,,,,,,,,,live=151144 free=39704 reachbit=2 bit30=26.0
297.046,sweep,,,,,,,,,,,,,live=151144 free=39704 reachbit=2 bit30=26.0
297.299,sweep,,,,,,,,,,,,,live=151144 free=39704 reachbit=2 bit30=26.0
297.551,sweep,,,,,,,,,,,,,live=151144 free=39704 reachbit=2 bit30=26.0
297.804,sweep,,,,,,,,,,,,,live=151144 free=39704 reachbit=2 bit30=26.0
298.055,sweep,,,,,,,,,,,,,live=151144 free=39704 reachbit=2 bit30=26.0
298.308,sweep,,,,,,,,,,,,,live=151144 free=39704 reachbit=2 bit30=26.0
298.560,sweep,,,,,,,,,,,,,live=151144 free=39704 reachbit=2 bit30=26.0
298.814,sweep,,,,,,,,,,,,,live=151144 free=39704 reachbit=2 bit30=26.0
299.066,sweep,,,,,,,,,,,,,live=151144 free=39704 reachbit=2 bit30=26.0
299.318,sweep,,,,,,,,,,,,,live=151144 free=39704 reachbit=2 bit30=26.0
299.571,sweep,,,,,,,,,,,,,live=151144 free=39704 reachbit=2 bit30=26.0
299.823,sweep,,,,,,,,,,,,,live=151144 free=39704 reachbit=2 bit30=26.0
300.075,sweep,,,,,,,,,,,,,live=151144 free=39704 reachbit=2 bit30=26.0
300.327,sweep,,,,,,,,,,,,,live=151144 free=39704 reachbit=2 bit30=26.0
300.580,sweep,,,,,,,,,,,,,live=151144 free=39704 reachbit=2 bit30=26.0
300.832,sweep,,,,,,,,,,,,,live=151144 free=39704 reachbit=2 bit30=26.0
301.083,sweep,,,,,,,,,,,,,live=151144 free=39704 reachbit=2 bit30=26.0
301.335,sweep,,,,,,,,,,,,,live=151144 free=39704 reachbit=2 bit30=26.0
301.588,sweep,,,,,,,,,,,,,live=151144 free=39704 reachbit=2 bit30=26.0
301.841,sweep,,,,,,,,,,,,,live=151144 free=39704 reachbit=2 bit30=26.0
302.093,sweep,,,,,,,,,,,,,live=151144 free=39704 reachbit=2 bit30=26.0
302.346,sweep,,,,,,,,,,,,,live=151144 free=39704 reachbit=2 bit30=26.0
302.600,sweep,,,,,,,,,,,,,live=151144 free=39704 reachbit=2 bit30=26.0
302.852,sweep,,,,,,,,,,,,,live=151144 free=39704 reachbit=2 bit30=26.0
303.105,sweep,,,,,,,,,,,,,live=151144 free=39704 reachbit=2 bit30=26.0
303.357,sweep,,,,,,,,,,,,,live=151144 free=39704 reachbit=2 bit30=26.0
303.608,sweep,,,,,,,,,,,,,live=151144 free=39704 reachbit=2 bit30=26.0
303.861,sweep,,,,,,,,,,,,,live=151144 free=39704 reachbit=2 bit30=26.0
304.114,sweep,,,,,,,,,,,,,live=151144 free=39704 reachbit=2 bit30=26.0
304.366,sweep,,,,,,,,,,,,,live=151144 free=39704 reachbit=2 bit30=26.0
304.617,sweep,,,,,,,,,,,,,live=151144 free=39704 reachbit=2 bit30=26.0
304.870,sweep,,,,,,,,,,,,,live=151144 free=39704 reachbit=2 bit30=26.0
305.123,sweep,,,,,,,,,,,,,live=151144 free=39704 reachbit=2 bit30=26.0
305.375,sweep,,,,,,,,,,,,,live=151144 free=39704 reachbit=2 bit30=26.0
305.626,sweep,,,,,,,,,,,,,live=151144 free=39704 reachbit=2 bit30=26.0
305.878,sweep,,,,,,,,,,,,,live=151144 free=39704 reachbit=2 bit30=26.0
306.132,sweep,,,,,,,,,,,,,live=151144 free=39704 reachbit=2 bit30=26.0
306.383,sweep,,,,,,,,,,,,,live=151144 free=39704 reachbit=2 bit30=26.0
306.634,sweep,,,,,,,,,,,,,live=151144 free=39704 reachbit=2 bit30=26.0
306.887,sweep,,,,,,,,,,,,,live=151144 free=39704 reachbit=2 bit30=26.0
307.139,sweep,,,,,,,,,,,,,live=151144 free=39704 reachbit=2 bit30=26.0
307.392,sweep,,,,,,,,,,,,,live=151144 free=39704 reachbit=2 bit30=26.0
307.645,sweep,,,,,,,,,,,,,live=151144 free=39704 reachbit=2 bit30=26.0
307.897,sweep,,,,,,,,,,,,,live=151144 free=39704 reachbit=2 bit30=26.0
308.149,sweep,,,,,,,,,,,,,live=151144 free=39704 reachbit=2 bit30=26.0
308.402,sweep,,,,,,,,,,,,,live=151144 free=39704 reachbit=2 bit30=26.0
308.655,sweep,,,,,,,,,,,,,live=151144 free=39704 reachbit=2 bit30=26.0
308.907,sweep,,,,,,,,,,,,,live=151144 free=39704 reachbit=2 bit30=26.0
309.159,sweep,,,,,,,,,,,,,live=151144 free=39704 reachbit=2 bit30=26.0
309.412,sweep,,,,,,,,,,,,,live=151144 free=39704 reachbit=2 bit30=26.0
309.665,sweep,,,,,,,,,,,,,live=151144 free=39704 reachbit=2 bit30=26.0
309.918,sweep,,,,,,,,,,,,,live=151144 free=39704 reachbit=2 bit30=26.0
310.019,target,BlueprintGeneratedClass/BP_Ronin_DefaultSKMeshComponent_C#189895,189895,0x1FCF5A513C0,40000002,0,63930,0x7FF6895A2EC8,00280009,189895,0x1FB7DBF9980,989463,1,
310.019,target,BP_Ronin_DefaultSKMeshComponent_C/BP_Ronin_DefaultSKMeshComponent_C#189884,189884,0x1FB3A65B140,40000002,0,63932,0x7FF689603C88,00000000,189884,0x1FCF5A513C0,989463,1,
310.019,target,AnimSequence/A_Ronin_Cosmetic_HeroSelect_Breathe#189858,189858,0x1FBC0D45E00,40000002,0,63945,0x7FF689560680,0028000B,189858,0x1FB7DCF8D00,2287176,1,
310.019,target,AnimSingleNodeInstance/AnimSingleNodeInstance#189862,189862,0x1FC75EE4ED0,40000002,0,0,0x7FF6895707D8,00000040,189862,0x1FB7DCF8800,200493,1,
310.170,sweep,,,,,,,,,,,,,live=151144 free=39704 reachbit=1 bit30=26.0
310.322,target,AnimSingleNodeInstance/AnimSingleNodeInstance#189882,189882,0x1FD3D4995B0,40000004,0,0,0x7FF6895707D8,00008040,189882,0x1FB7DCF8800,0,0,
310.322,target,AnimSequence/A_Ronin_Movement_OutOfCombat_N#189822,189822,0x1FC8C311400,40000004,0,63947,0x7FF689560680,0028800B,189822,0x1FB7DCF8D00,0,0,
310.423,sweep,,,,,,,,,,,,,live=151144 free=39704 reachbit=1 bit30=26.0
310.525,target,AnimSequence/A_Ronin_Movement_OutOfCombat_N#189822,189822,0x1FC8C311400,40000004,0,0,0x7FF689560680,0029800B,189822,0x1FB7DCF8D00,0,0,
310.676,sweep,,,,,,,,,,,,,live=149080 free=41768 reachbit=1 bit30=26.4
310.878,target,AnimSingleNodeInstance/AnimSingleNodeInstance#189882,189882,0x0,00000000,0,0,0x1FC7996DC90,00000000,189882,0x1FB7DCF8800,0,0,
310.878,target,AnimSequence/A_Ronin_Movement_OutOfCombat_N#189822,189822,0x0,00000000,0,0,0x1FC7EB9F600,00000000,189822,0x1FB7DCF8D00,0,0,
310.928,sweep,,,,,,,,,,,,,live=147712 free=43136 reachbit=1 bit30=26.6
311.182,sweep,,,,,,,,,,,,,live=147712 free=43136 reachbit=1 bit30=26.6
311.434,sweep,,,,,,,,,,,,,live=147712 free=43136 reachbit=1 bit30=26.6
311.686,sweep,,,,,,,,,,,,,live=147712 free=43136 reachbit=1 bit30=26.6
311.940,sweep,,,,,,,,,,,,,live=147712 free=43136 reachbit=1 bit30=26.6
312.192,sweep,,,,,,,,,,,,,live=147712 free=43136 reachbit=1 bit30=26.6
312.446,sweep,,,,,,,,,,,,,live=147712 free=43136 reachbit=1 bit30=26.6
312.698,sweep,,,,,,,,,,,,,live=147712 free=43136 reachbit=1 bit30=26.6
312.950,sweep,,,,,,,,,,,,,live=147712 free=43136 reachbit=1 bit30=26.6
313.203,sweep,,,,,,,,,,,,,live=147712 free=43136 reachbit=1 bit30=26.6
313.455,sweep,,,,,,,,,,,,,live=147712 free=43136 reachbit=1 bit30=26.6
313.706,sweep,,,,,,,,,,,,,live=147712 free=43136 reachbit=1 bit30=26.6
313.957,sweep,,,,,,,,,,,,,live=147712 free=43136 reachbit=1 bit30=26.6
314.209,sweep,,,,,,,,,,,,,live=147712 free=43136 reachbit=1 bit30=26.6
314.460,sweep,,,,,,,,,,,,,live=147712 free=43136 reachbit=1 bit30=26.6
314.713,sweep,,,,,,,,,,,,,live=147712 free=43136 reachbit=1 bit30=26.6
314.966,sweep,,,,,,,,,,,,,live=147712 free=43136 reachbit=1 bit30=26.6
315.218,sweep,,,,,,,,,,,,,live=147712 free=43136 reachbit=1 bit30=26.6
315.471,sweep,,,,,,,,,,,,,live=147712 free=43136 reachbit=1 bit30=26.6
315.724,sweep,,,,,,,,,,,,,live=147712 free=43136 reachbit=1 bit30=26.6
315.977,sweep,,,,,,,,,,,,,live=147712 free=43136 reachbit=1 bit30=26.6
316.229,sweep,,,,,,,,,,,,,live=147712 free=43136 reachbit=1 bit30=26.6
316.481,sweep,,,,,,,,,,,,,live=147712 free=43136 reachbit=1 bit30=26.6
316.734,sweep,,,,,,,,,,,,,live=147712 free=43136 reachbit=1 bit30=26.6
316.986,sweep,,,,,,,,,,,,,live=147712 free=43136 reachbit=1 bit30=26.6
317.238,sweep,,,,,,,,,,,,,live=147712 free=43136 reachbit=1 bit30=26.6
317.491,sweep,,,,,,,,,,,,,live=147712 free=43136 reachbit=1 bit30=26.6
317.744,sweep,,,,,,,,,,,,,live=147712 free=43136 reachbit=1 bit30=26.6
317.995,sweep,,,,,,,,,,,,,live=147712 free=43136 reachbit=1 bit30=26.6
318.247,sweep,,,,,,,,,,,,,live=147712 free=43136 reachbit=1 bit30=26.6
318.498,sweep,,,,,,,,,,,,,live=147712 free=43136 reachbit=1 bit30=26.6
318.750,sweep,,,,,,,,,,,,,live=147712 free=43136 reachbit=1 bit30=26.6
319.003,sweep,,,,,,,,,,,,,live=147712 free=43136 reachbit=1 bit30=26.6
319.255,sweep,,,,,,,,,,,,,live=147712 free=43136 reachbit=1 bit30=26.6
319.507,sweep,,,,,,,,,,,,,live=147712 free=43136 reachbit=1 bit30=26.6
319.759,sweep,,,,,,,,,,,,,live=147712 free=43136 reachbit=1 bit30=26.6
320.012,sweep,,,,,,,,,,,,,live=147712 free=43136 reachbit=1 bit30=26.6
320.265,sweep,,,,,,,,,,,,,live=147712 free=43136 reachbit=1 bit30=26.6
320.517,sweep,,,,,,,,,,,,,live=147712 free=43136 reachbit=1 bit30=26.6
320.770,sweep,,,,,,,,,,,,,live=147712 free=43136 reachbit=1 bit30=26.6
321.022,sweep,,,,,,,,,,,,,live=147712 free=43136 reachbit=1 bit30=26.6
321.275,sweep,,,,,,,,,,,,,live=147712 free=43136 reachbit=1 bit30=26.6
321.526,sweep,,,,,,,,,,,,,live=147712 free=43136 reachbit=1 bit30=26.6
321.780,sweep,,,,,,,,,,,,,live=147712 free=43136 reachbit=1 bit30=26.6
322.031,sweep,,,,,,,,,,,,,live=147712 free=43136 reachbit=1 bit30=26.6
322.282,sweep,,,,,,,,,,,,,live=147712 free=43136 reachbit=1 bit30=26.6
322.534,sweep,,,,,,,,,,,,,live=147712 free=43136 reachbit=1 bit30=26.6
322.787,sweep,,,,,,,,,,,,,live=147712 free=43136 reachbit=1 bit30=26.6
323.039,sweep,,,,,,,,,,,,,live=147712 free=43136 reachbit=1 bit30=26.6
323.292,sweep,,,,,,,,,,,,,live=147712 free=43136 reachbit=1 bit30=26.6
323.544,sweep,,,,,,,,,,,,,live=147712 free=43136 reachbit=1 bit30=26.6
323.797,sweep,,,,,,,,,,,,,live=147712 free=43136 reachbit=1 bit30=26.6
324.050,sweep,,,,,,,,,,,,,live=147712 free=43136 reachbit=1 bit30=26.6
324.302,sweep,,,,,,,,,,,,,live=147712 free=43136 reachbit=1 bit30=26.6
324.555,sweep,,,,,,,,,,,,,live=147712 free=43136 reachbit=1 bit30=26.6
324.807,sweep,,,,,,,,,,,,,live=147712 free=43136 reachbit=1 bit30=26.6
325.060,sweep,,,,,,,,,,,,,live=147712 free=43136 reachbit=1 bit30=26.6
325.313,sweep,,,,,,,,,,,,,live=147712 free=43136 reachbit=1 bit30=26.6
325.566,sweep,,,,,,,,,,,,,live=147712 free=43136 reachbit=1 bit30=26.6
325.817,sweep,,,,,,,,,,,,,live=147712 free=43136 reachbit=1 bit30=26.6
326.070,sweep,,,,,,,,,,,,,live=147712 free=43136 reachbit=1 bit30=26.6
326.323,sweep,,,,,,,,,,,,,live=147712 free=43136 reachbit=1 bit30=26.6
326.577,sweep,,,,,,,,,,,,,live=147712 free=43136 reachbit=1 bit30=26.6
326.829,sweep,,,,,,,,,,,,,live=147712 free=43136 reachbit=1 bit30=26.6
327.082,sweep,,,,,,,,,,,,,live=147712 free=43136 reachbit=1 bit30=26.6
327.334,sweep,,,,,,,,,,,,,live=147712 free=43136 reachbit=1 bit30=26.6
327.587,sweep,,,,,,,,,,,,,live=147712 free=43136 reachbit=1 bit30=26.6
327.840,sweep,,,,,,,,,,,,,live=147712 free=43136 reachbit=1 bit30=26.6
328.091,sweep,,,,,,,,,,,,,live=147712 free=43136 reachbit=1 bit30=26.6
328.344,sweep,,,,,,,,,,,,,live=147712 free=43136 reachbit=1 bit30=26.6
328.597,sweep,,,,,,,,,,,,,live=147712 free=43136 reachbit=1 bit30=26.6
328.850,sweep,,,,,,,,,,,,,live=147712 free=43136 reachbit=1 bit30=26.6
329.103,sweep,,,,,,,,,,,,,live=147712 free=43136 reachbit=1 bit30=26.6
329.355,sweep,,,,,,,,,,,,,live=147712 free=43136 reachbit=1 bit30=26.6
329.608,sweep,,,,,,,,,,,,,live=147712 free=43136 reachbit=1 bit30=26.6
329.861,sweep,,,,,,,,,,,,,live=147712 free=43136 reachbit=1 bit30=26.6
330.114,sweep,,,,,,,,,,,,,live=147712 free=43136 reachbit=1 bit30=26.6
330.367,sweep,,,,,,,,,,,,,live=147712 free=43136 reachbit=1 bit30=26.6
330.621,sweep,,,,,,,,,,,,,live=147712 free=43136 reachbit=1 bit30=26.6
330.873,sweep,,,,,,,,,,,,,live=147712 free=43136 reachbit=1 bit30=26.6
331.125,sweep,,,,,,,,,,,,,live=147712 free=43136 reachbit=1 bit30=26.6
331.378,sweep,,,,,,,,,,,,,live=147712 free=43136 reachbit=1 bit30=26.6
331.631,sweep,,,,,,,,,,,,,live=147712 free=43136 reachbit=1 bit30=26.6
331.883,sweep,,,,,,,,,,,,,live=147712 free=43136 reachbit=1 bit30=26.6
332.135,sweep,,,,,,,,,,,,,live=147712 free=43136 reachbit=1 bit30=26.6
332.387,sweep,,,,,,,,,,,,,live=147712 free=43136 reachbit=1 bit30=26.6
332.641,sweep,,,,,,,,,,,,,live=147712 free=43136 reachbit=1 bit30=26.6
332.892,sweep,,,,,,,,,,,,,live=147712 free=43136 reachbit=1 bit30=26.6
333.144,sweep,,,,,,,,,,,,,live=147712 free=43136 reachbit=1 bit30=26.6
333.397,sweep,,,,,,,,,,,,,live=147712 free=43136 reachbit=1 bit30=26.6
333.650,sweep,,,,,,,,,,,,,live=147712 free=43136 reachbit=1 bit30=26.6
333.902,sweep,,,,,,,,,,,,,live=147712 free=43136 reachbit=1 bit30=26.6
334.155,sweep,,,,,,,,,,,,,live=147712 free=43136 reachbit=1 bit30=26.6
334.406,sweep,,,,,,,,,,,,,live=147712 free=43136 reachbit=1 bit30=26.6
334.658,sweep,,,,,,,,,,,,,live=147712 free=43136 reachbit=1 bit30=26.6
334.912,sweep,,,,,,,,,,,,,live=147712 free=43136 reachbit=1 bit30=26.6
335.164,sweep,,,,,,,,,,,,,live=147712 free=43136 reachbit=1 bit30=26.6
335.416,sweep,,,,,,,,,,,,,live=147712 free=43136 reachbit=1 bit30=26.6
335.669,sweep,,,,,,,,,,,,,live=147712 free=43136 reachbit=1 bit30=26.6
335.920,sweep,,,,,,,,,,,,,live=147712 free=43136 reachbit=1 bit30=26.6
336.174,sweep,,,,,,,,,,,,,live=147712 free=43136 reachbit=1 bit30=26.6
336.428,sweep,,,,,,,,,,,,,live=147712 free=43136 reachbit=1 bit30=26.6
336.681,sweep,,,,,,,,,,,,,live=147712 free=43136 reachbit=1 bit30=26.6
336.934,sweep,,,,,,,,,,,,,live=147712 free=43136 reachbit=1 bit30=26.6
337.186,sweep,,,,,,,,,,,,,live=147712 free=43136 reachbit=1 bit30=26.6
337.440,sweep,,,,,,,,,,,,,live=147712 free=43136 reachbit=1 bit30=26.6
337.692,sweep,,,,,,,,,,,,,live=147712 free=43136 reachbit=1 bit30=26.6
337.944,sweep,,,,,,,,,,,,,live=147712 free=43136 reachbit=1 bit30=26.6
338.196,sweep,,,,,,,,,,,,,live=147712 free=43136 reachbit=1 bit30=26.6
338.448,sweep,,,,,,,,,,,,,live=147712 free=43136 reachbit=1 bit30=26.6
338.700,sweep,,,,,,,,,,,,,live=147712 free=43136 reachbit=1 bit30=26.6
338.953,sweep,,,,,,,,,,,,,live=147712 free=43136 reachbit=1 bit30=26.6
339.205,sweep,,,,,,,,,,,,,live=147712 free=43136 reachbit=1 bit30=26.6
339.457,sweep,,,,,,,,,,,,,live=147712 free=43136 reachbit=1 bit30=26.6
339.710,sweep,,,,,,,,,,,,,live=147712 free=43136 reachbit=1 bit30=26.6
339.964,sweep,,,,,,,,,,,,,live=147712 free=43136 reachbit=1 bit30=26.6
340.216,sweep,,,,,,,,,,,,,live=147712 free=43136 reachbit=1 bit30=26.6
340.468,sweep,,,,,,,,,,,,,live=147712 free=43136 reachbit=1 bit30=26.6
340.722,sweep,,,,,,,,,,,,,live=147712 free=43136 reachbit=1 bit30=26.6
340.975,sweep,,,,,,,,,,,,,live=147712 free=43136 reachbit=1 bit30=26.6
341.227,sweep,,,,,,,,,,,,,live=147712 free=43136 reachbit=1 bit30=26.6
341.479,sweep,,,,,,,,,,,,,live=147712 free=43136 reachbit=1 bit30=26.6
341.730,sweep,,,,,,,,,,,,,live=147712 free=43136 reachbit=1 bit30=26.6
341.981,sweep,,,,,,,,,,,,,live=147712 free=43136 reachbit=1 bit30=26.6
342.235,sweep,,,,,,,,,,,,,live=147712 free=43136 reachbit=1 bit30=26.6
342.489,sweep,,,,,,,,,,,,,live=147712 free=43136 reachbit=1 bit30=26.6
342.740,sweep,,,,,,,,,,,,,live=147712 free=43136 reachbit=1 bit30=26.6
342.993,sweep,,,,,,,,,,,,,live=147712 free=43136 reachbit=1 bit30=26.6
343.245,sweep,,,,,,,,,,,,,live=147712 free=43136 reachbit=1 bit30=26.6
343.498,sweep,,,,,,,,,,,,,live=147712 free=43136 reachbit=1 bit30=26.6
343.751,sweep,,,,,,,,,,,,,live=147712 free=43136 reachbit=1 bit30=26.6
344.004,sweep,,,,,,,,,,,,,live=147712 free=43136 reachbit=1 bit30=26.6
344.255,sweep,,,,,,,,,,,,,live=147712 free=43136 reachbit=1 bit30=26.6
344.507,sweep,,,,,,,,,,,,,live=147712 free=43136 reachbit=1 bit30=26.6
344.760,sweep,,,,,,,,,,,,,live=147712 free=43136 reachbit=1 bit30=26.6
345.011,sweep,,,,,,,,,,,,,live=147712 free=43136 reachbit=1 bit30=26.6
345.264,sweep,,,,,,,,,,,,,live=147712 free=43136 reachbit=1 bit30=26.6
345.517,sweep,,,,,,,,,,,,,live=147712 free=43136 reachbit=1 bit30=26.6
345.768,sweep,,,,,,,,,,,,,live=147712 free=43136 reachbit=1 bit30=26.6
346.021,sweep,,,,,,,,,,,,,live=147712 free=43136 reachbit=1 bit30=26.6
346.273,sweep,,,,,,,,,,,,,live=147712 free=43136 reachbit=1 bit30=26.6
346.526,sweep,,,,,,,,,,,,,live=147712 free=43136 reachbit=1 bit30=26.6
346.778,sweep,,,,,,,,,,,,,live=147712 free=43136 reachbit=1 bit30=26.6
347.031,sweep,,,,,,,,,,,,,live=147712 free=43136 reachbit=1 bit30=26.6
347.283,sweep,,,,,,,,,,,,,live=147712 free=43136 reachbit=1 bit30=26.6
347.535,sweep,,,,,,,,,,,,,live=147712 free=43136 reachbit=1 bit30=26.6
347.787,sweep,,,,,,,,,,,,,live=147712 free=43136 reachbit=1 bit30=26.6
348.039,sweep,,,,,,,,,,,,,live=147712 free=43136 reachbit=1 bit30=26.6
348.291,sweep,,,,,,,,,,,,,live=147712 free=43136 reachbit=1 bit30=26.6
348.544,sweep,,,,,,,,,,,,,live=147712 free=43136 reachbit=1 bit30=26.6
348.796,sweep,,,,,,,,,,,,,live=147712 free=43136 reachbit=1 bit30=26.6
349.048,sweep,,,,,,,,,,,,,live=147712 free=43136 reachbit=1 bit30=26.6
349.300,sweep,,,,,,,,,,,,,live=147712 free=43136 reachbit=1 bit30=26.6
349.552,sweep,,,,,,,,,,,,,live=147712 free=43136 reachbit=1 bit30=26.6
349.805,sweep,,,,,,,,,,,,,live=147712 free=43136 reachbit=1 bit30=26.6
350.056,sweep,,,,,,,,,,,,,live=147712 free=43136 reachbit=1 bit30=26.6
350.308,sweep,,,,,,,,,,,,,live=147712 free=43136 reachbit=1 bit30=26.6
350.560,sweep,,,,,,,,,,,,,live=147712 free=43136 reachbit=1 bit30=26.6
350.812,sweep,,,,,,,,,,,,,live=147712 free=43136 reachbit=1 bit30=26.6
351.064,sweep,,,,,,,,,,,,,live=147712 free=43136 reachbit=1 bit30=26.6
351.317,sweep,,,,,,,,,,,,,live=147712 free=43136 reachbit=1 bit30=26.6
351.570,sweep,,,,,,,,,,,,,live=147712 free=43136 reachbit=1 bit30=26.6
351.822,sweep,,,,,,,,,,,,,live=147712 free=43136 reachbit=1 bit30=26.6
352.075,sweep,,,,,,,,,,,,,live=147712 free=43136 reachbit=1 bit30=26.6
352.328,sweep,,,,,,,,,,,,,live=147712 free=43136 reachbit=1 bit30=26.6
352.580,sweep,,,,,,,,,,,,,live=147712 free=43136 reachbit=1 bit30=26.6
352.834,sweep,,,,,,,,,,,,,live=147712 free=43136 reachbit=1 bit30=26.6
353.086,sweep,,,,,,,,,,,,,live=147712 free=43136 reachbit=1 bit30=26.6
353.337,sweep,,,,,,,,,,,,,live=147712 free=43136 reachbit=1 bit30=26.6
353.590,sweep,,,,,,,,,,,,,live=147712 free=43136 reachbit=1 bit30=26.6
353.843,sweep,,,,,,,,,,,,,live=147712 free=43136 reachbit=1 bit30=26.6
354.095,sweep,,,,,,,,,,,,,live=147712 free=43136 reachbit=1 bit30=26.6
354.348,sweep,,,,,,,,,,,,,live=147712 free=43136 reachbit=1 bit30=26.6
354.600,sweep,,,,,,,,,,,,,live=147712 free=43136 reachbit=1 bit30=26.6
354.853,sweep,,,,,,,,,,,,,live=147712 free=43136 reachbit=1 bit30=26.6
355.107,sweep,,,,,,,,,,,,,live=147712 free=43136 reachbit=1 bit30=26.6
355.359,sweep,,,,,,,,,,,,,live=147712 free=43136 reachbit=1 bit30=26.6
355.611,sweep,,,,,,,,,,,,,live=147712 free=43136 reachbit=1 bit30=26.6
355.864,sweep,,,,,,,,,,,,,live=147712 free=43136 reachbit=1 bit30=26.6
356.116,sweep,,,,,,,,,,,,,live=147712 free=43136 reachbit=1 bit30=26.6
356.368,sweep,,,,,,,,,,,,,live=147712 free=43136 reachbit=1 bit30=26.6
356.621,sweep,,,,,,,,,,,,,live=147712 free=43136 reachbit=1 bit30=26.6
356.875,sweep,,,,,,,,,,,,,live=147712 free=43136 reachbit=1 bit30=26.6
357.127,sweep,,,,,,,,,,,,,live=147712 free=43136 reachbit=1 bit30=26.6
357.379,sweep,,,,,,,,,,,,,live=147712 free=43136 reachbit=1 bit30=26.6
357.631,sweep,,,,,,,,,,,,,live=147712 free=43136 reachbit=1 bit30=26.6
357.883,sweep,,,,,,,,,,,,,live=147712 free=43136 reachbit=1 bit30=26.6
358.135,sweep,,,,,,,,,,,,,live=147712 free=43136 reachbit=1 bit30=26.6
358.388,sweep,,,,,,,,,,,,,live=147712 free=43136 reachbit=1 bit30=26.6
358.641,sweep,,,,,,,,,,,,,live=147712 free=43136 reachbit=1 bit30=26.6
358.894,sweep,,,,,,,,,,,,,live=147712 free=43136 reachbit=1 bit30=26.6
359.146,sweep,,,,,,,,,,,,,live=147712 free=43136 reachbit=1 bit30=26.6
359.399,sweep,,,,,,,,,,,,,live=147712 free=43136 reachbit=1 bit30=26.6
359.651,sweep,,,,,,,,,,,,,live=147712 free=43136 reachbit=1 bit30=26.6
359.906,sweep,,,,,,,,,,,,,live=147712 free=43136 reachbit=1 bit30=26.6
360.158,sweep,,,,,,,,,,,,,live=147712 free=43136 reachbit=1 bit30=26.6
360.410,sweep,,,,,,,,,,,,,live=147712 free=43136 reachbit=1 bit30=26.6
360.663,sweep,,,,,,,,,,,,,live=147712 free=43136 reachbit=1 bit30=26.6
360.916,sweep,,,,,,,,,,,,,live=147712 free=43136 reachbit=1 bit30=26.6
361.168,sweep,,,,,,,,,,,,,live=147712 free=43136 reachbit=1 bit30=26.6
361.421,sweep,,,,,,,,,,,,,live=147712 free=43136 reachbit=1 bit30=26.6
361.673,sweep,,,,,,,,,,,,,live=147712 free=43136 reachbit=1 bit30=26.6
361.926,sweep,,,,,,,,,,,,,live=147712 free=43136 reachbit=1 bit30=26.6
362.178,sweep,,,,,,,,,,,,,live=147712 free=43136 reachbit=1 bit30=26.6
362.430,sweep,,,,,,,,,,,,,live=147712 free=43136 reachbit=1 bit30=26.6
362.683,sweep,,,,,,,,,,,,,live=147712 free=43136 reachbit=1 bit30=26.6
362.936,sweep,,,,,,,,,,,,,live=147712 free=43136 reachbit=1 bit30=26.6
363.189,sweep,,,,,,,,,,,,,live=147712 free=43136 reachbit=1 bit30=26.6
363.442,sweep,,,,,,,,,,,,,live=147712 free=43136 reachbit=1 bit30=26.6
363.694,sweep,,,,,,,,,,,,,live=147712 free=43136 reachbit=1 bit30=26.6
363.948,sweep,,,,,,,,,,,,,live=147712 free=43136 reachbit=1 bit30=26.6
364.200,sweep,,,,,,,,,,,,,live=147712 free=43136 reachbit=1 bit30=26.6
364.452,sweep,,,,,,,,,,,,,live=147712 free=43136 reachbit=1 bit30=26.6
364.705,sweep,,,,,,,,,,,,,live=147712 free=43136 reachbit=1 bit30=26.6
364.956,sweep,,,,,,,,,,,,,live=147712 free=43136 reachbit=1 bit30=26.6
365.208,sweep,,,,,,,,,,,,,live=147712 free=43136 reachbit=1 bit30=26.6
365.460,sweep,,,,,,,,,,,,,live=147712 free=43136 reachbit=1 bit30=26.6
365.713,sweep,,,,,,,,,,,,,live=147712 free=43136 reachbit=1 bit30=26.6
365.963,sweep,,,,,,,,,,,,,live=147712 free=43136 reachbit=1 bit30=26.6
366.215,sweep,,,,,,,,,,,,,live=147712 free=43136 reachbit=1 bit30=26.6
366.466,sweep,,,,,,,,,,,,,live=147712 free=43136 reachbit=1 bit30=26.6
366.718,sweep,,,,,,,,,,,,,live=147712 free=43136 reachbit=1 bit30=26.6
366.970,sweep,,,,,,,,,,,,,live=147712 free=43136 reachbit=1 bit30=26.6
367.222,sweep,,,,,,,,,,,,,live=147712 free=43136 reachbit=1 bit30=26.6
367.476,sweep,,,,,,,,,,,,,live=147712 free=43136 reachbit=1 bit30=26.6
367.728,sweep,,,,,,,,,,,,,live=147712 free=43136 reachbit=1 bit30=26.6
367.980,sweep,,,,,,,,,,,,,live=147712 free=43136 reachbit=1 bit30=26.6
368.233,sweep,,,,,,,,,,,,,live=147712 free=43136 reachbit=1 bit30=26.6
368.485,sweep,,,,,,,,,,,,,live=147712 free=43136 reachbit=1 bit30=26.6
368.737,sweep,,,,,,,,,,,,,live=147712 free=43136 reachbit=1 bit30=26.6
368.989,sweep,,,,,,,,,,,,,live=147712 free=43136 reachbit=1 bit30=26.6
369.241,sweep,,,,,,,,,,,,,live=147712 free=43136 reachbit=1 bit30=26.6
369.493,sweep,,,,,,,,,,,,,live=147712 free=43136 reachbit=1 bit30=26.6
369.746,sweep,,,,,,,,,,,,,live=147712 free=43136 reachbit=1 bit30=26.6
369.998,sweep,,,,,,,,,,,,,live=147712 free=43136 reachbit=1 bit30=26.6
