
* 18:39:46.622  WS connected /notifications/players/9b9d2c887e2524f918e383a895f2f1c2 (subproto="wss") envelope=[""..""]
#1 GET /referral/player/9b9d2c887e2524f918e383a895f2f1c2 -> 200
#9 GET /party/players/9b9d2c887e2524f918e383a895f2f1c2 -> 200
#10 GET /party/matchmaking/customGameModes -> 200
#11 GET /party/matchmaking/info -> 200
#6 GET /core-game/players/9b9d2c887e2524f918e383a895f2f1c2 -> 200
#4 GET /storefront/heroes -> 200
#3 GET /inventory/free -> 200
#5 GET /match-history/players/9b9d2c887e2524f918e383a895f2f1c2 -> 200
#7 GET /mmr/player-ratings/9b9d2c887e2524f918e383a895f2f1c2/rank -> 200
#2 GET /progression/players/9b9d2c887e2524f918e383a895f2f1c2/tracks -> 200
#8 GET /core-game/regions -> 200
#12 GET /party/parties/party-9b9d2c887e2524f918e383a895f2f1c2 -> 200
#13 GET /mailbox/config/version -> 200

* 18:39:46.925  WS connected /lobby (subproto="wss") envelope=["LbS".."LbE"]
#14 GET /inventory/players/9b9d2c887e2524f918e383a895f2f1c2 -> 200
#15 GET /progression/players/9b9d2c887e2524f918e383a895f2f1c2 -> 200
#16 GET /revival/loadout -> 200
#17 GET /referral/player/9b9d2c887e2524f918e383a895f2f1c2/points -> 200

* 18:39:47.356  WS <- /lobby TEXT "type: listIncomingFriendsRequest\nid: friends-2999"

* 18:39:47.483  WS -> /lobby TEXT "type: listIncomingFriendsResponse\nid: friends-2999\ncode: 0\nfriendsId: []"

* 18:39:47.516  WS <- /lobby TEXT "type: listOutgoingFriendsRequest\nid: friends-2231"

* 18:39:47.565  WS -> /lobby TEXT "type: listOutgoingFriendsResponse\nid: friends-2231\ncode: 0\nfriendsId: []"
#18 GET /revival/loadout -> 200

* 18:39:47.615  WS <- /lobby TEXT "type: listOfFriendsRequest\nid: friends-9665"

* 18:39:47.689  WS -> /lobby TEXT "type: listOfFriendsResponse\nid: friends-9665\ncode: 0\nfriendsId: []"

* 18:39:47.716  WS <- /lobby TEXT "type: setUserStatusRequest\nid: presence-6789\navailability: online\nactivity: eyJhIjoiTWVudXMiLCJjViI6InJlbGVhc2UyLjQubGl2ZS0xNTY0MzAtc2hpcHBpbmciLCJwSWQiOiJwYXJ0eS05YjlkMmM4ODdlMjUyNGY5MThlMzgzYTg5NWYyZjFjMiIsInBRcyI6WyJ0dXRvcmlhbE5ldyJdLCJwTyI6MCwicFMiOjEsIm1QUyI6MywicmsiOjAsInJrUCI6MCwiciI6W10sImF2SWQiOiJTbG90Q29zbWV0aWNzOkFWQVRBUl9BYm92ZUl0QWxsIiwidCI6W10sImRzSWQiOiIifQ==\n"

* 18:39:47.765  WS -> /lobby TEXT "type: setUserStatusResponse\nid: presence-6789\ncode: 0"

* 18:39:47.834  WS <- /lobby TEXT "type: friendsStatusRequest\nid: presence-2050"
#19 GET /revival/loadout -> 200
#20 GET /revival/loadout -> 200
#21 GET /revival/loadout -> 200
#22 GET /revival/loadout -> 200
#23 GET /revival/loadout -> 200
#24 GET /revival/loadout -> 200
#25 GET /revival/loadout -> 200
#26 GET /revival/loadout -> 200
#27 GET /revival/loadout -> 200
#28 GET /revival/loadout -> 200
#29 GET /revival/loadout -> 200
#30 POST /party/parties/party-9b9d2c887e2524f918e383a895f2f1c2/members/9b9d2c887e2524f918e383a895f2f1c2/latencies -> 200
#31 GET /revival/loadout -> 200
#32 GET /revival/loadout -> 200
#33 GET /player-stats/players/9b9d2c887e2524f918e383a895f2f1c2 -> 200
#34 GET /revival/loadout -> 200
#35 GET /revival/loadout -> 200
#36 GET /revival/loadout -> 200
#37 GET /revival/loadout -> 200
#38 GET /revival/loadout -> 200
#39 GET /revival/loadout -> 200
#40 GET /revival/loadout -> 200
#41 GET /revival/loadout -> 200
#42 GET /revival/loadout -> 200
#43 GET /revival/loadout -> 200
#44 GET /revival/loadout -> 200
#45 GET /revival/loadout -> 200
#46 GET /revival/loadout -> 200
#47 GET /revival/loadout -> 200
#48 GET /configuration/client -> 200
#49 GET /revival/loadout -> 200
#50 GET /content-service/manifest/release2.4.live-156430-shipping -> 200
#51 GET /revival/loadout -> 200
#52 GET /revival/loadout -> 200
#53 GET /revival/loadout -> 200
#54 GET /storefront/wallet/9b9d2c887e2524f918e383a895f2f1c2 -> 200
#55 GET /storefront/real/offers/9b9d2c887e2524f918e383a895f2f1c2 -> 200
#56 GET /revival/loadout -> 200
#57 GET /revival/loadout -> 200
#58 GET /revival/loadout -> 200
#59 GET /revival/loadout -> 200
#60 GET /revival/loadout -> 200
#61 GET /revival/loadout -> 200
#62 GET /revival/loadout -> 200
#63 GET /revival/loadout -> 200
#64 GET /revival/loadout -> 200
#65 GET /revival/loadout -> 200
#66 GET /revival/loadout -> 200
#67 GET /revival/loadout -> 200
#68 GET /revival/loadout -> 200
#69 GET /revival/loadout -> 200
#70 GET /revival/loadout -> 200
#71 GET /revival/loadout -> 200
#72 GET /revival/loadout -> 200
#73 GET /revival/loadout -> 200
#74 GET /revival/loadout -> 200
#75 GET /revival/loadout -> 200
#76 GET /revival/loadout -> 200
#77 GET /revival/loadout -> 200
#78 GET /revival/loadout -> 200
#79 GET /party/players/9b9d2c887e2524f918e383a895f2f1c2/voice -> 200
#80 GET /revival/loadout -> 200
#81 GET /revival/loadout -> 200
#82 GET /revival/loadout -> 200
#83 GET /revival/loadout -> 200
#84 GET /revival/loadout -> 200
#85 GET /revival/loadout -> 200
#86 GET /revival/loadout -> 200
#87 GET /revival/loadout -> 200
#88 GET /revival/loadout -> 200
#89 GET /revival/loadout -> 200
#90 GET /revival/loadout -> 200
#91 GET /revival/loadout -> 200
#92 GET /revival/loadout -> 200
#93 GET /revival/loadout -> 200
#94 GET /revival/loadout -> 200
#95 GET /revival/loadout -> 200
#96 GET /revival/loadout -> 200
#97 GET /revival/loadout -> 200
#98 GET /revival/loadout -> 200
#99 GET /revival/loadout -> 200
#100 GET /revival/loadout -> 200
#101 GET /revival/loadout -> 200
#102 GET /revival/loadout -> 200
#103 GET /revival/loadout -> 200
#104 GET /revival/loadout -> 200
#105 GET /revival/loadout -> 200
#106 GET /revival/loadout -> 200
#107 GET /revival/loadout -> 200
#108 GET /revival/loadout -> 200
#109 GET /revival/loadout -> 200
#110 GET /revival/loadout -> 200
#111 GET /revival/loadout -> 200
#112 GET /revival/loadout -> 200
#113 GET /revival/loadout -> 200
#114 GET /revival/loadout -> 200
#115 GET /revival/loadout -> 200
#116 POST /game-telemetry/v1/protected/events -> 200
#117 GET /revival/loadout -> 200
#118 GET /revival/loadout -> 200
#119 GET /revival/loadout -> 200
#120 GET /revival/loadout -> 200
#121 GET /revival/loadout -> 200
#122 GET /revival/loadout -> 200
#123 GET /revival/loadout -> 200
#124 GET /revival/loadout -> 200
#125 GET /revival/loadout -> 200
#126 GET /revival/loadout -> 200
#127 GET /revival/loadout -> 200
#128 GET /revival/loadout -> 200
#129 GET /revival/loadout -> 200
#130 GET /revival/loadout -> 200
#131 GET /revival/loadout -> 200
#132 GET /revival/loadout -> 200
#133 GET /revival/loadout -> 200
#134 GET /revival/loadout -> 200
#135 GET /revival/loadout -> 200
#136 GET /revival/loadout -> 200
#137 GET /revival/loadout -> 200
#138 GET /revival/loadout -> 200
#139 GET /revival/loadout -> 200
#140 GET /revival/loadout -> 200
#141 GET /revival/loadout -> 200
#142 GET /revival/loadout -> 200
#143 GET /revival/loadout -> 200
#144 GET /revival/loadout -> 200
#145 GET /revival/loadout -> 200
#146 GET /revival/loadout -> 200
#147 GET /revival/loadout -> 200
#148 GET /revival/loadout -> 200
#149 GET /revival/loadout -> 200
#150 GET /revival/loadout -> 200
#151 GET /revival/loadout -> 200
#152 GET /revival/loadout -> 200
#153 GET /revival/loadout -> 200
#154 GET /revival/loadout -> 200
#155 GET /revival/loadout -> 200
#156 GET /revival/loadout -> 200
#157 GET /revival/loadout -> 200
#158 GET /revival/loadout -> 200
#159 GET /revival/loadout -> 200
#160 GET /revival/loadout -> 200
#161 GET /revival/loadout -> 200
#162 GET /revival/loadout -> 200
#163 GET /revival/loadout -> 200
#164 GET /revival/loadout -> 200
#165 GET /revival/loadout -> 200
#166 GET /revival/loadout -> 200
#167 GET /revival/loadout -> 200
#168 GET /revival/loadout -> 200
#169 GET /revival/loadout -> 200
#170 GET /revival/loadout -> 200
#171 GET /revival/loadout -> 200
#172 GET /revival/loadout -> 200
#173 GET /revival/loadout -> 200
#174 GET /revival/loadout -> 200
#175 GET /revival/loadout -> 200
#176 GET /revival/loadout -> 200
#177 GET /revival/loadout -> 200
#178 GET /revival/loadout -> 200
#179 GET /revival/loadout -> 200
#180 GET /revival/loadout -> 200
#181 GET /revival/loadout -> 200
#182 GET /revival/loadout -> 200
#183 GET /revival/loadout -> 200
#184 GET /revival/loadout -> 200
#185 GET /revival/loadout -> 200

* 18:40:16.665  WS -> /notifications/players/9b9d2c887e2524f918e383a895f2f1c2 BINARY hb (proactive 30s keepalive)
#186 GET /party/matchmaking/info -> 200
#187 GET /revival/loadout -> 200
#188 GET /revival/loadout -> 200
#189 GET /revival/loadout -> 200
#190 GET /revival/loadout -> 200

* 18:40:17.370  WS <- /lobby TEXT ""
#191 GET /revival/loadout -> 200
#192 GET /revival/loadout -> 200
#193 GET /revival/loadout -> 200
#194 GET /revival/loadout -> 200
#195 GET /revival/loadout -> 200
#196 GET /revival/loadout -> 200
#197 GET /revival/loadout -> 200
#198 GET /revival/loadout -> 200
#199 GET /revival/loadout -> 200
#200 GET /revival/loadout -> 200
#201 GET /revival/loadout -> 200
#202 GET /revival/loadout -> 200
#203 GET /revival/loadout -> 200
#204 POST /party/parties/party-9b9d2c887e2524f918e383a895f2f1c2/members/9b9d2c887e2524f918e383a895f2f1c2/latencies -> 200
#205 GET /revival/loadout -> 200
#206 GET /revival/loadout -> 200
#207 GET /revival/loadout -> 200
#208 GET /revival/loadout -> 200
#209 GET /revival/loadout -> 200
#210 GET /revival/loadout -> 200
#211 GET /revival/loadout -> 200
#212 GET /revival/loadout -> 200
#213 GET /revival/loadout -> 200
#214 GET /revival/loadout -> 200
#215 GET /revival/loadout -> 200
#216 GET /revival/loadout -> 200
#217 GET /revival/loadout -> 200
#218 GET /revival/loadout -> 200
#219 GET /revival/loadout -> 200
#220 GET /revival/loadout -> 200
#221 GET /configuration/client -> 200
#222 GET /revival/loadout -> 200
#223 GET /content-service/manifest/release2.4.live-156430-shipping -> 200
#224 GET /revival/loadout -> 200
#225 GET /revival/loadout -> 200
#226 GET /revival/loadout -> 200
#227 GET /revival/loadout -> 200
#228 GET /revival/loadout -> 200
#229 GET /revival/loadout -> 200
#230 GET /revival/loadout -> 200
#231 GET /revival/loadout -> 200
#232 GET /revival/loadout -> 200
#233 GET /revival/loadout -> 200
#234 GET /revival/loadout -> 200
#235 GET /revival/loadout -> 200
#236 GET /revival/loadout -> 200
#237 GET /revival/loadout -> 200
#238 GET /revival/loadout -> 200
#239 GET /revival/loadout -> 200
#240 GET /revival/loadout -> 200
#241 GET /revival/loadout -> 200
#242 GET /revival/loadout -> 200
#243 GET /revival/loadout -> 200
#244 GET /revival/loadout -> 200
#245 GET /revival/loadout -> 200
#246 GET /revival/loadout -> 200
#247 GET /revival/loadout -> 200
#248 GET /revival/loadout -> 200
#249 GET /revival/loadout -> 200
#250 GET /revival/loadout -> 200
#251 GET /party/players/9b9d2c887e2524f918e383a895f2f1c2/voice -> 200
#252 GET /revival/loadout -> 200
#253 GET /revival/loadout -> 200
#254 GET /revival/loadout -> 200
#255 GET /revival/loadout -> 200
#256 GET /revival/loadout -> 200
#257 GET /revival/loadout -> 200
#258 GET /revival/loadout -> 200
#259 GET /revival/loadout -> 200
#260 GET /revival/loadout -> 200
#261 GET /revival/loadout -> 200
#262 GET /revival/loadout -> 200
#263 GET /revival/loadout -> 200
#264 GET /revival/loadout -> 200
#265 GET /revival/loadout -> 200
#266 GET /revival/loadout -> 200
#267 GET /revival/loadout -> 200
#268 GET /revival/loadout -> 200
#269 GET /revival/loadout -> 200
#270 GET /revival/loadout -> 200
#271 GET /revival/loadout -> 200
#272 GET /revival/loadout -> 200
#273 GET /revival/loadout -> 200
#274 GET /revival/loadout -> 200
#275 GET /revival/loadout -> 200
#276 GET /revival/loadout -> 200
#277 GET /revival/loadout -> 200
#278 GET /revival/loadout -> 200
#279 GET /revival/loadout -> 200
#280 GET /revival/loadout -> 200
#281 GET /revival/loadout -> 200
#282 GET /revival/loadout -> 200
#283 GET /revival/loadout -> 200
#284 GET /revival/loadout -> 200
#285 GET /revival/loadout -> 200
#286 GET /revival/loadout -> 200
#287 GET /revival/loadout -> 200
#288 GET /revival/loadout -> 200
#289 GET /revival/loadout -> 200
#290 GET /revival/loadout -> 200
#291 GET /revival/loadout -> 200
#292 GET /revival/loadout -> 200
#293 GET /revival/loadout -> 200
#294 GET /revival/loadout -> 200
#295 GET /revival/loadout -> 200
#296 GET /revival/loadout -> 200
#297 GET /revival/loadout -> 200
#298 GET /revival/loadout -> 200
#299 GET /revival/loadout -> 200
#300 GET /revival/loadout -> 200
#301 GET /revival/loadout -> 200
#302 GET /revival/loadout -> 200
#303 GET /revival/loadout -> 200
#304 GET /revival/loadout -> 200
#305 GET /revival/loadout -> 200
#306 GET /revival/loadout -> 200
#307 GET /revival/loadout -> 200
#308 GET /revival/loadout -> 200
#309 GET /revival/loadout -> 200
#310 GET /revival/loadout -> 200
#311 GET /revival/loadout -> 200
#312 GET /revival/loadout -> 200
#313 GET /revival/loadout -> 200
#314 GET /revival/loadout -> 200
#315 GET /revival/loadout -> 200
#316 GET /revival/loadout -> 200
#317 GET /revival/loadout -> 200
#318 GET /revival/loadout -> 200
#319 GET /revival/loadout -> 200
#320 GET /revival/loadout -> 200
#321 GET /revival/loadout -> 200
#322 GET /revival/loadout -> 200
#323 GET /revival/loadout -> 200
#324 GET /revival/loadout -> 200
#325 GET /revival/loadout -> 200
#326 GET /revival/loadout -> 200

* 18:40:41.715  WS <- /notifications/players/9b9d2c887e2524f918e383a895f2f1c2 BINARY (2 bytes) 6862

* 18:40:41.736  WS -> /notifications/players/9b9d2c887e2524f918e383a895f2f1c2 TEXT hb reply {"Resource":"hb","Version":0,"Payload":""}
#327 GET /revival/loadout -> 200
#328 GET /revival/loadout -> 200
#329 GET /revival/loadout -> 200
#330 GET /revival/loadout -> 200
#331 GET /revival/loadout -> 200
#332 GET /revival/loadout -> 200
#333 GET /revival/loadout -> 200
#334 GET /revival/loadout -> 200
#335 GET /revival/loadout -> 200
#336 GET /revival/loadout -> 200
#337 GET /revival/loadout -> 200
#338 GET /revival/loadout -> 200
#339 GET /revival/loadout -> 200
#340 GET /revival/loadout -> 200
#341 GET /revival/loadout -> 200
#342 GET /revival/loadout -> 200
#343 GET /revival/loadout -> 200
#344 GET /revival/loadout -> 200
#345 GET /revival/loadout -> 200
#346 GET /revival/loadout -> 200
#347 GET /revival/loadout -> 200
#348 GET /revival/loadout -> 200
#349 GET /revival/loadout -> 200
#350 GET /revival/loadout -> 200
#351 GET /revival/loadout -> 200
#352 GET /revival/loadout -> 200
#353 GET /revival/loadout -> 200
#354 GET /party/matchmaking/info -> 200
#355 GET /core-game/regions -> 200
#356 GET /revival/loadout -> 200
#357 GET /revival/loadout -> 200
#358 GET /revival/loadout -> 200
#359 GET /revival/loadout -> 200

* 18:40:47.415  WS <- /lobby TEXT ""
#360 GET /revival/loadout -> 200
#361 GET /revival/loadout -> 200
#362 GET /revival/loadout -> 200
#363 GET /revival/loadout -> 200
#364 GET /revival/loadout -> 200
#365 GET /revival/loadout -> 200
#366 GET /revival/loadout -> 200
#367 GET /revival/loadout -> 200
#368 GET /revival/loadout -> 200
#369 GET /revival/loadout -> 200
#370 GET /revival/loadout -> 200
#371 GET /revival/loadout -> 200
#372 GET /revival/loadout -> 200
#373 POST /party/parties/party-9b9d2c887e2524f918e383a895f2f1c2/members/9b9d2c887e2524f918e383a895f2f1c2/latencies -> 200
#374 GET /revival/loadout -> 200
#375 GET /revival/loadout -> 200
#376 GET /revival/loadout -> 200
#377 GET /revival/loadout -> 200
#378 GET /revival/loadout -> 200
#379 GET /revival/loadout -> 200
#380 GET /revival/loadout -> 200
#381 GET /revival/loadout -> 200
#382 GET /revival/loadout -> 200
#383 GET /revival/loadout -> 200
#384 GET /revival/loadout -> 200
#385 GET /revival/loadout -> 200
#386 GET /revival/loadout -> 200
#387 GET /revival/loadout -> 200
#388 GET /revival/loadout -> 200
#389 GET /configuration/client -> 200
#390 GET /revival/loadout -> 200
#391 GET /content-service/manifest/release2.4.live-156430-shipping -> 200
#392 GET /revival/loadout -> 200
#393 GET /revival/loadout -> 200
#394 GET /revival/loadout -> 200
#395 GET /revival/loadout -> 200
#396 GET /revival/loadout -> 200
#397 GET /revival/loadout -> 200
#398 GET /revival/loadout -> 200
#399 GET /revival/loadout -> 200
#400 GET /revival/loadout -> 200
#401 GET /revival/loadout -> 200
#402 GET /revival/loadout -> 200
#403 GET /revival/loadout -> 200
#404 GET /revival/loadout -> 200
#405 GET /revival/loadout -> 200
#406 GET /revival/loadout -> 200
#407 GET /revival/loadout -> 200
#408 GET /revival/loadout -> 200
#409 GET /revival/loadout -> 200
#410 GET /revival/loadout -> 200
#411 GET /revival/loadout -> 200
#412 GET /revival/loadout -> 200
#413 GET /revival/loadout -> 200
#414 GET /revival/loadout -> 200
#415 GET /revival/loadout -> 200
#416 GET /revival/loadout -> 200
#417 GET /revival/loadout -> 200
#418 GET /revival/loadout -> 200
#419 GET /revival/loadout -> 200
#420 GET /revival/loadout -> 200
#421 GET /revival/loadout -> 200
#422 GET /party/players/9b9d2c887e2524f918e383a895f2f1c2/voice -> 200
#423 GET /revival/loadout -> 200
#424 GET /revival/loadout -> 200
#425 GET /revival/loadout -> 200
#426 GET /revival/loadout -> 200
#427 GET /revival/loadout -> 200
#428 GET /revival/loadout -> 200
#429 GET /revival/loadout -> 200
#430 GET /revival/loadout -> 200
#431 GET /revival/loadout -> 200
#432 GET /revival/loadout -> 200
#433 GET /revival/loadout -> 200
#434 GET /revival/loadout -> 200
#435 GET /revival/loadout -> 200
#436 GET /revival/loadout -> 200
#437 GET /revival/loadout -> 200
#438 GET /revival/loadout -> 200
#439 GET /revival/loadout -> 200
#440 GET /revival/loadout -> 200
#441 GET /revival/loadout -> 200
#442 GET /revival/loadout -> 200
#443 GET /revival/loadout -> 200
#444 GET /revival/loadout -> 200
#445 GET /revival/loadout -> 200
#446 GET /revival/loadout -> 200
#447 GET /revival/loadout -> 200
#448 GET /revival/loadout -> 200
#449 GET /revival/loadout -> 200
#450 GET /revival/loadout -> 200
#451 GET /revival/loadout -> 200
#452 GET /revival/loadout -> 200
#453 GET /revival/loadout -> 200
#454 POST /game-telemetry/v1/protected/events -> 200
#455 GET /revival/loadout -> 200
#456 GET /revival/loadout -> 200
#457 GET /revival/loadout -> 200
#458 GET /revival/loadout -> 200
#459 GET /revival/loadout -> 200
#460 GET /revival/loadout -> 200
#461 GET /revival/loadout -> 200
#462 GET /revival/loadout -> 200
#463 GET /revival/loadout -> 200
#464 GET /revival/loadout -> 200
#465 GET /revival/loadout -> 200
#466 GET /revival/loadout -> 200
#467 GET /revival/loadout -> 200
#468 GET /revival/loadout -> 200
#469 GET /revival/loadout -> 200
#470 GET /revival/loadout -> 200
#471 GET /revival/loadout -> 200
#472 GET /storefront/offers/9b9d2c887e2524f918e383a895f2f1c2 -> 200
#473 GET /revival/loadout -> 200
#474 GET /revival/loadout -> 200
#475 GET /revival/loadout -> 200
#476 GET /revival/loadout -> 200
#477 GET /revival/loadout -> 200
#478 GET /revival/loadout -> 200
#479 GET /revival/loadout -> 200
#480 GET /revival/loadout -> 200
#481 GET /revival/loadout -> 200
#482 GET /revival/loadout -> 200
#483 GET /revival/loadout -> 200
#484 GET /revival/loadout -> 200
#485 GET /revival/loadout -> 200
#486 GET /revival/loadout -> 200
#487 GET /revival/loadout -> 200
#488 GET /revival/loadout -> 200
#489 GET /revival/loadout -> 200
#490 GET /revival/loadout -> 200
#491 GET /revival/loadout -> 200
#492 GET /revival/loadout -> 200
#493 GET /revival/loadout -> 200
#494 GET /revival/loadout -> 200
#495 GET /revival/loadout -> 200
#496 GET /revival/loadout -> 200
#497 GET /revival/loadout -> 200

* 18:41:11.804  WS -> /notifications/players/9b9d2c887e2524f918e383a895f2f1c2 BINARY hb (proactive 30s keepalive)
#498 GET /revival/loadout -> 200
#499 GET /revival/loadout -> 200
#500 GET /revival/loadout -> 200
#501 GET /revival/loadout -> 200
#502 GET /revival/loadout -> 200
#503 GET /revival/loadout -> 200
#504 GET /revival/loadout -> 200
#505 GET /revival/loadout -> 200
#506 GET /revival/loadout -> 200
#507 GET /revival/loadout -> 200
#508 GET /revival/loadout -> 200
#509 GET /revival/loadout -> 200
#510 GET /revival/loadout -> 200
#511 GET /revival/loadout -> 200
#512 GET /revival/loadout -> 200
#513 GET /revival/loadout -> 200
#514 GET /revival/loadout -> 200
#515 GET /revival/loadout -> 200
#516 GET /revival/loadout -> 200
#517 GET /revival/loadout -> 200
#518 GET /revival/loadout -> 200
#519 GET /revival/loadout -> 200
#520 GET /revival/loadout -> 200
#521 GET /revival/loadout -> 200
#522 GET /revival/loadout -> 200
#523 GET /revival/loadout -> 200
#524 GET /mailbox/config/version -> 200
#525 GET /party/matchmaking/info -> 200
#526 GET /revival/loadout -> 200
#527 GET /revival/loadout -> 200
#528 GET /revival/loadout -> 200
#529 GET /revival/loadout -> 200

* 18:41:17.459  WS <- /lobby TEXT ""
#530 GET /revival/loadout -> 200
#531 GET /revival/loadout -> 200
#532 GET /revival/loadout -> 200
#533 GET /revival/loadout -> 200
#534 GET /revival/loadout -> 200
#535 GET /revival/loadout -> 200
#536 GET /revival/loadout -> 200
#537 GET /revival/loadout -> 200
#538 GET /revival/loadout -> 200
#539 GET /revival/loadout -> 200
#540 GET /revival/loadout -> 200
#541 GET /revival/loadout -> 200
#542 GET /revival/loadout -> 200
#543 GET /revival/loadout -> 200
#544 POST /party/parties/party-9b9d2c887e2524f918e383a895f2f1c2/members/9b9d2c887e2524f918e383a895f2f1c2/latencies -> 200
#545 GET /revival/loadout -> 200
#546 GET /revival/loadout -> 200
#547 GET /revival/loadout -> 200
#548 GET /revival/loadout -> 200
#549 GET /revival/loadout -> 200
#550 GET /revival/loadout -> 200
#551 GET /revival/loadout -> 200
#552 GET /revival/loadout -> 200
#553 GET /revival/loadout -> 200
#554 GET /revival/loadout -> 200
#555 GET /revival/loadout -> 200
#556 GET /revival/loadout -> 200
#557 GET /revival/loadout -> 200
#558 GET /revival/loadout -> 200
#559 GET /configuration/client -> 200
#560 GET /revival/loadout -> 200
#561 GET /content-service/manifest/release2.4.live-156430-shipping -> 200
#562 GET /revival/loadout -> 200
#563 GET /revival/loadout -> 200
#564 GET /revival/loadout -> 200
#565 GET /revival/loadout -> 200
#566 GET /revival/loadout -> 200
#567 GET /revival/loadout -> 200
#568 GET /revival/loadout -> 200
#569 GET /revival/loadout -> 200
#570 GET /revival/loadout -> 200
#571 GET /revival/loadout -> 200
#572 GET /revival/loadout -> 200
#573 GET /revival/loadout -> 200
#574 GET /revival/loadout -> 200
#575 GET /revival/loadout -> 200
#576 GET /revival/loadout -> 200
#577 GET /revival/loadout -> 200
#578 GET /revival/loadout -> 200
#579 GET /revival/loadout -> 200
#580 GET /revival/loadout -> 200
#581 GET /revival/loadout -> 200
#582 GET /revival/loadout -> 200
#583 GET /revival/loadout -> 200
#584 GET /revival/loadout -> 200
#585 GET /revival/loadout -> 200
#586 GET /revival/loadout -> 200
#587 GET /revival/loadout -> 200
#588 GET /revival/loadout -> 200
#589 GET /revival/loadout -> 200
#590 GET /revival/loadout -> 200
#591 GET /revival/loadout -> 200
#592 GET /revival/loadout -> 200
#593 GET /revival/loadout -> 200
#594 GET /party/players/9b9d2c887e2524f918e383a895f2f1c2/voice -> 200
#595 GET /revival/loadout -> 200
#596 GET /revival/loadout -> 200
#597 GET /revival/loadout -> 200
#598 GET /revival/loadout -> 200
#599 GET /revival/loadout -> 200
#600 GET /revival/loadout -> 200
#601 GET /revival/loadout -> 200
#602 GET /revival/loadout -> 200
#603 GET /revival/loadout -> 200
#604 GET /revival/loadout -> 200
#605 GET /revival/loadout -> 200
#606 GET /revival/loadout -> 200
#607 GET /revival/loadout -> 200
#608 GET /revival/loadout -> 200
#609 GET /revival/loadout -> 200
#610 GET /revival/loadout -> 200
#611 GET /revival/loadout -> 200
#612 GET /revival/loadout -> 200
#613 GET /revival/loadout -> 200
#614 GET /revival/loadout -> 200
#615 GET /revival/loadout -> 200
#616 GET /revival/loadout -> 200
#617 GET /revival/loadout -> 200
#618 GET /revival/loadout -> 200
#619 GET /revival/loadout -> 200
#620 GET /revival/loadout -> 200
#621 GET /revival/loadout -> 200
#622 GET /revival/loadout -> 200
#623 GET /revival/loadout -> 200
#624 GET /revival/loadout -> 200
#625 GET /revival/loadout -> 200
#626 GET /revival/loadout -> 200
#627 GET /revival/loadout -> 200
#628 GET /revival/loadout -> 200
#629 GET /revival/loadout -> 200
#630 GET /revival/loadout -> 200
#631 GET /revival/loadout -> 200
#632 GET /revival/loadout -> 200
#633 GET /revival/loadout -> 200
#634 GET /revival/loadout -> 200
#635 GET /revival/loadout -> 200
#636 GET /revival/loadout -> 200
#637 GET /revival/loadout -> 200

* 18:41:36.717  WS <- /notifications/players/9b9d2c887e2524f918e383a895f2f1c2 BINARY (2 bytes) 6862

* 18:41:36.741  WS -> /notifications/players/9b9d2c887e2524f918e383a895f2f1c2 TEXT hb reply {"Resource":"hb","Version":0,"Payload":""}
#638 GET /revival/loadout -> 200
#639 GET /revival/loadout -> 200
#640 GET /revival/loadout -> 200
#641 GET /revival/loadout -> 200
#642 GET /revival/loadout -> 200
#643 GET /revival/loadout -> 200
#644 GET /revival/loadout -> 200
#645 GET /revival/loadout -> 200
#646 GET /revival/loadout -> 200
#647 GET /revival/loadout -> 200
#648 GET /revival/loadout -> 200
#649 GET /revival/loadout -> 200
#650 GET /revival/loadout -> 200
#651 GET /revival/loadout -> 200
#652 GET /revival/loadout -> 200
#653 GET /revival/loadout -> 200
#654 GET /revival/loadout -> 200
#655 GET /revival/loadout -> 200
#656 GET /revival/loadout -> 200
#657 GET /revival/loadout -> 200
#658 GET /revival/loadout -> 200
#659 GET /revival/loadout -> 200
#660 GET /revival/loadout -> 200
#661 GET /revival/loadout -> 200
#662 GET /revival/loadout -> 200
#663 GET /revival/loadout -> 200
#664 GET /revival/loadout -> 200
#665 GET /revival/loadout -> 200
#666 GET /revival/loadout -> 200
#667 GET /revival/loadout -> 200
#668 GET /revival/loadout -> 200
#669 GET /revival/loadout -> 200
#670 GET /revival/loadout -> 200
#671 GET /revival/loadout -> 200
#672 GET /revival/loadout -> 200
#673 GET /revival/loadout -> 200
#674 GET /revival/loadout -> 200
#675 GET /revival/loadout -> 200
#676 GET /revival/loadout -> 200
#677 GET /revival/loadout -> 200
#678 GET /revival/loadout -> 200
#679 GET /revival/loadout -> 200
#680 GET /revival/loadout -> 200
#681 GET /revival/loadout -> 200
#682 GET /revival/loadout -> 200
#683 GET /revival/loadout -> 200
#684 GET /revival/loadout -> 200
#685 GET /revival/loadout -> 200
#686 GET /revival/loadout -> 200
#687 GET /revival/loadout -> 200
#688 GET /revival/loadout -> 200
#689 GET /revival/loadout -> 200
#690 GET /revival/loadout -> 200
#691 GET /revival/loadout -> 200
#692 GET /revival/loadout -> 200
#693 GET /core-game/regions -> 200
#694 GET /party/matchmaking/info -> 200
#695 GET /revival/loadout -> 200
#696 GET /revival/loadout -> 200
#697 GET /revival/loadout -> 200
#698 GET /revival/loadout -> 200

* 18:41:47.444  WS <- /lobby TEXT ""
#699 GET /revival/loadout -> 200
#700 GET /revival/loadout -> 200
#701 GET /revival/loadout -> 200
#702 GET /revival/loadout -> 200
#703 GET /revival/loadout -> 200
#704 GET /revival/loadout -> 200
#705 GET /revival/loadout -> 200
#706 GET /revival/loadout -> 200
#707 GET /revival/loadout -> 200
#708 GET /revival/loadout -> 200
#709 GET /revival/loadout -> 200
#710 GET /revival/loadout -> 200
#711 GET /revival/loadout -> 200
#712 GET /revival/loadout -> 200
#713 GET /revival/loadout -> 200
#714 POST /party/parties/party-9b9d2c887e2524f918e383a895f2f1c2/members/9b9d2c887e2524f918e383a895f2f1c2/latencies -> 200
#715 GET /revival/loadout -> 200
#716 GET /revival/loadout -> 200
#717 GET /revival/loadout -> 200
#718 GET /revival/loadout -> 200
#719 GET /revival/loadout -> 200
#720 GET /revival/loadout -> 200
#721 GET /revival/loadout -> 200
#722 GET /revival/loadout -> 200
#723 GET /revival/loadout -> 200
#724 GET /revival/loadout -> 200
#725 GET /revival/loadout -> 200
#726 GET /revival/loadout -> 200
#727 GET /revival/loadout -> 200
#728 GET /configuration/client -> 200
#729 GET /revival/loadout -> 200
#730 GET /revival/loadout -> 200
#731 GET /content-service/manifest/release2.4.live-156430-shipping -> 200
#732 GET /revival/loadout -> 200
#733 GET /revival/loadout -> 200
#734 GET /revival/loadout -> 200
#735 GET /revival/loadout -> 200
#736 GET /revival/loadout -> 200
#737 GET /revival/loadout -> 200
#738 GET /revival/loadout -> 200
#739 GET /revival/loadout -> 200
#740 GET /revival/loadout -> 200
#741 GET /revival/loadout -> 200
#742 GET /revival/loadout -> 200
#743 GET /revival/loadout -> 200
#744 GET /revival/loadout -> 200
#745 GET /revival/loadout -> 200
#746 GET /revival/loadout -> 200
#747 GET /revival/loadout -> 200
#748 GET /revival/loadout -> 200
#749 GET /revival/loadout -> 200
#750 GET /revival/loadout -> 200
#751 GET /revival/loadout -> 200
#752 GET /revival/loadout -> 200
#753 GET /revival/loadout -> 200
#754 GET /revival/loadout -> 200
#755 GET /revival/loadout -> 200
#756 GET /revival/loadout -> 200
#757 GET /revival/loadout -> 200
#758 GET /revival/loadout -> 200
#759 GET /revival/loadout -> 200
#760 GET /revival/loadout -> 200
#761 GET /revival/loadout -> 200
#762 GET /revival/loadout -> 200
#763 GET /revival/loadout -> 200
#764 GET /revival/loadout -> 200
#765 GET /revival/loadout -> 200
#766 GET /party/players/9b9d2c887e2524f918e383a895f2f1c2/voice -> 200
#767 GET /revival/loadout -> 200
#768 GET /revival/loadout -> 200
#769 GET /revival/loadout -> 200
#770 GET /revival/loadout -> 200
#771 GET /revival/loadout -> 200
#772 GET /revival/loadout -> 200
#773 GET /revival/loadout -> 200
#774 GET /revival/loadout -> 200
#775 GET /revival/loadout -> 200
#776 GET /revival/loadout -> 200
#777 GET /revival/loadout -> 200
#778 GET /revival/loadout -> 200
#779 GET /revival/loadout -> 200
#780 GET /revival/loadout -> 200
#781 GET /revival/loadout -> 200
#782 GET /revival/loadout -> 200
#783 GET /revival/loadout -> 200
#784 GET /revival/loadout -> 200
#785 GET /revival/loadout -> 200
#786 GET /revival/loadout -> 200
#787 GET /revival/loadout -> 200
#788 GET /revival/loadout -> 200
#789 GET /revival/loadout -> 200
#790 GET /revival/loadout -> 200
#791 GET /revival/loadout -> 200
#792 GET /revival/loadout -> 200
#793 POST /game-telemetry/v1/protected/events -> 200
#794 GET /revival/loadout -> 200
#795 GET /revival/loadout -> 200
#796 GET /revival/loadout -> 200
#797 GET /revival/loadout -> 200
#798 GET /revival/loadout -> 200
#799 GET /revival/loadout -> 200
#800 GET /revival/loadout -> 200
#801 GET /revival/loadout -> 200
#802 GET /revival/loadout -> 200
#803 GET /revival/loadout -> 200
#804 GET /revival/loadout -> 200
#805 GET /revival/loadout -> 200
#806 GET /revival/loadout -> 200
#807 GET /revival/loadout -> 200
#808 GET /revival/loadout -> 200
#809 GET /revival/loadout -> 200

* 18:42:06.800  WS -> /notifications/players/9b9d2c887e2524f918e383a895f2f1c2 BINARY hb (proactive 30s keepalive)
#810 GET /revival/loadout -> 200
#811 GET /revival/loadout -> 200
#812 GET /revival/loadout -> 200
#813 GET /revival/loadout -> 200
#814 GET /revival/loadout -> 200
#815 GET /revival/loadout -> 200
#816 GET /revival/loadout -> 200
#817 GET /revival/loadout -> 200
#818 GET /revival/loadout -> 200
#819 GET /revival/loadout -> 200
#820 GET /revival/loadout -> 200
#821 GET /revival/loadout -> 200
#822 GET /revival/loadout -> 200
#823 GET /revival/loadout -> 200
#824 GET /revival/loadout -> 200
#825 GET /revival/loadout -> 200
#826 GET /revival/loadout -> 200
#827 GET /revival/loadout -> 200
#828 GET /revival/loadout -> 200
#829 GET /revival/loadout -> 200
#830 GET /revival/loadout -> 200
#831 GET /revival/loadout -> 200
#832 GET /revival/loadout -> 200
#833 GET /revival/loadout -> 200
#834 GET /revival/loadout -> 200
#835 GET /revival/loadout -> 200
#836 GET /revival/loadout -> 200
#837 GET /revival/loadout -> 200
#838 GET /revival/loadout -> 200
#839 GET /revival/loadout -> 200
#840 GET /revival/loadout -> 200
#841 GET /revival/loadout -> 200
#842 GET /revival/loadout -> 200
#843 GET /revival/loadout -> 200
#844 GET /revival/loadout -> 200
#845 GET /revival/loadout -> 200
#846 GET /revival/loadout -> 200
#847 GET /revival/loadout -> 200
#848 GET /revival/loadout -> 200
#849 GET /revival/loadout -> 200
#850 GET /revival/loadout -> 200
#851 GET /revival/loadout -> 200
#852 GET /revival/loadout -> 200
#853 GET /revival/loadout -> 200
#854 GET /revival/loadout -> 200
#855 GET /revival/loadout -> 200
#856 GET /revival/loadout -> 200
#857 GET /revival/loadout -> 200
#858 GET /revival/loadout -> 200
#859 GET /revival/loadout -> 200
#860 GET /revival/loadout -> 200
#861 GET /revival/loadout -> 200
#862 GET /revival/loadout -> 200
#863 GET /revival/loadout -> 200
#864 GET /revival/loadout -> 200
#865 GET /party/matchmaking/info -> 200
#866 GET /revival/loadout -> 200
#867 GET /revival/loadout -> 200
#868 GET /revival/loadout -> 200
#869 GET /revival/loadout -> 200

* 18:42:17.460  WS <- /lobby TEXT ""
#870 GET /revival/loadout -> 200
#871 GET /revival/loadout -> 200
#872 GET /revival/loadout -> 200
#873 GET /revival/loadout -> 200
#874 GET /revival/loadout -> 200
#875 GET /revival/loadout -> 200
#876 GET /revival/loadout -> 200
#877 GET /revival/loadout -> 200
#878 GET /revival/loadout -> 200
#879 GET /revival/loadout -> 200
#880 GET /revival/loadout -> 200
#881 GET /revival/loadout -> 200
#882 GET /revival/loadout -> 200
#883 GET /revival/loadout -> 200
#884 GET /revival/loadout -> 200
#885 POST /party/parties/party-9b9d2c887e2524f918e383a895f2f1c2/members/9b9d2c887e2524f918e383a895f2f1c2/latencies -> 200
#886 GET /revival/loadout -> 200
#887 GET /revival/loadout -> 200
#888 GET /revival/loadout -> 200
#889 GET /revival/loadout -> 200
#890 GET /revival/loadout -> 200
#891 GET /revival/loadout -> 200
#892 GET /revival/loadout -> 200
#893 GET /revival/loadout -> 200
#894 GET /revival/loadout -> 200
#895 GET /revival/loadout -> 200
#896 GET /revival/loadout -> 200
#897 GET /revival/loadout -> 200
#898 GET /configuration/client -> 200
#899 GET /revival/loadout -> 200
#900 GET /revival/loadout -> 200
#901 GET /content-service/manifest/release2.4.live-156430-shipping -> 200
#902 GET /revival/loadout -> 200
#903 GET /revival/loadout -> 200
#904 GET /revival/loadout -> 200
#905 GET /revival/loadout -> 200
#906 GET /revival/loadout -> 200
#907 GET /revival/loadout -> 200
#908 GET /revival/loadout -> 200
#909 GET /revival/loadout -> 200
#910 GET /revival/loadout -> 200
#911 GET /revival/loadout -> 200
#912 GET /revival/loadout -> 200
#913 GET /revival/loadout -> 200
#914 GET /revival/loadout -> 200
#915 GET /revival/loadout -> 200
#916 GET /revival/loadout -> 200
#917 GET /revival/loadout -> 200
#918 GET /revival/loadout -> 200
#919 GET /revival/loadout -> 200
#920 GET /revival/loadout -> 200
#921 GET /revival/loadout -> 200
#922 GET /revival/loadout -> 200
#923 GET /revival/loadout -> 200
#924 GET /revival/loadout -> 200
#925 GET /revival/loadout -> 200
#926 GET /revival/loadout -> 200
#927 GET /revival/loadout -> 200
#928 GET /revival/loadout -> 200
#929 GET /revival/loadout -> 200
#930 GET /revival/loadout -> 200
#931 GET /revival/loadout -> 200
#932 GET /revival/loadout -> 200
#933 GET /revival/loadout -> 200
#934 GET /revival/loadout -> 200
#935 GET /revival/loadout -> 200
#936 GET /revival/loadout -> 200
#937 GET /revival/loadout -> 200
#938 GET /party/players/9b9d2c887e2524f918e383a895f2f1c2/voice -> 200
#939 GET /revival/loadout -> 200
#940 GET /revival/loadout -> 200
#941 GET /revival/loadout -> 200
#942 GET /revival/loadout -> 200
#943 GET /revival/loadout -> 200
#944 GET /revival/loadout -> 200
#945 GET /revival/loadout -> 200
#946 GET /revival/loadout -> 200
#947 GET /revival/loadout -> 200
#948 GET /revival/loadout -> 200
#949 GET /revival/loadout -> 200
#950 GET /revival/loadout -> 200

* 18:42:31.738  WS <- /notifications/players/9b9d2c887e2524f918e383a895f2f1c2 BINARY (2 bytes) 6862

* 18:42:31.761  WS -> /notifications/players/9b9d2c887e2524f918e383a895f2f1c2 TEXT hb reply {"Resource":"hb","Version":0,"Payload":""}
#951 GET /revival/loadout -> 200
#952 GET /revival/loadout -> 200
#953 GET /revival/loadout -> 200
#954 GET /revival/loadout -> 200
#955 GET /revival/loadout -> 200
#956 GET /revival/loadout -> 200
#957 GET /revival/loadout -> 200
#958 GET /revival/loadout -> 200
#959 GET /revival/loadout -> 200
#960 GET /revival/loadout -> 200
#961 GET /revival/loadout -> 200
#962 GET /revival/loadout -> 200
#963 GET /revival/loadout -> 200
#964 GET /revival/loadout -> 200
#965 GET /revival/loadout -> 200
#966 GET /revival/loadout -> 200
#967 GET /revival/loadout -> 200

* 18:42:34.836  WS DROP /notifications/players/9b9d2c887e2524f918e383a895f2f1c2 (ws1) requested by admin (push-console positive control)

* 18:42:34.869  WS read end /notifications/players/9b9d2c887e2524f918e383a895f2f1c2: read tcp [::1]:8080->[::1]:62913: use of closed network connection
#968 GET /revival/loadout -> 200

* 18:42:34.906  WS DROP /lobby (ws2) requested by admin (push-console positive control)

* 18:42:34.935  WS closed /notifications/players/9b9d2c887e2524f918e383a895f2f1c2

* 18:42:35.019  WS read end /lobby: read tcp 127.0.0.1:443->127.0.0.1:62912: use of closed network connection
#969 GET /notifications/players/9b9d2c887e2524f918e383a895f2f1c2 -> 101

* 18:42:35.063  WS closed /lobby
#970 GET /lobby -> 101
#971 GET /revival/loadout -> 200
#972 GET /revival/loadout -> 200
#973 GET /revival/loadout -> 200
#974 GET /revival/loadout -> 200
#975 GET /revival/loadout -> 200

* 18:42:36.009  WS connected /lobby (subproto="wss") envelope=["LbS".."LbE"]
#976 GET /revival/loadout -> 200
#977 GET /revival/loadout -> 200

* 18:42:36.254  WS connected /notifications/players/9b9d2c887e2524f918e383a895f2f1c2 (subproto="wss") envelope=[""..""]
#978 GET /referral/player/9b9d2c887e2524f918e383a895f2f1c2 -> 200
#980 GET /progression/players/9b9d2c887e2524f918e383a895f2f1c2/tracks -> 200
#982 GET /storefront/heroes -> 200
#983 GET /core-game/players/9b9d2c887e2524f918e383a895f2f1c2 -> 200
#985 GET /core-game/regions -> 200
#987 GET /party/players/9b9d2c887e2524f918e383a895f2f1c2 -> 200
#981 GET /inventory/free -> 200
#979 GET /progression/players/9b9d2c887e2524f918e383a895f2f1c2 -> 200
#984 GET /mmr/player-ratings/9b9d2c887e2524f918e383a895f2f1c2/rank -> 200
#986 GET /party/matchmaking/customGameModes -> 200

* 18:42:36.477  WS <- /lobby TEXT "type: listIncomingFriendsRequest\nid: friends-4875"
#988 GET /party/matchmaking/info -> 200
#989 GET /party/parties/party-9b9d2c887e2524f918e383a895f2f1c2 -> 200
#990 GET /inventory/players/9b9d2c887e2524f918e383a895f2f1c2 -> 200
#991 GET /match-history/players/9b9d2c887e2524f918e383a895f2f1c2 -> 200
#992 GET /referral/player/9b9d2c887e2524f918e383a895f2f1c2/points -> 200
#993 GET /mailbox/config/version -> 200
#994 GET /revival/loadout -> 200

* 18:42:36.751  WS -> /lobby TEXT "type: listIncomingFriendsResponse\nid: friends-4875\ncode: 0\nfriendsId: []"

* 18:42:37.043  WS <- /lobby TEXT "type: listOutgoingFriendsRequest\nid: friends-1718"

* 18:42:37.088  WS -> /lobby TEXT "type: listOutgoingFriendsResponse\nid: friends-1718\ncode: 0\nfriendsId: []"

* 18:42:37.121  WS <- /lobby TEXT "type: listOfFriendsRequest\nid: friends-3918"

* 18:42:37.155  WS -> /lobby TEXT "type: listOfFriendsResponse\nid: friends-3918\ncode: 0\nfriendsId: []"

* 18:42:37.188  WS <- /lobby TEXT "type: setUserStatusRequest\nid: presence-6400\navailability: online\nactivity: eyJhIjoiTWVudXMiLCJjViI6InJlbGVhc2UyLjQubGl2ZS0xNTY0MzAtc2hpcHBpbmciLCJwSWQiOiJwYXJ0eS05YjlkMmM4ODdlMjUyNGY5MThlMzgzYTg5NWYyZjFjMiIsInBRcyI6WyJ0dXRvcmlhbE5ldyJdLCJwTyI6MCwicFMiOjEsIm1QUyI6MywicmsiOjAsInJrUCI6MCwiciI6W10sImF2SWQiOiJTbG90Q29zbWV0aWNzOkFWQVRBUl9BYm92ZUl0QWxsIiwidCI6W10sImRzSWQiOiIifQ==\n"
#995 GET /revival/loadout -> 200

* 18:42:37.259  WS -> /lobby TEXT "type: setUserStatusResponse\nid: presence-6400\ncode: 0"
#996 GET /revival/loadout -> 200

* 18:42:37.485  WS <- /lobby TEXT "type: friendsStatusRequest\nid: presence-5399"
#997 GET /revival/loadout -> 200
#998 GET /revival/loadout -> 200
#999 GET /revival/loadout -> 200
#1000 GET /revival/loadout -> 200
#1001 GET /revival/loadout -> 200
#1002 GET /revival/loadout -> 200
#1003 GET /revival/loadout -> 200
#1004 GET /revival/loadout -> 200
#1005 GET /revival/loadout -> 200
#1006 GET /revival/loadout -> 200
#1007 GET /revival/loadout -> 200
#1008 GET /revival/loadout -> 200
#1009 GET /revival/loadout -> 200
#1010 GET /revival/loadout -> 200
#1011 GET /revival/loadout -> 200
#1012 GET /revival/loadout -> 200
#1013 GET /revival/loadout -> 200
#1014 GET /revival/loadout -> 200
#1015 GET /revival/loadout -> 200
#1016 GET /revival/loadout -> 200
#1017 GET /revival/loadout -> 200
#1018 GET /revival/loadout -> 200
#1019 GET /revival/loadout -> 200
#1020 GET /storefront/wallet/9b9d2c887e2524f918e383a895f2f1c2 -> 200
#1021 GET /storefront/real/offers/9b9d2c887e2524f918e383a895f2f1c2 -> 200
#1022 GET /revival/loadout -> 200
#1023 GET /revival/loadout -> 200
#1024 GET /revival/loadout -> 200
#1025 GET /revival/loadout -> 200
#1026 GET /revival/loadout -> 200
#1027 GET /revival/loadout -> 200
#1028 GET /revival/loadout -> 200
#1029 GET /revival/loadout -> 200
#1030 GET /revival/loadout -> 200
#1031 GET /revival/loadout -> 200
#1032 GET /revival/loadout -> 200
#1033 GET /revival/loadout -> 200
#1034 GET /revival/loadout -> 200
#1035 GET /revival/loadout -> 200
#1036 GET /revival/loadout -> 200
#1037 GET /revival/loadout -> 200
#1038 GET /revival/loadout -> 200
#1039 GET /revival/loadout -> 200
#1040 GET /revival/loadout -> 200
#1041 GET /revival/loadout -> 200
#1042 GET /revival/loadout -> 200
#1043 GET /revival/loadout -> 200
#1044 GET /revival/loadout -> 200
#1045 GET /revival/loadout -> 200
#1046 GET /revival/loadout -> 200
#1047 GET /revival/loadout -> 200
#1048 GET /revival/loadout -> 200
#1049 GET /revival/loadout -> 200
#1050 GET /revival/loadout -> 200
#1051 GET /revival/loadout -> 200
#1052 GET /revival/loadout -> 200
#1053 GET /revival/loadout -> 200
#1054 GET /revival/loadout -> 200
#1055 GET /revival/loadout -> 200
#1056 GET /revival/loadout -> 200
#1057 GET /revival/loadout -> 200
#1058 GET /revival/loadout -> 200
#1059 GET /revival/loadout -> 200
#1060 GET /revival/loadout -> 200
#1061 GET /revival/loadout -> 200
#1062 GET /revival/loadout -> 200
#1063 GET /revival/loadout -> 200
#1064 GET /revival/loadout -> 200
#1065 GET /revival/loadout -> 200
#1066 GET /revival/loadout -> 200
#1067 GET /revival/loadout -> 200
#1068 GET /revival/loadout -> 200
#1069 GET /revival/loadout -> 200
#1070 GET /revival/loadout -> 200
#1071 POST /party/parties/party-9b9d2c887e2524f918e383a895f2f1c2/members/9b9d2c887e2524f918e383a895f2f1c2/latencies -> 200
#1072 GET /revival/loadout -> 200
#1073 GET /revival/loadout -> 200
#1074 GET /revival/loadout -> 200
#1075 GET /revival/loadout -> 200
#1076 GET /revival/loadout -> 200
#1077 GET /revival/loadout -> 200
#1078 GET /revival/loadout -> 200
#1079 GET /revival/loadout -> 200
#1080 GET /revival/loadout -> 200
#1081 GET /revival/loadout -> 200
#1082 GET /revival/loadout -> 200
#1083 GET /configuration/client -> 200
#1084 GET /revival/loadout -> 200
#1085 GET /revival/loadout -> 200
#1086 GET /content-service/manifest/release2.4.live-156430-shipping -> 200
#1087 GET /revival/loadout -> 200
#1088 GET /revival/loadout -> 200
#1089 GET /revival/loadout -> 200
#1090 GET /revival/loadout -> 200
#1091 GET /revival/loadout -> 200
#1092 GET /revival/loadout -> 200
#1093 GET /revival/loadout -> 200
#1094 GET /revival/loadout -> 200
#1095 GET /revival/loadout -> 200
#1096 GET /revival/loadout -> 200
#1097 GET /revival/loadout -> 200
#1098 GET /revival/loadout -> 200
#1099 GET /revival/loadout -> 200
#1100 GET /revival/loadout -> 200
#1101 GET /revival/loadout -> 200
#1102 GET /revival/loadout -> 200
#1103 GET /revival/loadout -> 200
#1104 GET /revival/loadout -> 200
#1105 GET /revival/loadout -> 200
#1106 GET /revival/loadout -> 200
#1107 GET /revival/loadout -> 200
#1108 GET /revival/loadout -> 200
#1109 GET /revival/loadout -> 200
#1110 GET /revival/loadout -> 200
#1111 GET /revival/loadout -> 200
#1112 GET /revival/loadout -> 200
#1113 GET /revival/loadout -> 200
#1114 GET /revival/loadout -> 200
#1115 GET /revival/loadout -> 200
#1116 GET /revival/loadout -> 200
#1117 GET /revival/loadout -> 200
#1118 GET /revival/loadout -> 200
#1119 GET /revival/loadout -> 200
#1120 GET /revival/loadout -> 200
#1121 GET /revival/loadout -> 200
#1122 GET /revival/loadout -> 200
#1123 GET /revival/loadout -> 200
#1124 GET /revival/loadout -> 200
#1125 GET /revival/loadout -> 200
#1126 GET /party/players/9b9d2c887e2524f918e383a895f2f1c2/voice -> 200
#1127 GET /revival/loadout -> 200
#1128 GET /revival/loadout -> 200
#1129 GET /revival/loadout -> 200
#1130 GET /revival/loadout -> 200
#1131 GET /revival/loadout -> 200
#1132 GET /revival/loadout -> 200
#1133 GET /revival/loadout -> 200
#1134 GET /revival/loadout -> 200
#1135 GET /revival/loadout -> 200
#1136 GET /revival/loadout -> 200
#1137 GET /revival/loadout -> 200
#1138 GET /revival/loadout -> 200
#1139 GET /revival/loadout -> 200
#1140 GET /revival/loadout -> 200
#1141 GET /revival/loadout -> 200
#1142 GET /revival/loadout -> 200
#1143 GET /revival/loadout -> 200
#1144 GET /revival/loadout -> 200
#1145 GET /revival/loadout -> 200
#1146 GET /revival/loadout -> 200
#1147 GET /revival/loadout -> 200
#1148 POST /game-telemetry/v1/protected/events -> 200
#1149 GET /revival/loadout -> 200
#1150 GET /revival/loadout -> 200
#1151 GET /revival/loadout -> 200
#1152 GET /revival/loadout -> 200
#1153 GET /revival/loadout -> 200
#1154 GET /revival/loadout -> 200
#1155 GET /revival/loadout -> 200
#1156 GET /revival/loadout -> 200
#1157 GET /revival/loadout -> 200
#1158 GET /revival/loadout -> 200
#1159 GET /revival/loadout -> 200
#1160 GET /revival/loadout -> 200
#1161 GET /revival/loadout -> 200
#1162 GET /party/matchmaking/info -> 200

* 18:43:06.302  WS -> /notifications/players/9b9d2c887e2524f918e383a895f2f1c2 BINARY hb (proactive 30s keepalive)
#1163 GET /revival/loadout -> 200

* 18:43:06.489  WS <- /lobby TEXT ""
#1164 GET /revival/loadout -> 200
#1165 GET /revival/loadout -> 200
#1166 GET /revival/loadout -> 200
#1167 GET /revival/loadout -> 200
#1168 GET /revival/loadout -> 200
#1169 GET /revival/loadout -> 200
#1170 GET /revival/loadout -> 200
#1171 GET /revival/loadout -> 200
#1172 GET /revival/loadout -> 200
#1173 GET /revival/loadout -> 200
#1174 GET /revival/loadout -> 200
#1175 GET /revival/loadout -> 200
#1176 GET /revival/loadout -> 200
#1177 GET /revival/loadout -> 200
#1178 GET /revival/loadout -> 200
#1179 GET /revival/loadout -> 200
#1180 GET /revival/loadout -> 200
#1181 GET /revival/loadout -> 200
#1182 GET /revival/loadout -> 200
#1183 GET /revival/loadout -> 200
#1184 GET /revival/loadout -> 200
#1185 GET /revival/loadout -> 200
#1186 GET /revival/loadout -> 200
#1187 GET /revival/loadout -> 200
#1188 GET /revival/loadout -> 200
#1189 GET /revival/loadout -> 200
#1190 GET /revival/loadout -> 200
#1191 GET /revival/loadout -> 200
#1192 GET /revival/loadout -> 200
#1193 GET /revival/loadout -> 200
#1194 GET /revival/loadout -> 200
#1195 GET /revival/loadout -> 200
#1196 GET /revival/loadout -> 200
#1197 GET /revival/loadout -> 200
#1198 GET /revival/loadout -> 200
#1199 GET /revival/loadout -> 200
#1200 GET /revival/loadout -> 200
#1201 GET /revival/loadout -> 200
#1202 GET /revival/loadout -> 200
#1203 GET /revival/loadout -> 200
#1204 GET /revival/loadout -> 200
#1205 GET /revival/loadout -> 200
#1206 GET /revival/loadout -> 200
#1207 GET /revival/loadout -> 200
#1208 GET /revival/loadout -> 200
#1209 GET /revival/loadout -> 200
#1210 GET /revival/loadout -> 200
#1211 GET /revival/loadout -> 200
#1212 GET /revival/loadout -> 200
#1213 GET /revival/loadout -> 200
#1214 GET /revival/loadout -> 200
#1215 GET /revival/loadout -> 200
#1216 GET /revival/loadout -> 200
#1217 GET /revival/loadout -> 200
#1218 GET /revival/loadout -> 200
#1219 GET /revival/loadout -> 200
#1220 GET /revival/loadout -> 200
#1221 GET /revival/loadout -> 200
#1222 GET /revival/loadout -> 200
#1223 GET /revival/loadout -> 200
#1224 GET /revival/loadout -> 200
#1225 GET /revival/loadout -> 200
#1226 GET /revival/loadout -> 200
#1227 GET /revival/loadout -> 200
#1228 GET /revival/loadout -> 200
#1229 GET /revival/loadout -> 200
#1230 GET /revival/loadout -> 200
#1231 GET /revival/loadout -> 200
#1232 GET /revival/loadout -> 200
#1233 GET /revival/loadout -> 200
#1234 GET /revival/loadout -> 200
#1235 GET /revival/loadout -> 200
#1236 GET /revival/loadout -> 200
#1237 GET /revival/loadout -> 200
#1238 GET /revival/loadout -> 200
#1239 GET /revival/loadout -> 200
#1240 GET /revival/loadout -> 200
#1241 GET /revival/loadout -> 200
#1242 POST /party/parties/party-9b9d2c887e2524f918e383a895f2f1c2/members/9b9d2c887e2524f918e383a895f2f1c2/latencies -> 200
#1243 GET /revival/loadout -> 200
#1244 GET /revival/loadout -> 200
#1245 GET /revival/loadout -> 200
#1246 GET /revival/loadout -> 200
#1247 GET /revival/loadout -> 200
#1248 GET /revival/loadout -> 200
#1249 GET /revival/loadout -> 200
#1250 GET /revival/loadout -> 200
#1251 GET /revival/loadout -> 200
#1252 GET /revival/loadout -> 200
#1253 GET /revival/loadout -> 200
#1254 GET /configuration/client -> 200
#1255 GET /revival/loadout -> 200
#1256 GET /content-service/manifest/release2.4.live-156430-shipping -> 200
#1257 GET /revival/loadout -> 200
#1258 GET /revival/loadout -> 200
#1259 GET /revival/loadout -> 200
#1260 GET /revival/loadout -> 200
#1261 GET /revival/loadout -> 200
#1262 GET /revival/loadout -> 200
#1263 GET /revival/loadout -> 200
#1264 GET /revival/loadout -> 200
#1265 GET /revival/loadout -> 200
#1266 GET /revival/loadout -> 200
#1267 GET /revival/loadout -> 200
#1268 GET /revival/loadout -> 200
#1269 GET /revival/loadout -> 200
#1270 GET /revival/loadout -> 200
#1271 GET /revival/loadout -> 200
#1272 GET /revival/loadout -> 200
#1273 GET /revival/loadout -> 200
#1274 GET /revival/loadout -> 200
#1275 GET /revival/loadout -> 200
#1276 GET /revival/loadout -> 200
#1277 GET /revival/loadout -> 200
#1278 GET /revival/loadout -> 200
#1279 GET /revival/loadout -> 200
#1280 GET /revival/loadout -> 200
#1281 GET /revival/loadout -> 200
#1282 GET /revival/loadout -> 200
#1283 GET /revival/loadout -> 200
#1284 GET /revival/loadout -> 200
#1285 GET /revival/loadout -> 200
#1286 GET /revival/loadout -> 200
#1287 GET /revival/loadout -> 200
#1288 GET /revival/loadout -> 200
#1289 GET /revival/loadout -> 200
#1290 GET /revival/loadout -> 200
#1291 GET /revival/loadout -> 200
#1292 GET /revival/loadout -> 200
#1293 GET /revival/loadout -> 200
#1294 GET /revival/loadout -> 200
#1295 GET /revival/loadout -> 200
#1296 GET /revival/loadout -> 200
#1297 GET /revival/loadout -> 200
#1298 GET /party/players/9b9d2c887e2524f918e383a895f2f1c2/voice -> 200
#1299 GET /revival/loadout -> 200
#1300 GET /revival/loadout -> 200
#1301 GET /revival/loadout -> 200
#1302 GET /revival/loadout -> 200
#1303 GET /revival/loadout -> 200

* 18:43:31.299  WS <- /notifications/players/9b9d2c887e2524f918e383a895f2f1c2 BINARY (2 bytes) 6862
#1304 GET /revival/loadout -> 200

* 18:43:31.331  WS -> /notifications/players/9b9d2c887e2524f918e383a895f2f1c2 TEXT hb reply {"Resource":"hb","Version":0,"Payload":""}
#1305 GET /revival/loadout -> 200
#1306 GET /revival/loadout -> 200
#1307 GET /revival/loadout -> 200
#1308 GET /revival/loadout -> 200
#1309 GET /revival/loadout -> 200
#1310 GET /revival/loadout -> 200
#1311 GET /revival/loadout -> 200
#1312 GET /revival/loadout -> 200
#1313 GET /revival/loadout -> 200
#1314 GET /revival/loadout -> 200
#1315 GET /revival/loadout -> 200
#1316 GET /revival/loadout -> 200
#1317 GET /revival/loadout -> 200
#1318 GET /revival/loadout -> 200
#1319 GET /revival/loadout -> 200
#1320 GET /revival/loadout -> 200
#1321 GET /revival/loadout -> 200
#1322 GET /revival/loadout -> 200
#1323 GET /revival/loadout -> 200
#1324 GET /revival/loadout -> 200
#1325 GET /revival/loadout -> 200
#1326 GET /revival/loadout -> 200
#1327 GET /revival/loadout -> 200
#1328 GET /revival/loadout -> 200
#1329 GET /revival/loadout -> 200
#1330 GET /revival/loadout -> 200
#1331 GET /revival/loadout -> 200
#1333 GET /core-game/regions -> 200
#1332 GET /party/matchmaking/info -> 200

* 18:43:36.486  WS <- /lobby TEXT ""
#1334 GET /revival/loadout -> 200
#1335 GET /revival/loadout -> 200
#1336 GET /revival/loadout -> 200
#1337 GET /revival/loadout -> 200
#1338 GET /revival/loadout -> 200
#1339 GET /revival/loadout -> 200
#1340 GET /revival/loadout -> 200
#1341 GET /revival/loadout -> 200
#1342 GET /revival/loadout -> 200
#1343 GET /revival/loadout -> 200
#1344 GET /revival/loadout -> 200
#1345 GET /revival/loadout -> 200
#1346 GET /revival/loadout -> 200
#1347 GET /revival/loadout -> 200
#1348 GET /revival/loadout -> 200
#1349 GET /revival/loadout -> 200
#1350 GET /revival/loadout -> 200
#1351 GET /revival/loadout -> 200
#1352 GET /revival/loadout -> 200
#1353 GET /revival/loadout -> 200
#1354 GET /revival/loadout -> 200
#1355 GET /revival/loadout -> 200
#1356 GET /revival/loadout -> 200
#1357 GET /revival/loadout -> 200
#1358 GET /revival/loadout -> 200
#1359 GET /revival/loadout -> 200
#1360 GET /revival/loadout -> 200
#1361 GET /revival/loadout -> 200
#1362 GET /revival/loadout -> 200
#1363 GET /revival/loadout -> 200
#1364 GET /revival/loadout -> 200
#1365 GET /revival/loadout -> 200
#1366 GET /revival/loadout -> 200
#1367 GET /revival/loadout -> 200
#1368 GET /revival/loadout -> 200
#1369 GET /revival/loadout -> 200
#1370 GET /revival/loadout -> 200
#1371 GET /revival/loadout -> 200
#1372 GET /revival/loadout -> 200
#1373 GET /revival/loadout -> 200
#1374 GET /revival/loadout -> 200
#1375 GET /revival/loadout -> 200
#1376 GET /revival/loadout -> 200
#1377 GET /revival/loadout -> 200
#1378 GET /revival/loadout -> 200
#1379 GET /revival/loadout -> 200
#1380 GET /revival/loadout -> 200
#1381 GET /revival/loadout -> 200
#1382 GET /revival/loadout -> 200
#1383 GET /revival/loadout -> 200
#1384 GET /revival/loadout -> 200
#1385 GET /revival/loadout -> 200
#1386 GET /revival/loadout -> 200
#1387 GET /revival/loadout -> 200
#1388 GET /revival/loadout -> 200
#1389 GET /revival/loadout -> 200
#1390 GET /revival/loadout -> 200
#1391 GET /revival/loadout -> 200
#1392 GET /revival/loadout -> 200
#1393 GET /revival/loadout -> 200
#1394 GET /revival/loadout -> 200
#1395 GET /revival/loadout -> 200
#1396 GET /revival/loadout -> 200
#1397 GET /revival/loadout -> 200
#1398 GET /revival/loadout -> 200
#1399 GET /revival/loadout -> 200
#1400 GET /revival/loadout -> 200
#1401 GET /revival/loadout -> 200
#1402 GET /revival/loadout -> 200
#1403 GET /revival/loadout -> 200
#1404 GET /revival/loadout -> 200
#1405 GET /revival/loadout -> 200
#1406 GET /revival/loadout -> 200
#1407 GET /revival/loadout -> 200
#1408 GET /revival/loadout -> 200
#1409 GET /revival/loadout -> 200
#1410 GET /revival/loadout -> 200
#1411 GET /revival/loadout -> 200
#1412 GET /revival/loadout -> 200
#1413 POST /party/parties/party-9b9d2c887e2524f918e383a895f2f1c2/members/9b9d2c887e2524f918e383a895f2f1c2/latencies -> 200
#1414 GET /revival/loadout -> 200
#1415 GET /revival/loadout -> 200
#1416 GET /revival/loadout -> 200
#1417 GET /revival/loadout -> 200
#1418 GET /revival/loadout -> 200
#1419 GET /revival/loadout -> 200
#1420 GET /revival/loadout -> 200
#1421 GET /revival/loadout -> 200
#1422 GET /revival/loadout -> 200
#1423 GET /revival/loadout -> 200
#1424 GET /configuration/client -> 200
#1425 GET /revival/loadout -> 200
#1426 GET /content-service/manifest/release2.4.live-156430-shipping -> 200
#1427 GET /revival/loadout -> 200
#1428 GET /revival/loadout -> 200
#1429 GET /revival/loadout -> 200
#1430 GET /revival/loadout -> 200
#1431 GET /revival/loadout -> 200
#1432 GET /revival/loadout -> 200
#1433 GET /revival/loadout -> 200
#1434 GET /revival/loadout -> 200
#1435 GET /revival/loadout -> 200
#1436 GET /revival/loadout -> 200
#1437 GET /revival/loadout -> 200
#1438 GET /revival/loadout -> 200
#1439 GET /revival/loadout -> 200
#1440 GET /revival/loadout -> 200
#1441 GET /revival/loadout -> 200
#1442 GET /revival/loadout -> 200
#1443 GET /revival/loadout -> 200
#1444 GET /revival/loadout -> 200
#1445 GET /revival/loadout -> 200
#1446 GET /revival/loadout -> 200
#1447 GET /revival/loadout -> 200
#1448 GET /revival/loadout -> 200
#1449 GET /revival/loadout -> 200
#1450 GET /revival/loadout -> 200
#1451 GET /revival/loadout -> 200
#1452 GET /revival/loadout -> 200
#1453 GET /revival/loadout -> 200
#1454 GET /revival/loadout -> 200
#1455 GET /revival/loadout -> 200
#1456 GET /revival/loadout -> 200
#1457 GET /revival/loadout -> 200
#1458 GET /revival/loadout -> 200
#1459 GET /revival/loadout -> 200
#1460 GET /revival/loadout -> 200
#1461 GET /revival/loadout -> 200
#1462 GET /revival/loadout -> 200
#1463 GET /revival/loadout -> 200
#1464 GET /revival/loadout -> 200
#1465 GET /revival/loadout -> 200
#1466 GET /revival/loadout -> 200
#1467 GET /revival/loadout -> 200
#1468 GET /revival/loadout -> 200
#1469 GET /revival/loadout -> 200
#1470 GET /revival/loadout -> 200
#1471 GET /party/players/9b9d2c887e2524f918e383a895f2f1c2/voice -> 200
#1472 GET /revival/loadout -> 200
#1473 GET /revival/loadout -> 200
#1474 GET /revival/loadout -> 200
#1475 GET /revival/loadout -> 200

* 18:44:01.399  WS -> /notifications/players/9b9d2c887e2524f918e383a895f2f1c2 BINARY hb (proactive 30s keepalive)
#1476 GET /revival/loadout -> 200
#1477 GET /revival/loadout -> 200
#1478 GET /revival/loadout -> 200
#1479 GET /revival/loadout -> 200
#1480 GET /revival/loadout -> 200
#1481 GET /revival/loadout -> 200
#1482 GET /revival/loadout -> 200
#1483 GET /revival/loadout -> 200
#1484 GET /storefront/offers/9b9d2c887e2524f918e383a895f2f1c2 -> 200
#1485 GET /revival/loadout -> 200
#1486 GET /revival/loadout -> 200
#1487 GET /revival/loadout -> 200
#1488 GET /revival/loadout -> 200
#1489 GET /revival/loadout -> 200
#1490 GET /revival/loadout -> 200
#1491 POST /game-telemetry/v1/protected/events -> 200
#1492 GET /revival/loadout -> 200
#1493 GET /revival/loadout -> 200
#1494 GET /revival/loadout -> 200
#1495 GET /revival/loadout -> 200
#1496 GET /revival/loadout -> 200
#1497 GET /revival/loadout -> 200
#1498 GET /revival/loadout -> 200
#1499 GET /revival/loadout -> 200
#1500 GET /revival/loadout -> 200
#1501 GET /revival/loadout -> 200
#1502 GET /revival/loadout -> 200
#1503 GET /revival/loadout -> 200
#1504 GET /revival/loadout -> 200
#1505 GET /mailbox/config/version -> 200
#1507 GET /revival/loadout -> 200
#1506 GET /party/matchmaking/info -> 200

* 18:44:06.480  WS <- /lobby TEXT ""
#1508 GET /revival/loadout -> 200
#1509 GET /revival/loadout -> 200
#1510 GET /revival/loadout -> 200
#1511 GET /revival/loadout -> 200
#1512 GET /revival/loadout -> 200
#1513 GET /revival/loadout -> 200
#1514 GET /revival/loadout -> 200
#1515 GET /revival/loadout -> 200
#1516 GET /revival/loadout -> 200
#1517 GET /revival/loadout -> 200
#1518 GET /revival/loadout -> 200
#1519 GET /revival/loadout -> 200
#1520 GET /revival/loadout -> 200
#1521 GET /revival/loadout -> 200
#1522 GET /revival/loadout -> 200
#1523 GET /revival/loadout -> 200
#1524 GET /revival/loadout -> 200
#1525 GET /revival/loadout -> 200
#1526 GET /revival/loadout -> 200
#1527 GET /revival/loadout -> 200
#1528 GET /revival/loadout -> 200
#1529 GET /revival/loadout -> 200
#1530 GET /revival/loadout -> 200
#1531 GET /revival/loadout -> 200
#1532 GET /revival/loadout -> 200
#1533 GET /revival/loadout -> 200
#1534 GET /revival/loadout -> 200
#1535 GET /revival/loadout -> 200
#1536 GET /revival/loadout -> 200
#1537 GET /revival/loadout -> 200
#1538 GET /revival/loadout -> 200
#1539 GET /revival/loadout -> 200
#1540 GET /revival/loadout -> 200
#1541 GET /revival/loadout -> 200
#1542 GET /revival/loadout -> 200
#1543 GET /revival/loadout -> 200
#1544 GET /revival/loadout -> 200
#1545 GET /revival/loadout -> 200
#1546 GET /revival/loadout -> 200
#1547 GET /revival/loadout -> 200
#1548 GET /revival/loadout -> 200
#1549 GET /revival/loadout -> 200
#1550 GET /revival/loadout -> 200
#1551 GET /revival/loadout -> 200
#1552 GET /revival/loadout -> 200
#1553 GET /revival/loadout -> 200
#1554 GET /revival/loadout -> 200
#1555 GET /revival/loadout -> 200
#1556 GET /revival/loadout -> 200
#1557 GET /revival/loadout -> 200
#1558 GET /revival/loadout -> 200
#1559 GET /revival/loadout -> 200
#1560 GET /revival/loadout -> 200
#1561 GET /revival/loadout -> 200
#1562 GET /revival/loadout -> 200
#1563 GET /revival/loadout -> 200
#1564 GET /revival/loadout -> 200
#1565 GET /revival/loadout -> 200
#1566 GET /revival/loadout -> 200
#1567 GET /revival/loadout -> 200
#1568 GET /revival/loadout -> 200
#1569 GET /revival/loadout -> 200
#1570 GET /revival/loadout -> 200
#1571 GET /revival/loadout -> 200
#1572 GET /revival/loadout -> 200
#1573 GET /revival/loadout -> 200
#1574 GET /revival/loadout -> 200
#1575 GET /revival/loadout -> 200
#1576 GET /revival/loadout -> 200
#1577 GET /revival/loadout -> 200
#1578 GET /revival/loadout -> 200
#1579 GET /revival/loadout -> 200
#1580 GET /revival/loadout -> 200
#1581 GET /revival/loadout -> 200
#1582 GET /revival/loadout -> 200
#1583 GET /revival/loadout -> 200
#1584 GET /revival/loadout -> 200
#1585 GET /revival/loadout -> 200
#1586 GET /revival/loadout -> 200
#1587 GET /revival/loadout -> 200
#1588 GET /revival/loadout -> 200
#1589 GET /revival/loadout -> 200
#1590 POST /party/parties/party-9b9d2c887e2524f918e383a895f2f1c2/members/9b9d2c887e2524f918e383a895f2f1c2/latencies -> 200
#1591 GET /revival/loadout -> 200
#1592 GET /revival/loadout -> 200
#1593 GET /revival/loadout -> 200
#1594 GET /revival/loadout -> 200
#1595 GET /revival/loadout -> 200
#1596 GET /revival/loadout -> 200
#1597 GET /revival/loadout -> 200
#1598 GET /revival/loadout -> 200
#1599 GET /revival/loadout -> 200
#1600 GET /configuration/client -> 200
#1601 GET /revival/loadout -> 200
#1602 GET /content-service/manifest/release2.4.live-156430-shipping -> 200
#1603 GET /revival/loadout -> 200
#1604 GET /revival/loadout -> 200
#1605 GET /revival/loadout -> 200
#1606 GET /revival/loadout -> 200
#1607 GET /revival/loadout -> 200
#1608 GET /revival/loadout -> 200
#1609 GET /revival/loadout -> 200
#1610 GET /revival/loadout -> 200
#1611 GET /revival/loadout -> 200
#1612 GET /revival/loadout -> 200
#1613 GET /revival/loadout -> 200
#1614 GET /revival/loadout -> 200
#1615 GET /revival/loadout -> 200
#1616 GET /revival/loadout -> 200
#1617 GET /revival/loadout -> 200
#1618 GET /revival/loadout -> 200
#1619 GET /revival/loadout -> 200
#1620 GET /revival/loadout -> 200
#1621 GET /revival/loadout -> 200

* 18:44:26.296  WS <- /notifications/players/9b9d2c887e2524f918e383a895f2f1c2 BINARY (2 bytes) 6862
#1622 GET /revival/loadout -> 200

* 18:44:26.319  WS -> /notifications/players/9b9d2c887e2524f918e383a895f2f1c2 TEXT hb reply {"Resource":"hb","Version":0,"Payload":""}
#1623 GET /revival/loadout -> 200
#1624 GET /revival/loadout -> 200
#1625 GET /revival/loadout -> 200
#1626 GET /revival/loadout -> 200
#1627 GET /revival/loadout -> 200
#1628 GET /revival/loadout -> 200
#1629 GET /revival/loadout -> 200
#1630 GET /revival/loadout -> 200
#1631 GET /revival/loadout -> 200
#1632 GET /revival/loadout -> 200
#1633 GET /revival/loadout -> 200
#1634 GET /revival/loadout -> 200
#1635 GET /revival/loadout -> 200
#1636 GET /revival/loadout -> 200
#1637 GET /revival/loadout -> 200
#1638 GET /revival/loadout -> 200
#1639 GET /revival/loadout -> 200
#1640 GET /revival/loadout -> 200
#1641 GET /revival/loadout -> 200
#1642 GET /revival/loadout -> 200
#1643 GET /revival/loadout -> 200
#1644 GET /revival/loadout -> 200
#1645 GET /revival/loadout -> 200
#1646 GET /revival/loadout -> 200
#1647 GET /revival/loadout -> 200
#1648 GET /revival/loadout -> 200
#1649 GET /revival/loadout -> 200
#1650 GET /party/players/9b9d2c887e2524f918e383a895f2f1c2/voice -> 200
#1651 GET /revival/loadout -> 200
#1652 GET /revival/loadout -> 200
#1653 GET /revival/loadout -> 200
#1654 GET /revival/loadout -> 200
#1655 GET /revival/loadout -> 200
#1656 GET /revival/loadout -> 200
#1657 GET /revival/loadout -> 200
#1658 GET /revival/loadout -> 200
#1659 GET /revival/loadout -> 200
#1660 GET /revival/loadout -> 200
#1661 GET /revival/loadout -> 200
#1662 GET /revival/loadout -> 200
#1663 GET /revival/loadout -> 200
#1664 GET /revival/loadout -> 200
#1665 GET /revival/loadout -> 200
#1666 GET /revival/loadout -> 200
#1667 GET /revival/loadout -> 200
#1668 GET /revival/loadout -> 200
#1669 GET /revival/loadout -> 200
#1670 GET /revival/loadout -> 200
#1671 GET /revival/loadout -> 200
#1672 GET /revival/loadout -> 200
#1673 GET /revival/loadout -> 200
#1674 GET /revival/loadout -> 200
#1675 GET /revival/loadout -> 200
#1676 GET /revival/loadout -> 200
#1677 GET /revival/loadout -> 200
#1678 GET /revival/loadout -> 200
#1679 GET /revival/loadout -> 200
#1680 GET /core-game/regions -> 200
#1682 GET /revival/loadout -> 200
#1681 GET /party/matchmaking/info -> 200

* 18:44:36.479  WS <- /lobby TEXT ""
#1683 GET /revival/loadout -> 200
#1684 GET /revival/loadout -> 200
#1685 GET /revival/loadout -> 200
#1686 GET /revival/loadout -> 200
#1687 GET /revival/loadout -> 200
#1688 GET /revival/loadout -> 200
#1689 GET /revival/loadout -> 200
#1690 GET /revival/loadout -> 200
#1691 GET /revival/loadout -> 200
#1692 GET /revival/loadout -> 200
#1693 GET /revival/loadout -> 200
#1694 GET /revival/loadout -> 200
#1695 GET /revival/loadout -> 200
#1696 GET /revival/loadout -> 200
#1697 GET /revival/loadout -> 200
#1698 GET /revival/loadout -> 200
#1699 GET /revival/loadout -> 200
#1700 GET /revival/loadout -> 200
#1701 GET /revival/loadout -> 200
#1702 GET /revival/loadout -> 200
#1703 GET /revival/loadout -> 200
#1704 GET /revival/loadout -> 200
#1705 GET /revival/loadout -> 200
#1706 GET /revival/loadout -> 200
#1707 GET /revival/loadout -> 200
#1708 GET /revival/loadout -> 200
#1709 GET /revival/loadout -> 200
#1710 GET /revival/loadout -> 200
#1711 GET /revival/loadout -> 200
#1712 GET /revival/loadout -> 200
#1713 GET /revival/loadout -> 200
#1714 GET /revival/loadout -> 200
#1715 GET /revival/loadout -> 200
#1716 GET /revival/loadout -> 200
#1717 GET /revival/loadout -> 200
#1718 GET /revival/loadout -> 200
#1719 GET /revival/loadout -> 200
#1720 GET /revival/loadout -> 200
#1721 GET /revival/loadout -> 200
#1722 GET /revival/loadout -> 200
#1723 GET /revival/loadout -> 200
#1724 GET /revival/loadout -> 200
#1725 GET /revival/loadout -> 200
#1726 GET /revival/loadout -> 200
#1727 GET /revival/loadout -> 200
#1728 GET /revival/loadout -> 200
#1729 GET /revival/loadout -> 200
#1730 GET /revival/loadout -> 200
#1731 GET /revival/loadout -> 200
#1732 GET /revival/loadout -> 200
#1733 GET /revival/loadout -> 200
#1734 GET /revival/loadout -> 200
#1735 GET /revival/loadout -> 200
#1736 GET /revival/loadout -> 200
#1737 GET /revival/loadout -> 200
#1738 GET /revival/loadout -> 200
#1739 GET /revival/loadout -> 200
#1740 GET /revival/loadout -> 200
#1741 GET /revival/loadout -> 200
#1742 GET /revival/loadout -> 200
#1743 GET /revival/loadout -> 200
#1744 GET /revival/loadout -> 200
#1745 GET /revival/loadout -> 200
#1746 GET /revival/loadout -> 200
#1747 GET /revival/loadout -> 200
#1748 GET /revival/loadout -> 200
#1749 GET /revival/loadout -> 200
#1750 GET /revival/loadout -> 200
#1751 GET /revival/loadout -> 200
#1752 GET /revival/loadout -> 200
#1753 GET /revival/loadout -> 200
#1754 GET /revival/loadout -> 200
#1755 GET /revival/loadout -> 200
#1756 GET /revival/loadout -> 200
#1757 GET /revival/loadout -> 200
#1758 GET /revival/loadout -> 200
#1759 GET /revival/loadout -> 200
#1760 GET /revival/loadout -> 200
#1761 GET /revival/loadout -> 200
#1762 GET /revival/loadout -> 200
#1763 GET /revival/loadout -> 200
#1764 POST /party/parties/party-9b9d2c887e2524f918e383a895f2f1c2/members/9b9d2c887e2524f918e383a895f2f1c2/latencies -> 200
#1765 GET /revival/loadout -> 200
#1766 GET /revival/loadout -> 200
#1767 GET /revival/loadout -> 200
#1768 GET /revival/loadout -> 200
#1769 GET /revival/loadout -> 200
#1770 GET /revival/loadout -> 200
#1771 GET /revival/loadout -> 200
#1772 GET /revival/loadout -> 200
#1773 GET /revival/loadout -> 200
#1774 GET /configuration/client -> 200
#1775 GET /revival/loadout -> 200
#1776 GET /content-service/manifest/release2.4.live-156430-shipping -> 200
#1777 GET /revival/loadout -> 200
#1778 GET /revival/loadout -> 200
#1779 GET /revival/loadout -> 200
#1780 GET /revival/loadout -> 200
#1781 GET /revival/loadout -> 200
#1782 GET /revival/loadout -> 200
#1783 GET /revival/loadout -> 200
#1784 GET /revival/loadout -> 200
#1785 GET /revival/loadout -> 200
#1786 GET /revival/loadout -> 200
#1787 GET /revival/loadout -> 200
#1788 GET /revival/loadout -> 200
#1789 GET /revival/loadout -> 200
#1790 GET /revival/loadout -> 200
#1791 GET /revival/loadout -> 200
#1792 GET /revival/loadout -> 200
#1793 GET /revival/loadout -> 200
#1794 GET /revival/loadout -> 200
#1795 GET /revival/loadout -> 200
#1796 GET /revival/loadout -> 200

* 18:44:56.386  WS -> /notifications/players/9b9d2c887e2524f918e383a895f2f1c2 BINARY hb (proactive 30s keepalive)
#1797 GET /revival/loadout -> 200
#1798 GET /revival/loadout -> 200
#1799 GET /revival/loadout -> 200
#1800 GET /revival/loadout -> 200
#1801 GET /revival/loadout -> 200
#1802 GET /revival/loadout -> 200
#1803 GET /revival/loadout -> 200
#1804 GET /revival/loadout -> 200
#1805 GET /revival/loadout -> 200
#1806 GET /revival/loadout -> 200
#1807 GET /revival/loadout -> 200
#1808 GET /revival/loadout -> 200
#1809 GET /revival/loadout -> 200
#1810 GET /revival/loadout -> 200
#1811 GET /revival/loadout -> 200
#1812 GET /revival/loadout -> 200
#1813 GET /revival/loadout -> 200
#1814 GET /revival/loadout -> 200
#1815 GET /revival/loadout -> 200
#1816 GET /revival/loadout -> 200
#1817 GET /revival/loadout -> 200
#1818 GET /revival/loadout -> 200
#1819 GET /revival/loadout -> 200
#1820 GET /revival/loadout -> 200
#1821 GET /revival/loadout -> 200
#1822 GET /revival/loadout -> 200
#1823 GET /revival/loadout -> 200
#1824 GET /revival/loadout -> 200
#1825 GET /revival/loadout -> 200
#1826 GET /revival/loadout -> 200
#1827 GET /party/players/9b9d2c887e2524f918e383a895f2f1c2/voice -> 200
#1828 GET /revival/loadout -> 200
#1829 GET /revival/loadout -> 200
#1830 GET /revival/loadout -> 200
#1831 GET /revival/loadout -> 200
#1832 GET /revival/loadout -> 200
#1833 GET /revival/loadout -> 200
#1834 GET /revival/loadout -> 200
#1835 GET /revival/loadout -> 200
#1836 GET /revival/loadout -> 200
#1837 GET /revival/loadout -> 200
#1838 GET /revival/loadout -> 200
#1839 GET /revival/loadout -> 200
#1840 GET /revival/loadout -> 200
#1841 POST /game-telemetry/v1/protected/events -> 200
#1842 GET /revival/loadout -> 200
#1843 GET /revival/loadout -> 200
#1844 GET /revival/loadout -> 200
#1845 GET /revival/loadout -> 200
#1846 GET /revival/loadout -> 200
#1847 GET /revival/loadout -> 200
#1848 GET /revival/loadout -> 200
#1849 GET /revival/loadout -> 200
#1850 GET /revival/loadout -> 200
#1851 GET /revival/loadout -> 200
#1852 GET /revival/loadout -> 200
#1853 GET /revival/loadout -> 200
#1854 GET /revival/loadout -> 200
#1855 GET /revival/loadout -> 200
#1856 GET /party/matchmaking/info -> 200

* 18:45:06.489  WS <- /lobby TEXT ""
#1857 GET /revival/loadout -> 200
#1858 GET /revival/loadout -> 200
#1859 GET /revival/loadout -> 200
#1860 GET /revival/loadout -> 200
#1861 GET /revival/loadout -> 200
#1862 GET /revival/loadout -> 200
#1863 GET /revival/loadout -> 200
#1864 GET /revival/loadout -> 200
#1865 GET /revival/loadout -> 200
#1866 GET /revival/loadout -> 200
#1867 GET /revival/loadout -> 200
#1868 GET /revival/loadout -> 200
#1869 GET /revival/loadout -> 200
#1870 GET /revival/loadout -> 200
#1871 GET /revival/loadout -> 200
#1872 GET /revival/loadout -> 200
#1873 GET /revival/loadout -> 200
#1874 GET /revival/loadout -> 200
#1875 GET /revival/loadout -> 200
#1876 GET /revival/loadout -> 200
#1877 GET /revival/loadout -> 200
#1878 GET /revival/loadout -> 200
#1879 GET /revival/loadout -> 200
#1880 GET /revival/loadout -> 200
#1881 GET /revival/loadout -> 200
#1882 GET /revival/loadout -> 200
#1883 GET /revival/loadout -> 200
#1884 GET /revival/loadout -> 200
#1885 GET /revival/loadout -> 200
#1886 GET /revival/loadout -> 200
#1887 GET /revival/loadout -> 200
#1888 GET /revival/loadout -> 200
#1889 GET /revival/loadout -> 200
#1890 GET /revival/loadout -> 200
#1891 GET /revival/loadout -> 200
#1892 GET /revival/loadout -> 200
#1893 GET /revival/loadout -> 200
#1894 GET /revival/loadout -> 200
#1895 GET /revival/loadout -> 200
#1896 GET /revival/loadout -> 200
#1897 GET /revival/loadout -> 200
#1898 GET /revival/loadout -> 200
#1899 GET /revival/loadout -> 200
#1900 GET /revival/loadout -> 200
#1901 GET /revival/loadout -> 200
#1902 GET /revival/loadout -> 200
#1903 GET /revival/loadout -> 200
#1904 GET /revival/loadout -> 200
#1905 GET /revival/loadout -> 200
#1906 GET /revival/loadout -> 200
#1907 GET /revival/loadout -> 200
#1908 GET /revival/loadout -> 200
#1909 GET /revival/loadout -> 200
#1910 GET /revival/loadout -> 200
#1911 GET /revival/loadout -> 200
#1912 GET /revival/loadout -> 200
#1913 GET /revival/loadout -> 200
#1914 GET /revival/loadout -> 200
#1915 GET /revival/loadout -> 200
#1916 GET /revival/loadout -> 200
#1917 GET /revival/loadout -> 200
#1918 GET /revival/loadout -> 200
#1919 GET /revival/loadout -> 200
#1920 GET /revival/loadout -> 200
#1921 GET /revival/loadout -> 200
#1922 GET /revival/loadout -> 200
#1923 GET /revival/loadout -> 200
#1924 GET /revival/loadout -> 200
#1925 GET /revival/loadout -> 200
#1926 GET /revival/loadout -> 200
#1927 GET /revival/loadout -> 200
#1928 GET /revival/loadout -> 200
#1929 GET /revival/loadout -> 200
#1930 GET /revival/loadout -> 200
#1931 GET /revival/loadout -> 200
#1932 GET /revival/loadout -> 200
#1933 GET /revival/loadout -> 200
#1934 GET /revival/loadout -> 200
#1935 GET /revival/loadout -> 200
#1936 GET /revival/loadout -> 200
#1937 GET /revival/loadout -> 200
#1938 GET /revival/loadout -> 200
#1939 POST /party/parties/party-9b9d2c887e2524f918e383a895f2f1c2/members/9b9d2c887e2524f918e383a895f2f1c2/latencies -> 200

* 18:45:21.319  WS <- /notifications/players/9b9d2c887e2524f918e383a895f2f1c2 BINARY (2 bytes) 6862

* 18:45:21.340  WS -> /notifications/players/9b9d2c887e2524f918e383a895f2f1c2 TEXT hb reply {"Resource":"hb","Version":0,"Payload":""}
#1940 GET /revival/loadout -> 200
#1941 GET /revival/loadout -> 200
#1942 GET /revival/loadout -> 200
#1943 GET /revival/loadout -> 200
#1944 GET /revival/loadout -> 200
#1945 GET /revival/loadout -> 200
#1946 GET /revival/loadout -> 200
#1947 GET /revival/loadout -> 200
#1948 GET /configuration/client -> 200
#1949 GET /revival/loadout -> 200
#1950 GET /content-service/manifest/release2.4.live-156430-shipping -> 200
#1951 GET /revival/loadout -> 200
#1952 GET /revival/loadout -> 200
#1953 GET /revival/loadout -> 200
#1954 GET /revival/loadout -> 200
#1955 GET /revival/loadout -> 200
#1956 GET /revival/loadout -> 200
#1957 GET /revival/loadout -> 200
#1958 GET /revival/loadout -> 200
#1959 GET /revival/loadout -> 200
#1960 GET /revival/loadout -> 200
#1961 GET /revival/loadout -> 200
#1962 GET /revival/loadout -> 200
#1963 GET /revival/loadout -> 200
#1964 GET /revival/loadout -> 200
#1965 GET /revival/loadout -> 200
#1966 GET /revival/loadout -> 200
#1967 GET /revival/loadout -> 200
#1968 GET /revival/loadout -> 200
#1969 GET /revival/loadout -> 200
#1970 GET /revival/loadout -> 200
#1971 GET /revival/loadout -> 200
#1972 GET /revival/loadout -> 200
#1973 GET /revival/loadout -> 200
#1974 GET /revival/loadout -> 200
#1975 GET /revival/loadout -> 200
#1976 GET /revival/loadout -> 200
#1977 GET /revival/loadout -> 200
#1978 GET /revival/loadout -> 200
#1979 GET /revival/loadout -> 200
#1980 GET /revival/loadout -> 200
#1981 GET /revival/loadout -> 200
#1982 GET /revival/loadout -> 200
#1983 GET /revival/loadout -> 200
#1984 GET /revival/loadout -> 200
#1985 GET /revival/loadout -> 200
#1986 GET /revival/loadout -> 200
#1987 GET /revival/loadout -> 200
#1988 GET /revival/loadout -> 200
#1989 GET /revival/loadout -> 200
#1990 GET /revival/loadout -> 200
#1991 GET /revival/loadout -> 200
#1992 GET /revival/loadout -> 200
#1993 GET /revival/loadout -> 200
#1994 GET /revival/loadout -> 200
#1995 GET /revival/loadout -> 200
#1996 GET /revival/loadout -> 200
#1997 GET /revival/loadout -> 200
#1998 GET /revival/loadout -> 200
#1999 GET /revival/loadout -> 200
#2000 GET /revival/loadout -> 200
#2001 GET /revival/loadout -> 200
#2002 GET /revival/loadout -> 200
#2003 GET /party/players/9b9d2c887e2524f918e383a895f2f1c2/voice -> 200
#2004 GET /revival/loadout -> 200
#2005 GET /revival/loadout -> 200
#2006 GET /revival/loadout -> 200
#2007 GET /revival/loadout -> 200
#2008 GET /revival/loadout -> 200
#2009 GET /revival/loadout -> 200
#2010 GET /revival/loadout -> 200
#2011 GET /revival/loadout -> 200
#2012 GET /revival/loadout -> 200
#2013 GET /revival/loadout -> 200
#2014 GET /revival/loadout -> 200
#2015 GET /revival/loadout -> 200
#2016 GET /revival/loadout -> 200
#2017 GET /revival/loadout -> 200
#2018 GET /revival/loadout -> 200
#2019 GET /revival/loadout -> 200
#2020 GET /revival/loadout -> 200
#2021 GET /revival/loadout -> 200
#2022 GET /revival/loadout -> 200
#2023 GET /revival/loadout -> 200
#2024 GET /revival/loadout -> 200
#2025 GET /revival/loadout -> 200
#2026 GET /revival/loadout -> 200
#2027 GET /revival/loadout -> 200
#2028 GET /core-game/regions -> 200
#2029 GET /party/matchmaking/info -> 200
#2030 GET /mailbox/config/version -> 200
#2031 GET /revival/loadout -> 200

* 18:45:36.497  WS <- /lobby TEXT ""
#2032 GET /revival/loadout -> 200
#2033 GET /revival/loadout -> 200
#2034 GET /revival/loadout -> 200
#2035 GET /revival/loadout -> 200
#2036 GET /revival/loadout -> 200
#2037 GET /revival/loadout -> 200
#2038 GET /revival/loadout -> 200
#2039 GET /revival/loadout -> 200
#2040 GET /revival/loadout -> 200
#2041 GET /revival/loadout -> 200
#2042 GET /revival/loadout -> 200
#2043 GET /revival/loadout -> 200
#2044 GET /revival/loadout -> 200
#2045 GET /revival/loadout -> 200
#2046 GET /revival/loadout -> 200
#2047 GET /revival/loadout -> 200
#2048 GET /revival/loadout -> 200
#2049 GET /revival/loadout -> 200
#2050 GET /revival/loadout -> 200
#2051 GET /revival/loadout -> 200
#2052 GET /revival/loadout -> 200
#2053 GET /revival/loadout -> 200
#2054 GET /revival/loadout -> 200
#2055 GET /revival/loadout -> 200
#2056 GET /revival/loadout -> 200
#2057 GET /revival/loadout -> 200
#2058 GET /revival/loadout -> 200
#2059 GET /revival/loadout -> 200
#2060 GET /revival/loadout -> 200
#2061 GET /revival/loadout -> 200
#2062 GET /revival/loadout -> 200
#2063 GET /revival/loadout -> 200
#2064 GET /revival/loadout -> 200
#2065 GET /revival/loadout -> 200
#2066 GET /revival/loadout -> 200
#2067 GET /revival/loadout -> 200
#2068 GET /revival/loadout -> 200
#2069 GET /revival/loadout -> 200
#2070 GET /revival/loadout -> 200
#2071 GET /revival/loadout -> 200
#2072 GET /revival/loadout -> 200
#2073 GET /revival/loadout -> 200
#2074 GET /revival/loadout -> 200
#2075 GET /revival/loadout -> 200
#2076 GET /revival/loadout -> 200
#2077 GET /revival/loadout -> 200
#2078 GET /revival/loadout -> 200
#2079 GET /revival/loadout -> 200
#2080 GET /revival/loadout -> 200
#2081 GET /revival/loadout -> 200
#2082 GET /revival/loadout -> 200
#2083 GET /revival/loadout -> 200
#2084 GET /revival/loadout -> 200
#2085 GET /revival/loadout -> 200
#2086 GET /revival/loadout -> 200
#2087 GET /revival/loadout -> 200
#2088 GET /revival/loadout -> 200
#2089 GET /revival/loadout -> 200
#2090 GET /revival/loadout -> 200
#2091 GET /revival/loadout -> 200
#2092 GET /revival/loadout -> 200
#2093 GET /revival/loadout -> 200
#2094 GET /revival/loadout -> 200
#2095 GET /revival/loadout -> 200
#2096 GET /revival/loadout -> 200
#2097 GET /revival/loadout -> 200
#2098 GET /revival/loadout -> 200
#2099 GET /revival/loadout -> 200
#2100 GET /revival/loadout -> 200
#2101 GET /revival/loadout -> 200
#2102 GET /revival/loadout -> 200
#2103 GET /revival/loadout -> 200
#2104 GET /revival/loadout -> 200
#2105 GET /revival/loadout -> 200
#2106 GET /revival/loadout -> 200
#2107 GET /revival/loadout -> 200
#2108 GET /revival/loadout -> 200
#2109 GET /revival/loadout -> 200
#2110 GET /revival/loadout -> 200
#2111 GET /revival/loadout -> 200
#2112 GET /revival/loadout -> 200
#2113 GET /revival/loadout -> 200
#2114 GET /revival/loadout -> 200
#2115 GET /revival/loadout -> 200

* 18:45:51.399  WS -> /notifications/players/9b9d2c887e2524f918e383a895f2f1c2 BINARY hb (proactive 30s keepalive)
#2116 POST /party/parties/party-9b9d2c887e2524f918e383a895f2f1c2/members/9b9d2c887e2524f918e383a895f2f1c2/latencies -> 200
#2117 GET /revival/loadout -> 200
#2118 GET /revival/loadout -> 200
#2119 GET /revival/loadout -> 200
#2120 GET /revival/loadout -> 200
#2121 GET /revival/loadout -> 200
#2122 GET /revival/loadout -> 200
#2123 GET /configuration/client -> 200
#2124 GET /revival/loadout -> 200
#2125 GET /revival/loadout -> 200
#2126 GET /content-service/manifest/release2.4.live-156430-shipping -> 200
#2127 GET /revival/loadout -> 200
#2128 GET /revival/loadout -> 200
#2129 GET /revival/loadout -> 200
#2130 GET /revival/loadout -> 200
#2131 GET /revival/loadout -> 200
#2132 GET /revival/loadout -> 200
#2133 GET /revival/loadout -> 200
#2134 GET /revival/loadout -> 200
#2135 GET /revival/loadout -> 200
#2136 GET /revival/loadout -> 200
#2137 GET /revival/loadout -> 200
#2138 GET /revival/loadout -> 200
#2139 GET /revival/loadout -> 200
#2140 GET /revival/loadout -> 200
#2141 GET /revival/loadout -> 200
#2142 GET /revival/loadout -> 200
#2143 GET /revival/loadout -> 200
#2144 GET /revival/loadout -> 200
#2145 GET /revival/loadout -> 200
#2146 GET /revival/loadout -> 200
#2147 GET /revival/loadout -> 200
#2148 GET /revival/loadout -> 200
#2149 GET /revival/loadout -> 200
#2150 GET /revival/loadout -> 200
#2151 GET /revival/loadout -> 200
#2152 GET /revival/loadout -> 200
#2153 GET /revival/loadout -> 200
#2154 GET /revival/loadout -> 200
#2155 GET /revival/loadout -> 200
#2156 GET /revival/loadout -> 200
#2157 GET /revival/loadout -> 200
#2158 GET /revival/loadout -> 200
#2159 GET /revival/loadout -> 200
#2160 GET /revival/loadout -> 200
#2161 GET /revival/loadout -> 200
#2162 GET /revival/loadout -> 200
#2163 GET /revival/loadout -> 200
#2164 GET /revival/loadout -> 200
#2165 GET /revival/loadout -> 200
#2166 GET /revival/loadout -> 200
#2167 GET /revival/loadout -> 200
#2168 GET /revival/loadout -> 200
#2169 GET /revival/loadout -> 200
#2170 GET /revival/loadout -> 200
#2171 GET /revival/loadout -> 200
#2172 GET /revival/loadout -> 200
#2173 GET /revival/loadout -> 200
#2174 GET /revival/loadout -> 200
#2175 GET /revival/loadout -> 200
#2176 GET /revival/loadout -> 200
#2177 GET /revival/loadout -> 200
#2178 GET /revival/loadout -> 200
#2179 GET /revival/loadout -> 200
#2180 GET /revival/loadout -> 200
#2181 GET /party/players/9b9d2c887e2524f918e383a895f2f1c2/voice -> 200
#2182 GET /revival/loadout -> 200
#2183 GET /revival/loadout -> 200
#2184 GET /revival/loadout -> 200
#2185 GET /revival/loadout -> 200
#2186 GET /revival/loadout -> 200
#2187 GET /revival/loadout -> 200
#2188 GET /revival/loadout -> 200
#2189 GET /revival/loadout -> 200
#2190 GET /revival/loadout -> 200
#2191 POST /game-telemetry/v1/protected/events -> 200
#2192 GET /revival/loadout -> 200
#2193 GET /revival/loadout -> 200
#2194 GET /revival/loadout -> 200
#2195 GET /revival/loadout -> 200
#2196 GET /revival/loadout -> 200
#2197 GET /revival/loadout -> 200
#2198 GET /revival/loadout -> 200
#2199 GET /revival/loadout -> 200
#2200 GET /revival/loadout -> 200
#2201 GET /revival/loadout -> 200
#2202 GET /revival/loadout -> 200
#2203 GET /revival/loadout -> 200
#2204 GET /revival/loadout -> 200
#2205 GET /party/matchmaking/info -> 200
#2206 GET /revival/loadout -> 200

* 18:46:06.516  WS <- /lobby TEXT ""
#2207 GET /revival/loadout -> 200
#2208 GET /revival/loadout -> 200
#2209 GET /revival/loadout -> 200
#2210 GET /revival/loadout -> 200
#2211 GET /revival/loadout -> 200
#2212 GET /revival/loadout -> 200
#2213 GET /revival/loadout -> 200
#2214 GET /revival/loadout -> 200
#2215 GET /revival/loadout -> 200
#2216 GET /revival/loadout -> 200
#2217 GET /revival/loadout -> 200
#2218 GET /revival/loadout -> 200
#2219 GET /revival/loadout -> 200
#2220 GET /revival/loadout -> 200
#2221 GET /revival/loadout -> 200
#2222 GET /revival/loadout -> 200
#2223 GET /revival/loadout -> 200
#2224 GET /revival/loadout -> 200
#2225 GET /revival/loadout -> 200
#2226 GET /revival/loadout -> 200
#2227 GET /revival/loadout -> 200
#2228 GET /revival/loadout -> 200
#2229 GET /revival/loadout -> 200
#2230 GET /revival/loadout -> 200
#2231 GET /revival/loadout -> 200
#2232 GET /revival/loadout -> 200
#2233 GET /revival/loadout -> 200
#2234 GET /revival/loadout -> 200
#2235 GET /revival/loadout -> 200
#2236 GET /revival/loadout -> 200
#2237 GET /revival/loadout -> 200
#2238 GET /revival/loadout -> 200
#2239 GET /revival/loadout -> 200
#2240 GET /revival/loadout -> 200
#2241 GET /revival/loadout -> 200
#2242 GET /revival/loadout -> 200
#2243 GET /revival/loadout -> 200
#2244 GET /revival/loadout -> 200
#2245 GET /revival/loadout -> 200
#2246 GET /revival/loadout -> 200
#2247 GET /revival/loadout -> 200
#2248 GET /revival/loadout -> 200
#2249 GET /revival/loadout -> 200
#2250 GET /revival/loadout -> 200
#2251 GET /revival/loadout -> 200
#2252 GET /revival/loadout -> 200
#2253 GET /revival/loadout -> 200
#2254 GET /revival/loadout -> 200
#2255 GET /revival/loadout -> 200
#2256 GET /revival/loadout -> 200
#2257 GET /revival/loadout -> 200
#2258 GET /revival/loadout -> 200
#2259 GET /revival/loadout -> 200
#2260 GET /revival/loadout -> 200
#2261 GET /revival/loadout -> 200

* 18:46:16.333  WS <- /notifications/players/9b9d2c887e2524f918e383a895f2f1c2 BINARY (2 bytes) 6862

* 18:46:16.360  WS -> /notifications/players/9b9d2c887e2524f918e383a895f2f1c2 TEXT hb reply {"Resource":"hb","Version":0,"Payload":""}
#2262 GET /revival/loadout -> 200
#2263 GET /revival/loadout -> 200
#2264 GET /revival/loadout -> 200
#2265 GET /revival/loadout -> 200
#2266 GET /revival/loadout -> 200
#2267 GET /revival/loadout -> 200
#2268 GET /revival/loadout -> 200
#2269 GET /revival/loadout -> 200
#2270 GET /revival/loadout -> 200
#2271 GET /revival/loadout -> 200
#2272 GET /revival/loadout -> 200
#2273 GET /revival/loadout -> 200
#2274 GET /revival/loadout -> 200
#2275 GET /revival/loadout -> 200
#2276 GET /revival/loadout -> 200
#2277 GET /revival/loadout -> 200
#2278 GET /revival/loadout -> 200
#2279 GET /revival/loadout -> 200
#2280 GET /revival/loadout -> 200
#2281 GET /revival/loadout -> 200
#2282 GET /revival/loadout -> 200
#2283 GET /revival/loadout -> 200
#2284 GET /revival/loadout -> 200
#2285 GET /revival/loadout -> 200
#2286 GET /revival/loadout -> 200
#2287 GET /revival/loadout -> 200
#2288 GET /revival/loadout -> 200
#2289 GET /revival/loadout -> 200
#2290 GET /revival/loadout -> 200
#2291 GET /revival/loadout -> 200
#2292 POST /party/parties/party-9b9d2c887e2524f918e383a895f2f1c2/members/9b9d2c887e2524f918e383a895f2f1c2/latencies -> 200
#2293 GET /revival/loadout -> 200
#2294 GET /revival/loadout -> 200
#2295 GET /revival/loadout -> 200
#2296 GET /revival/loadout -> 200
#2297 GET /revival/loadout -> 200
#2298 GET /revival/loadout -> 200
#2299 GET /configuration/client -> 200
#2300 GET /revival/loadout -> 200
#2301 GET /content-service/manifest/release2.4.live-156430-shipping -> 200
#2302 GET /revival/loadout -> 200
#2303 GET /revival/loadout -> 200
#2304 GET /revival/loadout -> 200
#2305 GET /revival/loadout -> 200
#2306 GET /revival/loadout -> 200
#2307 GET /revival/loadout -> 200
#2308 GET /revival/loadout -> 200
#2309 GET /revival/loadout -> 200
#2310 GET /revival/loadout -> 200
#2311 GET /revival/loadout -> 200
#2312 GET /revival/loadout -> 200
#2313 GET /revival/loadout -> 200
#2314 GET /revival/loadout -> 200
#2315 GET /revival/loadout -> 200
#2316 GET /revival/loadout -> 200
#2317 GET /revival/loadout -> 200
#2318 GET /revival/loadout -> 200
#2319 GET /revival/loadout -> 200
#2320 GET /revival/loadout -> 200
#2321 GET /revival/loadout -> 200
#2322 GET /revival/loadout -> 200
#2323 GET /revival/loadout -> 200
#2324 GET /revival/loadout -> 200
#2325 GET /revival/loadout -> 200
#2326 GET /revival/loadout -> 200
#2327 GET /revival/loadout -> 200
#2328 GET /revival/loadout -> 200
#2329 GET /revival/loadout -> 200
#2330 GET /revival/loadout -> 200
#2331 GET /revival/loadout -> 200
#2332 GET /revival/loadout -> 200
#2333 GET /revival/loadout -> 200
#2334 GET /revival/loadout -> 200
#2335 GET /revival/loadout -> 200
#2336 GET /revival/loadout -> 200
#2337 GET /revival/loadout -> 200
#2338 GET /revival/loadout -> 200
#2339 GET /revival/loadout -> 200
#2340 GET /revival/loadout -> 200
#2341 GET /revival/loadout -> 200
#2342 GET /revival/loadout -> 200
#2343 GET /revival/loadout -> 200
#2344 GET /revival/loadout -> 200
#2345 GET /revival/loadout -> 200
#2346 GET /revival/loadout -> 200
#2347 GET /revival/loadout -> 200
#2348 GET /revival/loadout -> 200
#2349 GET /revival/loadout -> 200
#2350 GET /revival/loadout -> 200
#2351 GET /revival/loadout -> 200
#2352 GET /revival/loadout -> 200
#2353 GET /revival/loadout -> 200
#2354 GET /revival/loadout -> 200
#2355 GET /revival/loadout -> 200
#2356 GET /revival/loadout -> 200
#2357 GET /party/players/9b9d2c887e2524f918e383a895f2f1c2/voice -> 200
#2358 GET /revival/loadout -> 200
#2359 GET /revival/loadout -> 200
#2360 GET /revival/loadout -> 200
#2361 GET /revival/loadout -> 200
#2362 GET /revival/loadout -> 200
#2363 GET /revival/loadout -> 200
#2364 GET /revival/loadout -> 200
#2365 GET /revival/loadout -> 200
#2366 GET /revival/loadout -> 200
#2367 GET /revival/loadout -> 200
#2368 GET /revival/loadout -> 200
#2369 GET /revival/loadout -> 200
#2370 GET /revival/loadout -> 200
#2371 GET /revival/loadout -> 200
#2372 GET /revival/loadout -> 200
#2373 GET /revival/loadout -> 200
#2374 GET /revival/loadout -> 200
#2375 GET /revival/loadout -> 200
#2376 GET /revival/loadout -> 200
#2377 GET /party/matchmaking/info -> 200
#2379 GET /revival/loadout -> 200
#2378 GET /core-game/regions -> 200

* 18:46:36.487  WS <- /lobby TEXT ""
#2380 GET /revival/loadout -> 200
#2381 GET /revival/loadout -> 200
#2382 GET /revival/loadout -> 200
#2383 GET /revival/loadout -> 200
#2384 GET /revival/loadout -> 200
#2385 GET /revival/loadout -> 200
#2386 GET /revival/loadout -> 200
#2387 GET /revival/loadout -> 200
#2388 GET /revival/loadout -> 200
#2389 GET /revival/loadout -> 200
#2390 GET /revival/loadout -> 200
#2391 GET /revival/loadout -> 200
#2392 GET /revival/loadout -> 200
#2393 GET /revival/loadout -> 200
#2394 GET /revival/loadout -> 200
#2395 GET /revival/loadout -> 200
#2396 GET /revival/loadout -> 200
#2397 GET /revival/loadout -> 200
#2398 GET /revival/loadout -> 200
#2399 GET /revival/loadout -> 200
#2400 GET /revival/loadout -> 200
#2401 GET /revival/loadout -> 200
#2402 GET /revival/loadout -> 200
#2403 GET /revival/loadout -> 200
#2404 GET /revival/loadout -> 200
#2405 GET /revival/loadout -> 200
#2406 GET /revival/loadout -> 200
#2407 GET /revival/loadout -> 200
#2408 GET /revival/loadout -> 200
#2409 GET /revival/loadout -> 200
#2410 GET /revival/loadout -> 200
#2411 GET /revival/loadout -> 200
#2412 GET /revival/loadout -> 200
#2413 GET /revival/loadout -> 200
#2414 GET /revival/loadout -> 200
#2415 GET /revival/loadout -> 200
#2416 GET /revival/loadout -> 200
#2417 GET /revival/loadout -> 200
#2418 GET /revival/loadout -> 200
#2419 GET /revival/loadout -> 200
#2420 GET /revival/loadout -> 200
#2421 GET /revival/loadout -> 200
#2422 GET /revival/loadout -> 200
#2423 GET /revival/loadout -> 200
#2424 GET /revival/loadout -> 200
#2425 GET /revival/loadout -> 200
#2426 GET /revival/loadout -> 200
#2427 GET /revival/loadout -> 200
#2428 GET /revival/loadout -> 200
#2429 GET /revival/loadout -> 200
#2430 GET /revival/loadout -> 200
#2431 GET /revival/loadout -> 200
#2432 GET /revival/loadout -> 200
#2433 GET /revival/loadout -> 200
#2434 GET /revival/loadout -> 200
#2435 GET /revival/loadout -> 200
#2436 GET /revival/loadout -> 200

* 18:46:46.409  WS -> /notifications/players/9b9d2c887e2524f918e383a895f2f1c2 BINARY hb (proactive 30s keepalive)
#2437 GET /revival/loadout -> 200
#2438 GET /revival/loadout -> 200
#2439 GET /revival/loadout -> 200
#2440 GET /revival/loadout -> 200
#2441 GET /revival/loadout -> 200
#2442 GET /revival/loadout -> 200
#2443 GET /revival/loadout -> 200
#2444 GET /revival/loadout -> 200
#2445 GET /revival/loadout -> 200
#2446 GET /revival/loadout -> 200
#2447 GET /revival/loadout -> 200
#2448 GET /revival/loadout -> 200
#2449 GET /revival/loadout -> 200
#2450 GET /revival/loadout -> 200
#2451 GET /revival/loadout -> 200
#2452 GET /revival/loadout -> 200
#2453 GET /revival/loadout -> 200
#2454 GET /revival/loadout -> 200
#2455 GET /revival/loadout -> 200
#2456 GET /revival/loadout -> 200
#2457 GET /revival/loadout -> 200
#2458 GET /revival/loadout -> 200
#2459 GET /revival/loadout -> 200
#2460 GET /revival/loadout -> 200
#2461 GET /revival/loadout -> 200
#2462 GET /revival/loadout -> 200
#2463 GET /revival/loadout -> 200
#2464 GET /revival/loadout -> 200
#2465 GET /revival/loadout -> 200
#2466 GET /revival/loadout -> 200
#2467 POST /party/parties/party-9b9d2c887e2524f918e383a895f2f1c2/members/9b9d2c887e2524f918e383a895f2f1c2/latencies -> 200
#2468 GET /revival/loadout -> 200
#2469 GET /revival/loadout -> 200
#2470 GET /revival/loadout -> 200
#2471 GET /revival/loadout -> 200
#2472 GET /revival/loadout -> 200
#2473 GET /configuration/client -> 200
#2474 GET /revival/loadout -> 200
#2475 GET /revival/loadout -> 200
#2476 GET /content-service/manifest/release2.4.live-156430-shipping -> 200
#2477 GET /revival/loadout -> 200
#2478 GET /revival/loadout -> 200
#2479 GET /revival/loadout -> 200
#2480 GET /revival/loadout -> 200
#2481 GET /revival/loadout -> 200
#2482 GET /revival/loadout -> 200
#2483 GET /revival/loadout -> 200
#2484 GET /revival/loadout -> 200
#2485 GET /revival/loadout -> 200
#2486 GET /revival/loadout -> 200
#2487 GET /revival/loadout -> 200
#2488 GET /revival/loadout -> 200
#2489 GET /revival/loadout -> 200
#2490 GET /revival/loadout -> 200
#2491 GET /revival/loadout -> 200
#2492 GET /revival/loadout -> 200
#2493 GET /revival/loadout -> 200
#2494 GET /revival/loadout -> 200
#2495 GET /revival/loadout -> 200
#2496 GET /revival/loadout -> 200
#2497 GET /revival/loadout -> 200
#2498 GET /revival/loadout -> 200
#2499 GET /revival/loadout -> 200
#2500 GET /revival/loadout -> 200
#2501 GET /revival/loadout -> 200
#2502 GET /revival/loadout -> 200
#2503 GET /revival/loadout -> 200
#2504 GET /revival/loadout -> 200
#2505 GET /revival/loadout -> 200
#2506 GET /revival/loadout -> 200
#2507 GET /revival/loadout -> 200
#2508 GET /revival/loadout -> 200
#2509 GET /revival/loadout -> 200
#2510 GET /revival/loadout -> 200
#2511 GET /revival/loadout -> 200
#2512 GET /revival/loadout -> 200
#2513 GET /revival/loadout -> 200
#2514 GET /revival/loadout -> 200
#2515 GET /revival/loadout -> 200
#2516 GET /revival/loadout -> 200
#2517 GET /revival/loadout -> 200
#2518 GET /revival/loadout -> 200
#2519 GET /revival/loadout -> 200
#2520 GET /revival/loadout -> 200
#2521 GET /revival/loadout -> 200
#2522 GET /revival/loadout -> 200
#2523 GET /revival/loadout -> 200
#2524 GET /revival/loadout -> 200
#2525 GET /revival/loadout -> 200
#2526 GET /revival/loadout -> 200
#2527 GET /revival/loadout -> 200
#2528 GET /revival/loadout -> 200
#2529 GET /revival/loadout -> 200
#2530 GET /revival/loadout -> 200
#2531 GET /revival/loadout -> 200
#2532 GET /revival/loadout -> 200
#2533 GET /revival/loadout -> 200
#2534 GET /party/players/9b9d2c887e2524f918e383a895f2f1c2/voice -> 200
#2535 GET /revival/loadout -> 200
#2536 GET /revival/loadout -> 200
#2537 GET /revival/loadout -> 200
#2538 GET /revival/loadout -> 200
#2539 POST /game-telemetry/v1/protected/events -> 200
#2540 GET /revival/loadout -> 200
#2541 GET /revival/loadout -> 200
#2542 GET /revival/loadout -> 200
#2543 GET /revival/loadout -> 200
#2544 GET /revival/loadout -> 200
#2545 GET /revival/loadout -> 200
#2546 GET /revival/loadout -> 200
#2547 GET /revival/loadout -> 200
#2548 GET /revival/loadout -> 200
#2549 GET /revival/loadout -> 200
#2550 GET /revival/loadout -> 200
#2551 GET /revival/loadout -> 200
#2552 GET /revival/loadout -> 200
#2553 GET /revival/loadout -> 200
#2555 GET /mailbox/config/version -> 200
#2554 GET /party/matchmaking/info -> 200
#2556 GET /revival/loadout -> 200

* 18:47:06.512  WS <- /lobby TEXT ""
#2557 GET /revival/loadout -> 200
#2558 GET /revival/loadout -> 200
#2559 GET /revival/loadout -> 200
#2560 GET /revival/loadout -> 200
#2561 GET /revival/loadout -> 200
#2562 GET /revival/loadout -> 200
#2563 GET /revival/loadout -> 200
#2564 GET /revival/loadout -> 200
#2565 GET /revival/loadout -> 200
#2566 GET /revival/loadout -> 200
#2567 GET /revival/loadout -> 200
#2568 GET /revival/loadout -> 200
#2569 GET /revival/loadout -> 200
#2570 GET /revival/loadout -> 200
#2571 GET /revival/loadout -> 200
#2572 GET /revival/loadout -> 200
#2573 GET /revival/loadout -> 200
#2574 GET /revival/loadout -> 200
#2575 GET /revival/loadout -> 200
#2576 GET /revival/loadout -> 200
#2577 GET /revival/loadout -> 200
#2578 GET /revival/loadout -> 200
#2579 GET /revival/loadout -> 200
#2580 GET /revival/loadout -> 200
#2581 GET /revival/loadout -> 200
#2582 GET /revival/loadout -> 200

* 18:47:11.292  WS <- /notifications/players/9b9d2c887e2524f918e383a895f2f1c2 BINARY (2 bytes) 6862
#2583 GET /revival/loadout -> 200

* 18:47:11.315  WS -> /notifications/players/9b9d2c887e2524f918e383a895f2f1c2 TEXT hb reply {"Resource":"hb","Version":0,"Payload":""}
#2584 GET /revival/loadout -> 200
#2585 GET /revival/loadout -> 200
#2586 GET /revival/loadout -> 200
#2587 GET /revival/loadout -> 200
#2588 GET /revival/loadout -> 200
#2589 GET /revival/loadout -> 200
#2590 GET /revival/loadout -> 200
#2591 GET /revival/loadout -> 200
#2592 GET /revival/loadout -> 200
#2593 GET /revival/loadout -> 200
#2594 GET /revival/loadout -> 200
#2595 GET /revival/loadout -> 200
#2596 GET /revival/loadout -> 200
#2597 GET /revival/loadout -> 200
#2598 GET /revival/loadout -> 200
#2599 GET /revival/loadout -> 200
#2600 GET /revival/loadout -> 200
#2601 GET /revival/loadout -> 200
#2602 GET /revival/loadout -> 200
#2603 GET /revival/loadout -> 200
#2604 GET /revival/loadout -> 200
#2605 GET /revival/loadout -> 200
#2606 GET /revival/loadout -> 200
#2607 GET /revival/loadout -> 200
#2608 GET /revival/loadout -> 200
#2609 GET /revival/loadout -> 200
#2610 GET /revival/loadout -> 200
#2611 GET /revival/loadout -> 200
#2612 GET /revival/loadout -> 200
#2613 GET /revival/loadout -> 200
#2614 GET /revival/loadout -> 200
#2615 GET /revival/loadout -> 200
#2616 GET /revival/loadout -> 200
#2617 GET /revival/loadout -> 200
#2618 GET /revival/loadout -> 200
#2619 GET /revival/loadout -> 200
#2620 GET /revival/loadout -> 200
#2621 GET /revival/loadout -> 200
#2622 GET /revival/loadout -> 200
#2623 GET /revival/loadout -> 200
#2624 GET /revival/loadout -> 200
#2625 GET /revival/loadout -> 200
#2626 GET /revival/loadout -> 200
#2627 GET /revival/loadout -> 200
#2628 GET /revival/loadout -> 200
#2629 GET /revival/loadout -> 200
#2630 GET /revival/loadout -> 200
#2631 GET /revival/loadout -> 200
#2632 GET /revival/loadout -> 200
#2633 GET /revival/loadout -> 200
#2634 GET /revival/loadout -> 200
#2635 GET /revival/loadout -> 200
#2636 GET /revival/loadout -> 200
#2637 GET /revival/loadout -> 200
#2638 GET /revival/loadout -> 200
#2639 GET /revival/loadout -> 200
#2640 GET /revival/loadout -> 200
#2641 GET /revival/loadout -> 200
#2642 POST /party/parties/party-9b9d2c887e2524f918e383a895f2f1c2/members/9b9d2c887e2524f918e383a895f2f1c2/latencies -> 200
#2643 GET /revival/loadout -> 200
#2644 GET /revival/loadout -> 200
#2645 GET /revival/loadout -> 200
#2646 GET /revival/loadout -> 200
#2647 GET /configuration/client -> 200
#2648 GET /revival/loadout -> 200
#2649 GET /revival/loadout -> 200
#2650 GET /content-service/manifest/release2.4.live-156430-shipping -> 200
#2651 GET /revival/loadout -> 200
#2652 GET /revival/loadout -> 200
#2653 GET /revival/loadout -> 200
#2654 GET /revival/loadout -> 200
#2655 GET /revival/loadout -> 200
#2656 GET /revival/loadout -> 200
#2657 GET /revival/loadout -> 200
#2658 GET /revival/loadout -> 200
#2659 GET /revival/loadout -> 200
#2660 GET /revival/loadout -> 200
#2661 GET /revival/loadout -> 200
#2662 GET /revival/loadout -> 200
#2663 GET /revival/loadout -> 200
#2664 GET /revival/loadout -> 200
#2665 GET /revival/loadout -> 200
#2666 GET /revival/loadout -> 200
#2667 GET /revival/loadout -> 200
#2668 GET /revival/loadout -> 200
#2669 GET /revival/loadout -> 200
#2670 GET /revival/loadout -> 200
#2671 GET /revival/loadout -> 200
#2672 GET /revival/loadout -> 200
#2673 GET /revival/loadout -> 200
#2674 GET /revival/loadout -> 200
#2675 GET /revival/loadout -> 200
#2676 GET /revival/loadout -> 200
#2677 GET /revival/loadout -> 200
#2678 GET /revival/loadout -> 200
#2679 GET /revival/loadout -> 200
#2680 GET /revival/loadout -> 200
#2681 GET /revival/loadout -> 200
#2682 GET /revival/loadout -> 200
#2683 GET /revival/loadout -> 200
#2684 GET /revival/loadout -> 200
#2685 GET /revival/loadout -> 200
#2686 GET /revival/loadout -> 200
#2687 GET /revival/loadout -> 200
#2688 GET /revival/loadout -> 200
#2689 GET /revival/loadout -> 200
#2690 GET /revival/loadout -> 200
#2691 GET /revival/loadout -> 200
#2692 GET /revival/loadout -> 200
#2693 GET /revival/loadout -> 200
#2694 GET /revival/loadout -> 200
#2695 GET /revival/loadout -> 200
#2696 GET /revival/loadout -> 200
#2697 GET /revival/loadout -> 200
#2698 GET /revival/loadout -> 200
#2699 GET /revival/loadout -> 200
#2700 GET /revival/loadout -> 200
#2701 GET /revival/loadout -> 200
#2702 GET /revival/loadout -> 200
#2703 GET /revival/loadout -> 200
#2704 GET /revival/loadout -> 200
#2705 GET /revival/loadout -> 200
#2706 GET /revival/loadout -> 200
#2707 GET /revival/loadout -> 200
#2708 GET /revival/loadout -> 200
#2709 GET /revival/loadout -> 200
#2710 GET /revival/loadout -> 200
#2711 GET /party/players/9b9d2c887e2524f918e383a895f2f1c2/voice -> 200
#2712 GET /revival/loadout -> 200
#2713 GET /revival/loadout -> 200
#2714 GET /revival/loadout -> 200
#2715 GET /revival/loadout -> 200
#2716 GET /revival/loadout -> 200
#2717 GET /revival/loadout -> 200
#2718 GET /revival/loadout -> 200
#2719 GET /revival/loadout -> 200
#2720 GET /revival/loadout -> 200
#2721 GET /revival/loadout -> 200
#2722 GET /revival/loadout -> 200
#2723 GET /revival/loadout -> 200
#2724 GET /revival/loadout -> 200
#2725 GET /revival/loadout -> 200
#2726 GET /revival/loadout -> 200
#2727 GET /revival/loadout -> 200
#2728 GET /core-game/regions -> 200
#2729 GET /party/matchmaking/info -> 200
#2730 GET /revival/loadout -> 200

* 18:47:36.524  WS <- /lobby TEXT ""
#2731 GET /revival/loadout -> 200
#2732 GET /revival/loadout -> 200
#2733 GET /revival/loadout -> 200
#2734 GET /revival/loadout -> 200
#2735 GET /revival/loadout -> 200
#2736 GET /revival/loadout -> 200
#2737 GET /revival/loadout -> 200
#2738 GET /revival/loadout -> 200
#2739 GET /revival/loadout -> 200
#2740 GET /revival/loadout -> 200
#2741 GET /revival/loadout -> 200
#2742 GET /revival/loadout -> 200
#2743 GET /revival/loadout -> 200
#2744 GET /revival/loadout -> 200
#2745 GET /revival/loadout -> 200
#2746 GET /revival/loadout -> 200
#2747 GET /revival/loadout -> 200
#2748 GET /revival/loadout -> 200
#2749 GET /revival/loadout -> 200
#2750 GET /revival/loadout -> 200
#2751 GET /revival/loadout -> 200
#2752 GET /revival/loadout -> 200
#2753 GET /revival/loadout -> 200
#2754 GET /revival/loadout -> 200
#2755 GET /revival/loadout -> 200
#2756 GET /revival/loadout -> 200
#2757 GET /revival/loadout -> 200

* 18:47:41.373  WS -> /notifications/players/9b9d2c887e2524f918e383a895f2f1c2 BINARY hb (proactive 30s keepalive)
#2758 GET /revival/loadout -> 200
#2759 GET /revival/loadout -> 200
#2760 GET /revival/loadout -> 200
#2761 GET /revival/loadout -> 200
#2762 GET /revival/loadout -> 200
#2763 GET /revival/loadout -> 200
#2764 GET /revival/loadout -> 200
#2765 GET /revival/loadout -> 200
#2766 GET /revival/loadout -> 200
#2767 GET /revival/loadout -> 200
#2768 GET /revival/loadout -> 200
#2769 GET /revival/loadout -> 200
#2770 GET /revival/loadout -> 200
#2771 GET /revival/loadout -> 200
#2772 GET /revival/loadout -> 200
#2773 GET /revival/loadout -> 200
#2774 GET /revival/loadout -> 200
#2775 GET /revival/loadout -> 200
#2776 GET /revival/loadout -> 200
#2777 GET /revival/loadout -> 200
#2778 GET /revival/loadout -> 200
#2779 GET /revival/loadout -> 200
#2780 GET /revival/loadout -> 200
#2781 GET /revival/loadout -> 200
#2782 GET /revival/loadout -> 200
#2783 GET /revival/loadout -> 200
#2784 GET /revival/loadout -> 200
#2785 GET /revival/loadout -> 200
#2786 GET /revival/loadout -> 200
#2787 GET /revival/loadout -> 200
#2788 GET /revival/loadout -> 200
#2789 GET /revival/loadout -> 200
#2790 GET /revival/loadout -> 200
#2791 GET /revival/loadout -> 200
#2792 GET /revival/loadout -> 200
#2793 GET /revival/loadout -> 200
#2794 GET /revival/loadout -> 200
#2795 GET /revival/loadout -> 200
#2796 GET /revival/loadout -> 200
#2797 GET /revival/loadout -> 200
#2798 GET /revival/loadout -> 200
#2799 GET /revival/loadout -> 200
#2800 GET /revival/loadout -> 200
#2801 GET /revival/loadout -> 200
#2802 GET /revival/loadout -> 200
#2803 GET /revival/loadout -> 200
#2804 GET /revival/loadout -> 200
#2805 GET /revival/loadout -> 200
#2806 GET /revival/loadout -> 200
#2807 GET /revival/loadout -> 200
#2808 GET /revival/loadout -> 200
#2809 GET /revival/loadout -> 200
#2810 GET /revival/loadout -> 200
#2811 GET /revival/loadout -> 200
#2812 GET /revival/loadout -> 200
#2813 GET /revival/loadout -> 200
#2814 GET /revival/loadout -> 200
#2815 GET /revival/loadout -> 200
#2816 GET /revival/loadout -> 200
#2817 POST /party/parties/party-9b9d2c887e2524f918e383a895f2f1c2/members/9b9d2c887e2524f918e383a895f2f1c2/latencies -> 200
#2818 GET /revival/loadout -> 200
#2819 GET /revival/loadout -> 200
#2820 GET /revival/loadout -> 200
#2821 GET /revival/loadout -> 200
#2822 GET /configuration/client -> 200
#2823 GET /revival/loadout -> 200
#2824 GET /content-service/manifest/release2.4.live-156430-shipping -> 200
#2825 GET /revival/loadout -> 200
#2826 GET /revival/loadout -> 200
#2827 GET /revival/loadout -> 200
#2828 GET /revival/loadout -> 200
#2829 GET /revival/loadout -> 200
#2830 GET /revival/loadout -> 200
#2831 GET /revival/loadout -> 200
#2832 GET /revival/loadout -> 200
#2833 GET /revival/loadout -> 200
#2834 GET /revival/loadout -> 200
#2835 GET /revival/loadout -> 200
#2836 GET /revival/loadout -> 200
#2837 GET /revival/loadout -> 200
#2838 GET /revival/loadout -> 200
#2839 GET /revival/loadout -> 200
#2840 GET /revival/loadout -> 200
#2841 GET /revival/loadout -> 200
#2842 GET /revival/loadout -> 200
#2843 GET /revival/loadout -> 200
#2844 GET /revival/loadout -> 200
#2845 GET /revival/loadout -> 200
#2846 GET /revival/loadout -> 200
#2847 GET /revival/loadout -> 200
#2848 GET /revival/loadout -> 200
#2849 GET /revival/loadout -> 200
#2850 GET /revival/loadout -> 200
#2851 GET /revival/loadout -> 200
#2852 GET /revival/loadout -> 200
#2853 GET /revival/loadout -> 200
#2854 GET /revival/loadout -> 200
#2855 GET /revival/loadout -> 200
#2856 GET /revival/loadout -> 200
#2857 GET /revival/loadout -> 200
#2858 GET /revival/loadout -> 200
#2859 GET /revival/loadout -> 200
#2860 GET /revival/loadout -> 200
#2861 GET /revival/loadout -> 200
#2862 GET /revival/loadout -> 200
#2863 GET /revival/loadout -> 200
#2864 GET /revival/loadout -> 200
#2865 GET /revival/loadout -> 200
#2866 GET /revival/loadout -> 200
#2867 GET /revival/loadout -> 200
#2868 GET /revival/loadout -> 200
#2869 GET /revival/loadout -> 200
#2870 GET /revival/loadout -> 200
#2871 GET /revival/loadout -> 200
#2872 GET /revival/loadout -> 200
#2873 GET /revival/loadout -> 200
#2874 GET /revival/loadout -> 200
#2875 GET /revival/loadout -> 200
#2876 GET /revival/loadout -> 200
#2877 GET /revival/loadout -> 200
#2878 GET /revival/loadout -> 200
#2879 GET /revival/loadout -> 200
#2880 GET /revival/loadout -> 200
#2881 GET /revival/loadout -> 200
#2882 GET /revival/loadout -> 200
#2883 GET /revival/loadout -> 200
#2884 GET /revival/loadout -> 200
#2885 GET /revival/loadout -> 200
#2886 GET /revival/loadout -> 200
#2887 GET /revival/loadout -> 200
#2888 GET /party/players/9b9d2c887e2524f918e383a895f2f1c2/voice -> 200
#2889 POST /game-telemetry/v1/protected/events -> 200
#2890 GET /revival/loadout -> 200
#2891 GET /revival/loadout -> 200
#2892 GET /revival/loadout -> 200
#2893 GET /revival/loadout -> 200
#2894 GET /revival/loadout -> 200
#2895 GET /revival/loadout -> 200
#2896 GET /revival/loadout -> 200
#2897 GET /revival/loadout -> 200
#2898 GET /revival/loadout -> 200
#2899 GET /revival/loadout -> 200
#2900 GET /revival/loadout -> 200
#2901 GET /revival/loadout -> 200
#2902 GET /revival/loadout -> 200
#2903 GET /party/matchmaking/info -> 200

* 18:48:06.313  WS <- /notifications/players/9b9d2c887e2524f918e383a895f2f1c2 BINARY (2 bytes) 6862

* 18:48:06.361  WS -> /notifications/players/9b9d2c887e2524f918e383a895f2f1c2 TEXT hb reply {"Resource":"hb","Version":0,"Payload":""}
#2904 GET /revival/loadout -> 200

* 18:48:06.523  WS <- /lobby TEXT ""
#2905 GET /revival/loadout -> 200
#2906 GET /revival/loadout -> 200
#2907 GET /revival/loadout -> 200
#2908 GET /revival/loadout -> 200
#2909 GET /revival/loadout -> 200
#2910 GET /revival/loadout -> 200
#2911 GET /revival/loadout -> 200
#2912 GET /revival/loadout -> 200
#2913 GET /revival/loadout -> 200
#2914 GET /revival/loadout -> 200
#2915 GET /revival/loadout -> 200
#2916 GET /revival/loadout -> 200
#2917 GET /revival/loadout -> 200
#2918 GET /revival/loadout -> 200
#2919 GET /revival/loadout -> 200
#2920 GET /revival/loadout -> 200
#2921 GET /revival/loadout -> 200
#2922 GET /revival/loadout -> 200
#2923 GET /revival/loadout -> 200
#2924 GET /revival/loadout -> 200
#2925 GET /revival/loadout -> 200
#2926 GET /revival/loadout -> 200
#2927 GET /revival/loadout -> 200
#2928 GET /revival/loadout -> 200
#2929 GET /revival/loadout -> 200
#2930 GET /revival/loadout -> 200
#2931 GET /revival/loadout -> 200
#2932 GET /revival/loadout -> 200
#2933 GET /revival/loadout -> 200
#2934 GET /revival/loadout -> 200
#2935 GET /revival/loadout -> 200
#2936 GET /revival/loadout -> 200
#2937 GET /revival/loadout -> 200
#2938 GET /revival/loadout -> 200
#2939 GET /revival/loadout -> 200
#2940 GET /revival/loadout -> 200
#2941 GET /revival/loadout -> 200
#2942 GET /revival/loadout -> 200
#2943 GET /revival/loadout -> 200
#2944 GET /revival/loadout -> 200
#2945 GET /revival/loadout -> 200
#2946 GET /revival/loadout -> 200
#2947 GET /revival/loadout -> 200
#2948 GET /revival/loadout -> 200
#2949 GET /revival/loadout -> 200
#2950 GET /revival/loadout -> 200
#2951 GET /revival/loadout -> 200
#2952 GET /revival/loadout -> 200
#2953 GET /revival/loadout -> 200
#2954 GET /revival/loadout -> 200
#2955 GET /revival/loadout -> 200
#2956 GET /revival/loadout -> 200
#2957 GET /revival/loadout -> 200
#2958 GET /revival/loadout -> 200
#2959 GET /revival/loadout -> 200
#2960 GET /revival/loadout -> 200
#2961 GET /revival/loadout -> 200
#2962 GET /revival/loadout -> 200
#2963 GET /revival/loadout -> 200
#2964 GET /revival/loadout -> 200
#2965 GET /revival/loadout -> 200
#2966 GET /revival/loadout -> 200
#2967 GET /revival/loadout -> 200
#2968 GET /revival/loadout -> 200
#2969 GET /revival/loadout -> 200
#2970 GET /revival/loadout -> 200
#2971 GET /revival/loadout -> 200
#2972 GET /revival/loadout -> 200
#2973 GET /revival/loadout -> 200
#2974 GET /revival/loadout -> 200
#2975 GET /revival/loadout -> 200
#2976 GET /revival/loadout -> 200
#2977 GET /revival/loadout -> 200
#2978 GET /revival/loadout -> 200
#2979 GET /revival/loadout -> 200
#2980 GET /revival/loadout -> 200
#2981 GET /revival/loadout -> 200
#2982 GET /revival/loadout -> 200
#2983 GET /revival/loadout -> 200
#2984 GET /revival/loadout -> 200
#2985 GET /revival/loadout -> 200
#2986 GET /revival/loadout -> 200
#2987 GET /revival/loadout -> 200
#2988 GET /revival/loadout -> 200
#2989 GET /revival/loadout -> 200
#2990 GET /revival/loadout -> 200
#2991 GET /revival/loadout -> 200
#2992 GET /revival/loadout -> 200
#2993 POST /party/parties/party-9b9d2c887e2524f918e383a895f2f1c2/members/9b9d2c887e2524f918e383a895f2f1c2/latencies -> 200
#2994 GET /revival/loadout -> 200
#2995 GET /revival/loadout -> 200
#2996 GET /revival/loadout -> 200
#2997 GET /configuration/client -> 200
#2998 GET /revival/loadout -> 200
#2999 GET /content-service/manifest/release2.4.live-156430-shipping -> 200
#3000 GET /revival/loadout -> 200
#3001 GET /revival/loadout -> 200
#3002 GET /revival/loadout -> 200
#3003 GET /revival/loadout -> 200
#3004 GET /revival/loadout -> 200
#3005 GET /revival/loadout -> 200
#3006 GET /revival/loadout -> 200
#3007 GET /revival/loadout -> 200
#3008 GET /revival/loadout -> 200
#3009 GET /revival/loadout -> 200
#3010 GET /revival/loadout -> 200
#3011 GET /revival/loadout -> 200
#3012 GET /revival/loadout -> 200
#3013 GET /revival/loadout -> 200
#3014 GET /revival/loadout -> 200
#3015 GET /revival/loadout -> 200
#3016 GET /revival/loadout -> 200
#3017 GET /revival/loadout -> 200
#3018 GET /revival/loadout -> 200
#3019 GET /revival/loadout -> 200
#3020 GET /revival/loadout -> 200
#3021 GET /revival/loadout -> 200
#3022 GET /revival/loadout -> 200
#3023 GET /revival/loadout -> 200
#3024 GET /revival/loadout -> 200
#3025 GET /revival/loadout -> 200
#3026 GET /revival/loadout -> 200
#3027 GET /revival/loadout -> 200
#3028 GET /revival/loadout -> 200
#3029 GET /revival/loadout -> 200
#3030 GET /revival/loadout -> 200
#3031 GET /revival/loadout -> 200
#3032 GET /revival/loadout -> 200
#3033 GET /revival/loadout -> 200
#3034 GET /revival/loadout -> 200
#3035 GET /revival/loadout -> 200
#3036 GET /revival/loadout -> 200
#3037 GET /revival/loadout -> 200
#3038 GET /revival/loadout -> 200
#3039 GET /revival/loadout -> 200
#3040 GET /revival/loadout -> 200
#3041 GET /revival/loadout -> 200
#3042 GET /revival/loadout -> 200
#3043 GET /revival/loadout -> 200
#3044 GET /revival/loadout -> 200
#3045 GET /revival/loadout -> 200
#3046 GET /revival/loadout -> 200
#3047 GET /revival/loadout -> 200
#3048 GET /revival/loadout -> 200
#3049 GET /revival/loadout -> 200
#3050 GET /revival/loadout -> 200
#3051 GET /revival/loadout -> 200
#3052 GET /revival/loadout -> 200
#3053 GET /revival/loadout -> 200
#3054 GET /revival/loadout -> 200
#3055 GET /revival/loadout -> 200
#3056 GET /revival/loadout -> 200
#3057 GET /revival/loadout -> 200
#3058 GET /revival/loadout -> 200
#3059 GET /revival/loadout -> 200
#3060 GET /revival/loadout -> 200
#3061 GET /revival/loadout -> 200
#3062 GET /revival/loadout -> 200
#3063 GET /revival/loadout -> 200
#3064 GET /revival/loadout -> 200
#3065 GET /party/players/9b9d2c887e2524f918e383a895f2f1c2/voice -> 200
#3066 GET /revival/loadout -> 200
#3067 GET /revival/loadout -> 200
#3068 GET /revival/loadout -> 200
#3069 GET /revival/loadout -> 200
#3070 GET /revival/loadout -> 200
#3071 GET /revival/loadout -> 200
#3072 GET /revival/loadout -> 200
#3073 GET /revival/loadout -> 200
#3074 GET /revival/loadout -> 200
#3075 GET /revival/loadout -> 200
#3076 GET /revival/loadout -> 200
#3077 GET /party/matchmaking/info -> 200
#3078 GET /core-game/regions -> 200
#3079 GET /mailbox/config/version -> 200

* 18:48:36.436  WS -> /notifications/players/9b9d2c887e2524f918e383a895f2f1c2 BINARY hb (proactive 30s keepalive)
#3080 GET /revival/loadout -> 200

* 18:48:36.535  WS <- /lobby TEXT ""
#3081 GET /revival/loadout -> 200
#3082 GET /revival/loadout -> 200
#3083 GET /revival/loadout -> 200
#3084 GET /revival/loadout -> 200
#3085 GET /revival/loadout -> 200
#3086 GET /revival/loadout -> 200
#3087 GET /revival/loadout -> 200
#3088 GET /revival/loadout -> 200
#3089 GET /revival/loadout -> 200
#3090 GET /revival/loadout -> 200
#3091 GET /revival/loadout -> 200
#3092 GET /revival/loadout -> 200
#3093 GET /revival/loadout -> 200
#3094 GET /revival/loadout -> 200
#3095 GET /revival/loadout -> 200
#3096 GET /revival/loadout -> 200
#3097 GET /revival/loadout -> 200
#3098 GET /revival/loadout -> 200
#3099 GET /revival/loadout -> 200
#3100 GET /revival/loadout -> 200
#3101 GET /revival/loadout -> 200
#3102 GET /revival/loadout -> 200
#3103 GET /revival/loadout -> 200
#3104 GET /revival/loadout -> 200
#3105 GET /revival/loadout -> 200
#3106 GET /revival/loadout -> 200
#3107 GET /revival/loadout -> 200
#3108 GET /revival/loadout -> 200
#3109 GET /revival/loadout -> 200
#3110 GET /revival/loadout -> 200
#3111 GET /revival/loadout -> 200
#3112 GET /revival/loadout -> 200
#3113 GET /revival/loadout -> 200
#3114 GET /revival/loadout -> 200
#3115 GET /revival/loadout -> 200
#3116 GET /revival/loadout -> 200
#3117 GET /revival/loadout -> 200
#3118 GET /revival/loadout -> 200
#3119 GET /revival/loadout -> 200
#3120 GET /revival/loadout -> 200
#3121 GET /revival/loadout -> 200
#3122 GET /revival/loadout -> 200
#3123 GET /revival/loadout -> 200
#3124 GET /revival/loadout -> 200
#3125 GET /revival/loadout -> 200
#3126 GET /revival/loadout -> 200
#3127 GET /revival/loadout -> 200
#3128 GET /revival/loadout -> 200
#3129 GET /revival/loadout -> 200
#3130 GET /revival/loadout -> 200
#3131 GET /revival/loadout -> 200
#3132 GET /revival/loadout -> 200
#3133 GET /revival/loadout -> 200
#3134 GET /revival/loadout -> 200
#3135 GET /revival/loadout -> 200
#3136 GET /revival/loadout -> 200
#3137 GET /revival/loadout -> 200
#3138 GET /revival/loadout -> 200
#3139 GET /revival/loadout -> 200
#3140 GET /revival/loadout -> 200
#3141 GET /revival/loadout -> 200
#3142 GET /revival/loadout -> 200
#3143 GET /revival/loadout -> 200
#3144 GET /revival/loadout -> 200
#3145 GET /revival/loadout -> 200
#3146 GET /revival/loadout -> 200
#3147 GET /revival/loadout -> 200
#3148 GET /revival/loadout -> 200
#3149 GET /revival/loadout -> 200
#3150 GET /revival/loadout -> 200
#3151 GET /revival/loadout -> 200
#3152 GET /revival/loadout -> 200
#3153 GET /revival/loadout -> 200
#3154 GET /revival/loadout -> 200
#3155 GET /revival/loadout -> 200
#3156 GET /revival/loadout -> 200
#3157 GET /revival/loadout -> 200
#3158 GET /revival/loadout -> 200
#3159 GET /revival/loadout -> 200
#3160 GET /revival/loadout -> 200
#3161 GET /revival/loadout -> 200
#3162 GET /revival/loadout -> 200
#3163 GET /revival/loadout -> 200
#3164 GET /revival/loadout -> 200
#3165 GET /revival/loadout -> 200
#3166 GET /revival/loadout -> 200
#3167 GET /revival/loadout -> 200
#3168 GET /revival/loadout -> 200
#3169 GET /revival/loadout -> 200
#3170 POST /party/parties/party-9b9d2c887e2524f918e383a895f2f1c2/members/9b9d2c887e2524f918e383a895f2f1c2/latencies -> 200
#3171 GET /revival/loadout -> 200
#3172 GET /revival/loadout -> 200
#3173 GET /configuration/client -> 200
#3174 GET /revival/loadout -> 200
#3175 GET /revival/loadout -> 200
#3176 GET /content-service/manifest/release2.4.live-156430-shipping -> 200
#3177 GET /revival/loadout -> 200
#3178 GET /revival/loadout -> 200
#3179 GET /revival/loadout -> 200
#3180 GET /revival/loadout -> 200
#3181 GET /revival/loadout -> 200
#3182 GET /revival/loadout -> 200
#3183 GET /revival/loadout -> 200
#3184 GET /revival/loadout -> 200
#3185 GET /revival/loadout -> 200
#3186 GET /revival/loadout -> 200
#3187 GET /revival/loadout -> 200
#3188 GET /revival/loadout -> 200
#3189 GET /revival/loadout -> 200
#3190 GET /revival/loadout -> 200
#3191 GET /revival/loadout -> 200
#3192 GET /revival/loadout -> 200
#3193 GET /revival/loadout -> 200
#3194 GET /revival/loadout -> 200
#3195 GET /revival/loadout -> 200
#3196 GET /revival/loadout -> 200
#3197 GET /revival/loadout -> 200
#3198 GET /revival/loadout -> 200
#3199 GET /revival/loadout -> 200
#3200 GET /revival/loadout -> 200
#3201 GET /revival/loadout -> 200
#3202 GET /revival/loadout -> 200
#3203 GET /revival/loadout -> 200
#3204 GET /revival/loadout -> 200
#3205 GET /revival/loadout -> 200
#3206 GET /revival/loadout -> 200
#3207 GET /revival/loadout -> 200
#3208 GET /revival/loadout -> 200
#3209 GET /revival/loadout -> 200
#3210 GET /revival/loadout -> 200
#3211 GET /revival/loadout -> 200
#3212 GET /revival/loadout -> 200
#3213 GET /revival/loadout -> 200
#3214 GET /revival/loadout -> 200
#3215 GET /revival/loadout -> 200
#3216 GET /revival/loadout -> 200
#3217 GET /revival/loadout -> 200
#3218 GET /revival/loadout -> 200
#3219 GET /revival/loadout -> 200
#3220 GET /revival/loadout -> 200
#3221 GET /revival/loadout -> 200
#3222 GET /revival/loadout -> 200
#3223 GET /revival/loadout -> 200

* 18:49:01.333  WS <- /notifications/players/9b9d2c887e2524f918e383a895f2f1c2 BINARY (2 bytes) 6862

* 18:49:01.365  WS -> /notifications/players/9b9d2c887e2524f918e383a895f2f1c2 TEXT hb reply {"Resource":"hb","Version":0,"Payload":""}
#3224 GET /revival/loadout -> 200
#3225 GET /revival/loadout -> 200
#3226 GET /revival/loadout -> 200
#3227 GET /revival/loadout -> 200
#3228 GET /revival/loadout -> 200
#3229 GET /revival/loadout -> 200
#3230 GET /revival/loadout -> 200
#3231 GET /revival/loadout -> 200
#3232 GET /revival/loadout -> 200
#3233 GET /revival/loadout -> 200
#3234 GET /revival/loadout -> 200
#3235 GET /revival/loadout -> 200
#3236 GET /revival/loadout -> 200
#3237 GET /revival/loadout -> 200
#3238 POST /game-telemetry/v1/protected/events -> 200
#3239 GET /revival/loadout -> 200
#3240 GET /revival/loadout -> 200
#3241 GET /revival/loadout -> 200
#3242 GET /revival/loadout -> 200
#3243 GET /revival/loadout -> 200
#3244 GET /party/players/9b9d2c887e2524f918e383a895f2f1c2/voice -> 200
#3245 GET /revival/loadout -> 200
#3246 GET /revival/loadout -> 200
#3247 GET /revival/loadout -> 200
#3248 GET /revival/loadout -> 200
#3249 GET /revival/loadout -> 200
#3250 GET /revival/loadout -> 200
#3251 GET /revival/loadout -> 200
#3252 GET /revival/loadout -> 200
#3253 GET /party/matchmaking/info -> 200
#3254 GET /revival/loadout -> 200

* 18:49:06.544  WS <- /lobby TEXT ""
#3255 GET /revival/loadout -> 200
#3256 GET /revival/loadout -> 200
#3257 GET /revival/loadout -> 200
#3258 GET /revival/loadout -> 200
#3259 GET /revival/loadout -> 200
#3260 GET /revival/loadout -> 200
#3261 GET /revival/loadout -> 200
#3262 GET /revival/loadout -> 200
#3263 GET /revival/loadout -> 200
#3264 GET /revival/loadout -> 200
#3265 GET /revival/loadout -> 200
#3266 GET /revival/loadout -> 200
#3267 GET /revival/loadout -> 200
#3268 GET /revival/loadout -> 200
#3269 GET /revival/loadout -> 200
#3270 GET /revival/loadout -> 200
#3271 GET /revival/loadout -> 200
#3272 GET /revival/loadout -> 200
#3273 GET /revival/loadout -> 200
#3274 GET /revival/loadout -> 200
#3275 GET /revival/loadout -> 200
#3276 GET /revival/loadout -> 200
#3277 GET /revival/loadout -> 200
#3278 GET /revival/loadout -> 200
#3279 GET /revival/loadout -> 200
#3280 GET /revival/loadout -> 200
#3281 GET /revival/loadout -> 200
#3282 GET /revival/loadout -> 200
#3283 GET /revival/loadout -> 200
#3284 GET /revival/loadout -> 200
#3285 GET /revival/loadout -> 200
#3286 GET /revival/loadout -> 200
#3287 GET /revival/loadout -> 200
#3288 GET /revival/loadout -> 200
#3289 GET /revival/loadout -> 200
#3290 GET /revival/loadout -> 200
#3291 GET /revival/loadout -> 200
#3292 GET /revival/loadout -> 200
#3293 GET /revival/loadout -> 200
#3294 GET /revival/loadout -> 200
#3295 GET /revival/loadout -> 200
#3296 GET /revival/loadout -> 200
#3297 GET /revival/loadout -> 200
#3298 GET /revival/loadout -> 200
#3299 GET /revival/loadout -> 200
#3300 GET /revival/loadout -> 200
#3301 GET /revival/loadout -> 200
#3302 GET /revival/loadout -> 200
#3303 GET /revival/loadout -> 200
#3304 GET /revival/loadout -> 200
#3305 GET /revival/loadout -> 200
#3306 GET /revival/loadout -> 200
#3307 GET /revival/loadout -> 200
#3308 GET /revival/loadout -> 200
#3309 GET /revival/loadout -> 200
#3310 GET /revival/loadout -> 200
#3311 GET /revival/loadout -> 200
#3312 GET /revival/loadout -> 200
#3313 GET /revival/loadout -> 200
#3314 GET /revival/loadout -> 200
#3315 GET /revival/loadout -> 200
#3316 GET /revival/loadout -> 200
#3317 GET /revival/loadout -> 200
#3318 GET /revival/loadout -> 200
#3319 GET /revival/loadout -> 200
#3320 GET /revival/loadout -> 200
#3321 GET /revival/loadout -> 200
#3322 GET /revival/loadout -> 200
#3323 GET /revival/loadout -> 200
#3324 GET /revival/loadout -> 200
#3325 GET /revival/loadout -> 200
#3326 GET /revival/loadout -> 200
#3327 GET /revival/loadout -> 200
#3328 GET /revival/loadout -> 200
#3329 GET /revival/loadout -> 200
#3330 GET /revival/loadout -> 200
#3331 GET /revival/loadout -> 200
#3332 GET /revival/loadout -> 200
#3333 GET /revival/loadout -> 200
#3334 GET /revival/loadout -> 200
#3335 GET /revival/loadout -> 200
#3336 GET /revival/loadout -> 200
#3337 GET /revival/loadout -> 200
#3338 GET /revival/loadout -> 200
#3339 GET /revival/loadout -> 200
#3340 GET /revival/loadout -> 200
#3341 GET /revival/loadout -> 200
#3342 GET /revival/loadout -> 200
#3343 GET /revival/loadout -> 200
#3344 POST /party/parties/party-9b9d2c887e2524f918e383a895f2f1c2/members/9b9d2c887e2524f918e383a895f2f1c2/latencies -> 200
#3345 GET /revival/loadout -> 200
#3346 GET /configuration/client -> 200
#3347 GET /revival/loadout -> 200
#3348 GET /revival/loadout -> 200
#3349 GET /content-service/manifest/release2.4.live-156430-shipping -> 200
#3350 GET /revival/loadout -> 200
#3351 GET /revival/loadout -> 200
#3352 GET /revival/loadout -> 200
#3353 GET /revival/loadout -> 200
#3354 GET /revival/loadout -> 200
#3355 GET /revival/loadout -> 200
#3356 GET /revival/loadout -> 200
#3357 GET /revival/loadout -> 200
#3358 GET /revival/loadout -> 200
#3359 GET /revival/loadout -> 200
#3360 GET /revival/loadout -> 200
#3361 GET /revival/loadout -> 200
#3362 GET /revival/loadout -> 200
#3363 GET /revival/loadout -> 200
#3364 GET /revival/loadout -> 200
#3365 GET /revival/loadout -> 200
#3366 GET /revival/loadout -> 200
#3367 GET /revival/loadout -> 200
#3368 GET /revival/loadout -> 200
#3369 GET /revival/loadout -> 200
#3370 GET /revival/loadout -> 200
#3371 GET /revival/loadout -> 200
#3372 GET /revival/loadout -> 200
#3373 GET /revival/loadout -> 200
#3374 GET /revival/loadout -> 200
#3375 GET /revival/loadout -> 200
#3376 GET /revival/loadout -> 200
#3377 GET /revival/loadout -> 200
#3378 GET /revival/loadout -> 200
#3379 GET /revival/loadout -> 200
#3380 GET /revival/loadout -> 200
#3381 GET /revival/loadout -> 200
#3382 GET /revival/loadout -> 200
#3383 GET /revival/loadout -> 200
#3384 GET /revival/loadout -> 200
#3385 GET /revival/loadout -> 200
#3386 GET /revival/loadout -> 200
#3387 GET /revival/loadout -> 200
#3388 GET /revival/loadout -> 200
#3389 GET /revival/loadout -> 200
#3390 GET /revival/loadout -> 200
#3391 GET /revival/loadout -> 200
#3392 GET /revival/loadout -> 200
#3393 GET /revival/loadout -> 200
#3394 GET /revival/loadout -> 200
#3395 GET /revival/loadout -> 200
#3396 GET /revival/loadout -> 200

* 18:49:31.449  WS -> /notifications/players/9b9d2c887e2524f918e383a895f2f1c2 BINARY hb (proactive 30s keepalive)
#3397 GET /revival/loadout -> 200
#3398 GET /revival/loadout -> 200
#3399 GET /revival/loadout -> 200
#3400 GET /revival/loadout -> 200
#3401 GET /revival/loadout -> 200
#3402 GET /revival/loadout -> 200
#3403 GET /revival/loadout -> 200
#3404 GET /revival/loadout -> 200
#3405 GET /revival/loadout -> 200
#3406 GET /revival/loadout -> 200
#3407 GET /revival/loadout -> 200
#3408 GET /revival/loadout -> 200
#3409 GET /revival/loadout -> 200
#3410 GET /revival/loadout -> 200
#3411 GET /revival/loadout -> 200
#3412 GET /revival/loadout -> 200
#3413 GET /revival/loadout -> 200
#3414 GET /revival/loadout -> 200
#3415 GET /revival/loadout -> 200
#3416 GET /revival/loadout -> 200
#3417 GET /party/players/9b9d2c887e2524f918e383a895f2f1c2/voice -> 200
#3418 GET /revival/loadout -> 200
#3419 GET /revival/loadout -> 200
#3420 GET /revival/loadout -> 200
#3421 GET /revival/loadout -> 200
#3422 GET /revival/loadout -> 200
#3423 GET /revival/loadout -> 200
#3424 GET /revival/loadout -> 200
#3425 GET /party/matchmaking/info -> 200
#3426 GET /core-game/regions -> 200
#3427 GET /revival/loadout -> 200

* 18:49:36.527  WS <- /lobby TEXT ""
#3428 GET /revival/loadout -> 200
#3429 GET /revival/loadout -> 200
#3430 GET /revival/loadout -> 200
#3431 GET /revival/loadout -> 200
#3432 GET /revival/loadout -> 200
#3433 GET /revival/loadout -> 200
#3434 GET /revival/loadout -> 200
#3435 GET /revival/loadout -> 200
#3436 GET /revival/loadout -> 200
#3437 GET /revival/loadout -> 200
#3438 GET /revival/loadout -> 200
#3439 GET /revival/loadout -> 200
#3440 GET /revival/loadout -> 200
#3441 GET /revival/loadout -> 200
#3442 GET /revival/loadout -> 200
#3443 GET /revival/loadout -> 200
#3444 GET /revival/loadout -> 200
#3445 GET /revival/loadout -> 200
#3446 GET /revival/loadout -> 200
#3447 GET /revival/loadout -> 200
#3448 GET /revival/loadout -> 200
#3449 GET /revival/loadout -> 200
#3450 GET /revival/loadout -> 200
#3451 GET /revival/loadout -> 200
#3452 GET /revival/loadout -> 200
#3453 GET /revival/loadout -> 200
#3454 GET /revival/loadout -> 200
#3455 GET /revival/loadout -> 200
#3456 GET /revival/loadout -> 200
#3457 GET /revival/loadout -> 200
#3458 GET /revival/loadout -> 200
#3459 GET /revival/loadout -> 200
#3460 GET /revival/loadout -> 200
#3461 GET /revival/loadout -> 200
#3462 GET /revival/loadout -> 200
#3463 GET /revival/loadout -> 200
#3464 GET /revival/loadout -> 200
#3465 GET /revival/loadout -> 200
#3466 GET /revival/loadout -> 200
#3467 GET /revival/loadout -> 200
#3468 GET /revival/loadout -> 200
#3469 GET /revival/loadout -> 200
#3470 GET /revival/loadout -> 200
#3471 GET /revival/loadout -> 200
#3472 GET /revival/loadout -> 200
#3473 GET /revival/loadout -> 200
#3474 GET /revival/loadout -> 200
#3475 GET /revival/loadout -> 200
#3476 GET /revival/loadout -> 200
#3477 GET /revival/loadout -> 200
#3478 GET /revival/loadout -> 200
#3479 GET /revival/loadout -> 200
#3480 GET /revival/loadout -> 200
#3481 GET /revival/loadout -> 200
#3482 GET /revival/loadout -> 200
#3483 GET /revival/loadout -> 200
#3484 GET /revival/loadout -> 200
#3485 GET /revival/loadout -> 200
#3486 GET /revival/loadout -> 200
#3487 GET /revival/loadout -> 200
#3488 GET /revival/loadout -> 200
#3489 GET /revival/loadout -> 200
#3490 GET /revival/loadout -> 200
#3491 GET /revival/loadout -> 200
#3492 GET /revival/loadout -> 200
#3493 GET /revival/loadout -> 200
#3494 GET /revival/loadout -> 200
#3495 GET /revival/loadout -> 200
#3496 GET /revival/loadout -> 200
#3497 GET /revival/loadout -> 200
#3498 GET /revival/loadout -> 200
#3499 GET /revival/loadout -> 200
#3500 GET /revival/loadout -> 200
#3501 GET /revival/loadout -> 200
#3502 GET /revival/loadout -> 200
#3503 GET /revival/loadout -> 200
#3504 GET /revival/loadout -> 200
#3505 GET /revival/loadout -> 200
#3506 GET /revival/loadout -> 200
#3507 GET /revival/loadout -> 200
#3508 GET /revival/loadout -> 200
#3509 GET /revival/loadout -> 200
#3510 GET /revival/loadout -> 200
#3511 GET /revival/loadout -> 200
#3512 GET /revival/loadout -> 200
#3513 GET /revival/loadout -> 200
#3514 GET /revival/loadout -> 200
#3515 GET /revival/loadout -> 200
#3516 GET /revival/loadout -> 200
#3517 POST /party/parties/party-9b9d2c887e2524f918e383a895f2f1c2/members/9b9d2c887e2524f918e383a895f2f1c2/latencies -> 200
#3518 GET /configuration/client -> 200
#3519 GET /revival/loadout -> 200
#3520 GET /revival/loadout -> 200
#3521 GET /content-service/manifest/release2.4.live-156430-shipping -> 200
#3522 GET /revival/loadout -> 200
#3523 GET /revival/loadout -> 200
#3524 GET /revival/loadout -> 200
#3525 GET /revival/loadout -> 200
#3526 GET /revival/loadout -> 200
#3527 GET /revival/loadout -> 200
#3528 GET /revival/loadout -> 200
#3529 GET /revival/loadout -> 200
#3530 GET /revival/loadout -> 200
#3531 GET /revival/loadout -> 200
#3532 GET /revival/loadout -> 200
#3533 GET /revival/loadout -> 200
#3534 GET /revival/loadout -> 200
#3535 GET /revival/loadout -> 200
#3536 GET /revival/loadout -> 200
#3537 GET /revival/loadout -> 200
#3538 GET /revival/loadout -> 200
#3539 GET /revival/loadout -> 200
#3540 GET /revival/loadout -> 200

* 18:49:56.318  WS <- /notifications/players/9b9d2c887e2524f918e383a895f2f1c2 BINARY (2 bytes) 6862

* 18:49:56.345  WS -> /notifications/players/9b9d2c887e2524f918e383a895f2f1c2 TEXT hb reply {"Resource":"hb","Version":0,"Payload":""}
#3541 GET /revival/loadout -> 200
#3542 GET /revival/loadout -> 200
#3543 GET /revival/loadout -> 200
#3544 GET /revival/loadout -> 200
#3545 GET /revival/loadout -> 200
#3546 GET /revival/loadout -> 200
#3547 GET /revival/loadout -> 200
#3548 GET /revival/loadout -> 200
#3549 GET /revival/loadout -> 200
#3550 GET /revival/loadout -> 200
#3551 GET /revival/loadout -> 200
#3552 GET /revival/loadout -> 200
#3553 GET /revival/loadout -> 200
#3554 GET /revival/loadout -> 200
#3555 GET /revival/loadout -> 200
#3556 GET /revival/loadout -> 200
#3557 GET /revival/loadout -> 200
#3558 GET /revival/loadout -> 200
#3559 GET /revival/loadout -> 200
#3560 GET /revival/loadout -> 200
#3561 GET /revival/loadout -> 200
#3562 GET /revival/loadout -> 200
#3563 GET /revival/loadout -> 200
#3564 GET /revival/loadout -> 200
#3565 GET /revival/loadout -> 200
#3566 GET /revival/loadout -> 200
#3567 GET /revival/loadout -> 200
#3568 GET /revival/loadout -> 200
#3569 GET /revival/loadout -> 200
#3570 GET /revival/loadout -> 200
#3571 GET /revival/loadout -> 200
#3572 GET /revival/loadout -> 200
#3573 GET /revival/loadout -> 200
#3574 GET /revival/loadout -> 200
#3575 GET /revival/loadout -> 200
#3576 GET /revival/loadout -> 200
#3577 GET /revival/loadout -> 200
#3578 GET /revival/loadout -> 200
#3579 GET /revival/loadout -> 200
#3580 GET /revival/loadout -> 200
#3581 GET /revival/loadout -> 200
#3582 GET /revival/loadout -> 200
#3583 POST /game-telemetry/v1/protected/events -> 200
#3584 GET /revival/loadout -> 200
#3585 GET /revival/loadout -> 200
#3586 GET /revival/loadout -> 200
#3587 GET /revival/loadout -> 200
#3588 GET /revival/loadout -> 200
#3589 GET /revival/loadout -> 200
#3590 GET /revival/loadout -> 200
#3591 GET /revival/loadout -> 200
#3592 GET /revival/loadout -> 200
#3593 GET /party/players/9b9d2c887e2524f918e383a895f2f1c2/voice -> 200
#3594 GET /revival/loadout -> 200
#3595 GET /revival/loadout -> 200
#3596 GET /revival/loadout -> 200
#3597 GET /revival/loadout -> 200
#3599 GET /party/matchmaking/info -> 200
#3598 GET /mailbox/config/version -> 200
#3600 GET /revival/loadout -> 200

* 18:50:06.550  WS <- /lobby TEXT ""
#3601 GET /revival/loadout -> 200
#3602 GET /revival/loadout -> 200
#3603 GET /revival/loadout -> 200
#3604 GET /revival/loadout -> 200
#3605 GET /revival/loadout -> 200
#3606 GET /revival/loadout -> 200
#3607 GET /revival/loadout -> 200
#3608 GET /revival/loadout -> 200
#3609 GET /revival/loadout -> 200
#3610 GET /revival/loadout -> 200
#3611 GET /revival/loadout -> 200
#3612 GET /revival/loadout -> 200
#3613 GET /revival/loadout -> 200
#3614 GET /revival/loadout -> 200
#3615 GET /revival/loadout -> 200
#3616 GET /revival/loadout -> 200
#3617 GET /revival/loadout -> 200
#3618 GET /revival/loadout -> 200
#3619 GET /revival/loadout -> 200
#3620 GET /revival/loadout -> 200
#3621 GET /revival/loadout -> 200
#3622 GET /revival/loadout -> 200
#3623 GET /revival/loadout -> 200
#3624 GET /revival/loadout -> 200
#3625 GET /revival/loadout -> 200
#3626 GET /revival/loadout -> 200
#3627 GET /revival/loadout -> 200
#3628 GET /revival/loadout -> 200
#3629 GET /revival/loadout -> 200
#3630 GET /revival/loadout -> 200
#3631 GET /revival/loadout -> 200
#3632 GET /revival/loadout -> 200
#3633 GET /revival/loadout -> 200
#3634 GET /revival/loadout -> 200
#3635 GET /revival/loadout -> 200
#3636 GET /revival/loadout -> 200
#3637 GET /revival/loadout -> 200
#3638 GET /revival/loadout -> 200
#3639 GET /revival/loadout -> 200
#3640 GET /revival/loadout -> 200
#3641 GET /revival/loadout -> 200
#3642 GET /revival/loadout -> 200
#3643 GET /revival/loadout -> 200
#3644 GET /revival/loadout -> 200
#3645 GET /revival/loadout -> 200
#3646 GET /revival/loadout -> 200
#3647 GET /revival/loadout -> 200
#3648 GET /revival/loadout -> 200
#3649 GET /revival/loadout -> 200
#3650 GET /revival/loadout -> 200
#3651 GET /revival/loadout -> 200
#3652 GET /revival/loadout -> 200
#3653 GET /revival/loadout -> 200
#3654 GET /revival/loadout -> 200
#3655 GET /revival/loadout -> 200
#3656 GET /revival/loadout -> 200
#3657 GET /revival/loadout -> 200
#3658 GET /revival/loadout -> 200
#3659 GET /revival/loadout -> 200
#3660 GET /revival/loadout -> 200
#3661 GET /revival/loadout -> 200
#3662 GET /revival/loadout -> 200
#3663 GET /revival/loadout -> 200
#3664 GET /revival/loadout -> 200
#3665 GET /revival/loadout -> 200
#3666 GET /revival/loadout -> 200
#3667 GET /revival/loadout -> 200
#3668 GET /revival/loadout -> 200
#3669 GET /revival/loadout -> 200
#3670 GET /revival/loadout -> 200
#3671 GET /revival/loadout -> 200
#3672 GET /revival/loadout -> 200
#3673 GET /revival/loadout -> 200
#3674 GET /revival/loadout -> 200
#3675 GET /revival/loadout -> 200
#3676 GET /revival/loadout -> 200
#3677 GET /revival/loadout -> 200
#3678 GET /revival/loadout -> 200
#3679 GET /revival/loadout -> 200
#3680 GET /revival/loadout -> 200
#3681 GET /revival/loadout -> 200
#3682 GET /revival/loadout -> 200
#3683 GET /revival/loadout -> 200
#3684 GET /revival/loadout -> 200
#3685 GET /revival/loadout -> 200
#3686 GET /revival/loadout -> 200
#3687 GET /revival/loadout -> 200
#3688 GET /revival/loadout -> 200
#3689 GET /revival/loadout -> 200
#3690 GET /configuration/client -> 200
#3691 GET /revival/loadout -> 200
#3692 POST /party/parties/party-9b9d2c887e2524f918e383a895f2f1c2/members/9b9d2c887e2524f918e383a895f2f1c2/latencies -> 200
#3693 GET /revival/loadout -> 200
#3694 GET /content-service/manifest/release2.4.live-156430-shipping -> 200
#3695 GET /revival/loadout -> 200
#3696 GET /revival/loadout -> 200
#3697 GET /revival/loadout -> 200
#3698 GET /revival/loadout -> 200
#3699 GET /revival/loadout -> 200
#3700 GET /revival/loadout -> 200
#3701 GET /revival/loadout -> 200
#3702 GET /revival/loadout -> 200
#3703 GET /revival/loadout -> 200
#3704 GET /revival/loadout -> 200
#3705 GET /revival/loadout -> 200
#3706 GET /revival/loadout -> 200
#3707 GET /revival/loadout -> 200
#3708 GET /revival/loadout -> 200
#3709 GET /revival/loadout -> 200
#3710 GET /revival/loadout -> 200
#3711 GET /revival/loadout -> 200
#3712 GET /revival/loadout -> 200
#3713 GET /revival/loadout -> 200

* 18:50:26.384  WS -> /notifications/players/9b9d2c887e2524f918e383a895f2f1c2 BINARY hb (proactive 30s keepalive)
#3714 GET /revival/loadout -> 200
#3715 GET /revival/loadout -> 200
#3716 GET /revival/loadout -> 200
#3717 GET /revival/loadout -> 200
#3718 GET /revival/loadout -> 200
#3719 GET /revival/loadout -> 200
#3720 GET /revival/loadout -> 200
#3721 GET /revival/loadout -> 200
#3722 GET /revival/loadout -> 200
#3723 GET /revival/loadout -> 200
#3724 GET /revival/loadout -> 200
#3725 GET /revival/loadout -> 200
#3726 GET /revival/loadout -> 200
#3727 GET /revival/loadout -> 200
#3728 GET /revival/loadout -> 200
#3729 GET /revival/loadout -> 200
#3730 GET /revival/loadout -> 200
#3731 GET /revival/loadout -> 200
#3732 GET /revival/loadout -> 200
#3733 GET /revival/loadout -> 200
#3734 GET /revival/loadout -> 200
#3735 GET /revival/loadout -> 200
#3736 GET /revival/loadout -> 200
#3737 GET /revival/loadout -> 200
#3738 GET /revival/loadout -> 200
#3739 GET /revival/loadout -> 200
#3740 GET /revival/loadout -> 200
#3741 GET /revival/loadout -> 200
#3742 GET /revival/loadout -> 200
#3743 GET /revival/loadout -> 200
#3744 GET /revival/loadout -> 200
#3745 GET /revival/loadout -> 200
#3746 GET /revival/loadout -> 200
#3747 GET /revival/loadout -> 200
#3748 GET /revival/loadout -> 200
#3749 GET /revival/loadout -> 200
#3750 GET /revival/loadout -> 200
#3751 GET /revival/loadout -> 200
#3752 GET /revival/loadout -> 200
#3753 GET /revival/loadout -> 200
#3754 GET /revival/loadout -> 200
#3755 GET /revival/loadout -> 200
#3756 GET /revival/loadout -> 200
#3757 GET /revival/loadout -> 200
#3758 GET /revival/loadout -> 200
#3759 GET /revival/loadout -> 200
#3760 GET /revival/loadout -> 200
#3761 GET /revival/loadout -> 200
#3762 GET /revival/loadout -> 200
#3763 GET /revival/loadout -> 200
#3764 GET /revival/loadout -> 200
#3765 GET /revival/loadout -> 200
#3766 GET /party/players/9b9d2c887e2524f918e383a895f2f1c2/voice -> 200
#3767 GET /revival/loadout -> 200
#3768 GET /revival/loadout -> 200
#3769 GET /revival/loadout -> 200
#3770 GET /party/matchmaking/info -> 200
#3771 GET /core-game/regions -> 200
#3772 GET /revival/loadout -> 200

* 18:50:36.561  WS <- /lobby TEXT ""
#3773 GET /revival/loadout -> 200
#3774 GET /revival/loadout -> 200
#3775 GET /revival/loadout -> 200
#3776 GET /revival/loadout -> 200
#3777 GET /revival/loadout -> 200
#3778 GET /revival/loadout -> 200
#3779 GET /revival/loadout -> 200
#3780 GET /revival/loadout -> 200
#3781 GET /revival/loadout -> 200
#3782 GET /revival/loadout -> 200
#3783 GET /revival/loadout -> 200
#3784 GET /revival/loadout -> 200
#3785 GET /revival/loadout -> 200
#3786 GET /revival/loadout -> 200
#3787 GET /revival/loadout -> 200
#3788 GET /revival/loadout -> 200
#3789 GET /revival/loadout -> 200
#3790 GET /revival/loadout -> 200
#3791 GET /revival/loadout -> 200
#3792 GET /revival/loadout -> 200
#3793 GET /revival/loadout -> 200
#3794 GET /revival/loadout -> 200
#3795 GET /revival/loadout -> 200
#3796 GET /revival/loadout -> 200
#3797 GET /revival/loadout -> 200
#3798 GET /revival/loadout -> 200
#3799 GET /revival/loadout -> 200
#3800 GET /revival/loadout -> 200
#3801 GET /revival/loadout -> 200
#3802 GET /revival/loadout -> 200
#3803 GET /revival/loadout -> 200
#3804 GET /revival/loadout -> 200
#3805 GET /revival/loadout -> 200
#3806 GET /revival/loadout -> 200
#3807 GET /revival/loadout -> 200
#3808 GET /revival/loadout -> 200
#3809 GET /revival/loadout -> 200
#3810 GET /revival/loadout -> 200
#3811 GET /revival/loadout -> 200
#3812 GET /revival/loadout -> 200
#3813 GET /revival/loadout -> 200
#3814 GET /revival/loadout -> 200
#3815 GET /revival/loadout -> 200
#3816 GET /revival/loadout -> 200
#3817 GET /revival/loadout -> 200
#3818 GET /revival/loadout -> 200
#3819 GET /revival/loadout -> 200
#3820 GET /revival/loadout -> 200
#3821 GET /revival/loadout -> 200
#3822 GET /revival/loadout -> 200
#3823 GET /revival/loadout -> 200
#3824 GET /revival/loadout -> 200
#3825 GET /revival/loadout -> 200
#3826 GET /revival/loadout -> 200
#3827 GET /revival/loadout -> 200
#3828 GET /revival/loadout -> 200
#3829 GET /revival/loadout -> 200
#3830 GET /revival/loadout -> 200
#3831 GET /revival/loadout -> 200
#3832 GET /revival/loadout -> 200
#3833 GET /revival/loadout -> 200
#3834 GET /revival/loadout -> 200
#3835 GET /revival/loadout -> 200
#3836 GET /revival/loadout -> 200
#3837 GET /revival/loadout -> 200
#3838 GET /revival/loadout -> 200
#3839 GET /revival/loadout -> 200
#3840 GET /revival/loadout -> 200
#3841 GET /revival/loadout -> 200
#3842 GET /revival/loadout -> 200
#3843 GET /revival/loadout -> 200
#3844 GET /revival/loadout -> 200
#3845 GET /revival/loadout -> 200
#3846 GET /revival/loadout -> 200
#3847 GET /revival/loadout -> 200
#3848 GET /revival/loadout -> 200
#3849 GET /revival/loadout -> 200
#3850 GET /revival/loadout -> 200
#3851 GET /revival/loadout -> 200
#3852 GET /revival/loadout -> 200
#3853 GET /revival/loadout -> 200
#3854 GET /revival/loadout -> 200

* 18:50:51.320  WS <- /notifications/players/9b9d2c887e2524f918e383a895f2f1c2 BINARY (2 bytes) 6862

* 18:50:51.358  WS -> /notifications/players/9b9d2c887e2524f918e383a895f2f1c2 TEXT hb reply {"Resource":"hb","Version":0,"Payload":""}
#3855 GET /revival/loadout -> 200
#3856 GET /revival/loadout -> 200
#3857 GET /revival/loadout -> 200
#3858 GET /revival/loadout -> 200
#3859 GET /revival/loadout -> 200
#3860 GET /revival/loadout -> 200
#3861 GET /revival/loadout -> 200
#3862 GET /configuration/client -> 200
#3863 GET /revival/loadout -> 200
#3864 POST /party/parties/party-9b9d2c887e2524f918e383a895f2f1c2/members/9b9d2c887e2524f918e383a895f2f1c2/latencies -> 200
#3865 GET /content-service/manifest/release2.4.live-156430-shipping -> 200
#3866 GET /revival/loadout -> 200
#3867 GET /revival/loadout -> 200
#3868 GET /revival/loadout -> 200
#3869 GET /revival/loadout -> 200
#3870 GET /revival/loadout -> 200
#3871 GET /revival/loadout -> 200
#3872 GET /revival/loadout -> 200
#3873 GET /revival/loadout -> 200
#3874 GET /revival/loadout -> 200
#3875 GET /revival/loadout -> 200
#3876 GET /revival/loadout -> 200
#3877 GET /revival/loadout -> 200
#3878 GET /revival/loadout -> 200
#3879 GET /revival/loadout -> 200
#3880 GET /revival/loadout -> 200
#3881 GET /revival/loadout -> 200
#3882 GET /revival/loadout -> 200
#3883 GET /revival/loadout -> 200
#3884 GET /revival/loadout -> 200
#3885 GET /revival/loadout -> 200
#3886 GET /revival/loadout -> 200
#3887 GET /revival/loadout -> 200
#3888 GET /revival/loadout -> 200
#3889 GET /revival/loadout -> 200
#3890 GET /revival/loadout -> 200
#3891 GET /revival/loadout -> 200
#3892 GET /revival/loadout -> 200
#3893 GET /revival/loadout -> 200
#3894 GET /revival/loadout -> 200
#3895 GET /revival/loadout -> 200
#3896 GET /revival/loadout -> 200
#3897 GET /revival/loadout -> 200
#3898 GET /revival/loadout -> 200
#3899 GET /revival/loadout -> 200
#3900 GET /revival/loadout -> 200
#3901 GET /revival/loadout -> 200
#3902 GET /revival/loadout -> 200
#3903 GET /revival/loadout -> 200
#3904 GET /revival/loadout -> 200
#3905 GET /revival/loadout -> 200
#3906 GET /revival/loadout -> 200
#3907 GET /revival/loadout -> 200
#3908 GET /revival/loadout -> 200
#3909 GET /revival/loadout -> 200
#3910 GET /revival/loadout -> 200
#3911 GET /revival/loadout -> 200
#3912 GET /revival/loadout -> 200
#3913 GET /revival/loadout -> 200
#3914 GET /revival/loadout -> 200
#3915 GET /revival/loadout -> 200
#3916 GET /revival/loadout -> 200
#3917 GET /revival/loadout -> 200
#3918 GET /revival/loadout -> 200
#3919 GET /revival/loadout -> 200
#3920 GET /revival/loadout -> 200
#3921 GET /revival/loadout -> 200
#3922 GET /revival/loadout -> 200
#3923 GET /revival/loadout -> 200
#3924 GET /revival/loadout -> 200
#3925 GET /revival/loadout -> 200
#3926 GET /revival/loadout -> 200
#3927 GET /revival/loadout -> 200
#3928 GET /revival/loadout -> 200
#3929 POST /game-telemetry/v1/protected/events -> 200
#3930 GET /revival/loadout -> 200
#3931 GET /revival/loadout -> 200
#3932 GET /revival/loadout -> 200
#3933 GET /revival/loadout -> 200
#3934 GET /revival/loadout -> 200
#3935 GET /revival/loadout -> 200
#3936 GET /revival/loadout -> 200
#3937 GET /revival/loadout -> 200
#3938 GET /revival/loadout -> 200
#3939 GET /revival/loadout -> 200
#3940 GET /revival/loadout -> 200
#3941 GET /revival/loadout -> 200
#3942 GET /revival/loadout -> 200
#3943 GET /party/players/9b9d2c887e2524f918e383a895f2f1c2/voice -> 200
#3944 GET /party/matchmaking/info -> 200
#3945 GET /revival/loadout -> 200
#3946 GET /revival/loadout -> 200

* 18:51:06.604  WS <- /lobby TEXT ""
#3947 GET /revival/loadout -> 200
#3948 GET /revival/loadout -> 200
#3949 GET /revival/loadout -> 200
#3950 GET /revival/loadout -> 200
#3951 GET /revival/loadout -> 200
#3952 GET /revival/loadout -> 200
#3953 GET /revival/loadout -> 200
#3954 GET /revival/loadout -> 200
#3955 GET /revival/loadout -> 200
#3956 GET /revival/loadout -> 200
#3957 GET /revival/loadout -> 200
#3958 GET /revival/loadout -> 200
#3959 GET /revival/loadout -> 200
#3960 GET /revival/loadout -> 200
#3961 GET /revival/loadout -> 200
#3962 GET /revival/loadout -> 200
#3963 GET /revival/loadout -> 200
#3964 GET /revival/loadout -> 200
#3965 GET /revival/loadout -> 200
#3966 GET /revival/loadout -> 200
#3967 GET /revival/loadout -> 200
#3968 GET /revival/loadout -> 200
#3969 GET /revival/loadout -> 200
#3970 GET /revival/loadout -> 200
#3971 GET /revival/loadout -> 200
#3972 GET /revival/loadout -> 200
#3973 GET /revival/loadout -> 200
#3974 GET /revival/loadout -> 200
#3975 GET /revival/loadout -> 200
#3976 GET /revival/loadout -> 200
#3977 GET /revival/loadout -> 200
#3978 GET /revival/loadout -> 200
#3979 GET /revival/loadout -> 200
#3980 GET /revival/loadout -> 200
#3981 GET /revival/loadout -> 200
#3982 GET /revival/loadout -> 200
#3983 GET /revival/loadout -> 200
#3984 GET /revival/loadout -> 200
#3985 GET /revival/loadout -> 200
#3986 GET /revival/loadout -> 200
#3987 GET /revival/loadout -> 200
#3988 GET /revival/loadout -> 200
#3989 GET /revival/loadout -> 200
#3990 GET /revival/loadout -> 200
#3991 GET /revival/loadout -> 200
#3992 GET /revival/loadout -> 200
#3993 GET /revival/loadout -> 200
#3994 GET /revival/loadout -> 200
#3995 GET /revival/loadout -> 200
#3996 GET /revival/loadout -> 200
#3997 GET /revival/loadout -> 200
#3998 GET /revival/loadout -> 200
#3999 GET /revival/loadout -> 200
#4000 GET /revival/loadout -> 200
#4001 GET /revival/loadout -> 200
#4002 GET /revival/loadout -> 200
#4003 GET /revival/loadout -> 200
#4004 GET /revival/loadout -> 200
#4005 GET /revival/loadout -> 200
#4006 GET /revival/loadout -> 200
#4007 GET /revival/loadout -> 200
#4008 GET /revival/loadout -> 200
#4009 GET /revival/loadout -> 200
#4010 GET /revival/loadout -> 200
#4011 GET /revival/loadout -> 200
#4012 GET /revival/loadout -> 200
#4013 GET /revival/loadout -> 200
#4014 GET /revival/loadout -> 200
#4015 GET /revival/loadout -> 200
#4016 GET /revival/loadout -> 200
#4017 GET /revival/loadout -> 200
#4018 GET /revival/loadout -> 200
#4019 GET /revival/loadout -> 200
#4020 GET /revival/loadout -> 200
#4021 GET /revival/loadout -> 200
#4022 GET /revival/loadout -> 200
#4023 GET /revival/loadout -> 200
#4024 GET /revival/loadout -> 200
#4025 GET /revival/loadout -> 200
#4026 GET /revival/loadout -> 200
#4027 GET /revival/loadout -> 200
#4028 GET /revival/loadout -> 200

* 18:51:21.397  WS -> /notifications/players/9b9d2c887e2524f918e383a895f2f1c2 BINARY hb (proactive 30s keepalive)
#4029 GET /revival/loadout -> 200
#4030 GET /revival/loadout -> 200
#4031 GET /revival/loadout -> 200
#4032 GET /revival/loadout -> 200
#4033 GET /revival/loadout -> 200
#4034 GET /revival/loadout -> 200
#4035 GET /revival/loadout -> 200
#4036 GET /configuration/client -> 200
#4037 GET /revival/loadout -> 200
#4038 GET /content-service/manifest/release2.4.live-156430-shipping -> 200
#4039 GET /revival/loadout -> 200
#4040 POST /party/parties/party-9b9d2c887e2524f918e383a895f2f1c2/members/9b9d2c887e2524f918e383a895f2f1c2/latencies -> 200
#4041 GET /revival/loadout -> 200
#4042 GET /revival/loadout -> 200
#4043 GET /revival/loadout -> 200
#4044 GET /revival/loadout -> 200
#4045 GET /revival/loadout -> 200
#4046 GET /revival/loadout -> 200
#4047 GET /revival/loadout -> 200
#4048 GET /revival/loadout -> 200
#4049 GET /revival/loadout -> 200
#4050 GET /revival/loadout -> 200
#4051 GET /revival/loadout -> 200
#4052 GET /revival/loadout -> 200
#4053 GET /revival/loadout -> 200
#4054 GET /revival/loadout -> 200
#4055 GET /revival/loadout -> 200
#4056 GET /revival/loadout -> 200
#4057 GET /revival/loadout -> 200
#4058 GET /revival/loadout -> 200
#4059 GET /revival/loadout -> 200
#4060 GET /revival/loadout -> 200
#4061 GET /revival/loadout -> 200
#4062 GET /revival/loadout -> 200
#4063 GET /revival/loadout -> 200
#4064 GET /revival/loadout -> 200
#4065 GET /revival/loadout -> 200
#4066 GET /revival/loadout -> 200
#4067 GET /revival/loadout -> 200
#4068 GET /revival/loadout -> 200
#4069 GET /revival/loadout -> 200
#4070 GET /revival/loadout -> 200
#4071 GET /revival/loadout -> 200
#4072 GET /revival/loadout -> 200
#4073 GET /revival/loadout -> 200
#4074 GET /revival/loadout -> 200
#4075 GET /revival/loadout -> 200
#4076 GET /revival/loadout -> 200
#4077 GET /revival/loadout -> 200
#4078 GET /revival/loadout -> 200
#4079 GET /revival/loadout -> 200
#4080 GET /revival/loadout -> 200
#4081 GET /revival/loadout -> 200
#4082 GET /revival/loadout -> 200
#4083 GET /revival/loadout -> 200
#4084 GET /revival/loadout -> 200
#4085 GET /revival/loadout -> 200
#4086 GET /revival/loadout -> 200
#4087 GET /revival/loadout -> 200
#4088 GET /revival/loadout -> 200
#4089 GET /revival/loadout -> 200
#4090 GET /revival/loadout -> 200
#4091 GET /revival/loadout -> 200
#4092 GET /revival/loadout -> 200
#4093 GET /revival/loadout -> 200
#4094 GET /revival/loadout -> 200
#4095 GET /revival/loadout -> 200
#4096 GET /revival/loadout -> 200
#4097 GET /revival/loadout -> 200
#4098 GET /revival/loadout -> 200
#4099 GET /revival/loadout -> 200
#4100 GET /revival/loadout -> 200
#4101 GET /revival/loadout -> 200
#4102 GET /revival/loadout -> 200
#4103 GET /revival/loadout -> 200
#4104 GET /revival/loadout -> 200
#4105 GET /revival/loadout -> 200
#4106 GET /revival/loadout -> 200
#4107 GET /revival/loadout -> 200
#4108 GET /revival/loadout -> 200
#4109 GET /revival/loadout -> 200
#4110 GET /revival/loadout -> 200
#4111 GET /revival/loadout -> 200
#4112 GET /revival/loadout -> 200
#4113 GET /revival/loadout -> 200
#4114 GET /revival/loadout -> 200
#4115 GET /revival/loadout -> 200
#4116 GET /core-game/regions -> 200
#4118 GET /party/matchmaking/info -> 200
#4117 GET /mailbox/config/version -> 200
#4119 GET /revival/loadout -> 200

* 18:51:36.590  WS <- /lobby TEXT ""
#4120 GET /revival/loadout -> 200
#4121 GET /party/players/9b9d2c887e2524f918e383a895f2f1c2/voice -> 200
#4122 GET /revival/loadout -> 200
#4123 GET /revival/loadout -> 200
#4124 GET /revival/loadout -> 200
#4125 GET /revival/loadout -> 200
#4126 GET /revival/loadout -> 200
#4127 GET /revival/loadout -> 200
#4128 GET /revival/loadout -> 200
#4129 GET /revival/loadout -> 200
#4130 GET /revival/loadout -> 200
#4131 GET /revival/loadout -> 200
#4132 GET /revival/loadout -> 200
#4133 GET /revival/loadout -> 200
#4134 GET /revival/loadout -> 200
#4135 GET /revival/loadout -> 200
#4136 GET /revival/loadout -> 200
#4137 GET /revival/loadout -> 200
#4138 GET /revival/loadout -> 200
#4139 GET /revival/loadout -> 200
#4140 GET /revival/loadout -> 200
#4141 GET /revival/loadout -> 200
#4142 GET /revival/loadout -> 200
#4143 GET /revival/loadout -> 200
#4144 GET /revival/loadout -> 200
#4145 GET /revival/loadout -> 200
#4146 GET /revival/loadout -> 200
#4147 GET /revival/loadout -> 200
#4148 GET /revival/loadout -> 200
#4149 GET /revival/loadout -> 200
#4150 GET /revival/loadout -> 200
#4151 GET /revival/loadout -> 200
#4152 GET /revival/loadout -> 200
#4153 GET /revival/loadout -> 200
#4154 GET /revival/loadout -> 200
#4155 GET /revival/loadout -> 200
#4156 GET /revival/loadout -> 200
#4157 GET /revival/loadout -> 200
#4158 GET /revival/loadout -> 200
#4159 GET /revival/loadout -> 200
#4160 GET /revival/loadout -> 200
#4161 GET /revival/loadout -> 200
#4162 GET /revival/loadout -> 200
#4163 GET /revival/loadout -> 200
#4164 GET /revival/loadout -> 200
#4165 GET /revival/loadout -> 200
#4166 GET /revival/loadout -> 200
#4167 GET /revival/loadout -> 200
#4168 GET /revival/loadout -> 200
#4169 GET /revival/loadout -> 200
#4170 GET /revival/loadout -> 200
#4171 GET /revival/loadout -> 200
#4172 GET /revival/loadout -> 200
#4173 GET /revival/loadout -> 200
#4174 GET /revival/loadout -> 200

* 18:51:46.332  WS <- /notifications/players/9b9d2c887e2524f918e383a895f2f1c2 BINARY (2 bytes) 6862

* 18:51:46.362  WS -> /notifications/players/9b9d2c887e2524f918e383a895f2f1c2 TEXT hb reply {"Resource":"hb","Version":0,"Payload":""}
#4175 GET /revival/loadout -> 200
#4176 GET /revival/loadout -> 200
#4177 GET /revival/loadout -> 200
#4178 GET /revival/loadout -> 200
#4179 GET /revival/loadout -> 200
#4180 GET /revival/loadout -> 200
#4181 GET /revival/loadout -> 200
#4182 GET /revival/loadout -> 200
#4183 GET /revival/loadout -> 200
#4184 GET /revival/loadout -> 200
#4185 GET /revival/loadout -> 200
#4186 GET /revival/loadout -> 200
#4187 GET /revival/loadout -> 200
#4188 GET /revival/loadout -> 200
#4189 GET /revival/loadout -> 200
#4190 GET /revival/loadout -> 200
#4191 GET /revival/loadout -> 200
#4192 GET /revival/loadout -> 200
#4193 GET /revival/loadout -> 200
#4194 GET /revival/loadout -> 200
#4195 GET /revival/loadout -> 200
#4196 GET /revival/loadout -> 200
#4197 GET /revival/loadout -> 200
#4198 GET /revival/loadout -> 200
#4199 GET /revival/loadout -> 200
#4200 GET /revival/loadout -> 200
#4201 GET /revival/loadout -> 200
#4202 GET /revival/loadout -> 200
#4203 GET /revival/loadout -> 200
#4204 GET /revival/loadout -> 200
#4205 GET /revival/loadout -> 200
#4206 GET /revival/loadout -> 200
#4207 GET /revival/loadout -> 200
#4208 GET /revival/loadout -> 200
#4209 GET /configuration/client -> 200
#4210 GET /revival/loadout -> 200
#4211 GET /revival/loadout -> 200
#4212 GET /content-service/manifest/release2.4.live-156430-shipping -> 200
#4213 GET /revival/loadout -> 200
#4214 POST /party/parties/party-9b9d2c887e2524f918e383a895f2f1c2/members/9b9d2c887e2524f918e383a895f2f1c2/latencies -> 200
#4215 GET /revival/loadout -> 200
#4216 GET /revival/loadout -> 200
#4217 GET /revival/loadout -> 200
#4218 GET /revival/loadout -> 200
#4219 GET /revival/loadout -> 200
#4220 GET /revival/loadout -> 200
#4221 GET /revival/loadout -> 200
#4222 GET /revival/loadout -> 200
#4223 GET /revival/loadout -> 200
#4224 GET /revival/loadout -> 200
#4225 GET /revival/loadout -> 200
#4226 GET /revival/loadout -> 200
#4227 GET /revival/loadout -> 200
#4228 GET /revival/loadout -> 200
#4229 GET /revival/loadout -> 200
#4230 GET /revival/loadout -> 200
#4231 GET /revival/loadout -> 200
#4232 GET /revival/loadout -> 200
#4233 GET /revival/loadout -> 200
#4234 GET /revival/loadout -> 200
#4235 GET /revival/loadout -> 200
#4236 GET /revival/loadout -> 200
#4237 GET /revival/loadout -> 200
#4238 GET /revival/loadout -> 200
#4239 GET /revival/loadout -> 200
#4240 GET /revival/loadout -> 200
#4241 GET /revival/loadout -> 200
#4242 GET /revival/loadout -> 200
#4243 GET /revival/loadout -> 200
#4244 GET /revival/loadout -> 200
#4245 GET /revival/loadout -> 200
#4246 GET /revival/loadout -> 200
#4247 GET /revival/loadout -> 200
#4248 GET /revival/loadout -> 200
#4249 GET /revival/loadout -> 200
#4250 GET /revival/loadout -> 200
#4251 GET /revival/loadout -> 200
#4252 GET /revival/loadout -> 200
#4253 GET /revival/loadout -> 200
#4254 GET /revival/loadout -> 200
#4255 GET /revival/loadout -> 200
#4256 GET /revival/loadout -> 200
#4257 GET /revival/loadout -> 200
#4258 GET /revival/loadout -> 200
#4259 GET /revival/loadout -> 200
#4260 GET /revival/loadout -> 200
#4261 GET /revival/loadout -> 200
#4262 GET /revival/loadout -> 200
#4263 GET /revival/loadout -> 200
#4264 GET /revival/loadout -> 200
#4265 GET /revival/loadout -> 200
#4266 GET /revival/loadout -> 200
#4267 GET /revival/loadout -> 200
#4268 GET /revival/loadout -> 200
#4269 GET /revival/loadout -> 200
#4270 GET /revival/loadout -> 200
#4271 GET /revival/loadout -> 200
#4272 GET /revival/loadout -> 200
#4273 GET /revival/loadout -> 200
#4274 GET /revival/loadout -> 200
#4275 POST /game-telemetry/v1/protected/events -> 200
#4276 GET /revival/loadout -> 200
#4277 GET /revival/loadout -> 200
#4278 GET /revival/loadout -> 200
#4279 GET /revival/loadout -> 200
#4280 GET /revival/loadout -> 200
#4281 GET /revival/loadout -> 200
#4282 GET /revival/loadout -> 200
#4283 GET /revival/loadout -> 200
#4284 GET /revival/loadout -> 200
#4285 GET /revival/loadout -> 200
#4286 GET /revival/loadout -> 200
#4287 GET /revival/loadout -> 200
#4288 GET /revival/loadout -> 200
#4289 GET /revival/loadout -> 200
#4290 GET /party/matchmaking/info -> 200
#4291 GET /revival/loadout -> 200

* 18:52:06.599  WS <- /lobby TEXT ""
#4292 GET /revival/loadout -> 200
#4293 GET /revival/loadout -> 200
#4294 GET /party/players/9b9d2c887e2524f918e383a895f2f1c2/voice -> 200
#4295 GET /revival/loadout -> 200
#4296 GET /revival/loadout -> 200
#4297 GET /revival/loadout -> 200
#4298 GET /revival/loadout -> 200
#4299 GET /revival/loadout -> 200
#4300 GET /revival/loadout -> 200
#4301 GET /revival/loadout -> 200
#4302 GET /revival/loadout -> 200
#4303 GET /revival/loadout -> 200
#4304 GET /revival/loadout -> 200
#4305 GET /revival/loadout -> 200
#4306 GET /revival/loadout -> 200
#4307 GET /revival/loadout -> 200
#4308 GET /revival/loadout -> 200
#4309 GET /revival/loadout -> 200
#4310 GET /revival/loadout -> 200
#4311 GET /revival/loadout -> 200
#4312 GET /revival/loadout -> 200
#4313 GET /revival/loadout -> 200
#4314 GET /revival/loadout -> 200
#4315 GET /revival/loadout -> 200
#4316 GET /revival/loadout -> 200
#4317 GET /revival/loadout -> 200
#4318 GET /revival/loadout -> 200
#4319 GET /revival/loadout -> 200
#4320 GET /revival/loadout -> 200
#4321 GET /revival/loadout -> 200
#4322 GET /revival/loadout -> 200
#4323 GET /revival/loadout -> 200
#4324 GET /revival/loadout -> 200
#4325 GET /revival/loadout -> 200
#4326 GET /revival/loadout -> 200
#4327 GET /revival/loadout -> 200
#4328 GET /revival/loadout -> 200
#4329 GET /revival/loadout -> 200
#4330 GET /revival/loadout -> 200
#4331 GET /revival/loadout -> 200
#4332 GET /revival/loadout -> 200
#4333 GET /revival/loadout -> 200
#4334 GET /revival/loadout -> 200
#4335 GET /revival/loadout -> 200
#4336 GET /revival/loadout -> 200
#4337 GET /revival/loadout -> 200
#4338 GET /revival/loadout -> 200
#4339 GET /revival/loadout -> 200
#4340 GET /revival/loadout -> 200
#4341 GET /revival/loadout -> 200
#4342 GET /revival/loadout -> 200
#4343 GET /revival/loadout -> 200
#4344 GET /revival/loadout -> 200
#4345 GET /revival/loadout -> 200

* 18:52:16.391  WS -> /notifications/players/9b9d2c887e2524f918e383a895f2f1c2 BINARY hb (proactive 30s keepalive)
#4346 GET /revival/loadout -> 200
#4347 GET /revival/loadout -> 200
#4348 GET /revival/loadout -> 200
#4349 GET /revival/loadout -> 200
#4350 GET /revival/loadout -> 200
#4351 GET /revival/loadout -> 200
#4352 GET /revival/loadout -> 200
#4353 GET /revival/loadout -> 200
#4354 GET /revival/loadout -> 200
#4355 GET /revival/loadout -> 200
#4356 GET /revival/loadout -> 200
#4357 GET /revival/loadout -> 200
#4358 GET /revival/loadout -> 200
#4359 GET /revival/loadout -> 200
#4360 GET /revival/loadout -> 200
#4361 GET /revival/loadout -> 200
#4362 GET /revival/loadout -> 200
#4363 GET /revival/loadout -> 200
#4364 GET /revival/loadout -> 200
#4365 GET /revival/loadout -> 200
#4366 GET /revival/loadout -> 200
#4367 GET /revival/loadout -> 200
#4368 GET /revival/loadout -> 200
#4369 GET /revival/loadout -> 200
#4370 GET /revival/loadout -> 200
#4371 GET /revival/loadout -> 200
#4372 GET /revival/loadout -> 200
#4373 GET /revival/loadout -> 200
#4374 GET /revival/loadout -> 200
#4375 GET /revival/loadout -> 200
#4376 GET /revival/loadout -> 200
#4377 GET /revival/loadout -> 200
#4378 GET /revival/loadout -> 200
#4379 GET /revival/loadout -> 200
#4380 GET /revival/loadout -> 200
#4381 GET /configuration/client -> 200
#4382 GET /revival/loadout -> 200
#4383 GET /content-service/manifest/release2.4.live-156430-shipping -> 200
#4384 GET /revival/loadout -> 200
#4385 GET /revival/loadout -> 200
#4386 POST /party/parties/party-9b9d2c887e2524f918e383a895f2f1c2/members/9b9d2c887e2524f918e383a895f2f1c2/latencies -> 200
#4387 GET /revival/loadout -> 200
#4388 GET /revival/loadout -> 200
#4389 GET /revival/loadout -> 200
#4390 GET /revival/loadout -> 200
#4391 GET /revival/loadout -> 200
#4392 GET /revival/loadout -> 200
#4393 GET /revival/loadout -> 200
#4394 GET /revival/loadout -> 200
#4395 GET /revival/loadout -> 200
#4396 GET /revival/loadout -> 200
#4397 GET /revival/loadout -> 200
#4398 GET /revival/loadout -> 200
#4399 GET /revival/loadout -> 200
#4400 GET /revival/loadout -> 200
#4401 GET /revival/loadout -> 200
#4402 GET /revival/loadout -> 200
#4403 GET /revival/loadout -> 200
#4404 GET /revival/loadout -> 200
#4405 GET /revival/loadout -> 200
#4406 GET /revival/loadout -> 200
#4407 GET /revival/loadout -> 200
#4408 GET /revival/loadout -> 200
#4409 GET /revival/loadout -> 200
#4410 GET /revival/loadout -> 200
#4411 GET /revival/loadout -> 200
#4412 GET /revival/loadout -> 200
#4413 GET /revival/loadout -> 200
#4414 GET /revival/loadout -> 200
#4415 GET /revival/loadout -> 200
#4416 GET /revival/loadout -> 200
#4417 GET /revival/loadout -> 200
#4418 GET /revival/loadout -> 200
#4419 GET /revival/loadout -> 200
#4420 GET /revival/loadout -> 200
#4421 GET /revival/loadout -> 200
#4422 GET /revival/loadout -> 200
#4423 GET /revival/loadout -> 200
#4424 GET /revival/loadout -> 200
#4425 GET /revival/loadout -> 200
#4426 GET /revival/loadout -> 200
#4427 GET /revival/loadout -> 200
#4428 GET /revival/loadout -> 200
#4429 GET /revival/loadout -> 200
#4430 GET /revival/loadout -> 200
#4431 GET /revival/loadout -> 200
#4432 GET /revival/loadout -> 200
#4433 GET /revival/loadout -> 200
#4434 GET /revival/loadout -> 200
#4435 GET /revival/loadout -> 200
#4436 GET /revival/loadout -> 200
#4437 GET /revival/loadout -> 200
#4438 GET /revival/loadout -> 200
#4439 GET /revival/loadout -> 200
#4440 GET /revival/loadout -> 200
#4441 GET /revival/loadout -> 200
#4442 GET /revival/loadout -> 200
#4443 GET /revival/loadout -> 200
#4444 GET /revival/loadout -> 200
#4445 GET /revival/loadout -> 200
#4446 GET /revival/loadout -> 200
#4447 GET /revival/loadout -> 200
#4448 GET /revival/loadout -> 200
#4449 GET /revival/loadout -> 200
#4450 GET /revival/loadout -> 200
#4451 GET /revival/loadout -> 200
#4452 GET /revival/loadout -> 200
#4453 GET /revival/loadout -> 200
#4454 GET /revival/loadout -> 200
#4455 GET /revival/loadout -> 200
#4456 GET /revival/loadout -> 200
#4457 GET /revival/loadout -> 200
#4458 GET /revival/loadout -> 200
#4459 GET /storefront/heroes -> 200
#4461 GET /revival/loadout -> 200
#4460 GET /core-game/regions -> 200
#4462 GET /party/matchmaking/info -> 200
#4463 GET /revival/loadout -> 200

* 18:52:36.619  WS <- /lobby TEXT ""
#4464 GET /revival/loadout -> 200
#4465 GET /revival/loadout -> 200
#4466 GET /revival/loadout -> 200
#4467 GET /revival/loadout -> 200
#4468 GET /party/players/9b9d2c887e2524f918e383a895f2f1c2/voice -> 200
#4469 GET /revival/loadout -> 200
#4470 GET /revival/loadout -> 200
#4471 GET /revival/loadout -> 200
#4472 GET /revival/loadout -> 200
#4473 GET /revival/loadout -> 200
#4474 GET /revival/loadout -> 200
#4475 GET /revival/loadout -> 200
#4476 GET /revival/loadout -> 200
#4477 GET /revival/loadout -> 200
#4478 GET /revival/loadout -> 200
#4479 GET /revival/loadout -> 200
#4480 GET /revival/loadout -> 200
#4481 GET /revival/loadout -> 200
#4482 GET /revival/loadout -> 200
#4483 GET /revival/loadout -> 200
#4484 GET /revival/loadout -> 200
#4485 GET /revival/loadout -> 200
#4486 GET /revival/loadout -> 200
#4487 GET /revival/loadout -> 200
#4488 GET /revival/loadout -> 200
#4489 GET /revival/loadout -> 200

* 18:52:41.295  WS <- /notifications/players/9b9d2c887e2524f918e383a895f2f1c2 BINARY (2 bytes) 6862

* 18:52:41.324  WS -> /notifications/players/9b9d2c887e2524f918e383a895f2f1c2 TEXT hb reply {"Resource":"hb","Version":0,"Payload":""}
#4490 GET /revival/loadout -> 200
#4491 GET /revival/loadout -> 200
#4492 GET /revival/loadout -> 200
#4493 GET /revival/loadout -> 200
#4494 GET /revival/loadout -> 200
#4495 GET /revival/loadout -> 200
#4496 GET /revival/loadout -> 200
#4497 GET /revival/loadout -> 200
#4498 GET /revival/loadout -> 200
#4499 GET /revival/loadout -> 200
#4500 GET /revival/loadout -> 200
#4501 GET /revival/loadout -> 200
#4502 GET /revival/loadout -> 200
#4503 GET /revival/loadout -> 200
#4504 GET /revival/loadout -> 200
#4505 GET /revival/loadout -> 200
#4506 GET /revival/loadout -> 200
#4507 GET /revival/loadout -> 200
#4508 GET /revival/loadout -> 200
#4509 GET /revival/loadout -> 200
#4510 GET /revival/loadout -> 200
#4511 GET /revival/loadout -> 200
#4512 GET /revival/loadout -> 200
#4513 GET /revival/loadout -> 200
#4514 GET /revival/loadout -> 200
#4515 GET /revival/loadout -> 200
#4516 GET /revival/loadout -> 200
#4517 GET /revival/loadout -> 200
#4518 GET /revival/loadout -> 200
#4519 GET /revival/loadout -> 200
#4520 GET /revival/loadout -> 200
#4521 GET /revival/loadout -> 200
#4522 GET /revival/loadout -> 200
#4523 GET /revival/loadout -> 200
#4524 GET /revival/loadout -> 200
#4525 GET /revival/loadout -> 200
#4526 GET /revival/loadout -> 200
#4527 GET /revival/loadout -> 200
#4528 GET /revival/loadout -> 200
#4529 GET /revival/loadout -> 200
#4530 GET /revival/loadout -> 200
#4531 GET /revival/loadout -> 200
#4532 GET /revival/loadout -> 200
#4533 GET /revival/loadout -> 200
#4534 GET /revival/loadout -> 200
#4535 GET /revival/loadout -> 200
#4536 GET /revival/loadout -> 200
#4537 GET /revival/loadout -> 200
#4538 GET /revival/loadout -> 200
#4539 GET /revival/loadout -> 200
#4540 GET /revival/loadout -> 200
#4541 GET /revival/loadout -> 200
#4542 GET /revival/loadout -> 200
#4543 GET /revival/loadout -> 200
#4544 GET /revival/loadout -> 200
#4545 GET /revival/loadout -> 200
#4546 GET /revival/loadout -> 200
#4547 GET /revival/loadout -> 200
#4548 GET /revival/loadout -> 200
#4549 GET /revival/loadout -> 200
#4550 GET /revival/loadout -> 200
#4551 GET /revival/loadout -> 200
#4552 GET /revival/loadout -> 200
#4553 GET /configuration/client -> 200
#4554 GET /revival/loadout -> 200
#4555 GET /content-service/manifest/release2.4.live-156430-shipping -> 200
#4556 GET /revival/loadout -> 200
#4557 GET /revival/loadout -> 200
#4558 GET /revival/loadout -> 200
#4559 POST /party/parties/party-9b9d2c887e2524f918e383a895f2f1c2/members/9b9d2c887e2524f918e383a895f2f1c2/latencies -> 200
#4560 GET /revival/loadout -> 200
#4561 GET /revival/loadout -> 200
#4562 GET /revival/loadout -> 200
#4563 GET /revival/loadout -> 200
#4564 GET /revival/loadout -> 200
#4565 GET /revival/loadout -> 200
#4566 GET /revival/loadout -> 200
#4567 GET /revival/loadout -> 200
#4568 GET /revival/loadout -> 200
#4569 GET /revival/loadout -> 200
#4570 GET /revival/loadout -> 200
#4571 GET /revival/loadout -> 200
#4572 GET /revival/loadout -> 200
#4573 GET /revival/loadout -> 200
#4574 GET /revival/loadout -> 200
#4575 GET /revival/loadout -> 200
#4576 GET /revival/loadout -> 200
#4577 GET /revival/loadout -> 200
#4578 GET /revival/loadout -> 200
#4579 GET /revival/loadout -> 200
#4580 GET /revival/loadout -> 200
#4581 GET /revival/loadout -> 200
#4582 GET /revival/loadout -> 200
#4583 GET /revival/loadout -> 200
#4584 GET /revival/loadout -> 200
#4585 GET /revival/loadout -> 200
#4586 GET /revival/loadout -> 200
#4587 GET /revival/loadout -> 200
#4588 GET /revival/loadout -> 200
#4589 GET /revival/loadout -> 200
#4590 GET /revival/loadout -> 200
#4591 GET /revival/loadout -> 200
#4592 GET /revival/loadout -> 200
#4593 GET /revival/loadout -> 200
#4594 GET /revival/loadout -> 200
#4595 GET /revival/loadout -> 200
#4596 GET /revival/loadout -> 200
#4597 GET /revival/loadout -> 200
#4598 GET /revival/loadout -> 200
#4599 GET /revival/loadout -> 200
#4600 GET /revival/loadout -> 200
#4601 GET /revival/loadout -> 200
#4602 GET /revival/loadout -> 200
#4603 GET /revival/loadout -> 200
#4604 GET /revival/loadout -> 200
#4605 GET /revival/loadout -> 200
#4606 GET /revival/loadout -> 200
#4607 GET /revival/loadout -> 200
#4608 GET /revival/loadout -> 200
#4609 GET /revival/loadout -> 200
#4610 GET /revival/loadout -> 200
#4611 GET /revival/loadout -> 200
#4612 GET /revival/loadout -> 200
#4613 GET /revival/loadout -> 200
#4614 GET /revival/loadout -> 200
#4615 GET /revival/loadout -> 200
#4616 GET /revival/loadout -> 200
#4617 GET /revival/loadout -> 200
#4618 POST /game-telemetry/v1/protected/events -> 200
#4619 GET /revival/loadout -> 200
#4620 GET /revival/loadout -> 200
#4621 GET /revival/loadout -> 200
#4622 GET /revival/loadout -> 200
#4623 GET /revival/loadout -> 200
#4624 GET /revival/loadout -> 200
#4625 GET /revival/loadout -> 200
#4626 GET /revival/loadout -> 200
#4627 GET /revival/loadout -> 200
#4628 GET /revival/loadout -> 200
#4629 GET /revival/loadout -> 200
#4630 GET /revival/loadout -> 200
#4631 GET /revival/loadout -> 200
#4632 GET /party/matchmaking/info -> 200
#4633 GET /mailbox/config/version -> 200
#4634 GET /revival/loadout -> 200
#4635 GET /revival/loadout -> 200

* 18:53:06.616  WS <- /lobby TEXT ""
#4636 GET /revival/loadout -> 200
#4637 GET /revival/loadout -> 200
#4638 GET /revival/loadout -> 200
#4639 GET /revival/loadout -> 200
#4640 GET /revival/loadout -> 200
#4641 GET /revival/loadout -> 200
#4642 GET /party/players/9b9d2c887e2524f918e383a895f2f1c2/voice -> 200
#4643 GET /revival/loadout -> 200
#4644 GET /revival/loadout -> 200
#4645 GET /revival/loadout -> 200
#4646 GET /revival/loadout -> 200
#4647 GET /revival/loadout -> 200
#4648 GET /revival/loadout -> 200
#4649 GET /revival/loadout -> 200
#4650 GET /revival/loadout -> 200
#4651 GET /revival/loadout -> 200
#4652 GET /revival/loadout -> 200
#4653 GET /revival/loadout -> 200
#4654 GET /revival/loadout -> 200
#4655 GET /revival/loadout -> 200
#4656 GET /revival/loadout -> 200
#4657 GET /revival/loadout -> 200
#4658 GET /revival/loadout -> 200
#4659 GET /revival/loadout -> 200
#4660 GET /revival/loadout -> 200
#4661 GET /revival/loadout -> 200
#4662 GET /revival/loadout -> 200

* 18:53:11.409  WS -> /notifications/players/9b9d2c887e2524f918e383a895f2f1c2 BINARY hb (proactive 30s keepalive)
#4663 GET /revival/loadout -> 200
#4664 GET /revival/loadout -> 200
#4665 GET /revival/loadout -> 200
#4666 GET /revival/loadout -> 200
#4667 GET /revival/loadout -> 200
#4668 GET /revival/loadout -> 200
#4669 GET /revival/loadout -> 200
#4670 GET /revival/loadout -> 200
#4671 GET /revival/loadout -> 200
#4672 GET /revival/loadout -> 200
#4673 GET /revival/loadout -> 200
#4674 GET /revival/loadout -> 200
#4675 GET /revival/loadout -> 200
#4676 GET /revival/loadout -> 200
#4677 GET /revival/loadout -> 200
#4678 GET /revival/loadout -> 200
#4679 GET /revival/loadout -> 200
#4680 GET /revival/loadout -> 200
#4681 GET /revival/loadout -> 200
#4682 GET /revival/loadout -> 200
#4683 GET /revival/loadout -> 200
#4684 GET /revival/loadout -> 200
#4685 GET /revival/loadout -> 200
#4686 GET /revival/loadout -> 200
#4687 GET /revival/loadout -> 200
#4688 GET /revival/loadout -> 200
#4689 GET /revival/loadout -> 200
#4690 GET /revival/loadout -> 200
#4691 GET /revival/loadout -> 200
#4692 GET /revival/loadout -> 200
#4693 GET /revival/loadout -> 200
#4694 GET /revival/loadout -> 200
#4695 GET /revival/loadout -> 200
#4696 GET /revival/loadout -> 200
#4697 GET /revival/loadout -> 200
#4698 GET /revival/loadout -> 200
#4699 GET /revival/loadout -> 200
#4700 GET /revival/loadout -> 200
#4701 GET /revival/loadout -> 200
#4702 GET /revival/loadout -> 200
#4703 GET /revival/loadout -> 200
#4704 GET /revival/loadout -> 200
#4705 GET /revival/loadout -> 200
#4706 GET /revival/loadout -> 200
#4707 GET /revival/loadout -> 200
#4708 GET /revival/loadout -> 200
#4709 GET /revival/loadout -> 200
#4710 GET /revival/loadout -> 200
#4711 GET /revival/loadout -> 200
#4712 GET /revival/loadout -> 200
#4713 GET /revival/loadout -> 200
#4714 GET /revival/loadout -> 200
#4715 GET /revival/loadout -> 200
#4716 GET /revival/loadout -> 200
#4717 GET /revival/loadout -> 200
#4718 GET /revival/loadout -> 200
#4719 GET /revival/loadout -> 200
#4720 GET /revival/loadout -> 200
#4721 GET /revival/loadout -> 200
#4722 GET /revival/loadout -> 200
#4723 GET /revival/loadout -> 200
#4724 GET /revival/loadout -> 200
#4725 GET /configuration/client -> 200
#4726 GET /revival/loadout -> 200
#4727 GET /revival/loadout -> 200
#4728 GET /content-service/manifest/release2.4.live-156430-shipping -> 200
#4729 GET /revival/loadout -> 200
#4730 GET /revival/loadout -> 200
#4731 GET /revival/loadout -> 200
#4732 GET /revival/loadout -> 200
#4733 POST /party/parties/party-9b9d2c887e2524f918e383a895f2f1c2/members/9b9d2c887e2524f918e383a895f2f1c2/latencies -> 200
#4734 GET /revival/loadout -> 200
#4735 GET /revival/loadout -> 200
#4736 GET /revival/loadout -> 200
#4737 GET /revival/loadout -> 200
#4738 GET /revival/loadout -> 200
#4739 GET /revival/loadout -> 200
#4740 GET /revival/loadout -> 200
#4741 GET /revival/loadout -> 200
#4742 GET /revival/loadout -> 200
#4743 GET /revival/loadout -> 200
#4744 GET /revival/loadout -> 200
#4745 GET /revival/loadout -> 200
#4746 GET /revival/loadout -> 200
#4747 GET /revival/loadout -> 200
#4748 GET /revival/loadout -> 200
#4749 GET /revival/loadout -> 200
#4750 GET /revival/loadout -> 200
#4751 GET /revival/loadout -> 200
#4752 GET /revival/loadout -> 200
#4753 GET /revival/loadout -> 200
#4754 GET /revival/loadout -> 200
#4755 GET /revival/loadout -> 200
#4756 GET /revival/loadout -> 200
#4757 GET /revival/loadout -> 200
#4758 GET /revival/loadout -> 200
#4759 GET /revival/loadout -> 200
#4760 GET /revival/loadout -> 200
#4761 GET /revival/loadout -> 200
#4762 GET /revival/loadout -> 200
#4763 GET /revival/loadout -> 200
#4764 GET /revival/loadout -> 200
#4765 GET /revival/loadout -> 200
#4766 GET /revival/loadout -> 200
#4767 GET /revival/loadout -> 200
#4768 GET /revival/loadout -> 200
#4769 GET /revival/loadout -> 200
#4770 GET /revival/loadout -> 200
#4771 GET /revival/loadout -> 200
#4772 GET /revival/loadout -> 200
#4773 GET /revival/loadout -> 200
#4774 GET /revival/loadout -> 200
#4775 GET /revival/loadout -> 200
#4776 GET /revival/loadout -> 200
#4777 GET /revival/loadout -> 200
#4778 GET /revival/loadout -> 200
#4779 GET /revival/loadout -> 200
#4780 GET /revival/loadout -> 200
#4781 GET /revival/loadout -> 200
#4782 GET /revival/loadout -> 200
#4783 GET /revival/loadout -> 200
#4784 GET /revival/loadout -> 200
#4785 GET /revival/loadout -> 200
#4786 GET /revival/loadout -> 200
#4787 GET /revival/loadout -> 200
#4788 GET /revival/loadout -> 200
#4789 GET /revival/loadout -> 200
#4790 GET /revival/loadout -> 200
#4791 GET /revival/loadout -> 200
#4792 GET /revival/loadout -> 200
#4793 GET /revival/loadout -> 200
#4794 GET /revival/loadout -> 200
#4795 GET /revival/loadout -> 200
#4796 GET /revival/loadout -> 200
#4797 GET /revival/loadout -> 200
#4798 GET /revival/loadout -> 200
#4799 GET /revival/loadout -> 200
#4800 GET /revival/loadout -> 200
#4801 GET /revival/loadout -> 200
#4802 GET /revival/loadout -> 200
#4803 GET /revival/loadout -> 200
#4804 GET /party/matchmaking/info -> 200

* 18:53:36.332  WS <- /notifications/players/9b9d2c887e2524f918e383a895f2f1c2 BINARY (2 bytes) 6862
#4805 GET /core-game/regions -> 200
#4806 GET /revival/loadout -> 200

* 18:53:36.403  WS -> /notifications/players/9b9d2c887e2524f918e383a895f2f1c2 TEXT hb reply {"Resource":"hb","Version":0,"Payload":""}
#4807 GET /revival/loadout -> 200

* 18:53:36.636  WS <- /lobby TEXT ""
#4808 GET /revival/loadout -> 200
#4809 GET /revival/loadout -> 200
#4810 GET /revival/loadout -> 200
#4811 GET /revival/loadout -> 200
#4812 GET /revival/loadout -> 200
#4813 GET /revival/loadout -> 200
#4814 GET /revival/loadout -> 200
#4815 GET /revival/loadout -> 200
#4816 GET /party/players/9b9d2c887e2524f918e383a895f2f1c2/voice -> 200
#4817 GET /revival/loadout -> 200
#4818 GET /revival/loadout -> 200
#4819 GET /revival/loadout -> 200
#4820 GET /revival/loadout -> 200
#4821 GET /revival/loadout -> 200
#4822 GET /revival/loadout -> 200
#4823 GET /revival/loadout -> 200
#4824 GET /revival/loadout -> 200
#4825 GET /revival/loadout -> 200
#4826 GET /revival/loadout -> 200
#4827 GET /revival/loadout -> 200
#4828 GET /revival/loadout -> 200
#4829 GET /revival/loadout -> 200
#4830 GET /revival/loadout -> 200
#4831 GET /revival/loadout -> 200
#4832 GET /revival/loadout -> 200
#4833 GET /revival/loadout -> 200
#4834 GET /revival/loadout -> 200
#4835 GET /revival/loadout -> 200
#4836 GET /revival/loadout -> 200
#4837 GET /revival/loadout -> 200
#4838 GET /revival/loadout -> 200
#4839 GET /revival/loadout -> 200
#4840 GET /revival/loadout -> 200
#4841 GET /revival/loadout -> 200
#4842 GET /revival/loadout -> 200
#4843 GET /revival/loadout -> 200
#4844 GET /revival/loadout -> 200
#4845 GET /revival/loadout -> 200
#4846 GET /revival/loadout -> 200
#4847 GET /revival/loadout -> 200
#4848 GET /revival/loadout -> 200
#4849 GET /revival/loadout -> 200
#4850 GET /revival/loadout -> 200
#4851 GET /revival/loadout -> 200
#4852 GET /revival/loadout -> 200
#4853 GET /revival/loadout -> 200
#4854 GET /revival/loadout -> 200
#4855 GET /revival/loadout -> 200
#4856 GET /revival/loadout -> 200
#4857 GET /revival/loadout -> 200
#4858 GET /revival/loadout -> 200
#4859 GET /revival/loadout -> 200
#4860 GET /revival/loadout -> 200
#4861 GET /revival/loadout -> 200
#4862 GET /revival/loadout -> 200
#4863 GET /revival/loadout -> 200
#4864 GET /revival/loadout -> 200
#4865 GET /revival/loadout -> 200
#4866 GET /revival/loadout -> 200
#4867 GET /revival/loadout -> 200
#4868 GET /revival/loadout -> 200
#4869 GET /revival/loadout -> 200
#4870 GET /revival/loadout -> 200
#4871 GET /revival/loadout -> 200
#4872 GET /revival/loadout -> 200
#4873 GET /revival/loadout -> 200
#4874 GET /revival/loadout -> 200
#4875 GET /revival/loadout -> 200
#4876 GET /revival/loadout -> 200
#4877 GET /revival/loadout -> 200
#4878 GET /revival/loadout -> 200
#4879 GET /revival/loadout -> 200
#4880 GET /revival/loadout -> 200
#4881 GET /revival/loadout -> 200
#4882 GET /revival/loadout -> 200
#4883 GET /revival/loadout -> 200
#4884 GET /revival/loadout -> 200
#4885 GET /revival/loadout -> 200
#4886 GET /revival/loadout -> 200
#4887 GET /revival/loadout -> 200
#4888 GET /revival/loadout -> 200
#4889 GET /revival/loadout -> 200
#4890 GET /revival/loadout -> 200
#4891 GET /revival/loadout -> 200
#4892 GET /revival/loadout -> 200
#4893 GET /revival/loadout -> 200
#4894 GET /revival/loadout -> 200
#4895 GET /revival/loadout -> 200
#4896 GET /revival/loadout -> 200
#4897 GET /revival/loadout -> 200
#4898 GET /configuration/client -> 200
#4899 GET /revival/loadout -> 200
#4900 GET /content-service/manifest/release2.4.live-156430-shipping -> 200
#4901 GET /revival/loadout -> 200
#4902 GET /revival/loadout -> 200
#4903 GET /revival/loadout -> 200
#4904 GET /revival/loadout -> 200
#4905 GET /revival/loadout -> 200
#4906 POST /party/parties/party-9b9d2c887e2524f918e383a895f2f1c2/members/9b9d2c887e2524f918e383a895f2f1c2/latencies -> 200
#4907 GET /revival/loadout -> 200
#4908 GET /revival/loadout -> 200
#4909 GET /revival/loadout -> 200
#4910 GET /revival/loadout -> 200
#4911 GET /revival/loadout -> 200
#4912 GET /revival/loadout -> 200
#4913 GET /revival/loadout -> 200
#4914 GET /revival/loadout -> 200
#4915 GET /revival/loadout -> 200
#4916 GET /revival/loadout -> 200
#4917 GET /revival/loadout -> 200
#4918 GET /revival/loadout -> 200
#4919 GET /revival/loadout -> 200
#4920 GET /revival/loadout -> 200
#4921 GET /revival/loadout -> 200
#4922 GET /revival/loadout -> 200
#4923 GET /revival/loadout -> 200
#4924 GET /revival/loadout -> 200
#4925 GET /revival/loadout -> 200
#4926 GET /revival/loadout -> 200
#4927 GET /revival/loadout -> 200
#4928 GET /revival/loadout -> 200
#4929 GET /revival/loadout -> 200
#4930 GET /revival/loadout -> 200
#4931 GET /revival/loadout -> 200
#4932 GET /revival/loadout -> 200
#4933 GET /revival/loadout -> 200
#4934 GET /revival/loadout -> 200
#4935 GET /revival/loadout -> 200
#4936 GET /revival/loadout -> 200
#4937 GET /revival/loadout -> 200
#4938 GET /revival/loadout -> 200
#4939 GET /revival/loadout -> 200
#4940 GET /revival/loadout -> 200
#4941 GET /revival/loadout -> 200
#4942 GET /revival/loadout -> 200
#4943 GET /revival/loadout -> 200
#4944 GET /revival/loadout -> 200
#4945 GET /revival/loadout -> 200
#4946 GET /revival/loadout -> 200
#4947 GET /revival/loadout -> 200
#4948 GET /revival/loadout -> 200
#4949 GET /revival/loadout -> 200
#4950 GET /revival/loadout -> 200
#4951 GET /revival/loadout -> 200
#4952 GET /revival/loadout -> 200
#4953 GET /revival/loadout -> 200
#4954 GET /revival/loadout -> 200
#4955 GET /revival/loadout -> 200
#4956 GET /revival/loadout -> 200
#4957 GET /revival/loadout -> 200
#4958 GET /revival/loadout -> 200
#4959 GET /revival/loadout -> 200
#4960 GET /revival/loadout -> 200
#4961 GET /revival/loadout -> 200
#4962 GET /revival/loadout -> 200
#4963 POST /game-telemetry/v1/protected/events -> 200
#4964 GET /revival/loadout -> 200
#4965 GET /revival/loadout -> 200
#4966 GET /revival/loadout -> 200
#4967 GET /revival/loadout -> 200
#4968 GET /revival/loadout -> 200
#4969 GET /revival/loadout -> 200
#4970 GET /revival/loadout -> 200
#4971 GET /revival/loadout -> 200
#4972 GET /revival/loadout -> 200
#4973 GET /revival/loadout -> 200
#4974 GET /revival/loadout -> 200
#4975 GET /revival/loadout -> 200
#4976 GET /revival/loadout -> 200
#4977 GET /party/matchmaking/info -> 200
#4978 GET /revival/loadout -> 200

* 18:54:06.487  WS -> /notifications/players/9b9d2c887e2524f918e383a895f2f1c2 BINARY hb (proactive 30s keepalive)
#4979 GET /revival/loadout -> 200

* 18:54:06.618  WS <- /lobby TEXT ""
#4980 GET /revival/loadout -> 200
#4981 GET /revival/loadout -> 200
#4982 GET /revival/loadout -> 200
#4983 GET /revival/loadout -> 200
#4984 GET /revival/loadout -> 200
#4985 GET /revival/loadout -> 200
#4986 GET /revival/loadout -> 200
#4987 GET /revival/loadout -> 200
#4988 GET /revival/loadout -> 200
#4989 GET /revival/loadout -> 200
#4990 GET /revival/loadout -> 200
#4991 GET /party/players/9b9d2c887e2524f918e383a895f2f1c2/voice -> 200
#4992 GET /revival/loadout -> 200
#4993 GET /revival/loadout -> 200
#4994 GET /revival/loadout -> 200
#4995 GET /revival/loadout -> 200
#4996 GET /revival/loadout -> 200
#4997 GET /revival/loadout -> 200
#4998 GET /revival/loadout -> 200
#4999 GET /revival/loadout -> 200
#5000 GET /revival/loadout -> 200
#5001 GET /revival/loadout -> 200
#5002 GET /revival/loadout -> 200
#5003 GET /revival/loadout -> 200
#5004 GET /revival/loadout -> 200
#5005 GET /revival/loadout -> 200
#5006 GET /revival/loadout -> 200
#5007 GET /revival/loadout -> 200
#5008 GET /revival/loadout -> 200
#5009 GET /revival/loadout -> 200
#5010 GET /revival/loadout -> 200
#5011 GET /revival/loadout -> 200
#5012 GET /revival/loadout -> 200
#5013 GET /revival/loadout -> 200
#5014 GET /revival/loadout -> 200
#5015 GET /revival/loadout -> 200
#5016 GET /revival/loadout -> 200
#5017 GET /revival/loadout -> 200
#5018 GET /revival/loadout -> 200
#5019 GET /revival/loadout -> 200
#5020 GET /revival/loadout -> 200
#5021 GET /revival/loadout -> 200
#5022 GET /revival/loadout -> 200
#5023 GET /revival/loadout -> 200
#5024 GET /revival/loadout -> 200
#5025 GET /revival/loadout -> 200
#5026 GET /revival/loadout -> 200
#5027 GET /revival/loadout -> 200
#5028 GET /revival/loadout -> 200
#5029 GET /revival/loadout -> 200
#5030 GET /revival/loadout -> 200
#5031 GET /revival/loadout -> 200
#5032 GET /revival/loadout -> 200
#5033 GET /revival/loadout -> 200
#5034 GET /revival/loadout -> 200
#5035 GET /revival/loadout -> 200
#5036 GET /revival/loadout -> 200
#5037 GET /revival/loadout -> 200
#5038 GET /revival/loadout -> 200
#5039 GET /revival/loadout -> 200
#5040 GET /revival/loadout -> 200
#5041 GET /revival/loadout -> 200
#5042 GET /revival/loadout -> 200
#5043 GET /revival/loadout -> 200
#5044 GET /revival/loadout -> 200
#5045 GET /revival/loadout -> 200
#5046 GET /revival/loadout -> 200
#5047 GET /revival/loadout -> 200
#5048 GET /revival/loadout -> 200
#5049 GET /revival/loadout -> 200
#5050 GET /revival/loadout -> 200
#5051 GET /revival/loadout -> 200
#5052 GET /revival/loadout -> 200
#5053 GET /revival/loadout -> 200
#5054 GET /revival/loadout -> 200
#5055 GET /revival/loadout -> 200
#5056 GET /revival/loadout -> 200
#5057 GET /revival/loadout -> 200
#5058 GET /revival/loadout -> 200
#5059 GET /revival/loadout -> 200
#5060 GET /revival/loadout -> 200
#5061 GET /revival/loadout -> 200
#5062 GET /revival/loadout -> 200
#5063 GET /revival/loadout -> 200
#5064 GET /revival/loadout -> 200
#5065 GET /revival/loadout -> 200
#5066 GET /revival/loadout -> 200
#5067 GET /revival/loadout -> 200
#5068 GET /revival/loadout -> 200
#5069 GET /revival/loadout -> 200
#5070 GET /configuration/client -> 200
#5071 GET /revival/loadout -> 200
#5072 GET /revival/loadout -> 200
#5073 GET /content-service/manifest/release2.4.live-156430-shipping -> 200
#5074 GET /revival/loadout -> 200
#5075 GET /revival/loadout -> 200
#5076 GET /revival/loadout -> 200
#5077 GET /revival/loadout -> 200
#5078 GET /revival/loadout -> 200
#5079 POST /party/parties/party-9b9d2c887e2524f918e383a895f2f1c2/members/9b9d2c887e2524f918e383a895f2f1c2/latencies -> 200
#5080 GET /revival/loadout -> 200
#5081 GET /revival/loadout -> 200
#5082 GET /revival/loadout -> 200
#5083 GET /revival/loadout -> 200
#5084 GET /revival/loadout -> 200
#5085 GET /revival/loadout -> 200
#5086 GET /revival/loadout -> 200
#5087 GET /revival/loadout -> 200
#5088 GET /revival/loadout -> 200
#5089 GET /revival/loadout -> 200
#5090 GET /revival/loadout -> 200
#5091 GET /revival/loadout -> 200
#5092 GET /revival/loadout -> 200
#5093 GET /revival/loadout -> 200
#5094 GET /revival/loadout -> 200
#5095 GET /revival/loadout -> 200
#5096 GET /revival/loadout -> 200
#5097 GET /revival/loadout -> 200
#5098 GET /revival/loadout -> 200
#5099 GET /revival/loadout -> 200
#5100 GET /revival/loadout -> 200
#5101 GET /revival/loadout -> 200
#5102 GET /revival/loadout -> 200
#5103 GET /revival/loadout -> 200
#5104 GET /revival/loadout -> 200
#5105 GET /revival/loadout -> 200
#5106 GET /revival/loadout -> 200
#5107 GET /revival/loadout -> 200
#5108 GET /revival/loadout -> 200
#5109 GET /revival/loadout -> 200
#5110 GET /revival/loadout -> 200
#5111 GET /revival/loadout -> 200
#5112 GET /revival/loadout -> 200
#5113 GET /revival/loadout -> 200
#5114 GET /revival/loadout -> 200
#5115 GET /revival/loadout -> 200
#5116 GET /revival/loadout -> 200
#5117 GET /revival/loadout -> 200
#5118 GET /revival/loadout -> 200
#5119 GET /revival/loadout -> 200
#5120 GET /revival/loadout -> 200

* 18:54:31.307  WS <- /notifications/players/9b9d2c887e2524f918e383a895f2f1c2 BINARY (2 bytes) 6862

* 18:54:31.334  WS -> /notifications/players/9b9d2c887e2524f918e383a895f2f1c2 TEXT hb reply {"Resource":"hb","Version":0,"Payload":""}
#5121 GET /revival/loadout -> 200
#5122 GET /revival/loadout -> 200
#5123 GET /revival/loadout -> 200
#5124 GET /revival/loadout -> 200
#5125 GET /revival/loadout -> 200
#5126 GET /revival/loadout -> 200
#5127 GET /revival/loadout -> 200
#5128 GET /revival/loadout -> 200
#5129 GET /revival/loadout -> 200
#5130 GET /revival/loadout -> 200
#5131 GET /revival/loadout -> 200
#5132 GET /revival/loadout -> 200
#5133 GET /revival/loadout -> 200
#5134 GET /revival/loadout -> 200
#5135 GET /revival/loadout -> 200
#5136 GET /revival/loadout -> 200
#5137 GET /revival/loadout -> 200
#5138 GET /revival/loadout -> 200
#5139 GET /revival/loadout -> 200
#5140 GET /revival/loadout -> 200
#5141 GET /revival/loadout -> 200
#5142 GET /revival/loadout -> 200
#5143 GET /revival/loadout -> 200
#5144 GET /revival/loadout -> 200
#5145 GET /revival/loadout -> 200
#5146 GET /revival/loadout -> 200
#5147 GET /revival/loadout -> 200
#5148 GET /revival/loadout -> 200
#5149 GET /mailbox/config/version -> 200
#5150 GET /core-game/regions -> 200
#5151 GET /party/matchmaking/info -> 200
#5152 GET /revival/loadout -> 200
#5153 GET /revival/loadout -> 200

* 18:54:36.653  WS <- /lobby TEXT ""
#5154 GET /revival/loadout -> 200
#5155 GET /revival/loadout -> 200
#5156 GET /revival/loadout -> 200
#5157 GET /revival/loadout -> 200
#5158 GET /revival/loadout -> 200
#5159 GET /revival/loadout -> 200
#5160 GET /revival/loadout -> 200
#5161 GET /revival/loadout -> 200
#5162 GET /revival/loadout -> 200
#5163 GET /revival/loadout -> 200
#5164 GET /revival/loadout -> 200
#5165 GET /revival/loadout -> 200
#5166 GET /party/players/9b9d2c887e2524f918e383a895f2f1c2/voice -> 200
#5167 GET /revival/loadout -> 200
#5168 GET /revival/loadout -> 200
#5169 GET /revival/loadout -> 200
#5170 GET /revival/loadout -> 200
#5171 GET /revival/loadout -> 200
#5172 GET /revival/loadout -> 200
#5173 GET /revival/loadout -> 200
#5174 GET /revival/loadout -> 200
#5175 GET /revival/loadout -> 200
#5176 GET /revival/loadout -> 200
#5177 GET /revival/loadout -> 200
#5178 GET /revival/loadout -> 200
#5179 GET /revival/loadout -> 200
#5180 GET /revival/loadout -> 200
#5181 GET /revival/loadout -> 200
#5182 GET /revival/loadout -> 200
#5183 GET /revival/loadout -> 200
#5184 GET /revival/loadout -> 200
#5185 GET /revival/loadout -> 200
#5186 GET /revival/loadout -> 200
#5187 GET /revival/loadout -> 200
#5188 GET /revival/loadout -> 200
#5189 GET /revival/loadout -> 200
#5190 GET /revival/loadout -> 200
#5191 GET /revival/loadout -> 200
#5192 GET /revival/loadout -> 200
#5193 GET /revival/loadout -> 200
#5194 GET /revival/loadout -> 200
#5195 GET /revival/loadout -> 200
#5196 GET /revival/loadout -> 200
#5197 GET /revival/loadout -> 200
#5198 GET /revival/loadout -> 200
#5199 GET /revival/loadout -> 200
#5200 GET /revival/loadout -> 200
#5201 GET /revival/loadout -> 200
#5202 GET /revival/loadout -> 200
#5203 GET /revival/loadout -> 200
#5204 GET /revival/loadout -> 200
#5205 GET /revival/loadout -> 200
#5206 GET /revival/loadout -> 200
#5207 GET /revival/loadout -> 200
#5208 GET /revival/loadout -> 200
#5209 GET /revival/loadout -> 200
#5210 GET /revival/loadout -> 200
#5211 GET /revival/loadout -> 200
#5212 GET /revival/loadout -> 200
#5213 GET /revival/loadout -> 200
#5214 GET /revival/loadout -> 200
#5215 GET /revival/loadout -> 200
#5216 GET /revival/loadout -> 200
#5217 GET /revival/loadout -> 200
#5218 GET /revival/loadout -> 200
#5219 GET /revival/loadout -> 200
#5220 GET /revival/loadout -> 200
#5221 GET /revival/loadout -> 200
#5222 GET /revival/loadout -> 200
#5223 GET /revival/loadout -> 200
#5224 GET /revival/loadout -> 200
#5225 GET /revival/loadout -> 200
#5226 GET /revival/loadout -> 200
#5227 GET /revival/loadout -> 200
#5228 GET /revival/loadout -> 200
#5229 GET /revival/loadout -> 200
#5230 GET /revival/loadout -> 200
#5231 GET /revival/loadout -> 200
#5232 GET /revival/loadout -> 200
#5233 GET /revival/loadout -> 200
#5234 GET /revival/loadout -> 200
#5235 GET /revival/loadout -> 200
#5236 GET /revival/loadout -> 200
#5237 GET /revival/loadout -> 200
#5238 GET /revival/loadout -> 200
#5239 GET /revival/loadout -> 200
#5240 GET /revival/loadout -> 200
#5241 GET /revival/loadout -> 200
#5242 GET /revival/loadout -> 200
#5243 GET /revival/loadout -> 200
#5244 GET /configuration/client -> 200
#5245 GET /revival/loadout -> 200
#5246 GET /revival/loadout -> 200
#5247 GET /content-service/manifest/release2.4.live-156430-shipping -> 200
#5248 GET /revival/loadout -> 200
#5249 GET /revival/loadout -> 200
#5250 GET /revival/loadout -> 200
#5251 GET /revival/loadout -> 200
#5252 GET /revival/loadout -> 200
#5253 GET /revival/loadout -> 200
#5254 POST /party/parties/party-9b9d2c887e2524f918e383a895f2f1c2/members/9b9d2c887e2524f918e383a895f2f1c2/latencies -> 200
#5255 GET /revival/loadout -> 200
#5256 GET /revival/loadout -> 200
#5257 GET /revival/loadout -> 200
#5258 GET /revival/loadout -> 200
#5259 GET /revival/loadout -> 200
#5260 GET /revival/loadout -> 200
#5261 GET /revival/loadout -> 200
#5262 GET /revival/loadout -> 200
#5263 GET /revival/loadout -> 200
#5264 GET /revival/loadout -> 200
#5265 GET /revival/loadout -> 200
#5266 GET /revival/loadout -> 200
#5267 GET /revival/loadout -> 200
#5268 GET /revival/loadout -> 200
#5269 GET /revival/loadout -> 200
#5270 GET /revival/loadout -> 200
#5271 GET /revival/loadout -> 200
#5272 GET /revival/loadout -> 200
#5273 GET /revival/loadout -> 200
#5274 GET /revival/loadout -> 200
#5275 GET /revival/loadout -> 200
#5276 GET /revival/loadout -> 200
#5277 GET /revival/loadout -> 200
#5278 GET /revival/loadout -> 200
#5279 GET /revival/loadout -> 200
#5280 GET /revival/loadout -> 200
#5281 GET /revival/loadout -> 200
#5282 GET /revival/loadout -> 200
#5283 GET /revival/loadout -> 200
#5284 GET /revival/loadout -> 200
#5285 GET /revival/loadout -> 200
#5286 GET /revival/loadout -> 200
#5287 GET /revival/loadout -> 200
#5288 GET /revival/loadout -> 200
#5289 GET /revival/loadout -> 200
#5290 GET /revival/loadout -> 200
#5291 GET /revival/loadout -> 200
#5292 GET /revival/loadout -> 200
#5293 GET /revival/loadout -> 200
#5294 GET /revival/loadout -> 200
#5295 GET /revival/loadout -> 200

* 18:55:01.389  WS -> /notifications/players/9b9d2c887e2524f918e383a895f2f1c2 BINARY hb (proactive 30s keepalive)
#5296 GET /revival/loadout -> 200
#5297 GET /revival/loadout -> 200
#5298 GET /revival/loadout -> 200
#5299 GET /revival/loadout -> 200
#5300 GET /revival/loadout -> 200
#5301 GET /revival/loadout -> 200
#5302 GET /revival/loadout -> 200
#5303 GET /revival/loadout -> 200
#5304 GET /revival/loadout -> 200
#5305 GET /revival/loadout -> 200
#5306 GET /revival/loadout -> 200
#5307 GET /revival/loadout -> 200
#5308 GET /revival/loadout -> 200
#5309 GET /revival/loadout -> 200
#5310 GET /revival/loadout -> 200
#5311 POST /game-telemetry/v1/protected/events -> 200
#5312 GET /revival/loadout -> 200
#5313 GET /revival/loadout -> 200
#5314 GET /revival/loadout -> 200
#5315 GET /revival/loadout -> 200
#5316 GET /revival/loadout -> 200
#5317 GET /revival/loadout -> 200
#5318 GET /revival/loadout -> 200
#5319 GET /revival/loadout -> 200
#5320 GET /revival/loadout -> 200
#5321 GET /revival/loadout -> 200
#5322 GET /revival/loadout -> 200
#5323 GET /revival/loadout -> 200
#5324 GET /revival/loadout -> 200
#5325 GET /party/matchmaking/info -> 200
#5326 GET /revival/loadout -> 200
#5327 GET /revival/loadout -> 200

* 18:55:06.654  WS <- /lobby TEXT ""
#5328 GET /revival/loadout -> 200
#5329 GET /revival/loadout -> 200
#5330 GET /revival/loadout -> 200
#5331 GET /revival/loadout -> 200
#5332 GET /revival/loadout -> 200
#5333 GET /revival/loadout -> 200
#5334 GET /revival/loadout -> 200
#5335 GET /revival/loadout -> 200
#5336 GET /revival/loadout -> 200
#5337 GET /revival/loadout -> 200
#5338 GET /revival/loadout -> 200
#5339 GET /revival/loadout -> 200
#5340 GET /revival/loadout -> 200
#5341 GET /revival/loadout -> 200
#5342 GET /revival/loadout -> 200
#5343 GET /party/players/9b9d2c887e2524f918e383a895f2f1c2/voice -> 200
#5344 GET /revival/loadout -> 200
#5345 GET /revival/loadout -> 200
#5346 GET /revival/loadout -> 200
#5347 GET /revival/loadout -> 200
#5348 GET /revival/loadout -> 200
#5349 GET /revival/loadout -> 200
#5350 GET /revival/loadout -> 200
#5351 GET /revival/loadout -> 200
#5352 GET /revival/loadout -> 200
#5353 GET /revival/loadout -> 200
#5354 GET /revival/loadout -> 200
#5355 GET /revival/loadout -> 200
#5356 GET /revival/loadout -> 200
#5357 GET /revival/loadout -> 200
#5358 GET /revival/loadout -> 200
#5359 GET /revival/loadout -> 200
#5360 GET /revival/loadout -> 200
#5361 GET /revival/loadout -> 200
#5362 GET /revival/loadout -> 200
#5363 GET /revival/loadout -> 200
#5364 GET /revival/loadout -> 200
#5365 GET /revival/loadout -> 200
#5366 GET /revival/loadout -> 200
#5367 GET /revival/loadout -> 200
#5368 GET /revival/loadout -> 200
#5369 GET /revival/loadout -> 200
#5370 GET /revival/loadout -> 200
#5371 GET /revival/loadout -> 200
#5372 GET /revival/loadout -> 200
#5373 GET /revival/loadout -> 200
#5374 GET /revival/loadout -> 200
#5375 GET /revival/loadout -> 200
#5376 GET /revival/loadout -> 200
#5377 GET /revival/loadout -> 200
#5378 GET /revival/loadout -> 200
#5379 GET /revival/loadout -> 200
#5380 GET /revival/loadout -> 200
#5381 GET /revival/loadout -> 200
#5382 GET /revival/loadout -> 200
#5383 GET /revival/loadout -> 200
#5384 GET /revival/loadout -> 200
#5385 GET /revival/loadout -> 200
#5386 GET /revival/loadout -> 200
#5387 GET /revival/loadout -> 200
#5388 GET /revival/loadout -> 200
#5389 GET /revival/loadout -> 200
#5390 GET /revival/loadout -> 200
#5391 GET /revival/loadout -> 200
#5392 GET /revival/loadout -> 200
#5393 GET /revival/loadout -> 200
#5394 GET /revival/loadout -> 200
#5395 GET /revival/loadout -> 200
#5396 GET /revival/loadout -> 200
#5397 GET /revival/loadout -> 200
#5398 GET /revival/loadout -> 200
#5399 GET /revival/loadout -> 200
#5400 GET /revival/loadout -> 200
#5401 GET /revival/loadout -> 200
#5402 GET /revival/loadout -> 200
#5403 GET /revival/loadout -> 200
#5404 GET /revival/loadout -> 200
#5405 GET /revival/loadout -> 200
#5406 GET /revival/loadout -> 200
#5407 GET /revival/loadout -> 200
#5408 GET /revival/loadout -> 200
#5409 GET /revival/loadout -> 200
#5410 GET /revival/loadout -> 200
#5411 GET /revival/loadout -> 200
#5412 GET /revival/loadout -> 200
#5413 GET /revival/loadout -> 200
#5414 GET /revival/loadout -> 200
#5415 GET /revival/loadout -> 200
#5416 GET /revival/loadout -> 200
#5417 GET /configuration/client -> 200
#5418 GET /revival/loadout -> 200
#5419 GET /revival/loadout -> 200
#5420 GET /content-service/manifest/release2.4.live-156430-shipping -> 200
#5421 GET /revival/loadout -> 200
#5422 GET /revival/loadout -> 200
#5423 GET /revival/loadout -> 200
#5424 GET /revival/loadout -> 200
#5425 GET /revival/loadout -> 200
#5426 GET /revival/loadout -> 200
#5427 GET /revival/loadout -> 200
#5428 POST /party/parties/party-9b9d2c887e2524f918e383a895f2f1c2/members/9b9d2c887e2524f918e383a895f2f1c2/latencies -> 200
#5429 GET /revival/loadout -> 200
#5430 GET /revival/loadout -> 200
#5431 GET /revival/loadout -> 200
#5432 GET /revival/loadout -> 200
#5433 GET /revival/loadout -> 200
#5434 GET /revival/loadout -> 200
#5435 GET /revival/loadout -> 200
#5436 GET /revival/loadout -> 200
#5437 GET /revival/loadout -> 200
#5438 GET /revival/loadout -> 200
#5439 GET /revival/loadout -> 200
#5440 GET /revival/loadout -> 200
#5441 GET /revival/loadout -> 200

* 18:55:26.326  WS <- /notifications/players/9b9d2c887e2524f918e383a895f2f1c2 BINARY (2 bytes) 6862

* 18:55:26.405  WS -> /notifications/players/9b9d2c887e2524f918e383a895f2f1c2 TEXT hb reply {"Resource":"hb","Version":0,"Payload":""}
#5442 GET /revival/loadout -> 200
#5443 GET /revival/loadout -> 200
#5444 GET /revival/loadout -> 200
#5445 GET /revival/loadout -> 200
#5446 GET /revival/loadout -> 200
#5447 GET /revival/loadout -> 200
#5448 GET /revival/loadout -> 200
#5449 GET /revival/loadout -> 200
#5450 GET /revival/loadout -> 200
#5451 GET /revival/loadout -> 200
#5452 GET /revival/loadout -> 200
#5453 GET /revival/loadout -> 200
#5454 GET /revival/loadout -> 200
#5455 GET /revival/loadout -> 200
#5456 GET /revival/loadout -> 200
#5457 GET /revival/loadout -> 200
#5458 GET /revival/loadout -> 200
#5459 GET /revival/loadout -> 200
#5460 GET /revival/loadout -> 200
#5461 GET /revival/loadout -> 200
#5462 GET /revival/loadout -> 200
#5463 GET /revival/loadout -> 200
#5464 GET /revival/loadout -> 200
#5465 GET /revival/loadout -> 200
#5466 GET /revival/loadout -> 200
#5467 GET /revival/loadout -> 200
#5468 GET /revival/loadout -> 200
#5469 GET /revival/loadout -> 200
#5470 GET /revival/loadout -> 200
#5471 GET /revival/loadout -> 200
#5472 GET /revival/loadout -> 200
#5473 GET /revival/loadout -> 200
#5474 GET /revival/loadout -> 200
#5475 GET /revival/loadout -> 200
#5476 GET /revival/loadout -> 200
#5477 GET /revival/loadout -> 200
#5478 GET /revival/loadout -> 200
#5479 GET /revival/loadout -> 200
#5480 GET /revival/loadout -> 200
#5481 GET /revival/loadout -> 200
#5482 GET /revival/loadout -> 200
#5483 GET /revival/loadout -> 200
#5484 GET /revival/loadout -> 200
#5485 GET /revival/loadout -> 200
#5486 GET /revival/loadout -> 200
#5487 GET /revival/loadout -> 200
#5488 GET /revival/loadout -> 200
#5489 GET /revival/loadout -> 200
#5490 GET /revival/loadout -> 200
#5491 GET /revival/loadout -> 200
#5492 GET /revival/loadout -> 200
#5493 GET /revival/loadout -> 200
#5494 GET /revival/loadout -> 200
#5495 GET /revival/loadout -> 200
#5496 GET /revival/loadout -> 200
#5497 GET /revival/loadout -> 200
#5498 GET /core-game/regions -> 200
#5499 GET /party/matchmaking/info -> 200
#5500 GET /revival/loadout -> 200
#5501 GET /revival/loadout -> 200

* 18:55:36.645  WS <- /lobby TEXT ""
#5502 GET /revival/loadout -> 200
#5503 GET /revival/loadout -> 200
#5504 GET /revival/loadout -> 200
#5505 GET /revival/loadout -> 200
#5506 GET /revival/loadout -> 200
#5507 GET /revival/loadout -> 200
#5508 GET /revival/loadout -> 200
#5509 GET /revival/loadout -> 200
#5510 GET /revival/loadout -> 200
#5511 GET /revival/loadout -> 200
#5512 GET /revival/loadout -> 200
#5513 GET /revival/loadout -> 200
#5514 GET /revival/loadout -> 200
#5515 GET /revival/loadout -> 200
#5516 GET /revival/loadout -> 200
#5517 GET /revival/loadout -> 200
#5518 GET /revival/loadout -> 200
#5519 GET /party/players/9b9d2c887e2524f918e383a895f2f1c2/voice -> 200
#5520 GET /revival/loadout -> 200
#5521 GET /revival/loadout -> 200
#5522 GET /revival/loadout -> 200
#5523 GET /revival/loadout -> 200
#5524 GET /revival/loadout -> 200
#5525 GET /revival/loadout -> 200
#5526 GET /revival/loadout -> 200
#5527 GET /revival/loadout -> 200
#5528 GET /revival/loadout -> 200
#5529 GET /revival/loadout -> 200
#5530 GET /revival/loadout -> 200
#5531 GET /revival/loadout -> 200
#5532 GET /revival/loadout -> 200
#5533 GET /revival/loadout -> 200
#5534 GET /revival/loadout -> 200
#5535 GET /revival/loadout -> 200
#5536 GET /revival/loadout -> 200
#5537 GET /revival/loadout -> 200
#5538 GET /revival/loadout -> 200
#5539 GET /revival/loadout -> 200
#5540 GET /revival/loadout -> 200
#5541 GET /revival/loadout -> 200
#5542 GET /revival/loadout -> 200
#5543 GET /revival/loadout -> 200
#5544 GET /revival/loadout -> 200
#5545 GET /revival/loadout -> 200
#5546 GET /revival/loadout -> 200
#5547 GET /revival/loadout -> 200
#5548 GET /revival/loadout -> 200
#5549 GET /revival/loadout -> 200
#5550 GET /revival/loadout -> 200
#5551 GET /revival/loadout -> 200
#5552 GET /revival/loadout -> 200
#5553 GET /revival/loadout -> 200
#5554 GET /revival/loadout -> 200
#5555 GET /revival/loadout -> 200
#5556 GET /revival/loadout -> 200
#5557 GET /revival/loadout -> 200
#5558 GET /revival/loadout -> 200
#5559 GET /revival/loadout -> 200
#5560 GET /revival/loadout -> 200
#5561 GET /revival/loadout -> 200
#5562 GET /revival/loadout -> 200
#5563 GET /revival/loadout -> 200
#5564 GET /revival/loadout -> 200
#5565 GET /revival/loadout -> 200
#5566 GET /revival/loadout -> 200
#5567 GET /revival/loadout -> 200
#5568 GET /revival/loadout -> 200
#5569 GET /revival/loadout -> 200
#5570 GET /revival/loadout -> 200
#5571 GET /revival/loadout -> 200
#5572 GET /revival/loadout -> 200
#5573 GET /revival/loadout -> 200
#5574 GET /revival/loadout -> 200
#5575 GET /revival/loadout -> 200
#5576 GET /revival/loadout -> 200
#5577 GET /revival/loadout -> 200
#5578 GET /revival/loadout -> 200
#5579 GET /revival/loadout -> 200
#5580 GET /revival/loadout -> 200
#5581 GET /revival/loadout -> 200
#5582 GET /revival/loadout -> 200
#5583 GET /revival/loadout -> 200
#5584 GET /revival/loadout -> 200
#5585 GET /revival/loadout -> 200
#5586 GET /revival/loadout -> 200
#5587 GET /revival/loadout -> 200
#5588 GET /revival/loadout -> 200
#5589 GET /revival/loadout -> 200
#5590 GET /revival/loadout -> 200
#5591 GET /revival/loadout -> 200
#5592 GET /configuration/client -> 200
#5593 GET /revival/loadout -> 200
#5594 GET /content-service/manifest/release2.4.live-156430-shipping -> 200
#5595 GET /revival/loadout -> 200
#5596 GET /revival/loadout -> 200
#5597 GET /revival/loadout -> 200
#5598 GET /revival/loadout -> 200
#5599 GET /revival/loadout -> 200
#5600 GET /revival/loadout -> 200
#5601 GET /revival/loadout -> 200
#5602 GET /revival/loadout -> 200
#5603 POST /party/parties/party-9b9d2c887e2524f918e383a895f2f1c2/members/9b9d2c887e2524f918e383a895f2f1c2/latencies -> 200
#5604 GET /revival/loadout -> 200
#5605 GET /revival/loadout -> 200
#5606 GET /revival/loadout -> 200
#5607 GET /revival/loadout -> 200
#5608 GET /revival/loadout -> 200
#5609 GET /revival/loadout -> 200
#5610 GET /revival/loadout -> 200
#5611 GET /revival/loadout -> 200
#5612 GET /revival/loadout -> 200
#5613 GET /revival/loadout -> 200
#5614 GET /revival/loadout -> 200
#5615 GET /revival/loadout -> 200

* 18:55:56.444  WS -> /notifications/players/9b9d2c887e2524f918e383a895f2f1c2 BINARY hb (proactive 30s keepalive)
#5616 GET /revival/loadout -> 200
#5617 GET /revival/loadout -> 200
#5618 GET /revival/loadout -> 200
#5619 GET /revival/loadout -> 200
#5620 GET /revival/loadout -> 200
#5621 GET /revival/loadout -> 200
#5622 GET /revival/loadout -> 200
#5623 GET /revival/loadout -> 200
#5624 GET /revival/loadout -> 200
#5625 GET /revival/loadout -> 200
#5626 GET /revival/loadout -> 200
#5627 GET /revival/loadout -> 200
#5628 GET /revival/loadout -> 200
#5629 GET /revival/loadout -> 200
#5630 GET /revival/loadout -> 200
#5631 GET /revival/loadout -> 200
#5632 GET /revival/loadout -> 200
#5633 GET /revival/loadout -> 200
#5634 GET /revival/loadout -> 200
#5635 GET /revival/loadout -> 200
#5636 GET /revival/loadout -> 200
#5637 GET /revival/loadout -> 200
#5638 GET /revival/loadout -> 200
#5639 GET /revival/loadout -> 200
#5640 GET /revival/loadout -> 200
#5641 GET /revival/loadout -> 200
#5642 GET /revival/loadout -> 200
#5643 GET /revival/loadout -> 200
#5644 GET /revival/loadout -> 200
#5645 GET /revival/loadout -> 200
#5646 GET /revival/loadout -> 200
#5647 GET /revival/loadout -> 200
#5648 GET /revival/loadout -> 200
#5649 GET /revival/loadout -> 200
#5650 GET /revival/loadout -> 200
#5651 GET /revival/loadout -> 200
#5652 GET /revival/loadout -> 200
#5653 GET /revival/loadout -> 200
#5654 GET /revival/loadout -> 200
#5655 GET /revival/loadout -> 200
#5656 GET /revival/loadout -> 200
#5657 GET /revival/loadout -> 200
#5658 POST /game-telemetry/v1/protected/events -> 200
#5659 GET /revival/loadout -> 200
#5660 GET /revival/loadout -> 200
#5661 GET /revival/loadout -> 200
#5662 GET /revival/loadout -> 200
#5663 GET /revival/loadout -> 200
#5664 GET /revival/loadout -> 200
#5665 GET /revival/loadout -> 200
#5666 GET /revival/loadout -> 200
#5667 GET /revival/loadout -> 200
#5668 GET /revival/loadout -> 200
#5669 GET /revival/loadout -> 200
#5670 GET /revival/loadout -> 200
#5671 GET /revival/loadout -> 200
#5672 GET /mailbox/config/version -> 200
#5673 GET /party/matchmaking/info -> 200
#5674 GET /revival/loadout -> 200
#5675 GET /revival/loadout -> 200

* 18:56:06.647  WS <- /lobby TEXT ""
#5676 GET /revival/loadout -> 200
#5677 GET /revival/loadout -> 200
#5678 GET /revival/loadout -> 200
#5679 GET /revival/loadout -> 200
#5680 GET /revival/loadout -> 200
#5681 GET /revival/loadout -> 200
#5682 GET /revival/loadout -> 200
#5683 GET /revival/loadout -> 200
#5684 GET /revival/loadout -> 200
#5685 GET /revival/loadout -> 200
#5686 GET /revival/loadout -> 200
#5687 GET /revival/loadout -> 200
#5688 GET /revival/loadout -> 200
#5689 GET /revival/loadout -> 200
#5690 GET /revival/loadout -> 200
#5691 GET /revival/loadout -> 200
#5692 GET /revival/loadout -> 200
#5693 GET /revival/loadout -> 200
#5694 GET /revival/loadout -> 200
#5695 GET /party/players/9b9d2c887e2524f918e383a895f2f1c2/voice -> 200
#5696 GET /revival/loadout -> 200
#5697 GET /revival/loadout -> 200
#5698 GET /revival/loadout -> 200
#5699 GET /revival/loadout -> 200
#5700 GET /revival/loadout -> 200
#5701 GET /revival/loadout -> 200
#5702 GET /revival/loadout -> 200
#5703 GET /revival/loadout -> 200
#5704 GET /revival/loadout -> 200
#5705 GET /revival/loadout -> 200
#5706 GET /revival/loadout -> 200
#5707 GET /revival/loadout -> 200
#5708 GET /revival/loadout -> 200
#5709 GET /revival/loadout -> 200
#5710 GET /revival/loadout -> 200
#5711 GET /revival/loadout -> 200
#5712 GET /revival/loadout -> 200
#5713 GET /revival/loadout -> 200
#5714 GET /revival/loadout -> 200
#5715 GET /revival/loadout -> 200
#5716 GET /revival/loadout -> 200
#5717 GET /revival/loadout -> 200
#5718 GET /revival/loadout -> 200
#5719 GET /revival/loadout -> 200
#5720 GET /revival/loadout -> 200
#5721 GET /revival/loadout -> 200
#5722 GET /revival/loadout -> 200
#5723 GET /revival/loadout -> 200
#5724 GET /revival/loadout -> 200
#5725 GET /revival/loadout -> 200
#5726 GET /revival/loadout -> 200
#5727 GET /revival/loadout -> 200
#5728 GET /revival/loadout -> 200
#5729 GET /revival/loadout -> 200
#5730 GET /revival/loadout -> 200
#5731 GET /revival/loadout -> 200
#5732 GET /revival/loadout -> 200
#5733 GET /revival/loadout -> 200
#5734 GET /revival/loadout -> 200
#5735 GET /revival/loadout -> 200
#5736 GET /revival/loadout -> 200
#5737 GET /revival/loadout -> 200
#5738 GET /revival/loadout -> 200
#5739 GET /revival/loadout -> 200
#5740 GET /revival/loadout -> 200
#5741 GET /revival/loadout -> 200
#5742 GET /revival/loadout -> 200
#5743 GET /revival/loadout -> 200
#5744 GET /revival/loadout -> 200
#5745 GET /revival/loadout -> 200
#5746 GET /revival/loadout -> 200
#5747 GET /revival/loadout -> 200
#5748 GET /revival/loadout -> 200
#5749 GET /revival/loadout -> 200
#5750 GET /revival/loadout -> 200
#5751 GET /revival/loadout -> 200
#5752 GET /revival/loadout -> 200
#5753 GET /revival/loadout -> 200
#5754 GET /revival/loadout -> 200
#5755 GET /revival/loadout -> 200
#5756 GET /revival/loadout -> 200
#5757 GET /revival/loadout -> 200
#5758 GET /revival/loadout -> 200

* 18:56:21.338  WS <- /notifications/players/9b9d2c887e2524f918e383a895f2f1c2 BINARY (2 bytes) 6862
#5759 GET /revival/loadout -> 200

* 18:56:21.400  WS -> /notifications/players/9b9d2c887e2524f918e383a895f2f1c2 TEXT hb reply {"Resource":"hb","Version":0,"Payload":""}
#5760 GET /revival/loadout -> 200
#5761 GET /revival/loadout -> 200
#5762 GET /revival/loadout -> 200
#5763 GET /revival/loadout -> 200
#5764 GET /revival/loadout -> 200
#5765 GET /revival/loadout -> 200
#5766 GET /configuration/client -> 200
#5767 GET /revival/loadout -> 200
#5768 GET /revival/loadout -> 200
#5769 GET /content-service/manifest/release2.4.live-156430-shipping -> 200
#5770 GET /revival/loadout -> 200
#5771 GET /revival/loadout -> 200
#5772 GET /revival/loadout -> 200
#5773 GET /revival/loadout -> 200
#5774 GET /revival/loadout -> 200
#5775 GET /revival/loadout -> 200
#5776 GET /revival/loadout -> 200
#5777 GET /revival/loadout -> 200
#5778 GET /revival/loadout -> 200
#5779 POST /party/parties/party-9b9d2c887e2524f918e383a895f2f1c2/members/9b9d2c887e2524f918e383a895f2f1c2/latencies -> 200
#5780 GET /revival/loadout -> 200
#5781 GET /revival/loadout -> 200
#5782 GET /revival/loadout -> 200
#5783 GET /revival/loadout -> 200
#5784 GET /revival/loadout -> 200
#5785 GET /revival/loadout -> 200
#5786 GET /revival/loadout -> 200
#5787 GET /revival/loadout -> 200
#5788 GET /revival/loadout -> 200
#5789 GET /revival/loadout -> 200
#5790 GET /revival/loadout -> 200
#5791 GET /revival/loadout -> 200
#5792 GET /revival/loadout -> 200
#5793 GET /revival/loadout -> 200
#5794 GET /revival/loadout -> 200
#5795 GET /revival/loadout -> 200
#5796 GET /revival/loadout -> 200
#5797 GET /revival/loadout -> 200
#5798 GET /revival/loadout -> 200
#5799 GET /revival/loadout -> 200
#5800 GET /revival/loadout -> 200
#5801 GET /revival/loadout -> 200
#5802 GET /revival/loadout -> 200
#5803 GET /revival/loadout -> 200
#5804 GET /revival/loadout -> 200
#5805 GET /revival/loadout -> 200
#5806 GET /revival/loadout -> 200
#5807 GET /revival/loadout -> 200
#5808 GET /revival/loadout -> 200
#5809 GET /revival/loadout -> 200
#5810 GET /revival/loadout -> 200
#5811 GET /revival/loadout -> 200
#5812 GET /revival/loadout -> 200
#5813 GET /revival/loadout -> 200
#5814 GET /revival/loadout -> 200
#5815 GET /revival/loadout -> 200
#5816 GET /revival/loadout -> 200
#5817 GET /revival/loadout -> 200
#5818 GET /revival/loadout -> 200
#5819 GET /revival/loadout -> 200
#5820 GET /revival/loadout -> 200
#5821 GET /revival/loadout -> 200
#5822 GET /revival/loadout -> 200
#5823 GET /revival/loadout -> 200
#5824 GET /revival/loadout -> 200
#5825 GET /revival/loadout -> 200
#5826 GET /revival/loadout -> 200
#5827 GET /revival/loadout -> 200
#5828 GET /revival/loadout -> 200
#5829 GET /revival/loadout -> 200
#5830 GET /revival/loadout -> 200
#5831 GET /revival/loadout -> 200
#5832 GET /revival/loadout -> 200
#5833 GET /revival/loadout -> 200
#5834 GET /revival/loadout -> 200
#5835 GET /revival/loadout -> 200
#5836 GET /revival/loadout -> 200
#5837 GET /revival/loadout -> 200
#5838 GET /revival/loadout -> 200
#5839 GET /revival/loadout -> 200
#5840 GET /revival/loadout -> 200
#5841 GET /revival/loadout -> 200
#5842 GET /revival/loadout -> 200
#5843 GET /revival/loadout -> 200
#5844 GET /revival/loadout -> 200
#5845 GET /revival/loadout -> 200
#5846 GET /party/matchmaking/info -> 200
#5847 GET /core-game/regions -> 200
#5848 GET /revival/loadout -> 200
#5849 GET /revival/loadout -> 200

* 18:56:36.660  WS <- /lobby TEXT ""
#5850 GET /revival/loadout -> 200
#5851 GET /revival/loadout -> 200
#5852 GET /revival/loadout -> 200
#5853 GET /revival/loadout -> 200
#5854 GET /revival/loadout -> 200
#5855 GET /revival/loadout -> 200
#5856 GET /revival/loadout -> 200
#5857 GET /revival/loadout -> 200
#5858 GET /revival/loadout -> 200
#5859 GET /revival/loadout -> 200
#5860 GET /revival/loadout -> 200
#5861 GET /revival/loadout -> 200
#5862 GET /revival/loadout -> 200
#5863 GET /revival/loadout -> 200
#5864 GET /revival/loadout -> 200
#5865 GET /revival/loadout -> 200
#5866 GET /revival/loadout -> 200
#5867 GET /revival/loadout -> 200
#5868 GET /revival/loadout -> 200
#5869 GET /revival/loadout -> 200
#5870 GET /revival/loadout -> 200
#5871 GET /party/players/9b9d2c887e2524f918e383a895f2f1c2/voice -> 200
#5872 GET /revival/loadout -> 200
#5873 GET /revival/loadout -> 200
#5874 GET /revival/loadout -> 200
#5875 GET /revival/loadout -> 200
#5876 GET /revival/loadout -> 200
#5877 GET /revival/loadout -> 200
#5878 GET /revival/loadout -> 200
#5879 GET /revival/loadout -> 200
#5880 GET /revival/loadout -> 200
#5881 GET /revival/loadout -> 200
#5882 GET /revival/loadout -> 200
#5883 GET /revival/loadout -> 200
#5884 GET /revival/loadout -> 200
#5885 GET /revival/loadout -> 200
#5886 GET /revival/loadout -> 200
#5887 GET /revival/loadout -> 200
#5888 GET /revival/loadout -> 200
#5889 GET /revival/loadout -> 200
#5890 GET /revival/loadout -> 200
#5891 GET /revival/loadout -> 200
#5892 GET /revival/loadout -> 200
#5893 GET /revival/loadout -> 200
#5894 GET /revival/loadout -> 200
#5895 GET /revival/loadout -> 200
#5896 GET /revival/loadout -> 200
#5897 GET /revival/loadout -> 200
#5898 GET /revival/loadout -> 200
#5899 GET /revival/loadout -> 200
#5900 GET /revival/loadout -> 200
#5901 GET /revival/loadout -> 200
#5902 GET /revival/loadout -> 200
#5903 GET /revival/loadout -> 200
#5904 GET /revival/loadout -> 200
#5905 GET /revival/loadout -> 200
#5906 GET /revival/loadout -> 200
#5907 GET /revival/loadout -> 200
#5908 GET /revival/loadout -> 200
#5909 GET /revival/loadout -> 200
#5910 GET /revival/loadout -> 200
#5911 GET /revival/loadout -> 200
#5912 GET /revival/loadout -> 200
#5913 GET /revival/loadout -> 200
#5914 GET /revival/loadout -> 200
#5915 GET /revival/loadout -> 200
#5916 GET /revival/loadout -> 200
#5917 GET /revival/loadout -> 200
#5918 GET /revival/loadout -> 200
#5919 GET /revival/loadout -> 200
#5920 GET /revival/loadout -> 200
#5921 GET /revival/loadout -> 200
#5922 GET /revival/loadout -> 200
#5923 GET /revival/loadout -> 200
#5924 GET /revival/loadout -> 200
#5925 GET /revival/loadout -> 200
#5926 GET /revival/loadout -> 200
#5927 GET /revival/loadout -> 200
#5928 GET /revival/loadout -> 200
#5929 GET /revival/loadout -> 200
#5930 GET /revival/loadout -> 200
#5931 GET /revival/loadout -> 200

* 18:56:51.432  WS -> /notifications/players/9b9d2c887e2524f918e383a895f2f1c2 BINARY hb (proactive 30s keepalive)
#5932 GET /revival/loadout -> 200
#5933 GET /revival/loadout -> 200
#5934 GET /revival/loadout -> 200
#5935 GET /revival/loadout -> 200
#5936 GET /revival/loadout -> 200
#5937 GET /revival/loadout -> 200
#5938 GET /configuration/client -> 200
#5939 GET /revival/loadout -> 200
#5940 GET /revival/loadout -> 200
#5941 GET /content-service/manifest/release2.4.live-156430-shipping -> 200
#5942 GET /revival/loadout -> 200
#5943 GET /revival/loadout -> 200
#5944 GET /revival/loadout -> 200
#5945 GET /revival/loadout -> 200
#5946 GET /revival/loadout -> 200
#5947 GET /revival/loadout -> 200
#5948 GET /revival/loadout -> 200
#5949 GET /revival/loadout -> 200
#5950 GET /revival/loadout -> 200
#5951 POST /party/parties/party-9b9d2c887e2524f918e383a895f2f1c2/members/9b9d2c887e2524f918e383a895f2f1c2/latencies -> 200
#5952 GET /revival/loadout -> 200
#5953 GET /revival/loadout -> 200
#5954 GET /revival/loadout -> 200
#5955 GET /revival/loadout -> 200
#5956 GET /revival/loadout -> 200
#5957 GET /revival/loadout -> 200
#5958 GET /revival/loadout -> 200
#5959 GET /revival/loadout -> 200
#5960 GET /revival/loadout -> 200
#5961 GET /revival/loadout -> 200
#5962 GET /revival/loadout -> 200
#5963 GET /revival/loadout -> 200
#5964 GET /revival/loadout -> 200
#5965 GET /revival/loadout -> 200
#5966 GET /revival/loadout -> 200
#5967 GET /revival/loadout -> 200
#5968 GET /revival/loadout -> 200
#5969 GET /revival/loadout -> 200
#5970 GET /revival/loadout -> 200
#5971 GET /revival/loadout -> 200
#5972 GET /revival/loadout -> 200
#5973 GET /revival/loadout -> 200
#5974 GET /revival/loadout -> 200
#5975 GET /revival/loadout -> 200
#5976 GET /revival/loadout -> 200
#5977 GET /revival/loadout -> 200
#5978 GET /revival/loadout -> 200
#5979 GET /revival/loadout -> 200
#5980 GET /revival/loadout -> 200
#5981 GET /revival/loadout -> 200
#5982 GET /revival/loadout -> 200
#5983 GET /revival/loadout -> 200
#5984 GET /revival/loadout -> 200
#5985 GET /revival/loadout -> 200
#5986 GET /revival/loadout -> 200
#5987 GET /revival/loadout -> 200
#5988 GET /revival/loadout -> 200
#5989 GET /revival/loadout -> 200
#5990 GET /revival/loadout -> 200
#5991 GET /revival/loadout -> 200
#5992 GET /revival/loadout -> 200
#5993 GET /revival/loadout -> 200
#5994 GET /revival/loadout -> 200
#5995 GET /revival/loadout -> 200
#5996 GET /revival/loadout -> 200
#5997 GET /revival/loadout -> 200
#5998 GET /revival/loadout -> 200
#5999 GET /revival/loadout -> 200
#6000 GET /revival/loadout -> 200
#6001 GET /revival/loadout -> 200
#6002 GET /revival/loadout -> 200
#6003 POST /game-telemetry/v1/protected/events -> 200
#6004 GET /revival/loadout -> 200
#6005 GET /revival/loadout -> 200
#6006 GET /revival/loadout -> 200
#6007 GET /revival/loadout -> 200
#6008 GET /revival/loadout -> 200
#6009 GET /revival/loadout -> 200
#6010 GET /revival/loadout -> 200
#6011 GET /revival/loadout -> 200
#6012 GET /revival/loadout -> 200
#6013 GET /revival/loadout -> 200
#6014 GET /revival/loadout -> 200
#6015 GET /revival/loadout -> 200
#6016 GET /revival/loadout -> 200
#6017 GET /party/matchmaking/info -> 200
#6018 GET /revival/loadout -> 200
#6019 GET /revival/loadout -> 200

* 18:57:06.660  WS <- /lobby TEXT ""
#6020 GET /revival/loadout -> 200
#6021 GET /revival/loadout -> 200
#6022 GET /revival/loadout -> 200
#6023 GET /revival/loadout -> 200
#6024 GET /revival/loadout -> 200
#6025 GET /revival/loadout -> 200
#6026 GET /revival/loadout -> 200
#6027 GET /revival/loadout -> 200
#6028 GET /revival/loadout -> 200
#6029 GET /revival/loadout -> 200
#6030 GET /revival/loadout -> 200
#6031 GET /revival/loadout -> 200
#6032 GET /revival/loadout -> 200
#6033 GET /revival/loadout -> 200
#6034 GET /revival/loadout -> 200
#6035 GET /revival/loadout -> 200
#6036 GET /revival/loadout -> 200
#6037 GET /revival/loadout -> 200
#6038 GET /revival/loadout -> 200
#6039 GET /revival/loadout -> 200
#6040 GET /revival/loadout -> 200
#6041 GET /revival/loadout -> 200
#6042 GET /revival/loadout -> 200
#6043 GET /party/players/9b9d2c887e2524f918e383a895f2f1c2/voice -> 200
#6044 GET /revival/loadout -> 200
#6045 GET /revival/loadout -> 200
#6046 GET /revival/loadout -> 200
#6047 GET /revival/loadout -> 200
#6048 GET /revival/loadout -> 200
#6049 GET /revival/loadout -> 200
#6050 GET /revival/loadout -> 200
#6051 GET /revival/loadout -> 200
#6052 GET /revival/loadout -> 200
#6053 GET /revival/loadout -> 200
#6054 GET /revival/loadout -> 200
#6055 GET /revival/loadout -> 200
#6056 GET /revival/loadout -> 200
#6057 GET /revival/loadout -> 200
#6058 GET /revival/loadout -> 200
#6059 GET /revival/loadout -> 200
#6060 GET /revival/loadout -> 200
#6061 GET /revival/loadout -> 200
#6062 GET /revival/loadout -> 200
#6063 GET /revival/loadout -> 200
#6064 GET /revival/loadout -> 200
#6065 GET /revival/loadout -> 200
#6066 GET /revival/loadout -> 200
#6067 GET /revival/loadout -> 200
#6068 GET /revival/loadout -> 200
#6069 GET /revival/loadout -> 200
#6070 GET /revival/loadout -> 200
#6071 GET /revival/loadout -> 200
#6072 GET /revival/loadout -> 200
#6073 GET /revival/loadout -> 200

* 18:57:16.338  WS <- /notifications/players/9b9d2c887e2524f918e383a895f2f1c2 BINARY (2 bytes) 6862

* 18:57:16.371  WS -> /notifications/players/9b9d2c887e2524f918e383a895f2f1c2 TEXT hb reply {"Resource":"hb","Version":0,"Payload":""}
#6074 GET /revival/loadout -> 200
#6075 GET /revival/loadout -> 200
#6076 GET /revival/loadout -> 200
#6077 GET /revival/loadout -> 200
#6078 GET /revival/loadout -> 200
#6079 GET /revival/loadout -> 200
#6080 GET /revival/loadout -> 200
#6081 GET /revival/loadout -> 200
#6082 GET /revival/loadout -> 200
#6083 GET /revival/loadout -> 200
#6084 GET /revival/loadout -> 200
#6085 GET /revival/loadout -> 200
#6086 GET /revival/loadout -> 200
#6087 GET /revival/loadout -> 200
#6088 GET /revival/loadout -> 200
#6089 GET /revival/loadout -> 200
#6090 GET /revival/loadout -> 200
#6091 GET /revival/loadout -> 200
#6092 GET /revival/loadout -> 200
#6093 GET /revival/loadout -> 200
#6094 GET /revival/loadout -> 200
#6095 GET /revival/loadout -> 200
#6096 GET /revival/loadout -> 200
#6097 GET /revival/loadout -> 200
#6098 GET /revival/loadout -> 200
#6099 GET /revival/loadout -> 200
#6100 GET /revival/loadout -> 200
#6101 GET /revival/loadout -> 200
#6102 GET /revival/loadout -> 200
#6103 GET /revival/loadout -> 200
#6104 GET /revival/loadout -> 200
#6105 GET /revival/loadout -> 200
#6106 GET /revival/loadout -> 200
#6107 GET /revival/loadout -> 200
#6108 GET /configuration/client -> 200
#6109 GET /revival/loadout -> 200
#6110 GET /revival/loadout -> 200
#6111 GET /content-service/manifest/release2.4.live-156430-shipping -> 200
#6112 GET /revival/loadout -> 200
#6113 GET /revival/loadout -> 200
#6114 GET /revival/loadout -> 200
#6115 GET /revival/loadout -> 200
#6116 GET /revival/loadout -> 200
#6117 GET /revival/loadout -> 200
#6118 GET /revival/loadout -> 200
#6119 GET /revival/loadout -> 200
#6120 GET /revival/loadout -> 200
#6121 GET /revival/loadout -> 200
#6122 POST /party/parties/party-9b9d2c887e2524f918e383a895f2f1c2/members/9b9d2c887e2524f918e383a895f2f1c2/latencies -> 200
#6123 GET /revival/loadout -> 200
#6124 GET /revival/loadout -> 200
#6125 GET /revival/loadout -> 200
#6126 GET /revival/loadout -> 200
#6127 GET /revival/loadout -> 200
#6128 GET /revival/loadout -> 200
#6129 GET /revival/loadout -> 200
#6130 GET /revival/loadout -> 200
#6131 GET /revival/loadout -> 200
#6132 GET /revival/loadout -> 200
#6133 GET /revival/loadout -> 200
#6134 GET /revival/loadout -> 200
#6135 GET /revival/loadout -> 200
#6136 GET /revival/loadout -> 200
#6137 GET /revival/loadout -> 200
#6138 GET /revival/loadout -> 200
#6139 GET /revival/loadout -> 200
#6140 GET /revival/loadout -> 200
#6141 GET /revival/loadout -> 200
#6142 GET /revival/loadout -> 200
#6143 GET /revival/loadout -> 200
#6144 GET /revival/loadout -> 200
#6145 GET /revival/loadout -> 200
#6146 GET /revival/loadout -> 200
#6147 GET /revival/loadout -> 200
#6148 GET /revival/loadout -> 200
#6149 GET /revival/loadout -> 200
#6150 GET /revival/loadout -> 200
#6151 GET /revival/loadout -> 200
#6152 GET /revival/loadout -> 200
#6153 GET /revival/loadout -> 200
#6154 GET /revival/loadout -> 200
#6155 GET /revival/loadout -> 200
#6156 GET /revival/loadout -> 200
#6157 GET /revival/loadout -> 200
#6158 GET /revival/loadout -> 200
#6159 GET /revival/loadout -> 200
#6160 GET /revival/loadout -> 200
#6161 GET /revival/loadout -> 200
#6162 GET /revival/loadout -> 200
#6163 GET /revival/loadout -> 200
#6164 GET /revival/loadout -> 200
#6165 GET /revival/loadout -> 200
#6166 GET /revival/loadout -> 200
#6167 GET /revival/loadout -> 200
#6168 GET /revival/loadout -> 200
#6169 GET /revival/loadout -> 200
#6170 GET /revival/loadout -> 200
#6171 GET /revival/loadout -> 200
#6172 GET /revival/loadout -> 200
#6173 GET /revival/loadout -> 200
#6174 GET /revival/loadout -> 200
#6175 GET /revival/loadout -> 200
#6176 GET /revival/loadout -> 200
#6177 GET /revival/loadout -> 200
#6178 GET /revival/loadout -> 200
#6179 GET /revival/loadout -> 200
#6180 GET /revival/loadout -> 200
#6181 GET /revival/loadout -> 200
#6182 GET /revival/loadout -> 200
#6183 GET /revival/loadout -> 200
#6184 GET /revival/loadout -> 200
#6185 GET /revival/loadout -> 200
#6186 GET /party/matchmaking/info -> 200
#6188 GET /core-game/regions -> 200
#6187 GET /mailbox/config/version -> 200
#6189 GET /revival/loadout -> 200
#6190 GET /revival/loadout -> 200

* 18:57:36.680  WS <- /lobby TEXT ""
#6191 GET /revival/loadout -> 200
#6192 GET /revival/loadout -> 200
#6193 GET /revival/loadout -> 200
#6194 GET /revival/loadout -> 200
#6195 GET /revival/loadout -> 200
#6196 GET /revival/loadout -> 200
#6197 GET /revival/loadout -> 200
#6198 GET /revival/loadout -> 200
#6199 GET /revival/loadout -> 200
#6200 GET /revival/loadout -> 200
#6201 GET /revival/loadout -> 200
#6202 GET /revival/loadout -> 200
#6203 GET /revival/loadout -> 200
#6204 GET /revival/loadout -> 200
#6205 GET /revival/loadout -> 200
#6206 GET /revival/loadout -> 200
#6207 GET /revival/loadout -> 200
#6208 GET /revival/loadout -> 200
#6209 GET /revival/loadout -> 200
#6210 GET /revival/loadout -> 200
#6211 GET /revival/loadout -> 200
#6212 GET /revival/loadout -> 200
#6213 GET /revival/loadout -> 200
#6214 GET /revival/loadout -> 200
#6215 GET /revival/loadout -> 200
#6216 GET /party/players/9b9d2c887e2524f918e383a895f2f1c2/voice -> 200
#6217 GET /revival/loadout -> 200
#6218 GET /revival/loadout -> 200
#6219 GET /revival/loadout -> 200
#6220 GET /revival/loadout -> 200
#6221 GET /revival/loadout -> 200
#6222 GET /revival/loadout -> 200
#6223 GET /revival/loadout -> 200
#6224 GET /revival/loadout -> 200
#6225 GET /revival/loadout -> 200
#6226 GET /revival/loadout -> 200
#6227 GET /revival/loadout -> 200
#6228 GET /revival/loadout -> 200
#6229 GET /revival/loadout -> 200
#6230 GET /revival/loadout -> 200
#6231 GET /revival/loadout -> 200
#6232 GET /revival/loadout -> 200
#6233 GET /revival/loadout -> 200
#6234 GET /revival/loadout -> 200
#6235 GET /revival/loadout -> 200
#6236 GET /revival/loadout -> 200
#6237 GET /revival/loadout -> 200
#6238 GET /revival/loadout -> 200
#6239 GET /revival/loadout -> 200
#6240 GET /revival/loadout -> 200
#6241 GET /revival/loadout -> 200
#6242 GET /revival/loadout -> 200
#6243 GET /revival/loadout -> 200
#6244 GET /revival/loadout -> 200

* 18:57:46.407  WS -> /notifications/players/9b9d2c887e2524f918e383a895f2f1c2 BINARY hb (proactive 30s keepalive)
#6245 GET /revival/loadout -> 200
#6246 GET /revival/loadout -> 200
#6247 GET /revival/loadout -> 200
#6248 GET /revival/loadout -> 200
#6249 GET /revival/loadout -> 200
#6250 GET /revival/loadout -> 200
#6251 GET /revival/loadout -> 200
#6252 GET /revival/loadout -> 200
#6253 GET /revival/loadout -> 200
#6254 GET /revival/loadout -> 200
#6255 GET /revival/loadout -> 200
#6256 GET /revival/loadout -> 200
#6257 GET /revival/loadout -> 200
#6258 GET /revival/loadout -> 200
#6259 GET /revival/loadout -> 200
#6260 GET /revival/loadout -> 200
#6261 GET /revival/loadout -> 200
#6262 GET /revival/loadout -> 200
#6263 GET /revival/loadout -> 200
#6264 GET /revival/loadout -> 200
#6265 GET /revival/loadout -> 200
#6266 GET /revival/loadout -> 200
#6267 GET /revival/loadout -> 200
#6268 GET /revival/loadout -> 200
#6269 GET /revival/loadout -> 200
#6270 GET /revival/loadout -> 200
#6271 GET /revival/loadout -> 200
#6272 GET /revival/loadout -> 200
#6273 GET /revival/loadout -> 200
#6274 GET /revival/loadout -> 200
#6275 GET /revival/loadout -> 200
#6276 GET /revival/loadout -> 200
#6277 GET /revival/loadout -> 200
#6278 GET /revival/loadout -> 200
#6279 GET /configuration/client -> 200
#6280 GET /revival/loadout -> 200
#6281 GET /content-service/manifest/release2.4.live-156430-shipping -> 200
#6282 GET /revival/loadout -> 200
#6283 GET /revival/loadout -> 200
#6284 GET /revival/loadout -> 200
#6285 GET /revival/loadout -> 200
#6286 GET /revival/loadout -> 200
#6287 GET /revival/loadout -> 200
#6288 GET /revival/loadout -> 200
#6289 GET /revival/loadout -> 200
#6290 GET /revival/loadout -> 200
#6291 GET /revival/loadout -> 200
#6292 GET /revival/loadout -> 200
#6293 GET /revival/loadout -> 200
#6294 POST /party/parties/party-9b9d2c887e2524f918e383a895f2f1c2/members/9b9d2c887e2524f918e383a895f2f1c2/latencies -> 200
#6295 GET /revival/loadout -> 200
#6296 GET /revival/loadout -> 200
#6297 GET /revival/loadout -> 200
#6298 GET /revival/loadout -> 200
#6299 GET /revival/loadout -> 200
#6300 GET /revival/loadout -> 200
#6301 GET /revival/loadout -> 200
#6302 GET /revival/loadout -> 200
#6303 GET /revival/loadout -> 200
#6304 GET /revival/loadout -> 200
#6305 GET /revival/loadout -> 200
#6306 GET /revival/loadout -> 200
#6307 GET /revival/loadout -> 200
#6308 GET /revival/loadout -> 200
#6309 GET /revival/loadout -> 200
#6310 GET /revival/loadout -> 200
#6311 GET /revival/loadout -> 200
#6312 GET /revival/loadout -> 200
#6313 GET /revival/loadout -> 200
#6314 GET /revival/loadout -> 200
#6315 GET /revival/loadout -> 200
#6316 GET /revival/loadout -> 200
#6317 GET /revival/loadout -> 200
#6318 GET /revival/loadout -> 200
#6319 GET /revival/loadout -> 200
#6320 GET /revival/loadout -> 200
#6321 GET /revival/loadout -> 200
#6322 GET /revival/loadout -> 200
#6323 GET /revival/loadout -> 200
#6324 GET /revival/loadout -> 200
#6325 GET /revival/loadout -> 200
#6326 GET /revival/loadout -> 200
#6327 GET /revival/loadout -> 200
#6328 GET /revival/loadout -> 200
#6329 GET /revival/loadout -> 200
#6330 GET /revival/loadout -> 200
#6331 GET /revival/loadout -> 200
#6332 GET /revival/loadout -> 200
#6333 GET /revival/loadout -> 200
#6334 GET /revival/loadout -> 200
#6335 GET /revival/loadout -> 200
#6336 GET /revival/loadout -> 200
#6337 GET /revival/loadout -> 200
#6338 GET /revival/loadout -> 200
#6339 GET /revival/loadout -> 200
#6340 GET /revival/loadout -> 200
#6341 GET /revival/loadout -> 200
#6342 GET /revival/loadout -> 200
#6343 GET /revival/loadout -> 200
#6344 POST /game-telemetry/v1/protected/events -> 200
#6345 GET /revival/loadout -> 200
#6346 GET /revival/loadout -> 200
#6347 GET /revival/loadout -> 200
#6348 GET /revival/loadout -> 200
#6349 GET /revival/loadout -> 200
#6350 GET /revival/loadout -> 200
#6351 GET /revival/loadout -> 200
#6352 GET /revival/loadout -> 200
#6353 GET /revival/loadout -> 200
#6354 GET /revival/loadout -> 200
#6355 GET /revival/loadout -> 200
#6356 GET /revival/loadout -> 200
#6357 GET /revival/loadout -> 200
#6358 GET /party/matchmaking/info -> 200
#6359 GET /revival/loadout -> 200
#6360 GET /revival/loadout -> 200

* 18:58:06.653  WS <- /lobby TEXT ""
#6361 GET /revival/loadout -> 200
#6362 GET /revival/loadout -> 200
#6363 GET /revival/loadout -> 200
#6364 GET /revival/loadout -> 200
#6365 GET /revival/loadout -> 200
#6366 GET /revival/loadout -> 200
#6367 GET /revival/loadout -> 200
#6368 GET /revival/loadout -> 200
#6369 GET /revival/loadout -> 200
#6370 GET /revival/loadout -> 200
#6371 GET /revival/loadout -> 200
#6372 GET /revival/loadout -> 200
#6373 GET /revival/loadout -> 200
#6374 GET /revival/loadout -> 200
#6375 GET /revival/loadout -> 200
#6376 GET /revival/loadout -> 200
#6377 GET /revival/loadout -> 200
#6378 GET /revival/loadout -> 200
#6379 GET /revival/loadout -> 200
#6380 GET /revival/loadout -> 200
#6381 GET /revival/loadout -> 200
#6382 GET /revival/loadout -> 200
#6383 GET /revival/loadout -> 200
#6384 GET /revival/loadout -> 200
#6385 GET /revival/loadout -> 200

* 18:58:11.325  WS <- /notifications/players/9b9d2c887e2524f918e383a895f2f1c2 BINARY (2 bytes) 6862
#6386 GET /revival/loadout -> 200

* 18:58:11.384  WS -> /notifications/players/9b9d2c887e2524f918e383a895f2f1c2 TEXT hb reply {"Resource":"hb","Version":0,"Payload":""}
#6387 GET /revival/loadout -> 200
#6388 GET /party/players/9b9d2c887e2524f918e383a895f2f1c2/voice -> 200
#6389 GET /revival/loadout -> 200
#6390 GET /revival/loadout -> 200
#6391 GET /revival/loadout -> 200
#6392 GET /revival/loadout -> 200
#6393 GET /revival/loadout -> 200
#6394 GET /revival/loadout -> 200
#6395 GET /revival/loadout -> 200
#6396 GET /revival/loadout -> 200
#6397 GET /revival/loadout -> 200
#6398 GET /revival/loadout -> 200
#6399 GET /revival/loadout -> 200
#6400 GET /revival/loadout -> 200
#6401 GET /revival/loadout -> 200
#6402 GET /revival/loadout -> 200
#6403 GET /revival/loadout -> 200
#6404 GET /revival/loadout -> 200
#6405 GET /revival/loadout -> 200
#6406 GET /revival/loadout -> 200
#6407 GET /revival/loadout -> 200
#6408 GET /revival/loadout -> 200
#6409 GET /revival/loadout -> 200
#6410 GET /revival/loadout -> 200
#6411 GET /revival/loadout -> 200
#6412 GET /revival/loadout -> 200
#6413 GET /revival/loadout -> 200
#6414 GET /revival/loadout -> 200
#6415 GET /revival/loadout -> 200
#6416 GET /revival/loadout -> 200
#6417 GET /revival/loadout -> 200
#6418 GET /revival/loadout -> 200
#6419 GET /revival/loadout -> 200
#6420 GET /revival/loadout -> 200
#6421 GET /revival/loadout -> 200
#6422 GET /revival/loadout -> 200
#6423 GET /revival/loadout -> 200
#6424 GET /revival/loadout -> 200
#6425 GET /revival/loadout -> 200
#6426 GET /revival/loadout -> 200
#6427 GET /revival/loadout -> 200
#6428 GET /revival/loadout -> 200
#6429 GET /revival/loadout -> 200
#6430 GET /revival/loadout -> 200
#6431 GET /revival/loadout -> 200
#6432 GET /revival/loadout -> 200
#6433 GET /revival/loadout -> 200
#6434 GET /revival/loadout -> 200
#6435 GET /revival/loadout -> 200
#6436 GET /revival/loadout -> 200
#6437 GET /revival/loadout -> 200
#6438 GET /revival/loadout -> 200
#6439 GET /revival/loadout -> 200
#6440 GET /revival/loadout -> 200
#6441 GET /revival/loadout -> 200
#6442 GET /revival/loadout -> 200
#6443 GET /revival/loadout -> 200
#6444 GET /revival/loadout -> 200
#6445 GET /revival/loadout -> 200
#6446 GET /revival/loadout -> 200
#6447 GET /revival/loadout -> 200
#6448 GET /revival/loadout -> 200
#6449 GET /configuration/client -> 200
#6450 GET /revival/loadout -> 200
#6451 GET /revival/loadout -> 200
#6452 GET /content-service/manifest/release2.4.live-156430-shipping -> 200
#6453 GET /revival/loadout -> 200
#6454 GET /revival/loadout -> 200
#6455 GET /revival/loadout -> 200
#6456 GET /revival/loadout -> 200
#6457 GET /revival/loadout -> 200
#6458 GET /revival/loadout -> 200
#6459 GET /revival/loadout -> 200
#6460 GET /revival/loadout -> 200
#6461 GET /revival/loadout -> 200
#6462 GET /revival/loadout -> 200
#6463 GET /revival/loadout -> 200
#6464 GET /revival/loadout -> 200
#6465 POST /party/parties/party-9b9d2c887e2524f918e383a895f2f1c2/members/9b9d2c887e2524f918e383a895f2f1c2/latencies -> 200
#6466 GET /revival/loadout -> 200
#6467 GET /revival/loadout -> 200
#6468 GET /revival/loadout -> 200
#6469 GET /revival/loadout -> 200
#6470 GET /revival/loadout -> 200
#6471 GET /revival/loadout -> 200
#6472 GET /revival/loadout -> 200
#6473 GET /revival/loadout -> 200
#6474 GET /revival/loadout -> 200
#6475 GET /revival/loadout -> 200
#6476 GET /revival/loadout -> 200
#6477 GET /revival/loadout -> 200
#6478 GET /revival/loadout -> 200
#6479 GET /revival/loadout -> 200
#6480 GET /revival/loadout -> 200
#6481 GET /revival/loadout -> 200
#6482 GET /revival/loadout -> 200
#6483 GET /revival/loadout -> 200
#6484 GET /revival/loadout -> 200
#6485 GET /revival/loadout -> 200
#6486 GET /revival/loadout -> 200
#6487 GET /revival/loadout -> 200
#6488 GET /revival/loadout -> 200
#6489 GET /revival/loadout -> 200
#6490 GET /revival/loadout -> 200
#6491 GET /revival/loadout -> 200
#6492 GET /revival/loadout -> 200
#6493 GET /revival/loadout -> 200
#6494 GET /revival/loadout -> 200
#6495 GET /revival/loadout -> 200
#6496 GET /revival/loadout -> 200
#6497 GET /revival/loadout -> 200
#6498 GET /revival/loadout -> 200
#6499 GET /revival/loadout -> 200
#6500 GET /revival/loadout -> 200
#6501 GET /revival/loadout -> 200
#6502 GET /revival/loadout -> 200
#6503 GET /revival/loadout -> 200
#6504 GET /revival/loadout -> 200
#6505 GET /revival/loadout -> 200
#6506 GET /revival/loadout -> 200
#6507 GET /revival/loadout -> 200
#6508 GET /revival/loadout -> 200
#6509 GET /revival/loadout -> 200
#6510 GET /revival/loadout -> 200
#6511 GET /revival/loadout -> 200
#6512 GET /revival/loadout -> 200
#6513 GET /revival/loadout -> 200
#6514 GET /revival/loadout -> 200
#6515 GET /revival/loadout -> 200
#6516 GET /revival/loadout -> 200
#6517 GET /revival/loadout -> 200
#6518 GET /revival/loadout -> 200
#6519 GET /revival/loadout -> 200
#6520 GET /revival/loadout -> 200
#6521 GET /revival/loadout -> 200
#6522 GET /revival/loadout -> 200
#6523 GET /revival/loadout -> 200
#6524 GET /revival/loadout -> 200
#6525 GET /revival/loadout -> 200
#6526 GET /revival/loadout -> 200
#6527 GET /revival/loadout -> 200
#6528 GET /party/matchmaking/info -> 200
#6529 GET /core-game/regions -> 200
#6530 GET /revival/loadout -> 200
#6531 GET /revival/loadout -> 200

* 18:58:36.680  WS <- /lobby TEXT ""
#6532 GET /revival/loadout -> 200
#6533 GET /revival/loadout -> 200
#6534 GET /revival/loadout -> 200
#6535 GET /revival/loadout -> 200
#6536 GET /revival/loadout -> 200
#6537 GET /revival/loadout -> 200
#6538 GET /revival/loadout -> 200
#6539 GET /revival/loadout -> 200
#6540 GET /revival/loadout -> 200
#6541 GET /revival/loadout -> 200
#6542 GET /revival/loadout -> 200
#6543 GET /revival/loadout -> 200
#6544 GET /revival/loadout -> 200
#6545 GET /revival/loadout -> 200
#6546 GET /revival/loadout -> 200
#6547 GET /revival/loadout -> 200
#6548 GET /revival/loadout -> 200
#6549 GET /revival/loadout -> 200
#6550 GET /revival/loadout -> 200
#6551 GET /revival/loadout -> 200
#6552 GET /revival/loadout -> 200
#6553 GET /revival/loadout -> 200
#6554 GET /revival/loadout -> 200
#6555 GET /revival/loadout -> 200
#6556 GET /revival/loadout -> 200
#6557 GET /revival/loadout -> 200

* 18:58:41.412  WS -> /notifications/players/9b9d2c887e2524f918e383a895f2f1c2 BINARY hb (proactive 30s keepalive)
#6558 GET /revival/loadout -> 200
#6559 GET /revival/loadout -> 200
#6560 GET /party/players/9b9d2c887e2524f918e383a895f2f1c2/voice -> 200
#6561 GET /revival/loadout -> 200
#6562 GET /revival/loadout -> 200
#6563 GET /revival/loadout -> 200
#6564 GET /revival/loadout -> 200
#6565 GET /revival/loadout -> 200
#6566 GET /revival/loadout -> 200
#6567 GET /revival/loadout -> 200
#6568 GET /revival/loadout -> 200
#6569 GET /revival/loadout -> 200
#6570 GET /revival/loadout -> 200
#6571 GET /revival/loadout -> 200
#6572 GET /revival/loadout -> 200
#6573 GET /revival/loadout -> 200
#6574 GET /revival/loadout -> 200
#6575 GET /revival/loadout -> 200
#6576 GET /revival/loadout -> 200
#6577 GET /revival/loadout -> 200
#6578 GET /revival/loadout -> 200
#6579 GET /revival/loadout -> 200
#6580 GET /revival/loadout -> 200
#6581 GET /revival/loadout -> 200
#6582 GET /revival/loadout -> 200
#6583 GET /revival/loadout -> 200
#6584 GET /revival/loadout -> 200
#6585 GET /revival/loadout -> 200
#6586 GET /revival/loadout -> 200
#6587 GET /revival/loadout -> 200
#6588 GET /revival/loadout -> 200
#6589 GET /revival/loadout -> 200
#6590 GET /revival/loadout -> 200
#6591 GET /revival/loadout -> 200
#6592 GET /revival/loadout -> 200
#6593 GET /revival/loadout -> 200
#6594 GET /revival/loadout -> 200
#6595 GET /revival/loadout -> 200
#6596 GET /revival/loadout -> 200
#6597 GET /revival/loadout -> 200
#6598 GET /revival/loadout -> 200
#6599 GET /revival/loadout -> 200
#6600 GET /revival/loadout -> 200
#6601 GET /revival/loadout -> 200
#6602 GET /revival/loadout -> 200
#6603 GET /revival/loadout -> 200
#6604 GET /revival/loadout -> 200
#6605 GET /revival/loadout -> 200
#6606 GET /revival/loadout -> 200
#6607 GET /revival/loadout -> 200
#6608 GET /revival/loadout -> 200
#6609 GET /revival/loadout -> 200
#6610 GET /revival/loadout -> 200
#6611 GET /revival/loadout -> 200
#6612 GET /revival/loadout -> 200
#6613 GET /revival/loadout -> 200
#6614 GET /revival/loadout -> 200
#6615 GET /revival/loadout -> 200
#6616 GET /revival/loadout -> 200
#6617 GET /revival/loadout -> 200
#6618 GET /revival/loadout -> 200
#6619 GET /revival/loadout -> 200
#6620 GET /configuration/client -> 200
#6621 GET /revival/loadout -> 200
#6622 GET /content-service/manifest/release2.4.live-156430-shipping -> 200
#6623 GET /revival/loadout -> 200
#6624 GET /revival/loadout -> 200
#6625 GET /revival/loadout -> 200
#6626 GET /revival/loadout -> 200
#6627 GET /revival/loadout -> 200
#6628 GET /revival/loadout -> 200
#6629 GET /revival/loadout -> 200
#6630 GET /revival/loadout -> 200
#6631 GET /revival/loadout -> 200
#6632 GET /revival/loadout -> 200
#6633 GET /revival/loadout -> 200
#6634 GET /revival/loadout -> 200
#6635 GET /revival/loadout -> 200
#6636 POST /party/parties/party-9b9d2c887e2524f918e383a895f2f1c2/members/9b9d2c887e2524f918e383a895f2f1c2/latencies -> 200
#6637 GET /revival/loadout -> 200
#6638 GET /revival/loadout -> 200
#6639 GET /revival/loadout -> 200
#6640 GET /revival/loadout -> 200
#6641 GET /revival/loadout -> 200
#6642 GET /revival/loadout -> 200
#6643 GET /revival/loadout -> 200
#6644 GET /revival/loadout -> 200
#6645 GET /revival/loadout -> 200
#6646 GET /revival/loadout -> 200
#6647 GET /revival/loadout -> 200
#6648 GET /revival/loadout -> 200
#6649 GET /revival/loadout -> 200
#6650 GET /revival/loadout -> 200
#6651 GET /revival/loadout -> 200
#6652 GET /revival/loadout -> 200
#6653 GET /revival/loadout -> 200
#6654 GET /revival/loadout -> 200
#6655 GET /revival/loadout -> 200
#6656 GET /revival/loadout -> 200
#6657 GET /revival/loadout -> 200
#6658 GET /revival/loadout -> 200
#6659 GET /revival/loadout -> 200
#6660 GET /revival/loadout -> 200
#6661 GET /revival/loadout -> 200
#6662 GET /revival/loadout -> 200
#6663 GET /revival/loadout -> 200
#6664 GET /revival/loadout -> 200
#6665 GET /revival/loadout -> 200
#6666 GET /revival/loadout -> 200
#6667 GET /revival/loadout -> 200
#6668 GET /revival/loadout -> 200
#6669 GET /revival/loadout -> 200
#6670 GET /revival/loadout -> 200
#6671 GET /revival/loadout -> 200
#6672 GET /revival/loadout -> 200
#6673 GET /revival/loadout -> 200
#6674 GET /revival/loadout -> 200
#6675 GET /revival/loadout -> 200
#6676 GET /revival/loadout -> 200
#6677 GET /revival/loadout -> 200
#6678 GET /revival/loadout -> 200
#6679 GET /revival/loadout -> 200
#6680 GET /revival/loadout -> 200
#6681 GET /revival/loadout -> 200
#6682 GET /revival/loadout -> 200
#6683 GET /revival/loadout -> 200
#6684 GET /revival/loadout -> 200
#6685 POST /game-telemetry/v1/protected/events -> 200
#6686 GET /revival/loadout -> 200
#6687 GET /revival/loadout -> 200
#6688 GET /revival/loadout -> 200
#6689 GET /revival/loadout -> 200
#6690 GET /revival/loadout -> 200
#6691 GET /revival/loadout -> 200
#6692 GET /revival/loadout -> 200
#6693 GET /revival/loadout -> 200
#6694 GET /revival/loadout -> 200
#6695 GET /revival/loadout -> 200
#6696 GET /revival/loadout -> 200
#6697 GET /revival/loadout -> 200
#6698 GET /revival/loadout -> 200

* 18:59:06.338  WS <- /notifications/players/9b9d2c887e2524f918e383a895f2f1c2 BINARY (2 bytes) 6862
#6700 GET /party/matchmaking/info -> 200
#6699 GET /mailbox/config/version -> 200

* 18:59:06.364  WS -> /notifications/players/9b9d2c887e2524f918e383a895f2f1c2 TEXT hb reply {"Resource":"hb","Version":0,"Payload":""}
#6701 GET /revival/loadout -> 200

* 18:59:06.675  WS <- /lobby TEXT ""
#6702 GET /revival/loadout -> 200
#6703 GET /revival/loadout -> 200
#6704 GET /revival/loadout -> 200
#6705 GET /revival/loadout -> 200
#6706 GET /revival/loadout -> 200
#6707 GET /revival/loadout -> 200
#6708 GET /revival/loadout -> 200
#6709 GET /revival/loadout -> 200
#6710 GET /revival/loadout -> 200
#6711 GET /revival/loadout -> 200
#6712 GET /revival/loadout -> 200
#6713 GET /revival/loadout -> 200
#6714 GET /revival/loadout -> 200
#6715 GET /revival/loadout -> 200
#6716 GET /revival/loadout -> 200
#6717 GET /revival/loadout -> 200
#6718 GET /revival/loadout -> 200
#6719 GET /revival/loadout -> 200
#6720 GET /revival/loadout -> 200
#6721 GET /revival/loadout -> 200
#6722 GET /revival/loadout -> 200
#6723 GET /revival/loadout -> 200
#6724 GET /revival/loadout -> 200
#6725 GET /revival/loadout -> 200
#6726 GET /revival/loadout -> 200
#6727 GET /revival/loadout -> 200
#6728 GET /revival/loadout -> 200
#6729 GET /revival/loadout -> 200
#6730 GET /revival/loadout -> 200
#6731 GET /revival/loadout -> 200
#6732 GET /revival/loadout -> 200
#6733 GET /revival/loadout -> 200
#6734 GET /party/players/9b9d2c887e2524f918e383a895f2f1c2/voice -> 200
#6735 GET /revival/loadout -> 200
#6736 GET /revival/loadout -> 200
#6737 GET /revival/loadout -> 200
#6738 GET /revival/loadout -> 200
#6739 GET /revival/loadout -> 200
#6740 GET /revival/loadout -> 200
#6741 GET /revival/loadout -> 200
#6742 GET /revival/loadout -> 200
#6743 GET /revival/loadout -> 200
#6744 GET /revival/loadout -> 200
#6745 GET /revival/loadout -> 200
#6746 GET /revival/loadout -> 200
#6747 GET /revival/loadout -> 200
#6748 GET /revival/loadout -> 200
#6749 GET /revival/loadout -> 200
#6750 GET /revival/loadout -> 200
#6751 GET /revival/loadout -> 200
#6752 GET /revival/loadout -> 200
#6753 GET /revival/loadout -> 200
#6754 GET /revival/loadout -> 200
#6755 GET /revival/loadout -> 200
#6756 GET /revival/loadout -> 200
#6757 GET /revival/loadout -> 200
#6758 GET /revival/loadout -> 200
#6759 GET /revival/loadout -> 200
#6760 GET /revival/loadout -> 200
#6761 GET /revival/loadout -> 200
#6762 GET /revival/loadout -> 200
#6763 GET /revival/loadout -> 200
#6764 GET /revival/loadout -> 200
#6765 GET /revival/loadout -> 200
#6766 GET /revival/loadout -> 200
#6767 GET /revival/loadout -> 200
#6768 GET /revival/loadout -> 200
#6769 GET /revival/loadout -> 200
#6770 GET /revival/loadout -> 200
#6771 GET /revival/loadout -> 200
#6772 GET /revival/loadout -> 200
#6773 GET /revival/loadout -> 200
#6774 GET /revival/loadout -> 200
#6775 GET /revival/loadout -> 200
#6776 GET /revival/loadout -> 200
#6777 GET /revival/loadout -> 200
#6778 GET /revival/loadout -> 200
#6779 GET /revival/loadout -> 200
#6780 GET /revival/loadout -> 200
#6781 GET /revival/loadout -> 200
#6782 GET /revival/loadout -> 200
#6783 GET /revival/loadout -> 200
#6784 GET /revival/loadout -> 200
#6785 GET /revival/loadout -> 200
#6786 GET /revival/loadout -> 200
#6787 GET /revival/loadout -> 200
#6788 GET /revival/loadout -> 200
#6789 GET /revival/loadout -> 200
#6790 GET /revival/loadout -> 200
#6791 GET /configuration/client -> 200
#6792 GET /revival/loadout -> 200
#6793 GET /content-service/manifest/release2.4.live-156430-shipping -> 200
#6794 GET /revival/loadout -> 200
#6795 GET /revival/loadout -> 200
#6796 GET /revival/loadout -> 200
#6797 GET /revival/loadout -> 200
#6798 GET /revival/loadout -> 200
#6799 GET /revival/loadout -> 200
#6800 GET /revival/loadout -> 200
#6801 GET /revival/loadout -> 200
#6802 GET /revival/loadout -> 200
#6803 GET /revival/loadout -> 200
#6804 GET /revival/loadout -> 200
#6805 GET /revival/loadout -> 200
#6806 GET /revival/loadout -> 200
#6807 GET /revival/loadout -> 200
#6808 POST /party/parties/party-9b9d2c887e2524f918e383a895f2f1c2/members/9b9d2c887e2524f918e383a895f2f1c2/latencies -> 200
#6809 GET /revival/loadout -> 200
#6810 GET /revival/loadout -> 200
#6811 GET /revival/loadout -> 200
#6812 GET /revival/loadout -> 200
#6813 GET /revival/loadout -> 200
#6814 GET /revival/loadout -> 200
#6815 GET /revival/loadout -> 200
#6816 GET /revival/loadout -> 200
#6817 GET /revival/loadout -> 200
#6818 GET /revival/loadout -> 200
#6819 GET /revival/loadout -> 200
#6820 GET /revival/loadout -> 200
#6821 GET /revival/loadout -> 200
#6822 GET /revival/loadout -> 200
#6823 GET /revival/loadout -> 200
#6824 GET /revival/loadout -> 200
#6825 GET /revival/loadout -> 200
#6826 GET /revival/loadout -> 200
#6827 GET /revival/loadout -> 200
#6828 GET /revival/loadout -> 200
#6829 GET /revival/loadout -> 200
#6830 GET /revival/loadout -> 200
#6831 GET /revival/loadout -> 200
#6832 GET /revival/loadout -> 200
#6833 GET /revival/loadout -> 200
#6834 GET /revival/loadout -> 200
#6835 GET /revival/loadout -> 200
#6836 GET /revival/loadout -> 200
#6837 GET /revival/loadout -> 200
#6838 GET /revival/loadout -> 200
#6839 GET /revival/loadout -> 200
#6840 GET /revival/loadout -> 200
#6841 GET /revival/loadout -> 200
#6842 GET /revival/loadout -> 200
#6843 GET /revival/loadout -> 200
#6844 GET /revival/loadout -> 200
#6845 GET /revival/loadout -> 200
#6846 GET /revival/loadout -> 200
#6847 GET /revival/loadout -> 200
#6848 GET /revival/loadout -> 200
#6849 GET /revival/loadout -> 200
#6850 GET /revival/loadout -> 200
#6851 GET /revival/loadout -> 200
#6852 GET /revival/loadout -> 200
#6853 GET /revival/loadout -> 200
#6854 GET /revival/loadout -> 200
#6855 GET /revival/loadout -> 200
#6856 GET /revival/loadout -> 200
#6857 GET /revival/loadout -> 200
#6858 GET /revival/loadout -> 200
#6859 GET /revival/loadout -> 200
#6860 GET /revival/loadout -> 200
#6861 GET /revival/loadout -> 200
#6862 GET /revival/loadout -> 200
#6863 GET /revival/loadout -> 200
#6864 GET /revival/loadout -> 200
#6865 GET /revival/loadout -> 200
#6866 GET /revival/loadout -> 200
#6867 GET /revival/loadout -> 200
#6868 GET /revival/loadout -> 200
#6869 GET /core-game/regions -> 200
#6871 GET /revival/loadout -> 200
#6870 GET /party/matchmaking/info -> 200

* 18:59:36.489  WS -> /notifications/players/9b9d2c887e2524f918e383a895f2f1c2 BINARY hb (proactive 30s keepalive)
#6872 GET /revival/loadout -> 200

* 18:59:36.659  WS <- /lobby TEXT ""
#6873 GET /revival/loadout -> 200
#6874 GET /revival/loadout -> 200
#6875 GET /revival/loadout -> 200
#6876 GET /revival/loadout -> 200
#6877 GET /revival/loadout -> 200
#6878 GET /revival/loadout -> 200
#6879 GET /revival/loadout -> 200
#6880 GET /revival/loadout -> 200
#6881 GET /revival/loadout -> 200
#6882 GET /revival/loadout -> 200
#6883 GET /revival/loadout -> 200
#6884 GET /revival/loadout -> 200
#6885 GET /revival/loadout -> 200
#6886 GET /revival/loadout -> 200
#6887 GET /revival/loadout -> 200
#6888 GET /revival/loadout -> 200
#6889 GET /revival/loadout -> 200
#6890 GET /revival/loadout -> 200
#6891 GET /revival/loadout -> 200
#6892 GET /revival/loadout -> 200
#6893 GET /revival/loadout -> 200
#6894 GET /revival/loadout -> 200
#6895 GET /revival/loadout -> 200
#6896 GET /revival/loadout -> 200
#6897 GET /revival/loadout -> 200
#6898 GET /revival/loadout -> 200
#6899 GET /revival/loadout -> 200
#6900 GET /revival/loadout -> 200
#6901 GET /revival/loadout -> 200
#6902 GET /revival/loadout -> 200
#6903 GET /revival/loadout -> 200
#6904 GET /revival/loadout -> 200
#6905 GET /revival/loadout -> 200
#6906 GET /party/players/9b9d2c887e2524f918e383a895f2f1c2/voice -> 200
#6907 GET /revival/loadout -> 200
#6908 GET /revival/loadout -> 200
#6909 GET /revival/loadout -> 200
#6910 GET /revival/loadout -> 200
#6911 GET /revival/loadout -> 200
#6912 GET /revival/loadout -> 200
#6913 GET /revival/loadout -> 200
#6914 GET /revival/loadout -> 200
#6915 GET /revival/loadout -> 200
#6916 GET /revival/loadout -> 200
#6917 GET /revival/loadout -> 200
#6918 GET /revival/loadout -> 200
#6919 GET /revival/loadout -> 200
#6920 GET /revival/loadout -> 200
#6921 GET /revival/loadout -> 200
#6922 GET /revival/loadout -> 200
#6923 GET /revival/loadout -> 200
#6924 GET /revival/loadout -> 200
#6925 GET /revival/loadout -> 200
#6926 GET /revival/loadout -> 200
#6927 GET /revival/loadout -> 200
#6928 GET /revival/loadout -> 200
#6929 GET /revival/loadout -> 200
#6930 GET /revival/loadout -> 200
#6931 GET /revival/loadout -> 200
#6932 GET /revival/loadout -> 200
#6933 GET /revival/loadout -> 200
#6934 GET /revival/loadout -> 200
#6935 GET /revival/loadout -> 200
#6936 GET /revival/loadout -> 200
#6937 GET /revival/loadout -> 200
#6938 GET /revival/loadout -> 200
#6939 GET /revival/loadout -> 200
#6940 GET /revival/loadout -> 200
#6941 GET /revival/loadout -> 200
#6942 GET /revival/loadout -> 200
#6943 GET /revival/loadout -> 200
#6944 GET /revival/loadout -> 200
#6945 GET /revival/loadout -> 200
#6946 GET /revival/loadout -> 200
#6947 GET /revival/loadout -> 200
#6948 GET /revival/loadout -> 200
#6949 GET /revival/loadout -> 200
#6950 GET /revival/loadout -> 200
#6951 GET /revival/loadout -> 200
#6952 GET /revival/loadout -> 200
#6953 GET /revival/loadout -> 200
#6954 GET /revival/loadout -> 200
#6955 GET /revival/loadout -> 200
#6956 GET /revival/loadout -> 200
#6957 GET /revival/loadout -> 200
#6958 GET /revival/loadout -> 200
#6959 GET /revival/loadout -> 200
#6960 GET /revival/loadout -> 200
#6961 GET /revival/loadout -> 200
#6962 GET /configuration/client -> 200
#6963 GET /revival/loadout -> 200
#6964 GET /content-service/manifest/release2.4.live-156430-shipping -> 200
#6965 GET /revival/loadout -> 200
#6966 GET /revival/loadout -> 200
#6967 GET /revival/loadout -> 200
#6968 GET /revival/loadout -> 200
#6969 GET /revival/loadout -> 200
#6970 GET /revival/loadout -> 200
#6971 GET /revival/loadout -> 200
#6972 GET /revival/loadout -> 200
#6973 GET /revival/loadout -> 200
#6974 GET /revival/loadout -> 200
#6975 GET /revival/loadout -> 200
#6976 GET /revival/loadout -> 200
#6977 GET /revival/loadout -> 200
#6978 GET /revival/loadout -> 200
#6979 GET /revival/loadout -> 200
#6980 POST /party/parties/party-9b9d2c887e2524f918e383a895f2f1c2/members/9b9d2c887e2524f918e383a895f2f1c2/latencies -> 200
#6981 GET /revival/loadout -> 200
#6982 GET /revival/loadout -> 200
#6983 GET /revival/loadout -> 200
#6984 GET /revival/loadout -> 200
#6985 GET /revival/loadout -> 200
#6986 GET /revival/loadout -> 200
#6987 GET /revival/loadout -> 200
#6988 GET /revival/loadout -> 200
#6989 GET /revival/loadout -> 200
#6990 GET /revival/loadout -> 200
#6991 GET /revival/loadout -> 200
#6992 GET /revival/loadout -> 200
#6993 GET /revival/loadout -> 200
#6994 GET /revival/loadout -> 200
#6995 GET /revival/loadout -> 200
#6996 GET /revival/loadout -> 200
#6997 GET /revival/loadout -> 200
#6998 GET /revival/loadout -> 200
#6999 GET /revival/loadout -> 200
#7000 GET /revival/loadout -> 200
#7001 GET /revival/loadout -> 200
#7002 GET /revival/loadout -> 200
#7003 GET /revival/loadout -> 200
#7004 GET /revival/loadout -> 200
#7005 GET /revival/loadout -> 200
#7006 GET /revival/loadout -> 200
#7007 GET /revival/loadout -> 200
#7008 GET /revival/loadout -> 200
#7009 GET /revival/loadout -> 200
#7010 GET /revival/loadout -> 200
#7011 GET /revival/loadout -> 200

* 19:00:01.316  WS <- /notifications/players/9b9d2c887e2524f918e383a895f2f1c2 BINARY (2 bytes) 6862
#7012 GET /revival/loadout -> 200

* 19:00:01.343  WS -> /notifications/players/9b9d2c887e2524f918e383a895f2f1c2 TEXT hb reply {"Resource":"hb","Version":0,"Payload":""}
#7013 GET /revival/loadout -> 200
#7014 GET /revival/loadout -> 200
#7015 GET /revival/loadout -> 200
#7016 GET /revival/loadout -> 200
#7017 GET /revival/loadout -> 200
#7018 GET /revival/loadout -> 200
#7019 GET /revival/loadout -> 200
#7020 GET /revival/loadout -> 200
#7021 GET /revival/loadout -> 200
#7022 GET /revival/loadout -> 200
#7023 GET /revival/loadout -> 200
#7024 GET /revival/loadout -> 200
#7025 GET /revival/loadout -> 200
#7026 GET /revival/loadout -> 200
#7027 POST /game-telemetry/v1/protected/events -> 200
#7028 GET /revival/loadout -> 200
#7029 GET /revival/loadout -> 200
#7030 GET /revival/loadout -> 200
#7031 GET /revival/loadout -> 200
#7032 GET /revival/loadout -> 200
#7033 GET /revival/loadout -> 200
#7034 GET /revival/loadout -> 200
#7035 GET /revival/loadout -> 200
#7036 GET /revival/loadout -> 200
#7037 GET /revival/loadout -> 200
#7038 GET /revival/loadout -> 200
#7039 GET /revival/loadout -> 200
#7040 GET /revival/loadout -> 200
#7041 GET /party/matchmaking/info -> 200
#7042 GET /revival/loadout -> 200
#7043 GET /revival/loadout -> 200

* 19:00:06.667  WS <- /lobby TEXT ""
#7044 GET /revival/loadout -> 200
#7045 GET /revival/loadout -> 200
#7046 GET /revival/loadout -> 200
#7047 GET /revival/loadout -> 200
#7048 GET /revival/loadout -> 200
#7049 GET /revival/loadout -> 200
#7050 GET /revival/loadout -> 200
#7051 GET /revival/loadout -> 200
#7052 GET /revival/loadout -> 200
#7053 GET /revival/loadout -> 200
#7054 GET /revival/loadout -> 200
#7055 GET /revival/loadout -> 200
#7056 GET /revival/loadout -> 200
#7057 GET /revival/loadout -> 200
#7058 GET /revival/loadout -> 200
#7059 GET /revival/loadout -> 200
#7060 GET /revival/loadout -> 200
#7061 GET /revival/loadout -> 200
#7062 GET /revival/loadout -> 200
#7063 GET /revival/loadout -> 200
#7064 GET /revival/loadout -> 200
#7065 GET /revival/loadout -> 200
#7066 GET /revival/loadout -> 200
#7067 GET /revival/loadout -> 200
#7068 GET /revival/loadout -> 200
#7069 GET /revival/loadout -> 200
#7070 GET /revival/loadout -> 200
#7071 GET /revival/loadout -> 200
#7072 GET /revival/loadout -> 200
#7073 GET /revival/loadout -> 200
#7074 GET /revival/loadout -> 200
#7075 GET /revival/loadout -> 200
#7076 GET /revival/loadout -> 200
#7077 GET /revival/loadout -> 200
#7078 GET /revival/loadout -> 200
#7079 GET /party/players/9b9d2c887e2524f918e383a895f2f1c2/voice -> 200
#7080 GET /revival/loadout -> 200
#7081 GET /revival/loadout -> 200
#7082 GET /revival/loadout -> 200
#7083 GET /revival/loadout -> 200
#7084 GET /revival/loadout -> 200
#7085 GET /revival/loadout -> 200
#7086 GET /revival/loadout -> 200
#7087 GET /revival/loadout -> 200
#7088 GET /revival/loadout -> 200
#7089 GET /revival/loadout -> 200
#7090 GET /revival/loadout -> 200
#7091 GET /revival/loadout -> 200
#7092 GET /revival/loadout -> 200
#7093 GET /revival/loadout -> 200
#7094 GET /revival/loadout -> 200
#7095 GET /revival/loadout -> 200
#7096 GET /revival/loadout -> 200
#7097 GET /revival/loadout -> 200
#7098 GET /revival/loadout -> 200
#7099 GET /revival/loadout -> 200
#7100 GET /revival/loadout -> 200
#7101 GET /revival/loadout -> 200
#7102 GET /revival/loadout -> 200
#7103 GET /revival/loadout -> 200
#7104 GET /revival/loadout -> 200
#7105 GET /revival/loadout -> 200
#7106 GET /revival/loadout -> 200
#7107 GET /revival/loadout -> 200
#7108 GET /revival/loadout -> 200
#7109 GET /revival/loadout -> 200
#7110 GET /revival/loadout -> 200
#7111 GET /revival/loadout -> 200
#7112 GET /revival/loadout -> 200
#7113 GET /revival/loadout -> 200
#7114 GET /revival/loadout -> 200
#7115 GET /revival/loadout -> 200
#7116 GET /revival/loadout -> 200
#7117 GET /revival/loadout -> 200
#7118 GET /revival/loadout -> 200
#7119 GET /revival/loadout -> 200
#7120 GET /revival/loadout -> 200
#7121 GET /revival/loadout -> 200
#7122 GET /revival/loadout -> 200
#7123 GET /revival/loadout -> 200
#7124 GET /revival/loadout -> 200
#7125 GET /revival/loadout -> 200
#7126 GET /revival/loadout -> 200
#7127 GET /revival/loadout -> 200
#7128 GET /revival/loadout -> 200
#7129 GET /revival/loadout -> 200
#7130 GET /revival/loadout -> 200
#7131 GET /revival/loadout -> 200
#7132 GET /revival/loadout -> 200
#7133 GET /configuration/client -> 200
#7134 GET /revival/loadout -> 200
#7135 GET /content-service/manifest/release2.4.live-156430-shipping -> 200
#7136 GET /revival/loadout -> 200
#7137 GET /revival/loadout -> 200
#7138 GET /revival/loadout -> 200
#7139 GET /revival/loadout -> 200
#7140 GET /revival/loadout -> 200
#7141 GET /revival/loadout -> 200
#7142 GET /revival/loadout -> 200
#7143 GET /revival/loadout -> 200
#7144 GET /revival/loadout -> 200
#7145 GET /revival/loadout -> 200
#7146 GET /revival/loadout -> 200
#7147 GET /revival/loadout -> 200
#7148 GET /revival/loadout -> 200
#7149 GET /revival/loadout -> 200
#7150 GET /revival/loadout -> 200
#7151 POST /party/parties/party-9b9d2c887e2524f918e383a895f2f1c2/members/9b9d2c887e2524f918e383a895f2f1c2/latencies -> 200
#7152 GET /revival/loadout -> 200
#7153 GET /revival/loadout -> 200
#7154 GET /revival/loadout -> 200
#7155 GET /revival/loadout -> 200
#7156 GET /revival/loadout -> 200
#7157 GET /revival/loadout -> 200
#7158 GET /revival/loadout -> 200
#7159 GET /revival/loadout -> 200
#7160 GET /revival/loadout -> 200
#7161 GET /revival/loadout -> 200
#7162 GET /revival/loadout -> 200
#7163 GET /revival/loadout -> 200
#7164 GET /revival/loadout -> 200
#7165 GET /revival/loadout -> 200
#7166 GET /revival/loadout -> 200
#7167 GET /revival/loadout -> 200
#7168 GET /revival/loadout -> 200
#7169 GET /revival/loadout -> 200
#7170 GET /revival/loadout -> 200
#7171 GET /revival/loadout -> 200
#7172 GET /revival/loadout -> 200
#7173 GET /revival/loadout -> 200
#7174 GET /revival/loadout -> 200
#7175 GET /revival/loadout -> 200
#7176 GET /revival/loadout -> 200
#7177 GET /revival/loadout -> 200
#7178 GET /revival/loadout -> 200
#7179 GET /revival/loadout -> 200
#7180 GET /revival/loadout -> 200
#7181 GET /revival/loadout -> 200
#7182 GET /revival/loadout -> 200
#7183 GET /revival/loadout -> 200
#7184 GET /revival/loadout -> 200

* 19:00:31.427  WS -> /notifications/players/9b9d2c887e2524f918e383a895f2f1c2 BINARY hb (proactive 30s keepalive)
#7185 GET /revival/loadout -> 200
#7186 GET /revival/loadout -> 200
#7187 GET /revival/loadout -> 200
#7188 GET /revival/loadout -> 200
#7189 GET /revival/loadout -> 200
#7190 GET /revival/loadout -> 200
#7191 GET /revival/loadout -> 200
#7192 GET /revival/loadout -> 200
#7193 GET /revival/loadout -> 200
#7194 GET /revival/loadout -> 200
#7195 GET /revival/loadout -> 200
#7196 GET /revival/loadout -> 200
#7197 GET /revival/loadout -> 200
#7198 GET /revival/loadout -> 200
#7199 GET /revival/loadout -> 200
#7200 GET /revival/loadout -> 200
#7201 GET /revival/loadout -> 200
#7202 GET /revival/loadout -> 200
#7203 GET /revival/loadout -> 200
#7204 GET /revival/loadout -> 200
#7205 GET /revival/loadout -> 200
#7206 GET /revival/loadout -> 200
#7207 GET /revival/loadout -> 200
#7208 GET /revival/loadout -> 200
#7209 GET /revival/loadout -> 200
#7210 GET /revival/loadout -> 200
#7211 GET /revival/loadout -> 200
#7213 GET /party/matchmaking/info -> 200
#7212 GET /mailbox/config/version -> 200
#7214 GET /core-game/regions -> 200
#7215 GET /revival/loadout -> 200

* 19:00:36.658  WS <- /lobby TEXT ""
#7216 GET /revival/loadout -> 200
#7217 GET /revival/loadout -> 200
#7218 GET /revival/loadout -> 200
#7219 GET /revival/loadout -> 200
#7220 GET /revival/loadout -> 200
#7221 GET /revival/loadout -> 200
#7222 GET /revival/loadout -> 200
#7223 GET /revival/loadout -> 200
#7224 GET /revival/loadout -> 200
#7225 GET /revival/loadout -> 200
#7226 GET /revival/loadout -> 200
#7227 GET /revival/loadout -> 200
#7228 GET /revival/loadout -> 200
#7229 GET /revival/loadout -> 200
#7230 GET /revival/loadout -> 200
#7231 GET /revival/loadout -> 200
#7232 GET /revival/loadout -> 200
#7233 GET /revival/loadout -> 200
#7234 GET /revival/loadout -> 200
#7235 GET /revival/loadout -> 200
#7236 GET /revival/loadout -> 200
#7237 GET /revival/loadout -> 200
#7238 GET /revival/loadout -> 200
#7239 GET /revival/loadout -> 200
#7240 GET /revival/loadout -> 200
#7241 GET /revival/loadout -> 200
#7242 GET /revival/loadout -> 200
#7243 GET /revival/loadout -> 200
#7244 GET /revival/loadout -> 200
#7245 GET /revival/loadout -> 200
#7246 GET /revival/loadout -> 200
#7247 GET /revival/loadout -> 200
#7248 GET /revival/loadout -> 200
#7249 GET /revival/loadout -> 200
#7250 GET /revival/loadout -> 200
#7251 GET /revival/loadout -> 200
#7252 GET /revival/loadout -> 200
#7253 GET /revival/loadout -> 200
#7254 GET /party/players/9b9d2c887e2524f918e383a895f2f1c2/voice -> 200
#7255 GET /revival/loadout -> 200
#7256 GET /revival/loadout -> 200
#7257 GET /revival/loadout -> 200
#7258 GET /revival/loadout -> 200
#7259 GET /revival/loadout -> 200
#7260 GET /revival/loadout -> 200
#7261 GET /revival/loadout -> 200
#7262 GET /revival/loadout -> 200
#7263 GET /revival/loadout -> 200
#7264 GET /revival/loadout -> 200
#7265 GET /revival/loadout -> 200
#7266 GET /revival/loadout -> 200
#7267 GET /revival/loadout -> 200
#7268 GET /revival/loadout -> 200
#7269 GET /revival/loadout -> 200
#7270 GET /revival/loadout -> 200
#7271 GET /revival/loadout -> 200
#7272 GET /revival/loadout -> 200
#7273 GET /revival/loadout -> 200
#7274 GET /revival/loadout -> 200
#7275 GET /revival/loadout -> 200
#7276 GET /revival/loadout -> 200
#7277 GET /revival/loadout -> 200
#7278 GET /revival/loadout -> 200
#7279 GET /revival/loadout -> 200
#7280 GET /revival/loadout -> 200
#7281 GET /revival/loadout -> 200
#7282 GET /revival/loadout -> 200
#7283 GET /revival/loadout -> 200
#7284 GET /revival/loadout -> 200
#7285 GET /revival/loadout -> 200
#7286 GET /revival/loadout -> 200
#7287 GET /revival/loadout -> 200
#7288 GET /revival/loadout -> 200
#7289 GET /revival/loadout -> 200
#7290 GET /revival/loadout -> 200
#7291 GET /revival/loadout -> 200
#7292 GET /revival/loadout -> 200
#7293 GET /revival/loadout -> 200
#7294 GET /revival/loadout -> 200
#7295 GET /revival/loadout -> 200
#7296 GET /revival/loadout -> 200
#7297 GET /revival/loadout -> 200
#7298 GET /revival/loadout -> 200
#7299 GET /revival/loadout -> 200
#7300 GET /revival/loadout -> 200
#7301 GET /revival/loadout -> 200
#7302 GET /revival/loadout -> 200
#7303 GET /revival/loadout -> 200
#7304 GET /revival/loadout -> 200
#7305 GET /revival/loadout -> 200
#7306 GET /configuration/client -> 200
#7307 GET /revival/loadout -> 200
#7308 GET /content-service/manifest/release2.4.live-156430-shipping -> 200
#7309 GET /revival/loadout -> 200
#7310 GET /revival/loadout -> 200
#7311 GET /revival/loadout -> 200
#7312 GET /revival/loadout -> 200
#7313 GET /revival/loadout -> 200
#7314 GET /revival/loadout -> 200
#7315 GET /revival/loadout -> 200
#7316 GET /revival/loadout -> 200
#7317 GET /revival/loadout -> 200
#7318 GET /revival/loadout -> 200
#7319 GET /revival/loadout -> 200
#7320 GET /revival/loadout -> 200
#7321 GET /revival/loadout -> 200
#7322 GET /revival/loadout -> 200
#7323 GET /revival/loadout -> 200
#7324 GET /revival/loadout -> 200
#7325 POST /party/parties/party-9b9d2c887e2524f918e383a895f2f1c2/members/9b9d2c887e2524f918e383a895f2f1c2/latencies -> 200
#7326 GET /revival/loadout -> 200
#7327 GET /revival/loadout -> 200
#7328 GET /revival/loadout -> 200

* 19:00:56.313  WS <- /notifications/players/9b9d2c887e2524f918e383a895f2f1c2 BINARY (2 bytes) 6862

* 19:00:56.331  WS -> /notifications/players/9b9d2c887e2524f918e383a895f2f1c2 TEXT hb reply {"Resource":"hb","Version":0,"Payload":""}
#7329 GET /revival/loadout -> 200
#7330 GET /revival/loadout -> 200
#7331 GET /revival/loadout -> 200
#7332 GET /revival/loadout -> 200
#7333 GET /revival/loadout -> 200
#7334 GET /revival/loadout -> 200
#7335 GET /revival/loadout -> 200
#7336 GET /revival/loadout -> 200
#7337 GET /revival/loadout -> 200
#7338 GET /revival/loadout -> 200
#7339 GET /revival/loadout -> 200
#7340 GET /revival/loadout -> 200
#7341 GET /revival/loadout -> 200
#7342 GET /revival/loadout -> 200
#7343 GET /revival/loadout -> 200
#7344 GET /revival/loadout -> 200
#7345 GET /revival/loadout -> 200
#7346 GET /revival/loadout -> 200
#7347 GET /revival/loadout -> 200
#7348 GET /revival/loadout -> 200
#7349 GET /revival/loadout -> 200
#7350 GET /revival/loadout -> 200
#7351 GET /revival/loadout -> 200
#7352 GET /revival/loadout -> 200
#7353 GET /revival/loadout -> 200
#7354 GET /revival/loadout -> 200
#7355 GET /revival/loadout -> 200
#7356 GET /revival/loadout -> 200
#7357 GET /revival/loadout -> 200
#7358 GET /revival/loadout -> 200
#7359 GET /revival/loadout -> 200
#7360 GET /revival/loadout -> 200
#7361 GET /revival/loadout -> 200
#7362 GET /revival/loadout -> 200
#7363 GET /revival/loadout -> 200
#7364 GET /revival/loadout -> 200
#7365 GET /revival/loadout -> 200
#7366 GET /revival/loadout -> 200
#7367 GET /revival/loadout -> 200
#7368 GET /revival/loadout -> 200
#7369 GET /revival/loadout -> 200
#7370 GET /revival/loadout -> 200
#7371 GET /revival/loadout -> 200
#7372 POST /game-telemetry/v1/protected/events -> 200
#7373 GET /revival/loadout -> 200
#7374 GET /revival/loadout -> 200
#7375 GET /revival/loadout -> 200
#7376 GET /revival/loadout -> 200
#7377 GET /revival/loadout -> 200
#7378 GET /revival/loadout -> 200
#7379 GET /revival/loadout -> 200
#7380 GET /revival/loadout -> 200
#7381 GET /revival/loadout -> 200
#7382 GET /revival/loadout -> 200
#7383 GET /revival/loadout -> 200
#7384 GET /revival/loadout -> 200
#7385 GET /party/matchmaking/info -> 200
#7386 GET /revival/loadout -> 200
#7387 GET /revival/loadout -> 200

* 19:01:06.675  WS <- /lobby TEXT ""
#7388 GET /revival/loadout -> 200
#7389 GET /revival/loadout -> 200
#7390 GET /revival/loadout -> 200
#7391 GET /revival/loadout -> 200
#7392 GET /revival/loadout -> 200
#7393 GET /revival/loadout -> 200
#7394 GET /revival/loadout -> 200
#7395 GET /revival/loadout -> 200
#7396 GET /revival/loadout -> 200
#7397 GET /revival/loadout -> 200
#7398 GET /revival/loadout -> 200
#7399 GET /revival/loadout -> 200
#7400 GET /revival/loadout -> 200
#7401 GET /revival/loadout -> 200
#7402 GET /revival/loadout -> 200
#7403 GET /revival/loadout -> 200
#7404 GET /revival/loadout -> 200
#7405 GET /revival/loadout -> 200
#7406 GET /revival/loadout -> 200
#7407 GET /revival/loadout -> 200
#7408 GET /revival/loadout -> 200
#7409 GET /revival/loadout -> 200
#7410 GET /revival/loadout -> 200
#7411 GET /revival/loadout -> 200
#7412 GET /revival/loadout -> 200
#7413 GET /revival/loadout -> 200
#7414 GET /revival/loadout -> 200
#7415 GET /revival/loadout -> 200
#7416 GET /revival/loadout -> 200
#7417 GET /revival/loadout -> 200
#7418 GET /revival/loadout -> 200
#7419 GET /revival/loadout -> 200
#7420 GET /revival/loadout -> 200
#7421 GET /revival/loadout -> 200
#7422 GET /revival/loadout -> 200
#7423 GET /revival/loadout -> 200
#7424 GET /revival/loadout -> 200
#7425 GET /revival/loadout -> 200
#7426 GET /revival/loadout -> 200
#7427 GET /party/players/9b9d2c887e2524f918e383a895f2f1c2/voice -> 200
#7428 GET /revival/loadout -> 200
#7429 GET /revival/loadout -> 200
#7430 GET /revival/loadout -> 200
#7431 GET /revival/loadout -> 200
#7432 GET /revival/loadout -> 200
#7433 GET /revival/loadout -> 200
#7434 GET /revival/loadout -> 200
#7435 GET /revival/loadout -> 200
#7436 GET /revival/loadout -> 200
#7437 GET /revival/loadout -> 200
#7438 GET /revival/loadout -> 200
#7439 GET /revival/loadout -> 200
#7440 GET /revival/loadout -> 200
#7441 GET /revival/loadout -> 200
#7442 GET /revival/loadout -> 200
#7443 GET /revival/loadout -> 200
#7444 GET /revival/loadout -> 200
#7445 GET /revival/loadout -> 200
#7446 GET /revival/loadout -> 200
#7447 GET /revival/loadout -> 200
#7448 GET /revival/loadout -> 200
#7449 GET /revival/loadout -> 200
#7450 GET /revival/loadout -> 200
#7451 GET /revival/loadout -> 200
#7452 GET /revival/loadout -> 200
#7453 GET /revival/loadout -> 200
#7454 GET /revival/loadout -> 200
#7455 GET /revival/loadout -> 200
#7456 GET /revival/loadout -> 200
#7457 GET /revival/loadout -> 200
#7458 GET /revival/loadout -> 200
#7459 GET /revival/loadout -> 200
#7460 GET /revival/loadout -> 200
#7461 GET /revival/loadout -> 200
#7462 GET /revival/loadout -> 200
#7463 GET /revival/loadout -> 200
#7464 GET /revival/loadout -> 200
#7465 GET /revival/loadout -> 200
#7466 GET /revival/loadout -> 200
#7467 GET /revival/loadout -> 200
#7468 GET /revival/loadout -> 200
#7469 GET /revival/loadout -> 200
#7470 GET /revival/loadout -> 200
#7471 GET /revival/loadout -> 200
#7472 GET /revival/loadout -> 200
#7473 GET /revival/loadout -> 200
#7474 GET /revival/loadout -> 200
#7475 GET /revival/loadout -> 200
#7476 GET /revival/loadout -> 200
#7477 GET /configuration/client -> 200
#7478 GET /revival/loadout -> 200
#7479 GET /content-service/manifest/release2.4.live-156430-shipping -> 200
#7480 GET /revival/loadout -> 200
#7481 GET /revival/loadout -> 200
#7482 GET /revival/loadout -> 200
#7483 GET /revival/loadout -> 200
#7484 GET /revival/loadout -> 200
#7485 GET /revival/loadout -> 200
#7486 GET /revival/loadout -> 200
#7487 GET /revival/loadout -> 200
#7488 GET /revival/loadout -> 200
#7489 GET /revival/loadout -> 200
#7490 GET /revival/loadout -> 200
#7491 GET /revival/loadout -> 200
#7492 GET /revival/loadout -> 200
#7493 GET /revival/loadout -> 200
#7494 GET /revival/loadout -> 200
#7495 GET /revival/loadout -> 200
#7496 GET /revival/loadout -> 200
#7497 POST /party/parties/party-9b9d2c887e2524f918e383a895f2f1c2/members/9b9d2c887e2524f918e383a895f2f1c2/latencies -> 200
#7498 GET /revival/loadout -> 200
#7499 GET /revival/loadout -> 200
#7500 GET /revival/loadout -> 200

* 19:01:26.389  WS -> /notifications/players/9b9d2c887e2524f918e383a895f2f1c2 BINARY hb (proactive 30s keepalive)
#7501 GET /revival/loadout -> 200
#7502 GET /revival/loadout -> 200
#7503 GET /revival/loadout -> 200
#7504 GET /revival/loadout -> 200
#7505 GET /revival/loadout -> 200
#7506 GET /revival/loadout -> 200
#7507 GET /revival/loadout -> 200
#7508 GET /revival/loadout -> 200
#7509 GET /revival/loadout -> 200
#7510 GET /revival/loadout -> 200
#7511 GET /revival/loadout -> 200
#7512 GET /revival/loadout -> 200
#7513 GET /revival/loadout -> 200
#7514 GET /revival/loadout -> 200
#7515 GET /revival/loadout -> 200
#7516 GET /revival/loadout -> 200
#7517 GET /revival/loadout -> 200
#7518 GET /revival/loadout -> 200
#7519 GET /revival/loadout -> 200
#7520 GET /revival/loadout -> 200
#7521 GET /revival/loadout -> 200
#7522 GET /revival/loadout -> 200
#7523 GET /revival/loadout -> 200
#7524 GET /revival/loadout -> 200
#7525 GET /revival/loadout -> 200
#7526 GET /revival/loadout -> 200
#7527 GET /revival/loadout -> 200
#7528 GET /revival/loadout -> 200
#7529 GET /revival/loadout -> 200
#7530 GET /revival/loadout -> 200
#7531 GET /revival/loadout -> 200
#7532 GET /revival/loadout -> 200
#7533 GET /revival/loadout -> 200
#7534 GET /revival/loadout -> 200
#7535 GET /revival/loadout -> 200
#7536 GET /revival/loadout -> 200
#7537 GET /revival/loadout -> 200
#7538 GET /revival/loadout -> 200
#7539 GET /revival/loadout -> 200
#7540 GET /revival/loadout -> 200
#7541 GET /revival/loadout -> 200
#7542 GET /revival/loadout -> 200
#7543 GET /revival/loadout -> 200
#7544 GET /revival/loadout -> 200
#7545 GET /revival/loadout -> 200
#7546 GET /revival/loadout -> 200
#7547 GET /revival/loadout -> 200
#7548 GET /revival/loadout -> 200
#7549 GET /revival/loadout -> 200
#7550 GET /revival/loadout -> 200
#7551 GET /revival/loadout -> 200
#7552 GET /revival/loadout -> 200
#7553 GET /revival/loadout -> 200
#7554 GET /revival/loadout -> 200
#7555 GET /revival/loadout -> 200
#7557 GET /core-game/regions -> 200
#7556 GET /party/matchmaking/info -> 200
#7558 GET /revival/loadout -> 200

* 19:01:36.661  WS <- /lobby TEXT ""
#7559 GET /revival/loadout -> 200
#7560 GET /revival/loadout -> 200
#7561 GET /revival/loadout -> 200
#7562 GET /revival/loadout -> 200
#7563 GET /revival/loadout -> 200
#7564 GET /revival/loadout -> 200
#7565 GET /revival/loadout -> 200
#7566 GET /revival/loadout -> 200
#7567 GET /revival/loadout -> 200
#7568 GET /revival/loadout -> 200
#7569 GET /revival/loadout -> 200
#7570 GET /revival/loadout -> 200
#7571 GET /revival/loadout -> 200
#7572 GET /revival/loadout -> 200
#7573 GET /revival/loadout -> 200
#7574 GET /revival/loadout -> 200
#7575 GET /revival/loadout -> 200
#7576 GET /revival/loadout -> 200
#7577 GET /revival/loadout -> 200
#7578 GET /revival/loadout -> 200
#7579 GET /revival/loadout -> 200
#7580 GET /revival/loadout -> 200
#7581 GET /revival/loadout -> 200
#7582 GET /revival/loadout -> 200
#7583 GET /revival/loadout -> 200
#7584 GET /revival/loadout -> 200
#7585 GET /revival/loadout -> 200
#7586 GET /revival/loadout -> 200
#7587 GET /revival/loadout -> 200
#7588 GET /revival/loadout -> 200
#7589 GET /revival/loadout -> 200
#7590 GET /revival/loadout -> 200
#7591 GET /revival/loadout -> 200
#7592 GET /revival/loadout -> 200
#7593 GET /revival/loadout -> 200
#7594 GET /revival/loadout -> 200
#7595 GET /revival/loadout -> 200
#7596 GET /revival/loadout -> 200
#7597 GET /revival/loadout -> 200
#7598 GET /revival/loadout -> 200
#7599 GET /revival/loadout -> 200
#7600 GET /revival/loadout -> 200
#7601 GET /party/players/9b9d2c887e2524f918e383a895f2f1c2/voice -> 200
#7602 GET /revival/loadout -> 200
#7603 GET /revival/loadout -> 200
#7604 GET /revival/loadout -> 200
#7605 GET /revival/loadout -> 200
#7606 GET /revival/loadout -> 200
#7607 GET /revival/loadout -> 200
#7608 GET /revival/loadout -> 200
#7609 GET /revival/loadout -> 200
#7610 GET /revival/loadout -> 200
#7611 GET /revival/loadout -> 200
#7612 GET /revival/loadout -> 200
#7613 GET /revival/loadout -> 200
#7614 GET /revival/loadout -> 200
#7615 GET /revival/loadout -> 200
#7616 GET /revival/loadout -> 200
#7617 GET /revival/loadout -> 200
#7618 GET /revival/loadout -> 200
#7619 GET /revival/loadout -> 200
#7620 GET /revival/loadout -> 200
#7621 GET /revival/loadout -> 200
#7622 GET /revival/loadout -> 200
#7623 GET /revival/loadout -> 200
#7624 GET /revival/loadout -> 200
#7625 GET /revival/loadout -> 200
#7626 GET /revival/loadout -> 200
#7627 GET /revival/loadout -> 200
#7628 GET /revival/loadout -> 200
#7629 GET /revival/loadout -> 200
#7630 GET /revival/loadout -> 200
#7631 GET /revival/loadout -> 200
#7632 GET /revival/loadout -> 200
#7633 GET /revival/loadout -> 200
#7634 GET /revival/loadout -> 200
#7635 GET /revival/loadout -> 200
#7636 GET /revival/loadout -> 200
#7637 GET /revival/loadout -> 200
#7638 GET /revival/loadout -> 200
#7639 GET /revival/loadout -> 200
#7640 GET /revival/loadout -> 200
#7641 GET /revival/loadout -> 200

* 19:01:51.301  WS <- /notifications/players/9b9d2c887e2524f918e383a895f2f1c2 BINARY (2 bytes) 6862

* 19:01:51.377  WS -> /notifications/players/9b9d2c887e2524f918e383a895f2f1c2 TEXT hb reply {"Resource":"hb","Version":0,"Payload":""}
#7642 GET /revival/loadout -> 200
#7643 GET /revival/loadout -> 200
#7644 GET /revival/loadout -> 200
#7645 GET /revival/loadout -> 200
#7646 GET /revival/loadout -> 200
#7647 GET /revival/loadout -> 200
#7648 GET /revival/loadout -> 200
#7649 GET /configuration/client -> 200
#7650 GET /revival/loadout -> 200
#7651 GET /content-service/manifest/release2.4.live-156430-shipping -> 200
#7652 GET /revival/loadout -> 200
#7653 GET /revival/loadout -> 200
#7654 GET /revival/loadout -> 200
#7655 GET /revival/loadout -> 200
#7656 GET /revival/loadout -> 200
#7657 GET /revival/loadout -> 200
#7658 GET /revival/loadout -> 200
#7659 GET /revival/loadout -> 200
#7660 GET /revival/loadout -> 200
#7661 GET /revival/loadout -> 200
#7662 GET /revival/loadout -> 200
#7663 GET /revival/loadout -> 200
#7664 GET /revival/loadout -> 200
#7665 GET /revival/loadout -> 200
#7666 GET /revival/loadout -> 200
#7667 GET /revival/loadout -> 200
#7668 GET /revival/loadout -> 200
#7669 POST /party/parties/party-9b9d2c887e2524f918e383a895f2f1c2/members/9b9d2c887e2524f918e383a895f2f1c2/latencies -> 200
#7670 GET /revival/loadout -> 200
#7671 GET /revival/loadout -> 200
#7672 GET /revival/loadout -> 200
#7673 GET /revival/loadout -> 200
#7674 GET /revival/loadout -> 200
#7675 GET /revival/loadout -> 200
#7676 GET /revival/loadout -> 200
#7677 GET /revival/loadout -> 200
#7678 GET /revival/loadout -> 200
#7679 GET /revival/loadout -> 200
#7680 GET /revival/loadout -> 200
#7681 GET /revival/loadout -> 200
#7682 GET /revival/loadout -> 200
#7683 GET /revival/loadout -> 200
#7684 GET /revival/loadout -> 200
#7685 GET /revival/loadout -> 200
#7686 GET /revival/loadout -> 200
#7687 GET /revival/loadout -> 200
#7688 GET /revival/loadout -> 200
#7689 GET /revival/loadout -> 200
#7690 GET /revival/loadout -> 200
#7691 GET /revival/loadout -> 200
#7692 GET /revival/loadout -> 200
#7693 GET /revival/loadout -> 200
#7694 GET /revival/loadout -> 200
#7695 GET /revival/loadout -> 200
#7696 GET /revival/loadout -> 200
#7697 GET /revival/loadout -> 200
#7698 GET /revival/loadout -> 200
#7699 GET /revival/loadout -> 200
#7700 GET /revival/loadout -> 200
#7701 GET /revival/loadout -> 200
#7702 GET /revival/loadout -> 200
#7703 GET /revival/loadout -> 200
#7704 GET /revival/loadout -> 200
#7705 GET /revival/loadout -> 200
#7706 GET /revival/loadout -> 200
#7707 GET /revival/loadout -> 200
#7708 GET /revival/loadout -> 200
#7709 GET /revival/loadout -> 200
#7710 GET /revival/loadout -> 200
#7711 GET /revival/loadout -> 200
#7712 GET /revival/loadout -> 200
#7713 GET /revival/loadout -> 200
#7714 POST /game-telemetry/v1/protected/events -> 200
#7715 GET /revival/loadout -> 200
#7716 GET /revival/loadout -> 200
#7717 GET /revival/loadout -> 200
#7718 GET /revival/loadout -> 200
#7719 GET /revival/loadout -> 200
#7720 GET /revival/loadout -> 200
#7721 GET /revival/loadout -> 200
#7722 GET /revival/loadout -> 200
#7723 GET /revival/loadout -> 200
#7724 GET /revival/loadout -> 200
#7725 GET /revival/loadout -> 200
#7726 GET /revival/loadout -> 200
#7727 GET /party/matchmaking/info -> 200
#7728 GET /mailbox/config/version -> 200
#7729 GET /revival/loadout -> 200
#7730 GET /revival/loadout -> 200

* 19:02:06.682  WS <- /lobby TEXT ""
#7731 GET /revival/loadout -> 200
#7732 GET /revival/loadout -> 200
#7733 GET /revival/loadout -> 200
#7734 GET /revival/loadout -> 200
#7735 GET /revival/loadout -> 200
#7736 GET /revival/loadout -> 200
#7737 GET /revival/loadout -> 200
#7738 GET /revival/loadout -> 200
#7739 GET /revival/loadout -> 200
#7740 GET /revival/loadout -> 200
#7741 GET /revival/loadout -> 200
#7742 GET /revival/loadout -> 200
#7743 GET /revival/loadout -> 200
#7744 GET /revival/loadout -> 200
#7745 GET /revival/loadout -> 200
#7746 GET /revival/loadout -> 200
#7747 GET /revival/loadout -> 200
#7748 GET /revival/loadout -> 200
#7749 GET /revival/loadout -> 200
#7750 GET /revival/loadout -> 200
#7751 GET /revival/loadout -> 200
#7752 GET /revival/loadout -> 200
#7753 GET /revival/loadout -> 200
#7754 GET /revival/loadout -> 200
#7755 GET /revival/loadout -> 200
#7756 GET /revival/loadout -> 200
#7757 GET /revival/loadout -> 200
#7758 GET /revival/loadout -> 200
#7759 GET /revival/loadout -> 200
#7760 GET /revival/loadout -> 200
#7761 GET /revival/loadout -> 200
#7762 GET /revival/loadout -> 200
#7763 GET /revival/loadout -> 200
#7764 GET /revival/loadout -> 200
#7765 GET /revival/loadout -> 200
#7766 GET /revival/loadout -> 200
#7767 GET /revival/loadout -> 200
#7768 GET /revival/loadout -> 200
#7769 GET /revival/loadout -> 200
#7770 GET /revival/loadout -> 200
#7771 GET /revival/loadout -> 200
#7772 GET /revival/loadout -> 200
#7773 GET /revival/loadout -> 200
#7774 GET /revival/loadout -> 200
#7775 GET /party/players/9b9d2c887e2524f918e383a895f2f1c2/voice -> 200
#7776 GET /revival/loadout -> 200
#7777 GET /revival/loadout -> 200
#7778 GET /revival/loadout -> 200
#7779 GET /revival/loadout -> 200
#7780 GET /revival/loadout -> 200
#7781 GET /revival/loadout -> 200
#7782 GET /revival/loadout -> 200
#7783 GET /revival/loadout -> 200
#7784 GET /revival/loadout -> 200
#7785 GET /revival/loadout -> 200
#7786 GET /revival/loadout -> 200
#7787 GET /revival/loadout -> 200
#7788 GET /revival/loadout -> 200
#7789 GET /revival/loadout -> 200
#7790 GET /revival/loadout -> 200
#7791 GET /revival/loadout -> 200
#7792 GET /revival/loadout -> 200
#7793 GET /revival/loadout -> 200
#7794 GET /revival/loadout -> 200
#7795 GET /revival/loadout -> 200
#7796 GET /revival/loadout -> 200
#7797 GET /revival/loadout -> 200
#7798 GET /revival/loadout -> 200
#7799 GET /revival/loadout -> 200
#7800 GET /revival/loadout -> 200
#7801 GET /revival/loadout -> 200
#7802 GET /revival/loadout -> 200
#7803 GET /revival/loadout -> 200
#7804 GET /revival/loadout -> 200
#7805 GET /revival/loadout -> 200
#7806 GET /revival/loadout -> 200
#7807 GET /revival/loadout -> 200
#7808 GET /revival/loadout -> 200
#7809 GET /revival/loadout -> 200
#7810 GET /revival/loadout -> 200
#7811 GET /revival/loadout -> 200
#7812 GET /revival/loadout -> 200

* 19:02:21.443  WS -> /notifications/players/9b9d2c887e2524f918e383a895f2f1c2 BINARY hb (proactive 30s keepalive)
#7813 GET /revival/loadout -> 200
#7814 GET /revival/loadout -> 200
#7815 GET /revival/loadout -> 200
#7816 GET /revival/loadout -> 200
#7817 GET /revival/loadout -> 200
#7818 GET /revival/loadout -> 200
#7819 GET /revival/loadout -> 200
#7820 GET /configuration/client -> 200
#7821 GET /revival/loadout -> 200
#7822 GET /content-service/manifest/release2.4.live-156430-shipping -> 200
#7823 GET /revival/loadout -> 200
#7824 GET /revival/loadout -> 200
#7825 GET /revival/loadout -> 200
#7826 GET /revival/loadout -> 200
#7827 GET /revival/loadout -> 200
#7828 GET /revival/loadout -> 200
#7829 GET /revival/loadout -> 200
#7830 GET /revival/loadout -> 200
#7831 GET /revival/loadout -> 200
#7832 GET /revival/loadout -> 200
#7833 GET /revival/loadout -> 200
#7834 GET /revival/loadout -> 200
#7835 GET /revival/loadout -> 200
#7836 GET /revival/loadout -> 200
#7837 GET /revival/loadout -> 200
#7838 GET /revival/loadout -> 200
#7839 GET /revival/loadout -> 200
#7840 GET /revival/loadout -> 200
#7841 POST /party/parties/party-9b9d2c887e2524f918e383a895f2f1c2/members/9b9d2c887e2524f918e383a895f2f1c2/latencies -> 200
#7842 GET /revival/loadout -> 200
#7843 GET /revival/loadout -> 200
#7844 GET /revival/loadout -> 200
#7845 GET /revival/loadout -> 200
#7846 GET /revival/loadout -> 200
#7847 GET /revival/loadout -> 200
#7848 GET /revival/loadout -> 200
#7849 GET /revival/loadout -> 200
#7850 GET /revival/loadout -> 200
#7851 GET /revival/loadout -> 200
#7852 GET /revival/loadout -> 200
#7853 GET /revival/loadout -> 200
#7854 GET /revival/loadout -> 200
#7855 GET /revival/loadout -> 200
#7856 GET /revival/loadout -> 200
#7857 GET /revival/loadout -> 200
#7858 GET /revival/loadout -> 200
#7859 GET /revival/loadout -> 200
#7860 GET /revival/loadout -> 200
#7861 GET /revival/loadout -> 200
#7862 GET /revival/loadout -> 200
#7863 GET /revival/loadout -> 200
#7864 GET /revival/loadout -> 200
#7865 GET /revival/loadout -> 200
#7866 GET /revival/loadout -> 200
#7867 GET /revival/loadout -> 200
#7868 GET /revival/loadout -> 200
#7869 GET /revival/loadout -> 200
#7870 GET /revival/loadout -> 200
#7871 GET /revival/loadout -> 200
#7872 GET /revival/loadout -> 200
#7873 GET /revival/loadout -> 200
#7874 GET /revival/loadout -> 200
#7875 GET /revival/loadout -> 200
#7876 GET /revival/loadout -> 200
#7877 GET /revival/loadout -> 200
#7878 GET /revival/loadout -> 200
#7879 GET /revival/loadout -> 200
#7880 GET /revival/loadout -> 200
#7881 GET /revival/loadout -> 200
#7882 GET /revival/loadout -> 200
#7883 GET /revival/loadout -> 200
#7884 GET /revival/loadout -> 200
#7885 GET /revival/loadout -> 200
#7886 GET /revival/loadout -> 200
#7887 GET /revival/loadout -> 200
#7888 GET /revival/loadout -> 200
#7889 GET /revival/loadout -> 200
#7890 GET /revival/loadout -> 200
#7891 GET /revival/loadout -> 200
#7892 GET /revival/loadout -> 200
#7893 GET /revival/loadout -> 200
#7894 GET /revival/loadout -> 200
#7895 GET /revival/loadout -> 200
#7896 GET /revival/loadout -> 200
#7897 GET /revival/loadout -> 200
#7898 GET /core-game/regions -> 200
#7899 GET /storefront/heroes -> 200
#7900 GET /party/matchmaking/info -> 200
#7901 GET /revival/loadout -> 200
#7902 GET /revival/loadout -> 200

* 19:02:36.681  WS <- /lobby TEXT ""
#7903 GET /revival/loadout -> 200
#7904 GET /revival/loadout -> 200
#7905 GET /revival/loadout -> 200
#7906 GET /revival/loadout -> 200
#7907 GET /revival/loadout -> 200
#7908 GET /revival/loadout -> 200
#7909 GET /revival/loadout -> 200
#7910 GET /revival/loadout -> 200
#7911 GET /revival/loadout -> 200
#7912 GET /revival/loadout -> 200
#7913 GET /revival/loadout -> 200
#7914 GET /revival/loadout -> 200
#7915 GET /revival/loadout -> 200
#7916 GET /revival/loadout -> 200
#7917 GET /revival/loadout -> 200
#7918 GET /revival/loadout -> 200
#7919 GET /revival/loadout -> 200
#7920 GET /revival/loadout -> 200
#7921 GET /revival/loadout -> 200
#7922 GET /revival/loadout -> 200
#7923 GET /revival/loadout -> 200
#7924 GET /revival/loadout -> 200
#7925 GET /revival/loadout -> 200
#7926 GET /revival/loadout -> 200
#7927 GET /revival/loadout -> 200
#7928 GET /revival/loadout -> 200
#7929 GET /revival/loadout -> 200
#7930 GET /revival/loadout -> 200
#7931 GET /revival/loadout -> 200
#7932 GET /revival/loadout -> 200
#7933 GET /revival/loadout -> 200
#7934 GET /revival/loadout -> 200
#7935 GET /revival/loadout -> 200
#7936 GET /revival/loadout -> 200
#7937 GET /revival/loadout -> 200
#7938 GET /revival/loadout -> 200
#7939 GET /revival/loadout -> 200
#7940 GET /revival/loadout -> 200
#7941 GET /revival/loadout -> 200
#7942 GET /revival/loadout -> 200
#7943 GET /revival/loadout -> 200
#7944 GET /revival/loadout -> 200
#7945 GET /revival/loadout -> 200
#7946 GET /revival/loadout -> 200
#7947 GET /revival/loadout -> 200
#7948 GET /party/players/9b9d2c887e2524f918e383a895f2f1c2/voice -> 200
#7949 GET /revival/loadout -> 200
#7950 GET /revival/loadout -> 200
#7951 GET /revival/loadout -> 200
#7952 GET /revival/loadout -> 200
#7953 GET /revival/loadout -> 200
#7954 GET /revival/loadout -> 200
#7955 GET /revival/loadout -> 200
#7956 GET /revival/loadout -> 200

* 19:02:46.318  WS <- /notifications/players/9b9d2c887e2524f918e383a895f2f1c2 BINARY (2 bytes) 6862

* 19:02:46.348  WS -> /notifications/players/9b9d2c887e2524f918e383a895f2f1c2 TEXT hb reply {"Resource":"hb","Version":0,"Payload":""}
#7957 GET /revival/loadout -> 200
#7958 GET /revival/loadout -> 200
#7959 GET /revival/loadout -> 200
#7960 GET /revival/loadout -> 200
#7961 GET /revival/loadout -> 200
#7962 GET /revival/loadout -> 200
#7963 GET /revival/loadout -> 200
#7964 GET /revival/loadout -> 200
#7965 GET /revival/loadout -> 200
#7966 GET /revival/loadout -> 200
#7967 GET /revival/loadout -> 200
#7968 GET /revival/loadout -> 200
#7969 GET /revival/loadout -> 200
#7970 GET /revival/loadout -> 200
#7971 GET /revival/loadout -> 200
#7972 GET /revival/loadout -> 200
#7973 GET /revival/loadout -> 200
#7974 GET /revival/loadout -> 200
#7975 GET /revival/loadout -> 200
#7976 GET /revival/loadout -> 200
#7977 GET /revival/loadout -> 200
#7978 GET /revival/loadout -> 200
#7979 GET /revival/loadout -> 200
#7980 GET /revival/loadout -> 200
#7981 GET /revival/loadout -> 200
#7982 GET /revival/loadout -> 200
#7983 GET /revival/loadout -> 200
#7984 GET /revival/loadout -> 200
#7985 GET /revival/loadout -> 200
#7986 GET /revival/loadout -> 200
#7987 GET /revival/loadout -> 200
#7988 GET /revival/loadout -> 200
#7989 GET /revival/loadout -> 200
#7990 GET /revival/loadout -> 200
#7991 GET /configuration/client -> 200
#7992 GET /revival/loadout -> 200
#7993 GET /revival/loadout -> 200
#7994 GET /content-service/manifest/release2.4.live-156430-shipping -> 200
#7995 GET /revival/loadout -> 200
#7996 GET /revival/loadout -> 200
#7997 GET /revival/loadout -> 200
#7998 GET /revival/loadout -> 200
#7999 GET /revival/loadout -> 200
#8000 GET /revival/loadout -> 200
#8001 GET /revival/loadout -> 200
#8002 GET /revival/loadout -> 200
#8003 GET /revival/loadout -> 200
#8004 GET /revival/loadout -> 200
#8005 GET /revival/loadout -> 200
#8006 GET /revival/loadout -> 200
#8007 GET /revival/loadout -> 200
#8008 GET /revival/loadout -> 200
#8009 GET /revival/loadout -> 200
#8010 GET /revival/loadout -> 200
#8011 GET /revival/loadout -> 200
#8012 GET /revival/loadout -> 200
#8013 GET /revival/loadout -> 200
#8014 POST /party/parties/party-9b9d2c887e2524f918e383a895f2f1c2/members/9b9d2c887e2524f918e383a895f2f1c2/latencies -> 200
#8015 GET /revival/loadout -> 200
#8016 GET /revival/loadout -> 200
#8017 GET /revival/loadout -> 200
#8018 GET /revival/loadout -> 200
#8019 GET /revival/loadout -> 200
#8020 GET /revival/loadout -> 200
#8021 GET /revival/loadout -> 200
#8022 GET /revival/loadout -> 200
#8023 GET /revival/loadout -> 200
#8024 GET /revival/loadout -> 200
#8025 GET /revival/loadout -> 200
#8026 GET /revival/loadout -> 200
#8027 GET /revival/loadout -> 200
#8028 GET /revival/loadout -> 200
#8029 GET /revival/loadout -> 200
#8030 GET /revival/loadout -> 200
#8031 GET /revival/loadout -> 200
#8032 GET /revival/loadout -> 200
#8033 GET /revival/loadout -> 200
#8034 GET /revival/loadout -> 200
#8035 GET /revival/loadout -> 200
#8036 GET /revival/loadout -> 200
#8037 GET /revival/loadout -> 200
#8038 GET /revival/loadout -> 200
#8039 GET /revival/loadout -> 200
#8040 GET /revival/loadout -> 200
#8041 GET /revival/loadout -> 200
#8042 GET /revival/loadout -> 200
#8043 GET /revival/loadout -> 200
#8044 GET /revival/loadout -> 200
#8045 GET /revival/loadout -> 200
#8046 GET /revival/loadout -> 200
#8047 GET /revival/loadout -> 200
#8048 GET /revival/loadout -> 200
#8049 GET /revival/loadout -> 200
#8050 GET /revival/loadout -> 200
#8051 GET /revival/loadout -> 200
#8052 GET /revival/loadout -> 200
#8053 GET /revival/loadout -> 200
#8054 GET /revival/loadout -> 200
#8055 GET /revival/loadout -> 200
#8056 POST /game-telemetry/v1/protected/events -> 200
#8057 GET /revival/loadout -> 200
#8058 GET /revival/loadout -> 200
#8059 GET /revival/loadout -> 200
#8060 GET /revival/loadout -> 200
#8061 GET /revival/loadout -> 200
#8062 GET /revival/loadout -> 200
#8063 GET /revival/loadout -> 200
#8064 GET /revival/loadout -> 200
#8065 GET /revival/loadout -> 200
#8066 GET /revival/loadout -> 200
#8067 GET /revival/loadout -> 200
#8068 GET /revival/loadout -> 200
#8069 GET /revival/loadout -> 200
#8070 GET /party/matchmaking/info -> 200
#8071 GET /revival/loadout -> 200
#8072 GET /revival/loadout -> 200

* 19:03:06.680  WS <- /lobby TEXT ""
#8073 GET /revival/loadout -> 200
#8074 GET /revival/loadout -> 200
#8075 GET /revival/loadout -> 200
#8076 GET /revival/loadout -> 200
#8077 GET /revival/loadout -> 200
#8078 GET /revival/loadout -> 200
#8079 GET /revival/loadout -> 200
#8080 GET /revival/loadout -> 200
#8081 GET /revival/loadout -> 200
#8082 GET /revival/loadout -> 200
#8083 GET /revival/loadout -> 200
#8084 GET /revival/loadout -> 200
#8085 GET /revival/loadout -> 200
#8086 GET /revival/loadout -> 200
#8087 GET /revival/loadout -> 200
#8088 GET /revival/loadout -> 200
#8089 GET /revival/loadout -> 200
#8090 GET /revival/loadout -> 200
#8091 GET /revival/loadout -> 200
#8092 GET /revival/loadout -> 200
#8093 GET /revival/loadout -> 200
#8094 GET /revival/loadout -> 200
#8095 GET /revival/loadout -> 200
#8096 GET /revival/loadout -> 200
#8097 GET /revival/loadout -> 200
#8098 GET /revival/loadout -> 200
#8099 GET /revival/loadout -> 200
#8100 GET /revival/loadout -> 200
#8101 GET /revival/loadout -> 200
#8102 GET /revival/loadout -> 200
#8103 GET /revival/loadout -> 200
#8104 GET /revival/loadout -> 200
#8105 GET /revival/loadout -> 200
#8106 GET /revival/loadout -> 200
#8107 GET /revival/loadout -> 200
#8108 GET /revival/loadout -> 200
#8109 GET /revival/loadout -> 200
#8110 GET /revival/loadout -> 200
#8111 GET /revival/loadout -> 200
#8112 GET /revival/loadout -> 200
#8113 GET /revival/loadout -> 200
#8114 GET /revival/loadout -> 200
#8115 GET /revival/loadout -> 200
#8116 GET /revival/loadout -> 200
#8117 GET /revival/loadout -> 200
#8118 GET /revival/loadout -> 200
#8119 GET /revival/loadout -> 200
#8120 GET /party/players/9b9d2c887e2524f918e383a895f2f1c2/voice -> 200
#8121 GET /revival/loadout -> 200
#8122 GET /revival/loadout -> 200
#8123 GET /revival/loadout -> 200
#8124 GET /revival/loadout -> 200
#8125 GET /revival/loadout -> 200
#8126 GET /revival/loadout -> 200
#8127 GET /revival/loadout -> 200

* 19:03:16.406  WS -> /notifications/players/9b9d2c887e2524f918e383a895f2f1c2 BINARY hb (proactive 30s keepalive)
#8128 GET /revival/loadout -> 200
#8129 GET /revival/loadout -> 200
#8130 GET /revival/loadout -> 200
#8131 GET /revival/loadout -> 200
#8132 GET /revival/loadout -> 200
#8133 GET /revival/loadout -> 200
#8134 GET /revival/loadout -> 200
#8135 GET /revival/loadout -> 200
#8136 GET /revival/loadout -> 200
#8137 GET /revival/loadout -> 200
#8138 GET /revival/loadout -> 200
#8139 GET /revival/loadout -> 200
#8140 GET /revival/loadout -> 200
#8141 GET /revival/loadout -> 200
#8142 GET /revival/loadout -> 200
#8143 GET /revival/loadout -> 200
#8144 GET /revival/loadout -> 200
#8145 GET /revival/loadout -> 200
#8146 GET /revival/loadout -> 200
#8147 GET /revival/loadout -> 200
#8148 GET /revival/loadout -> 200
#8149 GET /revival/loadout -> 200
#8150 GET /revival/loadout -> 200
#8151 GET /revival/loadout -> 200
#8152 GET /revival/loadout -> 200
#8153 GET /revival/loadout -> 200
#8154 GET /revival/loadout -> 200
#8155 GET /revival/loadout -> 200
#8156 GET /revival/loadout -> 200
#8157 GET /revival/loadout -> 200
#8158 GET /revival/loadout -> 200
#8159 GET /revival/loadout -> 200
#8160 GET /revival/loadout -> 200
#8161 GET /revival/loadout -> 200
#8162 GET /configuration/client -> 200
#8163 GET /revival/loadout -> 200
#8164 GET /content-service/manifest/release2.4.live-156430-shipping -> 200
#8165 GET /revival/loadout -> 200
#8166 GET /revival/loadout -> 200
#8167 GET /revival/loadout -> 200
#8168 GET /revival/loadout -> 200
#8169 GET /revival/loadout -> 200
#8170 GET /revival/loadout -> 200
#8171 GET /revival/loadout -> 200
#8172 GET /revival/loadout -> 200
#8173 GET /revival/loadout -> 200
#8174 GET /revival/loadout -> 200
#8175 GET /revival/loadout -> 200
#8176 GET /revival/loadout -> 200
#8177 GET /revival/loadout -> 200
#8178 GET /revival/loadout -> 200
#8179 GET /revival/loadout -> 200
#8180 GET /revival/loadout -> 200
#8181 GET /revival/loadout -> 200
#8182 GET /revival/loadout -> 200
#8183 GET /revival/loadout -> 200
#8184 GET /revival/loadout -> 200
#8185 POST /party/parties/party-9b9d2c887e2524f918e383a895f2f1c2/members/9b9d2c887e2524f918e383a895f2f1c2/latencies -> 200
#8186 GET /revival/loadout -> 200
#8187 GET /revival/loadout -> 200
#8188 GET /revival/loadout -> 200
#8189 GET /revival/loadout -> 200
#8190 GET /revival/loadout -> 200
#8191 GET /revival/loadout -> 200
#8192 GET /revival/loadout -> 200
#8193 GET /revival/loadout -> 200
#8194 GET /revival/loadout -> 200
#8195 GET /revival/loadout -> 200
#8196 GET /revival/loadout -> 200
#8197 GET /revival/loadout -> 200
#8198 GET /revival/loadout -> 200
#8199 GET /revival/loadout -> 200
#8200 GET /revival/loadout -> 200
#8201 GET /revival/loadout -> 200
#8202 GET /revival/loadout -> 200
#8203 GET /revival/loadout -> 200
#8204 GET /revival/loadout -> 200
#8205 GET /revival/loadout -> 200
#8206 GET /revival/loadout -> 200
#8207 GET /revival/loadout -> 200
#8208 GET /revival/loadout -> 200
#8209 GET /revival/loadout -> 200
#8210 GET /revival/loadout -> 200
#8211 GET /revival/loadout -> 200
#8212 GET /revival/loadout -> 200
#8213 GET /revival/loadout -> 200
#8214 GET /revival/loadout -> 200
#8215 GET /revival/loadout -> 200
#8216 GET /revival/loadout -> 200
#8217 GET /revival/loadout -> 200
#8218 GET /revival/loadout -> 200
#8219 GET /revival/loadout -> 200
#8220 GET /revival/loadout -> 200
#8221 GET /revival/loadout -> 200
#8222 GET /revival/loadout -> 200
#8223 GET /revival/loadout -> 200
#8224 GET /revival/loadout -> 200
#8225 GET /revival/loadout -> 200
#8226 GET /revival/loadout -> 200
#8227 GET /revival/loadout -> 200
#8228 GET /revival/loadout -> 200
#8229 GET /revival/loadout -> 200
#8230 GET /revival/loadout -> 200
#8231 GET /revival/loadout -> 200
#8232 GET /revival/loadout -> 200
#8233 GET /revival/loadout -> 200
#8234 GET /revival/loadout -> 200
#8235 GET /revival/loadout -> 200
#8236 GET /revival/loadout -> 200
#8237 GET /revival/loadout -> 200
#8238 GET /revival/loadout -> 200
#8239 GET /revival/loadout -> 200
#8240 GET /mailbox/config/version -> 200
#8242 GET /core-game/regions -> 200
#8241 GET /party/matchmaking/info -> 200
#8243 GET /revival/loadout -> 200
#8244 GET /revival/loadout -> 200

* 19:03:36.677  WS <- /lobby TEXT ""
#8245 GET /revival/loadout -> 200
#8246 GET /revival/loadout -> 200
#8247 GET /revival/loadout -> 200
#8248 GET /revival/loadout -> 200
#8249 GET /revival/loadout -> 200
#8250 GET /revival/loadout -> 200
#8251 GET /revival/loadout -> 200
#8252 GET /revival/loadout -> 200
#8253 GET /revival/loadout -> 200
#8254 GET /revival/loadout -> 200
#8255 GET /revival/loadout -> 200
#8256 GET /revival/loadout -> 200
#8257 GET /revival/loadout -> 200
#8258 GET /revival/loadout -> 200
#8259 GET /revival/loadout -> 200
#8260 GET /revival/loadout -> 200
#8261 GET /revival/loadout -> 200
#8262 GET /revival/loadout -> 200
#8263 GET /revival/loadout -> 200
#8264 GET /revival/loadout -> 200
#8265 GET /revival/loadout -> 200
#8266 GET /revival/loadout -> 200
#8267 GET /revival/loadout -> 200
#8268 GET /revival/loadout -> 200
#8269 GET /revival/loadout -> 200

* 19:03:41.318  WS <- /notifications/players/9b9d2c887e2524f918e383a895f2f1c2 BINARY (2 bytes) 6862

* 19:03:41.344  WS -> /notifications/players/9b9d2c887e2524f918e383a895f2f1c2 TEXT hb reply {"Resource":"hb","Version":0,"Payload":""}
#8270 GET /revival/loadout -> 200
#8271 GET /revival/loadout -> 200
#8272 GET /revival/loadout -> 200
#8273 GET /revival/loadout -> 200
#8274 GET /revival/loadout -> 200
#8275 GET /revival/loadout -> 200
#8276 GET /revival/loadout -> 200
#8277 GET /revival/loadout -> 200
#8278 GET /revival/loadout -> 200
#8279 GET /revival/loadout -> 200
#8280 GET /revival/loadout -> 200
#8281 GET /revival/loadout -> 200
#8282 GET /revival/loadout -> 200
#8283 GET /revival/loadout -> 200
#8284 GET /revival/loadout -> 200
#8285 GET /revival/loadout -> 200
#8286 GET /revival/loadout -> 200
#8287 GET /revival/loadout -> 200
#8288 GET /revival/loadout -> 200
#8289 GET /revival/loadout -> 200
#8290 GET /revival/loadout -> 200
#8291 GET /revival/loadout -> 200
#8292 GET /revival/loadout -> 200
#8293 GET /revival/loadout -> 200
#8294 GET /party/players/9b9d2c887e2524f918e383a895f2f1c2/voice -> 200
#8295 GET /revival/loadout -> 200
#8296 GET /revival/loadout -> 200
#8297 GET /revival/loadout -> 200
#8298 GET /revival/loadout -> 200
#8299 GET /revival/loadout -> 200
#8300 GET /revival/loadout -> 200
#8301 GET /revival/loadout -> 200
#8302 GET /revival/loadout -> 200
#8303 GET /revival/loadout -> 200
#8304 GET /revival/loadout -> 200
#8305 GET /revival/loadout -> 200
#8306 GET /revival/loadout -> 200
#8307 GET /revival/loadout -> 200
#8308 GET /revival/loadout -> 200
#8309 GET /revival/loadout -> 200
#8310 GET /revival/loadout -> 200
#8311 GET /revival/loadout -> 200
#8312 GET /revival/loadout -> 200
#8313 GET /revival/loadout -> 200
#8314 GET /revival/loadout -> 200
#8315 GET /revival/loadout -> 200
#8316 GET /revival/loadout -> 200
#8317 GET /revival/loadout -> 200
#8318 GET /revival/loadout -> 200
#8319 GET /revival/loadout -> 200
#8320 GET /revival/loadout -> 200
#8321 GET /revival/loadout -> 200
#8322 GET /revival/loadout -> 200
#8323 GET /revival/loadout -> 200
#8324 GET /revival/loadout -> 200
#8325 GET /revival/loadout -> 200
#8326 GET /revival/loadout -> 200
#8327 GET /revival/loadout -> 200
#8328 GET /revival/loadout -> 200
#8329 GET /revival/loadout -> 200
#8330 GET /revival/loadout -> 200
#8331 GET /revival/loadout -> 200
#8332 GET /revival/loadout -> 200
#8333 GET /configuration/client -> 200
#8334 GET /revival/loadout -> 200
#8335 GET /content-service/manifest/release2.4.live-156430-shipping -> 200
#8336 GET /revival/loadout -> 200
#8337 GET /revival/loadout -> 200
#8338 GET /revival/loadout -> 200
#8339 GET /revival/loadout -> 200
#8340 GET /revival/loadout -> 200
#8341 GET /revival/loadout -> 200
#8342 GET /revival/loadout -> 200
#8343 GET /revival/loadout -> 200
#8344 GET /revival/loadout -> 200
#8345 GET /revival/loadout -> 200
#8346 GET /revival/loadout -> 200
#8347 GET /revival/loadout -> 200
#8348 GET /revival/loadout -> 200
#8349 GET /revival/loadout -> 200
#8350 GET /revival/loadout -> 200
#8351 GET /revival/loadout -> 200
#8352 GET /revival/loadout -> 200
#8353 GET /revival/loadout -> 200
#8354 GET /revival/loadout -> 200
#8355 GET /revival/loadout -> 200
#8356 GET /revival/loadout -> 200
#8357 POST /party/parties/party-9b9d2c887e2524f918e383a895f2f1c2/members/9b9d2c887e2524f918e383a895f2f1c2/latencies -> 200
#8358 GET /revival/loadout -> 200
#8359 GET /revival/loadout -> 200
#8360 GET /revival/loadout -> 200
#8361 GET /revival/loadout -> 200
#8362 GET /revival/loadout -> 200
#8363 GET /revival/loadout -> 200
#8364 GET /revival/loadout -> 200
#8365 GET /revival/loadout -> 200
#8366 GET /revival/loadout -> 200
#8367 GET /revival/loadout -> 200
#8368 GET /revival/loadout -> 200
#8369 GET /revival/loadout -> 200
#8370 GET /revival/loadout -> 200
#8371 GET /revival/loadout -> 200
#8372 GET /revival/loadout -> 200
#8373 GET /revival/loadout -> 200
#8374 GET /revival/loadout -> 200
#8375 GET /revival/loadout -> 200
#8376 GET /revival/loadout -> 200
#8377 GET /revival/loadout -> 200
#8378 GET /revival/loadout -> 200
#8379 GET /revival/loadout -> 200
#8380 GET /revival/loadout -> 200
#8381 GET /revival/loadout -> 200
#8382 GET /revival/loadout -> 200
#8383 GET /revival/loadout -> 200
#8384 GET /revival/loadout -> 200
#8385 GET /revival/loadout -> 200
#8386 GET /revival/loadout -> 200
#8387 GET /revival/loadout -> 200
#8388 GET /revival/loadout -> 200
#8389 GET /revival/loadout -> 200
#8390 GET /revival/loadout -> 200
#8391 GET /revival/loadout -> 200
#8392 GET /revival/loadout -> 200
#8393 GET /revival/loadout -> 200
#8394 GET /revival/loadout -> 200
#8395 GET /revival/loadout -> 200
#8396 GET /revival/loadout -> 200
#8397 GET /revival/loadout -> 200
#8398 POST /game-telemetry/v1/protected/events -> 200
#8399 GET /revival/loadout -> 200
#8400 GET /revival/loadout -> 200
#8401 GET /revival/loadout -> 200
#8402 GET /revival/loadout -> 200
#8403 GET /revival/loadout -> 200
#8404 GET /revival/loadout -> 200
#8405 GET /revival/loadout -> 200
#8406 GET /revival/loadout -> 200
#8407 GET /revival/loadout -> 200
#8408 GET /revival/loadout -> 200
#8409 GET /revival/loadout -> 200
#8410 GET /revival/loadout -> 200
#8411 GET /revival/loadout -> 200
#8412 GET /party/matchmaking/info -> 200
#8413 GET /revival/loadout -> 200
#8414 GET /revival/loadout -> 200

* 19:04:06.692  WS <- /lobby TEXT ""
#8415 GET /revival/loadout -> 200
#8416 GET /revival/loadout -> 200
#8417 GET /revival/loadout -> 200
#8418 GET /revival/loadout -> 200
#8419 GET /revival/loadout -> 200
#8420 GET /revival/loadout -> 200
#8421 GET /revival/loadout -> 200
#8422 GET /revival/loadout -> 200
#8423 GET /revival/loadout -> 200
#8424 GET /revival/loadout -> 200
#8425 GET /revival/loadout -> 200
#8426 GET /revival/loadout -> 200
#8427 GET /revival/loadout -> 200
#8428 GET /revival/loadout -> 200
#8429 GET /revival/loadout -> 200
#8430 GET /revival/loadout -> 200
#8431 GET /revival/loadout -> 200
#8432 GET /revival/loadout -> 200
#8433 GET /revival/loadout -> 200
#8434 GET /revival/loadout -> 200
#8435 GET /revival/loadout -> 200
#8436 GET /revival/loadout -> 200
#8437 GET /revival/loadout -> 200
#8438 GET /revival/loadout -> 200
#8439 GET /revival/loadout -> 200
#8440 GET /revival/loadout -> 200

* 19:04:11.402  WS -> /notifications/players/9b9d2c887e2524f918e383a895f2f1c2 BINARY hb (proactive 30s keepalive)
#8441 GET /revival/loadout -> 200
#8442 GET /revival/loadout -> 200
#8443 GET /revival/loadout -> 200
#8444 GET /revival/loadout -> 200
#8445 GET /revival/loadout -> 200
#8446 GET /revival/loadout -> 200
#8447 GET /revival/loadout -> 200
#8448 GET /revival/loadout -> 200
#8449 GET /revival/loadout -> 200
#8450 GET /revival/loadout -> 200
#8451 GET /revival/loadout -> 200
#8452 GET /revival/loadout -> 200
#8453 GET /revival/loadout -> 200
#8454 GET /revival/loadout -> 200
#8455 GET /revival/loadout -> 200
#8456 GET /revival/loadout -> 200
#8457 GET /revival/loadout -> 200
#8458 GET /revival/loadout -> 200
#8459 GET /revival/loadout -> 200
#8460 GET /revival/loadout -> 200
#8461 GET /revival/loadout -> 200
#8462 GET /revival/loadout -> 200
#8463 GET /revival/loadout -> 200
#8464 GET /revival/loadout -> 200
#8465 GET /revival/loadout -> 200
#8466 GET /party/players/9b9d2c887e2524f918e383a895f2f1c2/voice -> 200
#8467 GET /revival/loadout -> 200
#8468 GET /revival/loadout -> 200
#8469 GET /revival/loadout -> 200
#8470 GET /revival/loadout -> 200
#8471 GET /revival/loadout -> 200
#8472 GET /revival/loadout -> 200
#8473 GET /revival/loadout -> 200
#8474 GET /revival/loadout -> 200
#8475 GET /revival/loadout -> 200
#8476 GET /revival/loadout -> 200
#8477 GET /revival/loadout -> 200
#8478 GET /revival/loadout -> 200
#8479 GET /revival/loadout -> 200
#8480 GET /revival/loadout -> 200
#8481 GET /revival/loadout -> 200
#8482 GET /revival/loadout -> 200
#8483 GET /revival/loadout -> 200
#8484 GET /revival/loadout -> 200
#8485 GET /revival/loadout -> 200
#8486 GET /revival/loadout -> 200
#8487 GET /revival/loadout -> 200
#8488 GET /revival/loadout -> 200
#8489 GET /revival/loadout -> 200
#8490 GET /revival/loadout -> 200
#8491 GET /revival/loadout -> 200
#8492 GET /revival/loadout -> 200
#8493 GET /revival/loadout -> 200
#8494 GET /revival/loadout -> 200
#8495 GET /revival/loadout -> 200
#8496 GET /revival/loadout -> 200
#8497 GET /revival/loadout -> 200
#8498 GET /revival/loadout -> 200
#8499 GET /revival/loadout -> 200
#8500 GET /revival/loadout -> 200
#8501 GET /revival/loadout -> 200
#8502 GET /revival/loadout -> 200
#8503 GET /revival/loadout -> 200
#8504 GET /configuration/client -> 200
#8505 GET /revival/loadout -> 200
#8506 GET /content-service/manifest/release2.4.live-156430-shipping -> 200
#8507 GET /revival/loadout -> 200
#8508 GET /revival/loadout -> 200
#8509 GET /revival/loadout -> 200
#8510 GET /revival/loadout -> 200
#8511 GET /revival/loadout -> 200
#8512 GET /revival/loadout -> 200
#8513 GET /revival/loadout -> 200
#8514 GET /revival/loadout -> 200
#8515 GET /revival/loadout -> 200
#8516 GET /revival/loadout -> 200
#8517 GET /revival/loadout -> 200
#8518 GET /revival/loadout -> 200
#8519 GET /revival/loadout -> 200
#8520 GET /revival/loadout -> 200
#8521 GET /revival/loadout -> 200
#8522 GET /revival/loadout -> 200
#8523 GET /revival/loadout -> 200
#8524 GET /revival/loadout -> 200
#8525 GET /revival/loadout -> 200
#8526 GET /revival/loadout -> 200
#8527 GET /revival/loadout -> 200
#8528 GET /revival/loadout -> 200
#8529 POST /party/parties/party-9b9d2c887e2524f918e383a895f2f1c2/members/9b9d2c887e2524f918e383a895f2f1c2/latencies -> 200
#8530 GET /revival/loadout -> 200
#8531 GET /revival/loadout -> 200
#8532 GET /revival/loadout -> 200
#8533 GET /revival/loadout -> 200
#8534 GET /revival/loadout -> 200
#8535 GET /revival/loadout -> 200
#8536 GET /revival/loadout -> 200
#8537 GET /revival/loadout -> 200
#8538 GET /revival/loadout -> 200
#8539 GET /revival/loadout -> 200
#8540 GET /revival/loadout -> 200
#8541 GET /revival/loadout -> 200
#8542 GET /revival/loadout -> 200
#8543 GET /revival/loadout -> 200
#8544 GET /revival/loadout -> 200
#8545 GET /revival/loadout -> 200
#8546 GET /revival/loadout -> 200
#8547 GET /revival/loadout -> 200
#8548 GET /revival/loadout -> 200
#8549 GET /revival/loadout -> 200
#8550 GET /revival/loadout -> 200
#8551 GET /revival/loadout -> 200
#8552 GET /revival/loadout -> 200
#8553 GET /revival/loadout -> 200
#8554 GET /revival/loadout -> 200
#8555 GET /revival/loadout -> 200
#8556 GET /revival/loadout -> 200
#8557 GET /revival/loadout -> 200
#8558 GET /revival/loadout -> 200
#8559 GET /revival/loadout -> 200
#8560 GET /revival/loadout -> 200
#8561 GET /revival/loadout -> 200
#8562 GET /revival/loadout -> 200
#8563 GET /revival/loadout -> 200
#8564 GET /revival/loadout -> 200
#8565 GET /revival/loadout -> 200
#8566 GET /revival/loadout -> 200
#8567 GET /revival/loadout -> 200
#8568 GET /revival/loadout -> 200
#8569 GET /revival/loadout -> 200
#8570 GET /revival/loadout -> 200
#8571 GET /revival/loadout -> 200
#8572 GET /revival/loadout -> 200
#8573 GET /revival/loadout -> 200
#8574 GET /revival/loadout -> 200
#8575 GET /revival/loadout -> 200
#8576 GET /revival/loadout -> 200
#8577 GET /revival/loadout -> 200
#8578 GET /revival/loadout -> 200
#8579 GET /revival/loadout -> 200
#8580 GET /revival/loadout -> 200

* 19:04:36.320  WS <- /notifications/players/9b9d2c887e2524f918e383a895f2f1c2 BINARY (2 bytes) 6862
#8582 GET /party/matchmaking/info -> 200
#8581 GET /core-game/regions -> 200

* 19:04:36.356  WS -> /notifications/players/9b9d2c887e2524f918e383a895f2f1c2 TEXT hb reply {"Resource":"hb","Version":0,"Payload":""}
#8583 GET /revival/loadout -> 200

* 19:04:36.689  WS <- /lobby TEXT ""
#8584 GET /revival/loadout -> 200
#8585 GET /revival/loadout -> 200
#8586 GET /revival/loadout -> 200
#8587 GET /revival/loadout -> 200
#8588 GET /revival/loadout -> 200
#8589 GET /revival/loadout -> 200
#8590 GET /revival/loadout -> 200
#8591 GET /revival/loadout -> 200
#8592 GET /revival/loadout -> 200
#8593 GET /revival/loadout -> 200
#8594 GET /revival/loadout -> 200
#8595 GET /revival/loadout -> 200
#8596 GET /revival/loadout -> 200
#8597 GET /revival/loadout -> 200
#8598 GET /revival/loadout -> 200
#8599 GET /revival/loadout -> 200
#8600 GET /revival/loadout -> 200
#8601 GET /revival/loadout -> 200
#8602 GET /revival/loadout -> 200
#8603 GET /revival/loadout -> 200
#8604 GET /revival/loadout -> 200
#8605 GET /revival/loadout -> 200
#8606 GET /revival/loadout -> 200
#8607 GET /revival/loadout -> 200
#8608 GET /revival/loadout -> 200
#8609 GET /revival/loadout -> 200
#8610 GET /revival/loadout -> 200
#8611 GET /revival/loadout -> 200
#8612 GET /revival/loadout -> 200
#8613 GET /revival/loadout -> 200
#8614 GET /revival/loadout -> 200
#8615 GET /revival/loadout -> 200
#8616 GET /revival/loadout -> 200
#8617 GET /revival/loadout -> 200
#8618 GET /revival/loadout -> 200
#8619 GET /revival/loadout -> 200
#8620 GET /revival/loadout -> 200
#8621 GET /revival/loadout -> 200
#8622 GET /revival/loadout -> 200
#8623 GET /revival/loadout -> 200
#8624 GET /revival/loadout -> 200
#8625 GET /revival/loadout -> 200
#8626 GET /revival/loadout -> 200
#8627 GET /revival/loadout -> 200
#8628 GET /revival/loadout -> 200
#8629 GET /revival/loadout -> 200
#8630 GET /revival/loadout -> 200
#8631 GET /revival/loadout -> 200
#8632 GET /revival/loadout -> 200
#8633 GET /revival/loadout -> 200
#8634 GET /revival/loadout -> 200
#8635 GET /revival/loadout -> 200
#8636 GET /revival/loadout -> 200
#8637 GET /revival/loadout -> 200
#8638 GET /party/players/9b9d2c887e2524f918e383a895f2f1c2/voice -> 200
#8639 GET /revival/loadout -> 200
#8640 GET /revival/loadout -> 200
#8641 GET /revival/loadout -> 200
#8642 GET /revival/loadout -> 200
#8643 GET /revival/loadout -> 200
#8644 GET /revival/loadout -> 200
#8645 GET /revival/loadout -> 200
#8646 GET /revival/loadout -> 200
#8647 GET /revival/loadout -> 200
#8648 GET /revival/loadout -> 200
#8649 GET /revival/loadout -> 200
#8650 GET /revival/loadout -> 200
#8651 GET /revival/loadout -> 200
#8652 GET /revival/loadout -> 200
#8653 GET /revival/loadout -> 200
#8654 GET /revival/loadout -> 200
#8655 GET /revival/loadout -> 200
#8656 GET /revival/loadout -> 200
#8657 GET /revival/loadout -> 200
#8658 GET /revival/loadout -> 200
#8659 GET /revival/loadout -> 200
#8660 GET /revival/loadout -> 200
#8661 GET /revival/loadout -> 200
#8662 GET /revival/loadout -> 200
#8663 GET /revival/loadout -> 200
#8664 GET /revival/loadout -> 200
#8665 GET /revival/loadout -> 200
#8666 GET /revival/loadout -> 200
#8667 GET /revival/loadout -> 200
#8668 GET /revival/loadout -> 200
#8669 GET /revival/loadout -> 200
#8670 GET /revival/loadout -> 200
#8671 GET /revival/loadout -> 200
#8672 GET /revival/loadout -> 200
#8673 GET /configuration/client -> 200
#8674 GET /revival/loadout -> 200
#8675 GET /revival/loadout -> 200
#8676 GET /content-service/manifest/release2.4.live-156430-shipping -> 200
#8677 GET /revival/loadout -> 200
#8678 GET /revival/loadout -> 200
#8679 GET /revival/loadout -> 200
#8680 GET /revival/loadout -> 200
#8681 GET /revival/loadout -> 200
#8682 GET /revival/loadout -> 200
#8683 GET /revival/loadout -> 200
#8684 GET /revival/loadout -> 200
#8685 GET /revival/loadout -> 200
#8686 GET /revival/loadout -> 200
#8687 GET /revival/loadout -> 200
#8688 GET /revival/loadout -> 200
#8689 GET /revival/loadout -> 200
#8690 GET /revival/loadout -> 200
#8691 GET /revival/loadout -> 200
#8692 GET /revival/loadout -> 200
#8693 GET /revival/loadout -> 200
#8694 GET /revival/loadout -> 200
#8695 GET /revival/loadout -> 200
#8696 GET /revival/loadout -> 200
#8697 GET /revival/loadout -> 200
#8698 GET /revival/loadout -> 200
#8699 POST /party/parties/party-9b9d2c887e2524f918e383a895f2f1c2/members/9b9d2c887e2524f918e383a895f2f1c2/latencies -> 200
#8700 GET /revival/loadout -> 200
#8701 GET /revival/loadout -> 200
#8702 GET /revival/loadout -> 200
#8703 GET /revival/loadout -> 200
#8704 GET /revival/loadout -> 200
#8705 GET /revival/loadout -> 200
#8706 GET /revival/loadout -> 200
#8707 GET /revival/loadout -> 200
#8708 GET /revival/loadout -> 200
#8709 GET /revival/loadout -> 200
#8710 GET /revival/loadout -> 200
#8711 GET /revival/loadout -> 200
#8712 GET /revival/loadout -> 200
#8713 GET /revival/loadout -> 200
#8714 GET /revival/loadout -> 200
#8715 GET /revival/loadout -> 200
#8716 GET /revival/loadout -> 200
#8717 GET /revival/loadout -> 200
#8718 GET /revival/loadout -> 200
#8719 GET /revival/loadout -> 200
#8720 GET /revival/loadout -> 200
#8721 GET /revival/loadout -> 200
#8722 GET /revival/loadout -> 200
#8723 GET /revival/loadout -> 200
#8724 GET /revival/loadout -> 200
#8725 GET /revival/loadout -> 200
#8726 GET /revival/loadout -> 200
#8727 GET /revival/loadout -> 200
#8728 GET /revival/loadout -> 200
#8729 GET /revival/loadout -> 200
#8730 GET /revival/loadout -> 200
#8731 GET /revival/loadout -> 200
#8732 GET /revival/loadout -> 200
#8733 GET /revival/loadout -> 200
#8734 GET /revival/loadout -> 200
#8735 GET /revival/loadout -> 200
#8736 GET /revival/loadout -> 200
#8737 GET /revival/loadout -> 200
#8738 POST /game-telemetry/v1/protected/events -> 200
#8739 GET /revival/loadout -> 200
#8740 GET /revival/loadout -> 200
#8741 GET /revival/loadout -> 200
#8742 GET /revival/loadout -> 200
#8743 GET /revival/loadout -> 200
#8744 GET /revival/loadout -> 200
#8745 GET /revival/loadout -> 200
#8746 GET /revival/loadout -> 200
#8747 GET /revival/loadout -> 200
#8748 GET /revival/loadout -> 200
#8749 GET /revival/loadout -> 200
#8750 GET /revival/loadout -> 200
#8751 GET /revival/loadout -> 200
#8752 GET /mailbox/config/version -> 200
#8753 GET /party/matchmaking/info -> 200

* 19:05:06.506  WS -> /notifications/players/9b9d2c887e2524f918e383a895f2f1c2 BINARY hb (proactive 30s keepalive)
#8754 GET /revival/loadout -> 200

* 19:05:06.673  WS <- /lobby TEXT ""
#8755 GET /revival/loadout -> 200
#8756 GET /revival/loadout -> 200
#8757 GET /revival/loadout -> 200
#8758 GET /revival/loadout -> 200
#8759 GET /revival/loadout -> 200
#8760 GET /revival/loadout -> 200
#8761 GET /revival/loadout -> 200
#8762 GET /revival/loadout -> 200
#8763 GET /revival/loadout -> 200
#8764 GET /revival/loadout -> 200
#8765 GET /revival/loadout -> 200
#8766 GET /revival/loadout -> 200
#8767 GET /revival/loadout -> 200
#8768 GET /revival/loadout -> 200
#8769 GET /revival/loadout -> 200
#8770 GET /revival/loadout -> 200
#8771 GET /revival/loadout -> 200
#8772 GET /revival/loadout -> 200
#8773 GET /revival/loadout -> 200
#8774 GET /revival/loadout -> 200
#8775 GET /revival/loadout -> 200
#8776 GET /revival/loadout -> 200
#8777 GET /revival/loadout -> 200
#8778 GET /revival/loadout -> 200
#8779 GET /revival/loadout -> 200
#8780 GET /revival/loadout -> 200
#8781 GET /revival/loadout -> 200
#8782 GET /revival/loadout -> 200
#8783 GET /revival/loadout -> 200
#8784 GET /revival/loadout -> 200
#8785 GET /revival/loadout -> 200
#8786 GET /revival/loadout -> 200
#8787 GET /revival/loadout -> 200
#8788 GET /revival/loadout -> 200
#8789 GET /revival/loadout -> 200
#8790 GET /revival/loadout -> 200
#8791 GET /revival/loadout -> 200
#8792 GET /revival/loadout -> 200
#8793 GET /revival/loadout -> 200
#8794 GET /revival/loadout -> 200
#8795 GET /revival/loadout -> 200
#8796 GET /revival/loadout -> 200
#8797 GET /revival/loadout -> 200
#8798 GET /revival/loadout -> 200
#8799 GET /revival/loadout -> 200
#8800 GET /revival/loadout -> 200
#8801 GET /revival/loadout -> 200
#8802 GET /revival/loadout -> 200
#8803 GET /revival/loadout -> 200
#8804 GET /revival/loadout -> 200
#8805 GET /revival/loadout -> 200
#8806 GET /revival/loadout -> 200
#8807 GET /revival/loadout -> 200
#8808 GET /revival/loadout -> 200
#8809 GET /revival/loadout -> 200
#8810 GET /party/players/9b9d2c887e2524f918e383a895f2f1c2/voice -> 200
#8811 GET /revival/loadout -> 200
#8812 GET /revival/loadout -> 200
#8813 GET /revival/loadout -> 200
#8814 GET /revival/loadout -> 200
#8815 GET /revival/loadout -> 200
#8816 GET /revival/loadout -> 200
#8817 GET /revival/loadout -> 200
#8818 GET /revival/loadout -> 200
#8819 GET /revival/loadout -> 200
#8820 GET /revival/loadout -> 200
#8821 GET /revival/loadout -> 200
#8822 GET /revival/loadout -> 200
#8823 GET /revival/loadout -> 200
#8824 GET /revival/loadout -> 200
#8825 GET /revival/loadout -> 200
#8826 GET /revival/loadout -> 200
#8827 GET /revival/loadout -> 200
#8828 GET /revival/loadout -> 200
#8829 GET /revival/loadout -> 200
#8830 GET /revival/loadout -> 200
#8831 GET /revival/loadout -> 200
#8832 GET /revival/loadout -> 200
#8833 GET /revival/loadout -> 200
#8834 GET /revival/loadout -> 200
#8835 GET /revival/loadout -> 200
#8836 GET /revival/loadout -> 200
#8837 GET /revival/loadout -> 200
#8838 GET /revival/loadout -> 200
#8839 GET /revival/loadout -> 200
#8840 GET /revival/loadout -> 200
#8841 GET /revival/loadout -> 200
#8842 GET /revival/loadout -> 200
#8843 GET /configuration/client -> 200
#8844 GET /revival/loadout -> 200
#8845 GET /revival/loadout -> 200
#8846 GET /content-service/manifest/release2.4.live-156430-shipping -> 200
#8847 GET /revival/loadout -> 200
#8848 GET /revival/loadout -> 200
#8849 GET /revival/loadout -> 200
#8850 GET /revival/loadout -> 200
#8851 GET /revival/loadout -> 200
#8852 GET /revival/loadout -> 200
#8853 GET /revival/loadout -> 200
#8854 GET /revival/loadout -> 200
#8855 GET /revival/loadout -> 200
#8856 GET /revival/loadout -> 200
#8857 GET /revival/loadout -> 200
#8858 GET /revival/loadout -> 200
#8859 GET /revival/loadout -> 200
#8860 GET /revival/loadout -> 200
#8861 GET /revival/loadout -> 200
#8862 GET /revival/loadout -> 200
#8863 GET /revival/loadout -> 200
#8864 GET /revival/loadout -> 200
#8865 GET /revival/loadout -> 200
#8866 GET /revival/loadout -> 200
#8867 GET /revival/loadout -> 200
#8868 GET /revival/loadout -> 200
#8869 GET /revival/loadout -> 200
#8870 POST /party/parties/party-9b9d2c887e2524f918e383a895f2f1c2/members/9b9d2c887e2524f918e383a895f2f1c2/latencies -> 200
#8871 GET /revival/loadout -> 200
#8872 GET /revival/loadout -> 200
#8873 GET /revival/loadout -> 200
#8874 GET /revival/loadout -> 200
#8875 GET /revival/loadout -> 200
#8876 GET /revival/loadout -> 200
#8877 GET /revival/loadout -> 200
#8878 GET /revival/loadout -> 200
#8879 GET /revival/loadout -> 200
#8880 GET /revival/loadout -> 200
#8881 GET /revival/loadout -> 200
#8882 GET /revival/loadout -> 200
#8883 GET /revival/loadout -> 200
#8884 GET /revival/loadout -> 200
#8885 GET /revival/loadout -> 200
#8886 GET /revival/loadout -> 200
#8887 GET /revival/loadout -> 200
#8888 GET /revival/loadout -> 200
#8889 GET /revival/loadout -> 200
#8890 GET /revival/loadout -> 200
#8891 GET /revival/loadout -> 200
#8892 GET /revival/loadout -> 200
#8893 GET /revival/loadout -> 200

* 19:05:31.302  WS <- /notifications/players/9b9d2c887e2524f918e383a895f2f1c2 BINARY (2 bytes) 6862

* 19:05:31.335  WS -> /notifications/players/9b9d2c887e2524f918e383a895f2f1c2 TEXT hb reply {"Resource":"hb","Version":0,"Payload":""}
#8894 GET /revival/loadout -> 200
#8895 GET /revival/loadout -> 200
#8896 GET /revival/loadout -> 200
#8897 GET /revival/loadout -> 200
#8898 GET /revival/loadout -> 200
#8899 GET /revival/loadout -> 200
#8900 GET /revival/loadout -> 200
#8901 GET /revival/loadout -> 200
#8902 GET /revival/loadout -> 200
#8903 GET /revival/loadout -> 200
#8904 GET /revival/loadout -> 200
#8905 GET /revival/loadout -> 200
#8906 GET /revival/loadout -> 200
#8907 GET /revival/loadout -> 200
#8908 GET /revival/loadout -> 200
#8909 GET /revival/loadout -> 200
#8910 GET /revival/loadout -> 200
#8911 GET /revival/loadout -> 200
#8912 GET /revival/loadout -> 200
#8913 GET /revival/loadout -> 200
#8914 GET /revival/loadout -> 200
#8915 GET /revival/loadout -> 200
#8916 GET /revival/loadout -> 200
#8917 GET /revival/loadout -> 200
#8918 GET /revival/loadout -> 200
#8919 GET /revival/loadout -> 200
#8920 GET /revival/loadout -> 200
#8921 GET /core-game/regions -> 200
#8922 GET /party/matchmaking/info -> 200
#8923 GET /revival/loadout -> 200
#8924 GET /revival/loadout -> 200
#8925 GET /revival/loadout -> 200
#8926 GET /revival/loadout -> 200

* 19:05:37.164  WS <- /lobby TEXT ""
#8927 GET /revival/loadout -> 200
#8928 GET /revival/loadout -> 200
#8929 GET /revival/loadout -> 200
#8930 GET /revival/loadout -> 200
#8931 GET /revival/loadout -> 200
#8932 GET /revival/loadout -> 200
#8933 GET /revival/loadout -> 200
#8934 GET /revival/loadout -> 200
#8935 GET /revival/loadout -> 200
#8936 GET /revival/loadout -> 200
#8937 GET /revival/loadout -> 200
#8938 GET /revival/loadout -> 200
#8939 GET /revival/loadout -> 200
#8940 GET /revival/loadout -> 200
#8941 GET /revival/loadout -> 200
#8942 GET /revival/loadout -> 200
#8943 GET /revival/loadout -> 200
#8944 GET /revival/loadout -> 200
#8945 GET /revival/loadout -> 200
#8946 GET /revival/loadout -> 200
#8947 GET /revival/loadout -> 200
#8948 GET /revival/loadout -> 200
#8949 GET /revival/loadout -> 200
#8950 GET /revival/loadout -> 200
#8951 GET /revival/loadout -> 200
#8952 GET /revival/loadout -> 200
#8953 GET /revival/loadout -> 200
#8954 GET /revival/loadout -> 200
#8955 GET /revival/loadout -> 200
#8956 GET /revival/loadout -> 200
#8957 GET /revival/loadout -> 200
#8958 GET /revival/loadout -> 200
#8959 GET /revival/loadout -> 200
#8960 GET /revival/loadout -> 200
#8961 GET /revival/loadout -> 200
#8962 GET /revival/loadout -> 200
#8963 GET /revival/loadout -> 200
#8964 GET /revival/loadout -> 200
#8965 GET /revival/loadout -> 200
#8966 GET /revival/loadout -> 200
#8967 GET /revival/loadout -> 200
#8968 GET /revival/loadout -> 200
#8969 GET /revival/loadout -> 200
#8970 GET /revival/loadout -> 200
#8971 GET /revival/loadout -> 200
#8972 GET /revival/loadout -> 200
#8973 GET /revival/loadout -> 200
#8974 GET /revival/loadout -> 200
#8975 GET /revival/loadout -> 200
#8976 GET /revival/loadout -> 200
#8977 GET /revival/loadout -> 200
#8978 GET /revival/loadout -> 200
#8979 GET /revival/loadout -> 200
#8980 GET /revival/loadout -> 200
#8981 GET /revival/loadout -> 200
#8982 GET /party/players/9b9d2c887e2524f918e383a895f2f1c2/voice -> 200
#8983 GET /revival/loadout -> 200
#8984 GET /revival/loadout -> 200
#8985 GET /revival/loadout -> 200
#8986 GET /revival/loadout -> 200
#8987 GET /revival/loadout -> 200
#8988 GET /revival/loadout -> 200
#8989 GET /revival/loadout -> 200
#8990 GET /revival/loadout -> 200
#8991 GET /revival/loadout -> 200
#8992 GET /revival/loadout -> 200
#8993 GET /revival/loadout -> 200
#8994 GET /revival/loadout -> 200
#8995 GET /revival/loadout -> 200
#8996 GET /revival/loadout -> 200
#8997 GET /revival/loadout -> 200
#8998 GET /revival/loadout -> 200
#8999 GET /revival/loadout -> 200
#9000 GET /revival/loadout -> 200
#9001 GET /revival/loadout -> 200
#9002 GET /revival/loadout -> 200
#9003 GET /revival/loadout -> 200
#9004 GET /revival/loadout -> 200
#9005 GET /revival/loadout -> 200
#9006 GET /revival/loadout -> 200
#9007 GET /revival/loadout -> 200
#9008 GET /revival/loadout -> 200
#9009 GET /revival/loadout -> 200
#9010 GET /revival/loadout -> 200
#9011 GET /revival/loadout -> 200
#9012 GET /revival/loadout -> 200
#9013 GET /configuration/client -> 200
#9014 GET /revival/loadout -> 200
#9015 GET /revival/loadout -> 200
#9016 GET /content-service/manifest/release2.4.live-156430-shipping -> 200
#9017 GET /revival/loadout -> 200
#9018 GET /revival/loadout -> 200
#9019 GET /revival/loadout -> 200
#9020 GET /revival/loadout -> 200
#9021 GET /revival/loadout -> 200
#9022 GET /revival/loadout -> 200
#9023 GET /revival/loadout -> 200
#9024 GET /revival/loadout -> 200
#9025 GET /revival/loadout -> 200
#9026 GET /revival/loadout -> 200
#9027 GET /revival/loadout -> 200
#9028 GET /revival/loadout -> 200
#9029 GET /revival/loadout -> 200
#9030 GET /revival/loadout -> 200
#9031 GET /revival/loadout -> 200
#9032 GET /revival/loadout -> 200
#9033 GET /revival/loadout -> 200
#9034 GET /revival/loadout -> 200
#9035 GET /revival/loadout -> 200
#9036 GET /revival/loadout -> 200
#9037 GET /revival/loadout -> 200
#9038 GET /revival/loadout -> 200
#9039 GET /revival/loadout -> 200
#9040 POST /party/parties/party-9b9d2c887e2524f918e383a895f2f1c2/members/9b9d2c887e2524f918e383a895f2f1c2/latencies -> 200
#9041 GET /revival/loadout -> 200
#9042 GET /revival/loadout -> 200
#9043 GET /revival/loadout -> 200
#9044 GET /revival/loadout -> 200
#9045 GET /revival/loadout -> 200
#9046 GET /revival/loadout -> 200
#9047 GET /revival/loadout -> 200
#9048 GET /revival/loadout -> 200
#9049 GET /revival/loadout -> 200
#9050 GET /revival/loadout -> 200
#9051 GET /revival/loadout -> 200
#9052 GET /revival/loadout -> 200
#9053 GET /revival/loadout -> 200
#9054 GET /revival/loadout -> 200
#9055 GET /revival/loadout -> 200
#9056 GET /revival/loadout -> 200
#9057 GET /revival/loadout -> 200
#9058 GET /revival/loadout -> 200
#9059 GET /revival/loadout -> 200
#9060 GET /revival/loadout -> 200
#9061 GET /revival/loadout -> 200
#9062 GET /revival/loadout -> 200
#9063 GET /revival/loadout -> 200
#9064 GET /revival/loadout -> 200

* 19:06:01.403  WS -> /notifications/players/9b9d2c887e2524f918e383a895f2f1c2 BINARY hb (proactive 30s keepalive)
#9065 GET /revival/loadout -> 200
#9066 GET /revival/loadout -> 200
#9067 GET /revival/loadout -> 200
#9068 GET /revival/loadout -> 200
#9069 GET /revival/loadout -> 200
#9070 GET /revival/loadout -> 200
#9071 GET /revival/loadout -> 200
#9072 GET /revival/loadout -> 200
#9073 GET /revival/loadout -> 200
#9074 GET /revival/loadout -> 200
#9075 GET /revival/loadout -> 200
#9076 GET /revival/loadout -> 200
#9077 GET /revival/loadout -> 200
#9078 POST /game-telemetry/v1/protected/events -> 200
#9079 GET /revival/loadout -> 200
#9080 GET /revival/loadout -> 200
#9081 GET /revival/loadout -> 200
#9082 GET /revival/loadout -> 200
#9083 GET /revival/loadout -> 200
#9084 GET /revival/loadout -> 200
#9085 GET /revival/loadout -> 200
#9086 GET /revival/loadout -> 200
#9087 GET /revival/loadout -> 200
#9088 GET /revival/loadout -> 200
#9089 GET /revival/loadout -> 200
#9090 GET /revival/loadout -> 200
#9091 GET /party/matchmaking/info -> 200
#9092 GET /revival/loadout -> 200
#9093 GET /revival/loadout -> 200
#9094 GET /revival/loadout -> 200
#9095 GET /revival/loadout -> 200
#9096 GET /revival/loadout -> 200

* 19:06:07.196  WS <- /lobby TEXT ""
#9097 GET /revival/loadout -> 200
#9098 GET /revival/loadout -> 200
#9099 GET /revival/loadout -> 200
#9100 GET /revival/loadout -> 200
#9101 GET /revival/loadout -> 200
#9102 GET /revival/loadout -> 200
#9103 GET /revival/loadout -> 200
#9104 GET /revival/loadout -> 200
#9105 GET /revival/loadout -> 200
#9106 GET /revival/loadout -> 200
#9107 GET /revival/loadout -> 200
#9108 GET /revival/loadout -> 200
#9109 GET /revival/loadout -> 200
#9110 GET /revival/loadout -> 200
#9111 GET /revival/loadout -> 200
#9112 GET /revival/loadout -> 200
#9113 GET /revival/loadout -> 200
#9114 GET /revival/loadout -> 200
#9115 GET /revival/loadout -> 200
#9116 GET /revival/loadout -> 200
#9117 GET /revival/loadout -> 200
#9118 GET /revival/loadout -> 200
#9119 GET /revival/loadout -> 200
#9120 GET /revival/loadout -> 200
#9121 GET /revival/loadout -> 200
#9122 GET /revival/loadout -> 200
#9123 GET /revival/loadout -> 200
#9124 GET /revival/loadout -> 200
#9125 GET /revival/loadout -> 200
#9126 GET /revival/loadout -> 200
#9127 GET /revival/loadout -> 200
#9128 GET /revival/loadout -> 200
#9129 GET /revival/loadout -> 200
#9130 GET /revival/loadout -> 200
#9131 GET /revival/loadout -> 200
#9132 GET /revival/loadout -> 200
#9133 GET /revival/loadout -> 200
#9134 GET /revival/loadout -> 200
#9135 GET /revival/loadout -> 200
#9136 GET /revival/loadout -> 200
#9137 GET /revival/loadout -> 200
#9138 GET /revival/loadout -> 200
#9139 GET /revival/loadout -> 200
#9140 GET /revival/loadout -> 200
#9141 GET /revival/loadout -> 200
#9142 GET /revival/loadout -> 200
#9143 GET /revival/loadout -> 200
#9144 GET /revival/loadout -> 200
#9145 GET /revival/loadout -> 200
#9146 GET /revival/loadout -> 200
#9147 GET /revival/loadout -> 200
#9148 GET /revival/loadout -> 200
#9149 GET /revival/loadout -> 200
#9150 GET /revival/loadout -> 200
#9151 GET /revival/loadout -> 200
#9152 GET /revival/loadout -> 200
#9153 GET /revival/loadout -> 200
#9154 GET /party/players/9b9d2c887e2524f918e383a895f2f1c2/voice -> 200
#9155 GET /revival/loadout -> 200
#9156 GET /revival/loadout -> 200
#9157 GET /revival/loadout -> 200
#9158 GET /revival/loadout -> 200
#9159 GET /revival/loadout -> 200
#9160 GET /revival/loadout -> 200
#9161 GET /revival/loadout -> 200
#9162 GET /revival/loadout -> 200
#9163 GET /revival/loadout -> 200
#9164 GET /revival/loadout -> 200
#9165 GET /revival/loadout -> 200
#9166 GET /revival/loadout -> 200
#9167 GET /revival/loadout -> 200
#9168 GET /revival/loadout -> 200
#9169 GET /revival/loadout -> 200
#9170 GET /revival/loadout -> 200
#9171 GET /revival/loadout -> 200
#9172 GET /revival/loadout -> 200
#9173 GET /revival/loadout -> 200
#9174 GET /revival/loadout -> 200
#9175 GET /revival/loadout -> 200
#9176 GET /revival/loadout -> 200
#9177 GET /revival/loadout -> 200
#9178 GET /revival/loadout -> 200
#9179 GET /revival/loadout -> 200
#9180 GET /revival/loadout -> 200
#9181 GET /revival/loadout -> 200
#9182 GET /revival/loadout -> 200
#9183 GET /configuration/client -> 200
#9184 GET /revival/loadout -> 200
#9185 GET /revival/loadout -> 200
#9186 GET /content-service/manifest/release2.4.live-156430-shipping -> 200
#9187 GET /revival/loadout -> 200
#9188 GET /revival/loadout -> 200
#9189 GET /revival/loadout -> 200
#9190 GET /revival/loadout -> 200
#9191 GET /revival/loadout -> 200
#9192 GET /revival/loadout -> 200
#9193 GET /revival/loadout -> 200
#9194 GET /revival/loadout -> 200
#9195 GET /revival/loadout -> 200
#9196 GET /revival/loadout -> 200
#9197 GET /revival/loadout -> 200
#9198 GET /revival/loadout -> 200
#9199 GET /revival/loadout -> 200
#9200 GET /revival/loadout -> 200
#9201 GET /revival/loadout -> 200
#9202 GET /revival/loadout -> 200
#9203 GET /revival/loadout -> 200
#9204 GET /revival/loadout -> 200

* 19:06:26.301  WS <- /notifications/players/9b9d2c887e2524f918e383a895f2f1c2 BINARY (2 bytes) 6862
#9205 GET /revival/loadout -> 200

* 19:06:26.332  WS -> /notifications/players/9b9d2c887e2524f918e383a895f2f1c2 TEXT hb reply {"Resource":"hb","Version":0,"Payload":""}
#9206 GET /revival/loadout -> 200
#9207 GET /revival/loadout -> 200
#9208 GET /revival/loadout -> 200
#9209 GET /revival/loadout -> 200
#9210 GET /revival/loadout -> 200
#9211 POST /party/parties/party-9b9d2c887e2524f918e383a895f2f1c2/members/9b9d2c887e2524f918e383a895f2f1c2/latencies -> 200
#9212 GET /revival/loadout -> 200
#9213 GET /revival/loadout -> 200
#9214 GET /revival/loadout -> 200
#9215 GET /revival/loadout -> 200
#9216 GET /revival/loadout -> 200
#9217 GET /revival/loadout -> 200
#9218 GET /revival/loadout -> 200
#9219 GET /revival/loadout -> 200
#9220 GET /revival/loadout -> 200
#9221 GET /revival/loadout -> 200
#9222 GET /revival/loadout -> 200
#9223 GET /revival/loadout -> 200
#9224 GET /revival/loadout -> 200
#9225 GET /revival/loadout -> 200
#9226 GET /revival/loadout -> 200
#9227 GET /revival/loadout -> 200
#9228 GET /revival/loadout -> 200
#9229 GET /revival/loadout -> 200
#9230 GET /revival/loadout -> 200
#9231 GET /revival/loadout -> 200
#9232 GET /revival/loadout -> 200
#9233 GET /revival/loadout -> 200
#9234 GET /revival/loadout -> 200
#9235 GET /revival/loadout -> 200
#9236 GET /revival/loadout -> 200
#9237 GET /revival/loadout -> 200
#9238 GET /revival/loadout -> 200
#9239 GET /revival/loadout -> 200
#9240 GET /revival/loadout -> 200
#9241 GET /revival/loadout -> 200
#9242 GET /revival/loadout -> 200
#9243 GET /revival/loadout -> 200
#9244 GET /revival/loadout -> 200
#9245 GET /revival/loadout -> 200
#9246 GET /revival/loadout -> 200
#9247 GET /revival/loadout -> 200
#9248 GET /revival/loadout -> 200
#9249 GET /revival/loadout -> 200
#9250 GET /revival/loadout -> 200
#9251 GET /revival/loadout -> 200
#9252 GET /revival/loadout -> 200
#9253 GET /revival/loadout -> 200
#9254 GET /revival/loadout -> 200
#9255 GET /revival/loadout -> 200
#9256 GET /revival/loadout -> 200
#9257 GET /revival/loadout -> 200
#9258 GET /revival/loadout -> 200
#9259 GET /revival/loadout -> 200
#9260 GET /revival/loadout -> 200
#9261 GET /mailbox/config/version -> 200
#9262 GET /core-game/regions -> 200
#9263 GET /party/matchmaking/info -> 200
#9264 GET /revival/loadout -> 200
#9265 GET /revival/loadout -> 200
#9266 GET /revival/loadout -> 200
#9267 GET /revival/loadout -> 200

* 19:06:37.165  WS <- /lobby TEXT ""
#9268 GET /revival/loadout -> 200
#9269 GET /revival/loadout -> 200
#9270 GET /revival/loadout -> 200
#9271 GET /revival/loadout -> 200
#9272 GET /revival/loadout -> 200
#9273 GET /revival/loadout -> 200
#9274 GET /revival/loadout -> 200
#9275 GET /revival/loadout -> 200
#9276 GET /revival/loadout -> 200
#9277 GET /revival/loadout -> 200
#9278 GET /revival/loadout -> 200
#9279 GET /revival/loadout -> 200
#9280 GET /revival/loadout -> 200
#9281 GET /revival/loadout -> 200
#9282 GET /revival/loadout -> 200
#9283 GET /revival/loadout -> 200
#9284 GET /revival/loadout -> 200
#9285 GET /revival/loadout -> 200
#9286 GET /revival/loadout -> 200
#9287 GET /revival/loadout -> 200
#9288 GET /revival/loadout -> 200
#9289 GET /revival/loadout -> 200
#9290 GET /revival/loadout -> 200
#9291 GET /revival/loadout -> 200
#9292 GET /revival/loadout -> 200
#9293 GET /revival/loadout -> 200
#9294 GET /revival/loadout -> 200
#9295 GET /revival/loadout -> 200
#9296 GET /revival/loadout -> 200
#9297 GET /revival/loadout -> 200
#9298 GET /revival/loadout -> 200
#9299 GET /revival/loadout -> 200
#9300 GET /revival/loadout -> 200
#9301 GET /revival/loadout -> 200
#9302 GET /revival/loadout -> 200
#9303 GET /revival/loadout -> 200
#9304 GET /revival/loadout -> 200
#9305 GET /revival/loadout -> 200
#9306 GET /revival/loadout -> 200
#9307 GET /revival/loadout -> 200
#9308 GET /revival/loadout -> 200
#9309 GET /revival/loadout -> 200
#9310 GET /revival/loadout -> 200
#9311 GET /revival/loadout -> 200
#9312 GET /revival/loadout -> 200
#9313 GET /revival/loadout -> 200
#9314 GET /revival/loadout -> 200
#9315 GET /revival/loadout -> 200
#9316 GET /revival/loadout -> 200
#9317 GET /revival/loadout -> 200
#9318 GET /revival/loadout -> 200
#9319 GET /revival/loadout -> 200
#9320 GET /revival/loadout -> 200
#9321 GET /revival/loadout -> 200
#9322 GET /revival/loadout -> 200
#9323 GET /revival/loadout -> 200
#9324 GET /revival/loadout -> 200
#9325 GET /revival/loadout -> 200
#9326 GET /revival/loadout -> 200
#9327 GET /party/players/9b9d2c887e2524f918e383a895f2f1c2/voice -> 200
#9328 GET /revival/loadout -> 200
#9329 GET /revival/loadout -> 200
#9330 GET /revival/loadout -> 200
#9331 GET /revival/loadout -> 200
#9332 GET /revival/loadout -> 200
#9333 GET /revival/loadout -> 200
#9334 GET /revival/loadout -> 200
#9335 GET /revival/loadout -> 200
#9336 GET /revival/loadout -> 200
#9337 GET /revival/loadout -> 200
#9338 GET /revival/loadout -> 200
#9339 GET /revival/loadout -> 200
#9340 GET /revival/loadout -> 200
#9341 GET /revival/loadout -> 200
#9342 GET /revival/loadout -> 200
#9343 GET /revival/loadout -> 200
#9344 GET /revival/loadout -> 200
#9345 GET /revival/loadout -> 200
#9346 GET /revival/loadout -> 200
#9347 GET /revival/loadout -> 200
#9348 GET /revival/loadout -> 200
#9349 GET /revival/loadout -> 200
#9350 GET /revival/loadout -> 200
#9351 GET /revival/loadout -> 200
#9352 GET /revival/loadout -> 200
#9353 GET /revival/loadout -> 200
#9354 GET /configuration/client -> 200
#9355 GET /revival/loadout -> 200
#9356 GET /revival/loadout -> 200
#9357 GET /content-service/manifest/release2.4.live-156430-shipping -> 200
#9358 GET /revival/loadout -> 200
#9359 GET /revival/loadout -> 200
#9360 GET /revival/loadout -> 200
#9361 GET /revival/loadout -> 200
#9362 GET /revival/loadout -> 200
#9363 GET /revival/loadout -> 200
#9364 GET /revival/loadout -> 200
#9365 GET /revival/loadout -> 200
#9366 GET /revival/loadout -> 200
#9367 GET /revival/loadout -> 200
#9368 GET /revival/loadout -> 200
#9369 GET /revival/loadout -> 200
#9370 GET /revival/loadout -> 200
#9371 GET /revival/loadout -> 200
#9372 GET /revival/loadout -> 200
#9373 GET /revival/loadout -> 200
#9374 GET /revival/loadout -> 200
#9375 GET /revival/loadout -> 200
#9376 GET /revival/loadout -> 200

* 19:06:56.416  WS -> /notifications/players/9b9d2c887e2524f918e383a895f2f1c2 BINARY hb (proactive 30s keepalive)
#9377 GET /revival/loadout -> 200
#9378 GET /revival/loadout -> 200
#9379 GET /revival/loadout -> 200
#9380 GET /revival/loadout -> 200
#9381 GET /revival/loadout -> 200
#9382 POST /party/parties/party-9b9d2c887e2524f918e383a895f2f1c2/members/9b9d2c887e2524f918e383a895f2f1c2/latencies -> 200
#9383 GET /revival/loadout -> 200
#9384 GET /revival/loadout -> 200
#9385 GET /revival/loadout -> 200
#9386 GET /revival/loadout -> 200
#9387 GET /revival/loadout -> 200
#9388 GET /revival/loadout -> 200
#9389 GET /revival/loadout -> 200
#9390 GET /revival/loadout -> 200
#9391 GET /revival/loadout -> 200
#9392 GET /revival/loadout -> 200
#9393 GET /revival/loadout -> 200
#9394 GET /revival/loadout -> 200
#9395 GET /revival/loadout -> 200
#9396 GET /revival/loadout -> 200
#9397 GET /revival/loadout -> 200
#9398 GET /revival/loadout -> 200
#9399 GET /revival/loadout -> 200
#9400 GET /revival/loadout -> 200
#9401 GET /revival/loadout -> 200
#9402 GET /revival/loadout -> 200
#9403 GET /revival/loadout -> 200
#9404 GET /revival/loadout -> 200
#9405 GET /revival/loadout -> 200
#9406 GET /revival/loadout -> 200
#9407 GET /revival/loadout -> 200
#9408 GET /revival/loadout -> 200
#9409 GET /revival/loadout -> 200
#9410 GET /revival/loadout -> 200
#9411 GET /revival/loadout -> 200
#9412 GET /revival/loadout -> 200
#9413 GET /revival/loadout -> 200
#9414 GET /revival/loadout -> 200
#9415 GET /revival/loadout -> 200
#9416 GET /revival/loadout -> 200
#9417 GET /revival/loadout -> 200
#9418 POST /game-telemetry/v1/protected/events -> 200
#9419 GET /revival/loadout -> 200
#9420 GET /revival/loadout -> 200
#9421 GET /revival/loadout -> 200
#9422 GET /revival/loadout -> 200
#9423 GET /revival/loadout -> 200
#9424 GET /revival/loadout -> 200
#9425 GET /revival/loadout -> 200
#9426 GET /revival/loadout -> 200
#9427 GET /revival/loadout -> 200
#9428 GET /revival/loadout -> 200
#9429 GET /revival/loadout -> 200
#9430 GET /revival/loadout -> 200
#9431 GET /revival/loadout -> 200
#9432 GET /party/matchmaking/info -> 200
#9433 GET /revival/loadout -> 200
#9434 GET /revival/loadout -> 200
#9435 GET /revival/loadout -> 200
#9436 GET /revival/loadout -> 200
#9437 GET /revival/loadout -> 200

* 19:07:07.206  WS <- /lobby TEXT ""
#9438 GET /revival/loadout -> 200
#9439 GET /revival/loadout -> 200
#9440 GET /revival/loadout -> 200
#9441 GET /revival/loadout -> 200
#9442 GET /revival/loadout -> 200
#9443 GET /revival/loadout -> 200
#9444 GET /revival/loadout -> 200
#9445 GET /revival/loadout -> 200
#9446 GET /revival/loadout -> 200
#9447 GET /revival/loadout -> 200
#9448 GET /revival/loadout -> 200
#9449 GET /revival/loadout -> 200
#9450 GET /revival/loadout -> 200
#9451 GET /revival/loadout -> 200
#9452 GET /revival/loadout -> 200
#9453 GET /revival/loadout -> 200
#9454 GET /revival/loadout -> 200
#9455 GET /revival/loadout -> 200
#9456 GET /revival/loadout -> 200
#9457 GET /revival/loadout -> 200
#9458 GET /revival/loadout -> 200
#9459 GET /revival/loadout -> 200
#9460 GET /revival/loadout -> 200
#9461 GET /revival/loadout -> 200
#9462 GET /revival/loadout -> 200
#9463 GET /revival/loadout -> 200
#9464 GET /revival/loadout -> 200
#9465 GET /revival/loadout -> 200
#9466 GET /revival/loadout -> 200
#9467 GET /revival/loadout -> 200
#9468 GET /revival/loadout -> 200
#9469 GET /revival/loadout -> 200
#9470 GET /revival/loadout -> 200
#9471 GET /revival/loadout -> 200
#9472 GET /revival/loadout -> 200
#9473 GET /revival/loadout -> 200
#9474 GET /revival/loadout -> 200
#9475 GET /revival/loadout -> 200
#9476 GET /revival/loadout -> 200
#9477 GET /revival/loadout -> 200
#9478 GET /revival/loadout -> 200
#9479 GET /revival/loadout -> 200
#9480 GET /revival/loadout -> 200
#9481 GET /revival/loadout -> 200
#9482 GET /revival/loadout -> 200
#9483 GET /revival/loadout -> 200
#9484 GET /revival/loadout -> 200
#9485 GET /revival/loadout -> 200
#9486 GET /revival/loadout -> 200
#9487 GET /revival/loadout -> 200
#9488 GET /revival/loadout -> 200
#9489 GET /revival/loadout -> 200
#9490 GET /revival/loadout -> 200
#9491 GET /revival/loadout -> 200
#9492 GET /revival/loadout -> 200
#9493 GET /revival/loadout -> 200
#9494 GET /revival/loadout -> 200
#9495 GET /revival/loadout -> 200
#9496 GET /revival/loadout -> 200
#9497 GET /revival/loadout -> 200
#9498 GET /party/players/9b9d2c887e2524f918e383a895f2f1c2/voice -> 200
#9499 GET /revival/loadout -> 200
#9500 GET /revival/loadout -> 200
#9501 GET /revival/loadout -> 200
#9502 GET /revival/loadout -> 200
#9503 GET /revival/loadout -> 200
#9504 GET /revival/loadout -> 200
#9505 GET /revival/loadout -> 200
#9506 GET /revival/loadout -> 200
#9507 GET /revival/loadout -> 200
#9508 GET /revival/loadout -> 200
#9509 GET /revival/loadout -> 200
#9510 GET /revival/loadout -> 200
#9511 GET /revival/loadout -> 200
#9512 GET /revival/loadout -> 200
#9513 GET /revival/loadout -> 200
#9514 GET /revival/loadout -> 200
#9515 GET /revival/loadout -> 200

* 19:07:21.335  WS <- /notifications/players/9b9d2c887e2524f918e383a895f2f1c2 BINARY (2 bytes) 6862

* 19:07:21.361  WS -> /notifications/players/9b9d2c887e2524f918e383a895f2f1c2 TEXT hb reply {"Resource":"hb","Version":0,"Payload":""}
#9516 GET /revival/loadout -> 200
#9517 GET /storefront/battlepass/progressiontracks -> 200
#9518 GET /revival/loadout -> 200
#9519 GET /revival/loadout -> 200
#9520 GET /revival/loadout -> 200
#9521 GET /revival/loadout -> 200
#9522 GET /revival/loadout -> 200
#9523 GET /revival/loadout -> 200
#9524 GET /configuration/client -> 200
#9525 GET /revival/loadout -> 200
#9526 GET /content-service/manifest/release2.4.live-156430-shipping -> 200
#9527 GET /revival/loadout -> 200
#9528 GET /revival/loadout -> 200
#9529 GET /revival/loadout -> 200
#9530 GET /revival/loadout -> 200
#9531 GET /revival/loadout -> 200
#9532 GET /revival/loadout -> 200
#9533 GET /revival/loadout -> 200
#9534 GET /revival/loadout -> 200
#9535 GET /revival/loadout -> 200
#9536 GET /revival/loadout -> 200
#9537 GET /revival/loadout -> 200
#9538 GET /revival/loadout -> 200
#9539 GET /revival/loadout -> 200
#9540 GET /revival/loadout -> 200
#9541 GET /revival/loadout -> 200
#9542 GET /revival/loadout -> 200
#9543 GET /revival/loadout -> 200
#9544 GET /revival/loadout -> 200
#9545 GET /revival/loadout -> 200
#9546 GET /revival/loadout -> 200
#9547 GET /revival/loadout -> 200
#9548 GET /revival/loadout -> 200
#9549 GET /revival/loadout -> 200
#9550 GET /revival/loadout -> 200
#9551 GET /revival/loadout -> 200
#9552 GET /revival/loadout -> 200
#9553 POST /party/parties/party-9b9d2c887e2524f918e383a895f2f1c2/members/9b9d2c887e2524f918e383a895f2f1c2/latencies -> 200
#9554 GET /revival/loadout -> 200
#9555 GET /revival/loadout -> 200
#9556 GET /revival/loadout -> 200
#9557 GET /revival/loadout -> 200
#9558 GET /revival/loadout -> 200
#9559 GET /revival/loadout -> 200
#9560 GET /revival/loadout -> 200
#9561 GET /revival/loadout -> 200
#9562 GET /revival/loadout -> 200
#9563 GET /revival/loadout -> 200
#9564 GET /revival/loadout -> 200
#9565 GET /revival/loadout -> 200
#9566 GET /revival/loadout -> 200
#9567 GET /revival/loadout -> 200
#9568 GET /revival/loadout -> 200
#9569 GET /revival/loadout -> 200
#9570 GET /revival/loadout -> 200
#9571 GET /revival/loadout -> 200
#9572 GET /revival/loadout -> 200
#9573 GET /revival/loadout -> 200
#9574 GET /revival/loadout -> 200
#9575 GET /revival/loadout -> 200
#9576 GET /revival/loadout -> 200
#9577 GET /revival/loadout -> 200
#9578 GET /revival/loadout -> 200
#9579 GET /revival/loadout -> 200
#9580 GET /revival/loadout -> 200
#9581 GET /revival/loadout -> 200
#9582 GET /revival/loadout -> 200
#9583 GET /revival/loadout -> 200
#9584 GET /revival/loadout -> 200
#9585 GET /revival/loadout -> 200
#9586 GET /revival/loadout -> 200
#9587 GET /revival/loadout -> 200
#9588 GET /revival/loadout -> 200
#9589 GET /revival/loadout -> 200
#9590 GET /revival/loadout -> 200
#9591 GET /revival/loadout -> 200
#9592 GET /revival/loadout -> 200
#9593 GET /revival/loadout -> 200
#9594 GET /revival/loadout -> 200
#9595 GET /revival/loadout -> 200
#9596 GET /revival/loadout -> 200
#9597 GET /revival/loadout -> 200
#9598 GET /revival/loadout -> 200
#9599 GET /revival/loadout -> 200
#9600 GET /revival/loadout -> 200
#9601 GET /core-game/regions -> 200
#9602 GET /party/matchmaking/info -> 200
#9603 GET /revival/loadout -> 200
#9604 GET /revival/loadout -> 200
#9605 GET /revival/loadout -> 200
#9606 GET /revival/loadout -> 200
#9607 GET /revival/loadout -> 200

* 19:07:37.189  WS <- /lobby TEXT ""
#9608 GET /revival/loadout -> 200
#9609 GET /revival/loadout -> 200
#9610 GET /revival/loadout -> 200
#9611 GET /revival/loadout -> 200
#9612 GET /revival/loadout -> 200
#9613 GET /revival/loadout -> 200
#9614 GET /revival/loadout -> 200
#9615 GET /revival/loadout -> 200
#9616 GET /revival/loadout -> 200
#9617 GET /revival/loadout -> 200
#9618 GET /revival/loadout -> 200
#9619 GET /revival/loadout -> 200
#9620 GET /revival/loadout -> 200
#9621 GET /revival/loadout -> 200
#9622 GET /revival/loadout -> 200
#9623 GET /revival/loadout -> 200
#9624 GET /revival/loadout -> 200
#9625 GET /revival/loadout -> 200
#9626 GET /revival/loadout -> 200
#9627 GET /revival/loadout -> 200
#9628 GET /revival/loadout -> 200
#9629 GET /revival/loadout -> 200
#9630 GET /revival/loadout -> 200
#9631 GET /revival/loadout -> 200
#9632 GET /revival/loadout -> 200
#9633 GET /revival/loadout -> 200
#9634 GET /revival/loadout -> 200
#9635 GET /revival/loadout -> 200
#9636 GET /revival/loadout -> 200
#9637 GET /revival/loadout -> 200
#9638 GET /revival/loadout -> 200
#9639 GET /revival/loadout -> 200
#9640 GET /revival/loadout -> 200
#9641 GET /revival/loadout -> 200
#9642 GET /revival/loadout -> 200
#9643 GET /revival/loadout -> 200
#9644 GET /revival/loadout -> 200
#9645 GET /revival/loadout -> 200
#9646 GET /revival/loadout -> 200
#9647 GET /revival/loadout -> 200
#9648 GET /revival/loadout -> 200
#9649 GET /revival/loadout -> 200
#9650 GET /revival/loadout -> 200
#9651 GET /revival/loadout -> 200
#9652 GET /revival/loadout -> 200
#9653 GET /revival/loadout -> 200
#9654 GET /revival/loadout -> 200
#9655 GET /revival/loadout -> 200
#9656 GET /revival/loadout -> 200
#9657 GET /revival/loadout -> 200
#9658 GET /revival/loadout -> 200
#9659 GET /revival/loadout -> 200
#9660 GET /revival/loadout -> 200
#9661 GET /revival/loadout -> 200
#9662 GET /revival/loadout -> 200
#9663 GET /revival/loadout -> 200
#9664 GET /revival/loadout -> 200
#9665 GET /revival/loadout -> 200
#9666 GET /revival/loadout -> 200
#9667 GET /revival/loadout -> 200
#9668 GET /revival/loadout -> 200
#9669 GET /revival/loadout -> 200
#9670 GET /revival/loadout -> 200
#9671 GET /party/players/9b9d2c887e2524f918e383a895f2f1c2/voice -> 200
#9672 GET /revival/loadout -> 200
#9673 GET /revival/loadout -> 200
#9674 GET /revival/loadout -> 200
#9675 GET /revival/loadout -> 200
#9676 GET /revival/loadout -> 200
#9677 GET /revival/loadout -> 200
#9678 GET /revival/loadout -> 200
#9679 GET /revival/loadout -> 200
#9680 GET /revival/loadout -> 200
#9681 GET /revival/loadout -> 200
#9682 GET /revival/loadout -> 200
#9683 GET /revival/loadout -> 200
#9684 GET /revival/loadout -> 200
#9685 GET /revival/loadout -> 200
#9686 GET /revival/loadout -> 200

* 19:07:51.428  WS -> /notifications/players/9b9d2c887e2524f918e383a895f2f1c2 BINARY hb (proactive 30s keepalive)
#9687 GET /revival/loadout -> 200
#9688 GET /revival/loadout -> 200
#9689 GET /revival/loadout -> 200
#9690 GET /revival/loadout -> 200
#9691 GET /revival/loadout -> 200
#9692 GET /revival/loadout -> 200
#9693 GET /revival/loadout -> 200
#9694 GET /configuration/client -> 200
#9695 GET /revival/loadout -> 200
#9696 GET /content-service/manifest/release2.4.live-156430-shipping -> 200
#9697 GET /revival/loadout -> 200
#9698 GET /revival/loadout -> 200
#9699 GET /revival/loadout -> 200
#9700 GET /revival/loadout -> 200
#9701 GET /revival/loadout -> 200
#9702 GET /revival/loadout -> 200
#9703 GET /revival/loadout -> 200
#9704 GET /revival/loadout -> 200
#9705 GET /revival/loadout -> 200
#9706 GET /revival/loadout -> 200
#9707 GET /revival/loadout -> 200
#9708 GET /revival/loadout -> 200
#9709 GET /revival/loadout -> 200
#9710 GET /revival/loadout -> 200
#9711 GET /revival/loadout -> 200
#9712 GET /revival/loadout -> 200
#9713 GET /revival/loadout -> 200
#9714 GET /revival/loadout -> 200
#9715 GET /revival/loadout -> 200
#9716 GET /revival/loadout -> 200
#9717 GET /revival/loadout -> 200
#9718 GET /revival/loadout -> 200
#9719 GET /revival/loadout -> 200
#9720 GET /revival/loadout -> 200
#9721 GET /revival/loadout -> 200
#9722 GET /revival/loadout -> 200
#9723 GET /revival/loadout -> 200
#9724 POST /party/parties/party-9b9d2c887e2524f918e383a895f2f1c2/members/9b9d2c887e2524f918e383a895f2f1c2/latencies -> 200
#9725 GET /revival/loadout -> 200
#9726 GET /revival/loadout -> 200
#9727 GET /revival/loadout -> 200
#9728 GET /revival/loadout -> 200
#9729 GET /revival/loadout -> 200
#9730 GET /revival/loadout -> 200
#9731 GET /revival/loadout -> 200
#9732 GET /revival/loadout -> 200
#9733 GET /revival/loadout -> 200
#9734 GET /revival/loadout -> 200
#9735 GET /revival/loadout -> 200
#9736 GET /revival/loadout -> 200
#9737 GET /revival/loadout -> 200
#9738 GET /revival/loadout -> 200
#9739 GET /revival/loadout -> 200
#9740 GET /revival/loadout -> 200
#9741 GET /revival/loadout -> 200
#9742 GET /revival/loadout -> 200
#9743 GET /revival/loadout -> 200
#9744 GET /revival/loadout -> 200
#9745 GET /revival/loadout -> 200
#9746 GET /revival/loadout -> 200
#9747 GET /revival/loadout -> 200
#9748 GET /revival/loadout -> 200
#9749 GET /revival/loadout -> 200
#9750 GET /revival/loadout -> 200
#9751 GET /revival/loadout -> 200
#9752 GET /revival/loadout -> 200
#9753 GET /revival/loadout -> 200
#9754 GET /revival/loadout -> 200
#9755 GET /revival/loadout -> 200
#9756 GET /revival/loadout -> 200
#9757 GET /revival/loadout -> 200
#9758 GET /revival/loadout -> 200
#9759 POST /game-telemetry/v1/protected/events -> 200
#9760 GET /revival/loadout -> 200
#9761 GET /revival/loadout -> 200
#9762 GET /revival/loadout -> 200
#9763 GET /revival/loadout -> 200
#9764 GET /revival/loadout -> 200
#9765 GET /revival/loadout -> 200
#9766 GET /revival/loadout -> 200
#9767 GET /revival/loadout -> 200
#9768 GET /revival/loadout -> 200
#9769 GET /revival/loadout -> 200
#9770 GET /revival/loadout -> 200
#9771 GET /revival/loadout -> 200
#9772 GET /revival/loadout -> 200
#9773 GET /party/matchmaking/info -> 200
#9774 GET /mailbox/config/version -> 200
#9775 GET /revival/loadout -> 200
#9776 GET /revival/loadout -> 200
#9777 GET /revival/loadout -> 200
#9778 GET /revival/loadout -> 200
#9779 GET /revival/loadout -> 200

* 19:08:07.206  WS <- /lobby TEXT ""
#9780 GET /revival/loadout -> 200
#9781 GET /revival/loadout -> 200
#9782 GET /revival/loadout -> 200
#9783 GET /revival/loadout -> 200
#9784 GET /revival/loadout -> 200
#9785 GET /revival/loadout -> 200
#9786 GET /revival/loadout -> 200
#9787 GET /revival/loadout -> 200
#9788 GET /revival/loadout -> 200
#9789 GET /revival/loadout -> 200
#9790 GET /revival/loadout -> 200
#9791 GET /revival/loadout -> 200
#9792 GET /revival/loadout -> 200
#9793 GET /revival/loadout -> 200
#9794 GET /revival/loadout -> 200
#9795 GET /revival/loadout -> 200
#9796 GET /revival/loadout -> 200
#9797 GET /revival/loadout -> 200
#9798 GET /revival/loadout -> 200
#9799 GET /revival/loadout -> 200
#9800 GET /revival/loadout -> 200
#9801 GET /revival/loadout -> 200
#9802 GET /revival/loadout -> 200
#9803 GET /revival/loadout -> 200
#9804 GET /revival/loadout -> 200
#9805 GET /revival/loadout -> 200
#9806 GET /revival/loadout -> 200
#9807 GET /revival/loadout -> 200
#9808 GET /revival/loadout -> 200
#9809 GET /revival/loadout -> 200
#9810 GET /revival/loadout -> 200
#9811 GET /revival/loadout -> 200
#9812 GET /revival/loadout -> 200
#9813 GET /revival/loadout -> 200
#9814 GET /revival/loadout -> 200
#9815 GET /revival/loadout -> 200
#9816 GET /revival/loadout -> 200
#9817 GET /revival/loadout -> 200
#9818 GET /revival/loadout -> 200
#9819 GET /revival/loadout -> 200
#9820 GET /revival/loadout -> 200
#9821 GET /revival/loadout -> 200
#9822 GET /revival/loadout -> 200
#9823 GET /revival/loadout -> 200
#9824 GET /revival/loadout -> 200
#9825 GET /revival/loadout -> 200
#9826 GET /revival/loadout -> 200
#9827 GET /revival/loadout -> 200
#9828 GET /revival/loadout -> 200
#9829 GET /revival/loadout -> 200

* 19:08:16.315  WS <- /notifications/players/9b9d2c887e2524f918e383a895f2f1c2 BINARY (2 bytes) 6862

* 19:08:16.365  WS -> /notifications/players/9b9d2c887e2524f918e383a895f2f1c2 TEXT hb reply {"Resource":"hb","Version":0,"Payload":""}
#9830 GET /revival/loadout -> 200
#9831 GET /revival/loadout -> 200
#9832 GET /revival/loadout -> 200
#9833 GET /revival/loadout -> 200
#9834 GET /revival/loadout -> 200
#9835 GET /revival/loadout -> 200
#9836 GET /revival/loadout -> 200
#9837 GET /revival/loadout -> 200
#9838 GET /revival/loadout -> 200
#9839 GET /revival/loadout -> 200
#9840 GET /revival/loadout -> 200
#9841 GET /revival/loadout -> 200
#9842 GET /revival/loadout -> 200
#9843 GET /revival/loadout -> 200
#9844 GET /party/players/9b9d2c887e2524f918e383a895f2f1c2/voice -> 200
#9845 GET /revival/loadout -> 200
#9846 GET /revival/loadout -> 200
#9847 GET /revival/loadout -> 200
#9848 GET /revival/loadout -> 200
#9849 GET /revival/loadout -> 200
#9850 GET /revival/loadout -> 200
#9851 GET /revival/loadout -> 200
#9852 GET /revival/loadout -> 200
#9853 GET /revival/loadout -> 200
#9854 GET /revival/loadout -> 200
#9855 GET /revival/loadout -> 200
#9856 GET /revival/loadout -> 200
#9857 GET /revival/loadout -> 200
#9858 GET /revival/loadout -> 200
#9859 GET /revival/loadout -> 200
#9860 GET /revival/loadout -> 200
#9861 GET /revival/loadout -> 200
#9862 GET /revival/loadout -> 200
#9863 GET /revival/loadout -> 200
#9864 GET /revival/loadout -> 200
#9865 GET /configuration/client -> 200
#9866 GET /revival/loadout -> 200
#9867 GET /revival/loadout -> 200
#9868 GET /content-service/manifest/release2.4.live-156430-shipping -> 200
#9869 GET /revival/loadout -> 200
#9870 GET /revival/loadout -> 200
#9871 GET /revival/loadout -> 200
#9872 GET /revival/loadout -> 200
#9873 GET /revival/loadout -> 200
#9874 GET /revival/loadout -> 200
#9875 GET /revival/loadout -> 200
#9876 GET /revival/loadout -> 200
#9877 GET /revival/loadout -> 200
#9878 GET /revival/loadout -> 200
#9879 GET /revival/loadout -> 200
#9880 GET /revival/loadout -> 200
#9881 GET /revival/loadout -> 200
#9882 GET /revival/loadout -> 200
#9883 GET /revival/loadout -> 200
#9884 GET /revival/loadout -> 200
#9885 GET /revival/loadout -> 200
#9886 GET /revival/loadout -> 200
#9887 GET /revival/loadout -> 200
#9888 GET /revival/loadout -> 200
#9889 GET /revival/loadout -> 200
#9890 GET /revival/loadout -> 200
#9891 GET /revival/loadout -> 200
#9892 GET /revival/loadout -> 200
#9893 GET /revival/loadout -> 200
#9894 GET /revival/loadout -> 200
#9895 GET /revival/loadout -> 200
#9896 POST /party/parties/party-9b9d2c887e2524f918e383a895f2f1c2/members/9b9d2c887e2524f918e383a895f2f1c2/latencies -> 200
#9897 GET /revival/loadout -> 200
#9898 GET /revival/loadout -> 200
#9899 GET /revival/loadout -> 200
#9900 GET /revival/loadout -> 200
#9901 GET /revival/loadout -> 200
#9902 GET /revival/loadout -> 200
#9903 GET /revival/loadout -> 200
#9904 GET /revival/loadout -> 200
#9905 GET /revival/loadout -> 200
#9906 GET /revival/loadout -> 200
#9907 GET /revival/loadout -> 200
#9908 GET /revival/loadout -> 200
#9909 GET /revival/loadout -> 200
#9910 GET /revival/loadout -> 200
#9911 GET /revival/loadout -> 200
#9912 GET /revival/loadout -> 200
#9913 GET /revival/loadout -> 200
#9914 GET /revival/loadout -> 200
#9915 GET /revival/loadout -> 200
#9916 GET /revival/loadout -> 200
#9917 GET /revival/loadout -> 200
#9918 GET /revival/loadout -> 200
#9919 GET /revival/loadout -> 200
#9920 GET /revival/loadout -> 200
#9921 GET /revival/loadout -> 200
#9922 GET /revival/loadout -> 200
#9923 GET /revival/loadout -> 200
#9924 GET /revival/loadout -> 200
#9925 GET /revival/loadout -> 200
#9926 GET /revival/loadout -> 200
#9927 GET /revival/loadout -> 200
#9928 GET /revival/loadout -> 200
#9929 GET /revival/loadout -> 200
#9930 GET /revival/loadout -> 200
#9931 GET /revival/loadout -> 200
#9932 GET /revival/loadout -> 200
#9933 GET /revival/loadout -> 200
#9934 GET /revival/loadout -> 200
#9935 GET /revival/loadout -> 200
#9936 GET /revival/loadout -> 200
#9937 GET /revival/loadout -> 200
#9938 GET /revival/loadout -> 200
#9939 GET /revival/loadout -> 200
#9940 GET /revival/loadout -> 200
#9941 GET /revival/loadout -> 200
#9942 GET /revival/loadout -> 200
#9943 GET /party/matchmaking/info -> 200
#9944 GET /core-game/regions -> 200
#9945 GET /revival/loadout -> 200
#9946 GET /revival/loadout -> 200
#9947 GET /revival/loadout -> 200
#9948 GET /revival/loadout -> 200
#9949 GET /revival/loadout -> 200

* 19:08:37.200  WS <- /lobby TEXT ""
#9950 GET /revival/loadout -> 200
#9951 GET /revival/loadout -> 200
#9952 GET /revival/loadout -> 200
#9953 GET /revival/loadout -> 200
#9954 GET /revival/loadout -> 200
#9955 GET /revival/loadout -> 200
#9956 GET /revival/loadout -> 200
#9957 GET /revival/loadout -> 200
#9958 GET /revival/loadout -> 200
#9959 GET /revival/loadout -> 200
#9960 GET /revival/loadout -> 200
#9961 GET /revival/loadout -> 200
#9962 GET /revival/loadout -> 200
#9963 GET /revival/loadout -> 200
#9964 GET /revival/loadout -> 200
#9965 GET /revival/loadout -> 200
#9966 GET /revival/loadout -> 200
#9967 GET /revival/loadout -> 200
#9968 GET /revival/loadout -> 200
#9969 GET /revival/loadout -> 200
#9970 GET /revival/loadout -> 200
#9971 GET /revival/loadout -> 200
#9972 GET /revival/loadout -> 200
#9973 GET /revival/loadout -> 200
#9974 GET /revival/loadout -> 200
#9975 GET /revival/loadout -> 200
#9976 GET /revival/loadout -> 200
#9977 GET /revival/loadout -> 200
#9978 GET /revival/loadout -> 200
#9979 GET /revival/loadout -> 200
#9980 GET /revival/loadout -> 200
#9981 GET /revival/loadout -> 200
#9982 GET /revival/loadout -> 200
#9983 GET /revival/loadout -> 200
#9984 GET /revival/loadout -> 200
#9985 GET /revival/loadout -> 200
#9986 GET /revival/loadout -> 200
#9987 GET /revival/loadout -> 200
#9988 GET /revival/loadout -> 200
#9989 GET /revival/loadout -> 200
#9990 GET /revival/loadout -> 200
#9991 GET /revival/loadout -> 200
#9992 GET /revival/loadout -> 200
#9993 GET /revival/loadout -> 200
#9994 GET /revival/loadout -> 200
#9995 GET /revival/loadout -> 200
#9996 GET /revival/loadout -> 200
#9997 GET /revival/loadout -> 200
#9998 GET /revival/loadout -> 200
#9999 GET /revival/loadout -> 200

* 19:08:46.432  WS -> /notifications/players/9b9d2c887e2524f918e383a895f2f1c2 BINARY hb (proactive 30s keepalive)
#10000 GET /revival/loadout -> 200
#10001 GET /revival/loadout -> 200
#10002 GET /revival/loadout -> 200
#10003 GET /revival/loadout -> 200
#10004 GET /revival/loadout -> 200
#10005 GET /revival/loadout -> 200
#10006 GET /revival/loadout -> 200
#10007 GET /revival/loadout -> 200
#10008 GET /revival/loadout -> 200
#10009 GET /revival/loadout -> 200
#10010 GET /revival/loadout -> 200
#10011 GET /revival/loadout -> 200
#10012 GET /revival/loadout -> 200
#10013 GET /revival/loadout -> 200
#10014 GET /revival/loadout -> 200
#10015 GET /revival/loadout -> 200
#10016 GET /party/players/9b9d2c887e2524f918e383a895f2f1c2/voice -> 200
#10017 GET /revival/loadout -> 200
#10018 GET /revival/loadout -> 200
#10019 GET /revival/loadout -> 200
#10020 GET /revival/loadout -> 200
#10021 GET /revival/loadout -> 200
#10022 GET /revival/loadout -> 200
#10023 GET /revival/loadout -> 200
#10024 GET /revival/loadout -> 200
#10025 GET /revival/loadout -> 200
#10026 GET /revival/loadout -> 200
#10027 GET /revival/loadout -> 200
#10028 GET /revival/loadout -> 200
#10029 GET /revival/loadout -> 200
#10030 GET /revival/loadout -> 200
#10031 GET /revival/loadout -> 200
#10032 GET /revival/loadout -> 200
#10033 GET /revival/loadout -> 200
#10034 GET /revival/loadout -> 200
#10035 GET /configuration/client -> 200
#10036 GET /revival/loadout -> 200
#10037 GET /revival/loadout -> 200
#10038 GET /content-service/manifest/release2.4.live-156430-shipping -> 200
#10039 GET /revival/loadout -> 200
#10040 GET /revival/loadout -> 200
#10041 GET /revival/loadout -> 200
#10042 GET /revival/loadout -> 200
#10043 GET /revival/loadout -> 200
#10044 GET /revival/loadout -> 200
#10045 GET /revival/loadout -> 200
#10046 GET /revival/loadout -> 200
#10047 GET /revival/loadout -> 200
#10048 GET /revival/loadout -> 200
#10049 GET /revival/loadout -> 200
#10050 GET /revival/loadout -> 200
#10051 GET /revival/loadout -> 200
#10052 GET /revival/loadout -> 200
#10053 GET /revival/loadout -> 200
#10054 GET /revival/loadout -> 200
#10055 GET /revival/loadout -> 200
#10056 GET /revival/loadout -> 200
#10057 GET /revival/loadout -> 200
#10058 GET /revival/loadout -> 200
#10059 GET /revival/loadout -> 200
#10060 GET /revival/loadout -> 200
#10061 GET /revival/loadout -> 200
#10062 GET /revival/loadout -> 200
#10063 GET /revival/loadout -> 200
#10064 GET /revival/loadout -> 200
#10065 GET /revival/loadout -> 200
#10066 GET /revival/loadout -> 200
#10067 POST /party/parties/party-9b9d2c887e2524f918e383a895f2f1c2/members/9b9d2c887e2524f918e383a895f2f1c2/latencies -> 200
#10068 GET /revival/loadout -> 200
#10069 GET /revival/loadout -> 200
#10070 GET /revival/loadout -> 200
#10071 GET /revival/loadout -> 200
#10072 GET /revival/loadout -> 200
#10073 GET /revival/loadout -> 200
#10074 GET /revival/loadout -> 200
#10075 GET /revival/loadout -> 200
#10076 GET /revival/loadout -> 200
#10077 GET /revival/loadout -> 200
#10078 GET /revival/loadout -> 200
#10079 GET /revival/loadout -> 200
#10080 GET /revival/loadout -> 200
#10081 GET /revival/loadout -> 200
#10082 GET /revival/loadout -> 200
#10083 GET /revival/loadout -> 200
#10084 GET /revival/loadout -> 200
#10085 GET /revival/loadout -> 200
#10086 GET /revival/loadout -> 200
#10087 GET /revival/loadout -> 200
#10088 GET /revival/loadout -> 200
#10089 GET /revival/loadout -> 200
#10090 GET /revival/loadout -> 200
#10091 GET /revival/loadout -> 200
#10092 GET /revival/loadout -> 200
#10093 GET /revival/loadout -> 200
#10094 GET /revival/loadout -> 200
#10095 GET /revival/loadout -> 200
#10096 GET /revival/loadout -> 200
#10097 GET /revival/loadout -> 200
#10098 GET /revival/loadout -> 200
#10099 GET /revival/loadout -> 200
#10100 POST /game-telemetry/v1/protected/events -> 200
#10101 GET /revival/loadout -> 200
#10102 GET /revival/loadout -> 200
#10103 GET /revival/loadout -> 200
#10104 GET /revival/loadout -> 200
#10105 GET /revival/loadout -> 200
#10106 GET /revival/loadout -> 200
#10107 GET /revival/loadout -> 200
#10108 GET /revival/loadout -> 200
#10109 GET /revival/loadout -> 200
#10110 GET /revival/loadout -> 200
#10111 GET /revival/loadout -> 200
#10112 GET /revival/loadout -> 200
#10113 GET /revival/loadout -> 200
#10114 GET /party/matchmaking/info -> 200
#10115 GET /revival/loadout -> 200
#10116 GET /revival/loadout -> 200
#10117 GET /revival/loadout -> 200
#10118 GET /revival/loadout -> 200
#10119 GET /revival/loadout -> 200

* 19:09:07.190  WS <- /lobby TEXT ""
#10120 GET /revival/loadout -> 200
#10121 GET /revival/loadout -> 200
#10122 GET /revival/loadout -> 200
#10123 GET /revival/loadout -> 200
#10124 GET /revival/loadout -> 200
#10125 GET /revival/loadout -> 200
#10126 GET /revival/loadout -> 200
#10127 GET /revival/loadout -> 200
#10128 GET /revival/loadout -> 200
#10129 GET /revival/loadout -> 200
#10130 GET /revival/loadout -> 200
#10131 GET /revival/loadout -> 200
#10132 GET /revival/loadout -> 200
#10133 GET /revival/loadout -> 200
#10134 GET /revival/loadout -> 200
#10135 GET /revival/loadout -> 200
#10136 GET /revival/loadout -> 200
#10137 GET /revival/loadout -> 200
#10138 GET /revival/loadout -> 200
#10139 GET /revival/loadout -> 200
#10140 GET /revival/loadout -> 200
#10141 GET /revival/loadout -> 200
#10142 GET /revival/loadout -> 200

* 19:09:11.324  WS <- /notifications/players/9b9d2c887e2524f918e383a895f2f1c2 BINARY (2 bytes) 6862

* 19:09:11.387  WS -> /notifications/players/9b9d2c887e2524f918e383a895f2f1c2 TEXT hb reply {"Resource":"hb","Version":0,"Payload":""}
#10143 GET /revival/loadout -> 200
#10144 GET /revival/loadout -> 200
#10145 GET /revival/loadout -> 200
#10146 GET /revival/loadout -> 200
#10147 GET /revival/loadout -> 200
#10148 GET /revival/loadout -> 200
#10149 GET /revival/loadout -> 200
#10150 GET /revival/loadout -> 200
#10151 GET /revival/loadout -> 200
#10152 GET /revival/loadout -> 200
#10153 GET /revival/loadout -> 200
#10154 GET /revival/loadout -> 200
#10155 GET /revival/loadout -> 200
#10156 GET /revival/loadout -> 200
#10157 GET /revival/loadout -> 200
#10158 GET /revival/loadout -> 200
#10159 GET /revival/loadout -> 200
#10160 GET /revival/loadout -> 200
#10161 GET /revival/loadout -> 200
#10162 GET /revival/loadout -> 200
#10163 GET /revival/loadout -> 200
#10164 GET /revival/loadout -> 200
#10165 GET /revival/loadout -> 200
#10166 GET /revival/loadout -> 200
#10167 GET /revival/loadout -> 200
#10168 GET /revival/loadout -> 200
#10169 GET /revival/loadout -> 200
#10170 GET /revival/loadout -> 200
#10171 GET /revival/loadout -> 200
#10172 GET /revival/loadout -> 200
#10173 GET /revival/loadout -> 200
#10174 GET /revival/loadout -> 200
#10175 GET /revival/loadout -> 200
#10176 GET /revival/loadout -> 200
#10177 GET /revival/loadout -> 200
#10178 GET /revival/loadout -> 200
#10179 GET /revival/loadout -> 200
#10180 GET /revival/loadout -> 200
#10181 GET /revival/loadout -> 200
#10182 GET /revival/loadout -> 200
#10183 GET /revival/loadout -> 200
#10184 GET /revival/loadout -> 200
#10185 GET /revival/loadout -> 200
#10186 GET /revival/loadout -> 200
#10187 GET /revival/loadout -> 200
#10188 GET /revival/loadout -> 200
#10189 GET /party/players/9b9d2c887e2524f918e383a895f2f1c2/voice -> 200
#10190 GET /revival/loadout -> 200
#10191 GET /revival/loadout -> 200
#10192 GET /revival/loadout -> 200
#10193 GET /revival/loadout -> 200
#10194 GET /revival/loadout -> 200
#10195 GET /revival/loadout -> 200
#10196 GET /revival/loadout -> 200
#10197 GET /revival/loadout -> 200
#10198 GET /revival/loadout -> 200
#10199 GET /revival/loadout -> 200
#10200 GET /revival/loadout -> 200
#10201 GET /revival/loadout -> 200
#10202 GET /revival/loadout -> 200
#10203 GET /revival/loadout -> 200
#10204 GET /revival/loadout -> 200
#10205 GET /revival/loadout -> 200
#10206 GET /configuration/client -> 200
#10207 GET /revival/loadout -> 200
#10208 GET /content-service/manifest/release2.4.live-156430-shipping -> 200
#10209 GET /revival/loadout -> 200
#10210 GET /revival/loadout -> 200
#10211 GET /revival/loadout -> 200
#10212 GET /revival/loadout -> 200
#10213 GET /revival/loadout -> 200
#10214 GET /revival/loadout -> 200
#10215 GET /revival/loadout -> 200
#10216 GET /revival/loadout -> 200
#10217 GET /revival/loadout -> 200
#10218 GET /revival/loadout -> 200
#10219 GET /revival/loadout -> 200
#10220 GET /revival/loadout -> 200
#10221 GET /revival/loadout -> 200
#10222 GET /revival/loadout -> 200
#10223 GET /revival/loadout -> 200
#10224 GET /revival/loadout -> 200
#10225 GET /revival/loadout -> 200
#10226 GET /revival/loadout -> 200
#10227 GET /revival/loadout -> 200
#10228 GET /revival/loadout -> 200
#10229 GET /revival/loadout -> 200
#10230 GET /revival/loadout -> 200
#10231 GET /revival/loadout -> 200
#10232 GET /revival/loadout -> 200
#10233 GET /revival/loadout -> 200
#10234 GET /revival/loadout -> 200
#10235 GET /revival/loadout -> 200
#10236 GET /revival/loadout -> 200
#10237 POST /party/parties/party-9b9d2c887e2524f918e383a895f2f1c2/members/9b9d2c887e2524f918e383a895f2f1c2/latencies -> 200
#10238 GET /revival/loadout -> 200
#10239 GET /revival/loadout -> 200
#10240 GET /revival/loadout -> 200
#10241 GET /revival/loadout -> 200
#10242 GET /revival/loadout -> 200
#10243 GET /revival/loadout -> 200
#10244 GET /revival/loadout -> 200
#10245 GET /revival/loadout -> 200
#10246 GET /revival/loadout -> 200
#10247 GET /revival/loadout -> 200
#10248 GET /revival/loadout -> 200
#10249 GET /revival/loadout -> 200
#10250 GET /revival/loadout -> 200
#10251 GET /revival/loadout -> 200
#10252 GET /revival/loadout -> 200
#10253 GET /revival/loadout -> 200
#10254 GET /revival/loadout -> 200
#10255 GET /revival/loadout -> 200
#10256 GET /revival/loadout -> 200
#10257 GET /revival/loadout -> 200
#10258 GET /revival/loadout -> 200
#10259 GET /revival/loadout -> 200
#10260 GET /revival/loadout -> 200
#10261 GET /revival/loadout -> 200
#10262 GET /revival/loadout -> 200
#10263 GET /revival/loadout -> 200
#10264 GET /revival/loadout -> 200
#10265 GET /revival/loadout -> 200
#10266 GET /revival/loadout -> 200
#10267 GET /revival/loadout -> 200
#10268 GET /revival/loadout -> 200
#10269 GET /revival/loadout -> 200
#10270 GET /revival/loadout -> 200
#10271 GET /revival/loadout -> 200
#10272 GET /revival/loadout -> 200
#10273 GET /revival/loadout -> 200
#10274 GET /revival/loadout -> 200
#10275 GET /revival/loadout -> 200
#10276 GET /revival/loadout -> 200
#10277 GET /revival/loadout -> 200
#10278 GET /revival/loadout -> 200
#10279 GET /revival/loadout -> 200
#10280 GET /revival/loadout -> 200
#10281 GET /revival/loadout -> 200
#10282 GET /revival/loadout -> 200
#10283 GET /revival/loadout -> 200
#10284 GET /party/matchmaking/info -> 200
#10285 GET /core-game/regions -> 200
#10286 GET /mailbox/config/version -> 200
#10287 GET /revival/loadout -> 200
#10288 GET /revival/loadout -> 200
#10289 GET /revival/loadout -> 200
#10290 GET /revival/loadout -> 200
#10291 GET /revival/loadout -> 200

* 19:09:37.186  WS <- /lobby TEXT ""
#10292 GET /revival/loadout -> 200
#10293 GET /revival/loadout -> 200
#10294 GET /revival/loadout -> 200
#10295 GET /revival/loadout -> 200
#10296 GET /revival/loadout -> 200
#10297 GET /revival/loadout -> 200
#10298 GET /revival/loadout -> 200
#10299 GET /revival/loadout -> 200
#10300 GET /revival/loadout -> 200
#10301 GET /revival/loadout -> 200
#10302 GET /revival/loadout -> 200
#10303 GET /revival/loadout -> 200
#10304 GET /revival/loadout -> 200
#10305 GET /revival/loadout -> 200
#10306 GET /revival/loadout -> 200
#10307 GET /revival/loadout -> 200
#10308 GET /revival/loadout -> 200
#10309 GET /revival/loadout -> 200
#10310 GET /revival/loadout -> 200
#10311 GET /revival/loadout -> 200
#10312 GET /revival/loadout -> 200
#10313 GET /revival/loadout -> 200
#10314 GET /revival/loadout -> 200
#10315 GET /revival/loadout -> 200

* 19:09:41.438  WS -> /notifications/players/9b9d2c887e2524f918e383a895f2f1c2 BINARY hb (proactive 30s keepalive)
#10316 GET /revival/loadout -> 200
#10317 GET /revival/loadout -> 200
#10318 GET /revival/loadout -> 200
#10319 GET /revival/loadout -> 200
#10320 GET /revival/loadout -> 200
#10321 GET /revival/loadout -> 200
#10322 GET /revival/loadout -> 200
#10323 GET /revival/loadout -> 200
#10324 GET /revival/loadout -> 200
#10325 GET /revival/loadout -> 200
#10326 GET /revival/loadout -> 200
#10327 GET /revival/loadout -> 200
#10328 GET /revival/loadout -> 200
#10329 GET /revival/loadout -> 200
#10330 GET /revival/loadout -> 200
#10331 GET /revival/loadout -> 200
#10332 GET /revival/loadout -> 200
#10333 GET /revival/loadout -> 200
#10334 GET /revival/loadout -> 200
#10335 GET /revival/loadout -> 200
#10336 GET /revival/loadout -> 200
#10337 GET /revival/loadout -> 200
#10338 GET /revival/loadout -> 200
#10339 GET /revival/loadout -> 200
#10340 GET /revival/loadout -> 200
#10341 GET /revival/loadout -> 200
#10342 GET /revival/loadout -> 200
#10343 GET /revival/loadout -> 200
#10344 GET /revival/loadout -> 200
#10345 GET /revival/loadout -> 200
#10346 GET /revival/loadout -> 200
#10347 GET /revival/loadout -> 200
#10348 GET /revival/loadout -> 200
#10349 GET /revival/loadout -> 200
#10350 GET /revival/loadout -> 200
#10351 GET /revival/loadout -> 200
#10352 GET /revival/loadout -> 200
#10353 GET /revival/loadout -> 200
#10354 GET /revival/loadout -> 200
#10355 GET /revival/loadout -> 200
#10356 GET /revival/loadout -> 200
#10357 GET /revival/loadout -> 200
#10358 GET /revival/loadout -> 200
#10359 GET /revival/loadout -> 200
#10360 GET /revival/loadout -> 200
#10361 GET /revival/loadout -> 200
#10362 GET /revival/loadout -> 200
#10363 GET /revival/loadout -> 200
#10364 GET /revival/loadout -> 200
#10365 GET /party/players/9b9d2c887e2524f918e383a895f2f1c2/voice -> 200
#10366 GET /revival/loadout -> 200
#10367 GET /revival/loadout -> 200
#10368 GET /revival/loadout -> 200
#10369 GET /revival/loadout -> 200
#10370 GET /revival/loadout -> 200
#10371 GET /revival/loadout -> 200
#10372 GET /revival/loadout -> 200
#10373 GET /revival/loadout -> 200
#10374 GET /revival/loadout -> 200
#10375 GET /revival/loadout -> 200
#10376 GET /revival/loadout -> 200
#10377 GET /revival/loadout -> 200
#10378 GET /revival/loadout -> 200
#10379 GET /configuration/client -> 200
#10380 GET /revival/loadout -> 200
#10381 GET /revival/loadout -> 200
#10382 GET /content-service/manifest/release2.4.live-156430-shipping -> 200
#10383 GET /revival/loadout -> 200
#10384 GET /revival/loadout -> 200
#10385 GET /revival/loadout -> 200
#10386 GET /revival/loadout -> 200
#10387 GET /revival/loadout -> 200
#10388 GET /revival/loadout -> 200
#10389 GET /revival/loadout -> 200
#10390 GET /revival/loadout -> 200
#10391 GET /revival/loadout -> 200
#10392 GET /revival/loadout -> 200
#10393 GET /revival/loadout -> 200
#10394 GET /revival/loadout -> 200
#10395 GET /revival/loadout -> 200
#10396 GET /revival/loadout -> 200
#10397 GET /revival/loadout -> 200
#10398 GET /revival/loadout -> 200
#10399 GET /revival/loadout -> 200
#10400 GET /revival/loadout -> 200
#10401 GET /revival/loadout -> 200
#10402 GET /revival/loadout -> 200
#10403 GET /revival/loadout -> 200
#10404 GET /revival/loadout -> 200
#10405 GET /revival/loadout -> 200
#10406 GET /revival/loadout -> 200
#10407 GET /revival/loadout -> 200
#10408 GET /revival/loadout -> 200
#10409 GET /revival/loadout -> 200
#10410 GET /revival/loadout -> 200
#10411 GET /revival/loadout -> 200
#10412 POST /party/parties/party-9b9d2c887e2524f918e383a895f2f1c2/members/9b9d2c887e2524f918e383a895f2f1c2/latencies -> 200
#10413 GET /revival/loadout -> 200
#10414 GET /revival/loadout -> 200
#10415 GET /revival/loadout -> 200
#10416 GET /revival/loadout -> 200
#10417 GET /revival/loadout -> 200
#10418 GET /revival/loadout -> 200
#10419 GET /revival/loadout -> 200
#10420 GET /revival/loadout -> 200
#10421 GET /revival/loadout -> 200
#10422 GET /revival/loadout -> 200
#10423 GET /revival/loadout -> 200
#10424 GET /revival/loadout -> 200
#10425 GET /revival/loadout -> 200
#10426 GET /revival/loadout -> 200
#10427 GET /revival/loadout -> 200
#10428 GET /revival/loadout -> 200
#10429 GET /revival/loadout -> 200
#10430 GET /revival/loadout -> 200
#10431 GET /revival/loadout -> 200
#10432 GET /revival/loadout -> 200
#10433 GET /revival/loadout -> 200
#10434 GET /revival/loadout -> 200
#10435 GET /revival/loadout -> 200
#10436 GET /revival/loadout -> 200
#10437 GET /revival/loadout -> 200
#10438 GET /revival/loadout -> 200
#10439 GET /revival/loadout -> 200
#10440 GET /revival/loadout -> 200
#10441 GET /revival/loadout -> 200
#10442 GET /revival/loadout -> 200
#10443 GET /revival/loadout -> 200
#10444 GET /revival/loadout -> 200
#10445 POST /game-telemetry/v1/protected/events -> 200
#10446 GET /revival/loadout -> 200
#10447 GET /revival/loadout -> 200
#10448 GET /revival/loadout -> 200
#10449 GET /revival/loadout -> 200
#10450 GET /revival/loadout -> 200
#10451 GET /revival/loadout -> 200
#10452 GET /revival/loadout -> 200
#10453 GET /revival/loadout -> 200
#10454 GET /revival/loadout -> 200
#10455 GET /revival/loadout -> 200
#10456 GET /revival/loadout -> 200
#10457 GET /revival/loadout -> 200
#10458 GET /revival/loadout -> 200
#10459 GET /revival/loadout -> 200
#10460 GET /party/matchmaking/info -> 200

* 19:10:06.345  WS <- /notifications/players/9b9d2c887e2524f918e383a895f2f1c2 BINARY (2 bytes) 6862

* 19:10:06.391  WS -> /notifications/players/9b9d2c887e2524f918e383a895f2f1c2 TEXT hb reply {"Resource":"hb","Version":0,"Payload":""}
#10461 GET /revival/loadout -> 200
#10462 GET /revival/loadout -> 200
#10463 GET /revival/loadout -> 200
#10464 GET /revival/loadout -> 200
#10465 GET /revival/loadout -> 200

* 19:10:07.220  WS <- /lobby TEXT ""
#10466 GET /revival/loadout -> 200
#10467 GET /revival/loadout -> 200
#10468 GET /revival/loadout -> 200
#10469 GET /revival/loadout -> 200
#10470 GET /revival/loadout -> 200
#10471 GET /revival/loadout -> 200
#10472 GET /revival/loadout -> 200
#10473 GET /revival/loadout -> 200
#10474 GET /revival/loadout -> 200
#10475 GET /revival/loadout -> 200
#10476 GET /revival/loadout -> 200
#10477 GET /revival/loadout -> 200
#10478 GET /revival/loadout -> 200
#10479 GET /revival/loadout -> 200
#10480 GET /revival/loadout -> 200
#10481 GET /revival/loadout -> 200
#10482 GET /revival/loadout -> 200
#10483 GET /revival/loadout -> 200
#10484 GET /revival/loadout -> 200
#10485 GET /revival/loadout -> 200
#10486 GET /revival/loadout -> 200
#10487 GET /revival/loadout -> 200
#10488 GET /revival/loadout -> 200
#10489 GET /revival/loadout -> 200
#10490 GET /revival/loadout -> 200
#10491 GET /revival/loadout -> 200
#10492 GET /revival/loadout -> 200
#10493 GET /revival/loadout -> 200
#10494 GET /revival/loadout -> 200
#10495 GET /revival/loadout -> 200
#10496 GET /revival/loadout -> 200
#10497 GET /revival/loadout -> 200
#10498 GET /revival/loadout -> 200
#10499 GET /revival/loadout -> 200
#10500 GET /revival/loadout -> 200
#10501 GET /revival/loadout -> 200
#10502 GET /revival/loadout -> 200
#10503 GET /revival/loadout -> 200
#10504 GET /revival/loadout -> 200
#10505 GET /revival/loadout -> 200
#10506 GET /revival/loadout -> 200
#10507 GET /revival/loadout -> 200
#10508 GET /revival/loadout -> 200
#10509 GET /revival/loadout -> 200
#10510 GET /revival/loadout -> 200
#10511 GET /revival/loadout -> 200
#10512 GET /revival/loadout -> 200
#10513 GET /revival/loadout -> 200
#10514 GET /revival/loadout -> 200
#10515 GET /revival/loadout -> 200
#10516 GET /revival/loadout -> 200
#10517 GET /revival/loadout -> 200
#10518 GET /revival/loadout -> 200
#10519 GET /revival/loadout -> 200
#10520 GET /revival/loadout -> 200
#10521 GET /revival/loadout -> 200
#10522 GET /revival/loadout -> 200
#10523 GET /revival/loadout -> 200
#10524 GET /revival/loadout -> 200
#10525 GET /revival/loadout -> 200
#10526 GET /revival/loadout -> 200
#10527 GET /revival/loadout -> 200
#10528 GET /revival/loadout -> 200
#10529 GET /revival/loadout -> 200
#10530 GET /revival/loadout -> 200
#10531 GET /revival/loadout -> 200
#10532 GET /revival/loadout -> 200
#10533 GET /revival/loadout -> 200
#10534 GET /revival/loadout -> 200
#10535 GET /revival/loadout -> 200
#10536 GET /revival/loadout -> 200
#10537 GET /revival/loadout -> 200
#10538 GET /revival/loadout -> 200
#10539 GET /revival/loadout -> 200
#10540 GET /party/players/9b9d2c887e2524f918e383a895f2f1c2/voice -> 200
#10541 GET /revival/loadout -> 200
#10542 GET /revival/loadout -> 200
#10543 GET /revival/loadout -> 200
#10544 GET /revival/loadout -> 200
#10545 GET /revival/loadout -> 200
#10546 GET /revival/loadout -> 200
#10547 GET /revival/loadout -> 200
#10548 GET /revival/loadout -> 200
#10549 GET /revival/loadout -> 200
#10550 GET /revival/loadout -> 200
#10551 GET /revival/loadout -> 200
#10552 GET /revival/loadout -> 200
#10553 GET /configuration/client -> 200
#10554 GET /revival/loadout -> 200
#10555 GET /content-service/manifest/release2.4.live-156430-shipping -> 200
#10556 GET /revival/loadout -> 200
#10557 GET /revival/loadout -> 200
#10558 GET /revival/loadout -> 200
#10559 GET /revival/loadout -> 200
#10560 GET /revival/loadout -> 200
#10561 GET /revival/loadout -> 200
#10562 GET /revival/loadout -> 200
#10563 GET /revival/loadout -> 200
#10564 GET /revival/loadout -> 200
#10565 GET /revival/loadout -> 200
#10566 GET /revival/loadout -> 200
#10567 GET /revival/loadout -> 200
#10568 GET /revival/loadout -> 200
#10569 GET /revival/loadout -> 200
#10570 GET /revival/loadout -> 200
#10571 GET /revival/loadout -> 200
#10572 GET /revival/loadout -> 200
#10573 GET /revival/loadout -> 200
#10574 GET /revival/loadout -> 200
#10575 GET /revival/loadout -> 200
#10576 GET /revival/loadout -> 200
#10577 GET /revival/loadout -> 200
#10578 GET /revival/loadout -> 200
#10579 GET /revival/loadout -> 200
#10580 GET /revival/loadout -> 200
#10581 GET /revival/loadout -> 200
#10582 GET /revival/loadout -> 200
#10583 GET /revival/loadout -> 200
#10584 GET /revival/loadout -> 200
#10585 GET /revival/loadout -> 200
#10586 GET /revival/loadout -> 200
#10587 POST /party/parties/party-9b9d2c887e2524f918e383a895f2f1c2/members/9b9d2c887e2524f918e383a895f2f1c2/latencies -> 200
#10588 GET /revival/loadout -> 200
#10589 GET /revival/loadout -> 200
#10590 GET /revival/loadout -> 200
#10591 GET /revival/loadout -> 200
#10592 GET /revival/loadout -> 200
#10593 GET /revival/loadout -> 200
#10594 GET /revival/loadout -> 200
#10595 GET /revival/loadout -> 200
#10596 GET /revival/loadout -> 200
#10597 GET /revival/loadout -> 200
#10598 GET /revival/loadout -> 200
#10599 GET /revival/loadout -> 200
#10600 GET /revival/loadout -> 200
#10601 GET /revival/loadout -> 200
#10602 GET /revival/loadout -> 200
#10603 GET /revival/loadout -> 200
#10604 GET /revival/loadout -> 200
#10605 GET /revival/loadout -> 200
#10606 GET /revival/loadout -> 200
#10607 GET /revival/loadout -> 200
#10608 GET /revival/loadout -> 200
#10609 GET /revival/loadout -> 200
#10610 GET /revival/loadout -> 200
#10611 GET /revival/loadout -> 200
#10612 GET /revival/loadout -> 200
#10613 GET /revival/loadout -> 200
#10614 GET /revival/loadout -> 200
#10615 GET /revival/loadout -> 200
#10616 GET /revival/loadout -> 200
#10617 GET /revival/loadout -> 200
#10618 GET /revival/loadout -> 200
#10619 GET /revival/loadout -> 200
#10620 GET /revival/loadout -> 200
#10621 GET /revival/loadout -> 200
#10622 GET /revival/loadout -> 200
#10623 GET /revival/loadout -> 200
#10624 GET /revival/loadout -> 200
#10625 GET /revival/loadout -> 200
#10626 GET /revival/loadout -> 200
#10627 GET /revival/loadout -> 200
#10628 GET /revival/loadout -> 200
#10629 GET /revival/loadout -> 200
#10630 GET /revival/loadout -> 200
#10631 GET /revival/loadout -> 200
#10632 GET /revival/loadout -> 200
#10633 GET /party/matchmaking/info -> 200
#10634 GET /core-game/regions -> 200

* 19:10:36.432  WS -> /notifications/players/9b9d2c887e2524f918e383a895f2f1c2 BINARY hb (proactive 30s keepalive)
#10635 GET /revival/loadout -> 200
#10636 GET /revival/loadout -> 200
#10637 GET /revival/loadout -> 200
#10638 GET /revival/loadout -> 200
#10639 GET /revival/loadout -> 200

* 19:10:37.229  WS <- /lobby TEXT ""
#10640 GET /revival/loadout -> 200
#10641 GET /revival/loadout -> 200
#10642 GET /revival/loadout -> 200
#10643 GET /revival/loadout -> 200
#10644 GET /revival/loadout -> 200
#10645 GET /revival/loadout -> 200
#10646 GET /revival/loadout -> 200
#10647 GET /revival/loadout -> 200
#10648 GET /revival/loadout -> 200
#10649 GET /revival/loadout -> 200
#10650 GET /revival/loadout -> 200
#10651 GET /revival/loadout -> 200
#10652 GET /revival/loadout -> 200
#10653 GET /revival/loadout -> 200
#10654 GET /revival/loadout -> 200
#10655 GET /revival/loadout -> 200
#10656 GET /revival/loadout -> 200
#10657 GET /revival/loadout -> 200
#10658 GET /revival/loadout -> 200
#10659 GET /revival/loadout -> 200
#10660 GET /revival/loadout -> 200
#10661 GET /revival/loadout -> 200
#10662 GET /revival/loadout -> 200
#10663 GET /revival/loadout -> 200
#10664 GET /revival/loadout -> 200
#10665 GET /revival/loadout -> 200
#10666 GET /revival/loadout -> 200
#10667 GET /revival/loadout -> 200
#10668 GET /revival/loadout -> 200
#10669 GET /revival/loadout -> 200
#10670 GET /revival/loadout -> 200
#10671 GET /revival/loadout -> 200
#10672 GET /revival/loadout -> 200
#10673 GET /revival/loadout -> 200
#10674 GET /revival/loadout -> 200
#10675 GET /revival/loadout -> 200
#10676 GET /revival/loadout -> 200
#10677 GET /revival/loadout -> 200
#10678 GET /revival/loadout -> 200
#10679 GET /revival/loadout -> 200
#10680 GET /revival/loadout -> 200
#10681 GET /revival/loadout -> 200
#10682 GET /revival/loadout -> 200
#10683 GET /revival/loadout -> 200
#10684 GET /revival/loadout -> 200
#10685 GET /revival/loadout -> 200
#10686 GET /revival/loadout -> 200
#10687 GET /revival/loadout -> 200
#10688 GET /revival/loadout -> 200
#10689 GET /revival/loadout -> 200
#10690 GET /revival/loadout -> 200
#10691 GET /revival/loadout -> 200
#10692 GET /revival/loadout -> 200
#10693 GET /revival/loadout -> 200
#10694 GET /revival/loadout -> 200
#10695 GET /revival/loadout -> 200
#10696 GET /revival/loadout -> 200
#10697 GET /revival/loadout -> 200
#10698 GET /revival/loadout -> 200
#10699 GET /revival/loadout -> 200
#10700 GET /revival/loadout -> 200
#10701 GET /revival/loadout -> 200
#10702 GET /revival/loadout -> 200
#10703 GET /revival/loadout -> 200
#10704 GET /revival/loadout -> 200
#10705 GET /revival/loadout -> 200
#10706 GET /revival/loadout -> 200
#10707 GET /revival/loadout -> 200
#10708 GET /revival/loadout -> 200
#10709 GET /revival/loadout -> 200
#10710 GET /revival/loadout -> 200
#10711 GET /revival/loadout -> 200
#10712 GET /revival/loadout -> 200
#10713 GET /revival/loadout -> 200
#10714 GET /revival/loadout -> 200
#10715 GET /revival/loadout -> 200
#10716 GET /party/players/9b9d2c887e2524f918e383a895f2f1c2/voice -> 200
#10717 GET /revival/loadout -> 200
#10718 GET /revival/loadout -> 200
#10719 GET /revival/loadout -> 200
#10720 GET /revival/loadout -> 200
#10721 GET /revival/loadout -> 200
#10722 GET /revival/loadout -> 200
#10723 GET /revival/loadout -> 200
#10724 GET /revival/loadout -> 200
#10725 GET /revival/loadout -> 200
#10726 GET /revival/loadout -> 200
#10727 GET /revival/loadout -> 200
#10728 GET /configuration/client -> 200
#10729 GET /revival/loadout -> 200
#10730 GET /content-service/manifest/release2.4.live-156430-shipping -> 200
#10731 GET /revival/loadout -> 200
#10732 GET /revival/loadout -> 200
#10733 GET /revival/loadout -> 200
#10734 GET /revival/loadout -> 200
#10735 GET /revival/loadout -> 200
#10736 GET /revival/loadout -> 200
#10737 GET /revival/loadout -> 200
#10738 GET /revival/loadout -> 200
#10739 GET /revival/loadout -> 200
#10740 GET /revival/loadout -> 200
#10741 GET /revival/loadout -> 200
#10742 GET /revival/loadout -> 200
#10743 GET /revival/loadout -> 200
#10744 GET /revival/loadout -> 200
#10745 GET /revival/loadout -> 200
#10746 GET /revival/loadout -> 200
#10747 GET /revival/loadout -> 200
#10748 GET /revival/loadout -> 200
#10749 GET /revival/loadout -> 200
#10750 GET /revival/loadout -> 200
#10751 GET /revival/loadout -> 200
#10752 GET /revival/loadout -> 200
#10753 GET /revival/loadout -> 200
#10754 GET /revival/loadout -> 200
#10755 GET /revival/loadout -> 200
#10756 GET /revival/loadout -> 200
#10757 GET /revival/loadout -> 200
#10758 GET /revival/loadout -> 200
#10759 GET /revival/loadout -> 200
#10760 GET /revival/loadout -> 200
#10761 GET /revival/loadout -> 200
#10762 GET /revival/loadout -> 200
#10763 POST /party/parties/party-9b9d2c887e2524f918e383a895f2f1c2/members/9b9d2c887e2524f918e383a895f2f1c2/latencies -> 200
#10764 GET /revival/loadout -> 200
#10765 GET /revival/loadout -> 200
#10766 GET /revival/loadout -> 200
#10767 GET /revival/loadout -> 200
#10768 GET /revival/loadout -> 200
#10769 GET /revival/loadout -> 200
#10770 GET /revival/loadout -> 200
#10771 GET /revival/loadout -> 200
#10772 GET /revival/loadout -> 200
#10773 GET /revival/loadout -> 200
#10774 GET /revival/loadout -> 200
#10775 GET /revival/loadout -> 200
#10776 GET /revival/loadout -> 200
#10777 GET /revival/loadout -> 200
#10778 GET /revival/loadout -> 200

* 19:11:01.329  WS <- /notifications/players/9b9d2c887e2524f918e383a895f2f1c2 BINARY (2 bytes) 6862
#10779 GET /revival/loadout -> 200

* 19:11:01.379  WS -> /notifications/players/9b9d2c887e2524f918e383a895f2f1c2 TEXT hb reply {"Resource":"hb","Version":0,"Payload":""}
#10780 GET /revival/loadout -> 200
#10781 GET /revival/loadout -> 200
#10782 GET /revival/loadout -> 200
#10783 GET /revival/loadout -> 200
#10784 GET /revival/loadout -> 200
#10785 GET /revival/loadout -> 200
#10786 GET /revival/loadout -> 200
#10787 GET /revival/loadout -> 200
#10788 GET /revival/loadout -> 200
#10789 GET /revival/loadout -> 200
#10790 GET /revival/loadout -> 200
#10791 GET /revival/loadout -> 200
#10792 GET /revival/loadout -> 200
#10793 GET /revival/loadout -> 200
#10794 POST /game-telemetry/v1/protected/events -> 200
#10795 GET /revival/loadout -> 200
#10796 GET /revival/loadout -> 200
#10797 GET /revival/loadout -> 200
#10798 GET /revival/loadout -> 200
#10799 GET /revival/loadout -> 200
#10800 GET /revival/loadout -> 200
#10801 GET /revival/loadout -> 200
#10802 GET /revival/loadout -> 200
#10803 GET /revival/loadout -> 200
#10804 GET /revival/loadout -> 200
#10805 GET /revival/loadout -> 200
#10806 GET /revival/loadout -> 200
#10807 GET /revival/loadout -> 200
#10808 GET /revival/loadout -> 200
#10809 GET /party/matchmaking/info -> 200
#10810 GET /mailbox/config/version -> 200
#10811 GET /revival/loadout -> 200
#10812 GET /revival/loadout -> 200
#10813 GET /revival/loadout -> 200
#10814 GET /revival/loadout -> 200
#10815 GET /revival/loadout -> 200

* 19:11:07.213  WS <- /lobby TEXT ""
#10816 GET /revival/loadout -> 200
#10817 GET /revival/loadout -> 200
#10818 GET /revival/loadout -> 200
#10819 GET /revival/loadout -> 200
#10820 GET /revival/loadout -> 200
#10821 GET /revival/loadout -> 200
#10822 GET /revival/loadout -> 200
#10823 GET /revival/loadout -> 200
#10824 GET /revival/loadout -> 200
#10825 GET /revival/loadout -> 200
#10826 GET /revival/loadout -> 200
#10827 GET /revival/loadout -> 200
#10828 GET /revival/loadout -> 200
#10829 GET /revival/loadout -> 200
#10830 GET /revival/loadout -> 200
#10831 GET /revival/loadout -> 200
#10832 GET /revival/loadout -> 200
#10833 GET /revival/loadout -> 200
#10834 GET /revival/loadout -> 200
#10835 GET /revival/loadout -> 200
#10836 GET /revival/loadout -> 200
#10837 GET /revival/loadout -> 200
#10838 GET /revival/loadout -> 200
#10839 GET /revival/loadout -> 200
#10840 GET /revival/loadout -> 200
#10841 GET /revival/loadout -> 200
#10842 GET /revival/loadout -> 200
#10843 GET /revival/loadout -> 200
#10844 GET /revival/loadout -> 200
#10845 GET /revival/loadout -> 200
#10846 GET /revival/loadout -> 200
#10847 GET /revival/loadout -> 200
#10848 GET /revival/loadout -> 200
#10849 GET /revival/loadout -> 200
#10850 GET /revival/loadout -> 200
#10851 GET /revival/loadout -> 200
#10852 GET /revival/loadout -> 200
#10853 GET /revival/loadout -> 200
#10854 GET /revival/loadout -> 200
#10855 GET /revival/loadout -> 200
#10856 GET /revival/loadout -> 200
#10857 GET /revival/loadout -> 200
#10858 GET /revival/loadout -> 200
#10859 GET /revival/loadout -> 200
#10860 GET /revival/loadout -> 200
#10861 GET /revival/loadout -> 200
#10862 GET /revival/loadout -> 200
#10863 GET /revival/loadout -> 200
#10864 GET /revival/loadout -> 200
#10865 GET /revival/loadout -> 200
#10866 GET /revival/loadout -> 200
#10867 GET /revival/loadout -> 200
#10868 GET /revival/loadout -> 200
#10869 GET /revival/loadout -> 200
#10870 GET /revival/loadout -> 200
#10871 GET /revival/loadout -> 200
#10872 GET /revival/loadout -> 200
#10873 GET /revival/loadout -> 200
#10874 GET /revival/loadout -> 200
#10875 GET /revival/loadout -> 200
#10876 GET /revival/loadout -> 200
#10877 GET /revival/loadout -> 200
#10878 GET /revival/loadout -> 200
#10879 GET /revival/loadout -> 200
#10880 GET /revival/loadout -> 200
#10881 GET /revival/loadout -> 200
#10882 GET /revival/loadout -> 200
#10883 GET /revival/loadout -> 200
#10884 GET /revival/loadout -> 200
#10885 GET /revival/loadout -> 200
#10886 GET /revival/loadout -> 200
#10887 GET /revival/loadout -> 200
#10888 GET /revival/loadout -> 200
#10889 GET /revival/loadout -> 200
#10890 GET /revival/loadout -> 200
#10891 GET /revival/loadout -> 200
#10892 GET /revival/loadout -> 200
#10893 GET /revival/loadout -> 200
#10894 GET /revival/loadout -> 200
#10895 GET /party/players/9b9d2c887e2524f918e383a895f2f1c2/voice -> 200
#10896 GET /revival/loadout -> 200
#10897 GET /revival/loadout -> 200
#10898 GET /revival/loadout -> 200
#10899 GET /revival/loadout -> 200
#10900 GET /revival/loadout -> 200
#10901 GET /revival/loadout -> 200
#10902 GET /revival/loadout -> 200
#10903 GET /revival/loadout -> 200
#10904 GET /configuration/client -> 200
#10905 GET /revival/loadout -> 200
#10906 GET /content-service/manifest/release2.4.live-156430-shipping -> 200
#10907 GET /revival/loadout -> 200
#10908 GET /revival/loadout -> 200
#10909 GET /revival/loadout -> 200
#10910 GET /revival/loadout -> 200
#10911 GET /revival/loadout -> 200
#10912 GET /revival/loadout -> 200
#10913 GET /revival/loadout -> 200
#10914 GET /revival/loadout -> 200
#10915 GET /revival/loadout -> 200
#10916 GET /revival/loadout -> 200
#10917 GET /revival/loadout -> 200
#10918 GET /revival/loadout -> 200
#10919 GET /revival/loadout -> 200
#10920 GET /revival/loadout -> 200
#10921 GET /revival/loadout -> 200
#10922 GET /revival/loadout -> 200
#10923 GET /revival/loadout -> 200
#10924 GET /revival/loadout -> 200
#10925 GET /revival/loadout -> 200
#10926 GET /revival/loadout -> 200
#10927 GET /revival/loadout -> 200
#10928 GET /revival/loadout -> 200
#10929 GET /revival/loadout -> 200
#10930 GET /revival/loadout -> 200
#10931 GET /revival/loadout -> 200
#10932 GET /revival/loadout -> 200
#10933 GET /revival/loadout -> 200
#10934 GET /revival/loadout -> 200
#10935 GET /revival/loadout -> 200
#10936 GET /revival/loadout -> 200
#10937 GET /revival/loadout -> 200
#10938 GET /revival/loadout -> 200
#10939 GET /revival/loadout -> 200
#10940 GET /revival/loadout -> 200
#10941 POST /party/parties/party-9b9d2c887e2524f918e383a895f2f1c2/members/9b9d2c887e2524f918e383a895f2f1c2/latencies -> 200
#10942 GET /revival/loadout -> 200
#10943 GET /revival/loadout -> 200
#10944 GET /revival/loadout -> 200
#10945 GET /revival/loadout -> 200
#10946 GET /revival/loadout -> 200
#10947 GET /revival/loadout -> 200
#10948 GET /revival/loadout -> 200
#10949 GET /revival/loadout -> 200
#10950 GET /revival/loadout -> 200
#10951 GET /revival/loadout -> 200
#10952 GET /revival/loadout -> 200
#10953 GET /revival/loadout -> 200
#10954 GET /revival/loadout -> 200
#10955 GET /revival/loadout -> 200
#10956 GET /revival/loadout -> 200

* 19:11:31.412  WS -> /notifications/players/9b9d2c887e2524f918e383a895f2f1c2 BINARY hb (proactive 30s keepalive)
#10957 GET /revival/loadout -> 200
#10958 GET /revival/loadout -> 200
#10959 GET /revival/loadout -> 200
#10960 GET /revival/loadout -> 200
#10961 GET /revival/loadout -> 200
#10962 GET /revival/loadout -> 200
#10963 GET /revival/loadout -> 200
#10964 GET /revival/loadout -> 200
#10965 GET /revival/loadout -> 200
#10966 GET /revival/loadout -> 200
#10967 GET /revival/loadout -> 200
#10968 GET /revival/loadout -> 200
#10969 GET /revival/loadout -> 200
#10970 GET /revival/loadout -> 200
#10971 GET /revival/loadout -> 200
#10972 GET /revival/loadout -> 200
#10973 GET /revival/loadout -> 200
#10974 GET /revival/loadout -> 200
#10975 GET /revival/loadout -> 200
#10976 GET /revival/loadout -> 200
#10977 GET /revival/loadout -> 200
#10978 GET /revival/loadout -> 200
#10979 GET /revival/loadout -> 200
#10980 GET /revival/loadout -> 200
#10981 GET /revival/loadout -> 200
#10982 GET /revival/loadout -> 200
#10983 GET /revival/loadout -> 200
#10984 GET /revival/loadout -> 200
#10985 GET /core-game/regions -> 200
#10986 GET /party/matchmaking/info -> 200
#10987 GET /revival/loadout -> 200
#10988 GET /revival/loadout -> 200
#10989 GET /revival/loadout -> 200
#10990 GET /revival/loadout -> 200
#10991 GET /revival/loadout -> 200

* 19:11:37.233  WS <- /lobby TEXT ""
#10992 GET /revival/loadout -> 200
#10993 GET /revival/loadout -> 200
#10994 GET /revival/loadout -> 200
#10995 GET /revival/loadout -> 200
#10996 GET /revival/loadout -> 200
#10997 GET /revival/loadout -> 200
#10998 GET /revival/loadout -> 200
#10999 GET /revival/loadout -> 200
#11000 GET /revival/loadout -> 200
#11001 GET /revival/loadout -> 200
#11002 GET /revival/loadout -> 200
#11003 GET /revival/loadout -> 200
#11004 GET /revival/loadout -> 200
#11005 GET /revival/loadout -> 200
#11006 GET /revival/loadout -> 200
#11007 GET /revival/loadout -> 200
#11008 GET /revival/loadout -> 200
#11009 GET /revival/loadout -> 200
#11010 GET /revival/loadout -> 200
#11011 GET /revival/loadout -> 200
#11012 GET /revival/loadout -> 200
#11013 GET /revival/loadout -> 200
#11014 GET /revival/loadout -> 200
#11015 GET /revival/loadout -> 200
#11016 GET /revival/loadout -> 200
#11017 GET /revival/loadout -> 200
#11018 GET /revival/loadout -> 200
#11019 GET /revival/loadout -> 200
#11020 GET /revival/loadout -> 200
#11021 GET /revival/loadout -> 200
#11022 GET /revival/loadout -> 200
#11023 GET /revival/loadout -> 200
#11024 GET /revival/loadout -> 200
#11025 GET /revival/loadout -> 200
#11026 GET /revival/loadout -> 200
#11027 GET /revival/loadout -> 200
#11028 GET /revival/loadout -> 200
#11029 GET /revival/loadout -> 200
#11030 GET /revival/loadout -> 200
#11031 GET /revival/loadout -> 200
#11032 GET /revival/loadout -> 200
#11033 GET /revival/loadout -> 200
#11034 GET /revival/loadout -> 200
#11035 GET /revival/loadout -> 200
#11036 GET /revival/loadout -> 200
#11037 GET /revival/loadout -> 200
#11038 GET /revival/loadout -> 200
#11039 GET /revival/loadout -> 200
#11040 GET /revival/loadout -> 200
#11041 GET /revival/loadout -> 200
#11042 GET /revival/loadout -> 200
#11043 GET /revival/loadout -> 200
#11044 GET /revival/loadout -> 200
#11045 GET /revival/loadout -> 200
#11046 GET /revival/loadout -> 200
#11047 GET /revival/loadout -> 200
#11048 GET /revival/loadout -> 200
#11049 GET /revival/loadout -> 200
#11050 GET /revival/loadout -> 200
#11051 GET /revival/loadout -> 200
#11052 GET /revival/loadout -> 200
#11053 GET /revival/loadout -> 200
#11054 GET /revival/loadout -> 200
#11055 GET /revival/loadout -> 200
#11056 GET /revival/loadout -> 200
#11057 GET /revival/loadout -> 200
#11058 GET /revival/loadout -> 200
#11059 GET /revival/loadout -> 200
#11060 GET /revival/loadout -> 200
#11061 GET /revival/loadout -> 200
#11062 GET /revival/loadout -> 200
#11063 GET /revival/loadout -> 200
#11064 GET /revival/loadout -> 200
#11065 GET /revival/loadout -> 200
#11066 GET /revival/loadout -> 200
#11067 GET /revival/loadout -> 200
#11068 GET /revival/loadout -> 200
#11069 GET /revival/loadout -> 200
#11070 GET /revival/loadout -> 200
#11071 GET /revival/loadout -> 200
#11072 GET /revival/loadout -> 200
#11073 GET /party/players/9b9d2c887e2524f918e383a895f2f1c2/voice -> 200
#11074 GET /revival/loadout -> 200
#11075 GET /revival/loadout -> 200
#11076 GET /revival/loadout -> 200
#11077 GET /revival/loadout -> 200
#11078 GET /revival/loadout -> 200
#11079 GET /revival/loadout -> 200
#11080 GET /configuration/client -> 200
#11081 GET /revival/loadout -> 200
#11082 GET /content-service/manifest/release2.4.live-156430-shipping -> 200
#11083 GET /revival/loadout -> 200
#11084 GET /revival/loadout -> 200
#11085 GET /revival/loadout -> 200
#11086 GET /revival/loadout -> 200
#11087 GET /revival/loadout -> 200
#11088 GET /revival/loadout -> 200
#11089 GET /revival/loadout -> 200
#11090 GET /revival/loadout -> 200
#11091 GET /revival/loadout -> 200
#11092 GET /revival/loadout -> 200
#11093 GET /revival/loadout -> 200
#11094 GET /revival/loadout -> 200
#11095 GET /revival/loadout -> 200
#11096 GET /revival/loadout -> 200
#11097 GET /revival/loadout -> 200
#11098 GET /revival/loadout -> 200
#11099 GET /revival/loadout -> 200
#11100 GET /revival/loadout -> 200
#11101 GET /revival/loadout -> 200
#11102 GET /revival/loadout -> 200

* 19:11:56.324  WS <- /notifications/players/9b9d2c887e2524f918e383a895f2f1c2 BINARY (2 bytes) 6862

* 19:11:56.366  WS -> /notifications/players/9b9d2c887e2524f918e383a895f2f1c2 TEXT hb reply {"Resource":"hb","Version":0,"Payload":""}
#11103 GET /revival/loadout -> 200
#11104 GET /revival/loadout -> 200
#11105 GET /revival/loadout -> 200
#11106 GET /revival/loadout -> 200
#11107 GET /revival/loadout -> 200
#11108 GET /revival/loadout -> 200
#11109 GET /revival/loadout -> 200
#11110 GET /revival/loadout -> 200
#11111 GET /revival/loadout -> 200
#11112 GET /revival/loadout -> 200
#11113 GET /revival/loadout -> 200
#11114 GET /revival/loadout -> 200
#11115 GET /revival/loadout -> 200
#11116 GET /revival/loadout -> 200
#11117 POST /party/parties/party-9b9d2c887e2524f918e383a895f2f1c2/members/9b9d2c887e2524f918e383a895f2f1c2/latencies -> 200
#11118 GET /revival/loadout -> 200
#11119 GET /revival/loadout -> 200
#11120 GET /revival/loadout -> 200
#11121 GET /revival/loadout -> 200
#11122 GET /revival/loadout -> 200
#11123 GET /revival/loadout -> 200
#11124 GET /revival/loadout -> 200
#11125 GET /revival/loadout -> 200
#11126 GET /revival/loadout -> 200
#11127 GET /revival/loadout -> 200
#11128 GET /revival/loadout -> 200
#11129 GET /revival/loadout -> 200
#11130 GET /revival/loadout -> 200
#11131 GET /revival/loadout -> 200
#11132 GET /revival/loadout -> 200
#11133 GET /revival/loadout -> 200
#11134 GET /revival/loadout -> 200
#11135 GET /revival/loadout -> 200
#11136 GET /revival/loadout -> 200
#11137 GET /revival/loadout -> 200
#11138 GET /revival/loadout -> 200
#11139 GET /revival/loadout -> 200
#11140 GET /revival/loadout -> 200
#11141 GET /revival/loadout -> 200
#11142 GET /revival/loadout -> 200
#11143 GET /revival/loadout -> 200
#11144 GET /revival/loadout -> 200
#11145 GET /revival/loadout -> 200
#11146 GET /revival/loadout -> 200
#11147 POST /game-telemetry/v1/protected/events -> 200
#11148 GET /revival/loadout -> 200
#11149 GET /revival/loadout -> 200
#11150 GET /revival/loadout -> 200
#11151 GET /revival/loadout -> 200
#11152 GET /revival/loadout -> 200
#11153 GET /revival/loadout -> 200
#11154 GET /revival/loadout -> 200
#11155 GET /revival/loadout -> 200
#11156 GET /revival/loadout -> 200
#11157 GET /revival/loadout -> 200
#11158 GET /revival/loadout -> 200
#11159 GET /revival/loadout -> 200
#11160 GET /revival/loadout -> 200
#11161 GET /party/matchmaking/info -> 200
#11162 GET /revival/loadout -> 200
#11163 GET /revival/loadout -> 200
#11164 GET /revival/loadout -> 200
#11165 GET /revival/loadout -> 200

* 19:12:07.237  WS <- /lobby TEXT ""
#11166 GET /revival/loadout -> 200
#11167 GET /revival/loadout -> 200
#11168 GET /revival/loadout -> 200
#11169 GET /revival/loadout -> 200
#11170 GET /revival/loadout -> 200
#11171 GET /revival/loadout -> 200
#11172 GET /revival/loadout -> 200
#11173 GET /revival/loadout -> 200
#11174 GET /revival/loadout -> 200
#11175 GET /revival/loadout -> 200
#11176 GET /revival/loadout -> 200
#11177 GET /revival/loadout -> 200
#11178 GET /revival/loadout -> 200
#11179 GET /revival/loadout -> 200
#11180 GET /revival/loadout -> 200
#11181 GET /revival/loadout -> 200
#11182 GET /revival/loadout -> 200
#11183 GET /revival/loadout -> 200
#11184 GET /revival/loadout -> 200
#11185 GET /revival/loadout -> 200
#11186 GET /revival/loadout -> 200
#11187 GET /revival/loadout -> 200
#11188 GET /revival/loadout -> 200
#11189 GET /revival/loadout -> 200
#11190 GET /revival/loadout -> 200
#11191 GET /revival/loadout -> 200
#11192 GET /revival/loadout -> 200
#11193 GET /revival/loadout -> 200
#11194 GET /revival/loadout -> 200
#11195 GET /revival/loadout -> 200
#11196 GET /revival/loadout -> 200
#11197 GET /revival/loadout -> 200
#11198 GET /revival/loadout -> 200
#11199 GET /revival/loadout -> 200
#11200 GET /revival/loadout -> 200
#11201 GET /revival/loadout -> 200
#11202 GET /revival/loadout -> 200
#11203 GET /revival/loadout -> 200
#11204 GET /revival/loadout -> 200
#11205 GET /revival/loadout -> 200
#11206 GET /revival/loadout -> 200
#11207 GET /revival/loadout -> 200
#11208 GET /revival/loadout -> 200
#11209 GET /revival/loadout -> 200
#11210 GET /revival/loadout -> 200
#11211 GET /revival/loadout -> 200
#11212 GET /revival/loadout -> 200
#11213 GET /revival/loadout -> 200
#11214 GET /revival/loadout -> 200
#11215 GET /revival/loadout -> 200
#11216 GET /revival/loadout -> 200
#11217 GET /revival/loadout -> 200
#11218 GET /revival/loadout -> 200
#11219 GET /revival/loadout -> 200
#11220 GET /revival/loadout -> 200
#11221 GET /revival/loadout -> 200
#11222 GET /revival/loadout -> 200
#11223 GET /revival/loadout -> 200
#11224 GET /revival/loadout -> 200
#11225 GET /revival/loadout -> 200
#11226 GET /revival/loadout -> 200
#11227 GET /revival/loadout -> 200
#11228 GET /revival/loadout -> 200
#11229 GET /revival/loadout -> 200
#11230 GET /revival/loadout -> 200
#11231 GET /revival/loadout -> 200
#11232 GET /revival/loadout -> 200
#11233 GET /revival/loadout -> 200
#11234 GET /revival/loadout -> 200
#11235 GET /revival/loadout -> 200
#11236 GET /revival/loadout -> 200
#11237 GET /revival/loadout -> 200
#11238 GET /revival/loadout -> 200
#11239 GET /revival/loadout -> 200
#11240 GET /revival/loadout -> 200
#11241 GET /revival/loadout -> 200
#11242 GET /revival/loadout -> 200
#11243 GET /revival/loadout -> 200
#11244 GET /revival/loadout -> 200
#11245 GET /revival/loadout -> 200
#11246 GET /revival/loadout -> 200
#11247 GET /party/players/9b9d2c887e2524f918e383a895f2f1c2/voice -> 200
#11248 GET /revival/loadout -> 200
#11249 GET /revival/loadout -> 200
#11250 GET /revival/loadout -> 200
#11251 GET /revival/loadout -> 200
#11252 GET /configuration/client -> 200
#11253 GET /revival/loadout -> 200
#11254 GET /content-service/manifest/release2.4.live-156430-shipping -> 200
#11255 GET /revival/loadout -> 200
#11256 GET /revival/loadout -> 200
#11257 GET /revival/loadout -> 200
#11258 GET /revival/loadout -> 200
#11259 GET /revival/loadout -> 200
#11260 GET /revival/loadout -> 200
#11261 GET /revival/loadout -> 200
#11262 GET /revival/loadout -> 200
#11263 GET /revival/loadout -> 200
#11264 GET /revival/loadout -> 200
#11265 GET /revival/loadout -> 200
#11266 GET /revival/loadout -> 200
#11267 GET /revival/loadout -> 200
#11268 GET /revival/loadout -> 200
#11269 GET /revival/loadout -> 200
#11270 GET /revival/loadout -> 200
#11271 GET /revival/loadout -> 200
#11272 GET /revival/loadout -> 200
#11273 GET /revival/loadout -> 200
#11274 GET /revival/loadout -> 200

* 19:12:26.416  WS -> /notifications/players/9b9d2c887e2524f918e383a895f2f1c2 BINARY hb (proactive 30s keepalive)
#11275 GET /revival/loadout -> 200
#11276 GET /revival/loadout -> 200
#11277 GET /revival/loadout -> 200
#11278 GET /revival/loadout -> 200
#11279 GET /revival/loadout -> 200
#11280 GET /revival/loadout -> 200
#11281 GET /revival/loadout -> 200
#11282 GET /revival/loadout -> 200
#11283 GET /revival/loadout -> 200
#11284 GET /revival/loadout -> 200
#11285 GET /revival/loadout -> 200
#11286 GET /revival/loadout -> 200
#11287 GET /revival/loadout -> 200
#11288 GET /revival/loadout -> 200
#11289 POST /party/parties/party-9b9d2c887e2524f918e383a895f2f1c2/members/9b9d2c887e2524f918e383a895f2f1c2/latencies -> 200
#11290 GET /revival/loadout -> 200
#11291 GET /revival/loadout -> 200
#11292 GET /revival/loadout -> 200
#11293 GET /revival/loadout -> 200
#11294 GET /revival/loadout -> 200
#11295 GET /revival/loadout -> 200
#11296 GET /revival/loadout -> 200
#11297 GET /revival/loadout -> 200
#11298 GET /revival/loadout -> 200
#11299 GET /revival/loadout -> 200
#11300 GET /revival/loadout -> 200
#11301 GET /revival/loadout -> 200
#11302 GET /revival/loadout -> 200
#11303 GET /revival/loadout -> 200
#11304 GET /revival/loadout -> 200
#11305 GET /revival/loadout -> 200
#11306 GET /revival/loadout -> 200
#11307 GET /revival/loadout -> 200
#11308 GET /revival/loadout -> 200
#11309 GET /revival/loadout -> 200
#11310 GET /revival/loadout -> 200
#11311 GET /revival/loadout -> 200
#11312 GET /revival/loadout -> 200
#11313 GET /revival/loadout -> 200
#11314 GET /revival/loadout -> 200
#11315 GET /revival/loadout -> 200
#11316 GET /revival/loadout -> 200
#11317 GET /revival/loadout -> 200
#11318 GET /revival/loadout -> 200
#11319 GET /revival/loadout -> 200
#11320 GET /revival/loadout -> 200
#11321 GET /revival/loadout -> 200
#11322 GET /revival/loadout -> 200
#11323 GET /revival/loadout -> 200
#11324 GET /revival/loadout -> 200
#11325 GET /revival/loadout -> 200
#11326 GET /revival/loadout -> 200
#11327 GET /revival/loadout -> 200
#11328 GET /revival/loadout -> 200
#11329 GET /revival/loadout -> 200
#11330 GET /mailbox/config/version -> 200
#11331 GET /storefront/heroes -> 200
#11332 GET /core-game/regions -> 200
#11333 GET /party/matchmaking/info -> 200
#11334 GET /revival/loadout -> 200
#11335 GET /revival/loadout -> 200
#11336 GET /revival/loadout -> 200
#11337 GET /revival/loadout -> 200
#11338 GET /revival/loadout -> 200

* 19:12:37.248  WS <- /lobby TEXT ""
#11339 GET /revival/loadout -> 200
#11340 GET /revival/loadout -> 200
#11341 GET /revival/loadout -> 200
#11342 GET /revival/loadout -> 200
#11343 GET /revival/loadout -> 200
#11344 GET /revival/loadout -> 200
#11345 GET /revival/loadout -> 200
#11346 GET /revival/loadout -> 200
#11347 GET /revival/loadout -> 200
#11348 GET /revival/loadout -> 200
#11349 GET /revival/loadout -> 200
#11350 GET /revival/loadout -> 200
#11351 GET /revival/loadout -> 200
#11352 GET /revival/loadout -> 200
#11353 GET /revival/loadout -> 200
#11354 GET /revival/loadout -> 200
#11355 GET /revival/loadout -> 200
#11356 GET /revival/loadout -> 200
#11357 GET /revival/loadout -> 200
#11358 GET /revival/loadout -> 200
#11359 GET /revival/loadout -> 200
#11360 GET /revival/loadout -> 200
#11361 GET /revival/loadout -> 200
#11362 GET /revival/loadout -> 200
#11363 GET /revival/loadout -> 200
#11364 GET /revival/loadout -> 200
#11365 GET /revival/loadout -> 200
#11366 GET /revival/loadout -> 200
#11367 GET /revival/loadout -> 200
#11368 GET /revival/loadout -> 200
#11369 GET /revival/loadout -> 200
#11370 GET /revival/loadout -> 200
#11371 GET /revival/loadout -> 200
#11372 GET /revival/loadout -> 200
#11373 GET /revival/loadout -> 200
#11374 GET /revival/loadout -> 200
#11375 GET /revival/loadout -> 200
#11376 GET /revival/loadout -> 200
#11377 GET /revival/loadout -> 200
#11378 GET /revival/loadout -> 200
#11379 GET /revival/loadout -> 200
#11380 GET /revival/loadout -> 200
#11381 GET /revival/loadout -> 200
#11382 GET /revival/loadout -> 200
#11383 GET /revival/loadout -> 200
#11384 GET /revival/loadout -> 200
#11385 GET /revival/loadout -> 200
#11386 GET /revival/loadout -> 200
#11387 GET /revival/loadout -> 200
#11388 GET /revival/loadout -> 200
#11389 GET /revival/loadout -> 200
#11390 GET /revival/loadout -> 200
#11391 GET /revival/loadout -> 200
#11392 GET /revival/loadout -> 200
#11393 GET /revival/loadout -> 200
#11394 GET /revival/loadout -> 200
#11395 GET /revival/loadout -> 200
#11396 GET /revival/loadout -> 200
#11397 GET /revival/loadout -> 200
#11398 GET /revival/loadout -> 200
#11399 GET /revival/loadout -> 200
#11400 GET /revival/loadout -> 200
#11401 GET /revival/loadout -> 200
#11402 GET /revival/loadout -> 200
#11403 GET /revival/loadout -> 200
#11404 GET /revival/loadout -> 200
#11405 GET /revival/loadout -> 200
#11406 GET /revival/loadout -> 200
#11407 GET /revival/loadout -> 200
#11408 GET /revival/loadout -> 200
#11409 GET /revival/loadout -> 200
#11410 GET /revival/loadout -> 200
#11411 GET /revival/loadout -> 200
#11412 GET /revival/loadout -> 200
#11413 GET /revival/loadout -> 200
#11414 GET /revival/loadout -> 200
#11415 GET /revival/loadout -> 200

* 19:12:51.325  WS <- /notifications/players/9b9d2c887e2524f918e383a895f2f1c2 BINARY (2 bytes) 6862
#11416 GET /revival/loadout -> 200

* 19:12:51.354  WS -> /notifications/players/9b9d2c887e2524f918e383a895f2f1c2 TEXT hb reply {"Resource":"hb","Version":0,"Payload":""}
#11417 GET /revival/loadout -> 200
#11418 GET /revival/loadout -> 200
#11419 GET /revival/loadout -> 200
#11420 GET /revival/loadout -> 200
#11421 GET /revival/loadout -> 200
#11422 GET /party/players/9b9d2c887e2524f918e383a895f2f1c2/voice -> 200
#11423 GET /revival/loadout -> 200
#11424 GET /configuration/client -> 200
#11425 GET /revival/loadout -> 200
#11426 GET /revival/loadout -> 200
#11427 GET /content-service/manifest/release2.4.live-156430-shipping -> 200
#11428 GET /revival/loadout -> 200
#11429 GET /revival/loadout -> 200
#11430 GET /revival/loadout -> 200
#11431 GET /revival/loadout -> 200
#11432 GET /revival/loadout -> 200
#11433 GET /revival/loadout -> 200
#11434 GET /revival/loadout -> 200
#11435 GET /revival/loadout -> 200
#11436 GET /revival/loadout -> 200
#11437 GET /revival/loadout -> 200
#11438 GET /revival/loadout -> 200
#11439 GET /revival/loadout -> 200
#11440 GET /revival/loadout -> 200
#11441 GET /revival/loadout -> 200
#11442 GET /revival/loadout -> 200
#11443 GET /revival/loadout -> 200
#11444 GET /revival/loadout -> 200
#11445 GET /revival/loadout -> 200
#11446 GET /revival/loadout -> 200
#11447 GET /revival/loadout -> 200
#11448 GET /revival/loadout -> 200
#11449 GET /revival/loadout -> 200
#11450 GET /revival/loadout -> 200
#11451 GET /revival/loadout -> 200
#11452 GET /revival/loadout -> 200
#11453 GET /revival/loadout -> 200
#11454 GET /revival/loadout -> 200
#11455 GET /revival/loadout -> 200
#11456 GET /revival/loadout -> 200
#11457 GET /revival/loadout -> 200
#11458 GET /revival/loadout -> 200
#11459 GET /revival/loadout -> 200
#11460 GET /revival/loadout -> 200
#11461 GET /revival/loadout -> 200
#11462 GET /revival/loadout -> 200
#11463 POST /party/parties/party-9b9d2c887e2524f918e383a895f2f1c2/members/9b9d2c887e2524f918e383a895f2f1c2/latencies -> 200
#11464 GET /revival/loadout -> 200
#11465 GET /revival/loadout -> 200
#11466 GET /revival/loadout -> 200
#11467 GET /revival/loadout -> 200
#11468 GET /revival/loadout -> 200
#11469 GET /revival/loadout -> 200
#11470 GET /revival/loadout -> 200
#11471 GET /revival/loadout -> 200
#11472 GET /revival/loadout -> 200
#11473 GET /revival/loadout -> 200
#11474 GET /revival/loadout -> 200
#11475 GET /revival/loadout -> 200
#11476 GET /revival/loadout -> 200
#11477 GET /revival/loadout -> 200
#11478 GET /revival/loadout -> 200
#11479 GET /revival/loadout -> 200
#11480 GET /revival/loadout -> 200
#11481 GET /revival/loadout -> 200
#11482 GET /revival/loadout -> 200
#11483 GET /revival/loadout -> 200
#11484 GET /revival/loadout -> 200
#11485 GET /revival/loadout -> 200
#11486 GET /revival/loadout -> 200
#11487 GET /revival/loadout -> 200
#11488 GET /revival/loadout -> 200
#11489 POST /game-telemetry/v1/protected/events -> 200
#11490 GET /revival/loadout -> 200
#11491 GET /revival/loadout -> 200
#11492 GET /revival/loadout -> 200
#11493 GET /revival/loadout -> 200
#11494 GET /revival/loadout -> 200
#11495 GET /revival/loadout -> 200
#11496 GET /revival/loadout -> 200
#11497 GET /revival/loadout -> 200
#11498 GET /revival/loadout -> 200
#11499 GET /revival/loadout -> 200
#11500 GET /revival/loadout -> 200
#11501 GET /revival/loadout -> 200
#11502 GET /revival/loadout -> 200
#11503 GET /party/matchmaking/info -> 200
#11504 GET /revival/loadout -> 200
#11505 GET /revival/loadout -> 200
#11506 GET /revival/loadout -> 200
#11507 GET /revival/loadout -> 200
#11508 GET /revival/loadout -> 200

* 19:13:07.257  WS <- /lobby TEXT ""
#11509 GET /revival/loadout -> 200
#11510 GET /revival/loadout -> 200
#11511 GET /revival/loadout -> 200
#11512 GET /revival/loadout -> 200
#11513 GET /revival/loadout -> 200
#11514 GET /revival/loadout -> 200
#11515 GET /revival/loadout -> 200
#11516 GET /revival/loadout -> 200
#11517 GET /revival/loadout -> 200
#11518 GET /revival/loadout -> 200
#11519 GET /revival/loadout -> 200
#11520 GET /revival/loadout -> 200
#11521 GET /revival/loadout -> 200
#11522 GET /revival/loadout -> 200
#11523 GET /revival/loadout -> 200
#11524 GET /revival/loadout -> 200
#11525 GET /revival/loadout -> 200
#11526 GET /revival/loadout -> 200
#11527 GET /revival/loadout -> 200
#11528 GET /revival/loadout -> 200
#11529 GET /revival/loadout -> 200
#11530 GET /revival/loadout -> 200
#11531 GET /revival/loadout -> 200
#11532 GET /revival/loadout -> 200
#11533 GET /revival/loadout -> 200
#11534 GET /revival/loadout -> 200
#11535 GET /revival/loadout -> 200
#11536 GET /revival/loadout -> 200
#11537 GET /revival/loadout -> 200
#11538 GET /revival/loadout -> 200
#11539 GET /revival/loadout -> 200
#11540 GET /revival/loadout -> 200
#11541 GET /revival/loadout -> 200
#11542 GET /revival/loadout -> 200
#11543 GET /revival/loadout -> 200
#11544 GET /revival/loadout -> 200
#11545 GET /revival/loadout -> 200
#11546 GET /revival/loadout -> 200
#11547 GET /revival/loadout -> 200
#11548 GET /revival/loadout -> 200
#11549 GET /revival/loadout -> 200
#11550 GET /revival/loadout -> 200
#11551 GET /revival/loadout -> 200
#11552 GET /revival/loadout -> 200
#11553 GET /revival/loadout -> 200
#11554 GET /revival/loadout -> 200
#11555 GET /revival/loadout -> 200
#11556 GET /revival/loadout -> 200
#11557 GET /revival/loadout -> 200
#11558 GET /revival/loadout -> 200
#11559 GET /revival/loadout -> 200
#11560 GET /revival/loadout -> 200
#11561 GET /revival/loadout -> 200
#11562 GET /revival/loadout -> 200
#11563 GET /revival/loadout -> 200
#11564 GET /revival/loadout -> 200
#11565 GET /revival/loadout -> 200
#11566 GET /revival/loadout -> 200
#11567 GET /revival/loadout -> 200
#11568 GET /revival/loadout -> 200
#11569 GET /revival/loadout -> 200
#11570 GET /revival/loadout -> 200
#11571 GET /revival/loadout -> 200
#11572 GET /revival/loadout -> 200
#11573 GET /revival/loadout -> 200
#11574 GET /revival/loadout -> 200
#11575 GET /revival/loadout -> 200
#11576 GET /revival/loadout -> 200
#11577 GET /revival/loadout -> 200
#11578 GET /revival/loadout -> 200
#11579 GET /revival/loadout -> 200
#11580 GET /revival/loadout -> 200
#11581 GET /revival/loadout -> 200
#11582 GET /revival/loadout -> 200
#11583 GET /revival/loadout -> 200
#11584 GET /revival/loadout -> 200
#11585 GET /revival/loadout -> 200
#11586 GET /revival/loadout -> 200

* 19:13:21.422  WS -> /notifications/players/9b9d2c887e2524f918e383a895f2f1c2 BINARY hb (proactive 30s keepalive)
#11587 GET /revival/loadout -> 200
#11588 GET /revival/loadout -> 200
#11589 GET /revival/loadout -> 200
#11590 GET /revival/loadout -> 200
#11591 GET /revival/loadout -> 200
#11592 GET /revival/loadout -> 200
#11593 GET /revival/loadout -> 200
#11594 GET /configuration/client -> 200
#11595 GET /party/players/9b9d2c887e2524f918e383a895f2f1c2/voice -> 200
#11596 GET /revival/loadout -> 200
#11597 GET /content-service/manifest/release2.4.live-156430-shipping -> 200
#11598 GET /revival/loadout -> 200
#11599 GET /revival/loadout -> 200
#11600 GET /revival/loadout -> 200
#11601 GET /revival/loadout -> 200
#11602 GET /revival/loadout -> 200
#11603 GET /revival/loadout -> 200
#11604 GET /revival/loadout -> 200
#11605 GET /revival/loadout -> 200
#11606 GET /revival/loadout -> 200
#11607 GET /revival/loadout -> 200
#11608 GET /revival/loadout -> 200
#11609 GET /revival/loadout -> 200
#11610 GET /revival/loadout -> 200
#11611 GET /revival/loadout -> 200
#11612 GET /revival/loadout -> 200
#11613 GET /revival/loadout -> 200
#11614 GET /revival/loadout -> 200
#11615 GET /revival/loadout -> 200
#11616 GET /revival/loadout -> 200
#11617 GET /revival/loadout -> 200
#11618 GET /revival/loadout -> 200
#11619 GET /revival/loadout -> 200
#11620 GET /revival/loadout -> 200
#11621 GET /revival/loadout -> 200
#11622 GET /revival/loadout -> 200
#11623 GET /revival/loadout -> 200
#11624 GET /revival/loadout -> 200
#11625 GET /revival/loadout -> 200
#11626 GET /revival/loadout -> 200
#11627 GET /revival/loadout -> 200
#11628 GET /revival/loadout -> 200
#11629 GET /revival/loadout -> 200
#11630 GET /revival/loadout -> 200
#11631 GET /revival/loadout -> 200
#11632 GET /revival/loadout -> 200
#11633 GET /revival/loadout -> 200
#11634 POST /party/parties/party-9b9d2c887e2524f918e383a895f2f1c2/members/9b9d2c887e2524f918e383a895f2f1c2/latencies -> 200
#11635 GET /revival/loadout -> 200
#11636 GET /revival/loadout -> 200
#11637 GET /revival/loadout -> 200
#11638 GET /revival/loadout -> 200
#11639 GET /revival/loadout -> 200
#11640 GET /revival/loadout -> 200
#11641 GET /revival/loadout -> 200
#11642 GET /revival/loadout -> 200
#11643 GET /revival/loadout -> 200
#11644 GET /revival/loadout -> 200
#11645 GET /revival/loadout -> 200
#11646 GET /revival/loadout -> 200
#11647 GET /revival/loadout -> 200
#11648 GET /revival/loadout -> 200
#11649 GET /revival/loadout -> 200
#11650 GET /revival/loadout -> 200
#11651 GET /revival/loadout -> 200
#11652 GET /revival/loadout -> 200
#11653 GET /revival/loadout -> 200
#11654 GET /revival/loadout -> 200
#11655 GET /revival/loadout -> 200
#11656 GET /revival/loadout -> 200
#11657 GET /revival/loadout -> 200
#11658 GET /revival/loadout -> 200
#11659 GET /revival/loadout -> 200
#11660 GET /revival/loadout -> 200
#11661 GET /revival/loadout -> 200
#11662 GET /revival/loadout -> 200
#11663 GET /revival/loadout -> 200
#11664 GET /revival/loadout -> 200
#11665 GET /revival/loadout -> 200
#11666 GET /revival/loadout -> 200
#11667 GET /revival/loadout -> 200
#11668 GET /revival/loadout -> 200
#11669 GET /revival/loadout -> 200
#11670 GET /revival/loadout -> 200
#11671 GET /revival/loadout -> 200
#11672 GET /revival/loadout -> 200
#11673 GET /party/matchmaking/info -> 200
#11674 GET /core-game/regions -> 200
#11675 GET /revival/loadout -> 200
#11676 GET /revival/loadout -> 200
#11677 GET /revival/loadout -> 200
#11678 GET /revival/loadout -> 200
#11679 GET /revival/loadout -> 200

* 19:13:37.259  WS <- /lobby TEXT ""
#11680 GET /revival/loadout -> 200
#11681 GET /revival/loadout -> 200
#11682 GET /revival/loadout -> 200
#11683 GET /revival/loadout -> 200
#11684 GET /revival/loadout -> 200
#11685 GET /revival/loadout -> 200
#11686 GET /revival/loadout -> 200
#11687 GET /revival/loadout -> 200
#11688 GET /revival/loadout -> 200
#11689 GET /revival/loadout -> 200
#11690 GET /revival/loadout -> 200
#11691 GET /revival/loadout -> 200
#11692 GET /revival/loadout -> 200
#11693 GET /revival/loadout -> 200
#11694 GET /revival/loadout -> 200
#11695 GET /revival/loadout -> 200
#11696 GET /revival/loadout -> 200
#11697 GET /revival/loadout -> 200
#11698 GET /revival/loadout -> 200
#11699 GET /revival/loadout -> 200
#11700 GET /revival/loadout -> 200
#11701 GET /revival/loadout -> 200
#11702 GET /revival/loadout -> 200
#11703 GET /revival/loadout -> 200
#11704 GET /revival/loadout -> 200
#11705 GET /revival/loadout -> 200
#11706 GET /revival/loadout -> 200
#11707 GET /revival/loadout -> 200
#11708 GET /revival/loadout -> 200
#11709 GET /revival/loadout -> 200
#11710 GET /revival/loadout -> 200
#11711 GET /revival/loadout -> 200
#11712 GET /revival/loadout -> 200
#11713 GET /revival/loadout -> 200
#11714 GET /revival/loadout -> 200
#11715 GET /revival/loadout -> 200
#11716 GET /revival/loadout -> 200
#11717 GET /revival/loadout -> 200
#11718 GET /revival/loadout -> 200
#11719 GET /revival/loadout -> 200
#11720 GET /revival/loadout -> 200
#11721 GET /revival/loadout -> 200
#11722 GET /revival/loadout -> 200
#11723 GET /revival/loadout -> 200
#11724 GET /revival/loadout -> 200
#11725 GET /revival/loadout -> 200
#11726 GET /revival/loadout -> 200
#11727 GET /revival/loadout -> 200
#11728 GET /revival/loadout -> 200
#11729 GET /revival/loadout -> 200

* 19:13:46.337  WS <- /notifications/players/9b9d2c887e2524f918e383a895f2f1c2 BINARY (2 bytes) 6862
#11730 GET /revival/loadout -> 200

* 19:13:46.392  WS -> /notifications/players/9b9d2c887e2524f918e383a895f2f1c2 TEXT hb reply {"Resource":"hb","Version":0,"Payload":""}
#11731 GET /revival/loadout -> 200
#11732 GET /revival/loadout -> 200
#11733 GET /revival/loadout -> 200
#11734 GET /revival/loadout -> 200
#11735 GET /revival/loadout -> 200
#11736 GET /revival/loadout -> 200
#11737 GET /revival/loadout -> 200
#11738 GET /revival/loadout -> 200
#11739 GET /revival/loadout -> 200
#11740 GET /revival/loadout -> 200
#11741 GET /revival/loadout -> 200
#11742 GET /revival/loadout -> 200
#11743 GET /revival/loadout -> 200
#11744 GET /revival/loadout -> 200
#11745 GET /revival/loadout -> 200
#11746 GET /revival/loadout -> 200
#11747 GET /revival/loadout -> 200
#11748 GET /revival/loadout -> 200
#11749 GET /revival/loadout -> 200
#11750 GET /revival/loadout -> 200
#11751 GET /revival/loadout -> 200
#11752 GET /revival/loadout -> 200
#11753 GET /revival/loadout -> 200
#11754 GET /revival/loadout -> 200
#11755 GET /revival/loadout -> 200
#11756 GET /revival/loadout -> 200
#11757 GET /revival/loadout -> 200
#11758 GET /revival/loadout -> 200
#11759 GET /revival/loadout -> 200
#11760 GET /revival/loadout -> 200
#11761 GET /revival/loadout -> 200
#11762 GET /revival/loadout -> 200
#11763 GET /revival/loadout -> 200
#11764 GET /revival/loadout -> 200
#11765 GET /configuration/client -> 200
#11766 GET /revival/loadout -> 200
#11767 GET /content-service/manifest/release2.4.live-156430-shipping -> 200
#11768 GET /revival/loadout -> 200
#11769 GET /party/players/9b9d2c887e2524f918e383a895f2f1c2/voice -> 200
#11770 GET /revival/loadout -> 200
#11771 GET /revival/loadout -> 200
#11772 GET /revival/loadout -> 200
#11773 GET /revival/loadout -> 200
#11774 GET /revival/loadout -> 200
#11775 GET /revival/loadout -> 200
#11776 GET /revival/loadout -> 200
#11777 GET /revival/loadout -> 200
#11778 GET /revival/loadout -> 200
#11779 GET /revival/loadout -> 200
#11780 GET /revival/loadout -> 200
#11781 GET /revival/loadout -> 200
#11782 GET /revival/loadout -> 200
#11783 GET /revival/loadout -> 200
#11784 GET /revival/loadout -> 200
#11785 GET /revival/loadout -> 200
#11786 GET /revival/loadout -> 200
#11787 GET /revival/loadout -> 200
#11788 GET /revival/loadout -> 200
#11789 GET /revival/loadout -> 200
#11790 GET /revival/loadout -> 200
#11791 GET /revival/loadout -> 200
#11792 GET /revival/loadout -> 200
#11793 GET /revival/loadout -> 200
#11794 GET /revival/loadout -> 200
#11795 GET /revival/loadout -> 200
#11796 GET /revival/loadout -> 200
#11797 GET /revival/loadout -> 200
#11798 GET /revival/loadout -> 200
#11799 GET /revival/loadout -> 200
#11800 GET /revival/loadout -> 200
#11801 GET /revival/loadout -> 200
#11802 GET /revival/loadout -> 200
#11803 GET /revival/loadout -> 200
#11804 GET /revival/loadout -> 200
#11805 POST /party/parties/party-9b9d2c887e2524f918e383a895f2f1c2/members/9b9d2c887e2524f918e383a895f2f1c2/latencies -> 200
#11806 GET /revival/loadout -> 200
#11807 GET /revival/loadout -> 200
#11808 GET /revival/loadout -> 200
#11809 GET /revival/loadout -> 200
#11810 GET /revival/loadout -> 200
#11811 GET /revival/loadout -> 200
#11812 GET /revival/loadout -> 200
#11813 GET /revival/loadout -> 200
#11814 GET /revival/loadout -> 200
#11815 GET /revival/loadout -> 200
#11816 GET /revival/loadout -> 200
#11817 GET /revival/loadout -> 200
#11818 GET /revival/loadout -> 200
#11819 GET /revival/loadout -> 200
#11820 GET /revival/loadout -> 200
#11821 GET /revival/loadout -> 200
#11822 GET /revival/loadout -> 200
#11823 GET /revival/loadout -> 200
#11824 GET /revival/loadout -> 200
#11825 GET /revival/loadout -> 200
#11826 GET /revival/loadout -> 200
#11827 GET /revival/loadout -> 200
#11828 GET /revival/loadout -> 200
#11829 GET /revival/loadout -> 200
#11830 GET /revival/loadout -> 200
#11831 POST /game-telemetry/v1/protected/events -> 200
#11832 GET /revival/loadout -> 200
#11833 GET /revival/loadout -> 200
#11834 GET /revival/loadout -> 200
#11835 GET /revival/loadout -> 200
#11836 GET /revival/loadout -> 200
#11837 GET /revival/loadout -> 200
#11838 GET /revival/loadout -> 200
#11839 GET /revival/loadout -> 200
#11840 GET /revival/loadout -> 200
#11841 GET /revival/loadout -> 200
#11842 GET /revival/loadout -> 200
#11843 GET /revival/loadout -> 200
#11844 GET /revival/loadout -> 200
#11845 GET /mailbox/config/version -> 200
#11846 GET /party/matchmaking/info -> 200
#11847 GET /revival/loadout -> 200
#11848 GET /revival/loadout -> 200
#11849 GET /revival/loadout -> 200
#11850 GET /revival/loadout -> 200
#11851 GET /revival/loadout -> 200

* 19:14:07.257  WS <- /lobby TEXT ""
#11852 GET /revival/loadout -> 200
#11853 GET /revival/loadout -> 200
#11854 GET /revival/loadout -> 200
#11855 GET /revival/loadout -> 200
#11856 GET /revival/loadout -> 200
#11857 GET /revival/loadout -> 200
#11858 GET /revival/loadout -> 200
#11859 GET /revival/loadout -> 200
#11860 GET /revival/loadout -> 200
#11861 GET /revival/loadout -> 200
#11862 GET /revival/loadout -> 200
#11863 GET /revival/loadout -> 200
#11864 GET /revival/loadout -> 200
#11865 GET /revival/loadout -> 200
#11866 GET /revival/loadout -> 200
#11867 GET /revival/loadout -> 200
#11868 GET /revival/loadout -> 200
#11869 GET /revival/loadout -> 200
#11870 GET /revival/loadout -> 200
#11871 GET /revival/loadout -> 200
#11872 GET /revival/loadout -> 200
#11873 GET /revival/loadout -> 200
#11874 GET /revival/loadout -> 200
#11875 GET /revival/loadout -> 200
#11876 GET /revival/loadout -> 200
#11877 GET /revival/loadout -> 200
#11878 GET /revival/loadout -> 200
#11879 GET /revival/loadout -> 200
#11880 GET /revival/loadout -> 200
#11881 GET /revival/loadout -> 200
#11882 GET /revival/loadout -> 200
#11883 GET /revival/loadout -> 200
#11884 GET /revival/loadout -> 200
#11885 GET /revival/loadout -> 200
#11886 GET /revival/loadout -> 200
#11887 GET /revival/loadout -> 200
#11888 GET /revival/loadout -> 200
#11889 GET /revival/loadout -> 200
#11890 GET /revival/loadout -> 200
#11891 GET /revival/loadout -> 200
#11892 GET /revival/loadout -> 200
#11893 GET /revival/loadout -> 200
#11894 GET /revival/loadout -> 200
#11895 GET /revival/loadout -> 200
#11896 GET /revival/loadout -> 200
#11897 GET /revival/loadout -> 200
#11898 GET /revival/loadout -> 200
#11899 GET /revival/loadout -> 200
#11900 GET /revival/loadout -> 200
#11901 GET /revival/loadout -> 200
#11902 GET /revival/loadout -> 200

* 19:14:16.420  WS -> /notifications/players/9b9d2c887e2524f918e383a895f2f1c2 BINARY hb (proactive 30s keepalive)
#11903 GET /revival/loadout -> 200
#11904 GET /revival/loadout -> 200
#11905 GET /revival/loadout -> 200
#11906 GET /revival/loadout -> 200
#11907 GET /revival/loadout -> 200
#11908 GET /revival/loadout -> 200
#11909 GET /revival/loadout -> 200
#11910 GET /revival/loadout -> 200
#11911 GET /revival/loadout -> 200
#11912 GET /revival/loadout -> 200
#11913 GET /revival/loadout -> 200
#11914 GET /revival/loadout -> 200
#11915 GET /revival/loadout -> 200
#11916 GET /revival/loadout -> 200
#11917 GET /revival/loadout -> 200
#11918 GET /revival/loadout -> 200
#11919 GET /revival/loadout -> 200
#11920 GET /revival/loadout -> 200
#11921 GET /revival/loadout -> 200
#11922 GET /revival/loadout -> 200
#11923 GET /revival/loadout -> 200
#11924 GET /revival/loadout -> 200
#11925 GET /revival/loadout -> 200
#11926 GET /revival/loadout -> 200
#11927 GET /revival/loadout -> 200
#11928 GET /revival/loadout -> 200
#11929 GET /revival/loadout -> 200
#11930 GET /revival/loadout -> 200
#11931 GET /revival/loadout -> 200
#11932 GET /revival/loadout -> 200
#11933 GET /revival/loadout -> 200
#11934 GET /revival/loadout -> 200
#11935 GET /revival/loadout -> 200
#11936 GET /revival/loadout -> 200
#11937 GET /configuration/client -> 200
#11938 GET /revival/loadout -> 200
#11939 GET /content-service/manifest/release2.4.live-156430-shipping -> 200
#11940 GET /revival/loadout -> 200
#11941 GET /revival/loadout -> 200
#11942 GET /revival/loadout -> 200
#11943 GET /revival/loadout -> 200
#11944 GET /party/players/9b9d2c887e2524f918e383a895f2f1c2/voice -> 200
#11945 GET /revival/loadout -> 200
#11946 GET /revival/loadout -> 200
#11947 GET /revival/loadout -> 200
#11948 GET /revival/loadout -> 200
#11949 GET /revival/loadout -> 200
#11950 GET /revival/loadout -> 200
#11951 GET /revival/loadout -> 200
#11952 GET /revival/loadout -> 200
#11953 GET /revival/loadout -> 200
#11954 GET /revival/loadout -> 200
#11955 GET /revival/loadout -> 200
#11956 GET /revival/loadout -> 200
#11957 GET /revival/loadout -> 200
#11958 GET /revival/loadout -> 200
#11959 GET /revival/loadout -> 200
#11960 GET /revival/loadout -> 200
#11961 GET /revival/loadout -> 200
#11962 GET /revival/loadout -> 200
#11963 GET /revival/loadout -> 200
#11964 GET /revival/loadout -> 200
#11965 GET /revival/loadout -> 200
#11966 GET /revival/loadout -> 200
#11967 GET /revival/loadout -> 200
#11968 GET /revival/loadout -> 200
#11969 GET /revival/loadout -> 200
#11970 GET /revival/loadout -> 200
#11971 GET /revival/loadout -> 200
#11972 GET /revival/loadout -> 200
#11973 GET /revival/loadout -> 200
#11974 GET /revival/loadout -> 200
#11975 GET /revival/loadout -> 200
#11976 GET /revival/loadout -> 200
#11977 GET /revival/loadout -> 200
#11978 POST /party/parties/party-9b9d2c887e2524f918e383a895f2f1c2/members/9b9d2c887e2524f918e383a895f2f1c2/latencies -> 200
#11979 GET /revival/loadout -> 200
#11980 GET /revival/loadout -> 200
#11981 GET /revival/loadout -> 200
#11982 GET /revival/loadout -> 200
#11983 GET /revival/loadout -> 200
#11984 GET /revival/loadout -> 200
#11985 GET /revival/loadout -> 200
#11986 GET /revival/loadout -> 200
#11987 GET /revival/loadout -> 200
#11988 GET /revival/loadout -> 200
#11989 GET /revival/loadout -> 200
#11990 GET /revival/loadout -> 200
#11991 GET /revival/loadout -> 200
#11992 GET /revival/loadout -> 200
#11993 GET /revival/loadout -> 200
#11994 GET /revival/loadout -> 200
#11995 GET /revival/loadout -> 200
#11996 GET /revival/loadout -> 200
#11997 GET /revival/loadout -> 200
#11998 GET /revival/loadout -> 200
#11999 GET /revival/loadout -> 200
#12000 GET /revival/loadout -> 200
#12001 GET /revival/loadout -> 200
#12002 GET /revival/loadout -> 200
#12003 GET /revival/loadout -> 200
#12004 GET /revival/loadout -> 200
#12005 GET /revival/loadout -> 200
#12006 GET /revival/loadout -> 200
#12007 GET /revival/loadout -> 200
#12008 GET /revival/loadout -> 200
#12009 GET /revival/loadout -> 200
#12010 GET /revival/loadout -> 200
#12011 GET /revival/loadout -> 200
#12012 GET /revival/loadout -> 200
#12013 GET /revival/loadout -> 200
#12014 GET /revival/loadout -> 200
#12015 GET /revival/loadout -> 200
#12016 GET /party/matchmaking/info -> 200
#12017 GET /core-game/regions -> 200
#12018 GET /revival/loadout -> 200
#12019 GET /revival/loadout -> 200
#12020 GET /revival/loadout -> 200
#12021 GET /revival/loadout -> 200
#12022 GET /revival/loadout -> 200

* 19:14:37.261  WS <- /lobby TEXT ""
#12023 GET /revival/loadout -> 200
#12024 GET /revival/loadout -> 200
#12025 GET /revival/loadout -> 200
#12026 GET /revival/loadout -> 200
#12027 GET /revival/loadout -> 200
#12028 GET /revival/loadout -> 200
#12029 GET /revival/loadout -> 200
#12030 GET /revival/loadout -> 200
#12031 GET /revival/loadout -> 200
#12032 GET /revival/loadout -> 200
#12033 GET /revival/loadout -> 200
#12034 GET /revival/loadout -> 200
#12035 GET /revival/loadout -> 200
#12036 GET /revival/loadout -> 200
#12037 GET /revival/loadout -> 200
#12038 GET /revival/loadout -> 200
#12039 GET /revival/loadout -> 200
#12040 GET /revival/loadout -> 200
#12041 GET /revival/loadout -> 200
#12042 GET /revival/loadout -> 200
#12043 GET /revival/loadout -> 200
#12044 GET /revival/loadout -> 200

* 19:14:41.293  WS <- /notifications/players/9b9d2c887e2524f918e383a895f2f1c2 BINARY (2 bytes) 6862

* 19:14:41.330  WS -> /notifications/players/9b9d2c887e2524f918e383a895f2f1c2 TEXT hb reply {"Resource":"hb","Version":0,"Payload":""}
#12045 GET /revival/loadout -> 200
#12046 GET /revival/loadout -> 200
#12047 GET /revival/loadout -> 200
#12048 GET /revival/loadout -> 200
#12049 GET /revival/loadout -> 200
#12050 GET /revival/loadout -> 200
#12051 GET /revival/loadout -> 200
#12052 GET /revival/loadout -> 200
#12053 GET /revival/loadout -> 200
#12054 GET /revival/loadout -> 200
#12055 GET /revival/loadout -> 200
#12056 GET /revival/loadout -> 200
#12057 GET /revival/loadout -> 200
#12058 GET /revival/loadout -> 200
#12059 GET /revival/loadout -> 200
#12060 GET /revival/loadout -> 200
#12061 GET /revival/loadout -> 200
#12062 GET /revival/loadout -> 200
#12063 GET /revival/loadout -> 200
#12064 GET /revival/loadout -> 200
#12065 GET /revival/loadout -> 200
#12066 GET /revival/loadout -> 200
#12067 GET /revival/loadout -> 200
#12068 GET /revival/loadout -> 200
#12069 GET /revival/loadout -> 200
#12070 GET /revival/loadout -> 200
#12071 GET /revival/loadout -> 200
#12072 GET /revival/loadout -> 200
#12073 GET /revival/loadout -> 200
#12074 GET /revival/loadout -> 200
#12075 GET /revival/loadout -> 200
#12076 GET /revival/loadout -> 200
#12077 GET /revival/loadout -> 200
#12078 GET /revival/loadout -> 200
#12079 GET /revival/loadout -> 200
#12080 GET /revival/loadout -> 200
#12081 GET /revival/loadout -> 200
#12082 GET /revival/loadout -> 200
#12083 GET /revival/loadout -> 200
#12084 GET /revival/loadout -> 200
#12085 GET /revival/loadout -> 200
#12086 GET /revival/loadout -> 200
#12087 GET /revival/loadout -> 200
#12088 GET /revival/loadout -> 200
#12089 GET /revival/loadout -> 200
#12090 GET /revival/loadout -> 200
#12091 GET /revival/loadout -> 200
#12092 GET /revival/loadout -> 200
#12093 GET /revival/loadout -> 200
#12094 GET /revival/loadout -> 200
#12095 GET /revival/loadout -> 200
#12096 GET /revival/loadout -> 200
#12097 GET /revival/loadout -> 200
#12098 GET /revival/loadout -> 200
#12099 GET /revival/loadout -> 200
#12100 GET /revival/loadout -> 200
#12101 GET /revival/loadout -> 200
#12102 GET /revival/loadout -> 200
#12103 GET /revival/loadout -> 200
#12104 GET /revival/loadout -> 200
#12105 GET /revival/loadout -> 200
#12106 GET /revival/loadout -> 200
#12107 GET /configuration/client -> 200
#12108 GET /revival/loadout -> 200
#12109 GET /content-service/manifest/release2.4.live-156430-shipping -> 200
#12110 GET /revival/loadout -> 200
#12111 GET /revival/loadout -> 200
#12112 GET /revival/loadout -> 200
#12113 GET /revival/loadout -> 200
#12114 GET /revival/loadout -> 200
#12115 GET /party/players/9b9d2c887e2524f918e383a895f2f1c2/voice -> 200
#12116 GET /revival/loadout -> 200
#12117 GET /revival/loadout -> 200
#12118 GET /revival/loadout -> 200
#12119 GET /revival/loadout -> 200
#12120 GET /revival/loadout -> 200
#12121 GET /revival/loadout -> 200
#12122 GET /revival/loadout -> 200
#12123 GET /revival/loadout -> 200
#12124 GET /revival/loadout -> 200
#12125 GET /revival/loadout -> 200
#12126 GET /revival/loadout -> 200
#12127 GET /revival/loadout -> 200
#12128 GET /revival/loadout -> 200
#12129 GET /revival/loadout -> 200
#12130 GET /revival/loadout -> 200
#12131 GET /revival/loadout -> 200
#12132 GET /revival/loadout -> 200
#12133 GET /revival/loadout -> 200
#12134 GET /revival/loadout -> 200
#12135 GET /revival/loadout -> 200
#12136 GET /revival/loadout -> 200
#12137 GET /revival/loadout -> 200
#12138 GET /revival/loadout -> 200
#12139 GET /revival/loadout -> 200
#12140 GET /revival/loadout -> 200
#12141 GET /revival/loadout -> 200
#12142 GET /revival/loadout -> 200
#12143 GET /revival/loadout -> 200
#12144 GET /revival/loadout -> 200
#12145 GET /revival/loadout -> 200
#12146 GET /revival/loadout -> 200
#12147 GET /revival/loadout -> 200
#12148 GET /revival/loadout -> 200
#12149 POST /party/parties/party-9b9d2c887e2524f918e383a895f2f1c2/members/9b9d2c887e2524f918e383a895f2f1c2/latencies -> 200
#12150 GET /revival/loadout -> 200
#12151 GET /revival/loadout -> 200
#12152 GET /revival/loadout -> 200
#12153 GET /revival/loadout -> 200
#12154 GET /revival/loadout -> 200
#12155 GET /revival/loadout -> 200
#12156 GET /revival/loadout -> 200
#12157 GET /revival/loadout -> 200
#12158 GET /revival/loadout -> 200
#12159 GET /revival/loadout -> 200
#12160 GET /revival/loadout -> 200
#12161 GET /revival/loadout -> 200
#12162 GET /revival/loadout -> 200
#12163 GET /revival/loadout -> 200
#12164 GET /revival/loadout -> 200
#12165 GET /revival/loadout -> 200
#12166 GET /revival/loadout -> 200
#12167 GET /revival/loadout -> 200
#12168 GET /revival/loadout -> 200
#12169 GET /revival/loadout -> 200
#12170 GET /revival/loadout -> 200
#12171 GET /revival/loadout -> 200
#12172 GET /revival/loadout -> 200
#12173 POST /game-telemetry/v1/protected/events -> 200
#12174 GET /revival/loadout -> 200
#12175 GET /revival/loadout -> 200
#12176 GET /revival/loadout -> 200
#12177 GET /revival/loadout -> 200
#12178 GET /revival/loadout -> 200
#12179 GET /revival/loadout -> 200
#12180 GET /revival/loadout -> 200
#12181 GET /revival/loadout -> 200
#12182 GET /revival/loadout -> 200
#12183 GET /revival/loadout -> 200
#12184 GET /revival/loadout -> 200
#12185 GET /revival/loadout -> 200
#12186 GET /party/matchmaking/info -> 200
#12187 GET /revival/loadout -> 200
#12188 GET /revival/loadout -> 200
#12189 GET /revival/loadout -> 200
#12190 GET /revival/loadout -> 200
#12191 GET /revival/loadout -> 200
#12192 GET /revival/loadout -> 200

* 19:15:07.265  WS <- /lobby TEXT ""
#12193 GET /revival/loadout -> 200
#12194 GET /revival/loadout -> 200
#12195 GET /revival/loadout -> 200
#12196 GET /revival/loadout -> 200
#12197 GET /revival/loadout -> 200
#12198 GET /revival/loadout -> 200
#12199 GET /revival/loadout -> 200
#12200 GET /revival/loadout -> 200
#12201 GET /revival/loadout -> 200
#12202 GET /revival/loadout -> 200
#12203 GET /revival/loadout -> 200
#12204 GET /revival/loadout -> 200
#12205 GET /revival/loadout -> 200
#12206 GET /revival/loadout -> 200
#12207 GET /revival/loadout -> 200
#12208 GET /revival/loadout -> 200
#12209 GET /revival/loadout -> 200
#12210 GET /revival/loadout -> 200
#12211 GET /revival/loadout -> 200
#12212 GET /revival/loadout -> 200
#12213 GET /revival/loadout -> 200
#12214 GET /revival/loadout -> 200

* 19:15:11.365  WS -> /notifications/players/9b9d2c887e2524f918e383a895f2f1c2 BINARY hb (proactive 30s keepalive)
#12215 GET /revival/loadout -> 200
#12216 GET /revival/loadout -> 200
#12217 GET /revival/loadout -> 200
#12218 GET /revival/loadout -> 200
#12219 GET /revival/loadout -> 200
#12220 GET /revival/loadout -> 200
#12221 GET /revival/loadout -> 200
#12222 GET /revival/loadout -> 200
#12223 GET /revival/loadout -> 200
#12224 GET /revival/loadout -> 200
#12225 GET /revival/loadout -> 200
#12226 GET /revival/loadout -> 200
#12227 GET /revival/loadout -> 200
#12228 GET /revival/loadout -> 200
#12229 GET /revival/loadout -> 200
#12230 GET /revival/loadout -> 200
#12231 GET /revival/loadout -> 200
#12232 GET /revival/loadout -> 200
#12233 GET /revival/loadout -> 200
#12234 GET /revival/loadout -> 200
#12235 GET /revival/loadout -> 200
#12236 GET /revival/loadout -> 200
#12237 GET /revival/loadout -> 200
#12238 GET /revival/loadout -> 200
#12239 GET /revival/loadout -> 200
#12240 GET /revival/loadout -> 200
#12241 GET /revival/loadout -> 200
#12242 GET /revival/loadout -> 200
#12243 GET /revival/loadout -> 200
#12244 GET /revival/loadout -> 200
#12245 GET /revival/loadout -> 200
#12246 GET /revival/loadout -> 200
#12247 GET /revival/loadout -> 200
#12248 GET /revival/loadout -> 200
#12249 GET /revival/loadout -> 200
#12250 GET /revival/loadout -> 200
#12251 GET /revival/loadout -> 200
#12252 GET /revival/loadout -> 200
#12253 GET /revival/loadout -> 200
#12254 GET /revival/loadout -> 200
#12255 GET /revival/loadout -> 200
#12256 GET /revival/loadout -> 200
#12257 GET /revival/loadout -> 200
#12258 GET /revival/loadout -> 200
#12259 GET /revival/loadout -> 200
#12260 GET /revival/loadout -> 200
#12261 GET /revival/loadout -> 200
#12262 GET /revival/loadout -> 200
#12263 GET /revival/loadout -> 200
#12264 GET /revival/loadout -> 200
#12265 GET /revival/loadout -> 200
#12266 GET /revival/loadout -> 200
#12267 GET /revival/loadout -> 200
#12268 GET /revival/loadout -> 200
#12269 GET /revival/loadout -> 200
#12270 GET /revival/loadout -> 200
#12271 GET /revival/loadout -> 200
#12272 GET /revival/loadout -> 200
#12273 GET /revival/loadout -> 200
#12274 GET /revival/loadout -> 200
#12275 GET /revival/loadout -> 200
#12276 GET /revival/loadout -> 200
#12277 GET /configuration/client -> 200
#12278 GET /revival/loadout -> 200
#12279 GET /content-service/manifest/release2.4.live-156430-shipping -> 200
#12280 GET /revival/loadout -> 200
#12281 GET /revival/loadout -> 200
#12282 GET /revival/loadout -> 200
#12283 GET /revival/loadout -> 200
#12284 GET /revival/loadout -> 200
#12285 GET /revival/loadout -> 200
#12286 GET /revival/loadout -> 200
#12287 GET /party/players/9b9d2c887e2524f918e383a895f2f1c2/voice -> 200
#12288 GET /revival/loadout -> 200
#12289 GET /revival/loadout -> 200
#12290 GET /revival/loadout -> 200
#12291 GET /revival/loadout -> 200
#12292 GET /revival/loadout -> 200
#12293 GET /revival/loadout -> 200
#12294 GET /revival/loadout -> 200
#12295 GET /revival/loadout -> 200
#12296 GET /revival/loadout -> 200
#12297 GET /revival/loadout -> 200
#12298 GET /revival/loadout -> 200
#12299 GET /revival/loadout -> 200
#12300 GET /revival/loadout -> 200
#12301 GET /revival/loadout -> 200
#12302 GET /revival/loadout -> 200
#12303 GET /revival/loadout -> 200
#12304 GET /revival/loadout -> 200
#12305 GET /revival/loadout -> 200
#12306 GET /revival/loadout -> 200
#12307 GET /revival/loadout -> 200
#12308 GET /revival/loadout -> 200
#12309 GET /revival/loadout -> 200
#12310 GET /revival/loadout -> 200
#12311 GET /revival/loadout -> 200
#12312 GET /revival/loadout -> 200
#12313 GET /revival/loadout -> 200
#12314 GET /revival/loadout -> 200
#12315 GET /revival/loadout -> 200
#12316 GET /revival/loadout -> 200
#12317 GET /revival/loadout -> 200
#12318 GET /revival/loadout -> 200
#12319 POST /party/parties/party-9b9d2c887e2524f918e383a895f2f1c2/members/9b9d2c887e2524f918e383a895f2f1c2/latencies -> 200
#12320 GET /revival/loadout -> 200
#12321 GET /revival/loadout -> 200
#12322 GET /revival/loadout -> 200
#12323 GET /revival/loadout -> 200
#12324 GET /revival/loadout -> 200
#12325 GET /revival/loadout -> 200
#12326 GET /revival/loadout -> 200
#12327 GET /revival/loadout -> 200
#12328 GET /revival/loadout -> 200
#12329 GET /revival/loadout -> 200
#12330 GET /revival/loadout -> 200
#12331 GET /revival/loadout -> 200
#12332 GET /revival/loadout -> 200
#12333 GET /revival/loadout -> 200
#12334 GET /revival/loadout -> 200
#12335 GET /revival/loadout -> 200
#12336 GET /revival/loadout -> 200
#12337 GET /revival/loadout -> 200
#12338 GET /revival/loadout -> 200
#12339 GET /revival/loadout -> 200
#12340 GET /revival/loadout -> 200
#12341 GET /revival/loadout -> 200
#12342 GET /revival/loadout -> 200
#12343 GET /revival/loadout -> 200
#12344 GET /revival/loadout -> 200
#12345 GET /revival/loadout -> 200
#12346 GET /revival/loadout -> 200
#12347 GET /revival/loadout -> 200
#12348 GET /revival/loadout -> 200
#12349 GET /revival/loadout -> 200
#12350 GET /revival/loadout -> 200
#12351 GET /revival/loadout -> 200
#12352 GET /revival/loadout -> 200
#12353 GET /revival/loadout -> 200
#12354 GET /revival/loadout -> 200
#12355 GET /party/matchmaking/info -> 200

* 19:15:36.317  WS <- /notifications/players/9b9d2c887e2524f918e383a895f2f1c2 BINARY (2 bytes) 6862
#12356 GET /mailbox/config/version -> 200
#12357 GET /core-game/regions -> 200

* 19:15:36.368  WS -> /notifications/players/9b9d2c887e2524f918e383a895f2f1c2 TEXT hb reply {"Resource":"hb","Version":0,"Payload":""}
#12358 GET /revival/loadout -> 200
#12359 GET /revival/loadout -> 200
#12360 GET /revival/loadout -> 200
#12361 GET /revival/loadout -> 200
#12362 GET /revival/loadout -> 200

* 19:15:37.260  WS <- /lobby TEXT ""
#12363 GET /revival/loadout -> 200
#12364 GET /revival/loadout -> 200
#12365 GET /revival/loadout -> 200
#12366 GET /revival/loadout -> 200
#12367 GET /revival/loadout -> 200
#12368 GET /revival/loadout -> 200
#12369 GET /revival/loadout -> 200
#12370 GET /revival/loadout -> 200
#12371 GET /revival/loadout -> 200
#12372 GET /revival/loadout -> 200
#12373 GET /revival/loadout -> 200
#12374 GET /revival/loadout -> 200
#12375 GET /revival/loadout -> 200
#12376 GET /revival/loadout -> 200
#12377 GET /revival/loadout -> 200
#12378 GET /revival/loadout -> 200
#12379 GET /revival/loadout -> 200
#12380 GET /revival/loadout -> 200
#12381 GET /revival/loadout -> 200
#12382 GET /revival/loadout -> 200
#12383 GET /revival/loadout -> 200
#12384 GET /revival/loadout -> 200
#12385 GET /revival/loadout -> 200
#12386 GET /revival/loadout -> 200
#12387 GET /revival/loadout -> 200
#12388 GET /revival/loadout -> 200
#12389 GET /revival/loadout -> 200
#12390 GET /revival/loadout -> 200
#12391 GET /revival/loadout -> 200
#12392 GET /revival/loadout -> 200
#12393 GET /revival/loadout -> 200
#12394 GET /revival/loadout -> 200
#12395 GET /revival/loadout -> 200
#12396 GET /revival/loadout -> 200
#12397 GET /revival/loadout -> 200
#12398 GET /revival/loadout -> 200
#12399 GET /revival/loadout -> 200
#12400 GET /revival/loadout -> 200
#12401 GET /revival/loadout -> 200
#12402 GET /revival/loadout -> 200
#12403 GET /revival/loadout -> 200
#12404 GET /revival/loadout -> 200
#12405 GET /revival/loadout -> 200
#12406 GET /revival/loadout -> 200
#12407 GET /revival/loadout -> 200
#12408 GET /revival/loadout -> 200
#12409 GET /revival/loadout -> 200
#12410 GET /revival/loadout -> 200
#12411 GET /revival/loadout -> 200
#12412 GET /revival/loadout -> 200
#12413 GET /revival/loadout -> 200
#12414 GET /revival/loadout -> 200
#12415 GET /revival/loadout -> 200
#12416 GET /revival/loadout -> 200
#12417 GET /revival/loadout -> 200
#12418 GET /revival/loadout -> 200
#12419 GET /revival/loadout -> 200
#12420 GET /revival/loadout -> 200
#12421 GET /revival/loadout -> 200
#12422 GET /revival/loadout -> 200
#12423 GET /revival/loadout -> 200
#12424 GET /revival/loadout -> 200
#12425 GET /revival/loadout -> 200
#12426 GET /revival/loadout -> 200
#12427 GET /revival/loadout -> 200
#12428 GET /revival/loadout -> 200
#12429 GET /revival/loadout -> 200
#12430 GET /revival/loadout -> 200
#12431 GET /revival/loadout -> 200
#12432 GET /revival/loadout -> 200
#12433 GET /revival/loadout -> 200
#12434 GET /revival/loadout -> 200
#12435 GET /revival/loadout -> 200
#12436 GET /revival/loadout -> 200
#12437 GET /revival/loadout -> 200
#12438 GET /revival/loadout -> 200
#12439 GET /revival/loadout -> 200
#12440 GET /revival/loadout -> 200
#12441 GET /revival/loadout -> 200
#12442 GET /revival/loadout -> 200
#12443 GET /revival/loadout -> 200
#12444 GET /revival/loadout -> 200
#12445 GET /revival/loadout -> 200
#12446 GET /revival/loadout -> 200
#12447 GET /configuration/client -> 200
#12448 GET /revival/loadout -> 200
#12449 GET /content-service/manifest/release2.4.live-156430-shipping -> 200
#12450 GET /revival/loadout -> 200
#12451 GET /revival/loadout -> 200
#12452 GET /revival/loadout -> 200
#12453 GET /revival/loadout -> 200
#12454 GET /revival/loadout -> 200
#12455 GET /revival/loadout -> 200
#12456 GET /revival/loadout -> 200
#12457 GET /revival/loadout -> 200
#12458 GET /revival/loadout -> 200
#12459 GET /revival/loadout -> 200
#12460 GET /party/players/9b9d2c887e2524f918e383a895f2f1c2/voice -> 200
#12461 GET /revival/loadout -> 200
#12462 GET /revival/loadout -> 200
#12463 GET /revival/loadout -> 200
#12464 GET /revival/loadout -> 200
#12465 GET /revival/loadout -> 200
#12466 GET /revival/loadout -> 200
#12467 GET /revival/loadout -> 200
#12468 GET /revival/loadout -> 200
#12469 GET /revival/loadout -> 200
#12470 GET /revival/loadout -> 200
#12471 GET /revival/loadout -> 200
#12472 GET /revival/loadout -> 200
#12473 GET /revival/loadout -> 200
#12474 GET /revival/loadout -> 200
#12475 GET /revival/loadout -> 200
#12476 GET /revival/loadout -> 200
#12477 GET /revival/loadout -> 200
#12478 GET /revival/loadout -> 200
#12479 GET /revival/loadout -> 200
#12480 GET /revival/loadout -> 200
#12481 GET /revival/loadout -> 200
#12482 GET /revival/loadout -> 200
#12483 GET /revival/loadout -> 200
#12484 GET /revival/loadout -> 200
#12485 GET /revival/loadout -> 200
#12486 GET /revival/loadout -> 200
#12487 GET /revival/loadout -> 200
#12488 GET /revival/loadout -> 200
#12489 GET /revival/loadout -> 200
#12490 GET /revival/loadout -> 200
#12491 POST /party/parties/party-9b9d2c887e2524f918e383a895f2f1c2/members/9b9d2c887e2524f918e383a895f2f1c2/latencies -> 200
#12492 GET /revival/loadout -> 200
#12493 GET /revival/loadout -> 200
#12494 GET /revival/loadout -> 200
#12495 GET /revival/loadout -> 200
#12496 GET /revival/loadout -> 200
#12497 GET /revival/loadout -> 200
#12498 GET /revival/loadout -> 200
#12499 GET /revival/loadout -> 200
#12500 GET /revival/loadout -> 200
#12501 GET /revival/loadout -> 200
#12502 GET /revival/loadout -> 200
#12503 GET /revival/loadout -> 200
#12504 GET /revival/loadout -> 200
#12505 GET /revival/loadout -> 200
#12506 GET /revival/loadout -> 200
#12507 GET /revival/loadout -> 200
#12508 GET /revival/loadout -> 200
#12509 GET /revival/loadout -> 200
#12510 GET /revival/loadout -> 200
#12511 GET /revival/loadout -> 200
#12512 GET /revival/loadout -> 200
#12513 POST /game-telemetry/v1/protected/events -> 200
#12514 GET /revival/loadout -> 200
#12515 GET /revival/loadout -> 200
#12516 GET /revival/loadout -> 200
#12517 GET /revival/loadout -> 200
#12518 GET /revival/loadout -> 200
#12519 GET /revival/loadout -> 200
#12520 GET /revival/loadout -> 200
#12521 GET /revival/loadout -> 200
#12522 GET /revival/loadout -> 200
#12523 GET /revival/loadout -> 200
#12524 GET /revival/loadout -> 200
#12525 GET /revival/loadout -> 200
#12526 GET /revival/loadout -> 200
#12527 GET /party/matchmaking/info -> 200
#12528 GET /revival/loadout -> 200

* 19:16:06.501  WS -> /notifications/players/9b9d2c887e2524f918e383a895f2f1c2 BINARY hb (proactive 30s keepalive)
#12529 GET /revival/loadout -> 200
#12530 GET /revival/loadout -> 200
#12531 GET /revival/loadout -> 200
#12532 GET /revival/loadout -> 200

* 19:16:07.274  WS <- /lobby TEXT ""
#12533 GET /revival/loadout -> 200
#12534 GET /revival/loadout -> 200
#12535 GET /revival/loadout -> 200
#12536 GET /revival/loadout -> 200
#12537 GET /revival/loadout -> 200
#12538 GET /revival/loadout -> 200
#12539 GET /revival/loadout -> 200
#12540 GET /revival/loadout -> 200
#12541 GET /revival/loadout -> 200
#12542 GET /revival/loadout -> 200
#12543 GET /revival/loadout -> 200
#12544 GET /revival/loadout -> 200
#12545 GET /revival/loadout -> 200
#12546 GET /revival/loadout -> 200
#12547 GET /revival/loadout -> 200
#12548 GET /revival/loadout -> 200
#12549 GET /revival/loadout -> 200
#12550 GET /revival/loadout -> 200
#12551 GET /revival/loadout -> 200
#12552 GET /revival/loadout -> 200
#12553 GET /revival/loadout -> 200
#12554 GET /revival/loadout -> 200
#12555 GET /revival/loadout -> 200
#12556 GET /revival/loadout -> 200
#12557 GET /revival/loadout -> 200
#12558 GET /revival/loadout -> 200
#12559 GET /revival/loadout -> 200
#12560 GET /revival/loadout -> 200
#12561 GET /revival/loadout -> 200
#12562 GET /revival/loadout -> 200
#12563 GET /revival/loadout -> 200
#12564 GET /revival/loadout -> 200
#12565 GET /revival/loadout -> 200
#12566 GET /revival/loadout -> 200
#12567 GET /revival/loadout -> 200
#12568 GET /revival/loadout -> 200
#12569 GET /revival/loadout -> 200
#12570 GET /revival/loadout -> 200
#12571 GET /revival/loadout -> 200
#12572 GET /revival/loadout -> 200
#12573 GET /revival/loadout -> 200
#12574 GET /revival/loadout -> 200
#12575 GET /revival/loadout -> 200
#12576 GET /revival/loadout -> 200
#12577 GET /revival/loadout -> 200
#12578 GET /revival/loadout -> 200
#12579 GET /revival/loadout -> 200
#12580 GET /revival/loadout -> 200
#12581 GET /revival/loadout -> 200
#12582 GET /revival/loadout -> 200
#12583 GET /revival/loadout -> 200
#12584 GET /revival/loadout -> 200
#12585 GET /revival/loadout -> 200
#12586 GET /revival/loadout -> 200
#12587 GET /revival/loadout -> 200
#12588 GET /revival/loadout -> 200
#12589 GET /revival/loadout -> 200
#12590 GET /revival/loadout -> 200
#12591 GET /revival/loadout -> 200
#12592 GET /revival/loadout -> 200
#12593 GET /revival/loadout -> 200
#12594 GET /revival/loadout -> 200
#12595 GET /revival/loadout -> 200
#12596 GET /revival/loadout -> 200
#12597 GET /revival/loadout -> 200
#12598 GET /revival/loadout -> 200
#12599 GET /revival/loadout -> 200
#12600 GET /revival/loadout -> 200
#12601 GET /revival/loadout -> 200
#12602 GET /revival/loadout -> 200
#12603 GET /revival/loadout -> 200
#12604 GET /revival/loadout -> 200
#12605 GET /revival/loadout -> 200
#12606 GET /revival/loadout -> 200
#12607 GET /revival/loadout -> 200
#12608 GET /revival/loadout -> 200
#12609 GET /revival/loadout -> 200
#12610 GET /revival/loadout -> 200
#12611 GET /revival/loadout -> 200
#12612 GET /revival/loadout -> 200
#12613 GET /revival/loadout -> 200
#12614 GET /revival/loadout -> 200
#12615 GET /revival/loadout -> 200
#12616 GET /revival/loadout -> 200
#12617 GET /configuration/client -> 200
#12618 GET /revival/loadout -> 200
#12619 GET /content-service/manifest/release2.4.live-156430-shipping -> 200
#12620 GET /revival/loadout -> 200
#12621 GET /revival/loadout -> 200
#12622 GET /revival/loadout -> 200
#12623 GET /revival/loadout -> 200
#12624 GET /revival/loadout -> 200
#12625 GET /revival/loadout -> 200
#12626 GET /revival/loadout -> 200
#12627 GET /revival/loadout -> 200
#12628 GET /revival/loadout -> 200
#12629 GET /revival/loadout -> 200
#12630 GET /revival/loadout -> 200
#12631 GET /revival/loadout -> 200
#12632 GET /party/players/9b9d2c887e2524f918e383a895f2f1c2/voice -> 200
#12633 GET /revival/loadout -> 200
#12634 GET /revival/loadout -> 200
#12635 GET /revival/loadout -> 200
#12636 GET /revival/loadout -> 200
#12637 GET /revival/loadout -> 200
#12638 GET /revival/loadout -> 200
#12639 GET /revival/loadout -> 200
#12640 GET /revival/loadout -> 200
#12641 GET /revival/loadout -> 200
#12642 GET /revival/loadout -> 200
#12643 GET /revival/loadout -> 200
#12644 GET /revival/loadout -> 200
#12645 GET /revival/loadout -> 200
#12646 GET /revival/loadout -> 200
#12647 GET /revival/loadout -> 200
#12648 GET /revival/loadout -> 200
#12649 GET /revival/loadout -> 200
#12650 GET /revival/loadout -> 200
#12651 GET /revival/loadout -> 200
#12652 GET /revival/loadout -> 200
#12653 GET /revival/loadout -> 200
#12654 GET /revival/loadout -> 200
#12655 GET /revival/loadout -> 200
#12656 GET /revival/loadout -> 200
#12657 GET /revival/loadout -> 200
#12658 GET /revival/loadout -> 200
#12659 GET /revival/loadout -> 200
#12660 GET /revival/loadout -> 200
#12661 POST /party/parties/party-9b9d2c887e2524f918e383a895f2f1c2/members/9b9d2c887e2524f918e383a895f2f1c2/latencies -> 200
#12662 GET /revival/loadout -> 200
#12663 GET /revival/loadout -> 200
#12664 GET /revival/loadout -> 200
#12665 GET /revival/loadout -> 200
#12666 GET /revival/loadout -> 200
#12667 GET /revival/loadout -> 200

* 19:16:31.316  WS <- /notifications/players/9b9d2c887e2524f918e383a895f2f1c2 BINARY (2 bytes) 6862
#12668 GET /revival/loadout -> 200

* 19:16:31.347  WS -> /notifications/players/9b9d2c887e2524f918e383a895f2f1c2 TEXT hb reply {"Resource":"hb","Version":0,"Payload":""}
#12669 GET /revival/loadout -> 200
#12670 GET /revival/loadout -> 200
#12671 GET /revival/loadout -> 200
#12672 GET /revival/loadout -> 200
#12673 GET /revival/loadout -> 200
#12674 GET /revival/loadout -> 200
#12675 GET /revival/loadout -> 200
#12676 GET /revival/loadout -> 200
#12677 GET /revival/loadout -> 200
#12678 GET /revival/loadout -> 200
#12679 GET /revival/loadout -> 200
#12680 GET /revival/loadout -> 200
#12681 GET /revival/loadout -> 200
#12682 GET /revival/loadout -> 200
#12683 GET /revival/loadout -> 200
#12684 GET /revival/loadout -> 200
#12685 GET /revival/loadout -> 200
#12686 GET /revival/loadout -> 200
#12687 GET /revival/loadout -> 200
#12688 GET /revival/loadout -> 200
#12689 GET /revival/loadout -> 200
#12690 GET /revival/loadout -> 200
#12691 GET /revival/loadout -> 200
#12692 GET /revival/loadout -> 200
#12693 GET /revival/loadout -> 200
#12694 GET /revival/loadout -> 200
#12695 GET /revival/loadout -> 200
#12696 GET /core-game/regions -> 200
#12697 GET /party/matchmaking/info -> 200
#12698 GET /revival/loadout -> 200
#12699 GET /revival/loadout -> 200
#12700 GET /revival/loadout -> 200
#12701 GET /revival/loadout -> 200
#12702 GET /revival/loadout -> 200

* 19:16:37.294  WS <- /lobby TEXT ""
#12703 GET /revival/loadout -> 200
#12704 GET /revival/loadout -> 200
#12705 GET /revival/loadout -> 200
#12706 GET /revival/loadout -> 200
#12707 GET /revival/loadout -> 200
#12708 GET /revival/loadout -> 200
#12709 GET /revival/loadout -> 200
#12710 GET /revival/loadout -> 200
#12711 GET /revival/loadout -> 200
#12712 GET /revival/loadout -> 200
#12713 GET /revival/loadout -> 200
#12714 GET /revival/loadout -> 200
#12715 GET /revival/loadout -> 200
#12716 GET /revival/loadout -> 200
#12717 GET /revival/loadout -> 200
#12718 GET /revival/loadout -> 200
#12719 GET /revival/loadout -> 200
#12720 GET /revival/loadout -> 200
#12721 GET /revival/loadout -> 200
#12722 GET /revival/loadout -> 200
#12723 GET /revival/loadout -> 200
#12724 GET /revival/loadout -> 200
#12725 GET /revival/loadout -> 200
#12726 GET /revival/loadout -> 200
#12727 GET /revival/loadout -> 200
#12728 GET /revival/loadout -> 200
#12729 GET /revival/loadout -> 200
#12730 GET /revival/loadout -> 200
#12731 GET /revival/loadout -> 200
#12732 GET /revival/loadout -> 200
#12733 GET /revival/loadout -> 200
#12734 GET /revival/loadout -> 200
#12735 GET /revival/loadout -> 200
#12736 GET /revival/loadout -> 200
#12737 GET /revival/loadout -> 200
#12738 GET /revival/loadout -> 200
#12739 GET /revival/loadout -> 200
#12740 GET /revival/loadout -> 200
#12741 GET /revival/loadout -> 200
#12742 GET /revival/loadout -> 200
#12743 GET /revival/loadout -> 200
#12744 GET /revival/loadout -> 200
#12745 GET /revival/loadout -> 200
#12746 GET /revival/loadout -> 200
#12747 GET /revival/loadout -> 200
#12748 GET /revival/loadout -> 200
#12749 GET /revival/loadout -> 200
#12750 GET /revival/loadout -> 200
#12751 GET /revival/loadout -> 200
#12752 GET /revival/loadout -> 200
#12753 GET /revival/loadout -> 200
#12754 GET /revival/loadout -> 200
#12755 GET /revival/loadout -> 200
#12756 GET /revival/loadout -> 200
#12757 GET /revival/loadout -> 200
#12758 GET /revival/loadout -> 200
#12759 GET /revival/loadout -> 200
#12760 GET /revival/loadout -> 200
#12761 GET /revival/loadout -> 200
#12762 GET /revival/loadout -> 200
#12763 GET /revival/loadout -> 200
#12764 GET /revival/loadout -> 200
#12765 GET /revival/loadout -> 200
#12766 GET /revival/loadout -> 200
#12767 GET /revival/loadout -> 200
#12768 GET /revival/loadout -> 200
#12769 GET /revival/loadout -> 200
#12770 GET /revival/loadout -> 200
#12771 GET /revival/loadout -> 200
#12772 GET /revival/loadout -> 200
#12773 GET /revival/loadout -> 200
#12774 GET /revival/loadout -> 200
#12775 GET /revival/loadout -> 200
#12776 GET /revival/loadout -> 200
#12777 GET /revival/loadout -> 200
#12778 GET /revival/loadout -> 200
#12779 GET /revival/loadout -> 200
#12780 GET /revival/loadout -> 200
#12781 GET /revival/loadout -> 200
#12782 GET /revival/loadout -> 200
#12783 GET /revival/loadout -> 200
#12784 GET /revival/loadout -> 200
#12785 GET /revival/loadout -> 200
#12786 GET /revival/loadout -> 200
#12787 GET /configuration/client -> 200
#12788 GET /revival/loadout -> 200
#12789 GET /revival/loadout -> 200
#12790 GET /content-service/manifest/release2.4.live-156430-shipping -> 200
#12791 GET /revival/loadout -> 200
#12792 GET /revival/loadout -> 200
#12793 GET /revival/loadout -> 200
#12794 GET /revival/loadout -> 200
#12795 GET /revival/loadout -> 200
#12796 GET /revival/loadout -> 200
#12797 GET /revival/loadout -> 200
#12798 GET /revival/loadout -> 200
#12799 GET /revival/loadout -> 200
#12800 GET /revival/loadout -> 200
#12801 GET /revival/loadout -> 200
#12802 GET /revival/loadout -> 200
#12803 GET /revival/loadout -> 200
#12804 GET /party/players/9b9d2c887e2524f918e383a895f2f1c2/voice -> 200
#12805 GET /revival/loadout -> 200
#12806 GET /revival/loadout -> 200
#12807 GET /revival/loadout -> 200
#12808 GET /revival/loadout -> 200
#12809 GET /revival/loadout -> 200
#12810 GET /revival/loadout -> 200
#12811 GET /revival/loadout -> 200
#12812 GET /revival/loadout -> 200
#12813 GET /revival/loadout -> 200
#12814 GET /revival/loadout -> 200
#12815 GET /revival/loadout -> 200
#12816 GET /revival/loadout -> 200
#12817 GET /revival/loadout -> 200
#12818 GET /revival/loadout -> 200
#12819 GET /revival/loadout -> 200
#12820 GET /revival/loadout -> 200
#12821 GET /revival/loadout -> 200
#12822 GET /revival/loadout -> 200
#12823 GET /revival/loadout -> 200
#12824 GET /revival/loadout -> 200
#12825 GET /revival/loadout -> 200
#12826 GET /revival/loadout -> 200
#12827 GET /revival/loadout -> 200
#12828 GET /revival/loadout -> 200
#12829 GET /revival/loadout -> 200
#12830 GET /revival/loadout -> 200
#12831 GET /revival/loadout -> 200
#12832 GET /revival/loadout -> 200
#12833 POST /party/parties/party-9b9d2c887e2524f918e383a895f2f1c2/members/9b9d2c887e2524f918e383a895f2f1c2/latencies -> 200
#12834 GET /revival/loadout -> 200
#12835 GET /revival/loadout -> 200
#12836 GET /revival/loadout -> 200
#12837 GET /revival/loadout -> 200
#12838 GET /revival/loadout -> 200

* 19:17:01.414  WS -> /notifications/players/9b9d2c887e2524f918e383a895f2f1c2 BINARY hb (proactive 30s keepalive)
#12839 GET /revival/loadout -> 200
#12840 GET /revival/loadout -> 200
#12841 GET /revival/loadout -> 200
#12842 GET /revival/loadout -> 200
#12843 GET /revival/loadout -> 200
#12844 GET /revival/loadout -> 200
#12845 GET /revival/loadout -> 200
#12846 GET /revival/loadout -> 200
#12847 GET /revival/loadout -> 200
#12848 GET /revival/loadout -> 200
#12849 GET /revival/loadout -> 200
#12850 GET /revival/loadout -> 200
#12851 GET /revival/loadout -> 200
#12852 GET /revival/loadout -> 200
#12853 POST /game-telemetry/v1/protected/events -> 200
#12854 GET /revival/loadout -> 200
#12855 GET /revival/loadout -> 200
#12856 GET /revival/loadout -> 200
#12857 GET /revival/loadout -> 200
#12858 GET /revival/loadout -> 200
#12859 GET /revival/loadout -> 200
#12860 GET /revival/loadout -> 200
#12861 GET /revival/loadout -> 200
#12862 GET /revival/loadout -> 200
#12863 GET /revival/loadout -> 200
#12864 GET /revival/loadout -> 200
#12865 GET /revival/loadout -> 200
#12866 GET /revival/loadout -> 200
#12867 GET /party/matchmaking/info -> 200
#12868 GET /mailbox/config/version -> 200
#12869 GET /revival/loadout -> 200
#12870 GET /revival/loadout -> 200
#12871 GET /revival/loadout -> 200
#12872 GET /revival/loadout -> 200
#12873 GET /revival/loadout -> 200

* 19:17:07.280  WS <- /lobby TEXT ""
#12874 GET /revival/loadout -> 200
#12875 GET /revival/loadout -> 200
#12876 GET /revival/loadout -> 200
#12877 GET /revival/loadout -> 200
#12878 GET /revival/loadout -> 200
#12879 GET /revival/loadout -> 200
#12880 GET /revival/loadout -> 200
#12881 GET /revival/loadout -> 200
#12882 GET /revival/loadout -> 200
#12883 GET /revival/loadout -> 200
#12884 GET /revival/loadout -> 200
#12885 GET /revival/loadout -> 200
#12886 GET /revival/loadout -> 200
#12887 GET /revival/loadout -> 200
#12888 GET /revival/loadout -> 200
#12889 GET /revival/loadout -> 200
#12890 GET /revival/loadout -> 200
#12891 GET /revival/loadout -> 200
#12892 GET /revival/loadout -> 200
#12893 GET /revival/loadout -> 200
#12894 GET /revival/loadout -> 200
#12895 GET /revival/loadout -> 200
#12896 GET /revival/loadout -> 200
#12897 GET /revival/loadout -> 200
#12898 GET /revival/loadout -> 200
#12899 GET /revival/loadout -> 200
#12900 GET /revival/loadout -> 200
#12901 GET /revival/loadout -> 200
#12902 GET /revival/loadout -> 200
#12903 GET /revival/loadout -> 200
#12904 GET /revival/loadout -> 200
#12905 GET /revival/loadout -> 200
#12906 GET /revival/loadout -> 200
#12907 GET /revival/loadout -> 200
#12908 GET /revival/loadout -> 200
#12909 GET /revival/loadout -> 200
#12910 GET /revival/loadout -> 200
#12911 GET /revival/loadout -> 200
#12912 GET /revival/loadout -> 200
#12913 GET /revival/loadout -> 200
#12914 GET /revival/loadout -> 200
#12915 GET /revival/loadout -> 200
#12916 GET /revival/loadout -> 200
#12917 GET /revival/loadout -> 200
#12918 GET /revival/loadout -> 200
#12919 GET /revival/loadout -> 200
#12920 GET /revival/loadout -> 200
#12921 GET /revival/loadout -> 200
#12922 GET /revival/loadout -> 200
#12923 GET /revival/loadout -> 200
#12924 GET /revival/loadout -> 200
#12925 GET /revival/loadout -> 200
#12926 GET /revival/loadout -> 200
#12927 GET /revival/loadout -> 200
#12928 GET /revival/loadout -> 200
#12929 GET /revival/loadout -> 200
#12930 GET /revival/loadout -> 200
#12931 GET /revival/loadout -> 200
#12932 GET /revival/loadout -> 200
#12933 GET /revival/loadout -> 200
#12934 GET /revival/loadout -> 200
#12935 GET /revival/loadout -> 200
#12936 GET /revival/loadout -> 200
#12937 GET /revival/loadout -> 200
#12938 GET /revival/loadout -> 200
#12939 GET /revival/loadout -> 200
#12940 GET /revival/loadout -> 200
#12941 GET /revival/loadout -> 200
#12942 GET /revival/loadout -> 200
#12943 GET /revival/loadout -> 200
#12944 GET /revival/loadout -> 200
#12945 GET /revival/loadout -> 200
#12946 GET /revival/loadout -> 200
#12947 GET /revival/loadout -> 200
#12948 GET /revival/loadout -> 200
#12949 GET /revival/loadout -> 200
#12950 GET /revival/loadout -> 200
#12951 GET /revival/loadout -> 200
#12952 GET /revival/loadout -> 200
#12953 GET /revival/loadout -> 200
#12954 GET /revival/loadout -> 200
#12955 GET /revival/loadout -> 200
#12956 GET /revival/loadout -> 200
#12957 GET /revival/loadout -> 200
#12958 GET /configuration/client -> 200
#12959 GET /revival/loadout -> 200
#12960 GET /content-service/manifest/release2.4.live-156430-shipping -> 200
#12961 GET /revival/loadout -> 200
#12962 GET /revival/loadout -> 200
#12963 GET /revival/loadout -> 200
#12964 GET /revival/loadout -> 200
#12965 GET /revival/loadout -> 200
#12966 GET /revival/loadout -> 200
#12967 GET /revival/loadout -> 200
#12968 GET /revival/loadout -> 200
#12969 GET /revival/loadout -> 200
#12970 GET /revival/loadout -> 200
#12971 GET /revival/loadout -> 200
#12972 GET /revival/loadout -> 200
#12973 GET /revival/loadout -> 200
#12974 GET /revival/loadout -> 200
#12975 GET /revival/loadout -> 200
#12976 GET /revival/loadout -> 200
#12977 GET /party/players/9b9d2c887e2524f918e383a895f2f1c2/voice -> 200
#12978 GET /revival/loadout -> 200
#12979 GET /revival/loadout -> 200
#12980 GET /revival/loadout -> 200

* 19:17:26.304  WS <- /notifications/players/9b9d2c887e2524f918e383a895f2f1c2 BINARY (2 bytes) 6862

* 19:17:26.334  WS -> /notifications/players/9b9d2c887e2524f918e383a895f2f1c2 TEXT hb reply {"Resource":"hb","Version":0,"Payload":""}
#12981 GET /revival/loadout -> 200
#12982 GET /revival/loadout -> 200
#12983 GET /revival/loadout -> 200
#12984 GET /revival/loadout -> 200
#12985 GET /revival/loadout -> 200
#12986 GET /revival/loadout -> 200
#12987 GET /revival/loadout -> 200
#12988 GET /revival/loadout -> 200
#12989 GET /revival/loadout -> 200
#12990 GET /revival/loadout -> 200
#12991 GET /revival/loadout -> 200
#12992 GET /revival/loadout -> 200
#12993 GET /revival/loadout -> 200
#12994 GET /revival/loadout -> 200
#12995 GET /revival/loadout -> 200
#12996 GET /revival/loadout -> 200
#12997 GET /revival/loadout -> 200
#12998 GET /revival/loadout -> 200
#12999 GET /revival/loadout -> 200
#13000 GET /revival/loadout -> 200
#13001 GET /revival/loadout -> 200
#13002 GET /revival/loadout -> 200
#13003 GET /revival/loadout -> 200
#13004 POST /party/parties/party-9b9d2c887e2524f918e383a895f2f1c2/members/9b9d2c887e2524f918e383a895f2f1c2/latencies -> 200
#13005 GET /revival/loadout -> 200
#13006 GET /revival/loadout -> 200
#13007 GET /revival/loadout -> 200
#13008 GET /revival/loadout -> 200
#13009 GET /revival/loadout -> 200
#13010 GET /revival/loadout -> 200
#13011 GET /revival/loadout -> 200
#13012 GET /revival/loadout -> 200
#13013 GET /revival/loadout -> 200
#13014 GET /revival/loadout -> 200
#13015 GET /revival/loadout -> 200
#13016 GET /revival/loadout -> 200
#13017 GET /revival/loadout -> 200
#13018 GET /revival/loadout -> 200
#13019 GET /revival/loadout -> 200
#13020 GET /revival/loadout -> 200
#13021 GET /revival/loadout -> 200
#13022 GET /revival/loadout -> 200
#13023 GET /revival/loadout -> 200
#13024 GET /revival/loadout -> 200
#13025 GET /revival/loadout -> 200
#13026 GET /revival/loadout -> 200
#13027 GET /revival/loadout -> 200
#13028 GET /revival/loadout -> 200
#13029 GET /revival/loadout -> 200
#13030 GET /revival/loadout -> 200
#13031 GET /revival/loadout -> 200
#13032 GET /revival/loadout -> 200
#13033 GET /revival/loadout -> 200
#13034 GET /revival/loadout -> 200
#13035 GET /revival/loadout -> 200
#13036 GET /party/matchmaking/info -> 200
#13037 GET /core-game/regions -> 200
#13038 GET /revival/loadout -> 200
#13039 GET /revival/loadout -> 200
#13040 GET /revival/loadout -> 200
#13041 GET /revival/loadout -> 200
#13042 GET /revival/loadout -> 200

* 19:17:37.275  WS <- /lobby TEXT ""
#13043 GET /revival/loadout -> 200
#13044 GET /revival/loadout -> 200
#13045 GET /revival/loadout -> 200
#13046 GET /revival/loadout -> 200
#13047 GET /revival/loadout -> 200
#13048 GET /revival/loadout -> 200
#13049 GET /revival/loadout -> 200
#13050 GET /revival/loadout -> 200
#13051 GET /revival/loadout -> 200
#13052 GET /revival/loadout -> 200
#13053 GET /revival/loadout -> 200
#13054 GET /revival/loadout -> 200
#13055 GET /revival/loadout -> 200
#13056 GET /revival/loadout -> 200
#13057 GET /revival/loadout -> 200
#13058 GET /revival/loadout -> 200
#13059 GET /revival/loadout -> 200
#13060 GET /revival/loadout -> 200
#13061 GET /revival/loadout -> 200
#13062 GET /revival/loadout -> 200
#13063 GET /revival/loadout -> 200
#13064 GET /revival/loadout -> 200
#13065 GET /revival/loadout -> 200
#13066 GET /revival/loadout -> 200
#13067 GET /revival/loadout -> 200
#13068 GET /revival/loadout -> 200
#13069 GET /revival/loadout -> 200
#13070 GET /revival/loadout -> 200
#13071 GET /revival/loadout -> 200
#13072 GET /revival/loadout -> 200
#13073 GET /revival/loadout -> 200
#13074 GET /revival/loadout -> 200
#13075 GET /revival/loadout -> 200
#13076 GET /revival/loadout -> 200
#13077 GET /revival/loadout -> 200
#13078 GET /revival/loadout -> 200
#13079 GET /revival/loadout -> 200
#13080 GET /revival/loadout -> 200
#13081 GET /revival/loadout -> 200
#13082 GET /revival/loadout -> 200
#13083 GET /revival/loadout -> 200
#13084 GET /revival/loadout -> 200
#13085 GET /revival/loadout -> 200
#13086 GET /revival/loadout -> 200
#13087 GET /revival/loadout -> 200
#13088 GET /revival/loadout -> 200
#13089 GET /revival/loadout -> 200
#13090 GET /revival/loadout -> 200
#13091 GET /revival/loadout -> 200
#13092 GET /revival/loadout -> 200
#13093 GET /revival/loadout -> 200
#13094 GET /revival/loadout -> 200
#13095 GET /revival/loadout -> 200
#13096 GET /revival/loadout -> 200
#13097 GET /revival/loadout -> 200
#13098 GET /revival/loadout -> 200
#13099 GET /revival/loadout -> 200
#13100 GET /revival/loadout -> 200
#13101 GET /revival/loadout -> 200
#13102 GET /revival/loadout -> 200
#13103 GET /revival/loadout -> 200
#13104 GET /revival/loadout -> 200
#13105 GET /revival/loadout -> 200
#13106 GET /revival/loadout -> 200
#13107 GET /revival/loadout -> 200
#13108 GET /revival/loadout -> 200
#13109 GET /revival/loadout -> 200
#13110 GET /revival/loadout -> 200
#13111 GET /revival/loadout -> 200
#13112 GET /revival/loadout -> 200
#13113 GET /revival/loadout -> 200
#13114 GET /revival/loadout -> 200
#13115 GET /revival/loadout -> 200
#13116 GET /revival/loadout -> 200
#13117 GET /revival/loadout -> 200
#13118 GET /revival/loadout -> 200
#13119 GET /revival/loadout -> 200
#13120 GET /revival/loadout -> 200
#13121 GET /revival/loadout -> 200
#13122 GET /revival/loadout -> 200
#13123 GET /revival/loadout -> 200
#13124 GET /revival/loadout -> 200
#13125 GET /revival/loadout -> 200
#13126 GET /revival/loadout -> 200
#13127 GET /configuration/client -> 200
#13128 GET /revival/loadout -> 200
#13129 GET /content-service/manifest/release2.4.live-156430-shipping -> 200
#13130 GET /revival/loadout -> 200
#13131 GET /revival/loadout -> 200
#13132 GET /revival/loadout -> 200
#13133 GET /revival/loadout -> 200
#13134 GET /revival/loadout -> 200
#13135 GET /revival/loadout -> 200
#13136 GET /revival/loadout -> 200
#13137 GET /revival/loadout -> 200
#13138 GET /revival/loadout -> 200
#13139 GET /revival/loadout -> 200
#13140 GET /revival/loadout -> 200
#13141 GET /revival/loadout -> 200
#13142 GET /revival/loadout -> 200
#13143 GET /revival/loadout -> 200
#13144 GET /revival/loadout -> 200
#13145 GET /revival/loadout -> 200
#13146 GET /revival/loadout -> 200
#13147 GET /revival/loadout -> 200
#13148 GET /revival/loadout -> 200
#13149 GET /party/players/9b9d2c887e2524f918e383a895f2f1c2/voice -> 200
#13150 GET /revival/loadout -> 200

* 19:17:56.394  WS -> /notifications/players/9b9d2c887e2524f918e383a895f2f1c2 BINARY hb (proactive 30s keepalive)
#13151 GET /revival/loadout -> 200
#13152 GET /revival/loadout -> 200
#13153 GET /revival/loadout -> 200
#13154 GET /revival/loadout -> 200
#13155 GET /revival/loadout -> 200
#13156 GET /revival/loadout -> 200
#13157 GET /revival/loadout -> 200
#13158 GET /revival/loadout -> 200
#13159 GET /revival/loadout -> 200
#13160 GET /revival/loadout -> 200
#13161 GET /revival/loadout -> 200
#13162 GET /revival/loadout -> 200
#13163 GET /revival/loadout -> 200
#13164 GET /revival/loadout -> 200
#13165 GET /revival/loadout -> 200
#13166 GET /revival/loadout -> 200
#13167 GET /revival/loadout -> 200
#13168 GET /revival/loadout -> 200
#13169 GET /revival/loadout -> 200
#13170 GET /revival/loadout -> 200
#13171 GET /revival/loadout -> 200
#13172 GET /revival/loadout -> 200
#13173 GET /revival/loadout -> 200
#13174 POST /party/parties/party-9b9d2c887e2524f918e383a895f2f1c2/members/9b9d2c887e2524f918e383a895f2f1c2/latencies -> 200
#13175 GET /revival/loadout -> 200
#13176 GET /revival/loadout -> 200
#13177 GET /revival/loadout -> 200
#13178 GET /revival/loadout -> 200
#13179 GET /revival/loadout -> 200
#13180 GET /revival/loadout -> 200
#13181 GET /revival/loadout -> 200
#13182 GET /revival/loadout -> 200
#13183 GET /revival/loadout -> 200
#13184 GET /revival/loadout -> 200
#13185 GET /revival/loadout -> 200
#13186 GET /revival/loadout -> 200
#13187 GET /revival/loadout -> 200
#13188 GET /revival/loadout -> 200
#13189 GET /revival/loadout -> 200
#13190 GET /revival/loadout -> 200
#13191 GET /revival/loadout -> 200
#13192 GET /revival/loadout -> 200
#13193 POST /game-telemetry/v1/protected/events -> 200
#13194 GET /revival/loadout -> 200
#13195 GET /revival/loadout -> 200
#13196 GET /revival/loadout -> 200
#13197 GET /revival/loadout -> 200
#13198 GET /revival/loadout -> 200
#13199 GET /revival/loadout -> 200
#13200 GET /revival/loadout -> 200
#13201 GET /revival/loadout -> 200
#13202 GET /revival/loadout -> 200
#13203 GET /revival/loadout -> 200
#13204 GET /revival/loadout -> 200
#13205 GET /revival/loadout -> 200
#13206 GET /revival/loadout -> 200
#13207 GET /party/matchmaking/info -> 200
#13208 GET /revival/loadout -> 200
#13209 GET /revival/loadout -> 200
#13210 GET /revival/loadout -> 200
#13211 GET /revival/loadout -> 200
#13212 GET /revival/loadout -> 200

* 19:18:07.302  WS <- /lobby TEXT ""
#13213 GET /revival/loadout -> 200
#13214 GET /revival/loadout -> 200
#13215 GET /revival/loadout -> 200
#13216 GET /revival/loadout -> 200
#13217 GET /revival/loadout -> 200
#13218 GET /revival/loadout -> 200
#13219 GET /revival/loadout -> 200
#13220 GET /revival/loadout -> 200
#13221 GET /revival/loadout -> 200
#13222 GET /revival/loadout -> 200
#13223 GET /revival/loadout -> 200
#13224 GET /revival/loadout -> 200
#13225 GET /revival/loadout -> 200
#13226 GET /revival/loadout -> 200
#13227 GET /revival/loadout -> 200
#13228 GET /revival/loadout -> 200
#13229 GET /revival/loadout -> 200
#13230 GET /revival/loadout -> 200
#13231 GET /revival/loadout -> 200
#13232 GET /revival/loadout -> 200
#13233 GET /revival/loadout -> 200
#13234 GET /revival/loadout -> 200
#13235 GET /revival/loadout -> 200
#13236 GET /revival/loadout -> 200
#13237 GET /revival/loadout -> 200
#13238 GET /revival/loadout -> 200
#13239 GET /revival/loadout -> 200
#13240 GET /revival/loadout -> 200
#13241 GET /revival/loadout -> 200
#13242 GET /revival/loadout -> 200
#13243 GET /revival/loadout -> 200
#13244 GET /revival/loadout -> 200
#13245 GET /revival/loadout -> 200
#13246 GET /revival/loadout -> 200
#13247 GET /revival/loadout -> 200
#13248 GET /revival/loadout -> 200
#13249 GET /revival/loadout -> 200
#13250 GET /revival/loadout -> 200
#13251 GET /revival/loadout -> 200
#13252 GET /revival/loadout -> 200
#13253 GET /revival/loadout -> 200
#13254 GET /revival/loadout -> 200
#13255 GET /revival/loadout -> 200
#13256 GET /revival/loadout -> 200
#13257 GET /revival/loadout -> 200
#13258 GET /revival/loadout -> 200
#13259 GET /revival/loadout -> 200
#13260 GET /revival/loadout -> 200
#13261 GET /revival/loadout -> 200
#13262 GET /revival/loadout -> 200
#13263 GET /revival/loadout -> 200
#13264 GET /revival/loadout -> 200
#13265 GET /revival/loadout -> 200
#13266 GET /revival/loadout -> 200
#13267 GET /revival/loadout -> 200
#13268 GET /revival/loadout -> 200
#13269 GET /revival/loadout -> 200
#13270 GET /revival/loadout -> 200
#13271 GET /revival/loadout -> 200
#13272 GET /revival/loadout -> 200
#13273 GET /revival/loadout -> 200
#13274 GET /revival/loadout -> 200
#13275 GET /revival/loadout -> 200
#13276 GET /revival/loadout -> 200
#13277 GET /revival/loadout -> 200
#13278 GET /revival/loadout -> 200
#13279 GET /revival/loadout -> 200
#13280 GET /revival/loadout -> 200
#13281 GET /revival/loadout -> 200
#13282 GET /revival/loadout -> 200
#13283 GET /revival/loadout -> 200
#13284 GET /revival/loadout -> 200
#13285 GET /revival/loadout -> 200
#13286 GET /revival/loadout -> 200
#13287 GET /revival/loadout -> 200
#13288 GET /revival/loadout -> 200
#13289 GET /revival/loadout -> 200

* 19:18:21.323  WS <- /notifications/players/9b9d2c887e2524f918e383a895f2f1c2 BINARY (2 bytes) 6862

* 19:18:21.373  WS -> /notifications/players/9b9d2c887e2524f918e383a895f2f1c2 TEXT hb reply {"Resource":"hb","Version":0,"Payload":""}
#13290 GET /revival/loadout -> 200
#13291 GET /revival/loadout -> 200
#13292 GET /revival/loadout -> 200
#13293 GET /revival/loadout -> 200
#13294 GET /revival/loadout -> 200
#13295 GET /revival/loadout -> 200
#13296 GET /revival/loadout -> 200
#13297 GET /configuration/client -> 200
#13298 GET /revival/loadout -> 200
#13299 GET /content-service/manifest/release2.4.live-156430-shipping -> 200
#13300 GET /revival/loadout -> 200
#13301 GET /revival/loadout -> 200
#13302 GET /revival/loadout -> 200
#13303 GET /revival/loadout -> 200
#13304 GET /revival/loadout -> 200
#13305 GET /revival/loadout -> 200
#13306 GET /revival/loadout -> 200
#13307 GET /revival/loadout -> 200
#13308 GET /revival/loadout -> 200
#13309 GET /revival/loadout -> 200
#13310 GET /revival/loadout -> 200
#13311 GET /revival/loadout -> 200
#13312 GET /revival/loadout -> 200
#13313 GET /revival/loadout -> 200
#13314 GET /revival/loadout -> 200
#13315 GET /revival/loadout -> 200
#13316 GET /revival/loadout -> 200
#13317 GET /revival/loadout -> 200
#13318 GET /revival/loadout -> 200
#13319 GET /revival/loadout -> 200
#13320 GET /party/players/9b9d2c887e2524f918e383a895f2f1c2/voice -> 200
#13321 GET /revival/loadout -> 200
#13322 GET /revival/loadout -> 200
#13323 GET /revival/loadout -> 200
#13324 GET /revival/loadout -> 200
#13325 GET /revival/loadout -> 200
#13326 GET /revival/loadout -> 200
#13327 GET /revival/loadout -> 200
#13328 GET /revival/loadout -> 200
#13329 GET /revival/loadout -> 200
#13330 GET /revival/loadout -> 200
#13331 GET /revival/loadout -> 200
#13332 GET /revival/loadout -> 200
#13333 GET /revival/loadout -> 200
#13334 GET /revival/loadout -> 200
#13335 GET /revival/loadout -> 200
#13336 GET /revival/loadout -> 200
#13337 GET /revival/loadout -> 200
#13338 GET /revival/loadout -> 200
#13339 GET /revival/loadout -> 200
#13340 GET /revival/loadout -> 200
#13341 GET /revival/loadout -> 200
#13342 GET /revival/loadout -> 200
#13343 GET /revival/loadout -> 200
#13344 POST /party/parties/party-9b9d2c887e2524f918e383a895f2f1c2/members/9b9d2c887e2524f918e383a895f2f1c2/latencies -> 200
#13345 GET /revival/loadout -> 200
#13346 GET /revival/loadout -> 200
#13347 GET /revival/loadout -> 200
#13348 GET /revival/loadout -> 200
#13349 GET /revival/loadout -> 200
#13350 GET /revival/loadout -> 200
#13351 GET /revival/loadout -> 200
#13352 GET /revival/loadout -> 200
#13353 GET /revival/loadout -> 200
#13354 GET /revival/loadout -> 200
#13355 GET /revival/loadout -> 200
#13356 GET /revival/loadout -> 200
#13357 GET /revival/loadout -> 200
#13358 GET /revival/loadout -> 200
#13359 GET /revival/loadout -> 200
#13360 GET /revival/loadout -> 200
#13361 GET /revival/loadout -> 200
#13362 GET /revival/loadout -> 200
#13363 GET /revival/loadout -> 200
#13364 GET /revival/loadout -> 200
#13365 GET /revival/loadout -> 200
#13366 GET /revival/loadout -> 200
#13367 GET /revival/loadout -> 200
#13368 GET /revival/loadout -> 200
#13369 GET /revival/loadout -> 200
#13370 GET /revival/loadout -> 200
#13371 GET /revival/loadout -> 200
#13372 GET /revival/loadout -> 200
#13373 GET /revival/loadout -> 200
#13374 GET /revival/loadout -> 200
#13375 GET /core-game/regions -> 200
#13376 GET /party/matchmaking/info -> 200
#13377 GET /mailbox/config/version -> 200
#13378 GET /revival/loadout -> 200
#13379 GET /revival/loadout -> 200
#13380 GET /revival/loadout -> 200
#13381 GET /revival/loadout -> 200
#13382 GET /revival/loadout -> 200

* 19:18:37.301  WS <- /lobby TEXT ""
#13383 GET /revival/loadout -> 200
#13384 GET /revival/loadout -> 200
#13385 GET /revival/loadout -> 200
#13386 GET /revival/loadout -> 200
#13387 GET /revival/loadout -> 200
#13388 GET /revival/loadout -> 200
#13389 GET /revival/loadout -> 200
#13390 GET /revival/loadout -> 200
#13391 GET /revival/loadout -> 200
#13392 GET /revival/loadout -> 200
#13393 GET /revival/loadout -> 200
#13394 GET /revival/loadout -> 200
#13395 GET /revival/loadout -> 200
#13396 GET /revival/loadout -> 200
#13397 GET /revival/loadout -> 200
#13398 GET /revival/loadout -> 200
#13399 GET /revival/loadout -> 200
#13400 GET /revival/loadout -> 200
#13401 GET /revival/loadout -> 200
#13402 GET /revival/loadout -> 200
#13403 GET /revival/loadout -> 200
#13404 GET /revival/loadout -> 200
#13405 GET /revival/loadout -> 200
#13406 GET /revival/loadout -> 200
#13407 GET /revival/loadout -> 200
#13408 GET /revival/loadout -> 200
#13409 GET /revival/loadout -> 200
#13410 GET /revival/loadout -> 200
#13411 GET /revival/loadout -> 200
#13412 GET /revival/loadout -> 200
#13413 GET /revival/loadout -> 200
#13414 GET /revival/loadout -> 200
#13415 GET /revival/loadout -> 200
#13416 GET /revival/loadout -> 200
#13417 GET /revival/loadout -> 200
#13418 GET /revival/loadout -> 200
#13419 GET /revival/loadout -> 200
#13420 GET /revival/loadout -> 200
#13421 GET /revival/loadout -> 200
#13422 GET /revival/loadout -> 200
#13423 GET /revival/loadout -> 200
#13424 GET /revival/loadout -> 200
#13425 GET /revival/loadout -> 200
#13426 GET /revival/loadout -> 200
#13427 GET /revival/loadout -> 200
#13428 GET /revival/loadout -> 200
#13429 GET /revival/loadout -> 200
#13430 GET /revival/loadout -> 200
#13431 GET /revival/loadout -> 200
#13432 GET /revival/loadout -> 200
#13433 GET /revival/loadout -> 200
#13434 GET /revival/loadout -> 200
#13435 GET /revival/loadout -> 200
#13436 GET /revival/loadout -> 200
#13437 GET /revival/loadout -> 200
#13438 GET /revival/loadout -> 200
#13439 GET /revival/loadout -> 200
#13440 GET /revival/loadout -> 200
#13441 GET /revival/loadout -> 200
#13442 GET /revival/loadout -> 200
#13443 GET /revival/loadout -> 200
#13444 GET /revival/loadout -> 200
#13445 GET /revival/loadout -> 200
#13446 GET /revival/loadout -> 200
#13447 GET /revival/loadout -> 200
#13448 GET /revival/loadout -> 200
#13449 GET /revival/loadout -> 200
#13450 GET /revival/loadout -> 200
#13451 GET /revival/loadout -> 200
#13452 GET /revival/loadout -> 200
#13453 GET /revival/loadout -> 200
#13454 GET /revival/loadout -> 200
#13455 GET /revival/loadout -> 200
#13456 GET /revival/loadout -> 200
#13457 GET /revival/loadout -> 200
#13458 GET /revival/loadout -> 200
#13459 GET /revival/loadout -> 200

* 19:18:51.415  WS -> /notifications/players/9b9d2c887e2524f918e383a895f2f1c2 BINARY hb (proactive 30s keepalive)
#13460 GET /revival/loadout -> 200
#13461 GET /revival/loadout -> 200
#13462 GET /revival/loadout -> 200
#13463 GET /revival/loadout -> 200
#13464 GET /revival/loadout -> 200
#13465 GET /revival/loadout -> 200
#13466 GET /configuration/client -> 200
#13467 GET /revival/loadout -> 200
#13468 GET /revival/loadout -> 200
#13469 GET /content-service/manifest/release2.4.live-156430-shipping -> 200
#13470 GET /revival/loadout -> 200
#13471 GET /revival/loadout -> 200
#13472 GET /revival/loadout -> 200
#13473 GET /revival/loadout -> 200
#13474 GET /revival/loadout -> 200
#13475 GET /revival/loadout -> 200
#13476 GET /revival/loadout -> 200
#13477 GET /revival/loadout -> 200
#13478 GET /revival/loadout -> 200
#13479 GET /revival/loadout -> 200
#13480 GET /revival/loadout -> 200
#13481 GET /revival/loadout -> 200
#13482 GET /revival/loadout -> 200
#13483 GET /revival/loadout -> 200
#13484 GET /revival/loadout -> 200
#13485 GET /revival/loadout -> 200
#13486 GET /revival/loadout -> 200
#13487 GET /revival/loadout -> 200
#13488 GET /revival/loadout -> 200
#13489 GET /revival/loadout -> 200
#13490 GET /revival/loadout -> 200
#13491 GET /revival/loadout -> 200
#13492 GET /party/players/9b9d2c887e2524f918e383a895f2f1c2/voice -> 200
#13493 GET /revival/loadout -> 200
#13494 GET /revival/loadout -> 200
#13495 GET /revival/loadout -> 200
#13496 GET /revival/loadout -> 200
#13497 GET /revival/loadout -> 200
#13498 GET /revival/loadout -> 200
#13499 GET /revival/loadout -> 200
#13500 GET /revival/loadout -> 200
#13501 GET /revival/loadout -> 200
#13502 GET /revival/loadout -> 200
#13503 GET /revival/loadout -> 200
#13504 GET /revival/loadout -> 200
#13505 GET /revival/loadout -> 200
#13506 GET /revival/loadout -> 200
#13507 GET /revival/loadout -> 200
#13508 GET /revival/loadout -> 200
#13509 GET /revival/loadout -> 200
#13510 GET /revival/loadout -> 200
#13511 GET /revival/loadout -> 200
#13512 GET /revival/loadout -> 200
#13513 GET /revival/loadout -> 200
#13514 POST /party/parties/party-9b9d2c887e2524f918e383a895f2f1c2/members/9b9d2c887e2524f918e383a895f2f1c2/latencies -> 200
#13515 GET /revival/loadout -> 200
#13516 GET /revival/loadout -> 200
#13517 GET /revival/loadout -> 200
#13518 GET /revival/loadout -> 200
#13519 GET /revival/loadout -> 200
#13520 GET /revival/loadout -> 200
#13521 GET /revival/loadout -> 200
#13522 GET /revival/loadout -> 200
#13523 GET /revival/loadout -> 200
#13524 GET /revival/loadout -> 200
#13525 GET /revival/loadout -> 200
#13526 GET /revival/loadout -> 200
#13527 GET /revival/loadout -> 200
#13528 GET /revival/loadout -> 200
#13529 GET /revival/loadout -> 200
#13530 GET /revival/loadout -> 200
#13531 GET /revival/loadout -> 200
#13532 POST /game-telemetry/v1/protected/events -> 200
#13533 GET /revival/loadout -> 200
#13534 GET /revival/loadout -> 200
#13535 GET /revival/loadout -> 200
#13536 GET /revival/loadout -> 200
#13537 GET /revival/loadout -> 200
#13538 GET /revival/loadout -> 200
#13539 GET /revival/loadout -> 200
#13540 GET /revival/loadout -> 200
#13541 GET /revival/loadout -> 200
#13542 GET /revival/loadout -> 200
#13543 GET /revival/loadout -> 200
#13544 GET /revival/loadout -> 200
#13545 GET /party/matchmaking/info -> 200
#13546 GET /revival/loadout -> 200
#13547 GET /revival/loadout -> 200
#13548 GET /revival/loadout -> 200
#13549 GET /revival/loadout -> 200
#13550 GET /revival/loadout -> 200
#13551 GET /revival/loadout -> 200

* 19:19:07.290  WS <- /lobby TEXT ""
#13552 GET /revival/loadout -> 200
#13553 GET /revival/loadout -> 200
#13554 GET /revival/loadout -> 200
#13555 GET /revival/loadout -> 200
#13556 GET /revival/loadout -> 200
#13557 GET /revival/loadout -> 200
#13558 GET /revival/loadout -> 200
#13559 GET /revival/loadout -> 200
#13560 GET /revival/loadout -> 200
#13561 GET /revival/loadout -> 200
#13562 GET /revival/loadout -> 200
#13563 GET /revival/loadout -> 200
#13564 GET /revival/loadout -> 200
#13565 GET /revival/loadout -> 200
#13566 GET /revival/loadout -> 200
#13567 GET /revival/loadout -> 200
#13568 GET /revival/loadout -> 200
#13569 GET /revival/loadout -> 200
#13570 GET /revival/loadout -> 200
#13571 GET /revival/loadout -> 200
#13572 GET /revival/loadout -> 200
#13573 GET /revival/loadout -> 200
#13574 GET /revival/loadout -> 200
#13575 GET /revival/loadout -> 200
#13576 GET /revival/loadout -> 200
#13577 GET /revival/loadout -> 200
#13578 GET /revival/loadout -> 200
#13579 GET /revival/loadout -> 200
#13580 GET /revival/loadout -> 200
#13581 GET /revival/loadout -> 200
#13582 GET /revival/loadout -> 200
#13583 GET /revival/loadout -> 200
#13584 GET /revival/loadout -> 200
#13585 GET /revival/loadout -> 200
#13586 GET /revival/loadout -> 200
#13587 GET /revival/loadout -> 200
#13588 GET /revival/loadout -> 200
#13589 GET /revival/loadout -> 200
#13590 GET /revival/loadout -> 200
#13591 GET /revival/loadout -> 200
#13592 GET /revival/loadout -> 200
#13593 GET /revival/loadout -> 200
#13594 GET /revival/loadout -> 200
#13595 GET /revival/loadout -> 200
#13596 GET /revival/loadout -> 200
#13597 GET /revival/loadout -> 200
#13598 GET /revival/loadout -> 200
#13599 GET /revival/loadout -> 200
#13600 GET /revival/loadout -> 200

* 19:19:16.334  WS <- /notifications/players/9b9d2c887e2524f918e383a895f2f1c2 BINARY (2 bytes) 6862

* 19:19:16.393  WS -> /notifications/players/9b9d2c887e2524f918e383a895f2f1c2 TEXT hb reply {"Resource":"hb","Version":0,"Payload":""}
#13601 GET /revival/loadout -> 200
#13602 GET /revival/loadout -> 200
#13603 GET /revival/loadout -> 200
#13604 GET /revival/loadout -> 200
#13605 GET /revival/loadout -> 200
#13606 GET /revival/loadout -> 200
#13607 GET /revival/loadout -> 200
#13608 GET /revival/loadout -> 200
#13609 GET /revival/loadout -> 200
#13610 GET /revival/loadout -> 200
#13611 GET /revival/loadout -> 200
#13612 GET /revival/loadout -> 200
#13613 GET /revival/loadout -> 200
#13614 GET /revival/loadout -> 200
#13615 GET /revival/loadout -> 200
#13616 GET /revival/loadout -> 200
#13617 GET /revival/loadout -> 200
#13618 GET /revival/loadout -> 200
#13619 GET /revival/loadout -> 200
#13620 GET /revival/loadout -> 200
#13621 GET /revival/loadout -> 200
#13622 GET /revival/loadout -> 200
#13623 GET /revival/loadout -> 200
#13624 GET /revival/loadout -> 200
#13625 GET /revival/loadout -> 200
#13626 GET /revival/loadout -> 200
#13627 GET /revival/loadout -> 200
#13628 GET /revival/loadout -> 200
#13629 GET /revival/loadout -> 200
#13630 GET /revival/loadout -> 200
#13631 GET /revival/loadout -> 200
#13632 GET /revival/loadout -> 200
#13633 GET /revival/loadout -> 200
#13634 GET /revival/loadout -> 200
#13635 GET /configuration/client -> 200
#13636 GET /revival/loadout -> 200
#13637 GET /content-service/manifest/release2.4.live-156430-shipping -> 200
#13638 GET /revival/loadout -> 200
#13639 GET /revival/loadout -> 200
#13640 GET /revival/loadout -> 200
#13641 GET /revival/loadout -> 200
#13642 GET /revival/loadout -> 200
#13643 GET /revival/loadout -> 200
#13644 GET /revival/loadout -> 200
#13645 GET /revival/loadout -> 200
#13646 GET /revival/loadout -> 200
#13647 GET /revival/loadout -> 200
#13648 GET /revival/loadout -> 200
#13649 GET /revival/loadout -> 200
#13650 GET /revival/loadout -> 200
#13651 GET /revival/loadout -> 200
#13652 GET /revival/loadout -> 200
#13653 GET /revival/loadout -> 200
#13654 GET /revival/loadout -> 200
#13655 GET /revival/loadout -> 200
#13656 GET /revival/loadout -> 200
#13657 GET /revival/loadout -> 200
#13658 GET /revival/loadout -> 200
#13659 GET /revival/loadout -> 200
#13660 GET /revival/loadout -> 200
#13661 GET /revival/loadout -> 200
#13662 GET /party/players/9b9d2c887e2524f918e383a895f2f1c2/voice -> 200
#13663 GET /revival/loadout -> 200
#13664 GET /revival/loadout -> 200
#13665 GET /revival/loadout -> 200
#13666 GET /revival/loadout -> 200
#13667 GET /revival/loadout -> 200
#13668 GET /revival/loadout -> 200
#13669 GET /revival/loadout -> 200
#13670 GET /revival/loadout -> 200
#13671 GET /revival/loadout -> 200
#13672 GET /revival/loadout -> 200
#13673 GET /revival/loadout -> 200
#13674 GET /revival/loadout -> 200
#13675 GET /revival/loadout -> 200
#13676 GET /revival/loadout -> 200
#13677 GET /revival/loadout -> 200
#13678 GET /revival/loadout -> 200
#13679 GET /revival/loadout -> 200
#13680 GET /revival/loadout -> 200
#13681 GET /revival/loadout -> 200
#13682 GET /revival/loadout -> 200
#13683 POST /party/parties/party-9b9d2c887e2524f918e383a895f2f1c2/members/9b9d2c887e2524f918e383a895f2f1c2/latencies -> 200
#13684 GET /revival/loadout -> 200
#13685 GET /revival/loadout -> 200
#13686 GET /revival/loadout -> 200
#13687 GET /revival/loadout -> 200
#13688 GET /revival/loadout -> 200
#13689 GET /revival/loadout -> 200
#13690 GET /revival/loadout -> 200
#13691 GET /revival/loadout -> 200
#13692 GET /revival/loadout -> 200
#13693 GET /revival/loadout -> 200
#13694 GET /revival/loadout -> 200
#13695 GET /revival/loadout -> 200
#13696 GET /revival/loadout -> 200
#13697 GET /revival/loadout -> 200
#13698 GET /revival/loadout -> 200
#13699 GET /revival/loadout -> 200
#13700 GET /revival/loadout -> 200
#13701 GET /revival/loadout -> 200
#13702 GET /revival/loadout -> 200
#13703 GET /revival/loadout -> 200
#13704 GET /revival/loadout -> 200
#13705 GET /revival/loadout -> 200
#13706 GET /revival/loadout -> 200
#13707 GET /revival/loadout -> 200
#13708 GET /revival/loadout -> 200
#13709 GET /revival/loadout -> 200
#13710 GET /revival/loadout -> 200
#13711 GET /revival/loadout -> 200
#13712 GET /revival/loadout -> 200
#13713 GET /party/matchmaking/info -> 200
#13714 GET /core-game/regions -> 200
#13715 GET /revival/loadout -> 200
#13716 GET /revival/loadout -> 200
#13717 GET /revival/loadout -> 200
#13718 GET /revival/loadout -> 200
#13719 GET /revival/loadout -> 200

* 19:19:37.305  WS <- /lobby TEXT ""
#13720 GET /revival/loadout -> 200
#13721 GET /revival/loadout -> 200
#13722 GET /revival/loadout -> 200
#13723 GET /revival/loadout -> 200
#13724 GET /revival/loadout -> 200
#13725 GET /revival/loadout -> 200
#13726 GET /revival/loadout -> 200
#13727 GET /revival/loadout -> 200
#13728 GET /revival/loadout -> 200
#13729 GET /revival/loadout -> 200
#13730 GET /revival/loadout -> 200
#13731 GET /revival/loadout -> 200
#13732 GET /revival/loadout -> 200
#13733 GET /revival/loadout -> 200
#13734 GET /revival/loadout -> 200
#13735 GET /revival/loadout -> 200
#13736 GET /revival/loadout -> 200
#13737 GET /revival/loadout -> 200
#13738 GET /revival/loadout -> 200
#13739 GET /revival/loadout -> 200
#13740 GET /revival/loadout -> 200
#13741 GET /revival/loadout -> 200
#13742 GET /revival/loadout -> 200
#13743 GET /revival/loadout -> 200
#13744 GET /revival/loadout -> 200
#13745 GET /revival/loadout -> 200
#13746 GET /revival/loadout -> 200
#13747 GET /revival/loadout -> 200
#13748 GET /revival/loadout -> 200
#13749 GET /revival/loadout -> 200
#13750 GET /revival/loadout -> 200
#13751 GET /revival/loadout -> 200
#13752 GET /revival/loadout -> 200
#13753 GET /revival/loadout -> 200
#13754 GET /revival/loadout -> 200
#13755 GET /revival/loadout -> 200
#13756 GET /revival/loadout -> 200
#13757 GET /revival/loadout -> 200
#13758 GET /revival/loadout -> 200
#13759 GET /revival/loadout -> 200
#13760 GET /revival/loadout -> 200
#13761 GET /revival/loadout -> 200
#13762 GET /revival/loadout -> 200
#13763 GET /revival/loadout -> 200
#13764 GET /revival/loadout -> 200
#13765 GET /revival/loadout -> 200
#13766 GET /revival/loadout -> 200
#13767 GET /revival/loadout -> 200
#13768 GET /revival/loadout -> 200
#13769 GET /revival/loadout -> 200
#13770 GET /revival/loadout -> 200

* 19:19:46.427  WS -> /notifications/players/9b9d2c887e2524f918e383a895f2f1c2 BINARY hb (proactive 30s keepalive)
#13771 GET /revival/loadout -> 200
#13772 GET /revival/loadout -> 200
#13773 GET /revival/loadout -> 200
#13774 GET /revival/loadout -> 200
#13775 GET /revival/loadout -> 200
#13776 GET /revival/loadout -> 200
#13777 GET /revival/loadout -> 200
#13778 GET /revival/loadout -> 200
#13779 GET /revival/loadout -> 200
#13780 GET /revival/loadout -> 200
#13781 GET /revival/loadout -> 200
#13782 GET /revival/loadout -> 200
#13783 GET /revival/loadout -> 200
#13784 GET /revival/loadout -> 200
#13785 GET /revival/loadout -> 200
#13786 GET /revival/loadout -> 200
#13787 GET /revival/loadout -> 200
#13788 GET /revival/loadout -> 200
#13789 GET /revival/loadout -> 200
#13790 GET /revival/loadout -> 200
#13791 GET /revival/loadout -> 200
#13792 GET /revival/loadout -> 200
#13793 GET /revival/loadout -> 200
#13794 GET /revival/loadout -> 200
#13795 GET /revival/loadout -> 200
#13796 GET /revival/loadout -> 200
#13797 GET /revival/loadout -> 200
#13798 GET /revival/loadout -> 200
#13799 GET /revival/loadout -> 200
#13800 GET /revival/loadout -> 200
#13801 GET /revival/loadout -> 200
#13802 GET /revival/loadout -> 200
#13803 GET /revival/loadout -> 200
#13804 GET /revival/loadout -> 200
#13805 GET /configuration/client -> 200
#13806 GET /revival/loadout -> 200
#13807 GET /revival/loadout -> 200
#13808 GET /content-service/manifest/release2.4.live-156430-shipping -> 200
#13809 GET /revival/loadout -> 200
#13810 GET /revival/loadout -> 200
#13811 GET /revival/loadout -> 200
#13812 GET /revival/loadout -> 200
#13813 GET /revival/loadout -> 200
#13814 GET /revival/loadout -> 200
#13815 GET /revival/loadout -> 200
#13816 GET /revival/loadout -> 200
#13817 GET /revival/loadout -> 200
#13818 GET /revival/loadout -> 200
#13819 GET /revival/loadout -> 200
#13820 GET /revival/loadout -> 200
#13821 GET /revival/loadout -> 200
#13822 GET /revival/loadout -> 200
#13823 GET /revival/loadout -> 200
#13824 GET /revival/loadout -> 200
#13825 GET /revival/loadout -> 200
#13826 GET /revival/loadout -> 200
#13827 GET /revival/loadout -> 200
#13828 GET /revival/loadout -> 200
#13829 GET /revival/loadout -> 200
#13830 GET /revival/loadout -> 200
#13831 GET /revival/loadout -> 200
#13832 GET /revival/loadout -> 200
#13833 GET /revival/loadout -> 200
#13834 GET /revival/loadout -> 200
#13835 GET /party/players/9b9d2c887e2524f918e383a895f2f1c2/voice -> 200
#13836 GET /revival/loadout -> 200
#13837 GET /revival/loadout -> 200
#13838 GET /revival/loadout -> 200
#13839 GET /revival/loadout -> 200
#13840 GET /revival/loadout -> 200
#13841 GET /revival/loadout -> 200
#13842 GET /revival/loadout -> 200
#13843 GET /revival/loadout -> 200
#13844 GET /revival/loadout -> 200
#13845 GET /revival/loadout -> 200
#13846 GET /revival/loadout -> 200
#13847 GET /revival/loadout -> 200
#13848 GET /revival/loadout -> 200
#13849 GET /revival/loadout -> 200
#13850 GET /revival/loadout -> 200
#13851 GET /revival/loadout -> 200
#13852 GET /revival/loadout -> 200
#13853 GET /revival/loadout -> 200
#13854 GET /revival/loadout -> 200
#13855 POST /party/parties/party-9b9d2c887e2524f918e383a895f2f1c2/members/9b9d2c887e2524f918e383a895f2f1c2/latencies -> 200
#13856 GET /revival/loadout -> 200
#13857 GET /revival/loadout -> 200
#13858 GET /revival/loadout -> 200
#13859 GET /revival/loadout -> 200
#13860 GET /revival/loadout -> 200
#13861 GET /revival/loadout -> 200
#13862 GET /revival/loadout -> 200
#13863 GET /revival/loadout -> 200
#13864 GET /revival/loadout -> 200
#13865 GET /revival/loadout -> 200
#13866 GET /revival/loadout -> 200
#13867 GET /revival/loadout -> 200
#13868 GET /revival/loadout -> 200
#13869 GET /revival/loadout -> 200
#13870 GET /revival/loadout -> 200
#13871 POST /game-telemetry/v1/protected/events -> 200
#13872 GET /revival/loadout -> 200
#13873 GET /revival/loadout -> 200
#13874 GET /revival/loadout -> 200
#13875 GET /revival/loadout -> 200
#13876 GET /revival/loadout -> 200
#13877 GET /revival/loadout -> 200
#13878 GET /revival/loadout -> 200
#13879 GET /revival/loadout -> 200
#13880 GET /revival/loadout -> 200
#13881 GET /revival/loadout -> 200
#13882 GET /revival/loadout -> 200
#13883 GET /revival/loadout -> 200
#13884 GET /revival/loadout -> 200
#13885 GET /revival/loadout -> 200
#13886 GET /party/matchmaking/info -> 200
#13887 GET /mailbox/config/version -> 200
#13888 GET /revival/loadout -> 200
#13889 GET /revival/loadout -> 200
#13890 GET /revival/loadout -> 200
#13891 GET /revival/loadout -> 200
#13892 GET /revival/loadout -> 200
#13893 GET /revival/loadout -> 200

* 19:20:07.313  WS <- /lobby TEXT ""
#13894 GET /revival/loadout -> 200
#13895 GET /revival/loadout -> 200
#13896 GET /revival/loadout -> 200
#13897 GET /revival/loadout -> 200
#13898 GET /revival/loadout -> 200
#13899 GET /revival/loadout -> 200
#13900 GET /revival/loadout -> 200
#13901 GET /revival/loadout -> 200
#13902 GET /revival/loadout -> 200
#13903 GET /revival/loadout -> 200
#13904 GET /revival/loadout -> 200
#13905 GET /revival/loadout -> 200
#13906 GET /revival/loadout -> 200
#13907 GET /revival/loadout -> 200
#13908 GET /revival/loadout -> 200
#13909 GET /revival/loadout -> 200
#13910 GET /revival/loadout -> 200
#13911 GET /revival/loadout -> 200
#13912 GET /revival/loadout -> 200
#13913 GET /revival/loadout -> 200
#13914 GET /revival/loadout -> 200
#13915 GET /revival/loadout -> 200

* 19:20:11.341  WS <- /notifications/players/9b9d2c887e2524f918e383a895f2f1c2 BINARY (2 bytes) 6862

* 19:20:11.365  WS -> /notifications/players/9b9d2c887e2524f918e383a895f2f1c2 TEXT hb reply {"Resource":"hb","Version":0,"Payload":""}
#13916 GET /revival/loadout -> 200
#13917 GET /revival/loadout -> 200
#13918 GET /revival/loadout -> 200
#13919 GET /revival/loadout -> 200
#13920 GET /revival/loadout -> 200
#13921 GET /revival/loadout -> 200
#13922 GET /revival/loadout -> 200
#13923 GET /revival/loadout -> 200
#13924 GET /revival/loadout -> 200
#13925 GET /revival/loadout -> 200
#13926 GET /revival/loadout -> 200
#13927 GET /revival/loadout -> 200
#13928 GET /revival/loadout -> 200
#13929 GET /revival/loadout -> 200
#13930 GET /revival/loadout -> 200
#13931 GET /revival/loadout -> 200
#13932 GET /revival/loadout -> 200
#13933 GET /revival/loadout -> 200
#13934 GET /revival/loadout -> 200
#13935 GET /revival/loadout -> 200
#13936 GET /revival/loadout -> 200
#13937 GET /revival/loadout -> 200
#13938 GET /revival/loadout -> 200
#13939 GET /revival/loadout -> 200
#13940 GET /revival/loadout -> 200
#13941 GET /revival/loadout -> 200
#13942 GET /revival/loadout -> 200
#13943 GET /revival/loadout -> 200
#13944 GET /revival/loadout -> 200
#13945 GET /revival/loadout -> 200
#13946 GET /revival/loadout -> 200
#13947 GET /revival/loadout -> 200
#13948 GET /revival/loadout -> 200
#13949 GET /revival/loadout -> 200
#13950 GET /revival/loadout -> 200
#13951 GET /revival/loadout -> 200
#13952 GET /revival/loadout -> 200
#13953 GET /revival/loadout -> 200
#13954 GET /revival/loadout -> 200
#13955 GET /revival/loadout -> 200
#13956 GET /revival/loadout -> 200
#13957 GET /revival/loadout -> 200
#13958 GET /revival/loadout -> 200
#13959 GET /revival/loadout -> 200
#13960 GET /revival/loadout -> 200
#13961 GET /revival/loadout -> 200
#13962 GET /revival/loadout -> 200
#13963 GET /revival/loadout -> 200
#13964 GET /revival/loadout -> 200
#13965 GET /revival/loadout -> 200
#13966 GET /revival/loadout -> 200
#13967 GET /revival/loadout -> 200
#13968 GET /revival/loadout -> 200
#13969 GET /revival/loadout -> 200
#13970 GET /revival/loadout -> 200
#13971 GET /revival/loadout -> 200
#13972 GET /revival/loadout -> 200
#13973 GET /revival/loadout -> 200
#13974 GET /revival/loadout -> 200
#13975 GET /revival/loadout -> 200
#13976 GET /revival/loadout -> 200
#13977 GET /revival/loadout -> 200
#13978 GET /revival/loadout -> 200
#13979 GET /configuration/client -> 200
#13980 GET /revival/loadout -> 200
#13981 GET /content-service/manifest/release2.4.live-156430-shipping -> 200
#13982 GET /revival/loadout -> 200
#13983 GET /revival/loadout -> 200
#13984 GET /revival/loadout -> 200
#13985 GET /revival/loadout -> 200
#13986 GET /revival/loadout -> 200
#13987 GET /revival/loadout -> 200
#13988 GET /revival/loadout -> 200
#13989 GET /revival/loadout -> 200
#13990 GET /revival/loadout -> 200
#13991 GET /revival/loadout -> 200
#13992 GET /revival/loadout -> 200
#13993 GET /revival/loadout -> 200
#13994 GET /revival/loadout -> 200
#13995 GET /revival/loadout -> 200
#13996 GET /revival/loadout -> 200
#13997 GET /revival/loadout -> 200
#13998 GET /revival/loadout -> 200
#13999 GET /revival/loadout -> 200
#14000 GET /revival/loadout -> 200
#14001 GET /revival/loadout -> 200
#14002 GET /revival/loadout -> 200
#14003 GET /revival/loadout -> 200
#14004 GET /revival/loadout -> 200
#14005 GET /revival/loadout -> 200
#14006 GET /revival/loadout -> 200
#14007 GET /revival/loadout -> 200
#14008 GET /revival/loadout -> 200
#14009 GET /revival/loadout -> 200
#14010 GET /revival/loadout -> 200
#14011 GET /revival/loadout -> 200
#14012 GET /party/players/9b9d2c887e2524f918e383a895f2f1c2/voice -> 200
#14013 GET /revival/loadout -> 200
#14014 GET /revival/loadout -> 200
#14015 GET /revival/loadout -> 200
#14016 GET /revival/loadout -> 200
#14017 GET /revival/loadout -> 200
#14018 GET /revival/loadout -> 200
#14019 GET /revival/loadout -> 200
#14020 GET /revival/loadout -> 200
#14021 GET /revival/loadout -> 200
#14022 GET /revival/loadout -> 200
#14023 GET /revival/loadout -> 200
#14024 GET /revival/loadout -> 200
#14025 GET /revival/loadout -> 200
#14026 GET /revival/loadout -> 200
#14027 GET /revival/loadout -> 200
#14028 GET /revival/loadout -> 200
#14029 GET /revival/loadout -> 200
#14030 POST /party/parties/party-9b9d2c887e2524f918e383a895f2f1c2/members/9b9d2c887e2524f918e383a895f2f1c2/latencies -> 200
#14031 GET /revival/loadout -> 200
#14032 GET /revival/loadout -> 200
#14033 GET /revival/loadout -> 200
#14034 GET /revival/loadout -> 200
#14035 GET /revival/loadout -> 200
#14036 GET /revival/loadout -> 200
#14037 GET /revival/loadout -> 200
#14038 GET /revival/loadout -> 200
#14039 GET /revival/loadout -> 200
#14040 GET /revival/loadout -> 200
#14041 GET /revival/loadout -> 200
#14042 GET /revival/loadout -> 200
#14043 GET /revival/loadout -> 200
#14044 GET /revival/loadout -> 200
#14045 GET /revival/loadout -> 200
#14046 GET /revival/loadout -> 200
#14047 GET /revival/loadout -> 200
#14048 GET /revival/loadout -> 200
#14049 GET /revival/loadout -> 200
#14050 GET /revival/loadout -> 200
#14051 GET /revival/loadout -> 200
#14052 GET /revival/loadout -> 200
#14053 GET /revival/loadout -> 200
#14054 GET /revival/loadout -> 200
#14055 GET /revival/loadout -> 200
#14056 GET /revival/loadout -> 200
#14057 GET /revival/loadout -> 200
#14058 GET /revival/loadout -> 200
#14059 GET /party/matchmaking/info -> 200
#14061 GET /revival/loadout -> 200
#14060 GET /core-game/regions -> 200
#14062 GET /revival/loadout -> 200
#14063 GET /revival/loadout -> 200
#14064 GET /revival/loadout -> 200
#14065 GET /revival/loadout -> 200
#14066 GET /revival/loadout -> 200

* 19:20:37.312  WS <- /lobby TEXT ""
#14067 GET /revival/loadout -> 200
#14068 GET /revival/loadout -> 200
#14069 GET /revival/loadout -> 200
#14070 GET /revival/loadout -> 200
#14071 GET /revival/loadout -> 200
#14072 GET /revival/loadout -> 200
#14073 GET /revival/loadout -> 200
#14074 GET /revival/loadout -> 200
#14075 GET /revival/loadout -> 200
#14076 GET /revival/loadout -> 200
#14077 GET /revival/loadout -> 200
#14078 GET /revival/loadout -> 200
#14079 GET /revival/loadout -> 200
#14080 GET /revival/loadout -> 200
#14081 GET /revival/loadout -> 200
#14082 GET /revival/loadout -> 200
#14083 GET /revival/loadout -> 200
#14084 GET /revival/loadout -> 200
#14085 GET /revival/loadout -> 200
#14086 GET /revival/loadout -> 200
#14087 GET /revival/loadout -> 200
#14088 GET /revival/loadout -> 200

* 19:20:41.397  WS -> /notifications/players/9b9d2c887e2524f918e383a895f2f1c2 BINARY hb (proactive 30s keepalive)
#14089 GET /revival/loadout -> 200
#14090 GET /revival/loadout -> 200
#14091 GET /revival/loadout -> 200
#14092 GET /revival/loadout -> 200
#14093 GET /revival/loadout -> 200
#14094 GET /revival/loadout -> 200
#14095 GET /revival/loadout -> 200
#14096 GET /revival/loadout -> 200
#14097 GET /revival/loadout -> 200
#14098 GET /revival/loadout -> 200
#14099 GET /revival/loadout -> 200
#14100 GET /revival/loadout -> 200
#14101 GET /revival/loadout -> 200
#14102 GET /revival/loadout -> 200
#14103 GET /revival/loadout -> 200
#14104 GET /revival/loadout -> 200
#14105 GET /revival/loadout -> 200
#14106 GET /revival/loadout -> 200
#14107 GET /revival/loadout -> 200
#14108 GET /revival/loadout -> 200
#14109 GET /revival/loadout -> 200
#14110 GET /revival/loadout -> 200
#14111 GET /revival/loadout -> 200
#14112 GET /revival/loadout -> 200
#14113 GET /revival/loadout -> 200
#14114 GET /revival/loadout -> 200
#14115 GET /revival/loadout -> 200
#14116 GET /revival/loadout -> 200
#14117 GET /revival/loadout -> 200
#14118 GET /revival/loadout -> 200
#14119 GET /revival/loadout -> 200
#14120 GET /revival/loadout -> 200
#14121 GET /revival/loadout -> 200
#14122 GET /revival/loadout -> 200
#14123 GET /revival/loadout -> 200
#14124 GET /revival/loadout -> 200
#14125 GET /revival/loadout -> 200
#14126 GET /revival/loadout -> 200
#14127 GET /revival/loadout -> 200
#14128 GET /revival/loadout -> 200
#14129 GET /revival/loadout -> 200
#14130 GET /revival/loadout -> 200
#14131 GET /revival/loadout -> 200
#14132 GET /revival/loadout -> 200
#14133 GET /revival/loadout -> 200
#14134 GET /revival/loadout -> 200
#14135 GET /revival/loadout -> 200
#14136 GET /revival/loadout -> 200
#14137 GET /revival/loadout -> 200
#14138 GET /revival/loadout -> 200
#14139 GET /revival/loadout -> 200
#14140 GET /revival/loadout -> 200
#14141 GET /revival/loadout -> 200
#14142 GET /revival/loadout -> 200
#14143 GET /revival/loadout -> 200
#14144 GET /revival/loadout -> 200
#14145 GET /revival/loadout -> 200
#14146 GET /revival/loadout -> 200
#14147 GET /revival/loadout -> 200
#14148 GET /revival/loadout -> 200
#14149 GET /revival/loadout -> 200
#14150 GET /revival/loadout -> 200
#14151 GET /configuration/client -> 200
#14152 GET /revival/loadout -> 200
#14153 GET /revival/loadout -> 200
#14154 GET /content-service/manifest/release2.4.live-156430-shipping -> 200
#14155 GET /revival/loadout -> 200
#14156 GET /revival/loadout -> 200
#14157 GET /revival/loadout -> 200
#14158 GET /revival/loadout -> 200
#14159 GET /revival/loadout -> 200
#14160 GET /revival/loadout -> 200
#14161 GET /revival/loadout -> 200
#14162 GET /revival/loadout -> 200
#14163 GET /revival/loadout -> 200
#14164 GET /revival/loadout -> 200
#14165 GET /revival/loadout -> 200
#14166 GET /revival/loadout -> 200
#14167 GET /revival/loadout -> 200
#14168 GET /revival/loadout -> 200
#14169 GET /revival/loadout -> 200
#14170 GET /revival/loadout -> 200
#14171 GET /revival/loadout -> 200
#14172 GET /revival/loadout -> 200
#14173 GET /revival/loadout -> 200
#14174 GET /revival/loadout -> 200
#14175 GET /revival/loadout -> 200
#14176 GET /revival/loadout -> 200
#14177 GET /revival/loadout -> 200
#14178 GET /revival/loadout -> 200
#14179 GET /revival/loadout -> 200
#14180 GET /revival/loadout -> 200
#14181 GET /revival/loadout -> 200
#14182 GET /revival/loadout -> 200
#14183 GET /revival/loadout -> 200
#14184 GET /revival/loadout -> 200
#14185 GET /revival/loadout -> 200
#14186 GET /party/players/9b9d2c887e2524f918e383a895f2f1c2/voice -> 200
#14187 GET /revival/loadout -> 200
#14188 GET /revival/loadout -> 200
#14189 GET /revival/loadout -> 200
#14190 GET /revival/loadout -> 200
#14191 GET /revival/loadout -> 200
#14192 GET /revival/loadout -> 200
#14193 GET /revival/loadout -> 200
#14194 GET /revival/loadout -> 200
#14195 GET /revival/loadout -> 200
#14196 GET /revival/loadout -> 200
#14197 GET /revival/loadout -> 200
#14198 GET /revival/loadout -> 200
#14199 GET /revival/loadout -> 200
#14200 GET /revival/loadout -> 200
#14201 GET /revival/loadout -> 200
#14202 GET /revival/loadout -> 200
#14203 GET /revival/loadout -> 200
#14204 POST /party/parties/party-9b9d2c887e2524f918e383a895f2f1c2/members/9b9d2c887e2524f918e383a895f2f1c2/latencies -> 200
#14205 GET /revival/loadout -> 200
#14206 GET /revival/loadout -> 200
#14207 GET /revival/loadout -> 200
#14208 GET /revival/loadout -> 200
#14209 GET /revival/loadout -> 200
#14210 GET /revival/loadout -> 200
#14211 GET /revival/loadout -> 200
#14212 GET /revival/loadout -> 200
#14213 GET /revival/loadout -> 200
#14214 GET /revival/loadout -> 200
#14215 GET /revival/loadout -> 200
#14216 GET /revival/loadout -> 200
#14217 GET /revival/loadout -> 200
#14218 GET /revival/loadout -> 200
#14219 POST /game-telemetry/v1/protected/events -> 200
#14220 GET /revival/loadout -> 200
#14221 GET /revival/loadout -> 200
#14222 GET /revival/loadout -> 200
#14223 GET /revival/loadout -> 200
#14224 GET /revival/loadout -> 200
#14225 GET /revival/loadout -> 200
#14226 GET /revival/loadout -> 200
#14227 GET /revival/loadout -> 200
#14228 GET /revival/loadout -> 200
#14229 GET /revival/loadout -> 200
#14230 GET /revival/loadout -> 200
#14231 GET /revival/loadout -> 200
#14232 GET /revival/loadout -> 200

* 19:21:06.316  WS <- /notifications/players/9b9d2c887e2524f918e383a895f2f1c2 BINARY (2 bytes) 6862
#14233 GET /party/matchmaking/info -> 200

* 19:21:06.335  WS -> /notifications/players/9b9d2c887e2524f918e383a895f2f1c2 TEXT hb reply {"Resource":"hb","Version":0,"Payload":""}
#14234 GET /revival/loadout -> 200
#14235 GET /revival/loadout -> 200
#14236 GET /revival/loadout -> 200
#14237 GET /revival/loadout -> 200
#14238 GET /revival/loadout -> 200
#14239 GET /revival/loadout -> 200

* 19:21:07.327  WS <- /lobby TEXT ""
#14240 GET /revival/loadout -> 200
#14241 GET /revival/loadout -> 200
#14242 GET /revival/loadout -> 200
#14243 GET /revival/loadout -> 200
#14244 GET /revival/loadout -> 200
#14245 GET /revival/loadout -> 200
#14246 GET /revival/loadout -> 200
#14247 GET /revival/loadout -> 200
#14248 GET /revival/loadout -> 200
#14249 GET /revival/loadout -> 200
#14250 GET /revival/loadout -> 200
#14251 GET /revival/loadout -> 200
#14252 GET /revival/loadout -> 200
#14253 GET /revival/loadout -> 200
#14254 GET /revival/loadout -> 200
#14255 GET /revival/loadout -> 200
#14256 GET /revival/loadout -> 200
#14257 GET /revival/loadout -> 200
#14258 GET /revival/loadout -> 200
#14259 GET /revival/loadout -> 200
#14260 GET /revival/loadout -> 200
#14261 GET /revival/loadout -> 200
#14262 GET /revival/loadout -> 200
#14263 GET /revival/loadout -> 200
#14264 GET /revival/loadout -> 200
#14265 GET /revival/loadout -> 200
#14266 GET /revival/loadout -> 200
#14267 GET /revival/loadout -> 200
#14268 GET /revival/loadout -> 200
#14269 GET /revival/loadout -> 200
#14270 GET /revival/loadout -> 200
#14271 GET /revival/loadout -> 200
#14272 GET /revival/loadout -> 200
#14273 GET /revival/loadout -> 200
#14274 GET /revival/loadout -> 200
#14275 GET /revival/loadout -> 200
#14276 GET /revival/loadout -> 200
#14277 GET /revival/loadout -> 200
#14278 GET /revival/loadout -> 200
#14279 GET /revival/loadout -> 200
#14280 GET /revival/loadout -> 200
#14281 GET /revival/loadout -> 200
#14282 GET /revival/loadout -> 200
#14283 GET /revival/loadout -> 200
#14284 GET /revival/loadout -> 200
#14285 GET /revival/loadout -> 200
#14286 GET /revival/loadout -> 200
#14287 GET /revival/loadout -> 200
#14288 GET /revival/loadout -> 200
#14289 GET /revival/loadout -> 200
#14290 GET /revival/loadout -> 200
#14291 GET /revival/loadout -> 200
#14292 GET /revival/loadout -> 200
#14293 GET /revival/loadout -> 200
#14294 GET /revival/loadout -> 200
#14295 GET /revival/loadout -> 200
#14296 GET /revival/loadout -> 200
#14297 GET /revival/loadout -> 200
#14298 GET /revival/loadout -> 200
#14299 GET /revival/loadout -> 200
#14300 GET /revival/loadout -> 200
#14301 GET /revival/loadout -> 200
#14302 GET /revival/loadout -> 200
#14303 GET /revival/loadout -> 200
#14304 GET /revival/loadout -> 200
#14305 GET /revival/loadout -> 200
#14306 GET /revival/loadout -> 200
#14307 GET /revival/loadout -> 200
#14308 GET /revival/loadout -> 200
#14309 GET /revival/loadout -> 200
#14310 GET /revival/loadout -> 200
#14311 GET /revival/loadout -> 200
#14312 GET /revival/loadout -> 200
#14313 GET /revival/loadout -> 200
#14314 GET /revival/loadout -> 200
#14315 GET /revival/loadout -> 200
#14316 GET /revival/loadout -> 200
#14317 GET /revival/loadout -> 200
#14318 GET /revival/loadout -> 200
#14319 GET /revival/loadout -> 200
#14320 GET /revival/loadout -> 200
#14321 GET /revival/loadout -> 200
#14322 GET /revival/loadout -> 200
#14323 GET /revival/loadout -> 200
#14324 GET /configuration/client -> 200
#14325 GET /revival/loadout -> 200
#14326 GET /revival/loadout -> 200
#14327 GET /content-service/manifest/release2.4.live-156430-shipping -> 200
#14328 GET /revival/loadout -> 200
#14329 GET /revival/loadout -> 200
#14330 GET /revival/loadout -> 200
#14331 GET /revival/loadout -> 200
#14332 GET /revival/loadout -> 200
#14333 GET /revival/loadout -> 200
#14334 GET /revival/loadout -> 200
#14335 GET /revival/loadout -> 200
#14336 GET /revival/loadout -> 200
#14337 GET /revival/loadout -> 200
#14338 GET /revival/loadout -> 200
#14339 GET /revival/loadout -> 200
#14340 GET /revival/loadout -> 200
#14341 GET /revival/loadout -> 200
#14342 GET /revival/loadout -> 200
#14343 GET /revival/loadout -> 200
#14344 GET /revival/loadout -> 200
#14345 GET /revival/loadout -> 200
#14346 GET /revival/loadout -> 200
#14347 GET /revival/loadout -> 200
#14348 GET /revival/loadout -> 200
#14349 GET /revival/loadout -> 200
#14350 GET /revival/loadout -> 200
#14351 GET /revival/loadout -> 200
#14352 GET /revival/loadout -> 200
#14353 GET /revival/loadout -> 200
#14354 GET /revival/loadout -> 200
#14355 GET /revival/loadout -> 200
#14356 GET /revival/loadout -> 200
#14357 GET /revival/loadout -> 200
#14358 GET /revival/loadout -> 200
#14359 GET /revival/loadout -> 200
#14360 GET /revival/loadout -> 200
#14361 GET /revival/loadout -> 200
#14362 GET /party/players/9b9d2c887e2524f918e383a895f2f1c2/voice -> 200
#14363 GET /revival/loadout -> 200
#14364 GET /revival/loadout -> 200
#14365 GET /revival/loadout -> 200
#14366 GET /revival/loadout -> 200
#14367 GET /revival/loadout -> 200
#14368 GET /revival/loadout -> 200
#14369 GET /revival/loadout -> 200
#14370 GET /revival/loadout -> 200
#14371 GET /revival/loadout -> 200
#14372 GET /revival/loadout -> 200
#14373 GET /revival/loadout -> 200
#14374 GET /revival/loadout -> 200
#14375 GET /revival/loadout -> 200
#14376 GET /revival/loadout -> 200
#14377 GET /revival/loadout -> 200
#14378 POST /party/parties/party-9b9d2c887e2524f918e383a895f2f1c2/members/9b9d2c887e2524f918e383a895f2f1c2/latencies -> 200
#14379 GET /revival/loadout -> 200
#14380 GET /revival/loadout -> 200
#14381 GET /revival/loadout -> 200
#14382 GET /revival/loadout -> 200
#14383 GET /revival/loadout -> 200
#14384 GET /revival/loadout -> 200
#14385 GET /revival/loadout -> 200
#14386 GET /revival/loadout -> 200
#14387 GET /revival/loadout -> 200
#14388 GET /revival/loadout -> 200
#14389 GET /revival/loadout -> 200
#14390 GET /revival/loadout -> 200
#14391 GET /revival/loadout -> 200
#14392 GET /revival/loadout -> 200
#14393 GET /revival/loadout -> 200
#14394 GET /revival/loadout -> 200
#14395 GET /revival/loadout -> 200
#14396 GET /revival/loadout -> 200
#14397 GET /revival/loadout -> 200
#14398 GET /revival/loadout -> 200
#14399 GET /revival/loadout -> 200
#14400 GET /revival/loadout -> 200
#14401 GET /revival/loadout -> 200
#14402 GET /revival/loadout -> 200
#14403 GET /revival/loadout -> 200
#14404 GET /revival/loadout -> 200
#14405 GET /revival/loadout -> 200
#14406 GET /party/matchmaking/info -> 200
#14408 GET /core-game/regions -> 200
#14407 GET /mailbox/config/version -> 200

* 19:21:36.419  WS -> /notifications/players/9b9d2c887e2524f918e383a895f2f1c2 BINARY hb (proactive 30s keepalive)
#14409 GET /revival/loadout -> 200
#14410 GET /revival/loadout -> 200
#14411 GET /revival/loadout -> 200
#14412 GET /revival/loadout -> 200
#14413 GET /revival/loadout -> 200

* 19:21:37.313  WS <- /lobby TEXT ""
#14414 GET /revival/loadout -> 200
#14415 GET /revival/loadout -> 200
#14416 GET /revival/loadout -> 200
#14417 GET /revival/loadout -> 200
#14418 GET /revival/loadout -> 200
#14419 GET /revival/loadout -> 200
#14420 GET /revival/loadout -> 200
#14421 GET /revival/loadout -> 200
#14422 GET /revival/loadout -> 200
#14423 GET /revival/loadout -> 200
#14424 GET /revival/loadout -> 200
#14425 GET /revival/loadout -> 200
#14426 GET /revival/loadout -> 200
#14427 GET /revival/loadout -> 200
#14428 GET /revival/loadout -> 200
#14429 GET /revival/loadout -> 200
#14430 GET /revival/loadout -> 200
#14431 GET /revival/loadout -> 200
#14432 GET /revival/loadout -> 200
#14433 GET /revival/loadout -> 200
#14434 GET /revival/loadout -> 200
#14435 GET /revival/loadout -> 200
#14436 GET /revival/loadout -> 200
#14437 GET /revival/loadout -> 200
#14438 GET /revival/loadout -> 200
#14439 GET /revival/loadout -> 200
#14440 GET /revival/loadout -> 200
#14441 GET /revival/loadout -> 200
#14442 GET /revival/loadout -> 200
#14443 GET /revival/loadout -> 200
#14444 GET /revival/loadout -> 200
#14445 GET /revival/loadout -> 200
#14446 GET /revival/loadout -> 200
#14447 GET /revival/loadout -> 200
#14448 GET /revival/loadout -> 200
#14449 GET /revival/loadout -> 200
#14450 GET /revival/loadout -> 200
#14451 GET /revival/loadout -> 200
#14452 GET /revival/loadout -> 200
#14453 GET /revival/loadout -> 200
#14454 GET /revival/loadout -> 200
#14455 GET /revival/loadout -> 200
#14456 GET /revival/loadout -> 200
#14457 GET /revival/loadout -> 200
#14458 GET /revival/loadout -> 200
#14459 GET /revival/loadout -> 200
#14460 GET /revival/loadout -> 200
#14461 GET /revival/loadout -> 200
#14462 GET /revival/loadout -> 200
#14463 GET /revival/loadout -> 200
#14464 GET /revival/loadout -> 200
#14465 GET /revival/loadout -> 200
#14466 GET /revival/loadout -> 200
#14467 GET /revival/loadout -> 200
#14468 GET /revival/loadout -> 200
#14469 GET /revival/loadout -> 200
#14470 GET /revival/loadout -> 200
#14471 GET /revival/loadout -> 200
#14472 GET /revival/loadout -> 200
#14473 GET /revival/loadout -> 200
#14474 GET /revival/loadout -> 200
#14475 GET /revival/loadout -> 200
#14476 GET /revival/loadout -> 200
#14477 GET /revival/loadout -> 200
#14478 GET /revival/loadout -> 200
#14479 GET /revival/loadout -> 200
#14480 GET /revival/loadout -> 200
#14481 GET /revival/loadout -> 200
#14482 GET /revival/loadout -> 200
#14483 GET /revival/loadout -> 200
#14484 GET /revival/loadout -> 200
#14485 GET /revival/loadout -> 200
#14486 GET /revival/loadout -> 200
#14487 GET /revival/loadout -> 200
#14488 GET /revival/loadout -> 200
#14489 GET /revival/loadout -> 200
#14490 GET /revival/loadout -> 200
#14491 GET /revival/loadout -> 200
#14492 GET /revival/loadout -> 200
#14493 GET /revival/loadout -> 200
#14494 GET /revival/loadout -> 200
#14495 GET /revival/loadout -> 200
#14496 GET /revival/loadout -> 200
#14497 GET /revival/loadout -> 200
#14498 GET /revival/loadout -> 200
#14499 GET /configuration/client -> 200
#14500 GET /revival/loadout -> 200
#14501 GET /content-service/manifest/release2.4.live-156430-shipping -> 200
#14502 GET /revival/loadout -> 200
#14503 GET /revival/loadout -> 200
#14504 GET /revival/loadout -> 200
#14505 GET /revival/loadout -> 200
#14506 GET /revival/loadout -> 200
#14507 GET /revival/loadout -> 200
#14508 GET /revival/loadout -> 200
#14509 GET /revival/loadout -> 200
#14510 GET /revival/loadout -> 200
#14511 GET /revival/loadout -> 200
#14512 GET /revival/loadout -> 200
#14513 GET /revival/loadout -> 200
#14514 GET /revival/loadout -> 200
#14515 GET /revival/loadout -> 200
#14516 GET /revival/loadout -> 200
#14517 GET /revival/loadout -> 200
#14518 GET /revival/loadout -> 200
#14519 GET /revival/loadout -> 200
#14520 GET /revival/loadout -> 200
#14521 GET /revival/loadout -> 200
#14522 GET /revival/loadout -> 200
#14523 GET /revival/loadout -> 200
#14524 GET /revival/loadout -> 200
#14525 GET /revival/loadout -> 200
#14526 GET /revival/loadout -> 200
#14527 GET /revival/loadout -> 200
#14528 GET /revival/loadout -> 200
#14529 GET /revival/loadout -> 200
#14530 GET /revival/loadout -> 200
#14531 GET /revival/loadout -> 200
#14532 GET /revival/loadout -> 200
#14533 GET /revival/loadout -> 200
#14534 GET /revival/loadout -> 200
#14535 GET /revival/loadout -> 200
#14536 GET /revival/loadout -> 200
#14537 GET /revival/loadout -> 200
#14538 GET /party/players/9b9d2c887e2524f918e383a895f2f1c2/voice -> 200
#14539 GET /revival/loadout -> 200
#14540 GET /revival/loadout -> 200
#14541 GET /revival/loadout -> 200
#14542 GET /revival/loadout -> 200
#14543 GET /revival/loadout -> 200
#14544 GET /revival/loadout -> 200
#14545 GET /revival/loadout -> 200
#14546 GET /revival/loadout -> 200
#14547 GET /revival/loadout -> 200
#14548 GET /revival/loadout -> 200
#14549 GET /revival/loadout -> 200
#14550 GET /revival/loadout -> 200

* 19:22:01.324  WS <- /notifications/players/9b9d2c887e2524f918e383a895f2f1c2 BINARY (2 bytes) 6862

* 19:22:01.348  WS -> /notifications/players/9b9d2c887e2524f918e383a895f2f1c2 TEXT hb reply {"Resource":"hb","Version":0,"Payload":""}
#14551 GET /revival/loadout -> 200
#14552 GET /revival/loadout -> 200
#14553 GET /revival/loadout -> 200
#14554 POST /party/parties/party-9b9d2c887e2524f918e383a895f2f1c2/members/9b9d2c887e2524f918e383a895f2f1c2/latencies -> 200
#14555 GET /revival/loadout -> 200
#14556 GET /revival/loadout -> 200
#14557 GET /revival/loadout -> 200
#14558 GET /revival/loadout -> 200
#14559 GET /revival/loadout -> 200
#14560 GET /revival/loadout -> 200
#14561 GET /revival/loadout -> 200
#14562 GET /revival/loadout -> 200
#14563 GET /revival/loadout -> 200
#14564 GET /revival/loadout -> 200
#14565 GET /revival/loadout -> 200
#14566 GET /revival/loadout -> 200
#14567 POST /game-telemetry/v1/protected/events -> 200
#14568 GET /revival/loadout -> 200
#14569 GET /revival/loadout -> 200
#14570 GET /revival/loadout -> 200
#14571 GET /revival/loadout -> 200
#14572 GET /revival/loadout -> 200
#14573 GET /revival/loadout -> 200
#14574 GET /revival/loadout -> 200
#14575 GET /revival/loadout -> 200
#14576 GET /revival/loadout -> 200
#14577 GET /revival/loadout -> 200
#14578 GET /revival/loadout -> 200
#14579 GET /revival/loadout -> 200
#14580 GET /revival/loadout -> 200
#14581 GET /party/matchmaking/info -> 200
#14582 GET /revival/loadout -> 200
#14583 GET /revival/loadout -> 200
#14584 GET /revival/loadout -> 200
#14585 GET /revival/loadout -> 200
#14586 GET /revival/loadout -> 200

* 19:22:07.316  WS <- /lobby TEXT ""
#14587 GET /revival/loadout -> 200
#14588 GET /revival/loadout -> 200
#14589 GET /revival/loadout -> 200
#14590 GET /revival/loadout -> 200
#14591 GET /revival/loadout -> 200
#14592 GET /revival/loadout -> 200
#14593 GET /revival/loadout -> 200
#14594 GET /revival/loadout -> 200
#14595 GET /revival/loadout -> 200
#14596 GET /revival/loadout -> 200
#14597 GET /revival/loadout -> 200
#14598 GET /revival/loadout -> 200
#14599 GET /revival/loadout -> 200
#14600 GET /revival/loadout -> 200
#14601 GET /revival/loadout -> 200
#14602 GET /revival/loadout -> 200
#14603 GET /revival/loadout -> 200
#14604 GET /revival/loadout -> 200
#14605 GET /revival/loadout -> 200
#14606 GET /revival/loadout -> 200
#14607 GET /revival/loadout -> 200
#14608 GET /revival/loadout -> 200
#14609 GET /revival/loadout -> 200
#14610 GET /revival/loadout -> 200
#14611 GET /revival/loadout -> 200
#14612 GET /revival/loadout -> 200
#14613 GET /revival/loadout -> 200
#14614 GET /revival/loadout -> 200
#14615 GET /revival/loadout -> 200
#14616 GET /revival/loadout -> 200
#14617 GET /revival/loadout -> 200
#14618 GET /revival/loadout -> 200
#14619 GET /revival/loadout -> 200
#14620 GET /revival/loadout -> 200
#14621 GET /revival/loadout -> 200
#14622 GET /revival/loadout -> 200
#14623 GET /revival/loadout -> 200
#14624 GET /revival/loadout -> 200
#14625 GET /revival/loadout -> 200
#14626 GET /revival/loadout -> 200
#14627 GET /revival/loadout -> 200
#14628 GET /revival/loadout -> 200
#14629 GET /revival/loadout -> 200
#14630 GET /revival/loadout -> 200
#14631 GET /revival/loadout -> 200
#14632 GET /revival/loadout -> 200
#14633 GET /revival/loadout -> 200
#14634 GET /revival/loadout -> 200
#14635 GET /revival/loadout -> 200
#14636 GET /revival/loadout -> 200
#14637 GET /revival/loadout -> 200
#14638 GET /revival/loadout -> 200
#14639 GET /revival/loadout -> 200
#14640 GET /revival/loadout -> 200
#14641 GET /revival/loadout -> 200
#14642 GET /revival/loadout -> 200
#14643 GET /revival/loadout -> 200
#14644 GET /revival/loadout -> 200
#14645 GET /revival/loadout -> 200
#14646 GET /revival/loadout -> 200
#14647 GET /revival/loadout -> 200
#14648 GET /revival/loadout -> 200
#14649 GET /revival/loadout -> 200
#14650 GET /revival/loadout -> 200
#14651 GET /revival/loadout -> 200
#14652 GET /revival/loadout -> 200
#14653 GET /revival/loadout -> 200
#14654 GET /revival/loadout -> 200
#14655 GET /revival/loadout -> 200
#14656 GET /revival/loadout -> 200
#14657 GET /revival/loadout -> 200
#14658 GET /revival/loadout -> 200
#14659 GET /revival/loadout -> 200
#14660 GET /revival/loadout -> 200
#14661 GET /revival/loadout -> 200
#14662 GET /revival/loadout -> 200
#14663 GET /revival/loadout -> 200
#14664 GET /revival/loadout -> 200
#14665 GET /revival/loadout -> 200
#14666 GET /revival/loadout -> 200
#14667 GET /revival/loadout -> 200
#14668 GET /revival/loadout -> 200
#14669 GET /revival/loadout -> 200
#14670 GET /revival/loadout -> 200
#14671 GET /revival/loadout -> 200
#14672 GET /revival/loadout -> 200
#14673 GET /configuration/client -> 200
#14674 GET /revival/loadout -> 200
#14675 GET /content-service/manifest/release2.4.live-156430-shipping -> 200
#14676 GET /revival/loadout -> 200
#14677 GET /revival/loadout -> 200
#14678 GET /revival/loadout -> 200
#14679 GET /revival/loadout -> 200
#14680 GET /revival/loadout -> 200
#14681 GET /revival/loadout -> 200
#14682 GET /revival/loadout -> 200
#14683 GET /revival/loadout -> 200
#14684 GET /revival/loadout -> 200
#14685 GET /revival/loadout -> 200
#14686 GET /revival/loadout -> 200
#14687 GET /revival/loadout -> 200
#14688 GET /revival/loadout -> 200
#14689 GET /revival/loadout -> 200
#14690 GET /revival/loadout -> 200
#14691 GET /revival/loadout -> 200
#14692 GET /revival/loadout -> 200
#14693 GET /revival/loadout -> 200
#14694 GET /revival/loadout -> 200
#14695 GET /revival/loadout -> 200
#14696 GET /revival/loadout -> 200
#14697 GET /revival/loadout -> 200
#14698 GET /revival/loadout -> 200
#14699 GET /revival/loadout -> 200
#14700 GET /revival/loadout -> 200
#14701 GET /revival/loadout -> 200
#14702 GET /revival/loadout -> 200
#14703 GET /revival/loadout -> 200
#14704 GET /revival/loadout -> 200
#14705 GET /revival/loadout -> 200
#14706 GET /revival/loadout -> 200
#14707 GET /revival/loadout -> 200
#14708 GET /revival/loadout -> 200
#14709 GET /revival/loadout -> 200
#14710 GET /revival/loadout -> 200
#14711 GET /revival/loadout -> 200
#14712 GET /revival/loadout -> 200
#14713 GET /revival/loadout -> 200
#14714 GET /party/players/9b9d2c887e2524f918e383a895f2f1c2/voice -> 200
#14715 GET /revival/loadout -> 200
#14716 GET /revival/loadout -> 200
#14717 GET /revival/loadout -> 200
#14718 GET /revival/loadout -> 200
#14719 GET /revival/loadout -> 200
#14720 GET /revival/loadout -> 200
#14721 GET /revival/loadout -> 200
#14722 GET /revival/loadout -> 200
#14723 GET /revival/loadout -> 200
#14724 GET /revival/loadout -> 200

* 19:22:31.406  WS -> /notifications/players/9b9d2c887e2524f918e383a895f2f1c2 BINARY hb (proactive 30s keepalive)
#14725 GET /revival/loadout -> 200
#14726 GET /revival/loadout -> 200
#14727 GET /revival/loadout -> 200
#14728 POST /party/parties/party-9b9d2c887e2524f918e383a895f2f1c2/members/9b9d2c887e2524f918e383a895f2f1c2/latencies -> 200
#14729 GET /revival/loadout -> 200
#14730 GET /revival/loadout -> 200
#14731 GET /revival/loadout -> 200
#14732 GET /revival/loadout -> 200
#14733 GET /revival/loadout -> 200
#14734 GET /revival/loadout -> 200
#14735 GET /revival/loadout -> 200
#14736 GET /revival/loadout -> 200
#14737 GET /revival/loadout -> 200
#14738 GET /revival/loadout -> 200
#14739 GET /revival/loadout -> 200
#14740 GET /revival/loadout -> 200
#14741 GET /revival/loadout -> 200
#14742 GET /revival/loadout -> 200
#14743 GET /revival/loadout -> 200
#14744 GET /revival/loadout -> 200
#14745 GET /revival/loadout -> 200
#14746 GET /revival/loadout -> 200
#14747 GET /revival/loadout -> 200
#14748 GET /revival/loadout -> 200
#14749 GET /revival/loadout -> 200
#14750 GET /revival/loadout -> 200
#14751 GET /revival/loadout -> 200
#14752 GET /revival/loadout -> 200
#14753 GET /party/matchmaking/info -> 200
#14754 GET /core-game/regions -> 200
#14756 GET /revival/loadout -> 200
#14755 GET /storefront/heroes -> 200
#14757 GET /revival/loadout -> 200
#14758 GET /revival/loadout -> 200
#14759 GET /revival/loadout -> 200
#14760 GET /revival/loadout -> 200

* 19:22:37.311  WS <- /lobby TEXT ""
#14761 GET /revival/loadout -> 200
#14762 GET /revival/loadout -> 200
#14763 GET /revival/loadout -> 200
#14764 GET /revival/loadout -> 200
#14765 GET /revival/loadout -> 200
#14766 GET /revival/loadout -> 200
#14767 GET /revival/loadout -> 200
#14768 GET /revival/loadout -> 200
#14769 GET /revival/loadout -> 200
#14770 GET /revival/loadout -> 200
#14771 GET /revival/loadout -> 200
#14772 GET /revival/loadout -> 200
#14773 GET /revival/loadout -> 200
#14774 GET /revival/loadout -> 200
#14775 GET /revival/loadout -> 200
#14776 GET /revival/loadout -> 200
#14777 GET /revival/loadout -> 200
#14778 GET /revival/loadout -> 200
#14779 GET /revival/loadout -> 200
#14780 GET /revival/loadout -> 200
#14781 GET /revival/loadout -> 200
#14782 GET /revival/loadout -> 200
#14783 GET /revival/loadout -> 200
#14784 GET /revival/loadout -> 200
#14785 GET /revival/loadout -> 200
#14786 GET /revival/loadout -> 200
#14787 GET /revival/loadout -> 200
#14788 GET /revival/loadout -> 200
#14789 GET /revival/loadout -> 200
#14790 GET /revival/loadout -> 200
#14791 GET /revival/loadout -> 200
#14792 GET /revival/loadout -> 200
#14793 GET /revival/loadout -> 200
#14794 GET /revival/loadout -> 200
#14795 GET /revival/loadout -> 200
#14796 GET /revival/loadout -> 200
#14797 GET /revival/loadout -> 200
#14798 GET /revival/loadout -> 200
#14799 GET /revival/loadout -> 200
#14800 GET /revival/loadout -> 200
#14801 GET /revival/loadout -> 200
#14802 GET /revival/loadout -> 200
#14803 GET /revival/loadout -> 200
#14804 GET /revival/loadout -> 200
#14805 GET /revival/loadout -> 200
#14806 GET /revival/loadout -> 200
#14807 GET /revival/loadout -> 200
#14808 GET /revival/loadout -> 200
#14809 GET /revival/loadout -> 200
#14810 GET /revival/loadout -> 200
#14811 GET /revival/loadout -> 200
#14812 GET /revival/loadout -> 200
#14813 GET /revival/loadout -> 200
#14814 GET /revival/loadout -> 200
#14815 GET /revival/loadout -> 200
#14816 GET /revival/loadout -> 200
#14817 GET /revival/loadout -> 200
#14818 GET /revival/loadout -> 200
#14819 GET /revival/loadout -> 200
#14820 GET /revival/loadout -> 200
#14821 GET /revival/loadout -> 200
#14822 GET /revival/loadout -> 200
#14823 GET /revival/loadout -> 200
#14824 GET /revival/loadout -> 200
#14825 GET /revival/loadout -> 200
#14826 GET /revival/loadout -> 200
#14827 GET /revival/loadout -> 200
#14828 GET /revival/loadout -> 200
#14829 GET /revival/loadout -> 200
#14830 GET /revival/loadout -> 200
#14831 GET /revival/loadout -> 200
#14832 GET /revival/loadout -> 200
#14833 GET /revival/loadout -> 200
#14834 GET /revival/loadout -> 200
#14835 GET /revival/loadout -> 200
#14836 GET /revival/loadout -> 200
#14837 GET /revival/loadout -> 200
#14838 GET /revival/loadout -> 200
#14839 GET /revival/loadout -> 200
#14840 GET /revival/loadout -> 200
#14841 GET /revival/loadout -> 200
#14842 GET /revival/loadout -> 200
#14843 GET /revival/loadout -> 200
#14844 GET /revival/loadout -> 200
#14845 GET /revival/loadout -> 200
#14846 GET /revival/loadout -> 200
#14847 GET /revival/loadout -> 200
#14848 GET /configuration/client -> 200
#14849 GET /revival/loadout -> 200
#14850 GET /content-service/manifest/release2.4.live-156430-shipping -> 200
#14851 GET /revival/loadout -> 200
#14852 GET /revival/loadout -> 200
#14853 GET /revival/loadout -> 200
#14854 GET /revival/loadout -> 200
#14855 GET /revival/loadout -> 200
#14856 GET /revival/loadout -> 200
#14857 GET /revival/loadout -> 200
#14858 GET /revival/loadout -> 200
#14859 GET /revival/loadout -> 200
#14860 GET /revival/loadout -> 200
#14861 GET /revival/loadout -> 200
#14862 GET /revival/loadout -> 200
#14863 GET /revival/loadout -> 200
#14864 GET /revival/loadout -> 200
#14865 GET /revival/loadout -> 200
#14866 GET /revival/loadout -> 200
#14867 GET /revival/loadout -> 200
#14868 GET /revival/loadout -> 200
#14869 GET /revival/loadout -> 200
#14870 GET /revival/loadout -> 200

* 19:22:56.339  WS <- /notifications/players/9b9d2c887e2524f918e383a895f2f1c2 BINARY (2 bytes) 6862

* 19:22:56.370  WS -> /notifications/players/9b9d2c887e2524f918e383a895f2f1c2 TEXT hb reply {"Resource":"hb","Version":0,"Payload":""}
#14871 GET /revival/loadout -> 200
#14872 GET /revival/loadout -> 200
#14873 GET /revival/loadout -> 200
#14874 GET /revival/loadout -> 200
#14875 GET /revival/loadout -> 200
#14876 GET /revival/loadout -> 200
#14877 GET /revival/loadout -> 200
#14878 GET /revival/loadout -> 200
#14879 GET /revival/loadout -> 200
#14880 GET /revival/loadout -> 200
#14881 GET /revival/loadout -> 200
#14882 GET /revival/loadout -> 200
#14883 GET /revival/loadout -> 200
#14884 GET /revival/loadout -> 200
#14885 GET /revival/loadout -> 200
#14886 GET /revival/loadout -> 200
#14887 GET /revival/loadout -> 200
#14888 GET /revival/loadout -> 200
#14889 GET /revival/loadout -> 200
#14890 GET /revival/loadout -> 200
#14891 GET /revival/loadout -> 200
#14892 GET /party/players/9b9d2c887e2524f918e383a895f2f1c2/voice -> 200
#14893 GET /revival/loadout -> 200
#14894 GET /revival/loadout -> 200
#14895 GET /revival/loadout -> 200
#14896 GET /revival/loadout -> 200
#14897 GET /revival/loadout -> 200
#14898 GET /revival/loadout -> 200
#14899 GET /revival/loadout -> 200
#14900 GET /revival/loadout -> 200
#14901 GET /revival/loadout -> 200
#14902 GET /revival/loadout -> 200
#14903 GET /revival/loadout -> 200
#14904 POST /party/parties/party-9b9d2c887e2524f918e383a895f2f1c2/members/9b9d2c887e2524f918e383a895f2f1c2/latencies -> 200
#14905 GET /revival/loadout -> 200
#14906 GET /revival/loadout -> 200
#14907 GET /revival/loadout -> 200
#14908 GET /revival/loadout -> 200
#14909 GET /revival/loadout -> 200
#14910 GET /revival/loadout -> 200
#14911 GET /revival/loadout -> 200
#14912 GET /revival/loadout -> 200
#14913 GET /revival/loadout -> 200
#14914 GET /revival/loadout -> 200
#14915 POST /game-telemetry/v1/protected/events -> 200
#14916 GET /revival/loadout -> 200
#14917 GET /revival/loadout -> 200
#14918 GET /revival/loadout -> 200
#14919 GET /revival/loadout -> 200
#14920 GET /revival/loadout -> 200
#14921 GET /revival/loadout -> 200
#14922 GET /revival/loadout -> 200
#14923 GET /revival/loadout -> 200
#14924 GET /revival/loadout -> 200
#14925 GET /revival/loadout -> 200
#14926 GET /revival/loadout -> 200
#14927 GET /revival/loadout -> 200
#14928 GET /revival/loadout -> 200
#14929 GET /mailbox/config/version -> 200
#14931 GET /revival/loadout -> 200
#14930 GET /party/matchmaking/info -> 200
#14932 GET /revival/loadout -> 200
#14933 GET /revival/loadout -> 200
#14934 GET /revival/loadout -> 200
#14935 GET /revival/loadout -> 200
#14936 GET /revival/loadout -> 200

* 19:23:07.316  WS <- /lobby TEXT ""
#14937 GET /revival/loadout -> 200
#14938 GET /revival/loadout -> 200
#14939 GET /revival/loadout -> 200
#14940 GET /revival/loadout -> 200
#14941 GET /revival/loadout -> 200
#14942 GET /revival/loadout -> 200
#14943 GET /revival/loadout -> 200
#14944 GET /revival/loadout -> 200
#14945 GET /revival/loadout -> 200
#14946 GET /revival/loadout -> 200
#14947 GET /revival/loadout -> 200
#14948 GET /revival/loadout -> 200
#14949 GET /revival/loadout -> 200
#14950 GET /revival/loadout -> 200
#14951 GET /revival/loadout -> 200
#14952 GET /revival/loadout -> 200
#14953 GET /revival/loadout -> 200
#14954 GET /revival/loadout -> 200
#14955 GET /revival/loadout -> 200
#14956 GET /revival/loadout -> 200
#14957 GET /revival/loadout -> 200
#14958 GET /revival/loadout -> 200
#14959 GET /revival/loadout -> 200
#14960 GET /revival/loadout -> 200
#14961 GET /revival/loadout -> 200
#14962 GET /revival/loadout -> 200
#14963 GET /revival/loadout -> 200
#14964 GET /revival/loadout -> 200
#14965 GET /revival/loadout -> 200
#14966 GET /revival/loadout -> 200
#14967 GET /revival/loadout -> 200
#14968 GET /revival/loadout -> 200
#14969 GET /revival/loadout -> 200
#14970 GET /revival/loadout -> 200
#14971 GET /revival/loadout -> 200
#14972 GET /revival/loadout -> 200
#14973 GET /revival/loadout -> 200
#14974 GET /revival/loadout -> 200
#14975 GET /revival/loadout -> 200
#14976 GET /revival/loadout -> 200
#14977 GET /revival/loadout -> 200
#14978 GET /revival/loadout -> 200
#14979 GET /revival/loadout -> 200
#14980 GET /revival/loadout -> 200
#14981 GET /revival/loadout -> 200
#14982 GET /revival/loadout -> 200
#14983 GET /revival/loadout -> 200
#14984 GET /revival/loadout -> 200
#14985 GET /revival/loadout -> 200
#14986 GET /revival/loadout -> 200
#14987 GET /revival/loadout -> 200
#14988 GET /revival/loadout -> 200
#14989 GET /revival/loadout -> 200
#14990 GET /revival/loadout -> 200
#14991 GET /revival/loadout -> 200
#14992 GET /revival/loadout -> 200
#14993 GET /revival/loadout -> 200
#14994 GET /revival/loadout -> 200
#14995 GET /revival/loadout -> 200
#14996 GET /revival/loadout -> 200
#14997 GET /revival/loadout -> 200
#14998 GET /revival/loadout -> 200
#14999 GET /revival/loadout -> 200
#15000 GET /revival/loadout -> 200
#15001 GET /revival/loadout -> 200
#15002 GET /revival/loadout -> 200
#15003 GET /revival/loadout -> 200
#15004 GET /revival/loadout -> 200
#15005 GET /revival/loadout -> 200
#15006 GET /revival/loadout -> 200
#15007 GET /revival/loadout -> 200
#15008 GET /revival/loadout -> 200
#15009 GET /revival/loadout -> 200
#15010 GET /revival/loadout -> 200
#15011 GET /revival/loadout -> 200
#15012 GET /revival/loadout -> 200
#15013 GET /revival/loadout -> 200
#15014 GET /revival/loadout -> 200
#15015 GET /revival/loadout -> 200
#15016 GET /revival/loadout -> 200
#15017 GET /revival/loadout -> 200
#15018 GET /revival/loadout -> 200
#15019 GET /revival/loadout -> 200
#15020 GET /revival/loadout -> 200
#15021 GET /revival/loadout -> 200
#15022 GET /revival/loadout -> 200
#15023 GET /configuration/client -> 200
#15024 GET /revival/loadout -> 200
#15025 GET /revival/loadout -> 200
#15026 GET /content-service/manifest/release2.4.live-156430-shipping -> 200
#15027 GET /revival/loadout -> 200
#15028 GET /revival/loadout -> 200
#15029 GET /revival/loadout -> 200
#15030 GET /revival/loadout -> 200
#15031 GET /revival/loadout -> 200
#15032 GET /revival/loadout -> 200
#15033 GET /revival/loadout -> 200
#15034 GET /revival/loadout -> 200
#15035 GET /revival/loadout -> 200
#15036 GET /revival/loadout -> 200
#15037 GET /revival/loadout -> 200
#15038 GET /revival/loadout -> 200
#15039 GET /revival/loadout -> 200
#15040 GET /revival/loadout -> 200
#15041 GET /revival/loadout -> 200
#15042 GET /revival/loadout -> 200
#15043 GET /revival/loadout -> 200
#15044 GET /revival/loadout -> 200
#15045 GET /revival/loadout -> 200
#15046 GET /revival/loadout -> 200

* 19:23:26.418  WS -> /notifications/players/9b9d2c887e2524f918e383a895f2f1c2 BINARY hb (proactive 30s keepalive)
#15047 GET /revival/loadout -> 200
#15048 GET /revival/loadout -> 200
#15049 GET /revival/loadout -> 200
#15050 GET /revival/loadout -> 200
#15051 GET /revival/loadout -> 200
#15052 GET /revival/loadout -> 200
#15053 GET /revival/loadout -> 200
#15054 GET /revival/loadout -> 200
#15055 GET /revival/loadout -> 200
#15056 GET /revival/loadout -> 200
#15057 GET /revival/loadout -> 200
#15058 GET /revival/loadout -> 200
#15059 GET /revival/loadout -> 200
#15060 GET /revival/loadout -> 200
#15061 GET /revival/loadout -> 200
#15062 GET /revival/loadout -> 200
#15063 GET /revival/loadout -> 200
#15064 GET /revival/loadout -> 200
#15065 GET /revival/loadout -> 200
#15066 GET /revival/loadout -> 200
#15067 GET /revival/loadout -> 200
#15068 GET /revival/loadout -> 200
#15069 GET /party/players/9b9d2c887e2524f918e383a895f2f1c2/voice -> 200
#15070 GET /revival/loadout -> 200
#15071 GET /revival/loadout -> 200
#15072 GET /revival/loadout -> 200
#15073 GET /revival/loadout -> 200
#15074 GET /revival/loadout -> 200
#15075 GET /revival/loadout -> 200
#15076 GET /revival/loadout -> 200
#15077 GET /revival/loadout -> 200
#15078 GET /revival/loadout -> 200
#15079 GET /revival/loadout -> 200
#15080 POST /party/parties/party-9b9d2c887e2524f918e383a895f2f1c2/members/9b9d2c887e2524f918e383a895f2f1c2/latencies -> 200
#15081 GET /revival/loadout -> 200
#15082 GET /revival/loadout -> 200
#15083 GET /revival/loadout -> 200
#15084 GET /revival/loadout -> 200
#15085 GET /revival/loadout -> 200
#15086 GET /revival/loadout -> 200
#15087 GET /revival/loadout -> 200
#15088 GET /revival/loadout -> 200
#15089 GET /revival/loadout -> 200
#15090 GET /revival/loadout -> 200
#15091 GET /revival/loadout -> 200
#15092 GET /revival/loadout -> 200
#15093 GET /revival/loadout -> 200
#15094 GET /revival/loadout -> 200
#15095 GET /revival/loadout -> 200
#15096 GET /revival/loadout -> 200
#15097 GET /revival/loadout -> 200
#15098 GET /revival/loadout -> 200
#15099 GET /revival/loadout -> 200
#15100 GET /revival/loadout -> 200
#15101 GET /revival/loadout -> 200
#15102 GET /revival/loadout -> 200
#15103 GET /revival/loadout -> 200
#15105 GET /core-game/regions -> 200
#15104 GET /party/matchmaking/info -> 200
#15106 GET /revival/loadout -> 200
#15107 GET /revival/loadout -> 200
#15108 GET /revival/loadout -> 200
#15109 GET /revival/loadout -> 200
#15110 GET /revival/loadout -> 200

* 19:23:37.319  WS <- /lobby TEXT ""
#15111 GET /revival/loadout -> 200
#15112 GET /revival/loadout -> 200
#15113 GET /revival/loadout -> 200
#15114 GET /revival/loadout -> 200
#15115 GET /revival/loadout -> 200
#15116 GET /revival/loadout -> 200
#15117 GET /revival/loadout -> 200
#15118 GET /revival/loadout -> 200
#15119 GET /revival/loadout -> 200
#15120 GET /revival/loadout -> 200
#15121 GET /revival/loadout -> 200
#15122 GET /revival/loadout -> 200
#15123 GET /revival/loadout -> 200
#15124 GET /revival/loadout -> 200
#15125 GET /revival/loadout -> 200
#15126 GET /revival/loadout -> 200
#15127 GET /revival/loadout -> 200
#15128 GET /revival/loadout -> 200
#15129 GET /revival/loadout -> 200
#15130 GET /revival/loadout -> 200
#15131 GET /revival/loadout -> 200
#15132 GET /revival/loadout -> 200
#15133 GET /revival/loadout -> 200
#15134 GET /revival/loadout -> 200
#15135 GET /revival/loadout -> 200
#15136 GET /revival/loadout -> 200
#15137 GET /revival/loadout -> 200
#15138 GET /revival/loadout -> 200
#15139 GET /revival/loadout -> 200
#15140 GET /revival/loadout -> 200
#15141 GET /revival/loadout -> 200
#15142 GET /revival/loadout -> 200
#15143 GET /revival/loadout -> 200
#15144 GET /revival/loadout -> 200
#15145 GET /revival/loadout -> 200
#15146 GET /revival/loadout -> 200
#15147 GET /revival/loadout -> 200
#15148 GET /revival/loadout -> 200
#15149 GET /revival/loadout -> 200
#15150 GET /revival/loadout -> 200
#15151 GET /revival/loadout -> 200
#15152 GET /revival/loadout -> 200
#15153 GET /revival/loadout -> 200
#15154 GET /revival/loadout -> 200
#15155 GET /revival/loadout -> 200
#15156 GET /revival/loadout -> 200
#15157 GET /revival/loadout -> 200
#15158 GET /revival/loadout -> 200
#15159 GET /revival/loadout -> 200
#15160 GET /revival/loadout -> 200
#15161 GET /revival/loadout -> 200
#15162 GET /revival/loadout -> 200
#15163 GET /revival/loadout -> 200
#15164 GET /revival/loadout -> 200
#15165 GET /revival/loadout -> 200
#15166 GET /revival/loadout -> 200
#15167 GET /revival/loadout -> 200
#15168 GET /revival/loadout -> 200
#15169 GET /revival/loadout -> 200
#15170 GET /revival/loadout -> 200
#15171 GET /revival/loadout -> 200
#15172 GET /revival/loadout -> 200
#15173 GET /revival/loadout -> 200
#15174 GET /revival/loadout -> 200
#15175 GET /revival/loadout -> 200
#15176 GET /revival/loadout -> 200
#15177 GET /revival/loadout -> 200
#15178 GET /revival/loadout -> 200
#15179 GET /revival/loadout -> 200
#15180 GET /revival/loadout -> 200
#15181 GET /revival/loadout -> 200
#15182 GET /revival/loadout -> 200
#15183 GET /revival/loadout -> 200
#15184 GET /revival/loadout -> 200
#15185 GET /revival/loadout -> 200
#15186 GET /revival/loadout -> 200
#15187 GET /revival/loadout -> 200
#15188 GET /revival/loadout -> 200
#15189 GET /revival/loadout -> 200

* 19:23:51.317  WS <- /notifications/players/9b9d2c887e2524f918e383a895f2f1c2 BINARY (2 bytes) 6862

* 19:23:51.341  WS -> /notifications/players/9b9d2c887e2524f918e383a895f2f1c2 TEXT hb reply {"Resource":"hb","Version":0,"Payload":""}
#15190 GET /revival/loadout -> 200
#15191 GET /revival/loadout -> 200
#15192 GET /revival/loadout -> 200
#15193 GET /revival/loadout -> 200
#15194 GET /revival/loadout -> 200
#15195 GET /revival/loadout -> 200
#15196 GET /revival/loadout -> 200
#15197 GET /revival/loadout -> 200
#15198 GET /configuration/client -> 200
#15199 GET /revival/loadout -> 200
#15200 GET /content-service/manifest/release2.4.live-156430-shipping -> 200
#15201 GET /revival/loadout -> 200
#15202 GET /revival/loadout -> 200
#15203 GET /revival/loadout -> 200
#15204 GET /revival/loadout -> 200
#15205 GET /revival/loadout -> 200
#15206 GET /revival/loadout -> 200
#15207 GET /revival/loadout -> 200
#15208 GET /revival/loadout -> 200
#15209 GET /revival/loadout -> 200
#15210 GET /revival/loadout -> 200
#15211 GET /revival/loadout -> 200
#15212 GET /revival/loadout -> 200
#15213 GET /revival/loadout -> 200
#15214 GET /revival/loadout -> 200
#15215 GET /revival/loadout -> 200
#15216 GET /revival/loadout -> 200
#15217 GET /revival/loadout -> 200
#15218 GET /revival/loadout -> 200
#15219 GET /revival/loadout -> 200
#15220 GET /revival/loadout -> 200
#15221 GET /revival/loadout -> 200
#15222 GET /revival/loadout -> 200
#15223 GET /revival/loadout -> 200
#15224 GET /revival/loadout -> 200
#15225 GET /revival/loadout -> 200
#15226 GET /revival/loadout -> 200
#15227 GET /revival/loadout -> 200
#15228 GET /revival/loadout -> 200
#15229 GET /revival/loadout -> 200
#15230 GET /revival/loadout -> 200
#15231 GET /revival/loadout -> 200
#15232 GET /revival/loadout -> 200
#15233 GET /revival/loadout -> 200
#15234 GET /revival/loadout -> 200
#15235 GET /revival/loadout -> 200
#15236 GET /revival/loadout -> 200
#15237 GET /revival/loadout -> 200
#15238 GET /revival/loadout -> 200
#15239 GET /revival/loadout -> 200
#15240 GET /revival/loadout -> 200
#15241 GET /revival/loadout -> 200
#15242 GET /revival/loadout -> 200
#15243 GET /revival/loadout -> 200
#15244 GET /revival/loadout -> 200
#15245 GET /party/players/9b9d2c887e2524f918e383a895f2f1c2/voice -> 200
#15246 GET /revival/loadout -> 200
#15247 GET /revival/loadout -> 200
#15248 GET /revival/loadout -> 200
#15249 GET /revival/loadout -> 200
#15250 GET /revival/loadout -> 200
#15251 GET /revival/loadout -> 200
#15252 GET /revival/loadout -> 200
#15253 GET /revival/loadout -> 200
#15254 GET /revival/loadout -> 200
#15255 POST /party/parties/party-9b9d2c887e2524f918e383a895f2f1c2/members/9b9d2c887e2524f918e383a895f2f1c2/latencies -> 200
#15256 GET /revival/loadout -> 200
#15257 GET /revival/loadout -> 200
#15258 GET /revival/loadout -> 200
#15259 GET /revival/loadout -> 200
#15260 GET /revival/loadout -> 200
#15261 GET /revival/loadout -> 200
#15262 GET /revival/loadout -> 200
#15263 GET /revival/loadout -> 200
#15264 POST /game-telemetry/v1/protected/events -> 200
#15265 GET /revival/loadout -> 200
#15266 GET /revival/loadout -> 200
#15267 GET /revival/loadout -> 200
#15268 GET /revival/loadout -> 200
#15269 GET /revival/loadout -> 200
#15270 GET /revival/loadout -> 200
#15271 GET /revival/loadout -> 200
#15272 GET /revival/loadout -> 200
#15273 GET /revival/loadout -> 200
#15274 GET /revival/loadout -> 200
#15275 GET /revival/loadout -> 200
#15276 GET /revival/loadout -> 200
#15277 GET /revival/loadout -> 200
#15278 GET /party/matchmaking/info -> 200
#15279 GET /revival/loadout -> 200
#15280 GET /revival/loadout -> 200
#15281 GET /revival/loadout -> 200
#15282 GET /revival/loadout -> 200
#15283 GET /revival/loadout -> 200
#15284 GET /revival/loadout -> 200

* 19:24:07.321  WS <- /lobby TEXT ""
#15285 GET /revival/loadout -> 200
#15286 GET /revival/loadout -> 200
#15287 GET /revival/loadout -> 200
#15288 GET /revival/loadout -> 200
#15289 GET /revival/loadout -> 200
#15290 GET /revival/loadout -> 200
#15291 GET /revival/loadout -> 200
#15292 GET /revival/loadout -> 200
#15293 GET /revival/loadout -> 200
#15294 GET /revival/loadout -> 200
#15295 GET /revival/loadout -> 200
#15296 GET /revival/loadout -> 200
#15297 GET /revival/loadout -> 200
#15298 GET /revival/loadout -> 200
#15299 GET /revival/loadout -> 200
#15300 GET /revival/loadout -> 200
#15301 GET /revival/loadout -> 200
#15302 GET /revival/loadout -> 200
#15303 GET /revival/loadout -> 200
#15304 GET /revival/loadout -> 200
#15305 GET /revival/loadout -> 200
#15306 GET /revival/loadout -> 200
#15307 GET /revival/loadout -> 200
#15308 GET /revival/loadout -> 200
#15309 GET /revival/loadout -> 200
#15310 GET /revival/loadout -> 200
#15311 GET /revival/loadout -> 200
#15312 GET /revival/loadout -> 200
#15313 GET /revival/loadout -> 200
#15314 GET /revival/loadout -> 200
#15315 GET /revival/loadout -> 200
#15316 GET /revival/loadout -> 200
#15317 GET /revival/loadout -> 200
#15318 GET /revival/loadout -> 200
#15319 GET /revival/loadout -> 200
#15320 GET /revival/loadout -> 200
#15321 GET /revival/loadout -> 200
#15322 GET /revival/loadout -> 200
#15323 GET /revival/loadout -> 200
#15324 GET /revival/loadout -> 200
#15325 GET /revival/loadout -> 200
#15326 GET /revival/loadout -> 200
#15327 GET /revival/loadout -> 200
#15328 GET /revival/loadout -> 200
#15329 GET /revival/loadout -> 200
#15330 GET /revival/loadout -> 200
#15331 GET /revival/loadout -> 200
#15332 GET /revival/loadout -> 200
#15333 GET /revival/loadout -> 200
#15334 GET /revival/loadout -> 200
#15335 GET /revival/loadout -> 200
#15336 GET /revival/loadout -> 200
#15337 GET /revival/loadout -> 200
#15338 GET /revival/loadout -> 200
#15339 GET /revival/loadout -> 200
#15340 GET /revival/loadout -> 200
#15341 GET /revival/loadout -> 200
#15342 GET /revival/loadout -> 200
#15343 GET /revival/loadout -> 200
#15344 GET /revival/loadout -> 200
#15345 GET /revival/loadout -> 200
#15346 GET /revival/loadout -> 200
#15347 GET /revival/loadout -> 200
#15348 GET /revival/loadout -> 200
#15349 GET /revival/loadout -> 200
#15350 GET /revival/loadout -> 200
#15351 GET /revival/loadout -> 200
#15352 GET /revival/loadout -> 200
#15353 GET /revival/loadout -> 200
#15354 GET /revival/loadout -> 200
#15355 GET /revival/loadout -> 200
#15356 GET /revival/loadout -> 200
#15357 GET /revival/loadout -> 200
#15358 GET /revival/loadout -> 200
#15359 GET /revival/loadout -> 200
#15360 GET /revival/loadout -> 200
#15361 GET /revival/loadout -> 200
#15362 GET /revival/loadout -> 200
#15363 GET /revival/loadout -> 200
#15364 GET /revival/loadout -> 200

* 19:24:21.399  WS -> /notifications/players/9b9d2c887e2524f918e383a895f2f1c2 BINARY hb (proactive 30s keepalive)
#15365 GET /revival/loadout -> 200
#15366 GET /revival/loadout -> 200
#15367 GET /revival/loadout -> 200
#15368 GET /revival/loadout -> 200
#15369 GET /revival/loadout -> 200
#15370 GET /revival/loadout -> 200
#15371 GET /revival/loadout -> 200
#15372 GET /configuration/client -> 200
#15373 GET /revival/loadout -> 200
#15374 GET /content-service/manifest/release2.4.live-156430-shipping -> 200
#15375 GET /revival/loadout -> 200
#15376 GET /revival/loadout -> 200
#15377 GET /revival/loadout -> 200
#15378 GET /revival/loadout -> 200
#15379 GET /revival/loadout -> 200
#15380 GET /revival/loadout -> 200
#15381 GET /revival/loadout -> 200
#15382 GET /revival/loadout -> 200
#15383 GET /revival/loadout -> 200
#15384 GET /revival/loadout -> 200
#15385 GET /revival/loadout -> 200
#15386 GET /revival/loadout -> 200
#15387 GET /revival/loadout -> 200
#15388 GET /revival/loadout -> 200
#15389 GET /revival/loadout -> 200
#15390 GET /revival/loadout -> 200
#15391 GET /revival/loadout -> 200
#15392 GET /revival/loadout -> 200
#15393 GET /revival/loadout -> 200
#15394 GET /revival/loadout -> 200
#15395 GET /revival/loadout -> 200
#15396 GET /revival/loadout -> 200
#15397 GET /revival/loadout -> 200
#15398 GET /revival/loadout -> 200
#15399 GET /revival/loadout -> 200
#15400 GET /revival/loadout -> 200
#15401 GET /revival/loadout -> 200
#15402 GET /revival/loadout -> 200
#15403 GET /revival/loadout -> 200
#15404 GET /revival/loadout -> 200
#15405 GET /revival/loadout -> 200
#15406 GET /revival/loadout -> 200
#15407 GET /revival/loadout -> 200
#15408 GET /revival/loadout -> 200
#15409 GET /revival/loadout -> 200
#15410 GET /revival/loadout -> 200
#15411 GET /revival/loadout -> 200
#15412 GET /revival/loadout -> 200
#15413 GET /revival/loadout -> 200
#15414 GET /revival/loadout -> 200
#15415 GET /revival/loadout -> 200
#15416 GET /revival/loadout -> 200
#15417 GET /revival/loadout -> 200
#15418 GET /revival/loadout -> 200
#15419 GET /revival/loadout -> 200
#15420 GET /revival/loadout -> 200
#15421 GET /party/players/9b9d2c887e2524f918e383a895f2f1c2/voice -> 200
#15422 GET /revival/loadout -> 200
#15423 GET /revival/loadout -> 200
#15424 GET /revival/loadout -> 200
#15425 GET /revival/loadout -> 200
#15426 GET /revival/loadout -> 200
#15427 GET /revival/loadout -> 200
#15428 GET /revival/loadout -> 200
#15429 POST /party/parties/party-9b9d2c887e2524f918e383a895f2f1c2/members/9b9d2c887e2524f918e383a895f2f1c2/latencies -> 200
#15430 GET /revival/loadout -> 200
#15431 GET /revival/loadout -> 200
#15432 GET /revival/loadout -> 200
#15433 GET /revival/loadout -> 200
#15434 GET /revival/loadout -> 200
#15435 GET /revival/loadout -> 200
#15436 GET /revival/loadout -> 200
#15437 GET /revival/loadout -> 200
#15438 GET /revival/loadout -> 200
#15439 GET /revival/loadout -> 200
#15440 GET /revival/loadout -> 200
#15441 GET /revival/loadout -> 200
#15442 GET /revival/loadout -> 200
#15443 GET /revival/loadout -> 200
#15444 GET /revival/loadout -> 200
#15445 GET /revival/loadout -> 200
#15446 GET /revival/loadout -> 200
#15447 GET /revival/loadout -> 200
#15448 GET /revival/loadout -> 200
#15449 GET /revival/loadout -> 200
#15450 GET /revival/loadout -> 200
#15451 GET /revival/loadout -> 200
#15452 GET /party/matchmaking/info -> 200
#15453 GET /mailbox/config/version -> 200
#15454 GET /core-game/regions -> 200
#15455 GET /revival/loadout -> 200
#15456 GET /revival/loadout -> 200
#15457 GET /revival/loadout -> 200
#15458 GET /revival/loadout -> 200
#15459 GET /revival/loadout -> 200

* 19:24:37.328  WS <- /lobby TEXT ""
#15460 GET /revival/loadout -> 200
#15461 GET /revival/loadout -> 200
#15462 GET /revival/loadout -> 200
#15463 GET /revival/loadout -> 200
#15464 GET /revival/loadout -> 200
#15465 GET /revival/loadout -> 200
#15466 GET /revival/loadout -> 200
#15467 GET /revival/loadout -> 200
#15468 GET /revival/loadout -> 200
#15469 GET /revival/loadout -> 200
#15470 GET /revival/loadout -> 200
#15471 GET /revival/loadout -> 200
#15472 GET /revival/loadout -> 200
#15473 GET /revival/loadout -> 200
#15474 GET /revival/loadout -> 200
#15475 GET /revival/loadout -> 200
#15476 GET /revival/loadout -> 200
#15477 GET /revival/loadout -> 200
#15478 GET /revival/loadout -> 200
#15479 GET /revival/loadout -> 200
#15480 GET /revival/loadout -> 200
#15481 GET /revival/loadout -> 200
#15482 GET /revival/loadout -> 200
#15483 GET /revival/loadout -> 200
#15484 GET /revival/loadout -> 200
#15485 GET /revival/loadout -> 200
#15486 GET /revival/loadout -> 200
#15487 GET /revival/loadout -> 200
#15488 GET /revival/loadout -> 200
#15489 GET /revival/loadout -> 200
#15490 GET /revival/loadout -> 200
#15491 GET /revival/loadout -> 200
#15492 GET /revival/loadout -> 200
#15493 GET /revival/loadout -> 200
#15494 GET /revival/loadout -> 200
#15495 GET /revival/loadout -> 200
#15496 GET /revival/loadout -> 200
#15497 GET /revival/loadout -> 200
#15498 GET /revival/loadout -> 200
#15499 GET /revival/loadout -> 200
#15500 GET /revival/loadout -> 200
#15501 GET /revival/loadout -> 200
#15502 GET /revival/loadout -> 200
#15503 GET /revival/loadout -> 200
#15504 GET /revival/loadout -> 200
#15505 GET /revival/loadout -> 200
#15506 GET /revival/loadout -> 200
#15507 GET /revival/loadout -> 200
#15508 GET /revival/loadout -> 200
#15509 GET /revival/loadout -> 200
#15510 GET /revival/loadout -> 200
#15511 GET /revival/loadout -> 200

* 19:24:46.322  WS <- /notifications/players/9b9d2c887e2524f918e383a895f2f1c2 BINARY (2 bytes) 6862

* 19:24:46.370  WS -> /notifications/players/9b9d2c887e2524f918e383a895f2f1c2 TEXT hb reply {"Resource":"hb","Version":0,"Payload":""}
#15512 GET /revival/loadout -> 200
#15513 GET /revival/loadout -> 200
#15514 GET /revival/loadout -> 200
#15515 GET /revival/loadout -> 200
#15516 GET /revival/loadout -> 200
#15517 GET /revival/loadout -> 200
#15518 GET /revival/loadout -> 200
#15519 GET /revival/loadout -> 200
#15520 GET /revival/loadout -> 200
#15521 GET /revival/loadout -> 200
#15522 GET /revival/loadout -> 200
#15523 GET /revival/loadout -> 200
#15524 GET /revival/loadout -> 200
#15525 GET /revival/loadout -> 200
#15526 GET /revival/loadout -> 200
#15527 GET /revival/loadout -> 200
#15528 GET /revival/loadout -> 200
#15529 GET /revival/loadout -> 200
#15530 GET /revival/loadout -> 200
#15531 GET /revival/loadout -> 200
#15532 GET /revival/loadout -> 200
#15533 GET /revival/loadout -> 200
#15534 GET /revival/loadout -> 200
#15535 GET /revival/loadout -> 200
#15536 GET /revival/loadout -> 200
#15537 GET /revival/loadout -> 200
#15538 GET /revival/loadout -> 200
#15539 GET /revival/loadout -> 200
#15540 GET /revival/loadout -> 200
#15541 GET /revival/loadout -> 200
#15542 GET /revival/loadout -> 200
#15543 GET /revival/loadout -> 200
#15544 GET /revival/loadout -> 200
#15545 GET /revival/loadout -> 200
#15546 GET /revival/loadout -> 200
#15547 GET /configuration/client -> 200
#15548 GET /revival/loadout -> 200
#15549 GET /content-service/manifest/release2.4.live-156430-shipping -> 200
#15550 GET /revival/loadout -> 200
#15551 GET /revival/loadout -> 200
#15552 GET /revival/loadout -> 200
#15553 GET /revival/loadout -> 200
#15554 GET /revival/loadout -> 200
#15555 GET /revival/loadout -> 200
#15556 GET /revival/loadout -> 200
#15557 GET /revival/loadout -> 200
#15558 GET /revival/loadout -> 200
#15559 GET /revival/loadout -> 200
#15560 GET /revival/loadout -> 200
#15561 GET /revival/loadout -> 200
#15562 GET /revival/loadout -> 200
#15563 GET /revival/loadout -> 200
#15564 GET /revival/loadout -> 200
#15565 GET /revival/loadout -> 200
#15566 GET /revival/loadout -> 200
#15567 GET /revival/loadout -> 200
#15568 GET /revival/loadout -> 200
#15569 GET /revival/loadout -> 200
#15570 GET /revival/loadout -> 200
#15571 GET /revival/loadout -> 200
#15572 GET /revival/loadout -> 200
#15573 GET /revival/loadout -> 200
#15574 GET /revival/loadout -> 200
#15575 GET /revival/loadout -> 200
#15576 GET /revival/loadout -> 200
#15577 GET /revival/loadout -> 200
#15578 GET /revival/loadout -> 200
#15579 GET /revival/loadout -> 200
#15580 GET /revival/loadout -> 200
#15581 GET /revival/loadout -> 200
#15582 GET /revival/loadout -> 200
#15583 GET /revival/loadout -> 200
#15584 GET /revival/loadout -> 200
#15585 GET /revival/loadout -> 200
#15586 GET /revival/loadout -> 200
#15587 GET /revival/loadout -> 200
#15588 GET /revival/loadout -> 200
#15589 GET /revival/loadout -> 200
#15590 GET /revival/loadout -> 200
#15591 GET /revival/loadout -> 200
#15592 GET /revival/loadout -> 200
#15593 GET /revival/loadout -> 200
#15594 GET /revival/loadout -> 200
#15595 GET /revival/loadout -> 200
#15596 GET /revival/loadout -> 200
#15597 GET /revival/loadout -> 200
#15598 GET /party/players/9b9d2c887e2524f918e383a895f2f1c2/voice -> 200
#15599 GET /revival/loadout -> 200
#15600 GET /revival/loadout -> 200
#15601 GET /revival/loadout -> 200
#15602 GET /revival/loadout -> 200
#15603 GET /revival/loadout -> 200
#15604 GET /revival/loadout -> 200
#15605 POST /party/parties/party-9b9d2c887e2524f918e383a895f2f1c2/members/9b9d2c887e2524f918e383a895f2f1c2/latencies -> 200
#15606 GET /revival/loadout -> 200
#15607 GET /revival/loadout -> 200
#15608 GET /revival/loadout -> 200
#15609 GET /revival/loadout -> 200
#15610 GET /revival/loadout -> 200
#15611 GET /revival/loadout -> 200
#15612 GET /revival/loadout -> 200
#15613 GET /revival/loadout -> 200
#15614 POST /game-telemetry/v1/protected/events -> 200
#15615 GET /revival/loadout -> 200
#15616 GET /revival/loadout -> 200
#15617 GET /revival/loadout -> 200
#15618 GET /revival/loadout -> 200
#15619 GET /revival/loadout -> 200
#15620 GET /revival/loadout -> 200
#15621 GET /revival/loadout -> 200
#15622 GET /revival/loadout -> 200
#15623 GET /revival/loadout -> 200
#15624 GET /revival/loadout -> 200
#15625 GET /revival/loadout -> 200
#15626 GET /revival/loadout -> 200
#15627 GET /party/matchmaking/info -> 200
#15628 GET /revival/loadout -> 200
#15629 GET /revival/loadout -> 200
#15630 GET /revival/loadout -> 200
#15631 GET /revival/loadout -> 200
#15632 GET /revival/loadout -> 200
#15633 GET /revival/loadout -> 200

* 19:25:07.333  WS <- /lobby TEXT ""
#15634 GET /revival/loadout -> 200
#15635 GET /revival/loadout -> 200
#15636 GET /revival/loadout -> 200
#15637 GET /revival/loadout -> 200
#15638 GET /revival/loadout -> 200
#15639 GET /revival/loadout -> 200
#15640 GET /revival/loadout -> 200
#15641 GET /revival/loadout -> 200
#15642 GET /revival/loadout -> 200
#15643 GET /revival/loadout -> 200
#15644 GET /revival/loadout -> 200
#15645 GET /revival/loadout -> 200
#15646 GET /revival/loadout -> 200
#15647 GET /revival/loadout -> 200
#15648 GET /revival/loadout -> 200
#15649 GET /revival/loadout -> 200
#15650 GET /revival/loadout -> 200
#15651 GET /revival/loadout -> 200
#15652 GET /revival/loadout -> 200
#15653 GET /revival/loadout -> 200
#15654 GET /revival/loadout -> 200
#15655 GET /revival/loadout -> 200
#15656 GET /revival/loadout -> 200
#15657 GET /revival/loadout -> 200
#15658 GET /revival/loadout -> 200
#15659 GET /revival/loadout -> 200
#15660 GET /revival/loadout -> 200
#15661 GET /revival/loadout -> 200
#15662 GET /revival/loadout -> 200
#15663 GET /revival/loadout -> 200
#15664 GET /revival/loadout -> 200
#15665 GET /revival/loadout -> 200
#15666 GET /revival/loadout -> 200
#15667 GET /revival/loadout -> 200
#15668 GET /revival/loadout -> 200
#15669 GET /revival/loadout -> 200
#15670 GET /revival/loadout -> 200
#15671 GET /revival/loadout -> 200
#15672 GET /revival/loadout -> 200
#15673 GET /revival/loadout -> 200
#15674 GET /revival/loadout -> 200
#15675 GET /revival/loadout -> 200
#15676 GET /revival/loadout -> 200
#15677 GET /revival/loadout -> 200
#15678 GET /revival/loadout -> 200
#15679 GET /revival/loadout -> 200
#15680 GET /revival/loadout -> 200
#15681 GET /revival/loadout -> 200
#15682 GET /revival/loadout -> 200
#15683 GET /revival/loadout -> 200
#15684 GET /revival/loadout -> 200

* 19:25:16.428  WS -> /notifications/players/9b9d2c887e2524f918e383a895f2f1c2 BINARY hb (proactive 30s keepalive)
#15685 GET /revival/loadout -> 200
#15686 GET /revival/loadout -> 200
#15687 GET /revival/loadout -> 200
#15688 GET /revival/loadout -> 200
#15689 GET /revival/loadout -> 200
#15690 GET /revival/loadout -> 200
#15691 GET /revival/loadout -> 200
#15692 GET /revival/loadout -> 200
#15693 GET /revival/loadout -> 200
#15694 GET /revival/loadout -> 200
#15695 GET /revival/loadout -> 200
#15696 GET /revival/loadout -> 200
#15697 GET /revival/loadout -> 200
#15698 GET /revival/loadout -> 200
#15699 GET /revival/loadout -> 200
#15700 GET /revival/loadout -> 200
#15701 GET /revival/loadout -> 200
#15702 GET /revival/loadout -> 200
#15703 GET /revival/loadout -> 200
#15704 GET /revival/loadout -> 200
#15705 GET /revival/loadout -> 200
#15706 GET /revival/loadout -> 200
#15707 GET /revival/loadout -> 200
#15708 GET /revival/loadout -> 200
#15709 GET /revival/loadout -> 200
#15710 GET /revival/loadout -> 200
#15711 GET /revival/loadout -> 200
#15712 GET /revival/loadout -> 200
#15713 GET /revival/loadout -> 200
#15714 GET /revival/loadout -> 200
#15715 GET /revival/loadout -> 200
#15716 GET /revival/loadout -> 200
#15717 GET /revival/loadout -> 200
#15718 GET /revival/loadout -> 200
#15719 GET /configuration/client -> 200
#15720 GET /revival/loadout -> 200
#15721 GET /content-service/manifest/release2.4.live-156430-shipping -> 200
#15722 GET /revival/loadout -> 200
#15723 GET /revival/loadout -> 200
#15724 GET /revival/loadout -> 200
#15725 GET /revival/loadout -> 200
#15726 GET /revival/loadout -> 200
#15727 GET /revival/loadout -> 200
#15728 GET /revival/loadout -> 200
#15729 GET /revival/loadout -> 200
#15730 GET /revival/loadout -> 200
#15731 GET /revival/loadout -> 200
#15732 GET /revival/loadout -> 200
#15733 GET /revival/loadout -> 200
#15734 GET /revival/loadout -> 200
#15735 GET /revival/loadout -> 200
#15736 GET /revival/loadout -> 200
#15737 GET /revival/loadout -> 200
#15738 GET /revival/loadout -> 200
#15739 GET /revival/loadout -> 200
#15740 GET /revival/loadout -> 200
#15741 GET /revival/loadout -> 200
#15742 GET /revival/loadout -> 200
#15743 GET /revival/loadout -> 200
#15744 GET /revival/loadout -> 200
#15745 GET /revival/loadout -> 200
#15746 GET /revival/loadout -> 200
#15747 GET /revival/loadout -> 200
#15748 GET /revival/loadout -> 200
#15749 GET /revival/loadout -> 200
#15750 GET /revival/loadout -> 200
#15751 GET /revival/loadout -> 200
#15752 GET /revival/loadout -> 200
#15753 GET /revival/loadout -> 200
#15754 GET /revival/loadout -> 200
#15755 GET /revival/loadout -> 200
#15756 GET /revival/loadout -> 200
#15757 GET /revival/loadout -> 200
#15758 GET /revival/loadout -> 200
#15759 GET /revival/loadout -> 200
#15760 GET /revival/loadout -> 200
#15761 GET /revival/loadout -> 200
#15762 GET /revival/loadout -> 200
#15763 GET /revival/loadout -> 200
#15764 GET /revival/loadout -> 200
#15765 GET /revival/loadout -> 200
#15766 GET /revival/loadout -> 200
#15767 GET /revival/loadout -> 200
#15768 GET /revival/loadout -> 200
#15769 GET /revival/loadout -> 200
#15770 GET /revival/loadout -> 200
#15771 GET /revival/loadout -> 200
#15772 GET /revival/loadout -> 200
#15773 GET /party/players/9b9d2c887e2524f918e383a895f2f1c2/voice -> 200
#15774 GET /revival/loadout -> 200
#15775 GET /revival/loadout -> 200
#15776 GET /revival/loadout -> 200
#15777 GET /revival/loadout -> 200
#15778 GET /revival/loadout -> 200
#15779 POST /party/parties/party-9b9d2c887e2524f918e383a895f2f1c2/members/9b9d2c887e2524f918e383a895f2f1c2/latencies -> 200
#15780 GET /revival/loadout -> 200
#15781 GET /revival/loadout -> 200
#15782 GET /revival/loadout -> 200
#15783 GET /revival/loadout -> 200
#15784 GET /revival/loadout -> 200
#15785 GET /revival/loadout -> 200
#15786 GET /revival/loadout -> 200
#15787 GET /revival/loadout -> 200
#15788 GET /revival/loadout -> 200
#15789 GET /revival/loadout -> 200
#15790 GET /revival/loadout -> 200
#15791 GET /revival/loadout -> 200
#15792 GET /revival/loadout -> 200
#15793 GET /revival/loadout -> 200
#15794 GET /revival/loadout -> 200
#15795 GET /revival/loadout -> 200
#15796 GET /revival/loadout -> 200
#15797 GET /revival/loadout -> 200
#15798 GET /revival/loadout -> 200
#15799 GET /party/matchmaking/info -> 200
#15800 GET /core-game/regions -> 200
#15801 GET /revival/loadout -> 200
#15802 GET /revival/loadout -> 200
#15803 GET /revival/loadout -> 200
#15804 GET /revival/loadout -> 200
#15805 GET /revival/loadout -> 200
#15806 GET /revival/loadout -> 200

* 19:25:37.329  WS <- /lobby TEXT ""
#15807 GET /revival/loadout -> 200
#15808 GET /revival/loadout -> 200
#15809 GET /revival/loadout -> 200
#15810 GET /revival/loadout -> 200
#15811 GET /revival/loadout -> 200
#15812 GET /revival/loadout -> 200
#15813 GET /revival/loadout -> 200
#15814 GET /revival/loadout -> 200
#15815 GET /revival/loadout -> 200
#15816 GET /revival/loadout -> 200
#15817 GET /revival/loadout -> 200
#15818 GET /revival/loadout -> 200
#15819 GET /revival/loadout -> 200
#15820 GET /revival/loadout -> 200
#15821 GET /revival/loadout -> 200
#15822 GET /revival/loadout -> 200
#15823 GET /revival/loadout -> 200
#15824 GET /revival/loadout -> 200
#15825 GET /revival/loadout -> 200
#15826 GET /revival/loadout -> 200
#15827 GET /revival/loadout -> 200
#15828 GET /revival/loadout -> 200

* 19:25:41.336  WS <- /notifications/players/9b9d2c887e2524f918e383a895f2f1c2 BINARY (2 bytes) 6862

* 19:25:41.366  WS -> /notifications/players/9b9d2c887e2524f918e383a895f2f1c2 TEXT hb reply {"Resource":"hb","Version":0,"Payload":""}
#15829 GET /revival/loadout -> 200
#15830 GET /revival/loadout -> 200
#15831 GET /revival/loadout -> 200
#15832 GET /revival/loadout -> 200
#15833 GET /revival/loadout -> 200
#15834 GET /revival/loadout -> 200
#15835 GET /revival/loadout -> 200
#15836 GET /revival/loadout -> 200
#15837 GET /revival/loadout -> 200
#15838 GET /revival/loadout -> 200
#15839 GET /revival/loadout -> 200
#15840 GET /revival/loadout -> 200
#15841 GET /revival/loadout -> 200
#15842 GET /revival/loadout -> 200
#15843 GET /revival/loadout -> 200
#15844 GET /revival/loadout -> 200
#15845 GET /revival/loadout -> 200
#15846 GET /revival/loadout -> 200
#15847 GET /revival/loadout -> 200
#15848 GET /revival/loadout -> 200
#15849 GET /revival/loadout -> 200
#15850 GET /revival/loadout -> 200
#15851 GET /revival/loadout -> 200
#15852 GET /revival/loadout -> 200
#15853 GET /revival/loadout -> 200
#15854 GET /revival/loadout -> 200
#15855 GET /revival/loadout -> 200
#15856 GET /revival/loadout -> 200
#15857 GET /revival/loadout -> 200
#15858 GET /revival/loadout -> 200
#15859 GET /revival/loadout -> 200
#15860 GET /revival/loadout -> 200
#15861 GET /revival/loadout -> 200
#15862 GET /revival/loadout -> 200
#15863 GET /revival/loadout -> 200
#15864 GET /revival/loadout -> 200
#15865 GET /revival/loadout -> 200
#15866 GET /revival/loadout -> 200
#15867 GET /revival/loadout -> 200
#15868 GET /revival/loadout -> 200
#15869 GET /revival/loadout -> 200
#15870 GET /revival/loadout -> 200
#15871 GET /revival/loadout -> 200
#15872 GET /revival/loadout -> 200
#15873 GET /revival/loadout -> 200
#15874 GET /revival/loadout -> 200
#15875 GET /revival/loadout -> 200
#15876 GET /revival/loadout -> 200
#15877 GET /revival/loadout -> 200
#15878 GET /revival/loadout -> 200
#15879 GET /revival/loadout -> 200
#15880 GET /revival/loadout -> 200
#15881 GET /revival/loadout -> 200
#15882 GET /revival/loadout -> 200
#15883 GET /revival/loadout -> 200
#15884 GET /revival/loadout -> 200
#15885 GET /revival/loadout -> 200
#15886 GET /revival/loadout -> 200
#15887 GET /revival/loadout -> 200
#15888 GET /revival/loadout -> 200
#15889 GET /revival/loadout -> 200
#15890 GET /revival/loadout -> 200
#15891 GET /configuration/client -> 200
#15892 GET /revival/loadout -> 200
#15893 GET /revival/loadout -> 200
#15894 GET /content-service/manifest/release2.4.live-156430-shipping -> 200
#15895 GET /revival/loadout -> 200
#15896 GET /revival/loadout -> 200
#15897 GET /revival/loadout -> 200
#15898 GET /revival/loadout -> 200
#15899 GET /revival/loadout -> 200
#15900 GET /revival/loadout -> 200
#15901 GET /revival/loadout -> 200
#15902 GET /revival/loadout -> 200
#15903 GET /revival/loadout -> 200
#15904 GET /revival/loadout -> 200
#15905 GET /revival/loadout -> 200
#15906 GET /revival/loadout -> 200
#15907 GET /revival/loadout -> 200
#15908 GET /revival/loadout -> 200
#15909 GET /revival/loadout -> 200
#15910 GET /revival/loadout -> 200
#15911 GET /revival/loadout -> 200
#15912 GET /revival/loadout -> 200
#15913 GET /revival/loadout -> 200
#15914 GET /revival/loadout -> 200
#15915 GET /revival/loadout -> 200
#15916 GET /revival/loadout -> 200
#15917 GET /revival/loadout -> 200
#15918 GET /revival/loadout -> 200
#15919 GET /revival/loadout -> 200
#15920 GET /revival/loadout -> 200
#15921 GET /revival/loadout -> 200
#15922 GET /revival/loadout -> 200
#15923 GET /revival/loadout -> 200
#15924 GET /revival/loadout -> 200
#15925 GET /revival/loadout -> 200
#15926 GET /revival/loadout -> 200
#15927 GET /revival/loadout -> 200
#15928 GET /revival/loadout -> 200
#15929 GET /revival/loadout -> 200
#15930 GET /revival/loadout -> 200
#15931 GET /revival/loadout -> 200
#15932 GET /revival/loadout -> 200
#15933 GET /revival/loadout -> 200
#15934 GET /revival/loadout -> 200
#15935 GET /revival/loadout -> 200
#15936 GET /revival/loadout -> 200
#15937 GET /revival/loadout -> 200
#15938 GET /revival/loadout -> 200
#15939 GET /revival/loadout -> 200
#15940 GET /revival/loadout -> 200
#15941 GET /revival/loadout -> 200
#15942 GET /revival/loadout -> 200
#15943 GET /revival/loadout -> 200
#15944 GET /revival/loadout -> 200
#15945 GET /revival/loadout -> 200
#15946 GET /revival/loadout -> 200
#15947 GET /revival/loadout -> 200
#15948 GET /party/players/9b9d2c887e2524f918e383a895f2f1c2/voice -> 200
#15949 GET /revival/loadout -> 200
#15950 GET /revival/loadout -> 200
#15951 GET /revival/loadout -> 200
#15952 POST /party/parties/party-9b9d2c887e2524f918e383a895f2f1c2/members/9b9d2c887e2524f918e383a895f2f1c2/latencies -> 200
#15953 GET /revival/loadout -> 200
#15954 GET /revival/loadout -> 200
#15955 GET /revival/loadout -> 200
#15956 GET /revival/loadout -> 200
#15957 GET /revival/loadout -> 200
#15958 GET /revival/loadout -> 200
#15959 POST /game-telemetry/v1/protected/events -> 200
#15960 GET /revival/loadout -> 200
#15961 GET /revival/loadout -> 200
#15962 GET /revival/loadout -> 200
#15963 GET /revival/loadout -> 200
#15964 GET /revival/loadout -> 200
#15965 GET /revival/loadout -> 200
#15966 GET /revival/loadout -> 200
#15967 GET /revival/loadout -> 200
#15968 GET /revival/loadout -> 200
#15969 GET /revival/loadout -> 200
#15970 GET /revival/loadout -> 200
#15971 GET /revival/loadout -> 200
#15972 GET /revival/loadout -> 200
#15973 GET /party/matchmaking/info -> 200
#15974 GET /mailbox/config/version -> 200
#15975 GET /revival/loadout -> 200
#15976 GET /revival/loadout -> 200
#15977 GET /revival/loadout -> 200
#15978 GET /revival/loadout -> 200
#15979 GET /revival/loadout -> 200
#15980 GET /revival/loadout -> 200
#15981 GET /revival/loadout -> 200
#15982 GET /revival/loadout -> 200

* 19:26:07.827  WS <- /lobby TEXT ""
#15983 GET /revival/loadout -> 200
#15984 GET /revival/loadout -> 200
#15985 GET /revival/loadout -> 200
#15986 GET /revival/loadout -> 200
#15987 GET /revival/loadout -> 200
#15988 GET /revival/loadout -> 200
#15989 GET /revival/loadout -> 200
#15990 GET /revival/loadout -> 200
#15991 GET /revival/loadout -> 200
#15992 GET /revival/loadout -> 200
#15993 GET /revival/loadout -> 200
#15994 GET /revival/loadout -> 200
#15995 GET /revival/loadout -> 200
#15996 GET /revival/loadout -> 200
#15997 GET /revival/loadout -> 200
#15998 GET /revival/loadout -> 200
#15999 GET /revival/loadout -> 200
#16000 GET /revival/loadout -> 200
#16001 GET /revival/loadout -> 200
#16002 GET /revival/loadout -> 200

* 19:26:11.425  WS -> /notifications/players/9b9d2c887e2524f918e383a895f2f1c2 BINARY hb (proactive 30s keepalive)
#16003 GET /revival/loadout -> 200
#16004 GET /revival/loadout -> 200
#16005 GET /revival/loadout -> 200
#16006 GET /revival/loadout -> 200
#16007 GET /revival/loadout -> 200
#16008 GET /revival/loadout -> 200
#16009 GET /revival/loadout -> 200
#16010 GET /revival/loadout -> 200
#16011 GET /revival/loadout -> 200
#16012 GET /revival/loadout -> 200
#16013 GET /revival/loadout -> 200
#16014 GET /revival/loadout -> 200
#16015 GET /revival/loadout -> 200
#16016 GET /revival/loadout -> 200
#16017 GET /revival/loadout -> 200
#16018 GET /revival/loadout -> 200
#16019 GET /revival/loadout -> 200
#16020 GET /revival/loadout -> 200
#16021 GET /revival/loadout -> 200
#16022 GET /revival/loadout -> 200
#16023 GET /revival/loadout -> 200
#16024 GET /revival/loadout -> 200
#16025 GET /revival/loadout -> 200
#16026 GET /revival/loadout -> 200
#16027 GET /revival/loadout -> 200
#16028 GET /revival/loadout -> 200
#16029 GET /revival/loadout -> 200
#16030 GET /revival/loadout -> 200
#16031 GET /revival/loadout -> 200
#16032 GET /revival/loadout -> 200
#16033 GET /revival/loadout -> 200
#16034 GET /revival/loadout -> 200
#16035 GET /revival/loadout -> 200
#16036 GET /revival/loadout -> 200
#16037 GET /revival/loadout -> 200
#16038 GET /revival/loadout -> 200
#16039 GET /revival/loadout -> 200
#16040 GET /revival/loadout -> 200
#16041 GET /revival/loadout -> 200
#16042 GET /revival/loadout -> 200
#16043 GET /revival/loadout -> 200
#16044 GET /revival/loadout -> 200
#16045 GET /revival/loadout -> 200
#16046 GET /revival/loadout -> 200
#16047 GET /revival/loadout -> 200
#16048 GET /revival/loadout -> 200
#16049 GET /revival/loadout -> 200
#16050 GET /revival/loadout -> 200
#16051 GET /revival/loadout -> 200
#16052 GET /revival/loadout -> 200
#16053 GET /revival/loadout -> 200
#16054 GET /revival/loadout -> 200
#16055 GET /revival/loadout -> 200
#16056 GET /revival/loadout -> 200
#16057 GET /revival/loadout -> 200
#16058 GET /revival/loadout -> 200
#16059 GET /revival/loadout -> 200
#16060 GET /revival/loadout -> 200
#16061 GET /revival/loadout -> 200
#16062 GET /revival/loadout -> 200
#16063 GET /revival/loadout -> 200
#16064 GET /revival/loadout -> 200
#16065 GET /configuration/client -> 200
#16066 GET /revival/loadout -> 200
#16067 GET /revival/loadout -> 200
#16068 GET /content-service/manifest/release2.4.live-156430-shipping -> 200
#16069 GET /revival/loadout -> 200
#16070 GET /revival/loadout -> 200
#16071 GET /revival/loadout -> 200
#16072 GET /revival/loadout -> 200
#16073 GET /revival/loadout -> 200
#16074 GET /revival/loadout -> 200
#16075 GET /revival/loadout -> 200
#16076 GET /revival/loadout -> 200
#16077 GET /revival/loadout -> 200
#16078 GET /revival/loadout -> 200
#16079 GET /revival/loadout -> 200
#16080 GET /revival/loadout -> 200
#16081 GET /revival/loadout -> 200
#16082 GET /revival/loadout -> 200
#16083 GET /revival/loadout -> 200
#16084 GET /revival/loadout -> 200
#16085 GET /revival/loadout -> 200
#16086 GET /revival/loadout -> 200
#16087 GET /revival/loadout -> 200
#16088 GET /revival/loadout -> 200
#16089 GET /revival/loadout -> 200
#16090 GET /revival/loadout -> 200
#16091 GET /revival/loadout -> 200
#16092 GET /revival/loadout -> 200
#16093 GET /revival/loadout -> 200
#16094 GET /revival/loadout -> 200
#16095 GET /revival/loadout -> 200
#16096 GET /revival/loadout -> 200
#16097 GET /revival/loadout -> 200
#16098 GET /revival/loadout -> 200
#16099 GET /revival/loadout -> 200
#16100 GET /revival/loadout -> 200
#16101 GET /revival/loadout -> 200
#16102 GET /revival/loadout -> 200
#16103 GET /revival/loadout -> 200
#16104 GET /revival/loadout -> 200
#16105 GET /revival/loadout -> 200
#16106 GET /revival/loadout -> 200
#16107 GET /revival/loadout -> 200
#16108 GET /revival/loadout -> 200
#16109 GET /revival/loadout -> 200
#16110 GET /revival/loadout -> 200
#16111 GET /revival/loadout -> 200
#16112 GET /revival/loadout -> 200
#16113 GET /revival/loadout -> 200
#16114 GET /revival/loadout -> 200
#16115 GET /revival/loadout -> 200
#16116 GET /revival/loadout -> 200
#16117 GET /revival/loadout -> 200
#16118 GET /revival/loadout -> 200
#16119 GET /revival/loadout -> 200
#16120 GET /revival/loadout -> 200
#16121 GET /revival/loadout -> 200
#16122 GET /revival/loadout -> 200
#16123 GET /party/players/9b9d2c887e2524f918e383a895f2f1c2/voice -> 200
#16124 GET /revival/loadout -> 200
#16125 GET /revival/loadout -> 200
#16126 POST /party/parties/party-9b9d2c887e2524f918e383a895f2f1c2/members/9b9d2c887e2524f918e383a895f2f1c2/latencies -> 200
#16127 GET /revival/loadout -> 200
#16128 GET /revival/loadout -> 200
#16129 GET /revival/loadout -> 200
#16130 GET /revival/loadout -> 200
#16131 GET /revival/loadout -> 200
#16132 GET /revival/loadout -> 200
#16133 GET /revival/loadout -> 200
#16134 GET /revival/loadout -> 200
#16135 GET /revival/loadout -> 200
#16136 GET /revival/loadout -> 200
#16137 GET /revival/loadout -> 200
#16138 GET /revival/loadout -> 200
#16139 GET /revival/loadout -> 200
#16140 GET /revival/loadout -> 200
#16141 GET /revival/loadout -> 200
#16142 GET /revival/loadout -> 200
#16143 GET /revival/loadout -> 200
#16144 GET /revival/loadout -> 200

* 19:26:36.324  WS <- /notifications/players/9b9d2c887e2524f918e383a895f2f1c2 BINARY (2 bytes) 6862
#16146 GET /core-game/regions -> 200
#16145 GET /party/matchmaking/info -> 200

* 19:26:36.371  WS -> /notifications/players/9b9d2c887e2524f918e383a895f2f1c2 TEXT hb reply {"Resource":"hb","Version":0,"Payload":""}
#16147 GET /revival/loadout -> 200
#16148 GET /revival/loadout -> 200
#16149 GET /revival/loadout -> 200
#16150 GET /revival/loadout -> 200
#16151 GET /revival/loadout -> 200
#16152 GET /revival/loadout -> 200
#16153 GET /revival/loadout -> 200
#16154 GET /revival/loadout -> 200

* 19:26:37.836  WS <- /lobby TEXT ""
#16155 GET /revival/loadout -> 200
#16156 GET /revival/loadout -> 200
#16157 GET /revival/loadout -> 200
#16158 GET /revival/loadout -> 200
#16159 GET /revival/loadout -> 200
#16160 GET /revival/loadout -> 200
#16161 GET /revival/loadout -> 200
#16162 GET /revival/loadout -> 200
#16163 GET /revival/loadout -> 200
#16164 GET /revival/loadout -> 200
#16165 GET /revival/loadout -> 200
#16166 GET /revival/loadout -> 200
#16167 GET /revival/loadout -> 200
#16168 GET /revival/loadout -> 200
#16169 GET /revival/loadout -> 200
#16170 GET /revival/loadout -> 200
#16171 GET /revival/loadout -> 200
#16172 GET /revival/loadout -> 200
#16173 GET /revival/loadout -> 200
#16174 GET /revival/loadout -> 200
#16175 GET /revival/loadout -> 200
#16176 GET /revival/loadout -> 200
#16177 GET /revival/loadout -> 200
#16178 GET /revival/loadout -> 200
#16179 GET /revival/loadout -> 200
#16180 GET /revival/loadout -> 200
#16181 GET /revival/loadout -> 200
#16182 GET /revival/loadout -> 200
#16183 GET /revival/loadout -> 200
#16184 GET /revival/loadout -> 200
#16185 GET /revival/loadout -> 200
#16186 GET /revival/loadout -> 200
#16187 GET /revival/loadout -> 200
#16188 GET /revival/loadout -> 200
#16189 GET /revival/loadout -> 200
#16190 GET /revival/loadout -> 200
#16191 GET /revival/loadout -> 200
#16192 GET /revival/loadout -> 200
#16193 GET /revival/loadout -> 200
#16194 GET /revival/loadout -> 200
#16195 GET /revival/loadout -> 200
#16196 GET /revival/loadout -> 200
#16197 GET /revival/loadout -> 200
#16198 GET /revival/loadout -> 200
#16199 GET /revival/loadout -> 200
#16200 GET /revival/loadout -> 200
#16201 GET /revival/loadout -> 200
#16202 GET /revival/loadout -> 200
#16203 GET /revival/loadout -> 200
#16204 GET /revival/loadout -> 200
#16205 GET /revival/loadout -> 200
#16206 GET /revival/loadout -> 200
#16207 GET /revival/loadout -> 200
#16208 GET /revival/loadout -> 200
#16209 GET /revival/loadout -> 200
#16210 GET /revival/loadout -> 200
#16211 GET /revival/loadout -> 200
#16212 GET /revival/loadout -> 200
#16213 GET /revival/loadout -> 200
#16214 GET /revival/loadout -> 200
#16215 GET /revival/loadout -> 200
#16216 GET /revival/loadout -> 200
#16217 GET /revival/loadout -> 200
#16218 GET /revival/loadout -> 200
#16219 GET /revival/loadout -> 200
#16220 GET /revival/loadout -> 200
#16221 GET /revival/loadout -> 200
#16222 GET /revival/loadout -> 200
#16223 GET /revival/loadout -> 200
#16224 GET /revival/loadout -> 200
#16225 GET /revival/loadout -> 200
#16226 GET /revival/loadout -> 200
#16227 GET /revival/loadout -> 200
#16228 GET /revival/loadout -> 200
#16229 GET /revival/loadout -> 200
#16230 GET /revival/loadout -> 200
#16231 GET /revival/loadout -> 200
#16232 GET /revival/loadout -> 200
#16233 GET /revival/loadout -> 200
#16234 GET /revival/loadout -> 200
#16235 GET /revival/loadout -> 200
#16236 GET /configuration/client -> 200
#16237 GET /revival/loadout -> 200
#16238 GET /revival/loadout -> 200
#16239 GET /content-service/manifest/release2.4.live-156430-shipping -> 200
#16240 GET /revival/loadout -> 200
#16241 GET /revival/loadout -> 200
#16242 GET /revival/loadout -> 200
#16243 GET /revival/loadout -> 200
#16244 GET /revival/loadout -> 200
#16245 GET /revival/loadout -> 200
#16246 GET /revival/loadout -> 200
#16247 GET /revival/loadout -> 200
#16248 GET /revival/loadout -> 200
#16249 GET /revival/loadout -> 200
#16250 GET /revival/loadout -> 200
#16251 GET /revival/loadout -> 200
#16252 GET /revival/loadout -> 200
#16253 GET /revival/loadout -> 200
#16254 GET /revival/loadout -> 200
#16255 GET /revival/loadout -> 200
#16256 GET /revival/loadout -> 200
#16257 GET /revival/loadout -> 200
#16258 GET /revival/loadout -> 200
#16259 GET /revival/loadout -> 200
#16260 GET /revival/loadout -> 200
#16261 GET /revival/loadout -> 200
#16262 GET /revival/loadout -> 200
#16263 GET /revival/loadout -> 200
#16264 GET /revival/loadout -> 200
#16265 GET /revival/loadout -> 200
#16266 GET /revival/loadout -> 200
#16267 GET /revival/loadout -> 200
#16268 GET /revival/loadout -> 200
#16269 GET /revival/loadout -> 200
#16270 GET /revival/loadout -> 200
#16271 GET /revival/loadout -> 200
#16272 GET /revival/loadout -> 200
#16273 GET /revival/loadout -> 200
#16274 GET /revival/loadout -> 200
#16275 GET /revival/loadout -> 200
#16276 GET /revival/loadout -> 200
#16277 GET /revival/loadout -> 200
#16278 GET /revival/loadout -> 200
#16279 GET /revival/loadout -> 200
#16280 GET /revival/loadout -> 200
#16281 GET /revival/loadout -> 200
#16282 GET /revival/loadout -> 200
#16283 GET /revival/loadout -> 200
#16284 GET /revival/loadout -> 200
#16285 GET /revival/loadout -> 200
#16286 GET /revival/loadout -> 200
#16287 GET /revival/loadout -> 200
#16288 GET /revival/loadout -> 200
#16289 GET /revival/loadout -> 200
#16290 GET /revival/loadout -> 200
#16291 GET /revival/loadout -> 200
#16292 GET /revival/loadout -> 200
#16293 GET /revival/loadout -> 200
#16294 GET /revival/loadout -> 200
#16295 GET /revival/loadout -> 200
#16296 GET /revival/loadout -> 200
#16297 GET /party/players/9b9d2c887e2524f918e383a895f2f1c2/voice -> 200
#16298 GET /revival/loadout -> 200
#16299 POST /party/parties/party-9b9d2c887e2524f918e383a895f2f1c2/members/9b9d2c887e2524f918e383a895f2f1c2/latencies -> 200
#16300 GET /revival/loadout -> 200
#16301 GET /revival/loadout -> 200
#16302 GET /revival/loadout -> 200
#16303 GET /revival/loadout -> 200
#16304 POST /game-telemetry/v1/protected/events -> 200
#16305 GET /revival/loadout -> 200
#16306 GET /revival/loadout -> 200
#16307 GET /revival/loadout -> 200
#16308 GET /revival/loadout -> 200
#16309 GET /revival/loadout -> 200
#16310 GET /revival/loadout -> 200
#16311 GET /revival/loadout -> 200
#16312 GET /revival/loadout -> 200
#16313 GET /revival/loadout -> 200
#16314 GET /revival/loadout -> 200
#16315 GET /revival/loadout -> 200
#16316 GET /revival/loadout -> 200
#16317 GET /revival/loadout -> 200
#16318 GET /party/matchmaking/info -> 200

* 19:27:06.471  WS -> /notifications/players/9b9d2c887e2524f918e383a895f2f1c2 BINARY hb (proactive 30s keepalive)
#16319 GET /revival/loadout -> 200
#16320 GET /revival/loadout -> 200
#16321 GET /revival/loadout -> 200
#16322 GET /revival/loadout -> 200
#16323 GET /revival/loadout -> 200
#16324 GET /revival/loadout -> 200
#16325 GET /revival/loadout -> 200
#16326 GET /revival/loadout -> 200

* 19:27:07.827  WS <- /lobby TEXT ""
#16327 GET /revival/loadout -> 200
#16328 GET /revival/loadout -> 200
#16329 GET /revival/loadout -> 200
#16330 GET /revival/loadout -> 200
#16331 GET /revival/loadout -> 200
#16332 GET /revival/loadout -> 200
#16333 GET /revival/loadout -> 200
#16334 GET /revival/loadout -> 200
#16335 GET /revival/loadout -> 200
#16336 GET /revival/loadout -> 200
#16337 GET /revival/loadout -> 200
#16338 GET /revival/loadout -> 200
#16339 GET /revival/loadout -> 200
#16340 GET /revival/loadout -> 200
#16341 GET /revival/loadout -> 200
#16342 GET /revival/loadout -> 200
#16343 GET /revival/loadout -> 200
#16344 GET /revival/loadout -> 200
#16345 GET /revival/loadout -> 200
#16346 GET /revival/loadout -> 200
#16347 GET /revival/loadout -> 200
#16348 GET /revival/loadout -> 200
#16349 GET /revival/loadout -> 200
#16350 GET /revival/loadout -> 200
#16351 GET /revival/loadout -> 200
#16352 GET /revival/loadout -> 200
#16353 GET /revival/loadout -> 200
#16354 GET /revival/loadout -> 200
#16355 GET /revival/loadout -> 200
#16356 GET /revival/loadout -> 200
#16357 GET /revival/loadout -> 200
#16358 GET /revival/loadout -> 200
#16359 GET /revival/loadout -> 200
#16360 GET /revival/loadout -> 200
#16361 GET /revival/loadout -> 200
#16362 GET /revival/loadout -> 200
#16363 GET /revival/loadout -> 200
#16364 GET /revival/loadout -> 200
#16365 GET /revival/loadout -> 200
#16366 GET /revival/loadout -> 200
#16367 GET /revival/loadout -> 200
#16368 GET /revival/loadout -> 200
#16369 GET /revival/loadout -> 200
#16370 GET /revival/loadout -> 200
#16371 GET /revival/loadout -> 200
#16372 GET /revival/loadout -> 200
#16373 GET /revival/loadout -> 200
#16374 GET /revival/loadout -> 200
#16375 GET /revival/loadout -> 200
#16376 GET /revival/loadout -> 200
#16377 GET /revival/loadout -> 200
#16378 GET /revival/loadout -> 200
#16379 GET /revival/loadout -> 200
#16380 GET /revival/loadout -> 200
#16381 GET /revival/loadout -> 200
#16382 GET /revival/loadout -> 200
#16383 GET /revival/loadout -> 200
#16384 GET /revival/loadout -> 200
#16385 GET /revival/loadout -> 200
#16386 GET /revival/loadout -> 200
#16387 GET /revival/loadout -> 200
#16388 GET /revival/loadout -> 200
#16389 GET /revival/loadout -> 200
#16390 GET /revival/loadout -> 200
#16391 GET /revival/loadout -> 200
#16392 GET /revival/loadout -> 200
#16393 GET /revival/loadout -> 200
#16394 GET /revival/loadout -> 200
#16395 GET /revival/loadout -> 200
#16396 GET /revival/loadout -> 200
#16397 GET /revival/loadout -> 200
#16398 GET /revival/loadout -> 200
#16399 GET /revival/loadout -> 200
#16400 GET /revival/loadout -> 200
#16401 GET /revival/loadout -> 200
#16402 GET /revival/loadout -> 200
#16403 GET /revival/loadout -> 200
#16404 GET /revival/loadout -> 200
#16405 GET /revival/loadout -> 200
#16406 GET /revival/loadout -> 200
#16407 GET /revival/loadout -> 200
#16408 GET /revival/loadout -> 200
#16409 GET /configuration/client -> 200
#16410 GET /revival/loadout -> 200
#16411 GET /revival/loadout -> 200
#16412 GET /content-service/manifest/release2.4.live-156430-shipping -> 200
#16413 GET /revival/loadout -> 200
#16414 GET /revival/loadout -> 200
#16415 GET /revival/loadout -> 200
#16416 GET /revival/loadout -> 200
#16417 GET /revival/loadout -> 200
#16418 GET /revival/loadout -> 200
#16419 GET /revival/loadout -> 200
#16420 GET /revival/loadout -> 200
#16421 GET /revival/loadout -> 200
#16422 GET /revival/loadout -> 200
#16423 GET /revival/loadout -> 200
#16424 GET /revival/loadout -> 200
#16425 GET /revival/loadout -> 200
#16426 GET /revival/loadout -> 200
#16427 GET /revival/loadout -> 200
#16428 GET /revival/loadout -> 200
#16429 GET /revival/loadout -> 200
#16430 GET /revival/loadout -> 200
#16431 GET /revival/loadout -> 200
#16432 GET /revival/loadout -> 200
#16433 GET /revival/loadout -> 200
#16434 GET /revival/loadout -> 200
#16435 GET /revival/loadout -> 200
#16436 GET /revival/loadout -> 200
#16437 GET /revival/loadout -> 200
#16438 GET /revival/loadout -> 200
#16439 GET /revival/loadout -> 200
#16440 GET /revival/loadout -> 200
#16441 GET /revival/loadout -> 200
#16442 GET /revival/loadout -> 200
#16443 GET /revival/loadout -> 200
#16444 GET /revival/loadout -> 200
#16445 GET /revival/loadout -> 200
#16446 GET /revival/loadout -> 200
#16447 GET /revival/loadout -> 200
#16448 GET /revival/loadout -> 200
#16449 GET /revival/loadout -> 200
#16450 GET /revival/loadout -> 200
#16451 GET /revival/loadout -> 200
#16452 GET /revival/loadout -> 200
#16453 GET /revival/loadout -> 200
#16454 GET /revival/loadout -> 200
#16455 GET /revival/loadout -> 200
#16456 GET /revival/loadout -> 200
#16457 GET /revival/loadout -> 200
#16458 GET /revival/loadout -> 200

* 19:27:31.318  WS <- /notifications/players/9b9d2c887e2524f918e383a895f2f1c2 BINARY (2 bytes) 6862

* 19:27:31.350  WS -> /notifications/players/9b9d2c887e2524f918e383a895f2f1c2 TEXT hb reply {"Resource":"hb","Version":0,"Payload":""}
#16459 GET /revival/loadout -> 200
#16460 GET /revival/loadout -> 200
#16461 GET /revival/loadout -> 200
#16462 GET /revival/loadout -> 200
#16463 GET /revival/loadout -> 200
#16464 GET /revival/loadout -> 200
#16465 GET /revival/loadout -> 200
#16466 GET /revival/loadout -> 200
#16467 GET /revival/loadout -> 200
#16468 GET /revival/loadout -> 200
#16469 GET /revival/loadout -> 200
#16470 POST /party/parties/party-9b9d2c887e2524f918e383a895f2f1c2/members/9b9d2c887e2524f918e383a895f2f1c2/latencies -> 200
#16471 GET /revival/loadout -> 200
#16472 GET /party/players/9b9d2c887e2524f918e383a895f2f1c2/voice -> 200
#16473 GET /revival/loadout -> 200
#16474 GET /revival/loadout -> 200
#16475 GET /revival/loadout -> 200
#16476 GET /revival/loadout -> 200
#16477 GET /revival/loadout -> 200
#16478 GET /revival/loadout -> 200
#16479 GET /revival/loadout -> 200
#16480 GET /revival/loadout -> 200
#16481 GET /revival/loadout -> 200
#16482 GET /revival/loadout -> 200
#16483 GET /revival/loadout -> 200
#16484 GET /revival/loadout -> 200
#16485 GET /revival/loadout -> 200
#16486 GET /revival/loadout -> 200
#16487 GET /revival/loadout -> 200
#16488 GET /revival/loadout -> 200
#16489 GET /mailbox/config/version -> 200
#16490 GET /party/matchmaking/info -> 200
#16491 GET /core-game/regions -> 200
#16492 GET /revival/loadout -> 200
#16493 GET /revival/loadout -> 200
#16494 GET /revival/loadout -> 200
#16495 GET /revival/loadout -> 200
#16496 GET /revival/loadout -> 200
#16497 GET /revival/loadout -> 200
#16498 GET /revival/loadout -> 200
#16499 GET /revival/loadout -> 200

* 19:27:37.847  WS <- /lobby TEXT ""
#16500 GET /revival/loadout -> 200
#16501 GET /revival/loadout -> 200
#16502 GET /revival/loadout -> 200
#16503 GET /revival/loadout -> 200
#16504 GET /revival/loadout -> 200
#16505 GET /revival/loadout -> 200
#16506 GET /revival/loadout -> 200
#16507 GET /revival/loadout -> 200
#16508 GET /revival/loadout -> 200
#16509 GET /revival/loadout -> 200
#16510 GET /revival/loadout -> 200
#16511 GET /revival/loadout -> 200
#16512 GET /revival/loadout -> 200
#16513 GET /revival/loadout -> 200
#16514 GET /revival/loadout -> 200
#16515 GET /revival/loadout -> 200
#16516 GET /revival/loadout -> 200
#16517 GET /revival/loadout -> 200
#16518 GET /revival/loadout -> 200
#16519 GET /revival/loadout -> 200
#16520 GET /revival/loadout -> 200
#16521 GET /revival/loadout -> 200
#16522 GET /revival/loadout -> 200
#16523 GET /revival/loadout -> 200
#16524 GET /revival/loadout -> 200
#16525 GET /revival/loadout -> 200
#16526 GET /revival/loadout -> 200
#16527 GET /revival/loadout -> 200
#16528 GET /revival/loadout -> 200
#16529 GET /revival/loadout -> 200
#16530 GET /revival/loadout -> 200
#16531 GET /revival/loadout -> 200
#16532 GET /revival/loadout -> 200
#16533 GET /revival/loadout -> 200
#16534 GET /revival/loadout -> 200
#16535 GET /revival/loadout -> 200
#16536 GET /revival/loadout -> 200
#16537 GET /revival/loadout -> 200
#16538 GET /revival/loadout -> 200
#16539 GET /revival/loadout -> 200
#16540 GET /revival/loadout -> 200
#16541 GET /revival/loadout -> 200
#16542 GET /revival/loadout -> 200
#16543 GET /revival/loadout -> 200
#16544 GET /revival/loadout -> 200
#16545 GET /revival/loadout -> 200
#16546 GET /revival/loadout -> 200
#16547 GET /revival/loadout -> 200
#16548 GET /revival/loadout -> 200
#16549 GET /revival/loadout -> 200
#16550 GET /revival/loadout -> 200
#16551 GET /revival/loadout -> 200
#16552 GET /revival/loadout -> 200
#16553 GET /revival/loadout -> 200
#16554 GET /revival/loadout -> 200
#16555 GET /revival/loadout -> 200
#16556 GET /revival/loadout -> 200
#16557 GET /revival/loadout -> 200
#16558 GET /revival/loadout -> 200
#16559 GET /revival/loadout -> 200
#16560 GET /revival/loadout -> 200
#16561 GET /revival/loadout -> 200
#16562 GET /revival/loadout -> 200
#16563 GET /revival/loadout -> 200
#16564 GET /revival/loadout -> 200
#16565 GET /revival/loadout -> 200
#16566 GET /revival/loadout -> 200
#16567 GET /revival/loadout -> 200
#16568 GET /revival/loadout -> 200
#16569 GET /revival/loadout -> 200
#16570 GET /revival/loadout -> 200
#16571 GET /revival/loadout -> 200
#16572 GET /revival/loadout -> 200
#16573 GET /revival/loadout -> 200
#16574 GET /revival/loadout -> 200
#16575 GET /revival/loadout -> 200
#16576 GET /revival/loadout -> 200
#16577 GET /revival/loadout -> 200
#16578 GET /revival/loadout -> 200
#16579 GET /revival/loadout -> 200
#16580 GET /revival/loadout -> 200
#16581 GET /revival/loadout -> 200
#16582 GET /revival/loadout -> 200
#16583 GET /configuration/client -> 200
#16584 GET /revival/loadout -> 200
#16585 GET /revival/loadout -> 200
#16586 GET /content-service/manifest/release2.4.live-156430-shipping -> 200
#16587 GET /revival/loadout -> 200
#16588 GET /revival/loadout -> 200
#16589 GET /revival/loadout -> 200
#16590 GET /revival/loadout -> 200
#16591 GET /revival/loadout -> 200
#16592 GET /revival/loadout -> 200
#16593 GET /revival/loadout -> 200
#16594 GET /revival/loadout -> 200
#16595 GET /revival/loadout -> 200
#16596 GET /revival/loadout -> 200
#16597 GET /revival/loadout -> 200
#16598 GET /revival/loadout -> 200
#16599 GET /revival/loadout -> 200
#16600 GET /revival/loadout -> 200
#16601 GET /revival/loadout -> 200
#16602 GET /revival/loadout -> 200
#16603 GET /revival/loadout -> 200
#16604 GET /revival/loadout -> 200
#16605 GET /revival/loadout -> 200
#16606 GET /revival/loadout -> 200
#16607 GET /revival/loadout -> 200
#16608 GET /revival/loadout -> 200
#16609 GET /revival/loadout -> 200
#16610 GET /revival/loadout -> 200
#16611 GET /revival/loadout -> 200
#16612 GET /revival/loadout -> 200
#16613 GET /revival/loadout -> 200
#16614 GET /revival/loadout -> 200
#16615 GET /revival/loadout -> 200
#16616 GET /revival/loadout -> 200
#16617 GET /revival/loadout -> 200
#16618 GET /revival/loadout -> 200
#16619 GET /revival/loadout -> 200
#16620 GET /revival/loadout -> 200
#16621 GET /revival/loadout -> 200
#16622 GET /revival/loadout -> 200
#16623 GET /revival/loadout -> 200
#16624 GET /revival/loadout -> 200
#16625 GET /revival/loadout -> 200
#16626 GET /revival/loadout -> 200
#16627 GET /revival/loadout -> 200
#16628 GET /revival/loadout -> 200
#16629 GET /revival/loadout -> 200
#16630 GET /revival/loadout -> 200
#16631 GET /revival/loadout -> 200
#16632 GET /revival/loadout -> 200

* 19:28:01.397  WS -> /notifications/players/9b9d2c887e2524f918e383a895f2f1c2 BINARY hb (proactive 30s keepalive)
#16633 GET /revival/loadout -> 200
#16634 GET /revival/loadout -> 200
#16635 GET /revival/loadout -> 200
#16636 GET /revival/loadout -> 200
#16637 GET /revival/loadout -> 200
#16638 GET /revival/loadout -> 200
#16639 GET /revival/loadout -> 200
#16640 GET /revival/loadout -> 200
#16641 GET /revival/loadout -> 200
#16642 GET /revival/loadout -> 200
#16643 GET /revival/loadout -> 200
#16644 GET /revival/loadout -> 200
#16645 POST /party/parties/party-9b9d2c887e2524f918e383a895f2f1c2/members/9b9d2c887e2524f918e383a895f2f1c2/latencies -> 200
#16646 GET /revival/loadout -> 200
#16647 GET /revival/loadout -> 200
#16648 GET /revival/loadout -> 200
#16649 GET /party/players/9b9d2c887e2524f918e383a895f2f1c2/voice -> 200
#16650 POST /game-telemetry/v1/protected/events -> 200
#16651 GET /revival/loadout -> 200
#16652 GET /revival/loadout -> 200
#16653 GET /revival/loadout -> 200
#16654 GET /revival/loadout -> 200
#16655 GET /revival/loadout -> 200
#16656 GET /revival/loadout -> 200
#16657 GET /revival/loadout -> 200
#16658 GET /revival/loadout -> 200
#16659 GET /revival/loadout -> 200
#16660 GET /revival/loadout -> 200
#16661 GET /revival/loadout -> 200
#16662 GET /revival/loadout -> 200
#16663 GET /revival/loadout -> 200
#16664 GET /party/matchmaking/info -> 200
#16665 GET /revival/loadout -> 200
#16666 GET /revival/loadout -> 200
#16667 GET /revival/loadout -> 200
#16668 GET /revival/loadout -> 200
#16669 GET /revival/loadout -> 200
#16670 GET /revival/loadout -> 200
#16671 GET /revival/loadout -> 200
#16672 GET /revival/loadout -> 200

* 19:28:07.830  WS <- /lobby TEXT ""
#16673 GET /revival/loadout -> 200
#16674 GET /revival/loadout -> 200
#16675 GET /revival/loadout -> 200
#16676 GET /revival/loadout -> 200
#16677 GET /revival/loadout -> 200
#16678 GET /revival/loadout -> 200
#16679 GET /revival/loadout -> 200
#16680 GET /revival/loadout -> 200
#16681 GET /revival/loadout -> 200
#16682 GET /revival/loadout -> 200
#16683 GET /revival/loadout -> 200
#16684 GET /revival/loadout -> 200
#16685 GET /revival/loadout -> 200
#16686 GET /revival/loadout -> 200
#16687 GET /revival/loadout -> 200
#16688 GET /revival/loadout -> 200
#16689 GET /revival/loadout -> 200
#16690 GET /revival/loadout -> 200
#16691 GET /revival/loadout -> 200
#16692 GET /revival/loadout -> 200
#16693 GET /revival/loadout -> 200
#16694 GET /revival/loadout -> 200
#16695 GET /revival/loadout -> 200
#16696 GET /revival/loadout -> 200
#16697 GET /revival/loadout -> 200
#16698 GET /revival/loadout -> 200
#16699 GET /revival/loadout -> 200
#16700 GET /revival/loadout -> 200
#16701 GET /revival/loadout -> 200
#16702 GET /revival/loadout -> 200
#16703 GET /revival/loadout -> 200
#16704 GET /revival/loadout -> 200
#16705 GET /revival/loadout -> 200
#16706 GET /revival/loadout -> 200
#16707 GET /revival/loadout -> 200
#16708 GET /revival/loadout -> 200
#16709 GET /revival/loadout -> 200
#16710 GET /revival/loadout -> 200
#16711 GET /revival/loadout -> 200
#16712 GET /revival/loadout -> 200
#16713 GET /revival/loadout -> 200
#16714 GET /revival/loadout -> 200
#16715 GET /revival/loadout -> 200
#16716 GET /revival/loadout -> 200
#16717 GET /revival/loadout -> 200
#16718 GET /revival/loadout -> 200
#16719 GET /revival/loadout -> 200
#16720 GET /revival/loadout -> 200
#16721 GET /revival/loadout -> 200
#16722 GET /revival/loadout -> 200
#16723 GET /revival/loadout -> 200
#16724 GET /revival/loadout -> 200
#16725 GET /revival/loadout -> 200
#16726 GET /revival/loadout -> 200
#16727 GET /revival/loadout -> 200
#16728 GET /revival/loadout -> 200
#16729 GET /revival/loadout -> 200
#16730 GET /revival/loadout -> 200
#16731 GET /revival/loadout -> 200
#16732 GET /revival/loadout -> 200
#16733 GET /revival/loadout -> 200
#16734 GET /revival/loadout -> 200
#16735 GET /revival/loadout -> 200
#16736 GET /revival/loadout -> 200
#16737 GET /revival/loadout -> 200
#16738 GET /revival/loadout -> 200
#16739 GET /revival/loadout -> 200
#16740 GET /revival/loadout -> 200
#16741 GET /revival/loadout -> 200
#16742 GET /revival/loadout -> 200
#16743 GET /revival/loadout -> 200
#16744 GET /revival/loadout -> 200
#16745 GET /revival/loadout -> 200
#16746 GET /revival/loadout -> 200
#16747 GET /revival/loadout -> 200
#16748 GET /revival/loadout -> 200
#16749 GET /revival/loadout -> 200
#16750 GET /revival/loadout -> 200
#16751 GET /revival/loadout -> 200
#16752 GET /revival/loadout -> 200
#16753 GET /revival/loadout -> 200
#16754 GET /revival/loadout -> 200
#16755 GET /revival/loadout -> 200
#16756 GET /configuration/client -> 200
#16757 GET /revival/loadout -> 200
#16758 GET /content-service/manifest/release2.4.live-156430-shipping -> 200
#16759 GET /revival/loadout -> 200
#16760 GET /revival/loadout -> 200
#16761 GET /revival/loadout -> 200
#16762 GET /revival/loadout -> 200
#16763 GET /revival/loadout -> 200
#16764 GET /revival/loadout -> 200
#16765 GET /revival/loadout -> 200
#16766 GET /revival/loadout -> 200
#16767 GET /revival/loadout -> 200
#16768 GET /revival/loadout -> 200
#16769 GET /revival/loadout -> 200
#16770 GET /revival/loadout -> 200
#16771 GET /revival/loadout -> 200
#16772 GET /revival/loadout -> 200
#16773 GET /revival/loadout -> 200
#16774 GET /revival/loadout -> 200
#16775 GET /revival/loadout -> 200
#16776 GET /revival/loadout -> 200
#16777 GET /revival/loadout -> 200

* 19:28:26.350  WS <- /notifications/players/9b9d2c887e2524f918e383a895f2f1c2 BINARY (2 bytes) 6862

* 19:28:26.379  WS -> /notifications/players/9b9d2c887e2524f918e383a895f2f1c2 TEXT hb reply {"Resource":"hb","Version":0,"Payload":""}
#16778 GET /revival/loadout -> 200
#16779 GET /revival/loadout -> 200
#16780 GET /revival/loadout -> 200
#16781 GET /revival/loadout -> 200
#16782 GET /revival/loadout -> 200
#16783 GET /revival/loadout -> 200
#16784 GET /revival/loadout -> 200
#16785 GET /revival/loadout -> 200
#16786 GET /revival/loadout -> 200
#16787 GET /revival/loadout -> 200
#16788 GET /revival/loadout -> 200
#16789 GET /revival/loadout -> 200
#16790 GET /revival/loadout -> 200
#16791 GET /revival/loadout -> 200
#16792 GET /revival/loadout -> 200
#16793 GET /revival/loadout -> 200
#16794 GET /revival/loadout -> 200
#16795 GET /revival/loadout -> 200
#16796 GET /revival/loadout -> 200
#16797 GET /revival/loadout -> 200
#16798 GET /revival/loadout -> 200
#16799 GET /revival/loadout -> 200
#16800 GET /revival/loadout -> 200
#16801 GET /revival/loadout -> 200
#16802 GET /revival/loadout -> 200
#16803 GET /revival/loadout -> 200
#16804 GET /revival/loadout -> 200
#16805 GET /revival/loadout -> 200
#16806 GET /revival/loadout -> 200
#16807 GET /revival/loadout -> 200
#16808 GET /revival/loadout -> 200
#16809 GET /revival/loadout -> 200
#16810 GET /revival/loadout -> 200
#16811 GET /revival/loadout -> 200
#16812 GET /revival/loadout -> 200
#16813 GET /revival/loadout -> 200
#16814 GET /revival/loadout -> 200
#16815 GET /revival/loadout -> 200
#16816 GET /revival/loadout -> 200
#16817 GET /revival/loadout -> 200
#16818 GET /revival/loadout -> 200
#16819 POST /party/parties/party-9b9d2c887e2524f918e383a895f2f1c2/members/9b9d2c887e2524f918e383a895f2f1c2/latencies -> 200
#16820 GET /revival/loadout -> 200
#16821 GET /revival/loadout -> 200
#16822 GET /revival/loadout -> 200
#16823 GET /revival/loadout -> 200
#16824 GET /party/players/9b9d2c887e2524f918e383a895f2f1c2/voice -> 200
#16825 GET /revival/loadout -> 200
#16826 GET /revival/loadout -> 200
#16827 GET /revival/loadout -> 200
#16828 GET /revival/loadout -> 200
#16829 GET /revival/loadout -> 200
#16830 GET /revival/loadout -> 200
#16831 GET /revival/loadout -> 200
#16832 GET /revival/loadout -> 200
#16833 GET /revival/loadout -> 200
#16834 GET /revival/loadout -> 200
#16835 GET /revival/loadout -> 200
#16836 GET /core-game/regions -> 200
#16837 GET /party/matchmaking/info -> 200
#16838 GET /revival/loadout -> 200
#16839 GET /revival/loadout -> 200
#16840 GET /revival/loadout -> 200
#16841 GET /revival/loadout -> 200
#16842 GET /revival/loadout -> 200
#16843 GET /revival/loadout -> 200
#16844 GET /revival/loadout -> 200
#16845 GET /revival/loadout -> 200

* 19:28:37.831  WS <- /lobby TEXT ""
#16846 GET /revival/loadout -> 200
#16847 GET /revival/loadout -> 200
#16848 GET /revival/loadout -> 200
#16849 GET /revival/loadout -> 200
#16850 GET /revival/loadout -> 200
#16851 GET /revival/loadout -> 200
#16852 GET /revival/loadout -> 200
#16853 GET /revival/loadout -> 200
#16854 GET /revival/loadout -> 200
#16855 GET /revival/loadout -> 200
#16856 GET /revival/loadout -> 200
#16857 GET /revival/loadout -> 200
#16858 GET /revival/loadout -> 200
#16859 GET /revival/loadout -> 200
#16860 GET /revival/loadout -> 200
#16861 GET /revival/loadout -> 200
#16862 GET /revival/loadout -> 200
#16863 GET /revival/loadout -> 200
#16864 GET /revival/loadout -> 200
#16865 GET /revival/loadout -> 200
#16866 GET /revival/loadout -> 200
#16867 GET /revival/loadout -> 200
#16868 GET /revival/loadout -> 200
#16869 GET /revival/loadout -> 200
#16870 GET /revival/loadout -> 200
#16871 GET /revival/loadout -> 200
#16872 GET /revival/loadout -> 200
#16873 GET /revival/loadout -> 200
#16874 GET /revival/loadout -> 200
#16875 GET /revival/loadout -> 200
#16876 GET /revival/loadout -> 200
#16877 GET /revival/loadout -> 200
#16878 GET /revival/loadout -> 200
#16879 GET /revival/loadout -> 200
#16880 GET /revival/loadout -> 200
#16881 GET /revival/loadout -> 200
#16882 GET /revival/loadout -> 200
#16883 GET /revival/loadout -> 200
#16884 GET /revival/loadout -> 200
#16885 GET /revival/loadout -> 200
#16886 GET /revival/loadout -> 200
#16887 GET /revival/loadout -> 200
#16888 GET /revival/loadout -> 200
#16889 GET /revival/loadout -> 200
#16890 GET /revival/loadout -> 200
#16891 GET /revival/loadout -> 200
#16892 GET /revival/loadout -> 200
#16893 GET /revival/loadout -> 200
#16894 GET /revival/loadout -> 200
#16895 GET /revival/loadout -> 200
#16896 GET /revival/loadout -> 200
#16897 GET /revival/loadout -> 200
#16898 GET /revival/loadout -> 200
#16899 GET /revival/loadout -> 200
#16900 GET /revival/loadout -> 200
#16901 GET /revival/loadout -> 200
#16902 GET /revival/loadout -> 200
#16903 GET /revival/loadout -> 200
#16904 GET /revival/loadout -> 200
#16905 GET /revival/loadout -> 200
#16906 GET /revival/loadout -> 200
#16907 GET /revival/loadout -> 200
#16908 GET /revival/loadout -> 200
#16909 GET /revival/loadout -> 200
#16910 GET /revival/loadout -> 200
#16911 GET /revival/loadout -> 200
#16912 GET /revival/loadout -> 200
#16913 GET /revival/loadout -> 200
#16914 GET /revival/loadout -> 200
#16915 GET /revival/loadout -> 200
#16916 GET /revival/loadout -> 200
#16917 GET /revival/loadout -> 200
#16918 GET /revival/loadout -> 200
#16919 GET /revival/loadout -> 200
#16920 GET /revival/loadout -> 200
#16921 GET /revival/loadout -> 200
#16922 GET /revival/loadout -> 200
#16923 GET /revival/loadout -> 200
#16924 GET /revival/loadout -> 200
#16925 GET /revival/loadout -> 200
#16926 GET /revival/loadout -> 200
#16927 GET /revival/loadout -> 200
#16928 GET /configuration/client -> 200
#16929 GET /revival/loadout -> 200
#16930 GET /revival/loadout -> 200
#16931 GET /content-service/manifest/release2.4.live-156430-shipping -> 200
#16932 GET /revival/loadout -> 200
#16933 GET /revival/loadout -> 200
#16934 GET /revival/loadout -> 200
#16935 GET /revival/loadout -> 200
#16936 GET /revival/loadout -> 200
#16937 GET /revival/loadout -> 200
#16938 GET /revival/loadout -> 200
#16939 GET /revival/loadout -> 200
#16940 GET /revival/loadout -> 200
#16941 GET /revival/loadout -> 200
#16942 GET /revival/loadout -> 200
#16943 GET /revival/loadout -> 200
#16944 GET /revival/loadout -> 200
#16945 GET /revival/loadout -> 200
#16946 GET /revival/loadout -> 200
#16947 GET /revival/loadout -> 200
#16948 GET /revival/loadout -> 200
#16949 GET /revival/loadout -> 200
#16950 GET /revival/loadout -> 200
#16951 GET /revival/loadout -> 200

* 19:28:56.426  WS -> /notifications/players/9b9d2c887e2524f918e383a895f2f1c2 BINARY hb (proactive 30s keepalive)
#16952 GET /revival/loadout -> 200
#16953 GET /revival/loadout -> 200
#16954 GET /revival/loadout -> 200
#16955 GET /revival/loadout -> 200
#16956 GET /revival/loadout -> 200
#16957 GET /revival/loadout -> 200
#16958 GET /revival/loadout -> 200
#16959 GET /revival/loadout -> 200
#16960 GET /revival/loadout -> 200
#16961 GET /revival/loadout -> 200
#16962 GET /revival/loadout -> 200
#16963 GET /revival/loadout -> 200
#16964 GET /revival/loadout -> 200
#16965 GET /revival/loadout -> 200
#16966 GET /revival/loadout -> 200
#16967 GET /revival/loadout -> 200
#16968 GET /revival/loadout -> 200
#16969 GET /revival/loadout -> 200
#16970 GET /revival/loadout -> 200
#16971 GET /revival/loadout -> 200
#16972 GET /revival/loadout -> 200
#16973 GET /revival/loadout -> 200
#16974 GET /revival/loadout -> 200
#16975 GET /revival/loadout -> 200
#16976 GET /revival/loadout -> 200
#16977 GET /revival/loadout -> 200
#16978 GET /revival/loadout -> 200
#16979 GET /revival/loadout -> 200
#16980 GET /revival/loadout -> 200
#16981 GET /revival/loadout -> 200
#16982 GET /revival/loadout -> 200
#16983 GET /revival/loadout -> 200
#16984 GET /revival/loadout -> 200
#16985 GET /revival/loadout -> 200
#16986 GET /revival/loadout -> 200
#16987 GET /revival/loadout -> 200
#16988 GET /revival/loadout -> 200
#16989 GET /revival/loadout -> 200
#16990 GET /revival/loadout -> 200
#16991 GET /revival/loadout -> 200
#16992 GET /revival/loadout -> 200
#16993 POST /party/parties/party-9b9d2c887e2524f918e383a895f2f1c2/members/9b9d2c887e2524f918e383a895f2f1c2/latencies -> 200
#16994 GET /revival/loadout -> 200
#16995 POST /game-telemetry/v1/protected/events -> 200
#16996 GET /revival/loadout -> 200
#16997 GET /revival/loadout -> 200
#16998 GET /revival/loadout -> 200
#16999 GET /revival/loadout -> 200
#17000 GET /revival/loadout -> 200
#17001 GET /party/players/9b9d2c887e2524f918e383a895f2f1c2/voice -> 200
#17002 GET /revival/loadout -> 200
#17003 GET /revival/loadout -> 200
#17004 GET /revival/loadout -> 200
#17005 GET /revival/loadout -> 200
#17006 GET /revival/loadout -> 200
#17007 GET /revival/loadout -> 200
#17008 GET /revival/loadout -> 200
#17009 GET /revival/loadout -> 200
#17010 GET /party/matchmaking/info -> 200
#17011 GET /mailbox/config/version -> 200
#17012 GET /revival/loadout -> 200
#17013 GET /revival/loadout -> 200
#17014 GET /revival/loadout -> 200
#17015 GET /revival/loadout -> 200
#17016 GET /revival/loadout -> 200
#17017 GET /revival/loadout -> 200
#17018 GET /revival/loadout -> 200
#17019 GET /revival/loadout -> 200
#17020 GET /revival/loadout -> 200

* 19:29:07.837  WS <- /lobby TEXT ""
#17021 GET /revival/loadout -> 200
#17022 GET /revival/loadout -> 200
#17023 GET /revival/loadout -> 200
#17024 GET /revival/loadout -> 200
#17025 GET /revival/loadout -> 200
#17026 GET /revival/loadout -> 200
#17027 GET /revival/loadout -> 200
#17028 GET /revival/loadout -> 200
#17029 GET /revival/loadout -> 200
#17030 GET /revival/loadout -> 200
#17031 GET /revival/loadout -> 200
#17032 GET /revival/loadout -> 200
#17033 GET /revival/loadout -> 200
#17034 GET /revival/loadout -> 200
#17035 GET /revival/loadout -> 200
#17036 GET /revival/loadout -> 200
#17037 GET /revival/loadout -> 200
#17038 GET /revival/loadout -> 200
#17039 GET /revival/loadout -> 200
#17040 GET /revival/loadout -> 200
#17041 GET /revival/loadout -> 200
#17042 GET /revival/loadout -> 200
#17043 GET /revival/loadout -> 200
#17044 GET /revival/loadout -> 200
#17045 GET /revival/loadout -> 200
#17046 GET /revival/loadout -> 200
#17047 GET /revival/loadout -> 200
#17048 GET /revival/loadout -> 200
#17049 GET /revival/loadout -> 200
#17050 GET /revival/loadout -> 200
#17051 GET /revival/loadout -> 200
#17052 GET /revival/loadout -> 200
#17053 GET /revival/loadout -> 200
#17054 GET /revival/loadout -> 200
#17055 GET /revival/loadout -> 200
#17056 GET /revival/loadout -> 200
#17057 GET /revival/loadout -> 200
#17058 GET /revival/loadout -> 200
#17059 GET /revival/loadout -> 200
#17060 GET /revival/loadout -> 200
#17061 GET /revival/loadout -> 200
#17062 GET /revival/loadout -> 200
#17063 GET /revival/loadout -> 200
#17064 GET /revival/loadout -> 200
#17065 GET /revival/loadout -> 200
#17066 GET /revival/loadout -> 200
#17067 GET /revival/loadout -> 200
#17068 GET /revival/loadout -> 200
#17069 GET /revival/loadout -> 200
#17070 GET /revival/loadout -> 200
#17071 GET /revival/loadout -> 200
#17072 GET /revival/loadout -> 200
#17073 GET /revival/loadout -> 200
#17074 GET /revival/loadout -> 200
#17075 GET /revival/loadout -> 200
#17076 GET /revival/loadout -> 200
#17077 GET /revival/loadout -> 200
#17078 GET /revival/loadout -> 200
#17079 GET /revival/loadout -> 200
#17080 GET /revival/loadout -> 200
#17081 GET /revival/loadout -> 200
#17082 GET /revival/loadout -> 200
#17083 GET /revival/loadout -> 200
#17084 GET /revival/loadout -> 200
#17085 GET /revival/loadout -> 200
#17086 GET /revival/loadout -> 200
#17087 GET /revival/loadout -> 200
#17088 GET /revival/loadout -> 200
#17089 GET /revival/loadout -> 200
#17090 GET /revival/loadout -> 200
#17091 GET /revival/loadout -> 200
#17092 GET /revival/loadout -> 200
#17093 GET /revival/loadout -> 200
#17094 GET /revival/loadout -> 200

* 19:29:21.306  WS <- /notifications/players/9b9d2c887e2524f918e383a895f2f1c2 BINARY (2 bytes) 6862
#17095 GET /revival/loadout -> 200

* 19:29:21.334  WS -> /notifications/players/9b9d2c887e2524f918e383a895f2f1c2 TEXT hb reply {"Resource":"hb","Version":0,"Payload":""}
#17096 GET /revival/loadout -> 200
#17097 GET /revival/loadout -> 200
#17098 GET /revival/loadout -> 200
#17099 GET /revival/loadout -> 200
#17100 GET /revival/loadout -> 200
#17101 GET /revival/loadout -> 200
#17102 GET /configuration/client -> 200
#17103 GET /revival/loadout -> 200
#17104 GET /revival/loadout -> 200
#17105 GET /content-service/manifest/release2.4.live-156430-shipping -> 200
#17106 GET /revival/loadout -> 200
#17107 GET /revival/loadout -> 200
#17108 GET /revival/loadout -> 200
#17109 GET /revival/loadout -> 200
#17110 GET /revival/loadout -> 200
#17111 GET /revival/loadout -> 200
#17112 GET /revival/loadout -> 200
#17113 GET /revival/loadout -> 200
#17114 GET /revival/loadout -> 200
#17115 GET /revival/loadout -> 200
#17116 GET /revival/loadout -> 200
#17117 GET /revival/loadout -> 200
#17118 GET /revival/loadout -> 200
#17119 GET /revival/loadout -> 200
#17120 GET /revival/loadout -> 200
#17121 GET /revival/loadout -> 200
#17122 GET /revival/loadout -> 200
#17123 GET /revival/loadout -> 200
#17124 GET /revival/loadout -> 200
#17125 GET /revival/loadout -> 200
#17126 GET /revival/loadout -> 200
#17127 GET /revival/loadout -> 200
#17128 GET /revival/loadout -> 200
#17129 GET /revival/loadout -> 200
#17130 GET /revival/loadout -> 200
#17131 GET /revival/loadout -> 200
#17132 GET /revival/loadout -> 200
#17133 GET /revival/loadout -> 200
#17134 GET /revival/loadout -> 200
#17135 GET /revival/loadout -> 200
#17136 GET /revival/loadout -> 200
#17137 GET /revival/loadout -> 200
#17138 GET /revival/loadout -> 200
#17139 GET /revival/loadout -> 200
#17140 GET /revival/loadout -> 200
#17141 GET /revival/loadout -> 200
#17142 GET /revival/loadout -> 200
#17143 GET /revival/loadout -> 200
#17144 GET /revival/loadout -> 200
#17145 GET /revival/loadout -> 200
#17146 GET /revival/loadout -> 200
#17147 GET /revival/loadout -> 200
#17148 GET /revival/loadout -> 200
#17149 GET /revival/loadout -> 200
#17150 GET /revival/loadout -> 200
#17151 GET /revival/loadout -> 200
#17152 GET /revival/loadout -> 200
#17153 GET /revival/loadout -> 200
#17154 GET /revival/loadout -> 200
#17155 GET /revival/loadout -> 200
#17156 GET /revival/loadout -> 200
#17157 GET /revival/loadout -> 200
#17158 GET /revival/loadout -> 200
#17159 GET /revival/loadout -> 200
#17160 GET /revival/loadout -> 200
#17161 GET /revival/loadout -> 200
#17162 GET /revival/loadout -> 200
#17163 GET /revival/loadout -> 200
#17164 GET /revival/loadout -> 200
#17165 GET /revival/loadout -> 200
#17166 GET /revival/loadout -> 200
#17167 GET /revival/loadout -> 200
#17168 POST /party/parties/party-9b9d2c887e2524f918e383a895f2f1c2/members/9b9d2c887e2524f918e383a895f2f1c2/latencies -> 200
#17169 GET /revival/loadout -> 200
#17170 GET /revival/loadout -> 200
#17171 GET /revival/loadout -> 200
#17172 GET /revival/loadout -> 200
#17173 GET /revival/loadout -> 200
#17174 GET /revival/loadout -> 200
#17175 GET /revival/loadout -> 200
#17176 GET /party/players/9b9d2c887e2524f918e383a895f2f1c2/voice -> 200
#17177 GET /revival/loadout -> 200
#17178 GET /revival/loadout -> 200
#17179 GET /revival/loadout -> 200
#17180 GET /revival/loadout -> 200
#17181 GET /revival/loadout -> 200
#17182 GET /revival/loadout -> 200
#17183 GET /party/matchmaking/info -> 200
#17185 GET /revival/loadout -> 200
#17184 GET /core-game/regions -> 200
#17186 GET /revival/loadout -> 200
#17187 GET /revival/loadout -> 200
#17188 GET /revival/loadout -> 200
#17189 GET /revival/loadout -> 200
#17190 GET /revival/loadout -> 200
#17191 GET /revival/loadout -> 200
#17192 GET /revival/loadout -> 200

* 19:29:37.852  WS <- /lobby TEXT ""
#17193 GET /revival/loadout -> 200
#17194 GET /revival/loadout -> 200
#17195 GET /revival/loadout -> 200
#17196 GET /revival/loadout -> 200
#17197 GET /revival/loadout -> 200
#17198 GET /revival/loadout -> 200
#17199 GET /revival/loadout -> 200
#17200 GET /revival/loadout -> 200
#17201 GET /revival/loadout -> 200
#17202 GET /revival/loadout -> 200
#17203 GET /revival/loadout -> 200
#17204 GET /revival/loadout -> 200
#17205 GET /revival/loadout -> 200
#17206 GET /revival/loadout -> 200
#17207 GET /revival/loadout -> 200
#17208 GET /revival/loadout -> 200
#17209 GET /revival/loadout -> 200
#17210 GET /revival/loadout -> 200
#17211 GET /revival/loadout -> 200
#17212 GET /revival/loadout -> 200
#17213 GET /revival/loadout -> 200
#17214 GET /revival/loadout -> 200
#17215 GET /revival/loadout -> 200
#17216 GET /revival/loadout -> 200
#17217 GET /revival/loadout -> 200
#17218 GET /revival/loadout -> 200
#17219 GET /revival/loadout -> 200
#17220 GET /revival/loadout -> 200
#17221 GET /revival/loadout -> 200
#17222 GET /revival/loadout -> 200
#17223 GET /revival/loadout -> 200
#17224 GET /revival/loadout -> 200
#17225 GET /revival/loadout -> 200
#17226 GET /revival/loadout -> 200
#17227 GET /revival/loadout -> 200
#17228 GET /revival/loadout -> 200
#17229 GET /revival/loadout -> 200
#17230 GET /revival/loadout -> 200
#17231 GET /revival/loadout -> 200
#17232 GET /revival/loadout -> 200
#17233 GET /revival/loadout -> 200
#17234 GET /revival/loadout -> 200
#17235 GET /revival/loadout -> 200
#17236 GET /revival/loadout -> 200
#17237 GET /revival/loadout -> 200
#17238 GET /revival/loadout -> 200
#17239 GET /revival/loadout -> 200
#17240 GET /revival/loadout -> 200
#17241 GET /revival/loadout -> 200
#17242 GET /revival/loadout -> 200
#17243 GET /revival/loadout -> 200
#17244 GET /revival/loadout -> 200
#17245 GET /revival/loadout -> 200
#17246 GET /revival/loadout -> 200
#17247 GET /revival/loadout -> 200
#17248 GET /revival/loadout -> 200
#17249 GET /revival/loadout -> 200
#17250 GET /revival/loadout -> 200
#17251 GET /revival/loadout -> 200
#17252 GET /revival/loadout -> 200
#17253 GET /revival/loadout -> 200
#17254 GET /revival/loadout -> 200
#17255 GET /revival/loadout -> 200
#17256 GET /revival/loadout -> 200
#17257 GET /revival/loadout -> 200
#17258 GET /revival/loadout -> 200
#17259 GET /revival/loadout -> 200
#17260 GET /revival/loadout -> 200
#17261 GET /revival/loadout -> 200
#17262 GET /revival/loadout -> 200
#17263 GET /revival/loadout -> 200
#17264 GET /revival/loadout -> 200
#17265 GET /revival/loadout -> 200
#17266 GET /revival/loadout -> 200
#17267 GET /revival/loadout -> 200

* 19:29:51.401  WS -> /notifications/players/9b9d2c887e2524f918e383a895f2f1c2 BINARY hb (proactive 30s keepalive)
#17268 GET /revival/loadout -> 200
#17269 GET /revival/loadout -> 200
#17270 GET /revival/loadout -> 200
#17271 GET /revival/loadout -> 200
#17272 GET /revival/loadout -> 200
#17273 GET /revival/loadout -> 200
#17274 GET /revival/loadout -> 200
#17275 GET /configuration/client -> 200
#17276 GET /revival/loadout -> 200
#17277 GET /revival/loadout -> 200
#17278 GET /content-service/manifest/release2.4.live-156430-shipping -> 200
#17279 GET /revival/loadout -> 200
#17280 GET /revival/loadout -> 200
#17281 GET /revival/loadout -> 200
#17282 GET /revival/loadout -> 200
#17283 GET /revival/loadout -> 200
#17284 GET /revival/loadout -> 200
#17285 GET /revival/loadout -> 200
#17286 GET /revival/loadout -> 200
#17287 GET /revival/loadout -> 200
#17288 GET /revival/loadout -> 200
#17289 GET /revival/loadout -> 200
#17290 GET /revival/loadout -> 200
#17291 GET /revival/loadout -> 200
#17292 GET /revival/loadout -> 200
#17293 GET /revival/loadout -> 200
#17294 GET /revival/loadout -> 200
#17295 GET /revival/loadout -> 200
#17296 GET /revival/loadout -> 200
#17297 GET /revival/loadout -> 200
#17298 GET /revival/loadout -> 200
#17299 GET /revival/loadout -> 200
#17300 GET /revival/loadout -> 200
#17301 GET /revival/loadout -> 200
#17302 GET /revival/loadout -> 200
#17303 GET /revival/loadout -> 200
#17304 GET /revival/loadout -> 200
#17305 GET /revival/loadout -> 200
#17306 GET /revival/loadout -> 200
#17307 GET /revival/loadout -> 200
#17308 GET /revival/loadout -> 200
#17309 GET /revival/loadout -> 200
#17310 GET /revival/loadout -> 200
#17311 GET /revival/loadout -> 200
#17312 GET /revival/loadout -> 200
#17313 GET /revival/loadout -> 200
#17314 GET /revival/loadout -> 200
#17315 GET /revival/loadout -> 200
#17316 GET /revival/loadout -> 200
#17317 GET /revival/loadout -> 200
#17318 GET /revival/loadout -> 200
#17319 GET /revival/loadout -> 200
#17320 GET /revival/loadout -> 200
#17321 GET /revival/loadout -> 200
#17322 GET /revival/loadout -> 200
#17323 GET /revival/loadout -> 200
#17324 GET /revival/loadout -> 200
#17325 GET /revival/loadout -> 200
#17326 GET /revival/loadout -> 200
#17327 GET /revival/loadout -> 200
#17328 GET /revival/loadout -> 200
#17329 GET /revival/loadout -> 200
#17330 GET /revival/loadout -> 200
#17331 GET /revival/loadout -> 200
#17332 GET /revival/loadout -> 200
#17333 GET /revival/loadout -> 200
#17334 GET /revival/loadout -> 200
#17335 GET /revival/loadout -> 200
#17336 GET /revival/loadout -> 200
#17337 GET /revival/loadout -> 200
#17338 GET /revival/loadout -> 200
#17339 POST /game-telemetry/v1/protected/events -> 200
#17340 GET /revival/loadout -> 200
#17341 POST /party/parties/party-9b9d2c887e2524f918e383a895f2f1c2/members/9b9d2c887e2524f918e383a895f2f1c2/latencies -> 200
#17342 GET /revival/loadout -> 200
#17343 GET /revival/loadout -> 200
#17344 GET /revival/loadout -> 200
#17345 GET /revival/loadout -> 200
#17346 GET /revival/loadout -> 200
#17347 GET /revival/loadout -> 200
#17348 GET /revival/loadout -> 200
#17349 GET /revival/loadout -> 200
#17350 GET /revival/loadout -> 200
#17351 GET /party/players/9b9d2c887e2524f918e383a895f2f1c2/voice -> 200
#17352 GET /revival/loadout -> 200
#17353 GET /revival/loadout -> 200
#17354 GET /revival/loadout -> 200
#17355 GET /party/matchmaking/info -> 200
#17356 GET /revival/loadout -> 200
#17357 GET /revival/loadout -> 200
#17358 GET /revival/loadout -> 200
#17359 GET /revival/loadout -> 200
#17360 GET /revival/loadout -> 200
#17361 GET /revival/loadout -> 200
#17362 GET /revival/loadout -> 200
#17363 GET /revival/loadout -> 200

* 19:30:07.834  WS <- /lobby TEXT ""
#17364 GET /revival/loadout -> 200
#17365 GET /revival/loadout -> 200
#17366 GET /revival/loadout -> 200
#17367 GET /revival/loadout -> 200
#17368 GET /revival/loadout -> 200
#17369 GET /revival/loadout -> 200
#17370 GET /revival/loadout -> 200
#17371 GET /revival/loadout -> 200
#17372 GET /revival/loadout -> 200
#17373 GET /revival/loadout -> 200
#17374 GET /revival/loadout -> 200
#17375 GET /revival/loadout -> 200
#17376 GET /revival/loadout -> 200
#17377 GET /revival/loadout -> 200
#17378 GET /revival/loadout -> 200
#17379 GET /revival/loadout -> 200
#17380 GET /revival/loadout -> 200
#17381 GET /revival/loadout -> 200
#17382 GET /revival/loadout -> 200
#17383 GET /revival/loadout -> 200
#17384 GET /revival/loadout -> 200
#17385 GET /revival/loadout -> 200
#17386 GET /revival/loadout -> 200
#17387 GET /revival/loadout -> 200
#17388 GET /revival/loadout -> 200
#17389 GET /revival/loadout -> 200
#17390 GET /revival/loadout -> 200
#17391 GET /revival/loadout -> 200
#17392 GET /revival/loadout -> 200
#17393 GET /revival/loadout -> 200
#17394 GET /revival/loadout -> 200
#17395 GET /revival/loadout -> 200
#17396 GET /revival/loadout -> 200
#17397 GET /revival/loadout -> 200
#17398 GET /revival/loadout -> 200
#17399 GET /revival/loadout -> 200
#17400 GET /revival/loadout -> 200
#17401 GET /revival/loadout -> 200
#17402 GET /revival/loadout -> 200
#17403 GET /revival/loadout -> 200
#17404 GET /revival/loadout -> 200
#17405 GET /revival/loadout -> 200
#17406 GET /revival/loadout -> 200
#17407 GET /revival/loadout -> 200
#17408 GET /revival/loadout -> 200
#17409 GET /revival/loadout -> 200
#17410 GET /revival/loadout -> 200

* 19:30:16.294  WS <- /notifications/players/9b9d2c887e2524f918e383a895f2f1c2 BINARY (2 bytes) 6862

* 19:30:16.321  WS -> /notifications/players/9b9d2c887e2524f918e383a895f2f1c2 TEXT hb reply {"Resource":"hb","Version":0,"Payload":""}
#17411 GET /revival/loadout -> 200
#17412 GET /revival/loadout -> 200
#17413 GET /revival/loadout -> 200
#17414 GET /revival/loadout -> 200
#17415 GET /revival/loadout -> 200
#17416 GET /revival/loadout -> 200
#17417 GET /revival/loadout -> 200
#17418 GET /revival/loadout -> 200
#17419 GET /revival/loadout -> 200
#17420 GET /revival/loadout -> 200
#17421 GET /revival/loadout -> 200
#17422 GET /revival/loadout -> 200
#17423 GET /revival/loadout -> 200
#17424 GET /revival/loadout -> 200
#17425 GET /revival/loadout -> 200
#17426 GET /revival/loadout -> 200
#17427 GET /revival/loadout -> 200
#17428 GET /revival/loadout -> 200
#17429 GET /revival/loadout -> 200
#17430 GET /revival/loadout -> 200
#17431 GET /revival/loadout -> 200
#17432 GET /revival/loadout -> 200
#17433 GET /revival/loadout -> 200
#17434 GET /revival/loadout -> 200
#17435 GET /revival/loadout -> 200
#17436 GET /revival/loadout -> 200
#17437 GET /revival/loadout -> 200
#17438 GET /revival/loadout -> 200
#17439 GET /revival/loadout -> 200
#17440 GET /revival/loadout -> 200
#17441 GET /revival/loadout -> 200
#17442 GET /revival/loadout -> 200
#17443 GET /revival/loadout -> 200
#17444 GET /revival/loadout -> 200
#17445 GET /revival/loadout -> 200
#17446 GET /configuration/client -> 200
#17447 GET /revival/loadout -> 200
#17448 GET /content-service/manifest/release2.4.live-156430-shipping -> 200
#17449 GET /revival/loadout -> 200
#17450 GET /revival/loadout -> 200
#17451 GET /revival/loadout -> 200
#17452 GET /revival/loadout -> 200
#17453 GET /revival/loadout -> 200
#17454 GET /revival/loadout -> 200
#17455 GET /revival/loadout -> 200
#17456 GET /revival/loadout -> 200
#17457 GET /revival/loadout -> 200
#17458 GET /revival/loadout -> 200
#17459 GET /revival/loadout -> 200
#17460 GET /revival/loadout -> 200
#17461 GET /revival/loadout -> 200
#17462 GET /revival/loadout -> 200
#17463 GET /revival/loadout -> 200
#17464 GET /revival/loadout -> 200
#17465 GET /revival/loadout -> 200
#17466 GET /revival/loadout -> 200
#17467 GET /revival/loadout -> 200
#17468 GET /revival/loadout -> 200
#17469 GET /revival/loadout -> 200
#17470 GET /revival/loadout -> 200
#17471 GET /revival/loadout -> 200
#17472 GET /revival/loadout -> 200
#17473 GET /revival/loadout -> 200
#17474 GET /revival/loadout -> 200
#17475 GET /revival/loadout -> 200
#17476 GET /revival/loadout -> 200
#17477 GET /revival/loadout -> 200
#17478 GET /revival/loadout -> 200
#17479 GET /revival/loadout -> 200
#17480 GET /revival/loadout -> 200
#17481 GET /revival/loadout -> 200
#17482 GET /revival/loadout -> 200
#17483 GET /revival/loadout -> 200
#17484 GET /revival/loadout -> 200
#17485 GET /revival/loadout -> 200
#17486 GET /revival/loadout -> 200
#17487 GET /revival/loadout -> 200
#17488 GET /revival/loadout -> 200
#17489 GET /revival/loadout -> 200
#17490 GET /revival/loadout -> 200
#17491 GET /revival/loadout -> 200
#17492 GET /revival/loadout -> 200
#17493 GET /revival/loadout -> 200
#17494 GET /revival/loadout -> 200
#17495 GET /revival/loadout -> 200
#17496 GET /revival/loadout -> 200
#17497 GET /revival/loadout -> 200
#17498 GET /revival/loadout -> 200
#17499 GET /revival/loadout -> 200
#17500 GET /revival/loadout -> 200
#17501 GET /revival/loadout -> 200
#17502 GET /revival/loadout -> 200
#17503 GET /revival/loadout -> 200
#17504 GET /revival/loadout -> 200
#17505 GET /revival/loadout -> 200
#17506 GET /revival/loadout -> 200
#17507 GET /revival/loadout -> 200
#17508 GET /revival/loadout -> 200
#17509 GET /revival/loadout -> 200
#17510 GET /revival/loadout -> 200
#17511 POST /party/parties/party-9b9d2c887e2524f918e383a895f2f1c2/members/9b9d2c887e2524f918e383a895f2f1c2/latencies -> 200
#17512 GET /revival/loadout -> 200
#17513 GET /revival/loadout -> 200
#17514 GET /revival/loadout -> 200
#17515 GET /revival/loadout -> 200
#17516 GET /revival/loadout -> 200
#17517 GET /revival/loadout -> 200
#17518 GET /revival/loadout -> 200
#17519 GET /revival/loadout -> 200
#17520 GET /revival/loadout -> 200
#17521 GET /revival/loadout -> 200
#17522 GET /party/players/9b9d2c887e2524f918e383a895f2f1c2/voice -> 200
#17523 GET /revival/loadout -> 200
#17524 GET /party/matchmaking/info -> 200
#17526 GET /revival/loadout -> 200
#17525 GET /core-game/regions -> 200
#17527 GET /mailbox/config/version -> 200
#17528 GET /revival/loadout -> 200
#17529 GET /revival/loadout -> 200
#17530 GET /revival/loadout -> 200
#17531 GET /revival/loadout -> 200
#17532 GET /revival/loadout -> 200
#17533 GET /revival/loadout -> 200
#17534 GET /revival/loadout -> 200
#17535 GET /revival/loadout -> 200

* 19:30:37.848  WS <- /lobby TEXT ""
#17536 GET /revival/loadout -> 200
#17537 GET /revival/loadout -> 200
#17538 GET /revival/loadout -> 200
#17539 GET /revival/loadout -> 200
#17540 GET /revival/loadout -> 200
#17541 GET /revival/loadout -> 200
#17542 GET /revival/loadout -> 200
#17543 GET /revival/loadout -> 200
#17544 GET /revival/loadout -> 200
#17545 GET /revival/loadout -> 200
#17546 GET /revival/loadout -> 200
#17547 GET /revival/loadout -> 200
#17548 GET /revival/loadout -> 200
#17549 GET /revival/loadout -> 200
#17550 GET /revival/loadout -> 200
#17551 GET /revival/loadout -> 200
#17552 GET /revival/loadout -> 200
#17553 GET /revival/loadout -> 200
#17554 GET /revival/loadout -> 200
#17555 GET /revival/loadout -> 200
#17556 GET /revival/loadout -> 200
#17557 GET /revival/loadout -> 200
#17558 GET /revival/loadout -> 200
#17559 GET /revival/loadout -> 200
#17560 GET /revival/loadout -> 200
#17561 GET /revival/loadout -> 200
#17562 GET /revival/loadout -> 200
#17563 GET /revival/loadout -> 200
#17564 GET /revival/loadout -> 200
#17565 GET /revival/loadout -> 200
#17566 GET /revival/loadout -> 200
#17567 GET /revival/loadout -> 200
#17568 GET /revival/loadout -> 200
#17569 GET /revival/loadout -> 200
#17570 GET /revival/loadout -> 200
#17571 GET /revival/loadout -> 200
#17572 GET /revival/loadout -> 200
#17573 GET /revival/loadout -> 200
#17574 GET /revival/loadout -> 200
#17575 GET /revival/loadout -> 200
#17576 GET /revival/loadout -> 200
#17577 GET /revival/loadout -> 200
#17578 GET /revival/loadout -> 200
#17579 GET /revival/loadout -> 200
#17580 GET /revival/loadout -> 200
#17581 GET /revival/loadout -> 200

* 19:30:46.366  WS -> /notifications/players/9b9d2c887e2524f918e383a895f2f1c2 BINARY hb (proactive 30s keepalive)
#17582 GET /revival/loadout -> 200
#17583 GET /revival/loadout -> 200
#17584 GET /revival/loadout -> 200
#17585 GET /revival/loadout -> 200
#17586 GET /revival/loadout -> 200
#17587 GET /revival/loadout -> 200
#17588 GET /revival/loadout -> 200
#17589 GET /revival/loadout -> 200
#17590 GET /revival/loadout -> 200
#17591 GET /revival/loadout -> 200
#17592 GET /revival/loadout -> 200
#17593 GET /revival/loadout -> 200
#17594 GET /revival/loadout -> 200
#17595 GET /revival/loadout -> 200
#17596 GET /revival/loadout -> 200
#17597 GET /revival/loadout -> 200
#17598 GET /revival/loadout -> 200
#17599 GET /revival/loadout -> 200
#17600 GET /revival/loadout -> 200
#17601 GET /revival/loadout -> 200
#17602 GET /revival/loadout -> 200
#17603 GET /revival/loadout -> 200
#17604 GET /revival/loadout -> 200
#17605 GET /revival/loadout -> 200
#17606 GET /revival/loadout -> 200
#17607 GET /revival/loadout -> 200
#17608 GET /revival/loadout -> 200
#17609 GET /revival/loadout -> 200
#17610 GET /revival/loadout -> 200
#17611 GET /revival/loadout -> 200
#17612 GET /revival/loadout -> 200
#17613 GET /revival/loadout -> 200
#17614 GET /revival/loadout -> 200
#17615 GET /revival/loadout -> 200
#17616 GET /configuration/client -> 200
#17617 GET /revival/loadout -> 200
#17618 GET /revival/loadout -> 200
#17619 GET /content-service/manifest/release2.4.live-156430-shipping -> 200
#17620 GET /revival/loadout -> 200
#17621 GET /revival/loadout -> 200
#17622 GET /revival/loadout -> 200
#17623 GET /revival/loadout -> 200
#17624 GET /revival/loadout -> 200
#17625 GET /revival/loadout -> 200
#17626 GET /revival/loadout -> 200
#17627 GET /revival/loadout -> 200
#17628 GET /revival/loadout -> 200
#17629 GET /revival/loadout -> 200
#17630 GET /revival/loadout -> 200
#17631 GET /revival/loadout -> 200
#17632 GET /revival/loadout -> 200
#17633 GET /revival/loadout -> 200
#17634 GET /revival/loadout -> 200
#17635 GET /revival/loadout -> 200
#17636 GET /revival/loadout -> 200
#17637 GET /revival/loadout -> 200
#17638 GET /revival/loadout -> 200
#17639 GET /revival/loadout -> 200
#17640 GET /revival/loadout -> 200
#17641 GET /revival/loadout -> 200
#17642 GET /revival/loadout -> 200
#17643 GET /revival/loadout -> 200
#17644 GET /revival/loadout -> 200
#17645 GET /revival/loadout -> 200
#17646 GET /revival/loadout -> 200
#17647 GET /revival/loadout -> 200
#17648 GET /revival/loadout -> 200
#17649 GET /revival/loadout -> 200
#17650 GET /revival/loadout -> 200
#17651 GET /revival/loadout -> 200
#17652 GET /revival/loadout -> 200
#17653 GET /revival/loadout -> 200
#17654 GET /revival/loadout -> 200
#17655 GET /revival/loadout -> 200
#17656 GET /revival/loadout -> 200
#17657 GET /revival/loadout -> 200
#17658 GET /revival/loadout -> 200
#17659 GET /revival/loadout -> 200
#17660 GET /revival/loadout -> 200
#17661 GET /revival/loadout -> 200
#17662 GET /revival/loadout -> 200
#17663 GET /revival/loadout -> 200
#17664 GET /revival/loadout -> 200
#17665 GET /revival/loadout -> 200
#17666 GET /revival/loadout -> 200
#17667 GET /revival/loadout -> 200
#17668 GET /revival/loadout -> 200
#17669 GET /revival/loadout -> 200
#17670 GET /revival/loadout -> 200
#17671 GET /revival/loadout -> 200
#17672 GET /revival/loadout -> 200
#17673 GET /revival/loadout -> 200
#17674 GET /revival/loadout -> 200
#17675 GET /revival/loadout -> 200
#17676 GET /revival/loadout -> 200
#17677 GET /revival/loadout -> 200
#17678 GET /revival/loadout -> 200
#17679 GET /revival/loadout -> 200
#17680 GET /revival/loadout -> 200
#17681 POST /game-telemetry/v1/protected/events -> 200
#17682 GET /revival/loadout -> 200
#17683 GET /revival/loadout -> 200
#17684 POST /party/parties/party-9b9d2c887e2524f918e383a895f2f1c2/members/9b9d2c887e2524f918e383a895f2f1c2/latencies -> 200
#17685 GET /revival/loadout -> 200
#17686 GET /revival/loadout -> 200
#17687 GET /revival/loadout -> 200
#17688 GET /revival/loadout -> 200
#17689 GET /revival/loadout -> 200
#17690 GET /revival/loadout -> 200
#17691 GET /revival/loadout -> 200
#17692 GET /revival/loadout -> 200
#17693 GET /revival/loadout -> 200
#17694 GET /revival/loadout -> 200
#17695 GET /revival/loadout -> 200
#17696 GET /party/matchmaking/info -> 200
#17697 GET /party/players/9b9d2c887e2524f918e383a895f2f1c2/voice -> 200
#17698 GET /revival/loadout -> 200
#17699 GET /revival/loadout -> 200
#17700 GET /revival/loadout -> 200
#17701 GET /revival/loadout -> 200
#17702 GET /revival/loadout -> 200
#17703 GET /revival/loadout -> 200
#17704 GET /revival/loadout -> 200
#17705 GET /revival/loadout -> 200
#17706 GET /revival/loadout -> 200

* 19:31:07.860  WS <- /lobby TEXT ""
#17707 GET /revival/loadout -> 200
#17708 GET /revival/loadout -> 200
#17709 GET /revival/loadout -> 200
#17710 GET /revival/loadout -> 200
#17711 GET /revival/loadout -> 200
#17712 GET /revival/loadout -> 200
#17713 GET /revival/loadout -> 200
#17714 GET /revival/loadout -> 200
#17715 GET /revival/loadout -> 200
#17716 GET /revival/loadout -> 200
#17717 GET /revival/loadout -> 200
#17718 GET /revival/loadout -> 200
#17719 GET /revival/loadout -> 200
#17720 GET /revival/loadout -> 200
#17721 GET /revival/loadout -> 200
#17722 GET /revival/loadout -> 200
#17723 GET /revival/loadout -> 200
#17724 GET /revival/loadout -> 200

* 19:31:11.325  WS <- /notifications/players/9b9d2c887e2524f918e383a895f2f1c2 BINARY (2 bytes) 6862

* 19:31:11.351  WS -> /notifications/players/9b9d2c887e2524f918e383a895f2f1c2 TEXT hb reply {"Resource":"hb","Version":0,"Payload":""}
#17725 GET /revival/loadout -> 200
#17726 GET /revival/loadout -> 200
#17727 GET /revival/loadout -> 200
#17728 GET /revival/loadout -> 200
#17729 GET /revival/loadout -> 200
#17730 GET /revival/loadout -> 200
#17731 GET /revival/loadout -> 200
#17732 GET /revival/loadout -> 200
#17733 GET /revival/loadout -> 200
#17734 GET /revival/loadout -> 200
#17735 GET /revival/loadout -> 200
#17736 GET /revival/loadout -> 200
#17737 GET /revival/loadout -> 200
#17738 GET /revival/loadout -> 200
#17739 GET /revival/loadout -> 200
#17740 GET /revival/loadout -> 200
#17741 GET /revival/loadout -> 200
#17742 GET /revival/loadout -> 200
#17743 GET /revival/loadout -> 200
#17744 GET /revival/loadout -> 200
#17745 GET /revival/loadout -> 200
#17746 GET /revival/loadout -> 200
#17747 GET /revival/loadout -> 200
#17748 GET /revival/loadout -> 200
#17749 GET /revival/loadout -> 200
#17750 GET /revival/loadout -> 200
#17751 GET /revival/loadout -> 200
#17752 GET /revival/loadout -> 200
#17753 GET /revival/loadout -> 200
#17754 GET /revival/loadout -> 200
#17755 GET /revival/loadout -> 200
#17756 GET /revival/loadout -> 200
#17757 GET /revival/loadout -> 200
#17758 GET /revival/loadout -> 200
#17759 GET /revival/loadout -> 200
#17760 GET /revival/loadout -> 200
#17761 GET /revival/loadout -> 200
#17762 GET /revival/loadout -> 200
#17763 GET /revival/loadout -> 200
#17764 GET /revival/loadout -> 200
#17765 GET /revival/loadout -> 200
#17766 GET /revival/loadout -> 200
#17767 GET /revival/loadout -> 200
#17768 GET /revival/loadout -> 200
#17769 GET /revival/loadout -> 200
#17770 GET /revival/loadout -> 200
#17771 GET /revival/loadout -> 200
#17772 GET /revival/loadout -> 200
#17773 GET /revival/loadout -> 200
#17774 GET /revival/loadout -> 200
#17775 GET /revival/loadout -> 200
#17776 GET /revival/loadout -> 200
#17777 GET /revival/loadout -> 200
#17778 GET /revival/loadout -> 200
#17779 GET /revival/loadout -> 200
#17780 GET /revival/loadout -> 200
#17781 GET /revival/loadout -> 200
#17782 GET /revival/loadout -> 200
#17783 GET /revival/loadout -> 200
#17784 GET /revival/loadout -> 200
#17785 GET /revival/loadout -> 200
#17786 GET /revival/loadout -> 200
#17787 GET /revival/loadout -> 200
#17788 GET /configuration/client -> 200
#17789 GET /revival/loadout -> 200
#17790 GET /content-service/manifest/release2.4.live-156430-shipping -> 200
#17791 GET /revival/loadout -> 200
#17792 GET /revival/loadout -> 200
#17793 GET /revival/loadout -> 200
#17794 GET /revival/loadout -> 200
#17795 GET /revival/loadout -> 200
#17796 GET /revival/loadout -> 200
#17797 GET /revival/loadout -> 200
#17798 GET /revival/loadout -> 200
#17799 GET /revival/loadout -> 200
#17800 GET /revival/loadout -> 200
#17801 GET /revival/loadout -> 200
#17802 GET /revival/loadout -> 200
#17803 GET /revival/loadout -> 200
#17804 GET /revival/loadout -> 200
#17805 GET /revival/loadout -> 200
#17806 GET /revival/loadout -> 200
#17807 GET /revival/loadout -> 200
#17808 GET /revival/loadout -> 200
#17809 GET /revival/loadout -> 200
#17810 GET /revival/loadout -> 200
#17811 GET /revival/loadout -> 200
#17812 GET /revival/loadout -> 200
#17813 GET /revival/loadout -> 200
#17814 GET /revival/loadout -> 200
#17815 GET /revival/loadout -> 200
#17816 GET /revival/loadout -> 200
#17817 GET /revival/loadout -> 200
#17818 GET /revival/loadout -> 200
#17819 GET /revival/loadout -> 200
#17820 GET /revival/loadout -> 200
#17821 GET /revival/loadout -> 200
#17822 GET /revival/loadout -> 200
#17823 GET /revival/loadout -> 200
#17824 GET /revival/loadout -> 200
#17825 GET /revival/loadout -> 200
#17826 GET /revival/loadout -> 200
#17827 GET /revival/loadout -> 200
#17828 GET /revival/loadout -> 200
#17829 GET /revival/loadout -> 200
#17830 GET /revival/loadout -> 200
#17831 GET /revival/loadout -> 200
#17832 GET /revival/loadout -> 200
#17833 GET /revival/loadout -> 200
#17834 GET /revival/loadout -> 200
#17835 GET /revival/loadout -> 200
#17836 GET /revival/loadout -> 200
#17837 GET /revival/loadout -> 200
#17838 GET /revival/loadout -> 200
#17839 GET /revival/loadout -> 200
#17840 GET /revival/loadout -> 200
#17841 GET /revival/loadout -> 200
#17842 GET /revival/loadout -> 200
#17843 GET /revival/loadout -> 200
#17844 GET /revival/loadout -> 200
#17845 GET /revival/loadout -> 200
#17846 GET /revival/loadout -> 200
#17847 GET /revival/loadout -> 200
#17848 GET /revival/loadout -> 200
#17849 GET /revival/loadout -> 200
#17850 GET /revival/loadout -> 200
#17851 GET /revival/loadout -> 200
#17852 GET /revival/loadout -> 200
#17853 GET /revival/loadout -> 200
#17854 GET /revival/loadout -> 200
#17855 POST /party/parties/party-9b9d2c887e2524f918e383a895f2f1c2/members/9b9d2c887e2524f918e383a895f2f1c2/latencies -> 200
#17856 GET /revival/loadout -> 200
#17857 GET /revival/loadout -> 200
#17858 GET /revival/loadout -> 200
#17859 GET /revival/loadout -> 200
#17860 GET /revival/loadout -> 200
#17861 GET /revival/loadout -> 200
#17862 GET /revival/loadout -> 200
#17863 GET /revival/loadout -> 200
#17864 GET /revival/loadout -> 200
#17865 GET /revival/loadout -> 200
#17866 GET /party/matchmaking/info -> 200
#17867 GET /core-game/regions -> 200
#17868 GET /revival/loadout -> 200
#17869 GET /revival/loadout -> 200
#17870 GET /party/players/9b9d2c887e2524f918e383a895f2f1c2/voice -> 200
#17871 GET /revival/loadout -> 200
#17872 GET /revival/loadout -> 200
#17873 GET /revival/loadout -> 200
#17874 GET /revival/loadout -> 200
#17875 GET /revival/loadout -> 200
#17876 GET /revival/loadout -> 200

* 19:31:37.861  WS <- /lobby TEXT ""
#17877 GET /revival/loadout -> 200
#17878 GET /revival/loadout -> 200
#17879 GET /revival/loadout -> 200
#17880 GET /revival/loadout -> 200
#17881 GET /revival/loadout -> 200
#17882 GET /revival/loadout -> 200
#17883 GET /revival/loadout -> 200
#17884 GET /revival/loadout -> 200
#17885 GET /revival/loadout -> 200
#17886 GET /revival/loadout -> 200
#17887 GET /revival/loadout -> 200
#17888 GET /revival/loadout -> 200
#17889 GET /revival/loadout -> 200
#17890 GET /revival/loadout -> 200
#17891 GET /revival/loadout -> 200
#17892 GET /revival/loadout -> 200
#17893 GET /revival/loadout -> 200
#17894 GET /revival/loadout -> 200
#17895 GET /revival/loadout -> 200
#17896 GET /revival/loadout -> 200

* 19:31:41.417  WS -> /notifications/players/9b9d2c887e2524f918e383a895f2f1c2 BINARY hb (proactive 30s keepalive)
#17897 GET /revival/loadout -> 200
#17898 GET /revival/loadout -> 200
#17899 GET /revival/loadout -> 200
#17900 GET /revival/loadout -> 200
#17901 GET /revival/loadout -> 200
#17902 GET /revival/loadout -> 200
#17903 GET /revival/loadout -> 200
#17904 GET /revival/loadout -> 200
#17905 GET /revival/loadout -> 200
#17906 GET /revival/loadout -> 200
#17907 GET /revival/loadout -> 200
#17908 GET /revival/loadout -> 200
#17909 GET /revival/loadout -> 200
#17910 GET /revival/loadout -> 200
#17911 GET /revival/loadout -> 200
#17912 GET /revival/loadout -> 200
#17913 GET /revival/loadout -> 200
#17914 GET /revival/loadout -> 200
#17915 GET /revival/loadout -> 200
#17916 GET /revival/loadout -> 200
#17917 GET /revival/loadout -> 200
#17918 GET /revival/loadout -> 200
#17919 GET /revival/loadout -> 200
#17920 GET /revival/loadout -> 200
#17921 GET /revival/loadout -> 200
#17922 GET /revival/loadout -> 200
#17923 GET /revival/loadout -> 200
#17924 GET /revival/loadout -> 200
#17925 GET /revival/loadout -> 200
#17926 GET /revival/loadout -> 200
#17927 GET /revival/loadout -> 200
#17928 GET /revival/loadout -> 200
#17929 GET /revival/loadout -> 200
#17930 GET /revival/loadout -> 200
#17931 GET /revival/loadout -> 200
#17932 GET /revival/loadout -> 200
#17933 GET /revival/loadout -> 200
#17934 GET /revival/loadout -> 200
#17935 GET /revival/loadout -> 200
#17936 GET /revival/loadout -> 200
#17937 GET /revival/loadout -> 200
#17938 GET /revival/loadout -> 200
#17939 GET /revival/loadout -> 200
#17940 GET /revival/loadout -> 200
#17941 GET /revival/loadout -> 200
#17942 GET /revival/loadout -> 200
#17943 GET /revival/loadout -> 200
#17944 GET /revival/loadout -> 200
#17945 GET /revival/loadout -> 200
#17946 GET /revival/loadout -> 200
#17947 GET /revival/loadout -> 200
#17948 GET /revival/loadout -> 200
#17949 GET /revival/loadout -> 200
#17950 GET /revival/loadout -> 200
#17951 GET /revival/loadout -> 200
#17952 GET /revival/loadout -> 200
#17953 GET /revival/loadout -> 200
#17954 GET /revival/loadout -> 200
#17955 GET /revival/loadout -> 200
#17956 GET /revival/loadout -> 200
#17957 GET /revival/loadout -> 200
#17958 GET /revival/loadout -> 200
#17959 GET /configuration/client -> 200
#17960 GET /revival/loadout -> 200
#17961 GET /content-service/manifest/release2.4.live-156430-shipping -> 200
#17962 GET /revival/loadout -> 200
#17963 GET /revival/loadout -> 200
#17964 GET /revival/loadout -> 200
#17965 GET /revival/loadout -> 200
#17966 GET /revival/loadout -> 200
#17967 GET /revival/loadout -> 200
#17968 GET /revival/loadout -> 200
#17969 GET /revival/loadout -> 200
#17970 GET /revival/loadout -> 200
#17971 GET /revival/loadout -> 200
#17972 GET /revival/loadout -> 200
#17973 GET /revival/loadout -> 200
#17974 GET /revival/loadout -> 200
#17975 GET /revival/loadout -> 200
#17976 GET /revival/loadout -> 200
#17977 GET /revival/loadout -> 200
#17978 GET /revival/loadout -> 200
#17979 GET /revival/loadout -> 200
#17980 GET /revival/loadout -> 200
#17981 GET /revival/loadout -> 200
#17982 GET /revival/loadout -> 200
#17983 GET /revival/loadout -> 200
#17984 GET /revival/loadout -> 200
#17985 GET /revival/loadout -> 200
#17986 GET /revival/loadout -> 200
#17987 GET /revival/loadout -> 200
#17988 GET /revival/loadout -> 200
#17989 GET /revival/loadout -> 200
#17990 GET /revival/loadout -> 200
#17991 GET /revival/loadout -> 200
#17992 GET /revival/loadout -> 200
#17993 GET /revival/loadout -> 200
#17994 GET /revival/loadout -> 200
#17995 GET /revival/loadout -> 200
#17996 GET /revival/loadout -> 200
#17997 GET /revival/loadout -> 200
#17998 GET /revival/loadout -> 200
#17999 GET /revival/loadout -> 200
#18000 GET /revival/loadout -> 200
#18001 GET /revival/loadout -> 200
#18002 GET /revival/loadout -> 200
#18003 GET /revival/loadout -> 200
#18004 GET /revival/loadout -> 200
#18005 GET /revival/loadout -> 200
#18006 GET /revival/loadout -> 200
#18007 GET /revival/loadout -> 200
#18008 GET /revival/loadout -> 200
#18009 GET /revival/loadout -> 200
#18010 GET /revival/loadout -> 200
#18011 GET /revival/loadout -> 200
#18012 GET /revival/loadout -> 200
#18013 GET /revival/loadout -> 200
#18014 GET /revival/loadout -> 200
#18015 GET /revival/loadout -> 200
#18016 GET /revival/loadout -> 200
#18017 GET /revival/loadout -> 200
#18018 GET /revival/loadout -> 200
#18019 GET /revival/loadout -> 200
#18020 GET /revival/loadout -> 200
#18021 GET /revival/loadout -> 200
#18022 GET /revival/loadout -> 200
#18023 POST /game-telemetry/v1/protected/events -> 200
#18024 GET /revival/loadout -> 200
#18025 GET /revival/loadout -> 200
#18026 GET /revival/loadout -> 200
#18027 GET /revival/loadout -> 200
#18028 POST /party/parties/party-9b9d2c887e2524f918e383a895f2f1c2/members/9b9d2c887e2524f918e383a895f2f1c2/latencies -> 200
#18029 GET /revival/loadout -> 200
#18030 GET /revival/loadout -> 200
#18031 GET /revival/loadout -> 200
#18032 GET /revival/loadout -> 200
#18033 GET /revival/loadout -> 200
#18034 GET /revival/loadout -> 200
#18035 GET /revival/loadout -> 200
#18036 GET /revival/loadout -> 200
#18037 GET /revival/loadout -> 200
#18038 GET /mailbox/config/version -> 200

* 19:32:06.327  WS <- /notifications/players/9b9d2c887e2524f918e383a895f2f1c2 BINARY (2 bytes) 6862
#18039 GET /party/matchmaking/info -> 200

* 19:32:06.413  WS -> /notifications/players/9b9d2c887e2524f918e383a895f2f1c2 TEXT hb reply {"Resource":"hb","Version":0,"Payload":""}
#18040 GET /revival/loadout -> 200
#18041 GET /revival/loadout -> 200
#18042 GET /revival/loadout -> 200
#18043 GET /revival/loadout -> 200
#18044 GET /party/players/9b9d2c887e2524f918e383a895f2f1c2/voice -> 200
#18045 GET /revival/loadout -> 200
#18046 GET /revival/loadout -> 200
#18047 GET /revival/loadout -> 200
#18048 GET /revival/loadout -> 200

* 19:32:07.845  WS <- /lobby TEXT ""
#18049 GET /revival/loadout -> 200
#18050 GET /revival/loadout -> 200
#18051 GET /revival/loadout -> 200
#18052 GET /revival/loadout -> 200
#18053 GET /revival/loadout -> 200
#18054 GET /revival/loadout -> 200
#18055 GET /revival/loadout -> 200
#18056 GET /revival/loadout -> 200
#18057 GET /revival/loadout -> 200
#18058 GET /revival/loadout -> 200
#18059 GET /revival/loadout -> 200
#18060 GET /revival/loadout -> 200
#18061 GET /revival/loadout -> 200
#18062 GET /revival/loadout -> 200
#18063 GET /revival/loadout -> 200
#18064 GET /revival/loadout -> 200
#18065 GET /revival/loadout -> 200
#18066 GET /revival/loadout -> 200
#18067 GET /revival/loadout -> 200
#18068 GET /revival/loadout -> 200
#18069 GET /revival/loadout -> 200
#18070 GET /revival/loadout -> 200
#18071 GET /revival/loadout -> 200
#18072 GET /revival/loadout -> 200
#18073 GET /revival/loadout -> 200
#18074 GET /revival/loadout -> 200
#18075 GET /revival/loadout -> 200
#18076 GET /revival/loadout -> 200
#18077 GET /revival/loadout -> 200
#18078 GET /revival/loadout -> 200
#18079 GET /revival/loadout -> 200
#18080 GET /revival/loadout -> 200
#18081 GET /revival/loadout -> 200
#18082 GET /revival/loadout -> 200
#18083 GET /revival/loadout -> 200
#18084 GET /revival/loadout -> 200
#18085 GET /revival/loadout -> 200
#18086 GET /revival/loadout -> 200
#18087 GET /revival/loadout -> 200
#18088 GET /revival/loadout -> 200
#18089 GET /revival/loadout -> 200
#18090 GET /revival/loadout -> 200
#18091 GET /revival/loadout -> 200
#18092 GET /revival/loadout -> 200
#18093 GET /revival/loadout -> 200
#18094 GET /revival/loadout -> 200
#18095 GET /revival/loadout -> 200
#18096 GET /revival/loadout -> 200
#18097 GET /revival/loadout -> 200
#18098 GET /revival/loadout -> 200
#18099 GET /revival/loadout -> 200
#18100 GET /revival/loadout -> 200
#18101 GET /revival/loadout -> 200
#18102 GET /revival/loadout -> 200
#18103 GET /revival/loadout -> 200
#18104 GET /revival/loadout -> 200
#18105 GET /revival/loadout -> 200
#18106 GET /revival/loadout -> 200
#18107 GET /revival/loadout -> 200
#18108 GET /revival/loadout -> 200
#18109 GET /revival/loadout -> 200
#18110 GET /revival/loadout -> 200
#18111 GET /revival/loadout -> 200
#18112 GET /revival/loadout -> 200
#18113 GET /revival/loadout -> 200
#18114 GET /revival/loadout -> 200
#18115 GET /revival/loadout -> 200
#18116 GET /revival/loadout -> 200
#18117 GET /revival/loadout -> 200
#18118 GET /revival/loadout -> 200
#18119 GET /revival/loadout -> 200
#18120 GET /revival/loadout -> 200
#18121 GET /revival/loadout -> 200
#18122 GET /revival/loadout -> 200
#18123 GET /revival/loadout -> 200
#18124 GET /revival/loadout -> 200
#18125 GET /revival/loadout -> 200
#18126 GET /revival/loadout -> 200
#18127 GET /revival/loadout -> 200
#18128 GET /revival/loadout -> 200
#18129 GET /revival/loadout -> 200
#18130 GET /configuration/client -> 200
#18131 GET /revival/loadout -> 200
#18132 GET /revival/loadout -> 200
#18133 GET /content-service/manifest/release2.4.live-156430-shipping -> 200
#18134 GET /revival/loadout -> 200
#18135 GET /revival/loadout -> 200
#18136 GET /revival/loadout -> 200
#18137 GET /revival/loadout -> 200
#18138 GET /revival/loadout -> 200
#18139 GET /revival/loadout -> 200
#18140 GET /revival/loadout -> 200
#18141 GET /revival/loadout -> 200
#18142 GET /revival/loadout -> 200
#18143 GET /revival/loadout -> 200
#18144 GET /revival/loadout -> 200
#18145 GET /revival/loadout -> 200
#18146 GET /revival/loadout -> 200
#18147 GET /revival/loadout -> 200
#18148 GET /revival/loadout -> 200
#18149 GET /revival/loadout -> 200
#18150 GET /revival/loadout -> 200
#18151 GET /revival/loadout -> 200
#18152 GET /revival/loadout -> 200
#18153 GET /revival/loadout -> 200
#18154 GET /revival/loadout -> 200
#18155 GET /revival/loadout -> 200
#18156 GET /revival/loadout -> 200
#18157 GET /revival/loadout -> 200
#18158 GET /revival/loadout -> 200
#18159 GET /revival/loadout -> 200
#18160 GET /revival/loadout -> 200
#18161 GET /revival/loadout -> 200
#18162 GET /revival/loadout -> 200
#18163 GET /revival/loadout -> 200
#18164 GET /revival/loadout -> 200
#18165 GET /revival/loadout -> 200
#18166 GET /revival/loadout -> 200
#18167 GET /revival/loadout -> 200
#18168 GET /revival/loadout -> 200
#18169 GET /revival/loadout -> 200
#18170 GET /revival/loadout -> 200
#18171 GET /revival/loadout -> 200
#18172 GET /revival/loadout -> 200
#18173 GET /revival/loadout -> 200
#18174 GET /revival/loadout -> 200
#18175 GET /revival/loadout -> 200
#18176 GET /revival/loadout -> 200
#18177 GET /revival/loadout -> 200
#18178 GET /revival/loadout -> 200
#18179 GET /revival/loadout -> 200
#18180 GET /revival/loadout -> 200
#18181 GET /revival/loadout -> 200
#18182 GET /revival/loadout -> 200
#18183 GET /revival/loadout -> 200
#18184 GET /revival/loadout -> 200
#18185 GET /revival/loadout -> 200
#18186 GET /revival/loadout -> 200
#18187 GET /revival/loadout -> 200
#18188 GET /revival/loadout -> 200
#18189 GET /revival/loadout -> 200
#18190 GET /revival/loadout -> 200
#18191 GET /revival/loadout -> 200
#18192 GET /revival/loadout -> 200
#18193 GET /revival/loadout -> 200
#18194 GET /revival/loadout -> 200
#18195 GET /revival/loadout -> 200
#18196 GET /revival/loadout -> 200
#18197 GET /revival/loadout -> 200
#18198 GET /revival/loadout -> 200
#18199 GET /revival/loadout -> 200
#18200 GET /revival/loadout -> 200
#18201 POST /party/parties/party-9b9d2c887e2524f918e383a895f2f1c2/members/9b9d2c887e2524f918e383a895f2f1c2/latencies -> 200
#18202 GET /revival/loadout -> 200
#18203 GET /revival/loadout -> 200
#18204 GET /revival/loadout -> 200
#18205 GET /revival/loadout -> 200
#18206 GET /revival/loadout -> 200
#18207 GET /revival/loadout -> 200
#18208 GET /revival/loadout -> 200
#18209 GET /revival/loadout -> 200
#18210 GET /revival/loadout -> 200
#18211 GET /party/matchmaking/info -> 200
#18213 GET /storefront/heroes -> 200
#18212 GET /core-game/regions -> 200

* 19:32:36.472  WS -> /notifications/players/9b9d2c887e2524f918e383a895f2f1c2 BINARY hb (proactive 30s keepalive)
#18214 GET /revival/loadout -> 200
#18215 GET /revival/loadout -> 200
#18216 GET /revival/loadout -> 200
#18217 GET /revival/loadout -> 200
#18218 GET /revival/loadout -> 200
#18219 GET /revival/loadout -> 200
#18220 GET /party/players/9b9d2c887e2524f918e383a895f2f1c2/voice -> 200
#18221 GET /revival/loadout -> 200
#18222 GET /revival/loadout -> 200

* 19:32:37.843  WS <- /lobby TEXT ""
#18223 GET /revival/loadout -> 200
#18224 GET /revival/loadout -> 200
#18225 GET /revival/loadout -> 200
#18226 GET /revival/loadout -> 200
#18227 GET /revival/loadout -> 200
#18228 GET /revival/loadout -> 200
#18229 GET /revival/loadout -> 200
#18230 GET /revival/loadout -> 200
#18231 GET /revival/loadout -> 200
#18232 GET /revival/loadout -> 200
#18233 GET /revival/loadout -> 200
#18234 GET /revival/loadout -> 200
#18235 GET /revival/loadout -> 200
#18236 GET /revival/loadout -> 200
#18237 GET /revival/loadout -> 200
#18238 GET /revival/loadout -> 200
#18239 GET /revival/loadout -> 200
#18240 GET /revival/loadout -> 200
#18241 GET /revival/loadout -> 200
#18242 GET /revival/loadout -> 200
#18243 GET /revival/loadout -> 200
#18244 GET /revival/loadout -> 200
#18245 GET /revival/loadout -> 200
#18246 GET /revival/loadout -> 200
#18247 GET /revival/loadout -> 200
#18248 GET /revival/loadout -> 200
#18249 GET /revival/loadout -> 200
#18250 GET /revival/loadout -> 200
#18251 GET /revival/loadout -> 200
#18252 GET /revival/loadout -> 200
#18253 GET /revival/loadout -> 200
#18254 GET /revival/loadout -> 200
#18255 GET /revival/loadout -> 200
#18256 GET /revival/loadout -> 200
#18257 GET /revival/loadout -> 200
#18258 GET /revival/loadout -> 200
#18259 GET /revival/loadout -> 200
#18260 GET /revival/loadout -> 200
#18261 GET /revival/loadout -> 200
#18262 GET /revival/loadout -> 200
#18263 GET /revival/loadout -> 200
#18264 GET /revival/loadout -> 200
#18265 GET /revival/loadout -> 200
#18266 GET /revival/loadout -> 200
#18267 GET /revival/loadout -> 200
#18268 GET /revival/loadout -> 200
#18269 GET /revival/loadout -> 200
#18270 GET /revival/loadout -> 200
#18271 GET /revival/loadout -> 200
#18272 GET /revival/loadout -> 200
#18273 GET /revival/loadout -> 200
#18274 GET /revival/loadout -> 200
#18275 GET /revival/loadout -> 200
#18276 GET /revival/loadout -> 200
#18277 GET /revival/loadout -> 200
#18278 GET /revival/loadout -> 200
#18279 GET /revival/loadout -> 200
#18280 GET /revival/loadout -> 200
#18281 GET /revival/loadout -> 200
#18282 GET /revival/loadout -> 200
#18283 GET /revival/loadout -> 200
#18284 GET /revival/loadout -> 200
#18285 GET /revival/loadout -> 200
#18286 GET /revival/loadout -> 200
#18287 GET /revival/loadout -> 200
#18288 GET /revival/loadout -> 200
#18289 GET /revival/loadout -> 200
#18290 GET /revival/loadout -> 200
#18291 GET /revival/loadout -> 200
#18292 GET /revival/loadout -> 200
#18293 GET /revival/loadout -> 200
#18294 GET /revival/loadout -> 200
#18295 GET /revival/loadout -> 200
#18296 GET /revival/loadout -> 200
#18297 GET /revival/loadout -> 200
#18298 GET /revival/loadout -> 200
#18299 GET /revival/loadout -> 200
#18300 GET /revival/loadout -> 200
#18301 GET /revival/loadout -> 200
#18302 GET /revival/loadout -> 200
#18303 GET /revival/loadout -> 200
#18304 GET /configuration/client -> 200
#18305 GET /revival/loadout -> 200
#18306 GET /content-service/manifest/release2.4.live-156430-shipping -> 200
#18307 GET /revival/loadout -> 200
#18308 GET /revival/loadout -> 200
#18309 GET /revival/loadout -> 200
#18310 GET /revival/loadout -> 200
#18311 GET /revival/loadout -> 200
#18312 GET /revival/loadout -> 200
#18313 GET /revival/loadout -> 200
#18314 GET /revival/loadout -> 200
#18315 GET /revival/loadout -> 200
#18316 GET /revival/loadout -> 200
#18317 GET /revival/loadout -> 200
#18318 GET /revival/loadout -> 200
#18319 GET /revival/loadout -> 200
#18320 GET /revival/loadout -> 200
#18321 GET /revival/loadout -> 200
#18322 GET /revival/loadout -> 200
#18323 GET /revival/loadout -> 200
#18324 GET /revival/loadout -> 200
#18325 GET /revival/loadout -> 200
#18326 GET /revival/loadout -> 200
#18327 GET /revival/loadout -> 200
#18328 GET /revival/loadout -> 200
#18329 GET /revival/loadout -> 200
#18330 GET /revival/loadout -> 200
#18331 GET /revival/loadout -> 200
#18332 GET /revival/loadout -> 200
#18333 GET /revival/loadout -> 200
#18334 GET /revival/loadout -> 200
#18335 GET /revival/loadout -> 200
#18336 GET /revival/loadout -> 200
#18337 GET /revival/loadout -> 200
#18338 GET /revival/loadout -> 200
#18339 GET /revival/loadout -> 200
#18340 GET /revival/loadout -> 200
#18341 GET /revival/loadout -> 200
#18342 GET /revival/loadout -> 200
#18343 GET /revival/loadout -> 200
#18344 GET /revival/loadout -> 200
#18345 GET /revival/loadout -> 200
#18346 GET /revival/loadout -> 200
#18347 GET /revival/loadout -> 200
#18348 GET /revival/loadout -> 200
#18349 GET /revival/loadout -> 200
#18350 GET /revival/loadout -> 200
#18351 GET /revival/loadout -> 200
#18352 GET /revival/loadout -> 200
#18353 GET /revival/loadout -> 200
#18354 GET /revival/loadout -> 200

* 19:33:01.329  WS <- /notifications/players/9b9d2c887e2524f918e383a895f2f1c2 BINARY (2 bytes) 6862

* 19:33:01.351  WS -> /notifications/players/9b9d2c887e2524f918e383a895f2f1c2 TEXT hb reply {"Resource":"hb","Version":0,"Payload":""}
#18355 GET /revival/loadout -> 200
#18356 GET /revival/loadout -> 200
#18357 GET /revival/loadout -> 200
#18358 GET /revival/loadout -> 200
#18359 GET /revival/loadout -> 200
#18360 GET /revival/loadout -> 200
#18361 GET /revival/loadout -> 200
#18362 GET /revival/loadout -> 200
#18363 GET /revival/loadout -> 200
#18364 GET /revival/loadout -> 200
#18365 GET /revival/loadout -> 200
#18366 GET /revival/loadout -> 200
#18367 GET /revival/loadout -> 200
#18368 GET /revival/loadout -> 200
#18369 POST /game-telemetry/v1/protected/events -> 200
#18370 GET /revival/loadout -> 200
#18371 GET /revival/loadout -> 200
#18372 GET /revival/loadout -> 200
#18373 GET /revival/loadout -> 200
#18374 GET /revival/loadout -> 200
#18375 GET /revival/loadout -> 200
#18376 POST /party/parties/party-9b9d2c887e2524f918e383a895f2f1c2/members/9b9d2c887e2524f918e383a895f2f1c2/latencies -> 200
#18377 GET /revival/loadout -> 200
#18378 GET /revival/loadout -> 200
#18379 GET /revival/loadout -> 200
#18380 GET /revival/loadout -> 200
#18381 GET /revival/loadout -> 200
#18382 GET /revival/loadout -> 200
#18383 GET /revival/loadout -> 200
#18384 GET /party/matchmaking/info -> 200
#18385 GET /revival/loadout -> 200
#18386 GET /revival/loadout -> 200
#18387 GET /revival/loadout -> 200
#18388 GET /revival/loadout -> 200
#18389 GET /revival/loadout -> 200
#18390 GET /revival/loadout -> 200
#18391 GET /revival/loadout -> 200
#18392 GET /revival/loadout -> 200
#18393 GET /party/players/9b9d2c887e2524f918e383a895f2f1c2/voice -> 200
#18394 GET /revival/loadout -> 200

* 19:33:07.858  WS <- /lobby TEXT ""
#18395 GET /revival/loadout -> 200
#18396 GET /revival/loadout -> 200
#18397 GET /revival/loadout -> 200
#18398 GET /revival/loadout -> 200
#18399 GET /revival/loadout -> 200
#18400 GET /revival/loadout -> 200
#18401 GET /revival/loadout -> 200
#18402 GET /revival/loadout -> 200
#18403 GET /revival/loadout -> 200
#18404 GET /revival/loadout -> 200
#18405 GET /revival/loadout -> 200
#18406 GET /revival/loadout -> 200
#18407 GET /revival/loadout -> 200
#18408 GET /revival/loadout -> 200
#18409 GET /revival/loadout -> 200
#18410 GET /revival/loadout -> 200
#18411 GET /revival/loadout -> 200
#18412 GET /revival/loadout -> 200
#18413 GET /revival/loadout -> 200
#18414 GET /revival/loadout -> 200
#18415 GET /revival/loadout -> 200
#18416 GET /revival/loadout -> 200
#18417 GET /revival/loadout -> 200
#18418 GET /revival/loadout -> 200
#18419 GET /revival/loadout -> 200
#18420 GET /revival/loadout -> 200
#18421 GET /revival/loadout -> 200
#18422 GET /revival/loadout -> 200
#18423 GET /revival/loadout -> 200
#18424 GET /revival/loadout -> 200
#18425 GET /revival/loadout -> 200
#18426 GET /revival/loadout -> 200
#18427 GET /revival/loadout -> 200
#18428 GET /revival/loadout -> 200
#18429 GET /revival/loadout -> 200
#18430 GET /revival/loadout -> 200
#18431 GET /revival/loadout -> 200
#18432 GET /revival/loadout -> 200
#18433 GET /revival/loadout -> 200
#18434 GET /revival/loadout -> 200
#18435 GET /revival/loadout -> 200
#18436 GET /revival/loadout -> 200
#18437 GET /revival/loadout -> 200
#18438 GET /revival/loadout -> 200
#18439 GET /revival/loadout -> 200
#18440 GET /revival/loadout -> 200
#18441 GET /revival/loadout -> 200
#18442 GET /revival/loadout -> 200
#18443 GET /revival/loadout -> 200
#18444 GET /revival/loadout -> 200
#18445 GET /revival/loadout -> 200
#18446 GET /revival/loadout -> 200
#18447 GET /revival/loadout -> 200
#18448 GET /revival/loadout -> 200
#18449 GET /revival/loadout -> 200
#18450 GET /revival/loadout -> 200
#18451 GET /revival/loadout -> 200
#18452 GET /revival/loadout -> 200
#18453 GET /revival/loadout -> 200
#18454 GET /revival/loadout -> 200
#18455 GET /revival/loadout -> 200
#18456 GET /revival/loadout -> 200
#18457 GET /revival/loadout -> 200
#18458 GET /revival/loadout -> 200
#18459 GET /revival/loadout -> 200
#18460 GET /revival/loadout -> 200
#18461 GET /revival/loadout -> 200
#18462 GET /revival/loadout -> 200
#18463 GET /revival/loadout -> 200
#18464 GET /revival/loadout -> 200
#18465 GET /revival/loadout -> 200
#18466 GET /revival/loadout -> 200
#18467 GET /revival/loadout -> 200
#18468 GET /revival/loadout -> 200
#18469 GET /revival/loadout -> 200
#18470 GET /revival/loadout -> 200
#18471 GET /revival/loadout -> 200
#18472 GET /revival/loadout -> 200
#18473 GET /revival/loadout -> 200
#18474 GET /revival/loadout -> 200
#18475 GET /revival/loadout -> 200
#18476 GET /configuration/client -> 200
#18477 GET /revival/loadout -> 200
#18478 GET /revival/loadout -> 200
#18479 GET /content-service/manifest/release2.4.live-156430-shipping -> 200
#18480 GET /revival/loadout -> 200
#18481 GET /revival/loadout -> 200
#18482 GET /revival/loadout -> 200
#18483 GET /revival/loadout -> 200
#18484 GET /revival/loadout -> 200
#18485 GET /revival/loadout -> 200
#18486 GET /revival/loadout -> 200
#18487 GET /revival/loadout -> 200
#18488 GET /revival/loadout -> 200
#18489 GET /revival/loadout -> 200
#18490 GET /revival/loadout -> 200
#18491 GET /revival/loadout -> 200
#18492 GET /revival/loadout -> 200
#18493 GET /revival/loadout -> 200
#18494 GET /revival/loadout -> 200
#18495 GET /revival/loadout -> 200
#18496 GET /revival/loadout -> 200
#18497 GET /revival/loadout -> 200
#18498 GET /revival/loadout -> 200
#18499 GET /revival/loadout -> 200
#18500 GET /revival/loadout -> 200
#18501 GET /revival/loadout -> 200
#18502 GET /revival/loadout -> 200
#18503 GET /revival/loadout -> 200
#18504 GET /revival/loadout -> 200
#18505 GET /revival/loadout -> 200
#18506 GET /revival/loadout -> 200
#18507 GET /revival/loadout -> 200
#18508 GET /revival/loadout -> 200
#18509 GET /revival/loadout -> 200
#18510 GET /revival/loadout -> 200
#18511 GET /revival/loadout -> 200
#18512 GET /revival/loadout -> 200
#18513 GET /revival/loadout -> 200
#18514 GET /revival/loadout -> 200
#18515 GET /revival/loadout -> 200
#18516 GET /revival/loadout -> 200
#18517 GET /revival/loadout -> 200
#18518 GET /revival/loadout -> 200
#18519 GET /revival/loadout -> 200
#18520 GET /revival/loadout -> 200
#18521 GET /revival/loadout -> 200
#18522 GET /revival/loadout -> 200
#18523 GET /revival/loadout -> 200
#18524 GET /revival/loadout -> 200
#18525 GET /revival/loadout -> 200
#18526 GET /revival/loadout -> 200
#18527 GET /revival/loadout -> 200

* 19:33:31.401  WS -> /notifications/players/9b9d2c887e2524f918e383a895f2f1c2 BINARY hb (proactive 30s keepalive)
#18528 GET /revival/loadout -> 200
#18529 GET /revival/loadout -> 200
#18530 GET /revival/loadout -> 200
#18531 GET /revival/loadout -> 200
#18532 GET /revival/loadout -> 200
#18533 GET /revival/loadout -> 200
#18534 GET /revival/loadout -> 200
#18535 GET /revival/loadout -> 200
#18536 GET /revival/loadout -> 200
#18537 GET /revival/loadout -> 200
#18538 GET /revival/loadout -> 200
#18539 GET /revival/loadout -> 200
#18540 GET /revival/loadout -> 200
#18541 GET /revival/loadout -> 200
#18542 GET /revival/loadout -> 200
#18543 GET /revival/loadout -> 200
#18544 GET /revival/loadout -> 200
#18545 GET /revival/loadout -> 200
#18546 GET /revival/loadout -> 200
#18547 GET /revival/loadout -> 200
#18548 POST /party/parties/party-9b9d2c887e2524f918e383a895f2f1c2/members/9b9d2c887e2524f918e383a895f2f1c2/latencies -> 200
#18549 GET /revival/loadout -> 200
#18550 GET /revival/loadout -> 200
#18551 GET /revival/loadout -> 200
#18552 GET /revival/loadout -> 200
#18553 GET /revival/loadout -> 200
#18554 GET /revival/loadout -> 200
#18555 GET /revival/loadout -> 200
#18558 GET /core-game/regions -> 200
#18556 GET /mailbox/config/version -> 200
#18557 GET /party/matchmaking/info -> 200
#18559 GET /revival/loadout -> 200
#18560 GET /revival/loadout -> 200
#18561 GET /revival/loadout -> 200
#18562 GET /revival/loadout -> 200
#18563 GET /revival/loadout -> 200
#18564 GET /revival/loadout -> 200
#18565 GET /revival/loadout -> 200
#18566 GET /revival/loadout -> 200

* 19:33:37.865  WS <- /lobby TEXT ""
#18567 GET /revival/loadout -> 200
#18568 GET /revival/loadout -> 200
#18569 GET /party/players/9b9d2c887e2524f918e383a895f2f1c2/voice -> 200
#18570 GET /revival/loadout -> 200
#18571 GET /revival/loadout -> 200
#18572 GET /revival/loadout -> 200
#18573 GET /revival/loadout -> 200
#18574 GET /revival/loadout -> 200
#18575 GET /revival/loadout -> 200
#18576 GET /revival/loadout -> 200
#18577 GET /revival/loadout -> 200
#18578 GET /revival/loadout -> 200
#18579 GET /revival/loadout -> 200
#18580 GET /revival/loadout -> 200
#18581 GET /revival/loadout -> 200
#18582 GET /revival/loadout -> 200
#18583 GET /revival/loadout -> 200
#18584 GET /revival/loadout -> 200
#18585 GET /revival/loadout -> 200
#18586 GET /revival/loadout -> 200
#18587 GET /revival/loadout -> 200
#18588 GET /revival/loadout -> 200
#18589 GET /revival/loadout -> 200
#18590 GET /revival/loadout -> 200
#18591 GET /revival/loadout -> 200
#18592 GET /revival/loadout -> 200
#18593 GET /revival/loadout -> 200
#18594 GET /revival/loadout -> 200
#18595 GET /revival/loadout -> 200
#18596 GET /revival/loadout -> 200
#18597 GET /revival/loadout -> 200
#18598 GET /revival/loadout -> 200
#18599 GET /revival/loadout -> 200
#18600 GET /revival/loadout -> 200
#18601 GET /revival/loadout -> 200
#18602 GET /revival/loadout -> 200
#18603 GET /revival/loadout -> 200
#18604 GET /revival/loadout -> 200
#18605 GET /revival/loadout -> 200
#18606 GET /revival/loadout -> 200
#18607 GET /revival/loadout -> 200
#18608 GET /revival/loadout -> 200
#18609 GET /revival/loadout -> 200
#18610 GET /revival/loadout -> 200
#18611 GET /revival/loadout -> 200
#18612 GET /revival/loadout -> 200
#18613 GET /revival/loadout -> 200
#18614 GET /revival/loadout -> 200
#18615 GET /revival/loadout -> 200
#18616 GET /revival/loadout -> 200
#18617 GET /revival/loadout -> 200
#18618 GET /revival/loadout -> 200
#18619 GET /revival/loadout -> 200
#18620 GET /revival/loadout -> 200
#18621 GET /revival/loadout -> 200
#18622 GET /revival/loadout -> 200
#18623 GET /revival/loadout -> 200
#18624 GET /revival/loadout -> 200
#18625 GET /revival/loadout -> 200
#18626 GET /revival/loadout -> 200
#18627 GET /revival/loadout -> 200
#18628 GET /revival/loadout -> 200
#18629 GET /revival/loadout -> 200
#18630 GET /revival/loadout -> 200
#18631 GET /revival/loadout -> 200
#18632 GET /revival/loadout -> 200
#18633 GET /revival/loadout -> 200
#18634 GET /revival/loadout -> 200
#18635 GET /revival/loadout -> 200
#18636 GET /revival/loadout -> 200
#18637 GET /revival/loadout -> 200
#18638 GET /revival/loadout -> 200
#18639 GET /revival/loadout -> 200
#18640 GET /revival/loadout -> 200
#18641 GET /revival/loadout -> 200
#18642 GET /revival/loadout -> 200
#18643 GET /revival/loadout -> 200
#18644 GET /revival/loadout -> 200
#18645 GET /revival/loadout -> 200
#18646 GET /revival/loadout -> 200
#18647 GET /revival/loadout -> 200
#18648 GET /revival/loadout -> 200
#18649 GET /revival/loadout -> 200
#18650 GET /configuration/client -> 200
#18651 GET /revival/loadout -> 200
#18652 GET /content-service/manifest/release2.4.live-156430-shipping -> 200
#18653 GET /revival/loadout -> 200
#18654 GET /revival/loadout -> 200
#18655 GET /revival/loadout -> 200
#18656 GET /revival/loadout -> 200
#18657 GET /revival/loadout -> 200
#18658 GET /revival/loadout -> 200
#18659 GET /revival/loadout -> 200
#18660 GET /revival/loadout -> 200
#18661 GET /revival/loadout -> 200
#18662 GET /revival/loadout -> 200
#18663 GET /revival/loadout -> 200
#18664 GET /revival/loadout -> 200
#18665 GET /revival/loadout -> 200
#18666 GET /revival/loadout -> 200
#18667 GET /revival/loadout -> 200
#18668 GET /revival/loadout -> 200
#18669 GET /revival/loadout -> 200
#18670 GET /revival/loadout -> 200
#18671 GET /revival/loadout -> 200
#18672 GET /revival/loadout -> 200

* 19:33:56.332  WS <- /notifications/players/9b9d2c887e2524f918e383a895f2f1c2 BINARY (2 bytes) 6862

* 19:33:56.381  WS -> /notifications/players/9b9d2c887e2524f918e383a895f2f1c2 TEXT hb reply {"Resource":"hb","Version":0,"Payload":""}
#18673 GET /revival/loadout -> 200
#18674 GET /revival/loadout -> 200
#18675 GET /revival/loadout -> 200
#18676 GET /revival/loadout -> 200
#18677 GET /revival/loadout -> 200
#18678 GET /revival/loadout -> 200
#18679 GET /revival/loadout -> 200
#18680 GET /revival/loadout -> 200
#18681 GET /revival/loadout -> 200
#18682 GET /revival/loadout -> 200
#18683 GET /revival/loadout -> 200
#18684 GET /revival/loadout -> 200
#18685 GET /revival/loadout -> 200
#18686 GET /revival/loadout -> 200
#18687 GET /revival/loadout -> 200
#18688 GET /revival/loadout -> 200
#18689 GET /revival/loadout -> 200
#18690 GET /revival/loadout -> 200
#18691 GET /revival/loadout -> 200
#18692 GET /revival/loadout -> 200
#18693 GET /revival/loadout -> 200
#18694 GET /revival/loadout -> 200
#18695 GET /revival/loadout -> 200
#18696 GET /revival/loadout -> 200
#18697 GET /revival/loadout -> 200
#18698 GET /revival/loadout -> 200
#18699 GET /revival/loadout -> 200
#18700 GET /revival/loadout -> 200
#18701 GET /revival/loadout -> 200
#18702 GET /revival/loadout -> 200
#18703 GET /revival/loadout -> 200
#18704 GET /revival/loadout -> 200
#18705 GET /revival/loadout -> 200
#18706 GET /revival/loadout -> 200
#18707 GET /revival/loadout -> 200
#18708 GET /revival/loadout -> 200
#18709 GET /revival/loadout -> 200
#18710 GET /revival/loadout -> 200
#18711 GET /revival/loadout -> 200
#18712 GET /revival/loadout -> 200
#18713 GET /revival/loadout -> 200
#18714 GET /revival/loadout -> 200
#18715 POST /game-telemetry/v1/protected/events -> 200
#18716 GET /revival/loadout -> 200
#18717 GET /revival/loadout -> 200
#18718 GET /revival/loadout -> 200
#18719 GET /revival/loadout -> 200
#18720 GET /revival/loadout -> 200
#18721 GET /revival/loadout -> 200
#18722 GET /revival/loadout -> 200
#18723 POST /party/parties/party-9b9d2c887e2524f918e383a895f2f1c2/members/9b9d2c887e2524f918e383a895f2f1c2/latencies -> 200
#18724 GET /revival/loadout -> 200
#18725 GET /revival/loadout -> 200
#18726 GET /revival/loadout -> 200
#18727 GET /revival/loadout -> 200
#18728 GET /revival/loadout -> 200
#18729 GET /revival/loadout -> 200
#18730 GET /party/matchmaking/info -> 200
#18731 GET /revival/loadout -> 200
#18732 GET /revival/loadout -> 200
#18733 GET /revival/loadout -> 200
#18734 GET /revival/loadout -> 200
#18735 GET /revival/loadout -> 200
#18736 GET /revival/loadout -> 200
#18737 GET /revival/loadout -> 200
#18738 GET /revival/loadout -> 200
#18739 GET /revival/loadout -> 200

* 19:34:07.853  WS <- /lobby TEXT ""
#18740 GET /revival/loadout -> 200
#18741 GET /revival/loadout -> 200
#18742 GET /revival/loadout -> 200
#18743 GET /party/players/9b9d2c887e2524f918e383a895f2f1c2/voice -> 200
#18744 GET /revival/loadout -> 200
#18745 GET /revival/loadout -> 200
#18746 GET /revival/loadout -> 200
#18747 GET /revival/loadout -> 200
#18748 GET /revival/loadout -> 200
#18749 GET /revival/loadout -> 200
#18750 GET /revival/loadout -> 200
#18751 GET /revival/loadout -> 200
#18752 GET /revival/loadout -> 200
#18753 GET /revival/loadout -> 200
#18754 GET /revival/loadout -> 200
#18755 GET /revival/loadout -> 200
#18756 GET /revival/loadout -> 200
#18757 GET /revival/loadout -> 200
#18758 GET /revival/loadout -> 200
#18759 GET /revival/loadout -> 200
#18760 GET /revival/loadout -> 200
#18761 GET /revival/loadout -> 200
#18762 GET /revival/loadout -> 200
#18763 GET /revival/loadout -> 200
#18764 GET /revival/loadout -> 200
#18765 GET /revival/loadout -> 200
#18766 GET /revival/loadout -> 200
#18767 GET /revival/loadout -> 200
#18768 GET /revival/loadout -> 200
#18769 GET /revival/loadout -> 200
#18770 GET /revival/loadout -> 200
#18771 GET /revival/loadout -> 200
#18772 GET /revival/loadout -> 200
#18773 GET /revival/loadout -> 200
#18774 GET /revival/loadout -> 200
#18775 GET /revival/loadout -> 200
#18776 GET /revival/loadout -> 200
#18777 GET /revival/loadout -> 200
#18778 GET /revival/loadout -> 200
#18779 GET /revival/loadout -> 200
#18780 GET /revival/loadout -> 200
#18781 GET /revival/loadout -> 200
#18782 GET /revival/loadout -> 200
#18783 GET /revival/loadout -> 200
#18784 GET /revival/loadout -> 200
#18785 GET /revival/loadout -> 200
#18786 GET /revival/loadout -> 200
#18787 GET /revival/loadout -> 200
#18788 GET /revival/loadout -> 200
#18789 GET /revival/loadout -> 200
#18790 GET /revival/loadout -> 200
#18791 GET /revival/loadout -> 200
#18792 GET /revival/loadout -> 200
#18793 GET /revival/loadout -> 200
#18794 GET /revival/loadout -> 200
#18795 GET /revival/loadout -> 200
#18796 GET /revival/loadout -> 200
#18797 GET /revival/loadout -> 200
#18798 GET /revival/loadout -> 200
#18799 GET /revival/loadout -> 200
#18800 GET /revival/loadout -> 200
#18801 GET /revival/loadout -> 200
#18802 GET /revival/loadout -> 200
#18803 GET /revival/loadout -> 200
#18804 GET /revival/loadout -> 200
#18805 GET /revival/loadout -> 200
#18806 GET /revival/loadout -> 200
#18807 GET /revival/loadout -> 200
#18808 GET /revival/loadout -> 200
#18809 GET /revival/loadout -> 200
#18810 GET /revival/loadout -> 200
#18811 GET /revival/loadout -> 200
#18812 GET /revival/loadout -> 200
#18813 GET /revival/loadout -> 200
#18814 GET /revival/loadout -> 200
#18815 GET /revival/loadout -> 200
#18816 GET /revival/loadout -> 200
#18817 GET /revival/loadout -> 200
#18818 GET /revival/loadout -> 200
#18819 GET /revival/loadout -> 200
#18820 GET /revival/loadout -> 200
#18821 GET /revival/loadout -> 200
#18822 GET /revival/loadout -> 200
#18823 GET /configuration/client -> 200
#18824 GET /revival/loadout -> 200
#18825 GET /content-service/manifest/release2.4.live-156430-shipping -> 200
#18826 GET /revival/loadout -> 200
#18827 GET /revival/loadout -> 200
#18828 GET /revival/loadout -> 200
#18829 GET /revival/loadout -> 200
#18830 GET /revival/loadout -> 200
#18831 GET /revival/loadout -> 200
#18832 GET /revival/loadout -> 200
#18833 GET /revival/loadout -> 200
#18834 GET /revival/loadout -> 200
#18835 GET /revival/loadout -> 200
#18836 GET /revival/loadout -> 200
#18837 GET /revival/loadout -> 200
#18838 GET /revival/loadout -> 200
#18839 GET /revival/loadout -> 200
#18840 GET /revival/loadout -> 200
#18841 GET /revival/loadout -> 200
#18842 GET /revival/loadout -> 200
#18843 GET /revival/loadout -> 200
#18844 GET /revival/loadout -> 200
#18845 GET /revival/loadout -> 200

* 19:34:26.411  WS -> /notifications/players/9b9d2c887e2524f918e383a895f2f1c2 BINARY hb (proactive 30s keepalive)
#18846 GET /revival/loadout -> 200
#18847 GET /revival/loadout -> 200
#18848 GET /revival/loadout -> 200
#18849 GET /revival/loadout -> 200
#18850 GET /revival/loadout -> 200
#18851 GET /revival/loadout -> 200
#18852 GET /revival/loadout -> 200
#18853 GET /revival/loadout -> 200
#18854 GET /revival/loadout -> 200
#18855 GET /revival/loadout -> 200
#18856 GET /revival/loadout -> 200
#18857 GET /revival/loadout -> 200
#18858 GET /revival/loadout -> 200
#18859 GET /revival/loadout -> 200
#18860 GET /revival/loadout -> 200
#18861 GET /revival/loadout -> 200
#18862 GET /revival/loadout -> 200
#18863 GET /revival/loadout -> 200
#18864 GET /revival/loadout -> 200
#18865 GET /revival/loadout -> 200
#18866 GET /revival/loadout -> 200
#18867 GET /revival/loadout -> 200
#18868 GET /revival/loadout -> 200
#18869 GET /revival/loadout -> 200
#18870 GET /revival/loadout -> 200
#18871 GET /revival/loadout -> 200
#18872 GET /revival/loadout -> 200
#18873 GET /revival/loadout -> 200
#18874 GET /revival/loadout -> 200
#18875 GET /revival/loadout -> 200
#18876 GET /revival/loadout -> 200
#18877 GET /revival/loadout -> 200
#18878 GET /revival/loadout -> 200
#18879 GET /revival/loadout -> 200
#18880 GET /revival/loadout -> 200
#18881 GET /revival/loadout -> 200
#18882 GET /revival/loadout -> 200
#18883 GET /revival/loadout -> 200
#18884 GET /revival/loadout -> 200
#18885 GET /revival/loadout -> 200
#18886 GET /revival/loadout -> 200
#18887 GET /revival/loadout -> 200
#18888 GET /revival/loadout -> 200
#18889 GET /revival/loadout -> 200
#18890 GET /revival/loadout -> 200
#18891 GET /revival/loadout -> 200
#18892 GET /revival/loadout -> 200
#18893 GET /revival/loadout -> 200
#18894 GET /revival/loadout -> 200
#18895 GET /revival/loadout -> 200
#18896 POST /party/parties/party-9b9d2c887e2524f918e383a895f2f1c2/members/9b9d2c887e2524f918e383a895f2f1c2/latencies -> 200
#18897 GET /revival/loadout -> 200
#18898 GET /revival/loadout -> 200
#18899 GET /revival/loadout -> 200
#18900 GET /revival/loadout -> 200
#18901 GET /revival/loadout -> 200
#18902 GET /party/matchmaking/info -> 200
#18903 GET /core-game/regions -> 200
#18904 GET /revival/loadout -> 200
#18905 GET /revival/loadout -> 200
#18906 GET /revival/loadout -> 200
#18907 GET /revival/loadout -> 200
#18908 GET /revival/loadout -> 200
#18909 GET /revival/loadout -> 200
#18910 GET /revival/loadout -> 200
#18911 GET /revival/loadout -> 200

* 19:34:37.853  WS <- /lobby TEXT ""
#18912 GET /revival/loadout -> 200
#18913 GET /revival/loadout -> 200
#18914 GET /revival/loadout -> 200
#18915 GET /revival/loadout -> 200
#18916 GET /revival/loadout -> 200
#18917 GET /revival/loadout -> 200
#18918 GET /revival/loadout -> 200
#18919 GET /party/players/9b9d2c887e2524f918e383a895f2f1c2/voice -> 200
#18920 GET /revival/loadout -> 200
#18921 GET /revival/loadout -> 200
#18922 GET /revival/loadout -> 200
#18923 GET /revival/loadout -> 200
#18924 GET /revival/loadout -> 200
#18925 GET /revival/loadout -> 200
#18926 GET /revival/loadout -> 200
#18927 GET /revival/loadout -> 200
#18928 GET /revival/loadout -> 200
#18929 GET /revival/loadout -> 200
#18930 GET /revival/loadout -> 200
#18931 GET /revival/loadout -> 200
#18932 GET /revival/loadout -> 200
#18933 GET /revival/loadout -> 200
#18934 GET /revival/loadout -> 200
#18935 GET /revival/loadout -> 200
#18936 GET /revival/loadout -> 200
#18937 GET /revival/loadout -> 200
#18938 GET /revival/loadout -> 200
#18939 GET /revival/loadout -> 200
#18940 GET /revival/loadout -> 200
#18941 GET /revival/loadout -> 200
#18942 GET /revival/loadout -> 200
#18943 GET /revival/loadout -> 200
#18944 GET /revival/loadout -> 200
#18945 GET /revival/loadout -> 200
#18946 GET /revival/loadout -> 200
#18947 GET /revival/loadout -> 200
#18948 GET /revival/loadout -> 200
#18949 GET /revival/loadout -> 200
#18950 GET /revival/loadout -> 200
#18951 GET /revival/loadout -> 200
#18952 GET /revival/loadout -> 200
#18953 GET /revival/loadout -> 200
#18954 GET /revival/loadout -> 200
#18955 GET /revival/loadout -> 200
#18956 GET /revival/loadout -> 200
#18957 GET /revival/loadout -> 200
#18958 GET /revival/loadout -> 200
#18959 GET /revival/loadout -> 200
#18960 GET /revival/loadout -> 200
#18961 GET /revival/loadout -> 200
#18962 GET /revival/loadout -> 200
#18963 GET /revival/loadout -> 200
#18964 GET /revival/loadout -> 200
#18965 GET /revival/loadout -> 200
#18966 GET /revival/loadout -> 200
#18967 GET /revival/loadout -> 200
#18968 GET /revival/loadout -> 200
#18969 GET /revival/loadout -> 200
#18970 GET /revival/loadout -> 200
#18971 GET /revival/loadout -> 200
#18972 GET /revival/loadout -> 200
#18973 GET /revival/loadout -> 200
#18974 GET /revival/loadout -> 200
#18975 GET /revival/loadout -> 200
#18976 GET /revival/loadout -> 200
#18977 GET /revival/loadout -> 200
#18978 GET /revival/loadout -> 200
#18979 GET /revival/loadout -> 200
#18980 GET /revival/loadout -> 200
#18981 GET /revival/loadout -> 200
#18982 GET /revival/loadout -> 200
#18983 GET /revival/loadout -> 200
#18984 GET /revival/loadout -> 200
#18985 GET /revival/loadout -> 200
#18986 GET /revival/loadout -> 200
#18987 GET /revival/loadout -> 200
#18988 GET /revival/loadout -> 200

* 19:34:51.312  WS <- /notifications/players/9b9d2c887e2524f918e383a895f2f1c2 BINARY (2 bytes) 6862

* 19:34:51.334  WS -> /notifications/players/9b9d2c887e2524f918e383a895f2f1c2 TEXT hb reply {"Resource":"hb","Version":0,"Payload":""}
#18989 GET /revival/loadout -> 200
#18990 GET /revival/loadout -> 200
#18991 GET /revival/loadout -> 200
#18992 GET /revival/loadout -> 200
#18993 GET /revival/loadout -> 200
#18994 GET /revival/loadout -> 200
#18995 GET /revival/loadout -> 200
#18996 GET /revival/loadout -> 200
#18997 GET /configuration/client -> 200
#18998 GET /revival/loadout -> 200
#18999 GET /content-service/manifest/release2.4.live-156430-shipping -> 200
#19000 GET /revival/loadout -> 200
#19001 GET /revival/loadout -> 200
#19002 GET /revival/loadout -> 200
#19003 GET /revival/loadout -> 200
#19004 GET /revival/loadout -> 200
#19005 GET /revival/loadout -> 200
#19006 GET /revival/loadout -> 200
#19007 GET /revival/loadout -> 200
#19008 GET /revival/loadout -> 200
#19009 GET /revival/loadout -> 200
#19010 GET /revival/loadout -> 200
#19011 GET /revival/loadout -> 200
#19012 GET /revival/loadout -> 200
#19013 GET /revival/loadout -> 200
#19014 GET /revival/loadout -> 200
#19015 GET /revival/loadout -> 200
#19016 GET /revival/loadout -> 200
#19017 GET /revival/loadout -> 200
#19018 GET /revival/loadout -> 200
#19019 GET /revival/loadout -> 200
#19020 GET /revival/loadout -> 200
#19021 GET /revival/loadout -> 200
#19022 GET /revival/loadout -> 200
#19023 GET /revival/loadout -> 200
#19024 GET /revival/loadout -> 200
#19025 GET /revival/loadout -> 200
#19026 GET /revival/loadout -> 200
#19027 GET /revival/loadout -> 200
#19028 GET /revival/loadout -> 200
#19029 GET /revival/loadout -> 200
#19030 GET /revival/loadout -> 200
#19031 GET /revival/loadout -> 200
#19032 GET /revival/loadout -> 200
#19033 GET /revival/loadout -> 200
#19034 GET /revival/loadout -> 200
#19035 GET /revival/loadout -> 200
#19036 GET /revival/loadout -> 200
#19037 GET /revival/loadout -> 200
#19038 GET /revival/loadout -> 200
#19039 GET /revival/loadout -> 200
#19040 GET /revival/loadout -> 200
#19041 GET /revival/loadout -> 200
#19042 GET /revival/loadout -> 200
#19043 GET /revival/loadout -> 200
#19044 GET /revival/loadout -> 200
#19045 GET /revival/loadout -> 200
#19046 GET /revival/loadout -> 200
#19047 GET /revival/loadout -> 200
#19048 GET /revival/loadout -> 200
#19049 GET /revival/loadout -> 200
#19050 GET /revival/loadout -> 200
#19051 GET /revival/loadout -> 200
#19052 GET /revival/loadout -> 200
#19053 GET /revival/loadout -> 200
#19054 GET /revival/loadout -> 200
#19055 GET /revival/loadout -> 200
#19056 GET /revival/loadout -> 200
#19057 GET /revival/loadout -> 200
#19058 GET /revival/loadout -> 200
#19059 GET /revival/loadout -> 200
#19060 GET /revival/loadout -> 200
#19061 GET /revival/loadout -> 200
#19062 POST /game-telemetry/v1/protected/events -> 200
#19063 GET /revival/loadout -> 200
#19064 GET /revival/loadout -> 200
#19065 GET /revival/loadout -> 200
#19066 GET /revival/loadout -> 200
#19067 GET /revival/loadout -> 200
#19068 GET /revival/loadout -> 200
#19069 GET /revival/loadout -> 200
#19070 GET /revival/loadout -> 200
#19071 GET /revival/loadout -> 200
#19072 POST /party/parties/party-9b9d2c887e2524f918e383a895f2f1c2/members/9b9d2c887e2524f918e383a895f2f1c2/latencies -> 200
#19073 GET /revival/loadout -> 200
#19074 GET /revival/loadout -> 200
#19075 GET /revival/loadout -> 200
#19076 GET /revival/loadout -> 200
#19077 GET /party/matchmaking/info -> 200
#19078 GET /mailbox/config/version -> 200
#19079 GET /revival/loadout -> 200
#19080 GET /revival/loadout -> 200
#19081 GET /revival/loadout -> 200
#19082 GET /revival/loadout -> 200
#19083 GET /revival/loadout -> 200
#19084 GET /revival/loadout -> 200
#19085 GET /revival/loadout -> 200
#19086 GET /revival/loadout -> 200

* 19:35:07.844  WS <- /lobby TEXT ""
#19087 GET /revival/loadout -> 200
#19088 GET /revival/loadout -> 200
#19089 GET /revival/loadout -> 200
#19090 GET /revival/loadout -> 200
#19091 GET /revival/loadout -> 200
#19092 GET /revival/loadout -> 200
#19093 GET /revival/loadout -> 200
#19094 GET /revival/loadout -> 200
#19095 GET /party/players/9b9d2c887e2524f918e383a895f2f1c2/voice -> 200
#19096 GET /revival/loadout -> 200
#19097 GET /revival/loadout -> 200
#19098 GET /revival/loadout -> 200
#19099 GET /revival/loadout -> 200
#19100 GET /revival/loadout -> 200
#19101 GET /revival/loadout -> 200
#19102 GET /revival/loadout -> 200
#19103 GET /revival/loadout -> 200
#19104 GET /revival/loadout -> 200
#19105 GET /revival/loadout -> 200
#19106 GET /revival/loadout -> 200
#19107 GET /revival/loadout -> 200
#19108 GET /revival/loadout -> 200
#19109 GET /revival/loadout -> 200
#19110 GET /revival/loadout -> 200
#19111 GET /revival/loadout -> 200
#19112 GET /revival/loadout -> 200
#19113 GET /revival/loadout -> 200
#19114 GET /revival/loadout -> 200
#19115 GET /revival/loadout -> 200
#19116 GET /revival/loadout -> 200
#19117 GET /revival/loadout -> 200
#19118 GET /revival/loadout -> 200
#19119 GET /revival/loadout -> 200
#19120 GET /revival/loadout -> 200
#19121 GET /revival/loadout -> 200
#19122 GET /revival/loadout -> 200
#19123 GET /revival/loadout -> 200
#19124 GET /revival/loadout -> 200
#19125 GET /revival/loadout -> 200
#19126 GET /revival/loadout -> 200
#19127 GET /revival/loadout -> 200
#19128 GET /revival/loadout -> 200
#19129 GET /revival/loadout -> 200
#19130 GET /revival/loadout -> 200
#19131 GET /revival/loadout -> 200
#19132 GET /revival/loadout -> 200
#19133 GET /revival/loadout -> 200
#19134 GET /revival/loadout -> 200
#19135 GET /revival/loadout -> 200
#19136 GET /revival/loadout -> 200
#19137 GET /revival/loadout -> 200
#19138 GET /revival/loadout -> 200
#19139 GET /revival/loadout -> 200
#19140 GET /revival/loadout -> 200
#19141 GET /revival/loadout -> 200
#19142 GET /revival/loadout -> 200
#19143 GET /revival/loadout -> 200
#19144 GET /revival/loadout -> 200
#19145 GET /revival/loadout -> 200
#19146 GET /revival/loadout -> 200
#19147 GET /revival/loadout -> 200
#19148 GET /revival/loadout -> 200
#19149 GET /revival/loadout -> 200
#19150 GET /revival/loadout -> 200
#19151 GET /revival/loadout -> 200
#19152 GET /revival/loadout -> 200
#19153 GET /revival/loadout -> 200
#19154 GET /revival/loadout -> 200
#19155 GET /revival/loadout -> 200
#19156 GET /revival/loadout -> 200
#19157 GET /revival/loadout -> 200
#19158 GET /revival/loadout -> 200
#19159 GET /revival/loadout -> 200
#19160 GET /revival/loadout -> 200
#19161 GET /revival/loadout -> 200
#19162 GET /revival/loadout -> 200
#19163 GET /revival/loadout -> 200
#19164 GET /revival/loadout -> 200

* 19:35:21.374  WS -> /notifications/players/9b9d2c887e2524f918e383a895f2f1c2 BINARY hb (proactive 30s keepalive)
#19165 GET /revival/loadout -> 200
#19166 GET /revival/loadout -> 200
#19167 GET /revival/loadout -> 200
#19168 GET /revival/loadout -> 200
#19169 GET /revival/loadout -> 200
#19170 GET /revival/loadout -> 200
#19171 GET /revival/loadout -> 200
#19172 GET /configuration/client -> 200
#19173 GET /revival/loadout -> 200
#19174 GET /content-service/manifest/release2.4.live-156430-shipping -> 200
#19175 GET /revival/loadout -> 200
#19176 GET /revival/loadout -> 200
#19177 GET /revival/loadout -> 200
#19178 GET /revival/loadout -> 200
#19179 GET /revival/loadout -> 200
#19180 GET /revival/loadout -> 200
#19181 GET /revival/loadout -> 200
#19182 GET /revival/loadout -> 200
#19183 GET /revival/loadout -> 200
#19184 GET /revival/loadout -> 200
#19185 GET /revival/loadout -> 200
#19186 GET /revival/loadout -> 200
#19187 GET /revival/loadout -> 200
#19188 GET /revival/loadout -> 200
#19189 GET /revival/loadout -> 200
#19190 GET /revival/loadout -> 200
#19191 GET /revival/loadout -> 200
#19192 GET /revival/loadout -> 200
#19193 GET /revival/loadout -> 200
#19194 GET /revival/loadout -> 200
#19195 GET /revival/loadout -> 200
#19196 GET /revival/loadout -> 200
#19197 GET /revival/loadout -> 200
#19198 GET /revival/loadout -> 200
#19199 GET /revival/loadout -> 200
#19200 GET /revival/loadout -> 200
#19201 GET /revival/loadout -> 200
#19202 GET /revival/loadout -> 200
#19203 GET /revival/loadout -> 200
#19204 GET /revival/loadout -> 200
#19205 GET /revival/loadout -> 200
#19206 GET /revival/loadout -> 200
#19207 GET /revival/loadout -> 200
#19208 GET /revival/loadout -> 200
#19209 GET /revival/loadout -> 200
#19210 GET /revival/loadout -> 200
#19211 GET /revival/loadout -> 200
#19212 GET /revival/loadout -> 200
#19213 GET /revival/loadout -> 200
#19214 GET /revival/loadout -> 200
#19215 GET /revival/loadout -> 200
#19216 GET /revival/loadout -> 200
#19217 GET /revival/loadout -> 200
#19218 GET /revival/loadout -> 200
#19219 GET /revival/loadout -> 200
#19220 GET /revival/loadout -> 200
#19221 GET /revival/loadout -> 200
#19222 GET /revival/loadout -> 200
#19223 GET /revival/loadout -> 200
#19224 GET /revival/loadout -> 200
#19225 GET /revival/loadout -> 200
#19226 GET /revival/loadout -> 200
#19227 GET /revival/loadout -> 200
#19228 GET /revival/loadout -> 200
#19229 GET /revival/loadout -> 200
#19230 GET /revival/loadout -> 200
#19231 GET /revival/loadout -> 200
#19232 GET /revival/loadout -> 200
#19233 GET /revival/loadout -> 200
#19234 GET /revival/loadout -> 200
#19235 GET /revival/loadout -> 200
#19236 GET /revival/loadout -> 200
#19237 GET /revival/loadout -> 200
#19238 GET /revival/loadout -> 200
#19239 GET /revival/loadout -> 200
#19240 GET /revival/loadout -> 200
#19241 GET /revival/loadout -> 200
#19242 GET /revival/loadout -> 200
#19243 GET /revival/loadout -> 200
#19244 GET /revival/loadout -> 200
#19245 GET /revival/loadout -> 200
#19246 GET /revival/loadout -> 200
#19247 POST /party/parties/party-9b9d2c887e2524f918e383a895f2f1c2/members/9b9d2c887e2524f918e383a895f2f1c2/latencies -> 200
#19248 GET /revival/loadout -> 200
#19249 GET /revival/loadout -> 200
#19250 GET /revival/loadout -> 200
#19251 GET /revival/loadout -> 200
#19252 GET /core-game/regions -> 200
#19253 GET /party/matchmaking/info -> 200
#19254 GET /revival/loadout -> 200
#19255 GET /revival/loadout -> 200
#19256 GET /revival/loadout -> 200
#19257 GET /revival/loadout -> 200
#19258 GET /revival/loadout -> 200
#19259 GET /revival/loadout -> 200
#19260 GET /revival/loadout -> 200
#19261 GET /revival/loadout -> 200

* 19:35:37.850  WS <- /lobby TEXT ""
#19262 GET /revival/loadout -> 200
#19263 GET /revival/loadout -> 200
#19264 GET /revival/loadout -> 200
#19265 GET /revival/loadout -> 200
#19266 GET /revival/loadout -> 200
#19267 GET /revival/loadout -> 200
#19268 GET /revival/loadout -> 200
#19269 GET /revival/loadout -> 200
#19270 GET /revival/loadout -> 200
#19271 GET /revival/loadout -> 200
#19272 GET /revival/loadout -> 200
#19273 GET /party/players/9b9d2c887e2524f918e383a895f2f1c2/voice -> 200
#19274 GET /revival/loadout -> 200
#19275 GET /revival/loadout -> 200
#19276 GET /revival/loadout -> 200
#19277 GET /revival/loadout -> 200
#19278 GET /revival/loadout -> 200
#19279 GET /revival/loadout -> 200
#19280 GET /revival/loadout -> 200
#19281 GET /revival/loadout -> 200
#19282 GET /revival/loadout -> 200
#19283 GET /revival/loadout -> 200
#19284 GET /revival/loadout -> 200
#19285 GET /revival/loadout -> 200
#19286 GET /revival/loadout -> 200
#19287 GET /revival/loadout -> 200
#19288 GET /revival/loadout -> 200
#19289 GET /revival/loadout -> 200
#19290 GET /revival/loadout -> 200
#19291 GET /revival/loadout -> 200
#19292 GET /revival/loadout -> 200
#19293 GET /revival/loadout -> 200
#19294 GET /revival/loadout -> 200
#19295 GET /revival/loadout -> 200
#19296 GET /revival/loadout -> 200
#19297 GET /revival/loadout -> 200
#19298 GET /revival/loadout -> 200
#19299 GET /revival/loadout -> 200
#19300 GET /revival/loadout -> 200
#19301 GET /revival/loadout -> 200
#19302 GET /revival/loadout -> 200
#19303 GET /revival/loadout -> 200
#19304 GET /revival/loadout -> 200
#19305 GET /revival/loadout -> 200
#19306 GET /revival/loadout -> 200
#19307 GET /revival/loadout -> 200
#19308 GET /revival/loadout -> 200
#19309 GET /revival/loadout -> 200
#19310 GET /revival/loadout -> 200

* 19:35:46.331  WS <- /notifications/players/9b9d2c887e2524f918e383a895f2f1c2 BINARY (2 bytes) 6862
#19311 GET /revival/loadout -> 200

* 19:35:46.397  WS -> /notifications/players/9b9d2c887e2524f918e383a895f2f1c2 TEXT hb reply {"Resource":"hb","Version":0,"Payload":""}
#19312 GET /revival/loadout -> 200
#19313 GET /revival/loadout -> 200
#19314 GET /revival/loadout -> 200
#19315 GET /revival/loadout -> 200
#19316 GET /revival/loadout -> 200
#19317 GET /revival/loadout -> 200
#19318 GET /revival/loadout -> 200
#19319 GET /revival/loadout -> 200
#19320 GET /revival/loadout -> 200
#19321 GET /revival/loadout -> 200
#19322 GET /revival/loadout -> 200
#19323 GET /revival/loadout -> 200
#19324 GET /revival/loadout -> 200
#19325 GET /revival/loadout -> 200
#19326 GET /revival/loadout -> 200
#19327 GET /revival/loadout -> 200
#19328 GET /revival/loadout -> 200
#19329 GET /revival/loadout -> 200
#19330 GET /revival/loadout -> 200
#19331 GET /revival/loadout -> 200
#19332 GET /revival/loadout -> 200
#19333 GET /revival/loadout -> 200
#19334 GET /revival/loadout -> 200
#19335 GET /revival/loadout -> 200
#19336 GET /revival/loadout -> 200
#19337 GET /revival/loadout -> 200
#19338 GET /revival/loadout -> 200
#19339 GET /revival/loadout -> 200
#19340 GET /revival/loadout -> 200
#19341 GET /revival/loadout -> 200
#19342 GET /revival/loadout -> 200
#19343 GET /revival/loadout -> 200
#19344 GET /revival/loadout -> 200
#19345 GET /revival/loadout -> 200
#19346 GET /revival/loadout -> 200
#19347 GET /configuration/client -> 200
#19348 GET /revival/loadout -> 200
#19349 GET /content-service/manifest/release2.4.live-156430-shipping -> 200
#19350 GET /revival/loadout -> 200
#19351 GET /revival/loadout -> 200
#19352 GET /revival/loadout -> 200
#19353 GET /revival/loadout -> 200
#19354 GET /revival/loadout -> 200
#19355 GET /revival/loadout -> 200
#19356 GET /revival/loadout -> 200
#19357 GET /revival/loadout -> 200
#19358 GET /revival/loadout -> 200
#19359 GET /revival/loadout -> 200
#19360 GET /revival/loadout -> 200
#19361 GET /revival/loadout -> 200
#19362 GET /revival/loadout -> 200
#19363 GET /revival/loadout -> 200
#19364 GET /revival/loadout -> 200
#19365 GET /revival/loadout -> 200
#19366 GET /revival/loadout -> 200
#19367 GET /revival/loadout -> 200
#19368 GET /revival/loadout -> 200
#19369 GET /revival/loadout -> 200
#19370 GET /revival/loadout -> 200
#19371 GET /revival/loadout -> 200
#19372 GET /revival/loadout -> 200
#19373 GET /revival/loadout -> 200
#19374 GET /revival/loadout -> 200
#19375 GET /revival/loadout -> 200
#19376 GET /revival/loadout -> 200
#19377 GET /revival/loadout -> 200
#19378 GET /revival/loadout -> 200
#19379 GET /revival/loadout -> 200
#19380 GET /revival/loadout -> 200
#19381 GET /revival/loadout -> 200
#19382 GET /revival/loadout -> 200
#19383 GET /revival/loadout -> 200
#19384 GET /revival/loadout -> 200
#19385 GET /revival/loadout -> 200
#19386 GET /revival/loadout -> 200
#19387 GET /revival/loadout -> 200
#19388 GET /revival/loadout -> 200
#19389 GET /revival/loadout -> 200
#19390 GET /revival/loadout -> 200
#19391 GET /revival/loadout -> 200
#19392 GET /revival/loadout -> 200
#19393 GET /revival/loadout -> 200
#19394 GET /revival/loadout -> 200
#19395 GET /revival/loadout -> 200
#19396 GET /revival/loadout -> 200
#19397 GET /revival/loadout -> 200
#19398 GET /revival/loadout -> 200
#19399 GET /revival/loadout -> 200
#19400 GET /revival/loadout -> 200
#19401 GET /revival/loadout -> 200
#19402 GET /revival/loadout -> 200
#19403 GET /revival/loadout -> 200
#19404 GET /revival/loadout -> 200
#19405 GET /revival/loadout -> 200
#19406 GET /revival/loadout -> 200
#19407 GET /revival/loadout -> 200
#19408 GET /revival/loadout -> 200
#19409 GET /revival/loadout -> 200
#19410 GET /revival/loadout -> 200
#19411 GET /revival/loadout -> 200
#19412 POST /game-telemetry/v1/protected/events -> 200
#19413 GET /revival/loadout -> 200
#19414 GET /revival/loadout -> 200
#19415 GET /revival/loadout -> 200
#19416 GET /revival/loadout -> 200
#19417 GET /revival/loadout -> 200
#19418 GET /revival/loadout -> 200
#19419 GET /revival/loadout -> 200
#19420 GET /revival/loadout -> 200
#19421 GET /revival/loadout -> 200
#19422 GET /revival/loadout -> 200
#19423 POST /party/parties/party-9b9d2c887e2524f918e383a895f2f1c2/members/9b9d2c887e2524f918e383a895f2f1c2/latencies -> 200
#19424 GET /revival/loadout -> 200
#19425 GET /revival/loadout -> 200
#19426 GET /revival/loadout -> 200
#19427 GET /party/matchmaking/info -> 200
#19428 GET /revival/loadout -> 200
#19429 GET /revival/loadout -> 200
#19430 GET /revival/loadout -> 200
#19431 GET /revival/loadout -> 200
#19432 GET /revival/loadout -> 200
#19433 GET /revival/loadout -> 200
#19434 GET /revival/loadout -> 200
#19435 GET /revival/loadout -> 200

* 19:36:07.865  WS <- /lobby TEXT ""
#19436 GET /revival/loadout -> 200
#19437 GET /revival/loadout -> 200
#19438 GET /revival/loadout -> 200
#19439 GET /revival/loadout -> 200
#19440 GET /revival/loadout -> 200
#19441 GET /revival/loadout -> 200
#19442 GET /revival/loadout -> 200
#19443 GET /revival/loadout -> 200
#19444 GET /revival/loadout -> 200
#19445 GET /revival/loadout -> 200
#19446 GET /revival/loadout -> 200
#19447 GET /revival/loadout -> 200
#19448 GET /revival/loadout -> 200
#19449 GET /party/players/9b9d2c887e2524f918e383a895f2f1c2/voice -> 200
#19450 GET /revival/loadout -> 200
#19451 GET /revival/loadout -> 200
#19452 GET /revival/loadout -> 200
#19453 GET /revival/loadout -> 200
#19454 GET /revival/loadout -> 200
#19455 GET /revival/loadout -> 200
#19456 GET /revival/loadout -> 200
#19457 GET /revival/loadout -> 200
#19458 GET /revival/loadout -> 200
#19459 GET /revival/loadout -> 200
#19460 GET /revival/loadout -> 200
#19461 GET /revival/loadout -> 200
#19462 GET /revival/loadout -> 200
#19463 GET /revival/loadout -> 200
#19464 GET /revival/loadout -> 200
#19465 GET /revival/loadout -> 200
#19466 GET /revival/loadout -> 200
#19467 GET /revival/loadout -> 200
#19468 GET /revival/loadout -> 200
#19469 GET /revival/loadout -> 200
#19470 GET /revival/loadout -> 200
#19471 GET /revival/loadout -> 200
#19472 GET /revival/loadout -> 200
#19473 GET /revival/loadout -> 200
#19474 GET /revival/loadout -> 200
#19475 GET /revival/loadout -> 200
#19476 GET /revival/loadout -> 200
#19477 GET /revival/loadout -> 200
#19478 GET /revival/loadout -> 200
#19479 GET /revival/loadout -> 200
#19480 GET /revival/loadout -> 200
#19481 GET /revival/loadout -> 200
#19482 GET /revival/loadout -> 200
#19483 GET /revival/loadout -> 200

* 19:36:16.432  WS -> /notifications/players/9b9d2c887e2524f918e383a895f2f1c2 BINARY hb (proactive 30s keepalive)
#19484 GET /revival/loadout -> 200
#19485 GET /revival/loadout -> 200
#19486 GET /revival/loadout -> 200
#19487 GET /revival/loadout -> 200
#19488 GET /revival/loadout -> 200
#19489 GET /revival/loadout -> 200
#19490 GET /revival/loadout -> 200
#19491 GET /revival/loadout -> 200
#19492 GET /revival/loadout -> 200
#19493 GET /revival/loadout -> 200
#19494 GET /revival/loadout -> 200
#19495 GET /revival/loadout -> 200
#19496 GET /revival/loadout -> 200
#19497 GET /revival/loadout -> 200
#19498 GET /revival/loadout -> 200
#19499 GET /revival/loadout -> 200
#19500 GET /revival/loadout -> 200
#19501 GET /revival/loadout -> 200
#19502 GET /revival/loadout -> 200
#19503 GET /revival/loadout -> 200
#19504 GET /revival/loadout -> 200
#19505 GET /revival/loadout -> 200
#19506 GET /revival/loadout -> 200
#19507 GET /revival/loadout -> 200
#19508 GET /revival/loadout -> 200
#19509 GET /revival/loadout -> 200
#19510 GET /revival/loadout -> 200
#19511 GET /revival/loadout -> 200
#19512 GET /revival/loadout -> 200
#19513 GET /revival/loadout -> 200
#19514 GET /revival/loadout -> 200
#19515 GET /revival/loadout -> 200
#19516 GET /revival/loadout -> 200
#19517 GET /revival/loadout -> 200
#19518 GET /revival/loadout -> 200
#19519 GET /configuration/client -> 200
#19520 GET /revival/loadout -> 200
#19521 GET /revival/loadout -> 200
#19522 GET /content-service/manifest/release2.4.live-156430-shipping -> 200
#19523 GET /revival/loadout -> 200
#19524 GET /revival/loadout -> 200
#19525 GET /revival/loadout -> 200
#19526 GET /revival/loadout -> 200
#19527 GET /revival/loadout -> 200
#19528 GET /revival/loadout -> 200
#19529 GET /revival/loadout -> 200
#19530 GET /revival/loadout -> 200
#19531 GET /revival/loadout -> 200
#19532 GET /revival/loadout -> 200
#19533 GET /revival/loadout -> 200
#19534 GET /revival/loadout -> 200
#19535 GET /revival/loadout -> 200
#19536 GET /revival/loadout -> 200
#19537 GET /revival/loadout -> 200
#19538 GET /revival/loadout -> 200
#19539 GET /revival/loadout -> 200
#19540 GET /revival/loadout -> 200
#19541 GET /revival/loadout -> 200
#19542 GET /revival/loadout -> 200
#19543 GET /revival/loadout -> 200
#19544 GET /revival/loadout -> 200
#19545 GET /revival/loadout -> 200
#19546 GET /revival/loadout -> 200
#19547 GET /revival/loadout -> 200
#19548 GET /revival/loadout -> 200
#19549 GET /revival/loadout -> 200
#19550 GET /revival/loadout -> 200
#19551 GET /revival/loadout -> 200
#19552 GET /revival/loadout -> 200
#19553 GET /revival/loadout -> 200
#19554 GET /revival/loadout -> 200
#19555 GET /revival/loadout -> 200
#19556 GET /revival/loadout -> 200
#19557 GET /revival/loadout -> 200
#19558 GET /revival/loadout -> 200
#19559 GET /revival/loadout -> 200
#19560 GET /revival/loadout -> 200
#19561 GET /revival/loadout -> 200
#19562 GET /revival/loadout -> 200
#19563 GET /revival/loadout -> 200
#19564 GET /revival/loadout -> 200
#19565 GET /revival/loadout -> 200
#19566 GET /revival/loadout -> 200
#19567 GET /revival/loadout -> 200
#19568 GET /revival/loadout -> 200
#19569 GET /revival/loadout -> 200
#19570 GET /revival/loadout -> 200
#19571 GET /revival/loadout -> 200
#19572 GET /revival/loadout -> 200
#19573 GET /revival/loadout -> 200
#19574 GET /revival/loadout -> 200
#19575 GET /revival/loadout -> 200
#19576 GET /revival/loadout -> 200
#19577 GET /revival/loadout -> 200
#19578 GET /revival/loadout -> 200
#19579 GET /revival/loadout -> 200
#19580 GET /revival/loadout -> 200
#19581 GET /revival/loadout -> 200
#19582 GET /revival/loadout -> 200
#19583 GET /revival/loadout -> 200
#19584 GET /revival/loadout -> 200
#19585 GET /revival/loadout -> 200
#19586 GET /revival/loadout -> 200
#19587 GET /revival/loadout -> 200
#19588 GET /revival/loadout -> 200
#19589 GET /revival/loadout -> 200
#19590 GET /revival/loadout -> 200
#19591 GET /revival/loadout -> 200
#19592 GET /revival/loadout -> 200
#19593 GET /revival/loadout -> 200
#19594 POST /party/parties/party-9b9d2c887e2524f918e383a895f2f1c2/members/9b9d2c887e2524f918e383a895f2f1c2/latencies -> 200
#19595 GET /revival/loadout -> 200
#19596 GET /revival/loadout -> 200
#19597 GET /mailbox/config/version -> 200
#19599 GET /core-game/regions -> 200
#19598 GET /party/matchmaking/info -> 200
#19600 GET /revival/loadout -> 200
#19601 GET /revival/loadout -> 200
#19602 GET /revival/loadout -> 200
#19603 GET /revival/loadout -> 200
#19604 GET /revival/loadout -> 200
#19605 GET /revival/loadout -> 200
#19606 GET /revival/loadout -> 200
#19607 GET /revival/loadout -> 200

* 19:36:37.844  WS <- /lobby TEXT ""
#19608 GET /revival/loadout -> 200
#19609 GET /revival/loadout -> 200
#19610 GET /revival/loadout -> 200
#19611 GET /revival/loadout -> 200
#19612 GET /revival/loadout -> 200
#19613 GET /revival/loadout -> 200
#19614 GET /revival/loadout -> 200
#19615 GET /revival/loadout -> 200
#19616 GET /revival/loadout -> 200
#19617 GET /revival/loadout -> 200
#19618 GET /revival/loadout -> 200
#19619 GET /revival/loadout -> 200
#19620 GET /revival/loadout -> 200
#19621 GET /revival/loadout -> 200
#19622 GET /revival/loadout -> 200
#19623 GET /party/players/9b9d2c887e2524f918e383a895f2f1c2/voice -> 200
#19624 GET /revival/loadout -> 200
#19625 GET /revival/loadout -> 200
#19626 GET /revival/loadout -> 200
#19627 GET /revival/loadout -> 200

* 19:36:41.309  WS <- /notifications/players/9b9d2c887e2524f918e383a895f2f1c2 BINARY (2 bytes) 6862

* 19:36:41.335  WS -> /notifications/players/9b9d2c887e2524f918e383a895f2f1c2 TEXT hb reply {"Resource":"hb","Version":0,"Payload":""}
#19628 GET /revival/loadout -> 200
#19629 GET /revival/loadout -> 200
#19630 GET /revival/loadout -> 200
#19631 GET /revival/loadout -> 200
#19632 GET /revival/loadout -> 200
#19633 GET /revival/loadout -> 200
#19634 GET /revival/loadout -> 200
#19635 GET /revival/loadout -> 200
#19636 GET /revival/loadout -> 200
#19637 GET /revival/loadout -> 200
#19638 GET /revival/loadout -> 200
#19639 GET /revival/loadout -> 200
#19640 GET /revival/loadout -> 200
#19641 GET /revival/loadout -> 200
#19642 GET /revival/loadout -> 200
#19643 GET /revival/loadout -> 200
#19644 GET /revival/loadout -> 200
#19645 GET /revival/loadout -> 200
#19646 GET /revival/loadout -> 200
#19647 GET /revival/loadout -> 200
#19648 GET /revival/loadout -> 200
#19649 GET /revival/loadout -> 200
#19650 GET /revival/loadout -> 200
#19651 GET /revival/loadout -> 200
#19652 GET /revival/loadout -> 200
#19653 GET /revival/loadout -> 200
#19654 GET /revival/loadout -> 200
#19655 GET /revival/loadout -> 200
#19656 GET /revival/loadout -> 200
#19657 GET /revival/loadout -> 200
#19658 GET /revival/loadout -> 200
#19659 GET /revival/loadout -> 200
#19660 GET /revival/loadout -> 200
#19661 GET /revival/loadout -> 200
#19662 GET /revival/loadout -> 200
#19663 GET /revival/loadout -> 200
#19664 GET /revival/loadout -> 200
#19665 GET /revival/loadout -> 200
#19666 GET /revival/loadout -> 200
#19667 GET /revival/loadout -> 200
#19668 GET /revival/loadout -> 200
#19669 GET /revival/loadout -> 200
#19670 GET /revival/loadout -> 200
#19671 GET /revival/loadout -> 200
#19672 GET /revival/loadout -> 200
#19673 GET /revival/loadout -> 200
#19674 GET /revival/loadout -> 200
#19675 GET /revival/loadout -> 200
#19676 GET /revival/loadout -> 200
#19677 GET /revival/loadout -> 200
#19678 GET /revival/loadout -> 200
#19679 GET /revival/loadout -> 200
#19680 GET /revival/loadout -> 200
#19681 GET /revival/loadout -> 200
#19682 GET /revival/loadout -> 200
#19683 GET /revival/loadout -> 200
#19684 GET /revival/loadout -> 200
#19685 GET /revival/loadout -> 200
#19686 GET /revival/loadout -> 200
#19687 GET /revival/loadout -> 200
#19688 GET /revival/loadout -> 200
#19689 GET /revival/loadout -> 200
#19690 GET /configuration/client -> 200
#19691 GET /revival/loadout -> 200
#19692 GET /content-service/manifest/release2.4.live-156430-shipping -> 200
#19693 GET /revival/loadout -> 200
#19694 GET /revival/loadout -> 200
#19695 GET /revival/loadout -> 200
#19696 GET /revival/loadout -> 200
#19697 GET /revival/loadout -> 200
#19698 GET /revival/loadout -> 200
#19699 GET /revival/loadout -> 200
#19700 GET /revival/loadout -> 200
#19701 GET /revival/loadout -> 200
#19702 GET /revival/loadout -> 200
#19703 GET /revival/loadout -> 200
#19704 GET /revival/loadout -> 200
#19705 GET /revival/loadout -> 200
#19706 GET /revival/loadout -> 200
#19707 GET /revival/loadout -> 200
#19708 GET /revival/loadout -> 200
#19709 GET /revival/loadout -> 200
#19710 GET /revival/loadout -> 200
#19711 GET /revival/loadout -> 200
#19712 GET /revival/loadout -> 200
#19713 GET /revival/loadout -> 200
#19714 GET /revival/loadout -> 200
#19715 GET /revival/loadout -> 200
#19716 GET /revival/loadout -> 200
#19717 GET /revival/loadout -> 200
#19718 GET /revival/loadout -> 200
#19719 GET /revival/loadout -> 200
#19720 GET /revival/loadout -> 200
#19721 GET /revival/loadout -> 200
#19722 GET /revival/loadout -> 200
#19723 GET /revival/loadout -> 200
#19724 GET /revival/loadout -> 200
#19725 GET /revival/loadout -> 200
#19726 GET /revival/loadout -> 200
#19727 GET /revival/loadout -> 200
#19728 GET /revival/loadout -> 200
#19729 GET /revival/loadout -> 200
#19730 GET /revival/loadout -> 200
#19731 GET /revival/loadout -> 200
#19732 GET /revival/loadout -> 200
#19733 GET /revival/loadout -> 200
#19734 GET /revival/loadout -> 200
#19735 GET /revival/loadout -> 200
#19736 GET /revival/loadout -> 200
#19737 GET /revival/loadout -> 200
#19738 GET /revival/loadout -> 200
#19739 GET /revival/loadout -> 200
#19740 GET /revival/loadout -> 200
#19741 GET /revival/loadout -> 200
#19742 GET /revival/loadout -> 200
#19743 GET /revival/loadout -> 200
#19744 GET /revival/loadout -> 200
#19745 GET /revival/loadout -> 200
#19746 GET /revival/loadout -> 200
#19747 GET /revival/loadout -> 200
#19748 GET /revival/loadout -> 200
#19749 GET /revival/loadout -> 200
#19750 GET /revival/loadout -> 200
#19751 GET /revival/loadout -> 200
#19752 GET /revival/loadout -> 200
#19753 GET /revival/loadout -> 200
#19754 POST /game-telemetry/v1/protected/events -> 200
#19755 GET /revival/loadout -> 200
#19756 GET /revival/loadout -> 200
#19757 GET /revival/loadout -> 200
#19758 GET /revival/loadout -> 200
#19759 GET /revival/loadout -> 200
#19760 GET /revival/loadout -> 200
#19761 GET /revival/loadout -> 200
#19762 GET /revival/loadout -> 200
#19763 GET /revival/loadout -> 200
#19764 GET /revival/loadout -> 200
#19765 GET /revival/loadout -> 200
#19766 GET /revival/loadout -> 200
#19767 POST /party/parties/party-9b9d2c887e2524f918e383a895f2f1c2/members/9b9d2c887e2524f918e383a895f2f1c2/latencies -> 200
#19768 GET /revival/loadout -> 200
#19769 GET /revival/loadout -> 200
#19770 GET /party/matchmaking/info -> 200
#19771 GET /revival/loadout -> 200
#19772 GET /revival/loadout -> 200
#19773 GET /revival/loadout -> 200
#19774 GET /revival/loadout -> 200
#19775 GET /revival/loadout -> 200
#19776 GET /revival/loadout -> 200
#19777 GET /revival/loadout -> 200
#19778 GET /revival/loadout -> 200

* 19:37:07.882  WS <- /lobby TEXT ""
#19779 GET /revival/loadout -> 200
#19780 GET /revival/loadout -> 200
#19781 GET /revival/loadout -> 200
#19782 GET /revival/loadout -> 200
#19783 GET /revival/loadout -> 200
#19784 GET /revival/loadout -> 200
#19785 GET /revival/loadout -> 200
#19786 GET /revival/loadout -> 200
#19787 GET /revival/loadout -> 200
#19788 GET /revival/loadout -> 200
#19789 GET /revival/loadout -> 200
#19790 GET /revival/loadout -> 200
#19791 GET /revival/loadout -> 200
#19792 GET /revival/loadout -> 200
#19793 GET /revival/loadout -> 200
#19794 GET /revival/loadout -> 200
#19795 GET /revival/loadout -> 200
#19796 GET /party/players/9b9d2c887e2524f918e383a895f2f1c2/voice -> 200
#19797 GET /revival/loadout -> 200
#19798 GET /revival/loadout -> 200
#19799 GET /revival/loadout -> 200

* 19:37:11.419  WS -> /notifications/players/9b9d2c887e2524f918e383a895f2f1c2 BINARY hb (proactive 30s keepalive)
#19800 GET /revival/loadout -> 200
#19801 GET /revival/loadout -> 200
#19802 GET /revival/loadout -> 200
#19803 GET /revival/loadout -> 200
#19804 GET /revival/loadout -> 200
#19805 GET /revival/loadout -> 200
#19806 GET /revival/loadout -> 200
#19807 GET /revival/loadout -> 200
#19808 GET /revival/loadout -> 200
#19809 GET /revival/loadout -> 200
#19810 GET /revival/loadout -> 200
#19811 GET /revival/loadout -> 200
#19812 GET /revival/loadout -> 200
#19813 GET /revival/loadout -> 200
#19814 GET /revival/loadout -> 200
#19815 GET /revival/loadout -> 200
#19816 GET /revival/loadout -> 200
#19817 GET /revival/loadout -> 200
#19818 GET /revival/loadout -> 200
#19819 GET /revival/loadout -> 200
#19820 GET /revival/loadout -> 200
#19821 GET /revival/loadout -> 200
#19822 GET /revival/loadout -> 200
#19823 GET /revival/loadout -> 200
#19824 GET /revival/loadout -> 200
#19825 GET /revival/loadout -> 200
#19826 GET /revival/loadout -> 200
#19827 GET /revival/loadout -> 200
#19828 GET /revival/loadout -> 200
#19829 GET /revival/loadout -> 200
#19830 GET /revival/loadout -> 200
#19831 GET /revival/loadout -> 200
#19832 GET /revival/loadout -> 200
#19833 GET /revival/loadout -> 200
#19834 GET /revival/loadout -> 200
#19835 GET /revival/loadout -> 200
#19836 GET /revival/loadout -> 200
#19837 GET /revival/loadout -> 200
#19838 GET /revival/loadout -> 200
#19839 GET /revival/loadout -> 200
#19840 GET /revival/loadout -> 200
#19841 GET /revival/loadout -> 200
#19842 GET /revival/loadout -> 200
#19843 GET /revival/loadout -> 200
#19844 GET /revival/loadout -> 200
#19845 GET /revival/loadout -> 200
#19846 GET /revival/loadout -> 200
#19847 GET /revival/loadout -> 200
#19848 GET /revival/loadout -> 200
#19849 GET /revival/loadout -> 200
#19850 GET /revival/loadout -> 200
#19851 GET /revival/loadout -> 200
#19852 GET /revival/loadout -> 200
#19853 GET /revival/loadout -> 200
#19854 GET /storefront/battlepass/progressiontracks -> 200
#19855 GET /revival/loadout -> 200
#19856 GET /revival/loadout -> 200
#19857 GET /revival/loadout -> 200
#19858 GET /revival/loadout -> 200
#19859 GET /revival/loadout -> 200
#19860 GET /revival/loadout -> 200
#19861 GET /revival/loadout -> 200
#19862 GET /configuration/client -> 200
#19863 GET /revival/loadout -> 200
#19864 GET /content-service/manifest/release2.4.live-156430-shipping -> 200
#19865 GET /revival/loadout -> 200
#19866 GET /revival/loadout -> 200
#19867 GET /revival/loadout -> 200
#19868 GET /revival/loadout -> 200
#19869 GET /revival/loadout -> 200
#19870 GET /revival/loadout -> 200
#19871 GET /revival/loadout -> 200
#19872 GET /revival/loadout -> 200
#19873 GET /revival/loadout -> 200
#19874 GET /revival/loadout -> 200
#19875 GET /revival/loadout -> 200
#19876 GET /revival/loadout -> 200
#19877 GET /revival/loadout -> 200
#19878 GET /revival/loadout -> 200
#19879 GET /revival/loadout -> 200
#19880 GET /revival/loadout -> 200
#19881 GET /revival/loadout -> 200
#19882 GET /revival/loadout -> 200
#19883 GET /revival/loadout -> 200
#19884 GET /revival/loadout -> 200
#19885 GET /revival/loadout -> 200
#19886 GET /revival/loadout -> 200
#19887 GET /revival/loadout -> 200
#19888 GET /revival/loadout -> 200
#19889 GET /revival/loadout -> 200
#19890 GET /revival/loadout -> 200
#19891 GET /revival/loadout -> 200
#19892 GET /revival/loadout -> 200
#19893 GET /revival/loadout -> 200
#19894 GET /revival/loadout -> 200
#19895 GET /revival/loadout -> 200
#19896 GET /revival/loadout -> 200
#19897 GET /revival/loadout -> 200
#19898 GET /revival/loadout -> 200
#19899 GET /revival/loadout -> 200
#19900 GET /revival/loadout -> 200
#19901 GET /revival/loadout -> 200
#19902 GET /revival/loadout -> 200
#19903 GET /revival/loadout -> 200
#19904 GET /revival/loadout -> 200
#19905 GET /revival/loadout -> 200
#19906 GET /revival/loadout -> 200
#19907 GET /revival/loadout -> 200
#19908 GET /revival/loadout -> 200
#19909 GET /revival/loadout -> 200
#19910 GET /revival/loadout -> 200
#19911 GET /revival/loadout -> 200
#19912 GET /revival/loadout -> 200
#19913 GET /revival/loadout -> 200
#19914 GET /revival/loadout -> 200
#19915 GET /revival/loadout -> 200
#19916 GET /revival/loadout -> 200
#19917 GET /revival/loadout -> 200
#19918 GET /revival/loadout -> 200
#19919 GET /revival/loadout -> 200
#19920 GET /revival/loadout -> 200
#19921 GET /revival/loadout -> 200
#19922 GET /revival/loadout -> 200
#19923 GET /revival/loadout -> 200
#19924 GET /revival/loadout -> 200
#19925 GET /revival/loadout -> 200
#19926 GET /revival/loadout -> 200
#19927 GET /revival/loadout -> 200
#19928 GET /revival/loadout -> 200
#19929 GET /revival/loadout -> 200
#19930 GET /revival/loadout -> 200
#19931 GET /revival/loadout -> 200
#19932 GET /revival/loadout -> 200
#19933 GET /revival/loadout -> 200
#19934 GET /revival/loadout -> 200
#19935 GET /revival/loadout -> 200
#19936 GET /revival/loadout -> 200
#19937 GET /revival/loadout -> 200
#19938 POST /party/parties/party-9b9d2c887e2524f918e383a895f2f1c2/members/9b9d2c887e2524f918e383a895f2f1c2/latencies -> 200

* 19:37:36.318  WS <- /notifications/players/9b9d2c887e2524f918e383a895f2f1c2 BINARY (2 bytes) 6862
#19940 GET /core-game/regions -> 200
#19939 GET /party/matchmaking/info -> 200

* 19:37:36.365  WS -> /notifications/players/9b9d2c887e2524f918e383a895f2f1c2 TEXT hb reply {"Resource":"hb","Version":0,"Payload":""}
#19941 GET /revival/loadout -> 200
#19942 GET /revival/loadout -> 200
#19943 GET /revival/loadout -> 200
#19944 GET /revival/loadout -> 200
#19945 GET /revival/loadout -> 200
#19946 GET /revival/loadout -> 200
#19947 GET /revival/loadout -> 200
#19948 GET /revival/loadout -> 200
#19949 GET /revival/loadout -> 200
#19950 GET /revival/loadout -> 200
#19951 GET /revival/loadout -> 200

* 19:37:38.370  WS <- /lobby TEXT ""
#19952 GET /revival/loadout -> 200
#19953 GET /revival/loadout -> 200
#19954 GET /revival/loadout -> 200
#19955 GET /revival/loadout -> 200
#19956 GET /revival/loadout -> 200
#19957 GET /revival/loadout -> 200
#19958 GET /revival/loadout -> 200
#19959 GET /revival/loadout -> 200
#19960 GET /revival/loadout -> 200
#19961 GET /revival/loadout -> 200
#19962 GET /revival/loadout -> 200
#19963 GET /revival/loadout -> 200
#19964 GET /revival/loadout -> 200
#19965 GET /revival/loadout -> 200
#19966 GET /revival/loadout -> 200
#19967 GET /revival/loadout -> 200
#19968 GET /party/players/9b9d2c887e2524f918e383a895f2f1c2/voice -> 200
#19969 GET /revival/loadout -> 200
#19970 GET /revival/loadout -> 200
#19971 GET /revival/loadout -> 200
#19972 GET /revival/loadout -> 200
#19973 GET /revival/loadout -> 200
#19974 GET /revival/loadout -> 200
#19975 GET /revival/loadout -> 200
#19976 GET /revival/loadout -> 200
#19977 GET /revival/loadout -> 200
#19978 GET /revival/loadout -> 200
#19979 GET /revival/loadout -> 200
#19980 GET /revival/loadout -> 200
#19981 GET /revival/loadout -> 200
#19982 GET /revival/loadout -> 200
#19983 GET /revival/loadout -> 200
#19984 GET /revival/loadout -> 200
#19985 GET /revival/loadout -> 200
#19986 GET /revival/loadout -> 200
#19987 GET /revival/loadout -> 200
#19988 GET /revival/loadout -> 200
#19989 GET /revival/loadout -> 200
#19990 GET /revival/loadout -> 200
#19991 GET /revival/loadout -> 200
#19992 GET /revival/loadout -> 200
#19993 GET /revival/loadout -> 200
#19994 GET /revival/loadout -> 200
#19995 GET /revival/loadout -> 200
#19996 GET /revival/loadout -> 200
#19997 GET /revival/loadout -> 200
#19998 GET /revival/loadout -> 200
#19999 GET /revival/loadout -> 200
#20000 GET /revival/loadout -> 200
#20001 GET /revival/loadout -> 200
#20002 GET /revival/loadout -> 200
#20003 GET /revival/loadout -> 200
#20004 GET /revival/loadout -> 200
#20005 GET /revival/loadout -> 200
#20006 GET /revival/loadout -> 200
#20007 GET /revival/loadout -> 200
#20008 GET /revival/loadout -> 200
#20009 GET /revival/loadout -> 200
#20010 GET /revival/loadout -> 200
#20011 GET /revival/loadout -> 200
#20012 GET /revival/loadout -> 200
#20013 GET /revival/loadout -> 200
#20014 GET /revival/loadout -> 200
#20015 GET /revival/loadout -> 200
#20016 GET /revival/loadout -> 200
#20017 GET /revival/loadout -> 200
#20018 GET /revival/loadout -> 200
#20019 GET /revival/loadout -> 200
#20020 GET /revival/loadout -> 200
#20021 GET /revival/loadout -> 200
#20022 GET /revival/loadout -> 200
#20023 GET /revival/loadout -> 200
#20024 GET /revival/loadout -> 200
#20025 GET /revival/loadout -> 200
#20026 GET /revival/loadout -> 200
#20027 GET /revival/loadout -> 200
#20028 GET /revival/loadout -> 200
#20029 GET /configuration/client -> 200
#20030 GET /revival/loadout -> 200
#20031 GET /revival/loadout -> 200
#20032 GET /content-service/manifest/release2.4.live-156430-shipping -> 200
#20033 GET /revival/loadout -> 200
#20034 GET /revival/loadout -> 200
#20035 GET /revival/loadout -> 200
#20036 GET /revival/loadout -> 200
#20037 GET /revival/loadout -> 200
#20038 GET /revival/loadout -> 200
#20039 GET /revival/loadout -> 200
#20040 GET /revival/loadout -> 200
#20041 GET /revival/loadout -> 200
#20042 GET /revival/loadout -> 200
#20043 GET /revival/loadout -> 200
#20044 GET /revival/loadout -> 200
#20045 GET /revival/loadout -> 200
#20046 GET /revival/loadout -> 200
#20047 GET /revival/loadout -> 200
#20048 GET /revival/loadout -> 200
#20049 GET /revival/loadout -> 200
#20050 GET /revival/loadout -> 200
#20051 GET /revival/loadout -> 200
#20052 GET /revival/loadout -> 200
#20053 GET /revival/loadout -> 200
#20054 GET /revival/loadout -> 200
#20055 GET /revival/loadout -> 200
#20056 GET /revival/loadout -> 200
#20057 GET /revival/loadout -> 200
#20058 GET /revival/loadout -> 200
#20059 GET /revival/loadout -> 200
#20060 GET /revival/loadout -> 200
#20061 GET /revival/loadout -> 200
#20062 GET /revival/loadout -> 200
#20063 GET /revival/loadout -> 200
#20064 GET /revival/loadout -> 200
#20065 GET /revival/loadout -> 200
#20066 GET /revival/loadout -> 200
#20067 GET /revival/loadout -> 200
#20068 GET /revival/loadout -> 200
#20069 GET /revival/loadout -> 200
#20070 GET /revival/loadout -> 200
#20071 GET /revival/loadout -> 200
#20072 GET /revival/loadout -> 200
#20073 GET /revival/loadout -> 200
#20074 GET /revival/loadout -> 200
#20075 GET /revival/loadout -> 200
#20076 GET /revival/loadout -> 200
#20077 GET /revival/loadout -> 200
#20078 GET /revival/loadout -> 200
#20079 GET /revival/loadout -> 200
#20080 GET /revival/loadout -> 200
#20081 GET /revival/loadout -> 200
#20082 GET /revival/loadout -> 200
#20083 GET /revival/loadout -> 200
#20084 GET /revival/loadout -> 200
#20085 GET /revival/loadout -> 200
#20086 GET /revival/loadout -> 200
#20087 GET /revival/loadout -> 200
#20088 GET /revival/loadout -> 200
#20089 GET /revival/loadout -> 200
#20090 GET /revival/loadout -> 200
#20091 GET /revival/loadout -> 200
#20092 GET /revival/loadout -> 200
#20093 POST /game-telemetry/v1/protected/events -> 200
#20094 GET /revival/loadout -> 200
#20095 GET /revival/loadout -> 200
#20096 GET /revival/loadout -> 200
#20097 GET /revival/loadout -> 200
#20098 GET /revival/loadout -> 200
#20099 GET /revival/loadout -> 200
#20100 GET /revival/loadout -> 200
#20101 GET /revival/loadout -> 200
#20102 GET /revival/loadout -> 200
#20103 GET /revival/loadout -> 200
#20104 GET /revival/loadout -> 200
#20105 GET /revival/loadout -> 200
#20106 GET /revival/loadout -> 200
#20107 GET /mailbox/config/version -> 200
#20108 GET /party/matchmaking/info -> 200
#20109 GET /revival/loadout -> 200
#20110 POST /party/parties/party-9b9d2c887e2524f918e383a895f2f1c2/members/9b9d2c887e2524f918e383a895f2f1c2/latencies -> 200

* 19:38:06.523  WS -> /notifications/players/9b9d2c887e2524f918e383a895f2f1c2 BINARY hb (proactive 30s keepalive)
#20111 GET /revival/loadout -> 200
#20112 GET /revival/loadout -> 200
#20113 GET /revival/loadout -> 200
#20114 GET /revival/loadout -> 200
#20115 GET /revival/loadout -> 200
#20116 GET /revival/loadout -> 200
#20117 GET /revival/loadout -> 200
#20118 GET /revival/loadout -> 200
#20119 GET /revival/loadout -> 200
#20120 GET /revival/loadout -> 200

* 19:38:08.392  WS <- /lobby TEXT ""
#20121 GET /revival/loadout -> 200
#20122 GET /revival/loadout -> 200
#20123 GET /revival/loadout -> 200
#20124 GET /revival/loadout -> 200
#20125 GET /revival/loadout -> 200
#20126 GET /revival/loadout -> 200
#20127 GET /revival/loadout -> 200
#20128 GET /revival/loadout -> 200
#20129 GET /revival/loadout -> 200
#20130 GET /revival/loadout -> 200
#20131 GET /revival/loadout -> 200
#20132 GET /revival/loadout -> 200
#20133 GET /revival/loadout -> 200
#20134 GET /revival/loadout -> 200
#20135 GET /revival/loadout -> 200
#20136 GET /revival/loadout -> 200
#20137 GET /revival/loadout -> 200
#20138 GET /revival/loadout -> 200
#20139 GET /revival/loadout -> 200
#20140 GET /party/players/9b9d2c887e2524f918e383a895f2f1c2/voice -> 200
#20141 GET /revival/loadout -> 200
#20142 GET /revival/loadout -> 200
#20143 GET /revival/loadout -> 200
#20144 GET /revival/loadout -> 200
#20145 GET /revival/loadout -> 200
#20146 GET /revival/loadout -> 200
#20147 GET /revival/loadout -> 200
#20148 GET /revival/loadout -> 200
#20149 GET /revival/loadout -> 200
#20150 GET /revival/loadout -> 200
#20151 GET /revival/loadout -> 200
#20152 GET /revival/loadout -> 200
#20153 GET /revival/loadout -> 200
#20154 GET /revival/loadout -> 200
#20155 GET /revival/loadout -> 200
#20156 GET /revival/loadout -> 200
#20157 GET /revival/loadout -> 200
#20158 GET /revival/loadout -> 200
#20159 GET /revival/loadout -> 200
#20160 GET /revival/loadout -> 200
#20161 GET /revival/loadout -> 200
#20162 GET /revival/loadout -> 200
#20163 GET /revival/loadout -> 200
#20164 GET /revival/loadout -> 200
#20165 GET /revival/loadout -> 200
#20166 GET /revival/loadout -> 200
#20167 GET /revival/loadout -> 200
#20168 GET /revival/loadout -> 200
#20169 GET /revival/loadout -> 200
#20170 GET /revival/loadout -> 200
#20171 GET /revival/loadout -> 200
#20172 GET /revival/loadout -> 200
#20173 GET /revival/loadout -> 200
#20174 GET /revival/loadout -> 200
#20175 GET /revival/loadout -> 200
#20176 GET /revival/loadout -> 200
#20177 GET /revival/loadout -> 200
#20178 GET /revival/loadout -> 200
#20179 GET /revival/loadout -> 200
#20180 GET /revival/loadout -> 200
#20181 GET /revival/loadout -> 200
#20182 GET /revival/loadout -> 200
#20183 GET /revival/loadout -> 200
#20184 GET /revival/loadout -> 200
#20185 GET /revival/loadout -> 200
#20186 GET /revival/loadout -> 200
#20187 GET /revival/loadout -> 200
#20188 GET /revival/loadout -> 200
#20189 GET /revival/loadout -> 200
#20190 GET /revival/loadout -> 200
#20191 GET /revival/loadout -> 200
#20192 GET /revival/loadout -> 200
#20193 GET /revival/loadout -> 200
#20194 GET /revival/loadout -> 200
#20195 GET /revival/loadout -> 200
#20196 GET /revival/loadout -> 200
#20197 GET /revival/loadout -> 200
#20198 GET /revival/loadout -> 200
#20199 GET /revival/loadout -> 200
#20200 GET /configuration/client -> 200
#20201 GET /revival/loadout -> 200
#20202 GET /content-service/manifest/release2.4.live-156430-shipping -> 200
#20203 GET /revival/loadout -> 200
#20204 GET /revival/loadout -> 200
#20205 GET /revival/loadout -> 200
#20206 GET /revival/loadout -> 200
#20207 GET /revival/loadout -> 200
#20208 GET /revival/loadout -> 200
#20209 GET /revival/loadout -> 200
#20210 GET /revival/loadout -> 200
#20211 GET /revival/loadout -> 200
#20212 GET /revival/loadout -> 200
#20213 GET /revival/loadout -> 200
#20214 GET /revival/loadout -> 200
#20215 GET /revival/loadout -> 200
#20216 GET /revival/loadout -> 200
#20217 GET /revival/loadout -> 200
#20218 GET /revival/loadout -> 200
#20219 GET /revival/loadout -> 200
#20220 GET /revival/loadout -> 200
#20221 GET /revival/loadout -> 200
#20222 GET /revival/loadout -> 200
#20223 GET /revival/loadout -> 200
#20224 GET /revival/loadout -> 200
#20225 GET /revival/loadout -> 200
#20226 GET /revival/loadout -> 200
#20227 GET /revival/loadout -> 200
#20228 GET /revival/loadout -> 200
#20229 GET /revival/loadout -> 200
#20230 GET /revival/loadout -> 200
#20231 GET /revival/loadout -> 200
#20232 GET /revival/loadout -> 200
#20233 GET /revival/loadout -> 200
#20234 GET /revival/loadout -> 200
#20235 GET /revival/loadout -> 200
#20236 GET /revival/loadout -> 200
#20237 GET /revival/loadout -> 200
#20238 GET /revival/loadout -> 200
#20239 GET /revival/loadout -> 200
#20240 GET /revival/loadout -> 200
#20241 GET /revival/loadout -> 200
#20242 GET /revival/loadout -> 200
#20243 GET /revival/loadout -> 200
#20244 GET /revival/loadout -> 200
#20245 GET /revival/loadout -> 200
#20246 GET /revival/loadout -> 200
#20247 GET /revival/loadout -> 200
#20248 GET /revival/loadout -> 200

* 19:38:31.301  WS <- /notifications/players/9b9d2c887e2524f918e383a895f2f1c2 BINARY (2 bytes) 6862

* 19:38:31.336  WS -> /notifications/players/9b9d2c887e2524f918e383a895f2f1c2 TEXT hb reply {"Resource":"hb","Version":0,"Payload":""}
#20249 GET /revival/loadout -> 200
#20250 GET /revival/loadout -> 200
#20251 GET /revival/loadout -> 200
#20252 GET /revival/loadout -> 200
#20253 GET /revival/loadout -> 200
#20254 GET /revival/loadout -> 200
#20255 GET /revival/loadout -> 200
#20256 GET /revival/loadout -> 200
#20257 GET /revival/loadout -> 200
#20258 GET /revival/loadout -> 200
#20259 GET /revival/loadout -> 200
#20260 GET /revival/loadout -> 200
#20261 GET /revival/loadout -> 200
#20262 GET /revival/loadout -> 200
#20263 GET /revival/loadout -> 200
#20264 GET /revival/loadout -> 200
#20265 GET /revival/loadout -> 200
#20266 GET /revival/loadout -> 200
#20267 GET /revival/loadout -> 200
#20268 GET /revival/loadout -> 200
#20269 GET /revival/loadout -> 200
#20270 GET /revival/loadout -> 200
#20271 GET /revival/loadout -> 200
#20272 GET /revival/loadout -> 200
#20273 GET /revival/loadout -> 200
#20274 GET /revival/loadout -> 200
#20275 GET /revival/loadout -> 200
#20276 GET /revival/loadout -> 200
#20277 GET /party/matchmaking/info -> 200
#20278 GET /core-game/regions -> 200
#20279 GET /revival/loadout -> 200
#20280 POST /party/parties/party-9b9d2c887e2524f918e383a895f2f1c2/members/9b9d2c887e2524f918e383a895f2f1c2/latencies -> 200
#20281 GET /revival/loadout -> 200
#20282 GET /revival/loadout -> 200
#20283 GET /revival/loadout -> 200
#20284 GET /revival/loadout -> 200
#20285 GET /revival/loadout -> 200
#20286 GET /revival/loadout -> 200
#20287 GET /revival/loadout -> 200
#20288 GET /revival/loadout -> 200
#20289 GET /revival/loadout -> 200
#20290 GET /revival/loadout -> 200

* 19:38:38.367  WS <- /lobby TEXT ""
#20291 GET /revival/loadout -> 200
#20292 GET /revival/loadout -> 200
#20293 GET /revival/loadout -> 200
#20294 GET /revival/loadout -> 200
#20295 GET /revival/loadout -> 200
#20296 GET /revival/loadout -> 200
#20297 GET /revival/loadout -> 200
#20298 GET /revival/loadout -> 200
#20299 GET /revival/loadout -> 200
#20300 GET /revival/loadout -> 200
#20301 GET /revival/loadout -> 200
#20302 GET /revival/loadout -> 200
#20303 GET /revival/loadout -> 200
#20304 GET /revival/loadout -> 200
#20305 GET /revival/loadout -> 200
#20306 GET /revival/loadout -> 200
#20307 GET /revival/loadout -> 200
#20308 GET /revival/loadout -> 200
#20309 GET /revival/loadout -> 200
#20310 GET /revival/loadout -> 200
#20311 GET /revival/loadout -> 200
#20312 GET /party/players/9b9d2c887e2524f918e383a895f2f1c2/voice -> 200
#20313 GET /revival/loadout -> 200
#20314 GET /revival/loadout -> 200
#20315 GET /revival/loadout -> 200
#20316 GET /revival/loadout -> 200
#20317 GET /revival/loadout -> 200
#20318 GET /revival/loadout -> 200
#20319 GET /revival/loadout -> 200
#20320 GET /revival/loadout -> 200
#20321 GET /revival/loadout -> 200
#20322 GET /revival/loadout -> 200
#20323 GET /revival/loadout -> 200
#20324 GET /revival/loadout -> 200
#20325 GET /revival/loadout -> 200
#20326 GET /revival/loadout -> 200
#20327 GET /revival/loadout -> 200
#20328 GET /revival/loadout -> 200
#20329 GET /revival/loadout -> 200
#20330 GET /revival/loadout -> 200
#20331 GET /revival/loadout -> 200
#20332 GET /revival/loadout -> 200
#20333 GET /revival/loadout -> 200
#20334 GET /revival/loadout -> 200
#20335 GET /revival/loadout -> 200
#20336 GET /revival/loadout -> 200
#20337 GET /revival/loadout -> 200
#20338 GET /revival/loadout -> 200
#20339 GET /revival/loadout -> 200
#20340 GET /revival/loadout -> 200
#20341 GET /revival/loadout -> 200
#20342 GET /revival/loadout -> 200
#20343 GET /revival/loadout -> 200
#20344 GET /revival/loadout -> 200
#20345 GET /revival/loadout -> 200
#20346 GET /revival/loadout -> 200
#20347 GET /revival/loadout -> 200
#20348 GET /revival/loadout -> 200
#20349 GET /revival/loadout -> 200
#20350 GET /revival/loadout -> 200
#20351 GET /revival/loadout -> 200
#20352 GET /revival/loadout -> 200
#20353 GET /revival/loadout -> 200
#20354 GET /revival/loadout -> 200
#20355 GET /revival/loadout -> 200
#20356 GET /revival/loadout -> 200
#20357 GET /revival/loadout -> 200
#20358 GET /revival/loadout -> 200
#20359 GET /revival/loadout -> 200
#20360 GET /revival/loadout -> 200
#20361 GET /revival/loadout -> 200
#20362 GET /revival/loadout -> 200
#20363 GET /revival/loadout -> 200
#20364 GET /revival/loadout -> 200
#20365 GET /revival/loadout -> 200
#20366 GET /revival/loadout -> 200
#20367 GET /revival/loadout -> 200
#20368 GET /revival/loadout -> 200
#20369 GET /revival/loadout -> 200
#20370 GET /configuration/client -> 200
#20371 GET /revival/loadout -> 200
#20372 GET /content-service/manifest/release2.4.live-156430-shipping -> 200
#20373 GET /revival/loadout -> 200
#20374 GET /revival/loadout -> 200
#20375 GET /revival/loadout -> 200
#20376 GET /revival/loadout -> 200
#20377 GET /revival/loadout -> 200
#20378 GET /revival/loadout -> 200
#20379 GET /revival/loadout -> 200
#20380 GET /revival/loadout -> 200
#20381 GET /revival/loadout -> 200
#20382 GET /revival/loadout -> 200
#20383 GET /revival/loadout -> 200
#20384 GET /revival/loadout -> 200
#20385 GET /revival/loadout -> 200
#20386 GET /revival/loadout -> 200
#20387 GET /revival/loadout -> 200
#20388 GET /revival/loadout -> 200
#20389 GET /revival/loadout -> 200
#20390 GET /revival/loadout -> 200
#20391 GET /revival/loadout -> 200
#20392 GET /revival/loadout -> 200
#20393 GET /revival/loadout -> 200
#20394 GET /revival/loadout -> 200
#20395 GET /revival/loadout -> 200
#20396 GET /revival/loadout -> 200
#20397 GET /revival/loadout -> 200
#20398 GET /revival/loadout -> 200
#20399 GET /revival/loadout -> 200
#20400 GET /revival/loadout -> 200
#20401 GET /revival/loadout -> 200
#20402 GET /revival/loadout -> 200
#20403 GET /revival/loadout -> 200
#20404 GET /revival/loadout -> 200
#20405 GET /revival/loadout -> 200
#20406 GET /revival/loadout -> 200
#20407 GET /revival/loadout -> 200
#20408 GET /revival/loadout -> 200
#20409 GET /revival/loadout -> 200
#20410 GET /revival/loadout -> 200
#20411 GET /revival/loadout -> 200
#20412 GET /revival/loadout -> 200
#20413 GET /revival/loadout -> 200
#20414 GET /revival/loadout -> 200
#20415 GET /revival/loadout -> 200
#20416 GET /revival/loadout -> 200
#20417 GET /revival/loadout -> 200
#20418 GET /revival/loadout -> 200
#20419 GET /revival/loadout -> 200

* 19:39:01.402  WS -> /notifications/players/9b9d2c887e2524f918e383a895f2f1c2 BINARY hb (proactive 30s keepalive)
#20420 GET /revival/loadout -> 200
#20421 GET /revival/loadout -> 200
#20422 GET /revival/loadout -> 200
#20423 GET /revival/loadout -> 200
#20424 GET /revival/loadout -> 200
#20425 GET /revival/loadout -> 200
#20426 GET /revival/loadout -> 200
#20427 GET /revival/loadout -> 200
#20428 GET /revival/loadout -> 200
#20429 GET /revival/loadout -> 200
#20430 GET /revival/loadout -> 200
#20431 GET /revival/loadout -> 200
#20432 GET /revival/loadout -> 200
#20433 GET /revival/loadout -> 200
#20434 POST /game-telemetry/v1/protected/events -> 200
#20435 GET /revival/loadout -> 200
#20436 GET /revival/loadout -> 200
#20437 GET /revival/loadout -> 200
#20438 GET /revival/loadout -> 200
#20439 GET /revival/loadout -> 200
#20440 GET /revival/loadout -> 200
#20441 GET /revival/loadout -> 200
#20442 GET /revival/loadout -> 200
#20443 GET /revival/loadout -> 200
#20444 GET /revival/loadout -> 200
#20445 GET /revival/loadout -> 200
#20446 GET /revival/loadout -> 200
#20447 GET /revival/loadout -> 200
#20448 GET /party/matchmaking/info -> 200
#20449 GET /revival/loadout -> 200
#20450 GET /revival/loadout -> 200
#20451 POST /party/parties/party-9b9d2c887e2524f918e383a895f2f1c2/members/9b9d2c887e2524f918e383a895f2f1c2/latencies -> 200
#20452 GET /revival/loadout -> 200
#20453 GET /revival/loadout -> 200
#20454 GET /revival/loadout -> 200
#20455 GET /revival/loadout -> 200
#20456 GET /revival/loadout -> 200
#20457 GET /revival/loadout -> 200
#20458 GET /revival/loadout -> 200
#20459 GET /revival/loadout -> 200
#20460 GET /revival/loadout -> 200

* 19:39:08.397  WS <- /lobby TEXT ""
#20461 GET /revival/loadout -> 200
#20462 GET /revival/loadout -> 200
#20463 GET /revival/loadout -> 200
#20464 GET /revival/loadout -> 200
#20465 GET /revival/loadout -> 200
#20466 GET /revival/loadout -> 200
#20467 GET /revival/loadout -> 200
#20468 GET /revival/loadout -> 200
#20469 GET /revival/loadout -> 200
#20470 GET /revival/loadout -> 200
#20471 GET /revival/loadout -> 200
#20472 GET /revival/loadout -> 200
#20473 GET /revival/loadout -> 200
#20474 GET /revival/loadout -> 200
#20475 GET /revival/loadout -> 200
#20476 GET /revival/loadout -> 200
#20477 GET /revival/loadout -> 200
#20478 GET /revival/loadout -> 200
#20479 GET /revival/loadout -> 200
#20480 GET /revival/loadout -> 200
#20481 GET /revival/loadout -> 200
#20482 GET /revival/loadout -> 200
#20483 GET /party/players/9b9d2c887e2524f918e383a895f2f1c2/voice -> 200
#20484 GET /revival/loadout -> 200
#20485 GET /revival/loadout -> 200
#20486 GET /revival/loadout -> 200
#20487 GET /revival/loadout -> 200
#20488 GET /revival/loadout -> 200
#20489 GET /revival/loadout -> 200
#20490 GET /revival/loadout -> 200
#20491 GET /revival/loadout -> 200
#20492 GET /revival/loadout -> 200
#20493 GET /revival/loadout -> 200
#20494 GET /revival/loadout -> 200
#20495 GET /revival/loadout -> 200
#20496 GET /revival/loadout -> 200
#20497 GET /revival/loadout -> 200
#20498 GET /revival/loadout -> 200
#20499 GET /revival/loadout -> 200
#20500 GET /revival/loadout -> 200
#20501 GET /revival/loadout -> 200
#20502 GET /revival/loadout -> 200
#20503 GET /revival/loadout -> 200
#20504 GET /revival/loadout -> 200
#20505 GET /revival/loadout -> 200
#20506 GET /revival/loadout -> 200
#20507 GET /revival/loadout -> 200
#20508 GET /revival/loadout -> 200
#20509 GET /revival/loadout -> 200
#20510 GET /revival/loadout -> 200
#20511 GET /revival/loadout -> 200
#20512 GET /revival/loadout -> 200
#20513 GET /revival/loadout -> 200
#20514 GET /revival/loadout -> 200
#20515 GET /revival/loadout -> 200
#20516 GET /revival/loadout -> 200
#20517 GET /revival/loadout -> 200
#20518 GET /revival/loadout -> 200
#20519 GET /revival/loadout -> 200
#20520 GET /revival/loadout -> 200
#20521 GET /revival/loadout -> 200
#20522 GET /revival/loadout -> 200
#20523 GET /revival/loadout -> 200
#20524 GET /revival/loadout -> 200
#20525 GET /revival/loadout -> 200
#20526 GET /revival/loadout -> 200
#20527 GET /revival/loadout -> 200
#20528 GET /revival/loadout -> 200
#20529 GET /revival/loadout -> 200
#20530 GET /revival/loadout -> 200
#20531 GET /revival/loadout -> 200
#20532 GET /revival/loadout -> 200
#20533 GET /revival/loadout -> 200
#20534 GET /revival/loadout -> 200
#20535 GET /revival/loadout -> 200
#20536 GET /revival/loadout -> 200
#20537 GET /revival/loadout -> 200
#20538 GET /revival/loadout -> 200
#20539 GET /configuration/client -> 200
#20540 GET /revival/loadout -> 200
#20541 GET /revival/loadout -> 200
#20542 GET /content-service/manifest/release2.4.live-156430-shipping -> 200
#20543 GET /revival/loadout -> 200
#20544 GET /revival/loadout -> 200
#20545 GET /revival/loadout -> 200
#20546 GET /revival/loadout -> 200
#20547 GET /revival/loadout -> 200
#20548 GET /revival/loadout -> 200
#20549 GET /revival/loadout -> 200
#20550 GET /revival/loadout -> 200
#20551 GET /revival/loadout -> 200
#20552 GET /revival/loadout -> 200
#20553 GET /revival/loadout -> 200
#20554 GET /revival/loadout -> 200
#20555 GET /revival/loadout -> 200
#20556 GET /revival/loadout -> 200
#20557 GET /revival/loadout -> 200
#20558 GET /revival/loadout -> 200
#20559 GET /revival/loadout -> 200
#20560 GET /revival/loadout -> 200
#20561 GET /revival/loadout -> 200

* 19:39:26.327  WS <- /notifications/players/9b9d2c887e2524f918e383a895f2f1c2 BINARY (2 bytes) 6862

* 19:39:26.381  WS -> /notifications/players/9b9d2c887e2524f918e383a895f2f1c2 TEXT hb reply {"Resource":"hb","Version":0,"Payload":""}
#20562 GET /revival/loadout -> 200
#20563 GET /revival/loadout -> 200
#20564 GET /revival/loadout -> 200
#20565 GET /revival/loadout -> 200
#20566 GET /revival/loadout -> 200
#20567 GET /revival/loadout -> 200
#20568 GET /revival/loadout -> 200
#20569 GET /revival/loadout -> 200
#20570 GET /revival/loadout -> 200
#20571 GET /revival/loadout -> 200
#20572 GET /revival/loadout -> 200
#20573 GET /revival/loadout -> 200
#20574 GET /revival/loadout -> 200
#20575 GET /revival/loadout -> 200
#20576 GET /revival/loadout -> 200
#20577 GET /revival/loadout -> 200
#20578 GET /revival/loadout -> 200
#20579 GET /revival/loadout -> 200
#20580 GET /revival/loadout -> 200
#20581 GET /revival/loadout -> 200
#20582 GET /revival/loadout -> 200
#20583 GET /revival/loadout -> 200
#20584 GET /revival/loadout -> 200
#20585 GET /revival/loadout -> 200
#20586 GET /revival/loadout -> 200
#20587 GET /revival/loadout -> 200
#20588 GET /revival/loadout -> 200
#20589 GET /revival/loadout -> 200
#20590 GET /revival/loadout -> 200
#20591 GET /revival/loadout -> 200
#20592 GET /revival/loadout -> 200
#20593 GET /revival/loadout -> 200
#20594 GET /revival/loadout -> 200
#20595 GET /revival/loadout -> 200
#20596 GET /revival/loadout -> 200
#20597 GET /revival/loadout -> 200
#20598 GET /revival/loadout -> 200
#20599 GET /revival/loadout -> 200
#20600 GET /revival/loadout -> 200
#20601 GET /revival/loadout -> 200
#20602 GET /revival/loadout -> 200
#20603 GET /revival/loadout -> 200
#20604 GET /revival/loadout -> 200
#20605 GET /revival/loadout -> 200
#20606 GET /revival/loadout -> 200
#20607 GET /revival/loadout -> 200
#20608 GET /revival/loadout -> 200
#20609 GET /revival/loadout -> 200
#20610 GET /revival/loadout -> 200
#20611 GET /revival/loadout -> 200
#20612 GET /revival/loadout -> 200
#20613 GET /revival/loadout -> 200
#20614 GET /revival/loadout -> 200
#20615 GET /revival/loadout -> 200
#20616 GET /core-game/regions -> 200
#20618 GET /party/matchmaking/info -> 200
#20617 GET /mailbox/config/version -> 200
#20619 GET /revival/loadout -> 200
#20620 GET /revival/loadout -> 200
#20621 GET /revival/loadout -> 200
#20622 POST /party/parties/party-9b9d2c887e2524f918e383a895f2f1c2/members/9b9d2c887e2524f918e383a895f2f1c2/latencies -> 200
#20623 GET /revival/loadout -> 200
#20624 GET /revival/loadout -> 200
#20625 GET /revival/loadout -> 200
#20626 GET /revival/loadout -> 200
#20627 GET /revival/loadout -> 200
#20628 GET /revival/loadout -> 200
#20629 GET /revival/loadout -> 200
#20630 GET /revival/loadout -> 200

* 19:39:38.388  WS <- /lobby TEXT ""
#20631 GET /revival/loadout -> 200
#20632 GET /revival/loadout -> 200
#20633 GET /revival/loadout -> 200
#20634 GET /revival/loadout -> 200
#20635 GET /revival/loadout -> 200
#20636 GET /revival/loadout -> 200
#20637 GET /revival/loadout -> 200
#20638 GET /revival/loadout -> 200
#20639 GET /revival/loadout -> 200
#20640 GET /revival/loadout -> 200
#20641 GET /revival/loadout -> 200
#20642 GET /revival/loadout -> 200
#20643 GET /revival/loadout -> 200
#20644 GET /revival/loadout -> 200
#20645 GET /revival/loadout -> 200
#20646 GET /revival/loadout -> 200
#20647 GET /revival/loadout -> 200
#20648 GET /revival/loadout -> 200
#20649 GET /revival/loadout -> 200
#20650 GET /revival/loadout -> 200
#20651 GET /revival/loadout -> 200
#20652 GET /revival/loadout -> 200
#20653 GET /revival/loadout -> 200
#20654 GET /revival/loadout -> 200
#20655 GET /revival/loadout -> 200
#20656 GET /party/players/9b9d2c887e2524f918e383a895f2f1c2/voice -> 200
#20657 GET /revival/loadout -> 200
#20658 GET /revival/loadout -> 200
#20659 GET /revival/loadout -> 200
#20660 GET /revival/loadout -> 200
#20661 GET /revival/loadout -> 200
#20662 GET /revival/loadout -> 200
#20663 GET /revival/loadout -> 200
#20664 GET /revival/loadout -> 200
#20665 GET /revival/loadout -> 200
#20666 GET /revival/loadout -> 200
#20667 GET /revival/loadout -> 200
#20668 GET /revival/loadout -> 200
#20669 GET /revival/loadout -> 200
#20670 GET /revival/loadout -> 200
#20671 GET /revival/loadout -> 200
#20672 GET /revival/loadout -> 200
#20673 GET /revival/loadout -> 200
#20674 GET /revival/loadout -> 200
#20675 GET /revival/loadout -> 200
#20676 GET /revival/loadout -> 200
#20677 GET /revival/loadout -> 200
#20678 GET /revival/loadout -> 200
#20679 GET /revival/loadout -> 200
#20680 GET /revival/loadout -> 200
#20681 GET /revival/loadout -> 200
#20682 GET /revival/loadout -> 200
#20683 GET /revival/loadout -> 200
#20684 GET /revival/loadout -> 200
#20685 GET /revival/loadout -> 200
#20686 GET /revival/loadout -> 200
#20687 GET /revival/loadout -> 200
#20688 GET /revival/loadout -> 200
#20689 GET /revival/loadout -> 200
#20690 GET /revival/loadout -> 200
#20691 GET /revival/loadout -> 200
#20692 GET /revival/loadout -> 200
#20693 GET /revival/loadout -> 200
#20694 GET /revival/loadout -> 200
#20695 GET /revival/loadout -> 200
#20696 GET /revival/loadout -> 200
#20697 GET /revival/loadout -> 200
#20698 GET /revival/loadout -> 200
#20699 GET /revival/loadout -> 200
#20700 GET /revival/loadout -> 200
#20701 GET /revival/loadout -> 200
#20702 GET /revival/loadout -> 200
#20703 GET /revival/loadout -> 200
#20704 GET /revival/loadout -> 200
#20705 GET /revival/loadout -> 200
#20706 GET /revival/loadout -> 200
#20707 GET /revival/loadout -> 200
#20708 GET /revival/loadout -> 200
#20709 GET /revival/loadout -> 200
#20710 GET /configuration/client -> 200
#20711 GET /revival/loadout -> 200
#20712 GET /revival/loadout -> 200
#20713 GET /content-service/manifest/release2.4.live-156430-shipping -> 200
#20714 GET /revival/loadout -> 200
#20715 GET /revival/loadout -> 200
#20716 GET /revival/loadout -> 200
#20717 GET /revival/loadout -> 200
#20718 GET /revival/loadout -> 200
#20719 GET /revival/loadout -> 200
#20720 GET /revival/loadout -> 200
#20721 GET /revival/loadout -> 200
#20722 GET /revival/loadout -> 200
#20723 GET /revival/loadout -> 200
#20724 GET /revival/loadout -> 200
#20725 GET /revival/loadout -> 200
#20726 GET /revival/loadout -> 200
#20727 GET /revival/loadout -> 200
#20728 GET /revival/loadout -> 200
#20729 GET /revival/loadout -> 200
#20730 GET /revival/loadout -> 200
#20731 GET /revival/loadout -> 200
#20732 GET /revival/loadout -> 200

* 19:39:56.431  WS -> /notifications/players/9b9d2c887e2524f918e383a895f2f1c2 BINARY hb (proactive 30s keepalive)
#20733 GET /revival/loadout -> 200
#20734 GET /revival/loadout -> 200
#20735 GET /revival/loadout -> 200
#20736 GET /revival/loadout -> 200
#20737 GET /revival/loadout -> 200
#20738 GET /revival/loadout -> 200
#20739 GET /revival/loadout -> 200
#20740 GET /revival/loadout -> 200
#20741 GET /revival/loadout -> 200
#20742 GET /revival/loadout -> 200
#20743 GET /revival/loadout -> 200
#20744 GET /revival/loadout -> 200
#20745 GET /revival/loadout -> 200
#20746 GET /revival/loadout -> 200
#20747 GET /revival/loadout -> 200
#20748 GET /revival/loadout -> 200
#20749 GET /revival/loadout -> 200
#20750 GET /revival/loadout -> 200
#20751 GET /revival/loadout -> 200
#20752 GET /revival/loadout -> 200
#20753 GET /revival/loadout -> 200
#20754 GET /revival/loadout -> 200
#20755 GET /revival/loadout -> 200
#20756 GET /revival/loadout -> 200
#20757 GET /revival/loadout -> 200
#20758 GET /revival/loadout -> 200
#20759 GET /revival/loadout -> 200
#20760 GET /revival/loadout -> 200
#20761 GET /revival/loadout -> 200
#20762 GET /revival/loadout -> 200
#20763 GET /revival/loadout -> 200
#20764 GET /revival/loadout -> 200
#20765 GET /revival/loadout -> 200
#20766 GET /revival/loadout -> 200
#20767 GET /revival/loadout -> 200
#20768 GET /revival/loadout -> 200
#20769 GET /revival/loadout -> 200
#20770 GET /revival/loadout -> 200
#20771 GET /revival/loadout -> 200
#20772 GET /revival/loadout -> 200
#20773 GET /revival/loadout -> 200
#20774 POST /game-telemetry/v1/protected/events -> 200
#20775 GET /revival/loadout -> 200
#20776 GET /revival/loadout -> 200
#20777 GET /revival/loadout -> 200
#20778 GET /revival/loadout -> 200
#20779 GET /revival/loadout -> 200
#20780 GET /revival/loadout -> 200
#20781 GET /revival/loadout -> 200
#20782 GET /revival/loadout -> 200
#20783 GET /revival/loadout -> 200
#20784 GET /revival/loadout -> 200
#20785 GET /revival/loadout -> 200
#20786 GET /revival/loadout -> 200
#20787 GET /revival/loadout -> 200
#20788 GET /party/matchmaking/info -> 200
#20789 GET /revival/loadout -> 200
#20790 GET /revival/loadout -> 200
#20791 GET /revival/loadout -> 200
#20792 GET /revival/loadout -> 200
#20793 POST /party/parties/party-9b9d2c887e2524f918e383a895f2f1c2/members/9b9d2c887e2524f918e383a895f2f1c2/latencies -> 200
#20794 GET /revival/loadout -> 200
#20795 GET /revival/loadout -> 200
#20796 GET /revival/loadout -> 200
#20797 GET /revival/loadout -> 200
#20798 GET /revival/loadout -> 200
#20799 GET /revival/loadout -> 200
#20800 GET /revival/loadout -> 200

* 19:40:08.406  WS <- /lobby TEXT ""
#20801 GET /revival/loadout -> 200
#20802 GET /revival/loadout -> 200
#20803 GET /revival/loadout -> 200
#20804 GET /revival/loadout -> 200
#20805 GET /revival/loadout -> 200
#20806 GET /revival/loadout -> 200
#20807 GET /revival/loadout -> 200
#20808 GET /revival/loadout -> 200
#20809 GET /revival/loadout -> 200
#20810 GET /revival/loadout -> 200
#20811 GET /revival/loadout -> 200
#20812 GET /revival/loadout -> 200
#20813 GET /revival/loadout -> 200
#20814 GET /revival/loadout -> 200
#20815 GET /revival/loadout -> 200
#20816 GET /revival/loadout -> 200
#20817 GET /revival/loadout -> 200
#20818 GET /revival/loadout -> 200
#20819 GET /revival/loadout -> 200
#20820 GET /revival/loadout -> 200
#20821 GET /revival/loadout -> 200
#20822 GET /revival/loadout -> 200
#20823 GET /revival/loadout -> 200
#20824 GET /revival/loadout -> 200
#20825 GET /revival/loadout -> 200
#20826 GET /revival/loadout -> 200
#20827 GET /revival/loadout -> 200
#20828 GET /party/players/9b9d2c887e2524f918e383a895f2f1c2/voice -> 200
#20829 GET /revival/loadout -> 200
#20830 GET /revival/loadout -> 200
#20831 GET /revival/loadout -> 200
#20832 GET /revival/loadout -> 200
#20833 GET /revival/loadout -> 200
#20834 GET /revival/loadout -> 200
#20835 GET /revival/loadout -> 200
#20836 GET /revival/loadout -> 200
#20837 GET /revival/loadout -> 200
#20838 GET /revival/loadout -> 200
#20839 GET /revival/loadout -> 200
#20840 GET /revival/loadout -> 200
#20841 GET /revival/loadout -> 200
#20842 GET /revival/loadout -> 200
#20843 GET /revival/loadout -> 200
#20844 GET /revival/loadout -> 200
#20845 GET /revival/loadout -> 200
#20846 GET /revival/loadout -> 200
#20847 GET /revival/loadout -> 200
#20848 GET /revival/loadout -> 200
#20849 GET /revival/loadout -> 200
#20850 GET /revival/loadout -> 200
#20851 GET /revival/loadout -> 200
#20852 GET /revival/loadout -> 200
#20853 GET /revival/loadout -> 200
#20854 GET /revival/loadout -> 200
#20855 GET /revival/loadout -> 200
#20856 GET /revival/loadout -> 200
#20857 GET /revival/loadout -> 200
#20858 GET /revival/loadout -> 200
#20859 GET /revival/loadout -> 200
#20860 GET /revival/loadout -> 200
#20861 GET /revival/loadout -> 200
#20862 GET /revival/loadout -> 200
#20863 GET /revival/loadout -> 200
#20864 GET /revival/loadout -> 200
#20865 GET /revival/loadout -> 200
#20866 GET /revival/loadout -> 200
#20867 GET /revival/loadout -> 200
#20868 GET /revival/loadout -> 200
#20869 GET /revival/loadout -> 200
#20870 GET /revival/loadout -> 200
#20871 GET /revival/loadout -> 200
#20872 GET /revival/loadout -> 200
#20873 GET /revival/loadout -> 200

* 19:40:21.338  WS <- /notifications/players/9b9d2c887e2524f918e383a895f2f1c2 BINARY (2 bytes) 6862

* 19:40:21.361  WS -> /notifications/players/9b9d2c887e2524f918e383a895f2f1c2 TEXT hb reply {"Resource":"hb","Version":0,"Payload":""}
#20874 GET /revival/loadout -> 200
#20875 GET /revival/loadout -> 200
#20876 GET /revival/loadout -> 200
#20877 GET /revival/loadout -> 200
#20878 GET /revival/loadout -> 200
#20879 GET /revival/loadout -> 200
#20880 GET /revival/loadout -> 200
#20881 GET /configuration/client -> 200
#20882 GET /revival/loadout -> 200
#20883 GET /revival/loadout -> 200
#20884 GET /content-service/manifest/release2.4.live-156430-shipping -> 200
#20885 GET /revival/loadout -> 200
#20886 GET /revival/loadout -> 200
#20887 GET /revival/loadout -> 200
#20888 GET /revival/loadout -> 200
#20889 GET /revival/loadout -> 200
#20890 GET /revival/loadout -> 200
#20891 GET /revival/loadout -> 200
#20892 GET /revival/loadout -> 200
#20893 GET /revival/loadout -> 200
#20894 GET /revival/loadout -> 200
#20895 GET /revival/loadout -> 200
#20896 GET /revival/loadout -> 200
#20897 GET /revival/loadout -> 200
#20898 GET /revival/loadout -> 200
#20899 GET /revival/loadout -> 200
#20900 GET /revival/loadout -> 200
#20901 GET /revival/loadout -> 200
#20902 GET /revival/loadout -> 200
#20903 GET /revival/loadout -> 200
#20904 GET /revival/loadout -> 200
#20905 GET /revival/loadout -> 200
#20906 GET /revival/loadout -> 200
#20907 GET /revival/loadout -> 200
#20908 GET /revival/loadout -> 200
#20909 GET /revival/loadout -> 200
#20910 GET /revival/loadout -> 200
#20911 GET /revival/loadout -> 200
#20912 GET /revival/loadout -> 200
#20913 GET /revival/loadout -> 200
#20914 GET /revival/loadout -> 200
#20915 GET /revival/loadout -> 200
#20916 GET /revival/loadout -> 200
#20917 GET /revival/loadout -> 200
#20918 GET /revival/loadout -> 200
#20919 GET /revival/loadout -> 200
#20920 GET /revival/loadout -> 200
#20921 GET /revival/loadout -> 200
#20922 GET /revival/loadout -> 200
#20923 GET /revival/loadout -> 200
#20924 GET /revival/loadout -> 200
#20925 GET /revival/loadout -> 200
#20926 GET /revival/loadout -> 200
#20927 GET /revival/loadout -> 200
#20928 GET /revival/loadout -> 200
#20929 GET /revival/loadout -> 200
#20930 GET /revival/loadout -> 200
#20931 GET /revival/loadout -> 200
#20932 GET /revival/loadout -> 200
#20933 GET /revival/loadout -> 200
#20934 GET /revival/loadout -> 200
#20935 GET /revival/loadout -> 200
#20936 GET /revival/loadout -> 200
#20937 GET /revival/loadout -> 200
#20938 GET /revival/loadout -> 200
#20939 GET /revival/loadout -> 200
#20940 GET /revival/loadout -> 200
#20941 GET /revival/loadout -> 200
#20942 GET /revival/loadout -> 200
#20943 GET /revival/loadout -> 200
#20944 GET /revival/loadout -> 200
#20945 GET /revival/loadout -> 200
#20946 GET /revival/loadout -> 200
#20947 GET /revival/loadout -> 200
#20948 GET /revival/loadout -> 200
#20949 GET /revival/loadout -> 200
#20950 GET /revival/loadout -> 200
#20951 GET /revival/loadout -> 200
#20952 GET /revival/loadout -> 200
#20953 GET /revival/loadout -> 200
#20954 GET /revival/loadout -> 200
#20955 GET /revival/loadout -> 200
#20956 GET /revival/loadout -> 200
#20957 GET /revival/loadout -> 200
#20958 GET /revival/loadout -> 200
#20959 GET /revival/loadout -> 200
#20960 GET /party/matchmaking/info -> 200
#20961 GET /core-game/regions -> 200
#20962 GET /revival/loadout -> 200
#20963 GET /revival/loadout -> 200
#20964 GET /revival/loadout -> 200
#20965 GET /revival/loadout -> 200
#20966 POST /party/parties/party-9b9d2c887e2524f918e383a895f2f1c2/members/9b9d2c887e2524f918e383a895f2f1c2/latencies -> 200
#20967 GET /revival/loadout -> 200
#20968 GET /revival/loadout -> 200
#20969 GET /revival/loadout -> 200
#20970 GET /revival/loadout -> 200
#20971 GET /revival/loadout -> 200
#20972 GET /revival/loadout -> 200
#20973 GET /revival/loadout -> 200

* 19:40:38.395  WS <- /lobby TEXT ""
#20974 GET /revival/loadout -> 200
#20975 GET /revival/loadout -> 200
#20976 GET /revival/loadout -> 200
#20977 GET /revival/loadout -> 200
#20978 GET /revival/loadout -> 200
#20979 GET /revival/loadout -> 200
#20980 GET /revival/loadout -> 200
#20981 GET /revival/loadout -> 200
#20982 GET /revival/loadout -> 200
#20983 GET /revival/loadout -> 200
#20984 GET /revival/loadout -> 200
#20985 GET /revival/loadout -> 200
#20986 GET /revival/loadout -> 200
#20987 GET /revival/loadout -> 200
#20988 GET /revival/loadout -> 200
#20989 GET /revival/loadout -> 200
#20990 GET /revival/loadout -> 200
#20991 GET /revival/loadout -> 200
#20992 GET /revival/loadout -> 200
#20993 GET /revival/loadout -> 200
#20994 GET /revival/loadout -> 200
#20995 GET /revival/loadout -> 200
#20996 GET /revival/loadout -> 200
#20997 GET /revival/loadout -> 200
#20998 GET /revival/loadout -> 200
#20999 GET /revival/loadout -> 200
#21000 GET /revival/loadout -> 200
#21001 GET /revival/loadout -> 200
#21002 GET /revival/loadout -> 200
#21003 GET /revival/loadout -> 200
#21004 GET /party/players/9b9d2c887e2524f918e383a895f2f1c2/voice -> 200
#21005 GET /revival/loadout -> 200
#21006 GET /revival/loadout -> 200
#21007 GET /revival/loadout -> 200
#21008 GET /revival/loadout -> 200
#21009 GET /revival/loadout -> 200
#21010 GET /revival/loadout -> 200
#21011 GET /revival/loadout -> 200
#21012 GET /revival/loadout -> 200
#21013 GET /revival/loadout -> 200
#21014 GET /revival/loadout -> 200
#21015 GET /revival/loadout -> 200
#21016 GET /revival/loadout -> 200
#21017 GET /revival/loadout -> 200
#21018 GET /revival/loadout -> 200
#21019 GET /revival/loadout -> 200
#21020 GET /revival/loadout -> 200
#21021 GET /revival/loadout -> 200
#21022 GET /revival/loadout -> 200
#21023 GET /revival/loadout -> 200
#21024 GET /revival/loadout -> 200
#21025 GET /revival/loadout -> 200
#21026 GET /revival/loadout -> 200
#21027 GET /revival/loadout -> 200
#21028 GET /revival/loadout -> 200
#21029 GET /revival/loadout -> 200
#21030 GET /revival/loadout -> 200
#21031 GET /revival/loadout -> 200
#21032 GET /revival/loadout -> 200
#21033 GET /revival/loadout -> 200
#21034 GET /revival/loadout -> 200
#21035 GET /revival/loadout -> 200
#21036 GET /revival/loadout -> 200
#21037 GET /revival/loadout -> 200
#21038 GET /revival/loadout -> 200
#21039 GET /revival/loadout -> 200
#21040 GET /revival/loadout -> 200
#21041 GET /revival/loadout -> 200
#21042 GET /revival/loadout -> 200
#21043 GET /revival/loadout -> 200
#21044 GET /revival/loadout -> 200
#21045 GET /revival/loadout -> 200
#21046 GET /revival/loadout -> 200
#21047 GET /revival/loadout -> 200
#21048 GET /revival/loadout -> 200

* 19:40:51.401  WS -> /notifications/players/9b9d2c887e2524f918e383a895f2f1c2 BINARY hb (proactive 30s keepalive)
#21049 GET /revival/loadout -> 200
#21050 GET /revival/loadout -> 200
#21051 GET /revival/loadout -> 200
#21052 GET /revival/loadout -> 200
#21053 GET /revival/loadout -> 200
#21054 GET /revival/loadout -> 200
#21055 GET /revival/loadout -> 200
#21056 GET /configuration/client -> 200
#21057 GET /revival/loadout -> 200
#21058 GET /revival/loadout -> 200
#21059 GET /content-service/manifest/release2.4.live-156430-shipping -> 200
#21060 GET /revival/loadout -> 200
#21061 GET /revival/loadout -> 200
#21062 GET /revival/loadout -> 200
#21063 GET /revival/loadout -> 200
#21064 GET /revival/loadout -> 200
#21065 GET /revival/loadout -> 200
#21066 GET /revival/loadout -> 200
#21067 GET /revival/loadout -> 200
#21068 GET /revival/loadout -> 200
#21069 GET /revival/loadout -> 200
#21070 GET /revival/loadout -> 200
#21071 GET /revival/loadout -> 200
#21072 GET /revival/loadout -> 200
#21073 GET /revival/loadout -> 200
#21074 GET /revival/loadout -> 200
#21075 GET /revival/loadout -> 200
#21076 GET /revival/loadout -> 200
#21077 GET /revival/loadout -> 200
#21078 GET /revival/loadout -> 200
#21079 GET /revival/loadout -> 200
#21080 GET /revival/loadout -> 200
#21081 GET /revival/loadout -> 200
#21082 GET /revival/loadout -> 200
#21083 GET /revival/loadout -> 200
#21084 GET /revival/loadout -> 200
#21085 GET /revival/loadout -> 200
#21086 GET /revival/loadout -> 200
#21087 GET /revival/loadout -> 200
#21088 GET /revival/loadout -> 200
#21089 GET /revival/loadout -> 200
#21090 GET /revival/loadout -> 200
#21091 GET /revival/loadout -> 200
#21092 GET /revival/loadout -> 200
#21093 GET /revival/loadout -> 200
#21094 GET /revival/loadout -> 200
#21095 GET /revival/loadout -> 200
#21096 GET /revival/loadout -> 200
#21097 GET /revival/loadout -> 200
#21098 GET /revival/loadout -> 200
#21099 GET /revival/loadout -> 200
#21100 GET /revival/loadout -> 200
#21101 GET /revival/loadout -> 200
#21102 GET /revival/loadout -> 200
#21103 GET /revival/loadout -> 200
#21104 GET /revival/loadout -> 200
#21105 GET /revival/loadout -> 200
#21106 GET /revival/loadout -> 200
#21107 GET /revival/loadout -> 200
#21108 GET /revival/loadout -> 200
#21109 GET /revival/loadout -> 200
#21110 GET /revival/loadout -> 200
#21111 GET /revival/loadout -> 200
#21112 GET /revival/loadout -> 200
#21113 GET /revival/loadout -> 200
#21114 GET /revival/loadout -> 200
#21115 GET /revival/loadout -> 200
#21116 GET /revival/loadout -> 200
#21117 GET /revival/loadout -> 200
#21118 GET /revival/loadout -> 200
#21119 GET /revival/loadout -> 200
#21120 GET /revival/loadout -> 200
#21121 POST /game-telemetry/v1/protected/events -> 200
#21122 GET /revival/loadout -> 200
#21123 GET /revival/loadout -> 200
#21124 GET /revival/loadout -> 200
#21125 GET /revival/loadout -> 200
#21126 GET /revival/loadout -> 200
#21127 GET /revival/loadout -> 200
#21128 GET /revival/loadout -> 200
#21129 GET /revival/loadout -> 200
#21130 GET /revival/loadout -> 200
#21131 GET /revival/loadout -> 200
#21132 GET /revival/loadout -> 200
#21133 GET /revival/loadout -> 200
#21134 GET /revival/loadout -> 200
#21135 GET /mailbox/config/version -> 200
#21136 GET /party/matchmaking/info -> 200
#21137 GET /revival/loadout -> 200
#21138 GET /revival/loadout -> 200
#21139 GET /revival/loadout -> 200
#21140 GET /revival/loadout -> 200
#21141 GET /revival/loadout -> 200
#21142 POST /party/parties/party-9b9d2c887e2524f918e383a895f2f1c2/members/9b9d2c887e2524f918e383a895f2f1c2/latencies -> 200
#21143 GET /revival/loadout -> 200
#21144 GET /revival/loadout -> 200
#21145 GET /revival/loadout -> 200
#21146 GET /revival/loadout -> 200
#21147 GET /revival/loadout -> 200
#21148 GET /revival/loadout -> 200
#21149 GET /revival/loadout -> 200

* 19:41:08.423  WS <- /lobby TEXT ""
#21150 GET /revival/loadout -> 200
#21151 GET /revival/loadout -> 200
#21152 GET /revival/loadout -> 200
#21153 GET /revival/loadout -> 200
#21154 GET /revival/loadout -> 200
#21155 GET /revival/loadout -> 200
#21156 GET /revival/loadout -> 200
#21157 GET /revival/loadout -> 200
#21158 GET /revival/loadout -> 200
#21159 GET /revival/loadout -> 200
#21160 GET /revival/loadout -> 200
#21161 GET /revival/loadout -> 200
#21162 GET /revival/loadout -> 200
#21163 GET /revival/loadout -> 200
#21164 GET /revival/loadout -> 200
#21165 GET /revival/loadout -> 200
#21166 GET /revival/loadout -> 200
#21167 GET /revival/loadout -> 200
#21168 GET /revival/loadout -> 200
#21169 GET /revival/loadout -> 200
#21170 GET /revival/loadout -> 200
#21171 GET /revival/loadout -> 200
#21172 GET /revival/loadout -> 200
#21173 GET /revival/loadout -> 200
#21174 GET /revival/loadout -> 200
#21175 GET /revival/loadout -> 200
#21176 GET /revival/loadout -> 200
#21177 GET /revival/loadout -> 200
#21178 GET /revival/loadout -> 200
#21179 GET /revival/loadout -> 200
#21180 GET /revival/loadout -> 200
#21181 GET /party/players/9b9d2c887e2524f918e383a895f2f1c2/voice -> 200
#21182 GET /revival/loadout -> 200
#21183 GET /revival/loadout -> 200
#21184 GET /revival/loadout -> 200
#21185 GET /revival/loadout -> 200
#21186 GET /revival/loadout -> 200
#21187 GET /revival/loadout -> 200
#21188 GET /revival/loadout -> 200
#21189 GET /revival/loadout -> 200
#21190 GET /revival/loadout -> 200
#21191 GET /revival/loadout -> 200
#21192 GET /revival/loadout -> 200
#21193 GET /revival/loadout -> 200
#21194 GET /revival/loadout -> 200
#21195 GET /revival/loadout -> 200

* 19:41:16.338  WS <- /notifications/players/9b9d2c887e2524f918e383a895f2f1c2 BINARY (2 bytes) 6862

* 19:41:16.357  WS -> /notifications/players/9b9d2c887e2524f918e383a895f2f1c2 TEXT hb reply {"Resource":"hb","Version":0,"Payload":""}
#21196 GET /revival/loadout -> 200
#21197 GET /revival/loadout -> 200
#21198 GET /revival/loadout -> 200
#21199 GET /revival/loadout -> 200
#21200 GET /revival/loadout -> 200
#21201 GET /revival/loadout -> 200
#21202 GET /revival/loadout -> 200
#21203 GET /revival/loadout -> 200
#21204 GET /revival/loadout -> 200
#21205 GET /revival/loadout -> 200
#21206 GET /revival/loadout -> 200
#21207 GET /revival/loadout -> 200
#21208 GET /revival/loadout -> 200
#21209 GET /revival/loadout -> 200
#21210 GET /revival/loadout -> 200
#21211 GET /revival/loadout -> 200
#21212 GET /revival/loadout -> 200
#21213 GET /revival/loadout -> 200
#21214 GET /revival/loadout -> 200
#21215 GET /revival/loadout -> 200
#21216 GET /revival/loadout -> 200
#21217 GET /revival/loadout -> 200
#21218 GET /revival/loadout -> 200
#21219 GET /revival/loadout -> 200
#21220 GET /revival/loadout -> 200
#21221 GET /revival/loadout -> 200
#21222 GET /revival/loadout -> 200
#21223 GET /revival/loadout -> 200
#21224 GET /revival/loadout -> 200
#21225 GET /revival/loadout -> 200
#21226 GET /revival/loadout -> 200
#21227 GET /revival/loadout -> 200
#21228 GET /revival/loadout -> 200
#21229 GET /revival/loadout -> 200
#21230 GET /revival/loadout -> 200
#21231 GET /configuration/client -> 200
#21232 GET /revival/loadout -> 200
#21233 GET /content-service/manifest/release2.4.live-156430-shipping -> 200
#21234 GET /revival/loadout -> 200
#21235 GET /revival/loadout -> 200
#21236 GET /revival/loadout -> 200
#21237 GET /revival/loadout -> 200
#21238 GET /revival/loadout -> 200
#21239 GET /revival/loadout -> 200
#21240 GET /revival/loadout -> 200
#21241 GET /revival/loadout -> 200
#21242 GET /revival/loadout -> 200
#21243 GET /revival/loadout -> 200
#21244 GET /revival/loadout -> 200
#21245 GET /revival/loadout -> 200
#21246 GET /revival/loadout -> 200
#21247 GET /revival/loadout -> 200
#21248 GET /revival/loadout -> 200
#21249 GET /revival/loadout -> 200
#21250 GET /revival/loadout -> 200
#21251 GET /revival/loadout -> 200
#21252 GET /revival/loadout -> 200
#21253 GET /revival/loadout -> 200
#21254 GET /revival/loadout -> 200
#21255 GET /revival/loadout -> 200
#21256 GET /revival/loadout -> 200
#21257 GET /revival/loadout -> 200
#21258 GET /revival/loadout -> 200
#21259 GET /revival/loadout -> 200
#21260 GET /revival/loadout -> 200
#21261 GET /revival/loadout -> 200
#21262 GET /revival/loadout -> 200
#21263 GET /revival/loadout -> 200
#21264 GET /revival/loadout -> 200
#21265 GET /revival/loadout -> 200
#21266 GET /revival/loadout -> 200
#21267 GET /revival/loadout -> 200
#21268 GET /revival/loadout -> 200
#21269 GET /revival/loadout -> 200
#21270 GET /revival/loadout -> 200
#21271 GET /revival/loadout -> 200
#21272 GET /revival/loadout -> 200
#21273 GET /revival/loadout -> 200
#21274 GET /revival/loadout -> 200
#21275 GET /revival/loadout -> 200
#21276 GET /revival/loadout -> 200
#21277 GET /revival/loadout -> 200
#21278 GET /revival/loadout -> 200
#21279 GET /revival/loadout -> 200
#21280 GET /revival/loadout -> 200
#21281 GET /revival/loadout -> 200
#21282 GET /revival/loadout -> 200
#21283 GET /revival/loadout -> 200
#21284 GET /revival/loadout -> 200
#21285 GET /revival/loadout -> 200
#21286 GET /revival/loadout -> 200
#21287 GET /revival/loadout -> 200
#21288 GET /revival/loadout -> 200
#21289 GET /revival/loadout -> 200
#21290 GET /revival/loadout -> 200
#21291 GET /revival/loadout -> 200
#21292 GET /revival/loadout -> 200
#21293 GET /revival/loadout -> 200
#21294 GET /revival/loadout -> 200
#21295 GET /revival/loadout -> 200
#21296 GET /revival/loadout -> 200
#21297 GET /revival/loadout -> 200
#21298 GET /revival/loadout -> 200
#21299 GET /revival/loadout -> 200
#21300 GET /revival/loadout -> 200
#21301 GET /revival/loadout -> 200
#21302 GET /revival/loadout -> 200
#21303 GET /revival/loadout -> 200
#21304 GET /revival/loadout -> 200
#21305 GET /revival/loadout -> 200
#21306 GET /revival/loadout -> 200
#21307 GET /revival/loadout -> 200
#21308 GET /revival/loadout -> 200
#21309 GET /revival/loadout -> 200
#21310 GET /core-game/regions -> 200
#21311 GET /party/matchmaking/info -> 200
#21312 GET /revival/loadout -> 200
#21313 GET /revival/loadout -> 200
#21314 GET /revival/loadout -> 200
#21315 GET /revival/loadout -> 200
#21316 GET /revival/loadout -> 200
#21317 GET /revival/loadout -> 200
#21318 POST /party/parties/party-9b9d2c887e2524f918e383a895f2f1c2/members/9b9d2c887e2524f918e383a895f2f1c2/latencies -> 200
#21319 GET /revival/loadout -> 200
#21320 GET /revival/loadout -> 200
#21321 GET /revival/loadout -> 200
#21322 GET /revival/loadout -> 200
#21323 GET /revival/loadout -> 200
#21324 GET /revival/loadout -> 200

* 19:41:38.419  WS <- /lobby TEXT ""
#21325 GET /revival/loadout -> 200
#21326 GET /revival/loadout -> 200
#21327 GET /revival/loadout -> 200
#21328 GET /revival/loadout -> 200
#21329 GET /revival/loadout -> 200
#21330 GET /revival/loadout -> 200
#21331 GET /revival/loadout -> 200
#21332 GET /revival/loadout -> 200
#21333 GET /revival/loadout -> 200
#21334 GET /revival/loadout -> 200
#21335 GET /revival/loadout -> 200
#21336 GET /revival/loadout -> 200
#21337 GET /revival/loadout -> 200
#21338 GET /revival/loadout -> 200
#21339 GET /revival/loadout -> 200
#21340 GET /revival/loadout -> 200
#21341 GET /revival/loadout -> 200
#21342 GET /revival/loadout -> 200
#21343 GET /revival/loadout -> 200
#21344 GET /revival/loadout -> 200
#21345 GET /revival/loadout -> 200
#21346 GET /revival/loadout -> 200
#21347 GET /revival/loadout -> 200
#21348 GET /revival/loadout -> 200
#21349 GET /revival/loadout -> 200
#21350 GET /revival/loadout -> 200
#21351 GET /revival/loadout -> 200
#21352 GET /revival/loadout -> 200
#21353 GET /revival/loadout -> 200
#21354 GET /revival/loadout -> 200
#21355 GET /revival/loadout -> 200
#21356 GET /revival/loadout -> 200
#21357 GET /revival/loadout -> 200
#21358 GET /revival/loadout -> 200
#21359 GET /party/players/9b9d2c887e2524f918e383a895f2f1c2/voice -> 200
#21360 GET /revival/loadout -> 200
#21361 GET /revival/loadout -> 200
#21362 GET /revival/loadout -> 200
#21363 GET /revival/loadout -> 200
#21364 GET /revival/loadout -> 200
#21365 GET /revival/loadout -> 200
#21366 GET /revival/loadout -> 200
#21367 GET /revival/loadout -> 200
#21368 GET /revival/loadout -> 200
#21369 GET /revival/loadout -> 200
#21370 GET /revival/loadout -> 200

* 19:41:46.398  WS -> /notifications/players/9b9d2c887e2524f918e383a895f2f1c2 BINARY hb (proactive 30s keepalive)
#21371 GET /revival/loadout -> 200
#21372 GET /revival/loadout -> 200
#21373 GET /revival/loadout -> 200
#21374 GET /revival/loadout -> 200
#21375 GET /revival/loadout -> 200
#21376 GET /revival/loadout -> 200
#21377 GET /revival/loadout -> 200
#21378 GET /revival/loadout -> 200
#21379 GET /revival/loadout -> 200
#21380 GET /revival/loadout -> 200
#21381 GET /revival/loadout -> 200
#21382 GET /revival/loadout -> 200
#21383 GET /revival/loadout -> 200
#21384 GET /revival/loadout -> 200
#21385 GET /revival/loadout -> 200
#21386 GET /revival/loadout -> 200
#21387 GET /revival/loadout -> 200
#21388 GET /revival/loadout -> 200
#21389 GET /revival/loadout -> 200
#21390 GET /revival/loadout -> 200
#21391 GET /revival/loadout -> 200
#21392 GET /revival/loadout -> 200
#21393 GET /revival/loadout -> 200
#21394 GET /revival/loadout -> 200
#21395 GET /revival/loadout -> 200
#21396 GET /revival/loadout -> 200
#21397 GET /revival/loadout -> 200
#21398 GET /revival/loadout -> 200
#21399 GET /revival/loadout -> 200
#21400 GET /revival/loadout -> 200
#21401 GET /revival/loadout -> 200
#21402 GET /revival/loadout -> 200
#21403 GET /revival/loadout -> 200
#21404 GET /revival/loadout -> 200
#21405 GET /configuration/client -> 200
#21406 GET /revival/loadout -> 200
#21407 GET /revival/loadout -> 200
#21408 GET /content-service/manifest/release2.4.live-156430-shipping -> 200
#21409 GET /revival/loadout -> 200
#21410 GET /revival/loadout -> 200
#21411 GET /revival/loadout -> 200
#21412 GET /revival/loadout -> 200
#21413 GET /revival/loadout -> 200
#21414 GET /revival/loadout -> 200
#21415 GET /revival/loadout -> 200
#21416 GET /revival/loadout -> 200
#21417 GET /revival/loadout -> 200
#21418 GET /revival/loadout -> 200
#21419 GET /revival/loadout -> 200
#21420 GET /revival/loadout -> 200
#21421 GET /revival/loadout -> 200
#21422 GET /revival/loadout -> 200
#21423 GET /revival/loadout -> 200
#21424 GET /revival/loadout -> 200
#21425 GET /revival/loadout -> 200
#21426 GET /revival/loadout -> 200
#21427 GET /revival/loadout -> 200
#21428 GET /revival/loadout -> 200
#21429 GET /revival/loadout -> 200
#21430 GET /revival/loadout -> 200
#21431 GET /revival/loadout -> 200
#21432 GET /revival/loadout -> 200
#21433 GET /revival/loadout -> 200
#21434 GET /revival/loadout -> 200
#21435 GET /revival/loadout -> 200
#21436 GET /revival/loadout -> 200
#21437 GET /revival/loadout -> 200
#21438 GET /revival/loadout -> 200
#21439 GET /revival/loadout -> 200
#21440 GET /revival/loadout -> 200
#21441 GET /revival/loadout -> 200
#21442 GET /revival/loadout -> 200
#21443 GET /revival/loadout -> 200
#21444 GET /revival/loadout -> 200
#21445 GET /revival/loadout -> 200
#21446 GET /revival/loadout -> 200
#21447 GET /revival/loadout -> 200
#21448 GET /revival/loadout -> 200
#21449 GET /revival/loadout -> 200
#21450 GET /revival/loadout -> 200
#21451 GET /revival/loadout -> 200
#21452 GET /revival/loadout -> 200
#21453 GET /revival/loadout -> 200
#21454 GET /revival/loadout -> 200
#21455 GET /revival/loadout -> 200
#21456 GET /revival/loadout -> 200
#21457 GET /revival/loadout -> 200
#21458 GET /revival/loadout -> 200
#21459 GET /revival/loadout -> 200
#21460 GET /revival/loadout -> 200
#21461 GET /revival/loadout -> 200
#21462 GET /revival/loadout -> 200
#21463 GET /revival/loadout -> 200
#21464 GET /revival/loadout -> 200
#21465 GET /revival/loadout -> 200
#21466 GET /revival/loadout -> 200
#21467 GET /revival/loadout -> 200
#21468 GET /revival/loadout -> 200
#21469 GET /revival/loadout -> 200
#21470 GET /revival/loadout -> 200
#21471 POST /game-telemetry/v1/protected/events -> 200
#21472 GET /revival/loadout -> 200
#21473 GET /revival/loadout -> 200
#21474 GET /revival/loadout -> 200
#21475 GET /revival/loadout -> 200
#21476 GET /revival/loadout -> 200
#21477 GET /revival/loadout -> 200
#21478 GET /revival/loadout -> 200
#21479 GET /revival/loadout -> 200
#21480 GET /revival/loadout -> 200
#21481 GET /revival/loadout -> 200
#21482 GET /revival/loadout -> 200
#21483 GET /revival/loadout -> 200
#21484 GET /revival/loadout -> 200
#21485 GET /revival/loadout -> 200
#21486 GET /party/matchmaking/info -> 200
#21487 GET /revival/loadout -> 200
#21488 GET /revival/loadout -> 200
#21489 GET /revival/loadout -> 200
#21490 GET /revival/loadout -> 200
#21491 GET /revival/loadout -> 200
#21492 GET /revival/loadout -> 200
#21493 GET /revival/loadout -> 200
#21494 POST /party/parties/party-9b9d2c887e2524f918e383a895f2f1c2/members/9b9d2c887e2524f918e383a895f2f1c2/latencies -> 200
#21495 GET /revival/loadout -> 200
#21496 GET /revival/loadout -> 200
#21497 GET /revival/loadout -> 200
#21498 GET /revival/loadout -> 200
#21499 GET /revival/loadout -> 200

* 19:42:08.407  WS <- /lobby TEXT ""
#21500 GET /revival/loadout -> 200
#21501 GET /revival/loadout -> 200
#21502 GET /revival/loadout -> 200
#21503 GET /revival/loadout -> 200
#21504 GET /revival/loadout -> 200
#21505 GET /revival/loadout -> 200
#21506 GET /revival/loadout -> 200
#21507 GET /revival/loadout -> 200
#21508 GET /revival/loadout -> 200
#21509 GET /revival/loadout -> 200
#21510 GET /revival/loadout -> 200
#21511 GET /revival/loadout -> 200
#21512 GET /revival/loadout -> 200
#21513 GET /revival/loadout -> 200
#21514 GET /revival/loadout -> 200
#21515 GET /revival/loadout -> 200
#21516 GET /revival/loadout -> 200

* 19:42:11.337  WS <- /notifications/players/9b9d2c887e2524f918e383a895f2f1c2 BINARY (2 bytes) 6862

* 19:42:11.361  WS -> /notifications/players/9b9d2c887e2524f918e383a895f2f1c2 TEXT hb reply {"Resource":"hb","Version":0,"Payload":""}
#21517 GET /revival/loadout -> 200
#21518 GET /revival/loadout -> 200
#21519 GET /revival/loadout -> 200
#21520 GET /revival/loadout -> 200
#21521 GET /revival/loadout -> 200
#21522 GET /revival/loadout -> 200
#21523 GET /revival/loadout -> 200
#21524 GET /revival/loadout -> 200
#21525 GET /revival/loadout -> 200
#21526 GET /revival/loadout -> 200
#21527 GET /revival/loadout -> 200
#21528 GET /revival/loadout -> 200
#21529 GET /revival/loadout -> 200
#21530 GET /revival/loadout -> 200
#21531 GET /revival/loadout -> 200
#21532 GET /revival/loadout -> 200
#21533 GET /revival/loadout -> 200
#21534 GET /revival/loadout -> 200
#21535 GET /revival/loadout -> 200
#21536 GET /party/players/9b9d2c887e2524f918e383a895f2f1c2/voice -> 200
#21537 GET /revival/loadout -> 200
#21538 GET /revival/loadout -> 200
#21539 GET /revival/loadout -> 200
#21540 GET /revival/loadout -> 200
#21541 GET /revival/loadout -> 200
#21542 GET /revival/loadout -> 200
#21543 GET /revival/loadout -> 200
#21544 GET /revival/loadout -> 200
#21545 GET /revival/loadout -> 200
#21546 GET /revival/loadout -> 200
#21547 GET /revival/loadout -> 200
#21548 GET /revival/loadout -> 200
#21549 GET /revival/loadout -> 200
#21550 GET /revival/loadout -> 200
#21551 GET /revival/loadout -> 200
#21552 GET /revival/loadout -> 200
#21553 GET /revival/loadout -> 200
#21554 GET /revival/loadout -> 200
#21555 GET /revival/loadout -> 200
#21556 GET /revival/loadout -> 200
#21557 GET /revival/loadout -> 200
#21558 GET /revival/loadout -> 200
#21559 GET /revival/loadout -> 200
#21560 GET /revival/loadout -> 200
#21561 GET /revival/loadout -> 200
#21562 GET /revival/loadout -> 200
#21563 GET /revival/loadout -> 200
#21564 GET /revival/loadout -> 200
#21565 GET /revival/loadout -> 200
#21566 GET /revival/loadout -> 200
#21567 GET /revival/loadout -> 200
#21568 GET /revival/loadout -> 200
#21569 GET /revival/loadout -> 200
#21570 GET /revival/loadout -> 200
#21571 GET /revival/loadout -> 200
#21572 GET /revival/loadout -> 200
#21573 GET /revival/loadout -> 200
#21574 GET /revival/loadout -> 200
#21575 GET /revival/loadout -> 200
#21576 GET /revival/loadout -> 200
#21577 GET /revival/loadout -> 200
#21578 GET /revival/loadout -> 200
#21579 GET /revival/loadout -> 200
#21580 GET /configuration/client -> 200
#21581 GET /revival/loadout -> 200
#21582 GET /revival/loadout -> 200
#21583 GET /content-service/manifest/release2.4.live-156430-shipping -> 200
#21584 GET /revival/loadout -> 200
#21585 GET /revival/loadout -> 200
#21586 GET /revival/loadout -> 200
#21587 GET /revival/loadout -> 200
#21588 GET /revival/loadout -> 200
#21589 GET /revival/loadout -> 200
#21590 GET /revival/loadout -> 200
#21591 GET /revival/loadout -> 200
#21592 GET /revival/loadout -> 200
#21593 GET /revival/loadout -> 200
#21594 GET /revival/loadout -> 200
#21595 GET /revival/loadout -> 200
#21596 GET /revival/loadout -> 200
#21597 GET /revival/loadout -> 200
#21598 GET /revival/loadout -> 200
#21599 GET /revival/loadout -> 200
#21600 GET /revival/loadout -> 200
#21601 GET /revival/loadout -> 200
#21602 GET /revival/loadout -> 200
#21603 GET /revival/loadout -> 200
#21604 GET /revival/loadout -> 200
#21605 GET /revival/loadout -> 200
#21606 GET /revival/loadout -> 200
#21607 GET /revival/loadout -> 200
#21608 GET /revival/loadout -> 200
#21609 GET /revival/loadout -> 200
#21610 GET /revival/loadout -> 200
#21611 GET /revival/loadout -> 200
#21612 GET /revival/loadout -> 200
#21613 GET /revival/loadout -> 200
#21614 GET /revival/loadout -> 200
#21615 GET /revival/loadout -> 200
#21616 GET /revival/loadout -> 200
#21617 GET /revival/loadout -> 200
#21618 GET /revival/loadout -> 200
#21619 GET /revival/loadout -> 200
#21620 GET /revival/loadout -> 200
#21621 GET /revival/loadout -> 200
#21622 GET /revival/loadout -> 200
#21623 GET /revival/loadout -> 200
#21624 GET /revival/loadout -> 200
#21625 GET /revival/loadout -> 200
#21626 GET /revival/loadout -> 200
#21627 GET /revival/loadout -> 200
#21628 GET /revival/loadout -> 200
#21629 GET /revival/loadout -> 200
#21630 GET /revival/loadout -> 200
#21631 GET /revival/loadout -> 200
#21632 GET /revival/loadout -> 200
#21633 GET /revival/loadout -> 200
#21634 GET /revival/loadout -> 200
#21635 GET /revival/loadout -> 200
#21636 GET /revival/loadout -> 200
#21637 GET /revival/loadout -> 200
#21638 GET /revival/loadout -> 200
#21639 GET /revival/loadout -> 200
#21640 GET /revival/loadout -> 200
#21641 GET /revival/loadout -> 200
#21642 GET /revival/loadout -> 200
#21643 GET /revival/loadout -> 200
#21644 GET /revival/loadout -> 200
#21645 GET /revival/loadout -> 200
#21646 GET /revival/loadout -> 200
#21647 GET /revival/loadout -> 200
#21648 GET /revival/loadout -> 200
#21649 GET /revival/loadout -> 200
#21650 GET /revival/loadout -> 200
#21651 GET /revival/loadout -> 200
#21652 GET /revival/loadout -> 200
#21653 GET /revival/loadout -> 200
#21654 GET /revival/loadout -> 200
#21655 GET /revival/loadout -> 200
#21656 GET /revival/loadout -> 200
#21657 GET /revival/loadout -> 200
#21658 GET /revival/loadout -> 200
#21659 GET /revival/loadout -> 200
#21660 GET /core-game/regions -> 200
#21662 GET /mailbox/config/version -> 200
#21661 GET /party/matchmaking/info -> 200
#21663 GET /storefront/heroes -> 200
#21664 GET /revival/loadout -> 200
#21665 GET /revival/loadout -> 200
#21666 GET /revival/loadout -> 200
#21667 GET /revival/loadout -> 200
#21668 GET /revival/loadout -> 200
#21669 GET /revival/loadout -> 200
#21670 GET /revival/loadout -> 200
#21671 GET /revival/loadout -> 200
#21672 POST /party/parties/party-9b9d2c887e2524f918e383a895f2f1c2/members/9b9d2c887e2524f918e383a895f2f1c2/latencies -> 200
#21673 GET /revival/loadout -> 200
#21674 GET /revival/loadout -> 200
#21675 GET /revival/loadout -> 200
#21676 GET /revival/loadout -> 200

* 19:42:38.404  WS <- /lobby TEXT ""
#21677 GET /revival/loadout -> 200
#21678 GET /revival/loadout -> 200
#21679 GET /revival/loadout -> 200
#21680 GET /revival/loadout -> 200
#21681 GET /revival/loadout -> 200
#21682 GET /revival/loadout -> 200
#21683 GET /revival/loadout -> 200
#21684 GET /revival/loadout -> 200
#21685 GET /revival/loadout -> 200
#21686 GET /revival/loadout -> 200
#21687 GET /revival/loadout -> 200
#21688 GET /revival/loadout -> 200
#21689 GET /revival/loadout -> 200
#21690 GET /revival/loadout -> 200
#21691 GET /revival/loadout -> 200
#21692 GET /revival/loadout -> 200

* 19:42:41.402  WS -> /notifications/players/9b9d2c887e2524f918e383a895f2f1c2 BINARY hb (proactive 30s keepalive)
#21693 GET /revival/loadout -> 200
#21694 GET /revival/loadout -> 200
#21695 GET /revival/loadout -> 200
#21696 GET /revival/loadout -> 200
#21697 GET /revival/loadout -> 200
#21698 GET /revival/loadout -> 200
#21699 GET /revival/loadout -> 200
#21700 GET /revival/loadout -> 200
#21701 GET /revival/loadout -> 200
#21702 GET /revival/loadout -> 200
#21703 GET /revival/loadout -> 200
#21704 GET /revival/loadout -> 200
#21705 GET /revival/loadout -> 200
#21706 GET /revival/loadout -> 200
#21707 GET /revival/loadout -> 200
#21708 GET /revival/loadout -> 200
#21709 GET /revival/loadout -> 200
#21710 GET /revival/loadout -> 200
#21711 GET /revival/loadout -> 200
#21712 GET /revival/loadout -> 200
#21713 GET /revival/loadout -> 200
#21714 GET /party/players/9b9d2c887e2524f918e383a895f2f1c2/voice -> 200
#21715 GET /revival/loadout -> 200
#21716 GET /revival/loadout -> 200
#21717 GET /revival/loadout -> 200
#21718 GET /revival/loadout -> 200
#21719 GET /revival/loadout -> 200
#21720 GET /revival/loadout -> 200
#21721 GET /revival/loadout -> 200
#21722 GET /revival/loadout -> 200
#21723 GET /revival/loadout -> 200
#21724 GET /revival/loadout -> 200
#21725 GET /revival/loadout -> 200
#21726 GET /revival/loadout -> 200
#21727 GET /revival/loadout -> 200
#21728 GET /revival/loadout -> 200
#21729 GET /revival/loadout -> 200
#21730 GET /revival/loadout -> 200
#21731 GET /revival/loadout -> 200
#21732 GET /revival/loadout -> 200
#21733 GET /revival/loadout -> 200
#21734 GET /revival/loadout -> 200
#21735 GET /revival/loadout -> 200
#21736 GET /revival/loadout -> 200
#21737 GET /revival/loadout -> 200
#21738 GET /revival/loadout -> 200
#21739 GET /revival/loadout -> 200
#21740 GET /revival/loadout -> 200
#21741 GET /revival/loadout -> 200
#21742 GET /revival/loadout -> 200
#21743 GET /revival/loadout -> 200
#21744 GET /revival/loadout -> 200
#21745 GET /revival/loadout -> 200
#21746 GET /revival/loadout -> 200
#21747 GET /revival/loadout -> 200
#21748 GET /revival/loadout -> 200
#21749 GET /revival/loadout -> 200
#21750 GET /revival/loadout -> 200
#21751 GET /revival/loadout -> 200
#21752 GET /revival/loadout -> 200
#21753 GET /revival/loadout -> 200
#21754 GET /revival/loadout -> 200
#21755 GET /revival/loadout -> 200
#21756 GET /revival/loadout -> 200
#21757 GET /revival/loadout -> 200
#21758 GET /configuration/client -> 200
#21759 GET /revival/loadout -> 200
#21760 GET /content-service/manifest/release2.4.live-156430-shipping -> 200
#21761 GET /revival/loadout -> 200
#21762 GET /revival/loadout -> 200
#21763 GET /revival/loadout -> 200
#21764 GET /revival/loadout -> 200
#21765 GET /revival/loadout -> 200
#21766 GET /revival/loadout -> 200
#21767 GET /revival/loadout -> 200
#21768 GET /revival/loadout -> 200
#21769 GET /revival/loadout -> 200
#21770 GET /revival/loadout -> 200
#21771 GET /revival/loadout -> 200
#21772 GET /revival/loadout -> 200
#21773 GET /revival/loadout -> 200
#21774 GET /revival/loadout -> 200
#21775 GET /revival/loadout -> 200
#21776 GET /revival/loadout -> 200
#21777 GET /revival/loadout -> 200
#21778 GET /revival/loadout -> 200
#21779 GET /revival/loadout -> 200
#21780 GET /revival/loadout -> 200
#21781 GET /revival/loadout -> 200
#21782 GET /revival/loadout -> 200
#21783 GET /revival/loadout -> 200
#21784 GET /revival/loadout -> 200
#21785 GET /revival/loadout -> 200
#21786 GET /revival/loadout -> 200
#21787 GET /revival/loadout -> 200
#21788 GET /revival/loadout -> 200
#21789 GET /revival/loadout -> 200
#21790 GET /revival/loadout -> 200
#21791 GET /revival/loadout -> 200
#21792 GET /revival/loadout -> 200
#21793 GET /revival/loadout -> 200
#21794 GET /revival/loadout -> 200
#21795 GET /revival/loadout -> 200
#21796 GET /revival/loadout -> 200
#21797 GET /revival/loadout -> 200
#21798 GET /revival/loadout -> 200
#21799 GET /revival/loadout -> 200
#21800 GET /revival/loadout -> 200
#21801 GET /revival/loadout -> 200
#21802 GET /revival/loadout -> 200
#21803 GET /revival/loadout -> 200
#21804 GET /revival/loadout -> 200
#21805 GET /revival/loadout -> 200
#21806 GET /revival/loadout -> 200
#21807 GET /revival/loadout -> 200
#21808 GET /revival/loadout -> 200
#21809 GET /revival/loadout -> 200
#21810 GET /revival/loadout -> 200
#21811 GET /revival/loadout -> 200
#21812 GET /revival/loadout -> 200
#21813 GET /revival/loadout -> 200
#21814 GET /revival/loadout -> 200
#21815 GET /revival/loadout -> 200
#21816 GET /revival/loadout -> 200
#21817 GET /revival/loadout -> 200
#21818 GET /revival/loadout -> 200
#21819 GET /revival/loadout -> 200
#21820 GET /revival/loadout -> 200
#21821 GET /revival/loadout -> 200
#21822 GET /revival/loadout -> 200
#21823 GET /revival/loadout -> 200
#21824 GET /revival/loadout -> 200
#21825 POST /game-telemetry/v1/protected/events -> 200
#21826 GET /revival/loadout -> 200
#21827 GET /revival/loadout -> 200
#21828 GET /revival/loadout -> 200
#21829 GET /revival/loadout -> 200
#21830 GET /revival/loadout -> 200
#21831 GET /revival/loadout -> 200
#21832 GET /revival/loadout -> 200
#21833 GET /revival/loadout -> 200
#21834 GET /revival/loadout -> 200
#21835 GET /revival/loadout -> 200
#21836 GET /revival/loadout -> 200
#21837 GET /revival/loadout -> 200

* 19:43:06.297  WS <- /notifications/players/9b9d2c887e2524f918e383a895f2f1c2 BINARY (2 bytes) 6862
#21838 GET /party/matchmaking/info -> 200

* 19:43:06.333  WS -> /notifications/players/9b9d2c887e2524f918e383a895f2f1c2 TEXT hb reply {"Resource":"hb","Version":0,"Payload":""}
#21839 GET /revival/loadout -> 200
#21840 GET /revival/loadout -> 200
#21841 GET /revival/loadout -> 200
#21842 GET /revival/loadout -> 200
#21843 GET /revival/loadout -> 200
#21844 GET /revival/loadout -> 200
#21845 GET /revival/loadout -> 200
#21846 GET /revival/loadout -> 200
#21847 GET /revival/loadout -> 200
#21848 POST /party/parties/party-9b9d2c887e2524f918e383a895f2f1c2/members/9b9d2c887e2524f918e383a895f2f1c2/latencies -> 200
#21849 GET /revival/loadout -> 200
#21850 GET /revival/loadout -> 200
#21851 GET /revival/loadout -> 200
#21852 GET /revival/loadout -> 200
#21853 GET /revival/loadout -> 200
#21854 GET /revival/loadout -> 200

* 19:43:08.917  WS <- /lobby TEXT ""
#21855 GET /revival/loadout -> 200
#21856 GET /revival/loadout -> 200
#21857 GET /revival/loadout -> 200
#21858 GET /revival/loadout -> 200
#21859 GET /revival/loadout -> 200
#21860 GET /revival/loadout -> 200
#21861 GET /revival/loadout -> 200
#21862 GET /revival/loadout -> 200
#21863 GET /revival/loadout -> 200
#21864 GET /revival/loadout -> 200
#21865 GET /revival/loadout -> 200
#21866 GET /revival/loadout -> 200
#21867 GET /revival/loadout -> 200
#21868 GET /revival/loadout -> 200
#21869 GET /revival/loadout -> 200
#21870 GET /revival/loadout -> 200
#21871 GET /revival/loadout -> 200
#21872 GET /revival/loadout -> 200
#21873 GET /revival/loadout -> 200
#21874 GET /revival/loadout -> 200
#21875 GET /revival/loadout -> 200
#21876 GET /revival/loadout -> 200
#21877 GET /revival/loadout -> 200
#21878 GET /revival/loadout -> 200
#21879 GET /revival/loadout -> 200
#21880 GET /revival/loadout -> 200
#21881 GET /revival/loadout -> 200
#21882 GET /revival/loadout -> 200
#21883 GET /revival/loadout -> 200
#21884 GET /revival/loadout -> 200
#21885 GET /revival/loadout -> 200
#21886 GET /revival/loadout -> 200
#21887 GET /revival/loadout -> 200
#21888 GET /revival/loadout -> 200
#21889 GET /revival/loadout -> 200
#21890 GET /revival/loadout -> 200
#21891 GET /revival/loadout -> 200
#21892 GET /party/players/9b9d2c887e2524f918e383a895f2f1c2/voice -> 200
#21893 GET /revival/loadout -> 200
#21894 GET /revival/loadout -> 200
#21895 GET /revival/loadout -> 200
#21896 GET /revival/loadout -> 200
#21897 GET /revival/loadout -> 200
#21898 GET /revival/loadout -> 200
#21899 GET /revival/loadout -> 200
#21900 GET /revival/loadout -> 200
#21901 GET /revival/loadout -> 200
#21902 GET /revival/loadout -> 200
#21903 GET /revival/loadout -> 200
#21904 GET /revival/loadout -> 200
#21905 GET /revival/loadout -> 200
#21906 GET /revival/loadout -> 200
#21907 GET /revival/loadout -> 200
#21908 GET /revival/loadout -> 200
#21909 GET /revival/loadout -> 200
#21910 GET /revival/loadout -> 200
#21911 GET /revival/loadout -> 200
#21912 GET /revival/loadout -> 200
#21913 GET /revival/loadout -> 200
#21914 GET /revival/loadout -> 200
#21915 GET /revival/loadout -> 200
#21916 GET /revival/loadout -> 200
#21917 GET /revival/loadout -> 200
#21918 GET /revival/loadout -> 200
#21919 GET /revival/loadout -> 200
#21920 GET /revival/loadout -> 200
#21921 GET /revival/loadout -> 200
#21922 GET /revival/loadout -> 200
#21923 GET /revival/loadout -> 200
#21924 GET /revival/loadout -> 200
#21925 GET /revival/loadout -> 200
#21926 GET /revival/loadout -> 200
#21927 GET /revival/loadout -> 200
#21928 GET /revival/loadout -> 200
#21929 GET /revival/loadout -> 200
#21930 GET /revival/loadout -> 200
#21931 GET /revival/loadout -> 200
#21932 GET /revival/loadout -> 200
#21933 GET /revival/loadout -> 200
#21934 GET /configuration/client -> 200
#21935 GET /revival/loadout -> 200
#21936 GET /content-service/manifest/release2.4.live-156430-shipping -> 200
#21937 GET /revival/loadout -> 200
#21938 GET /revival/loadout -> 200
#21939 GET /revival/loadout -> 200
#21940 GET /revival/loadout -> 200
#21941 GET /revival/loadout -> 200
#21942 GET /revival/loadout -> 200
#21943 GET /revival/loadout -> 200
#21944 GET /revival/loadout -> 200
#21945 GET /revival/loadout -> 200
#21946 GET /revival/loadout -> 200
#21947 GET /revival/loadout -> 200
#21948 GET /revival/loadout -> 200
#21949 GET /revival/loadout -> 200
#21950 GET /revival/loadout -> 200
#21951 GET /revival/loadout -> 200
#21952 GET /revival/loadout -> 200
#21953 GET /revival/loadout -> 200
#21954 GET /revival/loadout -> 200
#21955 GET /revival/loadout -> 200
#21956 GET /revival/loadout -> 200
#21957 GET /revival/loadout -> 200
#21958 GET /revival/loadout -> 200
#21959 GET /revival/loadout -> 200
#21960 GET /revival/loadout -> 200
#21961 GET /revival/loadout -> 200
#21962 GET /revival/loadout -> 200
#21963 GET /revival/loadout -> 200
#21964 GET /revival/loadout -> 200
#21965 GET /revival/loadout -> 200
#21966 GET /revival/loadout -> 200
#21967 GET /revival/loadout -> 200
#21968 GET /revival/loadout -> 200
#21969 GET /revival/loadout -> 200
#21970 GET /revival/loadout -> 200
#21971 GET /revival/loadout -> 200
#21972 GET /revival/loadout -> 200
#21973 GET /revival/loadout -> 200
#21974 GET /revival/loadout -> 200
#21975 GET /revival/loadout -> 200
#21976 GET /revival/loadout -> 200
#21977 GET /revival/loadout -> 200
#21978 GET /revival/loadout -> 200
#21979 GET /revival/loadout -> 200
#21980 GET /revival/loadout -> 200
#21981 GET /revival/loadout -> 200
#21982 GET /revival/loadout -> 200
#21983 GET /revival/loadout -> 200
#21984 GET /revival/loadout -> 200
#21985 GET /revival/loadout -> 200
#21986 GET /revival/loadout -> 200
#21987 GET /revival/loadout -> 200
#21988 GET /revival/loadout -> 200
#21989 GET /revival/loadout -> 200
#21990 GET /revival/loadout -> 200
#21991 GET /revival/loadout -> 200
#21992 GET /revival/loadout -> 200
#21993 GET /revival/loadout -> 200
#21994 GET /revival/loadout -> 200
#21995 GET /revival/loadout -> 200
#21996 GET /revival/loadout -> 200
#21997 GET /revival/loadout -> 200
#21998 GET /revival/loadout -> 200
#21999 GET /revival/loadout -> 200
#22000 GET /revival/loadout -> 200
#22001 GET /revival/loadout -> 200
#22002 GET /revival/loadout -> 200
#22003 GET /revival/loadout -> 200
#22004 GET /revival/loadout -> 200
#22005 GET /revival/loadout -> 200
#22006 GET /revival/loadout -> 200
#22007 GET /revival/loadout -> 200
#22008 GET /revival/loadout -> 200
#22009 GET /revival/loadout -> 200
#22010 GET /revival/loadout -> 200
#22011 GET /revival/loadout -> 200
#22012 GET /revival/loadout -> 200
#22013 GET /core-game/regions -> 200
#22014 GET /party/matchmaking/info -> 200
#22015 GET /revival/loadout -> 200

* 19:43:36.442  WS -> /notifications/players/9b9d2c887e2524f918e383a895f2f1c2 BINARY hb (proactive 30s keepalive)
#22016 GET /revival/loadout -> 200
#22017 GET /revival/loadout -> 200
#22018 GET /revival/loadout -> 200
#22019 GET /revival/loadout -> 200
#22020 GET /revival/loadout -> 200
#22021 GET /revival/loadout -> 200
#22022 GET /revival/loadout -> 200
#22023 GET /revival/loadout -> 200
#22024 GET /revival/loadout -> 200
#22025 POST /party/parties/party-9b9d2c887e2524f918e383a895f2f1c2/members/9b9d2c887e2524f918e383a895f2f1c2/latencies -> 200
#22026 GET /revival/loadout -> 200
#22027 GET /revival/loadout -> 200
#22028 GET /revival/loadout -> 200
#22029 GET /revival/loadout -> 200
#22030 GET /revival/loadout -> 200

* 19:43:38.899  WS <- /lobby TEXT ""
#22031 GET /revival/loadout -> 200
#22032 GET /revival/loadout -> 200
#22033 GET /revival/loadout -> 200
#22034 GET /revival/loadout -> 200
#22035 GET /revival/loadout -> 200
#22036 GET /revival/loadout -> 200
#22037 GET /revival/loadout -> 200
#22038 GET /revival/loadout -> 200
#22039 GET /revival/loadout -> 200
#22040 GET /revival/loadout -> 200
#22041 GET /revival/loadout -> 200
#22042 GET /revival/loadout -> 200
#22043 GET /revival/loadout -> 200
#22044 GET /revival/loadout -> 200
#22045 GET /revival/loadout -> 200
#22046 GET /revival/loadout -> 200
#22047 GET /revival/loadout -> 200
#22048 GET /revival/loadout -> 200
#22049 GET /revival/loadout -> 200
#22050 GET /revival/loadout -> 200
#22051 GET /revival/loadout -> 200
#22052 GET /revival/loadout -> 200
#22053 GET /revival/loadout -> 200
#22054 GET /revival/loadout -> 200
#22055 GET /revival/loadout -> 200
#22056 GET /revival/loadout -> 200
#22057 GET /revival/loadout -> 200
#22058 GET /revival/loadout -> 200
#22059 GET /revival/loadout -> 200
#22060 GET /revival/loadout -> 200
#22061 GET /revival/loadout -> 200
#22062 GET /revival/loadout -> 200
#22063 GET /revival/loadout -> 200
#22064 GET /revival/loadout -> 200
#22065 GET /revival/loadout -> 200
#22066 GET /revival/loadout -> 200
#22067 GET /revival/loadout -> 200
#22068 GET /revival/loadout -> 200
#22069 GET /revival/loadout -> 200
#22070 GET /revival/loadout -> 200
#22071 GET /party/players/9b9d2c887e2524f918e383a895f2f1c2/voice -> 200
#22072 GET /revival/loadout -> 200
#22073 GET /revival/loadout -> 200
#22074 GET /revival/loadout -> 200
#22075 GET /revival/loadout -> 200
#22076 GET /revival/loadout -> 200
#22077 GET /revival/loadout -> 200
#22078 GET /revival/loadout -> 200
#22079 GET /revival/loadout -> 200
#22080 GET /revival/loadout -> 200
#22081 GET /revival/loadout -> 200
#22082 GET /revival/loadout -> 200
#22083 GET /revival/loadout -> 200
#22084 GET /revival/loadout -> 200
#22085 GET /revival/loadout -> 200
#22086 GET /revival/loadout -> 200
#22087 GET /revival/loadout -> 200
#22088 GET /revival/loadout -> 200
#22089 GET /revival/loadout -> 200
#22090 GET /revival/loadout -> 200
#22091 GET /revival/loadout -> 200
#22092 GET /revival/loadout -> 200
#22093 GET /revival/loadout -> 200
#22094 GET /revival/loadout -> 200
#22095 GET /revival/loadout -> 200
#22096 GET /revival/loadout -> 200
#22097 GET /revival/loadout -> 200
#22098 GET /revival/loadout -> 200
#22099 GET /revival/loadout -> 200
#22100 GET /revival/loadout -> 200
#22101 GET /revival/loadout -> 200
#22102 GET /revival/loadout -> 200
#22103 GET /revival/loadout -> 200
#22104 GET /revival/loadout -> 200
#22105 GET /revival/loadout -> 200
#22106 GET /revival/loadout -> 200
#22107 GET /revival/loadout -> 200
#22108 GET /revival/loadout -> 200
#22109 GET /revival/loadout -> 200
#22110 GET /configuration/client -> 200
#22111 GET /revival/loadout -> 200
#22112 GET /revival/loadout -> 200
#22113 GET /content-service/manifest/release2.4.live-156430-shipping -> 200
#22114 GET /revival/loadout -> 200
#22115 GET /revival/loadout -> 200
#22116 GET /revival/loadout -> 200
#22117 GET /revival/loadout -> 200
#22118 GET /revival/loadout -> 200
#22119 GET /revival/loadout -> 200
#22120 GET /revival/loadout -> 200
#22121 GET /revival/loadout -> 200
#22122 GET /revival/loadout -> 200
#22123 GET /revival/loadout -> 200
#22124 GET /revival/loadout -> 200
#22125 GET /revival/loadout -> 200
#22126 GET /revival/loadout -> 200
#22127 GET /revival/loadout -> 200
#22128 GET /revival/loadout -> 200
#22129 GET /revival/loadout -> 200
#22130 GET /revival/loadout -> 200
#22131 GET /revival/loadout -> 200
#22132 GET /revival/loadout -> 200
#22133 GET /revival/loadout -> 200
#22134 GET /revival/loadout -> 200
#22135 GET /revival/loadout -> 200
#22136 GET /revival/loadout -> 200
#22137 GET /revival/loadout -> 200
#22138 GET /revival/loadout -> 200
#22139 GET /revival/loadout -> 200
#22140 GET /revival/loadout -> 200
#22141 GET /revival/loadout -> 200
#22142 GET /revival/loadout -> 200
#22143 GET /revival/loadout -> 200
#22144 GET /revival/loadout -> 200
#22145 GET /revival/loadout -> 200
#22146 GET /revival/loadout -> 200
#22147 GET /revival/loadout -> 200
#22148 GET /revival/loadout -> 200
#22149 GET /revival/loadout -> 200
#22150 GET /revival/loadout -> 200
#22151 GET /revival/loadout -> 200
#22152 GET /revival/loadout -> 200
#22153 GET /revival/loadout -> 200
#22154 GET /revival/loadout -> 200
#22155 GET /revival/loadout -> 200
#22156 GET /revival/loadout -> 200
#22157 GET /revival/loadout -> 200
#22158 GET /revival/loadout -> 200
#22159 GET /revival/loadout -> 200
#22160 GET /revival/loadout -> 200

* 19:44:01.313  WS <- /notifications/players/9b9d2c887e2524f918e383a895f2f1c2 BINARY (2 bytes) 6862

* 19:44:01.345  WS -> /notifications/players/9b9d2c887e2524f918e383a895f2f1c2 TEXT hb reply {"Resource":"hb","Version":0,"Payload":""}
#22161 GET /revival/loadout -> 200
#22162 GET /revival/loadout -> 200
#22163 GET /revival/loadout -> 200
#22164 GET /revival/loadout -> 200
#22165 GET /revival/loadout -> 200
#22166 GET /revival/loadout -> 200
#22167 GET /revival/loadout -> 200
#22168 GET /revival/loadout -> 200
#22169 GET /revival/loadout -> 200
#22170 GET /revival/loadout -> 200
#22171 GET /revival/loadout -> 200
#22172 GET /revival/loadout -> 200
#22173 GET /revival/loadout -> 200
#22174 GET /revival/loadout -> 200
#22175 GET /revival/loadout -> 200
#22176 POST /game-telemetry/v1/protected/events -> 200
#22177 GET /revival/loadout -> 200
#22178 GET /revival/loadout -> 200
#22179 GET /revival/loadout -> 200
#22180 GET /revival/loadout -> 200
#22181 GET /revival/loadout -> 200
#22182 GET /revival/loadout -> 200
#22183 GET /revival/loadout -> 200
#22184 GET /revival/loadout -> 200
#22185 GET /revival/loadout -> 200
#22186 GET /revival/loadout -> 200
#22187 GET /revival/loadout -> 200
#22188 GET /revival/loadout -> 200
#22189 GET /revival/loadout -> 200
#22190 GET /party/matchmaking/info -> 200
#22191 GET /mailbox/config/version -> 200
#22192 GET /revival/loadout -> 200
#22193 GET /revival/loadout -> 200
#22194 GET /revival/loadout -> 200
#22195 GET /revival/loadout -> 200
#22196 GET /revival/loadout -> 200
#22197 GET /revival/loadout -> 200
#22198 GET /revival/loadout -> 200
#22199 GET /revival/loadout -> 200
#22200 GET /revival/loadout -> 200
#22201 GET /revival/loadout -> 200
#22202 POST /party/parties/party-9b9d2c887e2524f918e383a895f2f1c2/members/9b9d2c887e2524f918e383a895f2f1c2/latencies -> 200
#22203 GET /revival/loadout -> 200
#22204 GET /revival/loadout -> 200
#22205 GET /revival/loadout -> 200
#22206 GET /revival/loadout -> 200
#22207 GET /revival/loadout -> 200

* 19:44:08.907  WS <- /lobby TEXT ""
#22208 GET /revival/loadout -> 200
#22209 GET /revival/loadout -> 200
#22210 GET /revival/loadout -> 200
#22211 GET /revival/loadout -> 200
#22212 GET /revival/loadout -> 200
#22213 GET /revival/loadout -> 200
#22214 GET /revival/loadout -> 200
#22215 GET /revival/loadout -> 200
#22216 GET /revival/loadout -> 200
#22217 GET /revival/loadout -> 200
#22218 GET /revival/loadout -> 200
#22219 GET /revival/loadout -> 200
#22220 GET /revival/loadout -> 200
#22221 GET /revival/loadout -> 200
#22222 GET /revival/loadout -> 200
#22223 GET /revival/loadout -> 200
#22224 GET /revival/loadout -> 200
#22225 GET /revival/loadout -> 200
#22226 GET /revival/loadout -> 200
#22227 GET /revival/loadout -> 200
#22228 GET /revival/loadout -> 200
#22229 GET /revival/loadout -> 200
#22230 GET /revival/loadout -> 200
#22231 GET /revival/loadout -> 200
#22232 GET /revival/loadout -> 200
#22233 GET /revival/loadout -> 200
#22234 GET /revival/loadout -> 200
#22235 GET /revival/loadout -> 200
#22236 GET /revival/loadout -> 200
#22237 GET /revival/loadout -> 200
#22238 GET /revival/loadout -> 200
#22239 GET /revival/loadout -> 200
#22240 GET /revival/loadout -> 200
#22241 GET /revival/loadout -> 200
#22242 GET /revival/loadout -> 200
#22243 GET /revival/loadout -> 200
#22244 GET /revival/loadout -> 200
#22245 GET /revival/loadout -> 200
#22246 GET /revival/loadout -> 200
#22247 GET /revival/loadout -> 200
#22248 GET /revival/loadout -> 200
#22249 GET /party/players/9b9d2c887e2524f918e383a895f2f1c2/voice -> 200
#22250 GET /revival/loadout -> 200
#22251 GET /revival/loadout -> 200
#22252 GET /revival/loadout -> 200
#22253 GET /revival/loadout -> 200
#22254 GET /revival/loadout -> 200
#22255 GET /revival/loadout -> 200
#22256 GET /revival/loadout -> 200
#22257 GET /revival/loadout -> 200
#22258 GET /revival/loadout -> 200
#22259 GET /revival/loadout -> 200
#22260 GET /revival/loadout -> 200
#22261 GET /revival/loadout -> 200
#22262 GET /revival/loadout -> 200
#22263 GET /revival/loadout -> 200
#22264 GET /revival/loadout -> 200
#22265 GET /revival/loadout -> 200
#22266 GET /revival/loadout -> 200
#22267 GET /revival/loadout -> 200
#22268 GET /revival/loadout -> 200
#22269 GET /revival/loadout -> 200
#22270 GET /revival/loadout -> 200
#22271 GET /revival/loadout -> 200
#22272 GET /revival/loadout -> 200
#22273 GET /revival/loadout -> 200
#22274 GET /revival/loadout -> 200
#22275 GET /revival/loadout -> 200
#22276 GET /revival/loadout -> 200
#22277 GET /revival/loadout -> 200
#22278 GET /revival/loadout -> 200
#22279 GET /revival/loadout -> 200
#22280 GET /revival/loadout -> 200
#22281 GET /revival/loadout -> 200
#22282 GET /revival/loadout -> 200
#22283 GET /revival/loadout -> 200
#22284 GET /configuration/client -> 200
#22285 GET /revival/loadout -> 200
#22286 GET /revival/loadout -> 200
#22287 GET /content-service/manifest/release2.4.live-156430-shipping -> 200
#22288 GET /revival/loadout -> 200
#22289 GET /revival/loadout -> 200
#22290 GET /revival/loadout -> 200
#22291 GET /revival/loadout -> 200
#22292 GET /revival/loadout -> 200
#22293 GET /revival/loadout -> 200
#22294 GET /revival/loadout -> 200
#22295 GET /revival/loadout -> 200
#22296 GET /revival/loadout -> 200
#22297 GET /revival/loadout -> 200
#22298 GET /revival/loadout -> 200
#22299 GET /revival/loadout -> 200
#22300 GET /revival/loadout -> 200
#22301 GET /revival/loadout -> 200
#22302 GET /revival/loadout -> 200
#22303 GET /revival/loadout -> 200
#22304 GET /revival/loadout -> 200
#22305 GET /revival/loadout -> 200
#22306 GET /revival/loadout -> 200
#22307 GET /revival/loadout -> 200
#22308 GET /revival/loadout -> 200
#22309 GET /revival/loadout -> 200
#22310 GET /revival/loadout -> 200
#22311 GET /revival/loadout -> 200
#22312 GET /revival/loadout -> 200
#22313 GET /revival/loadout -> 200
#22314 GET /revival/loadout -> 200
#22315 GET /revival/loadout -> 200
#22316 GET /revival/loadout -> 200
#22317 GET /revival/loadout -> 200
#22318 GET /revival/loadout -> 200
#22319 GET /revival/loadout -> 200
#22320 GET /revival/loadout -> 200
#22321 GET /revival/loadout -> 200
#22322 GET /revival/loadout -> 200
#22323 GET /revival/loadout -> 200
#22324 GET /revival/loadout -> 200
#22325 GET /revival/loadout -> 200
#22326 GET /revival/loadout -> 200
#22327 GET /revival/loadout -> 200
#22328 GET /revival/loadout -> 200
#22329 GET /revival/loadout -> 200
#22330 GET /revival/loadout -> 200
#22331 GET /revival/loadout -> 200
#22332 GET /revival/loadout -> 200
#22333 GET /revival/loadout -> 200
#22334 GET /revival/loadout -> 200

* 19:44:31.387  WS -> /notifications/players/9b9d2c887e2524f918e383a895f2f1c2 BINARY hb (proactive 30s keepalive)
#22335 GET /revival/loadout -> 200
#22336 GET /revival/loadout -> 200
#22337 GET /revival/loadout -> 200
#22338 GET /revival/loadout -> 200
#22339 GET /revival/loadout -> 200
#22340 GET /revival/loadout -> 200
#22341 GET /revival/loadout -> 200
#22342 GET /revival/loadout -> 200
#22343 GET /revival/loadout -> 200
#22344 GET /revival/loadout -> 200
#22345 GET /revival/loadout -> 200
#22346 GET /revival/loadout -> 200
#22347 GET /revival/loadout -> 200
#22348 GET /revival/loadout -> 200
#22349 GET /revival/loadout -> 200
#22350 GET /revival/loadout -> 200
#22351 GET /revival/loadout -> 200
#22352 GET /revival/loadout -> 200
#22353 GET /revival/loadout -> 200
#22354 GET /revival/loadout -> 200
#22355 GET /revival/loadout -> 200
#22356 GET /revival/loadout -> 200
#22357 GET /revival/loadout -> 200
#22358 GET /revival/loadout -> 200
#22359 GET /revival/loadout -> 200
#22360 GET /revival/loadout -> 200
#22361 GET /revival/loadout -> 200
#22362 GET /core-game/regions -> 200
#22363 GET /party/matchmaking/info -> 200
#22364 GET /revival/loadout -> 200
#22365 GET /revival/loadout -> 200
#22366 GET /revival/loadout -> 200
#22367 GET /revival/loadout -> 200
#22368 GET /revival/loadout -> 200
#22369 GET /revival/loadout -> 200
#22370 GET /revival/loadout -> 200
#22371 GET /revival/loadout -> 200
#22372 GET /revival/loadout -> 200
#22373 GET /revival/loadout -> 200
#22374 GET /revival/loadout -> 200
#22375 POST /party/parties/party-9b9d2c887e2524f918e383a895f2f1c2/members/9b9d2c887e2524f918e383a895f2f1c2/latencies -> 200
#22376 GET /revival/loadout -> 200
#22377 GET /revival/loadout -> 200
#22378 GET /revival/loadout -> 200

* 19:44:38.910  WS <- /lobby TEXT ""
#22379 GET /revival/loadout -> 200
#22380 GET /revival/loadout -> 200
#22381 GET /revival/loadout -> 200
#22382 GET /revival/loadout -> 200
#22383 GET /revival/loadout -> 200
#22384 GET /revival/loadout -> 200
#22385 GET /revival/loadout -> 200
#22386 GET /revival/loadout -> 200
#22387 GET /revival/loadout -> 200
#22388 GET /revival/loadout -> 200
#22389 GET /revival/loadout -> 200
#22390 GET /revival/loadout -> 200
#22391 GET /revival/loadout -> 200
#22392 GET /revival/loadout -> 200
#22393 GET /revival/loadout -> 200
#22394 GET /revival/loadout -> 200
#22395 GET /revival/loadout -> 200
#22396 GET /revival/loadout -> 200
#22397 GET /revival/loadout -> 200
#22398 GET /revival/loadout -> 200
#22399 GET /revival/loadout -> 200
#22400 GET /revival/loadout -> 200
#22401 GET /revival/loadout -> 200
#22402 GET /revival/loadout -> 200
#22403 GET /revival/loadout -> 200
#22404 GET /revival/loadout -> 200
#22405 GET /revival/loadout -> 200
#22406 GET /revival/loadout -> 200
#22407 GET /revival/loadout -> 200
#22408 GET /revival/loadout -> 200
#22409 GET /revival/loadout -> 200
#22410 GET /revival/loadout -> 200
#22411 GET /revival/loadout -> 200
#22412 GET /revival/loadout -> 200
#22413 GET /revival/loadout -> 200
#22414 GET /revival/loadout -> 200
#22415 GET /revival/loadout -> 200
#22416 GET /revival/loadout -> 200
#22417 GET /revival/loadout -> 200
#22418 GET /revival/loadout -> 200
#22419 GET /revival/loadout -> 200
#22420 GET /revival/loadout -> 200
#22421 GET /revival/loadout -> 200
#22422 GET /revival/loadout -> 200
#22423 GET /party/players/9b9d2c887e2524f918e383a895f2f1c2/voice -> 200
#22424 GET /revival/loadout -> 200
#22425 GET /revival/loadout -> 200
#22426 GET /revival/loadout -> 200
#22427 GET /revival/loadout -> 200
#22428 GET /revival/loadout -> 200
#22429 GET /revival/loadout -> 200
#22430 GET /revival/loadout -> 200
#22431 GET /revival/loadout -> 200
#22432 GET /revival/loadout -> 200
#22433 GET /revival/loadout -> 200
#22434 GET /revival/loadout -> 200
#22435 GET /revival/loadout -> 200
#22436 GET /revival/loadout -> 200
#22437 GET /revival/loadout -> 200
#22438 GET /revival/loadout -> 200
#22439 GET /revival/loadout -> 200
#22440 GET /revival/loadout -> 200
#22441 GET /revival/loadout -> 200
#22442 GET /revival/loadout -> 200
#22443 GET /revival/loadout -> 200
#22444 GET /revival/loadout -> 200
#22445 GET /revival/loadout -> 200
#22446 GET /revival/loadout -> 200
#22447 GET /revival/loadout -> 200
#22448 GET /revival/loadout -> 200
#22449 GET /revival/loadout -> 200
#22450 GET /revival/loadout -> 200
#22451 GET /revival/loadout -> 200
#22452 GET /revival/loadout -> 200
#22453 GET /revival/loadout -> 200
#22454 GET /revival/loadout -> 200
#22455 GET /revival/loadout -> 200
#22456 GET /revival/loadout -> 200
#22457 GET /configuration/client -> 200
#22458 GET /revival/loadout -> 200
#22459 GET /revival/loadout -> 200
#22460 GET /content-service/manifest/release2.4.live-156430-shipping -> 200
#22461 GET /revival/loadout -> 200
#22462 GET /revival/loadout -> 200
#22463 GET /revival/loadout -> 200
#22464 GET /revival/loadout -> 200
#22465 GET /revival/loadout -> 200
#22466 GET /revival/loadout -> 200
#22467 GET /revival/loadout -> 200
#22468 GET /revival/loadout -> 200
#22469 GET /revival/loadout -> 200
#22470 GET /revival/loadout -> 200
#22471 GET /revival/loadout -> 200
#22472 GET /revival/loadout -> 200
#22473 GET /revival/loadout -> 200
#22474 GET /revival/loadout -> 200
#22475 GET /revival/loadout -> 200
#22476 GET /revival/loadout -> 200
#22477 GET /revival/loadout -> 200
#22478 GET /revival/loadout -> 200
#22479 GET /revival/loadout -> 200

* 19:44:56.322  WS <- /notifications/players/9b9d2c887e2524f918e383a895f2f1c2 BINARY (2 bytes) 6862

* 19:44:56.383  WS -> /notifications/players/9b9d2c887e2524f918e383a895f2f1c2 TEXT hb reply {"Resource":"hb","Version":0,"Payload":""}
#22480 GET /revival/loadout -> 200
#22481 GET /revival/loadout -> 200
#22482 GET /revival/loadout -> 200
#22483 GET /revival/loadout -> 200
#22484 GET /revival/loadout -> 200
#22485 GET /revival/loadout -> 200
#22486 GET /revival/loadout -> 200
#22487 GET /revival/loadout -> 200
#22488 GET /revival/loadout -> 200
#22489 GET /revival/loadout -> 200
#22490 GET /revival/loadout -> 200
#22491 GET /revival/loadout -> 200
#22492 GET /revival/loadout -> 200
#22493 GET /revival/loadout -> 200
#22494 GET /revival/loadout -> 200
#22495 GET /revival/loadout -> 200
#22496 GET /revival/loadout -> 200
#22497 GET /revival/loadout -> 200
#22498 GET /revival/loadout -> 200
#22499 GET /revival/loadout -> 200
#22500 GET /revival/loadout -> 200
#22501 GET /revival/loadout -> 200
#22502 GET /revival/loadout -> 200
#22503 GET /revival/loadout -> 200
#22504 GET /revival/loadout -> 200
#22505 GET /revival/loadout -> 200
#22506 GET /revival/loadout -> 200
#22507 GET /revival/loadout -> 200
#22508 GET /revival/loadout -> 200
#22509 GET /revival/loadout -> 200
#22510 GET /revival/loadout -> 200
#22511 GET /revival/loadout -> 200
#22512 GET /revival/loadout -> 200
#22513 GET /revival/loadout -> 200
#22514 GET /revival/loadout -> 200
#22515 GET /revival/loadout -> 200
#22516 GET /revival/loadout -> 200
#22517 GET /revival/loadout -> 200
#22518 GET /revival/loadout -> 200
#22519 GET /revival/loadout -> 200
#22520 GET /revival/loadout -> 200
#22521 GET /revival/loadout -> 200
#22522 POST /game-telemetry/v1/protected/events -> 200
#22523 GET /revival/loadout -> 200
#22524 GET /revival/loadout -> 200
#22525 GET /revival/loadout -> 200
#22526 GET /revival/loadout -> 200
#22527 GET /revival/loadout -> 200
#22528 GET /revival/loadout -> 200
#22529 GET /revival/loadout -> 200
#22530 GET /revival/loadout -> 200
#22531 GET /revival/loadout -> 200
#22532 GET /revival/loadout -> 200
#22533 GET /revival/loadout -> 200
#22534 GET /revival/loadout -> 200
#22535 GET /revival/loadout -> 200
#22536 GET /party/matchmaking/info -> 200
#22537 GET /revival/loadout -> 200
#22538 GET /revival/loadout -> 200
#22539 GET /revival/loadout -> 200
#22540 GET /revival/loadout -> 200
#22541 GET /revival/loadout -> 200
#22542 GET /revival/loadout -> 200
#22543 GET /revival/loadout -> 200
#22544 GET /revival/loadout -> 200
#22545 GET /revival/loadout -> 200
#22546 GET /revival/loadout -> 200
#22547 GET /revival/loadout -> 200
#22548 GET /revival/loadout -> 200
#22549 POST /party/parties/party-9b9d2c887e2524f918e383a895f2f1c2/members/9b9d2c887e2524f918e383a895f2f1c2/latencies -> 200
#22550 GET /revival/loadout -> 200
#22551 GET /revival/loadout -> 200

* 19:45:08.915  WS <- /lobby TEXT ""
#22552 GET /revival/loadout -> 200
#22553 GET /revival/loadout -> 200
#22554 GET /revival/loadout -> 200
#22555 GET /revival/loadout -> 200
#22556 GET /revival/loadout -> 200
#22557 GET /revival/loadout -> 200
#22558 GET /revival/loadout -> 200
#22559 GET /revival/loadout -> 200
#22560 GET /revival/loadout -> 200
#22561 GET /revival/loadout -> 200
#22562 GET /revival/loadout -> 200
#22563 GET /revival/loadout -> 200
#22564 GET /revival/loadout -> 200
#22565 GET /revival/loadout -> 200
#22566 GET /revival/loadout -> 200
#22567 GET /revival/loadout -> 200
#22568 GET /revival/loadout -> 200
#22569 GET /revival/loadout -> 200
#22570 GET /revival/loadout -> 200
#22571 GET /revival/loadout -> 200
#22572 GET /revival/loadout -> 200
#22573 GET /revival/loadout -> 200
#22574 GET /revival/loadout -> 200
#22575 GET /revival/loadout -> 200
#22576 GET /revival/loadout -> 200
#22577 GET /revival/loadout -> 200
#22578 GET /revival/loadout -> 200
#22579 GET /revival/loadout -> 200
#22580 GET /revival/loadout -> 200
#22581 GET /revival/loadout -> 200
#22582 GET /revival/loadout -> 200
#22583 GET /revival/loadout -> 200
#22584 GET /revival/loadout -> 200
#22585 GET /revival/loadout -> 200
#22586 GET /revival/loadout -> 200
#22587 GET /revival/loadout -> 200
#22588 GET /revival/loadout -> 200
#22589 GET /revival/loadout -> 200
#22590 GET /revival/loadout -> 200
#22591 GET /revival/loadout -> 200
#22592 GET /revival/loadout -> 200
#22593 GET /revival/loadout -> 200
#22594 GET /revival/loadout -> 200
#22595 GET /revival/loadout -> 200
#22596 GET /party/players/9b9d2c887e2524f918e383a895f2f1c2/voice -> 200
#22597 GET /revival/loadout -> 200
#22598 GET /revival/loadout -> 200
#22599 GET /revival/loadout -> 200
#22600 GET /revival/loadout -> 200
#22601 GET /revival/loadout -> 200
#22602 GET /revival/loadout -> 200
#22603 GET /revival/loadout -> 200
#22604 GET /revival/loadout -> 200
#22605 GET /revival/loadout -> 200
#22606 GET /revival/loadout -> 200
#22607 GET /revival/loadout -> 200
#22608 GET /revival/loadout -> 200
#22609 GET /revival/loadout -> 200
#22610 GET /revival/loadout -> 200
#22611 GET /revival/loadout -> 200
#22612 GET /revival/loadout -> 200
#22613 GET /revival/loadout -> 200
#22614 GET /revival/loadout -> 200
#22615 GET /revival/loadout -> 200
#22616 GET /revival/loadout -> 200
#22617 GET /revival/loadout -> 200
#22618 GET /revival/loadout -> 200
#22619 GET /revival/loadout -> 200
#22620 GET /revival/loadout -> 200
#22621 GET /revival/loadout -> 200
#22622 GET /revival/loadout -> 200
#22623 GET /revival/loadout -> 200
#22624 GET /revival/loadout -> 200
#22625 GET /revival/loadout -> 200
#22626 GET /revival/loadout -> 200
#22627 GET /configuration/client -> 200
#22628 GET /revival/loadout -> 200
#22629 GET /content-service/manifest/release2.4.live-156430-shipping -> 200
#22630 GET /revival/loadout -> 200
#22631 GET /revival/loadout -> 200
#22632 GET /revival/loadout -> 200
#22633 GET /revival/loadout -> 200
#22634 GET /revival/loadout -> 200
#22635 GET /revival/loadout -> 200
#22636 GET /revival/loadout -> 200
#22637 GET /revival/loadout -> 200
#22638 GET /revival/loadout -> 200
#22639 GET /revival/loadout -> 200
#22640 GET /revival/loadout -> 200
#22641 GET /revival/loadout -> 200
#22642 GET /revival/loadout -> 200
#22643 GET /revival/loadout -> 200
#22644 GET /revival/loadout -> 200
#22645 GET /revival/loadout -> 200
#22646 GET /revival/loadout -> 200
#22647 GET /revival/loadout -> 200
#22648 GET /revival/loadout -> 200
#22649 GET /revival/loadout -> 200

* 19:45:26.441  WS -> /notifications/players/9b9d2c887e2524f918e383a895f2f1c2 BINARY hb (proactive 30s keepalive)
#22650 GET /revival/loadout -> 200
#22651 GET /revival/loadout -> 200
#22652 GET /revival/loadout -> 200
#22653 GET /revival/loadout -> 200
#22654 GET /revival/loadout -> 200
#22655 GET /revival/loadout -> 200
#22656 GET /revival/loadout -> 200
#22657 GET /revival/loadout -> 200
#22658 GET /revival/loadout -> 200
#22659 GET /revival/loadout -> 200
#22660 GET /revival/loadout -> 200
#22661 GET /revival/loadout -> 200
#22662 GET /revival/loadout -> 200
#22663 GET /revival/loadout -> 200
#22664 GET /revival/loadout -> 200
#22665 GET /revival/loadout -> 200
#22666 GET /revival/loadout -> 200
#22667 GET /revival/loadout -> 200
#22668 GET /revival/loadout -> 200
#22669 GET /revival/loadout -> 200
#22670 GET /revival/loadout -> 200
#22671 GET /revival/loadout -> 200
#22672 GET /revival/loadout -> 200
#22673 GET /revival/loadout -> 200
#22674 GET /revival/loadout -> 200
#22675 GET /revival/loadout -> 200
#22676 GET /revival/loadout -> 200
#22677 GET /revival/loadout -> 200
#22678 GET /revival/loadout -> 200
#22679 GET /revival/loadout -> 200
#22680 GET /revival/loadout -> 200
#22681 GET /revival/loadout -> 200
#22682 GET /revival/loadout -> 200
#22683 GET /revival/loadout -> 200
#22684 GET /revival/loadout -> 200
#22685 GET /revival/loadout -> 200
#22686 GET /revival/loadout -> 200
#22687 GET /revival/loadout -> 200
#22688 GET /revival/loadout -> 200
#22689 GET /revival/loadout -> 200
#22690 GET /revival/loadout -> 200
#22691 GET /revival/loadout -> 200
#22692 GET /revival/loadout -> 200
#22693 GET /revival/loadout -> 200
#22694 GET /revival/loadout -> 200
#22695 GET /revival/loadout -> 200
#22696 GET /revival/loadout -> 200
#22697 GET /revival/loadout -> 200
#22698 GET /revival/loadout -> 200
#22699 GET /revival/loadout -> 200
#22700 GET /revival/loadout -> 200
#22701 GET /revival/loadout -> 200
#22702 GET /revival/loadout -> 200
#22703 GET /revival/loadout -> 200
#22704 GET /core-game/regions -> 200
#22706 GET /party/matchmaking/info -> 200
#22705 GET /mailbox/config/version -> 200
#22707 GET /revival/loadout -> 200
#22708 GET /revival/loadout -> 200
#22709 GET /revival/loadout -> 200
#22710 GET /revival/loadout -> 200
#22711 GET /revival/loadout -> 200
#22712 GET /revival/loadout -> 200
#22713 GET /revival/loadout -> 200
#22714 GET /revival/loadout -> 200
#22715 GET /revival/loadout -> 200
#22716 GET /revival/loadout -> 200
#22717 GET /revival/loadout -> 200
#22718 GET /revival/loadout -> 200
#22719 POST /party/parties/party-9b9d2c887e2524f918e383a895f2f1c2/members/9b9d2c887e2524f918e383a895f2f1c2/latencies -> 200
#22720 GET /revival/loadout -> 200
#22721 GET /revival/loadout -> 200

* 19:45:38.912  WS <- /lobby TEXT ""
#22722 GET /revival/loadout -> 200
#22723 GET /revival/loadout -> 200
#22724 GET /revival/loadout -> 200
#22725 GET /revival/loadout -> 200
#22726 GET /revival/loadout -> 200
#22727 GET /revival/loadout -> 200
#22728 GET /revival/loadout -> 200
#22729 GET /revival/loadout -> 200
#22730 GET /revival/loadout -> 200
#22731 GET /revival/loadout -> 200
#22732 GET /revival/loadout -> 200
#22733 GET /revival/loadout -> 200
#22734 GET /revival/loadout -> 200
#22735 GET /revival/loadout -> 200
#22736 GET /revival/loadout -> 200
#22737 GET /revival/loadout -> 200
#22738 GET /revival/loadout -> 200
#22739 GET /revival/loadout -> 200
#22740 GET /revival/loadout -> 200
#22741 GET /revival/loadout -> 200
#22742 GET /revival/loadout -> 200
#22743 GET /revival/loadout -> 200
#22744 GET /revival/loadout -> 200
#22745 GET /revival/loadout -> 200
#22746 GET /revival/loadout -> 200
#22747 GET /revival/loadout -> 200
#22748 GET /revival/loadout -> 200
#22749 GET /revival/loadout -> 200
#22750 GET /revival/loadout -> 200
#22751 GET /revival/loadout -> 200
#22752 GET /revival/loadout -> 200
#22753 GET /revival/loadout -> 200
#22754 GET /revival/loadout -> 200
#22755 GET /revival/loadout -> 200
#22756 GET /revival/loadout -> 200
#22757 GET /revival/loadout -> 200
#22758 GET /revival/loadout -> 200
#22759 GET /revival/loadout -> 200
#22760 GET /revival/loadout -> 200
#22761 GET /revival/loadout -> 200
#22762 GET /revival/loadout -> 200
#22763 GET /revival/loadout -> 200
#22764 GET /revival/loadout -> 200
#22765 GET /revival/loadout -> 200
#22766 GET /revival/loadout -> 200
#22767 GET /revival/loadout -> 200
#22768 GET /revival/loadout -> 200
#22769 GET /party/players/9b9d2c887e2524f918e383a895f2f1c2/voice -> 200
#22770 GET /revival/loadout -> 200
#22771 GET /revival/loadout -> 200
#22772 GET /revival/loadout -> 200
#22773 GET /revival/loadout -> 200
#22774 GET /revival/loadout -> 200
#22775 GET /revival/loadout -> 200
#22776 GET /revival/loadout -> 200
#22777 GET /revival/loadout -> 200
#22778 GET /revival/loadout -> 200
#22779 GET /revival/loadout -> 200
#22780 GET /revival/loadout -> 200
#22781 GET /revival/loadout -> 200
#22782 GET /revival/loadout -> 200
#22783 GET /revival/loadout -> 200
#22784 GET /revival/loadout -> 200
#22785 GET /revival/loadout -> 200
#22786 GET /revival/loadout -> 200
#22787 GET /revival/loadout -> 200
#22788 GET /revival/loadout -> 200
#22789 GET /revival/loadout -> 200
#22790 GET /revival/loadout -> 200

* 19:45:51.315  WS <- /notifications/players/9b9d2c887e2524f918e383a895f2f1c2 BINARY (2 bytes) 6862

* 19:45:51.345  WS -> /notifications/players/9b9d2c887e2524f918e383a895f2f1c2 TEXT hb reply {"Resource":"hb","Version":0,"Payload":""}
#22791 GET /revival/loadout -> 200
#22792 GET /revival/loadout -> 200
#22793 GET /revival/loadout -> 200
#22794 GET /revival/loadout -> 200
#22795 GET /revival/loadout -> 200
#22796 GET /revival/loadout -> 200
#22797 GET /revival/loadout -> 200
#22798 GET /configuration/client -> 200
#22799 GET /revival/loadout -> 200
#22800 GET /content-service/manifest/release2.4.live-156430-shipping -> 200
#22801 GET /revival/loadout -> 200
#22802 GET /revival/loadout -> 200
#22803 GET /revival/loadout -> 200
#22804 GET /revival/loadout -> 200
#22805 GET /revival/loadout -> 200
#22806 GET /revival/loadout -> 200
#22807 GET /revival/loadout -> 200
#22808 GET /revival/loadout -> 200
#22809 GET /revival/loadout -> 200
#22810 GET /revival/loadout -> 200
#22811 GET /revival/loadout -> 200
#22812 GET /revival/loadout -> 200
#22813 GET /revival/loadout -> 200
#22814 GET /revival/loadout -> 200
#22815 GET /revival/loadout -> 200
#22816 GET /revival/loadout -> 200
#22817 GET /revival/loadout -> 200
#22818 GET /revival/loadout -> 200
#22819 GET /revival/loadout -> 200
#22820 GET /revival/loadout -> 200
#22821 GET /revival/loadout -> 200
#22822 GET /revival/loadout -> 200
#22823 GET /revival/loadout -> 200
#22824 GET /revival/loadout -> 200
#22825 GET /revival/loadout -> 200
#22826 GET /revival/loadout -> 200
#22827 GET /revival/loadout -> 200
#22828 GET /revival/loadout -> 200
#22829 GET /revival/loadout -> 200
#22830 GET /revival/loadout -> 200
#22831 GET /revival/loadout -> 200
#22832 GET /revival/loadout -> 200
#22833 GET /revival/loadout -> 200
#22834 GET /revival/loadout -> 200
#22835 GET /revival/loadout -> 200
#22836 GET /revival/loadout -> 200
#22837 GET /revival/loadout -> 200
#22838 GET /revival/loadout -> 200
#22839 GET /revival/loadout -> 200
#22840 GET /revival/loadout -> 200
#22841 GET /revival/loadout -> 200
#22842 GET /revival/loadout -> 200
#22843 GET /revival/loadout -> 200
#22844 GET /revival/loadout -> 200
#22845 GET /revival/loadout -> 200
#22846 GET /revival/loadout -> 200
#22847 GET /revival/loadout -> 200
#22848 GET /revival/loadout -> 200
#22849 GET /revival/loadout -> 200
#22850 GET /revival/loadout -> 200
#22851 GET /revival/loadout -> 200
#22852 GET /revival/loadout -> 200
#22853 GET /revival/loadout -> 200
#22854 GET /revival/loadout -> 200
#22855 GET /revival/loadout -> 200
#22856 GET /revival/loadout -> 200
#22857 GET /revival/loadout -> 200
#22858 GET /revival/loadout -> 200
#22859 GET /revival/loadout -> 200
#22860 GET /revival/loadout -> 200
#22861 GET /revival/loadout -> 200
#22862 GET /revival/loadout -> 200
#22863 POST /game-telemetry/v1/protected/events -> 200
#22864 GET /revival/loadout -> 200
#22865 GET /revival/loadout -> 200
#22866 GET /revival/loadout -> 200
#22867 GET /revival/loadout -> 200
#22868 GET /revival/loadout -> 200
#22869 GET /revival/loadout -> 200
#22870 GET /revival/loadout -> 200
#22871 GET /revival/loadout -> 200
#22872 GET /revival/loadout -> 200
#22873 GET /revival/loadout -> 200
#22874 GET /revival/loadout -> 200
#22875 GET /revival/loadout -> 200
#22876 GET /party/matchmaking/info -> 200
#22877 GET /revival/loadout -> 200
#22878 GET /revival/loadout -> 200
#22879 GET /revival/loadout -> 200
#22880 GET /revival/loadout -> 200
#22881 GET /revival/loadout -> 200
#22882 GET /revival/loadout -> 200
#22883 GET /revival/loadout -> 200
#22884 GET /revival/loadout -> 200
#22885 GET /revival/loadout -> 200
#22886 GET /revival/loadout -> 200
#22887 GET /revival/loadout -> 200
#22888 GET /revival/loadout -> 200
#22889 GET /revival/loadout -> 200
#22890 POST /party/parties/party-9b9d2c887e2524f918e383a895f2f1c2/members/9b9d2c887e2524f918e383a895f2f1c2/latencies -> 200
#22891 GET /revival/loadout -> 200
#22892 GET /revival/loadout -> 200

* 19:46:08.949  WS <- /lobby TEXT ""
#22893 GET /revival/loadout -> 200
#22894 GET /revival/loadout -> 200
#22895 GET /revival/loadout -> 200
#22896 GET /revival/loadout -> 200
#22897 GET /revival/loadout -> 200
#22898 GET /revival/loadout -> 200
#22899 GET /revival/loadout -> 200
#22900 GET /revival/loadout -> 200
#22901 GET /revival/loadout -> 200
#22902 GET /revival/loadout -> 200
#22903 GET /revival/loadout -> 200
#22904 GET /revival/loadout -> 200
#22905 GET /revival/loadout -> 200
#22906 GET /revival/loadout -> 200
#22907 GET /revival/loadout -> 200
#22908 GET /revival/loadout -> 200
#22909 GET /revival/loadout -> 200
#22910 GET /revival/loadout -> 200
#22911 GET /revival/loadout -> 200
#22912 GET /revival/loadout -> 200
#22913 GET /revival/loadout -> 200
#22914 GET /revival/loadout -> 200
#22915 GET /revival/loadout -> 200
#22916 GET /revival/loadout -> 200
#22917 GET /revival/loadout -> 200
#22918 GET /revival/loadout -> 200
#22919 GET /revival/loadout -> 200
#22920 GET /revival/loadout -> 200
#22921 GET /revival/loadout -> 200
#22922 GET /revival/loadout -> 200
#22923 GET /revival/loadout -> 200
#22924 GET /revival/loadout -> 200
#22925 GET /revival/loadout -> 200
#22926 GET /revival/loadout -> 200
#22927 GET /revival/loadout -> 200
#22928 GET /revival/loadout -> 200
#22929 GET /revival/loadout -> 200
#22930 GET /revival/loadout -> 200
#22931 GET /revival/loadout -> 200
#22932 GET /revival/loadout -> 200
#22933 GET /revival/loadout -> 200
#22934 GET /revival/loadout -> 200
#22935 GET /revival/loadout -> 200
#22936 GET /revival/loadout -> 200
#22937 GET /revival/loadout -> 200
#22938 GET /revival/loadout -> 200
#22939 GET /revival/loadout -> 200
#22940 GET /revival/loadout -> 200
#22941 GET /party/players/9b9d2c887e2524f918e383a895f2f1c2/voice -> 200
#22942 GET /revival/loadout -> 200
#22943 GET /revival/loadout -> 200
#22944 GET /revival/loadout -> 200
#22945 GET /revival/loadout -> 200
#22946 GET /revival/loadout -> 200
#22947 GET /revival/loadout -> 200
#22948 GET /revival/loadout -> 200
#22949 GET /revival/loadout -> 200
#22950 GET /revival/loadout -> 200
#22951 GET /revival/loadout -> 200
#22952 GET /revival/loadout -> 200
#22953 GET /revival/loadout -> 200
#22954 GET /revival/loadout -> 200
#22955 GET /revival/loadout -> 200
#22956 GET /revival/loadout -> 200
#22957 GET /revival/loadout -> 200
#22958 GET /revival/loadout -> 200
#22959 GET /revival/loadout -> 200
#22960 GET /revival/loadout -> 200
#22961 GET /revival/loadout -> 200

* 19:46:21.397  WS -> /notifications/players/9b9d2c887e2524f918e383a895f2f1c2 BINARY hb (proactive 30s keepalive)
#22962 GET /revival/loadout -> 200
#22963 GET /revival/loadout -> 200
#22964 GET /revival/loadout -> 200
#22965 GET /revival/loadout -> 200
#22966 GET /revival/loadout -> 200
#22967 GET /revival/loadout -> 200
#22968 GET /revival/loadout -> 200
#22969 GET /configuration/client -> 200
#22970 GET /revival/loadout -> 200
#22971 GET /content-service/manifest/release2.4.live-156430-shipping -> 200
#22972 GET /revival/loadout -> 200
#22973 GET /revival/loadout -> 200
#22974 GET /revival/loadout -> 200
#22975 GET /revival/loadout -> 200
#22976 GET /revival/loadout -> 200
#22977 GET /revival/loadout -> 200
#22978 GET /revival/loadout -> 200
#22979 GET /revival/loadout -> 200
#22980 GET /revival/loadout -> 200
#22981 GET /revival/loadout -> 200
#22982 GET /revival/loadout -> 200
#22983 GET /revival/loadout -> 200
#22984 GET /revival/loadout -> 200
#22985 GET /revival/loadout -> 200
#22986 GET /revival/loadout -> 200
#22987 GET /revival/loadout -> 200
#22988 GET /revival/loadout -> 200
#22989 GET /revival/loadout -> 200
#22990 GET /revival/loadout -> 200
#22991 GET /revival/loadout -> 200
#22992 GET /revival/loadout -> 200
#22993 GET /revival/loadout -> 200
#22994 GET /revival/loadout -> 200
#22995 GET /revival/loadout -> 200
#22996 GET /revival/loadout -> 200
#22997 GET /revival/loadout -> 200
#22998 GET /revival/loadout -> 200
#22999 GET /revival/loadout -> 200
#23000 GET /revival/loadout -> 200
#23001 GET /revival/loadout -> 200
#23002 GET /revival/loadout -> 200
#23003 GET /revival/loadout -> 200
#23004 GET /revival/loadout -> 200
#23005 GET /revival/loadout -> 200
#23006 GET /revival/loadout -> 200
#23007 GET /revival/loadout -> 200
#23008 GET /revival/loadout -> 200
#23009 GET /revival/loadout -> 200
#23010 GET /revival/loadout -> 200
#23011 GET /revival/loadout -> 200
#23012 GET /revival/loadout -> 200
#23013 GET /revival/loadout -> 200
#23014 GET /revival/loadout -> 200
#23015 GET /revival/loadout -> 200
#23016 GET /revival/loadout -> 200
#23017 GET /revival/loadout -> 200
#23018 GET /revival/loadout -> 200
#23019 GET /revival/loadout -> 200
#23020 GET /revival/loadout -> 200
#23021 GET /revival/loadout -> 200
#23022 GET /revival/loadout -> 200
#23023 GET /revival/loadout -> 200
#23024 GET /revival/loadout -> 200
#23025 GET /revival/loadout -> 200
#23026 GET /revival/loadout -> 200
#23027 GET /revival/loadout -> 200
#23028 GET /revival/loadout -> 200
#23029 GET /revival/loadout -> 200
#23030 GET /revival/loadout -> 200
#23031 GET /revival/loadout -> 200
#23032 GET /revival/loadout -> 200
#23033 GET /revival/loadout -> 200
#23034 GET /revival/loadout -> 200
#23035 GET /revival/loadout -> 200
#23036 GET /revival/loadout -> 200
#23037 GET /revival/loadout -> 200
#23038 GET /revival/loadout -> 200
#23039 GET /revival/loadout -> 200
#23040 GET /revival/loadout -> 200
#23041 GET /revival/loadout -> 200
#23042 GET /revival/loadout -> 200
#23043 GET /revival/loadout -> 200
#23044 GET /revival/loadout -> 200
#23045 GET /revival/loadout -> 200
#23046 GET /party/matchmaking/info -> 200
#23047 GET /core-game/regions -> 200
#23048 GET /revival/loadout -> 200
#23049 GET /revival/loadout -> 200
#23050 GET /revival/loadout -> 200
#23051 GET /revival/loadout -> 200
#23052 GET /revival/loadout -> 200
#23053 GET /revival/loadout -> 200
#23054 GET /revival/loadout -> 200
#23055 GET /revival/loadout -> 200
#23056 GET /revival/loadout -> 200
#23057 GET /revival/loadout -> 200
#23058 GET /revival/loadout -> 200
#23059 GET /revival/loadout -> 200
#23060 GET /revival/loadout -> 200
#23061 GET /revival/loadout -> 200
#23062 POST /party/parties/party-9b9d2c887e2524f918e383a895f2f1c2/members/9b9d2c887e2524f918e383a895f2f1c2/latencies -> 200

* 19:46:38.923  WS <- /lobby TEXT ""
#23063 GET /revival/loadout -> 200
#23064 GET /revival/loadout -> 200
#23065 GET /revival/loadout -> 200
#23066 GET /revival/loadout -> 200
#23067 GET /revival/loadout -> 200
#23068 GET /revival/loadout -> 200
#23069 GET /revival/loadout -> 200
#23070 GET /revival/loadout -> 200
#23071 GET /revival/loadout -> 200
#23072 GET /revival/loadout -> 200
#23073 GET /revival/loadout -> 200
#23074 GET /revival/loadout -> 200
#23075 GET /revival/loadout -> 200
#23076 GET /revival/loadout -> 200
#23077 GET /revival/loadout -> 200
#23078 GET /revival/loadout -> 200
#23079 GET /revival/loadout -> 200
#23080 GET /revival/loadout -> 200
#23081 GET /revival/loadout -> 200
#23082 GET /revival/loadout -> 200
#23083 GET /revival/loadout -> 200
#23084 GET /revival/loadout -> 200
#23085 GET /revival/loadout -> 200
#23086 GET /revival/loadout -> 200
#23087 GET /revival/loadout -> 200
#23088 GET /revival/loadout -> 200
#23089 GET /revival/loadout -> 200
#23090 GET /revival/loadout -> 200
#23091 GET /revival/loadout -> 200
#23092 GET /revival/loadout -> 200
#23093 GET /revival/loadout -> 200
#23094 GET /revival/loadout -> 200
#23095 GET /revival/loadout -> 200
#23096 GET /revival/loadout -> 200
#23097 GET /revival/loadout -> 200
#23098 GET /revival/loadout -> 200
#23099 GET /revival/loadout -> 200
#23100 GET /revival/loadout -> 200
#23101 GET /revival/loadout -> 200
#23102 GET /revival/loadout -> 200
#23103 GET /revival/loadout -> 200

* 19:46:46.288  WS <- /notifications/players/9b9d2c887e2524f918e383a895f2f1c2 BINARY (2 bytes) 6862

* 19:46:46.325  WS -> /notifications/players/9b9d2c887e2524f918e383a895f2f1c2 TEXT hb reply {"Resource":"hb","Version":0,"Payload":""}
#23104 GET /revival/loadout -> 200
#23105 GET /revival/loadout -> 200
#23106 GET /revival/loadout -> 200
#23107 GET /revival/loadout -> 200
#23108 GET /revival/loadout -> 200
#23109 GET /revival/loadout -> 200
#23110 GET /revival/loadout -> 200
#23111 GET /revival/loadout -> 200
#23112 GET /revival/loadout -> 200
#23113 GET /revival/loadout -> 200
#23114 GET /revival/loadout -> 200
#23115 GET /party/players/9b9d2c887e2524f918e383a895f2f1c2/voice -> 200
#23116 GET /revival/loadout -> 200
#23117 GET /revival/loadout -> 200
#23118 GET /revival/loadout -> 200
#23119 GET /revival/loadout -> 200
#23120 GET /revival/loadout -> 200
#23121 GET /revival/loadout -> 200
#23122 GET /revival/loadout -> 200
#23123 GET /revival/loadout -> 200
#23124 GET /revival/loadout -> 200
#23125 GET /revival/loadout -> 200
#23126 GET /revival/loadout -> 200
#23127 GET /revival/loadout -> 200
#23128 GET /revival/loadout -> 200
#23129 GET /revival/loadout -> 200
#23130 GET /revival/loadout -> 200
#23131 GET /revival/loadout -> 200
#23132 GET /revival/loadout -> 200
#23133 GET /revival/loadout -> 200
#23134 GET /revival/loadout -> 200
#23135 GET /revival/loadout -> 200
#23136 GET /revival/loadout -> 200
#23137 GET /revival/loadout -> 200
#23138 GET /revival/loadout -> 200
#23139 GET /revival/loadout -> 200
#23140 GET /configuration/client -> 200
#23141 GET /revival/loadout -> 200
#23142 GET /content-service/manifest/release2.4.live-156430-shipping -> 200
#23143 GET /revival/loadout -> 200
#23144 GET /revival/loadout -> 200
#23145 GET /revival/loadout -> 200
#23146 GET /revival/loadout -> 200
#23147 GET /revival/loadout -> 200
#23148 GET /revival/loadout -> 200
#23149 GET /revival/loadout -> 200
#23150 GET /revival/loadout -> 200
#23151 GET /revival/loadout -> 200
#23152 GET /revival/loadout -> 200
#23153 GET /revival/loadout -> 200
#23154 GET /revival/loadout -> 200
#23155 GET /revival/loadout -> 200
#23156 GET /revival/loadout -> 200
#23157 GET /revival/loadout -> 200
#23158 GET /revival/loadout -> 200
#23159 GET /revival/loadout -> 200
#23160 GET /revival/loadout -> 200
#23161 GET /revival/loadout -> 200
#23162 GET /revival/loadout -> 200
#23163 GET /revival/loadout -> 200
#23164 GET /revival/loadout -> 200
#23165 GET /revival/loadout -> 200
#23166 GET /revival/loadout -> 200
#23167 GET /revival/loadout -> 200
#23168 GET /revival/loadout -> 200
#23169 GET /revival/loadout -> 200
#23170 GET /revival/loadout -> 200
#23171 GET /revival/loadout -> 200
#23172 GET /revival/loadout -> 200
#23173 GET /revival/loadout -> 200
#23174 GET /revival/loadout -> 200
#23175 GET /revival/loadout -> 200
#23176 GET /revival/loadout -> 200
#23177 GET /revival/loadout -> 200
#23178 GET /revival/loadout -> 200
#23179 GET /revival/loadout -> 200
#23180 GET /revival/loadout -> 200
#23181 GET /revival/loadout -> 200
#23182 GET /revival/loadout -> 200
#23183 GET /revival/loadout -> 200
#23184 GET /revival/loadout -> 200
#23185 GET /revival/loadout -> 200
#23186 GET /revival/loadout -> 200
#23187 GET /revival/loadout -> 200
#23188 GET /revival/loadout -> 200
#23189 GET /revival/loadout -> 200
#23190 GET /revival/loadout -> 200
#23191 GET /revival/loadout -> 200
#23192 GET /revival/loadout -> 200
#23193 GET /revival/loadout -> 200
#23194 GET /revival/loadout -> 200
#23195 GET /revival/loadout -> 200
#23196 GET /revival/loadout -> 200
#23197 GET /revival/loadout -> 200
#23198 GET /revival/loadout -> 200
#23199 GET /revival/loadout -> 200
#23200 GET /revival/loadout -> 200
#23201 GET /revival/loadout -> 200
#23202 GET /revival/loadout -> 200
#23203 GET /revival/loadout -> 200
#23204 GET /revival/loadout -> 200
#23205 POST /game-telemetry/v1/protected/events -> 200
#23206 GET /revival/loadout -> 200
#23207 GET /revival/loadout -> 200
#23208 GET /revival/loadout -> 200
#23209 GET /revival/loadout -> 200
#23210 GET /revival/loadout -> 200
#23211 GET /revival/loadout -> 200
#23212 GET /revival/loadout -> 200
#23213 GET /revival/loadout -> 200
#23214 GET /revival/loadout -> 200
#23215 GET /revival/loadout -> 200
#23216 GET /revival/loadout -> 200
#23217 GET /revival/loadout -> 200
#23218 GET /mailbox/config/version -> 200
#23219 GET /party/matchmaking/info -> 200
#23220 GET /revival/loadout -> 200
#23221 GET /revival/loadout -> 200
#23222 GET /revival/loadout -> 200
#23223 GET /revival/loadout -> 200
#23224 GET /revival/loadout -> 200
#23225 GET /revival/loadout -> 200
#23226 GET /revival/loadout -> 200
#23227 GET /revival/loadout -> 200
#23228 GET /revival/loadout -> 200
#23229 GET /revival/loadout -> 200
#23230 GET /revival/loadout -> 200
#23231 GET /revival/loadout -> 200
#23232 GET /revival/loadout -> 200
#23233 GET /revival/loadout -> 200
#23234 GET /revival/loadout -> 200

* 19:47:08.947  WS <- /lobby TEXT ""
#23235 POST /party/parties/party-9b9d2c887e2524f918e383a895f2f1c2/members/9b9d2c887e2524f918e383a895f2f1c2/latencies -> 200
#23236 GET /revival/loadout -> 200
#23237 GET /revival/loadout -> 200
#23238 GET /revival/loadout -> 200
#23239 GET /revival/loadout -> 200
#23240 GET /revival/loadout -> 200
#23241 GET /revival/loadout -> 200
#23242 GET /revival/loadout -> 200
#23243 GET /revival/loadout -> 200
#23244 GET /revival/loadout -> 200
#23245 GET /revival/loadout -> 200
#23246 GET /revival/loadout -> 200
#23247 GET /revival/loadout -> 200
#23248 GET /revival/loadout -> 200
#23249 GET /revival/loadout -> 200
#23250 GET /revival/loadout -> 200
#23251 GET /revival/loadout -> 200
#23252 GET /revival/loadout -> 200
#23253 GET /revival/loadout -> 200
#23254 GET /revival/loadout -> 200
#23255 GET /revival/loadout -> 200
#23256 GET /revival/loadout -> 200
#23257 GET /revival/loadout -> 200
#23258 GET /revival/loadout -> 200
#23259 GET /revival/loadout -> 200
#23260 GET /revival/loadout -> 200
#23261 GET /revival/loadout -> 200
#23262 GET /revival/loadout -> 200
#23263 GET /revival/loadout -> 200
#23264 GET /revival/loadout -> 200
#23265 GET /revival/loadout -> 200
#23266 GET /revival/loadout -> 200
#23267 GET /revival/loadout -> 200
#23268 GET /revival/loadout -> 200
#23269 GET /revival/loadout -> 200
#23270 GET /revival/loadout -> 200
#23271 GET /revival/loadout -> 200
#23272 GET /revival/loadout -> 200
#23273 GET /revival/loadout -> 200
#23274 GET /revival/loadout -> 200
#23275 GET /revival/loadout -> 200

* 19:47:16.363  WS -> /notifications/players/9b9d2c887e2524f918e383a895f2f1c2 BINARY hb (proactive 30s keepalive)
#23276 GET /revival/loadout -> 200
#23277 GET /revival/loadout -> 200
#23278 GET /revival/loadout -> 200
#23279 GET /revival/loadout -> 200
#23280 GET /revival/loadout -> 200
#23281 GET /revival/loadout -> 200
#23282 GET /revival/loadout -> 200
#23283 GET /revival/loadout -> 200
#23284 GET /revival/loadout -> 200
#23285 GET /revival/loadout -> 200
#23286 GET /revival/loadout -> 200
#23287 GET /revival/loadout -> 200
#23288 GET /party/players/9b9d2c887e2524f918e383a895f2f1c2/voice -> 200
#23289 GET /revival/loadout -> 200
#23290 GET /revival/loadout -> 200
#23291 GET /revival/loadout -> 200
#23292 GET /revival/loadout -> 200
#23293 GET /revival/loadout -> 200
#23294 GET /revival/loadout -> 200
#23295 GET /revival/loadout -> 200
#23296 GET /revival/loadout -> 200
#23297 GET /revival/loadout -> 200
#23298 GET /revival/loadout -> 200
#23299 GET /revival/loadout -> 200
#23300 GET /revival/loadout -> 200
#23301 GET /revival/loadout -> 200
#23302 GET /revival/loadout -> 200
#23303 GET /revival/loadout -> 200
#23304 GET /revival/loadout -> 200
#23305 GET /revival/loadout -> 200
#23306 GET /revival/loadout -> 200
#23307 GET /revival/loadout -> 200
#23308 GET /revival/loadout -> 200
#23309 GET /revival/loadout -> 200
#23310 GET /revival/loadout -> 200
#23311 GET /configuration/client -> 200
#23312 GET /revival/loadout -> 200
#23313 GET /revival/loadout -> 200
#23314 GET /content-service/manifest/release2.4.live-156430-shipping -> 200
#23315 GET /revival/loadout -> 200
#23316 GET /revival/loadout -> 200
#23317 GET /revival/loadout -> 200
#23318 GET /revival/loadout -> 200
#23319 GET /revival/loadout -> 200
#23320 GET /revival/loadout -> 200
#23321 GET /revival/loadout -> 200
#23322 GET /revival/loadout -> 200
#23323 GET /revival/loadout -> 200
#23324 GET /revival/loadout -> 200
#23325 GET /revival/loadout -> 200
#23326 GET /revival/loadout -> 200
#23327 GET /revival/loadout -> 200
#23328 GET /revival/loadout -> 200
#23329 GET /revival/loadout -> 200
#23330 GET /revival/loadout -> 200
#23331 GET /revival/loadout -> 200
#23332 GET /revival/loadout -> 200
#23333 GET /revival/loadout -> 200
#23334 GET /revival/loadout -> 200
#23335 GET /revival/loadout -> 200
#23336 GET /revival/loadout -> 200
#23337 GET /revival/loadout -> 200
#23338 GET /revival/loadout -> 200
#23339 GET /revival/loadout -> 200
#23340 GET /revival/loadout -> 200
#23341 GET /revival/loadout -> 200
#23342 GET /revival/loadout -> 200
#23343 GET /revival/loadout -> 200
#23344 GET /revival/loadout -> 200
#23345 GET /revival/loadout -> 200
#23346 GET /revival/loadout -> 200
#23347 GET /revival/loadout -> 200
#23348 GET /revival/loadout -> 200
#23349 GET /revival/loadout -> 200
#23350 GET /revival/loadout -> 200
#23351 GET /revival/loadout -> 200
#23352 GET /revival/loadout -> 200
#23353 GET /revival/loadout -> 200
#23354 GET /revival/loadout -> 200
#23355 GET /revival/loadout -> 200
#23356 GET /revival/loadout -> 200
#23357 GET /revival/loadout -> 200
#23358 GET /revival/loadout -> 200
#23359 GET /revival/loadout -> 200
#23360 GET /revival/loadout -> 200
#23361 GET /revival/loadout -> 200
#23362 GET /revival/loadout -> 200
#23363 GET /revival/loadout -> 200
#23364 GET /revival/loadout -> 200
#23365 GET /revival/loadout -> 200
#23366 GET /revival/loadout -> 200
#23367 GET /revival/loadout -> 200
#23368 GET /revival/loadout -> 200
#23369 GET /revival/loadout -> 200
#23370 GET /revival/loadout -> 200
#23371 GET /revival/loadout -> 200
#23372 GET /revival/loadout -> 200
#23373 GET /revival/loadout -> 200
#23374 GET /revival/loadout -> 200
#23375 GET /revival/loadout -> 200
#23376 GET /revival/loadout -> 200
#23377 GET /revival/loadout -> 200
#23378 GET /revival/loadout -> 200
#23379 GET /revival/loadout -> 200
#23380 GET /revival/loadout -> 200
#23381 GET /revival/loadout -> 200
#23382 GET /revival/loadout -> 200
#23383 GET /revival/loadout -> 200
#23384 GET /revival/loadout -> 200
#23385 GET /revival/loadout -> 200
#23386 GET /revival/loadout -> 200
#23387 GET /revival/loadout -> 200
#23388 GET /revival/loadout -> 200
#23389 GET /core-game/regions -> 200
#23390 GET /party/matchmaking/info -> 200
#23391 GET /revival/loadout -> 200
#23392 GET /revival/loadout -> 200
#23393 GET /revival/loadout -> 200
#23394 GET /revival/loadout -> 200
#23395 GET /revival/loadout -> 200
#23396 GET /revival/loadout -> 200
#23397 GET /revival/loadout -> 200
#23398 GET /revival/loadout -> 200
#23399 GET /revival/loadout -> 200
#23400 GET /revival/loadout -> 200
#23401 GET /revival/loadout -> 200
#23402 GET /revival/loadout -> 200
#23403 GET /revival/loadout -> 200
#23404 GET /revival/loadout -> 200
#23405 GET /revival/loadout -> 200

* 19:47:38.958  WS <- /lobby TEXT ""
#23406 GET /revival/loadout -> 200
#23407 POST /party/parties/party-9b9d2c887e2524f918e383a895f2f1c2/members/9b9d2c887e2524f918e383a895f2f1c2/latencies -> 200
#23408 GET /revival/loadout -> 200
#23409 GET /revival/loadout -> 200
#23410 GET /revival/loadout -> 200
#23411 GET /revival/loadout -> 200
#23412 GET /revival/loadout -> 200
#23413 GET /revival/loadout -> 200
#23414 GET /revival/loadout -> 200
#23415 GET /revival/loadout -> 200
#23416 GET /revival/loadout -> 200
#23417 GET /revival/loadout -> 200
#23418 GET /revival/loadout -> 200
#23419 GET /revival/loadout -> 200

* 19:47:41.311  WS <- /notifications/players/9b9d2c887e2524f918e383a895f2f1c2 BINARY (2 bytes) 6862

* 19:47:41.338  WS -> /notifications/players/9b9d2c887e2524f918e383a895f2f1c2 TEXT hb reply {"Resource":"hb","Version":0,"Payload":""}
#23420 GET /revival/loadout -> 200
#23421 GET /revival/loadout -> 200
#23422 GET /revival/loadout -> 200
#23423 GET /revival/loadout -> 200
#23424 GET /revival/loadout -> 200
#23425 GET /revival/loadout -> 200
#23426 GET /revival/loadout -> 200
#23427 GET /revival/loadout -> 200
#23428 GET /revival/loadout -> 200
#23429 GET /revival/loadout -> 200
#23430 GET /revival/loadout -> 200
#23431 GET /revival/loadout -> 200
#23432 GET /revival/loadout -> 200
#23433 GET /revival/loadout -> 200
#23434 GET /revival/loadout -> 200
#23435 GET /revival/loadout -> 200
#23436 GET /revival/loadout -> 200
#23437 GET /revival/loadout -> 200
#23438 GET /revival/loadout -> 200
#23439 GET /revival/loadout -> 200
#23440 GET /revival/loadout -> 200
#23441 GET /revival/loadout -> 200
#23442 GET /revival/loadout -> 200
#23443 GET /revival/loadout -> 200
#23444 GET /revival/loadout -> 200
#23445 GET /revival/loadout -> 200
#23446 GET /revival/loadout -> 200
#23447 GET /revival/loadout -> 200
#23448 GET /revival/loadout -> 200
#23449 GET /revival/loadout -> 200
#23450 GET /revival/loadout -> 200
#23451 GET /revival/loadout -> 200
#23452 GET /revival/loadout -> 200
#23453 GET /revival/loadout -> 200
#23454 GET /revival/loadout -> 200
#23455 GET /revival/loadout -> 200
#23456 GET /revival/loadout -> 200
#23457 GET /revival/loadout -> 200
#23458 GET /revival/loadout -> 200
#23459 GET /revival/loadout -> 200
#23460 GET /revival/loadout -> 200
#23461 GET /revival/loadout -> 200
#23462 GET /party/players/9b9d2c887e2524f918e383a895f2f1c2/voice -> 200
#23463 GET /revival/loadout -> 200
#23464 GET /revival/loadout -> 200
#23465 GET /revival/loadout -> 200
#23466 GET /revival/loadout -> 200
#23467 GET /revival/loadout -> 200
#23468 GET /revival/loadout -> 200
#23469 GET /revival/loadout -> 200
#23470 GET /revival/loadout -> 200
#23471 GET /revival/loadout -> 200
#23472 GET /revival/loadout -> 200
#23473 GET /revival/loadout -> 200
#23474 GET /revival/loadout -> 200
#23475 GET /revival/loadout -> 200
#23476 GET /revival/loadout -> 200
#23477 GET /revival/loadout -> 200
#23478 GET /revival/loadout -> 200
#23479 GET /revival/loadout -> 200
#23480 GET /revival/loadout -> 200
#23481 GET /revival/loadout -> 200
#23482 GET /revival/loadout -> 200
#23483 GET /revival/loadout -> 200
#23484 GET /configuration/client -> 200
#23485 GET /revival/loadout -> 200
#23486 GET /content-service/manifest/release2.4.live-156430-shipping -> 200
#23487 GET /revival/loadout -> 200
#23488 GET /revival/loadout -> 200
#23489 GET /revival/loadout -> 200
#23490 GET /revival/loadout -> 200
#23491 GET /revival/loadout -> 200
#23492 GET /revival/loadout -> 200
#23493 GET /revival/loadout -> 200
#23494 GET /revival/loadout -> 200
#23495 GET /revival/loadout -> 200
#23496 GET /revival/loadout -> 200
#23497 GET /revival/loadout -> 200
#23498 GET /revival/loadout -> 200
#23499 GET /revival/loadout -> 200
#23500 GET /revival/loadout -> 200
#23501 GET /revival/loadout -> 200
#23502 GET /revival/loadout -> 200
#23503 GET /revival/loadout -> 200
#23504 GET /revival/loadout -> 200
#23505 GET /revival/loadout -> 200
#23506 GET /revival/loadout -> 200
#23507 GET /revival/loadout -> 200
#23508 GET /revival/loadout -> 200
#23509 GET /revival/loadout -> 200
#23510 GET /revival/loadout -> 200
#23511 GET /revival/loadout -> 200
#23512 GET /revival/loadout -> 200
#23513 GET /revival/loadout -> 200
#23514 GET /revival/loadout -> 200
#23515 GET /revival/loadout -> 200
#23516 GET /revival/loadout -> 200
#23517 GET /revival/loadout -> 200
#23518 GET /revival/loadout -> 200
#23519 GET /revival/loadout -> 200
#23520 GET /revival/loadout -> 200
#23521 GET /revival/loadout -> 200
#23522 GET /revival/loadout -> 200
#23523 GET /revival/loadout -> 200
#23524 GET /revival/loadout -> 200
#23525 GET /revival/loadout -> 200
#23526 GET /revival/loadout -> 200
#23527 GET /revival/loadout -> 200
#23528 GET /revival/loadout -> 200
#23529 GET /revival/loadout -> 200
#23530 GET /revival/loadout -> 200
#23531 GET /revival/loadout -> 200
#23532 GET /revival/loadout -> 200
#23533 GET /revival/loadout -> 200
#23534 GET /revival/loadout -> 200
#23535 GET /revival/loadout -> 200
#23536 GET /revival/loadout -> 200
#23537 GET /revival/loadout -> 200
#23538 GET /revival/loadout -> 200
#23539 GET /revival/loadout -> 200
#23540 GET /revival/loadout -> 200
#23541 GET /revival/loadout -> 200
#23542 GET /revival/loadout -> 200
#23543 GET /revival/loadout -> 200
#23544 GET /revival/loadout -> 200
#23545 GET /revival/loadout -> 200
#23546 GET /revival/loadout -> 200
#23547 GET /revival/loadout -> 200
#23548 POST /game-telemetry/v1/protected/events -> 200
#23549 GET /revival/loadout -> 200
#23550 GET /revival/loadout -> 200
#23551 GET /revival/loadout -> 200
#23552 GET /revival/loadout -> 200
#23553 GET /revival/loadout -> 200
#23554 GET /revival/loadout -> 200
#23555 GET /revival/loadout -> 200
#23556 GET /revival/loadout -> 200
#23557 GET /revival/loadout -> 200
#23558 GET /revival/loadout -> 200
#23559 GET /revival/loadout -> 200
#23560 GET /revival/loadout -> 200
#23561 GET /revival/loadout -> 200
#23562 GET /party/matchmaking/info -> 200
#23563 GET /revival/loadout -> 200
#23564 GET /revival/loadout -> 200
#23565 GET /revival/loadout -> 200
#23566 GET /revival/loadout -> 200
#23567 GET /revival/loadout -> 200
#23568 GET /revival/loadout -> 200
#23569 GET /revival/loadout -> 200
#23570 GET /revival/loadout -> 200
#23571 GET /revival/loadout -> 200
#23572 GET /revival/loadout -> 200
#23573 GET /revival/loadout -> 200
#23574 GET /revival/loadout -> 200
#23575 GET /revival/loadout -> 200
#23576 GET /revival/loadout -> 200
#23577 GET /revival/loadout -> 200

* 19:48:08.948  WS <- /lobby TEXT ""
#23578 GET /revival/loadout -> 200
#23579 POST /party/parties/party-9b9d2c887e2524f918e383a895f2f1c2/members/9b9d2c887e2524f918e383a895f2f1c2/latencies -> 200
#23580 GET /revival/loadout -> 200
#23581 GET /revival/loadout -> 200
#23582 GET /revival/loadout -> 200
#23583 GET /revival/loadout -> 200
#23584 GET /revival/loadout -> 200
#23585 GET /revival/loadout -> 200
#23586 GET /revival/loadout -> 200
#23587 GET /revival/loadout -> 200
#23588 GET /revival/loadout -> 200
#23589 GET /revival/loadout -> 200
#23590 GET /revival/loadout -> 200
#23591 GET /revival/loadout -> 200

* 19:48:11.388  WS -> /notifications/players/9b9d2c887e2524f918e383a895f2f1c2 BINARY hb (proactive 30s keepalive)
#23592 GET /revival/loadout -> 200
#23593 GET /revival/loadout -> 200
#23594 GET /revival/loadout -> 200
#23595 GET /revival/loadout -> 200
#23596 GET /revival/loadout -> 200
#23597 GET /revival/loadout -> 200
#23598 GET /revival/loadout -> 200
#23599 GET /revival/loadout -> 200
#23600 GET /revival/loadout -> 200
#23601 GET /revival/loadout -> 200
#23602 GET /revival/loadout -> 200
#23603 GET /revival/loadout -> 200
#23604 GET /revival/loadout -> 200
#23605 GET /revival/loadout -> 200
#23606 GET /revival/loadout -> 200
#23607 GET /revival/loadout -> 200
#23608 GET /revival/loadout -> 200
#23609 GET /revival/loadout -> 200
#23610 GET /revival/loadout -> 200
#23611 GET /revival/loadout -> 200
#23612 GET /revival/loadout -> 200
#23613 GET /revival/loadout -> 200
#23614 GET /revival/loadout -> 200
#23615 GET /revival/loadout -> 200
#23616 GET /revival/loadout -> 200
#23617 GET /revival/loadout -> 200
#23618 GET /revival/loadout -> 200
#23619 GET /revival/loadout -> 200
#23620 GET /revival/loadout -> 200
#23621 GET /revival/loadout -> 200
#23622 GET /revival/loadout -> 200
#23623 GET /revival/loadout -> 200
#23624 GET /revival/loadout -> 200
#23625 GET /revival/loadout -> 200
#23626 GET /revival/loadout -> 200
#23627 GET /revival/loadout -> 200
#23628 GET /revival/loadout -> 200
#23629 GET /revival/loadout -> 200
#23630 GET /revival/loadout -> 200
#23631 GET /revival/loadout -> 200
#23632 GET /revival/loadout -> 200
#23633 GET /revival/loadout -> 200
#23634 GET /revival/loadout -> 200
#23635 GET /party/players/9b9d2c887e2524f918e383a895f2f1c2/voice -> 200
#23636 GET /revival/loadout -> 200
#23637 GET /revival/loadout -> 200
#23638 GET /revival/loadout -> 200
#23639 GET /revival/loadout -> 200
#23640 GET /revival/loadout -> 200
#23641 GET /revival/loadout -> 200
#23642 GET /revival/loadout -> 200
#23643 GET /revival/loadout -> 200
#23644 GET /revival/loadout -> 200
#23645 GET /revival/loadout -> 200
#23646 GET /revival/loadout -> 200
#23647 GET /revival/loadout -> 200
#23648 GET /revival/loadout -> 200
#23649 GET /revival/loadout -> 200
#23650 GET /revival/loadout -> 200
#23651 GET /revival/loadout -> 200
#23652 GET /revival/loadout -> 200
#23653 GET /revival/loadout -> 200
#23654 GET /revival/loadout -> 200
#23655 GET /configuration/client -> 200
#23656 GET /revival/loadout -> 200
#23657 GET /content-service/manifest/release2.4.live-156430-shipping -> 200
#23658 GET /revival/loadout -> 200
#23659 GET /revival/loadout -> 200
#23660 GET /revival/loadout -> 200
#23661 GET /revival/loadout -> 200
#23662 GET /revival/loadout -> 200
#23663 GET /revival/loadout -> 200
#23664 GET /revival/loadout -> 200
#23665 GET /revival/loadout -> 200
#23666 GET /revival/loadout -> 200
#23667 GET /revival/loadout -> 200
#23668 GET /revival/loadout -> 200
#23669 GET /revival/loadout -> 200
#23670 GET /revival/loadout -> 200
#23671 GET /revival/loadout -> 200
#23672 GET /revival/loadout -> 200
#23673 GET /revival/loadout -> 200
#23674 GET /revival/loadout -> 200
#23675 GET /revival/loadout -> 200
#23676 GET /revival/loadout -> 200
#23677 GET /revival/loadout -> 200
#23678 GET /revival/loadout -> 200
#23679 GET /revival/loadout -> 200
#23680 GET /revival/loadout -> 200
#23681 GET /revival/loadout -> 200
#23682 GET /revival/loadout -> 200
#23683 GET /revival/loadout -> 200
#23684 GET /revival/loadout -> 200
#23685 GET /revival/loadout -> 200
#23686 GET /revival/loadout -> 200
#23687 GET /revival/loadout -> 200
#23688 GET /revival/loadout -> 200
#23689 GET /revival/loadout -> 200
#23690 GET /revival/loadout -> 200
#23691 GET /revival/loadout -> 200
#23692 GET /revival/loadout -> 200
#23693 GET /revival/loadout -> 200
#23694 GET /revival/loadout -> 200
#23695 GET /revival/loadout -> 200
#23696 GET /revival/loadout -> 200
#23697 GET /revival/loadout -> 200
#23698 GET /revival/loadout -> 200
#23699 GET /revival/loadout -> 200
#23700 GET /revival/loadout -> 200
#23701 GET /revival/loadout -> 200
#23702 GET /revival/loadout -> 200
#23703 GET /revival/loadout -> 200
#23704 GET /revival/loadout -> 200
#23705 GET /revival/loadout -> 200
#23706 GET /revival/loadout -> 200
#23707 GET /revival/loadout -> 200
#23708 GET /revival/loadout -> 200
#23709 GET /revival/loadout -> 200
#23710 GET /revival/loadout -> 200
#23711 GET /revival/loadout -> 200
#23712 GET /revival/loadout -> 200
#23713 GET /revival/loadout -> 200
#23714 GET /revival/loadout -> 200
#23715 GET /revival/loadout -> 200
#23716 GET /revival/loadout -> 200
#23717 GET /revival/loadout -> 200
#23718 GET /revival/loadout -> 200
#23719 GET /revival/loadout -> 200
#23720 GET /revival/loadout -> 200
#23721 GET /revival/loadout -> 200
#23722 GET /revival/loadout -> 200
#23723 GET /revival/loadout -> 200
#23724 GET /revival/loadout -> 200
#23725 GET /revival/loadout -> 200
#23726 GET /revival/loadout -> 200
#23727 GET /revival/loadout -> 200
#23728 GET /revival/loadout -> 200
#23729 GET /revival/loadout -> 200
#23730 GET /revival/loadout -> 200
#23731 GET /revival/loadout -> 200

* 19:48:36.314  WS <- /notifications/players/9b9d2c887e2524f918e383a895f2f1c2 BINARY (2 bytes) 6862
#23732 GET /party/matchmaking/info -> 200
#23734 GET /core-game/regions -> 200
#23733 GET /mailbox/config/version -> 200

* 19:48:36.342  WS -> /notifications/players/9b9d2c887e2524f918e383a895f2f1c2 TEXT hb reply {"Resource":"hb","Version":0,"Payload":""}
#23735 GET /revival/loadout -> 200
#23736 GET /revival/loadout -> 200
#23737 GET /revival/loadout -> 200
#23738 GET /revival/loadout -> 200
#23739 GET /revival/loadout -> 200
#23740 GET /revival/loadout -> 200
#23741 GET /revival/loadout -> 200
#23742 GET /revival/loadout -> 200
#23743 GET /revival/loadout -> 200
#23744 GET /revival/loadout -> 200
#23745 GET /revival/loadout -> 200
#23746 GET /revival/loadout -> 200
#23747 GET /revival/loadout -> 200
#23748 GET /revival/loadout -> 200

* 19:48:38.933  WS <- /lobby TEXT ""
#23749 GET /revival/loadout -> 200
#23750 GET /revival/loadout -> 200
#23751 GET /revival/loadout -> 200
#23752 POST /party/parties/party-9b9d2c887e2524f918e383a895f2f1c2/members/9b9d2c887e2524f918e383a895f2f1c2/latencies -> 200
#23753 GET /revival/loadout -> 200
#23754 GET /revival/loadout -> 200
#23755 GET /revival/loadout -> 200
#23756 GET /revival/loadout -> 200
#23757 GET /revival/loadout -> 200
#23758 GET /revival/loadout -> 200
#23759 GET /revival/loadout -> 200
#23760 GET /revival/loadout -> 200
#23761 GET /revival/loadout -> 200
#23762 GET /revival/loadout -> 200
#23763 GET /revival/loadout -> 200
#23764 GET /revival/loadout -> 200
#23765 GET /revival/loadout -> 200
#23766 GET /revival/loadout -> 200
#23767 GET /revival/loadout -> 200
#23768 GET /revival/loadout -> 200
#23769 GET /revival/loadout -> 200
#23770 GET /revival/loadout -> 200
#23771 GET /revival/loadout -> 200
#23772 GET /revival/loadout -> 200
#23773 GET /revival/loadout -> 200
#23774 GET /revival/loadout -> 200
#23775 GET /revival/loadout -> 200
#23776 GET /revival/loadout -> 200
#23777 GET /revival/loadout -> 200
#23778 GET /revival/loadout -> 200
#23779 GET /revival/loadout -> 200
#23780 GET /revival/loadout -> 200
#23781 GET /revival/loadout -> 200
#23782 GET /revival/loadout -> 200
#23783 GET /revival/loadout -> 200
#23784 GET /revival/loadout -> 200
#23785 GET /revival/loadout -> 200
#23786 GET /revival/loadout -> 200
#23787 GET /revival/loadout -> 200
#23788 GET /revival/loadout -> 200
#23789 GET /revival/loadout -> 200
#23790 GET /revival/loadout -> 200
#23791 GET /revival/loadout -> 200
#23792 GET /revival/loadout -> 200
#23793 GET /revival/loadout -> 200
#23794 GET /revival/loadout -> 200
#23795 GET /revival/loadout -> 200
#23796 GET /revival/loadout -> 200
#23797 GET /revival/loadout -> 200
#23798 GET /revival/loadout -> 200
#23799 GET /revival/loadout -> 200
#23800 GET /revival/loadout -> 200
#23801 GET /revival/loadout -> 200
#23802 GET /revival/loadout -> 200
#23803 GET /revival/loadout -> 200
#23804 GET /revival/loadout -> 200
#23805 GET /revival/loadout -> 200
#23806 GET /revival/loadout -> 200
#23807 GET /revival/loadout -> 200
#23808 GET /revival/loadout -> 200
#23809 GET /party/players/9b9d2c887e2524f918e383a895f2f1c2/voice -> 200
#23810 GET /revival/loadout -> 200
#23811 GET /revival/loadout -> 200
#23812 GET /revival/loadout -> 200
#23813 GET /revival/loadout -> 200
#23814 GET /revival/loadout -> 200
#23815 GET /revival/loadout -> 200
#23816 GET /revival/loadout -> 200
#23817 GET /revival/loadout -> 200
#23818 GET /revival/loadout -> 200
#23819 GET /revival/loadout -> 200
#23820 GET /revival/loadout -> 200
#23821 GET /revival/loadout -> 200
#23822 GET /revival/loadout -> 200
#23823 GET /revival/loadout -> 200
#23824 GET /revival/loadout -> 200
#23825 GET /revival/loadout -> 200
#23826 GET /configuration/client -> 200
#23827 GET /revival/loadout -> 200
#23828 GET /revival/loadout -> 200
#23829 GET /content-service/manifest/release2.4.live-156430-shipping -> 200
#23830 GET /revival/loadout -> 200
#23831 GET /revival/loadout -> 200
#23832 GET /revival/loadout -> 200
#23833 GET /revival/loadout -> 200
#23834 GET /revival/loadout -> 200
#23835 GET /revival/loadout -> 200
#23836 GET /revival/loadout -> 200
#23837 GET /revival/loadout -> 200
#23838 GET /revival/loadout -> 200
#23839 GET /revival/loadout -> 200
#23840 GET /revival/loadout -> 200
#23841 GET /revival/loadout -> 200
#23842 GET /revival/loadout -> 200
#23843 GET /revival/loadout -> 200
#23844 GET /revival/loadout -> 200
#23845 GET /revival/loadout -> 200
#23846 GET /revival/loadout -> 200
#23847 GET /revival/loadout -> 200
#23848 GET /revival/loadout -> 200
#23849 GET /revival/loadout -> 200
#23850 GET /revival/loadout -> 200
#23851 GET /revival/loadout -> 200
#23852 GET /revival/loadout -> 200
#23853 GET /revival/loadout -> 200
#23854 GET /revival/loadout -> 200
#23855 GET /revival/loadout -> 200
#23856 GET /revival/loadout -> 200
#23857 GET /revival/loadout -> 200
#23858 GET /revival/loadout -> 200
#23859 GET /revival/loadout -> 200
#23860 GET /revival/loadout -> 200
#23861 GET /revival/loadout -> 200
#23862 GET /revival/loadout -> 200
#23863 GET /revival/loadout -> 200
#23864 GET /revival/loadout -> 200
#23865 GET /revival/loadout -> 200
#23866 GET /revival/loadout -> 200
#23867 GET /revival/loadout -> 200
#23868 GET /revival/loadout -> 200
#23869 GET /revival/loadout -> 200
#23870 GET /revival/loadout -> 200
#23871 GET /revival/loadout -> 200
#23872 GET /revival/loadout -> 200
#23873 GET /revival/loadout -> 200
#23874 GET /revival/loadout -> 200
#23875 GET /revival/loadout -> 200
#23876 GET /revival/loadout -> 200
#23877 GET /revival/loadout -> 200
#23878 GET /revival/loadout -> 200
#23879 GET /revival/loadout -> 200
#23880 GET /revival/loadout -> 200
#23881 GET /revival/loadout -> 200
#23882 GET /revival/loadout -> 200
#23883 GET /revival/loadout -> 200
#23884 GET /revival/loadout -> 200
#23885 GET /revival/loadout -> 200
#23886 GET /revival/loadout -> 200
#23887 GET /revival/loadout -> 200
#23888 GET /revival/loadout -> 200
#23889 GET /revival/loadout -> 200
#23890 GET /revival/loadout -> 200
#23891 POST /game-telemetry/v1/protected/events -> 200
#23892 GET /revival/loadout -> 200
#23893 GET /revival/loadout -> 200
#23894 GET /revival/loadout -> 200
#23895 GET /revival/loadout -> 200
#23896 GET /revival/loadout -> 200
#23897 GET /revival/loadout -> 200
#23898 GET /revival/loadout -> 200
#23899 GET /revival/loadout -> 200
#23900 GET /revival/loadout -> 200
#23901 GET /revival/loadout -> 200
#23902 GET /revival/loadout -> 200
#23903 GET /revival/loadout -> 200
#23904 GET /revival/loadout -> 200
#23905 GET /party/matchmaking/info -> 200
#23906 GET /revival/loadout -> 200

* 19:49:06.485  WS -> /notifications/players/9b9d2c887e2524f918e383a895f2f1c2 BINARY hb (proactive 30s keepalive)
#23907 GET /revival/loadout -> 200
#23908 GET /revival/loadout -> 200
#23909 GET /revival/loadout -> 200
#23910 GET /revival/loadout -> 200
#23911 GET /revival/loadout -> 200
#23912 GET /revival/loadout -> 200
#23913 GET /revival/loadout -> 200
#23914 GET /revival/loadout -> 200
#23915 GET /revival/loadout -> 200
#23916 GET /revival/loadout -> 200
#23917 GET /revival/loadout -> 200
#23918 GET /revival/loadout -> 200
#23919 GET /revival/loadout -> 200

* 19:49:08.961  WS <- /lobby TEXT ""
#23920 GET /revival/loadout -> 200
#23921 GET /revival/loadout -> 200
#23922 GET /revival/loadout -> 200
#23923 GET /revival/loadout -> 200
#23924 POST /party/parties/party-9b9d2c887e2524f918e383a895f2f1c2/members/9b9d2c887e2524f918e383a895f2f1c2/latencies -> 200
#23925 GET /revival/loadout -> 200
#23926 GET /revival/loadout -> 200
#23927 GET /revival/loadout -> 200
#23928 GET /revival/loadout -> 200
#23929 GET /revival/loadout -> 200
#23930 GET /revival/loadout -> 200
#23931 GET /revival/loadout -> 200
#23932 GET /revival/loadout -> 200
#23933 GET /revival/loadout -> 200
#23934 GET /revival/loadout -> 200
#23935 GET /revival/loadout -> 200
#23936 GET /revival/loadout -> 200
#23937 GET /revival/loadout -> 200
#23938 GET /revival/loadout -> 200
#23939 GET /revival/loadout -> 200
#23940 GET /revival/loadout -> 200
#23941 GET /revival/loadout -> 200
#23942 GET /revival/loadout -> 200
#23943 GET /revival/loadout -> 200
#23944 GET /revival/loadout -> 200
#23945 GET /revival/loadout -> 200
#23946 GET /revival/loadout -> 200
#23947 GET /revival/loadout -> 200
#23948 GET /revival/loadout -> 200
#23949 GET /revival/loadout -> 200
#23950 GET /revival/loadout -> 200
#23951 GET /revival/loadout -> 200
#23952 GET /revival/loadout -> 200
#23953 GET /revival/loadout -> 200
#23954 GET /revival/loadout -> 200
#23955 GET /revival/loadout -> 200
#23956 GET /revival/loadout -> 200
#23957 GET /revival/loadout -> 200
#23958 GET /revival/loadout -> 200
#23959 GET /revival/loadout -> 200
#23960 GET /revival/loadout -> 200
#23961 GET /revival/loadout -> 200
#23962 GET /revival/loadout -> 200
#23963 GET /revival/loadout -> 200
#23964 GET /revival/loadout -> 200
#23965 GET /revival/loadout -> 200
#23966 GET /revival/loadout -> 200
#23967 GET /revival/loadout -> 200
#23968 GET /revival/loadout -> 200
#23969 GET /revival/loadout -> 200
#23970 GET /revival/loadout -> 200
#23971 GET /revival/loadout -> 200
#23972 GET /revival/loadout -> 200
#23973 GET /revival/loadout -> 200
#23974 GET /revival/loadout -> 200
#23975 GET /revival/loadout -> 200
#23976 GET /revival/loadout -> 200
#23977 GET /revival/loadout -> 200
#23978 GET /revival/loadout -> 200
#23979 GET /revival/loadout -> 200
#23980 GET /revival/loadout -> 200
#23981 GET /revival/loadout -> 200
#23982 GET /party/players/9b9d2c887e2524f918e383a895f2f1c2/voice -> 200
#23983 GET /revival/loadout -> 200
#23984 GET /revival/loadout -> 200
#23985 GET /revival/loadout -> 200
#23986 GET /revival/loadout -> 200
#23987 GET /revival/loadout -> 200
#23988 GET /revival/loadout -> 200
#23989 GET /revival/loadout -> 200
#23990 GET /revival/loadout -> 200
#23991 GET /revival/loadout -> 200
#23992 GET /revival/loadout -> 200
#23993 GET /revival/loadout -> 200
#23994 GET /revival/loadout -> 200
#23995 GET /revival/loadout -> 200
#23996 GET /revival/loadout -> 200
#23997 GET /revival/loadout -> 200
#23998 GET /configuration/client -> 200
#23999 GET /revival/loadout -> 200
#24000 GET /content-service/manifest/release2.4.live-156430-shipping -> 200
#24001 GET /revival/loadout -> 200
#24002 GET /revival/loadout -> 200
#24003 GET /revival/loadout -> 200
#24004 GET /revival/loadout -> 200
#24005 GET /revival/loadout -> 200
#24006 GET /revival/loadout -> 200
#24007 GET /revival/loadout -> 200
#24008 GET /revival/loadout -> 200
#24009 GET /revival/loadout -> 200
#24010 GET /revival/loadout -> 200
#24011 GET /revival/loadout -> 200
#24012 GET /revival/loadout -> 200
#24013 GET /revival/loadout -> 200
#24014 GET /revival/loadout -> 200
#24015 GET /revival/loadout -> 200
#24016 GET /revival/loadout -> 200
#24017 GET /revival/loadout -> 200
#24018 GET /revival/loadout -> 200
#24019 GET /revival/loadout -> 200
#24020 GET /revival/loadout -> 200
#24021 GET /revival/loadout -> 200
#24022 GET /revival/loadout -> 200
#24023 GET /revival/loadout -> 200
#24024 GET /revival/loadout -> 200
#24025 GET /revival/loadout -> 200
#24026 GET /revival/loadout -> 200
#24027 GET /revival/loadout -> 200
#24028 GET /revival/loadout -> 200
#24029 GET /revival/loadout -> 200
#24030 GET /revival/loadout -> 200
#24031 GET /revival/loadout -> 200
#24032 GET /revival/loadout -> 200
#24033 GET /revival/loadout -> 200
#24034 GET /revival/loadout -> 200
#24035 GET /revival/loadout -> 200
#24036 GET /revival/loadout -> 200
#24037 GET /revival/loadout -> 200
#24038 GET /revival/loadout -> 200
#24039 GET /revival/loadout -> 200
#24040 GET /revival/loadout -> 200
#24041 GET /revival/loadout -> 200
#24042 GET /revival/loadout -> 200
#24043 GET /revival/loadout -> 200
#24044 GET /revival/loadout -> 200
#24045 GET /revival/loadout -> 200
#24046 GET /revival/loadout -> 200
#24047 GET /revival/loadout -> 200

* 19:49:31.316  WS <- /notifications/players/9b9d2c887e2524f918e383a895f2f1c2 BINARY (2 bytes) 6862

* 19:49:31.347  WS -> /notifications/players/9b9d2c887e2524f918e383a895f2f1c2 TEXT hb reply {"Resource":"hb","Version":0,"Payload":""}
#24048 GET /revival/loadout -> 200
#24049 GET /revival/loadout -> 200
#24050 GET /revival/loadout -> 200
#24051 GET /revival/loadout -> 200
#24052 GET /revival/loadout -> 200
#24053 GET /revival/loadout -> 200
#24054 GET /revival/loadout -> 200
#24055 GET /revival/loadout -> 200
#24056 GET /revival/loadout -> 200
#24057 GET /revival/loadout -> 200
#24058 GET /revival/loadout -> 200
#24059 GET /revival/loadout -> 200
#24060 GET /revival/loadout -> 200
#24061 GET /revival/loadout -> 200
#24062 GET /revival/loadout -> 200
#24063 GET /revival/loadout -> 200
#24064 GET /revival/loadout -> 200
#24065 GET /revival/loadout -> 200
#24066 GET /revival/loadout -> 200
#24067 GET /revival/loadout -> 200
#24068 GET /revival/loadout -> 200
#24069 GET /revival/loadout -> 200
#24070 GET /revival/loadout -> 200
#24071 GET /revival/loadout -> 200
#24072 GET /revival/loadout -> 200
#24073 GET /revival/loadout -> 200
#24074 GET /revival/loadout -> 200
#24075 GET /revival/loadout -> 200
#24076 GET /core-game/regions -> 200
#24077 GET /party/matchmaking/info -> 200
#24078 GET /revival/loadout -> 200
#24079 GET /revival/loadout -> 200
#24080 GET /revival/loadout -> 200
#24081 GET /revival/loadout -> 200
#24082 GET /revival/loadout -> 200
#24083 GET /revival/loadout -> 200
#24084 GET /revival/loadout -> 200
#24085 GET /revival/loadout -> 200
#24086 GET /revival/loadout -> 200
#24087 GET /revival/loadout -> 200
#24088 GET /revival/loadout -> 200
#24089 GET /revival/loadout -> 200
#24090 GET /revival/loadout -> 200
#24091 GET /revival/loadout -> 200

* 19:49:38.959  WS <- /lobby TEXT ""
#24092 GET /revival/loadout -> 200
#24093 GET /revival/loadout -> 200
#24094 GET /revival/loadout -> 200
#24095 GET /revival/loadout -> 200
#24096 POST /party/parties/party-9b9d2c887e2524f918e383a895f2f1c2/members/9b9d2c887e2524f918e383a895f2f1c2/latencies -> 200
#24097 GET /revival/loadout -> 200
#24098 GET /revival/loadout -> 200
#24099 GET /revival/loadout -> 200
#24100 GET /revival/loadout -> 200
#24101 GET /revival/loadout -> 200
#24102 GET /revival/loadout -> 200
#24103 GET /revival/loadout -> 200
#24104 GET /revival/loadout -> 200
#24105 GET /revival/loadout -> 200
#24106 GET /revival/loadout -> 200
#24107 GET /revival/loadout -> 200
#24108 GET /revival/loadout -> 200
#24109 GET /revival/loadout -> 200
#24110 GET /revival/loadout -> 200
#24111 GET /revival/loadout -> 200
#24112 GET /revival/loadout -> 200
#24113 GET /revival/loadout -> 200
#24114 GET /revival/loadout -> 200
#24115 GET /revival/loadout -> 200
#24116 GET /revival/loadout -> 200
#24117 GET /revival/loadout -> 200
#24118 GET /revival/loadout -> 200
#24119 GET /revival/loadout -> 200
#24120 GET /revival/loadout -> 200
#24121 GET /revival/loadout -> 200
#24122 GET /revival/loadout -> 200
#24123 GET /revival/loadout -> 200
#24124 GET /revival/loadout -> 200
#24125 GET /revival/loadout -> 200
#24126 GET /revival/loadout -> 200
#24127 GET /revival/loadout -> 200
#24128 GET /revival/loadout -> 200
#24129 GET /revival/loadout -> 200
#24130 GET /revival/loadout -> 200
#24131 GET /revival/loadout -> 200
#24132 GET /revival/loadout -> 200
#24133 GET /revival/loadout -> 200
#24134 GET /revival/loadout -> 200
#24135 GET /revival/loadout -> 200
#24136 GET /revival/loadout -> 200
#24137 GET /revival/loadout -> 200
#24138 GET /revival/loadout -> 200
#24139 GET /revival/loadout -> 200
#24140 GET /revival/loadout -> 200
#24141 GET /revival/loadout -> 200
#24142 GET /revival/loadout -> 200
#24143 GET /revival/loadout -> 200
#24144 GET /revival/loadout -> 200
#24145 GET /revival/loadout -> 200
#24146 GET /revival/loadout -> 200
#24147 GET /revival/loadout -> 200
#24148 GET /revival/loadout -> 200
#24149 GET /revival/loadout -> 200
#24150 GET /revival/loadout -> 200
#24151 GET /revival/loadout -> 200
#24152 GET /revival/loadout -> 200
#24153 GET /revival/loadout -> 200
#24154 GET /revival/loadout -> 200
#24155 GET /party/players/9b9d2c887e2524f918e383a895f2f1c2/voice -> 200
#24156 GET /revival/loadout -> 200
#24157 GET /revival/loadout -> 200
#24158 GET /revival/loadout -> 200
#24159 GET /revival/loadout -> 200
#24160 GET /revival/loadout -> 200
#24161 GET /revival/loadout -> 200
#24162 GET /revival/loadout -> 200
#24163 GET /revival/loadout -> 200
#24164 GET /revival/loadout -> 200
#24165 GET /revival/loadout -> 200
#24166 GET /revival/loadout -> 200
#24167 GET /revival/loadout -> 200
#24168 GET /configuration/client -> 200
#24169 GET /revival/loadout -> 200
#24170 GET /revival/loadout -> 200
#24171 GET /content-service/manifest/release2.4.live-156430-shipping -> 200
#24172 GET /revival/loadout -> 200
#24173 GET /revival/loadout -> 200
#24174 GET /revival/loadout -> 200
#24175 GET /revival/loadout -> 200
#24176 GET /revival/loadout -> 200
#24177 GET /revival/loadout -> 200
#24178 GET /revival/loadout -> 200
#24179 GET /revival/loadout -> 200
#24180 GET /revival/loadout -> 200
#24181 GET /revival/loadout -> 200
#24182 GET /revival/loadout -> 200
#24183 GET /revival/loadout -> 200
#24184 GET /revival/loadout -> 200
#24185 GET /revival/loadout -> 200
#24186 GET /revival/loadout -> 200
#24187 GET /revival/loadout -> 200
#24188 GET /revival/loadout -> 200
#24189 GET /revival/loadout -> 200
#24190 GET /revival/loadout -> 200
#24191 GET /revival/loadout -> 200
#24192 GET /revival/loadout -> 200
#24193 GET /revival/loadout -> 200
#24194 GET /revival/loadout -> 200
#24195 GET /revival/loadout -> 200
#24196 GET /revival/loadout -> 200
#24197 GET /revival/loadout -> 200
#24198 GET /revival/loadout -> 200
#24199 GET /revival/loadout -> 200
#24200 GET /revival/loadout -> 200
#24201 GET /revival/loadout -> 200
#24202 GET /revival/loadout -> 200
#24203 GET /revival/loadout -> 200
#24204 GET /revival/loadout -> 200
#24205 GET /revival/loadout -> 200
#24206 GET /revival/loadout -> 200
#24207 GET /revival/loadout -> 200
#24208 GET /revival/loadout -> 200
#24209 GET /revival/loadout -> 200
#24210 GET /revival/loadout -> 200
#24211 GET /revival/loadout -> 200
#24212 GET /revival/loadout -> 200
#24213 GET /revival/loadout -> 200
#24214 GET /revival/loadout -> 200
#24215 GET /revival/loadout -> 200
#24216 GET /revival/loadout -> 200
#24217 GET /revival/loadout -> 200
#24218 GET /revival/loadout -> 200

* 19:50:01.385  WS -> /notifications/players/9b9d2c887e2524f918e383a895f2f1c2 BINARY hb (proactive 30s keepalive)
#24219 GET /revival/loadout -> 200
#24220 GET /revival/loadout -> 200
#24221 GET /revival/loadout -> 200
#24222 GET /revival/loadout -> 200
#24223 GET /revival/loadout -> 200
#24224 GET /revival/loadout -> 200
#24225 GET /revival/loadout -> 200
#24226 GET /revival/loadout -> 200
#24227 GET /revival/loadout -> 200
#24228 GET /revival/loadout -> 200
#24229 GET /revival/loadout -> 200
#24230 GET /revival/loadout -> 200
#24231 GET /revival/loadout -> 200
#24232 GET /revival/loadout -> 200
#24233 POST /game-telemetry/v1/protected/events -> 200
#24234 GET /revival/loadout -> 200
#24235 GET /revival/loadout -> 200
#24236 GET /revival/loadout -> 200
#24237 GET /revival/loadout -> 200
#24238 GET /revival/loadout -> 200
#24239 GET /revival/loadout -> 200
#24240 GET /revival/loadout -> 200
#24241 GET /revival/loadout -> 200
#24242 GET /revival/loadout -> 200
#24243 GET /revival/loadout -> 200
#24244 GET /revival/loadout -> 200
#24245 GET /revival/loadout -> 200
#24246 GET /revival/loadout -> 200
#24247 GET /party/matchmaking/info -> 200
#24248 GET /mailbox/config/version -> 200
#24249 GET /revival/loadout -> 200
#24250 GET /revival/loadout -> 200
#24251 GET /revival/loadout -> 200
#24252 GET /revival/loadout -> 200
#24253 GET /revival/loadout -> 200
#24254 GET /revival/loadout -> 200
#24255 GET /revival/loadout -> 200
#24256 GET /revival/loadout -> 200
#24257 GET /revival/loadout -> 200
#24258 GET /revival/loadout -> 200
#24259 GET /revival/loadout -> 200
#24260 GET /revival/loadout -> 200
#24261 GET /revival/loadout -> 200
#24262 GET /revival/loadout -> 200
#24263 GET /revival/loadout -> 200

* 19:50:08.977  WS <- /lobby TEXT ""
#24264 GET /revival/loadout -> 200
#24265 GET /revival/loadout -> 200
#24266 GET /revival/loadout -> 200
#24267 GET /revival/loadout -> 200
#24268 GET /revival/loadout -> 200
#24269 POST /party/parties/party-9b9d2c887e2524f918e383a895f2f1c2/members/9b9d2c887e2524f918e383a895f2f1c2/latencies -> 200
#24270 GET /revival/loadout -> 200
#24271 GET /revival/loadout -> 200
#24272 GET /revival/loadout -> 200
#24273 GET /revival/loadout -> 200
#24274 GET /revival/loadout -> 200
#24275 GET /revival/loadout -> 200
#24276 GET /revival/loadout -> 200
#24277 GET /revival/loadout -> 200
#24278 GET /revival/loadout -> 200
#24279 GET /revival/loadout -> 200
#24280 GET /revival/loadout -> 200
#24281 GET /revival/loadout -> 200
#24282 GET /revival/loadout -> 200
#24283 GET /revival/loadout -> 200
#24284 GET /revival/loadout -> 200
#24285 GET /revival/loadout -> 200
#24286 GET /revival/loadout -> 200
#24287 GET /revival/loadout -> 200
#24288 GET /revival/loadout -> 200
#24289 GET /revival/loadout -> 200
#24290 GET /revival/loadout -> 200
#24291 GET /revival/loadout -> 200
#24292 GET /revival/loadout -> 200
#24293 GET /revival/loadout -> 200
#24294 GET /revival/loadout -> 200
#24295 GET /revival/loadout -> 200
#24296 GET /revival/loadout -> 200
#24297 GET /revival/loadout -> 200
#24298 GET /revival/loadout -> 200
#24299 GET /revival/loadout -> 200
#24300 GET /revival/loadout -> 200
#24301 GET /revival/loadout -> 200
#24302 GET /revival/loadout -> 200
#24303 GET /revival/loadout -> 200
#24304 GET /revival/loadout -> 200
#24305 GET /revival/loadout -> 200
#24306 GET /revival/loadout -> 200
#24307 GET /revival/loadout -> 200
#24308 GET /revival/loadout -> 200
#24309 GET /revival/loadout -> 200
#24310 GET /revival/loadout -> 200
#24311 GET /revival/loadout -> 200
#24312 GET /revival/loadout -> 200
#24313 GET /revival/loadout -> 200
#24314 GET /revival/loadout -> 200
#24315 GET /revival/loadout -> 200
#24316 GET /revival/loadout -> 200
#24317 GET /revival/loadout -> 200
#24318 GET /revival/loadout -> 200
#24319 GET /revival/loadout -> 200
#24320 GET /revival/loadout -> 200
#24321 GET /revival/loadout -> 200
#24322 GET /revival/loadout -> 200
#24323 GET /revival/loadout -> 200
#24324 GET /revival/loadout -> 200
#24325 GET /revival/loadout -> 200
#24326 GET /revival/loadout -> 200
#24327 GET /revival/loadout -> 200
#24328 GET /revival/loadout -> 200
#24329 GET /revival/loadout -> 200
#24330 GET /party/players/9b9d2c887e2524f918e383a895f2f1c2/voice -> 200
#24331 GET /revival/loadout -> 200
#24332 GET /revival/loadout -> 200
#24333 GET /revival/loadout -> 200
#24334 GET /revival/loadout -> 200
#24335 GET /revival/loadout -> 200
#24336 GET /revival/loadout -> 200
#24337 GET /revival/loadout -> 200
#24338 GET /revival/loadout -> 200
#24339 GET /revival/loadout -> 200
#24340 GET /revival/loadout -> 200
#24341 GET /revival/loadout -> 200
#24342 GET /configuration/client -> 200
#24343 GET /revival/loadout -> 200
#24344 GET /content-service/manifest/release2.4.live-156430-shipping -> 200
#24345 GET /revival/loadout -> 200
#24346 GET /revival/loadout -> 200
#24347 GET /revival/loadout -> 200
#24348 GET /revival/loadout -> 200
#24349 GET /revival/loadout -> 200
#24350 GET /revival/loadout -> 200
#24351 GET /revival/loadout -> 200
#24352 GET /revival/loadout -> 200
#24353 GET /revival/loadout -> 200
#24354 GET /revival/loadout -> 200
#24355 GET /revival/loadout -> 200
#24356 GET /revival/loadout -> 200
#24357 GET /revival/loadout -> 200
#24358 GET /revival/loadout -> 200
#24359 GET /revival/loadout -> 200
#24360 GET /revival/loadout -> 200
#24361 GET /revival/loadout -> 200
#24362 GET /revival/loadout -> 200
#24363 GET /revival/loadout -> 200
#24364 GET /revival/loadout -> 200

* 19:50:26.324  WS <- /notifications/players/9b9d2c887e2524f918e383a895f2f1c2 BINARY (2 bytes) 6862

* 19:50:26.343  WS -> /notifications/players/9b9d2c887e2524f918e383a895f2f1c2 TEXT hb reply {"Resource":"hb","Version":0,"Payload":""}
#24365 GET /revival/loadout -> 200
#24366 GET /revival/loadout -> 200
#24367 GET /revival/loadout -> 200
#24368 GET /revival/loadout -> 200
#24369 GET /revival/loadout -> 200
#24370 GET /revival/loadout -> 200
#24371 GET /revival/loadout -> 200
#24372 GET /revival/loadout -> 200
#24373 GET /revival/loadout -> 200
#24374 GET /revival/loadout -> 200
#24375 GET /revival/loadout -> 200
#24376 GET /revival/loadout -> 200
#24377 GET /revival/loadout -> 200
#24378 GET /revival/loadout -> 200
#24379 GET /revival/loadout -> 200
#24380 GET /revival/loadout -> 200
#24381 GET /revival/loadout -> 200
#24382 GET /revival/loadout -> 200
#24383 GET /revival/loadout -> 200
#24384 GET /revival/loadout -> 200
#24385 GET /revival/loadout -> 200
#24386 GET /revival/loadout -> 200
#24387 GET /revival/loadout -> 200
#24388 GET /revival/loadout -> 200
#24389 GET /revival/loadout -> 200
#24390 GET /revival/loadout -> 200
#24391 GET /revival/loadout -> 200
#24392 GET /revival/loadout -> 200
#24393 GET /revival/loadout -> 200
#24394 GET /revival/loadout -> 200
#24395 GET /revival/loadout -> 200
#24396 GET /revival/loadout -> 200
#24397 GET /revival/loadout -> 200
#24398 GET /revival/loadout -> 200
#24399 GET /revival/loadout -> 200
#24400 GET /revival/loadout -> 200
#24401 GET /revival/loadout -> 200
#24402 GET /revival/loadout -> 200
#24403 GET /revival/loadout -> 200
#24404 GET /revival/loadout -> 200
#24405 GET /revival/loadout -> 200
#24406 GET /revival/loadout -> 200
#24407 GET /revival/loadout -> 200
#24408 GET /revival/loadout -> 200
#24409 GET /revival/loadout -> 200
#24410 GET /revival/loadout -> 200
#24411 GET /revival/loadout -> 200
#24412 GET /revival/loadout -> 200
#24413 GET /revival/loadout -> 200
#24414 GET /revival/loadout -> 200
#24415 GET /revival/loadout -> 200
#24416 GET /revival/loadout -> 200
#24417 GET /revival/loadout -> 200
#24418 GET /revival/loadout -> 200
#24419 GET /revival/loadout -> 200
#24420 GET /core-game/regions -> 200
#24421 GET /party/matchmaking/info -> 200
#24422 GET /revival/loadout -> 200
#24423 GET /revival/loadout -> 200
#24424 GET /revival/loadout -> 200
#24425 GET /revival/loadout -> 200
#24426 GET /revival/loadout -> 200
#24427 GET /revival/loadout -> 200
#24428 GET /revival/loadout -> 200
#24429 GET /revival/loadout -> 200
#24430 GET /revival/loadout -> 200
#24431 GET /revival/loadout -> 200
#24432 GET /revival/loadout -> 200
#24433 GET /revival/loadout -> 200
#24434 GET /revival/loadout -> 200
#24435 GET /revival/loadout -> 200
#24436 GET /revival/loadout -> 200

* 19:50:38.986  WS <- /lobby TEXT ""
#24437 GET /revival/loadout -> 200
#24438 GET /revival/loadout -> 200
#24439 GET /revival/loadout -> 200
#24440 GET /revival/loadout -> 200
#24441 GET /revival/loadout -> 200
#24442 POST /party/parties/party-9b9d2c887e2524f918e383a895f2f1c2/members/9b9d2c887e2524f918e383a895f2f1c2/latencies -> 200
#24443 GET /revival/loadout -> 200
#24444 GET /revival/loadout -> 200
#24445 GET /revival/loadout -> 200
#24446 GET /revival/loadout -> 200
#24447 GET /revival/loadout -> 200
#24448 GET /revival/loadout -> 200
#24449 GET /revival/loadout -> 200
#24450 GET /revival/loadout -> 200
#24451 GET /revival/loadout -> 200
#24452 GET /revival/loadout -> 200
#24453 GET /revival/loadout -> 200
#24454 GET /revival/loadout -> 200
#24455 GET /revival/loadout -> 200
#24456 GET /revival/loadout -> 200
#24457 GET /revival/loadout -> 200
#24458 GET /revival/loadout -> 200
#24459 GET /revival/loadout -> 200
#24460 GET /revival/loadout -> 200
#24461 GET /revival/loadout -> 200
#24462 GET /revival/loadout -> 200
#24463 GET /revival/loadout -> 200
#24464 GET /revival/loadout -> 200
#24465 GET /revival/loadout -> 200
#24466 GET /revival/loadout -> 200
#24467 GET /revival/loadout -> 200
#24468 GET /revival/loadout -> 200
#24469 GET /revival/loadout -> 200
#24470 GET /revival/loadout -> 200
#24471 GET /revival/loadout -> 200
#24472 GET /revival/loadout -> 200
#24473 GET /revival/loadout -> 200
#24474 GET /revival/loadout -> 200
#24475 GET /revival/loadout -> 200
#24476 GET /revival/loadout -> 200
#24477 GET /revival/loadout -> 200
#24478 GET /revival/loadout -> 200
#24479 GET /revival/loadout -> 200
#24480 GET /revival/loadout -> 200
#24481 GET /revival/loadout -> 200
#24482 GET /revival/loadout -> 200
#24483 GET /revival/loadout -> 200
#24484 GET /revival/loadout -> 200
#24485 GET /revival/loadout -> 200
#24486 GET /revival/loadout -> 200
#24487 GET /revival/loadout -> 200
#24488 GET /revival/loadout -> 200
#24489 GET /revival/loadout -> 200
#24490 GET /revival/loadout -> 200
#24491 GET /revival/loadout -> 200
#24492 GET /revival/loadout -> 200
#24493 GET /revival/loadout -> 200
#24494 GET /revival/loadout -> 200
#24495 GET /revival/loadout -> 200
#24496 GET /revival/loadout -> 200
#24497 GET /revival/loadout -> 200
#24498 GET /revival/loadout -> 200
#24499 GET /revival/loadout -> 200
#24500 GET /revival/loadout -> 200
#24501 GET /revival/loadout -> 200
#24502 GET /revival/loadout -> 200
#24503 GET /revival/loadout -> 200
#24504 GET /revival/loadout -> 200
#24505 GET /revival/loadout -> 200
#24506 GET /party/players/9b9d2c887e2524f918e383a895f2f1c2/voice -> 200
#24507 GET /revival/loadout -> 200
#24508 GET /revival/loadout -> 200
#24509 GET /revival/loadout -> 200
#24510 GET /revival/loadout -> 200
#24511 GET /revival/loadout -> 200
#24512 GET /revival/loadout -> 200
#24513 GET /revival/loadout -> 200
#24514 GET /revival/loadout -> 200
#24515 GET /revival/loadout -> 200
#24516 GET /configuration/client -> 200
#24517 GET /revival/loadout -> 200
#24518 GET /content-service/manifest/release2.4.live-156430-shipping -> 200
#24519 GET /revival/loadout -> 200
#24520 GET /revival/loadout -> 200
#24521 GET /revival/loadout -> 200
#24522 GET /revival/loadout -> 200
#24523 GET /revival/loadout -> 200
#24524 GET /revival/loadout -> 200
#24525 GET /revival/loadout -> 200
#24526 GET /revival/loadout -> 200
#24527 GET /revival/loadout -> 200
#24528 GET /revival/loadout -> 200
#24529 GET /revival/loadout -> 200
#24530 GET /revival/loadout -> 200
#24531 GET /revival/loadout -> 200
#24532 GET /revival/loadout -> 200
#24533 GET /revival/loadout -> 200
#24534 GET /revival/loadout -> 200
#24535 GET /revival/loadout -> 200
#24536 GET /revival/loadout -> 200
#24537 GET /revival/loadout -> 200
#24538 GET /revival/loadout -> 200

* 19:50:56.393  WS -> /notifications/players/9b9d2c887e2524f918e383a895f2f1c2 BINARY hb (proactive 30s keepalive)
#24539 GET /revival/loadout -> 200
#24540 GET /revival/loadout -> 200
#24541 GET /revival/loadout -> 200
#24542 GET /revival/loadout -> 200
#24543 GET /revival/loadout -> 200
#24544 GET /revival/loadout -> 200
#24545 GET /revival/loadout -> 200
#24546 GET /revival/loadout -> 200
#24547 GET /revival/loadout -> 200
#24548 GET /revival/loadout -> 200
#24549 GET /revival/loadout -> 200
#24550 GET /revival/loadout -> 200
#24551 GET /revival/loadout -> 200
#24552 GET /revival/loadout -> 200
#24553 GET /revival/loadout -> 200
#24554 GET /revival/loadout -> 200
#24555 GET /revival/loadout -> 200
#24556 GET /revival/loadout -> 200
#24557 GET /revival/loadout -> 200
#24558 GET /revival/loadout -> 200
#24559 GET /revival/loadout -> 200
#24560 GET /revival/loadout -> 200
#24561 GET /revival/loadout -> 200
#24562 GET /revival/loadout -> 200
#24563 GET /revival/loadout -> 200
#24564 GET /revival/loadout -> 200
#24565 GET /revival/loadout -> 200
#24566 GET /revival/loadout -> 200
#24567 GET /revival/loadout -> 200
#24568 GET /revival/loadout -> 200
#24569 GET /revival/loadout -> 200
#24570 GET /revival/loadout -> 200
#24571 GET /revival/loadout -> 200
#24572 GET /revival/loadout -> 200
#24573 GET /revival/loadout -> 200
#24574 GET /revival/loadout -> 200
#24575 GET /revival/loadout -> 200
#24576 GET /revival/loadout -> 200
#24577 GET /revival/loadout -> 200
#24578 GET /revival/loadout -> 200
#24579 GET /revival/loadout -> 200
#24580 POST /game-telemetry/v1/protected/events -> 200
#24581 GET /revival/loadout -> 200
#24582 GET /revival/loadout -> 200
#24583 GET /revival/loadout -> 200
#24584 GET /revival/loadout -> 200
#24585 GET /revival/loadout -> 200
#24586 GET /revival/loadout -> 200
#24587 GET /revival/loadout -> 200
#24588 GET /revival/loadout -> 200
#24589 GET /revival/loadout -> 200
#24590 GET /revival/loadout -> 200
#24591 GET /revival/loadout -> 200
#24592 GET /revival/loadout -> 200
#24593 GET /revival/loadout -> 200
#24594 GET /party/matchmaking/info -> 200
#24595 GET /revival/loadout -> 200
#24596 GET /revival/loadout -> 200
#24597 GET /revival/loadout -> 200
#24598 GET /revival/loadout -> 200
#24599 GET /revival/loadout -> 200
#24600 GET /revival/loadout -> 200
#24601 GET /revival/loadout -> 200
#24602 GET /revival/loadout -> 200
#24603 GET /revival/loadout -> 200
#24604 GET /revival/loadout -> 200
#24605 GET /revival/loadout -> 200
#24606 GET /revival/loadout -> 200
#24607 GET /revival/loadout -> 200
#24608 GET /revival/loadout -> 200
#24609 GET /revival/loadout -> 200

* 19:51:08.992  WS <- /lobby TEXT ""
#24610 GET /revival/loadout -> 200
#24611 GET /revival/loadout -> 200
#24612 GET /revival/loadout -> 200
#24613 GET /revival/loadout -> 200
#24614 GET /revival/loadout -> 200
#24615 GET /revival/loadout -> 200
#24616 GET /revival/loadout -> 200
#24617 POST /party/parties/party-9b9d2c887e2524f918e383a895f2f1c2/members/9b9d2c887e2524f918e383a895f2f1c2/latencies -> 200
#24618 GET /revival/loadout -> 200
#24619 GET /revival/loadout -> 200
#24620 GET /revival/loadout -> 200
#24621 GET /revival/loadout -> 200
#24622 GET /revival/loadout -> 200
#24623 GET /revival/loadout -> 200
#24624 GET /revival/loadout -> 200
#24625 GET /revival/loadout -> 200
#24626 GET /revival/loadout -> 200
#24627 GET /revival/loadout -> 200
#24628 GET /revival/loadout -> 200
#24629 GET /revival/loadout -> 200
#24630 GET /revival/loadout -> 200
#24631 GET /revival/loadout -> 200
#24632 GET /revival/loadout -> 200
#24633 GET /revival/loadout -> 200
#24634 GET /revival/loadout -> 200
#24635 GET /revival/loadout -> 200
#24636 GET /revival/loadout -> 200
#24637 GET /revival/loadout -> 200
#24638 GET /revival/loadout -> 200
#24639 GET /revival/loadout -> 200
#24640 GET /revival/loadout -> 200
#24641 GET /revival/loadout -> 200
#24642 GET /revival/loadout -> 200
#24643 GET /revival/loadout -> 200
#24644 GET /revival/loadout -> 200
#24645 GET /revival/loadout -> 200
#24646 GET /revival/loadout -> 200
#24647 GET /revival/loadout -> 200
#24648 GET /revival/loadout -> 200
#24649 GET /revival/loadout -> 200
#24650 GET /revival/loadout -> 200
#24651 GET /revival/loadout -> 200
#24652 GET /revival/loadout -> 200
#24653 GET /revival/loadout -> 200
#24654 GET /revival/loadout -> 200
#24655 GET /revival/loadout -> 200
#24656 GET /revival/loadout -> 200
#24657 GET /revival/loadout -> 200
#24658 GET /revival/loadout -> 200
#24659 GET /revival/loadout -> 200
#24660 GET /revival/loadout -> 200
#24661 GET /revival/loadout -> 200
#24662 GET /revival/loadout -> 200
#24663 GET /revival/loadout -> 200
#24664 GET /revival/loadout -> 200
#24665 GET /revival/loadout -> 200
#24666 GET /revival/loadout -> 200
#24667 GET /revival/loadout -> 200
#24668 GET /revival/loadout -> 200
#24669 GET /revival/loadout -> 200
#24670 GET /revival/loadout -> 200
#24671 GET /revival/loadout -> 200
#24672 GET /revival/loadout -> 200
#24673 GET /revival/loadout -> 200
#24674 GET /revival/loadout -> 200
#24675 GET /revival/loadout -> 200
#24676 GET /revival/loadout -> 200
#24677 GET /revival/loadout -> 200
#24678 GET /revival/loadout -> 200
#24679 GET /revival/loadout -> 200
#24680 GET /revival/loadout -> 200
#24681 GET /revival/loadout -> 200

* 19:51:21.326  WS <- /notifications/players/9b9d2c887e2524f918e383a895f2f1c2 BINARY (2 bytes) 6862

* 19:51:21.372  WS -> /notifications/players/9b9d2c887e2524f918e383a895f2f1c2 TEXT hb reply {"Resource":"hb","Version":0,"Payload":""}
#24682 GET /revival/loadout -> 200
#24683 GET /party/players/9b9d2c887e2524f918e383a895f2f1c2/voice -> 200
#24684 GET /revival/loadout -> 200
#24685 GET /revival/loadout -> 200
#24686 GET /revival/loadout -> 200
#24687 GET /revival/loadout -> 200
#24688 GET /revival/loadout -> 200
#24689 GET /revival/loadout -> 200
#24690 GET /configuration/client -> 200
#24691 GET /revival/loadout -> 200
#24692 GET /content-service/manifest/release2.4.live-156430-shipping -> 200
#24693 GET /revival/loadout -> 200
#24694 GET /revival/loadout -> 200
#24695 GET /revival/loadout -> 200
#24696 GET /revival/loadout -> 200
#24697 GET /revival/loadout -> 200
#24698 GET /revival/loadout -> 200
#24699 GET /revival/loadout -> 200
#24700 GET /revival/loadout -> 200
#24701 GET /revival/loadout -> 200
#24702 GET /revival/loadout -> 200
#24703 GET /revival/loadout -> 200
#24704 GET /revival/loadout -> 200
#24705 GET /revival/loadout -> 200
#24706 GET /revival/loadout -> 200
#24707 GET /revival/loadout -> 200
#24708 GET /revival/loadout -> 200
#24709 GET /revival/loadout -> 200
#24710 GET /revival/loadout -> 200
#24711 GET /revival/loadout -> 200
#24712 GET /revival/loadout -> 200
#24713 GET /revival/loadout -> 200
#24714 GET /revival/loadout -> 200
#24715 GET /revival/loadout -> 200
#24716 GET /revival/loadout -> 200
#24717 GET /revival/loadout -> 200
#24718 GET /revival/loadout -> 200
#24719 GET /revival/loadout -> 200
#24720 GET /revival/loadout -> 200
#24721 GET /revival/loadout -> 200
#24722 GET /revival/loadout -> 200
#24723 GET /revival/loadout -> 200
#24724 GET /revival/loadout -> 200
#24725 GET /revival/loadout -> 200
#24726 GET /revival/loadout -> 200
#24727 GET /revival/loadout -> 200
#24728 GET /revival/loadout -> 200
#24729 GET /revival/loadout -> 200
#24730 GET /revival/loadout -> 200
#24731 GET /revival/loadout -> 200
#24732 GET /revival/loadout -> 200
#24733 GET /revival/loadout -> 200
#24734 GET /revival/loadout -> 200
#24735 GET /revival/loadout -> 200
#24736 GET /revival/loadout -> 200
#24737 GET /revival/loadout -> 200
#24738 GET /revival/loadout -> 200
#24739 GET /revival/loadout -> 200
#24740 GET /revival/loadout -> 200
#24741 GET /revival/loadout -> 200
#24742 GET /revival/loadout -> 200
#24743 GET /revival/loadout -> 200
#24744 GET /revival/loadout -> 200
#24745 GET /revival/loadout -> 200
#24746 GET /revival/loadout -> 200
#24747 GET /revival/loadout -> 200
#24748 GET /revival/loadout -> 200
#24749 GET /revival/loadout -> 200
#24750 GET /revival/loadout -> 200
#24751 GET /revival/loadout -> 200
#24752 GET /revival/loadout -> 200
#24753 GET /revival/loadout -> 200
#24754 GET /revival/loadout -> 200
#24755 GET /revival/loadout -> 200
#24756 GET /revival/loadout -> 200
#24757 GET /revival/loadout -> 200
#24758 GET /revival/loadout -> 200
#24759 GET /revival/loadout -> 200
#24760 GET /revival/loadout -> 200
#24761 GET /revival/loadout -> 200
#24762 GET /revival/loadout -> 200
#24763 GET /revival/loadout -> 200
#24764 GET /revival/loadout -> 200
#24765 GET /revival/loadout -> 200
#24766 GET /revival/loadout -> 200
#24767 GET /revival/loadout -> 200
#24768 GET /mailbox/config/version -> 200
#24770 GET /core-game/regions -> 200
#24769 GET /party/matchmaking/info -> 200
#24771 GET /revival/loadout -> 200
#24772 GET /revival/loadout -> 200
#24773 GET /revival/loadout -> 200
#24774 GET /revival/loadout -> 200
#24775 GET /revival/loadout -> 200
#24776 GET /revival/loadout -> 200
#24777 GET /revival/loadout -> 200
#24778 GET /revival/loadout -> 200
#24779 GET /revival/loadout -> 200
#24780 GET /revival/loadout -> 200
#24781 GET /revival/loadout -> 200
#24782 GET /revival/loadout -> 200
#24783 GET /revival/loadout -> 200
#24784 GET /revival/loadout -> 200
#24785 GET /revival/loadout -> 200

* 19:51:39.009  WS <- /lobby TEXT ""
#24786 GET /revival/loadout -> 200
#24787 GET /revival/loadout -> 200
#24788 GET /revival/loadout -> 200
#24789 GET /revival/loadout -> 200
#24790 GET /revival/loadout -> 200
#24791 GET /revival/loadout -> 200
#24792 GET /revival/loadout -> 200
#24793 GET /revival/loadout -> 200
#24794 POST /party/parties/party-9b9d2c887e2524f918e383a895f2f1c2/members/9b9d2c887e2524f918e383a895f2f1c2/latencies -> 200
#24795 GET /revival/loadout -> 200
#24796 GET /revival/loadout -> 200
#24797 GET /revival/loadout -> 200
#24798 GET /revival/loadout -> 200
#24799 GET /revival/loadout -> 200
#24800 GET /revival/loadout -> 200
#24801 GET /revival/loadout -> 200
#24802 GET /revival/loadout -> 200
#24803 GET /revival/loadout -> 200
#24804 GET /revival/loadout -> 200
#24805 GET /revival/loadout -> 200
#24806 GET /revival/loadout -> 200
#24807 GET /revival/loadout -> 200
#24808 GET /revival/loadout -> 200
#24809 GET /revival/loadout -> 200
#24810 GET /revival/loadout -> 200
#24811 GET /revival/loadout -> 200
#24812 GET /revival/loadout -> 200
#24813 GET /revival/loadout -> 200
#24814 GET /revival/loadout -> 200
#24815 GET /revival/loadout -> 200
#24816 GET /revival/loadout -> 200
#24817 GET /revival/loadout -> 200
#24818 GET /revival/loadout -> 200
#24819 GET /revival/loadout -> 200
#24820 GET /revival/loadout -> 200
#24821 GET /revival/loadout -> 200
#24822 GET /revival/loadout -> 200
#24823 GET /revival/loadout -> 200
#24824 GET /revival/loadout -> 200
#24825 GET /revival/loadout -> 200
#24826 GET /revival/loadout -> 200
#24827 GET /revival/loadout -> 200
#24828 GET /revival/loadout -> 200
#24829 GET /revival/loadout -> 200
#24830 GET /revival/loadout -> 200
#24831 GET /revival/loadout -> 200
#24832 GET /revival/loadout -> 200
#24833 GET /revival/loadout -> 200
#24834 GET /revival/loadout -> 200
#24835 GET /revival/loadout -> 200
#24836 GET /revival/loadout -> 200
#24837 GET /revival/loadout -> 200
#24838 GET /revival/loadout -> 200
#24839 GET /revival/loadout -> 200
#24840 GET /revival/loadout -> 200
#24841 GET /revival/loadout -> 200
#24842 GET /revival/loadout -> 200
#24843 GET /revival/loadout -> 200
#24844 GET /revival/loadout -> 200
#24845 GET /revival/loadout -> 200
#24846 GET /revival/loadout -> 200
#24847 GET /revival/loadout -> 200
#24848 GET /revival/loadout -> 200
#24849 GET /revival/loadout -> 200
#24850 GET /revival/loadout -> 200
#24851 GET /revival/loadout -> 200
#24852 GET /revival/loadout -> 200
#24853 GET /revival/loadout -> 200
#24854 GET /revival/loadout -> 200
#24855 GET /revival/loadout -> 200
#24856 GET /revival/loadout -> 200
#24857 GET /revival/loadout -> 200

* 19:51:51.421  WS -> /notifications/players/9b9d2c887e2524f918e383a895f2f1c2 BINARY hb (proactive 30s keepalive)
#24858 GET /revival/loadout -> 200
#24859 GET /revival/loadout -> 200
#24860 GET /party/players/9b9d2c887e2524f918e383a895f2f1c2/voice -> 200
#24861 GET /revival/loadout -> 200
#24862 GET /revival/loadout -> 200
#24863 GET /revival/loadout -> 200
#24864 GET /revival/loadout -> 200
#24865 GET /configuration/client -> 200
#24866 GET /revival/loadout -> 200
#24867 GET /content-service/manifest/release2.4.live-156430-shipping -> 200
#24868 GET /revival/loadout -> 200
#24869 GET /revival/loadout -> 200
#24870 GET /revival/loadout -> 200
#24871 GET /revival/loadout -> 200
#24872 GET /revival/loadout -> 200
#24873 GET /revival/loadout -> 200
#24874 GET /revival/loadout -> 200
#24875 GET /revival/loadout -> 200
#24876 GET /revival/loadout -> 200
#24877 GET /revival/loadout -> 200
#24878 GET /revival/loadout -> 200
#24879 GET /revival/loadout -> 200
#24880 GET /revival/loadout -> 200
#24881 GET /revival/loadout -> 200
#24882 GET /revival/loadout -> 200
#24883 GET /revival/loadout -> 200
#24884 GET /revival/loadout -> 200
#24885 GET /revival/loadout -> 200
#24886 GET /revival/loadout -> 200
#24887 GET /revival/loadout -> 200
#24888 GET /revival/loadout -> 200
#24889 GET /revival/loadout -> 200
#24890 GET /revival/loadout -> 200
#24891 GET /revival/loadout -> 200
#24892 GET /revival/loadout -> 200
#24893 GET /revival/loadout -> 200
#24894 GET /revival/loadout -> 200
#24895 GET /revival/loadout -> 200
#24896 GET /revival/loadout -> 200
#24897 GET /revival/loadout -> 200
#24898 GET /revival/loadout -> 200
#24899 GET /revival/loadout -> 200
#24900 GET /revival/loadout -> 200
#24901 GET /revival/loadout -> 200
#24902 GET /revival/loadout -> 200
#24903 GET /revival/loadout -> 200
#24904 GET /revival/loadout -> 200
#24905 GET /revival/loadout -> 200
#24906 GET /revival/loadout -> 200
#24907 GET /revival/loadout -> 200
#24908 GET /revival/loadout -> 200
#24909 GET /revival/loadout -> 200
#24910 GET /revival/loadout -> 200
#24911 GET /revival/loadout -> 200
#24912 GET /revival/loadout -> 200
#24913 GET /revival/loadout -> 200
#24914 GET /revival/loadout -> 200
#24915 GET /revival/loadout -> 200
#24916 GET /revival/loadout -> 200
#24917 GET /revival/loadout -> 200
#24918 GET /revival/loadout -> 200
#24919 GET /revival/loadout -> 200
#24920 GET /revival/loadout -> 200
#24921 GET /revival/loadout -> 200
#24922 GET /revival/loadout -> 200
#24923 GET /revival/loadout -> 200
#24924 GET /revival/loadout -> 200
#24925 GET /revival/loadout -> 200
#24926 GET /revival/loadout -> 200
#24927 GET /revival/loadout -> 200
#24928 GET /revival/loadout -> 200
#24929 GET /revival/loadout -> 200
#24930 POST /game-telemetry/v1/protected/events -> 200
#24931 GET /revival/loadout -> 200
#24932 GET /revival/loadout -> 200
#24933 GET /revival/loadout -> 200
#24934 GET /revival/loadout -> 200
#24935 GET /revival/loadout -> 200
#24936 GET /revival/loadout -> 200
#24937 GET /revival/loadout -> 200
#24938 GET /revival/loadout -> 200
#24939 GET /revival/loadout -> 200
#24940 GET /revival/loadout -> 200
#24941 GET /revival/loadout -> 200
#24942 GET /revival/loadout -> 200
#24943 GET /revival/loadout -> 200
#24944 GET /revival/loadout -> 200
#24945 GET /party/matchmaking/info -> 200
#24946 GET /revival/loadout -> 200
#24947 GET /revival/loadout -> 200
#24948 GET /revival/loadout -> 200
#24949 GET /revival/loadout -> 200
#24950 GET /revival/loadout -> 200
#24951 GET /revival/loadout -> 200
#24952 GET /revival/loadout -> 200
#24953 GET /revival/loadout -> 200
#24954 GET /revival/loadout -> 200
#24955 GET /revival/loadout -> 200
#24956 GET /revival/loadout -> 200
#24957 GET /revival/loadout -> 200
#24958 GET /revival/loadout -> 200
#24959 GET /revival/loadout -> 200
#24960 GET /revival/loadout -> 200

* 19:52:09.001  WS <- /lobby TEXT ""
#24961 GET /revival/loadout -> 200
#24962 GET /revival/loadout -> 200
#24963 GET /revival/loadout -> 200
#24964 GET /revival/loadout -> 200
#24965 GET /revival/loadout -> 200
#24966 GET /revival/loadout -> 200
#24967 GET /revival/loadout -> 200
#24968 POST /party/parties/party-9b9d2c887e2524f918e383a895f2f1c2/members/9b9d2c887e2524f918e383a895f2f1c2/latencies -> 200
#24969 GET /revival/loadout -> 200
#24970 GET /revival/loadout -> 200
#24971 GET /revival/loadout -> 200
#24972 GET /revival/loadout -> 200
#24973 GET /revival/loadout -> 200
#24974 GET /revival/loadout -> 200
#24975 GET /revival/loadout -> 200
#24976 GET /revival/loadout -> 200
#24977 GET /revival/loadout -> 200
#24978 GET /revival/loadout -> 200
#24979 GET /revival/loadout -> 200
#24980 GET /revival/loadout -> 200
#24981 GET /revival/loadout -> 200
#24982 GET /revival/loadout -> 200
#24983 GET /revival/loadout -> 200
#24984 GET /revival/loadout -> 200
#24985 GET /revival/loadout -> 200
#24986 GET /revival/loadout -> 200
#24987 GET /revival/loadout -> 200
#24988 GET /revival/loadout -> 200
#24989 GET /revival/loadout -> 200
#24990 GET /revival/loadout -> 200
#24991 GET /revival/loadout -> 200
#24992 GET /revival/loadout -> 200
#24993 GET /revival/loadout -> 200
#24994 GET /revival/loadout -> 200
#24995 GET /revival/loadout -> 200
#24996 GET /revival/loadout -> 200
#24997 GET /revival/loadout -> 200
#24998 GET /revival/loadout -> 200
#24999 GET /revival/loadout -> 200
#25000 GET /revival/loadout -> 200
#25001 GET /revival/loadout -> 200
#25002 GET /revival/loadout -> 200

* 19:52:16.311  WS <- /notifications/players/9b9d2c887e2524f918e383a895f2f1c2 BINARY (2 bytes) 6862

* 19:52:16.368  WS -> /notifications/players/9b9d2c887e2524f918e383a895f2f1c2 TEXT hb reply {"Resource":"hb","Version":0,"Payload":""}
#25003 GET /revival/loadout -> 200
#25004 GET /revival/loadout -> 200
#25005 GET /revival/loadout -> 200
#25006 GET /revival/loadout -> 200
#25007 GET /revival/loadout -> 200
#25008 GET /revival/loadout -> 200
#25009 GET /revival/loadout -> 200
#25010 GET /revival/loadout -> 200
#25011 GET /revival/loadout -> 200
#25012 GET /revival/loadout -> 200
#25013 GET /revival/loadout -> 200
#25014 GET /revival/loadout -> 200
#25015 GET /revival/loadout -> 200
#25016 GET /revival/loadout -> 200
#25017 GET /revival/loadout -> 200
#25018 GET /revival/loadout -> 200
#25019 GET /revival/loadout -> 200
#25020 GET /revival/loadout -> 200
#25021 GET /revival/loadout -> 200
#25022 GET /revival/loadout -> 200
#25023 GET /revival/loadout -> 200
#25024 GET /revival/loadout -> 200
#25025 GET /revival/loadout -> 200
#25026 GET /revival/loadout -> 200
#25027 GET /revival/loadout -> 200
#25028 GET /revival/loadout -> 200
#25029 GET /revival/loadout -> 200
#25030 GET /revival/loadout -> 200
#25031 GET /revival/loadout -> 200
#25032 GET /revival/loadout -> 200
#25033 GET /revival/loadout -> 200
#25034 GET /revival/loadout -> 200
#25035 GET /revival/loadout -> 200
#25036 GET /party/players/9b9d2c887e2524f918e383a895f2f1c2/voice -> 200
#25037 GET /revival/loadout -> 200
#25038 GET /configuration/client -> 200
#25039 GET /revival/loadout -> 200
#25040 GET /revival/loadout -> 200
#25041 GET /content-service/manifest/release2.4.live-156430-shipping -> 200
#25042 GET /revival/loadout -> 200
#25043 GET /revival/loadout -> 200
#25044 GET /revival/loadout -> 200
#25045 GET /revival/loadout -> 200
#25046 GET /revival/loadout -> 200
#25047 GET /revival/loadout -> 200
#25048 GET /revival/loadout -> 200
#25049 GET /revival/loadout -> 200
#25050 GET /revival/loadout -> 200
#25051 GET /revival/loadout -> 200
#25052 GET /revival/loadout -> 200
#25053 GET /revival/loadout -> 200
#25054 GET /revival/loadout -> 200
#25055 GET /revival/loadout -> 200
#25056 GET /revival/loadout -> 200
#25057 GET /revival/loadout -> 200
#25058 GET /revival/loadout -> 200
#25059 GET /revival/loadout -> 200
#25060 GET /revival/loadout -> 200
#25061 GET /revival/loadout -> 200
#25062 GET /revival/loadout -> 200
#25063 GET /revival/loadout -> 200
#25064 GET /revival/loadout -> 200
#25065 GET /revival/loadout -> 200
#25066 GET /revival/loadout -> 200
#25067 GET /revival/loadout -> 200
#25068 GET /revival/loadout -> 200
#25069 GET /revival/loadout -> 200
#25070 GET /revival/loadout -> 200
#25071 GET /revival/loadout -> 200
#25072 GET /revival/loadout -> 200
#25073 GET /revival/loadout -> 200
#25074 GET /revival/loadout -> 200
#25075 GET /revival/loadout -> 200
#25076 GET /revival/loadout -> 200
#25077 GET /revival/loadout -> 200
#25078 GET /revival/loadout -> 200
#25079 GET /revival/loadout -> 200
#25080 GET /revival/loadout -> 200
#25081 GET /revival/loadout -> 200
#25082 GET /revival/loadout -> 200
#25083 GET /revival/loadout -> 200
#25084 GET /revival/loadout -> 200
#25085 GET /revival/loadout -> 200
#25086 GET /revival/loadout -> 200
#25087 GET /revival/loadout -> 200
#25088 GET /revival/loadout -> 200
#25089 GET /revival/loadout -> 200
#25090 GET /revival/loadout -> 200
#25091 GET /revival/loadout -> 200
#25092 GET /revival/loadout -> 200
#25093 GET /revival/loadout -> 200
#25094 GET /revival/loadout -> 200
#25095 GET /revival/loadout -> 200
#25096 GET /revival/loadout -> 200
#25097 GET /revival/loadout -> 200
#25098 GET /revival/loadout -> 200
#25099 GET /revival/loadout -> 200
#25100 GET /revival/loadout -> 200
#25101 GET /revival/loadout -> 200
#25102 GET /revival/loadout -> 200
#25103 GET /revival/loadout -> 200
#25104 GET /revival/loadout -> 200
#25105 GET /revival/loadout -> 200
#25106 GET /revival/loadout -> 200
#25107 GET /revival/loadout -> 200
#25108 GET /revival/loadout -> 200
#25109 GET /revival/loadout -> 200
#25110 GET /revival/loadout -> 200
#25111 GET /revival/loadout -> 200
#25112 GET /revival/loadout -> 200
#25113 GET /revival/loadout -> 200
#25114 GET /revival/loadout -> 200
#25115 GET /revival/loadout -> 200
#25116 GET /revival/loadout -> 200
#25117 GET /revival/loadout -> 200
#25118 GET /storefront/heroes -> 200
#25120 GET /core-game/regions -> 200
#25119 GET /party/matchmaking/info -> 200
#25121 GET /revival/loadout -> 200
#25122 GET /revival/loadout -> 200
#25123 GET /revival/loadout -> 200
#25124 GET /revival/loadout -> 200
#25125 GET /revival/loadout -> 200
#25126 GET /revival/loadout -> 200
#25127 GET /revival/loadout -> 200
#25128 GET /revival/loadout -> 200
#25129 GET /revival/loadout -> 200
#25130 GET /revival/loadout -> 200
#25131 GET /revival/loadout -> 200
#25132 GET /revival/loadout -> 200
#25133 GET /revival/loadout -> 200
#25134 GET /revival/loadout -> 200
#25135 GET /revival/loadout -> 200

* 19:52:39.410  WS <- /lobby TEXT ""
#25136 GET /revival/loadout -> 200
#25137 GET /revival/loadout -> 200
#25138 GET /revival/loadout -> 200
#25139 GET /revival/loadout -> 200
#25140 GET /revival/loadout -> 200
#25141 GET /revival/loadout -> 200
#25142 GET /revival/loadout -> 200
#25143 GET /revival/loadout -> 200
#25144 GET /revival/loadout -> 200
#25145 POST /party/parties/party-9b9d2c887e2524f918e383a895f2f1c2/members/9b9d2c887e2524f918e383a895f2f1c2/latencies -> 200
#25146 GET /revival/loadout -> 200
#25147 GET /revival/loadout -> 200
#25148 GET /revival/loadout -> 200
#25149 GET /revival/loadout -> 200
#25150 GET /revival/loadout -> 200
#25151 GET /revival/loadout -> 200
#25152 GET /revival/loadout -> 200
#25153 GET /revival/loadout -> 200
#25154 GET /revival/loadout -> 200
#25155 GET /revival/loadout -> 200
#25156 GET /revival/loadout -> 200
#25157 GET /revival/loadout -> 200
#25158 GET /revival/loadout -> 200
#25159 GET /revival/loadout -> 200
#25160 GET /revival/loadout -> 200
#25161 GET /revival/loadout -> 200
#25162 GET /revival/loadout -> 200
#25163 GET /revival/loadout -> 200
#25164 GET /revival/loadout -> 200
#25165 GET /revival/loadout -> 200
#25166 GET /revival/loadout -> 200
#25167 GET /revival/loadout -> 200
#25168 GET /revival/loadout -> 200
#25169 GET /revival/loadout -> 200
#25170 GET /revival/loadout -> 200
#25171 GET /revival/loadout -> 200
#25172 GET /revival/loadout -> 200
#25173 GET /revival/loadout -> 200
#25174 GET /revival/loadout -> 200
#25175 GET /revival/loadout -> 200

* 19:52:46.418  WS -> /notifications/players/9b9d2c887e2524f918e383a895f2f1c2 BINARY hb (proactive 30s keepalive)
#25176 GET /revival/loadout -> 200
#25177 GET /revival/loadout -> 200
#25178 GET /revival/loadout -> 200
#25179 GET /revival/loadout -> 200
#25180 GET /revival/loadout -> 200
#25181 GET /revival/loadout -> 200
#25182 GET /revival/loadout -> 200
#25183 GET /revival/loadout -> 200
#25184 GET /revival/loadout -> 200
#25185 GET /revival/loadout -> 200
#25186 GET /revival/loadout -> 200
#25187 GET /revival/loadout -> 200
#25188 GET /revival/loadout -> 200
#25189 GET /revival/loadout -> 200
#25190 GET /revival/loadout -> 200
#25191 GET /revival/loadout -> 200
#25192 GET /revival/loadout -> 200
#25193 GET /revival/loadout -> 200
#25194 GET /revival/loadout -> 200
#25195 GET /revival/loadout -> 200
#25196 GET /revival/loadout -> 200
#25197 GET /revival/loadout -> 200
#25198 GET /revival/loadout -> 200
#25199 GET /revival/loadout -> 200
#25200 GET /revival/loadout -> 200
#25201 GET /revival/loadout -> 200
#25202 GET /revival/loadout -> 200
#25203 GET /revival/loadout -> 200
#25204 GET /revival/loadout -> 200
#25205 GET /revival/loadout -> 200
#25206 GET /revival/loadout -> 200
#25207 GET /revival/loadout -> 200
#25208 GET /revival/loadout -> 200
#25209 GET /revival/loadout -> 200
#25210 GET /revival/loadout -> 200
#25211 GET /configuration/client -> 200
#25212 GET /revival/loadout -> 200
#25213 GET /party/players/9b9d2c887e2524f918e383a895f2f1c2/voice -> 200
#25214 GET /content-service/manifest/release2.4.live-156430-shipping -> 200
#25215 GET /revival/loadout -> 200
#25216 GET /revival/loadout -> 200
#25217 GET /revival/loadout -> 200
#25218 GET /revival/loadout -> 200
#25219 GET /revival/loadout -> 200
#25220 GET /revival/loadout -> 200
#25221 GET /revival/loadout -> 200
#25222 GET /revival/loadout -> 200
#25223 GET /revival/loadout -> 200
#25224 GET /revival/loadout -> 200
#25225 GET /revival/loadout -> 200
#25226 GET /revival/loadout -> 200
#25227 GET /revival/loadout -> 200
#25228 GET /revival/loadout -> 200
#25229 GET /revival/loadout -> 200
#25230 GET /revival/loadout -> 200
#25231 GET /revival/loadout -> 200
#25232 GET /revival/loadout -> 200
#25233 GET /revival/loadout -> 200
#25234 GET /revival/loadout -> 200
#25235 GET /revival/loadout -> 200
#25236 GET /revival/loadout -> 200
#25237 GET /revival/loadout -> 200
#25238 GET /revival/loadout -> 200
#25239 GET /revival/loadout -> 200
#25240 GET /revival/loadout -> 200
#25241 GET /revival/loadout -> 200
#25242 GET /revival/loadout -> 200
#25243 GET /revival/loadout -> 200
#25244 GET /revival/loadout -> 200
#25245 GET /revival/loadout -> 200
#25246 GET /revival/loadout -> 200
#25247 GET /revival/loadout -> 200
#25248 GET /revival/loadout -> 200
#25249 GET /revival/loadout -> 200
#25250 GET /revival/loadout -> 200
#25251 GET /revival/loadout -> 200
#25252 GET /revival/loadout -> 200
#25253 GET /revival/loadout -> 200
#25254 GET /revival/loadout -> 200
#25255 GET /revival/loadout -> 200
#25256 GET /revival/loadout -> 200
#25257 GET /revival/loadout -> 200
#25258 GET /revival/loadout -> 200
#25259 GET /revival/loadout -> 200
#25260 GET /revival/loadout -> 200
#25261 GET /revival/loadout -> 200
#25262 GET /revival/loadout -> 200
#25263 GET /revival/loadout -> 200
#25264 GET /revival/loadout -> 200
#25265 GET /revival/loadout -> 200
#25266 GET /revival/loadout -> 200
#25267 GET /revival/loadout -> 200
#25268 GET /revival/loadout -> 200
#25269 GET /revival/loadout -> 200
#25270 GET /revival/loadout -> 200
#25271 GET /revival/loadout -> 200
#25272 POST /game-telemetry/v1/protected/events -> 200
#25273 GET /revival/loadout -> 200
#25274 GET /revival/loadout -> 200
#25275 GET /revival/loadout -> 200
#25276 GET /revival/loadout -> 200
#25277 GET /revival/loadout -> 200
#25278 GET /revival/loadout -> 200
#25279 GET /revival/loadout -> 200
#25280 GET /revival/loadout -> 200
#25281 GET /revival/loadout -> 200
#25282 GET /revival/loadout -> 200
#25283 GET /revival/loadout -> 200
#25284 GET /revival/loadout -> 200
#25285 GET /revival/loadout -> 200
#25286 GET /revival/loadout -> 200
#25287 GET /revival/loadout -> 200
#25288 GET /party/matchmaking/info -> 200
#25289 GET /mailbox/config/version -> 200
#25290 GET /revival/loadout -> 200
#25291 GET /revival/loadout -> 200
#25292 GET /revival/loadout -> 200
#25293 GET /revival/loadout -> 200
#25294 GET /revival/loadout -> 200
#25295 GET /revival/loadout -> 200
#25296 GET /revival/loadout -> 200
#25297 GET /revival/loadout -> 200
#25298 GET /revival/loadout -> 200
#25299 GET /revival/loadout -> 200
#25300 GET /revival/loadout -> 200
#25301 GET /revival/loadout -> 200
#25302 GET /revival/loadout -> 200
#25303 GET /revival/loadout -> 200
#25304 GET /revival/loadout -> 200

* 19:53:09.520  WS <- /lobby TEXT ""
#25305 GET /revival/loadout -> 200
#25306 GET /revival/loadout -> 200
#25307 GET /revival/loadout -> 200
#25308 GET /revival/loadout -> 200
#25309 GET /revival/loadout -> 200
#25310 GET /revival/loadout -> 200
#25311 GET /revival/loadout -> 200
#25312 GET /revival/loadout -> 200
#25313 GET /revival/loadout -> 200
#25314 POST /party/parties/party-9b9d2c887e2524f918e383a895f2f1c2/members/9b9d2c887e2524f918e383a895f2f1c2/latencies -> 200
#25315 GET /revival/loadout -> 200
#25316 GET /revival/loadout -> 200
#25317 GET /revival/loadout -> 200

* 19:53:11.714  WS <- /notifications/players/9b9d2c887e2524f918e383a895f2f1c2 BINARY (2 bytes) 6862

* 19:53:11.755  WS -> /notifications/players/9b9d2c887e2524f918e383a895f2f1c2 TEXT hb reply {"Resource":"hb","Version":0,"Payload":""}
#25318 GET /revival/loadout -> 200
#25319 GET /revival/loadout -> 200
#25320 GET /revival/loadout -> 200
#25321 GET /revival/loadout -> 200
#25322 GET /revival/loadout -> 200
#25323 GET /revival/loadout -> 200
#25324 GET /revival/loadout -> 200
#25325 GET /revival/loadout -> 200
#25326 GET /revival/loadout -> 200
#25327 GET /revival/loadout -> 200
#25328 GET /revival/loadout -> 200
#25329 GET /revival/loadout -> 200
#25330 GET /revival/loadout -> 200
#25331 GET /revival/loadout -> 200
#25332 GET /revival/loadout -> 200
#25333 GET /revival/loadout -> 200
#25334 GET /revival/loadout -> 200
#25335 GET /revival/loadout -> 200
#25336 GET /revival/loadout -> 200
#25337 GET /revival/loadout -> 200
#25338 GET /revival/loadout -> 200
#25339 GET /revival/loadout -> 200
#25340 GET /revival/loadout -> 200
#25341 GET /revival/loadout -> 200
#25342 GET /revival/loadout -> 200
#25343 GET /revival/loadout -> 200
#25344 GET /revival/loadout -> 200
#25345 GET /revival/loadout -> 200
#25346 GET /revival/loadout -> 200
#25347 GET /revival/loadout -> 200
#25348 GET /revival/loadout -> 200
#25349 GET /revival/loadout -> 200
#25350 GET /revival/loadout -> 200
#25351 GET /revival/loadout -> 200
#25352 GET /revival/loadout -> 200
#25353 GET /revival/loadout -> 200
#25354 GET /revival/loadout -> 200
#25355 GET /revival/loadout -> 200
#25356 GET /revival/loadout -> 200
#25357 GET /revival/loadout -> 200
#25358 GET /revival/loadout -> 200
#25359 GET /revival/loadout -> 200
#25360 GET /revival/loadout -> 200
#25361 GET /revival/loadout -> 200
#25362 GET /revival/loadout -> 200
#25363 GET /revival/loadout -> 200
#25364 GET /revival/loadout -> 200
#25365 GET /revival/loadout -> 200
#25366 GET /revival/loadout -> 200
#25367 GET /revival/loadout -> 200
#25368 GET /revival/loadout -> 200
#25369 GET /revival/loadout -> 200
#25370 GET /revival/loadout -> 200
#25371 GET /revival/loadout -> 200
#25372 GET /revival/loadout -> 200
#25373 GET /revival/loadout -> 200
#25374 GET /revival/loadout -> 200
#25375 GET /revival/loadout -> 200
#25376 GET /revival/loadout -> 200
#25377 GET /revival/loadout -> 200
#25378 GET /revival/loadout -> 200
#25379 GET /revival/loadout -> 200
#25380 GET /configuration/client -> 200
#25381 GET /revival/loadout -> 200
#25382 GET /revival/loadout -> 200
#25383 GET /content-service/manifest/release2.4.live-156430-shipping -> 200
#25384 GET /revival/loadout -> 200
#25385 GET /party/players/9b9d2c887e2524f918e383a895f2f1c2/voice -> 200
#25386 GET /revival/loadout -> 200
#25387 GET /revival/loadout -> 200
#25388 GET /revival/loadout -> 200
#25389 GET /revival/loadout -> 200
#25390 GET /revival/loadout -> 200
#25391 GET /revival/loadout -> 200
#25392 GET /revival/loadout -> 200
#25393 GET /revival/loadout -> 200
#25394 GET /revival/loadout -> 200
#25395 GET /revival/loadout -> 200
#25396 GET /revival/loadout -> 200
#25397 GET /revival/loadout -> 200
#25398 GET /revival/loadout -> 200
#25399 GET /revival/loadout -> 200
#25400 GET /revival/loadout -> 200
#25401 GET /revival/loadout -> 200
#25402 GET /revival/loadout -> 200
#25403 GET /revival/loadout -> 200
#25404 GET /revival/loadout -> 200
#25405 GET /revival/loadout -> 200
#25406 GET /revival/loadout -> 200
#25407 GET /revival/loadout -> 200
#25408 GET /revival/loadout -> 200
#25409 GET /revival/loadout -> 200
#25410 GET /revival/loadout -> 200
#25411 GET /revival/loadout -> 200
#25412 GET /revival/loadout -> 200
#25413 GET /revival/loadout -> 200
#25414 GET /revival/loadout -> 200
#25415 GET /revival/loadout -> 200
#25416 GET /revival/loadout -> 200
#25417 GET /revival/loadout -> 200
#25418 GET /revival/loadout -> 200
#25419 GET /revival/loadout -> 200
#25420 GET /revival/loadout -> 200
#25421 GET /revival/loadout -> 200
#25422 GET /revival/loadout -> 200
#25423 GET /revival/loadout -> 200
#25424 GET /revival/loadout -> 200
#25425 GET /revival/loadout -> 200
#25426 GET /revival/loadout -> 200
#25427 GET /revival/loadout -> 200
#25428 GET /revival/loadout -> 200
#25429 GET /revival/loadout -> 200
#25430 GET /revival/loadout -> 200
#25431 GET /revival/loadout -> 200
#25432 GET /revival/loadout -> 200
#25433 GET /revival/loadout -> 200
#25434 GET /revival/loadout -> 200
#25435 GET /revival/loadout -> 200
#25436 GET /revival/loadout -> 200
#25437 GET /revival/loadout -> 200
#25438 GET /revival/loadout -> 200
#25439 GET /revival/loadout -> 200
#25440 GET /revival/loadout -> 200
#25441 GET /revival/loadout -> 200
#25442 GET /revival/loadout -> 200
#25443 GET /revival/loadout -> 200
#25444 GET /revival/loadout -> 200
#25445 GET /revival/loadout -> 200
#25446 GET /revival/loadout -> 200
#25447 GET /revival/loadout -> 200
#25448 GET /revival/loadout -> 200
#25449 GET /revival/loadout -> 200
#25450 GET /revival/loadout -> 200
#25451 GET /revival/loadout -> 200
#25452 GET /revival/loadout -> 200
#25453 GET /revival/loadout -> 200
#25454 GET /revival/loadout -> 200
#25455 GET /revival/loadout -> 200
#25456 GET /revival/loadout -> 200
#25457 GET /revival/loadout -> 200
#25458 GET /party/matchmaking/info -> 200
#25459 GET /core-game/regions -> 200
#25460 GET /revival/loadout -> 200
#25461 GET /revival/loadout -> 200
#25462 GET /revival/loadout -> 200
#25463 GET /revival/loadout -> 200
#25464 GET /revival/loadout -> 200
#25465 GET /revival/loadout -> 200
#25466 GET /revival/loadout -> 200
#25467 GET /revival/loadout -> 200
#25468 GET /revival/loadout -> 200
#25469 GET /revival/loadout -> 200
#25470 GET /revival/loadout -> 200
#25471 GET /revival/loadout -> 200
#25472 GET /revival/loadout -> 200
#25473 GET /revival/loadout -> 200

* 19:53:39.669  WS <- /lobby TEXT ""
#25474 GET /revival/loadout -> 200
#25475 GET /revival/loadout -> 200
#25476 GET /revival/loadout -> 200
#25477 GET /revival/loadout -> 200
#25478 GET /revival/loadout -> 200
#25479 GET /revival/loadout -> 200
#25480 GET /revival/loadout -> 200
#25481 GET /revival/loadout -> 200
#25482 GET /revival/loadout -> 200
#25483 GET /revival/loadout -> 200
#25484 POST /party/parties/party-9b9d2c887e2524f918e383a895f2f1c2/members/9b9d2c887e2524f918e383a895f2f1c2/latencies -> 200
#25485 GET /revival/loadout -> 200

* 19:53:41.798  WS -> /notifications/players/9b9d2c887e2524f918e383a895f2f1c2 BINARY hb (proactive 30s keepalive)
#25486 GET /revival/loadout -> 200
#25487 GET /revival/loadout -> 200
#25488 GET /revival/loadout -> 200
#25489 GET /revival/loadout -> 200
#25490 GET /revival/loadout -> 200
#25491 GET /revival/loadout -> 200
#25492 GET /revival/loadout -> 200
#25493 GET /revival/loadout -> 200
#25494 GET /revival/loadout -> 200
#25495 GET /revival/loadout -> 200
#25496 GET /revival/loadout -> 200
#25497 GET /revival/loadout -> 200
#25498 GET /revival/loadout -> 200
#25499 GET /revival/loadout -> 200
#25500 GET /revival/loadout -> 200
#25501 GET /revival/loadout -> 200
#25502 GET /revival/loadout -> 200
#25503 GET /revival/loadout -> 200
#25504 GET /revival/loadout -> 200
#25505 GET /revival/loadout -> 200
#25506 GET /revival/loadout -> 200
#25507 GET /revival/loadout -> 200
#25508 GET /revival/loadout -> 200
#25509 GET /revival/loadout -> 200
#25510 GET /revival/loadout -> 200
#25511 GET /revival/loadout -> 200
#25512 GET /revival/loadout -> 200
#25513 GET /revival/loadout -> 200
#25514 GET /revival/loadout -> 200
#25515 GET /revival/loadout -> 200
#25516 GET /revival/loadout -> 200
#25517 GET /revival/loadout -> 200
#25518 GET /revival/loadout -> 200
#25519 GET /revival/loadout -> 200
#25520 GET /revival/loadout -> 200
#25521 POST /personalization/players/9b9d2c887e2524f918e383a895f2f1c2/clientprofile -> 200
#25522 GET /revival/loadout -> 200
#25523 GET /revival/loadout -> 200
#25524 GET /revival/loadout -> 200
#25525 GET /revival/loadout -> 200
#25526 GET /revival/loadout -> 200
#25527 GET /revival/loadout -> 200
#25528 GET /revival/loadout -> 200
#25529 GET /revival/loadout -> 200
#25530 GET /revival/loadout -> 200
#25531 GET /revival/loadout -> 200
#25532 GET /revival/loadout -> 200
#25533 GET /revival/loadout -> 200
#25534 GET /revival/loadout -> 200
#25535 GET /revival/loadout -> 200
#25536 GET /player-stats/players/9b9d2c887e2524f918e383a895f2f1c2 -> 200
#25537 GET /revival/loadout -> 200
#25538 GET /revival/loadout -> 200
#25539 GET /revival/loadout -> 200
#25540 GET /revival/loadout -> 200
#25541 GET /revival/loadout -> 200
#25542 GET /revival/loadout -> 200
#25543 GET /player-stats/leaderboard -> 200
#25544 GET /revival/loadout -> 200
#25545 GET /revival/loadout -> 200
#25546 GET /revival/loadout -> 200
#25547 GET /revival/loadout -> 200
#25548 GET /revival/loadout -> 200
#25549 GET /revival/loadout -> 200
#25550 GET /revival/loadout -> 200
#25551 GET /configuration/client -> 200
#25552 GET /revival/loadout -> 200
#25553 GET /mmr/leaderboard -> 200
#25554 GET /revival/loadout -> 200
#25555 GET /content-service/manifest/release2.4.live-156430-shipping -> 200
#25556 GET /revival/loadout -> 200
#25557 GET /revival/loadout -> 200
#25558 GET /revival/loadout -> 200
#25559 GET /party/players/9b9d2c887e2524f918e383a895f2f1c2/voice -> 200
#25560 GET /revival/loadout -> 200
#25561 GET /revival/loadout -> 200
#25562 GET /revival/loadout -> 200
#25563 GET /revival/loadout -> 200
#25564 GET /revival/loadout -> 200
#25565 GET /revival/loadout -> 200
#25566 GET /revival/loadout -> 200
#25567 GET /revival/loadout -> 200
#25568 GET /revival/loadout -> 200
#25569 GET /revival/loadout -> 200
#25570 GET /revival/loadout -> 200
#25571 GET /revival/loadout -> 200
#25572 GET /revival/loadout -> 200
#25573 GET /revival/loadout -> 200
#25574 GET /revival/loadout -> 200
#25575 GET /revival/loadout -> 200
#25576 GET /revival/loadout -> 200
#25577 GET /revival/loadout -> 200
#25578 GET /revival/loadout -> 200
#25579 GET /revival/loadout -> 200
#25580 GET /revival/loadout -> 200
#25581 GET /revival/loadout -> 200
#25582 GET /revival/loadout -> 200
#25583 GET /revival/loadout -> 200
#25584 GET /revival/loadout -> 200
#25585 GET /revival/loadout -> 200
#25586 GET /revival/loadout -> 200
#25587 GET /revival/loadout -> 200
#25588 GET /revival/loadout -> 200
#25589 GET /revival/loadout -> 200
#25590 GET /revival/loadout -> 200
#25591 GET /revival/loadout -> 200
#25592 GET /revival/loadout -> 200
#25593 GET /revival/loadout -> 200
#25594 GET /revival/loadout -> 200
#25595 GET /revival/loadout -> 200
#25596 GET /revival/loadout -> 200
#25597 GET /revival/loadout -> 200
#25598 GET /revival/loadout -> 200
#25599 GET /revival/loadout -> 200
#25600 GET /revival/loadout -> 200
#25601 GET /revival/loadout -> 200
#25602 GET /revival/loadout -> 200
#25603 GET /revival/loadout -> 200
#25604 GET /revival/loadout -> 200
#25605 GET /revival/loadout -> 200
#25606 GET /revival/loadout -> 200
#25607 GET /revival/loadout -> 200
#25608 GET /revival/loadout -> 200
#25609 GET /revival/loadout -> 200
#25610 GET /revival/loadout -> 200
#25611 GET /revival/loadout -> 200
#25612 GET /revival/loadout -> 200
#25613 POST /game-telemetry/v1/protected/events -> 200
#25614 GET /revival/loadout -> 200
#25615 GET /revival/loadout -> 200
#25616 GET /revival/loadout -> 200
#25617 GET /revival/loadout -> 200
#25618 GET /revival/loadout -> 200
#25619 GET /revival/loadout -> 200
#25620 GET /revival/loadout -> 200
#25621 GET /revival/loadout -> 200
#25622 GET /revival/loadout -> 200
#25623 GET /revival/loadout -> 200
#25624 GET /revival/loadout -> 200
#25625 GET /revival/loadout -> 200
#25626 GET /revival/loadout -> 200
#25627 GET /revival/loadout -> 200
#25628 GET /revival/loadout -> 200
#25629 GET /revival/loadout -> 200

* 19:54:06.997  WS <- /notifications/players/9b9d2c887e2524f918e383a895f2f1c2 BINARY (2 bytes) 6862
#25630 GET /party/matchmaking/info -> 200

* 19:54:07.035  WS -> /notifications/players/9b9d2c887e2524f918e383a895f2f1c2 TEXT hb reply {"Resource":"hb","Version":0,"Payload":""}
#25631 GET /revival/loadout -> 200
#25632 GET /revival/loadout -> 200
#25633 GET /revival/loadout -> 200
#25634 GET /revival/loadout -> 200
#25635 GET /revival/loadout -> 200
#25636 GET /revival/loadout -> 200
#25637 GET /revival/loadout -> 200
#25638 GET /revival/loadout -> 200
#25639 GET /revival/loadout -> 200
#25640 GET /revival/loadout -> 200
#25641 GET /revival/loadout -> 200
#25642 GET /revival/loadout -> 200
#25643 GET /revival/loadout -> 200
#25644 GET /revival/loadout -> 200
#25645 GET /revival/loadout -> 200

* 19:54:09.788  WS <- /lobby TEXT ""
#25646 GET /revival/loadout -> 200
#25647 GET /revival/loadout -> 200
#25648 GET /revival/loadout -> 200
#25649 GET /revival/loadout -> 200
#25650 GET /revival/loadout -> 200
#25651 GET /revival/loadout -> 200
#25652 GET /revival/loadout -> 200
#25653 GET /revival/loadout -> 200
#25654 GET /revival/loadout -> 200
#25655 POST /party/parties/party-9b9d2c887e2524f918e383a895f2f1c2/members/9b9d2c887e2524f918e383a895f2f1c2/latencies -> 200
#25656 GET /revival/loadout -> 200
#25657 GET /revival/loadout -> 200
#25658 GET /revival/loadout -> 200
#25659 GET /revival/loadout -> 200
#25660 GET /revival/loadout -> 200
#25661 GET /revival/loadout -> 200
#25662 GET /revival/loadout -> 200
#25663 GET /revival/loadout -> 200
#25664 GET /revival/loadout -> 200
#25665 GET /revival/loadout -> 200
#25666 GET /revival/loadout -> 200
#25667 GET /revival/loadout -> 200
#25668 GET /revival/loadout -> 200
#25669 GET /revival/loadout -> 200
#25670 GET /revival/loadout -> 200
#25671 GET /revival/loadout -> 200
#25672 GET /revival/loadout -> 200
#25673 GET /revival/loadout -> 200
#25674 GET /revival/loadout -> 200
#25675 GET /revival/loadout -> 200
#25676 GET /revival/loadout -> 200
#25677 GET /revival/loadout -> 200
#25678 GET /revival/loadout -> 200
#25679 GET /revival/loadout -> 200
#25680 GET /revival/loadout -> 200
#25681 GET /revival/loadout -> 200
#25682 GET /revival/loadout -> 200
#25683 GET /revival/loadout -> 200
#25684 GET /revival/loadout -> 200
#25685 GET /revival/loadout -> 200
#25686 GET /revival/loadout -> 200
#25687 GET /revival/loadout -> 200
#25688 GET /revival/loadout -> 200
#25689 GET /revival/loadout -> 200
#25690 GET /revival/loadout -> 200
#25691 GET /revival/loadout -> 200
#25692 GET /revival/loadout -> 200
#25693 GET /revival/loadout -> 200
#25694 GET /revival/loadout -> 200
#25695 GET /revival/loadout -> 200
#25696 GET /revival/loadout -> 200
#25697 GET /revival/loadout -> 200
#25698 GET /revival/loadout -> 200
#25699 GET /revival/loadout -> 200
#25700 GET /revival/loadout -> 200
#25701 GET /revival/loadout -> 200
#25702 GET /revival/loadout -> 200
#25703 GET /revival/loadout -> 200
#25704 GET /revival/loadout -> 200
#25705 GET /revival/loadout -> 200
#25706 GET /revival/loadout -> 200
#25707 GET /revival/loadout -> 200
#25708 GET /revival/loadout -> 200
#25709 GET /revival/loadout -> 200
#25710 GET /revival/loadout -> 200
#25711 GET /revival/loadout -> 200
#25712 GET /revival/loadout -> 200
#25713 GET /revival/loadout -> 200
#25714 GET /revival/loadout -> 200
#25715 GET /revival/loadout -> 200
#25716 GET /revival/loadout -> 200
#25717 GET /revival/loadout -> 200
#25718 GET /configuration/client -> 200
#25719 GET /revival/loadout -> 200
#25720 GET /revival/loadout -> 200
#25721 GET /content-service/manifest/release2.4.live-156430-shipping -> 200
#25722 GET /revival/loadout -> 200
#25723 GET /revival/loadout -> 200
#25724 GET /revival/loadout -> 200
#25725 GET /revival/loadout -> 200
#25726 GET /revival/loadout -> 200
#25727 GET /party/players/9b9d2c887e2524f918e383a895f2f1c2/voice -> 200
#25728 GET /revival/loadout -> 200
#25729 GET /revival/loadout -> 200
#25730 GET /revival/loadout -> 200
#25731 GET /revival/loadout -> 200
#25732 GET /revival/loadout -> 200
#25733 GET /revival/loadout -> 200
#25734 GET /revival/loadout -> 200
#25735 GET /revival/loadout -> 200
#25736 GET /revival/loadout -> 200
#25737 GET /revival/loadout -> 200
#25738 GET /revival/loadout -> 200
#25739 GET /revival/loadout -> 200
#25740 GET /revival/loadout -> 200
#25741 GET /revival/loadout -> 200
#25742 GET /revival/loadout -> 200
#25743 GET /revival/loadout -> 200
#25744 GET /revival/loadout -> 200
#25745 GET /revival/loadout -> 200
#25746 GET /revival/loadout -> 200
#25747 GET /revival/loadout -> 200
#25748 GET /revival/loadout -> 200
#25749 GET /revival/loadout -> 200
#25750 GET /revival/loadout -> 200
#25751 GET /revival/loadout -> 200
#25752 GET /revival/loadout -> 200
#25753 GET /revival/loadout -> 200
#25754 GET /revival/loadout -> 200
#25755 GET /revival/loadout -> 200
#25756 GET /revival/loadout -> 200
#25757 GET /revival/loadout -> 200
#25758 GET /revival/loadout -> 200
#25759 GET /revival/loadout -> 200
#25760 GET /revival/loadout -> 200
#25761 GET /revival/loadout -> 200
#25762 GET /revival/loadout -> 200
#25763 GET /revival/loadout -> 200
#25764 GET /revival/loadout -> 200
#25765 GET /revival/loadout -> 200
#25766 GET /revival/loadout -> 200
#25767 GET /revival/loadout -> 200
#25768 GET /revival/loadout -> 200
#25769 GET /revival/loadout -> 200
#25770 GET /revival/loadout -> 200
#25771 GET /revival/loadout -> 200
#25772 GET /revival/loadout -> 200
#25773 GET /revival/loadout -> 200
#25774 GET /revival/loadout -> 200
#25775 GET /revival/loadout -> 200
#25776 GET /revival/loadout -> 200
#25777 GET /revival/loadout -> 200
#25778 GET /revival/loadout -> 200
#25779 GET /revival/loadout -> 200
#25780 GET /revival/loadout -> 200
#25781 GET /revival/loadout -> 200
#25782 GET /revival/loadout -> 200
#25783 GET /revival/loadout -> 200
#25784 GET /revival/loadout -> 200
#25785 GET /revival/loadout -> 200
#25786 GET /revival/loadout -> 200
#25787 GET /revival/loadout -> 200
#25788 GET /revival/loadout -> 200
#25789 GET /revival/loadout -> 200
#25790 GET /revival/loadout -> 200
#25791 GET /revival/loadout -> 200
#25792 GET /revival/loadout -> 200
#25793 GET /revival/loadout -> 200
#25794 GET /revival/loadout -> 200
#25795 GET /mailbox/config/version -> 200
#25796 GET /party/matchmaking/info -> 200
#25798 GET /revival/loadout -> 200
#25797 GET /core-game/regions -> 200

* 19:54:37.103  WS -> /notifications/players/9b9d2c887e2524f918e383a895f2f1c2 BINARY hb (proactive 30s keepalive)
#25799 GET /revival/loadout -> 200
#25800 GET /revival/loadout -> 200
#25801 GET /revival/loadout -> 200
#25802 GET /revival/loadout -> 200
#25803 GET /revival/loadout -> 200
#25804 GET /revival/loadout -> 200
#25805 GET /revival/loadout -> 200
#25806 GET /revival/loadout -> 200
#25807 GET /revival/loadout -> 200
#25808 GET /revival/loadout -> 200
#25809 GET /revival/loadout -> 200
#25810 GET /revival/loadout -> 200
#25811 GET /revival/loadout -> 200
#25812 GET /revival/loadout -> 200
#25813 GET /revival/loadout -> 200

* 19:54:39.978  WS <- /lobby TEXT ""
#25814 GET /revival/loadout -> 200
#25815 GET /revival/loadout -> 200
#25816 GET /revival/loadout -> 200
#25817 GET /revival/loadout -> 200
#25818 GET /revival/loadout -> 200
#25819 GET /revival/loadout -> 200
#25820 GET /revival/loadout -> 200
#25821 GET /revival/loadout -> 200
#25822 GET /revival/loadout -> 200
#25823 GET /revival/loadout -> 200
#25824 POST /party/parties/party-9b9d2c887e2524f918e383a895f2f1c2/members/9b9d2c887e2524f918e383a895f2f1c2/latencies -> 200
#25825 GET /revival/loadout -> 200
#25826 GET /revival/loadout -> 200
#25827 GET /revival/loadout -> 200
#25828 GET /revival/loadout -> 200
#25829 GET /revival/loadout -> 200
#25830 GET /revival/loadout -> 200
#25831 GET /revival/loadout -> 200
#25832 GET /revival/loadout -> 200
#25833 GET /revival/loadout -> 200
#25834 GET /revival/loadout -> 200
#25835 GET /revival/loadout -> 200
#25836 GET /revival/loadout -> 200
#25837 GET /revival/loadout -> 200
#25838 GET /revival/loadout -> 200
#25839 GET /revival/loadout -> 200
#25840 GET /revival/loadout -> 200
#25841 GET /revival/loadout -> 200
#25842 GET /revival/loadout -> 200
#25843 GET /revival/loadout -> 200
#25844 GET /revival/loadout -> 200
#25845 GET /revival/loadout -> 200
#25846 GET /revival/loadout -> 200
#25847 GET /revival/loadout -> 200
#25848 GET /revival/loadout -> 200
#25849 GET /revival/loadout -> 200
#25850 GET /revival/loadout -> 200
#25851 GET /revival/loadout -> 200
#25852 GET /revival/loadout -> 200
#25853 GET /revival/loadout -> 200
#25854 GET /revival/loadout -> 200
#25855 GET /revival/loadout -> 200
#25856 GET /revival/loadout -> 200
#25857 GET /revival/loadout -> 200
#25858 GET /revival/loadout -> 200
#25859 GET /revival/loadout -> 200
#25860 GET /revival/loadout -> 200
#25861 GET /revival/loadout -> 200
#25862 GET /revival/loadout -> 200
#25863 GET /revival/loadout -> 200
#25864 GET /revival/loadout -> 200
#25865 GET /revival/loadout -> 200
#25866 GET /revival/loadout -> 200
#25867 GET /revival/loadout -> 200
#25868 GET /revival/loadout -> 200
#25869 GET /revival/loadout -> 200
#25870 GET /revival/loadout -> 200
#25871 GET /revival/loadout -> 200
#25872 GET /revival/loadout -> 200
#25873 GET /revival/loadout -> 200
#25874 GET /revival/loadout -> 200
#25875 GET /revival/loadout -> 200
#25876 GET /revival/loadout -> 200
#25877 GET /revival/loadout -> 200
#25878 GET /revival/loadout -> 200
#25879 GET /revival/loadout -> 200
#25880 GET /revival/loadout -> 200
#25881 GET /revival/loadout -> 200
#25882 GET /revival/loadout -> 200
#25883 GET /revival/loadout -> 200
#25884 GET /revival/loadout -> 200
#25885 GET /revival/loadout -> 200
#25886 GET /revival/loadout -> 200
#25887 GET /configuration/client -> 200
#25888 GET /revival/loadout -> 200
#25889 GET /content-service/manifest/release2.4.live-156430-shipping -> 200
#25890 GET /revival/loadout -> 200
#25891 GET /revival/loadout -> 200
#25892 GET /revival/loadout -> 200
#25893 GET /revival/loadout -> 200
#25894 GET /revival/loadout -> 200
#25895 GET /revival/loadout -> 200
#25896 GET /revival/loadout -> 200
#25897 GET /revival/loadout -> 200
#25898 GET /party/players/9b9d2c887e2524f918e383a895f2f1c2/voice -> 200
#25899 GET /revival/loadout -> 200
#25900 GET /revival/loadout -> 200
#25901 GET /revival/loadout -> 200
#25902 GET /revival/loadout -> 200
#25903 GET /revival/loadout -> 200
#25904 GET /revival/loadout -> 200
#25905 GET /revival/loadout -> 200
#25906 GET /revival/loadout -> 200
#25907 GET /revival/loadout -> 200
#25908 GET /revival/loadout -> 200
#25909 GET /revival/loadout -> 200
#25910 GET /revival/loadout -> 200
#25911 GET /revival/loadout -> 200
#25912 GET /revival/loadout -> 200
#25913 GET /revival/loadout -> 200
#25914 GET /revival/loadout -> 200
#25915 GET /revival/loadout -> 200
#25916 GET /revival/loadout -> 200
#25917 GET /revival/loadout -> 200
#25918 GET /revival/loadout -> 200
#25919 GET /revival/loadout -> 200
#25920 GET /revival/loadout -> 200
#25921 GET /revival/loadout -> 200
#25922 GET /revival/loadout -> 200
#25923 GET /revival/loadout -> 200
#25924 GET /revival/loadout -> 200
#25925 GET /revival/loadout -> 200
#25926 GET /revival/loadout -> 200
#25927 GET /revival/loadout -> 200
#25928 GET /revival/loadout -> 200
#25929 GET /revival/loadout -> 200
#25930 GET /revival/loadout -> 200
#25931 GET /revival/loadout -> 200
#25932 GET /revival/loadout -> 200
#25933 GET /revival/loadout -> 200
#25934 GET /revival/loadout -> 200
#25935 GET /revival/loadout -> 200

* 19:55:02.016  WS <- /notifications/players/9b9d2c887e2524f918e383a895f2f1c2 BINARY (2 bytes) 6862

* 19:55:02.047  WS -> /notifications/players/9b9d2c887e2524f918e383a895f2f1c2 TEXT hb reply {"Resource":"hb","Version":0,"Payload":""}
#25936 GET /revival/loadout -> 200
#25937 GET /revival/loadout -> 200
#25938 GET /revival/loadout -> 200
#25939 GET /revival/loadout -> 200
#25940 GET /revival/loadout -> 200
#25941 GET /revival/loadout -> 200
#25942 GET /revival/loadout -> 200
#25943 GET /revival/loadout -> 200
#25944 GET /revival/loadout -> 200
#25945 GET /revival/loadout -> 200
#25946 GET /revival/loadout -> 200
#25947 POST /game-telemetry/v1/protected/events -> 200
#25948 GET /revival/loadout -> 200
#25949 GET /revival/loadout -> 200
#25950 GET /revival/loadout -> 200
#25951 GET /revival/loadout -> 200
#25952 GET /revival/loadout -> 200
#25953 GET /revival/loadout -> 200
#25954 GET /revival/loadout -> 200
#25955 GET /revival/loadout -> 200
#25956 GET /revival/loadout -> 200
#25957 GET /revival/loadout -> 200
#25958 GET /revival/loadout -> 200
#25959 GET /revival/loadout -> 200
#25960 GET /revival/loadout -> 200
#25961 GET /revival/loadout -> 200
#25962 GET /revival/loadout -> 200
#25963 GET /revival/loadout -> 200
#25964 GET /party/matchmaking/info -> 200
#25965 GET /revival/loadout -> 200
#25966 GET /revival/loadout -> 200
#25967 GET /revival/loadout -> 200
#25968 GET /revival/loadout -> 200
#25969 GET /revival/loadout -> 200
#25970 GET /revival/loadout -> 200
#25971 GET /revival/loadout -> 200
#25972 GET /revival/loadout -> 200
#25973 GET /revival/loadout -> 200
#25974 GET /revival/loadout -> 200
#25975 GET /revival/loadout -> 200
#25976 GET /revival/loadout -> 200
#25977 GET /revival/loadout -> 200
#25978 GET /revival/loadout -> 200
#25979 GET /revival/loadout -> 200
#25980 GET /revival/loadout -> 200
#25981 GET /revival/loadout -> 200

* 19:55:10.234  WS <- /lobby TEXT ""
#25982 GET /revival/loadout -> 200
#25983 GET /revival/loadout -> 200
#25984 GET /revival/loadout -> 200
#25985 GET /revival/loadout -> 200
#25986 GET /revival/loadout -> 200
#25987 GET /revival/loadout -> 200
#25988 GET /revival/loadout -> 200
#25989 GET /revival/loadout -> 200
#25990 GET /revival/loadout -> 200
#25991 GET /revival/loadout -> 200
#25992 POST /party/parties/party-9b9d2c887e2524f918e383a895f2f1c2/members/9b9d2c887e2524f918e383a895f2f1c2/latencies -> 200
#25993 GET /revival/loadout -> 200
#25994 GET /revival/loadout -> 200
#25995 GET /revival/loadout -> 200
#25996 GET /revival/loadout -> 200
#25997 GET /revival/loadout -> 200
#25998 GET /revival/loadout -> 200
#25999 GET /revival/loadout -> 200
#26000 GET /revival/loadout -> 200
#26001 GET /revival/loadout -> 200
#26002 GET /revival/loadout -> 200
#26003 GET /revival/loadout -> 200
#26004 GET /revival/loadout -> 200
#26005 GET /revival/loadout -> 200
#26006 GET /revival/loadout -> 200
#26007 GET /revival/loadout -> 200
#26008 GET /revival/loadout -> 200
#26009 GET /revival/loadout -> 200
#26010 GET /revival/loadout -> 200
#26011 GET /revival/loadout -> 200
#26012 GET /revival/loadout -> 200
#26013 GET /revival/loadout -> 200
#26014 GET /revival/loadout -> 200
#26015 GET /revival/loadout -> 200
#26016 GET /revival/loadout -> 200
#26017 GET /revival/loadout -> 200
#26018 GET /revival/loadout -> 200
#26019 GET /revival/loadout -> 200
#26020 GET /revival/loadout -> 200
#26021 GET /revival/loadout -> 200
#26022 GET /revival/loadout -> 200
#26023 GET /revival/loadout -> 200
#26024 GET /revival/loadout -> 200
#26025 GET /revival/loadout -> 200
#26026 GET /revival/loadout -> 200
#26027 GET /revival/loadout -> 200
#26028 GET /revival/loadout -> 200
#26029 GET /revival/loadout -> 200
#26030 GET /revival/loadout -> 200
#26031 GET /revival/loadout -> 200
#26032 GET /revival/loadout -> 200
#26033 GET /revival/loadout -> 200
#26034 GET /revival/loadout -> 200
#26035 GET /revival/loadout -> 200
#26036 GET /revival/loadout -> 200
#26037 GET /revival/loadout -> 200
#26038 GET /revival/loadout -> 200
#26039 GET /revival/loadout -> 200
#26040 GET /revival/loadout -> 200
#26041 GET /revival/loadout -> 200
#26042 GET /revival/loadout -> 200
#26043 GET /revival/loadout -> 200
#26044 GET /revival/loadout -> 200
#26045 GET /revival/loadout -> 200
#26046 GET /revival/loadout -> 200
#26047 GET /revival/loadout -> 200
#26048 GET /revival/loadout -> 200
#26049 GET /revival/loadout -> 200
#26050 GET /revival/loadout -> 200
#26051 GET /revival/loadout -> 200
#26052 GET /revival/loadout -> 200
#26053 GET /configuration/client -> 200
#26054 GET /revival/loadout -> 200
#26055 GET /content-service/manifest/release2.4.live-156430-shipping -> 200
#26056 GET /revival/loadout -> 200
#26057 GET /revival/loadout -> 200
#26058 GET /revival/loadout -> 200
#26059 GET /revival/loadout -> 200
#26060 GET /revival/loadout -> 200
#26061 GET /revival/loadout -> 200
#26062 GET /revival/loadout -> 200
#26063 GET /revival/loadout -> 200
#26064 GET /revival/loadout -> 200
#26065 GET /revival/loadout -> 200
#26066 GET /party/players/9b9d2c887e2524f918e383a895f2f1c2/voice -> 200
#26067 GET /revival/loadout -> 200
#26068 GET /revival/loadout -> 200
#26069 GET /revival/loadout -> 200
#26070 GET /revival/loadout -> 200
#26071 GET /revival/loadout -> 200
#26072 GET /revival/loadout -> 200
#26073 GET /revival/loadout -> 200
#26074 GET /revival/loadout -> 200
#26075 GET /revival/loadout -> 200
#26076 GET /revival/loadout -> 200
#26077 GET /revival/loadout -> 200
#26078 GET /revival/loadout -> 200
#26079 GET /revival/loadout -> 200
#26080 GET /revival/loadout -> 200
#26081 GET /revival/loadout -> 200
#26082 GET /revival/loadout -> 200
#26083 GET /revival/loadout -> 200
#26084 GET /revival/loadout -> 200
#26085 GET /revival/loadout -> 200
#26086 GET /revival/loadout -> 200
#26087 GET /revival/loadout -> 200
#26088 GET /revival/loadout -> 200
#26089 GET /revival/loadout -> 200
#26090 GET /revival/loadout -> 200
#26091 GET /revival/loadout -> 200
#26092 GET /revival/loadout -> 200
#26093 GET /revival/loadout -> 200
#26094 GET /revival/loadout -> 200
#26095 GET /revival/loadout -> 200
#26096 GET /revival/loadout -> 200
#26097 GET /revival/loadout -> 200
#26098 GET /revival/loadout -> 200
#26099 GET /revival/loadout -> 200
#26100 GET /revival/loadout -> 200
#26101 GET /revival/loadout -> 200
#26102 GET /revival/loadout -> 200
#26103 GET /revival/loadout -> 200

* 19:55:32.098  WS -> /notifications/players/9b9d2c887e2524f918e383a895f2f1c2 BINARY hb (proactive 30s keepalive)
#26104 GET /revival/loadout -> 200
#26105 GET /revival/loadout -> 200
#26106 GET /revival/loadout -> 200
#26107 GET /revival/loadout -> 200
#26108 GET /revival/loadout -> 200
#26109 GET /revival/loadout -> 200
#26110 GET /revival/loadout -> 200
#26111 GET /revival/loadout -> 200
#26112 GET /revival/loadout -> 200
#26113 GET /revival/loadout -> 200
#26114 GET /revival/loadout -> 200
#26115 GET /revival/loadout -> 200
#26116 GET /revival/loadout -> 200
#26117 GET /revival/loadout -> 200
#26118 GET /revival/loadout -> 200
#26119 GET /revival/loadout -> 200
#26120 GET /revival/loadout -> 200
#26121 GET /revival/loadout -> 200
#26122 GET /revival/loadout -> 200
#26123 GET /revival/loadout -> 200
#26124 GET /revival/loadout -> 200
#26125 GET /revival/loadout -> 200
#26126 GET /revival/loadout -> 200
#26127 GET /revival/loadout -> 200
#26128 GET /revival/loadout -> 200
#26129 GET /revival/loadout -> 200
#26130 GET /revival/loadout -> 200
#26131 GET /party/matchmaking/info -> 200
#26132 GET /core-game/regions -> 200
#26133 GET /revival/loadout -> 200
#26134 GET /revival/loadout -> 200
#26135 GET /revival/loadout -> 200
#26136 GET /revival/loadout -> 200
#26137 GET /revival/loadout -> 200
#26138 GET /revival/loadout -> 200
#26139 GET /revival/loadout -> 200
#26140 GET /revival/loadout -> 200
#26141 GET /revival/loadout -> 200
#26142 GET /revival/loadout -> 200
#26143 GET /revival/loadout -> 200
#26144 GET /revival/loadout -> 200
#26145 GET /revival/loadout -> 200
#26146 GET /revival/loadout -> 200
#26147 GET /revival/loadout -> 200
#26148 GET /revival/loadout -> 200
#26149 GET /revival/loadout -> 200
#26150 GET /revival/loadout -> 200
#26151 GET /revival/loadout -> 200
#26152 GET /revival/loadout -> 200

* 19:55:40.541  WS <- /lobby TEXT ""
#26153 GET /revival/loadout -> 200
#26154 GET /revival/loadout -> 200
#26155 GET /revival/loadout -> 200
#26156 GET /revival/loadout -> 200
#26157 GET /revival/loadout -> 200
#26158 GET /revival/loadout -> 200
#26159 GET /revival/loadout -> 200
#26160 GET /revival/loadout -> 200
#26161 GET /revival/loadout -> 200
#26162 POST /party/parties/party-9b9d2c887e2524f918e383a895f2f1c2/members/9b9d2c887e2524f918e383a895f2f1c2/latencies -> 200
#26163 GET /revival/loadout -> 200
#26164 GET /revival/loadout -> 200
#26165 GET /revival/loadout -> 200
#26166 GET /revival/loadout -> 200
#26167 GET /revival/loadout -> 200
#26168 GET /revival/loadout -> 200
#26169 GET /revival/loadout -> 200
#26170 GET /revival/loadout -> 200
#26171 GET /revival/loadout -> 200
#26172 GET /revival/loadout -> 200
#26173 GET /revival/loadout -> 200
#26174 GET /revival/loadout -> 200
#26175 GET /revival/loadout -> 200
#26176 GET /revival/loadout -> 200
#26177 GET /revival/loadout -> 200
#26178 GET /revival/loadout -> 200
#26179 GET /revival/loadout -> 200
#26180 GET /revival/loadout -> 200
#26181 GET /revival/loadout -> 200
#26182 GET /revival/loadout -> 200
#26183 GET /revival/loadout -> 200
#26184 GET /revival/loadout -> 200
#26185 GET /revival/loadout -> 200
#26186 GET /revival/loadout -> 200
#26187 GET /revival/loadout -> 200
#26188 GET /revival/loadout -> 200
#26189 GET /revival/loadout -> 200
#26190 GET /revival/loadout -> 200
#26191 GET /revival/loadout -> 200
#26192 GET /revival/loadout -> 200
#26193 GET /revival/loadout -> 200
#26194 GET /revival/loadout -> 200
#26195 GET /revival/loadout -> 200
#26196 GET /revival/loadout -> 200
#26197 GET /revival/loadout -> 200
#26198 GET /revival/loadout -> 200
#26199 GET /revival/loadout -> 200
#26200 GET /revival/loadout -> 200
#26201 GET /revival/loadout -> 200
#26202 GET /revival/loadout -> 200
#26203 GET /revival/loadout -> 200
#26204 GET /revival/loadout -> 200
#26205 GET /revival/loadout -> 200
#26206 GET /revival/loadout -> 200
#26207 GET /revival/loadout -> 200
#26208 GET /revival/loadout -> 200
#26209 GET /revival/loadout -> 200
#26210 GET /revival/loadout -> 200
#26211 GET /revival/loadout -> 200
#26212 GET /revival/loadout -> 200
#26213 GET /revival/loadout -> 200
#26214 GET /revival/loadout -> 200
#26215 GET /revival/loadout -> 200
#26216 GET /revival/loadout -> 200
#26217 GET /revival/loadout -> 200
#26218 GET /revival/loadout -> 200
#26219 GET /revival/loadout -> 200
#26220 GET /revival/loadout -> 200
#26221 GET /revival/loadout -> 200
#26222 GET /revival/loadout -> 200
#26223 GET /revival/loadout -> 200
#26224 GET /revival/loadout -> 200
#26225 GET /configuration/client -> 200
#26226 GET /revival/loadout -> 200
#26227 GET /revival/loadout -> 200
#26228 GET /content-service/manifest/release2.4.live-156430-shipping -> 200
#26229 GET /revival/loadout -> 200
#26230 GET /revival/loadout -> 200
#26231 GET /revival/loadout -> 200
#26232 GET /revival/loadout -> 200
#26233 GET /revival/loadout -> 200
#26234 GET /revival/loadout -> 200
#26235 GET /revival/loadout -> 200
#26236 GET /revival/loadout -> 200
#26237 GET /revival/loadout -> 200
#26238 GET /revival/loadout -> 200
#26239 GET /revival/loadout -> 200
#26240 GET /revival/loadout -> 200
#26241 GET /party/players/9b9d2c887e2524f918e383a895f2f1c2/voice -> 200
#26242 GET /revival/loadout -> 200
#26243 GET /revival/loadout -> 200
#26244 GET /revival/loadout -> 200
#26245 GET /revival/loadout -> 200
#26246 GET /revival/loadout -> 200
#26247 GET /revival/loadout -> 200
#26248 GET /revival/loadout -> 200

* 19:55:57.013  WS <- /notifications/players/9b9d2c887e2524f918e383a895f2f1c2 BINARY (2 bytes) 6862

* 19:55:57.044  WS -> /notifications/players/9b9d2c887e2524f918e383a895f2f1c2 TEXT hb reply {"Resource":"hb","Version":0,"Payload":""}
#26249 GET /revival/loadout -> 200
#26250 GET /revival/loadout -> 200
#26251 GET /revival/loadout -> 200
#26252 GET /revival/loadout -> 200
#26253 GET /revival/loadout -> 200
#26254 GET /revival/loadout -> 200
#26255 GET /revival/loadout -> 200
#26256 GET /revival/loadout -> 200
#26257 GET /revival/loadout -> 200
#26258 GET /revival/loadout -> 200
#26259 GET /revival/loadout -> 200
#26260 GET /revival/loadout -> 200
#26261 GET /revival/loadout -> 200
#26262 GET /revival/loadout -> 200
#26263 GET /revival/loadout -> 200
#26264 GET /revival/loadout -> 200
#26265 GET /revival/loadout -> 200
#26266 GET /revival/loadout -> 200
#26267 GET /revival/loadout -> 200
#26268 GET /revival/loadout -> 200
#26269 GET /revival/loadout -> 200
#26270 GET /revival/loadout -> 200
#26271 GET /revival/loadout -> 200
#26272 GET /revival/loadout -> 200
#26273 GET /revival/loadout -> 200
#26274 GET /revival/loadout -> 200
#26275 GET /revival/loadout -> 200
#26276 GET /revival/loadout -> 200
#26277 GET /revival/loadout -> 200
#26278 GET /revival/loadout -> 200
#26279 GET /revival/loadout -> 200
#26280 GET /revival/loadout -> 200
#26281 GET /revival/loadout -> 200
#26282 GET /revival/loadout -> 200
#26283 GET /revival/loadout -> 200
#26284 GET /revival/loadout -> 200
#26285 GET /revival/loadout -> 200
#26286 GET /revival/loadout -> 200
#26287 POST /game-telemetry/v1/protected/events -> 200
#26288 GET /revival/loadout -> 200
#26289 GET /revival/loadout -> 200
#26290 GET /revival/loadout -> 200
#26291 GET /revival/loadout -> 200
#26292 GET /revival/loadout -> 200
#26293 GET /revival/loadout -> 200
#26294 GET /revival/loadout -> 200
#26295 GET /revival/loadout -> 200
#26296 GET /revival/loadout -> 200
#26297 GET /revival/loadout -> 200
#26298 GET /revival/loadout -> 200
#26299 GET /revival/loadout -> 200
#26300 GET /revival/loadout -> 200
#26301 GET /revival/loadout -> 200
#26302 GET /revival/loadout -> 200
#26303 GET /revival/loadout -> 200
#26304 GET /revival/loadout -> 200
#26305 GET /revival/loadout -> 200
#26306 GET /party/matchmaking/info -> 200
#26307 GET /mailbox/config/version -> 200
#26308 GET /revival/loadout -> 200
#26309 GET /revival/loadout -> 200
#26310 GET /revival/loadout -> 200
#26311 GET /revival/loadout -> 200
#26312 GET /revival/loadout -> 200
#26313 GET /revival/loadout -> 200
#26314 GET /revival/loadout -> 200
#26315 GET /revival/loadout -> 200
#26316 GET /revival/loadout -> 200
