rva,section,recorded_name,proposed_name,proposed_class,confidence,verdict,name_check,fn_entry,fn_offset,fn_tier,fn_extent,n_strings,evidence,why,record_kind,n_sources,sources,recorded_alts,sample_context
0x0100000,.text,,,,,UNVERIFIABLE,n/a,,,,,0,,page 0x0100000 is all-zero in this dump (never decrypted),bare,2,tools/re/find_guobjectarray.py,,"buf = rpm(a, 0x100000)"
0x0100001,.text,,,,,UNVERIFIABLE,n/a,,,,,0,,page 0x0100000 is all-zero in this dump (never decrypted),bare,1,tools/re/gt_sampler.py,,CONTEXT_CONTROL = 0x00100001
0x0100002,.text,,,,,UNVERIFIABLE,n/a,,,,,0,,page 0x0100000 is all-zero in this dump (never decrypted),bare,1,tools/re/gt_sampler.py,,CONTEXT_INTEGER = 0x00100002
0x0107ACC,.text,DA_MissionPoolWeekly_Planbee,,,,UNVERIFIABLE,n/a,,,,,0,,page 0x0107000 is all-zero in this dump (never decrypted),bare,2,docs/registration-shim-marker.txt;tools/sigbypass-mod/registration_shim.cpp,,[apc] [15/16] calling AddDynamicAsset for DA_MissionPoolWeekly_Planbee (id-Name=0x00142409 pkg=0x0025D3DB cls=0x00107ACC)
0x0117A37,.text,,,,,UNVERIFIABLE,n/a,,,,,0,,page 0x0117000 is all-zero in this dump (never decrypted),bare,1,docs/lokiassetmanager-vtable-dump.md,,constexpr uint32 kName_DA_MissionPoolTutorialMaps             = 0x00117A37;
0x0117FAC,.text,WBP_UI_MissionModal_C,,,,UNVERIFIABLE,n/a,,,,,0,,page 0x0117000 is all-zero in this dump (never decrypted),bare,2,docs/lokiassetmanager-vtable-dump.md;git-log,CmpIdx;NamePrivate,"0x00117FAC = ""WBP_UI_MissionModal_C"" base, Number 0x7FFF9D50). Outer"
0x011CE60,.text,DA_MissionPoolWeeklyChallenge,,,,UNVERIFIABLE,n/a,,,,,0,,page 0x011C000 is all-zero in this dump (never decrypted),bare,2,docs/registration-shim-marker.txt;tools/sigbypass-mod/registration_shim.cpp,,[apc] [13/16] calling AddDynamicAsset for DA_MissionPoolWeeklyChallenge (id-Name=0x002FA99A pkg=0x00292B55 cls=0x0011CE60)
0x0120ABC,.text,,,,,UNVERIFIABLE,n/a,,,,,0,,page 0x0120000 is all-zero in this dump (never decrypted),bare,1,docs/catalog-probe-marker.txt,,[dump]  [7] key.Type=0x1A568 key.Name=0x120ABC val=0x210616DC2C0 [val+0xc]=0x280031
0x012225E,.text,DA_MissionPoolTutorialMaps,,,,UNVERIFIABLE,n/a,,,,,0,,page 0x0122000 is all-zero in this dump (never decrypted),bare,2,docs/registration-shim-marker.txt;tools/sigbypass-mod/registration_shim.cpp,,[apc] [11/16] calling AddDynamicAsset for DA_MissionPoolTutorialMaps (id-Name=0x0012225E pkg=0x001D0A37 cls=0x003F2DC6)
0x01322F6,.text,DA_MissionPoolDailyEasy_Planbee,,,,UNVERIFIABLE,n/a,,,,,0,,page 0x0132000 is all-zero in this dump (never decrypted),bare,2,docs/registration-shim-marker.txt;tools/sigbypass-mod/registration_shim.cpp,,[apc] [ 5/16] calling AddDynamicAsset for DA_MissionPoolDailyEasy_Planbee (id-Name=0x0006EC93 pkg=0x001322F6 cls=0x0049FAAC)
0x0137B5D,.text,,,,,UNVERIFIABLE,n/a,,,,,0,,page 0x0137000 is all-zero in this dump (never decrypted),bare,1,docs/lokiassetmanager-vtable-dump.md,,constexpr uint32 kName_DA_MissionPoolWeekly_Planbee           = 0x00137B5D;
0x013D7DA,.text,DA_MissionPoolDailyChallenge,,,,UNVERIFIABLE,n/a,,,,,0,,page 0x013D000 is all-zero in this dump (never decrypted),bare,3,docs/lokiassetmanager-vtable-dump.md;git-log,,constexpr uint32 kName_DA_MissionPoolDailyChallenge           = 0x0013D7DA;
0x0142409,.text,DA_MissionPoolWeekly_Planbee,,,,UNVERIFIABLE,n/a,,,,,0,,page 0x0142000 is all-zero in this dump (never decrypted),bare,2,docs/registration-shim-marker.txt;tools/sigbypass-mod/registration_shim.cpp,,[apc] [15/16] calling AddDynamicAsset for DA_MissionPoolWeekly_Planbee (id-Name=0x00142409 pkg=0x0025D3DB cls=0x00107ACC)
0x0148033,.text,DA_MissionPool_Tournament,,,,UNVERIFIABLE,n/a,,,,,0,,page 0x0148000 is all-zero in this dump (never decrypted),bare,3,docs/lokiassetmanager-vtable-dump.md;git-log,,constexpr uint32 kName_DA_MissionPool_Tournament              = 0x00148033;
0x0148041,.text,,,,,UNVERIFIABLE,n/a,,,,,0,,page 0x0148000 is all-zero in this dump (never decrypted),bare,1,docs/lokiassetmanager-vtable-dump.md,,constexpr uint32 kName_DA_MissionPoolDailyPCB_Armory          = 0x00148041;
0x0148086,.text,DA_MissionPoolDailyChallenge,,,,UNVERIFIABLE,n/a,,,,,0,,page 0x0148000 is all-zero in this dump (never decrypted),bare,5,docs/lokiassetmanager-vtable-dump.md;docs/registration-shim-marker.txt;git-log;tools/sigbypass-mod/registration_shim.cpp,MissionPool,| `DA_MissionPoolDailyChallenge` | 0x0013D7DA | 0x00148086 |
0x01529AC,.text,DA_MissionPool_Tournament,,,,UNVERIFIABLE,n/a,,,,,0,,page 0x0152000 is all-zero in this dump (never decrypted),bare,5,docs/lokiassetmanager-vtable-dump.md;docs/registration-shim-marker.txt;git-log;tools/sigbypass-mod/registration_shim.cpp,MissionPool,| `DA_MissionPool_Tournament` | 0x00148033 | 0x001529AC |
0x01529BA,.text,DA_MissionPoolDailyPCB_Armory,,,,UNVERIFIABLE,n/a,,,,,0,,page 0x0152000 is all-zero in this dump (never decrypted),bare,2,docs/registration-shim-marker.txt;tools/sigbypass-mod/registration_shim.cpp,,[apc] [ 7/16] calling AddDynamicAsset for DA_MissionPoolDailyPCB_Armory (id-Name=0x001529BA pkg=0x0042C752 cls=0x003BE505)
0x0161BF3,.text,D3D12Core,,,,UNVERIFIABLE,n/a,,,,,0,,page 0x0161000 is all-zero in this dump (never decrypted),bare,1,docs/session-40-minidump-correction.txt,,[rsp+0x258]  **D3D12Core.dll + 0x161BF3**
0x0168CD4,.text,D3D12Core,,,,UNVERIFIABLE,n/a,,,,,0,,page 0x0168000 is all-zero in this dump (never decrypted),bare,1,docs/session-40-minidump-correction.txt,,[rsp+0x328]  **D3D12Core.dll + 0x168CD4**
0x018FFF9,.text,,,,,UNVERIFIABLE,n/a,,,,,0,,page 0x018F000 is all-zero in this dump (never decrypted),bare,1,docs/catalog-probe-marker.txt,,[dump]  [9] key.Type=0x1A568 key.Name=0x18FFF9 val=0x210616DC680 [val+0xc]=0x280031
0x019BDAF,.text,DA_MissionPoolWeekly,,,,UNVERIFIABLE,n/a,,,,,0,,page 0x019B000 is all-zero in this dump (never decrypted),bare,2,docs/registration-shim-marker.txt;tools/sigbypass-mod/registration_shim.cpp,,[apc] [12/16] calling AddDynamicAsset for DA_MissionPoolWeekly (id-Name=0x00268463 pkg=0x00330072 cls=0x0019BDAF)
0x019D57F,.text,DA_Mission_ArmoryDaily_PlayAGame,,,,UNVERIFIABLE,n/a,,,,,0,,page 0x019D000 is all-zero in this dump (never decrypted),bare,1,docs/session-52-missions-page-decompiled.txt,DA_Mission_ArmoryDaily_GetKnocks,"DA_Mission_ArmoryDaily_PlayAGame=0x24028C, DA_Mission_ArmoryDaily_GetKnocks=0x19D57F."
0x01D0A37,.text,DA_MissionPoolTutorialMaps,,,,UNVERIFIABLE,n/a,,,,,0,,page 0x01D0000 is all-zero in this dump (never decrypted),bare,2,docs/registration-shim-marker.txt;tools/sigbypass-mod/registration_shim.cpp,,[apc] [11/16] calling AddDynamicAsset for DA_MissionPoolTutorialMaps (id-Name=0x0012225E pkg=0x001D0A37 cls=0x003F2DC6)
0x01E6C48,.text,D3D12Core,,,,UNVERIFIABLE,n/a,,,,,0,,page 0x01E6000 is all-zero in this dump (never decrypted),bare,1,docs/session-40-minidump-correction.txt,,[rsp+0x318]  **D3D12Core.dll + 0x1E6C48**
0x01E7AC5,.text,D3D12Core,,,,UNVERIFIABLE,n/a,,,,,0,,page 0x01E7000 is all-zero in this dump (never decrypted),bare,1,docs/session-40-minidump-correction.txt,,[rsp+0x388]  **D3D12Core.dll + 0x1E7AC5**
0x01F0FFF,.text,OpenProcess,,,,UNVERIFIABLE,n/a,,,,,0,,page 0x01F0000 is all-zero in this dump (never decrypted),bare,24,tools/re/actor_locs.py;tools/re/anim_probe.py;tools/re/anim_trace.py;tools/re/battlepass_deep_probe.py;tools/re/battlepass_oracle.py;tools/re/battlepass_pm_probe.py,,"h=k32.OpenProcess(0x1F0FFF,False,PID)"
0x01F4BD2,.text,,,,,UNVERIFIABLE,n/a,,,,,0,,page 0x01F4000 is all-zero in this dump (never decrypted),bare,1,docs/lokiassetmanager-vtable-dump.md,,constexpr uint32 kName_DA_MissionPoolOnboardingPlanbee        = 0x001F4BD2;
0x01FF4AF,.text,DA_MissionPoolOnboardingPlanbee,,,,UNVERIFIABLE,n/a,,,,,0,,page 0x01FF000 is all-zero in this dump (never decrypted),bare,2,docs/registration-shim-marker.txt;tools/sigbypass-mod/registration_shim.cpp,,[apc] [10/16] calling AddDynamicAsset for DA_MissionPoolOnboardingPlanbee (id-Name=0x001FF4AF pkg=0x00268443 cls=0x00480D9F)
0x0200000,.text,FUNC_NetServer,,,,UNVERIFIABLE,n/a,,,,,0,,page 0x0200000 is all-zero in this dump (never decrypted),bare,6,tools/re/cheat_enum.py;tools/re/gen_lokipc_rpcs.py;tools/re/netcache_chain.py;tools/re/netfields_dump.py;tools/re/ufunc_params.py;tools/re/ufunc_survey.py,FUNC_NetMulticast;FUNC_NetClient;NetServer,"FF = [(0x00000200, ""Exec""), (0x00000040, ""Net""), (0x00200000, ""NetServer""),"
0x02138F0,.text,TArray,,,,UNVERIFIABLE,n/a,,,,,0,,page 0x0213000 is all-zero in this dump (never decrypted),labeled,1,docs/session-39-menu-crash.txt,,+0x2976FE1   call +0x2138F0                       ; TArray Grow helper
0x0230001,.text,,,,,UNVERIFIABLE,n/a,,,,,0,,page 0x0230000 is all-zero in this dump (never decrypted),bare,21,docs/session-40-D3D12-CONFIRMED.txt;docs/session-40-minidump-correction.txt;docs/session-40-noraytracing-anticheat.txt;docs/session-40-raytracing-cvar-blocked.txt;git-log,,Rip = 0x00007FF8F0400001  (ntdll.dll + 0x230001 — same as nullrhi)
0x0233433,.text,,,,,INTERIOR,NO-RECORDED-NAME,0x022EF30,+0x4503,MED-heuristic,19568,0,,,bare,1,docs/catalog-probe-marker.txt,,[dump]  [4] key.Type=0x1A568 key.Name=0x233433 val=0x210616DBF00 [val+0xc]=0x280031
0x023E81E,.text,DA_MissionPool_Tournament,,,,UNVERIFIABLE,n/a,,,,,0,,page 0x023E000 is all-zero in this dump (never decrypted),bare,4,docs/lokiassetmanager-vtable-dump.md;docs/registration-shim-marker.txt;git-log;tools/sigbypass-mod/registration_shim.cpp,,| `/Game/Loki/...DA_MissionPool_Tournament` | 0x00243D04 | 0x0023E81E AND 0x0024E81E (2 hits!) |
0x023E848,.text,DA_MissionPoolOnboarding,,,,UNVERIFIABLE,n/a,,,,,0,,page 0x023E000 is all-zero in this dump (never decrypted),bare,2,docs/registration-shim-marker.txt;tools/sigbypass-mod/registration_shim.cpp,,[apc] [ 9/16] calling AddDynamicAsset for DA_MissionPoolOnboarding (id-Name=0x0025D3CE pkg=0x0030AD97 cls=0x0023E848)
0x024028C,.text,DA_Mission_ArmoryDaily_PlayAGame,,,,UNVERIFIABLE,n/a,,,,,0,,page 0x0240000 is all-zero in this dump (never decrypted),bare,1,docs/session-52-missions-page-decompiled.txt,DA_Mission_ArmoryDaily_GetKnocks,"DA_Mission_ArmoryDaily_PlayAGame=0x24028C, DA_Mission_ArmoryDaily_GetKnocks=0x19D57F."
0x0243D04,.text,DA_MissionPool_Tournament,,,,UNVERIFIABLE,n/a,,,,,0,,page 0x0243000 is all-zero in this dump (never decrypted),bare,2,docs/lokiassetmanager-vtable-dump.md;git-log,,| `/Game/Loki/...DA_MissionPool_Tournament` | 0x00243D04 | 0x0023E81E AND 0x0024E81E (2 hits!) |
0x024E3DC,.text,D3D12Core,,,,UNVERIFIABLE,n/a,,,,,0,,page 0x024E000 is all-zero in this dump (never decrypted),bare,3,docs/session-40-minidump-correction.txt;git-log,,[rsp+0x048]  **D3D12Core.dll + 0x24E3DC**
0x024E81E,.text,DA_MissionPool_Tournament,,,,UNVERIFIABLE,n/a,,,,,0,,page 0x024E000 is all-zero in this dump (never decrypted),bare,2,docs/lokiassetmanager-vtable-dump.md;git-log,,| `/Game/Loki/...DA_MissionPool_Tournament` | 0x00243D04 | 0x0023E81E AND 0x0024E81E (2 hits!) |
0x0251336,.text,,,,,UNVERIFIABLE,n/a,,,,,0,,page 0x0251000 is all-zero in this dump (never decrypted),bare,1,docs/catalog-probe-marker.txt,,[dump]  [11] key.Type=0x1A568 key.Name=0x251336 val=0x210616DC7C0 [val+0xc]=0x280031
0x025292C,.text,,,,,UNVERIFIABLE,n/a,,,,,0,,page 0x0252000 is all-zero in this dump (never decrypted),bare,1,docs/lokiassetmanager-vtable-dump.md,,constexpr uint32 kName_DA_MissionPoolOnboarding               = 0x0025292C;
0x025D3BE,.text,DA_MissionPoolHunterMissions,,,,UNVERIFIABLE,n/a,,,,,0,,page 0x025D000 is all-zero in this dump (never decrypted),bare,2,docs/registration-shim-marker.txt;tools/sigbypass-mod/registration_shim.cpp,,[apc] [ 8/16] calling AddDynamicAsset for DA_MissionPoolHunterMissions (id-Name=0x00485FA0 pkg=0x002826AC cls=0x0025D3BE)
0x025D3CE,.text,DA_MissionPoolOnboarding,,,,UNVERIFIABLE,n/a,,,,,0,,page 0x025D000 is all-zero in this dump (never decrypted),bare,3,docs/lokiassetmanager-vtable-dump.md;docs/registration-shim-marker.txt;tools/sigbypass-mod/registration_shim.cpp,MissionPool,- [3] `MissionPool:DA_MissionPoolOnboarding` (FName 0x0025D3CE)
0x025D3DB,.text,DA_MissionPoolWeekly_Planbee,,,,UNVERIFIABLE,n/a,,,,,0,,page 0x025D000 is all-zero in this dump (never decrypted),bare,2,docs/registration-shim-marker.txt;tools/sigbypass-mod/registration_shim.cpp,,[apc] [15/16] calling AddDynamicAsset for DA_MissionPoolWeekly_Planbee (id-Name=0x00142409 pkg=0x0025D3DB cls=0x00107ACC)
0x025D9CE,.text,,,,,UNVERIFIABLE,n/a,,,,,0,,page 0x025D000 is all-zero in this dump (never decrypted),bare,1,docs/lokiassetmanager-vtable-dump.md,,constexpr uint32 kName_DA_MissionPoolWeekly                   = 0x0025D9CE;
0x0268443,.text,DA_MissionPoolOnboardingPlanbee,,,,UNVERIFIABLE,n/a,,,,,0,,page 0x0268000 is all-zero in this dump (never decrypted),bare,2,docs/registration-shim-marker.txt;tools/sigbypass-mod/registration_shim.cpp,,[apc] [10/16] calling AddDynamicAsset for DA_MissionPoolOnboardingPlanbee (id-Name=0x001FF4AF pkg=0x00268443 cls=0x00480D9F)
0x0268463,.text,DA_MissionPoolWeekly,,,,UNVERIFIABLE,n/a,,,,,0,,page 0x0268000 is all-zero in this dump (never decrypted),bare,3,docs/lokiassetmanager-vtable-dump.md;docs/registration-shim-marker.txt;tools/sigbypass-mod/registration_shim.cpp,MissionPool,- [2] `MissionPool:DA_MissionPoolWeekly` (FName 0x00268463)
0x0268F02,.text,LokiHeroAsset,,,,UNVERIFIABLE,n/a,,,,,0,,page 0x0268000 is all-zero in this dump (never decrypted),bare,2,docs/next-session-prompt-s43.md;docs/session-42-step7-payload-design.txt,BaseClass;UClass,"(LokiHeroAsset UClass, name id 0x268F02), scan dirs `/Game/Loki/Characters/Heroes` +"
0x0280001,.text,ObjectFlags,,,,UNVERIFIABLE,n/a,,,,,0,,page 0x0280000 is all-zero in this dump (never decrypted),bare,1,docs/lokiassetmanager-vtable-dump.md,,+0x0C: ObjectFlags     0x00280001
0x0280031,.text,CatalogEntry,,,,UNVERIFIABLE,n/a,,,,,0,,page 0x0280000 is all-zero in this dump (never decrypted),bare,16,docs/catalog-probe-marker.txt;docs/session-46-bp-hero-list-filter-FOUND.txt;docs/session-47-pickup.txt;memory/supervive-hero-roster-blocker.md,,[dump]  [0] key.Type=0x1A568 key.Name=0x323C6B val=0x2106FB6B140 [val+0xc]=0x280031
0x02826AC,.text,DA_MissionPoolHunterMissions,,,,UNVERIFIABLE,n/a,,,,,0,,page 0x0282000 is all-zero in this dump (never decrypted),bare,2,docs/registration-shim-marker.txt;tools/sigbypass-mod/registration_shim.cpp,,[apc] [ 8/16] calling AddDynamicAsset for DA_MissionPoolHunterMissions (id-Name=0x00485FA0 pkg=0x002826AC cls=0x0025D3BE)
0x02881E4,.text,DA_MissionPoolDailyChallenge,,,,UNVERIFIABLE,n/a,,,,,0,,page 0x0288000 is all-zero in this dump (never decrypted),bare,2,docs/registration-shim-marker.txt;tools/sigbypass-mod/registration_shim.cpp,,[apc] [ 2/16] calling AddDynamicAsset for DA_MissionPoolDailyChallenge (id-Name=0x00148086 pkg=0x002881E4 cls=0x003BE4F5)
0x0292B55,.text,DA_MissionPoolWeeklyChallenge,,,,UNVERIFIABLE,n/a,,,,,0,,page 0x0292000 is all-zero in this dump (never decrypted),bare,2,docs/registration-shim-marker.txt;tools/sigbypass-mod/registration_shim.cpp,,[apc] [13/16] calling AddDynamicAsset for DA_MissionPoolWeeklyChallenge (id-Name=0x002FA99A pkg=0x00292B55 cls=0x0011CE60)
0x029D2DA,.text,DA_MissionPoolDailyEasy,,,,UNVERIFIABLE,n/a,,,,,0,,page 0x029D000 is all-zero in this dump (never decrypted),bare,2,docs/lokiassetmanager-vtable-dump.md,,constexpr uint32 kName_DA_MissionPoolDailyEasy                = 0x0029D2DA;
0x029EC0A,.text,DA_MissionPoolDailyEasy,,,,UNVERIFIABLE,n/a,,,,,0,,page 0x029E000 is all-zero in this dump (never decrypted),bare,1,docs/session-52-missions-page-decompiled.txt,MissionPool,"- FName ids (this exe): MissionPool=0x16F06, DA_MissionPoolDailyEasy=0x29EC0A,"
0x029F49F,.text,NamePrivate,,,,UNVERIFIABLE,n/a,,,,,0,,page 0x029F000 is all-zero in this dump (never decrypted),bare,1,docs/lokiassetmanager-vtable-dump.md,LokiAssetManager,| `LokiAssetManager` (singleton's NamePrivate) | 0x00586413 | 0x0029F49F |
0x02A7E5A,.text,DA_MissionPoolDailyEasy,,,,UNVERIFIABLE,n/a,,,,,0,,page 0x02A7000 is all-zero in this dump (never decrypted),bare,6,docs/lokiassetmanager-vtable-dump.md;docs/registration-shim-marker.txt;git-log;tools/sigbypass-mod/registration_shim.cpp,MissionPool,| `DA_MissionPoolDailyEasy` | 0x0029D2DA | 0x002A7E5A |
0x02CB3A9,.text,DA_MissionPoolDailyPCB,,,,UNVERIFIABLE,n/a,,,,,0,,page 0x02CB000 is all-zero in this dump (never decrypted),bare,2,docs/registration-shim-marker.txt;tools/sigbypass-mod/registration_shim.cpp,,[apc] [ 6/16] calling AddDynamicAsset for DA_MissionPoolDailyPCB (id-Name=0x0056BBFA pkg=0x004421AA cls=0x002CB3A9)
0x02D4895,.text,,,,,UNVERIFIABLE,n/a,,,,,0,,page 0x02D4000 is all-zero in this dump (never decrypted),bare,1,docs/scan-on-browse-marker.txt,,[scan] type_fname=0x2D4895 -> added=0
0x02D49B1,.text,,,,,UNVERIFIABLE,n/a,,,,,0,,page 0x02D4000 is all-zero in this dump (never decrypted),bare,1,docs/scan-shim-marker.txt,,[apc] scan type_fname=0x2D49B1 base=0x1A31F19EE80 -> added=0
0x02EFC99,.text,,,,,UNVERIFIABLE,n/a,,,,,0,,page 0x02EF000 is all-zero in this dump (never decrypted),bare,1,docs/lokiassetmanager-vtable-dump.md,,constexpr uint32 kName_DA_MissionPoolWeeklyChallenge          = 0x002EFC99;
0x02F52FC,.text,,,,,UNVERIFIABLE,n/a,,,,,0,,page 0x02F5000 is all-zero in this dump (never decrypted),bare,1,docs/lokiassetmanager-vtable-dump.md,,constexpr uint32 kName_DA_MissionPoolWeeklyChallenge_Planbee  = 0x002F52FC;
0x02FA99A,.text,DA_MissionPoolWeeklyChallenge,,,,UNVERIFIABLE,n/a,,,,,0,,page 0x02FA000 is all-zero in this dump (never decrypted),bare,2,docs/registration-shim-marker.txt;tools/sigbypass-mod/registration_shim.cpp,,[apc] [13/16] calling AddDynamicAsset for DA_MissionPoolWeeklyChallenge (id-Name=0x002FA99A pkg=0x00292B55 cls=0x0011CE60)
0x03000F1,.text,DA_MissionPoolWeeklyChallenge_Planbee,,,,UNVERIFIABLE,n/a,,,,,0,,page 0x0300000 is all-zero in this dump (never decrypted),bare,2,docs/registration-shim-marker.txt;tools/sigbypass-mod/registration_shim.cpp,,[apc] [14/16] calling AddDynamicAsset for DA_MissionPoolWeeklyChallenge_Planbee (id-Name=0x003000F1 pkg=0x0053C539 cls=0x0031005C)
0x030AD97,.text,DA_MissionPoolOnboarding,,,,INTERIOR,NO-NAME-EVIDENCE,0x030A1A0,+0xBF7,MED-heuristic,39664,0,,,bare,2,docs/registration-shim-marker.txt;tools/sigbypass-mod/registration_shim.cpp,,[apc] [ 9/16] calling AddDynamicAsset for DA_MissionPoolOnboarding (id-Name=0x0025D3CE pkg=0x0030AD97 cls=0x0023E848)
0x031005C,.text,DA_MissionPoolWeeklyChallenge_Planbee,,,,UNVERIFIABLE,n/a,,,,,0,,page 0x0310000 is all-zero in this dump (never decrypted),bare,2,docs/registration-shim-marker.txt;tools/sigbypass-mod/registration_shim.cpp,,[apc] [14/16] calling AddDynamicAsset for DA_MissionPoolWeeklyChallenge_Planbee (id-Name=0x003000F1 pkg=0x0053C539 cls=0x0031005C)
0x032397C,.text,FNames,,,,INTERIOR,NO-NAME-EVIDENCE,0x031E9A0,+0x4FDC,MED-heuristic,41408,0,,,bare,1,docs/session-49-click-center-offline-model.txt,,"Hero FName type id = 0x1A568 (constant). Hero name FNames are stable this session (alchemist=0x32397C,"
0x0323C6B,.text,,,,,INTERIOR,NO-RECORDED-NAME,0x031E9A0,+0x52CB,MED-heuristic,41408,0,,,bare,1,docs/catalog-probe-marker.txt,,[dump]  [0] key.Type=0x1A568 key.Name=0x323C6B val=0x2106FB6B140 [val+0xc]=0x280031
0x0326FA7,.text,BP_HeroAsset_Alchemist_C,,,,UNVERIFIABLE,n/a,,,,,0,,page 0x0326000 is all-zero in this dump (never decrypted),bare,2,docs/missions-nativecall9-marker.txt;docs/session-57-da-resolution.txt,GetLokiDataAsset,"[4] CONTROL Hero: id={Type=Hero Name=Alchemist} raw={0x1A568,0x326FA7} DA=0x14612A71640 class='BP_HeroAsset_Alchemist_C'"
0x0330072,.text,DA_MissionPoolWeekly,,,,UNVERIFIABLE,n/a,,,,,0,,page 0x0330000 is all-zero in this dump (never decrypted),bare,2,docs/registration-shim-marker.txt;tools/sigbypass-mod/registration_shim.cpp,,[apc] [12/16] calling AddDynamicAsset for DA_MissionPoolWeekly (id-Name=0x00268463 pkg=0x00330072 cls=0x0019BDAF)
0x033375F,.text,,,,,UNVERIFIABLE,n/a,,,,,0,,page 0x0333000 is all-zero in this dump (never decrypted),bare,1,docs/scan-on-browse-marker.txt,,[scan] type_fname=0x33375F -> added=961
0x0333962,.text,,,,,UNVERIFIABLE,n/a,,,,,0,,page 0x0333000 is all-zero in this dump (never decrypted),bare,1,docs/scan-shim-marker.txt,,[apc] scan type_fname=0x333962 base=0x1A31E3F1000 -> added=961
0x034A90E,.text,,,,,UNVERIFIABLE,n/a,,,,,0,,page 0x034A000 is all-zero in this dump (never decrypted),bare,1,docs/lokiassetmanager-vtable-dump.md,,constexpr uint32 kName_DA_MissionPoolDailyChallenge_Planbee   = 0x0034A90E;
0x03558A4,.text,DA_MissionPoolDailyChallenge_Planbee,,,,UNVERIFIABLE,n/a,,,,,0,,page 0x0355000 is all-zero in this dump (never decrypted),bare,2,docs/registration-shim-marker.txt;tools/sigbypass-mod/registration_shim.cpp,,[apc] [ 3/16] calling AddDynamicAsset for DA_MissionPoolDailyChallenge_Planbee (id-Name=0x003558A4 pkg=0x00431EF1 cls=0x004E8B18)
0x0360136,.text,DA_MissionPoolDailyEasy,,,,UNVERIFIABLE,n/a,,,,,0,,page 0x0360000 is all-zero in this dump (never decrypted),bare,2,docs/registration-shim-marker.txt;tools/sigbypass-mod/registration_shim.cpp,,[apc] [ 4/16] calling AddDynamicAsset for DA_MissionPoolDailyEasy (id-Name=0x002A7E5A pkg=0x00360136 cls=0x005172C5)
0x0368000,.text,VirtualQuery,,,,UNVERIFIABLE,n/a,,,,,0,,page 0x0368000 is all-zero in this dump (never decrypted),bare,1,docs/mount-shim-marker.txt,,[gametid] VirtualQuery: ret=48 base=00007FF669419000 regsize=0x368000 state=0x1000 protect=0x8 type=0x40000
0x038FE89,.text,AssaultDefault,,,,UNVERIFIABLE,n/a,,,,,0,,page 0x038F000 is all-zero in this dump (never decrypted),bare,2,docs/session-79-moonshot-plan.md;memory/supervive-dedicated-server-status.md,RefreshCosmetics;PrimaryAssetIDFromString;HeroCosmeticsBundle,"skin = **`AssaultDefault`**. `PrimaryAssetIDFromString(""HeroCosmeticsBundle:AssaultDefault"")` = {type 0x1A572, name 0x38FE89}."
0x039E088,.text,D3D12Core,,,,UNVERIFIABLE,n/a,,,,,0,,page 0x039E000 is all-zero in this dump (never decrypted),bare,1,docs/session-40-minidump-correction.txt,,[rsp+0x270]  **D3D12Core.dll + 0x39E088**
0x03AF0D8,.text,D3D12Core,,,,UNVERIFIABLE,n/a,,,,,0,,page 0x03AF000 is all-zero in this dump (never decrypted),bare,1,docs/session-40-minidump-correction.txt,,[rsp+0x278]  **D3D12Core.dll + 0x3AF0D8**
0x03BE4F5,.text,DA_MissionPoolDailyChallenge,,,,UNVERIFIABLE,n/a,,,,,0,,page 0x03BE000 is all-zero in this dump (never decrypted),bare,2,docs/registration-shim-marker.txt;tools/sigbypass-mod/registration_shim.cpp,,[apc] [ 2/16] calling AddDynamicAsset for DA_MissionPoolDailyChallenge (id-Name=0x00148086 pkg=0x002881E4 cls=0x003BE4F5)
0x03BE505,.text,DA_MissionPoolDailyPCB_Armory,,,,UNVERIFIABLE,n/a,,,,,0,,page 0x03BE000 is all-zero in this dump (never decrypted),bare,2,docs/registration-shim-marker.txt;tools/sigbypass-mod/registration_shim.cpp,,[apc] [ 7/16] calling AddDynamicAsset for DA_MissionPoolDailyPCB_Armory (id-Name=0x001529BA pkg=0x0042C752 cls=0x003BE505)
0x03ED6AF,.text,DA_MissionPoolArmoryOnboarding,,,,UNVERIFIABLE,n/a,,,,,0,,page 0x03ED000 is all-zero in this dump (never decrypted),bare,2,docs/registration-shim-marker.txt;tools/sigbypass-mod/registration_shim.cpp,,[apc] [ 1/16] calling AddDynamicAsset for DA_MissionPoolArmoryOnboarding (id-Name=0x004AF6C3 pkg=0x004119BA cls=0x003ED6AF)
0x03F2DC6,.text,DA_MissionPoolTutorialMaps,,,,UNVERIFIABLE,n/a,,,,,0,,page 0x03F2000 is all-zero in this dump (never decrypted),bare,2,docs/registration-shim-marker.txt;tools/sigbypass-mod/registration_shim.cpp,,[apc] [11/16] calling AddDynamicAsset for DA_MissionPoolTutorialMaps (id-Name=0x0012225E pkg=0x001D0A37 cls=0x003F2DC6)
0x03F4AAA,.text,MissionPool,,,,UNVERIFIABLE,n/a,,,,,0,,page 0x03F4000 is all-zero in this dump (never decrypted),bare,2,docs/missions-nativecall12-marker.txt;docs/session-57-da-resolution.txt,,"[4] missionIds=330 (id0={0x162B8,0x200302937}) poolIds=16 (id0={0x16F06,0x3F4AAA})"
0x03FB29E,.text,ArmoryDaily_PlayAGame,,,,UNVERIFIABLE,n/a,,,,,0,,page 0x03FB000 is all-zero in this dump (never decrypted),bare,4,tools/sigbypass-mod/missions_assettest.cpp;tools/sigbypass-mod/missions_populate2.cpp,FNames;MissionPool,"//   ArmoryDaily_PlayAGame=0x003FB29E ; Hero=0x0001A568 (control), Alchemist=<resolved live>."
0x03FE76D,.text,ArmoryDaily_PlayAGame,,,,UNVERIFIABLE,n/a,,,,,0,,page 0x03FE000 is all-zero in this dump (never decrypted),bare,2,docs/missions-nativecall9-marker.txt;docs/session-57-da-resolution.txt,,"[4] TEST   Mission: id={Type=Mission Name=ArmoryDaily_PlayAGame} raw={0x162B8,0x3FE76D} DA=0x0 class=''"
0x0400000,.text,HasOutParms,,,,UNVERIFIABLE,n/a,,,,,0,,page 0x0400000 is all-zero in this dump (never decrypted),bare,3,tools/re/cheat_enum.py;tools/re/ufunc_params.py;tools/re/ufunc_survey.py,RepSkip;ReferenceParm;BPEvent,"(0x08000000, ""BPEvent""), (0x00400000, ""HasOutParms""), (0x80000000, ""NetValidate"")]"
0x04119BA,.text,DA_MissionPoolArmoryOnboarding,,,,UNVERIFIABLE,n/a,,,,,0,,page 0x0411000 is all-zero in this dump (never decrypted),bare,2,docs/registration-shim-marker.txt;tools/sigbypass-mod/registration_shim.cpp,,[apc] [ 1/16] calling AddDynamicAsset for DA_MissionPoolArmoryOnboarding (id-Name=0x004AF6C3 pkg=0x004119BA cls=0x003ED6AF)
0x042C752,.text,DA_MissionPoolDailyPCB_Armory,,,,UNVERIFIABLE,n/a,,,,,0,,page 0x042C000 is all-zero in this dump (never decrypted),bare,2,docs/registration-shim-marker.txt;tools/sigbypass-mod/registration_shim.cpp,,[apc] [ 7/16] calling AddDynamicAsset for DA_MissionPoolDailyPCB_Armory (id-Name=0x001529BA pkg=0x0042C752 cls=0x003BE505)
0x0431EF1,.text,DA_MissionPoolDailyChallenge_Planbee,,,,UNVERIFIABLE,n/a,,,,,0,,page 0x0431000 is all-zero in this dump (never decrypted),bare,2,docs/registration-shim-marker.txt;tools/sigbypass-mod/registration_shim.cpp,,[apc] [ 3/16] calling AddDynamicAsset for DA_MissionPoolDailyChallenge_Planbee (id-Name=0x003558A4 pkg=0x00431EF1 cls=0x004E8B18)
0x043AC18,.text,,,,,UNVERIFIABLE,n/a,,,,,0,,page 0x043A000 is all-zero in this dump (never decrypted),bare,1,docs/catalog-probe-marker.txt,,[dump]  [8] key.Type=0x1A568 key.Name=0x43AC18 val=0x210616DC400 [val+0xc]=0x280031
0x04421AA,.text,DA_MissionPoolDailyPCB,,,,UNVERIFIABLE,n/a,,,,,0,,page 0x0442000 is all-zero in this dump (never decrypted),bare,2,docs/registration-shim-marker.txt;tools/sigbypass-mod/registration_shim.cpp,,[apc] [ 6/16] calling AddDynamicAsset for DA_MissionPoolDailyPCB (id-Name=0x0056BBFA pkg=0x004421AA cls=0x002CB3A9)
0x047678A,.text,WBP_UI_MissionModalCategory_C,,,,UNVERIFIABLE,n/a,,,,,0,,page 0x0476000 is all-zero in this dump (never decrypted),bare,5,docs/lokiassetmanager-vtable-dump.md;git-log;memory/supervive-hero-roster-blocker.md,NamePrivate;UFunction,verified by reverse-looking up the Outer's NamePrivate FName id (0x0047678A
0x047A890,.text,,,,,UNVERIFIABLE,n/a,,,,,0,,page 0x047A000 is all-zero in this dump (never decrypted),bare,1,docs/lokiassetmanager-vtable-dump.md,,constexpr uint32 kName_DA_MissionPoolHunterMissions           = 0x0047A890;
0x0480D9F,.text,DA_MissionPoolOnboardingPlanbee,,,,UNVERIFIABLE,n/a,,,,,0,,page 0x0480000 is all-zero in this dump (never decrypted),bare,2,docs/registration-shim-marker.txt;tools/sigbypass-mod/registration_shim.cpp,,[apc] [10/16] calling AddDynamicAsset for DA_MissionPoolOnboardingPlanbee (id-Name=0x001FF4AF pkg=0x00268443 cls=0x00480D9F)
0x0485FA0,.text,DA_MissionPoolHunterMissions,,,,UNVERIFIABLE,n/a,,,,,0,,page 0x0485000 is all-zero in this dump (never decrypted),bare,2,docs/registration-shim-marker.txt;tools/sigbypass-mod/registration_shim.cpp,,[apc] [ 8/16] calling AddDynamicAsset for DA_MissionPoolHunterMissions (id-Name=0x00485FA0 pkg=0x002826AC cls=0x0025D3BE)
0x0498180,.text,,,,,UNVERIFIABLE,n/a,,,,,0,,page 0x0498000 is all-zero in this dump (never decrypted),bare,1,docs/catalog-probe-marker.txt,,[dump]  [2] key.Type=0x1A568 key.Name=0x498180 val=0x210616DBDC0 [val+0xc]=0x280031
0x049CBDC,.text,,,,,UNVERIFIABLE,n/a,,,,,0,,page 0x049C000 is all-zero in this dump (never decrypted),bare,1,docs/scan-on-browse-marker.txt,,[scan] type_fname=0x49CBDC -> added=57
0x049CF7F,.text,,,,,UNVERIFIABLE,n/a,,,,,0,,page 0x049C000 is all-zero in this dump (never decrypted),bare,1,docs/scan-shim-marker.txt,,[apc] scan type_fname=0x49CF7F base=0x1A31F168080 -> added=57
0x049FAAC,.text,DA_MissionPoolDailyEasy_Planbee,,,,UNVERIFIABLE,n/a,,,,,0,,page 0x049F000 is all-zero in this dump (never decrypted),bare,2,docs/registration-shim-marker.txt;tools/sigbypass-mod/registration_shim.cpp,,[apc] [ 5/16] calling AddDynamicAsset for DA_MissionPoolDailyEasy_Planbee (id-Name=0x0006EC93 pkg=0x001322F6 cls=0x0049FAAC)
0x04A410E,.text,,,,,UNVERIFIABLE,n/a,,,,,0,,page 0x04A4000 is all-zero in this dump (never decrypted),bare,1,docs/lokiassetmanager-vtable-dump.md,,constexpr uint32 kName_DA_MissionPoolArmoryOnboarding         = 0x004A410E;
0x04AF6C3,.text,DA_MissionPoolArmoryOnboarding,,,,UNVERIFIABLE,n/a,,,,,0,,page 0x04AF000 is all-zero in this dump (never decrypted),bare,4,docs/lokiassetmanager-vtable-dump.md;docs/registration-shim-marker.txt;git-log;tools/sigbypass-mod/registration_shim.cpp,AssetMap,0x16AFC503620) shows our new FName 0x004AF6C3 (= current
0x04BC63C,.text,,,,,UNVERIFIABLE,n/a,,,,,0,,page 0x04BC000 is all-zero in this dump (never decrypted),bare,1,docs/catalog-probe-marker.txt,,[dump]  [3] key.Type=0x1A568 key.Name=0x4BC63C val=0x210616DC040 [val+0xc]=0x280031
0x04C9E51,.text,ClientGlobal,,,,UNVERIFIABLE,n/a,,,,,0,,page 0x04C9000 is all-zero in this dump (never decrypted),bare,4,docs/session-46-bp-hero-list-filter-FOUND.txt;docs/session-47-pickup.txt;memory/supervive-hero-roster-blocker.md;tools/sigbypass-mod/scan_and_load.cpp,FindFName,- GOTCHA (solved): FName ids DRIFT between runs (ClientGlobal was 0x4CA778 / 0x4C9E51 / 0x4CBAC9 /
0x04CA778,.text,ClientGlobal,,,,UNVERIFIABLE,n/a,,,,,0,,page 0x04CA000 is all-zero in this dump (never decrypted),bare,4,docs/session-46-bp-hero-list-filter-FOUND.txt;docs/session-47-pickup.txt;memory/supervive-hero-roster-blocker.md;tools/sigbypass-mod/scan_and_load.cpp,FindFName,- GOTCHA (solved): FName ids DRIFT between runs (ClientGlobal was 0x4CA778 / 0x4C9E51 / 0x4CBAC9 /
0x04CBAB0,.text,FindFName,,,,UNVERIFIABLE,n/a,,,,,0,,page 0x04CB000 is all-zero in this dump (never decrypted),bare,4,docs/scan-and-load-marker.txt;docs/session-46-bp-hero-list-filter-FOUND.txt;docs/session-47-pickup.txt;memory/supervive-hero-roster-blocker.md,ClientGlobal,[load] FindFName -> ClientGlobal=0x4CBAB0 Game=0x329
0x04CBAC9,.text,ClientGlobal,,,,UNVERIFIABLE,n/a,,,,,0,,page 0x04CB000 is all-zero in this dump (never decrypted),bare,3,docs/session-46-bp-hero-list-filter-FOUND.txt;docs/session-47-pickup.txt;memory/supervive-hero-roster-blocker.md,FindFName,- GOTCHA (solved): FName ids DRIFT between runs (ClientGlobal was 0x4CA778 / 0x4C9E51 / 0x4CBAC9 /
0x04E5D77,.text,,,,,UNVERIFIABLE,n/a,,,,,0,,page 0x04E5000 is all-zero in this dump (never decrypted),bare,1,docs/scan-on-browse-marker.txt,,[scan] type_fname=0x4E5D77 -> added=100
0x04E60CF,.text,,,,,UNVERIFIABLE,n/a,,,,,0,,page 0x04E6000 is all-zero in this dump (never decrypted),bare,1,docs/scan-shim-marker.txt,,[apc] scan type_fname=0x4E60CF base=0x1A31F19B780 -> added=100
0x04E8B18,.text,DA_MissionPoolDailyChallenge_Planbee,,,,UNVERIFIABLE,n/a,,,,,0,,page 0x04E8000 is all-zero in this dump (never decrypted),bare,2,docs/registration-shim-marker.txt;tools/sigbypass-mod/registration_shim.cpp,,[apc] [ 3/16] calling AddDynamicAsset for DA_MissionPoolDailyChallenge_Planbee (id-Name=0x003558A4 pkg=0x00431EF1 cls=0x004E8B18)
0x04E906D,.text,,,,,UNVERIFIABLE,n/a,,,,,0,,page 0x04E9000 is all-zero in this dump (never decrypted),bare,1,docs/session-42-step8-FIX-WORKS.txt,,Minion(0x4E906D)            -> added=100
0x050AAC5,.text,,,,,UNVERIFIABLE,n/a,,,,,0,,page 0x050A000 is all-zero in this dump (never decrypted),bare,1,docs/catalog-probe-marker.txt,,[dump]  [6] key.Type=0x1A568 key.Name=0x50AAC5 val=0x210616DC540 [val+0xc]=0x280031
0x050AACA,.text,,,,,UNVERIFIABLE,n/a,,,,,0,,page 0x050A000 is all-zero in this dump (never decrypted),bare,1,docs/catalog-probe-marker.txt,,[dump]  [1] key.Type=0x1A568 key.Name=0x50AACA val=0x2106FB6AC40 [val+0xc]=0x280031
0x05172C5,.text,DA_MissionPoolDailyEasy,,,,UNVERIFIABLE,n/a,,,,,0,,page 0x0517000 is all-zero in this dump (never decrypted),bare,2,docs/registration-shim-marker.txt;tools/sigbypass-mod/registration_shim.cpp,,[apc] [ 4/16] calling AddDynamicAsset for DA_MissionPoolDailyEasy (id-Name=0x002A7E5A pkg=0x00360136 cls=0x005172C5)
0x053C539,.text,DA_MissionPoolWeeklyChallenge_Planbee,,,,UNVERIFIABLE,n/a,,,,,0,,page 0x053C000 is all-zero in this dump (never decrypted),bare,2,docs/registration-shim-marker.txt;tools/sigbypass-mod/registration_shim.cpp,,[apc] [14/16] calling AddDynamicAsset for DA_MissionPoolWeeklyChallenge_Planbee (id-Name=0x003000F1 pkg=0x0053C539 cls=0x0031005C)
0x056032C,.text,,,,,UNVERIFIABLE,n/a,,,,,0,,page 0x0560000 is all-zero in this dump (never decrypted),bare,1,docs/lokiassetmanager-vtable-dump.md,,constexpr uint32 kName_DA_MissionPoolDailyPCB                 = 0x0056032C;
0x0569C2B,.text,,,,,UNVERIFIABLE,n/a,,,,,0,,page 0x0569000 is all-zero in this dump (never decrypted),bare,1,docs/catalog-probe-marker.txt,,[dump]  [5] key.Type=0x1A568 key.Name=0x569C2B val=0x210616DC180 [val+0xc]=0x280031
0x056BBFA,.text,DA_MissionPoolDailyPCB,,,,UNVERIFIABLE,n/a,,,,,0,,page 0x056B000 is all-zero in this dump (never decrypted),bare,2,docs/registration-shim-marker.txt;tools/sigbypass-mod/registration_shim.cpp,,[apc] [ 6/16] calling AddDynamicAsset for DA_MissionPoolDailyPCB (id-Name=0x0056BBFA pkg=0x004421AA cls=0x002CB3A9)
0x05844E9,.text,,,,,UNVERIFIABLE,n/a,,,,,0,,page 0x0584000 is all-zero in this dump (never decrypted),bare,1,docs/scan-shim-marker.txt,,[apc] scan type_fname=0x5844E9 base=0x1A31F0E9980 -> added=0
0x05845A7,.text,,,,,UNVERIFIABLE,n/a,,,,,0,,page 0x0584000 is all-zero in this dump (never decrypted),bare,1,docs/scan-on-browse-marker.txt,,[scan] type_fname=0x5845A7 -> added=0
0x0584C90,.text,IsHidden,,,,UNVERIFIABLE,n/a,,,,,0,,page 0x0584000 is all-zero in this dump (never decrypted),bare,2,docs/session-47-tile-widget-FOUND.txt;memory/supervive-hero-roster-blocker.md,GetCatalogEntry;AssetID;CatalogManager,CatalogManager.GetCatalogEntry(AssetID). Found IsHidden's impl by FName (0x584C90 -> exec thunk +0x5260E60
0x0584CF8,.text,IsCatalogDataReady,,,,UNVERIFIABLE,n/a,,,,,0,,page 0x0584000 is all-zero in this dump (never decrypted),bare,2,docs/session-47-tile-widget-FOUND.txt;memory/supervive-hero-roster-blocker.md,GetCatalogManager;CatalogManager,GetCatalogManager -> IsCatalogDataReady. Found IsCatalogDataReady by FName (0x584CF8 -> exec thunk +0x5260DD0
0x05863F0,.text,OutputExecs,,,,UNVERIFIABLE,n/a,,,,,0,,page 0x0586000 is all-zero in this dump (never decrypted),"bare,labeled",8,docs/session-46-bp-hero-list-filter-FOUND.txt;docs/session-47-pickup.txt;git-log;memory/supervive-hero-roster-blocker.md,GetHeroCharacterList;GetHeroAssetFromPrimaryAssetId,Located it in the live process: findptr on its FName id 0x005863F0 returned the native-function
0x0586413,.text,LokiAssetManager,,,,UNVERIFIABLE,n/a,,,,,0,,page 0x0586000 is all-zero in this dump (never decrypted),bare,3,docs/lokiassetmanager-vtable-dump.md;git-log,NamePrivate,"**Validated identification:** ""LokiAssetManager"" lookup returned id=0x00586413,"
0x0586455,.text,LokiAssetManager,,,,UNVERIFIABLE,n/a,,,,,0,,page 0x0586000 is all-zero in this dump (never decrypted),bare,3,docs/session-42-step5-runtime-assetmgr-anchored.txt;memory/supervive-hero-roster-blocker.md,Default__LokiAssetManager;UClass,"- FName ids: ""LokiAssetManager""=0x586455, ""Default__LokiAssetManager""=0x6B05AD,"
0x0586483,.text,GetLokiAssetManager,,,,UNVERIFIABLE,n/a,,,,,0,,page 0x0586000 is all-zero in this dump (never decrypted),bare,1,docs/session-42-step5-runtime-assetmgr-anchored.txt,UObject,"""GetLokiAssetManager""=0x586483.  (UObject layout r2-findings: Class@+0x18,"
0x05864C7,.text,LokiAssetManagerSettings,,,,UNVERIFIABLE,n/a,,,,,0,,page 0x0586000 is all-zero in this dump (never decrypted),bare,1,docs/session-42-step5-runtime-assetmgr-anchored.txt,Default__LokiAssetManagerSettings,"""LokiAssetManagerSettings""=0x5864C7, ""Default__LokiAssetManagerSettings""=0x6B05DC,"
0x0586579,.text,GetDefaultCosmeticsBundleIdForHeroId,,,,UNVERIFIABLE,n/a,,,,,0,,page 0x0586000 is all-zero in this dump (never decrypted),bare,3,docs/next-session-prompt-skins-render.md;docs/session-53-customization-persistence.md;memory/supervive-customization-persistence.md,CosmeticsBundleId;StaticRegisterNatives,0x00586579; ANSI @RVA 0x888E9C0; StaticRegisterNatives table @RVA 0x9BA7F58; exec thunk
0x0587ADC,.text,GetHeroCharacterList,,,,UNVERIFIABLE,n/a,,,,,0,,page 0x0587000 is all-zero in this dump (never decrypted),bare,2,docs/session-46-bp-hero-list-filter-FOUND.txt;docs/session-47-pickup.txt,,impl ptr). GetHeroCharacterList FName id 0x00587ADC.
0x058FE9D,.text,MissionModel,,,,UNVERIFIABLE,n/a,,,,,0,,page 0x058F000 is all-zero in this dump (never decrypted),bare,1,docs/lokiassetmanager-vtable-dump.md,,- `MissionModel` (id 0x0058FE9D)
0x058FEC9,.text,CmpIdx,,,,UNVERIFIABLE,n/a,,,,,0,,page 0x058F000 is all-zero in this dump (never decrypted),bare,3,docs/lokiassetmanager-vtable-dump.md;git-log,NamePrivate;UMissionsModel;UClass,CmpIdx is 0x0058FEC9 — matches the UMissionsModel UClass name
0x058FEE1,.text,CreateMissionModelFromFinalProgress,,,,UNVERIFIABLE,n/a,,,,,0,,page 0x058F000 is all-zero in this dump (never decrypted),bare,3,docs/lokiassetmanager-vtable-dump.md;git-log;memory/supervive-hero-roster-blocker.md,,- `CreateMissionModelFromFinalProgress` (0x0058FEE1) — the factory function
0x058FEFF,.text,GetActiveMissionModel,,,,UNVERIFIABLE,n/a,,,,,0,,page 0x058F000 is all-zero in this dump (never decrypted),bare,3,docs/lokiassetmanager-vtable-dump.md;git-log;memory/supervive-hero-roster-blocker.md,UMissionsModel;FNames;UFunction,| GetActiveMissionModel | 0x0058FEFF | 0x16AC8904A90 | 0x7FF664B75A20 (RVA +0x54A5A20) |
0x058FF0B,.text,GetClaimableMissionModel,,,,UNVERIFIABLE,n/a,,,,,0,,page 0x058F000 is all-zero in this dump (never decrypted),bare,3,docs/lokiassetmanager-vtable-dump.md;git-log;memory/supervive-hero-roster-blocker.md,UMissionsModel;FNames;UFunction,"| GetClaimableMissionModel | 0x0058FF0B | 0x16AC8904B80 | (immediately after, +0xF0) |"
0x058FF4F,.text,OnPSMissionsUpdated,,,,UNVERIFIABLE,n/a,,,,,0,,page 0x058F000 is all-zero in this dump (never decrypted),bare,4,docs/dedicated-server-stub.md;docs/lokiassetmanager-vtable-dump.md;git-log;memory/supervive-hero-roster-blocker.md,TSet;PlayerState,"- That TSet is populated ONLY via `OnPSMissionsUpdated` (FName 0x0058FF4F),"
0x0590044,.text,TSet,,,,UNVERIFIABLE,n/a,,,,,0,,page 0x0590000 is all-zero in this dump (never decrypted),bare,1,docs/session-52-missions-page-decompiled.txt,TMap,"0x00590044, Outer@+0x28). Three TMap/TSet blocks at +0x30 / +0x80 / +0xD0 (0x50 stride,"
0x059005C,.text,UMissionModel,,,,UNVERIFIABLE,n/a,,,,,0,,page 0x0590000 is all-zero in this dump (never decrypted),bare,1,docs/session-52-missions-page-decompiled.txt,CreateMissionModelFromFinalProgress,CreateMissionModelFromFinalProgress  id=0x0059005C   (FACTORY: builds a UMissionModel)
0x059007A,.text,GetActiveMissionModel,,,,UNVERIFIABLE,n/a,,,,,0,,page 0x0590000 is all-zero in this dump (never decrypted),bare,1,docs/session-52-missions-page-decompiled.txt,,GetActiveMissionModel                id=0x0059007A
0x05900A1,.text,GetMissionModel,,,,UNVERIFIABLE,n/a,,,,,0,,page 0x0590000 is all-zero in this dump (never decrypted),bare,1,docs/session-52-missions-page-decompiled.txt,,GetMissionModel                      id=0x005900A1
0x05900AA,.text,GetMissionModelsForAssetID,,,,UNVERIFIABLE,n/a,,,,,0,,page 0x0590000 is all-zero in this dump (never decrypted),bare,1,docs/session-52-missions-page-decompiled.txt,,GetMissionModelsForAssetID           id=0x005900AA
0x05900B8,.text,GetMissions,,,,UNVERIFIABLE,n/a,,,,,0,,page 0x0590000 is all-zero in this dump (never decrypted),bare,1,docs/session-52-missions-page-decompiled.txt,,GetMissions                          id=0x005900B8   (reader; proven BP-callable)
0x05900CA,.text,OnPSMissionsUpdated,,,,UNVERIFIABLE,n/a,,,,,0,,page 0x0590000 is all-zero in this dump (never decrypted),bare,1,docs/session-52-missions-page-decompiled.txt,,OnPSMissionsUpdated                  id=0x005900CA   (INGEST handler: replicated data ->
0x05904F7,.text,TryPickMyHeroAndCosmetics,,,,UNVERIFIABLE,n/a,,,,,0,,page 0x0590000 is all-zero in this dump (never decrypted),bare,8,docs/session-49-click-center-offline-model.txt;docs/session-49-pickup-selected-hunter-click-routing.txt;docs/session-50-pickup-mainmenu-refresh.txt;memory/supervive-hero-roster-blocker.md,TryPick;PartyManager;UPartyManager,"UPartyManager instance (GUObjectArray class ""PartyManager"") + the TryPick UFunction (FName 0x005904F7,"
0x0590BBE,.text,GetMissionsModel,,,,UNVERIFIABLE,n/a,,,,,0,,page 0x0590000 is all-zero in this dump (never decrypted),bare,1,docs/lokiassetmanager-vtable-dump.md,,| GetMissionsModel | 0x00590BBE | (sibling) | (TBD) |
0x0590BC7,.text,GetProgressionManager,,,,UNVERIFIABLE,n/a,,,,,0,,page 0x0590000 is all-zero in this dump (never decrypted),bare,1,docs/lokiassetmanager-vtable-dump.md,,| GetProgressionManager | 0x00590BC7 | (sibling) | (TBD) |
0x05A7ECC,.text,Default__Object,,,,UNVERIFIABLE,n/a,,,,,0,,page 0x05A7000 is all-zero in this dump (never decrypted),bare,3,docs/session-42-step7-payload-design.txt;git-log;memory/supervive-hero-roster-blocker.md,UObject;UAssetManager,0x5A7ECC -> vtable 0x7FF68A16F490). Diffed UObject vs UAssetManager vtables: UObject's
0x05BB216,.text,Default__AssetRegistryImpl,,,,UNVERIFIABLE,n/a,,,,,0,,page 0x05BB000 is all-zero in this dump (never decrypted),bare,1,docs/lokiassetmanager-vtable-dump.md,,1. Found `Default__AssetRegistryImpl` FName id 0x005BB216 → CDO @ 0x16AC83F63B0.
0x05BB388,.text,,,,,UNVERIFIABLE,n/a,,,,,0,,page 0x05BB000 is all-zero in this dump (never decrypted),bare,1,docs/next-session-prompt-s43.md,,name id 0x5BB388.)
0x05E69D6,.text,,,,,UNVERIFIABLE,n/a,,,,,0,,page 0x05E6000 is all-zero in this dump (never decrypted),bare,1,docs/lokiassetmanager-vtable-dump.md,,constexpr uint32 kType_Items               = 0x005E69D6; // block=94  off=0xD3AC
0x06002C4,.text,,,,,UNVERIFIABLE,n/a,,,,,0,,page 0x0600000 is all-zero in this dump (never decrypted),bare,1,git-log,,"Verified Pools IS a real FName (id 0x006002C4, block 96, adjacent to"
0x06002E0,.text,MissionData,,,,UNVERIFIABLE,n/a,,,,,0,,page 0x0600000 is all-zero in this dump (never decrypted),bare,1,git-log,,"clustering analysis (block 96, around the MissionData struct FName 0x006002E0):"
0x0627B86,.text,NextWeeklyRefreshTime,,,,UNVERIFIABLE,n/a,,,,,0,,page 0x0627000 is all-zero in this dump (never decrypted),bare,2,docs/lokiassetmanager-vtable-dump.md;git-log,FDateTime,| `NextWeeklyRefreshTime` | 0x00627B86 | 0x38 | FDateTime |
0x0627B92,.text,NextDailiesRefreshTime,,,,UNVERIFIABLE,n/a,,,,,0,,page 0x0627000 is all-zero in this dump (never decrypted),bare,2,docs/lokiassetmanager-vtable-dump.md;git-log,FDateTime,| `NextDailiesRefreshTime` | 0x00627B92 | 0x30 | FDateTime |
0x0627C84,.text,,,,,UNVERIFIABLE,n/a,,,,,0,,page 0x0627000 is all-zero in this dump (never decrypted),bare,1,docs/lokiassetmanager-vtable-dump.md,,constexpr uint32 kType_Powers              = 0x00627C84; // block=98  off=0xF908
0x0628068,.text,,,,,UNVERIFIABLE,n/a,,,,,0,,page 0x0628000 is all-zero in this dump (never decrypted),bare,1,docs/lokiassetmanager-vtable-dump.md,,constexpr uint32 kType_GameAugments        = 0x00628068; // block=98  off=0x100D0
0x0628078,.text,,,,,UNVERIFIABLE,n/a,,,,,0,,page 0x0628000 is all-zero in this dump (never decrypted),bare,1,docs/lokiassetmanager-vtable-dump.md,,constexpr uint32 kType_Minions             = 0x00628078; // block=98  off=0x100F0
0x06280B6,.text,,,,,UNVERIFIABLE,n/a,,,,,0,,page 0x0628000 is all-zero in this dump (never decrypted),bare,1,docs/lokiassetmanager-vtable-dump.md,,constexpr uint32 kType_PlayerTitles        = 0x006280B6; // block=98  off=0x1016C
0x06280C6,.text,,,,,UNVERIFIABLE,n/a,,,,,0,,page 0x0628000 is all-zero in this dump (never decrypted),bare,1,docs/lokiassetmanager-vtable-dump.md,,constexpr uint32 kType_Emotes              = 0x006280C6; // block=98  off=0x1018C
0x064D7B8,.text,MissionPoolIDs,,,,UNVERIFIABLE,n/a,,,,,0,,page 0x064D000 is all-zero in this dump (never decrypted),bare,2,docs/lokiassetmanager-vtable-dump.md;git-log,MissionPoolAssets,"| `MissionPoolIDs` | 0x0064D7B8 | block 100, off 0x1AF70 — property name |"
0x064E8E7,.text,MissionPoolAssets,,,,UNVERIFIABLE,n/a,,,,,0,,page 0x064E000 is all-zero in this dump (never decrypted),bare,6,docs/lokiassetmanager-vtable-dump.md;git-log;memory/supervive-hero-roster-blocker.md,FProperty;NamePool;MissionPoolAssets_Key,"| `MissionPoolAssets` | 0x0064E8E7 | block 100, off 0x1D1CE — TMap value field |"
0x064E8F1,.text,MissionPoolAssets_Key,,,,UNVERIFIABLE,n/a,,,,,0,,page 0x064E000 is all-zero in this dump (never decrypted),bare,3,docs/lokiassetmanager-vtable-dump.md;git-log,BindToMissions;FProperty;TMap,"| `MissionPoolAssets_Key` | 0x0064E8F1 | block 100, off 0x1D1E2 — TMap key companion |"
0x065754A,.text,OnLocalMissionsInitialized,,,,UNVERIFIABLE,n/a,,,,,0,,page 0x0657000 is all-zero in this dump (never decrypted),bare,1,docs/lokiassetmanager-vtable-dump.md,,- `OnLocalMissionsInitialized` (0x0065754A) — local init event
0x065F84F,.text,Default__AssetManagerSettings,,,,UNVERIFIABLE,n/a,,,,,0,,page 0x065F000 is all-zero in this dump (never decrypted),bare,2,docs/session-42-step5-runtime-assetmgr-anchored.txt;memory/supervive-hero-roster-blocker.md,,Read engine Default__AssetManagerSettings CDO = 0x1C66C89DEF0 (name id 0x65F84F).
0x06639AB,.text,Default__AssetManager,,,,UNVERIFIABLE,n/a,,,,,0,,page 0x0663000 is all-zero in this dump (never decrypted),bare,3,docs/session-42-step7-payload-design.txt;git-log;memory/supervive-hero-roster-blocker.md,UAssetManager;UObject,Method: vtable diff. Found the base UAssetManager CDO (Default__AssetManager id 0x6639AB
0x06B057B,.text,Default__LokiAssetManager,,,,UNVERIFIABLE,n/a,,,,,0,,page 0x06B0000 is all-zero in this dump (never decrypted),bare,3,docs/lokiassetmanager-vtable-dump.md;git-log,ComparisonIndex;NamePrivate,"FName: `ComparisonIndex=0x6B057B, Number=0`. Next field at `+0x28` is"
0x06B05AD,.text,ClassPrivate,,,,UNVERIFIABLE,n/a,,,,,0,,page 0x06B0000 is all-zero in this dump (never decrypted),bare,3,docs/session-42-step5-runtime-assetmgr-anchored.txt;memory/supervive-hero-roster-blocker.md,Default__LokiAssetManager;LokiAssetManager,"- FName ids: ""LokiAssetManager""=0x586455, ""Default__LokiAssetManager""=0x6B05AD,"
0x06B05DC,.text,Default__LokiAssetManagerSettings,,,,UNVERIFIABLE,n/a,,,,,0,,page 0x06B0000 is all-zero in this dump (never decrypted),bare,2,docs/session-42-step5-runtime-assetmgr-anchored.txt;memory/supervive-hero-roster-blocker.md,LokiAssetManagerSettings,"""LokiAssetManagerSettings""=0x5864C7, ""Default__LokiAssetManagerSettings""=0x6B05DC,"
0x06B2304,.text,Default__LokiPlayerState,,,,UNVERIFIABLE,n/a,,,,,0,,page 0x06B2000 is all-zero in this dump (never decrypted),bare,1,docs/lokiassetmanager-vtable-dump.md,,| `Default__LokiPlayerState` | 0x006B2304 |
0x06B2325,.text,Default__LokiPlayerStateArmoryRewardComponent,,,,UNVERIFIABLE,n/a,,,,,0,,page 0x06B2000 is all-zero in this dump (never decrypted),bare,1,docs/lokiassetmanager-vtable-dump.md,,| `Default__LokiPlayerStateArmoryRewardComponent` | 0x006B2325 |
0x06B233D,.text,Default__LokiPlayerStatePawnComponent,,,,UNVERIFIABLE,n/a,,,,,0,,page 0x06B2000 is all-zero in this dump (never decrypted),bare,1,docs/lokiassetmanager-vtable-dump.md,,| `Default__LokiPlayerStatePawnComponent` | 0x006B233D |
0x06B2351,.text,Default__LokiPlayerState_HeroAffiliated,,,,UNVERIFIABLE,n/a,,,,,0,,page 0x06B2000 is all-zero in this dump (never decrypted),bare,1,docs/lokiassetmanager-vtable-dump.md,,| `Default__LokiPlayerState_HeroAffiliated` | 0x006B2351 |
0x06B2366,.text,Default__LokiPlayerState_Missions,,,,UNVERIFIABLE,n/a,,,,,0,,page 0x06B2000 is all-zero in this dump (never decrypted),bare,2,docs/lokiassetmanager-vtable-dump.md;git-log,,| **`Default__LokiPlayerState_Missions`** | **0x006B2366** |
0x06B32C8,.text,UProgressionManager,,,,UNVERIFIABLE,n/a,,,,,0,,page 0x06B3000 is all-zero in this dump (never decrypted),bare,2,docs/lokiassetmanager-vtable-dump.md;git-log,Default__ProgressionManager,"0x006B32C8, block 107 offset 0x6590) is the LIVE production-progression"
0x0777E46,.text,IsPreviewable,,,,UNVERIFIABLE,n/a,,,,,0,,page 0x0777000 is all-zero in this dump (never decrypted),bare,4,docs/session-49-click-center-offline-model.txt;docs/session-49-pickup-selected-hunter-click-routing.txt;docs/session-50-pickup-mainmenu-refresh.txt;tools/re/find_ufunc.py,IsValid;IsDisabled;CanUse,0x0079339D (Outer WBP_HeroPicker_C). IsPreviewable id 0x00777E46. Browse gate 0x3EC57D0.
0x079339D,.text,WBP_HeroPicker_C,,,,UNVERIFIABLE,n/a,,,,,0,,page 0x0793000 is all-zero in this dump (never decrypted),bare,6,docs/session-49-click-center-offline-model.txt;docs/session-49-pickup-selected-hunter-click-routing.txt;memory/supervive-hero-roster-blocker.md,IsPreviewable;WBP_HeroPicker;IsPreview,"it's the Outer of the IsPreviewSelection UFunction @0x26CFB237400, Name id 0x0079339D) and the local"
0x07A1DEA,.text,CallFunc_MakeDateTime_ReturnValue,,,,UNVERIFIABLE,n/a,,,,,0,,page 0x07A1000 is all-zero in this dump (never decrypted),bare,2,docs/lokiassetmanager-vtable-dump.md;git-log,,and `CallFunc_MakeDateTime_ReturnValue` (id 0x007A1DEA) both exist as
0x07A1E21,.text,ExecuteUbergraph_WBP_UI_MissionModalCategoryButton,,,,UNVERIFIABLE,n/a,,,,,0,,page 0x07A1000 is all-zero in this dump (never decrypted),bare,2,docs/lokiassetmanager-vtable-dump.md;git-log,,| `ExecuteUbergraph_WBP_UI_MissionModalCategoryButton` | 0x007A1E21 | sibling category-button BP |
0x07B4725,.text,ExecuteUbergraph_WBP_UI_MissionModal_MissionEntry,,,,UNVERIFIABLE,n/a,,,,,0,,page 0x07B4000 is all-zero in this dump (never decrypted),bare,2,docs/lokiassetmanager-vtable-dump.md;git-log,,| `ExecuteUbergraph_WBP_UI_MissionModal_MissionEntry` | 0x007B4725 | per-mission entry BP |
0x07B4871,.text,BindToMissions,,,,UNVERIFIABLE,n/a,,,,,0,,page 0x07B4000 is all-zero in this dump (never decrypted),bare,5,docs/lokiassetmanager-vtable-dump.md;git-log,NamePool,"| `BindToMissions` | 0x007B4871 | block 123, off 0x90E2 — function name |"
0x07B48C2,.text,ExecuteUbergraph_WBP_UI_MissionModalCategory,,,,UNVERIFIABLE,n/a,,,,,0,,page 0x07B4000 is all-zero in this dump (never decrypted),bare,2,docs/lokiassetmanager-vtable-dump.md;git-log,,| `ExecuteUbergraph_WBP_UI_MissionModalCategory` | 0x007B48C2 | event graph bytecode |
0x07B4933,.text,Default__WBP_UI_MissionModalCategory_C,,,,UNVERIFIABLE,n/a,,,,,0,,page 0x07B4000 is all-zero in this dump (never decrypted),bare,2,docs/lokiassetmanager-vtable-dump.md;git-log,,| `Default__WBP_UI_MissionModalCategory_C` | 0x007B4933 | CDO |
0x07B4FD5,.text,DynamicMissionPools,,,,UNVERIFIABLE,n/a,,,,,0,,page 0x07B4000 is all-zero in this dump (never decrypted),bare,2,docs/lokiassetmanager-vtable-dump.md;git-log,Offset_Internal;FProperty,FName id 0x007B4FD5 (DynamicMissionPools). 2 entries returned (the
0x07B4FE0,.text,ExecuteUbergraph_WBP_UI_MissionModal,,,,UNVERIFIABLE,n/a,,,,,0,,page 0x07B4000 is all-zero in this dump (never decrypted),bare,2,docs/lokiassetmanager-vtable-dump.md;git-log,,| `ExecuteUbergraph_WBP_UI_MissionModal` | 0x007B4FE0 | the modal's own event graph |
0x07B50F1,.text,SeasonalArmory_AcademyResearch,,,,UNVERIFIABLE,n/a,,,,,0,,page 0x07B5000 is all-zero in this dump (never decrypted),bare,1,docs/lokiassetmanager-vtable-dump.md,,- `SeasonalArmory_AcademyResearch`  (FName 0x007B50F1)
0x07B5101,.text,SeasonalArmory_Bloodshed,,,,UNVERIFIABLE,n/a,,,,,0,,page 0x07B5000 is all-zero in this dump (never decrypted),bare,1,docs/lokiassetmanager-vtable-dump.md,,- `SeasonalArmory_Bloodshed`        (0x007B5101)
0x07B510E,.text,SeasonalArmory_FelixFamous,,,,UNVERIFIABLE,n/a,,,,,0,,page 0x07B5000 is all-zero in this dump (never decrypted),bare,1,docs/lokiassetmanager-vtable-dump.md,,- `SeasonalArmory_FelixFamous`      (0x007B510E)
0x07B511C,.text,SeasonalArmory_HuntSoulborn,,,,UNVERIFIABLE,n/a,,,,,0,,page 0x07B5000 is all-zero in this dump (never decrypted),bare,1,docs/lokiassetmanager-vtable-dump.md,,- `SeasonalArmory_HuntSoulborn`     (0x007B511C)
0x07B512B,.text,SeasonalArmory_Kobayashi,,,,UNVERIFIABLE,n/a,,,,,0,,page 0x07B5000 is all-zero in this dump (never decrypted),bare,1,docs/lokiassetmanager-vtable-dump.md,,- `SeasonalArmory_Kobayashi`        (0x007B512B)
0x07B5138,.text,SeasonalArmory_ProtectHavenshard,,,,UNVERIFIABLE,n/a,,,,,0,,page 0x07B5000 is all-zero in this dump (never decrypted),bare,1,docs/lokiassetmanager-vtable-dump.md,,- `SeasonalArmory_ProtectHavenshard` (0x007B5138)
0x07B5149,.text,SeasonalArmory_ProveYourWorth,,,,UNVERIFIABLE,n/a,,,,,0,,page 0x07B5000 is all-zero in this dump (never decrypted),bare,1,docs/lokiassetmanager-vtable-dump.md,,- `SeasonalArmory_ProveYourWorth`   (0x007B5149)
0x07B5159,.text,SeasonalArmory_RisenEmpire,,,,UNVERIFIABLE,n/a,,,,,0,,page 0x07B5000 is all-zero in this dump (never decrypted),bare,1,docs/lokiassetmanager-vtable-dump.md,,- `SeasonalArmory_RisenEmpire`      (0x007B5159)
0x07B5167,.text,SeasonalArmory_ScoutTheBreach,,,,UNVERIFIABLE,n/a,,,,,0,,page 0x07B5000 is all-zero in this dump (never decrypted),bare,1,docs/lokiassetmanager-vtable-dump.md,,- `SeasonalArmory_ScoutTheBreach`   (0x007B5167)
0x07B5177,.text,SeasonalArmory_Skysharks,,,,UNVERIFIABLE,n/a,,,,,0,,page 0x07B5000 is all-zero in this dump (never decrypted),bare,1,docs/lokiassetmanager-vtable-dump.md,,- `SeasonalArmory_Skysharks`        (0x007B5177)
0x07B5184,.text,SeasonalArmory_SubdueScavbay,,,,UNVERIFIABLE,n/a,,,,,0,,page 0x07B5000 is all-zero in this dump (never decrypted),bare,1,docs/lokiassetmanager-vtable-dump.md,,- `SeasonalArmory_SubdueScavbay`    (0x007B5184)
0x07B5193,.text,SeasonalArmory_WinterDance,,,,UNVERIFIABLE,n/a,,,,,0,,page 0x07B5000 is all-zero in this dump (never decrypted),bare,1,docs/lokiassetmanager-vtable-dump.md,,- `SeasonalArmory_WinterDance`      (0x007B5193)
0x07FF6BD,.text,BP_MainMenuGameMode,,,,UNVERIFIABLE,n/a,,,,,0,,page 0x07FF000 is all-zero in this dump (never decrypted),bare,2,docs/session-61-tutorial-match-setup.txt;memory/supervive-tutorial-launch-status.md,AGameModeBase,vtables (0x7FF6BD..). BP_MainMenuGameMode instance vtable = 0x7FF6BD55EDD8 = the STOCK AGameModeBase vtable
0x088CB78,.text,LokiAssetManager,,,,UNVERIFIABLE,n/a,,,,,0,,page 0x088C000 is all-zero in this dump (never decrypted),"bare,labeled",12,docs/next-session-prompt-s43.md;docs/session-42-step5-runtime-assetmgr-anchored.txt;docs/session-42-step6-typemap-BREAKTHROUGH.txt;docs/session-42-step8-FIX-WORKS.txt;git-log;memory/supervive-hero-roster-blocker.md,AssetTypeMap;UClass;RVAs,"in the S42 run). ⚠️ Earlier docs had a digit-drop typo ""+0x88CB78"" — WRONG, cost one"
0x098B560,.text,,,,,UNVERIFIABLE,n/a,,,,,0,,page 0x098B000 is all-zero in this dump (never decrypted),bare,1,memory/supervive-milestone3-trackb-status.md,,First slot points to +0x98B560 (likely second-base virtual dtor).
0x0A15CAA,.text,NtCreateThreadEx,,,,UNVERIFIABLE,n/a,,,,,0,,page 0x0A15000 is all-zero in this dump (never decrypted),labeled,1,docs/session-53-ds-missions-gating-retest.txt,,it found **NtCreateThreadEx IS ALREADY HOOKED**: prologue = `90 E9 AA 5C A1 00` (nop; jmp +0xA15CAA to
0x0B9E1F0,.text,AddMappingContext,,,,ENTRY-OK,NO-NAME-EVIDENCE,0x0B9E1F0,+0x0,MED-heuristic,16,0,,,"anchored,bare",11,docs/lokiassetmanager-vtable-dump.md;docs/session-42-step5-runtime-assetmgr-anchored.txt;docs/session-79-moonshot-plan.md;git-log;memory/supervive-milestone3-trackb-status.md,PlayerInput;LocalPlayer;UObject,"- `0xB9E1F0` (4 occurrences) — `mov al, 1; ret` (return-true stub)"
0x0F7EB50,.text,,,,,ENTRY-OK,NO-RECORDED-NAME,0x0F7EB50,+0x0,HIGH-heuristic,3,0,,,bare,1,docs/lokiassetmanager-vtable-dump.md,,"- `0xF7EB50` (3 occurrences) — `xor eax, eax; ret` (return-zero stub)"
0x0F7EB60,.text,EmptyXorAlReturn,,,,ENTRY-OK,NO-NAME-EVIDENCE,0x0F7EB60,+0x0,MED-heuristic,16,0,,,bare,3,docs/lokiassetmanager-vtable-dump.md;docs/session-42-step5-runtime-assetmgr-anchored.txt;memory/supervive-milestone3-trackb-status.md,,- `0xF7EB60` (11 occurrences) — `virtual void EmptyXorAlReturn() { xor al; ret }` style
0x0F7EC20,.text,SetCurrentPublishedProgressionTracks,,,,ENTRY-OK,NO-NAME-EVIDENCE,0x0F7EC20,+0x0,MED-heuristic,16,0,,,"bare,labeled",6,docs/lokiassetmanager-vtable-dump.md;docs/session-42-step5-runtime-assetmgr-anchored.txt;docs/session-82-passes-battlepass-shim.txt;memory/supervive-milestone3-trackb-status.md;memory/supervive-passes-battlepass-status.md,,- `0xF7EC20` (31 occurrences) — `virtual void Empty() {}` style
0x0FA4A53,.text,,,,,INTERIOR,NO-RECORDED-NAME,0x0FA4A34,+0x1F,pdata-EXACT,65,0,,,"anchored,labeled",4,docs/next-session-prompt-s54.md;docs/session-54-ds-missions-replication.txt;git-log;memory/supervive-dedicated-server-status.md,,may also cure this. (A 3rd crash seen once — pre-Join read-AV at exe+0xFA4A53 — is the documented
0x0FD1754,.text,LobbyV2,,,,INTERIOR,NO-NAME-EVIDENCE,0x0FD1710,+0x44,pdata-EXACT,294,0,,,bare,3,docs/session-42-step1-crash-confirmed.txt;memory/supervive-hero-roster-blocker.md,,A84A3CA0 (07-01 15:04)     | +0xFD1754  | read 0x1e3010020          | LobbyV2
0x0FDFE70,.text,FMallocBinned2::Free,,,,ENTRY-OK,NO-NAME-EVIDENCE,0x0FDFE70,+0x0,pdata-EXACT,28,0,,,"bare,labeled",6,docs/dedicated-server-stub.md;git-log;memory/supervive-hero-roster-blocker.md,FMallocBinned2::Realloc,- **`FMallocBinned2::Free` body at mod-RVA `0xFDFE70`.** Entry `test
0x0FE00EB,.text,,,,,INTERIOR,NO-RECORDED-NAME,0x0FE0090,+0x5B,MED-heuristic,96,0,,,bare,2,docs/dedicated-server-stub.md;git-log,,"via `test rdx, rdx; jz 0xFE00EB; mov r11, rsp; ...`)."
0x0FE1746,.text,LVL_Login,,,,INTERIOR,NO-NAME-EVIDENCE,0x0FE16B0,+0x96,pdata-EXACT,197,0,,,bare,2,docs/session-42-step1-crash-confirmed.txt;memory/supervive-hero-roster-blocker.md,,9B00C588 (07-01 02:25)     | +0xFE1746  | read 0x1e3010020          | LVL_Login
0x0FE25A9,.text,FMallocBinned2::Realloc,,,,INTERIOR,NO-NAME-EVIDENCE,0x0FE2500,+0xA9,MED-heuristic,176,0,,,"bare,labeled",10,docs/dedicated-server-stub.md;git-log;memory/supervive-hero-roster-blocker.md,FMallocBinned2::Free,- **`FMallocBinned2::Realloc` body at mod-RVA `0xFE25A9`.** Canary check
0x0FE25FD,.text,UNetConnection,,,LOW,INTERIOR,NO-NAME-EVIDENCE,0x0FE25B0,+0x4D,pdata-EXACT,308,1,FMallocBinned2 Attempt to realloc an unrecognized block %p   canary ==,no diagnostic string,"bare,labeled",6,docs/dedicated-server-stub.md;git-log;memory/supervive-hero-roster-blocker.md,GMalloc_CLASS;GMalloc;FString,"at `0xFE25FD` (`cmp al, 0xe3`) followed by `jz +0x21` at `0xFE25FF`"
0x0FE25FF,.text,,,,LOW,INTERIOR,NO-RECORDED-NAME,0x0FE25B0,+0x4F,pdata-EXACT,308,1,FMallocBinned2 Attempt to realloc an unrecognized block %p   canary ==,no diagnostic string,labeled,1,docs/dedicated-server-stub.md,,"at `0xFE25FD` (`cmp al, 0xe3`) followed by `jz +0x21` at `0xFE25FF`"
0x0FE261D,.text,,,,LOW,INTERIOR,NO-RECORDED-NAME,0x0FE25B0,+0x6D,pdata-EXACT,308,1,FMallocBinned2 Attempt to realloc an unrecognized block %p   canary ==,no diagnostic string,labeled,1,docs/dedicated-server-stub.md,,to canary-OK path or fall through to the fatal log call at `0xFE261D`.
0x0FF9302,.text,FMemory::Free,,,,INTERIOR,NO-NAME-EVIDENCE,0x0FF92B0,+0x52,MED-heuristic,96,0,,,"bare,labeled",5,docs/dedicated-server-stub.md;git-log;memory/supervive-hero-roster-blocker.md;tools/sigbypass-mod/browse_hook.cpp,GMalloc,helper at mod-RVA 0xFF9302. Disasm of 0xFF9302 revealed it as
0x0FF9307,.text,,,,,INTERIOR,NO-RECORDED-NAME,0x0FF92B0,+0x57,MED-heuristic,96,0,,,bare,1,docs/dedicated-server-stub.md,,0xFF9307: push rdi
0x0FF931A,.text,,,,,INTERIOR,NO-RECORDED-NAME,0x0FF9310,+0xA,pdata-EXACT,52,0,,,bare,1,docs/dedicated-server-stub.md,,"0xFF931A: mov rbx, rcx                    ; save Ptr arg"
0x0FF931D,.text,FMallocBinned2,,,,INTERIOR,NO-NAME-EVIDENCE,0x0FF9310,+0xD,pdata-EXACT,52,0,,,"bare,labeled",3,docs/dedicated-server-stub.md;git-log;memory/supervive-hero-roster-blocker.md,FMemory::Free;GMalloc,"0xFF931D: mov rcx, [rip+0x8D4FE5C]        ; LOAD GMALLOC  ←←←"
0x0FF9324,.text,,,,,INTERIOR,NO-RECORDED-NAME,0x0FF9310,+0x14,pdata-EXACT,52,0,,,bare,2,docs/dedicated-server-stub.md,,"0xFF9324: test rcx, rcx"
0x0FF9327,.text,,,,,INTERIOR,NO-RECORDED-NAME,0x0FF9310,+0x17,pdata-EXACT,52,0,,,bare,1,docs/dedicated-server-stub.md,,0xFF9327: jnz 0xFF9335
0x0FF9329,.text,GCreateMalloc,,,,INTERIOR,NO-NAME-EVIDENCE,0x0FF9310,+0x19,pdata-EXACT,52,0,,,bare,1,docs/dedicated-server-stub.md,,0xFF9329: call GCreateMalloc              ; init if null
0x0FF932E,.text,,,,,INTERIOR,NO-RECORDED-NAME,0x0FF9310,+0x1E,pdata-EXACT,52,0,,,bare,1,docs/dedicated-server-stub.md,,"0xFF932E: mov rcx, [rip+0x8D4FE4B]        ; reload"
0x0FF9335,.text,,,,,INTERIOR,NO-RECORDED-NAME,0x0FF9310,+0x25,pdata-EXACT,52,0,,,bare,2,docs/dedicated-server-stub.md,,0xFF9327: jnz 0xFF9335
0x0FF9338,.text,,,,,INTERIOR,NO-RECORDED-NAME,0x0FF9310,+0x28,pdata-EXACT,52,0,,,bare,1,docs/dedicated-server-stub.md,,"0xFF9338: mov rdx, rbx                    ; arg"
0x0FF933B,.text,FMalloc::Free,,,,INTERIOR,NO-NAME-EVIDENCE,0x0FF9310,+0x2B,pdata-EXACT,52,0,,,bare,1,docs/dedicated-server-stub.md,,0xFF933B: call [rax+0x48]                  ; FMalloc::Free (slot 9)
0x1000000,.text,FUNC_NetServer,,,,INTERIOR,NO-NAME-EVIDENCE,0x0FFFF10,+0xF0,pdata-EXACT,1501,0,,,bare,7,tools/re/cheat_enum.py;tools/re/gen_lokipc_rpcs.py;tools/re/netcache_chain.py;tools/re/netfields_dump.py;tools/re/sig_enum.py;tools/re/ufunc_params.py,FUNC_NetMulticast;FUNC_NetClient;ConstParm,"(0x01000000, ""NetClient""), (0x00004000, ""NetMulticast""), (0x00000080, ""NetReliable""),"
0x1020CC2,.text,ServerVerifyViewTarget,,,,INTERIOR,NO-NAME-EVIDENCE,0x1020B87,+0x13B,pdata-EXACT,371,0,,,bare,1,memory/supervive-dedicated-server-status.md,ClientRestart;NetServer;NetClient,"ServerVerifyViewTarget=0x80220CC2 Net+NetServer, ClientRestart=0x01020CC2 Net+NetClient). Client hierarchy:"
0x1221597,.text,UWorld,,,,INTERIOR,NO-NAME-EVIDENCE,0x1221570,+0x27,pdata-EXACT,41,0,,,bare,2,docs/session-81-disconnect-characterized.txt,UObject;ProcessInternal,+0x137A64F +0x1225FD6 +0x1221597 +0x13453A5  (UWorld/UObject tick +
0x1225FD6,.text,UWorld,,,,INTERIOR,NO-NAME-EVIDENCE,0x1225FB8,+0x1E,pdata-EXACT,62,0,,,bare,2,docs/session-81-disconnect-characterized.txt,UObject;ProcessInternal,+0x137A64F +0x1225FD6 +0x1221597 +0x13453A5  (UWorld/UObject tick +
0x12C5060,.text,,UObject::FinishDestroy,UObject,HIGH,ENTRY-OK,NO-RECORDED-NAME,0x12C5060,+0x0,pdata-EXACT,108,1,Trying to call UObject::FinishDestroy from outside of UObject::Conditi,1/1 qualified-name refs,bare,1,docs/lokiassetmanager-vtable-dump.md,,"- 0x12C5060, 0x12C5680 (typo? 0x12C56A0), 0x12C5A10, 0x12C6AE0, 0x12C6EF0, 0x12C7260,"
0x12C5680,.text,,,,,INTERIOR,NO-RECORDED-NAME,0x12C5530,+0x150,pdata-EXACT,358,0,,,bare,1,docs/lokiassetmanager-vtable-dump.md,,"- 0x12C5060, 0x12C5680 (typo? 0x12C56A0), 0x12C5A10, 0x12C6AE0, 0x12C6EF0, 0x12C7260,"
0x12C56A0,.text,,,,,ENTRY-OK,NO-RECORDED-NAME,0x12C56A0,+0x0,pdata-EXACT,133,0,,,bare,1,docs/lokiassetmanager-vtable-dump.md,,"- 0x12C5060, 0x12C5680 (typo? 0x12C56A0), 0x12C5A10, 0x12C6AE0, 0x12C6EF0, 0x12C7260,"
0x12C5A10,.text,ProcessEvent,,,,ENTRY-OK,NO-NAME-EVIDENCE,0x12C5A10,+0x0,pdata-EXACT,1110,0,,,"anchored,bare,labeled",24,docs/lokiassetmanager-vtable-dump.md;docs/next-session-prompt-s55.md;docs/next-session-prompt-s56.md;docs/next-session-prompt-s80.md;docs/next-session-prompt-s81.md;docs/session-49-click-center-offline-model.txt,UObject::ProcessEvent;CallGuardedBP;ProcessInternal,"- 0x12C5060, 0x12C5680 (typo? 0x12C56A0), 0x12C5A10, 0x12C6AE0, 0x12C6EF0, 0x12C7260,"
0x12C68B0,.text,,,,,ENTRY-OK,NO-RECORDED-NAME,0x12C68B0,+0x0,pdata-EXACT,28,0,,,bare,1,docs/lokiassetmanager-vtable-dump.md,,"0x12CB110, 0x12CB310, 0x12C68B0, 0x12CC100"
0x12C6AE0,.text,,,,,ENTRY-OK,NO-RECORDED-NAME,0x12C6AE0,+0x0,pdata-EXACT,159,0,,,bare,1,docs/lokiassetmanager-vtable-dump.md,,"- 0x12C5060, 0x12C5680 (typo? 0x12C56A0), 0x12C5A10, 0x12C6AE0, 0x12C6EF0, 0x12C7260,"
0x12C6EF0,.text,,,,,ENTRY-OK,NO-RECORDED-NAME,0x12C6EF0,+0x0,pdata-EXACT,41,0,,,bare,1,docs/lokiassetmanager-vtable-dump.md,,"- 0x12C5060, 0x12C5680 (typo? 0x12C56A0), 0x12C5A10, 0x12C6AE0, 0x12C6EF0, 0x12C7260,"
0x12C7260,.text,,,,,ENTRY-OK,NO-RECORDED-NAME,0x12C7260,+0x0,HIGH-heuristic,32,0,,,bare,1,docs/lokiassetmanager-vtable-dump.md,,"- 0x12C5060, 0x12C5680 (typo? 0x12C56A0), 0x12C5A10, 0x12C6AE0, 0x12C6EF0, 0x12C7260,"
0x12C7DD0,.text,LokiPlayerState,,,,ENTRY-OK,NO-NAME-EVIDENCE,0x12C7DD0,+0x0,pdata-EXACT,31,0,,,"anchored,bare",2,docs/tutorial-playability-plan.md;memory/supervive-passes-battlepass-status.md,PlayerState,confirmed = **LokiPlayerState**) via base+0x12C7DD0; returns the PlayerState.
0x12C7E80,.text,,,,,ENTRY-OK,NO-RECORDED-NAME,0x12C7E80,+0x0,pdata-EXACT,119,0,,,bare,1,docs/lokiassetmanager-vtable-dump.md,,"0x12C7E80, 0x12C8430, 0x12C8580, 0x12C84D0, 0x12C83F0, 0x12C85B0, 0x12CB060,"
0x12C83F0,.text,,,,,ENTRY-OK,NO-RECORDED-NAME,0x12C83F0,+0x0,pdata-EXACT,55,0,,,bare,1,docs/lokiassetmanager-vtable-dump.md,,"0x12C7E80, 0x12C8430, 0x12C8580, 0x12C84D0, 0x12C83F0, 0x12C85B0, 0x12CB060,"
0x12C8430,.text,,,,,ENTRY-OK,NO-RECORDED-NAME,0x12C8430,+0x0,pdata-EXACT,138,0,,,bare,1,docs/lokiassetmanager-vtable-dump.md,,"0x12C7E80, 0x12C8430, 0x12C8580, 0x12C84D0, 0x12C83F0, 0x12C85B0, 0x12CB060,"
0x12C84D0,.text,,,,,ENTRY-OK,NO-RECORDED-NAME,0x12C84D0,+0x0,pdata-EXACT,94,0,,,bare,1,docs/lokiassetmanager-vtable-dump.md,,"0x12C7E80, 0x12C8430, 0x12C8580, 0x12C84D0, 0x12C83F0, 0x12C85B0, 0x12CB060,"
0x12C8580,.text,,,,,ENTRY-OK,NO-RECORDED-NAME,0x12C8580,+0x0,pdata-EXACT,42,0,,,bare,1,docs/lokiassetmanager-vtable-dump.md,,"0x12C7E80, 0x12C8430, 0x12C8580, 0x12C84D0, 0x12C83F0, 0x12C85B0, 0x12CB060,"
0x12C85B0,.text,,,,,ENTRY-OK,NO-RECORDED-NAME,0x12C85B0,+0x0,HIGH-heuristic,16,0,,,bare,1,docs/lokiassetmanager-vtable-dump.md,,"0x12C7E80, 0x12C8430, 0x12C8580, 0x12C84D0, 0x12C83F0, 0x12C85B0, 0x12CB060,"
0x12CB060,.text,,,,,ENTRY-OK,NO-RECORDED-NAME,0x12CB060,+0x0,pdata-EXACT,171,0,,,bare,1,docs/lokiassetmanager-vtable-dump.md,,"0x12C7E80, 0x12C8430, 0x12C8580, 0x12C84D0, 0x12C83F0, 0x12C85B0, 0x12CB060,"
0x12CB110,.text,,,,,ENTRY-OK,NO-RECORDED-NAME,0x12CB110,+0x0,pdata-EXACT,164,0,,,bare,1,docs/lokiassetmanager-vtable-dump.md,,"0x12CB110, 0x12CB310, 0x12C68B0, 0x12CC100"
0x12CB310,.text,,,,,ENTRY-OK,NO-RECORDED-NAME,0x12CB310,+0x0,HIGH-heuristic,16,0,,,bare,1,docs/lokiassetmanager-vtable-dump.md,,"0x12CB110, 0x12CB310, 0x12C68B0, 0x12CC100"
0x12CC100,.text,,Renaming an object (%s) on top of an existing object (%s) is,,LOW,ENTRY-OK,NO-RECORDED-NAME,0x12CC100,+0x0,pdata-EXACT,1033,3,"Cannot rename %s into Outer %s as it is not of type %s | Renaming an object (%s) on top of an existing object (%s) is not allow | Mismatch NumStructBasesInChainMinusOne: %d, NumParentStructBasesInChai","best string, score 56","bare,labeled",4,docs/lokiassetmanager-vtable-dump.md;git-log;memory/supervive-milestone3-trackb-status.md,,"0x12CB110, 0x12CB310, 0x12C68B0, 0x12CC100"
0x12D1B20,.text,,,,,ENTRY-OK,NO-RECORDED-NAME,0x12D1B20,+0x0,pdata-EXACT,99,0,,,bare,1,docs/lokiassetmanager-vtable-dump.md,,"- 0x12D1B20, 0x12D1B90, 0x12D3F90"
0x12D1B90,.text,,,,,ENTRY-OK,NO-RECORDED-NAME,0x12D1B90,+0x0,pdata-EXACT,261,0,,,bare,1,docs/lokiassetmanager-vtable-dump.md,,"- 0x12D1B20, 0x12D1B90, 0x12D3F90"
0x12D3F90,.text,,,,,ENTRY-OK,NO-RECORDED-NAME,0x12D3F90,+0x0,pdata-EXACT,341,0,,,bare,1,docs/lokiassetmanager-vtable-dump.md,,"- 0x12D1B20, 0x12D1B90, 0x12D3F90"
0x12EA210,.text,,,,,ENTRY-OK,NO-RECORDED-NAME,0x12EA210,+0x0,pdata-EXACT,339,0,,,labeled,1,docs/session-46-bp-hero-list-filter-FOUND.txt,,+0x562EA8B  hash the id (call +0x12EA210)
0x12F4230,.text,FPrimaryAssetId::ToString,,,,ENTRY-OK,NO-NAME-EVIDENCE,0x12F4230,+0x0,pdata-EXACT,86,0,,,"bare,labeled",18,CLAUDE.md;docs/session-46-bp-hero-list-filter-FOUND.txt;docs/session-83-84-summary.md;docs/session-83-passes-tier-grid-solved.txt;git-log;memory/MEMORY.md,FindVM;ToString;GetPrimaryAssetId,CatalogManager (r14+0x60) + the cookie-resolver +0x12F4230 and checks the CatalogEntry's asset.
0x1344150,.text,ProcessEvent,,,,ENTRY-OK,NO-NAME-EVIDENCE,0x1344150,+0x0,pdata-EXACT,48,0,,,anchored,1,docs/tutorial-playability-plan.md,,rbx=[rax+0x270] (vtable slot = ProcessEvent); call base+0x1344150; r8=&result; rdx=func; rcx=skill
0x1344E10,.text,,,,,ENTRY-OK,NO-RECORDED-NAME,0x1344E10,+0x0,pdata-EXACT,1665,0,,,labeled,1,docs/lokiassetmanager-vtable-dump.md,,- **Slot 78** at +0x1344E10: `40 55 56 57 41 54 41 55 41 56 41 57 48 81 EC 70` — also
0x13453A5,.text,UWorld,,,,INTERIOR,NO-NAME-EVIDENCE,0x1344E10,+0x595,pdata-EXACT,1665,0,,,bare,2,docs/session-81-disconnect-characterized.txt,UObject;ProcessInternal,+0x137A64F +0x1225FD6 +0x1221597 +0x13453A5  (UWorld/UObject tick +
0x13454A0,.text,ProcessInternal,,,,ENTRY-OK,NO-NAME-EVIDENCE,0x13454A0,+0x0,pdata-EXACT,241,0,,,"anchored,bare,labeled",24,docs/angelscript-core-gameplay.md;docs/angelscript-dropphase.md;docs/coverage-audit-s101.md;docs/next-session-prompt-s55.md;docs/next-session-prompt-s56.md;docs/next-session-prompt-s59.md,ExecuteConsoleCommand;GUObjectArray;FFrame,"primitive (`base+0x13454A0`, `UFunction.Func @ +0xE0`; see"
0x13455D0,.text,ProcessInternal,,,,INTERIOR,NO-NAME-EVIDENCE,0x13455A0,+0x30,pdata-EXACT,293,0,,,labeled,1,docs/tutorial-playability-plan.md,,(null read @rva 0x13455D0 = ProcessInternal) because it was called with an EMPTY param buffer. Game SURVIVED (VEH).
0x1345FB0,.text,FFrame::Step,,,,ENTRY-OK,NO-NAME-EVIDENCE,0x1345FB0,+0x0,HIGH-heuristic,48,0,,,anchored,1,docs/session-79-moonshot-plan.md,,"(`base+0x1345FB0`/`0x1345FE0` = FFrame::Step helpers), then:"
0x1345FE0,.text,StepExplicitProperty,,,,ENTRY-OK,NO-NAME-EVIDENCE,0x1345FE0,+0x0,MED-heuristic,96,0,,,"bare,labeled",4,docs/session-57-da-resolution.txt;docs/session-79-moonshot-plan.md;git-log;tools/sigbypass-mod/missions_nativecall_probe11.cpp,OutParms;CPF_OutParm;FFrame::Step,"OUT params. Disasm of StepExplicitProperty (@rva 0x1345FE0) shows: for a CPF_OutParm param (bt flags,0x8)"
0x13495DD,.text,GetAllActorsWithTag,,,,INTERIOR,NO-NAME-EVIDENCE,0x13495C0,+0x1D,HIGH-heuristic,80,0,,,labeled,1,memory/supervive-tutorial-launch-status.md,,event) → **FAULTED** (null-deref rva 0x13495DD reading GetAllActorsWithTag path markers that don't exist outside the real
0x137A64F,.text,UWorld,,,,INTERIOR,NO-NAME-EVIDENCE,0x137A630,+0x1F,pdata-EXACT,51,0,,,bare,2,docs/session-81-disconnect-characterized.txt,UObject;ProcessInternal,+0x137A64F +0x1225FD6 +0x1221597 +0x13453A5  (UWorld/UObject tick +
0x149D770,.text,RETs,,,,ENTRY-OK,NO-RECORDED-NAME,0x149D770,+0x0,HIGH-heuristic,16,0,,,"bare,labeled",20,docs/session-46-bp-hero-list-filter-FOUND.txt;docs/session-47-pickup.txt;git-log;memory/supervive-hero-roster-blocker.md;memory/supervive-passes-battlepass-status.md;tools/sigbypass-mod/catalog_probe.cpp,CatalogManager;TMap;GetHeroAssetFromPrimaryAssetId,+0x562EA51  call +0x149D770 (rcx=singleton) ; -> rsi = a CatalogManager SUB-OBJECT (a UObject that
0x1FB2800,.text,,,,LOW,INTERIOR,NO-RECORDED-NAME,0x1FB2720,+0xE0,pdata-EXACT,547,1,AssetDataGatherer: SetComplete(false) is called while bIsIdle=true.,no diagnostic string,labeled,1,docs/session-40-path-a3-partial.txt,,- Offset 0x38: 0x7FF68CA32800 (code addr mod-RVA 0x1FB2800 — a fn ptr)
0x1FD8DBE,.text,AssetRegistry,FAssetRegistry took %0.4f seconds to start up,,LOW,INTERIOR,AGREES,0x1FD8C80,+0x13E,pdata-EXACT,561,1,FAssetRegistry took %0.4f seconds to start up,"best string, score 56","bare,labeled",8,docs/lokiassetmanager-vtable-dump.md;docs/trackb-assetregistry-route.md;memory/supervive-hero-roster-blocker.md;memory/supervive-milestone3-trackb-status.md,FAssetRegistry,unique LEA @ +0x1FD8DBE (deep inside the timing-emit function).
0x1FF5113,.text,,Premade AssetRegistry loaded from '%s',,LOW,INTERIOR,NO-RECORDED-NAME,0x1FF5050,+0xC3,pdata-EXACT,244,2,Premade AssetRegistry path %s existed but failed to load. | Premade AssetRegistry loaded from '%s',"best string, score 56",bare,1,docs/lokiassetmanager-vtable-dump.md,,"+0x79D5B20, unique LEA @ +0x1FF5113. Function accesses `[rdi+0x38]` (file"
0x2000000,.text,NetValidate,,,,INTERIOR,NO-NAME-EVIDENCE,0x1FFFEE0,+0x120,pdata-EXACT,417,0,,,"bare,labeled",3,tools/re/offline_disasm.py;tools/re/ufunc_params.py;tools/sigbypass-mod/probe_r14.cpp,NetServer;NetClient,for(uintptr_t off=0x02000000; off<0x40000000; off+=0x02000000){
0x2036544,.text,,FChunkCacheWorker,,MED,INTERIOR,NO-RECORDED-NAME,0x2036350,+0x1F4,pdata-EXACT,744,1,FChunkCacheWorker,"rare identifier string, score 84",bare,1,tools/sigbypass-mod/main.cpp,,// +0x2036544..+0x2036559 before calling). If downstream signature verification
0x2036559,.text,,FChunkCacheWorker,,MED,INTERIOR,NO-RECORDED-NAME,0x2036350,+0x209,pdata-EXACT,744,1,FChunkCacheWorker,"rare identifier string, score 84",bare,1,tools/sigbypass-mod/main.cpp,,// +0x2036544..+0x2036559 before calling). If downstream signature verification
0x2036560,.text,FPakFile,FChunkCacheWorker,,MED,INTERIOR,DISAGREES,0x2036350,+0x210,pdata-EXACT,744,1,FChunkCacheWorker,"rare identifier string, score 84","bare,labeled",4,docs/trackb-assetregistry-route.md;git-log;memory/supervive-milestone3-trackb-status.md;tools/sigbypass-mod/main.cpp,,- Direct callers via `callxref`: +0x2036560 (FPakFile ctor) and +0x2056624.
0x203AE10,.text,,,,,ENTRY-OK,NO-RECORDED-NAME,0x203AE10,+0x0,pdata-EXACT,52,0,,,labeled,3,docs/trackb-assetregistry-route.md;git-log;memory/supervive-milestone3-trackb-status.md,,deleting destructor at +0x203AE10. Dtor frees exactly **0x268 (616) bytes**
0x2044430,.text,FindFiles,,,,ENTRY-OK,NO-NAME-EVIDENCE,0x2044430,+0x0,pdata-EXACT,15,0,,,"bare,labeled",3,docs/trackb-assetregistry-route.md;git-log;memory/supervive-milestone3-trackb-status.md,,"+0x2044430, then per-match emits ""Mounting pak file %s."" (the LEA at +0x20502D1"
0x2044473,.text,,SkipOptionalPakFiles,,MED,INTERIOR,NO-RECORDED-NAME,0x2044463,+0x10,pdata-EXACT,160,1,SkipOptionalPakFiles,"rare identifier string, score 84",anchored,1,memory/supervive-milestone3-trackb-status.md,,"[rcx+0x8] read (callstack: mod+0x2044473 inside the inner call, returning"
0x2047EE0,.text,FPakSignatureFile::Load,,,,ENTRY-OK,NO-NAME-EVIDENCE,0x2047EE0,+0x0,pdata-EXACT,194,0,,,"bare,labeled",24,docs/ignorance-map-s101.md;docs/trackb-assetregistry-route.md;docs/trackb-notes.md;git-log;memory/supervive-milestone3-trackb-status.md;tools/sigbypass-mod/main.cpp,GGameThreadId,"| IoStore signature bypass (""the patch lands ~50 ms too late; the packer commits `.text` on demand"") | 2026-07-02 | Predates the S55 native-call primitive, the S43/S77 transient-patch pattern, the S78"
0x204836D,.text,,Couldn't find pak signature file '%s',,LOW,INTERIOR,NO-RECORDED-NAME,0x204830C,+0x61,pdata-EXACT,265,1,Couldn't find pak signature file '%s',"best string, score 56",bare,4,docs/trackb-assetregistry-route.md;git-log;memory/supervive-milestone3-trackb-status.md;tools/sigbypass-mod/main.cpp,,- Unique LEA loading the log struct into `rdx` @ +0x204836D.
0x204979C,.text,FPakPlatformFile::Initialize,,,,INTERIOR,NO-NAME-EVIDENCE,0x2049720,+0x7C,pdata-EXACT,212,0,,,"bare,labeled",3,docs/trackb-assetregistry-route.md;git-log;memory/supervive-milestone3-trackb-status.md,,- **`+0x204979C` (NEW) — inside `FPakPlatformFile::Initialize` near the
0x204AAD0,.text,FPakPlatformFile::Initialize,FPakPlatformFile::Initialize,FPakPlatformFile,HIGH,ENTRY-OK,AGREES,0x204AAD0,+0x0,pdata-EXACT,3154,12,FPakPlatformFile::Initialize | RetirePakReaders | %sPaks/global.utoc | Initialized I/O dispatcher file backend. Mounted the global container: | Initialized I/O dispatcher file backend. Failed to mount the global co | Initializing PakPlatformFile,1/1 qualified-name refs,"bare,labeled",12,docs/trackb-assetregistry-route.md;git-log;memory/supervive-milestone3-trackb-status.md,PakPlatformFile,- `FPakPlatformFile::Initialize` entry: module-RVA **+0x204AAD0**. Verified
0x204B2E5,.text,FPakPlatformFile::Initialize,FPakPlatformFile::Initialize,FPakPlatformFile,HIGH,INTERIOR,AGREES,0x204AAD0,+0x815,pdata-EXACT,3154,12,FPakPlatformFile::Initialize | RetirePakReaders | %sPaks/global.utoc | Initialized I/O dispatcher file backend. Mounted the global container: | Initialized I/O dispatcher file backend. Failed to mount the global co | Initializing PakPlatformFile,1/1 qualified-name refs,"bare,labeled",4,docs/trackb-assetregistry-route.md;git-log;memory/supervive-milestone3-trackb-status.md,,"- **`+0x204B2E5` — inside `FPakPlatformFile::Initialize` (+0x204AAD0)**, at"
0x204E6F7,.text,,,,,INTERIOR,NO-RECORDED-NAME,0x204E5DA,+0x11D,pdata-EXACT,590,0,,,"bare,labeled",3,docs/trackb-assetregistry-route.md;git-log;memory/supervive-milestone3-trackb-status.md,,"- **`+0x204E6F7` (NEW) — unknown function, worth disasming.**"
0x204F130,.text,OnPakFileMounted2,"Deferring mount of pak ""%s"" until encryption key '%s' become",,LOW,ENTRY-OK,AGREES,0x204F130,+0x0,pdata-EXACT,531,1,"Deferring mount of pak ""%s"" until encryption key '%s' becomes availabl","best string, score 56","bare,labeled",8,docs/trackb-assetregistry-route.md;git-log;memory/supervive-milestone3-trackb-status.md,,"timing UE_LOG: **+0x204F130** — 9-register-save prologue, 0x478 frame,"
0x204FD1A,.text,OnPakFileMounted2Time,OnPakFileMounted2Time == %lf,,LOW,INTERIOR,AGREES,0x204FCE2,+0x38,pdata-EXACT,137,2,"Mounted Pak file '%s', mount point: '%s' | OnPakFileMounted2Time == %lf","best string, score 56",labeled,1,memory/supervive-milestone3-trackb-status.md,,- LEA loading the OnPakFileMounted2Time log struct: module-RVA 0x204FD1A (unique
0x204FFD0,.text,FPakPlatformFile::Mount,,,LOW,ENTRY-OK,NO-NAME-EVIDENCE,0x204FFD0,+0x0,pdata-EXACT,79,1,*.pak,no diagnostic string,"bare,labeled",15,docs/trackb-assetregistry-route.md;git-log;memory/supervive-milestone3-trackb-status.md;tools/sigbypass-mod/mount_shim.cpp,QueueUserAPC;FPakPlatformFile,- `FPakPlatformFile::Mount` wrapper (2-arg public API): **+0x204FFD0** —
0x204FFFC,.text,,,,LOW,INTERIOR,NO-RECORDED-NAME,0x204FFD0,+0x2C,pdata-EXACT,79,1,*.pak,no diagnostic string,bare,1,docs/trackb-assetregistry-route.md,,- `+0x204FFFC` (inside the dead wrapper above — never reached).
0x2050020,.text,FPakPlatformFile::Mount,,,,ENTRY-OK,NO-NAME-EVIDENCE,0x2050020,+0x0,pdata-EXACT,31,0,,,"bare,labeled",10,docs/trackb-assetregistry-route.md;git-log;memory/supervive-milestone3-trackb-status.md,FPakPlatformFile;FString,"- `FPakPlatformFile::Mount` impl (3-arg, full body): **+0x2050020** — MSVC"
0x2050085,.text,,,,LOW,INTERIOR,NO-RECORDED-NAME,0x2050048,+0x3D,pdata-EXACT,412,1,*.pak,no diagnostic string,anchored,2,git-log;memory/supervive-milestone3-trackb-status.md,,to mod+0x2050085 in Mount impl).
0x20500BE,.text,,,,LOW,INTERIOR,NO-RECORDED-NAME,0x2050048,+0x76,pdata-EXACT,412,1,*.pak,no diagnostic string,bare,1,memory/supervive-milestone3-trackb-status.md,,"(past +0x20500BE where we stopped), find the call site that follows the"
0x20502D1,.text,,Pak_Mount,,MED,INTERIOR,NO-RECORDED-NAME,0x20501E4,+0xED,pdata-EXACT,383,4,Pak_Mount | Found Pak file %s attempting to mount. | Pak file %s already exists. | Mounting pak file %s.,"rare identifier string, score 84","bare,labeled",4,docs/trackb-assetregistry-route.md;git-log;memory/supervive-milestone3-trackb-status.md,,"+0x2044430, then per-match emits ""Mounting pak file %s."" (the LEA at +0x20502D1"
0x205031E,.text,,Pak_Mount,,MED,INTERIOR,NO-RECORDED-NAME,0x20501E4,+0x13A,pdata-EXACT,383,4,Pak_Mount | Found Pak file %s attempting to mount. | Pak file %s already exists. | Mounting pak file %s.,"rare identifier string, score 84",bare,2,docs/trackb-assetregistry-route.md;memory/supervive-milestone3-trackb-status.md,,"- `+0x205031E` (inside Mount impl, expected)."
0x2055950,.text,,,,,ENTRY-OK,NO-RECORDED-NAME,0x2055950,+0x0,pdata-EXACT,34,0,,,"bare,labeled",5,docs/trackb-assetregistry-route.md;git-log;memory/supervive-milestone3-trackb-status.md,,- `+0x2055A5B` (inside the deferred-mount handler at +0x2055950).
0x2055A5B,.text,,"Registered encryption key '%s': %d pak files mounted, %d rem",,LOW,INTERIOR,NO-RECORDED-NAME,0x20559E1,+0x7A,pdata-EXACT,1964,3,"Successfully mounted deferred pak file '%s' | Failed to mount deferred pak file '%s' | Registered encryption key '%s': %d pak files mounted, %d remain pendin","best string, score 56",bare,2,docs/trackb-assetregistry-route.md;memory/supervive-milestone3-trackb-status.md,,- `+0x2055A5B` (inside the deferred-mount handler at +0x2055950).
0x2056536,.text,,NewTrimCache,,MED,INTERIOR,NO-RECORDED-NAME,0x2056524,+0x12,pdata-EXACT,377,4,CachePerPak | NewTrimCache | New pak file %s added to pak precacher. | PakCacheMaxBlockMemory=,"rare identifier string, score 84",bare,1,memory/supervive-milestone3-trackb-status.md,,"copied without bool gating). The conditional bytes near caller #2 (+0x2056536,"
0x2056547,.text,LEAs,NewTrimCache,,MED,INTERIOR,NO-RECORDED-NAME,0x2056524,+0x23,pdata-EXACT,377,4,CachePerPak | NewTrimCache | New pak file %s added to pak precacher. | PakCacheMaxBlockMemory=,"rare identifier string, score 84",labeled,3,docs/trackb-assetregistry-route.md;git-log;memory/supervive-milestone3-trackb-status.md,NewTrimCache;CachePerPak,(the LEAs at +0x2056547 and +0x2056569 load the `CachePerPak`/`NewTrimCache`
0x2056569,.text,NewTrimCache,NewTrimCache,,MED,INTERIOR,AGREES,0x2056524,+0x45,pdata-EXACT,377,4,CachePerPak | NewTrimCache | New pak file %s added to pak precacher. | PakCacheMaxBlockMemory=,"rare identifier string, score 84",bare,3,docs/trackb-assetregistry-route.md;git-log;memory/supervive-milestone3-trackb-status.md,CachePerPak;LEAs,(the LEAs at +0x2056547 and +0x2056569 load the `CachePerPak`/`NewTrimCache`
0x20565E7,.text,,NewTrimCache,,MED,INTERIOR,NO-RECORDED-NAME,0x2056524,+0xC3,pdata-EXACT,377,4,CachePerPak | NewTrimCache | New pak file %s added to pak precacher. | PakCacheMaxBlockMemory=,"rare identifier string, score 84",bare,1,memory/supervive-milestone3-trackb-status.md,,+0x20565E7) trace to **command-line parse-once sentinel + UE log-verbosity gate**
0x2056624,.text,FPakFile,NewTrimCache,,MED,INTERIOR,AGREES,0x2056524,+0x100,pdata-EXACT,377,4,CachePerPak | NewTrimCache | New pak file %s added to pak precacher. | PakCacheMaxBlockMemory=,"rare identifier string, score 84",bare,5,docs/trackb-assetregistry-route.md;git-log;memory/supervive-milestone3-trackb-status.md;tools/sigbypass-mod/main.cpp,,- Direct callers via `callxref`: +0x2036560 (FPakFile ctor) and +0x2056624.
0x2071C30,.text,FParty,,,,UNVERIFIABLE,n/a,,,,,0,,page 0x2071000 is all-zero in this dump (never decrypted),anchored,1,memory/supervive-avatar-render-status.md,,FParty broadcast fn base+0x2071C30; member loadout copy-assign base+0x477F650. The shim adds a
0x207D11D,.text,LVL_Login,,,,INTERIOR,NO-NAME-EVIDENCE,0x207D0F0,+0x2D,pdata-EXACT,103,0,,,bare,2,docs/session-42-step1-crash-confirmed.txt;memory/supervive-hero-roster-blocker.md,,CD25F035 (07-01 23:07)     | +0x207D11D | write 0x7ff68a1258d0      | LVL_Login
0x21BDCFE,.text,,,,,INTERIOR,NO-RECORDED-NAME,0x21BDCF0,+0xE,pdata-EXACT,62,0,,,bare,1,docs/session-40-path-a3-partial.txt,,- Continued disasm walking of the crash callers up +0x21BDCFE and beyond
0x26877C9,.text,SceneProxy,AddPrimitiveCommand,,MED,INTERIOR,DISAGREES,0x2687728,+0xA1,pdata-EXACT,516,1,AddPrimitiveCommand,"rare identifier string, score 72",anchored,1,docs/session-95-visible-hero-brainstorm.md,FRemovePrimitiveCommand;AddPrimitiveCommand,"**What to do.** Pick a component you can *see* on screen (island geometry, drop pod). Snapshot every qword in `[comp+0x100 .. comp+0x780]` via RPM; call `SetVisibility(false)` on it through the existi"
0x2687F35,.text,SceneProxy,AddPrimitiveCommand,,MED,INTERIOR,DISAGREES,0x2687E94,+0xA1,pdata-EXACT,510,1,AddPrimitiveCommand,"rare identifier string, score 72",anchored,1,docs/session-95-visible-hero-brainstorm.md,FRemovePrimitiveCommand;AddPrimitiveCommand,"**What to do.** Pick a component you can *see* on screen (island geometry, drop pod). Snapshot every qword in `[comp+0x100 .. comp+0x780]` via RPM; call `SetVisibility(false)` on it through the existi"
0x26889FE,.text,SceneProxy,FRemovePrimitiveCommand,,MED,INTERIOR,DISAGREES,0x26888AB,+0x153,pdata-EXACT,561,1,FRemovePrimitiveCommand,"rare identifier string, score 72",anchored,1,docs/session-95-visible-hero-brainstorm.md,FRemovePrimitiveCommand;AddPrimitiveCommand,"**What to do.** Pick a component you can *see* on screen (island geometry, drop pod). Snapshot every qword in `[comp+0x100 .. comp+0x780]` via RPM; call `SetVisibility(false)` on it through the existi"
0x2688DAE,.text,SceneProxy,FRemovePrimitiveCommand,,MED,INTERIOR,DISAGREES,0x2688C65,+0x149,pdata-EXACT,551,1,FRemovePrimitiveCommand,"rare identifier string, score 72",anchored,1,docs/session-95-visible-hero-brainstorm.md,FRemovePrimitiveCommand;AddPrimitiveCommand,"**What to do.** Pick a component you can *see* on screen (island geometry, drop pod). Snapshot every qword in `[comp+0x100 .. comp+0x780]` via RPM; call `SetVisibility(false)` on it through the existi"
0x2900000,.text,,,,,INTERIOR,NO-RECORDED-NAME,0x28FFFF0,+0x10,pdata-EXACT,46,0,,,labeled,1,docs/session-42-step2-crash-is-d3d12-cmdlist.txt,,"covers RVA 0x2900000-0x2B00000) with capstone, and read the referenced .rdata"
0x2949220,.text,,,,,UNVERIFIABLE,n/a,,,,,0,,page 0x2949000 is all-zero in this dump (never decrypted),labeled,1,docs/session-39-menu-crash.txt,,+0x2976FC4   call +0x2949220                      ; something returns rax
0x2960000,.text,RIPs,,,,UNVERIFIABLE,n/a,,,,,0,,page 0x2960000 is all-zero in this dump (never decrypted),bare,1,docs/session-42-step1-crash-confirmed.txt,,"The two RIPs are ~0x7A5F apart, both in the ~0x2960000-0x2980000 RHI/RDG code"
0x29676C0,.text,,,,,ENTRY-OK,NO-RECORDED-NAME,0x29676C0,+0x0,pdata-EXACT,995,0,,,"bare,labeled",7,docs/ghidra-install.md;docs/session-40-path-a1-D3D12-identified.txt;docs/session-40-path-a3-partial.txt;git-log,,- **Constructor**: RVA `0x29676C0`. Factory wrapper (allocates 0x3C90
0x2967700,.text,,,,,INTERIOR,NO-RECORDED-NAME,0x29676C0,+0x40,pdata-EXACT,995,0,,,labeled,1,docs/session-40-crash-site-partial.txt,,Constructor at +0x2967700 initializes:
0x29677C5,.text,,,,,INTERIOR,NO-RECORDED-NAME,0x29676C0,+0x105,pdata-EXACT,995,0,,,"bare,labeled",2,docs/session-40-crash-site-partial.txt;git-log,,TWO code sites (both class constructors: `+0x29677C5` and `+0x2969D84`).
0x2969D70,.text,,,,,ENTRY-OK,NO-RECORDED-NAME,0x2969D70,+0x0,pdata-EXACT,543,0,,,labeled,2,docs/session-40-crash-site-partial.txt;git-log,,The dtor at +0x296BD10 tail-calls the parent-class dtor at +0x2969D70 and
0x2969D84,.text,,,,,INTERIOR,NO-RECORDED-NAME,0x2969D70,+0x14,pdata-EXACT,543,0,,,"bare,labeled",2,docs/session-40-crash-site-partial.txt;git-log,,TWO code sites (both class constructors: `+0x29677C5` and `+0x2969D84`).
0x296BD10,.text,,,,,ENTRY-OK,NO-RECORDED-NAME,0x296BD10,+0x0,pdata-EXACT,52,0,,,"bare,labeled",7,docs/ghidra-install.md;docs/session-40-crash-site-partial.txt;git-log,,"(RVA `0x296BD10`), slot 1 is the crashing method (RVA `0x2976F70`)."
0x296BE80,.text,,,,,ENTRY-OK,NO-RECORDED-NAME,0x296BE80,+0x0,pdata-EXACT,52,0,,,labeled,2,docs/session-40-path-a1-D3D12-identified.txt;git-log,,Parent class DESTRUCTOR at RVA 0x296BE80:
0x296EE00,.text,,,,,ENTRY-OK,NO-RECORDED-NAME,0x296EE00,+0x0,pdata-EXACT,112,0,,,bare,1,docs/session-40-path-a3-partial.txt,,"- Slot 3 (+0x296EE00) resets state — memsets 0x300 bytes at +0x37C0,"
0x296F160,.text,,,,,ENTRY-OK,NO-RECORDED-NAME,0x296F160,+0x0,pdata-EXACT,54,0,,,bare,1,docs/session-40-path-a3-partial.txt,,- Slot 2 (+0x296F160) accesses `[this+0x3698]` (near end of object) and
0x296F2C0,.text,,<command-related>,,LOW,ENTRY-OK,NO-RECORDED-NAME,0x296F2C0,+0x0,pdata-EXACT,428,5,C:\TheoryCraft\build-staging\Engine\Source\Runtime\D3D12RHI\Private\D3 | C:\TheoryCraft\build-staging\Engine\Source\Runtime\D3D12RHI\Private\D3 | Interfaces.CopyCommandList->Close() | Interfaces.GraphicsCommandList->Close() | pSet->Close(),3 refs share token 'command',labeled,2,docs/session-40-dx11-test-negative.txt;git-log,,parent-slot-2 was at RVA 0x296F2C0. Only slot 2 (out of 12 primary
0x296F58B,.text,,,,,INTERIOR,NO-RECORDED-NAME,0x296F48C,+0xFF,pdata-EXACT,489,0,,,bare,1,docs/session-42-step2-crash-is-d3d12-cmdlist.txt,,"+0x296F58B: mov  r15d, [rdi+0x10]"
0x296F58F,.text,,,,,INTERIOR,NO-RECORDED-NAME,0x296F48C,+0x103,pdata-EXACT,489,0,,,bare,1,docs/session-42-step2-crash-is-d3d12-cmdlist.txt,,"+0x296F58F: xor  eax, eax"
0x296F591,.text,LobbyV2,,,,INTERIOR,NO-NAME-EVIDENCE,0x296F48C,+0x105,pdata-EXACT,489,0,,,"bare,labeled",11,docs/session-42-step1-crash-confirmed.txt;docs/session-42-step2-crash-is-d3d12-cmdlist.txt;git-log;memory/supervive-hero-roster-blocker.md,FRDGBuilder::Execute;D3D12Core,"- Registers: Rip = SUPERVIVE +0x296F591, Rbx = 0, Rax = 0. D3D12Core.dll +"
0x296F595,.text,,,,,INTERIOR,NO-RECORDED-NAME,0x296F48C,+0x109,pdata-EXACT,489,0,,,bare,1,docs/session-42-step2-crash-is-d3d12-cmdlist.txt,,"+0x296F595: lock cmpxchg [rcx], r12     ; atomic swap on the (null) object's ptr"
0x296F59A,.text,,,,,INTERIOR,NO-RECORDED-NAME,0x296F48C,+0x10E,pdata-EXACT,489,0,,,bare,1,docs/session-42-step2-crash-is-d3d12-cmdlist.txt,,"+0x296F59A: shr  rax, 0x1a              ; test bit 26 of old value (residency state)"
0x2976F70,.text,WinDbg,,,,ENTRY-OK,NO-NAME-EVIDENCE,0x2976F70,+0x0,pdata-EXACT,159,0,,,"anchored,bare,labeled",20,docs/ghidra-install.md;docs/session-39-menu-crash.txt;docs/session-40-D3D12-CONFIRMED.txt;docs/session-40-crash-site-partial.txt;docs/session-40-dx11-test-negative.txt;docs/session-40-nullrhi-conclusive.txt,FD3D12CommandContext::slot1;FD3D12CommandContext;RVAs,"(RVA `0x296BD10`), slot 1 is the crashing method (RVA `0x2976F70`)."
0x2976F7F,.text,,,,,INTERIOR,NO-RECORDED-NAME,0x2976F70,+0xF,pdata-EXACT,159,0,,,bare,1,docs/session-39-menu-crash.txt,,"+0x2976F7F   mov rax, qword ptr [rcx+0xb0]       ; this->m_field_0xb0"
0x2976F86,.text,,,,,INTERIOR,NO-RECORDED-NAME,0x2976F70,+0x16,pdata-EXACT,159,0,,,bare,1,docs/session-39-menu-crash.txt,,"+0x2976F86   mov rbx, rcx"
0x2976F89,.text,,,,,INTERIOR,NO-RECORDED-NAME,0x2976F70,+0x19,pdata-EXACT,159,0,,,bare,1,docs/session-39-menu-crash.txt,,"+0x2976F89   test rax, rax"
0x2976F8C,.text,,,,,INTERIOR,NO-RECORDED-NAME,0x2976F70,+0x1C,pdata-EXACT,159,0,,,bare,1,docs/session-39-menu-crash.txt,,"+0x2976F8C   jnz +0x2976FA1                       ; if already-set, skip lazy-init"
0x2976F8E,.text,,,,,INTERIOR,NO-RECORDED-NAME,0x2976F70,+0x1E,pdata-EXACT,159,0,,,bare,1,docs/session-39-menu-crash.txt,,"+0x2976F8E   mov edx, dword ptr [rcx+0x10]        ; arg2 = this->0x10 (int32)"
0x2976F91,.text,,,,,INTERIOR,NO-RECORDED-NAME,0x2976F70,+0x21,pdata-EXACT,159,0,,,bare,1,docs/session-39-menu-crash.txt,,"+0x2976F91   mov rcx, qword ptr [rcx+0x8]         ; arg1 = this->0x8 (pointer)"
0x2976F95,.text,,,,,INTERIOR,NO-RECORDED-NAME,0x2976F70,+0x25,pdata-EXACT,159,0,,,"bare,labeled",1,docs/session-39-menu-crash.txt,,+0x2976F95   call +0x2976F95+5+0x2A366 = +0x2999EFF ; helper
0x2976FA1,.text,,,,,INTERIOR,NO-RECORDED-NAME,0x2976F70,+0x31,pdata-EXACT,159,0,,,bare,2,docs/session-39-menu-crash.txt,,"+0x2976F8C   jnz +0x2976FA1                       ; if already-set, skip lazy-init"
0x2976FC4,.text,,,,,INTERIOR,NO-RECORDED-NAME,0x2976F70,+0x54,pdata-EXACT,159,0,,,bare,1,docs/session-39-menu-crash.txt,,+0x2976FC4   call +0x2949220                      ; something returns rax
0x2976FC9,.text,,,,,INTERIOR,NO-RECORDED-NAME,0x2976F70,+0x59,pdata-EXACT,159,0,,,bare,1,docs/session-39-menu-crash.txt,,"+0x2976FC9   movsxd rsi, dword ptr [rax+0x58]     ; rsi = rax->count_at_0x58"
0x2976FCD,.text,,,,,INTERIOR,NO-RECORDED-NAME,0x2976F70,+0x5D,pdata-EXACT,159,0,,,bare,1,docs/session-39-menu-crash.txt,,"+0x2976FCD   lea rdi, ptr [rax+0x50]              ; rdi = &(rax->array_at_0x50)"
0x2976FD1,.text,,,,,INTERIOR,NO-RECORDED-NAME,0x2976F70,+0x61,pdata-EXACT,159,0,,,bare,1,docs/session-39-menu-crash.txt,,"+0x2976FD1   lea eax, ptr [rsi+0x1]               ; new size"
0x2976FD4,.text,,,,,INTERIOR,NO-RECORDED-NAME,0x2976F70,+0x64,pdata-EXACT,159,0,,,bare,1,docs/session-39-menu-crash.txt,,"+0x2976FD4   mov dword ptr [rdi+0x8], eax         ; array.Num = new size"
0x2976FD7,.text,,,,,INTERIOR,NO-RECORDED-NAME,0x2976F70,+0x67,pdata-EXACT,159,0,,,bare,1,docs/session-39-menu-crash.txt,,"+0x2976FD7   cmp eax, dword ptr [rdi+0xc]         ; new size vs array.Max"
0x2976FDA,.text,,,,,INTERIOR,NO-RECORDED-NAME,0x2976F70,+0x6A,pdata-EXACT,159,0,,,bare,1,docs/session-39-menu-crash.txt,,"+0x2976FDA   jbe +0x2976FE6                        ; if Num <= Max, skip Grow"
0x2976FDC,.text,,,,,INTERIOR,NO-RECORDED-NAME,0x2976F70,+0x6C,pdata-EXACT,159,0,,,bare,1,docs/session-39-menu-crash.txt,,"+0x2976FDC   mov edx, esi                         ; arg2 = old size"
0x2976FDE,.text,,,,,INTERIOR,NO-RECORDED-NAME,0x2976F70,+0x6E,pdata-EXACT,159,0,,,bare,1,docs/session-39-menu-crash.txt,,"+0x2976FDE   mov rcx, rdi                         ; arg1 = &array"
0x2976FE1,.text,TArray,,,,INTERIOR,NO-RECORDED-NAME,0x2976F70,+0x71,pdata-EXACT,159,0,,,bare,1,docs/session-39-menu-crash.txt,,+0x2976FE1   call +0x2138F0                       ; TArray Grow helper
0x2976FE6,.text,GetData,,,,INTERIOR,NO-RECORDED-NAME,0x2976F70,+0x76,pdata-EXACT,159,0,,,bare,2,docs/session-39-menu-crash.txt,,"+0x2976FDA   jbe +0x2976FE6                        ; if Num <= Max, skip Grow"
0x2976FE9,.text,,,,,INTERIOR,NO-RECORDED-NAME,0x2976F70,+0x79,pdata-EXACT,159,0,,,bare,1,docs/session-39-menu-crash.txt,,"+0x2976FE9   mov rax, qword ptr [rbx+0xa8]        ; rax = this->m_field_0xa8"
0x2976FF0,.text,TArray::Add,,,,INTERIOR,NO-NAME-EVIDENCE,0x2976F70,+0x80,pdata-EXACT,159,0,,,"anchored,bare,labeled",23,docs/dedicated-server-stub.md;docs/ghidra-install.md;docs/next-session-prompt-s41.md;docs/next-session-prompt-s42.md;docs/next-session-prompt-s45.md;docs/session-39-menu-crash.txt,FD3D12CommandContext,At SUPERVIVE-Win64-Shipping.exe `+0x2976FF0`. `usmapdump.exe disasm` shows
0x2977010,.text,,,,,ENTRY-OK,NO-RECORDED-NAME,0x2977010,+0x0,pdata-EXACT,148,0,,,labeled,2,docs/session-40-path-a1-D3D12-identified.txt;git-log,,Parent's slot 1 (RVA 0x2977010) is IDENTICAL to our slot 1 — our class
0x2980000,.text,RIPs,<command-related>,,LOW,INTERIOR,NO-RECORDED-NAME,0x297FF20,+0xE0,pdata-EXACT,516,5,"C:\TheoryCraft\build-staging\Engine\Source\Runtime\D3D12RHI\Private\D3 | C:\TheoryCraft\build-staging\Engine\Source\Runtime\D3D12RHI\Private\D3 | Interfaces.CopyCommandList->Reset(*NewCommandAllocator, nullptr) | Interfaces.GraphicsCommandList->Reset(*NewCommandAllocator, nullptr) | pSet->Open()",3 refs share token 'command',bare,1,docs/session-42-step1-crash-confirmed.txt,,"The two RIPs are ~0x7A5F apart, both in the ~0x2960000-0x2980000 RHI/RDG code"
0x2980F07,.text,,,,,INTERIOR,NO-RECORDED-NAME,0x2980C70,+0x297,pdata-EXACT,1003,0,,,anchored,1,docs/session-40-minidump-correction.txt,,[rsp+0x138]  SUPERVIVE.exe + 0x2980F07
0x2981434,.text,,,,,INTERIOR,NO-RECORDED-NAME,0x2981411,+0x23,pdata-EXACT,162,0,,,anchored,1,docs/session-40-minidump-correction.txt,,[rsp+0x238]  SUPERVIVE.exe + 0x2981434
0x29838BE,.text,RVAs,Unsupported resource dimension %d,,LOW,INTERIOR,NO-RECORDED-NAME,0x2983840,+0x7E,pdata-EXACT,131,1,Unsupported resource dimension %d,"best string, score 44","anchored,bare",7,docs/dedicated-server-stub.md;docs/ghidra-install.md;docs/session-39-menu-crash.txt;docs/session-40-minidump-correction.txt;git-log,,"(`+0x2984F45`, `+0x2983C27`, `+0x29838BE`, `+0x29CCD3E`). Then feed it"
0x2983C27,.text,RVAs,,,,INTERIOR,NO-RECORDED-NAME,0x2983C00,+0x27,pdata-EXACT,103,0,,,"anchored,bare",7,docs/dedicated-server-stub.md;docs/ghidra-install.md;docs/session-39-menu-crash.txt;docs/session-40-minidump-correction.txt;git-log,,"(`+0x2984F45`, `+0x2983C27`, `+0x29838BE`, `+0x29CCD3E`). Then feed it"
0x2984F45,.text,RVAs,,,,INTERIOR,NO-RECORDED-NAME,0x2984F20,+0x25,pdata-EXACT,212,0,,,"anchored,bare",7,docs/dedicated-server-stub.md;docs/ghidra-install.md;docs/session-39-menu-crash.txt;docs/session-40-minidump-correction.txt;git-log,,"(`+0x2984F45`, `+0x2983C27`, `+0x29838BE`, `+0x29CCD3E`). Then feed it"
0x2999EFF,.text,,,,,INTERIOR,NO-RECORDED-NAME,0x2999C06,+0x2F9,pdata-EXACT,1284,0,,,bare,1,docs/session-39-menu-crash.txt,,+0x2976F95   call +0x2976F95+5+0x2A366 = +0x2999EFF ; helper
0x29BBBC9,.text,JMPs,,,,INTERIOR,NO-RECORDED-NAME,0x29BBAB0,+0x119,HIGH-heuristic,288,0,,,"bare,labeled",5,docs/ghidra-install.md;docs/session-40-path-a3-partial.txt;git-log,FMemory::Malloc,"bytes via FMemory::Malloc, tail-JMPs to ctor) at RVA `0x29BBBC9`."
0x29CCD3E,.text,RVAs,,,,INTERIOR,NO-RECORDED-NAME,0x29CCCD0,+0x6E,pdata-EXACT,604,0,,,"anchored,bare",8,docs/dedicated-server-stub.md;docs/ghidra-install.md;docs/session-39-menu-crash.txt;docs/session-40-crash-site-partial.txt;docs/session-40-minidump-correction.txt;git-log,,"(`+0x2984F45`, `+0x2983C27`, `+0x29838BE`, `+0x29CCD3E`). Then feed it"
0x29E9950,.text,FD3D12CommandList::Close,D3D12Util.VerifyD3D12Result,,LOW,ENTRY-OK,NO-NAME-EVIDENCE,0x29E9950,+0x0,pdata-EXACT,752,1,D3D12Util.VerifyD3D12Result,"best string, score 40",labeled,1,docs/session-42-step2-crash-is-d3d12-cmdlist.txt,,(call 0x29e9950). The function is FD3D12CommandList::Close() (closes the
0x2B00000,.text,,,,,INTERIOR,NO-RECORDED-NAME,0x2AFFFC0,+0x40,pdata-EXACT,70,0,,,bare,1,docs/session-42-step2-crash-is-d3d12-cmdlist.txt,,"covers RVA 0x2900000-0x2B00000) with capstone, and read the referenced .rdata"
0x3071C30,.text,TMaps,,,,ENTRY-OK,NO-NAME-EVIDENCE,0x3071C30,+0x0,MED-heuristic,16,0,,,"bare,labeled",6,docs/session-82-passes-battlepass-shim.txt;docs/session-83-passes-tier-grid-solved.txt;memory/supervive-passes-battlepass-status.md,FStrings;TArrays;LokiOperation,BPIM+0x50 = Version;  Broadcast BPIM+0x30 delegate (0x3071C30)  => ViewManager builds VMs;
0x32BCB70,.text,FMemory::Free,,,,ENTRY-OK,NO-NAME-EVIDENCE,0x32BCB70,+0x0,pdata-EXACT,155,0,,,labeled,3,docs/dedicated-server-stub.md;git-log;memory/supervive-hero-roster-blocker.md,GMalloc,"address, Browse calls a function at mod-RVA 0x32BCB70. That function is"
0x3383236,.text,,,,,INTERIOR,NO-RECORDED-NAME,0x33831A0,+0x96,pdata-EXACT,166,0,,,bare,1,docs/session-81-disconnect-characterized.txt,,+0x33AAE10 +0x33962F2 +0x3396280 +0x33A3D31 +0x338C9FE +0x3383236  (0x33x =
0x338C990,.text,LokiPlayerState,,,,ENTRY-OK,NO-NAME-EVIDENCE,0x338C990,+0x0,pdata-EXACT,136,0,,,"anchored,bare,labeled",8,docs/tutorial-playability-plan.md;tools/sigbypass-mod/tutorial_launch.cpp,RawCall1;PlayerState,call base+0x338C990  (rcx=skill)   -> if NULL: FAIL          ; context / world-or-owner lookup
0x338C9FE,.text,,,,,INTERIOR,NO-RECORDED-NAME,0x338C990,+0x6E,pdata-EXACT,136,0,,,bare,2,docs/session-81-disconnect-characterized.txt,,+0x33AAE10 +0x33962F2 +0x3396280 +0x33A3D31 +0x338C9FE +0x3383236  (0x33x =
0x3396280,.text,,,,,ENTRY-OK,NO-RECORDED-NAME,0x3396280,+0x0,pdata-EXACT,42,0,,,bare,2,docs/session-81-disconnect-characterized.txt,,+0x33AAE10 +0x33962F2 +0x3396280 +0x33A3D31 +0x338C9FE +0x3383236  (0x33x =
0x33962F2,.text,,,,,INTERIOR,NO-RECORDED-NAME,0x33962AA,+0x48,pdata-EXACT,77,0,,,bare,2,docs/session-81-disconnect-characterized.txt,,+0x33AAE10 +0x33962F2 +0x3396280 +0x33A3D31 +0x338C9FE +0x3383236  (0x33x =
0x33A3D31,.text,,,,,INTERIOR,NO-RECORDED-NAME,0x33A3CF0,+0x41,pdata-EXACT,76,0,,,bare,2,docs/session-81-disconnect-characterized.txt,,+0x33AAE10 +0x33962F2 +0x3396280 +0x33A3D31 +0x338C9FE +0x3383236  (0x33x =
0x33AAE10,.text,,AActor::K2_GetActorLocation,AActor,EXACT,ENTRY-OK,NO-RECORDED-NAME,,,,,0,K2_GetActorLocation,UE reflection exec_thunk; name verified via FFunctionParams,bare,1,docs/session-81-disconnect-characterized.txt,,+0x33AAE10 +0x33962F2 +0x3396280 +0x33A3D31 +0x338C9FE +0x3383236  (0x33x =
0x34AA5D0,.text,,,,,ENTRY-OK,NO-RECORDED-NAME,0x34AA5D0,+0x0,pdata-EXACT,365,0,,,bare,2,docs/lokiassetmanager-vtable-dump.md;docs/session-42-step5-runtime-assetmgr-anchored.txt,,"- 0x34BB130 (123), 0x34BAFF0 (124), 0x34B7CC0 (125), 0x34AA5D0 (126), 0x34AA740 (127)"
0x34AA740,.text,,,,,ENTRY-OK,NO-RECORDED-NAME,0x34AA740,+0x0,pdata-EXACT,15,0,,,bare,1,docs/lokiassetmanager-vtable-dump.md,,"- 0x34BB130 (123), 0x34BAFF0 (124), 0x34B7CC0 (125), 0x34AA5D0 (126), 0x34AA740 (127)"
0x34AB430,.text,,AddAssetSearchRoot called twice with path %s!,,LOW,ENTRY-OK,NO-RECORDED-NAME,0x34AB430,+0x0,pdata-EXACT,526,1,AddAssetSearchRoot called twice with path %s!,"best string, score 56",bare,1,docs/lokiassetmanager-vtable-dump.md,,"- 0x34CA500 (95), 0x34C35C0 (96), 0x34B6FC0 (97), 0x34AB430 (98)"
0x34AB870,.text,LokiAssetManager::AddDynamicAsset,AddDynamicAsset on %s called with conflicting path. Path %s ,,LOW,ENTRY-OK,AGREES,0x34AB870,+0x0,pdata-EXACT,1520,1,AddDynamicAsset on %s called with conflicting path. Path %s is replaci,"best string, score 56","bare,labeled",9,docs/lokiassetmanager-vtable-dump.md;git-log;memory/supervive-hero-roster-blocker.md,LokiAssetManager;UClass;TMap,- 0x34AB870 (94)
0x34AB897,.text,PrimaryAssetType,AddDynamicAsset on %s called with conflicting path. Path %s ,,LOW,INTERIOR,AGREES,0x34AB870,+0x27,pdata-EXACT,1520,1,AddDynamicAsset on %s called with conflicting path. Path %s is replaci,"best string, score 56",bare,2,docs/lokiassetmanager-vtable-dump.md;git-log,,"+0x34AB897  mov rbx, qword ptr [rdx]      ; read PrimaryAssetType FName (8 bytes)"
0x34AB8AD,.text,,AddDynamicAsset on %s called with conflicting path. Path %s ,,LOW,INTERIOR,NO-RECORDED-NAME,0x34AB870,+0x3D,pdata-EXACT,1520,1,AddDynamicAsset on %s called with conflicting path. Path %s is replaci,"best string, score 56",bare,1,docs/lokiassetmanager-vtable-dump.md,,"+0x34AB8AD  cmp rbx, rcx                  ; rcx=0 — ensure Type FName non-zero"
0x34AB8B6,.text,PrimaryAssetName,AddDynamicAsset on %s called with conflicting path. Path %s ,,LOW,INTERIOR,AGREES,0x34AB870,+0x46,pdata-EXACT,1520,1,AddDynamicAsset on %s called with conflicting path. Path %s is replaci,"best string, score 56",bare,2,docs/lokiassetmanager-vtable-dump.md;git-log,,"+0x34AB8B6  mov rax, qword ptr [rdx+0x8]  ; read PrimaryAssetName FName (8 bytes)"
0x34AB8BF,.text,,AddDynamicAsset on %s called with conflicting path. Path %s ,,LOW,INTERIOR,NO-RECORDED-NAME,0x34AB870,+0x4F,pdata-EXACT,1520,1,AddDynamicAsset on %s called with conflicting path. Path %s is replaci,"best string, score 56",bare,1,docs/lokiassetmanager-vtable-dump.md,,"+0x34AB8BF  cmp rax, rcx                  ; ensure Name FName non-zero"
0x34ABCC9,.text,,AddDynamicAsset on %s called with conflicting path. Path %s ,,LOW,INTERIOR,NO-RECORDED-NAME,0x34AB870,+0x459,pdata-EXACT,1520,1,AddDynamicAsset on %s called with conflicting path. Path %s is replaci,"best string, score 56","bare,labeled",4,docs/lokiassetmanager-vtable-dump.md;git-log;memory/supervive-hero-roster-blocker.md,,→ exactly ONE LEA targeting the log-record at mod-RVA **+0x34ABCC9**
0x34AF140,.text,,,,,ENTRY-OK,NO-RECORDED-NAME,0x34AF140,+0x0,pdata-EXACT,339,0,,,bare,1,docs/lokiassetmanager-vtable-dump.md,,"- 0x34AF2A0 (119), 0x34AF140 (120), 0x34C8760 (121), 0x34C4A90 (122)"
0x34AF2A0,.text,ChangeBundleStateForPrimaryAssets,%s CreateCombinedHandle,,LOW,ENTRY-OK,AGREES,0x34AF2A0,+0x0,pdata-EXACT,6462,3,ChangeBundleStateForPrimaryAssets: No assets for bundle %s::%s | %s CreateCombinedHandle | ChangeBundleStateForPrimaryAssets failed to find NameData,"best string, score 56","bare,labeled",9,docs/lokiassetmanager-vtable-dump.md;docs/next-session-prompt-s45.md;docs/session-44-grid-datapath-SOLVED-crash-is-the-wall.txt;docs/session-46-bp-hero-list-filter-FOUND.txt;docs/session-47-pickup.txt;docs/session-47-tile-widget-FOUND.txt,AssetMap;AssetTypeMap;ClientGlobal,"- 0x34AF2A0 (119), 0x34AF140 (120), 0x34C8760 (121), 0x34C4A90 (122)"
0x34B6FC0,.text,,,,,ENTRY-OK,NO-RECORDED-NAME,0x34B6FC0,+0x0,pdata-EXACT,57,0,,,"bare,labeled",2,docs/lokiassetmanager-vtable-dump.md,,"- 0x34CA500 (95), 0x34C35C0 (96), 0x34B6FC0 (97), 0x34AB430 (98)"
0x34B7CC0,.text,,,,,ENTRY-OK,NO-RECORDED-NAME,0x34B7CC0,+0x0,pdata-EXACT,81,0,,,bare,1,docs/lokiassetmanager-vtable-dump.md,,"- 0x34BB130 (123), 0x34BAFF0 (124), 0x34B7CC0 (125), 0x34AA5D0 (126), 0x34AA740 (127)"
0x34BAEF0,.text,UAssetManager::Get,Cannot use AssetManager if no AssetManagerClassName is defin,,LOW,ENTRY-OK,AGREES,0x34BAEF0,+0x0,pdata-EXACT,55,1,Cannot use AssetManager if no AssetManagerClassName is defined!,"best string, score 40","anchored,bare,labeled",5,docs/session-57-da-resolution.txt;git-log;memory/supervive-missions-page-status.md,AssetManager_vtable;UAssetManager;ScanPathsForPrimaryAssets,"**UAssetManager::Get() @ rva 0x34BAEF0** (returns the singleton in rax), then a VIRTUAL call"
0x34BAFF0,.text,,,,,ENTRY-OK,NO-RECORDED-NAME,0x34BAFF0,+0x0,pdata-EXACT,96,0,,,bare,1,docs/lokiassetmanager-vtable-dump.md,,"- 0x34BB130 (123), 0x34BAFF0 (124), 0x34B7CC0 (125), 0x34AA5D0 (126), 0x34AA740 (127)"
0x34BB130,.text,,,,,ENTRY-OK,NO-RECORDED-NAME,0x34BB130,+0x0,pdata-EXACT,178,0,,,bare,1,docs/lokiassetmanager-vtable-dump.md,,"- 0x34BB130 (123), 0x34BAFF0 (124), 0x34B7CC0 (125), 0x34AA5D0 (126), 0x34AA740 (127)"
0x34BE5E0,.text,,,,,ENTRY-OK,NO-RECORDED-NAME,0x34BE5E0,+0x0,pdata-EXACT,325,0,,,bare,1,docs/lokiassetmanager-vtable-dump.md,,"- 0x34BE5E0 (99), 0x34BE730 (100), 0x34BFB50 (101), 0x34BFBE0 (102), 0x34BFF20 (103),"
0x34BE730,.text,,,,LOW,ENTRY-OK,NO-RECORDED-NAME,0x34BE730,+0x0,pdata-EXACT,277,1,AssetRegistry,no diagnostic string,bare,1,docs/lokiassetmanager-vtable-dump.md,,"- 0x34BE5E0 (99), 0x34BE730 (100), 0x34BFB50 (101), 0x34BFBE0 (102), 0x34BFF20 (103),"
0x34BEBB0,.text,,,,,ENTRY-OK,NO-RECORDED-NAME,0x34BEBB0,+0x0,pdata-EXACT,84,0,,,bare,1,docs/lokiassetmanager-vtable-dump.md,,"0x34BEBB0 (109), 0x34BF320 (110)"
0x34BEC10,.text,,,,,ENTRY-OK,NO-RECORDED-NAME,0x34BEC10,+0x0,pdata-EXACT,200,0,,,bare,1,docs/lokiassetmanager-vtable-dump.md,,"0x34BFF80 (104), 0x34BEC10 (105), 0x34BF2B0 (106), 0x34BEF00 (107), 0x34BECE0 (108),"
0x34BECE0,.text,,,,LOW,ENTRY-OK,NO-RECORDED-NAME,0x34BECE0,+0x0,pdata-EXACT,535,2,%s.%s_C | %s.%s,no diagnostic string,bare,1,docs/lokiassetmanager-vtable-dump.md,,"0x34BFF80 (104), 0x34BEC10 (105), 0x34BF2B0 (106), 0x34BEF00 (107), 0x34BECE0 (108),"
0x34BEF00,.text,,,,,ENTRY-OK,NO-RECORDED-NAME,0x34BEF00,+0x0,pdata-EXACT,941,0,,,bare,1,docs/lokiassetmanager-vtable-dump.md,,"0x34BFF80 (104), 0x34BEC10 (105), 0x34BF2B0 (106), 0x34BEF00 (107), 0x34BECE0 (108),"
0x34BF2B0,.text,,,,,ENTRY-OK,NO-RECORDED-NAME,0x34BF2B0,+0x0,pdata-EXACT,109,0,,,bare,1,docs/lokiassetmanager-vtable-dump.md,,"0x34BFF80 (104), 0x34BEC10 (105), 0x34BF2B0 (106), 0x34BEF00 (107), 0x34BECE0 (108),"
0x34BF320,.text,GetPrimaryAssetIdList,,,,ENTRY-OK,NO-NAME-EVIDENCE,0x34BF320,+0x0,pdata-EXACT,184,0,,,"bare,labeled",5,docs/lokiassetmanager-vtable-dump.md;docs/next-session-prompt-s45.md;docs/session-44-grid-datapath-SOLVED-crash-is-the-wall.txt;docs/session-46-pickup.txt;docs/session-47-pickup.txt,ScanPathsForPrimaryAssets;ChangeBundleStateForPrimaryAssets,"0x34BEBB0 (109), 0x34BF320 (110)"
0x34BFB50,.text,GetPrimaryAssetObject,,,,ENTRY-OK,NO-NAME-EVIDENCE,0x34BFB50,+0x0,pdata-EXACT,45,0,,,"bare,labeled",3,docs/lokiassetmanager-vtable-dump.md;docs/next-session-prompt-s45.md;docs/session-44-grid-datapath-SOLVED-crash-is-the-wall.txt,GetPrimaryAssetPath,"- 0x34BE5E0 (99), 0x34BE730 (100), 0x34BFB50 (101), 0x34BFBE0 (102), 0x34BFF20 (103),"
0x34BFBE0,.text,,,,,ENTRY-OK,NO-RECORDED-NAME,0x34BFBE0,+0x0,pdata-EXACT,197,0,,,bare,1,docs/lokiassetmanager-vtable-dump.md,,"- 0x34BE5E0 (99), 0x34BE730 (100), 0x34BFB50 (101), 0x34BFBE0 (102), 0x34BFF20 (103),"
0x34BFF20,.text,GetPrimaryAssetPath,,,,ENTRY-OK,NO-NAME-EVIDENCE,0x34BFF20,+0x0,pdata-EXACT,87,0,,,"bare,labeled",3,docs/lokiassetmanager-vtable-dump.md;docs/next-session-prompt-s45.md;docs/session-44-grid-datapath-SOLVED-crash-is-the-wall.txt,GetPrimaryAssetObject,"- 0x34BE5E0 (99), 0x34BE730 (100), 0x34BFB50 (101), 0x34BFBE0 (102), 0x34BFF20 (103),"
0x34BFF80,.text,,,,,ENTRY-OK,NO-RECORDED-NAME,0x34BFF80,+0x0,pdata-EXACT,142,0,,,bare,1,docs/lokiassetmanager-vtable-dump.md,,"0x34BFF80 (104), 0x34BEC10 (105), 0x34BF2B0 (106), 0x34BEF00 (107), 0x34BECE0 (108),"
0x34C0420,.text,,,,,ENTRY-OK,NO-RECORDED-NAME,0x34C0420,+0x0,pdata-EXACT,202,0,,,bare,1,docs/lokiassetmanager-vtable-dump.md,,"- 0x34C0420 (111), 0x34C04F0 (112), 0x34C50E0 (113), 0x34C4FD0 (114), 0x34C51A0 (115)"
0x34C04F0,.text,,,,,ENTRY-OK,NO-RECORDED-NAME,0x34C04F0,+0x0,pdata-EXACT,256,0,,,bare,1,docs/lokiassetmanager-vtable-dump.md,,"- 0x34C0420 (111), 0x34C04F0 (112), 0x34C50E0 (113), 0x34C4FD0 (114), 0x34C51A0 (115)"
0x34C35C0,.text,,,,,ENTRY-OK,NO-RECORDED-NAME,0x34C35C0,+0x0,HIGH-heuristic,16,0,,,bare,1,docs/lokiassetmanager-vtable-dump.md,,"- 0x34CA500 (95), 0x34C35C0 (96), 0x34B6FC0 (97), 0x34AB430 (98)"
0x34C4A90,.text,,"Failure loading %s, Required chunk %d does not exist!",,LOW,ENTRY-OK,NO-RECORDED-NAME,0x34C4A90,+0x0,pdata-EXACT,282,1,"Failure loading %s, Required chunk %d does not exist!","best string, score 56",bare,1,docs/lokiassetmanager-vtable-dump.md,,"- 0x34AF2A0 (119), 0x34AF140 (120), 0x34C8760 (121), 0x34C4A90 (122)"
0x34C4FD0,.text,,,,,ENTRY-OK,NO-RECORDED-NAME,0x34C4FD0,+0x0,pdata-EXACT,267,0,,,bare,1,docs/lokiassetmanager-vtable-dump.md,,"- 0x34C0420 (111), 0x34C04F0 (112), 0x34C50E0 (113), 0x34C4FD0 (114), 0x34C51A0 (115)"
0x34C50E0,.text,,,,,ENTRY-OK,NO-RECORDED-NAME,0x34C50E0,+0x0,pdata-EXACT,191,0,,,bare,1,docs/lokiassetmanager-vtable-dump.md,,"- 0x34C0420 (111), 0x34C04F0 (112), 0x34C50E0 (113), 0x34C4FD0 (114), 0x34C51A0 (115)"
0x34C51A0,.text,,,,,ENTRY-OK,NO-RECORDED-NAME,0x34C51A0,+0x0,pdata-EXACT,248,0,,,bare,1,docs/lokiassetmanager-vtable-dump.md,,"- 0x34C0420 (111), 0x34C04F0 (112), 0x34C50E0 (113), 0x34C4FD0 (114), 0x34C51A0 (115)"
0x34C8760,.text,,Requested preload of some Primary Assets failed: %s,,LOW,ENTRY-OK,NO-RECORDED-NAME,0x34C8760,+0x0,pdata-EXACT,2031,2,Requested preload of some Primary Assets failed: %s | (Valid:,"best string, score 56",bare,1,docs/lokiassetmanager-vtable-dump.md,,"- 0x34AF2A0 (119), 0x34AF140 (120), 0x34C8760 (121), 0x34C4A90 (122)"
0x34CA500,.text,,,,,ENTRY-OK,NO-RECORDED-NAME,0x34CA500,+0x0,pdata-EXACT,33,0,,,"bare,labeled",2,docs/lokiassetmanager-vtable-dump.md,,"- 0x34CA500 (95), 0x34C35C0 (96), 0x34B6FC0 (97), 0x34AB430 (98)"
0x34CD7C0,.text,TMap,,,,ENTRY-OK,NO-RECORDED-NAME,0x34CD7C0,+0x0,pdata-EXACT,175,0,,,"bare,labeled",2,docs/lokiassetmanager-vtable-dump.md;git-log,,"+0x34CD7C0`) or a hash-lookup path (calls FName-hash, then accesses TMap"
0x34CE360,.text,,,,,ENTRY-OK,NO-RECORDED-NAME,0x34CE360,+0x0,pdata-EXACT,149,0,,,bare,1,docs/lokiassetmanager-vtable-dump.md,,"- 0x34CF9F0 (slot 88), 0x34CF880 (89), 0x34CE490 (90), 0x34CE360 (91)"
0x34CE490,.text,,,,,ENTRY-OK,NO-RECORDED-NAME,0x34CE490,+0x0,pdata-EXACT,163,0,,,bare,1,docs/lokiassetmanager-vtable-dump.md,,"- 0x34CF9F0 (slot 88), 0x34CF880 (89), 0x34CE490 (90), 0x34CE360 (91)"
0x34CF880,.text,ScanPathForPrimaryAssets,,,,ENTRY-OK,NO-NAME-EVIDENCE,0x34CF880,+0x0,pdata-EXACT,367,0,,,"bare,labeled",5,docs/lokiassetmanager-vtable-dump.md;docs/next-session-prompt-s43.md;docs/session-42-step7-payload-design.txt;git-log;memory/supervive-hero-roster-blocker.md,UClass,"- 0x34CF9F0 (slot 88), 0x34CF880 (89), 0x34CE490 (90), 0x34CE360 (91)"
0x34CF9F0,.text,ScanPathsForPrimaryAssets,Ignoring PrimaryAssetType %s - Conflicts with %s - Asset: %s,,LOW,ENTRY-OK,AGREES,0x34CF9F0,+0x0,pdata-EXACT,1825,2,Ignoring PrimaryAssetType %s - Conflicts with %s - Asset: %s | Ignoring primary asset %s - PrimaryAssetType %s - invalid primary asse,"best string, score 56","bare,labeled",24,docs/lokiassetmanager-vtable-dump.md;docs/next-session-prompt-s43.md;docs/next-session-prompt-s45.md;docs/session-42-step7-payload-design.txt;docs/session-42-step8-FIX-WORKS.txt;docs/session-42-step9-grid-timing.txt,UAssetManager::ScanPathsForPrimaryAssets;GetPrimaryAssetIdList;AssetTypeMap,"- 0x34CF9F0 (slot 88), 0x34CF880 (89), 0x34CE490 (90), 0x34CE360 (91)"
0x34D0807,.text,ScanPrimaryAssetTypesFromConfig,,,LOW,INTERIOR,NO-NAME-EVIDENCE,0x34D0120,+0x6E7,HIGH-heuristic,1776,1,AssetRegistry,no diagnostic string,"anchored,bare,labeled",12,docs/hero-roster-attempts.md;docs/lokiassetmanager-vtable-dump.md;git-log;memory/supervive-milestone3-trackb-status.md,UAssetManager::ScanPrimaryAssetTypesFromConfig;ClassPrivate;RVAs,"0x34D0807 (located by xref to wide log string at RVA 0x7F70830 ""Found multiple \""%s\"""
0x34D32D0,.text,,,,,ENTRY-OK,NO-RECORDED-NAME,0x34D32D0,+0x0,pdata-EXACT,167,0,,,bare,2,docs/lokiassetmanager-vtable-dump.md;git-log,,**Slot 131 (+0x34D32D0)** turned out to be a **filter/wrapper**:
0x34D3380,.text,,Duplicate Rule overrides found for asset %s!,,LOW,ENTRY-OK,NO-RECORDED-NAME,0x34D3380,+0x0,pdata-EXACT,252,1,Duplicate Rule overrides found for asset %s!,"best string, score 56",bare,2,docs/lokiassetmanager-vtable-dump.md;git-log,,"- Calls **vtable slot 132 (+0x34D3380)** with `(this, &16-byte-FName,"
0x34D3D20,.text,,,,LOW,ENTRY-OK,NO-RECORDED-NAME,0x34D3D20,+0x0,pdata-EXACT,202,1,AssetRegistry,no diagnostic string,bare,1,docs/lokiassetmanager-vtable-dump.md,,"- 0x34D3D20 (92), 0x34D4D80 (93)"
0x34D4D80,.text,,,,LOW,ENTRY-OK,NO-RECORDED-NAME,0x34D4D80,+0x0,pdata-EXACT,913,1,AssetRegistry,no diagnostic string,bare,1,docs/lokiassetmanager-vtable-dump.md,,"- 0x34D3D20 (92), 0x34D4D80 (93)"
0x34D6060,.text,,,,,ENTRY-OK,NO-RECORDED-NAME,0x34D6060,+0x0,pdata-EXACT,118,0,,,bare,1,docs/lokiassetmanager-vtable-dump.md,,"- 0x34D60E0 (116), 0x34D6060 (117), 0x34D6320 (118)"
0x34D60E0,.text,,,,,ENTRY-OK,NO-RECORDED-NAME,0x34D60E0,+0x0,pdata-EXACT,48,0,,,bare,2,docs/lokiassetmanager-vtable-dump.md;docs/session-42-step5-runtime-assetmgr-anchored.txt,,"- 0x34D60E0 (116), 0x34D6060 (117), 0x34D6320 (118)"
0x34D6320,.text,,,,,ENTRY-OK,NO-RECORDED-NAME,0x34D6320,+0x0,pdata-EXACT,80,0,,,bare,1,docs/lokiassetmanager-vtable-dump.md,,"- 0x34D60E0 (116), 0x34D6060 (117), 0x34D6320 (118)"
0x34D67F0,.text,GetNameData,Invalid Primary Asset Type %s: %s,,LOW,ENTRY-OK,NO-RECORDED-NAME,0x34D67F0,+0x0,pdata-EXACT,464,2,Invalid Primary Asset Id %s: %s | Invalid Primary Asset Type %s: %s,"best string, score 56","bare,labeled",5,git-log;tools/sigbypass-mod/registration_shim.cpp,FPrimaryAssetId,// GetNameData @ +0x34D67F0 identification chain (recon 2026-06-28 evening):
0x34D693D,.text,,Invalid Primary Asset Type %s: %s,,LOW,INTERIOR,NO-RECORDED-NAME,0x34D67F0,+0x14D,pdata-EXACT,464,2,Invalid Primary Asset Id %s: %s | Invalid Primary Asset Type %s: %s,"best string, score 56",labeled,2,git-log;tools/sigbypass-mod/registration_shim.cpp,,// around 02:55:18 with frame at +0x34D693D (inside the helper's warning
0x34D6960,.text,,Invalid Primary Asset Type %s: %s,,LOW,INTERIOR,NO-RECORDED-NAME,0x34D67F0,+0x170,pdata-EXACT,464,2,Invalid Primary Asset Id %s: %s | Invalid Primary Asset Type %s: %s,"best string, score 56",labeled,1,tools/sigbypass-mod/registration_shim.cpp,,"//     the FIRST log struct at +0x34D6960 references ""Invalid Primary Asset Id"""
0x34D6982,.text,,Invalid Primary Asset Type %s: %s,,LOW,INTERIOR,NO-RECORDED-NAME,0x34D67F0,+0x192,pdata-EXACT,464,2,Invalid Primary Asset Id %s: %s | Invalid Primary Asset Type %s: %s,"best string, score 56",bare,1,tools/sigbypass-mod/registration_shim.cpp,,//   xrefstr ??? unique LEA @ +0x34D6982 (loads SECOND log struct in same function;
0x35E3C20,.text,MaxFlySpeed,,,,ENTRY-OK,NO-NAME-EVIDENCE,0x35E3C20,+0x0,pdata-EXACT,208,0,,,anchored,2,git-log;memory/supervive-dedicated-server-status.md,CMC::GetMaxSpeed;GetMaxSpeed,bail (tail-calls base+0x35E3C20 = stock CMC::GetMaxSpeed → MaxFlySpeed=600).
0x3623520,.text,IsPSOPrecaching,,,,ENTRY-OK,NO-NAME-EVIDENCE,0x3623520,+0x0,pdata-EXACT,169,0,,,"anchored,labeled",2,docs/session-95-visible-hero-brainstorm.md,,"- `0x3E67096`: `mov rcx,rdi; call 0x3623520` (IsPSOPrecaching) `; test al,al; je skip; call 0x3C94530; cmp al,1; jne skip; cmp byte [base+0x9FB7A60],6; jb skip` — and `skip` at `0x3E670FB` is `33 c0` "
0x3676EAB,.text,CreateSceneProxy,Skipping CreateSceneProxy for USkinnedMeshComponent %s (USki,,LOW,INTERIOR,AGREES,0x3676E80,+0x2B,pdata-EXACT,209,1,Skipping CreateSceneProxy for USkinnedMeshComponent %s (USkinnedMeshCo,"best string, score 56",anchored,1,docs/session-95-visible-hero-brainstorm.md,,"Six angles produced one genuinely new, independently-verifiable finding and one genuinely new methodological finding, and almost everything else is either a re-tread or rests on a control that turned "
0x36DEE20,.text,InitPlayerState,,,,ENTRY-OK,NO-NAME-EVIDENCE,0x36DEE20,+0x0,pdata-EXACT,54,0,,,bare,4,docs/next-session-prompt-s64.md;docs/session-63-playerstate-fix.txt;memory/supervive-tutorial-launch-status.md,,overrideCount 18; **InitPlayerState candidate slots 260 (stockRva 0x36E1D40) + 273 (stockRva 0x36DEE20)**.
0x36E1D40,.text,InitPlayerState,,,,ENTRY-OK,NO-NAME-EVIDENCE,0x36E1D40,+0x0,pdata-EXACT,262,0,,,bare,4,docs/next-session-prompt-s64.md;docs/session-63-playerstate-fix.txt;memory/supervive-tutorial-launch-status.md,PlayerStateClass,overrideCount 18; **InitPlayerState candidate slots 260 (stockRva 0x36E1D40) + 273 (stockRva 0x36DEE20)**.
0x36E9F84,.text,,,,,INTERIOR,NO-RECORDED-NAME,0x36E9F6A,+0x1A,pdata-EXACT,146,0,,,bare,1,docs/session-81-disconnect-characterized.txt,,innermost waiter = +0x38463CB (and +0x36E9F84)
0x3702740,.text,ClientRestart,AController::Possess,AController,EXACT,ENTRY-OK,DISAGREES,,,,,0,Possess,UE reflection exec_thunk; name verified via FFunctionParams,labeled,1,docs/session-72-hybrid-shim-foundation.txt,,"* Resolved on it: Possess (thunk RVA 0x3702740), ClientRestart (thunk RVA base+0x3C5F990, childProps valid),"
0x37E5C80,.text,LokiStandbyGameMode,,,,ENTRY-OK,NO-NAME-EVIDENCE,0x37E5C80,+0x0,pdata-EXACT,28,0,,,"anchored,labeled",4,docs/session-61-tutorial-match-setup.txt;memory/supervive-tutorial-launch-status.md,LokiLoginGameMode,stock + MENU modes (LokiLoginGameMode/LokiStandbyGameMode)     = 0x7FF6B8CD5C80 (rva 0x37E5C80)
0x38463CB,.text,,,,,INTERIOR,NO-RECORDED-NAME,0x3846380,+0x4B,pdata-EXACT,149,0,,,"anchored,bare",3,docs/session-81-disconnect-characterized.txt;memory/supervive-dedicated-server-status.md,,innermost waiter = +0x38463CB (and +0x36E9F84)
0x395D790,.text,ExecuteConsoleCommand,UKismetSystemLibrary::ExecuteConsoleCommand,UKismetSystemLibrary,EXACT,ENTRY-OK,AGREES,,,,,0,ExecuteConsoleCommand,UE reflection exec_thunk; name verified via FFunctionParams,labeled,8,docs/next-session-prompt-s63.md;docs/next-session-prompt-s64.md;docs/next-session-prompt-s65.md;docs/next-session-prompt-s66.md;docs/next-session-prompt-s67.md;docs/session-61-tutorial-match-setup.txt,ProcessInternal;GUObjectArray,- ProcessInternal hook rva `0x13454A0`; ExecuteConsoleCommand exec thunk rva `0x395D790`.
0x3965B20,.text,GetPrimaryAssetIdList,?::GetPrimaryAssetIdList,,EXACT,ENTRY-OK,AGREES,,,,,0,GetPrimaryAssetIdList,UE reflection exec_thunk; name verified via FFunctionParams,labeled,1,docs/session-57-da-resolution.txt,,"DISASM of GetPrimaryAssetIdList (rva 0x3965B20) shows the body: it IGNORES the passed Context, calls"
0x3965BF6,.text,GetIdList,::GetPrimaryAssetIdList,,EXACT,INTERIOR,NO-RECORDED-NAME,0x3965B20,+0xD6,pdata-EXACT,251,0,,containing fn is a verified UE Z_Construct stub,bare,3,docs/session-46-pickup.txt,,"caller-2's CALLER — caller-2 @ +0x3965BF6 just FETCHES the id list + cleans up + returns, so its"
0x3965BFC,.text,GetIdList,::GetPrimaryAssetIdList,,EXACT,INTERIOR,NO-RECORDED-NAME,0x3965B20,+0xDC,pdata-EXACT,251,0,,containing fn is a verified UE Z_Construct stub,"bare,labeled",6,docs/session-45-crash-capture-tooling-and-gate.txt;docs/session-46-pickup.txt;docs/trace-caller-marker.txt;git-log;memory/supervive-hero-roster-blocker.md,ChangeBundleState;GetPrimaryAssetObject;GetPrimaryAssetIdList,caller RVA +0x562EBFE   and   caller RVA +0x3965BFC
0x39E1460,.text,,,,,ENTRY-OK,NO-RECORDED-NAME,0x39E1460,+0x0,pdata-EXACT,495,0,,,anchored,2,docs/session-79-moonshot-plan.md;git-log,,"**exactly ONE hit -- slot 110 (base+0x39E1460): `call [arg2_vtable + 0x28]` => target slot 5, reads `+0x38`, does NOT"
0x39E90E0,.text,,,,,ENTRY-OK,NO-RECORDED-NAME,0x39E90E0,+0x0,pdata-EXACT,97,0,,,anchored,2,docs/session-79-moonshot-plan.md;git-log,,"- **Slot 95 (base+0x39E90E0) REFUTED by disasm:** takes THREE args (`rcx`,`rdx`,`r8d`), writes `[rsi+0x80]=rdi`, and its"
0x3BCC310,.text,AddMovementInput,APawn::AddMovementInput,APawn,EXACT,ENTRY-OK,AGREES,,,,,0,AddMovementInput,UE reflection exec_thunk; name verified via FFunctionParams,"bare,labeled",2,docs/session-81-disconnect-characterized.txt;memory/supervive-dedicated-server-status.md,,"* **+0x3BCC310 (AddMovementInput, per the marker) present in 41% of freeze samples**"
0x3C33230,.text,InPlayer,,,,ENTRY-OK,NO-NAME-EVIDENCE,0x3C33230,+0x0,pdata-EXACT,117,0,,,anchored,4,docs/session-79-moonshot-plan.md;git-log,,"- **Slot 183 (base+0x3C33230)** -- `lea rbx,[rcx+0x458]` then `cmp [rbx],0`: only READS Player, takes no `rdx`/InPlayer,"
0x3C421D0,.text,PlayerController,,,,ENTRY-OK,NO-NAME-EVIDENCE,0x3C421D0,+0x0,pdata-EXACT,137,0,,,anchored,4,docs/session-79-moonshot-plan.md;git-log,,- **Slot 153 (base+0x3C421D0)** -- the ONLY slot in 280 that WRITES `qword ptr [reg+0x458]`. **REFUTED by reading it:**
0x3C5F990,.text,BP_Dev,APlayerController::ClientRestart,APlayerController,EXACT,ENTRY-OK,DISAGREES,,,,,0,ClientRestart,UE reflection exec_thunk; name verified via FFunctionParams,"anchored,bare",8,docs/session-72-hybrid-shim-foundation.txt;docs/session-79-moonshot-plan.md;git-log;memory/supervive-dedicated-server-status.md;tools/sigbypass-mod/ds_hybrid.cpp,ClientRestart;UFUNCTIONs;ParmsSize,"* Resolved on it: Possess (thunk RVA 0x3702740), ClientRestart (thunk RVA base+0x3C5F990, childProps valid),"
0x3C5FA20,.text,ClientRetryClientRestart,APlayerController::ClientRetryClientRestart,APlayerController,EXACT,ENTRY-OK,AGREES,,,,,0,ClientRetryClientRestart,UE reflection exec_thunk; name verified via FFunctionParams,bare,3,docs/session-79-moonshot-plan.md;git-log;memory/supervive-dedicated-server-status.md,ClientRestart,`ClientRetryClientRestart` (native+0x3C5FA20). **Their absence from reflection does NOT mean they don't exist** (the
0x3C7F830,.text,IsPSOPrecaching,,,,ENTRY-OK,NO-NAME-EVIDENCE,0x3C7F830,+0x0,pdata-EXACT,30,0,,,labeled,1,docs/session-95-visible-hero-brainstorm.md,,"**Honest caveat, and it is the reason confidence is medium not high.** This gate is a *delay with a built-in cure*: the same `IsPSOPrecaching` at `base+0x3623520` does `lea rcx,[rbx+0x2B0]; call 0x3C7"
0x3C94530,.text,CreateScenePr,,,,ENTRY-OK,NO-NAME-EVIDENCE,0x3C94530,+0x0,MED-heuristic,32,0,,,"bare,labeled",3,docs/session-95-visible-hero-brainstorm.md,GetPSOPrecacheProxyCreationStrategy;IsPSOPrecaching,"Six angles produced one genuinely new, independently-verifiable finding and one genuinely new methodological finding, and almost everything else is either a re-tread or rests on a control that turned "
0x3E67096,.text,CreateSceneProxy,<scene-related>,,LOW,INTERIOR,AGREES,0x3E66F00,+0x196,pdata-EXACT,531,4,Skipping CreateSceneProxy for StaticMeshComponent %s (RenderData is nu | Skipping CreateSceneProxy for StaticMeshComponent %s (StaticMesh is nu | Skipping CreateSceneProxy for StaticMeshComponent %s (RenderData is no | Skipping CreateSceneProxy for StaticMeshComponent %s (Static mesh comp,4 refs share token 'scene',"anchored,bare",2,docs/session-95-visible-hero-brainstorm.md,IsPSOPrecaching,"Six angles produced one genuinely new, independently-verifiable finding and one genuinely new methodological finding, and almost everything else is either a re-tread or rests on a control that turned "
0x3E670FB,.text,IsPSOPrecaching,<scene-related>,,LOW,INTERIOR,DISAGREES,0x3E66F00,+0x1FB,pdata-EXACT,531,4,Skipping CreateSceneProxy for StaticMeshComponent %s (RenderData is nu | Skipping CreateSceneProxy for StaticMeshComponent %s (StaticMesh is nu | Skipping CreateSceneProxy for StaticMeshComponent %s (RenderData is no | Skipping CreateSceneProxy for StaticMeshComponent %s (Static mesh comp,4 refs share token 'scene',labeled,1,docs/session-95-visible-hero-brainstorm.md,,"- `0x3E67096`: `mov rcx,rdi; call 0x3623520` (IsPSOPrecaching) `; test al,al; je skip; call 0x3C94530; cmp al,1; jne skip; cmp byte [base+0x9FB7A60],6; jb skip` — and `skip` at `0x3E670FB` is `33 c0` "
0x3EC57D0,.text,UEngine::Browse,UEngine::Browse,UEngine,HIGH,ENTRY-OK,AGREES,0x3EC57D0,+0x0,pdata-EXACT,3384,25,UEngine::Browse | Attempting to call UEngine::Browse and destroy the net driver while th | InvalidLink | PendingNetGameInitFailure | ServerOpen | InvalidUrl,2/2 qualified-name refs,"bare,labeled",24,docs/dedicated-server-stub.md;docs/next-session-prompt-s45.md;docs/session-43-scan-on-browse.txt;docs/session-44-grid-datapath-SOLVED-crash-is-the-wall.txt;docs/session-45-crash-capture-tooling-and-gate.txt;docs/session-46-pickup.txt,ArgumentList;IsPreviewable;WBP_HeroPicker_C,function entry at **mod-RVA `0x3EC57D0`**.
0x3EC586C,.text,UEngine::Browse,UEngine::Browse,UEngine,HIGH,INTERIOR,AGREES,0x3EC57D0,+0x9C,pdata-EXACT,3384,25,UEngine::Browse | Attempting to call UEngine::Browse and destroy the net driver while th | InvalidLink | PendingNetGameInitFailure | ServerOpen | InvalidUrl,2/2 qualified-name refs,"bare,labeled",4,docs/dedicated-server-stub.md;git-log;memory/supervive-hero-roster-blocker.md;tools/sigbypass-mod/browse_hook.cpp,UEngine;FWorldContext;FString,mod-RVA `0x3EC586C`. Scanning backward from the LEA finds the
0x3EC6312,.text,NetConnection,UEngine::Browse,UEngine,HIGH,INTERIOR,AGREES,0x3EC57D0,+0xB42,pdata-EXACT,3384,25,UEngine::Browse | Attempting to call UEngine::Browse and destroy the net driver while th | InvalidLink | PendingNetGameInitFailure | ServerOpen | InvalidUrl,2/2 qualified-name refs,labeled,6,docs/dedicated-server-stub.md;git-log;memory/supervive-hero-roster-blocker.md,FMallocBinned2;FMemory::Free;GMalloc,the truth: the crash is at mod-RVA `0x3EC6312` (= +0xB42 inside
0x4000000,.text,FUNC_Native,,,,INTERIOR,NO-NAME-EVIDENCE,0x3FFBC80,+0x4380,MED-heuristic,17936,0,,,bare,3,tools/re/cheat_enum.py;tools/re/class_funcs.py;tools/re/ufunc_survey.py,FUNC_Event;FUNC_BlueprintCallable;BPEvent,"(0x00000400, ""Native""), (0x00002000, ""Static""), (0x04000000, ""BPCallable""),"
0x44157D0,.text,GetSkillState,UAbilitySystemComponent::GetUserAbilityActivationInhibited  [ICF-folded with: GetSkillState],UAbilitySystemComponent,EXACT-AMBIG,ENTRY-OK,AGREES,,,,,0,GetUserAbilityActivationInhibited | GetSkillState,UE reflection exec_thunk; name verified via FFunctionParams,bare,1,docs/tutorial-playability-plan.md,BPPure;BPCallable,"GetSkillState       native+0x44157D0  Parms1 (ret)       Native,BPCallable,BPPure  <- observable state"
0x477F650,.text,FParty,,,,UNVERIFIABLE,n/a,,,,,0,,page 0x477F000 is all-zero in this dump (never decrypted),anchored,1,memory/supervive-avatar-render-status.md,,FParty broadcast fn base+0x2071C30; member loadout copy-assign base+0x477F650. The shim adds a
0x4AC3BC0,.text,,,,,ENTRY-OK,NO-RECORDED-NAME,0x4AC3BC0,+0x0,pdata-EXACT,205,0,,,bare,1,docs/lokiassetmanager-vtable-dump.md,,"(`48 8D 15 C0 3B AC 04` — `lea rdx, [rip+0x04AC3BC0]`)."
0x4BA5669,.text,UFunction,,,,INTERIOR,NO-NAME-EVIDENCE,0x4BA55F8,+0x71,pdata-EXACT,176,0,,,bare,1,docs/tutorial-playability-plan.md,,"rax=[rcx](vtable); rdx=[rip+0x4BA5669](cached UFunction*); byte[rsp+0x30]=0 (bool result, default FALSE)"
0x4BDC3C0,.text,AddMappingContext,,,,UNVERIFIABLE,n/a,,,,,0,,page 0x4BDC000 is all-zero in this dump (never decrypted),anchored,7,docs/session-79-moonshot-plan.md;git-log;memory/supervive-dedicated-server-status.md,,"**`obj+0x38` -> vtable base+0x865CC30, slot19 = `base+0x4BDC3C0` (UNIQUE)**. Consistent with the exec thunk calling"
0x4BFA590,.text,AddMappingContext,,,,ENTRY-OK,NO-NAME-EVIDENCE,0x4BFA590,+0x0,pdata-EXACT,279,0,,,anchored,6,docs/session-79-moonshot-plan.md;git-log,UFunction;ProcessInternal,"- **`execAddMappingContext` = `base+0x4BFA590`** (= `AddMappingContext` UFunction 0x28504E423A0, `Func@+0xE0`;"
0x4BFA667,.text,FFrame,,,,INTERIOR,NO-NAME-EVIDENCE,0x4BFA590,+0xD7,pdata-EXACT,279,0,,,bare,1,docs/session-79-moonshot-plan.md,,"+0x4BFA667  mov rax,[rbx+0x38]      ; rbx = FFrame"
0x4BFA66B,.text,FModifyContextOptions,,,,INTERIOR,NO-NAME-EVIDENCE,0x4BFA590,+0xDB,pdata-EXACT,279,0,,,bare,1,docs/session-79-moonshot-plan.md,,"+0x4BFA66B  lea r9,[rsp+0x40]       ; &Options (FModifyContextOptions)"
0x4BFA670,.text,,,,,INTERIOR,NO-RECORDED-NAME,0x4BFA590,+0xE0,pdata-EXACT,279,0,,,bare,1,docs/session-79-moonshot-plan.md,,"+0x4BFA670  mov r8d,[rsp+0x48]      ; Priority (int32)"
0x4BFA678,.text,InputMappingContext,,,,INTERIOR,NO-NAME-EVIDENCE,0x4BFA590,+0xE8,pdata-EXACT,279,0,,,bare,1,docs/session-79-moonshot-plan.md,,"+0x4BFA678  mov rdx,[rsp+0x58]      ; the InputMappingContext*"
0x4BFA67D,.text,,,,,INTERIOR,NO-RECORDED-NAME,0x4BFA590,+0xED,pdata-EXACT,279,0,,,bare,1,docs/session-79-moonshot-plan.md,,"+0x4BFA67D  mov rcx,rsi             ; this (interface-adjusted Context)"
0x4BFA696,.text,,,,,INTERIOR,NO-RECORDED-NAME,0x4BFA590,+0x106,pdata-EXACT,279,0,,,bare,1,docs/session-79-moonshot-plan.md,,"+0x4BFA696  mov rax,[rsi]           ; vtable"
0x4BFA699,.text,,,,,INTERIOR,NO-RECORDED-NAME,0x4BFA590,+0x109,pdata-EXACT,279,0,,,bare,1,docs/session-79-moonshot-plan.md,,"+0x4BFA699  call qword ptr [rax+0x98]   ; <<<< VIRTUAL, slot 19 (0x98/8)"
0x5000000,.text,UnrealEngine,,,,INTERIOR,NO-NAME-EVIDENCE,0x4FFFFE0,+0x20,pdata-EXACT,63,0,,,bare,1,memory/supervive-dedicated-server-status.md,,0x05000000). CORROBORATION that SUPERVIVE = UnrealEngine-Angelscript (Hazelight fork): (1) schema.txt (usmap) has the whole
0x524D870,.text,ProgressionTracks,,,,ENTRY-OK,NO-NAME-EVIDENCE,0x524D870,+0x0,pdata-EXACT,56,0,,,bare,3,docs/session-82-passes-battlepass-shim.txt;memory/supervive-passes-battlepass-status.md,OnUpdated;LokiOperation;FMulticastDelegate,copy aggregate.ProgressionTracks -> BPIM+0x40 (deep-copy 0x524D870);
0x5256190,.text,,UBattlepassViewManager::OnUpdatedCurrentPublishedProgressionTracks,UBattlepassViewManager,EXACT,ENTRY-OK,NO-RECORDED-NAME,,,,,0,OnUpdatedCurrentPublishedProgressionTracks,UE reflection exec_thunk; name verified via FFunctionParams,bare,1,memory/supervive-passes-battlepass-status.md,,0x5256190) does NOT build the VMs directly — it issues **GET /progression/players/{id}/tracks/rewards** and
0x5256880,.text,SetCurrentPublishedProgressionTracks,"UBattlepassInfoManager::SetCurrentPublishedProgressionTracks  [ICF-folded with: SendOrShowDebugMessage, DebugMessage]",UBattlepassInfoManager,EXACT-AMBIG,ENTRY-OK,AGREES,,,,,0,SetCurrentPublishedProgressionTracks | SendOrShowDebugMessage | DebugMessage,UE reflection exec_thunk; name verified via FFunctionParams,bare,2,docs/session-82-continue-prompt.txt;docs/session-82-passes-battlepass-shim.txt,,(exhausted) or calling the no-op setter 0x5256880.
0x525C210,.text,IsHidden,,,,ENTRY-OK,NO-NAME-EVIDENCE,0x525C210,+0x0,HIGH-heuristic,16,0,,,bare,5,docs/session-47-tile-widget-FOUND.txt;docs/session-48-pickup.txt;docs/session-49-pickup-selected-hunter-click-routing.txt;memory/supervive-hero-roster-blocker.md,CatalogEntry;CatMgr;FNamePool,"/ raw getter +0x525C210): both are `movzx eax, byte [rcx+0xd3]` — IsHidden returns the CatalogEntry byte at"
0x5260DD0,.text,IsCatalogDataReady,UCatalogManager::IsCatalogDataReady,UCatalogManager,EXACT,ENTRY-OK,AGREES,,,,,0,IsCatalogDataReady,UE reflection exec_thunk; name verified via FFunctionParams,bare,6,docs/session-47-tile-widget-FOUND.txt;docs/session-48-pickup.txt;memory/supervive-hero-roster-blocker.md,GetCatalogManager;CatalogManager,"IsCatalogDataReady impl (+0x57BB700, called via exec thunk +0x5260DD0) returns TRUE only if ALL FIVE bytes"
0x5260E60,.text,IsHidden,?::IsHidden,,EXACT,ENTRY-OK,AGREES,,,,,0,IsHidden,UE reflection exec_thunk; name verified via FFunctionParams,bare,5,docs/session-47-tile-widget-FOUND.txt;docs/session-48-pickup.txt;memory/supervive-hero-roster-blocker.md,CatMgr;CatalogEntry;GetCatalogEntry,CatalogManager.GetCatalogEntry(AssetID). Found IsHidden's impl by FName (0x584C90 -> exec thunk +0x5260E60
0x5278640,.text,MaxBits,,,,ENTRY-OK,NO-NAME-EVIDENCE,0x5278640,+0x0,pdata-EXACT,217,0,,,"bare,labeled",2,docs/session-83-passes-tier-grid-solved.txt;memory/supervive-passes-battlepass-status.md,FirstFree;FPlayerProgression,"+585A5B5 cmp byte[rdi+0x178],0 ; +585A5BC je (skips) ; +585A5C8 call 0x5278640 ~FPlayerProgression"
0x52AA550,.text,OutputExecs,ULokiAssetLoader::GetHeroAssetFromPrimaryAssetId,ULokiAssetLoader,EXACT,ENTRY-OK,DISAGREES,,,,,0,GetHeroAssetFromPrimaryAssetId,UE reflection exec_thunk; name verified via FFunctionParams,"bare,labeled",4,docs/session-46-bp-hero-list-filter-FOUND.txt;docs/session-53-customization-persistence.md;memory/supervive-hero-roster-blocker.md,,"table entry {FName 0x5863F0, execptr 0x7FF687D2A550 (RVA +0x52AA550)} AND the impl pointer"
0x52B3400,.text,MyThunk,ULokiAssetStatics::GetDefaultCosmeticsBundleIdForHeroId,ULokiAssetStatics,EXACT,ENTRY-OK,DISAGREES,,,,,0,GetDefaultCosmeticsBundleIdForHeroId,UE reflection exec_thunk; name verified via FFunctionParams,"anchored,bare,labeled",8,docs/next-session-prompt-skins-render.md;docs/session-53-customization-persistence.md;memory/supervive-customization-persistence.md;tools/sigbypass-mod/loadout_fix.cpp,MyGdcbThunk;FPrimaryAssetId;InstallGdcbFuncSwap,"@RVA 0x52B3400; native impl @RVA 0x55899C0 (C ABI `FPrimaryAssetId* fn(out /*rcx*/, hero /*rdx*/)`)."
0x52B3720,.text,LokiMissionObjectiveData,ULokiAssetStatics::GetUniqueObjectiveName,ULokiAssetStatics,EXACT,ENTRY-OK,AGREES,,,,,0,GetUniqueObjectiveName,UE reflection exec_thunk; name verified via FFunctionParams,labeled,1,docs/session-59-progress-bars.txt,LokiAssetStatics;GetUniqueObjectiveName,"GetUniqueObjectiveName (LokiAssetStatics, NATIVE, thunk rva 0x52B3720): params [0] Objective(LokiMissionObjectiveData,"
0x52FD980,.text,TryShowPrompt,"ALokiCharacter::AuthRemoveAbilityPoint  [ICF-folded with: IsEasyAntiCheatEnabled, CheatCantEndGame, IsAtOrAboveManaSoftCap, AreHotkeyCheatsEnabled, IsForceDisplayCharacterNameEnabled, IsDebugMenuVisible, IsDebugCameraCheatsOnly]",ALokiCharacter,EXACT-AMBIG,ENTRY-OK,AGREES,,,,,0,AuthRemoveAbilityPoint | IsEasyAntiCheatEnabled | CheatCantEndGame | IsAtOrAboveManaSoftCap | AreHotkeyCheatsEnabled | IsForceDisplayCharacterNameEnabled | IsDebugMenuVisible | IsDebugCameraCheatsOnly,UE reflection exec_thunk; name verified via FFunctionParams,bare,1,docs/tutorial-playability-plan.md,BPCallable,"TryShowPrompt       native+0x52FD980  Parms1 (ret bool)  Native,BPCallable   <- show its prompt"
0x53283E0,.text,UClass,ULokiDataAsset_ProgressionTrack,,MED,ENTRY-OK,NO-RECORDED-NAME,0x53283E0,+0x0,pdata-EXACT,174,3,ULokiDataAsset_ProgressionTrack | Engine | /Script/Loki,"rare identifier string, score 84","bare,labeled",4,docs/session-83-passes-tier-grid-solved.txt;memory/supervive-passes-battlepass-status.md,LokiAssetLoader;IsChildOf;HuntersJourney_C,call 0x53283E0  ; cached UClass (IsChildOf validate) / je bail
0x5340280,.text,GUObjectArray,ULokiGameInstance,,MED,ENTRY-OK,NO-RECORDED-NAME,0x5340280,+0x0,pdata-EXACT,174,3,ULokiGameInstance | /Script/Loki | Game,"rare identifier string, score 84",labeled,1,docs/session-45-crash-capture-tooling-and-gate.txt,,"[subobj+0x2d0], validates it (inner call +0x5340280 = generic weak-ptr/GUObjectArray machinery,"
0x5350630,.text,AddPlayerToDropPlane,ULokiGameModeDropPlaneComponent::AddPlayerToDropPlane,ULokiGameModeDropPlaneComponent,EXACT,ENTRY-OK,AGREES,,,,,0,AddPlayerToDropPlane,UE reflection exec_thunk; name verified via FFunctionParams,bare,1,docs/tutorial-playability-plan.md,,AddPlayerToDropPlane      native+0x5350630  Parms 8    <- PUT THE PLAYER ON THE PLANE
0x5350BD0,.text,GeneratePlanePoints,ULokiGameModeDropPlaneComponent::GeneratePlanePoints,ULokiGameModeDropPlaneComponent,EXACT,ENTRY-OK,AGREES,,,,,0,GeneratePlanePoints,UE reflection exec_thunk; name verified via FFunctionParams,bare,1,docs/tutorial-playability-plan.md,HasOutParms,GeneratePlanePoints       native+0x5350BD0  Parms 64  HasOutParms
0x5352F20,.text,SetDropPlane,ULokiGameModeDropPlaneComponent::SetDropPlane,ULokiGameModeDropPlaneComponent,EXACT,ENTRY-OK,AGREES,,,,,0,SetDropPlane,UE reflection exec_thunk; name verified via FFunctionParams,bare,1,docs/tutorial-playability-plan.md,,SetDropPlane              native+0x5352F20  Parms 8
0x54259E0,.text,MoveRight,?::MoveForward,,EXACT,ENTRY-OK,AGREES,,,,,0,MoveForward,UE reflection exec_thunk; name verified via FFunctionParams,anchored,1,docs/fk2-input-settled.md,,> `MoveRight(float)` at `base+0x54259E0` / `base+0x5425A60` are the hero movement handlers and that
0x5425A60,.text,MoveRight,?::MoveRight,,EXACT,ENTRY-OK,AGREES,,,,,0,MoveRight,UE reflection exec_thunk; name verified via FFunctionParams,anchored,1,docs/fk2-input-settled.md,,> `MoveRight(float)` at `base+0x54259E0` / `base+0x5425A60` are the hero movement handlers and that
0x5438450,.text,OnRep_HeroClass,?::OnRep_HeroClass,,EXACT,ENTRY-OK,AGREES,,,,,0,OnRep_HeroClass,UE reflection exec_thunk; name verified via FFunctionParams,labeled,2,docs/session-99-animation-verified.md;memory/supervive-tutorial-launch-status.md,CallNativeGuarded,`OnRep_HeroClass` (rva 0x5438450) has the byte-identical prologue. So our `CallNativeGuarded` **does** reach the
0x5438C20,.text,TryUpdateAbilitySystem,ALokiPlayerState::TryUpdateAbilitySystem,ALokiPlayerState,EXACT,ENTRY-OK,AGREES,,,,,0,TryUpdateAbilitySystem,UE reflection exec_thunk; name verified via FFunctionParams,labeled,3,docs/session-99-animation-verified.md;git-log;memory/supervive-tutorial-launch-status.md,FFrame;PlayerState;UFunction,`TryUpdateAbilitySystem`'s `Func@+0xE0` thunk (rva **0x5438C20**) decodes as a textbook UE exec-thunk for a
0x544CF74,.text,LokiCharacterMovementComponent,,,,INTERIOR,NO-NAME-EVIDENCE,0x544CF40,+0x34,pdata-EXACT,63,0,,,bare,2,docs/session-81-disconnect-characterized.txt,,+0x5512397 +0x555D723 +0x56CEA46 +0x56CC961 +0x544CF74   (0x54x-0x56x =
0x5483C00,.text,GetTrainingManager,ALokiTeamState_TeamOnly::GetDropLeader  [ICF-folded with: GetTrainingManager],ALokiTeamState_TeamOnly,EXACT-AMBIG,ENTRY-OK,AGREES,,,,,0,GetDropLeader | GetTrainingManager,UE reflection exec_thunk; name verified via FFunctionParams,bare,1,docs/tutorial-playability-plan.md,IsDisabledForConfig,GetTrainingManager  native+0x5483C00 / IsDisabledForConfig native+0x548A4F0
0x5487B00,.text,BP_CanTestSkill,,,,ENTRY-OK,NO-NAME-EVIDENCE,0x5487B00,+0x0,pdata-EXACT,72,0,,,anchored,4,docs/next-session-prompt-s91.md;docs/tutorial-playability-plan.md;memory/supervive-tutorial-launch-status.md,,"TAIL-CALLS `base+0x5487B00`, which is a Blueprint-event dispatcher running `BP_CanTestSkill`. The decision is BP"
0x5489B00,.text,AddActiveTrainingAugment,ULokiTrainingManager::AddActiveTrainingAugment,ULokiTrainingManager,EXACT,ENTRY-OK,AGREES,,,,,0,AddActiveTrainingAugment,UE reflection exec_thunk; name verified via FFunctionParams,bare,1,docs/tutorial-playability-plan.md,BPCallable,"AddActiveTrainingAugment           0x5489B00  Parms 8           Native,BPCallable"
0x5489E60,.text,BP_GetLokiTrainingManager,ULokiTrainingManager::BP_GetLokiTrainingManager,ULokiTrainingManager,EXACT,ENTRY-OK,AGREES,,,,,0,BP_GetLokiTrainingManager,UE reflection exec_thunk; name verified via FFunctionParams,bare,1,docs/tutorial-playability-plan.md,BPPure,"BP_GetLokiTrainingManager          0x5489E60  Native,Static,BPPure                          <- the accessor"
0x5489F40,.text,CanTestSkill,ALokiTrainingSkill::CanTestSkill,ALokiTrainingSkill,EXACT,ENTRY-OK,AGREES,,,,,0,CanTestSkill,UE reflection exec_thunk; name verified via FFunctionParams,"bare,labeled",3,docs/tutorial-playability-plan.md,UFunction,CanTestSkill        native+0x5489F40  Parms1 (ret)       Native              <- gate
0x5489F70,.text,CancelTest,ALokiTrainingSkill::CancelTest,ALokiTrainingSkill,EXACT,ENTRY-OK,AGREES,,,,,0,CancelTest,UE reflection exec_thunk; name verified via FFunctionParams,bare,1,docs/tutorial-playability-plan.md,BPCallable,"CancelTest          native+0x5489F70  Parms0             Native,BPCallable"
0x5489F90,.text,ChangeSkillPrompt,ULokiTrainingManager::ChangeSkillPrompt,ULokiTrainingManager,EXACT,ENTRY-OK,AGREES,,,,,0,ChangeSkillPrompt,UE reflection exec_thunk; name verified via FFunctionParams,bare,1,docs/tutorial-playability-plan.md,BPCallable,"ChangeSkillPrompt                  0x5489F90  Parms 24          Native,BPCallable"
0x548A120,.text,ContainsActiveTrainingAugment,ULokiTrainingManager::ContainsActiveTrainingAugment,ULokiTrainingManager,EXACT,ENTRY-OK,AGREES,,,,,0,ContainsActiveTrainingAugment,UE reflection exec_thunk; name verified via FFunctionParams,bare,1,docs/tutorial-playability-plan.md,,ContainsActiveTrainingAugment      0x548A120 / ...Soft 0x548A1D0
0x548A1D0,.text,ContainsActiveTrainingAugment,ULokiTrainingManager::ContainsActiveTrainingAugmentSoft,ULokiTrainingManager,EXACT,ENTRY-OK,AGREES,,,,,0,ContainsActiveTrainingAugmentSoft,UE reflection exec_thunk; name verified via FFunctionParams,bare,1,docs/tutorial-playability-plan.md,,ContainsActiveTrainingAugment      0x548A120 / ...Soft 0x548A1D0
0x548A340,.text,HasTrainingPrompt,ULokiTrainingManager::GetTrainingPrompt,ULokiTrainingManager,EXACT,ENTRY-OK,AGREES,,,,,0,GetTrainingPrompt,UE reflection exec_thunk; name verified via FFunctionParams,bare,1,docs/tutorial-playability-plan.md,GetTrainingPrompt,HasTrainingPrompt 0x548A390 / GetTrainingPrompt 0x548A340
0x548A390,.text,HasTrainingPrompt,ULokiTrainingManager::HasTrainingPrompt,ULokiTrainingManager,EXACT,ENTRY-OK,AGREES,,,,,0,HasTrainingPrompt,UE reflection exec_thunk; name verified via FFunctionParams,bare,1,docs/tutorial-playability-plan.md,GetTrainingPrompt,HasTrainingPrompt 0x548A390 / GetTrainingPrompt 0x548A340
0x548A3C0,.text,IsTestingSkill,?::IsActive,,EXACT,ENTRY-OK,DISAGREES,,,,,0,IsActive,UE reflection exec_thunk; name verified via FFunctionParams,bare,1,docs/tutorial-playability-plan.md,IsPromptSkill;IsActiveSkill;IsActive,IsActiveSkill 0x548A450 / IsTestingSkill 0x548A5C0 / IsPromptSkill 0x548A520 / IsActive 0x548A3C0 (Static)
0x548A450,.text,IsTestingSkill,ULokiTrainingManager::IsActiveSkill,ULokiTrainingManager,EXACT,ENTRY-OK,AGREES,,,,,0,IsActiveSkill,UE reflection exec_thunk; name verified via FFunctionParams,bare,1,docs/tutorial-playability-plan.md,IsPromptSkill;IsActiveSkill;IsActive,IsActiveSkill 0x548A450 / IsTestingSkill 0x548A5C0 / IsPromptSkill 0x548A520 / IsActive 0x548A3C0 (Static)
0x548A4F0,.text,IsDisabledForConfig,ALokiTrainingSkill::IsDisabledForConfig,ALokiTrainingSkill,EXACT,ENTRY-OK,AGREES,,,,,0,IsDisabledForConfig,UE reflection exec_thunk; name verified via FFunctionParams,"anchored,bare",4,docs/tutorial-playability-plan.md,Comp_GameState_TrainingBase_C;GetTrainingManager,GetTrainingManager  native+0x5483C00 / IsDisabledForConfig native+0x548A4F0
0x548A520,.text,IsTestingSkill,ULokiTrainingManager::IsPromptSkill,ULokiTrainingManager,EXACT,ENTRY-OK,AGREES,,,,,0,IsPromptSkill,UE reflection exec_thunk; name verified via FFunctionParams,bare,1,docs/tutorial-playability-plan.md,IsPromptSkill;IsActiveSkill;IsActive,IsActiveSkill 0x548A450 / IsTestingSkill 0x548A5C0 / IsPromptSkill 0x548A520 / IsActive 0x548A3C0 (Static)
0x548A5C0,.text,IsTestingSkill,ULokiTrainingManager::IsTestingSkill,ULokiTrainingManager,EXACT,ENTRY-OK,AGREES,,,,,0,IsTestingSkill,UE reflection exec_thunk; name verified via FFunctionParams,bare,1,docs/tutorial-playability-plan.md,IsPromptSkill;IsActiveSkill;IsActive,IsActiveSkill 0x548A450 / IsTestingSkill 0x548A5C0 / IsPromptSkill 0x548A520 / IsActive 0x548A3C0 (Static)
0x548A680,.text,MarkTestCompleted,ALokiTrainingSkill::MarkTestCompleted,ALokiTrainingSkill,EXACT,ENTRY-OK,AGREES,,,,,0,MarkTestCompleted,UE reflection exec_thunk; name verified via FFunctionParams,bare,1,docs/tutorial-playability-plan.md,BPCallable,"MarkTestCompleted   native+0x548A680  Parms0             Native,BPCallable   <- COMPLETE it"
0x548A6C0,.text,RemoveActiveTrainingAugment,ULokiTrainingManager::RemoveActiveTrainingAugment,ULokiTrainingManager,EXACT,ENTRY-OK,AGREES,,,,,0,RemoveActiveTrainingAugment,UE reflection exec_thunk; name verified via FFunctionParams,bare,1,docs/tutorial-playability-plan.md,BPCallable,"RemoveActiveTrainingAugment        0x548A6C0  Parms 8           Native,BPCallable"
0x548A770,.text,ResetAll,ULokiTrainingManager::ResetAll,ULokiTrainingManager,EXACT,ENTRY-OK,AGREES,,,,,0,ResetAll,UE reflection exec_thunk; name verified via FFunctionParams,bare,1,docs/tutorial-playability-plan.md,BPCallable,"ResetAll                           0x548A770  Parms 0           Native,BPCallable          <- already fired once"
0x548A790,.text,SetActive,?::SetActive,,EXACT,ENTRY-OK,AGREES,,,,,0,SetActive,UE reflection exec_thunk; name verified via FFunctionParams,bare,1,docs/tutorial-playability-plan.md,PropSz16;BPCallable,"SetActive                          0x548A790  PropSz16 Parms9   Native,Static,BPCallable   <- ACTIVATE A LESSON"
0x548AA90,.text,ShouldTestSkill,ALokiTrainingSkill::ShouldTestSkill,ALokiTrainingSkill,EXACT,ENTRY-OK,AGREES,,,,,0,ShouldTestSkill,UE reflection exec_thunk; name verified via FFunctionParams,bare,1,docs/tutorial-playability-plan.md,,ShouldTestSkill     native+0x548AA90  Parms1 (ret)       Native              <- gate
0x548AAC0,.text,StartTimers,ULokiTrainingManager::StartTimers,ULokiTrainingManager,EXACT,ENTRY-OK,AGREES,,,,,0,StartTimers,UE reflection exec_thunk; name verified via FFunctionParams,bare,1,docs/tutorial-playability-plan.md,,StartTimers                        0x548AAC0  Parms 0           Native
0x548AB20,.text,TryTestSkill,ALokiTrainingSkill::TryTestSkill,ALokiTrainingSkill,EXACT,ENTRY-OK,AGREES,,,,,0,TryTestSkill,UE reflection exec_thunk; name verified via FFunctionParams,bare,1,docs/tutorial-playability-plan.md,BPCallable,"TryTestSkill        native+0x548AB20  Parms1 (ret bool)  Native,BPCallable   <- START a lesson"
0x54A58B0,.text,MissionsModel,UMissionsModel::CreateMissionModelFromFinalProgress,UMissionsModel,EXACT,ENTRY-OK,AGREES,,,,,0,CreateMissionModelFromFinalProgress,UE reflection exec_thunk; name verified via FFunctionParams,labeled,3,docs/missions-nativecall6-marker.txt;docs/missions-nativecall8-marker.txt;docs/session-52-missions-page-decompiled.txt,FFrame,[2] MissionsModel=0x262FDC71180 func=00000262029548B0 thunk=0x7FF6BA9958B0(rva 0x54A58B0) childProps=0x262457E8C80 gameTid=39960
0x54A5A20,.text,GetActiveMissionModel,UMissionsModel::GetActiveMissionModel,UMissionsModel,EXACT,ENTRY-OK,AGREES,,,,,0,GetActiveMissionModel,UE reflection exec_thunk; name verified via FFunctionParams,labeled,1,docs/lokiassetmanager-vtable-dump.md,,| GetActiveMissionModel | 0x0058FEFF | 0x16AC8904A90 | 0x7FF664B75A20 (RVA +0x54A5A20) |
0x54A6070,.text,MissionsModel,UMissionsModel::GetMissionModel,UMissionsModel,EXACT,ENTRY-OK,AGREES,,,,,0,GetMissionModel,UE reflection exec_thunk; name verified via FFunctionParams,labeled,1,docs/missions-nativecall7-marker.txt,,[2] MissionsModel=0x21E3D78A000 func=0000021D5A0B4D60 thunk=0x7FF6BA996070(rva 0x54A6070) childProps=0x21D9C827500 gameTid=80652
0x54A6210,.text,GetMissions,UMissionsModel::GetMissions,UMissionsModel,EXACT,ENTRY-OK,AGREES,,,,,0,GetMissions,UE reflection exec_thunk; name verified via FFunctionParams,labeled,1,docs/missions-nativecall5-marker.txt,MissionsModel,[2] MissionsModel=0x262FDC71180 GetMissions=0000026202954F40 thunk=0x7FF6BA996210(rva 0x54A6210) gameTid=39960
0x54B5380,.text,TryPickMyHeroAndCosmetics,UPartyManager::TryPickMyHeroAndCosmetics,UPartyManager,EXACT,ENTRY-OK,AGREES,,,,,0,TryPickMyHeroAndCosmetics,UE reflection exec_thunk; name verified via FFunctionParams,bare,7,docs/session-49-click-center-offline-model.txt;docs/session-49-pickup-selected-hunter-click-routing.txt;docs/session-50-pickup-mainmenu-refresh.txt;memory/supervive-hero-roster-blocker.md;tools/sigbypass-mod/pick_probe.cpp,TryPick;SelectedHeroAsset;WBP_HeroPicker_C,picker SelectedHeroAsset+0x10D8; TryPick impl +0x58467E0 / exec +0x54B5380 / FName 0x005904F7.
0x54B54BE,.text,,UPartyManager::TryPickMyHeroAndCosmetics,UPartyManager,EXACT,INTERIOR,NO-RECORDED-NAME,0x54B5380,+0x13E,pdata-EXACT,356,0,,containing fn is a verified UE Z_Construct stub,labeled,1,memory/supervive-hero-roster-blocker.md,,"+0x54B5380 (unpacks BP params, calls impl at +0x54B54BE); **impl +0x58467E0**; impl calls pick ACTION"
0x54B5F70,.text,PartyManager::TryStartSoloMode,UPartyManager::TryStartSoloMode,UPartyManager,EXACT,ENTRY-OK,AGREES,,,,,0,TryStartSoloMode,UE reflection exec_thunk; name verified via FFunctionParams,labeled,8,docs/next-session-prompt-s62.md;docs/session-61-tutorial-match-setup.txt;memory/supervive-tutorial-launch-status.md,UPartyManager::TryStartSoloMode;UPartyManager;UFunction,- `UPartyManager::TryStartSoloMode` impl @ `0x7FF6BAD6A980` (rva `0x587A980`); exec thunk rva `0x54B5F70`.
0x54B6123,.text,PartyManager,UPartyManager::TryStartSoloMode,UPartyManager,EXACT,INTERIOR,NO-NAME-EVIDENCE,0x54B5F70,+0x1B3,pdata-EXACT,490,0,,containing fn is a verified UE Z_Construct stub,labeled,1,docs/session-61-tutorial-match-setup.txt,,"impl at 0x54B6123: `mov rcx,r12(this=PartyManager); call 0x7FF6BAD6A980`; stores the returned bool to Result."
0x54D6090,.text,,,,,ENTRY-OK,NO-RECORDED-NAME,0x54D6090,+0x0,pdata-EXACT,22,0,,,bare,1,memory/supervive-passes-battlepass-status.md,,"byte[PM+0x208],0; je false; else value-copy PM+0x90→out (0x54D6090); ret true`. PM+0x90 = account"
0x54D8190,.text,GetMissionsModel,UProgressionManager::GetMissionsModel,UProgressionManager,EXACT,ENTRY-OK,AGREES,,,,,0,GetMissionsModel,UE reflection exec_thunk; name verified via FFunctionParams,labeled,4,docs/missions-nativecall4-marker.txt;docs/session-54-ds-missions-replication.txt;docs/session-55-native-call-primitive.txt,ProgMgr;ProgressionManager;MissionsModel,[2] ProgMgr=0x26200D67A20 GetMissionsModel=0000026202964990 thunk=0x7FF6BA9C8190(rva 0x54D8190) knownMM=0x262FDC71180 gameTid=39960
0x54F8DC0,.text,,,,LOW,ENTRY-OK,NO-RECORDED-NAME,0x54F8DC0,+0x0,pdata-EXACT,125,1,"Mismatch NumStructBasesInChainMinusOne: %d, NumParentStructBasesInChai",no diagnostic string,bare,2,docs/tutorial-playability-plan.md,,0x54F8DC0 (al==0:FAIL); 0x55B13C0 (al==0:FAIL); byte[rdi+0x1BE8]!=0:FAIL
0x54F8E40,.text,,,,LOW,ENTRY-OK,NO-RECORDED-NAME,0x54F8E40,+0x0,pdata-EXACT,125,1,"Mismatch NumStructBasesInChainMinusOne: %d, NumParentStructBasesInChai",no diagnostic string,bare,1,docs/tutorial-playability-plan.md,,rdi=[rsi+0x3D8]; if rdi: 0x54F8E40 al==0=>skip; 0x56BFA00 -> byte[rax+0x5D0]
0x5512397,.text,LokiCharacterMovementComponent,,,LOW,INTERIOR,NO-NAME-EVIDENCE,0x5512380,+0x17,pdata-EXACT,125,1,"Mismatch NumStructBasesInChainMinusOne: %d, NumParentStructBasesInChai",no diagnostic string,bare,2,docs/session-81-disconnect-characterized.txt,,+0x5512397 +0x555D723 +0x56CEA46 +0x56CC961 +0x544CF74   (0x54x-0x56x =
0x5516F20,.text,,,,,ENTRY-OK,NO-RECORDED-NAME,0x5516F20,+0x0,pdata-EXACT,55,0,,,labeled,1,memory/supervive-passes-battlepass-status.md,,tail-jmp 0x5516F20) — in the PM cluster. NB the PM slot layout is MORE NUANCED than the S82-part-3
0x555D723,.text,LokiCharacterMovementComponent,,,,UNVERIFIABLE,n/a,,,,,0,,page 0x555D000 is all-zero in this dump (never decrypted),bare,2,docs/session-81-disconnect-characterized.txt,,+0x5512397 +0x555D723 +0x56CEA46 +0x56CC961 +0x544CF74   (0x54x-0x56x =
0x55608DB,.text,,,,,INTERIOR,NO-RECORDED-NAME,0x55607E0,+0xFB,MED-heuristic,256,0,,,"bare,labeled",2,memory/supervive-passes-battlepass-status.md,,"`mov byte[rbx+0x208],1` is at RVA 0x55608DB (fills a struct at rbx+0x210 via 0x564FD00, then sets +0x208,"
0x55608E0,.text,,,,,ENTRY-OK,NO-RECORDED-NAME,0x55608E0,+0x0,pdata-EXACT,45,0,,,bare,2,docs/session-83-passes-tier-grid-solved.txt;memory/supervive-passes-battlepass-status.md,,"Also falsified: `0x55608E0` as the ingester — its callee page `0x564FD00` is all-zero in vmbuild,"
0x55899C0,.text,StaticRegisterNatives,,,,ENTRY-OK,NO-NAME-EVIDENCE,0x55899C0,+0x0,pdata-EXACT,110,0,,,"bare,labeled",5,docs/next-session-prompt-skins-render.md;docs/session-53-customization-persistence.md;memory/supervive-customization-persistence.md;tools/sigbypass-mod/loadout_fix.cpp,FPrimaryAssetId,"@RVA 0x52B3400; native impl @RVA 0x55899C0 (C ABI `FPrimaryAssetId* fn(out /*rcx*/, hero /*rdx*/)`)."
0x558BD90,.text,LokiCMC::GetMaxSpeed,,,,ENTRY-OK,NO-NAME-EVIDENCE,0x558BD90,+0x0,pdata-EXACT,64,0,,,anchored,4,docs/next-session-prompt-s81.md;git-log;memory/supervive-dedicated-server-status.md,,-> tail-call `jmp [hero_vtable+0xC00]` (slot 384) = base+0x558BD90
0x55AC9F0,.text,hero::GetMaxSpeed,,,,ENTRY-OK,NO-NAME-EVIDENCE,0x55AC9F0,+0x0,pdata-EXACT,54,0,,,anchored,7,docs/next-session-prompt-s81.md;git-log;memory/supervive-dedicated-server-status.md;tools/sigbypass-mod/ds_hybrid.cpp,CalcVelocity,"-> base+0x55AC9F0 : `mov rbx,[rcx+0xF08] ; test rbx,rbx ; je -> return 0`"
0x55ACB90,.text,LokiCharacterMovementComponent::GetMaxSpeed,,,,ENTRY-OK,NO-NAME-EVIDENCE,0x55ACB90,+0x0,pdata-EXACT,41,0,,,"anchored,bare",6,docs/next-session-prompt-s81.md;docs/session-81-disconnect-characterized.txt;git-log;memory/supervive-dedicated-server-status.md,GetMaxSpeed;MoveForward;LokiCMC::GetMaxSpeed,LokiCharacterMovementComponent::GetMaxSpeed  [CMC vtable slot 153 = +0x4c8] = base+0x55ACB90
0x55ACB96,.text,MovementMode,,,,INTERIOR,NO-NAME-EVIDENCE,0x55ACB90,+0x6,pdata-EXACT,41,0,,,anchored,2,git-log;memory/supervive-dedicated-server-status.md,CustomMovementMode,override down its constant-return early-out (`MovementMode==7 && CustomMovementMode==1` at base+0x55ACB96) or its base
0x55B13C0,.text,,,,,UNVERIFIABLE,n/a,,,,,0,,page 0x55B1000 is all-zero in this dump (never decrypted),bare,2,docs/tutorial-playability-plan.md,,0x54F8DC0 (al==0:FAIL); 0x55B13C0 (al==0:FAIL); byte[rdi+0x1BE8]!=0:FAIL
0x55B27F0,.text,,,,,UNVERIFIABLE,n/a,,,,,0,,page 0x55B2000 is all-zero in this dump (never decrypted),bare,1,docs/tutorial-playability-plan.md,,"else 0x55B27F0(rsi); test al,al; jne => FAIL)"
0x55DB6DE,.text,,,,,INTERIOR,NO-RECORDED-NAME,0x55DB6C0,+0x1E,HIGH-heuristic,32,0,,,bare,1,tools/sigbypass-mod/tutorial_launch.cpp,,"constexpr uintptr_t kGetRva=0x55DB6DE, kStoreGetterRva=0x5690AC0;   // checked Get 0x7FF6BAACB6DE, storeGetter 0x7FF6BAB80AC0"
0x560AFE0,.text,DropIn,,,,ENTRY-OK,NO-NAME-EVIDENCE,0x560AFE0,+0x0,pdata-EXACT,103,0,,,"anchored,bare,labeled",5,docs/session-61-tutorial-match-setup.txt;docs/tutorial-launch-cmd.txt;memory/supervive-tutorial-launch-status.md,BattleRoyale;ALokiGameMode,match modes (ALokiGameMode/Round/Tutorial/BattleRoyale/DropIn) = 0x7FF6BAAFAFE0 (rva 0x560AFE0)
0x560F200,.text,GoToPhase,,,,UNVERIFIABLE,n/a,,,,,0,,page 0x560F000 is all-zero in this dump (never decrypted),labeled,2,docs/tutorial-playability-plan.md;memory/supervive-tutorial-launch-status.md,BPCallable,"- Round phase machine drivable: native `GoToPhase` (thunk rva 0x560F200); {2,3,6,7} -> Combat stable (S74)."
0x560F210,.text,GoToPhase,,,,UNVERIFIABLE,n/a,,,,,0,,page 0x560F000 is all-zero in this dump (never decrypted),bare,1,docs/session-74-b2-roundadvance-recon.md,,"0x560F210/0x560F27C reached via the GoToPhase thunk (0x7FF6BA947270, +0x70 into the resolved thunk) from the"
0x560F27C,.text,GoToPhase,,,,UNVERIFIABLE,n/a,,,,,0,,page 0x560F000 is all-zero in this dump (never decrypted),bare,1,docs/session-74-b2-roundadvance-recon.md,,"0x560F210/0x560F27C reached via the GoToPhase thunk (0x7FF6BA947270, +0x70 into the resolved thunk) from the"
0x560F8AE,.text,,,,,UNVERIFIABLE,n/a,,,,,0,,page 0x560F000 is all-zero in this dump (never decrypted),labeled,2,docs/session-74-b2-roundadvance-recon.md;docs/session-74-pathA-step0-null.md,,`Unhandled Exception: EXCEPTION_ACCESS_VIOLATION reading address 0x0` — callstack top frames rva ~0x560F8AE/
0x562BC70,.text,LokiAssetLoader,,,,ENTRY-OK,NO-NAME-EVIDENCE,0x562BC70,+0x0,pdata-EXACT,31,0,,,"bare,labeled",11,docs/session-83-84-summary.md;docs/session-83-passes-tier-grid-solved.txt;memory/supervive-passes-battlepass-status.md;tools/sigbypass-mod/battlepass_adopt_fix.cpp,ResolveKey;LokiDataAsset_ProgressionTrack;IsChildOf,"* The old note ""P = S[+0x238]"" is WRONG. Live: `0x562BC70` → LokiAssetLoader, `0x562BED0` → **P ="
0x562BED0,.text,HuntersJourney_C,,,,ENTRY-OK,NO-NAME-EVIDENCE,0x562BED0,+0x0,pdata-EXACT,47,0,,,"bare,labeled",12,docs/session-83-84-summary.md;docs/session-83-passes-tier-grid-solved.txt;git-log;memory/supervive-passes-battlepass-status.md;tools/sigbypass-mod/battlepass_adopt_fix.cpp,LokiAssetLoader;BlueprintGeneratedClass;ResolveKey,"* The old note ""P = S[+0x238]"" is WRONG. Live: `0x562BC70` → LokiAssetLoader, `0x562BED0` → **P ="
0x562E9F6,.text,GetHeroAssetFromPrimaryAssetId,,,,INTERIOR,NO-NAME-EVIDENCE,0x562E970,+0x86,HIGH-heuristic,144,0,,,"bare,labeled",15,docs/session-46-bp-hero-list-filter-FOUND.txt;docs/session-47-pickup.txt;docs/session-47-tile-widget-FOUND.txt;docs/session-48-pickup.txt;docs/session-49-pickup-selected-hunter-click-routing.txt;git-log,GetHeroCharacterList;ReturnValue;LokiAssetBlueprintLibrary,a sibling in LokiAssetBlueprintLibrary. Disassembled the impl (entry +0x562E9F6; args rcx=out
0x562EA00,.text,OutputExecs,Failed to load hero asset with ID %s,,LOW,ENTRY-OK,DISAGREES,0x562EA00,+0x0,pdata-EXACT,379,1,Failed to load hero asset with ID %s,"best string, score 56","bare,labeled",3,docs/session-46-bp-hero-list-filter-FOUND.txt;memory/supervive-hero-roster-blocker.md,GetHeroCharacterList;GetHeroAssetFromPrimaryAssetId,"0x7FF6880AEA00 (RVA +0x562EA00) — the impl sits IMMEDIATELY BEFORE GetHeroCharacterList (+0x562EB7B),"
0x562EA11,.text,OutputExecs,Failed to load hero asset with ID %s,,LOW,INTERIOR,DISAGREES,0x562EA00,+0x11,pdata-EXACT,379,1,Failed to load hero asset with ID %s,"best string, score 56",bare,4,docs/session-46-bp-hero-list-filter-FOUND.txt;git-log;memory/supervive-hero-roster-blocker.md,,"+0x562EA11  mov byte [r8], 0x1                                  ; *** OutputExecs = 1 (REJECT) by default"
0x562EA15,.text,OutputExecs,Failed to load hero asset with ID %s,,LOW,INTERIOR,DISAGREES,0x562EA00,+0x15,pdata-EXACT,379,1,Failed to load hero asset with ID %s,"best string, score 56",bare,1,tools/sigbypass-mod/hero_resolve_probe.cpp,,"// At +0x562EB2E: r15=OutputExecs ptr, rdi=the object being returned, r14=id ptr (set +0x562EA15)."
0x562EA18,.text,,Failed to load hero asset with ID %s,,LOW,INTERIOR,NO-RECORDED-NAME,0x562EA00,+0x18,pdata-EXACT,379,1,Failed to load hero asset with ID %s,"best string, score 56",bare,1,docs/session-46-bp-hero-list-filter-FOUND.txt,,"+0x562EA18  cmp [id.Type], [rip global] ; jz .. else reject     ; only Hero-type ids proceed"
0x562EA40,.text,GetCatalogManagerSingleton,Failed to load hero asset with ID %s,,LOW,INTERIOR,DISAGREES,0x562EA00,+0x40,pdata-EXACT,379,1,Failed to load hero asset with ID %s,"best string, score 56",bare,3,docs/session-46-bp-hero-list-filter-FOUND.txt,,+0x562EA40  call +0x565E1C0            ; GetCatalogManagerSingleton (vtable slot 49 [rax+0x188] +
0x562EA45,.text,,Failed to load hero asset with ID %s,,LOW,INTERIOR,NO-RECORDED-NAME,0x562EA00,+0x45,pdata-EXACT,379,1,Failed to load hero asset with ID %s,"best string, score 56",bare,1,docs/session-46-bp-hero-list-filter-FOUND.txt,,+0x562EA45  test rax; jz REJECT
0x562EA51,.text,GetHeroAssetFromPrimaryAssetId,Failed to load hero asset with ID %s,,LOW,INTERIOR,AGREES,0x562EA00,+0x51,pdata-EXACT,379,1,Failed to load hero asset with ID %s,"best string, score 56","bare,labeled",16,docs/catalog-probe-marker.txt;docs/session-46-bp-hero-list-filter-FOUND.txt;docs/session-47-pickup.txt;git-log;memory/supervive-hero-roster-blocker.md;tools/sigbypass-mod/catalog_probe.cpp,SafeReadable;RingLogf;RingLog,[patch] resolver +0x562EA51 patched at Hero call -> capStub 00007FF68D470000
0x562EA56,.text,TMap,Failed to load hero asset with ID %s,,LOW,INTERIOR,NO-RECORDED-NAME,0x562EA00,+0x56,pdata-EXACT,379,1,Failed to load hero asset with ID %s,"best string, score 56",bare,2,docs/session-46-bp-hero-list-filter-FOUND.txt;tools/sigbypass-mod/catalog_probe.cpp,,"+0x562EA56  mov rsi, rax                    ;   owns an embedded TMap)"
0x562EA59,.text,,Failed to load hero asset with ID %s,,LOW,INTERIOR,NO-RECORDED-NAME,0x562EA00,+0x59,pdata-EXACT,379,1,Failed to load hero asset with ID %s,"best string, score 56",bare,1,docs/session-46-bp-hero-list-filter-FOUND.txt,,+0x562EA59  test rsi; jz REJECT
0x562EA62,.text,TMap,Failed to load hero asset with ID %s,,LOW,INTERIOR,NO-RECORDED-NAME,0x562EA00,+0x62,pdata-EXACT,379,1,Failed to load hero asset with ID %s,"best string, score 56",bare,2,docs/session-46-bp-hero-list-filter-FOUND.txt;docs/session-47-pickup.txt,,"+0x562EA62  mov ecx,[rsi+0xc]; shr 0x1e; not cl; test cl,1; jz REJECT   ; reject if [rsi+0xc] bit30 set"
0x562EA7D,.text,,Failed to load hero asset with ID %s,,LOW,INTERIOR,NO-RECORDED-NAME,0x562EA00,+0x7D,pdata-EXACT,379,1,Failed to load hero asset with ID %s,"best string, score 56",bare,1,docs/session-46-bp-hero-list-filter-FOUND.txt,,"+0x562EA7D  cmp id.Type, [global]; jnz REJECT                           ; must be Hero type"
0x562EA8B,.text,,Failed to load hero asset with ID %s,,LOW,INTERIOR,NO-RECORDED-NAME,0x562EA00,+0x8B,pdata-EXACT,379,1,Failed to load hero asset with ID %s,"best string, score 56",bare,1,docs/session-46-bp-hero-list-filter-FOUND.txt,,+0x562EA8B  hash the id (call +0x12EA210)
0x562EA90,.text,TMap,Failed to load hero asset with ID %s,,LOW,INTERIOR,NO-RECORDED-NAME,0x562EA00,+0x90,pdata-EXACT,379,1,Failed to load hero asset with ID %s,"best string, score 56",bare,1,docs/session-46-bp-hero-list-filter-FOUND.txt,,+0x562EA90..  search rsi's embedded TMap (fields at rsi+0x30/+0x38/+0x64/+0x68/+0x70/+0x78) for the id
0x562EAD5,.text,TMap,Failed to load hero asset with ID %s,,LOW,INTERIOR,NO-RECORDED-NAME,0x562EA00,+0xD5,pdata-EXACT,379,1,Failed to load hero asset with ID %s,"best string, score 56",bare,1,tools/sigbypass-mod/hero_resolve_probe.cpp,,// TMap-hit path (+0x562EAD5 jz +0x562EB02) and the cookie path converge to:
0x562EAE1,.text,,Failed to load hero asset with ID %s,,LOW,INTERIOR,NO-RECORDED-NAME,0x562EA00,+0xE1,pdata-EXACT,379,1,Failed to load hero asset with ID %s,"best string, score 56",bare,1,docs/session-46-bp-hero-list-filter-FOUND.txt,,"- MISS  -> +0x562EAE1 -> (if global>=2) cookie-resolver +0x12F4230, checks [rax+8]; else REJECT"
0x562EB02,.text,TMap,Failed to load hero asset with ID %s,,LOW,INTERIOR,NO-RECORDED-NAME,0x562EA00,+0x102,pdata-EXACT,379,1,Failed to load hero asset with ID %s,"best string, score 56",bare,1,tools/sigbypass-mod/hero_resolve_probe.cpp,,// TMap-hit path (+0x562EAD5 jz +0x562EB02) and the cookie path converge to:
0x562EB1A,.text,,Failed to load hero asset with ID %s,,LOW,INTERIOR,NO-RECORDED-NAME,0x562EA00,+0x11A,pdata-EXACT,379,1,Failed to load hero asset with ID %s,"best string, score 56",bare,1,tools/sigbypass-mod/hero_resolve_probe.cpp,,"//   +0x562EB1A  mov rdi,[rax]          ; rdi = *(entry+0x10) = the resolved object (returned in RAX)"
0x562EB22,.text,TMap,Failed to load hero asset with ID %s,,LOW,INTERIOR,NO-RECORDED-NAME,0x562EA00,+0x122,pdata-EXACT,379,1,Failed to load hero asset with ID %s,"best string, score 56","bare,labeled",3,docs/session-46-bp-hero-list-filter-FOUND.txt;docs/session-47-pickup.txt;tools/sigbypass-mod/hero_resolve_probe.cpp,,... resolve id -> object (TMap find + object fetch); at +0x562EB22 check obj flags
0x562EB2E,.text,NearAlloc,Failed to load hero asset with ID %s,,LOW,INTERIOR,DISAGREES,0x562EA00,+0x12E,pdata-EXACT,379,1,Failed to load hero asset with ID %s,"best string, score 56","bare,labeled",23,docs/hero-resolve-probe-marker.txt;docs/session-46-bp-hero-list-filter-FOUND.txt;docs/session-47-pickup.txt;docs/session-47-tile-widget-FOUND.txt;docs/session-49-pickup-selected-hunter-click-routing.txt;git-log,OutputExecs;RingLogf;RingLog,[patch] keep-set +0x562EB2E patched -> keepStub 00007FF68D470000
0x562EB32,.text,,Failed to load hero asset with ID %s,,LOW,INTERIOR,NO-RECORDED-NAME,0x562EA00,+0x132,pdata-EXACT,379,1,Failed to load hero asset with ID %s,"best string, score 56",bare,1,tools/sigbypass-mod/hero_resolve_probe.cpp,,"//   +0x562EB32  jmp +0x562EB5D         ; -> epilogue (mov rax,rdi ; ret)"
0x562EB34,.text,,Failed to load hero asset with ID %s,,LOW,INTERIOR,NO-RECORDED-NAME,0x562EA00,+0x134,pdata-EXACT,379,1,Failed to load hero asset with ID %s,"best string, score 56",bare,1,docs/session-46-bp-hero-list-filter-FOUND.txt,,"(failure path +0x562EB34 -> call +0x562EB49 = the ""Invalid Primary Asset Type/Id"" warning S45 saw)"
0x562EB49,.text,,Failed to load hero asset with ID %s,,LOW,INTERIOR,NO-RECORDED-NAME,0x562EA00,+0x149,pdata-EXACT,379,1,Failed to load hero asset with ID %s,"best string, score 56",labeled,1,docs/session-46-bp-hero-list-filter-FOUND.txt,,"(failure path +0x562EB34 -> call +0x562EB49 = the ""Invalid Primary Asset Type/Id"" warning S45 saw)"
0x562EB5D,.text,OutputExecs,Failed to load hero asset with ID %s,,LOW,INTERIOR,DISAGREES,0x562EA00,+0x15D,pdata-EXACT,379,1,Failed to load hero asset with ID %s,"best string, score 56","bare,labeled",6,docs/session-47-tile-widget-FOUND.txt;tools/sigbypass-mod/hero_resolve_probe.cpp,,"(OutputExecs=0=KEEP), records {id.Type, id.Name, rdi=the returned object}, and `jmp +0x562EB5D` (epilogue)."
0x562EB7B,.text,GetHeroCharacterList,Failed to load hero asset with ID %s,,LOW,INTERIOR,AGREES,0x562EA00,+0x17B,MED-heuristic,384,1,Failed to load hero asset with ID %s,"best string, score 56","bare,labeled",10,docs/session-45-crash-capture-tooling-and-gate.txt;docs/session-46-bp-hero-list-filter-FOUND.txt;docs/session-47-pickup.txt;docs/session-47-tile-widget-FOUND.txt;docs/session-48-pickup.txt;memory/supervive-hero-roster-blocker.md,GetPrimaryAssetIdList;WorldContext;AssetListKind,"grid-widget populate fn (caller 1, +0x562EB7B..) has `this` in rcx (mov rbx,rcx). It calls"
0x562EB8D,.text,AssetListKind,,,,INTERIOR,NO-NAME-EVIDENCE,0x562EB80,+0xD,pdata-EXACT,135,0,,,bare,1,docs/session-46-bp-hero-list-filter-FOUND.txt,,"+0x562EB8D  movzx edi, r8b                 ; dil = AssetListKind"
0x562EB97,.text,OutList,,,,INTERIOR,NO-NAME-EVIDENCE,0x562EB80,+0x17,pdata-EXACT,135,0,,,bare,1,docs/session-46-bp-hero-list-filter-FOUND.txt,,"+0x562EB97  mov [rdx+8], 0                 ; OutList.Num = 0  (clear)"
0x562EBCC,.text,AssetManager,,,,INTERIOR,NO-NAME-EVIDENCE,0x562EB80,+0x4C,pdata-EXACT,135,0,,,bare,1,docs/session-46-bp-hero-list-filter-FOUND.txt,,... resolve this->[vtbl+0x188]() (slot 49) -> holder ; get AssetManager (+0x562EBCC) ...
0x562EBDA,.text,AssetListKind,,,,INTERIOR,NO-NAME-EVIDENCE,0x562EB80,+0x5A,pdata-EXACT,135,0,,,bare,1,docs/session-46-bp-hero-list-filter-FOUND.txt,,"+0x562EBDA  cmp dil, 3 ; jnb return        ; AssetListKind >= 3 => bail (empty)"
0x562EBEA,.text,,,,,INTERIOR,NO-RECORDED-NAME,0x562EB80,+0x6A,pdata-EXACT,135,0,,,bare,1,docs/session-46-bp-hero-list-filter-FOUND.txt,,"+0x562EBEA  mov rdx, [Hero FName global]"
0x562EBF7,.text,GetPrimaryAssetIdList,,,,INTERIOR,NO-NAME-EVIDENCE,0x562EB80,+0x77,pdata-EXACT,135,0,,,"bare,labeled",13,docs/session-45-crash-capture-tooling-and-gate.txt;docs/session-46-bp-hero-list-filter-FOUND.txt;docs/session-46-pickup.txt;docs/session-47-pickup.txt;docs/session-47-tile-widget-FOUND.txt;memory/supervive-hero-roster-blocker.md,GetIdList;AssetMgr;AssetListKind,"`call [r10+0x370]` (slot 110) at +0x562EBF7. AFTER it returns, the populate loop (over the"
0x562EBFE,.text,GetIdList,,,,INTERIOR,NO-RECORDED-NAME,0x562EB80,+0x7E,pdata-EXACT,135,0,,,"bare,labeled",13,docs/session-45-crash-capture-tooling-and-gate.txt;docs/session-46-bp-hero-list-filter-FOUND.txt;docs/session-46-pickup.txt;docs/session-47-pickup.txt;docs/session-47-tile-widget-FOUND.txt;docs/trace-caller-marker.txt,AssetListKind;GetPrimaryAssetIdList;ChangeBundleState,caller RVA +0x562EBFE   and   caller RVA +0x3965BFC
0x562EC26,.text,AssetListKind,,,,INTERIOR,NO-NAME-EVIDENCE,0x562EC07,+0x1F,pdata-EXACT,254,0,,,bare,2,docs/session-46-bp-hero-list-filter-FOUND.txt,,"+0x562EC26  sub ecx,1; jz .. ; cmp ecx,1;  ; AssetListKind 1 vs 2 dispatch -> the flag-gate loop"
0x562EC85,.text,TMap,,,,INTERIOR,NO-RECORDED-NAME,0x562EC07,+0x7E,pdata-EXACT,254,0,,,bare,4,docs/session-45-crash-capture-tooling-and-gate.txt;tools/sigbypass-mod/probe_r14.cpp,,"(+0x562EC85, an E8 rel32) to a log-stub that records rcx(=r14) + [r14+0x60] TMap header/keys"
0x5633EE8,.text,LogLokiAssetLoader,Failed to load store offer asset with ID %s,,LOW,INTERIOR,AGREES,0x5633D90,+0x158,pdata-EXACT,408,1,Failed to load store offer asset with ID %s,"best string, score 56",bare,1,memory/supervive-store-status.md,,"@ **modRVA 0x5633EE8** (log call 0x5633EF6, LogLokiAssetLoader). Disasm shows the fn"
0x5633EF6,.text,LogLokiAssetLoader,Failed to load store offer asset with ID %s,,LOW,INTERIOR,AGREES,0x5633D90,+0x166,pdata-EXACT,408,1,Failed to load store offer asset with ID %s,"best string, score 56",labeled,1,memory/supervive-store-status.md,,"@ **modRVA 0x5633EE8** (log call 0x5633EF6, LogLokiAssetLoader). Disasm shows the fn"
0x564FD00,.text,,,,,UNVERIFIABLE,n/a,,,,,0,,page 0x564F000 is all-zero in this dump (never decrypted),bare,7,docs/session-83-passes-tier-grid-solved.txt;memory/supervive-passes-battlepass-status.md,,"Also falsified: `0x55608E0` as the ingester — its callee page `0x564FD00` is all-zero in vmbuild,"
0x565E1C0,.text,CatalogManager,,,,ENTRY-OK,NO-NAME-EVIDENCE,0x565E1C0,+0x0,pdata-EXACT,30,0,,,"bare,labeled",21,docs/session-45-crash-capture-tooling-and-gate.txt;docs/session-46-bp-hero-list-filter-FOUND.txt;docs/session-46-pickup.txt;docs/session-47-pickup.txt;git-log;memory/supervive-hero-roster-blocker.md,GetCatalogManagerSingleton;FPrimaryAssetId;CatalogEntry,r14 = Singleton(+0x565E1C0)->[+0x1f0]->[+0x190]  (a NESTED member of a game singleton; NOT the
0x5690AC0,.text,,,,,ENTRY-OK,NO-RECORDED-NAME,0x5690AC0,+0x0,pdata-EXACT,16,0,,,bare,1,tools/sigbypass-mod/tutorial_launch.cpp,,"constexpr uintptr_t kGetRva=0x55DB6DE, kStoreGetterRva=0x5690AC0;   // checked Get 0x7FF6BAACB6DE, storeGetter 0x7FF6BAB80AC0"
0x5693D20,.text,PlayerState,,,,ENTRY-OK,NO-NAME-EVIDENCE,0x5693D20,+0x0,pdata-EXACT,61,0,,,bare,1,docs/tutorial-playability-plan.md,,"**base+0x56BDF10** (the ""local player"" accessor): `0x5693D20(rcx)` -> holder; `lea rbx,[holder+0x3C0]` (= PC->PlayerState);"
0x569A1B1,.text,MoveForward,,,,UNVERIFIABLE,n/a,,,,,0,,page 0x569A000 is all-zero in this dump (never decrypted),"anchored,bare",7,docs/fk2-input-settled.md;docs/next-session-prompt-s81.md;docs/session-81-disconnect-characterized.txt;git-log;memory/supervive-dedicated-server-status.md;tools/sigbypass-mod/ds_hybrid.cpp,LokiPlayerController::MoveForward;GetMaxSpeed;ProcessInternal,> movement. Disasm shows it is the SPECTATOR/free-cam path — at `base+0x569A1B1` it does
0x56BA9E0,.text,IAbilitySystemInterface::GetAbilitySystemComponent,,,,UNVERIFIABLE,n/a,,,,,0,,page 0x56BA000 is all-zero in this dump (never decrypted),"bare,labeled",9,docs/coverage-audit-s101.md;docs/session-74-pathA-step0-null.md;docs/session-99-animation-verified.md;git-log;memory/supervive-tutorial-launch-status.md,PlayerState;LokiPlayerState_HeroAffiliated;IAbilitySystemInterface,"**The current frontier is one field.** S102 (`f6a7985`, HEAD) disassembled `TryUpdateAbilitySystem`, **falsified** the RPC-dispatch-stub theory (the `+0xE0` thunk is a textbook exec-thunk tail-jumping"
0x56BAA00,.text,RawCall1,,,,UNVERIFIABLE,n/a,,,,,0,,page 0x56BA000 is all-zero in this dump (never decrypted),"anchored,bare",6,docs/tutorial-playability-plan.md;tools/sigbypass-mod/tutorial_launch.cpp,PlayerState,"call base+0x56BAA00  (rcx=rdi); cmp eax,0x1e ; if >=30 -> test byte[skill+0x393] -> if !=0 FAIL"
0x56BDF10,.text,PlayerState,,,,ENTRY-OK,NO-NAME-EVIDENCE,0x56BDF10,+0x0,pdata-EXACT,19,0,,,"anchored,bare",8,docs/tutorial-playability-plan.md;tools/sigbypass-mod/tutorial_launch.cpp,LokiPlayerState;CanTestSkill;RawCall1,call base+0x56BDF10  (rcx=result)  -> rdi; if NULL: FAIL     ; ★ resolves the LOCAL HERO / player
0x56BFA00,.text,,,,,UNVERIFIABLE,n/a,,,,,0,,page 0x56BF000 is all-zero in this dump (never decrypted),bare,1,docs/tutorial-playability-plan.md,,rdi=[rsi+0x3D8]; if rdi: 0x54F8E40 al==0=>skip; 0x56BFA00 -> byte[rax+0x5D0]
0x56CC961,.text,LokiCharacterMovementComponent,,,,INTERIOR,NO-NAME-EVIDENCE,0x56CC8D0,+0x91,pdata-EXACT,416,0,,,bare,2,docs/session-81-disconnect-characterized.txt,,+0x5512397 +0x555D723 +0x56CEA46 +0x56CC961 +0x544CF74   (0x54x-0x56x =
0x56CE5F0,.text,ServerSetHeroClass,,,,UNVERIFIABLE,n/a,,,,,0,,page 0x56CE000 is all-zero in this dump (never decrypted),"anchored,bare,labeled",8,docs/coverage-audit-s101.md;docs/session-99-animation-verified.md;git-log;memory/supervive-tutorial-launch-status.md,FUNC_Net;TryUpdateAbilitySystem;OnRep_HeroClass,"**The current frontier is one field.** S102 (`f6a7985`, HEAD) disassembled `TryUpdateAbilitySystem`, **falsified** the RPC-dispatch-stub theory (the `+0xE0` thunk is a textbook exec-thunk tail-jumping"
0x56CEA46,.text,LokiCharacterMovementComponent,,,,UNVERIFIABLE,n/a,,,,,0,,page 0x56CE000 is all-zero in this dump (never decrypted),bare,2,docs/session-81-disconnect-characterized.txt,,+0x5512397 +0x555D723 +0x56CEA46 +0x56CC961 +0x544CF74   (0x54x-0x56x =
0x56E5E30,.text,,,,,ENTRY-OK,NO-RECORDED-NAME,0x56E5E30,+0x0,pdata-EXACT,102,0,,,labeled,2,docs/lokiassetmanager-vtable-dump.md;git-log,,result). The actual impl is called at **0x7FF664DB5E30 (RVA +0x56E5E30)** —
0x56F0290,.text,,,,,ENTRY-OK,NO-RECORDED-NAME,0x56F0290,+0x0,pdata-EXACT,79,0,,,bare,3,docs/tutorial-playability-plan.md,,(when [skill+0x390]!=0): call 0x338C990 -> 0x56F0290 -> rdi (NULL:FAIL);
0x5794480,.text,CheckAccountPassChanges,,,,ENTRY-OK,NO-NAME-EVIDENCE,0x5794480,+0x0,pdata-EXACT,83,0,,,"bare,labeled",13,CLAUDE.md;docs/session-83-84-summary.md;docs/session-83-passes-tier-grid-solved.txt;git-log;memory/MEMORY.md;memory/supervive-passes-battlepass-status.md,BattlepassViewManager::CheckAccountPassChanges;BattlepassViewManager;GetAccountTrack,`CheckAccountPassChanges` (`0x5794480`) finds the view model by
0x579454B,.text,,,,,INTERIOR,NO-RECORDED-NAME,0x57944E3,+0x68,pdata-EXACT,166,0,,,bare,1,tools/sigbypass-mod/battlepass_adopt_fix.cpp,,"// Disasm @0x579454B: mov rcx,rsi; call 0x562BC70; test rax,rax; je bail"
0x5794631,.text,,,,LOW,INTERIOR,NO-RECORDED-NAME,0x5794589,+0xA8,pdata-EXACT,254,1,"Mismatch NumStructBasesInChainMinusOne: %d, NumParentStructBasesInChai",no diagnostic string,bare,1,tools/sigbypass-mod/battlepass_adopt_fix.cpp,,// The VM lookup key. Disasm @0x5794631..0x5794652:
0x5794652,.text,,,,LOW,INTERIOR,NO-RECORDED-NAME,0x5794589,+0xC9,pdata-EXACT,254,1,"Mismatch NumStructBasesInChainMinusOne: %d, NumParentStructBasesInChai",no diagnostic string,bare,1,tools/sigbypass-mod/battlepass_adopt_fix.cpp,,// The VM lookup key. Disasm @0x5794631..0x5794652:
0x5794670,.text,,,,LOW,INTERIOR,NO-RECORDED-NAME,0x5794589,+0xE7,pdata-EXACT,254,1,"Mismatch NumStructBasesInChainMinusOne: %d, NumParentStructBasesInChai",no diagnostic string,bare,1,docs/session-83-passes-tier-grid-solved.txt,,"test rax,rax ; je 0x5794670                             ; *** NOT FOUND -> SKIP THE POPULATE ***"
0x5794687,.text,,,,,ENTRY-OK,NO-RECORDED-NAME,0x5794687,+0x0,pdata-EXACT,50,0,,,bare,1,docs/session-83-passes-tier-grid-solved.txt,,"cookie, and EVERY downstream step is null-checked with a clean bail to 0x5794687. Worst case it"
0x57AB180,.text,FindVM,,,,ENTRY-OK,NO-NAME-EVIDENCE,0x57AB180,+0x0,pdata-EXACT,416,0,,,"bare,labeled",11,CLAUDE.md;docs/session-83-84-summary.md;docs/session-83-passes-tier-grid-solved.txt;git-log;memory/MEMORY.md;memory/supervive-passes-battlepass-status.md,ToString;HuntersJourney;ViewManager,"`P->GetPrimaryAssetId()` (vtbl **+0x1D0**) → `ToString` (`0x12F4230`) → `FindVM` (`0x57AB180`),"
0x57AB3C0,.text,GetIdList,,,,ENTRY-OK,NO-RECORDED-NAME,0x57AB3C0,+0x0,pdata-EXACT,105,0,,,"bare,labeled",17,docs/session-45-crash-capture-tooling-and-gate.txt;docs/session-46-bp-hero-list-filter-FOUND.txt;docs/session-46-pickup.txt;git-log;memory/supervive-hero-roster-blocker.md;tools/sigbypass-mod/probe_r14.cpp,CatalogEntry;GetPrimaryAssetIdList;CatalogManager,"lea rdx,[id]; mov rcx,r14; call +0x57AB3C0      ; PER-HERO LOOKUP into r14"
0x57AB6C0,.text,,,,,ENTRY-OK,NO-RECORDED-NAME,0x57AB6C0,+0x0,pdata-EXACT,45,0,,,bare,1,docs/session-45-crash-capture-tooling-and-gate.txt,,per-hero lookup fn = +0x57AB3C0 ; r14-producer = +0x57AB6C0 ; r14 singleton getter = +0x565E1C0
0x57B1130,.text,LevelClass,,,,ENTRY-OK,NO-NAME-EVIDENCE,0x57B1130,+0x0,pdata-EXACT,171,0,,,"bare,labeled",10,docs/session-82-passes-battlepass-shim.txt;docs/session-83-passes-tier-grid-solved.txt;memory/supervive-passes-battlepass-status.md;tools/re/battlepass_deep_probe.py,LokiBattlepassLevel;FindFunction;LevelsToDisplay,0x57B1130  level-enumerate (reads VM+0xE8 -> [asset+0xB8] LevelClass; level XP @+0x338)
0x57B9C00,.text,,,,,ENTRY-OK,NO-RECORDED-NAME,0x57B9C00,+0x0,pdata-EXACT,221,0,,,bare,6,docs/session-83-84-summary.md;docs/session-83-passes-tier-grid-solved.txt;memory/MEMORY.md;memory/supervive-passes-battlepass-status.md;tools/sigbypass-mod/battlepass_adopt_fix.cpp,,on that path (the non-account branch's copier `0x57B9C00` zeroes Levels and never calls Init
0x57BB560,.text,LevelsToDisplay,,,,ENTRY-OK,NO-NAME-EVIDENCE,0x57BB560,+0x0,pdata-EXACT,406,0,,,bare,11,CLAUDE.md;docs/session-83-84-summary.md;docs/session-83-passes-tier-grid-solved.txt;memory/MEMORY.md;memory/supervive-passes-battlepass-status.md;tools/sigbypass-mod/battlepass_adopt_fix.cpp,AccountPass,`0x57BB560`). Shim default `kArmSeasonal=false`. The real blocker is whatever drives the tab strip.
0x57BB700,.text,IsCatalogDataReady,,,,ENTRY-OK,NO-NAME-EVIDENCE,0x57BB700,+0x0,MED-heuristic,64,0,,,"bare,labeled",14,docs/session-47-tile-widget-FOUND.txt;docs/session-48-pickup.txt;docs/session-49-pickup-selected-hunter-click-routing.txt;docs/session-51-readygate-storefront-flag.txt;git-log;memory/supervive-hero-roster-blocker.md,CatalogManager;CatMgr;IsHidden,"IsCatalogDataReady impl (+0x57BB700, called via exec thunk +0x5260DD0) returns TRUE only if ALL FIVE bytes"
0x57BB722,.text,IsCatalogDataReady,,,,INTERIOR,NO-NAME-EVIDENCE,0x57BB700,+0x22,MED-heuristic,64,0,,,"bare,labeled",15,docs/session-47-tile-widget-FOUND.txt;docs/session-48-pickup.txt;docs/session-49-pickup-selected-hunter-click-routing.txt;docs/session-50-pickup-mainmenu-refresh.txt;git-log;memory/supervive-hero-roster-blocker.md,NOPs;CatMgr;IsHidden,"scan + NOP the jz at +0x57BB722 so the 5th flag is ignored) -> grid populates (screenshot-verified, PID 69684)."
0x57BBFCE,.text,,,,,INTERIOR,NO-RECORDED-NAME,0x57BBFA0,+0x2E,MED-heuristic,48,0,,,bare,2,docs/session-82-passes-battlepass-shim.txt;memory/supervive-passes-battlepass-status.md,,"tail: if BPIM+0x50 < BPIM+0x58 (target, hardcoded =1 at factory 0x57BBFCE) -> re-arm (0x57D84F0)."
0x57BF050,.text,,,,LOW,ENTRY-OK,NO-RECORDED-NAME,0x57BF050,+0x0,pdata-EXACT,248,1,NewObject with empty name can't be used to create default subobjects (,no diagnostic string,bare,2,docs/session-82-continue-prompt.txt;docs/session-82-passes-battlepass-shim.txt,,(C) Or RE the build-time +0xE8 resolver (near 0x57BF050) so the game's own build binds the asset
0x57C0000,.text,CurrentPublishedProgressionTracks,UPlatformInventoryManager::<binds OnSessionStateChanged>,UPlatformInventoryManager,CLASS-ONLY,INTERIOR,CLASS-ONLY-EVIDENCE,0x57BFF50,+0xB0,pdata-EXACT,1803,4,&UPlatformInventoryManager::OnLoginStateChanged | &UPlatformInventoryManager::OnClientConfigUpdated | &UPlatformInventoryManager::OnSessionStateChanged | NewObject with empty name can't be used to create default subobjects (,"all 3 qualified refs are &delegate literals -- class certain, method NOT the enclosing fn",bare,1,memory/supervive-passes-battlepass-status.md,,"battlepass cluster 0x57C0000-0x57E2000). Diagnostic string ""CurrentPublishedProgressionTracks has no"
0x57C1490,.text,OnError,,,,ENTRY-OK,NO-RECORDED-NAME,0x57C1490,+0x0,pdata-EXACT,49,0,,,bare,1,memory/supervive-passes-battlepass-status.md,,"0x57D84F0, not OnError's 0x57C1490). Enum short-forms SEASON_PASS/PROGRESSION_TRACK/PUBLISHED verified to"
0x57C1A00,.text,OnSuccess,,,,ENTRY-OK,NO-NAME-EVIDENCE,0x57C1A00,+0x0,pdata-EXACT,31,0,,,bare,2,docs/session-82-passes-battlepass-shim.txt;memory/supervive-passes-battlepass-status.md,OnError,cancel retry timer (0x57C1A00);
0x57C7BD0,.text,OnSuccess,,,,ENTRY-OK,NO-NAME-EVIDENCE,0x57C7BD0,+0x0,pdata-EXACT,11,0,,,bare,2,docs/session-82-passes-battlepass-shim.txt;memory/supervive-passes-battlepass-status.md,OnError,- Response body 0x57CFD90 fetches the endpoint; binds OnSuccess=0x57C8130 / OnError=0x57C7BD0.
0x57C8130,.text,OnSuccess,,,,ENTRY-OK,NO-NAME-EVIDENCE,0x57C8130,+0x0,pdata-EXACT,9,0,,,"bare,labeled",18,configs/inject-secondaries.ps1;docs/coverage-audit-s101.md;docs/session-82-continue-prompt.txt;docs/session-82-passes-battlepass-shim.txt;docs/session-83-passes-tier-grid-solved.txt;memory/MEMORY.md,LokiPublishedProgressionTracks;BattlepassInfoManager;OnError,- **`/storefront/battlepass/progressiontracks` is still 95% of all HTTP traffic** at ~10.5–13.5 req/s. (Auditor said 99% / 14.7 req/s; verifier re-measured 95.4% / 10.5 req/s and 96.2% / 13.5 req/s.) 
0x57CA670,.text,SeasonalPassViewModel,,,,ENTRY-OK,NO-NAME-EVIDENCE,0x57CA670,+0x0,pdata-EXACT,71,0,,,"bare,labeled",4,docs/session-83-passes-tier-grid-solved.txt;memory/MEMORY.md;memory/supervive-passes-battlepass-status.md;tools/sigbypass-mod/battlepass_adopt_fix.cpp,BattlepassInfoManager,It is NOT the same lever as progress (3/3 verifiers): the VM builder's true entry is 0x57CA670
0x57CAB50,.text,,UBattlepassViewManager::<binds OnUpdatedCurrentPublishedProgressionTracks>,UBattlepassViewManager,CLASS-ONLY,INTERIOR,NO-RECORDED-NAME,0x57CA70D,+0x443,pdata-EXACT,2715,7,&UBattlepassViewManager::OnUpdatedCurrentPublishedProgressionTracks | &UBattlepassViewManager::BroadcastOnClaimableRewardsUpdated | Recieved track info that doesn't exist in published tracks: %s | OnUpdatedCurrentPublishedProgressionTracks has no Manifest | Could not get player account pass | account pass is set,"all 2 qualified refs are &delegate literals -- class certain, method NOT the enclosing fn",bare,4,docs/session-83-passes-tier-grid-solved.txt;memory/supervive-passes-battlepass-status.md;tools/sigbypass-mod/battlepass_adopt_fix.cpp,,"(0x57CAB50 in earlier notes is MID-INSTRUCTION — +57CAB4E is a 7-byte mov rdx,[r13+0x1e0]), and it"
0x57CADC1,.text,,UBattlepassViewManager::<binds OnUpdatedCurrentPublishedProgressionTracks>,UBattlepassViewManager,CLASS-ONLY,INTERIOR,NO-RECORDED-NAME,0x57CA70D,+0x6B4,pdata-EXACT,2715,7,&UBattlepassViewManager::OnUpdatedCurrentPublishedProgressionTracks | &UBattlepassViewManager::BroadcastOnClaimableRewardsUpdated | Recieved track info that doesn't exist in published tracks: %s | OnUpdatedCurrentPublishedProgressionTracks has no Manifest | Could not get player account pass | account pass is set,"all 2 qualified refs are &delegate literals -- class certain, method NOT the enclosing fn",bare,1,tools/sigbypass-mod/battlepass_adopt_fix.cpp,,// (+57CADA0 je 0x57CADC1 fires before the hard compare at +57CADB7).
0x57CDFF0,.text,OnUpdated,,,,ENTRY-OK,NO-NAME-EVIDENCE,0x57CDFF0,+0x0,pdata-EXACT,426,0,,,bare,4,docs/session-82-passes-battlepass-shim.txt;memory/supervive-passes-battlepass-status.md,ViewManager;OnUpdatedCurrentPublishedProgressionTracks;HuntersJourney,0x57CDFF0  ViewManager OnUpdatedCurrentPublishedProgressionTracks impl (thunk 0x5256190)
0x57CFD90,.text,OnError,,,,ENTRY-OK,NO-RECORDED-NAME,0x57CFD90,+0x0,pdata-EXACT,55,0,,,bare,3,docs/session-82-passes-battlepass-shim.txt;memory/supervive-passes-battlepass-status.md,OnSuccess,- Response body 0x57CFD90 fetches the endpoint; binds OnSuccess=0x57C8130 / OnError=0x57C7BD0.
0x57D0630,.text,RefreshTracks,,,,ENTRY-OK,NO-NAME-EVIDENCE,0x57D0630,+0x0,pdata-EXACT,436,0,,,"bare,labeled",3,docs/session-83-passes-tier-grid-solved.txt;memory/supervive-passes-battlepass-status.md,BattlepassProgressManager::RefreshTracks;BPCallable,"Also DEAD: force-calling RefreshTracks 0x57D0630 (fully disassembled, 3/3: no store to"
0x57D84F0,.text,LokiOperation,,,,ENTRY-OK,NO-NAME-EVIDENCE,0x57D84F0,+0x0,pdata-EXACT,69,0,,,bare,4,docs/session-82-passes-battlepass-shim.txt;memory/supervive-passes-battlepass-status.md,FMulticastDelegate;OnError,"tail: if BPIM+0x50 < BPIM+0x58 (target, hardcoded =1 at factory 0x57BBFCE) -> re-arm (0x57D84F0)."
0x57DF4B0,.text,TArray,Match (%s) Progress Notif: %s,,LOW,ENTRY-OK,NO-RECORDED-NAME,0x57DF4B0,+0x0,pdata-EXACT,1869,1,Match (%s) Progress Notif: %s,"best string, score 56","bare,labeled",23,docs/coverage-audit-s101.md;docs/session-82-continue-prompt.txt;docs/session-82-passes-battlepass-shim.txt;docs/session-83-84-summary.md;docs/session-83-passes-tier-grid-solved.txt;memory/MEMORY.md,BattlepassViewModel;PrimaryAssetId;ProgressionTrackAsset,"| ""`Levels` is `TArray<PrimaryAssetId>`"" | Wrong — `TArray<UObject*>`. Never force-call the populate `0x57DF4B0` (it constructs objects — the S82 crash). |"
0x57E2000,.text,CurrentPublishedProgressionTracks,,,,INTERIOR,NO-NAME-EVIDENCE,0x57E1EE0,+0x120,pdata-EXACT,394,0,,,bare,1,memory/supervive-passes-battlepass-status.md,,"battlepass cluster 0x57C0000-0x57E2000). Diagnostic string ""CurrentPublishedProgressionTracks has no"
0x58061A0,.text,FStrings,,,,ENTRY-OK,NO-NAME-EVIDENCE,0x58061A0,+0x0,pdata-EXACT,294,0,,,bare,4,docs/session-83-passes-tier-grid-solved.txt;memory/supervive-passes-battlepass-status.md,TArrays,"PM+0x90 from src via `0x58061A0` (which writes `track+0xEC` at `+5806363`), sets `byte[PM+0x208]=1`"
0x5838DDD,.text,,,,,INTERIOR,NO-RECORDED-NAME,0x5838DD0,+0xD,pdata-EXACT,52,0,,,bare,2,docs/session-83-passes-tier-grid-solved.txt;memory/supervive-passes-battlepass-status.md,,Instead trace which of `0x5838DDD` / `0x583CC24` / `0x5854B6C` / `0x585C48C` is fed by the HTTP
0x583CC24,.text,,,,,INTERIOR,NO-RECORDED-NAME,0x583CC00,+0x24,pdata-EXACT,90,0,,,bare,2,docs/session-83-passes-tier-grid-solved.txt;memory/supervive-passes-battlepass-status.md,,Instead trace which of `0x5838DDD` / `0x583CC24` / `0x5854B6C` / `0x585C48C` is fed by the HTTP
0x5840700,.text,GetAccountTrack,,,,ENTRY-OK,NO-NAME-EVIDENCE,0x5840700,+0x0,pdata-EXACT,45,0,,,"bare,labeled",6,docs/session-83-passes-tier-grid-solved.txt;memory/supervive-passes-battlepass-status.md;tools/re/battlepass_pm_probe.py,ProgressionManager;RVAs;CheckAccountPassChanges,"call 0x5840700  ; GetAccountTrack -> byte[PM+0x208]     test al,al / je bail   <-- GATE A"
0x584072D,.text,TArray,,,,INTERIOR,NO-RECORDED-NAME,0x5840700,+0x2D,HIGH-heuristic,48,0,,,bare,1,memory/supervive-passes-battlepass-status.md,FString,"NB: the ""-ranked"" FString exclusion (iterator 0x584072D over PM+0x5C8 TArray/count+0x5D0) is a SEPARATE"
0x5840730,.text,HeroAssetId,,,,ENTRY-OK,NO-NAME-EVIDENCE,0x5840730,+0x0,pdata-EXACT,57,0,,,"bare,labeled",7,docs/session-49-click-center-offline-model.txt;docs/session-49-pickup-selected-hunter-click-routing.txt;docs/session-50-pickup-mainmenu-refresh.txt;memory/supervive-hero-roster-blocker.md,IsPreviewSelection;PartyManager;ProcessEvent,"call +0x5840730                      ; members getter -> data @[rsp+0x40], count @[rsp+0x48]"
0x58414E0,.text,,,,,ENTRY-OK,NO-RECORDED-NAME,0x58414E0,+0x0,pdata-EXACT,388,0,,,anchored,1,docs/tutorial-playability-plan.md,,config call base+0x58414E0 returns 0. (`jne` on the byte => not disabled.)
0x5842EA0,.text,FString,,,,ENTRY-OK,NO-RECORDED-NAME,0x5842EA0,+0x0,pdata-EXACT,58,0,,,bare,5,docs/session-83-passes-tier-grid-solved.txt;memory/supervive-passes-battlepass-status.md,,Mechanism found: **GATE C** — `0x5842EA0` (which fills the populate's progress out-params) opens
0x58467E0,.text,TryPickMyHeroAndCosmetics,,,,INTERIOR,NO-NAME-EVIDENCE,0x58467CF,+0x11,pdata-EXACT,85,0,,,"bare,labeled",19,docs/session-49-click-center-offline-model.txt;docs/session-49-pickup-selected-hunter-click-routing.txt;docs/session-50-pickup-mainmenu-refresh.txt;docs/session-53-customization-persistence.md;git-log;memory/supervive-customization-persistence.md,TryPick;HeroAssetId;SelectedHeroAsset,"*** THE NATIVE PICK IS LOCAL-ONLY, GATED ON A PER-MEMBER BOOL (disasm of impl +0x58467E0) ***"
0x5846808,.text,HeroAssetId,,,,INTERIOR,NO-NAME-EVIDENCE,0x58467CF,+0x39,pdata-EXACT,85,0,,,bare,3,docs/session-49-pickup-selected-hunter-click-routing.txt;memory/supervive-hero-roster-blocker.md;tools/sigbypass-mod/pick_probe.cpp,PartyManager,"r15=&HeroAssetId; +0x5846808 call +0x5840730 (members getter -> [rsp+0x40]=data,[rsp+0x48]=count);"
0x584680D,.text,,,,,INTERIOR,NO-RECORDED-NAME,0x58467CF,+0x3E,pdata-EXACT,85,0,,,"bare,labeled",7,docs/pick-probe-marker.txt;docs/session-49-click-center-offline-model.txt;memory/supervive-hero-roster-blocker.md;tools/sigbypass-mod/pick_probe.cpp,,[2] CP1 patched +0x584680D -> stub 00007FF68D490000. CLICK OWNED HEROES NOW.
0x5846812,.text,,,,,INTERIOR,NO-RECORDED-NAME,0x58467CF,+0x43,pdata-EXACT,85,0,,,"bare,labeled",4,tools/sigbypass-mod/pick_probe.cpp,,"//   +0x5846812  movsxd rax, [rsp+0x48]       ; jmp-back target"
0x58468F7,.text,,,,,ENTRY-OK,NO-RECORDED-NAME,0x58468F7,+0x0,pdata-EXACT,26,0,,,bare,1,tools/sigbypass-mod/pick_probe.cpp,,"//   ... loop members ... cmp rbx,rbp; jz +0x58468F7 (empty) ..."
0x5846BE0,.text,IsPreviewSelection,,,,ENTRY-OK,NO-NAME-EVIDENCE,0x5846BE0,+0x0,pdata-EXACT,2244,0,,,bare,7,docs/session-49-click-center-offline-model.txt;docs/session-49-pickup-selected-hunter-click-routing.txt;memory/supervive-hero-roster-blocker.md;tools/sigbypass-mod/pick_probe.cpp,PartyManager;LokiAssetManager,"serialize (+0x5846BE0). (Intra-jmp capture pattern, unpatch ~45s to dodge the .text integrity"
0x584B920,.text,CurrentTierIndex,,,,ENTRY-OK,NO-NAME-EVIDENCE,0x584B920,+0x0,MED-heuristic,16,0,,,"bare,labeled",9,docs/session-83-passes-tier-grid-solved.txt;memory/supervive-passes-battlepass-status.md;tools/re/battlepass_pm_probe.py,GetAccountTrack;RVAs;CheckAccountPassChanges,"call 0x584B920  ; tier predicate: cmp dword[track+0xEC],-1 ; setne al / je bail <-- GATE B"
0x5854B40,.text,OnSuccess,,,,ENTRY-OK,NO-NAME-EVIDENCE,0x5854B40,+0x0,pdata-EXACT,49,0,,,bare,1,docs/session-83-passes-tier-grid-solved.txt,,GET /progression/players/{id}/login/rewards/checkin (OnSuccess 0x5854B40) and
0x5854B6C,.text,,,,,INTERIOR,NO-RECORDED-NAME,0x5854B40,+0x2C,pdata-EXACT,49,0,,,bare,2,docs/session-83-passes-tier-grid-solved.txt;memory/supervive-passes-battlepass-status.md,,Instead trace which of `0x5838DDD` / `0x583CC24` / `0x5854B6C` / `0x585C48C` is fed by the HTTP
0x585A570,.text,UStruct,,,,ENTRY-OK,NO-RECORDED-NAME,0x585A570,+0x0,pdata-EXACT,45,0,,,"bare,labeled",11,CLAUDE.md;docs/coverage-audit-s101.md;docs/session-83-84-summary.md;docs/session-83-passes-tier-grid-solved.txt;git-log;memory/MEMORY.md,OnSuccess;AccountPass,"| ""The backend route for the battlepass is exhausted"" | **Falsified 3/3.** The native ingester `0x585A570` exists; progress is now served purely from the backend. |"
0x585C460,.text,,,,,ENTRY-OK,NO-RECORDED-NAME,0x585C460,+0x0,pdata-EXACT,49,0,,,bare,1,memory/supervive-passes-battlepass-status.md,,"`0x585C460` → `+585C48C jmp 0x585A570`). LIVE: `PM+0xA0` −1→ours, `PM+0x17C` (Level) 0→12,"
0x585C48C,.text,,,,,INTERIOR,NO-RECORDED-NAME,0x585C460,+0x2C,pdata-EXACT,49,0,,,bare,2,docs/session-83-passes-tier-grid-solved.txt;memory/supervive-passes-battlepass-status.md,,Instead trace which of `0x5838DDD` / `0x583CC24` / `0x5854B6C` / `0x585C48C` is fed by the HTTP
0x585E900,.text,ReconcileLoadout,,,,ENTRY-OK,NO-NAME-EVIDENCE,0x585E900,+0x0,pdata-EXACT,56,0,,,anchored,2,docs/session-85-avatar-render.md;memory/supervive-avatar-render-status.md,ULoadoutReconciler;PartyMemberModel,"- H2 ""ULoadoutReconciler eats it"" — FALSE. `ReconcileLoadout` (body `base+0x585E900`) touches"
0x586723C,.text,,No current loadout,,LOW,INTERIOR,NO-RECORDED-NAME,0x5867200,+0x3C,pdata-EXACT,452,1,No current loadout,"best string, score 40",bare,1,docs/session-53-customization-persistence.md,,0x586723C) to read the exact expected shape. Diagnostics to grep after relaunch:
0x587A980,.text,UPartyManager::TryStartSoloMode,,,,ENTRY-OK,NO-NAME-EVIDENCE,0x587A980,+0x0,pdata-EXACT,246,0,,,"bare,labeled",6,docs/next-session-prompt-s62.md;docs/session-61-tutorial-match-setup.txt;memory/supervive-tutorial-launch-status.md,TryStartSoloMode;PartyModel;PartyManager,- `UPartyManager::TryStartSoloMode` impl @ `0x7FF6BAD6A980` (rva `0x587A980`); exec thunk rva `0x54B5F70`.
0x587A9BB,.text,UPartyModel,,,,INTERIOR,NO-NAME-EVIDENCE,0x587A980,+0x3B,pdata-EXACT,246,0,,,bare,2,docs/session-61-tutorial-match-setup.txt;memory/supervive-tutorial-launch-status.md,PartyModel,"GATE 1 @0x587A9BB: `mov rdx,[this+0xF8]; cmp byte[rdx+0x550],0; jz bail`. [this+0xF8]=UPartyModel;"
0x587A9D3,.text,PartyModel,,,,INTERIOR,NO-NAME-EVIDENCE,0x587A980,+0x53,pdata-EXACT,246,0,,,bare,3,docs/next-session-prompt-s62.md;docs/session-61-tutorial-match-setup.txt;memory/supervive-tutorial-launch-status.md,FString;TryStartSoloMode,- `TryStartSoloMode` impl `0x7FF6BAD6A980` (rva `0x587A980`); gate 2 @ `0x587A9D3..`; PROCEED @ `0x587AA69`;
0x587AA0B,.text,,,,,INTERIOR,NO-RECORDED-NAME,0x587A980,+0x8B,pdata-EXACT,246,0,,,labeled,1,docs/session-61-tutorial-match-setup.txt,,"Fastest way to unblock next time: transient-patch the GATE-2 bail branch (at 0x587AA0B / 0x587AA3A, or force the"
0x587AA3A,.text,PartyModel,,,,INTERIOR,NO-NAME-EVIDENCE,0x587A980,+0xBA,pdata-EXACT,246,0,,,bare,2,docs/session-61-tutorial-match-setup.txt,FString,"GATE 2 @0x587A9D3..0x587AA3A: `call 0x7FF6BACF5F10(rcx=&local, rdx=PartyModel+0x558)` copies an FString/array"
0x587AA3C,.text,ClientConfigManager,,,,INTERIOR,NO-NAME-EVIDENCE,0x587A980,+0xBC,pdata-EXACT,246,0,,,bare,2,docs/session-61-tutorial-match-setup.txt;memory/supervive-tutorial-launch-status.md,,"GATE 3 @0x587AA3C: `mov rcx,[this+0x148](ClientConfigManager); call 0x7FF6BACAB7D0; test al; jnz PROCEED`."
0x587AA4C,.text,,,,,INTERIOR,NO-RECORDED-NAME,0x587A980,+0xCC,pdata-EXACT,246,0,,,bare,1,docs/session-61-tutorial-match-setup.txt,,"ecx,1; jle gate3`. Routes to GATE 3 or to the bail (0x587AA4C). *** This is the LIKELY BAIL *** — a"
0x587AA62,.text,PartyModel,,,,INTERIOR,NO-NAME-EVIDENCE,0x587A980,+0xE2,pdata-EXACT,246,0,,,"bare,labeled",3,docs/next-session-prompt-s62.md;docs/session-61-tutorial-match-setup.txt;memory/supervive-tutorial-launch-status.md,,"bail (`xor al,al`) @ `0x587AA62`. Gate-2 accepted strings: `""default""`, `""Matchmaking""`."
0x587AA69,.text,TryStartSoloMode,,,,INTERIOR,NO-NAME-EVIDENCE,0x587A980,+0xE9,pdata-EXACT,246,0,,,bare,8,docs/next-session-prompt-s62.md;docs/session-61-tutorial-match-setup.txt;memory/supervive-tutorial-launch-status.md,SkipVersionCheck,"(`0x7FF6BAD6A980`, from `0x587AA69`) to find the request URL build + the response-parse struct."
0x587BE90,.text,UPartyModel::SetParty,,,,ENTRY-OK,NO-NAME-EVIDENCE,0x587BE90,+0x0,pdata-EXACT,129,0,,,anchored,4,CLAUDE.md;docs/session-85-avatar-render.md;git-log;memory/supervive-avatar-render-status.md,,### Root cause — `UPartyModel::SetParty` (base+0x587BE90)
0x587BEFF,.text,FParty,,,,INTERIOR,NO-NAME-EVIDENCE,0x587BE90,+0x6F,pdata-EXACT,129,0,,,bare,1,docs/session-85-avatar-render.md,,"+0x587BEFF  mov rax,[r14+0x10]        ; incoming FParty.Version (int64)"
0x587BF03,.text,PartyModel,,,,INTERIOR,NO-NAME-EVIDENCE,0x587BE90,+0x73,pdata-EXACT,129,0,,,bare,1,docs/session-85-avatar-render.md,,"+0x587BF03  cmp [r12+0x568],rax       ; cached PartyModel.Party.Version"
0x587BF0B,.text,,,,,INTERIOR,NO-RECORDED-NAME,0x587BE90,+0x7B,pdata-EXACT,129,0,,,bare,1,docs/session-85-avatar-render.md,,"+0x587BF0B  jge <epilogue>            ; cached >= incoming -> BAIL, apply nothing"
0x587C637,.text,OnPersonalizationLoadoutChanged,UPartyModel::<binds OnMemberXPBoostUpdated>,UPartyModel,CLASS-ONLY,INTERIOR,CLASS-ONLY-EVIDENCE,0x587BF30,+0x707,pdata-EXACT,2384,2,&UPartyModel::OnMemberXPBoostUpdated | NewObject with empty name can't be used to create default subobjects (,"all 1 qualified refs are &delegate literals -- class certain, method NOT the enclosing fn",bare,2,docs/session-85-avatar-render.md;memory/supervive-avatar-render-status.md,ULoadoutReconciler,`+0x587C637..+0x587C699` re-assigns it and broadcasts `OnPersonalizationLoadoutChanged`.
0x587C676,.text,,UPartyModel::<binds OnMemberXPBoostUpdated>,UPartyModel,CLASS-ONLY,INTERIOR,NO-RECORDED-NAME,0x587BF30,+0x746,pdata-EXACT,2384,2,&UPartyModel::OnMemberXPBoostUpdated | NewObject with empty name can't be used to create default subobjects (,"all 1 qualified refs are &delegate literals -- class certain, method NOT the enclosing fn",bare,2,docs/session-85-avatar-render.md;memory/supervive-avatar-render-status.md,,"Second gate, for the record (member loadout, `+0x587C676`): incoming `Loadout.Version` must"
0x587C699,.text,OnPersonalizationLoadoutChanged,UPartyModel::<binds OnMemberXPBoostUpdated>,UPartyModel,CLASS-ONLY,INTERIOR,CLASS-ONLY-EVIDENCE,0x587BF30,+0x769,pdata-EXACT,2384,2,&UPartyModel::OnMemberXPBoostUpdated | NewObject with empty name can't be used to create default subobjects (,"all 1 qualified refs are &delegate literals -- class certain, method NOT the enclosing fn","anchored,bare,labeled",6,CLAUDE.md;docs/session-85-avatar-render.md;memory/supervive-avatar-render-status.md,,`OnPersonalizationLoadoutChanged` (broadcast at `+0x587C699`) and what those two instances
0x58CE1B0,.text,CanTestSkill,,,,UNVERIFIABLE,n/a,,,,,0,,page 0x58CE000 is all-zero in this dump (never decrypted),"anchored,bare,labeled",4,docs/tutorial-playability-plan.md;tools/sigbypass-mod/tutorial_launch.cpp,RawCall1,The REAL implementation is **base+0x58CE1B0**. Its gate chain (every failure jumps to 0x58CE2DA = return false):
0x58CE25C,.text,,,,,UNVERIFIABLE,n/a,,,,,0,,page 0x58CE000 is all-zero in this dump (never decrypted),bare,1,docs/tutorial-playability-plan.md,,"cmp byte[skill+0x390],0 ; je -> 0x58CE25C  (else: 0x338C990 -> 0x56F0290 -> rdi; NULL=>FAIL;"
0x58CE2B7,.text,,,,,UNVERIFIABLE,n/a,,,,,0,,page 0x58CE000 is all-zero in this dump (never decrypted),bare,1,docs/tutorial-playability-plan.md,,"cmp byte[skill+0x391],0 ; je -> 0x58CE2B7  (else: 0x338C990 -> 0x56F0290 -> rsi; NULL=>FAIL;"
0x58CE2C3,.text,,,,,UNVERIFIABLE,n/a,,,,,0,,page 0x58CE000 is all-zero in this dump (never decrypted),bare,1,docs/tutorial-playability-plan.md,,"+0x58CE2C3  mov rcx, rbx            ; skill"
0x58CE2D5,.text,,,,,UNVERIFIABLE,n/a,,,,,0,,page 0x58CE000 is all-zero in this dump (never decrypted),bare,1,docs/tutorial-playability-plan.md,,+0x58CE2D5  jmp base+0x5487B00      ; <-- the tail-call IS the return value
0x58CE2DA,.text,CanTestSkill,,,,UNVERIFIABLE,n/a,,,,,0,,page 0x58CE000 is all-zero in this dump (never decrypted),bare,2,docs/tutorial-playability-plan.md,,The REAL implementation is **base+0x58CE1B0**. Its gate chain (every failure jumps to 0x58CE2DA = return false):
0x58E3D10,.text,IsDisabledForConfig,,,,UNVERIFIABLE,n/a,,,,,0,,page 0x58E3000 is all-zero in this dump (never decrypted),"anchored,bare",8,docs/tutorial-playability-plan.md;tools/sigbypass-mod/tutorial_launch.cpp,RawCall1,"call base+0x58E3D10  (rcx=skill)   -> if al!=0: FAIL         ; the ""disabled"" check"
0x5999454,.text,,,,,INTERIOR,NO-RECORDED-NAME,0x5998B20,+0x934,pdata-EXACT,2498,0,,,bare,1,memory/supervive-milestone3-trackb-status.md,,"[rip+0x5999454]`), inside the UE_LOG macro expansion."
0x5C6000B,.text,FVector,,,,INTERIOR,NO-NAME-EVIDENCE,0x5C60000,+0xB,pdata-EXACT,149,0,,,bare,3,docs/session-28-injection-trial.txt;git-log;memory/supervive-hero-roster-blocker.md,IsError;FString,First 32 bits of RPC payload = 0x05C6000B = 96862219 (int32) or 1.86e-35 (float32 denormal)
0x5FF1376,.text,,,,,UNVERIFIABLE,n/a,,,,,0,,page 0x5FF1000 is all-zero in this dump (never decrypted),bare,1,docs/probe-r14-marker.txt,,[patch] callsite patched -> logstub=00007FF68E0A0000 (newrel=0x5FF1376)
0x635D44C,.text,InPlayer,,,,UNVERIFIABLE,n/a,,,,,0,,page 0x635D000 is all-zero in this dump (never decrypted),bare,1,docs/session-79-moonshot-plan.md,,"mov [rip+0x635d44c],rdi     ; stash InPlayer in a GLOBAL"
0x7649000,.text,MatchState,,,,UNVERIFIABLE,n/a,,,,,0,,page 0x7649000 is all-zero in this dump (never decrypted),bare,10,docs/next-session-prompt-s63.md;docs/next-session-prompt-s64.md;docs/next-session-prompt-s65.md;docs/next-session-prompt-s66.md;docs/next-session-prompt-s67.md;docs/session-63-playerstate-fix.txt,MatchInfo;FField;Default__PlayerController,"- .text range for the vtable-end guard: rva 0x1000 .. 0x7649000 (above that = .rdata/data, NOT code)."
0x7649F39,.text,SizeOfFunctionEntry,,,,UNVERIFIABLE,n/a,,,,,0,,page 0x7649000 is all-zero in this dump (never decrypted),bare,1,docs/ignorance-map-s101.md,NumberOfDescriptors;FunctionTableStream,"| B5 | **Minidump stream 13 = the entire missing `.pdata`** — `SizeOfDescriptor=32, SizeOfFunctionEntry=12, NumberOfDescriptors=7`; descriptor 1 based at the exe module base with **524,439 RUNTIME_FUN"
0x79E0C78,.rdata,,,,,NOT-CODE,n/a,,,,,0,,"address is in .rdata, not .text",anchored,2,git-log;memory/supervive-milestone3-trackb-status.md,,- Singleton scan (qword == base+0x79E0C78) finds consistent results across
0x7ADB368,.rdata,,,,,NOT-CODE,n/a,,,,,0,,"address is in .rdata, not .text",anchored,2,docs/session-39-menu-crash.txt;docs/session-40-minidump-correction.txt,,Failed write target 0x00007ff68a55b368 = base + 0x7ADB368 — an address
0x8117130,.rdata,LocalPlayer,,,,NOT-CODE,n/a,,,,,0,,"address is in .rdata, not .text",anchored,4,docs/session-79-moonshot-plan.md;git-log,UObject,- **LocalPlayer vtable = base+0x8117130** (live LocalPlayer **0x28541940E00**). Discarding slots shared with a plain
0x865C950,.rdata,UObject,,,,NOT-CODE,n/a,,,,,0,,"address is in .rdata, not .text",anchored,1,docs/session-79-moonshot-plan.md,,"in `[0,0x100)`: `obj+0x00` -> vtable base+0x865C950 (primary/UObject; slot19 = the generic base+0xB9E1F0) and"
0x865CC30,.rdata,,,,,NOT-CODE,n/a,,,,,0,,"address is in .rdata, not .text",anchored,2,docs/session-79-moonshot-plan.md;git-log,,"**`obj+0x38` -> vtable base+0x865CC30, slot19 = `base+0x4BDC3C0` (UNIQUE)**. Consistent with the exec thunk calling"
0x8831758,.rdata,CatalogManager,,,,NOT-CODE,n/a,,,,,0,,"address is in .rdata, not .text",anchored,6,docs/session-45-crash-capture-tooling-and-gate.txt;docs/session-47-tile-widget-FOUND.txt;docs/session-51-readygate-storefront-flag.txt;tools/sigbypass-mod/catalog_purchasable_fix.cpp;tools/sigbypass-mod/catalog_ready_fix.cpp;tools/sigbypass-mod/catalog_store_fix.cpp,CatMgr,Locate CatalogManager: findptr its vtable (base+0x8831758); r14 = Singleton(+0x565E1C0)->
0x888CB78,.rdata,LokiAssetManager,,,,NOT-CODE,n/a,,,,,0,,"address is in .rdata, not .text",anchored,4,docs/hero-roster-attempts.md;docs/lokiassetmanager-vtable-dump.md;docs/next-session-prompt-s43.md;memory/supervive-milestone3-trackb-status.md,UClass,regions in-process for an object whose `[+0]` == `base+0x888CB78` (LokiAssetManager
0x89A6DA0,.rdata,,,,,NOT-CODE,n/a,,,,,0,,"address is in .rdata, not .text",anchored,2,docs/session-79-moonshot-plan.md;git-log,,native PC's vtable (`PC 0x285752F50B0` -> vtable **base+0x8A1AEE0**; hero/Actor vtable base+0x89A6DA0 used to discard
0x8A1AEE0,.rdata,SetPlayer,,,,NOT-CODE,n/a,,,,,0,,"address is in .rdata, not .text",anchored,4,docs/session-79-moonshot-plan.md;git-log,InPlayer,native PC's vtable (`PC 0x285752F50B0` -> vtable **base+0x8A1AEE0**; hero/Actor vtable base+0x89A6DA0 used to discard
0x9ADD3A0,.data,ProxyCreationWhenPSOReady,,,,NOT-CODE,n/a,,,,,0,,"address is in .data, not .text",anchored,3,docs/session-95-visible-hero-brainstorm.md,PSOPrecache;GPSOPrecacheProxyCreationWhenPSOReady;GetPSOPrecacheProxyCreationStrategy,"Six angles produced one genuinely new, independently-verifiable finding and one genuinely new methodological finding, and almost everything else is either a re-tread or rests on a control that turned "
0x9D49158,.data,GGameThreadId,,,,NOT-CODE,n/a,,,,,0,,"address is in .data, not .text",anchored,18,docs/next-session-prompt-s55.md;docs/next-session-prompt-s56.md;docs/next-session-prompt-s59.md;docs/next-session-prompt-skins-render.md;docs/next-session-prompt-skins.md;docs/session-50-mainmenu-refresh-findings.txt,FNamePool;GUObjectArray;GetCurrentThreadId,(`GGameThreadId` @ base+0x9D49158) and OUTSIDE script execution.
0x9D81450,.data,FNamePool,,,,NOT-CODE,n/a,,,,,0,,"address is in .data, not .text",anchored,24,docs/next-session-prompt-s55.md;docs/next-session-prompt-s56.md;docs/next-session-prompt-s59.md;docs/next-session-prompt-skins-render.md;docs/next-session-prompt-skins.md;docs/session-46-bp-hero-list-filter-FOUND.txt,GGameThreadId;GUObjectArray;UField,"`NAMEPOOL=base+0x9D81450`, `OBJOBJECTS=base+0x9E38930`, `GGameThreadId=base+0x9D49158`,"
0x9E38930,.data,GUObjectArray,,,,NOT-CODE,n/a,,,,,0,,"address is in .data, not .text",anchored,24,docs/next-session-prompt-s55.md;docs/next-session-prompt-s56.md;docs/next-session-prompt-s59.md;docs/next-session-prompt-skins-render.md;docs/next-session-prompt-skins.md;docs/session-49-click-center-offline-model.txt,FNamePool;GGameThreadId;ObjObjects,"`NAMEPOOL=base+0x9D81450`, `OBJOBJECTS=base+0x9E38930`, `GGameThreadId=base+0x9D49158`,"
0x9F87808,.data,LogStaticMesh,,,,NOT-CODE,n/a,,,,,0,,"address is in .data, not .text",anchored,1,docs/session-95-visible-hero-brainstorm.md,LogSkinnedMeshComp,- write `byte 6` to `base+0x9FB7A60` (`LogStaticMesh.Verbosity`) and `base+0x9F87808` (`LogSkinnedMeshComp.Verbosity`).
0x9FA9934,.data,GetPSOPrecacheProxyCreationStrategy,,,,NOT-CODE,n/a,,,,,0,,"address is in .data, not .text",anchored,2,docs/session-95-visible-hero-brainstorm.md,CreateSceneProxy,"Six angles produced one genuinely new, independently-verifiable finding and one genuinely new methodological finding, and almost everything else is either a re-tread or rests on a control that turned "
0x9FB7A60,.data,LogStaticMesh,,,,NOT-CODE,n/a,,,,,0,,"address is in .data, not .text",anchored,2,docs/session-95-visible-hero-brainstorm.md,LogSkinnedMeshComp;IsPSOPrecaching,- write `byte 6` to `base+0x9FB7A60` (`LogStaticMesh.Verbosity`) and `base+0x9F87808` (`LogSkinnedMeshComp.Verbosity`).
0xA028B60,.data,LokiPlayerState::StaticClass,,,,NOT-CODE,n/a,,,,,0,,"address is in .data, not .text",anchored,1,docs/tutorial-playability-plan.md,UClass,"null => FAIL; type-checks it against `LokiPlayerState::StaticClass()` (cached UClass* at base+0xA028B60, FName"
0xA9E1000,?,RVAs,,,,NOT-CODE,n/a,,,,,0,,"address is in ?, not .text",anchored,5,memory/supervive-milestone3-trackb-status.md;tools/re/disasm_live.py;tools/re/find_guobjectarray.py;tools/re/struct_probe.py;tools/re/ufunc_survey.py,,"t=int(i.op_str,16); tgt=""   -> base+0x%X""%(t-BASE) if BASE<t<BASE+0xA9E1000 else ""   -> 0x%X""%t"
0xC000000,?,,,,,NOT-CODE,n/a,,,,,0,,"address is in ?, not .text",anchored,1,tools/re/patch_ispreviewable.py,,inrange = BASE < curv < BASE+0xC000000
